[ T - T r a c k ]
    title = [t-track] in xyz mesh
     mesh =  xyz            # mesh type is xyz scoring mesh
   x-type =    2            # x-mesh is linear given by xmin, xmax and nx
     xmin =  -200.0000      # minimum value of x-mesh points
     xmax =   200.0000      # maximum value of x-mesh points
#    xdel =   400.0000      # mesh width of x-mesh points
       nx =    1            # number of x-mesh points
#    data = ( x(i), i = 1, nx + 1 )
#          -2.00000E+02  2.00000E+02
   y-type =    2            # y-mesh is linear given by ymin, ymax and ny
     ymin =  -100.0000      # minimum value of y-mesh points
     ymax =   100.0000      # maximum value of y-mesh points
#    ydel =   1.000000      # mesh width of y-mesh points
       ny =  200            # number of y-mesh points
#    data = ( y(i), i = 1, ny + 1 )
#          -1.00000E+02 -9.90000E+01 -9.80000E+01 -9.70000E+01 -9.60000E+01
#          -9.50000E+01 -9.40000E+01 -9.30000E+01 -9.20000E+01 -9.10000E+01
#          -9.00000E+01 -8.90000E+01 -8.80000E+01 -8.70000E+01 -8.60000E+01
#          -8.50000E+01 -8.40000E+01 -8.30000E+01 -8.20000E+01 -8.10000E+01
#          -8.00000E+01 -7.90000E+01 -7.80000E+01 -7.70000E+01 -7.60000E+01
#          -7.50000E+01 -7.40000E+01 -7.30000E+01 -7.20000E+01 -7.10000E+01
#          -7.00000E+01 -6.90000E+01 -6.80000E+01 -6.70000E+01 -6.60000E+01
#          -6.50000E+01 -6.40000E+01 -6.30000E+01 -6.20000E+01 -6.10000E+01
#          -6.00000E+01 -5.90000E+01 -5.80000E+01 -5.70000E+01 -5.60000E+01
#          -5.50000E+01 -5.40000E+01 -5.30000E+01 -5.20000E+01 -5.10000E+01
#          -5.00000E+01 -4.90000E+01 -4.80000E+01 -4.70000E+01 -4.60000E+01
#          -4.50000E+01 -4.40000E+01 -4.30000E+01 -4.20000E+01 -4.10000E+01
#          -4.00000E+01 -3.90000E+01 -3.80000E+01 -3.70000E+01 -3.60000E+01
#          -3.50000E+01 -3.40000E+01 -3.30000E+01 -3.20000E+01 -3.10000E+01
#          -3.00000E+01 -2.90000E+01 -2.80000E+01 -2.70000E+01 -2.60000E+01
#          -2.50000E+01 -2.40000E+01 -2.30000E+01 -2.20000E+01 -2.10000E+01
#          -2.00000E+01 -1.90000E+01 -1.80000E+01 -1.70000E+01 -1.60000E+01
#          -1.50000E+01 -1.40000E+01 -1.30000E+01 -1.20000E+01 -1.10000E+01
#          -1.00000E+01 -9.00000E+00 -8.00000E+00 -7.00000E+00 -6.00000E+00
#          -5.00000E+00 -4.00000E+00 -3.00000E+00 -2.00000E+00 -1.00000E+00
#           0.00000E+00  1.00000E+00  2.00000E+00  3.00000E+00  4.00000E+00
#           5.00000E+00  6.00000E+00  7.00000E+00  8.00000E+00  9.00000E+00
#           1.00000E+01  1.10000E+01  1.20000E+01  1.30000E+01  1.40000E+01
#           1.50000E+01  1.60000E+01  1.70000E+01  1.80000E+01  1.90000E+01
#           2.00000E+01  2.10000E+01  2.20000E+01  2.30000E+01  2.40000E+01
#           2.50000E+01  2.60000E+01  2.70000E+01  2.80000E+01  2.90000E+01
#           3.00000E+01  3.10000E+01  3.20000E+01  3.30000E+01  3.40000E+01
#           3.50000E+01  3.60000E+01  3.70000E+01  3.80000E+01  3.90000E+01
#           4.00000E+01  4.10000E+01  4.20000E+01  4.30000E+01  4.40000E+01
#           4.50000E+01  4.60000E+01  4.70000E+01  4.80000E+01  4.90000E+01
#           5.00000E+01  5.10000E+01  5.20000E+01  5.30000E+01  5.40000E+01
#           5.50000E+01  5.60000E+01  5.70000E+01  5.80000E+01  5.90000E+01
#           6.00000E+01  6.10000E+01  6.20000E+01  6.30000E+01  6.40000E+01
#           6.50000E+01  6.60000E+01  6.70000E+01  6.80000E+01  6.90000E+01
#           7.00000E+01  7.10000E+01  7.20000E+01  7.30000E+01  7.40000E+01
#           7.50000E+01  7.60000E+01  7.70000E+01  7.80000E+01  7.90000E+01
#           8.00000E+01  8.10000E+01  8.20000E+01  8.30000E+01  8.40000E+01
#           8.50000E+01  8.60000E+01  8.70000E+01  8.80000E+01  8.90000E+01
#           9.00000E+01  9.10000E+01  9.20000E+01  9.30000E+01  9.40000E+01
#           9.50000E+01  9.60000E+01  9.70000E+01  9.80000E+01  9.90000E+01
#           1.00000E+02
   z-type =    2            # z-mesh is linear given by zmin, zmax and nz
     zmin =   0.000000      # minimum value of z-mesh points
     zmax =   1000.000      # maximum value of z-mesh points
#    zdel =   5.000000      # mesh width of z-mesh points
       nz =  200            # number of z-mesh points
#    data = ( z(i), i = 1, nz + 1 )
#           0.00000E+00  5.00000E+00  1.00000E+01  1.50000E+01  2.00000E+01
#           2.50000E+01  3.00000E+01  3.50000E+01  4.00000E+01  4.50000E+01
#           5.00000E+01  5.50000E+01  6.00000E+01  6.50000E+01  7.00000E+01
#           7.50000E+01  8.00000E+01  8.50000E+01  9.00000E+01  9.50000E+01
#           1.00000E+02  1.05000E+02  1.10000E+02  1.15000E+02  1.20000E+02
#           1.25000E+02  1.30000E+02  1.35000E+02  1.40000E+02  1.45000E+02
#           1.50000E+02  1.55000E+02  1.60000E+02  1.65000E+02  1.70000E+02
#           1.75000E+02  1.80000E+02  1.85000E+02  1.90000E+02  1.95000E+02
#           2.00000E+02  2.05000E+02  2.10000E+02  2.15000E+02  2.20000E+02
#           2.25000E+02  2.30000E+02  2.35000E+02  2.40000E+02  2.45000E+02
#           2.50000E+02  2.55000E+02  2.60000E+02  2.65000E+02  2.70000E+02
#           2.75000E+02  2.80000E+02  2.85000E+02  2.90000E+02  2.95000E+02
#           3.00000E+02  3.05000E+02  3.10000E+02  3.15000E+02  3.20000E+02
#           3.25000E+02  3.30000E+02  3.35000E+02  3.40000E+02  3.45000E+02
#           3.50000E+02  3.55000E+02  3.60000E+02  3.65000E+02  3.70000E+02
#           3.75000E+02  3.80000E+02  3.85000E+02  3.90000E+02  3.95000E+02
#           4.00000E+02  4.05000E+02  4.10000E+02  4.15000E+02  4.20000E+02
#           4.25000E+02  4.30000E+02  4.35000E+02  4.40000E+02  4.45000E+02
#           4.50000E+02  4.55000E+02  4.60000E+02  4.65000E+02  4.70000E+02
#           4.75000E+02  4.80000E+02  4.85000E+02  4.90000E+02  4.95000E+02
#           5.00000E+02  5.05000E+02  5.10000E+02  5.15000E+02  5.20000E+02
#           5.25000E+02  5.30000E+02  5.35000E+02  5.40000E+02  5.45000E+02
#           5.50000E+02  5.55000E+02  5.60000E+02  5.65000E+02  5.70000E+02
#           5.75000E+02  5.80000E+02  5.85000E+02  5.90000E+02  5.95000E+02
#           6.00000E+02  6.05000E+02  6.10000E+02  6.15000E+02  6.20000E+02
#           6.25000E+02  6.30000E+02  6.35000E+02  6.40000E+02  6.45000E+02
#           6.50000E+02  6.55000E+02  6.60000E+02  6.65000E+02  6.70000E+02
#           6.75000E+02  6.80000E+02  6.85000E+02  6.90000E+02  6.95000E+02
#           7.00000E+02  7.05000E+02  7.10000E+02  7.15000E+02  7.20000E+02
#           7.25000E+02  7.30000E+02  7.35000E+02  7.40000E+02  7.45000E+02
#           7.50000E+02  7.55000E+02  7.60000E+02  7.65000E+02  7.70000E+02
#           7.75000E+02  7.80000E+02  7.85000E+02  7.90000E+02  7.95000E+02
#           8.00000E+02  8.05000E+02  8.10000E+02  8.15000E+02  8.20000E+02
#           8.25000E+02  8.30000E+02  8.35000E+02  8.40000E+02  8.45000E+02
#           8.50000E+02  8.55000E+02  8.60000E+02  8.65000E+02  8.70000E+02
#           8.75000E+02  8.80000E+02  8.85000E+02  8.90000E+02  8.95000E+02
#           9.00000E+02  9.05000E+02  9.10000E+02  9.15000E+02  9.20000E+02
#           9.25000E+02  9.30000E+02  9.35000E+02  9.40000E+02  9.45000E+02
#           9.50000E+02  9.55000E+02  9.60000E+02  9.65000E+02  9.70000E+02
#           9.75000E+02  9.80000E+02  9.85000E+02  9.90000E+02  9.95000E+02
#           1.00000E+03
     trcl =    1            # transform ID
   e-type =    2            # e-mesh is linear given by emin, emax and ne
     emin =   0.000000      # minimum value of e-mesh points
     emax =   100000.0      # maximum value of e-mesh points
#    edel =   100000.0      # mesh width of e-mesh points
       ne =    1            # number of e-mesh points
#    data = ( e(i), i = 1, ne + 1 )
#           0.00000E+00  1.00000E+05
     unit =    1            # unit is [1/cm^2/source]
 material =  all            # (D=all) number of specific material
  2D-type =    3            # 1:Cont, 2:Clust, 3:Color, 4:xyz, 5:mat, 6:Clust+Cont, 7:Col+Cont
     axis =   yz            # axis of output
     file = t-yz01.dat      # file name of output for the above axis
     part =  all      
# kf/name :  0        
    gshow =    1            # 0: no 1:bnd, 2:bnd+mat, 3:bnd+reg 4:bnd+lat
    resol =    1            # (D=1) resolution of gshow or rshow
    width = 0.5000000       # (D=0.5) width of lines for gshow or rshow
   epsout =    1            # (D=0) generate eps file by ANGEL
#    used :        main (  %)        temp (  %)       total (  %)
#  memory :       80408 (  0)      120403 (  1)      200811 (  1)

#------------------------------------------------------------------------------
#newpage:
#   no. =  1   ie  =  1   ix  =  1   part. = all     
#   e = (   0.0000E+00  -   1.0000E+05  )
#   x = (  -2.0000E+02  -   2.0000E+02  )

'no. =  1,  ie =  1,  ix =  1'
msuc: {\huge [t-track] in xyz mesh}
msdl: {\it plotted by \ANGEL \version}
msdr: {\it calculated by \PHITS  2.30}

x: z [cm]
y: y [cm]
set: c1[ 0.200] c2[ 2.012] c5[ 0.800] c6[ 0.569] c7[ 0.000] c8[ 1.600]
p: form[c1] xfac[c2] afac[c5] scal[c6] xorg[c7] yorg[c8] nosp
set: c3[   1.031683E-08] c4[   1.733644E-04]
p: cmin[c3] cmax[c4]
p: dmin(1e-31)
p: zlog
p: xmin(  0.000000    ) xmax(  1000.000    )
p: ymin( -100.0000    ) ymax(  100.0000    )

#   no. =  1   ie  =  1   ix  =  1
#   e = (   0.0000E+00  -   1.0000E+05  )
#   x = (  -2.0000E+02  -   2.0000E+02  )

hc:  y =   99.50000     to  -99.50000     by   1.000000     ; x =   2.500000     to   997.5000     by   5.000000     ;
  0.000E+00  0.000E+00  0.000E+00  0.000E+00  0.000E+00  0.000E+00  0.000E+00  0.000E+00  0.000E+00  0.000E+00
  0.000E+00  0.000E+00  0.000E+00  0.000E+00  0.000E+00  0.000E+00  0.000E+00  0.000E+00  0.000E+00  0.000E+00
  0.000E+00  0.000E+00  0.000E+00  0.000E+00  0.000E+00  0.000E+00  0.000E+00  0.000E+00  0.000E+00  0.000E+00
  0.000E+00  0.000E+00  0.000E+00  0.000E+00  0.000E+00  0.000E+00  0.000E+00  0.000E+00  0.000E+00  0.000E+00
  0.000E+00  0.000E+00  0.000E+00  0.000E+00  0.000E+00  0.000E+00  0.000E+00  0.000E+00  0.000E+00  0.000E+00
  0.000E+00  0.000E+00  0.000E+00  0.000E+00  0.000E+00  0.000E+00  0.000E+00  0.000E+00  0.000E+00  0.000E+00
  0.000E+00  0.000E+00  0.000E+00  0.000E+00  0.000E+00  0.000E+00  0.000E+00  0.000E+00  0.000E+00  0.000E+00
  0.000E+00  0.000E+00  0.000E+00  0.000E+00  0.000E+00  0.000E+00  0.000E+00  0.000E+00  0.000E+00  0.000E+00
  0.000E+00  0.000E+00  0.000E+00  0.000E+00  0.000E+00  0.000E+00  0.000E+00  0.000E+00  0.000E+00  0.000E+00
  0.000E+00  0.000E+00  0.000E+00  0.000E+00  0.000E+00  0.000E+00  0.000E+00  0.000E+00  0.000E+00  0.000E+00
  0.000E+00  0.000E+00  0.000E+00  0.000E+00  0.000E+00  0.000E+00  0.000E+00  0.000E+00  0.000E+00  0.000E+00
  0.000E+00  0.000E+00  0.000E+00  0.000E+00  0.000E+00  0.000E+00  0.000E+00  0.000E+00  0.000E+00  0.000E+00
  0.000E+00  0.000E+00  0.000E+00  0.000E+00  0.000E+00  0.000E+00  0.000E+00  0.000E+00  0.000E+00  0.000E+00
  0.000E+00  0.000E+00  0.000E+00  0.000E+00  0.000E+00  0.000E+00  0.000E+00  0.000E+00  0.000E+00  0.000E+00
  0.000E+00  0.000E+00  0.000E+00  0.000E+00  0.000E+00  0.000E+00  0.000E+00  0.000E+00  0.000E+00  0.000E+00
  0.000E+00  0.000E+00  0.000E+00  0.000E+00  0.000E+00  0.000E+00  0.000E+00  0.000E+00  0.000E+00  0.000E+00
  0.000E+00  0.000E+00  0.000E+00  0.000E+00  0.000E+00  0.000E+00  0.000E+00  0.000E+00  0.000E+00  0.000E+00
  0.000E+00  0.000E+00  0.000E+00  0.000E+00  0.000E+00  0.000E+00  0.000E+00  0.000E+00  0.000E+00  0.000E+00
  0.000E+00  0.000E+00  0.000E+00  0.000E+00  0.000E+00  0.000E+00  0.000E+00  0.000E+00  0.000E+00  0.000E+00
  0.000E+00  0.000E+00  0.000E+00  0.000E+00  0.000E+00  0.000E+00  0.000E+00  0.000E+00  0.000E+00  0.000E+00
  0.000E+00  0.000E+00  0.000E+00  0.000E+00  0.000E+00  0.000E+00  0.000E+00  0.000E+00  0.000E+00  0.000E+00
  0.000E+00  0.000E+00  0.000E+00  0.000E+00  0.000E+00  0.000E+00  0.000E+00  0.000E+00  0.000E+00  0.000E+00
  0.000E+00  0.000E+00  0.000E+00  0.000E+00  0.000E+00  0.000E+00  0.000E+00  0.000E+00  0.000E+00  0.000E+00
  0.000E+00  0.000E+00  0.000E+00  0.000E+00  0.000E+00  0.000E+00  0.000E+00  0.000E+00  0.000E+00  0.000E+00
  0.000E+00  0.000E+00  0.000E+00  0.000E+00  0.000E+00  0.000E+00  0.000E+00  0.000E+00  0.000E+00  0.000E+00
  0.000E+00  0.000E+00  0.000E+00  0.000E+00  0.000E+00  0.000E+00  0.000E+00  0.000E+00  0.000E+00  0.000E+00
  0.000E+00  0.000E+00  0.000E+00  0.000E+00  0.000E+00  0.000E+00  0.000E+00  0.000E+00  0.000E+00  0.000E+00
  0.000E+00  0.000E+00  0.000E+00  0.000E+00  0.000E+00  0.000E+00  0.000E+00  0.000E+00  0.000E+00  0.000E+00
  0.000E+00  0.000E+00  0.000E+00  0.000E+00  0.000E+00  0.000E+00  0.000E+00  0.000E+00  0.000E+00  0.000E+00
  0.000E+00  0.000E+00  0.000E+00  0.000E+00  0.000E+00  0.000E+00  0.000E+00  0.000E+00  0.000E+00  0.000E+00
  0.000E+00  0.000E+00  0.000E+00  0.000E+00  0.000E+00  0.000E+00  0.000E+00  0.000E+00  0.000E+00  0.000E+00
  0.000E+00  0.000E+00  0.000E+00  0.000E+00  0.000E+00  0.000E+00  0.000E+00  0.000E+00  0.000E+00  0.000E+00
  0.000E+00  0.000E+00  0.000E+00  0.000E+00  0.000E+00  0.000E+00  0.000E+00  0.000E+00  0.000E+00  0.000E+00
  0.000E+00  0.000E+00  0.000E+00  0.000E+00  0.000E+00  0.000E+00  0.000E+00  0.000E+00  0.000E+00  0.000E+00
  0.000E+00  0.000E+00  0.000E+00  0.000E+00  0.000E+00  0.000E+00  0.000E+00  0.000E+00  0.000E+00  0.000E+00
  0.000E+00  0.000E+00  0.000E+00  0.000E+00  0.000E+00  0.000E+00  0.000E+00  0.000E+00  0.000E+00  0.000E+00
  0.000E+00  0.000E+00  0.000E+00  0.000E+00  0.000E+00  0.000E+00  0.000E+00  0.000E+00  0.000E+00  0.000E+00
  0.000E+00  0.000E+00  0.000E+00  0.000E+00  0.000E+00  0.000E+00  0.000E+00  0.000E+00  0.000E+00  0.000E+00
  0.000E+00  0.000E+00  0.000E+00  0.000E+00  0.000E+00  0.000E+00  0.000E+00  0.000E+00  0.000E+00  0.000E+00
  0.000E+00  0.000E+00  0.000E+00  0.000E+00  0.000E+00  0.000E+00  0.000E+00  0.000E+00  0.000E+00  0.000E+00
  0.000E+00  0.000E+00  0.000E+00  0.000E+00  0.000E+00  0.000E+00  0.000E+00  0.000E+00  0.000E+00  0.000E+00
  0.000E+00  0.000E+00  0.000E+00  0.000E+00  0.000E+00  0.000E+00  0.000E+00  0.000E+00  0.000E+00  0.000E+00
  0.000E+00  0.000E+00  0.000E+00  0.000E+00  0.000E+00  0.000E+00  0.000E+00  0.000E+00  0.000E+00  0.000E+00
  0.000E+00  0.000E+00  0.000E+00  0.000E+00  0.000E+00  0.000E+00  0.000E+00  0.000E+00  0.000E+00  0.000E+00
  0.000E+00  0.000E+00  0.000E+00  0.000E+00  0.000E+00  0.000E+00  0.000E+00  0.000E+00  0.000E+00  0.000E+00
  0.000E+00  0.000E+00  0.000E+00  0.000E+00  0.000E+00  0.000E+00  0.000E+00  0.000E+00  0.000E+00  0.000E+00
  0.000E+00  0.000E+00  0.000E+00  0.000E+00  0.000E+00  0.000E+00  0.000E+00  0.000E+00  0.000E+00  0.000E+00
  0.000E+00  0.000E+00  0.000E+00  0.000E+00  0.000E+00  0.000E+00  0.000E+00  0.000E+00  0.000E+00  0.000E+00
  0.000E+00  0.000E+00  0.000E+00  0.000E+00  0.000E+00  0.000E+00  0.000E+00  0.000E+00  0.000E+00  0.000E+00
  0.000E+00  0.000E+00  0.000E+00  0.000E+00  0.000E+00  0.000E+00  0.000E+00  0.000E+00  0.000E+00  0.000E+00
  0.000E+00  0.000E+00  0.000E+00  0.000E+00  0.000E+00  0.000E+00  0.000E+00  0.000E+00  0.000E+00  0.000E+00
  0.000E+00  0.000E+00  0.000E+00  0.000E+00  0.000E+00  0.000E+00  0.000E+00  0.000E+00  0.000E+00  0.000E+00
  0.000E+00  0.000E+00  0.000E+00  0.000E+00  0.000E+00  0.000E+00  0.000E+00  0.000E+00  0.000E+00  0.000E+00
  0.000E+00  0.000E+00  0.000E+00  0.000E+00  0.000E+00  0.000E+00  0.000E+00  0.000E+00  0.000E+00  0.000E+00
  0.000E+00  0.000E+00  0.000E+00  0.000E+00  0.000E+00  0.000E+00  0.000E+00  0.000E+00  0.000E+00  0.000E+00
  0.000E+00  0.000E+00  0.000E+00  0.000E+00  0.000E+00  0.000E+00  0.000E+00  0.000E+00  0.000E+00  0.000E+00
  0.000E+00  0.000E+00  0.000E+00  0.000E+00  0.000E+00  0.000E+00  0.000E+00  0.000E+00  0.000E+00  0.000E+00
  0.000E+00  0.000E+00  0.000E+00  0.000E+00  0.000E+00  0.000E+00  0.000E+00  0.000E+00  0.000E+00  0.000E+00
  0.000E+00  0.000E+00  0.000E+00  0.000E+00  0.000E+00  0.000E+00  0.000E+00  0.000E+00  0.000E+00  0.000E+00
  0.000E+00  0.000E+00  0.000E+00  0.000E+00  0.000E+00  0.000E+00  0.000E+00  0.000E+00  0.000E+00  0.000E+00
  0.000E+00  0.000E+00  0.000E+00  0.000E+00  0.000E+00  0.000E+00  0.000E+00  0.000E+00  0.000E+00  0.000E+00
  0.000E+00  0.000E+00  0.000E+00  0.000E+00  0.000E+00  0.000E+00  0.000E+00  0.000E+00  0.000E+00  0.000E+00
  0.000E+00  0.000E+00  0.000E+00  0.000E+00  0.000E+00  0.000E+00  0.000E+00  0.000E+00  0.000E+00  0.000E+00
  0.000E+00  0.000E+00  0.000E+00  0.000E+00  0.000E+00  0.000E+00  0.000E+00  0.000E+00  0.000E+00  0.000E+00
  0.000E+00  0.000E+00  0.000E+00  0.000E+00  0.000E+00  0.000E+00  0.000E+00  0.000E+00  0.000E+00  0.000E+00
  0.000E+00  0.000E+00  0.000E+00  0.000E+00  0.000E+00  0.000E+00  0.000E+00  0.000E+00  0.000E+00  0.000E+00
  0.000E+00  0.000E+00  0.000E+00  0.000E+00  0.000E+00  0.000E+00  0.000E+00  0.000E+00  0.000E+00  0.000E+00
  0.000E+00  0.000E+00  0.000E+00  0.000E+00  0.000E+00  0.000E+00  0.000E+00  0.000E+00  0.000E+00  0.000E+00
  0.000E+00  0.000E+00  0.000E+00  0.000E+00  0.000E+00  0.000E+00  0.000E+00  0.000E+00  0.000E+00  0.000E+00
  0.000E+00  0.000E+00  0.000E+00  0.000E+00  0.000E+00  0.000E+00  0.000E+00  0.000E+00  0.000E+00  0.000E+00
  0.000E+00  0.000E+00  0.000E+00  0.000E+00  0.000E+00  0.000E+00  0.000E+00  0.000E+00  0.000E+00  0.000E+00
  0.000E+00  0.000E+00  0.000E+00  0.000E+00  0.000E+00  0.000E+00  0.000E+00  0.000E+00  0.000E+00  0.000E+00
  0.000E+00  0.000E+00  0.000E+00  0.000E+00  0.000E+00  0.000E+00  0.000E+00  0.000E+00  0.000E+00  0.000E+00
  0.000E+00  0.000E+00  0.000E+00  0.000E+00  0.000E+00  0.000E+00  0.000E+00  0.000E+00  0.000E+00  0.000E+00
  0.000E+00  0.000E+00  0.000E+00  0.000E+00  0.000E+00  0.000E+00  0.000E+00  0.000E+00  0.000E+00  0.000E+00
  0.000E+00  0.000E+00  0.000E+00  0.000E+00  0.000E+00  0.000E+00  0.000E+00  0.000E+00  0.000E+00  0.000E+00
  0.000E+00  0.000E+00  0.000E+00  0.000E+00  0.000E+00  0.000E+00  0.000E+00  0.000E+00  0.000E+00  0.000E+00
  0.000E+00  0.000E+00  0.000E+00  0.000E+00  0.000E+00  0.000E+00  0.000E+00  0.000E+00  0.000E+00  0.000E+00
  0.000E+00  0.000E+00  0.000E+00  0.000E+00  0.000E+00  0.000E+00  0.000E+00  0.000E+00  0.000E+00  0.000E+00
  0.000E+00  0.000E+00  0.000E+00  0.000E+00  0.000E+00  0.000E+00  0.000E+00  0.000E+00  0.000E+00  0.000E+00
  0.000E+00  0.000E+00  0.000E+00  0.000E+00  0.000E+00  0.000E+00  0.000E+00  0.000E+00  0.000E+00  0.000E+00
  0.000E+00  0.000E+00  0.000E+00  0.000E+00  0.000E+00  0.000E+00  0.000E+00  0.000E+00  0.000E+00  0.000E+00
  0.000E+00  0.000E+00  0.000E+00  0.000E+00  0.000E+00  0.000E+00  0.000E+00  0.000E+00  0.000E+00  0.000E+00
  0.000E+00  0.000E+00  0.000E+00  0.000E+00  0.000E+00  0.000E+00  0.000E+00  0.000E+00  0.000E+00  0.000E+00
  0.000E+00  0.000E+00  0.000E+00  0.000E+00  0.000E+00  0.000E+00  0.000E+00  0.000E+00  0.000E+00  0.000E+00
  0.000E+00  0.000E+00  0.000E+00  0.000E+00  0.000E+00  0.000E+00  0.000E+00  0.000E+00  0.000E+00  0.000E+00
  0.000E+00  0.000E+00  0.000E+00  0.000E+00  0.000E+00  0.000E+00  0.000E+00  0.000E+00  0.000E+00  0.000E+00
  0.000E+00  0.000E+00  0.000E+00  0.000E+00  0.000E+00  0.000E+00  0.000E+00  0.000E+00  0.000E+00  0.000E+00
  0.000E+00  0.000E+00  0.000E+00  0.000E+00  0.000E+00  0.000E+00  0.000E+00  0.000E+00  0.000E+00  0.000E+00
  0.000E+00  0.000E+00  0.000E+00  0.000E+00  0.000E+00  0.000E+00  0.000E+00  0.000E+00  0.000E+00  0.000E+00
  0.000E+00  0.000E+00  0.000E+00  0.000E+00  0.000E+00  0.000E+00  0.000E+00  0.000E+00  0.000E+00  0.000E+00
  0.000E+00  0.000E+00  0.000E+00  0.000E+00  0.000E+00  0.000E+00  0.000E+00  0.000E+00  0.000E+00  0.000E+00
  0.000E+00  0.000E+00  0.000E+00  0.000E+00  0.000E+00  0.000E+00  0.000E+00  0.000E+00  0.000E+00  0.000E+00
  0.000E+00  0.000E+00  0.000E+00  0.000E+00  0.000E+00  0.000E+00  0.000E+00  0.000E+00  0.000E+00  0.000E+00
  0.000E+00  0.000E+00  0.000E+00  0.000E+00  0.000E+00  0.000E+00  0.000E+00  0.000E+00  0.000E+00  0.000E+00
  0.000E+00  0.000E+00  0.000E+00  0.000E+00  0.000E+00  0.000E+00  0.000E+00  0.000E+00  0.000E+00  0.000E+00
  0.000E+00  0.000E+00  0.000E+00  0.000E+00  0.000E+00  0.000E+00  0.000E+00  0.000E+00  0.000E+00  0.000E+00
  0.000E+00  0.000E+00  0.000E+00  0.000E+00  0.000E+00  0.000E+00  0.000E+00  0.000E+00  0.000E+00  0.000E+00
  0.000E+00  0.000E+00  0.000E+00  0.000E+00  0.000E+00  0.000E+00  0.000E+00  0.000E+00  0.000E+00  0.000E+00
  0.000E+00  0.000E+00  0.000E+00  0.000E+00  0.000E+00  0.000E+00  0.000E+00  0.000E+00  0.000E+00  0.000E+00
  0.000E+00  0.000E+00  0.000E+00  0.000E+00  0.000E+00  0.000E+00  0.000E+00  0.000E+00  0.000E+00  0.000E+00
  0.000E+00  0.000E+00  0.000E+00  0.000E+00  0.000E+00  0.000E+00  0.000E+00  0.000E+00  0.000E+00  0.000E+00
  0.000E+00  0.000E+00  0.000E+00  0.000E+00  0.000E+00  0.000E+00  0.000E+00  0.000E+00  0.000E+00  0.000E+00
  0.000E+00  0.000E+00  0.000E+00  0.000E+00  0.000E+00  0.000E+00  0.000E+00  0.000E+00  0.000E+00  0.000E+00
  0.000E+00  0.000E+00  0.000E+00  0.000E+00  0.000E+00  0.000E+00  0.000E+00  0.000E+00  0.000E+00  0.000E+00
  0.000E+00  0.000E+00  0.000E+00  0.000E+00  0.000E+00  0.000E+00  0.000E+00  0.000E+00  0.000E+00  0.000E+00
  0.000E+00  0.000E+00  0.000E+00  0.000E+00  0.000E+00  0.000E+00  0.000E+00  0.000E+00  0.000E+00  0.000E+00
  0.000E+00  0.000E+00  0.000E+00  0.000E+00  0.000E+00  0.000E+00  0.000E+00  0.000E+00  0.000E+00  0.000E+00
  0.000E+00  0.000E+00  0.000E+00  0.000E+00  0.000E+00  0.000E+00  0.000E+00  0.000E+00  0.000E+00  0.000E+00
  0.000E+00  0.000E+00  0.000E+00  0.000E+00  0.000E+00  0.000E+00  0.000E+00  0.000E+00  0.000E+00  0.000E+00
  0.000E+00  0.000E+00  0.000E+00  0.000E+00  0.000E+00  0.000E+00  0.000E+00  0.000E+00  0.000E+00  0.000E+00
  0.000E+00  0.000E+00  0.000E+00  0.000E+00  0.000E+00  0.000E+00  0.000E+00  0.000E+00  0.000E+00  0.000E+00
  0.000E+00  0.000E+00  0.000E+00  0.000E+00  0.000E+00  0.000E+00  0.000E+00  0.000E+00  0.000E+00  0.000E+00
  0.000E+00  0.000E+00  0.000E+00  0.000E+00  0.000E+00  0.000E+00  0.000E+00  0.000E+00  0.000E+00  0.000E+00
  0.000E+00  0.000E+00  0.000E+00  0.000E+00  0.000E+00  0.000E+00  0.000E+00  0.000E+00  0.000E+00  0.000E+00
  0.000E+00  0.000E+00  0.000E+00  0.000E+00  0.000E+00  0.000E+00  0.000E+00  0.000E+00  0.000E+00  0.000E+00
  0.000E+00  0.000E+00  0.000E+00  0.000E+00  0.000E+00  0.000E+00  0.000E+00  0.000E+00  0.000E+00  0.000E+00
  0.000E+00  0.000E+00  0.000E+00  0.000E+00  0.000E+00  0.000E+00  0.000E+00  0.000E+00  0.000E+00  0.000E+00
  0.000E+00  0.000E+00  0.000E+00  0.000E+00  0.000E+00  0.000E+00  0.000E+00  0.000E+00  0.000E+00  0.000E+00
  0.000E+00  0.000E+00  0.000E+00  0.000E+00  0.000E+00  0.000E+00  0.000E+00  0.000E+00  0.000E+00  0.000E+00
  0.000E+00  0.000E+00  0.000E+00  0.000E+00  0.000E+00  0.000E+00  0.000E+00  0.000E+00  0.000E+00  0.000E+00
  0.000E+00  0.000E+00  0.000E+00  0.000E+00  0.000E+00  0.000E+00  0.000E+00  0.000E+00  0.000E+00  0.000E+00
  0.000E+00  0.000E+00  0.000E+00  0.000E+00  0.000E+00  0.000E+00  0.000E+00  0.000E+00  0.000E+00  0.000E+00
  0.000E+00  0.000E+00  0.000E+00  0.000E+00  0.000E+00  0.000E+00  0.000E+00  0.000E+00  0.000E+00  0.000E+00
  0.000E+00  0.000E+00  0.000E+00  0.000E+00  0.000E+00  0.000E+00  0.000E+00  0.000E+00  0.000E+00  0.000E+00
  0.000E+00  0.000E+00  0.000E+00  0.000E+00  0.000E+00  0.000E+00  0.000E+00  0.000E+00  0.000E+00  0.000E+00
  0.000E+00  0.000E+00  0.000E+00  0.000E+00  0.000E+00  0.000E+00  0.000E+00  0.000E+00  0.000E+00  0.000E+00
  0.000E+00  0.000E+00  0.000E+00  0.000E+00  0.000E+00  0.000E+00  0.000E+00  0.000E+00  0.000E+00  0.000E+00
  0.000E+00  0.000E+00  0.000E+00  0.000E+00  0.000E+00  0.000E+00  0.000E+00  0.000E+00  0.000E+00  0.000E+00
  0.000E+00  0.000E+00  0.000E+00  0.000E+00  0.000E+00  0.000E+00  0.000E+00  0.000E+00  0.000E+00  0.000E+00
  0.000E+00  0.000E+00  0.000E+00  0.000E+00  0.000E+00  0.000E+00  0.000E+00  0.000E+00  0.000E+00  0.000E+00
  0.000E+00  0.000E+00  0.000E+00  0.000E+00  0.000E+00  0.000E+00  0.000E+00  0.000E+00  0.000E+00  0.000E+00
  0.000E+00  0.000E+00  0.000E+00  0.000E+00  0.000E+00  0.000E+00  0.000E+00  0.000E+00  0.000E+00  0.000E+00
  0.000E+00  0.000E+00  0.000E+00  0.000E+00  0.000E+00  0.000E+00  0.000E+00  0.000E+00  0.000E+00  0.000E+00
  0.000E+00  0.000E+00  0.000E+00  0.000E+00  0.000E+00  0.000E+00  0.000E+00  0.000E+00  0.000E+00  0.000E+00
  0.000E+00  0.000E+00  0.000E+00  0.000E+00  0.000E+00  0.000E+00  0.000E+00  0.000E+00  0.000E+00  0.000E+00
  0.000E+00  0.000E+00  0.000E+00  0.000E+00  0.000E+00  0.000E+00  0.000E+00  0.000E+00  0.000E+00  0.000E+00
  0.000E+00  0.000E+00  0.000E+00  0.000E+00  0.000E+00  0.000E+00  0.000E+00  0.000E+00  0.000E+00  0.000E+00
  0.000E+00  0.000E+00  0.000E+00  0.000E+00  0.000E+00  0.000E+00  0.000E+00  0.000E+00  0.000E+00  0.000E+00
  0.000E+00  0.000E+00  0.000E+00  0.000E+00  0.000E+00  0.000E+00  0.000E+00  0.000E+00  0.000E+00  0.000E+00
  0.000E+00  0.000E+00  0.000E+00  0.000E+00  0.000E+00  0.000E+00  0.000E+00  0.000E+00  0.000E+00  0.000E+00
  0.000E+00  0.000E+00  0.000E+00  0.000E+00  0.000E+00  0.000E+00  0.000E+00  0.000E+00  0.000E+00  0.000E+00
  0.000E+00  0.000E+00  0.000E+00  0.000E+00  0.000E+00  0.000E+00  0.000E+00  0.000E+00  0.000E+00  0.000E+00
  0.000E+00  0.000E+00  0.000E+00  0.000E+00  0.000E+00  0.000E+00  0.000E+00  0.000E+00  0.000E+00  0.000E+00
  0.000E+00  0.000E+00  0.000E+00  0.000E+00  0.000E+00  0.000E+00  0.000E+00  0.000E+00  0.000E+00  0.000E+00
  0.000E+00  0.000E+00  0.000E+00  0.000E+00  0.000E+00  0.000E+00  0.000E+00  0.000E+00  0.000E+00  0.000E+00
  0.000E+00  0.000E+00  0.000E+00  0.000E+00  0.000E+00  0.000E+00  0.000E+00  0.000E+00  0.000E+00  0.000E+00
  0.000E+00  0.000E+00  0.000E+00  0.000E+00  0.000E+00  0.000E+00  0.000E+00  0.000E+00  0.000E+00  0.000E+00
  0.000E+00  0.000E+00  0.000E+00  0.000E+00  0.000E+00  0.000E+00  0.000E+00  0.000E+00  0.000E+00  0.000E+00
  0.000E+00  0.000E+00  0.000E+00  0.000E+00  0.000E+00  0.000E+00  0.000E+00  0.000E+00  0.000E+00  0.000E+00
  0.000E+00  0.000E+00  0.000E+00  0.000E+00  0.000E+00  0.000E+00  0.000E+00  0.000E+00  0.000E+00  0.000E+00
  0.000E+00  0.000E+00  0.000E+00  0.000E+00  0.000E+00  0.000E+00  0.000E+00  0.000E+00  0.000E+00  0.000E+00
  0.000E+00  0.000E+00  0.000E+00  0.000E+00  0.000E+00  0.000E+00  0.000E+00  0.000E+00  0.000E+00  0.000E+00
  0.000E+00  0.000E+00  0.000E+00  0.000E+00  0.000E+00  0.000E+00  0.000E+00  0.000E+00  0.000E+00  0.000E+00
  0.000E+00  0.000E+00  0.000E+00  0.000E+00  0.000E+00  0.000E+00  0.000E+00  0.000E+00  0.000E+00  0.000E+00
  0.000E+00  0.000E+00  0.000E+00  0.000E+00  0.000E+00  0.000E+00  0.000E+00  0.000E+00  0.000E+00  0.000E+00
  0.000E+00  0.000E+00  0.000E+00  0.000E+00  0.000E+00  0.000E+00  0.000E+00  0.000E+00  0.000E+00  0.000E+00
  0.000E+00  0.000E+00  0.000E+00  0.000E+00  0.000E+00  0.000E+00  0.000E+00  0.000E+00  0.000E+00  0.000E+00
  0.000E+00  0.000E+00  0.000E+00  0.000E+00  0.000E+00  0.000E+00  0.000E+00  0.000E+00  0.000E+00  0.000E+00
  0.000E+00  0.000E+00  0.000E+00  0.000E+00  0.000E+00  0.000E+00  0.000E+00  0.000E+00  0.000E+00  0.000E+00
  0.000E+00  0.000E+00  0.000E+00  0.000E+00  0.000E+00  0.000E+00  0.000E+00  0.000E+00  0.000E+00  0.000E+00
  0.000E+00  0.000E+00  0.000E+00  0.000E+00  0.000E+00  0.000E+00  0.000E+00  0.000E+00  0.000E+00  0.000E+00
  0.000E+00  0.000E+00  0.000E+00  0.000E+00  0.000E+00  0.000E+00  0.000E+00  0.000E+00  0.000E+00  0.000E+00
  0.000E+00  0.000E+00  0.000E+00  0.000E+00  0.000E+00  0.000E+00  0.000E+00  0.000E+00  0.000E+00  0.000E+00
  0.000E+00  0.000E+00  0.000E+00  0.000E+00  0.000E+00  0.000E+00  0.000E+00  0.000E+00  0.000E+00  0.000E+00
  0.000E+00  0.000E+00  0.000E+00  0.000E+00  0.000E+00  0.000E+00  0.000E+00  0.000E+00  0.000E+00  0.000E+00
  0.000E+00  0.000E+00  0.000E+00  0.000E+00  0.000E+00  0.000E+00  0.000E+00  0.000E+00  0.000E+00  0.000E+00
  0.000E+00  0.000E+00  0.000E+00  0.000E+00  0.000E+00  0.000E+00  0.000E+00  0.000E+00  0.000E+00  0.000E+00
  0.000E+00  0.000E+00  0.000E+00  0.000E+00  0.000E+00  0.000E+00  0.000E+00  0.000E+00  0.000E+00  0.000E+00
  0.000E+00  0.000E+00  0.000E+00  0.000E+00  0.000E+00  0.000E+00  0.000E+00  0.000E+00  0.000E+00  0.000E+00
  0.000E+00  0.000E+00  0.000E+00  0.000E+00  0.000E+00  0.000E+00  0.000E+00  0.000E+00  0.000E+00  0.000E+00
  0.000E+00  0.000E+00  0.000E+00  0.000E+00  0.000E+00  0.000E+00  0.000E+00  0.000E+00  0.000E+00  0.000E+00
  0.000E+00  0.000E+00  0.000E+00  0.000E+00  0.000E+00  0.000E+00  0.000E+00  0.000E+00  0.000E+00  0.000E+00
  0.000E+00  0.000E+00  0.000E+00  0.000E+00  0.000E+00  0.000E+00  0.000E+00  0.000E+00  0.000E+00  0.000E+00
  0.000E+00  0.000E+00  0.000E+00  0.000E+00  0.000E+00  0.000E+00  0.000E+00  0.000E+00  0.000E+00  0.000E+00
  0.000E+00  0.000E+00  0.000E+00  0.000E+00  0.000E+00  0.000E+00  0.000E+00  0.000E+00  0.000E+00  0.000E+00
  0.000E+00  0.000E+00  0.000E+00  0.000E+00  0.000E+00  0.000E+00  0.000E+00  0.000E+00  0.000E+00  0.000E+00
  0.000E+00  0.000E+00  0.000E+00  0.000E+00  0.000E+00  0.000E+00  0.000E+00  0.000E+00  0.000E+00  0.000E+00
  0.000E+00  0.000E+00  0.000E+00  0.000E+00  0.000E+00  0.000E+00  0.000E+00  0.000E+00  0.000E+00  0.000E+00
  0.000E+00  0.000E+00  0.000E+00  0.000E+00  0.000E+00  0.000E+00  0.000E+00  0.000E+00  0.000E+00  0.000E+00
  0.000E+00  0.000E+00  0.000E+00  0.000E+00  0.000E+00  0.000E+00  0.000E+00  0.000E+00  0.000E+00  0.000E+00
  0.000E+00  0.000E+00  0.000E+00  0.000E+00  0.000E+00  0.000E+00  0.000E+00  0.000E+00  0.000E+00  0.000E+00
  0.000E+00  0.000E+00  0.000E+00  0.000E+00  0.000E+00  0.000E+00  0.000E+00  0.000E+00  0.000E+00  0.000E+00
  0.000E+00  0.000E+00  0.000E+00  0.000E+00  0.000E+00  0.000E+00  0.000E+00  0.000E+00  0.000E+00  0.000E+00
  0.000E+00  0.000E+00  0.000E+00  0.000E+00  0.000E+00  0.000E+00  0.000E+00  0.000E+00  0.000E+00  0.000E+00
  0.000E+00  0.000E+00  0.000E+00  0.000E+00  0.000E+00  0.000E+00  0.000E+00  0.000E+00  0.000E+00  0.000E+00
  0.000E+00  0.000E+00  0.000E+00  0.000E+00  0.000E+00  0.000E+00  0.000E+00  0.000E+00  0.000E+00  0.000E+00
  0.000E+00  0.000E+00  0.000E+00  0.000E+00  0.000E+00  0.000E+00  0.000E+00  0.000E+00  0.000E+00  0.000E+00
  0.000E+00  0.000E+00  0.000E+00  0.000E+00  0.000E+00  0.000E+00  0.000E+00  0.000E+00  0.000E+00  0.000E+00
  0.000E+00  0.000E+00  0.000E+00  0.000E+00  0.000E+00  0.000E+00  0.000E+00  0.000E+00  0.000E+00  0.000E+00
  0.000E+00  0.000E+00  0.000E+00  0.000E+00  0.000E+00  0.000E+00  0.000E+00  0.000E+00  0.000E+00  0.000E+00
  0.000E+00  0.000E+00  0.000E+00  0.000E+00  0.000E+00  0.000E+00  0.000E+00  0.000E+00  0.000E+00  0.000E+00
  0.000E+00  0.000E+00  0.000E+00  0.000E+00  0.000E+00  0.000E+00  0.000E+00  0.000E+00  0.000E+00  0.000E+00
  0.000E+00  0.000E+00  0.000E+00  0.000E+00  0.000E+00  0.000E+00  0.000E+00  0.000E+00  0.000E+00  0.000E+00
  0.000E+00  0.000E+00  0.000E+00  0.000E+00  0.000E+00  0.000E+00  0.000E+00  0.000E+00  5.177E-06  0.000E+00
  0.000E+00  0.000E+00  0.000E+00  0.000E+00  0.000E+00  0.000E+00  0.000E+00  0.000E+00  0.000E+00  0.000E+00
  0.000E+00  0.000E+00  0.000E+00  0.000E+00  0.000E+00  0.000E+00  0.000E+00  0.000E+00  0.000E+00  0.000E+00
  0.000E+00  0.000E+00  0.000E+00  0.000E+00  0.000E+00  0.000E+00  0.000E+00  0.000E+00  0.000E+00  0.000E+00
  0.000E+00  0.000E+00  0.000E+00  0.000E+00  0.000E+00  0.000E+00  0.000E+00  0.000E+00  0.000E+00  0.000E+00
  0.000E+00  0.000E+00  0.000E+00  0.000E+00  0.000E+00  0.000E+00  0.000E+00  0.000E+00  0.000E+00  0.000E+00
  0.000E+00  0.000E+00  0.000E+00  0.000E+00  0.000E+00  0.000E+00  0.000E+00  0.000E+00  0.000E+00  0.000E+00
  0.000E+00  0.000E+00  0.000E+00  0.000E+00  0.000E+00  0.000E+00  0.000E+00  0.000E+00  0.000E+00  0.000E+00
  0.000E+00  0.000E+00  0.000E+00  0.000E+00  0.000E+00  0.000E+00  0.000E+00  0.000E+00  0.000E+00  0.000E+00
  0.000E+00  0.000E+00  0.000E+00  0.000E+00  0.000E+00  0.000E+00  0.000E+00  0.000E+00  0.000E+00  0.000E+00
  0.000E+00  0.000E+00  0.000E+00  0.000E+00  0.000E+00  0.000E+00  0.000E+00  0.000E+00  0.000E+00  0.000E+00
  0.000E+00  0.000E+00  0.000E+00  0.000E+00  0.000E+00  0.000E+00  0.000E+00  0.000E+00  0.000E+00  0.000E+00
  0.000E+00  0.000E+00  0.000E+00  0.000E+00  0.000E+00  0.000E+00  0.000E+00  0.000E+00  0.000E+00  0.000E+00
  0.000E+00  0.000E+00  0.000E+00  0.000E+00  0.000E+00  0.000E+00  0.000E+00  0.000E+00  0.000E+00  0.000E+00
  0.000E+00  0.000E+00  0.000E+00  0.000E+00  0.000E+00  0.000E+00  0.000E+00  0.000E+00  0.000E+00  0.000E+00
  0.000E+00  0.000E+00  0.000E+00  0.000E+00  0.000E+00  0.000E+00  0.000E+00  0.000E+00  0.000E+00  0.000E+00
  0.000E+00  0.000E+00  0.000E+00  0.000E+00  0.000E+00  0.000E+00  0.000E+00  0.000E+00  0.000E+00  0.000E+00
  0.000E+00  0.000E+00  0.000E+00  0.000E+00  0.000E+00  0.000E+00  0.000E+00  0.000E+00  0.000E+00  0.000E+00
  0.000E+00  0.000E+00  0.000E+00  0.000E+00  0.000E+00  0.000E+00  0.000E+00  0.000E+00  0.000E+00  0.000E+00
  0.000E+00  0.000E+00  0.000E+00  0.000E+00  0.000E+00  0.000E+00  0.000E+00  0.000E+00  0.000E+00  0.000E+00
  0.000E+00  0.000E+00  0.000E+00  0.000E+00  0.000E+00  0.000E+00  0.000E+00  3.699E-06  4.669E-06  0.000E+00
  0.000E+00  0.000E+00  0.000E+00  0.000E+00  0.000E+00  0.000E+00  0.000E+00  0.000E+00  0.000E+00  0.000E+00
  0.000E+00  0.000E+00  0.000E+00  0.000E+00  0.000E+00  0.000E+00  0.000E+00  0.000E+00  0.000E+00  0.000E+00
  0.000E+00  0.000E+00  0.000E+00  0.000E+00  0.000E+00  0.000E+00  0.000E+00  0.000E+00  0.000E+00  0.000E+00
  0.000E+00  0.000E+00  0.000E+00  0.000E+00  0.000E+00  0.000E+00  0.000E+00  0.000E+00  0.000E+00  0.000E+00
  0.000E+00  0.000E+00  0.000E+00  0.000E+00  0.000E+00  0.000E+00  0.000E+00  0.000E+00  0.000E+00  0.000E+00
  0.000E+00  0.000E+00  0.000E+00  0.000E+00  0.000E+00  0.000E+00  0.000E+00  0.000E+00  0.000E+00  0.000E+00
  0.000E+00  0.000E+00  0.000E+00  0.000E+00  0.000E+00  0.000E+00  0.000E+00  0.000E+00  0.000E+00  0.000E+00
  0.000E+00  0.000E+00  0.000E+00  0.000E+00  0.000E+00  0.000E+00  0.000E+00  0.000E+00  0.000E+00  0.000E+00
  0.000E+00  0.000E+00  0.000E+00  0.000E+00  0.000E+00  0.000E+00  0.000E+00  0.000E+00  0.000E+00  0.000E+00
  0.000E+00  0.000E+00  0.000E+00  0.000E+00  0.000E+00  0.000E+00  0.000E+00  0.000E+00  0.000E+00  0.000E+00
  0.000E+00  0.000E+00  0.000E+00  0.000E+00  0.000E+00  0.000E+00  0.000E+00  0.000E+00  0.000E+00  0.000E+00
  0.000E+00  0.000E+00  0.000E+00  0.000E+00  0.000E+00  0.000E+00  0.000E+00  0.000E+00  0.000E+00  0.000E+00
  0.000E+00  0.000E+00  0.000E+00  0.000E+00  0.000E+00  0.000E+00  0.000E+00  0.000E+00  0.000E+00  0.000E+00
  0.000E+00  0.000E+00  0.000E+00  0.000E+00  0.000E+00  0.000E+00  0.000E+00  0.000E+00  0.000E+00  0.000E+00
  0.000E+00  0.000E+00  0.000E+00  0.000E+00  0.000E+00  0.000E+00  0.000E+00  0.000E+00  0.000E+00  0.000E+00
  0.000E+00  0.000E+00  0.000E+00  0.000E+00  0.000E+00  0.000E+00  0.000E+00  0.000E+00  0.000E+00  0.000E+00
  0.000E+00  0.000E+00  0.000E+00  0.000E+00  0.000E+00  0.000E+00  0.000E+00  0.000E+00  0.000E+00  0.000E+00
  0.000E+00  0.000E+00  0.000E+00  0.000E+00  0.000E+00  0.000E+00  0.000E+00  0.000E+00  0.000E+00  0.000E+00
  0.000E+00  0.000E+00  0.000E+00  0.000E+00  0.000E+00  0.000E+00  0.000E+00  0.000E+00  0.000E+00  0.000E+00
  0.000E+00  0.000E+00  0.000E+00  0.000E+00  0.000E+00  0.000E+00  0.000E+00  8.369E-06  0.000E+00  0.000E+00
  0.000E+00  0.000E+00  0.000E+00  0.000E+00  0.000E+00  0.000E+00  0.000E+00  0.000E+00  0.000E+00  0.000E+00
  0.000E+00  0.000E+00  0.000E+00  0.000E+00  0.000E+00  0.000E+00  0.000E+00  0.000E+00  0.000E+00  0.000E+00
  0.000E+00  0.000E+00  0.000E+00  0.000E+00  0.000E+00  0.000E+00  0.000E+00  0.000E+00  0.000E+00  0.000E+00
  0.000E+00  0.000E+00  0.000E+00  0.000E+00  0.000E+00  0.000E+00  0.000E+00  0.000E+00  0.000E+00  0.000E+00
  0.000E+00  0.000E+00  0.000E+00  0.000E+00  0.000E+00  0.000E+00  0.000E+00  0.000E+00  0.000E+00  0.000E+00
  0.000E+00  0.000E+00  0.000E+00  0.000E+00  0.000E+00  0.000E+00  0.000E+00  0.000E+00  0.000E+00  0.000E+00
  0.000E+00  0.000E+00  0.000E+00  0.000E+00  0.000E+00  0.000E+00  0.000E+00  0.000E+00  0.000E+00  0.000E+00
  0.000E+00  0.000E+00  0.000E+00  0.000E+00  0.000E+00  0.000E+00  0.000E+00  0.000E+00  0.000E+00  0.000E+00
  0.000E+00  0.000E+00  0.000E+00  0.000E+00  0.000E+00  0.000E+00  0.000E+00  0.000E+00  0.000E+00  0.000E+00
  0.000E+00  0.000E+00  0.000E+00  0.000E+00  0.000E+00  0.000E+00  0.000E+00  0.000E+00  0.000E+00  0.000E+00
  0.000E+00  0.000E+00  0.000E+00  0.000E+00  0.000E+00  0.000E+00  0.000E+00  0.000E+00  0.000E+00  0.000E+00
  0.000E+00  0.000E+00  0.000E+00  0.000E+00  0.000E+00  0.000E+00  0.000E+00  0.000E+00  0.000E+00  0.000E+00
  0.000E+00  0.000E+00  0.000E+00  0.000E+00  0.000E+00  0.000E+00  0.000E+00  0.000E+00  0.000E+00  0.000E+00
  0.000E+00  0.000E+00  0.000E+00  0.000E+00  0.000E+00  0.000E+00  0.000E+00  0.000E+00  0.000E+00  0.000E+00
  0.000E+00  0.000E+00  0.000E+00  0.000E+00  0.000E+00  0.000E+00  0.000E+00  0.000E+00  0.000E+00  0.000E+00
  0.000E+00  0.000E+00  0.000E+00  0.000E+00  0.000E+00  0.000E+00  0.000E+00  0.000E+00  0.000E+00  0.000E+00
  0.000E+00  0.000E+00  0.000E+00  0.000E+00  0.000E+00  0.000E+00  0.000E+00  0.000E+00  0.000E+00  0.000E+00
  0.000E+00  0.000E+00  0.000E+00  0.000E+00  0.000E+00  0.000E+00  0.000E+00  0.000E+00  0.000E+00  0.000E+00
  0.000E+00  0.000E+00  0.000E+00  0.000E+00  0.000E+00  0.000E+00  0.000E+00  0.000E+00  0.000E+00  0.000E+00
  0.000E+00  0.000E+00  0.000E+00  0.000E+00  0.000E+00  0.000E+00  0.000E+00  7.872E-06  0.000E+00  0.000E+00
  0.000E+00  0.000E+00  0.000E+00  0.000E+00  0.000E+00  0.000E+00  0.000E+00  0.000E+00  0.000E+00  0.000E+00
  0.000E+00  0.000E+00  0.000E+00  0.000E+00  0.000E+00  0.000E+00  0.000E+00  0.000E+00  0.000E+00  0.000E+00
  0.000E+00  0.000E+00  0.000E+00  0.000E+00  0.000E+00  0.000E+00  0.000E+00  0.000E+00  0.000E+00  0.000E+00
  0.000E+00  0.000E+00  0.000E+00  0.000E+00  0.000E+00  0.000E+00  0.000E+00  0.000E+00  0.000E+00  0.000E+00
  0.000E+00  0.000E+00  0.000E+00  0.000E+00  0.000E+00  0.000E+00  0.000E+00  0.000E+00  0.000E+00  0.000E+00
  0.000E+00  0.000E+00  0.000E+00  0.000E+00  0.000E+00  0.000E+00  0.000E+00  0.000E+00  0.000E+00  0.000E+00
  0.000E+00  0.000E+00  0.000E+00  0.000E+00  0.000E+00  0.000E+00  0.000E+00  0.000E+00  0.000E+00  0.000E+00
  0.000E+00  0.000E+00  0.000E+00  0.000E+00  0.000E+00  0.000E+00  0.000E+00  0.000E+00  0.000E+00  0.000E+00
  0.000E+00  0.000E+00  0.000E+00  0.000E+00  0.000E+00  0.000E+00  0.000E+00  0.000E+00  0.000E+00  0.000E+00
  0.000E+00  0.000E+00  0.000E+00  0.000E+00  0.000E+00  0.000E+00  0.000E+00  0.000E+00  0.000E+00  0.000E+00
  0.000E+00  0.000E+00  0.000E+00  0.000E+00  0.000E+00  0.000E+00  0.000E+00  0.000E+00  0.000E+00  0.000E+00
  0.000E+00  0.000E+00  0.000E+00  0.000E+00  0.000E+00  0.000E+00  0.000E+00  0.000E+00  0.000E+00  0.000E+00
  0.000E+00  0.000E+00  0.000E+00  0.000E+00  0.000E+00  0.000E+00  0.000E+00  0.000E+00  0.000E+00  0.000E+00
  0.000E+00  0.000E+00  0.000E+00  0.000E+00  0.000E+00  0.000E+00  0.000E+00  0.000E+00  0.000E+00  0.000E+00
  0.000E+00  0.000E+00  0.000E+00  0.000E+00  0.000E+00  0.000E+00  0.000E+00  0.000E+00  0.000E+00  0.000E+00
  0.000E+00  0.000E+00  0.000E+00  0.000E+00  0.000E+00  0.000E+00  0.000E+00  0.000E+00  0.000E+00  0.000E+00
  0.000E+00  0.000E+00  0.000E+00  0.000E+00  0.000E+00  0.000E+00  0.000E+00  0.000E+00  0.000E+00  0.000E+00
  0.000E+00  0.000E+00  0.000E+00  0.000E+00  0.000E+00  0.000E+00  0.000E+00  0.000E+00  0.000E+00  0.000E+00
  0.000E+00  0.000E+00  0.000E+00  0.000E+00  0.000E+00  0.000E+00  0.000E+00  0.000E+00  0.000E+00  0.000E+00
  0.000E+00  0.000E+00  0.000E+00  0.000E+00  0.000E+00  0.000E+00  0.000E+00  7.687E-06  0.000E+00  0.000E+00
  0.000E+00  0.000E+00  0.000E+00  0.000E+00  0.000E+00  0.000E+00  0.000E+00  0.000E+00  0.000E+00  0.000E+00
  0.000E+00  0.000E+00  0.000E+00  0.000E+00  0.000E+00  0.000E+00  0.000E+00  0.000E+00  0.000E+00  0.000E+00
  0.000E+00  0.000E+00  0.000E+00  0.000E+00  0.000E+00  0.000E+00  0.000E+00  0.000E+00  0.000E+00  0.000E+00
  0.000E+00  0.000E+00  0.000E+00  0.000E+00  0.000E+00  0.000E+00  0.000E+00  0.000E+00  0.000E+00  0.000E+00
  0.000E+00  0.000E+00  0.000E+00  0.000E+00  0.000E+00  0.000E+00  0.000E+00  0.000E+00  0.000E+00  0.000E+00
  0.000E+00  0.000E+00  0.000E+00  0.000E+00  0.000E+00  0.000E+00  0.000E+00  0.000E+00  0.000E+00  0.000E+00
  0.000E+00  0.000E+00  0.000E+00  0.000E+00  0.000E+00  0.000E+00  0.000E+00  0.000E+00  0.000E+00  0.000E+00
  0.000E+00  0.000E+00  0.000E+00  0.000E+00  0.000E+00  0.000E+00  0.000E+00  0.000E+00  0.000E+00  0.000E+00
  0.000E+00  0.000E+00  0.000E+00  0.000E+00  0.000E+00  0.000E+00  0.000E+00  0.000E+00  0.000E+00  0.000E+00
  0.000E+00  0.000E+00  0.000E+00  0.000E+00  0.000E+00  0.000E+00  0.000E+00  0.000E+00  0.000E+00  0.000E+00
  0.000E+00  0.000E+00  0.000E+00  0.000E+00  0.000E+00  0.000E+00  0.000E+00  0.000E+00  0.000E+00  0.000E+00
  0.000E+00  0.000E+00  0.000E+00  0.000E+00  0.000E+00  0.000E+00  0.000E+00  0.000E+00  0.000E+00  0.000E+00
  0.000E+00  0.000E+00  0.000E+00  0.000E+00  0.000E+00  0.000E+00  0.000E+00  0.000E+00  0.000E+00  0.000E+00
  0.000E+00  0.000E+00  0.000E+00  0.000E+00  0.000E+00  0.000E+00  0.000E+00  0.000E+00  0.000E+00  0.000E+00
  0.000E+00  0.000E+00  0.000E+00  0.000E+00  0.000E+00  0.000E+00  0.000E+00  0.000E+00  0.000E+00  0.000E+00
  0.000E+00  0.000E+00  0.000E+00  0.000E+00  0.000E+00  0.000E+00  0.000E+00  0.000E+00  0.000E+00  0.000E+00
  0.000E+00  0.000E+00  0.000E+00  0.000E+00  0.000E+00  0.000E+00  0.000E+00  0.000E+00  0.000E+00  0.000E+00
  0.000E+00  0.000E+00  0.000E+00  0.000E+00  0.000E+00  0.000E+00  0.000E+00  0.000E+00  0.000E+00  0.000E+00
  0.000E+00  0.000E+00  0.000E+00  0.000E+00  0.000E+00  0.000E+00  0.000E+00  0.000E+00  0.000E+00  0.000E+00
  0.000E+00  0.000E+00  0.000E+00  0.000E+00  0.000E+00  0.000E+00  2.914E-06  4.773E-06  0.000E+00  0.000E+00
  0.000E+00  0.000E+00  0.000E+00  0.000E+00  0.000E+00  0.000E+00  0.000E+00  0.000E+00  0.000E+00  0.000E+00
  0.000E+00  0.000E+00  0.000E+00  0.000E+00  0.000E+00  0.000E+00  0.000E+00  0.000E+00  0.000E+00  0.000E+00
  0.000E+00  0.000E+00  0.000E+00  0.000E+00  0.000E+00  0.000E+00  0.000E+00  0.000E+00  0.000E+00  0.000E+00
  0.000E+00  0.000E+00  0.000E+00  0.000E+00  0.000E+00  0.000E+00  0.000E+00  0.000E+00  0.000E+00  0.000E+00
  0.000E+00  0.000E+00  0.000E+00  0.000E+00  0.000E+00  0.000E+00  0.000E+00  0.000E+00  0.000E+00  0.000E+00
  0.000E+00  0.000E+00  0.000E+00  0.000E+00  0.000E+00  0.000E+00  0.000E+00  0.000E+00  0.000E+00  0.000E+00
  0.000E+00  0.000E+00  0.000E+00  0.000E+00  0.000E+00  0.000E+00  0.000E+00  0.000E+00  0.000E+00  0.000E+00
  0.000E+00  0.000E+00  0.000E+00  0.000E+00  0.000E+00  0.000E+00  0.000E+00  0.000E+00  0.000E+00  0.000E+00
  0.000E+00  0.000E+00  0.000E+00  0.000E+00  0.000E+00  0.000E+00  0.000E+00  0.000E+00  0.000E+00  0.000E+00
  0.000E+00  0.000E+00  0.000E+00  0.000E+00  0.000E+00  0.000E+00  0.000E+00  0.000E+00  0.000E+00  0.000E+00
  0.000E+00  0.000E+00  0.000E+00  0.000E+00  0.000E+00  0.000E+00  0.000E+00  0.000E+00  0.000E+00  0.000E+00
  0.000E+00  0.000E+00  0.000E+00  0.000E+00  0.000E+00  0.000E+00  0.000E+00  0.000E+00  0.000E+00  0.000E+00
  0.000E+00  0.000E+00  0.000E+00  0.000E+00  0.000E+00  0.000E+00  0.000E+00  0.000E+00  0.000E+00  0.000E+00
  0.000E+00  0.000E+00  0.000E+00  0.000E+00  0.000E+00  0.000E+00  0.000E+00  0.000E+00  0.000E+00  0.000E+00
  0.000E+00  0.000E+00  0.000E+00  0.000E+00  0.000E+00  0.000E+00  0.000E+00  0.000E+00  0.000E+00  0.000E+00
  0.000E+00  0.000E+00  0.000E+00  0.000E+00  0.000E+00  0.000E+00  0.000E+00  0.000E+00  0.000E+00  0.000E+00
  0.000E+00  0.000E+00  0.000E+00  0.000E+00  0.000E+00  0.000E+00  0.000E+00  0.000E+00  0.000E+00  0.000E+00
  0.000E+00  0.000E+00  0.000E+00  0.000E+00  0.000E+00  0.000E+00  0.000E+00  0.000E+00  0.000E+00  0.000E+00
  0.000E+00  0.000E+00  0.000E+00  0.000E+00  0.000E+00  0.000E+00  0.000E+00  0.000E+00  0.000E+00  0.000E+00
  0.000E+00  0.000E+00  0.000E+00  0.000E+00  0.000E+00  0.000E+00  7.687E-06  0.000E+00  0.000E+00  0.000E+00
  0.000E+00  0.000E+00  0.000E+00  0.000E+00  0.000E+00  0.000E+00  0.000E+00  0.000E+00  0.000E+00  0.000E+00
  0.000E+00  0.000E+00  0.000E+00  0.000E+00  0.000E+00  0.000E+00  0.000E+00  0.000E+00  0.000E+00  0.000E+00
  0.000E+00  0.000E+00  0.000E+00  0.000E+00  0.000E+00  0.000E+00  0.000E+00  0.000E+00  0.000E+00  0.000E+00
  0.000E+00  0.000E+00  0.000E+00  0.000E+00  0.000E+00  0.000E+00  0.000E+00  0.000E+00  0.000E+00  0.000E+00
  0.000E+00  0.000E+00  0.000E+00  0.000E+00  0.000E+00  0.000E+00  0.000E+00  0.000E+00  0.000E+00  0.000E+00
  0.000E+00  0.000E+00  0.000E+00  0.000E+00  0.000E+00  0.000E+00  0.000E+00  0.000E+00  0.000E+00  0.000E+00
  0.000E+00  0.000E+00  0.000E+00  0.000E+00  0.000E+00  0.000E+00  0.000E+00  0.000E+00  0.000E+00  0.000E+00
  0.000E+00  0.000E+00  0.000E+00  0.000E+00  0.000E+00  0.000E+00  0.000E+00  0.000E+00  0.000E+00  0.000E+00
  0.000E+00  0.000E+00  0.000E+00  0.000E+00  0.000E+00  0.000E+00  0.000E+00  0.000E+00  0.000E+00  0.000E+00
  0.000E+00  0.000E+00  0.000E+00  0.000E+00  0.000E+00  0.000E+00  0.000E+00  0.000E+00  0.000E+00  0.000E+00
  0.000E+00  0.000E+00  0.000E+00  0.000E+00  0.000E+00  0.000E+00  0.000E+00  0.000E+00  0.000E+00  0.000E+00
  0.000E+00  0.000E+00  0.000E+00  0.000E+00  0.000E+00  0.000E+00  0.000E+00  0.000E+00  0.000E+00  0.000E+00
  0.000E+00  0.000E+00  0.000E+00  0.000E+00  0.000E+00  0.000E+00  0.000E+00  0.000E+00  0.000E+00  0.000E+00
  0.000E+00  0.000E+00  0.000E+00  0.000E+00  0.000E+00  0.000E+00  0.000E+00  0.000E+00  0.000E+00  0.000E+00
  0.000E+00  0.000E+00  0.000E+00  0.000E+00  0.000E+00  0.000E+00  0.000E+00  0.000E+00  0.000E+00  0.000E+00
  0.000E+00  0.000E+00  0.000E+00  0.000E+00  0.000E+00  0.000E+00  0.000E+00  0.000E+00  0.000E+00  0.000E+00
  0.000E+00  0.000E+00  0.000E+00  0.000E+00  0.000E+00  0.000E+00  0.000E+00  0.000E+00  0.000E+00  0.000E+00
  0.000E+00  0.000E+00  0.000E+00  0.000E+00  0.000E+00  0.000E+00  0.000E+00  0.000E+00  0.000E+00  0.000E+00
  0.000E+00  0.000E+00  0.000E+00  0.000E+00  0.000E+00  0.000E+00  0.000E+00  0.000E+00  0.000E+00  0.000E+00
  0.000E+00  0.000E+00  0.000E+00  0.000E+00  0.000E+00  0.000E+00  7.687E-06  0.000E+00  0.000E+00  0.000E+00
  0.000E+00  0.000E+00  0.000E+00  0.000E+00  0.000E+00  0.000E+00  0.000E+00  0.000E+00  0.000E+00  0.000E+00
  0.000E+00  0.000E+00  0.000E+00  0.000E+00  0.000E+00  0.000E+00  0.000E+00  0.000E+00  0.000E+00  0.000E+00
  0.000E+00  0.000E+00  0.000E+00  0.000E+00  0.000E+00  0.000E+00  0.000E+00  0.000E+00  0.000E+00  0.000E+00
  0.000E+00  0.000E+00  0.000E+00  0.000E+00  0.000E+00  0.000E+00  0.000E+00  0.000E+00  0.000E+00  0.000E+00
  0.000E+00  0.000E+00  0.000E+00  0.000E+00  0.000E+00  0.000E+00  0.000E+00  0.000E+00  0.000E+00  0.000E+00
  0.000E+00  0.000E+00  0.000E+00  0.000E+00  0.000E+00  0.000E+00  0.000E+00  0.000E+00  0.000E+00  0.000E+00
  0.000E+00  0.000E+00  0.000E+00  0.000E+00  0.000E+00  0.000E+00  0.000E+00  0.000E+00  0.000E+00  0.000E+00
  0.000E+00  0.000E+00  0.000E+00  0.000E+00  0.000E+00  0.000E+00  0.000E+00  0.000E+00  0.000E+00  0.000E+00
  0.000E+00  0.000E+00  0.000E+00  0.000E+00  0.000E+00  0.000E+00  0.000E+00  0.000E+00  0.000E+00  0.000E+00
  0.000E+00  0.000E+00  0.000E+00  0.000E+00  0.000E+00  0.000E+00  0.000E+00  0.000E+00  0.000E+00  0.000E+00
  0.000E+00  0.000E+00  0.000E+00  0.000E+00  0.000E+00  0.000E+00  0.000E+00  0.000E+00  0.000E+00  0.000E+00
  0.000E+00  0.000E+00  0.000E+00  0.000E+00  0.000E+00  0.000E+00  0.000E+00  0.000E+00  0.000E+00  0.000E+00
  0.000E+00  0.000E+00  0.000E+00  0.000E+00  0.000E+00  0.000E+00  0.000E+00  0.000E+00  0.000E+00  0.000E+00
  0.000E+00  0.000E+00  0.000E+00  0.000E+00  0.000E+00  0.000E+00  0.000E+00  0.000E+00  0.000E+00  0.000E+00
  0.000E+00  0.000E+00  0.000E+00  0.000E+00  0.000E+00  0.000E+00  0.000E+00  0.000E+00  0.000E+00  0.000E+00
  0.000E+00  0.000E+00  0.000E+00  0.000E+00  0.000E+00  0.000E+00  0.000E+00  0.000E+00  0.000E+00  0.000E+00
  0.000E+00  0.000E+00  0.000E+00  0.000E+00  0.000E+00  0.000E+00  0.000E+00  0.000E+00  0.000E+00  0.000E+00
  0.000E+00  0.000E+00  0.000E+00  0.000E+00  0.000E+00  0.000E+00  0.000E+00  0.000E+00  0.000E+00  0.000E+00
  0.000E+00  0.000E+00  0.000E+00  0.000E+00  0.000E+00  0.000E+00  0.000E+00  0.000E+00  0.000E+00  0.000E+00
  0.000E+00  0.000E+00  0.000E+00  0.000E+00  0.000E+00  0.000E+00  7.687E-06  0.000E+00  0.000E+00  0.000E+00
  0.000E+00  0.000E+00  0.000E+00  0.000E+00  0.000E+00  0.000E+00  0.000E+00  0.000E+00  0.000E+00  0.000E+00
  0.000E+00  0.000E+00  0.000E+00  0.000E+00  0.000E+00  0.000E+00  0.000E+00  0.000E+00  0.000E+00  0.000E+00
  0.000E+00  0.000E+00  0.000E+00  0.000E+00  0.000E+00  0.000E+00  0.000E+00  0.000E+00  0.000E+00  0.000E+00
  0.000E+00  0.000E+00  0.000E+00  0.000E+00  0.000E+00  0.000E+00  0.000E+00  0.000E+00  0.000E+00  0.000E+00
  0.000E+00  0.000E+00  0.000E+00  0.000E+00  0.000E+00  0.000E+00  0.000E+00  0.000E+00  0.000E+00  0.000E+00
  0.000E+00  0.000E+00  0.000E+00  0.000E+00  0.000E+00  0.000E+00  0.000E+00  0.000E+00  0.000E+00  0.000E+00
  0.000E+00  0.000E+00  0.000E+00  0.000E+00  0.000E+00  0.000E+00  0.000E+00  0.000E+00  0.000E+00  0.000E+00
  0.000E+00  0.000E+00  0.000E+00  0.000E+00  0.000E+00  0.000E+00  0.000E+00  0.000E+00  0.000E+00  0.000E+00
  0.000E+00  0.000E+00  0.000E+00  0.000E+00  0.000E+00  0.000E+00  0.000E+00  0.000E+00  0.000E+00  0.000E+00
  0.000E+00  0.000E+00  0.000E+00  0.000E+00  0.000E+00  0.000E+00  0.000E+00  0.000E+00  0.000E+00  0.000E+00
  0.000E+00  0.000E+00  0.000E+00  0.000E+00  0.000E+00  0.000E+00  0.000E+00  0.000E+00  0.000E+00  0.000E+00
  0.000E+00  0.000E+00  0.000E+00  0.000E+00  0.000E+00  0.000E+00  0.000E+00  0.000E+00  0.000E+00  0.000E+00
  0.000E+00  0.000E+00  0.000E+00  0.000E+00  0.000E+00  0.000E+00  0.000E+00  0.000E+00  0.000E+00  0.000E+00
  0.000E+00  0.000E+00  0.000E+00  0.000E+00  0.000E+00  0.000E+00  0.000E+00  0.000E+00  0.000E+00  0.000E+00
  0.000E+00  0.000E+00  0.000E+00  0.000E+00  0.000E+00  0.000E+00  0.000E+00  0.000E+00  0.000E+00  0.000E+00
  0.000E+00  0.000E+00  0.000E+00  0.000E+00  0.000E+00  0.000E+00  0.000E+00  0.000E+00  0.000E+00  0.000E+00
  0.000E+00  0.000E+00  0.000E+00  0.000E+00  0.000E+00  0.000E+00  0.000E+00  0.000E+00  0.000E+00  0.000E+00
  0.000E+00  0.000E+00  0.000E+00  0.000E+00  0.000E+00  0.000E+00  0.000E+00  0.000E+00  0.000E+00  0.000E+00
  0.000E+00  0.000E+00  0.000E+00  0.000E+00  0.000E+00  0.000E+00  0.000E+00  0.000E+00  0.000E+00  0.000E+00
  0.000E+00  0.000E+00  0.000E+00  0.000E+00  0.000E+00  4.506E-07  7.236E-06  0.000E+00  0.000E+00  0.000E+00
  0.000E+00  0.000E+00  0.000E+00  0.000E+00  0.000E+00  0.000E+00  0.000E+00  0.000E+00  0.000E+00  0.000E+00
  0.000E+00  0.000E+00  0.000E+00  0.000E+00  0.000E+00  0.000E+00  0.000E+00  0.000E+00  0.000E+00  0.000E+00
  0.000E+00  0.000E+00  0.000E+00  0.000E+00  0.000E+00  0.000E+00  0.000E+00  0.000E+00  0.000E+00  0.000E+00
  0.000E+00  0.000E+00  0.000E+00  0.000E+00  0.000E+00  0.000E+00  0.000E+00  0.000E+00  0.000E+00  0.000E+00
  0.000E+00  0.000E+00  0.000E+00  0.000E+00  0.000E+00  0.000E+00  0.000E+00  0.000E+00  0.000E+00  0.000E+00
  0.000E+00  0.000E+00  0.000E+00  0.000E+00  0.000E+00  0.000E+00  0.000E+00  0.000E+00  0.000E+00  0.000E+00
  0.000E+00  0.000E+00  0.000E+00  0.000E+00  0.000E+00  0.000E+00  0.000E+00  0.000E+00  0.000E+00  0.000E+00
  0.000E+00  0.000E+00  0.000E+00  0.000E+00  0.000E+00  0.000E+00  0.000E+00  0.000E+00  0.000E+00  0.000E+00
  0.000E+00  0.000E+00  0.000E+00  0.000E+00  0.000E+00  0.000E+00  0.000E+00  0.000E+00  0.000E+00  0.000E+00
  0.000E+00  0.000E+00  0.000E+00  0.000E+00  0.000E+00  0.000E+00  0.000E+00  0.000E+00  0.000E+00  0.000E+00
  0.000E+00  0.000E+00  0.000E+00  0.000E+00  0.000E+00  0.000E+00  0.000E+00  0.000E+00  0.000E+00  0.000E+00
  0.000E+00  0.000E+00  0.000E+00  0.000E+00  0.000E+00  0.000E+00  0.000E+00  0.000E+00  0.000E+00  0.000E+00
  0.000E+00  0.000E+00  0.000E+00  0.000E+00  0.000E+00  0.000E+00  0.000E+00  0.000E+00  0.000E+00  0.000E+00
  0.000E+00  0.000E+00  0.000E+00  0.000E+00  0.000E+00  0.000E+00  0.000E+00  0.000E+00  0.000E+00  0.000E+00
  0.000E+00  0.000E+00  0.000E+00  0.000E+00  0.000E+00  0.000E+00  0.000E+00  0.000E+00  0.000E+00  0.000E+00
  0.000E+00  0.000E+00  0.000E+00  0.000E+00  0.000E+00  0.000E+00  0.000E+00  0.000E+00  0.000E+00  0.000E+00
  0.000E+00  0.000E+00  0.000E+00  0.000E+00  0.000E+00  0.000E+00  0.000E+00  0.000E+00  0.000E+00  0.000E+00
  0.000E+00  0.000E+00  0.000E+00  0.000E+00  0.000E+00  0.000E+00  0.000E+00  0.000E+00  0.000E+00  0.000E+00
  0.000E+00  0.000E+00  0.000E+00  0.000E+00  0.000E+00  0.000E+00  0.000E+00  0.000E+00  0.000E+00  0.000E+00
  0.000E+00  0.000E+00  0.000E+00  0.000E+00  0.000E+00  7.741E-06  0.000E+00  0.000E+00  0.000E+00  0.000E+00
  0.000E+00  0.000E+00  0.000E+00  0.000E+00  0.000E+00  0.000E+00  0.000E+00  0.000E+00  0.000E+00  0.000E+00
  0.000E+00  0.000E+00  0.000E+00  0.000E+00  0.000E+00  0.000E+00  0.000E+00  0.000E+00  0.000E+00  0.000E+00
  0.000E+00  0.000E+00  0.000E+00  0.000E+00  0.000E+00  0.000E+00  0.000E+00  0.000E+00  0.000E+00  0.000E+00
  0.000E+00  0.000E+00  0.000E+00  0.000E+00  0.000E+00  0.000E+00  0.000E+00  0.000E+00  0.000E+00  0.000E+00
  0.000E+00  0.000E+00  0.000E+00  0.000E+00  0.000E+00  0.000E+00  0.000E+00  0.000E+00  0.000E+00  0.000E+00
  0.000E+00  0.000E+00  0.000E+00  0.000E+00  0.000E+00  0.000E+00  0.000E+00  0.000E+00  0.000E+00  0.000E+00
  0.000E+00  0.000E+00  0.000E+00  0.000E+00  0.000E+00  0.000E+00  0.000E+00  0.000E+00  0.000E+00  0.000E+00
  0.000E+00  0.000E+00  0.000E+00  0.000E+00  0.000E+00  0.000E+00  0.000E+00  0.000E+00  0.000E+00  0.000E+00
  0.000E+00  0.000E+00  0.000E+00  0.000E+00  0.000E+00  0.000E+00  0.000E+00  0.000E+00  0.000E+00  0.000E+00
  0.000E+00  0.000E+00  0.000E+00  0.000E+00  0.000E+00  0.000E+00  0.000E+00  0.000E+00  0.000E+00  0.000E+00
  0.000E+00  0.000E+00  0.000E+00  0.000E+00  0.000E+00  0.000E+00  0.000E+00  0.000E+00  0.000E+00  0.000E+00
  0.000E+00  0.000E+00  0.000E+00  0.000E+00  0.000E+00  0.000E+00  0.000E+00  0.000E+00  0.000E+00  0.000E+00
  0.000E+00  0.000E+00  0.000E+00  0.000E+00  0.000E+00  0.000E+00  0.000E+00  0.000E+00  0.000E+00  0.000E+00
  0.000E+00  0.000E+00  0.000E+00  0.000E+00  0.000E+00  0.000E+00  0.000E+00  0.000E+00  0.000E+00  0.000E+00
  0.000E+00  0.000E+00  0.000E+00  0.000E+00  0.000E+00  0.000E+00  0.000E+00  0.000E+00  0.000E+00  0.000E+00
  0.000E+00  0.000E+00  0.000E+00  0.000E+00  0.000E+00  0.000E+00  0.000E+00  0.000E+00  0.000E+00  0.000E+00
  0.000E+00  0.000E+00  0.000E+00  0.000E+00  0.000E+00  0.000E+00  0.000E+00  0.000E+00  0.000E+00  0.000E+00
  0.000E+00  0.000E+00  0.000E+00  0.000E+00  0.000E+00  0.000E+00  0.000E+00  0.000E+00  0.000E+00  0.000E+00
  0.000E+00  0.000E+00  0.000E+00  0.000E+00  0.000E+00  0.000E+00  0.000E+00  0.000E+00  0.000E+00  0.000E+00
  0.000E+00  0.000E+00  0.000E+00  0.000E+00  0.000E+00  7.955E-06  0.000E+00  0.000E+00  0.000E+00  0.000E+00
  0.000E+00  0.000E+00  0.000E+00  0.000E+00  0.000E+00  0.000E+00  0.000E+00  0.000E+00  0.000E+00  0.000E+00
  0.000E+00  0.000E+00  0.000E+00  0.000E+00  0.000E+00  0.000E+00  0.000E+00  0.000E+00  0.000E+00  0.000E+00
  0.000E+00  0.000E+00  0.000E+00  0.000E+00  0.000E+00  0.000E+00  0.000E+00  0.000E+00  0.000E+00  0.000E+00
  0.000E+00  0.000E+00  0.000E+00  0.000E+00  0.000E+00  0.000E+00  0.000E+00  0.000E+00  0.000E+00  0.000E+00
  0.000E+00  0.000E+00  0.000E+00  0.000E+00  0.000E+00  0.000E+00  0.000E+00  0.000E+00  0.000E+00  0.000E+00
  0.000E+00  0.000E+00  0.000E+00  0.000E+00  0.000E+00  0.000E+00  0.000E+00  0.000E+00  0.000E+00  0.000E+00
  0.000E+00  0.000E+00  0.000E+00  0.000E+00  0.000E+00  0.000E+00  0.000E+00  0.000E+00  0.000E+00  0.000E+00
  0.000E+00  0.000E+00  0.000E+00  0.000E+00  0.000E+00  0.000E+00  0.000E+00  0.000E+00  0.000E+00  0.000E+00
  0.000E+00  0.000E+00  0.000E+00  0.000E+00  0.000E+00  0.000E+00  0.000E+00  0.000E+00  0.000E+00  0.000E+00
  0.000E+00  0.000E+00  0.000E+00  0.000E+00  0.000E+00  0.000E+00  0.000E+00  0.000E+00  0.000E+00  0.000E+00
  0.000E+00  0.000E+00  0.000E+00  0.000E+00  0.000E+00  0.000E+00  0.000E+00  0.000E+00  0.000E+00  0.000E+00
  0.000E+00  0.000E+00  0.000E+00  0.000E+00  0.000E+00  0.000E+00  0.000E+00  0.000E+00  0.000E+00  0.000E+00
  0.000E+00  0.000E+00  0.000E+00  0.000E+00  0.000E+00  0.000E+00  0.000E+00  0.000E+00  0.000E+00  0.000E+00
  0.000E+00  0.000E+00  0.000E+00  0.000E+00  0.000E+00  0.000E+00  0.000E+00  0.000E+00  0.000E+00  0.000E+00
  0.000E+00  0.000E+00  0.000E+00  0.000E+00  0.000E+00  0.000E+00  0.000E+00  0.000E+00  0.000E+00  0.000E+00
  0.000E+00  0.000E+00  0.000E+00  0.000E+00  0.000E+00  0.000E+00  0.000E+00  0.000E+00  0.000E+00  0.000E+00
  0.000E+00  0.000E+00  0.000E+00  0.000E+00  0.000E+00  0.000E+00  0.000E+00  0.000E+00  0.000E+00  0.000E+00
  0.000E+00  0.000E+00  0.000E+00  0.000E+00  0.000E+00  0.000E+00  0.000E+00  0.000E+00  0.000E+00  0.000E+00
  0.000E+00  0.000E+00  0.000E+00  0.000E+00  0.000E+00  0.000E+00  0.000E+00  0.000E+00  0.000E+00  0.000E+00
  0.000E+00  0.000E+00  0.000E+00  0.000E+00  0.000E+00  7.955E-06  0.000E+00  0.000E+00  0.000E+00  0.000E+00
  0.000E+00  0.000E+00  0.000E+00  0.000E+00  0.000E+00  0.000E+00  0.000E+00  0.000E+00  0.000E+00  0.000E+00
  0.000E+00  0.000E+00  0.000E+00  0.000E+00  0.000E+00  0.000E+00  0.000E+00  0.000E+00  0.000E+00  0.000E+00
  0.000E+00  0.000E+00  0.000E+00  0.000E+00  0.000E+00  0.000E+00  0.000E+00  0.000E+00  0.000E+00  0.000E+00
  0.000E+00  0.000E+00  0.000E+00  0.000E+00  0.000E+00  0.000E+00  0.000E+00  0.000E+00  0.000E+00  0.000E+00
  0.000E+00  0.000E+00  0.000E+00  0.000E+00  0.000E+00  0.000E+00  0.000E+00  0.000E+00  0.000E+00  0.000E+00
  0.000E+00  0.000E+00  0.000E+00  0.000E+00  0.000E+00  0.000E+00  0.000E+00  0.000E+00  0.000E+00  0.000E+00
  0.000E+00  0.000E+00  0.000E+00  0.000E+00  0.000E+00  0.000E+00  0.000E+00  0.000E+00  0.000E+00  0.000E+00
  0.000E+00  0.000E+00  0.000E+00  0.000E+00  0.000E+00  0.000E+00  0.000E+00  0.000E+00  0.000E+00  0.000E+00
  0.000E+00  0.000E+00  0.000E+00  0.000E+00  0.000E+00  0.000E+00  0.000E+00  0.000E+00  0.000E+00  0.000E+00
  0.000E+00  0.000E+00  0.000E+00  0.000E+00  0.000E+00  0.000E+00  0.000E+00  0.000E+00  0.000E+00  0.000E+00
  0.000E+00  0.000E+00  0.000E+00  0.000E+00  0.000E+00  0.000E+00  0.000E+00  0.000E+00  0.000E+00  0.000E+00
  0.000E+00  0.000E+00  0.000E+00  0.000E+00  0.000E+00  0.000E+00  0.000E+00  0.000E+00  0.000E+00  0.000E+00
  0.000E+00  0.000E+00  0.000E+00  0.000E+00  0.000E+00  0.000E+00  0.000E+00  0.000E+00  0.000E+00  0.000E+00
  0.000E+00  0.000E+00  0.000E+00  0.000E+00  0.000E+00  0.000E+00  0.000E+00  0.000E+00  0.000E+00  0.000E+00
  0.000E+00  0.000E+00  0.000E+00  0.000E+00  0.000E+00  0.000E+00  0.000E+00  0.000E+00  0.000E+00  0.000E+00
  0.000E+00  0.000E+00  0.000E+00  0.000E+00  0.000E+00  0.000E+00  0.000E+00  0.000E+00  0.000E+00  0.000E+00
  0.000E+00  0.000E+00  0.000E+00  0.000E+00  0.000E+00  0.000E+00  0.000E+00  0.000E+00  0.000E+00  0.000E+00
  0.000E+00  0.000E+00  0.000E+00  0.000E+00  0.000E+00  0.000E+00  0.000E+00  0.000E+00  0.000E+00  0.000E+00
  0.000E+00  0.000E+00  0.000E+00  0.000E+00  0.000E+00  0.000E+00  0.000E+00  0.000E+00  0.000E+00  0.000E+00
  0.000E+00  0.000E+00  0.000E+00  0.000E+00  0.000E+00  7.955E-06  0.000E+00  0.000E+00  0.000E+00  0.000E+00
  0.000E+00  0.000E+00  0.000E+00  0.000E+00  0.000E+00  0.000E+00  0.000E+00  0.000E+00  0.000E+00  0.000E+00
  0.000E+00  0.000E+00  0.000E+00  0.000E+00  0.000E+00  0.000E+00  0.000E+00  0.000E+00  0.000E+00  0.000E+00
  0.000E+00  0.000E+00  0.000E+00  0.000E+00  0.000E+00  0.000E+00  0.000E+00  0.000E+00  0.000E+00  0.000E+00
  0.000E+00  0.000E+00  0.000E+00  0.000E+00  0.000E+00  0.000E+00  0.000E+00  0.000E+00  0.000E+00  0.000E+00
  0.000E+00  0.000E+00  0.000E+00  0.000E+00  0.000E+00  0.000E+00  0.000E+00  0.000E+00  0.000E+00  0.000E+00
  0.000E+00  0.000E+00  0.000E+00  0.000E+00  0.000E+00  0.000E+00  0.000E+00  0.000E+00  0.000E+00  0.000E+00
  0.000E+00  0.000E+00  0.000E+00  0.000E+00  0.000E+00  0.000E+00  0.000E+00  0.000E+00  0.000E+00  0.000E+00
  0.000E+00  0.000E+00  0.000E+00  0.000E+00  0.000E+00  0.000E+00  0.000E+00  0.000E+00  0.000E+00  0.000E+00
  0.000E+00  0.000E+00  0.000E+00  0.000E+00  0.000E+00  0.000E+00  0.000E+00  0.000E+00  0.000E+00  0.000E+00
  0.000E+00  0.000E+00  0.000E+00  0.000E+00  0.000E+00  0.000E+00  0.000E+00  0.000E+00  0.000E+00  0.000E+00
  0.000E+00  0.000E+00  0.000E+00  0.000E+00  0.000E+00  0.000E+00  0.000E+00  0.000E+00  0.000E+00  0.000E+00
  0.000E+00  0.000E+00  0.000E+00  0.000E+00  0.000E+00  0.000E+00  0.000E+00  0.000E+00  0.000E+00  0.000E+00
  0.000E+00  0.000E+00  0.000E+00  0.000E+00  0.000E+00  0.000E+00  0.000E+00  0.000E+00  0.000E+00  0.000E+00
  0.000E+00  0.000E+00  0.000E+00  0.000E+00  0.000E+00  0.000E+00  0.000E+00  0.000E+00  0.000E+00  0.000E+00
  0.000E+00  0.000E+00  0.000E+00  0.000E+00  0.000E+00  0.000E+00  0.000E+00  0.000E+00  0.000E+00  0.000E+00
  0.000E+00  0.000E+00  0.000E+00  0.000E+00  0.000E+00  0.000E+00  0.000E+00  0.000E+00  0.000E+00  0.000E+00
  0.000E+00  0.000E+00  0.000E+00  0.000E+00  0.000E+00  0.000E+00  0.000E+00  0.000E+00  0.000E+00  0.000E+00
  0.000E+00  0.000E+00  0.000E+00  0.000E+00  0.000E+00  0.000E+00  0.000E+00  0.000E+00  0.000E+00  0.000E+00
  0.000E+00  0.000E+00  0.000E+00  0.000E+00  0.000E+00  0.000E+00  0.000E+00  0.000E+00  0.000E+00  0.000E+00
  0.000E+00  0.000E+00  0.000E+00  0.000E+00  7.632E-06  3.223E-07  0.000E+00  0.000E+00  0.000E+00  0.000E+00
  0.000E+00  0.000E+00  0.000E+00  0.000E+00  0.000E+00  0.000E+00  0.000E+00  0.000E+00  0.000E+00  0.000E+00
  0.000E+00  0.000E+00  0.000E+00  0.000E+00  0.000E+00  0.000E+00  0.000E+00  0.000E+00  0.000E+00  0.000E+00
  0.000E+00  0.000E+00  0.000E+00  0.000E+00  0.000E+00  0.000E+00  0.000E+00  0.000E+00  0.000E+00  0.000E+00
  0.000E+00  0.000E+00  0.000E+00  0.000E+00  0.000E+00  0.000E+00  0.000E+00  0.000E+00  0.000E+00  0.000E+00
  0.000E+00  0.000E+00  0.000E+00  0.000E+00  0.000E+00  0.000E+00  0.000E+00  0.000E+00  0.000E+00  0.000E+00
  0.000E+00  0.000E+00  0.000E+00  0.000E+00  0.000E+00  0.000E+00  0.000E+00  0.000E+00  0.000E+00  0.000E+00
  0.000E+00  0.000E+00  0.000E+00  0.000E+00  0.000E+00  0.000E+00  0.000E+00  0.000E+00  0.000E+00  0.000E+00
  0.000E+00  0.000E+00  0.000E+00  0.000E+00  0.000E+00  0.000E+00  0.000E+00  0.000E+00  0.000E+00  0.000E+00
  0.000E+00  0.000E+00  0.000E+00  0.000E+00  0.000E+00  0.000E+00  0.000E+00  0.000E+00  0.000E+00  0.000E+00
  0.000E+00  0.000E+00  0.000E+00  0.000E+00  0.000E+00  0.000E+00  0.000E+00  0.000E+00  0.000E+00  0.000E+00
  0.000E+00  0.000E+00  0.000E+00  0.000E+00  0.000E+00  0.000E+00  0.000E+00  0.000E+00  0.000E+00  0.000E+00
  0.000E+00  0.000E+00  0.000E+00  0.000E+00  0.000E+00  0.000E+00  0.000E+00  0.000E+00  0.000E+00  0.000E+00
  0.000E+00  0.000E+00  0.000E+00  0.000E+00  0.000E+00  0.000E+00  0.000E+00  0.000E+00  0.000E+00  0.000E+00
  0.000E+00  0.000E+00  0.000E+00  0.000E+00  0.000E+00  0.000E+00  0.000E+00  0.000E+00  0.000E+00  0.000E+00
  0.000E+00  0.000E+00  0.000E+00  0.000E+00  0.000E+00  0.000E+00  0.000E+00  0.000E+00  0.000E+00  0.000E+00
  0.000E+00  0.000E+00  0.000E+00  0.000E+00  0.000E+00  0.000E+00  0.000E+00  0.000E+00  0.000E+00  0.000E+00
  0.000E+00  0.000E+00  0.000E+00  0.000E+00  0.000E+00  0.000E+00  0.000E+00  0.000E+00  0.000E+00  0.000E+00
  0.000E+00  0.000E+00  0.000E+00  0.000E+00  0.000E+00  0.000E+00  0.000E+00  0.000E+00  0.000E+00  0.000E+00
  0.000E+00  0.000E+00  0.000E+00  0.000E+00  0.000E+00  0.000E+00  0.000E+00  0.000E+00  0.000E+00  0.000E+00
  0.000E+00  0.000E+00  0.000E+00  0.000E+00  8.126E-06  0.000E+00  0.000E+00  0.000E+00  0.000E+00  0.000E+00
  0.000E+00  0.000E+00  0.000E+00  0.000E+00  0.000E+00  0.000E+00  0.000E+00  0.000E+00  0.000E+00  0.000E+00
  0.000E+00  0.000E+00  0.000E+00  0.000E+00  0.000E+00  0.000E+00  0.000E+00  0.000E+00  0.000E+00  0.000E+00
  0.000E+00  0.000E+00  0.000E+00  0.000E+00  0.000E+00  0.000E+00  0.000E+00  0.000E+00  0.000E+00  0.000E+00
  0.000E+00  0.000E+00  0.000E+00  0.000E+00  0.000E+00  0.000E+00  0.000E+00  0.000E+00  0.000E+00  0.000E+00
  0.000E+00  0.000E+00  0.000E+00  0.000E+00  0.000E+00  0.000E+00  0.000E+00  0.000E+00  0.000E+00  0.000E+00
  0.000E+00  0.000E+00  0.000E+00  0.000E+00  0.000E+00  0.000E+00  0.000E+00  0.000E+00  0.000E+00  0.000E+00
  0.000E+00  0.000E+00  0.000E+00  0.000E+00  0.000E+00  0.000E+00  0.000E+00  0.000E+00  0.000E+00  0.000E+00
  0.000E+00  0.000E+00  0.000E+00  0.000E+00  0.000E+00  0.000E+00  0.000E+00  0.000E+00  0.000E+00  0.000E+00
  0.000E+00  0.000E+00  0.000E+00  0.000E+00  0.000E+00  0.000E+00  0.000E+00  0.000E+00  0.000E+00  0.000E+00
  0.000E+00  0.000E+00  0.000E+00  0.000E+00  0.000E+00  0.000E+00  0.000E+00  0.000E+00  0.000E+00  0.000E+00
  0.000E+00  0.000E+00  0.000E+00  0.000E+00  0.000E+00  0.000E+00  0.000E+00  0.000E+00  0.000E+00  0.000E+00
  0.000E+00  0.000E+00  0.000E+00  0.000E+00  0.000E+00  0.000E+00  0.000E+00  0.000E+00  0.000E+00  0.000E+00
  0.000E+00  0.000E+00  0.000E+00  0.000E+00  0.000E+00  0.000E+00  0.000E+00  0.000E+00  0.000E+00  0.000E+00
  0.000E+00  0.000E+00  0.000E+00  0.000E+00  0.000E+00  0.000E+00  0.000E+00  0.000E+00  0.000E+00  0.000E+00
  0.000E+00  0.000E+00  0.000E+00  0.000E+00  0.000E+00  0.000E+00  0.000E+00  0.000E+00  0.000E+00  0.000E+00
  0.000E+00  0.000E+00  0.000E+00  0.000E+00  0.000E+00  0.000E+00  0.000E+00  0.000E+00  0.000E+00  0.000E+00
  0.000E+00  0.000E+00  0.000E+00  0.000E+00  0.000E+00  0.000E+00  0.000E+00  0.000E+00  0.000E+00  0.000E+00
  0.000E+00  0.000E+00  0.000E+00  0.000E+00  0.000E+00  0.000E+00  0.000E+00  0.000E+00  0.000E+00  0.000E+00
  0.000E+00  0.000E+00  0.000E+00  0.000E+00  0.000E+00  0.000E+00  0.000E+00  0.000E+00  0.000E+00  0.000E+00
  0.000E+00  0.000E+00  0.000E+00  0.000E+00  8.173E-06  0.000E+00  0.000E+00  0.000E+00  0.000E+00  0.000E+00
  0.000E+00  0.000E+00  0.000E+00  0.000E+00  0.000E+00  0.000E+00  0.000E+00  0.000E+00  0.000E+00  0.000E+00
  0.000E+00  0.000E+00  0.000E+00  0.000E+00  0.000E+00  0.000E+00  0.000E+00  0.000E+00  0.000E+00  0.000E+00
  0.000E+00  0.000E+00  0.000E+00  0.000E+00  0.000E+00  0.000E+00  0.000E+00  0.000E+00  0.000E+00  0.000E+00
  0.000E+00  0.000E+00  0.000E+00  0.000E+00  0.000E+00  0.000E+00  0.000E+00  0.000E+00  0.000E+00  0.000E+00
  0.000E+00  0.000E+00  0.000E+00  0.000E+00  0.000E+00  0.000E+00  0.000E+00  0.000E+00  0.000E+00  0.000E+00
  0.000E+00  0.000E+00  0.000E+00  0.000E+00  0.000E+00  0.000E+00  0.000E+00  0.000E+00  0.000E+00  0.000E+00
  0.000E+00  0.000E+00  0.000E+00  0.000E+00  0.000E+00  0.000E+00  0.000E+00  0.000E+00  0.000E+00  0.000E+00
  0.000E+00  0.000E+00  0.000E+00  0.000E+00  0.000E+00  0.000E+00  0.000E+00  0.000E+00  0.000E+00  0.000E+00
  0.000E+00  0.000E+00  0.000E+00  0.000E+00  0.000E+00  0.000E+00  0.000E+00  0.000E+00  0.000E+00  0.000E+00
  0.000E+00  0.000E+00  0.000E+00  0.000E+00  0.000E+00  0.000E+00  0.000E+00  0.000E+00  0.000E+00  0.000E+00
  0.000E+00  0.000E+00  0.000E+00  0.000E+00  0.000E+00  0.000E+00  0.000E+00  0.000E+00  0.000E+00  0.000E+00
  0.000E+00  0.000E+00  0.000E+00  0.000E+00  0.000E+00  0.000E+00  0.000E+00  0.000E+00  0.000E+00  0.000E+00
  0.000E+00  0.000E+00  0.000E+00  0.000E+00  0.000E+00  0.000E+00  0.000E+00  0.000E+00  0.000E+00  0.000E+00
  0.000E+00  0.000E+00  0.000E+00  0.000E+00  0.000E+00  0.000E+00  0.000E+00  0.000E+00  0.000E+00  0.000E+00
  0.000E+00  0.000E+00  0.000E+00  0.000E+00  0.000E+00  0.000E+00  0.000E+00  0.000E+00  0.000E+00  0.000E+00
  0.000E+00  0.000E+00  0.000E+00  0.000E+00  0.000E+00  0.000E+00  0.000E+00  0.000E+00  0.000E+00  0.000E+00
  0.000E+00  0.000E+00  0.000E+00  0.000E+00  0.000E+00  0.000E+00  0.000E+00  0.000E+00  0.000E+00  0.000E+00
  0.000E+00  0.000E+00  0.000E+00  0.000E+00  0.000E+00  0.000E+00  0.000E+00  0.000E+00  0.000E+00  0.000E+00
  0.000E+00  0.000E+00  0.000E+00  0.000E+00  0.000E+00  0.000E+00  0.000E+00  0.000E+00  0.000E+00  0.000E+00
  0.000E+00  0.000E+00  0.000E+00  0.000E+00  8.173E-06  0.000E+00  0.000E+00  0.000E+00  0.000E+00  0.000E+00
  0.000E+00  0.000E+00  0.000E+00  0.000E+00  0.000E+00  0.000E+00  0.000E+00  0.000E+00  0.000E+00  0.000E+00
  0.000E+00  0.000E+00  0.000E+00  0.000E+00  0.000E+00  0.000E+00  0.000E+00  0.000E+00  0.000E+00  0.000E+00
  0.000E+00  0.000E+00  0.000E+00  0.000E+00  0.000E+00  0.000E+00  0.000E+00  0.000E+00  0.000E+00  0.000E+00
  0.000E+00  0.000E+00  0.000E+00  0.000E+00  0.000E+00  0.000E+00  0.000E+00  0.000E+00  0.000E+00  0.000E+00
  0.000E+00  0.000E+00  0.000E+00  0.000E+00  0.000E+00  0.000E+00  0.000E+00  0.000E+00  0.000E+00  0.000E+00
  0.000E+00  0.000E+00  0.000E+00  0.000E+00  0.000E+00  0.000E+00  0.000E+00  0.000E+00  0.000E+00  0.000E+00
  0.000E+00  0.000E+00  0.000E+00  0.000E+00  0.000E+00  0.000E+00  0.000E+00  0.000E+00  0.000E+00  0.000E+00
  0.000E+00  0.000E+00  0.000E+00  0.000E+00  0.000E+00  0.000E+00  0.000E+00  0.000E+00  0.000E+00  0.000E+00
  0.000E+00  0.000E+00  0.000E+00  0.000E+00  0.000E+00  0.000E+00  0.000E+00  0.000E+00  0.000E+00  0.000E+00
  0.000E+00  0.000E+00  0.000E+00  0.000E+00  0.000E+00  0.000E+00  0.000E+00  0.000E+00  0.000E+00  0.000E+00
  0.000E+00  0.000E+00  0.000E+00  0.000E+00  0.000E+00  0.000E+00  0.000E+00  0.000E+00  0.000E+00  0.000E+00
  0.000E+00  0.000E+00  0.000E+00  0.000E+00  0.000E+00  0.000E+00  0.000E+00  0.000E+00  0.000E+00  0.000E+00
  0.000E+00  0.000E+00  0.000E+00  0.000E+00  0.000E+00  0.000E+00  0.000E+00  0.000E+00  0.000E+00  0.000E+00
  0.000E+00  0.000E+00  0.000E+00  0.000E+00  0.000E+00  0.000E+00  0.000E+00  0.000E+00  0.000E+00  0.000E+00
  0.000E+00  0.000E+00  0.000E+00  0.000E+00  0.000E+00  0.000E+00  0.000E+00  0.000E+00  0.000E+00  0.000E+00
  0.000E+00  0.000E+00  0.000E+00  0.000E+00  0.000E+00  1.229E-06  0.000E+00  0.000E+00  0.000E+00  0.000E+00
  0.000E+00  0.000E+00  0.000E+00  0.000E+00  0.000E+00  0.000E+00  0.000E+00  0.000E+00  0.000E+00  0.000E+00
  0.000E+00  0.000E+00  0.000E+00  0.000E+00  0.000E+00  0.000E+00  0.000E+00  0.000E+00  0.000E+00  0.000E+00
  0.000E+00  0.000E+00  0.000E+00  0.000E+00  0.000E+00  0.000E+00  0.000E+00  0.000E+00  0.000E+00  0.000E+00
  0.000E+00  0.000E+00  0.000E+00  7.384E-06  7.438E-07  0.000E+00  0.000E+00  0.000E+00  0.000E+00  0.000E+00
  0.000E+00  0.000E+00  0.000E+00  0.000E+00  0.000E+00  0.000E+00  0.000E+00  0.000E+00  0.000E+00  0.000E+00
  0.000E+00  0.000E+00  0.000E+00  0.000E+00  0.000E+00  0.000E+00  0.000E+00  0.000E+00  0.000E+00  0.000E+00
  0.000E+00  0.000E+00  0.000E+00  0.000E+00  0.000E+00  0.000E+00  0.000E+00  0.000E+00  0.000E+00  0.000E+00
  0.000E+00  0.000E+00  0.000E+00  0.000E+00  0.000E+00  0.000E+00  0.000E+00  0.000E+00  0.000E+00  0.000E+00
  0.000E+00  0.000E+00  0.000E+00  0.000E+00  0.000E+00  0.000E+00  0.000E+00  0.000E+00  0.000E+00  0.000E+00
  0.000E+00  0.000E+00  0.000E+00  0.000E+00  0.000E+00  0.000E+00  0.000E+00  0.000E+00  0.000E+00  0.000E+00
  0.000E+00  0.000E+00  0.000E+00  0.000E+00  0.000E+00  0.000E+00  0.000E+00  0.000E+00  0.000E+00  0.000E+00
  0.000E+00  0.000E+00  0.000E+00  0.000E+00  0.000E+00  0.000E+00  0.000E+00  0.000E+00  0.000E+00  0.000E+00
  0.000E+00  0.000E+00  0.000E+00  0.000E+00  0.000E+00  0.000E+00  0.000E+00  0.000E+00  0.000E+00  0.000E+00
  0.000E+00  0.000E+00  0.000E+00  0.000E+00  0.000E+00  0.000E+00  0.000E+00  0.000E+00  0.000E+00  0.000E+00
  0.000E+00  0.000E+00  0.000E+00  0.000E+00  0.000E+00  0.000E+00  0.000E+00  0.000E+00  0.000E+00  0.000E+00
  0.000E+00  0.000E+00  0.000E+00  0.000E+00  0.000E+00  0.000E+00  0.000E+00  0.000E+00  0.000E+00  0.000E+00
  0.000E+00  0.000E+00  0.000E+00  0.000E+00  0.000E+00  0.000E+00  0.000E+00  0.000E+00  0.000E+00  0.000E+00
  0.000E+00  0.000E+00  0.000E+00  0.000E+00  0.000E+00  0.000E+00  0.000E+00  0.000E+00  0.000E+00  0.000E+00
  0.000E+00  0.000E+00  0.000E+00  0.000E+00  0.000E+00  0.000E+00  0.000E+00  0.000E+00  0.000E+00  0.000E+00
  0.000E+00  0.000E+00  0.000E+00  0.000E+00  0.000E+00  8.443E-06  0.000E+00  0.000E+00  0.000E+00  0.000E+00
  0.000E+00  0.000E+00  0.000E+00  0.000E+00  0.000E+00  0.000E+00  0.000E+00  0.000E+00  0.000E+00  0.000E+00
  0.000E+00  0.000E+00  0.000E+00  0.000E+00  0.000E+00  0.000E+00  0.000E+00  0.000E+00  0.000E+00  0.000E+00
  0.000E+00  0.000E+00  0.000E+00  0.000E+00  0.000E+00  0.000E+00  0.000E+00  0.000E+00  0.000E+00  0.000E+00
  0.000E+00  0.000E+00  0.000E+00  7.863E-06  0.000E+00  0.000E+00  0.000E+00  0.000E+00  0.000E+00  0.000E+00
  0.000E+00  0.000E+00  0.000E+00  0.000E+00  0.000E+00  0.000E+00  0.000E+00  0.000E+00  0.000E+00  0.000E+00
  0.000E+00  0.000E+00  0.000E+00  0.000E+00  0.000E+00  0.000E+00  0.000E+00  0.000E+00  0.000E+00  0.000E+00
  0.000E+00  0.000E+00  0.000E+00  0.000E+00  0.000E+00  0.000E+00  0.000E+00  0.000E+00  0.000E+00  0.000E+00
  0.000E+00  0.000E+00  0.000E+00  0.000E+00  0.000E+00  0.000E+00  0.000E+00  0.000E+00  0.000E+00  0.000E+00
  0.000E+00  0.000E+00  0.000E+00  0.000E+00  0.000E+00  0.000E+00  0.000E+00  0.000E+00  0.000E+00  0.000E+00
  0.000E+00  0.000E+00  0.000E+00  0.000E+00  0.000E+00  0.000E+00  0.000E+00  0.000E+00  0.000E+00  0.000E+00
  0.000E+00  0.000E+00  0.000E+00  0.000E+00  0.000E+00  0.000E+00  0.000E+00  0.000E+00  0.000E+00  0.000E+00
  0.000E+00  0.000E+00  0.000E+00  0.000E+00  0.000E+00  0.000E+00  0.000E+00  0.000E+00  0.000E+00  0.000E+00
  0.000E+00  0.000E+00  0.000E+00  0.000E+00  0.000E+00  0.000E+00  0.000E+00  0.000E+00  0.000E+00  0.000E+00
  0.000E+00  0.000E+00  0.000E+00  0.000E+00  0.000E+00  0.000E+00  0.000E+00  0.000E+00  0.000E+00  0.000E+00
  0.000E+00  0.000E+00  0.000E+00  0.000E+00  0.000E+00  0.000E+00  0.000E+00  0.000E+00  0.000E+00  0.000E+00
  0.000E+00  0.000E+00  0.000E+00  0.000E+00  0.000E+00  0.000E+00  0.000E+00  0.000E+00  0.000E+00  0.000E+00
  0.000E+00  0.000E+00  0.000E+00  0.000E+00  0.000E+00  0.000E+00  0.000E+00  0.000E+00  0.000E+00  0.000E+00
  0.000E+00  0.000E+00  0.000E+00  0.000E+00  0.000E+00  0.000E+00  0.000E+00  0.000E+00  0.000E+00  0.000E+00
  0.000E+00  0.000E+00  0.000E+00  0.000E+00  0.000E+00  0.000E+00  0.000E+00  0.000E+00  0.000E+00  0.000E+00
  0.000E+00  0.000E+00  0.000E+00  0.000E+00  0.000E+00  7.369E-06  0.000E+00  0.000E+00  0.000E+00  0.000E+00
  0.000E+00  0.000E+00  0.000E+00  0.000E+00  0.000E+00  0.000E+00  0.000E+00  0.000E+00  0.000E+00  0.000E+00
  0.000E+00  0.000E+00  0.000E+00  0.000E+00  0.000E+00  0.000E+00  0.000E+00  0.000E+00  0.000E+00  0.000E+00
  0.000E+00  0.000E+00  0.000E+00  0.000E+00  0.000E+00  0.000E+00  0.000E+00  0.000E+00  0.000E+00  0.000E+00
  0.000E+00  0.000E+00  0.000E+00  7.863E-06  0.000E+00  0.000E+00  0.000E+00  0.000E+00  0.000E+00  0.000E+00
  0.000E+00  0.000E+00  0.000E+00  0.000E+00  0.000E+00  0.000E+00  0.000E+00  0.000E+00  0.000E+00  0.000E+00
  0.000E+00  0.000E+00  0.000E+00  0.000E+00  0.000E+00  0.000E+00  0.000E+00  0.000E+00  0.000E+00  0.000E+00
  0.000E+00  0.000E+00  0.000E+00  0.000E+00  0.000E+00  0.000E+00  0.000E+00  0.000E+00  0.000E+00  0.000E+00
  0.000E+00  0.000E+00  0.000E+00  0.000E+00  0.000E+00  0.000E+00  0.000E+00  0.000E+00  0.000E+00  0.000E+00
  0.000E+00  0.000E+00  0.000E+00  0.000E+00  0.000E+00  0.000E+00  0.000E+00  0.000E+00  0.000E+00  0.000E+00
  0.000E+00  0.000E+00  0.000E+00  0.000E+00  0.000E+00  0.000E+00  0.000E+00  0.000E+00  0.000E+00  0.000E+00
  0.000E+00  0.000E+00  0.000E+00  0.000E+00  0.000E+00  0.000E+00  0.000E+00  0.000E+00  0.000E+00  0.000E+00
  0.000E+00  0.000E+00  0.000E+00  0.000E+00  0.000E+00  0.000E+00  0.000E+00  0.000E+00  0.000E+00  0.000E+00
  0.000E+00  0.000E+00  0.000E+00  0.000E+00  0.000E+00  0.000E+00  0.000E+00  0.000E+00  0.000E+00  0.000E+00
  0.000E+00  0.000E+00  0.000E+00  0.000E+00  0.000E+00  0.000E+00  0.000E+00  0.000E+00  0.000E+00  0.000E+00
  0.000E+00  0.000E+00  0.000E+00  0.000E+00  0.000E+00  0.000E+00  0.000E+00  0.000E+00  0.000E+00  0.000E+00
  0.000E+00  0.000E+00  0.000E+00  0.000E+00  0.000E+00  0.000E+00  0.000E+00  0.000E+00  0.000E+00  0.000E+00
  0.000E+00  0.000E+00  0.000E+00  0.000E+00  0.000E+00  0.000E+00  0.000E+00  0.000E+00  0.000E+00  0.000E+00
  0.000E+00  0.000E+00  0.000E+00  0.000E+00  0.000E+00  0.000E+00  0.000E+00  0.000E+00  0.000E+00  0.000E+00
  0.000E+00  0.000E+00  0.000E+00  0.000E+00  0.000E+00  0.000E+00  0.000E+00  0.000E+00  0.000E+00  0.000E+00
  0.000E+00  0.000E+00  0.000E+00  0.000E+00  0.000E+00  7.013E-06  0.000E+00  0.000E+00  0.000E+00  0.000E+00
  0.000E+00  0.000E+00  0.000E+00  0.000E+00  0.000E+00  0.000E+00  0.000E+00  0.000E+00  0.000E+00  0.000E+00
  0.000E+00  0.000E+00  0.000E+00  0.000E+00  0.000E+00  0.000E+00  0.000E+00  0.000E+00  0.000E+00  0.000E+00
  0.000E+00  0.000E+00  0.000E+00  0.000E+00  0.000E+00  0.000E+00  0.000E+00  0.000E+00  0.000E+00  0.000E+00
  0.000E+00  0.000E+00  0.000E+00  7.863E-06  0.000E+00  0.000E+00  0.000E+00  0.000E+00  0.000E+00  0.000E+00
  0.000E+00  0.000E+00  0.000E+00  0.000E+00  0.000E+00  0.000E+00  0.000E+00  0.000E+00  0.000E+00  0.000E+00
  0.000E+00  0.000E+00  0.000E+00  0.000E+00  0.000E+00  0.000E+00  0.000E+00  0.000E+00  0.000E+00  0.000E+00
  0.000E+00  0.000E+00  0.000E+00  0.000E+00  0.000E+00  0.000E+00  0.000E+00  0.000E+00  0.000E+00  0.000E+00
  0.000E+00  0.000E+00  0.000E+00  0.000E+00  0.000E+00  0.000E+00  0.000E+00  0.000E+00  0.000E+00  0.000E+00
  0.000E+00  0.000E+00  0.000E+00  0.000E+00  0.000E+00  0.000E+00  0.000E+00  0.000E+00  0.000E+00  0.000E+00
  0.000E+00  0.000E+00  0.000E+00  0.000E+00  0.000E+00  0.000E+00  0.000E+00  0.000E+00  0.000E+00  0.000E+00
  0.000E+00  0.000E+00  0.000E+00  0.000E+00  0.000E+00  0.000E+00  0.000E+00  0.000E+00  0.000E+00  0.000E+00
  0.000E+00  0.000E+00  0.000E+00  0.000E+00  0.000E+00  0.000E+00  0.000E+00  0.000E+00  0.000E+00  0.000E+00
  0.000E+00  0.000E+00  0.000E+00  0.000E+00  0.000E+00  0.000E+00  0.000E+00  0.000E+00  0.000E+00  0.000E+00
  0.000E+00  0.000E+00  0.000E+00  0.000E+00  0.000E+00  0.000E+00  0.000E+00  0.000E+00  0.000E+00  0.000E+00
  0.000E+00  0.000E+00  0.000E+00  0.000E+00  0.000E+00  0.000E+00  0.000E+00  0.000E+00  0.000E+00  0.000E+00
  0.000E+00  0.000E+00  0.000E+00  0.000E+00  0.000E+00  0.000E+00  0.000E+00  0.000E+00  0.000E+00  0.000E+00
  0.000E+00  0.000E+00  0.000E+00  0.000E+00  0.000E+00  0.000E+00  0.000E+00  0.000E+00  0.000E+00  0.000E+00
  0.000E+00  0.000E+00  0.000E+00  0.000E+00  0.000E+00  0.000E+00  0.000E+00  0.000E+00  0.000E+00  0.000E+00
  0.000E+00  0.000E+00  0.000E+00  0.000E+00  0.000E+00  0.000E+00  0.000E+00  0.000E+00  0.000E+00  0.000E+00
  0.000E+00  0.000E+00  0.000E+00  0.000E+00  0.000E+00  6.284E-06  0.000E+00  0.000E+00  0.000E+00  0.000E+00
  0.000E+00  0.000E+00  0.000E+00  0.000E+00  0.000E+00  0.000E+00  0.000E+00  0.000E+00  0.000E+00  0.000E+00
  0.000E+00  0.000E+00  0.000E+00  0.000E+00  0.000E+00  0.000E+00  0.000E+00  0.000E+00  0.000E+00  0.000E+00
  0.000E+00  0.000E+00  0.000E+00  0.000E+00  0.000E+00  0.000E+00  0.000E+00  0.000E+00  0.000E+00  0.000E+00
  0.000E+00  0.000E+00  6.242E-06  1.621E-06  0.000E+00  0.000E+00  0.000E+00  0.000E+00  0.000E+00  0.000E+00
  0.000E+00  0.000E+00  0.000E+00  0.000E+00  0.000E+00  0.000E+00  0.000E+00  0.000E+00  0.000E+00  0.000E+00
  0.000E+00  0.000E+00  0.000E+00  0.000E+00  0.000E+00  0.000E+00  0.000E+00  0.000E+00  0.000E+00  0.000E+00
  0.000E+00  0.000E+00  0.000E+00  0.000E+00  0.000E+00  0.000E+00  0.000E+00  0.000E+00  0.000E+00  0.000E+00
  0.000E+00  0.000E+00  0.000E+00  0.000E+00  0.000E+00  0.000E+00  0.000E+00  0.000E+00  0.000E+00  0.000E+00
  0.000E+00  0.000E+00  0.000E+00  0.000E+00  0.000E+00  0.000E+00  0.000E+00  0.000E+00  0.000E+00  0.000E+00
  0.000E+00  0.000E+00  0.000E+00  0.000E+00  0.000E+00  0.000E+00  0.000E+00  0.000E+00  0.000E+00  0.000E+00
  0.000E+00  0.000E+00  0.000E+00  0.000E+00  0.000E+00  0.000E+00  0.000E+00  0.000E+00  0.000E+00  0.000E+00
  0.000E+00  0.000E+00  0.000E+00  0.000E+00  0.000E+00  0.000E+00  0.000E+00  0.000E+00  0.000E+00  0.000E+00
  0.000E+00  0.000E+00  0.000E+00  0.000E+00  0.000E+00  0.000E+00  0.000E+00  0.000E+00  0.000E+00  0.000E+00
  0.000E+00  0.000E+00  0.000E+00  0.000E+00  0.000E+00  0.000E+00  0.000E+00  0.000E+00  0.000E+00  0.000E+00
  0.000E+00  0.000E+00  0.000E+00  0.000E+00  0.000E+00  0.000E+00  0.000E+00  0.000E+00  0.000E+00  0.000E+00
  0.000E+00  0.000E+00  0.000E+00  0.000E+00  0.000E+00  0.000E+00  0.000E+00  0.000E+00  0.000E+00  0.000E+00
  0.000E+00  0.000E+00  0.000E+00  0.000E+00  0.000E+00  0.000E+00  0.000E+00  0.000E+00  0.000E+00  0.000E+00
  0.000E+00  0.000E+00  0.000E+00  0.000E+00  0.000E+00  0.000E+00  0.000E+00  0.000E+00  0.000E+00  0.000E+00
  0.000E+00  0.000E+00  0.000E+00  0.000E+00  0.000E+00  0.000E+00  0.000E+00  0.000E+00  0.000E+00  0.000E+00
  0.000E+00  0.000E+00  0.000E+00  0.000E+00  0.000E+00  6.114E-06  0.000E+00  0.000E+00  0.000E+00  0.000E+00
  0.000E+00  0.000E+00  0.000E+00  0.000E+00  0.000E+00  0.000E+00  0.000E+00  0.000E+00  0.000E+00  0.000E+00
  0.000E+00  0.000E+00  0.000E+00  0.000E+00  0.000E+00  0.000E+00  0.000E+00  0.000E+00  0.000E+00  0.000E+00
  0.000E+00  0.000E+00  0.000E+00  0.000E+00  0.000E+00  0.000E+00  1.091E-05  0.000E+00  0.000E+00  0.000E+00
  0.000E+00  0.000E+00  7.863E-06  0.000E+00  0.000E+00  0.000E+00  0.000E+00  0.000E+00  0.000E+00  0.000E+00
  0.000E+00  0.000E+00  0.000E+00  0.000E+00  0.000E+00  0.000E+00  0.000E+00  0.000E+00  0.000E+00  0.000E+00
  0.000E+00  0.000E+00  0.000E+00  0.000E+00  0.000E+00  0.000E+00  0.000E+00  0.000E+00  0.000E+00  0.000E+00
  0.000E+00  0.000E+00  0.000E+00  0.000E+00  0.000E+00  0.000E+00  0.000E+00  0.000E+00  0.000E+00  0.000E+00
  0.000E+00  0.000E+00  0.000E+00  0.000E+00  0.000E+00  0.000E+00  0.000E+00  0.000E+00  0.000E+00  0.000E+00
  0.000E+00  0.000E+00  0.000E+00  0.000E+00  0.000E+00  0.000E+00  0.000E+00  0.000E+00  0.000E+00  0.000E+00
  0.000E+00  0.000E+00  0.000E+00  0.000E+00  0.000E+00  0.000E+00  0.000E+00  0.000E+00  0.000E+00  0.000E+00
  0.000E+00  0.000E+00  0.000E+00  0.000E+00  0.000E+00  0.000E+00  0.000E+00  0.000E+00  0.000E+00  0.000E+00
  0.000E+00  0.000E+00  0.000E+00  0.000E+00  0.000E+00  0.000E+00  0.000E+00  0.000E+00  0.000E+00  0.000E+00
  0.000E+00  0.000E+00  0.000E+00  0.000E+00  0.000E+00  0.000E+00  0.000E+00  0.000E+00  0.000E+00  0.000E+00
  0.000E+00  0.000E+00  0.000E+00  0.000E+00  0.000E+00  0.000E+00  0.000E+00  0.000E+00  0.000E+00  0.000E+00
  0.000E+00  0.000E+00  0.000E+00  0.000E+00  0.000E+00  0.000E+00  0.000E+00  0.000E+00  0.000E+00  0.000E+00
  0.000E+00  0.000E+00  0.000E+00  0.000E+00  0.000E+00  0.000E+00  0.000E+00  0.000E+00  0.000E+00  0.000E+00
  0.000E+00  0.000E+00  0.000E+00  0.000E+00  0.000E+00  0.000E+00  0.000E+00  0.000E+00  0.000E+00  0.000E+00
  0.000E+00  0.000E+00  0.000E+00  0.000E+00  0.000E+00  0.000E+00  0.000E+00  0.000E+00  0.000E+00  0.000E+00
  0.000E+00  0.000E+00  0.000E+00  0.000E+00  0.000E+00  0.000E+00  0.000E+00  0.000E+00  0.000E+00  0.000E+00
  0.000E+00  0.000E+00  0.000E+00  0.000E+00  0.000E+00  6.114E-06  0.000E+00  0.000E+00  0.000E+00  0.000E+00
  0.000E+00  0.000E+00  0.000E+00  0.000E+00  0.000E+00  0.000E+00  0.000E+00  0.000E+00  0.000E+00  0.000E+00
  0.000E+00  0.000E+00  0.000E+00  0.000E+00  0.000E+00  0.000E+00  0.000E+00  0.000E+00  0.000E+00  0.000E+00
  0.000E+00  0.000E+00  0.000E+00  0.000E+00  0.000E+00  0.000E+00  9.693E-06  0.000E+00  0.000E+00  0.000E+00
  0.000E+00  0.000E+00  7.863E-06  0.000E+00  0.000E+00  0.000E+00  0.000E+00  0.000E+00  0.000E+00  0.000E+00
  0.000E+00  0.000E+00  0.000E+00  0.000E+00  0.000E+00  0.000E+00  0.000E+00  0.000E+00  0.000E+00  0.000E+00
  0.000E+00  0.000E+00  0.000E+00  0.000E+00  0.000E+00  0.000E+00  0.000E+00  0.000E+00  0.000E+00  0.000E+00
  0.000E+00  0.000E+00  0.000E+00  0.000E+00  0.000E+00  0.000E+00  0.000E+00  0.000E+00  0.000E+00  0.000E+00
  0.000E+00  0.000E+00  0.000E+00  0.000E+00  0.000E+00  0.000E+00  0.000E+00  0.000E+00  0.000E+00  0.000E+00
  0.000E+00  0.000E+00  0.000E+00  0.000E+00  0.000E+00  0.000E+00  0.000E+00  0.000E+00  0.000E+00  0.000E+00
  0.000E+00  0.000E+00  0.000E+00  0.000E+00  0.000E+00  0.000E+00  0.000E+00  0.000E+00  0.000E+00  0.000E+00
  0.000E+00  0.000E+00  0.000E+00  0.000E+00  0.000E+00  0.000E+00  0.000E+00  0.000E+00  0.000E+00  0.000E+00
  0.000E+00  0.000E+00  0.000E+00  0.000E+00  0.000E+00  0.000E+00  0.000E+00  0.000E+00  0.000E+00  0.000E+00
  0.000E+00  0.000E+00  0.000E+00  0.000E+00  0.000E+00  0.000E+00  0.000E+00  0.000E+00  0.000E+00  0.000E+00
  0.000E+00  0.000E+00  0.000E+00  0.000E+00  0.000E+00  0.000E+00  0.000E+00  0.000E+00  0.000E+00  0.000E+00
  0.000E+00  0.000E+00  0.000E+00  0.000E+00  0.000E+00  0.000E+00  0.000E+00  0.000E+00  0.000E+00  0.000E+00
  0.000E+00  0.000E+00  0.000E+00  0.000E+00  0.000E+00  0.000E+00  0.000E+00  0.000E+00  0.000E+00  0.000E+00
  0.000E+00  0.000E+00  0.000E+00  0.000E+00  0.000E+00  0.000E+00  0.000E+00  0.000E+00  0.000E+00  0.000E+00
  0.000E+00  0.000E+00  0.000E+00  0.000E+00  0.000E+00  0.000E+00  0.000E+00  0.000E+00  0.000E+00  0.000E+00
  0.000E+00  0.000E+00  0.000E+00  0.000E+00  0.000E+00  0.000E+00  0.000E+00  0.000E+00  0.000E+00  0.000E+00
  0.000E+00  0.000E+00  0.000E+00  0.000E+00  0.000E+00  6.114E-06  0.000E+00  0.000E+00  0.000E+00  0.000E+00
  0.000E+00  0.000E+00  0.000E+00  0.000E+00  0.000E+00  0.000E+00  0.000E+00  0.000E+00  0.000E+00  0.000E+00
  0.000E+00  0.000E+00  0.000E+00  0.000E+00  0.000E+00  0.000E+00  0.000E+00  0.000E+00  0.000E+00  0.000E+00
  0.000E+00  0.000E+00  0.000E+00  0.000E+00  0.000E+00  0.000E+00  8.386E-06  0.000E+00  0.000E+00  0.000E+00
  0.000E+00  0.000E+00  7.863E-06  0.000E+00  0.000E+00  0.000E+00  0.000E+00  0.000E+00  0.000E+00  0.000E+00
  0.000E+00  0.000E+00  0.000E+00  0.000E+00  0.000E+00  0.000E+00  0.000E+00  0.000E+00  0.000E+00  0.000E+00
  0.000E+00  0.000E+00  0.000E+00  0.000E+00  0.000E+00  0.000E+00  0.000E+00  0.000E+00  0.000E+00  0.000E+00
  0.000E+00  0.000E+00  0.000E+00  0.000E+00  0.000E+00  0.000E+00  0.000E+00  0.000E+00  0.000E+00  0.000E+00
  0.000E+00  0.000E+00  0.000E+00  0.000E+00  0.000E+00  0.000E+00  0.000E+00  0.000E+00  0.000E+00  0.000E+00
  0.000E+00  0.000E+00  0.000E+00  0.000E+00  0.000E+00  0.000E+00  0.000E+00  0.000E+00  0.000E+00  0.000E+00
  0.000E+00  0.000E+00  0.000E+00  0.000E+00  0.000E+00  0.000E+00  0.000E+00  0.000E+00  0.000E+00  0.000E+00
  0.000E+00  0.000E+00  0.000E+00  0.000E+00  0.000E+00  0.000E+00  0.000E+00  0.000E+00  0.000E+00  0.000E+00
  0.000E+00  0.000E+00  0.000E+00  0.000E+00  0.000E+00  0.000E+00  0.000E+00  0.000E+00  0.000E+00  0.000E+00
  0.000E+00  0.000E+00  0.000E+00  0.000E+00  0.000E+00  0.000E+00  0.000E+00  0.000E+00  0.000E+00  0.000E+00
  0.000E+00  0.000E+00  0.000E+00  0.000E+00  0.000E+00  0.000E+00  0.000E+00  0.000E+00  0.000E+00  0.000E+00
  0.000E+00  0.000E+00  0.000E+00  0.000E+00  0.000E+00  0.000E+00  0.000E+00  0.000E+00  0.000E+00  0.000E+00
  0.000E+00  0.000E+00  0.000E+00  0.000E+00  0.000E+00  0.000E+00  0.000E+00  0.000E+00  0.000E+00  0.000E+00
  0.000E+00  0.000E+00  0.000E+00  0.000E+00  0.000E+00  0.000E+00  0.000E+00  0.000E+00  0.000E+00  0.000E+00
  0.000E+00  0.000E+00  0.000E+00  0.000E+00  0.000E+00  0.000E+00  0.000E+00  0.000E+00  0.000E+00  0.000E+00
  0.000E+00  0.000E+00  0.000E+00  0.000E+00  0.000E+00  0.000E+00  0.000E+00  0.000E+00  0.000E+00  0.000E+00
  0.000E+00  0.000E+00  0.000E+00  0.000E+00  0.000E+00  6.114E-06  0.000E+00  0.000E+00  0.000E+00  0.000E+00
  0.000E+00  0.000E+00  0.000E+00  0.000E+00  0.000E+00  0.000E+00  0.000E+00  0.000E+00  0.000E+00  0.000E+00
  0.000E+00  0.000E+00  0.000E+00  0.000E+00  0.000E+00  0.000E+00  0.000E+00  0.000E+00  0.000E+00  0.000E+00
  0.000E+00  0.000E+00  0.000E+00  0.000E+00  0.000E+00  0.000E+00  8.386E-06  0.000E+00  0.000E+00  0.000E+00
  0.000E+00  7.919E-06  8.521E-06  0.000E+00  0.000E+00  0.000E+00  0.000E+00  0.000E+00  0.000E+00  0.000E+00
  0.000E+00  0.000E+00  0.000E+00  0.000E+00  0.000E+00  0.000E+00  0.000E+00  0.000E+00  0.000E+00  0.000E+00
  0.000E+00  0.000E+00  0.000E+00  0.000E+00  0.000E+00  0.000E+00  0.000E+00  0.000E+00  0.000E+00  0.000E+00
  0.000E+00  0.000E+00  0.000E+00  0.000E+00  0.000E+00  0.000E+00  0.000E+00  0.000E+00  0.000E+00  0.000E+00
  0.000E+00  0.000E+00  0.000E+00  0.000E+00  0.000E+00  0.000E+00  0.000E+00  0.000E+00  0.000E+00  0.000E+00
  0.000E+00  0.000E+00  0.000E+00  0.000E+00  0.000E+00  0.000E+00  0.000E+00  0.000E+00  0.000E+00  0.000E+00
  0.000E+00  0.000E+00  0.000E+00  0.000E+00  0.000E+00  0.000E+00  0.000E+00  0.000E+00  0.000E+00  0.000E+00
  0.000E+00  0.000E+00  0.000E+00  0.000E+00  0.000E+00  0.000E+00  0.000E+00  0.000E+00  0.000E+00  0.000E+00
  0.000E+00  0.000E+00  0.000E+00  0.000E+00  0.000E+00  0.000E+00  0.000E+00  0.000E+00  0.000E+00  0.000E+00
  0.000E+00  0.000E+00  0.000E+00  0.000E+00  0.000E+00  0.000E+00  0.000E+00  0.000E+00  0.000E+00  0.000E+00
  0.000E+00  0.000E+00  0.000E+00  0.000E+00  0.000E+00  0.000E+00  0.000E+00  0.000E+00  0.000E+00  0.000E+00
  0.000E+00  0.000E+00  0.000E+00  0.000E+00  0.000E+00  0.000E+00  0.000E+00  0.000E+00  0.000E+00  0.000E+00
  0.000E+00  0.000E+00  0.000E+00  0.000E+00  0.000E+00  0.000E+00  0.000E+00  0.000E+00  0.000E+00  0.000E+00
  0.000E+00  0.000E+00  0.000E+00  0.000E+00  0.000E+00  0.000E+00  0.000E+00  0.000E+00  0.000E+00  0.000E+00
  0.000E+00  0.000E+00  0.000E+00  0.000E+00  0.000E+00  0.000E+00  0.000E+00  0.000E+00  0.000E+00  0.000E+00
  0.000E+00  0.000E+00  0.000E+00  0.000E+00  0.000E+00  0.000E+00  0.000E+00  0.000E+00  0.000E+00  0.000E+00
  0.000E+00  0.000E+00  0.000E+00  0.000E+00  0.000E+00  6.114E-06  0.000E+00  0.000E+00  0.000E+00  0.000E+00
  0.000E+00  0.000E+00  0.000E+00  0.000E+00  0.000E+00  0.000E+00  0.000E+00  0.000E+00  0.000E+00  0.000E+00
  0.000E+00  0.000E+00  0.000E+00  0.000E+00  0.000E+00  0.000E+00  0.000E+00  0.000E+00  0.000E+00  0.000E+00
  0.000E+00  0.000E+00  0.000E+00  0.000E+00  0.000E+00  0.000E+00  8.386E-06  0.000E+00  0.000E+00  0.000E+00
  0.000E+00  8.122E-06  0.000E+00  0.000E+00  0.000E+00  0.000E+00  0.000E+00  0.000E+00  0.000E+00  0.000E+00
  0.000E+00  0.000E+00  0.000E+00  0.000E+00  0.000E+00  0.000E+00  0.000E+00  0.000E+00  0.000E+00  0.000E+00
  0.000E+00  0.000E+00  0.000E+00  0.000E+00  0.000E+00  0.000E+00  0.000E+00  0.000E+00  0.000E+00  0.000E+00
  0.000E+00  0.000E+00  0.000E+00  0.000E+00  0.000E+00  0.000E+00  0.000E+00  0.000E+00  0.000E+00  0.000E+00
  0.000E+00  0.000E+00  0.000E+00  0.000E+00  0.000E+00  0.000E+00  0.000E+00  0.000E+00  0.000E+00  0.000E+00
  0.000E+00  0.000E+00  0.000E+00  0.000E+00  0.000E+00  0.000E+00  0.000E+00  0.000E+00  0.000E+00  0.000E+00
  0.000E+00  0.000E+00  0.000E+00  0.000E+00  0.000E+00  0.000E+00  0.000E+00  0.000E+00  0.000E+00  0.000E+00
  0.000E+00  0.000E+00  0.000E+00  0.000E+00  0.000E+00  0.000E+00  0.000E+00  0.000E+00  0.000E+00  0.000E+00
  0.000E+00  0.000E+00  0.000E+00  0.000E+00  0.000E+00  0.000E+00  0.000E+00  0.000E+00  0.000E+00  0.000E+00
  0.000E+00  0.000E+00  0.000E+00  0.000E+00  0.000E+00  0.000E+00  0.000E+00  0.000E+00  0.000E+00  0.000E+00
  0.000E+00  0.000E+00  0.000E+00  0.000E+00  0.000E+00  0.000E+00  0.000E+00  0.000E+00  0.000E+00  0.000E+00
  0.000E+00  0.000E+00  0.000E+00  0.000E+00  0.000E+00  0.000E+00  0.000E+00  0.000E+00  0.000E+00  0.000E+00
  0.000E+00  0.000E+00  0.000E+00  0.000E+00  0.000E+00  0.000E+00  0.000E+00  0.000E+00  0.000E+00  0.000E+00
  0.000E+00  0.000E+00  0.000E+00  0.000E+00  0.000E+00  0.000E+00  0.000E+00  0.000E+00  0.000E+00  0.000E+00
  0.000E+00  0.000E+00  0.000E+00  0.000E+00  0.000E+00  0.000E+00  0.000E+00  0.000E+00  0.000E+00  0.000E+00
  0.000E+00  0.000E+00  0.000E+00  0.000E+00  0.000E+00  0.000E+00  0.000E+00  0.000E+00  0.000E+00  0.000E+00
  0.000E+00  0.000E+00  0.000E+00  0.000E+00  0.000E+00  6.114E-06  0.000E+00  0.000E+00  0.000E+00  0.000E+00
  0.000E+00  0.000E+00  0.000E+00  0.000E+00  0.000E+00  0.000E+00  0.000E+00  0.000E+00  0.000E+00  0.000E+00
  0.000E+00  0.000E+00  0.000E+00  0.000E+00  0.000E+00  0.000E+00  0.000E+00  0.000E+00  0.000E+00  0.000E+00
  0.000E+00  0.000E+00  0.000E+00  0.000E+00  0.000E+00  0.000E+00  8.386E-06  0.000E+00  0.000E+00  0.000E+00
  0.000E+00  8.122E-06  0.000E+00  0.000E+00  0.000E+00  0.000E+00  0.000E+00  0.000E+00  0.000E+00  0.000E+00
  0.000E+00  0.000E+00  0.000E+00  0.000E+00  0.000E+00  0.000E+00  0.000E+00  0.000E+00  0.000E+00  0.000E+00
  0.000E+00  0.000E+00  0.000E+00  0.000E+00  0.000E+00  0.000E+00  0.000E+00  0.000E+00  0.000E+00  0.000E+00
  0.000E+00  0.000E+00  0.000E+00  0.000E+00  0.000E+00  0.000E+00  0.000E+00  0.000E+00  0.000E+00  0.000E+00
  0.000E+00  0.000E+00  0.000E+00  0.000E+00  0.000E+00  0.000E+00  0.000E+00  0.000E+00  0.000E+00  0.000E+00
  0.000E+00  0.000E+00  0.000E+00  0.000E+00  0.000E+00  0.000E+00  0.000E+00  0.000E+00  0.000E+00  0.000E+00
  0.000E+00  0.000E+00  0.000E+00  0.000E+00  0.000E+00  0.000E+00  0.000E+00  0.000E+00  0.000E+00  0.000E+00
  0.000E+00  0.000E+00  0.000E+00  0.000E+00  0.000E+00  0.000E+00  0.000E+00  0.000E+00  0.000E+00  0.000E+00
  0.000E+00  0.000E+00  0.000E+00  0.000E+00  0.000E+00  0.000E+00  0.000E+00  0.000E+00  0.000E+00  0.000E+00
  0.000E+00  0.000E+00  0.000E+00  0.000E+00  0.000E+00  0.000E+00  0.000E+00  0.000E+00  0.000E+00  0.000E+00
  0.000E+00  0.000E+00  0.000E+00  0.000E+00  0.000E+00  0.000E+00  0.000E+00  0.000E+00  0.000E+00  0.000E+00
  0.000E+00  0.000E+00  0.000E+00  0.000E+00  0.000E+00  0.000E+00  0.000E+00  0.000E+00  0.000E+00  0.000E+00
  0.000E+00  0.000E+00  0.000E+00  0.000E+00  0.000E+00  0.000E+00  0.000E+00  0.000E+00  0.000E+00  0.000E+00
  0.000E+00  0.000E+00  0.000E+00  0.000E+00  0.000E+00  0.000E+00  0.000E+00  0.000E+00  0.000E+00  0.000E+00
  0.000E+00  0.000E+00  0.000E+00  0.000E+00  0.000E+00  0.000E+00  0.000E+00  0.000E+00  0.000E+00  0.000E+00
  0.000E+00  0.000E+00  0.000E+00  0.000E+00  0.000E+00  0.000E+00  0.000E+00  0.000E+00  0.000E+00  0.000E+00
  0.000E+00  0.000E+00  0.000E+00  0.000E+00  0.000E+00  6.114E-06  0.000E+00  0.000E+00  0.000E+00  0.000E+00
  0.000E+00  0.000E+00  0.000E+00  0.000E+00  0.000E+00  0.000E+00  0.000E+00  0.000E+00  0.000E+00  0.000E+00
  0.000E+00  0.000E+00  0.000E+00  0.000E+00  0.000E+00  0.000E+00  0.000E+00  0.000E+00  0.000E+00  0.000E+00
  0.000E+00  0.000E+00  0.000E+00  0.000E+00  0.000E+00  0.000E+00  7.695E-06  0.000E+00  0.000E+00  0.000E+00
  0.000E+00  8.122E-06  0.000E+00  0.000E+00  0.000E+00  0.000E+00  0.000E+00  0.000E+00  0.000E+00  0.000E+00
  0.000E+00  0.000E+00  0.000E+00  0.000E+00  0.000E+00  0.000E+00  0.000E+00  0.000E+00  0.000E+00  0.000E+00
  0.000E+00  0.000E+00  0.000E+00  0.000E+00  0.000E+00  0.000E+00  0.000E+00  0.000E+00  0.000E+00  0.000E+00
  0.000E+00  0.000E+00  0.000E+00  0.000E+00  0.000E+00  0.000E+00  0.000E+00  0.000E+00  0.000E+00  0.000E+00
  0.000E+00  0.000E+00  0.000E+00  0.000E+00  0.000E+00  0.000E+00  0.000E+00  0.000E+00  0.000E+00  0.000E+00
  0.000E+00  0.000E+00  0.000E+00  0.000E+00  0.000E+00  0.000E+00  0.000E+00  0.000E+00  0.000E+00  0.000E+00
  0.000E+00  0.000E+00  0.000E+00  0.000E+00  0.000E+00  0.000E+00  0.000E+00  0.000E+00  0.000E+00  0.000E+00
  0.000E+00  0.000E+00  0.000E+00  0.000E+00  0.000E+00  0.000E+00  0.000E+00  0.000E+00  0.000E+00  0.000E+00
  0.000E+00  0.000E+00  0.000E+00  0.000E+00  0.000E+00  0.000E+00  0.000E+00  0.000E+00  0.000E+00  0.000E+00
  0.000E+00  0.000E+00  0.000E+00  0.000E+00  0.000E+00  0.000E+00  0.000E+00  0.000E+00  0.000E+00  0.000E+00
  0.000E+00  0.000E+00  0.000E+00  0.000E+00  0.000E+00  0.000E+00  0.000E+00  0.000E+00  0.000E+00  0.000E+00
  0.000E+00  0.000E+00  0.000E+00  0.000E+00  0.000E+00  0.000E+00  0.000E+00  0.000E+00  0.000E+00  0.000E+00
  0.000E+00  0.000E+00  0.000E+00  0.000E+00  0.000E+00  0.000E+00  0.000E+00  0.000E+00  0.000E+00  0.000E+00
  0.000E+00  0.000E+00  0.000E+00  0.000E+00  0.000E+00  0.000E+00  0.000E+00  0.000E+00  0.000E+00  0.000E+00
  0.000E+00  0.000E+00  0.000E+00  0.000E+00  0.000E+00  0.000E+00  0.000E+00  0.000E+00  0.000E+00  0.000E+00
  0.000E+00  0.000E+00  0.000E+00  0.000E+00  0.000E+00  0.000E+00  0.000E+00  0.000E+00  0.000E+00  0.000E+00
  0.000E+00  0.000E+00  0.000E+00  0.000E+00  0.000E+00  6.114E-06  0.000E+00  0.000E+00  0.000E+00  0.000E+00
  0.000E+00  0.000E+00  0.000E+00  0.000E+00  0.000E+00  0.000E+00  0.000E+00  0.000E+00  0.000E+00  0.000E+00
  0.000E+00  0.000E+00  0.000E+00  0.000E+00  0.000E+00  0.000E+00  0.000E+00  0.000E+00  0.000E+00  0.000E+00
  0.000E+00  0.000E+00  0.000E+00  0.000E+00  0.000E+00  0.000E+00  6.953E-06  0.000E+00  0.000E+00  0.000E+00
  6.385E-06  1.737E-06  0.000E+00  0.000E+00  0.000E+00  0.000E+00  0.000E+00  0.000E+00  0.000E+00  0.000E+00
  0.000E+00  0.000E+00  0.000E+00  0.000E+00  0.000E+00  0.000E+00  0.000E+00  0.000E+00  0.000E+00  0.000E+00
  0.000E+00  0.000E+00  0.000E+00  0.000E+00  0.000E+00  0.000E+00  0.000E+00  0.000E+00  0.000E+00  0.000E+00
  0.000E+00  0.000E+00  0.000E+00  0.000E+00  0.000E+00  0.000E+00  0.000E+00  0.000E+00  0.000E+00  0.000E+00
  0.000E+00  0.000E+00  0.000E+00  0.000E+00  0.000E+00  0.000E+00  0.000E+00  0.000E+00  0.000E+00  0.000E+00
  0.000E+00  0.000E+00  0.000E+00  0.000E+00  0.000E+00  0.000E+00  0.000E+00  0.000E+00  0.000E+00  0.000E+00
  0.000E+00  0.000E+00  0.000E+00  0.000E+00  0.000E+00  0.000E+00  0.000E+00  0.000E+00  0.000E+00  0.000E+00
  0.000E+00  0.000E+00  0.000E+00  0.000E+00  0.000E+00  0.000E+00  0.000E+00  0.000E+00  0.000E+00  0.000E+00
  0.000E+00  0.000E+00  0.000E+00  0.000E+00  0.000E+00  0.000E+00  0.000E+00  0.000E+00  0.000E+00  0.000E+00
  0.000E+00  0.000E+00  0.000E+00  0.000E+00  0.000E+00  0.000E+00  0.000E+00  0.000E+00  0.000E+00  0.000E+00
  0.000E+00  0.000E+00  0.000E+00  0.000E+00  0.000E+00  0.000E+00  0.000E+00  0.000E+00  0.000E+00  0.000E+00
  0.000E+00  0.000E+00  0.000E+00  0.000E+00  0.000E+00  0.000E+00  0.000E+00  0.000E+00  0.000E+00  0.000E+00
  0.000E+00  0.000E+00  0.000E+00  0.000E+00  0.000E+00  0.000E+00  0.000E+00  0.000E+00  0.000E+00  0.000E+00
  0.000E+00  0.000E+00  0.000E+00  0.000E+00  0.000E+00  0.000E+00  0.000E+00  0.000E+00  0.000E+00  0.000E+00
  0.000E+00  0.000E+00  0.000E+00  0.000E+00  0.000E+00  0.000E+00  0.000E+00  0.000E+00  0.000E+00  0.000E+00
  0.000E+00  0.000E+00  0.000E+00  0.000E+00  0.000E+00  0.000E+00  0.000E+00  0.000E+00  0.000E+00  0.000E+00
  0.000E+00  0.000E+00  0.000E+00  0.000E+00  0.000E+00  6.114E-06  0.000E+00  0.000E+00  0.000E+00  0.000E+00
  0.000E+00  0.000E+00  0.000E+00  0.000E+00  0.000E+00  0.000E+00  0.000E+00  0.000E+00  0.000E+00  0.000E+00
  0.000E+00  0.000E+00  0.000E+00  0.000E+00  0.000E+00  0.000E+00  0.000E+00  0.000E+00  0.000E+00  0.000E+00
  0.000E+00  0.000E+00  0.000E+00  0.000E+00  0.000E+00  0.000E+00  5.581E-06  0.000E+00  0.000E+00  0.000E+00
  8.122E-06  0.000E+00  0.000E+00  0.000E+00  0.000E+00  0.000E+00  0.000E+00  0.000E+00  0.000E+00  0.000E+00
  0.000E+00  0.000E+00  0.000E+00  0.000E+00  0.000E+00  0.000E+00  0.000E+00  0.000E+00  0.000E+00  0.000E+00
  0.000E+00  0.000E+00  0.000E+00  0.000E+00  0.000E+00  0.000E+00  0.000E+00  0.000E+00  0.000E+00  0.000E+00
  0.000E+00  0.000E+00  0.000E+00  0.000E+00  0.000E+00  0.000E+00  0.000E+00  0.000E+00  0.000E+00  0.000E+00
  0.000E+00  0.000E+00  0.000E+00  0.000E+00  0.000E+00  0.000E+00  0.000E+00  0.000E+00  0.000E+00  0.000E+00
  0.000E+00  0.000E+00  0.000E+00  0.000E+00  0.000E+00  0.000E+00  0.000E+00  0.000E+00  0.000E+00  0.000E+00
  0.000E+00  0.000E+00  0.000E+00  0.000E+00  0.000E+00  0.000E+00  0.000E+00  0.000E+00  0.000E+00  0.000E+00
  0.000E+00  0.000E+00  0.000E+00  0.000E+00  0.000E+00  0.000E+00  0.000E+00  0.000E+00  0.000E+00  0.000E+00
  0.000E+00  0.000E+00  0.000E+00  0.000E+00  0.000E+00  0.000E+00  0.000E+00  0.000E+00  0.000E+00  0.000E+00
  0.000E+00  0.000E+00  0.000E+00  0.000E+00  0.000E+00  0.000E+00  0.000E+00  0.000E+00  0.000E+00  0.000E+00
  0.000E+00  0.000E+00  0.000E+00  0.000E+00  0.000E+00  0.000E+00  0.000E+00  0.000E+00  0.000E+00  0.000E+00
  0.000E+00  0.000E+00  0.000E+00  0.000E+00  0.000E+00  0.000E+00  0.000E+00  0.000E+00  0.000E+00  0.000E+00
  0.000E+00  0.000E+00  0.000E+00  0.000E+00  0.000E+00  0.000E+00  0.000E+00  0.000E+00  0.000E+00  0.000E+00
  0.000E+00  0.000E+00  0.000E+00  0.000E+00  0.000E+00  0.000E+00  0.000E+00  0.000E+00  0.000E+00  0.000E+00
  0.000E+00  0.000E+00  0.000E+00  0.000E+00  0.000E+00  0.000E+00  0.000E+00  0.000E+00  0.000E+00  0.000E+00
  0.000E+00  0.000E+00  0.000E+00  0.000E+00  0.000E+00  0.000E+00  0.000E+00  0.000E+00  0.000E+00  0.000E+00
  0.000E+00  0.000E+00  0.000E+00  0.000E+00  0.000E+00  6.114E-06  0.000E+00  0.000E+00  0.000E+00  0.000E+00
  0.000E+00  0.000E+00  0.000E+00  0.000E+00  0.000E+00  0.000E+00  0.000E+00  0.000E+00  0.000E+00  0.000E+00
  0.000E+00  0.000E+00  0.000E+00  0.000E+00  0.000E+00  0.000E+00  0.000E+00  0.000E+00  0.000E+00  0.000E+00
  0.000E+00  0.000E+00  0.000E+00  0.000E+00  0.000E+00  0.000E+00  5.273E-06  0.000E+00  0.000E+00  0.000E+00
  8.010E-06  0.000E+00  0.000E+00  0.000E+00  0.000E+00  0.000E+00  0.000E+00  0.000E+00  0.000E+00  0.000E+00
  0.000E+00  0.000E+00  0.000E+00  0.000E+00  0.000E+00  0.000E+00  0.000E+00  0.000E+00  0.000E+00  0.000E+00
  0.000E+00  0.000E+00  0.000E+00  0.000E+00  0.000E+00  0.000E+00  0.000E+00  0.000E+00  0.000E+00  0.000E+00
  0.000E+00  0.000E+00  0.000E+00  0.000E+00  0.000E+00  0.000E+00  0.000E+00  0.000E+00  0.000E+00  0.000E+00
  0.000E+00  0.000E+00  0.000E+00  0.000E+00  0.000E+00  0.000E+00  0.000E+00  0.000E+00  0.000E+00  0.000E+00
  0.000E+00  0.000E+00  0.000E+00  0.000E+00  0.000E+00  0.000E+00  0.000E+00  0.000E+00  0.000E+00  0.000E+00
  0.000E+00  0.000E+00  0.000E+00  0.000E+00  0.000E+00  0.000E+00  0.000E+00  0.000E+00  0.000E+00  0.000E+00
  0.000E+00  0.000E+00  0.000E+00  0.000E+00  0.000E+00  0.000E+00  0.000E+00  0.000E+00  0.000E+00  0.000E+00
  0.000E+00  0.000E+00  0.000E+00  0.000E+00  0.000E+00  0.000E+00  0.000E+00  0.000E+00  0.000E+00  0.000E+00
  0.000E+00  0.000E+00  0.000E+00  0.000E+00  0.000E+00  0.000E+00  0.000E+00  0.000E+00  0.000E+00  0.000E+00
  0.000E+00  0.000E+00  0.000E+00  0.000E+00  0.000E+00  0.000E+00  0.000E+00  0.000E+00  0.000E+00  0.000E+00
  0.000E+00  0.000E+00  0.000E+00  0.000E+00  0.000E+00  0.000E+00  0.000E+00  0.000E+00  0.000E+00  0.000E+00
  0.000E+00  0.000E+00  0.000E+00  0.000E+00  0.000E+00  0.000E+00  0.000E+00  0.000E+00  0.000E+00  0.000E+00
  0.000E+00  0.000E+00  0.000E+00  0.000E+00  0.000E+00  0.000E+00  0.000E+00  0.000E+00  0.000E+00  0.000E+00
  0.000E+00  0.000E+00  0.000E+00  0.000E+00  0.000E+00  0.000E+00  0.000E+00  0.000E+00  0.000E+00  0.000E+00
  0.000E+00  0.000E+00  0.000E+00  0.000E+00  0.000E+00  0.000E+00  0.000E+00  0.000E+00  0.000E+00  0.000E+00
  0.000E+00  0.000E+00  0.000E+00  0.000E+00  0.000E+00  6.114E-06  0.000E+00  0.000E+00  0.000E+00  0.000E+00
  0.000E+00  0.000E+00  0.000E+00  0.000E+00  0.000E+00  0.000E+00  0.000E+00  0.000E+00  0.000E+00  0.000E+00
  0.000E+00  0.000E+00  0.000E+00  0.000E+00  0.000E+00  0.000E+00  0.000E+00  0.000E+00  0.000E+00  0.000E+00
  0.000E+00  0.000E+00  0.000E+00  0.000E+00  0.000E+00  0.000E+00  5.273E-06  0.000E+00  0.000E+00  0.000E+00
  7.990E-06  0.000E+00  0.000E+00  0.000E+00  0.000E+00  0.000E+00  0.000E+00  0.000E+00  0.000E+00  0.000E+00
  0.000E+00  0.000E+00  0.000E+00  0.000E+00  0.000E+00  0.000E+00  0.000E+00  0.000E+00  0.000E+00  0.000E+00
  0.000E+00  0.000E+00  0.000E+00  0.000E+00  0.000E+00  0.000E+00  0.000E+00  0.000E+00  0.000E+00  0.000E+00
  0.000E+00  0.000E+00  0.000E+00  0.000E+00  0.000E+00  0.000E+00  0.000E+00  0.000E+00  0.000E+00  0.000E+00
  0.000E+00  0.000E+00  0.000E+00  0.000E+00  0.000E+00  0.000E+00  0.000E+00  0.000E+00  0.000E+00  0.000E+00
  0.000E+00  0.000E+00  0.000E+00  0.000E+00  0.000E+00  0.000E+00  0.000E+00  0.000E+00  0.000E+00  0.000E+00
  0.000E+00  0.000E+00  0.000E+00  0.000E+00  0.000E+00  0.000E+00  0.000E+00  0.000E+00  0.000E+00  0.000E+00
  0.000E+00  0.000E+00  0.000E+00  0.000E+00  0.000E+00  0.000E+00  0.000E+00  0.000E+00  0.000E+00  0.000E+00
  0.000E+00  0.000E+00  0.000E+00  0.000E+00  0.000E+00  0.000E+00  0.000E+00  0.000E+00  0.000E+00  0.000E+00
  0.000E+00  0.000E+00  0.000E+00  0.000E+00  0.000E+00  0.000E+00  0.000E+00  0.000E+00  0.000E+00  0.000E+00
  0.000E+00  0.000E+00  0.000E+00  0.000E+00  0.000E+00  0.000E+00  0.000E+00  0.000E+00  0.000E+00  0.000E+00
  0.000E+00  0.000E+00  0.000E+00  0.000E+00  0.000E+00  0.000E+00  0.000E+00  0.000E+00  0.000E+00  0.000E+00
  0.000E+00  0.000E+00  0.000E+00  0.000E+00  0.000E+00  0.000E+00  0.000E+00  0.000E+00  0.000E+00  0.000E+00
  0.000E+00  0.000E+00  0.000E+00  0.000E+00  0.000E+00  0.000E+00  0.000E+00  0.000E+00  0.000E+00  0.000E+00
  0.000E+00  0.000E+00  0.000E+00  0.000E+00  0.000E+00  0.000E+00  0.000E+00  0.000E+00  0.000E+00  0.000E+00
  0.000E+00  0.000E+00  0.000E+00  0.000E+00  0.000E+00  0.000E+00  0.000E+00  0.000E+00  0.000E+00  0.000E+00
  0.000E+00  0.000E+00  0.000E+00  0.000E+00  0.000E+00  6.114E-06  0.000E+00  0.000E+00  0.000E+00  0.000E+00
  0.000E+00  0.000E+00  0.000E+00  0.000E+00  0.000E+00  0.000E+00  0.000E+00  0.000E+00  0.000E+00  0.000E+00
  0.000E+00  0.000E+00  0.000E+00  0.000E+00  0.000E+00  0.000E+00  0.000E+00  0.000E+00  0.000E+00  0.000E+00
  0.000E+00  0.000E+00  0.000E+00  0.000E+00  0.000E+00  0.000E+00  5.273E-06  0.000E+00  0.000E+00  6.428E-06
  1.563E-06  0.000E+00  0.000E+00  0.000E+00  0.000E+00  0.000E+00  0.000E+00  0.000E+00  0.000E+00  0.000E+00
  0.000E+00  0.000E+00  0.000E+00  0.000E+00  0.000E+00  0.000E+00  0.000E+00  0.000E+00  0.000E+00  0.000E+00
  0.000E+00  0.000E+00  0.000E+00  0.000E+00  0.000E+00  0.000E+00  0.000E+00  0.000E+00  0.000E+00  0.000E+00
  0.000E+00  0.000E+00  0.000E+00  0.000E+00  0.000E+00  0.000E+00  0.000E+00  0.000E+00  0.000E+00  0.000E+00
  0.000E+00  0.000E+00  0.000E+00  0.000E+00  0.000E+00  0.000E+00  0.000E+00  0.000E+00  0.000E+00  0.000E+00
  0.000E+00  0.000E+00  0.000E+00  0.000E+00  0.000E+00  0.000E+00  0.000E+00  0.000E+00  0.000E+00  0.000E+00
  0.000E+00  0.000E+00  0.000E+00  0.000E+00  0.000E+00  0.000E+00  0.000E+00  0.000E+00  0.000E+00  0.000E+00
  0.000E+00  0.000E+00  0.000E+00  0.000E+00  0.000E+00  0.000E+00  0.000E+00  0.000E+00  0.000E+00  0.000E+00
  0.000E+00  0.000E+00  0.000E+00  0.000E+00  0.000E+00  0.000E+00  0.000E+00  0.000E+00  0.000E+00  0.000E+00
  0.000E+00  0.000E+00  0.000E+00  0.000E+00  0.000E+00  0.000E+00  0.000E+00  0.000E+00  0.000E+00  0.000E+00
  0.000E+00  0.000E+00  0.000E+00  0.000E+00  0.000E+00  0.000E+00  0.000E+00  0.000E+00  0.000E+00  0.000E+00
  0.000E+00  0.000E+00  0.000E+00  0.000E+00  0.000E+00  0.000E+00  0.000E+00  0.000E+00  0.000E+00  0.000E+00
  0.000E+00  0.000E+00  0.000E+00  0.000E+00  0.000E+00  0.000E+00  0.000E+00  0.000E+00  0.000E+00  0.000E+00
  0.000E+00  0.000E+00  0.000E+00  0.000E+00  0.000E+00  0.000E+00  0.000E+00  0.000E+00  0.000E+00  0.000E+00
  0.000E+00  0.000E+00  0.000E+00  0.000E+00  0.000E+00  0.000E+00  0.000E+00  0.000E+00  0.000E+00  0.000E+00
  0.000E+00  0.000E+00  0.000E+00  0.000E+00  0.000E+00  0.000E+00  0.000E+00  0.000E+00  0.000E+00  0.000E+00
  0.000E+00  0.000E+00  0.000E+00  0.000E+00  0.000E+00  6.114E-06  0.000E+00  0.000E+00  0.000E+00  0.000E+00
  0.000E+00  0.000E+00  0.000E+00  0.000E+00  0.000E+00  0.000E+00  0.000E+00  0.000E+00  0.000E+00  0.000E+00
  0.000E+00  0.000E+00  0.000E+00  0.000E+00  0.000E+00  0.000E+00  0.000E+00  0.000E+00  0.000E+00  0.000E+00
  0.000E+00  0.000E+00  0.000E+00  0.000E+00  0.000E+00  0.000E+00  5.273E-06  0.000E+00  0.000E+00  7.990E-06
  0.000E+00  0.000E+00  0.000E+00  0.000E+00  0.000E+00  0.000E+00  0.000E+00  0.000E+00  0.000E+00  0.000E+00
  0.000E+00  0.000E+00  0.000E+00  0.000E+00  0.000E+00  0.000E+00  0.000E+00  0.000E+00  0.000E+00  0.000E+00
  0.000E+00  0.000E+00  0.000E+00  0.000E+00  0.000E+00  0.000E+00  0.000E+00  0.000E+00  0.000E+00  0.000E+00
  0.000E+00  0.000E+00  0.000E+00  0.000E+00  0.000E+00  0.000E+00  0.000E+00  0.000E+00  0.000E+00  0.000E+00
  0.000E+00  0.000E+00  0.000E+00  0.000E+00  0.000E+00  0.000E+00  0.000E+00  0.000E+00  0.000E+00  0.000E+00
  0.000E+00  0.000E+00  0.000E+00  0.000E+00  0.000E+00  0.000E+00  0.000E+00  0.000E+00  0.000E+00  0.000E+00
  0.000E+00  0.000E+00  0.000E+00  0.000E+00  0.000E+00  0.000E+00  0.000E+00  0.000E+00  0.000E+00  0.000E+00
  0.000E+00  0.000E+00  0.000E+00  0.000E+00  0.000E+00  0.000E+00  0.000E+00  0.000E+00  0.000E+00  0.000E+00
  0.000E+00  0.000E+00  0.000E+00  0.000E+00  0.000E+00  0.000E+00  0.000E+00  0.000E+00  0.000E+00  0.000E+00
  0.000E+00  0.000E+00  0.000E+00  0.000E+00  0.000E+00  0.000E+00  0.000E+00  0.000E+00  0.000E+00  0.000E+00
  0.000E+00  0.000E+00  0.000E+00  0.000E+00  0.000E+00  0.000E+00  0.000E+00  0.000E+00  0.000E+00  0.000E+00
  0.000E+00  0.000E+00  0.000E+00  0.000E+00  0.000E+00  0.000E+00  0.000E+00  0.000E+00  0.000E+00  0.000E+00
  0.000E+00  0.000E+00  0.000E+00  0.000E+00  0.000E+00  0.000E+00  0.000E+00  0.000E+00  0.000E+00  0.000E+00
  0.000E+00  0.000E+00  0.000E+00  0.000E+00  0.000E+00  0.000E+00  0.000E+00  0.000E+00  0.000E+00  0.000E+00
  0.000E+00  0.000E+00  0.000E+00  0.000E+00  0.000E+00  0.000E+00  0.000E+00  0.000E+00  0.000E+00  0.000E+00
  0.000E+00  0.000E+00  0.000E+00  0.000E+00  0.000E+00  0.000E+00  5.942E-06  0.000E+00  0.000E+00  0.000E+00
  0.000E+00  0.000E+00  0.000E+00  0.000E+00  0.000E+00  6.114E-06  0.000E+00  0.000E+00  0.000E+00  0.000E+00
  0.000E+00  0.000E+00  0.000E+00  0.000E+00  0.000E+00  0.000E+00  0.000E+00  0.000E+00  0.000E+00  0.000E+00
  0.000E+00  0.000E+00  0.000E+00  0.000E+00  0.000E+00  0.000E+00  0.000E+00  0.000E+00  0.000E+00  0.000E+00
  0.000E+00  0.000E+00  0.000E+00  0.000E+00  0.000E+00  0.000E+00  5.273E-06  0.000E+00  0.000E+00  7.990E-06
  0.000E+00  0.000E+00  0.000E+00  0.000E+00  0.000E+00  0.000E+00  0.000E+00  0.000E+00  0.000E+00  0.000E+00
  0.000E+00  0.000E+00  0.000E+00  0.000E+00  0.000E+00  0.000E+00  0.000E+00  0.000E+00  0.000E+00  0.000E+00
  0.000E+00  0.000E+00  0.000E+00  0.000E+00  0.000E+00  0.000E+00  0.000E+00  0.000E+00  0.000E+00  0.000E+00
  0.000E+00  0.000E+00  0.000E+00  0.000E+00  0.000E+00  0.000E+00  0.000E+00  0.000E+00  0.000E+00  0.000E+00
  0.000E+00  0.000E+00  0.000E+00  0.000E+00  0.000E+00  0.000E+00  0.000E+00  0.000E+00  0.000E+00  0.000E+00
  0.000E+00  0.000E+00  0.000E+00  0.000E+00  0.000E+00  0.000E+00  0.000E+00  0.000E+00  0.000E+00  0.000E+00
  0.000E+00  0.000E+00  0.000E+00  0.000E+00  0.000E+00  0.000E+00  0.000E+00  0.000E+00  0.000E+00  0.000E+00
  0.000E+00  0.000E+00  0.000E+00  0.000E+00  0.000E+00  0.000E+00  0.000E+00  0.000E+00  0.000E+00  0.000E+00
  0.000E+00  0.000E+00  0.000E+00  0.000E+00  0.000E+00  0.000E+00  0.000E+00  0.000E+00  0.000E+00  0.000E+00
  0.000E+00  0.000E+00  0.000E+00  0.000E+00  0.000E+00  0.000E+00  0.000E+00  0.000E+00  0.000E+00  0.000E+00
  0.000E+00  0.000E+00  0.000E+00  0.000E+00  0.000E+00  0.000E+00  0.000E+00  0.000E+00  0.000E+00  0.000E+00
  0.000E+00  0.000E+00  0.000E+00  0.000E+00  0.000E+00  0.000E+00  0.000E+00  0.000E+00  0.000E+00  0.000E+00
  0.000E+00  0.000E+00  0.000E+00  0.000E+00  0.000E+00  0.000E+00  0.000E+00  0.000E+00  0.000E+00  0.000E+00
  0.000E+00  0.000E+00  0.000E+00  0.000E+00  0.000E+00  0.000E+00  0.000E+00  0.000E+00  0.000E+00  0.000E+00
  0.000E+00  0.000E+00  0.000E+00  0.000E+00  0.000E+00  0.000E+00  0.000E+00  0.000E+00  0.000E+00  0.000E+00
  0.000E+00  0.000E+00  0.000E+00  0.000E+00  0.000E+00  1.102E-05  1.604E-05  0.000E+00  0.000E+00  0.000E+00
  0.000E+00  0.000E+00  0.000E+00  0.000E+00  0.000E+00  6.114E-06  0.000E+00  0.000E+00  0.000E+00  0.000E+00
  0.000E+00  0.000E+00  0.000E+00  0.000E+00  0.000E+00  0.000E+00  0.000E+00  0.000E+00  0.000E+00  0.000E+00
  0.000E+00  0.000E+00  0.000E+00  0.000E+00  0.000E+00  0.000E+00  0.000E+00  0.000E+00  0.000E+00  0.000E+00
  0.000E+00  0.000E+00  0.000E+00  0.000E+00  0.000E+00  0.000E+00  5.273E-06  0.000E+00  0.000E+00  7.990E-06
  0.000E+00  0.000E+00  0.000E+00  0.000E+00  0.000E+00  0.000E+00  0.000E+00  0.000E+00  0.000E+00  0.000E+00
  0.000E+00  0.000E+00  0.000E+00  0.000E+00  0.000E+00  0.000E+00  0.000E+00  0.000E+00  0.000E+00  0.000E+00
  0.000E+00  0.000E+00  0.000E+00  0.000E+00  0.000E+00  0.000E+00  0.000E+00  0.000E+00  0.000E+00  0.000E+00
  0.000E+00  0.000E+00  0.000E+00  0.000E+00  0.000E+00  0.000E+00  0.000E+00  0.000E+00  0.000E+00  0.000E+00
  0.000E+00  0.000E+00  0.000E+00  0.000E+00  0.000E+00  0.000E+00  0.000E+00  0.000E+00  0.000E+00  0.000E+00
  0.000E+00  0.000E+00  0.000E+00  0.000E+00  0.000E+00  0.000E+00  0.000E+00  0.000E+00  0.000E+00  0.000E+00
  0.000E+00  0.000E+00  0.000E+00  0.000E+00  0.000E+00  0.000E+00  0.000E+00  0.000E+00  0.000E+00  0.000E+00
  0.000E+00  0.000E+00  0.000E+00  0.000E+00  0.000E+00  0.000E+00  0.000E+00  0.000E+00  0.000E+00  0.000E+00
  0.000E+00  0.000E+00  0.000E+00  0.000E+00  0.000E+00  0.000E+00  0.000E+00  0.000E+00  0.000E+00  0.000E+00
  0.000E+00  0.000E+00  0.000E+00  0.000E+00  0.000E+00  0.000E+00  0.000E+00  0.000E+00  0.000E+00  0.000E+00
  0.000E+00  0.000E+00  0.000E+00  0.000E+00  0.000E+00  0.000E+00  0.000E+00  0.000E+00  0.000E+00  0.000E+00
  0.000E+00  0.000E+00  0.000E+00  0.000E+00  0.000E+00  0.000E+00  0.000E+00  0.000E+00  0.000E+00  0.000E+00
  0.000E+00  0.000E+00  0.000E+00  0.000E+00  0.000E+00  0.000E+00  0.000E+00  0.000E+00  0.000E+00  0.000E+00
  0.000E+00  0.000E+00  0.000E+00  0.000E+00  0.000E+00  0.000E+00  0.000E+00  0.000E+00  0.000E+00  0.000E+00
  0.000E+00  0.000E+00  0.000E+00  0.000E+00  0.000E+00  0.000E+00  0.000E+00  0.000E+00  0.000E+00  0.000E+00
  0.000E+00  0.000E+00  0.000E+00  0.000E+00  0.000E+00  1.676E-06  5.427E-06  9.616E-06  0.000E+00  0.000E+00
  0.000E+00  0.000E+00  0.000E+00  0.000E+00  0.000E+00  6.114E-06  0.000E+00  0.000E+00  0.000E+00  0.000E+00
  0.000E+00  0.000E+00  0.000E+00  0.000E+00  0.000E+00  0.000E+00  0.000E+00  0.000E+00  0.000E+00  0.000E+00
  0.000E+00  0.000E+00  0.000E+00  0.000E+00  0.000E+00  0.000E+00  0.000E+00  0.000E+00  0.000E+00  0.000E+00
  0.000E+00  0.000E+00  0.000E+00  0.000E+00  0.000E+00  0.000E+00  5.842E-06  0.000E+00  6.290E-06  1.701E-06
  0.000E+00  0.000E+00  0.000E+00  0.000E+00  0.000E+00  0.000E+00  0.000E+00  0.000E+00  0.000E+00  0.000E+00
  0.000E+00  0.000E+00  0.000E+00  0.000E+00  0.000E+00  0.000E+00  0.000E+00  0.000E+00  0.000E+00  0.000E+00
  0.000E+00  0.000E+00  0.000E+00  0.000E+00  0.000E+00  0.000E+00  0.000E+00  0.000E+00  0.000E+00  0.000E+00
  0.000E+00  0.000E+00  0.000E+00  0.000E+00  0.000E+00  0.000E+00  0.000E+00  0.000E+00  0.000E+00  0.000E+00
  0.000E+00  0.000E+00  0.000E+00  0.000E+00  0.000E+00  0.000E+00  0.000E+00  0.000E+00  0.000E+00  0.000E+00
  0.000E+00  0.000E+00  0.000E+00  0.000E+00  0.000E+00  0.000E+00  0.000E+00  0.000E+00  0.000E+00  0.000E+00
  0.000E+00  0.000E+00  0.000E+00  0.000E+00  0.000E+00  0.000E+00  0.000E+00  0.000E+00  0.000E+00  0.000E+00
  0.000E+00  0.000E+00  0.000E+00  0.000E+00  0.000E+00  0.000E+00  0.000E+00  0.000E+00  0.000E+00  0.000E+00
  0.000E+00  0.000E+00  0.000E+00  0.000E+00  0.000E+00  0.000E+00  0.000E+00  0.000E+00  0.000E+00  0.000E+00
  0.000E+00  0.000E+00  0.000E+00  0.000E+00  0.000E+00  0.000E+00  0.000E+00  0.000E+00  0.000E+00  0.000E+00
  0.000E+00  0.000E+00  0.000E+00  0.000E+00  0.000E+00  0.000E+00  0.000E+00  0.000E+00  0.000E+00  0.000E+00
  0.000E+00  0.000E+00  0.000E+00  0.000E+00  0.000E+00  0.000E+00  0.000E+00  0.000E+00  0.000E+00  0.000E+00
  0.000E+00  0.000E+00  0.000E+00  0.000E+00  0.000E+00  0.000E+00  0.000E+00  0.000E+00  0.000E+00  0.000E+00
  0.000E+00  0.000E+00  0.000E+00  0.000E+00  0.000E+00  0.000E+00  0.000E+00  0.000E+00  0.000E+00  0.000E+00
  0.000E+00  0.000E+00  0.000E+00  0.000E+00  0.000E+00  0.000E+00  0.000E+00  0.000E+00  1.348E-05  4.693E-07
  0.000E+00  0.000E+00  0.000E+00  0.000E+00  0.000E+00  0.000E+00  0.000E+00  1.386E-05  0.000E+00  0.000E+00
  0.000E+00  0.000E+00  0.000E+00  0.000E+00  0.000E+00  6.114E-06  0.000E+00  0.000E+00  0.000E+00  0.000E+00
  0.000E+00  0.000E+00  0.000E+00  0.000E+00  0.000E+00  0.000E+00  0.000E+00  0.000E+00  0.000E+00  0.000E+00
  0.000E+00  0.000E+00  0.000E+00  0.000E+00  0.000E+00  0.000E+00  0.000E+00  0.000E+00  0.000E+00  0.000E+00
  0.000E+00  0.000E+00  0.000E+00  0.000E+00  0.000E+00  0.000E+00  6.200E-06  0.000E+00  7.990E-06  0.000E+00
  0.000E+00  0.000E+00  0.000E+00  0.000E+00  0.000E+00  0.000E+00  0.000E+00  0.000E+00  0.000E+00  0.000E+00
  0.000E+00  0.000E+00  0.000E+00  0.000E+00  0.000E+00  0.000E+00  0.000E+00  0.000E+00  0.000E+00  0.000E+00
  0.000E+00  0.000E+00  0.000E+00  0.000E+00  0.000E+00  0.000E+00  0.000E+00  0.000E+00  0.000E+00  0.000E+00
  0.000E+00  0.000E+00  0.000E+00  0.000E+00  0.000E+00  0.000E+00  0.000E+00  0.000E+00  0.000E+00  0.000E+00
  0.000E+00  0.000E+00  0.000E+00  0.000E+00  0.000E+00  0.000E+00  0.000E+00  0.000E+00  0.000E+00  0.000E+00
  0.000E+00  0.000E+00  0.000E+00  0.000E+00  0.000E+00  0.000E+00  0.000E+00  0.000E+00  0.000E+00  0.000E+00
  0.000E+00  0.000E+00  0.000E+00  0.000E+00  0.000E+00  0.000E+00  0.000E+00  0.000E+00  0.000E+00  0.000E+00
  0.000E+00  0.000E+00  0.000E+00  0.000E+00  0.000E+00  0.000E+00  0.000E+00  0.000E+00  0.000E+00  0.000E+00
  0.000E+00  0.000E+00  0.000E+00  0.000E+00  0.000E+00  0.000E+00  0.000E+00  0.000E+00  0.000E+00  0.000E+00
  0.000E+00  0.000E+00  0.000E+00  0.000E+00  0.000E+00  0.000E+00  0.000E+00  0.000E+00  0.000E+00  0.000E+00
  0.000E+00  0.000E+00  0.000E+00  0.000E+00  0.000E+00  0.000E+00  0.000E+00  0.000E+00  0.000E+00  0.000E+00
  0.000E+00  0.000E+00  0.000E+00  0.000E+00  0.000E+00  0.000E+00  0.000E+00  0.000E+00  0.000E+00  0.000E+00
  0.000E+00  0.000E+00  0.000E+00  0.000E+00  0.000E+00  0.000E+00  0.000E+00  0.000E+00  0.000E+00  0.000E+00
  0.000E+00  0.000E+00  0.000E+00  0.000E+00  0.000E+00  0.000E+00  0.000E+00  0.000E+00  0.000E+00  0.000E+00
  0.000E+00  0.000E+00  0.000E+00  0.000E+00  3.726E-07  2.819E-05  4.400E-05  9.554E-06  3.889E-05  2.463E-05
  0.000E+00  0.000E+00  0.000E+00  0.000E+00  0.000E+00  1.643E-05  3.381E-05  5.784E-05  3.425E-05  0.000E+00
  0.000E+00  4.060E-06  2.743E-05  0.000E+00  0.000E+00  3.130E-05  2.546E-05  1.055E-05  1.643E-05  0.000E+00
  0.000E+00  0.000E+00  1.347E-05  2.070E-05  3.085E-05  1.714E-05  0.000E+00  0.000E+00  0.000E+00  0.000E+00
  0.000E+00  9.705E-06  1.792E-05  5.235E-06  0.000E+00  5.909E-06  1.643E-05  0.000E+00  0.000E+00  0.000E+00
  0.000E+00  0.000E+00  0.000E+00  0.000E+00  0.000E+00  1.121E-07  6.088E-06  0.000E+00  7.990E-06  0.000E+00
  0.000E+00  0.000E+00  0.000E+00  0.000E+00  0.000E+00  0.000E+00  0.000E+00  0.000E+00  0.000E+00  0.000E+00
  0.000E+00  0.000E+00  0.000E+00  0.000E+00  0.000E+00  0.000E+00  0.000E+00  0.000E+00  0.000E+00  0.000E+00
  0.000E+00  0.000E+00  0.000E+00  0.000E+00  0.000E+00  0.000E+00  0.000E+00  0.000E+00  0.000E+00  0.000E+00
  0.000E+00  0.000E+00  0.000E+00  0.000E+00  0.000E+00  0.000E+00  0.000E+00  0.000E+00  0.000E+00  0.000E+00
  0.000E+00  0.000E+00  0.000E+00  0.000E+00  0.000E+00  0.000E+00  0.000E+00  0.000E+00  0.000E+00  0.000E+00
  0.000E+00  0.000E+00  0.000E+00  0.000E+00  0.000E+00  0.000E+00  0.000E+00  0.000E+00  0.000E+00  0.000E+00
  0.000E+00  0.000E+00  0.000E+00  0.000E+00  0.000E+00  0.000E+00  0.000E+00  0.000E+00  0.000E+00  0.000E+00
  0.000E+00  0.000E+00  0.000E+00  0.000E+00  0.000E+00  0.000E+00  0.000E+00  0.000E+00  0.000E+00  0.000E+00
  0.000E+00  0.000E+00  0.000E+00  0.000E+00  0.000E+00  0.000E+00  0.000E+00  0.000E+00  0.000E+00  0.000E+00
  0.000E+00  0.000E+00  0.000E+00  0.000E+00  0.000E+00  0.000E+00  0.000E+00  0.000E+00  0.000E+00  0.000E+00
  0.000E+00  0.000E+00  0.000E+00  0.000E+00  0.000E+00  0.000E+00  0.000E+00  0.000E+00  0.000E+00  0.000E+00
  0.000E+00  0.000E+00  0.000E+00  0.000E+00  0.000E+00  0.000E+00  0.000E+00  0.000E+00  0.000E+00  0.000E+00
  0.000E+00  0.000E+00  0.000E+00  0.000E+00  0.000E+00  0.000E+00  0.000E+00  0.000E+00  0.000E+00  0.000E+00
  0.000E+00  0.000E+00  0.000E+00  0.000E+00  0.000E+00  0.000E+00  0.000E+00  0.000E+00  0.000E+00  0.000E+00
  0.000E+00  0.000E+00  0.000E+00  1.636E-05  6.447E-05  8.483E-05  4.044E-05  4.743E-05  4.161E-05  1.090E-05
  7.502E-06  0.000E+00  0.000E+00  0.000E+00  2.460E-05  2.479E-05  3.062E-05  2.449E-05  1.490E-05  3.360E-05
  5.116E-05  4.943E-05  1.510E-05  5.408E-06  4.717E-05  5.555E-05  3.175E-05  2.528E-05  6.494E-06  0.000E+00
  3.832E-07  3.071E-05  5.469E-05  6.748E-05  3.476E-05  2.341E-06  0.000E+00  0.000E+00  0.000E+00  3.124E-06
  3.258E-05  4.070E-05  1.453E-05  2.929E-05  5.028E-05  4.437E-05  3.142E-05  1.153E-05  0.000E+00  0.000E+00
  0.000E+00  0.000E+00  0.000E+00  0.000E+00  0.000E+00  6.200E-06  0.000E+00  0.000E+00  7.990E-06  0.000E+00
  0.000E+00  0.000E+00  0.000E+00  0.000E+00  0.000E+00  0.000E+00  0.000E+00  0.000E+00  0.000E+00  0.000E+00
  0.000E+00  0.000E+00  0.000E+00  0.000E+00  0.000E+00  0.000E+00  0.000E+00  0.000E+00  0.000E+00  0.000E+00
  0.000E+00  0.000E+00  0.000E+00  0.000E+00  0.000E+00  0.000E+00  0.000E+00  0.000E+00  0.000E+00  0.000E+00
  0.000E+00  0.000E+00  0.000E+00  0.000E+00  0.000E+00  0.000E+00  0.000E+00  0.000E+00  0.000E+00  0.000E+00
  0.000E+00  0.000E+00  0.000E+00  0.000E+00  0.000E+00  0.000E+00  0.000E+00  0.000E+00  0.000E+00  0.000E+00
  0.000E+00  0.000E+00  0.000E+00  0.000E+00  0.000E+00  0.000E+00  0.000E+00  0.000E+00  0.000E+00  0.000E+00
  0.000E+00  0.000E+00  0.000E+00  0.000E+00  0.000E+00  0.000E+00  0.000E+00  0.000E+00  0.000E+00  0.000E+00
  0.000E+00  0.000E+00  0.000E+00  0.000E+00  0.000E+00  0.000E+00  0.000E+00  0.000E+00  0.000E+00  0.000E+00
  0.000E+00  0.000E+00  0.000E+00  0.000E+00  0.000E+00  0.000E+00  0.000E+00  0.000E+00  0.000E+00  0.000E+00
  0.000E+00  0.000E+00  0.000E+00  0.000E+00  0.000E+00  0.000E+00  0.000E+00  0.000E+00  0.000E+00  0.000E+00
  0.000E+00  0.000E+00  0.000E+00  0.000E+00  0.000E+00  0.000E+00  0.000E+00  0.000E+00  0.000E+00  0.000E+00
  0.000E+00  0.000E+00  0.000E+00  0.000E+00  0.000E+00  0.000E+00  0.000E+00  0.000E+00  0.000E+00  0.000E+00
  0.000E+00  0.000E+00  0.000E+00  0.000E+00  0.000E+00  0.000E+00  0.000E+00  0.000E+00  0.000E+00  0.000E+00
  0.000E+00  0.000E+00  0.000E+00  0.000E+00  0.000E+00  0.000E+00  0.000E+00  0.000E+00  0.000E+00  0.000E+00
  0.000E+00  6.958E-06  4.503E-05  8.948E-05  6.116E-05  3.942E-05  4.005E-05  3.021E-06  2.456E-05  0.000E+00
  1.841E-05  0.000E+00  8.806E-06  2.527E-05  2.541E-05  2.560E-05  2.312E-05  0.000E+00  0.000E+00  3.138E-05
  3.308E-05  3.076E-05  6.521E-05  7.644E-05  5.398E-05  2.347E-05  2.178E-05  0.000E+00  0.000E+00  1.255E-05
  4.450E-05  6.173E-05  5.751E-05  1.408E-05  0.000E+00  0.000E+00  0.000E+00  0.000E+00  1.979E-05  4.698E-05
  1.787E-05  2.979E-05  4.982E-05  2.103E-05  0.000E+00  0.000E+00  0.000E+00  1.366E-05  2.521E-05  5.607E-06
  1.230E-05  2.506E-05  2.505E-05  2.505E-05  2.504E-05  3.124E-05  2.503E-05  3.118E-05  2.687E-05  2.503E-05
  2.503E-05  2.504E-05  2.504E-05  2.504E-05  5.598E-06  0.000E+00  0.000E+00  0.000E+00  0.000E+00  0.000E+00
  0.000E+00  0.000E+00  0.000E+00  0.000E+00  0.000E+00  0.000E+00  0.000E+00  0.000E+00  0.000E+00  0.000E+00
  0.000E+00  0.000E+00  0.000E+00  0.000E+00  0.000E+00  0.000E+00  0.000E+00  0.000E+00  0.000E+00  0.000E+00
  0.000E+00  0.000E+00  0.000E+00  0.000E+00  0.000E+00  0.000E+00  0.000E+00  0.000E+00  0.000E+00  0.000E+00
  0.000E+00  0.000E+00  0.000E+00  0.000E+00  0.000E+00  0.000E+00  0.000E+00  0.000E+00  0.000E+00  0.000E+00
  0.000E+00  0.000E+00  0.000E+00  0.000E+00  0.000E+00  0.000E+00  0.000E+00  0.000E+00  0.000E+00  0.000E+00
  0.000E+00  0.000E+00  0.000E+00  0.000E+00  0.000E+00  0.000E+00  0.000E+00  0.000E+00  0.000E+00  0.000E+00
  0.000E+00  0.000E+00  0.000E+00  0.000E+00  0.000E+00  0.000E+00  0.000E+00  0.000E+00  0.000E+00  0.000E+00
  0.000E+00  0.000E+00  0.000E+00  0.000E+00  0.000E+00  0.000E+00  0.000E+00  0.000E+00  0.000E+00  0.000E+00
  0.000E+00  0.000E+00  0.000E+00  0.000E+00  0.000E+00  0.000E+00  0.000E+00  0.000E+00  0.000E+00  0.000E+00
  0.000E+00  0.000E+00  0.000E+00  0.000E+00  0.000E+00  0.000E+00  0.000E+00  0.000E+00  0.000E+00  0.000E+00
  0.000E+00  0.000E+00  0.000E+00  0.000E+00  0.000E+00  0.000E+00  0.000E+00  0.000E+00  0.000E+00  0.000E+00
  0.000E+00  0.000E+00  0.000E+00  0.000E+00  0.000E+00  0.000E+00  0.000E+00  0.000E+00  0.000E+00  0.000E+00
  0.000E+00  0.000E+00  0.000E+00  0.000E+00  0.000E+00  0.000E+00  0.000E+00  0.000E+00  0.000E+00  1.576E-06
  3.706E-05  7.954E-05  8.084E-05  3.773E-05  5.037E-05  1.487E-05  0.000E+00  0.000E+00  2.456E-05  0.000E+00
  3.872E-06  3.428E-05  2.606E-05  2.583E-05  2.584E-05  9.055E-06  5.748E-06  3.110E-07  4.683E-05  1.925E-05
  0.000E+00  3.589E-05  5.822E-05  7.031E-05  5.709E-05  4.539E-05  4.733E-06  0.000E+00  3.003E-05  5.686E-05
  6.904E-05  3.383E-05  6.029E-07  0.000E+00  0.000E+00  0.000E+00  1.123E-05  4.193E-05  3.068E-05  1.962E-05
  5.043E-05  2.060E-05  0.000E+00  0.000E+00  0.000E+00  0.000E+00  3.113E-06  2.510E-05  2.509E-05  4.470E-05
  3.337E-05  0.000E+00  0.000E+00  0.000E+00  0.000E+00  6.200E-06  0.000E+00  7.990E-06  0.000E+00  0.000E+00
  0.000E+00  0.000E+00  0.000E+00  0.000E+00  1.945E-05  2.506E-05  2.506E-05  2.149E-05  0.000E+00  0.000E+00
  0.000E+00  0.000E+00  0.000E+00  0.000E+00  0.000E+00  0.000E+00  0.000E+00  0.000E+00  0.000E+00  0.000E+00
  0.000E+00  0.000E+00  0.000E+00  0.000E+00  0.000E+00  0.000E+00  0.000E+00  0.000E+00  0.000E+00  0.000E+00
  0.000E+00  0.000E+00  0.000E+00  0.000E+00  0.000E+00  0.000E+00  0.000E+00  0.000E+00  0.000E+00  0.000E+00
  0.000E+00  0.000E+00  0.000E+00  0.000E+00  0.000E+00  0.000E+00  0.000E+00  0.000E+00  0.000E+00  0.000E+00
  0.000E+00  0.000E+00  0.000E+00  0.000E+00  0.000E+00  0.000E+00  0.000E+00  0.000E+00  0.000E+00  0.000E+00
  0.000E+00  0.000E+00  0.000E+00  0.000E+00  0.000E+00  0.000E+00  0.000E+00  0.000E+00  0.000E+00  0.000E+00
  0.000E+00  0.000E+00  0.000E+00  0.000E+00  0.000E+00  0.000E+00  0.000E+00  0.000E+00  0.000E+00  0.000E+00
  0.000E+00  0.000E+00  0.000E+00  0.000E+00  0.000E+00  0.000E+00  0.000E+00  0.000E+00  0.000E+00  0.000E+00
  0.000E+00  0.000E+00  0.000E+00  0.000E+00  0.000E+00  0.000E+00  0.000E+00  0.000E+00  0.000E+00  0.000E+00
  0.000E+00  0.000E+00  0.000E+00  0.000E+00  0.000E+00  0.000E+00  0.000E+00  0.000E+00  0.000E+00  0.000E+00
  0.000E+00  0.000E+00  0.000E+00  0.000E+00  0.000E+00  0.000E+00  0.000E+00  0.000E+00  0.000E+00  0.000E+00
  0.000E+00  0.000E+00  0.000E+00  0.000E+00  0.000E+00  0.000E+00  0.000E+00  0.000E+00  0.000E+00  0.000E+00
  0.000E+00  0.000E+00  0.000E+00  0.000E+00  0.000E+00  0.000E+00  0.000E+00  0.000E+00  3.373E-05  7.263E-05
  8.838E-05  4.921E-05  4.524E-05  3.271E-05  0.000E+00  0.000E+00  0.000E+00  0.000E+00  2.456E-05  7.082E-06
  2.522E-05  4.203E-05  3.041E-05  2.471E-05  0.000E+00  3.037E-06  1.752E-05  5.025E-05  3.760E-06  5.219E-06
  4.844E-05  5.875E-05  3.218E-05  3.855E-05  3.570E-06  0.000E+00  4.050E-05  7.866E-05  8.695E-05  5.686E-05
  1.234E-05  8.684E-06  0.000E+00  0.000E+00  2.667E-06  3.376E-05  3.924E-05  1.956E-05  4.490E-05  3.120E-05
  0.000E+00  0.000E+00  0.000E+00  0.000E+00  2.028E-05  2.513E-05  2.200E-05  0.000E+00  0.000E+00  0.000E+00
  4.654E-06  2.527E-05  7.137E-06  0.000E+00  0.000E+00  6.200E-06  0.000E+00  7.990E-06  0.000E+00  0.000E+00
  0.000E+00  0.000E+00  0.000E+00  0.000E+00  0.000E+00  0.000E+00  0.000E+00  3.584E-06  2.508E-05  2.509E-05
  1.354E-05  0.000E+00  0.000E+00  0.000E+00  0.000E+00  0.000E+00  0.000E+00  0.000E+00  0.000E+00  0.000E+00
  0.000E+00  0.000E+00  0.000E+00  0.000E+00  0.000E+00  0.000E+00  0.000E+00  0.000E+00  0.000E+00  0.000E+00
  0.000E+00  0.000E+00  0.000E+00  0.000E+00  0.000E+00  0.000E+00  0.000E+00  0.000E+00  0.000E+00  0.000E+00
  0.000E+00  0.000E+00  0.000E+00  0.000E+00  0.000E+00  0.000E+00  0.000E+00  0.000E+00  0.000E+00  0.000E+00
  0.000E+00  0.000E+00  0.000E+00  0.000E+00  0.000E+00  0.000E+00  0.000E+00  0.000E+00  0.000E+00  0.000E+00
  0.000E+00  0.000E+00  0.000E+00  0.000E+00  0.000E+00  0.000E+00  0.000E+00  0.000E+00  0.000E+00  0.000E+00
  0.000E+00  0.000E+00  0.000E+00  0.000E+00  0.000E+00  0.000E+00  0.000E+00  0.000E+00  0.000E+00  0.000E+00
  0.000E+00  0.000E+00  0.000E+00  0.000E+00  0.000E+00  0.000E+00  0.000E+00  0.000E+00  0.000E+00  0.000E+00
  0.000E+00  0.000E+00  0.000E+00  0.000E+00  0.000E+00  0.000E+00  0.000E+00  0.000E+00  0.000E+00  0.000E+00
  0.000E+00  0.000E+00  0.000E+00  0.000E+00  0.000E+00  0.000E+00  0.000E+00  0.000E+00  0.000E+00  0.000E+00
  0.000E+00  0.000E+00  0.000E+00  0.000E+00  0.000E+00  0.000E+00  0.000E+00  0.000E+00  0.000E+00  0.000E+00
  0.000E+00  0.000E+00  0.000E+00  0.000E+00  0.000E+00  0.000E+00  0.000E+00  0.000E+00  0.000E+00  0.000E+00
  0.000E+00  0.000E+00  0.000E+00  0.000E+00  0.000E+00  1.398E-06  3.527E-05  7.315E-05  9.051E-05  5.834E-05
  4.170E-05  4.040E-05  5.080E-06  0.000E+00  0.000E+00  0.000E+00  0.000E+00  0.000E+00  4.603E-05  2.757E-05
  2.522E-05  2.821E-05  3.204E-05  0.000E+00  0.000E+00  4.150E-05  3.573E-05  0.000E+00  2.053E-05  5.798E-05
  5.271E-05  2.471E-05  1.708E-05  0.000E+00  1.504E-05  2.898E-05  5.903E-05  7.060E-05  4.288E-05  3.360E-05
  3.360E-05  2.109E-05  0.000E+00  1.970E-05  4.780E-05  2.068E-05  3.817E-05  3.943E-05  5.552E-06  0.000E+00
  0.000E+00  1.081E-06  2.517E-05  2.516E-05  4.865E-06  0.000E+00  0.000E+00  0.000E+00  0.000E+00  0.000E+00
  0.000E+00  1.875E-05  4.318E-05  4.147E-05  2.501E-05  3.121E-05  2.501E-05  3.300E-05  2.501E-05  2.501E-05
  2.501E-05  2.501E-05  2.502E-05  1.454E-05  0.000E+00  0.000E+00  0.000E+00  0.000E+00  0.000E+00  0.000E+00
  1.156E-05  2.512E-05  1.949E-05  0.000E+00  0.000E+00  0.000E+00  0.000E+00  0.000E+00  0.000E+00  0.000E+00
  0.000E+00  0.000E+00  0.000E+00  0.000E+00  0.000E+00  0.000E+00  0.000E+00  0.000E+00  0.000E+00  0.000E+00
  0.000E+00  0.000E+00  0.000E+00  0.000E+00  0.000E+00  0.000E+00  0.000E+00  0.000E+00  0.000E+00  0.000E+00
  0.000E+00  0.000E+00  0.000E+00  0.000E+00  0.000E+00  0.000E+00  0.000E+00  0.000E+00  0.000E+00  0.000E+00
  0.000E+00  0.000E+00  0.000E+00  0.000E+00  0.000E+00  0.000E+00  0.000E+00  0.000E+00  0.000E+00  0.000E+00
  0.000E+00  0.000E+00  0.000E+00  0.000E+00  0.000E+00  0.000E+00  0.000E+00  0.000E+00  0.000E+00  0.000E+00
  0.000E+00  0.000E+00  0.000E+00  0.000E+00  0.000E+00  0.000E+00  0.000E+00  0.000E+00  0.000E+00  0.000E+00
  0.000E+00  0.000E+00  0.000E+00  0.000E+00  0.000E+00  0.000E+00  0.000E+00  0.000E+00  0.000E+00  0.000E+00
  0.000E+00  0.000E+00  0.000E+00  0.000E+00  0.000E+00  0.000E+00  0.000E+00  0.000E+00  0.000E+00  0.000E+00
  0.000E+00  0.000E+00  0.000E+00  0.000E+00  0.000E+00  0.000E+00  0.000E+00  0.000E+00  0.000E+00  0.000E+00
  0.000E+00  0.000E+00  0.000E+00  0.000E+00  0.000E+00  0.000E+00  0.000E+00  0.000E+00  0.000E+00  0.000E+00
  0.000E+00  0.000E+00  0.000E+00  0.000E+00  0.000E+00  0.000E+00  0.000E+00  0.000E+00  0.000E+00  0.000E+00
  0.000E+00  0.000E+00  0.000E+00  8.409E-06  4.112E-05  8.112E-05  9.027E-05  5.993E-05  4.243E-05  4.340E-05
  8.892E-06  0.000E+00  0.000E+00  0.000E+00  0.000E+00  0.000E+00  1.273E-05  2.519E-05  5.300E-05  3.876E-05
  3.632E-05  9.727E-07  8.213E-06  1.938E-05  5.047E-05  2.050E-05  0.000E+00  4.142E-05  6.266E-05  4.083E-05
  2.528E-05  7.087E-06  0.000E+00  1.071E-05  5.909E-05  6.939E-05  5.561E-05  1.060E-05  0.000E+00  0.000E+00
  0.000E+00  1.077E-05  4.267E-05  3.077E-05  2.836E-05  4.648E-05  1.229E-05  0.000E+00  0.000E+00  1.706E-07
  2.521E-05  2.411E-05  0.000E+00  0.000E+00  0.000E+00  0.000E+00  0.000E+00  2.131E-05  2.504E-05  2.504E-05
  2.503E-05  8.704E-06  2.505E-05  3.391E-05  4.884E-05  3.124E-05  3.105E-05  2.701E-05  2.504E-05  2.504E-05
  2.504E-05  2.504E-05  1.970E-05  1.048E-05  2.503E-05  2.503E-05  2.504E-05  1.708E-05  0.000E+00  0.000E+00
  0.000E+00  0.000E+00  5.641E-06  2.514E-05  1.860E-05  0.000E+00  0.000E+00  0.000E+00  0.000E+00  0.000E+00
  0.000E+00  0.000E+00  0.000E+00  0.000E+00  0.000E+00  0.000E+00  0.000E+00  0.000E+00  0.000E+00  0.000E+00
  0.000E+00  0.000E+00  0.000E+00  0.000E+00  0.000E+00  0.000E+00  0.000E+00  0.000E+00  0.000E+00  0.000E+00
  0.000E+00  0.000E+00  0.000E+00  0.000E+00  0.000E+00  0.000E+00  0.000E+00  0.000E+00  0.000E+00  0.000E+00
  0.000E+00  0.000E+00  0.000E+00  0.000E+00  0.000E+00  0.000E+00  0.000E+00  0.000E+00  0.000E+00  0.000E+00
  0.000E+00  0.000E+00  0.000E+00  0.000E+00  0.000E+00  0.000E+00  0.000E+00  0.000E+00  0.000E+00  0.000E+00
  0.000E+00  0.000E+00  0.000E+00  0.000E+00  0.000E+00  0.000E+00  0.000E+00  0.000E+00  0.000E+00  0.000E+00
  0.000E+00  0.000E+00  0.000E+00  0.000E+00  0.000E+00  0.000E+00  0.000E+00  0.000E+00  0.000E+00  0.000E+00
  0.000E+00  0.000E+00  0.000E+00  0.000E+00  0.000E+00  0.000E+00  0.000E+00  0.000E+00  0.000E+00  0.000E+00
  0.000E+00  0.000E+00  0.000E+00  0.000E+00  0.000E+00  0.000E+00  0.000E+00  0.000E+00  0.000E+00  0.000E+00
  0.000E+00  0.000E+00  0.000E+00  0.000E+00  0.000E+00  0.000E+00  0.000E+00  0.000E+00  0.000E+00  0.000E+00
  0.000E+00  0.000E+00  0.000E+00  0.000E+00  0.000E+00  0.000E+00  0.000E+00  0.000E+00  0.000E+00  0.000E+00
  0.000E+00  2.531E-05  5.586E-05  9.570E-05  8.434E-05  5.567E-05  4.497E-05  4.273E-05  9.212E-06  0.000E+00
  0.000E+00  0.000E+00  0.000E+00  0.000E+00  6.393E-06  2.516E-05  2.940E-05  2.993E-05  3.700E-05  3.884E-05
  2.318E-05  0.000E+00  3.642E-05  5.966E-05  0.000E+00  2.046E-05  5.685E-05  5.819E-05  3.155E-05  2.236E-05
  0.000E+00  0.000E+00  2.792E-05  6.120E-05  7.217E-05  4.413E-05  0.000E+00  0.000E+00  0.000E+00  2.210E-06
  3.450E-05  3.970E-05  2.291E-05  4.992E-05  2.209E-05  0.000E+00  0.000E+00  0.000E+00  2.168E-05  2.505E-05
  0.000E+00  0.000E+00  0.000E+00  0.000E+00  1.876E-05  2.507E-05  2.506E-05  1.850E-05  2.509E-05  2.508E-05
  5.709E-05  7.267E-05  5.003E-05  5.003E-05  5.157E-05  8.158E-05  6.211E-05  5.001E-05  5.001E-05  5.001E-05
  5.002E-05  5.002E-05  5.538E-05  7.508E-05  4.741E-05  2.506E-05  2.506E-05  1.493E-05  2.506E-05  2.507E-05
  1.453E-05  0.000E+00  0.000E+00  0.000E+00  6.560E-06  2.517E-05  1.296E-05  0.000E+00  0.000E+00  0.000E+00
  0.000E+00  0.000E+00  0.000E+00  0.000E+00  0.000E+00  0.000E+00  0.000E+00  0.000E+00  0.000E+00  0.000E+00
  0.000E+00  0.000E+00  0.000E+00  0.000E+00  0.000E+00  0.000E+00  0.000E+00  0.000E+00  0.000E+00  0.000E+00
  0.000E+00  0.000E+00  0.000E+00  0.000E+00  0.000E+00  0.000E+00  0.000E+00  0.000E+00  0.000E+00  0.000E+00
  0.000E+00  0.000E+00  0.000E+00  0.000E+00  0.000E+00  0.000E+00  0.000E+00  0.000E+00  0.000E+00  0.000E+00
  0.000E+00  0.000E+00  0.000E+00  0.000E+00  0.000E+00  0.000E+00  0.000E+00  0.000E+00  0.000E+00  0.000E+00
  0.000E+00  0.000E+00  0.000E+00  0.000E+00  0.000E+00  0.000E+00  0.000E+00  0.000E+00  0.000E+00  0.000E+00
  0.000E+00  0.000E+00  0.000E+00  0.000E+00  0.000E+00  0.000E+00  0.000E+00  0.000E+00  0.000E+00  0.000E+00
  0.000E+00  0.000E+00  0.000E+00  0.000E+00  0.000E+00  0.000E+00  0.000E+00  0.000E+00  0.000E+00  0.000E+00
  0.000E+00  0.000E+00  0.000E+00  0.000E+00  0.000E+00  0.000E+00  0.000E+00  0.000E+00  0.000E+00  0.000E+00
  0.000E+00  0.000E+00  0.000E+00  0.000E+00  0.000E+00  0.000E+00  0.000E+00  0.000E+00  0.000E+00  0.000E+00
  0.000E+00  0.000E+00  0.000E+00  0.000E+00  0.000E+00  0.000E+00  0.000E+00  0.000E+00  2.053E-05  4.923E-05
  8.423E-05  1.000E-04  6.952E-05  4.932E-05  5.017E-05  3.750E-05  5.237E-06  0.000E+00  0.000E+00  0.000E+00
  0.000E+00  0.000E+00  2.837E-06  2.514E-05  3.048E-05  2.516E-05  3.174E-05  2.044E-05  0.000E+00  4.006E-05
  1.769E-05  5.040E-05  1.400E-05  1.180E-06  5.893E-05  7.237E-05  4.476E-05  2.665E-05  1.157E-05  0.000E+00
  9.794E-06  4.541E-05  7.194E-05  5.436E-05  8.866E-06  1.446E-05  5.850E-07  0.000E+00  1.998E-05  4.826E-05
  2.403E-05  4.319E-05  3.534E-05  5.276E-07  0.000E+00  0.000E+00  1.797E-05  2.522E-05  3.539E-06  0.000E+00
  0.000E+00  3.276E-06  2.511E-05  2.509E-05  2.206E-05  2.512E-05  5.276E-05  6.043E-05  5.008E-05  5.007E-05
  1.803E-05  6.428E-06  2.502E-05  2.502E-05  2.826E-05  2.796E-05  5.429E-05  3.337E-05  2.501E-05  2.501E-05
  2.501E-05  2.502E-05  2.470E-05  0.000E+00  2.769E-05  5.006E-05  5.008E-05  6.819E-05  4.306E-05  2.508E-05
  1.847E-05  2.509E-05  2.414E-05  0.000E+00  0.000E+00  0.000E+00  1.223E-05  2.520E-05  3.783E-06  0.000E+00
  0.000E+00  0.000E+00  0.000E+00  0.000E+00  0.000E+00  0.000E+00  0.000E+00  0.000E+00  0.000E+00  0.000E+00
  0.000E+00  0.000E+00  0.000E+00  0.000E+00  0.000E+00  0.000E+00  0.000E+00  0.000E+00  0.000E+00  0.000E+00
  0.000E+00  0.000E+00  0.000E+00  0.000E+00  0.000E+00  0.000E+00  0.000E+00  0.000E+00  0.000E+00  0.000E+00
  0.000E+00  0.000E+00  0.000E+00  0.000E+00  0.000E+00  0.000E+00  0.000E+00  0.000E+00  0.000E+00  0.000E+00
  0.000E+00  0.000E+00  0.000E+00  0.000E+00  0.000E+00  0.000E+00  0.000E+00  0.000E+00  0.000E+00  0.000E+00
  0.000E+00  0.000E+00  0.000E+00  0.000E+00  0.000E+00  0.000E+00  0.000E+00  0.000E+00  0.000E+00  0.000E+00
  0.000E+00  0.000E+00  0.000E+00  0.000E+00  0.000E+00  0.000E+00  0.000E+00  0.000E+00  0.000E+00  0.000E+00
  0.000E+00  0.000E+00  0.000E+00  0.000E+00  0.000E+00  0.000E+00  0.000E+00  0.000E+00  0.000E+00  0.000E+00
  0.000E+00  0.000E+00  0.000E+00  0.000E+00  0.000E+00  0.000E+00  0.000E+00  0.000E+00  0.000E+00  0.000E+00
  0.000E+00  0.000E+00  0.000E+00  0.000E+00  0.000E+00  0.000E+00  0.000E+00  0.000E+00  0.000E+00  0.000E+00
  0.000E+00  0.000E+00  0.000E+00  0.000E+00  9.444E-06  3.394E-05  5.312E-05  8.842E-05  1.047E-04  7.605E-05
  5.902E-05  4.610E-05  5.014E-05  2.214E-05  0.000E+00  0.000E+00  0.000E+00  0.000E+00  0.000E+00  0.000E+00
  2.567E-06  2.512E-05  3.171E-05  2.514E-05  3.324E-05  2.516E-05  1.649E-06  0.000E+00  3.137E-06  8.312E-05
  3.343E-05  0.000E+00  2.185E-05  6.017E-05  7.170E-05  4.567E-05  2.456E-05  0.000E+00  0.000E+00  2.713E-05
  6.336E-05  7.373E-05  2.641E-05  0.000E+00  0.000E+00  0.000E+00  2.535E-05  4.340E-05  3.151E-05  3.646E-05
  4.239E-05  7.261E-06  0.000E+00  0.000E+00  1.426E-05  2.522E-05  7.249E-06  0.000E+00  0.000E+00  5.255E-06
  2.513E-05  2.421E-05  2.516E-05  4.594E-05  5.954E-05  5.013E-05  2.246E-05  2.078E-05  2.505E-05  2.504E-05
  2.503E-05  1.860E-05  0.000E+00  1.044E-05  3.124E-05  2.504E-05  3.303E-05  4.209E-05  3.646E-05  2.503E-05
  2.503E-05  6.373E-06  3.184E-07  2.502E-05  2.503E-05  2.503E-05  2.504E-05  1.402E-05  3.213E-05  5.012E-05
  6.731E-05  3.619E-05  2.064E-05  2.511E-05  2.512E-05  9.914E-07  0.000E+00  0.000E+00  2.144E-05  1.708E-05
  0.000E+00  0.000E+00  0.000E+00  0.000E+00  0.000E+00  0.000E+00  0.000E+00  0.000E+00  0.000E+00  0.000E+00
  0.000E+00  0.000E+00  0.000E+00  0.000E+00  0.000E+00  0.000E+00  0.000E+00  0.000E+00  0.000E+00  0.000E+00
  0.000E+00  0.000E+00  0.000E+00  0.000E+00  0.000E+00  0.000E+00  0.000E+00  0.000E+00  0.000E+00  0.000E+00
  0.000E+00  0.000E+00  0.000E+00  0.000E+00  0.000E+00  0.000E+00  0.000E+00  0.000E+00  0.000E+00  0.000E+00
  0.000E+00  0.000E+00  0.000E+00  0.000E+00  0.000E+00  0.000E+00  0.000E+00  0.000E+00  0.000E+00  0.000E+00
  0.000E+00  0.000E+00  0.000E+00  0.000E+00  0.000E+00  0.000E+00  0.000E+00  0.000E+00  0.000E+00  0.000E+00
  0.000E+00  0.000E+00  0.000E+00  0.000E+00  0.000E+00  0.000E+00  0.000E+00  0.000E+00  0.000E+00  0.000E+00
  0.000E+00  0.000E+00  0.000E+00  0.000E+00  0.000E+00  0.000E+00  0.000E+00  0.000E+00  0.000E+00  0.000E+00
  0.000E+00  0.000E+00  0.000E+00  0.000E+00  0.000E+00  0.000E+00  0.000E+00  0.000E+00  0.000E+00  0.000E+00
  0.000E+00  0.000E+00  0.000E+00  0.000E+00  0.000E+00  0.000E+00  0.000E+00  0.000E+00  0.000E+00  5.893E-06
  2.502E-05  4.519E-05  5.303E-05  8.164E-05  1.102E-04  9.123E-05  7.208E-05  6.104E-05  4.856E-05  5.010E-05
  3.217E-05  4.030E-06  0.000E+00  0.000E+00  0.000E+00  0.000E+00  0.000E+00  0.000E+00  6.275E-06  2.511E-05
  3.314E-05  2.512E-05  3.499E-05  2.514E-05  5.339E-06  0.000E+00  0.000E+00  4.155E-05  4.719E-05  3.511E-05
  7.388E-06  4.966E-05  7.080E-05  4.555E-05  2.521E-05  3.487E-05  0.000E+00  1.084E-05  4.698E-05  7.562E-05
  5.311E-05  7.127E-06  0.000E+00  0.000E+00  1.754E-06  3.523E-05  5.520E-05  3.076E-05  4.944E-05  1.400E-05
  0.000E+00  0.000E+00  1.055E-05  2.522E-05  1.096E-05  0.000E+00  0.000E+00  4.702E-06  2.514E-05  2.582E-05
  2.519E-05  6.274E-05  5.019E-05  2.937E-05  2.338E-05  2.507E-05  2.506E-05  4.758E-06  2.508E-05  5.631E-05
  7.513E-05  7.512E-05  7.510E-05  6.465E-05  5.624E-05  5.591E-05  5.214E-05  5.003E-05  6.404E-05  6.348E-05
  5.003E-05  6.870E-05  7.508E-05  7.509E-05  7.510E-05  4.479E-05  2.148E-05  1.103E-05  2.505E-05  2.506E-05
  1.661E-05  3.908E-05  5.562E-05  5.534E-05  2.322E-05  2.415E-05  2.290E-05  0.000E+00  0.000E+00  8.161E-06
  2.525E-05  3.538E-06  0.000E+00  0.000E+00  0.000E+00  0.000E+00  0.000E+00  0.000E+00  0.000E+00  0.000E+00
  0.000E+00  0.000E+00  0.000E+00  0.000E+00  0.000E+00  0.000E+00  0.000E+00  0.000E+00  0.000E+00  0.000E+00
  0.000E+00  0.000E+00  0.000E+00  0.000E+00  0.000E+00  0.000E+00  0.000E+00  0.000E+00  0.000E+00  0.000E+00
  0.000E+00  0.000E+00  0.000E+00  0.000E+00  0.000E+00  0.000E+00  0.000E+00  0.000E+00  0.000E+00  0.000E+00
  0.000E+00  0.000E+00  0.000E+00  0.000E+00  0.000E+00  0.000E+00  0.000E+00  0.000E+00  0.000E+00  0.000E+00
  0.000E+00  0.000E+00  0.000E+00  0.000E+00  0.000E+00  0.000E+00  0.000E+00  0.000E+00  0.000E+00  0.000E+00
  0.000E+00  0.000E+00  0.000E+00  0.000E+00  0.000E+00  0.000E+00  0.000E+00  0.000E+00  0.000E+00  0.000E+00
  0.000E+00  0.000E+00  0.000E+00  0.000E+00  0.000E+00  0.000E+00  0.000E+00  0.000E+00  0.000E+00  0.000E+00
  0.000E+00  0.000E+00  0.000E+00  0.000E+00  0.000E+00  0.000E+00  0.000E+00  0.000E+00  0.000E+00  0.000E+00
  0.000E+00  0.000E+00  0.000E+00  5.536E-06  2.501E-05  4.514E-05  5.003E-05  6.878E-05  8.948E-05  1.184E-04
  1.001E-04  7.991E-05  7.414E-05  6.852E-05  4.936E-05  5.006E-05  5.007E-05  2.583E-05  1.536E-06  0.000E+00
  0.000E+00  0.000E+00  0.000E+00  0.000E+00  0.000E+00  0.000E+00  1.495E-05  2.509E-05  3.484E-05  2.510E-05
  3.707E-05  2.512E-05  5.856E-06  0.000E+00  0.000E+00  3.663E-05  5.029E-05  8.756E-06  1.868E-06  6.498E-05
  7.292E-05  5.105E-05  3.066E-05  2.028E-05  0.000E+00  1.252E-05  4.654E-05  6.786E-05  7.493E-05  2.348E-05
  0.000E+00  0.000E+00  0.000E+00  2.026E-05  4.872E-05  2.738E-05  4.822E-05  4.179E-05  0.000E+00  0.000E+00
  6.840E-06  2.522E-05  1.467E-05  0.000E+00  0.000E+00  4.149E-06  2.514E-05  2.729E-05  2.598E-05  6.385E-05
  5.024E-05  2.174E-05  2.510E-05  2.509E-05  1.149E-05  4.658E-05  7.522E-05  7.471E-05  5.009E-05  1.884E-05
  0.000E+00  0.000E+00  0.000E+00  0.000E+00  6.200E-06  7.990E-06  0.000E+00  0.000E+00  0.000E+00  1.202E-05
  1.456E-05  0.000E+00  0.000E+00  0.000E+00  0.000E+00  3.033E-05  5.365E-05  7.515E-05  7.517E-05  3.503E-05
  1.417E-05  2.508E-05  2.509E-05  2.467E-05  5.215E-05  5.985E-05  2.350E-05  2.517E-05  1.586E-05  0.000E+00
  0.000E+00  2.171E-05  1.519E-05  0.000E+00  0.000E+00  0.000E+00  0.000E+00  0.000E+00  0.000E+00  0.000E+00
  0.000E+00  0.000E+00  0.000E+00  0.000E+00  0.000E+00  0.000E+00  0.000E+00  0.000E+00  0.000E+00  0.000E+00
  0.000E+00  0.000E+00  0.000E+00  0.000E+00  0.000E+00  0.000E+00  0.000E+00  0.000E+00  0.000E+00  0.000E+00
  0.000E+00  0.000E+00  0.000E+00  0.000E+00  0.000E+00  0.000E+00  0.000E+00  0.000E+00  0.000E+00  0.000E+00
  0.000E+00  0.000E+00  0.000E+00  0.000E+00  0.000E+00  0.000E+00  0.000E+00  0.000E+00  0.000E+00  0.000E+00
  0.000E+00  0.000E+00  0.000E+00  0.000E+00  0.000E+00  0.000E+00  0.000E+00  0.000E+00  0.000E+00  0.000E+00
  0.000E+00  0.000E+00  0.000E+00  0.000E+00  0.000E+00  0.000E+00  0.000E+00  0.000E+00  0.000E+00  0.000E+00
  0.000E+00  0.000E+00  0.000E+00  0.000E+00  0.000E+00  0.000E+00  0.000E+00  0.000E+00  0.000E+00  0.000E+00
  0.000E+00  0.000E+00  0.000E+00  0.000E+00  0.000E+00  0.000E+00  0.000E+00  5.179E-06  2.501E-05  4.698E-05
  5.003E-05  7.044E-05  9.313E-05  1.195E-04  1.001E-04  7.993E-05  7.504E-05  7.994E-05  6.385E-05  5.076E-05
  5.003E-05  5.003E-05  4.798E-05  2.502E-05  6.199E-06  0.000E+00  0.000E+00  0.000E+00  0.000E+00  0.000E+00
  0.000E+00  0.000E+00  0.000E+00  5.010E-06  2.507E-05  2.679E-05  3.521E-05  3.051E-05  3.417E-05  2.510E-05
  2.564E-06  0.000E+00  0.000E+00  3.824E-05  5.025E-05  1.364E-05  0.000E+00  3.922E-05  7.043E-05  5.732E-05
  3.763E-05  2.518E-05  2.639E-06  0.000E+00  1.919E-05  6.595E-05  9.622E-05  4.892E-05  4.256E-06  0.000E+00
  0.000E+00  9.857E-06  4.414E-05  3.532E-05  4.148E-05  3.830E-05  2.237E-06  1.504E-05  3.130E-06  2.522E-05
  1.838E-05  0.000E+00  0.000E+00  3.595E-06  2.514E-05  2.877E-05  2.752E-05  6.460E-05  4.948E-05  2.215E-05
  2.513E-05  1.522E-05  4.011E-05  7.531E-05  6.550E-05  2.867E-05  0.000E+00  0.000E+00  0.000E+00  0.000E+00
  0.000E+00  0.000E+00  0.000E+00  0.000E+00  4.204E-05  5.801E-05  5.002E-05  5.002E-05  5.002E-05  5.002E-05
  3.724E-05  1.486E-05  0.000E+00  0.000E+00  0.000E+00  0.000E+00  0.000E+00  0.000E+00  0.000E+00  4.016E-05
  6.951E-05  7.518E-05  2.610E-05  2.042E-05  2.511E-05  2.501E-05  5.419E-05  5.426E-05  2.458E-05  2.520E-05
  5.877E-06  0.000E+00  1.006E-05  2.525E-05  1.588E-06  0.000E+00  0.000E+00  0.000E+00  0.000E+00  0.000E+00
  0.000E+00  0.000E+00  0.000E+00  0.000E+00  0.000E+00  0.000E+00  0.000E+00  0.000E+00  0.000E+00  0.000E+00
  0.000E+00  0.000E+00  0.000E+00  0.000E+00  0.000E+00  0.000E+00  0.000E+00  0.000E+00  0.000E+00  0.000E+00
  0.000E+00  0.000E+00  0.000E+00  0.000E+00  0.000E+00  0.000E+00  0.000E+00  0.000E+00  0.000E+00  0.000E+00
  0.000E+00  0.000E+00  0.000E+00  0.000E+00  0.000E+00  0.000E+00  0.000E+00  0.000E+00  0.000E+00  0.000E+00
  0.000E+00  0.000E+00  0.000E+00  0.000E+00  0.000E+00  0.000E+00  0.000E+00  0.000E+00  0.000E+00  0.000E+00
  0.000E+00  0.000E+00  0.000E+00  0.000E+00  0.000E+00  0.000E+00  0.000E+00  0.000E+00  0.000E+00  0.000E+00
  0.000E+00  0.000E+00  0.000E+00  0.000E+00  0.000E+00  0.000E+00  0.000E+00  0.000E+00  0.000E+00  0.000E+00
  0.000E+00  4.822E-06  2.501E-05  4.883E-05  5.003E-05  7.210E-05  9.752E-05  1.199E-04  1.001E-04  7.809E-05
  8.162E-05  7.964E-05  6.867E-05  5.003E-05  5.003E-05  5.003E-05  5.003E-05  2.637E-05  2.176E-05  0.000E+00
  0.000E+00  0.000E+00  0.000E+00  0.000E+00  0.000E+00  0.000E+00  0.000E+00  0.000E+00  0.000E+00  0.000E+00
  4.012E-06  2.505E-05  2.506E-05  3.960E-05  2.507E-05  4.280E-05  2.508E-05  1.966E-05  0.000E+00  0.000E+00
  1.424E-06  4.626E-05  5.022E-05  1.200E-05  0.000E+00  3.939E-05  7.003E-05  6.133E-05  4.289E-05  2.515E-05
  7.903E-06  0.000E+00  1.338E-05  4.779E-05  8.191E-05  7.030E-05  1.307E-05  1.841E-05  0.000E+00  1.299E-06
  3.597E-05  4.061E-05  3.913E-05  4.535E-05  8.971E-06  0.000E+00  0.000E+00  2.525E-05  3.652E-05  0.000E+00
  0.000E+00  3.042E-06  2.514E-05  3.025E-05  2.906E-05  6.535E-05  4.794E-05  2.376E-05  2.513E-05  1.766E-05
  6.090E-05  7.382E-05  3.524E-05  0.000E+00  0.000E+00  0.000E+00  0.000E+00  4.376E-06  5.008E-05  5.007E-05
  5.006E-05  5.005E-05  5.004E-05  5.003E-05  2.038E-05  7.990E-06  0.000E+00  0.000E+00  0.000E+00  0.000E+00
  2.372E-05  6.069E-05  6.446E-05  5.004E-05  5.005E-05  5.005E-05  4.491E-05  0.000E+00  0.000E+00  0.000E+00
  0.000E+00  6.164E-08  4.917E-05  7.530E-05  4.928E-05  2.051E-05  2.514E-05  2.985E-05  6.027E-05  4.118E-05
  2.553E-05  2.015E-05  0.000E+00  0.000E+00  2.366E-05  1.324E-05  0.000E+00  0.000E+00  0.000E+00  0.000E+00
  0.000E+00  0.000E+00  0.000E+00  0.000E+00  0.000E+00  0.000E+00  0.000E+00  0.000E+00  0.000E+00  0.000E+00
  0.000E+00  0.000E+00  0.000E+00  0.000E+00  0.000E+00  0.000E+00  0.000E+00  0.000E+00  0.000E+00  0.000E+00
  0.000E+00  0.000E+00  0.000E+00  0.000E+00  0.000E+00  0.000E+00  0.000E+00  0.000E+00  0.000E+00  0.000E+00
  0.000E+00  0.000E+00  0.000E+00  0.000E+00  0.000E+00  0.000E+00  0.000E+00  0.000E+00  0.000E+00  0.000E+00
  0.000E+00  0.000E+00  0.000E+00  0.000E+00  0.000E+00  0.000E+00  0.000E+00  0.000E+00  0.000E+00  0.000E+00
  0.000E+00  0.000E+00  0.000E+00  0.000E+00  0.000E+00  0.000E+00  0.000E+00  0.000E+00  0.000E+00  0.000E+00
  0.000E+00  0.000E+00  0.000E+00  0.000E+00  0.000E+00  4.464E-06  2.566E-05  5.003E-05  5.003E-05  7.375E-05
  1.019E-04  1.202E-04  1.001E-04  7.624E-05  8.956E-05  7.799E-05  7.276E-05  5.003E-05  5.003E-05  5.003E-05
  4.345E-05  2.501E-05  1.329E-05  0.000E+00  0.000E+00  0.000E+00  0.000E+00  0.000E+00  0.000E+00  0.000E+00
  0.000E+00  0.000E+00  0.000E+00  0.000E+00  0.000E+00  0.000E+00  0.000E+00  1.658E-05  2.504E-05  2.504E-05
  4.328E-05  2.505E-05  4.157E-05  3.058E-05  2.507E-05  5.636E-06  0.000E+00  0.000E+00  1.662E-05  5.018E-05
  4.877E-05  3.944E-06  3.084E-06  4.374E-05  7.449E-05  6.110E-05  4.547E-05  2.514E-05  1.054E-05  0.000E+00
  1.047E-05  4.127E-05  7.770E-05  7.809E-05  2.485E-05  5.748E-06  0.000E+00  9.863E-06  3.052E-05  4.916E-05
  3.352E-05  5.045E-05  1.765E-05  0.000E+00  0.000E+00  2.093E-05  2.522E-05  5.805E-07  1.504E-05  2.489E-06
  2.514E-05  3.173E-05  3.060E-05  6.609E-05  4.640E-05  2.537E-05  2.513E-05  1.960E-05  7.122E-05  6.644E-05
  1.452E-05  0.000E+00  0.000E+00  0.000E+00  3.401E-05  5.012E-05  5.011E-05  4.572E-05  0.000E+00  0.000E+00
  0.000E+00  0.000E+00  0.000E+00  0.000E+00  1.194E-05  2.252E-06  0.000E+00  0.000E+00  0.000E+00  0.000E+00
  0.000E+00  0.000E+00  1.112E-05  1.335E-05  0.000E+00  0.000E+00  5.154E-06  5.007E-05  5.009E-05  5.010E-05
  2.445E-05  0.000E+00  0.000E+00  0.000E+00  2.605E-05  7.052E-05  5.582E-05  2.252E-05  2.516E-05  3.808E-05
  6.620E-05  2.754E-05  2.520E-05  9.210E-06  0.000E+00  1.201E-05  2.488E-05  0.000E+00  0.000E+00  0.000E+00
  0.000E+00  0.000E+00  0.000E+00  0.000E+00  0.000E+00  0.000E+00  0.000E+00  0.000E+00  0.000E+00  0.000E+00
  0.000E+00  0.000E+00  0.000E+00  0.000E+00  0.000E+00  0.000E+00  0.000E+00  0.000E+00  0.000E+00  0.000E+00
  0.000E+00  0.000E+00  0.000E+00  0.000E+00  0.000E+00  0.000E+00  0.000E+00  0.000E+00  0.000E+00  0.000E+00
  0.000E+00  0.000E+00  0.000E+00  0.000E+00  0.000E+00  0.000E+00  0.000E+00  0.000E+00  0.000E+00  0.000E+00
  0.000E+00  0.000E+00  0.000E+00  0.000E+00  0.000E+00  0.000E+00  0.000E+00  0.000E+00  0.000E+00  0.000E+00
  0.000E+00  0.000E+00  0.000E+00  0.000E+00  0.000E+00  0.000E+00  0.000E+00  0.000E+00  0.000E+00  4.107E-06
  2.750E-05  5.003E-05  5.040E-05  7.504E-05  1.063E-04  1.206E-04  9.941E-05  7.504E-05  9.749E-05  7.997E-05
  7.320E-05  5.003E-05  5.003E-05  5.003E-05  3.551E-05  2.501E-05  4.823E-06  0.000E+00  0.000E+00  0.000E+00
  0.000E+00  0.000E+00  0.000E+00  0.000E+00  0.000E+00  0.000E+00  0.000E+00  0.000E+00  0.000E+00  0.000E+00
  0.000E+00  0.000E+00  3.819E-06  2.502E-05  2.502E-05  2.503E-05  4.057E-05  3.349E-05  2.551E-05  5.008E-05
  2.784E-05  2.505E-05  8.541E-06  0.000E+00  0.000E+00  2.065E-06  4.604E-05  5.015E-05  3.355E-05  0.000E+00
  1.288E-05  5.019E-05  8.393E-05  5.668E-05  4.491E-05  2.512E-05  1.015E-05  0.000E+00  1.047E-05  4.053E-05
  7.665E-05  8.341E-05  3.475E-05  0.000E+00  3.245E-06  2.503E-06  1.355E-05  4.760E-05  5.670E-05  4.674E-05
  3.143E-05  0.000E+00  0.000E+00  1.722E-05  2.522E-05  4.291E-06  0.000E+00  1.936E-06  2.634E-05  4.705E-05
  3.315E-05  6.582E-05  4.604E-05  2.579E-05  2.513E-05  2.746E-05  7.544E-05  6.122E-05  4.219E-06  0.000E+00
  0.000E+00  2.511E-05  5.017E-05  5.015E-05  1.612E-05  0.000E+00  0.000E+00  0.000E+00  0.000E+00  0.000E+00
  0.000E+00  0.000E+00  0.000E+00  1.844E-07  1.401E-05  0.000E+00  0.000E+00  0.000E+00  0.000E+00  0.000E+00
  0.000E+00  0.000E+00  0.000E+00  1.222E-05  1.169E-05  0.000E+00  0.000E+00  0.000E+00  0.000E+00  0.000E+00
  2.566E-05  5.013E-05  5.015E-05  1.553E-05  0.000E+00  0.000E+00  1.958E-05  6.944E-05  5.243E-05  2.417E-05
  2.433E-05  5.311E-05  5.495E-05  2.734E-05  2.348E-05  0.000E+00  3.622E-07  2.525E-05  1.129E-05  0.000E+00
  0.000E+00  0.000E+00  0.000E+00  0.000E+00  0.000E+00  0.000E+00  0.000E+00  0.000E+00  0.000E+00  0.000E+00
  0.000E+00  0.000E+00  0.000E+00  0.000E+00  0.000E+00  0.000E+00  0.000E+00  0.000E+00  0.000E+00  0.000E+00
  0.000E+00  0.000E+00  0.000E+00  0.000E+00  0.000E+00  0.000E+00  0.000E+00  0.000E+00  0.000E+00  0.000E+00
  0.000E+00  0.000E+00  0.000E+00  0.000E+00  0.000E+00  0.000E+00  0.000E+00  0.000E+00  0.000E+00  0.000E+00
  0.000E+00  0.000E+00  0.000E+00  0.000E+00  0.000E+00  0.000E+00  0.000E+00  0.000E+00  0.000E+00  0.000E+00
  0.000E+00  0.000E+00  0.000E+00  3.750E-06  2.934E-05  5.003E-05  5.205E-05  7.504E-05  1.107E-04  1.210E-04
  9.757E-05  8.042E-05  9.968E-05  8.715E-05  6.882E-05  5.003E-05  5.003E-05  5.003E-05  2.757E-05  2.137E-05
  0.000E+00  0.000E+00  0.000E+00  0.000E+00  0.000E+00  0.000E+00  0.000E+00  0.000E+00  0.000E+00  0.000E+00
  0.000E+00  0.000E+00  0.000E+00  0.000E+00  0.000E+00  0.000E+00  1.594E-05  2.501E-05  2.501E-05  2.501E-05
  2.501E-05  3.967E-05  4.621E-05  2.502E-05  2.963E-05  5.005E-05  3.452E-05  2.503E-05  2.456E-05  0.000E+00
  0.000E+00  0.000E+00  1.417E-06  4.472E-05  5.012E-05  4.806E-05  4.093E-06  2.154E-07  3.999E-05  6.130E-05
  8.545E-05  5.233E-05  3.847E-05  2.510E-05  6.162E-06  0.000E+00  1.387E-05  4.304E-05  7.967E-05  8.515E-05
  3.861E-05  1.103E-06  0.000E+00  0.000E+00  1.624E-05  4.408E-05  4.245E-05  4.492E-05  4.341E-05  1.927E-05
  0.000E+00  1.351E-05  2.522E-05  8.001E-06  0.000E+00  1.383E-06  2.514E-05  3.469E-05  3.637E-05  7.994E-05
  4.677E-05  2.513E-05  2.395E-05  4.073E-05  7.544E-05  5.007E-05  0.000E+00  0.000E+00  0.000E+00  4.684E-05
  5.021E-05  2.508E-05  0.000E+00  0.000E+00  0.000E+00  0.000E+00  0.000E+00  0.000E+00  0.000E+00  0.000E+00
  0.000E+00  0.000E+00  0.000E+00  6.200E-06  7.990E-06  0.000E+00  0.000E+00  0.000E+00  0.000E+00  0.000E+00
  0.000E+00  0.000E+00  0.000E+00  0.000E+00  1.392E-05  9.484E-06  0.000E+00  0.000E+00  0.000E+00  0.000E+00
  0.000E+00  0.000E+00  0.000E+00  3.463E-05  5.018E-05  3.623E-05  0.000E+00  0.000E+00  2.304E-05  7.281E-05
  4.213E-05  2.518E-05  3.367E-05  6.425E-05  3.813E-05  2.652E-05  1.254E-05  0.000E+00  1.396E-05  2.293E-05
  0.000E+00  0.000E+00  0.000E+00  0.000E+00  0.000E+00  0.000E+00  0.000E+00  0.000E+00  0.000E+00  0.000E+00
  0.000E+00  0.000E+00  0.000E+00  0.000E+00  0.000E+00  0.000E+00  0.000E+00  0.000E+00  0.000E+00  0.000E+00
  0.000E+00  0.000E+00  0.000E+00  0.000E+00  0.000E+00  0.000E+00  0.000E+00  0.000E+00  0.000E+00  0.000E+00
  0.000E+00  0.000E+00  0.000E+00  0.000E+00  0.000E+00  0.000E+00  0.000E+00  0.000E+00  0.000E+00  0.000E+00
  0.000E+00  0.000E+00  0.000E+00  0.000E+00  0.000E+00  0.000E+00  0.000E+00  3.392E-06  3.118E-05  5.003E-05
  5.371E-05  7.504E-05  1.150E-04  1.213E-04  9.573E-05  8.836E-05  9.803E-05  9.562E-05  6.444E-05  5.003E-05
  5.003E-05  4.465E-05  2.501E-05  1.290E-05  0.000E+00  0.000E+00  0.000E+00  0.000E+00  0.000E+00  0.000E+00
  0.000E+00  0.000E+00  0.000E+00  0.000E+00  0.000E+00  0.000E+00  0.000E+00  0.000E+00  0.000E+00  1.368E-05
  2.501E-05  2.501E-05  2.501E-05  2.501E-05  3.664E-05  5.002E-05  3.408E-05  2.501E-05  2.996E-05  5.002E-05
  5.002E-05  3.538E-05  2.502E-05  2.502E-05  2.041E-05  0.000E+00  0.000E+00  0.000E+00  0.000E+00  1.843E-05
  5.008E-05  5.009E-05  4.868E-05  5.388E-06  0.000E+00  3.182E-05  5.461E-05  8.977E-05  6.030E-05  5.487E-05
  2.708E-05  2.293E-05  0.000E+00  0.000E+00  2.131E-05  5.341E-05  8.712E-05  8.256E-05  3.551E-05  1.032E-08
  0.000E+00  0.000E+00  1.013E-05  4.318E-05  4.948E-05  4.621E-05  4.477E-05  8.286E-06  0.000E+00  2.406E-05
  2.942E-05  1.171E-05  0.000E+00  8.293E-07  2.514E-05  3.617E-05  3.958E-05  6.397E-05  4.684E-05  2.693E-05
  3.674E-05  5.326E-05  7.544E-05  3.471E-05  0.000E+00  0.000E+00  1.511E-05  5.022E-05  5.022E-05  3.381E-06
  0.000E+00  0.000E+00  0.000E+00  0.000E+00  0.000E+00  0.000E+00  0.000E+00  0.000E+00  0.000E+00  0.000E+00
  0.000E+00  0.000E+00  0.000E+00  6.200E-06  7.990E-06  0.000E+00  0.000E+00  0.000E+00  0.000E+00  0.000E+00
  0.000E+00  0.000E+00  0.000E+00  0.000E+00  0.000E+00  1.615E-05  6.788E-06  0.000E+00  0.000E+00  0.000E+00
  0.000E+00  0.000E+00  0.000E+00  0.000E+00  0.000E+00  1.397E-05  5.022E-05  4.370E-05  0.000E+00  0.000E+00
  3.744E-05  7.552E-05  3.064E-05  2.518E-05  4.412E-05  6.692E-05  2.915E-05  2.520E-05  1.607E-06  2.313E-06
  2.525E-05  9.335E-06  0.000E+00  0.000E+00  0.000E+00  0.000E+00  0.000E+00  0.000E+00  0.000E+00  0.000E+00
  0.000E+00  0.000E+00  0.000E+00  0.000E+00  0.000E+00  0.000E+00  0.000E+00  0.000E+00  0.000E+00  0.000E+00
  0.000E+00  0.000E+00  0.000E+00  0.000E+00  0.000E+00  0.000E+00  0.000E+00  0.000E+00  0.000E+00  0.000E+00
  0.000E+00  0.000E+00  0.000E+00  0.000E+00  0.000E+00  0.000E+00  0.000E+00  0.000E+00  0.000E+00  0.000E+00
  0.000E+00  3.035E-06  3.303E-05  5.003E-05  5.537E-05  7.504E-05  1.194E-04  1.217E-04  9.389E-05  9.630E-05
  1.004E-04  1.001E-04  6.005E-05  5.003E-05  5.003E-05  3.671E-05  2.501E-05  4.433E-06  0.000E+00  0.000E+00
  0.000E+00  0.000E+00  0.000E+00  0.000E+00  0.000E+00  0.000E+00  0.000E+00  0.000E+00  0.000E+00  0.000E+00
  0.000E+00  0.000E+00  1.141E-05  2.501E-05  2.501E-05  2.501E-05  2.501E-05  3.621E-05  5.002E-05  3.635E-05
  2.501E-05  3.598E-05  5.002E-05  5.002E-05  3.839E-05  2.501E-05  2.501E-05  2.501E-05  2.006E-05  0.000E+00
  0.000E+00  0.000E+00  0.000E+00  0.000E+00  0.000E+00  3.170E-05  5.005E-05  5.006E-05  5.006E-05  3.163E-05
  0.000E+00  2.721E-06  4.083E-05  5.682E-05  8.986E-05  6.840E-05  5.712E-05  3.534E-05  2.507E-05  9.213E-06
  0.000E+00  8.643E-06  3.533E-05  6.913E-05  9.253E-05  7.212E-05  2.458E-05  0.000E+00  0.000E+00  0.000E+00
  1.289E-05  4.530E-05  4.517E-05  4.766E-05  5.221E-05  1.043E-05  0.000E+00  7.872E-06  2.520E-05  1.536E-05
  1.841E-05  2.761E-07  2.514E-05  3.764E-05  4.279E-05  6.305E-05  4.691E-05  2.513E-05  2.497E-05  6.387E-05
  8.766E-05  2.218E-05  0.000E+00  0.000E+00  3.359E-05  5.022E-05  3.512E-05  0.000E+00  0.000E+00  0.000E+00
  0.000E+00  0.000E+00  0.000E+00  0.000E+00  0.000E+00  0.000E+00  0.000E+00  0.000E+00  0.000E+00  0.000E+00
  0.000E+00  0.000E+00  0.000E+00  1.180E-05  2.390E-06  0.000E+00  0.000E+00  0.000E+00  0.000E+00  0.000E+00
  0.000E+00  0.000E+00  0.000E+00  0.000E+00  0.000E+00  0.000E+00  1.887E-05  3.644E-06  0.000E+00  0.000E+00
  0.000E+00  0.000E+00  0.000E+00  0.000E+00  0.000E+00  0.000E+00  0.000E+00  6.536E-06  5.026E-05  4.175E-05
  0.000E+00  0.000E+00  5.703E-05  6.635E-05  2.832E-05  2.937E-05  5.910E-05  4.968E-05  3.005E-05  1.588E-05
  0.000E+00  1.591E-05  2.098E-05  0.000E+00  0.000E+00  0.000E+00  0.000E+00  0.000E+00  0.000E+00  0.000E+00
  0.000E+00  0.000E+00  0.000E+00  0.000E+00  0.000E+00  0.000E+00  0.000E+00  0.000E+00  0.000E+00  0.000E+00
  0.000E+00  0.000E+00  0.000E+00  0.000E+00  0.000E+00  0.000E+00  0.000E+00  0.000E+00  0.000E+00  0.000E+00
  0.000E+00  0.000E+00  0.000E+00  0.000E+00  0.000E+00  2.678E-06  3.487E-05  5.003E-05  5.703E-05  7.551E-05
  1.233E-04  1.220E-04  9.622E-05  1.001E-04  1.072E-04  1.001E-04  5.567E-05  5.003E-05  5.003E-05  2.877E-05
  2.098E-05  0.000E+00  0.000E+00  0.000E+00  0.000E+00  0.000E+00  0.000E+00  0.000E+00  0.000E+00  0.000E+00
  0.000E+00  0.000E+00  0.000E+00  0.000E+00  0.000E+00  9.143E-06  2.501E-05  2.501E-05  2.501E-05  2.501E-05
  3.578E-05  5.002E-05  3.861E-05  2.501E-05  4.199E-05  5.002E-05  5.002E-05  3.882E-05  2.501E-05  2.501E-05
  2.501E-05  1.404E-05  0.000E+00  0.000E+00  0.000E+00  0.000E+00  0.000E+00  0.000E+00  2.108E-06  3.735E-05
  5.002E-05  5.002E-05  5.003E-05  5.003E-05  5.004E-05  1.835E-05  0.000E+00  0.000E+00  3.611E-05  5.006E-05
  7.348E-05  9.743E-05  5.934E-05  6.007E-05  3.539E-05  2.505E-05  1.357E-05  0.000E+00  2.291E-06  2.714E-05
  5.352E-05  8.922E-05  9.009E-05  5.633E-05  1.166E-05  0.000E+00  0.000E+00  0.000E+00  1.999E-05  5.025E-05
  4.679E-05  4.929E-05  4.531E-05  9.804E-06  5.748E-06  8.617E-06  2.518E-05  1.732E-05  0.000E+00  0.000E+00
  3.204E-05  5.036E-05  4.600E-05  6.212E-05  4.697E-05  2.513E-05  2.834E-05  7.258E-05  6.786E-05  1.157E-05
  2.396E-06  1.450E-05  5.022E-05  5.022E-05  1.663E-05  0.000E+00  0.000E+00  0.000E+00  0.000E+00  0.000E+00
  0.000E+00  0.000E+00  0.000E+00  0.000E+00  0.000E+00  0.000E+00  0.000E+00  0.000E+00  0.000E+00  0.000E+00
  2.941E-05  5.007E-05  5.007E-05  6.425E-05  5.006E-05  5.005E-05  5.005E-05  5.005E-05  5.005E-05  5.004E-05
  5.005E-05  5.005E-05  5.005E-05  5.005E-05  1.901E-05  0.000E+00  0.000E+00  2.204E-05  8.582E-08  0.000E+00
  0.000E+00  0.000E+00  0.000E+00  0.000E+00  0.000E+00  0.000E+00  0.000E+00  0.000E+00  0.000E+00  8.527E-06
  5.029E-05  3.532E-05  0.000E+00  9.171E-06  6.745E-05  5.666E-05  2.652E-05  3.982E-05  6.914E-05  3.688E-05
  2.520E-05  4.939E-06  4.263E-06  2.525E-05  7.385E-06  0.000E+00  0.000E+00  0.000E+00  0.000E+00  0.000E+00
  0.000E+00  0.000E+00  0.000E+00  0.000E+00  0.000E+00  0.000E+00  0.000E+00  0.000E+00  0.000E+00  0.000E+00
  0.000E+00  0.000E+00  0.000E+00  0.000E+00  0.000E+00  0.000E+00  0.000E+00  0.000E+00  0.000E+00  0.000E+00
  3.671E-05  5.003E-05  5.869E-05  7.879E-05  1.244E-04  1.224E-04  1.023E-04  1.001E-04  1.140E-04  9.958E-05
  5.176E-05  5.003E-05  4.584E-05  2.501E-05  1.251E-05  0.000E+00  0.000E+00  0.000E+00  0.000E+00  0.000E+00
  0.000E+00  0.000E+00  0.000E+00  0.000E+00  0.000E+00  0.000E+00  0.000E+00  0.000E+00  6.877E-06  2.501E-05
  2.501E-05  2.501E-05  2.501E-05  3.534E-05  5.002E-05  4.088E-05  2.501E-05  4.801E-05  5.002E-05  5.002E-05
  3.926E-05  2.501E-05  2.501E-05  2.501E-05  8.029E-06  0.000E+00  0.000E+00  0.000E+00  0.000E+00  0.000E+00
  0.000E+00  2.313E-05  5.002E-05  5.002E-05  5.002E-05  5.002E-05  5.002E-05  5.002E-05  4.791E-05  1.267E-05
  0.000E+00  0.000E+00  1.919E-06  3.468E-05  5.003E-05  5.978E-05  8.222E-05  1.001E-04  6.400E-05  6.133E-05
  5.169E-05  2.504E-05  2.504E-05  8.342E-06  0.000E+00  4.320E-06  2.662E-05  5.025E-05  8.982E-05  9.609E-05
  7.184E-05  2.753E-05  0.000E+00  0.000E+00  0.000E+00  4.967E-06  3.564E-05  5.022E-05  4.957E-05  5.024E-05
  4.085E-05  5.975E-06  0.000E+00  1.248E-05  3.091E-05  1.655E-05  0.000E+00  5.377E-07  2.513E-05  4.045E-05
  4.949E-05  7.960E-05  4.704E-05  2.513E-05  3.756E-05  7.544E-05  6.121E-05  2.859E-06  0.000E+00  2.034E-05
  5.022E-05  6.341E-05  0.000E+00  0.000E+00  0.000E+00  0.000E+00  0.000E+00  0.000E+00  0.000E+00  0.000E+00
  0.000E+00  0.000E+00  0.000E+00  0.000E+00  0.000E+00  3.565E-05  5.012E-05  5.011E-05  5.010E-05  5.009E-05
  2.067E-05  0.000E+00  0.000E+00  1.419E-05  0.000E+00  0.000E+00  0.000E+00  0.000E+00  0.000E+00  0.000E+00
  0.000E+00  0.000E+00  0.000E+00  0.000E+00  3.105E-05  5.006E-05  5.007E-05  5.007E-05  7.186E-05  2.523E-05
  0.000E+00  0.000E+00  0.000E+00  0.000E+00  0.000E+00  0.000E+00  0.000E+00  0.000E+00  0.000E+00  0.000E+00
  0.000E+00  1.498E-05  5.029E-05  2.883E-05  0.000E+00  2.203E-05  7.419E-05  4.651E-05  2.518E-05  5.384E-05
  6.296E-05  3.186E-05  1.921E-05  0.000E+00  1.786E-05  1.903E-05  0.000E+00  0.000E+00  0.000E+00  0.000E+00
  0.000E+00  0.000E+00  0.000E+00  0.000E+00  0.000E+00  0.000E+00  0.000E+00  0.000E+00  0.000E+00  0.000E+00
  0.000E+00  0.000E+00  0.000E+00  0.000E+00  0.000E+00  0.000E+00  0.000E+00  0.000E+00  0.000E+00  0.000E+00
  1.084E-04  1.045E-04  1.164E-04  9.630E-05  5.066E-05  5.003E-05  3.791E-05  2.501E-05  4.042E-06  0.000E+00
  0.000E+00  0.000E+00  0.000E+00  0.000E+00  0.000E+00  0.000E+00  0.000E+00  0.000E+00  0.000E+00  0.000E+00
  0.000E+00  4.611E-06  2.501E-05  2.501E-05  2.501E-05  2.501E-05  3.491E-05  5.002E-05  4.314E-05  2.901E-05
  5.002E-05  5.002E-05  5.002E-05  3.969E-05  2.501E-05  2.501E-05  2.501E-05  2.014E-06  0.000E+00  0.000E+00
  0.000E+00  0.000E+00  0.000E+00  1.019E-05  4.664E-05  5.002E-05  5.002E-05  5.002E-05  5.002E-05  5.002E-05
  5.002E-05  2.689E-05  0.000E+00  0.000E+00  0.000E+00  1.592E-05  4.598E-05  5.002E-05  5.175E-05  7.502E-05
  7.915E-05  1.000E-04  9.813E-05  6.538E-05  5.647E-05  6.531E-05  4.288E-05  2.502E-05  2.503E-05  1.376E-05
  0.000E+00  0.000E+00  1.830E-05  3.674E-05  5.635E-05  9.601E-05  9.864E-05  7.503E-05  3.319E-05  2.101E-06
  0.000E+00  0.000E+00  0.000E+00  2.148E-05  5.018E-05  5.083E-05  5.334E-05  5.021E-05  3.091E-05  0.000E+00
  0.000E+00  1.997E-05  2.514E-05  1.268E-05  5.748E-06  4.366E-06  2.512E-05  4.319E-05  5.408E-05  6.013E-05
  4.711E-05  2.527E-05  6.791E-05  7.544E-05  4.871E-05  0.000E+00  0.000E+00  3.883E-05  5.022E-05  2.988E-05
  0.000E+00  2.992E-06  1.205E-05  0.000E+00  0.000E+00  0.000E+00  0.000E+00  0.000E+00  0.000E+00  0.000E+00
  0.000E+00  1.353E-05  5.018E-05  5.016E-05  5.015E-05  1.448E-05  0.000E+00  0.000E+00  2.209E-05  2.502E-05
  2.502E-05  2.502E-05  2.501E-05  3.920E-05  2.501E-05  2.501E-05  2.501E-05  2.501E-05  2.501E-05  2.501E-05
  2.501E-05  2.501E-05  2.501E-05  2.501E-05  2.502E-05  2.502E-05  1.787E-05  0.000E+00  3.851E-06  4.245E-05
  5.010E-05  5.011E-05  4.784E-05  5.388E-06  0.000E+00  0.000E+00  0.000E+00  0.000E+00  0.000E+00  0.000E+00
  0.000E+00  0.000E+00  0.000E+00  2.146E-05  5.029E-05  2.234E-05  0.000E+00  4.029E-05  7.552E-05  3.502E-05
  3.551E-05  6.400E-05  5.040E-05  2.677E-05  8.272E-06  6.213E-06  2.525E-05  5.435E-06  0.000E+00  0.000E+00
  0.000E+00  0.000E+00  0.000E+00  0.000E+00  0.000E+00  0.000E+00  0.000E+00  0.000E+00  0.000E+00  0.000E+00
  0.000E+00  0.000E+00  0.000E+00  0.000E+00  0.000E+00  0.000E+00  0.000E+00  0.000E+00  0.000E+00  0.000E+00
  2.997E-05  2.059E-05  0.000E+00  0.000E+00  0.000E+00  0.000E+00  0.000E+00  0.000E+00  0.000E+00  0.000E+00
  0.000E+00  0.000E+00  0.000E+00  0.000E+00  2.345E-06  2.501E-05  2.501E-05  2.501E-05  2.501E-05  3.448E-05
  5.002E-05  4.541E-05  3.503E-05  5.002E-05  5.002E-05  5.002E-05  4.012E-05  2.501E-05  2.501E-05  2.101E-05
  0.000E+00  0.000E+00  0.000E+00  0.000E+00  0.000E+00  1.723E-06  3.878E-05  5.002E-05  5.002E-05  5.002E-05
  5.002E-05  5.002E-05  5.002E-05  3.983E-05  3.382E-06  0.000E+00  0.000E+00  1.603E-05  4.951E-05  5.002E-05
  6.111E-05  7.502E-05  8.339E-05  1.000E-04  1.000E-04  8.411E-05  5.405E-05  6.392E-05  7.329E-05  5.002E-05
  4.590E-05  2.501E-05  2.501E-05  2.501E-05  1.857E-05  0.000E+00  0.000E+00  1.468E-06  2.502E-05  3.816E-05
  5.116E-05  9.263E-05  1.012E-04  8.845E-05  6.886E-05  2.490E-05  0.000E+00  0.000E+00  0.000E+00  0.000E+00
  1.895E-05  4.680E-05  5.015E-05  5.923E-05  5.017E-05  4.458E-05  1.143E-05  0.000E+00  6.639E-06  2.512E-05
  2.513E-05  5.166E-06  0.000E+00  1.168E-05  3.099E-05  4.590E-05  6.513E-05  5.717E-05  4.647E-05  2.654E-05
  6.031E-05  7.544E-05  4.486E-05  6.895E-06  7.095E-06  5.022E-05  5.022E-05  1.139E-05  0.000E+00  0.000E+00
  0.000E+00  0.000E+00  1.504E-05  0.000E+00  0.000E+00  0.000E+00  0.000E+00  0.000E+00  1.119E-05  5.022E-05
  5.021E-05  3.666E-05  0.000E+00  9.324E-06  2.505E-05  2.504E-05  2.504E-05  2.503E-05  2.937E-06  0.000E+00
  0.000E+00  0.000E+00  7.500E-06  3.373E-05  2.500E-05  2.500E-05  2.500E-05  2.500E-05  2.500E-05  2.500E-05
  2.500E-05  2.303E-05  0.000E+00  0.000E+00  0.000E+00  0.000E+00  7.151E-06  2.503E-05  2.503E-05  3.318E-05
  3.804E-05  5.102E-06  2.284E-06  4.474E-05  5.014E-05  4.643E-05  2.671E-06  0.000E+00  0.000E+00  0.000E+00
  0.000E+00  0.000E+00  0.000E+00  0.000E+00  0.000E+00  2.795E-05  5.029E-05  1.586E-05  0.000E+00  5.988E-05
  6.755E-05  3.150E-05  4.596E-05  7.276E-05  3.558E-05  2.254E-05  0.000E+00  1.981E-05  1.708E-05  0.000E+00
  0.000E+00  0.000E+00  0.000E+00  0.000E+00  0.000E+00  0.000E+00  0.000E+00  0.000E+00  0.000E+00  0.000E+00
  0.000E+00  0.000E+00  0.000E+00  0.000E+00  0.000E+00  0.000E+00  0.000E+00  0.000E+00  0.000E+00  0.000E+00
  0.000E+00  0.000E+00  0.000E+00  0.000E+00  0.000E+00  0.000E+00  0.000E+00  7.830E-08  2.501E-05  2.501E-05
  2.501E-05  2.501E-05  3.404E-05  5.002E-05  4.768E-05  4.104E-05  5.002E-05  5.002E-05  5.002E-05  4.056E-05
  2.501E-05  2.501E-05  1.500E-05  0.000E+00  0.000E+00  0.000E+00  0.000E+00  0.000E+00  2.418E-05  5.002E-05
  5.002E-05  5.002E-05  5.002E-05  5.002E-05  5.002E-05  4.830E-05  1.124E-05  0.000E+00  0.000E+00  1.916E-05
  5.002E-05  5.002E-05  7.047E-05  7.502E-05  8.854E-05  1.000E-04  1.000E-04  8.400E-05  5.166E-05  7.502E-05
  6.393E-05  5.002E-05  4.165E-05  2.501E-05  2.501E-05  2.501E-05  2.501E-05  1.110E-05  0.000E+00  0.000E+00
  0.000E+00  0.000E+00  2.499E-05  2.501E-05  4.517E-05  5.003E-05  7.969E-05  1.059E-04  1.001E-04  8.696E-05
  7.398E-05  3.253E-05  5.683E-06  0.000E+00  0.000E+00  0.000E+00  8.172E-07  2.640E-05  5.011E-05  5.058E-05
  6.192E-05  5.348E-05  5.015E-05  1.962E-05  0.000E+00  0.000E+00  2.367E-05  2.510E-05  1.847E-05  0.000E+00
  0.000E+00  2.309E-05  3.589E-05  4.681E-05  8.095E-05  5.874E-05  3.536E-05  3.268E-05  6.900E-05  7.402E-05
  1.939E-05  0.000E+00  2.558E-05  6.863E-05  4.313E-05  0.000E+00  0.000E+00  0.000E+00  0.000E+00  0.000E+00
  0.000E+00  0.000E+00  3.588E-06  1.145E-05  0.000E+00  5.141E-06  4.969E-05  5.022E-05  3.903E-05  0.000E+00
  1.901E-05  2.506E-05  2.506E-05  1.573E-05  0.000E+00  0.000E+00  2.372E-05  2.502E-05  2.501E-05  2.501E-05
  2.501E-05  2.501E-05  3.428E-05  2.880E-06  0.000E+00  0.000E+00  0.000E+00  0.000E+00  0.000E+00  0.000E+00
  0.000E+00  1.969E-06  2.500E-05  2.501E-05  2.501E-05  2.501E-05  2.501E-05  2.502E-05  1.972E-05  0.000E+00
  1.276E-05  2.804E-05  2.505E-05  2.505E-05  1.478E-05  3.723E-06  4.750E-05  5.018E-05  2.625E-05  0.000E+00
  0.000E+00  0.000E+00  0.000E+00  0.000E+00  0.000E+00  0.000E+00  0.000E+00  3.444E-05  5.029E-05  9.370E-06
  1.027E-05  6.920E-05  6.238E-05  2.645E-05  6.361E-05  6.035E-05  3.191E-05  1.160E-05  8.164E-06  2.525E-05
  3.484E-06  0.000E+00  0.000E+00  0.000E+00  0.000E+00  0.000E+00  0.000E+00  0.000E+00  0.000E+00  0.000E+00
  0.000E+00  0.000E+00  0.000E+00  0.000E+00  0.000E+00  0.000E+00  0.000E+00  0.000E+00  0.000E+00  0.000E+00
  0.000E+00  2.282E-05  2.501E-05  2.501E-05  2.501E-05  3.361E-05  5.002E-05  4.994E-05  4.706E-05  5.002E-05
  5.002E-05  5.002E-05  4.099E-05  2.501E-05  2.501E-05  8.981E-06  0.000E+00  0.000E+00  0.000E+00  0.000E+00
  9.802E-06  4.807E-05  5.002E-05  5.002E-05  5.002E-05  5.002E-05  5.002E-05  5.002E-05  2.584E-05  0.000E+00
  0.000E+00  2.280E-05  5.002E-05  5.483E-05  7.502E-05  7.502E-05  9.370E-05  1.000E-04  1.000E-04  8.087E-05
  6.339E-05  7.502E-05  5.457E-05  5.002E-05  3.650E-05  2.501E-05  2.501E-05  2.501E-05  2.387E-05  0.000E+00
  0.000E+00  0.000E+00  0.000E+00  2.329E-05  2.501E-05  2.640E-05  5.001E-05  5.001E-05  5.001E-05  7.867E-05
  1.000E-04  1.161E-04  1.001E-04  1.000E-04  7.990E-05  7.504E-05  4.539E-05  1.778E-05  0.000E+00  0.000E+00
  0.000E+00  0.000E+00  0.000E+00  2.074E-05  4.286E-05  5.008E-05  6.097E-05  6.331E-05  5.010E-05  4.966E-05
  1.939E-05  0.000E+00  0.000E+00  2.214E-05  2.508E-05  2.509E-05  1.427E-06  0.000E+00  1.433E-05  2.613E-05
  5.020E-05  6.261E-05  6.450E-05  6.273E-05  3.085E-05  4.876E-05  7.537E-05  6.744E-05  6.414E-06  0.000E+00
  4.407E-05  5.022E-05  2.464E-05  4.479E-06  1.393E-05  0.000E+00  0.000E+00  0.000E+00  0.000E+00  0.000E+00
  0.000E+00  0.000E+00  1.706E-06  6.158E-05  5.022E-05  4.508E-05  5.343E-07  1.972E-05  2.507E-05  2.507E-05
  6.056E-06  1.421E-06  2.504E-05  2.503E-05  2.503E-05  2.503E-05  1.297E-06  0.000E+00  0.000E+00  0.000E+00
  0.000E+00  0.000E+00  1.419E-05  0.000E+00  0.000E+00  0.000E+00  1.664E-05  2.501E-05  1.323E-05  0.000E+00
  0.000E+00  0.000E+00  0.000E+00  0.000E+00  0.000E+00  0.000E+00  0.000E+00  0.000E+00  5.300E-06  2.502E-05
  2.503E-05  4.271E-05  2.537E-05  0.000E+00  1.028E-05  2.506E-05  2.507E-05  1.107E-05  2.394E-05  5.021E-05
  4.168E-05  0.000E+00  0.000E+00  0.000E+00  0.000E+00  0.000E+00  0.000E+00  0.000E+00  0.000E+00  4.092E-05
  5.029E-05  2.883E-06  2.355E-05  7.552E-05  5.089E-05  4.166E-05  6.889E-05  4.940E-05  2.520E-05  6.685E-07
  2.176E-05  1.513E-05  0.000E+00  0.000E+00  0.000E+00  0.000E+00  0.000E+00  0.000E+00  0.000E+00  0.000E+00
  0.000E+00  0.000E+00  0.000E+00  0.000E+00  0.000E+00  0.000E+00  0.000E+00  0.000E+00  0.000E+00  0.000E+00
  5.307E-05  5.221E-05  5.002E-05  5.002E-05  5.002E-05  4.143E-05  2.501E-05  2.501E-05  2.966E-06  0.000E+00
  0.000E+00  0.000E+00  1.338E-06  4.021E-05  5.002E-05  5.002E-05  5.002E-05  5.002E-05  5.002E-05  5.002E-05
  4.022E-05  1.951E-06  0.000E+00  2.644E-05  5.002E-05  6.419E-05  7.502E-05  7.502E-05  9.885E-05  1.000E-04
  1.000E-04  7.783E-05  7.502E-05  7.021E-05  5.002E-05  5.002E-05  3.134E-05  2.501E-05  2.501E-05  2.501E-05
  1.164E-05  0.000E+00  0.000E+00  1.962E-06  2.501E-05  2.501E-05  3.118E-05  5.001E-05  5.001E-05  5.001E-05
  8.602E-05  1.007E-04  1.250E-04  1.017E-04  1.000E-04  9.864E-05  7.502E-05  7.502E-05  7.502E-05  4.636E-05
  2.501E-05  8.936E-06  0.000E+00  0.000E+00  0.000E+00  0.000E+00  0.000E+00  0.000E+00  1.170E-05  2.765E-05
  5.005E-05  5.005E-05  6.280E-05  6.623E-05  5.728E-05  5.008E-05  3.839E-05  1.049E-05  0.000E+00  4.103E-06
  2.506E-05  2.506E-05  2.507E-05  2.935E-06  0.000E+00  1.164E-05  2.506E-05  4.727E-05  5.900E-05  7.419E-05
  6.307E-05  3.975E-05  3.294E-05  7.253E-05  8.107E-05  4.316E-05  0.000E+00  1.592E-05  5.021E-05  5.022E-05
  6.154E-06  0.000E+00  0.000E+00  0.000E+00  1.585E-05  2.553E-06  0.000E+00  0.000E+00  0.000E+00  0.000E+00
  4.167E-05  5.022E-05  4.851E-05  7.862E-06  3.123E-05  2.507E-05  2.507E-05  5.352E-06  9.138E-06  2.505E-05
  2.505E-05  2.362E-05  0.000E+00  0.000E+00  0.000E+00  0.000E+00  1.205E-05  2.504E-05  2.503E-05  2.503E-05
  2.503E-05  2.502E-05  3.921E-05  2.502E-05  2.502E-05  2.502E-05  8.375E-06  0.000E+00  1.178E-05  2.501E-05
  2.501E-05  2.501E-05  2.501E-05  2.502E-05  2.502E-05  2.502E-05  2.502E-05  2.502E-05  8.649E-06  0.000E+00
  0.000E+00  0.000E+00  2.296E-05  2.504E-05  2.505E-05  2.505E-05  4.001E-06  1.401E-05  2.508E-05  2.416E-05
  8.540E-06  5.022E-05  5.009E-05  4.809E-06  0.000E+00  0.000E+00  0.000E+00  0.000E+00  0.000E+00  0.000E+00
  0.000E+00  4.741E-05  4.669E-05  0.000E+00  4.314E-05  7.695E-05  3.797E-05  5.543E-05  7.096E-05  3.639E-05
  1.494E-05  1.011E-05  2.525E-05  1.534E-06  0.000E+00  0.000E+00  0.000E+00  0.000E+00  0.000E+00  0.000E+00
  0.000E+00  0.000E+00  0.000E+00  0.000E+00  0.000E+00  0.000E+00  0.000E+00  0.000E+00  0.000E+00  0.000E+00
  2.196E-05  0.000E+00  0.000E+00  0.000E+00  0.000E+00  2.522E-05  5.002E-05  5.002E-05  5.002E-05  5.002E-05
  5.002E-05  5.002E-05  4.868E-05  9.810E-06  0.000E+00  3.008E-05  5.002E-05  7.355E-05  7.502E-05  7.900E-05
  1.000E-04  1.000E-04  1.000E-04  8.643E-05  7.502E-05  6.085E-05  5.002E-05  5.002E-05  2.619E-05  2.501E-05
  2.501E-05  2.441E-05  0.000E+00  0.000E+00  5.638E-06  2.501E-05  2.501E-05  3.595E-05  5.001E-05  5.001E-05
  5.001E-05  9.337E-05  1.127E-04  1.231E-04  1.000E-04  1.000E-04  9.386E-05  7.502E-05  7.502E-05  7.502E-05
  3.902E-05  2.436E-05  0.000E+00  0.000E+00  0.000E+00  0.000E+00  0.000E+00  0.000E+00  0.000E+00  0.000E+00
  0.000E+00  0.000E+00  2.289E-05  2.501E-05  4.804E-05  5.002E-05  5.003E-05  6.418E-05  6.948E-05  7.243E-05
  5.004E-05  5.005E-05  3.732E-05  1.316E-05  0.000E+00  0.000E+00  2.299E-05  2.504E-05  2.505E-05  2.095E-05
  0.000E+00  0.000E+00  1.668E-05  2.551E-05  5.013E-05  6.246E-05  7.520E-05  6.409E-05  5.204E-05  2.791E-05
  6.999E-05  7.527E-05  6.743E-05  1.052E-05  2.296E-06  4.682E-05  5.018E-05  3.427E-05  0.000E+00  0.000E+00
  0.000E+00  0.000E+00  0.000E+00  0.000E+00  0.000E+00  1.841E-05  0.000E+00  3.509E-05  5.022E-05  5.022E-05
  8.551E-06  2.102E-05  2.507E-05  2.507E-05  1.974E-05  1.424E-05  2.505E-05  2.505E-05  1.591E-05  0.000E+00
  0.000E+00  3.364E-07  2.506E-05  2.505E-05  2.505E-05  2.505E-05  1.299E-05  0.000E+00  0.000E+00  0.000E+00
  0.000E+00  5.324E-06  8.867E-06  0.000E+00  0.000E+00  0.000E+00  0.000E+00  0.000E+00  0.000E+00  0.000E+00
  0.000E+00  0.000E+00  0.000E+00  0.000E+00  0.000E+00  0.000E+00  0.000E+00  0.000E+00  1.638E-05  2.503E-05
  2.503E-05  2.504E-05  2.447E-05  1.763E-05  0.000E+00  0.000E+00  2.106E-05  2.506E-05  2.422E-05  9.295E-07
  2.509E-05  2.509E-05  9.005E-06  4.541E-05  5.022E-05  1.791E-05  0.000E+00  0.000E+00  0.000E+00  0.000E+00
  0.000E+00  0.000E+00  3.603E-06  5.029E-05  4.020E-05  0.000E+00  6.274E-05  7.368E-05  3.438E-05  7.128E-05
  6.268E-05  2.702E-05  4.001E-06  2.371E-05  1.318E-05  0.000E+00  0.000E+00  0.000E+00  0.000E+00  0.000E+00
  0.000E+00  0.000E+00  0.000E+00  0.000E+00  0.000E+00  0.000E+00  0.000E+00  0.000E+00  0.000E+00  0.000E+00
  5.002E-05  5.002E-05  5.002E-05  5.002E-05  5.002E-05  2.480E-05  0.000E+00  3.371E-05  5.790E-05  7.502E-05
  7.502E-05  8.416E-05  1.000E-04  1.000E-04  1.001E-04  9.496E-05  7.502E-05  5.149E-05  5.002E-05  4.604E-05
  2.501E-05  2.501E-05  2.501E-05  1.217E-05  0.000E+00  9.315E-06  2.501E-05  2.501E-05  4.073E-05  5.001E-05
  5.001E-05  5.576E-05  9.497E-05  1.248E-04  1.194E-04  1.000E-04  1.000E-04  8.908E-05  7.502E-05  7.502E-05
  7.502E-05  3.167E-05  1.230E-05  0.000E+00  0.000E+00  0.000E+00  0.000E+00  0.000E+00  0.000E+00  0.000E+00
  0.000E+00  0.000E+00  1.957E-05  2.501E-05  2.963E-05  5.001E-05  5.001E-05  5.001E-05  5.001E-05  5.413E-05
  7.502E-05  7.502E-05  7.533E-05  7.503E-05  5.200E-05  5.002E-05  5.003E-05  3.588E-05  1.888E-05  0.000E+00
  0.000E+00  9.965E-06  2.502E-05  2.503E-05  2.503E-05  2.504E-05  2.051E-06  0.000E+00  7.035E-06  2.504E-05
  3.849E-05  5.010E-05  7.513E-05  7.470E-05  6.701E-05  5.121E-05  2.951E-05  7.454E-05  7.522E-05  7.240E-05
  1.743E-05  0.000E+00  3.812E-05  5.590E-05  5.016E-05  3.358E-06  0.000E+00  0.000E+00  0.000E+00  0.000E+00
  0.000E+00  0.000E+00  0.000E+00  0.000E+00  2.851E-05  5.904E-05  5.981E-05  1.513E-05  2.168E-05  2.507E-05
  2.507E-05  4.048E-06  1.934E-05  2.505E-05  2.983E-05  2.107E-05  0.000E+00  0.000E+00  1.484E-05  2.507E-05
  2.507E-05  2.473E-05  0.000E+00  0.000E+00  0.000E+00  0.000E+00  0.000E+00  0.000E+00  0.000E+00  0.000E+00
  0.000E+00  7.990E-06  6.200E-06  0.000E+00  0.000E+00  0.000E+00  0.000E+00  0.000E+00  0.000E+00  0.000E+00
  0.000E+00  0.000E+00  0.000E+00  0.000E+00  0.000E+00  0.000E+00  0.000E+00  0.000E+00  0.000E+00  0.000E+00
  0.000E+00  0.000E+00  3.078E-06  3.324E-05  3.679E-05  2.505E-05  9.900E-06  0.000E+00  8.515E-07  2.507E-05
  2.508E-05  1.301E-05  1.621E-05  2.509E-05  1.869E-05  3.231E-05  5.022E-05  3.113E-05  0.000E+00  0.000E+00
  0.000E+00  0.000E+00  0.000E+00  0.000E+00  1.009E-05  5.029E-05  3.372E-05  1.138E-05  7.095E-05  6.676E-05
  4.780E-05  7.378E-05  4.684E-05  1.827E-05  1.206E-05  2.483E-05  0.000E+00  0.000E+00  0.000E+00  0.000E+00
  0.000E+00  0.000E+00  0.000E+00  0.000E+00  0.000E+00  0.000E+00  0.000E+00  0.000E+00  0.000E+00  0.000E+00
  6.726E-05  7.502E-05  7.502E-05  8.931E-05  1.000E-04  1.000E-04  1.123E-04  9.133E-05  6.714E-05  5.002E-05
  5.002E-05  4.089E-05  2.501E-05  2.501E-05  2.494E-05  0.000E+00  1.299E-05  2.501E-05  2.501E-05  4.550E-05
  5.001E-05  5.001E-05  6.286E-05  1.070E-04  1.250E-04  1.157E-04  1.000E-04  1.000E-04  8.431E-05  7.502E-05
  7.502E-05  6.928E-05  3.007E-05  2.330E-07  0.000E+00  0.000E+00  0.000E+00  0.000E+00  0.000E+00  0.000E+00
  0.000E+00  0.000E+00  2.198E-05  2.501E-05  3.306E-05  5.001E-05  5.001E-05  5.001E-05  5.001E-05  6.862E-05
  7.502E-05  8.114E-05  8.046E-05  7.502E-05  7.040E-05  5.001E-05  5.001E-05  5.001E-05  5.001E-05  4.589E-05
  2.501E-05  2.501E-05  1.816E-06  0.000E+00  0.000E+00  5.786E-06  2.501E-05  2.501E-05  2.501E-05  2.502E-05
  2.502E-05  1.506E-05  0.000E+00  0.000E+00  1.240E-05  2.503E-05  4.005E-05  5.007E-05  7.549E-05  7.512E-05
  6.955E-05  7.512E-05  3.344E-05  4.626E-05  8.161E-05  7.518E-05  7.074E-05  1.466E-05  0.000E+00  4.244E-05
  5.013E-05  5.014E-05  1.203E-05  5.748E-06  0.000E+00  0.000E+00  0.000E+00  0.000E+00  0.000E+00  0.000E+00
  0.000E+00  2.193E-05  5.022E-05  5.022E-05  2.171E-05  2.233E-05  4.348E-05  2.507E-05  3.396E-06  2.443E-05
  2.505E-05  2.505E-05  5.716E-06  0.000E+00  1.558E-06  4.011E-05  2.507E-05  2.507E-05  1.023E-05  0.000E+00
  0.000E+00  0.000E+00  0.000E+00  0.000E+00  0.000E+00  0.000E+00  0.000E+00  0.000E+00  0.000E+00  0.000E+00
  0.000E+00  7.990E-06  6.200E-06  0.000E+00  0.000E+00  0.000E+00  0.000E+00  0.000E+00  0.000E+00  0.000E+00
  0.000E+00  0.000E+00  0.000E+00  0.000E+00  0.000E+00  0.000E+00  0.000E+00  0.000E+00  0.000E+00  0.000E+00
  0.000E+00  0.000E+00  0.000E+00  0.000E+00  1.411E-05  5.644E-06  1.515E-05  2.506E-05  2.506E-05  9.860E-06
  0.000E+00  1.206E-05  2.508E-05  2.508E-05  7.670E-06  2.509E-05  2.509E-05  2.249E-05  5.022E-05  4.435E-05
  0.000E+00  0.000E+00  0.000E+00  0.000E+00  0.000E+00  0.000E+00  1.658E-05  5.029E-05  2.723E-05  2.640E-05
  7.608E-05  5.471E-05  6.647E-05  7.262E-05  3.216E-05  7.750E-06  2.525E-05  1.123E-05  0.000E+00  0.000E+00
  0.000E+00  0.000E+00  0.000E+00  0.000E+00  0.000E+00  0.000E+00  0.000E+00  0.000E+00  0.000E+00  0.000E+00
  5.778E-05  5.002E-05  5.002E-05  3.573E-05  2.501E-05  2.501E-05  1.270E-05  1.667E-05  2.501E-05  2.527E-05
  5.001E-05  5.001E-05  5.001E-05  6.996E-05  1.193E-04  1.250E-04  1.120E-04  1.000E-04  1.000E-04  7.953E-05
  7.502E-05  7.502E-05  6.217E-05  1.800E-05  0.000E+00  0.000E+00  0.000E+00  0.000E+00  0.000E+00  0.000E+00
  0.000E+00  0.000E+00  2.439E-05  2.501E-05  3.650E-05  5.001E-05  5.001E-05  5.001E-05  5.810E-05  7.502E-05
  7.502E-05  9.474E-05  7.805E-05  7.502E-05  6.697E-05  5.001E-05  5.001E-05  5.001E-05  5.001E-05  3.141E-05
  2.501E-05  1.889E-05  0.000E+00  0.000E+00  0.000E+00  0.000E+00  1.943E-05  2.501E-05  2.501E-05  2.501E-05
  2.501E-05  2.501E-05  2.501E-05  2.501E-05  2.501E-05  1.922E-05  0.000E+00  0.000E+00  0.000E+00  1.760E-05
  2.502E-05  3.823E-05  5.004E-05  5.889E-05  8.638E-05  7.508E-05  7.343E-05  7.509E-05  4.265E-05  3.969E-05
  8.592E-05  7.513E-05  7.514E-05  5.394E-05  1.700E-06  1.318E-05  5.010E-05  5.011E-05  5.011E-05  7.681E-06
  0.000E+00  0.000E+00  0.000E+00  5.748E-06  0.000E+00  0.000E+00  0.000E+00  0.000E+00  1.655E-05  5.022E-05
  5.022E-05  2.829E-05  2.298E-05  2.507E-05  2.507E-05  7.226E-06  2.684E-05  4.167E-05  2.505E-05  6.168E-07
  0.000E+00  1.334E-05  2.507E-05  2.507E-05  2.352E-05  5.376E-06  9.664E-06  0.000E+00  0.000E+00  0.000E+00
  0.000E+00  0.000E+00  0.000E+00  0.000E+00  0.000E+00  0.000E+00  0.000E+00  0.000E+00  0.000E+00  0.000E+00
  0.000E+00  2.191E-05  3.120E-05  2.500E-05  2.500E-05  2.500E-05  2.500E-05  2.500E-05  2.500E-05  2.500E-05
  2.500E-05  2.500E-05  2.500E-05  6.780E-06  0.000E+00  0.000E+00  0.000E+00  0.000E+00  0.000E+00  0.000E+00
  0.000E+00  0.000E+00  0.000E+00  0.000E+00  0.000E+00  1.957E-05  0.000E+00  0.000E+00  0.000E+00  1.521E-05
  2.507E-05  2.507E-05  3.653E-06  0.000E+00  2.381E-05  2.508E-05  1.459E-05  2.169E-05  2.509E-05  1.907E-05
  5.022E-05  5.022E-05  7.358E-06  0.000E+00  0.000E+00  0.000E+00  0.000E+00  0.000E+00  2.306E-05  5.029E-05
  2.074E-05  4.599E-05  8.419E-05  4.502E-05  7.704E-05  6.193E-05  2.160E-05  1.401E-05  2.288E-05  0.000E+00
  0.000E+00  0.000E+00  0.000E+00  0.000E+00  0.000E+00  0.000E+00  0.000E+00  0.000E+00  0.000E+00  0.000E+00
  3.005E-05  5.001E-05  5.001E-05  5.206E-05  8.597E-05  1.207E-04  1.250E-04  1.084E-04  1.000E-04  9.976E-05
  7.502E-05  7.502E-05  7.502E-05  5.507E-05  5.689E-06  0.000E+00  0.000E+00  0.000E+00  0.000E+00  0.000E+00
  0.000E+00  1.795E-06  2.501E-05  2.501E-05  3.994E-05  5.001E-05  5.001E-05  5.001E-05  7.259E-05  7.502E-05
  8.334E-05  1.000E-04  7.564E-05  7.502E-05  6.353E-05  5.001E-05  5.001E-05  5.001E-05  4.193E-05  2.501E-05
  2.501E-05  5.284E-06  0.000E+00  0.000E+00  2.423E-06  2.501E-05  2.501E-05  2.501E-05  2.501E-05  2.501E-05
  2.501E-05  2.501E-05  2.501E-05  2.501E-05  2.501E-05  2.501E-05  5.580E-06  0.000E+00  0.000E+00  0.000E+00
  0.000E+00  4.078E-06  2.501E-05  2.501E-05  3.009E-05  5.002E-05  5.002E-05  5.312E-05  8.966E-05  8.245E-05
  7.505E-05  7.904E-05  7.505E-05  6.621E-05  2.634E-05  7.225E-05  8.675E-05  7.509E-05  7.510E-05  6.046E-05
  6.369E-06  5.994E-06  5.003E-05  5.008E-05  5.008E-05  3.691E-05  0.000E+00  0.000E+00  0.000E+00  0.000E+00
  0.000E+00  0.000E+00  0.000E+00  5.748E-06  0.000E+00  2.178E-05  5.018E-05  5.019E-05  3.365E-05  2.394E-05
  2.507E-05  2.507E-05  1.167E-05  2.505E-05  2.505E-05  2.057E-05  0.000E+00  1.322E-05  3.032E-05  2.507E-05
  2.507E-05  1.173E-05  0.000E+00  0.000E+00  0.000E+00  0.000E+00  1.384E-05  0.000E+00  4.884E-06  0.000E+00
  0.000E+00  0.000E+00  0.000E+00  1.556E-06  2.502E-05  2.501E-05  2.501E-05  3.584E-05  5.587E-05  7.503E-05
  8.021E-05  6.416E-05  5.596E-05  5.001E-05  5.001E-05  7.329E-05  7.504E-05  7.504E-05  7.504E-05  7.068E-05
  5.001E-05  5.001E-05  5.001E-05  6.824E-05  7.502E-05  7.502E-05  5.488E-05  2.959E-05  2.501E-05  2.501E-05
  1.944E-05  0.000E+00  0.000E+00  0.000E+00  0.000E+00  6.541E-07  1.876E-05  0.000E+00  0.000E+00  0.000E+00
  0.000E+00  0.000E+00  2.142E-05  2.507E-05  2.233E-05  0.000E+00  1.048E-05  2.508E-05  2.508E-05  1.473E-05
  2.509E-05  2.302E-05  4.286E-05  5.022E-05  2.058E-05  0.000E+00  0.000E+00  0.000E+00  0.000E+00  0.000E+00
  2.955E-05  5.029E-05  1.426E-05  6.559E-05  7.981E-05  5.953E-05  7.950E-05  4.068E-05  1.303E-05  2.525E-05
  9.281E-06  0.000E+00  0.000E+00  0.000E+00  0.000E+00  0.000E+00  0.000E+00  0.000E+00  0.000E+00  0.000E+00
  9.499E-05  7.502E-05  7.502E-05  7.298E-05  3.907E-05  4.331E-06  0.000E+00  0.000E+00  0.000E+00  0.000E+00
  0.000E+00  4.207E-06  2.501E-05  2.501E-05  4.338E-05  5.001E-05  5.001E-05  6.207E-05  7.502E-05  7.502E-05
  9.695E-05  9.823E-05  7.502E-05  7.502E-05  6.009E-05  5.001E-05  5.001E-05  5.001E-05  2.744E-05  2.501E-05
  1.669E-05  0.000E+00  0.000E+00  1.043E-05  2.501E-05  2.501E-05  2.501E-05  2.501E-05  2.501E-05  2.501E-05
  2.501E-05  2.501E-05  2.501E-05  2.501E-05  2.258E-05  0.000E+00  0.000E+00  0.000E+00  0.000E+00  0.000E+00
  1.911E-05  2.500E-05  2.500E-05  4.131E-05  5.001E-05  5.001E-05  5.001E-05  5.001E-05  5.730E-05  8.185E-05
  1.000E-04  9.594E-05  7.502E-05  7.502E-05  8.997E-05  7.502E-05  7.503E-05  7.193E-05  3.540E-05  5.275E-05
  9.353E-05  8.287E-05  7.505E-05  7.506E-05  7.507E-05  2.785E-05  0.000E+00  3.031E-05  5.005E-05  5.006E-05
  5.006E-05  4.407E-05  3.906E-08  0.000E+00  0.000E+00  0.000E+00  0.000E+00  0.000E+00  0.000E+00  0.000E+00
  0.000E+00  0.000E+00  4.208E-05  5.590E-05  5.016E-05  3.344E-05  2.506E-05  2.506E-05  2.507E-05  1.593E-05
  2.505E-05  2.505E-05  1.547E-05  0.000E+00  1.184E-05  2.507E-05  2.507E-05  2.502E-05  1.841E-05  0.000E+00
  0.000E+00  0.000E+00  0.000E+00  0.000E+00  0.000E+00  0.000E+00  6.742E-06  5.397E-06  1.020E-05  1.891E-05
  2.503E-05  3.320E-05  6.470E-05  7.351E-05  5.417E-05  7.511E-05  7.510E-05  6.426E-05  4.422E-05  2.505E-05
  3.304E-05  5.602E-05  5.005E-05  5.005E-05  5.004E-05  2.676E-05  2.500E-05  2.500E-05  2.500E-05  2.937E-05
  5.004E-05  5.004E-05  5.004E-05  4.685E-05  2.503E-05  2.503E-05  4.518E-05  7.048E-05  7.506E-05  7.506E-05
  5.712E-05  7.506E-05  6.369E-05  2.693E-05  2.503E-05  1.141E-05  7.136E-06  1.212E-05  0.000E+00  0.000E+00
  0.000E+00  0.000E+00  0.000E+00  0.000E+00  2.742E-06  2.507E-05  2.507E-05  1.593E-05  0.000E+00  2.223E-05
  2.508E-05  1.825E-05  2.509E-05  2.509E-05  3.737E-05  5.022E-05  3.380E-05  0.000E+00  0.000E+00  0.000E+00
  0.000E+00  0.000E+00  3.604E-05  5.029E-05  2.025E-05  7.270E-05  7.114E-05  7.750E-05  7.495E-05  2.700E-05
  1.597E-05  2.093E-05  0.000E+00  0.000E+00  0.000E+00  0.000E+00  0.000E+00  0.000E+00  0.000E+00  0.000E+00
  0.000E+00  6.619E-06  2.501E-05  2.501E-05  4.681E-05  5.001E-05  5.155E-05  7.502E-05  7.502E-05  8.554E-05
  1.000E-04  9.582E-05  7.502E-05  7.502E-05  5.665E-05  5.001E-05  5.001E-05  3.796E-05  2.501E-05  2.501E-05
  3.081E-06  0.000E+00  1.843E-05  2.501E-05  2.501E-05  2.501E-05  2.501E-05  2.501E-05  2.501E-05  2.501E-05
  2.501E-05  2.501E-05  2.501E-05  1.458E-05  0.000E+00  0.000E+00  0.000E+00  0.000E+00  1.346E-05  2.500E-05
  3.398E-05  5.001E-05  5.001E-05  5.001E-05  5.001E-05  5.001E-05  6.819E-05  9.175E-05  1.000E-04  1.000E-04
  8.091E-05  7.525E-05  1.000E-04  8.371E-05  7.501E-05  7.501E-05  7.501E-05  7.501E-05  6.772E-05  4.317E-05
  3.496E-05  7.502E-05  9.420E-05  1.000E-04  7.999E-05  7.502E-05  7.502E-05  7.503E-05  7.503E-05  4.730E-05
  6.526E-06  8.918E-06  4.701E-05  5.003E-05  5.004E-05  5.004E-05  5.004E-05  1.974E-05  0.000E+00  0.000E+00
  0.000E+00  0.000E+00  0.000E+00  0.000E+00  0.000E+00  0.000E+00  0.000E+00  0.000E+00  3.157E-05  5.012E-05
  5.013E-05  5.014E-05  2.752E-05  3.080E-05  2.505E-05  2.003E-05  2.504E-05  2.504E-05  2.505E-05  1.025E-05
  0.000E+00  2.363E-05  2.507E-05  2.507E-05  1.323E-05  0.000E+00  0.000E+00  0.000E+00  6.129E-06  1.228E-05
  0.000E+00  0.000E+00  0.000E+00  0.000E+00  5.722E-07  2.503E-05  2.503E-05  6.034E-05  8.496E-05  6.389E-05
  7.516E-05  6.698E-05  3.546E-05  4.408E-05  4.596E-05  4.004E-05  7.390E-05  7.507E-05  7.506E-05  7.506E-05
  8.304E-05  5.648E-05  5.004E-05  5.004E-05  5.003E-05  5.003E-05  5.003E-05  5.003E-05  5.003E-05  5.003E-05
  5.003E-05  5.003E-05  5.003E-05  5.321E-05  7.504E-05  7.504E-05  7.504E-05  7.505E-05  7.279E-05  3.455E-05
  4.854E-05  4.109E-05  3.641E-05  7.318E-05  7.510E-05  6.869E-05  7.480E-05  4.785E-05  3.037E-05  5.224E-06
  0.000E+00  0.000E+00  0.000E+00  0.000E+00  0.000E+00  0.000E+00  0.000E+00  9.138E-06  2.507E-05  2.507E-05
  9.538E-06  8.902E-06  2.508E-05  2.508E-05  2.179E-05  2.509E-05  3.395E-05  5.022E-05  4.665E-05  3.795E-07
  0.000E+00  0.000E+00  0.000E+00  0.000E+00  4.252E-05  4.951E-05  3.132E-05  8.332E-05  6.704E-05  8.307E-05
  5.910E-05  1.832E-05  2.525E-05  7.331E-06  0.000E+00  0.000E+00  0.000E+00  0.000E+00  0.000E+00  0.000E+00
  1.000E-04  9.341E-05  7.502E-05  7.502E-05  5.322E-05  5.001E-05  4.848E-05  2.501E-05  2.501E-05  1.448E-05
  1.422E-06  2.501E-05  2.501E-05  2.501E-05  2.501E-05  2.501E-05  2.501E-05  2.501E-05  2.501E-05  2.501E-05
  2.501E-05  2.501E-05  6.580E-06  0.000E+00  0.000E+00  0.000E+00  7.809E-06  2.664E-05  5.001E-05  5.001E-05
  5.001E-05  5.001E-05  5.001E-05  5.407E-05  7.664E-05  1.000E-04  1.000E-04  1.000E-04  9.076E-05  1.000E-04
  9.104E-05  7.501E-05  7.501E-05  7.501E-05  7.501E-05  7.501E-05  5.683E-05  6.024E-05  7.501E-05  9.630E-05
  1.000E-04  9.978E-05  7.501E-05  7.501E-05  7.501E-05  7.501E-05  7.501E-05  7.501E-05  7.501E-05  7.501E-05
  6.505E-05  2.500E-05  5.821E-06  7.532E-06  3.462E-05  5.001E-05  5.001E-05  5.002E-05  5.002E-05  5.002E-05
  5.002E-05  4.111E-05  3.018E-06  0.000E+00  0.000E+00  0.000E+00  0.000E+00  0.000E+00  0.000E+00  0.000E+00
  0.000E+00  0.000E+00  0.000E+00  6.757E-07  4.647E-05  5.009E-05  5.010E-05  5.010E-05  3.803E-05  2.504E-05
  2.504E-05  2.504E-05  2.499E-05  3.078E-05  2.504E-05  2.501E-05  0.000E+00  1.242E-05  2.507E-05  2.507E-05
  2.507E-05  1.443E-06  0.000E+00  0.000E+00  0.000E+00  0.000E+00  0.000E+00  0.000E+00  0.000E+00  4.102E-06
  7.264E-06  2.503E-05  2.944E-05  6.325E-05  7.453E-05  7.039E-05  7.517E-05  6.448E-05  5.498E-05  4.728E-05
  6.868E-05  7.512E-05  7.511E-05  5.610E-05  5.008E-05  3.504E-05  1.182E-06  0.000E+00  0.000E+00  0.000E+00
  7.990E-06  6.200E-06  0.000E+00  0.000E+00  0.000E+00  0.000E+00  0.000E+00  0.000E+00  0.000E+00  0.000E+00
  0.000E+00  0.000E+00  0.000E+00  0.000E+00  0.000E+00  0.000E+00  0.000E+00  0.000E+00  2.257E-06  4.050E-05
  5.004E-05  5.901E-05  7.507E-05  7.508E-05  6.690E-05  4.507E-05  3.891E-05  6.610E-05  9.412E-05  7.536E-05
  6.530E-05  2.504E-05  1.432E-05  0.000E+00  0.000E+00  0.000E+00  0.000E+00  0.000E+00  0.000E+00  0.000E+00
  1.553E-05  2.507E-05  2.507E-05  3.143E-06  2.065E-05  2.508E-05  2.531E-05  2.509E-05  2.866E-05  5.209E-05
  5.022E-05  1.003E-05  0.000E+00  0.000E+00  0.000E+00  7.791E-07  4.823E-05  4.509E-05  4.885E-05  9.070E-05
  7.468E-05  8.607E-05  3.242E-05  2.098E-05  1.898E-05  0.000E+00  0.000E+00  0.000E+00  0.000E+00  0.000E+00
  2.501E-05  2.501E-05  2.501E-05  2.501E-05  2.501E-05  2.501E-05  2.501E-05  2.501E-05  2.501E-05  2.501E-05
  2.358E-05  0.000E+00  0.000E+00  0.000E+00  2.159E-06  4.431E-05  5.001E-05  5.001E-05  5.001E-05  5.001E-05
  5.001E-05  6.496E-05  8.654E-05  1.000E-04  1.000E-04  1.082E-04  1.172E-04  9.838E-05  7.501E-05  7.501E-05
  7.501E-05  7.501E-05  7.501E-05  8.262E-05  8.240E-05  7.990E-05  1.000E-04  1.000E-04  9.582E-05  7.501E-05
  7.501E-05  7.501E-05  7.501E-05  7.501E-05  7.501E-05  7.501E-05  7.501E-05  4.805E-05  2.500E-05  7.609E-06
  2.500E-05  3.460E-05  5.001E-05  5.001E-05  5.001E-05  5.001E-05  5.001E-05  5.001E-05  5.001E-05  5.001E-05
  5.001E-05  5.001E-05  5.001E-05  4.248E-05  1.539E-05  0.000E+00  0.000E+00  0.000E+00  0.000E+00  0.000E+00
  0.000E+00  0.000E+00  0.000E+00  0.000E+00  0.000E+00  0.000E+00  0.000E+00  0.000E+00  2.582E-06  4.821E-05
  5.006E-05  5.006E-05  5.007E-05  5.854E-05  2.864E-05  2.503E-05  2.503E-05  2.572E-05  3.057E-05  2.503E-05
  2.503E-05  2.503E-05  5.631E-06  1.624E-05  2.505E-05  2.506E-05  2.506E-05  1.264E-05  0.000E+00  0.000E+00
  0.000E+00  0.000E+00  0.000E+00  0.000E+00  0.000E+00  0.000E+00  1.396E-05  2.503E-05  3.912E-05  7.305E-05
  7.567E-05  7.517E-05  7.076E-05  4.740E-05  5.013E-05  6.795E-05  7.513E-05  7.513E-05  8.147E-05  4.525E-05
  6.451E-06  0.000E+00  0.000E+00  0.000E+00  0.000E+00  0.000E+00  0.000E+00  0.000E+00  0.000E+00  5.048E-06
  2.942E-06  6.200E-06  0.000E+00  0.000E+00  0.000E+00  0.000E+00  0.000E+00  0.000E+00  0.000E+00  0.000E+00
  0.000E+00  0.000E+00  0.000E+00  0.000E+00  0.000E+00  0.000E+00  0.000E+00  0.000E+00  0.000E+00  0.000E+00
  0.000E+00  0.000E+00  0.000E+00  0.000E+00  8.179E-06  5.006E-05  6.153E-05  7.510E-05  7.672E-05  6.942E-05
  4.715E-05  7.514E-05  8.076E-05  7.513E-05  3.873E-05  2.310E-05  0.000E+00  0.000E+00  0.000E+00  0.000E+00
  0.000E+00  0.000E+00  0.000E+00  2.193E-05  2.507E-05  2.182E-05  7.321E-06  2.508E-05  2.508E-05  2.885E-05
  2.509E-05  5.225E-05  5.022E-05  2.326E-05  0.000E+00  0.000E+00  0.000E+00  5.202E-06  5.029E-05  3.932E-05
  6.772E-05  8.785E-05  8.770E-05  7.446E-05  2.360E-05  2.525E-05  5.380E-06  0.000E+00  0.000E+00  0.000E+00
  0.000E+00  0.000E+00  1.197E-05  4.652E-05  5.001E-05  5.001E-05  5.001E-05  5.001E-05  5.084E-05  7.501E-05
  9.644E-05  1.000E-04  1.121E-04  1.250E-04  1.229E-04  8.071E-05  7.501E-05  7.501E-05  7.501E-05  7.855E-05
  1.000E-04  9.593E-05  1.020E-04  1.000E-04  1.000E-04  9.185E-05  7.501E-05  7.501E-05  7.501E-05  7.501E-05
  7.501E-05  7.501E-05  7.501E-05  6.335E-05  4.099E-05  3.870E-05  2.500E-05  3.706E-05  5.001E-05  5.001E-05
  5.001E-05  5.001E-05  5.001E-05  5.001E-05  5.001E-05  5.001E-05  5.001E-05  5.001E-05  5.001E-05  4.612E-05
  2.500E-05  1.540E-05  0.000E+00  0.000E+00  0.000E+00  0.000E+00  0.000E+00  0.000E+00  0.000E+00  0.000E+00
  0.000E+00  0.000E+00  0.000E+00  0.000E+00  0.000E+00  0.000E+00  0.000E+00  0.000E+00  0.000E+00  0.000E+00
  0.000E+00  0.000E+00  1.878E-05  5.003E-05  5.003E-05  5.003E-05  5.004E-05  5.004E-05  6.829E-05  2.686E-05
  2.502E-05  2.502E-05  2.502E-05  3.967E-05  2.502E-05  2.502E-05  2.502E-05  2.434E-05  0.000E+00  2.128E-05
  2.504E-05  2.505E-05  2.505E-05  2.031E-05  0.000E+00  0.000E+00  0.000E+00  0.000E+00  0.000E+00  0.000E+00
  0.000E+00  0.000E+00  2.065E-05  2.503E-05  5.653E-05  7.510E-05  8.160E-05  7.517E-05  6.368E-05  5.218E-05
  7.001E-05  7.513E-05  7.513E-05  6.468E-05  5.011E-05  1.196E-05  0.000E+00  0.000E+00  2.846E-05  0.000E+00
  0.000E+00  0.000E+00  0.000E+00  0.000E+00  0.000E+00  0.000E+00  0.000E+00  0.000E+00  0.000E+00  2.956E-05
  2.501E-05  3.121E-05  2.501E-05  2.501E-05  2.501E-05  2.501E-05  2.501E-05  2.501E-05  2.501E-05  2.501E-05
  2.501E-05  2.501E-05  2.501E-05  2.501E-05  2.501E-05  2.026E-05  0.000E+00  0.000E+00  0.000E+00  0.000E+00
  0.000E+00  0.000E+00  0.000E+00  0.000E+00  0.000E+00  0.000E+00  0.000E+00  0.000E+00  0.000E+00  5.124E-05
  7.294E-05  7.512E-05  7.717E-05  5.088E-05  6.639E-05  7.709E-05  8.419E-05  6.226E-05  2.504E-05  6.835E-06
  0.000E+00  0.000E+00  0.000E+00  0.000E+00  0.000E+00  3.253E-06  2.507E-05  2.507E-05  1.542E-05  1.907E-05
  2.508E-05  3.237E-05  2.509E-05  4.883E-05  5.022E-05  3.648E-05  0.000E+00  0.000E+00  0.000E+00  1.169E-05
  5.029E-05  4.570E-05  8.138E-05  9.187E-05  9.362E-05  4.893E-05  2.626E-05  1.703E-05  0.000E+00  0.000E+00
  1.250E-04  1.250E-04  1.131E-04  7.850E-05  7.501E-05  7.501E-05  9.543E-05  1.000E-04  1.119E-04  1.221E-04
  1.036E-04  1.000E-04  8.789E-05  7.501E-05  7.501E-05  7.501E-05  7.501E-05  7.501E-05  7.501E-05  7.147E-05
  5.828E-05  6.415E-05  3.652E-05  3.951E-05  5.001E-05  5.001E-05  5.001E-05  5.001E-05  5.001E-05  5.001E-05
  5.001E-05  5.001E-05  5.001E-05  5.001E-05  5.001E-05  3.143E-05  2.500E-05  1.295E-05  0.000E+00  0.000E+00
  0.000E+00  0.000E+00  0.000E+00  0.000E+00  0.000E+00  0.000E+00  0.000E+00  0.000E+00  0.000E+00  0.000E+00
  0.000E+00  0.000E+00  0.000E+00  0.000E+00  0.000E+00  0.000E+00  0.000E+00  0.000E+00  0.000E+00  0.000E+00
  0.000E+00  0.000E+00  0.000E+00  4.218E-05  5.001E-05  5.001E-05  5.001E-05  5.001E-05  5.001E-05  5.001E-05
  5.002E-05  7.187E-05  5.625E-05  2.501E-05  2.501E-05  2.501E-05  2.501E-05  4.807E-05  2.920E-05  2.501E-05
  2.501E-05  2.502E-05  2.502E-05  1.237E-06  2.491E-05  2.503E-05  2.503E-05  2.503E-05  2.504E-05  3.762E-06
  0.000E+00  0.000E+00  0.000E+00  5.748E-06  0.000E+00  0.000E+00  0.000E+00  3.855E-06  2.503E-05  3.347E-05
  6.761E-05  8.307E-05  7.955E-05  7.517E-05  6.343E-05  6.743E-05  7.978E-05  7.513E-05  7.254E-05  5.011E-05
  2.239E-05  0.000E+00  0.000E+00  0.000E+00  0.000E+00  0.000E+00  0.000E+00  0.000E+00  5.536E-06  0.000E+00
  2.667E-07  2.503E-05  2.503E-05  2.503E-05  2.502E-05  2.502E-05  4.845E-05  5.007E-05  5.007E-05  3.648E-05
  2.505E-05  3.125E-05  2.504E-05  2.504E-05  2.504E-05  2.504E-05  2.504E-05  2.503E-05  2.503E-05  2.503E-05
  2.503E-05  2.503E-05  2.503E-05  2.503E-05  2.503E-05  2.978E-05  5.004E-05  5.004E-05  4.358E-05  2.501E-05
  2.501E-05  2.501E-05  2.501E-05  2.397E-05  0.000E+00  0.000E+00  0.000E+00  0.000E+00  0.000E+00  0.000E+00
  1.587E-05  2.889E-06  3.060E-06  4.930E-05  7.018E-05  7.512E-05  7.829E-05  6.059E-05  7.514E-05  9.153E-05
  7.513E-05  3.569E-05  1.561E-05  0.000E+00  0.000E+00  0.000E+00  0.000E+00  0.000E+00  9.648E-06  2.507E-05
  2.507E-05  1.477E-05  2.508E-05  2.830E-05  3.268E-05  3.883E-05  5.680E-05  4.827E-05  1.436E-06  0.000E+00
  0.000E+00  1.818E-05  5.029E-05  5.774E-05  9.055E-05  1.009E-04  8.927E-05  3.120E-05  2.525E-05  3.430E-06
  7.501E-05  7.501E-05  7.501E-05  7.501E-05  7.501E-05  7.501E-05  7.757E-05  7.501E-05  6.231E-05  4.487E-05
  5.001E-05  5.001E-05  5.001E-05  5.001E-05  5.001E-05  5.001E-05  5.001E-05  5.001E-05  5.001E-05  5.001E-05
  4.173E-05  2.500E-05  2.500E-05  1.050E-05  0.000E+00  0.000E+00  0.000E+00  0.000E+00  0.000E+00  0.000E+00
  0.000E+00  0.000E+00  0.000E+00  0.000E+00  0.000E+00  0.000E+00  0.000E+00  0.000E+00  0.000E+00  0.000E+00
  0.000E+00  0.000E+00  0.000E+00  0.000E+00  0.000E+00  0.000E+00  4.539E-05  5.001E-05  5.001E-05  5.001E-05
  5.001E-05  5.001E-05  5.001E-05  5.001E-05  5.001E-05  5.001E-05  5.001E-05  5.001E-05  5.001E-05  6.558E-05
  7.501E-05  7.501E-05  7.501E-05  3.283E-05  2.500E-05  2.500E-05  2.500E-05  2.500E-05  2.501E-05  4.826E-05
  5.001E-05  2.817E-05  2.501E-05  2.501E-05  2.501E-05  2.501E-05  2.501E-05  8.606E-06  2.502E-05  2.502E-05
  2.502E-05  2.502E-05  2.502E-05  2.502E-05  1.135E-07  0.000E+00  0.000E+00  0.000E+00  0.000E+00  0.000E+00
  0.000E+00  0.000E+00  3.659E-06  2.704E-05  2.651E-05  5.851E-05  7.508E-05  9.468E-05  7.516E-05  7.871E-05
  6.674E-05  9.001E-05  7.513E-05  7.513E-05  5.537E-05  3.281E-05  0.000E+00  0.000E+00  0.000E+00  0.000E+00
  0.000E+00  0.000E+00  0.000E+00  0.000E+00  0.000E+00  2.275E-05  2.503E-05  2.503E-05  2.845E-05  5.012E-05
  4.985E-05  2.508E-05  2.507E-05  2.507E-05  4.156E-05  5.010E-05  2.666E-05  2.503E-05  2.905E-05  5.804E-05
  5.005E-05  5.624E-05  5.004E-05  5.004E-05  5.004E-05  5.003E-05  5.003E-05  5.003E-05  5.003E-05  5.003E-05
  5.003E-05  5.003E-05  5.003E-05  5.003E-05  5.003E-05  4.710E-05  2.501E-05  2.501E-05  3.148E-05  5.005E-05
  3.828E-05  2.503E-05  2.503E-05  2.608E-05  5.005E-05  4.781E-05  2.502E-05  2.502E-05  2.502E-05  8.775E-06
  0.000E+00  1.876E-05  0.000E+00  0.000E+00  0.000E+00  0.000E+00  1.283E-05  5.247E-05  7.512E-05  7.694E-05
  7.680E-05  7.983E-05  8.457E-05  8.749E-05  5.922E-05  2.439E-05  0.000E+00  0.000E+00  0.000E+00  0.000E+00
  0.000E+00  1.604E-05  2.507E-05  2.507E-05  2.012E-05  2.508E-05  3.943E-05  2.704E-05  6.517E-05  5.022E-05
  1.271E-05  0.000E+00  0.000E+00  2.466E-05  5.029E-05  7.084E-05  1.040E-04  1.030E-04  6.735E-05  3.154E-05
  5.001E-05  5.001E-05  5.001E-05  5.001E-05  5.001E-05  5.001E-05  2.704E-05  2.500E-05  2.500E-05  8.042E-06
  0.000E+00  0.000E+00  0.000E+00  0.000E+00  0.000E+00  0.000E+00  0.000E+00  0.000E+00  0.000E+00  0.000E+00
  0.000E+00  0.000E+00  0.000E+00  0.000E+00  0.000E+00  0.000E+00  0.000E+00  0.000E+00  2.524E-05  5.001E-05
  5.001E-05  5.001E-05  5.001E-05  5.001E-05  5.001E-05  5.001E-05  5.001E-05  5.001E-05  5.001E-05  5.001E-05
  5.001E-05  7.468E-05  7.501E-05  7.501E-05  7.501E-05  7.501E-05  2.962E-05  2.500E-05  2.500E-05  2.500E-05
  2.500E-05  2.500E-05  2.500E-05  2.500E-05  4.956E-05  5.000E-05  5.000E-05  5.000E-05  5.000E-05  3.443E-05
  2.500E-05  2.500E-05  2.500E-05  2.500E-05  2.500E-05  2.500E-05  2.500E-05  2.500E-05  2.500E-05  2.075E-05
  2.501E-05  2.501E-05  2.501E-05  2.501E-05  2.501E-05  2.501E-05  2.501E-05  1.837E-05  0.000E+00  0.000E+00
  0.000E+00  0.000E+00  0.000E+00  0.000E+00  0.000E+00  0.000E+00  0.000E+00  1.643E-05  2.501E-05  3.825E-05
  6.688E-05  7.973E-05  1.059E-04  7.519E-05  8.777E-05  7.706E-05  9.774E-05  7.675E-05  7.512E-05  6.314E-05
  4.098E-05  2.250E-06  0.000E+00  0.000E+00  0.000E+00  0.000E+00  0.000E+00  0.000E+00  0.000E+00  1.953E-05
  2.503E-05  2.503E-05  3.324E-05  5.012E-05  5.012E-05  2.737E-05  2.508E-05  4.344E-05  4.672E-05  2.852E-05
  5.009E-05  5.008E-05  5.008E-05  5.007E-05  3.357E-05  2.503E-05  2.503E-05  2.503E-05  2.591E-05  3.080E-06
  3.393E-06  2.807E-06  0.000E+00  0.000E+00  0.000E+00  0.000E+00  0.000E+00  0.000E+00  0.000E+00  0.000E+00
  0.000E+00  0.000E+00  0.000E+00  0.000E+00  0.000E+00  2.931E-06  2.501E-05  2.501E-05  2.501E-05  2.501E-05
  3.678E-05  5.003E-05  5.003E-05  5.003E-05  4.653E-05  2.726E-05  5.006E-05  3.581E-05  2.504E-05  4.129E-05
  5.006E-05  3.250E-05  3.948E-05  2.503E-05  4.485E-07  0.000E+00  0.000E+00  0.000E+00  0.000E+00  0.000E+00
  2.338E-05  5.979E-05  7.512E-05  8.782E-05  8.216E-05  8.380E-05  1.002E-04  7.661E-05  3.265E-05  8.129E-06
  0.000E+00  0.000E+00  0.000E+00  0.000E+00  2.244E-05  2.507E-05  2.547E-05  2.508E-05  3.378E-05  3.426E-05
  6.260E-05  5.133E-05  2.593E-05  0.000E+00  0.000E+00  3.115E-05  5.211E-05  8.818E-05  1.188E-04  1.021E-04
  0.000E+00  0.000E+00  0.000E+00  0.000E+00  0.000E+00  0.000E+00  0.000E+00  0.000E+00  0.000E+00  0.000E+00
  8.152E-06  4.694E-05  5.001E-05  5.001E-05  5.001E-05  5.001E-05  5.001E-05  5.001E-05  5.001E-05  5.001E-05
  5.001E-05  5.001E-05  5.877E-05  7.501E-05  7.501E-05  7.501E-05  7.501E-05  7.501E-05  4.977E-05  2.500E-05
  2.500E-05  2.500E-05  2.500E-05  2.500E-05  3.516E-05  5.000E-05  5.000E-05  5.000E-05  5.000E-05  5.000E-05
  5.000E-05  2.533E-05  2.500E-05  2.500E-05  2.500E-05  2.500E-05  2.500E-05  2.500E-05  2.500E-05  2.500E-05
  2.500E-05  2.500E-05  2.922E-05  5.000E-05  2.545E-05  2.500E-05  2.500E-05  2.500E-05  2.500E-05  2.500E-05
  2.500E-05  2.500E-05  2.500E-05  2.500E-05  2.500E-05  2.500E-05  2.500E-05  2.500E-05  2.500E-05  6.014E-06
  0.000E+00  0.000E+00  0.000E+00  0.000E+00  0.000E+00  0.000E+00  0.000E+00  0.000E+00  0.000E+00  0.000E+00
  1.539E-05  2.501E-05  2.853E-05  5.131E-05  7.504E-05  8.561E-05  1.001E-04  8.367E-05  8.830E-05  9.470E-05
  1.006E-04  9.547E-05  8.084E-05  7.509E-05  6.096E-05  3.969E-05  2.453E-06  0.000E+00  0.000E+00  0.000E+00
  0.000E+00  0.000E+00  0.000E+00  1.632E-05  2.503E-05  2.503E-05  3.804E-05  5.012E-05  5.012E-05  3.058E-05
  3.241E-05  5.013E-05  4.192E-05  4.879E-05  5.009E-05  5.009E-05  5.009E-05  3.174E-05  2.504E-05  2.158E-05
  0.000E+00  0.000E+00  0.000E+00  0.000E+00  0.000E+00  0.000E+00  0.000E+00  0.000E+00  7.990E-06  0.000E+00
  6.200E-06  0.000E+00  0.000E+00  0.000E+00  0.000E+00  0.000E+00  0.000E+00  0.000E+00  0.000E+00  0.000E+00
  0.000E+00  0.000E+00  0.000E+00  0.000E+00  0.000E+00  0.000E+00  0.000E+00  0.000E+00  0.000E+00  0.000E+00
  0.000E+00  0.000E+00  0.000E+00  0.000E+00  3.503E-06  2.502E-05  2.502E-05  3.927E-05  5.004E-05  5.005E-05
  4.350E-05  4.689E-05  5.528E-05  3.230E-05  4.962E-05  5.006E-05  2.521E-05  2.503E-05  1.693E-05  0.000E+00
  0.000E+00  0.000E+00  0.000E+00  0.000E+00  3.393E-05  6.711E-05  7.512E-05  9.870E-05  9.817E-05  9.274E-05
  9.078E-05  5.618E-05  1.691E-05  0.000E+00  0.000E+00  0.000E+00  3.763E-06  2.507E-05  2.507E-05  3.082E-05
  2.508E-05  4.649E-05  4.938E-05  6.113E-05  3.916E-05  0.000E+00  0.000E+00  3.763E-05  6.566E-05  9.585E-05
  5.001E-05  5.001E-05  5.001E-05  5.001E-05  6.786E-05  7.501E-05  7.501E-05  7.501E-05  7.501E-05  7.501E-05
  6.686E-05  2.807E-05  2.500E-05  2.500E-05  2.500E-05  4.576E-05  5.000E-05  5.000E-05  5.000E-05  5.000E-05
  5.000E-05  5.000E-05  4.124E-05  2.500E-05  2.500E-05  2.500E-05  2.500E-05  2.500E-05  2.500E-05  2.500E-05
  2.500E-05  2.705E-05  5.000E-05  5.000E-05  3.985E-05  2.500E-05  2.500E-05  2.500E-05  2.500E-05  2.500E-05
  2.500E-05  2.500E-05  2.500E-05  2.500E-05  2.500E-05  2.500E-05  2.500E-05  2.500E-05  2.500E-05  2.500E-05
  2.500E-05  2.500E-05  2.078E-05  0.000E+00  0.000E+00  0.000E+00  0.000E+00  0.000E+00  0.000E+00  0.000E+00
  0.000E+00  0.000E+00  0.000E+00  0.000E+00  0.000E+00  0.000E+00  0.000E+00  0.000E+00  0.000E+00  0.000E+00
  5.473E-06  2.500E-05  2.500E-05  2.500E-05  4.678E-05  5.641E-05  7.502E-05  8.319E-05  1.000E-04  1.000E-04
  8.466E-05  9.740E-05  1.104E-04  1.171E-04  1.001E-04  8.952E-05  7.506E-05  7.506E-05  6.185E-05  4.223E-05
  7.758E-06  0.000E+00  5.748E-06  0.000E+00  0.000E+00  0.000E+00  0.000E+00  1.535E-05  2.503E-05  2.503E-05
  4.283E-05  5.012E-05  5.012E-05  3.380E-05  4.643E-05  5.013E-05  5.609E-05  5.009E-05  5.009E-05  5.009E-05
  4.277E-05  2.504E-05  2.504E-05  1.307E-06  0.000E+00  0.000E+00  0.000E+00  0.000E+00  0.000E+00  0.000E+00
  0.000E+00  0.000E+00  0.000E+00  0.000E+00  0.000E+00  0.000E+00  0.000E+00  0.000E+00  7.990E-06  0.000E+00
  6.200E-06  1.263E-05  2.500E-05  2.500E-05  2.500E-05  2.500E-05  2.500E-05  2.500E-05  2.500E-05  2.500E-05
  2.500E-05  2.500E-05  2.500E-05  8.471E-06  0.000E+00  0.000E+00  0.000E+00  0.000E+00  0.000E+00  0.000E+00
  0.000E+00  0.000E+00  0.000E+00  0.000E+00  0.000E+00  0.000E+00  0.000E+00  0.000E+00  0.000E+00  0.000E+00
  6.547E-06  2.502E-05  3.131E-05  6.874E-05  5.012E-05  5.005E-05  5.199E-05  4.844E-05  3.313E-05  5.006E-05
  4.727E-05  2.503E-05  2.503E-05  8.389E-06  0.000E+00  0.000E+00  0.000E+00  0.000E+00  4.448E-05  7.444E-05
  8.453E-05  1.142E-04  1.017E-04  1.002E-04  7.990E-05  2.961E-05  6.430E-07  0.000E+00  0.000E+00  1.016E-05
  2.507E-05  2.765E-05  3.360E-05  3.925E-05  4.691E-05  7.094E-05  4.989E-05  2.493E-06  0.000E+00  4.412E-05
  5.000E-05  5.000E-05  5.000E-05  5.000E-05  3.215E-05  2.500E-05  2.500E-05  2.500E-05  2.500E-05  2.500E-05
  2.500E-05  4.989E-05  5.000E-05  5.000E-05  5.000E-05  2.925E-05  2.500E-05  2.500E-05  2.500E-05  2.500E-05
  2.500E-05  2.500E-05  2.500E-05  2.500E-05  2.500E-05  2.500E-05  2.500E-05  2.500E-05  2.500E-05  2.500E-05
  2.500E-05  2.295E-05  0.000E+00  0.000E+00  0.000E+00  0.000E+00  0.000E+00  0.000E+00  0.000E+00  0.000E+00
  0.000E+00  0.000E+00  0.000E+00  0.000E+00  0.000E+00  0.000E+00  0.000E+00  0.000E+00  0.000E+00  0.000E+00
  1.720E-05  2.500E-05  2.500E-05  2.500E-05  2.500E-05  2.500E-05  2.500E-05  3.019E-05  5.000E-05  5.000E-05
  5.000E-05  5.000E-05  6.227E-05  7.500E-05  7.500E-05  8.271E-05  1.000E-04  1.000E-04  1.000E-04  1.000E-04
  9.821E-05  1.000E-04  1.118E-04  1.285E-04  1.283E-04  1.186E-04  1.000E-04  9.187E-05  7.503E-05  7.503E-05
  7.503E-05  5.268E-05  3.615E-05  6.731E-06  0.000E+00  0.000E+00  0.000E+00  0.000E+00  0.000E+00  0.000E+00
  1.395E-05  2.502E-05  3.077E-05  3.612E-05  5.009E-05  5.009E-05  5.010E-05  4.716E-05  5.012E-05  6.444E-05
  5.738E-05  5.009E-05  5.009E-05  5.009E-05  2.875E-05  2.504E-05  6.081E-06  0.000E+00  0.000E+00  0.000E+00
  0.000E+00  0.000E+00  0.000E+00  0.000E+00  0.000E+00  0.000E+00  0.000E+00  0.000E+00  3.060E-06  2.501E-05
  2.501E-05  2.501E-05  2.500E-05  2.500E-05  2.500E-05  2.500E-05  2.500E-05  2.500E-05  3.299E-05  2.500E-05
  3.120E-05  1.237E-05  0.000E+00  0.000E+00  0.000E+00  0.000E+00  0.000E+00  0.000E+00  0.000E+00  0.000E+00
  0.000E+00  0.000E+00  0.000E+00  1.653E-05  2.500E-05  2.500E-05  2.500E-05  2.500E-05  2.500E-05  2.500E-05
  2.500E-05  2.500E-05  2.500E-05  2.501E-05  2.501E-05  2.311E-05  0.000E+00  0.000E+00  0.000E+00  0.000E+00
  0.000E+00  0.000E+00  0.000E+00  0.000E+00  1.876E-05  0.000E+00  2.291E-05  2.665E-05  5.005E-05  5.005E-05
  5.284E-05  6.085E-05  5.006E-05  4.471E-05  5.006E-05  4.428E-05  2.503E-05  2.487E-05  0.000E+00  0.000E+00
  0.000E+00  4.948E-06  5.672E-05  7.512E-05  9.541E-05  1.302E-04  1.106E-04  9.407E-05  5.314E-05  9.422E-06
  0.000E+00  0.000E+00  1.655E-05  2.507E-05  3.940E-05  3.157E-05  4.951E-05  7.282E-05  5.566E-05  1.538E-05
  2.500E-05  2.500E-05  2.500E-05  2.500E-05  2.500E-05  2.500E-05  2.500E-05  2.500E-05  2.500E-05  2.500E-05
  2.500E-05  1.141E-07  0.000E+00  0.000E+00  0.000E+00  0.000E+00  0.000E+00  0.000E+00  0.000E+00  0.000E+00
  0.000E+00  0.000E+00  0.000E+00  1.769E-05  2.500E-05  2.500E-05  2.500E-05  2.500E-05  2.500E-05  2.500E-05
  4.403E-05  5.000E-05  5.000E-05  5.000E-05  5.000E-05  5.000E-05  5.000E-05  7.236E-05  7.500E-05  7.500E-05
  9.004E-05  1.000E-04  1.000E-04  1.000E-04  1.000E-04  1.000E-04  1.000E-04  1.000E-04  1.019E-04  1.250E-04
  1.078E-04  1.155E-04  1.250E-04  1.250E-04  1.250E-04  1.350E-04  1.500E-04  1.448E-04  1.250E-04  1.250E-04
  1.250E-04  1.250E-04  1.127E-04  1.000E-04  1.000E-04  9.230E-05  7.501E-05  7.501E-05  7.501E-05  7.501E-05
  7.134E-05  5.001E-05  3.819E-05  2.155E-05  0.000E+00  0.000E+00  0.000E+00  0.000E+00  0.000E+00  0.000E+00
  0.000E+00  9.935E-06  2.501E-05  2.501E-05  2.501E-05  4.635E-05  5.005E-05  5.005E-05  5.006E-05  5.845E-05
  6.114E-05  5.667E-05  8.086E-05  6.403E-05  5.007E-05  5.007E-05  5.008E-05  3.768E-05  2.504E-05  1.074E-05
  0.000E+00  0.000E+00  0.000E+00  0.000E+00  0.000E+00  0.000E+00  0.000E+00  0.000E+00  0.000E+00  1.501E-06
  2.501E-05  2.501E-05  2.501E-05  2.501E-05  2.501E-05  2.501E-05  2.501E-05  2.501E-05  2.195E-05  0.000E+00
  0.000E+00  0.000E+00  0.000E+00  0.000E+00  0.000E+00  0.000E+00  0.000E+00  4.772E-06  3.218E-06  0.000E+00
  6.200E-06  0.000E+00  0.000E+00  0.000E+00  0.000E+00  0.000E+00  0.000E+00  0.000E+00  0.000E+00  0.000E+00
  0.000E+00  0.000E+00  0.000E+00  0.000E+00  0.000E+00  0.000E+00  0.000E+00  0.000E+00  0.000E+00  0.000E+00
  0.000E+00  0.000E+00  0.000E+00  0.000E+00  0.000E+00  1.898E-06  2.501E-05  2.501E-05  2.501E-05  2.501E-05
  2.501E-05  2.501E-05  2.501E-05  7.782E-06  7.124E-06  1.164E-05  0.000E+00  0.000E+00  0.000E+00  0.000E+00
  0.000E+00  1.424E-05  2.502E-05  4.701E-05  5.005E-05  5.583E-05  6.951E-05  5.022E-05  5.776E-05  5.006E-05
  4.130E-05  2.503E-05  1.633E-05  0.000E+00  0.000E+00  1.550E-05  6.405E-05  8.124E-05  1.222E-04  1.398E-04
  1.039E-04  8.309E-05  1.984E-05  0.000E+00  0.000E+00  2.295E-05  2.607E-05  4.588E-05  4.473E-05  7.226E-05
  2.500E-05  2.500E-05  3.286E-05  5.000E-05  5.000E-05  5.000E-05  5.000E-05  5.000E-05  5.000E-05  5.000E-05
  5.000E-05  6.537E-05  7.500E-05  8.949E-05  1.000E-04  1.000E-04  1.000E-04  1.000E-04  1.000E-04  1.000E-04
  1.052E-04  1.363E-04  1.500E-04  1.323E-04  1.250E-04  1.250E-04  1.250E-04  1.398E-04  1.500E-04  1.500E-04
  1.310E-04  1.250E-04  1.250E-04  1.250E-04  1.250E-04  1.250E-04  1.250E-04  1.027E-04  1.000E-04  1.000E-04
  8.497E-05  7.500E-05  7.500E-05  7.500E-05  7.500E-05  7.500E-05  7.500E-05  7.500E-05  7.315E-05  5.000E-05
  5.000E-05  3.451E-05  2.500E-05  2.500E-05  2.500E-05  1.500E-05  0.000E+00  0.000E+00  0.000E+00  0.000E+00
  0.000E+00  0.000E+00  0.000E+00  0.000E+00  0.000E+00  0.000E+00  0.000E+00  0.000E+00  1.938E-05  2.500E-05
  2.500E-05  2.500E-05  2.500E-05  4.515E-05  5.001E-05  5.001E-05  5.002E-05  5.002E-05  5.002E-05  6.924E-05
  7.504E-05  7.385E-05  7.505E-05  7.506E-05  7.506E-05  5.373E-05  5.004E-05  5.004E-05  5.004E-05  4.166E-05
  2.502E-05  1.843E-05  5.748E-06  0.000E+00  0.000E+00  0.000E+00  0.000E+00  0.000E+00  0.000E+00  0.000E+00
  0.000E+00  2.495E-05  2.501E-05  2.501E-05  2.501E-05  2.501E-05  2.501E-05  2.501E-05  2.501E-05  2.351E-05
  0.000E+00  0.000E+00  0.000E+00  0.000E+00  0.000E+00  0.000E+00  0.000E+00  0.000E+00  0.000E+00  0.000E+00
  0.000E+00  0.000E+00  0.000E+00  0.000E+00  0.000E+00  0.000E+00  0.000E+00  7.990E-06  0.000E+00  0.000E+00
  6.200E-06  0.000E+00  0.000E+00  0.000E+00  0.000E+00  0.000E+00  0.000E+00  0.000E+00  0.000E+00  0.000E+00
  0.000E+00  0.000E+00  0.000E+00  0.000E+00  0.000E+00  0.000E+00  0.000E+00  0.000E+00  0.000E+00  0.000E+00
  0.000E+00  0.000E+00  0.000E+00  0.000E+00  0.000E+00  0.000E+00  0.000E+00  0.000E+00  0.000E+00  0.000E+00
  0.000E+00  0.000E+00  0.000E+00  1.723E-05  2.501E-05  3.933E-05  2.945E-05  2.501E-05  2.501E-05  2.501E-05
  9.112E-06  0.000E+00  0.000E+00  0.000E+00  0.000E+00  0.000E+00  5.577E-06  2.502E-05  4.236E-05  5.005E-05
  5.881E-05  7.509E-05  6.185E-05  6.241E-05  5.006E-05  3.831E-05  2.503E-05  7.787E-06  0.000E+00  2.605E-05
  7.137E-05  9.222E-05  1.555E-04  1.351E-04  9.737E-05  5.009E-05  1.937E-06  4.274E-06  2.507E-05  3.781E-05
  1.500E-04  1.500E-04  1.422E-04  1.250E-04  1.250E-04  1.250E-04  1.250E-04  1.250E-04  1.250E-04  1.250E-04
  1.250E-04  1.096E-04  1.000E-04  8.552E-05  7.500E-05  7.500E-05  7.500E-05  7.500E-05  7.500E-05  7.500E-05
  6.978E-05  3.872E-05  2.500E-05  2.500E-05  2.500E-05  2.500E-05  2.500E-05  1.016E-05  0.000E+00  0.000E+00
  0.000E+00  0.000E+00  0.000E+00  0.000E+00  0.000E+00  0.000E+00  0.000E+00  2.303E-05  2.500E-05  2.500E-05
  2.500E-05  2.500E-05  2.500E-05  2.500E-05  3.808E-05  5.000E-05  5.000E-05  5.000E-05  5.000E-05  5.000E-05
  5.000E-05  5.000E-05  5.000E-05  5.000E-05  5.000E-05  5.000E-05  5.000E-05  5.000E-05  5.000E-05  6.010E-05
  7.501E-05  7.500E-05  7.500E-05  7.500E-05  8.810E-05  1.000E-04  1.000E-04  1.000E-04  8.063E-05  7.501E-05
  7.501E-05  7.501E-05  7.501E-05  5.487E-05  5.001E-05  5.001E-05  5.001E-05  5.001E-05  5.002E-05  3.081E-05
  2.501E-05  1.627E-05  0.000E+00  0.000E+00  0.000E+00  0.000E+00  0.000E+00  0.000E+00  0.000E+00  0.000E+00
  0.000E+00  2.429E-05  3.075E-05  2.500E-05  2.500E-05  2.500E-05  2.501E-05  2.501E-05  2.501E-05  2.501E-05
  2.501E-05  5.900E-08  0.000E+00  0.000E+00  0.000E+00  0.000E+00  0.000E+00  0.000E+00  0.000E+00  0.000E+00
  0.000E+00  0.000E+00  0.000E+00  0.000E+00  0.000E+00  0.000E+00  0.000E+00  0.000E+00  0.000E+00  0.000E+00
  0.000E+00  0.000E+00  0.000E+00  0.000E+00  0.000E+00  0.000E+00  0.000E+00  7.990E-06  0.000E+00  0.000E+00
  6.200E-06  0.000E+00  0.000E+00  0.000E+00  0.000E+00  0.000E+00  0.000E+00  0.000E+00  0.000E+00  0.000E+00
  0.000E+00  0.000E+00  0.000E+00  0.000E+00  0.000E+00  0.000E+00  0.000E+00  0.000E+00  0.000E+00  0.000E+00
  0.000E+00  0.000E+00  0.000E+00  0.000E+00  0.000E+00  0.000E+00  0.000E+00  0.000E+00  0.000E+00  0.000E+00
  0.000E+00  0.000E+00  0.000E+00  0.000E+00  0.000E+00  0.000E+00  1.876E-05  0.000E+00  0.000E+00  0.000E+00
  1.590E-05  2.501E-05  2.501E-05  2.501E-05  2.501E-05  2.501E-05  2.501E-05  1.044E-05  0.000E+00  0.000E+00
  0.000E+00  0.000E+00  2.193E-05  3.770E-05  5.005E-05  6.180E-05  7.509E-05  7.905E-05  6.707E-05  5.006E-05
  3.533E-05  2.427E-05  0.000E+00  4.017E-05  7.794E-05  1.252E-04  1.734E-04  1.173E-04  8.386E-05  1.183E-05
  0.000E+00  0.000E+00  1.324E-05  2.500E-05  2.500E-05  2.500E-05  4.531E-05  5.000E-05  5.000E-05  5.000E-05
  5.000E-05  5.000E-05  5.000E-05  5.000E-05  5.000E-05  5.000E-05  5.000E-05  5.000E-05  5.000E-05  5.420E-05
  7.501E-05  7.501E-05  9.400E-05  1.000E-04  1.000E-04  1.000E-04  1.000E-04  1.000E-04  1.000E-04  1.000E-04
  1.000E-04  1.000E-04  1.000E-04  1.000E-04  1.000E-04  1.000E-04  1.000E-04  7.698E-05  7.501E-05  7.501E-05
  7.501E-05  7.501E-05  7.501E-05  7.501E-05  6.192E-05  5.000E-05  5.000E-05  5.000E-05  5.000E-05  5.000E-05
  5.000E-05  5.000E-05  5.000E-05  5.000E-05  5.000E-05  5.000E-05  5.000E-05  5.000E-05  5.000E-05  3.991E-05
  2.500E-05  2.500E-05  2.500E-05  2.500E-05  1.190E-05  0.000E+00  0.000E+00  0.000E+00  0.000E+00  0.000E+00
  0.000E+00  0.000E+00  0.000E+00  0.000E+00  0.000E+00  0.000E+00  1.302E-05  2.500E-05  2.500E-05  2.500E-05
  2.500E-05  2.500E-05  2.500E-05  2.500E-05  2.500E-05  2.500E-05  2.500E-05  2.500E-05  2.500E-05  2.500E-05
  2.500E-05  7.096E-07  5.748E-06  0.000E+00  0.000E+00  0.000E+00  0.000E+00  0.000E+00  0.000E+00  0.000E+00
  0.000E+00  0.000E+00  0.000E+00  0.000E+00  0.000E+00  0.000E+00  0.000E+00  0.000E+00  0.000E+00  0.000E+00
  0.000E+00  0.000E+00  0.000E+00  0.000E+00  0.000E+00  0.000E+00  0.000E+00  0.000E+00  0.000E+00  1.614E-05
  2.500E-05  2.500E-05  2.500E-05  2.500E-05  2.500E-05  2.500E-05  2.500E-05  3.299E-05  2.500E-05  2.533E-05
  3.087E-05  2.500E-05  2.500E-05  2.500E-05  2.500E-05  2.500E-05  2.500E-05  2.500E-05  2.500E-05  2.500E-05
  2.500E-05  2.500E-05  2.500E-05  2.500E-05  2.500E-05  2.500E-05  2.500E-05  2.500E-05  2.500E-05  2.500E-05
  2.500E-05  2.500E-05  2.500E-05  2.500E-05  2.500E-05  1.480E-05  0.000E+00  0.000E+00  0.000E+00  0.000E+00
  0.000E+00  0.000E+00  0.000E+00  0.000E+00  0.000E+00  0.000E+00  2.750E-06  1.601E-05  0.000E+00  0.000E+00
  0.000E+00  0.000E+00  0.000E+00  0.000E+00  0.000E+00  0.000E+00  0.000E+00  1.457E-05  2.501E-05  2.501E-05
  2.501E-05  2.501E-05  2.501E-05  2.501E-05  1.177E-05  0.000E+00  0.000E+00  1.327E-05  3.304E-05  5.005E-05
  6.478E-05  7.584E-05  9.551E-05  7.173E-05  5.006E-05  3.234E-05  1.574E-05  5.804E-05  9.145E-05  1.635E-04
  1.000E-04  1.000E-04  8.677E-05  7.501E-05  7.501E-05  7.501E-05  5.470E-05  5.000E-05  5.000E-05  5.000E-05
  5.000E-05  5.000E-05  5.000E-05  5.000E-05  5.000E-05  5.000E-05  5.000E-05  5.000E-05  5.000E-05  4.580E-05
  2.500E-05  2.500E-05  6.011E-06  0.000E+00  0.000E+00  0.000E+00  0.000E+00  0.000E+00  0.000E+00  0.000E+00
  0.000E+00  0.000E+00  0.000E+00  0.000E+00  0.000E+00  0.000E+00  1.234E-05  2.500E-05  2.500E-05  2.500E-05
  2.500E-05  2.500E-05  2.500E-05  2.500E-05  2.500E-05  2.500E-05  2.500E-05  2.500E-05  2.500E-05  2.500E-05
  2.500E-05  2.500E-05  2.500E-05  2.500E-05  2.500E-05  2.500E-05  2.500E-05  2.500E-05  2.500E-05  2.500E-05
  2.500E-05  2.500E-05  2.500E-05  2.500E-05  2.500E-05  2.500E-05  2.500E-05  2.500E-05  2.500E-05  2.500E-05
  2.500E-05  2.500E-05  2.500E-05  2.500E-05  2.500E-05  2.500E-05  1.198E-05  0.000E+00  0.000E+00  0.000E+00
  0.000E+00  0.000E+00  0.000E+00  0.000E+00  0.000E+00  0.000E+00  0.000E+00  0.000E+00  0.000E+00  0.000E+00
  0.000E+00  0.000E+00  5.748E-06  0.000E+00  0.000E+00  0.000E+00  0.000E+00  0.000E+00  0.000E+00  0.000E+00
  0.000E+00  0.000E+00  0.000E+00  1.912E-05  2.500E-05  2.500E-05  2.500E-05  2.500E-05  2.500E-05  2.500E-05
  2.500E-05  2.500E-05  2.500E-05  2.500E-05  2.500E-05  2.500E-05  2.500E-05  2.500E-05  2.500E-05  1.184E-05
  2.509E-05  2.509E-05  2.508E-05  2.508E-05  2.508E-05  2.507E-05  2.970E-05  2.842E-05  2.506E-05  3.126E-05
  2.506E-05  2.505E-05  2.505E-05  2.505E-05  2.505E-05  2.504E-05  2.504E-05  2.504E-05  2.504E-05  2.504E-05
  2.504E-05  2.503E-05  2.503E-05  2.503E-05  2.503E-05  2.503E-05  2.503E-05  2.503E-05  2.503E-05  2.502E-05
  2.502E-05  2.502E-05  2.502E-05  2.502E-05  2.502E-05  2.112E-05  2.500E-05  2.500E-05  2.500E-05  2.500E-05
  2.500E-05  2.500E-05  2.500E-05  2.500E-05  2.500E-05  2.500E-05  2.500E-05  3.495E-05  2.821E-05  0.000E+00
  0.000E+00  0.000E+00  0.000E+00  0.000E+00  0.000E+00  0.000E+00  0.000E+00  0.000E+00  0.000E+00  0.000E+00
  0.000E+00  0.000E+00  0.000E+00  0.000E+00  1.324E-05  2.501E-05  2.501E-05  2.501E-05  2.501E-05  2.501E-05
  2.501E-05  1.310E-05  4.606E-06  2.838E-05  5.005E-05  6.777E-05  8.438E-05  1.001E-04  7.915E-05  5.136E-05
  2.500E-05  2.500E-05  2.500E-05  2.500E-05  2.500E-05  2.500E-05  2.500E-05  2.500E-05  2.500E-05  2.500E-05
  2.500E-05  2.500E-05  2.500E-05  2.500E-05  2.500E-05  2.500E-05  2.500E-05  2.500E-05  2.500E-05  2.500E-05
  2.500E-05  2.500E-05  2.500E-05  2.500E-05  2.500E-05  2.500E-05  2.500E-05  2.500E-05  2.500E-05  2.500E-05
  2.500E-05  2.500E-05  2.500E-05  2.500E-05  2.500E-05  2.500E-05  1.266E-05  0.000E+00  0.000E+00  0.000E+00
  0.000E+00  0.000E+00  0.000E+00  0.000E+00  0.000E+00  0.000E+00  0.000E+00  0.000E+00  0.000E+00  0.000E+00
  0.000E+00  0.000E+00  0.000E+00  0.000E+00  0.000E+00  0.000E+00  0.000E+00  0.000E+00  0.000E+00  0.000E+00
  0.000E+00  0.000E+00  0.000E+00  0.000E+00  0.000E+00  0.000E+00  0.000E+00  0.000E+00  0.000E+00  0.000E+00
  0.000E+00  0.000E+00  0.000E+00  0.000E+00  0.000E+00  0.000E+00  0.000E+00  0.000E+00  0.000E+00  0.000E+00
  0.000E+00  0.000E+00  0.000E+00  1.988E-06  2.500E-05  2.500E-05  2.500E-05  2.500E-05  2.500E-05  2.500E-05
  2.500E-05  2.500E-05  3.075E-05  2.500E-05  2.500E-05  2.500E-05  2.500E-05  2.500E-05  2.500E-05  2.907E-05
  5.010E-05  5.010E-05  5.010E-05  3.098E-05  2.510E-05  2.510E-05  2.510E-05  2.510E-05  2.510E-05  2.510E-05
  2.510E-05  2.510E-05  2.510E-05  2.510E-05  2.510E-05  2.510E-05  2.510E-05  2.510E-05  2.510E-05  2.211E-05
  0.000E+00  0.000E+00  0.000E+00  0.000E+00  0.000E+00  0.000E+00  7.990E-06  0.000E+00  0.000E+00  6.200E-06
  0.000E+00  0.000E+00  0.000E+00  0.000E+00  0.000E+00  0.000E+00  0.000E+00  0.000E+00  0.000E+00  0.000E+00
  0.000E+00  0.000E+00  0.000E+00  0.000E+00  0.000E+00  0.000E+00  0.000E+00  0.000E+00  0.000E+00  0.000E+00
  0.000E+00  0.000E+00  0.000E+00  0.000E+00  0.000E+00  1.411E-05  2.502E-05  2.502E-05  2.502E-05  2.502E-05
  2.502E-05  2.502E-05  2.502E-05  2.502E-05  2.502E-05  2.502E-05  2.502E-05  2.502E-05  4.777E-05  5.165E-05
  5.002E-05  5.002E-05  2.589E-05  2.500E-05  2.500E-05  2.500E-05  2.500E-05  2.500E-05  2.500E-05  2.500E-05
  2.500E-05  1.417E-05  0.000E+00  0.000E+00  0.000E+00  0.000E+00  0.000E+00  0.000E+00  0.000E+00  0.000E+00
  0.000E+00  1.191E-05  2.501E-05  2.501E-05  2.501E-05  2.501E-05  2.501E-05  2.501E-05  3.539E-05  4.875E-05
  0.000E+00  0.000E+00  0.000E+00  0.000E+00  0.000E+00  0.000E+00  0.000E+00  0.000E+00  0.000E+00  0.000E+00
  0.000E+00  0.000E+00  0.000E+00  0.000E+00  0.000E+00  0.000E+00  0.000E+00  0.000E+00  0.000E+00  2.008E-05
  2.500E-05  2.500E-05  2.500E-05  2.500E-05  2.500E-05  2.500E-05  2.500E-05  2.500E-05  2.500E-05  2.500E-05
  2.500E-05  2.500E-05  2.500E-05  2.500E-05  2.500E-05  2.500E-05  2.500E-05  2.500E-05  2.500E-05  2.500E-05
  2.500E-05  2.500E-05  2.500E-05  2.500E-05  2.500E-05  2.500E-05  2.500E-05  2.500E-05  2.500E-05  2.500E-05
  2.500E-05  2.500E-05  2.500E-05  2.500E-05  2.500E-05  2.500E-05  2.500E-05  2.500E-05  2.500E-05  2.500E-05
  2.500E-05  2.500E-05  2.500E-05  2.500E-05  2.500E-05  2.500E-05  2.500E-05  2.500E-05  3.382E-05  5.000E-05
  5.000E-05  5.000E-05  5.000E-05  5.001E-05  5.001E-05  5.001E-05  5.001E-05  5.001E-05  5.001E-05  5.002E-05
  5.002E-05  5.002E-05  5.003E-05  4.804E-05  2.503E-05  2.503E-05  2.504E-05  2.504E-05  2.504E-05  2.505E-05
  2.505E-05  2.892E-05  2.694E-05  2.507E-05  2.507E-05  2.507E-05  2.508E-05  2.508E-05  2.509E-05  2.103E-05
  0.000E+00  0.000E+00  0.000E+00  0.000E+00  0.000E+00  0.000E+00  0.000E+00  0.000E+00  0.000E+00  0.000E+00
  0.000E+00  0.000E+00  0.000E+00  0.000E+00  0.000E+00  0.000E+00  0.000E+00  0.000E+00  0.000E+00  0.000E+00
  0.000E+00  0.000E+00  0.000E+00  0.000E+00  0.000E+00  0.000E+00  7.990E-06  0.000E+00  0.000E+00  6.200E-06
  0.000E+00  0.000E+00  0.000E+00  0.000E+00  0.000E+00  0.000E+00  0.000E+00  0.000E+00  0.000E+00  0.000E+00
  0.000E+00  0.000E+00  0.000E+00  0.000E+00  0.000E+00  0.000E+00  0.000E+00  0.000E+00  0.000E+00  0.000E+00
  0.000E+00  0.000E+00  0.000E+00  0.000E+00  0.000E+00  0.000E+00  0.000E+00  0.000E+00  0.000E+00  0.000E+00
  0.000E+00  0.000E+00  0.000E+00  0.000E+00  0.000E+00  0.000E+00  0.000E+00  0.000E+00  0.000E+00  1.876E-05
  0.000E+00  0.000E+00  2.413E-05  2.502E-05  2.502E-05  2.502E-05  2.502E-05  2.502E-05  2.502E-05  2.502E-05
  2.502E-05  3.585E-05  5.002E-05  5.002E-05  5.002E-05  5.002E-05  5.002E-05  5.002E-05  3.026E-05  2.500E-05
  2.500E-05  2.500E-05  2.500E-05  2.500E-05  8.951E-06  0.000E+00  0.000E+00  0.000E+00  1.058E-05  2.501E-05
  5.000E-05  5.000E-05  5.000E-05  5.000E-05  5.000E-05  5.000E-05  5.000E-05  5.000E-05  5.000E-05  5.000E-05
  5.000E-05  5.000E-05  5.000E-05  5.000E-05  5.000E-05  5.000E-05  5.000E-05  5.000E-05  5.000E-05  2.993E-05
  2.500E-05  2.500E-05  2.500E-05  2.500E-05  2.500E-05  2.500E-05  2.500E-05  2.500E-05  2.500E-05  2.500E-05
  2.500E-05  2.500E-05  2.500E-05  2.500E-05  2.500E-05  2.500E-05  2.500E-05  2.500E-05  2.500E-05  2.500E-05
  2.500E-05  2.500E-05  2.500E-05  2.500E-05  2.500E-05  2.500E-05  2.500E-05  2.500E-05  2.500E-05  2.500E-05
  2.500E-05  2.500E-05  2.500E-05  2.500E-05  2.500E-05  2.500E-05  2.500E-05  2.500E-05  2.500E-05  2.500E-05
  2.500E-05  2.500E-05  2.500E-05  2.500E-05  2.500E-05  2.500E-05  2.500E-05  2.500E-05  1.618E-05  0.000E+00
  0.000E+00  0.000E+00  0.000E+00  0.000E+00  0.000E+00  0.000E+00  0.000E+00  0.000E+00  0.000E+00  0.000E+00
  0.000E+00  0.000E+00  0.000E+00  0.000E+00  0.000E+00  0.000E+00  0.000E+00  0.000E+00  0.000E+00  0.000E+00
  0.000E+00  5.748E-06  2.080E-06  2.506E-05  2.506E-05  2.506E-05  2.507E-05  2.507E-05  2.508E-05  2.508E-05
  2.508E-05  2.508E-05  2.508E-05  2.508E-05  2.508E-05  2.508E-05  2.508E-05  2.508E-05  2.508E-05  2.508E-05
  2.508E-05  2.508E-05  2.508E-05  2.508E-05  2.508E-05  2.508E-05  2.508E-05  2.508E-05  2.508E-05  2.508E-05
  2.508E-05  2.508E-05  2.507E-05  2.507E-05  2.507E-05  2.506E-05  3.305E-05  2.506E-05  2.506E-05  3.125E-05
  2.505E-05  2.505E-05  2.505E-05  2.505E-05  2.504E-05  2.504E-05  2.504E-05  2.504E-05  2.504E-05  2.504E-05
  2.503E-05  2.503E-05  2.503E-05  2.503E-05  2.503E-05  2.503E-05  2.503E-05  2.503E-05  2.503E-05  2.502E-05
  2.502E-05  2.502E-05  2.502E-05  2.502E-05  2.502E-05  2.502E-05  2.502E-05  2.502E-05  2.502E-05  2.502E-05
  2.502E-05  2.502E-05  2.502E-05  2.502E-05  2.502E-05  2.502E-05  2.502E-05  2.502E-05  2.502E-05  3.059E-05
  3.821E-05  2.502E-05  2.502E-05  2.502E-05  2.502E-05  2.502E-05  2.502E-05  2.502E-05  1.690E-05  0.000E+00
  0.000E+00  0.000E+00  0.000E+00  0.000E+00  0.000E+00  0.000E+00  0.000E+00  0.000E+00  1.976E-05  2.502E-05
  2.502E-05  2.502E-05  2.502E-05  2.502E-05  4.107E-05  5.002E-05  5.002E-05  5.002E-05  5.002E-05  5.002E-05
  5.001E-05  5.001E-05  5.001E-05  5.001E-05  5.001E-05  5.001E-05  5.001E-05  5.001E-05  5.001E-05  5.001E-05
  5.001E-05  5.001E-05  5.001E-05  5.001E-05  5.001E-05  5.001E-05  5.001E-05  5.001E-05  5.001E-05  5.001E-05
  5.001E-05  5.001E-05  5.001E-05  5.001E-05  5.001E-05  5.001E-05  5.001E-05  5.001E-05  5.001E-05  5.001E-05
  5.001E-05  5.001E-05  5.001E-05  5.001E-05  5.001E-05  5.001E-05  5.001E-05  5.001E-05  5.001E-05  5.001E-05
  5.001E-05  5.001E-05  5.001E-05  5.001E-05  5.001E-05  5.001E-05  5.001E-05  5.001E-05  5.001E-05  5.001E-05
  5.001E-05  5.001E-05  5.001E-05  5.001E-05  5.001E-05  5.001E-05  5.001E-05  5.001E-05  5.001E-05  5.001E-05
  5.000E-05  5.000E-05  5.000E-05  5.000E-05  5.000E-05  5.000E-05  5.000E-05  5.000E-05  5.000E-05  5.000E-05
  5.000E-05  5.000E-05  5.001E-05  5.001E-05  5.001E-05  5.001E-05  5.002E-05  5.002E-05  5.002E-05  5.003E-05
  5.003E-05  5.003E-05  5.004E-05  5.004E-05  5.005E-05  5.005E-05  5.006E-05  5.006E-05  5.007E-05  5.008E-05
  5.008E-05  5.584E-05  4.801E-05  2.504E-05  2.505E-05  2.505E-05  2.505E-05  2.506E-05  2.506E-05  2.506E-05
  2.506E-05  2.506E-05  2.506E-05  2.506E-05  2.506E-05  2.506E-05  2.506E-05  2.506E-05  2.506E-05  2.506E-05
  2.506E-05  2.506E-05  2.506E-05  2.506E-05  2.506E-05  2.506E-05  2.506E-05  2.506E-05  2.506E-05  2.506E-05
  2.506E-05  2.506E-05  2.506E-05  2.505E-05  2.505E-05  2.954E-05  2.854E-05  2.504E-05  2.504E-05  3.124E-05
  2.504E-05  2.504E-05  2.503E-05  2.503E-05  2.503E-05  2.503E-05  2.503E-05  2.503E-05  2.503E-05  2.503E-05
  2.502E-05  2.502E-05  2.502E-05  2.502E-05  2.502E-05  2.502E-05  2.502E-05  2.502E-05  2.502E-05  2.502E-05
  2.502E-05  2.502E-05  2.501E-05  2.501E-05  2.501E-05  2.501E-05  2.501E-05  2.501E-05  2.501E-05  2.501E-05
  2.501E-05  2.501E-05  2.501E-05  2.501E-05  2.501E-05  2.501E-05  2.501E-05  2.501E-05  2.501E-05  2.501E-05
  3.777E-05  3.101E-05  2.501E-05  2.501E-05  2.501E-05  2.501E-05  2.501E-05  2.501E-05  3.313E-05  5.003E-05
  5.003E-05  5.003E-05  5.003E-05  5.003E-05  5.003E-05  5.003E-05  5.003E-05  5.003E-05  5.003E-05  5.003E-05
  5.003E-05  5.003E-05  5.003E-05  5.003E-05  5.003E-05  5.003E-05  5.003E-05  5.003E-05  5.003E-05  5.003E-05
  0.000E+00  0.000E+00  0.000E+00  0.000E+00  0.000E+00  0.000E+00  0.000E+00  0.000E+00  0.000E+00  0.000E+00
  0.000E+00  0.000E+00  0.000E+00  0.000E+00  0.000E+00  0.000E+00  0.000E+00  0.000E+00  0.000E+00  0.000E+00
  0.000E+00  0.000E+00  0.000E+00  0.000E+00  0.000E+00  0.000E+00  0.000E+00  0.000E+00  0.000E+00  0.000E+00
  0.000E+00  0.000E+00  0.000E+00  0.000E+00  0.000E+00  0.000E+00  0.000E+00  0.000E+00  0.000E+00  0.000E+00
  0.000E+00  0.000E+00  0.000E+00  0.000E+00  0.000E+00  0.000E+00  0.000E+00  0.000E+00  0.000E+00  0.000E+00
  0.000E+00  0.000E+00  0.000E+00  0.000E+00  0.000E+00  0.000E+00  0.000E+00  0.000E+00  0.000E+00  0.000E+00
  0.000E+00  0.000E+00  0.000E+00  0.000E+00  0.000E+00  0.000E+00  0.000E+00  0.000E+00  0.000E+00  0.000E+00
  0.000E+00  0.000E+00  0.000E+00  0.000E+00  0.000E+00  0.000E+00  0.000E+00  0.000E+00  0.000E+00  0.000E+00
  0.000E+00  0.000E+00  0.000E+00  0.000E+00  0.000E+00  0.000E+00  0.000E+00  0.000E+00  0.000E+00  0.000E+00
  0.000E+00  5.748E-06  0.000E+00  0.000E+00  0.000E+00  0.000E+00  0.000E+00  0.000E+00  0.000E+00  0.000E+00
  0.000E+00  0.000E+00  0.000E+00  0.000E+00  0.000E+00  0.000E+00  0.000E+00  0.000E+00  0.000E+00  0.000E+00
  0.000E+00  0.000E+00  0.000E+00  0.000E+00  0.000E+00  0.000E+00  0.000E+00  0.000E+00  0.000E+00  0.000E+00
  0.000E+00  0.000E+00  0.000E+00  0.000E+00  0.000E+00  7.990E-06  0.000E+00  0.000E+00  0.000E+00  6.200E-06
  0.000E+00  0.000E+00  0.000E+00  0.000E+00  0.000E+00  0.000E+00  0.000E+00  0.000E+00  0.000E+00  0.000E+00
  0.000E+00  0.000E+00  0.000E+00  0.000E+00  0.000E+00  0.000E+00  0.000E+00  0.000E+00  8.553E-06  0.000E+00
  0.000E+00  0.000E+00  0.000E+00  0.000E+00  0.000E+00  0.000E+00  0.000E+00  0.000E+00  0.000E+00  0.000E+00
  0.000E+00  0.000E+00  0.000E+00  0.000E+00  0.000E+00  0.000E+00  0.000E+00  0.000E+00  0.000E+00  0.000E+00
  0.000E+00  1.876E-05  0.000E+00  0.000E+00  0.000E+00  0.000E+00  0.000E+00  0.000E+00  0.000E+00  0.000E+00
  0.000E+00  0.000E+00  0.000E+00  0.000E+00  0.000E+00  0.000E+00  0.000E+00  0.000E+00  0.000E+00  0.000E+00
  0.000E+00  0.000E+00  0.000E+00  0.000E+00  0.000E+00  0.000E+00  0.000E+00  0.000E+00  0.000E+00  0.000E+00
  0.000E+00  0.000E+00  0.000E+00  0.000E+00  0.000E+00  0.000E+00  0.000E+00  0.000E+00  0.000E+00  0.000E+00
  0.000E+00  0.000E+00  0.000E+00  0.000E+00  0.000E+00  0.000E+00  0.000E+00  0.000E+00  0.000E+00  0.000E+00
  0.000E+00  0.000E+00  0.000E+00  0.000E+00  0.000E+00  0.000E+00  0.000E+00  0.000E+00  0.000E+00  0.000E+00
  0.000E+00  0.000E+00  0.000E+00  0.000E+00  0.000E+00  0.000E+00  0.000E+00  0.000E+00  0.000E+00  0.000E+00
  0.000E+00  0.000E+00  0.000E+00  0.000E+00  0.000E+00  0.000E+00  0.000E+00  0.000E+00  0.000E+00  0.000E+00
  0.000E+00  0.000E+00  0.000E+00  0.000E+00  0.000E+00  0.000E+00  0.000E+00  0.000E+00  0.000E+00  0.000E+00
  0.000E+00  0.000E+00  0.000E+00  0.000E+00  0.000E+00  0.000E+00  0.000E+00  0.000E+00  0.000E+00  0.000E+00
  0.000E+00  0.000E+00  0.000E+00  0.000E+00  0.000E+00  0.000E+00  0.000E+00  0.000E+00  0.000E+00  0.000E+00
  0.000E+00  0.000E+00  0.000E+00  0.000E+00  0.000E+00  0.000E+00  0.000E+00  0.000E+00  0.000E+00  0.000E+00
  0.000E+00  5.748E-06  0.000E+00  0.000E+00  0.000E+00  0.000E+00  0.000E+00  0.000E+00  0.000E+00  0.000E+00
  0.000E+00  0.000E+00  0.000E+00  0.000E+00  0.000E+00  0.000E+00  0.000E+00  0.000E+00  0.000E+00  0.000E+00
  0.000E+00  0.000E+00  0.000E+00  0.000E+00  0.000E+00  0.000E+00  0.000E+00  0.000E+00  0.000E+00  0.000E+00
  0.000E+00  0.000E+00  0.000E+00  0.000E+00  0.000E+00  7.990E-06  0.000E+00  0.000E+00  0.000E+00  6.200E-06
  0.000E+00  0.000E+00  0.000E+00  0.000E+00  0.000E+00  0.000E+00  0.000E+00  0.000E+00  0.000E+00  0.000E+00
  0.000E+00  0.000E+00  0.000E+00  0.000E+00  0.000E+00  0.000E+00  0.000E+00  1.242E-05  1.168E-06  0.000E+00
  0.000E+00  0.000E+00  0.000E+00  0.000E+00  0.000E+00  0.000E+00  0.000E+00  0.000E+00  0.000E+00  0.000E+00
  0.000E+00  0.000E+00  0.000E+00  0.000E+00  0.000E+00  0.000E+00  0.000E+00  0.000E+00  0.000E+00  0.000E+00
  0.000E+00  1.196E-06  1.756E-05  0.000E+00  0.000E+00  0.000E+00  0.000E+00  0.000E+00  0.000E+00  0.000E+00
  0.000E+00  0.000E+00  0.000E+00  0.000E+00  0.000E+00  0.000E+00  0.000E+00  0.000E+00  0.000E+00  0.000E+00
  0.000E+00  0.000E+00  0.000E+00  0.000E+00  0.000E+00  0.000E+00  0.000E+00  0.000E+00  0.000E+00  0.000E+00
  2.500E-05  2.500E-05  2.500E-05  2.500E-05  2.500E-05  2.500E-05  2.500E-05  2.500E-05  2.500E-05  2.500E-05
  2.500E-05  2.333E-05  0.000E+00  0.000E+00  0.000E+00  0.000E+00  0.000E+00  0.000E+00  0.000E+00  0.000E+00
  0.000E+00  0.000E+00  0.000E+00  0.000E+00  0.000E+00  0.000E+00  0.000E+00  0.000E+00  0.000E+00  0.000E+00
  0.000E+00  0.000E+00  0.000E+00  0.000E+00  0.000E+00  0.000E+00  0.000E+00  0.000E+00  0.000E+00  0.000E+00
  0.000E+00  0.000E+00  0.000E+00  0.000E+00  0.000E+00  0.000E+00  0.000E+00  0.000E+00  0.000E+00  0.000E+00
  0.000E+00  0.000E+00  0.000E+00  0.000E+00  0.000E+00  0.000E+00  0.000E+00  0.000E+00  0.000E+00  0.000E+00
  0.000E+00  0.000E+00  0.000E+00  0.000E+00  0.000E+00  0.000E+00  0.000E+00  0.000E+00  0.000E+00  0.000E+00
  0.000E+00  0.000E+00  0.000E+00  0.000E+00  0.000E+00  0.000E+00  0.000E+00  0.000E+00  0.000E+00  0.000E+00
  0.000E+00  0.000E+00  0.000E+00  0.000E+00  0.000E+00  0.000E+00  0.000E+00  0.000E+00  0.000E+00  0.000E+00
  0.000E+00  5.748E-06  0.000E+00  0.000E+00  0.000E+00  0.000E+00  0.000E+00  0.000E+00  0.000E+00  0.000E+00
  0.000E+00  0.000E+00  0.000E+00  0.000E+00  0.000E+00  0.000E+00  0.000E+00  0.000E+00  0.000E+00  0.000E+00
  0.000E+00  0.000E+00  0.000E+00  0.000E+00  0.000E+00  0.000E+00  0.000E+00  0.000E+00  0.000E+00  0.000E+00
  0.000E+00  0.000E+00  0.000E+00  0.000E+00  0.000E+00  7.990E-06  0.000E+00  0.000E+00  3.465E-06  2.735E-06
  0.000E+00  0.000E+00  0.000E+00  0.000E+00  0.000E+00  0.000E+00  0.000E+00  0.000E+00  0.000E+00  0.000E+00
  0.000E+00  0.000E+00  0.000E+00  0.000E+00  0.000E+00  0.000E+00  0.000E+00  1.357E-05  0.000E+00  0.000E+00
  0.000E+00  0.000E+00  0.000E+00  0.000E+00  0.000E+00  0.000E+00  0.000E+00  0.000E+00  0.000E+00  0.000E+00
  0.000E+00  0.000E+00  0.000E+00  0.000E+00  0.000E+00  0.000E+00  0.000E+00  0.000E+00  0.000E+00  0.000E+00
  0.000E+00  0.000E+00  8.389E-06  1.037E-05  0.000E+00  0.000E+00  0.000E+00  0.000E+00  0.000E+00  0.000E+00
  0.000E+00  0.000E+00  0.000E+00  0.000E+00  0.000E+00  0.000E+00  0.000E+00  0.000E+00  0.000E+00  0.000E+00
  0.000E+00  0.000E+00  0.000E+00  0.000E+00  2.171E-05  2.503E-05  2.503E-05  2.503E-05  2.503E-05  2.503E-05
  2.500E-05  2.500E-05  2.500E-05  2.500E-05  2.500E-05  2.500E-05  2.500E-05  2.500E-05  2.500E-05  2.500E-05
  2.500E-05  2.668E-05  5.000E-05  5.000E-05  5.000E-05  5.000E-05  5.000E-05  5.000E-05  2.532E-05  2.500E-05
  2.500E-05  2.500E-05  2.500E-05  2.500E-05  2.500E-05  2.500E-05  2.500E-05  2.500E-05  2.500E-05  2.500E-05
  2.500E-05  2.500E-05  2.500E-05  2.500E-05  2.500E-05  2.500E-05  2.500E-05  2.500E-05  2.500E-05  2.500E-05
  2.500E-05  2.500E-05  2.500E-05  2.500E-05  2.500E-05  2.500E-05  2.500E-05  2.500E-05  2.500E-05  2.500E-05
  2.500E-05  2.500E-05  2.500E-05  2.500E-05  2.500E-05  2.500E-05  2.500E-05  2.500E-05  2.500E-05  2.500E-05
  2.500E-05  2.500E-05  2.500E-05  2.500E-05  2.500E-05  2.500E-05  2.500E-05  2.500E-05  2.500E-05  2.500E-05
  2.500E-05  2.500E-05  3.649E-06  0.000E+00  0.000E+00  0.000E+00  0.000E+00  0.000E+00  0.000E+00  0.000E+00
  0.000E+00  0.000E+00  0.000E+00  0.000E+00  0.000E+00  0.000E+00  0.000E+00  0.000E+00  0.000E+00  0.000E+00
  0.000E+00  5.748E-06  0.000E+00  0.000E+00  0.000E+00  0.000E+00  0.000E+00  0.000E+00  0.000E+00  0.000E+00
  0.000E+00  0.000E+00  0.000E+00  0.000E+00  0.000E+00  0.000E+00  0.000E+00  0.000E+00  0.000E+00  0.000E+00
  0.000E+00  0.000E+00  0.000E+00  0.000E+00  0.000E+00  0.000E+00  0.000E+00  0.000E+00  0.000E+00  0.000E+00
  0.000E+00  0.000E+00  0.000E+00  0.000E+00  4.359E-06  3.632E-06  0.000E+00  0.000E+00  6.200E-06  0.000E+00
  0.000E+00  0.000E+00  0.000E+00  0.000E+00  0.000E+00  0.000E+00  0.000E+00  0.000E+00  0.000E+00  0.000E+00
  0.000E+00  0.000E+00  0.000E+00  0.000E+00  0.000E+00  0.000E+00  9.816E-06  3.741E-06  0.000E+00  0.000E+00
  0.000E+00  0.000E+00  0.000E+00  0.000E+00  0.000E+00  0.000E+00  0.000E+00  0.000E+00  0.000E+00  0.000E+00
  0.000E+00  0.000E+00  0.000E+00  0.000E+00  0.000E+00  0.000E+00  0.000E+00  0.000E+00  0.000E+00  0.000E+00
  0.000E+00  0.000E+00  0.000E+00  1.558E-05  3.178E-06  0.000E+00  0.000E+00  0.000E+00  0.000E+00  0.000E+00
  0.000E+00  0.000E+00  0.000E+00  0.000E+00  0.000E+00  8.698E-06  2.503E-05  2.503E-05  2.503E-05  2.503E-05
  2.503E-05  2.503E-05  2.503E-05  2.720E-05  2.833E-05  2.501E-05  2.501E-05  2.501E-05  2.501E-05  2.501E-05
  0.000E+00  0.000E+00  0.000E+00  0.000E+00  0.000E+00  0.000E+00  0.000E+00  0.000E+00  0.000E+00  0.000E+00
  0.000E+00  0.000E+00  0.000E+00  0.000E+00  0.000E+00  0.000E+00  0.000E+00  0.000E+00  2.469E-05  2.500E-05
  2.500E-05  2.500E-05  2.500E-05  2.500E-05  2.500E-05  2.500E-05  2.500E-05  2.500E-05  2.500E-05  2.500E-05
  2.500E-05  2.500E-05  2.500E-05  2.500E-05  2.500E-05  2.500E-05  2.500E-05  2.500E-05  2.500E-05  2.500E-05
  2.500E-05  2.500E-05  2.500E-05  2.500E-05  2.500E-05  2.500E-05  2.500E-05  2.500E-05  2.500E-05  2.500E-05
  2.500E-05  2.500E-05  2.500E-05  2.500E-05  2.500E-05  2.500E-05  2.500E-05  2.500E-05  2.500E-05  2.500E-05
  2.500E-05  2.500E-05  2.500E-05  2.500E-05  2.500E-05  2.500E-05  4.252E-06  0.000E+00  0.000E+00  0.000E+00
  0.000E+00  0.000E+00  2.136E-05  2.501E-05  2.501E-05  2.501E-05  2.501E-05  2.501E-05  2.501E-05  2.502E-05
  2.502E-05  2.502E-05  2.502E-05  2.502E-05  2.503E-05  2.503E-05  2.503E-05  2.504E-05  2.504E-05  2.504E-05
  2.505E-05  8.828E-06  0.000E+00  0.000E+00  0.000E+00  0.000E+00  0.000E+00  0.000E+00  0.000E+00  0.000E+00
  0.000E+00  0.000E+00  0.000E+00  0.000E+00  0.000E+00  0.000E+00  0.000E+00  0.000E+00  0.000E+00  0.000E+00
  0.000E+00  0.000E+00  0.000E+00  0.000E+00  0.000E+00  0.000E+00  0.000E+00  0.000E+00  0.000E+00  0.000E+00
  0.000E+00  0.000E+00  0.000E+00  0.000E+00  7.990E-06  0.000E+00  0.000E+00  0.000E+00  6.200E-06  0.000E+00
  0.000E+00  0.000E+00  0.000E+00  0.000E+00  0.000E+00  0.000E+00  0.000E+00  0.000E+00  0.000E+00  0.000E+00
  0.000E+00  0.000E+00  0.000E+00  0.000E+00  0.000E+00  0.000E+00  1.355E-05  0.000E+00  0.000E+00  0.000E+00
  0.000E+00  0.000E+00  0.000E+00  0.000E+00  0.000E+00  0.000E+00  0.000E+00  0.000E+00  0.000E+00  0.000E+00
  0.000E+00  0.000E+00  0.000E+00  0.000E+00  0.000E+00  0.000E+00  0.000E+00  0.000E+00  0.000E+00  0.000E+00
  0.000E+00  0.000E+00  0.000E+00  0.000E+00  1.876E-05  0.000E+00  0.000E+00  2.071E-05  2.503E-05  2.503E-05
  2.503E-05  2.503E-05  2.503E-05  2.503E-05  2.503E-05  1.633E-05  0.000E+00  1.361E-05  2.501E-05  2.501E-05
  2.501E-05  2.501E-05  2.501E-05  2.283E-05  0.000E+00  0.000E+00  0.000E+00  0.000E+00  0.000E+00  0.000E+00
  0.000E+00  0.000E+00  0.000E+00  0.000E+00  0.000E+00  0.000E+00  0.000E+00  0.000E+00  0.000E+00  0.000E+00
  0.000E+00  0.000E+00  0.000E+00  0.000E+00  0.000E+00  0.000E+00  0.000E+00  0.000E+00  0.000E+00  0.000E+00
  0.000E+00  0.000E+00  0.000E+00  0.000E+00  0.000E+00  0.000E+00  0.000E+00  0.000E+00  0.000E+00  0.000E+00
  0.000E+00  0.000E+00  0.000E+00  0.000E+00  0.000E+00  0.000E+00  0.000E+00  0.000E+00  0.000E+00  0.000E+00
  0.000E+00  0.000E+00  0.000E+00  0.000E+00  0.000E+00  0.000E+00  0.000E+00  0.000E+00  0.000E+00  0.000E+00
  0.000E+00  0.000E+00  0.000E+00  0.000E+00  0.000E+00  0.000E+00  0.000E+00  0.000E+00  0.000E+00  0.000E+00
  0.000E+00  0.000E+00  0.000E+00  0.000E+00  0.000E+00  0.000E+00  2.075E-05  2.500E-05  2.500E-05  2.500E-05
  2.500E-05  2.500E-05  2.500E-05  2.500E-05  2.500E-05  2.500E-05  2.500E-05  2.500E-05  2.500E-05  2.500E-05
  2.500E-05  2.500E-05  2.500E-05  2.500E-05  1.400E-05  0.000E+00  0.000E+00  0.000E+00  0.000E+00  0.000E+00
  0.000E+00  2.772E-05  2.505E-05  2.506E-05  2.506E-05  2.506E-05  2.507E-05  2.507E-05  2.507E-05  2.508E-05
  2.508E-05  2.508E-05  2.355E-05  0.000E+00  0.000E+00  0.000E+00  0.000E+00  0.000E+00  0.000E+00  0.000E+00
  0.000E+00  0.000E+00  0.000E+00  0.000E+00  0.000E+00  0.000E+00  0.000E+00  0.000E+00  0.000E+00  0.000E+00
  0.000E+00  0.000E+00  0.000E+00  0.000E+00  7.990E-06  0.000E+00  0.000E+00  0.000E+00  6.200E-06  0.000E+00
  0.000E+00  0.000E+00  0.000E+00  0.000E+00  0.000E+00  0.000E+00  0.000E+00  0.000E+00  0.000E+00  0.000E+00
  0.000E+00  0.000E+00  0.000E+00  0.000E+00  0.000E+00  7.280E-06  6.261E-06  0.000E+00  0.000E+00  0.000E+00
  0.000E+00  0.000E+00  0.000E+00  0.000E+00  0.000E+00  0.000E+00  0.000E+00  0.000E+00  0.000E+00  0.000E+00
  0.000E+00  0.000E+00  0.000E+00  0.000E+00  0.000E+00  0.000E+00  0.000E+00  0.000E+00  7.700E-06  2.503E-05
  2.503E-05  2.503E-05  2.503E-05  2.503E-05  2.904E-05  3.977E-05  2.503E-05  4.314E-06  0.000E+00  0.000E+00
  3.160E-08  2.501E-05  2.501E-05  2.501E-05  2.501E-05  2.501E-05  2.501E-05  1.140E-05  0.000E+00  0.000E+00
  0.000E+00  0.000E+00  0.000E+00  0.000E+00  0.000E+00  0.000E+00  0.000E+00  0.000E+00  2.339E-05  5.011E-05
  5.001E-05  5.001E-05  5.001E-05  5.001E-05  2.934E-05  2.500E-05  2.500E-05  2.500E-05  2.500E-05  2.500E-05
  2.500E-05  4.564E-06  0.000E+00  0.000E+00  0.000E+00  0.000E+00  0.000E+00  0.000E+00  0.000E+00  0.000E+00
  0.000E+00  0.000E+00  0.000E+00  0.000E+00  0.000E+00  0.000E+00  0.000E+00  0.000E+00  0.000E+00  0.000E+00
  0.000E+00  0.000E+00  0.000E+00  0.000E+00  0.000E+00  0.000E+00  0.000E+00  0.000E+00  0.000E+00  0.000E+00
  0.000E+00  0.000E+00  0.000E+00  0.000E+00  0.000E+00  0.000E+00  0.000E+00  0.000E+00  0.000E+00  0.000E+00
  0.000E+00  0.000E+00  0.000E+00  0.000E+00  0.000E+00  0.000E+00  0.000E+00  0.000E+00  0.000E+00  0.000E+00
  0.000E+00  0.000E+00  0.000E+00  0.000E+00  0.000E+00  0.000E+00  0.000E+00  0.000E+00  0.000E+00  0.000E+00
  0.000E+00  0.000E+00  0.000E+00  0.000E+00  0.000E+00  0.000E+00  0.000E+00  0.000E+00  0.000E+00  0.000E+00
  0.000E+00  0.000E+00  0.000E+00  0.000E+00  1.101E-05  2.500E-05  2.500E-05  2.500E-05  2.500E-05  2.500E-05
  2.500E-05  3.075E-05  2.501E-05  2.501E-05  2.501E-05  1.097E-05  0.000E+00  0.000E+00  0.000E+00  0.000E+00
  0.000E+00  0.000E+00  1.533E-06  2.508E-05  2.508E-05  2.508E-05  2.508E-05  2.508E-05  2.508E-05  2.508E-05
  2.508E-05  2.508E-05  2.508E-05  1.843E-05  0.000E+00  0.000E+00  0.000E+00  0.000E+00  0.000E+00  0.000E+00
  0.000E+00  0.000E+00  0.000E+00  0.000E+00  7.990E-06  0.000E+00  0.000E+00  0.000E+00  6.200E-06  0.000E+00
  0.000E+00  0.000E+00  0.000E+00  0.000E+00  0.000E+00  0.000E+00  0.000E+00  0.000E+00  0.000E+00  0.000E+00
  0.000E+00  0.000E+00  0.000E+00  0.000E+00  0.000E+00  1.354E-05  0.000E+00  0.000E+00  0.000E+00  0.000E+00
  0.000E+00  0.000E+00  0.000E+00  0.000E+00  0.000E+00  0.000E+00  0.000E+00  0.000E+00  0.000E+00  0.000E+00
  1.971E-05  2.503E-05  2.503E-05  2.503E-05  2.503E-05  2.503E-05  2.503E-05  2.503E-05  1.733E-05  0.000E+00
  0.000E+00  0.000E+00  0.000E+00  0.000E+00  1.146E-05  3.622E-05  3.256E-05  2.501E-05  2.501E-05  2.501E-05
  2.498E-05  0.000E+00  0.000E+00  0.000E+00  0.000E+00  0.000E+00  0.000E+00  0.000E+00  0.000E+00  0.000E+00
  0.000E+00  0.000E+00  0.000E+00  0.000E+00  7.940E-06  4.155E-05  5.011E-05  5.011E-05  2.672E-05  0.000E+00
  0.000E+00  0.000E+00  0.000E+00  0.000E+00  2.067E-05  2.500E-05  2.500E-05  2.500E-05  2.500E-05  2.500E-05
  2.500E-05  4.544E-05  5.001E-05  5.001E-05  5.001E-05  5.001E-05  5.001E-05  5.001E-05  5.001E-05  5.001E-05
  5.001E-05  5.001E-05  5.001E-05  5.001E-05  5.001E-05  5.001E-05  5.001E-05  5.001E-05  5.001E-05  5.001E-05
  5.001E-05  4.351E-05  2.500E-05  2.500E-05  2.500E-05  2.500E-05  2.500E-05  2.500E-05  2.500E-05  3.284E-06
  0.000E+00  0.000E+00  0.000E+00  0.000E+00  0.000E+00  0.000E+00  0.000E+00  0.000E+00  0.000E+00  0.000E+00
  0.000E+00  0.000E+00  0.000E+00  0.000E+00  0.000E+00  0.000E+00  0.000E+00  0.000E+00  0.000E+00  0.000E+00
  0.000E+00  0.000E+00  0.000E+00  0.000E+00  0.000E+00  0.000E+00  0.000E+00  0.000E+00  0.000E+00  0.000E+00
  0.000E+00  0.000E+00  0.000E+00  0.000E+00  0.000E+00  0.000E+00  0.000E+00  0.000E+00  0.000E+00  0.000E+00
  0.000E+00  0.000E+00  0.000E+00  0.000E+00  0.000E+00  0.000E+00  0.000E+00  0.000E+00  0.000E+00  0.000E+00
  0.000E+00  5.748E-06  0.000E+00  0.000E+00  0.000E+00  1.404E-05  2.501E-05  2.501E-05  2.501E-05  2.501E-05
  2.501E-05  2.501E-05  2.501E-05  2.236E-05  0.000E+00  0.000E+00  0.000E+00  0.000E+00  0.000E+00  0.000E+00
  0.000E+00  0.000E+00  0.000E+00  6.648E-06  2.508E-05  2.508E-05  2.508E-05  2.508E-05  2.508E-05  2.508E-05
  2.508E-05  2.507E-05  2.507E-05  2.929E-05  2.883E-05  7.573E-06  0.000E+00  0.000E+00  6.200E-06  0.000E+00
  0.000E+00  0.000E+00  0.000E+00  0.000E+00  0.000E+00  0.000E+00  0.000E+00  0.000E+00  0.000E+00  0.000E+00
  0.000E+00  0.000E+00  0.000E+00  0.000E+00  4.835E-06  8.702E-06  0.000E+00  0.000E+00  0.000E+00  1.425E-05
  2.503E-05  2.503E-05  2.502E-05  2.502E-05  2.502E-05  2.502E-05  2.502E-05  2.502E-05  2.502E-05  2.503E-05
  5.312E-06  0.000E+00  0.000E+00  0.000E+00  0.000E+00  0.000E+00  0.000E+00  0.000E+00  2.290E-05  2.501E-05
  2.501E-05  2.501E-05  2.501E-05  2.501E-05  1.355E-05  0.000E+00  1.840E-05  3.587E-07  0.000E+00  0.000E+00
  0.000E+00  0.000E+00  0.000E+00  0.000E+00  0.000E+00  0.000E+00  0.000E+00  0.000E+00  0.000E+00  0.000E+00
  0.000E+00  2.548E-05  5.011E-05  5.011E-05  4.217E-05  8.560E-06  0.000E+00  6.396E-06  3.363E-05  7.979E-05
  2.500E-05  2.500E-05  2.500E-05  2.500E-05  2.500E-05  2.500E-05  2.500E-05  2.500E-05  2.500E-05  1.829E-05
  0.000E+00  0.000E+00  0.000E+00  0.000E+00  0.000E+00  0.000E+00  0.000E+00  0.000E+00  0.000E+00  0.000E+00
  0.000E+00  0.000E+00  0.000E+00  0.000E+00  0.000E+00  0.000E+00  0.000E+00  0.000E+00  0.000E+00  0.000E+00
  0.000E+00  6.499E-06  2.500E-05  2.500E-05  2.500E-05  2.500E-05  2.500E-05  2.500E-05  2.500E-05  4.672E-05
  5.001E-05  5.001E-05  5.001E-05  5.001E-05  5.001E-05  5.001E-05  5.001E-05  5.001E-05  5.001E-05  5.001E-05
  5.001E-05  5.001E-05  5.001E-05  5.001E-05  5.001E-05  5.001E-05  5.001E-05  5.001E-05  5.001E-05  3.267E-05
  2.500E-05  2.500E-05  2.500E-05  2.500E-05  2.500E-05  1.168E-05  0.000E+00  0.000E+00  0.000E+00  0.000E+00
  0.000E+00  0.000E+00  0.000E+00  0.000E+00  0.000E+00  0.000E+00  0.000E+00  0.000E+00  0.000E+00  0.000E+00
  0.000E+00  0.000E+00  0.000E+00  0.000E+00  0.000E+00  0.000E+00  0.000E+00  0.000E+00  0.000E+00  0.000E+00
  4.073E-06  1.675E-06  0.000E+00  0.000E+00  0.000E+00  0.000E+00  0.000E+00  0.000E+00  0.000E+00  0.000E+00
  0.000E+00  0.000E+00  0.000E+00  2.649E-06  2.501E-05  2.501E-05  2.501E-05  2.501E-05  2.501E-05  2.501E-05
  2.501E-05  2.501E-05  1.883E-06  0.000E+00  0.000E+00  0.000E+00  0.000E+00  0.000E+00  0.000E+00  0.000E+00
  0.000E+00  0.000E+00  0.000E+00  7.990E-06  0.000E+00  1.749E-05  2.506E-05  2.506E-05  3.125E-05  2.505E-05
  2.505E-05  2.505E-05  2.504E-05  2.504E-05  2.504E-05  2.504E-05  2.504E-05  2.504E-05  2.503E-05  2.503E-05
  2.503E-05  2.503E-05  2.503E-05  2.503E-05  3.857E-05  2.503E-05  2.503E-05  2.503E-05  2.503E-05  1.078E-05
  0.000E+00  0.000E+00  0.000E+00  0.000E+00  0.000E+00  0.000E+00  0.000E+00  0.000E+00  0.000E+00  0.000E+00
  0.000E+00  9.318E-06  2.501E-05  2.501E-05  2.501E-05  2.501E-05  2.501E-05  2.501E-05  2.115E-06  0.000E+00
  0.000E+00  0.000E+00  0.000E+00  0.000E+00  0.000E+00  0.000E+00  0.000E+00  1.876E-05  0.000E+00  0.000E+00
  0.000E+00  0.000E+00  0.000E+00  0.000E+00  0.000E+00  0.000E+00  0.000E+00  1.156E-05  4.002E-05  5.011E-05
  5.011E-05  2.463E-05  0.000E+00  0.000E+00  3.584E-08  2.508E-05  6.332E-05  8.618E-05  8.058E-05  6.645E-05
  1.000E-04  1.000E-04  1.000E-04  8.876E-05  7.501E-05  7.501E-05  7.501E-05  7.501E-05  7.501E-05  8.173E-05
  8.926E-05  7.501E-05  7.501E-05  7.501E-05  7.501E-05  7.501E-05  7.501E-05  7.501E-05  7.501E-05  4.291E-05
  2.500E-05  2.500E-05  2.500E-05  2.500E-05  2.500E-05  2.500E-05  2.500E-05  2.500E-05  2.500E-05  2.500E-05
  2.500E-05  2.810E-07  0.000E+00  0.000E+00  0.000E+00  0.000E+00  0.000E+00  0.000E+00  0.000E+00  0.000E+00
  0.000E+00  0.000E+00  0.000E+00  0.000E+00  0.000E+00  0.000E+00  0.000E+00  0.000E+00  0.000E+00  0.000E+00
  0.000E+00  0.000E+00  0.000E+00  0.000E+00  0.000E+00  0.000E+00  0.000E+00  0.000E+00  0.000E+00  1.734E-05
  2.500E-05  2.500E-05  2.500E-05  2.500E-05  2.500E-05  3.832E-05  5.000E-05  5.000E-05  5.001E-05  5.001E-05
  5.001E-05  5.001E-05  5.001E-05  5.002E-05  4.329E-05  2.501E-05  2.501E-05  1.725E-05  0.000E+00  0.000E+00
  0.000E+00  0.000E+00  0.000E+00  0.000E+00  0.000E+00  0.000E+00  0.000E+00  0.000E+00  0.000E+00  0.000E+00
  5.748E-06  0.000E+00  0.000E+00  0.000E+00  0.000E+00  0.000E+00  0.000E+00  0.000E+00  0.000E+00  0.000E+00
  0.000E+00  0.000E+00  0.000E+00  0.000E+00  0.000E+00  0.000E+00  0.000E+00  0.000E+00  0.000E+00  0.000E+00
  0.000E+00  0.000E+00  2.312E-05  2.501E-05  2.501E-05  2.501E-05  2.501E-05  2.501E-05  2.501E-05  2.501E-05
  6.467E-06  0.000E+00  0.000E+00  7.990E-06  0.000E+00  0.000E+00  0.000E+00  4.011E-07  5.799E-06  0.000E+00
  0.000E+00  0.000E+00  0.000E+00  0.000E+00  0.000E+00  0.000E+00  0.000E+00  0.000E+00  0.000E+00  0.000E+00
  0.000E+00  0.000E+00  0.000E+00  2.506E-06  1.104E-05  0.000E+00  0.000E+00  0.000E+00  0.000E+00  0.000E+00
  0.000E+00  0.000E+00  0.000E+00  0.000E+00  1.060E-05  2.501E-05  2.501E-05  2.501E-05  2.501E-05  2.501E-05
  2.501E-05  1.569E-05  0.000E+00  0.000E+00  0.000E+00  0.000E+00  0.000E+00  0.000E+00  0.000E+00  0.000E+00
  0.000E+00  0.000E+00  0.000E+00  0.000E+00  0.000E+00  0.000E+00  0.000E+00  6.835E-06  1.193E-05  0.000E+00
  0.000E+00  0.000E+00  0.000E+00  8.424E-07  2.672E-05  5.011E-05  5.011E-05  3.855E-05  1.009E-05  0.000E+00
  0.000E+00  0.000E+00  1.876E-05  4.343E-05  7.965E-05  7.526E-05  6.312E-05  5.797E-05  4.932E-05  5.287E-05
  2.501E-05  2.501E-05  2.501E-05  3.626E-05  5.001E-05  5.001E-05  5.001E-05  5.001E-05  5.001E-05  5.001E-05
  6.076E-05  7.501E-05  7.501E-05  7.501E-05  6.092E-05  5.001E-05  5.001E-05  5.001E-05  5.001E-05  8.211E-05
  1.000E-04  8.952E-05  7.501E-05  7.501E-05  7.501E-05  7.501E-05  7.501E-05  7.501E-05  7.501E-05  7.276E-05
  5.001E-05  7.473E-05  7.501E-05  7.501E-05  7.501E-05  7.501E-05  7.501E-05  7.501E-05  7.500E-05  5.001E-05
  3.556E-05  2.500E-05  2.500E-05  2.500E-05  2.500E-05  2.500E-05  2.500E-05  2.500E-05  2.500E-05  2.500E-05
  2.500E-05  2.500E-05  7.279E-06  0.000E+00  0.000E+00  0.000E+00  0.000E+00  0.000E+00  0.000E+00  0.000E+00
  0.000E+00  0.000E+00  0.000E+00  0.000E+00  0.000E+00  0.000E+00  0.000E+00  0.000E+00  0.000E+00  0.000E+00
  0.000E+00  0.000E+00  0.000E+00  0.000E+00  6.733E-06  2.501E-05  2.502E-05  3.278E-05  5.003E-05  5.004E-05
  5.004E-05  5.005E-05  5.005E-05  3.292E-05  2.502E-05  1.645E-05  0.000E+00  0.000E+00  0.000E+00  0.000E+00
  5.748E-06  0.000E+00  0.000E+00  0.000E+00  0.000E+00  0.000E+00  0.000E+00  0.000E+00  0.000E+00  0.000E+00
  0.000E+00  0.000E+00  0.000E+00  0.000E+00  0.000E+00  0.000E+00  0.000E+00  0.000E+00  0.000E+00  0.000E+00
  0.000E+00  0.000E+00  0.000E+00  0.000E+00  0.000E+00  0.000E+00  0.000E+00  0.000E+00  0.000E+00  0.000E+00
  1.854E-05  2.501E-05  2.501E-05  3.300E-05  2.500E-05  2.500E-05  2.500E-05  3.120E-05  2.500E-05  2.500E-05
  2.500E-05  2.500E-05  2.500E-05  1.676E-05  0.000E+00  0.000E+00  0.000E+00  0.000E+00  0.000E+00  0.000E+00
  0.000E+00  2.089E-05  2.500E-05  3.856E-05  2.500E-05  2.500E-05  2.500E-05  2.500E-05  2.500E-05  2.500E-05
  2.500E-05  2.501E-05  2.501E-05  2.501E-05  1.440E-05  0.000E+00  0.000E+00  0.000E+00  0.000E+00  0.000E+00
  0.000E+00  0.000E+00  0.000E+00  0.000E+00  0.000E+00  0.000E+00  0.000E+00  0.000E+00  0.000E+00  0.000E+00
  0.000E+00  0.000E+00  0.000E+00  0.000E+00  0.000E+00  0.000E+00  0.000E+00  0.000E+00  1.403E-05  4.733E-06
  1.517E-05  3.849E-05  5.011E-05  4.927E-05  2.339E-05  0.000E+00  0.000E+00  0.000E+00  0.000E+00  1.240E-05
  3.008E-05  6.871E-05  7.313E-05  6.427E-05  5.593E-05  5.021E-05  4.004E-05  4.919E-05  7.864E-05  8.255E-05
  7.501E-05  7.501E-05  7.501E-05  6.033E-05  5.001E-05  5.001E-05  5.001E-05  2.990E-05  2.500E-05  2.500E-05
  2.500E-05  2.500E-05  2.500E-05  2.500E-05  3.219E-05  2.501E-05  2.501E-05  2.501E-05  2.501E-05  2.501E-05
  2.501E-05  3.550E-05  5.001E-05  5.001E-05  5.001E-05  5.001E-05  5.001E-05  5.001E-05  5.001E-05  5.226E-05
  7.501E-05  7.255E-05  5.001E-05  5.001E-05  5.001E-05  5.001E-05  5.001E-05  5.001E-05  5.002E-05  6.528E-05
  6.446E-05  7.501E-05  7.501E-05  7.501E-05  7.501E-05  7.501E-05  7.501E-05  7.501E-05  7.501E-05  5.627E-05
  5.001E-05  5.001E-05  6.773E-05  7.501E-05  7.501E-05  7.501E-05  7.501E-05  7.501E-05  7.423E-05  5.001E-05
  5.001E-05  2.733E-05  2.500E-05  2.500E-05  2.500E-05  2.500E-05  2.500E-05  2.500E-05  2.500E-05  2.763E-06
  0.000E+00  0.000E+00  0.000E+00  0.000E+00  0.000E+00  0.000E+00  0.000E+00  0.000E+00  0.000E+00  0.000E+00
  0.000E+00  0.000E+00  0.000E+00  1.713E-05  2.504E-05  3.362E-05  5.007E-05  5.008E-05  5.009E-05  4.671E-05
  3.078E-05  2.313E-05  0.000E+00  0.000E+00  0.000E+00  0.000E+00  0.000E+00  0.000E+00  0.000E+00  0.000E+00
  0.000E+00  0.000E+00  0.000E+00  0.000E+00  0.000E+00  0.000E+00  0.000E+00  0.000E+00  0.000E+00  0.000E+00
  0.000E+00  0.000E+00  0.000E+00  0.000E+00  0.000E+00  0.000E+00  0.000E+00  0.000E+00  0.000E+00  0.000E+00
  0.000E+00  0.000E+00  4.083E-06  3.908E-06  0.000E+00  0.000E+00  0.000E+00  6.200E-06  0.000E+00  0.000E+00
  0.000E+00  0.000E+00  0.000E+00  8.238E-06  2.500E-05  2.500E-05  2.500E-05  2.500E-05  2.500E-05  2.500E-05
  2.500E-05  4.113E-06  3.168E-07  1.325E-05  0.000E+00  0.000E+00  0.000E+00  0.000E+00  0.000E+00  0.000E+00
  0.000E+00  0.000E+00  0.000E+00  0.000E+00  0.000E+00  0.000E+00  0.000E+00  0.000E+00  0.000E+00  0.000E+00
  0.000E+00  0.000E+00  0.000E+00  0.000E+00  0.000E+00  0.000E+00  0.000E+00  0.000E+00  0.000E+00  0.000E+00
  0.000E+00  0.000E+00  0.000E+00  0.000E+00  0.000E+00  0.000E+00  4.460E-06  2.519E-05  5.011E-05  6.887E-05
  3.494E-05  1.162E-05  0.000E+00  0.000E+00  0.000E+00  0.000E+00  6.035E-06  2.508E-05  5.382E-05  6.660E-05
  7.026E-05  4.829E-05  5.097E-05  4.284E-05  3.383E-05  4.983E-05  7.312E-05  7.483E-05  8.941E-05  9.493E-05
  7.501E-05  6.362E-05  5.001E-05  6.468E-05  7.501E-05  7.501E-05  6.421E-05  7.012E-05  7.501E-05  7.501E-05
  7.501E-05  7.501E-05  7.501E-05  6.453E-05  5.691E-05  7.501E-05  7.501E-05  7.501E-05  7.239E-05  5.001E-05
  5.001E-05  5.001E-05  4.893E-05  2.500E-05  2.500E-05  2.500E-05  2.500E-05  2.500E-05  2.500E-05  2.500E-05
  2.500E-05  8.133E-06  2.501E-05  2.501E-05  2.501E-05  2.501E-05  2.501E-05  2.501E-05  2.501E-05  3.473E-05
  5.001E-05  5.001E-05  5.001E-05  5.001E-05  5.001E-05  5.001E-05  5.001E-05  5.001E-05  5.001E-05  5.290E-05
  5.001E-05  5.001E-05  5.001E-05  5.001E-05  5.001E-05  5.001E-05  5.001E-05  4.105E-05  2.578E-05  5.001E-05
  5.001E-05  7.268E-05  7.501E-05  7.501E-05  7.501E-05  7.501E-05  5.989E-05  5.001E-05  5.001E-05  7.225E-05
  7.502E-05  6.615E-05  4.510E-05  2.501E-05  2.501E-05  2.501E-05  2.502E-05  1.732E-05  0.000E+00  0.000E+00
  0.000E+00  0.000E+00  0.000E+00  0.000E+00  0.000E+00  0.000E+00  0.000E+00  0.000E+00  0.000E+00  3.382E-06
  3.082E-05  2.698E-05  5.011E-05  5.012E-05  5.013E-05  3.254E-05  2.504E-05  4.851E-06  0.000E+00  0.000E+00
  0.000E+00  0.000E+00  0.000E+00  0.000E+00  0.000E+00  0.000E+00  0.000E+00  0.000E+00  0.000E+00  0.000E+00
  0.000E+00  0.000E+00  0.000E+00  0.000E+00  0.000E+00  0.000E+00  0.000E+00  0.000E+00  0.000E+00  0.000E+00
  0.000E+00  0.000E+00  7.990E-06  0.000E+00  0.000E+00  0.000E+00  0.000E+00  6.200E-06  0.000E+00  0.000E+00
  0.000E+00  0.000E+00  0.000E+00  0.000E+00  0.000E+00  0.000E+00  0.000E+00  0.000E+00  0.000E+00  0.000E+00
  0.000E+00  0.000E+00  1.359E-05  0.000E+00  0.000E+00  0.000E+00  0.000E+00  0.000E+00  0.000E+00  0.000E+00
  0.000E+00  0.000E+00  0.000E+00  0.000E+00  0.000E+00  0.000E+00  0.000E+00  0.000E+00  0.000E+00  0.000E+00
  0.000E+00  0.000E+00  0.000E+00  0.000E+00  0.000E+00  0.000E+00  0.000E+00  0.000E+00  0.000E+00  0.000E+00
  0.000E+00  0.000E+00  0.000E+00  1.879E-05  3.695E-05  5.011E-05  4.565E-05  2.492E-05  0.000E+00  2.461E-06
  1.630E-05  0.000E+00  0.000E+00  0.000E+00  2.476E-05  3.608E-05  6.707E-05  6.612E-05  4.738E-05  4.644E-05
  4.977E-05  3.354E-05  2.954E-05  5.046E-05  6.854E-05  7.060E-05  7.610E-05  8.875E-05  8.371E-05  9.208E-05
  7.501E-05  8.640E-05  1.000E-04  9.884E-05  7.501E-05  7.501E-05  8.581E-05  8.016E-05  7.501E-05  7.501E-05
  7.501E-05  7.501E-05  7.501E-05  7.398E-05  7.501E-05  5.188E-05  5.001E-05  5.001E-05  5.262E-05  7.501E-05
  7.501E-05  5.649E-05  5.109E-05  7.501E-05  7.501E-05  7.501E-05  7.501E-05  7.501E-05  6.296E-05  5.001E-05
  5.001E-05  6.934E-05  7.501E-05  7.501E-05  5.945E-05  5.001E-05  5.001E-05  5.001E-05  4.296E-05  2.500E-05
  2.500E-05  2.500E-05  2.500E-05  2.500E-05  2.500E-05  2.500E-05  2.500E-05  1.824E-05  0.000E+00  1.585E-05
  2.501E-05  2.501E-05  2.501E-05  2.501E-05  2.501E-05  2.501E-05  2.501E-05  3.397E-05  5.001E-05  5.001E-05
  5.001E-05  5.001E-05  5.001E-05  5.001E-05  5.001E-05  3.343E-05  4.013E-05  5.001E-05  5.001E-05  5.001E-05
  2.982E-05  3.388E-05  5.494E-05  7.503E-05  7.504E-05  5.589E-05  5.003E-05  5.773E-05  7.506E-05  5.116E-05
  2.536E-05  2.503E-05  2.503E-05  2.495E-05  0.000E+00  0.000E+00  0.000E+00  0.000E+00  0.000E+00  0.000E+00
  5.748E-06  0.000E+00  0.000E+00  0.000E+00  0.000E+00  1.760E-05  2.510E-05  4.530E-05  5.016E-05  5.014E-05
  2.505E-05  2.078E-05  0.000E+00  0.000E+00  0.000E+00  0.000E+00  0.000E+00  0.000E+00  0.000E+00  0.000E+00
  0.000E+00  0.000E+00  0.000E+00  0.000E+00  0.000E+00  0.000E+00  0.000E+00  0.000E+00  0.000E+00  0.000E+00
  0.000E+00  0.000E+00  7.990E-06  0.000E+00  0.000E+00  0.000E+00  0.000E+00  6.200E-06  0.000E+00  0.000E+00
  0.000E+00  0.000E+00  0.000E+00  0.000E+00  0.000E+00  0.000E+00  0.000E+00  0.000E+00  0.000E+00  0.000E+00
  0.000E+00  0.000E+00  1.361E-05  0.000E+00  0.000E+00  0.000E+00  0.000E+00  0.000E+00  0.000E+00  0.000E+00
  0.000E+00  0.000E+00  0.000E+00  0.000E+00  0.000E+00  0.000E+00  0.000E+00  0.000E+00  0.000E+00  0.000E+00
  0.000E+00  0.000E+00  0.000E+00  0.000E+00  0.000E+00  0.000E+00  0.000E+00  0.000E+00  0.000E+00  8.077E-06
  2.505E-05  4.872E-05  5.011E-05  3.132E-05  1.316E-05  0.000E+00  0.000E+00  0.000E+00  0.000E+00  0.000E+00
  9.654E-06  2.750E-05  2.653E-05  6.276E-05  5.355E-05  6.426E-05  3.739E-05  4.104E-05  4.934E-05  2.511E-05
  2.526E-05  5.109E-05  6.396E-05  6.687E-05  6.291E-05  8.330E-05  7.469E-05  9.087E-05  6.239E-05  3.046E-05
  1.000E-04  1.000E-04  8.709E-05  7.619E-05  7.786E-05  7.474E-05  5.001E-05  6.987E-05  7.501E-05  7.501E-05
  5.794E-05  5.001E-05  5.001E-05  6.151E-05  7.501E-05  9.814E-05  1.000E-04  7.547E-05  7.501E-05  7.501E-05
  7.399E-05  6.852E-05  7.501E-05  7.501E-05  7.501E-05  7.501E-05  7.501E-05  6.507E-05  5.219E-05  5.001E-05
  5.001E-05  5.001E-05  5.001E-05  5.001E-05  6.556E-05  7.378E-05  5.001E-05  5.001E-05  5.706E-05  7.501E-05
  7.501E-05  7.501E-05  7.501E-05  6.139E-05  5.001E-05  5.001E-05  5.001E-05  5.677E-05  7.501E-05  7.151E-05
  5.001E-05  5.001E-05  5.001E-05  5.001E-05  3.699E-05  2.500E-05  2.500E-05  2.500E-05  2.500E-05  2.500E-05
  2.500E-05  2.500E-05  2.500E-05  1.388E-05  0.000E+00  1.658E-05  2.500E-05  2.501E-05  2.501E-05  2.501E-05
  4.521E-05  5.002E-05  5.002E-05  4.831E-05  2.501E-05  4.417E-05  5.003E-05  3.551E-05  2.502E-05  4.892E-05
  7.473E-05  6.299E-05  5.006E-05  5.014E-05  6.897E-05  4.098E-05  2.504E-05  2.505E-05  2.505E-05  4.041E-06
  5.748E-06  0.000E+00  0.000E+00  0.000E+00  0.000E+00  0.000E+00  0.000E+00  0.000E+00  0.000E+00  3.125E-08
  2.512E-05  2.940E-05  5.018E-05  5.018E-05  3.527E-05  2.505E-05  9.012E-06  0.000E+00  0.000E+00  0.000E+00
  0.000E+00  0.000E+00  0.000E+00  0.000E+00  0.000E+00  0.000E+00  0.000E+00  0.000E+00  0.000E+00  0.000E+00
  0.000E+00  0.000E+00  7.990E-06  0.000E+00  0.000E+00  0.000E+00  0.000E+00  6.200E-06  0.000E+00  0.000E+00
  0.000E+00  0.000E+00  0.000E+00  0.000E+00  0.000E+00  0.000E+00  0.000E+00  0.000E+00  0.000E+00  0.000E+00
  0.000E+00  1.192E-05  1.706E-06  0.000E+00  0.000E+00  0.000E+00  0.000E+00  0.000E+00  0.000E+00  0.000E+00
  0.000E+00  0.000E+00  0.000E+00  0.000E+00  0.000E+00  0.000E+00  0.000E+00  0.000E+00  0.000E+00  0.000E+00
  0.000E+00  0.000E+00  0.000E+00  0.000E+00  0.000E+00  0.000E+00  2.241E-05  3.542E-05  5.011E-05  4.203E-05
  2.506E-05  1.390E-06  0.000E+00  0.000E+00  0.000E+00  0.000E+00  0.000E+00  0.000E+00  1.203E-05  2.508E-05
  4.433E-05  7.370E-05  6.589E-05  3.757E-05  4.149E-05  3.914E-05  4.005E-05  2.095E-05  2.513E-05  5.173E-05
  5.938E-05  6.315E-05  5.442E-05  7.600E-05  7.741E-05  7.498E-05  8.158E-05  3.143E-05  2.523E-05  3.785E-06
  2.500E-05  1.216E-05  1.293E-05  2.500E-05  4.716E-05  5.028E-05  7.501E-05  7.501E-05  7.501E-05  7.501E-05
  9.208E-05  1.000E-04  1.000E-04  1.000E-04  8.347E-05  7.502E-05  6.960E-05  7.456E-05  5.928E-05  5.001E-05
  5.103E-05  7.501E-05  7.501E-05  5.421E-05  5.001E-05  5.001E-05  5.001E-05  5.995E-05  8.488E-05  1.000E-04
  7.710E-05  7.501E-05  7.501E-05  7.501E-05  6.781E-05  5.124E-05  7.501E-05  7.501E-05  7.501E-05  7.501E-05
  7.501E-05  6.664E-05  2.840E-05  3.863E-05  5.001E-05  5.001E-05  5.001E-05  5.001E-05  5.001E-05  5.350E-05
  6.606E-05  5.001E-05  5.001E-05  5.001E-05  6.303E-05  7.501E-05  7.501E-05  7.501E-05  5.981E-05  5.001E-05
  5.001E-05  5.001E-05  5.001E-05  6.113E-05  5.845E-05  5.001E-05  5.001E-05  3.370E-05  2.501E-05  2.501E-05
  2.501E-05  2.501E-05  9.615E-06  1.712E-06  2.502E-05  2.502E-05  2.502E-05  3.955E-05  5.005E-05  5.006E-05
  2.551E-05  3.712E-05  4.934E-05  2.503E-05  3.117E-05  5.917E-05  6.533E-05  5.009E-05  5.009E-05  5.933E-05
  3.984E-05  2.506E-05  2.507E-05  1.514E-05  0.000E+00  0.000E+00  0.000E+00  0.000E+00  0.000E+00  0.000E+00
  0.000E+00  0.000E+00  0.000E+00  0.000E+00  1.490E-05  2.512E-05  4.116E-05  5.018E-05  4.553E-05  2.505E-05
  2.230E-05  0.000E+00  0.000E+00  0.000E+00  0.000E+00  0.000E+00  0.000E+00  0.000E+00  0.000E+00  0.000E+00
  0.000E+00  3.945E-06  4.046E-06  0.000E+00  0.000E+00  0.000E+00  0.000E+00  6.200E-06  0.000E+00  0.000E+00
  0.000E+00  0.000E+00  0.000E+00  0.000E+00  0.000E+00  0.000E+00  0.000E+00  0.000E+00  0.000E+00  0.000E+00
  0.000E+00  1.366E-05  0.000E+00  0.000E+00  0.000E+00  0.000E+00  0.000E+00  0.000E+00  0.000E+00  0.000E+00
  0.000E+00  0.000E+00  0.000E+00  0.000E+00  0.000E+00  0.000E+00  0.000E+00  0.000E+00  0.000E+00  0.000E+00
  0.000E+00  0.000E+00  1.169E-05  2.505E-05  4.719E-05  5.011E-05  2.770E-05  1.469E-05  0.000E+00  0.000E+00
  0.000E+00  0.000E+00  0.000E+00  0.000E+00  0.000E+00  5.675E-06  2.508E-05  3.253E-05  5.512E-05  5.253E-05
  5.601E-05  2.875E-05  5.369E-05  4.639E-05  3.075E-05  1.667E-05  2.513E-05  4.972E-05  5.744E-05  5.942E-05
  4.743E-05  7.133E-05  7.526E-05  6.172E-05  8.273E-05  4.843E-05  2.537E-05  1.729E-05  0.000E+00  0.000E+00
  0.000E+00  1.285E-05  2.500E-05  2.500E-05  2.500E-05  2.500E-05  2.500E-05  2.500E-05  2.500E-05  2.500E-05
  2.500E-05  2.500E-05  1.647E-05  0.000E+00  1.655E-05  2.500E-05  3.042E-05  5.001E-05  6.574E-05  7.501E-05
  7.501E-05  7.501E-05  7.501E-05  9.581E-05  1.000E-04  1.000E-04  7.985E-05  7.502E-05  7.502E-05  6.134E-05
  6.675E-05  5.001E-05  5.001E-05  5.001E-05  5.720E-05  7.501E-05  5.049E-05  5.001E-05  5.001E-05  5.001E-05
  5.001E-05  5.838E-05  9.662E-05  7.873E-05  7.501E-05  7.501E-05  7.501E-05  7.501E-05  6.164E-05  5.001E-05
  5.896E-05  7.501E-05  7.501E-05  7.501E-05  7.501E-05  5.986E-05  2.500E-05  2.500E-05  4.020E-05  5.001E-05
  5.001E-05  5.001E-05  5.001E-05  5.001E-05  4.971E-05  5.001E-05  5.001E-05  6.633E-05  7.501E-05  5.002E-05
  5.002E-05  5.002E-05  5.131E-05  5.003E-05  3.812E-05  2.502E-05  2.503E-05  2.503E-05  1.107E-05  0.000E+00
  2.455E-05  2.504E-05  2.577E-05  5.008E-05  4.890E-05  2.504E-05  3.483E-05  4.025E-05  2.505E-05  3.683E-05
  7.109E-05  5.011E-05  5.012E-05  5.217E-05  3.717E-05  2.508E-05  2.508E-05  1.344E-05  0.000E+00  0.000E+00
  0.000E+00  0.000E+00  0.000E+00  0.000E+00  0.000E+00  0.000E+00  0.000E+00  0.000E+00  4.648E-06  2.512E-05
  2.787E-05  5.018E-05  5.018E-05  3.066E-05  2.505E-05  1.054E-05  0.000E+00  0.000E+00  0.000E+00  0.000E+00
  0.000E+00  7.990E-06  0.000E+00  0.000E+00  0.000E+00  0.000E+00  0.000E+00  6.200E-06  0.000E+00  0.000E+00
  0.000E+00  0.000E+00  0.000E+00  0.000E+00  0.000E+00  0.000E+00  0.000E+00  0.000E+00  0.000E+00  0.000E+00
  1.015E-05  3.536E-06  0.000E+00  0.000E+00  0.000E+00  0.000E+00  0.000E+00  0.000E+00  0.000E+00  0.000E+00
  0.000E+00  0.000E+00  0.000E+00  0.000E+00  0.000E+00  0.000E+00  0.000E+00  0.000E+00  1.544E-06  2.504E-05
  3.389E-05  5.011E-05  3.842E-05  2.506E-05  2.923E-06  0.000E+00  0.000E+00  0.000E+00  0.000E+00  0.000E+00
  0.000E+00  0.000E+00  0.000E+00  2.439E-05  2.508E-05  4.904E-05  5.017E-05  5.729E-05  3.318E-05  3.568E-05
  2.852E-05  4.655E-05  3.039E-05  2.587E-05  2.513E-05  4.739E-05  5.582E-05  5.570E-05  4.412E-05  6.298E-05
  7.639E-05  5.327E-05  7.422E-05  6.969E-05  2.281E-05  2.523E-05  5.564E-06  0.000E+00  0.000E+00  0.000E+00
  2.500E-05  2.500E-05  2.500E-05  7.517E-06  0.000E+00  0.000E+00  0.000E+00  0.000E+00  0.000E+00  0.000E+00
  0.000E+00  0.000E+00  8.536E-06  2.500E-05  2.500E-05  2.500E-05  2.500E-05  2.500E-05  2.500E-05  2.500E-05
  2.500E-05  2.500E-05  2.500E-05  2.078E-05  0.000E+00  0.000E+00  2.017E-05  2.500E-05  2.500E-05  3.868E-05
  5.618E-05  7.501E-05  7.501E-05  7.501E-05  7.501E-05  7.501E-05  9.954E-05  1.000E-04  7.623E-05  7.502E-05
  7.502E-05  7.502E-05  5.307E-05  4.967E-05  5.001E-05  5.001E-05  5.001E-05  5.001E-05  6.013E-05  5.001E-05
  5.001E-05  5.001E-05  5.001E-05  5.001E-05  5.001E-05  6.516E-05  8.036E-05  7.501E-05  7.501E-05  7.501E-05
  7.501E-05  7.501E-05  5.008E-05  5.001E-05  6.687E-05  7.502E-05  7.000E-05  2.716E-05  2.502E-05  5.002E-05
  5.002E-05  5.003E-05  4.080E-05  5.003E-05  6.195E-05  6.008E-05  5.004E-05  5.004E-05  4.303E-05  4.766E-05
  2.504E-05  2.504E-05  2.505E-05  7.684E-06  1.194E-06  2.506E-05  2.507E-05  3.491E-05  5.013E-05  2.949E-05
  3.159E-05  4.113E-05  2.506E-05  3.295E-05  5.852E-05  5.014E-05  5.015E-05  4.655E-05  2.922E-05  2.510E-05
  2.510E-05  2.407E-06  0.000E+00  0.000E+00  0.000E+00  0.000E+00  0.000E+00  0.000E+00  0.000E+00  0.000E+00
  0.000E+00  0.000E+00  0.000E+00  1.952E-05  2.512E-05  3.964E-05  5.018E-05  4.091E-05  2.505E-05  2.383E-05
  0.000E+00  7.990E-06  0.000E+00  0.000E+00  0.000E+00  0.000E+00  3.537E-06  2.663E-06  0.000E+00  0.000E+00
  0.000E+00  0.000E+00  0.000E+00  0.000E+00  0.000E+00  0.000E+00  0.000E+00  0.000E+00  0.000E+00  0.000E+00
  1.372E-05  0.000E+00  0.000E+00  0.000E+00  0.000E+00  0.000E+00  0.000E+00  0.000E+00  0.000E+00  0.000E+00
  0.000E+00  0.000E+00  0.000E+00  0.000E+00  3.646E-06  2.503E-05  2.508E-05  5.010E-05  4.856E-05  2.506E-05
  1.622E-05  0.000E+00  0.000E+00  0.000E+00  0.000E+00  0.000E+00  0.000E+00  0.000E+00  0.000E+00  0.000E+00
  1.803E-05  2.508E-05  3.853E-05  4.716E-05  5.184E-05  4.562E-05  2.509E-05  3.278E-05  3.576E-05  3.725E-05
  2.169E-05  1.152E-05  2.513E-05  5.754E-05  6.048E-05  5.197E-05  4.473E-05  5.218E-05  7.302E-05  5.535E-05
  6.202E-05  7.496E-05  3.741E-05  2.027E-05  1.907E-05  0.000E+00  0.000E+00  0.000E+00  0.000E+00  0.000E+00
  2.501E-05  2.321E-05  0.000E+00  1.749E-05  2.500E-05  2.500E-05  2.500E-05  2.500E-05  2.500E-05  2.500E-05
  2.500E-05  2.500E-05  2.500E-05  1.303E-05  0.000E+00  0.000E+00  0.000E+00  0.000E+00  0.000E+00  0.000E+00
  0.000E+00  0.000E+00  0.000E+00  4.224E-06  2.500E-05  2.500E-05  2.500E-05  2.500E-05  2.500E-05  2.500E-05
  2.500E-05  2.500E-05  2.500E-05  2.500E-05  2.500E-05  8.871E-08  0.000E+00  0.000E+00  2.379E-05  2.500E-05
  2.500E-05  2.500E-05  4.694E-05  7.163E-05  7.501E-05  7.501E-05  7.501E-05  7.501E-05  7.826E-05  9.762E-05
  7.502E-05  7.502E-05  7.502E-05  7.502E-05  6.982E-05  3.794E-05  4.466E-05  5.001E-05  5.001E-05  5.001E-05
  5.001E-05  3.968E-05  4.994E-05  5.001E-05  5.001E-05  5.001E-05  5.053E-05  7.288E-05  7.503E-05  7.503E-05
  5.606E-05  5.003E-05  7.338E-05  5.036E-05  2.502E-05  3.999E-05  5.004E-05  3.971E-05  4.600E-05  5.246E-05
  5.956E-05  5.006E-05  4.518E-05  4.240E-05  3.403E-05  2.506E-05  2.507E-05  1.144E-05  0.000E+00  2.064E-05
  3.084E-05  3.409E-05  4.787E-05  2.507E-05  2.967E-05  3.109E-05  2.508E-05  4.035E-05  5.310E-05  5.018E-05
  4.413E-05  3.618E-05  2.510E-05  2.510E-05  1.444E-05  0.000E+00  0.000E+00  0.000E+00  0.000E+00  0.000E+00
  0.000E+00  0.000E+00  0.000E+00  0.000E+00  0.000E+00  0.000E+00  0.000E+00  9.264E-06  2.512E-05  2.635E-05
  5.017E-05  5.815E-05  2.926E-05  2.504E-05  2.504E-05  5.836E-06  6.200E-06  0.000E+00  0.000E+00  0.000E+00
  0.000E+00  0.000E+00  0.000E+00  0.000E+00  0.000E+00  0.000E+00  0.000E+00  0.000E+00  0.000E+00  8.615E-06
  5.145E-06  0.000E+00  0.000E+00  0.000E+00  0.000E+00  0.000E+00  0.000E+00  0.000E+00  0.000E+00  1.069E-05
  2.502E-05  2.503E-05  3.522E-05  5.008E-05  4.644E-05  2.505E-05  2.501E-05  0.000E+00  0.000E+00  0.000E+00
  0.000E+00  0.000E+00  0.000E+00  0.000E+00  0.000E+00  0.000E+00  0.000E+00  1.167E-05  2.508E-05  2.898E-05
  4.318E-05  5.017E-05  5.060E-05  2.878E-05  2.987E-05  2.510E-05  4.300E-05  2.796E-05  1.445E-05  1.448E-05
  2.513E-05  4.274E-05  5.257E-05  4.824E-05  6.511E-05  4.516E-05  6.777E-05  5.798E-05  4.772E-05  7.135E-05
  5.710E-05  1.771E-05  2.523E-05  7.342E-06  0.000E+00  0.000E+00  0.000E+00  0.000E+00  0.000E+00  0.000E+00
  2.501E-05  2.680E-05  4.135E-05  2.501E-05  2.501E-05  2.501E-05  2.501E-05  2.501E-05  2.501E-05  2.501E-05
  2.501E-05  8.323E-06  0.000E+00  1.197E-05  2.500E-05  2.500E-05  2.500E-05  2.500E-05  2.500E-05  2.500E-05
  2.500E-05  2.500E-05  2.500E-05  1.855E-05  0.000E+00  0.000E+00  0.000E+00  0.000E+00  0.000E+00  0.000E+00
  0.000E+00  0.000E+00  0.000E+00  0.000E+00  0.000E+00  2.492E-05  2.500E-05  2.500E-05  2.500E-05  2.500E-05
  2.500E-05  2.500E-05  2.500E-05  2.500E-05  2.500E-05  2.500E-05  4.401E-06  0.000E+00  0.000E+00  2.401E-06
  2.500E-05  2.500E-05  2.500E-05  2.500E-05  3.020E-05  6.208E-05  7.501E-05  7.501E-05  7.501E-05  7.501E-05
  7.501E-05  7.592E-05  7.502E-05  7.502E-05  7.502E-05  6.737E-05  2.951E-05  5.002E-05  5.002E-05  4.004E-05
  4.399E-05  5.003E-05  5.003E-05  5.273E-05  7.506E-05  7.106E-05  5.005E-05  6.040E-05  5.009E-05  2.503E-05
  4.055E-05  5.007E-05  3.187E-05  5.007E-05  5.528E-05  5.008E-05  4.473E-05  3.869E-05  3.057E-05  2.937E-05
  2.656E-05  2.854E-06  2.302E-06  2.511E-05  2.512E-05  4.419E-05  3.188E-05  2.509E-05  3.066E-05  2.510E-05
  3.115E-05  4.856E-05  5.018E-05  5.018E-05  3.326E-05  2.510E-05  2.510E-05  2.510E-05  1.364E-06  0.000E+00
  0.000E+00  0.000E+00  0.000E+00  0.000E+00  0.000E+00  0.000E+00  0.000E+00  0.000E+00  0.000E+00  0.000E+00
  3.807E-06  4.183E-06  2.088E-05  2.510E-05  2.509E-05  4.429E-05  5.631E-05  5.011E-05  3.521E-05  2.502E-05
  2.502E-05  2.502E-05  2.502E-05  2.502E-05  2.502E-05  2.501E-05  2.501E-05  2.501E-05  2.501E-05  3.882E-05
  2.501E-05  2.501E-05  2.501E-05  2.501E-05  2.501E-05  2.502E-05  4.116E-05  5.006E-05  5.006E-05  3.938E-05
  2.504E-05  2.505E-05  1.485E-05  0.000E+00  0.000E+00  0.000E+00  0.000E+00  0.000E+00  0.000E+00  0.000E+00
  0.000E+00  0.000E+00  0.000E+00  0.000E+00  5.314E-06  2.508E-05  2.508E-05  3.355E-05  5.017E-05  4.725E-05
  3.913E-05  2.509E-05  2.696E-05  2.514E-05  4.376E-05  2.511E-05  7.205E-06  1.744E-05  2.513E-05  4.041E-05
  5.095E-05  4.627E-05  4.622E-05  3.814E-05  6.241E-05  7.846E-05  4.441E-05  6.283E-05  6.970E-05  2.630E-05
  1.611E-05  2.085E-05  0.000E+00  0.000E+00  0.000E+00  0.000E+00  0.000E+00  0.000E+00  0.000E+00  0.000E+00
  8.157E-05  6.238E-05  5.868E-05  7.502E-05  2.849E-05  2.501E-05  2.501E-05  2.501E-05  2.501E-05  2.501E-05
  2.501E-05  3.445E-05  2.501E-05  2.501E-05  2.501E-05  2.501E-05  2.501E-05  2.501E-05  2.501E-05  2.501E-05
  1.844E-05  0.000E+00  0.000E+00  6.453E-06  2.500E-05  2.500E-05  2.500E-05  2.500E-05  2.500E-05  2.500E-05
  2.500E-05  2.500E-05  2.500E-05  2.407E-05  0.000E+00  0.000E+00  0.000E+00  0.000E+00  0.000E+00  0.000E+00
  0.000E+00  0.000E+00  0.000E+00  0.000E+00  0.000E+00  0.000E+00  2.060E-05  2.500E-05  2.500E-05  2.500E-05
  2.500E-05  2.500E-05  2.500E-05  2.500E-05  2.500E-05  2.500E-05  2.500E-05  8.714E-06  0.000E+00  0.000E+00
  0.000E+00  9.424E-06  2.501E-05  2.501E-05  2.501E-05  3.266E-05  7.503E-05  7.503E-05  7.504E-05  6.483E-05
  7.504E-05  7.505E-05  3.337E-05  4.702E-05  5.004E-05  3.034E-05  5.005E-05  4.870E-05  5.002E-05  7.510E-05
  5.837E-05  5.008E-05  5.634E-05  2.504E-05  3.591E-05  4.850E-05  3.040E-05  5.010E-05  5.028E-05  5.585E-05
  3.278E-05  3.870E-05  2.510E-05  2.511E-05  1.019E-05  0.000E+00  1.834E-05  2.514E-05  3.761E-05  3.370E-05
  2.510E-05  2.654E-05  2.510E-05  2.510E-05  4.325E-05  5.018E-05  5.018E-05  3.293E-05  2.856E-05  2.510E-05
  2.510E-05  1.339E-05  0.000E+00  0.000E+00  0.000E+00  0.000E+00  0.000E+00  0.000E+00  0.000E+00  0.000E+00
  7.990E-06  0.000E+00  0.000E+00  0.000E+00  0.000E+00  0.000E+00  6.200E-06  0.000E+00  1.489E-05  2.507E-05
  2.507E-05  2.506E-05  2.506E-05  2.506E-05  2.505E-05  2.505E-05  2.505E-05  2.505E-05  3.239E-05  3.155E-05
  2.504E-05  2.504E-05  2.504E-05  2.504E-05  2.504E-05  2.504E-05  8.894E-06  0.000E+00  0.000E+00  0.000E+00
  0.000E+00  0.000E+00  0.000E+00  0.000E+00  0.000E+00  0.000E+00  0.000E+00  0.000E+00  0.000E+00  0.000E+00
  0.000E+00  0.000E+00  2.403E-05  2.508E-05  2.966E-05  4.053E-05  5.017E-05  4.321E-05  2.509E-05  2.410E-05
  2.505E-05  3.238E-05  3.446E-05  2.507E-05  0.000E+00  2.040E-05  2.540E-05  3.781E-05  5.025E-05  4.471E-05
  4.475E-05  3.161E-05  5.475E-05  6.324E-05  4.194E-05  5.872E-05  7.899E-05  4.609E-05  1.261E-05  2.523E-05
  9.120E-06  0.000E+00  0.000E+00  0.000E+00  0.000E+00  0.000E+00  0.000E+00  0.000E+00  0.000E+00  0.000E+00
  1.185E-04  1.377E-04  1.500E-04  1.234E-04  1.466E-04  1.500E-04  1.380E-04  1.250E-04  1.047E-04  7.503E-05
  5.212E-05  5.725E-05  6.569E-05  2.528E-05  2.501E-05  2.501E-05  2.501E-05  2.501E-05  2.501E-05  2.501E-05
  2.576E-05  2.501E-05  2.501E-05  2.501E-05  2.501E-05  2.501E-05  2.501E-05  2.501E-05  2.501E-05  2.501E-05
  3.546E-06  0.000E+00  0.000E+00  9.358E-07  2.500E-05  2.500E-05  2.500E-05  2.500E-05  2.500E-05  2.500E-05
  2.500E-05  2.500E-05  2.500E-05  2.500E-05  4.581E-06  0.000E+00  0.000E+00  0.000E+00  0.000E+00  0.000E+00
  0.000E+00  0.000E+00  0.000E+00  0.000E+00  0.000E+00  0.000E+00  0.000E+00  1.629E-05  2.500E-05  2.500E-05
  2.500E-05  2.501E-05  2.501E-05  2.501E-05  2.501E-05  2.501E-05  9.593E-06  0.000E+00  0.000E+00  2.019E-05
  2.502E-05  2.502E-05  6.671E-05  7.507E-05  6.096E-05  7.376E-05  7.256E-05  2.638E-05  5.006E-05  3.578E-05
  4.177E-05  4.958E-05  4.188E-05  7.514E-05  5.425E-05  5.171E-05  3.947E-05  2.505E-05  4.444E-05  3.971E-05
  4.240E-05  4.632E-05  5.012E-05  3.724E-05  3.429E-05  2.513E-05  2.513E-05  1.034E-05  0.000E+00  1.656E-05
  2.516E-05  3.696E-05  3.118E-05  2.510E-05  2.264E-05  2.510E-05  2.510E-05  3.672E-05  4.536E-05  5.018E-05
  3.987E-05  2.475E-05  2.510E-05  2.510E-05  2.510E-05  3.216E-07  0.000E+00  0.000E+00  0.000E+00  0.000E+00
  7.990E-06  0.000E+00  0.000E+00  0.000E+00  0.000E+00  0.000E+00  6.200E-06  0.000E+00  0.000E+00  0.000E+00
  0.000E+00  0.000E+00  0.000E+00  0.000E+00  0.000E+00  0.000E+00  0.000E+00  0.000E+00  1.390E-05  0.000E+00
  0.000E+00  0.000E+00  0.000E+00  0.000E+00  0.000E+00  0.000E+00  0.000E+00  0.000E+00  0.000E+00  0.000E+00
  0.000E+00  0.000E+00  0.000E+00  0.000E+00  0.000E+00  0.000E+00  0.000E+00  0.000E+00  0.000E+00  1.793E-05
  2.508E-05  2.543E-05  3.123E-05  5.017E-05  4.056E-05  3.473E-05  2.509E-05  2.115E-05  2.510E-05  3.962E-05
  2.516E-05  1.783E-05  0.000E+00  2.336E-05  2.621E-05  3.468E-05  4.998E-05  4.272E-05  4.235E-05  2.760E-05
  4.776E-05  6.767E-05  4.226E-05  4.233E-05  6.294E-05  5.909E-05  3.624E-05  1.780E-05  2.263E-05  0.000E+00
  0.000E+00  0.000E+00  0.000E+00  0.000E+00  0.000E+00  0.000E+00  0.000E+00  0.000E+00  0.000E+00  0.000E+00
  0.000E+00  0.000E+00  0.000E+00  2.669E-05  5.001E-05  5.001E-05  6.208E-05  7.502E-05  9.534E-05  1.250E-04
  1.479E-04  1.420E-04  1.094E-04  1.498E-04  1.500E-04  1.289E-04  1.231E-04  8.164E-05  6.687E-05  5.002E-05
  5.583E-05  5.340E-05  2.501E-05  2.501E-05  2.501E-05  2.501E-05  2.501E-05  2.501E-05  2.501E-05  2.061E-05
  2.146E-05  2.501E-05  2.501E-05  2.501E-05  2.501E-05  2.501E-05  2.501E-05  2.501E-05  2.501E-05  1.366E-05
  0.000E+00  0.000E+00  0.000E+00  0.000E+00  2.042E-05  2.500E-05  2.500E-05  2.500E-05  2.500E-05  2.500E-05
  2.500E-05  2.500E-05  2.500E-05  2.500E-05  1.010E-05  0.000E+00  0.000E+00  0.000E+00  0.000E+00  0.000E+00
  0.000E+00  0.000E+00  0.000E+00  0.000E+00  0.000E+00  0.000E+00  1.542E-05  2.501E-05  2.501E-05  2.502E-05
  2.502E-05  2.502E-05  5.650E-07  0.000E+00  1.412E-05  2.503E-05  2.755E-05  7.510E-05  6.682E-05  6.436E-05
  7.164E-05  2.553E-05  5.008E-05  2.926E-05  4.595E-05  3.755E-05  6.075E-05  6.388E-05  5.014E-05  4.823E-05
  2.506E-05  3.748E-05  3.618E-05  3.797E-05  4.305E-05  5.014E-05  3.494E-05  3.064E-05  2.515E-05  2.516E-05
  4.678E-06  0.000E+00  1.908E-05  2.516E-05  3.705E-05  2.851E-05  2.510E-05  1.875E-05  2.510E-05  2.510E-05
  3.358E-05  3.714E-05  5.018E-05  4.681E-05  2.126E-05  2.478E-05  2.510E-05  2.510E-05  1.235E-05  0.000E+00
  7.990E-06  0.000E+00  0.000E+00  0.000E+00  0.000E+00  0.000E+00  6.200E-06  0.000E+00  0.000E+00  0.000E+00
  0.000E+00  0.000E+00  0.000E+00  0.000E+00  0.000E+00  0.000E+00  0.000E+00  6.375E-06  7.580E-06  0.000E+00
  0.000E+00  0.000E+00  0.000E+00  0.000E+00  0.000E+00  0.000E+00  0.000E+00  0.000E+00  0.000E+00  0.000E+00
  0.000E+00  0.000E+00  0.000E+00  0.000E+00  0.000E+00  0.000E+00  1.829E-05  2.507E-05  2.507E-05  2.325E-05
  4.492E-05  4.982E-05  3.248E-05  2.509E-05  2.479E-05  1.854E-05  2.510E-05  3.762E-05  2.511E-05  1.059E-05
  1.189E-06  2.513E-05  2.702E-05  3.154E-05  4.917E-05  4.128E-05  3.926E-05  2.770E-05  4.227E-05  6.634E-05
  4.486E-05  3.704E-05  5.143E-05  6.392E-05  3.507E-05  7.518E-06  2.523E-05  2.966E-05  0.000E+00  0.000E+00
  0.000E+00  0.000E+00  0.000E+00  0.000E+00  0.000E+00  0.000E+00  0.000E+00  0.000E+00  0.000E+00  0.000E+00
  0.000E+00  0.000E+00  0.000E+00  0.000E+00  0.000E+00  0.000E+00  0.000E+00  0.000E+00  0.000E+00  0.000E+00
  0.000E+00  8.074E-06  5.001E-05  5.001E-05  5.001E-05  7.120E-05  7.699E-05  1.184E-04  1.332E-04  1.500E-04
  1.106E-04  1.217E-04  1.500E-04  1.448E-04  1.250E-04  1.046E-04  7.503E-05  5.661E-05  5.002E-05  5.104E-05
  4.422E-05  2.501E-05  2.501E-05  2.501E-05  2.501E-05  2.501E-05  2.501E-05  2.501E-05  2.203E-05  1.135E-05
  2.501E-05  2.501E-05  2.501E-05  2.501E-05  2.501E-05  2.501E-05  2.501E-05  2.501E-05  2.377E-05  0.000E+00
  0.000E+00  0.000E+00  0.000E+00  0.000E+00  1.491E-05  2.500E-05  2.500E-05  2.500E-05  2.500E-05  2.500E-05
  2.501E-05  2.501E-05  2.501E-05  2.107E-05  0.000E+00  0.000E+00  0.000E+00  0.000E+00  0.000E+00  0.000E+00
  0.000E+00  0.000E+00  2.446E-05  2.502E-05  2.503E-05  2.503E-05  1.038E-05  0.000E+00  8.289E-06  2.504E-05
  2.852E-05  7.514E-05  5.751E-05  7.095E-05  4.487E-05  3.760E-05  3.683E-05  3.635E-05  4.127E-05  5.464E-05
  6.517E-05  5.017E-05  3.735E-05  2.507E-05  3.790E-05  3.190E-05  4.032E-05  4.026E-05  5.017E-05  2.712E-05
  2.757E-05  2.516E-05  2.192E-05  0.000E+00  0.000E+00  2.175E-05  2.516E-05  3.714E-05  2.584E-05  2.510E-05
  1.486E-05  2.510E-05  2.510E-05  2.847E-05  3.090E-05  5.018E-05  5.018E-05  2.867E-05  1.713E-05  2.877E-05
  2.942E-05  2.509E-05  2.306E-06  0.000E+00  0.000E+00  0.000E+00  6.200E-06  0.000E+00  0.000E+00  0.000E+00
  0.000E+00  0.000E+00  0.000E+00  0.000E+00  0.000E+00  0.000E+00  0.000E+00  1.401E-05  0.000E+00  0.000E+00
  0.000E+00  0.000E+00  0.000E+00  0.000E+00  0.000E+00  0.000E+00  0.000E+00  0.000E+00  0.000E+00  0.000E+00
  0.000E+00  0.000E+00  6.878E-06  2.505E-05  2.506E-05  2.506E-05  1.924E-05  3.770E-05  5.015E-05  3.406E-05
  2.994E-05  2.509E-05  1.534E-05  2.510E-05  2.900E-05  3.166E-05  2.511E-05  3.343E-06  4.149E-06  2.513E-05
  2.664E-05  2.959E-05  4.836E-05  3.983E-05  3.617E-05  2.932E-05  3.525E-05  6.161E-05  4.596E-05  3.457E-05
  4.010E-05  6.420E-05  5.139E-05  1.763E-05  1.256E-05  2.440E-05  0.000E+00  3.726E-06  1.503E-05  0.000E+00
  0.000E+00  0.000E+00  0.000E+00  0.000E+00  0.000E+00  0.000E+00  0.000E+00  0.000E+00  0.000E+00  0.000E+00
  2.501E-05  2.501E-05  2.501E-05  2.501E-05  2.501E-05  2.726E-06  0.000E+00  0.000E+00  0.000E+00  0.000E+00
  0.000E+00  0.000E+00  0.000E+00  0.000E+00  0.000E+00  0.000E+00  0.000E+00  0.000E+00  0.000E+00  0.000E+00
  3.947E-05  5.001E-05  5.001E-05  5.531E-05  7.502E-05  9.543E-05  1.250E-04  1.435E-04  1.292E-04  1.034E-04
  1.308E-04  1.500E-04  1.356E-04  1.229E-04  8.171E-05  7.136E-05  5.002E-05  5.002E-05  4.010E-05  4.119E-05
  2.501E-05  2.501E-05  2.501E-05  2.501E-05  2.501E-05  2.501E-05  2.501E-05  2.346E-05  1.231E-06  2.501E-05
  2.501E-05  2.501E-05  2.501E-05  2.501E-05  2.501E-05  2.501E-05  2.501E-05  2.501E-05  8.883E-06  0.000E+00
  0.000E+00  0.000E+00  0.000E+00  3.940E-06  2.501E-05  2.501E-05  2.501E-05  2.502E-05  2.502E-05  1.882E-05
  0.000E+00  0.000E+00  0.000E+00  0.000E+00  0.000E+00  0.000E+00  1.465E-05  2.503E-05  2.504E-05  2.504E-05
  2.922E-06  0.000E+00  1.764E-05  2.505E-05  5.536E-05  6.279E-05  6.342E-05  4.968E-05  3.392E-05  4.204E-05
  3.512E-05  3.786E-05  5.187E-05  5.993E-05  5.021E-05  2.690E-05  2.509E-05  4.145E-05  2.512E-05  4.289E-05
  4.310E-05  4.062E-05  2.477E-05  2.516E-05  2.516E-05  1.400E-05  0.000E+00  0.000E+00  2.442E-05  2.516E-05
  3.530E-05  2.510E-05  2.510E-05  1.294E-05  2.312E-05  2.510E-05  2.510E-05  2.729E-05  4.580E-05  5.817E-05
  3.574E-05  1.432E-05  2.278E-05  2.508E-05  2.507E-05  2.554E-05  2.285E-05  0.000E+00  0.000E+00  0.000E+00
  0.000E+00  0.000E+00  0.000E+00  0.000E+00  0.000E+00  0.000E+00  5.740E-06  8.340E-06  0.000E+00  0.000E+00
  0.000E+00  0.000E+00  0.000E+00  0.000E+00  0.000E+00  0.000E+00  0.000E+00  0.000E+00  2.167E-05  2.504E-05
  2.504E-05  2.504E-05  1.817E-05  2.040E-05  4.009E-05  5.012E-05  3.766E-05  2.764E-05  2.508E-05  2.509E-05
  1.244E-05  2.510E-05  3.350E-05  2.511E-05  2.121E-05  0.000E+00  7.109E-06  2.513E-05  2.449E-05  2.941E-05
  4.755E-05  3.839E-05  3.307E-05  3.094E-05  2.823E-05  5.534E-05  5.127E-05  3.638E-05  3.861E-05  5.526E-05
  5.926E-05  2.609E-05  3.372E-06  2.428E-05  1.268E-05  0.000E+00  0.000E+00  0.000E+00  1.092E-05  7.841E-06
  0.000E+00  0.000E+00  0.000E+00  0.000E+00  0.000E+00  0.000E+00  0.000E+00  0.000E+00  0.000E+00  0.000E+00
  5.002E-05  5.002E-05  5.002E-05  5.002E-05  5.002E-05  7.230E-05  5.065E-05  2.501E-05  2.501E-05  2.501E-05
  2.501E-05  2.501E-05  1.584E-05  0.000E+00  0.000E+00  0.000E+00  0.000E+00  0.000E+00  0.000E+00  0.000E+00
  0.000E+00  0.000E+00  0.000E+00  0.000E+00  0.000E+00  0.000E+00  0.000E+00  0.000E+00  2.086E-05  5.001E-05
  5.001E-05  5.001E-05  6.443E-05  7.715E-05  1.184E-04  1.287E-04  1.438E-04  1.040E-04  1.129E-04  1.339E-04
  1.500E-04  1.265E-04  1.045E-04  7.503E-05  6.110E-05  5.002E-05  5.002E-05  2.917E-05  3.815E-05  2.501E-05
  2.501E-05  2.501E-05  2.501E-05  2.501E-05  2.501E-05  2.501E-05  2.488E-05  0.000E+00  1.612E-05  2.501E-05
  2.501E-05  2.501E-05  2.501E-05  2.501E-05  2.501E-05  2.312E-05  0.000E+00  0.000E+00  0.000E+00  6.203E-06
  2.502E-05  2.502E-05  2.503E-05  2.503E-05  4.613E-06  0.000E+00  0.000E+00  0.000E+00  0.000E+00  0.000E+00
  2.212E-05  2.505E-05  2.505E-05  9.088E-06  0.000E+00  1.240E-05  2.506E-05  5.060E-05  6.029E-05  6.977E-05
  4.039E-05  3.736E-05  2.941E-05  4.042E-05  2.877E-05  6.585E-05  5.023E-05  3.714E-05  2.510E-05  3.040E-05
  3.340E-05  3.469E-05  3.472E-05  5.018E-05  2.874E-05  2.204E-05  2.516E-05  2.516E-05  6.084E-06  0.000E+00
  1.934E-06  2.516E-05  2.516E-05  3.272E-05  2.510E-05  2.510E-05  1.285E-05  1.932E-05  2.510E-05  3.309E-05
  2.413E-05  3.584E-05  5.015E-05  5.014E-05  2.945E-05  2.472E-05  7.944E-06  2.506E-05  2.505E-05  2.505E-05
  2.504E-05  2.504E-05  2.504E-05  2.504E-05  2.503E-05  2.503E-05  3.918E-05  2.503E-05  2.503E-05  2.503E-05
  2.503E-05  2.503E-05  2.503E-05  2.503E-05  2.503E-05  2.503E-05  2.503E-05  2.503E-05  3.368E-06  2.460E-05
  3.381E-05  5.009E-05  5.010E-05  2.970E-05  2.473E-05  2.506E-05  2.507E-05  9.883E-06  2.318E-05  2.509E-05
  3.144E-05  2.511E-05  1.397E-05  0.000E+00  1.007E-05  2.513E-05  2.234E-05  2.924E-05  4.674E-05  3.694E-05
  2.998E-05  3.256E-05  2.419E-05  4.735E-05  6.013E-05  3.516E-05  3.468E-05  4.004E-05  5.735E-05  4.369E-05
  1.432E-05  1.078E-05  2.523E-05  9.495E-07  0.000E+00  0.000E+00  0.000E+00  0.000E+00  0.000E+00  1.811E-05
  6.478E-07  0.000E+00  0.000E+00  0.000E+00  0.000E+00  0.000E+00  0.000E+00  0.000E+00  0.000E+00  0.000E+00
  2.501E-05  2.501E-05  2.501E-05  2.501E-05  7.514E-06  0.000E+00  2.438E-05  5.002E-05  5.002E-05  5.002E-05
  5.002E-05  5.002E-05  5.919E-05  6.179E-05  2.501E-05  2.501E-05  2.501E-05  2.501E-05  2.501E-05  2.501E-05
  3.952E-06  0.000E+00  0.000E+00  0.000E+00  0.000E+00  0.000E+00  0.000E+00  0.000E+00  0.000E+00  0.000E+00
  0.000E+00  0.000E+00  0.000E+00  0.000E+00  0.000E+00  0.000E+00  6.206E-06  4.605E-05  5.001E-05  5.001E-05
  5.001E-05  7.355E-05  9.552E-05  1.250E-04  1.390E-04  1.164E-04  1.000E-04  1.224E-04  1.369E-04  1.424E-04
  1.228E-04  8.178E-05  7.503E-05  5.084E-05  5.002E-05  4.310E-05  2.514E-05  3.512E-05  2.501E-05  2.501E-05
  2.501E-05  2.501E-05  2.501E-05  2.501E-05  2.068E-05  1.895E-06  2.502E-05  2.502E-05  2.502E-05  2.502E-05
  2.239E-05  0.000E+00  0.000E+00  0.000E+00  2.042E-05  2.504E-05  2.504E-05  2.165E-05  0.000E+00  0.000E+00
  0.000E+00  0.000E+00  0.000E+00  1.597E-05  2.506E-05  2.506E-05  6.950E-06  0.000E+00  1.494E-05  3.083E-05
  5.995E-05  5.170E-05  6.571E-05  2.510E-05  3.879E-05  2.593E-05  4.006E-05  4.102E-05  5.953E-05  4.684E-05
  2.189E-05  2.511E-05  3.692E-05  2.513E-05  3.886E-05  3.930E-05  4.195E-05  2.510E-05  1.931E-05  2.516E-05
  2.333E-05  0.000E+00  0.000E+00  4.604E-06  2.516E-05  2.516E-05  3.014E-05  2.510E-05  2.510E-05  2.075E-05
  1.540E-05  2.509E-05  2.508E-05  2.423E-05  2.068E-05  3.780E-05  5.011E-05  5.010E-05  5.009E-05  3.650E-05
  2.504E-05  2.504E-05  1.589E-05  0.000E+00  0.000E+00  5.480E-06  8.745E-06  0.000E+00  0.000E+00  0.000E+00
  0.000E+00  0.000E+00  2.196E-05  2.503E-05  2.503E-05  4.085E-05  5.006E-05  5.006E-05  5.007E-05  2.548E-05
  2.045E-05  2.504E-05  2.505E-05  2.505E-05  1.035E-05  1.648E-05  2.507E-05  2.781E-05  2.701E-05  2.511E-05
  6.724E-06  0.000E+00  1.303E-05  2.513E-05  2.019E-05  2.906E-05  4.593E-05  3.550E-05  2.689E-05  3.418E-05
  2.235E-05  4.218E-05  6.100E-05  3.566E-05  2.721E-05  3.535E-05  5.855E-05  5.244E-05  2.521E-05  5.392E-08
  2.251E-05  1.446E-05  0.000E+00  0.000E+00  0.000E+00  0.000E+00  0.000E+00  0.000E+00  0.000E+00  0.000E+00
  1.876E-05  0.000E+00  0.000E+00  0.000E+00  0.000E+00  0.000E+00  0.000E+00  0.000E+00  0.000E+00  0.000E+00
  2.944E-05  2.501E-05  2.501E-05  2.501E-05  2.575E-05  2.501E-05  2.501E-05  2.501E-05  2.501E-05  2.501E-05
  2.501E-05  6.767E-07  0.000E+00  1.324E-05  5.002E-05  5.002E-05  5.002E-05  5.002E-05  5.002E-05  5.002E-05
  6.897E-05  2.501E-05  2.501E-05  2.501E-05  2.501E-05  2.501E-05  2.501E-05  1.707E-05  0.000E+00  0.000E+00
  0.000E+00  0.000E+00  0.000E+00  0.000E+00  0.000E+00  0.000E+00  0.000E+00  0.000E+00  0.000E+00  0.000E+00
  0.000E+00  0.000E+00  0.000E+00  0.000E+00  0.000E+00  3.364E-05  5.001E-05  5.001E-05  5.001E-05  5.766E-05
  7.730E-05  1.183E-04  1.250E-04  1.310E-04  1.033E-04  1.069E-04  1.250E-04  1.399E-04  1.333E-04  1.045E-04
  7.503E-05  6.262E-05  5.002E-05  4.124E-05  2.849E-05  2.502E-05  2.502E-05  2.502E-05  2.502E-05  2.259E-05
  2.638E-06  2.503E-05  2.503E-05  2.503E-05  2.093E-05  0.000E+00  0.000E+00  3.390E-06  2.505E-05  2.505E-05
  2.505E-05  1.667E-06  0.000E+00  0.000E+00  0.000E+00  0.000E+00  1.812E-05  2.507E-05  2.349E-05  5.748E-06
  0.000E+00  2.359E-05  3.034E-05  6.323E-05  5.794E-05  4.028E-05  3.524E-05  2.617E-05  3.815E-05  2.854E-05
  6.100E-05  5.028E-05  2.281E-05  2.511E-05  3.282E-05  2.748E-05  3.336E-05  2.872E-05  4.995E-05  3.008E-05
  1.652E-05  2.516E-05  2.516E-05  1.541E-05  0.000E+00  0.000E+00  7.274E-06  2.516E-05  2.869E-05  3.202E-05
  2.510E-05  2.509E-05  1.772E-05  8.444E-07  2.507E-05  3.126E-05  2.506E-05  2.505E-05  2.180E-05  1.358E-05
  2.503E-05  2.503E-05  3.417E-05  5.006E-05  5.005E-05  6.435E-05  5.004E-05  5.004E-05  5.004E-05  5.004E-05
  5.004E-05  5.004E-05  2.808E-05  2.502E-05  2.502E-05  1.096E-05  2.503E-05  2.503E-05  2.503E-05  2.504E-05
  2.086E-05  0.000E+00  2.129E-05  2.506E-05  2.506E-05  2.780E-05  2.509E-05  2.236E-05  0.000E+00  0.000E+00
  1.599E-05  2.513E-05  1.805E-05  2.888E-05  4.512E-05  3.405E-05  2.514E-05  3.446E-05  2.340E-05  3.411E-05
  5.967E-05  3.335E-05  3.269E-05  3.489E-05  4.759E-05  5.366E-05  3.273E-05  1.100E-05  9.000E-06  2.523E-05
  2.728E-06  0.000E+00  0.000E+00  0.000E+00  0.000E+00  0.000E+00  0.000E+00  0.000E+00  0.000E+00  0.000E+00
  6.545E-06  1.221E-05  0.000E+00  0.000E+00  0.000E+00  0.000E+00  0.000E+00  0.000E+00  0.000E+00  0.000E+00
  2.058E-05  2.501E-05  2.501E-05  2.501E-05  4.177E-05  5.003E-05  3.704E-05  2.501E-05  2.501E-05  2.501E-05
  2.054E-05  2.433E-05  2.501E-05  2.501E-05  2.501E-05  2.501E-05  2.501E-05  1.885E-05  0.000E+00  0.000E+00
  2.107E-06  5.002E-05  5.002E-05  5.002E-05  5.002E-05  5.002E-05  5.002E-05  5.796E-05  3.404E-05  2.501E-05
  2.501E-05  2.501E-05  2.501E-05  2.501E-05  2.501E-05  5.178E-06  0.000E+00  0.000E+00  0.000E+00  0.000E+00
  0.000E+00  0.000E+00  0.000E+00  0.000E+00  0.000E+00  0.000E+00  0.000E+00  0.000E+00  0.000E+00  0.000E+00
  0.000E+00  0.000E+00  0.000E+00  1.827E-05  4.677E-05  5.001E-05  5.001E-05  5.001E-05  6.678E-05  9.560E-05
  1.250E-04  1.230E-04  1.082E-04  1.088E-04  1.259E-04  1.351E-04  8.090E-05  5.886E-05  4.615E-05  2.467E-05
  2.503E-05  2.503E-05  2.504E-05  2.170E-05  4.110E-06  2.504E-05  2.505E-05  2.505E-05  4.702E-06  0.000E+00
  0.000E+00  2.339E-05  2.506E-05  2.327E-05  0.000E+00  0.000E+00  0.000E+00  0.000E+00  1.581E-06  3.083E-05
  2.509E-05  9.835E-06  0.000E+00  1.209E-05  2.510E-05  5.549E-05  5.027E-05  5.188E-05  2.791E-05  3.135E-05
  3.444E-05  2.665E-05  5.610E-05  5.028E-05  2.951E-05  2.276E-05  2.511E-05  3.343E-05  2.513E-05  3.510E-05
  3.550E-05  4.328E-05  2.510E-05  1.379E-05  2.516E-05  2.516E-05  7.490E-06  0.000E+00  7.990E-06  9.944E-06
  2.515E-05  2.514E-05  2.495E-05  2.508E-05  2.507E-05  3.126E-05  1.914E-05  0.000E+00  3.245E-06  2.504E-05
  2.504E-05  2.503E-05  2.503E-05  2.503E-05  3.066E-05  3.378E-05  2.502E-05  2.502E-05  2.502E-05  2.502E-05
  2.502E-05  2.502E-05  2.502E-05  2.502E-05  2.502E-05  2.326E-05  0.000E+00  0.000E+00  2.272E-05  2.504E-05
  2.504E-05  2.505E-05  2.525E-05  2.507E-05  2.508E-05  5.870E-06  0.000E+00  0.000E+00  2.058E-05  2.513E-05
  1.590E-05  2.871E-05  4.431E-05  3.261E-05  2.514E-05  3.299E-05  2.515E-05  2.534E-05  5.544E-05  4.139E-05
  3.151E-05  3.364E-05  2.868E-05  5.835E-05  4.474E-05  2.194E-05  0.000E+00  2.073E-05  1.623E-05  0.000E+00
  0.000E+00  0.000E+00  0.000E+00  0.000E+00  0.000E+00  0.000E+00  0.000E+00  0.000E+00  0.000E+00  0.000E+00
  0.000E+00  1.374E-05  5.022E-06  0.000E+00  0.000E+00  0.000E+00  0.000E+00  0.000E+00  0.000E+00  0.000E+00
  0.000E+00  0.000E+00  0.000E+00  0.000E+00  0.000E+00  0.000E+00  1.299E-05  2.501E-05  2.501E-05  2.501E-05
  2.948E-05  5.003E-05  4.463E-05  2.501E-05  2.501E-05  2.501E-05  2.501E-05  1.398E-05  2.501E-05  2.501E-05
  2.501E-05  2.501E-05  2.501E-05  2.501E-05  1.201E-05  0.000E+00  0.000E+00  0.000E+00  4.099E-05  5.002E-05
  5.002E-05  5.002E-05  5.002E-05  5.002E-05  5.002E-05  3.999E-05  2.501E-05  2.501E-05  2.501E-05  2.501E-05
  2.501E-05  2.501E-05  1.830E-05  0.000E+00  0.000E+00  0.000E+00  0.000E+00  0.000E+00  0.000E+00  0.000E+00
  0.000E+00  0.000E+00  0.000E+00  0.000E+00  0.000E+00  0.000E+00  0.000E+00  0.000E+00  0.000E+00  0.000E+00
  0.000E+00  1.444E-05  4.187E-05  5.003E-05  5.003E-05  6.506E-05  1.193E-04  1.145E-04  1.040E-04  1.279E-04
  1.076E-04  6.532E-05  4.593E-05  2.219E-05  2.504E-05  2.505E-05  2.505E-05  5.396E-06  2.035E-05  2.506E-05
  2.506E-05  3.591E-06  0.000E+00  1.796E-06  2.507E-05  2.508E-05  1.334E-05  0.000E+00  0.000E+00  5.748E-06
  0.000E+00  1.526E-05  2.510E-05  1.703E-05  0.000E+00  4.704E-06  2.512E-05  4.676E-05  5.030E-05  5.276E-05
  2.514E-05  3.243E-05  2.883E-05  3.057E-05  4.588E-05  5.217E-05  4.181E-05  1.481E-05  2.511E-05  3.167E-05
  2.513E-05  3.203E-05  2.629E-05  4.615E-05  3.141E-05  1.849E-05  1.767E-05  2.516E-05  3.272E-05  0.000E+00
  0.000E+00  0.000E+00  7.537E-06  2.512E-05  2.511E-05  3.130E-05  2.081E-05  2.505E-05  2.505E-05  2.504E-05
  2.504E-05  2.503E-05  2.503E-05  2.458E-05  1.448E-05  0.000E+00  0.000E+00  0.000E+00  0.000E+00  0.000E+00
  3.169E-06  2.502E-05  2.502E-05  2.502E-05  2.502E-05  2.503E-05  2.503E-05  2.503E-05  2.112E-05  2.505E-05
  2.506E-05  2.506E-05  3.576E-06  0.000E+00  0.000E+00  5.768E-06  2.511E-05  2.511E-05  1.299E-05  2.854E-05
  4.350E-05  3.116E-05  2.514E-05  3.152E-05  2.515E-05  1.832E-05  5.033E-05  5.035E-05  3.029E-05  2.517E-05
  3.241E-05  5.088E-05  5.349E-05  2.521E-05  7.681E-06  7.221E-06  2.523E-05  4.506E-06  0.000E+00  0.000E+00
  0.000E+00  0.000E+00  0.000E+00  0.000E+00  0.000E+00  0.000E+00  0.000E+00  0.000E+00  0.000E+00  0.000E+00
  0.000E+00  0.000E+00  1.876E-05  0.000E+00  0.000E+00  0.000E+00  0.000E+00  0.000E+00  0.000E+00  0.000E+00
  2.501E-05  2.501E-05  2.501E-05  6.515E-06  0.000E+00  0.000E+00  0.000E+00  0.000E+00  0.000E+00  0.000E+00
  0.000E+00  0.000E+00  5.394E-06  2.501E-05  2.501E-05  2.501E-05  2.501E-05  4.221E-05  5.003E-05  2.721E-05
  2.501E-05  2.501E-05  2.501E-05  2.010E-05  1.300E-05  2.501E-05  2.501E-05  2.501E-05  2.501E-05  2.501E-05
  2.501E-05  5.176E-06  0.000E+00  0.000E+00  0.000E+00  2.986E-05  5.002E-05  5.002E-05  5.002E-05  5.002E-05
  5.002E-05  5.002E-05  3.801E-05  2.501E-05  2.501E-05  2.501E-05  2.501E-05  2.501E-05  2.501E-05  2.501E-05
  6.404E-06  0.000E+00  0.000E+00  0.000E+00  0.000E+00  0.000E+00  0.000E+00  0.000E+00  0.000E+00  0.000E+00
  0.000E+00  0.000E+00  0.000E+00  0.000E+00  0.000E+00  0.000E+00  0.000E+00  2.682E-05  5.005E-05  5.006E-05
  9.261E-05  1.143E-04  1.043E-04  1.267E-04  8.676E-05  5.282E-05  2.962E-05  2.030E-05  2.506E-05  2.507E-05
  3.953E-06  2.148E-05  2.507E-05  2.027E-05  0.000E+00  0.000E+00  1.174E-05  2.509E-05  2.784E-05  1.260E-06
  0.000E+00  0.000E+00  0.000E+00  8.077E-06  2.511E-05  2.065E-05  0.000E+00  8.141E-07  2.513E-05  4.159E-05
  5.037E-05  5.230E-05  2.514E-05  3.095E-05  2.511E-05  3.259E-05  3.358E-05  5.614E-05  4.849E-05  1.248E-05
  2.511E-05  2.511E-05  2.993E-05  2.513E-05  3.133E-05  3.170E-05  4.462E-05  2.510E-05  1.626E-05  2.516E-05
  2.515E-05  1.898E-05  0.000E+00  0.000E+00  0.000E+00  6.200E-06  1.020E-05  2.509E-05  2.508E-05  2.507E-05
  2.507E-05  2.506E-05  2.506E-05  8.724E-06  3.335E-05  2.502E-05  2.502E-05  2.502E-05  2.502E-05  2.502E-05
  2.185E-05  5.947E-06  2.504E-05  2.504E-05  2.504E-05  2.504E-05  2.505E-05  2.505E-05  6.239E-06  0.000E+00
  0.000E+00  0.000E+00  0.000E+00  2.450E-05  2.509E-05  1.933E-05  1.484E-05  3.080E-05  4.177E-05  2.975E-05
  2.514E-05  3.005E-05  2.515E-05  1.502E-05  4.661E-05  5.419E-05  2.792E-05  2.632E-05  3.117E-05  3.969E-05
  5.062E-05  3.705E-05  1.863E-05  0.000E+00  1.895E-05  1.801E-05  0.000E+00  0.000E+00  0.000E+00  0.000E+00
  0.000E+00  0.000E+00  0.000E+00  0.000E+00  0.000E+00  0.000E+00  0.000E+00  0.000E+00  0.000E+00  0.000E+00
  0.000E+00  0.000E+00  2.172E-06  1.659E-05  0.000E+00  0.000E+00  0.000E+00  0.000E+00  0.000E+00  0.000E+00
  0.000E+00  0.000E+00  0.000E+00  1.850E-05  2.501E-05  2.501E-05  2.501E-05  2.501E-05  2.501E-05  4.739E-06
  0.000E+00  0.000E+00  0.000E+00  0.000E+00  0.000E+00  0.000E+00  0.000E+00  0.000E+00  0.000E+00  2.281E-05
  2.501E-05  2.501E-05  2.501E-05  2.993E-05  5.003E-05  3.481E-05  2.501E-05  2.501E-05  2.501E-05  2.501E-05
  7.375E-06  1.984E-05  2.501E-05  2.501E-05  2.501E-05  2.501E-05  2.501E-05  2.335E-05  0.000E+00  0.000E+00
  0.000E+00  0.000E+00  1.873E-05  5.002E-05  5.002E-05  5.002E-05  5.002E-05  5.002E-05  5.002E-05  3.788E-05
  2.316E-05  2.501E-05  2.501E-05  2.501E-05  2.501E-05  2.501E-05  2.501E-05  1.952E-05  0.000E+00  0.000E+00
  0.000E+00  0.000E+00  0.000E+00  0.000E+00  0.000E+00  0.000E+00  0.000E+00  0.000E+00  0.000E+00  0.000E+00
  0.000E+00  2.067E-05  5.008E-05  5.482E-05  1.064E-04  1.044E-04  1.203E-04  9.171E-05  5.361E-05  2.550E-05
  2.112E-05  2.508E-05  2.019E-05  4.804E-06  2.508E-05  2.509E-05  6.236E-06  0.000E+00  7.489E-06  2.510E-05
  2.510E-05  4.051E-06  0.000E+00  0.000E+00  0.000E+00  4.469E-06  2.512E-05  2.120E-05  0.000E+00  0.000E+00
  2.509E-05  3.897E-05  5.032E-05  5.194E-05  2.514E-05  2.948E-05  2.511E-05  3.090E-05  2.690E-05  5.449E-05
  5.028E-05  2.105E-05  1.910E-05  2.511E-05  2.817E-05  2.513E-05  2.947E-05  2.848E-05  4.694E-05  3.274E-05
  2.290E-05  6.166E-06  2.513E-05  2.512E-05  2.511E-05  7.774E-06  0.000E+00  0.000E+00  0.000E+00  0.000E+00
  0.000E+00  0.000E+00  0.000E+00  3.772E-05  2.505E-05  2.505E-05  2.504E-05  2.504E-05  2.504E-05  2.504E-05
  2.504E-05  1.909E-05  0.000E+00  0.000E+00  0.000E+00  0.000E+00  0.000E+00  0.000E+00  0.000E+00  7.125E-06
  2.507E-05  2.507E-05  2.508E-05  3.701E-06  2.508E-05  3.850E-05  3.535E-05  2.856E-05  2.513E-05  2.863E-05
  2.515E-05  1.318E-05  4.144E-05  5.432E-05  2.888E-05  2.786E-05  2.992E-05  2.519E-05  5.416E-05  4.579E-05
  2.521E-05  4.363E-06  5.443E-06  2.523E-05  6.284E-06  0.000E+00  0.000E+00  0.000E+00  0.000E+00  0.000E+00
  0.000E+00  0.000E+00  0.000E+00  0.000E+00  0.000E+00  0.000E+00  0.000E+00  0.000E+00  0.000E+00  0.000E+00
  0.000E+00  0.000E+00  0.000E+00  9.365E-06  9.395E-06  0.000E+00  0.000E+00  0.000E+00  0.000E+00  0.000E+00
  0.000E+00  0.000E+00  0.000E+00  0.000E+00  0.000E+00  0.000E+00  0.000E+00  0.000E+00  0.000E+00  2.027E-05
  2.501E-05  2.501E-05  2.501E-05  2.501E-05  2.501E-05  2.964E-06  0.000E+00  0.000E+00  0.000E+00  0.000E+00
  0.000E+00  0.000E+00  0.000E+00  0.000E+00  0.000E+00  1.522E-05  2.501E-05  2.501E-05  2.501E-05  2.501E-05
  4.265E-05  4.240E-05  2.501E-05  2.501E-05  2.501E-05  2.501E-05  1.966E-05  1.661E-06  2.501E-05  2.501E-05
  2.501E-05  2.501E-05  2.501E-05  2.501E-05  1.651E-05  0.000E+00  0.000E+00  0.000E+00  0.000E+00  1.214E-05
  4.547E-05  5.002E-05  5.002E-05  5.002E-05  5.002E-05  5.002E-05  4.162E-05  1.743E-05  2.501E-05  2.501E-05
  2.501E-05  2.501E-05  2.501E-05  2.502E-05  7.777E-06  0.000E+00  0.000E+00  0.000E+00  0.000E+00  0.000E+00
  0.000E+00  0.000E+00  0.000E+00  0.000E+00  7.209E-06  4.321E-05  5.052E-05  1.003E-04  1.023E-04  1.195E-04
  7.628E-05  4.371E-05  1.741E-05  2.509E-05  2.510E-05  5.643E-06  1.886E-05  2.510E-05  1.849E-05  0.000E+00
  0.000E+00  2.106E-05  2.512E-05  6.305E-06  0.000E+00  0.000E+00  0.000E+00  3.933E-06  2.514E-05  1.907E-05
  0.000E+00  4.664E-07  2.514E-05  3.638E-05  5.032E-05  5.158E-05  2.514E-05  2.800E-05  2.511E-05  2.920E-05
  2.511E-05  4.794E-05  5.028E-05  3.499E-05  9.508E-06  2.511E-05  2.633E-05  3.320E-05  2.513E-05  2.757E-05
  2.728E-05  4.857E-05  2.508E-05  2.208E-05  3.610E-06  2.612E-05  2.510E-05  2.509E-05  2.508E-05  1.550E-05
  0.000E+00  0.000E+00  7.394E-06  7.409E-06  0.000E+00  0.000E+00  0.000E+00  0.000E+00  0.000E+00  0.000E+00
  0.000E+00  0.000E+00  0.000E+00  0.000E+00  0.000E+00  2.104E-05  2.505E-05  2.505E-05  2.506E-05  1.794E-05
  2.323E-06  2.506E-05  2.895E-05  4.702E-05  2.508E-05  2.716E-05  2.511E-05  2.729E-05  2.513E-05  1.361E-05
  3.388E-05  5.299E-05  3.406E-05  2.664E-05  2.517E-05  2.869E-05  4.320E-05  5.040E-05  2.935E-05  1.531E-05
  0.000E+00  1.717E-05  1.979E-05  0.000E+00  0.000E+00  0.000E+00  0.000E+00  0.000E+00  0.000E+00  0.000E+00
  0.000E+00  0.000E+00  0.000E+00  0.000E+00  0.000E+00  0.000E+00  0.000E+00  0.000E+00  0.000E+00  0.000E+00
  0.000E+00  0.000E+00  0.000E+00  0.000E+00  1.656E-05  2.202E-06  0.000E+00  0.000E+00  0.000E+00  0.000E+00
  0.000E+00  0.000E+00  0.000E+00  0.000E+00  0.000E+00  0.000E+00  0.000E+00  0.000E+00  0.000E+00  0.000E+00
  0.000E+00  0.000E+00  0.000E+00  0.000E+00  0.000E+00  2.205E-05  2.501E-05  2.501E-05  2.501E-05  2.501E-05
  2.501E-05  1.188E-06  0.000E+00  0.000E+00  0.000E+00  0.000E+00  0.000E+00  0.000E+00  0.000E+00  0.000E+00
  0.000E+00  7.622E-06  2.501E-05  2.501E-05  2.501E-05  2.501E-05  3.037E-05  5.000E-05  2.501E-05  2.501E-05
  2.501E-05  2.501E-05  2.501E-05  6.934E-06  8.499E-06  2.501E-05  2.501E-05  2.501E-05  2.501E-05  2.501E-05
  2.501E-05  9.675E-06  0.000E+00  0.000E+00  0.000E+00  0.000E+00  8.404E-06  3.807E-05  5.002E-05  5.002E-05
  5.002E-05  5.003E-05  5.003E-05  2.997E-05  1.724E-05  2.502E-05  2.503E-05  2.503E-05  1.813E-05  0.000E+00
  0.000E+00  0.000E+00  0.000E+00  0.000E+00  0.000E+00  0.000E+00  0.000E+00  7.889E-06  4.467E-05  5.554E-05
  1.040E-04  1.068E-04  1.006E-04  5.762E-05  2.549E-05  1.947E-05  2.512E-05  1.162E-05  1.812E-05  2.512E-05
  1.548E-05  0.000E+00  0.000E+00  1.882E-05  2.513E-05  5.534E-06  0.000E+00  0.000E+00  0.000E+00  6.077E-06
  2.515E-05  1.541E-05  0.000E+00  9.843E-07  2.514E-05  3.378E-05  5.032E-05  5.122E-05  2.514E-05  2.652E-05
  2.511E-05  2.751E-05  2.511E-05  3.961E-05  5.028E-05  4.345E-05  5.482E-06  3.302E-05  2.511E-05  2.467E-05
  2.512E-05  2.577E-05  2.506E-05  2.804E-05  5.631E-05  2.680E-05  2.505E-05  1.694E-05  0.000E+00  9.571E-06
  2.507E-05  2.506E-05  3.998E-05  2.505E-05  2.505E-05  2.505E-05  2.504E-05  2.504E-05  2.504E-05  2.504E-05
  2.504E-05  2.504E-05  2.504E-05  2.504E-05  2.505E-05  4.008E-06  0.000E+00  2.223E-05  2.504E-05  3.226E-05
  4.777E-05  2.505E-05  2.541E-05  2.508E-05  2.509E-05  2.570E-05  2.511E-05  1.379E-05  2.611E-05  5.032E-05
  4.056E-05  2.542E-05  2.517E-05  2.745E-05  3.102E-05  5.162E-05  3.809E-05  2.521E-05  1.045E-06  3.665E-06
  2.523E-05  8.063E-06  0.000E+00  0.000E+00  0.000E+00  0.000E+00  0.000E+00  0.000E+00  0.000E+00  0.000E+00
  0.000E+00  0.000E+00  0.000E+00  0.000E+00  0.000E+00  0.000E+00  0.000E+00  0.000E+00  0.000E+00  0.000E+00
  0.000E+00  0.000E+00  0.000E+00  0.000E+00  0.000E+00  1.876E-05  0.000E+00  0.000E+00  0.000E+00  0.000E+00
  0.000E+00  0.000E+00  0.000E+00  0.000E+00  0.000E+00  0.000E+00  0.000E+00  0.000E+00  0.000E+00  0.000E+00
  0.000E+00  0.000E+00  0.000E+00  0.000E+00  0.000E+00  0.000E+00  0.000E+00  0.000E+00  0.000E+00  0.000E+00
  0.000E+00  2.383E-05  2.501E-05  2.501E-05  2.501E-05  2.501E-05  2.443E-05  0.000E+00  0.000E+00  0.000E+00
  0.000E+00  0.000E+00  0.000E+00  0.000E+00  0.000E+00  0.000E+00  0.000E+00  2.702E-08  2.501E-05  2.501E-05
  2.501E-05  2.501E-05  2.501E-05  4.309E-05  3.258E-05  2.501E-05  2.501E-05  2.501E-05  2.501E-05  1.922E-05
  0.000E+00  1.534E-05  2.501E-05  2.501E-05  2.501E-05  2.501E-05  2.501E-05  2.501E-05  2.838E-06  0.000E+00
  0.000E+00  0.000E+00  0.000E+00  2.007E-05  5.004E-05  5.005E-05  5.006E-05  4.420E-05  1.510E-05  2.504E-05
  2.504E-05  2.505E-05  5.712E-06  0.000E+00  0.000E+00  0.000E+00  0.000E+00  0.000E+00  0.000E+00  0.000E+00
  2.037E-05  5.017E-05  8.134E-05  9.913E-05  1.104E-04  6.420E-05  3.421E-05  1.520E-05  3.088E-05  1.384E-05
  9.646E-06  2.513E-05  1.502E-05  0.000E+00  0.000E+00  1.960E-05  2.515E-05  2.131E-06  0.000E+00  0.000E+00
  0.000E+00  9.733E-06  2.515E-05  1.174E-05  0.000E+00  1.502E-06  2.514E-05  3.119E-05  5.032E-05  5.086E-05
  2.514E-05  2.505E-05  2.511E-05  2.581E-05  2.511E-05  3.194E-05  4.962E-05  5.812E-05  1.274E-05  1.543E-05
  2.510E-05  2.265E-05  2.510E-05  2.509E-05  3.125E-05  2.329E-05  2.504E-05  3.314E-05  5.006E-05  3.231E-05
  2.503E-05  3.413E-05  3.096E-05  2.502E-05  1.818E-05  0.000E+00  0.000E+00  0.000E+00  0.000E+00  0.000E+00
  2.349E-05  2.501E-05  2.502E-05  2.502E-05  2.502E-05  3.776E-05  5.005E-05  2.783E-05  2.503E-05  2.295E-05
  2.506E-05  2.507E-05  2.367E-05  2.508E-05  2.509E-05  9.015E-06  2.615E-05  5.027E-05  4.359E-05  2.516E-05
  2.421E-05  2.620E-05  2.519E-05  4.649E-05  4.684E-05  2.521E-05  1.199E-05  0.000E+00  1.539E-05  2.157E-05
  0.000E+00  0.000E+00  0.000E+00  0.000E+00  0.000E+00  0.000E+00  0.000E+00  0.000E+00  0.000E+00  0.000E+00
  0.000E+00  0.000E+00  0.000E+00  0.000E+00  0.000E+00  0.000E+00  0.000E+00  0.000E+00  0.000E+00  0.000E+00
  0.000E+00  0.000E+00  0.000E+00  0.000E+00  0.000E+00  4.991E-06  1.377E-05  0.000E+00  0.000E+00  0.000E+00
  0.000E+00  0.000E+00  0.000E+00  0.000E+00  0.000E+00  0.000E+00  0.000E+00  0.000E+00  0.000E+00  0.000E+00
  0.000E+00  0.000E+00  0.000E+00  0.000E+00  0.000E+00  0.000E+00  0.000E+00  0.000E+00  0.000E+00  0.000E+00
  0.000E+00  0.000E+00  0.000E+00  0.000E+00  0.000E+00  0.000E+00  5.876E-07  2.501E-05  2.501E-05  2.501E-05
  2.501E-05  2.501E-05  2.265E-05  0.000E+00  0.000E+00  0.000E+00  0.000E+00  0.000E+00  0.000E+00  0.000E+00
  0.000E+00  0.000E+00  0.000E+00  0.000E+00  1.745E-05  2.501E-05  2.501E-05  2.501E-05  2.501E-05  3.081E-05
  4.018E-05  2.501E-05  2.501E-05  2.501E-05  2.501E-05  2.501E-05  6.494E-06  0.000E+00  2.217E-05  2.501E-05
  2.501E-05  2.501E-05  2.502E-05  2.502E-05  9.046E-08  0.000E+00  0.000E+00  5.861E-06  4.188E-05  5.008E-05
  5.009E-05  2.743E-05  1.934E-05  2.505E-05  2.506E-05  5.334E-06  0.000E+00  0.000E+00  0.000E+00  0.000E+00
  0.000E+00  0.000E+00  6.268E-06  4.404E-05  6.427E-05  9.790E-05  1.101E-04  6.690E-05  4.168E-05  1.426E-05
  2.515E-05  1.286E-05  1.011E-05  2.515E-05  1.182E-05  0.000E+00  0.000E+00  2.302E-05  2.157E-05  0.000E+00
  0.000E+00  0.000E+00  0.000E+00  1.341E-05  2.515E-05  8.058E-06  0.000E+00  2.020E-06  2.514E-05  2.859E-05
  5.032E-05  5.051E-05  2.514E-05  2.357E-05  2.511E-05  2.511E-05  2.736E-05  2.999E-05  4.797E-05  5.028E-05
  2.710E-05  3.368E-06  2.508E-05  2.507E-05  2.590E-05  2.507E-05  2.507E-05  2.506E-05  2.505E-05  1.849E-05
  2.502E-05  4.021E-05  2.501E-05  2.501E-05  3.184E-05  5.002E-05  5.001E-05  5.001E-05  5.001E-05  5.002E-05
  2.653E-05  2.501E-05  2.501E-05  2.501E-05  2.502E-05  1.817E-05  2.504E-05  2.504E-05  2.505E-05  2.073E-05
  2.506E-05  2.507E-05  2.225E-05  1.462E-06  3.554E-05  5.023E-05  4.269E-05  2.513E-05  2.282E-05  2.517E-05
  2.497E-05  3.553E-05  5.040E-05  3.040E-05  2.293E-05  0.000E+00  1.886E-06  2.523E-05  9.841E-06  0.000E+00
  0.000E+00  0.000E+00  0.000E+00  0.000E+00  0.000E+00  0.000E+00  0.000E+00  0.000E+00  0.000E+00  0.000E+00
  0.000E+00  0.000E+00  0.000E+00  0.000E+00  0.000E+00  0.000E+00  0.000E+00  0.000E+00  0.000E+00  0.000E+00
  0.000E+00  0.000E+00  0.000E+00  0.000E+00  0.000E+00  0.000E+00  1.218E-05  6.576E-06  0.000E+00  0.000E+00
  0.000E+00  0.000E+00  0.000E+00  0.000E+00  0.000E+00  0.000E+00  0.000E+00  0.000E+00  0.000E+00  0.000E+00
  0.000E+00  0.000E+00  0.000E+00  0.000E+00  0.000E+00  0.000E+00  0.000E+00  0.000E+00  0.000E+00  0.000E+00
  0.000E+00  0.000E+00  0.000E+00  0.000E+00  0.000E+00  0.000E+00  0.000E+00  0.000E+00  0.000E+00  0.000E+00
  0.000E+00  0.000E+00  2.363E-06  2.501E-05  2.501E-05  2.501E-05  2.501E-05  2.501E-05  2.088E-05  0.000E+00
  0.000E+00  0.000E+00  0.000E+00  0.000E+00  0.000E+00  0.000E+00  0.000E+00  0.000E+00  0.000E+00  0.000E+00
  9.850E-06  2.501E-05  2.501E-05  2.501E-05  2.501E-05  2.501E-05  4.128E-05  2.501E-05  2.501E-05  2.501E-05
  2.501E-05  2.502E-05  1.102E-05  0.000E+00  2.493E-05  2.503E-05  2.503E-05  2.504E-05  2.696E-06  0.000E+00
  0.000E+00  2.267E-05  5.011E-05  5.012E-05  2.600E-05  1.973E-05  2.507E-05  2.130E-05  0.000E+00  0.000E+00
  0.000E+00  0.000E+00  0.000E+00  0.000E+00  7.010E-07  3.882E-05  5.668E-05  9.600E-05  1.142E-04  6.463E-05
  3.448E-05  1.339E-05  2.517E-05  9.140E-06  1.334E-05  2.517E-05  6.203E-06  0.000E+00  3.595E-06  2.517E-05
  1.390E-05  0.000E+00  0.000E+00  0.000E+00  0.000E+00  1.709E-05  2.515E-05  4.379E-06  0.000E+00  2.538E-06
  2.514E-05  2.600E-05  5.032E-05  5.014E-05  2.515E-05  2.514E-05  3.005E-05  2.511E-05  2.241E-05  2.511E-05
  3.954E-05  5.025E-05  4.360E-05  1.020E-05  1.160E-05  2.506E-05  2.505E-05  2.504E-05  1.471E-05  2.429E-05
  3.652E-05  2.890E-05  2.503E-05  2.503E-05  2.503E-05  2.502E-05  2.502E-05  2.502E-05  2.502E-05  2.502E-05
  2.502E-05  2.502E-05  2.502E-05  2.503E-05  2.503E-05  1.915E-05  2.088E-05  2.504E-05  2.504E-05  2.426E-05
  0.000E+00  1.630E-05  4.737E-05  4.873E-05  3.772E-05  2.511E-05  2.117E-05  2.514E-05  2.360E-05  2.525E-05
  4.971E-05  3.914E-05  2.521E-05  8.672E-06  0.000E+00  1.361E-05  2.335E-05  0.000E+00  0.000E+00  0.000E+00
  0.000E+00  0.000E+00  0.000E+00  0.000E+00  0.000E+00  0.000E+00  0.000E+00  0.000E+00  0.000E+00  0.000E+00
  0.000E+00  0.000E+00  0.000E+00  0.000E+00  0.000E+00  0.000E+00  0.000E+00  0.000E+00  0.000E+00  0.000E+00
  0.000E+00  0.000E+00  0.000E+00  0.000E+00  0.000E+00  0.000E+00  0.000E+00  1.876E-05  0.000E+00  0.000E+00
  0.000E+00  0.000E+00  0.000E+00  0.000E+00  0.000E+00  0.000E+00  0.000E+00  0.000E+00  0.000E+00  0.000E+00
  0.000E+00  0.000E+00  0.000E+00  0.000E+00  0.000E+00  0.000E+00  0.000E+00  0.000E+00  0.000E+00  0.000E+00
  0.000E+00  0.000E+00  0.000E+00  0.000E+00  0.000E+00  0.000E+00  0.000E+00  0.000E+00  0.000E+00  0.000E+00
  0.000E+00  0.000E+00  0.000E+00  0.000E+00  0.000E+00  0.000E+00  0.000E+00  0.000E+00  4.139E-06  2.501E-05
  2.501E-05  2.501E-05  2.501E-05  2.501E-05  1.910E-05  0.000E+00  0.000E+00  0.000E+00  0.000E+00  0.000E+00
  0.000E+00  0.000E+00  0.000E+00  0.000E+00  0.000E+00  0.000E+00  2.255E-06  2.501E-05  2.501E-05  2.501E-05
  2.501E-05  2.502E-05  3.415E-05  2.502E-05  2.503E-05  2.503E-05  2.024E-05  0.000E+00  2.234E-05  2.504E-05
  2.505E-05  1.010E-05  0.000E+00  0.000E+00  2.413E-05  5.014E-05  4.809E-05  1.277E-05  2.508E-05  2.509E-05
  5.794E-06  0.000E+00  0.000E+00  0.000E+00  0.000E+00  0.000E+00  0.000E+00  3.644E-05  6.188E-05  9.436E-05
  1.023E-04  6.140E-05  2.685E-05  1.604E-05  2.519E-05  3.019E-06  1.897E-05  2.364E-05  0.000E+00  0.000E+00
  1.128E-05  2.518E-05  5.775E-06  0.000E+00  0.000E+00  0.000E+00  0.000E+00  2.077E-05  2.515E-05  7.008E-07
  0.000E+00  3.056E-06  2.514E-05  2.341E-05  5.032E-05  4.944E-05  3.348E-05  2.514E-05  2.058E-05  2.511E-05
  2.057E-05  2.509E-05  3.170E-05  4.346E-05  5.638E-05  4.243E-05  1.435E-05  0.000E+00  1.033E-05  2.503E-05
  4.053E-05  2.502E-05  2.502E-05  2.502E-05  2.501E-05  2.501E-05  2.501E-05  2.501E-05  2.501E-05  2.501E-05
  2.501E-05  2.501E-05  2.502E-05  2.502E-05  2.502E-05  2.503E-05  4.148E-06  0.000E+00  2.045E-05  4.619E-05
  5.014E-05  4.398E-05  2.788E-05  2.509E-05  1.911E-05  2.512E-05  2.198E-05  2.515E-05  4.003E-05  5.032E-05
  2.276E-05  1.962E-05  0.000E+00  1.080E-07  2.523E-05  1.162E-05  0.000E+00  0.000E+00  0.000E+00  0.000E+00
  0.000E+00  0.000E+00  0.000E+00  0.000E+00  0.000E+00  0.000E+00  0.000E+00  0.000E+00  0.000E+00  0.000E+00
  0.000E+00  0.000E+00  0.000E+00  0.000E+00  0.000E+00  0.000E+00  0.000E+00  0.000E+00  0.000E+00  0.000E+00
  0.000E+00  0.000E+00  0.000E+00  0.000E+00  0.000E+00  0.000E+00  0.000E+00  6.173E-07  1.814E-05  0.000E+00
  0.000E+00  0.000E+00  0.000E+00  0.000E+00  0.000E+00  0.000E+00  0.000E+00  0.000E+00  0.000E+00  0.000E+00
  0.000E+00  0.000E+00  0.000E+00  0.000E+00  0.000E+00  0.000E+00  0.000E+00  0.000E+00  0.000E+00  0.000E+00
  0.000E+00  0.000E+00  0.000E+00  0.000E+00  0.000E+00  0.000E+00  0.000E+00  0.000E+00  0.000E+00  0.000E+00
  0.000E+00  0.000E+00  0.000E+00  0.000E+00  0.000E+00  0.000E+00  0.000E+00  0.000E+00  0.000E+00  0.000E+00
  0.000E+00  0.000E+00  0.000E+00  0.000E+00  5.915E-06  2.501E-05  2.501E-05  2.501E-05  2.501E-05  2.501E-05
  1.732E-05  0.000E+00  0.000E+00  0.000E+00  0.000E+00  0.000E+00  0.000E+00  0.000E+00  0.000E+00  0.000E+00
  0.000E+00  0.000E+00  4.865E-06  2.502E-05  2.503E-05  2.503E-05  2.919E-05  2.504E-05  2.504E-05  2.505E-05
  5.400E-06  1.496E-05  2.506E-05  2.507E-05  5.655E-06  0.000E+00  2.069E-06  4.119E-05  5.019E-05  2.514E-05
  1.930E-05  2.511E-05  1.042E-05  0.000E+00  0.000E+00  0.000E+00  0.000E+00  0.000E+00  6.355E-06  3.924E-05
  5.948E-05  9.503E-05  9.323E-05  5.495E-05  1.489E-05  2.219E-05  1.999E-05  1.546E-06  2.520E-05  1.400E-05
  0.000E+00  0.000E+00  1.940E-05  2.283E-05  0.000E+00  0.000E+00  0.000E+00  0.000E+00  0.000E+00  2.445E-05
  2.217E-05  0.000E+00  0.000E+00  3.573E-06  2.514E-05  2.193E-05  5.719E-05  5.032E-05  2.425E-05  2.514E-05
  1.897E-05  2.509E-05  2.125E-05  2.162E-05  3.126E-05  3.279E-05  3.912E-05  5.013E-05  5.011E-05  5.622E-05
  2.618E-05  3.334E-06  0.000E+00  0.000E+00  0.000E+00  0.000E+00  0.000E+00  0.000E+00  0.000E+00  0.000E+00
  0.000E+00  0.000E+00  0.000E+00  9.456E-06  2.505E-05  4.542E-05  5.009E-05  5.010E-05  3.965E-05  2.898E-05
  2.506E-05  1.633E-05  2.508E-05  2.509E-05  1.999E-05  2.513E-05  3.333E-05  5.033E-05  2.983E-05  2.520E-05
  5.354E-06  0.000E+00  1.184E-05  2.512E-05  0.000E+00  0.000E+00  0.000E+00  0.000E+00  0.000E+00  0.000E+00
  0.000E+00  0.000E+00  0.000E+00  0.000E+00  0.000E+00  0.000E+00  0.000E+00  0.000E+00  0.000E+00  0.000E+00
  0.000E+00  0.000E+00  0.000E+00  0.000E+00  0.000E+00  0.000E+00  0.000E+00  0.000E+00  0.000E+00  0.000E+00
  0.000E+00  0.000E+00  0.000E+00  0.000E+00  0.000E+00  0.000E+00  0.000E+00  0.000E+00  7.811E-06  1.095E-05
  0.000E+00  0.000E+00  0.000E+00  0.000E+00  0.000E+00  0.000E+00  0.000E+00  0.000E+00  0.000E+00  0.000E+00
  0.000E+00  0.000E+00  0.000E+00  0.000E+00  0.000E+00  0.000E+00  0.000E+00  0.000E+00  0.000E+00  0.000E+00
  0.000E+00  0.000E+00  0.000E+00  0.000E+00  0.000E+00  0.000E+00  0.000E+00  0.000E+00  0.000E+00  0.000E+00
  0.000E+00  0.000E+00  0.000E+00  0.000E+00  0.000E+00  0.000E+00  0.000E+00  0.000E+00  0.000E+00  0.000E+00
  0.000E+00  0.000E+00  0.000E+00  0.000E+00  0.000E+00  0.000E+00  0.000E+00  0.000E+00  0.000E+00  0.000E+00
  7.690E-06  2.501E-05  2.501E-05  2.501E-05  2.501E-05  2.501E-05  1.555E-05  0.000E+00  0.000E+00  0.000E+00
  0.000E+00  0.000E+00  0.000E+00  0.000E+00  0.000E+00  0.000E+00  6.399E-07  2.504E-05  2.505E-05  2.505E-05
  2.640E-05  2.506E-05  2.507E-05  2.417E-06  1.942E-05  2.508E-05  1.825E-05  0.000E+00  0.000E+00  2.507E-05
  5.022E-05  3.345E-05  1.469E-05  2.512E-05  1.107E-05  0.000E+00  0.000E+00  0.000E+00  5.748E-06  0.000E+00
  4.977E-06  4.382E-05  6.917E-05  9.618E-05  7.953E-05  4.022E-05  1.118E-05  2.523E-05  9.870E-06  1.121E-05
  2.521E-05  3.061E-06  0.000E+00  2.348E-06  2.518E-05  1.470E-05  0.000E+00  0.000E+00  0.000E+00  0.000E+00
  2.978E-06  2.515E-05  1.849E-05  0.000E+00  0.000E+00  7.209E-06  3.001E-05  2.053E-05  4.801E-05  5.032E-05
  2.387E-05  2.512E-05  1.633E-05  2.562E-05  3.072E-05  1.677E-05  2.172E-05  2.504E-05  2.746E-05  4.691E-05
  3.141E-05  4.674E-05  5.007E-05  5.006E-05  5.005E-05  5.005E-05  5.005E-05  5.004E-05  5.004E-05  5.004E-05
  5.005E-05  5.005E-05  5.005E-05  4.060E-05  3.807E-05  2.969E-05  2.503E-05  2.504E-05  1.505E-05  2.199E-05
  2.506E-05  2.369E-05  1.874E-05  2.510E-05  3.057E-05  5.027E-05  3.345E-05  2.517E-05  1.531E-05  0.000E+00
  0.000E+00  2.356E-05  1.340E-05  0.000E+00  0.000E+00  0.000E+00  0.000E+00  0.000E+00  0.000E+00  0.000E+00
  0.000E+00  0.000E+00  0.000E+00  0.000E+00  0.000E+00  0.000E+00  0.000E+00  0.000E+00  0.000E+00  0.000E+00
  0.000E+00  0.000E+00  0.000E+00  0.000E+00  0.000E+00  0.000E+00  0.000E+00  0.000E+00  0.000E+00  0.000E+00
  0.000E+00  0.000E+00  0.000E+00  0.000E+00  0.000E+00  0.000E+00  0.000E+00  0.000E+00  0.000E+00  1.500E-05
  0.000E+00  0.000E+00  0.000E+00  0.000E+00  0.000E+00  0.000E+00  0.000E+00  0.000E+00  0.000E+00  0.000E+00
  0.000E+00  0.000E+00  0.000E+00  0.000E+00  0.000E+00  0.000E+00  0.000E+00  0.000E+00  0.000E+00  0.000E+00
  0.000E+00  0.000E+00  0.000E+00  0.000E+00  0.000E+00  0.000E+00  0.000E+00  0.000E+00  0.000E+00  0.000E+00
  0.000E+00  0.000E+00  0.000E+00  0.000E+00  0.000E+00  0.000E+00  0.000E+00  0.000E+00  0.000E+00  0.000E+00
  0.000E+00  0.000E+00  0.000E+00  0.000E+00  0.000E+00  0.000E+00  0.000E+00  0.000E+00  0.000E+00  0.000E+00
  0.000E+00  0.000E+00  0.000E+00  0.000E+00  0.000E+00  0.000E+00  9.466E-06  2.501E-05  2.501E-05  2.501E-05
  2.502E-05  2.502E-05  6.933E-06  0.000E+00  0.000E+00  0.000E+00  0.000E+00  0.000E+00  0.000E+00  0.000E+00
  1.831E-05  2.506E-05  2.507E-05  2.447E-05  2.508E-05  1.584E-05  6.838E-06  2.509E-05  2.493E-05  0.000E+00
  0.000E+00  1.678E-05  5.025E-05  3.381E-05  1.406E-05  2.514E-05  8.409E-06  0.000E+00  5.748E-06  0.000E+00
  0.000E+00  0.000E+00  1.218E-05  5.037E-05  7.703E-05  1.025E-04  5.734E-05  2.484E-05  1.537E-05  2.330E-05
  0.000E+00  2.215E-05  1.726E-05  0.000E+00  0.000E+00  1.047E-05  2.518E-05  6.581E-06  0.000E+00  0.000E+00
  0.000E+00  0.000E+00  6.656E-06  2.515E-05  1.481E-05  7.990E-06  0.000E+00  4.609E-06  2.514E-05  2.001E-05
  4.588E-05  5.028E-05  2.649E-05  3.130E-05  2.509E-05  1.230E-05  2.505E-05  2.504E-05  4.108E-05  9.980E-06
  1.863E-05  2.501E-05  2.501E-05  2.501E-05  2.500E-05  2.500E-05  2.500E-05  2.500E-05  2.500E-05  2.500E-05
  2.500E-05  2.501E-05  2.501E-05  2.501E-05  1.197E-05  1.519E-05  2.503E-05  2.504E-05  2.505E-05  1.333E-05
  2.507E-05  2.508E-05  3.317E-05  5.022E-05  3.285E-05  2.477E-05  2.233E-05  0.000E+00  0.000E+00  1.014E-05
  2.523E-05  1.670E-06  0.000E+00  0.000E+00  0.000E+00  0.000E+00  0.000E+00  0.000E+00  0.000E+00  0.000E+00
  0.000E+00  0.000E+00  0.000E+00  0.000E+00  0.000E+00  0.000E+00  0.000E+00  0.000E+00  0.000E+00  0.000E+00
  0.000E+00  0.000E+00  0.000E+00  0.000E+00  0.000E+00  0.000E+00  0.000E+00  0.000E+00  0.000E+00  0.000E+00
  0.000E+00  0.000E+00  0.000E+00  0.000E+00  0.000E+00  0.000E+00  0.000E+00  0.000E+00  0.000E+00  0.000E+00
  0.000E+00  0.000E+00  0.000E+00  0.000E+00  0.000E+00  0.000E+00  0.000E+00  0.000E+00  0.000E+00  0.000E+00
  0.000E+00  0.000E+00  0.000E+00  0.000E+00  0.000E+00  0.000E+00  0.000E+00  0.000E+00  0.000E+00  0.000E+00
  0.000E+00  0.000E+00  0.000E+00  0.000E+00  0.000E+00  0.000E+00  0.000E+00  0.000E+00  0.000E+00  0.000E+00
  0.000E+00  0.000E+00  0.000E+00  0.000E+00  0.000E+00  0.000E+00  0.000E+00  0.000E+00  0.000E+00  0.000E+00
  0.000E+00  0.000E+00  0.000E+00  0.000E+00  0.000E+00  0.000E+00  0.000E+00  0.000E+00  0.000E+00  0.000E+00
  0.000E+00  0.000E+00  0.000E+00  0.000E+00  0.000E+00  0.000E+00  0.000E+00  0.000E+00  0.000E+00  0.000E+00
  0.000E+00  0.000E+00  1.809E-05  2.503E-05  2.503E-05  2.504E-05  8.574E-06  0.000E+00  0.000E+00  0.000E+00
  0.000E+00  0.000E+00  0.000E+00  2.327E-05  2.508E-05  2.297E-05  2.509E-05  2.300E-05  1.752E-07  2.511E-05
  2.512E-05  1.875E-06  0.000E+00  1.645E-05  5.029E-05  2.759E-05  1.674E-05  2.986E-05  3.995E-06  0.000E+00
  0.000E+00  0.000E+00  0.000E+00  0.000E+00  3.015E-05  5.264E-05  9.290E-05  8.323E-05  4.359E-05  9.932E-06
  2.526E-05  1.060E-05  7.951E-06  2.521E-05  6.247E-06  0.000E+00  0.000E+00  1.860E-05  2.363E-05  0.000E+00
  0.000E+00  0.000E+00  0.000E+00  0.000E+00  1.033E-05  3.314E-05  1.113E-05  0.000E+00  0.000E+00  5.127E-06
  2.513E-05  2.203E-05  3.638E-05  5.643E-05  4.109E-05  2.105E-05  2.507E-05  3.190E-05  2.357E-05  1.504E-05
  2.502E-05  2.501E-05  2.501E-05  2.501E-05  2.500E-05  2.500E-05  2.500E-05  2.500E-05  2.500E-05  2.500E-05
  2.500E-05  2.501E-05  2.501E-05  2.501E-05  2.502E-05  9.834E-06  2.038E-05  2.505E-05  2.506E-05  1.927E-05
  4.953E-05  5.018E-05  2.501E-05  2.511E-05  2.513E-05  3.746E-07  0.000E+00  0.000E+00  2.364E-05  1.508E-05
  0.000E+00  0.000E+00  0.000E+00  0.000E+00  0.000E+00  0.000E+00  0.000E+00  0.000E+00  0.000E+00  0.000E+00
  0.000E+00  0.000E+00  0.000E+00  0.000E+00  0.000E+00  0.000E+00  0.000E+00  0.000E+00  0.000E+00  0.000E+00
  0.000E+00  0.000E+00  0.000E+00  0.000E+00  0.000E+00  0.000E+00  0.000E+00  0.000E+00  0.000E+00  0.000E+00
  0.000E+00  0.000E+00  0.000E+00  0.000E+00  0.000E+00  0.000E+00  0.000E+00  0.000E+00  0.000E+00  0.000E+00
  0.000E+00  0.000E+00  0.000E+00  0.000E+00  0.000E+00  0.000E+00  0.000E+00  0.000E+00  0.000E+00  0.000E+00
  0.000E+00  0.000E+00  0.000E+00  0.000E+00  0.000E+00  0.000E+00  0.000E+00  0.000E+00  0.000E+00  0.000E+00
  0.000E+00  0.000E+00  0.000E+00  0.000E+00  0.000E+00  0.000E+00  0.000E+00  0.000E+00  0.000E+00  0.000E+00
  0.000E+00  0.000E+00  0.000E+00  0.000E+00  0.000E+00  0.000E+00  0.000E+00  0.000E+00  0.000E+00  0.000E+00
  0.000E+00  0.000E+00  0.000E+00  0.000E+00  0.000E+00  0.000E+00  0.000E+00  0.000E+00  0.000E+00  0.000E+00
  0.000E+00  0.000E+00  0.000E+00  0.000E+00  0.000E+00  0.000E+00  0.000E+00  0.000E+00  0.000E+00  0.000E+00
  0.000E+00  0.000E+00  0.000E+00  0.000E+00  0.000E+00  0.000E+00  1.647E-05  2.505E-05  2.505E-05  1.355E-05
  0.000E+00  0.000E+00  0.000E+00  0.000E+00  0.000E+00  1.137E-05  2.510E-05  2.174E-05  2.511E-05  2.512E-05
  2.171E-07  2.325E-05  2.514E-05  1.976E-07  0.000E+00  2.272E-05  5.033E-05  2.153E-05  2.223E-05  2.023E-05
  0.000E+00  0.000E+00  0.000E+00  0.000E+00  0.000E+00  6.289E-06  4.561E-05  6.727E-05  1.006E-04  5.534E-05
  2.316E-05  1.466E-05  2.316E-05  0.000E+00  1.896E-05  2.045E-05  0.000E+00  0.000E+00  1.543E-06  2.518E-05
  1.551E-05  0.000E+00  0.000E+00  0.000E+00  0.000E+00  7.990E-06  1.401E-05  2.515E-05  7.456E-06  0.000E+00
  0.000E+00  3.093E-06  2.511E-05  3.129E-05  1.570E-05  5.018E-05  5.016E-05  6.404E-05  1.351E-05  2.504E-05
  2.504E-05  2.503E-05  2.502E-05  2.502E-05  2.018E-05  0.000E+00  0.000E+00  0.000E+00  0.000E+00  1.361E-06
  2.501E-05  2.502E-05  2.502E-05  2.502E-05  2.503E-05  2.503E-05  1.760E-05  5.011E-05  5.012E-05  4.567E-05
  1.193E-05  2.509E-05  2.347E-05  0.000E+00  0.000E+00  0.000E+00  1.472E-05  2.519E-05  1.570E-06  0.000E+00
  0.000E+00  0.000E+00  0.000E+00  0.000E+00  0.000E+00  0.000E+00  0.000E+00  0.000E+00  0.000E+00  0.000E+00
  0.000E+00  0.000E+00  0.000E+00  0.000E+00  0.000E+00  0.000E+00  0.000E+00  0.000E+00  0.000E+00  0.000E+00
  0.000E+00  0.000E+00  0.000E+00  0.000E+00  0.000E+00  0.000E+00  0.000E+00  0.000E+00  0.000E+00  0.000E+00
  0.000E+00  0.000E+00  0.000E+00  0.000E+00  0.000E+00  0.000E+00  0.000E+00  0.000E+00  0.000E+00  0.000E+00
  0.000E+00  0.000E+00  0.000E+00  0.000E+00  0.000E+00  0.000E+00  0.000E+00  0.000E+00  0.000E+00  0.000E+00
  0.000E+00  0.000E+00  0.000E+00  0.000E+00  0.000E+00  0.000E+00  0.000E+00  0.000E+00  0.000E+00  0.000E+00
  0.000E+00  0.000E+00  0.000E+00  0.000E+00  0.000E+00  0.000E+00  0.000E+00  0.000E+00  0.000E+00  0.000E+00
  0.000E+00  0.000E+00  0.000E+00  0.000E+00  0.000E+00  0.000E+00  0.000E+00  0.000E+00  0.000E+00  0.000E+00
  0.000E+00  0.000E+00  0.000E+00  0.000E+00  0.000E+00  0.000E+00  0.000E+00  0.000E+00  0.000E+00  0.000E+00
  0.000E+00  0.000E+00  0.000E+00  0.000E+00  0.000E+00  0.000E+00  0.000E+00  0.000E+00  0.000E+00  0.000E+00
  0.000E+00  0.000E+00  0.000E+00  0.000E+00  0.000E+00  0.000E+00  0.000E+00  0.000E+00  0.000E+00  1.151E-05
  2.506E-05  2.507E-05  6.429E-06  0.000E+00  0.000E+00  0.000E+00  0.000E+00  5.470E-06  2.512E-05  2.092E-05
  2.491E-05  2.382E-05  0.000E+00  2.495E-05  2.058E-05  0.000E+00  0.000E+00  4.032E-05  4.524E-05  9.234E-06
  2.519E-05  1.024E-05  0.000E+00  0.000E+00  0.000E+00  0.000E+00  0.000E+00  2.655E-05  5.028E-05  9.165E-05
  7.540E-05  3.984E-05  7.693E-06  2.526E-05  1.045E-05  4.765E-06  2.521E-05  9.433E-06  0.000E+00  0.000E+00
  9.667E-06  2.518E-05  7.387E-06  0.000E+00  2.979E-06  5.011E-06  0.000E+00  0.000E+00  1.769E-05  2.515E-05
  3.813E-06  0.000E+00  0.000E+00  6.200E-06  1.849E-05  2.507E-05  3.732E-05  1.124E-05  4.751E-05  5.010E-05
  5.009E-05  5.008E-05  4.553E-05  7.839E-06  4.841E-06  2.501E-05  2.501E-05  2.501E-05  2.501E-05  2.365E-05
  0.000E+00  1.619E-05  5.005E-05  5.006E-05  5.007E-05  5.008E-05  3.715E-05  8.884E-06  2.506E-05  2.507E-05
  1.378E-05  0.000E+00  0.000E+00  0.000E+00  9.419E-06  2.516E-05  1.045E-05  0.000E+00  0.000E+00  0.000E+00
  0.000E+00  0.000E+00  0.000E+00  0.000E+00  0.000E+00  0.000E+00  0.000E+00  0.000E+00  0.000E+00  0.000E+00
  0.000E+00  0.000E+00  0.000E+00  0.000E+00  0.000E+00  0.000E+00  0.000E+00  0.000E+00  0.000E+00  0.000E+00
  0.000E+00  0.000E+00  0.000E+00  0.000E+00  0.000E+00  0.000E+00  0.000E+00  0.000E+00  0.000E+00  0.000E+00
  0.000E+00  0.000E+00  0.000E+00  0.000E+00  0.000E+00  0.000E+00  0.000E+00  0.000E+00  0.000E+00  0.000E+00
  0.000E+00  0.000E+00  0.000E+00  0.000E+00  0.000E+00  0.000E+00  0.000E+00  0.000E+00  0.000E+00  0.000E+00
  0.000E+00  0.000E+00  0.000E+00  0.000E+00  0.000E+00  0.000E+00  0.000E+00  0.000E+00  0.000E+00  0.000E+00
  0.000E+00  0.000E+00  0.000E+00  0.000E+00  0.000E+00  0.000E+00  0.000E+00  0.000E+00  0.000E+00  0.000E+00
  0.000E+00  0.000E+00  0.000E+00  0.000E+00  0.000E+00  0.000E+00  0.000E+00  0.000E+00  0.000E+00  0.000E+00
  0.000E+00  0.000E+00  0.000E+00  0.000E+00  0.000E+00  0.000E+00  0.000E+00  0.000E+00  0.000E+00  0.000E+00
  0.000E+00  0.000E+00  0.000E+00  0.000E+00  0.000E+00  0.000E+00  0.000E+00  0.000E+00  0.000E+00  0.000E+00
  0.000E+00  0.000E+00  0.000E+00  0.000E+00  0.000E+00  0.000E+00  0.000E+00  0.000E+00  0.000E+00  0.000E+00
  0.000E+00  0.000E+00  1.865E-05  2.509E-05  1.636E-05  0.000E+00  0.000E+00  0.000E+00  0.000E+00  4.207E-06
  2.514E-05  1.980E-05  2.515E-05  1.910E-05  4.583E-06  2.517E-05  1.318E-05  5.748E-06  5.141E-06  4.612E-05
  2.872E-05  1.496E-05  2.359E-05  0.000E+00  0.000E+00  0.000E+00  0.000E+00  0.000E+00  7.580E-06  4.715E-05
  6.858E-05  9.137E-05  5.359E-05  1.716E-05  1.481E-05  2.301E-05  0.000E+00  1.578E-05  2.363E-05  0.000E+00
  0.000E+00  0.000E+00  1.779E-05  2.444E-05  7.990E-06  0.000E+00  0.000E+00  0.000E+00  0.000E+00  0.000E+00
  2.133E-05  2.512E-05  3.397E-06  6.200E-06  0.000E+00  1.524E-06  1.548E-05  2.089E-05  2.504E-05  2.504E-05
  2.503E-05  7.158E-06  4.534E-06  4.222E-05  5.005E-05  5.004E-05  5.004E-05  5.004E-05  5.004E-05  5.004E-05
  5.004E-05  3.386E-05  0.000E+00  1.185E-05  2.503E-05  2.503E-05  2.504E-05  1.617E-05  0.000E+00  0.000E+00
  0.000E+00  0.000E+00  8.994E-06  2.513E-05  1.572E-05  0.000E+00  0.000E+00  0.000E+00  0.000E+00  0.000E+00
  0.000E+00  0.000E+00  0.000E+00  0.000E+00  0.000E+00  0.000E+00  0.000E+00  0.000E+00  0.000E+00  0.000E+00
  0.000E+00  0.000E+00  0.000E+00  0.000E+00  0.000E+00  0.000E+00  0.000E+00  0.000E+00  0.000E+00  0.000E+00
  0.000E+00  0.000E+00  0.000E+00  0.000E+00  0.000E+00  0.000E+00  0.000E+00  0.000E+00  0.000E+00  0.000E+00
  0.000E+00  0.000E+00  0.000E+00  0.000E+00  0.000E+00  0.000E+00  0.000E+00  0.000E+00  0.000E+00  0.000E+00
  0.000E+00  0.000E+00  0.000E+00  0.000E+00  0.000E+00  0.000E+00  0.000E+00  0.000E+00  0.000E+00  0.000E+00
  0.000E+00  0.000E+00  0.000E+00  0.000E+00  0.000E+00  0.000E+00  0.000E+00  0.000E+00  0.000E+00  0.000E+00
  0.000E+00  0.000E+00  0.000E+00  0.000E+00  0.000E+00  0.000E+00  0.000E+00  0.000E+00  0.000E+00  0.000E+00
  0.000E+00  0.000E+00  0.000E+00  0.000E+00  0.000E+00  0.000E+00  0.000E+00  0.000E+00  0.000E+00  0.000E+00
  0.000E+00  0.000E+00  0.000E+00  0.000E+00  0.000E+00  0.000E+00  0.000E+00  0.000E+00  0.000E+00  0.000E+00
  0.000E+00  0.000E+00  0.000E+00  0.000E+00  0.000E+00  0.000E+00  0.000E+00  0.000E+00  0.000E+00  0.000E+00
  0.000E+00  0.000E+00  0.000E+00  0.000E+00  0.000E+00  0.000E+00  0.000E+00  0.000E+00  0.000E+00  0.000E+00
  0.000E+00  0.000E+00  0.000E+00  0.000E+00  8.734E-06  2.510E-05  2.047E-05  0.000E+00  0.000E+00  0.000E+00
  0.000E+00  6.668E-06  2.516E-05  1.900E-05  2.517E-05  1.169E-05  1.200E-05  3.094E-05  3.503E-06  0.000E+00
  2.170E-05  4.796E-05  8.311E-06  2.523E-05  1.007E-05  0.000E+00  0.000E+00  0.000E+00  0.000E+00  0.000E+00
  3.503E-05  5.483E-05  9.246E-05  6.288E-05  3.639E-05  5.293E-06  2.526E-05  1.031E-05  1.579E-06  2.521E-05
  1.262E-05  0.000E+00  0.000E+00  7.370E-07  3.317E-05  1.632E-05  0.000E+00  0.000E+00  0.000E+00  0.000E+00
  0.000E+00  0.000E+00  2.171E-05  3.130E-05  1.006E-05  1.730E-05  0.000E+00  0.000E+00  0.000E+00  0.000E+00
  0.000E+00  1.787E-05  2.502E-05  2.501E-05  2.501E-05  2.501E-05  2.501E-05  2.501E-05  2.501E-05  2.501E-05
  2.501E-05  2.501E-05  2.502E-05  1.317E-05  0.000E+00  0.000E+00  0.000E+00  0.000E+00  0.000E+00  0.000E+00
  1.565E-05  2.510E-05  1.612E-05  0.000E+00  0.000E+00  0.000E+00  0.000E+00  0.000E+00  0.000E+00  0.000E+00
  0.000E+00  0.000E+00  0.000E+00  0.000E+00  0.000E+00  0.000E+00  0.000E+00  0.000E+00  0.000E+00  0.000E+00
  0.000E+00  0.000E+00  0.000E+00  0.000E+00  0.000E+00  0.000E+00  0.000E+00  0.000E+00  0.000E+00  0.000E+00
  0.000E+00  0.000E+00  0.000E+00  0.000E+00  0.000E+00  0.000E+00  0.000E+00  0.000E+00  0.000E+00  0.000E+00
  0.000E+00  0.000E+00  0.000E+00  0.000E+00  0.000E+00  0.000E+00  0.000E+00  0.000E+00  0.000E+00  0.000E+00
  0.000E+00  0.000E+00  0.000E+00  0.000E+00  0.000E+00  0.000E+00  0.000E+00  0.000E+00  0.000E+00  0.000E+00
  0.000E+00  0.000E+00  0.000E+00  0.000E+00  0.000E+00  0.000E+00  0.000E+00  0.000E+00  0.000E+00  0.000E+00
  0.000E+00  0.000E+00  0.000E+00  0.000E+00  0.000E+00  0.000E+00  0.000E+00  0.000E+00  0.000E+00  0.000E+00
  0.000E+00  0.000E+00  0.000E+00  0.000E+00  0.000E+00  0.000E+00  0.000E+00  0.000E+00  0.000E+00  0.000E+00
  0.000E+00  0.000E+00  0.000E+00  0.000E+00  0.000E+00  0.000E+00  0.000E+00  0.000E+00  0.000E+00  0.000E+00
  0.000E+00  0.000E+00  0.000E+00  0.000E+00  0.000E+00  0.000E+00  0.000E+00  0.000E+00  0.000E+00  0.000E+00
  0.000E+00  0.000E+00  0.000E+00  0.000E+00  0.000E+00  0.000E+00  0.000E+00  0.000E+00  0.000E+00  0.000E+00
  0.000E+00  0.000E+00  0.000E+00  0.000E+00  0.000E+00  0.000E+00  4.642E-06  2.512E-05  2.009E-05  0.000E+00
  0.000E+00  0.000E+00  0.000E+00  1.223E-05  2.518E-05  1.828E-05  2.519E-05  7.695E-06  2.170E-05  1.704E-05
  0.000E+00  2.492E-06  4.379E-05  2.682E-05  1.518E-05  2.028E-05  0.000E+00  0.000E+00  0.000E+00  0.000E+00
  0.000E+00  1.613E-05  4.611E-05  7.879E-05  8.044E-05  4.873E-05  1.442E-05  1.496E-05  2.287E-05  0.000E+00
  1.259E-05  2.521E-05  1.607E-06  0.000E+00  7.990E-06  8.861E-06  2.518E-05  8.193E-06  0.000E+00  0.000E+00
  0.000E+00  0.000E+00  0.000E+00  6.200E-06  2.380E-05  3.391E-05  2.506E-05  3.389E-06  0.000E+00  0.000E+00
  0.000E+00  0.000E+00  0.000E+00  0.000E+00  0.000E+00  0.000E+00  0.000E+00  0.000E+00  0.000E+00  0.000E+00
  0.000E+00  0.000E+00  0.000E+00  0.000E+00  0.000E+00  0.000E+00  0.000E+00  8.971E-06  2.506E-05  2.507E-05
  9.436E-06  0.000E+00  0.000E+00  0.000E+00  0.000E+00  0.000E+00  0.000E+00  0.000E+00  0.000E+00  0.000E+00
  0.000E+00  0.000E+00  0.000E+00  0.000E+00  0.000E+00  0.000E+00  0.000E+00  0.000E+00  0.000E+00  0.000E+00
  0.000E+00  0.000E+00  0.000E+00  0.000E+00  0.000E+00  0.000E+00  0.000E+00  0.000E+00  0.000E+00  0.000E+00
  0.000E+00  0.000E+00  0.000E+00  0.000E+00  0.000E+00  0.000E+00  0.000E+00  0.000E+00  0.000E+00  0.000E+00
  0.000E+00  0.000E+00  0.000E+00  0.000E+00  0.000E+00  0.000E+00  0.000E+00  0.000E+00  0.000E+00  0.000E+00
  0.000E+00  0.000E+00  0.000E+00  0.000E+00  0.000E+00  0.000E+00  0.000E+00  0.000E+00  0.000E+00  0.000E+00
  0.000E+00  0.000E+00  0.000E+00  0.000E+00  0.000E+00  0.000E+00  0.000E+00  0.000E+00  0.000E+00  0.000E+00
  0.000E+00  0.000E+00  0.000E+00  0.000E+00  0.000E+00  0.000E+00  0.000E+00  0.000E+00  0.000E+00  0.000E+00
  0.000E+00  0.000E+00  0.000E+00  0.000E+00  0.000E+00  0.000E+00  0.000E+00  0.000E+00  0.000E+00  0.000E+00
  0.000E+00  0.000E+00  0.000E+00  0.000E+00  0.000E+00  0.000E+00  0.000E+00  0.000E+00  0.000E+00  0.000E+00
  0.000E+00  0.000E+00  0.000E+00  0.000E+00  0.000E+00  0.000E+00  0.000E+00  0.000E+00  0.000E+00  0.000E+00
  0.000E+00  0.000E+00  0.000E+00  0.000E+00  0.000E+00  0.000E+00  0.000E+00  0.000E+00  0.000E+00  0.000E+00
  0.000E+00  0.000E+00  0.000E+00  0.000E+00  0.000E+00  0.000E+00  0.000E+00  0.000E+00  5.047E-06  2.515E-05
  1.609E-05  0.000E+00  0.000E+00  0.000E+00  0.000E+00  2.041E-05  1.958E-05  2.901E-05  1.539E-05  8.178E-06
  2.523E-05  3.604E-06  0.000E+00  2.369E-05  4.403E-05  7.471E-06  2.528E-05  3.868E-06  0.000E+00  0.000E+00
  0.000E+00  0.000E+00  4.429E-06  4.334E-05  5.646E-05  9.454E-05  5.241E-05  3.294E-05  2.894E-06  2.526E-05
  1.016E-05  0.000E+00  2.360E-05  1.865E-05  5.149E-06  0.000E+00  0.000E+00  1.698E-05  2.518E-05  6.880E-08
  0.000E+00  0.000E+00  3.682E-06  2.518E-06  1.796E-05  0.000E+00  0.000E+00  2.166E-05  2.504E-05  2.503E-05
  2.267E-05  0.000E+00  0.000E+00  0.000E+00  0.000E+00  0.000E+00  0.000E+00  0.000E+00  0.000E+00  0.000E+00
  0.000E+00  0.000E+00  0.000E+00  3.214E-06  2.503E-05  2.503E-05  2.504E-05  1.608E-05  0.000E+00  0.000E+00
  0.000E+00  0.000E+00  0.000E+00  0.000E+00  0.000E+00  0.000E+00  0.000E+00  0.000E+00  0.000E+00  0.000E+00
  0.000E+00  0.000E+00  0.000E+00  0.000E+00  0.000E+00  0.000E+00  0.000E+00  0.000E+00  0.000E+00  0.000E+00
  0.000E+00  0.000E+00  0.000E+00  0.000E+00  0.000E+00  0.000E+00  0.000E+00  0.000E+00  0.000E+00  0.000E+00
  0.000E+00  0.000E+00  0.000E+00  0.000E+00  0.000E+00  0.000E+00  0.000E+00  0.000E+00  0.000E+00  0.000E+00
  0.000E+00  0.000E+00  0.000E+00  0.000E+00  0.000E+00  0.000E+00  0.000E+00  0.000E+00  0.000E+00  0.000E+00
  0.000E+00  0.000E+00  0.000E+00  0.000E+00  0.000E+00  0.000E+00  0.000E+00  0.000E+00  0.000E+00  0.000E+00
  0.000E+00  0.000E+00  0.000E+00  0.000E+00  0.000E+00  0.000E+00  0.000E+00  0.000E+00  0.000E+00  0.000E+00
  0.000E+00  0.000E+00  0.000E+00  0.000E+00  0.000E+00  0.000E+00  0.000E+00  0.000E+00  0.000E+00  0.000E+00
  0.000E+00  0.000E+00  0.000E+00  0.000E+00  0.000E+00  0.000E+00  0.000E+00  0.000E+00  0.000E+00  0.000E+00
  0.000E+00  0.000E+00  0.000E+00  0.000E+00  0.000E+00  0.000E+00  0.000E+00  0.000E+00  0.000E+00  0.000E+00
  0.000E+00  0.000E+00  0.000E+00  0.000E+00  0.000E+00  0.000E+00  0.000E+00  0.000E+00  0.000E+00  0.000E+00
  0.000E+00  0.000E+00  0.000E+00  0.000E+00  0.000E+00  0.000E+00  0.000E+00  0.000E+00  0.000E+00  0.000E+00
  0.000E+00  0.000E+00  0.000E+00  0.000E+00  0.000E+00  0.000E+00  0.000E+00  0.000E+00  0.000E+00  0.000E+00
  9.067E-06  2.517E-05  9.105E-06  0.000E+00  0.000E+00  0.000E+00  5.632E-06  3.097E-05  1.704E-05  2.524E-05
  1.842E-06  2.164E-05  1.383E-05  0.000E+00  6.507E-06  4.808E-05  1.299E-05  2.142E-05  1.150E-05  0.000E+00
  0.000E+00  0.000E+00  0.000E+00  0.000E+00  2.888E-05  4.473E-05  8.595E-05  6.952E-05  4.368E-05  1.187E-05
  1.510E-05  2.272E-05  0.000E+00  1.740E-05  2.521E-05  4.793E-06  0.000E+00  0.000E+00  0.000E+00  2.511E-05
  1.753E-05  0.000E+00  6.200E-06  1.749E-05  8.442E-07  0.000E+00  0.000E+00  0.000E+00  0.000E+00  0.000E+00
  2.357E-06  2.502E-05  2.501E-05  2.501E-05  2.501E-05  2.500E-05  2.500E-05  2.500E-05  2.500E-05  2.500E-05
  2.501E-05  2.501E-05  2.501E-05  2.181E-05  0.000E+00  0.000E+00  0.000E+00  0.000E+00  0.000E+00  0.000E+00
  0.000E+00  0.000E+00  0.000E+00  0.000E+00  0.000E+00  0.000E+00  0.000E+00  0.000E+00  0.000E+00  0.000E+00
  0.000E+00  0.000E+00  0.000E+00  0.000E+00  0.000E+00  0.000E+00  0.000E+00  0.000E+00  0.000E+00  0.000E+00
  0.000E+00  0.000E+00  0.000E+00  0.000E+00  0.000E+00  0.000E+00  0.000E+00  0.000E+00  0.000E+00  0.000E+00
  0.000E+00  0.000E+00  0.000E+00  0.000E+00  0.000E+00  0.000E+00  0.000E+00  0.000E+00  0.000E+00  0.000E+00
  0.000E+00  0.000E+00  0.000E+00  0.000E+00  0.000E+00  0.000E+00  0.000E+00  0.000E+00  0.000E+00  0.000E+00
  0.000E+00  0.000E+00  0.000E+00  0.000E+00  0.000E+00  0.000E+00  0.000E+00  0.000E+00  0.000E+00  0.000E+00
  0.000E+00  0.000E+00  0.000E+00  0.000E+00  0.000E+00  0.000E+00  0.000E+00  0.000E+00  0.000E+00  0.000E+00
  0.000E+00  0.000E+00  0.000E+00  0.000E+00  0.000E+00  0.000E+00  0.000E+00  0.000E+00  0.000E+00  0.000E+00
  0.000E+00  0.000E+00  0.000E+00  0.000E+00  0.000E+00  0.000E+00  0.000E+00  0.000E+00  0.000E+00  0.000E+00
  0.000E+00  0.000E+00  0.000E+00  0.000E+00  0.000E+00  0.000E+00  0.000E+00  0.000E+00  0.000E+00  0.000E+00
  0.000E+00  0.000E+00  0.000E+00  0.000E+00  0.000E+00  0.000E+00  0.000E+00  0.000E+00  0.000E+00  0.000E+00
  0.000E+00  0.000E+00  0.000E+00  0.000E+00  0.000E+00  0.000E+00  0.000E+00  0.000E+00  0.000E+00  0.000E+00
  0.000E+00  0.000E+00  0.000E+00  0.000E+00  0.000E+00  0.000E+00  0.000E+00  0.000E+00  0.000E+00  0.000E+00
  0.000E+00  0.000E+00  1.608E-05  2.478E-05  0.000E+00  0.000E+00  0.000E+00  5.748E-06  1.803E-05  1.833E-05
  2.341E-05  1.194E-05  1.143E-05  2.267E-05  0.000E+00  0.000E+00  3.761E-05  2.758E-05  1.381E-05  1.800E-05
  0.000E+00  0.000E+00  0.000E+00  0.000E+00  0.000E+00  1.113E-05  4.755E-05  5.994E-05  8.898E-05  4.959E-05
  2.743E-05  2.546E-06  2.526E-05  1.800E-05  0.000E+00  2.042E-05  1.899E-05  0.000E+00  0.000E+00  0.000E+00
  7.633E-06  2.515E-05  2.861E-05  1.002E-05  0.000E+00  0.000E+00  0.000E+00  0.000E+00  0.000E+00  0.000E+00
  0.000E+00  0.000E+00  0.000E+00  0.000E+00  0.000E+00  0.000E+00  0.000E+00  0.000E+00  0.000E+00  0.000E+00
  0.000E+00  0.000E+00  0.000E+00  0.000E+00  0.000E+00  0.000E+00  0.000E+00  0.000E+00  0.000E+00  0.000E+00
  0.000E+00  0.000E+00  0.000E+00  0.000E+00  0.000E+00  0.000E+00  0.000E+00  0.000E+00  0.000E+00  0.000E+00
  0.000E+00  0.000E+00  0.000E+00  0.000E+00  0.000E+00  0.000E+00  0.000E+00  0.000E+00  0.000E+00  0.000E+00
  0.000E+00  0.000E+00  0.000E+00  0.000E+00  0.000E+00  0.000E+00  0.000E+00  0.000E+00  0.000E+00  0.000E+00
  0.000E+00  0.000E+00  0.000E+00  0.000E+00  0.000E+00  0.000E+00  0.000E+00  0.000E+00  0.000E+00  0.000E+00
  0.000E+00  0.000E+00  0.000E+00  0.000E+00  0.000E+00  0.000E+00  0.000E+00  0.000E+00  0.000E+00  0.000E+00
  0.000E+00  0.000E+00  0.000E+00  0.000E+00  0.000E+00  0.000E+00  0.000E+00  0.000E+00  0.000E+00  0.000E+00
  0.000E+00  0.000E+00  0.000E+00  0.000E+00  0.000E+00  0.000E+00  0.000E+00  0.000E+00  0.000E+00  0.000E+00
  0.000E+00  0.000E+00  0.000E+00  0.000E+00  0.000E+00  0.000E+00  0.000E+00  0.000E+00  0.000E+00  0.000E+00
  0.000E+00  0.000E+00  0.000E+00  0.000E+00  0.000E+00  0.000E+00  0.000E+00  0.000E+00  0.000E+00  0.000E+00
  0.000E+00  0.000E+00  0.000E+00  0.000E+00  0.000E+00  0.000E+00  0.000E+00  0.000E+00  0.000E+00  0.000E+00
  0.000E+00  0.000E+00  0.000E+00  0.000E+00  0.000E+00  0.000E+00  0.000E+00  0.000E+00  0.000E+00  0.000E+00
  0.000E+00  0.000E+00  0.000E+00  0.000E+00  0.000E+00  0.000E+00  0.000E+00  0.000E+00  0.000E+00  0.000E+00
  0.000E+00  0.000E+00  0.000E+00  0.000E+00  0.000E+00  0.000E+00  0.000E+00  0.000E+00  0.000E+00  0.000E+00
  0.000E+00  0.000E+00  0.000E+00  4.143E-07  1.602E-05  0.000E+00  0.000E+00  3.783E-06  0.000E+00  6.933E-06
  9.489E-06  1.334E-05  3.081E-06  2.608E-06  1.382E-05  0.000E+00  0.000E+00  2.306E-05  9.801E-06  7.321E-06
  9.108E-06  0.000E+00  0.000E+00  0.000E+00  0.000E+00  0.000E+00  1.840E-06  2.907E-05  2.056E-05  4.502E-05
  2.053E-05  1.438E-05  4.810E-06  1.322E-05  0.000E+00  0.000E+00  6.220E-06  1.021E-05  0.000E+00  0.000E+00
  0.000E+00  0.000E+00  1.105E-05  0.000E+00  0.000E+00  0.000E+00  0.000E+00  0.000E+00  0.000E+00  0.000E+00
  0.000E+00  0.000E+00  0.000E+00  0.000E+00  0.000E+00  0.000E+00  0.000E+00  0.000E+00  0.000E+00  0.000E+00
  0.000E+00  0.000E+00  0.000E+00  0.000E+00  0.000E+00  0.000E+00  0.000E+00  0.000E+00  0.000E+00  0.000E+00
  0.000E+00  0.000E+00  0.000E+00  0.000E+00  0.000E+00  0.000E+00  0.000E+00  0.000E+00  0.000E+00  0.000E+00
  0.000E+00  0.000E+00  0.000E+00  0.000E+00  0.000E+00  0.000E+00  0.000E+00  0.000E+00  0.000E+00  0.000E+00
  0.000E+00  0.000E+00  0.000E+00  0.000E+00  0.000E+00  0.000E+00  0.000E+00  0.000E+00  0.000E+00  0.000E+00
  0.000E+00  0.000E+00  0.000E+00  0.000E+00  0.000E+00  0.000E+00  0.000E+00  0.000E+00  0.000E+00  0.000E+00
  0.000E+00  0.000E+00  0.000E+00  0.000E+00  0.000E+00  0.000E+00  0.000E+00  0.000E+00  0.000E+00  0.000E+00
  0.000E+00  0.000E+00  0.000E+00  0.000E+00  0.000E+00  0.000E+00  0.000E+00  0.000E+00  0.000E+00  0.000E+00
  0.000E+00  0.000E+00  0.000E+00  0.000E+00  0.000E+00  0.000E+00  0.000E+00  0.000E+00  0.000E+00  0.000E+00
  0.000E+00  0.000E+00  0.000E+00  0.000E+00  0.000E+00  0.000E+00  0.000E+00  0.000E+00  0.000E+00  0.000E+00
  0.000E+00  0.000E+00  0.000E+00  0.000E+00  0.000E+00  0.000E+00  0.000E+00  0.000E+00  0.000E+00  0.000E+00
  0.000E+00  0.000E+00  0.000E+00  0.000E+00  0.000E+00  0.000E+00  0.000E+00  0.000E+00  0.000E+00  0.000E+00
  0.000E+00  0.000E+00  0.000E+00  0.000E+00  0.000E+00  0.000E+00  0.000E+00  0.000E+00  0.000E+00  0.000E+00
  0.000E+00  0.000E+00  0.000E+00  0.000E+00  0.000E+00  0.000E+00  0.000E+00  0.000E+00  0.000E+00  0.000E+00
  0.000E+00  0.000E+00  0.000E+00  0.000E+00  0.000E+00  0.000E+00  0.000E+00  0.000E+00  0.000E+00  0.000E+00
  0.000E+00  0.000E+00  0.000E+00  0.000E+00  0.000E+00  0.000E+00  0.000E+00  0.000E+00  0.000E+00  0.000E+00
  0.000E+00  0.000E+00  0.000E+00  0.000E+00  0.000E+00  0.000E+00  0.000E+00  0.000E+00  0.000E+00  0.000E+00
  0.000E+00  0.000E+00  0.000E+00  0.000E+00  0.000E+00  0.000E+00  0.000E+00  0.000E+00  0.000E+00  0.000E+00
  0.000E+00  0.000E+00  3.848E-06  0.000E+00  0.000E+00  0.000E+00  0.000E+00  0.000E+00  0.000E+00  0.000E+00
  0.000E+00  0.000E+00  7.569E-06  1.418E-05  0.000E+00  0.000E+00  0.000E+00  0.000E+00  0.000E+00  0.000E+00
  0.000E+00  0.000E+00  0.000E+00  0.000E+00  0.000E+00  0.000E+00  0.000E+00  0.000E+00  0.000E+00  0.000E+00
  0.000E+00  0.000E+00  0.000E+00  0.000E+00  0.000E+00  0.000E+00  0.000E+00  0.000E+00  0.000E+00  0.000E+00
  0.000E+00  0.000E+00  0.000E+00  0.000E+00  0.000E+00  0.000E+00  0.000E+00  0.000E+00  0.000E+00  0.000E+00
  0.000E+00  0.000E+00  0.000E+00  0.000E+00  0.000E+00  0.000E+00  0.000E+00  0.000E+00  0.000E+00  0.000E+00
  0.000E+00  0.000E+00  0.000E+00  0.000E+00  0.000E+00  0.000E+00  0.000E+00  0.000E+00  0.000E+00  0.000E+00
  0.000E+00  0.000E+00  0.000E+00  0.000E+00  0.000E+00  0.000E+00  0.000E+00  0.000E+00  0.000E+00  0.000E+00
  0.000E+00  0.000E+00  0.000E+00  0.000E+00  0.000E+00  0.000E+00  0.000E+00  0.000E+00  0.000E+00  0.000E+00
  0.000E+00  0.000E+00  0.000E+00  0.000E+00  0.000E+00  0.000E+00  0.000E+00  0.000E+00  0.000E+00  0.000E+00
  0.000E+00  0.000E+00  0.000E+00  0.000E+00  0.000E+00  0.000E+00  0.000E+00  0.000E+00  0.000E+00  0.000E+00
  0.000E+00  0.000E+00  0.000E+00  0.000E+00  0.000E+00  0.000E+00  0.000E+00  0.000E+00  0.000E+00  0.000E+00
  0.000E+00  0.000E+00  0.000E+00  0.000E+00  0.000E+00  0.000E+00  0.000E+00  0.000E+00  0.000E+00  0.000E+00
  0.000E+00  0.000E+00  0.000E+00  0.000E+00  0.000E+00  0.000E+00  0.000E+00  0.000E+00  0.000E+00  0.000E+00
  0.000E+00  0.000E+00  0.000E+00  0.000E+00  0.000E+00  0.000E+00  0.000E+00  0.000E+00  0.000E+00  0.000E+00
  0.000E+00  0.000E+00  0.000E+00  0.000E+00  0.000E+00  0.000E+00  0.000E+00  0.000E+00  0.000E+00  0.000E+00
  0.000E+00  0.000E+00  0.000E+00  0.000E+00  0.000E+00  0.000E+00  0.000E+00  0.000E+00  0.000E+00  0.000E+00
  0.000E+00  0.000E+00  0.000E+00  0.000E+00  0.000E+00  0.000E+00  0.000E+00  0.000E+00  0.000E+00  0.000E+00
  0.000E+00  0.000E+00  0.000E+00  0.000E+00  0.000E+00  0.000E+00  0.000E+00  0.000E+00  0.000E+00  0.000E+00
  0.000E+00  0.000E+00  0.000E+00  0.000E+00  0.000E+00  0.000E+00  0.000E+00  0.000E+00  0.000E+00  0.000E+00
  0.000E+00  0.000E+00  0.000E+00  0.000E+00  0.000E+00  0.000E+00  0.000E+00  0.000E+00  0.000E+00  0.000E+00
  0.000E+00  0.000E+00  6.188E-06  1.722E-05  0.000E+00  0.000E+00  0.000E+00  0.000E+00  0.000E+00  0.000E+00
  0.000E+00  0.000E+00  0.000E+00  0.000E+00  0.000E+00  0.000E+00  0.000E+00  0.000E+00  0.000E+00  0.000E+00
  0.000E+00  0.000E+00  0.000E+00  0.000E+00  0.000E+00  0.000E+00  0.000E+00  0.000E+00  0.000E+00  0.000E+00
  0.000E+00  0.000E+00  0.000E+00  0.000E+00  0.000E+00  0.000E+00  0.000E+00  0.000E+00  0.000E+00  0.000E+00
  0.000E+00  0.000E+00  0.000E+00  0.000E+00  0.000E+00  0.000E+00  0.000E+00  0.000E+00  0.000E+00  0.000E+00
  0.000E+00  0.000E+00  0.000E+00  0.000E+00  0.000E+00  0.000E+00  0.000E+00  0.000E+00  0.000E+00  0.000E+00
  0.000E+00  0.000E+00  0.000E+00  0.000E+00  0.000E+00  0.000E+00  0.000E+00  0.000E+00  0.000E+00  0.000E+00
  0.000E+00  0.000E+00  0.000E+00  0.000E+00  0.000E+00  0.000E+00  0.000E+00  0.000E+00  0.000E+00  0.000E+00
  0.000E+00  0.000E+00  0.000E+00  0.000E+00  0.000E+00  0.000E+00  0.000E+00  0.000E+00  0.000E+00  0.000E+00
  0.000E+00  0.000E+00  0.000E+00  0.000E+00  0.000E+00  0.000E+00  0.000E+00  0.000E+00  0.000E+00  0.000E+00
  0.000E+00  0.000E+00  0.000E+00  0.000E+00  0.000E+00  0.000E+00  0.000E+00  0.000E+00  0.000E+00  0.000E+00
  0.000E+00  0.000E+00  0.000E+00  0.000E+00  0.000E+00  0.000E+00  0.000E+00  0.000E+00  0.000E+00  0.000E+00
  0.000E+00  0.000E+00  0.000E+00  0.000E+00  0.000E+00  0.000E+00  0.000E+00  0.000E+00  0.000E+00  0.000E+00
  0.000E+00  0.000E+00  0.000E+00  0.000E+00  0.000E+00  0.000E+00  0.000E+00  0.000E+00  0.000E+00  0.000E+00
  0.000E+00  0.000E+00  0.000E+00  0.000E+00  0.000E+00  0.000E+00  0.000E+00  0.000E+00  0.000E+00  0.000E+00
  0.000E+00  0.000E+00  0.000E+00  0.000E+00  0.000E+00  0.000E+00  0.000E+00  0.000E+00  0.000E+00  0.000E+00
  0.000E+00  0.000E+00  0.000E+00  0.000E+00  0.000E+00  0.000E+00  0.000E+00  0.000E+00  0.000E+00  0.000E+00
  0.000E+00  0.000E+00  0.000E+00  0.000E+00  0.000E+00  0.000E+00  0.000E+00  0.000E+00  0.000E+00  0.000E+00
  0.000E+00  0.000E+00  0.000E+00  0.000E+00  0.000E+00  0.000E+00  0.000E+00  0.000E+00  0.000E+00  0.000E+00
  0.000E+00  0.000E+00  0.000E+00  0.000E+00  0.000E+00  0.000E+00  0.000E+00  0.000E+00  0.000E+00  0.000E+00
  0.000E+00  0.000E+00  5.694E-06  0.000E+00  0.000E+00  0.000E+00  0.000E+00  0.000E+00  0.000E+00  0.000E+00
  0.000E+00  0.000E+00  0.000E+00  0.000E+00  0.000E+00  0.000E+00  0.000E+00  0.000E+00  0.000E+00  0.000E+00
  0.000E+00  0.000E+00  0.000E+00  0.000E+00  0.000E+00  0.000E+00  0.000E+00  0.000E+00  0.000E+00  0.000E+00
  0.000E+00  0.000E+00  0.000E+00  0.000E+00  0.000E+00  0.000E+00  0.000E+00  0.000E+00  0.000E+00  0.000E+00
  0.000E+00  0.000E+00  0.000E+00  0.000E+00  0.000E+00  0.000E+00  0.000E+00  0.000E+00  0.000E+00  0.000E+00
  0.000E+00  0.000E+00  0.000E+00  0.000E+00  0.000E+00  0.000E+00  0.000E+00  0.000E+00  0.000E+00  0.000E+00
  0.000E+00  0.000E+00  0.000E+00  0.000E+00  0.000E+00  0.000E+00  0.000E+00  0.000E+00  0.000E+00  0.000E+00
  0.000E+00  0.000E+00  0.000E+00  0.000E+00  0.000E+00  0.000E+00  0.000E+00  0.000E+00  0.000E+00  0.000E+00
  0.000E+00  0.000E+00  0.000E+00  0.000E+00  0.000E+00  0.000E+00  0.000E+00  0.000E+00  0.000E+00  0.000E+00
  0.000E+00  0.000E+00  0.000E+00  0.000E+00  0.000E+00  0.000E+00  0.000E+00  0.000E+00  0.000E+00  0.000E+00
  0.000E+00  0.000E+00  0.000E+00  0.000E+00  0.000E+00  0.000E+00  0.000E+00  0.000E+00  0.000E+00  0.000E+00
  0.000E+00  0.000E+00  0.000E+00  0.000E+00  0.000E+00  0.000E+00  0.000E+00  0.000E+00  0.000E+00  0.000E+00
  0.000E+00  0.000E+00  0.000E+00  0.000E+00  0.000E+00  0.000E+00  0.000E+00  0.000E+00  0.000E+00  0.000E+00
  0.000E+00  0.000E+00  0.000E+00  0.000E+00  0.000E+00  0.000E+00  0.000E+00  0.000E+00  0.000E+00  0.000E+00
  0.000E+00  0.000E+00  0.000E+00  0.000E+00  0.000E+00  0.000E+00  0.000E+00  0.000E+00  0.000E+00  0.000E+00
  0.000E+00  0.000E+00  0.000E+00  0.000E+00  0.000E+00  0.000E+00  0.000E+00  0.000E+00  0.000E+00  0.000E+00
  0.000E+00  0.000E+00  0.000E+00  0.000E+00  0.000E+00  0.000E+00  0.000E+00  0.000E+00  0.000E+00  0.000E+00
  0.000E+00  0.000E+00  0.000E+00  0.000E+00  0.000E+00  0.000E+00  0.000E+00  0.000E+00  0.000E+00  0.000E+00
  0.000E+00  0.000E+00  0.000E+00  0.000E+00  0.000E+00  0.000E+00  0.000E+00  0.000E+00  0.000E+00  0.000E+00
  0.000E+00  0.000E+00  0.000E+00  0.000E+00  0.000E+00  0.000E+00  0.000E+00  0.000E+00  0.000E+00  0.000E+00
  0.000E+00  0.000E+00  5.694E-06  0.000E+00  0.000E+00  0.000E+00  0.000E+00  0.000E+00  0.000E+00  0.000E+00
  0.000E+00  0.000E+00  0.000E+00  0.000E+00  0.000E+00  0.000E+00  0.000E+00  0.000E+00  0.000E+00  0.000E+00
  0.000E+00  0.000E+00  0.000E+00  0.000E+00  0.000E+00  0.000E+00  0.000E+00  0.000E+00  0.000E+00  0.000E+00
  0.000E+00  0.000E+00  0.000E+00  0.000E+00  0.000E+00  0.000E+00  0.000E+00  0.000E+00  0.000E+00  0.000E+00
  0.000E+00  0.000E+00  0.000E+00  0.000E+00  0.000E+00  0.000E+00  0.000E+00  0.000E+00  0.000E+00  0.000E+00
  0.000E+00  0.000E+00  0.000E+00  0.000E+00  0.000E+00  0.000E+00  0.000E+00  0.000E+00  0.000E+00  0.000E+00
  0.000E+00  0.000E+00  0.000E+00  0.000E+00  0.000E+00  0.000E+00  0.000E+00  0.000E+00  0.000E+00  0.000E+00
  0.000E+00  0.000E+00  0.000E+00  0.000E+00  0.000E+00  0.000E+00  0.000E+00  0.000E+00  0.000E+00  0.000E+00
  0.000E+00  0.000E+00  0.000E+00  0.000E+00  0.000E+00  0.000E+00  0.000E+00  0.000E+00  0.000E+00  0.000E+00
  0.000E+00  0.000E+00  0.000E+00  0.000E+00  0.000E+00  0.000E+00  0.000E+00  0.000E+00  0.000E+00  0.000E+00
  0.000E+00  0.000E+00  0.000E+00  0.000E+00  0.000E+00  0.000E+00  0.000E+00  0.000E+00  0.000E+00  0.000E+00
  0.000E+00  0.000E+00  0.000E+00  0.000E+00  0.000E+00  0.000E+00  0.000E+00  0.000E+00  0.000E+00  0.000E+00
  0.000E+00  0.000E+00  0.000E+00  0.000E+00  0.000E+00  0.000E+00  0.000E+00  0.000E+00  0.000E+00  0.000E+00
  0.000E+00  0.000E+00  0.000E+00  0.000E+00  0.000E+00  0.000E+00  0.000E+00  0.000E+00  0.000E+00  0.000E+00
  0.000E+00  0.000E+00  0.000E+00  0.000E+00  0.000E+00  0.000E+00  0.000E+00  0.000E+00  0.000E+00  0.000E+00
  0.000E+00  0.000E+00  0.000E+00  0.000E+00  0.000E+00  0.000E+00  0.000E+00  0.000E+00  0.000E+00  0.000E+00
  0.000E+00  0.000E+00  0.000E+00  0.000E+00  0.000E+00  0.000E+00  0.000E+00  0.000E+00  0.000E+00  0.000E+00
  0.000E+00  0.000E+00  0.000E+00  0.000E+00  0.000E+00  0.000E+00  0.000E+00  0.000E+00  0.000E+00  0.000E+00
  0.000E+00  0.000E+00  0.000E+00  0.000E+00  0.000E+00  0.000E+00  0.000E+00  0.000E+00  0.000E+00  0.000E+00
  0.000E+00  0.000E+00  0.000E+00  0.000E+00  0.000E+00  0.000E+00  0.000E+00  0.000E+00  0.000E+00  0.000E+00
  0.000E+00  0.000E+00  5.694E-06  0.000E+00  0.000E+00  0.000E+00  0.000E+00  0.000E+00  0.000E+00  0.000E+00
  0.000E+00  0.000E+00  0.000E+00  0.000E+00  0.000E+00  0.000E+00  0.000E+00  0.000E+00  0.000E+00  0.000E+00
  0.000E+00  0.000E+00  0.000E+00  0.000E+00  0.000E+00  0.000E+00  0.000E+00  0.000E+00  0.000E+00  0.000E+00
  0.000E+00  0.000E+00  0.000E+00  0.000E+00  0.000E+00  0.000E+00  0.000E+00  0.000E+00  0.000E+00  0.000E+00
  0.000E+00  0.000E+00  0.000E+00  0.000E+00  0.000E+00  0.000E+00  0.000E+00  0.000E+00  0.000E+00  0.000E+00
  0.000E+00  0.000E+00  0.000E+00  0.000E+00  0.000E+00  0.000E+00  0.000E+00  0.000E+00  0.000E+00  0.000E+00
  0.000E+00  0.000E+00  0.000E+00  0.000E+00  0.000E+00  0.000E+00  0.000E+00  0.000E+00  0.000E+00  0.000E+00
  0.000E+00  0.000E+00  0.000E+00  0.000E+00  0.000E+00  0.000E+00  0.000E+00  0.000E+00  0.000E+00  0.000E+00
  0.000E+00  0.000E+00  0.000E+00  0.000E+00  0.000E+00  0.000E+00  0.000E+00  0.000E+00  0.000E+00  0.000E+00
  0.000E+00  0.000E+00  0.000E+00  0.000E+00  0.000E+00  0.000E+00  0.000E+00  0.000E+00  0.000E+00  0.000E+00
  0.000E+00  0.000E+00  0.000E+00  0.000E+00  0.000E+00  0.000E+00  0.000E+00  0.000E+00  0.000E+00  0.000E+00
  0.000E+00  0.000E+00  0.000E+00  0.000E+00  0.000E+00  0.000E+00  0.000E+00  0.000E+00  0.000E+00  0.000E+00
  0.000E+00  0.000E+00  0.000E+00  0.000E+00  0.000E+00  0.000E+00  0.000E+00  0.000E+00  0.000E+00  0.000E+00
  0.000E+00  0.000E+00  0.000E+00  0.000E+00  0.000E+00  0.000E+00  0.000E+00  0.000E+00  0.000E+00  0.000E+00
  0.000E+00  0.000E+00  0.000E+00  0.000E+00  0.000E+00  0.000E+00  0.000E+00  0.000E+00  0.000E+00  0.000E+00
  0.000E+00  0.000E+00  0.000E+00  0.000E+00  0.000E+00  0.000E+00  0.000E+00  0.000E+00  0.000E+00  0.000E+00
  0.000E+00  0.000E+00  0.000E+00  0.000E+00  0.000E+00  0.000E+00  0.000E+00  0.000E+00  0.000E+00  0.000E+00
  0.000E+00  0.000E+00  0.000E+00  0.000E+00  0.000E+00  0.000E+00  0.000E+00  0.000E+00  0.000E+00  0.000E+00
  0.000E+00  0.000E+00  0.000E+00  0.000E+00  0.000E+00  0.000E+00  0.000E+00  0.000E+00  0.000E+00  0.000E+00
  0.000E+00  0.000E+00  0.000E+00  0.000E+00  0.000E+00  0.000E+00  0.000E+00  0.000E+00  0.000E+00  0.000E+00
  0.000E+00  0.000E+00  6.943E-06  0.000E+00  0.000E+00  0.000E+00  0.000E+00  0.000E+00  0.000E+00  0.000E+00
  0.000E+00  0.000E+00  0.000E+00  0.000E+00  0.000E+00  0.000E+00  0.000E+00  0.000E+00  0.000E+00  0.000E+00
  0.000E+00  0.000E+00  0.000E+00  0.000E+00  0.000E+00  0.000E+00  0.000E+00  0.000E+00  0.000E+00  0.000E+00
  0.000E+00  0.000E+00  0.000E+00  0.000E+00  0.000E+00  0.000E+00  0.000E+00  0.000E+00  0.000E+00  0.000E+00
  0.000E+00  0.000E+00  0.000E+00  0.000E+00  0.000E+00  0.000E+00  0.000E+00  0.000E+00  0.000E+00  0.000E+00
  0.000E+00  0.000E+00  0.000E+00  0.000E+00  0.000E+00  0.000E+00  0.000E+00  0.000E+00  0.000E+00  0.000E+00
  0.000E+00  0.000E+00  0.000E+00  0.000E+00  0.000E+00  0.000E+00  0.000E+00  0.000E+00  0.000E+00  0.000E+00
  0.000E+00  0.000E+00  0.000E+00  0.000E+00  0.000E+00  0.000E+00  0.000E+00  0.000E+00  0.000E+00  0.000E+00
  0.000E+00  0.000E+00  0.000E+00  0.000E+00  0.000E+00  0.000E+00  0.000E+00  0.000E+00  0.000E+00  0.000E+00
  0.000E+00  0.000E+00  0.000E+00  0.000E+00  0.000E+00  0.000E+00  0.000E+00  0.000E+00  0.000E+00  0.000E+00
  0.000E+00  0.000E+00  0.000E+00  0.000E+00  0.000E+00  0.000E+00  0.000E+00  0.000E+00  0.000E+00  0.000E+00
  0.000E+00  0.000E+00  0.000E+00  0.000E+00  0.000E+00  0.000E+00  0.000E+00  0.000E+00  0.000E+00  0.000E+00
  0.000E+00  0.000E+00  0.000E+00  0.000E+00  0.000E+00  0.000E+00  0.000E+00  0.000E+00  0.000E+00  0.000E+00
  0.000E+00  0.000E+00  0.000E+00  0.000E+00  0.000E+00  0.000E+00  0.000E+00  0.000E+00  0.000E+00  0.000E+00
  0.000E+00  0.000E+00  0.000E+00  0.000E+00  0.000E+00  0.000E+00  0.000E+00  0.000E+00  0.000E+00  0.000E+00
  0.000E+00  0.000E+00  0.000E+00  0.000E+00  0.000E+00  0.000E+00  0.000E+00  0.000E+00  0.000E+00  0.000E+00
  0.000E+00  0.000E+00  0.000E+00  0.000E+00  0.000E+00  0.000E+00  0.000E+00  0.000E+00  0.000E+00  0.000E+00
  0.000E+00  0.000E+00  0.000E+00  0.000E+00  0.000E+00  0.000E+00  0.000E+00  0.000E+00  0.000E+00  0.000E+00
  0.000E+00  0.000E+00  0.000E+00  0.000E+00  0.000E+00  0.000E+00  0.000E+00  0.000E+00  0.000E+00  0.000E+00
  0.000E+00  0.000E+00  0.000E+00  0.000E+00  0.000E+00  0.000E+00  0.000E+00  0.000E+00  0.000E+00  0.000E+00
  0.000E+00  0.000E+00  0.000E+00  0.000E+00  0.000E+00  0.000E+00  0.000E+00  0.000E+00  0.000E+00  0.000E+00
  0.000E+00  0.000E+00  0.000E+00  0.000E+00  0.000E+00  0.000E+00  0.000E+00  0.000E+00  0.000E+00  0.000E+00
  0.000E+00  0.000E+00  0.000E+00  0.000E+00  0.000E+00  0.000E+00  0.000E+00  0.000E+00  0.000E+00  0.000E+00
  0.000E+00  0.000E+00  0.000E+00  0.000E+00  0.000E+00  0.000E+00  0.000E+00  0.000E+00  0.000E+00  0.000E+00
  0.000E+00  0.000E+00  0.000E+00  0.000E+00  0.000E+00  0.000E+00  0.000E+00  0.000E+00  0.000E+00  0.000E+00
  0.000E+00  0.000E+00  0.000E+00  0.000E+00  0.000E+00  0.000E+00  0.000E+00  0.000E+00  0.000E+00  0.000E+00
  0.000E+00  0.000E+00  0.000E+00  0.000E+00  0.000E+00  0.000E+00  0.000E+00  0.000E+00  0.000E+00  0.000E+00
  0.000E+00  0.000E+00  0.000E+00  0.000E+00  0.000E+00  0.000E+00  0.000E+00  0.000E+00  0.000E+00  0.000E+00
  0.000E+00  0.000E+00  0.000E+00  0.000E+00  0.000E+00  0.000E+00  0.000E+00  0.000E+00  0.000E+00  0.000E+00
  0.000E+00  0.000E+00  0.000E+00  0.000E+00  0.000E+00  0.000E+00  0.000E+00  0.000E+00  0.000E+00  0.000E+00
  0.000E+00  0.000E+00  0.000E+00  0.000E+00  0.000E+00  0.000E+00  0.000E+00  0.000E+00  0.000E+00  0.000E+00
  0.000E+00  0.000E+00  0.000E+00  0.000E+00  0.000E+00  0.000E+00  0.000E+00  0.000E+00  0.000E+00  0.000E+00
  0.000E+00  0.000E+00  0.000E+00  0.000E+00  0.000E+00  0.000E+00  0.000E+00  0.000E+00  0.000E+00  0.000E+00
  0.000E+00  0.000E+00  0.000E+00  0.000E+00  0.000E+00  0.000E+00  0.000E+00  0.000E+00  0.000E+00  0.000E+00
  0.000E+00  0.000E+00  0.000E+00  0.000E+00  0.000E+00  0.000E+00  0.000E+00  0.000E+00  0.000E+00  0.000E+00
  0.000E+00  0.000E+00  0.000E+00  0.000E+00  0.000E+00  0.000E+00  0.000E+00  0.000E+00  0.000E+00  0.000E+00
  0.000E+00  0.000E+00  0.000E+00  0.000E+00  0.000E+00  0.000E+00  0.000E+00  0.000E+00  0.000E+00  0.000E+00
  0.000E+00  0.000E+00  0.000E+00  0.000E+00  0.000E+00  0.000E+00  0.000E+00  0.000E+00  0.000E+00  0.000E+00
  0.000E+00  0.000E+00  0.000E+00  0.000E+00  0.000E+00  0.000E+00  0.000E+00  0.000E+00  0.000E+00  0.000E+00
  0.000E+00  0.000E+00  0.000E+00  0.000E+00  0.000E+00  0.000E+00  0.000E+00  0.000E+00  0.000E+00  0.000E+00
  0.000E+00  0.000E+00  0.000E+00  0.000E+00  0.000E+00  0.000E+00  0.000E+00  0.000E+00  0.000E+00  0.000E+00
  0.000E+00  0.000E+00  0.000E+00  0.000E+00  0.000E+00  0.000E+00  0.000E+00  0.000E+00  0.000E+00  0.000E+00
  0.000E+00  0.000E+00  0.000E+00  0.000E+00  0.000E+00  0.000E+00  0.000E+00  0.000E+00  0.000E+00  0.000E+00
  0.000E+00  0.000E+00  0.000E+00  0.000E+00  0.000E+00  0.000E+00  0.000E+00  0.000E+00  0.000E+00  0.000E+00
  0.000E+00  0.000E+00  0.000E+00  0.000E+00  0.000E+00  0.000E+00  0.000E+00  0.000E+00  0.000E+00  0.000E+00
  0.000E+00  0.000E+00  0.000E+00  0.000E+00  0.000E+00  0.000E+00  0.000E+00  0.000E+00  0.000E+00  0.000E+00
  0.000E+00  0.000E+00  0.000E+00  0.000E+00  0.000E+00  0.000E+00  0.000E+00  0.000E+00  0.000E+00  0.000E+00
  0.000E+00  0.000E+00  0.000E+00  0.000E+00  0.000E+00  0.000E+00  0.000E+00  0.000E+00  0.000E+00  0.000E+00
  0.000E+00  0.000E+00  0.000E+00  0.000E+00  0.000E+00  0.000E+00  0.000E+00  0.000E+00  0.000E+00  0.000E+00
  0.000E+00  0.000E+00  0.000E+00  0.000E+00  0.000E+00  0.000E+00  0.000E+00  0.000E+00  0.000E+00  0.000E+00
  0.000E+00  0.000E+00  0.000E+00  0.000E+00  0.000E+00  0.000E+00  0.000E+00  0.000E+00  0.000E+00  0.000E+00
  0.000E+00  0.000E+00  0.000E+00  0.000E+00  0.000E+00  0.000E+00  0.000E+00  0.000E+00  0.000E+00  0.000E+00
  0.000E+00  0.000E+00  0.000E+00  0.000E+00  0.000E+00  0.000E+00  0.000E+00  0.000E+00  0.000E+00  0.000E+00
  0.000E+00  0.000E+00  0.000E+00  0.000E+00  0.000E+00  0.000E+00  0.000E+00  0.000E+00  0.000E+00  0.000E+00
  0.000E+00  0.000E+00  0.000E+00  0.000E+00  0.000E+00  0.000E+00  0.000E+00  0.000E+00  0.000E+00  0.000E+00
  0.000E+00  0.000E+00  0.000E+00  0.000E+00  0.000E+00  0.000E+00  0.000E+00  0.000E+00  0.000E+00  0.000E+00
  0.000E+00  0.000E+00  0.000E+00  0.000E+00  0.000E+00  0.000E+00  0.000E+00  0.000E+00  0.000E+00  0.000E+00
  0.000E+00  0.000E+00  0.000E+00  0.000E+00  0.000E+00  0.000E+00  0.000E+00  0.000E+00  0.000E+00  0.000E+00
  0.000E+00  0.000E+00  0.000E+00  0.000E+00  0.000E+00  0.000E+00  0.000E+00  0.000E+00  0.000E+00  0.000E+00
  0.000E+00  0.000E+00  0.000E+00  0.000E+00  0.000E+00  0.000E+00  0.000E+00  0.000E+00  0.000E+00  0.000E+00
  0.000E+00  0.000E+00  0.000E+00  0.000E+00  0.000E+00  0.000E+00  0.000E+00  0.000E+00  0.000E+00  0.000E+00
  0.000E+00  0.000E+00  0.000E+00  0.000E+00  0.000E+00  0.000E+00  0.000E+00  0.000E+00  0.000E+00  0.000E+00
  0.000E+00  0.000E+00  0.000E+00  0.000E+00  0.000E+00  0.000E+00  0.000E+00  0.000E+00  0.000E+00  0.000E+00
  0.000E+00  0.000E+00  0.000E+00  0.000E+00  0.000E+00  0.000E+00  0.000E+00  0.000E+00  0.000E+00  0.000E+00
  0.000E+00  0.000E+00  0.000E+00  0.000E+00  0.000E+00  0.000E+00  0.000E+00  0.000E+00  0.000E+00  0.000E+00
  0.000E+00  0.000E+00  0.000E+00  0.000E+00  0.000E+00  0.000E+00  0.000E+00  0.000E+00  0.000E+00  0.000E+00
  0.000E+00  0.000E+00  0.000E+00  0.000E+00  0.000E+00  0.000E+00  0.000E+00  0.000E+00  0.000E+00  0.000E+00
  0.000E+00  0.000E+00  0.000E+00  0.000E+00  0.000E+00  0.000E+00  0.000E+00  0.000E+00  0.000E+00  0.000E+00
  0.000E+00  0.000E+00  0.000E+00  0.000E+00  0.000E+00  0.000E+00  0.000E+00  0.000E+00  0.000E+00  0.000E+00
  0.000E+00  0.000E+00  0.000E+00  0.000E+00  0.000E+00  0.000E+00  0.000E+00  0.000E+00  0.000E+00  0.000E+00
  0.000E+00  0.000E+00  0.000E+00  0.000E+00  0.000E+00  0.000E+00  0.000E+00  0.000E+00  0.000E+00  0.000E+00
  0.000E+00  0.000E+00  0.000E+00  0.000E+00  0.000E+00  0.000E+00  0.000E+00  0.000E+00  0.000E+00  0.000E+00
  0.000E+00  0.000E+00  0.000E+00  0.000E+00  0.000E+00  0.000E+00  0.000E+00  0.000E+00  0.000E+00  0.000E+00
  0.000E+00  0.000E+00  0.000E+00  0.000E+00  0.000E+00  0.000E+00  0.000E+00  0.000E+00  0.000E+00  0.000E+00
  0.000E+00  0.000E+00  0.000E+00  0.000E+00  0.000E+00  0.000E+00  0.000E+00  0.000E+00  0.000E+00  0.000E+00
  0.000E+00  0.000E+00  0.000E+00  0.000E+00  0.000E+00  0.000E+00  0.000E+00  0.000E+00  0.000E+00  0.000E+00
  0.000E+00  0.000E+00  0.000E+00  0.000E+00  0.000E+00  0.000E+00  0.000E+00  0.000E+00  0.000E+00  0.000E+00
  0.000E+00  0.000E+00  0.000E+00  0.000E+00  0.000E+00  0.000E+00  0.000E+00  0.000E+00  0.000E+00  0.000E+00
  0.000E+00  0.000E+00  0.000E+00  0.000E+00  0.000E+00  0.000E+00  0.000E+00  0.000E+00  0.000E+00  0.000E+00
  0.000E+00  0.000E+00  0.000E+00  0.000E+00  0.000E+00  0.000E+00  0.000E+00  0.000E+00  0.000E+00  0.000E+00
  0.000E+00  0.000E+00  0.000E+00  0.000E+00  0.000E+00  0.000E+00  0.000E+00  0.000E+00  0.000E+00  0.000E+00
  0.000E+00  0.000E+00  0.000E+00  0.000E+00  0.000E+00  0.000E+00  0.000E+00  0.000E+00  0.000E+00  0.000E+00
  0.000E+00  0.000E+00  0.000E+00  0.000E+00  0.000E+00  0.000E+00  0.000E+00  0.000E+00  0.000E+00  0.000E+00
  0.000E+00  0.000E+00  0.000E+00  0.000E+00  0.000E+00  0.000E+00  0.000E+00  0.000E+00  0.000E+00  0.000E+00
  0.000E+00  0.000E+00  0.000E+00  0.000E+00  0.000E+00  0.000E+00  0.000E+00  0.000E+00  0.000E+00  0.000E+00
  0.000E+00  0.000E+00  0.000E+00  0.000E+00  0.000E+00  0.000E+00  0.000E+00  0.000E+00  0.000E+00  0.000E+00
  0.000E+00  0.000E+00  0.000E+00  0.000E+00  0.000E+00  0.000E+00  0.000E+00  0.000E+00  0.000E+00  0.000E+00
  0.000E+00  0.000E+00  0.000E+00  0.000E+00  0.000E+00  0.000E+00  0.000E+00  0.000E+00  0.000E+00  0.000E+00
  0.000E+00  0.000E+00  0.000E+00  0.000E+00  0.000E+00  0.000E+00  0.000E+00  0.000E+00  0.000E+00  0.000E+00
  0.000E+00  0.000E+00  0.000E+00  0.000E+00  0.000E+00  0.000E+00  0.000E+00  0.000E+00  0.000E+00  0.000E+00
  0.000E+00  0.000E+00  0.000E+00  0.000E+00  0.000E+00  0.000E+00  0.000E+00  0.000E+00  0.000E+00  0.000E+00
  0.000E+00  0.000E+00  0.000E+00  0.000E+00  0.000E+00  0.000E+00  0.000E+00  0.000E+00  0.000E+00  0.000E+00
  0.000E+00  0.000E+00  0.000E+00  0.000E+00  0.000E+00  0.000E+00  0.000E+00  0.000E+00  0.000E+00  0.000E+00
  0.000E+00  0.000E+00  0.000E+00  0.000E+00  0.000E+00  0.000E+00  0.000E+00  0.000E+00  0.000E+00  0.000E+00
  0.000E+00  0.000E+00  0.000E+00  0.000E+00  0.000E+00  0.000E+00  0.000E+00  0.000E+00  0.000E+00  0.000E+00
  0.000E+00  0.000E+00  0.000E+00  0.000E+00  0.000E+00  0.000E+00  0.000E+00  0.000E+00  0.000E+00  0.000E+00
  0.000E+00  0.000E+00  0.000E+00  0.000E+00  0.000E+00  0.000E+00  0.000E+00  0.000E+00  0.000E+00  0.000E+00
  0.000E+00  0.000E+00  0.000E+00  0.000E+00  0.000E+00  0.000E+00  0.000E+00  0.000E+00  0.000E+00  0.000E+00
  0.000E+00  0.000E+00  0.000E+00  0.000E+00  0.000E+00  0.000E+00  0.000E+00  0.000E+00  0.000E+00  0.000E+00
  0.000E+00  0.000E+00  0.000E+00  0.000E+00  0.000E+00  0.000E+00  0.000E+00  0.000E+00  0.000E+00  0.000E+00
  0.000E+00  0.000E+00  0.000E+00  0.000E+00  0.000E+00  0.000E+00  0.000E+00  0.000E+00  0.000E+00  0.000E+00
  0.000E+00  0.000E+00  0.000E+00  0.000E+00  0.000E+00  0.000E+00  0.000E+00  0.000E+00  0.000E+00  0.000E+00
  0.000E+00  0.000E+00  0.000E+00  0.000E+00  0.000E+00  0.000E+00  0.000E+00  0.000E+00  0.000E+00  0.000E+00
  0.000E+00  0.000E+00  0.000E+00  0.000E+00  0.000E+00  0.000E+00  0.000E+00  0.000E+00  0.000E+00  0.000E+00
  0.000E+00  0.000E+00  0.000E+00  0.000E+00  0.000E+00  0.000E+00  0.000E+00  0.000E+00  0.000E+00  0.000E+00
  0.000E+00  0.000E+00  0.000E+00  0.000E+00  0.000E+00  0.000E+00  0.000E+00  0.000E+00  0.000E+00  0.000E+00
  0.000E+00  0.000E+00  0.000E+00  0.000E+00  0.000E+00  0.000E+00  0.000E+00  0.000E+00  0.000E+00  0.000E+00
  0.000E+00  0.000E+00  0.000E+00  0.000E+00  0.000E+00  0.000E+00  0.000E+00  0.000E+00  0.000E+00  0.000E+00
  0.000E+00  0.000E+00  0.000E+00  0.000E+00  0.000E+00  0.000E+00  0.000E+00  0.000E+00  0.000E+00  0.000E+00
  0.000E+00  0.000E+00  0.000E+00  0.000E+00  0.000E+00  0.000E+00  0.000E+00  0.000E+00  0.000E+00  0.000E+00
  0.000E+00  0.000E+00  0.000E+00  0.000E+00  0.000E+00  0.000E+00  0.000E+00  0.000E+00  0.000E+00  0.000E+00
  0.000E+00  0.000E+00  0.000E+00  0.000E+00  0.000E+00  0.000E+00  0.000E+00  0.000E+00  0.000E+00  0.000E+00
  0.000E+00  0.000E+00  0.000E+00  0.000E+00  0.000E+00  0.000E+00  0.000E+00  0.000E+00  0.000E+00  0.000E+00
  0.000E+00  0.000E+00  0.000E+00  0.000E+00  0.000E+00  0.000E+00  0.000E+00  0.000E+00  0.000E+00  0.000E+00
  0.000E+00  0.000E+00  0.000E+00  0.000E+00  0.000E+00  0.000E+00  0.000E+00  0.000E+00  0.000E+00  0.000E+00
  0.000E+00  0.000E+00  0.000E+00  0.000E+00  0.000E+00  0.000E+00  0.000E+00  0.000E+00  0.000E+00  0.000E+00
  0.000E+00  0.000E+00  0.000E+00  0.000E+00  0.000E+00  0.000E+00  0.000E+00  0.000E+00  0.000E+00  0.000E+00
  0.000E+00  0.000E+00  0.000E+00  0.000E+00  0.000E+00  0.000E+00  0.000E+00  0.000E+00  0.000E+00  0.000E+00
  0.000E+00  0.000E+00  0.000E+00  0.000E+00  0.000E+00  0.000E+00  0.000E+00  0.000E+00  0.000E+00  0.000E+00
  0.000E+00  0.000E+00  0.000E+00  0.000E+00  0.000E+00  0.000E+00  0.000E+00  0.000E+00  0.000E+00  0.000E+00
  0.000E+00  0.000E+00  0.000E+00  0.000E+00  0.000E+00  0.000E+00  0.000E+00  0.000E+00  0.000E+00  0.000E+00
  0.000E+00  0.000E+00  0.000E+00  0.000E+00  0.000E+00  0.000E+00  0.000E+00  0.000E+00  0.000E+00  0.000E+00
  0.000E+00  0.000E+00  0.000E+00  0.000E+00  0.000E+00  0.000E+00  0.000E+00  0.000E+00  0.000E+00  0.000E+00
  0.000E+00  0.000E+00  0.000E+00  0.000E+00  0.000E+00  0.000E+00  0.000E+00  0.000E+00  0.000E+00  0.000E+00
  0.000E+00  0.000E+00  0.000E+00  0.000E+00  0.000E+00  0.000E+00  0.000E+00  0.000E+00  0.000E+00  0.000E+00
  0.000E+00  0.000E+00  0.000E+00  0.000E+00  0.000E+00  0.000E+00  0.000E+00  0.000E+00  0.000E+00  0.000E+00
  0.000E+00  0.000E+00  0.000E+00  0.000E+00  0.000E+00  0.000E+00  0.000E+00  0.000E+00  0.000E+00  0.000E+00
  0.000E+00  0.000E+00  0.000E+00  0.000E+00  0.000E+00  0.000E+00  0.000E+00  0.000E+00  0.000E+00  0.000E+00
  0.000E+00  0.000E+00  0.000E+00  0.000E+00  0.000E+00  0.000E+00  0.000E+00  0.000E+00  0.000E+00  0.000E+00
  0.000E+00  0.000E+00  0.000E+00  0.000E+00  0.000E+00  0.000E+00  0.000E+00  0.000E+00  0.000E+00  0.000E+00
  0.000E+00  0.000E+00  0.000E+00  0.000E+00  0.000E+00  0.000E+00  0.000E+00  0.000E+00  0.000E+00  0.000E+00
  0.000E+00  0.000E+00  0.000E+00  0.000E+00  0.000E+00  0.000E+00  0.000E+00  0.000E+00  0.000E+00  0.000E+00
  0.000E+00  0.000E+00  0.000E+00  0.000E+00  0.000E+00  0.000E+00  0.000E+00  0.000E+00  0.000E+00  0.000E+00
  0.000E+00  0.000E+00  0.000E+00  0.000E+00  0.000E+00  0.000E+00  0.000E+00  0.000E+00  0.000E+00  0.000E+00
  0.000E+00  0.000E+00  0.000E+00  0.000E+00  0.000E+00  0.000E+00  0.000E+00  0.000E+00  0.000E+00  0.000E+00
  0.000E+00  0.000E+00  0.000E+00  0.000E+00  0.000E+00  0.000E+00  0.000E+00  0.000E+00  0.000E+00  0.000E+00
  0.000E+00  0.000E+00  0.000E+00  0.000E+00  0.000E+00  0.000E+00  0.000E+00  0.000E+00  0.000E+00  0.000E+00
  0.000E+00  0.000E+00  0.000E+00  0.000E+00  0.000E+00  0.000E+00  0.000E+00  0.000E+00  0.000E+00  0.000E+00
  0.000E+00  0.000E+00  0.000E+00  0.000E+00  0.000E+00  0.000E+00  0.000E+00  0.000E+00  0.000E+00  0.000E+00
  0.000E+00  0.000E+00  0.000E+00  0.000E+00  0.000E+00  0.000E+00  0.000E+00  0.000E+00  0.000E+00  0.000E+00
  0.000E+00  0.000E+00  0.000E+00  0.000E+00  0.000E+00  0.000E+00  0.000E+00  0.000E+00  0.000E+00  0.000E+00
  0.000E+00  0.000E+00  0.000E+00  0.000E+00  0.000E+00  0.000E+00  0.000E+00  0.000E+00  0.000E+00  0.000E+00
  0.000E+00  0.000E+00  0.000E+00  0.000E+00  0.000E+00  0.000E+00  0.000E+00  0.000E+00  0.000E+00  0.000E+00
  0.000E+00  0.000E+00  0.000E+00  0.000E+00  0.000E+00  0.000E+00  0.000E+00  0.000E+00  0.000E+00  0.000E+00
  0.000E+00  0.000E+00  0.000E+00  0.000E+00  0.000E+00  0.000E+00  0.000E+00  0.000E+00  0.000E+00  0.000E+00
  0.000E+00  0.000E+00  0.000E+00  0.000E+00  0.000E+00  0.000E+00  0.000E+00  0.000E+00  0.000E+00  0.000E+00
  0.000E+00  0.000E+00  0.000E+00  0.000E+00  0.000E+00  0.000E+00  0.000E+00  0.000E+00  0.000E+00  0.000E+00
  0.000E+00  0.000E+00  0.000E+00  0.000E+00  0.000E+00  0.000E+00  0.000E+00  0.000E+00  0.000E+00  0.000E+00
  0.000E+00  0.000E+00  0.000E+00  0.000E+00  0.000E+00  0.000E+00  0.000E+00  0.000E+00  0.000E+00  0.000E+00
  0.000E+00  0.000E+00  0.000E+00  0.000E+00  0.000E+00  0.000E+00  0.000E+00  0.000E+00  0.000E+00  0.000E+00
  0.000E+00  0.000E+00  0.000E+00  0.000E+00  0.000E+00  0.000E+00  0.000E+00  0.000E+00  0.000E+00  0.000E+00
  0.000E+00  0.000E+00  0.000E+00  0.000E+00  0.000E+00  0.000E+00  0.000E+00  0.000E+00  0.000E+00  0.000E+00
  0.000E+00  0.000E+00  0.000E+00  0.000E+00  0.000E+00  0.000E+00  0.000E+00  0.000E+00  0.000E+00  0.000E+00
  0.000E+00  0.000E+00  0.000E+00  0.000E+00  0.000E+00  0.000E+00  0.000E+00  0.000E+00  0.000E+00  0.000E+00
  0.000E+00  0.000E+00  0.000E+00  0.000E+00  0.000E+00  0.000E+00  0.000E+00  0.000E+00  0.000E+00  0.000E+00
  0.000E+00  0.000E+00  0.000E+00  0.000E+00  0.000E+00  0.000E+00  0.000E+00  0.000E+00  0.000E+00  0.000E+00
  0.000E+00  0.000E+00  0.000E+00  0.000E+00  0.000E+00  0.000E+00  0.000E+00  0.000E+00  0.000E+00  0.000E+00
  0.000E+00  0.000E+00  0.000E+00  0.000E+00  0.000E+00  0.000E+00  0.000E+00  0.000E+00  0.000E+00  0.000E+00
  0.000E+00  0.000E+00  0.000E+00  0.000E+00  0.000E+00  0.000E+00  0.000E+00  0.000E+00  0.000E+00  0.000E+00
  0.000E+00  0.000E+00  0.000E+00  0.000E+00  0.000E+00  0.000E+00  0.000E+00  0.000E+00  0.000E+00  0.000E+00
  0.000E+00  0.000E+00  0.000E+00  0.000E+00  0.000E+00  0.000E+00  0.000E+00  0.000E+00  0.000E+00  0.000E+00
  0.000E+00  0.000E+00  0.000E+00  0.000E+00  0.000E+00  0.000E+00  0.000E+00  0.000E+00  0.000E+00  0.000E+00
  0.000E+00  0.000E+00  0.000E+00  0.000E+00  0.000E+00  0.000E+00  0.000E+00  0.000E+00  0.000E+00  0.000E+00
  0.000E+00  0.000E+00  0.000E+00  0.000E+00  0.000E+00  0.000E+00  0.000E+00  0.000E+00  0.000E+00  0.000E+00
  0.000E+00  0.000E+00  0.000E+00  0.000E+00  0.000E+00  0.000E+00  0.000E+00  0.000E+00  0.000E+00  0.000E+00
  0.000E+00  0.000E+00  0.000E+00  0.000E+00  0.000E+00  0.000E+00  0.000E+00  0.000E+00  0.000E+00  0.000E+00
  0.000E+00  0.000E+00  0.000E+00  0.000E+00  0.000E+00  0.000E+00  0.000E+00  0.000E+00  0.000E+00  0.000E+00
  0.000E+00  0.000E+00  0.000E+00  0.000E+00  0.000E+00  0.000E+00  0.000E+00  0.000E+00  0.000E+00  0.000E+00
  0.000E+00  0.000E+00  0.000E+00  0.000E+00  0.000E+00  0.000E+00  0.000E+00  0.000E+00  0.000E+00  0.000E+00
  0.000E+00  0.000E+00  0.000E+00  0.000E+00  0.000E+00  0.000E+00  0.000E+00  0.000E+00  0.000E+00  0.000E+00
  0.000E+00  0.000E+00  0.000E+00  0.000E+00  0.000E+00  0.000E+00  0.000E+00  0.000E+00  0.000E+00  0.000E+00
  0.000E+00  0.000E+00  0.000E+00  0.000E+00  0.000E+00  0.000E+00  0.000E+00  0.000E+00  0.000E+00  0.000E+00
  0.000E+00  0.000E+00  0.000E+00  0.000E+00  0.000E+00  0.000E+00  0.000E+00  0.000E+00  0.000E+00  0.000E+00
  0.000E+00  0.000E+00  0.000E+00  0.000E+00  0.000E+00  0.000E+00  0.000E+00  0.000E+00  0.000E+00  0.000E+00
  0.000E+00  0.000E+00  0.000E+00  0.000E+00  0.000E+00  0.000E+00  0.000E+00  0.000E+00  0.000E+00  0.000E+00
  0.000E+00  0.000E+00  0.000E+00  0.000E+00  0.000E+00  0.000E+00  0.000E+00  0.000E+00  0.000E+00  0.000E+00
  0.000E+00  0.000E+00  0.000E+00  0.000E+00  0.000E+00  0.000E+00  0.000E+00  0.000E+00  0.000E+00  0.000E+00
  0.000E+00  0.000E+00  0.000E+00  0.000E+00  0.000E+00  0.000E+00  0.000E+00  0.000E+00  0.000E+00  0.000E+00
  0.000E+00  0.000E+00  0.000E+00  0.000E+00  0.000E+00  0.000E+00  0.000E+00  0.000E+00  0.000E+00  0.000E+00
  0.000E+00  0.000E+00  0.000E+00  0.000E+00  0.000E+00  0.000E+00  0.000E+00  0.000E+00  0.000E+00  0.000E+00
  0.000E+00  0.000E+00  0.000E+00  0.000E+00  0.000E+00  0.000E+00  0.000E+00  0.000E+00  0.000E+00  0.000E+00
  0.000E+00  0.000E+00  0.000E+00  0.000E+00  0.000E+00  0.000E+00  0.000E+00  0.000E+00  0.000E+00  0.000E+00
  0.000E+00  0.000E+00  0.000E+00  0.000E+00  0.000E+00  0.000E+00  0.000E+00  0.000E+00  0.000E+00  0.000E+00
  0.000E+00  0.000E+00  0.000E+00  0.000E+00  0.000E+00  0.000E+00  0.000E+00  0.000E+00  0.000E+00  0.000E+00
  0.000E+00  0.000E+00  0.000E+00  0.000E+00  0.000E+00  0.000E+00  0.000E+00  0.000E+00  0.000E+00  0.000E+00
  0.000E+00  0.000E+00  0.000E+00  0.000E+00  0.000E+00  0.000E+00  0.000E+00  0.000E+00  0.000E+00  0.000E+00
  0.000E+00  0.000E+00  0.000E+00  0.000E+00  0.000E+00  0.000E+00  0.000E+00  0.000E+00  0.000E+00  0.000E+00
  0.000E+00  0.000E+00  0.000E+00  0.000E+00  0.000E+00  0.000E+00  0.000E+00  0.000E+00  0.000E+00  0.000E+00
  0.000E+00  0.000E+00  0.000E+00  0.000E+00  0.000E+00  0.000E+00  0.000E+00  0.000E+00  0.000E+00  0.000E+00
  0.000E+00  0.000E+00  0.000E+00  0.000E+00  0.000E+00  0.000E+00  0.000E+00  0.000E+00  0.000E+00  0.000E+00
  0.000E+00  0.000E+00  0.000E+00  0.000E+00  0.000E+00  0.000E+00  0.000E+00  0.000E+00  0.000E+00  0.000E+00
  0.000E+00  0.000E+00  0.000E+00  0.000E+00  0.000E+00  0.000E+00  0.000E+00  0.000E+00  0.000E+00  0.000E+00
  0.000E+00  0.000E+00  0.000E+00  0.000E+00  0.000E+00  0.000E+00  0.000E+00  0.000E+00  0.000E+00  0.000E+00
  0.000E+00  0.000E+00  0.000E+00  0.000E+00  0.000E+00  0.000E+00  0.000E+00  0.000E+00  0.000E+00  0.000E+00
  0.000E+00  0.000E+00  0.000E+00  0.000E+00  0.000E+00  0.000E+00  0.000E+00  0.000E+00  0.000E+00  0.000E+00
  0.000E+00  0.000E+00  0.000E+00  0.000E+00  0.000E+00  0.000E+00  0.000E+00  0.000E+00  0.000E+00  0.000E+00
  0.000E+00  0.000E+00  0.000E+00  0.000E+00  0.000E+00  0.000E+00  0.000E+00  0.000E+00  0.000E+00  0.000E+00
  0.000E+00  0.000E+00  0.000E+00  0.000E+00  0.000E+00  0.000E+00  0.000E+00  0.000E+00  0.000E+00  0.000E+00
  0.000E+00  0.000E+00  0.000E+00  0.000E+00  0.000E+00  0.000E+00  0.000E+00  0.000E+00  0.000E+00  0.000E+00
  0.000E+00  0.000E+00  0.000E+00  0.000E+00  0.000E+00  0.000E+00  0.000E+00  0.000E+00  0.000E+00  0.000E+00
  0.000E+00  0.000E+00  0.000E+00  0.000E+00  0.000E+00  0.000E+00  0.000E+00  0.000E+00  0.000E+00  0.000E+00
  0.000E+00  0.000E+00  0.000E+00  0.000E+00  0.000E+00  0.000E+00  0.000E+00  0.000E+00  0.000E+00  0.000E+00
  0.000E+00  0.000E+00  0.000E+00  0.000E+00  0.000E+00  0.000E+00  0.000E+00  0.000E+00  0.000E+00  0.000E+00
  0.000E+00  0.000E+00  0.000E+00  0.000E+00  0.000E+00  0.000E+00  0.000E+00  0.000E+00  0.000E+00  0.000E+00
  0.000E+00  0.000E+00  0.000E+00  0.000E+00  0.000E+00  0.000E+00  0.000E+00  0.000E+00  0.000E+00  0.000E+00
  0.000E+00  0.000E+00  0.000E+00  0.000E+00  0.000E+00  0.000E+00  0.000E+00  0.000E+00  0.000E+00  0.000E+00
  0.000E+00  0.000E+00  0.000E+00  0.000E+00  0.000E+00  0.000E+00  0.000E+00  0.000E+00  0.000E+00  0.000E+00
  0.000E+00  0.000E+00  0.000E+00  0.000E+00  0.000E+00  0.000E+00  0.000E+00  0.000E+00  0.000E+00  0.000E+00
  0.000E+00  0.000E+00  0.000E+00  0.000E+00  0.000E+00  0.000E+00  0.000E+00  0.000E+00  0.000E+00  0.000E+00
  0.000E+00  0.000E+00  0.000E+00  0.000E+00  0.000E+00  0.000E+00  0.000E+00  0.000E+00  0.000E+00  0.000E+00
  0.000E+00  0.000E+00  0.000E+00  0.000E+00  0.000E+00  0.000E+00  0.000E+00  0.000E+00  0.000E+00  0.000E+00
  0.000E+00  0.000E+00  0.000E+00  0.000E+00  0.000E+00  0.000E+00  0.000E+00  0.000E+00  0.000E+00  0.000E+00
  0.000E+00  0.000E+00  0.000E+00  0.000E+00  0.000E+00  0.000E+00  0.000E+00  0.000E+00  0.000E+00  0.000E+00
  0.000E+00  0.000E+00  0.000E+00  0.000E+00  0.000E+00  0.000E+00  0.000E+00  0.000E+00  0.000E+00  0.000E+00
  0.000E+00  0.000E+00  0.000E+00  0.000E+00  0.000E+00  0.000E+00  0.000E+00  0.000E+00  0.000E+00  0.000E+00
  0.000E+00  0.000E+00  0.000E+00  0.000E+00  0.000E+00  0.000E+00  0.000E+00  0.000E+00  0.000E+00  0.000E+00
  0.000E+00  0.000E+00  0.000E+00  0.000E+00  0.000E+00  0.000E+00  0.000E+00  0.000E+00  0.000E+00  0.000E+00
  0.000E+00  0.000E+00  0.000E+00  0.000E+00  0.000E+00  0.000E+00  0.000E+00  0.000E+00  0.000E+00  0.000E+00
  0.000E+00  0.000E+00  0.000E+00  0.000E+00  0.000E+00  0.000E+00  0.000E+00  0.000E+00  0.000E+00  0.000E+00
  0.000E+00  0.000E+00  0.000E+00  0.000E+00  0.000E+00  0.000E+00  0.000E+00  0.000E+00  0.000E+00  0.000E+00
  0.000E+00  0.000E+00  0.000E+00  0.000E+00  0.000E+00  0.000E+00  0.000E+00  0.000E+00  0.000E+00  0.000E+00
  0.000E+00  0.000E+00  0.000E+00  0.000E+00  0.000E+00  0.000E+00  0.000E+00  0.000E+00  0.000E+00  0.000E+00
  0.000E+00  0.000E+00  0.000E+00  0.000E+00  0.000E+00  0.000E+00  0.000E+00  0.000E+00  0.000E+00  0.000E+00
  0.000E+00  0.000E+00  0.000E+00  0.000E+00  0.000E+00  0.000E+00  0.000E+00  0.000E+00  0.000E+00  0.000E+00
  0.000E+00  0.000E+00  0.000E+00  0.000E+00  0.000E+00  0.000E+00  0.000E+00  0.000E+00  0.000E+00  0.000E+00
  0.000E+00  0.000E+00  0.000E+00  0.000E+00  0.000E+00  0.000E+00  0.000E+00  0.000E+00  0.000E+00  0.000E+00
  0.000E+00  0.000E+00  0.000E+00  0.000E+00  0.000E+00  0.000E+00  0.000E+00  0.000E+00  0.000E+00  0.000E+00
  0.000E+00  0.000E+00  0.000E+00  0.000E+00  0.000E+00  0.000E+00  0.000E+00  0.000E+00  0.000E+00  0.000E+00
  0.000E+00  0.000E+00  0.000E+00  0.000E+00  0.000E+00  0.000E+00  0.000E+00  0.000E+00  0.000E+00  0.000E+00
  0.000E+00  0.000E+00  0.000E+00  0.000E+00  0.000E+00  0.000E+00  0.000E+00  0.000E+00  0.000E+00  0.000E+00
  0.000E+00  0.000E+00  0.000E+00  0.000E+00  0.000E+00  0.000E+00  0.000E+00  0.000E+00  0.000E+00  0.000E+00
  0.000E+00  0.000E+00  0.000E+00  0.000E+00  0.000E+00  0.000E+00  0.000E+00  0.000E+00  0.000E+00  0.000E+00
  0.000E+00  0.000E+00  0.000E+00  0.000E+00  0.000E+00  0.000E+00  0.000E+00  0.000E+00  0.000E+00  0.000E+00
  0.000E+00  0.000E+00  0.000E+00  0.000E+00  0.000E+00  0.000E+00  0.000E+00  0.000E+00  0.000E+00  0.000E+00
  0.000E+00  0.000E+00  0.000E+00  0.000E+00  0.000E+00  0.000E+00  0.000E+00  0.000E+00  0.000E+00  0.000E+00
  0.000E+00  0.000E+00  0.000E+00  0.000E+00  0.000E+00  0.000E+00  0.000E+00  0.000E+00  0.000E+00  0.000E+00
  0.000E+00  0.000E+00  0.000E+00  0.000E+00  0.000E+00  0.000E+00  0.000E+00  0.000E+00  0.000E+00  0.000E+00
  0.000E+00  0.000E+00  0.000E+00  0.000E+00  0.000E+00  0.000E+00  0.000E+00  0.000E+00  0.000E+00  0.000E+00
  0.000E+00  0.000E+00  0.000E+00  0.000E+00  0.000E+00  0.000E+00  0.000E+00  0.000E+00  0.000E+00  0.000E+00
  0.000E+00  0.000E+00  0.000E+00  0.000E+00  0.000E+00  0.000E+00  0.000E+00  0.000E+00  0.000E+00  0.000E+00
  0.000E+00  0.000E+00  0.000E+00  0.000E+00  0.000E+00  0.000E+00  0.000E+00  0.000E+00  0.000E+00  0.000E+00
  0.000E+00  0.000E+00  0.000E+00  0.000E+00  0.000E+00  0.000E+00  0.000E+00  0.000E+00  0.000E+00  0.000E+00
  0.000E+00  0.000E+00  0.000E+00  0.000E+00  0.000E+00  0.000E+00  0.000E+00  0.000E+00  0.000E+00  0.000E+00
  0.000E+00  0.000E+00  0.000E+00  0.000E+00  0.000E+00  0.000E+00  0.000E+00  0.000E+00  0.000E+00  0.000E+00
  0.000E+00  0.000E+00  0.000E+00  0.000E+00  0.000E+00  0.000E+00  0.000E+00  0.000E+00  0.000E+00  0.000E+00
  0.000E+00  0.000E+00  0.000E+00  0.000E+00  0.000E+00  0.000E+00  0.000E+00  0.000E+00  0.000E+00  0.000E+00
  0.000E+00  0.000E+00  0.000E+00  0.000E+00  0.000E+00  0.000E+00  0.000E+00  0.000E+00  0.000E+00  0.000E+00
  0.000E+00  0.000E+00  0.000E+00  0.000E+00  0.000E+00  0.000E+00  0.000E+00  0.000E+00  0.000E+00  0.000E+00
  0.000E+00  0.000E+00  0.000E+00  0.000E+00  0.000E+00  0.000E+00  0.000E+00  0.000E+00  0.000E+00  0.000E+00
  0.000E+00  0.000E+00  0.000E+00  0.000E+00  0.000E+00  0.000E+00  0.000E+00  0.000E+00  0.000E+00  0.000E+00
  0.000E+00  0.000E+00  0.000E+00  0.000E+00  0.000E+00  0.000E+00  0.000E+00  0.000E+00  0.000E+00  0.000E+00
  0.000E+00  0.000E+00  0.000E+00  0.000E+00  0.000E+00  0.000E+00  0.000E+00  0.000E+00  0.000E+00  0.000E+00
  0.000E+00  0.000E+00  0.000E+00  0.000E+00  0.000E+00  0.000E+00  0.000E+00  0.000E+00  0.000E+00  0.000E+00
  0.000E+00  0.000E+00  0.000E+00  0.000E+00  0.000E+00  0.000E+00  0.000E+00  0.000E+00  0.000E+00  0.000E+00
  0.000E+00  0.000E+00  0.000E+00  0.000E+00  0.000E+00  0.000E+00  0.000E+00  0.000E+00  0.000E+00  0.000E+00
  0.000E+00  0.000E+00  0.000E+00  0.000E+00  0.000E+00  0.000E+00  0.000E+00  0.000E+00  0.000E+00  0.000E+00
  0.000E+00  0.000E+00  0.000E+00  0.000E+00  0.000E+00  0.000E+00  0.000E+00  0.000E+00  0.000E+00  0.000E+00
  0.000E+00  0.000E+00  0.000E+00  0.000E+00  0.000E+00  0.000E+00  0.000E+00  0.000E+00  0.000E+00  0.000E+00
  0.000E+00  0.000E+00  0.000E+00  0.000E+00  0.000E+00  0.000E+00  0.000E+00  0.000E+00  0.000E+00  0.000E+00
  0.000E+00  0.000E+00  0.000E+00  0.000E+00  0.000E+00  0.000E+00  0.000E+00  0.000E+00  0.000E+00  0.000E+00
  0.000E+00  0.000E+00  0.000E+00  0.000E+00  0.000E+00  0.000E+00  0.000E+00  0.000E+00  0.000E+00  0.000E+00
  0.000E+00  0.000E+00  0.000E+00  0.000E+00  0.000E+00  0.000E+00  0.000E+00  0.000E+00  0.000E+00  0.000E+00
  0.000E+00  0.000E+00  0.000E+00  0.000E+00  0.000E+00  0.000E+00  0.000E+00  0.000E+00  0.000E+00  0.000E+00
  0.000E+00  0.000E+00  0.000E+00  0.000E+00  0.000E+00  0.000E+00  0.000E+00  0.000E+00  0.000E+00  0.000E+00
  0.000E+00  0.000E+00  0.000E+00  0.000E+00  0.000E+00  0.000E+00  0.000E+00  0.000E+00  0.000E+00  0.000E+00
  0.000E+00  0.000E+00  0.000E+00  0.000E+00  0.000E+00  0.000E+00  0.000E+00  0.000E+00  0.000E+00  0.000E+00
  0.000E+00  0.000E+00  0.000E+00  0.000E+00  0.000E+00  0.000E+00  0.000E+00  0.000E+00  0.000E+00  0.000E+00
  0.000E+00  0.000E+00  0.000E+00  0.000E+00  0.000E+00  0.000E+00  0.000E+00  0.000E+00  0.000E+00  0.000E+00
  0.000E+00  0.000E+00  0.000E+00  0.000E+00  0.000E+00  0.000E+00  0.000E+00  0.000E+00  0.000E+00  0.000E+00
  0.000E+00  0.000E+00  0.000E+00  0.000E+00  0.000E+00  0.000E+00  0.000E+00  0.000E+00  0.000E+00  0.000E+00
  0.000E+00  0.000E+00  0.000E+00  0.000E+00  0.000E+00  0.000E+00  0.000E+00  0.000E+00  0.000E+00  0.000E+00
  0.000E+00  0.000E+00  0.000E+00  0.000E+00  0.000E+00  0.000E+00  0.000E+00  0.000E+00  0.000E+00  0.000E+00
  0.000E+00  0.000E+00  0.000E+00  0.000E+00  0.000E+00  0.000E+00  0.000E+00  0.000E+00  0.000E+00  0.000E+00
  0.000E+00  0.000E+00  0.000E+00  0.000E+00  0.000E+00  0.000E+00  0.000E+00  0.000E+00  0.000E+00  0.000E+00
  0.000E+00  0.000E+00  0.000E+00  0.000E+00  0.000E+00  0.000E+00  0.000E+00  0.000E+00  0.000E+00  0.000E+00
  0.000E+00  0.000E+00  0.000E+00  0.000E+00  0.000E+00  0.000E+00  0.000E+00  0.000E+00  0.000E+00  0.000E+00
  0.000E+00  0.000E+00  0.000E+00  0.000E+00  0.000E+00  0.000E+00  0.000E+00  0.000E+00  0.000E+00  0.000E+00
  0.000E+00  0.000E+00  0.000E+00  0.000E+00  0.000E+00  0.000E+00  0.000E+00  0.000E+00  0.000E+00  0.000E+00
  0.000E+00  0.000E+00  0.000E+00  0.000E+00  0.000E+00  0.000E+00  0.000E+00  0.000E+00  0.000E+00  0.000E+00
  0.000E+00  0.000E+00  0.000E+00  0.000E+00  0.000E+00  0.000E+00  0.000E+00  0.000E+00  0.000E+00  0.000E+00
  0.000E+00  0.000E+00  0.000E+00  0.000E+00  0.000E+00  0.000E+00  0.000E+00  0.000E+00  0.000E+00  0.000E+00
  0.000E+00  0.000E+00  0.000E+00  0.000E+00  0.000E+00  0.000E+00  0.000E+00  0.000E+00  0.000E+00  0.000E+00
  0.000E+00  0.000E+00  0.000E+00  0.000E+00  0.000E+00  0.000E+00  0.000E+00  0.000E+00  0.000E+00  0.000E+00
  0.000E+00  0.000E+00  0.000E+00  0.000E+00  0.000E+00  0.000E+00  0.000E+00  0.000E+00  0.000E+00  0.000E+00
  0.000E+00  0.000E+00  0.000E+00  0.000E+00  0.000E+00  0.000E+00  0.000E+00  0.000E+00  0.000E+00  0.000E+00
  0.000E+00  0.000E+00  0.000E+00  0.000E+00  0.000E+00  0.000E+00  0.000E+00  0.000E+00  0.000E+00  0.000E+00
  0.000E+00  0.000E+00  0.000E+00  0.000E+00  0.000E+00  0.000E+00  0.000E+00  0.000E+00  0.000E+00  0.000E+00
  0.000E+00  0.000E+00  0.000E+00  0.000E+00  0.000E+00  0.000E+00  0.000E+00  0.000E+00  0.000E+00  0.000E+00
  0.000E+00  0.000E+00  0.000E+00  0.000E+00  0.000E+00  0.000E+00  0.000E+00  0.000E+00  0.000E+00  0.000E+00
  0.000E+00  0.000E+00  0.000E+00  0.000E+00  0.000E+00  0.000E+00  0.000E+00  0.000E+00  0.000E+00  0.000E+00
  0.000E+00  0.000E+00  0.000E+00  0.000E+00  0.000E+00  0.000E+00  0.000E+00  0.000E+00  0.000E+00  0.000E+00
  0.000E+00  0.000E+00  0.000E+00  0.000E+00  0.000E+00  0.000E+00  0.000E+00  0.000E+00  0.000E+00  0.000E+00
  0.000E+00  0.000E+00  0.000E+00  0.000E+00  0.000E+00  0.000E+00  0.000E+00  0.000E+00  0.000E+00  0.000E+00
  0.000E+00  0.000E+00  0.000E+00  0.000E+00  0.000E+00  0.000E+00  0.000E+00  0.000E+00  0.000E+00  0.000E+00
  0.000E+00  0.000E+00  0.000E+00  0.000E+00  0.000E+00  0.000E+00  0.000E+00  0.000E+00  0.000E+00  0.000E+00
  0.000E+00  0.000E+00  0.000E+00  0.000E+00  0.000E+00  0.000E+00  0.000E+00  0.000E+00  0.000E+00  0.000E+00
  0.000E+00  0.000E+00  0.000E+00  0.000E+00  0.000E+00  0.000E+00  0.000E+00  0.000E+00  0.000E+00  0.000E+00
  0.000E+00  0.000E+00  0.000E+00  0.000E+00  0.000E+00  0.000E+00  0.000E+00  0.000E+00  0.000E+00  0.000E+00
  0.000E+00  0.000E+00  0.000E+00  0.000E+00  0.000E+00  0.000E+00  0.000E+00  0.000E+00  0.000E+00  0.000E+00
  0.000E+00  0.000E+00  0.000E+00  0.000E+00  0.000E+00  0.000E+00  0.000E+00  0.000E+00  0.000E+00  0.000E+00
  0.000E+00  0.000E+00  0.000E+00  0.000E+00  0.000E+00  0.000E+00  0.000E+00  0.000E+00  0.000E+00  0.000E+00
  0.000E+00  0.000E+00  0.000E+00  0.000E+00  0.000E+00  0.000E+00  0.000E+00  0.000E+00  0.000E+00  0.000E+00
  0.000E+00  0.000E+00  0.000E+00  0.000E+00  0.000E+00  0.000E+00  0.000E+00  0.000E+00  0.000E+00  0.000E+00
  0.000E+00  0.000E+00  0.000E+00  0.000E+00  0.000E+00  0.000E+00  0.000E+00  0.000E+00  0.000E+00  0.000E+00
  0.000E+00  0.000E+00  0.000E+00  0.000E+00  0.000E+00  0.000E+00  0.000E+00  0.000E+00  0.000E+00  0.000E+00
  0.000E+00  0.000E+00  0.000E+00  0.000E+00  0.000E+00  0.000E+00  0.000E+00  0.000E+00  0.000E+00  0.000E+00
  0.000E+00  0.000E+00  0.000E+00  0.000E+00  0.000E+00  0.000E+00  0.000E+00  0.000E+00  0.000E+00  0.000E+00
  0.000E+00  0.000E+00  0.000E+00  0.000E+00  0.000E+00  0.000E+00  0.000E+00  0.000E+00  0.000E+00  0.000E+00
  0.000E+00  0.000E+00  0.000E+00  0.000E+00  0.000E+00  0.000E+00  0.000E+00  0.000E+00  0.000E+00  0.000E+00
  0.000E+00  0.000E+00  0.000E+00  0.000E+00  0.000E+00  0.000E+00  0.000E+00  0.000E+00  0.000E+00  0.000E+00
  0.000E+00  0.000E+00  0.000E+00  0.000E+00  0.000E+00  0.000E+00  0.000E+00  0.000E+00  0.000E+00  0.000E+00
  0.000E+00  0.000E+00  0.000E+00  0.000E+00  0.000E+00  0.000E+00  0.000E+00  0.000E+00  0.000E+00  0.000E+00
  0.000E+00  0.000E+00  0.000E+00  0.000E+00  0.000E+00  0.000E+00  0.000E+00  0.000E+00  0.000E+00  0.000E+00
  0.000E+00  0.000E+00  0.000E+00  0.000E+00  0.000E+00  0.000E+00  0.000E+00  0.000E+00  0.000E+00  0.000E+00
  0.000E+00  0.000E+00  0.000E+00  0.000E+00  0.000E+00  0.000E+00  0.000E+00  0.000E+00  0.000E+00  0.000E+00
  0.000E+00  0.000E+00  0.000E+00  0.000E+00  0.000E+00  0.000E+00  0.000E+00  0.000E+00  0.000E+00  0.000E+00
  0.000E+00  0.000E+00  0.000E+00  0.000E+00  0.000E+00  0.000E+00  0.000E+00  0.000E+00  0.000E+00  0.000E+00
  0.000E+00  0.000E+00  0.000E+00  0.000E+00  0.000E+00  0.000E+00  0.000E+00  0.000E+00  0.000E+00  0.000E+00
  0.000E+00  0.000E+00  0.000E+00  0.000E+00  0.000E+00  0.000E+00  0.000E+00  0.000E+00  0.000E+00  0.000E+00
  0.000E+00  0.000E+00  0.000E+00  0.000E+00  0.000E+00  0.000E+00  0.000E+00  0.000E+00  0.000E+00  0.000E+00
  0.000E+00  0.000E+00  0.000E+00  0.000E+00  0.000E+00  0.000E+00  0.000E+00  0.000E+00  0.000E+00  0.000E+00
  0.000E+00  0.000E+00  0.000E+00  0.000E+00  0.000E+00  0.000E+00  0.000E+00  0.000E+00  0.000E+00  0.000E+00
  0.000E+00  0.000E+00  0.000E+00  0.000E+00  0.000E+00  0.000E+00  0.000E+00  0.000E+00  0.000E+00  0.000E+00
  0.000E+00  0.000E+00  0.000E+00  0.000E+00  0.000E+00  0.000E+00  0.000E+00  0.000E+00  0.000E+00  0.000E+00
  0.000E+00  0.000E+00  0.000E+00  0.000E+00  0.000E+00  0.000E+00  0.000E+00  0.000E+00  0.000E+00  0.000E+00
  0.000E+00  0.000E+00  0.000E+00  0.000E+00  0.000E+00  0.000E+00  0.000E+00  0.000E+00  0.000E+00  0.000E+00
  0.000E+00  0.000E+00  0.000E+00  0.000E+00  0.000E+00  0.000E+00  0.000E+00  0.000E+00  0.000E+00  0.000E+00
  0.000E+00  0.000E+00  0.000E+00  0.000E+00  0.000E+00  0.000E+00  0.000E+00  0.000E+00  0.000E+00  0.000E+00
  0.000E+00  0.000E+00  0.000E+00  0.000E+00  0.000E+00  0.000E+00  0.000E+00  0.000E+00  0.000E+00  0.000E+00
  0.000E+00  0.000E+00  0.000E+00  0.000E+00  0.000E+00  0.000E+00  0.000E+00  0.000E+00  0.000E+00  0.000E+00
  0.000E+00  0.000E+00  0.000E+00  0.000E+00  0.000E+00  0.000E+00  0.000E+00  0.000E+00  0.000E+00  0.000E+00
  0.000E+00  0.000E+00  0.000E+00  0.000E+00  0.000E+00  0.000E+00  0.000E+00  0.000E+00  0.000E+00  0.000E+00
  0.000E+00  0.000E+00  0.000E+00  0.000E+00  0.000E+00  0.000E+00  0.000E+00  0.000E+00  0.000E+00  0.000E+00
  0.000E+00  0.000E+00  0.000E+00  0.000E+00  0.000E+00  0.000E+00  0.000E+00  0.000E+00  0.000E+00  0.000E+00
  0.000E+00  0.000E+00  0.000E+00  0.000E+00  0.000E+00  0.000E+00  0.000E+00  0.000E+00  0.000E+00  0.000E+00
  0.000E+00  0.000E+00  0.000E+00  0.000E+00  0.000E+00  0.000E+00  0.000E+00  0.000E+00  0.000E+00  0.000E+00
  0.000E+00  0.000E+00  0.000E+00  0.000E+00  0.000E+00  0.000E+00  0.000E+00  0.000E+00  0.000E+00  0.000E+00
  0.000E+00  0.000E+00  0.000E+00  0.000E+00  0.000E+00  0.000E+00  0.000E+00  0.000E+00  0.000E+00  0.000E+00
  0.000E+00  0.000E+00  0.000E+00  0.000E+00  0.000E+00  0.000E+00  0.000E+00  0.000E+00  0.000E+00  0.000E+00
  0.000E+00  0.000E+00  0.000E+00  0.000E+00  0.000E+00  0.000E+00  0.000E+00  0.000E+00  0.000E+00  0.000E+00
  0.000E+00  0.000E+00  0.000E+00  0.000E+00  0.000E+00  0.000E+00  0.000E+00  0.000E+00  0.000E+00  0.000E+00
  0.000E+00  0.000E+00  0.000E+00  0.000E+00  0.000E+00  0.000E+00  0.000E+00  0.000E+00  0.000E+00  0.000E+00
  0.000E+00  0.000E+00  0.000E+00  0.000E+00  0.000E+00  0.000E+00  0.000E+00  0.000E+00  0.000E+00  0.000E+00
  0.000E+00  0.000E+00  0.000E+00  0.000E+00  0.000E+00  0.000E+00  0.000E+00  0.000E+00  0.000E+00  0.000E+00
  0.000E+00  0.000E+00  0.000E+00  0.000E+00  0.000E+00  0.000E+00  0.000E+00  0.000E+00  0.000E+00  0.000E+00
  0.000E+00  0.000E+00  0.000E+00  0.000E+00  0.000E+00  0.000E+00  0.000E+00  0.000E+00  0.000E+00  0.000E+00
  0.000E+00  0.000E+00  0.000E+00  0.000E+00  0.000E+00  0.000E+00  0.000E+00  0.000E+00  0.000E+00  0.000E+00
  0.000E+00  0.000E+00  0.000E+00  0.000E+00  0.000E+00  0.000E+00  0.000E+00  0.000E+00  0.000E+00  0.000E+00
  0.000E+00  0.000E+00  0.000E+00  0.000E+00  0.000E+00  0.000E+00  0.000E+00  0.000E+00  0.000E+00  0.000E+00
  0.000E+00  0.000E+00  0.000E+00  0.000E+00  0.000E+00  0.000E+00  0.000E+00  0.000E+00  0.000E+00  0.000E+00
  0.000E+00  0.000E+00  0.000E+00  0.000E+00  0.000E+00  0.000E+00  0.000E+00  0.000E+00  0.000E+00  0.000E+00
  0.000E+00  0.000E+00  0.000E+00  0.000E+00  0.000E+00  0.000E+00  0.000E+00  0.000E+00  0.000E+00  0.000E+00
  0.000E+00  0.000E+00  0.000E+00  0.000E+00  0.000E+00  0.000E+00  0.000E+00  0.000E+00  0.000E+00  0.000E+00
  0.000E+00  0.000E+00  0.000E+00  0.000E+00  0.000E+00  0.000E+00  0.000E+00  0.000E+00  0.000E+00  0.000E+00
  0.000E+00  0.000E+00  0.000E+00  0.000E+00  0.000E+00  0.000E+00  0.000E+00  0.000E+00  0.000E+00  0.000E+00
  0.000E+00  0.000E+00  0.000E+00  0.000E+00  0.000E+00  0.000E+00  0.000E+00  0.000E+00  0.000E+00  0.000E+00
  0.000E+00  0.000E+00  0.000E+00  0.000E+00  0.000E+00  0.000E+00  0.000E+00  0.000E+00  0.000E+00  0.000E+00
  0.000E+00  0.000E+00  0.000E+00  0.000E+00  0.000E+00  0.000E+00  0.000E+00  0.000E+00  0.000E+00  0.000E+00
  0.000E+00  0.000E+00  0.000E+00  0.000E+00  0.000E+00  0.000E+00  0.000E+00  0.000E+00  0.000E+00  0.000E+00
  0.000E+00  0.000E+00  0.000E+00  0.000E+00  0.000E+00  0.000E+00  0.000E+00  0.000E+00  0.000E+00  0.000E+00
  0.000E+00  0.000E+00  0.000E+00  0.000E+00  0.000E+00  0.000E+00  0.000E+00  0.000E+00  0.000E+00  0.000E+00
  0.000E+00  0.000E+00  0.000E+00  0.000E+00  0.000E+00  0.000E+00  0.000E+00  0.000E+00  0.000E+00  0.000E+00
  0.000E+00  0.000E+00  0.000E+00  0.000E+00  0.000E+00  0.000E+00  0.000E+00  0.000E+00  0.000E+00  0.000E+00
  0.000E+00  0.000E+00  0.000E+00  0.000E+00  0.000E+00  0.000E+00  0.000E+00  0.000E+00  0.000E+00  0.000E+00
  0.000E+00  0.000E+00  0.000E+00  0.000E+00  0.000E+00  0.000E+00  0.000E+00  0.000E+00  0.000E+00  0.000E+00
  0.000E+00  0.000E+00  0.000E+00  0.000E+00  0.000E+00  0.000E+00  0.000E+00  0.000E+00  0.000E+00  0.000E+00
  0.000E+00  0.000E+00  0.000E+00  0.000E+00  0.000E+00  0.000E+00  0.000E+00  0.000E+00  0.000E+00  0.000E+00
  0.000E+00  0.000E+00  0.000E+00  0.000E+00  0.000E+00  0.000E+00  0.000E+00  0.000E+00  0.000E+00  0.000E+00
  0.000E+00  0.000E+00  0.000E+00  0.000E+00  0.000E+00  0.000E+00  0.000E+00  0.000E+00  0.000E+00  0.000E+00
  0.000E+00  0.000E+00  0.000E+00  0.000E+00  0.000E+00  0.000E+00  0.000E+00  0.000E+00  0.000E+00  0.000E+00
  0.000E+00  0.000E+00  0.000E+00  0.000E+00  0.000E+00  0.000E+00  0.000E+00  0.000E+00  0.000E+00  0.000E+00
  0.000E+00  0.000E+00  0.000E+00  0.000E+00  0.000E+00  0.000E+00  0.000E+00  0.000E+00  0.000E+00  0.000E+00
  0.000E+00  0.000E+00  0.000E+00  0.000E+00  0.000E+00  0.000E+00  0.000E+00  0.000E+00  0.000E+00  0.000E+00
  0.000E+00  0.000E+00  0.000E+00  0.000E+00  0.000E+00  0.000E+00  0.000E+00  0.000E+00  0.000E+00  0.000E+00
  0.000E+00  0.000E+00  0.000E+00  0.000E+00  0.000E+00  0.000E+00  0.000E+00  0.000E+00  0.000E+00  0.000E+00
  0.000E+00  0.000E+00  0.000E+00  0.000E+00  0.000E+00  0.000E+00  0.000E+00  0.000E+00  0.000E+00  0.000E+00
  0.000E+00  0.000E+00  0.000E+00  0.000E+00  0.000E+00  0.000E+00  0.000E+00  0.000E+00  0.000E+00  0.000E+00
  0.000E+00  0.000E+00  0.000E+00  0.000E+00  0.000E+00  0.000E+00  0.000E+00  0.000E+00  0.000E+00  0.000E+00
  0.000E+00  0.000E+00  0.000E+00  0.000E+00  0.000E+00  0.000E+00  0.000E+00  0.000E+00  0.000E+00  0.000E+00
  0.000E+00  0.000E+00  0.000E+00  0.000E+00  0.000E+00  0.000E+00  0.000E+00  0.000E+00  0.000E+00  0.000E+00
  0.000E+00  0.000E+00  0.000E+00  0.000E+00  0.000E+00  0.000E+00  0.000E+00  0.000E+00  0.000E+00  0.000E+00
  0.000E+00  0.000E+00  0.000E+00  0.000E+00  0.000E+00  0.000E+00  0.000E+00  0.000E+00  0.000E+00  0.000E+00
  0.000E+00  0.000E+00  0.000E+00  0.000E+00  0.000E+00  0.000E+00  0.000E+00  0.000E+00  0.000E+00  0.000E+00
  0.000E+00  0.000E+00  0.000E+00  0.000E+00  0.000E+00  0.000E+00  0.000E+00  0.000E+00  0.000E+00  0.000E+00
  0.000E+00  0.000E+00  0.000E+00  0.000E+00  0.000E+00  0.000E+00  0.000E+00  0.000E+00  0.000E+00  0.000E+00
  0.000E+00  0.000E+00  0.000E+00  0.000E+00  0.000E+00  0.000E+00  0.000E+00  0.000E+00  0.000E+00  0.000E+00
  0.000E+00  0.000E+00  0.000E+00  0.000E+00  0.000E+00  0.000E+00  0.000E+00  0.000E+00  0.000E+00  0.000E+00
  0.000E+00  0.000E+00  0.000E+00  0.000E+00  0.000E+00  0.000E+00  0.000E+00  0.000E+00  0.000E+00  0.000E+00
  0.000E+00  0.000E+00  0.000E+00  0.000E+00  0.000E+00  0.000E+00  0.000E+00  0.000E+00  0.000E+00  0.000E+00
  0.000E+00  0.000E+00  0.000E+00  0.000E+00  0.000E+00  0.000E+00  0.000E+00  0.000E+00  0.000E+00  0.000E+00
  0.000E+00  0.000E+00  0.000E+00  0.000E+00  0.000E+00  0.000E+00  0.000E+00  0.000E+00  0.000E+00  0.000E+00
  0.000E+00  0.000E+00  0.000E+00  0.000E+00  0.000E+00  0.000E+00  0.000E+00  0.000E+00  0.000E+00  0.000E+00
  0.000E+00  0.000E+00  0.000E+00  0.000E+00  0.000E+00  0.000E+00  0.000E+00  0.000E+00  0.000E+00  0.000E+00
  0.000E+00  0.000E+00  0.000E+00  0.000E+00  0.000E+00  0.000E+00  0.000E+00  0.000E+00  0.000E+00  0.000E+00
  0.000E+00  0.000E+00  0.000E+00  0.000E+00  0.000E+00  0.000E+00  0.000E+00  0.000E+00  0.000E+00  0.000E+00
  0.000E+00  0.000E+00  0.000E+00  0.000E+00  0.000E+00  0.000E+00  0.000E+00  0.000E+00  0.000E+00  0.000E+00
  0.000E+00  0.000E+00  0.000E+00  0.000E+00  0.000E+00  0.000E+00  0.000E+00  0.000E+00  0.000E+00  0.000E+00
  0.000E+00  0.000E+00  0.000E+00  0.000E+00  0.000E+00  0.000E+00  0.000E+00  0.000E+00  0.000E+00  0.000E+00
  0.000E+00  0.000E+00  0.000E+00  0.000E+00  0.000E+00  0.000E+00  0.000E+00  0.000E+00  0.000E+00  0.000E+00
  0.000E+00  0.000E+00  0.000E+00  0.000E+00  0.000E+00  0.000E+00  0.000E+00  0.000E+00  0.000E+00  0.000E+00
  0.000E+00  0.000E+00  0.000E+00  0.000E+00  0.000E+00  0.000E+00  0.000E+00  0.000E+00  0.000E+00  0.000E+00
  0.000E+00  0.000E+00  0.000E+00  0.000E+00  0.000E+00  0.000E+00  0.000E+00  0.000E+00  0.000E+00  0.000E+00
  0.000E+00  0.000E+00  0.000E+00  0.000E+00  0.000E+00  0.000E+00  0.000E+00  0.000E+00  0.000E+00  0.000E+00
  0.000E+00  0.000E+00  0.000E+00  0.000E+00  0.000E+00  0.000E+00  0.000E+00  0.000E+00  0.000E+00  0.000E+00
  0.000E+00  0.000E+00  0.000E+00  0.000E+00  0.000E+00  0.000E+00  0.000E+00  0.000E+00  0.000E+00  0.000E+00
  0.000E+00  0.000E+00  0.000E+00  0.000E+00  0.000E+00  0.000E+00  0.000E+00  0.000E+00  0.000E+00  0.000E+00
  0.000E+00  0.000E+00  0.000E+00  0.000E+00  0.000E+00  0.000E+00  0.000E+00  0.000E+00  0.000E+00  0.000E+00
  0.000E+00  0.000E+00  0.000E+00  0.000E+00  0.000E+00  0.000E+00  0.000E+00  0.000E+00  0.000E+00  0.000E+00
  0.000E+00  0.000E+00  0.000E+00  0.000E+00  0.000E+00  0.000E+00  0.000E+00  0.000E+00  0.000E+00  0.000E+00
  0.000E+00  0.000E+00  0.000E+00  0.000E+00  0.000E+00  0.000E+00  0.000E+00  0.000E+00  0.000E+00  0.000E+00
  0.000E+00  0.000E+00  0.000E+00  0.000E+00  0.000E+00  0.000E+00  0.000E+00  0.000E+00  0.000E+00  0.000E+00
  0.000E+00  0.000E+00  0.000E+00  0.000E+00  0.000E+00  0.000E+00  0.000E+00  0.000E+00  0.000E+00  0.000E+00
  0.000E+00  0.000E+00  0.000E+00  0.000E+00  0.000E+00  0.000E+00  0.000E+00  0.000E+00  0.000E+00  0.000E+00
  0.000E+00  0.000E+00  0.000E+00  0.000E+00  0.000E+00  0.000E+00  0.000E+00  0.000E+00  0.000E+00  0.000E+00
  0.000E+00  0.000E+00  0.000E+00  0.000E+00  0.000E+00  0.000E+00  0.000E+00  0.000E+00  0.000E+00  0.000E+00
  0.000E+00  0.000E+00  0.000E+00  0.000E+00  0.000E+00  0.000E+00  0.000E+00  0.000E+00  0.000E+00  0.000E+00
  0.000E+00  0.000E+00  0.000E+00  0.000E+00  0.000E+00  0.000E+00  0.000E+00  0.000E+00  0.000E+00  0.000E+00
  0.000E+00  0.000E+00  0.000E+00  0.000E+00  0.000E+00  0.000E+00  0.000E+00  0.000E+00  0.000E+00  0.000E+00
  0.000E+00  0.000E+00  0.000E+00  0.000E+00  0.000E+00  0.000E+00  0.000E+00  0.000E+00  0.000E+00  0.000E+00
  0.000E+00  0.000E+00  0.000E+00  0.000E+00  0.000E+00  0.000E+00  0.000E+00  0.000E+00  0.000E+00  0.000E+00
  0.000E+00  0.000E+00  0.000E+00  0.000E+00  0.000E+00  0.000E+00  0.000E+00  0.000E+00  0.000E+00  0.000E+00
  0.000E+00  0.000E+00  0.000E+00  0.000E+00  0.000E+00  0.000E+00  0.000E+00  0.000E+00  0.000E+00  0.000E+00
  0.000E+00  0.000E+00  0.000E+00  0.000E+00  0.000E+00  0.000E+00  0.000E+00  0.000E+00  0.000E+00  0.000E+00
  0.000E+00  0.000E+00  0.000E+00  0.000E+00  0.000E+00  0.000E+00  0.000E+00  0.000E+00  0.000E+00  0.000E+00
  0.000E+00  0.000E+00  0.000E+00  0.000E+00  0.000E+00  0.000E+00  0.000E+00  0.000E+00  0.000E+00  0.000E+00
  0.000E+00  0.000E+00  0.000E+00  0.000E+00  0.000E+00  0.000E+00  0.000E+00  0.000E+00  0.000E+00  0.000E+00
  0.000E+00  0.000E+00  0.000E+00  0.000E+00  0.000E+00  0.000E+00  0.000E+00  0.000E+00  0.000E+00  0.000E+00
  0.000E+00  0.000E+00  0.000E+00  0.000E+00  0.000E+00  0.000E+00  0.000E+00  0.000E+00  0.000E+00  0.000E+00
  0.000E+00  0.000E+00  0.000E+00  0.000E+00  0.000E+00  0.000E+00  0.000E+00  0.000E+00  0.000E+00  0.000E+00
  0.000E+00  0.000E+00  0.000E+00  0.000E+00  0.000E+00  0.000E+00  0.000E+00  0.000E+00  0.000E+00  0.000E+00
  0.000E+00  0.000E+00  0.000E+00  0.000E+00  0.000E+00  0.000E+00  0.000E+00  0.000E+00  0.000E+00  0.000E+00
  0.000E+00  0.000E+00  0.000E+00  0.000E+00  0.000E+00  0.000E+00  0.000E+00  0.000E+00  0.000E+00  0.000E+00
  0.000E+00  0.000E+00  0.000E+00  0.000E+00  0.000E+00  0.000E+00  0.000E+00  0.000E+00  0.000E+00  0.000E+00
  0.000E+00  0.000E+00  0.000E+00  0.000E+00  0.000E+00  0.000E+00  0.000E+00  0.000E+00  0.000E+00  0.000E+00
  0.000E+00  0.000E+00  0.000E+00  0.000E+00  0.000E+00  0.000E+00  0.000E+00  0.000E+00  0.000E+00  0.000E+00
  0.000E+00  0.000E+00  0.000E+00  0.000E+00  0.000E+00  0.000E+00  0.000E+00  0.000E+00  0.000E+00  0.000E+00
  0.000E+00  0.000E+00  0.000E+00  0.000E+00  0.000E+00  0.000E+00  0.000E+00  0.000E+00  0.000E+00  0.000E+00
  0.000E+00  0.000E+00  0.000E+00  0.000E+00  0.000E+00  0.000E+00  0.000E+00  0.000E+00  0.000E+00  0.000E+00
  0.000E+00  0.000E+00  0.000E+00  0.000E+00  0.000E+00  0.000E+00  0.000E+00  0.000E+00  0.000E+00  0.000E+00
  0.000E+00  0.000E+00  0.000E+00  0.000E+00  0.000E+00  0.000E+00  0.000E+00  0.000E+00  0.000E+00  0.000E+00
  0.000E+00  0.000E+00  0.000E+00  0.000E+00  0.000E+00  0.000E+00  0.000E+00  0.000E+00  0.000E+00  0.000E+00
  0.000E+00  0.000E+00  0.000E+00  0.000E+00  0.000E+00  0.000E+00  0.000E+00  0.000E+00  0.000E+00  0.000E+00
  0.000E+00  0.000E+00  0.000E+00  0.000E+00  0.000E+00  0.000E+00  0.000E+00  0.000E+00  0.000E+00  0.000E+00
  0.000E+00  0.000E+00  0.000E+00  0.000E+00  0.000E+00  0.000E+00  0.000E+00  0.000E+00  0.000E+00  0.000E+00
  0.000E+00  0.000E+00  0.000E+00  0.000E+00  0.000E+00  0.000E+00  0.000E+00  0.000E+00  0.000E+00  0.000E+00
  0.000E+00  0.000E+00  0.000E+00  0.000E+00  0.000E+00  0.000E+00  0.000E+00  0.000E+00  0.000E+00  0.000E+00
  0.000E+00  0.000E+00  0.000E+00  0.000E+00  0.000E+00  0.000E+00  0.000E+00  0.000E+00  0.000E+00  0.000E+00
  0.000E+00  0.000E+00  0.000E+00  0.000E+00  0.000E+00  0.000E+00  0.000E+00  0.000E+00  0.000E+00  0.000E+00
  0.000E+00  0.000E+00  0.000E+00  0.000E+00  0.000E+00  0.000E+00  0.000E+00  0.000E+00  0.000E+00  0.000E+00
  0.000E+00  0.000E+00  0.000E+00  0.000E+00  0.000E+00  0.000E+00  0.000E+00  0.000E+00  0.000E+00  0.000E+00
  0.000E+00  0.000E+00  0.000E+00  0.000E+00  0.000E+00  0.000E+00  0.000E+00  0.000E+00  0.000E+00  0.000E+00
  0.000E+00  0.000E+00  0.000E+00  0.000E+00  0.000E+00  0.000E+00  0.000E+00  0.000E+00  0.000E+00  0.000E+00
  0.000E+00  0.000E+00  0.000E+00  0.000E+00  0.000E+00  0.000E+00  0.000E+00  0.000E+00  0.000E+00  0.000E+00
  0.000E+00  0.000E+00  0.000E+00  0.000E+00  0.000E+00  0.000E+00  0.000E+00  0.000E+00  0.000E+00  0.000E+00
  0.000E+00  0.000E+00  0.000E+00  0.000E+00  0.000E+00  0.000E+00  0.000E+00  0.000E+00  0.000E+00  0.000E+00
  0.000E+00  0.000E+00  0.000E+00  0.000E+00  0.000E+00  0.000E+00  0.000E+00  0.000E+00  0.000E+00  0.000E+00
  0.000E+00  0.000E+00  0.000E+00  0.000E+00  0.000E+00  0.000E+00  0.000E+00  0.000E+00  0.000E+00  0.000E+00
  0.000E+00  0.000E+00  0.000E+00  0.000E+00  0.000E+00  0.000E+00  0.000E+00  0.000E+00  0.000E+00  0.000E+00
  0.000E+00  0.000E+00  0.000E+00  0.000E+00  0.000E+00  0.000E+00  0.000E+00  0.000E+00  0.000E+00  0.000E+00
  0.000E+00  0.000E+00  0.000E+00  0.000E+00  0.000E+00  0.000E+00  0.000E+00  0.000E+00  0.000E+00  0.000E+00
  0.000E+00  0.000E+00  0.000E+00  0.000E+00  0.000E+00  0.000E+00  0.000E+00  0.000E+00  0.000E+00  0.000E+00
  0.000E+00  0.000E+00  0.000E+00  0.000E+00  0.000E+00  0.000E+00  0.000E+00  0.000E+00  0.000E+00  0.000E+00
  0.000E+00  0.000E+00  0.000E+00  0.000E+00  0.000E+00  0.000E+00  0.000E+00  0.000E+00  0.000E+00  0.000E+00
  0.000E+00  0.000E+00  0.000E+00  0.000E+00  0.000E+00  0.000E+00  0.000E+00  0.000E+00  0.000E+00  0.000E+00
  0.000E+00  0.000E+00  0.000E+00  0.000E+00  0.000E+00  0.000E+00  0.000E+00  0.000E+00  0.000E+00  0.000E+00
  0.000E+00  0.000E+00  0.000E+00  0.000E+00  0.000E+00  0.000E+00  0.000E+00  0.000E+00  0.000E+00  0.000E+00
  0.000E+00  0.000E+00  0.000E+00  0.000E+00  0.000E+00  0.000E+00  0.000E+00  0.000E+00  0.000E+00  0.000E+00
  0.000E+00  0.000E+00  0.000E+00  0.000E+00  0.000E+00  0.000E+00  0.000E+00  0.000E+00  0.000E+00  0.000E+00
  0.000E+00  0.000E+00  0.000E+00  0.000E+00  0.000E+00  0.000E+00  0.000E+00  0.000E+00  0.000E+00  0.000E+00
  0.000E+00  0.000E+00  0.000E+00  0.000E+00  0.000E+00  0.000E+00  0.000E+00  0.000E+00  0.000E+00  0.000E+00
  0.000E+00  0.000E+00  0.000E+00  0.000E+00  0.000E+00  0.000E+00  0.000E+00  0.000E+00  0.000E+00  0.000E+00
  0.000E+00  0.000E+00  0.000E+00  0.000E+00  0.000E+00  0.000E+00  0.000E+00  0.000E+00  0.000E+00  0.000E+00
  0.000E+00  0.000E+00  0.000E+00  0.000E+00  0.000E+00  0.000E+00  0.000E+00  0.000E+00  0.000E+00  0.000E+00
  0.000E+00  0.000E+00  0.000E+00  0.000E+00  0.000E+00  0.000E+00  0.000E+00  0.000E+00  0.000E+00  0.000E+00
  0.000E+00  0.000E+00  0.000E+00  0.000E+00  0.000E+00  0.000E+00  0.000E+00  0.000E+00  0.000E+00  0.000E+00
  0.000E+00  0.000E+00  0.000E+00  0.000E+00  0.000E+00  0.000E+00  0.000E+00  0.000E+00  0.000E+00  0.000E+00
  0.000E+00  0.000E+00  0.000E+00  0.000E+00  0.000E+00  0.000E+00  0.000E+00  0.000E+00  0.000E+00  0.000E+00
  0.000E+00  0.000E+00  0.000E+00  0.000E+00  0.000E+00  0.000E+00  0.000E+00  0.000E+00  0.000E+00  0.000E+00
  0.000E+00  0.000E+00  0.000E+00  0.000E+00  0.000E+00  0.000E+00  0.000E+00  0.000E+00  0.000E+00  0.000E+00
  0.000E+00  0.000E+00  0.000E+00  0.000E+00  0.000E+00  0.000E+00  0.000E+00  0.000E+00  0.000E+00  0.000E+00
  0.000E+00  0.000E+00  0.000E+00  0.000E+00  0.000E+00  0.000E+00  0.000E+00  0.000E+00  0.000E+00  0.000E+00
  0.000E+00  0.000E+00  0.000E+00  0.000E+00  0.000E+00  0.000E+00  0.000E+00  0.000E+00  0.000E+00  0.000E+00
  0.000E+00  0.000E+00  0.000E+00  0.000E+00  0.000E+00  0.000E+00  0.000E+00  0.000E+00  0.000E+00  0.000E+00
  0.000E+00  0.000E+00  0.000E+00  0.000E+00  0.000E+00  0.000E+00  0.000E+00  0.000E+00  0.000E+00  0.000E+00
  0.000E+00  0.000E+00  0.000E+00  0.000E+00  0.000E+00  0.000E+00  0.000E+00  0.000E+00  0.000E+00  0.000E+00
  0.000E+00  0.000E+00  0.000E+00  0.000E+00  0.000E+00  0.000E+00  0.000E+00  0.000E+00  0.000E+00  0.000E+00
  0.000E+00  0.000E+00  0.000E+00  0.000E+00  0.000E+00  0.000E+00  0.000E+00  0.000E+00  0.000E+00  0.000E+00
  0.000E+00  0.000E+00  0.000E+00  0.000E+00  0.000E+00  0.000E+00  0.000E+00  0.000E+00  0.000E+00  0.000E+00
  0.000E+00  0.000E+00  0.000E+00  0.000E+00  0.000E+00  0.000E+00  0.000E+00  0.000E+00  0.000E+00  0.000E+00
  0.000E+00  0.000E+00  0.000E+00  0.000E+00  0.000E+00  0.000E+00  0.000E+00  0.000E+00  0.000E+00  0.000E+00
  0.000E+00  0.000E+00  0.000E+00  0.000E+00  0.000E+00  0.000E+00  0.000E+00  0.000E+00  0.000E+00  0.000E+00
  0.000E+00  0.000E+00  0.000E+00  0.000E+00  0.000E+00  0.000E+00  0.000E+00  0.000E+00  0.000E+00  0.000E+00
  0.000E+00  0.000E+00  0.000E+00  0.000E+00  0.000E+00  0.000E+00  0.000E+00  0.000E+00  0.000E+00  0.000E+00
  0.000E+00  0.000E+00  0.000E+00  0.000E+00  0.000E+00  0.000E+00  0.000E+00  0.000E+00  0.000E+00  0.000E+00
  0.000E+00  0.000E+00  0.000E+00  0.000E+00  0.000E+00  0.000E+00  0.000E+00  0.000E+00  0.000E+00  0.000E+00
  0.000E+00  0.000E+00  0.000E+00  0.000E+00  0.000E+00  0.000E+00  0.000E+00  0.000E+00  0.000E+00  0.000E+00
  0.000E+00  0.000E+00  0.000E+00  0.000E+00  0.000E+00  0.000E+00  0.000E+00  0.000E+00  0.000E+00  0.000E+00
  0.000E+00  0.000E+00  0.000E+00  0.000E+00  0.000E+00  0.000E+00  0.000E+00  0.000E+00  0.000E+00  0.000E+00
  0.000E+00  0.000E+00  0.000E+00  0.000E+00  0.000E+00  0.000E+00  0.000E+00  0.000E+00  0.000E+00  0.000E+00
  0.000E+00  0.000E+00  0.000E+00  0.000E+00  0.000E+00  0.000E+00  0.000E+00  0.000E+00  0.000E+00  0.000E+00
  0.000E+00  0.000E+00  0.000E+00  0.000E+00  0.000E+00  0.000E+00  0.000E+00  0.000E+00  0.000E+00  0.000E+00
  0.000E+00  0.000E+00  0.000E+00  0.000E+00  0.000E+00  0.000E+00  0.000E+00  0.000E+00  0.000E+00  0.000E+00
  0.000E+00  0.000E+00  0.000E+00  0.000E+00  0.000E+00  0.000E+00  0.000E+00  0.000E+00  0.000E+00  0.000E+00
  0.000E+00  0.000E+00  0.000E+00  0.000E+00  0.000E+00  0.000E+00  0.000E+00  0.000E+00  0.000E+00  0.000E+00
  0.000E+00  0.000E+00  0.000E+00  0.000E+00  0.000E+00  0.000E+00  0.000E+00  0.000E+00  0.000E+00  0.000E+00
  0.000E+00  0.000E+00  0.000E+00  0.000E+00  0.000E+00  0.000E+00  0.000E+00  0.000E+00  0.000E+00  0.000E+00
  0.000E+00  0.000E+00  0.000E+00  0.000E+00  0.000E+00  0.000E+00  0.000E+00  0.000E+00  0.000E+00  0.000E+00
  0.000E+00  0.000E+00  0.000E+00  0.000E+00  0.000E+00  0.000E+00  0.000E+00  0.000E+00  0.000E+00  0.000E+00
  0.000E+00  0.000E+00  0.000E+00  0.000E+00  0.000E+00  0.000E+00  0.000E+00  0.000E+00  0.000E+00  0.000E+00
  0.000E+00  0.000E+00  0.000E+00  0.000E+00  0.000E+00  0.000E+00  0.000E+00  0.000E+00  0.000E+00  0.000E+00
  0.000E+00  0.000E+00  0.000E+00  0.000E+00  0.000E+00  0.000E+00  0.000E+00  0.000E+00  0.000E+00  0.000E+00
  0.000E+00  0.000E+00  0.000E+00  0.000E+00  0.000E+00  0.000E+00  0.000E+00  0.000E+00  0.000E+00  0.000E+00
  0.000E+00  0.000E+00  0.000E+00  0.000E+00  0.000E+00  0.000E+00  0.000E+00  0.000E+00  0.000E+00  0.000E+00
  0.000E+00  0.000E+00  0.000E+00  0.000E+00  0.000E+00  0.000E+00  0.000E+00  0.000E+00  0.000E+00  0.000E+00
  0.000E+00  0.000E+00  0.000E+00  0.000E+00  0.000E+00  0.000E+00  0.000E+00  0.000E+00  0.000E+00  0.000E+00
  0.000E+00  0.000E+00  0.000E+00  0.000E+00  0.000E+00  0.000E+00  0.000E+00  0.000E+00  0.000E+00  0.000E+00
  0.000E+00  0.000E+00  0.000E+00  0.000E+00  0.000E+00  0.000E+00  0.000E+00  0.000E+00  0.000E+00  0.000E+00
  0.000E+00  0.000E+00  0.000E+00  0.000E+00  0.000E+00  0.000E+00  0.000E+00  0.000E+00  0.000E+00  0.000E+00
  0.000E+00  0.000E+00  0.000E+00  0.000E+00  0.000E+00  0.000E+00  0.000E+00  0.000E+00  0.000E+00  0.000E+00
  0.000E+00  0.000E+00  0.000E+00  0.000E+00  0.000E+00  0.000E+00  0.000E+00  0.000E+00  0.000E+00  0.000E+00
  0.000E+00  0.000E+00  0.000E+00  0.000E+00  0.000E+00  0.000E+00  0.000E+00  0.000E+00  0.000E+00  0.000E+00
  0.000E+00  0.000E+00  0.000E+00  0.000E+00  0.000E+00  0.000E+00  0.000E+00  0.000E+00  0.000E+00  0.000E+00
  0.000E+00  0.000E+00  0.000E+00  0.000E+00  0.000E+00  0.000E+00  0.000E+00  0.000E+00  0.000E+00  0.000E+00
  0.000E+00  0.000E+00  0.000E+00  0.000E+00  0.000E+00  0.000E+00  0.000E+00  0.000E+00  0.000E+00  0.000E+00
  0.000E+00  0.000E+00  0.000E+00  0.000E+00  0.000E+00  0.000E+00  0.000E+00  0.000E+00  0.000E+00  0.000E+00
  0.000E+00  0.000E+00  0.000E+00  0.000E+00  0.000E+00  0.000E+00  0.000E+00  0.000E+00  0.000E+00  0.000E+00
  0.000E+00  0.000E+00  0.000E+00  0.000E+00  0.000E+00  0.000E+00  0.000E+00  0.000E+00  0.000E+00  0.000E+00
  0.000E+00  0.000E+00  0.000E+00  0.000E+00  0.000E+00  0.000E+00  0.000E+00  0.000E+00  0.000E+00  0.000E+00
  0.000E+00  0.000E+00  0.000E+00  0.000E+00  0.000E+00  0.000E+00  0.000E+00  0.000E+00  0.000E+00  0.000E+00
  0.000E+00  0.000E+00  0.000E+00  0.000E+00  0.000E+00  0.000E+00  0.000E+00  0.000E+00  0.000E+00  0.000E+00
  0.000E+00  0.000E+00  0.000E+00  0.000E+00  0.000E+00  0.000E+00  0.000E+00  0.000E+00  0.000E+00  0.000E+00
  0.000E+00  0.000E+00  0.000E+00  0.000E+00  0.000E+00  0.000E+00  0.000E+00  0.000E+00  0.000E+00  0.000E+00
  0.000E+00  0.000E+00  0.000E+00  0.000E+00  0.000E+00  0.000E+00  0.000E+00  0.000E+00  0.000E+00  0.000E+00
  0.000E+00  0.000E+00  0.000E+00  0.000E+00  0.000E+00  0.000E+00  0.000E+00  0.000E+00  0.000E+00  0.000E+00
  0.000E+00  0.000E+00  0.000E+00  0.000E+00  0.000E+00  0.000E+00  0.000E+00  0.000E+00  0.000E+00  0.000E+00
  0.000E+00  0.000E+00  0.000E+00  0.000E+00  0.000E+00  0.000E+00  0.000E+00  0.000E+00  0.000E+00  0.000E+00
  0.000E+00  0.000E+00  0.000E+00  0.000E+00  0.000E+00  0.000E+00  0.000E+00  0.000E+00  0.000E+00  0.000E+00
  0.000E+00  0.000E+00  0.000E+00  0.000E+00  0.000E+00  0.000E+00  0.000E+00  0.000E+00  0.000E+00  0.000E+00
  0.000E+00  0.000E+00  0.000E+00  0.000E+00  0.000E+00  0.000E+00  0.000E+00  0.000E+00  0.000E+00  0.000E+00
  0.000E+00  0.000E+00  0.000E+00  0.000E+00  0.000E+00  0.000E+00  0.000E+00  0.000E+00  0.000E+00  0.000E+00
  0.000E+00  0.000E+00  0.000E+00  0.000E+00  0.000E+00  0.000E+00  0.000E+00  0.000E+00  0.000E+00  0.000E+00
  0.000E+00  0.000E+00  0.000E+00  0.000E+00  0.000E+00  0.000E+00  0.000E+00  0.000E+00  0.000E+00  0.000E+00
  0.000E+00  0.000E+00  0.000E+00  0.000E+00  0.000E+00  0.000E+00  0.000E+00  0.000E+00  0.000E+00  0.000E+00
  0.000E+00  0.000E+00  0.000E+00  0.000E+00  0.000E+00  0.000E+00  0.000E+00  0.000E+00  0.000E+00  0.000E+00
  0.000E+00  0.000E+00  0.000E+00  0.000E+00  0.000E+00  0.000E+00  0.000E+00  0.000E+00  0.000E+00  0.000E+00
  0.000E+00  0.000E+00  0.000E+00  0.000E+00  0.000E+00  0.000E+00  0.000E+00  0.000E+00  0.000E+00  0.000E+00
  0.000E+00  0.000E+00  0.000E+00  0.000E+00  0.000E+00  0.000E+00  0.000E+00  0.000E+00  0.000E+00  0.000E+00
  0.000E+00  0.000E+00  0.000E+00  0.000E+00  0.000E+00  0.000E+00  0.000E+00  0.000E+00  0.000E+00  0.000E+00
  0.000E+00  0.000E+00  0.000E+00  0.000E+00  0.000E+00  0.000E+00  0.000E+00  0.000E+00  0.000E+00  0.000E+00
  0.000E+00  0.000E+00  0.000E+00  0.000E+00  0.000E+00  0.000E+00  0.000E+00  0.000E+00  0.000E+00  0.000E+00
  0.000E+00  0.000E+00  0.000E+00  0.000E+00  0.000E+00  0.000E+00  0.000E+00  0.000E+00  0.000E+00  0.000E+00
  0.000E+00  0.000E+00  0.000E+00  0.000E+00  0.000E+00  0.000E+00  0.000E+00  0.000E+00  0.000E+00  0.000E+00
  0.000E+00  0.000E+00  0.000E+00  0.000E+00  0.000E+00  0.000E+00  0.000E+00  0.000E+00  0.000E+00  0.000E+00
  0.000E+00  0.000E+00  0.000E+00  0.000E+00  0.000E+00  0.000E+00  0.000E+00  0.000E+00  0.000E+00  0.000E+00
  0.000E+00  0.000E+00  0.000E+00  0.000E+00  0.000E+00  0.000E+00  0.000E+00  0.000E+00  0.000E+00  0.000E+00
  0.000E+00  0.000E+00  0.000E+00  0.000E+00  0.000E+00  0.000E+00  0.000E+00  0.000E+00  0.000E+00  0.000E+00
  0.000E+00  0.000E+00  0.000E+00  0.000E+00  0.000E+00  0.000E+00  0.000E+00  0.000E+00  0.000E+00  0.000E+00
  0.000E+00  0.000E+00  0.000E+00  0.000E+00  0.000E+00  0.000E+00  0.000E+00  0.000E+00  0.000E+00  0.000E+00
  0.000E+00  0.000E+00  0.000E+00  0.000E+00  0.000E+00  0.000E+00  0.000E+00  0.000E+00  0.000E+00  0.000E+00
  0.000E+00  0.000E+00  0.000E+00  0.000E+00  0.000E+00  0.000E+00  0.000E+00  0.000E+00  0.000E+00  0.000E+00
  0.000E+00  0.000E+00  0.000E+00  0.000E+00  0.000E+00  0.000E+00  0.000E+00  0.000E+00  0.000E+00  0.000E+00
  0.000E+00  0.000E+00  0.000E+00  0.000E+00  0.000E+00  0.000E+00  0.000E+00  0.000E+00  0.000E+00  0.000E+00
  0.000E+00  0.000E+00  0.000E+00  0.000E+00  0.000E+00  0.000E+00  0.000E+00  0.000E+00  0.000E+00  0.000E+00
  0.000E+00  0.000E+00  0.000E+00  0.000E+00  0.000E+00  0.000E+00  0.000E+00  0.000E+00  0.000E+00  0.000E+00
  0.000E+00  0.000E+00  0.000E+00  0.000E+00  0.000E+00  0.000E+00  0.000E+00  0.000E+00  0.000E+00  0.000E+00
  0.000E+00  0.000E+00  0.000E+00  0.000E+00  0.000E+00  0.000E+00  0.000E+00  0.000E+00  0.000E+00  0.000E+00
  0.000E+00  0.000E+00  0.000E+00  0.000E+00  0.000E+00  0.000E+00  0.000E+00  0.000E+00  0.000E+00  0.000E+00
  0.000E+00  0.000E+00  0.000E+00  0.000E+00  0.000E+00  0.000E+00  0.000E+00  0.000E+00  0.000E+00  0.000E+00
  0.000E+00  0.000E+00  0.000E+00  0.000E+00  0.000E+00  0.000E+00  0.000E+00  0.000E+00  0.000E+00  0.000E+00
  0.000E+00  0.000E+00  0.000E+00  0.000E+00  0.000E+00  0.000E+00  0.000E+00  0.000E+00  0.000E+00  0.000E+00
  0.000E+00  0.000E+00  0.000E+00  0.000E+00  0.000E+00  0.000E+00  0.000E+00  0.000E+00  0.000E+00  0.000E+00
  0.000E+00  0.000E+00  0.000E+00  0.000E+00  0.000E+00  0.000E+00  0.000E+00  0.000E+00  0.000E+00  0.000E+00
  0.000E+00  0.000E+00  0.000E+00  0.000E+00  0.000E+00  0.000E+00  0.000E+00  0.000E+00  0.000E+00  0.000E+00
  0.000E+00  0.000E+00  0.000E+00  0.000E+00  0.000E+00  0.000E+00  0.000E+00  0.000E+00  0.000E+00  0.000E+00
  0.000E+00  0.000E+00  0.000E+00  0.000E+00  0.000E+00  0.000E+00  0.000E+00  0.000E+00  0.000E+00  0.000E+00
  0.000E+00  0.000E+00  0.000E+00  0.000E+00  0.000E+00  0.000E+00  0.000E+00  0.000E+00  0.000E+00  0.000E+00
  0.000E+00  0.000E+00  0.000E+00  0.000E+00  0.000E+00  0.000E+00  0.000E+00  0.000E+00  0.000E+00  0.000E+00
  0.000E+00  0.000E+00  0.000E+00  0.000E+00  0.000E+00  0.000E+00  0.000E+00  0.000E+00  0.000E+00  0.000E+00
  0.000E+00  0.000E+00  0.000E+00  0.000E+00  0.000E+00  0.000E+00  0.000E+00  0.000E+00  0.000E+00  0.000E+00
  0.000E+00  0.000E+00  0.000E+00  0.000E+00  0.000E+00  0.000E+00  0.000E+00  0.000E+00  0.000E+00  0.000E+00
  0.000E+00  0.000E+00  0.000E+00  0.000E+00  0.000E+00  0.000E+00  0.000E+00  0.000E+00  0.000E+00  0.000E+00
  0.000E+00  0.000E+00  0.000E+00  0.000E+00  0.000E+00  0.000E+00  0.000E+00  0.000E+00  0.000E+00  0.000E+00
  0.000E+00  0.000E+00  0.000E+00  0.000E+00  0.000E+00  0.000E+00  0.000E+00  0.000E+00  0.000E+00  0.000E+00
  0.000E+00  0.000E+00  0.000E+00  0.000E+00  0.000E+00  0.000E+00  0.000E+00  0.000E+00  0.000E+00  0.000E+00
  0.000E+00  0.000E+00  0.000E+00  0.000E+00  0.000E+00  0.000E+00  0.000E+00  0.000E+00  0.000E+00  0.000E+00
  0.000E+00  0.000E+00  0.000E+00  0.000E+00  0.000E+00  0.000E+00  0.000E+00  0.000E+00  0.000E+00  0.000E+00
  0.000E+00  0.000E+00  0.000E+00  0.000E+00  0.000E+00  0.000E+00  0.000E+00  0.000E+00  0.000E+00  0.000E+00
  0.000E+00  0.000E+00  0.000E+00  0.000E+00  0.000E+00  0.000E+00  0.000E+00  0.000E+00  0.000E+00  0.000E+00
  0.000E+00  0.000E+00  0.000E+00  0.000E+00  0.000E+00  0.000E+00  0.000E+00  0.000E+00  0.000E+00  0.000E+00
  0.000E+00  0.000E+00  0.000E+00  0.000E+00  0.000E+00  0.000E+00  0.000E+00  0.000E+00  0.000E+00  0.000E+00
  0.000E+00  0.000E+00  0.000E+00  0.000E+00  0.000E+00  0.000E+00  0.000E+00  0.000E+00  0.000E+00  0.000E+00
  0.000E+00  0.000E+00  0.000E+00  0.000E+00  0.000E+00  0.000E+00  0.000E+00  0.000E+00  0.000E+00  0.000E+00
  0.000E+00  0.000E+00  0.000E+00  0.000E+00  0.000E+00  0.000E+00  0.000E+00  0.000E+00  0.000E+00  0.000E+00
  0.000E+00  0.000E+00  0.000E+00  0.000E+00  0.000E+00  0.000E+00  0.000E+00  0.000E+00  0.000E+00  0.000E+00
  0.000E+00  0.000E+00  0.000E+00  0.000E+00  0.000E+00  0.000E+00  0.000E+00  0.000E+00  0.000E+00  0.000E+00
  0.000E+00  0.000E+00  0.000E+00  0.000E+00  0.000E+00  0.000E+00  0.000E+00  0.000E+00  0.000E+00  0.000E+00
  0.000E+00  0.000E+00  0.000E+00  0.000E+00  0.000E+00  0.000E+00  0.000E+00  0.000E+00  0.000E+00  0.000E+00
  0.000E+00  0.000E+00  0.000E+00  0.000E+00  0.000E+00  0.000E+00  0.000E+00  0.000E+00  0.000E+00  0.000E+00
  0.000E+00  0.000E+00  0.000E+00  0.000E+00  0.000E+00  0.000E+00  0.000E+00  0.000E+00  0.000E+00  0.000E+00
  0.000E+00  0.000E+00  0.000E+00  0.000E+00  0.000E+00  0.000E+00  0.000E+00  0.000E+00  0.000E+00  0.000E+00
  0.000E+00  0.000E+00  0.000E+00  0.000E+00  0.000E+00  0.000E+00  0.000E+00  0.000E+00  0.000E+00  0.000E+00
  0.000E+00  0.000E+00  0.000E+00  0.000E+00  0.000E+00  0.000E+00  0.000E+00  0.000E+00  0.000E+00  0.000E+00
  0.000E+00  0.000E+00  0.000E+00  0.000E+00  0.000E+00  0.000E+00  0.000E+00  0.000E+00  0.000E+00  0.000E+00
  0.000E+00  0.000E+00  0.000E+00  0.000E+00  0.000E+00  0.000E+00  0.000E+00  0.000E+00  0.000E+00  0.000E+00
  0.000E+00  0.000E+00  0.000E+00  0.000E+00  0.000E+00  0.000E+00  0.000E+00  0.000E+00  0.000E+00  0.000E+00
  0.000E+00  0.000E+00  0.000E+00  0.000E+00  0.000E+00  0.000E+00  0.000E+00  0.000E+00  0.000E+00  0.000E+00
  0.000E+00  0.000E+00  0.000E+00  0.000E+00  0.000E+00  0.000E+00  0.000E+00  0.000E+00  0.000E+00  0.000E+00
  0.000E+00  0.000E+00  0.000E+00  0.000E+00  0.000E+00  0.000E+00  0.000E+00  0.000E+00  0.000E+00  0.000E+00
  0.000E+00  0.000E+00  0.000E+00  0.000E+00  0.000E+00  0.000E+00  0.000E+00  0.000E+00  0.000E+00  0.000E+00
  0.000E+00  0.000E+00  0.000E+00  0.000E+00  0.000E+00  0.000E+00  0.000E+00  0.000E+00  0.000E+00  0.000E+00
  0.000E+00  0.000E+00  0.000E+00  0.000E+00  0.000E+00  0.000E+00  0.000E+00  0.000E+00  0.000E+00  0.000E+00
  0.000E+00  0.000E+00  0.000E+00  0.000E+00  0.000E+00  0.000E+00  0.000E+00  0.000E+00  0.000E+00  0.000E+00
  0.000E+00  0.000E+00  0.000E+00  0.000E+00  0.000E+00  0.000E+00  0.000E+00  0.000E+00  0.000E+00  0.000E+00
  0.000E+00  0.000E+00  0.000E+00  0.000E+00  0.000E+00  0.000E+00  0.000E+00  0.000E+00  0.000E+00  0.000E+00
  0.000E+00  0.000E+00  0.000E+00  0.000E+00  0.000E+00  0.000E+00  0.000E+00  0.000E+00  0.000E+00  0.000E+00
  0.000E+00  0.000E+00  0.000E+00  0.000E+00  0.000E+00  0.000E+00  0.000E+00  0.000E+00  0.000E+00  0.000E+00
  0.000E+00  0.000E+00  0.000E+00  0.000E+00  0.000E+00  0.000E+00  0.000E+00  0.000E+00  0.000E+00  0.000E+00
  0.000E+00  0.000E+00  0.000E+00  0.000E+00  0.000E+00  0.000E+00  0.000E+00  0.000E+00  0.000E+00  0.000E+00
  0.000E+00  0.000E+00  0.000E+00  0.000E+00  0.000E+00  0.000E+00  0.000E+00  0.000E+00  0.000E+00  0.000E+00
  0.000E+00  0.000E+00  0.000E+00  0.000E+00  0.000E+00  0.000E+00  0.000E+00  0.000E+00  0.000E+00  0.000E+00
  0.000E+00  0.000E+00  0.000E+00  0.000E+00  0.000E+00  0.000E+00  0.000E+00  0.000E+00  0.000E+00  0.000E+00
  0.000E+00  0.000E+00  0.000E+00  0.000E+00  0.000E+00  0.000E+00  0.000E+00  0.000E+00  0.000E+00  0.000E+00
  0.000E+00  0.000E+00  0.000E+00  0.000E+00  0.000E+00  0.000E+00  0.000E+00  0.000E+00  0.000E+00  0.000E+00
  0.000E+00  0.000E+00  0.000E+00  0.000E+00  0.000E+00  0.000E+00  0.000E+00  0.000E+00  0.000E+00  0.000E+00
  0.000E+00  0.000E+00  0.000E+00  0.000E+00  0.000E+00  0.000E+00  0.000E+00  0.000E+00  0.000E+00  0.000E+00
  0.000E+00  0.000E+00  0.000E+00  0.000E+00  0.000E+00  0.000E+00  0.000E+00  0.000E+00  0.000E+00  0.000E+00
  0.000E+00  0.000E+00  0.000E+00  0.000E+00  0.000E+00  0.000E+00  0.000E+00  0.000E+00  0.000E+00  0.000E+00
  0.000E+00  0.000E+00  0.000E+00  0.000E+00  0.000E+00  0.000E+00  0.000E+00  0.000E+00  0.000E+00  0.000E+00
  0.000E+00  0.000E+00  0.000E+00  0.000E+00  0.000E+00  0.000E+00  0.000E+00  0.000E+00  0.000E+00  0.000E+00
  0.000E+00  0.000E+00  0.000E+00  0.000E+00  0.000E+00  0.000E+00  0.000E+00  0.000E+00  0.000E+00  0.000E+00
  0.000E+00  0.000E+00  0.000E+00  0.000E+00  0.000E+00  0.000E+00  0.000E+00  0.000E+00  0.000E+00  0.000E+00
  0.000E+00  0.000E+00  0.000E+00  0.000E+00  0.000E+00  0.000E+00  0.000E+00  0.000E+00  0.000E+00  0.000E+00
  0.000E+00  0.000E+00  0.000E+00  0.000E+00  0.000E+00  0.000E+00  0.000E+00  0.000E+00  0.000E+00  0.000E+00
  0.000E+00  0.000E+00  0.000E+00  0.000E+00  0.000E+00  0.000E+00  0.000E+00  0.000E+00  0.000E+00  0.000E+00
  0.000E+00  0.000E+00  0.000E+00  0.000E+00  0.000E+00  0.000E+00  0.000E+00  0.000E+00  0.000E+00  0.000E+00
  0.000E+00  0.000E+00  0.000E+00  0.000E+00  0.000E+00  0.000E+00  0.000E+00  0.000E+00  0.000E+00  0.000E+00
  0.000E+00  0.000E+00  0.000E+00  0.000E+00  0.000E+00  0.000E+00  0.000E+00  0.000E+00  0.000E+00  0.000E+00
  0.000E+00  0.000E+00  0.000E+00  0.000E+00  0.000E+00  0.000E+00  0.000E+00  0.000E+00  0.000E+00  0.000E+00
  0.000E+00  0.000E+00  0.000E+00  0.000E+00  0.000E+00  0.000E+00  0.000E+00  0.000E+00  0.000E+00  0.000E+00
  0.000E+00  0.000E+00  0.000E+00  0.000E+00  0.000E+00  0.000E+00  0.000E+00  0.000E+00  0.000E+00  0.000E+00
  0.000E+00  0.000E+00  0.000E+00  0.000E+00  0.000E+00  0.000E+00  0.000E+00  0.000E+00  0.000E+00  0.000E+00
  0.000E+00  0.000E+00  0.000E+00  0.000E+00  0.000E+00  0.000E+00  0.000E+00  0.000E+00  0.000E+00  0.000E+00
  0.000E+00  0.000E+00  0.000E+00  0.000E+00  0.000E+00  0.000E+00  0.000E+00  0.000E+00  0.000E+00  0.000E+00
  0.000E+00  0.000E+00  0.000E+00  0.000E+00  0.000E+00  0.000E+00  0.000E+00  0.000E+00  0.000E+00  0.000E+00
  0.000E+00  0.000E+00  0.000E+00  0.000E+00  0.000E+00  0.000E+00  0.000E+00  0.000E+00  0.000E+00  0.000E+00
  0.000E+00  0.000E+00  0.000E+00  0.000E+00  0.000E+00  0.000E+00  0.000E+00  0.000E+00  0.000E+00  0.000E+00
  0.000E+00  0.000E+00  0.000E+00  0.000E+00  0.000E+00  0.000E+00  0.000E+00  0.000E+00  0.000E+00  0.000E+00
  0.000E+00  0.000E+00  0.000E+00  0.000E+00  0.000E+00  0.000E+00  0.000E+00  0.000E+00  0.000E+00  0.000E+00
  0.000E+00  0.000E+00  0.000E+00  0.000E+00  0.000E+00  0.000E+00  0.000E+00  0.000E+00  0.000E+00  0.000E+00
  0.000E+00  0.000E+00  0.000E+00  0.000E+00  0.000E+00  0.000E+00  0.000E+00  0.000E+00  0.000E+00  0.000E+00
  0.000E+00  0.000E+00  0.000E+00  0.000E+00  0.000E+00  0.000E+00  0.000E+00  0.000E+00  0.000E+00  0.000E+00
  0.000E+00  0.000E+00  0.000E+00  0.000E+00  0.000E+00  0.000E+00  0.000E+00  0.000E+00  0.000E+00  0.000E+00
  0.000E+00  0.000E+00  0.000E+00  0.000E+00  0.000E+00  0.000E+00  0.000E+00  0.000E+00  0.000E+00  0.000E+00
  0.000E+00  0.000E+00  0.000E+00  0.000E+00  0.000E+00  0.000E+00  0.000E+00  0.000E+00  0.000E+00  0.000E+00
  0.000E+00  0.000E+00  0.000E+00  0.000E+00  0.000E+00  0.000E+00  0.000E+00  0.000E+00  0.000E+00  0.000E+00
  0.000E+00  0.000E+00  0.000E+00  0.000E+00  0.000E+00  0.000E+00  0.000E+00  0.000E+00  0.000E+00  0.000E+00
  0.000E+00  0.000E+00  0.000E+00  0.000E+00  0.000E+00  0.000E+00  0.000E+00  0.000E+00  0.000E+00  0.000E+00
  0.000E+00  0.000E+00  0.000E+00  0.000E+00  0.000E+00  0.000E+00  0.000E+00  0.000E+00  0.000E+00  0.000E+00
  0.000E+00  0.000E+00  0.000E+00  0.000E+00  0.000E+00  0.000E+00  0.000E+00  0.000E+00  0.000E+00  0.000E+00
  0.000E+00  0.000E+00  0.000E+00  0.000E+00  0.000E+00  0.000E+00  0.000E+00  0.000E+00  0.000E+00  0.000E+00
  0.000E+00  0.000E+00  0.000E+00  0.000E+00  0.000E+00  0.000E+00  0.000E+00  0.000E+00  0.000E+00  0.000E+00
  0.000E+00  0.000E+00  0.000E+00  0.000E+00  0.000E+00  0.000E+00  0.000E+00  0.000E+00  0.000E+00  0.000E+00
  0.000E+00  0.000E+00  0.000E+00  0.000E+00  0.000E+00  0.000E+00  0.000E+00  0.000E+00  0.000E+00  0.000E+00
  0.000E+00  0.000E+00  0.000E+00  0.000E+00  0.000E+00  0.000E+00  0.000E+00  0.000E+00  0.000E+00  0.000E+00
  0.000E+00  0.000E+00  0.000E+00  0.000E+00  0.000E+00  0.000E+00  0.000E+00  0.000E+00  0.000E+00  0.000E+00
  0.000E+00  0.000E+00  0.000E+00  0.000E+00  0.000E+00  0.000E+00  0.000E+00  0.000E+00  0.000E+00  0.000E+00
  0.000E+00  0.000E+00  0.000E+00  0.000E+00  0.000E+00  0.000E+00  0.000E+00  0.000E+00  0.000E+00  0.000E+00
  0.000E+00  0.000E+00  0.000E+00  0.000E+00  0.000E+00  0.000E+00  0.000E+00  0.000E+00  0.000E+00  0.000E+00
  0.000E+00  0.000E+00  0.000E+00  0.000E+00  0.000E+00  0.000E+00  0.000E+00  0.000E+00  0.000E+00  0.000E+00
  0.000E+00  0.000E+00  0.000E+00  0.000E+00  0.000E+00  0.000E+00  0.000E+00  0.000E+00  0.000E+00  0.000E+00
  0.000E+00  0.000E+00  0.000E+00  0.000E+00  0.000E+00  0.000E+00  0.000E+00  0.000E+00  0.000E+00  0.000E+00
  0.000E+00  0.000E+00  0.000E+00  0.000E+00  0.000E+00  0.000E+00  0.000E+00  0.000E+00  0.000E+00  0.000E+00
  0.000E+00  0.000E+00  0.000E+00  0.000E+00  0.000E+00  0.000E+00  0.000E+00  0.000E+00  0.000E+00  0.000E+00
  0.000E+00  0.000E+00  0.000E+00  0.000E+00  0.000E+00  0.000E+00  0.000E+00  0.000E+00  0.000E+00  0.000E+00
  0.000E+00  0.000E+00  0.000E+00  0.000E+00  0.000E+00  0.000E+00  0.000E+00  0.000E+00  0.000E+00  0.000E+00
  0.000E+00  0.000E+00  0.000E+00  0.000E+00  0.000E+00  0.000E+00  0.000E+00  0.000E+00  0.000E+00  0.000E+00
  0.000E+00  0.000E+00  0.000E+00  0.000E+00  0.000E+00  0.000E+00  0.000E+00  0.000E+00  0.000E+00  0.000E+00
  0.000E+00  0.000E+00  0.000E+00  0.000E+00  0.000E+00  0.000E+00  0.000E+00  0.000E+00  0.000E+00  0.000E+00
  0.000E+00  0.000E+00  0.000E+00  0.000E+00  0.000E+00  0.000E+00  0.000E+00  0.000E+00  0.000E+00  0.000E+00
  0.000E+00  0.000E+00  0.000E+00  0.000E+00  0.000E+00  0.000E+00  0.000E+00  0.000E+00  0.000E+00  0.000E+00
  0.000E+00  0.000E+00  0.000E+00  0.000E+00  0.000E+00  0.000E+00  0.000E+00  0.000E+00  0.000E+00  0.000E+00
  0.000E+00  0.000E+00  0.000E+00  0.000E+00  0.000E+00  0.000E+00  0.000E+00  0.000E+00  0.000E+00  0.000E+00
  0.000E+00  0.000E+00  0.000E+00  0.000E+00  0.000E+00  0.000E+00  0.000E+00  0.000E+00  0.000E+00  0.000E+00
  0.000E+00  0.000E+00  0.000E+00  0.000E+00  0.000E+00  0.000E+00  0.000E+00  0.000E+00  0.000E+00  0.000E+00
  0.000E+00  0.000E+00  0.000E+00  0.000E+00  0.000E+00  0.000E+00  0.000E+00  0.000E+00  0.000E+00  0.000E+00
  0.000E+00  0.000E+00  0.000E+00  0.000E+00  0.000E+00  0.000E+00  0.000E+00  0.000E+00  0.000E+00  0.000E+00
  0.000E+00  0.000E+00  0.000E+00  0.000E+00  0.000E+00  0.000E+00  0.000E+00  0.000E+00  0.000E+00  0.000E+00
  0.000E+00  0.000E+00  0.000E+00  0.000E+00  0.000E+00  0.000E+00  0.000E+00  0.000E+00  0.000E+00  0.000E+00
  0.000E+00  0.000E+00  0.000E+00  0.000E+00  0.000E+00  0.000E+00  0.000E+00  0.000E+00  0.000E+00  0.000E+00
  0.000E+00  0.000E+00  0.000E+00  0.000E+00  0.000E+00  0.000E+00  0.000E+00  0.000E+00  0.000E+00  0.000E+00
  0.000E+00  0.000E+00  0.000E+00  0.000E+00  0.000E+00  0.000E+00  0.000E+00  0.000E+00  0.000E+00  0.000E+00
  0.000E+00  0.000E+00  0.000E+00  0.000E+00  0.000E+00  0.000E+00  0.000E+00  0.000E+00  0.000E+00  0.000E+00
  0.000E+00  0.000E+00  0.000E+00  0.000E+00  0.000E+00  0.000E+00  0.000E+00  0.000E+00  0.000E+00  0.000E+00
  0.000E+00  0.000E+00  0.000E+00  0.000E+00  0.000E+00  0.000E+00  0.000E+00  0.000E+00  0.000E+00  0.000E+00
  0.000E+00  0.000E+00  0.000E+00  0.000E+00  0.000E+00  0.000E+00  0.000E+00  0.000E+00  0.000E+00  0.000E+00
  0.000E+00  0.000E+00  0.000E+00  0.000E+00  0.000E+00  0.000E+00  0.000E+00  0.000E+00  0.000E+00  0.000E+00
  0.000E+00  0.000E+00  0.000E+00  0.000E+00  0.000E+00  0.000E+00  0.000E+00  0.000E+00  0.000E+00  0.000E+00
  0.000E+00  0.000E+00  0.000E+00  0.000E+00  0.000E+00  0.000E+00  0.000E+00  0.000E+00  0.000E+00  0.000E+00
  0.000E+00  0.000E+00  0.000E+00  0.000E+00  0.000E+00  0.000E+00  0.000E+00  0.000E+00  0.000E+00  0.000E+00
  0.000E+00  0.000E+00  0.000E+00  0.000E+00  0.000E+00  0.000E+00  0.000E+00  0.000E+00  0.000E+00  0.000E+00
  0.000E+00  0.000E+00  0.000E+00  0.000E+00  0.000E+00  0.000E+00  0.000E+00  0.000E+00  0.000E+00  0.000E+00
  0.000E+00  0.000E+00  0.000E+00  0.000E+00  0.000E+00  0.000E+00  0.000E+00  0.000E+00  0.000E+00  0.000E+00
  0.000E+00  0.000E+00  0.000E+00  0.000E+00  0.000E+00  0.000E+00  0.000E+00  0.000E+00  0.000E+00  0.000E+00
  0.000E+00  0.000E+00  0.000E+00  0.000E+00  0.000E+00  0.000E+00  0.000E+00  0.000E+00  0.000E+00  0.000E+00
  0.000E+00  0.000E+00  0.000E+00  0.000E+00  0.000E+00  0.000E+00  0.000E+00  0.000E+00  0.000E+00  0.000E+00
  0.000E+00  0.000E+00  0.000E+00  0.000E+00  0.000E+00  0.000E+00  0.000E+00  0.000E+00  0.000E+00  0.000E+00
  0.000E+00  0.000E+00  0.000E+00  0.000E+00  0.000E+00  0.000E+00  0.000E+00  0.000E+00  0.000E+00  0.000E+00
  0.000E+00  0.000E+00  0.000E+00  0.000E+00  0.000E+00  0.000E+00  0.000E+00  0.000E+00  0.000E+00  0.000E+00
  0.000E+00  0.000E+00  0.000E+00  0.000E+00  0.000E+00  0.000E+00  0.000E+00  0.000E+00  0.000E+00  0.000E+00
  0.000E+00  0.000E+00  0.000E+00  0.000E+00  0.000E+00  0.000E+00  0.000E+00  0.000E+00  0.000E+00  0.000E+00
  0.000E+00  0.000E+00  0.000E+00  0.000E+00  0.000E+00  0.000E+00  0.000E+00  0.000E+00  0.000E+00  0.000E+00
  0.000E+00  0.000E+00  0.000E+00  0.000E+00  0.000E+00  0.000E+00  0.000E+00  0.000E+00  0.000E+00  0.000E+00
  0.000E+00  0.000E+00  0.000E+00  0.000E+00  0.000E+00  0.000E+00  0.000E+00  0.000E+00  0.000E+00  0.000E+00
  0.000E+00  0.000E+00  0.000E+00  0.000E+00  0.000E+00  0.000E+00  0.000E+00  0.000E+00  0.000E+00  0.000E+00
  0.000E+00  0.000E+00  0.000E+00  0.000E+00  0.000E+00  0.000E+00  0.000E+00  0.000E+00  0.000E+00  0.000E+00
  0.000E+00  0.000E+00  0.000E+00  0.000E+00  0.000E+00  0.000E+00  0.000E+00  0.000E+00  0.000E+00  0.000E+00
  0.000E+00  0.000E+00  0.000E+00  0.000E+00  0.000E+00  0.000E+00  0.000E+00  0.000E+00  0.000E+00  0.000E+00
  0.000E+00  0.000E+00  0.000E+00  0.000E+00  0.000E+00  0.000E+00  0.000E+00  0.000E+00  0.000E+00  0.000E+00
  0.000E+00  0.000E+00  0.000E+00  0.000E+00  0.000E+00  0.000E+00  0.000E+00  0.000E+00  0.000E+00  0.000E+00
  0.000E+00  0.000E+00  0.000E+00  0.000E+00  0.000E+00  0.000E+00  0.000E+00  0.000E+00  0.000E+00  0.000E+00
  0.000E+00  0.000E+00  0.000E+00  0.000E+00  0.000E+00  0.000E+00  0.000E+00  0.000E+00  0.000E+00  0.000E+00
  0.000E+00  0.000E+00  0.000E+00  0.000E+00  0.000E+00  0.000E+00  0.000E+00  0.000E+00  0.000E+00  0.000E+00
  0.000E+00  0.000E+00  0.000E+00  0.000E+00  0.000E+00  0.000E+00  0.000E+00  0.000E+00  0.000E+00  0.000E+00
  0.000E+00  0.000E+00  0.000E+00  0.000E+00  0.000E+00  0.000E+00  0.000E+00  0.000E+00  0.000E+00  0.000E+00
  0.000E+00  0.000E+00  0.000E+00  0.000E+00  0.000E+00  0.000E+00  0.000E+00  0.000E+00  0.000E+00  0.000E+00
  0.000E+00  0.000E+00  0.000E+00  0.000E+00  0.000E+00  0.000E+00  0.000E+00  0.000E+00  0.000E+00  0.000E+00
  0.000E+00  0.000E+00  0.000E+00  0.000E+00  0.000E+00  0.000E+00  0.000E+00  0.000E+00  0.000E+00  0.000E+00
  0.000E+00  0.000E+00  0.000E+00  0.000E+00  0.000E+00  0.000E+00  0.000E+00  0.000E+00  0.000E+00  0.000E+00
  0.000E+00  0.000E+00  0.000E+00  0.000E+00  0.000E+00  0.000E+00  0.000E+00  0.000E+00  0.000E+00  0.000E+00
  0.000E+00  0.000E+00  0.000E+00  0.000E+00  0.000E+00  0.000E+00  0.000E+00  0.000E+00  0.000E+00  0.000E+00
  0.000E+00  0.000E+00  0.000E+00  0.000E+00  0.000E+00  0.000E+00  0.000E+00  0.000E+00  0.000E+00  0.000E+00
  0.000E+00  0.000E+00  0.000E+00  0.000E+00  0.000E+00  0.000E+00  0.000E+00  0.000E+00  0.000E+00  0.000E+00
  0.000E+00  0.000E+00  0.000E+00  0.000E+00  0.000E+00  0.000E+00  0.000E+00  0.000E+00  0.000E+00  0.000E+00
  0.000E+00  0.000E+00  0.000E+00  0.000E+00  0.000E+00  0.000E+00  0.000E+00  0.000E+00  0.000E+00  0.000E+00
  0.000E+00  0.000E+00  0.000E+00  0.000E+00  0.000E+00  0.000E+00  0.000E+00  0.000E+00  0.000E+00  0.000E+00
  0.000E+00  0.000E+00  0.000E+00  0.000E+00  0.000E+00  0.000E+00  0.000E+00  0.000E+00  0.000E+00  0.000E+00
  0.000E+00  0.000E+00  0.000E+00  0.000E+00  0.000E+00  0.000E+00  0.000E+00  0.000E+00  0.000E+00  0.000E+00
  0.000E+00  0.000E+00  0.000E+00  0.000E+00  0.000E+00  0.000E+00  0.000E+00  0.000E+00  0.000E+00  0.000E+00
  0.000E+00  0.000E+00  0.000E+00  0.000E+00  0.000E+00  0.000E+00  0.000E+00  0.000E+00  0.000E+00  0.000E+00
  0.000E+00  0.000E+00  0.000E+00  0.000E+00  0.000E+00  0.000E+00  0.000E+00  0.000E+00  0.000E+00  0.000E+00
  0.000E+00  0.000E+00  0.000E+00  0.000E+00  0.000E+00  0.000E+00  0.000E+00  0.000E+00  0.000E+00  0.000E+00
  0.000E+00  0.000E+00  0.000E+00  0.000E+00  0.000E+00  0.000E+00  0.000E+00  0.000E+00  0.000E+00  0.000E+00
  0.000E+00  0.000E+00  0.000E+00  0.000E+00  0.000E+00  0.000E+00  0.000E+00  0.000E+00  0.000E+00  0.000E+00
  0.000E+00  0.000E+00  0.000E+00  0.000E+00  0.000E+00  0.000E+00  0.000E+00  0.000E+00  0.000E+00  0.000E+00
  0.000E+00  0.000E+00  0.000E+00  0.000E+00  0.000E+00  0.000E+00  0.000E+00  0.000E+00  0.000E+00  0.000E+00
  0.000E+00  0.000E+00  0.000E+00  0.000E+00  0.000E+00  0.000E+00  0.000E+00  0.000E+00  0.000E+00  0.000E+00
  0.000E+00  0.000E+00  0.000E+00  0.000E+00  0.000E+00  0.000E+00  0.000E+00  0.000E+00  0.000E+00  0.000E+00
  0.000E+00  0.000E+00  0.000E+00  0.000E+00  0.000E+00  0.000E+00  0.000E+00  0.000E+00  0.000E+00  0.000E+00
  0.000E+00  0.000E+00  0.000E+00  0.000E+00  0.000E+00  0.000E+00  0.000E+00  0.000E+00  0.000E+00  0.000E+00
  0.000E+00  0.000E+00  0.000E+00  0.000E+00  0.000E+00  0.000E+00  0.000E+00  0.000E+00  0.000E+00  0.000E+00
  0.000E+00  0.000E+00  0.000E+00  0.000E+00  0.000E+00  0.000E+00  0.000E+00  0.000E+00  0.000E+00  0.000E+00
  0.000E+00  0.000E+00  0.000E+00  0.000E+00  0.000E+00  0.000E+00  0.000E+00  0.000E+00  0.000E+00  0.000E+00
  0.000E+00  0.000E+00  0.000E+00  0.000E+00  0.000E+00  0.000E+00  0.000E+00  0.000E+00  0.000E+00  0.000E+00
  0.000E+00  0.000E+00  0.000E+00  0.000E+00  0.000E+00  0.000E+00  0.000E+00  0.000E+00  0.000E+00  0.000E+00
  0.000E+00  0.000E+00  0.000E+00  0.000E+00  0.000E+00  0.000E+00  0.000E+00  0.000E+00  0.000E+00  0.000E+00
  0.000E+00  0.000E+00  0.000E+00  0.000E+00  0.000E+00  0.000E+00  0.000E+00  0.000E+00  0.000E+00  0.000E+00
  0.000E+00  0.000E+00  0.000E+00  0.000E+00  0.000E+00  0.000E+00  0.000E+00  0.000E+00  0.000E+00  0.000E+00
  0.000E+00  0.000E+00  0.000E+00  0.000E+00  0.000E+00  0.000E+00  0.000E+00  0.000E+00  0.000E+00  0.000E+00
  0.000E+00  0.000E+00  0.000E+00  0.000E+00  0.000E+00  0.000E+00  0.000E+00  0.000E+00  0.000E+00  0.000E+00
  0.000E+00  0.000E+00  0.000E+00  0.000E+00  0.000E+00  0.000E+00  0.000E+00  0.000E+00  0.000E+00  0.000E+00
  0.000E+00  0.000E+00  0.000E+00  0.000E+00  0.000E+00  0.000E+00  0.000E+00  0.000E+00  0.000E+00  0.000E+00
  0.000E+00  0.000E+00  0.000E+00  0.000E+00  0.000E+00  0.000E+00  0.000E+00  0.000E+00  0.000E+00  0.000E+00
  0.000E+00  0.000E+00  0.000E+00  0.000E+00  0.000E+00  0.000E+00  0.000E+00  0.000E+00  0.000E+00  0.000E+00
  0.000E+00  0.000E+00  0.000E+00  0.000E+00  0.000E+00  0.000E+00  0.000E+00  0.000E+00  0.000E+00  0.000E+00
  0.000E+00  0.000E+00  0.000E+00  0.000E+00  0.000E+00  0.000E+00  0.000E+00  0.000E+00  0.000E+00  0.000E+00
  0.000E+00  0.000E+00  0.000E+00  0.000E+00  0.000E+00  0.000E+00  0.000E+00  0.000E+00  0.000E+00  0.000E+00
  0.000E+00  0.000E+00  0.000E+00  0.000E+00  0.000E+00  0.000E+00  0.000E+00  0.000E+00  0.000E+00  0.000E+00
  0.000E+00  0.000E+00  0.000E+00  0.000E+00  0.000E+00  0.000E+00  0.000E+00  0.000E+00  0.000E+00  0.000E+00
  0.000E+00  0.000E+00  0.000E+00  0.000E+00  0.000E+00  0.000E+00  0.000E+00  0.000E+00  0.000E+00  0.000E+00
  0.000E+00  0.000E+00  0.000E+00  0.000E+00  0.000E+00  0.000E+00  0.000E+00  0.000E+00  0.000E+00  0.000E+00
  0.000E+00  0.000E+00  0.000E+00  0.000E+00  0.000E+00  0.000E+00  0.000E+00  0.000E+00  0.000E+00  0.000E+00
  0.000E+00  0.000E+00  0.000E+00  0.000E+00  0.000E+00  0.000E+00  0.000E+00  0.000E+00  0.000E+00  0.000E+00
  0.000E+00  0.000E+00  0.000E+00  0.000E+00  0.000E+00  0.000E+00  0.000E+00  0.000E+00  0.000E+00  0.000E+00
  0.000E+00  0.000E+00  0.000E+00  0.000E+00  0.000E+00  0.000E+00  0.000E+00  0.000E+00  0.000E+00  0.000E+00
  0.000E+00  0.000E+00  0.000E+00  0.000E+00  0.000E+00  0.000E+00  0.000E+00  0.000E+00  0.000E+00  0.000E+00
  0.000E+00  0.000E+00  0.000E+00  0.000E+00  0.000E+00  0.000E+00  0.000E+00  0.000E+00  0.000E+00  0.000E+00
  0.000E+00  0.000E+00  0.000E+00  0.000E+00  0.000E+00  0.000E+00  0.000E+00  0.000E+00  0.000E+00  0.000E+00
  0.000E+00  0.000E+00  0.000E+00  0.000E+00  0.000E+00  0.000E+00  0.000E+00  0.000E+00  0.000E+00  0.000E+00
  0.000E+00  0.000E+00  0.000E+00  0.000E+00  0.000E+00  0.000E+00  0.000E+00  0.000E+00  0.000E+00  0.000E+00
  0.000E+00  0.000E+00  0.000E+00  0.000E+00  0.000E+00  0.000E+00  0.000E+00  0.000E+00  0.000E+00  0.000E+00
  0.000E+00  0.000E+00  0.000E+00  0.000E+00  0.000E+00  0.000E+00  0.000E+00  0.000E+00  0.000E+00  0.000E+00
  0.000E+00  0.000E+00  0.000E+00  0.000E+00  0.000E+00  0.000E+00  0.000E+00  0.000E+00  0.000E+00  0.000E+00
  0.000E+00  0.000E+00  0.000E+00  0.000E+00  0.000E+00  0.000E+00  0.000E+00  0.000E+00  0.000E+00  0.000E+00
  0.000E+00  0.000E+00  0.000E+00  0.000E+00  0.000E+00  0.000E+00  0.000E+00  0.000E+00  0.000E+00  0.000E+00
  0.000E+00  0.000E+00  0.000E+00  0.000E+00  0.000E+00  0.000E+00  0.000E+00  0.000E+00  0.000E+00  0.000E+00
  0.000E+00  0.000E+00  0.000E+00  0.000E+00  0.000E+00  0.000E+00  0.000E+00  0.000E+00  0.000E+00  0.000E+00
  0.000E+00  0.000E+00  0.000E+00  0.000E+00  0.000E+00  0.000E+00  0.000E+00  0.000E+00  0.000E+00  0.000E+00
  0.000E+00  0.000E+00  0.000E+00  0.000E+00  0.000E+00  0.000E+00  0.000E+00  0.000E+00  0.000E+00  0.000E+00
  0.000E+00  0.000E+00  0.000E+00  0.000E+00  0.000E+00  0.000E+00  0.000E+00  0.000E+00  0.000E+00  0.000E+00
  0.000E+00  0.000E+00  0.000E+00  0.000E+00  0.000E+00  0.000E+00  0.000E+00  0.000E+00  0.000E+00  0.000E+00
  0.000E+00  0.000E+00  0.000E+00  0.000E+00  0.000E+00  0.000E+00  0.000E+00  0.000E+00  0.000E+00  0.000E+00
  0.000E+00  0.000E+00  0.000E+00  0.000E+00  0.000E+00  0.000E+00  0.000E+00  0.000E+00  0.000E+00  0.000E+00
  0.000E+00  0.000E+00  0.000E+00  0.000E+00  0.000E+00  0.000E+00  0.000E+00  0.000E+00  0.000E+00  0.000E+00
  0.000E+00  0.000E+00  0.000E+00  0.000E+00  0.000E+00  0.000E+00  0.000E+00  0.000E+00  0.000E+00  0.000E+00
  0.000E+00  0.000E+00  0.000E+00  0.000E+00  0.000E+00  0.000E+00  0.000E+00  0.000E+00  0.000E+00  0.000E+00
  0.000E+00  0.000E+00  0.000E+00  0.000E+00  0.000E+00  0.000E+00  0.000E+00  0.000E+00  0.000E+00  0.000E+00
  0.000E+00  0.000E+00  0.000E+00  0.000E+00  0.000E+00  0.000E+00  0.000E+00  0.000E+00  0.000E+00  0.000E+00
  0.000E+00  0.000E+00  0.000E+00  0.000E+00  0.000E+00  0.000E+00  0.000E+00  0.000E+00  0.000E+00  0.000E+00
  0.000E+00  0.000E+00  0.000E+00  0.000E+00  0.000E+00  0.000E+00  0.000E+00  0.000E+00  0.000E+00  0.000E+00
  0.000E+00  0.000E+00  0.000E+00  0.000E+00  0.000E+00  0.000E+00  0.000E+00  0.000E+00  0.000E+00  0.000E+00
  0.000E+00  0.000E+00  0.000E+00  0.000E+00  0.000E+00  0.000E+00  0.000E+00  0.000E+00  0.000E+00  0.000E+00
  0.000E+00  0.000E+00  0.000E+00  0.000E+00  0.000E+00  0.000E+00  0.000E+00  0.000E+00  0.000E+00  0.000E+00
  0.000E+00  0.000E+00  0.000E+00  0.000E+00  0.000E+00  0.000E+00  0.000E+00  0.000E+00  0.000E+00  0.000E+00
  0.000E+00  0.000E+00  0.000E+00  0.000E+00  0.000E+00  0.000E+00  0.000E+00  0.000E+00  0.000E+00  0.000E+00
  0.000E+00  0.000E+00  0.000E+00  0.000E+00  0.000E+00  0.000E+00  0.000E+00  0.000E+00  0.000E+00  0.000E+00
  0.000E+00  0.000E+00  0.000E+00  0.000E+00  0.000E+00  0.000E+00  0.000E+00  0.000E+00  0.000E+00  0.000E+00
  0.000E+00  0.000E+00  0.000E+00  0.000E+00  0.000E+00  0.000E+00  0.000E+00  0.000E+00  0.000E+00  0.000E+00
  0.000E+00  0.000E+00  0.000E+00  0.000E+00  0.000E+00  0.000E+00  0.000E+00  0.000E+00  0.000E+00  0.000E+00
  0.000E+00  0.000E+00  0.000E+00  0.000E+00  0.000E+00  0.000E+00  0.000E+00  0.000E+00  0.000E+00  0.000E+00
  0.000E+00  0.000E+00  0.000E+00  0.000E+00  0.000E+00  0.000E+00  0.000E+00  0.000E+00  0.000E+00  0.000E+00
  0.000E+00  0.000E+00  0.000E+00  0.000E+00  0.000E+00  0.000E+00  0.000E+00  0.000E+00  0.000E+00  0.000E+00
  0.000E+00  0.000E+00  0.000E+00  0.000E+00  0.000E+00  0.000E+00  0.000E+00  0.000E+00  0.000E+00  0.000E+00
  0.000E+00  0.000E+00  0.000E+00  0.000E+00  0.000E+00  0.000E+00  0.000E+00  0.000E+00  0.000E+00  0.000E+00
  0.000E+00  0.000E+00  0.000E+00  0.000E+00  0.000E+00  0.000E+00  0.000E+00  0.000E+00  0.000E+00  0.000E+00
  0.000E+00  0.000E+00  0.000E+00  0.000E+00  0.000E+00  0.000E+00  0.000E+00  0.000E+00  0.000E+00  0.000E+00
  0.000E+00  0.000E+00  0.000E+00  0.000E+00  0.000E+00  0.000E+00  0.000E+00  0.000E+00  0.000E+00  0.000E+00
  0.000E+00  0.000E+00  0.000E+00  0.000E+00  0.000E+00  0.000E+00  0.000E+00  0.000E+00  0.000E+00  0.000E+00
  0.000E+00  0.000E+00  0.000E+00  0.000E+00  0.000E+00  0.000E+00  0.000E+00  0.000E+00  0.000E+00  0.000E+00
  0.000E+00  0.000E+00  0.000E+00  0.000E+00  0.000E+00  0.000E+00  0.000E+00  0.000E+00  0.000E+00  0.000E+00
  0.000E+00  0.000E+00  0.000E+00  0.000E+00  0.000E+00  0.000E+00  0.000E+00  0.000E+00  0.000E+00  0.000E+00
  0.000E+00  0.000E+00  0.000E+00  0.000E+00  0.000E+00  0.000E+00  0.000E+00  0.000E+00  0.000E+00  0.000E+00
  0.000E+00  0.000E+00  0.000E+00  0.000E+00  0.000E+00  0.000E+00  0.000E+00  0.000E+00  0.000E+00  0.000E+00
  0.000E+00  0.000E+00  0.000E+00  0.000E+00  0.000E+00  0.000E+00  0.000E+00  0.000E+00  0.000E+00  0.000E+00
  0.000E+00  0.000E+00  0.000E+00  0.000E+00  0.000E+00  0.000E+00  0.000E+00  0.000E+00  0.000E+00  0.000E+00
  0.000E+00  0.000E+00  0.000E+00  0.000E+00  0.000E+00  0.000E+00  0.000E+00  0.000E+00  0.000E+00  0.000E+00
  0.000E+00  0.000E+00  0.000E+00  0.000E+00  0.000E+00  0.000E+00  0.000E+00  0.000E+00  0.000E+00  0.000E+00
  0.000E+00  0.000E+00  0.000E+00  0.000E+00  0.000E+00  0.000E+00  0.000E+00  0.000E+00  0.000E+00  0.000E+00
  0.000E+00  0.000E+00  0.000E+00  0.000E+00  0.000E+00  0.000E+00  0.000E+00  0.000E+00  0.000E+00  0.000E+00
  0.000E+00  0.000E+00  0.000E+00  0.000E+00  0.000E+00  0.000E+00  0.000E+00  0.000E+00  0.000E+00  0.000E+00
  0.000E+00  0.000E+00  0.000E+00  0.000E+00  0.000E+00  0.000E+00  0.000E+00  0.000E+00  0.000E+00  0.000E+00
  0.000E+00  0.000E+00  0.000E+00  0.000E+00  0.000E+00  0.000E+00  0.000E+00  0.000E+00  0.000E+00  0.000E+00
  0.000E+00  0.000E+00  0.000E+00  0.000E+00  0.000E+00  0.000E+00  0.000E+00  0.000E+00  0.000E+00  0.000E+00
  0.000E+00  0.000E+00  0.000E+00  0.000E+00  0.000E+00  0.000E+00  0.000E+00  0.000E+00  0.000E+00  0.000E+00
  0.000E+00  0.000E+00  0.000E+00  0.000E+00  0.000E+00  0.000E+00  0.000E+00  0.000E+00  0.000E+00  0.000E+00
  0.000E+00  0.000E+00  0.000E+00  0.000E+00  0.000E+00  0.000E+00  0.000E+00  0.000E+00  0.000E+00  0.000E+00
  0.000E+00  0.000E+00  0.000E+00  0.000E+00  0.000E+00  0.000E+00  0.000E+00  0.000E+00  0.000E+00  0.000E+00
  0.000E+00  0.000E+00  0.000E+00  0.000E+00  0.000E+00  0.000E+00  0.000E+00  0.000E+00  0.000E+00  0.000E+00
  0.000E+00  0.000E+00  0.000E+00  0.000E+00  0.000E+00  0.000E+00  0.000E+00  0.000E+00  0.000E+00  0.000E+00
  0.000E+00  0.000E+00  0.000E+00  0.000E+00  0.000E+00  0.000E+00  0.000E+00  0.000E+00  0.000E+00  0.000E+00
  0.000E+00  0.000E+00  0.000E+00  0.000E+00  0.000E+00  0.000E+00  0.000E+00  0.000E+00  0.000E+00  0.000E+00
  0.000E+00  0.000E+00  0.000E+00  0.000E+00  0.000E+00  0.000E+00  0.000E+00  0.000E+00  0.000E+00  0.000E+00
  0.000E+00  0.000E+00  0.000E+00  0.000E+00  0.000E+00  0.000E+00  0.000E+00  0.000E+00  0.000E+00  0.000E+00
  0.000E+00  0.000E+00  0.000E+00  0.000E+00  0.000E+00  0.000E+00  0.000E+00  0.000E+00  0.000E+00  0.000E+00
  0.000E+00  0.000E+00  0.000E+00  0.000E+00  0.000E+00  0.000E+00  0.000E+00  0.000E+00  0.000E+00  0.000E+00
  0.000E+00  0.000E+00  0.000E+00  0.000E+00  0.000E+00  0.000E+00  0.000E+00  0.000E+00  0.000E+00  0.000E+00
  0.000E+00  0.000E+00  0.000E+00  0.000E+00  0.000E+00  0.000E+00  0.000E+00  0.000E+00  0.000E+00  0.000E+00
  0.000E+00  0.000E+00  0.000E+00  0.000E+00  0.000E+00  0.000E+00  0.000E+00  0.000E+00  0.000E+00  0.000E+00
  0.000E+00  0.000E+00  0.000E+00  0.000E+00  0.000E+00  0.000E+00  0.000E+00  0.000E+00  0.000E+00  0.000E+00
  0.000E+00  0.000E+00  0.000E+00  0.000E+00  0.000E+00  0.000E+00  0.000E+00  0.000E+00  0.000E+00  0.000E+00
  0.000E+00  0.000E+00  0.000E+00  0.000E+00  0.000E+00  0.000E+00  0.000E+00  0.000E+00  0.000E+00  0.000E+00
  0.000E+00  0.000E+00  0.000E+00  0.000E+00  0.000E+00  0.000E+00  0.000E+00  0.000E+00  0.000E+00  0.000E+00
  0.000E+00  0.000E+00  0.000E+00  0.000E+00  0.000E+00  0.000E+00  0.000E+00  0.000E+00  0.000E+00  0.000E+00
  0.000E+00  0.000E+00  0.000E+00  0.000E+00  0.000E+00  0.000E+00  0.000E+00  0.000E+00  0.000E+00  0.000E+00
  0.000E+00  0.000E+00  0.000E+00  0.000E+00  0.000E+00  0.000E+00  0.000E+00  0.000E+00  0.000E+00  0.000E+00
  0.000E+00  0.000E+00  0.000E+00  0.000E+00  0.000E+00  0.000E+00  0.000E+00  0.000E+00  0.000E+00  0.000E+00
  0.000E+00  0.000E+00  0.000E+00  0.000E+00  0.000E+00  0.000E+00  0.000E+00  0.000E+00  0.000E+00  0.000E+00
  0.000E+00  0.000E+00  0.000E+00  0.000E+00  0.000E+00  0.000E+00  0.000E+00  0.000E+00  0.000E+00  0.000E+00
  0.000E+00  0.000E+00  0.000E+00  0.000E+00  0.000E+00  0.000E+00  0.000E+00  0.000E+00  0.000E+00  0.000E+00
  0.000E+00  0.000E+00  0.000E+00  0.000E+00  0.000E+00  0.000E+00  0.000E+00  0.000E+00  0.000E+00  0.000E+00
  0.000E+00  0.000E+00  0.000E+00  0.000E+00  0.000E+00  0.000E+00  0.000E+00  0.000E+00  0.000E+00  0.000E+00
  0.000E+00  0.000E+00  0.000E+00  0.000E+00  0.000E+00  0.000E+00  0.000E+00  0.000E+00  0.000E+00  0.000E+00
  0.000E+00  0.000E+00  0.000E+00  0.000E+00  0.000E+00  0.000E+00  0.000E+00  0.000E+00  0.000E+00  0.000E+00
  0.000E+00  0.000E+00  0.000E+00  0.000E+00  0.000E+00  0.000E+00  0.000E+00  0.000E+00  0.000E+00  0.000E+00
  0.000E+00  0.000E+00  0.000E+00  0.000E+00  0.000E+00  0.000E+00  0.000E+00  0.000E+00  0.000E+00  0.000E+00
  0.000E+00  0.000E+00  0.000E+00  0.000E+00  0.000E+00  0.000E+00  0.000E+00  0.000E+00  0.000E+00  0.000E+00
  0.000E+00  0.000E+00  0.000E+00  0.000E+00  0.000E+00  0.000E+00  0.000E+00  0.000E+00  0.000E+00  0.000E+00
  0.000E+00  0.000E+00  0.000E+00  0.000E+00  0.000E+00  0.000E+00  0.000E+00  0.000E+00  0.000E+00  0.000E+00
  0.000E+00  0.000E+00  0.000E+00  0.000E+00  0.000E+00  0.000E+00  0.000E+00  0.000E+00  0.000E+00  0.000E+00

#------------------------------------------------------------------------------
# gshow
#------------------------------------------------------------------------------

p: legs[c5*0.875]

hb:   line clip z  
frame:
  0.0000000E+00 -1.0000000E+02
  1.0000000E+03 -1.0000000E+02
  1.0000000E+03  1.0000000E+02
  0.0000000E+00  1.0000000E+02
clip:
 -4.975124E+00 -1.009950E+02
  0.000000E+00 -1.009950E+02
  0.000000E+00 -9.998507E+01
  0.000000E+00 -9.897512E+01
  0.000000E+00 -9.796517E+01
  0.000000E+00 -9.695522E+01
  0.000000E+00 -9.594527E+01
  0.000000E+00 -9.493532E+01
  0.000000E+00 -9.392537E+01
  0.000000E+00 -9.291542E+01
  0.000000E+00 -9.190547E+01
  0.000000E+00 -9.089552E+01
  0.000000E+00 -8.988557E+01
  0.000000E+00 -8.887562E+01
  0.000000E+00 -8.786567E+01
  0.000000E+00 -8.685572E+01
  0.000000E+00 -8.584577E+01
  0.000000E+00 -8.483582E+01
  0.000000E+00 -8.382587E+01
  0.000000E+00 -8.281592E+01
  0.000000E+00 -8.180597E+01
  0.000000E+00 -8.079602E+01
  0.000000E+00 -7.978607E+01
  0.000000E+00 -7.877612E+01
  0.000000E+00 -7.776617E+01
  0.000000E+00 -7.675622E+01
  0.000000E+00 -7.574627E+01
  0.000000E+00 -7.473632E+01
  0.000000E+00 -7.372637E+01
  0.000000E+00 -7.271642E+01
  0.000000E+00 -7.170647E+01
  0.000000E+00 -7.069652E+01
  0.000000E+00 -6.968657E+01
  0.000000E+00 -6.867662E+01
  0.000000E+00 -6.766667E+01
  0.000000E+00 -6.665672E+01
  0.000000E+00 -6.564677E+01
  0.000000E+00 -6.463682E+01
  0.000000E+00 -6.362687E+01
  0.000000E+00 -6.261692E+01
  0.000000E+00 -6.160697E+01
  0.000000E+00 -6.059701E+01
  0.000000E+00 -5.958706E+01
  0.000000E+00 -5.857711E+01
  0.000000E+00 -5.756716E+01
  0.000000E+00 -5.655721E+01
  0.000000E+00 -5.554726E+01
  0.000000E+00 -5.453731E+01
  0.000000E+00 -5.352736E+01
 -1.447761E+00 -5.000000E+01
  0.000000E+00 -5.251741E+01
  0.000000E+00 -5.150746E+01
 -3.467662E+00 -5.000000E+01
  0.000000E+00 -5.049751E+01
 -4.477612E+00 -5.000000E+01
 -4.975124E+00 -5.000000E+01
 -4.975124E+00 -5.049751E+01
 -4.975124E+00 -5.150746E+01
 -4.975124E+00 -5.251741E+01
 -4.975124E+00 -5.352736E+01
 -4.975124E+00 -5.453731E+01
 -4.975124E+00 -5.554726E+01
 -4.975124E+00 -5.655721E+01
 -4.975124E+00 -5.756716E+01
 -4.975124E+00 -5.857711E+01
 -4.975124E+00 -5.958706E+01
 -4.975124E+00 -6.059701E+01
 -4.975124E+00 -6.160697E+01
 -4.975124E+00 -6.261692E+01
 -4.975124E+00 -6.362687E+01
 -4.975124E+00 -6.463682E+01
 -4.975124E+00 -6.564677E+01
 -4.975124E+00 -6.665672E+01
 -4.975124E+00 -6.766667E+01
 -4.975124E+00 -6.867662E+01
 -4.975124E+00 -6.968657E+01
 -4.975124E+00 -7.069652E+01
 -4.975124E+00 -7.170647E+01
 -4.975124E+00 -7.271642E+01
 -4.975124E+00 -7.372637E+01
 -4.975124E+00 -7.473632E+01
 -4.975124E+00 -7.574627E+01
 -4.975124E+00 -7.675622E+01
 -4.975124E+00 -7.776617E+01
 -4.975124E+00 -7.877612E+01
 -4.975124E+00 -7.978607E+01
 -4.975124E+00 -8.079602E+01
 -4.975124E+00 -8.180597E+01
 -4.975124E+00 -8.281592E+01
 -4.975124E+00 -8.382587E+01
 -4.975124E+00 -8.483582E+01
 -4.975124E+00 -8.584577E+01
 -4.975124E+00 -8.685572E+01
 -4.975124E+00 -8.786567E+01
 -4.975124E+00 -8.887562E+01
 -4.975124E+00 -8.988557E+01
 -4.975124E+00 -9.089552E+01
 -4.975124E+00 -9.190547E+01
 -4.975124E+00 -9.291542E+01
 -4.975124E+00 -9.392537E+01
 -4.975124E+00 -9.493532E+01
 -4.975124E+00 -9.594527E+01
 -4.975124E+00 -9.695522E+01
 -4.975124E+00 -9.796517E+01
 -4.975124E+00 -9.897512E+01
 -4.975124E+00 -9.998507E+01
 -4.975124E+00 -1.009950E+02

hb:   line clip z  
frame:
  0.0000000E+00 -1.0000000E+02
  1.0000000E+03 -1.0000000E+02
  1.0000000E+03  1.0000000E+02
  0.0000000E+00  1.0000000E+02
clip:
  7.462687E-02 -1.009950E+02
  1.000000E+03 -1.009950E+02
  1.000000E+03 -1.009204E+02
  1.000000E+03 -9.998507E+01
  1.000000E+03 -9.991045E+01
  1.000000E+03 -9.897512E+01
  1.000000E+03 -9.890050E+01
  1.000000E+03 -9.796517E+01
  1.000000E+03 -9.789055E+01
  1.000000E+03 -9.695522E+01
  1.000000E+03 -9.688060E+01
  1.000000E+03 -9.594527E+01
  1.000000E+03 -9.587065E+01
  1.000000E+03 -9.493532E+01
  1.000000E+03 -9.486070E+01
  1.000000E+03 -9.392537E+01
  1.000000E+03 -9.385075E+01
  1.000000E+03 -9.291542E+01
  1.000000E+03 -9.284080E+01
  1.000000E+03 -9.190547E+01
  1.000000E+03 -9.183085E+01
  1.000000E+03 -9.089552E+01
  1.000000E+03 -9.082090E+01
  1.000000E+03 -8.988557E+01
  1.000000E+03 -8.981095E+01
  1.000000E+03 -8.887562E+01
  1.000000E+03 -8.880100E+01
  1.000000E+03 -8.786567E+01
  1.000000E+03 -8.779104E+01
  1.000000E+03 -8.685572E+01
  1.000000E+03 -8.678109E+01
  1.000000E+03 -8.584577E+01
  1.000000E+03 -8.577114E+01
  1.000000E+03 -8.483582E+01
  1.000000E+03 -8.476119E+01
  1.000000E+03 -8.382587E+01
  1.000000E+03 -8.375124E+01
  1.000000E+03 -8.281592E+01
  1.000000E+03 -8.274129E+01
  1.000000E+03 -8.180597E+01
  1.000000E+03 -8.173134E+01
  1.000000E+03 -8.079602E+01
  1.000000E+03 -8.072139E+01
  1.000000E+03 -7.978607E+01
  1.000000E+03 -7.971144E+01
  1.000000E+03 -7.877612E+01
  1.000000E+03 -7.870149E+01
  1.000000E+03 -7.776617E+01
  1.000000E+03 -7.769154E+01
  1.000000E+03 -7.675622E+01
  1.000000E+03 -7.668159E+01
  1.000000E+03 -7.574627E+01
  1.000000E+03 -7.567164E+01
  1.000000E+03 -7.473632E+01
  1.000000E+03 -7.466169E+01
  1.000000E+03 -7.372637E+01
  1.000000E+03 -7.365174E+01
  1.000000E+03 -7.271642E+01
  1.000000E+03 -7.264179E+01
  1.000000E+03 -7.170647E+01
  1.000000E+03 -7.163184E+01
  1.000000E+03 -7.069652E+01
  1.000000E+03 -7.062189E+01
  1.000000E+03 -6.968657E+01
  1.000000E+03 -6.961194E+01
  1.000000E+03 -6.867662E+01
  1.000000E+03 -6.860199E+01
  1.000000E+03 -6.766667E+01
  1.000000E+03 -6.759204E+01
  1.000000E+03 -6.665672E+01
  1.000000E+03 -6.658209E+01
  1.000000E+03 -6.564677E+01
  1.000000E+03 -6.557214E+01
  1.000000E+03 -6.463682E+01
  1.000000E+03 -6.456219E+01
  1.000000E+03 -6.362687E+01
  1.000000E+03 -6.355224E+01
  1.000000E+03 -6.261692E+01
  1.000000E+03 -6.254229E+01
  1.000000E+03 -6.160697E+01
  1.000000E+03 -6.153234E+01
  1.000000E+03 -6.059701E+01
  1.000000E+03 -6.052239E+01
  1.000000E+03 -5.958706E+01
  1.000000E+03 -5.951244E+01
  1.000000E+03 -5.857711E+01
  1.000000E+03 -5.850249E+01
  1.000000E+03 -5.756716E+01
  1.000000E+03 -5.749254E+01
  1.000000E+03 -5.655721E+01
  1.000000E+03 -5.648259E+01
  1.000000E+03 -5.554726E+01
  1.000000E+03 -5.547264E+01
  1.000000E+03 -5.453731E+01
  1.000000E+03 -5.446269E+01
  1.000000E+03 -5.352736E+01
  1.000000E+03 -5.345274E+01
  1.000000E+03 -5.251741E+01
  1.000000E+03 -5.244279E+01
  1.000000E+03 -5.150746E+01
  1.000000E+03 -5.143284E+01
  1.000000E+03 -5.049751E+01
  1.000000E+03 -5.042289E+01
  9.999254E+02 -5.000000E+01
  9.994279E+02 -5.000000E+01
  9.948756E+02 -5.000000E+01
  9.943781E+02 -5.000000E+01
  9.898259E+02 -5.000000E+01
  9.893284E+02 -5.000000E+01
  9.847761E+02 -5.000000E+01
  9.842786E+02 -5.000000E+01
  9.797264E+02 -5.000000E+01
  9.792289E+02 -5.000000E+01
  9.746766E+02 -5.000000E+01
  9.741791E+02 -5.000000E+01
  9.696269E+02 -5.000000E+01
  9.691294E+02 -5.000000E+01
  9.645771E+02 -5.000000E+01
  9.640796E+02 -5.000000E+01
  9.595274E+02 -5.000000E+01
  9.590299E+02 -5.000000E+01
  9.544776E+02 -5.000000E+01
  9.539801E+02 -5.000000E+01
  9.494279E+02 -5.000000E+01
  9.489303E+02 -5.000000E+01
  9.443781E+02 -5.000000E+01
  9.438806E+02 -5.000000E+01
  9.393284E+02 -5.000000E+01
  9.388308E+02 -5.000000E+01
  9.342786E+02 -5.000000E+01
  9.337811E+02 -5.000000E+01
  9.292289E+02 -5.000000E+01
  9.287313E+02 -5.000000E+01
  9.241791E+02 -5.000000E+01
  9.236816E+02 -5.000000E+01
  9.191294E+02 -5.000000E+01
  9.186318E+02 -5.000000E+01
  9.140796E+02 -5.000000E+01
  9.135821E+02 -5.000000E+01
  9.090299E+02 -5.000000E+01
  9.085323E+02 -5.000000E+01
  9.039801E+02 -5.000000E+01
  9.034826E+02 -5.000000E+01
  8.989303E+02 -5.000000E+01
  8.984328E+02 -5.000000E+01
  8.938806E+02 -5.000000E+01
  8.933831E+02 -5.000000E+01
  8.888308E+02 -5.000000E+01
  8.883333E+02 -5.000000E+01
  8.837811E+02 -5.000000E+01
  8.832836E+02 -5.000000E+01
  8.787313E+02 -5.000000E+01
  8.782338E+02 -5.000000E+01
  8.736816E+02 -5.000000E+01
  8.731841E+02 -5.000000E+01
  8.686318E+02 -5.000000E+01
  8.681343E+02 -5.000000E+01
  8.635821E+02 -5.000000E+01
  8.630846E+02 -5.000000E+01
  8.585323E+02 -5.000000E+01
  8.580348E+02 -5.000000E+01
  8.534826E+02 -5.000000E+01
  8.529851E+02 -5.000000E+01
  8.484328E+02 -5.000000E+01
  8.479353E+02 -5.000000E+01
  8.433831E+02 -5.000000E+01
  8.428856E+02 -5.000000E+01
  8.383333E+02 -5.000000E+01
  8.378358E+02 -5.000000E+01
  8.332836E+02 -5.000000E+01
  8.327861E+02 -5.000000E+01
  8.282338E+02 -5.000000E+01
  8.277363E+02 -5.000000E+01
  8.231841E+02 -5.000000E+01
  8.226866E+02 -5.000000E+01
  8.181343E+02 -5.000000E+01
  8.176368E+02 -5.000000E+01
  8.130846E+02 -5.000000E+01
  8.125871E+02 -5.000000E+01
  8.080348E+02 -5.000000E+01
  8.075373E+02 -5.000000E+01
  8.029851E+02 -5.000000E+01
  8.024876E+02 -5.000000E+01
  7.979353E+02 -5.000000E+01
  7.974378E+02 -5.000000E+01
  7.928856E+02 -5.000000E+01
  7.923881E+02 -5.000000E+01
  7.878358E+02 -5.000000E+01
  7.873383E+02 -5.000000E+01
  7.827861E+02 -5.000000E+01
  7.822886E+02 -5.000000E+01
  7.777363E+02 -5.000000E+01
  7.772388E+02 -5.000000E+01
  7.726866E+02 -5.000000E+01
  7.721891E+02 -5.000000E+01
  7.676368E+02 -5.000000E+01
  7.671393E+02 -5.000000E+01
  7.625871E+02 -5.000000E+01
  7.620896E+02 -5.000000E+01
  7.575373E+02 -5.000000E+01
  7.570398E+02 -5.000000E+01
  7.524876E+02 -5.000000E+01
  7.519900E+02 -5.000000E+01
  7.474378E+02 -5.000000E+01
  7.469403E+02 -5.000000E+01
  7.423881E+02 -5.000000E+01
  7.418905E+02 -5.000000E+01
  7.373383E+02 -5.000000E+01
  7.368408E+02 -5.000000E+01
  7.322886E+02 -5.000000E+01
  7.317910E+02 -5.000000E+01
  7.272388E+02 -5.000000E+01
  7.267413E+02 -5.000000E+01
  7.221891E+02 -5.000000E+01
  7.216915E+02 -5.000000E+01
  7.171393E+02 -5.000000E+01
  7.166418E+02 -5.000000E+01
  7.120896E+02 -5.000000E+01
  7.115920E+02 -5.000000E+01
  7.070398E+02 -5.000000E+01
  7.065423E+02 -5.000000E+01
  7.019900E+02 -5.000000E+01
  7.014925E+02 -5.000000E+01
  6.969403E+02 -5.000000E+01
  6.964428E+02 -5.000000E+01
  6.918905E+02 -5.000000E+01
  6.913930E+02 -5.000000E+01
  6.868408E+02 -5.000000E+01
  6.863433E+02 -5.000000E+01
  6.817910E+02 -5.000000E+01
  6.812935E+02 -5.000000E+01
  6.767413E+02 -5.000000E+01
  6.762438E+02 -5.000000E+01
  6.716915E+02 -5.000000E+01
  6.711940E+02 -5.000000E+01
  6.666418E+02 -5.000000E+01
  6.661443E+02 -5.000000E+01
  6.615920E+02 -5.000000E+01
  6.610945E+02 -5.000000E+01
  6.565423E+02 -5.000000E+01
  6.560448E+02 -5.000000E+01
  6.514925E+02 -5.000000E+01
  6.509950E+02 -5.000000E+01
  6.464428E+02 -5.000000E+01
  6.459453E+02 -5.000000E+01
  6.413930E+02 -5.000000E+01
  6.408955E+02 -5.000000E+01
  6.363433E+02 -5.000000E+01
  6.358458E+02 -5.000000E+01
  6.312935E+02 -5.000000E+01
  6.307960E+02 -5.000000E+01
  6.262438E+02 -5.000000E+01
  6.257463E+02 -5.000000E+01
  6.211940E+02 -5.000000E+01
  6.206965E+02 -5.000000E+01
  6.161443E+02 -5.000000E+01
  6.156468E+02 -5.000000E+01
  6.110945E+02 -5.000000E+01
  6.105970E+02 -5.000000E+01
  6.060448E+02 -5.000000E+01
  6.055473E+02 -5.000000E+01
  6.009950E+02 -5.000000E+01
  6.004975E+02 -5.000000E+01
  5.959453E+02 -5.000000E+01
  5.954478E+02 -5.000000E+01
  5.908955E+02 -5.000000E+01
  5.903980E+02 -5.000000E+01
  5.858458E+02 -5.000000E+01
  5.853483E+02 -5.000000E+01
  5.807960E+02 -5.000000E+01
  5.802985E+02 -5.000000E+01
  5.757463E+02 -5.000000E+01
  5.752488E+02 -5.000000E+01
  5.706965E+02 -5.000000E+01
  5.701990E+02 -5.000000E+01
  5.656468E+02 -5.000000E+01
  5.651493E+02 -5.000000E+01
  5.605970E+02 -5.000000E+01
  5.600995E+02 -5.000000E+01
  5.555473E+02 -5.000000E+01
  5.550498E+02 -5.000000E+01
  5.504975E+02 -5.000000E+01
  5.500000E+02 -5.000000E+01
  5.454478E+02 -5.000000E+01
  5.449502E+02 -5.000000E+01
  5.403980E+02 -5.000000E+01
  5.399005E+02 -5.000000E+01
  5.353483E+02 -5.000000E+01
  5.348507E+02 -5.000000E+01
  5.302985E+02 -5.000000E+01
  5.298010E+02 -5.000000E+01
  5.252488E+02 -5.000000E+01
  5.247512E+02 -5.000000E+01
  5.201990E+02 -5.000000E+01
  5.197015E+02 -5.000000E+01
  5.151493E+02 -5.000000E+01
  5.146517E+02 -5.000000E+01
  5.100995E+02 -5.000000E+01
  5.096020E+02 -5.000000E+01
  5.050498E+02 -5.000000E+01
  5.045522E+02 -5.000000E+01
  5.000000E+02 -5.000000E+01
  4.995025E+02 -5.000000E+01
  4.949502E+02 -5.000000E+01
  4.944527E+02 -5.000000E+01
  4.899005E+02 -5.000000E+01
  4.894030E+02 -5.000000E+01
  4.848507E+02 -5.000000E+01
  4.843532E+02 -5.000000E+01
  4.798010E+02 -5.000000E+01
  4.793035E+02 -5.000000E+01
  4.747512E+02 -5.000000E+01
  4.742537E+02 -5.000000E+01
  4.697015E+02 -5.000000E+01
  4.692040E+02 -5.000000E+01
  4.646517E+02 -5.000000E+01
  4.641542E+02 -5.000000E+01
  4.596020E+02 -5.000000E+01
  4.591045E+02 -5.000000E+01
  4.545522E+02 -5.000000E+01
  4.540547E+02 -5.000000E+01
  4.495025E+02 -5.000000E+01
  4.490050E+02 -5.000000E+01
  4.444527E+02 -5.000000E+01
  4.439552E+02 -5.000000E+01
  4.394030E+02 -5.000000E+01
  4.389055E+02 -5.000000E+01
  4.343532E+02 -5.000000E+01
  4.338557E+02 -5.000000E+01
  4.293035E+02 -5.000000E+01
  4.288060E+02 -5.000000E+01
  4.242537E+02 -5.000000E+01
  4.237562E+02 -5.000000E+01
  4.192040E+02 -5.000000E+01
  4.187065E+02 -5.000000E+01
  4.141542E+02 -5.000000E+01
  4.136567E+02 -5.000000E+01
  4.091045E+02 -5.000000E+01
  4.086070E+02 -5.000000E+01
  4.040547E+02 -5.000000E+01
  4.035572E+02 -5.000000E+01
  3.990050E+02 -5.000000E+01
  3.985075E+02 -5.000000E+01
  3.939552E+02 -5.000000E+01
  3.934577E+02 -5.000000E+01
  3.889055E+02 -5.000000E+01
  3.884080E+02 -5.000000E+01
  3.838557E+02 -5.000000E+01
  3.833582E+02 -5.000000E+01
  3.788060E+02 -5.000000E+01
  3.783085E+02 -5.000000E+01
  3.737562E+02 -5.000000E+01
  3.732587E+02 -5.000000E+01
  3.687065E+02 -5.000000E+01
  3.682090E+02 -5.000000E+01
  3.636567E+02 -5.000000E+01
  3.631592E+02 -5.000000E+01
  3.586070E+02 -5.000000E+01
  3.581095E+02 -5.000000E+01
  3.535572E+02 -5.000000E+01
  3.530597E+02 -5.000000E+01
  3.485075E+02 -5.000000E+01
  3.480100E+02 -5.000000E+01
  3.434577E+02 -5.000000E+01
  3.429602E+02 -5.000000E+01
  3.384080E+02 -5.000000E+01
  3.379104E+02 -5.000000E+01
  3.333582E+02 -5.000000E+01
  3.328607E+02 -5.000000E+01
  3.283085E+02 -5.000000E+01
  3.278109E+02 -5.000000E+01
  3.232587E+02 -5.000000E+01
  3.227612E+02 -5.000000E+01
  3.182090E+02 -5.000000E+01
  3.177114E+02 -5.000000E+01
  3.131592E+02 -5.000000E+01
  3.126617E+02 -5.000000E+01
  3.081095E+02 -5.000000E+01
  3.076119E+02 -5.000000E+01
  3.030597E+02 -5.000000E+01
  3.025622E+02 -5.000000E+01
  2.980100E+02 -5.000000E+01
  2.975124E+02 -5.000000E+01
  2.929602E+02 -5.000000E+01
  2.924627E+02 -5.000000E+01
  2.879104E+02 -5.000000E+01
  2.874129E+02 -5.000000E+01
  2.828607E+02 -5.000000E+01
  2.823632E+02 -5.000000E+01
  2.778109E+02 -5.000000E+01
  2.773134E+02 -5.000000E+01
  2.727612E+02 -5.000000E+01
  2.722637E+02 -5.000000E+01
  2.677114E+02 -5.000000E+01
  2.672139E+02 -5.000000E+01
  2.626617E+02 -5.000000E+01
  2.621642E+02 -5.000000E+01
  2.576119E+02 -5.000000E+01
  2.571144E+02 -5.000000E+01
  2.525622E+02 -5.000000E+01
  2.520647E+02 -5.000000E+01
  2.475124E+02 -5.000000E+01
  2.470149E+02 -5.000000E+01
  2.424627E+02 -5.000000E+01
  2.419652E+02 -5.000000E+01
  2.374129E+02 -5.000000E+01
  2.369154E+02 -5.000000E+01
  2.323632E+02 -5.000000E+01
  2.318657E+02 -5.000000E+01
  2.273134E+02 -5.000000E+01
  2.268159E+02 -5.000000E+01
  2.222637E+02 -5.000000E+01
  2.217662E+02 -5.000000E+01
  2.172139E+02 -5.000000E+01
  2.167164E+02 -5.000000E+01
  2.121642E+02 -5.000000E+01
  2.116667E+02 -5.000000E+01
  2.071144E+02 -5.000000E+01
  2.066169E+02 -5.000000E+01
  2.020647E+02 -5.000000E+01
  2.015672E+02 -5.000000E+01
  1.970149E+02 -5.000000E+01
  1.965174E+02 -5.000000E+01
  1.919652E+02 -5.000000E+01
  1.914677E+02 -5.000000E+01
  1.869154E+02 -5.000000E+01
  1.864179E+02 -5.000000E+01
  1.818657E+02 -5.000000E+01
  1.813682E+02 -5.000000E+01
  1.768159E+02 -5.000000E+01
  1.763184E+02 -5.000000E+01
  1.717662E+02 -5.000000E+01
  1.712687E+02 -5.000000E+01
  1.667164E+02 -5.000000E+01
  1.662189E+02 -5.000000E+01
  1.616667E+02 -5.000000E+01
  1.611692E+02 -5.000000E+01
  1.566169E+02 -5.000000E+01
  1.561194E+02 -5.000000E+01
  1.515672E+02 -5.000000E+01
  1.510697E+02 -5.000000E+01
  1.465174E+02 -5.000000E+01
  1.460199E+02 -5.000000E+01
  1.414677E+02 -5.000000E+01
  1.409701E+02 -5.000000E+01
  1.364179E+02 -5.000000E+01
  1.359204E+02 -5.000000E+01
  1.313682E+02 -5.000000E+01
  1.308706E+02 -5.000000E+01
  1.263184E+02 -5.000000E+01
  1.258209E+02 -5.000000E+01
  1.212687E+02 -5.000000E+01
  1.207711E+02 -5.000000E+01
  1.162189E+02 -5.000000E+01
  1.157214E+02 -5.000000E+01
  1.111692E+02 -5.000000E+01
  1.106716E+02 -5.000000E+01
  1.061194E+02 -5.000000E+01
  1.056219E+02 -5.000000E+01
  1.010697E+02 -5.000000E+01
  1.005721E+02 -5.000000E+01
  9.601990E+01 -5.000000E+01
  9.552239E+01 -5.000000E+01
  9.097015E+01 -5.000000E+01
  9.047264E+01 -5.000000E+01
  8.592040E+01 -5.000000E+01
  8.542289E+01 -5.000000E+01
  8.087065E+01 -5.000000E+01
  8.037313E+01 -5.000000E+01
  7.582090E+01 -5.000000E+01
  7.532338E+01 -5.000000E+01
  7.077114E+01 -5.000000E+01
  7.027363E+01 -5.000000E+01
  6.572139E+01 -5.000000E+01
  6.522388E+01 -5.000000E+01
  6.067164E+01 -5.000000E+01
  6.017413E+01 -5.000000E+01
  5.562189E+01 -5.000000E+01
  5.512438E+01 -5.000000E+01
  5.057214E+01 -5.000000E+01
  5.007463E+01 -5.000000E+01
  4.552239E+01 -5.000000E+01
  4.502488E+01 -5.000000E+01
  4.047264E+01 -5.000000E+01
  3.997512E+01 -5.000000E+01
  3.542289E+01 -5.000000E+01
  3.492537E+01 -5.000000E+01
  3.037313E+01 -5.000000E+01
  2.987562E+01 -5.000000E+01
  2.532338E+01 -5.000000E+01
  2.482587E+01 -5.000000E+01
  2.027363E+01 -5.000000E+01
  1.977612E+01 -5.000000E+01
  1.522388E+01 -5.000000E+01
  1.472637E+01 -5.000000E+01
  1.017413E+01 -5.000000E+01
  9.676617E+00 -5.000000E+01
  5.124378E+00 -5.000000E+01
  4.626866E+00 -5.000000E+01
  7.462687E-02 -5.000000E+01
  0.000000E+00 -5.042289E+01
  0.000000E+00 -5.049751E+01
  0.000000E+00 -5.057214E+01
  0.000000E+00 -5.150746E+01
  0.000000E+00 -5.158209E+01
  0.000000E+00 -5.251741E+01
  0.000000E+00 -5.259204E+01
  0.000000E+00 -5.352736E+01
  0.000000E+00 -5.360199E+01
  0.000000E+00 -5.453731E+01
  0.000000E+00 -5.461194E+01
  0.000000E+00 -5.554726E+01
  0.000000E+00 -5.562189E+01
  0.000000E+00 -5.655721E+01
  0.000000E+00 -5.663184E+01
  0.000000E+00 -5.756716E+01
  0.000000E+00 -5.764179E+01
  0.000000E+00 -5.857711E+01
  0.000000E+00 -5.865174E+01
  0.000000E+00 -5.958706E+01
  0.000000E+00 -5.966169E+01
  0.000000E+00 -6.059701E+01
  0.000000E+00 -6.067164E+01
  0.000000E+00 -6.160697E+01
  0.000000E+00 -6.168159E+01
  0.000000E+00 -6.261692E+01
  0.000000E+00 -6.269154E+01
  0.000000E+00 -6.362687E+01
  0.000000E+00 -6.370149E+01
  0.000000E+00 -6.463682E+01
  0.000000E+00 -6.471144E+01
  0.000000E+00 -6.564677E+01
  0.000000E+00 -6.572139E+01
  0.000000E+00 -6.665672E+01
  0.000000E+00 -6.673134E+01
  0.000000E+00 -6.766667E+01
  0.000000E+00 -6.774129E+01
  0.000000E+00 -6.867662E+01
  0.000000E+00 -6.875124E+01
  0.000000E+00 -6.968657E+01
  0.000000E+00 -6.976119E+01
  0.000000E+00 -7.069652E+01
  0.000000E+00 -7.077114E+01
  0.000000E+00 -7.170647E+01
  0.000000E+00 -7.178109E+01
  0.000000E+00 -7.271642E+01
  0.000000E+00 -7.279104E+01
  0.000000E+00 -7.372637E+01
  0.000000E+00 -7.380100E+01
  0.000000E+00 -7.473632E+01
  0.000000E+00 -7.481095E+01
  0.000000E+00 -7.574627E+01
  0.000000E+00 -7.582090E+01
  0.000000E+00 -7.675622E+01
  0.000000E+00 -7.683085E+01
  0.000000E+00 -7.776617E+01
  0.000000E+00 -7.784080E+01
  0.000000E+00 -7.877612E+01
  0.000000E+00 -7.885075E+01
  0.000000E+00 -7.978607E+01
  0.000000E+00 -7.986070E+01
  0.000000E+00 -8.079602E+01
  0.000000E+00 -8.087065E+01
  0.000000E+00 -8.180597E+01
  0.000000E+00 -8.188060E+01
  0.000000E+00 -8.281592E+01
  0.000000E+00 -8.289055E+01
  0.000000E+00 -8.382587E+01
  0.000000E+00 -8.390050E+01
  0.000000E+00 -8.483582E+01
  0.000000E+00 -8.491045E+01
  0.000000E+00 -8.584577E+01
  0.000000E+00 -8.592040E+01
  0.000000E+00 -8.685572E+01
  0.000000E+00 -8.693035E+01
  0.000000E+00 -8.786567E+01
  0.000000E+00 -8.794030E+01
  0.000000E+00 -8.887562E+01
  0.000000E+00 -8.895025E+01
  0.000000E+00 -8.988557E+01
  0.000000E+00 -8.996020E+01
  0.000000E+00 -9.089552E+01
  0.000000E+00 -9.097015E+01
  0.000000E+00 -9.190547E+01
  0.000000E+00 -9.198010E+01
  0.000000E+00 -9.291542E+01
  0.000000E+00 -9.299005E+01
  0.000000E+00 -9.392537E+01
  0.000000E+00 -9.400000E+01
  0.000000E+00 -9.493532E+01
  0.000000E+00 -9.500995E+01
  0.000000E+00 -9.594527E+01
  0.000000E+00 -9.601990E+01
  0.000000E+00 -9.695522E+01
  0.000000E+00 -9.702985E+01
  0.000000E+00 -9.796517E+01
  0.000000E+00 -9.803980E+01
  0.000000E+00 -9.897512E+01
  0.000000E+00 -9.904975E+01
  0.000000E+00 -9.998507E+01
  0.000000E+00 -1.000597E+02
  0.000000E+00 -1.009950E+02

hb:   line clip z  
frame:
  0.0000000E+00 -1.0000000E+02
  1.0000000E+03 -1.0000000E+02
  1.0000000E+03  1.0000000E+02
  0.0000000E+00  1.0000000E+02
clip:
 -4.975124E+00 -5.000000E+01
 -4.462687E+00 -5.000000E+01
  0.000000E+00 -4.948756E+01
  0.000000E+00 -4.847761E+01
  0.000000E+00 -4.746766E+01
  0.000000E+00 -4.645771E+01
  0.000000E+00 -4.544776E+01
  0.000000E+00 -4.443781E+01
  0.000000E+00 -4.342786E+01
  0.000000E+00 -4.241791E+01
  0.000000E+00 -4.140796E+01
  0.000000E+00 -4.039801E+01
  0.000000E+00 -3.938806E+01
  0.000000E+00 -3.837811E+01
  0.000000E+00 -3.736816E+01
  0.000000E+00 -3.635821E+01
  0.000000E+00 -3.534826E+01
  0.000000E+00 -3.433831E+01
  0.000000E+00 -3.332836E+01
  0.000000E+00 -3.231841E+01
  0.000000E+00 -3.130846E+01
  0.000000E+00 -3.029851E+01
  0.000000E+00 -2.928856E+01
  0.000000E+00 -2.827861E+01
  0.000000E+00 -2.726866E+01
  0.000000E+00 -2.625871E+01
  0.000000E+00 -2.524876E+01
  0.000000E+00 -2.423881E+01
  0.000000E+00 -2.322886E+01
  0.000000E+00 -2.221891E+01
  0.000000E+00 -2.120896E+01
  0.000000E+00 -2.019900E+01
  0.000000E+00 -1.918905E+01
  0.000000E+00 -1.817910E+01
  0.000000E+00 -1.716915E+01
  0.000000E+00 -1.615920E+01
  0.000000E+00 -1.514925E+01
  0.000000E+00 -1.413930E+01
  0.000000E+00 -1.312935E+01
  0.000000E+00 -1.211940E+01
  0.000000E+00 -1.110945E+01
  0.000000E+00 -1.009950E+01
  0.000000E+00 -9.089552E+00
  0.000000E+00 -8.079602E+00
  0.000000E+00 -7.069652E+00
  0.000000E+00 -6.059701E+00
  0.000000E+00 -5.049751E+00
  0.000000E+00 -4.039801E+00
  0.000000E+00 -3.029851E+00
  0.000000E+00 -2.019900E+00
  0.000000E+00 -1.009950E+00
  0.000000E+00  1.233502E-11
  0.000000E+00  1.009950E+00
  0.000000E+00  2.019900E+00
  0.000000E+00  3.029851E+00
  0.000000E+00  4.039801E+00
  0.000000E+00  5.049751E+00
  0.000000E+00  6.059701E+00
  0.000000E+00  7.069652E+00
  0.000000E+00  8.079602E+00
  0.000000E+00  9.089552E+00
  0.000000E+00  1.009950E+01
  0.000000E+00  1.110945E+01
  0.000000E+00  1.211940E+01
  0.000000E+00  1.312935E+01
  0.000000E+00  1.413930E+01
  0.000000E+00  1.514925E+01
  0.000000E+00  1.615920E+01
  0.000000E+00  1.716915E+01
  0.000000E+00  1.817910E+01
  0.000000E+00  1.918905E+01
  0.000000E+00  2.019900E+01
  0.000000E+00  2.120896E+01
  0.000000E+00  2.221891E+01
  0.000000E+00  2.322886E+01
  0.000000E+00  2.423881E+01
  0.000000E+00  2.524876E+01
  0.000000E+00  2.625871E+01
  0.000000E+00  2.726866E+01
  0.000000E+00  2.827861E+01
  0.000000E+00  2.928856E+01
  0.000000E+00  3.029851E+01
  0.000000E+00  3.130846E+01
  0.000000E+00  3.231841E+01
  0.000000E+00  3.332836E+01
  0.000000E+00  3.433831E+01
  0.000000E+00  3.534826E+01
  0.000000E+00  3.635821E+01
  0.000000E+00  3.736816E+01
  0.000000E+00  3.837811E+01
  0.000000E+00  3.938806E+01
  0.000000E+00  4.039801E+01
  0.000000E+00  4.140796E+01
  0.000000E+00  4.241791E+01
  0.000000E+00  4.342786E+01
  0.000000E+00  4.443781E+01
  0.000000E+00  4.544776E+01
  0.000000E+00  4.645771E+01
 -1.432836E+00  5.000000E+01
  0.000000E+00  4.746766E+01
 -2.442786E+00  5.000000E+01
  0.000000E+00  4.847761E+01
 -3.452736E+00  5.000000E+01
  0.000000E+00  4.948756E+01
 -4.462687E+00  5.000000E+01
 -4.975124E+00  5.000000E+01
 -4.975124E+00  4.948756E+01
 -4.975124E+00  4.847761E+01
 -4.975124E+00  4.746766E+01
 -4.975124E+00  4.645771E+01
 -4.975124E+00  4.544776E+01
 -4.975124E+00  4.443781E+01
 -4.975124E+00  4.342786E+01
 -4.975124E+00  4.241791E+01
 -4.975124E+00  4.140796E+01
 -4.975124E+00  4.039801E+01
 -4.975124E+00  3.938806E+01
 -4.975124E+00  3.837811E+01
 -4.975124E+00  3.736816E+01
 -4.975124E+00  3.635821E+01
 -4.975124E+00  3.534826E+01
 -4.975124E+00  3.433831E+01
 -4.975124E+00  3.332836E+01
 -4.975124E+00  3.231841E+01
 -4.975124E+00  3.130846E+01
 -4.975124E+00  3.029851E+01
 -4.975124E+00  2.928856E+01
 -4.975124E+00  2.827861E+01
 -4.975124E+00  2.726866E+01
 -4.975124E+00  2.625871E+01
 -4.975124E+00  2.524876E+01
 -4.975124E+00  2.423881E+01
 -4.975124E+00  2.322886E+01
 -4.975124E+00  2.221891E+01
 -4.975124E+00  2.120896E+01
 -4.975124E+00  2.019900E+01
 -4.975124E+00  1.918905E+01
 -4.975124E+00  1.817910E+01
 -4.975124E+00  1.716915E+01
 -4.975124E+00  1.615920E+01
 -4.975124E+00  1.514925E+01
 -4.975124E+00  1.413930E+01
 -4.975124E+00  1.312935E+01
 -4.975124E+00  1.211940E+01
 -4.975124E+00  1.110945E+01
 -4.975124E+00  1.009950E+01
 -4.975124E+00  9.089552E+00
 -4.975124E+00  8.079602E+00
 -4.975124E+00  7.069652E+00
 -4.975124E+00  6.059701E+00
 -4.975124E+00  5.049751E+00
 -4.975124E+00  4.039801E+00
 -4.975124E+00  3.029851E+00
 -4.975124E+00  2.019900E+00
 -4.975124E+00  1.009950E+00
 -4.975124E+00  1.233502E-11
 -4.975124E+00 -1.009950E+00
 -4.975124E+00 -2.019900E+00
 -4.975124E+00 -3.029851E+00
 -4.975124E+00 -4.039801E+00
 -4.975124E+00 -5.049751E+00
 -4.975124E+00 -6.059701E+00
 -4.975124E+00 -7.069652E+00
 -4.975124E+00 -8.079602E+00
 -4.975124E+00 -9.089552E+00
 -4.975124E+00 -1.009950E+01
 -4.975124E+00 -1.110945E+01
 -4.975124E+00 -1.211940E+01
 -4.975124E+00 -1.312935E+01
 -4.975124E+00 -1.413930E+01
 -4.975124E+00 -1.514925E+01
 -4.975124E+00 -1.615920E+01
 -4.975124E+00 -1.716915E+01
 -4.975124E+00 -1.817910E+01
 -4.975124E+00 -1.918905E+01
 -4.975124E+00 -2.019900E+01
 -4.975124E+00 -2.120896E+01
 -4.975124E+00 -2.221891E+01
 -4.975124E+00 -2.322886E+01
 -4.975124E+00 -2.423881E+01
 -4.975124E+00 -2.524876E+01
 -4.975124E+00 -2.625871E+01
 -4.975124E+00 -2.726866E+01
 -4.975124E+00 -2.827861E+01
 -4.975124E+00 -2.928856E+01
 -4.975124E+00 -3.029851E+01
 -4.975124E+00 -3.130846E+01
 -4.975124E+00 -3.231841E+01
 -4.975124E+00 -3.332836E+01
 -4.975124E+00 -3.433831E+01
 -4.975124E+00 -3.534826E+01
 -4.975124E+00 -3.635821E+01
 -4.975124E+00 -3.736816E+01
 -4.975124E+00 -3.837811E+01
 -4.975124E+00 -3.938806E+01
 -4.975124E+00 -4.039801E+01
 -4.975124E+00 -4.140796E+01
 -4.975124E+00 -4.241791E+01
 -4.975124E+00 -4.342786E+01
 -4.975124E+00 -4.443781E+01
 -4.975124E+00 -4.544776E+01
 -4.975124E+00 -4.645771E+01
 -4.975124E+00 -4.746766E+01
 -4.975124E+00 -4.847761E+01
 -4.975124E+00 -4.948756E+01

hb:   line clip z  
clip:
  0.000000E+00 -4.956219E+01
  7.462687E-02 -5.000000E+01
  5.870647E-01 -5.000000E+01
  5.124378E+00 -5.000000E+01
  5.636816E+00 -5.000000E+01
  1.017413E+01 -5.000000E+01
  1.068657E+01 -5.000000E+01
  1.522388E+01 -5.000000E+01
  1.573632E+01 -5.000000E+01
  2.027363E+01 -5.000000E+01
  2.078607E+01 -5.000000E+01
  2.532338E+01 -5.000000E+01
  2.583582E+01 -5.000000E+01
  3.037313E+01 -5.000000E+01
  3.088557E+01 -5.000000E+01
  3.542289E+01 -5.000000E+01
  3.593532E+01 -5.000000E+01
  4.047264E+01 -5.000000E+01
  4.098507E+01 -5.000000E+01
  4.552239E+01 -5.000000E+01
  4.603483E+01 -5.000000E+01
  5.057214E+01 -5.000000E+01
  5.108458E+01 -5.000000E+01
  5.562189E+01 -5.000000E+01
  5.613433E+01 -5.000000E+01
  6.067164E+01 -5.000000E+01
  6.118408E+01 -5.000000E+01
  6.572139E+01 -5.000000E+01
  6.623383E+01 -5.000000E+01
  7.077114E+01 -5.000000E+01
  7.128358E+01 -5.000000E+01
  7.582090E+01 -5.000000E+01
  7.633333E+01 -5.000000E+01
  8.087065E+01 -5.000000E+01
  8.138308E+01 -5.000000E+01
  8.592040E+01 -5.000000E+01
  8.643284E+01 -5.000000E+01
  9.097015E+01 -5.000000E+01
  9.148259E+01 -5.000000E+01
  9.601990E+01 -5.000000E+01
  9.653234E+01 -5.000000E+01
  1.010697E+02 -5.000000E+01
  1.015821E+02 -5.000000E+01
  1.061194E+02 -5.000000E+01
  1.066318E+02 -5.000000E+01
  1.111692E+02 -5.000000E+01
  1.116816E+02 -5.000000E+01
  1.162189E+02 -5.000000E+01
  1.167313E+02 -5.000000E+01
  1.212687E+02 -5.000000E+01
  1.217811E+02 -5.000000E+01
  1.263184E+02 -5.000000E+01
  1.268308E+02 -5.000000E+01
  1.313682E+02 -5.000000E+01
  1.318806E+02 -5.000000E+01
  1.364179E+02 -5.000000E+01
  1.369303E+02 -5.000000E+01
  1.414677E+02 -5.000000E+01
  1.419801E+02 -5.000000E+01
  1.465174E+02 -5.000000E+01
  1.470299E+02 -5.000000E+01
  1.515672E+02 -5.000000E+01
  1.520796E+02 -5.000000E+01
  1.566169E+02 -5.000000E+01
  1.571294E+02 -5.000000E+01
  1.616667E+02 -5.000000E+01
  1.621791E+02 -5.000000E+01
  1.667164E+02 -5.000000E+01
  1.672289E+02 -5.000000E+01
  1.717662E+02 -5.000000E+01
  1.722786E+02 -5.000000E+01
  1.768159E+02 -5.000000E+01
  1.773284E+02 -5.000000E+01
  1.818657E+02 -5.000000E+01
  1.823781E+02 -5.000000E+01
  1.869154E+02 -5.000000E+01
  1.874279E+02 -5.000000E+01
  1.919652E+02 -5.000000E+01
  1.924776E+02 -5.000000E+01
  1.970149E+02 -5.000000E+01
  1.975274E+02 -5.000000E+01
  2.020647E+02 -5.000000E+01
  2.025771E+02 -5.000000E+01
  2.071144E+02 -5.000000E+01
  2.076269E+02 -5.000000E+01
  2.121642E+02 -5.000000E+01
  2.126766E+02 -5.000000E+01
  2.172139E+02 -5.000000E+01
  2.177264E+02 -5.000000E+01
  2.222637E+02 -5.000000E+01
  2.227761E+02 -5.000000E+01
  2.273134E+02 -5.000000E+01
  2.278259E+02 -5.000000E+01
  2.323632E+02 -5.000000E+01
  2.328756E+02 -5.000000E+01
  2.374129E+02 -5.000000E+01
  2.379254E+02 -5.000000E+01
  2.424627E+02 -5.000000E+01
  2.429751E+02 -5.000000E+01
  2.475124E+02 -5.000000E+01
  2.480249E+02 -5.000000E+01
  2.525622E+02 -5.000000E+01
  2.530746E+02 -5.000000E+01
  2.576119E+02 -5.000000E+01
  2.581244E+02 -5.000000E+01
  2.626617E+02 -5.000000E+01
  2.631741E+02 -5.000000E+01
  2.677114E+02 -5.000000E+01
  2.682239E+02 -5.000000E+01
  2.727612E+02 -5.000000E+01
  2.732736E+02 -5.000000E+01
  2.778109E+02 -5.000000E+01
  2.783234E+02 -5.000000E+01
  2.828607E+02 -5.000000E+01
  2.833731E+02 -5.000000E+01
  2.879104E+02 -5.000000E+01
  2.884229E+02 -5.000000E+01
  2.929602E+02 -5.000000E+01
  2.934726E+02 -5.000000E+01
  2.980100E+02 -5.000000E+01
  2.985224E+02 -5.000000E+01
  3.000000E+02 -4.948756E+01
  3.000000E+02 -4.749751E+01
  3.000000E+02 -4.847761E+01
  3.000000E+02 -4.648756E+01
  3.000000E+02 -4.746766E+01
  3.000000E+02 -4.547761E+01
  3.000000E+02 -4.645771E+01
  3.000000E+02 -4.446766E+01
  3.000000E+02 -4.544776E+01
  3.000000E+02 -4.345771E+01
  3.000000E+02 -4.443781E+01
  3.000000E+02 -4.244776E+01
  3.000000E+02 -4.342786E+01
  3.000000E+02 -4.143781E+01
  3.000000E+02 -4.241791E+01
  3.000000E+02 -4.042786E+01
  3.000000E+02 -4.140796E+01
  3.000000E+02 -3.941791E+01
  3.000000E+02 -4.039801E+01
  3.000000E+02 -3.840796E+01
  3.000000E+02 -3.938806E+01
  3.000000E+02 -3.739801E+01
  3.000000E+02 -3.837811E+01
  3.000000E+02 -3.638806E+01
  3.000000E+02 -3.736816E+01
  3.000000E+02 -3.537811E+01
  3.000000E+02 -3.635821E+01
  3.000000E+02 -3.436816E+01
  3.000000E+02 -3.534826E+01
  3.000000E+02 -3.335821E+01
  3.000000E+02 -3.433831E+01
  3.000000E+02 -3.234826E+01
  3.000000E+02 -3.332836E+01
  3.000000E+02 -3.133831E+01
  3.000000E+02 -3.231841E+01
  3.000000E+02 -3.032836E+01
  3.000000E+02 -3.130846E+01
  3.000000E+02 -2.931841E+01
  3.000000E+02 -3.029851E+01
  3.000000E+02 -2.830846E+01
  3.000000E+02 -2.928856E+01
  3.000000E+02 -2.729851E+01
  3.000000E+02 -2.827861E+01
  3.000000E+02 -2.628856E+01
  3.000000E+02 -2.726866E+01
  3.000000E+02 -2.527861E+01
  3.000000E+02 -2.625871E+01
  3.000000E+02 -2.426866E+01
  3.000000E+02 -2.524876E+01
  3.000000E+02 -2.325871E+01
  3.000000E+02 -2.423881E+01
  3.000000E+02 -2.224876E+01
  3.000000E+02 -2.322886E+01
  3.000000E+02 -2.123881E+01
  3.000000E+02 -2.221891E+01
  3.000000E+02 -2.022886E+01
  3.000000E+02 -2.120896E+01
  3.000000E+02 -1.921891E+01
  3.000000E+02 -2.019900E+01
  3.000000E+02 -1.820896E+01
  3.000000E+02 -1.918905E+01
  3.000000E+02 -1.719900E+01
  3.000000E+02 -1.817910E+01
  3.000000E+02 -1.618905E+01
  3.000000E+02 -1.716915E+01
  3.000000E+02 -1.517910E+01
  3.000000E+02 -1.615920E+01
  3.000000E+02 -1.416915E+01
  3.000000E+02 -1.514925E+01
  3.000000E+02 -1.315920E+01
  3.000000E+02 -1.413930E+01
  3.000000E+02 -1.214925E+01
  3.000000E+02 -1.312935E+01
  3.000000E+02 -1.113930E+01
  3.000000E+02 -1.211940E+01
  3.000000E+02 -1.012935E+01
  3.000000E+02 -1.110945E+01
  3.000000E+02 -9.119403E+00
  3.000000E+02 -1.009950E+01
  3.000000E+02 -8.109453E+00
  3.000000E+02 -9.089552E+00
  3.000000E+02 -7.099502E+00
  3.000000E+02 -8.079602E+00
  3.000000E+02 -6.089552E+00
  3.000000E+02 -7.069652E+00
  3.000000E+02 -5.079602E+00
  3.000000E+02 -6.059701E+00
  3.000000E+02 -4.069652E+00
  3.000000E+02 -5.049751E+00
  3.000000E+02 -3.059701E+00
  3.000000E+02 -4.039801E+00
  3.000000E+02 -2.049751E+00
  3.000000E+02 -3.029851E+00
  3.000000E+02 -1.039801E+00
  3.000000E+02 -2.019900E+00
  3.000000E+02 -2.985075E-02
  3.000000E+02 -1.009950E+00
  3.000000E+02  9.800995E-01
  3.000000E+02  1.233502E-11
  3.000000E+02  1.990050E+00
  3.000000E+02  1.009950E+00
  3.000000E+02  3.000000E+00
  3.000000E+02  2.019900E+00
  3.000000E+02  4.009950E+00
  3.000000E+02  3.029851E+00
  3.000000E+02  5.019900E+00
  3.000000E+02  4.039801E+00
  3.000000E+02  6.029851E+00
  3.000000E+02  5.049751E+00
  3.000000E+02  7.039801E+00
  3.000000E+02  6.059701E+00
  3.000000E+02  8.049751E+00
  3.000000E+02  7.069652E+00
  3.000000E+02  9.059701E+00
  3.000000E+02  8.079602E+00
  3.000000E+02  1.006965E+01
  3.000000E+02  9.089552E+00
  3.000000E+02  1.107960E+01
  3.000000E+02  1.009950E+01
  3.000000E+02  1.208955E+01
  3.000000E+02  1.110945E+01
  3.000000E+02  1.309950E+01
  3.000000E+02  1.211940E+01
  3.000000E+02  1.410945E+01
  3.000000E+02  1.312935E+01
  3.000000E+02  1.511940E+01
  3.000000E+02  1.413930E+01
  3.000000E+02  1.612935E+01
  3.000000E+02  1.514925E+01
  3.000000E+02  1.713930E+01
  3.000000E+02  1.615920E+01
  3.000000E+02  1.814925E+01
  3.000000E+02  1.716915E+01
  3.000000E+02  1.915920E+01
  3.000000E+02  1.817910E+01
  3.000000E+02  2.016915E+01
  3.000000E+02  1.918905E+01
  3.000000E+02  2.117910E+01
  3.000000E+02  2.019900E+01
  3.000000E+02  2.218905E+01
  3.000000E+02  2.120896E+01
  3.000000E+02  2.319900E+01
  3.000000E+02  2.221891E+01
  3.000000E+02  2.420896E+01
  3.000000E+02  2.322886E+01
  3.000000E+02  2.521891E+01
  3.000000E+02  2.423881E+01
  3.000000E+02  2.622886E+01
  3.000000E+02  2.524876E+01
  3.000000E+02  2.723881E+01
  3.000000E+02  2.625871E+01
  3.000000E+02  2.824876E+01
  3.000000E+02  2.726866E+01
  3.000000E+02  2.925871E+01
  3.000000E+02  2.827861E+01
  3.000000E+02  3.026866E+01
  3.000000E+02  2.928856E+01
  3.000000E+02  3.127861E+01
  3.000000E+02  3.029851E+01
  3.000000E+02  3.228856E+01
  3.000000E+02  3.130846E+01
  3.000000E+02  3.329851E+01
  3.000000E+02  3.231841E+01
  3.000000E+02  3.430846E+01
  3.000000E+02  3.332836E+01
  3.000000E+02  3.531841E+01
  3.000000E+02  3.433831E+01
  3.000000E+02  3.632836E+01
  3.000000E+02  3.534826E+01
  3.000000E+02  3.733831E+01
  3.000000E+02  3.635821E+01
  3.000000E+02  3.834826E+01
  3.000000E+02  3.736816E+01
  3.000000E+02  3.935821E+01
  3.000000E+02  3.837811E+01
  3.000000E+02  4.036816E+01
  3.000000E+02  3.938806E+01
  3.000000E+02  4.137811E+01
  3.000000E+02  4.039801E+01
  3.000000E+02  4.238806E+01
  3.000000E+02  4.140796E+01
  3.000000E+02  4.339801E+01
  3.000000E+02  4.241791E+01
  3.000000E+02  4.440796E+01
  3.000000E+02  4.342786E+01
  3.000000E+02  4.541791E+01
  3.000000E+02  4.443781E+01
  3.000000E+02  4.642786E+01
  3.000000E+02  4.544776E+01
  3.000000E+02  4.743781E+01
  3.000000E+02  4.645771E+01
  3.000000E+02  4.844776E+01
  3.000000E+02  4.746766E+01
  3.000000E+02  4.945771E+01
  3.000000E+02  4.847761E+01
  2.995323E+02  5.000000E+01
  3.000000E+02  4.948756E+01
  2.985224E+02  5.000000E+01
  2.980100E+02  5.000000E+01
  2.974975E+02  5.000000E+01
  2.929602E+02  5.000000E+01
  2.924478E+02  5.000000E+01
  2.879104E+02  5.000000E+01
  2.873980E+02  5.000000E+01
  2.828607E+02  5.000000E+01
  2.823483E+02  5.000000E+01
  2.778109E+02  5.000000E+01
  2.772985E+02  5.000000E+01
  2.727612E+02  5.000000E+01
  2.722488E+02  5.000000E+01
  2.677114E+02  5.000000E+01
  2.671990E+02  5.000000E+01
  2.626617E+02  5.000000E+01
  2.621493E+02  5.000000E+01
  2.576119E+02  5.000000E+01
  2.570995E+02  5.000000E+01
  2.525622E+02  5.000000E+01
  2.520498E+02  5.000000E+01
  2.475124E+02  5.000000E+01
  2.470000E+02  5.000000E+01
  2.424627E+02  5.000000E+01
  2.419502E+02  5.000000E+01
  2.374129E+02  5.000000E+01
  2.369005E+02  5.000000E+01
  2.323632E+02  5.000000E+01
  2.318507E+02  5.000000E+01
  2.273134E+02  5.000000E+01
  2.268010E+02  5.000000E+01
  2.222637E+02  5.000000E+01
  2.217512E+02  5.000000E+01
  2.172139E+02  5.000000E+01
  2.167015E+02  5.000000E+01
  2.121642E+02  5.000000E+01
  2.116517E+02  5.000000E+01
  2.071144E+02  5.000000E+01
  2.066020E+02  5.000000E+01
  2.020647E+02  5.000000E+01
  2.015522E+02  5.000000E+01
  1.970149E+02  5.000000E+01
  1.965025E+02  5.000000E+01
  1.919652E+02  5.000000E+01
  1.914527E+02  5.000000E+01
  1.869154E+02  5.000000E+01
  1.864030E+02  5.000000E+01
  1.818657E+02  5.000000E+01
  1.813532E+02  5.000000E+01
  1.768159E+02  5.000000E+01
  1.763035E+02  5.000000E+01
  1.717662E+02  5.000000E+01
  1.712537E+02  5.000000E+01
  1.667164E+02  5.000000E+01
  1.662040E+02  5.000000E+01
  1.616667E+02  5.000000E+01
  1.611542E+02  5.000000E+01
  1.566169E+02  5.000000E+01
  1.561045E+02  5.000000E+01
  1.515672E+02  5.000000E+01
  1.510547E+02  5.000000E+01
  1.465174E+02  5.000000E+01
  1.460050E+02  5.000000E+01
  1.414677E+02  5.000000E+01
  1.409552E+02  5.000000E+01
  1.364179E+02  5.000000E+01
  1.359055E+02  5.000000E+01
  1.313682E+02  5.000000E+01
  1.308557E+02  5.000000E+01
  1.263184E+02  5.000000E+01
  1.258060E+02  5.000000E+01
  1.212687E+02  5.000000E+01
  1.207562E+02  5.000000E+01
  1.162189E+02  5.000000E+01
  1.157065E+02  5.000000E+01
  1.111692E+02  5.000000E+01
  1.106567E+02  5.000000E+01
  1.061194E+02  5.000000E+01
  1.056070E+02  5.000000E+01
  1.010697E+02  5.000000E+01
  1.005572E+02  5.000000E+01
  9.601990E+01  5.000000E+01
  9.550746E+01  5.000000E+01
  9.097015E+01  5.000000E+01
  9.045771E+01  5.000000E+01
  8.592040E+01  5.000000E+01
  8.540796E+01  5.000000E+01
  8.087065E+01  5.000000E+01
  8.035821E+01  5.000000E+01
  7.582090E+01  5.000000E+01
  7.530846E+01  5.000000E+01
  7.077114E+01  5.000000E+01
  7.025871E+01  5.000000E+01
  6.572139E+01  5.000000E+01
  6.520896E+01  5.000000E+01
  6.067164E+01  5.000000E+01
  6.015920E+01  5.000000E+01
  5.562189E+01  5.000000E+01
  5.510945E+01  5.000000E+01
  5.057214E+01  5.000000E+01
  5.005970E+01  5.000000E+01
  4.552239E+01  5.000000E+01
  4.500995E+01  5.000000E+01
  4.047264E+01  5.000000E+01
  3.996020E+01  5.000000E+01
  3.542289E+01  5.000000E+01
  3.491045E+01  5.000000E+01
  3.037313E+01  5.000000E+01
  2.986070E+01  5.000000E+01
  2.532338E+01  5.000000E+01
  2.481095E+01  5.000000E+01
  2.027363E+01  5.000000E+01
  1.976119E+01  5.000000E+01
  1.522388E+01  5.000000E+01
  1.471144E+01  5.000000E+01
  1.017413E+01  5.000000E+01
  9.661692E+00  5.000000E+01
  5.124378E+00  5.000000E+01
  4.611940E+00  5.000000E+01
  7.462687E-02  5.000000E+01
  0.000000E+00  4.956219E+01
  0.000000E+00 -4.948756E+01

hb:   line clip z  
clip:
  3.025473E+02 -5.000000E+01
  4.954627E+02 -5.000000E+01
  5.000000E+02 -4.948756E+01
  5.000000E+02 -4.847761E+01
  5.000000E+02 -4.746766E+01
  5.000000E+02 -4.645771E+01
  5.000000E+02 -4.544776E+01
  5.000000E+02 -4.443781E+01
  5.000000E+02 -4.342786E+01
  5.000000E+02 -4.241791E+01
  5.000000E+02 -4.140796E+01
  5.000000E+02 -4.039801E+01
  5.000000E+02 -3.938806E+01
  5.000000E+02 -3.837811E+01
  5.000000E+02 -3.736816E+01
  5.000000E+02 -3.635821E+01
  5.000000E+02 -3.534826E+01
  5.000000E+02 -3.433831E+01
  5.000000E+02 -3.332836E+01
  5.000000E+02 -3.231841E+01
  5.000000E+02 -3.130846E+01
  5.000000E+02 -3.029851E+01
  5.000000E+02 -2.928856E+01
  5.000000E+02 -2.827861E+01
  5.000000E+02 -2.726866E+01
  5.000000E+02 -2.625871E+01
  5.000000E+02 -2.524876E+01
  5.000000E+02 -2.423881E+01
  5.000000E+02 -2.322886E+01
  5.000000E+02 -2.221891E+01
  5.000000E+02 -2.120896E+01
  5.000000E+02 -2.019900E+01
  5.000000E+02 -1.918905E+01
  5.000000E+02 -1.817910E+01
  5.000000E+02 -1.716915E+01
  5.000000E+02 -1.615920E+01
  5.000000E+02 -1.514925E+01
  5.000000E+02 -1.413930E+01
  5.000000E+02 -1.312935E+01
  5.000000E+02 -1.211940E+01
  5.000000E+02 -1.110945E+01
  5.000000E+02 -1.009950E+01
  5.000000E+02 -9.089552E+00
  5.000000E+02 -8.079602E+00
  5.000000E+02 -7.069652E+00
  5.000000E+02 -6.059701E+00
  5.000000E+02 -5.049751E+00
  5.000000E+02 -4.039801E+00
  5.000000E+02 -3.029851E+00
  5.000000E+02 -2.019900E+00
  5.000000E+02 -1.009950E+00
  5.000000E+02  1.233502E-11
  5.000000E+02  1.009950E+00
  5.000000E+02  2.019900E+00
  5.000000E+02  3.029851E+00
  5.000000E+02  4.039801E+00
  5.000000E+02  5.049751E+00
  5.000000E+02  6.059701E+00
  5.000000E+02  7.069652E+00
  5.000000E+02  8.079602E+00
  5.000000E+02  9.089552E+00
  5.000000E+02  1.009950E+01
  5.000000E+02  1.110945E+01
  5.000000E+02  1.211940E+01
  5.000000E+02  1.312935E+01
  5.000000E+02  1.413930E+01
  5.000000E+02  1.514925E+01
  5.000000E+02  1.615920E+01
  5.000000E+02  1.716915E+01
  5.000000E+02  1.817910E+01
  5.000000E+02  1.918905E+01
  5.000000E+02  2.019900E+01
  5.000000E+02  2.120896E+01
  5.000000E+02  2.221891E+01
  5.000000E+02  2.322886E+01
  5.000000E+02  2.423881E+01
  5.000000E+02  2.524876E+01
  5.000000E+02  2.625871E+01
  5.000000E+02  2.726866E+01
  5.000000E+02  2.827861E+01
  5.000000E+02  2.928856E+01
  5.000000E+02  3.029851E+01
  5.000000E+02  3.130846E+01
  5.000000E+02  3.231841E+01
  5.000000E+02  3.332836E+01
  5.000000E+02  3.433831E+01
  5.000000E+02  3.534826E+01
  5.000000E+02  3.635821E+01
  5.000000E+02  3.736816E+01
  5.000000E+02  3.837811E+01
  5.000000E+02  3.938806E+01
  5.000000E+02  4.039801E+01
  5.000000E+02  4.140796E+01
  5.000000E+02  4.241791E+01
  5.000000E+02  4.342786E+01
  5.000000E+02  4.443781E+01
  5.000000E+02  4.544776E+01
  5.000000E+02  4.645771E+01
  5.000000E+02  4.746766E+01
  4.974826E+02  5.000000E+01
  5.000000E+02  4.847761E+01
  4.964726E+02  5.000000E+01
  5.000000E+02  4.948756E+01
  4.954627E+02  5.000000E+01
  4.949502E+02  5.000000E+01
  4.944378E+02  5.000000E+01
  4.899005E+02  5.000000E+01
  4.893881E+02  5.000000E+01
  4.848507E+02  5.000000E+01
  4.843383E+02  5.000000E+01
  4.798010E+02  5.000000E+01
  4.792886E+02  5.000000E+01
  4.747512E+02  5.000000E+01
  4.742388E+02  5.000000E+01
  4.697015E+02  5.000000E+01
  4.691891E+02  5.000000E+01
  4.646517E+02  5.000000E+01
  4.641393E+02  5.000000E+01
  4.596020E+02  5.000000E+01
  4.590896E+02  5.000000E+01
  4.545522E+02  5.000000E+01
  4.540398E+02  5.000000E+01
  4.495025E+02  5.000000E+01
  4.489900E+02  5.000000E+01
  4.444527E+02  5.000000E+01
  4.439403E+02  5.000000E+01
  4.394030E+02  5.000000E+01
  4.388905E+02  5.000000E+01
  4.343532E+02  5.000000E+01
  4.338408E+02  5.000000E+01
  4.293035E+02  5.000000E+01
  4.287910E+02  5.000000E+01
  4.242537E+02  5.000000E+01
  4.237413E+02  5.000000E+01
  4.192040E+02  5.000000E+01
  4.186915E+02  5.000000E+01
  4.141542E+02  5.000000E+01
  4.136418E+02  5.000000E+01
  4.091045E+02  5.000000E+01
  4.085920E+02  5.000000E+01
  4.040547E+02  5.000000E+01
  4.035423E+02  5.000000E+01
  3.990050E+02  5.000000E+01
  3.984925E+02  5.000000E+01
  3.939552E+02  5.000000E+01
  3.934428E+02  5.000000E+01
  3.889055E+02  5.000000E+01
  3.883930E+02  5.000000E+01
  3.838557E+02  5.000000E+01
  3.833433E+02  5.000000E+01
  3.788060E+02  5.000000E+01
  3.782935E+02  5.000000E+01
  3.737562E+02  5.000000E+01
  3.732438E+02  5.000000E+01
  3.687065E+02  5.000000E+01
  3.681940E+02  5.000000E+01
  3.636567E+02  5.000000E+01
  3.631443E+02  5.000000E+01
  3.586070E+02  5.000000E+01
  3.580945E+02  5.000000E+01
  3.535572E+02  5.000000E+01
  3.530448E+02  5.000000E+01
  3.485075E+02  5.000000E+01
  3.479950E+02  5.000000E+01
  3.434577E+02  5.000000E+01
  3.429453E+02  5.000000E+01
  3.384080E+02  5.000000E+01
  3.378955E+02  5.000000E+01
  3.333582E+02  5.000000E+01
  3.328458E+02  5.000000E+01
  3.283085E+02  5.000000E+01
  3.277960E+02  5.000000E+01
  3.232587E+02  5.000000E+01
  3.227463E+02  5.000000E+01
  3.182090E+02  5.000000E+01
  3.176965E+02  5.000000E+01
  3.131592E+02  5.000000E+01
  3.126468E+02  5.000000E+01
  3.081095E+02  5.000000E+01
  3.075970E+02  5.000000E+01
  3.030597E+02  5.000000E+01
  3.025473E+02  5.000000E+01
  3.000000E+02  4.948756E+01
  3.000000E+02  4.642786E+01
  3.000000E+02  4.847761E+01
  3.000000E+02  4.541791E+01
  3.000000E+02  4.746766E+01
  3.000000E+02  4.440796E+01
  3.000000E+02  4.645771E+01
  3.000000E+02  4.339801E+01
  3.000000E+02  4.544776E+01
  3.000000E+02  4.238806E+01
  3.000000E+02  4.443781E+01
  3.000000E+02  4.137811E+01
  3.000000E+02  4.342786E+01
  3.000000E+02  4.036816E+01
  3.000000E+02  4.241791E+01
  3.000000E+02  3.935821E+01
  3.000000E+02  4.140796E+01
  3.000000E+02  3.834826E+01
  3.000000E+02  4.039801E+01
  3.000000E+02  3.733831E+01
  3.000000E+02  3.938806E+01
  3.000000E+02  3.632836E+01
  3.000000E+02  3.837811E+01
  3.000000E+02  3.531841E+01
  3.000000E+02  3.736816E+01
  3.000000E+02  3.430846E+01
  3.000000E+02  3.635821E+01
  3.000000E+02  3.329851E+01
  3.000000E+02  3.534826E+01
  3.000000E+02  3.228856E+01
  3.000000E+02  3.433831E+01
  3.000000E+02  3.127861E+01
  3.000000E+02  3.332836E+01
  3.000000E+02  3.026866E+01
  3.000000E+02  3.231841E+01
  3.000000E+02  2.925871E+01
  3.000000E+02  3.130846E+01
  3.000000E+02  2.824876E+01
  3.000000E+02  3.029851E+01
  3.000000E+02  2.723881E+01
  3.000000E+02  2.928856E+01
  3.000000E+02  2.622886E+01
  3.000000E+02  2.827861E+01
  3.000000E+02  2.521891E+01
  3.000000E+02  2.726866E+01
  3.000000E+02  2.420896E+01
  3.000000E+02  2.625871E+01
  3.000000E+02  2.319900E+01
  3.000000E+02  2.524876E+01
  3.000000E+02  2.218905E+01
  3.000000E+02  2.423881E+01
  3.000000E+02  2.117910E+01
  3.000000E+02  2.322886E+01
  3.000000E+02  2.016915E+01
  3.000000E+02  2.221891E+01
  3.000000E+02  1.915920E+01
  3.000000E+02  2.120896E+01
  3.000000E+02  1.814925E+01
  3.000000E+02  2.019900E+01
  3.000000E+02  1.713930E+01
  3.000000E+02  1.918905E+01
  3.000000E+02  1.612935E+01
  3.000000E+02  1.817910E+01
  3.000000E+02  1.511940E+01
  3.000000E+02  1.716915E+01
  3.000000E+02  1.410945E+01
  3.000000E+02  1.615920E+01
  3.000000E+02  1.309950E+01
  3.000000E+02  1.514925E+01
  3.000000E+02  1.208955E+01
  3.000000E+02  1.413930E+01
  3.000000E+02  1.107960E+01
  3.000000E+02  1.312935E+01
  3.000000E+02  1.006965E+01
  3.000000E+02  1.211940E+01
  3.000000E+02  9.059701E+00
  3.000000E+02  1.110945E+01
  3.000000E+02  8.049751E+00
  3.000000E+02  1.009950E+01
  3.000000E+02  7.039801E+00
  3.000000E+02  9.089552E+00
  3.000000E+02  6.029851E+00
  3.000000E+02  8.079602E+00
  3.000000E+02  5.019900E+00
  3.000000E+02  7.069652E+00
  3.000000E+02  4.009950E+00
  3.000000E+02  6.059701E+00
  3.000000E+02  3.000000E+00
  3.000000E+02  5.049751E+00
  3.000000E+02  1.990050E+00
  3.000000E+02  4.039801E+00
  3.000000E+02  9.800995E-01
  3.000000E+02  3.029851E+00
  3.000000E+02 -2.985075E-02
  3.000000E+02  2.019900E+00
  3.000000E+02 -1.039801E+00
  3.000000E+02  1.009950E+00
  3.000000E+02 -2.049751E+00
  3.000000E+02  1.233502E-11
  3.000000E+02 -3.059701E+00
  3.000000E+02 -1.009950E+00
  3.000000E+02 -4.069652E+00
  3.000000E+02 -2.019900E+00
  3.000000E+02 -5.079602E+00
  3.000000E+02 -3.029851E+00
  3.000000E+02 -6.089552E+00
  3.000000E+02 -4.039801E+00
  3.000000E+02 -7.099502E+00
  3.000000E+02 -5.049751E+00
  3.000000E+02 -8.109453E+00
  3.000000E+02 -6.059701E+00
  3.000000E+02 -9.119403E+00
  3.000000E+02 -7.069652E+00
  3.000000E+02 -1.012935E+01
  3.000000E+02 -8.079602E+00
  3.000000E+02 -1.113930E+01
  3.000000E+02 -9.089552E+00
  3.000000E+02 -1.214925E+01
  3.000000E+02 -1.009950E+01
  3.000000E+02 -1.315920E+01
  3.000000E+02 -1.110945E+01
  3.000000E+02 -1.416915E+01
  3.000000E+02 -1.211940E+01
  3.000000E+02 -1.517910E+01
  3.000000E+02 -1.312935E+01
  3.000000E+02 -1.618905E+01
  3.000000E+02 -1.413930E+01
  3.000000E+02 -1.719900E+01
  3.000000E+02 -1.514925E+01
  3.000000E+02 -1.820896E+01
  3.000000E+02 -1.615920E+01
  3.000000E+02 -1.921891E+01
  3.000000E+02 -1.716915E+01
  3.000000E+02 -2.022886E+01
  3.000000E+02 -1.817910E+01
  3.000000E+02 -2.123881E+01
  3.000000E+02 -1.918905E+01
  3.000000E+02 -2.224876E+01
  3.000000E+02 -2.019900E+01
  3.000000E+02 -2.325871E+01
  3.000000E+02 -2.120896E+01
  3.000000E+02 -2.426866E+01
  3.000000E+02 -2.221891E+01
  3.000000E+02 -2.527861E+01
  3.000000E+02 -2.322886E+01
  3.000000E+02 -2.628856E+01
  3.000000E+02 -2.423881E+01
  3.000000E+02 -2.729851E+01
  3.000000E+02 -2.524876E+01
  3.000000E+02 -2.830846E+01
  3.000000E+02 -2.625871E+01
  3.000000E+02 -2.931841E+01
  3.000000E+02 -2.726866E+01
  3.000000E+02 -3.032836E+01
  3.000000E+02 -2.827861E+01
  3.000000E+02 -3.133831E+01
  3.000000E+02 -2.928856E+01
  3.000000E+02 -3.234826E+01
  3.000000E+02 -3.029851E+01
  3.000000E+02 -3.335821E+01
  3.000000E+02 -3.130846E+01
  3.000000E+02 -3.436816E+01
  3.000000E+02 -3.231841E+01
  3.000000E+02 -3.537811E+01
  3.000000E+02 -3.332836E+01
  3.000000E+02 -3.638806E+01
  3.000000E+02 -3.433831E+01
  3.000000E+02 -3.739801E+01
  3.000000E+02 -3.534826E+01
  3.000000E+02 -3.840796E+01
  3.000000E+02 -3.635821E+01
  3.000000E+02 -3.941791E+01
  3.000000E+02 -3.736816E+01
  3.000000E+02 -4.042786E+01
  3.000000E+02 -3.837811E+01
  3.000000E+02 -4.143781E+01
  3.000000E+02 -3.938806E+01
  3.000000E+02 -4.244776E+01
  3.000000E+02 -4.039801E+01
  3.000000E+02 -4.345771E+01
  3.000000E+02 -4.140796E+01
  3.000000E+02 -4.446766E+01
  3.000000E+02 -4.241791E+01
  3.000000E+02 -4.547761E+01
  3.000000E+02 -4.342786E+01
  3.000000E+02 -4.648756E+01
  3.000000E+02 -4.443781E+01
  3.000000E+02 -4.749751E+01
  3.000000E+02 -4.544776E+01
  3.000000E+02 -4.850746E+01
  3.000000E+02 -4.645771E+01
  3.000000E+02 -4.951741E+01
  3.000000E+02 -4.746766E+01
  3.005274E+02 -5.000000E+01
  3.000000E+02 -4.847761E+01
  3.015373E+02 -5.000000E+01
  3.000000E+02 -4.948756E+01

hb:   line clip z  
clip:
  5.000000E+02 -4.948756E+01
  5.000000E+02 -5.000000E+01
  5.005124E+02 -5.000000E+01
  5.050498E+02 -5.000000E+01
  5.055622E+02 -5.000000E+01
  5.100995E+02 -5.000000E+01
  5.106119E+02 -5.000000E+01
  5.151493E+02 -5.000000E+01
  5.156617E+02 -5.000000E+01
  5.201990E+02 -5.000000E+01
  5.207114E+02 -5.000000E+01
  5.252488E+02 -5.000000E+01
  5.257612E+02 -5.000000E+01
  5.302985E+02 -5.000000E+01
  5.308109E+02 -5.000000E+01
  5.353483E+02 -5.000000E+01
  5.358607E+02 -5.000000E+01
  5.403980E+02 -5.000000E+01
  5.409104E+02 -5.000000E+01
  5.454478E+02 -5.000000E+01
  5.459602E+02 -5.000000E+01
  5.504975E+02 -5.000000E+01
  5.510100E+02 -5.000000E+01
  5.555473E+02 -5.000000E+01
  5.560597E+02 -5.000000E+01
  5.605970E+02 -5.000000E+01
  5.611095E+02 -5.000000E+01
  5.656468E+02 -5.000000E+01
  5.661592E+02 -5.000000E+01
  5.706965E+02 -5.000000E+01
  5.712090E+02 -5.000000E+01
  5.757463E+02 -5.000000E+01
  5.762587E+02 -5.000000E+01
  5.807960E+02 -5.000000E+01
  5.813085E+02 -5.000000E+01
  5.858458E+02 -5.000000E+01
  5.863582E+02 -5.000000E+01
  5.908955E+02 -5.000000E+01
  5.914080E+02 -5.000000E+01
  5.959453E+02 -5.000000E+01
  5.964577E+02 -5.000000E+01
  6.000000E+02 -4.948756E+01
  6.000000E+02 -4.847761E+01
  6.000000E+02 -4.746766E+01
  6.000000E+02 -4.645771E+01
  6.000000E+02 -4.544776E+01
  6.000000E+02 -4.443781E+01
  6.000000E+02 -4.342786E+01
  6.000000E+02 -4.241791E+01
  6.000000E+02 -4.140796E+01
  6.000000E+02 -4.039801E+01
  6.000000E+02 -3.938806E+01
  6.000000E+02 -3.837811E+01
  6.000000E+02 -3.736816E+01
  6.000000E+02 -3.635821E+01
  6.000000E+02 -3.534826E+01
  6.000000E+02 -3.433831E+01
  6.000000E+02 -3.332836E+01
  6.000000E+02 -3.231841E+01
  6.000000E+02 -3.130846E+01
  6.000000E+02 -3.029851E+01
  6.000000E+02 -2.928856E+01
  6.000000E+02 -2.827861E+01
  6.000000E+02 -2.726866E+01
  6.000000E+02 -2.625871E+01
  6.000000E+02 -2.524876E+01
  6.000000E+02 -2.423881E+01
  6.000000E+02 -2.322886E+01
  6.000000E+02 -2.221891E+01
  6.000000E+02 -2.120896E+01
  6.000000E+02 -2.019900E+01
  6.000000E+02 -1.918905E+01
  6.000000E+02 -1.817910E+01
  6.000000E+02 -1.716915E+01
  6.000000E+02 -1.615920E+01
  6.000000E+02 -1.514925E+01
  6.000000E+02 -1.413930E+01
  6.000000E+02 -1.312935E+01
  6.000000E+02 -1.211940E+01
  6.000000E+02 -1.110945E+01
  6.000000E+02 -1.009950E+01
  6.000000E+02 -9.089552E+00
  6.000000E+02 -8.079602E+00
  6.000000E+02 -7.069652E+00
  6.000000E+02 -6.059701E+00
  6.000000E+02 -5.049751E+00
  6.000000E+02 -4.039801E+00
  6.000000E+02 -3.029851E+00
  6.000000E+02 -2.019900E+00
  6.000000E+02 -1.009950E+00
  6.000000E+02  1.233502E-11
  6.000000E+02  1.009950E+00
  6.000000E+02  2.019900E+00
  6.000000E+02  3.029851E+00
  6.000000E+02  4.039801E+00
  6.000000E+02  5.049751E+00
  6.000000E+02  6.059701E+00
  6.000000E+02  7.069652E+00
  6.000000E+02  8.079602E+00
  6.000000E+02  9.089552E+00
  6.000000E+02  1.009950E+01
  6.000000E+02  1.110945E+01
  6.000000E+02  1.211940E+01
  6.000000E+02  1.312935E+01
  6.000000E+02  1.413930E+01
  6.000000E+02  1.514925E+01
  6.000000E+02  1.615920E+01
  6.000000E+02  1.716915E+01
  6.000000E+02  1.817910E+01
  6.000000E+02  1.918905E+01
  6.000000E+02  2.019900E+01
  6.000000E+02  2.120896E+01
  6.000000E+02  2.221891E+01
  6.000000E+02  2.322886E+01
  6.000000E+02  2.423881E+01
  6.000000E+02  2.524876E+01
  6.000000E+02  2.625871E+01
  6.000000E+02  2.726866E+01
  6.000000E+02  2.827861E+01
  6.000000E+02  2.928856E+01
  6.000000E+02  3.029851E+01
  6.000000E+02  3.130846E+01
  6.000000E+02  3.231841E+01
  6.000000E+02  3.332836E+01
  6.000000E+02  3.433831E+01
  6.000000E+02  3.534826E+01
  6.000000E+02  3.635821E+01
  6.000000E+02  3.736816E+01
  6.000000E+02  3.837811E+01
  6.000000E+02  3.938806E+01
  6.000000E+02  4.039801E+01
  6.000000E+02  4.140796E+01
  6.000000E+02  4.241791E+01
  6.000000E+02  4.342786E+01
  6.000000E+02  4.443781E+01
  6.000000E+02  4.544776E+01
  6.000000E+02  4.645771E+01
  5.994876E+02  5.000000E+01
  6.000000E+02  4.746766E+01
  5.984776E+02  5.000000E+01
  6.000000E+02  4.847761E+01
  5.974677E+02  5.000000E+01
  6.000000E+02  4.948756E+01
  5.964577E+02  5.000000E+01
  5.959453E+02  5.000000E+01
  5.954328E+02  5.000000E+01
  5.908955E+02  5.000000E+01
  5.903831E+02  5.000000E+01
  5.858458E+02  5.000000E+01
  5.853333E+02  5.000000E+01
  5.807960E+02  5.000000E+01
  5.802836E+02  5.000000E+01
  5.757463E+02  5.000000E+01
  5.752338E+02  5.000000E+01
  5.706965E+02  5.000000E+01
  5.701841E+02  5.000000E+01
  5.656468E+02  5.000000E+01
  5.651343E+02  5.000000E+01
  5.605970E+02  5.000000E+01
  5.600846E+02  5.000000E+01
  5.555473E+02  5.000000E+01
  5.550348E+02  5.000000E+01
  5.504975E+02  5.000000E+01
  5.499851E+02  5.000000E+01
  5.454478E+02  5.000000E+01
  5.449353E+02  5.000000E+01
  5.403980E+02  5.000000E+01
  5.398856E+02  5.000000E+01
  5.353483E+02  5.000000E+01
  5.348358E+02  5.000000E+01
  5.302985E+02  5.000000E+01
  5.297861E+02  5.000000E+01
  5.252488E+02  5.000000E+01
  5.247363E+02  5.000000E+01
  5.201990E+02  5.000000E+01
  5.196866E+02  5.000000E+01
  5.151493E+02  5.000000E+01
  5.146368E+02  5.000000E+01
  5.100995E+02  5.000000E+01
  5.095871E+02  5.000000E+01
  5.050498E+02  5.000000E+01
  5.045373E+02  5.000000E+01
  5.000000E+02  5.000000E+01
  5.000000E+02 -4.948756E+01

hb:   line clip z  
clip:
  6.004826E+02 -5.000000E+01
  7.984478E+02 -5.000000E+01
  8.000000E+02 -4.948756E+01
  8.000000E+02 -4.742289E+01
  8.000000E+02 -4.847761E+01
  8.000000E+02 -4.641294E+01
  8.000000E+02 -4.746766E+01
  8.000000E+02 -4.540299E+01
  8.000000E+02 -4.645771E+01
  8.000000E+02 -4.439303E+01
  8.000000E+02 -4.544776E+01
  8.000000E+02 -4.338308E+01
  8.000000E+02 -4.443781E+01
  8.000000E+02 -4.237313E+01
  8.000000E+02 -4.342786E+01
  8.000000E+02 -4.136318E+01
  8.000000E+02 -4.241791E+01
  8.000000E+02 -4.035323E+01
  8.000000E+02 -4.140796E+01
  8.000000E+02 -3.934328E+01
  8.000000E+02 -4.039801E+01
  8.000000E+02 -3.833333E+01
  8.000000E+02 -3.938806E+01
  8.000000E+02 -3.732338E+01
  8.000000E+02 -3.837811E+01
  8.000000E+02 -3.631343E+01
  8.000000E+02 -3.736816E+01
  8.000000E+02 -3.530348E+01
  8.000000E+02 -3.635821E+01
  8.000000E+02 -3.429353E+01
  8.000000E+02 -3.534826E+01
  8.000000E+02 -3.328358E+01
  8.000000E+02 -3.433831E+01
  8.000000E+02 -3.227363E+01
  8.000000E+02 -3.332836E+01
  8.000000E+02 -3.126368E+01
  8.000000E+02 -3.231841E+01
  8.000000E+02 -3.025373E+01
  8.000000E+02 -3.130846E+01
  8.000000E+02 -2.924378E+01
  8.000000E+02 -3.029851E+01
  8.000000E+02 -2.823383E+01
  8.000000E+02 -2.928856E+01
  8.000000E+02 -2.722388E+01
  8.000000E+02 -2.827861E+01
  8.000000E+02 -2.621393E+01
  8.000000E+02 -2.726866E+01
  8.000000E+02 -2.520398E+01
  8.000000E+02 -2.625871E+01
  8.000000E+02 -2.419403E+01
  8.000000E+02 -2.524876E+01
  8.000000E+02 -2.318408E+01
  8.000000E+02 -2.423881E+01
  8.000000E+02 -2.217413E+01
  8.000000E+02 -2.322886E+01
  8.000000E+02 -2.116418E+01
  8.000000E+02 -2.221891E+01
  8.000000E+02 -2.015423E+01
  8.000000E+02 -2.120896E+01
  8.000000E+02 -1.914428E+01
  8.000000E+02 -2.019900E+01
  8.000000E+02 -1.813433E+01
  8.000000E+02 -1.918905E+01
  8.000000E+02 -1.712438E+01
  8.000000E+02 -1.817910E+01
  8.000000E+02 -1.611443E+01
  8.000000E+02 -1.716915E+01
  8.000000E+02 -1.510448E+01
  8.000000E+02 -1.615920E+01
  8.000000E+02 -1.409453E+01
  8.000000E+02 -1.514925E+01
  8.000000E+02 -1.308458E+01
  8.000000E+02 -1.413930E+01
  8.000000E+02 -1.207463E+01
  8.000000E+02 -1.312935E+01
  8.000000E+02 -1.106468E+01
  8.000000E+02 -1.211940E+01
  8.000000E+02 -1.005473E+01
  8.000000E+02 -1.110945E+01
  8.000000E+02 -9.044776E+00
  8.000000E+02 -1.009950E+01
  8.000000E+02 -8.034826E+00
  8.000000E+02 -9.089552E+00
  8.000000E+02 -7.024876E+00
  8.000000E+02 -8.079602E+00
  8.000000E+02 -6.014925E+00
  8.000000E+02 -7.069652E+00
  8.000000E+02 -5.004975E+00
  8.000000E+02 -6.059701E+00
  8.000000E+02 -3.995025E+00
  8.000000E+02 -5.049751E+00
  8.000000E+02 -2.985075E+00
  8.000000E+02 -4.039801E+00
  8.000000E+02 -1.975124E+00
  8.000000E+02 -3.029851E+00
  8.000000E+02 -9.651741E-01
  8.000000E+02 -2.019900E+00
  8.000000E+02  4.477612E-02
  8.000000E+02 -1.009950E+00
  8.000000E+02  1.054726E+00
  8.000000E+02  1.233502E-11
  8.000000E+02  2.064677E+00
  8.000000E+02  1.009950E+00
  8.000000E+02  3.074627E+00
  8.000000E+02  2.019900E+00
  8.000000E+02  4.084577E+00
  8.000000E+02  3.029851E+00
  8.000000E+02  5.094527E+00
  8.000000E+02  4.039801E+00
  8.000000E+02  6.104478E+00
  8.000000E+02  5.049751E+00
  8.000000E+02  7.114428E+00
  8.000000E+02  6.059701E+00
  8.000000E+02  8.124378E+00
  8.000000E+02  7.069652E+00
  8.000000E+02  9.134328E+00
  8.000000E+02  8.079602E+00
  8.000000E+02  1.014428E+01
  8.000000E+02  9.089552E+00
  8.000000E+02  1.115423E+01
  8.000000E+02  1.009950E+01
  8.000000E+02  1.216418E+01
  8.000000E+02  1.110945E+01
  8.000000E+02  1.317413E+01
  8.000000E+02  1.211940E+01
  8.000000E+02  1.418408E+01
  8.000000E+02  1.312935E+01
  8.000000E+02  1.519403E+01
  8.000000E+02  1.413930E+01
  8.000000E+02  1.620398E+01
  8.000000E+02  1.514925E+01
  8.000000E+02  1.721393E+01
  8.000000E+02  1.615920E+01
  8.000000E+02  1.822388E+01
  8.000000E+02  1.716915E+01
  8.000000E+02  1.923383E+01
  8.000000E+02  1.817910E+01
  8.000000E+02  2.024378E+01
  8.000000E+02  1.918905E+01
  8.000000E+02  2.125373E+01
  8.000000E+02  2.019900E+01
  8.000000E+02  2.226368E+01
  8.000000E+02  2.120896E+01
  8.000000E+02  2.327363E+01
  8.000000E+02  2.221891E+01
  8.000000E+02  2.428358E+01
  8.000000E+02  2.322886E+01
  8.000000E+02  2.529353E+01
  8.000000E+02  2.423881E+01
  8.000000E+02  2.630348E+01
  8.000000E+02  2.524876E+01
  8.000000E+02  2.731343E+01
  8.000000E+02  2.625871E+01
  8.000000E+02  2.832338E+01
  8.000000E+02  2.726866E+01
  8.000000E+02  2.933333E+01
  8.000000E+02  2.827861E+01
  8.000000E+02  3.034328E+01
  8.000000E+02  2.928856E+01
  8.000000E+02  3.135323E+01
  8.000000E+02  3.029851E+01
  8.000000E+02  3.236318E+01
  8.000000E+02  3.130846E+01
  8.000000E+02  3.337313E+01
  8.000000E+02  3.231841E+01
  8.000000E+02  3.438308E+01
  8.000000E+02  3.332836E+01
  8.000000E+02  3.539303E+01
  8.000000E+02  3.433831E+01
  8.000000E+02  3.640299E+01
  8.000000E+02  3.534826E+01
  8.000000E+02  3.741294E+01
  8.000000E+02  3.635821E+01
  8.000000E+02  3.842289E+01
  8.000000E+02  3.736816E+01
  8.000000E+02  3.943284E+01
  8.000000E+02  3.837811E+01
  8.000000E+02  4.044279E+01
  8.000000E+02  3.938806E+01
  8.000000E+02  4.145274E+01
  8.000000E+02  4.039801E+01
  8.000000E+02  4.246269E+01
  8.000000E+02  4.140796E+01
  8.000000E+02  4.347264E+01
  8.000000E+02  4.241791E+01
  8.000000E+02  4.448259E+01
  8.000000E+02  4.342786E+01
  8.000000E+02  4.549254E+01
  8.000000E+02  4.443781E+01
  8.000000E+02  4.650249E+01
  8.000000E+02  4.544776E+01
  8.000000E+02  4.751244E+01
  8.000000E+02  4.645771E+01
  8.000000E+02  4.852239E+01
  8.000000E+02  4.746766E+01
  8.000000E+02  4.953234E+01
  8.000000E+02  4.847761E+01
  8.000000E+02  4.948756E+01
  7.984478E+02  5.000000E+01
  7.979353E+02  5.000000E+01
  7.974229E+02  5.000000E+01
  7.928856E+02  5.000000E+01
  7.923731E+02  5.000000E+01
  7.878358E+02  5.000000E+01
  7.873234E+02  5.000000E+01
  7.827861E+02  5.000000E+01
  7.822736E+02  5.000000E+01
  7.777363E+02  5.000000E+01
  7.772239E+02  5.000000E+01
  7.726866E+02  5.000000E+01
  7.721741E+02  5.000000E+01
  7.676368E+02  5.000000E+01
  7.671244E+02  5.000000E+01
  7.625871E+02  5.000000E+01
  7.620746E+02  5.000000E+01
  7.575373E+02  5.000000E+01
  7.570249E+02  5.000000E+01
  7.524876E+02  5.000000E+01
  7.519751E+02  5.000000E+01
  7.474378E+02  5.000000E+01
  7.469254E+02  5.000000E+01
  7.423881E+02  5.000000E+01
  7.418756E+02  5.000000E+01
  7.373383E+02  5.000000E+01
  7.368259E+02  5.000000E+01
  7.322886E+02  5.000000E+01
  7.317761E+02  5.000000E+01
  7.272388E+02  5.000000E+01
  7.267264E+02  5.000000E+01
  7.221891E+02  5.000000E+01
  7.216766E+02  5.000000E+01
  7.171393E+02  5.000000E+01
  7.166269E+02  5.000000E+01
  7.120896E+02  5.000000E+01
  7.115771E+02  5.000000E+01
  7.070398E+02  5.000000E+01
  7.065274E+02  5.000000E+01
  7.019900E+02  5.000000E+01
  7.014776E+02  5.000000E+01
  6.969403E+02  5.000000E+01
  6.964279E+02  5.000000E+01
  6.918905E+02  5.000000E+01
  6.913781E+02  5.000000E+01
  6.868408E+02  5.000000E+01
  6.863284E+02  5.000000E+01
  6.817910E+02  5.000000E+01
  6.812786E+02  5.000000E+01
  6.767413E+02  5.000000E+01
  6.762289E+02  5.000000E+01
  6.716915E+02  5.000000E+01
  6.711791E+02  5.000000E+01
  6.666418E+02  5.000000E+01
  6.661294E+02  5.000000E+01
  6.615920E+02  5.000000E+01
  6.610796E+02  5.000000E+01
  6.565423E+02  5.000000E+01
  6.560299E+02  5.000000E+01
  6.514925E+02  5.000000E+01
  6.509801E+02  5.000000E+01
  6.464428E+02  5.000000E+01
  6.459303E+02  5.000000E+01
  6.413930E+02  5.000000E+01
  6.408806E+02  5.000000E+01
  6.363433E+02  5.000000E+01
  6.358308E+02  5.000000E+01
  6.312935E+02  5.000000E+01
  6.307811E+02  5.000000E+01
  6.262438E+02  5.000000E+01
  6.257313E+02  5.000000E+01
  6.211940E+02  5.000000E+01
  6.206816E+02  5.000000E+01
  6.161443E+02  5.000000E+01
  6.156318E+02  5.000000E+01
  6.110945E+02  5.000000E+01
  6.105821E+02  5.000000E+01
  6.060448E+02  5.000000E+01
  6.055323E+02  5.000000E+01
  6.009950E+02  5.000000E+01
  6.004826E+02  5.000000E+01
  6.000000E+02  4.948756E+01
  6.000000E+02  4.849254E+01
  6.000000E+02  4.847761E+01
  6.000000E+02  4.748259E+01
  6.000000E+02  4.746766E+01
  6.000000E+02  4.647264E+01
  6.000000E+02  4.645771E+01
  6.000000E+02  4.546269E+01
  6.000000E+02  4.544776E+01
  6.000000E+02  4.445274E+01
  6.000000E+02  4.443781E+01
  6.000000E+02  4.344279E+01
  6.000000E+02  4.342786E+01
  6.000000E+02  4.243284E+01
  6.000000E+02  4.241791E+01
  6.000000E+02  4.142289E+01
  6.000000E+02  4.140796E+01
  6.000000E+02  4.041294E+01
  6.000000E+02  4.039801E+01
  6.000000E+02  3.940299E+01
  6.000000E+02  3.938806E+01
  6.000000E+02  3.839303E+01
  6.000000E+02  3.837811E+01
  6.000000E+02  3.738308E+01
  6.000000E+02  3.736816E+01
  6.000000E+02  3.637313E+01
  6.000000E+02  3.635821E+01
  6.000000E+02  3.536318E+01
  6.000000E+02  3.534826E+01
  6.000000E+02  3.435323E+01
  6.000000E+02  3.433831E+01
  6.000000E+02  3.334328E+01
  6.000000E+02  3.332836E+01
  6.000000E+02  3.233333E+01
  6.000000E+02  3.231841E+01
  6.000000E+02  3.132338E+01
  6.000000E+02  3.130846E+01
  6.000000E+02  3.031343E+01
  6.000000E+02  3.029851E+01
  6.000000E+02  2.930348E+01
  6.000000E+02  2.928856E+01
  6.000000E+02  2.829353E+01
  6.000000E+02  2.827861E+01
  6.000000E+02  2.728358E+01
  6.000000E+02  2.726866E+01
  6.000000E+02  2.627363E+01
  6.000000E+02  2.625871E+01
  6.000000E+02  2.526368E+01
  6.000000E+02  2.524876E+01
  6.000000E+02  2.425373E+01
  6.000000E+02  2.423881E+01
  6.000000E+02  2.324378E+01
  6.000000E+02  2.322886E+01
  6.000000E+02  2.223383E+01
  6.000000E+02  2.221891E+01
  6.000000E+02  2.122388E+01
  6.000000E+02  2.120896E+01
  6.000000E+02  2.021393E+01
  6.000000E+02  2.019900E+01
  6.000000E+02  1.920398E+01
  6.000000E+02  1.918905E+01
  6.000000E+02  1.819403E+01
  6.000000E+02  1.817910E+01
  6.000000E+02  1.718408E+01
  6.000000E+02  1.716915E+01
  6.000000E+02  1.617413E+01
  6.000000E+02  1.615920E+01
  6.000000E+02  1.516418E+01
  6.000000E+02  1.514925E+01
  6.000000E+02  1.415423E+01
  6.000000E+02  1.413930E+01
  6.000000E+02  1.314428E+01
  6.000000E+02  1.312935E+01
  6.000000E+02  1.213433E+01
  6.000000E+02  1.211940E+01
  6.000000E+02  1.112438E+01
  6.000000E+02  1.110945E+01
  6.000000E+02  1.011443E+01
  6.000000E+02  1.009950E+01
  6.000000E+02  9.104478E+00
  6.000000E+02  9.089552E+00
  6.000000E+02  8.094527E+00
  6.000000E+02  8.079602E+00
  6.000000E+02  7.084577E+00
  6.000000E+02  7.069652E+00
  6.000000E+02  6.074627E+00
  6.000000E+02  6.059701E+00
  6.000000E+02  5.064677E+00
  6.000000E+02  5.049751E+00
  6.000000E+02  4.054726E+00
  6.000000E+02  4.039801E+00
  6.000000E+02  3.044776E+00
  6.000000E+02  3.029851E+00
  6.000000E+02  2.034826E+00
  6.000000E+02  2.019900E+00
  6.000000E+02  1.024876E+00
  6.000000E+02  1.009950E+00
  6.000000E+02  1.492537E-02
  6.000000E+02  1.233502E-11
  6.000000E+02 -9.950249E-01
  6.000000E+02 -1.009950E+00
  6.000000E+02 -2.004975E+00
  6.000000E+02 -2.019900E+00
  6.000000E+02 -3.014925E+00
  6.000000E+02 -3.029851E+00
  6.000000E+02 -4.024876E+00
  6.000000E+02 -4.039801E+00
  6.000000E+02 -5.034826E+00
  6.000000E+02 -5.049751E+00
  6.000000E+02 -6.044776E+00
  6.000000E+02 -6.059701E+00
  6.000000E+02 -7.054726E+00
  6.000000E+02 -7.069652E+00
  6.000000E+02 -8.064677E+00
  6.000000E+02 -8.079602E+00
  6.000000E+02 -9.074627E+00
  6.000000E+02 -9.089552E+00
  6.000000E+02 -1.008458E+01
  6.000000E+02 -1.009950E+01
  6.000000E+02 -1.109453E+01
  6.000000E+02 -1.110945E+01
  6.000000E+02 -1.210448E+01
  6.000000E+02 -1.211940E+01
  6.000000E+02 -1.311443E+01
  6.000000E+02 -1.312935E+01
  6.000000E+02 -1.412438E+01
  6.000000E+02 -1.413930E+01
  6.000000E+02 -1.513433E+01
  6.000000E+02 -1.514925E+01
  6.000000E+02 -1.614428E+01
  6.000000E+02 -1.615920E+01
  6.000000E+02 -1.715423E+01
  6.000000E+02 -1.716915E+01
  6.000000E+02 -1.816418E+01
  6.000000E+02 -1.817910E+01
  6.000000E+02 -1.917413E+01
  6.000000E+02 -1.918905E+01
  6.000000E+02 -2.018408E+01
  6.000000E+02 -2.019900E+01
  6.000000E+02 -2.119403E+01
  6.000000E+02 -2.120896E+01
  6.000000E+02 -2.220398E+01
  6.000000E+02 -2.221891E+01
  6.000000E+02 -2.321393E+01
  6.000000E+02 -2.322886E+01
  6.000000E+02 -2.422388E+01
  6.000000E+02 -2.423881E+01
  6.000000E+02 -2.523383E+01
  6.000000E+02 -2.524876E+01
  6.000000E+02 -2.624378E+01
  6.000000E+02 -2.625871E+01
  6.000000E+02 -2.725373E+01
  6.000000E+02 -2.726866E+01
  6.000000E+02 -2.826368E+01
  6.000000E+02 -2.827861E+01
  6.000000E+02 -2.927363E+01
  6.000000E+02 -2.928856E+01
  6.000000E+02 -3.028358E+01
  6.000000E+02 -3.029851E+01
  6.000000E+02 -3.129353E+01
  6.000000E+02 -3.130846E+01
  6.000000E+02 -3.230348E+01
  6.000000E+02 -3.231841E+01
  6.000000E+02 -3.331343E+01
  6.000000E+02 -3.332836E+01
  6.000000E+02 -3.432338E+01
  6.000000E+02 -3.433831E+01
  6.000000E+02 -3.533333E+01
  6.000000E+02 -3.534826E+01
  6.000000E+02 -3.634328E+01
  6.000000E+02 -3.635821E+01
  6.000000E+02 -3.735323E+01
  6.000000E+02 -3.736816E+01
  6.000000E+02 -3.836318E+01
  6.000000E+02 -3.837811E+01
  6.000000E+02 -3.937313E+01
  6.000000E+02 -3.938806E+01
  6.000000E+02 -4.038308E+01
  6.000000E+02 -4.039801E+01
  6.000000E+02 -4.139303E+01
  6.000000E+02 -4.140796E+01
  6.000000E+02 -4.240299E+01
  6.000000E+02 -4.241791E+01
  6.000000E+02 -4.341294E+01
  6.000000E+02 -4.342786E+01
  6.000000E+02 -4.442289E+01
  6.000000E+02 -4.443781E+01
  6.000000E+02 -4.543284E+01
  6.000000E+02 -4.544776E+01
  6.000000E+02 -4.644279E+01
  6.000000E+02 -4.645771E+01
  6.000000E+02 -4.745274E+01
  6.000000E+02 -4.746766E+01
  6.000000E+02 -4.846269E+01
  6.000000E+02 -4.847761E+01
  6.000000E+02 -4.947264E+01
  6.000000E+02 -4.948756E+01

hb:   line clip z  
clip:
  8.024726E+02 -5.000000E+01
  9.999254E+02 -5.000000E+01
  1.000000E+03 -4.956219E+01
  1.000000E+03 -4.948756E+01
  1.000000E+03 -4.941294E+01
  1.000000E+03 -4.847761E+01
  1.000000E+03 -4.840299E+01
  1.000000E+03 -4.746766E+01
  1.000000E+03 -4.739303E+01
  1.000000E+03 -4.645771E+01
  1.000000E+03 -4.638308E+01
  1.000000E+03 -4.544776E+01
  1.000000E+03 -4.537313E+01
  1.000000E+03 -4.443781E+01
  1.000000E+03 -4.436318E+01
  1.000000E+03 -4.342786E+01
  1.000000E+03 -4.335323E+01
  1.000000E+03 -4.241791E+01
  1.000000E+03 -4.234328E+01
  1.000000E+03 -4.140796E+01
  1.000000E+03 -4.133333E+01
  1.000000E+03 -4.039801E+01
  1.000000E+03 -4.032338E+01
  1.000000E+03 -3.938806E+01
  1.000000E+03 -3.931343E+01
  1.000000E+03 -3.837811E+01
  1.000000E+03 -3.830348E+01
  1.000000E+03 -3.736816E+01
  1.000000E+03 -3.729353E+01
  1.000000E+03 -3.635821E+01
  1.000000E+03 -3.628358E+01
  1.000000E+03 -3.534826E+01
  1.000000E+03 -3.527363E+01
  1.000000E+03 -3.433831E+01
  1.000000E+03 -3.426368E+01
  1.000000E+03 -3.332836E+01
  1.000000E+03 -3.325373E+01
  1.000000E+03 -3.231841E+01
  1.000000E+03 -3.224378E+01
  1.000000E+03 -3.130846E+01
  1.000000E+03 -3.123383E+01
  1.000000E+03 -3.029851E+01
  1.000000E+03 -3.022388E+01
  1.000000E+03 -2.928856E+01
  1.000000E+03 -2.921393E+01
  1.000000E+03 -2.827861E+01
  1.000000E+03 -2.820398E+01
  1.000000E+03 -2.726866E+01
  1.000000E+03 -2.719403E+01
  1.000000E+03 -2.625871E+01
  1.000000E+03 -2.618408E+01
  1.000000E+03 -2.524876E+01
  1.000000E+03 -2.517413E+01
  1.000000E+03 -2.423881E+01
  1.000000E+03 -2.416418E+01
  1.000000E+03 -2.322886E+01
  1.000000E+03 -2.315423E+01
  1.000000E+03 -2.221891E+01
  1.000000E+03 -2.214428E+01
  1.000000E+03 -2.120896E+01
  1.000000E+03 -2.113433E+01
  1.000000E+03 -2.019900E+01
  1.000000E+03 -2.012438E+01
  1.000000E+03 -1.918905E+01
  1.000000E+03 -1.911443E+01
  1.000000E+03 -1.817910E+01
  1.000000E+03 -1.810448E+01
  1.000000E+03 -1.716915E+01
  1.000000E+03 -1.709453E+01
  1.000000E+03 -1.615920E+01
  1.000000E+03 -1.608458E+01
  1.000000E+03 -1.514925E+01
  1.000000E+03 -1.507463E+01
  1.000000E+03 -1.413930E+01
  1.000000E+03 -1.406468E+01
  1.000000E+03 -1.312935E+01
  1.000000E+03 -1.305473E+01
  1.000000E+03 -1.211940E+01
  1.000000E+03 -1.204478E+01
  1.000000E+03 -1.110945E+01
  1.000000E+03 -1.103483E+01
  1.000000E+03 -1.009950E+01
  1.000000E+03 -1.002488E+01
  1.000000E+03 -9.089552E+00
  1.000000E+03 -9.014925E+00
  1.000000E+03 -8.079602E+00
  1.000000E+03 -8.004975E+00
  1.000000E+03 -7.069652E+00
  1.000000E+03 -6.995025E+00
  1.000000E+03 -6.059701E+00
  1.000000E+03 -5.985075E+00
  1.000000E+03 -5.049751E+00
  1.000000E+03 -4.975124E+00
  1.000000E+03 -4.039801E+00
  1.000000E+03 -3.965174E+00
  1.000000E+03 -3.029851E+00
  1.000000E+03 -2.955224E+00
  1.000000E+03 -2.019900E+00
  1.000000E+03 -1.945274E+00
  1.000000E+03 -1.009950E+00
  1.000000E+03 -9.353234E-01
  1.000000E+03  1.233502E-11
  1.000000E+03  7.462687E-02
  1.000000E+03  1.009950E+00
  1.000000E+03  1.084577E+00
  1.000000E+03  2.019900E+00
  1.000000E+03  2.094527E+00
  1.000000E+03  3.029851E+00
  1.000000E+03  3.104478E+00
  1.000000E+03  4.039801E+00
  1.000000E+03  4.114428E+00
  1.000000E+03  5.049751E+00
  1.000000E+03  5.124378E+00
  1.000000E+03  6.059701E+00
  1.000000E+03  6.134328E+00
  1.000000E+03  7.069652E+00
  1.000000E+03  7.144279E+00
  1.000000E+03  8.079602E+00
  1.000000E+03  8.154229E+00
  1.000000E+03  9.089552E+00
  1.000000E+03  9.164179E+00
  1.000000E+03  1.009950E+01
  1.000000E+03  1.017413E+01
  1.000000E+03  1.110945E+01
  1.000000E+03  1.118408E+01
  1.000000E+03  1.211940E+01
  1.000000E+03  1.219403E+01
  1.000000E+03  1.312935E+01
  1.000000E+03  1.320398E+01
  1.000000E+03  1.413930E+01
  1.000000E+03  1.421393E+01
  1.000000E+03  1.514925E+01
  1.000000E+03  1.522388E+01
  1.000000E+03  1.615920E+01
  1.000000E+03  1.623383E+01
  1.000000E+03  1.716915E+01
  1.000000E+03  1.724378E+01
  1.000000E+03  1.817910E+01
  1.000000E+03  1.825373E+01
  1.000000E+03  1.918905E+01
  1.000000E+03  1.926368E+01
  1.000000E+03  2.019900E+01
  1.000000E+03  2.027363E+01
  1.000000E+03  2.120896E+01
  1.000000E+03  2.128358E+01
  1.000000E+03  2.221891E+01
  1.000000E+03  2.229353E+01
  1.000000E+03  2.322886E+01
  1.000000E+03  2.330348E+01
  1.000000E+03  2.423881E+01
  1.000000E+03  2.431343E+01
  1.000000E+03  2.524876E+01
  1.000000E+03  2.532338E+01
  1.000000E+03  2.625871E+01
  1.000000E+03  2.633333E+01
  1.000000E+03  2.726866E+01
  1.000000E+03  2.734328E+01
  1.000000E+03  2.827861E+01
  1.000000E+03  2.835323E+01
  1.000000E+03  2.928856E+01
  1.000000E+03  2.936318E+01
  1.000000E+03  3.029851E+01
  1.000000E+03  3.037313E+01
  1.000000E+03  3.130846E+01
  1.000000E+03  3.138308E+01
  1.000000E+03  3.231841E+01
  1.000000E+03  3.239303E+01
  1.000000E+03  3.332836E+01
  1.000000E+03  3.340299E+01
  1.000000E+03  3.433831E+01
  1.000000E+03  3.441294E+01
  1.000000E+03  3.534826E+01
  1.000000E+03  3.542289E+01
  1.000000E+03  3.635821E+01
  1.000000E+03  3.643284E+01
  1.000000E+03  3.736816E+01
  1.000000E+03  3.744279E+01
  1.000000E+03  3.837811E+01
  1.000000E+03  3.845274E+01
  1.000000E+03  3.938806E+01
  1.000000E+03  3.946269E+01
  1.000000E+03  4.039801E+01
  1.000000E+03  4.047264E+01
  1.000000E+03  4.140796E+01
  1.000000E+03  4.148259E+01
  1.000000E+03  4.241791E+01
  1.000000E+03  4.249254E+01
  1.000000E+03  4.342786E+01
  1.000000E+03  4.350249E+01
  1.000000E+03  4.443781E+01
  1.000000E+03  4.451244E+01
  1.000000E+03  4.544776E+01
  1.000000E+03  4.552239E+01
  1.000000E+03  4.645771E+01
  1.000000E+03  4.653234E+01
  1.000000E+03  4.746766E+01
  1.000000E+03  4.754229E+01
  1.000000E+03  4.847761E+01
  1.000000E+03  4.855224E+01
  1.000000E+03  4.948756E+01
  1.000000E+03  4.956219E+01
  9.999254E+02  5.000000E+01
  9.994129E+02  5.000000E+01
  9.948756E+02  5.000000E+01
  9.943632E+02  5.000000E+01
  9.898259E+02  5.000000E+01
  9.893134E+02  5.000000E+01
  9.847761E+02  5.000000E+01
  9.842637E+02  5.000000E+01
  9.797264E+02  5.000000E+01
  9.792139E+02  5.000000E+01
  9.746766E+02  5.000000E+01
  9.741642E+02  5.000000E+01
  9.696269E+02  5.000000E+01
  9.691144E+02  5.000000E+01
  9.645771E+02  5.000000E+01
  9.640647E+02  5.000000E+01
  9.595274E+02  5.000000E+01
  9.590149E+02  5.000000E+01
  9.544776E+02  5.000000E+01
  9.539652E+02  5.000000E+01
  9.494279E+02  5.000000E+01
  9.489154E+02  5.000000E+01
  9.443781E+02  5.000000E+01
  9.438657E+02  5.000000E+01
  9.393284E+02  5.000000E+01
  9.388159E+02  5.000000E+01
  9.342786E+02  5.000000E+01
  9.337662E+02  5.000000E+01
  9.292289E+02  5.000000E+01
  9.287164E+02  5.000000E+01
  9.241791E+02  5.000000E+01
  9.236667E+02  5.000000E+01
  9.191294E+02  5.000000E+01
  9.186169E+02  5.000000E+01
  9.140796E+02  5.000000E+01
  9.135672E+02  5.000000E+01
  9.090299E+02  5.000000E+01
  9.085174E+02  5.000000E+01
  9.039801E+02  5.000000E+01
  9.034677E+02  5.000000E+01
  8.989303E+02  5.000000E+01
  8.984179E+02  5.000000E+01
  8.938806E+02  5.000000E+01
  8.933682E+02  5.000000E+01
  8.888308E+02  5.000000E+01
  8.883184E+02  5.000000E+01
  8.837811E+02  5.000000E+01
  8.832687E+02  5.000000E+01
  8.787313E+02  5.000000E+01
  8.782189E+02  5.000000E+01
  8.736816E+02  5.000000E+01
  8.731692E+02  5.000000E+01
  8.686318E+02  5.000000E+01
  8.681194E+02  5.000000E+01
  8.635821E+02  5.000000E+01
  8.630697E+02  5.000000E+01
  8.585323E+02  5.000000E+01
  8.580199E+02  5.000000E+01
  8.534826E+02  5.000000E+01
  8.529701E+02  5.000000E+01
  8.484328E+02  5.000000E+01
  8.479204E+02  5.000000E+01
  8.433831E+02  5.000000E+01
  8.428706E+02  5.000000E+01
  8.383333E+02  5.000000E+01
  8.378209E+02  5.000000E+01
  8.332836E+02  5.000000E+01
  8.327711E+02  5.000000E+01
  8.282338E+02  5.000000E+01
  8.277214E+02  5.000000E+01
  8.231841E+02  5.000000E+01
  8.226716E+02  5.000000E+01
  8.181343E+02  5.000000E+01
  8.176219E+02  5.000000E+01
  8.130846E+02  5.000000E+01
  8.125721E+02  5.000000E+01
  8.080348E+02  5.000000E+01
  8.075224E+02  5.000000E+01
  8.029851E+02  5.000000E+01
  8.024726E+02  5.000000E+01
  8.000000E+02  4.948756E+01
  8.000000E+02  4.650249E+01
  8.000000E+02  4.847761E+01
  8.000000E+02  4.549254E+01
  8.000000E+02  4.746766E+01
  8.000000E+02  4.448259E+01
  8.000000E+02  4.645771E+01
  8.000000E+02  4.347264E+01
  8.000000E+02  4.544776E+01
  8.000000E+02  4.246269E+01
  8.000000E+02  4.443781E+01
  8.000000E+02  4.145274E+01
  8.000000E+02  4.342786E+01
  8.000000E+02  4.044279E+01
  8.000000E+02  4.241791E+01
  8.000000E+02  3.943284E+01
  8.000000E+02  4.140796E+01
  8.000000E+02  3.842289E+01
  8.000000E+02  4.039801E+01
  8.000000E+02  3.741294E+01
  8.000000E+02  3.938806E+01
  8.000000E+02  3.640299E+01
  8.000000E+02  3.837811E+01
  8.000000E+02  3.539303E+01
  8.000000E+02  3.736816E+01
  8.000000E+02  3.438308E+01
  8.000000E+02  3.635821E+01
  8.000000E+02  3.337313E+01
  8.000000E+02  3.534826E+01
  8.000000E+02  3.236318E+01
  8.000000E+02  3.433831E+01
  8.000000E+02  3.135323E+01
  8.000000E+02  3.332836E+01
  8.000000E+02  3.034328E+01
  8.000000E+02  3.231841E+01
  8.000000E+02  2.933333E+01
  8.000000E+02  3.130846E+01
  8.000000E+02  2.832338E+01
  8.000000E+02  3.029851E+01
  8.000000E+02  2.731343E+01
  8.000000E+02  2.928856E+01
  8.000000E+02  2.630348E+01
  8.000000E+02  2.827861E+01
  8.000000E+02  2.529353E+01
  8.000000E+02  2.726866E+01
  8.000000E+02  2.428358E+01
  8.000000E+02  2.625871E+01
  8.000000E+02  2.327363E+01
  8.000000E+02  2.524876E+01
  8.000000E+02  2.226368E+01
  8.000000E+02  2.423881E+01
  8.000000E+02  2.125373E+01
  8.000000E+02  2.322886E+01
  8.000000E+02  2.024378E+01
  8.000000E+02  2.221891E+01
  8.000000E+02  1.923383E+01
  8.000000E+02  2.120896E+01
  8.000000E+02  1.822388E+01
  8.000000E+02  2.019900E+01
  8.000000E+02  1.721393E+01
  8.000000E+02  1.918905E+01
  8.000000E+02  1.620398E+01
  8.000000E+02  1.817910E+01
  8.000000E+02  1.519403E+01
  8.000000E+02  1.716915E+01
  8.000000E+02  1.418408E+01
  8.000000E+02  1.615920E+01
  8.000000E+02  1.317413E+01
  8.000000E+02  1.514925E+01
  8.000000E+02  1.216418E+01
  8.000000E+02  1.413930E+01
  8.000000E+02  1.115423E+01
  8.000000E+02  1.312935E+01
  8.000000E+02  1.014428E+01
  8.000000E+02  1.211940E+01
  8.000000E+02  9.134328E+00
  8.000000E+02  1.110945E+01
  8.000000E+02  8.124378E+00
  8.000000E+02  1.009950E+01
  8.000000E+02  7.114428E+00
  8.000000E+02  9.089552E+00
  8.000000E+02  6.104478E+00
  8.000000E+02  8.079602E+00
  8.000000E+02  5.094527E+00
  8.000000E+02  7.069652E+00
  8.000000E+02  4.084577E+00
  8.000000E+02  6.059701E+00
  8.000000E+02  3.074627E+00
  8.000000E+02  5.049751E+00
  8.000000E+02  2.064677E+00
  8.000000E+02  4.039801E+00
  8.000000E+02  1.054726E+00
  8.000000E+02  3.029851E+00
  8.000000E+02  4.477612E-02
  8.000000E+02  2.019900E+00
  8.000000E+02 -9.651741E-01
  8.000000E+02  1.009950E+00
  8.000000E+02 -1.975124E+00
  8.000000E+02  1.233502E-11
  8.000000E+02 -2.985075E+00
  8.000000E+02 -1.009950E+00
  8.000000E+02 -3.995025E+00
  8.000000E+02 -2.019900E+00
  8.000000E+02 -5.004975E+00
  8.000000E+02 -3.029851E+00
  8.000000E+02 -6.014925E+00
  8.000000E+02 -4.039801E+00
  8.000000E+02 -7.024876E+00
  8.000000E+02 -5.049751E+00
  8.000000E+02 -8.034826E+00
  8.000000E+02 -6.059701E+00
  8.000000E+02 -9.044776E+00
  8.000000E+02 -7.069652E+00
  8.000000E+02 -1.005473E+01
  8.000000E+02 -8.079602E+00
  8.000000E+02 -1.106468E+01
  8.000000E+02 -9.089552E+00
  8.000000E+02 -1.207463E+01
  8.000000E+02 -1.009950E+01
  8.000000E+02 -1.308458E+01
  8.000000E+02 -1.110945E+01
  8.000000E+02 -1.409453E+01
  8.000000E+02 -1.211940E+01
  8.000000E+02 -1.510448E+01
  8.000000E+02 -1.312935E+01
  8.000000E+02 -1.611443E+01
  8.000000E+02 -1.413930E+01
  8.000000E+02 -1.712438E+01
  8.000000E+02 -1.514925E+01
  8.000000E+02 -1.813433E+01
  8.000000E+02 -1.615920E+01
  8.000000E+02 -1.914428E+01
  8.000000E+02 -1.716915E+01
  8.000000E+02 -2.015423E+01
  8.000000E+02 -1.817910E+01
  8.000000E+02 -2.116418E+01
  8.000000E+02 -1.918905E+01
  8.000000E+02 -2.217413E+01
  8.000000E+02 -2.019900E+01
  8.000000E+02 -2.318408E+01
  8.000000E+02 -2.120896E+01
  8.000000E+02 -2.419403E+01
  8.000000E+02 -2.221891E+01
  8.000000E+02 -2.520398E+01
  8.000000E+02 -2.322886E+01
  8.000000E+02 -2.621393E+01
  8.000000E+02 -2.423881E+01
  8.000000E+02 -2.722388E+01
  8.000000E+02 -2.524876E+01
  8.000000E+02 -2.823383E+01
  8.000000E+02 -2.625871E+01
  8.000000E+02 -2.924378E+01
  8.000000E+02 -2.726866E+01
  8.000000E+02 -3.025373E+01
  8.000000E+02 -2.827861E+01
  8.000000E+02 -3.126368E+01
  8.000000E+02 -2.928856E+01
  8.000000E+02 -3.227363E+01
  8.000000E+02 -3.029851E+01
  8.000000E+02 -3.328358E+01
  8.000000E+02 -3.130846E+01
  8.000000E+02 -3.429353E+01
  8.000000E+02 -3.231841E+01
  8.000000E+02 -3.530348E+01
  8.000000E+02 -3.332836E+01
  8.000000E+02 -3.631343E+01
  8.000000E+02 -3.433831E+01
  8.000000E+02 -3.732338E+01
  8.000000E+02 -3.534826E+01
  8.000000E+02 -3.833333E+01
  8.000000E+02 -3.635821E+01
  8.000000E+02 -3.934328E+01
  8.000000E+02 -3.736816E+01
  8.000000E+02 -4.035323E+01
  8.000000E+02 -3.837811E+01
  8.000000E+02 -4.136318E+01
  8.000000E+02 -3.938806E+01
  8.000000E+02 -4.237313E+01
  8.000000E+02 -4.039801E+01
  8.000000E+02 -4.338308E+01
  8.000000E+02 -4.140796E+01
  8.000000E+02 -4.439303E+01
  8.000000E+02 -4.241791E+01
  8.000000E+02 -4.540299E+01
  8.000000E+02 -4.342786E+01
  8.000000E+02 -4.641294E+01
  8.000000E+02 -4.443781E+01
  8.000000E+02 -4.742289E+01
  8.000000E+02 -4.544776E+01
  8.000000E+02 -4.843284E+01
  8.000000E+02 -4.645771E+01
  8.000000E+02 -4.944279E+01
  8.004527E+02 -5.000000E+01
  8.000000E+02 -4.847761E+01
  8.014627E+02 -5.000000E+01
  8.000000E+02 -4.948756E+01

hb:   line clip z  
frame:
  0.0000000E+00 -1.0000000E+02
  1.0000000E+03 -1.0000000E+02
  1.0000000E+03  1.0000000E+02
  0.0000000E+00  1.0000000E+02
clip:
 -4.975124E+00  5.000000E+01
 -4.477612E+00  5.000000E+01
  0.000000E+00  5.049751E+01
  0.000000E+00  5.150746E+01
  0.000000E+00  5.251741E+01
  0.000000E+00  5.352736E+01
  0.000000E+00  5.453731E+01
  0.000000E+00  5.554726E+01
  0.000000E+00  5.655721E+01
  0.000000E+00  5.756716E+01
  0.000000E+00  5.857711E+01
  0.000000E+00  5.958706E+01
  0.000000E+00  6.059701E+01
  0.000000E+00  6.160697E+01
  0.000000E+00  6.261692E+01
  0.000000E+00  6.362687E+01
  0.000000E+00  6.463682E+01
  0.000000E+00  6.564677E+01
  0.000000E+00  6.665672E+01
  0.000000E+00  6.766667E+01
  0.000000E+00  6.867662E+01
  0.000000E+00  6.968657E+01
  0.000000E+00  7.069652E+01
  0.000000E+00  7.170647E+01
  0.000000E+00  7.271642E+01
  0.000000E+00  7.372637E+01
  0.000000E+00  7.473632E+01
  0.000000E+00  7.574627E+01
  0.000000E+00  7.675622E+01
  0.000000E+00  7.776617E+01
  0.000000E+00  7.877612E+01
  0.000000E+00  7.978607E+01
  0.000000E+00  8.079602E+01
  0.000000E+00  8.180597E+01
  0.000000E+00  8.281592E+01
  0.000000E+00  8.382587E+01
  0.000000E+00  8.483582E+01
  0.000000E+00  8.584577E+01
  0.000000E+00  8.685572E+01
  0.000000E+00  8.786567E+01
  0.000000E+00  8.887562E+01
  0.000000E+00  8.988557E+01
  0.000000E+00  9.089552E+01
  0.000000E+00  9.190547E+01
  0.000000E+00  9.291542E+01
  0.000000E+00  9.392537E+01
  0.000000E+00  9.493532E+01
  0.000000E+00  9.594527E+01
  0.000000E+00  9.695522E+01
  0.000000E+00  9.796517E+01
  0.000000E+00  9.897512E+01
  0.000000E+00  9.998507E+01
  0.000000E+00  1.009950E+02
 -4.975124E+00  1.009950E+02
 -4.975124E+00  9.998507E+01
 -4.975124E+00  9.897512E+01
 -4.975124E+00  9.796517E+01
 -4.975124E+00  9.695522E+01
 -4.975124E+00  9.594527E+01
 -4.975124E+00  9.493532E+01
 -4.975124E+00  9.392537E+01
 -4.975124E+00  9.291542E+01
 -4.975124E+00  9.190547E+01
 -4.975124E+00  9.089552E+01
 -4.975124E+00  8.988557E+01
 -4.975124E+00  8.887562E+01
 -4.975124E+00  8.786567E+01
 -4.975124E+00  8.685572E+01
 -4.975124E+00  8.584577E+01
 -4.975124E+00  8.483582E+01
 -4.975124E+00  8.382587E+01
 -4.975124E+00  8.281592E+01
 -4.975124E+00  8.180597E+01
 -4.975124E+00  8.079602E+01
 -4.975124E+00  7.978607E+01
 -4.975124E+00  7.877612E+01
 -4.975124E+00  7.776617E+01
 -4.975124E+00  7.675622E+01
 -4.975124E+00  7.574627E+01
 -4.975124E+00  7.473632E+01
 -4.975124E+00  7.372637E+01
 -4.975124E+00  7.271642E+01
 -4.975124E+00  7.170647E+01
 -4.975124E+00  7.069652E+01
 -4.975124E+00  6.968657E+01
 -4.975124E+00  6.867662E+01
 -4.975124E+00  6.766667E+01
 -4.975124E+00  6.665672E+01
 -4.975124E+00  6.564677E+01
 -4.975124E+00  6.463682E+01
 -4.975124E+00  6.362687E+01
 -4.975124E+00  6.261692E+01
 -4.975124E+00  6.160697E+01
 -4.975124E+00  6.059701E+01
 -4.975124E+00  5.958706E+01
 -4.975124E+00  5.857711E+01
 -4.975124E+00  5.756716E+01
 -4.975124E+00  5.655721E+01
 -4.975124E+00  5.554726E+01
 -4.975124E+00  5.453731E+01
 -4.975124E+00  5.352736E+01
 -4.975124E+00  5.251741E+01
 -4.975124E+00  5.150746E+01
 -4.975124E+00  5.049751E+01

hb:   line clip z  
frame:
  0.0000000E+00 -1.0000000E+02
  1.0000000E+03 -1.0000000E+02
  1.0000000E+03  1.0000000E+02
  0.0000000E+00  1.0000000E+02
clip:
  0.000000E+00  5.042289E+01
  7.462687E-02  5.000000E+01
  5.721393E-01  5.000000E+01
  5.124378E+00  5.000000E+01
  5.621891E+00  5.000000E+01
  1.017413E+01  5.000000E+01
  1.067164E+01  5.000000E+01
  1.522388E+01  5.000000E+01
  1.572139E+01  5.000000E+01
  2.027363E+01  5.000000E+01
  2.077114E+01  5.000000E+01
  2.532338E+01  5.000000E+01
  2.582090E+01  5.000000E+01
  3.037313E+01  5.000000E+01
  3.087065E+01  5.000000E+01
  3.542289E+01  5.000000E+01
  3.592040E+01  5.000000E+01
  4.047264E+01  5.000000E+01
  4.097015E+01  5.000000E+01
  4.552239E+01  5.000000E+01
  4.601990E+01  5.000000E+01
  5.057214E+01  5.000000E+01
  5.106965E+01  5.000000E+01
  5.562189E+01  5.000000E+01
  5.611940E+01  5.000000E+01
  6.067164E+01  5.000000E+01
  6.116915E+01  5.000000E+01
  6.572139E+01  5.000000E+01
  6.621891E+01  5.000000E+01
  7.077114E+01  5.000000E+01
  7.126866E+01  5.000000E+01
  7.582090E+01  5.000000E+01
  7.631841E+01  5.000000E+01
  8.087065E+01  5.000000E+01
  8.136816E+01  5.000000E+01
  8.592040E+01  5.000000E+01
  8.641791E+01  5.000000E+01
  9.097015E+01  5.000000E+01
  9.146766E+01  5.000000E+01
  9.601990E+01  5.000000E+01
  9.651741E+01  5.000000E+01
  1.010697E+02  5.000000E+01
  1.015672E+02  5.000000E+01
  1.061194E+02  5.000000E+01
  1.066169E+02  5.000000E+01
  1.111692E+02  5.000000E+01
  1.116667E+02  5.000000E+01
  1.162189E+02  5.000000E+01
  1.167164E+02  5.000000E+01
  1.212687E+02  5.000000E+01
  1.217662E+02  5.000000E+01
  1.263184E+02  5.000000E+01
  1.268159E+02  5.000000E+01
  1.313682E+02  5.000000E+01
  1.318657E+02  5.000000E+01
  1.364179E+02  5.000000E+01
  1.369154E+02  5.000000E+01
  1.414677E+02  5.000000E+01
  1.419652E+02  5.000000E+01
  1.465174E+02  5.000000E+01
  1.470149E+02  5.000000E+01
  1.515672E+02  5.000000E+01
  1.520647E+02  5.000000E+01
  1.566169E+02  5.000000E+01
  1.571144E+02  5.000000E+01
  1.616667E+02  5.000000E+01
  1.621642E+02  5.000000E+01
  1.667164E+02  5.000000E+01
  1.672139E+02  5.000000E+01
  1.717662E+02  5.000000E+01
  1.722637E+02  5.000000E+01
  1.768159E+02  5.000000E+01
  1.773134E+02  5.000000E+01
  1.818657E+02  5.000000E+01
  1.823632E+02  5.000000E+01
  1.869154E+02  5.000000E+01
  1.874129E+02  5.000000E+01
  1.919652E+02  5.000000E+01
  1.924627E+02  5.000000E+01
  1.970149E+02  5.000000E+01
  1.975124E+02  5.000000E+01
  2.020647E+02  5.000000E+01
  2.025622E+02  5.000000E+01
  2.071144E+02  5.000000E+01
  2.076119E+02  5.000000E+01
  2.121642E+02  5.000000E+01
  2.126617E+02  5.000000E+01
  2.172139E+02  5.000000E+01
  2.177114E+02  5.000000E+01
  2.222637E+02  5.000000E+01
  2.227612E+02  5.000000E+01
  2.273134E+02  5.000000E+01
  2.278109E+02  5.000000E+01
  2.323632E+02  5.000000E+01
  2.328607E+02  5.000000E+01
  2.374129E+02  5.000000E+01
  2.379104E+02  5.000000E+01
  2.424627E+02  5.000000E+01
  2.429602E+02  5.000000E+01
  2.475124E+02  5.000000E+01
  2.480100E+02  5.000000E+01
  2.525622E+02  5.000000E+01
  2.530597E+02  5.000000E+01
  2.576119E+02  5.000000E+01
  2.581095E+02  5.000000E+01
  2.626617E+02  5.000000E+01
  2.631592E+02  5.000000E+01
  2.677114E+02  5.000000E+01
  2.682090E+02  5.000000E+01
  2.727612E+02  5.000000E+01
  2.732587E+02  5.000000E+01
  2.778109E+02  5.000000E+01
  2.783085E+02  5.000000E+01
  2.828607E+02  5.000000E+01
  2.833582E+02  5.000000E+01
  2.879104E+02  5.000000E+01
  2.884080E+02  5.000000E+01
  2.929602E+02  5.000000E+01
  2.934577E+02  5.000000E+01
  2.980100E+02  5.000000E+01
  2.985075E+02  5.000000E+01
  3.030597E+02  5.000000E+01
  3.035572E+02  5.000000E+01
  3.081095E+02  5.000000E+01
  3.086070E+02  5.000000E+01
  3.131592E+02  5.000000E+01
  3.136567E+02  5.000000E+01
  3.182090E+02  5.000000E+01
  3.187065E+02  5.000000E+01
  3.232587E+02  5.000000E+01
  3.237562E+02  5.000000E+01
  3.283085E+02  5.000000E+01
  3.288060E+02  5.000000E+01
  3.333582E+02  5.000000E+01
  3.338557E+02  5.000000E+01
  3.384080E+02  5.000000E+01
  3.389055E+02  5.000000E+01
  3.434577E+02  5.000000E+01
  3.439552E+02  5.000000E+01
  3.485075E+02  5.000000E+01
  3.490050E+02  5.000000E+01
  3.535572E+02  5.000000E+01
  3.540547E+02  5.000000E+01
  3.586070E+02  5.000000E+01
  3.591045E+02  5.000000E+01
  3.636567E+02  5.000000E+01
  3.641542E+02  5.000000E+01
  3.687065E+02  5.000000E+01
  3.692040E+02  5.000000E+01
  3.737562E+02  5.000000E+01
  3.742537E+02  5.000000E+01
  3.788060E+02  5.000000E+01
  3.793035E+02  5.000000E+01
  3.838557E+02  5.000000E+01
  3.843532E+02  5.000000E+01
  3.889055E+02  5.000000E+01
  3.894030E+02  5.000000E+01
  3.939552E+02  5.000000E+01
  3.944527E+02  5.000000E+01
  3.990050E+02  5.000000E+01
  3.995025E+02  5.000000E+01
  4.040547E+02  5.000000E+01
  4.045522E+02  5.000000E+01
  4.091045E+02  5.000000E+01
  4.096020E+02  5.000000E+01
  4.141542E+02  5.000000E+01
  4.146517E+02  5.000000E+01
  4.192040E+02  5.000000E+01
  4.197015E+02  5.000000E+01
  4.242537E+02  5.000000E+01
  4.247512E+02  5.000000E+01
  4.293035E+02  5.000000E+01
  4.298010E+02  5.000000E+01
  4.343532E+02  5.000000E+01
  4.348507E+02  5.000000E+01
  4.394030E+02  5.000000E+01
  4.399005E+02  5.000000E+01
  4.444527E+02  5.000000E+01
  4.449502E+02  5.000000E+01
  4.495025E+02  5.000000E+01
  4.500000E+02  5.000000E+01
  4.545522E+02  5.000000E+01
  4.550498E+02  5.000000E+01
  4.596020E+02  5.000000E+01
  4.600995E+02  5.000000E+01
  4.646517E+02  5.000000E+01
  4.651493E+02  5.000000E+01
  4.697015E+02  5.000000E+01
  4.701990E+02  5.000000E+01
  4.747512E+02  5.000000E+01
  4.752488E+02  5.000000E+01
  4.798010E+02  5.000000E+01
  4.802985E+02  5.000000E+01
  4.848507E+02  5.000000E+01
  4.853483E+02  5.000000E+01
  4.899005E+02  5.000000E+01
  4.903980E+02  5.000000E+01
  4.949502E+02  5.000000E+01
  4.954478E+02  5.000000E+01
  5.000000E+02  5.000000E+01
  5.004975E+02  5.000000E+01
  5.050498E+02  5.000000E+01
  5.055473E+02  5.000000E+01
  5.100995E+02  5.000000E+01
  5.105970E+02  5.000000E+01
  5.151493E+02  5.000000E+01
  5.156468E+02  5.000000E+01
  5.201990E+02  5.000000E+01
  5.206965E+02  5.000000E+01
  5.252488E+02  5.000000E+01
  5.257463E+02  5.000000E+01
  5.302985E+02  5.000000E+01
  5.307960E+02  5.000000E+01
  5.353483E+02  5.000000E+01
  5.358458E+02  5.000000E+01
  5.403980E+02  5.000000E+01
  5.408955E+02  5.000000E+01
  5.454478E+02  5.000000E+01
  5.459453E+02  5.000000E+01
  5.504975E+02  5.000000E+01
  5.509950E+02  5.000000E+01
  5.555473E+02  5.000000E+01
  5.560448E+02  5.000000E+01
  5.605970E+02  5.000000E+01
  5.610945E+02  5.000000E+01
  5.656468E+02  5.000000E+01
  5.661443E+02  5.000000E+01
  5.706965E+02  5.000000E+01
  5.711940E+02  5.000000E+01
  5.757463E+02  5.000000E+01
  5.762438E+02  5.000000E+01
  5.807960E+02  5.000000E+01
  5.812935E+02  5.000000E+01
  5.858458E+02  5.000000E+01
  5.863433E+02  5.000000E+01
  5.908955E+02  5.000000E+01
  5.913930E+02  5.000000E+01
  5.959453E+02  5.000000E+01
  5.964428E+02  5.000000E+01
  6.009950E+02  5.000000E+01
  6.014925E+02  5.000000E+01
  6.060448E+02  5.000000E+01
  6.065423E+02  5.000000E+01
  6.110945E+02  5.000000E+01
  6.115920E+02  5.000000E+01
  6.161443E+02  5.000000E+01
  6.166418E+02  5.000000E+01
  6.211940E+02  5.000000E+01
  6.216915E+02  5.000000E+01
  6.262438E+02  5.000000E+01
  6.267413E+02  5.000000E+01
  6.312935E+02  5.000000E+01
  6.317910E+02  5.000000E+01
  6.363433E+02  5.000000E+01
  6.368408E+02  5.000000E+01
  6.413930E+02  5.000000E+01
  6.418905E+02  5.000000E+01
  6.464428E+02  5.000000E+01
  6.469403E+02  5.000000E+01
  6.514925E+02  5.000000E+01
  6.519900E+02  5.000000E+01
  6.565423E+02  5.000000E+01
  6.570398E+02  5.000000E+01
  6.615920E+02  5.000000E+01
  6.620896E+02  5.000000E+01
  6.666418E+02  5.000000E+01
  6.671393E+02  5.000000E+01
  6.716915E+02  5.000000E+01
  6.721891E+02  5.000000E+01
  6.767413E+02  5.000000E+01
  6.772388E+02  5.000000E+01
  6.817910E+02  5.000000E+01
  6.822886E+02  5.000000E+01
  6.868408E+02  5.000000E+01
  6.873383E+02  5.000000E+01
  6.918905E+02  5.000000E+01
  6.923881E+02  5.000000E+01
  6.969403E+02  5.000000E+01
  6.974378E+02  5.000000E+01
  7.019900E+02  5.000000E+01
  7.024876E+02  5.000000E+01
  7.070398E+02  5.000000E+01
  7.075373E+02  5.000000E+01
  7.120896E+02  5.000000E+01
  7.125871E+02  5.000000E+01
  7.171393E+02  5.000000E+01
  7.176368E+02  5.000000E+01
  7.221891E+02  5.000000E+01
  7.226866E+02  5.000000E+01
  7.272388E+02  5.000000E+01
  7.277363E+02  5.000000E+01
  7.322886E+02  5.000000E+01
  7.327861E+02  5.000000E+01
  7.373383E+02  5.000000E+01
  7.378358E+02  5.000000E+01
  7.423881E+02  5.000000E+01
  7.428856E+02  5.000000E+01
  7.474378E+02  5.000000E+01
  7.479353E+02  5.000000E+01
  7.524876E+02  5.000000E+01
  7.529851E+02  5.000000E+01
  7.575373E+02  5.000000E+01
  7.580348E+02  5.000000E+01
  7.625871E+02  5.000000E+01
  7.630846E+02  5.000000E+01
  7.676368E+02  5.000000E+01
  7.681343E+02  5.000000E+01
  7.726866E+02  5.000000E+01
  7.731841E+02  5.000000E+01
  7.777363E+02  5.000000E+01
  7.782338E+02  5.000000E+01
  7.827861E+02  5.000000E+01
  7.832836E+02  5.000000E+01
  7.878358E+02  5.000000E+01
  7.883333E+02  5.000000E+01
  7.928856E+02  5.000000E+01
  7.933831E+02  5.000000E+01
  7.979353E+02  5.000000E+01
  7.984328E+02  5.000000E+01
  8.029851E+02  5.000000E+01
  8.034826E+02  5.000000E+01
  8.080348E+02  5.000000E+01
  8.085323E+02  5.000000E+01
  8.130846E+02  5.000000E+01
  8.135821E+02  5.000000E+01
  8.181343E+02  5.000000E+01
  8.186318E+02  5.000000E+01
  8.231841E+02  5.000000E+01
  8.236816E+02  5.000000E+01
  8.282338E+02  5.000000E+01
  8.287313E+02  5.000000E+01
  8.332836E+02  5.000000E+01
  8.337811E+02  5.000000E+01
  8.383333E+02  5.000000E+01
  8.388308E+02  5.000000E+01
  8.433831E+02  5.000000E+01
  8.438806E+02  5.000000E+01
  8.484328E+02  5.000000E+01
  8.489303E+02  5.000000E+01
  8.534826E+02  5.000000E+01
  8.539801E+02  5.000000E+01
  8.585323E+02  5.000000E+01
  8.590299E+02  5.000000E+01
  8.635821E+02  5.000000E+01
  8.640796E+02  5.000000E+01
  8.686318E+02  5.000000E+01
  8.691294E+02  5.000000E+01
  8.736816E+02  5.000000E+01
  8.741791E+02  5.000000E+01
  8.787313E+02  5.000000E+01
  8.792289E+02  5.000000E+01
  8.837811E+02  5.000000E+01
  8.842786E+02  5.000000E+01
  8.888308E+02  5.000000E+01
  8.893284E+02  5.000000E+01
  8.938806E+02  5.000000E+01
  8.943781E+02  5.000000E+01
  8.989303E+02  5.000000E+01
  8.994279E+02  5.000000E+01
  9.039801E+02  5.000000E+01
  9.044776E+02  5.000000E+01
  9.090299E+02  5.000000E+01
  9.095274E+02  5.000000E+01
  9.140796E+02  5.000000E+01
  9.145771E+02  5.000000E+01
  9.191294E+02  5.000000E+01
  9.196269E+02  5.000000E+01
  9.241791E+02  5.000000E+01
  9.246766E+02  5.000000E+01
  9.292289E+02  5.000000E+01
  9.297264E+02  5.000000E+01
  9.342786E+02  5.000000E+01
  9.347761E+02  5.000000E+01
  9.393284E+02  5.000000E+01
  9.398259E+02  5.000000E+01
  9.443781E+02  5.000000E+01
  9.448756E+02  5.000000E+01
  9.494279E+02  5.000000E+01
  9.499254E+02  5.000000E+01
  9.544776E+02  5.000000E+01
  9.549751E+02  5.000000E+01
  9.595274E+02  5.000000E+01
  9.600249E+02  5.000000E+01
  9.645771E+02  5.000000E+01
  9.650746E+02  5.000000E+01
  9.696269E+02  5.000000E+01
  9.701244E+02  5.000000E+01
  9.746766E+02  5.000000E+01
  9.751741E+02  5.000000E+01
  9.797264E+02  5.000000E+01
  9.802239E+02  5.000000E+01
  9.847761E+02  5.000000E+01
  9.852736E+02  5.000000E+01
  9.898259E+02  5.000000E+01
  9.903234E+02  5.000000E+01
  9.948756E+02  5.000000E+01
  9.953731E+02  5.000000E+01
  9.999254E+02  5.000000E+01
  1.000000E+03  5.042289E+01
  1.000000E+03  5.049751E+01
  1.000000E+03  5.057214E+01
  1.000000E+03  5.150746E+01
  1.000000E+03  5.158209E+01
  1.000000E+03  5.251741E+01
  1.000000E+03  5.259204E+01
  1.000000E+03  5.352736E+01
  1.000000E+03  5.360199E+01
  1.000000E+03  5.453731E+01
  1.000000E+03  5.461194E+01
  1.000000E+03  5.554726E+01
  1.000000E+03  5.562189E+01
  1.000000E+03  5.655721E+01
  1.000000E+03  5.663184E+01
  1.000000E+03  5.756716E+01
  1.000000E+03  5.764179E+01
  1.000000E+03  5.857711E+01
  1.000000E+03  5.865174E+01
  1.000000E+03  5.958706E+01
  1.000000E+03  5.966169E+01
  1.000000E+03  6.059701E+01
  1.000000E+03  6.067164E+01
  1.000000E+03  6.160697E+01
  1.000000E+03  6.168159E+01
  1.000000E+03  6.261692E+01
  1.000000E+03  6.269154E+01
  1.000000E+03  6.362687E+01
  1.000000E+03  6.370149E+01
  1.000000E+03  6.463682E+01
  1.000000E+03  6.471144E+01
  1.000000E+03  6.564677E+01
  1.000000E+03  6.572139E+01
  1.000000E+03  6.665672E+01
  1.000000E+03  6.673134E+01
  1.000000E+03  6.766667E+01
  1.000000E+03  6.774129E+01
  1.000000E+03  6.867662E+01
  1.000000E+03  6.875124E+01
  1.000000E+03  6.968657E+01
  1.000000E+03  6.976119E+01
  1.000000E+03  7.069652E+01
  1.000000E+03  7.077114E+01
  1.000000E+03  7.170647E+01
  1.000000E+03  7.178109E+01
  1.000000E+03  7.271642E+01
  1.000000E+03  7.279104E+01
  1.000000E+03  7.372637E+01
  1.000000E+03  7.380100E+01
  1.000000E+03  7.473632E+01
  1.000000E+03  7.481095E+01
  1.000000E+03  7.574627E+01
  1.000000E+03  7.582090E+01
  1.000000E+03  7.675622E+01
  1.000000E+03  7.683085E+01
  1.000000E+03  7.776617E+01
  1.000000E+03  7.784080E+01
  1.000000E+03  7.877612E+01
  1.000000E+03  7.885075E+01
  1.000000E+03  7.978607E+01
  1.000000E+03  7.986070E+01
  1.000000E+03  8.079602E+01
  1.000000E+03  8.087065E+01
  1.000000E+03  8.180597E+01
  1.000000E+03  8.188060E+01
  1.000000E+03  8.281592E+01
  1.000000E+03  8.289055E+01
  1.000000E+03  8.382587E+01
  1.000000E+03  8.390050E+01
  1.000000E+03  8.483582E+01
  1.000000E+03  8.491045E+01
  1.000000E+03  8.584577E+01
  1.000000E+03  8.592040E+01
  1.000000E+03  8.685572E+01
  1.000000E+03  8.693035E+01
  1.000000E+03  8.786567E+01
  1.000000E+03  8.794030E+01
  1.000000E+03  8.887562E+01
  1.000000E+03  8.895025E+01
  1.000000E+03  8.988557E+01
  1.000000E+03  8.996020E+01
  1.000000E+03  9.089552E+01
  1.000000E+03  9.097015E+01
  1.000000E+03  9.190547E+01
  1.000000E+03  9.198010E+01
  1.000000E+03  9.291542E+01
  1.000000E+03  9.299005E+01
  1.000000E+03  9.392537E+01
  1.000000E+03  9.400000E+01
  1.000000E+03  9.493532E+01
  1.000000E+03  9.500995E+01
  1.000000E+03  9.594527E+01
  1.000000E+03  9.601990E+01
  1.000000E+03  9.695522E+01
  1.000000E+03  9.702985E+01
  1.000000E+03  9.796517E+01
  1.000000E+03  9.803980E+01
  1.000000E+03  9.897512E+01
  1.000000E+03  9.904975E+01
  1.000000E+03  9.998507E+01
  1.000000E+03  1.000597E+02
  1.000000E+03  1.009950E+02
  9.999254E+02  1.009950E+02
  9.948756E+02  1.009950E+02
  9.898259E+02  1.009950E+02
  9.847761E+02  1.009950E+02
  9.797264E+02  1.009950E+02
  9.746766E+02  1.009950E+02
  9.696269E+02  1.009950E+02
  9.645771E+02  1.009950E+02
  9.595274E+02  1.009950E+02
  9.544776E+02  1.009950E+02
  9.494279E+02  1.009950E+02
  9.443781E+02  1.009950E+02
  9.393284E+02  1.009950E+02
  9.342786E+02  1.009950E+02
  9.292289E+02  1.009950E+02
  9.241791E+02  1.009950E+02
  9.191294E+02  1.009950E+02
  9.140796E+02  1.009950E+02
  9.090299E+02  1.009950E+02
  9.039801E+02  1.009950E+02
  8.989303E+02  1.009950E+02
  8.938806E+02  1.009950E+02
  8.888308E+02  1.009950E+02
  8.837811E+02  1.009950E+02
  8.787313E+02  1.009950E+02
  8.736816E+02  1.009950E+02
  8.686318E+02  1.009950E+02
  8.635821E+02  1.009950E+02
  8.585323E+02  1.009950E+02
  8.534826E+02  1.009950E+02
  8.484328E+02  1.009950E+02
  8.433831E+02  1.009950E+02
  8.383333E+02  1.009950E+02
  8.332836E+02  1.009950E+02
  8.282338E+02  1.009950E+02
  8.231841E+02  1.009950E+02
  8.181343E+02  1.009950E+02
  8.130846E+02  1.009950E+02
  8.080348E+02  1.009950E+02
  8.029851E+02  1.009950E+02
  7.979353E+02  1.009950E+02
  7.928856E+02  1.009950E+02
  7.878358E+02  1.009950E+02
  7.827861E+02  1.009950E+02
  7.777363E+02  1.009950E+02
  7.726866E+02  1.009950E+02
  7.676368E+02  1.009950E+02
  7.625871E+02  1.009950E+02
  7.575373E+02  1.009950E+02
  7.524876E+02  1.009950E+02
  7.474378E+02  1.009950E+02
  7.423881E+02  1.009950E+02
  7.373383E+02  1.009950E+02
  7.322886E+02  1.009950E+02
  7.272388E+02  1.009950E+02
  7.221891E+02  1.009950E+02
  7.171393E+02  1.009950E+02
  7.120896E+02  1.009950E+02
  7.070398E+02  1.009950E+02
  7.019900E+02  1.009950E+02
  6.969403E+02  1.009950E+02
  6.918905E+02  1.009950E+02
  6.868408E+02  1.009950E+02
  6.817910E+02  1.009950E+02
  6.767413E+02  1.009950E+02
  6.716915E+02  1.009950E+02
  6.666418E+02  1.009950E+02
  6.615920E+02  1.009950E+02
  6.565423E+02  1.009950E+02
  6.514925E+02  1.009950E+02
  6.464428E+02  1.009950E+02
  6.413930E+02  1.009950E+02
  6.363433E+02  1.009950E+02
  6.312935E+02  1.009950E+02
  6.262438E+02  1.009950E+02
  6.211940E+02  1.009950E+02
  6.161443E+02  1.009950E+02
  6.110945E+02  1.009950E+02
  6.060448E+02  1.009950E+02
  6.009950E+02  1.009950E+02
  5.959453E+02  1.009950E+02
  5.908955E+02  1.009950E+02
  5.858458E+02  1.009950E+02
  5.807960E+02  1.009950E+02
  5.757463E+02  1.009950E+02
  5.706965E+02  1.009950E+02
  5.656468E+02  1.009950E+02
  5.605970E+02  1.009950E+02
  5.555473E+02  1.009950E+02
  5.504975E+02  1.009950E+02
  5.454478E+02  1.009950E+02
  5.403980E+02  1.009950E+02
  5.353483E+02  1.009950E+02
  5.302985E+02  1.009950E+02
  5.252488E+02  1.009950E+02
  5.201990E+02  1.009950E+02
  5.151493E+02  1.009950E+02
  5.100995E+02  1.009950E+02
  5.050498E+02  1.009950E+02
  5.000000E+02  1.009950E+02
  4.949502E+02  1.009950E+02
  4.899005E+02  1.009950E+02
  4.848507E+02  1.009950E+02
  4.798010E+02  1.009950E+02
  4.747512E+02  1.009950E+02
  4.697015E+02  1.009950E+02
  4.646517E+02  1.009950E+02
  4.596020E+02  1.009950E+02
  4.545522E+02  1.009950E+02
  4.495025E+02  1.009950E+02
  4.444527E+02  1.009950E+02
  4.394030E+02  1.009950E+02
  4.343532E+02  1.009950E+02
  4.293035E+02  1.009950E+02
  4.242537E+02  1.009950E+02
  4.192040E+02  1.009950E+02
  4.141542E+02  1.009950E+02
  4.091045E+02  1.009950E+02
  4.040547E+02  1.009950E+02
  3.990050E+02  1.009950E+02
  3.939552E+02  1.009950E+02
  3.889055E+02  1.009950E+02
  3.838557E+02  1.009950E+02
  3.788060E+02  1.009950E+02
  3.737562E+02  1.009950E+02
  3.687065E+02  1.009950E+02
  3.636567E+02  1.009950E+02
  3.586070E+02  1.009950E+02
  3.535572E+02  1.009950E+02
  3.485075E+02  1.009950E+02
  3.434577E+02  1.009950E+02
  3.384080E+02  1.009950E+02
  3.333582E+02  1.009950E+02
  3.283085E+02  1.009950E+02
  3.232587E+02  1.009950E+02
  3.182090E+02  1.009950E+02
  3.131592E+02  1.009950E+02
  3.081095E+02  1.009950E+02
  3.030597E+02  1.009950E+02
  2.980100E+02  1.009950E+02
  2.929602E+02  1.009950E+02
  2.879104E+02  1.009950E+02
  2.828607E+02  1.009950E+02
  2.778109E+02  1.009950E+02
  2.727612E+02  1.009950E+02
  2.677114E+02  1.009950E+02
  2.626617E+02  1.009950E+02
  2.576119E+02  1.009950E+02
  2.525622E+02  1.009950E+02
  2.475124E+02  1.009950E+02
  2.424627E+02  1.009950E+02
  2.374129E+02  1.009950E+02
  2.323632E+02  1.009950E+02
  2.273134E+02  1.009950E+02
  2.222637E+02  1.009950E+02
  2.172139E+02  1.009950E+02
  2.121642E+02  1.009950E+02
  2.071144E+02  1.009950E+02
  2.020647E+02  1.009950E+02
  1.970149E+02  1.009950E+02
  1.919652E+02  1.009950E+02
  1.869154E+02  1.009950E+02
  1.818657E+02  1.009950E+02
  1.768159E+02  1.009950E+02
  1.717662E+02  1.009950E+02
  1.667164E+02  1.009950E+02
  1.616667E+02  1.009950E+02
  1.566169E+02  1.009950E+02
  1.515672E+02  1.009950E+02
  1.465174E+02  1.009950E+02
  1.414677E+02  1.009950E+02
  1.364179E+02  1.009950E+02
  1.313682E+02  1.009950E+02
  1.263184E+02  1.009950E+02
  1.212687E+02  1.009950E+02
  1.162189E+02  1.009950E+02
  1.111692E+02  1.009950E+02
  1.061194E+02  1.009950E+02
  1.010697E+02  1.009950E+02
  9.601990E+01  1.009950E+02
  9.097015E+01  1.009950E+02
  8.592040E+01  1.009950E+02
  8.087065E+01  1.009950E+02
  7.582090E+01  1.009950E+02
  7.077114E+01  1.009950E+02
  6.572139E+01  1.009950E+02
  6.067164E+01  1.009950E+02
  5.562189E+01  1.009950E+02
  5.057214E+01  1.009950E+02
  4.552239E+01  1.009950E+02
  4.047264E+01  1.009950E+02
  3.542289E+01  1.009950E+02
  3.037313E+01  1.009950E+02
  2.532338E+01  1.009950E+02
  2.027363E+01  1.009950E+02
  1.522388E+01  1.009950E+02
  1.017413E+01  1.009950E+02
  5.124378E+00  1.009950E+02
  7.462687E-02  1.009950E+02
  0.000000E+00  1.009204E+02
  0.000000E+00  9.998507E+01
  0.000000E+00  5.049751E+01

#------------------------------------------------------------------------------
z: xorg(1.03)
p: xfac[c2*0.05] form[c1/0.05] notc noxt noyt dmin(1)
p: ymin(0) ymax(1) xmin(0) xmax(1) cmin(1) cmax(100) nosp
hc: y= 0.005 to 0.995 by 0.01 ; x= 0.5 to 0.5 by 1 ;
 1  2  3  4  5  6  7  8  9 10 11 12 13 14 15 16 17 18 19 20
21 22 23 24 25 26 27 28 29 30 31 32 33 34 35 36 37 38 39 40
41 42 43 44 45 46 47 48 49 50 51 52 53 54 55 56 57 58 59 60
61 62 63 64 65 66 67 68 69 70 71 72 73 74 75 76 77 78 79 80
81 82 83 84 85 86 87 88 89 90 91 92 93 94 95 96 97 98 99 100
z: xorg(0.0)
p: xfac[c2*0.05] form[c1/0.05] nosp afac[c5*0.625] ymin[c3] ymax[c4]
p: noxt noxn ytxt(-1) ynum(-1) xltd(-1) xstd(-1) itic(1) ylog
y: Flux [1/cm^2/source]              
#------------------------------------------------------------------------------

wt: s[c5]
\vspace{-3}
  emin  &=&   0.0000E+00 [MeV]
  emax  &=&   1.0000E+05 [MeV]
  xmin  &=&  -2.0000E+02 [cm]
  xmax  &=&   2.0000E+02 [cm]
  part. &=& all     
e:

#------------------------------------------------------------------------------
z: xorg[-1.03/0.05]
p: form[c1] xfac[c2] afac[c5] nosp notf
p: xmin(  0.000000    ) xmax(  1000.000    )
p: ymin( -100.0000    ) ymax(  100.0000    )
