   2.212000000000000D+03   1.253006457835310D+01   1.000000000000000D+00  -4.535718293470658D+00   2.104105407617002D+00   2.646801926373900D+01  -2.256516691015342D-01   4.848871117742577D-01   8.449649774203132D-01
   2.112000000000000D+03   8.196077730002233D+01   1.000000000000000D+00   4.153547489165994D-02  -4.999827478236305D+00   2.406215485900593D+01   5.682108795700671D-01  -7.754336605836585D-01   2.753888784465310D-01
   2.112000000000000D+03   2.228531903204821D+01   1.000000000000000D+00  -4.922300139246080D+00  -8.780440466024858D-01   2.437992593263592D+01  -8.412979843766775D-01  -1.786980308707272D-01   5.101810612387178D-01
   2.112000000000000D+03   2.511201822681869D+00   1.000000000000000D+00  -4.970052753508974D+00  -5.464207511196487D-01   2.252640298663821D+01  -9.764566736720989D-01  -1.923637839522511D-01   9.761423597402026D-02
   2.112000000000000D+03   1.269497902028661D+00   1.000000000000000D+00  -4.962738875874622D+00  -6.092806077259643D-01   1.619258491406714D+01  -8.488428025520791D-01  -5.277164896433520D-01  -3.132416182485998D-02
   2.112000000000000D+03   1.325011905041640D+00   1.000000000000000D+00  -4.970751693341005D+00  -5.400255669684568D-01   2.245280053268138D+01  -9.600781864757248D-01  -2.661488599512921D-01   8.610842119160614D-02
   2.112000000000000D+03   3.431725031284727D+01   1.000000000000000D+00  -3.966512896486777D+00   3.044137882560011D+00   3.857253022774031D+01  -3.436767500606605D-01   5.430896962328654D-01   7.661200123436513D-01
   2.112000000000000D+03   2.013733008132124D+00   1.000000000000000D+00   6.317125455569151D-01   4.959933393454791D+00   4.090411597552761D+01  -5.030575459544113D-01   8.425048238482207D-01   1.926622102302459D-01
   2.112000000000000D+03   4.458364502818426D+00   1.000000000000000D+00  -4.899632866838946D+00   9.967937496120866D-01   3.718474096080239D+01  -9.699686440672719D-01  -2.161154875034157D-01   1.116016379246238D-01
   2.112000000000000D+03   1.810889107652542D+00   1.000000000000000D+00   3.720341416206175D+00   3.340517887391944D+00   3.583505006844314D+01   7.475946415894484D-01   5.331339081819501D-01  -3.960687917690362D-01
   2.112000000000000D+03   2.608097696943332D+00   1.000000000000000D+00   4.112988298336353D+00   2.843119284277219D+00   3.727462386366428D+01   7.854401765257499D-01   7.382213404906504D-02   6.145193419442879D-01
   2.112000000000000D+03   2.161525623967350D+00   1.000000000000000D+00   3.033055758730800D+00   3.974993430444250D+00   3.560082457253779D+01   1.220753469300183D-01   8.684918581487754D-01  -4.804367825231566D-01
   2.212000000000000D+03   1.804074504407811D+02   1.000000000000000D+00   1.184343119845200D+00  -4.857708449610000D+00   2.499771187894605D+01  -2.901198092794599D-03  -7.147323308360374D-01   6.993920776698226D-01
   2.112000000000000D+03   1.562058673763372D+02   1.000000000000000D+00   3.495284797310812D+00   3.575329941792822D+00   2.918809859929642D+01   2.499659534417058D-01   7.334897316853894D-01   6.320679042888305D-01
   2.112000000000000D+03   1.456343331049652D+00   1.000000000000000D+00   2.808011528446185D-01  -4.992108844793953D+00   3.449313953903668D+01  -5.118936939828084D-01  -6.005836409667221D-01  -6.142183131947391D-01
   2.112000000000000D+03   1.125862303040039D+01   1.000000000000000D+00   3.763367200090130D+00  -3.291970128394521D+00   2.681626610831444D+01   5.730067270786475D-01  -7.052313873556522D-01  -4.175068634298583D-01
   2.112000000000000D+03   2.349344032983568D+01   1.000000000000000D+00   4.077040651602612D+00  -2.894432505323521D+00   3.148658381352443D+01   1.309206783276627D-01  -2.809028377028545D-01   9.507646247924396D-01
   2.112000000000000D+03   2.271507537323882D+01   1.000000000000000D+00   4.861649913760060D+00  -1.168058271262048D+00   2.489973257636644D+01   9.248602227137209D-01  -1.463870783014244D-02  -3.800253631996030D-01
   2.112000000000000D+03   1.401350609108974D+01   1.000000000000000D+00   4.932753323519214D+00  -8.172788124107697D-01   2.664212686761281D+01   8.280182339188045D-01   1.611524075003099D-01   5.370434859998192D-01
   2.112000000000000D+03   7.362704026501412D+00   1.000000000000000D+00   4.958524714025533D+00   6.426761767309345D-01   2.483268986656162D+01   6.959141064642338D-01   6.520136109276476D-01  -3.009681172303430D-01
   2.112000000000000D+03   4.782575725727600D+00   1.000000000000000D+00   2.548616040439118D-01  -4.993500332548082D+00   2.703546874620659D+01  -3.034876690516759D-01  -8.539440459603499D-01   4.226994216963734D-01
   2.112000000000000D+03   1.311154846813452D+00   1.000000000000000D+00   4.997116282339986D+00   1.697906596487857D-01   2.613861596490189D+01   7.275180866856329D-01   1.778131692114238D-01   6.626461426736490D-01
   2.112000000000000D+03   6.191678169599646D+00   1.000000000000000D+00   3.998833155773486D+00  -3.001555163727029D+00   3.117211308768570D+01   5.050396876278027D-01  -7.613688279451902D-01   4.065125111902201D-01
   2.112000000000000D+03   1.596706323968192D+00   1.000000000000000D+00   3.914073406153912D+00  -3.111274558676606D+00   2.594497165125637D+01   3.096887102936409D-01  -9.329464849049434D-01   1.835858355651975D-01
   2.112000000000000D+03   2.343779487739339D+00   1.000000000000000D+00  -4.245763778838200D+00  -2.640736628731864D+00   2.792194495542017D+01  -9.178341376684651D-01  -4.293404050043076D-02   3.946354823082851D-01
   2.112000000000000D+03   1.251840021610178D+00   1.000000000000000D+00   9.192645099156747D-01  -4.914768841429474D+00   2.535876318358150D+01   8.697673438361534D-01  -2.316923062372802D-01  -4.356873223157327D-01
   2.112000000000000D+03   1.092126563707211D+00   1.000000000000000D+00   2.748345566180949D+00  -4.176912335478530D+00   2.810898539520348D+01   3.723269874469528D-01  -8.825445185150780D-01  -2.872068718844765D-01
   2.112000000000000D+03   8.773649229694072D+00   1.000000000000000D+00   3.895660608176055D+00  -3.134298714394315D+00   2.820619466018718D+01   4.341866449313866D-01  -2.816581060257546D-01   8.556580325534320D-01
   2.112000000000000D+03   1.202101168554123D+00   1.000000000000000D+00  -1.632782306732056D+00   4.725888482238106D+00   2.875392243967471D+01  -7.123140602962904D-01   5.715256775092659D-01   4.073905735922072D-01
   2.112000000000000D+03   1.322388865952479D+02   1.000000000000000D+00  -4.968016936924686D+00  -5.646306037188237D-01   3.168758068464577D+01  -4.366678350144642D-01   9.946499144423861D-02   8.941073298775591D-01
   2.112000000000000D+03   2.823530743509717D+00   1.000000000000000D+00   4.543538971670174D+00  -2.087164014241149D+00   5.224819587818703D+01   8.224506925250048D-01  -4.683899917403919D-01  -3.227780568789890D-01
   2.112000000000000D+03   3.125909907850655D+00   1.000000000000000D+00   2.704057538956710D+00  -4.205719062676399D+00   2.587443174897069D+01  -2.942387934049540D-02  -9.876303761812608D-01   1.540145297321556D-01
   2.112000000000000D+03   3.090283487985790D+00   1.000000000000000D+00  -1.841555563052164D+00  -4.648512999875321D+00   2.552517647857623D+01  -9.743243414213378D-01   1.904164773213571D-01  -1.201400968802739D-01
   2.112000000000000D+03   2.071984288715556D+01   1.000000000000000D+00   1.494771141572914D+00  -4.771337259269165D+00   2.089407669069491D+01  -1.441171437462398D-01  -8.174039151305030D-01   5.577464373779101D-01
   2.112000000000000D+03   8.611279045653951D+00   1.000000000000000D+00  -4.012129356597596D+00  -2.983759043991114D+00   1.866847904146315D+01  -8.808528471292525D-01   6.655690320195221D-02   4.686879989294108D-01
   2.112000000000000D+03   2.567850024664494D+00   1.000000000000000D+00   4.562719209801464D+00  -2.044894476469777D+00   2.127670465512471D+01   9.117407015345916D-01   2.279200324359813D-01   3.417328664023873D-01
   2.112000000000000D+03   5.749458931591067D+00   1.000000000000000D+00  -3.996452427829023D+00  -3.004724279440038D+00   2.673616639681572D+01  -3.685528976534344D-01  -6.841597498190966D-02   9.270857651795394D-01
   2.112000000000000D+03   5.193986263855810D+00   1.000000000000000D+00   4.551817119843059D+00  -2.069048310924895D+00   2.299937190070816D+01   6.609702535993668D-01   1.400913160154788D-01   7.372196057036468D-01
   2.112000000000000D+03   1.113208020886077D+00   1.000000000000000D+00   2.949527280778081D+00  -4.037361617363364D+00   2.091785469571272D+01   4.822271321363408D-01  -8.134490109822365D-01   3.252040890941890D-01
   2.112000000000000D+03   2.846801443682352D+00   1.000000000000000D+00   1.879755562077020D-01  -4.996465270340511D+00   2.025072685427309D+01  -6.374837211921742D-01  -7.695568890389402D-01  -3.737244637010896D-02
   2.112000000000000D+03   3.784819548565338D+00   1.000000000000000D+00   4.541259473652921D+00  -2.092119117204636D+00   2.104562547563144D+01   9.391263693370528D-01   2.184691613773174D-01   2.651657744560880D-01
   2.112000000000000D+03   2.136009198744887D+00   1.000000000000000D+00   2.741425698933333D+00  -4.181457299239214D+00   2.568156258404013D+01   7.276807247505857D-02  -9.248025630465317D-01  -3.734233884089617D-01
   2.112000000000000D+03   1.044908405538649D+00   1.000000000000000D+00   3.053154888191315D+00  -3.959576396080113D+00   2.566627086603144D+01   8.708850540596658D-01  -2.984412881136571D-01  -3.905022665293431D-01
   2.112000000000000D+03   3.704976509750102D+00   1.000000000000000D+00  -4.128702157162566D+00  -2.820251495951408D+00   2.311570545244769D+01  -7.765838868835254D-01   6.094467427182403D-01   1.596625642503684D-01
   2.112000000000000D+03   1.066600606733232D+00   1.000000000000000D+00   4.387624183765817D+00  -2.397655944639719D+00   2.071571955614420D+01   9.082968284064374D-01   2.372510302192098D-01   3.445414636393277D-01
   2.112000000000000D+03   1.483834349832236D+01   1.000000000000000D+00   2.522658635761955D+00  -4.316965764899169D+00   5.244367028703670D+01   4.115445320978980D-01  -6.740214728958932D-01   6.134542787979991D-01
   2.112000000000000D+03   1.056347916893060D+00   1.000000000000000D+00   4.635917520575054D+00   1.873037306479975D+00   3.260528823223822D+01   8.587040710242515D-01   2.879689286036377D-01   4.239118004552956D-01
   2.112000000000000D+03   1.771196290727190D+00   1.000000000000000D+00   3.084197978800720D+00   3.935444426339845D+00   5.307259693121772D+01   3.749234073474300D-01   3.729087698819386D-01   8.487470105797916D-01
   2.112000000000000D+03   1.157917406380406D+00   1.000000000000000D+00   4.486398905684807D+00   2.207311683252477D+00   5.118630366984393D+01   7.798859654472939D-01   2.163151937384652D-01   5.873547632021325D-01
   2.112000000000000D+03   1.167844844571220D+00   1.000000000000000D+00   4.820873344194843D+00  -1.326340907999290D+00   5.152326528103301D+01   6.301287821477058D-01   4.051688877250550D-01   6.624016080360094D-01
   2.112000000000000D+03   1.289570114343405D+00   1.000000000000000D+00   1.506582057996094D+00  -4.767621053681515D+00   5.270819583118308D+01  -5.964418046952774D-02  -9.609306157833374D-01   2.702867428979356D-01
   2.112000000000000D+03   1.384605586665806D+02   1.000000000000000D+00   4.972297612372404D+00  -5.256010460483715D-01   2.875358223393603D+01   5.720130885006632D-01   7.323831177883094D-02   8.169682835163916D-01
   2.112000000000000D+03   1.509698737025587D+00   1.000000000000000D+00   2.332700324236467D+00  -4.422500333778319D+00   2.689808015910965D+01   3.737089656533230D-01  -3.639069290057014D-01   8.531783846370949D-01
   2.112000000000000D+03   1.444356514401534D+00   1.000000000000000D+00  -4.751992589569356D+00   1.555174085729380D+00   2.915812754760277D+01  -7.674165198328896D-01   3.063220283749659D-01   5.632394695152522D-01
   2.112000000000000D+03   1.036759705813097D+00   1.000000000000000D+00  -4.363816068095772D+00   2.440719018151539D+00   3.357591498392764D+01  -6.313675403550586D-01  -7.729037227684723D-01   6.320493902093366D-02
   2.112000000000000D+03   5.061511533044897D+01   1.000000000000000D+00   8.293120506329912D-01   4.930744520826316D+00   2.328897747201819D+01   8.174306993853907D-01   5.707070633523548D-01  -7.810569468382250D-02
   2.112000000000000D+03   2.390387492490228D+01   1.000000000000000D+00  -2.084036631598810D+00   4.544974293203422D+00   2.283637888874854D+01  -7.796165463166880D-01   4.924288832969115D-01  -3.869261371427318D-01
   2.112000000000000D+03   1.480228746575509D+01   1.000000000000000D+00   1.988570813491435D+00   4.587546852384395D+00   1.812312813544148D+01   4.659940277683975D-01   1.349998053286694D-01  -8.744281666583068D-01
   2.112000000000000D+03   2.708384328846236D+00   1.000000000000000D+00   2.880261147529361D+00  -4.087064439131776D+00   1.716294415951140D+01   1.639942203581357D-01  -8.120738208382491D-01  -5.600375033855273D-01
   2.112000000000000D+03   3.998760729843065D+00   1.000000000000000D+00  -7.134845406406923D-01   4.948832166987301D+00   2.185124738470848D+01  -1.477022113248561D-02   6.789879944978263D-01  -7.340007792199662D-01
   2.112000000000000D+03   1.664135152471886D+00   1.000000000000000D+00  -2.303541169175305D-01   4.994690880257230D+00   2.314235550794112D+01   4.391270202534658D-01   8.717164532970583D-01  -2.174347836352548D-01
   2.112000000000000D+03   1.083453448631758D+00   1.000000000000000D+00  -2.000518044916713D-01   4.995996325356840D+00   2.263206417991188D+01   4.025601086984291D-01   7.626589449928994D-01  -5.062575357533224D-01
   2.112000000000000D+03   2.156888454861567D+01   1.000000000000000D+00   2.903139490569612D+00   4.070845256641896D+00   2.136949688504493D+01   9.190480102968701D-01  -1.322070353653382D-02   3.939238095969363D-01
   2.112000000000000D+03   2.453483745716190D+00   1.000000000000000D+00  -4.380577295511367D+00  -2.410506701937325D+00   4.116720819890340D+01  -1.245324166051092D-01  -1.956821600480111D-01   9.727282094467274D-01
   2.112000000000000D+03   2.378487750206104D+00   1.000000000000000D+00  -1.461305023191332D+00   4.781692967305841D+00   2.594595321823212D+01  -9.254560035729530D-01   1.758384849052053D-01   3.355771337219219D-01
   2.112000000000000D+03   1.922465628151485D+00   1.000000000000000D+00  -3.821624682238377D+00   3.224156446709959D+00   1.434321031425633D+01  -5.243179068701718D-01   1.159166840580557D-01  -8.435959073467973D-01
   2.212000000000000D+03   4.668156406245551D+01   1.000000000000000D+00   2.896275355939793D+00   4.075731722012070D+00   2.136209339464875D+01   1.857423577307505D-01   7.561500036822082D-01  -6.274846201111375D-01
   2.112000000000000D+03   2.674165414509507D+02   1.000000000000000D+00  -1.695875867911209D+00  -4.703616166883468D+00   2.511854914653446D+01   6.215459868106998D-02  -5.253343678938659D-01   8.486227711841979D-01
   2.112000000000000D+03   9.931026602185491D+01   1.000000000000000D+00  -4.634556661201167D+00  -1.876402026003461D+00   2.099862457700539D+01  -9.352539826977091D-01  -1.079269837838401D-01   3.371227580858283D-01
   2.112000000000000D+03   4.634218810058655D+00   1.000000000000000D+00  -4.235799864396829D+00  -2.656689578692050D+00   2.138104366929073D+01  -7.882047772207041D-01  -3.910462821866951D-01   4.752010462471900D-01
   2.112000000000000D+03   1.729898048125400D+00   1.000000000000000D+00  -4.992521814117804D+00  -2.733604653510102D-01   2.130579334711765D+01  -8.237913066807546D-01  -4.270128789423907D-01  -3.728644314687926D-01
   2.112000000000000D+03   3.648209807155856D+00   1.000000000000000D+00   4.998685867842478D+00  -1.146281081593501D-01   1.690826697144512D+01   8.624041552411439D-01   3.205342182082048D-01   3.918123121859040D-01
   2.112000000000000D+03   6.385232685184064D+00   1.000000000000000D+00  -1.637747263277843D+00  -4.724170182076914D+00   1.812109888658427D+01   1.148129776535586D-01  -8.440376312179800D-01  -5.238496513793482D-01
   2.112000000000000D+03   1.817690334033673D+00   1.000000000000000D+00  -2.180842288975959D+00   4.499325162550971D+00   2.398276298647732D+01   1.491639706243479D-01   9.335655262744231D-01   3.258918808739152D-01
   2.112000000000000D+03   1.049617263709251D+00   1.000000000000000D+00   3.369082247481056D+00  -3.694493851473247D+00   1.922438927362175D+01   9.222350259580220D-01  -3.588391454618070D-01  -1.439340980464554D-01
   2.112000000000000D+03   2.259232535573915D+00   1.000000000000000D+00  -4.151484600762871D+00  -2.786606469183333D+00   2.038322414158058D+01  -3.395748823894704D-01  -2.953745138722687D-01  -8.929965261997934D-01
   2.112000000000000D+03   9.998748625158926D+00   1.000000000000000D+00  -4.784042275769897D+00  -1.453595373922283D+00   1.579217824375479D+01  -8.473238692106099D-01   2.288752268408729D-01  -4.792268681997076D-01
   2.112000000000000D+03   9.822004295583774D+00   1.000000000000000D+00   4.995964404967721D+00  -2.008473903116617D-01   1.553407374537552D+01   9.948053774621294D-01   1.009473700658750D-01   1.311066166192848D-02
   2.112000000000000D+03   1.266823514929822D+02   1.000000000000000D+00   1.506928974423790D+00  -4.767511413227569D+00   2.178858465861870D+01   2.986792391308937D-01  -8.718257418077032D-01   3.882146159454051D-01
   2.112000000000000D+03   1.019903400548472D+01   1.000000000000000D+00  -4.834655156406581D+00  -1.275189996370892D+00   2.266891506099747D+01  -8.965662695844743D-01   1.788140820576364D-01   4.052091414334877D-01
   2.112000000000000D+03   8.710918375762859D+00   1.000000000000000D+00   4.300439490796213D-01  -4.981471891948353D+00   2.243797505253934D+01  -2.949058082862405D-02  -8.468240183586010D-01   5.310549760367396D-01
   2.112000000000000D+03   1.262418784167075D+00   1.000000000000000D+00  -4.978763644606425D+00   4.603396329434707D-01   2.691142421847675D+01  -6.288522379076226D-01   2.730126408485314D-01   7.280171432153815D-01
   2.112000000000000D+03   1.420957711167830D+00   1.000000000000000D+00  -2.709076023467846D+00   4.202488204501997D+00   2.046765854551535D+01  -4.289499120923095D-01   9.021617098129856D-01   4.589359719296360D-02
   2.112000000000000D+03   1.358261803066739D+00   1.000000000000000D+00  -1.763941540213275D+00   4.678515817280096D+00   2.182144142734528D+01  -3.230603744039717D-01   9.287456108647311D-01   1.818339483965048D-01
   2.112000000000000D+03   1.155685639187368D+00   1.000000000000000D+00   3.173789184781854D+00   3.863555644541987D+00   2.510526833335914D+01   6.978107070717606D-01   4.505055220902132D-01   5.568707135971811D-01
   2.112000000000000D+03   1.150172245081990D+00   1.000000000000000D+00  -1.174568628457984D+00  -4.860081125479991D+00   1.906097469940961D+01  -4.133333759971781D-01  -8.470592259064297D-01   3.341349848393244D-01
   2.112000000000000D+03   8.143506692696064D+00   1.000000000000000D+00   7.250880172365177D-01  -4.947145376545787D+00   2.157092227755791D+01   5.913608341867907D-02  -9.432292898413754D-01   3.268354791377970D-01
   2.112000000000000D+03   1.327149618728072D+00   1.000000000000000D+00  -3.055105767632356D+00   3.958071343290245D+00   2.191940942697596D+01  -6.128339647489427D-01   7.897020470786115D-01   2.837619583281817D-02
   2.112000000000000D+03   4.448658917660664D+01   1.000000000000000D+00   5.790718784301311D-01  -4.966354373533235D+00   2.660602137839913D+01  -3.838765499397420D-01  -4.375320886734846D-01   8.131448000125061D-01
   2.112000000000000D+03   7.600554133578953D+00   1.000000000000000D+00   3.498076571197368D+00  -3.572598537334079D+00   2.229111295989073D+01   7.852867057393605D-01  -1.997908854141321D-01  -5.860105731934024D-01
   2.112000000000000D+03   7.486335302058222D+00   1.000000000000000D+00  -3.773828737050981D+00  -3.279972053251589D+00   1.872340528400857D+01  -9.396622135260452D-01   5.930003552988464D-02  -3.369249623543609D-01
   2.112000000000000D+03   1.474049473938430D+01   1.000000000000000D+00   4.746375007330027D+00  -1.572235445263616D+00   2.161691699467607D+01   7.406183637210013D-01   4.707030090557390D-01  -4.795029891305159D-01
   2.112000000000000D+03   1.658909384561525D+00   1.000000000000000D+00  -3.351874224085754D+00   3.710113097231043D+00   3.360216450457166D+01  -9.162010496535420D-01   2.956541765252531D-01   2.704888990641242D-01
   2.112000000000000D+03   1.780062237552556D+00   1.000000000000000D+00  -4.054490007438790D+00   2.925937590532375D+00   3.307973636407454D+01  -6.219415268085461D-01  -1.592514160597421D-01   7.666992394114013D-01
   2.112000000000000D+03   6.751215654474777D+00   1.000000000000000D+00   8.556900515395972D-02  -4.999267741405311D+00   2.558234547235364D+01  -5.801703410274718D-01  -4.998814718396179D-01   6.430558992059123D-01
   2.112000000000000D+03   4.077329449312856D+00   1.000000000000000D+00   4.361843314424057D+00  -2.444242808503582D+00   2.290439728190291D+01   9.297737732300561D-01   3.280639628651595D-01  -1.670172652235435D-01
   2.112000000000000D+03   2.674850614299430D+00   1.000000000000000D+00   1.125166390713813D+00  -4.871755391876109D+00   2.140286017831598D+01  -3.750541592737990D-01  -6.065453820434131D-01  -7.010257321477108D-01
   2.112000000000000D+03   1.624821530566237D+00   1.000000000000000D+00  -1.520249946174105D+00   4.763280393898891D+00   2.501569242147721D+01  -4.089320313997123D-01   8.923037077993691D-01   1.912294086766025D-01
   2.112000000000000D+03   3.512628954434285D+01   1.000000000000000D+00  -4.591163232766519D+00   1.980207104190507D+00   3.595497117893868D+01  -6.748667281634133D-01  -2.028011663189339D-01   7.095256064143771D-01
   2.112000000000000D+03   6.012370484851471D+01   1.000000000000000D+00   2.949273464740809D+00   4.037547032431594D+00   2.357898224439818D+01   7.432222009228844D-01   5.619120733453278D-01  -3.631467773285323D-01
   2.112000000000000D+03   4.934127053411785D+00   1.000000000000000D+00  -4.999933050572960D+00  -2.587461553471195D-02   2.154090046191295D+01  -5.945508885617254D-01   8.750181913896535D-02  -7.992825986832406D-01
   2.112000000000000D+03   2.225913148568111D+00   1.000000000000000D+00   2.139487294693470D+00  -4.519136435783838D+00   2.678304010156692D+01   6.193179200708762D-01  -7.450311925430612D-01   2.477374336206538D-01
   2.112000000000000D+03   1.427068009170171D+00   1.000000000000000D+00  -4.747720058164063D+00   1.568169078513638D+00   2.449174719049920D+01  -8.234677476500919D-01   5.358138864929402D-01  -1.865592335463863D-01
   2.112000000000000D+03   2.928310994597783D+00   1.000000000000000D+00   4.051189260772037D+00   2.930506028088725D+00   2.646236426971598D+01   7.105106662848711D-01   2.563052484179645D-01  -6.553489244126628D-01
   2.112000000000000D+03   4.594023599328478D+00   1.000000000000000D+00  -4.721928300667185D+00  -1.644199845922417D+00   2.448215582257340D+01  -9.255389981174259D-01  -3.747542916714094D-01  -5.419210124779705D-02
   2.112000000000000D+03   2.158635290958832D+00   1.000000000000000D+00  -3.679906104709170D+00   3.385009758513209D+00   1.966754808435951D+01  -2.260364456209029D-01   4.493177012626431D-01  -8.643038404306225D-01
   2.112000000000000D+03   1.945863113906037D+01   1.000000000000000D+00  -3.108650060948622D+00  -3.916158169286448D+00   2.199229154058115D+01  -4.309839119932338D-01  -7.182161665329250D-01  -5.462768581349188D-01
   2.112000000000000D+03   3.764640394077617D+00   1.000000000000000D+00  -2.360655917077190D+00  -4.407641506463168D+00   2.519812468228261D+01  -1.770962848239658D-01  -8.499256558874548D-01   4.962492169926602D-01
   2.112000000000000D+03   4.417958231104649D+00   1.000000000000000D+00  -4.174833930640824D+00   2.751501710016045D+00   2.283295858014663D+01  -4.602825597097704D-01   8.736898481621452D-01  -1.574992522059361D-01
   2.112000000000000D+03   1.907066253701828D+00   1.000000000000000D+00  -3.229372114882977D+00  -3.817218326626329D+00   2.287555486733525D+01  -5.415357763067808D-01  -7.882728449001796D-01  -2.921727656247063D-01
   2.112000000000000D+03   3.181824250378273D+00   1.000000000000000D+00  -2.413070905688652D+00  -4.379165310038704D+00   2.534056305359926D+01  -3.040291567591377D-01  -8.061057824615717D-01   5.077004425075330D-01
   2.112000000000000D+03   1.654742977973522D+00   1.000000000000000D+00  -4.433538276479367D+00  -2.311652732956480D+00   2.069070817505299D+01  -8.656796836652323D-01   1.910421590771986D-01  -4.627111180254756D-01
   2.112000000000000D+03   1.038659726419723D+00   1.000000000000000D+00  -4.854062456009403D+00  -1.199198765955167D+00   2.114534695660259D+01  -7.661125048406313D-01   1.372161386166348D-01  -6.278880164726465D-01
   2.112000000000000D+03   7.318482956359064D+01   1.000000000000000D+00   1.389470452047502D-01  -4.998068999731983D+00   2.399206448161004D+01   6.549530734302478D-01  -7.273817324665167D-01   2.048225741423077D-01
   2.112000000000000D+03   4.989389980761483D+01   1.000000000000000D+00  -4.649316597098951D+00  -1.839525805253302D+00   2.320726694189430D+01  -5.870054089931602D-01  -7.594966023965546D-01   2.803382969928694D-01
   2.112000000000000D+03   9.300086796434101D+00   1.000000000000000D+00  -4.990165521245109D+00  -3.134454924452296D-01   2.424789259926963D+01  -6.282246416967415D-01   1.789501005618668D-01   7.571728079334983D-01
   2.112000000000000D+03   1.285936919347137D+00   1.000000000000000D+00  -4.917272830661066D+00  -9.057747579371767D-01   2.616928975582513D+01  -3.204084567148664D-01  -6.765900118546742D-02   9.448601380226507D-01
   2.112000000000000D+03   5.208419983593449D+00   1.000000000000000D+00  -4.887484306903287D+00   1.054749807711402D+00   2.286430308361771D+01  -5.460341847072445D-01   8.322745020578420D-01   9.573830140265630D-02
   2.112000000000000D+03   1.057879607905988D+00   1.000000000000000D+00  -4.919231431254167D+00  -8.950766069291314D-01   2.414348892598563D+01  -6.383500877824484D-01  -1.286519481518612D-01   7.589188636902310D-01
   2.112000000000000D+03   2.407213900733496D+01   1.000000000000000D+00   2.021151899116405D+00  -4.573286018622255D+00   2.637169437915884D+01  -2.955721983829469D-01  -9.426968294619366D-01  -1.547894158703496D-01
   2.112000000000000D+03   2.148888570019991D+01   1.000000000000000D+00   4.995394172145258D+00   2.145625111090768D-01   2.522251384387983D+01   6.084279878914606D-01   4.603880608885327D-01  -6.464195363242400D-01
   2.112000000000000D+03   1.780848111985392D+00   1.000000000000000D+00   3.665179216988830D+00  -3.400950060447598D+00   2.502574635858096D+01  -6.302187695574801D-02  -9.949198074338729D-01   7.850362922005560D-02
   2.112000000000000D+03   1.878884178574287D+01   1.000000000000000D+00   3.811596424950237D+00  -3.236005670551237D+00   2.551880032744884D+01   1.572749908489166D-01  -8.242040140570364D-01  -5.440150002212639D-01
   2.112000000000000D+03   2.754394423230224D+00   1.000000000000000D+00   4.888093455706934D+00  -1.051923179916837D+00   2.597876333845301D+01   8.376882972686981D-01   8.597639291024146D-03  -5.460809438331378D-01
   2.112000000000000D+03   2.501175248972800D+00   1.000000000000000D+00   4.866796343979534D+00  -1.146426341305689D+00   2.706700063682035D+01   9.954230548720978D-01  -5.367039551225945D-02   7.907231168151264D-02
   2.112000000000000D+03   3.097242785884077D+00   1.000000000000000D+00   4.675850379043752D+00  -1.770994986634011D+00   2.702791434955659D+01   8.747421736153953D-01  -4.816687807776980D-01   5.311605522569954D-02
   2.112000000000000D+03   4.426078869580441D+01   1.000000000000000D+00   2.622228760854900D+00   4.257219319320092D+00   3.438081903207074D+01   4.387748853739366D-01   5.573729148207969D-01   7.048489439512962D-01
   2.112000000000000D+03   1.855632546228780D+00   1.000000000000000D+00  -4.775750354703278D+00   1.480610873583862D+00   2.705892024414804D+01  -9.017402211772509D-01   2.736306115134516D-01  -3.346503577675914D-01
   2.112000000000000D+03   3.351091011144391D+00   1.000000000000000D+00   2.773721453998632D+00   4.160104482476563D+00   2.737848370607706D+01   7.722635008057912D-01   6.261617011732945D-01   1.073806747368888D-01
   2.112000000000000D+03   7.164040173365693D+00   1.000000000000000D+00   4.934377795027566D+00  -8.074130162850580D-01   2.886718494302606D+01   2.642130361731946D-01  -1.982816521772997D-01   9.438622028272891D-01
   2.112000000000000D+03   2.348248518209061D+00   1.000000000000000D+00   2.280323766529278D-01   4.994797417538604D+00   2.953998484633254D+01  -6.315751672638865D-01   7.347974624766462D-01  -2.473570238207828D-01
   2.112000000000000D+03   1.324288263071139D+00   1.000000000000000D+00  -2.034423775061249D+00   4.567397498312851D+00   2.641692639946514D+01   6.433601522258314D-01   7.385713959525395D-01   2.014944356767012D-01
   2.112000000000000D+03   3.044039503605434D+00   1.000000000000000D+00  -3.873608595053281D+00   3.161511736577021D+00   1.517363449619944D+01  -6.443647743963159D-01   5.049605881979307D-01  -5.742898587681874D-01
   2.112000000000000D+03   2.871745797913036D+00   1.000000000000000D+00   3.628880482184909D+00  -3.439654990654837D+00   2.232301037721550D+01   4.782246964528659D-01  -7.629353458044388D-01   4.350066641154199D-01
   2.112000000000000D+03   8.914954734793703D+00   1.000000000000000D+00  -3.753374140116750D+00   3.303359285648249D+00   3.378904083660719D+01  -6.108758748361025D-01   1.801154568829872D-01   7.709663337235024D-01
   2.112000000000000D+03   1.593603536131683D+01   1.000000000000000D+00   2.467743171857131D+00   4.348590995092781D+00   3.239360629149368D+01   4.114084883248104D-01   3.241296715736454D-01   8.518703021821191D-01
   2.112000000000000D+03   1.248753106695737D+01   1.000000000000000D+00   3.940978930157279D+00   3.077122857402089D+00   2.563224315465085D+01   8.691795510620516D-01   1.038587758188854D-01  -4.834669199655474D-01
   2.112000000000000D+03   1.288167888987505D+01   1.000000000000000D+00   4.841963277117387D+00  -1.247153410999412D+00   3.173353838245572D+01   6.391134277144307D-01  -5.338850974156175D-01   5.536250800610715D-01
   2.112000000000000D+03   3.644922779530879D+00   1.000000000000000D+00   3.597667552644268D+00  -3.472288609298141D+00   1.950178201542637D+01   3.522449141381401D-01  -4.430058274886015D-01  -8.244206191471400D-01
   2.112000000000000D+03   1.319026557630082D+00   1.000000000000000D+00   4.133187558834678D+00  -2.813673863580234D+00   3.354266269918619D+01   4.422219932498727D-01  -6.121366482055154D-01   6.555367515325337D-01
   2.112000000000000D+03   1.357079443502641D+02   1.000000000000000D+00   4.040147959478587D+00   2.945709502684714D+00   2.583277875995767D+01   6.369076300085689D-01   6.008084006633633D-01   4.830920580274526D-01
   2.112000000000000D+03   1.000778296784210D+01   1.000000000000000D+00  -2.490139360029917D+00  -4.335805112817019D+00   2.579683041288760D+01  -7.386349597447996D-01  -5.791073541506344D-01   3.450406767490614D-01
   2.112000000000000D+03   1.393648098127528D+00   1.000000000000000D+00  -5.114752191323024D-01  -4.973770512337866D+00   1.661900463658247D+01  -4.405427580183310D-01  -8.783543829616098D-01   1.855145716371935D-01
   2.112000000000000D+03   1.448642981178446D+00   1.000000000000000D+00  -4.784940742487531D+00  -1.450635067870760D+00   2.473461970202544D+01  -9.237203445072355D-01  -1.425701220932470D-01   3.555481478361974D-01
   2.112000000000000D+03   3.121806856102012D+00   1.000000000000000D+00  -4.785161726662120D+00  -1.449905947153179D+00   4.318638387978046D+01  -6.585680186270941D-01   1.381299600741087D-01   7.397352762789596D-01
   2.112000000000000D+03   3.435345977167117D+00   1.000000000000000D+00  -4.762666904245767D+00   1.522170807768428D+00   2.632806357073430D+01  -8.830084513725756D-01   1.344796687162068D-01  -4.496791005890591D-01
   2.112000000000000D+03   5.028436870868846D+00   1.000000000000000D+00  -4.923355765602807D+00   8.721055036863878D-01   2.955039833854330D+01  -4.958884240851131D-01  -3.602689357929315D-01   7.901271826491046D-01
   2.112000000000000D+03   2.082342183610519D+01   1.000000000000000D+00   2.246875821249479D+00  -4.466715689544772D+00   2.915892224322994D+01   3.132668756853404D-02  -8.059798375093203D-01   5.911134748713085D-01
   2.112000000000000D+03   4.320593171894482D+00   1.000000000000000D+00   4.376152112464204D+00  -2.418531102075436D+00   3.322143625902557D+01   7.211411078841947D-01   6.575285842128953D-01  -2.182009703519713D-01
   2.112000000000000D+03   4.588818059133814D+00   1.000000000000000D+00  -8.154573600650574D-01   4.933054763815699D+00   2.143001924611331D+01  -5.888378402314394D-01   8.036289756622037D-01  -8.631608996989582D-02
   1.400000000000000D+01   3.151948643919147D+01   1.000000000000000D+00   2.095135925384697D+00   4.539868441200780D+00   2.088315728286234D+01   5.318382778440731D-01   7.731337896957141D-01   3.455606885202560D-01
  -1.200000000000000D+01   3.433980979858047D+01   1.000000000000000D+00   4.164156941012258D+00  -2.767633822417495D+00   3.169976845843920D+01   1.732615443522196D-01  -5.287667135113836D-01   8.308948188134609D-01
   1.400000000000000D+01   3.511322199441233D+01   1.000000000000000D+00   3.643702117305145D+00  -3.423950187488407D+00   1.335852357273432D+01   1.641749183073685D-01  -7.096308069299381D-01  -6.851793298507576D-01
   2.112000000000000D+03   3.967369892231569D+02   1.000000000000000D+00  -1.635218723107725D-01  -4.997325344633317D+00   3.545106656018556D+01   1.350187186396445D-02  -2.844452923568568D-01   9.585971912707608D-01
   2.112000000000000D+03   1.620220231803342D+02   1.000000000000000D+00   4.547150583338274D+00  -2.079283910004432D+00   2.383955853096673D+01   5.390165382840416D-01  -2.536774329245730D-01   8.031867351252056D-01
   2.112000000000000D+03   9.446215951996439D+01   1.000000000000000D+00   4.854574352127476D+00   1.197124833178277D+00   2.263679738121071D+01   4.583190918726185D-01   8.754850000593996D-01   1.531979918146823D-01
   2.112000000000000D+03   6.217297373546921D+01   1.000000000000000D+00   2.346706438055309D+00  -4.415084246061151D+00   2.327430730955838D+01  -3.286533931544364D-01  -8.799494554420200D-01   3.430392150110074D-01
   2.112000000000000D+03   2.280102345415571D+00   1.000000000000000D+00   4.999932597414256D+00  -2.596203351197127D-02   2.596282895190151D+01   5.877910981419775D-01   1.557685368235424D-01   7.938751714727578D-01
   2.112000000000000D+03   9.884384372515775D+01   1.000000000000000D+00  -1.974380145012788D+00  -4.593672065616652D+00   4.535856349676410D+01  -2.075000310627649D-01  -2.860574297632086D-01   9.354757527516244D-01
   2.112000000000000D+03   1.340124947172565D+01   1.000000000000000D+00   4.592425246354614D+00   1.977278524846615D+00   2.920660489489218D+01   7.066227403884806D-01   4.259953560088925D-01   5.649887250421295D-01
   2.112000000000000D+03   6.828592179944026D+00   1.000000000000000D+00   1.271362567743144D+00   4.835663059837055D+00   3.051269245843912D+01  -2.971938960815353D-01   7.948023394765872D-01   5.291172169703245D-01
   2.112000000000000D+03   6.198709401914249D+00   1.000000000000000D+00   4.278502150515415D+00  -2.587357601078597D+00   2.839879339122595D+01   3.661199572860194D-01  -9.065893021664527D-01   2.098857166989399D-01
   2.112000000000000D+03   2.376074709558679D+00   1.000000000000000D+00   3.688041937069514D+00  -3.376143758354274D+00   2.496251092527087D+01   1.496990620555711D-01  -8.225053839353315D-01  -5.487030929538078D-01
   2.112000000000000D+03   1.666383411111610D+00   1.000000000000000D+00   4.371639104959804D+00   2.426679118667515D+00   2.864246091062955D+01   6.615905813271505D-01   6.606212407361095D-01   3.547921630863435D-01
   2.112000000000000D+03   6.311027395253035D+00   1.000000000000000D+00   4.801841932570682D+00  -1.393669280637506D+00   3.156961832927465D+01   8.645804010325229D-01  -3.170217528656453D-01   3.898691297864396D-01
   2.112000000000000D+03   2.627310142266310D+00   1.000000000000000D+00   3.427323262592202D+00  -3.640529530314534D+00   2.587477571811125D+01   3.558394501707557D-01  -6.810353341242531D-01  -6.399759053092864D-01
   2.112000000000000D+03   1.099072319697143D+00   1.000000000000000D+00  -4.003368261490604D+00  -2.995503725262756D+00   2.993776488084031D+01  -8.551209119327894D-01   2.793158936621784D-01   4.367503377479321D-01
   2.112000000000000D+03   2.333358214158579D+00   1.000000000000000D+00   1.064879874366372D-01   4.998865903185568D+00   2.896296651787853D+01  -2.253376852720053D-01   9.549720132868091D-01  -1.930061694226198D-01
   2.112000000000000D+03   2.361432384724026D+00   1.000000000000000D+00  -4.998092703484499D+00  -1.380917702488364D-01   3.174182851289153D+01  -9.638123571015746D-01  -3.617913384360102D-03   2.665570314230149D-01
   2.112000000000000D+03   1.310498475407485D+00   1.000000000000000D+00  -4.490434176108363D+00   2.199090930320363D+00   3.123986808626665D+01  -9.110418785357780D-01   3.631777668414424D-01   1.952040092468998D-01
   2.112000000000000D+03   1.050510721461761D+01   1.000000000000000D+00  -4.488737027658402D+00   2.202553042833316D+00   3.198967137339289D+01  -9.285039942912454D-01   3.700858114430766D-01   3.027911415022053D-02
   2.112000000000000D+03   1.628646277038293D+00   1.000000000000000D+00   2.605479668432687D+00   4.267490562750578D+00   3.676282878498775D+01   1.747645854344388D-01   5.706709940733619D-01   8.023664725057059D-01
   2.112000000000000D+03   4.065373238023584D+00   1.000000000000000D+00  -1.917491869395161D+00  -4.617707758156119D+00   3.295111903518049D+01  -3.880809810421765D-01  -8.059716429102390D-01  -4.469931352693377D-01
   2.112000000000000D+03   1.815627741605730D+02   1.000000000000000D+00   4.210876997151048D+00   2.696018346369867D+00   2.356867720437121D+01   8.491728637534768D-01   3.611280872275369D-01   3.853465350565639D-01
   2.112000000000000D+03   4.306367993451856D+01   1.000000000000000D+00  -4.930530936352696D+00   8.305809385916807D-01   2.644120789736020D+01  -9.873139260380804D-01   8.840956275571243D-02   1.318899566480172D-01
   2.112000000000000D+03   2.309243867855026D+00   1.000000000000000D+00   4.127810945368912D+00   2.821555742418984D+00   2.947786396399015D+01   7.063623215860098D-01   4.347744389338907D-01   5.585905995390033D-01
   2.112000000000000D+03   2.696532211272370D+00   1.000000000000000D+00   2.818224232451785D-01   4.992051294845914D+00   2.765315146113290D+01   3.135983328429525D-01   8.453233621193932D-01   4.325326566784131D-01
   2.112000000000000D+03   2.115352235902090D+00   1.000000000000000D+00   3.017883698611424D+00   3.986524550190258D+00   2.938013301100206D+01   5.136927332223218D-01   5.661168821769278D-01   6.446948514986414D-01
   2.112000000000000D+03   6.035641807195134D+00   1.000000000000000D+00  -4.873478997649137D+00   1.117677264566221D+00   2.679092566220599D+01  -7.536034135436922D-01   4.071506759981781D-01   5.160525381485120D-01
   2.112000000000000D+03   1.152000542846920D+00   1.000000000000000D+00   4.998332854102411D+00  -1.291072785571235D-01   2.808128066375933D+01   9.765326824552939D-01  -5.392942265868450D-02  -2.085078834681550D-01
   2.212000000000000D+03   1.900487910084539D+02   1.000000000000000D+00  -4.918010676572228D+00   9.017599391394283D-01   2.975161566696715D+01  -2.847487474940240D-01  -4.747861600258415D-02   9.574256795297814D-01
   2.112000000000000D+03   1.977008277613209D+00   1.000000000000000D+00  -4.893019042291726D+00   1.028768516870836D+00   2.351395987519524D+01  -9.950714094016246D-01  -9.902211459871972D-02  -5.245094075642509D-03
   2.112000000000000D+03   1.083378849033238D+00   1.000000000000000D+00  -4.886781757926800D+00   1.058000028126364D+00   1.919885944470959D+01  -8.192227371499777D-01   5.268425979126659D-01  -2.265192794468759D-01
   2.112000000000000D+03   1.416494819386993D+00   1.000000000000000D+00  -4.715980623442273D+00  -1.661182340744035D+00   2.526106442533204D+01  -8.948039715711127D-01  -4.343425833476980D-01   1.033071766694424D-01
   2.112000000000000D+03   1.165634412780294D+02   1.000000000000000D+00  -1.862127938267298D+00  -4.640310285608885D+00   4.109223753718774D+01   3.240265594719389D-01  -6.906848682063970D-01   6.464991891622837D-01
   2.212000000000000D+03   5.888490557065589D+01   1.000000000000000D+00  -4.900973558054306D+00   9.901808862834116D-01   3.668563754434455D+01  -3.053299557585302D-01   6.643523080250362D-01   6.822093732413105D-01
   2.112000000000000D+03   5.871859646297700D+01   1.000000000000000D+00   4.550405826790514D+00   2.072150289306893D+00   2.568146442031302D+01   9.420262899235674D-01   3.355218720760326D-01   3.397418348280355D-03
   2.112000000000000D+03   5.558689903159109D+00   1.000000000000000D+00   1.520202730085113D+00  -4.763295463143995D+00   2.117389098091305D+01   1.308923818828847D-01  -9.833969451811855D-01  -1.256886334293490D-01
   2.112000000000000D+03   3.408563164771283D+01   1.000000000000000D+00  -4.896131680722187D+00   1.013851357253837D+00   2.627612832863070D+01  -9.941092218812809D-01  -7.775447045408923D-02   7.550561101665139D-02
   2.112000000000000D+03   4.075746287611870D+00   1.000000000000000D+00   4.979429351036114D+00  -4.530820508499986D-01   2.076494344358239D+01   6.637287261869921D-01  -1.681688228058505D-01  -7.288233153997525D-01
   2.112000000000000D+03   1.594943731068156D+00   1.000000000000000D+00  -6.083176244173550D-01   4.962857007538454D+00   2.657708166300304D+01  -3.720673874520045D-01   9.064991444026556D-01   1.995624222941121D-01
   2.112000000000000D+03   4.188456359081055D+01   1.000000000000000D+00   4.684770719595908D+00  -1.747261661556800D+00   2.304334583196662D+01   7.508154325159876D-01  -5.993948624160088D-01   2.774923155785116D-01
   2.112000000000000D+03   6.468958894151335D+00   1.000000000000000D+00   4.421158180818806D+00   2.335243102204352D+00   2.595880140484535D+01   8.242489556057906D-01  -2.300001684706650D-01   5.174104576506247D-01
   2.112000000000000D+03   1.613229373634340D+00   1.000000000000000D+00  -4.632631162659901D+00   1.881150849900054D+00   1.773050488158168D+01  -7.364513348869169D-01   6.655243776523414D-01   1.213125471406054D-01
   2.112000000000000D+03   1.626177790938527D+00   1.000000000000000D+00   9.076346076486180D-01   4.916929878363946D+00   2.923266540003376D+01   2.239625040985931D-01   9.500846711121205D-01   2.172093793455090D-01
   2.112000000000000D+03   5.415378514762324D+00   1.000000000000000D+00  -2.541798678022392D+00   4.305724037425319D+00   2.346210526665045D+01  -1.618173126593979D-01   6.080238777793562D-01   7.772529326891249D-01
   2.112000000000000D+03   3.370706458885252D+00   1.000000000000000D+00   3.396384595406999D+00   3.669410264388452D+00   2.173690024311374D+01   9.559773139831351D-01   2.484809878242685D-01   1.560915559518396D-01
   2.112000000000000D+03   1.801996419098259D+00   1.000000000000000D+00  -4.619248987046394D+00   1.913776059024106D+00   2.146598370194499D+01  -9.656581863631228D-01  -1.301747189010609D-01   2.248528622653360D-01
   2.112000000000000D+03   8.429276567659940D+00   1.000000000000000D+00  -4.962546867724553D+00   6.108425265480960D-01   2.323988798630688D+01  -7.143687078959762D-01  -3.992407202886203D-01   5.747035726724317D-01
   2.112000000000000D+03   2.522446411644978D+00   1.000000000000000D+00   4.971551442769220D+00   5.326126743332105D-01   2.274749088177336D+01   9.288693624116990D-01  -2.579370275937254D-01   2.658386679341396D-01
   2.112000000000000D+03   1.665693571662241D+02   1.000000000000000D+00  -7.986479546994630D-01  -4.935804033217757D+00   2.410006795774864D+01  -2.058442382523268D-02  -9.969433932654527D-01  -7.536678393130430D-02
   2.112000000000000D+03   3.729520429506920D+00   1.000000000000000D+00  -1.455079537939681D-01   4.997882296015669D+00   3.371493384035072D+01   4.329643051380200D-02   9.460773371300267D-01  -3.210344082395549D-01
   2.112000000000000D+03   1.138814265174119D+00   1.000000000000000D+00   3.576230996797936D+00   3.494362869786729D+00   3.646945901318758D+01   9.863323542433158D-01   1.642363923672232D-01  -1.322476446055376D-02
   2.112000000000000D+03   2.856688966764182D+00   1.000000000000000D+00   4.611730381463842D+00   1.931823722635343D+00   2.984053610456466D+01   6.953286167658230D-01   6.211291327226964D-02  -7.160028636195239D-01
   2.112000000000000D+03   1.957062664035448D+00   1.000000000000000D+00   3.567656649134437D+00   3.503116618586318D+00   3.526205488585904D+01   8.845966250712131D-01   4.591494084544571D-01   8.167393481730707D-02
   2.112000000000000D+03   1.102597949933060D+00   1.000000000000000D+00   4.991185526167252D+00  -2.967609278414184D-01   2.427754474975389D+01   4.819393655023307D-01  -1.750110726833761D-01  -8.585485265361678D-01
   2.112000000000000D+03   4.008926691155668D+01   1.000000000000000D+00  -3.539422332492133D+00   3.531641198842291D+00   4.294270339170077D+01  -5.422206583033580D-01   1.792325429160891D-01   8.208973463648825D-01
   2.112000000000000D+03   1.745547987801272D+01   1.000000000000000D+00   8.890451884326450D-01  -4.920325056573523D+00   3.252012778873954D+01   1.263415470093605D-01  -9.344737627875646D-01   3.328612325893966D-01
   2.112000000000000D+03   3.256579383171477D+00   1.000000000000000D+00  -4.927525289253192D+00   8.482302352081159D-01   2.562451437331622D+01  -8.288490908959729D-01  -1.024942867420936D-02  -5.593783457846503D-01
   2.112000000000000D+03   4.409829220567687D+00   1.000000000000000D+00  -2.009556535368239D+00   4.578393008586412D+00   3.158270429815575D+01  -4.180954326039020D-01   8.991990455647410D-01   1.289856026508979D-01
   2.112000000000000D+03   5.350169495375098D+00   1.000000000000000D+00  -3.514535520344753D+00   3.556408312383647D+00   3.471988337301791D+01  -5.697618480945754D-01   5.836729270849480D-01   5.785303368397746D-01
   2.112000000000000D+03   4.389906480863681D+00   1.000000000000000D+00  -1.576591835142180D+00   4.744929735552025D+00   3.157377553746053D+01  -3.535425169958772D-01   9.323647852792506D-01  -7.552215467925399D-02
   2.212000000000000D+03   1.031085533440235D+02   1.000000000000000D+00  -3.766210970295937D+00  -3.288716304692021D+00   2.666415986070871D+01  -2.017157872752433D-01  -6.089302763529564D-01   7.671470913095095D-01
   2.112000000000000D+03   3.466315744057313D+00   1.000000000000000D+00  -4.987104084247066D+00   3.588772220051560D-01   2.481164264076198D+01  -7.167225391675012D-01   6.118594614019611D-01   3.345695762351859D-01
   2.112000000000000D+03   7.220884954393325D+00   1.000000000000000D+00  -9.134954350818367D-01   4.915844393181742D+00   1.654283905717804D+01  -1.689950441894246D-01   7.712788541622176D-01  -6.136526738812689D-01
   2.112000000000000D+03   1.314245665078829D+00   1.000000000000000D+00  -4.617226148667766D+00  -1.918651271483722D+00   2.546208651400049D+01  -8.172564376280504D-01  -5.109208309780615D-01   2.665554719532039D-01
   2.112000000000000D+03   2.441619451460930D+00   1.000000000000000D+00  -4.170302019838616D+00  -2.758365651341891D+00   2.971385633968564D+01  -2.623054490162228D-01  -1.785513331913240D-01   9.483223464792966D-01
   2.112000000000000D+03   2.851865854270663D+00   1.000000000000000D+00   2.500522527450798D+00   4.329825296599387D+00   2.276933586622473D+01   7.276510732505672D-01   6.607527339374436D-01  -1.842002719636729D-01
   2.112000000000000D+03   2.639440427377508D+00   1.000000000000000D+00  -4.991251630946119D+00   2.956470160230658D-01   3.233551873830155D+01  -1.414013861931743D-01   1.591302950720144D-01   9.770789104125330D-01
   2.112000000000000D+03   4.498136833083554D+01   1.000000000000000D+00   2.383464571601193D+00  -4.395349433867676D+00   2.200675172671641D+01   4.767205428562721D-01  -8.652859430386680D-01   1.549766459777213D-01
   2.112000000000000D+03   1.739735496450635D+00   1.000000000000000D+00   1.933936835506901D-02  -4.999962599740914D+00   2.336747179779139D+01  -2.863412739851598D-02  -9.977466668375158D-01  -6.067681239775966D-02
   2.112000000000000D+03   7.352470320986071D+00   1.000000000000000D+00  -4.921859713589599D+00   8.805094923072018D-01   1.396316251339329D+01  -5.729546585959356D-01   3.744143965570872D-01  -7.290657164097123D-01
   2.112000000000000D+03   2.639894500027140D+00   1.000000000000000D+00   2.714037737642751D+00  -4.199285554278525D+00   2.052812009075940D+01   5.354714046434605D-01  -5.732769401852715D-01  -6.201805581126933D-01
   2.112000000000000D+03   1.358657962061153D+00   1.000000000000000D+00   4.911013730624636D+00   9.391188128172445D-01   1.443685421127066D+01   5.578592206795485D-01   7.941827303044352D-01  -2.409707052506576D-01
   2.112000000000000D+03   6.781683591419063D+00   1.000000000000000D+00   3.246336003746416D+00  -3.802801935298299D+00   2.097927921302329D+01   8.126396698321315D-01  -4.013531265486187D-01  -4.225309868219996D-01
   2.112000000000000D+03   3.978383971443804D+00   1.000000000000000D+00   4.910213825417165D+00   9.432922114170775D-01   2.045708503949238D+01   6.131861310835741D-01   7.506913950411027D-01  -2.458967223409064D-01
   1.400000000000000D+01   2.707805425430839D+01   1.000000000000000D+00   1.908941745292043D+00  -4.621248902333340D+00   2.013878948949504D+01  -6.379240990432526D-01  -7.218017395280267D-01  -2.684307968064936D-01
  -1.200000000000000D+01   4.993373249721495D+01   1.000000000000000D+00   4.712905827526937D+00  -1.669885823679030D+00   2.193583654678785D+01   4.579872520220131D-01   3.159945707220336D-01   8.309001794797751D-01
   1.400000000000000D+01   3.703793978566408D+01   1.000000000000000D+00   4.263497288114927D+00  -2.612008973392602D+00   2.011878204662443D+01   5.791364039303692D-03  -5.354942922641438D-01  -8.445189891619298D-01
   2.112000000000000D+03   8.062199086894006D+01   1.000000000000000D+00   1.921684577100979D+00  -4.615964513807914D+00   2.604191214460158D+01  -1.210973189800783D-01  -7.655090704022148D-01   6.319266590893077D-01
   2.112000000000000D+03   8.707339208721564D+00   1.000000000000000D+00   3.428876277119421D+00  -3.639066842718294D+00   2.344726604064132D+01   4.450150046598216D-01  -8.947663602372204D-01  -3.680769234081042D-02
   2.112000000000000D+03   2.156597580285393D+00   1.000000000000000D+00   4.963596602023126D+00  -6.022530855472835D-01   2.113928710803549D+01   7.040330074527271D-01   2.675998326749008D-01  -6.578205332531308D-01
   2.112000000000000D+03   5.207303924339762D+00   1.000000000000000D+00   4.858883369589084D+00  -1.179513632183751D+00   4.286782713239376D+01   9.037221820052072D-01   4.262302862931386D-01  -4.017413095781902D-02
   2.112000000000000D+03   4.104256063266831D+01   1.000000000000000D+00  -5.274740217875555D-01   4.972099271429244D+00   2.972782803763281D+01  -5.146066198979795D-01   8.110336407206123D-01   2.782165709957711D-01
   2.112000000000000D+03   1.337705800388944D+01   1.000000000000000D+00   2.922688492404602D-01   4.991450583661148D+00   2.917694054397430D+01  -2.212958239574274D-01   9.513180229592836D-01  -2.145278012096406D-01
   2.112000000000000D+03   6.373473987472678D+00   1.000000000000000D+00   3.629202779827333D+00   3.439314930447565D+00   3.000184473396533D+01   2.839273278580818D-01   8.497503346483352D-01   4.441954989195769D-01
   2.112000000000000D+03   3.415392878272638D+00   1.000000000000000D+00   4.601989264981596D+00  -1.954915551567698D+00   2.185293524794829D+01   6.885924883216880D-01  -6.213327230492793D-01  -3.738797029729135D-01
   2.112000000000000D+03   4.027081899747941D+00   1.000000000000000D+00   4.611403083415159D-02   4.999787345865841D+00   3.044602803001276D+01  -4.341960863897658D-01   7.760339983070419D-01   4.574330465056030D-01
   2.112000000000000D+03   1.065607442827513D+00   1.000000000000000D+00  -2.462857555424714D+00   4.351359864635536D+00   4.318940802945248D+01  -5.109728276698712D-01   8.453319447939512D-01   1.559508656402159D-01
   2.112000000000000D+03   5.736659945929867D+00   1.000000000000000D+00  -4.447415731620128D+00   2.284839888219255D+00   4.112396482605114D+01  -4.714701740891071D-01   1.020490765685717D-01   8.759576821490230D-01
   2.112000000000000D+03   1.236015840876348D+00   1.000000000000000D+00   4.200560354635230D+00  -2.712064290434044D+00   2.763741960296851D+01   7.641758908076506D-01  -3.614990566400621D-01  -5.341850240849880D-01
   2.112000000000000D+03   1.463863848718802D+00   1.000000000000000D+00   4.891583270396278D+00   1.035573811285259D+00   2.762689279680177D+01   9.260005226083543D-01   3.772770312308421D-01   1.360418445541721D-02
   2.112000000000000D+03   2.837437371059082D+00   1.000000000000000D+00   4.881920771652132D+00  -1.080208121972412D+00   4.269503685563873D+01   8.684934007238390D-01   4.703352831587706D-01  -1.565373256290659D-01
   2.112000000000000D+03   1.007576587657240D+00   1.000000000000000D+00   4.541893807092409D+00  -2.090741651478065D+00   4.222967492175847D+01   7.701979689535385D-01  -2.710255944267244D-01  -5.773562295372631D-01
   2.112000000000000D+03   6.184705651396402D+01   1.000000000000000D+00   3.100145471676445D+00   3.922894092568096D+00   3.483471870611762D+01   9.298575180502185D-02   8.265703929343993D-01   5.550991222164989D-01
   2.112000000000000D+03   1.219883588729467D+01   1.000000000000000D+00  -3.640521258530203D+00  -3.427332048689634D+00   4.023005511422345D+01  -3.151428665517101D-01  -5.092659085974529D-01   8.008328215064500D-01
   2.112000000000000D+03   1.419630137322868D+01   1.000000000000000D+00  -4.987897281634647D+00  -3.476790432020912D-01   3.559749540236552D+01  -9.031193341914772D-01  -3.032928419836593D-01   3.039554576101871D-01
   2.112000000000000D+03   1.170296680467118D+00   1.000000000000000D+00  -4.763412101046006D+00  -1.519837215680865D+00   3.294005668365088D+01  -6.377376103936958D-01  -1.593838832940222D-01  -7.535831195266094D-01
   2.112000000000000D+03   4.499892818305173D+01   1.000000000000000D+00   4.579250066587286D+00  -2.007602758706657D+00   3.469746403033340D+01   7.158670824507608D-01  -6.350758838012459D-01   2.901946623863055D-01
   2.112000000000000D+03   2.732299178722243D+01   1.000000000000000D+00  -1.653408375503317D+00   4.718711768236079D+00   3.246674108619661D+01  -5.414383057160947D-02   8.153849257392067D-01   5.763817038111996D-01
   2.112000000000000D+03   7.079251873415451D+00   1.000000000000000D+00  -7.415507864276114D-01   4.944704484310350D+00   3.367800239468077D+01   3.860973361937260D-01   6.656525298861976D-01   6.386200407442706D-01
   2.112000000000000D+03   9.830490892868934D+00   1.000000000000000D+00  -2.105037578840127D+00   4.535285746373161D+00   3.195012726657549D+01  -4.403500110300030D-01   8.522889896819744D-01   2.823036412318406D-01
   2.112000000000000D+03   4.125218085601546D+00   1.000000000000000D+00  -8.124894780115348D-01  -4.933544451696563D+00   3.563273592764524D+01   8.106085283472975D-02  -8.996678021184001D-01   4.289836639886807D-01
   2.112000000000000D+03   1.889859517670743D+00   1.000000000000000D+00  -2.898898627410018D+00   4.073866315495418D+00   3.168490923058662D+01  -9.177867341086671D-01   3.935765246399591D-01   5.258355205269564D-02
   2.112000000000000D+03   2.206185932291937D+00   1.000000000000000D+00   4.614713817790184D+00  -1.924686049576398D+00   3.726657048995376D+01   8.187850729755365D-01  -5.145626927379447D-01   2.545903366483506D-01
   2.112000000000000D+03   2.302524260130223D+00   1.000000000000000D+00   4.959641461913331D+00  -6.340004543230610D-01   3.513943764012411D+01   6.724413702903174D-01  -1.116049346876665D-01   7.316877353594513D-01
   2.112000000000000D+03   1.604285204274580D+00   1.000000000000000D+00  -4.976705648879872D+00   4.820797588045390D-01   3.256586547513597D+01  -9.201126903016678D-01   2.941539045996545D-01   2.585848362812566D-01
   2.112000000000000D+03   2.748915446854198D+00   1.000000000000000D+00   4.923177343305608D+00   8.731121659884530D-01   2.925040653046076D+01   7.285379403022476D-01   4.932135420446815D-01  -4.753660394726346D-01
   2.112000000000000D+03   4.527163376845111D+00   1.000000000000000D+00   4.967246938043097D+00   5.713649125746391D-01   2.990248213695761D+01   6.008642104499905D-01   7.444113051670975D-01  -2.912284487129093D-01
   2.112000000000000D+03   1.615398705750408D+00   1.000000000000000D+00   4.806142329664017D+00   1.378766082224227D+00   2.543982024567932D+01   1.595858821534029D-01   3.431424530144923D-01  -9.256271404601948D-01
   2.112000000000000D+03   1.611392392830036D+00   1.000000000000000D+00   8.192562666460560D-01   4.932425282999234D+00   1.786025046763663D+01  -5.374861630184304D-01   3.740135148891378D-01  -7.557926403743277D-01
   2.112000000000000D+03   1.437742710191856D+00   1.000000000000000D+00  -3.581020636874440D+00   3.489454284691367D+00   3.388103681165998D+01  -6.383914065770867D-01   3.008168550762607D-01   7.084953293498532D-01
   2.112000000000000D+03   1.093691063102369D+00   1.000000000000000D+00   3.315929027437570D+00  -3.742274000449871D+00   2.938949987878389D+01   3.826560378007605D-01  -9.230250326219358D-01  -3.998932217351365D-02
   2.112000000000000D+03   1.224800003650898D+00   1.000000000000000D+00  -2.395528993937529D+00  -4.388785805663112D+00   2.739778750640050D+01  -5.498315424126708D-01  -7.007723837183913D-01  -4.545364024869153D-01
   2.112000000000000D+03   1.549535037981609D+00   1.000000000000000D+00   4.032111881846603D+00   2.956699812187025D+00   2.800353158820699D+01   2.919051185919839D-01   8.051803006763770D-01  -5.162132167452703D-01
   2.112000000000000D+03   1.186394332983947D+01   1.000000000000000D+00   1.160280581563734D+00  -4.863512000213395D+00   3.715579659596575D+01  -3.661950479272367D-01  -5.164320919897766D-01   7.740795057593449D-01
   2.112000000000000D+03   9.109873600812502D+00   1.000000000000000D+00  -3.306901857911783D+00  -3.750253339291850D+00   3.781416335306015D+01  -8.427294115541866D-01  -1.541786929035375D-01   5.157868450785574D-01
   2.112000000000000D+03   6.413440425320005D+00   1.000000000000000D+00  -4.820353148597608D+00  -1.328230225403523D+00   3.537863580584105D+01  -9.653693884777976D-01   1.643070056779268D-01   2.026453840460153D-01
   2.112000000000000D+03   1.011909784294630D+00   1.000000000000000D+00   1.279167125311607D+00  -4.833604397564109D+00   3.369623973465119D+01  -5.534125482824913D-01  -8.321809865836448D-01  -3.477581015808062D-02
   2.112000000000000D+03   4.092832283001169D+00   1.000000000000000D+00   3.084100966719008D+00  -3.935520452559529D+00   3.622688533947304D+01   3.589623830115820D-01  -4.087551866704258D-01   8.390859341883117D-01
   2.112000000000000D+03   1.024232806035798D+00   1.000000000000000D+00  -2.410066104200045D+00  -4.380819715867038D+00   2.908521390744855D+01  -7.044790698359914D-01  -7.016568681551129D-01  -1.067093226188558D-01
   2.112000000000000D+03   2.185766493227215D+00   1.000000000000000D+00   2.030447730510354D+00  -4.569166447069636D+00   2.843839659624215D+01   8.673133551314728D-01  -4.201579594446717D-01   2.668985446304964D-01
   2.112000000000000D+03   2.005641801781644D+00   1.000000000000000D+00  -7.171911770531453D-01   4.948296355833627D+00   2.758174695989859D+01   3.197144510468385D-02   9.745867650738935D-01  -2.217170810756844D-01
   2.112000000000000D+03   3.199529954667546D+00   1.000000000000000D+00  -1.564424561009785D+00  -4.748955232712711D+00   2.885267420743487D+01  -2.103188882222490D-01  -9.204178436003663D-01  -3.295405262467858D-01
   2.112000000000000D+03   5.208811809670810D+00   1.000000000000000D+00  -2.817113899372560D+00  -4.130843652970525D+00   3.762574592363938D+01  -6.892513140012791D-01  -4.165658985533580D-01   5.927946341777597D-01
   2.112000000000000D+03   1.483593184156596D+02   1.000000000000000D+00  -4.312899605258217D+00   2.529604119305687D+00   3.052298644170672D+01  -3.901195719892804D-01   4.110681217384684D-01   8.239112323796226D-01
   2.112000000000000D+03   3.278590652358207D+01   1.000000000000000D+00  -1.246164469272761D-01  -4.998446833811949D+00   2.680765178246830D+01  -3.844697994548054D-01  -9.196512906967539D-01  -8.015283417931646D-02
   2.112000000000000D+03   1.602434125889999D+00   1.000000000000000D+00  -4.791038616928440D+00  -1.430366729229207D+00   2.547454699776157D+01  -8.898433289853824D-01  -1.604085899329195D-01   4.271392444343476D-01
   2.112000000000000D+03   6.451110619444080D+00   1.000000000000000D+00  -1.320014316982095D+00   4.822609481267385D+00   1.662550560961562D+01  -1.157700568009636D-02   6.031182986707818D-01  -7.975677342696010D-01
   2.112000000000000D+03   1.271182918366208D+00   1.000000000000000D+00  -4.839507124256548D+00   1.256650627161535D+00   3.192615486571768D+01  -4.046289927578674D-01   2.223975553067714D-01   8.870257637821606D-01
   2.112000000000000D+03   2.496669687954522D+00   1.000000000000000D+00  -1.543459295753783D-01  -4.997617165823970D+00   2.566597588307806D+01  -1.121275901870207D-01  -2.081273086486125D-01  -9.716534500085601D-01
   2.112000000000000D+03   2.092204208730020D+00   1.000000000000000D+00   3.471506981269997D+00  -3.598421776413480D+00   2.276538139963083D+01   7.570813167959562D-01   4.562216858281053D-01  -4.676426553883452D-01
   2.112000000000000D+03   4.071137152309575D+00   1.000000000000000D+00   3.220611317058473D+00  -3.824612757676611D+00   3.397476036734633D+01   4.102111060159110D-01   1.169345382121960D-01   9.044629137086295D-01
   2.112000000000000D+03   1.879894818332332D+00   1.000000000000000D+00  -1.981590112184226D-01  -4.996071758299639D+00   2.694461237953283D+01  -5.461465100594241D-01  -7.595823334467302D-01   3.532119310917058D-01
   2.112000000000000D+03   1.102282481407997D+00   1.000000000000000D+00  -3.233751667209470D-03  -4.999998954754870D+00   2.730166407435152D+01   3.147485288082226D-02  -4.699846182500380D-01   8.821132536383847D-01
   2.112000000000000D+03   2.271513808763269D+01   1.000000000000000D+00  -3.177177189325913D+00  -3.860770015741449D+00   3.480670188923951D+01  -7.871038531866829D-01  -2.356514570491403D-01   5.700315035936997D-01
   2.212000000000000D+03   2.508710788425169D+01   1.000000000000000D+00   1.871647145099661D+00  -4.636478941176096D+00   3.415226362537310D+01   9.982093077191559D-02  -7.932160371049891D-01   6.007030050360035D-01
   2.112000000000000D+03   8.153184953826681D+00   1.000000000000000D+00   4.973783208004293D+00  -5.113517447113202D-01   3.488102862211662D+01   7.418750700361390D-01   3.276271541825003D-01   5.850485691813543D-01
   2.112000000000000D+03   2.282846553999565D+02   1.000000000000000D+00   3.156241691543135D+00  -3.877903865211302D+00   3.161519191642087D+01   4.679801132431815D-01  -3.890130906044199D-02   8.828823827454498D-01
   2.112000000000000D+03   1.220141193377913D+00   1.000000000000000D+00   2.123039234538643D+00  -4.526886834358166D+00   2.742721896679199D+01   9.755270556308073D-01   1.840603259576112D-01   1.202861593894561D-01
   2.112000000000000D+03   7.648536086960760D+00   1.000000000000000D+00  -1.420705295231628D+00  -4.793912438651838D+00   2.324817124087341D+01  -4.634768286219257D-01  -4.216884670230851D-01  -7.793382231805923D-01
   2.112000000000000D+03   1.506204531651861D+00   1.000000000000000D+00   4.460624253232542D+00   2.258944727233369D+00   1.753813938873706D+01   6.482395984628956D-01   7.611268604123043D-01  -2.171002864052866D-02
   2.112000000000000D+03   1.666110885270427D+00   1.000000000000000D+00   3.318246700420084D+00  -3.740219089845629D+00   2.057153880377968D+01   5.872488329555368D-01  -1.333032674568982D-01  -7.983539610208461D-01
   2.112000000000000D+03   1.322341839439559D+00   1.000000000000000D+00   8.403879355370668D-01  -4.928868848086611D+00   2.695832739101515D+01   6.716318930589226D-01  -2.745073492770130D-01   6.881542816977860D-01
   2.112000000000000D+03   1.285648103847848D+00   1.000000000000000D+00   3.639652834139246D+00  -3.428254257510634D+00   2.813466720604339D+01   9.773815741481956D-01  -1.210121214400134D-02   2.111369678200402D-01
   2.112000000000000D+03   3.731919010077758D+01   1.000000000000000D+00   4.415944492598254D+00   2.345087257773046D+00   2.717775495141627D+01   9.194110257355458D-01   3.373507140188168D-02   3.918485813594602D-01
   2.112000000000000D+03   6.481860689688146D+00   1.000000000000000D+00  -2.837105694475722D+00  -4.117138725469875D+00   1.878680118701086D+01   1.331800210944896D-01  -8.678321170445004D-01  -4.786757760816102D-01
   2.112000000000000D+03   3.491890199096815D+00   1.000000000000000D+00  -4.493876781158481D+00   2.192047326948418D+00   2.290174804650230D+01  -8.986476057581720D-01  -5.926083821814564D-02   4.346500129055421D-01
   2.112000000000000D+03   2.561763045728971D+00   1.000000000000000D+00  -4.963677418364659D+00   6.015866451871326D-01   2.118045520113263D+01  -6.177876527627860D-01  -7.332616374664020D-01  -2.840172303117158D-01
   2.112000000000000D+03   1.257499586743165D+00   1.000000000000000D+00  -4.872334695739676D+00  -1.122655164529446D+00   2.059028109603930D+01  -3.996156171928337D-01  -8.280171934642319D-01  -3.933127074265556D-01
   2.112000000000000D+03   1.176640408405216D+01   1.000000000000000D+00  -1.346406751138151D+00  -4.815307764569436D+00   3.233170187299633D+01  -5.059817195768054D-02  -7.161363374475223D-01   6.961239625108372D-01
   2.112000000000000D+03   1.451544379066718D+00   1.000000000000000D+00  -5.219491226976433D-01   4.972682286552864D+00   2.538202938617613D+01   1.471086885384574D-01   9.889061282666949D-01   2.058405288252257D-02
   2.112000000000000D+03   3.893147531571259D+02   1.000000000000000D+00   2.608818608577955D+00  -4.265450207020830D+00   4.188154971254164D+01   1.404413955792101D-01  -3.562226557238920D-02   9.894479615438367D-01
   2.112000000000000D+03   2.019012805071191D+01   1.000000000000000D+00   3.655238843549231D+00  -3.411631428495741D+00   3.431534202343311D+01   6.343041983567447D-01  -3.889560049501952D-01   6.681103278352993D-01
   2.112000000000000D+03   6.739894293984321D+00   1.000000000000000D+00   3.960865471166477D+00  -3.051482382185165D+00   3.250198578644803D+01   9.466135260724962D-01  -3.222152697922885D-01  -1.000760557166987D-02
   2.112000000000000D+03   7.086604329831289D+00   1.000000000000000D+00   3.619574835854534D+00  -3.449446045014371D+00   3.242701969340214D+01   8.378330003565841D-01  -5.437788840219114D-01  -4.837756510376486D-02
   2.112000000000000D+03   3.517907400993749D+00   1.000000000000000D+00   5.008132662350884D-02  -4.999749180253861D+00   3.699642778709125D+01  -3.443768601078230D-01  -4.760258949167738D-01   8.091995585706667D-01
   2.112000000000000D+03   5.980492111313129D+00   1.000000000000000D+00  -3.399794034250572D+00  -3.666251563960154D+00   2.452593661370487D+01  -3.788569723074362D-01  -4.077714047589914D-01  -8.307766703482480D-01
   2.112000000000000D+03   1.887719852247953D+02   1.000000000000000D+00  -3.727493777665623D+00   3.332535092005533D+00   3.746958086998708D+01  -2.850147227421228D-02   2.658310476661628D-01   9.635982151160891D-01
   2.112000000000000D+03   1.158327459024918D+00   1.000000000000000D+00  -4.750472036215179D+00   1.559812630111570D+00   3.288932400162322D+01  -8.775970589273704D-01  -1.346423694766198D-01   4.601030694352633D-01
   2.112000000000000D+03   1.321591656811694D+01   1.000000000000000D+00   8.137436403728154D-01   4.933337743416308D+00   4.753290878941674D+01   6.443432283614549D-01   1.838974769799172D-01   7.422961147851703D-01
   2.112000000000000D+03   3.936980370331119D+01   1.000000000000000D+00   9.634048656387619D-01   4.906307274674667D+00   3.527683247557231D+01   4.616334099816501D-01   7.920956179813994D-01   3.993483776896795D-01
   2.112000000000000D+03   6.116955084801226D+00   1.000000000000000D+00  -4.199627987740575D+00   2.713507834661244D+00   3.963353400418757D+01  -7.518485430578699D-01  -3.930447347123064D-01   5.293766190687790D-01
   2.112000000000000D+03   4.319053551483432D+00   1.000000000000000D+00  -3.251572143179938D+00   3.798325763623052D+00   3.285912315018978D+01  -5.387088178953845D-01   7.112490165733814D-01   4.515724149515283D-01
   2.112000000000000D+03   1.492802734703442D+02   1.000000000000000D+00  -3.369774400102691D-01   4.988631697464303D+00   2.122635525713439D+01   3.787113426414736D-01   8.295544124472064D-01   4.103866417709800D-01
   2.112000000000000D+03   2.925450872449270D+01   1.000000000000000D+00   4.751707403155994D+00   1.556045229692554D+00   4.518503432386199D+01   4.238257245741006D-02   5.313636336290082D-01   8.460829784415177D-01
   2.112000000000000D+03   2.580766307609172D+00   1.000000000000000D+00  -4.908147957044319D+00   9.539830402349571D-01   2.335054834191693D+01  -9.775367519907278D-01  -1.580410644616095D-01   1.394450445561246D-01
   2.112000000000000D+03   1.941869838777393D+00   1.000000000000000D+00  -9.431547805932187D-01   4.910240225187226D+00   2.016828066504318D+01   2.067730592149615D-01   9.767934953589199D-01   5.585131518048461D-02
   2.112000000000000D+03   1.678784402640354D+00   1.000000000000000D+00  -1.968275286889491D+00  -4.596291157417993D+00   1.779821393480123D+01  -8.927571738905468D-02  -9.123997710507769D-01  -3.994452453981140D-01
   2.112000000000000D+03   4.400273409851829D+00   1.000000000000000D+00  -4.495481984248992D+00   2.188753466513447D+00   1.512469809948973D+01  -4.392597618709107D-01   8.983475479071349D-01  -4.748133354222736D-03
   2.112000000000000D+03   1.936432545542402D+00   1.000000000000000D+00  -1.676437480203681D+00   4.710579304551294D+00   1.955137594415512D+01  -1.092785495474840D-01   9.693314465866839D-01  -2.201243858979846D-01
   2.112000000000000D+03   2.679234582500190D+00   1.000000000000000D+00  -3.754910239777765D+00   3.301613105409286D+00   2.144987309332653D+01  -9.764711458254154D-01  -1.112881942462249D-01   1.847133974345528D-01
   2.112000000000000D+03   1.582732239107031D+00   1.000000000000000D+00   4.798637580141238D+00   1.404662729497253D+00   2.065834739552191D+01   9.924191319068255D-01  -1.217681361174492D-01  -1.663693637017766D-02
   2.112000000000000D+03   1.396037618330626D+00   1.000000000000000D+00  -4.943375720794341D+00  -7.503575724748714D-01   2.080714857758181D+01  -2.647509261703482D-01  -5.942683994594710D-01   7.594419112057365D-01
   2.112000000000000D+03   6.421211410280292D+00   1.000000000000000D+00  -2.586109540930328D+00   4.279256647141839D+00   2.165937704889951D+01  -3.979709184264969D-01   9.043737450781025D-01   1.540366102593084D-01
   2.112000000000000D+03   1.366009067532673D+00   1.000000000000000D+00  -2.827189422726455D+00   4.123954410049520D+00   2.237038205658109D+01  -4.251618142086088D-01   6.958382333749611D-01   5.788320868027772D-01
   2.112000000000000D+03   1.164519538283798D+00   1.000000000000000D+00  -2.777176775673432D+00   4.157798595934000D+00   1.889582670459795D+01  -3.842070836850213D-01   6.682135105882927D-01  -6.370836845450687D-01
   2.112000000000000D+03   1.770471690033673D+00   1.000000000000000D+00  -4.991945270480143D+00  -2.836942417129149D-01   1.901966300256556D+01  -5.837271035774130D-01  -7.442417710774579D-01  -3.246026104833615D-01
   2.112000000000000D+03   1.495802200348180D+00   1.000000000000000D+00  -3.020721038612050D+00  -3.984375034541505D+00   4.186031917520652D+01  -8.838263606160078D-01  -4.582240565441112D-01  -9.424265639571902D-02
   2.112000000000000D+03   3.070484306740468D+00   1.000000000000000D+00   4.998491643123106D+00  -1.228059578645617D-01   4.263927324067296D+01   9.596341326109076D-01  -2.651395717423267D-01  -9.382611056846883D-02
   2.112000000000000D+03   1.662278656345165D+00   1.000000000000000D+00  -3.867194548196522D+00   3.169354245601806D+00   1.385698106358131D+01  -5.460501382270301D-01   5.508580472203283D-01  -6.311772004396610D-01
   2.112000000000000D+03   3.054333196822995D+00   1.000000000000000D+00  -4.211823071775099D+00   2.694540113068048D+00   3.349813353043126D+01  -8.678901741697540D-01   2.892878562181729D-01   4.038306350740217D-01
   2.112000000000000D+03   1.005527202847929D+00   1.000000000000000D+00   4.373289864735988D-01  -4.980837616875928D+00   2.730621331580775D+01   1.315560830564036D-01  -8.011942662753478D-01   5.837642886459942D-01
   2.112000000000000D+03   1.139065135204078D+00   1.000000000000000D+00  -3.940771779917007D+00  -3.077388143482941D+00   2.046355640243142D+01  -6.732210959147590D-01  -2.816711317712146D-01  -6.836919844067605D-01
   2.112000000000000D+03   4.381863970959216D+00   1.000000000000000D+00  -2.917090869388826D+00  -4.060859621814942D+00   2.750845691380890D+01  -6.846501055288710D-01  -5.373597320081158D-01   4.924416223426606D-01
   2.112000000000000D+03   1.503743955869709D+00   1.000000000000000D+00   1.127113416918657D-01   4.998729454623998D+00   2.812219350182767D+01  -1.077234923144513D-01   7.097603150971197D-01   6.961579880435300D-01
   2.112000000000000D+03   5.952650225062717D+01   1.000000000000000D+00  -1.778678979075762D-01  -4.996835300421165D+00   2.873067993316495D+01   1.076780929202354D-02  -8.650436723433365D-01  -5.015809996618741D-01
   2.112000000000000D+03   1.380195984674479D+00   1.000000000000000D+00  -1.122354268477322D+00   4.872404016984479D+00   3.397082783159842D+01  -1.746203435015022D-01   8.521236132943724D-01   4.933488454446406D-01
   2.112000000000000D+03   1.162040083177442D+01   1.000000000000000D+00  -1.841089375719141D+00   4.648697658351189D+00   3.394952530486363D+01  -6.603969931743559D-01   6.145833766012274D-01   4.314662033250154D-01
   2.112000000000000D+03   3.540481668692030D+00   1.000000000000000D+00  -4.705941795360872D+00  -1.689411680942958D+00   4.196211920418887D+01  -7.710203219656118D-01  -5.250541481097065D-01   3.603412336505977D-01
   2.112000000000000D+03   4.080438938510042D+00   1.000000000000000D+00  -8.910679725614044D-01   4.919959133721927D+00   3.375880656415116D+01   4.297337215476538D-03   9.376267868320969D-01   3.476169465198349D-01
   2.112000000000000D+03   5.371883102986544D+00   1.000000000000000D+00  -2.612109033511636D+00   4.263435985707715D+00   3.290937682259106D+01  -9.350976828457853D-01   2.692022649614703D-01  -2.304831101752514D-01
   2.112000000000000D+03   1.963288600062710D+02   1.000000000000000D+00   4.423288888452885D+00   2.331204712872526D+00   3.322406095774471D+01   4.087880949873267D-01   8.868046761752663D-02   9.083105570562136D-01
   2.112000000000000D+03   1.880208743859313D+01   1.000000000000000D+00  -3.481827231031601D+00   3.588436866144091D+00   2.250683393281917D+01  -3.930718105734697D-01   8.803264958157271D-01   2.655556674170164D-01
   2.112000000000000D+03   1.625073219563134D+01   1.000000000000000D+00  -1.017578557053913D+00  -4.895358402170731D+00   4.677191175434178D+01  -3.951549336854296D-02  -5.514487504962234D-01   8.332723452509359D-01
   2.112000000000000D+03   1.227884516926028D+01   1.000000000000000D+00  -2.533667816769611D+00   4.310513588654844D+00   3.304526654367618D+01  -8.780360982284594D-01  -8.550704192705938D-02   4.708939965519068D-01
   2.112000000000000D+03   1.135690719862222D+01   1.000000000000000D+00   3.947096958821479D+00   3.069271184353568D+00   2.758416129132880D+01   5.421231920157487D-01   1.891801161649462D-01  -8.187266505534512D-01
   2.112000000000000D+03   1.294943698932457D+00   1.000000000000000D+00   4.949649689941278D+00   7.077908963368131D-01   3.477142823873059D+01   6.558307563188479D-01  -2.961377989058976D-01   6.943978853117412D-01
   2.112000000000000D+03   2.177646156550139D+00   1.000000000000000D+00   1.358316261867766D+00  -4.811961859720427D+00   3.915912711366844D+01  -3.793124474675127D-01  -7.989416836517678D-01   4.667057459683612D-01
   2.112000000000000D+03   2.603507507439429D+00   1.000000000000000D+00   4.881045201773712D+00   1.084157620075308D+00   4.288066696337907D+01   7.024786149155817D-01   3.129981736374765D-02   7.110162565084444D-01
   2.112000000000000D+03   1.487895870893226D+00   1.000000000000000D+00   2.796311673703576D+00   4.144953682904202D+00   4.046734883302362D+01   5.373796479260619D-01   8.331381863045444D-01   1.307817896958019D-01
   2.112000000000000D+03   1.131487987473861D+00   1.000000000000000D+00  -2.391302829628519D+00   4.391089930817937D+00   3.320655798523271D+01  -5.922913307767549D-01   7.826565731095303D-02   8.019136277507604D-01
   2.112000000000000D+03   1.304617127889856D+00   1.000000000000000D+00   1.278519834599487D+00   4.833775650768448D+00   3.362620961478097D+01   5.211094857532509D-01   8.372065585797296D-01   1.659219157587937D-01
   2.112000000000000D+03   9.070774772197633D+01   1.000000000000000D+00  -4.987827823777501D+00   3.486740741582193D-01   3.237942073866146D+01  -9.695283840517914D-01  -4.674982896798258D-02   2.404769552563948D-01
   2.112000000000000D+03   1.127350990016236D+01   1.000000000000000D+00   4.221376351003168D+00   2.679548789072938D+00   3.011145710584040D+01   7.341573022858561D-01   6.778673718953308D-01  -3.884432545522939D-02
   2.112000000000000D+03   2.204526119694151D+00   1.000000000000000D+00  -2.605180798701131D+00  -4.267673021209204D+00   3.027872789030897D+01  -4.787069378928294D-01  -8.650767115009756D-01  -1.499398240359400D-01
   2.112000000000000D+03   1.663497622526489D+00   1.000000000000000D+00   3.561144595591888D+00   3.509736340177190D+00   2.677943612323321D+01   7.975830999906723D-01   3.694112911624926D-01  -4.768610872895048D-01
   2.112000000000000D+03   8.586004989711455D+00   1.000000000000000D+00   4.916249112264707D+00  -9.113148037301848D-01   2.117904850654545D+01   6.334778577621297D-01   4.868605453525066D-01  -6.013922290021403D-01
   2.112000000000000D+03   4.179358042597281D+00   1.000000000000000D+00   4.003648116174658D+00   2.995129674309724D+00   2.769687036371251D+01  -2.098392580114500D-02   7.090810659449694D-01   7.048146683890156D-01
   2.112000000000000D+03   6.532319199832770D+00   1.000000000000000D+00   4.831234234667003D+00  -1.288089973309769D+00   2.400606724185769D+01   9.125410143781030D-01  -2.881107890168495D-01   2.902775746244809D-01
   2.112000000000000D+03   3.467857454631257D+00   1.000000000000000D+00   3.428997593695227D+00  -3.638952529263126D+00   2.350197213215718D+01   1.928406513823981D-01  -8.897706372618243D-01   4.136673739142349D-01
   2.112000000000000D+03   1.999254705575368D+00   1.000000000000000D+00   4.653564658596007D+00  -1.828752573477847D+00   2.190916278733847D+01   8.195059732862255D-01   2.437809837302249D-01  -5.186335813652255D-01
   2.112000000000000D+03   2.013209091917316D+01   1.000000000000000D+00  -2.165106948425325D+00   4.506918227516574D+00   2.935658199036277D+01  -6.654745556478388D-01   5.279787622684901D-01   5.276192210095692D-01
   2.112000000000000D+03   3.528197616993745D+00   1.000000000000000D+00   4.261701660884238D+00  -2.614937659450403D+00   2.838922232768640D+01   5.923788041754594D-01  -7.928177360785796D-01   1.432738277665813D-01
   2.112000000000000D+03   1.972774764553225D+00   1.000000000000000D+00   4.437281851556373D+00   2.304458673699364D+00   2.654258031242241D+01   9.793879698963592D-01   5.384125621076490D-02  -1.946800543248716D-01
   2.112000000000000D+03   1.785811418702679D+00   1.000000000000000D+00  -1.405273439345116D+00   4.798458770258238D+00   2.901814976301926D+01   5.235449757227451D-03   9.598678076762223D-01   2.804039619061797D-01
   2.112000000000000D+03   2.542917596192524D+00   1.000000000000000D+00  -7.753540373634232D-01   4.939516790557897D+00   2.852061625595783D+01   5.142860787933589D-01   8.357754300480792D-01  -1.923259204769313D-01
   2.112000000000000D+03   4.198070986432151D+01   1.000000000000000D+00  -3.858818116511403D+00  -3.179547570516491D+00   2.133396698983014D+01  -8.920039682424304D-01  -4.103992977165077D-01  -1.894764815842703D-01
   2.112000000000000D+03   1.416081001395981D+01   1.000000000000000D+00  -3.832726471519562D+00  -3.210951230427381D+00   2.168396929889841D+01  -8.874440622952164D-01  -4.464795546953100D-01   1.144510530141223D-01
   2.112000000000000D+03   1.430775401830878D+00   1.000000000000000D+00  -4.712195024073496D+00  -1.671890565282990D+00   2.218734244678619D+01  -9.016944189483164D-01   3.925566045967115D-01   1.812359981487100D-01
   2.112000000000000D+03   2.135830346925104D+00   1.000000000000000D+00  -3.758460309823957D+00  -3.297571243936087D+00   2.117737081341282D+01  -7.990081300324539D-01  -5.079666031904361D-01  -3.218010848104955D-01
   2.112000000000000D+03   1.679783464189882D+00   1.000000000000000D+00  -1.994262658335601D+00  -4.585075403696579D+00   2.143316200536972D+01   1.715704522703725D-01  -9.486692732248866D-01  -2.656881441590978D-01
   2.112000000000000D+03   1.790494858786795D+00   1.000000000000000D+00  -2.786474640621686D+00  -4.151573085393280D+00   2.346523388636395D+01  -3.445857929919924D-01  -5.141753448492429D-01   7.854198533378450D-01
   2.112000000000000D+03   1.833545218263112D+00   1.000000000000000D+00  -3.435069660632348D-01  -4.988186340544104D+00   2.091815680608524D+01   8.842558318340179D-01  -4.342498807488944D-01  -1.718099675138205D-01
   2.212000000000000D+03   1.650302469007891D+02   1.000000000000000D+00   3.858249630687234D+00  -3.180237380146703D+00   2.784717331398779D+01   7.888221115206185D-01  -1.090477954138872D-01   6.048704445511650D-01
   2.112000000000000D+03   1.069552290811881D+01   1.000000000000000D+00   1.856350774537009D+00   4.642624452921527D+00   2.774235823508431D+01  -4.865115513872970D-02   9.875538693750168D-01   1.495674436035448D-01
   2.112000000000000D+03   3.031589546993132D+00   1.000000000000000D+00   3.476892663379260D+00  -3.593218252888902D+00   2.853017088152530D+01   5.222107118015716D-01  -2.676092649802808D-01   8.097414734200106D-01
   2.112000000000000D+03   5.249732289925532D+00   1.000000000000000D+00   2.990157336177563D+00  -4.007363112212253D+00   2.749959635016966D+01   4.802921751063592D-01  -6.667320696649409D-01   5.699015474728131D-01
   2.112000000000000D+03   1.681295412932741D+00   1.000000000000000D+00   4.105108052434788D+00  -2.854485572612847D+00   2.416080612019248D+01   8.940450171689540D-01   1.612339129862213D-01  -4.179558978869859D-01
   2.112000000000000D+03   1.271511863162238D+02   1.000000000000000D+00   4.971942170057677D+00  -5.289528013777691D-01   2.628664144405193D+01   7.948823719615044D-01  -5.473121443245088D-01   2.619378388468548D-01
   2.112000000000000D+03   4.935665296577463D+01   1.000000000000000D+00  -3.687401395150930D+00   3.376843341837460D+00   2.901329003954402D+01  -6.114177773656192D-01  -3.495445582924227D-02   7.905355700656157D-01
   2.112000000000000D+03   1.062136766335016D+00   1.000000000000000D+00  -4.856940068087863D+00   1.187490287375120D+00   2.439182577545769D+01  -8.928161587510453D-01  -4.484766333309898D-01  -4.180928161460480D-02
   2.112000000000000D+03   5.500692263660540D+00   1.000000000000000D+00  -3.872865108402252D+00   3.162422466645247D+00   2.153010176147808D+01  -7.290688638511914D-01  -3.557133682404290D-02  -6.835153778513571D-01
   2.112000000000000D+03   1.463173439747948D+00   1.000000000000000D+00   1.993253028635372D+00   4.585514406274751D+00   2.385978260737415D+01   9.263036156654535D-01   2.861894843462515D-01  -2.450656864082250D-01
   2.112000000000000D+03   1.821324183556779D+01   1.000000000000000D+00   1.847613810791426D-01   4.996585158040530D+00   2.828234026613038D+01   2.951716119835721D-01   9.386517291754598D-01  -1.783441919293666D-01
   2.112000000000000D+03   1.657821133921857D+00   1.000000000000000D+00  -4.574711308793875D+00   2.017923796991748D+00   2.636930041760107D+01  -7.951781981683619D-01   4.947494237921339D-01  -3.505918436231352D-01
   2.112000000000000D+03   4.635749212522910D+00   1.000000000000000D+00   4.577974426428978D+00   2.010509925586528D+00   2.883387538924593D+01   8.878921790959167D-01   4.452075541803299D-01   1.159211456166364D-01
   2.112000000000000D+03   1.780039328286631D+00   1.000000000000000D+00   8.098789167955776D-01   4.933973667005223D+00   2.217768935587167D+01   1.504763131626685D-01   6.411879597710045D-01  -7.524858001462003D-01
   2.112000000000000D+03   3.730841394205186D+00   1.000000000000000D+00   4.267074841500317D+00  -2.606160452818266D+00   3.085737514930299D+01   8.135952594376397D-01  -3.559882497065344D-01   4.597119966799625D-01
   2.112000000000000D+03   2.105965209533446D+01   1.000000000000000D+00  -2.354814266085697D+00  -4.410765214933321D+00   2.828307293036636D+01  -7.851833728728490D-01  -6.040423966493157D-01   1.364545859037630D-01
   2.112000000000000D+03   1.473614314839500D+00   1.000000000000000D+00   2.153347875699243D+00  -4.512548385520170D+00   2.158557409055257D+01   3.383244862849446D-01  -4.412218300191936D-01  -8.311797872268925D-01
   2.112000000000000D+03   1.215488828537445D+00   1.000000000000000D+00  -2.235970949810236D+00  -4.472184468527573D+00   2.692006748987118D+01  -7.567494079626952D-01  -6.205475436824084D-01  -2.055506739902345D-01
   2.112000000000000D+03   3.340499085166357D+00   1.000000000000000D+00  -5.878347012937990D-01  -4.965324800347207D+00   2.660877316314624D+01  -3.953787060420138D-01  -8.582883010220705D-01  -3.271343319451362D-01
   2.112000000000000D+03   1.374096990051385D+00   1.000000000000000D+00   3.577280075122449D+00   3.493288890560633D+00   2.904151693346044D+01   3.628824673369732D-01   8.854315930908117D-01   2.903914751780741D-01
   2.112000000000000D+03   3.138885641225784D+00   1.000000000000000D+00   4.696852605181087D+00  -1.714519061187130D+00   2.725262587803700D+01   3.083633514970727D-01  -8.963719804930833D-01  -3.184796948635817D-01
   2.112000000000000D+03   1.084105706053492D+01   1.000000000000000D+00   4.969611514674601D+00   5.504192944548444D-01   2.941884198424307D+01   7.034126109048349D-01  -4.513085804633677D-01   5.491186247252805D-01
   2.112000000000000D+03   2.740252775013663D+00   1.000000000000000D+00  -6.070974647992369D-01   4.963006415021380D+00   3.046298428700638D+01  -5.161167192581924D-01   6.732175172317441D-01   5.295297032221015D-01
   2.112000000000000D+03   5.802989802656384D+00   1.000000000000000D+00   4.768570209132023D+00   1.503575129336656D+00   2.788250417768015D+01   9.197219312931054D-01   6.971686056392287D-02  -3.863303359193926D-01
   2.112000000000000D+03   1.216477195531411D+00   1.000000000000000D+00   4.993692817594498D+00   2.510618410698782D-01   3.063238547883223D+01   4.744332920122514D-01  -4.024307084713640D-01   7.829192655118750D-01
   2.112000000000000D+03   1.279601974374156D+00   1.000000000000000D+00   2.811256212068693D+00   4.134832344287116D+00   2.540751772785199D+01  -1.265542866465629D-01   7.218261498774301D-01  -6.804050425184291D-01
   2.112000000000000D+03   4.960070404133944D+00   1.000000000000000D+00  -3.451716807313480D+00  -3.617409444607758D+00   2.961024648154021D+01  -1.113096663071801D-01  -9.757471482690085D-01  -1.884878267461370D-01
   2.112000000000000D+03   4.269772847177999D+00   1.000000000000000D+00  -1.161806674664671D+00   4.863147669538319D+00   3.880004291425060D+01   1.652714410586799D-01   5.567784468007164D-01   8.140535068093305D-01
   2.112000000000000D+03   1.605552660081836D+01   1.000000000000000D+00  -5.216745138167256D-01   4.972711102426381D+00   3.019841746094037D+01   4.244622874299075D-01   7.041817680603601D-01   5.691746692195253D-01
   2.112000000000000D+03   1.234470345409454D+01   1.000000000000000D+00   4.043646524815891D+00  -2.940905097154357D+00   3.247400659582944D+01   7.209447686613480D-01  -3.899503440366084D-01   5.728676720897828D-01
   2.112000000000000D+03   1.457553027217284D+00   1.000000000000000D+00  -2.013706758951681D+00  -4.576569140483818D+00   2.583801240307916D+01   4.432530105175281D-02  -9.674266418975764D-01   2.492407675992233D-01
   2.112000000000000D+03   6.640916760926929D+00   1.000000000000000D+00   4.592124600895276D+00   1.977976657609633D+00   3.157977101883527D+01   8.277946950283306D-01   1.500255113325235D-01   5.405999341771771D-01
   2.112000000000000D+03   7.058300225464336D+00   1.000000000000000D+00  -3.967584558933190D+00  -3.042740996848798D+00   2.998940557306378D+01  -1.908222911307973D-01  -7.682683790953777D-01   6.110241819189766D-01
   2.112000000000000D+03   1.909307035294128D+00   1.000000000000000D+00   3.147585813584555D+00   3.884932889222723D+00   2.889811187962221D+01   8.552000896442635D-01   2.908075122682791D-01   4.290265696676355D-01
   1.400000000000000D+01   3.132621869427952D+01   1.000000000000000D+00   1.196199333189244D+00   4.854802484433911D+00   2.455154677903601D+01   6.949511664119892D-01   6.102678571066895D-01  -3.802841291521708D-01
  -1.200000000000000D+01   7.374222659056008D+00   1.000000000000000D+00   3.864175489448291D+00  -3.173034477215285D+00   3.541136295449527D+01   5.871939742893085D-01  -3.642894568732766D-01   7.228391440488678D-01
   1.400000000000000D+01   5.382029889070275D+01   1.000000000000000D+00  -4.971175092939798D+00   5.361139812787402D-01   2.948381683680890D+01  -5.813828786933160D-01  -1.797759890933537D-01   7.935203476331147D-01
   2.112000000000000D+03   2.661714016240807D+01   1.000000000000000D+00   4.476606418733081D+00  -2.227104617814474D+00   3.489274099210343D+01   5.061180310192399D-01  -5.391282401365408D-01   6.731903737907160D-01
   2.112000000000000D+03   5.929764646096331D+00   1.000000000000000D+00   8.444796395086924D-01  -4.928169451959670D+00   3.227650899824422D+01   3.700115380846482D-01  -8.267043446435540D-01   4.238530266869694D-01
   2.112000000000000D+03   1.219014297321223D+00   1.000000000000000D+00  -9.136546850740941D-01  -4.915814797741746D+00   2.708959447877579D+01   1.786862381483151D-01  -9.745167677047648D-01  -1.356034577680876D-01
   2.112000000000000D+03   1.854827026940256D+00   1.000000000000000D+00  -3.802124289507185D+00   3.247129639097592D+00   2.624223650558373D+01  -9.748658056529276D-01  -2.227421623694329D-01   4.752901393644815D-03
   2.112000000000000D+03   8.790309017154868D+00   1.000000000000000D+00  -2.690462205978176D+00   4.214429157723436D+00   3.038739419639091D+01  -2.252850063839410D-02   8.477064918509238D-01   5.299869529835480D-01
   2.112000000000000D+03   2.917865266062303D+00   1.000000000000000D+00  -4.983032112362280D+00   4.115713492366883D-01   3.056964112702277D+01  -8.638602517845498D-01  -3.196182516544747D-01   3.893451407120307D-01
   2.112000000000000D+03   1.129724114697979D+00   1.000000000000000D+00  -4.542517452946376D+00  -2.089386320761884D+00   2.982634824877259D+01  -4.630697924036372D-01  -8.381195550595449D-01   2.883088253766140D-01
   2.112000000000000D+03   1.128147230931696D+01   1.000000000000000D+00   4.476108912188796D+00   2.228104354473968D+00   2.862650936658327D+01   7.599636966256671D-01   3.138246543184560D-01  -5.691829812573039D-01
   2.112000000000000D+03   1.175015921283830D+00   1.000000000000000D+00   4.983200216404851D+00   4.095309645773627D-01   2.977058800493529D+01   7.996684267773253D-01  -2.988892351365704D-01  -5.207644691556376D-01
   2.112000000000000D+03   2.430818862132128D+00   1.000000000000000D+00   3.745052818619340D+00   3.312790273197475D+00   3.157930648171868D+01   3.408181917699439D-01   8.886304975035147D-01  -3.068856449319864D-01
   2.112000000000000D+03   1.152421614143350D+00   1.000000000000000D+00   4.978775988300101D+00  -4.602061138953453D-01   3.208536826501256D+01   8.505219178451507D-01  -5.119197803143180D-01  -1.206258918638424D-01
   2.112000000000000D+03   1.903379301763800D+01   1.000000000000000D+00  -1.028403985949517D+00   4.893095671289085D+00   4.330698666103347D+01  -1.059667444013427D-01   6.628621400091113D-01   7.412049867772895D-01
   2.112000000000000D+03   2.146238026771016D+00   1.000000000000000D+00   2.299127769798874D-01   4.994711215228119D+00   4.156085164515299D+01   1.692516137908670D-01   8.475285956248877D-01   5.030399296549856D-01
   2.112000000000000D+03   1.070986108673839D+02   1.000000000000000D+00   3.336257433554632D+00  -3.724162502571067D+00   2.154274498135197D+01   2.593682080762092D-01  -9.095056330935288D-01   3.248501747120901D-01
   2.112000000000000D+03   1.948639099632798D+02   1.000000000000000D+00  -4.797653721919448D+00  -1.408019448968605D+00   3.953430238250920D+01  -3.710982919072749D-01  -1.990670078564591D-01   9.070051731531521D-01
   2.212000000000000D+03   2.554591068241315D+02   1.000000000000000D+00   3.349344965221141D+00   3.712396571756534D+00   3.001167070504008D+01   2.492221912346976D-01   5.015770250235854D-02   9.671465784853197D-01
   2.112000000000000D+03   9.691777303860479D+01   1.000000000000000D+00  -4.988233166245446D+00  -3.428263156455016D-01   3.079473064142499D+01  -3.576411686995630D-01   5.522168109538404D-02   9.322249516013881D-01
   2.112000000000000D+03   7.145328884960112D+00   1.000000000000000D+00   4.777700594405109D+00  -1.474305612161005D+00   3.043486728212777D+01   8.979392583381162D-01   2.549680944161759D-01  -3.587427478918261D-01
   2.112000000000000D+03   6.094012800004975D+00   1.000000000000000D+00  -4.016713709412733D-01   4.983839896866397D+00   2.459168086512319D+01   4.566559060635173D-01   8.224535204136129D-01  -3.391689700084061D-01
   2.112000000000000D+03   1.984321246952391D+00   1.000000000000000D+00  -4.837657323994750D+00  -1.263752992175492D+00   2.713733620338088D+01  -8.784050003315911D-01  -4.485483329338993D-01   1.649516547800515D-01
   2.112000000000000D+03   1.376261690507052D+01   1.000000000000000D+00   4.851458403253309D+00   1.209690609173093D+00   2.272282372093915D+01   7.621081152459951D-01   4.232696773548010D-01  -4.899326493592356D-01
   2.112000000000000D+03   3.052156572261538D+00   1.000000000000000D+00  -4.879839062103712D+00   1.089573648199610D+00   2.812641758001139D+01  -5.567627032925152D-01   6.655908331495789D-01   4.969951056596635D-01
   2.112000000000000D+03   2.415133870467116D+00   1.000000000000000D+00  -4.413384764820095D+00  -2.349901045788194D+00   2.790823916610046D+01  -4.115272378545196D-01  -7.894198650475129D-01   4.554795375998753D-01
   2.112000000000000D+03   1.246666419330356D+00   1.000000000000000D+00   1.920533800195948D+00   4.616443428786864D+00   2.869706987555960D+01   7.641204167845979D-01   6.443778531790012D-01   2.995281264513078D-02
   2.112000000000000D+03   6.703554480871365D+01   1.000000000000000D+00  -4.810157042422120D+00  -1.364693825154973D+00   2.565836495513703D+01  -8.896849924132185D-01  -2.272226585881599D-01   3.960182795008589D-01
   2.112000000000000D+03   4.744130749051531D+01   1.000000000000000D+00   4.566637068767927D+00  -2.036130126525249D+00   2.351510809737258D+01   9.288929371958888D-01  -3.696260364506932D-01  -2.311935131756976D-02
   2.112000000000000D+03   6.451807716541857D+00   1.000000000000000D+00   4.789889809603586D+00   1.434209057901520D+00   2.412617491861827D+01   9.120159374891172D-01   4.093251623615646D-01   2.607376504314132D-02
   2.112000000000000D+03   6.430448096836699D+00   1.000000000000000D+00  -5.661447175870390D-01  -4.967844619641725D+00   2.958306341288970D+01  -1.270217956828891D-01  -6.050033293669218D-01   7.860257215107114D-01
   2.112000000000000D+03   1.168048814753956D+01   1.000000000000000D+00  -3.636604417616827D+00  -3.431487770481163D+00   2.153449130763111D+01  -7.371858845398612D-01  -5.581104726445811D-01  -3.808801280713192D-01
   2.112000000000000D+03   1.027128953755005D+01   1.000000000000000D+00  -2.132832839003162D+00  -4.522280849856911D+00   1.293044133257954D+01  -2.155453488889316D-01  -3.530725113400898D-01  -9.104284729226954D-01
   2.112000000000000D+03   5.260397717913179D+00   1.000000000000000D+00   4.926630981206780D+00   8.534091543178273D-01   2.244797383928052D+01   9.363093068867268D-01   2.544159899200638D-01  -2.420689693254622D-01
   2.112000000000000D+03   1.320285232513426D+02   1.000000000000000D+00  -3.951848752967666D+00   3.063150574602295D+00   2.238337898810340D+01  -9.542696681578134D-01   2.409624766827548D-01   1.769363876224709D-01
   2.112000000000000D+03   7.783106327389638D+01   1.000000000000000D+00   3.586465903028997D+00  -3.483857392834259D+00   3.051295290137222D+01   5.059309846459353D-01  -5.118611597407435D-01   6.942852381579601D-01
   2.112000000000000D+03   2.048282161103387D+01   1.000000000000000D+00  -3.811741973660703D+00   3.235834224802848D+00   2.310023293340978D+01  -5.270492826737569D-01   2.384153468857214D-02   8.495002265195533D-01
   2.112000000000000D+03   2.937101711030323D+00   1.000000000000000D+00  -4.905841587839431D+00   9.657734317176229D-01   2.107275348075824D+01  -7.604286699335603D-01  -5.563120355098714D-01  -3.350599305944236D-01
   2.112000000000000D+03   7.142584520612122D+00   1.000000000000000D+00  -3.756104180551511D+00   3.300254746807230D+00   2.269901628176273D+01  -8.383961048272129D-01   4.063310248583448D-01  -3.633002472447879D-01
   2.112000000000000D+03   7.667595711640007D+01   1.000000000000000D+00  -1.732635076100265D+00   4.690199963694227D+00   2.977290832873268D+01   2.053234769186742D-01   7.549570007321394D-01   6.228018921547678D-01
   2.112000000000000D+03   4.680181253800764D+01   1.000000000000000D+00  -4.563312000896403D+00   2.043571283729162D+00   2.642674629103115D+01  -6.829744701045927D-01   7.277281560956734D-01   6.290949062694881D-02
   2.112000000000000D+03   1.702270084301858D+00   1.000000000000000D+00  -4.153400691005164D+00  -2.783749756560108D+00   4.659262262981653D+01  -5.120344399774670D-01  -5.275724812017010D-01  -6.778554487172334D-01
   2.112000000000000D+03   1.449441112955885D+01   1.000000000000000D+00   4.071005658709254D-01  -4.983399355571907D+00   2.920171140977410D+01   4.617789984871974D-01  -7.495845367141548D-01   4.742184927596001D-01
   2.112000000000000D+03   6.588389214749024D+00   1.000000000000000D+00   3.737001830463851D+00   3.321869553139326D+00   2.356301432565211D+01   8.417876798070683D-01   4.022927736084331D-01  -3.599361421522804D-01
   2.112000000000000D+03   2.405321299154939D+00   1.000000000000000D+00  -2.179262055090019D+00   4.500090766009730D+00   2.881309453209224D+01   4.090875455449977D-03   7.887666190867687D-01   6.146791727010412D-01
   2.112000000000000D+03   2.530269516084786D+00   1.000000000000000D+00  -4.503954029888581D+00   2.171266474866378D+00   2.694622816291610D+01  -5.482342518505956D-01   7.575776114658364D-01   3.542814808927162D-01
   2.112000000000000D+03   1.833699115506306D+00   1.000000000000000D+00   5.437934714887120D-01   4.970340900188986D+00   2.401456459396264D+01   8.264828673099404D-01   2.843193040949374D-01  -4.858894970691483D-01
   2.112000000000000D+03   2.926293325959395D+00   1.000000000000000D+00  -4.781743547554318D+00  -1.461139505414077D+00   2.591324089990214D+01  -7.220327874838639D-01  -6.686197978503342D-01  -1.778095040228719D-01
   2.112000000000000D+03   1.003833986373820D+00   1.000000000000000D+00  -3.465742721099989D+00   3.603973834580431D+00   2.569133696106761D+01  -3.670589310481700D-01   9.231011936938148D-01  -1.146818527005441D-01
   2.112000000000000D+03   1.484578057759727D+00   1.000000000000000D+00  -4.895555860658188D+00  -1.016628163558007D+00   2.628729141014611D+01  -6.568326813129188D-01  -6.555680687832569D-01   3.725605131399092D-01
   2.112000000000000D+03   3.431682453826190D+00   1.000000000000000D+00  -1.148190133636948D+00   4.866380526034848D+00   2.834690080183103D+01  -5.098207741220049D-01   6.145938891639877D-01  -6.019610699006402D-01
   2.112000000000000D+03   3.307760187988951D+00   1.000000000000000D+00   4.994325151685270D+00   2.381518166686191D-01   2.188046032443118D+01   8.640567311595431D-01  -1.933456121457739D-01   4.647832178573807D-01
   2.112000000000000D+03   3.812259488918357D+00   1.000000000000000D+00   4.807115371347177D+00  -1.375369700738387D+00   2.247380895528557D+01   5.560769818973013D-01  -6.562816549380719D-01   5.099733126309005D-01
   2.112000000000000D+03   3.708288015156325D+00   1.000000000000000D+00  -2.444663319772205D+00   4.361607646333628D+00   2.219443334980803D+01  -6.007646546684532D-01   5.340104574296712D-01   5.949072709732565D-01
   2.112000000000000D+03   1.278279297231506D+00   1.000000000000000D+00  -2.708317463409915D+00  -4.202977102884184D+00   2.046691089757031D+01  -5.618967530096073D-01  -8.251586302228345D-01   5.818310687850688D-02
   2.112000000000000D+03   2.030695370513058D+00   1.000000000000000D+00   4.630750872898608D+00  -1.885774737415963D+00   1.931915650184174D+01   4.612845941370501D-01  -7.570572036739770D-01  -4.626887869585296D-01
   2.112000000000000D+03   2.635553650352464D+01   1.000000000000000D+00  -8.645741214135075D-01  -4.924683908231571D+00   1.961154210552868D+01  -4.773591871623006D-01  -6.688236802178676D-01  -5.699149859510408D-01
   2.112000000000000D+03   1.227915318288959D+01   1.000000000000000D+00  -4.868597302819037D+00  -1.138753841194278D+00   2.959435686224447D+01  -7.808068633622409D-01  -1.091755739309888D-01   6.151596022035727D-01
   2.112000000000000D+03   3.237654231195258D+00   1.000000000000000D+00   4.874074580427495D+00   1.115077123805104D+00   2.575834507377867D+01   6.957865298198300D-01   3.678166917693004D-01   6.169213776302180D-01
   2.112000000000000D+03   2.835248977529847D+00   1.000000000000000D+00   4.786461426887698D+00  -1.445609566277151D+00   2.351703048990369D+01   9.527165812381488D-01  -2.612865275812959D-02   3.027348829238861D-01
   2.112000000000000D+03   1.392674411916262D+00   1.000000000000000D+00   4.806792342575092D+00  -1.376498231820015D+00   2.245412378889075D+01   5.996052871483371D-01  -3.915013834109626D-01  -6.979972538707173D-01
   2.112000000000000D+03   1.380238372705548D+00   1.000000000000000D+00   2.249684590064910D+00   4.465301697736622D+00   1.992744743218080D+01  -5.931310006592588D-02   7.672449572166233D-01  -6.386056152166464D-01
   2.112000000000000D+03   8.760130625302118D+01   1.000000000000000D+00   2.210458987483582D+00   4.484849058122897D+00   2.180965770746043D+01   2.457982879390116D-01   9.371699689751336D-01   2.475795849770283D-01
   2.112000000000000D+03   3.778040246666470D+01   1.000000000000000D+00   4.998572015604517D+00   1.194898076214953D-01   2.167273022664583D+01   9.242883245224321D-01   2.920171144426617D-01   2.457988975241673D-01
   2.112000000000000D+03   2.380483530698640D+00   1.000000000000000D+00  -1.885038704807233D+00   4.631050538618102D+00   2.079780143811491D+01  -2.814278129659711D-01   9.496060328797060D-01   1.380100300980223D-01
   2.112000000000000D+03   1.078705414492420D+01   1.000000000000000D+00   1.516495927337772D-01   4.997699711945617D+00   1.899781829387376D+01  -1.061952649847507D-01   9.794331095704474D-01  -1.715615037588053D-01
   2.112000000000000D+03   7.459112752222609D+00   1.000000000000000D+00   9.919915267148225D-01  -4.900607393054733D+00   2.023852365994226D+01   8.735310963259317D-02  -9.961416702793875D-01  -8.438422276009066D-03
   2.112000000000000D+03   5.617288582879269D+00   1.000000000000000D+00   7.424264057949556D-01  -4.944573089489927D+00   2.590938528286517D+01   9.256390158881795D-03  -5.375421534099014D-01   8.431860723165870D-01
   2.112000000000000D+03   1.038736626124660D+00   1.000000000000000D+00   1.884256753619334D+00   4.631368749496704D+00   2.559713166486559D+01   1.528918625721525D-01   7.339679964690375D-01   6.617515081346207D-01
   2.112000000000000D+03   4.823853909392255D+00   1.000000000000000D+00   2.600643468019344D+00  -4.270439504443259D+00   2.209217152050019D+01   4.869316586508688D-01  -7.409775557325993D-01   4.624389924131145D-01
   2.112000000000000D+03   3.766460746162714D+00   1.000000000000000D+00  -4.558693718712341D+00  -2.053852863909513D+00   2.225263071698387D+01  -7.000306565250116D-01  -3.004629556705819D-01   6.478264367829236D-01
   2.112000000000000D+03   1.360342479557963D+00   1.000000000000000D+00   3.720181047205315D+00  -3.340696481944512D+00   2.328686787085534D+01   7.102220832209298D-01  -4.756119401865507D-01  -5.190162568333552D-01
   2.112000000000000D+03   2.913728782587491D+01   1.000000000000000D+00  -4.685097332400312D+00   1.746385693535154D+00   4.753826478283965D+01  -5.385826583474085D-01  -1.139065834299796D-01   8.348377149954044D-01
   2.112000000000000D+03   4.798034800862332D+00   1.000000000000000D+00   3.175284430832005D+00   3.862326862492326D+00   3.588350531379516D+01   6.370075572899679D-01   6.949942912004256D-01  -3.334730980968129D-01
   2.112000000000000D+03   1.280177820453900D+00   1.000000000000000D+00   4.997986468038708D+00   1.418847093793898D-01   3.739739566801278D+01   5.673419170065624D-01  -7.661793118709951D-01   3.018151938988617D-01
   2.112000000000000D+03   1.049863484166508D+00   1.000000000000000D+00   4.302402581452000D+00   2.547416736239912D+00   4.568530996804765D+01   1.203800409266962D-01  -1.487963244648265D-02   9.926163620879644D-01
   2.112000000000000D+03   5.344810608913841D+01   1.000000000000000D+00  -4.245981421143198D+00   2.640386672344221D+00   3.302138396876114D+01  -7.835323180186859D-01   2.901997878221729D-01   5.494189565060805D-01
   2.112000000000000D+03   7.998715970708382D+00   1.000000000000000D+00   3.836251803036768D+00  -3.206738547680664D+00   2.639390068267059D+01   5.461705750092056D-01  -8.253631454777884D-01   1.430852231403541D-01
   2.112000000000000D+03   7.168281032273057D+00   1.000000000000000D+00   3.256527650799389D+00  -3.794077973272530D+00   2.653001546046191D+01   3.853775397370826D-02  -9.807096996636411D-01   1.916333126163424D-01
   2.112000000000000D+03   3.313101521810381D+00   1.000000000000000D+00   3.379500162813106D+00  -3.684966574677675D+00   2.532497996902902D+01   1.073991389150236D-01  -8.439180810988742D-01  -5.256117363175078D-01
   2.112000000000000D+03   3.149162989529941D+00   1.000000000000000D+00   4.411606099806346D+00  -2.353238540680844D+00   2.612292986790897D+01   9.920374970064610D-01  -9.376742522320188D-02  -8.407897775405622D-02
   2.112000000000000D+03   2.252290180183518D+00   1.000000000000000D+00   2.202952229474941D+00  -4.488541130871439D+00   2.676506541323453D+01  -2.086481874412721D-02  -9.986758099817501D-01  -4.702431175540975D-02
   2.112000000000000D+03   4.408983198219823D+01   1.000000000000000D+00   3.458054682962824D+00   3.611351245477172D+00   3.062757360212690D+01   4.378334208502718D-01   7.673777689243981D-01   4.684370345597816D-01
   2.212000000000000D+03   2.935422000217900D+02   1.000000000000000D+00  -2.147457785174071D+00  -4.515354367322194D+00   2.966089748137687D+01  -6.638540580789822D-02  -1.456378927335524D-01   9.871081916871377D-01
   2.112000000000000D+03   4.107401609937822D+01   1.000000000000000D+00   2.845782953967965D+00  -4.111145750453352D+00   4.422251036628762D+01   4.489129572720078D-01  -1.248808351033942D-03   8.935746176291059D-01
   2.112000000000000D+03   3.274906176338854D+00   1.000000000000000D+00  -2.554818237728814D+00  -4.298011607617895D+00   3.233728001108852D+01  -8.631933040461182D-01  -3.070402498085836D-01  -4.007787479987283D-01
   2.112000000000000D+03   1.383840756565724D+00   1.000000000000000D+00  -4.458872641217270D+00  -2.262400224068766D+00   2.843241934179023D+01  -6.461278293770789D-01   2.872452450388828D-01  -7.071131432147312D-01
   2.112000000000000D+03   2.416617548399521D+02   1.000000000000000D+00   4.027140000253339D+00  -2.963468141925155D+00   2.097829700889297D+01   8.595580949520516D-01  -4.931162463199399D-01   1.341500988360880D-01
   2.112000000000000D+03   1.009705834203827D+02   1.000000000000000D+00  -2.217543515232127D+00   4.481350328342410D+00   2.648202986327918D+01  -4.064343554731283D-01   6.114353463559271D-01   6.789388278171682D-01
   2.112000000000000D+03   1.843111760942140D+01   1.000000000000000D+00   4.694101157869589D+00  -1.722037841052550D+00   2.473457819764155D+01   6.816413586828081D-01   2.027840306271582D-02   7.314053899871682D-01
   2.212000000000000D+03   1.121417223995672D+02   1.000000000000000D+00   4.965162340253279D+00   5.892053472671207D-01   2.773875438082716D+01   5.452580778180631D-01   7.662847356770628D-01   3.398548696759911D-01
   2.112000000000000D+03   7.878706042894692D+00   1.000000000000000D+00   4.281577941069815D+00  -2.582264576393167D+00   2.733806084844610D+01   3.991342946718988D-01  -8.776742640406898D-01   2.652917282114154D-01
   2.112000000000000D+03   1.236542996089725D+00   1.000000000000000D+00   4.433996636750457D+00  -2.310773427482844D+00   2.904952206673349D+01   7.303581331825462D-01  -3.025759826904550D-01   6.123926616093724D-01
   2.112000000000000D+03   4.161923437997757D+00   1.000000000000000D+00   4.105001230785793D+00  -2.854639189574788D+00   2.650002492798355D+01   2.520120764699572D-01  -9.353298205393757D-01  -2.482902336441763D-01
   2.112000000000000D+03   2.132367049016697D+02   1.000000000000000D+00   4.592163140321575D+00  -1.977887180423806D+00   3.890967743247205D+01   7.037046289057390D-01   1.643429356684774D-01   6.912244170690897D-01
   2.112000000000000D+03   3.390853688276046D+01   1.000000000000000D+00  -1.248034703180110D+00  -4.841736195733867D+00   2.234466597320005D+01  -2.651761169280214D-01  -9.045761224427329D-01  -3.338018360007119D-01
   2.112000000000000D+03   1.467423911732424D+01   1.000000000000000D+00  -6.796617721123919D-01  -4.953590605049684D+00   3.980988681081269D+01  -1.390412097433652D-01  -6.781394336361778D-01  -7.216608971952863D-01
   2.112000000000000D+03   1.211090046845327D+01   1.000000000000000D+00  -4.260316537009862D+00   2.617193728570120D+00   3.837908066500387D+01  -4.836420027784780D-01   8.149072662838059D-01  -3.194003138794276D-01
   2.112000000000000D+03   3.946057454910390D+00   1.000000000000000D+00  -7.669735756813101D-01   4.940824986091313D+00   4.291561404474084D+01  -3.836467178514785D-01   8.489574238465144D-01   3.634370487136362D-01
   2.112000000000000D+03   3.385379305348124D+00   1.000000000000000D+00   6.547662559212458D-01  -4.956942722894144D+00   4.049950704397128D+01   6.674730580268831D-01  -7.133689452233816D-01  -2.135051868201834D-01
   2.112000000000000D+03   4.869959255788785D+00   1.000000000000000D+00  -2.587700533999698D+00   4.278294748501713D+00   3.708276423319801D+01  -2.301080035539834D-01   8.798814474797080D-01  -4.157630876850589D-01
   2.112000000000000D+03   5.987298836505488D+00   1.000000000000000D+00  -4.882337302370612D+00  -1.078323918238944D+00   3.890779876854449D+01  -7.995652038110955D-01   4.830436804323222D-01  -3.568813355289375D-01
   2.112000000000000D+03   1.748664254217829D+00   1.000000000000000D+00   4.883687325012535D+00  -1.072193134974023D+00   3.829290786583062D+01   8.238309425069726D-01   4.071786924287652D-01  -3.943451414688335D-01
   2.112000000000000D+03   5.817319972849873D+00   1.000000000000000D+00  -5.330109568256838D-01  -4.971508757162322D+00   4.539578156083006D+01  -8.433457613075984D-03  -2.643964911175040D-01   9.643771939845116D-01
   2.112000000000000D+03   2.594253823128635D+02   1.000000000000000D+00   4.836998856882405D-01  -4.976548445171873D+00   2.622780168702403D+01   4.910510110678769D-01  -6.111028315280503D-01   6.208238347773185D-01
   2.112000000000000D+03   9.116234860512122D+00   1.000000000000000D+00  -4.742398570820780D+00  -1.584189320467045D+00   2.216399571649612D+01  -5.381637230133208D-01  -7.891873632302889D-01  -2.959106502815772D-01
   2.112000000000000D+03   5.181148192030719D+00   1.000000000000000D+00  -4.886686787304998D+00   1.058438589771567D+00   2.271629999981977D+01  -4.727004883047853D-01   4.341265702642892D-01   7.668691996337985D-01
   2.112000000000000D+03   1.019096396828218D+00   1.000000000000000D+00  -4.553946405531717D+00  -2.064357562259891D+00   2.510128854737183D+01  -9.938116538435674D-01  -6.377782476448635D-02  -9.094386044711189D-02
   2.112000000000000D+03   1.154423055702409D+00   1.000000000000000D+00  -4.860162922766007D+00   1.174230118782754D+00   2.146952315035334D+01  -6.330677089548825D-01   6.524898897017604D-01   4.165119682741432D-01
   2.112000000000000D+03   2.227603047855826D+00   1.000000000000000D+00  -4.999050317085985D+00  -9.744709351194582D-02   2.284650690175969D+01  -8.849311406709798D-01   2.884640221090893D-01   3.656301194095003D-01
   2.112000000000000D+03   1.247826446883778D+00   1.000000000000000D+00  -4.508399435663684D+00  -2.162020936830771D+00   2.905119694703431D+01  -2.199414095163965D-01  -1.859512251394022D-01   9.576261892038542D-01
   2.112000000000000D+03   2.999893217859153D+00   1.000000000000000D+00  -4.635610359260474D+00   1.873797374720108D+00   2.421724044411086D+01  -1.397133735055048D-01   8.260458956211570D-01   5.460113108637511D-01
   2.112000000000000D+03   1.764562513488727D+00   1.000000000000000D+00  -3.940185374888864D+00   3.078138920804927D+00   1.913000805713080D+01   4.861331577049666D-02   7.545654197200216D-01  -6.544217087570872D-01
   2.112000000000000D+03   2.292737662737864D+00   1.000000000000000D+00  -4.778543155121985D+00  -1.471572396921874D+00   2.112866756385266D+01  -3.637190143333747D-01  -4.313323885256197D-01  -8.256275487295359D-01
   2.112000000000000D+03   1.787729674564920D+00   1.000000000000000D+00   4.963453631867310D+00   6.034302380998148D-01   2.817846843826000D+01   7.876637769361601D-01   1.084796000814541D-01  -6.064799674093371D-01
   2.112000000000000D+03   1.156447322007480D+02   1.000000000000000D+00  -4.357685298695425D+00   2.451648188857062D+00   3.425316621525845D+01  -5.081608380934560D-01  -7.435667389539266D-03   8.612300932263274D-01
   2.112000000000000D+03   2.642149075490536D+01   1.000000000000000D+00   3.535812630715726D+00   3.535255159923132D+00   2.077826600370394D+01   4.775652578350637D-01   2.708208899794765D-01  -8.358154521541543D-01
   2.112000000000000D+03   2.677770951502453D+00   1.000000000000000D+00   3.885950059201552D+00   3.146329948679403D+00   2.470878012479344D+01   8.939057706489693D-01   2.571467902130652D-01   3.671620915666403D-01
   2.112000000000000D+03   1.220880076173898D+00   1.000000000000000D+00   1.860283801423506D+00  -4.641049901379040D+00   2.546324703435979D+01  -7.565868487669380D-03  -9.650017575498222D-01   2.621342510237485D-01
   2.112000000000000D+03   1.163969917486352D+00   1.000000000000000D+00   4.352995188009761D+00   2.459966036372535D+00   3.080018223733235D+01   3.749295949966273D-01   7.476544012790919D-01   5.481247075654111D-01
   2.112000000000000D+03   4.928865848017494D+00   1.000000000000000D+00   4.744588611155183D+00   1.577618114680220D+00   2.852836342815855D+01   1.867661024528537D-01   9.819795780208659D-01   2.888825582364205D-02
   2.112000000000000D+03   3.783536349626360D+00   1.000000000000000D+00   4.989496716534039D+00  -3.239174593989720D-01   2.818794583418149D+01   4.289513544045991D-01  -8.133955607377852D-01  -3.929228897971248D-01
   2.112000000000000D+03   2.201598477526886D+00   1.000000000000000D+00   4.849948348973748D+00   1.215730651991581D+00   2.873309423120081D+01   3.911018226334592D-01   8.683694036524557D-01   3.049162887303076D-01
   2.112000000000000D+03   3.096094047768815D+00   1.000000000000000D+00   4.969645972769150D+00   5.501080940290423D-01   2.847100559955667D+01   9.738351820492426D-01   8.876426079147687D-02  -2.092031171117231D-01
   2.112000000000000D+03   6.646786438248539D+01   1.000000000000000D+00  -2.692948856509233D+00   4.212840664622219D+00   2.686208099587551D+01  -7.995361664597186D-01   5.889996085153334D-01   1.175643640380934D-01
   2.112000000000000D+03   1.392720801079766D+01   1.000000000000000D+00   4.849295750768588D+00   1.218331124482971D+00   2.695416235680583D+01   5.493732365655460D-01   8.117996847995945D-01   1.979149279482860D-01
   2.112000000000000D+03   6.050778983126692D+01   1.000000000000000D+00  -4.614896303002300D+00  -1.924248455430119D+00   3.820139852145631D+01  -5.569566447860657D-01  -1.426264591097178D-01   8.182035131863418D-01
   2.112000000000000D+03   1.628436754304676D+01   1.000000000000000D+00   4.964279457896216D+00  -5.965982506020158D-01   2.506272925880312D+01   8.548718672325257D-01  -1.878081626904146D-01  -4.836550264819190D-01
   2.112000000000000D+03   1.149489490393463D+01   1.000000000000000D+00  -4.971595479293669D+00  -5.322014656161176D-01   2.414631243053973D+01  -9.758861645282368D-01  -3.172377238232717D-02  -2.159624878264771D-01
   2.112000000000000D+03   1.493382010313439D+00   1.000000000000000D+00  -4.966213541953181D+00  -5.802784379829246D-01   2.475909220943924D+01  -9.887412809350270D-01  -4.003914415408481D-02  -1.441788691534601D-01
   2.112000000000000D+03   2.122663668298275D+00   1.000000000000000D+00   4.960864671900525D+00   6.243570417829966D-01   2.589334713813475D+01   7.927952370038410D-01   5.356084668971698D-01   2.908595578145698D-01
   2.112000000000000D+03   2.110747042910366D+00   1.000000000000000D+00   4.793501168687228D+00   1.422092316126000D+00   2.781051974627348D+01   9.625915857072929D-01   1.976186912325862D-01   1.853760826024737D-01
   2.112000000000000D+03   2.519527810758063D+00   1.000000000000000D+00   4.951944963218657D+00  -6.915497729310415D-01   2.754579095794853D+01   6.983416672687510D-01  -1.961533970010169D-01   6.883623759338264D-01
   2.112000000000000D+03   1.827135745939813D+00   1.000000000000000D+00   4.945347049726564D+00   7.372533939880348D-01   2.590651727623120D+01   8.505375150947854D-01   5.247225777789879D-01  -3.538575681488020D-02
   2.112000000000000D+03   4.810553084694580D+00   1.000000000000000D+00   4.245796800130545D+00  -2.640683535809616D+00   2.628773325254134D+01  -1.095677056540653D-01  -9.893555790207569D-01   9.576249860048228D-02
   2.112000000000000D+03   2.297720676083713D+00   1.000000000000000D+00   4.968518054931526D+00   5.602038423102258D-01   2.621262115025155D+01   7.125676132579033D-01   3.470847880804190D-02  -7.007444027851861D-01
   2.112000000000000D+03   1.748257024775285D+00   1.000000000000000D+00   4.505846337310375D+00   2.167336796389620D+00   2.762896121441726D+01   6.572486518400983D-02   8.871374186456504D-01   4.568013162582565D-01
   2.112000000000000D+03   1.296371059586932D+00   1.000000000000000D+00   4.963144976863552D+00   6.059636510320950D-01   2.726416348517671D+01   7.675318547710367D-01   9.844826940646029D-02   6.334057073966139D-01
   2.112000000000000D+03   1.138955533983221D+00   1.000000000000000D+00   4.684475320019295D+00   1.748053483263524D+00   2.789629789516593D+01   1.791577158250795D-01   7.268361211781280D-01   6.630322509584837D-01
   2.112000000000000D+03   6.117533187415084D+00   1.000000000000000D+00  -3.518029953604494D-02  -4.999876233742014D+00   2.505618355297277D+01  -1.863005414714759D-01  -6.200710987246947D-01  -7.621049407881992D-01
   2.112000000000000D+03   1.325145494601543D+00   1.000000000000000D+00   1.826466512665646D+00  -4.654462384264090D+00   2.695562423081697D+01   5.835167952670808D-01  -6.753528931815584D-01  -4.510062297934855D-01
   2.112000000000000D+03   1.148942919744627D+00   1.000000000000000D+00   4.998742857235250D+00   1.121153736102504D-01   2.902008491910951D+01   9.760678996605917D-01   8.752899268577230D-03   2.172897650754750D-01
   2.112000000000000D+03   6.654252637565985D+01   1.000000000000000D+00  -1.561161731088609D+00  -4.750028848068910D+00   3.221450216136051D+01   1.001404141659853D-01  -8.857947914963115D-01   4.531440000801852D-01
   2.112000000000000D+03   3.391234877569900D+00   1.000000000000000D+00  -2.106954836183990D+00  -4.534395365229359D+00   3.151178708181810D+01  -3.136509471618373D-01  -9.495093042854563D-01   7.427275397535807D-03
   2.112000000000000D+03   4.204479546934148D+00   1.000000000000000D+00   3.718518198635266D+00  -3.342547294331163D+00   3.499548378725929D+01   2.777096531938742D-01  -9.509071636336931D-01   1.365756737968478D-01
   2.112000000000000D+03   1.067941064983074D+00   1.000000000000000D+00  -4.023540894330574D+00  -2.968352856087808D+00   3.073239429239858D+01  -9.364717892504270D-01   1.584627880909622D-01  -3.129059486947199D-01
   2.112000000000000D+03   1.185058283636977D+00   1.000000000000000D+00  -4.005569963194104D+00  -2.992558984422252D+00   3.207629365074807D+01   8.357639924868886D-02  -9.955845124833036D-01  -4.273715002204194D-02
   2.112000000000000D+03   1.109056455478505D+02   1.000000000000000D+00   2.349979966586406D+00   4.413342742564510D+00   3.075478924585443D+01   6.813936983257234D-01   3.967223538478523D-01   6.150723549627415D-01
   2.112000000000000D+03   8.071620031688410D+01   1.000000000000000D+00  -4.560036095767046D+00   2.050870744112634D+00   3.507373615189386D+01  -4.340799748879022D-01  -4.958252573022232D-02   8.995088373904561D-01
   2.112000000000000D+03   1.936959012471334D+00   1.000000000000000D+00  -4.709739531086433D+00  -1.678795268347600D+00   3.968277546510120D+01  -2.203559568904890D-01  -4.851410305052022D-01   8.462159492607233D-01
   2.112000000000000D+03   2.945026835637465D+00   1.000000000000000D+00  -3.595451268482563D+00   3.474583454859461D+00   2.778963108751201D+01  -8.593082941975398D-01   3.794373610081305D-01  -3.429526856499301D-01
   2.112000000000000D+03   2.171385765875167D+00   1.000000000000000D+00  -4.642140722999716D+00   1.857560097309306D+00   3.106085903309756D+01  -4.715699161876326D-01   7.724894678060307D-01   4.253020529876908D-01
   2.112000000000000D+03   2.546304727003303D+00   1.000000000000000D+00  -1.479097580681544D+00   4.776219253400367D+00   2.721642138728365D+01  -1.932288701993939D-01   9.587872332519832D-01  -2.083018124608448D-01
   2.112000000000000D+03   2.133157263483554D+00   1.000000000000000D+00  -1.579076948119447D+00   4.744103287190800D+00   2.971114128459879D+01  -1.839476097926978D-01   7.415366859199896D-01   6.452027745494838D-01
   2.112000000000000D+03   2.888023687270220D+00   1.000000000000000D+00  -2.115693755211170D+00  -4.530324485053086D+00   3.499252935422786D+01   4.538413908896230D-01  -8.422603247393520D-01  -2.909046876303887D-01
   2.112000000000000D+03   4.697978933183184D+01   1.000000000000000D+00  -3.848648223167548D+00   3.191850068865011D+00   3.628252852743421D+01  -7.347515080813091D-01   3.365924177390453D-01   5.889361304019531D-01
   2.112000000000000D+03   2.399697178508720D+01   1.000000000000000D+00   3.816184330271512D+00  -3.230593934147551D+00   2.597955152738616D+01   7.164714137733332D-01  -6.952916589504615D-01  -5.690537970663471D-02
   2.112000000000000D+03   3.919685774517734D+00   1.000000000000000D+00  -6.855002075337669D-01  -4.952786031284353D+00   2.475233160657215D+01  -7.665949199580107D-01  -5.212467791856787D-01   3.750120316511559D-01
   2.112000000000000D+03   1.690633505515349D+00   1.000000000000000D+00  -6.827778647181871D-01  -4.953162060063614D+00   2.527976935626184D+01  -8.819053156878315D-01  -4.641948782318088D-01   8.225648415111214D-02
   2.112000000000000D+03   2.995420017398359D+00   1.000000000000000D+00   1.577831096888228D+00  -4.744517787815685D+00   2.033013089402201D+01   1.170332680248920D-02  -9.663811831034749D-01  -2.568471161708497D-01
   2.112000000000000D+03   2.385007739278194D+00   1.000000000000000D+00   4.927185605746609D+00  -8.502011604540012D-01   2.665100151583430D+01   7.813093364031924D-01   5.795102603291863D-01   2.317834744376783D-01
   2.112000000000000D+03   3.315328329956180D+00   1.000000000000000D+00  -4.599491726257858D+00   1.960784503335793D+00   2.398111784729050D+01  -7.276986983252003D-01   4.442596824291933D-01  -5.225781654678288D-01
   2.112000000000000D+03   6.291592846474600D+00   1.000000000000000D+00   4.998558313573322D+00   1.200616081997655D-01   2.168560160437828D+01   3.848523813198245D-01   4.542567622341525D-01  -8.034546897971316D-01
   2.112000000000000D+03   1.354042034191821D+00   1.000000000000000D+00   4.045559214467993D+00  -2.938273413069246D+00   2.502458079424168D+01   6.929407478786406D-01  -3.590217357196386D-01  -6.252491609032740D-01
   2.112000000000000D+03   1.046702471413823D+00   1.000000000000000D+00  -8.536547494858524D-01  -4.926588431809403D+00   2.630680983548488D+01  -6.468660334868450D-01  -6.752731677499976D-01   3.543592578695801D-01
   2.112000000000000D+03   2.519856170062667D+00   1.000000000000000D+00   7.660696515386856D-01  -4.940965219019557D+00   2.554536459034677D+01  -6.296900478474229D-01  -7.624381684120469D-01  -1.489244203963666D-01
   2.112000000000000D+03   1.829929800720016D+00   1.000000000000000D+00   4.122966356483519D+00   2.828630132847623D+00   2.235262563223809D+01  -5.832905365322771D-02   9.950971525860079D-01  -7.987101110627193D-02
   2.112000000000000D+03   2.448385924742325D+01   1.000000000000000D+00  -1.189869275440111D+00  -4.856357803516339D+00   3.896213330497285D+01   3.840679395061844D-02  -8.753278213230876D-01   4.820022026881323D-01
   2.112000000000000D+03   1.493180364137037D+00   1.000000000000000D+00  -3.784604818699465D+00   3.267532153268312D+00   3.691471825351187D+01  -4.623671869284921D-01   4.385127865823776D-01   7.706640775692034D-01
   2.112000000000000D+03   1.843597261485863D+00   1.000000000000000D+00  -3.015933298187481D+00  -3.988000294699108D+00   3.390527200703303D+01  -7.943482009605288D-01  -6.074197824308245D-01  -7.221048570759035D-03
   2.112000000000000D+03   7.696409764252677D+01   1.000000000000000D+00  -4.526250887543592D+00   2.124394716388338D+00   2.691405828291388D+01  -4.851824940799320D-01   8.509997135978639D-01   2.009911313832790D-01
   2.112000000000000D+03   6.839772591290033D+01   1.000000000000000D+00  -6.899615080086648D-01  -4.952166508449310D+00   2.560465071313218D+01  -1.076208555734342D-01  -9.886696036394456D-01   1.046430422200326D-01
   2.112000000000000D+03   1.374881999796096D+01   1.000000000000000D+00  -4.024082991362087D+00  -2.967617914522759D+00   3.266157678753293D+01  -7.337564834306141D-01  -3.471902373486786D-01   5.840037346741094D-01
   2.112000000000000D+03   5.267015071806935D+00   1.000000000000000D+00  -1.638679054788582D+00   4.723847050988939D+00   4.585753688079356D+01  -3.272319548827651D-01   4.940091715100418D-01   8.055272721438833D-01
   2.112000000000000D+03   1.023277488761892D+00   1.000000000000000D+00   4.474182589449316D+00  -2.231970018623788D+00   2.327979772324215D+01   9.369317029766168D-01   1.382523768364533D-01  -3.210066420752197D-01
   2.112000000000000D+03   3.036360095038271D+00   1.000000000000000D+00  -3.901909481155426D+00   3.126516017637893D+00   3.091425048843924D+01  -5.932739369559596D-01   4.873028501627829D-01   6.407510967232164D-01
   2.112000000000000D+03   3.560099267065993D+00   1.000000000000000D+00  -2.327547683061352D+00  -4.425214321484321D+00   2.607725150343097D+01  -8.358729144510247D-01  -4.636100248528565D-01   2.939085159417532D-01
   2.112000000000000D+03   1.783021787746808D+00   1.000000000000000D+00  -3.020848217568658D+00  -3.984278611229446D+00   2.254978146740449D+01  -9.969530119789460D-01   6.715290564952431D-02   3.968852691815933D-02
   2.112000000000000D+03   1.124912154012236D+00   1.000000000000000D+00   4.999998736454283D+00   3.555674563942837D-03   2.343197854724912D+01   7.362454574093984D-01   5.029491742669105D-01   4.527524208088331D-01
   2.112000000000000D+03   1.472148458252150D+00   1.000000000000000D+00   5.654946965462401D-01  -4.967918654448013D+00   2.537687973025919D+01   3.735263978230533D-01  -8.667647451966002D-01   3.304495522974822D-01
   1.400000000000000D+01   2.978392545010703D+01   1.000000000000000D+00  -3.717023952366549D+00  -3.344208866953239D+00   2.615994793429279D+01  -8.776114394889671D-01  -2.618122953894501D-01   4.015625521148735D-01
  -1.200000000000000D+01   2.855632502685673D+01   1.000000000000000D+00  -1.686880104204894D+00  -4.706849851315738D+00   2.301847665132231D+01  -5.488595456158427D-01  -7.373917344247430D-01  -3.937088126883116D-01
   1.400000000000000D+01   2.799210848016227D+01   1.000000000000000D+00  -4.422893357997778D+00   2.331955049434658D+00   2.158681556153188D+01  -6.571571780824230D-01   6.414363335891410D-01  -3.958584005000613D-01
   2.112000000000000D+03   8.167280401321531D+01   1.000000000000000D+00  -2.610927051838370D+00  -4.264159933677263D+00   2.476335003869773D+01  -5.197780656144548D-01  -8.542917396257685D-01  -4.047976441874601D-03
   2.112000000000000D+03   1.967492903206303D+00   1.000000000000000D+00  -9.057996708705294D-01   4.917268241982565D+00   2.888338650616841D+01  -1.941571797952217D-01   7.125631979217639D-01   6.742081863204237D-01
   2.112000000000000D+03   5.636550813550798D+00   1.000000000000000D+00  -1.992477537470732D+00   4.585851422807267D+00   2.574981916154929D+01  -5.463734240507633D-01   7.862879193695504D-01   2.884915758640940D-01
   2.112000000000000D+03   1.061156313467336D+00   1.000000000000000D+00   4.999678078362624D+00  -5.673730819120999D-02   3.036650983066180D+01   9.366247792598926D-01  -3.076903892455788D-01   1.675131255820308D-01
   2.112000000000000D+03   2.636354832114080D+00   1.000000000000000D+00   5.949959342298015D-01   4.964471759171853D+00   2.538144260228156D+01  -1.268733912687087D-01   9.583948542611714D-01   2.556999137928773D-01
   1.400000000000000D+01   2.978392545010703D+01   1.000000000000000D+00  -2.984026613165979D+00  -4.011930355601039D+00   3.097230383241059D+01  -4.717372978836968D-01  -4.312815526428236D-01   7.690644603252601D-01
  -1.200000000000000D+01   1.283435544233456D+01   1.000000000000000D+00  -2.133953223587532D+00  -4.521752276350741D+00   2.197790751550379D+01  -5.725473209699263D-01  -7.407671532737212D-01  -3.513596304086561D-01
   1.400000000000000D+01   5.576780308124496D+01   1.000000000000000D+00   4.320299385568092D+00   2.516945217657548D+00   2.488532639482020D+01   7.408307806525645D-01   6.412575495667677D-01   1.998962469916243D-01
   2.112000000000000D+03   4.613092524169491D+01   1.000000000000000D+00   1.012999036107988D+00   4.896308094855980D+00   2.870228662555602D+01  -3.125610308553934D-01   7.700865807752485D-01   5.561225225618005D-01
   2.112000000000000D+03   1.049229510986250D+01   1.000000000000000D+00   4.956209495964990D+00   6.602934461362950D-01   1.853945407803330D+01   2.771814271093620D-01   1.185431711901063D-01  -9.534767815892586D-01
   2.112000000000000D+03   3.519980253519073D+00   1.000000000000000D+00  -4.242533271671070D+00  -2.645923552227218D+00   2.147158725078143D+01  -3.117746946870176D-02  -9.830575510508250D-01   1.806261794964474D-01
   2.112000000000000D+03   5.141849451006220D+00   1.000000000000000D+00   4.418149145930841D+00  -2.340931039788209D+00   2.607574097172045D+01   5.747397344477054D-01  -7.806197153445383D-01   2.455750346887752D-01
   2.112000000000000D+03   1.925562618218351D+00   1.000000000000000D+00   4.699493957711071D+00  -1.707265811240059D+00   2.439267821816183D+01   6.953289725950296D-01  -6.608967295264796D-01  -2.823705593208041D-01
   2.112000000000000D+03   5.209692171433522D+00   1.000000000000000D+00  -1.634548041186966D+00  -4.725278056403078D+00   2.521018854672801D+01  -6.563351817248220D-01  -7.541338726426393D-01   2.249958584641892D-02
   2.112000000000000D+03   1.331952348571804D+00   1.000000000000000D+00  -1.009476233040260D+00   4.897035607484976D+00   2.540227796650338D+01   1.143372471182437D-01   6.411779568739251D-01  -7.588266083502875D-01
   2.112000000000000D+03   2.873125651603248D+00   1.000000000000000D+00   4.284404403331558D+00   2.577572290873817D+00   2.134785009412885D+01   2.484282434551418D-01   7.446175138900739D-01  -6.195386718050442D-01
   2.112000000000000D+03   4.776701591199494D+00   1.000000000000000D+00   4.967143269221549D-01  -4.975266312953885D+00   2.781023394625876D+01  -4.936385282896086D-01  -7.913004165247264D-01   3.607833895786556D-01
   2.112000000000000D+03   2.719790015794842D+00   1.000000000000000D+00   4.092430188754815D+00  -2.872632095462639D+00   2.804666140631401D+01   1.913159048379367D-01  -7.219754042108126D-01   6.649434113296223D-01
   2.112000000000000D+03   2.051473394295294D+01   1.000000000000000D+00  -4.732461422066667D+00   1.613632206098168D+00   2.330917605416807D+01  -8.742534025559905D-01  -1.141042701166811D-01   4.718699012020293D-01
   2.112000000000000D+03   4.697168648864086D+01   1.000000000000000D+00  -4.823991850696502D+00  -1.314953472096846D+00   2.231862701066640D+01  -9.032313703371343D-01  -2.477062134824791D-01   3.504493165082151D-01
   2.112000000000000D+03   5.195186004953167D+00   1.000000000000000D+00  -4.828560099383182D+00   1.298078339390680D+00   2.635106376362313D+01  -8.022681107977178D-01   3.092965202545954D-01   5.105894054477237D-01
   2.112000000000000D+03   1.398174306937954D+01   1.000000000000000D+00  -4.930470869782109D+00   8.309374297195883D-01   2.131608247510822D+01  -9.672063735044055D-01   2.054095931200652D-01   1.493945451035806D-01
   2.112000000000000D+03   1.180172237135620D+01   1.000000000000000D+00   1.650256960197418D+00   4.719814824055684D+00   1.677457759198384D+01   3.230612725395658D-01   7.404447136903866D-01  -5.893836103532892D-01
   2.112000000000000D+03   5.180280026226797D+00   1.000000000000000D+00  -3.914539296657302D+00  -3.110688364641781D+00   2.529006025498735D+01  -5.289306055707182D-01  -4.582523941321243D-01   7.143088672015555D-01
   2.112000000000000D+03   1.786810706472242D+00   1.000000000000000D+00   2.977693881792114D+00  -4.016632813132770D+00   2.582426612204355D+01   3.272939128572124D-01  -9.022346906543338D-01  -2.808046609059293D-01
   2.112000000000000D+03   5.150696326636648D+00   1.000000000000000D+00   2.840967550621040D+00  -4.114474861363441D+00   2.383139240122091D+01   5.417130558062906D-01  -6.556646143555533D-01   5.259761198486052D-01
   2.112000000000000D+03   1.133403591393578D+00   1.000000000000000D+00  -4.602345277251513D+00  -1.954077264295882D+00   2.484360236901213D+01  -4.814912027482033D-01  -3.698440430391652D-01   7.945952463389977D-01
   2.112000000000000D+03   1.121782691361204D+00   1.000000000000000D+00  -2.573145613868981D+00  -4.287064456372000D+00   2.093061831107222D+01   1.722747360080059D-01  -4.837693640619562D-01  -8.580726179808227D-01
   2.112000000000000D+03   1.059812551712071D+00   1.000000000000000D+00   3.949782187565299D+00  -3.065814846679335D+00   1.505864042069076D+01   8.084986295890627D-01   4.989274240388709D-01  -3.120919599966403D-01
   2.112000000000000D+03   1.747655697383493D+00   1.000000000000000D+00   1.782943424089793D+00   4.671307392171627D+00   1.295709611893419D+01   2.408422741054473D-01   5.141493707474216D-01  -8.231922154416591D-01
   2.112000000000000D+03   5.814730452535000D+00   1.000000000000000D+00  -4.704982580220723D+00   1.692081241828559D+00   2.325861813486338D+01  -9.228625090261575D-01   1.313255782907337D-01   3.620474857260438D-01
   2.112000000000000D+03   3.115788177698531D+00   1.000000000000000D+00   1.937724383641382D+00  -4.609254193792536D+00   2.198175304546666D+01   4.017479640907371D-01  -9.107225418243631D-01   9.582810215129388D-02
   2.112000000000000D+03   2.315530924066366D+00   1.000000000000000D+00   4.840339106753043D+00   1.253442196184437D+00   1.571320964895158D+01   6.847808295632467D-01   3.627457932054536D-01  -6.320527707196752D-01
   2.112000000000000D+03   4.316443699206424D+00   1.000000000000000D+00   2.261164678431604D+00   4.459499333520784D+00   2.289248170347303D+01   2.978064074439275D-02   9.557500130067312D-01  -2.926687992842530D-01
   2.112000000000000D+03   3.107432544706739D+00   1.000000000000000D+00   4.790373461102079D+00   1.432592793572294D+00   2.251743096763277D+01   9.564534996893014D-01  -4.786998605920614D-02  -2.879325743412491D-01
   2.112000000000000D+03   4.055475374201933D+00   1.000000000000000D+00  -4.996416134945617D+00  -1.892770846243039D-01   3.234563098645989D+01  -8.395955990564012D-01   2.143966287075762D-01  -4.991125280374637D-01
   2.112000000000000D+03   1.196498216150965D+02   1.000000000000000D+00  -3.991546766545494D+00   3.011238020633695D+00   3.342797520924064D+01  -4.458799737145944D-01   4.765852978761158D-01   7.576658253403057D-01
   2.112000000000000D+03   6.466931435493461D+01   1.000000000000000D+00   1.669571584751938D+00  -4.713017158173400D+00   2.873345213699155D+01   4.832517678841731D-01  -8.735716432156819D-01  -5.779544105096018D-02
   2.112000000000000D+03   2.084936254276695D+01   1.000000000000000D+00  -1.741786582264830D+00  -4.686809096760951D+00   3.247774711063731D+01  -2.211703381343089D-01  -7.327519638444375D-01   6.435512730246716D-01
   2.112000000000000D+03   1.407988079158148D+01   1.000000000000000D+00  -4.432302326880713D+00   2.314021627203898D+00   3.244501262688885D+01  -6.468212732768696D-01   4.982111641918893D-01   5.774148216932534D-01
   2.112000000000000D+03   1.574674826414713D+00   1.000000000000000D+00  -8.030826320722461D-01  -4.935084425866751D+00   3.268877640871361D+01  -1.788300652369283D-02  -4.397019406599706D-01   8.979657017155662D-01
   2.112000000000000D+03   3.183604829800846D+00   1.000000000000000D+00  -2.443714301470361D+00   4.362139431490907D+00   3.290603233306940D+01  -5.639643847077509D-01   4.839657992222483D-01   6.691197784884095D-01
   2.112000000000000D+03   1.247513932463221D+00   1.000000000000000D+00  -3.832172981157769D+00   3.211611783273105D+00   3.471683411086902D+01  -8.011020150449455D-01  -3.371583817104913D-01  -4.945298647536776D-01
   2.112000000000000D+03   2.383222406818981D+02   1.000000000000000D+00   2.469123944913695D+00   4.347807142503424D+00   3.620892319221900D+01   4.580477776600023D-01   1.711206883875100D-01   8.723015209126476D-01
   2.112000000000000D+03   2.097615791813723D+00   1.000000000000000D+00  -1.057833375114948D+00   4.886817835766347D+00   2.891718054049439D+01   7.709320532893638D-02   9.857410837233043D-01  -1.495698952066096D-01
   2.112000000000000D+03   2.535619615295786D+00   1.000000000000000D+00  -1.464751533178951D+00   4.780638341770636D+00   2.825497033379822D+01  -1.250338791832488D-01   8.776331975277467D-01  -4.627380464729608D-01
   2.112000000000000D+03   1.932708384657190D+00   1.000000000000000D+00   4.355326632667659D+00   2.455835892681685D+00   2.329783202598015D+01   9.614777022126495D-01   1.288257847938847D-01   2.428261627587180D-01
   2.112000000000000D+03   1.363731716348184D+00   1.000000000000000D+00   4.720509613107095D+00   1.648268485852958D+00   2.502121402823463D+01   8.896881405218195D-01   1.495311677592528D-01   4.313878098455973D-01
   2.112000000000000D+03   1.154733520591256D+00   1.000000000000000D+00   4.538005182993714D+00  -2.099168637378544D+00   2.642512148756375D+01   7.147144138377090D-01  -6.061295018047786D-01   3.489847184254788D-01
   2.112000000000000D+03   2.406990188284941D+00   1.000000000000000D+00   1.503153902140689D+00   4.768703005288680D+00   2.384224788706146D+01   4.221968883833291D-01   5.138519102897467D-01  -7.467971623747728D-01
   2.112000000000000D+03   2.915523284223127D+00   1.000000000000000D+00  -4.992200114282030D+00  -2.791738320233768D-01   2.124469930147029D+01  -9.414584791554148D-01  -2.224887651642221D-01  -2.532877442792545D-01
   2.112000000000000D+03   2.248410535875724D+02   1.000000000000000D+00   4.233559472932900D+00  -2.660258294736302D+00   3.386369492825784D+01   6.094473749416240D-01  -7.760853158884989D-02   7.890188926770931D-01
   2.112000000000000D+03   4.168800704720866D+00   1.000000000000000D+00  -3.441170140415644D+00  -3.627443738104899D+00   2.486508237725282D+01  -6.460934719854823D-01  -5.455670763841359D-01  -5.337787843511687D-01
   2.112000000000000D+03   4.368512725251703D+02   1.000000000000000D+00  -4.940428982377497D+00  -7.695202868701037D-01   3.960263747565092D+01  -1.976775621737085D-01   8.643481669484560D-02   9.764489765860723D-01
   2.112000000000000D+03   1.104747501581073D+00   1.000000000000000D+00  -4.746590601443531D+00   1.571584443650790D+00   4.056610693710476D+01   1.924553981349685D-01   9.748891052245692D-01  -1.120363880315217D-01
   2.112000000000000D+03   1.048082962045214D+00   1.000000000000000D+00  -4.683001524679105D+00   1.751997924958442D+00   4.356454198747897D+01  -9.861569934505933D-01  -8.799679755261525D-03  -1.655806447163790D-01
   2.112000000000000D+03   2.873785439368944D+01   1.000000000000000D+00  -2.761064498406185D+00   4.168515664257805D+00   3.705165885268377D+01  -9.235783000046631D-01   2.904594728279435D-01   2.502726880924279D-01
   2.112000000000000D+03   2.996342935439813D+00   1.000000000000000D+00   2.266630285096604D+00   4.456723814105509D+00   3.999316617935872D+01   4.486355816959961D-01   2.803048419506869D-01   8.486196500289723D-01
   2.112000000000000D+03   5.443236168345522D+00   1.000000000000000D+00  -6.455021243814978D-01  -4.958157623272841D+00   3.754803363887972D+01  -1.477055025932222D-01  -9.690015591811315D-01   1.980380337415514D-01
   2.112000000000000D+03   2.602606012522983D+00   1.000000000000000D+00  -3.834760204775994D+00   3.208522117413451D+00   3.131977561969434D+01  -6.157231328583797D-01   2.092265986442949D-01  -7.596770722371455D-01
   2.112000000000000D+03   1.862939516862980D+00   1.000000000000000D+00   1.958020547044198D+00   4.600669032316693D+00   3.318983072418388D+01   4.913203711857875D-01   6.130685128552619D-01  -6.186689675450818D-01
   2.112000000000000D+03   1.413840007420175D+00   1.000000000000000D+00  -1.441629274360177D+00   4.787661751329048D+00   3.581305804638256D+01  -1.552132576750984D-01   9.800043967231236D-01  -1.244999078121324D-01
   2.112000000000000D+03   1.533709356278564D+00   1.000000000000000D+00   2.079956576474181D+00  -4.546842932022409D+00   1.757581499744521D+01   5.345393312942832D-01  -6.902245819910127D-01  -4.877066020824329D-01
   2.112000000000000D+03   1.136827623129875D+00   1.000000000000000D+00  -1.406973328565231D+00   4.797960614870783D+00   1.842887111584410D+01   1.221213700809757D-01   9.888358220892429D-01  -8.538201170408605D-02
   2.112000000000000D+03   4.490616794473046D+00   1.000000000000000D+00   2.232402113562964D+00   4.473967010647976D+00   2.208358186290347D+01   5.214576773117749D-01   7.463812244831142D-01   4.135177850004709D-01
   2.112000000000000D+03   6.289889994998688D+00   1.000000000000000D+00  -4.603509719226635D+00   1.951332434996281D+00   2.467029316170090D+01  -5.862356846663529D-01   3.805408005754025D-01   7.152037619596279D-01
   2.112000000000000D+03   2.830049069032157D+00   1.000000000000000D+00   4.894748422149210D+00  -1.020508644621750D+00   1.976478989589425D+01   9.962818334349389D-01  -6.212182216119045D-02  -5.969411678624439D-02
   2.112000000000000D+03   5.226946012925393D+00   1.000000000000000D+00   2.663466205604790D+00   4.231542009830799D+00   2.248135055518022D+01   5.400912185794156D-01   7.662248430623453D-01   3.481392903529940D-01
   2.112000000000000D+03   8.750470322268804D+01   1.000000000000000D+00  -1.468151667522879D+00  -4.779595243157148D+00   2.732228576259137D+01  -2.733006628843794D-01  -6.755963412757796D-01   6.847454500190120D-01
   2.112000000000000D+03   4.090100677844447D+00   1.000000000000000D+00  -2.788261730017668D+00   4.150373059505040D+00   2.776432476637274D+01  -6.275722845272019D-02   9.392383312339597D-01   3.374802030012717D-01
   2.112000000000000D+03   1.408459364888769D+01   1.000000000000000D+00   4.713497498128242D+00  -1.668215017603082D+00   2.185681117237063D+01   9.758311922023052D-01  -1.853739998679128D-01  -1.157150141424992D-01
   2.112000000000000D+03   1.112642457387181D+00   1.000000000000000D+00  -3.398999598516560D+00  -3.666988100957626D+00   3.101326335508394D+01  -2.891924432569795D-01  -1.792502833848350D-01   9.403388041921461D-01
   2.112000000000000D+03   1.091215628778400D+00   1.000000000000000D+00   3.471678422056715D+00   3.598256375378972D+00   2.064760261501880D+01   4.369024767988670D-01   8.470832558482958D-01  -3.025990473026414D-01
   2.112000000000000D+03   1.347803130511352D+00   1.000000000000000D+00  -4.989555105694636D+00  -3.230168062115523D-01   2.550693464195909D+01  -9.946209347159916D-01   1.035704268963071D-01  -1.537171819983883D-03
   2.112000000000000D+03   1.661588672795347D+00   1.000000000000000D+00  -4.948531182018702D+00  -7.155691049041656D-01   3.441791309319466D+01  -2.715027049477086D-01  -4.316057263314639D-01   8.602341415010025D-01
   2.112000000000000D+03   7.345956208858709D+00   1.000000000000000D+00   6.127751596316725D-01  -4.962308596528793D+00   3.691037621381646D+01  -2.004459009004873D-01  -3.718878315581556D-01   9.063778911420803D-01
   2.112000000000000D+03   6.675044287906218D+00   1.000000000000000D+00   2.912928670307726D+00  -4.063846277530335D+00   1.895055305024093D+01   7.770910962928701D-01  -1.440345399018619D-01  -6.126854652899838D-01
   2.112000000000000D+03   1.615681367678462D+00   1.000000000000000D+00  -4.841235976467291D-01  -4.976507244175068D+00   2.207229684170283D+01   2.305488105966968D-01  -9.392700785788677D-01   2.542026070261598D-01
   2.112000000000000D+03   1.797314038658669D+00   1.000000000000000D+00   3.402477724851957D+00   3.663761092252946D+00   2.454812391100753D+01   5.163373553242003D-01   7.787909558968582D-01   3.562027267021808D-01
   2.112000000000000D+03   1.437505887700127D+00   1.000000000000000D+00   1.332707507752263D+00  -4.819117212353454D+00   2.021558806022746D+01   6.950409017541801D-01  -5.984510145881524D-01  -3.984652155799135D-01
   2.112000000000000D+03   5.255409971929625D+01   1.000000000000000D+00  -1.479261394871086D+00  -4.776168520420170D+00   2.176148865749003D+01  -3.993020143591975D-01  -9.031517160688234D-01  -1.577177196469277D-01
   2.112000000000000D+03   8.442830636854580D+00   1.000000000000000D+00   3.548656341209842D+00  -3.522362584795217D+00   3.209803436263966D+01   8.996460401790237D-01  -5.521811123382152D-02  -4.331142604232417D-01
   2.112000000000000D+03   3.464728445055016D+00   1.000000000000000D+00  -1.326051732564032D+00  -4.820952894308208D+00   3.384013663506662D+01  -8.629567770633729D-01  -4.445299030830122D-01   2.402056747568709D-01
   2.112000000000000D+03   4.940148865758033D+00   1.000000000000000D+00   4.392276453414147D+00  -2.389122760238915D+00   3.337602687061275D+01   9.404341641466114D-01   3.250825671666742D-01   9.952340141991138D-02
   2.112000000000000D+03   4.301258403173051D+00   1.000000000000000D+00   4.909145499774344D+00  -9.488363757947782D-01   3.061262251022863D+01   7.061409451550041D-01   4.990521188017872D-01  -5.023066277634053D-01
   2.112000000000000D+03   2.106720248922334D+00   1.000000000000000D+00   2.168482967442769D+00  -4.505294843490176D+00   2.617897146300983D+01   3.354759127250094D-01  -6.008055737035995D-01  -7.255953242600247D-01
   2.112000000000000D+03   3.275588663256423D+01   1.000000000000000D+00   2.061228613603250D+00   4.555363499146825D+00   2.689541270910174D+01   6.734108340636529D-01   4.522009919149895D-01   5.848351147774852D-01
   2.112000000000000D+03   4.734747023452113D+00   1.000000000000000D+00  -4.449606545195269D+00  -2.280570455067991D+00   2.252994684057310D+01  -4.198326019691956D-01  -8.413288627123441D-01  -3.404501888543003D-01
   2.112000000000000D+03   2.930685430657036D+00   1.000000000000000D+00  -4.999558751489674D+00  -6.642512297804452D-02   2.594474859077510D+01  -6.513925638681203D-01  -3.484531993299549D-01   6.739941361866848D-01
   2.112000000000000D+03   2.285024456376163D+00   1.000000000000000D+00  -3.508863578563501D+00   3.562004547379051D+00   2.319664896578766D+01  -7.705046982023798D-01   4.367351547914582D-01  -4.643112260298480D-01
   2.112000000000000D+03   1.327137052782756D+00   1.000000000000000D+00   4.775811011662282D+00   1.480415206180765D+00   1.165185331672713D+01   1.556096716238376D-01   1.079493889970557D-01  -9.819025203716932D-01
   2.112000000000000D+03   2.513816000300872D+00   1.000000000000000D+00  -4.747284384106475D+00   1.569487491130044D+00   2.509563334443864D+01  -9.559338513531686D-01  -2.170474699606343D-01   1.976888151130091D-01
   2.112000000000000D+03   3.561877199069727D+00   1.000000000000000D+00  -3.072019889167181D+00   3.944958023918546D+00   2.438802710386769D+01  -6.819965175515441D-01   7.259695839199245D-01   8.859409275283625D-02
   2.112000000000000D+03   7.060553762948452D+00   1.000000000000000D+00  -3.290946699290050D+00  -3.764262189168135D+00   3.032908313214404D+01   4.538728255705005D-03  -8.499450119450718D-01   5.268518545241279D-01
   2.112000000000000D+03   1.210483246888927D+01   1.000000000000000D+00  -2.003493145449826D+00  -4.581049576435671D+00   2.449780086632893D+01   4.508901272008319D-01  -8.112323693556797D-01  -3.722903921703968D-01
   2.112000000000000D+03   4.289294920593267D+00   1.000000000000000D+00  -4.846544528583985D+00  -1.229229896008966D+00   2.313563818937005D+01  -3.671099456054563D-01  -5.007790483787923D-01  -7.838690149140924D-01
   2.112000000000000D+03   4.457506282705470D+00   1.000000000000000D+00  -4.614538530189534D+00   1.925106272510273D+00   2.698816045256692D+01  -8.717945260851409D-01  -2.554847195410014D-01   4.179735187413675D-01
   2.112000000000000D+03   1.028069634821463D+00   1.000000000000000D+00  -3.122943134352532D+00   3.904769671113490D+00   2.541283405162990D+01   1.100031804825724D-01   7.086770291257182D-01  -6.969047055898423D-01
   2.112000000000000D+03   1.878105514240791D+01   1.000000000000000D+00   4.999652561644137D+00   5.894293922848066D-02   2.416851628314937D+01   7.197290734928525D-01   3.637283468922383D-01   5.913474024937956D-01
   2.112000000000000D+03   1.288252426850136D+00   1.000000000000000D+00   3.948868095622382D+00  -3.066992137377107D+00   1.824237233357687D+01   6.637140852319749D-01  -3.448814056731488D-01  -6.637321968125366D-01
   2.112000000000000D+03   5.867259974308809D+00   1.000000000000000D+00   1.552307881893839D+00  -4.752929648984246D+00   1.912990988480502D+01  -1.794465780126391D-02  -8.877639762465749D-01  -4.599490316711909D-01
   2.112000000000000D+03   1.668300175782520D+00   1.000000000000000D+00   4.284780522653150D+00  -2.576947007789431D+00   1.890502734838556D+01   8.057559767977998D-01  -2.634338180960334D-01  -5.304337181382507D-01
   2.112000000000000D+03   2.440762559240966D+00   1.000000000000000D+00   4.320761523778343D+00  -2.516151796478784D+00   2.235029223818788D+01   8.279697043895735D-01  -2.249166237435046D-01   5.136912311660236D-01
   2.112000000000000D+03   1.112014621878984D+00   1.000000000000000D+00   4.981962061842301D+00   4.243277317067159D-01   2.292798655698435D+01   9.384269270231838D-01   2.132169440336896D-01  -2.718334736833536D-01
   2.112000000000000D+03   1.298848573719511D+00   1.000000000000000D+00  -3.755781478354428D+00   3.300621986047545D+00   2.585504956320236D+01  -7.033500904910630D-01   4.010392267948957D-01   5.869124200236058D-01
   2.112000000000000D+03   2.087434663849649D+00   1.000000000000000D+00  -1.212217633709566D+00   4.850827601236912D+00   2.411295921270646D+01  -4.543920233623606D-01   7.521009362739137D-01   4.773594775015596D-01
   2.112000000000000D+03   1.763092874347849D+02   1.000000000000000D+00  -4.717426932120353D+00  -1.657070652381710D+00   2.515388664074908D+01  -6.220794958038420D-01  -3.047436333027507D-01   7.212131577154403D-01
   2.112000000000000D+03   3.890539706905185D+01   1.000000000000000D+00  -4.961377605618122D+00  -6.202678921785447D-01   2.736037308944540D+01  -3.758662692500093D-01   1.072155464121449D-01   9.204506365078058D-01
   2.112000000000000D+03   2.560284353972264D+00   1.000000000000000D+00   4.750463199049840D+00  -1.559839542330964D+00   2.667898177522619D+01   6.916518664849364D-02  -8.619442273325895D-01   5.022632038323180D-01
   2.112000000000000D+03   1.932354878858973D+00   1.000000000000000D+00   2.204612912414922D+00   4.487725695243832D+00   2.477757499589199D+01   7.094870951238025D-01   6.918935319885101D-01   1.338334870099885D-01
   2.112000000000000D+03   1.602458187533462D+00   1.000000000000000D+00  -4.383390092276642D+00  -2.405387974422467D+00   2.352497062873862D+01  -5.099801907568939D-01  -8.510804720748779D-01  -1.248288231473997D-01
   2.112000000000000D+03   3.284987898170428D+00   1.000000000000000D+00   1.522943972136656D+00   4.762419727833572D+00   2.856083158087754D+01  -8.332563714512249D-02   6.907804204113720D-01   7.182473452583360D-01
   2.112000000000000D+03   2.090453016212690D+00   1.000000000000000D+00   4.846291872535759D+00  -1.230225627499600D+00   2.472915148770605D+01   6.782141560742430D-01  -7.272232069851793D-01  -1.056975199458035D-01
   2.112000000000000D+03   1.399132659674365D+01   1.000000000000000D+00   4.922546544380931D+00  -8.766615794502287D-01   2.220651796478440D+01   5.647499670146046D-01  -5.251760250238324D-01  -6.365906200197816D-01
   2.112000000000000D+03   1.951325737413526D+00   1.000000000000000D+00  -4.536271432249378D+00  -2.102912623374617D+00   2.129411825645823D+01  -7.309548339091372D-01  -4.656673499198696D-01  -4.988576450285908D-01
   2.112000000000000D+03   8.626971909975856D+00   1.000000000000000D+00  -1.625798119924737D+00  -4.728295726952854D+00   2.512295994326568D+01  -7.512837407962453D-02  -8.488409163097977D-01  -5.232827402145948D-01
   2.112000000000000D+03   4.078976027685588D+00   1.000000000000000D+00  -3.728291763234824D+00  -3.331642318461983D+00   2.661977550645124D+01  -7.473751087384997D-01  -6.601110551467548D-01   7.539125752468515D-02
   2.112000000000000D+03   2.046917457439713D+01   1.000000000000000D+00   3.680575480589047D+00   3.384281924061141D+00   2.529103985879022D+01   7.802459686381491D-01   6.052629374392400D-01  -1.577117782105670D-01
   2.112000000000000D+03   8.434491534841754D+00   1.000000000000000D+00   2.934768304967621D+00   4.048102642571423D+00   2.696313676817844D+01   4.015915017745810D-01   7.755620163983400D-01   4.870603909399509D-01
   2.112000000000000D+03   7.161873324079465D+00   1.000000000000000D+00   2.260459694914815D+00   4.459856721423723D+00   2.400461165994355D+01   1.329699992517323D-01   8.253165079985769D-01  -5.487910721978166D-01
   2.112000000000000D+03   8.833986245729101D+00   1.000000000000000D+00   4.999836211064260D+00   4.047062281484669D-02   3.018905614267539D+01   8.751434257905653D-01   3.618859581832062D-01  -3.211892550590318D-01
   2.112000000000000D+03   1.217420275893346D+00   1.000000000000000D+00  -1.661339382662228D+00  -4.715925302789699D+00   2.878638901492219D+01  -2.112943675710372D-01  -5.486265824744645D-01  -8.089274153069267D-01
   2.112000000000000D+03   3.746611409342515D+00   1.000000000000000D+00   2.505120026346204D+00  -4.327166932584602D+00   3.030548502026777D+01   1.541432308439592D-01  -9.338846851801099D-01  -3.226441680412529D-01
   2.112000000000000D+03   2.034808556509335D+01   1.000000000000000D+00  -3.450759944008798D+00  -3.618322237908326D+00   5.239963090449744D+01  -8.605956796091889D-01  -3.562556619150370D-01   3.639463965908677D-01
   2.112000000000000D+03   1.606518649974056D+02   1.000000000000000D+00   3.984029590658110D+00  -3.021176629513671D+00   3.462825001062900D+01   4.377637343639806D-01  -4.089255499542044D-01   8.007139361034962D-01
   2.112000000000000D+03   1.162026172902730D+00   1.000000000000000D+00  -3.273204380560597D+00  -3.779700132411762D+00   3.167333202582476D+01  -1.235057145544178D-01  -9.347369901703843D-01  -3.331862807493931D-01
   2.112000000000000D+03   3.763958875490158D+02   1.000000000000000D+00  -4.582109701793946D+00   2.001067385814510D+00   3.876821974762306D+01  -1.914191540281242D-01   2.261866095240034D-02   9.812477279708104D-01
   2.112000000000000D+03   1.646187187300484D+00   1.000000000000000D+00  -4.897388469768348D+00  -1.007762958806550D+00   2.432875854280706D+01  -3.587532705054525D-01  -7.187138069842745D-01   5.956060397207309D-01
   2.112000000000000D+03   2.960617910464536D+01   1.000000000000000D+00  -4.074235397539207D+00  -2.898379880998013D+00   2.811790080436048D+01  -6.296457671997031D-01  -6.908792785349143D-01   3.552914723696218D-01
   2.112000000000000D+03   1.537650385767320D+01   1.000000000000000D+00   2.373565283611256D+00   4.400703108499249D+00   3.228382815977999D+01   3.123056239505717D-01   3.677793071230118D-01   8.759015803735951D-01
   2.112000000000000D+03   5.218789276248192D+00   1.000000000000000D+00  -4.764939806024881D+00   1.515040809272787D+00   2.563203397813083D+01  -9.826165391647518D-01  -1.854257246929309D-01  -9.057460018546834D-03
   2.112000000000000D+03   1.694382066567869D+00   1.000000000000000D+00   6.991639947403283D-02   4.999511146408429D+00   2.975631179974837D+01   6.998359680966789D-01   5.880253970769426D-01  -4.055314416302245D-01
   2.112000000000000D+03   2.421162764681073D+00   1.000000000000000D+00  -3.952614221885073D+00  -3.062162768307175D+00   3.013580644223831D+01  -4.344548436041379D-01  -5.258282580309906D-01   7.312685087743065D-01
   2.112000000000000D+03   1.334632428113196D+00   1.000000000000000D+00   2.068150763747774D+00  -4.552224997226111D+00   1.886200335509678D+01   2.288905153766136D-01  -6.605579973944372D-01  -7.150330510185380D-01
   2.112000000000000D+03   6.664693444555361D+00   1.000000000000000D+00   2.229169628684108D+00   4.475578485059013D+00   2.698397608554959D+01   5.821847302580525D-01   7.569064595414149D-01   2.969066374449028D-01
   2.112000000000000D+03   1.671256516027370D+00   1.000000000000000D+00  -4.961626040912477D+00   6.182774773143090D-01   2.732301271910629D+01  -9.318946954144092D-01  -3.497334549390966D-01  -9.622259170719011D-02
   2.112000000000000D+03   1.208432633081770D+00   1.000000000000000D+00   3.352327383319745D-01   4.988749243642138D+00   1.618650959670451D+01   1.146412569257767D-01   4.723318672493971D-01  -8.739336298547938D-01
   2.112000000000000D+03   1.135880221204502D+00   1.000000000000000D+00  -3.936401516579632D+00  -3.082976339377517D+00   2.210461389997017D+01  -4.601934218405288D-01  -8.545334062719603D-01  -2.408208297883419D-01
   2.112000000000000D+03   1.481168642175930D+00   1.000000000000000D+00  -9.350310777473907D-01   4.911793653220593D+00   2.606741655435247D+01  -7.185936132791388D-01   6.950347189185538D-01   2.345119298113030D-02
   2.112000000000000D+03   1.379305132870854D+00   1.000000000000000D+00  -4.999120642470426D+00  -9.376999081258347D-02   2.719776745492353D+01  -9.094292262756209D-01  -3.103678912550832D-01   2.767855749015798D-01
   2.112000000000000D+03   5.179832171235521D+00   1.000000000000000D+00  -4.033712440780037D+00   2.954515857535728D+00   2.286955779063385D+01  -9.933055622871886D-01  -1.150277754970598D-01   1.061464994854511D-02
   2.112000000000000D+03   3.029265512989355D+00   1.000000000000000D+00  -4.729508327503442D+00   1.622267236822788D+00   2.398902942496873D+01  -9.138965351155689D-01  -3.240856600148775D-01   2.444618744845069D-01
   2.112000000000000D+03   2.035466194632022D+00   1.000000000000000D+00   2.736911838821603D+00   4.184413172035882D+00   2.361202354029861D+01   9.420315680571466D-01   3.145874786409247D-01   1.166672321868458D-01
   2.112000000000000D+03   2.241955885571087D+00   1.000000000000000D+00  -3.850783434826109D+00   3.189273733399434D+00   2.352010360379608D+01  -9.737585552944251D-01   1.541503206577405D-01   1.674274608062535D-01
   2.112000000000000D+03   1.928376095936642D+00   1.000000000000000D+00  -1.769554098236211D+00   4.676395866534207D+00   2.492677503471428D+01  -1.385651981801053D-01   7.091336639977778D-01   6.913241876561206D-01
   2.112000000000000D+03   2.121073717266086D+00   1.000000000000000D+00   3.576544695148869D+00   3.494041792684631D+00   1.812552482071359D+01  -1.015919214757103D-01   8.802199214800449D-01   4.635644198172854D-01
   2.112000000000000D+03   3.739145335421124D+01   1.000000000000000D+00   2.538605879573340D+00  -4.307607247268604D+00   2.551578341613887D+01   3.812910334284025D-01  -7.648599466709566D-01   5.192363718053683D-01
   2.112000000000000D+03   2.031013870927911D+01   1.000000000000000D+00  -7.045648769748367D-01   4.950109932525331D+00   2.171227001359289D+01  -9.360446715167742D-02   9.919581629470922D-01   8.518924047014780D-02
   2.112000000000000D+03   5.338182365659749D+00   1.000000000000000D+00   4.300156519802420D+00   2.551206363863335D+00   2.720860263218217D+01   6.767970320418418D-01  -9.069914548593128D-04   7.361691074650273D-01
   2.112000000000000D+03   1.924928708452844D+00   1.000000000000000D+00  -1.571949496958716D+00   4.746469718193829D+00   2.277860995330184D+01  -5.774912999643939D-02   6.887451966478763D-01   7.226998630684334D-01
   2.112000000000000D+03   1.396836291335944D+00   1.000000000000000D+00   3.983082225334042D+00   3.022425515008223D+00   2.250270539176836D+01   9.977221915998165D-01  -6.672136127740719D-02  -9.934200448391994D-03
   2.112000000000000D+03   1.170524169383157D+00   1.000000000000000D+00   2.273846800031675D+00   4.453046231480076D+00   1.867224247099122D+01   6.464358407316599D-01   7.605345783518351D-01  -6.089219119680428D-02
   2.112000000000000D+03   4.686413705237555D+00   1.000000000000000D+00   2.961178658454374D+00   4.028823768921344D+00   2.156517510932475D+01   9.396752851291901D-01   3.408106272394164D-01  -2.929974194512514D-02
   2.112000000000000D+03   1.062050444047145D+00   1.000000000000000D+00  -1.414464153706547D+00   4.795757621848434D+00   2.177027896709701D+01  -5.243898227370639D-01   8.501966593390955D-01   4.670068798671591D-02
   2.112000000000000D+03   3.515017479983499D+00   1.000000000000000D+00   4.770111576509980D+00   1.498677934942415D+00   1.474226895327174D+01   5.779560033872574D-01  -1.588200440000971D-01  -8.004642726395950D-01
   2.112000000000000D+03   1.919516485804137D+01   1.000000000000000D+00   1.882137934582010D+00   4.632230219257031D+00   2.974095395438183D+01  -4.812627910263959D-02   9.900020507276721D-01   1.325888412150080D-01
   2.112000000000000D+03   2.095667163851886D+00   1.000000000000000D+00   1.264223600258483D+00  -4.837534361391580D+00   3.128794945455129D+01   2.690794774677394D-01  -8.697007763319341D-01   4.137835115773939D-01
   2.112000000000000D+03   1.384817099336321D+01   1.000000000000000D+00  -2.494906211716307D+00  -4.333063927758842D+00   2.923662882362570D+01  -9.499402791569093D-01  -2.960354187120713D-01   9.988241538560308D-02
   2.112000000000000D+03   2.643483292149362D+00   1.000000000000000D+00   3.011871089843206D+00  -3.991069098360904D+00   2.874012452361581D+01   4.664374854614110D-01  -8.662999517778170D-01  -1.787749023386336D-01
   2.112000000000000D+03   3.902421143125556D+00   1.000000000000000D+00   4.911113127106240D+00   9.385988805166955D-01   3.419515372622765D+01   4.755231249349157D-01   5.709189306884412D-01   6.692752290602868D-01
   2.112000000000000D+03   1.525293361121838D+00   1.000000000000000D+00  -4.000183400611376D+00   2.999755451780160D+00   3.387077509635387D+01  -7.564585909087588D-01   4.933116141069694D-01   4.294345719984728D-01
   2.112000000000000D+03   1.112218639137796D+00   1.000000000000000D+00   4.544802404537339D+00   2.084411454515175D+00   2.655910944084555D+01   4.908856229809134D-01   8.492785575096607D-01  -1.943122150173536D-01
   2.112000000000000D+03   1.476191933458826D+00   1.000000000000000D+00   4.909130206437630D+00  -9.489154986642652D-01   2.876314837314552D+01   8.082187387155221D-01   3.012259677009546D-01  -5.060092753811080D-01
   2.112000000000000D+03   1.724674817425464D+00   1.000000000000000D+00  -4.150020133318576D+00   2.788786994835432D+00   3.230802081564198D+01  -7.323506390378094D-01   6.157206106327744D-01  -2.907759810282064D-01
   2.112000000000000D+03   2.931772285358306D+00   1.000000000000000D+00  -1.573194577352030D+00  -4.746057187758323D+00   3.257259798926561D+01  -6.654263571672788D-01  -5.887612517359621D-01  -4.588768371157872D-01
   2.112000000000000D+03   2.048103612217034D+01   1.000000000000000D+00   4.924877352308264D+00   8.634715233588366D-01   3.034896066112347D+01   6.244551240644777D-01   4.515219321976223D-01  -6.373254606354143D-01
   2.112000000000000D+03   1.049393326620930D+00   1.000000000000000D+00  -3.829631474063596D+00  -3.214641936819939D+00   2.789797805879401D+01  -8.738052988816402D-01  -3.744196313993215D-01  -3.102809038100212D-01
   2.212000000000000D+03   1.894240101012825D+02   1.000000000000000D+00  -2.867238886512488D+00  -4.096210587375085D+00   2.622244558701885D+01  -4.987346356036705D-01  -6.827198358938700D-01   5.340013004912265D-01
   2.112000000000000D+03   1.501685548335963D+00   1.000000000000000D+00  -2.182861762780144D+00  -4.498345755316570D+00   2.409970641405608D+01  -2.406222613735359D-01  -9.705503769219171D-01  -1.152793078616232D-02
   2.112000000000000D+03   1.216061333381731D+00   1.000000000000000D+00  -4.997386735200122D+00   1.616348382152300D-01   2.762236207050363D+01  -1.784478147866379D-01   9.139019118720046D-01   3.646089314245727D-01
   2.112000000000000D+03   3.204694937205431D+00   1.000000000000000D+00   2.720188166336109D+00  -4.195304082454498D+00   3.223159592198837D+01   4.533153531331551D-01  -2.464876325952387D-01   8.565915231843925D-01
   2.112000000000000D+03   1.605687413535617D+00   1.000000000000000D+00  -8.536991691000191D-01  -4.926580734896897D+00   1.992015452125464D+01  -2.826907695440097D-02  -8.861159356151720D-01  -4.626007003204752D-01
   2.112000000000000D+03   3.948385490009400D+00   1.000000000000000D+00  -8.317011435521224D-01  -4.930342099317098D+00   2.603298440922623D+01   1.504388885518977D-01  -8.858088399054951D-01   4.389884280440094D-01
   2.112000000000000D+03   1.035645034950119D+01   1.000000000000000D+00  -3.250621771442343D+00  -3.799139127108720D+00   2.997830525634579D+01  -8.072141505341313D-01  -3.758041353149915D-01  -4.551665267323734D-01
   2.112000000000000D+03   1.569143357755252D+00   1.000000000000000D+00  -3.805004323969937D+00  -3.243754322274566D+00   3.477191718391614D+01  -9.001685941493418D-01  -2.858662146222355D-01   3.285985536254708D-01
   2.112000000000000D+03   1.463719597856311D+00   1.000000000000000D+00   4.120223277824849D+00  -2.832624251549008D+00   3.352817316752088D+01   8.449291166580092D-01  -4.643622668041819D-01   2.654476840961290D-01
   2.112000000000000D+03   1.697967500267305D+01   1.000000000000000D+00   4.630150893514061D+00   1.887247389954482D+00   3.629859739603868D+01   4.996760717482089D-01   7.873683671906624D-01   3.610746151002432D-01
   2.112000000000000D+03   2.256846361792100D+00   1.000000000000000D+00   4.924679320596171D+00   8.646002531283276D-01   3.638049424061947D+01   7.600999560692678D-01   5.381951369068396D-01   3.641346610710450D-01
   2.112000000000000D+03   1.094875283649155D+00   1.000000000000000D+00  -2.132811719695375D+00  -4.522290810613624D+00   4.078005330267869D+01  -7.616256813311808D-01  -4.623276225223651D-01   4.540699186134581D-01
   2.112000000000000D+03   1.530407377057941D+00   1.000000000000000D+00   2.429643774156609D+00  -4.369992121196172D+00   4.388323612429261D+01   6.683064902467175D-01  -6.140854785160017D-01  -4.198398029842897D-01
   2.112000000000000D+03   1.716703411597464D+00   1.000000000000000D+00  -2.987633152931148D+00  -4.009245334251343D+00   4.446956920646193D+01  -7.993712211096096D-01  -2.410700994201493D-01  -5.503552107750880D-01
   2.112000000000000D+03   1.045820391906204D+00   1.000000000000000D+00  -4.933870121553837D+00  -8.105094869856647D-01   3.333173046997574D+01  -4.784077379138411D-01  -8.305254172800734D-02   8.742015280338274D-01
   2.112000000000000D+03   1.606559176458177D+00   1.000000000000000D+00  -3.311390892204330D+00  -3.746290214123221D+00   2.896113687663219D+01  -4.751798200790957D-01  -8.357847321666232D-01  -2.750782071825459D-01
   2.112000000000000D+03   3.854176035767209D+00   1.000000000000000D+00  -3.338946877161432D+00   3.721751437027018D+00   3.288960601559229D+01  -3.640895304324984D-01   6.834684970656695D-01   6.327002665940940D-01
   2.112000000000000D+03   1.218154263189891D+02   1.000000000000000D+00  -4.321306608730661D+00  -2.515215536840258D+00   3.234681109825642D+01  -2.532206823471186D-01  -2.451941017828471D-01   9.358200353073034D-01
   2.112000000000000D+03   1.246164854799336D+00   1.000000000000000D+00  -3.485730016002706D+00  -3.584645904806319D+00   2.902202742475879D+01  -1.016805713089970D-01  -9.203253758551103D-01   3.777065845010197D-01
   2.112000000000000D+03   4.020708492167614D+00   1.000000000000000D+00  -3.956028092463852D+00   3.057751091962348D+00   2.463380674317589D+01  -9.880063895073014D-01   1.541904626065081D-01  -8.287070286756300D-03
   2.112000000000000D+03   1.534593107716091D+00   1.000000000000000D+00   4.998432871505289D+00   1.251752293401998D-01   2.391497946911258D+01   9.087520693581513D-01  -3.981877096460363D-01  -1.249648923663036D-01
   2.112000000000000D+03   2.390587569333661D+00   1.000000000000000D+00   1.274010164971489D+00   4.834966194997471D+00   2.232024565197140D+01   4.614827457999666D-01   6.249412889014045D-01  -6.296682148204519D-01
   2.112000000000000D+03   5.557580678854035D+00   1.000000000000000D+00  -1.645638042605845D+00   4.721427267544446D+00   2.349925131735731D+01  -3.341939085872626D-01   9.408053445085112D-01  -5.656620198838092D-02
   2.112000000000000D+03   1.921056043628596D+00   1.000000000000000D+00  -2.207629310122242D+00   4.486242618750088D+00   2.958314170148745D+01  -2.361107383138446D-01   4.634122665499227D-01   8.541081842857816D-01
   2.112000000000000D+03   2.663107788758220D+02   1.000000000000000D+00   4.815987464929560D+00   1.343973489430474D+00   3.920192266530558D+01   2.497930999306852D-01   9.098807631542018D-02   9.640148220828546D-01
   2.112000000000000D+03   2.043456140038074D+00   1.000000000000000D+00  -2.641176744921240D+00   4.245490008372525D+00   2.508069323490091D+01  -6.475558259322661D-01   6.693068842748123D-01  -3.642797646912657D-01
   2.112000000000000D+03   1.393883394590944D+00   1.000000000000000D+00   4.884644293520156D+00  -1.067824952668316D+00   2.261408978392618D+01   5.250482121243270D-01   6.411325864661890D-01  -5.597083003817456D-01
   2.212000000000000D+03   1.603606155133143D+02   1.000000000000000D+00   4.156566191145155D+00   2.779020961239979D+00   2.753588861424122D+01   4.001202331786333D-01   1.899707012598898D-01   8.965572662490120D-01
   2.112000000000000D+03   9.206218099389091D+00   1.000000000000000D+00   9.627581377155373D-01   4.906434222289850D+00   3.568996593170878D+01  -1.553766347392964D-01   9.878538479488904D-01   1.696015819924001D-03
   2.112000000000000D+03   2.986473922486987D+01   1.000000000000000D+00   3.712273709639874D+00  -3.349481140477857D+00   2.863103525329106D+01   8.350132862185506D-01   7.454205963143856D-02   5.451571270600799D-01
   2.112000000000000D+03   6.488242351743196D+00   1.000000000000000D+00  -3.893308483979678D+00  -3.137219956746797D+00   3.182474375809943D+01  -9.732452212228482D-01  -1.371006057434366D-01  -1.843831968257194D-01
   2.112000000000000D+03   1.225647278389057D+02   1.000000000000000D+00   3.621845704108379D+00  -3.447061604245392D+00   2.223738353413671D+01   1.443102450786596D-01  -9.842883202231985D-01  -1.017401387729124D-01
   2.112000000000000D+03   8.840339622566779D+01   1.000000000000000D+00   4.871382848785245D+00   1.126778214711877D+00   2.615413669141360D+01   5.041059573918302D-01  -1.433526445377676D-01   8.516614368551007D-01
   2.112000000000000D+03   8.702860001952988D+01   1.000000000000000D+00   1.489055294839833D+00   4.773124169190391D+00   2.576683490715595D+01  -3.055961005828667D-01   6.819541607583010D-01   6.644919457246927D-01
   2.112000000000000D+03   3.026503652575729D+00   1.000000000000000D+00   4.976360976041467D+00   4.856247959631836D-01   2.217334675785624D+01   7.045198232275116D-01  -7.096275163369241D-01   8.978125470528243D-03
   2.112000000000000D+03   3.247968417355878D+00   1.000000000000000D+00   4.280261854620702D+00   2.584445485176597D+00   2.264473832987794D+01   8.442957093784472D-01   5.307013091410036D-01  -7.430259484815702D-02
   2.112000000000000D+03   1.102867044173081D+00   1.000000000000000D+00   2.760451671552674D+00   4.168921512669747D+00   2.860019659713644D+01   7.140168108072118D-01   7.000064343725191D-01  -1.307615087746912D-02
   2.112000000000000D+03   3.830056140232273D+00   1.000000000000000D+00   3.531442792933321D+00   3.539620291182950D+00   2.531953796694235D+01   2.063841745922638D-01   5.730982580278662D-01   7.930724803719361D-01
   2.112000000000000D+03   1.833102576073276D+00   1.000000000000000D+00   3.083302503452155D+00   3.936146043837661D+00   3.781371123076149D+01   3.786144525952586D-01   4.926694788183428D-01   7.835355007444496D-01
   2.112000000000000D+03   9.359815893131614D+01   1.000000000000000D+00  -1.029975041498105D+00  -4.892765212201576D+00   2.941447056936860D+01  -7.325136171839733D-01  -6.468752787347000D-01   2.120758694475998D-01
   2.112000000000000D+03   3.770474001610757D+01   1.000000000000000D+00   2.542677306209655D+00  -4.305205236132547D+00   2.980099991270669D+01   3.975800718663203D-01  -7.798535951769636D-01   4.834857356161983D-01
   2.112000000000000D+03   9.568345307475646D+00   1.000000000000000D+00  -3.111839330194202D+00  -3.913624405829778D+00   3.202706222996772D+01  -7.942973125654152D-01  -2.435755050273326D-01   5.565633410511683D-01
   2.112000000000000D+03   3.252609501005033D+00   1.000000000000000D+00  -3.048492199914123D+00  -3.963167333621384D+00   2.542842169850138D+01  -7.501350450625438D-01  -3.339904926830802D-01  -5.707431690054021D-01
   2.112000000000000D+03   3.901366143785889D+00   1.000000000000000D+00   3.355764014654371D+00  -3.706595187783749D+00   2.782886466479953D+01   6.362074031280422D-01  -5.235185913764983D-01  -5.667172352136816D-01
   2.112000000000000D+03   3.130029008137636D+00   1.000000000000000D+00   9.916174767549600D-01  -4.900683094051300D+00   2.815794422816460D+01  -1.838878614115783D-01  -9.070962984100022D-01  -3.786311659601578D-01
   2.112000000000000D+03   5.557700813747488D+00   1.000000000000000D+00   4.036191270854859D+00  -2.951128602715735D+00   2.467429187648380D+01   4.952732964226638D-01  -1.175573667549047D-01  -8.607465523441155D-01
   2.112000000000000D+03   1.449766680232396D+01   1.000000000000000D+00   1.679578799380306D+00   4.709460167183421D+00   3.129505497894102D+01   1.020177165915216D-01   9.844435983189685D-01   1.430495970992338D-01
   2.112000000000000D+03   5.266587158576063D+01   1.000000000000000D+00  -4.230551346041656D+00  -2.665039458887547D+00   3.248807716232108D+01  -8.562092075050745D-01  -3.148207233058567D-01   4.096262994006974D-01
   2.112000000000000D+03   4.066464003981898D+01   1.000000000000000D+00  -1.368881861145117D+00  -4.808966880633874D+00   3.264297384027009D+01  -2.205030823599673D-01  -8.527736796178030D-01   4.734505697756271D-01
   2.112000000000000D+03   1.521822831657924D+01   1.000000000000000D+00   1.695311889010874D+00   4.703819470278209D+00   3.096668439680715D+01   3.380783221342629D-01   9.400542544978480D-01   4.473306051878523D-02
   2.112000000000000D+03   1.089234767288616D+00   1.000000000000000D+00  -1.877891883647512D+00  -4.633953180951444D+00   3.001821517219354D+01  -2.549807344698118D-01  -9.669460685260959D-01   3.544166508844260D-04
   2.112000000000000D+03   1.007699055768057D+00   1.000000000000000D+00   4.474732353244717D+00   2.230867628640869D+00   3.059913682798222D+01   8.348515047500620D-01   4.978497139995367D-01  -2.348800274334464D-01
   2.112000000000000D+03   1.119483295608515D+02   1.000000000000000D+00   3.873111722143177D-01  -4.984976435796556D+00   3.358824366523654D+01  -7.705491816079008D-02  -9.657666512476883D-01   2.477040874209788D-01
   2.112000000000000D+03   1.219583605859839D+00   1.000000000000000D+00   9.474924168439206D-01   4.909405068845555D+00   3.000406793735190D+01   2.333029131274512D-01   9.717111874067033D-01   3.670311968892452D-02
   2.112000000000000D+03   2.353683128852979D+00   1.000000000000000D+00   2.041949209869912D-01   4.995828704323879D+00   2.712987601928673D+01   9.976629456641695D-02   8.669778579517535D-01  -4.882582106732828D-01
   2.112000000000000D+03   3.811029222474531D+00   1.000000000000000D+00  -1.214901066703188D+00  -4.850156224710531D+00   3.129755209828308D+01  -5.922105384665910D-01  -4.676036948765191D-01  -6.562266854273284D-01
   2.112000000000000D+03   3.281681998668073D+00   1.000000000000000D+00  -3.108084027981548D+00   3.916607420301064D+00   3.624218525413566D+01  -4.722912459888506D-01   8.700802078865936D-01   1.410723601784585D-01
   2.112000000000000D+03   2.774041677286959D+00   1.000000000000000D+00  -9.541290315423863D-01  -4.908119578755221D+00   3.309149735185290D+01  -7.165906912910388D-01  -6.952657374203228D-01  -5.570758946863341D-02
   2.112000000000000D+03   4.675499256384663D+00   1.000000000000000D+00   2.799241374289850D+00  -4.142975709683850D+00   2.807841880604466D+01   4.748467176438341D-01   1.108941667000901D-02  -8.799986474880495D-01
   2.112000000000000D+03   1.541444741390478D+00   1.000000000000000D+00   7.518469491696734D-03  -4.999994348207395D+00   3.319293291408005D+01  -3.139408506644692D-01  -9.494119499066798D-01  -7.621788403382401D-03
   2.112000000000000D+03   6.628587289098806D+01   1.000000000000000D+00  -4.857186907843462D+00   1.186480236388330D+00   2.810566399553642D+01  -9.387040000971600D-01  -2.228668297970971D-02  -3.440030580726759D-01
   2.112000000000000D+03   9.155264209782921D+00   1.000000000000000D+00  -3.513781263721872D+00   3.557153530210795D+00   2.939633200478020D+01  -5.284545654844490D-03   9.469452390157298D-01   3.213515020700293D-01
   2.112000000000000D+03   7.796242282956861D+00   1.000000000000000D+00  -4.738372601250973D+00  -1.596190808343517D+00   3.147102748003587D+01  -2.943242912026190D-01  -6.694074251537168D-01   6.821047652356249D-01
   2.112000000000000D+03   2.267238358185431D+00   1.000000000000000D+00  -2.800113794131025D+00   4.142386117808389D+00   2.837243910711933D+01  -2.119950377593479D-01   9.544363848887395D-01  -2.100221206585770D-01
   2.112000000000000D+03   1.782870387819344D+00   1.000000000000000D+00  -4.585627483528042D+00   1.992992873042109D+00   2.879108121674124D+01  -8.059479836437417D-01   5.752178464685629D-01   1.399009534086740D-01
   2.112000000000000D+03   1.037157193937231D+02   1.000000000000000D+00  -4.986625528887184D+00   3.654666041345794D-01   2.799075423034031D+01  -3.938884891891602D-01   2.171144108812121D-01   8.931479108591057D-01
   2.112000000000000D+03   1.539863769268546D+01   1.000000000000000D+00  -2.440260564971430D+00  -4.364072453773800D+00   4.072164107631992D+01   2.894274677692117D-01  -9.342787493216055D-01   2.082185377596297D-01
   2.112000000000000D+03   4.765542895653115D+01   1.000000000000000D+00   4.104357112263100D+00   2.855565216344635D+00   2.205975257413311D+01   6.963410090421271D-01   7.119450690841784D-01  -9.079326920491954D-02
   2.112000000000000D+03   4.714526555771663D+01   1.000000000000000D+00  -4.975301219464211D+00  -4.963645677765952D-01   2.047673323747374D+01  -8.796133010183500D-01   2.080873399898874D-01  -4.277617322850825D-01
   2.112000000000000D+03   1.686750728174729D+00   1.000000000000000D+00  -3.211720874780309D+00  -3.832081552949349D+00   2.066079748432498D+01  -3.693062416466608D-01  -4.673782597682068D-01  -8.032250383154529D-01
   2.112000000000000D+03   2.849206787048047D+00   1.000000000000000D+00  -4.256883079861992D+00  -2.622774571644368D+00   2.277262198738149D+01  -7.482338589974300D-01  -5.546297702563396D-01   3.640493238494117D-01
   2.112000000000000D+03   1.547743690670586D+00   1.000000000000000D+00  -4.967350676231875D+00  -5.704623275066228D-01   2.105687042618426D+01  -8.421681432561972D-01   5.269013531971486D-01  -1.145765354835925D-01
   2.112000000000000D+03   2.593281539745917D+00   1.000000000000000D+00  -3.871969852564405D+00   3.163518526735591D+00   2.314837145755575D+01  -4.530136395246351D-01   7.363387584121224D-01   5.025772331341105D-01
   2.112000000000000D+03   1.643419854927402D+00   1.000000000000000D+00  -3.657882299773441D+00  -3.408797014912563D+00   2.368694158956471D+01  -4.289946586071180D-01  -6.944118868440109D-01   5.777159460291043D-01
   2.112000000000000D+03   1.781961483771397D+00   1.000000000000000D+00  -2.848017725333478D-01  -4.991882206128003D+00   2.145512632219952D+01  -3.912255219198507D-02  -9.488630850684641D-01  -3.132543243186631D-01
   2.112000000000000D+03   4.135435760609312D+00   1.000000000000000D+00  -4.882064972541993D+00  -1.079556208944647D+00   2.809370033768272D+01  -4.975497784747949D-01   2.157114473496762D-01   8.401861635506684D-01
   2.112000000000000D+03   1.009899577926035D+00   1.000000000000000D+00  -1.209171699480568D+00  -4.851587761204428D+00   2.330527829013467D+01   3.986795584466706D-01  -4.593816607343844D-01  -7.937399444765816D-01
   2.112000000000000D+03   1.745089838852243D+00   1.000000000000000D+00   3.850126305586216D+00  -3.190066996237681D+00   1.990519304412364D+01   8.039919636319054D-01  -5.111053207805678D-01  -3.039214923053416D-01
   2.112000000000000D+03   1.442135805443286D+00   1.000000000000000D+00  -3.206295828855879D+00  -3.836621830178053D+00   2.440319510989552D+01  -5.537374180455287D-01  -8.323099838410837D-01   2.519846532482317D-02
   2.212000000000000D+03   8.112772988129232D+01   1.000000000000000D+00   2.946247320523357D+00   4.039755776755511D+00   2.665584363145598D+01   5.120593689718100D-01   8.049097346696171D-01   2.998591697485312D-01
   2.112000000000000D+03   5.126339286131699D+01   1.000000000000000D+00   2.338254507144387D+00   4.419566253536832D+00   2.615865398478711D+01   1.987112985987099D-01   9.789822751657600D-01   4.590778496602440D-02
   2.112000000000000D+03   4.865263777265678D+01   1.000000000000000D+00   2.429878423560778D+00  -4.369861651613105D+00   3.066485056450007D+01   5.938468976665778D-02  -8.279940483478759D-01   5.575834596917426D-01
   2.112000000000000D+03   5.157306576768717D+00   1.000000000000000D+00   4.984284183851399D+00   3.961201595855307D-01   2.745510062436185D+01   6.810128622594129D-01  -7.162554483955124D-01   1.523141952707795D-01
   2.112000000000000D+03   2.442436343257470D+00   1.000000000000000D+00   2.764857071469255D+00   4.166001125718981D+00   2.894450772111416D+01  -4.295961424122137D-01   9.026531846251453D-01  -2.577562241010245D-02
   2.112000000000000D+03   4.207738961459512D+00   1.000000000000000D+00  -4.180167762350200D+00   2.743391602872761D+00   2.387716090282965D+01  -9.406574468402202D-01   4.382077631835512D-02  -3.365164294160016D-01
   2.112000000000000D+03   1.562590130198373D+00   1.000000000000000D+00  -4.922686792289277D+00  -8.758737086010338D-01   3.267281668788973D+01  -8.037882690422755D-01  -2.764198256305334D-01   5.267983471390245D-01
   2.112000000000000D+03   1.296867381301861D+02   1.000000000000000D+00  -4.079835462378494D+00  -2.890491758243014D+00   3.488434997781133D+01  -2.984333807393180D-01  -3.661661767271804D-01   8.813965329416156D-01
   2.112000000000000D+03   1.569246173294458D+00   1.000000000000000D+00   4.114107946071303D+00  -2.841498867627128D+00   3.346042823985788D+01   5.849579739532329D-01  -3.237956031629360D-01   7.436266375546798D-01
   2.112000000000000D+03   2.176331099995991D+00   1.000000000000000D+00  -2.452982143776148D+00  -4.356934542853527D+00   2.403903055926054D+01  -1.942526214794237D-01  -8.540296208154515D-01  -4.825964419866641D-01
   2.112000000000000D+03   2.923892104300637D+01   1.000000000000000D+00  -4.989080335580433D+00  -3.302686993858199D-01   2.364086390826382D+01  -8.958570487073435D-01   4.081994943657418D-01  -1.755372355966705D-01
   2.112000000000000D+03   2.389954522821758D+00   1.000000000000000D+00   2.254830320121094D+00  -4.462705483973122D+00   2.472465092771761D+01   6.223717026586765D-01  -7.186765619094838D-01  -3.100926685552300D-01
   2.112000000000000D+03   4.286217699454808D+00   1.000000000000000D+00  -3.246578905691632D+00  -3.802594563501073D+00   1.937860455850161D+01  -6.381336252842020D-01  -1.454655645234896D-01  -7.560590227088784D-01
   2.112000000000000D+03   3.443169094164422D+00   1.000000000000000D+00   4.830087307716675D+00   1.292384078519470D+00   2.867799395169012D+01   5.083528197265771D-01   6.443756303487748D-01   5.712770411006005D-01
   2.112000000000000D+03   3.065144364528805D+00   1.000000000000000D+00   3.133214065356994D+00   3.896533026608553D+00   3.136504443346793D+01   1.807968502275209D-01   7.274639291295915D-01   6.618978250176868D-01
   2.112000000000000D+03   7.571742244478811D+01   1.000000000000000D+00   4.705622792019677D+00  -1.690300016351133D+00   2.308444737071139D+01   4.385636554733284D-01  -5.692085897821514D-01   6.954592018343608D-01
   2.112000000000000D+03   3.125291980810294D+01   1.000000000000000D+00   4.900501234127973D+00   9.925158242133688D-01   2.247670459326640D+01   5.820778701554111D-01   6.542858774466015D-01   4.827994859662457D-01
   2.112000000000000D+03   1.085726465646871D+00   1.000000000000000D+00   6.230424964292477D-01  -4.961029938794553D+00   2.149903473732493D+01  -3.253952073677905D-01  -6.428244179829781D-01  -6.934657357555009D-01
   2.112000000000000D+03   9.974996903552990D+01   1.000000000000000D+00   2.199659865908748D+00   4.490155507556765D+00   2.446090416007159D+01  -1.880292511561681D-01   9.531121465780209D-01   2.371122872292531D-01
   2.112000000000000D+03   2.020890447976265D+00   1.000000000000000D+00   4.692225444739698D+00   1.727142259754868D+00   2.402477627222973D+01   8.616818444745264D-01   4.653314498719873D-01   2.024130446957712D-01
   2.112000000000000D+03   2.789486945366071D+00   1.000000000000000D+00   3.851760584381357D+00   3.188093537920847D+00   2.490975892066910D+01   6.454507497202161D-02   8.514876996017308D-01   5.203870009174023D-01
   2.112000000000000D+03   1.636872197758365D+01   1.000000000000000D+00   2.488178868705943D+00   4.336930472847284D+00   2.794498023944863D+01   4.615044393543918D-01   7.712305616441076D-01   4.384256758474608D-01
   2.112000000000000D+03   2.837683941810724D+00   1.000000000000000D+00  -2.084379532471840D+00  -4.544817044650689D+00   2.930718579979481D+01   7.536226832248782D-02  -5.554814218435721D-01   8.281068279515229D-01
   2.212000000000000D+03   1.968138311735885D+02   1.000000000000000D+00  -3.482994215629507D+00   3.587304182738344D+00   2.637627549012293D+01  -3.002017636099317D-01   4.891438992193567D-01   8.189121729355172D-01
   2.112000000000000D+03   9.924740165827050D+01   1.000000000000000D+00   1.021471235304086D+00  -4.894547632294189D+00   2.189727508996318D+01   4.077769332107752D-01  -8.700748388100830D-01   2.769255271924627D-01
   2.112000000000000D+03   3.303456038077901D+01   1.000000000000000D+00   1.380248869491265D+00   4.805716706716569D+00   2.890551829850834D+01   5.391436337601296D-02   7.072643226575446D-01   7.048903597847853D-01
   2.112000000000000D+03   2.063717662675679D+01   1.000000000000000D+00   4.742377147433296D+00  -1.584253451975549D+00   2.236625303245854D+01   9.638895802142445D-01   1.730280194482576D-01   2.024306835443211D-01
   2.112000000000000D+03   6.466748495514928D+00   1.000000000000000D+00   4.974408553338789D+00   5.052321774181923D-01   2.407104448005697D+01   8.300280197131455D-01   3.671989466664368D-01   4.197837777453214D-01
   2.112000000000000D+03   1.092278718592524D+00   1.000000000000000D+00   1.973865922613410D+00  -4.593893046692063D+00   2.540458955222485D+01  -8.201626763266162D-02  -5.685766854760299D-01   8.185315415893875D-01
   2.112000000000000D+03   5.013322531297487D+00   1.000000000000000D+00  -4.975100978207467D+00   4.983676017339678D-01   2.401286492603308D+01  -9.706039747262156D-01   1.617910517772997D-01   1.781897298119818D-01
   2.112000000000000D+03   1.166142424536780D+02   1.000000000000000D+00  -4.322252876920285D+00  -2.513589082670212D+00   2.247611079328383D+01  -4.987968574283956D-01  -8.459419670339238D-01   1.886369089821306D-01
   2.112000000000000D+03   1.101227409520964D+02   1.000000000000000D+00   7.656407977428827D-01  -4.941031691026156D+00   3.791389918201008D+01   2.333239731205078D-01  -2.566134760630928D-01   9.379282741607041D-01
   2.112000000000000D+03   1.067747704839462D+00   1.000000000000000D+00  -4.061663872031192D+00  -2.915970952957497D+00   2.231571899546216D+01  -3.043537620018446D-01  -9.230037862797181D-01  -2.354417084304072D-01
   2.112000000000000D+03   1.462398458937697D+00   1.000000000000000D+00  -7.184233849014852D-01  -4.948117606070946D+00   2.888813147325745D+01  -2.670667746697439D-01  -3.131335263410431D-01   9.113850627197726D-01
   2.112000000000000D+03   3.221690532259514D+00   1.000000000000000D+00   1.700893313804336D+00   4.701804115917112D+00   2.810732350905083D+01   3.819423772608419D-01   8.613828569169771D-01   3.348725044877277D-01
   2.112000000000000D+03   1.531505547502775D+00   1.000000000000000D+00  -4.432659051946836D+00   2.313338224037205D+00   2.115081222521524D+01  -9.018053118035282D-01   3.464776641477088D-01  -2.582642210018438D-01
   2.112000000000000D+03   9.355830187584777D+01   1.000000000000000D+00   4.482819932899656D+00   2.214571168208030D+00   2.330836568220913D+01   9.390729233296208D-01   3.254296741405878D-01   1.106235592354133D-01
   2.112000000000000D+03   3.567472910200138D+00   1.000000000000000D+00   4.967795743317790D+00   5.665734359889385D-01   2.321075091198934D+01   6.460279741745101D-01  -6.389270835216698D-01   4.176362514515133D-01
   2.112000000000000D+03   1.437051476105466D+00   1.000000000000000D+00   1.486252107270240D+00  -4.773997767392132D+00   2.080569175020586D+01   2.469801483332114D-01  -9.107807609153514D-01  -3.308764299187212D-01
   2.112000000000000D+03   1.397855211801357D+00   1.000000000000000D+00  -3.899918561933594D+00   3.128999076390614D+00   2.192160666473852D+01  -8.318279574133547D-01   5.240308806596640D-01  -1.829040332540077D-01
   2.212000000000000D+03   2.673938830387251D+02   1.000000000000000D+00   4.871085676965564D+00  -1.128062201533270D+00   2.643489952173716D+01   2.438733022928465D-01  -2.177645079902951D-01   9.450420263081037D-01
   2.112000000000000D+03   1.782688889359418D+01   1.000000000000000D+00   3.488927511749448D+00   3.581533864273202D+00   4.959575912309112D+01   1.800918337062610D-02   4.261118330896515D-01   9.044912243992752D-01
   2.112000000000000D+03   3.972275820974346D+00   1.000000000000000D+00   4.999596236231742D+00  -6.354119849849756D-02   3.654761546160959D+01   9.293871832671582D-01   3.454148537253507D-01   1.301078106980226D-01
   2.112000000000000D+03   3.579184434394533D+00   1.000000000000000D+00  -3.082552887667589D+00   3.936733125921104D+00   3.532693536259073D+01  -5.852210062881906D-01   8.108731549057530D-01  -1.049024417511674D-03
   2.112000000000000D+03   9.976576573847640D+01   1.000000000000000D+00   2.267049471964690D+00   4.456510596547661D+00   2.977077969815441D+01   2.113036414954978D-01   5.069997100420759D-01   8.356447002811621D-01
   2.112000000000000D+03   5.919846084176950D+00   1.000000000000000D+00  -1.220479554187763D+00  -4.848755475892127D+00   2.724445092890059D+01  -4.052592835542074D-01  -6.388256126840084D-01   6.539623457600842D-01
   2.112000000000000D+03   3.908697439686647D+01   1.000000000000000D+00  -3.569658212288056D+00   3.501077013851507D+00   2.449040273649309D+01  -7.435888584051119D-01   5.949925401455753D-01   3.050565305429442D-01
   2.112000000000000D+03   1.460750566450075D+01   1.000000000000000D+00  -2.575358709764337D+00  -4.285735354027930D+00   2.534502508996230D+01  -6.234215737160382D-01  -6.431647237925396D-01   4.446174529798449D-01
   2.112000000000000D+03   2.647522140035676D+00   1.000000000000000D+00   4.897514855812626D+00   1.007148571733404D+00   2.563285419641923D+01   8.326604181416961D-01   1.459880454321446D-01   5.341948321080970D-01
   2.112000000000000D+03   5.389549115812131D+00   1.000000000000000D+00  -2.658973607503871D+00  -4.234366465325945D+00   2.616838741418654D+01  -8.235184203127057D-01  -4.368598190659276D-01  -3.618990327306094D-01
   2.112000000000000D+03   4.683514533686539D+00   1.000000000000000D+00   4.796795910478810D-03  -4.999997699885823D+00   2.653149286226915D+01   2.101427230581838D-01  -8.112515993166695D-01   5.456288835388369D-01
   2.112000000000000D+03   8.954922448479320D+01   1.000000000000000D+00   4.966808521531674D+00  -5.751635597166490D-01   3.213157289925077D+01   9.931815777879549D-01  -1.040450785660677D-01  -5.258303118696238D-02
   2.112000000000000D+03   1.650513212070564D+00   1.000000000000000D+00   3.781362110326087D+00  -3.271284242951787D+00   3.760454878235845D+01   9.821548596449996D-01  -2.546984364721527D-02   1.863414037198853D-01
   2.112000000000000D+03   3.677341784830453D+00   1.000000000000000D+00  -2.902825128367614D-01   4.991566494745807D+00   3.198543397297635D+01  -5.364722205476136D-01   8.430537386736271D-01  -3.818311523608550D-02
   2.112000000000000D+03   1.740718442616837D+00   1.000000000000000D+00   1.564255738124914D+00  -4.749010843462309D+00   3.998309960437489D+01  -1.855849150631075D-01  -6.485473626991987D-01   7.382036017501762D-01
   2.112000000000000D+03   3.984825668811864D+00   1.000000000000000D+00   4.787363529785961D+00  -1.442619298812872D+00   3.424235396331022D+01   6.638256817054597D-01  -4.422808921909689D-01   6.030945835530628D-01
   2.112000000000000D+03   5.233015567792965D+01   1.000000000000000D+00  -2.809885208725674D+00   4.135764152125431D+00   2.671388203968450D+01  -8.474025603616875D-01   4.181704413482808D-01   3.271733220711013D-01
   2.112000000000000D+03   3.061194774817793D+00   1.000000000000000D+00   1.838866969694336D+00   4.649577214785347D+00   2.659617011512780D+01   7.519898831946566D-01   6.149244274495574D-01   2.374429702027853D-01
   2.112000000000000D+03   1.641114025210499D+00   1.000000000000000D+00   4.875376729560427D+00  -1.109369980928202D+00   2.030928874442118D+01   9.715745124209533D-01  -1.128447174442582D-01  -2.081082327994553D-01
   2.112000000000000D+03   1.274026511387092D+00   1.000000000000000D+00   3.672240427982077D+00   3.393324364825223D+00   2.429316840098774D+01   9.133280311512588D-01  -1.304664907496801D-01   3.857595135636047D-01
   2.112000000000000D+03   4.125054012247387D+00   1.000000000000000D+00   4.488798341667482D+00  -2.202428082243922D+00   2.397552175430916D+01   9.097211921102331D-01  -3.283337388406887D-01   2.541737763114656D-01
   1.400000000000000D+01   3.285945318241396D+01   1.000000000000000D+00  -4.263390122447523D+00   2.612183889037266D+00   2.888511011017314D+01  -7.731389089609827D-01  -5.042417642751873D-02   6.322290960421131D-01
  -1.200000000000000D+01   1.494130126085880D+01   1.000000000000000D+00  -3.813584463635635D+00   3.233662559242828D+00   2.611028890187090D+01  -9.909880632111101D-01   1.196072136693443D-01   6.030566317808539D-02
   1.400000000000000D+01   3.695080774186724D+01   1.000000000000000D+00  -4.988833084826688D+00   3.339827232070984D-01   2.381755149302389D+01  -7.988544975953774D-01  -4.618746191759356D-01  -3.853612951928637D-01
   2.112000000000000D+03   2.050640910141138D+02   1.000000000000000D+00  -1.119501944084041D+00   4.873060168324480D+00   2.640452647394123D+01   3.706073946170984D-01   7.950194672692246D-01   4.802022550114534D-01
   2.112000000000000D+03   2.518198276953321D+00   1.000000000000000D+00   1.946967205103637D+00   4.605357609499171D+00   2.430020567091147D+01   7.327250144587321D-01   6.804903951117081D-01   6.846557321942393D-03
   2.112000000000000D+03   1.058420503908664D+01   1.000000000000000D+00  -2.190212940065542D+00   4.494771105054166D+00   2.568798160212411D+01  -1.944684528155555D-01   9.798651372403349D-01   4.523641984622059D-02
   2.112000000000000D+03   1.810710709582608D+00   1.000000000000000D+00   4.902826863612139D-01  -4.975904228948092D+00   3.108343894358444D+01   4.635824696771338D-01  -7.792059526533173D-01   4.218167577961847D-01
   2.112000000000000D+03   1.506893054304403D+00   1.000000000000000D+00  -4.436902470356738D+00   2.305189032571297D+00   2.026475098447832D+01  -8.226745933863424D-01   9.644983724774292D-03  -5.684307237347093D-01
   2.212000000000000D+03   1.908865371280706D+01   1.000000000000000D+00  -3.705207763818722D+00   3.357295851014781D+00   2.552389763063222D+01  -5.263489171490057D-01   6.003881388424977D-02   8.481463070976856D-01
   2.112000000000000D+03   1.547642901924373D+01   1.000000000000000D+00   3.747026783717431D+00   3.310557398694220D+00   2.332900665342915D+01   9.778401608143027D-01   9.316469962019300D-02   1.874805553739851D-01
   2.112000000000000D+03   4.950918186200738D+00   1.000000000000000D+00  -3.087185811118648D+00   3.933101038184222D+00   2.259922508102874D+01  -8.469061328948466D-01   4.715104618740631D-01   2.458208420952221D-01
   2.112000000000000D+03   3.523004243625394D+00   1.000000000000000D+00  -2.225696631867119D+00  -4.477306613442753D+00   2.310216044005578D+01   1.796566946311477D-01  -9.696211967513623D-01   1.660066471098882D-01
   2.112000000000000D+03   3.271478999164742D+00   1.000000000000000D+00  -1.574205116103895D+00   4.745722100874947D+00   2.397042929134188D+01   2.188190087733418D-02   6.710778250688192D-01   7.410639210721958D-01
   2.112000000000000D+03   1.898906789276793D+00   1.000000000000000D+00  -4.591553486577415D+00   1.979302045428368D+00   2.200629613871347D+01  -9.319373960844941D-01  -3.586983660317066D-01  -5.318056022116187D-02
   2.112000000000000D+03   5.009920041911076D+01   1.000000000000000D+00  -1.476530821781392D-02  -4.999978199477211D+00   2.748153315586993D+01   2.112201415457695D-02  -9.574809858905288D-01   2.877221266711255D-01
   2.112000000000000D+03   5.770235748041364D+00   1.000000000000000D+00  -1.937555030058614D+00   4.609325385811885D+00   4.576311979922957D+01  -2.825599028172428D-02   7.252503543361443D-01   6.879051697352595D-01
   2.112000000000000D+03   3.730582168311795D+00   1.000000000000000D+00  -5.929889405651775D-01   4.964711887036441D+00   3.386364475131017D+01  -4.924116112703812D-02   4.889659058931234D-01   8.709119650831409D-01
   2.112000000000000D+03   1.478658708409020D+00   1.000000000000000D+00   1.675259038076206D+00  -4.710998531338537D+00   2.703141842579099D+01  -1.312507113583630D-01  -7.821716454880575D-01   6.090819056271728D-01
   2.112000000000000D+03   1.704635314058400D+00   1.000000000000000D+00   2.719641787492602D-01  -4.992598069994652D+00   1.709478988384760D+01  -1.198751381245926D-01  -3.106883815877358D-01  -9.429224150512086D-01
   2.112000000000000D+03   1.747455429397064D+00   1.000000000000000D+00  -4.863415364470979D+00  -1.160685574254649D+00   2.447503544426743D+01  -9.199186415744370D-01  -3.047095658991849D-01  -2.467828465136361D-01
   2.112000000000000D+03   1.231507397840460D+00   1.000000000000000D+00  -4.978898115668626D+00  -4.588829481996003D-01   3.788006373733618D+01  -5.681186645427304D-01  -7.624408166243186D-01   3.097179105951528D-01
   2.212000000000000D+03   2.045111247821405D+02   1.000000000000000D+00   2.638305194377294D+00  -4.247275092242313D+00   2.370476521325264D+01   8.264587163731113D-01  -4.119427674921034D-01   3.837566239713082D-01
   2.112000000000000D+03   8.373170785115022D+01   1.000000000000000D+00  -2.396024388754030D+00   4.388515368268198D+00   2.612544465634680D+01  -3.084985268104816D-01   8.604193901763600D-01   4.055947878909482D-01
   2.112000000000000D+03   2.528664781407656D+00   1.000000000000000D+00   3.834114183560469D+00  -3.209294071180556D+00   2.237176519107514D+01   9.970308570222894D-01  -3.875683213713568D-02  -6.653854603230233D-02
   2.112000000000000D+03   1.756448593989046D+00   1.000000000000000D+00  -3.444089042951367D+00  -3.624672491491880D+00   2.595306901950954D+01  -8.107411357022551D-01  -1.063666696552663D-01   5.756604402481251D-01
   2.112000000000000D+03   1.100408587965035D+00   1.000000000000000D+00   7.931113226150606D-01  -4.936696713370536D+00   2.431247321008888D+01   2.831009288425358D-01  -9.535321668170398D-01   1.031032052542235D-01
   2.112000000000000D+03   1.527900714865877D+02   1.000000000000000D+00  -2.895320291245862D+00   4.076410236072242D+00   4.013962597485541D+01  -2.515802441120090D-01   2.425586399599312D-02   9.675324458819713D-01
   2.112000000000000D+03   1.047976575756984D+00   1.000000000000000D+00   4.800161805456114D+00   1.399445121821779D+00   5.455274104086300D+01   7.373118484502617D-01   1.686546300575621D-01   6.541611834211851D-01
   2.112000000000000D+03   7.954527138534728D+00   1.000000000000000D+00   2.048425643848186D+00   4.561134989102039D+00   2.344626328377247D+01   5.535367328091050D-01   5.391157348626374D-01   6.347844593675397D-01
   2.112000000000000D+03   6.576374443868971D+00   1.000000000000000D+00   3.398788987518956D+00   3.667183309126905D+00   2.500425499086580D+01   6.407830212917847D-01   8.632259316563029D-03   7.676735007301368D-01
   2.112000000000000D+03   3.908352740907617D+00   1.000000000000000D+00   1.932768821578073D+00   4.611334371686183D+00   2.454486217429016D+01   1.678240067206270D-01   4.890099664335996D-01   8.559815158616713D-01
   2.112000000000000D+03   3.629761007045431D+00   1.000000000000000D+00   3.955955017089140D+00   3.057845631603192D+00   1.990681615898775D+01   6.174875982931561D-01  -1.533836071076271D-01  -7.714807418366337D-01
   2.112000000000000D+03   4.309517000863821D+00   1.000000000000000D+00   1.779967343385803D+00   4.672442216454209D+00   2.306072930352223D+01   1.684053391058489D-01   9.656533296775541D-01   1.978718995797458D-01
   2.112000000000000D+03   1.023326516842383D+01   1.000000000000000D+00   2.269749419681431D+00   4.455136090090010D+00   2.315921370505519D+01   6.101450016217732D-01   7.403746076735138D-01   2.820789203543160D-01
   2.112000000000000D+03   8.553079986523471D+00   1.000000000000000D+00   3.279325138297855D+00   3.774390897059084D+00   2.362499232399998D+01   9.056048793796657D-01   7.089621509301666D-02   4.181549104449513D-01
   2.112000000000000D+03   1.047117226069963D+01   1.000000000000000D+00  -1.936250817047390D+00  -4.609873402109946D+00   2.265635344723302D+01  -3.938047430682746D-01  -9.189417606323107D-01  -2.153752313798301D-02
   2.112000000000000D+03   1.431427920631904D+00   1.000000000000000D+00   4.276409745378921D+00  -2.590814485701801D+00   5.125639222509577D+01   7.021844784868765D-01  -7.118306922683928D-01  -1.529783372945959D-02
   2.112000000000000D+03   2.264072865377409D+01   1.000000000000000D+00  -1.465618473291154D+00  -4.780372631844044D+00   1.755549245507504D+01  -6.229852495462633D-01  -7.017998895518500D-01  -3.454942747322897D-01
   2.112000000000000D+03   3.614559476947552D+00   1.000000000000000D+00   4.753334131160965D+00   1.551068871961896D+00   2.497489966616333D+01   8.775280283724278D-01  -1.010449179069288D-01   4.687584495088931D-01
   2.112000000000000D+03   8.193754398341691D+00   1.000000000000000D+00   2.503189664494214D+00   4.328283899171158D+00   2.186381446469966D+01   2.453464806376982D-01   8.117116151721594D-01  -5.300276957228742D-01
   2.112000000000000D+03   1.092251716476596D+01   1.000000000000000D+00   3.271469602819590D+00   3.781201746042691D+00   1.736595513733600D+01   3.787724523171213D-01   5.250415313055438D-01  -7.621435690012767D-01
   2.112000000000000D+03   3.194715029409167D+00   1.000000000000000D+00   3.076478933828041D+00   3.941481622371453D+00   2.123682151598986D+01   5.229356463517593D-01   8.324307085185010D-01  -1.832960045665319D-01
   2.112000000000000D+03   1.123114931112696D+00   1.000000000000000D+00   4.900448027983821D+00   9.927784909686953D-01   2.543291819513873D+01   5.581553093941968D-01   8.210166180811077D-01   1.199765119918448D-01
   2.112000000000000D+03   2.528411372004657D+00   1.000000000000000D+00   4.206366341875274D+00   2.703050536027775D+00   2.971502057412642D+01   3.420418972125542D-01  -9.180159661937774D-02   9.351897173351348D-01
   2.112000000000000D+03   1.360863152789193D+00   1.000000000000000D+00   2.005035014154490D+00  -4.580374940894179D+00   1.496304211950409D+01   1.696498143955874D-01  -7.069888790891299D-01  -6.865753165675553D-01
   2.112000000000000D+03   1.209689885098783D+00   1.000000000000000D+00   1.342415550589868D+00  -4.816421959995716D+00   2.324566140097720D+01  -1.626789152680649D-01  -7.922104439428498D-01   5.881650984503231D-01
   2.112000000000000D+03   2.447248570187299D+00   1.000000000000000D+00   4.745024511707275D+00   1.576306565629559D+00   1.481508975856327D+01   5.865805423033524D-01  -5.379594852964679D-03  -8.098730316230580D-01
   2.112000000000000D+03   2.778767095256908D+02   1.000000000000000D+00  -3.035435388625944D+00  -3.973176563780012D+00   2.646658748828758D+01  -2.130180227091357D-01  -5.285783419071860D-01   8.217227381956398D-01
   2.112000000000000D+03   3.670182086155467D+01   1.000000000000000D+00  -4.290908052985903D+00   2.566731011685472D+00   3.827243204409703D+01  -5.168635707618646D-02   9.902931815703896D-01  -1.290268771511887D-01
   2.112000000000000D+03   3.349829727855358D+00   1.000000000000000D+00  -3.201178561586457D+00   3.840892581254087D+00   4.862069883193571D+01  -2.580191999607195D-01   2.917923601155175D-01   9.210229698709181D-01
   2.112000000000000D+03   3.732347043647927D+01   1.000000000000000D+00  -2.774343652879109D+00   4.159689568216342D+00   3.999236617969814D+01  -4.257651706856307D-01   7.014961584332640D-01   5.715130437132721D-01
   2.112000000000000D+03   2.821428479404344D+01   1.000000000000000D+00   3.205878058340038D+00  -3.836970925335875D+00   3.477231071112094D+01   7.919062912525634D-01  -2.269282128631643D-01   5.669109384033268D-01
   2.112000000000000D+03   1.668869988225261D+00   1.000000000000000D+00   2.241763788291935D+00  -4.469283513762515D+00   3.324054106633688D+01   3.248405125734468D-01  -8.312271084179638D-01  -4.511542259827906D-01
   2.112000000000000D+03   5.430728499607085D+00   1.000000000000000D+00   5.412605117889018D-01  -4.970617372306686D+00   3.717535946768172D+01  -3.310423191199050D-01  -3.880169865509399D-01   8.601475461219678D-01
   2.112000000000000D+03   4.567946145828339D+00   1.000000000000000D+00  -4.979850706361839D+00  -4.484271968365296D-01   3.615635985199865D+01  -8.854284198481027D-01   3.383305165419540D-01   3.186674989730625D-01
   2.112000000000000D+03   1.292950924174875D+00   1.000000000000000D+00   3.901874433917971D+00  -3.126559755981987D+00   3.504808780814851D+01   8.470972037280997D-01   1.314069927530282D-01   5.149354616761597D-01
   2.112000000000000D+03   2.553345764027437D+00   1.000000000000000D+00   1.235527199807054D+00   4.844942986825798D+00   2.320079902739839D+01  -5.102955844172287D-01   8.582668017878523D-01  -5.455743279453645D-02
   2.112000000000000D+03   2.357814995453168D+00   1.000000000000000D+00   1.591088276238020D+00   4.740088406783436D+00   2.360396551117583D+01  -4.106799199640460D-01   8.661929264509413D-01   2.846960089370397D-01
   2.112000000000000D+03   1.254265863527166D+00   1.000000000000000D+00  -2.562435769391625D+00  -4.293474459704025D+00   1.857566841217258D+01  -4.427444712064919D-01  -7.126417719375122D-01  -5.441682075478562D-01
   2.112000000000000D+03   3.531637778654540D+01   1.000000000000000D+00   4.494543464854855D-01  -4.979758106131815D+00   2.195129566728217D+01   4.054078327200516D-01  -4.815286425366959D-01  -7.770293788435528D-01
   2.112000000000000D+03   3.467299263307144D+01   1.000000000000000D+00  -1.279089867201693D+00   4.833624842772729D+00   2.877080565031897D+01   1.771026462302863D-01   9.827830607369411D-01   5.265081411298442D-02
   2.112000000000000D+03   2.068326578521740D+00   1.000000000000000D+00  -3.514660703774439D+00   3.556284598496655D+00   3.340851079885366D+01  -5.446981170179014D-01   6.090485634604109D-01   5.765100247731713D-01
   2.112000000000000D+03   3.616428310715937D+01   1.000000000000000D+00   2.040983661401825D+00  -4.564469925725861D+00   3.076128041899222D+01  -3.847564242762708D-02  -9.992502775167205D-01   4.302071889041472D-03
   2.112000000000000D+03   2.542137958397806D+01   1.000000000000000D+00  -3.539894909971310D+00   3.531167516720642D+00   3.957574521955332D+01  -4.791985276316559D-01   1.969877036174467D-01   8.553155065466649D-01
   2.112000000000000D+03   2.085657576075169D+00   1.000000000000000D+00  -4.311310320030744D+00   2.532311854861971D+00   3.674164636113826D+01  -6.793993195277517D-01   3.922554853768426D-03   7.337582559594455D-01
   2.112000000000000D+03   3.073681627934977D+00   1.000000000000000D+00   1.186591062153273D+00   4.857159834609686D+00   3.076696193321268D+01  -4.329319738552075D-01   9.012526101614277D-01  -1.770984729035295D-02
   2.112000000000000D+03   2.259628631223109D+00   1.000000000000000D+00   1.340453301709728D+00  -4.816968440240481D+00   3.441188371695317D+01  -1.145205954882551D-01  -8.972802822546210D-01   4.263485994888258D-01
   2.112000000000000D+03   7.778496335092866D+00   1.000000000000000D+00   3.112183098618936D+00  -3.913351040816828D+00   3.456734309894989D+01   1.591339887356528D-01  -8.945030079710167D-01   4.177807347878604D-01
   2.112000000000000D+03   1.550850585793455D+00   1.000000000000000D+00   2.942513723977298D+00   4.042476096913171D+00   3.079601709679385D+01   4.831227719855433D-01   8.739569154825517D-01   5.283651265203557D-02
   2.112000000000000D+03   2.536317734037193D+02   1.000000000000000D+00  -4.997768092554513D+00  -1.493790288157418D-01   3.040800318288948D+01  -1.198568700921308D-01  -2.638323532582050D-02   9.924405551898111D-01
   2.112000000000000D+03   1.242999615394214D+01   1.000000000000000D+00  -4.995203002566447D+00   2.189679720048100D-01   2.056094959881786D+01  -9.572677443307548D-01   1.124632404157034D-01  -2.664403971230868D-01
   2.112000000000000D+03   1.590314337527199D+01   1.000000000000000D+00   4.934574546540267D+00  -8.062096824897934D-01   2.723331841242182D+01   7.277217807440572D-01  -1.993161007041823D-01   6.562728867100778D-01
   2.112000000000000D+03   5.494229250567750D+00   1.000000000000000D+00   3.837559429959773D+00   3.205173572343124D+00   3.301500979162427D+01   6.372961052303198D-01   3.788632434365624D-01   6.710561206270258D-01
   2.112000000000000D+03   1.994731062427149D+00   1.000000000000000D+00  -4.724996026261747D+00   1.635363127548786D+00   2.148973287283636D+01  -4.704382814735948D-01   8.223877648619536D-01   3.199471636528924D-01
   2.112000000000000D+03   1.312294548866134D+00   1.000000000000000D+00  -3.270178418550484D-01   4.989294472655967D+00   1.183815037822452D+01  -9.198138173157537D-01   3.172120683458340D-01   2.309091708243292D-01
   2.112000000000000D+03   1.464262116205532D+00   1.000000000000000D+00  -4.986674230086669D+00   3.648014976965201D-01   2.068688784552878D+01  -9.596915528641300D-01   2.203304004551338D-01  -1.744896501128793D-01
   2.112000000000000D+03   1.045197921787815D+01   1.000000000000000D+00  -4.792507163646994D+00  -1.425438561845026D+00   2.137889894423717D+01  -5.070924250105017D-01  -8.215331910503149D-01   2.606539631382104D-01
   2.112000000000000D+03   1.108670642598213D+00   1.000000000000000D+00  -4.759566272119433D+00  -1.531838406707669D+00   2.511687930501560D+01  -1.971757360691047D-01  -3.540278587502974D-01   9.142133253974621D-01
   2.112000000000000D+03   3.136699463369496D+00   1.000000000000000D+00  -4.553746741559499D+00   2.064797961037362D+00   2.198857829530806D+01  -2.994726891716419D-01   8.330965325518336D-01   4.650443805599817D-01
   2.112000000000000D+03   1.289017571127829D+00   1.000000000000000D+00  -4.712524406666794D+00   1.670961915616229D+00   2.012579571265140D+01  -4.435382841703764D-01   8.048372874918166D-01  -3.943484894582624D-01
   2.112000000000000D+03   1.561811592294475D+00   1.000000000000000D+00  -4.344608756977001D+00  -2.474747411833543D+00   3.647585225097290D+01   7.622326708629112D-02  -8.567301307151409D-01   5.101014572411156D-01
   2.112000000000000D+03   2.998531102124935D+01   1.000000000000000D+00  -2.998706739107471D+00   4.000969620298651D+00   2.690202743207303D+01  -4.856884836618702D-01   8.508465506135793D-01  -2.004166763201294D-01
   2.112000000000000D+03   1.239801896014256D+00   1.000000000000000D+00   4.300650885314004D+00  -2.550372908319792D+00   2.115772787921660D+01   6.576429052086539D-01  -6.248299270887455D-01  -4.208246326476087D-01
   2.112000000000000D+03   3.469775457018091D+00   1.000000000000000D+00   7.766083154977366D-01   4.939319743887237D+00   2.778096612379932D+01  -1.217806157213538D-01   8.344929404704450D-01   5.373927929731832D-01
   2.112000000000000D+03   1.735458834111796D+00   1.000000000000000D+00  -1.828079829119671D+00   4.653828977040845D+00   2.660970567890923D+01  -1.877234377730713D-01   9.124651252896330D-01   3.635482169407989D-01
   2.112000000000000D+03   1.029328429519637D+00   1.000000000000000D+00  -1.902654340282205D+00  -4.623841094820387D+00   3.054191549238230D+01  -3.381508800476919D-01  -8.064435533782459D-01   4.850801764014271D-01
   2.112000000000000D+03   3.246823661160306D+00   1.000000000000000D+00   2.975684769424309D+00  -4.018121471903202D+00   2.536765456681034D+01   6.515553856302292D-01  -7.560388489784435D-01   6.229637462640700D-02
   2.112000000000000D+03   1.500714436299844D+01   1.000000000000000D+00  -3.598048348213594D+00  -3.471894020387650D+00   3.647391432175863D+01  -1.301470412427517D-01  -5.687882466279413D-01   8.121217138789418D-01
   2.112000000000000D+03   1.076885818969913D+00   1.000000000000000D+00   3.001123884693860D-01  -4.990985128750600D+00   4.365269158816105D+01   7.560221878922238D-01  -6.698684609691635D-02   6.511092180768473D-01
   2.112000000000000D+03   5.283462542707980D+00   1.000000000000000D+00  -4.540719940658186D+00   2.093289857809595D+00   2.971633744970524D+01  -8.012886749021086D-01   2.442436811617125D-01   5.461515208128582D-01
   2.112000000000000D+03   3.380951273583177D+00   1.000000000000000D+00  -2.241453527428174D+00  -4.469439125132686D+00   2.702533190608108D+01  -7.638547086913252D-01  -6.111221824044522D-01  -2.074985835694076D-01
   2.112000000000000D+03   5.644990662689142D+01   1.000000000000000D+00   4.049802556016105D+00  -2.932422082021045D+00   3.235309148927676D+01   8.529550033383372D-01  -4.996932245815370D-01   1.509120392394292D-01
   2.112000000000000D+03   4.217676066313815D+01   1.000000000000000D+00  -3.487027851719569D+00  -3.583383424871597D+00   2.987910573397101D+01  -9.062092834625476D-01  -2.780233170953190D-01  -3.185714515106647D-01
   2.112000000000000D+03   7.717622045890882D+00   1.000000000000000D+00  -4.860420559474322D+00  -1.173163242926190D+00   2.774993889448134D+01  -9.445323714852361D-01  -1.415555871123996D-01  -2.963454318421995D-01
   2.112000000000000D+03   1.274460951614287D+00   1.000000000000000D+00   1.963087147279267D+00   4.598509417270158D+00   3.438272385949360D+01  -3.475543417022973D-03   9.295426777873723D-01   3.686981567215080D-01
   2.112000000000000D+03   3.178822482881594D+00   1.000000000000000D+00   2.253175459264082D+00  -4.463541235262234D+00   3.108238920102511D+01   6.842844663467490D-02  -9.866443109127258D-01  -1.478193202349344D-01
   2.112000000000000D+03   2.841517681224870D+00   1.000000000000000D+00   3.670013557232267D+00  -3.395732689570838D+00   2.926261128111404D+01   9.254937074512781D-01  -3.674438016180051D-01  -9.190457072744312D-02
   2.112000000000000D+03   1.160305693456507D+00   1.000000000000000D+00   4.963725371648263D+00   6.011908539004237D-01   3.053673969129954D+01   7.274790883539670D-01   6.122840978025788D-01  -3.096487680998637D-01
   2.112000000000000D+03   4.297334930978091D+01   1.000000000000000D+00   7.164500331060366D-01  -4.948403718309891D+00   3.723148886595177D+01   3.116671400671891D-01  -8.966741743182374D-01   3.143867346327551D-01
   2.112000000000000D+03   3.347267315267459D+00   1.000000000000000D+00   4.624863808928477D+00  -1.900167034191517D+00   3.100902213714513D+01   7.195454252763503D-01  -6.075798990663808D-01  -3.363049913610596D-01
   2.112000000000000D+03   2.316529824518021D+00   1.000000000000000D+00  -4.999594853553616D+00   6.364987141315566D-02   3.733742928221496D+01  -5.844579158392692D-01  -2.622713529738688D-01   7.678689224223586D-01
   2.112000000000000D+03   3.633617375422475D+01   1.000000000000000D+00  -3.490128301584463D+00  -3.580363731064983D+00   3.773325011501070D+01  -2.378321558191822D-01  -9.197782736143885D-01   3.121598837860746D-01
   2.112000000000000D+03   1.089665914698799D+00   1.000000000000000D+00  -4.759912363224372D+00  -1.530762653872833D+00   3.806280551382265D+01  -6.530786136252982D-01  -6.045473759690975D-01   4.560820042866605D-01
   2.112000000000000D+03   9.007485761193266D+00   1.000000000000000D+00  -5.261625331433384D-01   4.972238228094768D+00   3.564660450081168D+01   4.808216426071851D-01   8.765457646456130D-01  -2.186482294384828D-02
   2.212000000000000D+03   3.629450611447011D+01   1.000000000000000D+00  -1.276813989083157D+00  -4.834226519536617D+00   2.850953273054680D+01   2.402140187321221D-02  -5.141357328370874D-01   8.573723931128858D-01
   2.112000000000000D+03   5.754965185800195D+00   1.000000000000000D+00  -9.044725340336580D-01  -4.917512525775987D+00   2.764537121810692D+01  -9.078526107565085D-03  -6.068694099380955D-01   7.947497088046666D-01
   2.112000000000000D+03   3.003989677861307D+00   1.000000000000000D+00   1.280293078308095D+00  -4.833306284253783D+00   2.041113006187667D+01   3.514770535919499D-01  -2.969744819403449D-01  -8.878457286457965D-01
   2.112000000000000D+03   1.879389927638158D+00   1.000000000000000D+00  -4.578328310796812D+00  -2.009703929471470D+00   2.322008633141940D+01  -7.827948808460957D-01   3.958627365520569D-01   4.801300535590990D-01
   2.212000000000000D+03   1.632847131750204D+02   1.000000000000000D+00  -2.150172749757861D+00   4.514062156242855D+00   2.702477644180239D+01  -2.834466879778209D-01   3.329885873447923D-01   8.993200630323576D-01
   2.112000000000000D+03   3.152736329118833D+00   1.000000000000000D+00   3.607223661872814D+00  -3.462360100076422D+00   2.411796920948083D+01   5.296702497767944D-01  -8.022052396490710D-01   2.755289095194277D-01
   2.112000000000000D+03   4.424329355261193D+00   1.000000000000000D+00  -2.493341876199846D+00   4.333964270292971D+00   2.523783831755113D+01  -7.209748029853827D-01   4.836884911084380D-01   4.962265380140716D-01
   2.112000000000000D+03   2.794922038875370D+00   1.000000000000000D+00  -4.361207300365951D+00   2.445377453173371D+00   2.678844888968095D+01  -7.587321241115814D-01  -2.788994472329384D-01   5.886770440354279D-01
   2.112000000000000D+03   2.379290191792734D+00   1.000000000000000D+00  -1.625962432315202D+00   4.728239225893099D+00   2.372806848471109D+01  -2.070188734139194D-01   8.355464661015944D-01  -5.089256223020890D-01
   2.112000000000000D+03   2.627339845456277D+00   1.000000000000000D+00   1.996812115359685D+00   4.583965682890587D+00   2.743737645493890D+01  -1.868117401927986D-01   7.320998668976840D-01   6.550810320979624D-01
   2.112000000000000D+03   8.951016088936854D+00   1.000000000000000D+00   3.015187869563045D+00   3.988563916984035D+00   2.659567109905639D+01   1.306478162443435D-01   9.827235966774219D-01   1.310934042733505D-01
   2.112000000000000D+03   1.716656647490100D+00   1.000000000000000D+00   9.918247948356775D-01  -4.900641140191270D+00   2.439493781176903D+01  -2.835616193010186D-01  -9.333999488517007D-01  -2.199030321369542D-01
   2.112000000000000D+03   3.039813995899976D+00   1.000000000000000D+00   3.623248664982109D-01   4.986854790298795D+00   2.898104077010452D+01  -4.573464756635723D-01   8.763436293535251D-01   1.511821566508459D-01
   2.112000000000000D+03   5.369470381591946D+01   1.000000000000000D+00   3.221099334111285D+00  -3.824201757976543D+00   1.446415319176697D+01   2.269074372180190D-01  -5.832918813351270D-01  -7.799253785482806D-01
   2.112000000000000D+03   4.797662525555646D+01   1.000000000000000D+00   3.356446399325502D-01   4.988721547854729D+00   2.550994586267054D+01  -1.420811500056953D-01   6.455475899536122D-01   7.503874038909115D-01
   2.112000000000000D+03   2.986726197873121D+00   1.000000000000000D+00  -4.141168119743877D+00  -2.801914811710778D+00   2.850757694918425D+01  -8.762493684087735D-01  -1.445230550868739D-01   4.596739397786020D-01
   2.112000000000000D+03   1.136760654734871D+00   1.000000000000000D+00   3.918841537727860D+00   3.105266656613357D+00   3.430052697421970D+01   3.924869062046480D-01   5.506406428678819D-01   7.367149454707359D-01
   2.112000000000000D+03   6.092486981919554D+00   1.000000000000000D+00  -2.323296734057585D+00   4.427447604966888D+00   1.739926897487389D+01  -4.842264723625211D-01   7.859683738880664D-01  -3.844196128075374D-01
   2.112000000000000D+03   2.375561225434694D+00   1.000000000000000D+00   4.985281275128255D+00  -3.833674695140132D-01   1.857801699741771D+01   8.669829401864690D-01  -2.369399194805507D-01  -4.384062681830352D-01
   2.112000000000000D+03   1.638504835363392D+00   1.000000000000000D+00   2.151181478536917D+00   4.513581533133522D+00   2.856906184416555D+01   3.337014097706750D-01   9.314681436670886D-01   1.449498756482805D-01
   2.112000000000000D+03   1.014608023072583D+00   1.000000000000000D+00  -4.998138903070677D+00   1.364093605616146D-01   3.562365151982331D+01  -8.159649010559473D-01  -4.370834678691364D-01   3.783640077494786D-01
   2.112000000000000D+03   9.754514598122621D+01   1.000000000000000D+00  -1.856283966308732D-01   4.996553022044333D+00   3.902839598431073D+01   3.502099319919790D-02   3.751702306317614D-01   9.262941369149720D-01
   2.112000000000000D+03   1.754311290836995D+00   1.000000000000000D+00   4.329847777416509D+00  -2.500483599491659D+00   3.023074533152040D+01   5.538140529584270D-01  -4.258355361209082D-01  -7.155096721375466D-01
   2.112000000000000D+03   1.174004280908889D+00   1.000000000000000D+00   1.386396774558795D+00   4.803946710040662D+00   3.171145809743365D+01   5.261142905552175D-01   8.283524589600101D-01  -1.924472837129302D-01
   2.212000000000000D+03   1.256899613200559D+02   1.000000000000000D+00  -3.399092379438843D+00  -3.666902098808406D+00   2.561627327132219D+01  -6.850237698831706D-01  -2.110499103750899D-01   6.972806967252969D-01
   2.112000000000000D+03   4.122554086612051D+01   1.000000000000000D+00  -5.135576370032569D-01  -4.973555926924731D+00   2.677140676867583D+01  -3.043235574607732D-01  -4.483626374839981D-01   8.404511393786152D-01
   2.112000000000000D+03   1.451610534720658D+00   1.000000000000000D+00   1.013882243298835D+00  -4.896125285021240D+00   2.099201667745758D+01   3.130654514705543D-01  -9.462758755923630D-01   8.094436587832704D-02
   2.112000000000000D+03   2.663092956198526D+02   1.000000000000000D+00   4.981739575869913D+00  -4.269318502699012D-01   2.594526447489306D+01   6.563971916910706D-01  -2.741854441051492D-02   7.539170711440910D-01
   2.112000000000000D+03   3.778299338398369D+00   1.000000000000000D+00   4.914064774139099D+00   9.230208038534343D-01   2.435183200814486D+01   8.065815990856682D-01   4.625064358336184D-01   3.681221547650855D-01
   2.112000000000000D+03   1.301278477600817D+00   1.000000000000000D+00  -3.512738857165333D+00  -3.558182925387150D+00   2.532242677373998D+01  -8.552252086263800D-01  -4.422897074447786D-01   2.701289640493535D-01
   2.112000000000000D+03   2.858930962030262D+01   1.000000000000000D+00   4.352477302301088D-01   4.981019917874396D+00   2.688815543277874D+01  -3.685223241111893D-01   9.287973141176274D-01  -3.907487581002463D-02
   2.112000000000000D+03   3.870706391724518D+00   1.000000000000000D+00  -2.244514274589289D+00   4.467902827386853D+00   3.265432018053740D+01  -4.991619695218625D-01   1.752228349994254D-01   8.486072626826966D-01
   2.112000000000000D+03   4.994351569917740D+00   1.000000000000000D+00  -4.743893941313005D+00  -1.579705758218919D+00   2.485666788700123D+01  -7.406669667145548D-01  -6.168726533369565D-01  -2.662340586455527D-01
   2.112000000000000D+03   4.803633198250736D+00   1.000000000000000D+00   4.398710289467641D-01   4.980613766073815D+00   2.711825973560858D+01  -3.652793919247702D-01   9.267963336034712D-01   8.728987257542221D-02
   2.112000000000000D+03   2.361078125017343D+00   1.000000000000000D+00   1.262755171780001D+00   4.837917877126694D+00   2.727883836864641D+01   9.917187913720084D-02   9.744616711287597D-01   2.014680865282178D-01
   2.112000000000000D+03   6.122621093054704D+00   1.000000000000000D+00   2.774182312208167D+00   4.159797171354896D+00   2.768006952100017D+01   8.284437600942268D-01   4.308306446638345D-01   3.578629513926862D-01
   2.112000000000000D+03   1.415414637690333D+00   1.000000000000000D+00   1.655349554017851D+00   4.718031142440915D+00   2.850427084791732D+01   2.530365244084463D-01   6.561729219177466D-01   7.109216650638949D-01
   2.112000000000000D+03   1.320791201030127D+00   1.000000000000000D+00   2.364229226749233D+00   4.405725839317783D+00   2.611148834409363D+01   8.621566912054783D-01   4.279636208784509D-01  -2.711696498766543D-01
   2.112000000000000D+03   1.040357893348602D+02   1.000000000000000D+00   2.668085461306094D+00  -4.228630981456331D+00   3.304619588953992D+01   4.548654236196357D-01  -4.419918329795999D-01   7.731368998920326D-01
   2.112000000000000D+03   2.180533013834435D+00   1.000000000000000D+00  -4.965108484761969D+00  -5.896590016684775D-01   3.196996223212827D+01  -3.695874719353517D-01  -2.872453614249322D-02   9.287518514715510D-01
   2.112000000000000D+03   2.964336037216242D+00   1.000000000000000D+00  -3.559923668489823D+00  -3.510974719864539D+00   2.141013193196928D+01  -6.799817373751078D-01  -5.925065606336384D-01  -4.319268600613148D-01
   2.112000000000000D+03   1.443619202139644D+00   1.000000000000000D+00  -4.723950397037734D+00   1.638381107742769D+00   2.580258940255413D+01  -7.794892031539571D-01   1.577313586151591D-01   6.062321343147563D-01
   2.112000000000000D+03   2.074101708220279D+01   1.000000000000000D+00   4.901633614163980D+00  -9.869082627459300D-01   2.942604407796756D+01   7.934631691853868D-01   6.080119570098912D-01  -2.715988363900490D-02
   2.212000000000000D+03   6.674724689566135D+01   1.000000000000000D+00   3.776402584271863D-01  -4.985718388028052D+00   3.091846844918580D+01   3.769509056730896D-01  -9.247698777917114D-01   5.204505587797015D-02
   2.112000000000000D+03   1.213167553517888D+01   1.000000000000000D+00   3.850777873048187D-01  -4.985149456813432D+00   3.095875949481793D+01   3.991568062087495D-01  -8.761445410842212D-01   2.702676214154231D-01
   2.112000000000000D+03   4.627458745075728D+00   1.000000000000000D+00   3.301918377298012D-01  -4.989085422904290D+00   3.108979097251339D+01   7.349877742062566D-02  -6.705560144150747D-01   7.382090227364084D-01
   2.112000000000000D+03   1.311802465795381D+00   1.000000000000000D+00   4.925903335337626D-01  -4.975676312867010D+00   3.092392861660718D+01   7.665132786397817D-01  -6.392688519105186D-01   6.158513331884233D-02
   2.112000000000000D+03   1.033817047714059D+00   1.000000000000000D+00   4.826119740220635D+00  -1.307122128710583D+00   2.873414037614738D+01   7.637379451375750D-01   4.053174013289562D-01  -5.024163167503385D-01
   2.112000000000000D+03   6.016055339615023D+00   1.000000000000000D+00   1.859981732443101D+00   4.641170968789138D+00   3.196586952302106D+01   5.634669673311364D-01   4.801670098506190D-01   6.722682644434197D-01
   2.112000000000000D+03   1.902574251412603D+00   1.000000000000000D+00   4.710356203148390D+00  -1.677064234996375D+00   2.980395004152304D+01   7.228743653399271D-01  -6.059679166787675D-01  -3.320474904142353D-01
   2.112000000000000D+03   1.130904031495902D+00   1.000000000000000D+00  -4.559062247000123D+00   2.053034689877550D+00   2.769379280646488D+01  -9.380351849505079D-01   3.188687444263526D-01   1.356934619752476D-01
   2.112000000000000D+03   3.429652400193259D+00   1.000000000000000D+00   4.758496447719059D+00  -1.535158482644854D+00   2.563215738485249D+01   8.904132393626966D-01  -4.290415349391694D-01  -1.519461235592098D-01
   2.112000000000000D+03   6.798843593398374D+00   1.000000000000000D+00  -4.893407350475591D+00   1.026919914933307D+00   2.755204216738305D+01  -9.878050056563037D-01  -1.423168117899083D-01   6.314424662869615D-02
   2.112000000000000D+03   2.712308196439417D+00   1.000000000000000D+00  -5.117840940463241D-01   4.973738739377851D+00   2.765878418806452D+01   6.881468613995008D-01   7.249237806875426D-01   3.064978531239396D-02
   2.112000000000000D+03   2.387840512498542D+00   1.000000000000000D+00  -4.725812156225561D+00   1.633003206013963D+00   2.511266771022682D+01  -6.884426046639219D-01   8.397807730785846D-02  -7.204127029801946D-01
   2.112000000000000D+03   1.700300152509437D+00   1.000000000000000D+00   4.954542753209734D+00   6.726857477638434D-01   2.267828190468524D+01   8.011988031566628D-01   5.117822794645179D-01  -3.100957533511751D-01
   2.112000000000000D+03   3.690122871522150D+00   1.000000000000000D+00   2.131443546021295D+00  -4.522935818669362D+00   2.251350224122666D+01   5.622079295560835D-01  -8.049515410814536D-01  -1.896714539799158D-01
   2.112000000000000D+03   5.631992103296511D+00   1.000000000000000D+00  -3.925820568084307D+00   3.096438740156946D+00   2.294213286787889D+01  -2.785477766222686D-01   3.474111163268694D-01  -8.953863146102410D-01
   2.112000000000000D+03   5.208396477132338D+00   1.000000000000000D+00   4.551504221986036D+00   2.069736535510559D+00   2.599111659536769D+01   9.733779712317382D-01   7.810371286421466D-02  -2.154881322894828D-01
   2.112000000000000D+03   2.350628714513277D+00   1.000000000000000D+00  -2.418722805777502D+00   4.376046160322857D+00   2.696568157530119D+01   3.936777888225537D-02   9.889111980589064D-01  -1.431950429993167D-01
   2.112000000000000D+03   2.213114175924713D+02   1.000000000000000D+00  -4.710017869849960D+00   1.678014203871026D+00   2.789495176646880D+01  -3.470154211657591D-01  -1.698531004873622D-01   9.223503790469112D-01
   2.112000000000000D+03   2.201874915799618D+02   1.000000000000000D+00   4.448464839076824D-02   4.999802108241170D+00   2.633020498279247D+01   6.202746909016907D-01   5.460329961161873D-01   5.631227885454392D-01
   2.112000000000000D+03   1.689124302902997D+00   1.000000000000000D+00  -3.793093120436503D+00   3.257674721221001D+00   2.326610522302447D+01  -6.530191636387426D-01   7.108035254481297D-01  -2.613892119638205D-01
   2.112000000000000D+03   1.035956574949523D+00   1.000000000000000D+00  -4.958701164346879D+00   6.413133161217557D-01   2.651267261040492D+01  -7.085522135106539D-01  -2.314170735648479D-01  -6.666332565900343D-01
   2.112000000000000D+03   1.954424062373391D+00   1.000000000000000D+00   6.079956541903067D-01   4.962896462123108D+00   3.078021810578893D+01   2.687480654449959D-03   9.334357082116610D-01  -3.587346597181914D-01
   2.112000000000000D+03   1.108846457578346D+02   1.000000000000000D+00  -4.820712520649357D+00  -1.326925319063122D+00   2.287451532917271D+01  -9.717065726905624D-01   9.510493724241471D-02   2.161975659022949D-01
   2.112000000000000D+03   3.925720906295886D+00   1.000000000000000D+00   4.318527478543134D+00  -2.519984211407794D+00   2.195843401866462D+01   8.558397501197585D-01  -2.549091489985450D-01   4.500662705333369D-01
   2.112000000000000D+03   5.893753713668957D+00   1.000000000000000D+00   8.973517044729837D-01  -4.918816923170663D+00   2.441347798707887D+01  -4.082886850198348D-01  -6.021196218617701D-01   6.861139195890236D-01
   2.112000000000000D+03   1.681209889507500D+00   1.000000000000000D+00   4.243032234477850D+00  -2.645123336782414D+00   2.083127105295871D+01   9.054278489931438D-01  -3.639725297526378D-01  -2.184591674732695D-01
   2.112000000000000D+03   1.060021516367556D+00   1.000000000000000D+00   4.599250788640415D+00  -1.961349584444776D+00   2.193331593297800D+01   8.411642591688631D-01  -3.756897935200392D-01   3.889728372801474D-01
   2.112000000000000D+03   1.505250175071415D+00   1.000000000000000D+00   4.528932708534239D+00  -2.118671406894590D+00   2.117198278397268D+01   9.978017186629502D-01   5.049472199849164D-02  -4.291868222065631D-02
   2.112000000000000D+03   1.595657659168748D+01   1.000000000000000D+00  -2.831824168201158D+00  -4.120773214553722D+00   2.779461354840830D+01  -6.706567373401708D-01  -1.933165866056372D-01   7.161342318332382D-01
   2.112000000000000D+03   8.282297009166717D+00   1.000000000000000D+00   6.229548801173893D-01  -4.961040941545201D+00   2.259999534887777D+01   1.377837867512089D-02  -6.382320526353873D-01  -7.697207307003660D-01
   2.112000000000000D+03   6.199421739797595D+00   1.000000000000000D+00   4.990407109378443D+00   3.095753324470347D-01   2.044809085134964D+01   3.454128015897554D-01   5.606000280827320D-01  -7.526072049957778D-01
   2.112000000000000D+03   2.675483475620521D+00   1.000000000000000D+00   3.976397040170985D+00   3.031215364838604D+00   1.472806119763813D+01   6.107785042427287D-01   7.021605829459164D-01  -3.659510001517494D-01
   2.112000000000000D+03   2.888555282326233D+00   1.000000000000000D+00   4.533113680029477D+00   2.109710968867926D+00   2.110064288742319D+01   5.158971713608442D-01   8.424831717598854D-01  -1.551522280964179D-01
   2.112000000000000D+03   5.005705853635700D+01   1.000000000000000D+00   1.173895888750242D+00   4.860243661640046D+00   3.193689640975346D+01   4.171285281829037D-02   8.270202285051206D-01   5.606224929068560D-01
   2.112000000000000D+03   1.742463814609665D+01   1.000000000000000D+00   4.897655729367568D+00  -1.006463294916308D+00   2.262098013376018D+01   8.275224848201981D-01   3.403462747465388D-01  -4.465097427639833D-01
   2.112000000000000D+03   4.539797757930653D+00   1.000000000000000D+00  -1.809354469669908D+00  -4.661141105969807D+00   2.293124364586079D+01  -5.693221916896296D-01  -4.951257260487500D-01  -6.562947184416575D-01
   2.112000000000000D+03   3.907282696462175D+00   1.000000000000000D+00  -2.767770281367367D+00  -4.164066243031359D+00   2.295663993198453D+01  -7.547375309779047D-01  -3.116908199626628D-01  -5.772521910607002D-01
   2.112000000000000D+03   4.863405841619738D+00   1.000000000000000D+00  -8.335834714003729D-01  -4.930024199078729D+00   2.705356527745070D+01  -3.393477157075007D-01  -6.823497682112006D-01   6.474889355550579D-01
   2.112000000000000D+03   1.029387485116701D+02   1.000000000000000D+00   1.564026486918331D+00   4.749086349669708D+00   2.592497667889690D+01  -1.739028727371419D-01   9.417840413242908D-01   2.877509519717629D-01
   2.112000000000000D+03   8.304558812572944D+01   1.000000000000000D+00  -3.449472724148689D+00  -3.619549410501576D+00   2.355162195674911D+01  -8.054129182466414D-01  -5.734937234606237D-01  -1.497163326851773D-01
   2.112000000000000D+03   1.024460465537014D+01   1.000000000000000D+00   3.119527626651500D+00  -3.907498866578262D+00   2.000930216013351D+01   9.650099390984009D-02  -6.590236121472848D-01  -7.459057827948233D-01
   2.112000000000000D+03   1.366735249439785D+00   1.000000000000000D+00   2.172280191130723D+00   4.503465196971111D+00   2.339520923220852D+01   2.910605236716976D-02   9.972901184847706D-01  -6.756668771097113D-02
   2.112000000000000D+03   1.391541315751851D+00   1.000000000000000D+00   4.999242593020933D+00   8.702589163755307D-02   2.511547078009216D+01   9.718287885829556D-01  -1.542408583510585D-01   1.782093243815088D-01
   2.112000000000000D+03   1.288365086040699D+00   1.000000000000000D+00   2.899356203492166D+00  -4.073540671999751D+00   1.567239916913393D+01   4.886224690508753D-01   2.048212206629361D-01  -8.481134065116358D-01
   2.112000000000000D+03   4.575103503615674D+00   1.000000000000000D+00   3.794567063365627D+00  -3.255957740693612D+00   2.793790089986808D+01   1.537953348349013D-01  -9.820024602971382D-01   1.096273823156771D-01
   2.112000000000000D+03   7.521929134604702D+01   1.000000000000000D+00   4.999173309551794D+00  -9.091879351772403D-02   2.185815193713067D+01   5.877218954082202D-01  -4.042327644925135D-01   7.008415268578976D-01
   2.112000000000000D+03   3.613678044201896D+01   1.000000000000000D+00   4.985214995337478D+00   3.842283931564272D-01   2.120802211725201D+01   8.056980838113620D-01  -2.445532485020037D-01   5.394852235138761D-01
   2.112000000000000D+03   6.158781134980742D+00   1.000000000000000D+00   4.400041119597105D+00   2.374792233467732D+00   1.921372020717824D+01   2.977351071838067D-01   7.714156119620067D-01  -5.623804402462178D-01
   2.112000000000000D+03   2.381032412285600D+00   1.000000000000000D+00   4.999917401787562D+00   2.873992814775887D-02   1.958369621299993D+01   8.189728747128232D-01  -3.752201532989378D-01  -4.341581129530301D-01
   2.112000000000000D+03   1.217959525577953D+00   1.000000000000000D+00   4.786273018344063D+00  -1.446233244886647D+00   1.803212701695929D+01   2.992566709690216D-01  -6.496523402737477D-01  -6.988542635323772D-01
   2.112000000000000D+03   1.397625906057154D+01   1.000000000000000D+00   4.952872500089317D+00  -6.848751715790795D-01   2.368310362353230D+01   2.354791612903745D-01  -3.313581926573735D-01   9.136472583863101D-01
   2.112000000000000D+03   1.923268151363677D+00   1.000000000000000D+00   4.707023033485079D+00  -1.686396801054727D+00   3.607297802723523D+01   7.011711036459238D-01  -5.235522455494706D-01   4.839960016281790D-01
   2.112000000000000D+03   2.049610972033065D+00   1.000000000000000D+00   2.963073233259639D+00  -4.027430573074358D+00   2.165061280771770D+01  -2.095388418885717D-01  -9.727712067544144D-01  -9.904369262884155D-02
   2.112000000000000D+03   4.484112006550959D+00   1.000000000000000D+00   3.661636071597579D+00  -3.404764497808079D+00   2.223347745269764D+01  -5.910125597385038D-02  -9.973772696694606D-01   4.178065926963720D-02
   2.112000000000000D+03   1.537603954701353D+00   1.000000000000000D+00   4.712055651101659D+00  -1.672283333551127D+00   2.167481738947216D+01   3.982836923659235D-01  -8.965203506134575D-01  -1.939622678030185D-01
   2.112000000000000D+03   3.765622724744788D+00   1.000000000000000D+00  -4.980497271686011D+00   4.411880940941498D-01   1.797265402256410D+01  -7.648930289216367D-01   2.622138270415059D-02  -6.436234096085744D-01
   2.112000000000000D+03   4.841967167742989D+00   1.000000000000000D+00  -4.821064549657566D+00  -1.325645736045146D+00   2.327104382620465D+01  -9.547503397650310D-01  -9.571486921619486D-02  -2.815856042653542D-01
   2.112000000000000D+03   1.375185135035508D+00   1.000000000000000D+00  -4.477295786123525D+00   2.225718411773598D+00   2.712936597614849D+01  -6.354662319912032D-01  -1.668834407977063D-01   7.538783623280487D-01
   2.112000000000000D+03   1.027068721966657D+00   1.000000000000000D+00   4.946017988344526D+00  -7.327387451508417D-01   2.693222907469787D+01   9.490221703624193D-01  -1.945471486030194D-01   2.480087239010712D-01
   2.112000000000000D+03   3.067150126972229D+00   1.000000000000000D+00  -2.515701367856057D+00   4.321023794814164D+00   2.825721123528169D+01  -8.876224166851131D-01   3.606828362080396D-01   2.864163701030440D-01
   2.112000000000000D+03   4.370717408720637D+00   1.000000000000000D+00  -4.445914742806296D+00  -2.287759189269081D+00   4.075064657829621D+01  -9.369475777949327D-01  -1.230866645207121D-02   3.492531076373988D-01
   2.112000000000000D+03   1.450942103618104D+00   1.000000000000000D+00  -1.319564775360360D+00   4.822732504327930D+00   3.770712213232557D+01   7.262883604962878D-01   6.831976854704758D-01   7.580329791901402D-02
   2.112000000000000D+03   1.035671630534059D+02   1.000000000000000D+00  -4.383516556668709D-01   4.980747718386893D+00   2.261188931181036D+01   4.258867308024367D-01   8.648794456163942D-01   2.657142018724095D-01
   2.112000000000000D+03   1.592763161507719D+00   1.000000000000000D+00  -4.997816263886012D+00   1.477585844470436D-01   2.261025583983003D+01  -6.909478793242231D-01  -2.203864726456578D-01  -6.884917070903349D-01
   2.112000000000000D+03   7.591241836134635D+00   1.000000000000000D+00  -3.590934227355175D+00   3.479251555079987D+00   2.280465904761985D+01  -5.067007849304230D-01   7.298052022617850D-01   4.589538988858557D-01
   2.112000000000000D+03   1.093485364942808D+00   1.000000000000000D+00  -4.914169311570838D+00   9.224640834466069D-01   4.469637002474791D+01  -8.439839663719039D-01  -1.416665206660979D-01   5.173216228126477D-01
   2.112000000000000D+03   1.116807167801381D+00   1.000000000000000D+00  -4.539441041011238D+00  -2.096061793519877D+00   2.097248916689025D+01  -3.631135566444278D-01  -9.003276125979345D-01   2.399140157946953D-01
   2.112000000000000D+03   1.163225156855776D+01   1.000000000000000D+00  -4.028172253561010D+00   2.962064871940617D+00   2.130397552517972D+01  -7.699473783911238D-01   6.313846923482750D-01  -9.238184224678514D-02
   2.112000000000000D+03   3.761340167736080D+00   1.000000000000000D+00  -1.925318987417820D+00   4.614449783566288D+00   2.038158225230318D+01   7.510789458973166D-02   9.378972952256149D-01  -3.386849092870446D-01
   2.112000000000000D+03   2.018490249551368D+00   1.000000000000000D+00   3.593778750942475D+00  -3.476313319836055D+00   2.717676306877791D+01   6.798175034783386D-01  -5.047015464501432D-01   5.320944568169387D-01
   2.112000000000000D+03   1.477434012900289D+00   1.000000000000000D+00  -4.759490983130632D+00   1.532072317953632D+00   1.826655507900548D+01  -6.134784894303478D-01   3.325938214424343D-02  -7.890107454944082D-01
   2.112000000000000D+03   1.483225523172905D+00   1.000000000000000D+00  -4.908638548087286D+00  -9.514555206256264D-01   2.984044255007332D+01  -3.057360489686392D-01  -2.606233907733995D-01   9.157515583076131D-01
   2.112000000000000D+03   2.367658774397661D+02   1.000000000000000D+00   1.704143570915502D+00   4.700627053343108D+00   3.953908811012177D+01   1.658870805984500D-01   4.625283625162523D-01   8.709471800049402D-01
   2.112000000000000D+03   2.709007392884155D+00   1.000000000000000D+00   3.683811823497713D+00  -3.380758858180440D+00   2.545053174712868D+01   5.395158620622329D-01  -6.111211532577254D-01  -5.791835379430194D-01
   2.112000000000000D+03   2.263131896924833D+00   1.000000000000000D+00   1.879225536446652D+00   4.633412499585093D+00   2.181064365980322D+01   1.161126732550403D-01   8.318038313200563D-01  -5.427893083976910D-01
   2.112000000000000D+03   2.009601190296573D+01   1.000000000000000D+00  -2.212513386097425D-01   4.995102386478655D+00   1.579788152376628D+01   1.904891341324809D-01   6.331861766815408D-01  -7.501927455240223D-01
   2.112000000000000D+03   6.886055491828968D+00   1.000000000000000D+00  -1.728336643466280D+00   4.691785635996006D+00   2.793883921046742D+01   4.200215499508325D-02   7.920147334962331D-01   6.090554005184257D-01
   2.112000000000000D+03   2.944378709867523D+00   1.000000000000000D+00  -1.188636100492740D+00   4.856659781211869D+00   2.061581566051085D+01  -2.846546412577977D-01   9.429114392111868D-01  -1.728865321969367D-01
   2.112000000000000D+03   5.829793972064181D+00   1.000000000000000D+00  -1.411961541005440D+00  -4.796495034321423D+00   1.752569822896394D+01  -1.006475912578960D-03  -7.865832923508349D-01  -6.174833691693716D-01
   2.112000000000000D+03   1.703113992891254D+00   1.000000000000000D+00   4.259441129815846D+00   2.618618198270307D+00   2.617702458619470D+01   7.675027320472770D-01   2.693393860459320D-02   6.404796009641603D-01
   2.112000000000000D+03   1.363216105292736D+00   1.000000000000000D+00   4.959119781126026D+00   6.380681829074598D-01   2.082007991500134D+01   9.508808753727206D-01   1.278944574530458D-01  -2.819017002488625D-01
   2.112000000000000D+03   4.910932529792717D+00   1.000000000000000D+00  -4.083069893522313D-01   4.983300653606516D+00   2.670334500951624D+01  -6.661555972394929D-01   1.249193604604132D-01   7.352767326990948D-01
   2.112000000000000D+03   1.805129027157859D+01   1.000000000000000D+00  -3.967273659494553D+00  -3.043146351513141D+00   3.947148637149162D+01  -6.209286972940443D-01  -1.840623089157355D-01   7.619505360017340D-01
   2.112000000000000D+03   4.275371349951596D+00   1.000000000000000D+00  -4.949194851527433D+00   7.109643672310298D-01   2.200980177245189D+01  -9.683018524094114D-01   1.921586701226826D-01   1.595824806085695D-01
   2.112000000000000D+03   2.989403427496540D+00   1.000000000000000D+00  -3.778528904357963D+00   3.274556355726357D+00   2.490447464217469D+01  -6.767960743021346D-01   4.247721589128706D-01   6.012617456829583D-01
   2.112000000000000D+03   1.580500167498371D+00   1.000000000000000D+00  -4.036180506084654D+00   2.951143325795039D+00   2.514565122802665D+01  -2.896171478041483D-01   8.038387920700139D-01   5.195816625528762D-01
   2.112000000000000D+03   3.312540549606622D+01   1.000000000000000D+00  -4.903674330155955D+00   9.767180079669276D-01   3.942130632513418D+01  -3.474617553468077D-01  -4.624397770413743D-02   9.365531608496200D-01
   2.112000000000000D+03   4.397430342958614D+00   1.000000000000000D+00   1.899891086573098D+00   4.624977174142302D+00   2.390760823048669D+01  -6.676155867728627D-01   5.096252583999016D-01  -5.427444373724705D-01
   2.112000000000000D+03   1.621935066301717D+00   1.000000000000000D+00   9.884335560380416D-01  -4.901326260538412D+00   3.638929569602546D+01   4.943295765023970D-01  -6.088396460018648D-01  -6.204454490535694D-01
   2.112000000000000D+03   1.226780532559246D+00   1.000000000000000D+00  -4.213075809386110D+00   2.692580959818055D+00   4.086077431864711D+01   4.242872206759500D-01   8.141355271771087D-01   3.964387692432825D-01
   2.112000000000000D+03   4.980370850059671D+00   1.000000000000000D+00  -1.385544303064197D+00  -4.804192647388940D+00   3.515927254043505D+01  -1.990694576003333D-01  -8.771468275885275D-01   4.370180704525743D-01
   2.112000000000000D+03   1.897706529275123D+00   1.000000000000000D+00  -5.008834021333952D-01  -4.974848321861118D+00   3.339646732966418D+01   1.068787281471330D-01  -8.205446709686433D-01  -5.615010066016022D-01
   2.112000000000000D+03   1.067534518513298D+00   1.000000000000000D+00  -3.701822893638766D+00   3.361027710874623D+00   3.487470182814132D+01  -4.186964522423294D-01   8.978377363339081D-01   1.363109683572481D-01
   2.112000000000000D+03   3.496957628340458D+00   1.000000000000000D+00  -2.836389903114600D+00  -4.117631883332876D+00   3.354740306918487D+01  -7.827801820380014D-01  -5.694254046427270D-01  -2.510177188088927D-01
   2.112000000000000D+03   1.031428841610694D+01   1.000000000000000D+00   4.534556715226459D+00  -2.106607558440412D+00   3.424020430799310D+01   9.958207890981715D-01   3.502507103455915D-02  -8.434571950561071D-02
   2.112000000000000D+03   4.428476934426385D+00   1.000000000000000D+00   2.265418919257787D+00  -4.457339691897628D+00   3.599949658050800D+01   6.374828500850429D-01  -6.516036283294947D-01   4.111305478741372D-01
   2.112000000000000D+03   1.222406166178644D+00   1.000000000000000D+00  -2.365363999913323D+00  -4.405116701690512D+00   3.227158490605886D+01  -6.160138698548727D-01  -5.317055652623399D-01  -5.812194972774740D-01
   2.112000000000000D+03   5.175912262629134D+01   1.000000000000000D+00  -4.774726646911364D+00   1.483908842565332D+00   2.492004832012854D+01  -6.218381010206235D-01  -5.701046025540674D-02   7.810679762610496D-01
   2.112000000000000D+03   2.156260416372741D+01   1.000000000000000D+00  -4.120215276031522D+00   2.832635890246246D+00   2.373173730867398D+01  -6.596525677696929D-01   3.740036268636309D-01   6.519047299473295D-01
   2.112000000000000D+03   2.715955306976547D+00   1.000000000000000D+00   3.726664973212173D+00  -3.333461892110673D+00   2.315215087486159D+01   9.265219619685379D-01  -2.722222348675934D-01   2.597154381889234D-01
   2.112000000000000D+03   4.027787184911517D+00   1.000000000000000D+00  -3.101656574265478D+00   3.921699440885710D+00   2.187480691221542D+01  -3.054763024905566D-01   9.476225491938076D-01  -9.325091354044641D-02
   2.112000000000000D+03   8.581204077543813D+00   1.000000000000000D+00  -4.410789548762547D+00   2.354768686050889D+00   2.381618834273155D+01  -8.180575456734991D-01   2.255387892541661D-01   5.290690942669170D-01
   2.112000000000000D+03   5.976182892539761D+00   1.000000000000000D+00   2.737996622978557D+00   4.183703442802760D+00   1.916430767546947D+01   6.641012104070372D-01   1.344545176694254D-01  -7.354533058013883D-01
   2.112000000000000D+03   1.996830870861555D+00   1.000000000000000D+00   4.979485177141578D+00   4.524680892708336D-01   2.183817068112642D+01   1.947910206539349D-01  -8.385368794079125D-01   5.088343150235035D-01
   2.112000000000000D+03   7.779545248731257D+00   1.000000000000000D+00  -2.051558537036458D+00   4.559726699527158D+00   2.507194696711516D+01   1.150055537014128D-01   6.294109393050604D-01   7.685151866430180D-01
   2.112000000000000D+03   2.011388633211042D+00   1.000000000000000D+00  -1.816838709136975D+00   4.658228967075162D+00   2.410068923190615D+01   3.236714163657171D-01   6.325104423398342D-01   7.036812876287659D-01
   2.112000000000000D+03   3.653575776576323D+00   1.000000000000000D+00   4.074845026063686D+00   2.897522738462094D+00   2.528941602880279D+01   8.556692553935475D-01  -1.091629376477936D-01   5.058790155940016D-01
   2.112000000000000D+03   1.343088643128908D+00   1.000000000000000D+00  -4.791652564727524D+00  -1.428308687215602D+00   2.170868501016814D+01  -7.687003096948620D-01   1.159656380831392D-01   6.290085887004995D-01
   2.112000000000000D+03   3.329477011591253D+00   1.000000000000000D+00   3.068956686453829D+00  -3.947341493277583D+00   2.780623044901574D+01   8.790709114549315D-01  -3.147564412820972D-01   3.579982057290590D-01
   2.112000000000000D+03   1.031299963301979D+00   1.000000000000000D+00  -4.344611330362478D+00   2.474742895294138D+00   2.178084369393572D+01  -9.283176364434058D-01   3.346781291914767D-01  -1.619163849306867D-01
   2.112000000000000D+03   1.736320116284662D+00   1.000000000000000D+00   2.336471105672170D+00   4.420509334767293D+00   2.075344228524413D+01   9.096516674041502D-01   2.437452418120710D-01  -3.363362916529000D-01
   2.112000000000000D+03   2.434392342937016D+01   1.000000000000000D+00   1.378592776568441D+00   4.806192044062950D+00   2.301741727269154D+01   7.729226069191075D-01   6.127082697510371D-01   1.648612140318673D-01
   2.112000000000000D+03   1.459704330015938D+00   1.000000000000000D+00  -2.168337358041661D+00   4.505364925300939D+00   2.140431865157084D+01   3.667302884327933D-02   9.510950835444493D-01  -3.067135976983045D-01
   2.112000000000000D+03   2.747485565838241D+02   1.000000000000000D+00  -4.943655317373138D+00  -7.485132649748883D-01   2.826696240639208D+01  -4.015904618052294D-01  -5.774234576002423D-01   7.108496687767701D-01
   2.112000000000000D+03   5.818599223525410D+01   1.000000000000000D+00   4.700399464866002D+00  -1.704771209601625D+00   3.296341008440307D+01   8.528941034307895D-01   4.747566416080534D-01   2.172044649219532D-01
   2.112000000000000D+03   3.948843977165986D+00   1.000000000000000D+00   3.596564626489216D+00  -3.473430997788196D+00   3.155930603710449D+01   8.457644351006605D-01  -4.067625971221291D-01  -3.452922094419762D-01
   2.112000000000000D+03   1.159526654034230D+01   1.000000000000000D+00   7.514766982600900D-01  -4.943205718889494D+00   3.278826794386165D+01  -4.984054774719753D-01  -8.131130010116475D-01   3.007311550401203D-01
   2.112000000000000D+03   4.970742847420865D+00   1.000000000000000D+00   4.147642812991117D+00  -2.792321454017836D+00   3.184536295329531D+01   9.634582906622084D-01   2.268752812228211D-01  -1.423928682354600D-01
   2.112000000000000D+03   2.240672767327851D+00   1.000000000000000D+00   7.291054216295395D-01  -4.946554891208489D+00   3.205395003001814D+01  -5.287753223951832D-01  -8.449594152340375D-01  -8.025113727059284D-02
   2.112000000000000D+03   1.214223444237064D+00   1.000000000000000D+00   1.222310038959789D+00  -4.848294356920118D+00   3.187279490781519D+01   1.321482443597495D-02  -2.736048285845508D-01  -9.617514056087180D-01
   2.112000000000000D+03   2.414348317957882D+01   1.000000000000000D+00   2.898935568186348D+00   4.073840028447967D+00   3.473490917478905D+01   4.676913111571097D-01   3.889719860937968D-01   7.937037429056201D-01
   2.112000000000000D+03   2.454992260039944D+00   1.000000000000000D+00   1.114881995439608D+00   4.874119217094751D+00   3.232741361481127D+01  -4.645500383680886D-01   7.430658315120827D-01  -4.817119802241423D-01
   2.112000000000000D+03   3.072251477996815D+00   1.000000000000000D+00   1.807626653302309D+00   4.661811438667812D+00   3.257636484556627D+01  -1.644088523955969D-01   8.598950207245994D-01  -4.832704031771483D-01
   2.112000000000000D+03   1.354570034138419D+00   1.000000000000000D+00  -3.904073520515838D+00  -3.123813366643808D+00   3.280925255606383D+01  -3.136532577156462D-02  -4.754688418160379D-01   8.791732461815241D-01
   2.112000000000000D+03   3.539668172746202D+00   1.000000000000000D+00   4.338671378050725D+00   2.485141983175988D+00   3.209976150910420D+01   7.225442358518955D-01  -6.054602370505389D-01  -3.336880707905297D-01
   2.112000000000000D+03   2.569679360328506D+00   1.000000000000000D+00  -6.807310601666464D-01   4.953443774482662D+00   3.673577663160358D+01  -4.151108211462710D-01   2.696600156698315D-01   8.688880722602970D-01
   2.112000000000000D+03   1.812885185883601D+00   1.000000000000000D+00   4.578640752046977D+00   2.008992002839133D+00   3.553357034116693D+01   6.797273210817310D-01  -6.091503427665294D-01   4.085420772484436D-01
   2.112000000000000D+03   1.036251044088885D+00   1.000000000000000D+00   2.324853346302685D+00   4.426630425918313D+00   3.304975377125837D+01   2.419397245464206D-01   9.437866778142076D-01  -2.252373780410863D-01
   2.112000000000000D+03   4.417367983346132D+00   1.000000000000000D+00   2.164855659614559D+00   4.507038936592831D+00   1.916428088971986D+01   6.552470096399832D-01   1.020591221122662D-02  -7.553457458103519D-01
   2.112000000000000D+03   1.182322464894690D+01   1.000000000000000D+00   3.015621124796634D+00   3.988236357107235D+00   2.030029808431769D+01   8.852041894893529D-01   3.927580385220900D-01  -2.493083754846158D-01
   2.112000000000000D+03   1.587171910056441D+00   1.000000000000000D+00   2.874816605872986D+00   4.090895927698521D+00   2.178258659557182D+01   6.834266531385260D-01   5.785984970414534D-01  -4.451424367561961D-01
   2.112000000000000D+03   4.426962365328677D+00   1.000000000000000D+00   2.339805345521096D+00   4.418745404612930D+00   1.869883551326850D+01   3.677469634279888D-01   4.521723213291907D-01  -8.125899105411442D-01
   2.112000000000000D+03   5.597003344793183D+00   1.000000000000000D+00   1.315773204738234D+00  -4.823768328050449D+00   2.312877042624698D+01  -3.093423877060895D-02  -9.423290369079300D-01   3.332552461280327D-01
   2.112000000000000D+03   2.071233815515939D+00   1.000000000000000D+00   3.781440335580448D+00   3.271193818162460D+00   2.087717651305741D+01   9.986155215082576D-01  -2.039149106818940D-03   5.256312465703495D-02
   2.112000000000000D+03   1.942674337248832D+00   1.000000000000000D+00   2.090464438332943D+00   4.542021404144207D+00   2.021868120223531D+01   8.144411963397244D-01   2.572167306288181D-02  -5.796757138604004D-01
   2.112000000000000D+03   1.343977153357969D+00   1.000000000000000D+00   4.698158484473092D+00   1.710937421765224D+00   2.200631434718968D+01   8.653868268295194D-01  -4.992335872562851D-01   4.326043579480299D-02
   2.112000000000000D+03   6.655524554309511D+00   1.000000000000000D+00   2.772758803210807D+00  -4.160746162351148D+00   2.712381528779527D+01   2.618728406368936D-01  -8.232438858282978D-01   5.036785877750697D-01
   2.112000000000000D+03   2.146233583891672D+00   1.000000000000000D+00  -1.189139124861913D-01   4.998585748868848D+00   2.164167794585402D+01   3.132460787161710D-01   7.454126136461360D-01  -5.884190085187415D-01
   2.112000000000000D+03   2.646339120152552D+00   1.000000000000000D+00   2.211613784246283D+00  -4.484279705410609D+00   1.295845145118298D+01   1.803696640857028D-01  -6.944038263600788D-01  -6.966133146976825D-01
   2.112000000000000D+03   1.515481929863654D+00   1.000000000000000D+00  -7.337051408321588D-01   4.945874722615372D+00   2.254915679333418D+01  -5.350272546921850D-01   4.755603301375868D-01   6.982751672055746D-01
   2.112000000000000D+03   1.752789323875109D+02   1.000000000000000D+00  -4.204825908743159D+00   2.705446189102268D+00   3.263819932797949D+01  -3.312957291148523D-01   4.028262149263568D-01   8.532140296774093D-01
   2.112000000000000D+03   1.168416977043754D+01   1.000000000000000D+00   7.718408547548045D-03  -4.999994043367796D+00   2.343741209635238D+01  -3.859476588007626D-02  -7.544544128578363D-01   6.552167450286962D-01
   2.112000000000000D+03   3.599164668819206D+00   1.000000000000000D+00  -2.091801177388736D+00  -4.541405932185167D+00   1.841671866651798D+01  -6.208926676841067D-01  -4.419303081937818D-01  -6.474487608420165D-01
   2.112000000000000D+03   6.396052795365883D+00   1.000000000000000D+00   8.299169698827912D-01  -4.930642740361554D+00   2.090733002285371D+01   2.183534848433716D-01  -9.752379622021776D-01   3.510943942160993D-02
   2.112000000000000D+03   2.536776308157962D+00   1.000000000000000D+00   1.652117321969394D+00   4.719163947510040D+00   1.799213612653744D+01   1.270917944277092D-02   9.522733417826014D-01   3.049818999352066D-01
   2.112000000000000D+03   1.418409210701782D+01   1.000000000000000D+00   4.320683512716244D+00   2.516285753126324D+00   2.383533631275141D+01   5.493548930247061D-01   7.346749169203813D-01   3.980728174063691D-01
   2.112000000000000D+03   6.517882262985442D+00   1.000000000000000D+00  -4.618886959833515D+00   1.914649643114255D+00   1.359520215530431D+01  -5.753070370551312D-01  -4.483650817285108D-01  -6.840983603265189D-01
   2.112000000000000D+03   1.704059570247440D+00   1.000000000000000D+00  -5.452615430219500D-01  -4.970180062369061D+00   2.764452787907300D+01  -7.657981426463603D-02  -2.601599006459236D-01   9.625239519841036D-01
   2.112000000000000D+03   8.085666661185996D+00   1.000000000000000D+00   1.491197734955652D+00  -4.772455272125270D+00   2.013880326826393D+01   4.791532592318898D-01  -8.113358885246272D-01  -3.348824124366805D-01
   2.112000000000000D+03   1.257704658330454D+00   1.000000000000000D+00  -3.973754205420589D+00  -3.034679146422463D+00   2.004708231533077D+01  -9.793965837548322D-01   1.572774843555833D-01   1.266732988602691D-01
   2.112000000000000D+03   4.248554063632582D+00   1.000000000000000D+00  -4.999657369370988D+00  -5.853372809228947D-02   2.287091793144974D+01  -8.488313624771679D-01   4.930432126010023D-01   1.907713515788927D-01
   2.112000000000000D+03   9.631572075876238D+01   1.000000000000000D+00  -4.812267715272683D+00   1.357232273421570D+00   2.989529444151140D+01  -8.825748609738853D-01  -3.763260693047069D-01  -2.818515643713831D-01
   2.112000000000000D+03   2.203612305234959D+01   1.000000000000000D+00  -3.443337344951090D+00   3.625386591323396D+00   3.230936319432450D+01  -2.264513223082308D-01   8.444342669889791D-01   4.854385309796077D-01
   2.112000000000000D+03   3.171177666359767D+00   1.000000000000000D+00   1.954237628440922D+00   4.602277186313995D+00   2.993539636757835D+01   8.574732614210984D-01   5.137944264337848D-01   2.747532189880087D-02
   2.112000000000000D+03   1.199247028502896D+00   1.000000000000000D+00  -4.088881231192775D+00   2.877681407801927D+00   2.756371165394365D+01  -3.917110659408528D-01   7.655643850242249D-01   5.103661560115065D-01
   2.112000000000000D+03   3.638207836882623D+00   1.000000000000000D+00  -7.008463088713162D-01   4.950637782806447D+00   2.623916955210783D+01   3.604221224650216D-01   5.771453405400198D-01  -7.328022581370456D-01
   2.112000000000000D+03   3.393798631633672D+00   1.000000000000000D+00  -4.953657042559420D+00   6.791773769268875D-01   2.524464315067145D+01  -5.030904795343575D-01  -2.624188224023877D-01  -8.234296151164556D-01
   2.112000000000000D+03   3.482095043860227D+00   1.000000000000000D+00  -3.845432154135382D+00   3.195723948218610D+00   2.664233628009089D+01  -4.492265475384639D-01   2.849564207380480D-01  -8.467557778172127D-01
   2.112000000000000D+03   1.379597684817953D+02   1.000000000000000D+00  -2.543691112154648D+00   4.304606315269514D+00   3.309931802845794D+01  -8.166168650973273D-01  -7.453727456368997D-02   5.723470016862414D-01
   2.112000000000000D+03   1.842308949642181D+01   1.000000000000000D+00   1.214728776603616D+00   4.850199378244842D+00   3.057581704168289D+01   5.034500647751585D-01   8.466100067511813D-01   1.725964331805673D-01
   2.112000000000000D+03   5.041769201585611D+00   1.000000000000000D+00   1.363098828328552D+00   4.810609274326987D+00   2.981685299480834D+01   2.507371249704002D-01   5.558478596584214D-01  -7.925680103781185D-01
   2.112000000000000D+03   4.929955130349072D+00   1.000000000000000D+00   2.005974565693484D+00   4.579963541808028D+00   3.140295563387717D+01   7.249538592108759D-01  -4.460524625982434D-02   6.873516378254716D-01
   2.112000000000000D+03   1.653839635184568D+00   1.000000000000000D+00   1.249980211640039D+00   4.841234292695066D+00   3.081039953914827D+01   4.253895637247812D-01   5.365282590981403D-01   7.288217520513224D-01
   2.112000000000000D+03   2.031230329284995D+00   1.000000000000000D+00   4.891303086660294D+00  -1.036896388859789D+00   3.147146686329620D+01   5.155677074964664D-01  -8.483919756477287D-01  -1.200874458192109D-01
   2.112000000000000D+03   1.580171807322131D+00   1.000000000000000D+00   4.556614561447430D+00   2.058461499299934D+00   2.667429949091171D+01   4.565224395071159D-01   3.727274677394456D-01  -8.078746790307347D-01
   2.112000000000000D+03   1.919050722837712D+00   1.000000000000000D+00   4.784833093814930D+00   1.450990099577825D+00   2.715448023257755D+01   6.549630158271053D-01  -5.266607568096411D-01  -5.418965723598549D-01
   2.212000000000000D+03   2.552050356090685D+02   1.000000000000000D+00  -1.509477470423174D+00  -4.766705127159288D+00   2.512215686384754D+01  -3.357281442237946D-01  -2.085547400852127D-01   9.185812612741652D-01
   2.112000000000000D+03   1.618562447495304D+01   1.000000000000000D+00   2.742724877355156D+00   4.180605249989029D+00   2.498206806273805D+01   3.737020224721463D-01   8.430310986599443D-01   3.868402319982169D-01
   2.112000000000000D+03   5.848922152454520D+00   1.000000000000000D+00   7.033372469958455D-01  -4.950284509595347D+00   1.980008041167660D+01   5.534764218895218D-01  -8.254851322696135D-01  -1.106261579111861D-01
   2.112000000000000D+03   2.034018806624999D+00   1.000000000000000D+00  -4.990827325893810D+00  -3.027253028691631D-01   1.488957621763681D+01  -6.145066375847477D-01   4.099602007917724D-01  -6.740283570674586D-01
   2.112000000000000D+03   3.289976981106113D+00   1.000000000000000D+00  -3.525117666861930D+00  -3.545919547921566D+00   2.169497717666443D+01  -9.095675715823497D-01   1.210241700264764D-01   3.975424291760434D-01
   2.112000000000000D+03   3.698164437264229D+00   1.000000000000000D+00  -1.093117296756053D+00   4.879046482562535D+00   2.939212802724569D+01  -6.002933666543050D-01   2.214286337623197D-01   7.685162549360895D-01
   2.112000000000000D+03   9.444305017793920D+01   1.000000000000000D+00  -1.256755073449558D+00   4.839480002055074D+00   2.622710402662302D+01   2.379927262671333D-01   5.713819646317483D-01   7.854184316257805D-01
   2.112000000000000D+03   3.498826699251278D+00   1.000000000000000D+00  -4.817362578257915D+00  -1.339036143211695D+00   1.417879384037548D+01  -2.603217258182645D-01  -2.684304008765164D-01  -9.274576642371732D-01
   2.112000000000000D+03   6.610619907562731D+00   1.000000000000000D+00   2.368059302602277D+00  -4.403668373606125D+00   2.038481379080983D+01   1.059010589866144D-02  -6.006183964361247D-01   7.994656912710846D-01
   2.112000000000000D+03   1.316973283180687D+00   1.000000000000000D+00  -4.959226440435265D+00  -6.372386694287480D-01   1.927545181616360D+01  -9.168619452774698D-01  -1.833730455445744D-01  -3.545962485274221D-01
   2.112000000000000D+03   6.353222814337414D+00   1.000000000000000D+00  -4.000966121028921D+00   2.998711407253722D+00   2.299852254786333D+01  -2.104512705418067D-01   6.554124342956157D-01   7.253583967240158D-01
   2.112000000000000D+03   6.220499790238932D+00   1.000000000000000D+00  -4.602284696005040D+00  -1.954219942621776D+00   2.154438053986238D+01  -4.660173583058167D-01  -7.505250252416348D-01   4.685509665380188D-01
   2.112000000000000D+03   1.231181019458021D+01   1.000000000000000D+00   3.721999649930980D+00   3.338670186628964D+00   2.179619827092391D+01   5.564442599536007D-01   7.531799725959945D-01  -3.508414377535621D-01
   2.112000000000000D+03   1.138311042284840D+00   1.000000000000000D+00   4.923153090525065D+00  -8.732489062881058D-01   2.242326620874581D+01   5.462860264744360D-01   1.712138346915560D-01   8.199130442241934D-01
   2.112000000000000D+03   5.252098618261036D+00   1.000000000000000D+00   4.473103993368845D+00   2.234130853034806D+00   1.463552380553025D+01   3.716249083544676D-01   1.454051465298955D-01  -9.169254445445132D-01
   2.112000000000000D+03   2.003370609230393D+00   1.000000000000000D+00   4.551367599268331D+00   2.070036952857077D+00   2.281637836496263D+01   9.153573778798128D-01   3.698300884479476D-01  -1.592060816664261D-01
   2.112000000000000D+03   2.606043238283284D+00   1.000000000000000D+00  -4.094264816661973D-01  -4.983208802071973D+00   2.554686438525706D+01  -9.613960865481588D-02  -8.888267316097447D-01   4.480448825995425D-01
   2.112000000000000D+03   3.135594546817540D+02   1.000000000000000D+00  -1.014260007807189D+00  -4.896047042808578D+00   2.242782828370749D+01   1.701436402002860D-01  -9.371638660831766D-01   3.045899371407885D-01
   2.112000000000000D+03   1.360422550422582D+01   1.000000000000000D+00  -4.096845662845759D+00   2.866331387674380D+00   2.184828374910473D+01  -6.139294429579405D-01   7.178338712234946D-01   3.283369799362298D-01
   2.112000000000000D+03   6.380739882309705D+00   1.000000000000000D+00   9.923530034374779D-01   4.900534208015876D+00   3.651045795429616D+01  -4.889040036229353D-01   8.504689885196950D-01   1.941014549346597D-01
   2.112000000000000D+03   6.572997834047058D+00   1.000000000000000D+00   4.133927855894366D+00  -2.812586085489729D+00   4.163080288927525D+01   2.465760413846061D-01  -7.095189970272026D-01   6.601386586715018D-01
   2.112000000000000D+03   1.496689740181750D+00   1.000000000000000D+00   4.010256151476219D+00  -2.986276210638552D+00   4.070983492297619D+01   2.451748730073354D-01  -7.889730587946607D-01   5.633922205196251D-01
   2.112000000000000D+03   2.164291028368040D+01   1.000000000000000D+00   3.828514715932385D+00   3.215971870641533D+00   2.400495973647472D+01  -2.545715470113815D-01   7.490257484744227D-01   6.116810897637452D-01
   2.112000000000000D+03   5.442338976503940D+00   1.000000000000000D+00   4.990819280015572D+00  -3.028579225544282D-01   2.187557797151011D+01   6.587816902095933D-01  -7.485608892277684D-01  -7.525476571702351D-02
   2.112000000000000D+03   4.161629435942359D+00   1.000000000000000D+00   4.186644671672770D+00   2.733497101335953D+00   2.186684300095915D+01   8.402219960888906D-01   5.163047332348885D-01  -1.656997879529446D-01
   2.112000000000000D+03   1.088658024633219D+00   1.000000000000000D+00   3.155273026347718D+00   3.878692064783580D+00   2.534181200854340D+01   4.824380518688664D-02   5.037988946905956D-01   8.624727294063411D-01
   2.112000000000000D+03   1.569469644583933D+00   1.000000000000000D+00   4.767784808494244D+00   1.506063751297348D+00   2.368801249845539D+01   5.669065687282293D-01  -7.720278155992087D-01   2.873847495499717D-01
   2.112000000000000D+03   2.400772416937580D+01   1.000000000000000D+00  -4.999900220697420D+00   3.158783847466873D-02   3.342250236026986D+01  -8.495841871373774D-01  -4.126761185195215D-01   3.284891629411597D-01
   2.112000000000000D+03   1.530370631986202D+01   1.000000000000000D+00  -4.584073469575860D+00   1.996564657835091D+00   3.460515980578975D+01  -8.058690369352410D-01  -7.301707704338578D-04   5.920933728388733D-01
   2.112000000000000D+03   1.110685302311236D+01   1.000000000000000D+00   5.884551501601913D-01   4.965251307293087D+00   3.011178786899420D+01   3.883067577864716D-01   7.923833103503313D-01  -4.704748147729157D-01
   2.112000000000000D+03   5.001216985162500D+00   1.000000000000000D+00   4.947410237736464D+00  -7.232786105630977D-01   2.945121628474733D+01   8.472533047064705D-01  -3.969733969525554D-01  -3.529503644649114D-01
   2.112000000000000D+03   3.105722082429679D+00   1.000000000000000D+00  -4.998997321882634D+00  -1.001288288029000D-01   3.625090011574783D+01  -6.482543254313987D-01  -3.292878387021150D-01   6.865390366485886D-01
   2.112000000000000D+03   2.580441192783294D+00   1.000000000000000D+00  -4.733458282430906D+00   1.610705651378610D+00   2.941758039498333D+01  -6.984255558264170D-01   8.840944480273788D-02  -7.102010370579813D-01
   2.112000000000000D+03   3.216273088777366D+00   1.000000000000000D+00  -3.799906343344411D+00   3.249724879237483D+00   3.291040187452121D+01  -8.618397719339435D-01   3.653152451857192D-01   3.518195263878154D-01
   2.112000000000000D+03   1.446652442544860D+00   1.000000000000000D+00   2.701168830563947D+00   4.207574949629888D+00   2.963787292738078D+01   7.503786491660746D-01   4.645622728473124D-01  -4.702273679005049D-01
   2.112000000000000D+03   1.977238956136944D+00   1.000000000000000D+00  -4.622422269362827D+00   1.906098730928550D+00   3.328699132146097D+01  -9.260616078835701D-01  -5.573709664904969D-02   3.732335387679295D-01
   2.112000000000000D+03   1.688817501813901D+00   1.000000000000000D+00  -1.816237965800274D+00   4.658463229526668D+00   3.095205099195061D+01  -6.170356352502113D-01   7.540031500505342D-01  -2.252693377831074D-01
   2.112000000000000D+03   2.934141109779603D+00   1.000000000000000D+00  -4.745076607294542D+00   1.576149738905932D+00   3.328806458047177D+01  -9.345308671115928D-01  -1.020621689887859D-01   3.409330903226603D-01
   2.112000000000000D+03   4.207794386674458D+00   1.000000000000000D+00  -4.960122280041079D+00   6.302277164192379D-01   2.518358830188660D+01  -8.060740239793662D-01  -3.915464833690590D-01   4.437747392845107D-01
   2.112000000000000D+03   1.101630708850962D+01   1.000000000000000D+00  -3.950818150613473D+00   3.064479719247809D+00   2.094277046986961D+01  -9.774910241069414D-01   1.915843942796027D-01   8.835563173267727D-02
   2.112000000000000D+03   2.275444534834220D+00   1.000000000000000D+00   1.241303268406703D+00   4.843466341761541D+00   2.234718539167235D+01   6.808295712045748D-01   6.445656308502021D-01   3.478595154657639D-01
   2.112000000000000D+03   1.052475682654176D+00   1.000000000000000D+00  -4.968198397936685D+00   5.630316942273931D-01   1.989127785396548D+01  -9.905583567340223D-01   1.089072752739030D-01   8.326672382655392D-02
   2.112000000000000D+03   3.890866020682097D+00   1.000000000000000D+00  -4.240295024147121D+00   2.649509033154275D+00   2.098617562449267D+01  -9.950444424858454D-01   2.535908116928902D-02   9.614298976151275D-02
   2.112000000000000D+03   8.843855749264549D+00   1.000000000000000D+00   3.476498337452984D-01   4.987899317494558D+00   2.087099499172342D+01   6.023760997385815D-01   7.966256265029287D-01   5.030552318136480D-02
   2.112000000000000D+03   2.011788702685036D+00   1.000000000000000D+00  -1.856430435193300D+00  -4.642592599839907D+00   2.459424658440692D+01  -5.860675641970411D-01  -7.134229389210262D-01   3.841256570673630D-01
   2.112000000000000D+03   1.340167697582806D+01   1.000000000000000D+00   4.213797899124202D+00   2.691450774473954D+00   2.677394384511784D+01   6.898225122928433D-01   4.949735139493414D-02   7.222845102443197D-01
   2.112000000000000D+03   1.714429180391130D+00   1.000000000000000D+00   4.534765815474100D+00   2.106157402085071D+00   1.380034541774830D+01   5.136518231294738D-01  -2.631264628341772D-01  -8.166555388608725D-01
   2.112000000000000D+03   3.991608773271664D+00   1.000000000000000D+00  -4.999943952892095D+00  -2.367430906077346D-02   2.255144032874784D+01  -4.967367770907417D-01  -9.336209578004512D-02   8.628650493310415D-01
   2.112000000000000D+03   1.191693269695651D+01   1.000000000000000D+00  -1.391582451589043D+00  -4.802447114693264D+00   2.215184239097914D+01   5.179548925063684D-02  -9.516379006945036D-01   3.028242613382309D-01
   2.112000000000000D+03   9.173981280486956D+00   1.000000000000000D+00  -4.983298388274609D+00  -4.083346426704772D-01   2.423114457595009D+01  -7.156880223938392D-01   1.810121493457633D-01   6.745555991845463D-01
   2.112000000000000D+03   1.826192513973424D+00   1.000000000000000D+00  -4.609760520468968D+00   1.936519545548286D+00   2.048420733565814D+01  -3.829131309515131D-01   7.318794766179997D-01   5.636754082362223D-01
   2.112000000000000D+03   5.354383349145905D+00   1.000000000000000D+00   3.247384056700291D+00  -3.801906994779473D+00   2.312594425495485D+01   8.265413774723164D-01  -4.334821413151752D-01   3.590579124416787D-01
   2.112000000000000D+03   5.606470290117159D+00   1.000000000000000D+00  -4.966456896857379D+00  -5.781919239243166D-01   2.018956626923931D+01  -9.521996479996560D-01   1.942138627619978D-01  -2.357897492691217D-01
   2.112000000000000D+03   1.713978981905029D+00   1.000000000000000D+00  -4.320769250719162D+00  -2.516138527336564D+00   2.432313893793015D+01  -6.133342161070705D-01  -2.796913344111930D-01   7.386432811632495D-01
   2.112000000000000D+03   1.037216375537553D+00   1.000000000000000D+00   4.884715328878577D+00  -1.067499959673074D+00   2.053278114368285D+01   9.072359044443012D-01   3.652549067185325D-01  -2.085949826941352D-01
   2.112000000000000D+03   8.780179010695278D+00   1.000000000000000D+00  -4.072652284713466D+00   2.900603967531388D+00   1.944556893411456D+01  -4.649340154208936D-01   8.366546710150876D-01  -2.895605684019140D-01
   2.112000000000000D+03   2.989499252552150D+00   1.000000000000000D+00   1.855143854318375D+00  -4.643106857294111D+00   2.300513582506664D+01   6.602611894381770D-01  -6.479575778188721D-01   3.797448341568112D-01
   2.112000000000000D+03   7.279073456548990D+00   1.000000000000000D+00  -2.954097905696328D+00  -4.034018538440245D+00   3.340849048506109D+01  -5.215766267540572D-01  -2.277413376438203D-01   8.222479586791704D-01
   2.112000000000000D+03   4.732213870729751D+00   1.000000000000000D+00   4.420263877540604D+00   2.336935441741951D+00   1.203869899873120D+01   5.448687262839810D-01   2.445544054651619D-01  -8.020668387891707D-01
   2.112000000000000D+03   1.413100783862774D+00   1.000000000000000D+00  -4.998626626937223D+00   1.171829824976603D-01   2.438476164133603D+01  -6.849592836713917D-01   2.778775389196713D-01   6.735093563391089D-01
   2.112000000000000D+03   4.450710707671760D+00   1.000000000000000D+00  -3.389304781037568D+00  -3.675950639801588D+00   2.617385870828408D+01  -3.028101240222358D-01  -4.038658934159117D-01   8.632487294661985D-01
   2.112000000000000D+03   1.462591889144993D+00   1.000000000000000D+00   4.103738706720118D+00  -2.856453856837198D+00   1.983405734263912D+01   9.087875943086307D-01  -3.175530820974107D-01  -2.706753562501881D-01
   2.112000000000000D+03   1.783373175333169D+00   1.000000000000000D+00  -1.535583557033758D+00  -4.758359291602820D+00   2.636164037074397D+01  -3.895454959585376D-03  -9.040272426976474D-01  -4.274570971350769D-01
   2.112000000000000D+03   1.853532914798848D+00   1.000000000000000D+00  -4.932282763309548D+00   8.201138606697664D-01   2.182546926596959D+01  -3.434671477232443D-02   8.317890570226076D-01  -5.540282193190069D-01
   2.112000000000000D+03   1.099425813225253D+00   1.000000000000000D+00  -3.367920092266585D+00   3.695553308958962D+00   2.006178695217034D+01  -5.122585816002238D-01   5.141310307774126D-01  -6.879392624125201D-01
   2.112000000000000D+03   1.713339660321822D+01   1.000000000000000D+00   4.486695115069188D+00   2.206709529648759D+00   4.658241198907385D+01   4.443516440457561D-01  -3.602032152091211D-02   8.951280092095003D-01
   2.112000000000000D+03   8.810350973982084D+00   1.000000000000000D+00  -3.976713777311505D+00  -3.030799818591948D+00   3.198005451618399D+01  -1.447803590826792D-01  -9.708024549286869D-01   1.912622313169143D-01
   2.112000000000000D+03   8.785040415000944D+00   1.000000000000000D+00  -1.430327427333187D+00   4.791050350071273D+00   3.115984321336661D+01   5.593904800862468D-01   8.244387898804322D-01   8.592422550926672D-02
   2.112000000000000D+03   1.482370806106360D+00   1.000000000000000D+00  -3.505207920522428D+00   3.565601974946224D+00   3.379075648984067D+01  -7.474634164186054D-01   6.441486391762266D-01  -1.623914153003232D-01
   2.112000000000000D+03   2.863289741437143D+00   1.000000000000000D+00  -4.558529388263359D+00   2.054217568836481D+00   2.873797996553876D+01  -5.532655565112489D-01  -3.083843322807662D-01  -7.738193119727914D-01
   2.112000000000000D+03   1.891975160868242D+00   1.000000000000000D+00  -4.140800564349764D+00   2.802457973999645D+00   3.087450310461649D+01  -9.220644688168025D-01   3.777660015264129D-01  -8.420192062140963D-02
   2.112000000000000D+03   1.176114766136266D+00   1.000000000000000D+00  -4.726706722137691D-01  -4.977608104721973D+00   3.367692427715699D+01   3.158432360676370D-01  -8.903328259090657D-01   3.279489431894854D-01
   2.112000000000000D+03   1.453363276231740D+02   1.000000000000000D+00   3.330226560924112D+00  -3.729556415829636D+00   3.763957368637886D+01   6.232171020536603D-02  -7.407514167657879D-01   6.688821592751271D-01
   2.112000000000000D+03   6.361941255943059D+00   1.000000000000000D+00   2.869928932569369D+00  -4.094326309085479D+00   3.557190020885988D+01  -3.705256352510774D-01  -6.588437998003475D-01   6.547026814412976D-01
   2.112000000000000D+03   1.196838420476224D+01   1.000000000000000D+00  -3.505961792770567D+00  -3.564860713877915D+00   3.313884144395142D+01   1.935038473816810D-01  -4.311538209785597D-01   8.812846553208988D-01
   2.112000000000000D+03   3.644509742541467D+01   1.000000000000000D+00  -1.777645283085198D+00   4.673326144548226D+00   2.579763706292703D+01  -3.156333055389648D-03   6.185972575685165D-01  -7.857018967078762D-01
   2.112000000000000D+03   1.336291383271306D+01   1.000000000000000D+00  -1.040123946293931D+00   4.890617771308957D+00   2.881360300926886D+01   2.902617467100131D-01   9.508880239675196D-01   1.075178323442140D-01
   2.112000000000000D+03   2.142382364736628D+00   1.000000000000000D+00  -4.886383137191439D+00   1.059839535742130D+00   3.650656499698991D+01  -5.240403431005892D-01  -8.037886986163548D-02   8.478920662931003D-01
   2.112000000000000D+03   2.430714890169883D+00   1.000000000000000D+00  -4.814006898897492D+00   1.351050547217323D+00   3.215542625460184D+01  -4.943427253813832D-01  -3.666259457018020D-01   7.881691987135542D-01
   2.112000000000000D+03   6.857166806641658D+00   1.000000000000000D+00  -1.673771796502974D+00   4.711527139096087D+00   2.828059167708707D+01   4.184629563007214D-02   9.920174901742047D-01  -1.189545574180019D-01
   2.112000000000000D+03   1.953222386297853D+00   1.000000000000000D+00   3.356262281252164D+00  -3.706144021643218D+00   3.046151816916375D+01   6.186630411425631D-01  -7.507728637673180D-01   2.315084200517462D-01
   2.112000000000000D+03   1.847469375724586D+00   1.000000000000000D+00  -2.688128405415500D+00  -4.215918130591763D+00   3.248935162721052D+01  -1.173569594551127D-01  -8.566432864586485D-01   5.023839406597083D-01
   2.112000000000000D+03   3.566533484370082D+00   1.000000000000000D+00  -4.960167473058962D+00   6.298719273485884D-01   2.853537889432727D+01  -4.642051693228654D-01   8.326163988882869D-01  -3.020984824129895D-01
   2.112000000000000D+03   2.216550088769850D+00   1.000000000000000D+00  -3.886279889784766D+00  -3.145922539687067D+00   3.194109308277401D+01  -2.968442454122391D-01  -8.184202055802706D-01   4.920079888208994D-01
   2.112000000000000D+03   1.126175087406750D+00   1.000000000000000D+00   5.002509642843325D-01  -4.974911957210965D+00   2.981988183243919D+01  -2.194276964316655D-02  -9.336848902860874D-01   3.574227755919366D-01
   2.112000000000000D+03   1.961133569842510D+00   1.000000000000000D+00  -4.851217013675447D+00   1.210658289760161D+00   3.376145217495866D+01  -8.259974699019272D-01   1.341976350772706D-01   5.474661400080212D-01
   2.112000000000000D+03   2.898519408830791D+00   1.000000000000000D+00   3.295488044184826D+00  -3.760287030993361D+00   3.755984386090135D+01   7.712751208143187D-01   3.476575539887328D-02   6.355517526247598D-01
   2.112000000000000D+03   1.603753291620102D+00   1.000000000000000D+00   2.459645912101498D+00   4.353176081423597D+00   3.726995473733499D+01   1.970213439072094D-01   8.989880090631345D-01  -3.911561703536054D-01
   2.112000000000000D+03   4.280865006900836D+00   1.000000000000000D+00   1.741741921217478D-01   4.996965414998759D+00   2.259612888557463D+01   6.357635990087062D-01   7.678180581580818D-01  -7.912064042871381D-02
   2.112000000000000D+03   4.868829856609725D+01   1.000000000000000D+00   4.715879943600404D+00   1.661468136107068D+00   2.359205352271984D+01   9.534985320605731D-01   2.282542954769226D-01   1.968261312800359D-01
   2.112000000000000D+03   3.270982011448719D+01   1.000000000000000D+00  -7.822102938541688D-01   4.938435689799316D+00   2.785000768602126D+01   1.509615116938635D-01   6.410157373899232D-01   7.525353456187667D-01
   2.112000000000000D+03   2.339114981668597D+01   1.000000000000000D+00  -2.004980272090412D+00   4.580398903412488D+00   2.763954146383841D+01  -1.250566340705032D-02   6.335602408955100D-01   7.735922889605177D-01
   2.112000000000000D+03   7.548987238488039D+00   1.000000000000000D+00  -3.879635970453177D+00  -3.154112354709873D+00   2.187601868148763D+01  -5.123720197506858D-01  -8.547563888907578D-01  -8.286391872844719D-02
   2.112000000000000D+03   8.740597029498645D+00   1.000000000000000D+00  -4.517042272594477D+00   2.143905108611330D+00   2.527040067490701D+01  -5.767486933204644D-01   4.489106318298453D-01   6.825248635641532D-01
   2.112000000000000D+03   4.447721363115420D+00   1.000000000000000D+00  -4.878647413082639D+00  -1.094896994191633D+00   2.355897894327989D+01  -8.509849526636445D-01  -3.491108207937957D-01   3.923598414016612D-01
   2.112000000000000D+03   1.722781307525345D+00   1.000000000000000D+00   7.365366478599289D-01   4.945453849236004D+00   1.874469793598725D+01  -3.753764361520680D-01   9.217464732019134D-01  -9.734459574936352D-02
   2.112000000000000D+03   8.255705635529797D+00   1.000000000000000D+00  -2.643731368006254D+00   4.243899676368247D+00   2.048231752927098D+01  -7.779883621963859D-01   6.061820980367105D-01   1.651586277092327D-01
   2.112000000000000D+03   2.292845248577009D+00   1.000000000000000D+00  -1.790622178009659D+00  -4.668369332505121D+00   2.122100454734964D+01   2.584317347971350D-02  -9.796691652973244D-01  -1.989483776011785D-01
   2.112000000000000D+03   3.678702047220983D+00   1.000000000000000D+00  -4.975008959396029D+00  -4.992853522083505D-01   2.389066073702265D+01  -8.905704575103777D-01  -1.395773023742875D-01   4.329000310368124D-01
   2.112000000000000D+03   6.027176566293861D+00   1.000000000000000D+00   6.766401723240856D-01  -4.954004247568827D+00   1.944024676442208D+01   5.655942264467321D-01  -7.032040112806207D-01  -4.308216446848594D-01
   2.112000000000000D+03   3.642864028590225D+00   1.000000000000000D+00  -4.950469509850964D+00   7.020339313832044D-01   2.206243941405259D+01  -8.032741964429863D-01   5.870364828147966D-01   1.006912765501937D-01
   2.112000000000000D+03   1.412334189823099D+00   1.000000000000000D+00  -3.447775509246358D+00  -3.621166116228590D+00   3.379073194251423D+01   8.307776161433691D-02  -5.597509384649983D-01   8.244858836952302D-01
   2.112000000000000D+03   1.994963207499723D+00   1.000000000000000D+00  -3.303486833710337D+00  -3.753261880276303D+00   2.726957779983229D+01   8.741667329155942D-02  -4.010265757563080D-01  -9.118859636861435D-01
   2.112000000000000D+03   6.566887895280615D+00   1.000000000000000D+00  -4.458810752596960D+00  -2.262522194905397D+00   3.142115545020651D+01  -9.262890028971956D-01  -3.654129936445799D-01   9.198927756768732D-02
   2.112000000000000D+03   2.874296719292374D+00   1.000000000000000D+00  -3.207546650156267D+00  -3.835576161528271D+00   3.357448051084820D+01   1.647908530447156D-01  -6.348178609601769D-01   7.548842680561969D-01
   2.112000000000000D+03   2.858550447319530D+00   1.000000000000000D+00   1.944726659502730D+00  -4.606304182913776D+00   3.980987568637360D+01   7.899604908944384D-01  -2.862473384450352D-01   5.422406145420604D-01
   2.112000000000000D+03   2.177365144984037D+00   1.000000000000000D+00  -4.941836402695851D+00   7.604294670751894D-01   3.191029120821463D+01  -4.095264071812484D-01   8.932445894230562D-01   1.854783687863730D-01
   2.112000000000000D+03   1.000266913040832D+00   1.000000000000000D+00  -3.889522599076020D+00  -3.141912468651667D+00   3.227086340888471D+01  -8.352348883230576D-01  -4.606370747761708D-01  -3.003267664888060D-01
   2.112000000000000D+03   4.532855037110983D+01   1.000000000000000D+00  -3.968228125469336D+00   3.041901634046901D+00   3.551061218689558D+01  -5.786976915063298D-01   3.928914281299480D-01   7.146644720057482D-01
   2.112000000000000D+03   1.220263004782299D+02   1.000000000000000D+00  -2.961685796670987D+00   4.028450974138115D+00   2.091610319781491D+01  -8.546440979188077D-01   5.181422207199070D-01  -3.334823833414148D-02
   2.112000000000000D+03   5.095279627143520D+01   1.000000000000000D+00   1.947223107261335D+00   4.605249415546130D+00   2.265110979363947D+01   3.961588242929461D-01   7.923165171282923D-01   4.639964683276409D-01
   2.112000000000000D+03   1.106745507595178D+00   1.000000000000000D+00   2.005065487439284D+00   4.580361601013548D+00   1.977248314462030D+01  -5.878514735865846D-01   7.987241572074879D-01   1.283369225720680D-01
   2.112000000000000D+03   3.570455338020025D+01   1.000000000000000D+00   3.847159655893610D+00  -3.193644092457254D+00   3.677689486379167D+01   9.529829467404682D-01   1.722126393911766D-02  -3.025341820194750D-01
   2.112000000000000D+03   6.740878117776901D+00   1.000000000000000D+00  -4.999782962125001D+00  -4.658692403242948D-02   2.750114418234837D+01  -9.835417433772490D-01  -1.208760410106319D-01   1.342930442876238D-01
   2.112000000000000D+03   5.364221876902442D+00   1.000000000000000D+00  -3.644653174202891D+00   3.422937809672976D+00   2.506239459473531D+01  -5.275619910550510D-01   7.698761707130323D-01  -3.591225798557755D-01
   2.112000000000000D+03   2.744703984428952D+00   1.000000000000000D+00  -4.687307304703528D+00   1.740445413687535D+00   3.071006703768358D+01  -6.183984687311433D-01   2.745764365226053D-01   7.363362780533937D-01
   2.112000000000000D+03   2.553905649081201D+00   1.000000000000000D+00  -4.473206304548352D+00  -2.233925997592960D+00   2.059612273616257D+01  -3.198209104339570D-01  -6.516714160036696D-01  -6.877782715475730D-01
   2.112000000000000D+03   2.469642429261967D+00   1.000000000000000D+00   1.269685848715191D+00   4.836103581839323D+00   3.760958174184505D+01   5.118621368296531D-01   7.657962310437669D-01  -3.892984528601965D-01
   2.112000000000000D+03   2.875169896382257D+01   1.000000000000000D+00  -3.914663287474672D+00   3.110532326713884D+00   3.243883628314364D+01  -7.690419059280623D-01   6.129201699361417D-01  -1.813929772951114D-01
   2.112000000000000D+03   1.541376530898447D+00   1.000000000000000D+00  -4.999322625281606D+00   8.230001585956886D-02   4.045173815239667D+01  -4.299164041028407D-01  -2.158579489490330D-01   8.766853662282723D-01
   2.112000000000000D+03   3.725662208802882D+00   1.000000000000000D+00  -4.763719960401219D+00  -1.518871998801830D+00   3.152662447992575D+01  -9.891005146995637D-01  -1.467072018405427D-01  -1.253669610289060D-02
   2.112000000000000D+03   1.606054070194773D+00   1.000000000000000D+00   1.482262087513070D+00   4.775238120536927D+00   3.781636460560815D+01   8.715409292740541D-01   1.386255710579793D-01   4.703183598893064D-01
   2.112000000000000D+03   5.996316167958976D+01   1.000000000000000D+00  -2.733253292898666D+00   4.186803845476119D+00   2.364829797323093D+01  -3.055541566357285D-01   2.346306919821408D-01   9.228136841977426D-01
   2.112000000000000D+03   3.144928363505436D+00   1.000000000000000D+00  -4.949634529185162D+00  -7.078969111187894D-01   2.259206273866658D+01  -8.829199080444156D-01  -3.766714467091203D-01   2.803052928735007D-01
   2.112000000000000D+03   1.270798867550411D+00   1.000000000000000D+00  -4.365670417709408D+00  -2.437400625827467D+00   2.615315614684359D+01  -4.668499763295895D-01  -5.684214832185492D-01   6.774570960708037D-01
   2.112000000000000D+03   4.177326454727903D+00   1.000000000000000D+00  -1.507272901867694D+00   4.767402690056608D+00   2.046657461933852D+01  -4.537713857123753D-01   8.910219339947785D-01  -1.309361099450279D-02
   2.112000000000000D+03   1.883724504895529D+01   1.000000000000000D+00  -4.719177070421130D+00   1.652079835376502D+00   2.337768545808671D+01  -7.018842645704237D-01  -6.592984114602880D-01   2.695998586690584D-01
   2.112000000000000D+03   2.859890762372061D+00   1.000000000000000D+00  -4.235781697422647D+00  -2.656718543034063D+00   2.967775453535672D+01  -1.909640978671475D-01  -6.594535438409037D-01   7.270857836881836D-01
   2.112000000000000D+03   3.818517414478151D+00   1.000000000000000D+00  -2.637816075611857D+00   4.247578881785596D+00   2.312191299495456D+01  -3.675069016657971D-01   4.483114942110532D-01   8.148346343806572D-01
   2.112000000000000D+03   4.076101182077555D+01   1.000000000000000D+00   4.789516505254147D+00   1.435455206515479D+00   1.018852400526095D+01   4.410328069004989D-01  -7.327999022920631D-02  -8.944943299258384D-01
   2.112000000000000D+03   3.722283472466928D+01   1.000000000000000D+00  -6.119726794419490D-01   4.962407626127254D+00   2.264565174555529D+01  -4.948630191046016D-02   8.230591971622803D-01   5.657956025719969D-01
   2.112000000000000D+03   1.430428308049601D+00   1.000000000000000D+00  -2.510242686827886D+00  -4.324197227418579D+00   2.376835197202529D+01  -5.398889890514993D-01  -6.564111108645850D-01   5.269196646875796D-01
   2.112000000000000D+03   1.285277136055196D+00   1.000000000000000D+00  -3.245057147331522D+00  -3.803893284502157D+00   2.300679118876766D+01  -4.639614439694019D-01  -8.303125589624269D-01   3.087407212194297D-01
   2.112000000000000D+03   1.623710300669101D+00   1.000000000000000D+00  -4.980664594834420D+00  -4.392951174733977D-01   2.168513929569343D+01  -7.115404977305451D-01   6.997593452537156D-01  -6.361586924234872D-02
   2.112000000000000D+03   2.720255620128231D+00   1.000000000000000D+00  -2.332827202157015D+00   4.422433407900233D+00   1.468580004669964D+01  -3.143416018000285D-01   1.095750558184817D-01  -9.429648267672386D-01
   2.112000000000000D+03   5.078055522474295D+01   1.000000000000000D+00  -2.484115747382709D+00  -4.339259033912375D+00   2.300824663447755D+01  -6.065406265627513D-01  -7.802582694887891D-01   1.526613940170372D-01
   2.112000000000000D+03   4.493699614920168D+00   1.000000000000000D+00  -3.824997745489138D+00   3.220154073011318D+00   1.495298082413418D+01  -6.837694510843195D-02   9.945619835880896D-01  -7.855605755741105D-02
   2.112000000000000D+03   2.689327060677238D+01   1.000000000000000D+00  -3.901001701776395D+00  -3.127648593979455D+00   2.370250580385412D+01  -9.070211626956315D-01   3.824903783100855D-01  -1.761071291074615D-01
   2.112000000000000D+03   8.724600617615010D+00   1.000000000000000D+00  -4.980226586266107D+00  -4.442332240834002D-01   2.317889396489131D+01  -8.432398470104636D-01   5.264777159316721D-01   1.084793761096510D-01
   2.112000000000000D+03   1.230529851381923D+01   1.000000000000000D+00  -2.717692638127398D+00  -4.196921101144201D+00   2.613543903014037D+01  -3.444569633830338D-01  -3.203594141478232D-01   8.824507046536951D-01
   2.112000000000000D+03   1.264915488387601D+00   1.000000000000000D+00   1.701429935064039D-01  -4.997104297744837D+00   2.597699312083308D+01   8.867706543043392D-01  -4.777623957261901D-02  -4.597338769298536D-01
   2.112000000000000D+03   2.699773082815568D+00   1.000000000000000D+00  -3.197296298415712D+00  -3.844124918090938D+00   1.987075711861021D+01  -5.386720463632190D-01  -2.999240468464087D-01  -7.873233088065763D-01
   2.112000000000000D+03   1.022208789742990D+00   1.000000000000000D+00  -4.635288335515652D+00  -1.874593836576191D+00   2.198740806139020D+01  -8.096421364119601D-01   5.358358043826401D-01   2.394986465262082D-01
   2.112000000000000D+03   3.027082595489733D+02   1.000000000000000D+00   3.219530799205908D+00   3.825522374555137D+00   3.205854493180721D+01   2.953556760454524D-01   4.385800382131761D-01   8.487712145853338D-01
   2.112000000000000D+03   1.611381369946320D+01   1.000000000000000D+00  -1.643471030070679D+00  -4.722182015030737D+00   2.159571152174241D+01  -3.260606098619681D-01  -9.200830816502015D-01   2.170981380793258D-01
   2.112000000000000D+03   2.308645798107078D+00   1.000000000000000D+00   4.904400568170092D+00  -9.730647845331206D-01   2.425418720032164D+01   8.410668326321200D-01   1.460573581730904D-01   5.208395445525147D-01
   2.112000000000000D+03   1.118424635662219D+01   1.000000000000000D+00   2.845812365135159D+00  -4.111125392441383D+00   2.744045479383330D+01   5.401441698538811D-01  -8.340998128585712D-01  -1.119007504986356D-01
   2.112000000000000D+03   8.289968166409153D+00   1.000000000000000D+00  -4.362238889306784D+00   2.443536756570381D+00   3.050472455850151D+01  -9.702786405009122D-01  -7.656865251029074D-02   2.295574029310752D-01
   2.112000000000000D+03   3.339552922357658D+00   1.000000000000000D+00  -3.616106287092769D+00   3.453082004401923D+00   2.786832984553784D+01  -7.901312617580878D-01   4.288730721305333D-01  -4.379046439510434D-01
   2.112000000000000D+03   1.763464755141626D+00   1.000000000000000D+00   3.439126409608071D+00  -3.629381427756872D+00   2.701608150923319D+01   6.014077906966895D-01  -7.265119763018766D-01  -3.323988832401045D-01
   2.112000000000000D+03   8.568306724955855D+01   1.000000000000000D+00  -4.983382037045000D+00  -4.073125084094769D-01   3.899267614266531D+01  -6.408036909930037D-01  -3.226623245286343D-01   6.966058095792204D-01
   2.112000000000000D+03   1.723278165759019D+00   1.000000000000000D+00  -3.983157530438279D+00   3.022326271677934D+00   3.637711293485543D+01  -8.252004151733521D-01  -2.997675972636603D-01   4.787313050433399D-01
   2.112000000000000D+03   2.769864175714360D+00   1.000000000000000D+00  -2.647256954665811D+00   4.241701382791208D+00   3.668943363972949D+01  -8.597035241986256D-02   5.120797069896091D-01   8.546247551962445D-01
   2.112000000000000D+03   3.729414507896696D+01   1.000000000000000D+00   3.079893723460258D+00  -3.938813864622294D+00   4.471090334008289D+01   7.018967826208921D-01  -4.604394259946572D-01   5.434486558417004D-01
   2.112000000000000D+03   2.682663507745442D+01   1.000000000000000D+00   2.222440043152280D+00  -4.478924007211342D+00   4.060970508155759D+01   5.962940934905682D-01  -5.727212001860521D-01   5.625155828292313D-01
   2.112000000000000D+03   2.372177415848674D+01   1.000000000000000D+00  -4.811181120103725D+00   1.361079069139550D+00   3.744421599093235D+01  -3.131857325597002D-01  -4.455174585488855D-02   9.486463191634306D-01
   2.112000000000000D+03   2.867065977525016D+00   1.000000000000000D+00  -4.848292542598707D+00   1.222317237682332D+00   3.592144542212407D+01  -9.303235852243054D-01  -3.548007174662780D-01   9.281421044651088D-02
   2.112000000000000D+03   1.494991216929911D+00   1.000000000000000D+00  -4.401187770133805D+00   2.372666478369085D+00   3.561221751065364D+01  -1.136803435441454D-01   9.590616074883311D-01  -2.593792831619042D-01
   2.112000000000000D+03   1.999565212260223D+00   1.000000000000000D+00  -4.981923793797074D+00  -4.247767836758613D-01   3.716962384105570D+01  -2.700245917133756D-01  -5.425845870337782D-01   7.954173029192974D-01
   2.112000000000000D+03   1.297279841961233D+01   1.000000000000000D+00  -3.594096272602376D+00   3.475985038421041D+00   3.654799671048509D+01   3.077414394616709D-01   9.023801661209676D-01   3.016707513657131D-01
   2.112000000000000D+03   2.068338741996854D+00   1.000000000000000D+00  -4.434901959650776D+00   2.309035429184734D+00   3.525496091998328D+01  -1.346130554473507D-01   8.121618951177754D-01  -5.676903922225847D-01
   2.112000000000000D+03   1.280578941857584D+00   1.000000000000000D+00   1.527284133525601D-01   4.997666859351884D+00   3.987126402470162D+01   6.381217352254054D-01   5.116780847729961D-01   5.753139913090557D-01
   2.112000000000000D+03   3.893009106457179D+00   1.000000000000000D+00  -2.235317783405207D+00  -4.472510974177015D+00   4.091081268824362D+01   2.137369053097525D-01  -8.828308188995118D-01   4.182418923420120D-01
   2.112000000000000D+03   4.368784723690169D+00   1.000000000000000D+00  -4.615883847477312D+00   1.921878328979446D+00   3.669567870408228D+01  -3.207589400690133D-01   4.791160537827689D-01   8.170443741764764D-01
   2.112000000000000D+03   3.524684744504611D+00   1.000000000000000D+00  -3.693479528849395D+00   3.370194204020316D+00   3.359974638637515D+01   1.963177284338462D-01   6.367399458556557D-01  -7.456685529471601D-01
   2.112000000000000D+03   7.352291829567662D+00   1.000000000000000D+00  -4.396628065954996D+00   2.381105133150695D+00   3.616117848362853D+01  -1.069159153749559D-01   9.490569083501496D-01   2.964118279562934D-01
   2.112000000000000D+03   1.630969590307700D+00   1.000000000000000D+00  -4.364123894172170D+00   2.440168568684749D+00   4.001394694466160D+01  -9.521696226109790D-01  -2.109130840779629D-01  -2.211078486657308D-01
   2.112000000000000D+03   3.802564464570082D+00   1.000000000000000D+00   4.711246274812332D+00  -1.674562195459440D+00   2.577442956617272D+01   9.700083725045318D-01   2.224102254628068D-01  -9.806859273331570D-02
   2.112000000000000D+03   5.894991909338167D+01   1.000000000000000D+00   4.999308961810436D+00   8.312587611007875D-02   2.491450059398994D+01   6.867456640708506D-01   3.049773072241038D-01   6.598251548389322D-01
   2.112000000000000D+03   2.872928218375293D+01   1.000000000000000D+00  -3.586968010509872D+00  -3.483340422487118D+00   2.664179350044636D+01  -8.442093838340619D-01  -1.862551273670556D-01   5.026127174833479D-01
   2.112000000000000D+03   1.518061759503975D+00   1.000000000000000D+00   4.997668218437632D+00   1.526839457392179D-01   2.436742901862443D+01   8.733020891572456D-01   4.555974903779905D-01   1.725525654253416D-01
   2.112000000000000D+03   1.187745469534740D+01   1.000000000000000D+00  -7.988477938747208D-01  -4.935771693554162D+00   2.275320837008750D+01  -6.202783938533885D-01  -7.777927985131559D-01   1.014548012650654D-01
   2.112000000000000D+03   6.316950136292469D+00   1.000000000000000D+00   1.207357504061670D+00   4.852039557369683D+00   2.373180476457019D+01  -1.665611526288006D-01   9.579911818157816D-01   2.334743626143294D-01
   2.112000000000000D+03   3.370046729258558D+00   1.000000000000000D+00   4.951136659403773D+00  -6.973132650032245D-01   2.339670848442036D+01   9.844639820585185D-01   7.674184625445252D-02   1.579283288803599D-01
   2.112000000000000D+03   3.870324387452939D+00   1.000000000000000D+00   4.100749264671468D+00   2.860743867429366D+00   3.194455641044284D+01   3.290906128342255D-01   7.059848062747244D-01   6.271242475408151D-01
   2.112000000000000D+03   2.588171244946125D+00   1.000000000000000D+00   4.873118605182771D+00   1.119247545451270D+00   2.084087145395155D+01   7.005828784614341D-01   6.026914777330189D-01  -3.820295971187067D-01
   2.112000000000000D+03   4.171067957511013D+00   1.000000000000000D+00   4.998472951172539D+00  -1.235644155724379D-01   2.365948901455132D+01   8.479202233834002D-01   3.129289056127563D-01   4.279097975151392D-01
   2.112000000000000D+03   3.672157339629734D+00   1.000000000000000D+00   8.682707687781279D-01   4.924033497175061D+00   2.227876536427378D+01  -2.220481249058515D-01   9.750350783188755D-01   1.107372340009141D-03
   2.112000000000000D+03   6.583672566396103D+00   1.000000000000000D+00   4.767150118430090D+00  -1.508071535326058D+00   2.571795867978531D+01   8.970240356608212D-01   4.123745734257734D-01  -1.590443040120734D-01
   2.112000000000000D+03   2.924423633842366D+00   1.000000000000000D+00   4.179497537278338D+00  -2.744412567734952D+00   2.602417635217506D+01   8.325772037306908D-02  -9.767652958350289D-01   1.974783756531033D-01
   2.112000000000000D+03   1.780024697166427D+00   1.000000000000000D+00  -4.922484917740082D+00  -8.770075505182084D-01   2.375727120206045D+01  -9.517943106420589D-01   1.857722453407561D-01  -2.440824923882530D-01
   2.112000000000000D+03   2.122399992898067D+00   1.000000000000000D+00   4.632163689603333D+00  -1.882301666141876D+00   2.587499505858623D+01   9.894242934686928D-01  -1.258277146210047D-01   7.215922482422549D-02
   2.112000000000000D+03   1.025474625690663D+00   1.000000000000000D+00   3.131394184932079D+00  -3.897995698130587D+00   2.485299593022358D+01  -3.876752806005728D-01  -8.336243828592795D-01  -3.934186893295138D-01
   2.112000000000000D+03   3.752527262751781D+01   1.000000000000000D+00   2.446602142470526D+00   4.360520377922539D+00   2.744496854727449D+01   4.659879383365167D-01   8.644513535034636D-01   1.886242263096446D-01
   2.112000000000000D+03   5.285879210858184D+00   1.000000000000000D+00   4.171320419008932D+00   2.756825342741373D+00   2.679560297027364D+01   9.976851894191815D-01   1.788483741603819D-02  -6.560789132576895D-02
   2.112000000000000D+03   4.370078728669341D+00   1.000000000000000D+00   1.503013466427942D+00   4.768747270027190D+00   2.976535254205166D+01  -1.039269923795148D-03   5.933053516558171D-01   8.049768193026384D-01
   2.112000000000000D+03   2.908248764713594D+01   1.000000000000000D+00   4.812402703743973D+00  -1.356753560170883D+00   2.918781332601695D+01   7.959462126468442D-01   5.978094759448651D-01   9.535961956546676D-02
   2.112000000000000D+03   5.832058299890852D+01   1.000000000000000D+00   4.421299846634444D+00  -2.334974876664144D+00   3.035335509148090D+01   8.074277034453700D-01  -2.918064221709410D-01   5.127470289418846D-01
   2.112000000000000D+03   2.252093111094977D+01   1.000000000000000D+00   3.815048374753482D+00   3.231935318400893D+00   2.111092398807488D+01   2.511273425913259D-01   3.279988865276374D-01  -9.106875360076303D-01
   2.112000000000000D+03   1.892850495730386D+00   1.000000000000000D+00   4.993767901938155D+00   2.495639115039775D-01   3.562687022141030D+01   4.312310280978557D-01   9.223336500251861D-02   8.975147947448994D-01
   2.112000000000000D+03   1.540799711107411D+00   1.000000000000000D+00   7.590815036050020D-01   4.942043633782187D+00   3.182790774476686D+01  -4.796476853189865D-01   8.144859491095037D-01   3.264211032873473D-01
   2.112000000000000D+03   3.860986087485571D+00   1.000000000000000D+00   2.944079215924184D+00  -4.041336113134311D+00   2.995001586759462D+01   4.631158419982045D-01  -7.712048690651975D-01   4.367685506311391D-01
   2.112000000000000D+03   1.828466827708780D+00   1.000000000000000D+00  -4.695528861389556D+00   1.718141065488921D+00   3.126416436767398D+01  -8.200921120449057D-01   3.958280607622581D-01   4.132421494413606D-01
   2.112000000000000D+03   1.665402342191101D+00   1.000000000000000D+00   1.220283880944891D+00   4.848804724807533D+00   2.677917735539057D+01   4.607731116478438D-03   9.691601307847559D-01  -2.463887369812853D-01
   2.112000000000000D+03   2.397222128753064D+01   1.000000000000000D+00   3.130758788886114D+00  -3.898506048586689D+00   2.976560767508995D+01  -2.915008514625766D-01  -8.823744570534098D-01   3.693813356631507D-01
   2.112000000000000D+03   1.538086674715601D+00   1.000000000000000D+00  -4.555337111233841D+00   2.061286930777573D+00   2.999940485968795D+01  -4.993993546805428D-01   8.317210018400731D-01  -2.425705250907508D-01
   2.112000000000000D+03   1.410461668171592D+00   1.000000000000000D+00  -4.764380782203640D+00   1.516797866488333D+00   2.857248710697064D+01  -4.647643417973951D-01   3.910523274930683D-01  -7.944005184765983D-01
   2.112000000000000D+03   5.803517816551085D+00   1.000000000000000D+00   4.884787605516627D+00  -1.067169179703126D+00   3.510521348183602D+01   8.926990477320802D-01  -1.854531013257685D-01   4.107256473449048D-01
   2.112000000000000D+03   3.601377096165482D+01   1.000000000000000D+00  -1.727340495341517D+00   4.692152472152957D+00   2.326688374935528D+01  -4.880116540387147D-01   7.557140763058506D-01   4.367388926985922D-01
   2.112000000000000D+03   6.630665233117007D+00   1.000000000000000D+00  -2.642012214959780D+00   4.244970137111373D+00   2.121443096425239D+01  -7.734231227648007D-01   5.744736718358368D-01  -2.679490129487234D-01
   2.112000000000000D+03   5.288462197904551D+00   1.000000000000000D+00  -8.937328837248508D-01  -4.919475738532314D+00   2.444198486688137D+01  -7.188888963407092D-02  -9.483424693065421D-01   3.089960330760741D-01
   2.112000000000000D+03   3.959305296402538D+00   1.000000000000000D+00   4.642035042169140D+00  -1.857824177348658D+00   1.406785369951457D+01   5.663892606019372D-01  -3.792250711524996D-01  -7.317045516355439D-01
   2.112000000000000D+03   4.384492472438550D+00   1.000000000000000D+00  -1.162381253416193D+00   4.863010367102018D+00   2.026053340340249D+01  -3.170072504874397D-01   8.326267363333687D-01  -4.541355756613183D-01
   2.112000000000000D+03   2.467099630691109D+00   1.000000000000000D+00  -1.147668817864041D+00   4.866503497385718D+00   2.568650737457043D+01  -1.847805406144340D-01   5.281766656170913D-01   8.287855945344660D-01
   2.112000000000000D+03   2.447537526988675D+00   1.000000000000000D+00   3.583586796050908D+00   3.486818847974460D+00   3.016623179647509D+01   7.662531443868188D-01  -2.970499507274187D-01   5.697520912556190D-01
   2.112000000000000D+03   7.434081416605295D+00   1.000000000000000D+00  -4.446167656107094D+00   2.287267623648155D+00   2.294188516488903D+01  -9.740427095197978D-01  -5.674823058352296D-02   2.191356619926795D-01
   2.112000000000000D+03   1.839980687880370D+00   1.000000000000000D+00  -1.228671643147424D+00   4.846686084604137D+00   2.471306746125105D+01  -2.705780681673819D-04   9.665681142437437D-01   2.564098424686582D-01
   2.112000000000000D+03   1.647835362999617D+00   1.000000000000000D+00   4.840193363998012D+00   1.254004866299888D+00   1.846731505814045D+01   7.125097785563748D-01  -5.196045195991085D-01  -4.715304429978255D-01
   2.112000000000000D+03   1.108383095415888D+00   1.000000000000000D+00   3.817381513874280D+00  -3.229179212532046D+00   3.246950269989114D+01   4.957849127268670D-01  -8.257472209595501D-01   2.689588209930904D-01
   2.112000000000000D+03   1.775335846110995D+01   1.000000000000000D+00  -2.750550739891050D+00  -4.175460529897220D+00   2.536040956528479D+01  -5.720771104066772D-01  -7.541332823448842D-01   3.225070110997241D-01
   2.112000000000000D+03   2.409706432306734D+00   1.000000000000000D+00  -1.358786411504140D+00  -4.811829121718967D+00   2.305263372218997D+01  -1.936763236260316D-01  -8.504764543462762D-01  -4.890595896915745D-01
   2.112000000000000D+03   1.422853649246122D+00   1.000000000000000D+00   7.966681348239103D-01   4.936123974540590D+00   2.744873651133177D+01   2.436059058980279D-01   8.802495843281289D-01   4.072061294992472D-01
   2.112000000000000D+03   2.818088956792735D+00   1.000000000000000D+00  -9.838066222592226D-01  -4.902257086177370D+00   2.328826343961985D+01   4.862646682458648D-02  -9.253914604019723D-01  -3.758804487323891D-01
   2.112000000000000D+03   1.553531237872107D+00   1.000000000000000D+00  -6.665096182413723D-01  -4.955377375259338D+00   2.952655691472858D+01   1.729062413061343D-01  -2.694919998949700D-01  -9.473528876348001D-01
   2.112000000000000D+03   5.139325127444294D+01   1.000000000000000D+00  -3.766021529702672D+00   3.288933237992736D+00   2.319545092390055D+01  -7.271643612954725D-01   1.034375212482830D-01   6.786255748641946D-01
   2.112000000000000D+03   3.713205280627406D+00   1.000000000000000D+00   1.663636067618981D-01   4.997231549281540D+00   2.466754478670391D+01   7.481315903219843D-01   6.544302983154753D-01   1.096362540814700D-01
   2.112000000000000D+03   1.648080143328512D+00   1.000000000000000D+00  -1.709538605701124D+00  -4.698667658237623D+00   1.854036276174164D+01   8.040152378886278D-02  -7.689063237443989D-01  -6.342859452000357D-01
   2.112000000000000D+03   4.223995108494705D+00   1.000000000000000D+00   4.998468208612541D+00   1.237561162002934D-01   1.935959375791458D+01   8.904825814234140D-01  -3.831860811315259D-01  -2.453756292066443D-01
   2.112000000000000D+03   1.249375015663759D+00   1.000000000000000D+00  -1.917191189248495D+00   4.617832603305533D+00   2.055264235237581D+01   1.939223126899685D-01   9.774273719797030D-01   8.384431492847660D-02
   2.112000000000000D+03   4.351184993540983D+00   1.000000000000000D+00  -3.996609019500295D+00   3.004515993197303D+00   2.076900924684860D+01  -9.885433528472026D-01   3.791688187126630D-02  -1.460970554486689D-01
   2.112000000000000D+03   1.875863109370130D+00   1.000000000000000D+00  -1.444669116905791D+00   4.786745361081620D+00   2.061504384087296D+01   1.347933036017491D-02   9.627327297980418D-01  -2.701184899792163D-01
   2.112000000000000D+03   1.345615991348454D+02   1.000000000000000D+00   3.616143280523493D+00  -3.453043264213356D+00   2.218013856080475D+01   5.767590564619887D-01  -8.156776638052774D-01  -4.493261130005027D-02
   2.112000000000000D+03   1.946456201667546D+01   1.000000000000000D+00  -7.589528078411854D-01   4.942063399159705D+00   2.635264249293736D+01  -2.293720807719869D-01   5.560257329535684D-01   7.988891242567872D-01
   2.112000000000000D+03   6.087300997520861D+00   1.000000000000000D+00   4.948345465458529D+00  -7.168522576505986D-01   4.266072003276295D+01   4.132189120458638D-01  -5.114367950506853D-01   7.534471019228330D-01
   2.112000000000000D+03   1.838940214246236D+00   1.000000000000000D+00   4.731817513139665D+00   1.615519430344994D+00   2.341087312351006D+01   7.122477744032337D-01   2.281029702988607D-01  -6.638314114279903D-01
   2.112000000000000D+03   5.175912189369456D+00   1.000000000000000D+00  -4.816085663393475D+00   1.343621557622274D+00   2.615786648710101D+01  -7.795650298833554D-01  -9.579675810796734D-02   6.189518117906814D-01
   2.112000000000000D+03   1.201825211691926D+00   1.000000000000000D+00  -3.816182976861128D+00   3.230595532865113D+00   5.006821454140839D+01  -7.149249760056071D-01   6.803884849096281D-01   1.611017947937337D-01
   2.112000000000000D+03   1.426185610898163D+01   1.000000000000000D+00  -1.542821106681172D+00  -4.756017561189341D+00   2.443694154099613D+01  -4.747252023356756D-01  -8.512906679720178D-01  -2.234729981252941D-01
   2.112000000000000D+03   1.894972145221496D+00   1.000000000000000D+00   2.414928161007018D+00  -4.378141384904805D+00   2.705758745985167D+01   2.633569704535711D-01  -8.872406748443677D-01   3.787440970038059D-01
   2.112000000000000D+03   3.293919155336611D+00   1.000000000000000D+00   4.986022555241549D+00  -3.736028457440961D-01   2.327438122205070D+01   7.682995330226144D-01  -8.570518761256690D-02  -6.343267678204408D-01
   2.112000000000000D+03   3.700380178435436D+00   1.000000000000000D+00  -4.740358240069964D+00  -1.590284177601184D+00   2.672048619882266D+01  -9.332846634657994D-01  -2.765779755451969D-01   2.290946537631335D-01
   2.112000000000000D+03   1.006380689973071D+00   1.000000000000000D+00  -9.894430318885422D-02   4.999020907201386D+00   2.693404136738449D+01   2.417916475493967D-01   5.819078023429425D-01   7.764793034896392D-01
   2.112000000000000D+03   2.357124184094261D+01   1.000000000000000D+00  -3.885596028077308D+00  -3.146767153216171D+00   2.099571623074182D+01  -7.279976751672101D-01  -6.852981468742081D-01   1.964267909206033D-02
   2.112000000000000D+03   1.468526142307837D+00   1.000000000000000D+00  -4.999049417790821D+00   9.749320667484214D-02   1.604352533527823D+01  -7.000928649287910D-01  -7.031349191804670D-01  -1.243835435452607D-01
   2.112000000000000D+03   2.969060371267688D+00   1.000000000000000D+00  -1.868496800664103D+00   4.637749423553866D+00   2.441793195558256D+01  -5.642840692391604D-01   8.255590991103927D-01  -5.971857243014078D-03
   2.112000000000000D+03   4.605513339246559D+01   1.000000000000000D+00  -4.975594338608687D+00  -4.934176600912608D-01   2.452774822715644D+01  -9.391933970830306D-01  -3.431797793660667D-01  -1.197505364893101D-02
   2.112000000000000D+03   3.860028940951388D+00   1.000000000000000D+00   1.629505180213300D+00   4.727019449652535D+00   2.467189822571196D+01   1.388653071365251D-01   9.818841502217158D-01   1.289183540744215D-01
   2.112000000000000D+03   1.613027097493614D+00   1.000000000000000D+00  -4.143748520321512D+00  -2.798097247948534D+00   2.396969885154556D+01  -4.395438744121800D-01  -8.936712266335936D-01  -9.029352775220292D-02
   2.112000000000000D+03   6.704755536710536D+00   1.000000000000000D+00   2.275787929552482D+00   4.452054504163149D+00   2.657029783264905D+01   5.686782921503835D-01   6.455192432869876D-01   5.098135998412734D-01
   2.112000000000000D+03   1.284573905078673D+00   1.000000000000000D+00   2.943150205719839D-01   4.991330351565944D+00   2.518037597681990D+01   8.510957824712567D-02   9.764526207592574D-01   1.982337990933289D-01
   2.112000000000000D+03   1.489003802467664D+00   1.000000000000000D+00  -3.207872732888981D+00   3.835303447607093D+00   2.248265859571411D+01  -8.653798676720559D-01   1.139574874524368D-02  -5.009868476701065D-01
   2.112000000000000D+03   1.448737822100663D+00   1.000000000000000D+00  -1.197117224275566D+00   4.854576228800187D+00   2.578645841322521D+01  -3.727790563940913D-01   9.266059550992317D-01   4.936779404197894D-02
   2.112000000000000D+03   7.967353243772110D+00   1.000000000000000D+00  -4.992533516255308D+00  -2.731466578175368D-01   2.387958654999473D+01  -7.952527912323437D-01   6.062219079356471D-01   8.245991512845108D-03
   2.112000000000000D+03   2.337130765578661D+02   1.000000000000000D+00  -1.562308274750293D+00  -4.749651867213173D+00   2.628846297605621D+01  -4.087419480002694D-02  -5.207873754555867D-01   8.527073412170972D-01
   2.112000000000000D+03   1.013739171575253D+00   1.000000000000000D+00  -2.187523488439990D+00  -4.496080626166006D+00   2.739806523937041D+01  -7.021503613212088D-01  -7.106217153781518D-01  -4.473977793316558D-02
   2.112000000000000D+03   1.508589857074071D+00   1.000000000000000D+00  -3.090908259856218D+00  -3.930176349444290D+00   2.447101904537580D+01  -2.040298121974792D-01  -9.309217548419653D-01   3.029133904214492D-01
   2.112000000000000D+03   5.860958098222957D+00   1.000000000000000D+00   3.198879616011191D+00  -3.842807463839454D+00   3.471768267971809D+01   7.855846791154714D-01   4.103596118471450D-01   4.631000981469368D-01
   2.112000000000000D+03   9.660785473609600D+00   1.000000000000000D+00   2.698539458284035D+00  -4.209261787899216D+00   2.240932259150726D+01   8.654766094971207D-01  -2.747914312807476D-01  -4.188554735323947D-01
   2.112000000000000D+03   9.952411622921048D+00   1.000000000000000D+00  -2.109531624267417D+00  -4.533197142759246D+00   2.422053306304729D+01   1.544617994221497D-02  -9.893777726653861D-01   1.445442440253932D-01
   2.112000000000000D+03   3.556147589130543D+01   1.000000000000000D+00  -4.999091810571665D+00  -9.529467593463653D-02   2.297365251777633D+01  -5.741376799885789D-01  -2.405055586899520D-01   7.826384865674356D-01
   2.112000000000000D+03   5.057191059256283D+00   1.000000000000000D+00   2.988083572289482D+00  -4.008909648991330D+00   2.639232919007426D+01   8.254370953594136D-01  -4.775756923932364D-01   3.009569066157727D-01
   2.112000000000000D+03   2.972452153506500D+00   1.000000000000000D+00   4.573236053943200D+00   2.021264951428638D+00   1.632453161727187D+01   8.148726148969583D-01   3.726816157717000D-01  -4.439493605770694D-01
   2.112000000000000D+03   3.082524639007715D+00   1.000000000000000D+00  -4.991546792791713D+00   2.906211023535227D-01   2.135799386278055D+01  -9.806141316468040D-01  -4.670142619046135D-02  -1.903021324272574D-01
   2.112000000000000D+03   1.973822340761899D+00   1.000000000000000D+00  -7.044631202606422D-01   4.950124414189933D+00   1.223304214322148D+01   2.987248018518758D-01   4.229652490862316D-01  -8.554904387683007D-01
   2.112000000000000D+03   3.160255011441791D+00   1.000000000000000D+00  -4.301603102801906D+00   2.548766515832982D+00   2.192505754270608D+01  -1.505338247965709D-01   9.752379123251573D-01   1.620203134047829D-01
   2.112000000000000D+03   1.406710320919387D+00   1.000000000000000D+00  -4.979680962349835D+00   4.503082503472035D-01   2.256859523858376D+01  -7.079706391823221D-01   7.683009563249059D-02   7.020503617696359D-01
   2.112000000000000D+03   8.482952862998673D+00   1.000000000000000D+00  -4.967408956773027D+00   5.699546131968294D-01   1.975174637308560D+01  -4.838642758569594D-01   1.106521824371225D-01  -8.681194946960482D-01
   2.112000000000000D+03   2.209384756883537D+00   1.000000000000000D+00  -4.999999680909149D+00  -1.787900678134242D-03   2.009114596130852D+01  -5.679767352283487D-01  -1.866192928162160D-01  -8.016081759738494D-01
   2.112000000000000D+03   4.274793008373967D+00   1.000000000000000D+00   3.625563443789770D-01   4.986837966542859D+00   2.196927789295508D+01   7.231003220200536D-01   6.896596143370735D-01  -3.867222061033265D-02
   2.112000000000000D+03   2.016330904114511D+00   1.000000000000000D+00  -4.092585812145168D+00   2.872410377391712D+00   2.082331368869668D+01  -4.997794315246404D-02   9.592020684241523D-01  -2.782689295071888D-01
   2.112000000000000D+03   2.506287047415956D+00   1.000000000000000D+00   2.877906629573443D+00   4.088722714852493D+00   2.583138773755497D+01   7.647350307286421D-01   3.780937445975905D-01   5.217522909126848D-01
   2.112000000000000D+03   6.487594483218321D+01   1.000000000000000D+00   6.234052925002354D-01  -4.960984362775094D+00   1.919180319520303D+01   4.584648875357646D-01  -5.890661037240917D-01  -6.654405099932948D-01
   2.112000000000000D+03   1.522208894461038D+00   1.000000000000000D+00  -4.091591599151296D+00   2.873826402246396D+00   1.705013325976012D+01  -2.953471908650384D-01   3.613747437786939D-01  -8.844084641199531D-01
   2.112000000000000D+03   4.591887761669227D+00   1.000000000000000D+00  -8.400331651499043D-01  -4.928929325008497D+00   2.159961596017147D+01  -1.017622654681794D-01  -9.443752530939161D-01   3.127296319036393D-01
   2.112000000000000D+03   1.206468630802648D+00   1.000000000000000D+00   4.898347144577532D+00   1.003092846468401D+00   2.598595483492475D+01   6.452604479031243D-01   5.510530780294611D-01   5.291308529712816D-01
   2.112000000000000D+03   3.772282352639600D+00   1.000000000000000D+00   4.228774199456669D+00   2.667858463171567D+00   2.231445702311286D+01   6.599429779179146D-01   7.356191172004347D-01   1.527736243796301D-01
   2.112000000000000D+03   1.828467951297512D+00   1.000000000000000D+00   6.824850629830908D-01  -4.953202413295377D+00   2.160248901912161D+01   6.135993233870477D-01  -7.502854010397754D-01   2.461050331170426D-01
   2.112000000000000D+03   3.017176469909487D+00   1.000000000000000D+00  -4.997257258917109D+00   1.655895405313012D-01   1.957197775009487D+01  -7.537239575282230D-01   6.039003954015845D-01  -2.592383233277891D-01
   2.112000000000000D+03   7.092006514385787D+00   1.000000000000000D+00  -4.997524894904819D+00  -1.573052212820449D-01   2.058929989718412D+01  -7.904241894870434D-01   2.044328190314902D-01  -5.774398870675534D-01
   2.112000000000000D+03   2.306041940312184D+00   1.000000000000000D+00  -4.826998602109025D+00  -1.303872886264479D+00   2.353322582353244D+01  -7.948614938615886D-01  -2.394983583694643D-01   5.575264495200707D-01
   2.112000000000000D+03   1.323592779947202D+00   1.000000000000000D+00  -4.998215417813512D+00  -1.335763625445724D-01   1.995584524205851D+01  -7.653064136039245D-01   5.651856555682695D-01  -3.080117985346743D-01
   2.112000000000000D+03   2.130508251056654D+00   1.000000000000000D+00   4.970238551208873D+00  -5.447281441643554D-01   2.324082805178987D+01   6.583116163404544D-01  -3.889057960780251D-01  -6.444983301515499D-01
   2.112000000000000D+03   2.227952731450045D+00   1.000000000000000D+00  -3.323354807169197D+00   3.735681040236148D+00   3.357856709230695D+01  -2.255527237632964D-01   9.657211156549863D-01  -1.284861688316938D-01
   2.112000000000000D+03   1.291505752707621D+00   1.000000000000000D+00  -2.929785022623717D+00  -4.051710716622278D+00   3.254550730490909D+01  -6.273521596311732D-01  -7.781965808378334D-01  -2.897152702928296D-02
   2.112000000000000D+03   2.374129992196328D+00   1.000000000000000D+00  -2.366897294258601D+00  -4.404293042677874D+00   3.428936990557416D+01   1.991216656987946D-01  -9.413555249674584D-01  -2.723973896030909D-01
   2.112000000000000D+03   2.025423799267514D+00   1.000000000000000D+00  -4.944554541248098D+00   7.425499283180363D-01   3.218548781360985D+01  -6.662929221537714D-01   5.610872199938174D-01  -4.911566689432180D-01
   2.112000000000000D+03   1.146988565734546D+00   1.000000000000000D+00  -2.556017904881474D+00  -4.297298276547038D+00   4.064989264730754D+01  -6.644937846336024D-01  -4.993729552872068D-01   5.559448369317165D-01
   2.112000000000000D+03   9.529905314840883D+01   1.000000000000000D+00  -3.331688114886691D+00  -3.728250837979522D+00   2.598536803683729D+01  -5.149391141992024D-01  -3.139550650207377D-01   7.976652968605096D-01
   2.112000000000000D+03   4.071971425636352D+01   1.000000000000000D+00   3.234545821546471D+00  -3.812835341086998D+00   2.066212640276819D+01   7.158176687485226D-01  -6.943712649755516D-01   7.384857130427555D-02
   2.112000000000000D+03   1.444165324358694D+01   1.000000000000000D+00   4.625208321177585D+00  -1.899328301024654D+00   2.009981774307832D+01   9.943651935758546D-01  -4.350848710129105D-02  -9.666888514413527D-02
   2.112000000000000D+03   3.593634259292912D+00   1.000000000000000D+00   2.732989750885407D+00   4.186975880989370D+00   2.299056371282508D+01   9.895482530196630D-01   1.221085554164712D-01  -7.670564281613007D-02
   2.112000000000000D+03   9.150611489974093D+00   1.000000000000000D+00   4.735577329337850D+00  -1.604464822369844D+00   2.225462003635341D+01   8.949501463695853D-01   3.593601832420817D-02   4.447165817687259D-01
   2.112000000000000D+03   7.084646201210232D+00   1.000000000000000D+00  -7.988048136120857D-01  -4.935778649719317D+00   2.018332087711564D+01  -5.107866255753777D-01  -8.568908373056136D-01  -6.953499892143053D-02
   2.112000000000000D+03   3.751754841671784D+00   1.000000000000000D+00   4.299425215484153D+00  -2.552438602848044D+00   3.176348005723963D+01   5.388548206057471D-01  -4.237079198876259D-02   8.413323946551643D-01
   2.112000000000000D+03   1.981610019609547D+00   1.000000000000000D+00  -3.479063613323541D+00   3.591116314517058D+00   1.981437953270639D+01  -6.488774963283730D-01   7.556804933477784D-01  -8.890999230840503D-02
   2.112000000000000D+03   1.220358304115932D+00   1.000000000000000D+00  -2.741900383599384D+00  -4.181146050229372D+00   1.792161345033469D+01  -9.765103129683310D-01  -1.884808611434032D-01  -1.044153899055740D-01
   2.112000000000000D+03   1.669916483827024D+00   1.000000000000000D+00   4.180410735454578D+00  -2.743021343255981D+00   1.705497318820890D+01   6.570010363220116D-01  -2.130273949766834D-01  -7.231659334214044D-01
   2.112000000000000D+03   1.072230068362242D+01   1.000000000000000D+00   4.205653172976504D+00  -2.704160016967367D+00   3.348640117299577D+01   8.677001788261718D-01  -2.651092831500327D-01   4.204919353004349D-01
   2.112000000000000D+03   3.168879331504968D+00   1.000000000000000D+00  -3.310903415063097D+00   3.746721044359883D+00   3.450913935353013D+01  -4.049639983263584D-01   7.265146927006054D-01   5.551401276701893D-01
   2.112000000000000D+03   1.468626115894267D+00   1.000000000000000D+00   3.807385356866842D+00   3.240959233476583D+00   3.034524226317624D+01   3.680127102614767D-01   9.162159424014069D-01  -1.584771023697249D-01
   2.112000000000000D+03   1.941393968397098D+00   1.000000000000000D+00  -1.130728784942551D+00  -4.870467372163908D+00   3.835921412524520D+01   2.947101835225091D-03  -8.641398163792464D-01   5.032431741601813D-01
   2.112000000000000D+03   2.240902565188607D+00   1.000000000000000D+00   8.996384995681724D-02  -4.999190585701954D+00   3.458930745325758D+01   7.496785560371794D-02  -6.457651441904717D-01   7.598468261267129D-01
   2.112000000000000D+03   2.909345077494740D+00   1.000000000000000D+00  -1.638901995426467D+00   4.723769708199407D+00   2.889312887142098D+01   4.569126928513624D-01   8.693099062870396D-01  -1.884968910686182D-01
   2.112000000000000D+03   4.243109073280626D+00   1.000000000000000D+00  -4.993356106930987D+00   2.576718809773382D-01   2.976538170079951D+01  -8.995686750154858D-01  -2.180108485504465D-01   3.784804735322511D-01
   2.112000000000000D+03   6.110703475131118D+00   1.000000000000000D+00  -3.937939901825926D+00   3.081011089806327D+00   3.177025027955962D+01  -2.610340616932161D-01   6.242241026942378D-01   7.363460383892316D-01
   2.112000000000000D+03   1.218171754972104D+00   1.000000000000000D+00  -4.630354988635987D+00   1.886746588177830D+00   2.991828148846127D+01  -7.345777581721715D-01   5.258096472393570D-01   4.288586387946146D-01
   2.112000000000000D+03   4.396886078248357D+00   1.000000000000000D+00   7.376371420268996D-01   4.945289825054722D+00   3.203431173316575D+01   1.186463235367935D-02   7.148088756509160D-01   6.992192086819304D-01
   2.112000000000000D+03   1.991809345926413D+00   1.000000000000000D+00   4.199704183165291D+00   2.713389904703739D+00   3.748501847504868D+01   5.814459000462138D-01  -7.075281065266357D-01   4.016523917447550D-01
   2.112000000000000D+03   1.265842149282207D+00   1.000000000000000D+00   4.963962031196354D+00   5.992336410046122D-01   3.838869455115235D+01   4.498377991269587D-01  -6.635765780314233D-01   5.977558695359836D-01
   2.112000000000000D+03   3.432578511512475D+00   1.000000000000000D+00   2.536882797825895D+00   4.308622247800261D+00   2.915193740873128D+01   6.651860642365939D-01   8.927517002719604D-02  -7.413214174445825D-01
   2.112000000000000D+03   1.464382911323014D+00   1.000000000000000D+00  -4.325395835226427D-01   4.981255816874039D+00   2.037711915080710D+01  -9.089682953642163D-01   3.682854915648379D-01   1.953008825518115D-01
   2.112000000000000D+03   1.586439187005987D+01   1.000000000000000D+00  -4.759662565946928D+00   1.531539182433977D+00   3.666329602674678D+01  -9.892686231232033D-01  -1.338981668414636D-01   5.847112296182393D-02
   2.112000000000000D+03   1.904999534771946D+00   1.000000000000000D+00  -9.581952056873001D-01  -4.907327373929939D+00   3.355031828276563D+01  -1.034774536482276D-01  -7.056732206044283D-01  -7.009405982736716D-01
   2.112000000000000D+03   1.781196008953767D+00   1.000000000000000D+00  -3.402089917168603D+00   3.664121205051824D+00   3.650524079880004D+01  -6.493007200185942D-01   7.358848718253000D-01  -1.920469484318796D-01
   2.112000000000000D+03   8.556723422352309D+01   1.000000000000000D+00  -3.807124082469456D-01   4.985484737878144D+00   2.967324055679705D+01   6.522834026869156D-02   9.486303291832013D-01   3.095896674302340D-01
   2.112000000000000D+03   1.754960354744206D+00   1.000000000000000D+00   4.123259164169490D-01   4.982969731431326D+00   2.516876491988933D+01   4.642487067373988D-02   5.690958662380527D-01  -8.209595766014832D-01
   2.112000000000000D+03   3.045655264512614D+00   1.000000000000000D+00   3.836310087919617D+00  -3.206668818766566D+00   1.897932480990115D+01   1.366082713657128D-01  -4.483544315672101D-01  -8.833552421809223D-01
   2.112000000000000D+03   1.067010696347338D+02   1.000000000000000D+00  -7.007683436750180D-02  -4.999508900216839D+00   4.270878172402031D+01   4.595739194343181D-01  -6.127373328024650D-01   6.429189478977115D-01
   2.112000000000000D+03   1.125215744479192D+00   1.000000000000000D+00  -4.564851379284289D+00  -2.040130361893974D+00   2.184788015370880D+01  -8.167766022578811D-01  -2.495870015181965D-01   5.201752691903250D-01
   2.112000000000000D+03   1.616905191767715D+00   1.000000000000000D+00  -2.324188173847817D+00   4.426979708735560D+00   2.102219706903984D+01  -3.768675882005056D-02   9.978866881286340D-01  -5.293265405499398D-02
   2.112000000000000D+03   3.260307930193790D+00   1.000000000000000D+00  -3.783267373242110D+00  -3.269080602838639D+00   2.546636977612135D+01  -2.991110163410576D-01  -4.635638028972633D-01   8.340510779004165D-01
   1.400000000000000D+01   2.971397130906486D+01   1.000000000000000D+00  -4.886169124354087D+00   1.060825758738061D+00   4.299848522974053D+01  -1.787282343576914D-01   2.105793969440222D-01   9.610996492695614D-01
   2.112000000000000D+03   1.133404516284941D+00   1.000000000000000D+00  -1.208265072161769D+00  -4.851813632474435D+00   4.201822204504489D+01  -2.047093321106413D-01  -8.631993668345339D-01   4.614985833599872D-01
   2.112000000000000D+03   1.140408004629080D+00   1.000000000000000D+00   9.054310573214832D-01  -4.917336128674988D+00   4.850633349535630D+01   2.532669991528469D-01  -1.500801634938610D-01   9.556839287472446D-01
   2.112000000000000D+03   3.169784244761442D+00   1.000000000000000D+00   1.303634473048169D+00   4.827062996047784D+00   5.408651358409354D+01  -2.907205332897979D-01   8.174099792906712D-01   4.973152896098406D-01
  -1.200000000000000D+01   3.871689871408340D+01   1.000000000000000D+00   4.477283887542320D+00   2.225742347056958D+00   3.379451666868885D+01   3.720017356604157D-01   4.038120112260480D-01   8.357933765322698D-01
   1.400000000000000D+01   1.512846353851937D+01   1.000000000000000D+00   2.584800906746144D+00  -4.280047228607821D+00   2.138655484014019D+01   9.797128372486951D-01  -1.827617052565623D-01  -8.222478714977277D-02
   2.112000000000000D+03   4.955850924661709D+01   1.000000000000000D+00   4.280162977269906D+00  -2.584609233578222D+00   4.949500277841802D+01   1.599705683013010D-01  -1.780533930728951D-01   9.709306908799350D-01
   2.112000000000000D+03   5.707236496672397D+00   1.000000000000000D+00  -4.620768220488634D+00  -1.910104985741671D+00   1.753033688992109D+01  -2.855013910567417D-01  -3.650094322084136D-01  -8.861473185106169D-01
   2.112000000000000D+03   1.953155066464323D+01   1.000000000000000D+00  -4.792531633404744D+00  -1.425356287109243D+00   2.113996942724382D+01   4.802767187524204D-02  -9.988148972115558D-01  -7.883136591065340D-03
   2.112000000000000D+03   3.021330736170837D+01   1.000000000000000D+00  -2.306970037155380D+00  -4.435976696585981D+00   1.642329032446030D+01   1.863698384090629D-01  -6.589838692964054D-01  -7.287019578253635D-01
   2.112000000000000D+03   2.140166665744683D+01   1.000000000000000D+00  -4.858703741474589D+00  -1.180253346302028D+00   2.159500980976613D+01  -7.741673534295439D-01  -5.733551180023491D-01   2.681954838255267D-01
   2.112000000000000D+03   3.200843722958924D+00   1.000000000000000D+00  -4.849589602076935D+00   1.217160918323486D+00   2.037383812953147D+01  -9.318922190499737D-01   2.580637001479416D-01   2.549117861929286D-01
   2.112000000000000D+03   5.957083827384849D+00   1.000000000000000D+00  -4.985142402172312D+00  -3.851691046573752D-01   2.179079893518502D+01  -9.049531215341271D-01  -1.249419655012239D-01   4.067546595705209D-01
   2.112000000000000D+03   2.198769367017999D+00   1.000000000000000D+00   4.890659336852520D+00   1.039928486751973D+00   3.514634367724319D+01   6.373820548982453D-01   2.243145801511871D-01   7.371750709467100D-01
   2.112000000000000D+03   7.144407027205830D+00   1.000000000000000D+00  -4.928438337327096D+00   8.429089892020795D-01   2.091721138301076D+01  -8.048278724270173D-01   5.813476179441904D-01  -1.195284186928628D-01
   2.112000000000000D+03   8.307560392703085D+00   1.000000000000000D+00  -2.852548540906482D-01   4.991856335526089D+00   1.585907321361447D+01   3.626794178515781D-01   6.531786854741424D-01  -6.646963552699171D-01
   2.112000000000000D+03   1.072532357023533D+00   1.000000000000000D+00  -4.451215525057340D+00   2.277428452260878D+00   2.413373494040482D+01  -1.494042019309478D-01   9.547620526511239D-01  -2.571143855617356D-01
   2.112000000000000D+03   2.055061030935025D+00   1.000000000000000D+00  -4.733078286741771D+00   1.611821931425997D+00   2.558989420992050D+01  -8.130812430054315D-01  -1.999310420212475D-01   5.467416855417561D-01
   2.112000000000000D+03   1.601998119083559D+00   1.000000000000000D+00   4.757346252421980D+00  -1.538719156163839D+00   1.208751077822914D+01   4.790984323677659D-01  -7.865444366965498D-01  -3.896312887903847D-01
   2.112000000000000D+03   6.756026294360481D+00   1.000000000000000D+00  -4.042778109972825D+00  -2.942098767554523D+00   1.755653893306095D+01  -1.171773095390208D-01  -6.073627348622610D-01  -7.857353157583228D-01
   2.112000000000000D+03   1.737748429918383D+00   1.000000000000000D+00   4.093522977508695D+00   2.871074649225156D+00   2.935328163716446D+01   7.303442072208849D-01   4.938301011402892D-01   4.719419139964887D-01
   2.112000000000000D+03   2.639810493682337D+00   1.000000000000000D+00   4.878036941509401D+00  -1.097613596448455D+00   3.012736968550604D+01   9.933416686486032D-01  -6.731793035453226D-02  -9.349131285414025D-02
   2.112000000000000D+03   1.989702875762719D+00   1.000000000000000D+00  -1.503738054691681D+00  -4.768518833880107D+00   1.794913487881527D+01   3.527110136549833D-01  -7.610314798048877D-01  -5.444502067154138D-01
   2.112000000000000D+03   8.200123363804741D+01   1.000000000000000D+00  -3.894137723427617D+00   3.136190587409938D+00   2.941288776352668D+01  -7.352492587507223D-01   6.145026163579337D-01   2.859983601277594D-01
   2.112000000000000D+03   1.407709032104909D+01   1.000000000000000D+00  -1.895701585632745D+00   4.626695959823485D+00   3.195982427796396D+01   2.807438220553593D-02   7.050298262268991D-01   7.086217419711635D-01
   2.112000000000000D+03   1.488442872566946D+00   1.000000000000000D+00   4.455467863048422D+00  -2.269098087366937D+00   2.460320255628206D+01   7.561235873214466D-01  -4.433026520170079D-01  -4.814144570023157D-01
   2.112000000000000D+03   8.038570614735230D+00   1.000000000000000D+00  -3.787009298453097D+00  -3.264745101909684D+00   3.434615336944893D+01  -3.359705225039941D-01  -6.844095264942676D-01   6.470760450304786D-01
   2.112000000000000D+03   1.539307164114767D+00   1.000000000000000D+00  -4.587127566330873D+00  -1.989537809315437D+00   1.776351310854075D+01  -4.153033258311300D-01  -1.704327200107983D-01  -8.935747509320766D-01
   2.112000000000000D+03   1.665976006651526D+00   1.000000000000000D+00  -3.865792637512128D+00  -3.171064062876379D+00   2.074119344471092D+01  -4.456867050944078D-01  -5.775925924060850D-01  -6.839226258135555D-01
   2.112000000000000D+03   1.057345786133624D+00   1.000000000000000D+00  -6.314028574162064D-01   4.959972826598906D+00   2.882044794021146D+01   3.255789704424636D-01   9.439606989330118D-01   5.418978571211871D-02
   2.112000000000000D+03   3.224779232910952D+01   1.000000000000000D+00   2.335362077099707D+00   4.421095336997812D+00   2.743632739509117D+01   4.095626180980467D-01   9.122511366723601D-01   7.505031423028976D-03
   2.112000000000000D+03   3.132046115343901D+00   1.000000000000000D+00  -9.735276794229945D-01   4.904308704081649D+00   3.782576783435680D+01   5.721203384808360D-03   7.692096575712459D-01   6.389708682960094D-01
   2.112000000000000D+03   6.581950473856750D+00   1.000000000000000D+00   2.218701986350105D+00   4.480776886265128D+00   2.538959127183097D+01   3.292914623659711D-01   8.101857067265836D-01  -4.849394327427154D-01
   2.112000000000000D+03   1.908476431951271D+00   1.000000000000000D+00   4.868549165609723D+00   1.138959626751129D+00   2.722624217256604D+01   9.662068262280444D-01  -3.505142928244287D-02  -2.553737775410531D-01
   2.112000000000000D+03   2.894748394629787D+00   1.000000000000000D+00   1.129065142976399D+00   4.870853304314411D+00   1.907172255891874D+01   4.193288378406515D-02   9.382592407293687D-01  -3.433820473517802D-01
   2.112000000000000D+03   4.484999900110324D+00   1.000000000000000D+00   4.046105052570753D+00   2.937521729867496D+00   2.700479540731887D+01   8.627367338596678D-01   4.937573694528160D-01  -1.090366367795167D-01
   2.112000000000000D+03   1.172748400749015D+00   1.000000000000000D+00   4.818528288926522D+00   1.334835246392515D+00   2.841059729588366D+01   8.028225101005672D-01  -5.768258195477624D-01   1.508243719657956D-01
   2.112000000000000D+03   1.547787502389156D+00   1.000000000000000D+00   4.968059698744177D+00  -5.642542308049905D-01   2.395287182430344D+01   6.638903632222148D-01  -5.945226160302322D-01  -4.536435215554667D-01
   2.112000000000000D+03   4.924670378581408D+01   1.000000000000000D+00   4.676981829650747D+00   1.768004800416003D+00   3.012904759658811D+01   9.453124054324296D-01   9.470087770924296D-02   3.121156835159890D-01
   2.112000000000000D+03   3.451197119138619D+01   1.000000000000000D+00   3.990649277980613D+00  -3.012427317630542D+00   3.303386083155355D+01   4.406967082400718D-01  -5.586710862087606D-02   8.959158875255581D-01
   2.112000000000000D+03   6.730249656283618D+00   1.000000000000000D+00   1.533597762471947D+00  -4.758999675401852D+00   2.824061861776312D+01  -2.503169799328049D-01  -8.722062339199790D-01  -4.202352853681456D-01
   2.112000000000000D+03   2.300470917484859D+00   1.000000000000000D+00   4.931619244981805D+00   8.240944300022609D-01   2.772344238677171D+01   5.882808946490291D-01   7.482795108632564D-01  -3.065996781035224D-01
   2.112000000000000D+03   4.388997407711145D+00   1.000000000000000D+00   8.410082375070160D-01  -4.928763044831793D+00   2.914514174031094D+01  -5.052789493978234D-01  -8.627026464354616D-01  -2.091236784017569D-02
   2.112000000000000D+03   4.081985014984298D+00   1.000000000000000D+00   4.999430319427916D+00  -7.547507388313310D-02   3.242114416243336D+01   5.673194497373267D-01   5.284912757562935D-01   6.315422498924532D-01
   2.212000000000000D+03   5.460613107911715D+01   1.000000000000000D+00   4.986797569341239D+00  -3.631115639064613D-01   2.898895610658430D+01   5.241890297849405D-01  -2.784836573591120D-01   8.047811588481775D-01
   2.112000000000000D+03   2.115401074567330D+00   1.000000000000000D+00   4.107278101351730D+00   2.851362236829177D+00   3.080021651106940D+01   9.195754203957675D-01  -1.664977821653357D-02  -3.925606081731680D-01
   2.112000000000000D+03   2.094755263893133D+00   1.000000000000000D+00   4.992661208790538D+00   2.708026296058408D-01   2.283132597216844D+01   9.971076769098405D-01   1.254300064777819D-02  -7.495968104394884D-02
   2.112000000000000D+03   1.648071106223597D+00   1.000000000000000D+00   4.386570745748357D+00   2.399582692647233D+00   2.713724978169365D+01   8.470070728903691D-01  -2.340952144420090D-01   4.772614053629716D-01
   2.112000000000000D+03   3.465286054375201D+01   1.000000000000000D+00  -3.772012437242306D+00   3.282060660771854D+00   3.254092219971383D+01  -1.617426629239767D-01   9.866718169352596D-01  -1.783358225187941D-02
   2.112000000000000D+03   1.028147181119152D+00   1.000000000000000D+00  -4.071005134289855D+00  -2.902915293945005D+00   3.365588599534558D+01  -1.894103823019751D-01  -9.803928432721127D-01  -5.434684845547146D-02
   2.112000000000000D+03   3.066190159690564D+00   1.000000000000000D+00  -2.918399312691770D+00   4.059919390432682D+00   3.111836351999121D+01   2.383973702297092D-01   8.032855965511190D-01  -5.458011947963032D-01
   2.112000000000000D+03   2.257166422248361D+00   1.000000000000000D+00  -4.583980773804832D+00   1.996777472073940D+00   3.332205821627483D+01  -8.057818412661046D-01   5.182454918126594D-02   5.899405397054561D-01
   2.112000000000000D+03   1.211250361247949D+00   1.000000000000000D+00  -4.460064343493261D+00   2.260050012095427D+00   3.416971302511945D+01  -6.262128224451733D-01  -6.933276159698543D-02   7.765632422247307D-01
   2.112000000000000D+03   1.361326034421950D+00   1.000000000000000D+00  -2.435491465539394D+00   4.366735774618960D+00   3.068267761252067D+01   3.136894891169630D-01   6.389502461175313D-01  -7.023827214588108D-01
   2.112000000000000D+03   2.136355528798013D+00   1.000000000000000D+00  -4.771951039279930D+00   1.492810533355846D+00   4.400243549412451D+01  -9.823802674235225D-01   1.363974134543667D-01   1.277683676809218D-01
   2.112000000000000D+03   1.001386256129763D+00   1.000000000000000D+00   6.944673035366230D-01  -4.951536647698418D+00   3.195157415646646D+01  -2.646742460548913D-01  -9.643009656447512D-01  -8.437483740760282D-03
   2.112000000000000D+03   2.032096212095780D+00   1.000000000000000D+00   3.658380662268645D+00  -3.408262157974048D+00   3.254543030413220D+01   9.722463577810350D-01  -6.240678919258343D-02   2.254826211577828D-01
   2.112000000000000D+03   1.202108020870014D+00   1.000000000000000D+00   3.606083321568967D+00   3.463547759943734D+00   3.664534443590345D+01   2.862300553494738D-01   7.860129604526500D-01   5.479561856709880D-01
   2.112000000000000D+03   1.925313754577607D+00   1.000000000000000D+00   3.789259934260120D-01  -4.985620833917166D+00   3.293850401228685D+01  -5.246970372561492D-01  -8.504881511807747D-01  -3.691779781795218D-02
   2.112000000000000D+03   2.456914912943034D+00   1.000000000000000D+00   2.829860052637777D+00  -4.122122279910441D+00   3.312395596550681D+01   4.428319958902369D-01  -6.723272627381608D-01  -5.931912635861061D-01
   2.112000000000000D+03   2.588681183972881D+00   1.000000000000000D+00   4.766377565280902D+00  -1.510511472850378D+00   3.160078070062673D+01   6.334655165670969D-01   5.339106940935257D-01  -5.600542920583242D-01
   2.112000000000000D+03   2.785226211702050D+02   1.000000000000000D+00   2.936639708123347D+00  -4.046745263746264D+00   2.362994471779991D+01   2.950830890051831D-01  -4.011244413279730D-01   8.671938382809695D-01
   2.112000000000000D+03   1.523149330146111D+00   1.000000000000000D+00   4.439412726186929D+00  -2.300350985308283D+00   2.531256005794924D+01   6.421453042189373D-01  -7.254900204510124D-01   2.476159092133575D-01
   2.112000000000000D+03   2.432012917410464D+00   1.000000000000000D+00  -2.962482377601903D+00  -4.027865212546257D+00   2.297598804405943D+01  -9.533090672549520D-01  -2.971552827638001D-01   5.385684928640838D-02
   2.112000000000000D+03   1.784297655109981D+00   1.000000000000000D+00   4.934647928268904D+00   8.057604062918000D-01   2.312190140908771D+01   8.266806877664127D-01   9.764230470479357D-02   5.541344789904228D-01
   2.112000000000000D+03   3.257195272032779D+01   1.000000000000000D+00  -3.414305500523075D+00  -3.652741156582487D+00   2.443135503211530D+01  -9.526448230575205D-01  -1.900569347202937D-01   2.373735508990659D-01
   2.112000000000000D+03   1.788682279173659D+01   1.000000000000000D+00  -3.108389952974899D+00   3.916364628808740D+00   3.402518721805440D+01  -2.247590439009191D-01   5.288373082772813D-01   8.184219410296772D-01
   2.112000000000000D+03   3.770114262986226D+00   1.000000000000000D+00   1.985298388815339D+00  -4.588963969669834D+00   2.465469346640652D+01   8.438815206838269D-01  -4.587079938853034D-01   2.783001174884271D-01
   2.112000000000000D+03   2.938916572607324D+02   1.000000000000000D+00   3.079861593519839D+00   3.938838987694189D+00   2.875220654687277D+01   5.223387781203794D-01   3.809349494040590D-01   7.629225158521906D-01
   2.112000000000000D+03   1.132916669870578D+02   1.000000000000000D+00   1.131354562023748D+00   4.870322049295847D+00   2.865580189652086D+01   1.448686377579563D-02   9.071757937994935D-01   4.205023304598918D-01
   2.212000000000000D+03   1.037107534013835D+02   1.000000000000000D+00  -4.875079071860237D+00  -1.110677292818705D+00   2.541605028733775D+01  -5.796333901185207D-01  -9.562236609795735D-03   8.148212667148109D-01
   2.112000000000000D+03   6.318793934711699D+00   1.000000000000000D+00  -1.104719966380177D+00   4.876432487551068D+00   5.074475744797423D+01  -1.199483124000947D-01   9.738163645088488D-01  -1.931167796105202D-01
   2.112000000000000D+03   3.484874560612083D+00   1.000000000000000D+00   9.599541548989227D-02  -4.999078403905498D+00   2.935682824385321D+01   8.329856830685364D-02  -8.174924173982359D-01  -5.698837565806002D-01
   2.112000000000000D+03   2.160533445965598D+00   1.000000000000000D+00  -1.499475347701004D-01  -4.997751068674205D+00   2.847638516296990D+01   1.250229277339533D-01  -7.658725466667029D-01  -6.307206273803716D-01
   2.112000000000000D+03   2.308523856933562D+00   1.000000000000000D+00   3.665250232820954D+00   3.400873525671253D+00   3.798739667603307D+01   9.570154658293160D-01  -3.083430804052195D-02   2.883932100642452D-01
   2.112000000000000D+03   3.503308808271299D+00   1.000000000000000D+00  -4.869769346706245D+00   1.133731237432295D+00   2.363644395325232D+01  -7.878926774838554D-01   5.185614855391679D-01  -3.321432138140610D-01
   2.112000000000000D+03   2.376960147074669D+00   1.000000000000000D+00  -1.045684541568808D+00   4.889431852833248D+00   2.458365316686453D+01   8.131820728393387D-01   5.805372480792632D-01  -4.136931236160697D-02
   2.112000000000000D+03   6.909516481654009D+00   1.000000000000000D+00  -4.855803260724773D+00  -1.192130321094444D+00   2.420796728834159D+01  -8.236093456582986D-01  -5.618130517167905D-01  -7.767715664837474D-02
   2.112000000000000D+03   4.375987458164218D+00   1.000000000000000D+00  -4.609358736197237D+00  -1.937475690099155D+00   2.424362028034856D+01  -6.093191285564354D-01  -7.911941323694052D-01  -5.236453455775605D-02
   2.112000000000000D+03   1.533996916321257D+00   1.000000000000000D+00  -4.966165067849754D+00  -5.806931450031059D-01   2.417960395070615D+01  -9.508226248354723D-01  -2.935020258597947D-01  -9.895906687706342D-02
   2.112000000000000D+03   9.247867160679220D+00   1.000000000000000D+00  -4.942351441566935D+00   7.570747900356172D-01   2.451180356682624D+01  -9.182167786150444D-01   3.896188192619531D-01   7.123989855925063D-02
   2.112000000000000D+03   4.881855007945912D+00   1.000000000000000D+00  -4.155716768516390D+00   2.780291017808400D+00   1.949943062263666D+01  -1.221843616781752D-01   5.069347927645740D-01  -8.532807847631607D-01
   2.112000000000000D+03   1.516292820413128D+00   1.000000000000000D+00  -1.728330153984263D+00  -4.691788026678190D+00   2.635667443626278D+01   3.551555709514945D-02  -9.138160890151814D-01  -4.045723676441820D-01
   2.112000000000000D+03   2.219420665045997D+02   1.000000000000000D+00   2.726241502944997D+00   4.191372958230616D+00   3.011712398967031D+01   2.319150927175992D-01   7.279411172843270D-01   6.452264095157860D-01
   2.112000000000000D+03   1.092739430386132D+00   1.000000000000000D+00   4.936240756408319D+00   7.959442218756558D-01   2.661411006210824D+01   9.701343274066333D-01  -8.679944856157806D-03  -2.424129644729701D-01
   2.112000000000000D+03   5.612974826837058D+01   1.000000000000000D+00   1.869860968848033D+00   4.637199582249218D+00   2.317913860665491D+01   4.038171489736447D-01   7.465136318208210D-01   5.288185962128085D-01
   2.112000000000000D+03   3.758949198003243D+00   1.000000000000000D+00  -1.664992217914021D+00   4.714636881369046D+00   1.910454206705410D+01  -3.889489725558005D-01   8.043347931400476D-01  -4.491817419398794D-01
   2.112000000000000D+03   2.147840986471465D+00   1.000000000000000D+00   4.065405795227645D+00  -2.910751746233651D+00   2.297592094226834D+01   7.770994279302577D-01  -3.013517703301821D-01   5.525428396326674D-01
   2.112000000000000D+03   7.009168364000784D+00   1.000000000000000D+00  -4.321934236951084D+00   2.514136921600475D+00   2.097167036315607D+01  -9.953787965387693D-01   9.560707845841576D-02  -8.963143961681019D-03
   2.112000000000000D+03   5.331756503246243D+00   1.000000000000000D+00  -4.207183357517293D-01   4.982268167099221D+00   2.378421605730826D+01   1.712312491183762D-02   6.967054613796327D-01   7.171529116423125D-01
   2.112000000000000D+03   3.330028757701712D+00   1.000000000000000D+00  -4.989538678728047D+00  -3.232704489032126D-01   2.059780411770473D+01  -9.470313995500682D-01  -3.198606188168941D-01  -2.864808538651248D-02
   2.112000000000000D+03   3.195264017627437D+00   1.000000000000000D+00   3.710765378637014D+00   3.351152087362575D+00   2.319056787091869D+01   1.798681908645446D-01   9.833552809889554D-01   2.568706418118819D-02
   2.112000000000000D+03   3.226925964700740D+00   1.000000000000000D+00   4.997106878149771D+00   1.700672150871292D-01   2.205639265809085D+01   9.385318245639305D-01  -2.370739436120475D-01   2.509062764080082D-01
   2.112000000000000D+03   5.113208524077663D+00   1.000000000000000D+00   2.428358584160003D+00   4.370706418412635D+00   2.220620085564790D+01   5.726884174352641D-01   7.362172089614185D-01   3.605720424056087D-01
   2.112000000000000D+03   1.163502029694428D+00   1.000000000000000D+00  -3.566598670271994D+00  -3.504193763912832D+00   2.738698224877707D+01  -6.950915202809387D-01  -6.953542191889435D-01   1.825658464490779D-01
   2.112000000000000D+03   3.622790086101077D+00   1.000000000000000D+00  -3.405878228909838D-01   4.988386506886789D+00   2.423267824622771D+01  -9.162662919161299D-02   7.145977448804316D-01   6.935089212366230D-01
   2.112000000000000D+03   1.305599359269536D+00   1.000000000000000D+00  -3.468587594371181D+00   3.601235914064743D+00   1.855043400541451D+01  -7.554306200521989D-01   4.630113652191834D-01  -4.636216711559314D-01
   2.112000000000000D+03   7.237636132133912D+01   1.000000000000000D+00  -3.608925445036503D+00  -3.460586242507000D+00   2.261879433734977D+01  -8.691024147359483D-01  -4.894520831971519D-01  -7.139783578031036D-02
   2.112000000000000D+03   1.485600024906955D+01   1.000000000000000D+00   4.664400148258263D+00   1.800936219384867D+00   2.062626623895110D+01   7.994723903191949D-01   5.291293397047924D-01  -2.843695465075038D-01
   2.112000000000000D+03   1.274663807519505D+01   1.000000000000000D+00   4.937888983627527D+00   7.856541191642515D-01   2.169537980074445D+01   9.116348531727035D-01   3.734137129216719D-01  -1.717093284677175D-01
   2.112000000000000D+03   5.781517325985469D+00   1.000000000000000D+00  -2.615914853382804D+00  -4.261101910232048D+00   2.353720351140380D+01  -4.796163114601282D-01  -8.240496116725964D-01   3.015135673292732D-01
   2.112000000000000D+03   3.622603008159789D+00   1.000000000000000D+00   5.181747744728046D-01  -4.973077006400282D+00   2.354005396447332D+01   5.682047556455103D-01  -7.941031943768296D-01   2.157393620606612D-01
   2.112000000000000D+03   1.299487831110224D+00   1.000000000000000D+00  -4.650308971976121D+00   1.837015642214934D+00   1.802385609015021D+01  -3.754431061899727D-01   2.972496234350713D-01  -8.778867440519494D-01
   2.112000000000000D+03   1.971138439893605D+00   1.000000000000000D+00  -4.247668845853659D+00  -2.637671204620481D+00   2.446189515862668D+01  -8.563241067680947D-01  -8.436559179163372D-02   5.095011983199570D-01
   2.112000000000000D+03   1.876288330453080D+02   1.000000000000000D+00  -4.673374043036225D+00  -1.777519355915619D+00   3.923038785658773D+01  -6.782445672253322D-01  -1.237853360050984D-01   7.243352108101790D-01
   2.112000000000000D+03   4.652815781834962D+00   1.000000000000000D+00   7.877658597285399D-01  -4.937552526637783D+00   3.798817892279667D+01  -2.510035775094677D-01  -3.500188404033706D-01   9.024876816002136D-01
   2.112000000000000D+03   3.609690882042287D+00   1.000000000000000D+00   4.997487199369758D+00   1.584982658668878D-01   2.849338777763372D+01   7.968387370306915D-01   5.773618971909860D-01  -1.780484957514602D-01
   2.112000000000000D+03   3.663813090368340D+00   1.000000000000000D+00   4.136092065005085D+00  -2.809402505354119D+00   2.874756268213953D+01   2.636243049109755D-01  -9.089622700473956D-01  -3.229393402645309D-01
   2.112000000000000D+03   3.456566933229851D+00   1.000000000000000D+00   4.461274756607782D+00  -2.257659750929492D+00   3.196067713594740D+01   4.054565730837047D-01  -2.868306656087613D-01   8.679476577591838D-01
   2.112000000000000D+03   1.648728089148790D+00   1.000000000000000D+00  -4.235989777699356D+00  -2.656386758793996D+00   3.097940346959636D+01  -5.976302299689460D-01  -7.541065833938185D-01  -2.723258509751998D-01
   2.112000000000000D+03   1.286333606702215D+00   1.000000000000000D+00  -4.781249049059277D+00   1.462756827499640D+00   3.472647530339544D+01  -4.402443795316456D-01   4.502520408479945D-01   7.768255827423631D-01
   2.112000000000000D+03   1.805188500909026D+00   1.000000000000000D+00  -4.587724339619565D+00  -1.988161309583761D+00   3.082896117561934D+01  -8.151504010024092D-01  -4.487116353114177D-01  -3.663163824916441D-01
   2.112000000000000D+03   5.635400647446441D+01   1.000000000000000D+00   4.641985693307988D+00   1.857947477694191D+00   3.336385825791356D+01   8.363929264448552D-01  -2.741736569877413D-01   4.746321506250703D-01
   2.112000000000000D+03   2.096415521987865D+00   1.000000000000000D+00   3.042022515891373D+00   3.968135459130456D+00   3.191882002738657D+01   8.274628169701462D-01   5.247085883028783D-01   1.999654567494868D-01
   2.112000000000000D+03   9.717460276477863D+01   1.000000000000000D+00   3.883297379618552D+00   3.149603382977240D+00   3.251300929978918D+01   4.519702299005499D-01   8.102162316739432D-01   3.731924024088907D-01
   2.112000000000000D+03   5.875274263927910D+01   1.000000000000000D+00   3.975986910325752D+00  -3.031753303740079D+00   3.548048011491726D+01   1.949305974320793D-01  -7.042994994155705D-01   6.826157611041145D-01
   2.112000000000000D+03   7.109987157415681D+00   1.000000000000000D+00   4.826861533042258D+00   1.304380215696524D+00   3.375213497354981D+01   6.453704070460866D-01   1.278341681405453D-02   7.637628047788965D-01
   2.112000000000000D+03   2.071103343528421D+00   1.000000000000000D+00   4.876690843057283D+00   1.103578918280003D+00   3.023690084433043D+01   7.985067063223134D-01  -7.128165266816384D-02  -5.977507557094227D-01
   2.112000000000000D+03   6.357907000802801D+01   1.000000000000000D+00  -7.159918447457455D-01  -4.948470035019906D+00   2.039229464095331D+01  -5.124874598368158D-01  -8.586943953665894D-01   7.340817499526584D-04
   2.112000000000000D+03   5.613079027374980D+00   1.000000000000000D+00   1.161220604559225D+00  -4.863287644940969D+00   2.017983528428561D+01   3.723264428890877D-01  -9.277324341447554D-01   2.618302047905521D-02
   2.112000000000000D+03   1.575871107053995D+01   1.000000000000000D+00  -2.138809933185944D+00  -4.519457055539683D+00   2.285207413012720D+01  -6.714025072412524D-01  -4.746456567405100D-01   5.691486394673452D-01
   2.112000000000000D+03   1.962504086549643D+00   1.000000000000000D+00   4.753099741221250D+00   1.551786989162500D+00   2.915205956399127D+01   9.202669118822751D-01   3.168276162431136D-01  -2.296281177912833D-01
   2.112000000000000D+03   1.139818268841054D+00   1.000000000000000D+00   1.569661601288863D+00  -4.747226818599970D+00   1.989580005026590D+01   3.258044565173674D-01  -9.239825594111768D-01  -2.002690340951244D-01
   2.112000000000000D+03   7.513861609694805D+00   1.000000000000000D+00  -4.321043734741990D+00   2.515667118695869D+00   2.078894766842054D+01  -9.621932846933903D-01   2.633935881544254D-01   6.933902660177213D-02
   2.112000000000000D+03   1.566362537473196D+00   1.000000000000000D+00   4.649402426765018D+00  -1.839308859364934D+00   1.654617589048249D+01   7.061245438505991D-01   1.139956758256091D-01  -6.988512820799901D-01
   2.112000000000000D+03   1.536908247482649D+00   1.000000000000000D+00   4.181003067806179D+00   2.742118406109071D+00   3.477857669063136D+01   8.805596865817791D-01  -2.254489032986880D-01   4.168781960818028D-01
   2.112000000000000D+03   8.220498709198100D+01   1.000000000000000D+00   9.340367838060015D-01   4.911982826912350D+00   2.529653548070391D+01  -2.167998390082732D-01   5.893244915790811D-01   7.782637556966433D-01
   2.112000000000000D+03   2.420242511352733D+01   1.000000000000000D+00  -4.325233029121874D+00   2.508457544624842D+00   2.385489409477824D+01  -6.499300419843644D-01   7.514332520614770D-01   1.137497614173986D-01
   2.112000000000000D+03   1.650524831149937D+00   1.000000000000000D+00   2.509984107059486D+00  -4.324347325092658D+00   2.261875221089377D+01   9.928322777840385D-01  -8.593758811182486D-02  -8.305900998495258D-02
   2.112000000000000D+03   5.680295971092846D+00   1.000000000000000D+00   1.960132493193675D+00   4.599769626723004D+00   2.320462294810507D+01   2.554205979686099D-01   9.561158498991768D-01   1.435367538469937D-01
   2.112000000000000D+03   1.751524300728875D+00   1.000000000000000D+00  -4.934999091560905D+00   8.036068536114791D-01   2.725289886922561D+01  -8.229102530289593D-01   4.704832561431596D-01  -3.185344897318720D-01
   2.112000000000000D+03   4.602581248743132D+00   1.000000000000000D+00  -4.954749439624751D+00   6.711616771210869D-01   2.643878541985994D+01  -5.821696634596563D-01   3.939198117137952D-01  -7.112704583255505D-01
   2.112000000000000D+03   5.320305311322791D+01   1.000000000000000D+00   7.739860441295540D-01   4.939731329609618D+00   3.166319512184455D+01  -6.629770427083216D-02   5.401859449504395D-01   8.389301277737127D-01
   2.112000000000000D+03   4.905038495918824D+00   1.000000000000000D+00  -4.875456555289015D+00   1.109019107532172D+00   3.253086222483655D+01  -3.849744046111111D-01  -1.676135357292042D-01   9.075794237611798D-01
   2.112000000000000D+03   1.140972368574467D+00   1.000000000000000D+00  -1.139945500010866D+00   4.868318422535250D+00   2.922521209086037D+01   3.028594218114599D-01   7.067747867718216D-01   6.393321291814406D-01
   2.112000000000000D+03   1.678234716651673D+00   1.000000000000000D+00  -6.709222239736432D-02   4.999549843761793D+00   2.573622381191952D+01   6.155177816948962D-01   6.647981157648724D-01  -4.232981522436281D-01
   2.112000000000000D+03   1.175983628448881D+00   1.000000000000000D+00   4.964016264423344D+00   5.987842149768137D-01   2.577078938548594D+01   9.196494353212428D-01   3.628773300310708D-01  -1.502163754816375D-01
   2.112000000000000D+03   1.211766511455721D+00   1.000000000000000D+00   4.945527213722928D+00   7.360438758242124D-01   2.446871946355467D+01   9.148634792746214D-01  -1.606986339872242D-01  -3.704062139383930D-01
   2.112000000000000D+03   1.808640490564728D+00   1.000000000000000D+00  -3.866751801355367D+00  -3.169894400894929D+00   3.182123142173698D+01  -1.536847920823279D-01  -7.762840447698083D-01   6.113624673779360D-01
   2.112000000000000D+03   1.050785106096214D+00   1.000000000000000D+00  -3.060696931891218D+00   3.953749397200244D+00   1.237339972290852D+01  -2.736475241521985D-03   5.985267008783238D-01  -8.010981837696064D-01
   2.112000000000000D+03   1.017975865516064D+00   1.000000000000000D+00  -4.771185822354917D+00   1.495254444741651D+00   2.389518781368724D+01  -3.484293604016914D-01   8.812494153745006D-01  -3.193688286482720D-01
   2.112000000000000D+03   1.948568520448703D+00   1.000000000000000D+00   4.679554195944819D+00  -1.761184980284018D+00   2.683801852573855D+01   9.343777093605347D-01   3.356177258711194D-01   1.195785864244041D-01
   2.112000000000000D+03   2.625022472971750D+00   1.000000000000000D+00  -2.282309104736526D+00  -4.448715000594226D+00   2.534287576884044D+01  -5.473578376867441D-01  -4.020087876113282D-01  -7.340220243331681D-01
   2.112000000000000D+03   8.355602025310287D+01   1.000000000000000D+00   4.477568508412035D+00  -2.225169714636429D+00   2.484342646501725D+01   2.594968176759733D-01  -9.290341636533997D-01   2.637364676734533D-01
   2.112000000000000D+03   5.782281383026771D+00   1.000000000000000D+00   4.735188625789045D+00   1.605611622422431D+00   2.718310229343335D+01   2.640016203230327D-01   4.234351807500907D-01   8.666059036089885D-01
   2.112000000000000D+03   1.084961691223157D+00   1.000000000000000D+00   4.999907779596725D+00   3.036783415613456D-02   2.397809199356779D+01   9.828656782615651D-01  -8.706310213016830D-02  -1.624656109547655D-01
   2.112000000000000D+03   2.040510815888979D+00   1.000000000000000D+00   4.993789007323883D+00   2.491412429987644D-01   2.348560769831699D+01   8.600910134804328D-01   8.349222419299071D-02  -5.032618573163565D-01
   2.112000000000000D+03   1.274317524522075D+00   1.000000000000000D+00   4.940918775704897D+00   7.663691416195124D-01   2.426714754018489D+01   8.693182202172112D-01   4.888929497418265D-01   7.259142987375566D-02
   2.112000000000000D+03   1.821532840747864D+00   1.000000000000000D+00  -4.724828155036081D+00  -1.635848072165045D+00   2.535192109355001D+01  -9.703719237086050D-01  -2.011453421508938D-01   1.338614246490054D-01
   2.112000000000000D+03   2.055159025212561D+00   1.000000000000000D+00   2.401430303693058D+00   4.385559542916900D+00   2.667383428210139D+01   7.664546224205201D-02   8.661054881648944D-01  -4.939501558744082D-01
   2.112000000000000D+03   2.114964662431350D+01   1.000000000000000D+00   4.988162983281431D+00   3.438459854878271D-01   2.431476983157222D+01   9.308618478383228D-01   3.324580261542809D-01  -1.515515789578674D-01
   2.112000000000000D+03   6.957189512530363D+00   1.000000000000000D+00   4.997978888524026D+00  -1.421514598491443D-01   2.790231930098680D+01   7.718107437111923D-01   1.614337895823961D-01   6.150181358895387D-01
   2.112000000000000D+03   2.183492297396015D+00   1.000000000000000D+00   4.783457962628495D+00   1.455517065396954D+00   2.782512775736509D+01   6.849470440591656D-01   4.613070775982308D-01   5.639533021380329D-01
   2.112000000000000D+03   3.720114544452890D+00   1.000000000000000D+00  -1.573953454030364D+00  -4.745805572745776D+00   2.718603724553394D+01  -5.142051142847434D-01  -8.576314417655055D-01  -7.836487646556256D-03
   2.112000000000000D+03   1.065536360405747D+01   1.000000000000000D+00   2.022493804358066D+00  -4.572692731972078D+00   2.506825799902769D+01   1.726960732532993D-01  -9.839352084557983D-01   4.525010324778984D-02
   2.112000000000000D+03   1.917544167139407D+00   1.000000000000000D+00  -2.465580490252102D+00  -4.349817565454119D+00   4.081863694937493D+01  -4.687730805449009D-01  -4.981124566792398D-01   7.294763734744368D-01
   2.112000000000000D+03   1.281089549866238D+00   1.000000000000000D+00  -3.856566451757456D+00  -3.182278304960263D+00   3.983456610711174D+01  -7.587424929963403D-01  -1.869062956676856D-01   6.239998925973319D-01
   2.112000000000000D+03   3.317877675504205D+01   1.000000000000000D+00   4.504698466346543D+00   2.169721579555762D+00   2.752655763463694D+01   4.954365562837960D-01   2.376503319942528D-01   8.355028057407554D-01
   2.112000000000000D+03   3.534999452595722D+00   1.000000000000000D+00   4.986748171580787D+00   3.637893344274666D-01   2.212440124274337D+01   6.083106032060495D-01   7.428985372895425D-01   2.793921497110303D-01
   2.112000000000000D+03   1.174107610870245D+01   1.000000000000000D+00   4.762475955127028D+00   1.522768132790163D+00   2.405544824275756D+01   8.344084853326867D-01   4.782869093496726D-01   2.738687860080985D-01
   2.112000000000000D+03   1.515521015577860D+00   1.000000000000000D+00   2.285795294422532D+00   4.446924766488317D+00   2.576410938970020D+01   1.036983776835446D-01   7.125481861444636D-01   6.939176672257564D-01
   2.112000000000000D+03   1.217001561319875D+00   1.000000000000000D+00   4.924010198806465D+00  -8.684028850832944D-01   1.949515549538306D+01   7.921727562869565D-01  -5.583428542417515D-01  -2.464053191672218D-01
   2.112000000000000D+03   2.219722776156507D+01   1.000000000000000D+00   4.357002518454666D+00  -2.452861402901531D+00   2.077382047773971D+01   5.316143843245253D-01  -6.180287402830822D-01  -5.791602736405201D-01
   2.112000000000000D+03   1.219009167458463D+01   1.000000000000000D+00   2.681479108678183D+00   4.220150447307305D+00   2.630360117470269D+01   8.705698217673651D-02   9.145062960642665D-01   3.950940600832862D-01
   2.112000000000000D+03   2.880135709113461D+00   1.000000000000000D+00   2.818877207009537D+00  -4.129640577225876D+00   1.936772890887194D+01  -9.269823437550434D-02  -7.011462387438369D-01  -7.069660453225701D-01
   2.112000000000000D+03   3.205648548596802D+02   1.000000000000000D+00   3.983675899638843D+00   3.021642985070083D+00   5.204760591518366D+01   1.366777707506695D-01   2.478169797483827D-01   9.591172668297747D-01
   2.112000000000000D+03   1.147916752090993D+01   1.000000000000000D+00  -2.868712011739248D-01  -4.991763708628781D+00   2.540728802800002D+01  -3.742273991229546D-01  -8.645868381999350D-01  -3.353258906751884D-01
   2.212000000000000D+03   1.507887433081321D+01   1.000000000000000D+00   4.071092646742355D+00  -2.902792564145835D+00   2.209595821639716D+01   6.161747186747115D-01  -6.550608768389968D-01   4.372916231773309D-01
   2.112000000000000D+03   5.645356945714866D+00   1.000000000000000D+00   3.373120875834375D+00   3.690806898966744D+00   2.120867951752837D+01   1.768767466386353D-01   9.831061389993987D-01   4.708434941917597D-02
   2.112000000000000D+03   5.376924652783277D+00   1.000000000000000D+00  -4.995363250883527D+00  -2.152812016485366D-01   2.962839233425828D+01  -4.217974840228698D-01   3.558113872317366D-01   8.339575164168760D-01
   2.112000000000000D+03   1.662644433174432D+00   1.000000000000000D+00   4.949028557012005D+00   7.121210217931793D-01   3.893257873619834D+01   8.525478887717937D-01  -4.483014358713690D-01  -2.686780972584606D-01
   2.112000000000000D+03   7.084609129446903D+00   1.000000000000000D+00   3.815322947268173D+00  -3.231611179395400D+00   1.853564312058144D+01   3.869451305330078D-01  -5.866714356307221D-01  -7.114000931766744D-01
   2.112000000000000D+03   4.000794712330389D+00   1.000000000000000D+00   2.347800150705456D+00  -4.414502742020332D+00   1.864148200070512D+01  -3.577879374414644D-02  -8.070660584290128D-01  -5.893761576871523D-01
   2.112000000000000D+03   1.779562729477902D+00   1.000000000000000D+00   4.140237322739416D+00  -2.803290017062514D+00   1.954892771393363D+01   6.128043201488645D-01  -5.872561424908760D-01  -5.287731917501339D-01
   2.112000000000000D+03   7.655920029793309D+01   1.000000000000000D+00  -2.349566797278306D+00  -4.413562718528460D+00   2.806695779771885D+01  -3.588383567287926D-02  -5.764438822827455D-01   8.163484555728626D-01
   2.112000000000000D+03   5.195799923246113D+00   1.000000000000000D+00  -2.409693397163824D+00  -4.381024735973230D+00   2.791954841330549D+01  -6.517298175166339D-02  -5.969095911845885D-01   7.996570654983576D-01
   2.112000000000000D+03   1.468983547293419D+00   1.000000000000000D+00  -4.374284135232221D+00  -2.421907990318162D+00   2.515554823142852D+01  -6.476287473135461D-01  -7.525958423031268D-01  -1.190651242015650D-01
   2.112000000000000D+03   4.458439249804769D+00   1.000000000000000D+00  -4.524354486957934D+00   2.128430520421860D+00   2.683548188149878D+01  -1.298079268895768D-01   6.448566547323114D-01   7.531997058975013D-01
   2.112000000000000D+03   6.046572878147805D+00   1.000000000000000D+00  -4.510252252832915D+00   2.158153058491895D+00   3.617882571381713D+01  -9.498573647275680D-01  -1.172022087058285D-01   2.898872693777275D-01
   2.112000000000000D+03   1.319593976405031D+00   1.000000000000000D+00  -4.142444642969089D+00   2.800027211539659D+00   3.709627294480990D+01   1.745099782136450D-02   9.947125669917846D-01   1.012046033718497D-01
   2.112000000000000D+03   2.493116498282655D+00   1.000000000000000D+00   2.262229177790704D+00  -4.458959425157596D+00   4.024169343509663D+01   2.179231973059056D-01  -7.920438726157937D-01   5.702420397758730D-01
   2.112000000000000D+03   1.664001249467472D+02   1.000000000000000D+00  -3.773638855466838D+00  -3.280190511795624D+00   2.602559333963372D+01  -6.242914967026256D-01  -6.880778862225957D-02   7.781552643076509D-01
   2.112000000000000D+03   7.137144300228826D+00   1.000000000000000D+00   4.251102322760949D+00   2.632133934579981D+00   2.545607380195309D+01   5.624834998010380D-01   6.399139460758235D-01   5.235670483035040D-01
   2.112000000000000D+03   4.581358192164316D+00   1.000000000000000D+00  -3.604354686299642D+00  -3.465346635377634D+00   2.400689752649090D+01  -9.208221771440915D-01  -1.926708848349730D-01   3.390640768594101D-01
   2.112000000000000D+03   4.229579379382130D+00   1.000000000000000D+00  -1.823075093972177D+00  -4.655791791863637D+00   2.465360897734773D+01  -1.280854336047143D-01  -7.495454193788814D-01   6.494426733641925D-01
   2.112000000000000D+03   1.483461972324790D+00   1.000000000000000D+00  -6.184018028341949D-01  -4.961610546611152D+00   3.325382213030811D+01  -7.396292410967658D-01  -5.116107466997741D-01   4.372676864072191D-01
   2.112000000000000D+03   2.714600825049047D+00   1.000000000000000D+00  -1.951402535291694D+00  -4.603480004844511D+00   2.296894766581957D+01  -2.465111845529346D-01  -9.540586704721573D-01  -1.703064566809155D-01
   2.112000000000000D+03   1.971585103876691D+00   1.000000000000000D+00  -8.659060014497204D-01   4.924449898743639D+00   2.020510699463785D+01   1.102200181351798D-01   8.908360816494342D-01  -4.407523377518979D-01
   2.112000000000000D+03   1.503491930588408D+00   1.000000000000000D+00   4.347165694085247D+00  -2.470253111130037D+00   2.061934512888950D+01   8.287570617829707D-01   4.708397082859674D-01  -3.024428898916992D-01
   2.112000000000000D+03   1.248435614803157D+00   1.000000000000000D+00  -2.173566913531199D+00   4.502844309714700D+00   1.788339444607960D+01  -6.226680758239923D-01   2.688035413348306D-01  -7.348667386101381D-01
   2.112000000000000D+03   1.078950560728336D+02   1.000000000000000D+00  -4.916365377652523D+00  -9.106873669628578D-01   3.325301239203978D+01  -7.236154847971908D-01   1.037348991237170D-01   6.823633202814455D-01
   2.112000000000000D+03   1.366658613242269D+01   1.000000000000000D+00  -4.430878354699241D+00  -2.316747076343504D+00   2.971472775461651D+01  -8.076005062270660D-01  -5.895505046239889D-01  -1.454733100560521D-02
   2.112000000000000D+03   1.827858546933157D+00   1.000000000000000D+00   6.924537678652883D-01   4.951818634219430D+00   2.608834332856965D+01   5.498558112878151D-01   6.131198711296630D-01  -5.672235982564233D-01
   2.112000000000000D+03   3.544624317145306D+00   1.000000000000000D+00  -4.537544710147563D+00  -2.100163805789588D+00   3.476644264053966D+01  -7.092908268481211D-01  -3.094667745830841D-01   6.333536440080308D-01
   2.112000000000000D+03   4.593508948351541D+00   1.000000000000000D+00  -4.707361598235575D+00  -1.685451508504070D+00   3.595318301809746D+01  -3.771942222623020D-01  -1.514302530082544D-01   9.136702890899939D-01
   2.112000000000000D+03   1.051116761955129D+00   1.000000000000000D+00  -1.218772895227114D+00  -4.849184739013650D+00   3.861628503858885D+01   7.672216087819741D-01  -5.251709234936734D-01  -3.681935688395452D-01
   2.112000000000000D+03   1.037578158844667D+00   1.000000000000000D+00  -4.828767387010394D+00  -1.297307029711443D+00   2.964309507671911D+01  -7.111105875038818D-01  -1.257765198171417D-01  -6.917383894237562D-01
   2.112000000000000D+03   3.795420704055474D+00   1.000000000000000D+00   1.185884458571871D+00   4.857332401659530D+00   3.128958457965781D+01   5.200254605569120D-01   8.297203398111181D-01   2.028242541618090D-01
   2.112000000000000D+03   6.241381467500446D+00   1.000000000000000D+00  -2.585806673848090D+00  -4.279439665891257D+00   4.976879845713240D+01  -4.330462938029165D-01  -7.338851007899196D-01   5.233388637031720D-01
   2.112000000000000D+03   3.113368578391156D+01   1.000000000000000D+00  -1.321514138242993D+00   4.822198709209738D+00   2.448385477268905D+01   2.406799758202295D-01   9.659809297358993D-01  -9.462553897199925D-02
   2.112000000000000D+03   1.787285275885593D+01   1.000000000000000D+00   2.694837984419628D+00  -4.211632491944741D+00   2.747703278204285D+01   5.218381996357632D-01  -7.910208035234565D-01   3.193289554581775D-01
   2.112000000000000D+03   2.427289579567741D+00   1.000000000000000D+00   2.138218873909015D-01   4.995425928410770D+00   2.751264728527880D+01   5.026237340618340D-01   5.556144051516102D-01   6.623156458560836D-01
   2.112000000000000D+03   1.328482683710718D+00   1.000000000000000D+00   2.425444009368379D+00   4.372324480749084D+00   3.440742075988344D+01   2.279078692748532D-01   7.356656234024336D-01   6.378511532218984D-01
   2.112000000000000D+03   1.256711176749747D+00   1.000000000000000D+00  -3.662374759610808D+00  -3.403969907281965D+00   4.783971792472836D+01  -4.989442010526530D-01  -8.608869765656595D-01   9.964084411308355D-02
   2.112000000000000D+03   1.696019541935101D+00   1.000000000000000D+00   3.451262904249830D+00   3.617842502405300D+00   3.131933399436450D+01   9.719709188874649D-01  -3.425225563055868D-02   2.325925962305679D-01
   2.112000000000000D+03   1.592576072947168D+00   1.000000000000000D+00  -3.979269730020604D+00   3.027443215615810D+00   1.622445603167196D+01  -9.996149720926724D-01   1.337148907811053D-02  -2.431277129410645D-02
   2.112000000000000D+03   1.232220298881089D+00   1.000000000000000D+00  -2.389629486430246D+00  -4.392000788565972D+00   2.661823668721197D+01  -9.065602418508958D-02  -9.958696560471210D-01   5.011331513810113D-03
   2.112000000000000D+03   1.057764779041236D+00   1.000000000000000D+00   3.473702538233860D+00  -3.596302362894352D+00   2.202054357367304D+01   6.153281708998495D-01  -7.253197420587204D-01  -3.086786579550272D-01
   2.112000000000000D+03   7.759474061818206D+00   1.000000000000000D+00   8.129070173348355D-01  -4.933475670265549D+00   3.083663086324298D+01   2.918910309830428D-01  -7.560360421746228D-01   5.858405320260698D-01
   2.112000000000000D+03   1.371608444700819D+00   1.000000000000000D+00   7.845835599233156D-01   4.938059198098229D+00   2.530827071061583D+01   8.205948665710059D-01   5.201253844521966D-01   2.368409791521896D-01
   2.112000000000000D+03   3.536995979069424D+00   1.000000000000000D+00  -2.166642348867585D+00  -4.506180304279384D+00   5.217703743287564D+01   1.211015561860743D-01  -3.447106520412015D-01   9.308646407822355D-01
   2.112000000000000D+03   1.106140125273847D+01   1.000000000000000D+00  -3.222070987822436D+00  -3.823383129330084D+00   4.229955692863832D+01  -4.008653729667617D-01  -2.131252078251622D-01   8.910020193836268D-01
   2.112000000000000D+03   1.842365546991687D+00   1.000000000000000D+00  -4.953980287630917D+00   6.768155709821617D-01   3.066756627538897D+01  -6.896333658071364D-01   3.891405252429626D-01  -6.107171787162629D-01
   2.112000000000000D+03   2.874693395071176D+00   1.000000000000000D+00   9.487446462041659D-01  -4.909163228703703D+00   3.498745974540568D+01   3.903633974826049D-01  -9.183762831457614D-01   6.481836515382128D-02
   2.112000000000000D+03   1.738520819132418D+00   1.000000000000000D+00   4.993937666880659D+00   2.461434320259246D-01   3.106431945288582D+01   9.718190680325780D-01   2.286004568159669D-01   5.752851598835954D-02
   2.112000000000000D+03   1.020428918859579D+00   1.000000000000000D+00   4.998002769356004D+00   1.413093241624775D-01   3.059232970796805D+01   7.505324310123570D-01   2.944906879522581D-01  -5.915879517942260D-01
   2.112000000000000D+03   1.401818843891192D+00   1.000000000000000D+00   4.982351130338712D+00  -4.197346996117853D-01   2.290750161757643D+01   4.497492667778938D-01   5.193571555936767D-01   7.266317788029866D-01
   2.112000000000000D+03   4.366623031582241D+01   1.000000000000000D+00  -3.307287036764028D+00  -3.749913660815527D+00   2.356496306161316D+01  -9.550234541088881D-01  -1.068320610464170D-01  -2.766172677807787D-01
   2.112000000000000D+03   4.218865606275046D+00   1.000000000000000D+00   3.737112397198581D+00   3.321745164637543D+00   1.709435237835157D+01   5.064580466690325D-01   6.476747586428829D-01  -5.692254860607276D-01
   2.112000000000000D+03   1.567737895815597D+00   1.000000000000000D+00  -1.244389999121627D+00  -4.842674213096078D+00   2.215832734448960D+01   4.020372508045152D-01  -5.265921000377012D-01  -7.490439300491201D-01
   2.112000000000000D+03   1.015493503145308D+00   1.000000000000000D+00  -2.334113400895192D-01  -4.994548944055023D+00   2.549119783730509D+01   3.771223169881419D-01  -8.428769474221562D-01  -3.838452937497124D-01
   2.112000000000000D+03   3.727023656895811D+00   1.000000000000000D+00   4.184235043179851D+00   2.737184157319420D+00   2.078222989613203D+01   9.234794899278145D-01  -1.340733128379482D-02  -3.834134519686420D-01
   2.112000000000000D+03   5.291867910558494D+00   1.000000000000000D+00  -2.413194800352285D+00  -4.379097037536468D+00   2.346104969128496D+01  -2.635811882641104D-01  -8.375953306028979D-01  -4.784966241735686D-01
   2.112000000000000D+03   4.902143697381289D+00   1.000000000000000D+00  -2.974478711270963D+00  -4.019014356548094D+00   2.673242522832581D+01  -2.705184005774406D-01  -4.162119500419706D-02   9.618146760553439D-01
   2.112000000000000D+03   1.853889690314190D+00   1.000000000000000D+00   9.438762105377791D-01  -4.910101598170926D+00   2.507814332601067D+01   8.721761578316065D-01  -3.598085413037460D-01   3.314310838092394D-01
   2.112000000000000D+03   1.218120450990796D+00   1.000000000000000D+00  -5.237751231968940D-02  -4.999725652515769D+00   2.586509401393096D+01   6.617691367381340D-01  -4.290591121392721D-01   6.147925568442778D-01
   2.112000000000000D+03   1.552385485932746D+00   1.000000000000000D+00  -4.434107176177517D+00   2.310561307670837D+00   2.549992379719953D+01  -2.054530964221739D-01   9.764974424608728D-01   6.512887253680671D-02
   2.112000000000000D+03   1.048543274959570D+00   1.000000000000000D+00  -2.981461284751623D+00  -4.013837143658677D+00   2.383088717465476D+01  -8.158054309234792D-01  -4.263085769216267D-01  -3.907972570512924D-01
   2.212000000000000D+03   3.342823162342169D+01   1.000000000000000D+00   4.817614904751794D+00  -1.338128035177121D+00   3.094485155931127D+01   7.825188331143318D-01  -5.507188679026438D-01   2.904703157939124D-01
   2.112000000000000D+03   1.605162433304599D+00   1.000000000000000D+00   4.028438775244257D+00  -2.961702388793683D+00   2.992329117422201D+01   6.584348986244326D-03  -9.495572526059727D-01  -3.135245929298440D-01
   2.112000000000000D+03   4.941249874502951D+00   1.000000000000000D+00   4.918316777917937D+00  -9.000889298756430D-01   3.090949268134054D+01   9.841064154126815D-01   2.585216026277737D-02   1.756878736661991D-01
   2.112000000000000D+03   4.222277183605239D+00   1.000000000000000D+00   1.209458614428146D+00  -4.851516243948509D+00   2.756272702789163D+01  -4.070335825611026D-01  -6.487948220980900D-01  -6.429532965046389D-01
   2.112000000000000D+03   1.088681353938568D+00   1.000000000000000D+00   4.127037442576698D+00   2.822687009729607D+00   2.470250291124802D+01   9.887393850303345D-01  -1.478824784302830D-01  -2.291726561248102D-02
   2.112000000000000D+03   1.609271636585419D+00   1.000000000000000D+00   3.118955318985076D-01  -4.990262636869475D+00   3.260667137139248D+01  -3.318483427609342D-02  -7.789608196262676D-01   6.261939062792304D-01
   2.112000000000000D+03   2.658949954833163D+02   1.000000000000000D+00   1.719279413455669D-02  -4.999970441349899D+00   2.959690308485135D+01   2.589744279157518D-01  -6.533997255180400D-01   7.113375038465629D-01
   2.112000000000000D+03   1.341836907721358D+00   1.000000000000000D+00  -3.288320872624356D+00   3.766556231641069D+00   2.566476618057423D+01  -5.605569293570306D-01   4.997394405143830D-01   6.603305388547379D-01
   2.112000000000000D+03   2.644005790931136D+00   1.000000000000000D+00  -3.603203350634745D+00  -3.466543757154760D+00   3.013215906924745D+01  -3.563941789472695D-01  -5.373901793547079D-01   7.643264906737282D-01
   2.112000000000000D+03   1.386032555664656D+00   1.000000000000000D+00  -4.783262853629296D+00  -1.456158124313815D+00   2.533139020620242D+01  -9.750713797055208D-01  -2.015405332900543D-01   9.282897134156254D-02
   2.112000000000000D+03   1.783032163811260D+00   1.000000000000000D+00   1.939093389280619D-01   4.996238502880377D+00   2.569578756827216D+01   9.386034753326683D-02   9.358504135224138D-01  -3.396678357908815D-01
   2.112000000000000D+03   1.466710185404019D+01   1.000000000000000D+00  -9.842984377555979D-01   4.902158360648774D+00   2.721696017702018D+01   2.334356196055656D-01   8.064134380498110D-01   5.433278737852952D-01
   2.112000000000000D+03   2.112355451420844D+01   1.000000000000000D+00   2.212804705298056D-01   4.995101095725684D+00   2.389567623365797D+01   1.174352382703898D-02   3.155718442333937D-01   9.488290155635305D-01
   2.112000000000000D+03   1.312055313994733D+00   1.000000000000000D+00  -1.046896667303984D+00   4.889172463504067D+00   2.231146602609890D+01  -1.846316145089805D-01   9.727655313240804D-01   1.401370329056056D-01
   2.112000000000000D+03   1.329545640714680D+01   1.000000000000000D+00  -4.996099470368222D+00   1.974590775012050D-01   2.592970471693733D+01  -5.252599168446678D-01  -3.728673139413968D-01   7.648999842792914D-01
   2.112000000000000D+03   1.275236120255606D+01   1.000000000000000D+00   1.088186338663824D+00   4.880148614409277D+00   2.158182133026119D+01   4.003890456336404D-01   5.639150833549069D-01   7.222799948090843D-01
   2.112000000000000D+03   2.080894438111702D+00   1.000000000000000D+00  -3.466824450795098D+00   3.602933281839469D+00   1.826698681265242D+01  -8.974467384303487D-01  -2.849276311722673D-02  -4.402016743842245D-01
   2.112000000000000D+03   5.070577521391883D+00   1.000000000000000D+00   1.011036415751690D+00   4.896713732031604D+00   2.152781619257931D+01   2.293723327723212D-01   7.126309749659665D-01   6.629822218413097D-01
   2.112000000000000D+03   1.221951716110539D+00   1.000000000000000D+00   1.235064247262292D+00   4.845061022714776D+00   2.045944367312785D+01   6.347202696233691D-01   7.355619201412065D-01   2.368097146812580D-01
   2.112000000000000D+03   1.170168711006454D+00   1.000000000000000D+00   2.205865286035867D+00   4.487110244405563D+00   2.272768994152386D+01   4.598304092616523D-01   3.965586759232285D-01   7.945421393911573D-01
   2.112000000000000D+03   1.150393095088162D+00   1.000000000000000D+00   3.632150303049726D+00   3.436201999789751D+00   2.166030211064491D+01   8.448227702664751D-01   1.697014103164184D-01   5.074208491734422D-01
   1.400000000000000D+01   2.755330125340122D+01   1.000000000000000D+00  -2.260294680057543D-01   4.994888455859454D+00   2.047120175845984D+01  -2.928921801120861D-01   6.759505083818940D-01   6.762433593370425D-01
  -1.200000000000000D+01   4.066489562343737D+01   1.000000000000000D+00   1.478676949175665D+00   4.776349493699896D+00   1.768268783406267D+01   5.388756346363189D-01   4.602946831118452D-01  -7.055082246822291D-01
   1.400000000000000D+01   4.769015529626615D+01   1.000000000000000D+00  -2.397389426422783D+00  -4.387769814762166D+00   2.229840904226982D+01  -2.959262623422348D-01  -8.937205306836019D-01   3.371813462971757D-01
   2.112000000000000D+03   2.621995906048444D+01   1.000000000000000D+00  -4.151811548860210D-01   4.982732645442207D+00   2.842172328916060D+01   1.709265127878442D-01   7.495809580778018D-01  -6.394626764036752D-01
   2.112000000000000D+03   2.593681181069285D+00   1.000000000000000D+00  -2.033493112281404D+00  -4.567811923603706D+00   2.894732855578419D+01   2.736755288742762D-01  -9.003356631355236D-01  -3.383746423444026D-01
   2.112000000000000D+03   1.781121143671726D+00   1.000000000000000D+00  -3.208923646912471D+00   3.834424211825588D+00   2.586240890261752D+01  -3.183581452236459D-01   7.700172911724718D-01  -5.529208466545359D-01
   2.112000000000000D+03   1.434719608302089D+00   1.000000000000000D+00  -7.397226643196020D-01   4.944978299836799D+00   2.921937752330286D+01  -3.765070287512070D-01   5.468076939608740D-01   7.478260513823577D-01
   2.112000000000000D+03   1.640551566323478D+01   1.000000000000000D+00  -4.700472929787310D+00   1.704568638267881D+00   3.320254106793760D+01  -8.399049015453168D-01  -4.887423671180511D-01   2.359886754570986D-01
   2.112000000000000D+03   8.825455757677915D+00   1.000000000000000D+00  -4.849241550064997D+00  -1.218546837606155D+00   3.058285458637055D+01  -4.460116239794751D-01  -8.170008609139956D-01  -3.654903891225889D-01
   2.112000000000000D+03   2.586415125970575D+00   1.000000000000000D+00  -2.427476373549645D+00   4.371196456624613D+00   3.357760348283399D+01   1.803668958832705D-02   7.591594851509565D-01   6.506547117588781D-01
   2.112000000000000D+03   1.121384200017633D+01   1.000000000000000D+00  -3.467026822185835D+00   3.602738544923080D+00   3.221060859624492D+01  -8.783744990020292D-01   3.802359305012349D-01  -2.896185019276122D-01
   2.112000000000000D+03   1.618242108624157D+00   1.000000000000000D+00  -2.334821941350462D+00   4.421380611221109D+00   3.185968703755527D+01   6.330570191324976D-02   8.356111457781692D-01  -5.456614345512851D-01
   2.112000000000000D+03   3.323872968268461D+00   1.000000000000000D+00  -3.978061767942874D+00   3.029030303217704D+00   3.248784718620533D+01  -9.953549765318938D-01  -8.901418189154764D-02  -3.667350699580754D-02
   2.112000000000000D+03   1.082123177142691D+00   1.000000000000000D+00  -4.966967534218475D+00  -5.737887431340406D-01   3.553527708747580D+01  -7.269569128903008D-01  -4.410581818611657D-01   5.263091553586410D-01
   2.112000000000000D+03   7.925772980209300D+01   1.000000000000000D+00  -4.763701712471451D+00   1.518929227946472D+00   5.390909931829373D+01  -3.667391838236382D-01   4.672432936440357D-01   8.044787601876416D-01
   2.112000000000000D+03   1.925664209715592D+00   1.000000000000000D+00   6.007000024217715D-01   4.963784797381361D+00   3.159299730995871D+01   2.305796066510491D-01   7.400428638659960D-01   6.317987057897971D-01
   2.112000000000000D+03   1.183083840976565D+00   1.000000000000000D+00  -3.036772654918172D+00  -3.972154560045356D+00   2.926025667205502D+01   9.914190103995546D-02  -9.000177124648008D-01  -4.244278510039260D-01
   2.112000000000000D+03   2.300837029312142D+00   1.000000000000000D+00  -4.497335466131589D+00  -2.184942496268333D+00   5.193710140027281D+01  -5.349156441908817D-01  -4.835228495624739D-01   6.928714942547712D-01
   2.112000000000000D+03   3.348781027922428D+00   1.000000000000000D+00  -4.713415849116267D+00  -1.668445696731958D+00   4.945800561946573D+01  -8.692645756055749D-01  -4.343558598949585D-01  -2.360383116618383D-01
   2.112000000000000D+03   5.705428622719388D+00   1.000000000000000D+00   3.372655831870410D+00   3.691231860588794D+00   2.801515644683674D+01   8.929710954070046D-01   3.863100556442037D-01  -2.310133409043444D-01
   2.112000000000000D+03   3.253905533589840D+00   1.000000000000000D+00  -4.553699622564671D+00  -2.064901875480067D+00   3.263189318683546D+01  -5.524308391252982D-01  -6.962835654277376D-01   4.582677868872700D-01
   2.112000000000000D+03   2.351127181299007D+02   1.000000000000000D+00  -2.420864301214643D+00  -4.374861830639737D+00   3.165874375295389D+01  -3.508065977246315D-02  -2.187581426672386D-01   9.751483078623008D-01
   2.112000000000000D+03   4.699673488875566D+00   1.000000000000000D+00   4.835181976703752D+00  -1.273190975136604D+00   4.089576981368291D+01   4.969484295631316D-01  -8.657096848179342D-01  -5.990826292900282D-02
   2.112000000000000D+03   1.737157035270570D+00   1.000000000000000D+00  -4.522508800055730D+00  -2.132349446722859D+00   3.960368060738730D+01  -9.581877841051023D-01  -2.002411310631349D-01  -2.044007334192081D-01
   2.112000000000000D+03   1.917888328299206D+02   1.000000000000000D+00  -4.832217238742238D+00  -1.284397354984877D+00   2.658801413006421D+01  -6.660560735106034D-01  -5.655388764784233D-01   4.863487289293150D-01
   2.112000000000000D+03   6.766008506176743D+01   1.000000000000000D+00   9.606149095768421D-01   4.906854288112276D+00   2.401309828991045D+01   5.012061088161489D-01   8.461856657758695D-01   1.810034682563378D-01
   2.112000000000000D+03   2.750769808382188D+00   1.000000000000000D+00  -4.530775873731231D-01   4.979429757279849D+00   2.653751712949079D+01  -6.835180224896793D-01   7.274467932848008D-01  -6.020195903339431D-02
   2.112000000000000D+03   1.128971037734050D+01   1.000000000000000D+00  -2.046318177352258D+00  -4.562080876830572D+00   2.435511056448579D+01  -2.092349457142001D-01  -9.698569450357170D-01   1.248929287748589D-01
   2.112000000000000D+03   1.057667312403396D+00   1.000000000000000D+00  -4.130421297203073D+00   2.817733116738519D+00   2.620802021463848D+01  -9.550829017069791D-01   2.952535778078981D-01  -2.533723857511044D-02
   2.112000000000000D+03   1.027204427490574D+00   1.000000000000000D+00   1.783586448986908D-02   4.999968188288017D+00   2.343409267767207D+01  -7.168057121019694D-01   1.979834079270176D-01   6.685747088273626D-01
   2.112000000000000D+03   2.672470430404083D+01   1.000000000000000D+00   4.801600352807841D+00   1.394501366492589D+00   2.127198981052555D+01   8.265025181141845D-01   4.650470229958611D-01   3.172142083097783D-01
   2.112000000000000D+03   5.694529766836240D+00   1.000000000000000D+00  -1.588535904631341D+00   4.740944387909622D+00   2.278177665124998D+01  -1.967919037856597D-01   9.417347492037352D-01   2.727794140814029D-01
   2.112000000000000D+03   6.693203663703740D+00   1.000000000000000D+00  -2.485689446842477D+00  -4.338357751860303D+00   2.296715954802756D+01  -3.727585999454051D-01  -8.548534291560931D-01   3.609385554728256D-01
   2.112000000000000D+03   3.208339964381025D+00   1.000000000000000D+00  -4.527230747774403D+00   2.122305766014070D+00   2.446911376858262D+01  -7.319008201566676D-01   3.353842510332186D-01   5.931598381658053D-01
   2.112000000000000D+03   5.986812928379955D+00   1.000000000000000D+00  -1.913599553493620D-01  -4.996336795612199D+00   3.642105242672358D+01  -4.348573291453651D-01  -7.538776887947736D-01   4.925114553246557D-01
   2.112000000000000D+03   2.232728487015265D+00   1.000000000000000D+00   2.743487713582901D+00  -4.180104684676769D+00   3.378741837594389D+01   5.347971029000607D-01  -7.778016218262714D-01  -3.301767644976305D-01
   2.112000000000000D+03   1.783367438168511D+00   1.000000000000000D+00   4.872094261953947D+00   1.123698140251265D+00   3.132386458055264D+01   7.000426756764826D-01   4.215467030065123D-01  -5.764014481384049D-01
   2.112000000000000D+03   1.416425949458666D+01   1.000000000000000D+00   3.278898295813018D+00   3.774761710927224D+00   3.595414161947567D+01   1.729370571319645D-01   9.846514961718167D-01  -2.354156658208498D-02
   2.112000000000000D+03   1.267996905406243D+00   1.000000000000000D+00   2.946563971823198D+00  -4.039524819391657D+00   3.227180552525277D+01   4.000237732359665D-01  -5.161875100950403D-01  -7.573185824129387D-01
   2.112000000000000D+03   4.370423798899403D+00   1.000000000000000D+00   4.622404404099930D+00   1.906142055103033D+00   3.931205382008512D+01   7.198702349982417D-01   6.871942531233787D-01   9.772872268570076D-02
   2.112000000000000D+03   2.693663489514239D+01   1.000000000000000D+00   1.580860796016695D+00  -4.743509160040480D+00   2.430273563002968D+01   7.282778594377058D-01  -5.763525012076768D-01  -3.707143830558616D-01
   2.112000000000000D+03   3.026928541741427D+00   1.000000000000000D+00  -5.624849052142236D-01  -4.968260333336437D+00   2.473135234588415D+01  -6.203984309561716D-01  -7.749396379765987D-01  -1.207242492617717D-01
   2.112000000000000D+03   3.612813095945070D+01   1.000000000000000D+00   1.171417792613496D+00   4.860841528203629D+00   3.439596885852806D+01   1.147206557125451D-01   7.088995250902262D-01   6.959171175360864D-01
   2.112000000000000D+03   3.695618753298491D+00   1.000000000000000D+00   4.919888935975302D+00  -8.914554761905626D-01   2.444345586628130D+01   8.752003164382589D-01   1.399091482800144D-01  -4.630872880288689D-01
   2.112000000000000D+03   1.044007057137264D+00   1.000000000000000D+00  -3.818102723236648D+00  -3.228326439908317D+00   1.747010472150873D+01  -8.427991167831068D-01  -2.110122256943341D-01  -4.951398684787348D-01
   2.112000000000000D+03   2.521381447957620D+02   1.000000000000000D+00  -4.771740285785508D+00  -1.493484064734550D+00   3.181044710274798D+01  -5.809173161694634D-01  -3.550136106204480D-01   7.324618816352838D-01
   2.112000000000000D+03   5.496512943832492D+00   1.000000000000000D+00  -4.776340596505039D+00   1.478705688984386D+00   3.008831299265869D+01  -6.583038915097017D-01   7.331833253811810D-01   1.705233057566501D-01
   2.112000000000000D+03   6.296192359660724D+00   1.000000000000000D+00  -3.110034702980854D+00  -3.915058639899627D+00   2.994765510621529D+01   2.903621223106218D-02  -9.934116903946030D-01   1.108607765019233D-01
   2.112000000000000D+03   3.625790278073082D+00   1.000000000000000D+00  -4.504313746233801D+00  -2.170520140396214D+00   3.364771409075065D+01  -3.051244057795994D-01  -3.749365396160565D-01   8.753980170518912D-01
   2.112000000000000D+03   2.774059894621650D+00   1.000000000000000D+00  -5.921173261229337D-01   4.964815916048932D+00   3.496331988398588D+01   3.186288452920389D-01   8.585527573257599D-01   4.016999151558242D-01
   2.112000000000000D+03   1.284300509131016D+01   1.000000000000000D+00  -2.099736899130329D+00  -4.537742275376088D+00   4.627709946799476D+01   4.036532496554542D-02  -3.828246700042996D-01   9.229387371741014D-01
   2.112000000000000D+03   1.698751056156416D+02   1.000000000000000D+00  -3.622635602249005D+00   3.446231463823962D+00   2.677507011444797D+01  -5.359705939718566D-01   7.325407506966947D-01   4.196660231257456D-01
   2.112000000000000D+03   6.447485961627912D+00   1.000000000000000D+00  -1.216115576129898D+00  -4.849851844685023D+00   2.452267209789313D+01  -3.661380837097357D-01  -9.288889721248907D-01   5.575106386542833D-02
   2.112000000000000D+03   2.886817824452592D+01   1.000000000000000D+00   4.894095050635130D+00  -1.023637456124963D+00   2.917867032251806D+01   6.539713862941564D-01   8.202539353314309D-02   7.520593465440292D-01
   2.112000000000000D+03   5.342499101452290D+00   1.000000000000000D+00   2.853037778292222D+00  -4.106114397496650D+00   2.384725519455068D+01   7.465305105244920D-01  -6.614678641489800D-01   7.178064888414042D-02
   2.112000000000000D+03   3.692793203460155D+00   1.000000000000000D+00  -3.266334190652003D+00  -3.785638778940363D+00   2.337627000033178D+01  -8.276389139915180D-01  -5.590439008562886D-01  -4.983718453448911D-02
   2.112000000000000D+03   1.995035858504690D+00   1.000000000000000D+00   3.515882207578108D+00   3.555076976856490D+00   1.465439683349940D+01   7.412640525020436D-01   5.241807928844091D-01  -4.192399084525700D-01
   2.112000000000000D+03   3.559160131172856D+00   1.000000000000000D+00  -5.249392384806930D-01  -4.972367525151880D+00   2.348187501867468D+01  -1.292614096802509D-01  -9.196842946896101D-01  -3.707725530143099D-01
   2.112000000000000D+03   3.079711616196357D+00   1.000000000000000D+00   4.561845562954883D+00   2.046842707283443D+00   2.680117729843570D+01   6.444232786334290D-01   6.671356564722056D-01   3.736959376535171D-01
   2.112000000000000D+03   3.018279474788388D+00   1.000000000000000D+00   3.867107388451193D+00   3.169460593660091D+00   2.077299303276392D+01   4.912480583064180D-01   7.538443635002631D-01  -4.363416331603688D-01
   2.112000000000000D+03   2.051225454275607D+00   1.000000000000000D+00  -2.293869951469197D+00   4.442764978376889D+00   1.779879571261953D+01  -2.113074989096229D-01   7.175788092468410D-01  -6.636488479794460D-01
   2.112000000000000D+03   1.538381210509687D+02   1.000000000000000D+00  -1.121527278893978D-01   4.998742018821783D+00   3.087921751372038D+01  -4.250407688751742D-01   5.013425502325615D-01   7.536550882998884D-01
   2.112000000000000D+03   1.785344243131848D+01   1.000000000000000D+00  -2.950199416394393D+00  -4.036870497331432D+00   2.433857831256050D+01  -3.775352831339349D-01  -8.039814341381604D-01  -4.594354835557727D-01
   2.112000000000000D+03   5.645394020079020D+00   1.000000000000000D+00   4.316149858652385D+00   2.524054357804562D+00   4.006433663956879D+01   7.572562928717858D-01  -6.021405987868069D-01   2.529616694259149D-01
   2.112000000000000D+03   1.682970777823357D+00   1.000000000000000D+00   2.602326189575945D+00   4.269414293373940D+00   3.563306179142751D+01  -3.500292188083466D-01   8.479309012138816D-01  -3.981114576937390D-01
   2.112000000000000D+03   1.360587631553223D+00   1.000000000000000D+00   3.619708780052869D+00   3.449305488408001D+00   4.872560049363729D+01   2.102485566283698D-01   4.683986598442464D-01   8.581364925766768D-01
   2.112000000000000D+03   1.955228911554530D+00   1.000000000000000D+00   2.388637316705707D+00  -4.392540469809981D+00   3.462196449816219D+01   6.836202594061607D-01  -7.298378783212669D-01  -1.108916808825189D-04
   2.112000000000000D+03   3.276185106183993D+00   1.000000000000000D+00   4.023872084765396D-01   4.983782152538878D+00   3.154186196431829D+01  -1.792619155548751D-01   9.686283476424706D-01  -1.721170815898688D-01
   2.112000000000000D+03   1.841759558595413D+00   1.000000000000000D+00   1.487934636297048D+00  -4.773473633245811D+00   3.213731495368289D+01  -4.710204479749115D-02  -9.768093390054710D-01  -2.088657765350510D-01
   2.112000000000000D+03   2.205586733343466D+00   1.000000000000000D+00   4.858909589506779D+00  -1.179405617249515D+00   3.253591803595423D+01   9.762041699761970D-01   2.060062920686288D-01  -6.772611128079792D-02
   2.112000000000000D+03   1.230087963633423D+00   1.000000000000000D+00   1.642115099540433D+00  -4.722653703659046D+00   2.797135655977391D+01   9.204371119535329D-03  -5.074436429450495D-01  -8.616357866215577D-01
   2.112000000000000D+03   1.046458492067281D+01   1.000000000000000D+00  -4.153681337995626D+00  -2.783330981446031D+00   2.180047184082057D+01  -9.027621020787391D-01  -4.295002817404953D-01   2.345410486910849D-02
   2.112000000000000D+03   1.167925927116244D+00   1.000000000000000D+00  -4.121169798631800D-01   4.982987015974335D+00   1.708154531868258D+01   7.052235108103417D-01   7.065663009047501D-01  -5.851377808784694D-02
   2.112000000000000D+03   2.425755412077881D+01   1.000000000000000D+00   4.898350368190425D+00  -1.003077103451209D+00   3.451304477843720D+01   6.462931486626403D-01   6.540897184412281D-01   3.930290144775639D-01
   2.112000000000000D+03   2.275417329916996D+01   1.000000000000000D+00   4.471022307925963D+00   2.238293887975640D+00   1.495941694908281D+01   7.305632896187908D-01   8.666874335383849D-02  -6.773225293660601D-01
   2.112000000000000D+03   1.796563066209225D+01   1.000000000000000D+00  -1.574606733350398D+00   4.745588861577344D+00   2.280556106664314D+01   4.325491617060293D-02   8.403161489198602D-01   5.403681912285079D-01
   2.112000000000000D+03   5.360625920523489D+00   1.000000000000000D+00  -2.190532736587905D+00   4.494615260446285D+00   2.044238251973939D+01  -1.476993505811793D-01   9.848272903967469D-01  -9.110493909607514D-02
   2.112000000000000D+03   2.689507739301462D+00   1.000000000000000D+00  -1.323803361256516D+00  -4.821570767894787D+00   2.029812801464968D+01  -4.871517762677487D-01  -8.090514951678873D-01   3.288142713535767D-01
   2.112000000000000D+03   1.132893250154780D+00   1.000000000000000D+00   3.111457471822049D+00  -3.913928002605415D+00   1.631031244262657D+01   5.706891688271332D-01  -6.367928172500191D-01  -5.184677236648194D-01
   2.112000000000000D+03   1.388068125114820D+00   1.000000000000000D+00  -2.196929186269184D+00   4.491492197105043D+00   2.437310110170784D+01   1.068713773915822D-01   7.354411814390643D-01   6.691074482756406D-01
   2.112000000000000D+03   4.553491349041906D+00   1.000000000000000D+00  -1.436799277178656D+00   4.789113471393001D+00   1.789611451717160D+01   2.363697053734478D-01   5.698618100164264D-01  -7.870113594265790D-01
   2.112000000000000D+03   1.023636491763455D+00   1.000000000000000D+00  -1.449872893762674D+00   4.785171741682834D+00   2.214406326743362D+01   5.425801244210157D-01   7.357125111245020D-01   4.053811904345765D-01
   2.112000000000000D+03   3.766789133163115D+00   1.000000000000000D+00  -2.442010292662136D+00   4.363093597303305D+00   2.204398973652744D+01   7.917882924374969D-02   9.951215504991786D-01   5.885416494777998D-02
   2.112000000000000D+03   1.174055796690482D+00   1.000000000000000D+00  -2.769804995351353D+00   4.162713093186964D+00   2.144307591483191D+01  -5.652758198020796D-02   9.789707151694930D-01  -1.960126815183205D-01
   2.112000000000000D+03   1.518761993733185D+01   1.000000000000000D+00   1.137758798030135D+00  -4.868829933641350D+00   3.472747631352449D+01  -6.673548240911519D-01  -6.917051523258482D-01   2.760100016451267D-01
   2.112000000000000D+03   1.397545688617435D+01   1.000000000000000D+00   3.795825795114784D+00  -3.254490211770701D+00   3.476746555054491D+01   1.482542971690937D-01  -6.521124753039731D-01   7.434850253527793D-01
   2.112000000000000D+03   4.172999228350904D+00   1.000000000000000D+00   3.736573614970219D+00  -3.322351219486761D+00   3.413319173582859D+01   7.542653486270821D-01  -1.204591890044032D-02   6.564591988069863D-01
   2.112000000000000D+03   4.485254072999055D+00   1.000000000000000D+00   4.513782499353772D+00  -2.150759762614412D+00   3.385440874472258D+01   9.710732269904356D-01   1.889672800617701D-01   1.459731307071205D-01
   2.112000000000000D+03   2.004868088072726D+00   1.000000000000000D+00  -4.447325914720192D+00   2.285014707583497D+00   4.203511797917643D+01  -8.757217918354608D-01  -4.758279800364362D-01   8.184788768767914D-02
   2.112000000000000D+03   1.706919943138246D+00   1.000000000000000D+00   3.725281806730706D+00  -3.335007566361546D+00   3.404895062369158D+01   1.305921857081021D-01  -9.407132534656393D-01   3.130563140811451D-01
   2.112000000000000D+03   1.394556853307222D+00   1.000000000000000D+00  -3.984851331176039D+00   3.020092693268785D+00   2.358776053375112D+01  -5.839835733247492D-01   4.729615465679632D-01   6.597503782150470D-01
   2.112000000000000D+03   2.275903271988563D+01   1.000000000000000D+00  -4.966649754841715D+00  -5.765329279848111D-01   3.890846418021668D+01  -4.465806793907016D-01   1.006128440541262D-01   8.890684745317875D-01
   2.112000000000000D+03   4.803766554091697D+01   1.000000000000000D+00  -2.827149062435316D+00   4.123982078646329D+00   3.368609838493198D+01   2.207695051433523D-01   9.060757523297648D-01   3.609536765830347D-01
   2.112000000000000D+03   1.943095813269792D+00   1.000000000000000D+00  -4.347008047003570D+00   2.470530519627688D+00   3.324425976719513D+01  -7.336885260573719D-01   5.559418683610704D-01   3.906786220603368D-01
   2.112000000000000D+03   2.312500381044742D+00   1.000000000000000D+00  -3.519700726423604D+00   3.551296496137447D+00   3.341560545093464D+01  -6.055129905009888D-02   9.346882044802489D-01   3.502734654364126D-01
   2.112000000000000D+03   2.844783042803328D+00   1.000000000000000D+00  -4.734798959407579D+00  -1.606760349007702D+00   2.999030961719520D+01  -2.927609635753316D-01  -7.400335541185326D-01  -6.055091716771401D-01
   2.112000000000000D+03   1.173582728324612D+01   1.000000000000000D+00  -4.354260527939781D+00  -2.457725627521037D+00   3.674104736563444D+01  -8.681312780750930D-02  -9.342142142355034D-01  -3.459874026039357D-01
   2.112000000000000D+03   4.884879946939535D+00   1.000000000000000D+00  -4.620649814430927D+00  -1.910391398475562D+00   3.525595838260834D+01  -2.055083505774332D-01  -2.802607898226575D-01  -9.376674290658299D-01
   2.112000000000000D+03   3.171025434926605D+00   1.000000000000000D+00  -4.999179935648422D+00  -9.055373068666540D-02   3.776205359052475D+01  -7.239849156352486D-01   5.943457801117982D-01   3.501413080399399D-01
   2.112000000000000D+03   1.044061362643938D+02   1.000000000000000D+00  -4.999798521402499D+00  -4.488596758234238D-02   3.421636694194924D+01  -4.715772051155742D-01   1.243966054975730D-01   8.730065430201911D-01
   2.112000000000000D+03   5.552716368068396D+00   1.000000000000000D+00   4.730808691886597D+00   1.618471232195016D+00   3.655188572972484D+01   8.489985474784740D-01   1.976359722691926D-01   4.900423337270490D-01
   2.112000000000000D+03   1.082051142185719D+00   1.000000000000000D+00  -4.911833484766920D+00  -9.348218140679765D-01   3.336391809205509D+01  -5.719292059439547D-01  -2.762322980367170D-01   7.723941357297270D-01
   2.112000000000000D+03   5.540275649418946D+00   1.000000000000000D+00   3.494975023310783D+00  -3.575632754544124D+00   2.759658648553509D+01   8.094758280463512D-01  -4.582137541674920D-01   3.671362680264748D-01
   2.112000000000000D+03   5.226257893234942D+00   1.000000000000000D+00  -4.658541467868180D+00   1.816037278457199D+00   3.354218117307722D+01  -4.940217135117577D-01  -2.531437023361199D-03   8.694458800900169D-01
   2.112000000000000D+03   1.539799030504128D+00   1.000000000000000D+00  -3.039987427187533D+00   3.969694754843650D+00   2.627629887341835D+01  -2.372337145392869D-01   3.336643621839244D-01   9.123531433026838D-01
   2.112000000000000D+03   4.537321455708252D+00   1.000000000000000D+00  -4.739353141791089D+00  -1.593277065125870D+00   2.709478643921801D+01  -8.104781832857999D-01  -3.699586796864748D-01   4.541538172716265D-01
   2.112000000000000D+03   2.290619288076390D+00   1.000000000000000D+00  -2.734411600064461D+00  -4.186047444831996D+00   2.878792787765535D+01  -6.162764330142857D-01  -6.666508174422857D-01   4.192613095847521D-01
   2.112000000000000D+03   9.137211240010060D+00   1.000000000000000D+00  -1.333564283512654D+00  -4.818880192305492D+00   1.906025700251763D+01  -1.582813065977035D-02  -6.238604894537384D-01  -7.813754283175021D-01
   2.112000000000000D+03   3.350911764646867D+00   1.000000000000000D+00  -4.923342651306817D+00  -8.721795383281920D-01   2.357515973538492D+01  -9.016588811985988D-01  -2.160474432963058D-01  -3.746128190556500D-01
   2.112000000000000D+03   2.609948017121555D+00   1.000000000000000D+00  -3.923761182247540D+00   3.099047949573474D+00   2.769698817845526D+01  -6.052518346201309D-01   6.967359471409290D-01   3.850055021043184D-01
   2.212000000000000D+03   1.231602222036185D+02   1.000000000000000D+00  -3.565809650132267D+00   3.504996653944920D+00   2.833725212011212D+01  -2.207362089942314D-01   5.088852572876863D-01   8.320524748801003D-01
   2.112000000000000D+03   2.670357404873858D+01   1.000000000000000D+00   1.128617059395685D+00  -4.870957148183731D+00   2.532550426037591D+01   7.380768394319579D-01  -4.655279502399912D-01  -4.883915505406334D-01
   2.112000000000000D+03   4.712003439720125D+01   1.000000000000000D+00  -4.009142236356617D+00  -2.987771499546045D+00   3.176545646948971D+01  -6.279175428833798D-01   3.291085644742039D-02   7.775837156648769D-01
   2.112000000000000D+03   2.631620428082174D+01   1.000000000000000D+00   7.220466974382304D-02  -4.999478622283858D+00   2.635856560014571D+01  -5.449447350958769D-02  -9.014921157989227D-01   4.293510422827623D-01
   2.112000000000000D+03   3.143542509045139D+00   1.000000000000000D+00  -4.396717823217127D+00   2.380939392858410D+00   3.488033048070466D+01  -6.778144029739666D-01   7.349634538201183D-01  -1.990870839226938D-02
   2.112000000000000D+03   2.787407200636971D+00   1.000000000000000D+00   3.144747130452630D-01  -4.990100766882102D+00   3.963433597676519D+01  -1.990850153095520D-01  -8.925119431444104D-01   4.047067926583201D-01
   2.112000000000000D+03   1.897640286273755D+01   1.000000000000000D+00  -4.553263832707834D+00   2.065862646261842D+00   3.480417790929746D+01  -4.630526732810429D-01  -1.819080603472701D-01   8.674627826875188D-01
   2.112000000000000D+03   1.100425878798205D+00   1.000000000000000D+00  -4.898842106931136D+00   1.000672780741464D+00   3.502916166018213D+01  -3.210824645691562D-01  -1.936313320340800D-01   9.270452837919541D-01
   2.112000000000000D+03   3.947357586260747D+00   1.000000000000000D+00  -4.286565211197589D+00   2.573977214126684D+00   3.174537791515072D+01  -9.582190906326141D-01   9.282426416531948D-02   2.705546716088511D-01
   2.112000000000000D+03   5.127679166972825D+00   1.000000000000000D+00  -1.161155218666156D+00   4.863303256452506D+00   3.140529729121925D+01   6.257824525153394D-01   7.721556452824102D-01  -1.103267038499370D-01
   2.112000000000000D+03   2.762397855187487D+00   1.000000000000000D+00  -2.704518156646561D+00   4.205422873759507D+00   3.222627325015278D+01   2.324048866976504D-01   9.544430983142809D-01   1.871532546318352D-01
   2.112000000000000D+03   5.206192192842423D+00   1.000000000000000D+00  -2.841526442965091D+00   4.114088900374845D+00   3.281831073604629D+01   3.435248162078817D-02   7.842041677797983D-01   6.195512329446914D-01
   2.112000000000000D+03   1.184192129346798D+00   1.000000000000000D+00  -4.406377354075590D+00   2.363014730925761D+00   3.855090453667557D+01  -6.752955589337450D-01  -1.838462647656358D-01   7.142663781923971D-01
   2.112000000000000D+03   1.724221466581577D+00   1.000000000000000D+00  -3.847442867467625D+00   3.193302896737697D+00   3.083175555076830D+01  -6.015593175381494D-01   6.438388291426663D-01  -4.728614485990971D-01
   2.112000000000000D+03   6.096391670855155D+00   1.000000000000000D+00  -4.335911538491677D+00   2.489954043375067D+00   3.154322223454204D+01  -9.813260448989520D-01  -1.535721443471444D-01  -1.158222348411553D-01
   2.112000000000000D+03   1.922156723104308D+00   1.000000000000000D+00  -3.807728660862307D+00   3.240555886411710D+00   3.254286619504997D+01  -6.771766823396866D-01   3.938885979875285D-01   6.215171061771625D-01
   2.112000000000000D+03   1.285369219489667D+00   1.000000000000000D+00  -4.398418956068366D+00  -2.377795343106938D+00   3.313230316375966D+01  -2.722299024140668D-01  -9.268696869736648D-01   2.584636601167918D-01
   2.112000000000000D+03   2.741206637488773D+01   1.000000000000000D+00  -4.867429760081090D+00   1.143734033131066D+00   2.200537747763791D+01  -6.293556143399062D-01   7.600659256252277D-01  -1.618990407701826D-01
   2.112000000000000D+03   1.896963686499874D+01   1.000000000000000D+00  -4.996469509497469D+00   1.878628492179026D-01   2.192530264917765D+01  -9.385327529851868D-01   2.008208038951999D-01  -2.807619566410883D-01
   2.112000000000000D+03   1.407870382579968D+01   1.000000000000000D+00   3.185915331333933D+00   3.853562444012481D+00   2.671591153437640D+01   7.926384317385696D-01   4.257737244687971D-01   4.363955225285772D-01
   2.112000000000000D+03   1.427824216389808D+00   1.000000000000000D+00  -4.936083797952370D+00  -7.969170243710050D-01   2.475466065454584D+01  -3.765651231173247D-01  -2.652146212372111D-01   8.876147321522085D-01
   2.112000000000000D+03   1.682881358092231D+00   1.000000000000000D+00  -4.589651967305003D+00  -1.983707343473508D+00   2.073139319149407D+01  -2.776053102288147D-01  -7.534319489705928D-01  -5.960499895169342D-01
   2.112000000000000D+03   2.317975557038277D+00   1.000000000000000D+00  -4.988487900993380D+00  -3.390994996023340D-01   2.169266445971886D+01  -8.918432124592544D-01  -1.327050963292223D-01  -4.324407957149840D-01
   2.112000000000000D+03   3.196814337498743D+00   1.000000000000000D+00  -4.983275678664116D+00  -4.086116944239246D-01   2.060421958297535D+01  -6.295775561010664D-01  -1.353150114509899D-01  -7.650633624281241D-01
   2.112000000000000D+03   1.041325555578283D+00   1.000000000000000D+00  -3.515368006606183D+00   3.555585434684787D+00   2.599905149530612D+01   2.308717954056921D-01   9.613233505359601D-01   1.501853181921170D-01
   2.112000000000000D+03   5.478227093596843D+00   1.000000000000000D+00  -4.389606914092260D+00   2.394024048632129D+00   2.364124657509909D+01  -1.792965921346607D-01   8.566039506756866D-01   4.838206317796950D-01
   2.112000000000000D+03   1.576391552167045D+00   1.000000000000000D+00  -4.999860997521131D+00  -3.728285698986012D-02   3.274522817934532D+01  -5.948264337158178D-01  -1.372596543344672D-01   7.920487996612990D-01
   2.112000000000000D+03   2.670623973275042D+00   1.000000000000000D+00   4.047123146513376D+00   2.936118908786382D+00   2.327208271584423D+01   9.291030025541303D-01   3.502680432016277D-01   1.186587904733665D-01
   2.112000000000000D+03   2.440227887759988D+00   1.000000000000000D+00  -4.830832584384820D+00  -1.289595497810620D+00   2.344329603617981D+01  -4.862843444907765D-01  -6.316809102030536D-01   6.037439556535681D-01
   2.112000000000000D+03   4.532659531101687D+01   1.000000000000000D+00   2.288126960818002D+00  -4.445725476981518D+00   3.733747348154094D+01   3.134977779514746D-01  -4.577563149399458D-01   8.319725352150089D-01
   2.112000000000000D+03   1.808992210619181D+00   1.000000000000000D+00   4.985971979883828D+00   3.742772039560383D-01   2.781899391316513D+01   9.550469342800155D-01   8.566540413189777D-02  -2.838076670163483D-01
   2.112000000000000D+03   8.376347938380150D+00   1.000000000000000D+00   4.997700851804916D+00  -1.516120131392475D-01   3.583812100357944D+01   6.662112834182194D-01  -2.228875275606224D-03   7.457597186502194D-01
   2.112000000000000D+03   1.312566032899326D+00   1.000000000000000D+00   8.352860281217804D-01   4.929736022921353D+00   3.657914666771060D+01  -7.963288274733977D-01   5.876816066597044D-01  -1.431458267946070D-01
   2.112000000000000D+03   5.169163883203007D+01   1.000000000000000D+00  -2.384581134306433D+00   4.394743771893793D+00   2.718155468329550D+01  -4.755202997790252D-01   5.030566553815539D-01   7.216747508222735D-01
   2.112000000000000D+03   1.332587693532219D+00   1.000000000000000D+00  -4.645665163264657D+00   1.848727993755102D+00   1.608992628080620D+01  -4.370566133663973D-01   1.017248044778707D-03  -8.994334227273917D-01
   2.112000000000000D+03   8.892950200845598D+01   1.000000000000000D+00   4.104119170934058D+00  -2.855907182978351D+00   2.446884581734722D+01   8.573886760640854D-01   3.824784527065348D-03   5.146552527473089D-01
   2.112000000000000D+03   2.348039675010802D+01   1.000000000000000D+00  -3.536466395281145D+00   3.534601171836527D+00   1.923567348553436D+01  -4.078305508297580D-01   8.510747015321835D-01  -3.306752095664280D-01
   2.112000000000000D+03   1.012054595730888D+00   1.000000000000000D+00  -4.951915048586780D+00  -6.917639466806677D-01   2.008944569463656D+01  -6.487443581892450D-01   5.610825393291426D-02   7.589351893002617D-01
   2.112000000000000D+03   9.660334188546365D+00   1.000000000000000D+00   3.158862982159321D+00  -3.875768912975714D+00   2.415660773738629D+01   8.095353983900074D-01  -2.233112342887147D-01   5.429406333974117D-01
   2.112000000000000D+03   3.423839635902500D+00   1.000000000000000D+00  -3.888205249121840D+00  -3.143542579318181D+00   2.030422051858136D+01  -9.008999130732631D-01  -4.441759376213250D-02  -4.317481024729225D-01
   2.112000000000000D+03   1.180496587156654D+00   1.000000000000000D+00   2.152473325984590D+00  -4.512965608973898D+00   2.393915042051482D+01   6.890725872377773D-01  -4.309682351254948D-01   5.826193867614192D-01
   2.212000000000000D+03   8.848573150260708D+01   1.000000000000000D+00  -4.413119945496351D+00  -2.350398339137110D+00   2.619834322153032D+01  -4.586709332621861D-01  -4.058570463342401D-01   7.905068202876188D-01
   2.112000000000000D+03   8.921548650646271D+01   1.000000000000000D+00  -1.573558111285770D+00   4.745936670282010D+00   2.678479036796881D+01   2.714181989563683D-01   9.244670676152814D-01   2.677551160483847D-01
   2.112000000000000D+03   2.168449944312573D+01   1.000000000000000D+00  -4.982425751111442D+00  -4.188479926574957D-01   2.571159605989076D+01  -6.790375670830908D-01   5.668779541951805D-01   4.664304530552905D-01
   2.112000000000000D+03   4.620663986089653D+00   1.000000000000000D+00  -4.003487617662225D+00  -2.995344204261439D+00   2.569995072772937D+01  -2.499775893453363D-01  -7.972016415894790D-01   5.495277495014554D-01
   2.112000000000000D+03   1.764367608602129D+00   1.000000000000000D+00  -1.101701550928610D+00  -4.877115305242631D+00   2.757789092526573D+01   1.645522101890238D-01  -8.522460776577522D-01   4.965875484130508D-01
   2.112000000000000D+03   3.103587658068840D+00   1.000000000000000D+00   4.983255289155798D+00   4.088602839806303D-01   1.912502151916791D+01   9.051497324471448D-01  -3.732834031093963D-01  -2.033800944387878D-01
   2.112000000000000D+03   1.519307213262664D+00   1.000000000000000D+00  -4.675591082586148D+00  -1.771679440063288D+00   1.936767172162999D+01  -9.720671569341469D-01  -2.291892333910310D-01   5.057408138162994D-02
   2.112000000000000D+03   1.025939655215097D+00   1.000000000000000D+00   7.122898841271730D-01   4.949004256469382D+00   2.648954954954580D+01  -9.227856385340621D-02   9.813507180190313D-01  -1.686280964035479D-01
   2.112000000000000D+03   1.971670501603028D+02   1.000000000000000D+00   4.521581955545963D+00  -2.134314088482797D+00   2.234983259906988D+01   9.472850545700126D-01  -1.050802445136081D-01   3.026700639330697D-01
   2.112000000000000D+03   1.473894799562392D+00   1.000000000000000D+00   4.825413988710302D+00  -1.309725102566019D+00   2.079725398153970D+01   7.065219536748594D-01   3.278709648310074D-02  -7.069312097224649D-01
   2.112000000000000D+03   1.228451599156370D+02   1.000000000000000D+00   5.914187030112699D-01   4.964899186040714D+00   3.135366584073889D+01   2.930776905532492D-01   9.539576199035136D-01   6.379911228220500D-02
   2.112000000000000D+03   2.166104473930952D+00   1.000000000000000D+00  -3.047578108757206D+00   3.963870289775381D+00   2.814985070143306D+01  -4.180034777524392D-01   7.471357772854952D-02  -9.053678666099578D-01
   2.112000000000000D+03   3.952306282117402D+00   1.000000000000000D+00   4.855253624345578D+00  -1.194366883729875D+00   3.479958098086597D+01   9.052126817670256D-01  -3.689864009661947D-01  -2.108056846248799D-01
   2.112000000000000D+03   1.485557096109687D+00   1.000000000000000D+00  -8.869850606942297D-01   4.920696852136324D+00   3.311646001090524D+01  -5.159116330697081D-01   7.726409472778530D-01  -3.699475009415913D-01
   2.112000000000000D+03   1.104066339166707D+00   1.000000000000000D+00   3.253359478082936D+00   3.796794978776673D+00   2.893464530372285D+01   8.203862205823287D-02   5.217598596311784D-01  -8.491385713583146D-01
   2.112000000000000D+03   1.670207880563225D+00   1.000000000000000D+00   4.973767687474419D+00  -5.115026869718237D-01   3.756154905827150D+01   7.718085395242505D-01  -6.494750437182988D-02   6.325293669018971D-01
   2.112000000000000D+03   2.144062516856504D+00   1.000000000000000D+00   4.863127881907569D+00   1.161889500133835D+00   2.211955163208917D+01   7.316824703531173D-01  -3.479154248378331D-01   5.861702992628250D-01
   2.112000000000000D+03   2.917262512993943D+00   1.000000000000000D+00  -8.897104203488199D-01   4.920204810472082D+00   2.218886228704255D+01  -4.587426730860794D-01   8.387443175280710D-01   2.933651814790043D-01
   2.112000000000000D+03   1.011653820148126D+00   1.000000000000000D+00  -2.109003495493288D+00  -4.533442870724961D+00   3.032629704864690D+01  -3.910379986516173D-01  -4.941581837119303D-01   7.764644055467476D-01
   2.112000000000000D+03   3.912570945423599D+01   1.000000000000000D+00   2.405549061459678D-01  -4.994209981889645D+00   2.370679479597066D+01   6.786901804660298D-01  -5.757210106181984D-01   4.559878911459695D-01
   2.112000000000000D+03   7.995877520166506D+00   1.000000000000000D+00   3.160999800572213D+00  -3.874026364008356D+00   2.307855547159904D+01   7.270714366777249D-01  -4.714509676778029D-01   4.991003015858162D-01
   2.112000000000000D+03   4.791115826775119D+00   1.000000000000000D+00  -3.572279685398505D+00   3.498402186514279D+00   2.457904697522174D+01  -6.094457211159574D-01   7.095393090504891D-01  -3.537370236851170D-01
   2.112000000000000D+03   1.193458533210446D+00   1.000000000000000D+00  -1.775586847398305D+00  -4.674108615735788D+00   2.575670835408695D+01  -1.820309425105626D-01  -3.961120499952278D-01   8.999777662905315D-01
   2.112000000000000D+03   2.323614031588470D+01   1.000000000000000D+00  -4.187625425168974D+00  -2.731994382049233D+00   2.564663421359388D+01  -7.041475900144941D-01   1.513947171607226D-01   6.937260346077585D-01
   2.112000000000000D+03   2.295562341445745D+01   1.000000000000000D+00  -4.013104549253995D+00   2.982447297160465D+00   2.623256928170956D+01   2.478000630035114D-01   9.340941281143277D-01  -2.570277973250947D-01
   2.112000000000000D+03   5.484736243632771D+00   1.000000000000000D+00  -2.520398679293784D+00  -4.318285597939312D+00   2.350694862396069D+01  -7.699943263627924D-01  -4.717787110347536D-01   4.295737249687140D-01
   2.112000000000000D+03   1.201768931018976D+00   1.000000000000000D+00   3.126348588763264D+00  -3.902043632474219D+00   3.440907871524170D+01   9.596419332986074D-01  -2.811728946082810D-01  -5.400295594842265D-03
   2.112000000000000D+03   1.134599584543935D+00   1.000000000000000D+00  -9.847264953444219D-02  -4.999030220315446D+00   2.175284329239721D+01   5.734672093379318D-01  -6.447624496568525D-01  -5.053877158446372D-01
   2.112000000000000D+03   1.175266152237731D+00   1.000000000000000D+00  -4.894692756139489D+00  -1.020775600982071D+00   1.732267422348436D+01  -4.339167309049681D-01  -1.552297649353133D-01  -8.874795720008842D-01
   2.112000000000000D+03   3.152848552942067D+00   1.000000000000000D+00  -4.863822587377788D+00  -1.158977931822429D+00   1.926490702548539D+01  -6.314556307087180D-01  -7.744671594160897D-01   3.826755064317641D-02
   2.112000000000000D+03   7.419963340804259D+01   1.000000000000000D+00  -1.025094467100269D-01   4.998949071750044D+00   2.965783600697527D+01  -4.245086211949141D-01   8.530180194957668D-01   3.035666136891741D-01
   2.112000000000000D+03   1.996136396411168D+01   1.000000000000000D+00   3.552344788793222D+00  -3.518642707927416D+00   2.914573579825971D+01   2.316972680400040D-01  -4.079710155818834D-01   8.831058976294321D-01
   2.112000000000000D+03   1.631128015981733D+01   1.000000000000000D+00   4.000806391236417D+00  -2.998924511967950D+00   2.753880956578488D+01   7.875383458180252D-01  -3.899408559201608D-01   4.772101033616755D-01
   2.112000000000000D+03   3.562779550217897D+00   1.000000000000000D+00  -7.506163185477936D-01  -4.943336438983978D+00   2.744095804981041D+01  -8.284278023130176D-01  -5.475439664589006D-01   1.179109034367832D-01
   2.112000000000000D+03   2.585698634435857D+00   1.000000000000000D+00  -2.270875757580129D+00  -4.454562077216203D+00   2.316831551344459D+01  -7.779903145047689D-01  -2.923327983676558D-01  -5.561228331360856D-01
   2.112000000000000D+03   5.894030430208641D+00   1.000000000000000D+00   4.958840751105467D+00   6.402330915881943D-01   2.855676434621164D+01   5.408350003713267D-01   8.004769503958200D-01   2.583295458486211D-01
   2.112000000000000D+03   1.078166381928895D+00   1.000000000000000D+00  -4.980239603187491D+00  -4.440872688895004D-01   3.197166441717606D+01  -7.774075829003971D-01   2.212534269853292D-01   5.887990923024676D-01
   2.112000000000000D+03   1.008458715353122D+02   1.000000000000000D+00  -2.030232517554406D-01   4.995876456542730D+00   2.241478807008624D+01  -2.295876182752613D-01   9.706073225471737D-01  -7.218691676820244D-02
   2.112000000000000D+03   3.276764403544075D+01   1.000000000000000D+00   4.599616477759231D+00  -1.960491842524734D+00   2.725358396126632D+01   4.995335535643738D-01  -6.337514290792443D-01   5.906143877381965D-01
   2.112000000000000D+03   3.499581869175586D+00   1.000000000000000D+00  -1.511809989333585D-01   4.997713908861189D+00   2.292620513977904D+01  -1.755240061192910D-01   9.214215478122846D-01   3.466607195847963D-01
   2.112000000000000D+03   2.284690038839955D+00   1.000000000000000D+00   4.932815558586896D+00  -8.169030993390501D-01   2.415410601505123D+01   7.934448241961960D-01  -5.624119677097932D-01  -2.326759324319265D-01
   2.112000000000000D+03   1.389628295208581D+00   1.000000000000000D+00   3.506047116023319D+00   3.564776799163229D+00   1.996449074527624D+01   9.581414749255274D-01   1.275373946419366D-01  -2.563184093963636D-01
   2.112000000000000D+03   2.023956992019180D+00   1.000000000000000D+00  -8.321511940255437D-01   4.930266158446953D+00   1.851064597164323D+01  -2.123489927235448D-01   2.527250818498175D-01  -9.439480591077557D-01
   2.112000000000000D+03   7.255663036810802D+00   1.000000000000000D+00   1.175623924344012D+00   4.859825963438671D+00   2.128839759339598D+01   5.778229771270350D-01   5.189503834905239D-01  -6.299294457152231D-01
   2.112000000000000D+03   1.588846519138656D+00   1.000000000000000D+00   1.157503706584522D+00   4.864173637661527D+00   2.271098821292124D+01   7.604164052139951D-01   6.494338053480145D-01   1.619614961193561D-03
   2.112000000000000D+03   5.563696749204206D+00   1.000000000000000D+00   4.907945295123143D-01   4.975853769766463D+00   2.322591978817090D+01   3.360718394105183D-01   8.007123455258071D-01   4.958986373018095D-01
   2.112000000000000D+03   1.038122075278466D+00   1.000000000000000D+00   2.669304607369125D-03  -4.999999288239494D+00   4.144897035530574D+01   4.466102907207804D-01  -7.580160120089654D-01   4.753430064283308D-01
   2.112000000000000D+03   2.873896916758548D+00   1.000000000000000D+00  -1.064773900629286D+00   4.885310281070879D+00   3.563594604911506D+01   8.461313102239293D-01   3.684531461805055D-01   3.851026940030724D-01
   2.112000000000000D+03   1.119374868597345D+02   1.000000000000000D+00  -3.850220898195409D+00   3.189952827871332D+00   2.570498001860847D+01  -9.719390074940684D-01   2.289385085924643D-01   5.405298321927238D-02
   2.112000000000000D+03   1.917232143000433D+00   1.000000000000000D+00  -4.821367975583850D+00   1.324541751936898D+00   2.528565641597322D+01  -9.633228345679705D-01  -2.565013209697515D-01  -7.884281032981509D-02
   2.112000000000000D+03   3.088499496712672D+00   1.000000000000000D+00  -6.047079907435342D-02   4.999634315158633D+00   3.340528156606993D+01   1.318330802172848D-01   2.868575116722180D-01   9.488586865058706D-01
   2.112000000000000D+03   1.294000829654585D+00   1.000000000000000D+00   1.697577514464675D+00   4.703002295131854D+00   3.416886127549721D+01   5.447843649139266D-01   4.020754962601688D-01   7.358976090819078D-01
   2.112000000000000D+03   1.259299307015220D+02   1.000000000000000D+00  -2.688185834066801D+00   4.215881512578475D+00   3.549243011117561D+01  -2.156808288874151D-01   6.426666149847786D-01   7.351608001209285D-01
   2.112000000000000D+03   1.394498097817291D+00   1.000000000000000D+00  -8.714736647883772D-01   4.923467645679712D+00   3.255920746580959D+01   4.760474203511145D-01   7.417879504292058D-01  -4.723658435736937D-01
   2.112000000000000D+03   5.449414384486206D+00   1.000000000000000D+00  -4.470689966291065D+00   2.238957621380121D+00   3.217614313002353D+01  -7.276482677456899D-01  -3.292716542009978D-01  -6.017542489974088D-01
   2.112000000000000D+03   1.603047717236450D+00   1.000000000000000D+00   2.656464549072536D+00  -4.235940994544908D+00   2.981574862857730D+01   6.716817662552113D-01  -7.290773954264987D-01   1.314905181311267D-01
   2.112000000000000D+03   1.772534490141425D+00   1.000000000000000D+00  -1.633552843197452D+00   4.725622193501560D+00   3.291186387391500D+01   2.639653102286469D-01   8.565403637408400D-01  -4.434646775996973D-01
   2.112000000000000D+03   1.248495815487104D+00   1.000000000000000D+00   1.061534760846181D+00   4.886015141192859D+00   2.361644919750312D+01  -2.928379485103045D-01   9.283999641965299D-01  -2.287344363932946D-01
   2.112000000000000D+03   1.219415161190835D+02   1.000000000000000D+00  -4.549408689947933D+00  -2.074338588736104D+00   2.223917458619179D+01  -6.652865109271136D-01  -6.845875404184507D-01  -2.978821207831102D-01
   2.112000000000000D+03   4.177237940066225D+01   1.000000000000000D+00   4.556416061466356D-02   4.999792387315458D+00   2.495926885810395D+01  -3.840793898155965D-01   9.025500205589757D-01   1.946445034103750D-01
   2.112000000000000D+03   1.550855411552902D+00   1.000000000000000D+00  -1.188212235657630D+00   4.856763499553695D+00   2.524303706496032D+01  -7.659199235154666D-01   5.912797913374935D-01   2.524972853674904D-01
   2.112000000000000D+03   1.633046525249711D+00   1.000000000000000D+00  -1.785112289154128D+00  -4.670479003764779D+00   2.366398481630980D+01  -3.832087406479969D-01  -8.702102228429812D-01  -3.096534016453643D-01
   2.112000000000000D+03   1.190005402334577D+00   1.000000000000000D+00   3.858621177738175D+00   3.179786567451102D+00   2.487864619604836D+01   9.656357188942385D-01   5.974615312771714D-02   2.529388376308515D-01
   2.112000000000000D+03   3.864701764288498D+00   1.000000000000000D+00   9.890813519199463D-01   4.901195577339830D+00   2.383448209852117D+01  -4.086812910065920D-01   9.038337700987904D-01  -1.267443032652439D-01
   2.112000000000000D+03   3.056942219311012D+02   1.000000000000000D+00   4.977871925102013D+00   4.698841328975779D-01   4.509386550267851D+01   1.079179910526093D-01  -7.099593359851544D-03   9.941344491472438D-01
   2.112000000000000D+03   5.084050546136143D+00   1.000000000000000D+00   1.493745470096379D-01   4.997768227275901D+00   4.304490512630535D+01  -2.326858560444617D-01   8.936342016129475D-01   3.837645190796645D-01
   2.112000000000000D+03   5.435253996511960D+00   1.000000000000000D+00   4.999704028723841D+00   5.440250442451499D-02   3.751562730568028D+01   7.262938279534212D-01   5.748678161866743D-01   3.768610743888658D-01
   2.112000000000000D+03   2.146616087751518D+01   1.000000000000000D+00   8.979764470592091D-01  -4.918702909084438D+00   3.225839786846410D+01   8.026210676368626D-01  -5.964294798580145D-01  -8.443775326288872D-03
   2.112000000000000D+03   2.622674754371360D+00   1.000000000000000D+00   1.700108716250515D+00  -4.702087872636247D+00   2.970237386047715D+01   6.984661001424941D-01  -7.112705484165376D-01  -7.898932780428999D-02
   2.112000000000000D+03   2.490486223561961D+00   1.000000000000000D+00  -4.989618285609031D+00   3.220393849466138D-01   4.090406135351693D+01  -1.537478743279199D-01   1.010694828554505D-02   9.880584196979444D-01
