[ T - T r a c k ]
    title = [t-track] in xyz mesh
     mesh =  xyz            # mesh type is xyz scoring mesh
   x-type =    1            # x-mesh is given by the below data
       nx =    1            # number of x-mesh points
#    data = ( x(i), i = 1, nx + 1 )
           -1.00000E+00  1.00000E+00
   y-type =    2            # y-mesh is linear given by ymin, ymax and ny
     ymin =  -20.00000      # minimum value of y-mesh points
     ymax =   20.00000      # maximum value of y-mesh points
#    ydel =  0.5000000      # mesh width of y-mesh points
       ny =   80            # number of y-mesh points
#    data = ( y(i), i = 1, ny + 1 )
#          -2.00000E+01 -1.95000E+01 -1.90000E+01 -1.85000E+01 -1.80000E+01
#          -1.75000E+01 -1.70000E+01 -1.65000E+01 -1.60000E+01 -1.55000E+01
#          -1.50000E+01 -1.45000E+01 -1.40000E+01 -1.35000E+01 -1.30000E+01
#          -1.25000E+01 -1.20000E+01 -1.15000E+01 -1.10000E+01 -1.05000E+01
#          -1.00000E+01 -9.50000E+00 -9.00000E+00 -8.50000E+00 -8.00000E+00
#          -7.50000E+00 -7.00000E+00 -6.50000E+00 -6.00000E+00 -5.50000E+00
#          -5.00000E+00 -4.50000E+00 -4.00000E+00 -3.50000E+00 -3.00000E+00
#          -2.50000E+00 -2.00000E+00 -1.50000E+00 -1.00000E+00 -5.00000E-01
#           0.00000E+00  5.00000E-01  1.00000E+00  1.50000E+00  2.00000E+00
#           2.50000E+00  3.00000E+00  3.50000E+00  4.00000E+00  4.50000E+00
#           5.00000E+00  5.50000E+00  6.00000E+00  6.50000E+00  7.00000E+00
#           7.50000E+00  8.00000E+00  8.50000E+00  9.00000E+00  9.50000E+00
#           1.00000E+01  1.05000E+01  1.10000E+01  1.15000E+01  1.20000E+01
#           1.25000E+01  1.30000E+01  1.35000E+01  1.40000E+01  1.45000E+01
#           1.50000E+01  1.55000E+01  1.60000E+01  1.65000E+01  1.70000E+01
#           1.75000E+01  1.80000E+01  1.85000E+01  1.90000E+01  1.95000E+01
#           2.00000E+01
   z-type =    2            # z-mesh is linear given by zmin, zmax and nz
     zmin =   0.000000      # minimum value of z-mesh points
     zmax =   60.00000      # maximum value of z-mesh points
#    zdel =  0.5000000      # mesh width of z-mesh points
       nz =  120            # number of z-mesh points
#    data = ( z(i), i = 1, nz + 1 )
#           0.00000E+00  5.00000E-01  1.00000E+00  1.50000E+00  2.00000E+00
#           2.50000E+00  3.00000E+00  3.50000E+00  4.00000E+00  4.50000E+00
#           5.00000E+00  5.50000E+00  6.00000E+00  6.50000E+00  7.00000E+00
#           7.50000E+00  8.00000E+00  8.50000E+00  9.00000E+00  9.50000E+00
#           1.00000E+01  1.05000E+01  1.10000E+01  1.15000E+01  1.20000E+01
#           1.25000E+01  1.30000E+01  1.35000E+01  1.40000E+01  1.45000E+01
#           1.50000E+01  1.55000E+01  1.60000E+01  1.65000E+01  1.70000E+01
#           1.75000E+01  1.80000E+01  1.85000E+01  1.90000E+01  1.95000E+01
#           2.00000E+01  2.05000E+01  2.10000E+01  2.15000E+01  2.20000E+01
#           2.25000E+01  2.30000E+01  2.35000E+01  2.40000E+01  2.45000E+01
#           2.50000E+01  2.55000E+01  2.60000E+01  2.65000E+01  2.70000E+01
#           2.75000E+01  2.80000E+01  2.85000E+01  2.90000E+01  2.95000E+01
#           3.00000E+01  3.05000E+01  3.10000E+01  3.15000E+01  3.20000E+01
#           3.25000E+01  3.30000E+01  3.35000E+01  3.40000E+01  3.45000E+01
#           3.50000E+01  3.55000E+01  3.60000E+01  3.65000E+01  3.70000E+01
#           3.75000E+01  3.80000E+01  3.85000E+01  3.90000E+01  3.95000E+01
#           4.00000E+01  4.05000E+01  4.10000E+01  4.15000E+01  4.20000E+01
#           4.25000E+01  4.30000E+01  4.35000E+01  4.40000E+01  4.45000E+01
#           4.50000E+01  4.55000E+01  4.60000E+01  4.65000E+01  4.70000E+01
#           4.75000E+01  4.80000E+01  4.85000E+01  4.90000E+01  4.95000E+01
#           5.00000E+01  5.05000E+01  5.10000E+01  5.15000E+01  5.20000E+01
#           5.25000E+01  5.30000E+01  5.35000E+01  5.40000E+01  5.45000E+01
#           5.50000E+01  5.55000E+01  5.60000E+01  5.65000E+01  5.70000E+01
#           5.75000E+01  5.80000E+01  5.85000E+01  5.90000E+01  5.95000E+01
#           6.00000E+01
   e-type =    1            # e-mesh is given by the below data
       ne =    1            # number of e-mesh points
#    data = ( e(i), i = 1, ne + 1 )
            0.00000E+00  1.00000E+03
     unit =    1            # unit is [1/cm^2/source]
 material =  all            # (D=all) number of specific material
  2D-type =    3            # 1:Cont, 2:Clust, 3:Color, 4:xyz, 5:mat, 6:Clust+Cont, 7:Col+Cont
     axis =   yz            # axis of output
     file = yz-t01.dat      # file name of output for the above axis
     part =  neutron    proton   
# kf/name :  2112       2212     
    angel = cmin(1.e-4) cmax(1.e-1)
    gshow =    3            # 0: no 1:bnd, 2:bnd+mat, 3:bnd+reg 4:bnd+lat
    resol =    1            # (D=1) resolution of gshow or rshow
    width = 0.5000000       # (D=0.5) width of lines for gshow or rshow
   epsout =    1            # (D=0) generate eps file by ANGEL
#    used :        main (  %)        temp (  %)       total (  %)
#  memory :       38608 (  0)        9803 (  0)       48411 (  0)

#------------------------------------------------------------------------------
#newpage:
#   no. =  1   ie  =  1   ix  =  1   part. = neutron 
#   e = (   0.0000E+00  -   1.0000E+03  )
#   x = (  -1.0000E+00  -   1.0000E+00  )

'no. =  1,  ie =  1,  ix =  1'
msuc: {\huge [t-track] in xyz mesh}
msdl: {\it plotted by \ANGEL \version}
msdr: {\it calculated by \PHITS  2.30}

x: z [cm]
y: y [cm]
set: c1[ 0.667] c2[ 1.102] c5[ 0.800] c6[ 0.868] c7[ 0.000] c8[ 0.200]
p: form[c1] xfac[c2] afac[c5] scal[c6] xorg[c7] yorg[c8] nosp
set: c3[   1.000000E-04] c4[   1.000000E-01]
p: cmin[c3] cmax[c4]
p: dmin(1e-31)
p: zlog
p: xmin(  0.000000    ) xmax(  60.00000    )
p: ymin( -20.00000    ) ymax(  20.00000    )
p: cmin(1.e-4) cmax(1.e-1)

#   no. =  1   ie  =  1   ix  =  1
#   e = (   0.0000E+00  -   1.0000E+03  )
#   x = (  -1.0000E+00  -   1.0000E+00  )

hc:  y =   19.75000     to  -19.75000     by  0.5000000     ; x =  0.2500000     to   59.75000     by  0.5000000     ;
  0.000E+00  0.000E+00  0.000E+00  0.000E+00  0.000E+00  0.000E+00  0.000E+00  0.000E+00  0.000E+00  0.000E+00
  2.871E-04  2.097E-03  1.146E-03  0.000E+00  0.000E+00  0.000E+00  0.000E+00  0.000E+00  0.000E+00  0.000E+00
  0.000E+00  0.000E+00  0.000E+00  0.000E+00  0.000E+00  0.000E+00  0.000E+00  0.000E+00  0.000E+00  0.000E+00
  0.000E+00  0.000E+00  0.000E+00  0.000E+00  2.000E-03  0.000E+00  0.000E+00  0.000E+00  0.000E+00  0.000E+00
  1.012E-03  0.000E+00  0.000E+00  0.000E+00  0.000E+00  0.000E+00  0.000E+00  0.000E+00  0.000E+00  0.000E+00
  0.000E+00  0.000E+00  2.691E-03  0.000E+00  0.000E+00  0.000E+00  0.000E+00  1.447E-03  2.207E-03  2.889E-03
  0.000E+00  0.000E+00  6.715E-03  0.000E+00  0.000E+00  0.000E+00  0.000E+00  0.000E+00  0.000E+00  0.000E+00
  0.000E+00  2.411E-03  0.000E+00  0.000E+00  0.000E+00  1.965E-03  5.791E-04  0.000E+00  0.000E+00  0.000E+00
  0.000E+00  0.000E+00  0.000E+00  0.000E+00  0.000E+00  0.000E+00  0.000E+00  0.000E+00  0.000E+00  0.000E+00
  0.000E+00  0.000E+00  0.000E+00  0.000E+00  0.000E+00  0.000E+00  0.000E+00  0.000E+00  0.000E+00  0.000E+00
  0.000E+00  0.000E+00  0.000E+00  0.000E+00  0.000E+00  0.000E+00  0.000E+00  0.000E+00  0.000E+00  0.000E+00
  0.000E+00  0.000E+00  0.000E+00  0.000E+00  1.675E-03  2.293E-03  1.067E-04  0.000E+00  0.000E+00  0.000E+00
  0.000E+00  0.000E+00  0.000E+00  0.000E+00  0.000E+00  0.000E+00  0.000E+00  0.000E+00  0.000E+00  0.000E+00
  0.000E+00  0.000E+00  9.512E-04  2.097E-03  2.097E-03  2.097E-03  2.097E-03  1.409E-03  0.000E+00  0.000E+00
  0.000E+00  0.000E+00  0.000E+00  0.000E+00  0.000E+00  0.000E+00  0.000E+00  0.000E+00  0.000E+00  0.000E+00
  0.000E+00  0.000E+00  0.000E+00  0.000E+00  2.023E-03  0.000E+00  0.000E+00  0.000E+00  0.000E+00  0.000E+00
  2.288E-03  0.000E+00  0.000E+00  0.000E+00  0.000E+00  0.000E+00  0.000E+00  6.072E-04  1.623E-03  0.000E+00
  0.000E+00  0.000E+00  2.750E-03  0.000E+00  0.000E+00  0.000E+00  0.000E+00  1.082E-03  3.261E-03  1.144E-03
  0.000E+00  2.251E-03  4.291E-03  0.000E+00  0.000E+00  0.000E+00  0.000E+00  0.000E+00  0.000E+00  0.000E+00
  2.399E-03  1.412E-05  0.000E+00  0.000E+00  1.270E-03  1.281E-03  0.000E+00  0.000E+00  0.000E+00  0.000E+00
  0.000E+00  0.000E+00  0.000E+00  0.000E+00  0.000E+00  0.000E+00  0.000E+00  0.000E+00  0.000E+00  0.000E+00
  0.000E+00  0.000E+00  0.000E+00  0.000E+00  0.000E+00  0.000E+00  0.000E+00  0.000E+00  0.000E+00  0.000E+00
  0.000E+00  0.000E+00  0.000E+00  0.000E+00  0.000E+00  0.000E+00  0.000E+00  0.000E+00  0.000E+00  0.000E+00
  0.000E+00  0.000E+00  1.190E-03  2.293E-03  6.173E-04  0.000E+00  0.000E+00  0.000E+00  0.000E+00  0.000E+00
  0.000E+00  0.000E+00  0.000E+00  0.000E+00  0.000E+00  0.000E+00  0.000E+00  0.000E+00  0.000E+00  0.000E+00
  0.000E+00  0.000E+00  0.000E+00  0.000E+00  0.000E+00  0.000E+00  0.000E+00  6.884E-04  2.097E-03  2.097E-03
  2.097E-03  2.097E-03  1.672E-03  0.000E+00  0.000E+00  0.000E+00  0.000E+00  0.000E+00  0.000E+00  0.000E+00
  0.000E+00  0.000E+00  0.000E+00  0.000E+00  2.023E-03  0.000E+00  0.000E+00  0.000E+00  0.000E+00  0.000E+00
  3.088E-04  1.979E-03  1.231E-03  0.000E+00  0.000E+00  0.000E+00  0.000E+00  2.683E-03  0.000E+00  0.000E+00
  0.000E+00  0.000E+00  2.750E-03  0.000E+00  0.000E+00  0.000E+00  0.000E+00  0.000E+00  4.405E-03  0.000E+00
  0.000E+00  1.820E-04  2.794E-03  1.308E-03  0.000E+00  0.000E+00  0.000E+00  0.000E+00  0.000E+00  1.080E-03
  1.334E-03  0.000E+00  0.000E+00  6.053E-04  1.976E-03  0.000E+00  0.000E+00  0.000E+00  0.000E+00  0.000E+00
  0.000E+00  0.000E+00  0.000E+00  0.000E+00  0.000E+00  0.000E+00  0.000E+00  0.000E+00  0.000E+00  0.000E+00
  0.000E+00  0.000E+00  0.000E+00  0.000E+00  0.000E+00  0.000E+00  0.000E+00  0.000E+00  0.000E+00  0.000E+00
  0.000E+00  0.000E+00  0.000E+00  0.000E+00  0.000E+00  0.000E+00  0.000E+00  0.000E+00  0.000E+00  0.000E+00
  7.046E-04  2.293E-03  1.103E-03  0.000E+00  0.000E+00  0.000E+00  0.000E+00  0.000E+00  0.000E+00  0.000E+00
  0.000E+00  0.000E+00  0.000E+00  0.000E+00  0.000E+00  0.000E+00  0.000E+00  0.000E+00  0.000E+00  0.000E+00
  0.000E+00  0.000E+00  0.000E+00  0.000E+00  0.000E+00  0.000E+00  0.000E+00  0.000E+00  0.000E+00  0.000E+00
  0.000E+00  0.000E+00  4.255E-04  2.097E-03  2.097E-03  2.097E-03  2.075E-03  0.000E+00  0.000E+00  0.000E+00
  0.000E+00  0.000E+00  0.000E+00  0.000E+00  2.023E-03  0.000E+00  0.000E+00  0.000E+00  0.000E+00  0.000E+00
  0.000E+00  2.288E-03  1.841E-03  3.143E-04  0.000E+00  0.000E+00  0.000E+00  2.683E-03  0.000E+00  0.000E+00
  0.000E+00  0.000E+00  1.460E-03  0.000E+00  0.000E+00  0.000E+00  0.000E+00  3.084E-03  1.321E-03  0.000E+00
  0.000E+00  2.192E-03  0.000E+00  2.093E-03  0.000E+00  0.000E+00  0.000E+00  0.000E+00  0.000E+00  2.413E-03
  0.000E+00  0.000E+00  0.000E+00  5.585E-03  0.000E+00  0.000E+00  0.000E+00  0.000E+00  0.000E+00  0.000E+00
  0.000E+00  0.000E+00  0.000E+00  0.000E+00  0.000E+00  0.000E+00  0.000E+00  0.000E+00  0.000E+00  0.000E+00
  0.000E+00  0.000E+00  0.000E+00  0.000E+00  0.000E+00  0.000E+00  0.000E+00  0.000E+00  0.000E+00  0.000E+00
  0.000E+00  0.000E+00  0.000E+00  0.000E+00  0.000E+00  0.000E+00  0.000E+00  0.000E+00  2.193E-04  2.293E-03
  1.588E-03  0.000E+00  0.000E+00  0.000E+00  0.000E+00  0.000E+00  0.000E+00  0.000E+00  0.000E+00  0.000E+00
  0.000E+00  0.000E+00  0.000E+00  0.000E+00  0.000E+00  0.000E+00  0.000E+00  0.000E+00  0.000E+00  0.000E+00
  0.000E+00  0.000E+00  0.000E+00  0.000E+00  0.000E+00  0.000E+00  0.000E+00  0.000E+00  0.000E+00  0.000E+00
  0.000E+00  0.000E+00  0.000E+00  0.000E+00  0.000E+00  0.000E+00  0.000E+00  0.000E+00  0.000E+00  0.000E+00
  0.000E+00  0.000E+00  0.000E+00  0.000E+00  2.023E-03  0.000E+00  0.000E+00  0.000E+00  0.000E+00  0.000E+00
  0.000E+00  4.234E-04  1.865E-03  2.155E-03  0.000E+00  0.000E+00  2.533E-03  1.499E-04  0.000E+00  0.000E+00
  0.000E+00  8.193E-04  5.355E-04  0.000E+00  0.000E+00  0.000E+00  0.000E+00  4.405E-03  0.000E+00  0.000E+00
  0.000E+00  2.192E-03  0.000E+00  2.041E-03  0.000E+00  0.000E+00  0.000E+00  0.000E+00  2.173E-03  2.400E-04
  0.000E+00  0.000E+00  4.281E-03  1.303E-03  0.000E+00  0.000E+00  0.000E+00  0.000E+00  0.000E+00  0.000E+00
  0.000E+00  0.000E+00  0.000E+00  0.000E+00  0.000E+00  0.000E+00  0.000E+00  0.000E+00  0.000E+00  0.000E+00
  0.000E+00  0.000E+00  0.000E+00  0.000E+00  0.000E+00  0.000E+00  0.000E+00  0.000E+00  0.000E+00  0.000E+00
  0.000E+00  0.000E+00  0.000E+00  0.000E+00  0.000E+00  0.000E+00  0.000E+00  2.027E-03  2.073E-03  0.000E+00
  0.000E+00  0.000E+00  0.000E+00  0.000E+00  0.000E+00  0.000E+00  0.000E+00  0.000E+00  0.000E+00  0.000E+00
  0.000E+00  0.000E+00  0.000E+00  0.000E+00  0.000E+00  0.000E+00  0.000E+00  0.000E+00  0.000E+00  0.000E+00
  0.000E+00  0.000E+00  0.000E+00  0.000E+00  0.000E+00  0.000E+00  0.000E+00  0.000E+00  0.000E+00  0.000E+00
  0.000E+00  0.000E+00  0.000E+00  0.000E+00  0.000E+00  0.000E+00  0.000E+00  0.000E+00  0.000E+00  0.000E+00
  0.000E+00  0.000E+00  0.000E+00  0.000E+00  2.023E-03  0.000E+00  0.000E+00  0.000E+00  0.000E+00  0.000E+00
  0.000E+00  0.000E+00  2.288E-03  2.155E-03  0.000E+00  0.000E+00  2.683E-03  0.000E+00  0.000E+00  0.000E+00
  0.000E+00  0.000E+00  3.112E-03  0.000E+00  0.000E+00  0.000E+00  1.496E-03  2.910E-03  0.000E+00  0.000E+00
  0.000E+00  2.192E-03  0.000E+00  0.000E+00  0.000E+00  0.000E+00  0.000E+00  8.538E-04  3.389E-03  1.986E-03
  2.026E-04  1.734E-03  3.850E-03  0.000E+00  0.000E+00  0.000E+00  0.000E+00  0.000E+00  0.000E+00  0.000E+00
  0.000E+00  0.000E+00  0.000E+00  0.000E+00  0.000E+00  0.000E+00  0.000E+00  0.000E+00  0.000E+00  0.000E+00
  0.000E+00  0.000E+00  0.000E+00  0.000E+00  0.000E+00  0.000E+00  0.000E+00  0.000E+00  0.000E+00  0.000E+00
  0.000E+00  0.000E+00  0.000E+00  0.000E+00  0.000E+00  1.541E-03  2.293E-03  2.661E-04  0.000E+00  0.000E+00
  0.000E+00  0.000E+00  0.000E+00  0.000E+00  0.000E+00  0.000E+00  0.000E+00  0.000E+00  0.000E+00  0.000E+00
  0.000E+00  0.000E+00  0.000E+00  0.000E+00  0.000E+00  0.000E+00  0.000E+00  0.000E+00  0.000E+00  0.000E+00
  0.000E+00  0.000E+00  0.000E+00  0.000E+00  0.000E+00  0.000E+00  0.000E+00  0.000E+00  0.000E+00  0.000E+00
  0.000E+00  0.000E+00  0.000E+00  0.000E+00  0.000E+00  0.000E+00  0.000E+00  0.000E+00  0.000E+00  0.000E+00
  0.000E+00  0.000E+00  0.000E+00  0.000E+00  2.023E-03  0.000E+00  0.000E+00  0.000E+00  0.000E+00  0.000E+00
  0.000E+00  0.000E+00  5.380E-04  3.906E-03  0.000E+00  0.000E+00  8.056E-04  0.000E+00  0.000E+00  0.000E+00
  0.000E+00  0.000E+00  7.200E-04  2.392E-03  0.000E+00  0.000E+00  4.405E-03  0.000E+00  0.000E+00  0.000E+00
  0.000E+00  1.431E-03  0.000E+00  0.000E+00  0.000E+00  0.000E+00  0.000E+00  2.413E-03  0.000E+00  2.235E-03
  5.311E-03  1.932E-03  1.887E-03  0.000E+00  0.000E+00  0.000E+00  0.000E+00  0.000E+00  0.000E+00  0.000E+00
  0.000E+00  0.000E+00  0.000E+00  0.000E+00  0.000E+00  0.000E+00  0.000E+00  0.000E+00  0.000E+00  0.000E+00
  0.000E+00  0.000E+00  0.000E+00  0.000E+00  0.000E+00  0.000E+00  0.000E+00  0.000E+00  0.000E+00  0.000E+00
  0.000E+00  0.000E+00  0.000E+00  1.056E-03  2.293E-03  7.515E-04  0.000E+00  0.000E+00  0.000E+00  0.000E+00
  0.000E+00  0.000E+00  0.000E+00  0.000E+00  0.000E+00  0.000E+00  0.000E+00  0.000E+00  0.000E+00  0.000E+00
  0.000E+00  0.000E+00  0.000E+00  0.000E+00  0.000E+00  0.000E+00  0.000E+00  0.000E+00  0.000E+00  0.000E+00
  0.000E+00  0.000E+00  0.000E+00  0.000E+00  0.000E+00  0.000E+00  0.000E+00  0.000E+00  0.000E+00  0.000E+00
  0.000E+00  0.000E+00  0.000E+00  0.000E+00  0.000E+00  0.000E+00  0.000E+00  0.000E+00  0.000E+00  0.000E+00
  0.000E+00  0.000E+00  0.000E+00  0.000E+00  2.023E-03  0.000E+00  0.000E+00  0.000E+00  0.000E+00  0.000E+00
  0.000E+00  0.000E+00  0.000E+00  4.444E-03  0.000E+00  0.000E+00  0.000E+00  0.000E+00  0.000E+00  0.000E+00
  0.000E+00  0.000E+00  0.000E+00  1.975E-03  1.136E-03  7.963E-04  3.609E-03  0.000E+00  0.000E+00  2.283E-04
  0.000E+00  0.000E+00  0.000E+00  0.000E+00  0.000E+00  0.000E+00  1.947E-03  4.658E-04  2.382E-03  7.113E-03
  6.423E-03  4.469E-03  0.000E+00  0.000E+00  0.000E+00  0.000E+00  0.000E+00  0.000E+00  0.000E+00  0.000E+00
  0.000E+00  0.000E+00  0.000E+00  0.000E+00  0.000E+00  0.000E+00  0.000E+00  0.000E+00  0.000E+00  0.000E+00
  0.000E+00  0.000E+00  0.000E+00  0.000E+00  0.000E+00  0.000E+00  0.000E+00  0.000E+00  0.000E+00  0.000E+00
  0.000E+00  5.705E-04  2.293E-03  1.237E-03  0.000E+00  0.000E+00  0.000E+00  0.000E+00  0.000E+00  0.000E+00
  0.000E+00  0.000E+00  0.000E+00  0.000E+00  0.000E+00  0.000E+00  0.000E+00  0.000E+00  0.000E+00  0.000E+00
  0.000E+00  0.000E+00  0.000E+00  0.000E+00  0.000E+00  0.000E+00  0.000E+00  0.000E+00  0.000E+00  0.000E+00
  0.000E+00  0.000E+00  0.000E+00  0.000E+00  0.000E+00  0.000E+00  0.000E+00  0.000E+00  0.000E+00  0.000E+00
  0.000E+00  0.000E+00  0.000E+00  0.000E+00  0.000E+00  0.000E+00  0.000E+00  0.000E+00  0.000E+00  0.000E+00
  0.000E+00  0.000E+00  0.000E+00  0.000E+00  1.798E-03  2.245E-04  0.000E+00  0.000E+00  0.000E+00  0.000E+00
  0.000E+00  0.000E+00  0.000E+00  1.964E-03  2.480E-03  0.000E+00  0.000E+00  0.000E+00  0.000E+00  0.000E+00
  0.000E+00  0.000E+00  0.000E+00  0.000E+00  2.337E-03  3.516E-03  8.894E-04  5.080E-04  2.056E-09  1.842E-03
  9.164E-04  0.000E+00  0.000E+00  0.000E+00  1.729E-04  2.281E-03  5.806E-03  4.326E-03  3.803E-03  3.136E-03
  0.000E+00  1.847E-04  2.396E-04  0.000E+00  0.000E+00  0.000E+00  0.000E+00  0.000E+00  0.000E+00  0.000E+00
  0.000E+00  0.000E+00  0.000E+00  0.000E+00  0.000E+00  0.000E+00  0.000E+00  0.000E+00  1.637E-03  0.000E+00
  0.000E+00  0.000E+00  0.000E+00  0.000E+00  0.000E+00  0.000E+00  0.000E+00  0.000E+00  0.000E+00  8.509E-05
  2.293E-03  1.722E-03  0.000E+00  0.000E+00  0.000E+00  0.000E+00  0.000E+00  0.000E+00  0.000E+00  0.000E+00
  0.000E+00  0.000E+00  0.000E+00  0.000E+00  0.000E+00  0.000E+00  0.000E+00  2.798E-04  5.881E-04  0.000E+00
  0.000E+00  0.000E+00  0.000E+00  0.000E+00  0.000E+00  0.000E+00  0.000E+00  0.000E+00  0.000E+00  0.000E+00
  0.000E+00  0.000E+00  0.000E+00  0.000E+00  0.000E+00  0.000E+00  0.000E+00  0.000E+00  0.000E+00  0.000E+00
  0.000E+00  0.000E+00  0.000E+00  0.000E+00  0.000E+00  0.000E+00  0.000E+00  0.000E+00  0.000E+00  0.000E+00
  0.000E+00  0.000E+00  0.000E+00  0.000E+00  0.000E+00  2.023E-03  0.000E+00  0.000E+00  0.000E+00  0.000E+00
  0.000E+00  0.000E+00  0.000E+00  0.000E+00  4.444E-03  0.000E+00  0.000E+00  0.000E+00  0.000E+00  0.000E+00
  0.000E+00  0.000E+00  0.000E+00  0.000E+00  7.001E-04  3.705E-03  0.000E+00  4.505E-03  0.000E+00  0.000E+00
  2.758E-03  8.698E-04  2.166E-03  4.667E-03  4.153E-03  2.160E-03  3.055E-04  4.853E-04  4.157E-03  3.518E-04
  0.000E+00  0.000E+00  0.000E+00  0.000E+00  0.000E+00  0.000E+00  0.000E+00  0.000E+00  0.000E+00  0.000E+00
  0.000E+00  0.000E+00  0.000E+00  0.000E+00  0.000E+00  0.000E+00  0.000E+00  0.000E+00  1.380E-03  1.456E-03
  0.000E+00  0.000E+00  0.000E+00  0.000E+00  0.000E+00  0.000E+00  0.000E+00  0.000E+00  1.892E-03  2.208E-03
  0.000E+00  0.000E+00  0.000E+00  0.000E+00  0.000E+00  0.000E+00  0.000E+00  0.000E+00  0.000E+00  0.000E+00
  0.000E+00  0.000E+00  0.000E+00  0.000E+00  0.000E+00  0.000E+00  1.747E-03  2.365E-03  0.000E+00  0.000E+00
  0.000E+00  0.000E+00  0.000E+00  0.000E+00  0.000E+00  0.000E+00  0.000E+00  0.000E+00  0.000E+00  0.000E+00
  0.000E+00  0.000E+00  0.000E+00  0.000E+00  0.000E+00  0.000E+00  0.000E+00  0.000E+00  0.000E+00  0.000E+00
  0.000E+00  0.000E+00  0.000E+00  0.000E+00  0.000E+00  0.000E+00  0.000E+00  0.000E+00  0.000E+00  0.000E+00
  0.000E+00  0.000E+00  0.000E+00  0.000E+00  0.000E+00  2.023E-03  0.000E+00  0.000E+00  0.000E+00  0.000E+00
  0.000E+00  0.000E+00  0.000E+00  0.000E+00  5.146E-03  1.521E-03  0.000E+00  0.000E+00  0.000E+00  2.604E-04
  0.000E+00  0.000E+00  0.000E+00  0.000E+00  2.229E-03  2.176E-03  2.542E-03  5.394E-04  6.959E-04  2.184E-03
  4.745E-03  3.416E-03  2.160E-03  3.389E-03  0.000E+00  0.000E+00  0.000E+00  3.947E-03  1.047E-03  0.000E+00
  0.000E+00  0.000E+00  0.000E+00  0.000E+00  0.000E+00  0.000E+00  0.000E+00  0.000E+00  0.000E+00  0.000E+00
  0.000E+00  0.000E+00  0.000E+00  0.000E+00  0.000E+00  0.000E+00  0.000E+00  0.000E+00  0.000E+00  2.513E-03
  3.229E-04  0.000E+00  0.000E+00  0.000E+00  0.000E+00  0.000E+00  1.407E-03  2.293E-03  4.003E-04  0.000E+00
  0.000E+00  0.000E+00  0.000E+00  0.000E+00  0.000E+00  0.000E+00  0.000E+00  0.000E+00  0.000E+00  0.000E+00
  0.000E+00  0.000E+00  0.000E+00  0.000E+00  5.690E-04  2.645E-03  8.982E-04  0.000E+00  0.000E+00  0.000E+00
  0.000E+00  0.000E+00  0.000E+00  0.000E+00  0.000E+00  0.000E+00  0.000E+00  0.000E+00  0.000E+00  0.000E+00
  0.000E+00  0.000E+00  0.000E+00  0.000E+00  0.000E+00  0.000E+00  0.000E+00  0.000E+00  0.000E+00  0.000E+00
  0.000E+00  0.000E+00  0.000E+00  0.000E+00  0.000E+00  0.000E+00  0.000E+00  0.000E+00  0.000E+00  0.000E+00
  0.000E+00  0.000E+00  0.000E+00  0.000E+00  0.000E+00  2.023E-03  0.000E+00  0.000E+00  0.000E+00  0.000E+00
  0.000E+00  0.000E+00  0.000E+00  0.000E+00  3.908E-03  3.235E-03  0.000E+00  0.000E+00  0.000E+00  2.366E-03
  0.000E+00  0.000E+00  0.000E+00  6.038E-04  3.596E-03  2.054E-04  2.416E-03  0.000E+00  8.801E-04  3.046E-03
  2.160E-03  2.993E-03  0.000E+00  2.151E-03  0.000E+00  0.000E+00  2.363E-03  2.630E-03  0.000E+00  0.000E+00
  0.000E+00  0.000E+00  0.000E+00  3.964E-04  9.917E-04  0.000E+00  0.000E+00  0.000E+00  0.000E+00  0.000E+00
  0.000E+00  0.000E+00  0.000E+00  0.000E+00  0.000E+00  0.000E+00  0.000E+00  0.000E+00  0.000E+00  0.000E+00
  2.836E-03  0.000E+00  0.000E+00  0.000E+00  9.216E-04  2.293E-03  8.856E-04  0.000E+00  0.000E+00  0.000E+00
  0.000E+00  3.920E-03  3.027E-03  0.000E+00  0.000E+00  0.000E+00  0.000E+00  0.000E+00  0.000E+00  0.000E+00
  0.000E+00  0.000E+00  0.000E+00  2.036E-03  2.076E-03  0.000E+00  0.000E+00  0.000E+00  0.000E+00  0.000E+00
  0.000E+00  0.000E+00  0.000E+00  0.000E+00  0.000E+00  0.000E+00  0.000E+00  0.000E+00  0.000E+00  0.000E+00
  0.000E+00  0.000E+00  0.000E+00  0.000E+00  0.000E+00  0.000E+00  0.000E+00  0.000E+00  0.000E+00  0.000E+00
  0.000E+00  0.000E+00  0.000E+00  0.000E+00  0.000E+00  0.000E+00  0.000E+00  0.000E+00  0.000E+00  0.000E+00
  0.000E+00  0.000E+00  0.000E+00  0.000E+00  0.000E+00  2.023E-03  0.000E+00  0.000E+00  0.000E+00  0.000E+00
  0.000E+00  0.000E+00  0.000E+00  0.000E+00  2.155E-03  3.581E-03  1.406E-03  0.000E+00  7.366E-04  1.371E-03
  0.000E+00  0.000E+00  0.000E+00  2.229E-03  2.176E-03  0.000E+00  1.371E-03  4.067E-03  1.280E-03  2.261E-03
  0.000E+00  1.864E-03  1.327E-03  9.401E-04  0.000E+00  2.949E-04  4.699E-03  0.000E+00  0.000E+00  0.000E+00
  0.000E+00  0.000E+00  0.000E+00  2.066E-03  3.225E-04  0.000E+00  0.000E+00  0.000E+00  0.000E+00  0.000E+00
  0.000E+00  0.000E+00  0.000E+00  0.000E+00  0.000E+00  0.000E+00  0.000E+00  0.000E+00  0.000E+00  0.000E+00
  8.102E-04  2.025E-03  4.363E-04  2.293E-03  1.371E-03  0.000E+00  0.000E+00  0.000E+00  0.000E+00  1.069E-03
  5.449E-03  1.545E-03  0.000E+00  0.000E+00  0.000E+00  0.000E+00  0.000E+00  0.000E+00  0.000E+00  0.000E+00
  0.000E+00  8.581E-04  2.645E-03  6.090E-04  0.000E+00  0.000E+00  0.000E+00  0.000E+00  0.000E+00  0.000E+00
  0.000E+00  0.000E+00  0.000E+00  0.000E+00  0.000E+00  0.000E+00  0.000E+00  0.000E+00  0.000E+00  0.000E+00
  0.000E+00  0.000E+00  0.000E+00  0.000E+00  0.000E+00  0.000E+00  0.000E+00  0.000E+00  0.000E+00  0.000E+00
  0.000E+00  0.000E+00  0.000E+00  0.000E+00  0.000E+00  0.000E+00  0.000E+00  0.000E+00  0.000E+00  0.000E+00
  0.000E+00  0.000E+00  0.000E+00  0.000E+00  0.000E+00  2.023E-03  0.000E+00  0.000E+00  0.000E+00  0.000E+00
  0.000E+00  0.000E+00  0.000E+00  0.000E+00  7.810E-04  2.317E-03  4.045E-03  0.000E+00  2.108E-03  0.000E+00
  0.000E+00  0.000E+00  5.076E-04  2.559E-03  1.698E-03  1.291E-03  2.441E-03  4.884E-04  1.899E-03  2.261E-03
  0.000E+00  0.000E+00  2.267E-03  0.000E+00  0.000E+00  4.994E-03  8.922E-04  0.000E+00  0.000E+00  0.000E+00
  0.000E+00  0.000E+00  0.000E+00  2.377E-03  0.000E+00  0.000E+00  0.000E+00  0.000E+00  0.000E+00  0.000E+00
  0.000E+00  0.000E+00  0.000E+00  0.000E+00  0.000E+00  0.000E+00  0.000E+00  0.000E+00  0.000E+00  0.000E+00
  0.000E+00  4.187E-03  2.749E-03  0.000E+00  0.000E+00  0.000E+00  0.000E+00  0.000E+00  2.744E-03  4.396E-03
  1.606E-05  0.000E+00  0.000E+00  0.000E+00  0.000E+00  0.000E+00  0.000E+00  0.000E+00  0.000E+00  0.000E+00
  0.000E+00  9.526E-04  0.000E+00  0.000E+00  0.000E+00  0.000E+00  0.000E+00  1.195E-03  0.000E+00  0.000E+00
  0.000E+00  0.000E+00  0.000E+00  0.000E+00  0.000E+00  0.000E+00  0.000E+00  0.000E+00  0.000E+00  0.000E+00
  0.000E+00  0.000E+00  0.000E+00  0.000E+00  0.000E+00  0.000E+00  0.000E+00  0.000E+00  0.000E+00  0.000E+00
  0.000E+00  0.000E+00  0.000E+00  0.000E+00  0.000E+00  0.000E+00  0.000E+00  0.000E+00  0.000E+00  0.000E+00
  0.000E+00  0.000E+00  0.000E+00  0.000E+00  0.000E+00  2.023E-03  0.000E+00  0.000E+00  0.000E+00  0.000E+00
  0.000E+00  0.000E+00  0.000E+00  0.000E+00  0.000E+00  2.066E-03  7.031E-03  4.627E-03  3.617E-03  0.000E+00
  0.000E+00  0.000E+00  2.229E-03  3.498E-03  2.591E-04  0.000E+00  4.706E-03  4.845E-03  1.907E-03  1.176E-03
  0.000E+00  0.000E+00  2.267E-03  0.000E+00  4.916E-03  4.064E-03  5.113E-04  0.000E+00  0.000E+00  0.000E+00
  0.000E+00  0.000E+00  2.250E-03  9.906E-04  9.032E-04  0.000E+00  0.000E+00  0.000E+00  0.000E+00  0.000E+00
  0.000E+00  0.000E+00  0.000E+00  0.000E+00  0.000E+00  0.000E+00  0.000E+00  0.000E+00  0.000E+00  1.758E-03
  3.622E-03  1.010E-03  2.312E-04  0.000E+00  0.000E+00  0.000E+00  0.000E+00  0.000E+00  0.000E+00  0.000E+00
  0.000E+00  0.000E+00  0.000E+00  0.000E+00  0.000E+00  0.000E+00  0.000E+00  0.000E+00  0.000E+00  0.000E+00
  0.000E+00  0.000E+00  0.000E+00  0.000E+00  0.000E+00  0.000E+00  7.105E-04  1.772E-03  0.000E+00  0.000E+00
  0.000E+00  0.000E+00  0.000E+00  0.000E+00  0.000E+00  0.000E+00  0.000E+00  0.000E+00  0.000E+00  0.000E+00
  0.000E+00  0.000E+00  0.000E+00  0.000E+00  0.000E+00  0.000E+00  0.000E+00  0.000E+00  0.000E+00  0.000E+00
  0.000E+00  0.000E+00  0.000E+00  0.000E+00  0.000E+00  0.000E+00  0.000E+00  0.000E+00  0.000E+00  0.000E+00
  0.000E+00  0.000E+00  0.000E+00  0.000E+00  0.000E+00  2.023E-03  0.000E+00  0.000E+00  0.000E+00  0.000E+00
  0.000E+00  0.000E+00  0.000E+00  1.307E-03  1.279E-03  0.000E+00  1.325E-04  3.596E-03  2.462E-03  0.000E+00
  0.000E+00  4.114E-04  1.817E-03  2.048E-03  4.102E-04  0.000E+00  3.696E-03  2.167E-03  5.317E-03  0.000E+00
  0.000E+00  0.000E+00  3.553E-03  4.668E-03  3.744E-03  0.000E+00  0.000E+00  0.000E+00  0.000E+00  6.156E-05
  1.799E-03  1.264E-03  3.280E-03  1.814E-03  0.000E+00  1.172E-03  6.969E-03  0.000E+00  0.000E+00  0.000E+00
  0.000E+00  0.000E+00  0.000E+00  0.000E+00  0.000E+00  0.000E+00  0.000E+00  1.273E-03  2.293E-03  5.344E-04
  4.064E-03  2.604E-03  5.200E-04  7.539E-04  0.000E+00  0.000E+00  0.000E+00  0.000E+00  0.000E+00  0.000E+00
  0.000E+00  0.000E+00  0.000E+00  0.000E+00  0.000E+00  0.000E+00  0.000E+00  0.000E+00  0.000E+00  0.000E+00
  0.000E+00  0.000E+00  0.000E+00  0.000E+00  0.000E+00  0.000E+00  2.483E-03  0.000E+00  0.000E+00  0.000E+00
  0.000E+00  0.000E+00  0.000E+00  0.000E+00  0.000E+00  0.000E+00  0.000E+00  0.000E+00  0.000E+00  0.000E+00
  0.000E+00  0.000E+00  0.000E+00  0.000E+00  0.000E+00  0.000E+00  0.000E+00  0.000E+00  0.000E+00  0.000E+00
  0.000E+00  0.000E+00  0.000E+00  0.000E+00  0.000E+00  0.000E+00  0.000E+00  0.000E+00  0.000E+00  0.000E+00
  0.000E+00  0.000E+00  1.167E-03  2.645E-03  1.645E-03  4.682E-03  2.660E-03  2.786E-03  0.000E+00  0.000E+00
  0.000E+00  0.000E+00  2.681E-03  3.289E-03  0.000E+00  1.178E-03  1.238E-03  1.904E-03  5.258E-04  2.209E-03
  0.000E+00  2.229E-03  0.000E+00  2.048E-03  2.745E-03  8.335E-04  3.747E-03  2.490E-03  2.436E-03  0.000E+00
  1.039E-03  2.291E-03  4.099E-03  3.701E-03  0.000E+00  9.538E-04  3.724E-04  0.000E+00  6.497E-06  2.811E-03
  2.500E-03  6.045E-03  1.319E-03  0.000E+00  0.000E+00  0.000E+00  0.000E+00  0.000E+00  0.000E+00  0.000E+00
  0.000E+00  0.000E+00  0.000E+00  0.000E+00  0.000E+00  7.875E-04  2.293E-03  1.020E-03  0.000E+00  0.000E+00
  5.717E-03  0.000E+00  4.423E-03  1.469E-03  0.000E+00  0.000E+00  0.000E+00  0.000E+00  0.000E+00  0.000E+00
  0.000E+00  0.000E+00  0.000E+00  0.000E+00  2.540E-03  0.000E+00  0.000E+00  0.000E+00  0.000E+00  0.000E+00
  0.000E+00  0.000E+00  0.000E+00  0.000E+00  0.000E+00  0.000E+00  2.483E-03  0.000E+00  0.000E+00  0.000E+00
  3.877E-04  2.422E-04  0.000E+00  0.000E+00  0.000E+00  0.000E+00  0.000E+00  0.000E+00  0.000E+00  0.000E+00
  0.000E+00  0.000E+00  0.000E+00  0.000E+00  0.000E+00  0.000E+00  0.000E+00  0.000E+00  0.000E+00  0.000E+00
  0.000E+00  0.000E+00  0.000E+00  0.000E+00  0.000E+00  0.000E+00  0.000E+00  0.000E+00  0.000E+00  7.053E-04
  2.645E-03  2.645E-03  1.479E-03  0.000E+00  0.000E+00  2.023E-03  0.000E+00  1.312E-03  8.849E-04  0.000E+00
  0.000E+00  0.000E+00  2.674E-03  3.568E-03  1.442E-03  0.000E+00  2.226E-03  9.749E-03  0.000E+00  2.531E-03
  3.152E-04  1.914E-03  5.055E-03  2.058E-03  4.769E-03  5.642E-03  3.200E-03  7.003E-03  4.058E-03  2.023E-03
  1.204E-03  5.499E-04  5.635E-03  1.195E-03  4.214E-03  3.293E-03  2.043E-03  4.800E-04  2.818E-03  2.305E-04
  8.033E-03  2.741E-03  0.000E+00  0.000E+00  0.000E+00  0.000E+00  0.000E+00  8.862E-05  1.438E-03  0.000E+00
  0.000E+00  0.000E+00  0.000E+00  3.021E-04  2.293E-03  1.505E-03  0.000E+00  0.000E+00  9.032E-04  3.263E-03
  2.602E-03  2.779E-03  3.079E-03  3.386E-05  0.000E+00  0.000E+00  0.000E+00  0.000E+00  0.000E+00  0.000E+00
  0.000E+00  0.000E+00  0.000E+00  0.000E+00  5.744E-03  0.000E+00  0.000E+00  0.000E+00  0.000E+00  0.000E+00
  0.000E+00  0.000E+00  0.000E+00  0.000E+00  0.000E+00  3.741E-03  2.302E-04  0.000E+00  0.000E+00  0.000E+00
  0.000E+00  2.308E-03  2.550E-03  1.319E-03  0.000E+00  0.000E+00  0.000E+00  0.000E+00  0.000E+00  0.000E+00
  0.000E+00  0.000E+00  0.000E+00  0.000E+00  0.000E+00  0.000E+00  0.000E+00  0.000E+00  0.000E+00  0.000E+00
  0.000E+00  0.000E+00  0.000E+00  0.000E+00  0.000E+00  0.000E+00  0.000E+00  0.000E+00  0.000E+00  1.211E-03
  0.000E+00  0.000E+00  0.000E+00  0.000E+00  0.000E+00  2.023E-03  0.000E+00  0.000E+00  2.197E-03  0.000E+00
  0.000E+00  2.366E-03  3.085E-04  4.335E-04  5.350E-03  3.445E-04  2.319E-03  2.624E-03  2.567E-03  2.753E-03
  2.779E-03  2.477E-03  4.879E-03  2.667E-03  4.520E-03  6.933E-03  7.785E-03  2.946E-03  2.035E-03  0.000E+00
  1.250E-04  6.116E-03  1.217E-02  3.833E-03  1.244E-03  0.000E+00  0.000E+00  5.292E-03  2.327E-03  5.601E-03
  2.464E-03  2.197E-03  0.000E+00  0.000E+00  0.000E+00  0.000E+00  0.000E+00  0.000E+00  2.342E-03  6.577E-04
  0.000E+00  0.000E+00  2.109E-03  1.991E-03  0.000E+00  0.000E+00  5.854E-04  2.314E-03  1.411E-03  3.084E-03
  2.851E-03  7.173E-05  0.000E+00  2.342E-03  0.000E+00  0.000E+00  0.000E+00  0.000E+00  0.000E+00  0.000E+00
  0.000E+00  0.000E+00  0.000E+00  0.000E+00  0.000E+00  0.000E+00  0.000E+00  0.000E+00  0.000E+00  0.000E+00
  0.000E+00  0.000E+00  0.000E+00  0.000E+00  0.000E+00  4.930E-03  0.000E+00  0.000E+00  0.000E+00  0.000E+00
  0.000E+00  0.000E+00  0.000E+00  1.232E-03  2.550E-03  2.395E-03  0.000E+00  0.000E+00  0.000E+00  0.000E+00
  0.000E+00  0.000E+00  0.000E+00  0.000E+00  0.000E+00  0.000E+00  0.000E+00  0.000E+00  0.000E+00  0.000E+00
  0.000E+00  0.000E+00  0.000E+00  9.538E-04  7.605E-04  0.000E+00  0.000E+00  0.000E+00  0.000E+00  0.000E+00
  0.000E+00  0.000E+00  0.000E+00  0.000E+00  0.000E+00  3.564E-03  2.127E-03  0.000E+00  1.760E-03  4.367E-04
  0.000E+00  8.307E-04  0.000E+00  0.000E+00  2.741E-03  3.354E-03  1.132E-03  2.070E-03  0.000E+00  5.678E-03
  6.969E-03  6.598E-04  4.100E-03  1.831E-03  1.397E-03  8.783E-03  2.047E-03  3.402E-03  5.872E-03  0.000E+00
  1.461E-03  4.106E-03  5.176E-03  0.000E+00  1.149E-03  1.281E-03  6.529E-03  4.994E-03  6.386E-03  2.646E-03
  3.282E-04  2.197E-03  0.000E+00  0.000E+00  0.000E+00  0.000E+00  1.323E-03  1.880E-03  0.000E+00  3.000E-03
  1.624E-03  2.293E-03  1.832E-04  0.000E+00  2.654E-03  4.315E-03  1.729E-03  0.000E+00  2.142E-03  3.864E-03
  0.000E+00  0.000E+00  0.000E+00  2.342E-03  0.000E+00  0.000E+00  0.000E+00  0.000E+00  0.000E+00  0.000E+00
  8.288E-03  0.000E+00  0.000E+00  0.000E+00  0.000E+00  0.000E+00  0.000E+00  0.000E+00  0.000E+00  0.000E+00
  0.000E+00  0.000E+00  0.000E+00  0.000E+00  3.891E-03  1.039E-03  0.000E+00  0.000E+00  0.000E+00  0.000E+00
  0.000E+00  0.000E+00  0.000E+00  0.000E+00  0.000E+00  1.550E-04  1.974E-03  0.000E+00  0.000E+00  0.000E+00
  0.000E+00  0.000E+00  0.000E+00  0.000E+00  0.000E+00  0.000E+00  0.000E+00  0.000E+00  0.000E+00  0.000E+00
  0.000E+00  0.000E+00  0.000E+00  0.000E+00  2.088E-03  9.889E-04  0.000E+00  0.000E+00  0.000E+00  0.000E+00
  0.000E+00  0.000E+00  0.000E+00  0.000E+00  1.826E-03  2.141E-03  3.085E-03  0.000E+00  0.000E+00  2.197E-03
  0.000E+00  0.000E+00  0.000E+00  0.000E+00  2.215E-03  4.486E-03  0.000E+00  9.871E-04  1.083E-03  4.279E-03
  7.493E-03  4.995E-03  5.278E-03  2.846E-03  9.494E-03  6.324E-03  3.152E-03  2.536E-03  4.138E-03  0.000E+00
  4.373E-03  4.258E-03  3.841E-03  2.570E-03  1.930E-03  9.501E-03  3.359E-03  7.016E-03  2.395E-03  2.395E-03
  2.796E-03  2.197E-03  0.000E+00  0.000E+00  0.000E+00  1.421E-03  1.948E-03  0.000E+00  1.139E-03  2.416E-03
  4.059E-03  0.000E+00  0.000E+00  5.055E-03  3.181E-03  7.496E-04  2.750E-03  2.546E-03  3.982E-03  0.000E+00
  0.000E+00  0.000E+00  0.000E+00  4.523E-04  1.890E-03  0.000E+00  0.000E+00  0.000E+00  0.000E+00  0.000E+00
  1.522E-03  1.153E-02  8.077E-03  2.620E-03  1.951E-03  0.000E+00  0.000E+00  0.000E+00  0.000E+00  0.000E+00
  0.000E+00  0.000E+00  0.000E+00  5.667E-04  2.564E-03  0.000E+00  0.000E+00  0.000E+00  0.000E+00  0.000E+00
  0.000E+00  0.000E+00  0.000E+00  0.000E+00  0.000E+00  0.000E+00  0.000E+00  0.000E+00  0.000E+00  0.000E+00
  0.000E+00  0.000E+00  0.000E+00  0.000E+00  0.000E+00  0.000E+00  0.000E+00  0.000E+00  0.000E+00  0.000E+00
  0.000E+00  0.000E+00  4.163E-05  0.000E+00  0.000E+00  1.859E-03  1.217E-03  0.000E+00  0.000E+00  0.000E+00
  0.000E+00  0.000E+00  0.000E+00  0.000E+00  0.000E+00  0.000E+00  4.036E-03  0.000E+00  0.000E+00  2.197E-03
  0.000E+00  0.000E+00  0.000E+00  0.000E+00  3.799E-03  2.921E-03  1.329E-03  0.000E+00  4.129E-03  4.065E-03
  6.584E-03  3.575E-03  7.764E-03  5.386E-03  5.206E-03  2.434E-03  3.442E-03  2.123E-03  4.940E-03  2.085E-03
  5.571E-03  5.148E-03  3.867E-03  2.678E-03  8.208E-03  5.034E-03  3.819E-03  2.908E-03  6.397E-03  0.000E+00
  1.960E-03  3.092E-03  0.000E+00  0.000E+00  1.518E-03  3.865E-03  6.533E-04  2.293E-03  1.154E-03  0.000E+00
  5.675E-03  4.043E-03  4.957E-03  1.331E-03  0.000E+00  0.000E+00  0.000E+00  3.554E-03  4.515E-03  0.000E+00
  0.000E+00  0.000E+00  0.000E+00  0.000E+00  2.342E-03  0.000E+00  0.000E+00  1.962E-03  2.706E-03  2.159E-03
  6.365E-04  7.084E-04  2.493E-03  2.104E-03  2.217E-03  2.217E-03  8.787E-04  0.000E+00  0.000E+00  0.000E+00
  0.000E+00  0.000E+00  0.000E+00  2.447E-03  0.000E+00  0.000E+00  0.000E+00  0.000E+00  0.000E+00  0.000E+00
  0.000E+00  0.000E+00  0.000E+00  0.000E+00  0.000E+00  0.000E+00  0.000E+00  0.000E+00  0.000E+00  0.000E+00
  0.000E+00  0.000E+00  0.000E+00  0.000E+00  0.000E+00  0.000E+00  0.000E+00  0.000E+00  0.000E+00  0.000E+00
  0.000E+00  0.000E+00  8.709E-04  1.838E-03  0.000E+00  0.000E+00  1.631E-03  1.446E-03  0.000E+00  0.000E+00
  0.000E+00  0.000E+00  0.000E+00  0.000E+00  0.000E+00  0.000E+00  4.650E-03  1.727E-05  3.277E-03  1.148E-05
  3.004E-03  0.000E+00  0.000E+00  0.000E+00  4.461E-03  4.226E-03  2.213E-03  9.468E-04  4.678E-03  4.027E-03
  0.000E+00  1.130E-02  2.782E-03  6.406E-03  4.364E-03  3.638E-03  4.255E-03  4.893E-03  4.764E-03  7.043E-03
  2.391E-03  1.018E-02  4.692E-03  6.980E-03  6.554E-03  1.531E-03  6.648E-03  1.945E-03  4.977E-03  0.000E+00
  0.000E+00  4.944E-03  0.000E+00  2.651E-03  5.474E-03  5.305E-03  1.639E-03  0.000E+00  0.000E+00  2.493E-04
  5.842E-03  2.893E-03  1.456E-03  1.769E-03  0.000E+00  0.000E+00  5.935E-04  5.724E-03  4.043E-03  6.179E-03
  8.649E-04  0.000E+00  0.000E+00  0.000E+00  9.384E-04  2.792E-03  2.159E-03  1.783E-03  2.456E-03  2.674E-03
  2.356E-03  0.000E+00  0.000E+00  0.000E+00  0.000E+00  0.000E+00  1.338E-03  2.217E-03  3.422E-04  0.000E+00
  0.000E+00  0.000E+00  3.287E-03  1.008E-03  0.000E+00  0.000E+00  0.000E+00  0.000E+00  0.000E+00  1.664E-03
  0.000E+00  0.000E+00  0.000E+00  0.000E+00  0.000E+00  0.000E+00  0.000E+00  0.000E+00  0.000E+00  0.000E+00
  0.000E+00  0.000E+00  0.000E+00  0.000E+00  0.000E+00  0.000E+00  0.000E+00  0.000E+00  0.000E+00  0.000E+00
  0.000E+00  0.000E+00  0.000E+00  1.323E-03  1.437E-03  0.000E+00  0.000E+00  1.402E-03  1.674E-03  0.000E+00
  0.000E+00  0.000E+00  0.000E+00  0.000E+00  0.000E+00  0.000E+00  3.668E-03  2.289E-03  5.032E-03  0.000E+00
  3.961E-03  1.878E-03  0.000E+00  2.307E-03  3.868E-03  4.226E-03  2.213E-03  3.004E-03  6.676E-03  2.071E-03
  0.000E+00  7.929E-03  3.981E-03  7.585E-03  1.172E-03  2.595E-03  8.238E-03  8.304E-03  9.340E-03  5.591E-03
  3.322E-03  7.876E-03  1.278E-02  6.105E-03  3.760E-03  7.581E-03  3.053E-05  2.658E-03  4.481E-04  0.000E+00
  0.000E+00  4.310E-03  3.092E-03  3.631E-03  4.563E-03  1.350E-04  0.000E+00  0.000E+00  0.000E+00  0.000E+00
  0.000E+00  0.000E+00  0.000E+00  3.349E-03  0.000E+00  9.489E-04  2.170E-03  0.000E+00  0.000E+00  0.000E+00
  4.609E-04  0.000E+00  2.423E-04  2.159E-03  2.159E-03  3.112E-03  0.000E+00  3.144E-03  1.939E-03  0.000E+00
  0.000E+00  0.000E+00  0.000E+00  0.000E+00  0.000E+00  0.000E+00  0.000E+00  0.000E+00  0.000E+00  0.000E+00
  0.000E+00  2.555E-03  3.059E-03  0.000E+00  0.000E+00  0.000E+00  0.000E+00  0.000E+00  6.300E-04  1.862E-03
  0.000E+00  0.000E+00  0.000E+00  0.000E+00  0.000E+00  0.000E+00  0.000E+00  0.000E+00  0.000E+00  0.000E+00
  0.000E+00  0.000E+00  0.000E+00  0.000E+00  0.000E+00  0.000E+00  0.000E+00  0.000E+00  0.000E+00  0.000E+00
  0.000E+00  0.000E+00  3.099E-04  1.834E-04  1.399E-03  1.760E-03  0.000E+00  0.000E+00  1.174E-03  1.976E-03
  3.630E-03  3.630E-03  1.704E-03  0.000E+00  0.000E+00  0.000E+00  6.546E-04  1.387E-03  3.954E-04  2.306E-03
  4.002E-03  5.771E-04  2.513E-03  6.920E-03  4.103E-03  4.226E-03  3.869E-03  5.622E-03  5.758E-03  3.180E-03
  2.127E-03  3.253E-03  1.042E-02  7.804E-03  7.529E-03  2.006E-03  8.757E-03  1.373E-02  1.258E-02  4.924E-03
  3.924E-03  1.190E-02  1.301E-02  7.931E-03  7.143E-03  2.724E-03  1.726E-03  1.687E-03  2.999E-03  3.580E-04
  0.000E+00  4.676E-03  1.039E-02  3.434E-03  4.462E-03  0.000E+00  0.000E+00  0.000E+00  0.000E+00  0.000E+00
  0.000E+00  0.000E+00  0.000E+00  0.000E+00  1.304E-03  1.814E-03  0.000E+00  0.000E+00  0.000E+00  0.000E+00
  1.255E-03  2.159E-03  1.917E-03  0.000E+00  0.000E+00  1.425E-03  4.307E-03  1.025E-03  2.708E-03  0.000E+00
  0.000E+00  0.000E+00  0.000E+00  0.000E+00  0.000E+00  0.000E+00  0.000E+00  0.000E+00  0.000E+00  0.000E+00
  0.000E+00  5.478E-03  1.363E-04  0.000E+00  0.000E+00  0.000E+00  0.000E+00  0.000E+00  2.492E-03  0.000E+00
  0.000E+00  0.000E+00  0.000E+00  0.000E+00  0.000E+00  0.000E+00  0.000E+00  0.000E+00  0.000E+00  0.000E+00
  0.000E+00  0.000E+00  0.000E+00  0.000E+00  0.000E+00  0.000E+00  0.000E+00  0.000E+00  0.000E+00  0.000E+00
  0.000E+00  0.000E+00  0.000E+00  2.105E-03  2.129E-03  9.059E-04  2.253E-03  1.877E-03  0.000E+00  1.524E-03
  2.131E-03  0.000E+00  0.000E+00  0.000E+00  0.000E+00  1.788E-03  0.000E+00  2.042E-03  2.531E-03  2.352E-03
  3.732E-03  2.306E-03  6.835E-03  6.526E-03  7.932E-03  2.554E-03  8.401E-03  6.684E-03  8.784E-03  1.557E-04
  9.845E-03  6.162E-03  1.083E-02  6.967E-03  1.018E-02  8.185E-03  1.017E-02  1.324E-02  9.436E-03  5.597E-03
  1.117E-02  1.245E-02  1.129E-02  6.175E-03  4.114E-03  2.636E-03  2.926E-03  0.000E+00  3.869E-03  6.165E-03
  4.890E-03  8.143E-03  2.746E-03  3.540E-03  5.903E-03  2.739E-05  0.000E+00  0.000E+00  0.000E+00  0.000E+00
  0.000E+00  0.000E+00  0.000E+00  1.660E-03  1.459E-03  0.000E+00  0.000E+00  1.084E-04  2.159E-03  2.159E-03
  9.042E-04  0.000E+00  0.000E+00  0.000E+00  0.000E+00  0.000E+00  0.000E+00  0.000E+00  5.972E-03  1.827E-03
  0.000E+00  0.000E+00  5.628E-03  2.584E-03  0.000E+00  0.000E+00  0.000E+00  0.000E+00  0.000E+00  0.000E+00
  3.833E-03  1.781E-03  0.000E+00  0.000E+00  0.000E+00  0.000E+00  0.000E+00  2.088E-03  4.038E-04  0.000E+00
  0.000E+00  0.000E+00  0.000E+00  0.000E+00  0.000E+00  0.000E+00  0.000E+00  0.000E+00  0.000E+00  0.000E+00
  0.000E+00  0.000E+00  0.000E+00  0.000E+00  0.000E+00  0.000E+00  0.000E+00  0.000E+00  0.000E+00  0.000E+00
  0.000E+00  0.000E+00  0.000E+00  0.000E+00  1.593E-04  2.289E-03  2.200E-03  3.776E-03  2.031E-03  0.000E+00
  7.172E-04  2.359E-03  0.000E+00  0.000E+00  0.000E+00  1.667E-03  0.000E+00  2.042E-03  3.049E-03  2.336E-03
  7.125E-03  3.221E-03  5.400E-03  5.898E-03  8.370E-03  4.904E-03  1.014E-02  4.284E-03  7.470E-03  1.312E-03
  8.933E-03  1.084E-02  3.318E-03  5.073E-03  1.026E-02  1.039E-02  9.521E-03  1.532E-02  7.020E-03  1.218E-02
  1.100E-02  6.153E-03  1.569E-02  4.625E-03  3.104E-03  2.939E-03  3.797E-03  4.679E-03  8.846E-03  7.571E-03
  6.980E-03  9.036E-03  2.990E-03  4.559E-03  8.086E-04  5.707E-03  0.000E+00  0.000E+00  0.000E+00  3.477E-03
  0.000E+00  0.000E+00  2.015E-03  1.104E-03  0.000E+00  1.121E-03  2.159E-03  2.051E-03  0.000E+00  0.000E+00
  0.000E+00  0.000E+00  0.000E+00  0.000E+00  0.000E+00  0.000E+00  0.000E+00  0.000E+00  0.000E+00  0.000E+00
  0.000E+00  0.000E+00  0.000E+00  0.000E+00  0.000E+00  0.000E+00  0.000E+00  0.000E+00  0.000E+00  0.000E+00
  2.619E-03  0.000E+00  0.000E+00  0.000E+00  0.000E+00  0.000E+00  1.054E-03  1.438E-03  2.687E-04  2.063E-03
  0.000E+00  0.000E+00  0.000E+00  0.000E+00  0.000E+00  0.000E+00  0.000E+00  0.000E+00  9.997E-06  0.000E+00
  0.000E+00  0.000E+00  0.000E+00  0.000E+00  0.000E+00  0.000E+00  0.000E+00  0.000E+00  2.036E-03  2.567E-03
  5.111E-04  0.000E+00  0.000E+00  0.000E+00  0.000E+00  0.000E+00  5.020E-04  2.289E-03  5.087E-03  2.577E-03
  0.000E+00  4.888E-04  2.588E-03  2.252E-03  0.000E+00  0.000E+00  0.000E+00  3.100E-03  3.049E-03  2.373E-03
  6.353E-03  5.877E-03  1.090E-03  1.273E-02  6.835E-03  8.815E-03  1.181E-02  5.010E-03  8.598E-03  2.752E-03
  8.048E-03  3.940E-03  4.541E-03  9.505E-03  1.562E-02  6.470E-03  1.297E-02  1.271E-02  1.732E-02  4.277E-03
  5.607E-03  4.353E-03  1.767E-02  7.433E-03  1.053E-02  4.184E-03  1.008E-02  2.699E-03  3.330E-03  1.939E-03
  1.587E-03  7.457E-03  7.221E-03  4.752E-03  2.283E-03  6.105E-03  9.120E-04  0.000E+00  0.000E+00  0.000E+00
  1.857E-04  2.494E-03  7.482E-04  2.134E-03  2.159E-03  1.038E-03  0.000E+00  0.000E+00  0.000E+00  0.000E+00
  0.000E+00  0.000E+00  0.000E+00  0.000E+00  0.000E+00  0.000E+00  0.000E+00  0.000E+00  0.000E+00  0.000E+00
  0.000E+00  0.000E+00  0.000E+00  0.000E+00  0.000E+00  0.000E+00  0.000E+00  0.000E+00  0.000E+00  1.608E-03
  8.392E-04  2.153E-03  4.934E-03  4.934E-03  4.934E-03  2.964E-03  4.534E-03  2.063E-03  1.794E-03  0.000E+00
  0.000E+00  0.000E+00  0.000E+00  0.000E+00  0.000E+00  0.000E+00  0.000E+00  0.000E+00  5.044E-04  2.080E-03
  2.080E-03  2.080E-03  1.730E-03  0.000E+00  0.000E+00  0.000E+00  0.000E+00  0.000E+00  0.000E+00  0.000E+00
  2.056E-03  2.567E-03  6.161E-04  0.000E+00  0.000E+00  0.000E+00  0.000E+00  0.000E+00  8.447E-04  5.626E-03
  7.409E-03  3.186E-03  3.018E-03  5.981E-03  3.138E-03  0.000E+00  0.000E+00  6.298E-03  2.012E-03  2.603E-03
  8.698E-04  5.793E-03  3.265E-03  7.735E-03  8.198E-03  1.389E-02  4.625E-03  6.029E-03  6.706E-03  1.453E-02
  1.410E-02  4.560E-03  1.163E-02  1.959E-02  1.029E-02  1.113E-02  1.116E-02  1.556E-02  1.178E-02  8.826E-03
  2.269E-03  7.551E-03  2.322E-02  1.864E-02  5.989E-03  5.464E-03  4.551E-03  6.356E-04  3.644E-03  2.033E-03
  6.479E-03  7.370E-03  1.098E-02  3.471E-03  0.000E+00  3.395E-03  3.857E-03  1.987E-03  0.000E+00  1.321E-03
  3.703E-03  3.099E-03  2.159E-03  2.945E-04  0.000E+00  0.000E+00  2.788E-05  0.000E+00  0.000E+00  0.000E+00
  0.000E+00  0.000E+00  0.000E+00  0.000E+00  0.000E+00  0.000E+00  0.000E+00  0.000E+00  0.000E+00  0.000E+00
  0.000E+00  0.000E+00  0.000E+00  0.000E+00  0.000E+00  0.000E+00  0.000E+00  0.000E+00  0.000E+00  1.562E-03
  0.000E+00  4.912E-06  0.000E+00  0.000E+00  0.000E+00  2.492E-03  0.000E+00  0.000E+00  0.000E+00  0.000E+00
  0.000E+00  0.000E+00  0.000E+00  0.000E+00  0.000E+00  0.000E+00  0.000E+00  0.000E+00  0.000E+00  0.000E+00
  0.000E+00  0.000E+00  3.500E-04  2.080E-03  2.080E-03  2.080E-03  1.884E-03  0.000E+00  0.000E+00  0.000E+00
  0.000E+00  0.000E+00  1.821E-03  5.007E-03  7.409E-04  0.000E+00  0.000E+00  0.000E+00  0.000E+00  5.143E-03
  7.520E-03  5.957E-03  3.354E-03  3.629E-03  7.741E-03  2.182E-03  2.214E-03  9.219E-03  2.945E-03  3.217E-03
  6.082E-03  2.511E-03  8.559E-03  1.150E-02  8.743E-03  1.273E-02  7.222E-03  9.966E-03  1.216E-02  1.532E-02
  1.473E-02  1.390E-02  8.148E-03  2.241E-02  1.300E-02  1.585E-02  1.350E-02  1.171E-02  1.388E-02  1.817E-02
  5.045E-03  1.199E-02  2.021E-02  1.154E-02  9.710E-03  6.876E-04  8.599E-04  9.422E-03  7.212E-03  3.765E-03
  4.668E-03  9.280E-03  1.203E-02  7.350E-03  4.192E-03  4.691E-03  2.783E-03  2.069E-03  4.068E-03  4.045E-03
  4.204E-03  0.000E+00  0.000E+00  2.360E-03  0.000E+00  6.499E-04  3.739E-03  0.000E+00  0.000E+00  0.000E+00
  0.000E+00  0.000E+00  0.000E+00  0.000E+00  0.000E+00  0.000E+00  0.000E+00  0.000E+00  0.000E+00  0.000E+00
  0.000E+00  0.000E+00  0.000E+00  0.000E+00  0.000E+00  0.000E+00  0.000E+00  0.000E+00  0.000E+00  0.000E+00
  0.000E+00  0.000E+00  0.000E+00  0.000E+00  1.478E-03  1.013E-03  0.000E+00  0.000E+00  0.000E+00  0.000E+00
  0.000E+00  0.000E+00  0.000E+00  0.000E+00  0.000E+00  0.000E+00  0.000E+00  0.000E+00  0.000E+00  0.000E+00
  0.000E+00  0.000E+00  0.000E+00  0.000E+00  0.000E+00  0.000E+00  1.956E-04  2.080E-03  2.096E-03  2.366E-03
  2.366E-03  2.844E-04  0.000E+00  4.021E-03  1.977E-03  2.338E-03  3.713E-04  0.000E+00  0.000E+00  0.000E+00
  0.000E+00  2.007E-03  8.997E-03  4.724E-03  6.607E-03  4.165E-03  3.434E-03  6.418E-03  4.100E-03  2.841E-03
  1.164E-02  4.759E-03  1.319E-02  1.570E-02  2.498E-02  2.526E-02  1.589E-02  9.243E-03  6.101E-03  1.090E-02
  2.094E-02  1.475E-02  2.339E-02  1.925E-02  1.397E-02  1.813E-02  1.124E-02  2.134E-02  1.335E-02  1.432E-02
  1.683E-02  1.304E-02  1.350E-02  1.562E-02  7.187E-03  4.148E-03  7.991E-03  8.841E-03  4.427E-03  8.900E-03
  3.806E-03  6.860E-03  3.129E-03  6.982E-03  2.590E-03  3.107E-03  2.159E-03  2.159E-03  3.773E-03  4.318E-03
  2.069E-03  4.259E-03  3.920E-03  2.286E-03  0.000E+00  4.831E-03  1.063E-03  0.000E+00  0.000E+00  0.000E+00
  1.847E-03  2.429E-03  2.429E-03  3.264E-03  2.694E-03  1.334E-03  0.000E+00  0.000E+00  0.000E+00  0.000E+00
  0.000E+00  0.000E+00  0.000E+00  0.000E+00  0.000E+00  0.000E+00  0.000E+00  0.000E+00  0.000E+00  0.000E+00
  0.000E+00  0.000E+00  0.000E+00  4.445E-04  2.047E-03  0.000E+00  0.000E+00  0.000E+00  0.000E+00  0.000E+00
  0.000E+00  0.000E+00  0.000E+00  0.000E+00  0.000E+00  0.000E+00  0.000E+00  0.000E+00  0.000E+00  0.000E+00
  0.000E+00  0.000E+00  0.000E+00  0.000E+00  0.000E+00  0.000E+00  0.000E+00  0.000E+00  0.000E+00  0.000E+00
  0.000E+00  2.082E-03  2.366E-03  5.437E-04  3.562E-03  8.147E-04  0.000E+00  0.000E+00  0.000E+00  0.000E+00
  0.000E+00  2.030E-03  2.662E-03  8.095E-03  6.396E-03  1.038E-02  5.735E-04  2.943E-03  2.042E-03  2.365E-03
  9.734E-03  2.228E-02  1.650E-02  3.441E-02  3.392E-02  2.696E-02  1.863E-02  9.281E-03  9.084E-03  2.008E-02
  1.498E-02  1.098E-02  2.138E-02  1.601E-02  1.969E-02  1.297E-02  1.199E-02  1.024E-02  1.909E-02  1.840E-02
  1.263E-02  9.453E-03  1.493E-02  9.360E-03  1.068E-02  4.849E-03  7.658E-03  8.418E-03  8.409E-03  1.241E-02
  8.873E-03  4.088E-03  2.642E-03  4.933E-03  6.381E-03  1.306E-03  2.360E-03  4.757E-03  3.431E-03  3.215E-03
  4.663E-04  9.797E-04  4.061E-03  3.888E-03  3.103E-03  8.645E-03  2.069E-03  1.357E-03  0.000E+00  0.000E+00
  0.000E+00  0.000E+00  0.000E+00  2.323E-03  0.000E+00  0.000E+00  0.000E+00  0.000E+00  0.000E+00  0.000E+00
  0.000E+00  1.078E-04  0.000E+00  0.000E+00  0.000E+00  0.000E+00  0.000E+00  0.000E+00  0.000E+00  0.000E+00
  0.000E+00  0.000E+00  0.000E+00  2.492E-03  0.000E+00  0.000E+00  0.000E+00  0.000E+00  0.000E+00  0.000E+00
  0.000E+00  0.000E+00  0.000E+00  0.000E+00  0.000E+00  0.000E+00  0.000E+00  0.000E+00  0.000E+00  0.000E+00
  0.000E+00  0.000E+00  0.000E+00  0.000E+00  0.000E+00  0.000E+00  0.000E+00  0.000E+00  0.000E+00  0.000E+00
  0.000E+00  0.000E+00  0.000E+00  0.000E+00  0.000E+00  1.955E-04  0.000E+00  0.000E+00  0.000E+00  0.000E+00
  0.000E+00  4.468E-04  0.000E+00  9.282E-04  6.505E-03  1.816E-02  7.367E-03  4.088E-03  4.549E-03  1.084E-02
  2.557E-02  1.269E-02  1.103E-02  2.786E-02  2.364E-02  3.248E-02  2.393E-02  2.146E-02  2.316E-02  2.566E-02
  1.143E-02  1.109E-02  2.355E-02  1.771E-02  1.753E-02  2.384E-02  2.083E-02  2.439E-02  2.453E-02  2.609E-02
  9.708E-03  1.583E-02  2.333E-02  2.202E-02  2.033E-02  9.184E-03  1.453E-02  7.975E-03  3.488E-03  2.147E-03
  1.071E-03  6.074E-03  8.245E-03  3.670E-03  2.835E-03  3.855E-03  3.127E-03  1.370E-03  3.657E-03  2.609E-03
  1.643E-03  6.532E-03  2.978E-03  3.463E-03  4.228E-03  2.399E-03  0.000E+00  6.856E-04  1.417E-03  0.000E+00
  0.000E+00  0.000E+00  0.000E+00  6.918E-04  1.631E-03  0.000E+00  0.000E+00  0.000E+00  0.000E+00  0.000E+00
  0.000E+00  2.643E-03  0.000E+00  0.000E+00  0.000E+00  0.000E+00  0.000E+00  0.000E+00  0.000E+00  0.000E+00
  0.000E+00  0.000E+00  1.902E-03  5.893E-04  0.000E+00  0.000E+00  0.000E+00  0.000E+00  0.000E+00  0.000E+00
  0.000E+00  0.000E+00  0.000E+00  0.000E+00  0.000E+00  0.000E+00  0.000E+00  0.000E+00  0.000E+00  0.000E+00
  0.000E+00  0.000E+00  0.000E+00  0.000E+00  0.000E+00  0.000E+00  0.000E+00  0.000E+00  0.000E+00  0.000E+00
  0.000E+00  0.000E+00  0.000E+00  0.000E+00  0.000E+00  0.000E+00  0.000E+00  0.000E+00  0.000E+00  0.000E+00
  0.000E+00  0.000E+00  0.000E+00  0.000E+00  0.000E+00  7.750E-03  6.083E-03  8.230E-03  5.553E-03  8.610E-03
  2.240E-02  2.051E-02  2.267E-02  2.926E-02  1.886E-02  4.435E-02  2.520E-02  1.383E-02  2.680E-02  4.220E-02
  1.411E-02  1.437E-02  1.924E-02  7.275E-03  1.839E-02  2.795E-02  1.153E-02  2.577E-02  2.240E-02  1.589E-02
  1.281E-02  1.217E-02  1.582E-02  1.225E-02  1.616E-02  1.030E-02  9.920E-03  6.057E-03  8.679E-03  9.702E-03
  1.111E-02  1.022E-02  1.582E-02  6.876E-03  4.036E-03  2.228E-03  2.317E-03  2.664E-03  8.649E-03  3.768E-03
  5.967E-03  4.209E-03  3.695E-03  3.783E-03  9.035E-03  4.237E-03  4.450E-03  3.815E-03  2.017E-03  2.017E-03
  2.017E-03  1.216E-03  2.103E-03  2.103E-03  4.426E-03  3.370E-03  2.103E-03  2.103E-03  2.103E-03  2.103E-03
  2.360E-03  1.145E-03  0.000E+00  0.000E+00  0.000E+00  0.000E+00  0.000E+00  0.000E+00  0.000E+00  0.000E+00
  0.000E+00  8.686E-04  1.623E-03  0.000E+00  0.000E+00  0.000E+00  0.000E+00  0.000E+00  0.000E+00  0.000E+00
  0.000E+00  0.000E+00  0.000E+00  0.000E+00  0.000E+00  0.000E+00  0.000E+00  0.000E+00  0.000E+00  0.000E+00
  0.000E+00  0.000E+00  0.000E+00  0.000E+00  0.000E+00  0.000E+00  0.000E+00  0.000E+00  0.000E+00  0.000E+00
  0.000E+00  0.000E+00  0.000E+00  0.000E+00  0.000E+00  0.000E+00  0.000E+00  0.000E+00  0.000E+00  0.000E+00
  0.000E+00  3.519E-03  4.147E-03  2.040E-03  4.421E-03  4.059E-03  1.319E-02  1.151E-02  1.032E-02  3.635E-03
  1.697E-02  3.193E-02  4.976E-02  6.277E-02  3.015E-02  3.933E-02  5.370E-02  2.201E-02  3.409E-02  3.931E-02
  3.444E-02  3.722E-02  3.204E-02  2.529E-02  2.970E-02  3.990E-02  4.219E-02  3.177E-02  1.037E-02  1.210E-02
  9.874E-03  2.340E-03  1.617E-02  1.575E-02  2.202E-02  2.025E-02  1.226E-02  5.857E-03  9.630E-03  1.360E-02
  8.714E-03  1.264E-02  1.203E-02  6.564E-03  4.543E-03  4.667E-03  6.112E-03  1.108E-02  1.347E-02  1.060E-02
  1.189E-02  9.735E-03  5.442E-03  4.900E-03  4.201E-03  2.483E-03  2.316E-04  0.000E+00  0.000E+00  0.000E+00
  0.000E+00  1.862E-03  2.017E-03  2.017E-03  4.649E-03  4.268E-03  2.017E-03  2.017E-03  2.017E-03  2.388E-04
  7.100E-04  0.000E+00  0.000E+00  0.000E+00  0.000E+00  0.000E+00  0.000E+00  0.000E+00  0.000E+00  0.000E+00
  0.000E+00  2.492E-03  0.000E+00  0.000E+00  0.000E+00  0.000E+00  0.000E+00  0.000E+00  0.000E+00  0.000E+00
  0.000E+00  0.000E+00  0.000E+00  0.000E+00  0.000E+00  0.000E+00  0.000E+00  0.000E+00  0.000E+00  0.000E+00
  0.000E+00  0.000E+00  0.000E+00  0.000E+00  0.000E+00  0.000E+00  0.000E+00  0.000E+00  0.000E+00  0.000E+00
  0.000E+00  0.000E+00  0.000E+00  1.217E-03  0.000E+00  0.000E+00  0.000E+00  0.000E+00  1.649E-03  2.113E-03
  3.453E-03  2.455E-03  2.429E-03  6.144E-03  6.304E-03  8.841E-03  1.574E-02  2.544E-02  1.852E-02  2.234E-02
  2.191E-02  5.492E-02  5.695E-02  5.459E-02  3.405E-02  2.959E-02  5.560E-02  3.644E-02  4.251E-02  5.537E-02
  2.760E-02  3.420E-02  4.473E-02  2.426E-02  3.299E-02  2.412E-02  1.754E-02  2.559E-02  2.027E-02  1.314E-02
  1.040E-02  1.043E-02  1.759E-02  3.071E-02  1.951E-02  1.546E-02  8.824E-03  9.235E-03  8.941E-03  1.535E-02
  2.239E-02  1.400E-02  7.762E-03  1.143E-02  6.385E-03  6.529E-03  4.762E-03  4.622E-03  2.334E-03  1.984E-03
  2.947E-03  2.635E-03  4.763E-03  8.108E-03  1.149E-03  0.000E+00  0.000E+00  0.000E+00  0.000E+00  5.358E-04
  0.000E+00  0.000E+00  3.217E-03  2.138E-03  5.750E-03  2.761E-03  2.266E-03  1.065E-05  0.000E+00  0.000E+00
  1.558E-04  2.876E-03  0.000E+00  0.000E+00  0.000E+00  0.000E+00  0.000E+00  0.000E+00  0.000E+00  0.000E+00
  2.327E-03  1.652E-04  0.000E+00  0.000E+00  0.000E+00  0.000E+00  0.000E+00  0.000E+00  0.000E+00  0.000E+00
  0.000E+00  0.000E+00  0.000E+00  0.000E+00  0.000E+00  0.000E+00  0.000E+00  0.000E+00  0.000E+00  0.000E+00
  0.000E+00  0.000E+00  0.000E+00  0.000E+00  0.000E+00  0.000E+00  0.000E+00  0.000E+00  0.000E+00  0.000E+00
  0.000E+00  1.726E-03  4.121E-03  2.156E-03  0.000E+00  2.009E-03  2.113E-03  3.577E-03  2.492E-03  2.028E-03
  2.963E-03  4.433E-03  6.172E-03  4.565E-03  4.405E-03  3.499E-03  1.052E-02  1.320E-02  2.456E-02  1.048E-02
  2.551E-02  3.999E-02  4.736E-02  3.375E-02  4.039E-02  4.003E-02  4.562E-02  4.275E-02  4.772E-02  5.098E-02
  3.380E-02  6.450E-02  5.008E-02  5.185E-02  2.411E-02  2.165E-02  1.282E-02  2.300E-02  1.259E-02  1.815E-02
  5.699E-03  1.777E-02  1.839E-02  2.156E-02  8.928E-03  1.862E-02  8.521E-03  1.750E-02  2.587E-02  2.189E-02
  8.532E-03  1.795E-02  1.583E-02  8.949E-03  1.074E-03  9.332E-04  4.763E-03  2.856E-03  4.584E-03  9.586E-03
  3.092E-03  2.349E-03  3.975E-03  6.368E-03  6.431E-03  4.451E-03  2.090E-03  2.090E-03  2.544E-03  5.191E-03
  4.534E-03  6.453E-03  6.856E-03  6.748E-03  5.571E-03  4.890E-05  0.000E+00  0.000E+00  0.000E+00  0.000E+00
  0.000E+00  3.032E-03  0.000E+00  0.000E+00  0.000E+00  0.000E+00  0.000E+00  0.000E+00  0.000E+00  1.293E-03
  1.199E-03  0.000E+00  0.000E+00  0.000E+00  0.000E+00  0.000E+00  0.000E+00  0.000E+00  0.000E+00  0.000E+00
  0.000E+00  0.000E+00  0.000E+00  0.000E+00  0.000E+00  0.000E+00  0.000E+00  0.000E+00  0.000E+00  0.000E+00
  0.000E+00  0.000E+00  0.000E+00  0.000E+00  0.000E+00  0.000E+00  0.000E+00  0.000E+00  0.000E+00  0.000E+00
  0.000E+00  0.000E+00  1.418E-03  2.113E-03  2.113E-03  2.097E-03  0.000E+00  0.000E+00  0.000E+00  1.857E-03
  2.136E-03  1.739E-03  0.000E+00  8.575E-04  3.778E-03  5.699E-03  6.561E-03  1.115E-02  3.066E-03  2.163E-02
  1.874E-02  3.712E-02  2.687E-02  2.615E-02  3.804E-02  3.460E-02  3.517E-02  2.614E-02  3.997E-02  3.520E-02
  4.184E-02  3.947E-02  5.199E-02  3.632E-02  4.522E-02  2.921E-02  4.323E-02  3.662E-02  1.782E-02  2.074E-02
  2.784E-02  2.773E-02  2.464E-02  2.001E-02  1.487E-02  2.180E-02  2.164E-02  1.727E-02  1.864E-02  1.172E-02
  1.375E-02  2.838E-02  1.101E-02  4.721E-03  6.716E-03  8.911E-03  2.219E-03  2.219E-03  2.707E-03  6.734E-03
  8.296E-03  4.568E-03  7.964E-04  2.040E-03  0.000E+00  0.000E+00  4.631E-04  2.138E-03  4.874E-03  3.320E-03
  1.930E-03  0.000E+00  6.159E-04  2.150E-03  3.461E-03  3.015E-03  9.876E-03  5.778E-03  2.020E-03  2.020E-03
  2.020E-03  1.311E-03  1.925E-03  0.000E+00  0.000E+00  0.000E+00  0.000E+00  1.781E-03  2.590E-04  2.233E-03
  0.000E+00  0.000E+00  0.000E+00  0.000E+00  0.000E+00  0.000E+00  0.000E+00  0.000E+00  0.000E+00  0.000E+00
  0.000E+00  0.000E+00  0.000E+00  0.000E+00  0.000E+00  0.000E+00  0.000E+00  0.000E+00  0.000E+00  0.000E+00
  0.000E+00  0.000E+00  0.000E+00  0.000E+00  0.000E+00  0.000E+00  0.000E+00  0.000E+00  0.000E+00  1.303E-03
  3.850E-03  4.203E-03  7.037E-04  0.000E+00  0.000E+00  0.000E+00  4.239E-04  2.243E-03  2.243E-03  3.858E-04
  0.000E+00  8.997E-04  2.655E-03  1.263E-02  8.857E-03  1.008E-02  1.450E-02  1.457E-02  1.246E-02  1.929E-02
  2.683E-02  3.173E-02  2.875E-02  4.803E-02  5.686E-02  6.250E-02  3.499E-02  3.360E-02  4.115E-02  3.932E-02
  3.552E-02  5.310E-02  3.877E-02  4.073E-02  4.336E-02  4.748E-02  5.168E-02  4.530E-02  4.298E-02  3.432E-02
  2.656E-02  2.458E-02  3.259E-02  1.771E-02  2.261E-02  1.346E-02  8.788E-03  9.455E-03  8.937E-03  1.180E-02
  6.861E-03  1.556E-02  1.192E-02  1.246E-03  2.851E-03  2.525E-03  7.361E-03  4.234E-03  2.883E-03  2.501E-03
  6.085E-03  6.918E-03  3.445E-03  4.092E-03  3.991E-03  4.189E-03  3.726E-03  1.659E-03  2.817E-03  2.052E-03
  2.052E-03  3.662E-03  2.052E-03  3.804E-03  7.407E-03  9.256E-03  4.577E-04  0.000E+00  0.000E+00  0.000E+00
  0.000E+00  1.816E-03  3.717E-03  2.020E-03  2.020E-03  2.020E-03  2.020E-03  5.449E-03  4.217E-03  0.000E+00
  0.000E+00  0.000E+00  0.000E+00  0.000E+00  0.000E+00  0.000E+00  0.000E+00  0.000E+00  0.000E+00  0.000E+00
  0.000E+00  0.000E+00  0.000E+00  0.000E+00  0.000E+00  0.000E+00  0.000E+00  0.000E+00  0.000E+00  0.000E+00
  0.000E+00  0.000E+00  0.000E+00  0.000E+00  0.000E+00  0.000E+00  1.187E-03  2.113E-03  2.113E-03  8.109E-04
  0.000E+00  0.000E+00  2.082E-03  2.090E-03  3.324E-03  4.333E-03  2.112E-03  0.000E+00  0.000E+00  2.874E-04
  2.125E-03  3.111E-03  4.638E-03  5.440E-03  8.635E-03  1.002E-02  1.447E-02  2.421E-02  1.723E-02  2.143E-02
  2.555E-02  3.072E-02  3.220E-02  3.817E-02  2.840E-02  4.727E-02  3.070E-02  4.323E-02  3.263E-02  2.942E-02
  5.173E-02  5.977E-02  3.642E-02  4.116E-02  2.996E-02  3.800E-02  3.151E-02  2.445E-02  2.176E-02  2.375E-02
  3.009E-02  2.490E-02  3.524E-02  1.835E-02  1.926E-02  1.179E-02  9.757E-03  1.583E-02  1.240E-02  1.677E-02
  1.059E-02  1.165E-02  4.372E-03  7.160E-03  2.300E-03  4.196E-03  2.529E-03  6.523E-03  4.023E-03  1.026E-03
  0.000E+00  1.279E-03  6.312E-03  8.439E-03  4.459E-03  4.261E-03  4.261E-03  4.261E-03  4.261E-03  1.797E-03
  5.959E-04  3.935E-03  7.132E-03  5.379E-03  4.451E-03  1.883E-03  2.788E-03  7.278E-05  0.000E+00  0.000E+00
  0.000E+00  0.000E+00  0.000E+00  0.000E+00  0.000E+00  0.000E+00  0.000E+00  4.131E-03  2.844E-04  0.000E+00
  0.000E+00  0.000E+00  0.000E+00  0.000E+00  0.000E+00  1.284E-04  2.142E-03  2.142E-03  2.142E-03  2.142E-03
  0.000E+00  0.000E+00  0.000E+00  0.000E+00  0.000E+00  0.000E+00  0.000E+00  0.000E+00  0.000E+00  0.000E+00
  0.000E+00  0.000E+00  0.000E+00  0.000E+00  0.000E+00  8.077E-04  9.264E-04  0.000E+00  0.000E+00  0.000E+00
  0.000E+00  0.000E+00  0.000E+00  0.000E+00  2.089E-03  2.095E-03  3.892E-03  4.185E-03  4.185E-03  5.549E-03
  8.189E-03  1.316E-02  8.739E-03  7.174E-03  2.564E-03  4.697E-03  4.913E-03  8.825E-03  2.275E-02  1.601E-02
  2.476E-02  3.861E-02  4.307E-02  3.885E-02  3.266E-02  3.783E-02  4.808E-02  5.634E-02  2.850E-02  3.128E-02
  5.665E-02  8.008E-02  4.444E-02  3.065E-02  2.602E-02  3.810E-02  3.739E-02  3.541E-02  4.449E-02  4.183E-02
  4.361E-02  2.952E-02  3.028E-02  5.103E-03  9.737E-03  2.237E-02  1.386E-02  1.559E-02  2.212E-02  5.352E-03
  1.315E-02  6.425E-03  6.577E-03  7.104E-03  4.327E-03  4.104E-04  3.432E-03  1.389E-03  1.219E-03  8.630E-03
  4.474E-03  4.598E-03  1.073E-03  9.671E-04  0.000E+00  0.000E+00  0.000E+00  0.000E+00  0.000E+00  2.005E-03
  1.433E-03  2.105E-03  0.000E+00  0.000E+00  3.454E-04  1.526E-03  0.000E+00  2.963E-03  0.000E+00  0.000E+00
  0.000E+00  0.000E+00  0.000E+00  0.000E+00  0.000E+00  0.000E+00  0.000E+00  5.901E-04  0.000E+00  0.000E+00
  0.000E+00  2.820E-04  2.142E-03  2.142E-03  2.142E-03  2.014E-03  0.000E+00  0.000E+00  0.000E+00  0.000E+00
  0.000E+00  0.000E+00  0.000E+00  0.000E+00  0.000E+00  0.000E+00  0.000E+00  0.000E+00  0.000E+00  0.000E+00
  0.000E+00  0.000E+00  0.000E+00  0.000E+00  0.000E+00  0.000E+00  0.000E+00  0.000E+00  0.000E+00  0.000E+00
  0.000E+00  0.000E+00  0.000E+00  0.000E+00  0.000E+00  0.000E+00  0.000E+00  0.000E+00  2.455E-04  2.504E-03
  9.624E-03  1.763E-03  2.015E-03  3.104E-04  2.925E-04  8.727E-04  3.853E-03  6.790E-03  1.023E-02  1.717E-02
  5.356E-02  4.306E-02  3.996E-02  4.403E-02  4.082E-02  5.706E-02  4.984E-02  3.963E-02  6.093E-02  3.986E-02
  3.282E-02  3.881E-02  3.574E-02  3.634E-02  3.852E-02  3.389E-02  2.328E-02  4.112E-02  5.142E-02  2.840E-02
  2.920E-02  3.562E-02  2.753E-02  1.095E-02  6.282E-03  3.910E-03  1.277E-02  9.156E-03  1.565E-02  1.355E-02
  4.553E-03  1.478E-02  1.130E-02  6.815E-03  2.437E-03  5.588E-03  8.312E-03  3.266E-03  3.667E-03  4.266E-03
  4.695E-03  8.556E-03  2.678E-03  0.000E+00  0.000E+00  0.000E+00  0.000E+00  0.000E+00  0.000E+00  0.000E+00
  0.000E+00  2.105E-03  0.000E+00  0.000E+00  0.000E+00  0.000E+00  0.000E+00  1.976E-04  2.770E-03  0.000E+00
  0.000E+00  0.000E+00  0.000E+00  0.000E+00  0.000E+00  0.000E+00  0.000E+00  0.000E+00  0.000E+00  0.000E+00
  0.000E+00  0.000E+00  0.000E+00  0.000E+00  0.000E+00  0.000E+00  0.000E+00  0.000E+00  0.000E+00  0.000E+00
  0.000E+00  0.000E+00  0.000E+00  0.000E+00  0.000E+00  0.000E+00  0.000E+00  0.000E+00  0.000E+00  0.000E+00
  0.000E+00  0.000E+00  0.000E+00  0.000E+00  0.000E+00  0.000E+00  0.000E+00  0.000E+00  0.000E+00  0.000E+00
  0.000E+00  0.000E+00  0.000E+00  0.000E+00  0.000E+00  0.000E+00  0.000E+00  1.082E-03  2.258E-03  0.000E+00
  4.901E-04  2.754E-03  3.493E-03  6.634E-03  1.019E-02  7.027E-03  4.585E-03  3.862E-03  1.037E-02  3.455E-02
  5.680E-02  4.111E-02  4.458E-02  3.970E-02  4.496E-02  4.848E-02  5.671E-02  3.865E-02  3.467E-02  4.507E-02
  3.539E-02  2.928E-02  2.623E-02  1.802E-02  1.789E-02  2.017E-02  2.479E-02  2.601E-02  3.420E-02  3.866E-02
  2.503E-02  3.092E-02  3.744E-02  1.642E-02  8.023E-03  9.576E-03  8.855E-03  6.767E-03  1.251E-02  1.822E-02
  1.092E-02  4.493E-03  1.383E-02  9.676E-03  1.102E-02  1.224E-02  3.212E-03  1.270E-03  0.000E+00  3.714E-04
  5.582E-03  2.314E-03  4.441E-03  2.742E-03  0.000E+00  0.000E+00  0.000E+00  0.000E+00  0.000E+00  0.000E+00
  1.583E-03  5.220E-04  0.000E+00  0.000E+00  0.000E+00  0.000E+00  0.000E+00  0.000E+00  4.906E-04  2.477E-03
  0.000E+00  0.000E+00  0.000E+00  0.000E+00  0.000E+00  0.000E+00  0.000E+00  0.000E+00  0.000E+00  0.000E+00
  0.000E+00  0.000E+00  0.000E+00  0.000E+00  0.000E+00  0.000E+00  0.000E+00  0.000E+00  0.000E+00  0.000E+00
  0.000E+00  0.000E+00  0.000E+00  0.000E+00  0.000E+00  0.000E+00  0.000E+00  0.000E+00  0.000E+00  0.000E+00
  0.000E+00  0.000E+00  0.000E+00  0.000E+00  0.000E+00  0.000E+00  0.000E+00  0.000E+00  0.000E+00  0.000E+00
  0.000E+00  0.000E+00  0.000E+00  0.000E+00  0.000E+00  0.000E+00  1.919E-03  1.465E-03  2.053E-03  2.053E-03
  2.761E-03  7.267E-03  1.071E-02  6.779E-03  3.833E-03  6.213E-03  9.819E-03  1.096E-02  1.347E-02  3.108E-02
  5.257E-02  6.519E-02  4.856E-02  5.045E-02  3.798E-02  2.893E-02  4.317E-02  6.173E-02  4.331E-02  3.677E-02
  3.763E-02  2.802E-02  2.577E-02  1.415E-02  2.115E-02  2.034E-02  2.575E-02  3.067E-02  1.534E-02  1.193E-02
  2.185E-02  2.140E-02  1.589E-02  2.259E-02  2.114E-02  1.747E-02  2.183E-02  2.142E-02  2.294E-02  3.382E-02
  1.791E-02  1.801E-02  1.377E-02  2.415E-02  1.203E-02  5.448E-03  4.746E-03  2.133E-03  2.133E-03  3.229E-03
  6.772E-03  2.218E-03  4.499E-03  6.508E-03  1.037E-02  2.542E-03  2.065E-03  8.709E-04  0.000E+00  0.000E+00
  2.105E-03  0.000E+00  0.000E+00  0.000E+00  0.000E+00  0.000E+00  0.000E+00  0.000E+00  0.000E+00  7.835E-04
  1.134E-03  0.000E+00  0.000E+00  0.000E+00  0.000E+00  0.000E+00  0.000E+00  0.000E+00  0.000E+00  0.000E+00
  0.000E+00  0.000E+00  0.000E+00  0.000E+00  0.000E+00  0.000E+00  0.000E+00  0.000E+00  0.000E+00  0.000E+00
  0.000E+00  0.000E+00  0.000E+00  0.000E+00  0.000E+00  0.000E+00  0.000E+00  0.000E+00  0.000E+00  0.000E+00
  0.000E+00  0.000E+00  0.000E+00  0.000E+00  0.000E+00  0.000E+00  0.000E+00  0.000E+00  0.000E+00  0.000E+00
  0.000E+00  0.000E+00  0.000E+00  0.000E+00  0.000E+00  2.269E-04  5.440E-03  2.175E-03  0.000E+00  0.000E+00
  0.000E+00  4.123E-03  5.534E-03  2.279E-03  9.402E-04  4.388E-03  3.116E-03  5.560E-03  1.389E-02  2.149E-02
  5.015E-02  4.710E-02  4.111E-02  4.802E-02  4.465E-02  5.116E-02  1.686E-02  3.121E-02  6.422E-02  4.090E-02
  3.746E-02  3.966E-02  4.649E-02  2.556E-02  1.765E-02  3.459E-02  2.547E-02  3.385E-02  1.903E-02  2.065E-02
  2.019E-02  1.233E-02  1.518E-02  1.281E-02  2.274E-02  1.185E-02  1.504E-02  2.260E-02  3.524E-02  3.140E-02
  2.272E-02  1.555E-02  1.822E-02  1.126E-02  1.288E-02  1.522E-02  1.288E-02  8.891E-03  5.652E-03  5.995E-03
  1.655E-02  2.001E-03  4.041E-03  3.828E-03  1.394E-02  8.081E-03  2.129E-03  1.288E-03  2.159E-03  2.159E-03
  2.591E-03  1.844E-03  2.978E-04  0.000E+00  0.000E+00  8.944E-04  0.000E+00  0.000E+00  0.000E+00  0.000E+00
  0.000E+00  0.000E+00  0.000E+00  0.000E+00  0.000E+00  0.000E+00  0.000E+00  0.000E+00  0.000E+00  0.000E+00
  0.000E+00  0.000E+00  0.000E+00  0.000E+00  0.000E+00  0.000E+00  0.000E+00  0.000E+00  0.000E+00  0.000E+00
  0.000E+00  0.000E+00  0.000E+00  0.000E+00  0.000E+00  0.000E+00  0.000E+00  0.000E+00  0.000E+00  0.000E+00
  0.000E+00  0.000E+00  0.000E+00  0.000E+00  0.000E+00  0.000E+00  0.000E+00  0.000E+00  0.000E+00  0.000E+00
  0.000E+00  0.000E+00  0.000E+00  0.000E+00  0.000E+00  0.000E+00  0.000E+00  0.000E+00  0.000E+00  1.198E-04
  1.899E-03  9.605E-04  2.277E-03  1.670E-03  2.817E-03  6.634E-03  6.622E-03  7.319E-03  7.120E-03  1.672E-02
  2.414E-02  4.796E-02  4.677E-02  6.090E-02  3.710E-02  4.003E-02  1.840E-02  2.353E-02  3.694E-02  3.841E-02
  3.893E-02  2.626E-02  1.520E-02  2.209E-02  3.471E-02  2.889E-02  1.666E-02  1.674E-02  2.705E-02  2.209E-02
  1.576E-02  2.374E-02  1.923E-02  2.334E-02  1.427E-02  9.221E-03  8.210E-03  1.399E-02  2.433E-02  2.209E-02
  8.416E-03  5.270E-03  1.029E-02  5.905E-03  6.041E-03  4.145E-03  7.374E-03  9.471E-03  4.245E-03  6.187E-03
  3.491E-03  3.958E-03  2.020E-03  1.960E-03  5.808E-03  6.706E-04  4.508E-03  4.151E-03  2.193E-03  3.909E-03
  1.163E-02  8.333E-04  0.000E+00  2.006E-04  0.000E+00  0.000E+00  0.000E+00  0.000E+00  0.000E+00  0.000E+00
  0.000E+00  0.000E+00  0.000E+00  0.000E+00  0.000E+00  0.000E+00  0.000E+00  0.000E+00  0.000E+00  0.000E+00
  0.000E+00  0.000E+00  0.000E+00  0.000E+00  0.000E+00  0.000E+00  0.000E+00  0.000E+00  0.000E+00  0.000E+00
  0.000E+00  0.000E+00  0.000E+00  0.000E+00  0.000E+00  0.000E+00  0.000E+00  0.000E+00  0.000E+00  0.000E+00
  0.000E+00  0.000E+00  0.000E+00  0.000E+00  0.000E+00  0.000E+00  0.000E+00  0.000E+00  0.000E+00  0.000E+00
  0.000E+00  0.000E+00  0.000E+00  0.000E+00  0.000E+00  0.000E+00  0.000E+00  0.000E+00  0.000E+00  1.560E-03
  2.935E-03  0.000E+00  2.277E-03  8.665E-03  3.479E-03  6.547E-03  8.757E-03  5.880E-03  5.493E-03  1.017E-02
  3.322E-02  2.684E-02  5.248E-02  2.643E-02  3.983E-02  5.020E-02  4.662E-02  4.272E-02  4.803E-02  4.722E-02
  4.208E-02  3.160E-02  1.796E-02  2.358E-02  3.146E-02  2.041E-02  1.577E-02  2.534E-02  2.080E-02  2.515E-02
  1.691E-02  1.383E-02  1.434E-02  1.941E-02  1.593E-02  1.519E-02  1.730E-02  2.406E-02  9.486E-03  1.251E-02
  1.874E-02  9.022E-03  5.187E-03  1.042E-02  6.111E-03  1.919E-03  2.107E-03  2.626E-03  8.850E-03  4.930E-03
  8.247E-03  1.531E-02  1.535E-03  4.584E-03  4.884E-03  1.522E-03  0.000E+00  4.421E-04  2.400E-03  1.187E-03
  1.822E-03  2.483E-03  3.771E-04  0.000E+00  0.000E+00  0.000E+00  0.000E+00  0.000E+00  1.841E-03  2.342E-03
  1.531E-03  0.000E+00  0.000E+00  0.000E+00  0.000E+00  0.000E+00  0.000E+00  0.000E+00  0.000E+00  0.000E+00
  0.000E+00  0.000E+00  0.000E+00  0.000E+00  0.000E+00  0.000E+00  0.000E+00  0.000E+00  0.000E+00  0.000E+00
  0.000E+00  0.000E+00  0.000E+00  0.000E+00  0.000E+00  0.000E+00  0.000E+00  0.000E+00  0.000E+00  0.000E+00
  0.000E+00  0.000E+00  0.000E+00  0.000E+00  0.000E+00  0.000E+00  0.000E+00  0.000E+00  0.000E+00  0.000E+00
  0.000E+00  0.000E+00  0.000E+00  0.000E+00  0.000E+00  0.000E+00  0.000E+00  0.000E+00  0.000E+00  0.000E+00
  1.057E-03  2.660E-03  4.488E-03  1.463E-03  0.000E+00  3.326E-03  2.151E-03  2.361E-03  1.057E-02  1.756E-02
  2.195E-02  2.386E-02  1.341E-02  1.734E-02  7.039E-03  1.492E-02  1.203E-02  2.006E-02  3.701E-02  2.737E-02
  2.780E-02  3.903E-02  3.519E-02  8.793E-03  1.347E-02  9.110E-03  1.174E-02  1.234E-02  1.828E-02  1.571E-02
  1.190E-02  7.754E-03  8.979E-03  8.035E-03  1.458E-02  1.151E-02  3.210E-02  7.320E-03  6.768E-03  7.859E-03
  1.172E-02  4.970E-03  0.000E+00  2.230E-03  3.303E-03  5.262E-03  5.921E-03  1.190E-03  6.372E-04  6.676E-03
  3.479E-03  1.838E-02  4.364E-03  8.125E-03  4.021E-03  6.902E-04  0.000E+00  0.000E+00  0.000E+00  1.616E-03
  2.011E-03  0.000E+00  1.530E-03  6.297E-04  1.113E-02  2.382E-03  2.342E-03  2.342E-03  5.009E-04  0.000E+00
  0.000E+00  0.000E+00  0.000E+00  0.000E+00  0.000E+00  0.000E+00  0.000E+00  0.000E+00  0.000E+00  0.000E+00
  0.000E+00  0.000E+00  0.000E+00  0.000E+00  0.000E+00  0.000E+00  0.000E+00  0.000E+00  0.000E+00  0.000E+00
  0.000E+00  0.000E+00  0.000E+00  0.000E+00  0.000E+00  0.000E+00  0.000E+00  0.000E+00  0.000E+00  0.000E+00
  0.000E+00  0.000E+00  0.000E+00  0.000E+00  0.000E+00  0.000E+00  0.000E+00  0.000E+00  0.000E+00  0.000E+00
  0.000E+00  0.000E+00  0.000E+00  0.000E+00  0.000E+00  0.000E+00  0.000E+00  0.000E+00  0.000E+00  0.000E+00
  0.000E+00  0.000E+00  1.869E-03  4.084E-04  5.434E-04  2.260E-03  0.000E+00  4.528E-03  7.410E-03  8.155E-03
  2.364E-02  1.129E-02  7.320E-03  1.497E-02  7.999E-03  1.074E-02  1.441E-02  1.177E-02  1.904E-02  1.780E-02
  1.450E-02  2.813E-02  2.304E-02  2.204E-02  1.376E-02  1.139E-02  9.049E-03  1.172E-02  1.035E-02  7.738E-03
  1.188E-02  9.860E-03  3.152E-03  1.317E-02  1.648E-02  1.278E-02  1.825E-02  1.046E-02  5.189E-03  6.383E-03
  1.678E-02  1.306E-02  7.797E-03  8.256E-03  7.138E-03  2.128E-03  2.382E-03  7.134E-03  6.594E-03  2.597E-03
  8.074E-03  9.590E-03  1.140E-03  7.810E-03  3.223E-03  3.476E-03  4.167E-03  2.823E-03  2.093E-03  2.093E-03
  2.482E-03  3.860E-03  8.377E-04  3.088E-04  0.000E+00  0.000E+00  0.000E+00  0.000E+00  0.000E+00  0.000E+00
  1.157E-03  2.058E-03  2.058E-03  7.336E-04  0.000E+00  0.000E+00  0.000E+00  0.000E+00  0.000E+00  0.000E+00
  0.000E+00  0.000E+00  0.000E+00  0.000E+00  0.000E+00  0.000E+00  0.000E+00  0.000E+00  0.000E+00  0.000E+00
  0.000E+00  0.000E+00  0.000E+00  0.000E+00  0.000E+00  0.000E+00  0.000E+00  0.000E+00  0.000E+00  0.000E+00
  0.000E+00  0.000E+00  0.000E+00  0.000E+00  0.000E+00  0.000E+00  0.000E+00  0.000E+00  0.000E+00  0.000E+00
  0.000E+00  0.000E+00  0.000E+00  0.000E+00  0.000E+00  0.000E+00  0.000E+00  0.000E+00  0.000E+00  0.000E+00
  0.000E+00  0.000E+00  9.129E-04  2.277E-03  2.739E-03  2.121E-03  2.121E-03  1.336E-03  5.292E-03  1.146E-02
  1.235E-02  5.884E-03  8.256E-03  1.498E-02  9.441E-03  6.719E-03  1.057E-02  9.017E-03  9.951E-03  1.303E-02
  2.511E-02  3.293E-02  2.718E-02  2.616E-02  2.232E-02  9.821E-03  5.188E-03  8.920E-03  1.237E-02  1.011E-02
  3.006E-03  1.084E-02  1.467E-03  4.508E-03  1.421E-02  1.082E-02  9.098E-03  1.038E-02  4.775E-03  7.972E-03
  2.610E-03  2.488E-03  9.968E-03  1.215E-02  1.000E-02  5.491E-03  1.213E-03  8.096E-06  1.236E-03  2.700E-03
  1.839E-03  4.526E-03  2.638E-03  4.533E-03  1.962E-03  4.171E-03  3.072E-03  2.820E-03  2.074E-03  2.074E-03
  2.073E-03  6.328E-04  3.181E-03  2.916E-03  4.276E-03  2.887E-03  4.151E-03  5.676E-03  2.058E-03  2.160E-03
  2.441E-03  0.000E+00  0.000E+00  0.000E+00  0.000E+00  0.000E+00  0.000E+00  0.000E+00  0.000E+00  0.000E+00
  0.000E+00  0.000E+00  0.000E+00  0.000E+00  0.000E+00  0.000E+00  0.000E+00  0.000E+00  0.000E+00  0.000E+00
  0.000E+00  0.000E+00  0.000E+00  0.000E+00  0.000E+00  0.000E+00  0.000E+00  0.000E+00  0.000E+00  0.000E+00
  0.000E+00  0.000E+00  0.000E+00  0.000E+00  0.000E+00  0.000E+00  0.000E+00  0.000E+00  0.000E+00  0.000E+00
  0.000E+00  0.000E+00  0.000E+00  0.000E+00  2.077E-03  3.898E-04  0.000E+00  0.000E+00  0.000E+00  0.000E+00
  0.000E+00  1.888E-03  5.088E-03  5.440E-03  3.068E-04  0.000E+00  0.000E+00  2.133E-03  3.265E-03  9.486E-03
  8.564E-03  6.509E-03  1.100E-02  1.155E-02  8.672E-03  6.814E-03  6.930E-03  7.351E-03  1.309E-02  1.302E-02
  1.188E-02  2.098E-02  1.786E-02  1.573E-02  1.762E-02  1.324E-02  1.120E-02  5.109E-03  1.125E-02  8.426E-03
  4.223E-03  5.834E-03  1.082E-02  5.054E-03  9.163E-03  1.674E-02  1.329E-02  5.937E-03  3.159E-03  5.111E-03
  1.107E-03  4.309E-03  2.708E-03  4.133E-03  8.739E-03  1.068E-02  7.246E-03  4.040E-03  3.409E-03  3.734E-03
  1.784E-03  0.000E+00  4.294E-04  2.927E-03  0.000E+00  1.809E-03  1.455E-03  1.595E-03  1.569E-03  0.000E+00
  1.234E-06  2.074E-03  2.074E-03  2.058E-03  2.058E-03  4.966E-03  3.123E-03  2.332E-04  0.000E+00  0.000E+00
  0.000E+00  0.000E+00  0.000E+00  0.000E+00  0.000E+00  0.000E+00  0.000E+00  0.000E+00  0.000E+00  0.000E+00
  0.000E+00  0.000E+00  0.000E+00  0.000E+00  0.000E+00  0.000E+00  0.000E+00  0.000E+00  0.000E+00  0.000E+00
  0.000E+00  0.000E+00  0.000E+00  0.000E+00  0.000E+00  0.000E+00  0.000E+00  0.000E+00  0.000E+00  0.000E+00
  0.000E+00  0.000E+00  0.000E+00  0.000E+00  0.000E+00  0.000E+00  0.000E+00  0.000E+00  0.000E+00  0.000E+00
  0.000E+00  0.000E+00  0.000E+00  0.000E+00  0.000E+00  1.864E-03  2.254E-03  2.254E-03  4.217E-03  4.375E-03
  4.375E-03  7.079E-04  0.000E+00  6.048E-03  7.599E-04  0.000E+00  3.113E-04  0.000E+00  1.213E-03  1.045E-03
  4.925E-03  4.230E-03  7.231E-03  9.096E-03  6.629E-03  7.016E-03  4.739E-03  2.902E-03  1.431E-02  3.391E-03
  1.142E-02  9.960E-03  4.379E-03  1.393E-02  6.136E-03  1.290E-02  1.115E-02  5.042E-03  2.689E-03  2.379E-03
  3.165E-03  5.358E-03  3.824E-03  8.519E-03  6.374E-03  1.447E-02  1.061E-02  8.261E-03  2.227E-03  1.919E-03
  4.284E-03  2.311E-03  1.317E-03  2.030E-03  1.120E-02  4.373E-03  6.037E-03  9.329E-03  5.744E-03  5.615E-03
  3.696E-03  4.506E-04  0.000E+00  1.003E-02  6.400E-04  0.000E+00  1.648E-03  1.667E-03  0.000E+00  0.000E+00
  0.000E+00  0.000E+00  0.000E+00  0.000E+00  1.195E-03  4.528E-03  7.074E-05  0.000E+00  0.000E+00  0.000E+00
  0.000E+00  0.000E+00  0.000E+00  0.000E+00  0.000E+00  0.000E+00  0.000E+00  0.000E+00  0.000E+00  0.000E+00
  0.000E+00  0.000E+00  0.000E+00  0.000E+00  0.000E+00  0.000E+00  0.000E+00  0.000E+00  0.000E+00  0.000E+00
  0.000E+00  0.000E+00  0.000E+00  0.000E+00  0.000E+00  0.000E+00  0.000E+00  0.000E+00  0.000E+00  0.000E+00
  0.000E+00  0.000E+00  0.000E+00  0.000E+00  0.000E+00  0.000E+00  0.000E+00  0.000E+00  0.000E+00  0.000E+00
  0.000E+00  0.000E+00  0.000E+00  0.000E+00  0.000E+00  2.037E-03  2.121E-03  2.121E-03  1.586E-04  0.000E+00
  0.000E+00  1.779E-03  4.441E-04  3.092E-03  5.005E-04  0.000E+00  2.066E-03  1.251E-03  4.086E-03  9.297E-04
  6.819E-03  3.919E-03  4.983E-03  3.350E-03  6.178E-03  7.408E-03  6.934E-03  3.241E-03  8.021E-03  6.803E-03
  3.164E-03  4.531E-03  6.146E-03  4.297E-03  4.607E-03  1.211E-02  1.040E-02  4.068E-03  6.762E-03  1.096E-03
  1.890E-03  8.267E-03  9.223E-03  1.183E-02  3.062E-03  3.740E-03  7.554E-03  8.784E-03  8.611E-04  6.078E-04
  5.119E-03  2.670E-03  4.100E-03  0.000E+00  2.113E-03  2.064E-03  1.240E-03  3.124E-03  7.136E-03  1.087E-02
  8.951E-03  2.515E-03  2.204E-03  1.401E-03  2.638E-03  1.274E-04  0.000E+00  1.217E-03  2.113E-03  0.000E+00
  0.000E+00  0.000E+00  0.000E+00  2.543E-04  4.971E-03  0.000E+00  0.000E+00  0.000E+00  0.000E+00  0.000E+00
  0.000E+00  0.000E+00  0.000E+00  0.000E+00  0.000E+00  0.000E+00  0.000E+00  0.000E+00  0.000E+00  0.000E+00
  0.000E+00  0.000E+00  0.000E+00  0.000E+00  0.000E+00  0.000E+00  0.000E+00  0.000E+00  0.000E+00  0.000E+00
  0.000E+00  0.000E+00  0.000E+00  0.000E+00  0.000E+00  0.000E+00  0.000E+00  0.000E+00  0.000E+00  0.000E+00
  0.000E+00  0.000E+00  0.000E+00  0.000E+00  0.000E+00  0.000E+00  0.000E+00  0.000E+00  0.000E+00  0.000E+00
  0.000E+00  0.000E+00  0.000E+00  3.064E-04  2.121E-03  8.445E-05  0.000E+00  0.000E+00  0.000E+00  0.000E+00
  0.000E+00  0.000E+00  1.082E-03  2.949E-03  2.822E-03  2.822E-03  4.888E-03  1.698E-03  5.446E-03  4.628E-03
  2.074E-04  3.851E-03  1.962E-04  4.403E-03  7.098E-03  1.015E-02  8.723E-03  1.080E-02  1.370E-03  8.410E-03
  4.867E-03  4.692E-03  2.401E-03  4.930E-03  7.549E-03  6.936E-03  5.939E-03  1.186E-02  3.712E-03  3.638E-03
  1.875E-03  9.517E-04  4.669E-03  1.673E-02  5.015E-03  2.352E-03  4.306E-03  3.925E-03  4.518E-03  3.482E-03
  8.111E-03  2.187E-03  1.850E-03  3.900E-03  0.000E+00  2.981E-03  2.011E-03  2.888E-04  3.146E-03  1.039E-02
  6.612E-03  6.311E-03  4.293E-03  4.743E-03  3.969E-03  1.593E-03  1.862E-03  1.830E-03  6.060E-03  0.000E+00
  0.000E+00  0.000E+00  0.000E+00  2.496E-03  1.316E-03  0.000E+00  0.000E+00  0.000E+00  0.000E+00  0.000E+00
  0.000E+00  0.000E+00  0.000E+00  0.000E+00  0.000E+00  0.000E+00  0.000E+00  0.000E+00  0.000E+00  0.000E+00
  0.000E+00  0.000E+00  0.000E+00  0.000E+00  0.000E+00  0.000E+00  0.000E+00  0.000E+00  0.000E+00  0.000E+00
  0.000E+00  0.000E+00  0.000E+00  0.000E+00  0.000E+00  0.000E+00  0.000E+00  0.000E+00  0.000E+00  0.000E+00
  0.000E+00  0.000E+00  0.000E+00  0.000E+00  0.000E+00  0.000E+00  0.000E+00  0.000E+00  0.000E+00  0.000E+00
  0.000E+00  0.000E+00  0.000E+00  0.000E+00  0.000E+00  0.000E+00  0.000E+00  0.000E+00  0.000E+00  0.000E+00
  0.000E+00  3.671E-05  2.591E-03  0.000E+00  0.000E+00  0.000E+00  2.066E-03  4.021E-03  2.088E-03  2.038E-03
  0.000E+00  2.868E-03  2.471E-03  2.267E-03  5.058E-03  1.650E-03  8.834E-03  8.160E-03  1.692E-03  3.179E-03
  8.384E-03  2.023E-03  5.346E-04  4.670E-03  7.643E-03  3.812E-03  8.612E-03  4.509E-03  1.022E-02  3.820E-03
  6.413E-04  2.517E-03  2.522E-03  3.823E-03  2.301E-03  3.244E-03  4.306E-03  2.282E-03  4.139E-03  0.000E+00
  0.000E+00  3.308E-03  0.000E+00  3.991E-04  3.225E-03  3.203E-03  4.712E-04  3.925E-03  0.000E+00  2.703E-03
  5.898E-03  5.099E-03  5.561E-04  5.441E-04  3.458E-03  4.293E-03  5.527E-03  5.823E-03  0.000E+00  2.954E-03
  0.000E+00  0.000E+00  0.000E+00  2.211E-03  0.000E+00  0.000E+00  0.000E+00  0.000E+00  0.000E+00  0.000E+00
  0.000E+00  0.000E+00  0.000E+00  0.000E+00  0.000E+00  0.000E+00  0.000E+00  0.000E+00  0.000E+00  0.000E+00
  0.000E+00  0.000E+00  0.000E+00  0.000E+00  0.000E+00  0.000E+00  0.000E+00  0.000E+00  2.156E-03  2.778E-03
  0.000E+00  0.000E+00  0.000E+00  0.000E+00  0.000E+00  0.000E+00  0.000E+00  0.000E+00  0.000E+00  0.000E+00
  0.000E+00  0.000E+00  0.000E+00  0.000E+00  0.000E+00  0.000E+00  0.000E+00  0.000E+00  0.000E+00  0.000E+00
  0.000E+00  0.000E+00  0.000E+00  0.000E+00  0.000E+00  0.000E+00  0.000E+00  0.000E+00  0.000E+00  1.603E-03
  2.182E-03  4.419E-03  2.182E-03  2.182E-03  2.182E-03  2.182E-03  7.453E-03  3.387E-03  2.399E-03  0.000E+00
  0.000E+00  4.182E-03  1.158E-03  0.000E+00  5.132E-03  3.955E-03  6.771E-03  5.731E-03  4.576E-03  2.707E-03
  5.543E-03  3.806E-03  2.636E-03  3.875E-03  4.776E-03  6.368E-03  7.235E-03  1.705E-03  4.773E-03  4.774E-03
  5.130E-03  1.281E-03  4.657E-03  1.042E-03  0.000E+00  4.061E-03  8.728E-03  0.000E+00  4.117E-03  0.000E+00
  0.000E+00  2.019E-03  1.624E-03  2.698E-04  3.042E-03  2.464E-03  6.330E-04  4.257E-04  2.768E-03  2.976E-03
  8.370E-04  4.156E-04  2.028E-03  1.149E-03  0.000E+00  0.000E+00  1.786E-03  6.347E-03  8.723E-03  2.082E-02
  7.714E-03  6.315E-03  4.399E-03  3.215E-03  2.014E-03  8.471E-04  0.000E+00  0.000E+00  0.000E+00  0.000E+00
  0.000E+00  0.000E+00  0.000E+00  0.000E+00  0.000E+00  0.000E+00  0.000E+00  0.000E+00  0.000E+00  0.000E+00
  0.000E+00  0.000E+00  0.000E+00  0.000E+00  0.000E+00  0.000E+00  0.000E+00  4.868E-04  6.214E-04  0.000E+00
  0.000E+00  0.000E+00  0.000E+00  0.000E+00  0.000E+00  0.000E+00  0.000E+00  0.000E+00  0.000E+00  0.000E+00
  0.000E+00  0.000E+00  0.000E+00  0.000E+00  0.000E+00  0.000E+00  0.000E+00  0.000E+00  0.000E+00  0.000E+00
  0.000E+00  0.000E+00  0.000E+00  0.000E+00  0.000E+00  0.000E+00  0.000E+00  0.000E+00  1.565E-03  5.791E-04
  0.000E+00  0.000E+00  0.000E+00  0.000E+00  0.000E+00  1.981E-03  3.384E-03  9.289E-04  1.470E-03  0.000E+00
  0.000E+00  3.911E-03  0.000E+00  2.513E-03  1.011E-03  8.596E-03  8.319E-04  3.308E-03  1.273E-03  3.267E-03
  9.884E-04  1.311E-02  4.975E-03  5.327E-03  4.027E-03  6.635E-03  2.684E-03  4.628E-04  3.341E-04  4.338E-03
  4.455E-03  4.591E-03  1.965E-03  1.600E-03  1.696E-03  5.452E-03  1.510E-03  0.000E+00  4.117E-03  0.000E+00
  0.000E+00  1.604E-03  7.101E-03  2.928E-03  2.429E-03  0.000E+00  1.999E-03  1.098E-03  2.536E-03  3.873E-03
  0.000E+00  0.000E+00  0.000E+00  0.000E+00  0.000E+00  1.129E-03  2.151E-03  5.431E-03  3.058E-03  5.410E-03
  6.070E-03  1.851E-03  0.000E+00  0.000E+00  0.000E+00  1.167E-03  2.569E-03  0.000E+00  0.000E+00  0.000E+00
  0.000E+00  0.000E+00  0.000E+00  0.000E+00  0.000E+00  0.000E+00  0.000E+00  0.000E+00  0.000E+00  0.000E+00
  0.000E+00  0.000E+00  0.000E+00  0.000E+00  0.000E+00  0.000E+00  0.000E+00  0.000E+00  0.000E+00  0.000E+00
  0.000E+00  0.000E+00  0.000E+00  0.000E+00  0.000E+00  0.000E+00  0.000E+00  0.000E+00  0.000E+00  0.000E+00
  0.000E+00  0.000E+00  0.000E+00  0.000E+00  0.000E+00  0.000E+00  0.000E+00  0.000E+00  0.000E+00  0.000E+00
  0.000E+00  0.000E+00  0.000E+00  0.000E+00  0.000E+00  0.000E+00  0.000E+00  0.000E+00  0.000E+00  0.000E+00
  0.000E+00  0.000E+00  0.000E+00  1.123E-03  0.000E+00  3.851E-03  4.724E-04  2.399E-03  0.000E+00  0.000E+00
  0.000E+00  2.471E-03  8.380E-04  2.913E-03  3.061E-03  6.271E-03  0.000E+00  4.140E-03  0.000E+00  3.915E-03
  2.746E-03  8.236E-03  1.085E-02  7.919E-03  1.716E-03  0.000E+00  2.810E-03  2.087E-03  0.000E+00  0.000E+00
  3.409E-03  4.654E-03  1.820E-03  4.353E-04  1.511E-03  6.929E-03  0.000E+00  1.384E-03  8.268E-04  1.906E-03
  0.000E+00  0.000E+00  3.511E-03  5.354E-05  2.429E-03  0.000E+00  3.013E-04  4.200E-03  2.301E-03  3.062E-04
  2.729E-03  0.000E+00  1.058E-04  2.982E-03  2.151E-03  1.022E-03  0.000E+00  0.000E+00  0.000E+00  1.852E-03
  3.440E-03  2.891E-03  1.026E-03  0.000E+00  0.000E+00  0.000E+00  7.797E-04  1.779E-03  0.000E+00  0.000E+00
  0.000E+00  0.000E+00  0.000E+00  0.000E+00  0.000E+00  0.000E+00  0.000E+00  0.000E+00  0.000E+00  0.000E+00
  0.000E+00  0.000E+00  0.000E+00  0.000E+00  0.000E+00  0.000E+00  0.000E+00  0.000E+00  0.000E+00  0.000E+00
  0.000E+00  0.000E+00  0.000E+00  0.000E+00  0.000E+00  0.000E+00  0.000E+00  0.000E+00  0.000E+00  0.000E+00
  0.000E+00  0.000E+00  0.000E+00  0.000E+00  0.000E+00  0.000E+00  0.000E+00  0.000E+00  0.000E+00  0.000E+00
  0.000E+00  9.688E-04  1.718E-03  0.000E+00  0.000E+00  0.000E+00  0.000E+00  0.000E+00  0.000E+00  0.000E+00
  4.146E-04  0.000E+00  0.000E+00  5.150E-03  0.000E+00  4.323E-03  1.497E-03  9.019E-04  0.000E+00  0.000E+00
  2.212E-03  4.592E-03  4.556E-03  1.140E-03  4.865E-03  3.027E-04  1.164E-03  4.140E-03  2.246E-03  6.525E-03
  9.055E-03  1.186E-02  1.305E-02  9.444E-03  3.074E-03  3.071E-03  1.370E-04  5.537E-03  0.000E+00  0.000E+00
  4.143E-03  1.652E-04  5.561E-04  4.876E-03  4.314E-03  1.875E-03  2.962E-03  2.783E-03  0.000E+00  2.071E-03
  0.000E+00  0.000E+00  2.019E-03  0.000E+00  2.429E-03  0.000E+00  0.000E+00  0.000E+00  1.722E-03  4.217E-03
  3.646E-03  4.845E-03  2.045E-03  2.218E-03  0.000E+00  0.000E+00  0.000E+00  0.000E+00  0.000E+00  2.034E-03
  3.250E-03  1.865E-03  1.831E-03  0.000E+00  0.000E+00  0.000E+00  0.000E+00  1.683E-03  8.751E-04  0.000E+00
  0.000E+00  0.000E+00  0.000E+00  0.000E+00  0.000E+00  0.000E+00  0.000E+00  0.000E+00  0.000E+00  0.000E+00
  0.000E+00  0.000E+00  0.000E+00  0.000E+00  0.000E+00  0.000E+00  0.000E+00  0.000E+00  0.000E+00  0.000E+00
  0.000E+00  0.000E+00  0.000E+00  0.000E+00  0.000E+00  0.000E+00  0.000E+00  0.000E+00  0.000E+00  0.000E+00
  0.000E+00  0.000E+00  0.000E+00  0.000E+00  0.000E+00  0.000E+00  0.000E+00  0.000E+00  0.000E+00  0.000E+00
  1.259E-03  1.776E-03  0.000E+00  0.000E+00  0.000E+00  0.000E+00  0.000E+00  0.000E+00  0.000E+00  1.171E-03
  1.199E-03  0.000E+00  0.000E+00  2.407E-03  0.000E+00  2.122E-03  2.399E-03  8.968E-04  0.000E+00  0.000E+00
  9.284E-03  4.213E-03  1.008E-04  2.722E-04  4.518E-03  0.000E+00  1.255E-03  3.485E-03  4.714E-03  1.918E-03
  2.391E-03  1.002E-02  3.868E-03  3.655E-03  6.022E-03  3.500E-03  0.000E+00  2.929E-03  0.000E+00  0.000E+00
  2.279E-03  0.000E+00  0.000E+00  5.161E-03  7.226E-04  2.376E-03  3.765E-03  3.848E-03  1.416E-03  2.060E-03
  0.000E+00  0.000E+00  2.019E-03  0.000E+00  2.429E-03  0.000E+00  0.000E+00  0.000E+00  0.000E+00  0.000E+00
  1.263E-03  7.959E-04  2.691E-03  2.218E-03  0.000E+00  0.000E+00  0.000E+00  8.862E-04  0.000E+00  0.000E+00
  1.042E-03  4.490E-03  2.002E-03  0.000E+00  0.000E+00  0.000E+00  0.000E+00  0.000E+00  2.559E-03  0.000E+00
  0.000E+00  0.000E+00  0.000E+00  0.000E+00  0.000E+00  0.000E+00  0.000E+00  0.000E+00  0.000E+00  0.000E+00
  0.000E+00  0.000E+00  0.000E+00  0.000E+00  0.000E+00  0.000E+00  0.000E+00  0.000E+00  0.000E+00  0.000E+00
  0.000E+00  0.000E+00  0.000E+00  0.000E+00  0.000E+00  0.000E+00  0.000E+00  0.000E+00  0.000E+00  0.000E+00
  0.000E+00  0.000E+00  0.000E+00  0.000E+00  0.000E+00  0.000E+00  0.000E+00  0.000E+00  0.000E+00  1.550E-03
  1.485E-03  0.000E+00  0.000E+00  0.000E+00  0.000E+00  0.000E+00  0.000E+00  0.000E+00  0.000E+00  2.370E-03
  0.000E+00  0.000E+00  0.000E+00  0.000E+00  1.160E-03  2.773E-03  3.337E-04  3.138E-03  3.062E-03  9.921E-03
  5.001E-03  9.360E-04  6.223E-03  2.399E-03  0.000E+00  0.000E+00  5.003E-04  4.879E-03  4.397E-03  7.220E-04
  2.152E-03  8.882E-03  8.137E-04  3.412E-03  5.530E-03  1.139E-03  1.948E-03  2.056E-03  0.000E+00  2.027E-03
  2.517E-04  0.000E+00  4.761E-03  3.996E-04  3.721E-04  3.155E-04  3.168E-03  4.422E-03  1.785E-03  2.411E-03
  1.473E-03  0.000E+00  2.049E-03  0.000E+00  2.429E-03  0.000E+00  0.000E+00  0.000E+00  0.000E+00  0.000E+00
  0.000E+00  0.000E+00  3.638E-04  3.050E-03  1.840E-03  0.000E+00  0.000E+00  2.274E-03  9.633E-04  0.000E+00
  0.000E+00  0.000E+00  3.361E-03  2.746E-03  1.389E-03  0.000E+00  0.000E+00  0.000E+00  2.859E-05  4.782E-04
  0.000E+00  0.000E+00  0.000E+00  0.000E+00  0.000E+00  0.000E+00  0.000E+00  0.000E+00  0.000E+00  0.000E+00
  0.000E+00  0.000E+00  0.000E+00  0.000E+00  0.000E+00  0.000E+00  0.000E+00  0.000E+00  0.000E+00  0.000E+00
  0.000E+00  0.000E+00  0.000E+00  0.000E+00  0.000E+00  0.000E+00  0.000E+00  0.000E+00  0.000E+00  0.000E+00
  0.000E+00  0.000E+00  0.000E+00  0.000E+00  0.000E+00  0.000E+00  0.000E+00  0.000E+00  3.696E-03  3.531E-03
  1.179E-03  0.000E+00  0.000E+00  0.000E+00  0.000E+00  0.000E+00  0.000E+00  0.000E+00  5.177E-03  2.775E-04
  0.000E+00  0.000E+00  0.000E+00  0.000E+00  2.066E-03  0.000E+00  0.000E+00  1.380E-03  6.708E-03  2.595E-03
  0.000E+00  1.709E-03  3.680E-03  2.399E-03  0.000E+00  8.575E-04  2.167E-03  4.618E-03  2.134E-03  0.000E+00
  2.292E-03  7.181E-03  2.454E-03  0.000E+00  4.401E-03  5.880E-04  6.946E-04  4.449E-03  0.000E+00  2.279E-03
  0.000E+00  2.103E-03  3.049E-03  0.000E+00  1.199E-03  2.196E-03  2.279E-03  1.607E-03  1.056E-03  4.062E-03
  4.115E-03  2.453E-03  2.057E-03  0.000E+00  6.081E-04  0.000E+00  0.000E+00  0.000E+00  0.000E+00  0.000E+00
  0.000E+00  0.000E+00  0.000E+00  3.830E-04  4.722E-03  0.000E+00  0.000E+00  0.000E+00  2.882E-03  3.556E-04
  0.000E+00  0.000E+00  0.000E+00  1.396E-03  8.774E-04  0.000E+00  0.000E+00  0.000E+00  0.000E+00  0.000E+00
  0.000E+00  0.000E+00  0.000E+00  0.000E+00  0.000E+00  0.000E+00  0.000E+00  0.000E+00  0.000E+00  0.000E+00
  0.000E+00  0.000E+00  0.000E+00  0.000E+00  0.000E+00  0.000E+00  0.000E+00  0.000E+00  0.000E+00  0.000E+00
  0.000E+00  0.000E+00  0.000E+00  0.000E+00  0.000E+00  0.000E+00  0.000E+00  0.000E+00  0.000E+00  0.000E+00
  0.000E+00  0.000E+00  0.000E+00  3.606E-04  2.336E-03  2.336E-03  2.336E-03  4.466E-03  1.385E-03  0.000E+00
  0.000E+00  0.000E+00  0.000E+00  0.000E+00  0.000E+00  8.209E-05  0.000E+00  3.162E-03  3.816E-03  0.000E+00
  0.000E+00  0.000E+00  0.000E+00  0.000E+00  2.066E-03  0.000E+00  0.000E+00  3.114E-03  0.000E+00  2.138E-03
  0.000E+00  0.000E+00  2.386E-03  1.315E-05  1.215E-03  1.810E-03  2.400E-03  2.218E-03  2.660E-03  4.313E-03
  4.937E-03  6.233E-03  0.000E+00  0.000E+00  2.556E-03  2.433E-03  0.000E+00  2.306E-03  3.425E-03  3.381E-04
  0.000E+00  6.689E-05  1.702E-03  3.049E-03  1.127E-03  2.099E-03  2.101E-03  0.000E+00  0.000E+00  0.000E+00
  4.137E-03  2.727E-03  3.371E-03  0.000E+00  0.000E+00  0.000E+00  0.000E+00  0.000E+00  0.000E+00  0.000E+00
  0.000E+00  0.000E+00  0.000E+00  0.000E+00  2.218E-03  0.000E+00  0.000E+00  0.000E+00  4.913E-04  5.220E-03
  0.000E+00  0.000E+00  0.000E+00  0.000E+00  0.000E+00  0.000E+00  0.000E+00  0.000E+00  0.000E+00  0.000E+00
  0.000E+00  0.000E+00  0.000E+00  0.000E+00  0.000E+00  0.000E+00  0.000E+00  0.000E+00  0.000E+00  0.000E+00
  0.000E+00  0.000E+00  0.000E+00  0.000E+00  0.000E+00  0.000E+00  0.000E+00  0.000E+00  0.000E+00  0.000E+00
  0.000E+00  0.000E+00  0.000E+00  0.000E+00  0.000E+00  0.000E+00  0.000E+00  0.000E+00  0.000E+00  0.000E+00
  0.000E+00  0.000E+00  0.000E+00  0.000E+00  0.000E+00  0.000E+00  2.421E-03  6.143E-04  0.000E+00  0.000E+00
  0.000E+00  0.000E+00  0.000E+00  0.000E+00  0.000E+00  2.601E-03  0.000E+00  5.576E-03  1.238E-03  0.000E+00
  0.000E+00  0.000E+00  0.000E+00  0.000E+00  2.066E-03  0.000E+00  2.191E-03  3.858E-04  0.000E+00  1.193E-04
  0.000E+00  0.000E+00  6.875E-04  1.572E-03  1.453E-03  2.903E-03  2.881E-03  4.116E-03  7.879E-04  5.015E-03
  4.574E-03  2.399E-03  0.000E+00  0.000E+00  2.556E-03  5.392E-04  1.894E-03  2.056E-03  2.279E-03  0.000E+00
  0.000E+00  0.000E+00  0.000E+00  0.000E+00  1.230E-03  3.148E-03  3.701E-04  0.000E+00  0.000E+00  0.000E+00
  2.806E-03  2.443E-03  3.251E-03  3.500E-03  0.000E+00  0.000E+00  0.000E+00  0.000E+00  0.000E+00  0.000E+00
  0.000E+00  0.000E+00  0.000E+00  0.000E+00  2.218E-03  0.000E+00  0.000E+00  0.000E+00  0.000E+00  0.000E+00
  0.000E+00  0.000E+00  0.000E+00  0.000E+00  0.000E+00  0.000E+00  0.000E+00  0.000E+00  0.000E+00  0.000E+00
  0.000E+00  0.000E+00  0.000E+00  0.000E+00  3.505E-04  0.000E+00  0.000E+00  0.000E+00  0.000E+00  0.000E+00
  0.000E+00  0.000E+00  0.000E+00  0.000E+00  0.000E+00  0.000E+00  0.000E+00  0.000E+00  0.000E+00  0.000E+00
  0.000E+00  0.000E+00  0.000E+00  0.000E+00  0.000E+00  0.000E+00  0.000E+00  0.000E+00  0.000E+00  0.000E+00
  0.000E+00  0.000E+00  0.000E+00  0.000E+00  0.000E+00  2.711E-03  3.240E-04  0.000E+00  0.000E+00  1.452E-03
  2.128E-03  2.128E-03  2.128E-03  2.128E-03  4.619E-03  2.237E-03  3.693E-03  1.340E-03  0.000E+00  0.000E+00
  0.000E+00  0.000E+00  0.000E+00  3.399E-04  1.726E-03  1.585E-03  9.917E-04  0.000E+00  0.000E+00  0.000E+00
  0.000E+00  0.000E+00  1.607E-03  1.939E-03  2.504E-03  6.075E-04  0.000E+00  4.874E-03  5.428E-03  5.550E-03
  2.056E-03  4.134E-03  0.000E+00  0.000E+00  1.531E-04  2.403E-03  1.666E-03  3.614E-03  4.246E-04  5.026E-03
  1.476E-03  0.000E+00  0.000E+00  1.904E-03  1.837E-03  0.000E+00  2.444E-03  0.000E+00  4.822E-04  0.000E+00
  2.057E-03  0.000E+00  2.118E-03  4.904E-03  2.718E-03  1.003E-03  0.000E+00  0.000E+00  0.000E+00  0.000E+00
  0.000E+00  3.550E-04  0.000E+00  0.000E+00  1.377E-03  8.403E-04  0.000E+00  0.000E+00  0.000E+00  0.000E+00
  0.000E+00  0.000E+00  0.000E+00  0.000E+00  0.000E+00  0.000E+00  0.000E+00  0.000E+00  0.000E+00  0.000E+00
  0.000E+00  0.000E+00  0.000E+00  0.000E+00  3.047E-03  0.000E+00  0.000E+00  0.000E+00  0.000E+00  0.000E+00
  0.000E+00  0.000E+00  0.000E+00  0.000E+00  0.000E+00  0.000E+00  0.000E+00  0.000E+00  0.000E+00  0.000E+00
  0.000E+00  0.000E+00  0.000E+00  0.000E+00  0.000E+00  0.000E+00  0.000E+00  0.000E+00  0.000E+00  0.000E+00
  0.000E+00  0.000E+00  0.000E+00  2.568E-04  2.745E-03  3.361E-05  3.644E-04  2.128E-03  2.128E-03  6.756E-04
  0.000E+00  0.000E+00  0.000E+00  1.940E-03  6.615E-04  1.166E-04  2.253E-03  0.000E+00  0.000E+00  0.000E+00
  0.000E+00  0.000E+00  0.000E+00  2.066E-03  9.791E-04  1.598E-03  0.000E+00  2.224E-04  3.149E-03  0.000E+00
  0.000E+00  0.000E+00  4.420E-03  1.558E-03  0.000E+00  0.000E+00  5.605E-04  6.940E-03  8.973E-04  6.643E-03
  3.004E-03  6.328E-03  1.482E-03  0.000E+00  0.000E+00  5.124E-05  0.000E+00  4.490E-03  0.000E+00  8.755E-04
  1.393E-03  9.729E-04  2.578E-03  1.163E-03  0.000E+00  0.000E+00  2.483E-04  3.552E-04  2.085E-03  0.000E+00
  6.755E-04  2.251E-03  2.315E-03  1.313E-03  0.000E+00  1.354E-03  2.357E-03  9.658E-05  0.000E+00  0.000E+00
  0.000E+00  1.959E-04  2.328E-03  0.000E+00  0.000E+00  2.218E-03  0.000E+00  0.000E+00  0.000E+00  0.000E+00
  0.000E+00  0.000E+00  0.000E+00  0.000E+00  0.000E+00  0.000E+00  0.000E+00  0.000E+00  0.000E+00  0.000E+00
  0.000E+00  0.000E+00  0.000E+00  1.676E-03  1.371E-03  0.000E+00  0.000E+00  0.000E+00  0.000E+00  0.000E+00
  0.000E+00  0.000E+00  0.000E+00  0.000E+00  0.000E+00  0.000E+00  0.000E+00  0.000E+00  0.000E+00  0.000E+00
  0.000E+00  0.000E+00  0.000E+00  0.000E+00  0.000E+00  0.000E+00  0.000E+00  0.000E+00  0.000E+00  0.000E+00
  0.000E+00  0.000E+00  5.471E-04  2.488E-03  0.000E+00  0.000E+00  0.000E+00  0.000E+00  0.000E+00  0.000E+00
  0.000E+00  0.000E+00  1.388E-03  1.214E-03  0.000E+00  2.370E-03  0.000E+00  0.000E+00  0.000E+00  0.000E+00
  0.000E+00  0.000E+00  0.000E+00  2.439E-03  2.203E-03  0.000E+00  0.000E+00  0.000E+00  1.174E-03  4.323E-03
  1.685E-03  2.537E-03  2.517E-03  0.000E+00  0.000E+00  3.668E-04  3.702E-03  4.263E-03  6.555E-05  4.436E-03
  2.134E-03  4.134E-03  2.608E-03  0.000E+00  0.000E+00  0.000E+00  0.000E+00  2.416E-03  2.073E-03  0.000E+00
  0.000E+00  2.792E-03  4.888E-04  0.000E+00  0.000E+00  1.305E-03  2.519E-03  0.000E+00  2.085E-03  0.000E+00
  6.650E-04  3.503E-03  1.238E-03  6.253E-04  0.000E+00  0.000E+00  0.000E+00  2.260E-03  1.547E-03  0.000E+00
  0.000E+00  0.000E+00  2.670E-03  0.000E+00  0.000E+00  2.218E-03  0.000E+00  0.000E+00  0.000E+00  0.000E+00
  0.000E+00  0.000E+00  0.000E+00  0.000E+00  0.000E+00  0.000E+00  0.000E+00  0.000E+00  0.000E+00  0.000E+00
  0.000E+00  0.000E+00  0.000E+00  3.047E-03  0.000E+00  0.000E+00  0.000E+00  0.000E+00  0.000E+00  0.000E+00
  0.000E+00  0.000E+00  0.000E+00  0.000E+00  0.000E+00  0.000E+00  0.000E+00  0.000E+00  0.000E+00  0.000E+00
  0.000E+00  0.000E+00  0.000E+00  0.000E+00  0.000E+00  0.000E+00  0.000E+00  0.000E+00  0.000E+00  0.000E+00
  0.000E+00  8.375E-04  2.197E-03  0.000E+00  0.000E+00  0.000E+00  0.000E+00  0.000E+00  0.000E+00  0.000E+00
  0.000E+00  8.355E-04  1.766E-03  0.000E+00  1.038E-03  3.823E-03  0.000E+00  0.000E+00  0.000E+00  0.000E+00
  0.000E+00  0.000E+00  2.931E-03  4.643E-03  0.000E+00  0.000E+00  0.000E+00  0.000E+00  0.000E+00  2.165E-03
  1.613E-03  0.000E+00  2.200E-03  0.000E+00  1.732E-04  3.410E-03  1.732E-03  0.000E+00  3.849E-03  7.859E-04
  4.407E-03  3.226E-03  1.203E-03  2.186E-03  0.000E+00  0.000E+00  0.000E+00  2.478E-04  1.487E-03  3.036E-04
  0.000E+00  0.000E+00  0.000E+00  0.000E+00  2.361E-03  1.463E-03  0.000E+00  0.000E+00  7.745E-04  1.311E-03
  1.474E-03  4.832E-03  1.538E-03  2.023E-03  0.000E+00  0.000E+00  0.000E+00  0.000E+00  8.098E-04  3.374E-03
  1.075E-03  3.076E-03  2.018E-03  0.000E+00  0.000E+00  1.825E-04  0.000E+00  0.000E+00  0.000E+00  0.000E+00
  0.000E+00  0.000E+00  0.000E+00  0.000E+00  1.885E-03  0.000E+00  2.108E-03  5.106E-04  0.000E+00  0.000E+00
  0.000E+00  0.000E+00  1.274E-03  1.128E-03  0.000E+00  0.000E+00  0.000E+00  0.000E+00  0.000E+00  0.000E+00
  0.000E+00  0.000E+00  0.000E+00  0.000E+00  0.000E+00  0.000E+00  0.000E+00  0.000E+00  0.000E+00  0.000E+00
  0.000E+00  0.000E+00  0.000E+00  5.656E-05  2.096E-03  2.829E-03  2.531E-03  0.000E+00  0.000E+00  0.000E+00
  1.128E-03  1.907E-03  0.000E+00  0.000E+00  0.000E+00  0.000E+00  0.000E+00  0.000E+00  0.000E+00  0.000E+00
  2.835E-04  2.318E-03  0.000E+00  0.000E+00  4.381E-03  6.028E-04  0.000E+00  0.000E+00  0.000E+00  0.000E+00
  0.000E+00  0.000E+00  5.570E-03  2.299E-03  0.000E+00  0.000E+00  0.000E+00  8.691E-04  2.537E-03  3.720E-04
  0.000E+00  0.000E+00  2.200E-03  0.000E+00  8.984E-04  0.000E+00  0.000E+00  0.000E+00  4.682E-03  0.000E+00
  3.657E-03  2.733E-03  0.000E+00  2.266E-03  1.178E-03  0.000E+00  0.000E+00  0.000E+00  0.000E+00  0.000E+00
  0.000E+00  0.000E+00  6.506E-04  2.767E-03  2.193E-03  0.000E+00  0.000E+00  0.000E+00  0.000E+00  2.971E-03
  1.301E-03  2.057E-03  0.000E+00  1.643E-03  5.971E-04  0.000E+00  0.000E+00  0.000E+00  0.000E+00  1.805E-04
  4.832E-03  5.245E-03  0.000E+00  0.000E+00  0.000E+00  0.000E+00  0.000E+00  0.000E+00  0.000E+00  0.000E+00
  0.000E+00  0.000E+00  0.000E+00  0.000E+00  1.195E-04  3.832E-03  2.671E-03  0.000E+00  0.000E+00  0.000E+00
  0.000E+00  0.000E+00  0.000E+00  0.000E+00  0.000E+00  0.000E+00  0.000E+00  0.000E+00  0.000E+00  0.000E+00
  0.000E+00  0.000E+00  0.000E+00  0.000E+00  0.000E+00  0.000E+00  0.000E+00  0.000E+00  0.000E+00  0.000E+00
  1.889E-03  2.096E-03  2.096E-03  3.373E-03  2.193E-03  1.460E-03  0.000E+00  0.000E+00  0.000E+00  1.418E-03
  1.617E-03  0.000E+00  0.000E+00  0.000E+00  0.000E+00  0.000E+00  0.000E+00  0.000E+00  0.000E+00  0.000E+00
  2.601E-03  0.000E+00  0.000E+00  3.263E-03  2.674E-03  0.000E+00  0.000E+00  0.000E+00  0.000E+00  0.000E+00
  0.000E+00  2.840E-03  4.548E-03  4.804E-04  0.000E+00  0.000E+00  1.788E-03  1.668E-03  0.000E+00  0.000E+00
  0.000E+00  2.189E-03  1.018E-05  0.000E+00  0.000E+00  0.000E+00  0.000E+00  0.000E+00  2.566E-03  9.350E-04
  0.000E+00  4.220E-03  0.000E+00  0.000E+00  4.441E-03  0.000E+00  0.000E+00  0.000E+00  0.000E+00  0.000E+00
  0.000E+00  1.707E-03  2.117E-03  0.000E+00  2.537E-03  0.000E+00  0.000E+00  0.000E+00  0.000E+00  0.000E+00
  0.000E+00  1.109E-03  1.274E-03  0.000E+00  2.240E-03  0.000E+00  0.000E+00  0.000E+00  0.000E+00  0.000E+00
  0.000E+00  3.559E-03  2.357E-03  1.184E-03  0.000E+00  0.000E+00  0.000E+00  0.000E+00  0.000E+00  0.000E+00
  0.000E+00  0.000E+00  0.000E+00  0.000E+00  0.000E+00  0.000E+00  0.000E+00  0.000E+00  0.000E+00  0.000E+00
  0.000E+00  0.000E+00  0.000E+00  0.000E+00  0.000E+00  0.000E+00  0.000E+00  0.000E+00  0.000E+00  0.000E+00
  0.000E+00  0.000E+00  0.000E+00  0.000E+00  0.000E+00  0.000E+00  0.000E+00  0.000E+00  0.000E+00  0.000E+00
  2.066E-04  1.935E-03  2.193E-03  8.591E-04  0.000E+00  0.000E+00  0.000E+00  0.000E+00  1.709E-03  1.326E-03
  0.000E+00  0.000E+00  0.000E+00  0.000E+00  0.000E+00  0.000E+00  0.000E+00  0.000E+00  0.000E+00  2.333E-03
  2.686E-04  0.000E+00  1.106E-03  4.845E-03  1.875E-03  0.000E+00  0.000E+00  0.000E+00  0.000E+00  0.000E+00
  1.132E-03  2.439E-03  2.066E-03  0.000E+00  0.000E+00  0.000E+00  0.000E+00  0.000E+00  0.000E+00  0.000E+00
  0.000E+00  2.200E-03  0.000E+00  0.000E+00  0.000E+00  0.000E+00  0.000E+00  0.000E+00  0.000E+00  2.509E-03
  1.203E-04  4.100E-03  0.000E+00  0.000E+00  5.206E-04  3.596E-03  6.684E-04  0.000E+00  0.000E+00  0.000E+00
  7.458E-04  1.060E-03  0.000E+00  0.000E+00  2.537E-03  0.000E+00  0.000E+00  0.000E+00  0.000E+00  0.000E+00
  0.000E+00  0.000E+00  3.550E-03  8.229E-04  1.618E-03  6.217E-04  0.000E+00  0.000E+00  0.000E+00  6.930E-04
  0.000E+00  3.293E-03  0.000E+00  1.172E-03  2.357E-03  2.780E-04  0.000E+00  0.000E+00  0.000E+00  0.000E+00
  0.000E+00  0.000E+00  0.000E+00  0.000E+00  0.000E+00  0.000E+00  0.000E+00  0.000E+00  0.000E+00  0.000E+00
  0.000E+00  0.000E+00  0.000E+00  0.000E+00  0.000E+00  0.000E+00  0.000E+00  0.000E+00  0.000E+00  0.000E+00
  0.000E+00  0.000E+00  0.000E+00  0.000E+00  0.000E+00  0.000E+00  0.000E+00  0.000E+00  0.000E+00  0.000E+00
  2.193E-03  2.584E-04  0.000E+00  0.000E+00  0.000E+00  0.000E+00  0.000E+00  1.999E-03  1.036E-03  0.000E+00
  0.000E+00  0.000E+00  0.000E+00  0.000E+00  0.000E+00  0.000E+00  0.000E+00  0.000E+00  1.780E-03  8.206E-04
  0.000E+00  0.000E+00  5.903E-03  1.922E-03  0.000E+00  0.000E+00  0.000E+00  0.000E+00  0.000E+00  5.264E-04
  2.050E-03  0.000E+00  2.066E-03  2.455E-03  3.041E-05  0.000E+00  0.000E+00  0.000E+00  0.000E+00  0.000E+00
  0.000E+00  2.200E-03  0.000E+00  0.000E+00  0.000E+00  0.000E+00  0.000E+00  0.000E+00  0.000E+00  1.557E-03
  2.086E-03  4.055E-03  2.880E-03  1.657E-03  0.000E+00  0.000E+00  2.928E-03  1.326E-03  0.000E+00  0.000E+00
  0.000E+00  0.000E+00  0.000E+00  0.000E+00  2.537E-03  0.000E+00  0.000E+00  0.000E+00  0.000E+00  0.000E+00
  0.000E+00  0.000E+00  2.057E-03  2.316E-03  0.000E+00  2.240E-03  0.000E+00  0.000E+00  0.000E+00  1.501E-04
  2.237E-03  1.214E-03  0.000E+00  0.000E+00  0.000E+00  2.079E-03  1.728E-03  1.973E-03  0.000E+00  0.000E+00
  0.000E+00  0.000E+00  0.000E+00  0.000E+00  0.000E+00  0.000E+00  0.000E+00  0.000E+00  0.000E+00  0.000E+00
  0.000E+00  0.000E+00  0.000E+00  0.000E+00  0.000E+00  0.000E+00  0.000E+00  0.000E+00  0.000E+00  0.000E+00
  0.000E+00  0.000E+00  0.000E+00  0.000E+00  0.000E+00  0.000E+00  0.000E+00  0.000E+00  0.000E+00  0.000E+00
  0.000E+00  0.000E+00  0.000E+00  0.000E+00  0.000E+00  0.000E+00  3.782E-05  7.456E-04  0.000E+00  0.000E+00
  0.000E+00  0.000E+00  0.000E+00  0.000E+00  0.000E+00  0.000E+00  0.000E+00  1.228E-03  1.373E-03  0.000E+00
  0.000E+00  4.805E-03  3.020E-03  0.000E+00  0.000E+00  0.000E+00  0.000E+00  0.000E+00  0.000E+00  2.577E-03
  0.000E+00  0.000E+00  4.011E-03  8.459E-04  0.000E+00  0.000E+00  0.000E+00  0.000E+00  0.000E+00  0.000E+00
  0.000E+00  2.200E-03  0.000E+00  0.000E+00  0.000E+00  0.000E+00  0.000E+00  2.322E-03  2.437E-03  2.437E-03
  4.523E-03  3.360E-05  0.000E+00  0.000E+00  0.000E+00  0.000E+00  0.000E+00  0.000E+00  0.000E+00  0.000E+00
  0.000E+00  0.000E+00  0.000E+00  0.000E+00  2.537E-03  0.000E+00  0.000E+00  0.000E+00  0.000E+00  0.000E+00
  0.000E+00  0.000E+00  2.057E-03  1.406E-03  9.335E-04  1.594E-03  6.463E-04  0.000E+00  0.000E+00  0.000E+00
  1.531E-03  8.559E-04  0.000E+00  0.000E+00  0.000E+00  0.000E+00  6.284E-04  5.072E-03  8.219E-04  0.000E+00
  0.000E+00  0.000E+00  0.000E+00  0.000E+00  0.000E+00  0.000E+00  0.000E+00  0.000E+00  0.000E+00  0.000E+00
  0.000E+00  0.000E+00  0.000E+00  0.000E+00  0.000E+00  0.000E+00  0.000E+00  0.000E+00  0.000E+00  0.000E+00
  0.000E+00  0.000E+00  0.000E+00  0.000E+00  0.000E+00  0.000E+00  0.000E+00  0.000E+00  0.000E+00  0.000E+00
  0.000E+00  0.000E+00  0.000E+00  0.000E+00  0.000E+00  0.000E+00  0.000E+00  0.000E+00  0.000E+00  0.000E+00
  0.000E+00  0.000E+00  0.000E+00  0.000E+00  0.000E+00  0.000E+00  6.763E-04  1.925E-03  0.000E+00  0.000E+00
  2.617E-03  5.208E-03  0.000E+00  0.000E+00  0.000E+00  0.000E+00  0.000E+00  0.000E+00  2.497E-03  7.949E-05
  0.000E+00  2.199E-03  2.657E-03  0.000E+00  0.000E+00  0.000E+00  0.000E+00  0.000E+00  0.000E+00  0.000E+00
  0.000E+00  8.542E-04  0.000E+00  0.000E+00  0.000E+00  0.000E+00  0.000E+00  1.937E-03  7.074E-04  0.000E+00
  2.086E-03  0.000E+00  0.000E+00  0.000E+00  0.000E+00  0.000E+00  0.000E+00  0.000E+00  0.000E+00  0.000E+00
  0.000E+00  0.000E+00  0.000E+00  9.023E-04  5.277E-04  0.000E+00  0.000E+00  0.000E+00  0.000E+00  0.000E+00
  0.000E+00  0.000E+00  1.542E-03  1.069E-03  5.065E-03  3.903E-04  2.240E-03  0.000E+00  0.000E+00  0.000E+00
  0.000E+00  2.387E-03  0.000E+00  0.000E+00  0.000E+00  0.000E+00  0.000E+00  2.715E-03  1.535E-03  2.272E-03
  0.000E+00  0.000E+00  0.000E+00  0.000E+00  0.000E+00  0.000E+00  0.000E+00  0.000E+00  0.000E+00  0.000E+00
  0.000E+00  0.000E+00  0.000E+00  0.000E+00  0.000E+00  0.000E+00  0.000E+00  0.000E+00  0.000E+00  0.000E+00
  0.000E+00  0.000E+00  0.000E+00  0.000E+00  0.000E+00  0.000E+00  0.000E+00  0.000E+00  0.000E+00  0.000E+00
  0.000E+00  0.000E+00  0.000E+00  0.000E+00  0.000E+00  0.000E+00  0.000E+00  0.000E+00  0.000E+00  0.000E+00
  0.000E+00  0.000E+00  0.000E+00  0.000E+00  0.000E+00  1.243E-04  2.477E-03  0.000E+00  0.000E+00  1.861E-03
  5.948E-03  1.633E-05  0.000E+00  0.000E+00  0.000E+00  0.000E+00  0.000E+00  1.891E-03  6.854E-04  0.000E+00
  9.232E-04  3.933E-03  0.000E+00  0.000E+00  0.000E+00  0.000E+00  0.000E+00  0.000E+00  0.000E+00  0.000E+00
  0.000E+00  0.000E+00  0.000E+00  0.000E+00  0.000E+00  0.000E+00  0.000E+00  0.000E+00  2.644E-03  9.063E-04
  1.180E-03  0.000E+00  0.000E+00  0.000E+00  0.000E+00  0.000E+00  0.000E+00  0.000E+00  0.000E+00  0.000E+00
  0.000E+00  0.000E+00  0.000E+00  0.000E+00  0.000E+00  0.000E+00  0.000E+00  0.000E+00  0.000E+00  0.000E+00
  0.000E+00  0.000E+00  0.000E+00  2.057E-03  1.272E-03  3.403E-03  2.904E-03  6.709E-04  0.000E+00  0.000E+00
  0.000E+00  5.251E-04  1.862E-03  0.000E+00  0.000E+00  0.000E+00  0.000E+00  2.715E-03  0.000E+00  8.450E-05
  2.357E-03  1.366E-03  0.000E+00  0.000E+00  0.000E+00  0.000E+00  0.000E+00  0.000E+00  0.000E+00  0.000E+00
  0.000E+00  0.000E+00  0.000E+00  0.000E+00  0.000E+00  0.000E+00  0.000E+00  0.000E+00  0.000E+00  0.000E+00
  0.000E+00  0.000E+00  0.000E+00  0.000E+00  0.000E+00  0.000E+00  0.000E+00  0.000E+00  0.000E+00  0.000E+00
  0.000E+00  0.000E+00  0.000E+00  0.000E+00  0.000E+00  0.000E+00  0.000E+00  0.000E+00  0.000E+00  0.000E+00
  0.000E+00  0.000E+00  0.000E+00  0.000E+00  0.000E+00  2.601E-03  0.000E+00  0.000E+00  1.105E-03  5.256E-03
  1.465E-03  0.000E+00  0.000E+00  0.000E+00  0.000E+00  0.000E+00  1.285E-03  1.291E-03  0.000E+00  4.124E-04
  2.378E-03  2.066E-03  0.000E+00  0.000E+00  0.000E+00  0.000E+00  0.000E+00  0.000E+00  0.000E+00  0.000E+00
  0.000E+00  0.000E+00  0.000E+00  0.000E+00  0.000E+00  0.000E+00  0.000E+00  0.000E+00  2.001E-03  2.729E-03
  0.000E+00  0.000E+00  0.000E+00  0.000E+00  0.000E+00  0.000E+00  0.000E+00  0.000E+00  0.000E+00  0.000E+00
  0.000E+00  0.000E+00  0.000E+00  0.000E+00  0.000E+00  0.000E+00  0.000E+00  0.000E+00  0.000E+00  0.000E+00
  0.000E+00  0.000E+00  0.000E+00  2.057E-03  0.000E+00  2.316E-03  1.414E-03  4.520E-03  0.000E+00  0.000E+00
  0.000E+00  0.000E+00  1.906E-03  4.810E-04  0.000E+00  0.000E+00  0.000E+00  1.734E-03  0.000E+00  0.000E+00
  0.000E+00  9.909E-04  2.357E-03  4.594E-04  0.000E+00  0.000E+00  0.000E+00  0.000E+00  0.000E+00  0.000E+00
  0.000E+00  0.000E+00  0.000E+00  0.000E+00  0.000E+00  0.000E+00  0.000E+00  0.000E+00  0.000E+00  0.000E+00
  0.000E+00  0.000E+00  0.000E+00  0.000E+00  0.000E+00  0.000E+00  0.000E+00  0.000E+00  0.000E+00  0.000E+00
  0.000E+00  0.000E+00  0.000E+00  0.000E+00  0.000E+00  0.000E+00  0.000E+00  0.000E+00  0.000E+00  0.000E+00
  0.000E+00  0.000E+00  0.000E+00  0.000E+00  2.173E-03  4.278E-04  0.000E+00  6.799E-04  4.776E-03  3.355E-03
  0.000E+00  0.000E+00  0.000E+00  0.000E+00  0.000E+00  6.795E-04  1.897E-03  0.000E+00  0.000E+00  2.791E-03
  0.000E+00  2.066E-03  0.000E+00  0.000E+00  0.000E+00  0.000E+00  0.000E+00  0.000E+00  0.000E+00  0.000E+00
  0.000E+00  0.000E+00  0.000E+00  0.000E+00  0.000E+00  0.000E+00  0.000E+00  0.000E+00  0.000E+00  4.730E-03
  0.000E+00  0.000E+00  0.000E+00  0.000E+00  0.000E+00  0.000E+00  0.000E+00  0.000E+00  3.725E-04  5.976E-04
  0.000E+00  0.000E+00  0.000E+00  0.000E+00  0.000E+00  0.000E+00  0.000E+00  0.000E+00  0.000E+00  0.000E+00
  0.000E+00  0.000E+00  0.000E+00  2.057E-03  0.000E+00  1.161E-03  1.155E-03  2.014E-03  3.445E-03  4.755E-04
  0.000E+00  0.000E+00  0.000E+00  2.387E-03  0.000E+00  0.000E+00  0.000E+00  0.000E+00  0.000E+00  0.000E+00
  0.000E+00  0.000E+00  0.000E+00  1.897E-03  1.910E-03  0.000E+00  0.000E+00  0.000E+00  0.000E+00  0.000E+00
  0.000E+00  0.000E+00  0.000E+00  0.000E+00  0.000E+00  0.000E+00  0.000E+00  0.000E+00  0.000E+00  0.000E+00
  0.000E+00  0.000E+00  0.000E+00  0.000E+00  0.000E+00  0.000E+00  0.000E+00  0.000E+00  0.000E+00  0.000E+00
  0.000E+00  0.000E+00  0.000E+00  0.000E+00  0.000E+00  0.000E+00  0.000E+00  0.000E+00  0.000E+00  0.000E+00
  0.000E+00  0.000E+00  0.000E+00  1.621E-03  9.798E-04  0.000E+00  6.320E-04  4.493E-03  3.344E-03  1.847E-03
  0.000E+00  0.000E+00  0.000E+00  0.000E+00  7.366E-05  2.503E-03  0.000E+00  0.000E+00  2.692E-03  9.828E-05
  0.000E+00  2.066E-03  0.000E+00  0.000E+00  0.000E+00  0.000E+00  0.000E+00  0.000E+00  0.000E+00  0.000E+00
  0.000E+00  0.000E+00  0.000E+00  0.000E+00  0.000E+00  0.000E+00  0.000E+00  0.000E+00  0.000E+00  4.152E-03
  5.787E-04  0.000E+00  0.000E+00  0.000E+00  0.000E+00  0.000E+00  0.000E+00  0.000E+00  0.000E+00  2.406E-03
  0.000E+00  0.000E+00  0.000E+00  0.000E+00  0.000E+00  0.000E+00  0.000E+00  0.000E+00  0.000E+00  0.000E+00
  0.000E+00  0.000E+00  0.000E+00  1.975E-03  8.158E-05  0.000E+00  2.316E-03  3.993E-04  2.240E-03  2.274E-03
  1.420E-03  0.000E+00  0.000E+00  9.000E-04  1.487E-03  0.000E+00  0.000E+00  0.000E+00  0.000E+00  0.000E+00
  0.000E+00  0.000E+00  0.000E+00  0.000E+00  4.470E-04  2.357E-03  1.003E-03  0.000E+00  0.000E+00  0.000E+00
  0.000E+00  0.000E+00  0.000E+00  0.000E+00  0.000E+00  0.000E+00  0.000E+00  0.000E+00  0.000E+00  0.000E+00
  0.000E+00  0.000E+00  0.000E+00  0.000E+00  0.000E+00  0.000E+00  0.000E+00  0.000E+00  7.475E-04  3.103E-04
  0.000E+00  0.000E+00  0.000E+00  0.000E+00  0.000E+00  0.000E+00  0.000E+00  0.000E+00  0.000E+00  0.000E+00
  0.000E+00  0.000E+00  1.069E-03  1.532E-03  0.000E+00  5.842E-04  3.833E-03  1.434E-03  4.465E-03  0.000E+00
  0.000E+00  0.000E+00  0.000E+00  0.000E+00  2.577E-03  0.000E+00  0.000E+00  2.182E-03  6.090E-04  0.000E+00
  2.011E-03  5.502E-05  0.000E+00  0.000E+00  0.000E+00  0.000E+00  0.000E+00  0.000E+00  0.000E+00  0.000E+00
  0.000E+00  0.000E+00  0.000E+00  0.000E+00  0.000E+00  0.000E+00  0.000E+00  0.000E+00  1.692E-03  3.936E-04
  6.202E-04  0.000E+00  0.000E+00  0.000E+00  0.000E+00  0.000E+00  0.000E+00  0.000E+00  0.000E+00  6.789E-04
  1.727E-03  0.000E+00  0.000E+00  0.000E+00  0.000E+00  0.000E+00  0.000E+00  0.000E+00  0.000E+00  0.000E+00
  0.000E+00  0.000E+00  0.000E+00  0.000E+00  2.057E-03  0.000E+00  1.051E-03  2.088E-03  2.961E-03  7.201E-04
  4.878E-04  0.000E+00  0.000E+00  0.000E+00  2.281E-03  1.060E-04  0.000E+00  0.000E+00  0.000E+00  0.000E+00
  0.000E+00  0.000E+00  0.000E+00  0.000E+00  0.000E+00  0.000E+00  1.353E-03  2.357E-03  9.691E-05  0.000E+00
  0.000E+00  0.000E+00  0.000E+00  0.000E+00  0.000E+00  0.000E+00  0.000E+00  0.000E+00  0.000E+00  0.000E+00
  0.000E+00  0.000E+00  0.000E+00  0.000E+00  0.000E+00  0.000E+00  0.000E+00  0.000E+00  0.000E+00  2.301E-03
  0.000E+00  0.000E+00  0.000E+00  0.000E+00  0.000E+00  0.000E+00  0.000E+00  0.000E+00  0.000E+00  0.000E+00
  0.000E+00  5.156E-04  2.084E-03  0.000E+00  5.323E-04  3.058E-03  1.747E-03  4.806E-03  0.000E+00  0.000E+00
  0.000E+00  0.000E+00  0.000E+00  2.012E-03  5.322E-04  0.000E+00  2.193E-05  1.120E-03  0.000E+00  0.000E+00
  2.009E-03  0.000E+00  0.000E+00  0.000E+00  0.000E+00  0.000E+00  0.000E+00  0.000E+00  0.000E+00  0.000E+00
  0.000E+00  0.000E+00  0.000E+00  0.000E+00  0.000E+00  0.000E+00  0.000E+00  0.000E+00  2.085E-03  0.000E+00
  0.000E+00  7.545E-04  0.000E+00  0.000E+00  0.000E+00  0.000E+00  0.000E+00  0.000E+00  0.000E+00  0.000E+00
  1.955E-03  3.800E-04  0.000E+00  0.000E+00  0.000E+00  0.000E+00  0.000E+00  0.000E+00  0.000E+00  0.000E+00
  0.000E+00  0.000E+00  0.000E+00  0.000E+00  2.040E-03  0.000E+00  0.000E+00  2.296E-03  2.214E-03  2.180E-03
  0.000E+00  0.000E+00  0.000E+00  0.000E+00  0.000E+00  2.377E-03  0.000E+00  0.000E+00  0.000E+00  0.000E+00
  0.000E+00  0.000E+00  0.000E+00  0.000E+00  0.000E+00  0.000E+00  0.000E+00  0.000E+00  2.260E-03  1.545E-03
  0.000E+00  0.000E+00  0.000E+00  0.000E+00  0.000E+00  0.000E+00  0.000E+00  0.000E+00  0.000E+00  0.000E+00
  0.000E+00  0.000E+00  0.000E+00  0.000E+00  0.000E+00  0.000E+00  0.000E+00  0.000E+00  0.000E+00  0.000E+00

#------------------------------------------------------------------------------
# gshow
#------------------------------------------------------------------------------

p: legs[c5*0.875]

w:4/ x(   0.5095041E+01) y(  -0.1485802E+02) ix(2) iy(2) s(   0.7000E+00)

hb:   line clip z  
clip:
  0.000000E+00 -1.999388E+01
  1.239669E-02 -2.000000E+01
  3.091521E-02 -2.000000E+01
  5.206612E-01 -2.000000E+01
  5.391797E-01 -2.000000E+01
  1.028926E+00 -2.000000E+01
  1.047444E+00 -2.000000E+01
  1.537190E+00 -2.000000E+01
  1.555709E+00 -2.000000E+01
  2.045455E+00 -2.000000E+01
  2.063973E+00 -2.000000E+01
  2.553719E+00 -2.000000E+01
  2.572238E+00 -2.000000E+01
  3.061983E+00 -2.000000E+01
  3.080502E+00 -2.000000E+01
  3.570248E+00 -2.000000E+01
  3.588766E+00 -2.000000E+01
  4.078512E+00 -2.000000E+01
  4.097031E+00 -2.000000E+01
  4.586777E+00 -2.000000E+01
  4.605295E+00 -2.000000E+01
  5.095041E+00 -2.000000E+01
  5.113560E+00 -2.000000E+01
  5.603306E+00 -2.000000E+01
  5.621824E+00 -2.000000E+01
  6.111570E+00 -2.000000E+01
  6.130089E+00 -2.000000E+01
  6.619835E+00 -2.000000E+01
  6.638353E+00 -2.000000E+01
  7.128099E+00 -2.000000E+01
  7.146618E+00 -2.000000E+01
  7.636364E+00 -2.000000E+01
  7.654882E+00 -2.000000E+01
  8.144628E+00 -2.000000E+01
  8.163147E+00 -2.000000E+01
  8.652893E+00 -2.000000E+01
  8.671411E+00 -2.000000E+01
  9.161157E+00 -2.000000E+01
  9.179676E+00 -2.000000E+01
  9.669421E+00 -2.000000E+01
  9.687940E+00 -2.000000E+01
  1.017769E+01 -2.000000E+01
  1.019620E+01 -2.000000E+01
  1.068595E+01 -2.000000E+01
  1.070447E+01 -2.000000E+01
  1.119421E+01 -2.000000E+01
  1.121273E+01 -2.000000E+01
  1.170248E+01 -2.000000E+01
  1.172100E+01 -2.000000E+01
  1.221074E+01 -2.000000E+01
  1.222926E+01 -2.000000E+01
  1.271901E+01 -2.000000E+01
  1.273753E+01 -2.000000E+01
  1.322727E+01 -2.000000E+01
  1.324579E+01 -2.000000E+01
  1.373554E+01 -2.000000E+01
  1.375406E+01 -2.000000E+01
  1.424380E+01 -2.000000E+01
  1.426232E+01 -2.000000E+01
  1.475207E+01 -2.000000E+01
  1.477058E+01 -2.000000E+01
  1.526033E+01 -2.000000E+01
  1.527885E+01 -2.000000E+01
  1.576860E+01 -2.000000E+01
  1.578711E+01 -2.000000E+01
  1.627686E+01 -2.000000E+01
  1.629538E+01 -2.000000E+01
  1.678512E+01 -2.000000E+01
  1.680364E+01 -2.000000E+01
  1.729339E+01 -2.000000E+01
  1.731191E+01 -2.000000E+01
  1.780165E+01 -2.000000E+01
  1.782017E+01 -2.000000E+01
  1.830992E+01 -2.000000E+01
  1.832844E+01 -2.000000E+01
  1.881818E+01 -2.000000E+01
  1.883670E+01 -2.000000E+01
  1.932645E+01 -2.000000E+01
  1.934496E+01 -2.000000E+01
  1.983471E+01 -2.000000E+01
  1.985323E+01 -2.000000E+01
  2.034298E+01 -2.000000E+01
  2.036149E+01 -2.000000E+01
  2.085124E+01 -2.000000E+01
  2.086976E+01 -2.000000E+01
  2.135950E+01 -2.000000E+01
  2.137802E+01 -2.000000E+01
  2.186777E+01 -2.000000E+01
  2.188629E+01 -2.000000E+01
  2.237603E+01 -2.000000E+01
  2.239455E+01 -2.000000E+01
  2.288430E+01 -2.000000E+01
  2.290282E+01 -2.000000E+01
  2.339256E+01 -2.000000E+01
  2.341108E+01 -2.000000E+01
  2.390083E+01 -2.000000E+01
  2.391934E+01 -2.000000E+01
  2.440909E+01 -2.000000E+01
  2.442761E+01 -2.000000E+01
  2.491736E+01 -2.000000E+01
  2.493587E+01 -2.000000E+01
  2.542562E+01 -2.000000E+01
  2.544414E+01 -2.000000E+01
  2.593388E+01 -2.000000E+01
  2.595240E+01 -2.000000E+01
  2.644215E+01 -2.000000E+01
  2.646067E+01 -2.000000E+01
  2.695041E+01 -2.000000E+01
  2.696893E+01 -2.000000E+01
  2.745868E+01 -2.000000E+01
  2.747720E+01 -2.000000E+01
  2.796694E+01 -2.000000E+01
  2.798546E+01 -2.000000E+01
  2.847521E+01 -2.000000E+01
  2.849373E+01 -2.000000E+01
  2.898347E+01 -2.000000E+01
  2.900199E+01 -2.000000E+01
  2.949174E+01 -2.000000E+01
  2.951025E+01 -2.000000E+01
  3.000000E+01 -2.000000E+01
  3.001852E+01 -2.000000E+01
  3.050826E+01 -2.000000E+01
  3.052678E+01 -2.000000E+01
  3.101653E+01 -2.000000E+01
  3.103505E+01 -2.000000E+01
  3.152479E+01 -2.000000E+01
  3.154331E+01 -2.000000E+01
  3.203306E+01 -2.000000E+01
  3.205158E+01 -2.000000E+01
  3.254132E+01 -2.000000E+01
  3.255984E+01 -2.000000E+01
  3.304959E+01 -2.000000E+01
  3.306811E+01 -2.000000E+01
  3.355785E+01 -2.000000E+01
  3.357637E+01 -2.000000E+01
  3.406612E+01 -2.000000E+01
  3.408463E+01 -2.000000E+01
  3.457438E+01 -2.000000E+01
  3.459290E+01 -2.000000E+01
  3.508264E+01 -2.000000E+01
  3.510116E+01 -2.000000E+01
  3.559091E+01 -2.000000E+01
  3.560943E+01 -2.000000E+01
  3.609917E+01 -2.000000E+01
  3.611769E+01 -2.000000E+01
  3.660744E+01 -2.000000E+01
  3.662596E+01 -2.000000E+01
  3.711570E+01 -2.000000E+01
  3.713422E+01 -2.000000E+01
  3.762397E+01 -2.000000E+01
  3.764249E+01 -2.000000E+01
  3.813223E+01 -2.000000E+01
  3.815075E+01 -2.000000E+01
  3.864050E+01 -2.000000E+01
  3.865901E+01 -2.000000E+01
  3.914876E+01 -2.000000E+01
  3.916728E+01 -2.000000E+01
  3.965702E+01 -2.000000E+01
  3.967554E+01 -2.000000E+01
  4.016529E+01 -2.000000E+01
  4.018381E+01 -2.000000E+01
  4.067355E+01 -2.000000E+01
  4.069207E+01 -2.000000E+01
  4.118182E+01 -2.000000E+01
  4.120034E+01 -2.000000E+01
  4.169008E+01 -2.000000E+01
  4.170860E+01 -2.000000E+01
  4.219835E+01 -2.000000E+01
  4.221687E+01 -2.000000E+01
  4.270661E+01 -2.000000E+01
  4.272513E+01 -2.000000E+01
  4.321488E+01 -2.000000E+01
  4.323339E+01 -2.000000E+01
  4.372314E+01 -2.000000E+01
  4.374166E+01 -2.000000E+01
  4.423140E+01 -2.000000E+01
  4.424992E+01 -2.000000E+01
  4.473967E+01 -2.000000E+01
  4.475819E+01 -2.000000E+01
  4.524793E+01 -2.000000E+01
  4.526645E+01 -2.000000E+01
  4.575620E+01 -2.000000E+01
  4.577472E+01 -2.000000E+01
  4.626446E+01 -2.000000E+01
  4.628298E+01 -2.000000E+01
  4.677273E+01 -2.000000E+01
  4.679125E+01 -2.000000E+01
  4.728099E+01 -2.000000E+01
  4.729951E+01 -2.000000E+01
  4.778926E+01 -2.000000E+01
  4.780777E+01 -2.000000E+01
  4.829752E+01 -2.000000E+01
  4.831604E+01 -2.000000E+01
  4.880579E+01 -2.000000E+01
  4.882430E+01 -2.000000E+01
  4.931405E+01 -2.000000E+01
  4.933257E+01 -2.000000E+01
  4.982231E+01 -2.000000E+01
  4.984083E+01 -2.000000E+01
  5.033058E+01 -2.000000E+01
  5.034910E+01 -2.000000E+01
  5.083884E+01 -2.000000E+01
  5.085736E+01 -2.000000E+01
  5.134711E+01 -2.000000E+01
  5.136563E+01 -2.000000E+01
  5.185537E+01 -2.000000E+01
  5.187389E+01 -2.000000E+01
  5.236364E+01 -2.000000E+01
  5.238215E+01 -2.000000E+01
  5.287190E+01 -2.000000E+01
  5.289042E+01 -2.000000E+01
  5.338017E+01 -2.000000E+01
  5.339868E+01 -2.000000E+01
  5.388843E+01 -2.000000E+01
  5.390695E+01 -2.000000E+01
  5.439669E+01 -2.000000E+01
  5.441521E+01 -2.000000E+01
  5.490496E+01 -2.000000E+01
  5.492348E+01 -2.000000E+01
  5.541322E+01 -2.000000E+01
  5.543174E+01 -2.000000E+01
  5.592149E+01 -2.000000E+01
  5.594001E+01 -2.000000E+01
  5.642975E+01 -2.000000E+01
  5.644827E+01 -2.000000E+01
  5.693802E+01 -2.000000E+01
  5.695654E+01 -2.000000E+01
  5.744628E+01 -2.000000E+01
  5.746480E+01 -2.000000E+01
  5.795455E+01 -2.000000E+01
  5.797306E+01 -2.000000E+01
  5.846281E+01 -2.000000E+01
  5.848133E+01 -2.000000E+01
  5.897107E+01 -2.000000E+01
  5.898959E+01 -2.000000E+01
  5.947934E+01 -2.000000E+01
  5.949786E+01 -2.000000E+01
  5.998760E+01 -2.000000E+01
  6.000000E+01 -1.999388E+01
  6.000000E+01 -1.998148E+01
  6.000000E+01 -1.996908E+01
  6.000000E+01 -1.946914E+01
  6.000000E+01 -1.945674E+01
  6.000000E+01 -1.895679E+01
  6.000000E+01 -1.894439E+01
  6.000000E+01 -1.844444E+01
  6.000000E+01 -1.843205E+01
  6.000000E+01 -1.793210E+01
  6.000000E+01 -1.791970E+01
  6.000000E+01 -1.741975E+01
  6.000000E+01 -1.740736E+01
  6.000000E+01 -1.690741E+01
  6.000000E+01 -1.689501E+01
  6.000000E+01 -1.639506E+01
  6.000000E+01 -1.638267E+01
  6.000000E+01 -1.588272E+01
  6.000000E+01 -1.587032E+01
  6.000000E+01 -1.537037E+01
  6.000000E+01 -1.535797E+01
  6.000000E+01 -1.485802E+01
  6.000000E+01 -1.484563E+01
  6.000000E+01 -1.434568E+01
  6.000000E+01 -1.433328E+01
  6.000000E+01 -1.383333E+01
  6.000000E+01 -1.382094E+01
  6.000000E+01 -1.332099E+01
  6.000000E+01 -1.330859E+01
  6.000000E+01 -1.280864E+01
  6.000000E+01 -1.279625E+01
  6.000000E+01 -1.229630E+01
  6.000000E+01 -1.228390E+01
  6.000000E+01 -1.178395E+01
  6.000000E+01 -1.177155E+01
  6.000000E+01 -1.127160E+01
  6.000000E+01 -1.125921E+01
  6.000000E+01 -1.075926E+01
  6.000000E+01 -1.074686E+01
  6.000000E+01 -1.024691E+01
  6.000000E+01 -1.023452E+01
  6.000000E+01 -9.734568E+00
  6.000000E+01 -9.722171E+00
  6.000000E+01 -9.222222E+00
  6.000000E+01 -9.209826E+00
  6.000000E+01 -8.709877E+00
  6.000000E+01 -8.697480E+00
  6.000000E+01 -8.197531E+00
  6.000000E+01 -8.185134E+00
  6.000000E+01 -7.685185E+00
  6.000000E+01 -7.672788E+00
  6.000000E+01 -7.172840E+00
  6.000000E+01 -7.160443E+00
  6.000000E+01 -6.660494E+00
  6.000000E+01 -6.648097E+00
  6.000000E+01 -6.148148E+00
  6.000000E+01 -6.135751E+00
  6.000000E+01 -5.635802E+00
  6.000000E+01 -5.623406E+00
  6.000000E+01 -5.123457E+00
  6.000000E+01 -5.111060E+00
  6.000000E+01 -4.611111E+00
  6.000000E+01 -4.598714E+00
  6.000000E+01 -4.098765E+00
  6.000000E+01 -4.086369E+00
  6.000000E+01 -3.586420E+00
  6.000000E+01 -3.574023E+00
  6.000000E+01 -3.074074E+00
  6.000000E+01 -3.061677E+00
  6.000000E+01 -2.561728E+00
  6.000000E+01 -2.549332E+00
  6.000000E+01 -2.049383E+00
  6.000000E+01 -2.036986E+00
  6.000000E+01 -1.537037E+00
  6.000000E+01 -1.524640E+00
  6.000000E+01 -1.024691E+00
  6.000000E+01 -1.012295E+00
  6.000000E+01 -5.123457E-01
  6.000000E+01 -4.999490E-01
  6.000000E+01  1.234923E-11
  6.000000E+01  1.239669E-02
  6.000000E+01  5.123457E-01
  6.000000E+01  5.247424E-01
  6.000000E+01  1.024691E+00
  6.000000E+01  1.037088E+00
  6.000000E+01  1.537037E+00
  6.000000E+01  1.549434E+00
  6.000000E+01  2.049383E+00
  6.000000E+01  2.061779E+00
  6.000000E+01  2.561728E+00
  6.000000E+01  2.574125E+00
  6.000000E+01  3.074074E+00
  6.000000E+01  3.086471E+00
  6.000000E+01  3.586420E+00
  6.000000E+01  3.598816E+00
  6.000000E+01  4.098765E+00
  6.000000E+01  4.111162E+00
  6.000000E+01  4.611111E+00
  6.000000E+01  4.623508E+00
  6.000000E+01  5.123457E+00
  6.000000E+01  5.135853E+00
  6.000000E+01  5.635802E+00
  6.000000E+01  5.648199E+00
  6.000000E+01  6.148148E+00
  6.000000E+01  6.160545E+00
  6.000000E+01  6.660494E+00
  6.000000E+01  6.672891E+00
  6.000000E+01  7.172840E+00
  6.000000E+01  7.185236E+00
  6.000000E+01  7.685185E+00
  6.000000E+01  7.697582E+00
  6.000000E+01  8.197531E+00
  6.000000E+01  8.209928E+00
  6.000000E+01  8.709877E+00
  6.000000E+01  8.722273E+00
  6.000000E+01  9.222222E+00
  6.000000E+01  9.234619E+00
  6.000000E+01  9.734568E+00
  6.000000E+01  9.746965E+00
  6.000000E+01  1.024691E+01
  6.000000E+01  1.025931E+01
  6.000000E+01  1.075926E+01
  6.000000E+01  1.077166E+01
  6.000000E+01  1.127160E+01
  6.000000E+01  1.128400E+01
  6.000000E+01  1.178395E+01
  6.000000E+01  1.179635E+01
  6.000000E+01  1.229630E+01
  6.000000E+01  1.230869E+01
  6.000000E+01  1.280864E+01
  6.000000E+01  1.282104E+01
  6.000000E+01  1.332099E+01
  6.000000E+01  1.333338E+01
  6.000000E+01  1.383333E+01
  6.000000E+01  1.384573E+01
  6.000000E+01  1.434568E+01
  6.000000E+01  1.435808E+01
  6.000000E+01  1.485802E+01
  6.000000E+01  1.487042E+01
  6.000000E+01  1.537037E+01
  6.000000E+01  1.538277E+01
  6.000000E+01  1.588272E+01
  6.000000E+01  1.589511E+01
  6.000000E+01  1.639506E+01
  6.000000E+01  1.640746E+01
  6.000000E+01  1.690741E+01
  6.000000E+01  1.691980E+01
  6.000000E+01  1.741975E+01
  6.000000E+01  1.743215E+01
  6.000000E+01  1.793210E+01
  6.000000E+01  1.794450E+01
  6.000000E+01  1.844444E+01
  6.000000E+01  1.845684E+01
  6.000000E+01  1.895679E+01
  6.000000E+01  1.896919E+01
  6.000000E+01  1.946914E+01
  6.000000E+01  1.948153E+01
  6.000000E+01  1.998148E+01
  6.000000E+01  1.999388E+01
  5.998760E+01  2.000000E+01
  5.996908E+01  2.000000E+01
  5.947934E+01  2.000000E+01
  5.946082E+01  2.000000E+01
  5.897107E+01  2.000000E+01
  5.895256E+01  2.000000E+01
  5.846281E+01  2.000000E+01
  5.844429E+01  2.000000E+01
  5.795455E+01  2.000000E+01
  5.793603E+01  2.000000E+01
  5.744628E+01  2.000000E+01
  5.742776E+01  2.000000E+01
  5.693802E+01  2.000000E+01
  5.691950E+01  2.000000E+01
  5.642975E+01  2.000000E+01
  5.641123E+01  2.000000E+01
  5.592149E+01  2.000000E+01
  5.590297E+01  2.000000E+01
  5.541322E+01  2.000000E+01
  5.539470E+01  2.000000E+01
  5.490496E+01  2.000000E+01
  5.488644E+01  2.000000E+01
  5.439669E+01  2.000000E+01
  5.437818E+01  2.000000E+01
  5.388843E+01  2.000000E+01
  5.386991E+01  2.000000E+01
  5.338017E+01  2.000000E+01
  5.336165E+01  2.000000E+01
  5.287190E+01  2.000000E+01
  5.285338E+01  2.000000E+01
  5.236364E+01  2.000000E+01
  5.234512E+01  2.000000E+01
  5.185537E+01  2.000000E+01
  5.183685E+01  2.000000E+01
  5.134711E+01  2.000000E+01
  5.132859E+01  2.000000E+01
  5.083884E+01  2.000000E+01
  5.082032E+01  2.000000E+01
  5.033058E+01  2.000000E+01
  5.031206E+01  2.000000E+01
  4.982231E+01  2.000000E+01
  4.980380E+01  2.000000E+01
  4.931405E+01  2.000000E+01
  4.929553E+01  2.000000E+01
  4.880579E+01  2.000000E+01
  4.878727E+01  2.000000E+01
  4.829752E+01  2.000000E+01
  4.827900E+01  2.000000E+01
  4.778926E+01  2.000000E+01
  4.777074E+01  2.000000E+01
  4.728099E+01  2.000000E+01
  4.726247E+01  2.000000E+01
  4.677273E+01  2.000000E+01
  4.675421E+01  2.000000E+01
  4.626446E+01  2.000000E+01
  4.624594E+01  2.000000E+01
  4.575620E+01  2.000000E+01
  4.573768E+01  2.000000E+01
  4.524793E+01  2.000000E+01
  4.522942E+01  2.000000E+01
  4.473967E+01  2.000000E+01
  4.472115E+01  2.000000E+01
  4.423140E+01  2.000000E+01
  4.421289E+01  2.000000E+01
  4.372314E+01  2.000000E+01
  4.370462E+01  2.000000E+01
  4.321488E+01  2.000000E+01
  4.319636E+01  2.000000E+01
  4.270661E+01  2.000000E+01
  4.268809E+01  2.000000E+01
  4.219835E+01  2.000000E+01
  4.217983E+01  2.000000E+01
  4.169008E+01  2.000000E+01
  4.167156E+01  2.000000E+01
  4.118182E+01  2.000000E+01
  4.116330E+01  2.000000E+01
  4.067355E+01  2.000000E+01
  4.065504E+01  2.000000E+01
  4.016529E+01  2.000000E+01
  4.014677E+01  2.000000E+01
  3.965702E+01  2.000000E+01
  3.963851E+01  2.000000E+01
  3.914876E+01  2.000000E+01
  3.913024E+01  2.000000E+01
  3.864050E+01  2.000000E+01
  3.862198E+01  2.000000E+01
  3.813223E+01  2.000000E+01
  3.811371E+01  2.000000E+01
  3.762397E+01  2.000000E+01
  3.760545E+01  2.000000E+01
  3.711570E+01  2.000000E+01
  3.709718E+01  2.000000E+01
  3.660744E+01  2.000000E+01
  3.658892E+01  2.000000E+01
  3.609917E+01  2.000000E+01
  3.608066E+01  2.000000E+01
  3.559091E+01  2.000000E+01
  3.557239E+01  2.000000E+01
  3.508264E+01  2.000000E+01
  3.506413E+01  2.000000E+01
  3.457438E+01  2.000000E+01
  3.455586E+01  2.000000E+01
  3.406612E+01  2.000000E+01
  3.404760E+01  2.000000E+01
  3.355785E+01  2.000000E+01
  3.353933E+01  2.000000E+01
  3.304959E+01  2.000000E+01
  3.303107E+01  2.000000E+01
  3.254132E+01  2.000000E+01
  3.252280E+01  2.000000E+01
  3.203306E+01  2.000000E+01
  3.201454E+01  2.000000E+01
  3.152479E+01  2.000000E+01
  3.150627E+01  2.000000E+01
  3.101653E+01  2.000000E+01
  3.099801E+01  2.000000E+01
  3.050826E+01  2.000000E+01
  3.048975E+01  2.000000E+01
  3.000000E+01  2.000000E+01
  2.998148E+01  2.000000E+01
  2.949174E+01  2.000000E+01
  2.947322E+01  2.000000E+01
  2.898347E+01  2.000000E+01
  2.896495E+01  2.000000E+01
  2.847521E+01  2.000000E+01
  2.845669E+01  2.000000E+01
  2.796694E+01  2.000000E+01
  2.794842E+01  2.000000E+01
  2.745868E+01  2.000000E+01
  2.744016E+01  2.000000E+01
  2.695041E+01  2.000000E+01
  2.693189E+01  2.000000E+01
  2.644215E+01  2.000000E+01
  2.642363E+01  2.000000E+01
  2.593388E+01  2.000000E+01
  2.591537E+01  2.000000E+01
  2.542562E+01  2.000000E+01
  2.540710E+01  2.000000E+01
  2.491736E+01  2.000000E+01
  2.489884E+01  2.000000E+01
  2.440909E+01  2.000000E+01
  2.439057E+01  2.000000E+01
  2.390083E+01  2.000000E+01
  2.388231E+01  2.000000E+01
  2.339256E+01  2.000000E+01
  2.337404E+01  2.000000E+01
  2.288430E+01  2.000000E+01
  2.286578E+01  2.000000E+01
  2.237603E+01  2.000000E+01
  2.235751E+01  2.000000E+01
  2.186777E+01  2.000000E+01
  2.184925E+01  2.000000E+01
  2.135950E+01  2.000000E+01
  2.134099E+01  2.000000E+01
  2.085124E+01  2.000000E+01
  2.083272E+01  2.000000E+01
  2.034298E+01  2.000000E+01
  2.032446E+01  2.000000E+01
  1.983471E+01  2.000000E+01
  1.981619E+01  2.000000E+01
  1.932645E+01  2.000000E+01
  1.930793E+01  2.000000E+01
  1.881818E+01  2.000000E+01
  1.879966E+01  2.000000E+01
  1.830992E+01  2.000000E+01
  1.829140E+01  2.000000E+01
  1.780165E+01  2.000000E+01
  1.778313E+01  2.000000E+01
  1.729339E+01  2.000000E+01
  1.727487E+01  2.000000E+01
  1.678512E+01  2.000000E+01
  1.676661E+01  2.000000E+01
  1.627686E+01  2.000000E+01
  1.625834E+01  2.000000E+01
  1.576860E+01  2.000000E+01
  1.575008E+01  2.000000E+01
  1.526033E+01  2.000000E+01
  1.524181E+01  2.000000E+01
  1.475207E+01  2.000000E+01
  1.473355E+01  2.000000E+01
  1.424380E+01  2.000000E+01
  1.422528E+01  2.000000E+01
  1.373554E+01  2.000000E+01
  1.371702E+01  2.000000E+01
  1.322727E+01  2.000000E+01
  1.320875E+01  2.000000E+01
  1.271901E+01  2.000000E+01
  1.270049E+01  2.000000E+01
  1.221074E+01  2.000000E+01
  1.219223E+01  2.000000E+01
  1.170248E+01  2.000000E+01
  1.168396E+01  2.000000E+01
  1.119421E+01  2.000000E+01
  1.117570E+01  2.000000E+01
  1.068595E+01  2.000000E+01
  1.066743E+01  2.000000E+01
  1.017769E+01  2.000000E+01
  1.015917E+01  2.000000E+01
  9.669421E+00  2.000000E+01
  9.650903E+00  2.000000E+01
  9.161157E+00  2.000000E+01
  9.142639E+00  2.000000E+01
  8.652893E+00  2.000000E+01
  8.634374E+00  2.000000E+01
  8.144628E+00  2.000000E+01
  8.126110E+00  2.000000E+01
  7.636364E+00  2.000000E+01
  7.617845E+00  2.000000E+01
  7.128099E+00  2.000000E+01
  7.109581E+00  2.000000E+01
  6.619835E+00  2.000000E+01
  6.601316E+00  2.000000E+01
  6.111570E+00  2.000000E+01
  6.093052E+00  2.000000E+01
  5.603306E+00  2.000000E+01
  5.584787E+00  2.000000E+01
  5.095041E+00  2.000000E+01
  5.076523E+00  2.000000E+01
  4.586777E+00  2.000000E+01
  4.568258E+00  2.000000E+01
  4.078512E+00  2.000000E+01
  4.059994E+00  2.000000E+01
  3.570248E+00  2.000000E+01
  3.551729E+00  2.000000E+01
  3.061983E+00  2.000000E+01
  3.043465E+00  2.000000E+01
  2.553719E+00  2.000000E+01
  2.535200E+00  2.000000E+01
  2.045455E+00  2.000000E+01
  2.026936E+00  2.000000E+01
  1.537190E+00  2.000000E+01
  1.518672E+00  2.000000E+01
  1.028926E+00  2.000000E+01
  1.010407E+00  2.000000E+01
  5.206612E-01  2.000000E+01
  5.021426E-01  2.000000E+01
  1.239669E-02  2.000000E+01
  0.000000E+00  1.999388E+01
  0.000000E+00  1.998148E+01
  0.000000E+00  1.996908E+01
  0.000000E+00  1.946914E+01
  0.000000E+00  1.945674E+01
  0.000000E+00  1.895679E+01
  0.000000E+00  1.894439E+01
  0.000000E+00  1.844444E+01
  0.000000E+00  1.843205E+01
  0.000000E+00  1.793210E+01
  0.000000E+00  1.791970E+01
  0.000000E+00  1.741975E+01
  0.000000E+00  1.740736E+01
  0.000000E+00  1.690741E+01
  0.000000E+00  1.689501E+01
  0.000000E+00  1.639506E+01
  0.000000E+00  1.638267E+01
  0.000000E+00  1.588272E+01
  0.000000E+00  1.587032E+01
  0.000000E+00  1.537037E+01
  0.000000E+00  1.535797E+01
  0.000000E+00  1.485802E+01
  0.000000E+00  1.484563E+01
  0.000000E+00  1.434568E+01
  0.000000E+00  1.433328E+01
  0.000000E+00  1.383333E+01
  0.000000E+00  1.382094E+01
  0.000000E+00  1.332099E+01
  0.000000E+00  1.330859E+01
  0.000000E+00  1.280864E+01
  0.000000E+00  1.279625E+01
  0.000000E+00  1.229630E+01
  0.000000E+00  1.228390E+01
  0.000000E+00  1.178395E+01
  0.000000E+00  1.177155E+01
  0.000000E+00  1.127160E+01
  0.000000E+00  1.125921E+01
  0.000000E+00  1.075926E+01
  0.000000E+00  1.074686E+01
  0.000000E+00  1.024691E+01
  0.000000E+00  1.023452E+01
  0.000000E+00  9.734568E+00
  0.000000E+00  9.722171E+00
  0.000000E+00  9.222222E+00
  0.000000E+00  9.209826E+00
  0.000000E+00  8.709877E+00
  0.000000E+00  8.697480E+00
  0.000000E+00  8.197531E+00
  0.000000E+00  8.185134E+00
  0.000000E+00  7.685185E+00
  0.000000E+00  7.672788E+00
  0.000000E+00  7.172840E+00
  0.000000E+00  7.160443E+00
  0.000000E+00  6.660494E+00
  0.000000E+00  6.648097E+00
  0.000000E+00  6.148148E+00
  0.000000E+00  6.135751E+00
  0.000000E+00  5.635802E+00
  0.000000E+00  5.623406E+00
  0.000000E+00  5.123457E+00
  0.000000E+00  5.111060E+00
  0.000000E+00  4.611111E+00
  0.000000E+00  4.598714E+00
  0.000000E+00  4.098765E+00
  0.000000E+00  4.086369E+00
  0.000000E+00  3.586420E+00
  0.000000E+00  3.574023E+00
  0.000000E+00  3.074074E+00
  0.000000E+00  3.061677E+00
  0.000000E+00  2.561728E+00
  0.000000E+00  2.549332E+00
  0.000000E+00  2.049383E+00
  0.000000E+00  2.036986E+00
  0.000000E+00  1.537037E+00
  0.000000E+00  1.524640E+00
  0.000000E+00  1.024691E+00
  0.000000E+00  1.012295E+00
  0.000000E+00  5.123457E-01
  0.000000E+00  4.999490E-01
  0.000000E+00  1.234923E-11
  0.000000E+00 -1.239669E-02
  0.000000E+00 -5.123457E-01
  0.000000E+00 -5.247424E-01
  0.000000E+00 -1.024691E+00
  0.000000E+00 -1.037088E+00
  0.000000E+00 -1.537037E+00
  0.000000E+00 -1.549434E+00
  0.000000E+00 -2.049383E+00
  0.000000E+00 -2.061779E+00
  0.000000E+00 -2.561728E+00
  0.000000E+00 -2.574125E+00
  0.000000E+00 -3.074074E+00
  0.000000E+00 -3.086471E+00
  0.000000E+00 -3.586420E+00
  0.000000E+00 -3.598816E+00
  0.000000E+00 -4.098765E+00
  0.000000E+00 -4.111162E+00
  0.000000E+00 -4.611111E+00
  0.000000E+00 -4.623508E+00
  0.000000E+00 -5.123457E+00
  0.000000E+00 -5.135853E+00
  0.000000E+00 -5.635802E+00
  0.000000E+00 -5.648199E+00
  0.000000E+00 -6.148148E+00
  0.000000E+00 -6.160545E+00
  0.000000E+00 -6.660494E+00
  0.000000E+00 -6.672891E+00
  0.000000E+00 -7.172840E+00
  0.000000E+00 -7.185236E+00
  0.000000E+00 -7.685185E+00
  0.000000E+00 -7.697582E+00
  0.000000E+00 -8.197531E+00
  0.000000E+00 -8.209928E+00
  0.000000E+00 -8.709877E+00
  0.000000E+00 -8.722273E+00
  0.000000E+00 -9.222222E+00
  0.000000E+00 -9.234619E+00
  0.000000E+00 -9.734568E+00
  0.000000E+00 -9.746965E+00
  0.000000E+00 -1.024691E+01
  0.000000E+00 -1.025931E+01
  0.000000E+00 -1.075926E+01
  0.000000E+00 -1.077166E+01
  0.000000E+00 -1.127160E+01
  0.000000E+00 -1.128400E+01
  0.000000E+00 -1.178395E+01
  0.000000E+00 -1.179635E+01
  0.000000E+00 -1.229630E+01
  0.000000E+00 -1.230869E+01
  0.000000E+00 -1.280864E+01
  0.000000E+00 -1.282104E+01
  0.000000E+00 -1.332099E+01
  0.000000E+00 -1.333338E+01
  0.000000E+00 -1.383333E+01
  0.000000E+00 -1.384573E+01
  0.000000E+00 -1.434568E+01
  0.000000E+00 -1.435808E+01
  0.000000E+00 -1.485802E+01
  0.000000E+00 -1.487042E+01
  0.000000E+00 -1.537037E+01
  0.000000E+00 -1.538277E+01
  0.000000E+00 -1.588272E+01
  0.000000E+00 -1.589511E+01
  0.000000E+00 -1.639506E+01
  0.000000E+00 -1.640746E+01
  0.000000E+00 -1.690741E+01
  0.000000E+00 -1.691980E+01
  0.000000E+00 -1.741975E+01
  0.000000E+00 -1.743215E+01
  0.000000E+00 -1.793210E+01
  0.000000E+00 -1.794450E+01
  0.000000E+00 -1.844444E+01
  0.000000E+00 -1.845684E+01
  0.000000E+00 -1.895679E+01
  0.000000E+00 -1.896919E+01
  0.000000E+00 -1.946914E+01
  0.000000E+00 -1.948153E+01
  0.000000E+00 -1.998148E+01

w:3/ x(   0.3500000E+02) y(  -0.1250000E+02) ix(2) iy(2) s(   0.7000E+00)

hb:   line clip z  
clip:
  1.511836E+01 -1.500000E+01
  5.490496E+01 -1.500000E+01
  5.500000E+01 -1.495307E+01
  5.500000E+01 -1.485802E+01
  5.500000E+01 -1.476298E+01
  5.500000E+01 -1.434568E+01
  5.500000E+01 -1.425064E+01
  5.500000E+01 -1.383333E+01
  5.500000E+01 -1.373829E+01
  5.500000E+01 -1.332099E+01
  5.500000E+01 -1.322595E+01
  5.500000E+01 -1.280864E+01
  5.500000E+01 -1.271360E+01
  5.500000E+01 -1.229630E+01
  5.500000E+01 -1.220125E+01
  5.500000E+01 -1.178395E+01
  5.500000E+01 -1.168891E+01
  5.500000E+01 -1.127160E+01
  5.500000E+01 -1.117656E+01
  5.500000E+01 -1.075926E+01
  5.500000E+01 -1.066422E+01
  5.500000E+01 -1.024691E+01
  5.500000E+01 -1.015187E+01
  5.490496E+01 -1.000000E+01
  5.465805E+01 -1.000000E+01
  5.439669E+01 -1.000000E+01
  5.414978E+01 -1.000000E+01
  5.388843E+01 -1.000000E+01
  5.364152E+01 -1.000000E+01
  5.338017E+01 -1.000000E+01
  5.313325E+01 -1.000000E+01
  5.287190E+01 -1.000000E+01
  5.262499E+01 -1.000000E+01
  5.236364E+01 -1.000000E+01
  5.211672E+01 -1.000000E+01
  5.185537E+01 -1.000000E+01
  5.160846E+01 -1.000000E+01
  5.134711E+01 -1.000000E+01
  5.110019E+01 -1.000000E+01
  5.083884E+01 -1.000000E+01
  5.059193E+01 -1.000000E+01
  5.033058E+01 -1.000000E+01
  5.008366E+01 -1.000000E+01
  4.982231E+01 -1.000000E+01
  4.957540E+01 -1.000000E+01
  4.931405E+01 -1.000000E+01
  4.906714E+01 -1.000000E+01
  4.880579E+01 -1.000000E+01
  4.855887E+01 -1.000000E+01
  4.829752E+01 -1.000000E+01
  4.805061E+01 -1.000000E+01
  4.778926E+01 -1.000000E+01
  4.754234E+01 -1.000000E+01
  4.728099E+01 -1.000000E+01
  4.703408E+01 -1.000000E+01
  4.677273E+01 -1.000000E+01
  4.652581E+01 -1.000000E+01
  4.626446E+01 -1.000000E+01
  4.601755E+01 -1.000000E+01
  4.575620E+01 -1.000000E+01
  4.550928E+01 -1.000000E+01
  4.524793E+01 -1.000000E+01
  4.500102E+01 -1.000000E+01
  4.473967E+01 -1.000000E+01
  4.449276E+01 -1.000000E+01
  4.423140E+01 -1.000000E+01
  4.398449E+01 -1.000000E+01
  4.372314E+01 -1.000000E+01
  4.347623E+01 -1.000000E+01
  4.321488E+01 -1.000000E+01
  4.296796E+01 -1.000000E+01
  4.270661E+01 -1.000000E+01
  4.245970E+01 -1.000000E+01
  4.219835E+01 -1.000000E+01
  4.195143E+01 -1.000000E+01
  4.169008E+01 -1.000000E+01
  4.144317E+01 -1.000000E+01
  4.118182E+01 -1.000000E+01
  4.093490E+01 -1.000000E+01
  4.067355E+01 -1.000000E+01
  4.042664E+01 -1.000000E+01
  4.016529E+01 -1.000000E+01
  3.991838E+01 -1.000000E+01
  3.965702E+01 -1.000000E+01
  3.941011E+01 -1.000000E+01
  3.914876E+01 -1.000000E+01
  3.890185E+01 -1.000000E+01
  3.864050E+01 -1.000000E+01
  3.839358E+01 -1.000000E+01
  3.813223E+01 -1.000000E+01
  3.788532E+01 -1.000000E+01
  3.762397E+01 -1.000000E+01
  3.737705E+01 -1.000000E+01
  3.711570E+01 -1.000000E+01
  3.686879E+01 -1.000000E+01
  3.660744E+01 -1.000000E+01
  3.636052E+01 -1.000000E+01
  3.609917E+01 -1.000000E+01
  3.585226E+01 -1.000000E+01
  3.559091E+01 -1.000000E+01
  3.534400E+01 -1.000000E+01
  3.508264E+01 -1.000000E+01
  3.483573E+01 -1.000000E+01
  3.457438E+01 -1.000000E+01
  3.432747E+01 -1.000000E+01
  3.406612E+01 -1.000000E+01
  3.381920E+01 -1.000000E+01
  3.355785E+01 -1.000000E+01
  3.331094E+01 -1.000000E+01
  3.304959E+01 -1.000000E+01
  3.280267E+01 -1.000000E+01
  3.254132E+01 -1.000000E+01
  3.229441E+01 -1.000000E+01
  3.203306E+01 -1.000000E+01
  3.178614E+01 -1.000000E+01
  3.152479E+01 -1.000000E+01
  3.127788E+01 -1.000000E+01
  3.101653E+01 -1.000000E+01
  3.076962E+01 -1.000000E+01
  3.050826E+01 -1.000000E+01
  3.026135E+01 -1.000000E+01
  3.000000E+01 -1.000000E+01
  2.975309E+01 -1.000000E+01
  2.949174E+01 -1.000000E+01
  2.924482E+01 -1.000000E+01
  2.898347E+01 -1.000000E+01
  2.873656E+01 -1.000000E+01
  2.847521E+01 -1.000000E+01
  2.822829E+01 -1.000000E+01
  2.796694E+01 -1.000000E+01
  2.772003E+01 -1.000000E+01
  2.745868E+01 -1.000000E+01
  2.721176E+01 -1.000000E+01
  2.695041E+01 -1.000000E+01
  2.670350E+01 -1.000000E+01
  2.644215E+01 -1.000000E+01
  2.619524E+01 -1.000000E+01
  2.593388E+01 -1.000000E+01
  2.568697E+01 -1.000000E+01
  2.542562E+01 -1.000000E+01
  2.517871E+01 -1.000000E+01
  2.491736E+01 -1.000000E+01
  2.467044E+01 -1.000000E+01
  2.440909E+01 -1.000000E+01
  2.416218E+01 -1.000000E+01
  2.390083E+01 -1.000000E+01
  2.365391E+01 -1.000000E+01
  2.339256E+01 -1.000000E+01
  2.314565E+01 -1.000000E+01
  2.288430E+01 -1.000000E+01
  2.263738E+01 -1.000000E+01
  2.237603E+01 -1.000000E+01
  2.212912E+01 -1.000000E+01
  2.186777E+01 -1.000000E+01
  2.162086E+01 -1.000000E+01
  2.135950E+01 -1.000000E+01
  2.111259E+01 -1.000000E+01
  2.085124E+01 -1.000000E+01
  2.060433E+01 -1.000000E+01
  2.034298E+01 -1.000000E+01
  2.009606E+01 -1.000000E+01
  1.983471E+01 -1.000000E+01
  1.958780E+01 -1.000000E+01
  1.932645E+01 -1.000000E+01
  1.907953E+01 -1.000000E+01
  1.881818E+01 -1.000000E+01
  1.857127E+01 -1.000000E+01
  1.830992E+01 -1.000000E+01
  1.806300E+01 -1.000000E+01
  1.780165E+01 -1.000000E+01
  1.755474E+01 -1.000000E+01
  1.729339E+01 -1.000000E+01
  1.704647E+01 -1.000000E+01
  1.678512E+01 -1.000000E+01
  1.653821E+01 -1.000000E+01
  1.627686E+01 -1.000000E+01
  1.602995E+01 -1.000000E+01
  1.576860E+01 -1.000000E+01
  1.552168E+01 -1.000000E+01
  1.526033E+01 -1.000000E+01
  1.501342E+01 -1.000000E+01
  1.500000E+01 -1.024691E+01
  1.500000E+01 -1.050724E+01
  1.500000E+01 -1.075926E+01
  1.500000E+01 -1.101959E+01
  1.500000E+01 -1.127160E+01
  1.500000E+01 -1.153194E+01
  1.500000E+01 -1.178395E+01
  1.500000E+01 -1.204428E+01
  1.500000E+01 -1.229630E+01
  1.500000E+01 -1.255663E+01
  1.500000E+01 -1.280864E+01
  1.500000E+01 -1.306897E+01
  1.500000E+01 -1.332099E+01
  1.500000E+01 -1.358132E+01
  1.500000E+01 -1.383333E+01
  1.500000E+01 -1.409366E+01
  1.500000E+01 -1.434568E+01
  1.500000E+01 -1.460601E+01
  1.500000E+01 -1.485802E+01

w:2/ x(   0.3250000E+02) y(  -0.7500000E+01) ix(2) iy(2) s(   0.7000E+00)

hb:   line clip z  
clip:
  1.000000E+01 -9.912254E+00
  1.017769E+01 -1.000000E+01
  1.044312E+01 -1.000000E+01
  1.068595E+01 -1.000000E+01
  1.095138E+01 -1.000000E+01
  1.119421E+01 -1.000000E+01
  1.145965E+01 -1.000000E+01
  1.170248E+01 -1.000000E+01
  1.196791E+01 -1.000000E+01
  1.221074E+01 -1.000000E+01
  1.247618E+01 -1.000000E+01
  1.271901E+01 -1.000000E+01
  1.298444E+01 -1.000000E+01
  1.322727E+01 -1.000000E+01
  1.349270E+01 -1.000000E+01
  1.373554E+01 -1.000000E+01
  1.400097E+01 -1.000000E+01
  1.424380E+01 -1.000000E+01
  1.450923E+01 -1.000000E+01
  1.475207E+01 -1.000000E+01
  1.501750E+01 -1.000000E+01
  1.526033E+01 -1.000000E+01
  1.552576E+01 -1.000000E+01
  1.576860E+01 -1.000000E+01
  1.603403E+01 -1.000000E+01
  1.627686E+01 -1.000000E+01
  1.654229E+01 -1.000000E+01
  1.678512E+01 -1.000000E+01
  1.705056E+01 -1.000000E+01
  1.729339E+01 -1.000000E+01
  1.755882E+01 -1.000000E+01
  1.780165E+01 -1.000000E+01
  1.806708E+01 -1.000000E+01
  1.830992E+01 -1.000000E+01
  1.857535E+01 -1.000000E+01
  1.881818E+01 -1.000000E+01
  1.908361E+01 -1.000000E+01
  1.932645E+01 -1.000000E+01
  1.959188E+01 -1.000000E+01
  1.983471E+01 -1.000000E+01
  2.010014E+01 -1.000000E+01
  2.034298E+01 -1.000000E+01
  2.060841E+01 -1.000000E+01
  2.085124E+01 -1.000000E+01
  2.111667E+01 -1.000000E+01
  2.135950E+01 -1.000000E+01
  2.162494E+01 -1.000000E+01
  2.186777E+01 -1.000000E+01
  2.213320E+01 -1.000000E+01
  2.237603E+01 -1.000000E+01
  2.264147E+01 -1.000000E+01
  2.288430E+01 -1.000000E+01
  2.314973E+01 -1.000000E+01
  2.339256E+01 -1.000000E+01
  2.365799E+01 -1.000000E+01
  2.390083E+01 -1.000000E+01
  2.416626E+01 -1.000000E+01
  2.440909E+01 -1.000000E+01
  2.467452E+01 -1.000000E+01
  2.491736E+01 -1.000000E+01
  2.518279E+01 -1.000000E+01
  2.542562E+01 -1.000000E+01
  2.569105E+01 -1.000000E+01
  2.593388E+01 -1.000000E+01
  2.619932E+01 -1.000000E+01
  2.644215E+01 -1.000000E+01
  2.670758E+01 -1.000000E+01
  2.695041E+01 -1.000000E+01
  2.721585E+01 -1.000000E+01
  2.745868E+01 -1.000000E+01
  2.772411E+01 -1.000000E+01
  2.796694E+01 -1.000000E+01
  2.823237E+01 -1.000000E+01
  2.847521E+01 -1.000000E+01
  2.874064E+01 -1.000000E+01
  2.898347E+01 -1.000000E+01
  2.924890E+01 -1.000000E+01
  2.949174E+01 -1.000000E+01
  2.975717E+01 -1.000000E+01
  3.000000E+01 -1.000000E+01
  3.026543E+01 -1.000000E+01
  3.050826E+01 -1.000000E+01
  3.077370E+01 -1.000000E+01
  3.101653E+01 -1.000000E+01
  3.128196E+01 -1.000000E+01
  3.152479E+01 -1.000000E+01
  3.179023E+01 -1.000000E+01
  3.203306E+01 -1.000000E+01
  3.229849E+01 -1.000000E+01
  3.254132E+01 -1.000000E+01
  3.280675E+01 -1.000000E+01
  3.304959E+01 -1.000000E+01
  3.331502E+01 -1.000000E+01
  3.355785E+01 -1.000000E+01
  3.382328E+01 -1.000000E+01
  3.406612E+01 -1.000000E+01
  3.433155E+01 -1.000000E+01
  3.457438E+01 -1.000000E+01
  3.483981E+01 -1.000000E+01
  3.508264E+01 -1.000000E+01
  3.534808E+01 -1.000000E+01
  3.559091E+01 -1.000000E+01
  3.585634E+01 -1.000000E+01
  3.609917E+01 -1.000000E+01
  3.636461E+01 -1.000000E+01
  3.660744E+01 -1.000000E+01
  3.687287E+01 -1.000000E+01
  3.711570E+01 -1.000000E+01
  3.738113E+01 -1.000000E+01
  3.762397E+01 -1.000000E+01
  3.788940E+01 -1.000000E+01
  3.813223E+01 -1.000000E+01
  3.839766E+01 -1.000000E+01
  3.864050E+01 -1.000000E+01
  3.890593E+01 -1.000000E+01
  3.914876E+01 -1.000000E+01
  3.941419E+01 -1.000000E+01
  3.965702E+01 -1.000000E+01
  3.992246E+01 -1.000000E+01
  4.016529E+01 -1.000000E+01
  4.043072E+01 -1.000000E+01
  4.067355E+01 -1.000000E+01
  4.093899E+01 -1.000000E+01
  4.118182E+01 -1.000000E+01
  4.144725E+01 -1.000000E+01
  4.169008E+01 -1.000000E+01
  4.195551E+01 -1.000000E+01
  4.219835E+01 -1.000000E+01
  4.246378E+01 -1.000000E+01
  4.270661E+01 -1.000000E+01
  4.297204E+01 -1.000000E+01
  4.321488E+01 -1.000000E+01
  4.348031E+01 -1.000000E+01
  4.372314E+01 -1.000000E+01
  4.398857E+01 -1.000000E+01
  4.423140E+01 -1.000000E+01
  4.449684E+01 -1.000000E+01
  4.473967E+01 -1.000000E+01
  4.500510E+01 -1.000000E+01
  4.524793E+01 -1.000000E+01
  4.551337E+01 -1.000000E+01
  4.575620E+01 -1.000000E+01
  4.602163E+01 -1.000000E+01
  4.626446E+01 -1.000000E+01
  4.652989E+01 -1.000000E+01
  4.677273E+01 -1.000000E+01
  4.703816E+01 -1.000000E+01
  4.728099E+01 -1.000000E+01
  4.754642E+01 -1.000000E+01
  4.778926E+01 -1.000000E+01
  4.805469E+01 -1.000000E+01
  4.829752E+01 -1.000000E+01
  4.856295E+01 -1.000000E+01
  4.880579E+01 -1.000000E+01
  4.907122E+01 -1.000000E+01
  4.931405E+01 -1.000000E+01
  4.957948E+01 -1.000000E+01
  4.982231E+01 -1.000000E+01
  5.008775E+01 -1.000000E+01
  5.033058E+01 -1.000000E+01
  5.059601E+01 -1.000000E+01
  5.083884E+01 -1.000000E+01
  5.110428E+01 -1.000000E+01
  5.134711E+01 -1.000000E+01
  5.161254E+01 -1.000000E+01
  5.185537E+01 -1.000000E+01
  5.212080E+01 -1.000000E+01
  5.236364E+01 -1.000000E+01
  5.262907E+01 -1.000000E+01
  5.287190E+01 -1.000000E+01
  5.313733E+01 -1.000000E+01
  5.338017E+01 -1.000000E+01
  5.364560E+01 -1.000000E+01
  5.388843E+01 -1.000000E+01
  5.415386E+01 -1.000000E+01
  5.439669E+01 -1.000000E+01
  5.466213E+01 -1.000000E+01
  5.490496E+01 -1.000000E+01
  5.500000E+01 -9.829609E+00
  5.500000E+01 -9.734568E+00
  5.500000E+01 -9.639527E+00
  5.500000E+01 -9.222222E+00
  5.500000E+01 -9.127181E+00
  5.500000E+01 -8.709877E+00
  5.500000E+01 -8.614835E+00
  5.500000E+01 -8.197531E+00
  5.500000E+01 -8.102490E+00
  5.500000E+01 -7.685185E+00
  5.500000E+01 -7.590144E+00
  5.500000E+01 -7.172840E+00
  5.500000E+01 -7.077798E+00
  5.500000E+01 -6.660494E+00
  5.500000E+01 -6.565453E+00
  5.500000E+01 -6.148148E+00
  5.500000E+01 -6.053107E+00
  5.500000E+01 -5.635802E+00
  5.500000E+01 -5.540761E+00
  5.500000E+01 -5.123457E+00
  5.500000E+01 -5.028415E+00
  5.490496E+01 -5.000000E+00
  5.478150E+01 -5.000000E+00
  5.439669E+01 -5.000000E+00
  5.427324E+01 -5.000000E+00
  5.388843E+01 -5.000000E+00
  5.376497E+01 -5.000000E+00
  5.338017E+01 -5.000000E+00
  5.325671E+01 -5.000000E+00
  5.287190E+01 -5.000000E+00
  5.274844E+01 -5.000000E+00
  5.236364E+01 -5.000000E+00
  5.224018E+01 -5.000000E+00
  5.185537E+01 -5.000000E+00
  5.173192E+01 -5.000000E+00
  5.134711E+01 -5.000000E+00
  5.122365E+01 -5.000000E+00
  5.083884E+01 -5.000000E+00
  5.071539E+01 -5.000000E+00
  5.033058E+01 -5.000000E+00
  5.020712E+01 -5.000000E+00
  4.982231E+01 -5.000000E+00
  4.969886E+01 -5.000000E+00
  4.931405E+01 -5.000000E+00
  4.919059E+01 -5.000000E+00
  4.880579E+01 -5.000000E+00
  4.868233E+01 -5.000000E+00
  4.829752E+01 -5.000000E+00
  4.817406E+01 -5.000000E+00
  4.778926E+01 -5.000000E+00
  4.766580E+01 -5.000000E+00
  4.728099E+01 -5.000000E+00
  4.715753E+01 -5.000000E+00
  4.677273E+01 -5.000000E+00
  4.664927E+01 -5.000000E+00
  4.626446E+01 -5.000000E+00
  4.614101E+01 -5.000000E+00
  4.575620E+01 -5.000000E+00
  4.563274E+01 -5.000000E+00
  4.524793E+01 -5.000000E+00
  4.512448E+01 -5.000000E+00
  4.473967E+01 -5.000000E+00
  4.461621E+01 -5.000000E+00
  4.423140E+01 -5.000000E+00
  4.410795E+01 -5.000000E+00
  4.372314E+01 -5.000000E+00
  4.359968E+01 -5.000000E+00
  4.321488E+01 -5.000000E+00
  4.309142E+01 -5.000000E+00
  4.270661E+01 -5.000000E+00
  4.258315E+01 -5.000000E+00
  4.219835E+01 -5.000000E+00
  4.207489E+01 -5.000000E+00
  4.169008E+01 -5.000000E+00
  4.156663E+01 -5.000000E+00
  4.118182E+01 -5.000000E+00
  4.105836E+01 -5.000000E+00
  4.067355E+01 -5.000000E+00
  4.055010E+01 -5.000000E+00
  4.016529E+01 -5.000000E+00
  4.004183E+01 -5.000000E+00
  3.965702E+01 -5.000000E+00
  3.953357E+01 -5.000000E+00
  3.914876E+01 -5.000000E+00
  3.902530E+01 -5.000000E+00
  3.864050E+01 -5.000000E+00
  3.851704E+01 -5.000000E+00
  3.813223E+01 -5.000000E+00
  3.800877E+01 -5.000000E+00
  3.762397E+01 -5.000000E+00
  3.750051E+01 -5.000000E+00
  3.711570E+01 -5.000000E+00
  3.699225E+01 -5.000000E+00
  3.660744E+01 -5.000000E+00
  3.648398E+01 -5.000000E+00
  3.609917E+01 -5.000000E+00
  3.597572E+01 -5.000000E+00
  3.559091E+01 -5.000000E+00
  3.546745E+01 -5.000000E+00
  3.508264E+01 -5.000000E+00
  3.495919E+01 -5.000000E+00
  3.457438E+01 -5.000000E+00
  3.445092E+01 -5.000000E+00
  3.406612E+01 -5.000000E+00
  3.394266E+01 -5.000000E+00
  3.355785E+01 -5.000000E+00
  3.343439E+01 -5.000000E+00
  3.304959E+01 -5.000000E+00
  3.292613E+01 -5.000000E+00
  3.254132E+01 -5.000000E+00
  3.241787E+01 -5.000000E+00
  3.203306E+01 -5.000000E+00
  3.190960E+01 -5.000000E+00
  3.152479E+01 -5.000000E+00
  3.140134E+01 -5.000000E+00
  3.101653E+01 -5.000000E+00
  3.089307E+01 -5.000000E+00
  3.050826E+01 -5.000000E+00
  3.038481E+01 -5.000000E+00
  3.000000E+01 -5.000000E+00
  2.987654E+01 -5.000000E+00
  2.949174E+01 -5.000000E+00
  2.936828E+01 -5.000000E+00
  2.898347E+01 -5.000000E+00
  2.886001E+01 -5.000000E+00
  2.847521E+01 -5.000000E+00
  2.835175E+01 -5.000000E+00
  2.796694E+01 -5.000000E+00
  2.784349E+01 -5.000000E+00
  2.745868E+01 -5.000000E+00
  2.733522E+01 -5.000000E+00
  2.695041E+01 -5.000000E+00
  2.682696E+01 -5.000000E+00
  2.644215E+01 -5.000000E+00
  2.631869E+01 -5.000000E+00
  2.593388E+01 -5.000000E+00
  2.581043E+01 -5.000000E+00
  2.542562E+01 -5.000000E+00
  2.530216E+01 -5.000000E+00
  2.491736E+01 -5.000000E+00
  2.479390E+01 -5.000000E+00
  2.440909E+01 -5.000000E+00
  2.428563E+01 -5.000000E+00
  2.390083E+01 -5.000000E+00
  2.377737E+01 -5.000000E+00
  2.339256E+01 -5.000000E+00
  2.326911E+01 -5.000000E+00
  2.288430E+01 -5.000000E+00
  2.276084E+01 -5.000000E+00
  2.237603E+01 -5.000000E+00
  2.225258E+01 -5.000000E+00
  2.186777E+01 -5.000000E+00
  2.174431E+01 -5.000000E+00
  2.135950E+01 -5.000000E+00
  2.123605E+01 -5.000000E+00
  2.085124E+01 -5.000000E+00
  2.072778E+01 -5.000000E+00
  2.034298E+01 -5.000000E+00
  2.021952E+01 -5.000000E+00
  1.983471E+01 -5.000000E+00
  1.971125E+01 -5.000000E+00
  1.932645E+01 -5.000000E+00
  1.920299E+01 -5.000000E+00
  1.881818E+01 -5.000000E+00
  1.869473E+01 -5.000000E+00
  1.830992E+01 -5.000000E+00
  1.818646E+01 -5.000000E+00
  1.780165E+01 -5.000000E+00
  1.767820E+01 -5.000000E+00
  1.729339E+01 -5.000000E+00
  1.716993E+01 -5.000000E+00
  1.678512E+01 -5.000000E+00
  1.666167E+01 -5.000000E+00
  1.627686E+01 -5.000000E+00
  1.615340E+01 -5.000000E+00
  1.576860E+01 -5.000000E+00
  1.564514E+01 -5.000000E+00
  1.526033E+01 -5.000000E+00
  1.513687E+01 -5.000000E+00
  1.475207E+01 -5.000000E+00
  1.462861E+01 -5.000000E+00
  1.424380E+01 -5.000000E+00
  1.412034E+01 -5.000000E+00
  1.373554E+01 -5.000000E+00
  1.361208E+01 -5.000000E+00
  1.322727E+01 -5.000000E+00
  1.310382E+01 -5.000000E+00
  1.271901E+01 -5.000000E+00
  1.259555E+01 -5.000000E+00
  1.221074E+01 -5.000000E+00
  1.208729E+01 -5.000000E+00
  1.170248E+01 -5.000000E+00
  1.157902E+01 -5.000000E+00
  1.119421E+01 -5.000000E+00
  1.107076E+01 -5.000000E+00
  1.068595E+01 -5.000000E+00
  1.056249E+01 -5.000000E+00
  1.017769E+01 -5.000000E+00
  1.005423E+01 -5.000000E+00
  1.000000E+01 -5.123457E+00
  1.000000E+01 -5.301143E+00
  1.000000E+01 -5.635802E+00
  1.000000E+01 -5.813488E+00
  1.000000E+01 -6.148148E+00
  1.000000E+01 -6.325834E+00
  1.000000E+01 -6.660494E+00
  1.000000E+01 -6.838180E+00
  1.000000E+01 -7.172840E+00
  1.000000E+01 -7.350525E+00
  1.000000E+01 -7.685185E+00
  1.000000E+01 -7.862871E+00
  1.000000E+01 -8.197531E+00
  1.000000E+01 -8.375217E+00
  1.000000E+01 -8.709877E+00
  1.000000E+01 -8.887562E+00
  1.000000E+01 -9.222222E+00
  1.000000E+01 -9.399908E+00
  1.000000E+01 -9.734568E+00

w:1/ x(   0.3000000E+02) y(   0.0000000E+00) ix(2) iy(2) s(   0.7000E+00)

hb:   line clip z  
clip:
  5.000000E+00 -4.706152E+00
  5.095041E+00 -5.000000E+00
  5.483930E+00 -5.000000E+00
  5.603306E+00 -5.000000E+00
  5.992195E+00 -5.000000E+00
  6.111570E+00 -5.000000E+00
  6.500459E+00 -5.000000E+00
  6.619835E+00 -5.000000E+00
  7.008724E+00 -5.000000E+00
  7.128099E+00 -5.000000E+00
  7.516988E+00 -5.000000E+00
  7.636364E+00 -5.000000E+00
  8.025253E+00 -5.000000E+00
  8.144628E+00 -5.000000E+00
  8.533517E+00 -5.000000E+00
  8.652893E+00 -5.000000E+00
  9.041781E+00 -5.000000E+00
  9.161157E+00 -5.000000E+00
  9.550046E+00 -5.000000E+00
  9.669421E+00 -5.000000E+00
  1.005831E+01 -5.000000E+00
  1.017769E+01 -5.000000E+00
  1.056657E+01 -5.000000E+00
  1.068595E+01 -5.000000E+00
  1.107484E+01 -5.000000E+00
  1.119421E+01 -5.000000E+00
  1.158310E+01 -5.000000E+00
  1.170248E+01 -5.000000E+00
  1.209137E+01 -5.000000E+00
  1.221074E+01 -5.000000E+00
  1.259963E+01 -5.000000E+00
  1.271901E+01 -5.000000E+00
  1.310790E+01 -5.000000E+00
  1.322727E+01 -5.000000E+00
  1.361616E+01 -5.000000E+00
  1.373554E+01 -5.000000E+00
  1.412443E+01 -5.000000E+00
  1.424380E+01 -5.000000E+00
  1.463269E+01 -5.000000E+00
  1.475207E+01 -5.000000E+00
  1.514096E+01 -5.000000E+00
  1.526033E+01 -5.000000E+00
  1.564922E+01 -5.000000E+00
  1.576860E+01 -5.000000E+00
  1.615748E+01 -5.000000E+00
  1.627686E+01 -5.000000E+00
  1.666575E+01 -5.000000E+00
  1.678512E+01 -5.000000E+00
  1.717401E+01 -5.000000E+00
  1.729339E+01 -5.000000E+00
  1.768228E+01 -5.000000E+00
  1.780165E+01 -5.000000E+00
  1.819054E+01 -5.000000E+00
  1.830992E+01 -5.000000E+00
  1.869881E+01 -5.000000E+00
  1.881818E+01 -5.000000E+00
  1.920707E+01 -5.000000E+00
  1.932645E+01 -5.000000E+00
  1.971534E+01 -5.000000E+00
  1.983471E+01 -5.000000E+00
  2.022360E+01 -5.000000E+00
  2.034298E+01 -5.000000E+00
  2.073186E+01 -5.000000E+00
  2.085124E+01 -5.000000E+00
  2.124013E+01 -5.000000E+00
  2.135950E+01 -5.000000E+00
  2.174839E+01 -5.000000E+00
  2.186777E+01 -5.000000E+00
  2.225666E+01 -5.000000E+00
  2.237603E+01 -5.000000E+00
  2.276492E+01 -5.000000E+00
  2.288430E+01 -5.000000E+00
  2.327319E+01 -5.000000E+00
  2.339256E+01 -5.000000E+00
  2.378145E+01 -5.000000E+00
  2.390083E+01 -5.000000E+00
  2.428972E+01 -5.000000E+00
  2.440909E+01 -5.000000E+00
  2.479798E+01 -5.000000E+00
  2.491736E+01 -5.000000E+00
  2.530624E+01 -5.000000E+00
  2.542562E+01 -5.000000E+00
  2.581451E+01 -5.000000E+00
  2.593388E+01 -5.000000E+00
  2.632277E+01 -5.000000E+00
  2.644215E+01 -5.000000E+00
  2.683104E+01 -5.000000E+00
  2.695041E+01 -5.000000E+00
  2.733930E+01 -5.000000E+00
  2.745868E+01 -5.000000E+00
  2.784757E+01 -5.000000E+00
  2.796694E+01 -5.000000E+00
  2.835583E+01 -5.000000E+00
  2.847521E+01 -5.000000E+00
  2.886410E+01 -5.000000E+00
  2.898347E+01 -5.000000E+00
  2.937236E+01 -5.000000E+00
  2.949174E+01 -5.000000E+00
  2.988062E+01 -5.000000E+00
  3.000000E+01 -5.000000E+00
  3.038889E+01 -5.000000E+00
  3.050826E+01 -5.000000E+00
  3.089715E+01 -5.000000E+00
  3.101653E+01 -5.000000E+00
  3.140542E+01 -5.000000E+00
  3.152479E+01 -5.000000E+00
  3.191368E+01 -5.000000E+00
  3.203306E+01 -5.000000E+00
  3.242195E+01 -5.000000E+00
  3.254132E+01 -5.000000E+00
  3.293021E+01 -5.000000E+00
  3.304959E+01 -5.000000E+00
  3.343848E+01 -5.000000E+00
  3.355785E+01 -5.000000E+00
  3.394674E+01 -5.000000E+00
  3.406612E+01 -5.000000E+00
  3.445500E+01 -5.000000E+00
  3.457438E+01 -5.000000E+00
  3.496327E+01 -5.000000E+00
  3.508264E+01 -5.000000E+00
  3.547153E+01 -5.000000E+00
  3.559091E+01 -5.000000E+00
  3.597980E+01 -5.000000E+00
  3.609917E+01 -5.000000E+00
  3.648806E+01 -5.000000E+00
  3.660744E+01 -5.000000E+00
  3.699633E+01 -5.000000E+00
  3.711570E+01 -5.000000E+00
  3.750459E+01 -5.000000E+00
  3.762397E+01 -5.000000E+00
  3.801286E+01 -5.000000E+00
  3.813223E+01 -5.000000E+00
  3.852112E+01 -5.000000E+00
  3.864050E+01 -5.000000E+00
  3.902938E+01 -5.000000E+00
  3.914876E+01 -5.000000E+00
  3.953765E+01 -5.000000E+00
  3.965702E+01 -5.000000E+00
  4.004591E+01 -5.000000E+00
  4.016529E+01 -5.000000E+00
  4.055418E+01 -5.000000E+00
  4.067355E+01 -5.000000E+00
  4.106244E+01 -5.000000E+00
  4.118182E+01 -5.000000E+00
  4.157071E+01 -5.000000E+00
  4.169008E+01 -5.000000E+00
  4.207897E+01 -5.000000E+00
  4.219835E+01 -5.000000E+00
  4.258724E+01 -5.000000E+00
  4.270661E+01 -5.000000E+00
  4.309550E+01 -5.000000E+00
  4.321488E+01 -5.000000E+00
  4.360376E+01 -5.000000E+00
  4.372314E+01 -5.000000E+00
  4.411203E+01 -5.000000E+00
  4.423140E+01 -5.000000E+00
  4.462029E+01 -5.000000E+00
  4.473967E+01 -5.000000E+00
  4.512856E+01 -5.000000E+00
  4.524793E+01 -5.000000E+00
  4.563682E+01 -5.000000E+00
  4.575620E+01 -5.000000E+00
  4.614509E+01 -5.000000E+00
  4.626446E+01 -5.000000E+00
  4.665335E+01 -5.000000E+00
  4.677273E+01 -5.000000E+00
  4.716162E+01 -5.000000E+00
  4.728099E+01 -5.000000E+00
  4.766988E+01 -5.000000E+00
  4.778926E+01 -5.000000E+00
  4.817815E+01 -5.000000E+00
  4.829752E+01 -5.000000E+00
  4.868641E+01 -5.000000E+00
  4.880579E+01 -5.000000E+00
  4.919467E+01 -5.000000E+00
  4.931405E+01 -5.000000E+00
  4.970294E+01 -5.000000E+00
  4.982231E+01 -5.000000E+00
  5.021120E+01 -5.000000E+00
  5.033058E+01 -5.000000E+00
  5.071947E+01 -5.000000E+00
  5.083884E+01 -5.000000E+00
  5.122773E+01 -5.000000E+00
  5.134711E+01 -5.000000E+00
  5.173600E+01 -5.000000E+00
  5.185537E+01 -5.000000E+00
  5.224426E+01 -5.000000E+00
  5.236364E+01 -5.000000E+00
  5.275253E+01 -5.000000E+00
  5.287190E+01 -5.000000E+00
  5.326079E+01 -5.000000E+00
  5.338017E+01 -5.000000E+00
  5.376905E+01 -5.000000E+00
  5.388843E+01 -5.000000E+00
  5.427732E+01 -5.000000E+00
  5.439669E+01 -5.000000E+00
  5.478558E+01 -5.000000E+00
  5.490496E+01 -5.000000E+00
  5.500000E+01 -4.706152E+00
  5.500000E+01 -4.611111E+00
  5.500000E+01 -4.516070E+00
  5.500000E+01 -4.098765E+00
  5.500000E+01 -4.003724E+00
  5.500000E+01 -3.586420E+00
  5.500000E+01 -3.491378E+00
  5.500000E+01 -3.074074E+00
  5.500000E+01 -2.979033E+00
  5.500000E+01 -2.561728E+00
  5.500000E+01 -2.466687E+00
  5.500000E+01 -2.049383E+00
  5.500000E+01 -1.954341E+00
  5.500000E+01 -1.537037E+00
  5.500000E+01 -1.441996E+00
  5.500000E+01 -1.024691E+00
  5.500000E+01 -9.296500E-01
  5.500000E+01 -5.123457E-01
  5.500000E+01 -4.173044E-01
  5.500000E+01  1.234923E-11
  5.500000E+01  9.504132E-02
  5.500000E+01  5.123457E-01
  5.500000E+01  6.073870E-01
  5.500000E+01  1.024691E+00
  5.500000E+01  1.119733E+00
  5.500000E+01  1.537037E+00
  5.500000E+01  1.632078E+00
  5.500000E+01  2.049383E+00
  5.500000E+01  2.144424E+00
  5.500000E+01  2.561728E+00
  5.500000E+01  2.656770E+00
  5.500000E+01  3.074074E+00
  5.500000E+01  3.169115E+00
  5.500000E+01  3.586420E+00
  5.500000E+01  3.681461E+00
  5.500000E+01  4.098765E+00
  5.500000E+01  4.193807E+00
  5.500000E+01  4.611111E+00
  5.500000E+01  4.706152E+00
  5.490496E+01  5.000000E+00
  5.451607E+01  5.000000E+00
  5.439669E+01  5.000000E+00
  5.400781E+01  5.000000E+00
  5.388843E+01  5.000000E+00
  5.349954E+01  5.000000E+00
  5.338017E+01  5.000000E+00
  5.299128E+01  5.000000E+00
  5.287190E+01  5.000000E+00
  5.248301E+01  5.000000E+00
  5.236364E+01  5.000000E+00
  5.197475E+01  5.000000E+00
  5.185537E+01  5.000000E+00
  5.146648E+01  5.000000E+00
  5.134711E+01  5.000000E+00
  5.095822E+01  5.000000E+00
  5.083884E+01  5.000000E+00
  5.044995E+01  5.000000E+00
  5.033058E+01  5.000000E+00
  4.994169E+01  5.000000E+00
  4.982231E+01  5.000000E+00
  4.943343E+01  5.000000E+00
  4.931405E+01  5.000000E+00
  4.892516E+01  5.000000E+00
  4.880579E+01  5.000000E+00
  4.841690E+01  5.000000E+00
  4.829752E+01  5.000000E+00
  4.790863E+01  5.000000E+00
  4.778926E+01  5.000000E+00
  4.740037E+01  5.000000E+00
  4.728099E+01  5.000000E+00
  4.689210E+01  5.000000E+00
  4.677273E+01  5.000000E+00
  4.638384E+01  5.000000E+00
  4.626446E+01  5.000000E+00
  4.587557E+01  5.000000E+00
  4.575620E+01  5.000000E+00
  4.536731E+01  5.000000E+00
  4.524793E+01  5.000000E+00
  4.485904E+01  5.000000E+00
  4.473967E+01  5.000000E+00
  4.435078E+01  5.000000E+00
  4.423140E+01  5.000000E+00
  4.384252E+01  5.000000E+00
  4.372314E+01  5.000000E+00
  4.333425E+01  5.000000E+00
  4.321488E+01  5.000000E+00
  4.282599E+01  5.000000E+00
  4.270661E+01  5.000000E+00
  4.231772E+01  5.000000E+00
  4.219835E+01  5.000000E+00
  4.180946E+01  5.000000E+00
  4.169008E+01  5.000000E+00
  4.130119E+01  5.000000E+00
  4.118182E+01  5.000000E+00
  4.079293E+01  5.000000E+00
  4.067355E+01  5.000000E+00
  4.028466E+01  5.000000E+00
  4.016529E+01  5.000000E+00
  3.977640E+01  5.000000E+00
  3.965702E+01  5.000000E+00
  3.926814E+01  5.000000E+00
  3.914876E+01  5.000000E+00
  3.875987E+01  5.000000E+00
  3.864050E+01  5.000000E+00
  3.825161E+01  5.000000E+00
  3.813223E+01  5.000000E+00
  3.774334E+01  5.000000E+00
  3.762397E+01  5.000000E+00
  3.723508E+01  5.000000E+00
  3.711570E+01  5.000000E+00
  3.672681E+01  5.000000E+00
  3.660744E+01  5.000000E+00
  3.621855E+01  5.000000E+00
  3.609917E+01  5.000000E+00
  3.571028E+01  5.000000E+00
  3.559091E+01  5.000000E+00
  3.520202E+01  5.000000E+00
  3.508264E+01  5.000000E+00
  3.469376E+01  5.000000E+00
  3.457438E+01  5.000000E+00
  3.418549E+01  5.000000E+00
  3.406612E+01  5.000000E+00
  3.367723E+01  5.000000E+00
  3.355785E+01  5.000000E+00
  3.316896E+01  5.000000E+00
  3.304959E+01  5.000000E+00
  3.266070E+01  5.000000E+00
  3.254132E+01  5.000000E+00
  3.215243E+01  5.000000E+00
  3.203306E+01  5.000000E+00
  3.164417E+01  5.000000E+00
  3.152479E+01  5.000000E+00
  3.113590E+01  5.000000E+00
  3.101653E+01  5.000000E+00
  3.062764E+01  5.000000E+00
  3.050826E+01  5.000000E+00
  3.011938E+01  5.000000E+00
  3.000000E+01  5.000000E+00
  2.961111E+01  5.000000E+00
  2.949174E+01  5.000000E+00
  2.910285E+01  5.000000E+00
  2.898347E+01  5.000000E+00
  2.859458E+01  5.000000E+00
  2.847521E+01  5.000000E+00
  2.808632E+01  5.000000E+00
  2.796694E+01  5.000000E+00
  2.757805E+01  5.000000E+00
  2.745868E+01  5.000000E+00
  2.706979E+01  5.000000E+00
  2.695041E+01  5.000000E+00
  2.656152E+01  5.000000E+00
  2.644215E+01  5.000000E+00
  2.605326E+01  5.000000E+00
  2.593388E+01  5.000000E+00
  2.554500E+01  5.000000E+00
  2.542562E+01  5.000000E+00
  2.503673E+01  5.000000E+00
  2.491736E+01  5.000000E+00
  2.452847E+01  5.000000E+00
  2.440909E+01  5.000000E+00
  2.402020E+01  5.000000E+00
  2.390083E+01  5.000000E+00
  2.351194E+01  5.000000E+00
  2.339256E+01  5.000000E+00
  2.300367E+01  5.000000E+00
  2.288430E+01  5.000000E+00
  2.249541E+01  5.000000E+00
  2.237603E+01  5.000000E+00
  2.198714E+01  5.000000E+00
  2.186777E+01  5.000000E+00
  2.147888E+01  5.000000E+00
  2.135950E+01  5.000000E+00
  2.097062E+01  5.000000E+00
  2.085124E+01  5.000000E+00
  2.046235E+01  5.000000E+00
  2.034298E+01  5.000000E+00
  1.995409E+01  5.000000E+00
  1.983471E+01  5.000000E+00
  1.944582E+01  5.000000E+00
  1.932645E+01  5.000000E+00
  1.893756E+01  5.000000E+00
  1.881818E+01  5.000000E+00
  1.842929E+01  5.000000E+00
  1.830992E+01  5.000000E+00
  1.792103E+01  5.000000E+00
  1.780165E+01  5.000000E+00
  1.741276E+01  5.000000E+00
  1.729339E+01  5.000000E+00
  1.690450E+01  5.000000E+00
  1.678512E+01  5.000000E+00
  1.639624E+01  5.000000E+00
  1.627686E+01  5.000000E+00
  1.588797E+01  5.000000E+00
  1.576860E+01  5.000000E+00
  1.537971E+01  5.000000E+00
  1.526033E+01  5.000000E+00
  1.487144E+01  5.000000E+00
  1.475207E+01  5.000000E+00
  1.436318E+01  5.000000E+00
  1.424380E+01  5.000000E+00
  1.385491E+01  5.000000E+00
  1.373554E+01  5.000000E+00
  1.334665E+01  5.000000E+00
  1.322727E+01  5.000000E+00
  1.283838E+01  5.000000E+00
  1.271901E+01  5.000000E+00
  1.233012E+01  5.000000E+00
  1.221074E+01  5.000000E+00
  1.182185E+01  5.000000E+00
  1.170248E+01  5.000000E+00
  1.131359E+01  5.000000E+00
  1.119421E+01  5.000000E+00
  1.080533E+01  5.000000E+00
  1.068595E+01  5.000000E+00
  1.029706E+01  5.000000E+00
  1.017769E+01  5.000000E+00
  9.788797E+00  5.000000E+00
  9.669421E+00  5.000000E+00
  9.280533E+00  5.000000E+00
  9.161157E+00  5.000000E+00
  8.772268E+00  5.000000E+00
  8.652893E+00  5.000000E+00
  8.264004E+00  5.000000E+00
  8.144628E+00  5.000000E+00
  7.755739E+00  5.000000E+00
  7.636364E+00  5.000000E+00
  7.247475E+00  5.000000E+00
  7.128099E+00  5.000000E+00
  6.739210E+00  5.000000E+00
  6.619835E+00  5.000000E+00
  6.230946E+00  5.000000E+00
  6.111570E+00  5.000000E+00
  5.722681E+00  5.000000E+00
  5.603306E+00  5.000000E+00
  5.214417E+00  5.000000E+00
  5.000000E+00  4.706152E+00
  5.000000E+00 -4.611111E+00

w:2/ x(   0.3250000E+02) y(   0.7500000E+01) ix(2) iy(2) s(   0.7000E+00)

hb:   line clip z  
clip:
  1.005423E+01  5.000000E+00
  5.490496E+01  5.000000E+00
  5.500000E+01  5.028415E+00
  5.500000E+01  5.123457E+00
  5.500000E+01  5.218498E+00
  5.500000E+01  5.635802E+00
  5.500000E+01  5.730844E+00
  5.500000E+01  6.148148E+00
  5.500000E+01  6.243189E+00
  5.500000E+01  6.660494E+00
  5.500000E+01  6.755535E+00
  5.500000E+01  7.172840E+00
  5.500000E+01  7.267881E+00
  5.500000E+01  7.685185E+00
  5.500000E+01  7.780227E+00
  5.500000E+01  8.197531E+00
  5.500000E+01  8.292572E+00
  5.500000E+01  8.709877E+00
  5.500000E+01  8.804918E+00
  5.500000E+01  9.222222E+00
  5.500000E+01  9.317264E+00
  5.500000E+01  9.734568E+00
  5.500000E+01  9.829609E+00
  5.490496E+01  1.000000E+01
  5.463953E+01  1.000000E+01
  5.439669E+01  1.000000E+01
  5.413126E+01  1.000000E+01
  5.388843E+01  1.000000E+01
  5.362300E+01  1.000000E+01
  5.338017E+01  1.000000E+01
  5.311473E+01  1.000000E+01
  5.287190E+01  1.000000E+01
  5.260647E+01  1.000000E+01
  5.236364E+01  1.000000E+01
  5.209820E+01  1.000000E+01
  5.185537E+01  1.000000E+01
  5.158994E+01  1.000000E+01
  5.134711E+01  1.000000E+01
  5.108168E+01  1.000000E+01
  5.083884E+01  1.000000E+01
  5.057341E+01  1.000000E+01
  5.033058E+01  1.000000E+01
  5.006515E+01  1.000000E+01
  4.982231E+01  1.000000E+01
  4.955688E+01  1.000000E+01
  4.931405E+01  1.000000E+01
  4.904862E+01  1.000000E+01
  4.880579E+01  1.000000E+01
  4.854035E+01  1.000000E+01
  4.829752E+01  1.000000E+01
  4.803209E+01  1.000000E+01
  4.778926E+01  1.000000E+01
  4.752382E+01  1.000000E+01
  4.728099E+01  1.000000E+01
  4.701556E+01  1.000000E+01
  4.677273E+01  1.000000E+01
  4.650730E+01  1.000000E+01
  4.626446E+01  1.000000E+01
  4.599903E+01  1.000000E+01
  4.575620E+01  1.000000E+01
  4.549077E+01  1.000000E+01
  4.524793E+01  1.000000E+01
  4.498250E+01  1.000000E+01
  4.473967E+01  1.000000E+01
  4.447424E+01  1.000000E+01
  4.423140E+01  1.000000E+01
  4.396597E+01  1.000000E+01
  4.372314E+01  1.000000E+01
  4.345771E+01  1.000000E+01
  4.321488E+01  1.000000E+01
  4.294944E+01  1.000000E+01
  4.270661E+01  1.000000E+01
  4.244118E+01  1.000000E+01
  4.219835E+01  1.000000E+01
  4.193292E+01  1.000000E+01
  4.169008E+01  1.000000E+01
  4.142465E+01  1.000000E+01
  4.118182E+01  1.000000E+01
  4.091639E+01  1.000000E+01
  4.067355E+01  1.000000E+01
  4.040812E+01  1.000000E+01
  4.016529E+01  1.000000E+01
  3.989986E+01  1.000000E+01
  3.965702E+01  1.000000E+01
  3.939159E+01  1.000000E+01
  3.914876E+01  1.000000E+01
  3.888333E+01  1.000000E+01
  3.864050E+01  1.000000E+01
  3.837506E+01  1.000000E+01
  3.813223E+01  1.000000E+01
  3.786680E+01  1.000000E+01
  3.762397E+01  1.000000E+01
  3.735853E+01  1.000000E+01
  3.711570E+01  1.000000E+01
  3.685027E+01  1.000000E+01
  3.660744E+01  1.000000E+01
  3.634201E+01  1.000000E+01
  3.609917E+01  1.000000E+01
  3.583374E+01  1.000000E+01
  3.559091E+01  1.000000E+01
  3.532548E+01  1.000000E+01
  3.508264E+01  1.000000E+01
  3.481721E+01  1.000000E+01
  3.457438E+01  1.000000E+01
  3.430895E+01  1.000000E+01
  3.406612E+01  1.000000E+01
  3.380068E+01  1.000000E+01
  3.355785E+01  1.000000E+01
  3.329242E+01  1.000000E+01
  3.304959E+01  1.000000E+01
  3.278415E+01  1.000000E+01
  3.254132E+01  1.000000E+01
  3.227589E+01  1.000000E+01
  3.203306E+01  1.000000E+01
  3.176763E+01  1.000000E+01
  3.152479E+01  1.000000E+01
  3.125936E+01  1.000000E+01
  3.101653E+01  1.000000E+01
  3.075110E+01  1.000000E+01
  3.050826E+01  1.000000E+01
  3.024283E+01  1.000000E+01
  3.000000E+01  1.000000E+01
  2.973457E+01  1.000000E+01
  2.949174E+01  1.000000E+01
  2.922630E+01  1.000000E+01
  2.898347E+01  1.000000E+01
  2.871804E+01  1.000000E+01
  2.847521E+01  1.000000E+01
  2.820977E+01  1.000000E+01
  2.796694E+01  1.000000E+01
  2.770151E+01  1.000000E+01
  2.745868E+01  1.000000E+01
  2.719325E+01  1.000000E+01
  2.695041E+01  1.000000E+01
  2.668498E+01  1.000000E+01
  2.644215E+01  1.000000E+01
  2.617672E+01  1.000000E+01
  2.593388E+01  1.000000E+01
  2.566845E+01  1.000000E+01
  2.542562E+01  1.000000E+01
  2.516019E+01  1.000000E+01
  2.491736E+01  1.000000E+01
  2.465192E+01  1.000000E+01
  2.440909E+01  1.000000E+01
  2.414366E+01  1.000000E+01
  2.390083E+01  1.000000E+01
  2.363539E+01  1.000000E+01
  2.339256E+01  1.000000E+01
  2.312713E+01  1.000000E+01
  2.288430E+01  1.000000E+01
  2.261887E+01  1.000000E+01
  2.237603E+01  1.000000E+01
  2.211060E+01  1.000000E+01
  2.186777E+01  1.000000E+01
  2.160234E+01  1.000000E+01
  2.135950E+01  1.000000E+01
  2.109407E+01  1.000000E+01
  2.085124E+01  1.000000E+01
  2.058581E+01  1.000000E+01
  2.034298E+01  1.000000E+01
  2.007754E+01  1.000000E+01
  1.983471E+01  1.000000E+01
  1.956928E+01  1.000000E+01
  1.932645E+01  1.000000E+01
  1.906101E+01  1.000000E+01
  1.881818E+01  1.000000E+01
  1.855275E+01  1.000000E+01
  1.830992E+01  1.000000E+01
  1.804449E+01  1.000000E+01
  1.780165E+01  1.000000E+01
  1.753622E+01  1.000000E+01
  1.729339E+01  1.000000E+01
  1.702796E+01  1.000000E+01
  1.678512E+01  1.000000E+01
  1.651969E+01  1.000000E+01
  1.627686E+01  1.000000E+01
  1.601143E+01  1.000000E+01
  1.576860E+01  1.000000E+01
  1.550316E+01  1.000000E+01
  1.526033E+01  1.000000E+01
  1.499490E+01  1.000000E+01
  1.475207E+01  1.000000E+01
  1.448663E+01  1.000000E+01
  1.424380E+01  1.000000E+01
  1.397837E+01  1.000000E+01
  1.373554E+01  1.000000E+01
  1.347011E+01  1.000000E+01
  1.322727E+01  1.000000E+01
  1.296184E+01  1.000000E+01
  1.271901E+01  1.000000E+01
  1.245358E+01  1.000000E+01
  1.221074E+01  1.000000E+01
  1.194531E+01  1.000000E+01
  1.170248E+01  1.000000E+01
  1.143705E+01  1.000000E+01
  1.119421E+01  1.000000E+01
  1.092878E+01  1.000000E+01
  1.068595E+01  1.000000E+01
  1.042052E+01  1.000000E+01
  1.017769E+01  1.000000E+01
  1.000000E+01  9.912254E+00
  1.000000E+01  9.734568E+00
  1.000000E+01  9.556882E+00
  1.000000E+01  9.222222E+00
  1.000000E+01  9.044536E+00
  1.000000E+01  8.709877E+00
  1.000000E+01  8.532191E+00
  1.000000E+01  8.197531E+00
  1.000000E+01  8.019845E+00
  1.000000E+01  7.685185E+00
  1.000000E+01  7.507499E+00
  1.000000E+01  7.172840E+00
  1.000000E+01  6.995154E+00
  1.000000E+01  6.660494E+00
  1.000000E+01  6.482808E+00
  1.000000E+01  6.148148E+00
  1.000000E+01  5.970462E+00
  1.000000E+01  5.635802E+00
  1.000000E+01  5.458117E+00
  1.000000E+01  5.123457E+00

w:3/ x(   0.3500000E+02) y(   0.1250000E+02) ix(2) iy(2) s(   0.7000E+00)

hb:   line clip z  
clip:
  1.501342E+01  1.000000E+01
  5.490496E+01  1.000000E+01
  5.500000E+01  1.015187E+01
  5.500000E+01  1.024691E+01
  5.500000E+01  1.034195E+01
  5.500000E+01  1.075926E+01
  5.500000E+01  1.085430E+01
  5.500000E+01  1.127160E+01
  5.500000E+01  1.136665E+01
  5.500000E+01  1.178395E+01
  5.500000E+01  1.187899E+01
  5.500000E+01  1.229630E+01
  5.500000E+01  1.239134E+01
  5.500000E+01  1.280864E+01
  5.500000E+01  1.290368E+01
  5.500000E+01  1.332099E+01
  5.500000E+01  1.341603E+01
  5.500000E+01  1.383333E+01
  5.500000E+01  1.392837E+01
  5.500000E+01  1.434568E+01
  5.500000E+01  1.444072E+01
  5.500000E+01  1.485802E+01
  5.500000E+01  1.495307E+01
  5.490496E+01  1.500000E+01
  5.476298E+01  1.500000E+01
  5.439669E+01  1.500000E+01
  5.425472E+01  1.500000E+01
  5.388843E+01  1.500000E+01
  5.374645E+01  1.500000E+01
  5.338017E+01  1.500000E+01
  5.323819E+01  1.500000E+01
  5.287190E+01  1.500000E+01
  5.272993E+01  1.500000E+01
  5.236364E+01  1.500000E+01
  5.222166E+01  1.500000E+01
  5.185537E+01  1.500000E+01
  5.171340E+01  1.500000E+01
  5.134711E+01  1.500000E+01
  5.120513E+01  1.500000E+01
  5.083884E+01  1.500000E+01
  5.069687E+01  1.500000E+01
  5.033058E+01  1.500000E+01
  5.018860E+01  1.500000E+01
  4.982231E+01  1.500000E+01
  4.968034E+01  1.500000E+01
  4.931405E+01  1.500000E+01
  4.917207E+01  1.500000E+01
  4.880579E+01  1.500000E+01
  4.866381E+01  1.500000E+01
  4.829752E+01  1.500000E+01
  4.815555E+01  1.500000E+01
  4.778926E+01  1.500000E+01
  4.764728E+01  1.500000E+01
  4.728099E+01  1.500000E+01
  4.713902E+01  1.500000E+01
  4.677273E+01  1.500000E+01
  4.663075E+01  1.500000E+01
  4.626446E+01  1.500000E+01
  4.612249E+01  1.500000E+01
  4.575620E+01  1.500000E+01
  4.561422E+01  1.500000E+01
  4.524793E+01  1.500000E+01
  4.510596E+01  1.500000E+01
  4.473967E+01  1.500000E+01
  4.459769E+01  1.500000E+01
  4.423140E+01  1.500000E+01
  4.408943E+01  1.500000E+01
  4.372314E+01  1.500000E+01
  4.358117E+01  1.500000E+01
  4.321488E+01  1.500000E+01
  4.307290E+01  1.500000E+01
  4.270661E+01  1.500000E+01
  4.256464E+01  1.500000E+01
  4.219835E+01  1.500000E+01
  4.205637E+01  1.500000E+01
  4.169008E+01  1.500000E+01
  4.154811E+01  1.500000E+01
  4.118182E+01  1.500000E+01
  4.103984E+01  1.500000E+01
  4.067355E+01  1.500000E+01
  4.053158E+01  1.500000E+01
  4.016529E+01  1.500000E+01
  4.002331E+01  1.500000E+01
  3.965702E+01  1.500000E+01
  3.951505E+01  1.500000E+01
  3.914876E+01  1.500000E+01
  3.900679E+01  1.500000E+01
  3.864050E+01  1.500000E+01
  3.849852E+01  1.500000E+01
  3.813223E+01  1.500000E+01
  3.799026E+01  1.500000E+01
  3.762397E+01  1.500000E+01
  3.748199E+01  1.500000E+01
  3.711570E+01  1.500000E+01
  3.697373E+01  1.500000E+01
  3.660744E+01  1.500000E+01
  3.646546E+01  1.500000E+01
  3.609917E+01  1.500000E+01
  3.595720E+01  1.500000E+01
  3.559091E+01  1.500000E+01
  3.544893E+01  1.500000E+01
  3.508264E+01  1.500000E+01
  3.494067E+01  1.500000E+01
  3.457438E+01  1.500000E+01
  3.443240E+01  1.500000E+01
  3.406612E+01  1.500000E+01
  3.392414E+01  1.500000E+01
  3.355785E+01  1.500000E+01
  3.341588E+01  1.500000E+01
  3.304959E+01  1.500000E+01
  3.290761E+01  1.500000E+01
  3.254132E+01  1.500000E+01
  3.239935E+01  1.500000E+01
  3.203306E+01  1.500000E+01
  3.189108E+01  1.500000E+01
  3.152479E+01  1.500000E+01
  3.138282E+01  1.500000E+01
  3.101653E+01  1.500000E+01
  3.087455E+01  1.500000E+01
  3.050826E+01  1.500000E+01
  3.036629E+01  1.500000E+01
  3.000000E+01  1.500000E+01
  2.985802E+01  1.500000E+01
  2.949174E+01  1.500000E+01
  2.934976E+01  1.500000E+01
  2.898347E+01  1.500000E+01
  2.884150E+01  1.500000E+01
  2.847521E+01  1.500000E+01
  2.833323E+01  1.500000E+01
  2.796694E+01  1.500000E+01
  2.782497E+01  1.500000E+01
  2.745868E+01  1.500000E+01
  2.731670E+01  1.500000E+01
  2.695041E+01  1.500000E+01
  2.680844E+01  1.500000E+01
  2.644215E+01  1.500000E+01
  2.630017E+01  1.500000E+01
  2.593388E+01  1.500000E+01
  2.579191E+01  1.500000E+01
  2.542562E+01  1.500000E+01
  2.528364E+01  1.500000E+01
  2.491736E+01  1.500000E+01
  2.477538E+01  1.500000E+01
  2.440909E+01  1.500000E+01
  2.426712E+01  1.500000E+01
  2.390083E+01  1.500000E+01
  2.375885E+01  1.500000E+01
  2.339256E+01  1.500000E+01
  2.325059E+01  1.500000E+01
  2.288430E+01  1.500000E+01
  2.274232E+01  1.500000E+01
  2.237603E+01  1.500000E+01
  2.223406E+01  1.500000E+01
  2.186777E+01  1.500000E+01
  2.172579E+01  1.500000E+01
  2.135950E+01  1.500000E+01
  2.121753E+01  1.500000E+01
  2.085124E+01  1.500000E+01
  2.070926E+01  1.500000E+01
  2.034298E+01  1.500000E+01
  2.020100E+01  1.500000E+01
  1.983471E+01  1.500000E+01
  1.969274E+01  1.500000E+01
  1.932645E+01  1.500000E+01
  1.918447E+01  1.500000E+01
  1.881818E+01  1.500000E+01
  1.867621E+01  1.500000E+01
  1.830992E+01  1.500000E+01
  1.816794E+01  1.500000E+01
  1.780165E+01  1.500000E+01
  1.765968E+01  1.500000E+01
  1.729339E+01  1.500000E+01
  1.715141E+01  1.500000E+01
  1.678512E+01  1.500000E+01
  1.664315E+01  1.500000E+01
  1.627686E+01  1.500000E+01
  1.613488E+01  1.500000E+01
  1.576860E+01  1.500000E+01
  1.562662E+01  1.500000E+01
  1.526033E+01  1.500000E+01
  1.511836E+01  1.500000E+01
  1.500000E+01  1.485802E+01
  1.500000E+01  1.459769E+01
  1.500000E+01  1.434568E+01
  1.500000E+01  1.408535E+01
  1.500000E+01  1.383333E+01
  1.500000E+01  1.357300E+01
  1.500000E+01  1.332099E+01
  1.500000E+01  1.306066E+01
  1.500000E+01  1.280864E+01
  1.500000E+01  1.254831E+01
  1.500000E+01  1.229630E+01
  1.500000E+01  1.203597E+01
  1.500000E+01  1.178395E+01
  1.500000E+01  1.152362E+01
  1.500000E+01  1.127160E+01
  1.500000E+01  1.101127E+01
  1.500000E+01  1.075926E+01
  1.500000E+01  1.049893E+01
  1.500000E+01  1.024691E+01

#------------------------------------------------------------------------------
z: xorg(1.03)
p: xfac[c2*0.05] form[c1/0.05] notc noxt noyt dmin(1)
p: ymin(0) ymax(1) xmin(0) xmax(1) cmin(1) cmax(100) nosp
hc: y= 0.005 to 0.995 by 0.01 ; x= 0.5 to 0.5 by 1 ;
 1  2  3  4  5  6  7  8  9 10 11 12 13 14 15 16 17 18 19 20
21 22 23 24 25 26 27 28 29 30 31 32 33 34 35 36 37 38 39 40
41 42 43 44 45 46 47 48 49 50 51 52 53 54 55 56 57 58 59 60
61 62 63 64 65 66 67 68 69 70 71 72 73 74 75 76 77 78 79 80
81 82 83 84 85 86 87 88 89 90 91 92 93 94 95 96 97 98 99 100
z: xorg(0.0)
p: xfac[c2*0.05] form[c1/0.05] nosp afac[c5*0.625] ymin[c3] ymax[c4]
p: noxt noxn ytxt(-1) ynum(-1) xltd(-1) xstd(-1) itic(1) ylog
y: Flux [1/cm^2/source]              
#------------------------------------------------------------------------------

wt: s[c5]
\vspace{-3}
  emin  &=&   0.0000E+00 [MeV]
  emax  &=&   1.0000E+03 [MeV]
  xmin  &=&  -1.0000E+00 [cm]
  xmax  &=&   1.0000E+00 [cm]
  part. &=& neutron 
e:

#------------------------------------------------------------------------------
z: xorg[-1.03/0.05]
p: form[c1] xfac[c2] afac[c5] nosp notf
p: xmin(  0.000000    ) xmax(  60.00000    )
p: ymin( -20.00000    ) ymax(  20.00000    )

#------------------------------------------------------------------------------
 newpage:
#   no. =  2   ie  =  1   ix  =  1   part. = proton  
#   e = (   0.0000E+00  -   1.0000E+03  )
#   x = (  -1.0000E+00  -   1.0000E+00  )

'no. =  2,  ie =  1,  ix =  1'
msuc: {\huge [t-track] in xyz mesh}
msdl: {\it plotted by \ANGEL \version}
msdr: {\it calculated by \PHITS  2.30}

x: z [cm]
y: y [cm]
set: c1[ 0.667] c2[ 1.102] c5[ 0.800] c6[ 0.868] c7[ 0.000] c8[ 0.200]
p: form[c1] xfac[c2] afac[c5] scal[c6] xorg[c7] yorg[c8] nosp
set: c3[   1.000000E-04] c4[   1.000000E-01]
p: cmin[c3] cmax[c4]
p: dmin(1e-31)
p: zlog
p: xmin(  0.000000    ) xmax(  60.00000    )
p: ymin( -20.00000    ) ymax(  20.00000    )
p: cmin(1.e-4) cmax(1.e-1)

#   no. =  2   ie  =  1   ix  =  1
#   e = (   0.0000E+00  -   1.0000E+03  )
#   x = (  -1.0000E+00  -   1.0000E+00  )

hc:  y =   19.75000     to  -19.75000     by  0.5000000     ; x =  0.2500000     to   59.75000     by  0.5000000     ;
  0.000E+00  0.000E+00  0.000E+00  0.000E+00  0.000E+00  0.000E+00  0.000E+00  0.000E+00  0.000E+00  0.000E+00
  0.000E+00  0.000E+00  0.000E+00  0.000E+00  0.000E+00  0.000E+00  0.000E+00  0.000E+00  0.000E+00  0.000E+00
  0.000E+00  0.000E+00  0.000E+00  0.000E+00  0.000E+00  0.000E+00  0.000E+00  0.000E+00  0.000E+00  0.000E+00
  0.000E+00  0.000E+00  0.000E+00  0.000E+00  0.000E+00  0.000E+00  0.000E+00  0.000E+00  0.000E+00  0.000E+00
  0.000E+00  0.000E+00  0.000E+00  0.000E+00  0.000E+00  0.000E+00  0.000E+00  0.000E+00  0.000E+00  0.000E+00
  0.000E+00  0.000E+00  0.000E+00  0.000E+00  0.000E+00  0.000E+00  0.000E+00  0.000E+00  0.000E+00  0.000E+00
  0.000E+00  0.000E+00  0.000E+00  0.000E+00  0.000E+00  0.000E+00  0.000E+00  0.000E+00  0.000E+00  0.000E+00
  0.000E+00  0.000E+00  0.000E+00  0.000E+00  0.000E+00  0.000E+00  0.000E+00  0.000E+00  0.000E+00  0.000E+00
  0.000E+00  0.000E+00  0.000E+00  0.000E+00  0.000E+00  0.000E+00  0.000E+00  0.000E+00  0.000E+00  0.000E+00
  0.000E+00  0.000E+00  0.000E+00  0.000E+00  0.000E+00  0.000E+00  0.000E+00  0.000E+00  0.000E+00  0.000E+00
  0.000E+00  0.000E+00  0.000E+00  0.000E+00  0.000E+00  0.000E+00  0.000E+00  0.000E+00  0.000E+00  0.000E+00
  0.000E+00  0.000E+00  0.000E+00  0.000E+00  0.000E+00  0.000E+00  0.000E+00  0.000E+00  0.000E+00  0.000E+00
  0.000E+00  0.000E+00  0.000E+00  0.000E+00  0.000E+00  0.000E+00  0.000E+00  0.000E+00  0.000E+00  0.000E+00
  0.000E+00  0.000E+00  0.000E+00  0.000E+00  0.000E+00  0.000E+00  0.000E+00  0.000E+00  0.000E+00  0.000E+00
  0.000E+00  0.000E+00  0.000E+00  0.000E+00  0.000E+00  0.000E+00  0.000E+00  0.000E+00  0.000E+00  0.000E+00
  0.000E+00  0.000E+00  0.000E+00  0.000E+00  0.000E+00  0.000E+00  0.000E+00  0.000E+00  0.000E+00  0.000E+00
  0.000E+00  0.000E+00  0.000E+00  0.000E+00  0.000E+00  0.000E+00  0.000E+00  0.000E+00  0.000E+00  0.000E+00
  0.000E+00  0.000E+00  0.000E+00  0.000E+00  0.000E+00  0.000E+00  0.000E+00  0.000E+00  0.000E+00  0.000E+00
  0.000E+00  0.000E+00  0.000E+00  0.000E+00  0.000E+00  0.000E+00  0.000E+00  0.000E+00  0.000E+00  0.000E+00
  0.000E+00  0.000E+00  0.000E+00  0.000E+00  0.000E+00  0.000E+00  0.000E+00  0.000E+00  0.000E+00  0.000E+00
  0.000E+00  0.000E+00  0.000E+00  0.000E+00  0.000E+00  0.000E+00  0.000E+00  0.000E+00  0.000E+00  0.000E+00
  0.000E+00  0.000E+00  0.000E+00  0.000E+00  0.000E+00  0.000E+00  0.000E+00  0.000E+00  0.000E+00  0.000E+00
  0.000E+00  0.000E+00  0.000E+00  0.000E+00  0.000E+00  0.000E+00  0.000E+00  0.000E+00  0.000E+00  0.000E+00
  0.000E+00  0.000E+00  0.000E+00  0.000E+00  0.000E+00  0.000E+00  0.000E+00  0.000E+00  0.000E+00  0.000E+00
  0.000E+00  0.000E+00  0.000E+00  0.000E+00  0.000E+00  0.000E+00  0.000E+00  0.000E+00  0.000E+00  0.000E+00
  0.000E+00  0.000E+00  0.000E+00  0.000E+00  0.000E+00  0.000E+00  0.000E+00  0.000E+00  0.000E+00  0.000E+00
  0.000E+00  0.000E+00  0.000E+00  0.000E+00  0.000E+00  0.000E+00  0.000E+00  0.000E+00  0.000E+00  0.000E+00
  0.000E+00  0.000E+00  0.000E+00  0.000E+00  0.000E+00  0.000E+00  0.000E+00  0.000E+00  0.000E+00  0.000E+00
  0.000E+00  0.000E+00  0.000E+00  0.000E+00  0.000E+00  0.000E+00  0.000E+00  0.000E+00  0.000E+00  0.000E+00
  0.000E+00  0.000E+00  0.000E+00  0.000E+00  0.000E+00  0.000E+00  0.000E+00  0.000E+00  0.000E+00  0.000E+00
  0.000E+00  0.000E+00  0.000E+00  0.000E+00  0.000E+00  0.000E+00  0.000E+00  0.000E+00  0.000E+00  0.000E+00
  0.000E+00  0.000E+00  0.000E+00  0.000E+00  0.000E+00  0.000E+00  0.000E+00  0.000E+00  0.000E+00  0.000E+00
  0.000E+00  0.000E+00  0.000E+00  0.000E+00  0.000E+00  0.000E+00  0.000E+00  0.000E+00  0.000E+00  0.000E+00
  0.000E+00  0.000E+00  0.000E+00  0.000E+00  0.000E+00  0.000E+00  0.000E+00  0.000E+00  0.000E+00  0.000E+00
  0.000E+00  0.000E+00  0.000E+00  0.000E+00  0.000E+00  0.000E+00  0.000E+00  0.000E+00  0.000E+00  0.000E+00
  0.000E+00  0.000E+00  0.000E+00  0.000E+00  0.000E+00  0.000E+00  0.000E+00  0.000E+00  0.000E+00  0.000E+00
  0.000E+00  0.000E+00  0.000E+00  0.000E+00  0.000E+00  0.000E+00  0.000E+00  0.000E+00  0.000E+00  0.000E+00
  0.000E+00  0.000E+00  0.000E+00  0.000E+00  0.000E+00  0.000E+00  0.000E+00  0.000E+00  0.000E+00  0.000E+00
  0.000E+00  0.000E+00  0.000E+00  0.000E+00  0.000E+00  0.000E+00  0.000E+00  0.000E+00  0.000E+00  0.000E+00
  0.000E+00  0.000E+00  0.000E+00  0.000E+00  0.000E+00  0.000E+00  0.000E+00  0.000E+00  0.000E+00  0.000E+00
  0.000E+00  0.000E+00  0.000E+00  0.000E+00  0.000E+00  0.000E+00  0.000E+00  0.000E+00  0.000E+00  0.000E+00
  0.000E+00  0.000E+00  0.000E+00  0.000E+00  0.000E+00  0.000E+00  0.000E+00  0.000E+00  0.000E+00  0.000E+00
  0.000E+00  0.000E+00  0.000E+00  0.000E+00  0.000E+00  0.000E+00  0.000E+00  0.000E+00  0.000E+00  0.000E+00
  0.000E+00  0.000E+00  0.000E+00  0.000E+00  0.000E+00  0.000E+00  0.000E+00  0.000E+00  0.000E+00  0.000E+00
  0.000E+00  0.000E+00  0.000E+00  0.000E+00  0.000E+00  0.000E+00  0.000E+00  0.000E+00  0.000E+00  0.000E+00
  0.000E+00  0.000E+00  0.000E+00  0.000E+00  0.000E+00  0.000E+00  0.000E+00  0.000E+00  0.000E+00  0.000E+00
  0.000E+00  0.000E+00  0.000E+00  0.000E+00  0.000E+00  0.000E+00  0.000E+00  0.000E+00  0.000E+00  0.000E+00
  0.000E+00  0.000E+00  0.000E+00  0.000E+00  0.000E+00  0.000E+00  0.000E+00  0.000E+00  0.000E+00  0.000E+00
  0.000E+00  0.000E+00  0.000E+00  0.000E+00  0.000E+00  0.000E+00  0.000E+00  0.000E+00  0.000E+00  0.000E+00
  0.000E+00  0.000E+00  0.000E+00  0.000E+00  0.000E+00  0.000E+00  0.000E+00  0.000E+00  0.000E+00  0.000E+00
  0.000E+00  0.000E+00  0.000E+00  0.000E+00  0.000E+00  0.000E+00  0.000E+00  0.000E+00  0.000E+00  0.000E+00
  0.000E+00  0.000E+00  0.000E+00  0.000E+00  0.000E+00  0.000E+00  0.000E+00  0.000E+00  0.000E+00  0.000E+00
  0.000E+00  0.000E+00  0.000E+00  0.000E+00  0.000E+00  0.000E+00  0.000E+00  0.000E+00  0.000E+00  0.000E+00
  0.000E+00  0.000E+00  0.000E+00  0.000E+00  0.000E+00  0.000E+00  0.000E+00  0.000E+00  0.000E+00  0.000E+00
  0.000E+00  0.000E+00  0.000E+00  0.000E+00  0.000E+00  0.000E+00  0.000E+00  0.000E+00  0.000E+00  0.000E+00
  0.000E+00  0.000E+00  0.000E+00  0.000E+00  0.000E+00  0.000E+00  0.000E+00  0.000E+00  0.000E+00  0.000E+00
  0.000E+00  0.000E+00  0.000E+00  0.000E+00  0.000E+00  0.000E+00  0.000E+00  0.000E+00  0.000E+00  0.000E+00
  0.000E+00  0.000E+00  0.000E+00  0.000E+00  0.000E+00  0.000E+00  0.000E+00  0.000E+00  0.000E+00  0.000E+00
  0.000E+00  0.000E+00  0.000E+00  0.000E+00  0.000E+00  0.000E+00  0.000E+00  0.000E+00  0.000E+00  0.000E+00
  0.000E+00  0.000E+00  0.000E+00  0.000E+00  0.000E+00  0.000E+00  0.000E+00  0.000E+00  0.000E+00  0.000E+00
  0.000E+00  0.000E+00  0.000E+00  0.000E+00  0.000E+00  0.000E+00  0.000E+00  0.000E+00  0.000E+00  0.000E+00
  0.000E+00  0.000E+00  0.000E+00  0.000E+00  0.000E+00  0.000E+00  0.000E+00  0.000E+00  0.000E+00  0.000E+00
  0.000E+00  0.000E+00  0.000E+00  0.000E+00  0.000E+00  0.000E+00  0.000E+00  0.000E+00  0.000E+00  0.000E+00
  0.000E+00  0.000E+00  0.000E+00  0.000E+00  0.000E+00  0.000E+00  0.000E+00  0.000E+00  0.000E+00  0.000E+00
  0.000E+00  0.000E+00  0.000E+00  0.000E+00  0.000E+00  0.000E+00  0.000E+00  0.000E+00  0.000E+00  0.000E+00
  0.000E+00  0.000E+00  0.000E+00  0.000E+00  0.000E+00  0.000E+00  0.000E+00  0.000E+00  0.000E+00  0.000E+00
  0.000E+00  0.000E+00  0.000E+00  0.000E+00  0.000E+00  0.000E+00  0.000E+00  0.000E+00  0.000E+00  0.000E+00
  0.000E+00  0.000E+00  0.000E+00  0.000E+00  0.000E+00  0.000E+00  0.000E+00  0.000E+00  0.000E+00  0.000E+00
  0.000E+00  0.000E+00  0.000E+00  0.000E+00  0.000E+00  0.000E+00  0.000E+00  0.000E+00  0.000E+00  0.000E+00
  0.000E+00  0.000E+00  0.000E+00  0.000E+00  0.000E+00  0.000E+00  0.000E+00  0.000E+00  0.000E+00  0.000E+00
  0.000E+00  0.000E+00  0.000E+00  0.000E+00  0.000E+00  0.000E+00  0.000E+00  0.000E+00  0.000E+00  0.000E+00
  0.000E+00  0.000E+00  0.000E+00  0.000E+00  0.000E+00  0.000E+00  0.000E+00  0.000E+00  0.000E+00  0.000E+00
  0.000E+00  0.000E+00  0.000E+00  0.000E+00  0.000E+00  0.000E+00  0.000E+00  0.000E+00  0.000E+00  0.000E+00
  0.000E+00  0.000E+00  0.000E+00  0.000E+00  0.000E+00  0.000E+00  0.000E+00  0.000E+00  0.000E+00  0.000E+00
  0.000E+00  0.000E+00  0.000E+00  0.000E+00  0.000E+00  0.000E+00  0.000E+00  0.000E+00  0.000E+00  0.000E+00
  0.000E+00  0.000E+00  0.000E+00  0.000E+00  0.000E+00  0.000E+00  0.000E+00  0.000E+00  0.000E+00  0.000E+00
  0.000E+00  0.000E+00  0.000E+00  0.000E+00  0.000E+00  0.000E+00  0.000E+00  0.000E+00  0.000E+00  0.000E+00
  0.000E+00  0.000E+00  0.000E+00  0.000E+00  0.000E+00  0.000E+00  0.000E+00  0.000E+00  0.000E+00  0.000E+00
  0.000E+00  0.000E+00  0.000E+00  0.000E+00  0.000E+00  0.000E+00  0.000E+00  0.000E+00  0.000E+00  0.000E+00
  0.000E+00  0.000E+00  0.000E+00  0.000E+00  0.000E+00  0.000E+00  0.000E+00  0.000E+00  0.000E+00  0.000E+00
  0.000E+00  0.000E+00  0.000E+00  0.000E+00  0.000E+00  0.000E+00  0.000E+00  0.000E+00  0.000E+00  0.000E+00
  0.000E+00  0.000E+00  0.000E+00  0.000E+00  0.000E+00  0.000E+00  0.000E+00  0.000E+00  0.000E+00  0.000E+00
  0.000E+00  0.000E+00  0.000E+00  0.000E+00  0.000E+00  0.000E+00  0.000E+00  0.000E+00  0.000E+00  0.000E+00
  0.000E+00  0.000E+00  0.000E+00  0.000E+00  0.000E+00  0.000E+00  0.000E+00  0.000E+00  0.000E+00  0.000E+00
  0.000E+00  0.000E+00  0.000E+00  0.000E+00  0.000E+00  0.000E+00  0.000E+00  0.000E+00  0.000E+00  0.000E+00
  0.000E+00  0.000E+00  0.000E+00  0.000E+00  0.000E+00  0.000E+00  0.000E+00  0.000E+00  0.000E+00  0.000E+00
  0.000E+00  0.000E+00  0.000E+00  0.000E+00  0.000E+00  0.000E+00  0.000E+00  0.000E+00  0.000E+00  0.000E+00
  0.000E+00  0.000E+00  0.000E+00  0.000E+00  0.000E+00  0.000E+00  0.000E+00  0.000E+00  0.000E+00  0.000E+00
  0.000E+00  0.000E+00  0.000E+00  0.000E+00  0.000E+00  0.000E+00  0.000E+00  0.000E+00  0.000E+00  0.000E+00
  0.000E+00  0.000E+00  0.000E+00  0.000E+00  0.000E+00  0.000E+00  0.000E+00  0.000E+00  0.000E+00  0.000E+00
  0.000E+00  0.000E+00  0.000E+00  0.000E+00  0.000E+00  0.000E+00  0.000E+00  0.000E+00  0.000E+00  0.000E+00
  0.000E+00  0.000E+00  0.000E+00  0.000E+00  0.000E+00  0.000E+00  0.000E+00  0.000E+00  0.000E+00  0.000E+00
  0.000E+00  0.000E+00  0.000E+00  0.000E+00  0.000E+00  0.000E+00  0.000E+00  0.000E+00  0.000E+00  0.000E+00
  0.000E+00  0.000E+00  0.000E+00  0.000E+00  0.000E+00  0.000E+00  0.000E+00  0.000E+00  0.000E+00  0.000E+00
  0.000E+00  0.000E+00  0.000E+00  0.000E+00  0.000E+00  0.000E+00  0.000E+00  0.000E+00  0.000E+00  0.000E+00
  0.000E+00  0.000E+00  0.000E+00  0.000E+00  0.000E+00  0.000E+00  0.000E+00  0.000E+00  0.000E+00  0.000E+00
  0.000E+00  0.000E+00  0.000E+00  0.000E+00  0.000E+00  0.000E+00  0.000E+00  0.000E+00  0.000E+00  0.000E+00
  0.000E+00  0.000E+00  0.000E+00  0.000E+00  0.000E+00  0.000E+00  0.000E+00  0.000E+00  0.000E+00  0.000E+00
  0.000E+00  0.000E+00  0.000E+00  0.000E+00  0.000E+00  0.000E+00  0.000E+00  0.000E+00  0.000E+00  0.000E+00
  0.000E+00  0.000E+00  0.000E+00  0.000E+00  0.000E+00  0.000E+00  0.000E+00  0.000E+00  0.000E+00  0.000E+00
  0.000E+00  0.000E+00  0.000E+00  0.000E+00  0.000E+00  0.000E+00  0.000E+00  0.000E+00  0.000E+00  0.000E+00
  0.000E+00  0.000E+00  0.000E+00  0.000E+00  0.000E+00  0.000E+00  0.000E+00  0.000E+00  0.000E+00  0.000E+00
  0.000E+00  0.000E+00  0.000E+00  0.000E+00  0.000E+00  0.000E+00  0.000E+00  0.000E+00  0.000E+00  0.000E+00
  0.000E+00  0.000E+00  0.000E+00  0.000E+00  0.000E+00  0.000E+00  0.000E+00  0.000E+00  0.000E+00  0.000E+00
  0.000E+00  0.000E+00  0.000E+00  0.000E+00  0.000E+00  0.000E+00  0.000E+00  0.000E+00  0.000E+00  0.000E+00
  0.000E+00  0.000E+00  0.000E+00  0.000E+00  0.000E+00  0.000E+00  0.000E+00  0.000E+00  0.000E+00  0.000E+00
  0.000E+00  0.000E+00  0.000E+00  0.000E+00  0.000E+00  0.000E+00  0.000E+00  0.000E+00  0.000E+00  0.000E+00
  0.000E+00  0.000E+00  0.000E+00  0.000E+00  0.000E+00  0.000E+00  0.000E+00  0.000E+00  0.000E+00  0.000E+00
  0.000E+00  0.000E+00  0.000E+00  0.000E+00  0.000E+00  0.000E+00  0.000E+00  0.000E+00  0.000E+00  0.000E+00
  0.000E+00  0.000E+00  0.000E+00  0.000E+00  0.000E+00  0.000E+00  0.000E+00  0.000E+00  0.000E+00  0.000E+00
  0.000E+00  0.000E+00  0.000E+00  0.000E+00  0.000E+00  0.000E+00  0.000E+00  0.000E+00  0.000E+00  0.000E+00
  0.000E+00  0.000E+00  0.000E+00  0.000E+00  0.000E+00  0.000E+00  0.000E+00  0.000E+00  0.000E+00  0.000E+00
  0.000E+00  0.000E+00  0.000E+00  0.000E+00  0.000E+00  0.000E+00  0.000E+00  0.000E+00  0.000E+00  0.000E+00
  0.000E+00  0.000E+00  0.000E+00  0.000E+00  0.000E+00  0.000E+00  0.000E+00  0.000E+00  0.000E+00  0.000E+00
  0.000E+00  0.000E+00  0.000E+00  0.000E+00  0.000E+00  0.000E+00  0.000E+00  0.000E+00  0.000E+00  0.000E+00
  0.000E+00  0.000E+00  0.000E+00  0.000E+00  0.000E+00  0.000E+00  0.000E+00  0.000E+00  0.000E+00  0.000E+00
  0.000E+00  0.000E+00  0.000E+00  0.000E+00  0.000E+00  0.000E+00  0.000E+00  0.000E+00  0.000E+00  0.000E+00
  0.000E+00  0.000E+00  0.000E+00  0.000E+00  0.000E+00  0.000E+00  0.000E+00  0.000E+00  0.000E+00  0.000E+00
  0.000E+00  0.000E+00  0.000E+00  0.000E+00  0.000E+00  0.000E+00  0.000E+00  0.000E+00  0.000E+00  0.000E+00
  0.000E+00  0.000E+00  0.000E+00  0.000E+00  0.000E+00  0.000E+00  0.000E+00  0.000E+00  0.000E+00  0.000E+00
  0.000E+00  0.000E+00  0.000E+00  0.000E+00  0.000E+00  0.000E+00  0.000E+00  0.000E+00  0.000E+00  0.000E+00
  0.000E+00  0.000E+00  0.000E+00  0.000E+00  0.000E+00  0.000E+00  0.000E+00  0.000E+00  0.000E+00  0.000E+00
  0.000E+00  0.000E+00  0.000E+00  0.000E+00  0.000E+00  0.000E+00  0.000E+00  0.000E+00  0.000E+00  0.000E+00
  0.000E+00  0.000E+00  0.000E+00  0.000E+00  0.000E+00  0.000E+00  0.000E+00  0.000E+00  0.000E+00  0.000E+00
  0.000E+00  0.000E+00  0.000E+00  0.000E+00  0.000E+00  0.000E+00  0.000E+00  0.000E+00  0.000E+00  0.000E+00
  0.000E+00  0.000E+00  0.000E+00  0.000E+00  0.000E+00  0.000E+00  0.000E+00  0.000E+00  0.000E+00  0.000E+00
  0.000E+00  0.000E+00  0.000E+00  0.000E+00  0.000E+00  0.000E+00  0.000E+00  0.000E+00  0.000E+00  0.000E+00
  0.000E+00  0.000E+00  0.000E+00  0.000E+00  0.000E+00  0.000E+00  0.000E+00  0.000E+00  0.000E+00  0.000E+00
  0.000E+00  0.000E+00  0.000E+00  0.000E+00  0.000E+00  0.000E+00  0.000E+00  0.000E+00  0.000E+00  0.000E+00
  0.000E+00  0.000E+00  0.000E+00  0.000E+00  0.000E+00  0.000E+00  0.000E+00  0.000E+00  0.000E+00  0.000E+00
  0.000E+00  0.000E+00  0.000E+00  0.000E+00  0.000E+00  0.000E+00  0.000E+00  0.000E+00  0.000E+00  0.000E+00
  0.000E+00  0.000E+00  0.000E+00  0.000E+00  0.000E+00  0.000E+00  0.000E+00  0.000E+00  0.000E+00  0.000E+00
  0.000E+00  0.000E+00  0.000E+00  0.000E+00  0.000E+00  0.000E+00  0.000E+00  0.000E+00  0.000E+00  0.000E+00
  0.000E+00  0.000E+00  0.000E+00  0.000E+00  0.000E+00  0.000E+00  0.000E+00  0.000E+00  0.000E+00  0.000E+00
  0.000E+00  0.000E+00  0.000E+00  0.000E+00  0.000E+00  0.000E+00  0.000E+00  0.000E+00  0.000E+00  0.000E+00
  0.000E+00  0.000E+00  0.000E+00  0.000E+00  0.000E+00  0.000E+00  0.000E+00  0.000E+00  0.000E+00  0.000E+00
  0.000E+00  0.000E+00  0.000E+00  0.000E+00  0.000E+00  0.000E+00  0.000E+00  0.000E+00  0.000E+00  0.000E+00
  0.000E+00  0.000E+00  0.000E+00  0.000E+00  0.000E+00  0.000E+00  0.000E+00  0.000E+00  0.000E+00  0.000E+00
  0.000E+00  0.000E+00  0.000E+00  0.000E+00  0.000E+00  0.000E+00  0.000E+00  0.000E+00  0.000E+00  0.000E+00
  0.000E+00  0.000E+00  0.000E+00  0.000E+00  6.759E-05  0.000E+00  0.000E+00  0.000E+00  0.000E+00  0.000E+00
  0.000E+00  0.000E+00  0.000E+00  0.000E+00  0.000E+00  0.000E+00  0.000E+00  0.000E+00  0.000E+00  0.000E+00
  0.000E+00  0.000E+00  0.000E+00  0.000E+00  0.000E+00  0.000E+00  0.000E+00  0.000E+00  0.000E+00  0.000E+00
  0.000E+00  0.000E+00  0.000E+00  0.000E+00  0.000E+00  0.000E+00  0.000E+00  0.000E+00  0.000E+00  0.000E+00
  0.000E+00  0.000E+00  0.000E+00  0.000E+00  0.000E+00  0.000E+00  0.000E+00  0.000E+00  0.000E+00  0.000E+00
  0.000E+00  0.000E+00  0.000E+00  0.000E+00  0.000E+00  0.000E+00  0.000E+00  0.000E+00  0.000E+00  0.000E+00
  0.000E+00  0.000E+00  0.000E+00  0.000E+00  0.000E+00  0.000E+00  0.000E+00  0.000E+00  0.000E+00  0.000E+00
  0.000E+00  0.000E+00  0.000E+00  0.000E+00  0.000E+00  0.000E+00  0.000E+00  0.000E+00  0.000E+00  0.000E+00
  0.000E+00  0.000E+00  0.000E+00  0.000E+00  0.000E+00  0.000E+00  0.000E+00  0.000E+00  0.000E+00  0.000E+00
  0.000E+00  0.000E+00  0.000E+00  0.000E+00  0.000E+00  0.000E+00  0.000E+00  0.000E+00  0.000E+00  0.000E+00
  0.000E+00  0.000E+00  0.000E+00  0.000E+00  0.000E+00  0.000E+00  0.000E+00  8.583E-04  0.000E+00  0.000E+00
  0.000E+00  0.000E+00  0.000E+00  0.000E+00  0.000E+00  0.000E+00  0.000E+00  0.000E+00  0.000E+00  0.000E+00
  0.000E+00  0.000E+00  0.000E+00  0.000E+00  8.807E-06  0.000E+00  0.000E+00  0.000E+00  0.000E+00  0.000E+00
  0.000E+00  0.000E+00  0.000E+00  0.000E+00  0.000E+00  0.000E+00  0.000E+00  0.000E+00  0.000E+00  0.000E+00
  0.000E+00  0.000E+00  0.000E+00  0.000E+00  0.000E+00  0.000E+00  0.000E+00  0.000E+00  0.000E+00  0.000E+00
  0.000E+00  0.000E+00  0.000E+00  0.000E+00  0.000E+00  0.000E+00  0.000E+00  0.000E+00  0.000E+00  0.000E+00
  0.000E+00  0.000E+00  0.000E+00  0.000E+00  0.000E+00  0.000E+00  0.000E+00  0.000E+00  0.000E+00  0.000E+00
  0.000E+00  0.000E+00  0.000E+00  0.000E+00  0.000E+00  0.000E+00  0.000E+00  0.000E+00  0.000E+00  0.000E+00
  0.000E+00  0.000E+00  0.000E+00  0.000E+00  0.000E+00  0.000E+00  0.000E+00  0.000E+00  0.000E+00  0.000E+00
  0.000E+00  0.000E+00  0.000E+00  0.000E+00  0.000E+00  0.000E+00  0.000E+00  0.000E+00  0.000E+00  0.000E+00
  0.000E+00  0.000E+00  0.000E+00  0.000E+00  0.000E+00  0.000E+00  0.000E+00  0.000E+00  0.000E+00  0.000E+00
  0.000E+00  0.000E+00  0.000E+00  0.000E+00  0.000E+00  0.000E+00  0.000E+00  0.000E+00  0.000E+00  0.000E+00
  0.000E+00  0.000E+00  0.000E+00  0.000E+00  0.000E+00  0.000E+00  0.000E+00  0.000E+00  0.000E+00  0.000E+00
  0.000E+00  0.000E+00  0.000E+00  0.000E+00  0.000E+00  0.000E+00  0.000E+00  0.000E+00  0.000E+00  0.000E+00
  0.000E+00  0.000E+00  0.000E+00  0.000E+00  0.000E+00  0.000E+00  0.000E+00  0.000E+00  0.000E+00  0.000E+00
  0.000E+00  0.000E+00  0.000E+00  0.000E+00  0.000E+00  0.000E+00  0.000E+00  0.000E+00  0.000E+00  0.000E+00
  0.000E+00  0.000E+00  0.000E+00  0.000E+00  0.000E+00  0.000E+00  0.000E+00  0.000E+00  0.000E+00  0.000E+00
  0.000E+00  0.000E+00  0.000E+00  0.000E+00  0.000E+00  0.000E+00  0.000E+00  0.000E+00  0.000E+00  0.000E+00
  0.000E+00  0.000E+00  0.000E+00  0.000E+00  0.000E+00  0.000E+00  0.000E+00  0.000E+00  0.000E+00  0.000E+00
  0.000E+00  0.000E+00  0.000E+00  0.000E+00  0.000E+00  0.000E+00  0.000E+00  0.000E+00  0.000E+00  0.000E+00
  0.000E+00  0.000E+00  0.000E+00  0.000E+00  0.000E+00  0.000E+00  0.000E+00  0.000E+00  0.000E+00  0.000E+00
  0.000E+00  0.000E+00  0.000E+00  0.000E+00  0.000E+00  0.000E+00  0.000E+00  0.000E+00  0.000E+00  0.000E+00
  0.000E+00  0.000E+00  0.000E+00  0.000E+00  0.000E+00  0.000E+00  0.000E+00  0.000E+00  0.000E+00  0.000E+00
  0.000E+00  0.000E+00  0.000E+00  0.000E+00  0.000E+00  0.000E+00  0.000E+00  0.000E+00  0.000E+00  0.000E+00
  0.000E+00  0.000E+00  0.000E+00  0.000E+00  0.000E+00  0.000E+00  0.000E+00  0.000E+00  0.000E+00  0.000E+00
  0.000E+00  0.000E+00  0.000E+00  0.000E+00  0.000E+00  0.000E+00  0.000E+00  0.000E+00  0.000E+00  0.000E+00
  0.000E+00  0.000E+00  0.000E+00  0.000E+00  0.000E+00  0.000E+00  0.000E+00  0.000E+00  0.000E+00  0.000E+00
  0.000E+00  0.000E+00  0.000E+00  0.000E+00  0.000E+00  0.000E+00  0.000E+00  0.000E+00  0.000E+00  0.000E+00
  0.000E+00  0.000E+00  0.000E+00  0.000E+00  0.000E+00  0.000E+00  0.000E+00  0.000E+00  0.000E+00  0.000E+00
  0.000E+00  0.000E+00  0.000E+00  0.000E+00  0.000E+00  0.000E+00  0.000E+00  0.000E+00  0.000E+00  0.000E+00
  0.000E+00  0.000E+00  0.000E+00  0.000E+00  0.000E+00  0.000E+00  0.000E+00  0.000E+00  0.000E+00  0.000E+00
  0.000E+00  0.000E+00  0.000E+00  0.000E+00  0.000E+00  0.000E+00  0.000E+00  0.000E+00  0.000E+00  0.000E+00
  0.000E+00  0.000E+00  0.000E+00  0.000E+00  0.000E+00  0.000E+00  0.000E+00  0.000E+00  0.000E+00  0.000E+00
  0.000E+00  0.000E+00  0.000E+00  0.000E+00  0.000E+00  0.000E+00  0.000E+00  0.000E+00  0.000E+00  0.000E+00
  0.000E+00  0.000E+00  0.000E+00  0.000E+00  0.000E+00  0.000E+00  0.000E+00  0.000E+00  0.000E+00  0.000E+00
  0.000E+00  0.000E+00  0.000E+00  0.000E+00  0.000E+00  0.000E+00  0.000E+00  0.000E+00  0.000E+00  0.000E+00
  0.000E+00  0.000E+00  0.000E+00  0.000E+00  0.000E+00  0.000E+00  0.000E+00  0.000E+00  0.000E+00  0.000E+00
  0.000E+00  0.000E+00  0.000E+00  0.000E+00  0.000E+00  0.000E+00  0.000E+00  0.000E+00  0.000E+00  0.000E+00
  0.000E+00  0.000E+00  0.000E+00  0.000E+00  0.000E+00  0.000E+00  0.000E+00  0.000E+00  0.000E+00  0.000E+00
  0.000E+00  0.000E+00  0.000E+00  0.000E+00  0.000E+00  0.000E+00  0.000E+00  0.000E+00  0.000E+00  0.000E+00
  0.000E+00  0.000E+00  0.000E+00  0.000E+00  0.000E+00  0.000E+00  0.000E+00  0.000E+00  0.000E+00  0.000E+00
  0.000E+00  0.000E+00  0.000E+00  0.000E+00  0.000E+00  0.000E+00  0.000E+00  0.000E+00  0.000E+00  0.000E+00
  0.000E+00  0.000E+00  0.000E+00  0.000E+00  0.000E+00  0.000E+00  0.000E+00  0.000E+00  0.000E+00  0.000E+00
  0.000E+00  0.000E+00  0.000E+00  0.000E+00  0.000E+00  0.000E+00  0.000E+00  0.000E+00  0.000E+00  0.000E+00
  0.000E+00  0.000E+00  0.000E+00  0.000E+00  0.000E+00  0.000E+00  0.000E+00  0.000E+00  0.000E+00  0.000E+00
  0.000E+00  0.000E+00  0.000E+00  0.000E+00  0.000E+00  0.000E+00  0.000E+00  0.000E+00  0.000E+00  0.000E+00
  0.000E+00  0.000E+00  0.000E+00  0.000E+00  0.000E+00  0.000E+00  0.000E+00  0.000E+00  0.000E+00  0.000E+00
  0.000E+00  0.000E+00  0.000E+00  0.000E+00  0.000E+00  0.000E+00  0.000E+00  0.000E+00  0.000E+00  0.000E+00
  0.000E+00  0.000E+00  0.000E+00  0.000E+00  0.000E+00  0.000E+00  0.000E+00  0.000E+00  0.000E+00  0.000E+00
  0.000E+00  0.000E+00  0.000E+00  3.842E-05  0.000E+00  0.000E+00  0.000E+00  0.000E+00  0.000E+00  0.000E+00
  0.000E+00  0.000E+00  0.000E+00  0.000E+00  0.000E+00  0.000E+00  0.000E+00  0.000E+00  0.000E+00  0.000E+00
  0.000E+00  0.000E+00  0.000E+00  0.000E+00  0.000E+00  0.000E+00  0.000E+00  0.000E+00  0.000E+00  0.000E+00
  0.000E+00  0.000E+00  0.000E+00  0.000E+00  0.000E+00  0.000E+00  0.000E+00  0.000E+00  0.000E+00  0.000E+00
  0.000E+00  0.000E+00  0.000E+00  0.000E+00  0.000E+00  0.000E+00  0.000E+00  0.000E+00  0.000E+00  0.000E+00
  0.000E+00  0.000E+00  0.000E+00  0.000E+00  0.000E+00  0.000E+00  0.000E+00  0.000E+00  0.000E+00  0.000E+00
  0.000E+00  0.000E+00  0.000E+00  0.000E+00  0.000E+00  0.000E+00  0.000E+00  0.000E+00  0.000E+00  0.000E+00
  0.000E+00  0.000E+00  0.000E+00  0.000E+00  0.000E+00  0.000E+00  0.000E+00  0.000E+00  0.000E+00  0.000E+00
  0.000E+00  0.000E+00  0.000E+00  0.000E+00  0.000E+00  0.000E+00  0.000E+00  0.000E+00  0.000E+00  0.000E+00
  0.000E+00  0.000E+00  0.000E+00  0.000E+00  0.000E+00  0.000E+00  0.000E+00  0.000E+00  0.000E+00  0.000E+00
  0.000E+00  0.000E+00  0.000E+00  0.000E+00  0.000E+00  0.000E+00  0.000E+00  0.000E+00  0.000E+00  0.000E+00
  0.000E+00  0.000E+00  0.000E+00  0.000E+00  0.000E+00  0.000E+00  0.000E+00  0.000E+00  0.000E+00  0.000E+00
  0.000E+00  0.000E+00  0.000E+00  0.000E+00  0.000E+00  0.000E+00  0.000E+00  0.000E+00  0.000E+00  0.000E+00
  0.000E+00  0.000E+00  0.000E+00  0.000E+00  0.000E+00  0.000E+00  0.000E+00  0.000E+00  0.000E+00  0.000E+00
  0.000E+00  0.000E+00  0.000E+00  0.000E+00  0.000E+00  0.000E+00  0.000E+00  0.000E+00  0.000E+00  0.000E+00
  0.000E+00  0.000E+00  0.000E+00  0.000E+00  0.000E+00  0.000E+00  0.000E+00  0.000E+00  0.000E+00  0.000E+00
  0.000E+00  0.000E+00  0.000E+00  0.000E+00  0.000E+00  0.000E+00  0.000E+00  0.000E+00  0.000E+00  0.000E+00
  0.000E+00  0.000E+00  0.000E+00  0.000E+00  0.000E+00  0.000E+00  0.000E+00  0.000E+00  0.000E+00  0.000E+00
  0.000E+00  0.000E+00  0.000E+00  0.000E+00  0.000E+00  0.000E+00  0.000E+00  0.000E+00  0.000E+00  0.000E+00
  0.000E+00  0.000E+00  0.000E+00  0.000E+00  0.000E+00  0.000E+00  0.000E+00  0.000E+00  0.000E+00  0.000E+00
  0.000E+00  0.000E+00  0.000E+00  0.000E+00  0.000E+00  0.000E+00  0.000E+00  0.000E+00  0.000E+00  0.000E+00
  0.000E+00  0.000E+00  0.000E+00  0.000E+00  0.000E+00  0.000E+00  0.000E+00  0.000E+00  0.000E+00  0.000E+00
  0.000E+00  0.000E+00  0.000E+00  0.000E+00  0.000E+00  0.000E+00  0.000E+00  0.000E+00  0.000E+00  0.000E+00
  0.000E+00  0.000E+00  0.000E+00  0.000E+00  0.000E+00  0.000E+00  0.000E+00  0.000E+00  0.000E+00  0.000E+00
  0.000E+00  0.000E+00  8.722E-04  0.000E+00  0.000E+00  0.000E+00  0.000E+00  0.000E+00  0.000E+00  0.000E+00
  0.000E+00  0.000E+00  0.000E+00  0.000E+00  0.000E+00  0.000E+00  0.000E+00  0.000E+00  0.000E+00  0.000E+00
  0.000E+00  0.000E+00  0.000E+00  0.000E+00  0.000E+00  0.000E+00  0.000E+00  0.000E+00  0.000E+00  0.000E+00
  0.000E+00  0.000E+00  0.000E+00  0.000E+00  0.000E+00  0.000E+00  0.000E+00  0.000E+00  0.000E+00  0.000E+00
  0.000E+00  0.000E+00  0.000E+00  0.000E+00  0.000E+00  0.000E+00  0.000E+00  0.000E+00  0.000E+00  0.000E+00
  0.000E+00  0.000E+00  0.000E+00  0.000E+00  0.000E+00  0.000E+00  0.000E+00  0.000E+00  0.000E+00  0.000E+00
  0.000E+00  0.000E+00  0.000E+00  0.000E+00  0.000E+00  0.000E+00  0.000E+00  0.000E+00  0.000E+00  0.000E+00
  0.000E+00  0.000E+00  0.000E+00  0.000E+00  0.000E+00  0.000E+00  0.000E+00  0.000E+00  0.000E+00  0.000E+00
  0.000E+00  0.000E+00  0.000E+00  0.000E+00  0.000E+00  0.000E+00  0.000E+00  0.000E+00  0.000E+00  0.000E+00
  0.000E+00  0.000E+00  0.000E+00  0.000E+00  0.000E+00  0.000E+00  0.000E+00  0.000E+00  0.000E+00  0.000E+00
  0.000E+00  0.000E+00  0.000E+00  0.000E+00  0.000E+00  0.000E+00  0.000E+00  0.000E+00  0.000E+00  0.000E+00
  0.000E+00  0.000E+00  0.000E+00  0.000E+00  0.000E+00  0.000E+00  0.000E+00  0.000E+00  0.000E+00  0.000E+00
  0.000E+00  0.000E+00  0.000E+00  0.000E+00  0.000E+00  0.000E+00  0.000E+00  0.000E+00  0.000E+00  0.000E+00
  0.000E+00  0.000E+00  0.000E+00  0.000E+00  0.000E+00  0.000E+00  0.000E+00  0.000E+00  0.000E+00  0.000E+00
  0.000E+00  0.000E+00  0.000E+00  0.000E+00  0.000E+00  0.000E+00  0.000E+00  0.000E+00  0.000E+00  0.000E+00
  0.000E+00  0.000E+00  0.000E+00  0.000E+00  0.000E+00  0.000E+00  0.000E+00  0.000E+00  0.000E+00  0.000E+00
  0.000E+00  0.000E+00  0.000E+00  0.000E+00  0.000E+00  0.000E+00  0.000E+00  0.000E+00  0.000E+00  0.000E+00
  0.000E+00  0.000E+00  0.000E+00  0.000E+00  0.000E+00  0.000E+00  0.000E+00  0.000E+00  0.000E+00  0.000E+00
  0.000E+00  0.000E+00  0.000E+00  0.000E+00  0.000E+00  0.000E+00  0.000E+00  0.000E+00  0.000E+00  0.000E+00
  0.000E+00  0.000E+00  0.000E+00  0.000E+00  0.000E+00  0.000E+00  0.000E+00  0.000E+00  0.000E+00  0.000E+00
  0.000E+00  0.000E+00  0.000E+00  0.000E+00  0.000E+00  0.000E+00  0.000E+00  0.000E+00  0.000E+00  0.000E+00
  0.000E+00  0.000E+00  0.000E+00  0.000E+00  0.000E+00  0.000E+00  0.000E+00  0.000E+00  0.000E+00  0.000E+00
  0.000E+00  0.000E+00  0.000E+00  0.000E+00  0.000E+00  0.000E+00  0.000E+00  0.000E+00  0.000E+00  0.000E+00
  0.000E+00  0.000E+00  0.000E+00  0.000E+00  0.000E+00  0.000E+00  0.000E+00  0.000E+00  0.000E+00  0.000E+00
  0.000E+00  0.000E+00  0.000E+00  0.000E+00  0.000E+00  0.000E+00  0.000E+00  0.000E+00  0.000E+00  0.000E+00
  0.000E+00  0.000E+00  0.000E+00  0.000E+00  0.000E+00  0.000E+00  0.000E+00  0.000E+00  0.000E+00  0.000E+00
  0.000E+00  0.000E+00  0.000E+00  0.000E+00  0.000E+00  0.000E+00  0.000E+00  0.000E+00  0.000E+00  0.000E+00
  0.000E+00  0.000E+00  0.000E+00  0.000E+00  0.000E+00  0.000E+00  0.000E+00  0.000E+00  0.000E+00  0.000E+00
  0.000E+00  0.000E+00  0.000E+00  0.000E+00  0.000E+00  0.000E+00  0.000E+00  0.000E+00  0.000E+00  0.000E+00
  0.000E+00  0.000E+00  0.000E+00  0.000E+00  0.000E+00  0.000E+00  0.000E+00  0.000E+00  0.000E+00  0.000E+00
  0.000E+00  0.000E+00  0.000E+00  0.000E+00  0.000E+00  0.000E+00  0.000E+00  0.000E+00  0.000E+00  0.000E+00
  0.000E+00  0.000E+00  0.000E+00  0.000E+00  0.000E+00  0.000E+00  0.000E+00  0.000E+00  0.000E+00  0.000E+00
  0.000E+00  0.000E+00  0.000E+00  0.000E+00  0.000E+00  0.000E+00  0.000E+00  0.000E+00  0.000E+00  0.000E+00
  0.000E+00  0.000E+00  0.000E+00  0.000E+00  0.000E+00  0.000E+00  0.000E+00  0.000E+00  0.000E+00  0.000E+00
  0.000E+00  0.000E+00  0.000E+00  0.000E+00  0.000E+00  0.000E+00  0.000E+00  0.000E+00  0.000E+00  0.000E+00
  0.000E+00  0.000E+00  0.000E+00  0.000E+00  0.000E+00  0.000E+00  0.000E+00  0.000E+00  0.000E+00  0.000E+00
  0.000E+00  0.000E+00  0.000E+00  0.000E+00  0.000E+00  0.000E+00  0.000E+00  0.000E+00  0.000E+00  0.000E+00
  0.000E+00  0.000E+00  0.000E+00  0.000E+00  0.000E+00  0.000E+00  0.000E+00  0.000E+00  0.000E+00  0.000E+00
  0.000E+00  0.000E+00  0.000E+00  0.000E+00  0.000E+00  0.000E+00  0.000E+00  0.000E+00  0.000E+00  0.000E+00
  0.000E+00  0.000E+00  0.000E+00  0.000E+00  0.000E+00  0.000E+00  0.000E+00  0.000E+00  0.000E+00  0.000E+00
  0.000E+00  0.000E+00  0.000E+00  0.000E+00  0.000E+00  0.000E+00  0.000E+00  0.000E+00  0.000E+00  0.000E+00
  0.000E+00  0.000E+00  0.000E+00  0.000E+00  0.000E+00  0.000E+00  0.000E+00  0.000E+00  0.000E+00  0.000E+00
  0.000E+00  0.000E+00  0.000E+00  0.000E+00  0.000E+00  0.000E+00  0.000E+00  0.000E+00  0.000E+00  0.000E+00
  0.000E+00  0.000E+00  0.000E+00  0.000E+00  0.000E+00  0.000E+00  0.000E+00  0.000E+00  0.000E+00  0.000E+00
  0.000E+00  0.000E+00  0.000E+00  0.000E+00  0.000E+00  0.000E+00  0.000E+00  0.000E+00  0.000E+00  0.000E+00
  0.000E+00  0.000E+00  0.000E+00  0.000E+00  0.000E+00  0.000E+00  0.000E+00  0.000E+00  0.000E+00  0.000E+00
  0.000E+00  0.000E+00  0.000E+00  0.000E+00  0.000E+00  0.000E+00  0.000E+00  0.000E+00  0.000E+00  0.000E+00
  0.000E+00  0.000E+00  0.000E+00  0.000E+00  0.000E+00  0.000E+00  0.000E+00  0.000E+00  0.000E+00  0.000E+00
  0.000E+00  0.000E+00  0.000E+00  0.000E+00  0.000E+00  0.000E+00  0.000E+00  0.000E+00  0.000E+00  0.000E+00
  0.000E+00  0.000E+00  0.000E+00  0.000E+00  0.000E+00  0.000E+00  0.000E+00  0.000E+00  0.000E+00  0.000E+00
  0.000E+00  0.000E+00  0.000E+00  0.000E+00  0.000E+00  0.000E+00  0.000E+00  0.000E+00  0.000E+00  0.000E+00
  0.000E+00  0.000E+00  0.000E+00  0.000E+00  0.000E+00  0.000E+00  0.000E+00  0.000E+00  0.000E+00  0.000E+00
  0.000E+00  0.000E+00  0.000E+00  0.000E+00  0.000E+00  0.000E+00  0.000E+00  0.000E+00  0.000E+00  0.000E+00
  0.000E+00  0.000E+00  0.000E+00  0.000E+00  0.000E+00  0.000E+00  0.000E+00  0.000E+00  0.000E+00  0.000E+00
  0.000E+00  0.000E+00  0.000E+00  0.000E+00  0.000E+00  0.000E+00  0.000E+00  0.000E+00  0.000E+00  0.000E+00
  0.000E+00  0.000E+00  0.000E+00  0.000E+00  0.000E+00  0.000E+00  0.000E+00  0.000E+00  0.000E+00  0.000E+00
  0.000E+00  0.000E+00  0.000E+00  0.000E+00  0.000E+00  0.000E+00  0.000E+00  0.000E+00  0.000E+00  0.000E+00
  0.000E+00  0.000E+00  0.000E+00  0.000E+00  0.000E+00  0.000E+00  0.000E+00  0.000E+00  0.000E+00  0.000E+00
  0.000E+00  0.000E+00  0.000E+00  0.000E+00  0.000E+00  0.000E+00  0.000E+00  0.000E+00  0.000E+00  0.000E+00
  0.000E+00  0.000E+00  0.000E+00  0.000E+00  0.000E+00  0.000E+00  0.000E+00  0.000E+00  0.000E+00  0.000E+00
  0.000E+00  0.000E+00  0.000E+00  0.000E+00  0.000E+00  0.000E+00  0.000E+00  0.000E+00  0.000E+00  0.000E+00
  0.000E+00  0.000E+00  0.000E+00  0.000E+00  0.000E+00  0.000E+00  0.000E+00  0.000E+00  0.000E+00  0.000E+00
  0.000E+00  0.000E+00  0.000E+00  0.000E+00  0.000E+00  0.000E+00  0.000E+00  0.000E+00  0.000E+00  0.000E+00
  0.000E+00  0.000E+00  0.000E+00  0.000E+00  0.000E+00  0.000E+00  0.000E+00  0.000E+00  0.000E+00  0.000E+00
  0.000E+00  0.000E+00  0.000E+00  0.000E+00  0.000E+00  0.000E+00  0.000E+00  0.000E+00  0.000E+00  0.000E+00
  0.000E+00  0.000E+00  0.000E+00  0.000E+00  0.000E+00  0.000E+00  0.000E+00  0.000E+00  0.000E+00  0.000E+00
  0.000E+00  0.000E+00  0.000E+00  0.000E+00  0.000E+00  0.000E+00  0.000E+00  0.000E+00  0.000E+00  0.000E+00
  0.000E+00  0.000E+00  0.000E+00  0.000E+00  0.000E+00  0.000E+00  0.000E+00  0.000E+00  0.000E+00  0.000E+00
  0.000E+00  0.000E+00  0.000E+00  0.000E+00  0.000E+00  0.000E+00  0.000E+00  0.000E+00  0.000E+00  0.000E+00
  0.000E+00  0.000E+00  0.000E+00  0.000E+00  0.000E+00  0.000E+00  0.000E+00  0.000E+00  0.000E+00  0.000E+00
  0.000E+00  0.000E+00  0.000E+00  0.000E+00  0.000E+00  0.000E+00  0.000E+00  0.000E+00  0.000E+00  0.000E+00
  0.000E+00  0.000E+00  0.000E+00  0.000E+00  0.000E+00  0.000E+00  0.000E+00  0.000E+00  0.000E+00  0.000E+00
  0.000E+00  0.000E+00  0.000E+00  0.000E+00  0.000E+00  0.000E+00  0.000E+00  0.000E+00  0.000E+00  0.000E+00
  0.000E+00  0.000E+00  0.000E+00  0.000E+00  0.000E+00  0.000E+00  0.000E+00  0.000E+00  0.000E+00  0.000E+00
  0.000E+00  0.000E+00  0.000E+00  0.000E+00  0.000E+00  0.000E+00  0.000E+00  0.000E+00  0.000E+00  0.000E+00
  0.000E+00  0.000E+00  0.000E+00  0.000E+00  0.000E+00  0.000E+00  0.000E+00  0.000E+00  0.000E+00  0.000E+00
  0.000E+00  0.000E+00  0.000E+00  0.000E+00  0.000E+00  0.000E+00  0.000E+00  0.000E+00  0.000E+00  0.000E+00
  0.000E+00  0.000E+00  0.000E+00  0.000E+00  0.000E+00  0.000E+00  0.000E+00  0.000E+00  0.000E+00  0.000E+00
  0.000E+00  0.000E+00  0.000E+00  0.000E+00  0.000E+00  0.000E+00  0.000E+00  0.000E+00  0.000E+00  0.000E+00
  0.000E+00  0.000E+00  0.000E+00  0.000E+00  0.000E+00  0.000E+00  0.000E+00  0.000E+00  0.000E+00  0.000E+00
  0.000E+00  0.000E+00  0.000E+00  0.000E+00  0.000E+00  0.000E+00  0.000E+00  0.000E+00  0.000E+00  0.000E+00
  0.000E+00  0.000E+00  0.000E+00  0.000E+00  0.000E+00  0.000E+00  0.000E+00  0.000E+00  0.000E+00  0.000E+00
  0.000E+00  0.000E+00  0.000E+00  0.000E+00  0.000E+00  0.000E+00  0.000E+00  0.000E+00  0.000E+00  0.000E+00
  0.000E+00  0.000E+00  0.000E+00  0.000E+00  0.000E+00  0.000E+00  0.000E+00  0.000E+00  0.000E+00  0.000E+00
  0.000E+00  0.000E+00  0.000E+00  0.000E+00  0.000E+00  0.000E+00  0.000E+00  0.000E+00  0.000E+00  0.000E+00
  0.000E+00  0.000E+00  0.000E+00  0.000E+00  0.000E+00  0.000E+00  0.000E+00  0.000E+00  0.000E+00  0.000E+00
  0.000E+00  0.000E+00  0.000E+00  0.000E+00  0.000E+00  0.000E+00  0.000E+00  0.000E+00  0.000E+00  0.000E+00
  0.000E+00  0.000E+00  0.000E+00  0.000E+00  0.000E+00  0.000E+00  0.000E+00  0.000E+00  0.000E+00  0.000E+00
  0.000E+00  0.000E+00  0.000E+00  0.000E+00  0.000E+00  0.000E+00  0.000E+00  0.000E+00  0.000E+00  0.000E+00
  0.000E+00  0.000E+00  0.000E+00  0.000E+00  0.000E+00  0.000E+00  0.000E+00  0.000E+00  0.000E+00  0.000E+00
  0.000E+00  0.000E+00  0.000E+00  0.000E+00  0.000E+00  0.000E+00  0.000E+00  0.000E+00  0.000E+00  0.000E+00
  0.000E+00  0.000E+00  0.000E+00  0.000E+00  0.000E+00  0.000E+00  0.000E+00  0.000E+00  0.000E+00  0.000E+00
  0.000E+00  0.000E+00  0.000E+00  0.000E+00  0.000E+00  0.000E+00  0.000E+00  0.000E+00  0.000E+00  0.000E+00
  0.000E+00  0.000E+00  0.000E+00  0.000E+00  0.000E+00  0.000E+00  0.000E+00  0.000E+00  0.000E+00  0.000E+00
  0.000E+00  0.000E+00  0.000E+00  0.000E+00  0.000E+00  0.000E+00  0.000E+00  0.000E+00  0.000E+00  0.000E+00
  0.000E+00  0.000E+00  0.000E+00  0.000E+00  0.000E+00  0.000E+00  0.000E+00  0.000E+00  0.000E+00  0.000E+00
  0.000E+00  0.000E+00  0.000E+00  0.000E+00  0.000E+00  0.000E+00  0.000E+00  0.000E+00  0.000E+00  0.000E+00
  0.000E+00  0.000E+00  0.000E+00  0.000E+00  0.000E+00  0.000E+00  0.000E+00  0.000E+00  0.000E+00  0.000E+00
  0.000E+00  0.000E+00  0.000E+00  0.000E+00  0.000E+00  0.000E+00  0.000E+00  0.000E+00  0.000E+00  0.000E+00
  0.000E+00  0.000E+00  0.000E+00  0.000E+00  0.000E+00  0.000E+00  0.000E+00  0.000E+00  0.000E+00  0.000E+00
  0.000E+00  0.000E+00  0.000E+00  0.000E+00  0.000E+00  0.000E+00  0.000E+00  0.000E+00  0.000E+00  0.000E+00
  0.000E+00  0.000E+00  0.000E+00  0.000E+00  0.000E+00  0.000E+00  0.000E+00  0.000E+00  0.000E+00  0.000E+00
  0.000E+00  0.000E+00  0.000E+00  0.000E+00  0.000E+00  0.000E+00  0.000E+00  0.000E+00  0.000E+00  0.000E+00
  0.000E+00  0.000E+00  0.000E+00  0.000E+00  0.000E+00  0.000E+00  0.000E+00  0.000E+00  0.000E+00  0.000E+00
  0.000E+00  0.000E+00  0.000E+00  0.000E+00  0.000E+00  0.000E+00  0.000E+00  0.000E+00  0.000E+00  0.000E+00
  0.000E+00  0.000E+00  0.000E+00  0.000E+00  0.000E+00  0.000E+00  0.000E+00  0.000E+00  0.000E+00  0.000E+00
  0.000E+00  0.000E+00  0.000E+00  0.000E+00  0.000E+00  0.000E+00  0.000E+00  0.000E+00  0.000E+00  0.000E+00
  0.000E+00  0.000E+00  0.000E+00  0.000E+00  0.000E+00  0.000E+00  0.000E+00  0.000E+00  0.000E+00  0.000E+00
  0.000E+00  0.000E+00  0.000E+00  0.000E+00  0.000E+00  0.000E+00  0.000E+00  0.000E+00  0.000E+00  0.000E+00
  0.000E+00  0.000E+00  0.000E+00  0.000E+00  0.000E+00  0.000E+00  0.000E+00  0.000E+00  0.000E+00  0.000E+00
  0.000E+00  0.000E+00  0.000E+00  0.000E+00  0.000E+00  0.000E+00  0.000E+00  0.000E+00  0.000E+00  0.000E+00
  0.000E+00  0.000E+00  0.000E+00  0.000E+00  0.000E+00  0.000E+00  0.000E+00  0.000E+00  0.000E+00  0.000E+00
  0.000E+00  0.000E+00  0.000E+00  0.000E+00  0.000E+00  0.000E+00  0.000E+00  0.000E+00  0.000E+00  0.000E+00
  0.000E+00  0.000E+00  0.000E+00  0.000E+00  0.000E+00  0.000E+00  0.000E+00  0.000E+00  0.000E+00  0.000E+00
  0.000E+00  0.000E+00  0.000E+00  0.000E+00  0.000E+00  0.000E+00  0.000E+00  0.000E+00  0.000E+00  0.000E+00
  0.000E+00  0.000E+00  0.000E+00  0.000E+00  0.000E+00  0.000E+00  0.000E+00  0.000E+00  0.000E+00  0.000E+00
  0.000E+00  0.000E+00  0.000E+00  0.000E+00  0.000E+00  0.000E+00  0.000E+00  0.000E+00  0.000E+00  0.000E+00
  0.000E+00  0.000E+00  0.000E+00  0.000E+00  0.000E+00  0.000E+00  0.000E+00  0.000E+00  0.000E+00  0.000E+00
  0.000E+00  0.000E+00  0.000E+00  0.000E+00  0.000E+00  0.000E+00  0.000E+00  0.000E+00  0.000E+00  0.000E+00
  0.000E+00  0.000E+00  0.000E+00  0.000E+00  0.000E+00  0.000E+00  0.000E+00  0.000E+00  0.000E+00  0.000E+00
  0.000E+00  0.000E+00  0.000E+00  0.000E+00  0.000E+00  0.000E+00  0.000E+00  0.000E+00  0.000E+00  0.000E+00
  0.000E+00  0.000E+00  0.000E+00  0.000E+00  0.000E+00  0.000E+00  0.000E+00  0.000E+00  0.000E+00  0.000E+00
  0.000E+00  0.000E+00  0.000E+00  0.000E+00  0.000E+00  0.000E+00  0.000E+00  0.000E+00  0.000E+00  0.000E+00
  0.000E+00  0.000E+00  0.000E+00  0.000E+00  0.000E+00  0.000E+00  0.000E+00  0.000E+00  0.000E+00  0.000E+00
  0.000E+00  0.000E+00  0.000E+00  0.000E+00  0.000E+00  0.000E+00  0.000E+00  0.000E+00  0.000E+00  0.000E+00
  0.000E+00  0.000E+00  0.000E+00  0.000E+00  0.000E+00  0.000E+00  0.000E+00  0.000E+00  0.000E+00  0.000E+00
  0.000E+00  0.000E+00  0.000E+00  0.000E+00  0.000E+00  0.000E+00  0.000E+00  0.000E+00  0.000E+00  0.000E+00
  0.000E+00  0.000E+00  0.000E+00  0.000E+00  0.000E+00  0.000E+00  0.000E+00  0.000E+00  0.000E+00  0.000E+00
  0.000E+00  0.000E+00  0.000E+00  0.000E+00  0.000E+00  0.000E+00  0.000E+00  0.000E+00  0.000E+00  0.000E+00
  0.000E+00  0.000E+00  0.000E+00  0.000E+00  0.000E+00  0.000E+00  0.000E+00  0.000E+00  0.000E+00  0.000E+00
  0.000E+00  0.000E+00  0.000E+00  0.000E+00  0.000E+00  0.000E+00  0.000E+00  0.000E+00  0.000E+00  0.000E+00
  0.000E+00  0.000E+00  0.000E+00  0.000E+00  0.000E+00  0.000E+00  0.000E+00  0.000E+00  0.000E+00  0.000E+00
  0.000E+00  0.000E+00  0.000E+00  0.000E+00  0.000E+00  0.000E+00  0.000E+00  0.000E+00  0.000E+00  0.000E+00
  0.000E+00  0.000E+00  0.000E+00  0.000E+00  0.000E+00  0.000E+00  0.000E+00  0.000E+00  0.000E+00  0.000E+00
  0.000E+00  0.000E+00  0.000E+00  0.000E+00  0.000E+00  0.000E+00  0.000E+00  0.000E+00  0.000E+00  0.000E+00
  0.000E+00  0.000E+00  0.000E+00  0.000E+00  0.000E+00  0.000E+00  0.000E+00  0.000E+00  0.000E+00  0.000E+00
  0.000E+00  0.000E+00  0.000E+00  0.000E+00  0.000E+00  0.000E+00  0.000E+00  0.000E+00  0.000E+00  0.000E+00
  0.000E+00  0.000E+00  0.000E+00  0.000E+00  0.000E+00  0.000E+00  0.000E+00  0.000E+00  0.000E+00  0.000E+00
  0.000E+00  0.000E+00  0.000E+00  0.000E+00  0.000E+00  0.000E+00  0.000E+00  0.000E+00  0.000E+00  0.000E+00
  0.000E+00  0.000E+00  0.000E+00  0.000E+00  0.000E+00  0.000E+00  0.000E+00  0.000E+00  0.000E+00  0.000E+00
  0.000E+00  0.000E+00  0.000E+00  0.000E+00  0.000E+00  0.000E+00  0.000E+00  0.000E+00  0.000E+00  0.000E+00
  0.000E+00  0.000E+00  0.000E+00  0.000E+00  0.000E+00  0.000E+00  0.000E+00  0.000E+00  0.000E+00  0.000E+00
  0.000E+00  0.000E+00  0.000E+00  1.144E-03  0.000E+00  1.156E-03  1.337E-03  0.000E+00  0.000E+00  0.000E+00
  0.000E+00  0.000E+00  0.000E+00  0.000E+00  0.000E+00  0.000E+00  0.000E+00  0.000E+00  0.000E+00  0.000E+00
  0.000E+00  0.000E+00  0.000E+00  0.000E+00  0.000E+00  0.000E+00  0.000E+00  0.000E+00  0.000E+00  0.000E+00
  0.000E+00  0.000E+00  0.000E+00  0.000E+00  0.000E+00  0.000E+00  0.000E+00  0.000E+00  0.000E+00  0.000E+00
  0.000E+00  0.000E+00  0.000E+00  0.000E+00  0.000E+00  0.000E+00  0.000E+00  0.000E+00  0.000E+00  0.000E+00
  0.000E+00  0.000E+00  0.000E+00  0.000E+00  0.000E+00  0.000E+00  0.000E+00  0.000E+00  0.000E+00  0.000E+00
  0.000E+00  0.000E+00  0.000E+00  0.000E+00  0.000E+00  0.000E+00  0.000E+00  0.000E+00  0.000E+00  0.000E+00
  0.000E+00  0.000E+00  0.000E+00  0.000E+00  0.000E+00  0.000E+00  0.000E+00  0.000E+00  0.000E+00  0.000E+00
  0.000E+00  0.000E+00  0.000E+00  0.000E+00  0.000E+00  0.000E+00  0.000E+00  0.000E+00  0.000E+00  0.000E+00
  0.000E+00  0.000E+00  0.000E+00  0.000E+00  0.000E+00  0.000E+00  0.000E+00  0.000E+00  0.000E+00  0.000E+00
  0.000E+00  0.000E+00  0.000E+00  0.000E+00  0.000E+00  0.000E+00  0.000E+00  0.000E+00  0.000E+00  0.000E+00
  0.000E+00  0.000E+00  0.000E+00  0.000E+00  0.000E+00  0.000E+00  0.000E+00  0.000E+00  0.000E+00  0.000E+00
  0.000E+00  0.000E+00  0.000E+00  5.082E-04  3.819E-03  1.256E-03  0.000E+00  7.423E-04  1.070E-03  0.000E+00
  0.000E+00  0.000E+00  0.000E+00  0.000E+00  0.000E+00  7.795E-04  0.000E+00  0.000E+00  0.000E+00  0.000E+00
  0.000E+00  0.000E+00  1.807E-03  2.002E-03  2.002E-03  2.553E-03  2.002E-03  2.002E-03  2.002E-03  2.002E-03
  2.002E-03  2.002E-03  2.002E-03  2.002E-03  1.147E-03  0.000E+00  0.000E+00  0.000E+00  0.000E+00  0.000E+00
  0.000E+00  0.000E+00  0.000E+00  0.000E+00  0.000E+00  0.000E+00  0.000E+00  0.000E+00  0.000E+00  0.000E+00
  0.000E+00  0.000E+00  0.000E+00  0.000E+00  0.000E+00  0.000E+00  0.000E+00  0.000E+00  0.000E+00  0.000E+00
  0.000E+00  0.000E+00  0.000E+00  0.000E+00  0.000E+00  0.000E+00  0.000E+00  0.000E+00  0.000E+00  0.000E+00
  0.000E+00  0.000E+00  0.000E+00  0.000E+00  0.000E+00  0.000E+00  0.000E+00  0.000E+00  0.000E+00  0.000E+00
  0.000E+00  0.000E+00  0.000E+00  0.000E+00  0.000E+00  0.000E+00  0.000E+00  0.000E+00  0.000E+00  0.000E+00
  0.000E+00  0.000E+00  0.000E+00  0.000E+00  0.000E+00  0.000E+00  0.000E+00  0.000E+00  0.000E+00  0.000E+00
  0.000E+00  0.000E+00  0.000E+00  0.000E+00  0.000E+00  0.000E+00  0.000E+00  0.000E+00  0.000E+00  0.000E+00
  0.000E+00  0.000E+00  0.000E+00  0.000E+00  0.000E+00  0.000E+00  0.000E+00  0.000E+00  0.000E+00  0.000E+00
  1.729E-02  1.400E-02  1.400E-02  1.630E-02  1.204E-02  1.369E-02  1.037E-02  1.200E-02  8.002E-03  1.047E-02
  1.005E-02  8.002E-03  8.002E-03  1.003E-02  1.030E-02  8.331E-03  8.002E-03  8.002E-03  8.002E-03  8.002E-03
  8.002E-03  8.002E-03  7.267E-03  6.002E-03  8.069E-03  8.496E-03  7.968E-03  6.004E-03  6.004E-03  5.602E-03
  6.050E-03  6.050E-03  6.050E-03  6.068E-03  3.984E-03  0.000E+00  0.000E+00  0.000E+00  0.000E+00  0.000E+00
  0.000E+00  0.000E+00  0.000E+00  0.000E+00  0.000E+00  0.000E+00  0.000E+00  0.000E+00  0.000E+00  0.000E+00
  0.000E+00  0.000E+00  0.000E+00  0.000E+00  0.000E+00  0.000E+00  0.000E+00  0.000E+00  0.000E+00  0.000E+00
  0.000E+00  1.550E-04  0.000E+00  0.000E+00  0.000E+00  0.000E+00  0.000E+00  0.000E+00  0.000E+00  0.000E+00
  0.000E+00  0.000E+00  0.000E+00  0.000E+00  0.000E+00  0.000E+00  0.000E+00  0.000E+00  0.000E+00  0.000E+00
  0.000E+00  0.000E+00  0.000E+00  0.000E+00  0.000E+00  0.000E+00  0.000E+00  0.000E+00  0.000E+00  0.000E+00
  0.000E+00  0.000E+00  0.000E+00  0.000E+00  0.000E+00  0.000E+00  0.000E+00  0.000E+00  0.000E+00  0.000E+00
  0.000E+00  0.000E+00  0.000E+00  0.000E+00  0.000E+00  0.000E+00  0.000E+00  0.000E+00  0.000E+00  0.000E+00
  0.000E+00  0.000E+00  0.000E+00  0.000E+00  0.000E+00  0.000E+00  0.000E+00  0.000E+00  0.000E+00  0.000E+00
  1.800E-02  1.800E-02  1.800E-02  1.819E-02  1.929E-02  1.766E-02  1.600E-02  1.631E-02  2.005E-02  2.031E-02
  1.614E-02  1.691E-02  1.664E-02  1.427E-02  1.400E-02  1.400E-02  1.401E-02  1.616E-02  1.638E-02  1.384E-02
  1.200E-02  1.200E-02  1.211E-02  1.550E-02  1.436E-02  1.251E-02  1.103E-02  1.258E-02  1.422E-02  1.267E-02
  1.233E-02  1.232E-02  1.151E-02  1.201E-02  6.710E-03  0.000E+00  0.000E+00  0.000E+00  0.000E+00  0.000E+00
  0.000E+00  0.000E+00  0.000E+00  0.000E+00  0.000E+00  0.000E+00  0.000E+00  0.000E+00  0.000E+00  0.000E+00
  0.000E+00  0.000E+00  0.000E+00  0.000E+00  0.000E+00  0.000E+00  0.000E+00  0.000E+00  0.000E+00  0.000E+00
  0.000E+00  0.000E+00  0.000E+00  0.000E+00  0.000E+00  0.000E+00  0.000E+00  0.000E+00  0.000E+00  0.000E+00
  0.000E+00  0.000E+00  0.000E+00  0.000E+00  0.000E+00  0.000E+00  0.000E+00  0.000E+00  0.000E+00  0.000E+00
  0.000E+00  0.000E+00  0.000E+00  0.000E+00  0.000E+00  0.000E+00  0.000E+00  0.000E+00  0.000E+00  0.000E+00
  0.000E+00  0.000E+00  0.000E+00  0.000E+00  0.000E+00  0.000E+00  0.000E+00  0.000E+00  0.000E+00  0.000E+00
  0.000E+00  0.000E+00  0.000E+00  0.000E+00  0.000E+00  0.000E+00  0.000E+00  0.000E+00  0.000E+00  0.000E+00
  0.000E+00  0.000E+00  0.000E+00  0.000E+00  0.000E+00  0.000E+00  0.000E+00  0.000E+00  0.000E+00  0.000E+00
  2.000E-02  2.000E-02  2.097E-02  2.093E-02  1.923E-02  1.676E-02  1.617E-02  1.689E-02  1.791E-02  1.935E-02
  1.377E-02  1.130E-02  8.728E-03  9.241E-03  1.016E-02  1.164E-02  8.559E-03  8.124E-03  8.124E-03  9.238E-03
  1.013E-02  8.986E-03  8.005E-03  8.007E-03  1.057E-02  9.929E-03  6.981E-03  6.005E-03  6.005E-03  6.005E-03
  6.005E-03  6.005E-03  5.419E-03  4.004E-03  2.391E-03  0.000E+00  0.000E+00  0.000E+00  0.000E+00  0.000E+00
  0.000E+00  0.000E+00  0.000E+00  0.000E+00  0.000E+00  0.000E+00  0.000E+00  0.000E+00  0.000E+00  0.000E+00
  0.000E+00  0.000E+00  0.000E+00  0.000E+00  0.000E+00  0.000E+00  0.000E+00  0.000E+00  0.000E+00  0.000E+00
  0.000E+00  0.000E+00  0.000E+00  0.000E+00  0.000E+00  0.000E+00  0.000E+00  0.000E+00  0.000E+00  0.000E+00
  0.000E+00  0.000E+00  0.000E+00  0.000E+00  0.000E+00  0.000E+00  0.000E+00  0.000E+00  0.000E+00  0.000E+00
  0.000E+00  0.000E+00  0.000E+00  0.000E+00  0.000E+00  0.000E+00  0.000E+00  0.000E+00  0.000E+00  0.000E+00
  0.000E+00  0.000E+00  0.000E+00  0.000E+00  0.000E+00  0.000E+00  0.000E+00  0.000E+00  0.000E+00  0.000E+00
  0.000E+00  0.000E+00  0.000E+00  0.000E+00  0.000E+00  0.000E+00  0.000E+00  0.000E+00  0.000E+00  0.000E+00
  0.000E+00  0.000E+00  0.000E+00  0.000E+00  0.000E+00  0.000E+00  0.000E+00  0.000E+00  0.000E+00  0.000E+00
  1.400E-02  1.317E-02  1.407E-02  1.857E-02  2.246E-02  1.000E-02  9.335E-03  6.000E-03  8.463E-03  4.743E-03
  5.869E-03  8.805E-03  6.908E-03  4.951E-03  4.027E-03  6.090E-03  2.244E-03  2.000E-03  2.000E-03  2.000E-03
  2.689E-03  3.144E-03  4.124E-03  4.124E-03  4.124E-03  4.692E-03  6.430E-03  2.446E-03  2.000E-03  2.000E-03
  2.000E-03  2.000E-03  2.000E-03  2.237E-03  1.227E-03  0.000E+00  0.000E+00  0.000E+00  0.000E+00  0.000E+00
  0.000E+00  0.000E+00  0.000E+00  0.000E+00  0.000E+00  0.000E+00  0.000E+00  0.000E+00  0.000E+00  0.000E+00
  0.000E+00  0.000E+00  0.000E+00  0.000E+00  0.000E+00  0.000E+00  0.000E+00  0.000E+00  0.000E+00  0.000E+00
  0.000E+00  0.000E+00  0.000E+00  0.000E+00  0.000E+00  0.000E+00  0.000E+00  0.000E+00  0.000E+00  0.000E+00
  0.000E+00  0.000E+00  0.000E+00  0.000E+00  0.000E+00  0.000E+00  0.000E+00  0.000E+00  0.000E+00  0.000E+00
  0.000E+00  0.000E+00  0.000E+00  0.000E+00  0.000E+00  0.000E+00  0.000E+00  0.000E+00  0.000E+00  0.000E+00
  0.000E+00  0.000E+00  0.000E+00  0.000E+00  0.000E+00  0.000E+00  0.000E+00  0.000E+00  0.000E+00  0.000E+00
  0.000E+00  0.000E+00  0.000E+00  0.000E+00  0.000E+00  0.000E+00  0.000E+00  0.000E+00  0.000E+00  0.000E+00
  0.000E+00  0.000E+00  0.000E+00  0.000E+00  0.000E+00  0.000E+00  0.000E+00  0.000E+00  0.000E+00  0.000E+00
  3.000E-02  3.000E-02  3.274E-02  3.262E-02  3.251E-02  3.111E-02  3.276E-02  3.031E-02  2.961E-02  2.821E-02
  2.490E-02  2.396E-02  2.329E-02  2.359E-02  1.994E-02  1.800E-02  1.800E-02  1.916E-02  1.965E-02  2.031E-02
  1.822E-02  1.946E-02  1.853E-02  1.661E-02  1.414E-02  1.400E-02  1.400E-02  1.514E-02  1.343E-02  1.200E-02
  1.508E-02  1.786E-02  1.914E-02  1.275E-02  5.415E-03  0.000E+00  0.000E+00  0.000E+00  1.305E-03  0.000E+00
  0.000E+00  0.000E+00  0.000E+00  0.000E+00  0.000E+00  0.000E+00  0.000E+00  0.000E+00  0.000E+00  0.000E+00
  0.000E+00  0.000E+00  0.000E+00  0.000E+00  0.000E+00  0.000E+00  0.000E+00  0.000E+00  0.000E+00  0.000E+00
  0.000E+00  0.000E+00  0.000E+00  0.000E+00  0.000E+00  0.000E+00  0.000E+00  0.000E+00  0.000E+00  0.000E+00
  0.000E+00  0.000E+00  0.000E+00  0.000E+00  0.000E+00  0.000E+00  0.000E+00  0.000E+00  0.000E+00  0.000E+00
  0.000E+00  0.000E+00  0.000E+00  0.000E+00  0.000E+00  0.000E+00  0.000E+00  0.000E+00  0.000E+00  0.000E+00
  0.000E+00  0.000E+00  0.000E+00  0.000E+00  0.000E+00  0.000E+00  0.000E+00  0.000E+00  0.000E+00  0.000E+00
  0.000E+00  0.000E+00  0.000E+00  0.000E+00  0.000E+00  0.000E+00  0.000E+00  0.000E+00  0.000E+00  0.000E+00
  0.000E+00  0.000E+00  0.000E+00  0.000E+00  0.000E+00  0.000E+00  0.000E+00  0.000E+00  0.000E+00  0.000E+00
  1.400E-02  1.622E-02  1.516E-02  1.436E-02  1.906E-02  1.415E-02  1.270E-02  1.712E-02  1.490E-02  1.411E-02
  1.608E-02  1.910E-02  1.778E-02  1.681E-02  1.497E-02  1.240E-02  1.326E-02  1.363E-02  1.090E-02  1.025E-02
  1.025E-02  1.025E-02  1.236E-02  1.148E-02  1.005E-02  1.148E-02  1.208E-02  1.208E-02  1.410E-02  1.652E-02
  1.307E-02  8.286E-03  7.774E-03  8.000E-03  5.259E-03  0.000E+00  0.000E+00  0.000E+00  7.616E-04  0.000E+00
  0.000E+00  0.000E+00  0.000E+00  0.000E+00  0.000E+00  0.000E+00  0.000E+00  0.000E+00  0.000E+00  0.000E+00
  0.000E+00  0.000E+00  0.000E+00  0.000E+00  0.000E+00  0.000E+00  0.000E+00  0.000E+00  0.000E+00  0.000E+00
  0.000E+00  0.000E+00  0.000E+00  0.000E+00  0.000E+00  0.000E+00  0.000E+00  0.000E+00  0.000E+00  0.000E+00
  0.000E+00  0.000E+00  0.000E+00  0.000E+00  0.000E+00  0.000E+00  0.000E+00  0.000E+00  0.000E+00  0.000E+00
  0.000E+00  0.000E+00  0.000E+00  0.000E+00  0.000E+00  0.000E+00  0.000E+00  0.000E+00  0.000E+00  0.000E+00
  0.000E+00  0.000E+00  0.000E+00  0.000E+00  0.000E+00  0.000E+00  0.000E+00  0.000E+00  0.000E+00  0.000E+00
  0.000E+00  0.000E+00  0.000E+00  0.000E+00  0.000E+00  0.000E+00  0.000E+00  0.000E+00  0.000E+00  0.000E+00
  0.000E+00  0.000E+00  0.000E+00  0.000E+00  0.000E+00  0.000E+00  1.795E-04  0.000E+00  0.000E+00  0.000E+00
  2.000E-02  2.089E-02  1.958E-02  1.932E-02  1.734E-02  1.911E-02  1.394E-02  1.285E-02  1.210E-02  1.216E-02
  1.596E-02  1.456E-02  1.501E-02  1.606E-02  1.562E-02  1.772E-02  1.881E-02  1.823E-02  1.644E-02  1.612E-02
  1.734E-02  1.738E-02  1.487E-02  1.230E-02  9.876E-03  6.602E-03  6.000E-03  7.161E-03  8.022E-03  9.044E-03
  1.004E-02  1.004E-02  1.028E-02  1.203E-02  6.532E-03  0.000E+00  0.000E+00  0.000E+00  0.000E+00  0.000E+00
  0.000E+00  0.000E+00  0.000E+00  0.000E+00  0.000E+00  0.000E+00  0.000E+00  0.000E+00  0.000E+00  0.000E+00
  0.000E+00  0.000E+00  0.000E+00  0.000E+00  0.000E+00  0.000E+00  0.000E+00  0.000E+00  0.000E+00  0.000E+00
  0.000E+00  0.000E+00  0.000E+00  0.000E+00  0.000E+00  0.000E+00  0.000E+00  0.000E+00  0.000E+00  0.000E+00
  0.000E+00  0.000E+00  0.000E+00  0.000E+00  0.000E+00  0.000E+00  0.000E+00  0.000E+00  0.000E+00  0.000E+00
  0.000E+00  0.000E+00  0.000E+00  0.000E+00  0.000E+00  0.000E+00  0.000E+00  0.000E+00  0.000E+00  0.000E+00
  0.000E+00  0.000E+00  0.000E+00  0.000E+00  0.000E+00  0.000E+00  0.000E+00  0.000E+00  0.000E+00  0.000E+00
  0.000E+00  0.000E+00  0.000E+00  0.000E+00  0.000E+00  0.000E+00  0.000E+00  0.000E+00  0.000E+00  0.000E+00
  0.000E+00  0.000E+00  0.000E+00  0.000E+00  0.000E+00  0.000E+00  0.000E+00  0.000E+00  0.000E+00  0.000E+00
  2.800E-02  2.800E-02  2.800E-02  2.946E-02  2.836E-02  2.975E-02  2.972E-02  3.003E-02  2.701E-02  2.608E-02
  2.812E-02  2.688E-02  2.374E-02  2.100E-02  2.633E-02  2.796E-02  2.373E-02  2.723E-02  1.874E-02  1.904E-02
  1.533E-02  1.504E-02  1.708E-02  1.620E-02  1.563E-02  1.808E-02  1.998E-02  1.789E-02  1.572E-02  1.299E-02
  1.200E-02  1.200E-02  1.200E-02  1.200E-02  7.361E-03  0.000E+00  0.000E+00  0.000E+00  0.000E+00  0.000E+00
  0.000E+00  0.000E+00  0.000E+00  0.000E+00  0.000E+00  0.000E+00  0.000E+00  0.000E+00  0.000E+00  0.000E+00
  0.000E+00  0.000E+00  0.000E+00  0.000E+00  0.000E+00  0.000E+00  0.000E+00  0.000E+00  0.000E+00  0.000E+00
  0.000E+00  0.000E+00  0.000E+00  0.000E+00  0.000E+00  0.000E+00  0.000E+00  0.000E+00  0.000E+00  0.000E+00
  0.000E+00  0.000E+00  0.000E+00  0.000E+00  0.000E+00  0.000E+00  0.000E+00  0.000E+00  0.000E+00  0.000E+00
  0.000E+00  0.000E+00  0.000E+00  0.000E+00  0.000E+00  0.000E+00  0.000E+00  0.000E+00  0.000E+00  0.000E+00
  0.000E+00  0.000E+00  0.000E+00  0.000E+00  0.000E+00  0.000E+00  0.000E+00  0.000E+00  0.000E+00  0.000E+00
  0.000E+00  0.000E+00  0.000E+00  0.000E+00  0.000E+00  0.000E+00  0.000E+00  0.000E+00  0.000E+00  0.000E+00
  0.000E+00  0.000E+00  0.000E+00  0.000E+00  0.000E+00  0.000E+00  4.769E-04  0.000E+00  0.000E+00  0.000E+00
  2.492E-02  2.654E-02  2.346E-02  2.118E-02  2.000E-02  2.058E-02  2.285E-02  2.356E-02  2.000E-02  2.000E-02
  1.887E-02  2.347E-02  1.600E-02  1.465E-02  1.305E-02  1.200E-02  1.697E-02  1.147E-02  1.213E-02  1.284E-02
  1.603E-02  1.486E-02  9.433E-03  6.124E-03  6.000E-03  6.000E-03  7.902E-03  8.007E-03  8.318E-03  1.003E-02
  1.003E-02  1.003E-02  1.076E-02  1.005E-02  5.419E-03  0.000E+00  0.000E+00  0.000E+00  0.000E+00  0.000E+00
  0.000E+00  0.000E+00  0.000E+00  0.000E+00  0.000E+00  0.000E+00  0.000E+00  0.000E+00  0.000E+00  0.000E+00
  0.000E+00  0.000E+00  0.000E+00  0.000E+00  0.000E+00  0.000E+00  0.000E+00  0.000E+00  0.000E+00  0.000E+00
  0.000E+00  0.000E+00  0.000E+00  0.000E+00  0.000E+00  0.000E+00  0.000E+00  0.000E+00  0.000E+00  0.000E+00
  0.000E+00  0.000E+00  0.000E+00  0.000E+00  0.000E+00  0.000E+00  0.000E+00  0.000E+00  0.000E+00  0.000E+00
  0.000E+00  0.000E+00  0.000E+00  0.000E+00  0.000E+00  0.000E+00  0.000E+00  0.000E+00  0.000E+00  0.000E+00
  0.000E+00  0.000E+00  0.000E+00  0.000E+00  0.000E+00  0.000E+00  0.000E+00  0.000E+00  0.000E+00  0.000E+00
  0.000E+00  0.000E+00  0.000E+00  0.000E+00  0.000E+00  0.000E+00  0.000E+00  0.000E+00  0.000E+00  0.000E+00
  0.000E+00  0.000E+00  0.000E+00  0.000E+00  0.000E+00  0.000E+00  0.000E+00  0.000E+00  0.000E+00  0.000E+00
  3.004E-02  2.477E-02  2.694E-02  2.216E-02  2.216E-02  2.311E-02  2.052E-02  1.848E-02  2.004E-02  2.015E-02
  2.367E-02  2.206E-02  2.004E-02  2.140E-02  2.205E-02  2.247E-02  1.951E-02  2.160E-02  2.017E-02  1.592E-02
  1.338E-02  1.272E-02  1.200E-02  1.339E-02  1.200E-02  1.201E-02  1.011E-02  1.000E-02  1.001E-02  8.050E-03
  8.004E-03  8.463E-03  5.066E-03  4.162E-03  2.398E-03  0.000E+00  0.000E+00  0.000E+00  0.000E+00  0.000E+00
  0.000E+00  0.000E+00  0.000E+00  0.000E+00  0.000E+00  0.000E+00  0.000E+00  0.000E+00  0.000E+00  0.000E+00
  0.000E+00  0.000E+00  0.000E+00  0.000E+00  0.000E+00  0.000E+00  0.000E+00  0.000E+00  0.000E+00  0.000E+00
  0.000E+00  0.000E+00  0.000E+00  0.000E+00  0.000E+00  0.000E+00  0.000E+00  0.000E+00  0.000E+00  0.000E+00
  0.000E+00  0.000E+00  0.000E+00  0.000E+00  0.000E+00  0.000E+00  0.000E+00  0.000E+00  0.000E+00  0.000E+00
  0.000E+00  0.000E+00  0.000E+00  0.000E+00  0.000E+00  0.000E+00  0.000E+00  0.000E+00  0.000E+00  0.000E+00
  0.000E+00  0.000E+00  0.000E+00  0.000E+00  0.000E+00  0.000E+00  0.000E+00  0.000E+00  0.000E+00  0.000E+00
  0.000E+00  0.000E+00  0.000E+00  0.000E+00  0.000E+00  0.000E+00  0.000E+00  0.000E+00  0.000E+00  0.000E+00
  0.000E+00  0.000E+00  0.000E+00  0.000E+00  0.000E+00  0.000E+00  0.000E+00  0.000E+00  0.000E+00  0.000E+00
  2.671E-02  1.916E-02  1.800E-02  1.802E-02  1.804E-02  1.804E-02  1.902E-02  2.221E-02  1.600E-02  1.762E-02
  1.861E-02  1.465E-02  1.400E-02  1.400E-02  1.400E-02  1.764E-02  2.091E-02  1.713E-02  1.608E-02  1.710E-02
  1.824E-02  1.680E-02  1.602E-02  1.658E-02  1.610E-02  1.871E-02  1.787E-02  1.533E-02  1.625E-02  1.484E-02
  1.402E-02  1.403E-02  1.329E-02  1.181E-02  5.796E-03  0.000E+00  0.000E+00  0.000E+00  0.000E+00  0.000E+00
  0.000E+00  0.000E+00  0.000E+00  0.000E+00  0.000E+00  0.000E+00  0.000E+00  0.000E+00  0.000E+00  0.000E+00
  0.000E+00  0.000E+00  0.000E+00  0.000E+00  0.000E+00  0.000E+00  0.000E+00  0.000E+00  0.000E+00  0.000E+00
  0.000E+00  0.000E+00  0.000E+00  0.000E+00  0.000E+00  0.000E+00  0.000E+00  0.000E+00  0.000E+00  0.000E+00
  0.000E+00  0.000E+00  0.000E+00  0.000E+00  0.000E+00  0.000E+00  0.000E+00  0.000E+00  0.000E+00  0.000E+00
  0.000E+00  0.000E+00  0.000E+00  0.000E+00  0.000E+00  0.000E+00  0.000E+00  0.000E+00  0.000E+00  0.000E+00
  0.000E+00  0.000E+00  0.000E+00  0.000E+00  0.000E+00  0.000E+00  0.000E+00  0.000E+00  0.000E+00  0.000E+00
  0.000E+00  0.000E+00  0.000E+00  0.000E+00  0.000E+00  0.000E+00  0.000E+00  0.000E+00  0.000E+00  0.000E+00
  0.000E+00  0.000E+00  0.000E+00  0.000E+00  0.000E+00  0.000E+00  0.000E+00  0.000E+00  0.000E+00  0.000E+00
  1.663E-02  1.577E-02  1.223E-02  1.201E-02  1.201E-02  1.201E-02  1.201E-02  1.605E-02  1.170E-02  1.001E-02
  1.001E-02  1.001E-02  1.069E-02  1.219E-02  1.219E-02  1.138E-02  1.073E-02  1.238E-02  1.064E-02  1.032E-02
  7.632E-03  6.001E-03  7.142E-03  6.228E-03  6.001E-03  6.001E-03  7.377E-03  1.001E-02  7.663E-03  5.455E-03
  2.432E-03  2.000E-03  2.743E-03  4.374E-03  3.583E-03  0.000E+00  0.000E+00  0.000E+00  0.000E+00  0.000E+00
  0.000E+00  0.000E+00  0.000E+00  0.000E+00  0.000E+00  0.000E+00  0.000E+00  0.000E+00  0.000E+00  0.000E+00
  0.000E+00  0.000E+00  0.000E+00  0.000E+00  0.000E+00  0.000E+00  0.000E+00  0.000E+00  0.000E+00  0.000E+00
  0.000E+00  0.000E+00  0.000E+00  0.000E+00  0.000E+00  0.000E+00  0.000E+00  0.000E+00  0.000E+00  0.000E+00
  0.000E+00  0.000E+00  0.000E+00  0.000E+00  0.000E+00  0.000E+00  0.000E+00  0.000E+00  0.000E+00  0.000E+00
  0.000E+00  0.000E+00  0.000E+00  0.000E+00  0.000E+00  0.000E+00  0.000E+00  0.000E+00  0.000E+00  0.000E+00
  0.000E+00  0.000E+00  0.000E+00  0.000E+00  0.000E+00  0.000E+00  0.000E+00  0.000E+00  0.000E+00  0.000E+00
  0.000E+00  0.000E+00  0.000E+00  0.000E+00  0.000E+00  0.000E+00  0.000E+00  0.000E+00  0.000E+00  0.000E+00
  0.000E+00  0.000E+00  0.000E+00  0.000E+00  0.000E+00  0.000E+00  0.000E+00  0.000E+00  0.000E+00  0.000E+00
  2.219E-02  1.766E-02  1.862E-02  1.550E-02  1.400E-02  1.400E-02  1.501E-02  1.470E-02  1.470E-02  1.470E-02
  1.496E-02  1.418E-02  1.350E-02  1.200E-02  1.285E-02  1.104E-02  1.000E-02  1.020E-02  1.209E-02  1.171E-02
  1.296E-02  1.003E-02  1.000E-02  1.258E-02  9.863E-03  8.001E-03  8.072E-03  1.225E-02  1.159E-02  1.166E-02
  1.195E-02  8.972E-03  7.720E-03  5.652E-03  2.350E-03  0.000E+00  0.000E+00  0.000E+00  0.000E+00  0.000E+00
  0.000E+00  0.000E+00  0.000E+00  0.000E+00  0.000E+00  0.000E+00  0.000E+00  0.000E+00  0.000E+00  0.000E+00
  0.000E+00  0.000E+00  0.000E+00  0.000E+00  0.000E+00  0.000E+00  0.000E+00  0.000E+00  0.000E+00  0.000E+00
  0.000E+00  0.000E+00  0.000E+00  0.000E+00  0.000E+00  0.000E+00  0.000E+00  0.000E+00  0.000E+00  0.000E+00
  0.000E+00  0.000E+00  0.000E+00  0.000E+00  0.000E+00  0.000E+00  0.000E+00  0.000E+00  0.000E+00  0.000E+00
  0.000E+00  0.000E+00  0.000E+00  0.000E+00  0.000E+00  0.000E+00  0.000E+00  0.000E+00  0.000E+00  0.000E+00
  0.000E+00  0.000E+00  0.000E+00  0.000E+00  0.000E+00  0.000E+00  0.000E+00  0.000E+00  0.000E+00  0.000E+00
  0.000E+00  0.000E+00  0.000E+00  0.000E+00  0.000E+00  0.000E+00  0.000E+00  0.000E+00  0.000E+00  0.000E+00
  0.000E+00  0.000E+00  0.000E+00  0.000E+00  0.000E+00  0.000E+00  0.000E+00  0.000E+00  0.000E+00  0.000E+00
  1.600E-02  1.656E-02  1.552E-02  1.519E-02  1.287E-02  1.287E-02  1.100E-02  1.000E-02  1.397E-02  1.387E-02
  1.137E-02  1.000E-02  1.085E-02  1.233E-02  1.078E-02  1.000E-02  1.000E-02  1.000E-02  1.084E-02  1.225E-02
  1.100E-02  1.004E-02  1.004E-02  1.041E-02  9.723E-03  8.032E-03  8.032E-03  7.275E-03  7.546E-03  6.046E-03
  7.905E-03  5.535E-03  4.466E-03  6.177E-03  2.331E-03  0.000E+00  0.000E+00  0.000E+00  0.000E+00  0.000E+00
  0.000E+00  0.000E+00  0.000E+00  0.000E+00  0.000E+00  0.000E+00  0.000E+00  0.000E+00  0.000E+00  0.000E+00
  0.000E+00  0.000E+00  0.000E+00  0.000E+00  0.000E+00  0.000E+00  0.000E+00  0.000E+00  0.000E+00  0.000E+00
  0.000E+00  0.000E+00  0.000E+00  0.000E+00  0.000E+00  0.000E+00  0.000E+00  0.000E+00  0.000E+00  0.000E+00
  0.000E+00  0.000E+00  0.000E+00  0.000E+00  0.000E+00  0.000E+00  0.000E+00  0.000E+00  0.000E+00  0.000E+00
  0.000E+00  0.000E+00  0.000E+00  0.000E+00  0.000E+00  0.000E+00  0.000E+00  0.000E+00  0.000E+00  0.000E+00
  0.000E+00  0.000E+00  0.000E+00  0.000E+00  0.000E+00  0.000E+00  0.000E+00  0.000E+00  0.000E+00  0.000E+00
  0.000E+00  0.000E+00  0.000E+00  0.000E+00  0.000E+00  0.000E+00  0.000E+00  0.000E+00  0.000E+00  0.000E+00
  0.000E+00  0.000E+00  0.000E+00  0.000E+00  0.000E+00  0.000E+00  0.000E+00  0.000E+00  0.000E+00  0.000E+00
  1.971E-02  1.800E-02  1.997E-02  1.949E-02  1.600E-02  1.793E-02  1.418E-02  1.429E-02  1.056E-02  1.042E-02
  9.812E-03  1.207E-02  1.000E-02  8.155E-03  5.667E-03  4.000E-03  4.000E-03  4.000E-03  4.000E-03  4.172E-03
  6.868E-03  4.865E-03  4.000E-03  4.000E-03  4.877E-03  6.003E-03  6.015E-03  5.080E-03  2.378E-03  2.000E-03
  2.000E-03  2.511E-03  2.449E-03  2.000E-03  1.227E-03  0.000E+00  0.000E+00  0.000E+00  0.000E+00  0.000E+00
  0.000E+00  0.000E+00  0.000E+00  0.000E+00  0.000E+00  0.000E+00  0.000E+00  0.000E+00  0.000E+00  0.000E+00
  0.000E+00  0.000E+00  0.000E+00  0.000E+00  0.000E+00  0.000E+00  0.000E+00  0.000E+00  0.000E+00  0.000E+00
  0.000E+00  0.000E+00  0.000E+00  0.000E+00  0.000E+00  0.000E+00  0.000E+00  0.000E+00  0.000E+00  0.000E+00
  0.000E+00  0.000E+00  0.000E+00  0.000E+00  0.000E+00  0.000E+00  0.000E+00  0.000E+00  0.000E+00  0.000E+00
  0.000E+00  0.000E+00  0.000E+00  0.000E+00  0.000E+00  0.000E+00  0.000E+00  0.000E+00  0.000E+00  0.000E+00
  0.000E+00  0.000E+00  0.000E+00  0.000E+00  0.000E+00  0.000E+00  0.000E+00  0.000E+00  0.000E+00  0.000E+00
  0.000E+00  0.000E+00  0.000E+00  0.000E+00  0.000E+00  0.000E+00  0.000E+00  0.000E+00  0.000E+00  0.000E+00
  0.000E+00  0.000E+00  0.000E+00  0.000E+00  0.000E+00  0.000E+00  0.000E+00  0.000E+00  0.000E+00  0.000E+00
  1.437E-02  1.608E-02  1.610E-02  1.639E-02  1.692E-02  1.400E-02  1.400E-02  1.400E-02  1.400E-02  1.390E-02
  1.427E-02  1.055E-02  8.151E-03  6.651E-03  6.001E-03  6.001E-03  6.008E-03  6.009E-03  6.009E-03  6.009E-03
  6.009E-03  6.009E-03  6.009E-03  6.009E-03  6.009E-03  6.009E-03  7.720E-03  6.147E-03  7.897E-03  8.276E-03
  8.276E-03  8.276E-03  8.040E-03  6.009E-03  2.576E-03  0.000E+00  0.000E+00  0.000E+00  0.000E+00  0.000E+00
  0.000E+00  8.801E-05  0.000E+00  0.000E+00  0.000E+00  0.000E+00  0.000E+00  0.000E+00  0.000E+00  0.000E+00
  0.000E+00  0.000E+00  0.000E+00  0.000E+00  0.000E+00  0.000E+00  0.000E+00  0.000E+00  0.000E+00  0.000E+00
  0.000E+00  0.000E+00  0.000E+00  0.000E+00  0.000E+00  0.000E+00  0.000E+00  0.000E+00  0.000E+00  0.000E+00
  0.000E+00  0.000E+00  0.000E+00  0.000E+00  0.000E+00  0.000E+00  0.000E+00  0.000E+00  0.000E+00  0.000E+00
  0.000E+00  0.000E+00  0.000E+00  0.000E+00  0.000E+00  0.000E+00  0.000E+00  0.000E+00  0.000E+00  0.000E+00
  0.000E+00  0.000E+00  0.000E+00  0.000E+00  0.000E+00  0.000E+00  0.000E+00  0.000E+00  0.000E+00  0.000E+00
  0.000E+00  0.000E+00  0.000E+00  0.000E+00  0.000E+00  0.000E+00  0.000E+00  0.000E+00  0.000E+00  0.000E+00
  0.000E+00  0.000E+00  0.000E+00  0.000E+00  0.000E+00  0.000E+00  0.000E+00  0.000E+00  0.000E+00  0.000E+00
  0.000E+00  0.000E+00  0.000E+00  0.000E+00  2.627E-03  2.126E-03  2.168E-03  9.936E-04  0.000E+00  0.000E+00
  0.000E+00  0.000E+00  0.000E+00  0.000E+00  0.000E+00  0.000E+00  0.000E+00  0.000E+00  0.000E+00  0.000E+00
  0.000E+00  0.000E+00  0.000E+00  0.000E+00  0.000E+00  0.000E+00  0.000E+00  2.033E-03  2.171E-03  1.960E-03
  0.000E+00  0.000E+00  0.000E+00  0.000E+00  0.000E+00  0.000E+00  0.000E+00  0.000E+00  0.000E+00  0.000E+00
  0.000E+00  0.000E+00  0.000E+00  0.000E+00  0.000E+00  0.000E+00  0.000E+00  0.000E+00  0.000E+00  0.000E+00
  0.000E+00  0.000E+00  0.000E+00  0.000E+00  0.000E+00  0.000E+00  0.000E+00  0.000E+00  0.000E+00  0.000E+00
  0.000E+00  0.000E+00  0.000E+00  0.000E+00  0.000E+00  0.000E+00  0.000E+00  0.000E+00  0.000E+00  0.000E+00
  0.000E+00  0.000E+00  0.000E+00  0.000E+00  0.000E+00  0.000E+00  0.000E+00  0.000E+00  0.000E+00  0.000E+00
  0.000E+00  0.000E+00  0.000E+00  0.000E+00  0.000E+00  0.000E+00  0.000E+00  0.000E+00  0.000E+00  0.000E+00
  0.000E+00  0.000E+00  0.000E+00  0.000E+00  0.000E+00  0.000E+00  0.000E+00  0.000E+00  0.000E+00  0.000E+00
  0.000E+00  0.000E+00  0.000E+00  0.000E+00  0.000E+00  0.000E+00  0.000E+00  0.000E+00  0.000E+00  0.000E+00
  0.000E+00  0.000E+00  0.000E+00  0.000E+00  0.000E+00  0.000E+00  0.000E+00  0.000E+00  0.000E+00  0.000E+00
  0.000E+00  0.000E+00  0.000E+00  0.000E+00  0.000E+00  0.000E+00  0.000E+00  0.000E+00  0.000E+00  0.000E+00
  0.000E+00  0.000E+00  0.000E+00  0.000E+00  0.000E+00  0.000E+00  0.000E+00  0.000E+00  0.000E+00  0.000E+00
  0.000E+00  1.054E-03  0.000E+00  0.000E+00  0.000E+00  0.000E+00  0.000E+00  0.000E+00  0.000E+00  0.000E+00
  0.000E+00  0.000E+00  0.000E+00  0.000E+00  0.000E+00  0.000E+00  0.000E+00  0.000E+00  0.000E+00  0.000E+00
  0.000E+00  0.000E+00  0.000E+00  0.000E+00  0.000E+00  0.000E+00  0.000E+00  0.000E+00  0.000E+00  0.000E+00
  0.000E+00  0.000E+00  0.000E+00  0.000E+00  0.000E+00  0.000E+00  0.000E+00  0.000E+00  0.000E+00  0.000E+00
  0.000E+00  0.000E+00  0.000E+00  0.000E+00  0.000E+00  0.000E+00  0.000E+00  0.000E+00  0.000E+00  0.000E+00
  0.000E+00  0.000E+00  0.000E+00  0.000E+00  0.000E+00  0.000E+00  0.000E+00  0.000E+00  0.000E+00  0.000E+00
  0.000E+00  0.000E+00  0.000E+00  0.000E+00  0.000E+00  0.000E+00  0.000E+00  0.000E+00  0.000E+00  0.000E+00
  0.000E+00  0.000E+00  0.000E+00  0.000E+00  0.000E+00  0.000E+00  0.000E+00  0.000E+00  0.000E+00  0.000E+00
  0.000E+00  0.000E+00  0.000E+00  0.000E+00  0.000E+00  0.000E+00  0.000E+00  0.000E+00  0.000E+00  0.000E+00
  0.000E+00  0.000E+00  0.000E+00  0.000E+00  0.000E+00  0.000E+00  0.000E+00  0.000E+00  0.000E+00  0.000E+00
  0.000E+00  0.000E+00  0.000E+00  0.000E+00  0.000E+00  0.000E+00  0.000E+00  0.000E+00  0.000E+00  0.000E+00
  0.000E+00  0.000E+00  0.000E+00  0.000E+00  0.000E+00  0.000E+00  0.000E+00  0.000E+00  0.000E+00  0.000E+00
  0.000E+00  2.163E-03  0.000E+00  0.000E+00  0.000E+00  0.000E+00  0.000E+00  0.000E+00  0.000E+00  0.000E+00
  0.000E+00  0.000E+00  0.000E+00  0.000E+00  0.000E+00  0.000E+00  0.000E+00  0.000E+00  0.000E+00  0.000E+00
  0.000E+00  0.000E+00  0.000E+00  0.000E+00  0.000E+00  0.000E+00  0.000E+00  0.000E+00  0.000E+00  0.000E+00
  0.000E+00  0.000E+00  0.000E+00  0.000E+00  0.000E+00  0.000E+00  0.000E+00  0.000E+00  0.000E+00  0.000E+00
  0.000E+00  0.000E+00  0.000E+00  0.000E+00  0.000E+00  0.000E+00  0.000E+00  0.000E+00  0.000E+00  0.000E+00
  0.000E+00  0.000E+00  0.000E+00  0.000E+00  0.000E+00  0.000E+00  0.000E+00  0.000E+00  0.000E+00  0.000E+00
  0.000E+00  0.000E+00  0.000E+00  0.000E+00  0.000E+00  0.000E+00  0.000E+00  0.000E+00  0.000E+00  0.000E+00
  0.000E+00  0.000E+00  0.000E+00  0.000E+00  0.000E+00  0.000E+00  0.000E+00  0.000E+00  0.000E+00  0.000E+00
  0.000E+00  0.000E+00  0.000E+00  0.000E+00  0.000E+00  0.000E+00  0.000E+00  0.000E+00  0.000E+00  0.000E+00
  0.000E+00  0.000E+00  0.000E+00  0.000E+00  0.000E+00  0.000E+00  0.000E+00  0.000E+00  0.000E+00  0.000E+00
  0.000E+00  0.000E+00  0.000E+00  0.000E+00  0.000E+00  0.000E+00  0.000E+00  0.000E+00  0.000E+00  0.000E+00
  0.000E+00  0.000E+00  0.000E+00  0.000E+00  0.000E+00  0.000E+00  0.000E+00  0.000E+00  0.000E+00  0.000E+00
  0.000E+00  7.801E-04  0.000E+00  0.000E+00  0.000E+00  0.000E+00  0.000E+00  0.000E+00  0.000E+00  0.000E+00
  0.000E+00  0.000E+00  0.000E+00  0.000E+00  0.000E+00  0.000E+00  0.000E+00  0.000E+00  0.000E+00  0.000E+00
  0.000E+00  0.000E+00  0.000E+00  0.000E+00  0.000E+00  0.000E+00  0.000E+00  0.000E+00  0.000E+00  0.000E+00
  0.000E+00  0.000E+00  0.000E+00  0.000E+00  0.000E+00  0.000E+00  0.000E+00  0.000E+00  0.000E+00  0.000E+00
  0.000E+00  0.000E+00  0.000E+00  0.000E+00  0.000E+00  0.000E+00  0.000E+00  0.000E+00  0.000E+00  0.000E+00
  0.000E+00  0.000E+00  0.000E+00  0.000E+00  0.000E+00  0.000E+00  0.000E+00  0.000E+00  0.000E+00  0.000E+00
  0.000E+00  0.000E+00  0.000E+00  0.000E+00  0.000E+00  0.000E+00  0.000E+00  0.000E+00  0.000E+00  0.000E+00
  0.000E+00  0.000E+00  0.000E+00  0.000E+00  0.000E+00  0.000E+00  0.000E+00  0.000E+00  0.000E+00  0.000E+00
  0.000E+00  0.000E+00  0.000E+00  0.000E+00  0.000E+00  0.000E+00  0.000E+00  0.000E+00  0.000E+00  0.000E+00
  0.000E+00  0.000E+00  0.000E+00  0.000E+00  0.000E+00  0.000E+00  0.000E+00  0.000E+00  0.000E+00  0.000E+00
  0.000E+00  0.000E+00  0.000E+00  0.000E+00  0.000E+00  0.000E+00  0.000E+00  0.000E+00  0.000E+00  0.000E+00
  0.000E+00  0.000E+00  0.000E+00  0.000E+00  0.000E+00  0.000E+00  0.000E+00  0.000E+00  0.000E+00  0.000E+00
  0.000E+00  0.000E+00  0.000E+00  0.000E+00  0.000E+00  0.000E+00  0.000E+00  0.000E+00  0.000E+00  0.000E+00
  0.000E+00  0.000E+00  0.000E+00  0.000E+00  0.000E+00  0.000E+00  0.000E+00  0.000E+00  0.000E+00  0.000E+00
  0.000E+00  0.000E+00  0.000E+00  0.000E+00  0.000E+00  0.000E+00  0.000E+00  0.000E+00  0.000E+00  0.000E+00
  0.000E+00  0.000E+00  0.000E+00  0.000E+00  0.000E+00  0.000E+00  0.000E+00  0.000E+00  0.000E+00  0.000E+00
  0.000E+00  0.000E+00  0.000E+00  0.000E+00  0.000E+00  0.000E+00  0.000E+00  0.000E+00  0.000E+00  0.000E+00
  0.000E+00  0.000E+00  0.000E+00  0.000E+00  0.000E+00  0.000E+00  0.000E+00  0.000E+00  0.000E+00  0.000E+00
  0.000E+00  0.000E+00  0.000E+00  0.000E+00  0.000E+00  0.000E+00  0.000E+00  0.000E+00  0.000E+00  0.000E+00
  0.000E+00  0.000E+00  0.000E+00  0.000E+00  0.000E+00  0.000E+00  0.000E+00  0.000E+00  0.000E+00  0.000E+00
  0.000E+00  0.000E+00  0.000E+00  0.000E+00  0.000E+00  0.000E+00  0.000E+00  0.000E+00  0.000E+00  0.000E+00
  0.000E+00  0.000E+00  0.000E+00  0.000E+00  0.000E+00  0.000E+00  0.000E+00  0.000E+00  0.000E+00  0.000E+00
  0.000E+00  0.000E+00  0.000E+00  0.000E+00  0.000E+00  0.000E+00  0.000E+00  0.000E+00  0.000E+00  0.000E+00
  0.000E+00  0.000E+00  0.000E+00  0.000E+00  0.000E+00  0.000E+00  0.000E+00  0.000E+00  0.000E+00  0.000E+00
  0.000E+00  0.000E+00  0.000E+00  0.000E+00  0.000E+00  0.000E+00  0.000E+00  0.000E+00  0.000E+00  0.000E+00
  0.000E+00  0.000E+00  0.000E+00  0.000E+00  0.000E+00  0.000E+00  0.000E+00  0.000E+00  0.000E+00  0.000E+00
  0.000E+00  0.000E+00  0.000E+00  0.000E+00  0.000E+00  0.000E+00  0.000E+00  0.000E+00  0.000E+00  0.000E+00
  0.000E+00  0.000E+00  0.000E+00  0.000E+00  0.000E+00  0.000E+00  0.000E+00  0.000E+00  0.000E+00  0.000E+00
  0.000E+00  0.000E+00  0.000E+00  0.000E+00  0.000E+00  0.000E+00  0.000E+00  0.000E+00  0.000E+00  0.000E+00
  0.000E+00  0.000E+00  0.000E+00  0.000E+00  0.000E+00  0.000E+00  0.000E+00  0.000E+00  0.000E+00  0.000E+00
  0.000E+00  0.000E+00  0.000E+00  0.000E+00  0.000E+00  0.000E+00  0.000E+00  0.000E+00  0.000E+00  0.000E+00
  0.000E+00  0.000E+00  0.000E+00  0.000E+00  0.000E+00  0.000E+00  0.000E+00  0.000E+00  0.000E+00  0.000E+00
  0.000E+00  0.000E+00  0.000E+00  0.000E+00  0.000E+00  0.000E+00  0.000E+00  0.000E+00  0.000E+00  0.000E+00
  0.000E+00  0.000E+00  0.000E+00  0.000E+00  0.000E+00  0.000E+00  0.000E+00  0.000E+00  0.000E+00  0.000E+00
  0.000E+00  0.000E+00  0.000E+00  0.000E+00  0.000E+00  0.000E+00  0.000E+00  0.000E+00  0.000E+00  0.000E+00
  0.000E+00  0.000E+00  0.000E+00  0.000E+00  0.000E+00  0.000E+00  0.000E+00  0.000E+00  0.000E+00  0.000E+00
  0.000E+00  0.000E+00  0.000E+00  0.000E+00  0.000E+00  0.000E+00  0.000E+00  0.000E+00  0.000E+00  0.000E+00
  0.000E+00  0.000E+00  0.000E+00  0.000E+00  0.000E+00  0.000E+00  0.000E+00  0.000E+00  0.000E+00  0.000E+00
  0.000E+00  0.000E+00  0.000E+00  0.000E+00  0.000E+00  0.000E+00  0.000E+00  0.000E+00  0.000E+00  0.000E+00
  0.000E+00  0.000E+00  0.000E+00  0.000E+00  0.000E+00  0.000E+00  0.000E+00  0.000E+00  0.000E+00  0.000E+00
  0.000E+00  0.000E+00  0.000E+00  0.000E+00  0.000E+00  0.000E+00  0.000E+00  0.000E+00  0.000E+00  0.000E+00
  0.000E+00  0.000E+00  0.000E+00  0.000E+00  0.000E+00  0.000E+00  0.000E+00  0.000E+00  0.000E+00  0.000E+00
  0.000E+00  0.000E+00  0.000E+00  0.000E+00  0.000E+00  0.000E+00  0.000E+00  0.000E+00  0.000E+00  0.000E+00
  0.000E+00  0.000E+00  0.000E+00  0.000E+00  0.000E+00  0.000E+00  0.000E+00  0.000E+00  0.000E+00  0.000E+00
  0.000E+00  0.000E+00  0.000E+00  0.000E+00  0.000E+00  0.000E+00  0.000E+00  0.000E+00  0.000E+00  0.000E+00
  0.000E+00  0.000E+00  0.000E+00  0.000E+00  0.000E+00  0.000E+00  0.000E+00  0.000E+00  0.000E+00  0.000E+00
  0.000E+00  0.000E+00  0.000E+00  0.000E+00  0.000E+00  0.000E+00  0.000E+00  0.000E+00  0.000E+00  0.000E+00
  0.000E+00  0.000E+00  0.000E+00  0.000E+00  0.000E+00  0.000E+00  0.000E+00  0.000E+00  0.000E+00  0.000E+00
  0.000E+00  0.000E+00  0.000E+00  0.000E+00  0.000E+00  0.000E+00  0.000E+00  0.000E+00  0.000E+00  0.000E+00
  0.000E+00  0.000E+00  0.000E+00  0.000E+00  0.000E+00  0.000E+00  0.000E+00  0.000E+00  0.000E+00  0.000E+00
  0.000E+00  0.000E+00  0.000E+00  0.000E+00  0.000E+00  0.000E+00  0.000E+00  0.000E+00  0.000E+00  8.824E-04
  0.000E+00  0.000E+00  0.000E+00  0.000E+00  0.000E+00  0.000E+00  0.000E+00  0.000E+00  0.000E+00  0.000E+00
  0.000E+00  0.000E+00  0.000E+00  0.000E+00  0.000E+00  0.000E+00  0.000E+00  0.000E+00  0.000E+00  0.000E+00
  0.000E+00  0.000E+00  0.000E+00  0.000E+00  0.000E+00  0.000E+00  0.000E+00  0.000E+00  0.000E+00  0.000E+00
  0.000E+00  0.000E+00  0.000E+00  0.000E+00  0.000E+00  0.000E+00  0.000E+00  0.000E+00  0.000E+00  0.000E+00
  0.000E+00  0.000E+00  0.000E+00  0.000E+00  0.000E+00  0.000E+00  0.000E+00  0.000E+00  0.000E+00  0.000E+00
  0.000E+00  0.000E+00  0.000E+00  0.000E+00  0.000E+00  0.000E+00  0.000E+00  0.000E+00  0.000E+00  0.000E+00
  0.000E+00  0.000E+00  0.000E+00  0.000E+00  0.000E+00  0.000E+00  0.000E+00  0.000E+00  0.000E+00  0.000E+00
  0.000E+00  0.000E+00  0.000E+00  0.000E+00  0.000E+00  0.000E+00  0.000E+00  0.000E+00  0.000E+00  0.000E+00
  0.000E+00  0.000E+00  0.000E+00  0.000E+00  0.000E+00  0.000E+00  0.000E+00  0.000E+00  0.000E+00  0.000E+00
  0.000E+00  0.000E+00  0.000E+00  0.000E+00  0.000E+00  0.000E+00  0.000E+00  0.000E+00  0.000E+00  0.000E+00
  0.000E+00  0.000E+00  0.000E+00  0.000E+00  0.000E+00  0.000E+00  0.000E+00  0.000E+00  0.000E+00  0.000E+00
  0.000E+00  0.000E+00  0.000E+00  0.000E+00  0.000E+00  0.000E+00  0.000E+00  0.000E+00  0.000E+00  0.000E+00
  0.000E+00  0.000E+00  0.000E+00  0.000E+00  0.000E+00  0.000E+00  0.000E+00  0.000E+00  0.000E+00  0.000E+00
  0.000E+00  0.000E+00  0.000E+00  0.000E+00  0.000E+00  0.000E+00  0.000E+00  0.000E+00  0.000E+00  0.000E+00
  0.000E+00  0.000E+00  0.000E+00  0.000E+00  0.000E+00  0.000E+00  0.000E+00  0.000E+00  0.000E+00  0.000E+00
  0.000E+00  0.000E+00  0.000E+00  0.000E+00  0.000E+00  0.000E+00  0.000E+00  0.000E+00  0.000E+00  0.000E+00
  0.000E+00  0.000E+00  0.000E+00  0.000E+00  0.000E+00  0.000E+00  0.000E+00  0.000E+00  0.000E+00  0.000E+00
  0.000E+00  0.000E+00  0.000E+00  0.000E+00  0.000E+00  0.000E+00  0.000E+00  0.000E+00  0.000E+00  0.000E+00
  0.000E+00  0.000E+00  0.000E+00  0.000E+00  0.000E+00  0.000E+00  0.000E+00  0.000E+00  0.000E+00  0.000E+00
  0.000E+00  0.000E+00  0.000E+00  0.000E+00  0.000E+00  0.000E+00  0.000E+00  0.000E+00  0.000E+00  0.000E+00
  0.000E+00  0.000E+00  0.000E+00  0.000E+00  0.000E+00  0.000E+00  0.000E+00  0.000E+00  0.000E+00  0.000E+00
  0.000E+00  0.000E+00  0.000E+00  0.000E+00  0.000E+00  0.000E+00  0.000E+00  0.000E+00  0.000E+00  0.000E+00
  0.000E+00  0.000E+00  0.000E+00  0.000E+00  0.000E+00  0.000E+00  0.000E+00  0.000E+00  0.000E+00  0.000E+00
  0.000E+00  0.000E+00  0.000E+00  0.000E+00  0.000E+00  0.000E+00  0.000E+00  0.000E+00  0.000E+00  0.000E+00
  0.000E+00  0.000E+00  0.000E+00  0.000E+00  0.000E+00  0.000E+00  0.000E+00  0.000E+00  0.000E+00  0.000E+00
  0.000E+00  0.000E+00  0.000E+00  0.000E+00  0.000E+00  0.000E+00  0.000E+00  0.000E+00  0.000E+00  0.000E+00
  0.000E+00  0.000E+00  0.000E+00  0.000E+00  0.000E+00  0.000E+00  0.000E+00  0.000E+00  0.000E+00  0.000E+00
  0.000E+00  0.000E+00  0.000E+00  0.000E+00  0.000E+00  0.000E+00  0.000E+00  0.000E+00  0.000E+00  0.000E+00
  0.000E+00  0.000E+00  0.000E+00  0.000E+00  0.000E+00  0.000E+00  0.000E+00  0.000E+00  0.000E+00  0.000E+00
  0.000E+00  0.000E+00  0.000E+00  0.000E+00  0.000E+00  0.000E+00  0.000E+00  0.000E+00  0.000E+00  0.000E+00
  0.000E+00  0.000E+00  0.000E+00  0.000E+00  0.000E+00  0.000E+00  0.000E+00  0.000E+00  0.000E+00  0.000E+00
  0.000E+00  0.000E+00  0.000E+00  0.000E+00  0.000E+00  0.000E+00  0.000E+00  0.000E+00  0.000E+00  0.000E+00
  6.714E-05  0.000E+00  0.000E+00  0.000E+00  0.000E+00  0.000E+00  0.000E+00  0.000E+00  0.000E+00  0.000E+00
  0.000E+00  0.000E+00  0.000E+00  0.000E+00  0.000E+00  0.000E+00  0.000E+00  0.000E+00  0.000E+00  0.000E+00
  0.000E+00  0.000E+00  0.000E+00  0.000E+00  0.000E+00  0.000E+00  0.000E+00  0.000E+00  0.000E+00  0.000E+00
  0.000E+00  0.000E+00  0.000E+00  0.000E+00  0.000E+00  0.000E+00  0.000E+00  0.000E+00  0.000E+00  0.000E+00
  0.000E+00  0.000E+00  0.000E+00  0.000E+00  0.000E+00  0.000E+00  0.000E+00  0.000E+00  0.000E+00  0.000E+00
  0.000E+00  0.000E+00  0.000E+00  0.000E+00  0.000E+00  0.000E+00  0.000E+00  0.000E+00  0.000E+00  0.000E+00
  0.000E+00  0.000E+00  0.000E+00  0.000E+00  0.000E+00  0.000E+00  0.000E+00  0.000E+00  0.000E+00  0.000E+00
  0.000E+00  0.000E+00  0.000E+00  0.000E+00  0.000E+00  0.000E+00  0.000E+00  0.000E+00  0.000E+00  0.000E+00
  0.000E+00  0.000E+00  0.000E+00  0.000E+00  0.000E+00  0.000E+00  0.000E+00  0.000E+00  0.000E+00  0.000E+00
  0.000E+00  0.000E+00  0.000E+00  0.000E+00  0.000E+00  0.000E+00  0.000E+00  0.000E+00  0.000E+00  0.000E+00
  0.000E+00  0.000E+00  0.000E+00  0.000E+00  0.000E+00  0.000E+00  0.000E+00  0.000E+00  0.000E+00  0.000E+00
  0.000E+00  0.000E+00  0.000E+00  0.000E+00  0.000E+00  0.000E+00  0.000E+00  0.000E+00  0.000E+00  0.000E+00
  0.000E+00  0.000E+00  0.000E+00  0.000E+00  0.000E+00  0.000E+00  0.000E+00  0.000E+00  0.000E+00  0.000E+00
  0.000E+00  0.000E+00  0.000E+00  0.000E+00  0.000E+00  0.000E+00  0.000E+00  0.000E+00  0.000E+00  0.000E+00
  0.000E+00  0.000E+00  0.000E+00  0.000E+00  0.000E+00  0.000E+00  0.000E+00  0.000E+00  0.000E+00  0.000E+00
  0.000E+00  0.000E+00  0.000E+00  0.000E+00  0.000E+00  0.000E+00  0.000E+00  0.000E+00  0.000E+00  0.000E+00
  0.000E+00  0.000E+00  0.000E+00  0.000E+00  0.000E+00  0.000E+00  0.000E+00  0.000E+00  0.000E+00  0.000E+00
  0.000E+00  0.000E+00  0.000E+00  0.000E+00  0.000E+00  0.000E+00  0.000E+00  0.000E+00  0.000E+00  0.000E+00
  0.000E+00  0.000E+00  0.000E+00  0.000E+00  0.000E+00  0.000E+00  0.000E+00  0.000E+00  0.000E+00  0.000E+00
  0.000E+00  0.000E+00  0.000E+00  0.000E+00  0.000E+00  0.000E+00  0.000E+00  0.000E+00  0.000E+00  0.000E+00
  0.000E+00  0.000E+00  0.000E+00  0.000E+00  0.000E+00  0.000E+00  0.000E+00  0.000E+00  0.000E+00  0.000E+00
  0.000E+00  0.000E+00  0.000E+00  0.000E+00  0.000E+00  0.000E+00  0.000E+00  0.000E+00  0.000E+00  0.000E+00
  0.000E+00  0.000E+00  0.000E+00  0.000E+00  0.000E+00  0.000E+00  0.000E+00  0.000E+00  0.000E+00  0.000E+00
  0.000E+00  0.000E+00  0.000E+00  0.000E+00  0.000E+00  0.000E+00  0.000E+00  0.000E+00  0.000E+00  0.000E+00
  0.000E+00  0.000E+00  0.000E+00  0.000E+00  0.000E+00  0.000E+00  0.000E+00  0.000E+00  0.000E+00  0.000E+00
  0.000E+00  0.000E+00  0.000E+00  0.000E+00  0.000E+00  0.000E+00  0.000E+00  0.000E+00  0.000E+00  0.000E+00
  0.000E+00  0.000E+00  0.000E+00  0.000E+00  0.000E+00  0.000E+00  0.000E+00  0.000E+00  0.000E+00  0.000E+00
  0.000E+00  0.000E+00  0.000E+00  0.000E+00  0.000E+00  0.000E+00  0.000E+00  0.000E+00  0.000E+00  0.000E+00
  0.000E+00  0.000E+00  0.000E+00  0.000E+00  0.000E+00  0.000E+00  0.000E+00  0.000E+00  0.000E+00  1.679E-05
  0.000E+00  0.000E+00  0.000E+00  0.000E+00  0.000E+00  0.000E+00  0.000E+00  0.000E+00  0.000E+00  0.000E+00
  0.000E+00  0.000E+00  0.000E+00  0.000E+00  0.000E+00  0.000E+00  0.000E+00  0.000E+00  0.000E+00  0.000E+00
  0.000E+00  0.000E+00  0.000E+00  0.000E+00  0.000E+00  0.000E+00  0.000E+00  0.000E+00  0.000E+00  0.000E+00
  0.000E+00  0.000E+00  0.000E+00  0.000E+00  0.000E+00  0.000E+00  0.000E+00  0.000E+00  0.000E+00  0.000E+00
  0.000E+00  0.000E+00  0.000E+00  0.000E+00  0.000E+00  0.000E+00  0.000E+00  0.000E+00  0.000E+00  0.000E+00
  0.000E+00  0.000E+00  0.000E+00  0.000E+00  0.000E+00  0.000E+00  0.000E+00  0.000E+00  0.000E+00  0.000E+00
  0.000E+00  0.000E+00  0.000E+00  0.000E+00  0.000E+00  0.000E+00  0.000E+00  0.000E+00  0.000E+00  0.000E+00
  0.000E+00  0.000E+00  0.000E+00  0.000E+00  0.000E+00  0.000E+00  0.000E+00  0.000E+00  0.000E+00  0.000E+00
  0.000E+00  0.000E+00  0.000E+00  0.000E+00  0.000E+00  0.000E+00  0.000E+00  0.000E+00  0.000E+00  0.000E+00
  0.000E+00  0.000E+00  0.000E+00  0.000E+00  0.000E+00  0.000E+00  0.000E+00  0.000E+00  0.000E+00  0.000E+00
  0.000E+00  0.000E+00  0.000E+00  0.000E+00  0.000E+00  0.000E+00  0.000E+00  0.000E+00  0.000E+00  0.000E+00
  0.000E+00  0.000E+00  0.000E+00  0.000E+00  1.955E-05  0.000E+00  0.000E+00  0.000E+00  0.000E+00  0.000E+00
  0.000E+00  0.000E+00  0.000E+00  0.000E+00  0.000E+00  0.000E+00  0.000E+00  0.000E+00  0.000E+00  0.000E+00
  0.000E+00  0.000E+00  0.000E+00  0.000E+00  0.000E+00  0.000E+00  0.000E+00  0.000E+00  0.000E+00  0.000E+00
  0.000E+00  0.000E+00  0.000E+00  0.000E+00  0.000E+00  0.000E+00  0.000E+00  0.000E+00  0.000E+00  0.000E+00
  0.000E+00  0.000E+00  0.000E+00  0.000E+00  0.000E+00  0.000E+00  0.000E+00  0.000E+00  0.000E+00  0.000E+00
  0.000E+00  0.000E+00  0.000E+00  0.000E+00  0.000E+00  0.000E+00  0.000E+00  0.000E+00  0.000E+00  0.000E+00
  0.000E+00  0.000E+00  0.000E+00  0.000E+00  0.000E+00  0.000E+00  0.000E+00  0.000E+00  0.000E+00  0.000E+00
  0.000E+00  0.000E+00  0.000E+00  0.000E+00  0.000E+00  0.000E+00  0.000E+00  0.000E+00  0.000E+00  0.000E+00
  0.000E+00  0.000E+00  0.000E+00  0.000E+00  0.000E+00  0.000E+00  0.000E+00  0.000E+00  0.000E+00  0.000E+00
  0.000E+00  0.000E+00  0.000E+00  0.000E+00  0.000E+00  0.000E+00  0.000E+00  0.000E+00  0.000E+00  0.000E+00
  0.000E+00  0.000E+00  0.000E+00  0.000E+00  0.000E+00  0.000E+00  0.000E+00  0.000E+00  0.000E+00  0.000E+00
  0.000E+00  0.000E+00  0.000E+00  0.000E+00  0.000E+00  0.000E+00  0.000E+00  0.000E+00  0.000E+00  0.000E+00
  0.000E+00  0.000E+00  0.000E+00  0.000E+00  0.000E+00  0.000E+00  0.000E+00  0.000E+00  0.000E+00  0.000E+00
  0.000E+00  0.000E+00  0.000E+00  0.000E+00  0.000E+00  0.000E+00  0.000E+00  0.000E+00  0.000E+00  0.000E+00
  0.000E+00  0.000E+00  0.000E+00  0.000E+00  0.000E+00  0.000E+00  0.000E+00  0.000E+00  0.000E+00  0.000E+00
  0.000E+00  0.000E+00  0.000E+00  0.000E+00  0.000E+00  0.000E+00  0.000E+00  0.000E+00  0.000E+00  0.000E+00
  0.000E+00  0.000E+00  0.000E+00  0.000E+00  0.000E+00  0.000E+00  0.000E+00  0.000E+00  0.000E+00  0.000E+00
  0.000E+00  0.000E+00  0.000E+00  0.000E+00  0.000E+00  0.000E+00  0.000E+00  0.000E+00  0.000E+00  0.000E+00
  0.000E+00  0.000E+00  0.000E+00  0.000E+00  0.000E+00  0.000E+00  0.000E+00  0.000E+00  0.000E+00  0.000E+00
  0.000E+00  0.000E+00  0.000E+00  0.000E+00  0.000E+00  0.000E+00  0.000E+00  0.000E+00  0.000E+00  0.000E+00
  0.000E+00  0.000E+00  0.000E+00  0.000E+00  0.000E+00  0.000E+00  0.000E+00  0.000E+00  0.000E+00  0.000E+00
  0.000E+00  0.000E+00  0.000E+00  0.000E+00  0.000E+00  0.000E+00  0.000E+00  0.000E+00  0.000E+00  0.000E+00
  0.000E+00  0.000E+00  0.000E+00  0.000E+00  0.000E+00  0.000E+00  0.000E+00  0.000E+00  0.000E+00  0.000E+00
  0.000E+00  0.000E+00  0.000E+00  0.000E+00  0.000E+00  0.000E+00  0.000E+00  0.000E+00  0.000E+00  0.000E+00
  0.000E+00  0.000E+00  0.000E+00  0.000E+00  0.000E+00  0.000E+00  0.000E+00  0.000E+00  0.000E+00  0.000E+00
  0.000E+00  0.000E+00  0.000E+00  0.000E+00  0.000E+00  0.000E+00  0.000E+00  0.000E+00  0.000E+00  0.000E+00
  0.000E+00  0.000E+00  0.000E+00  0.000E+00  0.000E+00  0.000E+00  0.000E+00  0.000E+00  0.000E+00  0.000E+00
  0.000E+00  0.000E+00  0.000E+00  0.000E+00  0.000E+00  0.000E+00  0.000E+00  0.000E+00  0.000E+00  0.000E+00
  0.000E+00  0.000E+00  0.000E+00  0.000E+00  0.000E+00  0.000E+00  0.000E+00  0.000E+00  0.000E+00  0.000E+00
  0.000E+00  0.000E+00  0.000E+00  0.000E+00  0.000E+00  0.000E+00  0.000E+00  0.000E+00  0.000E+00  0.000E+00
  0.000E+00  0.000E+00  0.000E+00  0.000E+00  0.000E+00  0.000E+00  0.000E+00  0.000E+00  0.000E+00  0.000E+00
  0.000E+00  0.000E+00  0.000E+00  0.000E+00  0.000E+00  0.000E+00  1.878E-04  2.662E-04  0.000E+00  0.000E+00
  0.000E+00  0.000E+00  0.000E+00  0.000E+00  0.000E+00  0.000E+00  0.000E+00  0.000E+00  0.000E+00  0.000E+00
  0.000E+00  0.000E+00  0.000E+00  0.000E+00  0.000E+00  0.000E+00  0.000E+00  0.000E+00  0.000E+00  0.000E+00
  0.000E+00  0.000E+00  0.000E+00  0.000E+00  0.000E+00  0.000E+00  0.000E+00  0.000E+00  0.000E+00  0.000E+00
  0.000E+00  0.000E+00  0.000E+00  0.000E+00  0.000E+00  0.000E+00  0.000E+00  0.000E+00  0.000E+00  0.000E+00
  0.000E+00  0.000E+00  0.000E+00  0.000E+00  0.000E+00  0.000E+00  0.000E+00  0.000E+00  0.000E+00  0.000E+00
  0.000E+00  0.000E+00  0.000E+00  0.000E+00  0.000E+00  0.000E+00  0.000E+00  0.000E+00  0.000E+00  0.000E+00
  0.000E+00  0.000E+00  0.000E+00  0.000E+00  0.000E+00  0.000E+00  0.000E+00  0.000E+00  0.000E+00  0.000E+00
  0.000E+00  0.000E+00  0.000E+00  0.000E+00  0.000E+00  0.000E+00  0.000E+00  0.000E+00  0.000E+00  0.000E+00
  0.000E+00  0.000E+00  0.000E+00  0.000E+00  0.000E+00  0.000E+00  0.000E+00  0.000E+00  0.000E+00  0.000E+00
  0.000E+00  0.000E+00  0.000E+00  0.000E+00  0.000E+00  0.000E+00  0.000E+00  0.000E+00  0.000E+00  0.000E+00
  0.000E+00  0.000E+00  0.000E+00  0.000E+00  0.000E+00  0.000E+00  0.000E+00  0.000E+00  0.000E+00  0.000E+00
  0.000E+00  0.000E+00  0.000E+00  0.000E+00  0.000E+00  0.000E+00  5.268E-04  0.000E+00  0.000E+00  0.000E+00
  0.000E+00  0.000E+00  0.000E+00  0.000E+00  0.000E+00  0.000E+00  0.000E+00  0.000E+00  0.000E+00  0.000E+00
  0.000E+00  0.000E+00  0.000E+00  0.000E+00  0.000E+00  0.000E+00  0.000E+00  0.000E+00  0.000E+00  0.000E+00
  0.000E+00  0.000E+00  0.000E+00  0.000E+00  0.000E+00  0.000E+00  0.000E+00  0.000E+00  0.000E+00  0.000E+00
  0.000E+00  0.000E+00  0.000E+00  0.000E+00  0.000E+00  0.000E+00  0.000E+00  0.000E+00  0.000E+00  0.000E+00
  0.000E+00  0.000E+00  0.000E+00  0.000E+00  0.000E+00  0.000E+00  0.000E+00  0.000E+00  0.000E+00  0.000E+00
  0.000E+00  0.000E+00  0.000E+00  0.000E+00  0.000E+00  0.000E+00  0.000E+00  0.000E+00  0.000E+00  0.000E+00
  0.000E+00  0.000E+00  0.000E+00  0.000E+00  0.000E+00  0.000E+00  0.000E+00  0.000E+00  0.000E+00  0.000E+00
  0.000E+00  0.000E+00  0.000E+00  0.000E+00  0.000E+00  0.000E+00  0.000E+00  0.000E+00  0.000E+00  0.000E+00
  0.000E+00  0.000E+00  0.000E+00  0.000E+00  0.000E+00  0.000E+00  0.000E+00  0.000E+00  0.000E+00  0.000E+00
  0.000E+00  0.000E+00  0.000E+00  0.000E+00  0.000E+00  0.000E+00  0.000E+00  0.000E+00  0.000E+00  0.000E+00
  0.000E+00  0.000E+00  0.000E+00  0.000E+00  0.000E+00  0.000E+00  0.000E+00  0.000E+00  0.000E+00  0.000E+00
  0.000E+00  0.000E+00  0.000E+00  0.000E+00  0.000E+00  0.000E+00  0.000E+00  0.000E+00  0.000E+00  0.000E+00
  0.000E+00  0.000E+00  0.000E+00  0.000E+00  0.000E+00  0.000E+00  0.000E+00  0.000E+00  0.000E+00  0.000E+00
  0.000E+00  0.000E+00  0.000E+00  0.000E+00  0.000E+00  0.000E+00  0.000E+00  0.000E+00  0.000E+00  0.000E+00
  0.000E+00  0.000E+00  0.000E+00  0.000E+00  0.000E+00  0.000E+00  0.000E+00  0.000E+00  0.000E+00  0.000E+00
  0.000E+00  0.000E+00  0.000E+00  0.000E+00  0.000E+00  0.000E+00  0.000E+00  0.000E+00  0.000E+00  0.000E+00
  0.000E+00  0.000E+00  0.000E+00  0.000E+00  0.000E+00  0.000E+00  0.000E+00  0.000E+00  0.000E+00  0.000E+00
  0.000E+00  0.000E+00  0.000E+00  0.000E+00  0.000E+00  0.000E+00  0.000E+00  0.000E+00  0.000E+00  0.000E+00
  0.000E+00  0.000E+00  0.000E+00  0.000E+00  0.000E+00  0.000E+00  0.000E+00  0.000E+00  0.000E+00  0.000E+00
  0.000E+00  0.000E+00  0.000E+00  0.000E+00  0.000E+00  0.000E+00  0.000E+00  0.000E+00  0.000E+00  0.000E+00
  0.000E+00  0.000E+00  0.000E+00  0.000E+00  0.000E+00  0.000E+00  0.000E+00  0.000E+00  0.000E+00  0.000E+00
  0.000E+00  0.000E+00  0.000E+00  0.000E+00  0.000E+00  0.000E+00  0.000E+00  0.000E+00  0.000E+00  0.000E+00
  0.000E+00  0.000E+00  0.000E+00  0.000E+00  0.000E+00  0.000E+00  0.000E+00  0.000E+00  0.000E+00  0.000E+00
  0.000E+00  0.000E+00  0.000E+00  0.000E+00  0.000E+00  0.000E+00  0.000E+00  0.000E+00  0.000E+00  0.000E+00
  0.000E+00  0.000E+00  0.000E+00  0.000E+00  0.000E+00  0.000E+00  0.000E+00  0.000E+00  0.000E+00  0.000E+00
  0.000E+00  0.000E+00  0.000E+00  0.000E+00  0.000E+00  0.000E+00  0.000E+00  0.000E+00  0.000E+00  0.000E+00
  0.000E+00  0.000E+00  0.000E+00  0.000E+00  0.000E+00  0.000E+00  0.000E+00  0.000E+00  0.000E+00  0.000E+00
  0.000E+00  0.000E+00  0.000E+00  0.000E+00  0.000E+00  0.000E+00  0.000E+00  0.000E+00  0.000E+00  0.000E+00
  0.000E+00  0.000E+00  0.000E+00  0.000E+00  0.000E+00  0.000E+00  0.000E+00  0.000E+00  0.000E+00  0.000E+00
  0.000E+00  0.000E+00  0.000E+00  0.000E+00  0.000E+00  0.000E+00  0.000E+00  0.000E+00  0.000E+00  0.000E+00
  0.000E+00  0.000E+00  0.000E+00  0.000E+00  0.000E+00  0.000E+00  0.000E+00  0.000E+00  0.000E+00  0.000E+00
  0.000E+00  0.000E+00  0.000E+00  0.000E+00  0.000E+00  0.000E+00  0.000E+00  0.000E+00  0.000E+00  0.000E+00
  0.000E+00  0.000E+00  0.000E+00  0.000E+00  0.000E+00  0.000E+00  0.000E+00  0.000E+00  0.000E+00  0.000E+00
  0.000E+00  0.000E+00  0.000E+00  0.000E+00  0.000E+00  0.000E+00  0.000E+00  0.000E+00  0.000E+00  0.000E+00
  0.000E+00  0.000E+00  0.000E+00  0.000E+00  0.000E+00  0.000E+00  0.000E+00  0.000E+00  0.000E+00  0.000E+00
  0.000E+00  0.000E+00  0.000E+00  0.000E+00  0.000E+00  0.000E+00  0.000E+00  0.000E+00  0.000E+00  0.000E+00
  0.000E+00  0.000E+00  0.000E+00  0.000E+00  0.000E+00  0.000E+00  0.000E+00  0.000E+00  0.000E+00  0.000E+00
  0.000E+00  0.000E+00  0.000E+00  0.000E+00  0.000E+00  0.000E+00  0.000E+00  0.000E+00  0.000E+00  0.000E+00
  0.000E+00  0.000E+00  0.000E+00  0.000E+00  0.000E+00  0.000E+00  0.000E+00  0.000E+00  0.000E+00  0.000E+00
  0.000E+00  0.000E+00  0.000E+00  0.000E+00  0.000E+00  0.000E+00  0.000E+00  0.000E+00  0.000E+00  0.000E+00
  0.000E+00  0.000E+00  0.000E+00  0.000E+00  0.000E+00  0.000E+00  0.000E+00  0.000E+00  0.000E+00  0.000E+00
  0.000E+00  0.000E+00  0.000E+00  0.000E+00  0.000E+00  0.000E+00  0.000E+00  0.000E+00  0.000E+00  0.000E+00
  0.000E+00  0.000E+00  0.000E+00  0.000E+00  0.000E+00  0.000E+00  0.000E+00  0.000E+00  0.000E+00  0.000E+00
  0.000E+00  0.000E+00  0.000E+00  0.000E+00  0.000E+00  0.000E+00  0.000E+00  0.000E+00  0.000E+00  0.000E+00
  0.000E+00  0.000E+00  0.000E+00  0.000E+00  0.000E+00  0.000E+00  0.000E+00  0.000E+00  0.000E+00  0.000E+00
  0.000E+00  0.000E+00  0.000E+00  0.000E+00  0.000E+00  0.000E+00  0.000E+00  0.000E+00  0.000E+00  0.000E+00
  0.000E+00  0.000E+00  0.000E+00  0.000E+00  0.000E+00  0.000E+00  0.000E+00  0.000E+00  0.000E+00  0.000E+00
  0.000E+00  0.000E+00  0.000E+00  0.000E+00  0.000E+00  0.000E+00  0.000E+00  0.000E+00  0.000E+00  0.000E+00
  0.000E+00  0.000E+00  0.000E+00  0.000E+00  0.000E+00  0.000E+00  0.000E+00  0.000E+00  0.000E+00  0.000E+00
  0.000E+00  0.000E+00  0.000E+00  0.000E+00  0.000E+00  0.000E+00  0.000E+00  0.000E+00  0.000E+00  0.000E+00
  0.000E+00  0.000E+00  0.000E+00  0.000E+00  0.000E+00  0.000E+00  0.000E+00  0.000E+00  0.000E+00  0.000E+00
  0.000E+00  0.000E+00  0.000E+00  0.000E+00  0.000E+00  0.000E+00  0.000E+00  0.000E+00  0.000E+00  0.000E+00
  0.000E+00  0.000E+00  0.000E+00  0.000E+00  0.000E+00  0.000E+00  0.000E+00  0.000E+00  0.000E+00  0.000E+00
  0.000E+00  0.000E+00  0.000E+00  0.000E+00  0.000E+00  0.000E+00  0.000E+00  0.000E+00  0.000E+00  0.000E+00
  0.000E+00  0.000E+00  0.000E+00  0.000E+00  0.000E+00  0.000E+00  0.000E+00  0.000E+00  0.000E+00  0.000E+00
  0.000E+00  0.000E+00  0.000E+00  0.000E+00  0.000E+00  0.000E+00  0.000E+00  0.000E+00  0.000E+00  0.000E+00
  0.000E+00  0.000E+00  0.000E+00  0.000E+00  0.000E+00  0.000E+00  0.000E+00  0.000E+00  0.000E+00  0.000E+00
  0.000E+00  0.000E+00  0.000E+00  0.000E+00  0.000E+00  0.000E+00  0.000E+00  0.000E+00  0.000E+00  0.000E+00
  0.000E+00  0.000E+00  0.000E+00  0.000E+00  0.000E+00  0.000E+00  0.000E+00  0.000E+00  0.000E+00  0.000E+00
  0.000E+00  0.000E+00  0.000E+00  0.000E+00  0.000E+00  0.000E+00  0.000E+00  0.000E+00  0.000E+00  0.000E+00
  0.000E+00  0.000E+00  0.000E+00  0.000E+00  0.000E+00  0.000E+00  0.000E+00  0.000E+00  0.000E+00  0.000E+00
  0.000E+00  0.000E+00  0.000E+00  0.000E+00  0.000E+00  0.000E+00  0.000E+00  0.000E+00  0.000E+00  0.000E+00
  0.000E+00  0.000E+00  0.000E+00  0.000E+00  0.000E+00  0.000E+00  0.000E+00  0.000E+00  0.000E+00  0.000E+00
  0.000E+00  0.000E+00  0.000E+00  0.000E+00  0.000E+00  0.000E+00  0.000E+00  0.000E+00  0.000E+00  0.000E+00
  0.000E+00  0.000E+00  0.000E+00  0.000E+00  0.000E+00  0.000E+00  0.000E+00  0.000E+00  0.000E+00  0.000E+00
  0.000E+00  0.000E+00  0.000E+00  0.000E+00  0.000E+00  0.000E+00  0.000E+00  0.000E+00  0.000E+00  0.000E+00
  0.000E+00  0.000E+00  0.000E+00  0.000E+00  0.000E+00  0.000E+00  0.000E+00  0.000E+00  0.000E+00  0.000E+00
  0.000E+00  0.000E+00  0.000E+00  0.000E+00  0.000E+00  0.000E+00  0.000E+00  0.000E+00  0.000E+00  0.000E+00
  0.000E+00  0.000E+00  0.000E+00  0.000E+00  0.000E+00  0.000E+00  0.000E+00  0.000E+00  0.000E+00  0.000E+00
  0.000E+00  0.000E+00  0.000E+00  0.000E+00  0.000E+00  0.000E+00  0.000E+00  0.000E+00  0.000E+00  0.000E+00
  0.000E+00  0.000E+00  0.000E+00  0.000E+00  0.000E+00  0.000E+00  0.000E+00  0.000E+00  0.000E+00  0.000E+00
  0.000E+00  0.000E+00  0.000E+00  0.000E+00  0.000E+00  0.000E+00  0.000E+00  0.000E+00  0.000E+00  0.000E+00
  0.000E+00  0.000E+00  0.000E+00  0.000E+00  0.000E+00  0.000E+00  0.000E+00  0.000E+00  0.000E+00  0.000E+00
  0.000E+00  0.000E+00  0.000E+00  0.000E+00  0.000E+00  0.000E+00  0.000E+00  0.000E+00  0.000E+00  0.000E+00
  0.000E+00  0.000E+00  0.000E+00  0.000E+00  0.000E+00  0.000E+00  0.000E+00  0.000E+00  0.000E+00  0.000E+00
  0.000E+00  0.000E+00  0.000E+00  0.000E+00  0.000E+00  0.000E+00  0.000E+00  0.000E+00  0.000E+00  0.000E+00
  0.000E+00  0.000E+00  0.000E+00  0.000E+00  0.000E+00  0.000E+00  0.000E+00  0.000E+00  0.000E+00  0.000E+00
  0.000E+00  0.000E+00  0.000E+00  0.000E+00  0.000E+00  0.000E+00  0.000E+00  0.000E+00  0.000E+00  0.000E+00
  0.000E+00  0.000E+00  0.000E+00  0.000E+00  0.000E+00  0.000E+00  0.000E+00  0.000E+00  0.000E+00  0.000E+00
  0.000E+00  0.000E+00  0.000E+00  0.000E+00  0.000E+00  0.000E+00  0.000E+00  0.000E+00  0.000E+00  0.000E+00
  0.000E+00  0.000E+00  0.000E+00  0.000E+00  0.000E+00  0.000E+00  0.000E+00  0.000E+00  0.000E+00  0.000E+00
  0.000E+00  0.000E+00  0.000E+00  0.000E+00  0.000E+00  0.000E+00  0.000E+00  0.000E+00  0.000E+00  0.000E+00
  0.000E+00  0.000E+00  0.000E+00  0.000E+00  0.000E+00  0.000E+00  0.000E+00  0.000E+00  0.000E+00  0.000E+00
  0.000E+00  0.000E+00  0.000E+00  0.000E+00  0.000E+00  0.000E+00  0.000E+00  0.000E+00  0.000E+00  0.000E+00
  0.000E+00  0.000E+00  0.000E+00  0.000E+00  0.000E+00  0.000E+00  0.000E+00  0.000E+00  0.000E+00  0.000E+00
  0.000E+00  0.000E+00  0.000E+00  0.000E+00  0.000E+00  0.000E+00  0.000E+00  0.000E+00  0.000E+00  0.000E+00
  0.000E+00  0.000E+00  0.000E+00  0.000E+00  0.000E+00  0.000E+00  0.000E+00  0.000E+00  0.000E+00  0.000E+00
  0.000E+00  0.000E+00  0.000E+00  0.000E+00  0.000E+00  0.000E+00  0.000E+00  0.000E+00  0.000E+00  0.000E+00
  0.000E+00  0.000E+00  0.000E+00  0.000E+00  0.000E+00  0.000E+00  0.000E+00  0.000E+00  0.000E+00  0.000E+00
  0.000E+00  0.000E+00  0.000E+00  0.000E+00  0.000E+00  0.000E+00  0.000E+00  0.000E+00  0.000E+00  0.000E+00
  0.000E+00  0.000E+00  0.000E+00  0.000E+00  0.000E+00  0.000E+00  0.000E+00  0.000E+00  0.000E+00  0.000E+00
  0.000E+00  0.000E+00  0.000E+00  0.000E+00  0.000E+00  0.000E+00  0.000E+00  0.000E+00  0.000E+00  0.000E+00
  0.000E+00  0.000E+00  0.000E+00  0.000E+00  0.000E+00  0.000E+00  0.000E+00  0.000E+00  0.000E+00  0.000E+00
  0.000E+00  0.000E+00  0.000E+00  0.000E+00  0.000E+00  0.000E+00  0.000E+00  0.000E+00  0.000E+00  0.000E+00
  0.000E+00  0.000E+00  0.000E+00  0.000E+00  0.000E+00  0.000E+00  0.000E+00  0.000E+00  0.000E+00  0.000E+00
  0.000E+00  0.000E+00  0.000E+00  0.000E+00  0.000E+00  0.000E+00  0.000E+00  0.000E+00  0.000E+00  0.000E+00
  0.000E+00  0.000E+00  0.000E+00  0.000E+00  0.000E+00  0.000E+00  0.000E+00  0.000E+00  0.000E+00  0.000E+00
  0.000E+00  0.000E+00  0.000E+00  0.000E+00  0.000E+00  0.000E+00  0.000E+00  0.000E+00  0.000E+00  0.000E+00
  0.000E+00  0.000E+00  0.000E+00  0.000E+00  0.000E+00  0.000E+00  0.000E+00  0.000E+00  0.000E+00  0.000E+00
  0.000E+00  0.000E+00  0.000E+00  0.000E+00  0.000E+00  0.000E+00  0.000E+00  0.000E+00  0.000E+00  0.000E+00
  0.000E+00  0.000E+00  0.000E+00  0.000E+00  0.000E+00  0.000E+00  0.000E+00  0.000E+00  0.000E+00  0.000E+00
  0.000E+00  0.000E+00  0.000E+00  0.000E+00  0.000E+00  0.000E+00  0.000E+00  0.000E+00  0.000E+00  0.000E+00
  0.000E+00  0.000E+00  0.000E+00  0.000E+00  0.000E+00  0.000E+00  0.000E+00  0.000E+00  0.000E+00  0.000E+00
  0.000E+00  0.000E+00  0.000E+00  0.000E+00  0.000E+00  0.000E+00  0.000E+00  0.000E+00  0.000E+00  0.000E+00
  0.000E+00  0.000E+00  0.000E+00  0.000E+00  0.000E+00  0.000E+00  0.000E+00  0.000E+00  0.000E+00  0.000E+00
  0.000E+00  0.000E+00  0.000E+00  0.000E+00  0.000E+00  0.000E+00  0.000E+00  0.000E+00  0.000E+00  0.000E+00
  0.000E+00  0.000E+00  0.000E+00  0.000E+00  0.000E+00  0.000E+00  0.000E+00  0.000E+00  0.000E+00  0.000E+00
  0.000E+00  0.000E+00  0.000E+00  0.000E+00  0.000E+00  0.000E+00  0.000E+00  0.000E+00  0.000E+00  0.000E+00
  0.000E+00  0.000E+00  0.000E+00  0.000E+00  0.000E+00  0.000E+00  0.000E+00  0.000E+00  0.000E+00  0.000E+00
  0.000E+00  0.000E+00  0.000E+00  0.000E+00  0.000E+00  0.000E+00  0.000E+00  0.000E+00  0.000E+00  0.000E+00
  0.000E+00  0.000E+00  0.000E+00  0.000E+00  0.000E+00  0.000E+00  0.000E+00  0.000E+00  0.000E+00  0.000E+00
  0.000E+00  0.000E+00  0.000E+00  0.000E+00  0.000E+00  0.000E+00  0.000E+00  0.000E+00  0.000E+00  0.000E+00
  0.000E+00  0.000E+00  0.000E+00  0.000E+00  0.000E+00  0.000E+00  0.000E+00  0.000E+00  0.000E+00  0.000E+00
  0.000E+00  0.000E+00  0.000E+00  0.000E+00  0.000E+00  0.000E+00  0.000E+00  0.000E+00  0.000E+00  0.000E+00
  0.000E+00  0.000E+00  0.000E+00  0.000E+00  0.000E+00  0.000E+00  0.000E+00  0.000E+00  0.000E+00  0.000E+00
  0.000E+00  0.000E+00  0.000E+00  0.000E+00  0.000E+00  0.000E+00  0.000E+00  0.000E+00  0.000E+00  0.000E+00
  0.000E+00  0.000E+00  0.000E+00  0.000E+00  0.000E+00  0.000E+00  0.000E+00  0.000E+00  0.000E+00  0.000E+00
  0.000E+00  0.000E+00  0.000E+00  0.000E+00  0.000E+00  0.000E+00  0.000E+00  0.000E+00  0.000E+00  0.000E+00
  0.000E+00  0.000E+00  0.000E+00  0.000E+00  0.000E+00  0.000E+00  0.000E+00  0.000E+00  0.000E+00  0.000E+00
  0.000E+00  0.000E+00  0.000E+00  0.000E+00  0.000E+00  0.000E+00  0.000E+00  0.000E+00  0.000E+00  0.000E+00
  0.000E+00  0.000E+00  0.000E+00  0.000E+00  0.000E+00  0.000E+00  0.000E+00  0.000E+00  0.000E+00  0.000E+00
  0.000E+00  0.000E+00  0.000E+00  0.000E+00  0.000E+00  0.000E+00  0.000E+00  0.000E+00  0.000E+00  0.000E+00
  0.000E+00  0.000E+00  0.000E+00  0.000E+00  0.000E+00  0.000E+00  0.000E+00  0.000E+00  0.000E+00  0.000E+00
  0.000E+00  0.000E+00  0.000E+00  0.000E+00  0.000E+00  0.000E+00  0.000E+00  0.000E+00  0.000E+00  0.000E+00
  0.000E+00  0.000E+00  0.000E+00  0.000E+00  0.000E+00  0.000E+00  0.000E+00  0.000E+00  0.000E+00  0.000E+00
  0.000E+00  0.000E+00  0.000E+00  0.000E+00  0.000E+00  0.000E+00  0.000E+00  0.000E+00  0.000E+00  0.000E+00
  0.000E+00  0.000E+00  0.000E+00  0.000E+00  0.000E+00  0.000E+00  0.000E+00  0.000E+00  0.000E+00  0.000E+00
  0.000E+00  0.000E+00  0.000E+00  0.000E+00  0.000E+00  0.000E+00  0.000E+00  0.000E+00  0.000E+00  0.000E+00
  0.000E+00  0.000E+00  0.000E+00  0.000E+00  0.000E+00  0.000E+00  0.000E+00  0.000E+00  0.000E+00  0.000E+00
  0.000E+00  0.000E+00  0.000E+00  0.000E+00  0.000E+00  0.000E+00  0.000E+00  0.000E+00  0.000E+00  0.000E+00
  0.000E+00  0.000E+00  0.000E+00  0.000E+00  0.000E+00  0.000E+00  0.000E+00  0.000E+00  0.000E+00  0.000E+00
  0.000E+00  0.000E+00  0.000E+00  0.000E+00  0.000E+00  0.000E+00  0.000E+00  0.000E+00  0.000E+00  0.000E+00
  0.000E+00  0.000E+00  0.000E+00  0.000E+00  0.000E+00  0.000E+00  0.000E+00  0.000E+00  0.000E+00  0.000E+00
  0.000E+00  0.000E+00  0.000E+00  0.000E+00  0.000E+00  0.000E+00  0.000E+00  0.000E+00  0.000E+00  0.000E+00
  0.000E+00  0.000E+00  0.000E+00  0.000E+00  0.000E+00  0.000E+00  0.000E+00  0.000E+00  0.000E+00  0.000E+00
  0.000E+00  0.000E+00  0.000E+00  0.000E+00  0.000E+00  0.000E+00  0.000E+00  0.000E+00  0.000E+00  0.000E+00
  0.000E+00  0.000E+00  0.000E+00  0.000E+00  0.000E+00  0.000E+00  0.000E+00  0.000E+00  0.000E+00  0.000E+00
  0.000E+00  0.000E+00  0.000E+00  0.000E+00  0.000E+00  0.000E+00  0.000E+00  0.000E+00  0.000E+00  0.000E+00
  0.000E+00  0.000E+00  0.000E+00  0.000E+00  0.000E+00  0.000E+00  0.000E+00  0.000E+00  0.000E+00  0.000E+00
  0.000E+00  0.000E+00  0.000E+00  0.000E+00  0.000E+00  0.000E+00  0.000E+00  0.000E+00  0.000E+00  0.000E+00
  0.000E+00  0.000E+00  0.000E+00  0.000E+00  0.000E+00  0.000E+00  0.000E+00  0.000E+00  0.000E+00  0.000E+00
  0.000E+00  0.000E+00  0.000E+00  0.000E+00  0.000E+00  0.000E+00  0.000E+00  0.000E+00  0.000E+00  0.000E+00
  0.000E+00  0.000E+00  0.000E+00  0.000E+00  0.000E+00  0.000E+00  0.000E+00  0.000E+00  0.000E+00  0.000E+00
  0.000E+00  0.000E+00  0.000E+00  0.000E+00  0.000E+00  0.000E+00  0.000E+00  0.000E+00  0.000E+00  0.000E+00
  0.000E+00  0.000E+00  0.000E+00  0.000E+00  0.000E+00  0.000E+00  0.000E+00  0.000E+00  0.000E+00  0.000E+00
  0.000E+00  0.000E+00  0.000E+00  0.000E+00  0.000E+00  0.000E+00  0.000E+00  0.000E+00  0.000E+00  0.000E+00
  0.000E+00  0.000E+00  0.000E+00  0.000E+00  0.000E+00  0.000E+00  0.000E+00  0.000E+00  0.000E+00  0.000E+00
  0.000E+00  0.000E+00  0.000E+00  0.000E+00  0.000E+00  0.000E+00  0.000E+00  0.000E+00  0.000E+00  0.000E+00
  0.000E+00  0.000E+00  0.000E+00  0.000E+00  0.000E+00  0.000E+00  0.000E+00  0.000E+00  0.000E+00  0.000E+00
  0.000E+00  0.000E+00  0.000E+00  0.000E+00  0.000E+00  0.000E+00  0.000E+00  0.000E+00  0.000E+00  0.000E+00
  0.000E+00  0.000E+00  0.000E+00  0.000E+00  0.000E+00  0.000E+00  0.000E+00  0.000E+00  0.000E+00  0.000E+00
  0.000E+00  0.000E+00  0.000E+00  0.000E+00  0.000E+00  0.000E+00  0.000E+00  0.000E+00  0.000E+00  0.000E+00
  0.000E+00  0.000E+00  0.000E+00  0.000E+00  0.000E+00  0.000E+00  0.000E+00  0.000E+00  0.000E+00  0.000E+00
  0.000E+00  0.000E+00  0.000E+00  0.000E+00  0.000E+00  0.000E+00  0.000E+00  0.000E+00  0.000E+00  0.000E+00
  0.000E+00  0.000E+00  0.000E+00  0.000E+00  0.000E+00  0.000E+00  0.000E+00  0.000E+00  0.000E+00  0.000E+00
  0.000E+00  0.000E+00  0.000E+00  0.000E+00  0.000E+00  0.000E+00  0.000E+00  0.000E+00  0.000E+00  0.000E+00
  0.000E+00  0.000E+00  0.000E+00  0.000E+00  0.000E+00  0.000E+00  0.000E+00  0.000E+00  0.000E+00  0.000E+00
  0.000E+00  0.000E+00  0.000E+00  0.000E+00  0.000E+00  0.000E+00  0.000E+00  0.000E+00  0.000E+00  0.000E+00
  0.000E+00  0.000E+00  0.000E+00  0.000E+00  0.000E+00  0.000E+00  0.000E+00  0.000E+00  0.000E+00  0.000E+00
  0.000E+00  0.000E+00  0.000E+00  0.000E+00  0.000E+00  0.000E+00  0.000E+00  0.000E+00  0.000E+00  0.000E+00
  0.000E+00  0.000E+00  0.000E+00  0.000E+00  0.000E+00  0.000E+00  0.000E+00  0.000E+00  0.000E+00  0.000E+00
  0.000E+00  0.000E+00  0.000E+00  0.000E+00  0.000E+00  0.000E+00  0.000E+00  0.000E+00  0.000E+00  0.000E+00
  0.000E+00  0.000E+00  0.000E+00  0.000E+00  0.000E+00  0.000E+00  0.000E+00  0.000E+00  0.000E+00  0.000E+00
  0.000E+00  0.000E+00  0.000E+00  0.000E+00  0.000E+00  0.000E+00  0.000E+00  0.000E+00  0.000E+00  0.000E+00
  0.000E+00  0.000E+00  0.000E+00  0.000E+00  0.000E+00  0.000E+00  0.000E+00  0.000E+00  0.000E+00  0.000E+00
  0.000E+00  0.000E+00  0.000E+00  0.000E+00  0.000E+00  0.000E+00  0.000E+00  0.000E+00  0.000E+00  0.000E+00
  0.000E+00  0.000E+00  0.000E+00  0.000E+00  0.000E+00  0.000E+00  0.000E+00  0.000E+00  0.000E+00  0.000E+00
  0.000E+00  0.000E+00  0.000E+00  0.000E+00  0.000E+00  0.000E+00  0.000E+00  0.000E+00  0.000E+00  0.000E+00
  0.000E+00  0.000E+00  0.000E+00  0.000E+00  0.000E+00  0.000E+00  0.000E+00  0.000E+00  0.000E+00  0.000E+00
  0.000E+00  0.000E+00  0.000E+00  0.000E+00  0.000E+00  0.000E+00  0.000E+00  0.000E+00  0.000E+00  0.000E+00
  0.000E+00  0.000E+00  0.000E+00  0.000E+00  0.000E+00  0.000E+00  0.000E+00  0.000E+00  0.000E+00  0.000E+00
  0.000E+00  0.000E+00  0.000E+00  0.000E+00  0.000E+00  0.000E+00  0.000E+00  0.000E+00  0.000E+00  0.000E+00
  0.000E+00  0.000E+00  0.000E+00  0.000E+00  0.000E+00  0.000E+00  0.000E+00  0.000E+00  0.000E+00  0.000E+00
  0.000E+00  0.000E+00  0.000E+00  0.000E+00  0.000E+00  0.000E+00  0.000E+00  0.000E+00  0.000E+00  0.000E+00
  0.000E+00  0.000E+00  0.000E+00  0.000E+00  0.000E+00  0.000E+00  0.000E+00  0.000E+00  0.000E+00  0.000E+00

#------------------------------------------------------------------------------
# gshow
#------------------------------------------------------------------------------

p: legs[c5*0.875]

w:4/ x(   0.5095041E+01) y(  -0.1485802E+02) ix(2) iy(2) s(   0.7000E+00)

hb:   line clip z  
clip:
  0.000000E+00 -1.999388E+01
  1.239669E-02 -2.000000E+01
  3.091521E-02 -2.000000E+01
  5.206612E-01 -2.000000E+01
  5.391797E-01 -2.000000E+01
  1.028926E+00 -2.000000E+01
  1.047444E+00 -2.000000E+01
  1.537190E+00 -2.000000E+01
  1.555709E+00 -2.000000E+01
  2.045455E+00 -2.000000E+01
  2.063973E+00 -2.000000E+01
  2.553719E+00 -2.000000E+01
  2.572238E+00 -2.000000E+01
  3.061983E+00 -2.000000E+01
  3.080502E+00 -2.000000E+01
  3.570248E+00 -2.000000E+01
  3.588766E+00 -2.000000E+01
  4.078512E+00 -2.000000E+01
  4.097031E+00 -2.000000E+01
  4.586777E+00 -2.000000E+01
  4.605295E+00 -2.000000E+01
  5.095041E+00 -2.000000E+01
  5.113560E+00 -2.000000E+01
  5.603306E+00 -2.000000E+01
  5.621824E+00 -2.000000E+01
  6.111570E+00 -2.000000E+01
  6.130089E+00 -2.000000E+01
  6.619835E+00 -2.000000E+01
  6.638353E+00 -2.000000E+01
  7.128099E+00 -2.000000E+01
  7.146618E+00 -2.000000E+01
  7.636364E+00 -2.000000E+01
  7.654882E+00 -2.000000E+01
  8.144628E+00 -2.000000E+01
  8.163147E+00 -2.000000E+01
  8.652893E+00 -2.000000E+01
  8.671411E+00 -2.000000E+01
  9.161157E+00 -2.000000E+01
  9.179676E+00 -2.000000E+01
  9.669421E+00 -2.000000E+01
  9.687940E+00 -2.000000E+01
  1.017769E+01 -2.000000E+01
  1.019620E+01 -2.000000E+01
  1.068595E+01 -2.000000E+01
  1.070447E+01 -2.000000E+01
  1.119421E+01 -2.000000E+01
  1.121273E+01 -2.000000E+01
  1.170248E+01 -2.000000E+01
  1.172100E+01 -2.000000E+01
  1.221074E+01 -2.000000E+01
  1.222926E+01 -2.000000E+01
  1.271901E+01 -2.000000E+01
  1.273753E+01 -2.000000E+01
  1.322727E+01 -2.000000E+01
  1.324579E+01 -2.000000E+01
  1.373554E+01 -2.000000E+01
  1.375406E+01 -2.000000E+01
  1.424380E+01 -2.000000E+01
  1.426232E+01 -2.000000E+01
  1.475207E+01 -2.000000E+01
  1.477058E+01 -2.000000E+01
  1.526033E+01 -2.000000E+01
  1.527885E+01 -2.000000E+01
  1.576860E+01 -2.000000E+01
  1.578711E+01 -2.000000E+01
  1.627686E+01 -2.000000E+01
  1.629538E+01 -2.000000E+01
  1.678512E+01 -2.000000E+01
  1.680364E+01 -2.000000E+01
  1.729339E+01 -2.000000E+01
  1.731191E+01 -2.000000E+01
  1.780165E+01 -2.000000E+01
  1.782017E+01 -2.000000E+01
  1.830992E+01 -2.000000E+01
  1.832844E+01 -2.000000E+01
  1.881818E+01 -2.000000E+01
  1.883670E+01 -2.000000E+01
  1.932645E+01 -2.000000E+01
  1.934496E+01 -2.000000E+01
  1.983471E+01 -2.000000E+01
  1.985323E+01 -2.000000E+01
  2.034298E+01 -2.000000E+01
  2.036149E+01 -2.000000E+01
  2.085124E+01 -2.000000E+01
  2.086976E+01 -2.000000E+01
  2.135950E+01 -2.000000E+01
  2.137802E+01 -2.000000E+01
  2.186777E+01 -2.000000E+01
  2.188629E+01 -2.000000E+01
  2.237603E+01 -2.000000E+01
  2.239455E+01 -2.000000E+01
  2.288430E+01 -2.000000E+01
  2.290282E+01 -2.000000E+01
  2.339256E+01 -2.000000E+01
  2.341108E+01 -2.000000E+01
  2.390083E+01 -2.000000E+01
  2.391934E+01 -2.000000E+01
  2.440909E+01 -2.000000E+01
  2.442761E+01 -2.000000E+01
  2.491736E+01 -2.000000E+01
  2.493587E+01 -2.000000E+01
  2.542562E+01 -2.000000E+01
  2.544414E+01 -2.000000E+01
  2.593388E+01 -2.000000E+01
  2.595240E+01 -2.000000E+01
  2.644215E+01 -2.000000E+01
  2.646067E+01 -2.000000E+01
  2.695041E+01 -2.000000E+01
  2.696893E+01 -2.000000E+01
  2.745868E+01 -2.000000E+01
  2.747720E+01 -2.000000E+01
  2.796694E+01 -2.000000E+01
  2.798546E+01 -2.000000E+01
  2.847521E+01 -2.000000E+01
  2.849373E+01 -2.000000E+01
  2.898347E+01 -2.000000E+01
  2.900199E+01 -2.000000E+01
  2.949174E+01 -2.000000E+01
  2.951025E+01 -2.000000E+01
  3.000000E+01 -2.000000E+01
  3.001852E+01 -2.000000E+01
  3.050826E+01 -2.000000E+01
  3.052678E+01 -2.000000E+01
  3.101653E+01 -2.000000E+01
  3.103505E+01 -2.000000E+01
  3.152479E+01 -2.000000E+01
  3.154331E+01 -2.000000E+01
  3.203306E+01 -2.000000E+01
  3.205158E+01 -2.000000E+01
  3.254132E+01 -2.000000E+01
  3.255984E+01 -2.000000E+01
  3.304959E+01 -2.000000E+01
  3.306811E+01 -2.000000E+01
  3.355785E+01 -2.000000E+01
  3.357637E+01 -2.000000E+01
  3.406612E+01 -2.000000E+01
  3.408463E+01 -2.000000E+01
  3.457438E+01 -2.000000E+01
  3.459290E+01 -2.000000E+01
  3.508264E+01 -2.000000E+01
  3.510116E+01 -2.000000E+01
  3.559091E+01 -2.000000E+01
  3.560943E+01 -2.000000E+01
  3.609917E+01 -2.000000E+01
  3.611769E+01 -2.000000E+01
  3.660744E+01 -2.000000E+01
  3.662596E+01 -2.000000E+01
  3.711570E+01 -2.000000E+01
  3.713422E+01 -2.000000E+01
  3.762397E+01 -2.000000E+01
  3.764249E+01 -2.000000E+01
  3.813223E+01 -2.000000E+01
  3.815075E+01 -2.000000E+01
  3.864050E+01 -2.000000E+01
  3.865901E+01 -2.000000E+01
  3.914876E+01 -2.000000E+01
  3.916728E+01 -2.000000E+01
  3.965702E+01 -2.000000E+01
  3.967554E+01 -2.000000E+01
  4.016529E+01 -2.000000E+01
  4.018381E+01 -2.000000E+01
  4.067355E+01 -2.000000E+01
  4.069207E+01 -2.000000E+01
  4.118182E+01 -2.000000E+01
  4.120034E+01 -2.000000E+01
  4.169008E+01 -2.000000E+01
  4.170860E+01 -2.000000E+01
  4.219835E+01 -2.000000E+01
  4.221687E+01 -2.000000E+01
  4.270661E+01 -2.000000E+01
  4.272513E+01 -2.000000E+01
  4.321488E+01 -2.000000E+01
  4.323339E+01 -2.000000E+01
  4.372314E+01 -2.000000E+01
  4.374166E+01 -2.000000E+01
  4.423140E+01 -2.000000E+01
  4.424992E+01 -2.000000E+01
  4.473967E+01 -2.000000E+01
  4.475819E+01 -2.000000E+01
  4.524793E+01 -2.000000E+01
  4.526645E+01 -2.000000E+01
  4.575620E+01 -2.000000E+01
  4.577472E+01 -2.000000E+01
  4.626446E+01 -2.000000E+01
  4.628298E+01 -2.000000E+01
  4.677273E+01 -2.000000E+01
  4.679125E+01 -2.000000E+01
  4.728099E+01 -2.000000E+01
  4.729951E+01 -2.000000E+01
  4.778926E+01 -2.000000E+01
  4.780777E+01 -2.000000E+01
  4.829752E+01 -2.000000E+01
  4.831604E+01 -2.000000E+01
  4.880579E+01 -2.000000E+01
  4.882430E+01 -2.000000E+01
  4.931405E+01 -2.000000E+01
  4.933257E+01 -2.000000E+01
  4.982231E+01 -2.000000E+01
  4.984083E+01 -2.000000E+01
  5.033058E+01 -2.000000E+01
  5.034910E+01 -2.000000E+01
  5.083884E+01 -2.000000E+01
  5.085736E+01 -2.000000E+01
  5.134711E+01 -2.000000E+01
  5.136563E+01 -2.000000E+01
  5.185537E+01 -2.000000E+01
  5.187389E+01 -2.000000E+01
  5.236364E+01 -2.000000E+01
  5.238215E+01 -2.000000E+01
  5.287190E+01 -2.000000E+01
  5.289042E+01 -2.000000E+01
  5.338017E+01 -2.000000E+01
  5.339868E+01 -2.000000E+01
  5.388843E+01 -2.000000E+01
  5.390695E+01 -2.000000E+01
  5.439669E+01 -2.000000E+01
  5.441521E+01 -2.000000E+01
  5.490496E+01 -2.000000E+01
  5.492348E+01 -2.000000E+01
  5.541322E+01 -2.000000E+01
  5.543174E+01 -2.000000E+01
  5.592149E+01 -2.000000E+01
  5.594001E+01 -2.000000E+01
  5.642975E+01 -2.000000E+01
  5.644827E+01 -2.000000E+01
  5.693802E+01 -2.000000E+01
  5.695654E+01 -2.000000E+01
  5.744628E+01 -2.000000E+01
  5.746480E+01 -2.000000E+01
  5.795455E+01 -2.000000E+01
  5.797306E+01 -2.000000E+01
  5.846281E+01 -2.000000E+01
  5.848133E+01 -2.000000E+01
  5.897107E+01 -2.000000E+01
  5.898959E+01 -2.000000E+01
  5.947934E+01 -2.000000E+01
  5.949786E+01 -2.000000E+01
  5.998760E+01 -2.000000E+01
  6.000000E+01 -1.999388E+01
  6.000000E+01 -1.998148E+01
  6.000000E+01 -1.996908E+01
  6.000000E+01 -1.946914E+01
  6.000000E+01 -1.945674E+01
  6.000000E+01 -1.895679E+01
  6.000000E+01 -1.894439E+01
  6.000000E+01 -1.844444E+01
  6.000000E+01 -1.843205E+01
  6.000000E+01 -1.793210E+01
  6.000000E+01 -1.791970E+01
  6.000000E+01 -1.741975E+01
  6.000000E+01 -1.740736E+01
  6.000000E+01 -1.690741E+01
  6.000000E+01 -1.689501E+01
  6.000000E+01 -1.639506E+01
  6.000000E+01 -1.638267E+01
  6.000000E+01 -1.588272E+01
  6.000000E+01 -1.587032E+01
  6.000000E+01 -1.537037E+01
  6.000000E+01 -1.535797E+01
  6.000000E+01 -1.485802E+01
  6.000000E+01 -1.484563E+01
  6.000000E+01 -1.434568E+01
  6.000000E+01 -1.433328E+01
  6.000000E+01 -1.383333E+01
  6.000000E+01 -1.382094E+01
  6.000000E+01 -1.332099E+01
  6.000000E+01 -1.330859E+01
  6.000000E+01 -1.280864E+01
  6.000000E+01 -1.279625E+01
  6.000000E+01 -1.229630E+01
  6.000000E+01 -1.228390E+01
  6.000000E+01 -1.178395E+01
  6.000000E+01 -1.177155E+01
  6.000000E+01 -1.127160E+01
  6.000000E+01 -1.125921E+01
  6.000000E+01 -1.075926E+01
  6.000000E+01 -1.074686E+01
  6.000000E+01 -1.024691E+01
  6.000000E+01 -1.023452E+01
  6.000000E+01 -9.734568E+00
  6.000000E+01 -9.722171E+00
  6.000000E+01 -9.222222E+00
  6.000000E+01 -9.209826E+00
  6.000000E+01 -8.709877E+00
  6.000000E+01 -8.697480E+00
  6.000000E+01 -8.197531E+00
  6.000000E+01 -8.185134E+00
  6.000000E+01 -7.685185E+00
  6.000000E+01 -7.672788E+00
  6.000000E+01 -7.172840E+00
  6.000000E+01 -7.160443E+00
  6.000000E+01 -6.660494E+00
  6.000000E+01 -6.648097E+00
  6.000000E+01 -6.148148E+00
  6.000000E+01 -6.135751E+00
  6.000000E+01 -5.635802E+00
  6.000000E+01 -5.623406E+00
  6.000000E+01 -5.123457E+00
  6.000000E+01 -5.111060E+00
  6.000000E+01 -4.611111E+00
  6.000000E+01 -4.598714E+00
  6.000000E+01 -4.098765E+00
  6.000000E+01 -4.086369E+00
  6.000000E+01 -3.586420E+00
  6.000000E+01 -3.574023E+00
  6.000000E+01 -3.074074E+00
  6.000000E+01 -3.061677E+00
  6.000000E+01 -2.561728E+00
  6.000000E+01 -2.549332E+00
  6.000000E+01 -2.049383E+00
  6.000000E+01 -2.036986E+00
  6.000000E+01 -1.537037E+00
  6.000000E+01 -1.524640E+00
  6.000000E+01 -1.024691E+00
  6.000000E+01 -1.012295E+00
  6.000000E+01 -5.123457E-01
  6.000000E+01 -4.999490E-01
  6.000000E+01  1.234923E-11
  6.000000E+01  1.239669E-02
  6.000000E+01  5.123457E-01
  6.000000E+01  5.247424E-01
  6.000000E+01  1.024691E+00
  6.000000E+01  1.037088E+00
  6.000000E+01  1.537037E+00
  6.000000E+01  1.549434E+00
  6.000000E+01  2.049383E+00
  6.000000E+01  2.061779E+00
  6.000000E+01  2.561728E+00
  6.000000E+01  2.574125E+00
  6.000000E+01  3.074074E+00
  6.000000E+01  3.086471E+00
  6.000000E+01  3.586420E+00
  6.000000E+01  3.598816E+00
  6.000000E+01  4.098765E+00
  6.000000E+01  4.111162E+00
  6.000000E+01  4.611111E+00
  6.000000E+01  4.623508E+00
  6.000000E+01  5.123457E+00
  6.000000E+01  5.135853E+00
  6.000000E+01  5.635802E+00
  6.000000E+01  5.648199E+00
  6.000000E+01  6.148148E+00
  6.000000E+01  6.160545E+00
  6.000000E+01  6.660494E+00
  6.000000E+01  6.672891E+00
  6.000000E+01  7.172840E+00
  6.000000E+01  7.185236E+00
  6.000000E+01  7.685185E+00
  6.000000E+01  7.697582E+00
  6.000000E+01  8.197531E+00
  6.000000E+01  8.209928E+00
  6.000000E+01  8.709877E+00
  6.000000E+01  8.722273E+00
  6.000000E+01  9.222222E+00
  6.000000E+01  9.234619E+00
  6.000000E+01  9.734568E+00
  6.000000E+01  9.746965E+00
  6.000000E+01  1.024691E+01
  6.000000E+01  1.025931E+01
  6.000000E+01  1.075926E+01
  6.000000E+01  1.077166E+01
  6.000000E+01  1.127160E+01
  6.000000E+01  1.128400E+01
  6.000000E+01  1.178395E+01
  6.000000E+01  1.179635E+01
  6.000000E+01  1.229630E+01
  6.000000E+01  1.230869E+01
  6.000000E+01  1.280864E+01
  6.000000E+01  1.282104E+01
  6.000000E+01  1.332099E+01
  6.000000E+01  1.333338E+01
  6.000000E+01  1.383333E+01
  6.000000E+01  1.384573E+01
  6.000000E+01  1.434568E+01
  6.000000E+01  1.435808E+01
  6.000000E+01  1.485802E+01
  6.000000E+01  1.487042E+01
  6.000000E+01  1.537037E+01
  6.000000E+01  1.538277E+01
  6.000000E+01  1.588272E+01
  6.000000E+01  1.589511E+01
  6.000000E+01  1.639506E+01
  6.000000E+01  1.640746E+01
  6.000000E+01  1.690741E+01
  6.000000E+01  1.691980E+01
  6.000000E+01  1.741975E+01
  6.000000E+01  1.743215E+01
  6.000000E+01  1.793210E+01
  6.000000E+01  1.794450E+01
  6.000000E+01  1.844444E+01
  6.000000E+01  1.845684E+01
  6.000000E+01  1.895679E+01
  6.000000E+01  1.896919E+01
  6.000000E+01  1.946914E+01
  6.000000E+01  1.948153E+01
  6.000000E+01  1.998148E+01
  6.000000E+01  1.999388E+01
  5.998760E+01  2.000000E+01
  5.996908E+01  2.000000E+01
  5.947934E+01  2.000000E+01
  5.946082E+01  2.000000E+01
  5.897107E+01  2.000000E+01
  5.895256E+01  2.000000E+01
  5.846281E+01  2.000000E+01
  5.844429E+01  2.000000E+01
  5.795455E+01  2.000000E+01
  5.793603E+01  2.000000E+01
  5.744628E+01  2.000000E+01
  5.742776E+01  2.000000E+01
  5.693802E+01  2.000000E+01
  5.691950E+01  2.000000E+01
  5.642975E+01  2.000000E+01
  5.641123E+01  2.000000E+01
  5.592149E+01  2.000000E+01
  5.590297E+01  2.000000E+01
  5.541322E+01  2.000000E+01
  5.539470E+01  2.000000E+01
  5.490496E+01  2.000000E+01
  5.488644E+01  2.000000E+01
  5.439669E+01  2.000000E+01
  5.437818E+01  2.000000E+01
  5.388843E+01  2.000000E+01
  5.386991E+01  2.000000E+01
  5.338017E+01  2.000000E+01
  5.336165E+01  2.000000E+01
  5.287190E+01  2.000000E+01
  5.285338E+01  2.000000E+01
  5.236364E+01  2.000000E+01
  5.234512E+01  2.000000E+01
  5.185537E+01  2.000000E+01
  5.183685E+01  2.000000E+01
  5.134711E+01  2.000000E+01
  5.132859E+01  2.000000E+01
  5.083884E+01  2.000000E+01
  5.082032E+01  2.000000E+01
  5.033058E+01  2.000000E+01
  5.031206E+01  2.000000E+01
  4.982231E+01  2.000000E+01
  4.980380E+01  2.000000E+01
  4.931405E+01  2.000000E+01
  4.929553E+01  2.000000E+01
  4.880579E+01  2.000000E+01
  4.878727E+01  2.000000E+01
  4.829752E+01  2.000000E+01
  4.827900E+01  2.000000E+01
  4.778926E+01  2.000000E+01
  4.777074E+01  2.000000E+01
  4.728099E+01  2.000000E+01
  4.726247E+01  2.000000E+01
  4.677273E+01  2.000000E+01
  4.675421E+01  2.000000E+01
  4.626446E+01  2.000000E+01
  4.624594E+01  2.000000E+01
  4.575620E+01  2.000000E+01
  4.573768E+01  2.000000E+01
  4.524793E+01  2.000000E+01
  4.522942E+01  2.000000E+01
  4.473967E+01  2.000000E+01
  4.472115E+01  2.000000E+01
  4.423140E+01  2.000000E+01
  4.421289E+01  2.000000E+01
  4.372314E+01  2.000000E+01
  4.370462E+01  2.000000E+01
  4.321488E+01  2.000000E+01
  4.319636E+01  2.000000E+01
  4.270661E+01  2.000000E+01
  4.268809E+01  2.000000E+01
  4.219835E+01  2.000000E+01
  4.217983E+01  2.000000E+01
  4.169008E+01  2.000000E+01
  4.167156E+01  2.000000E+01
  4.118182E+01  2.000000E+01
  4.116330E+01  2.000000E+01
  4.067355E+01  2.000000E+01
  4.065504E+01  2.000000E+01
  4.016529E+01  2.000000E+01
  4.014677E+01  2.000000E+01
  3.965702E+01  2.000000E+01
  3.963851E+01  2.000000E+01
  3.914876E+01  2.000000E+01
  3.913024E+01  2.000000E+01
  3.864050E+01  2.000000E+01
  3.862198E+01  2.000000E+01
  3.813223E+01  2.000000E+01
  3.811371E+01  2.000000E+01
  3.762397E+01  2.000000E+01
  3.760545E+01  2.000000E+01
  3.711570E+01  2.000000E+01
  3.709718E+01  2.000000E+01
  3.660744E+01  2.000000E+01
  3.658892E+01  2.000000E+01
  3.609917E+01  2.000000E+01
  3.608066E+01  2.000000E+01
  3.559091E+01  2.000000E+01
  3.557239E+01  2.000000E+01
  3.508264E+01  2.000000E+01
  3.506413E+01  2.000000E+01
  3.457438E+01  2.000000E+01
  3.455586E+01  2.000000E+01
  3.406612E+01  2.000000E+01
  3.404760E+01  2.000000E+01
  3.355785E+01  2.000000E+01
  3.353933E+01  2.000000E+01
  3.304959E+01  2.000000E+01
  3.303107E+01  2.000000E+01
  3.254132E+01  2.000000E+01
  3.252280E+01  2.000000E+01
  3.203306E+01  2.000000E+01
  3.201454E+01  2.000000E+01
  3.152479E+01  2.000000E+01
  3.150627E+01  2.000000E+01
  3.101653E+01  2.000000E+01
  3.099801E+01  2.000000E+01
  3.050826E+01  2.000000E+01
  3.048975E+01  2.000000E+01
  3.000000E+01  2.000000E+01
  2.998148E+01  2.000000E+01
  2.949174E+01  2.000000E+01
  2.947322E+01  2.000000E+01
  2.898347E+01  2.000000E+01
  2.896495E+01  2.000000E+01
  2.847521E+01  2.000000E+01
  2.845669E+01  2.000000E+01
  2.796694E+01  2.000000E+01
  2.794842E+01  2.000000E+01
  2.745868E+01  2.000000E+01
  2.744016E+01  2.000000E+01
  2.695041E+01  2.000000E+01
  2.693189E+01  2.000000E+01
  2.644215E+01  2.000000E+01
  2.642363E+01  2.000000E+01
  2.593388E+01  2.000000E+01
  2.591537E+01  2.000000E+01
  2.542562E+01  2.000000E+01
  2.540710E+01  2.000000E+01
  2.491736E+01  2.000000E+01
  2.489884E+01  2.000000E+01
  2.440909E+01  2.000000E+01
  2.439057E+01  2.000000E+01
  2.390083E+01  2.000000E+01
  2.388231E+01  2.000000E+01
  2.339256E+01  2.000000E+01
  2.337404E+01  2.000000E+01
  2.288430E+01  2.000000E+01
  2.286578E+01  2.000000E+01
  2.237603E+01  2.000000E+01
  2.235751E+01  2.000000E+01
  2.186777E+01  2.000000E+01
  2.184925E+01  2.000000E+01
  2.135950E+01  2.000000E+01
  2.134099E+01  2.000000E+01
  2.085124E+01  2.000000E+01
  2.083272E+01  2.000000E+01
  2.034298E+01  2.000000E+01
  2.032446E+01  2.000000E+01
  1.983471E+01  2.000000E+01
  1.981619E+01  2.000000E+01
  1.932645E+01  2.000000E+01
  1.930793E+01  2.000000E+01
  1.881818E+01  2.000000E+01
  1.879966E+01  2.000000E+01
  1.830992E+01  2.000000E+01
  1.829140E+01  2.000000E+01
  1.780165E+01  2.000000E+01
  1.778313E+01  2.000000E+01
  1.729339E+01  2.000000E+01
  1.727487E+01  2.000000E+01
  1.678512E+01  2.000000E+01
  1.676661E+01  2.000000E+01
  1.627686E+01  2.000000E+01
  1.625834E+01  2.000000E+01
  1.576860E+01  2.000000E+01
  1.575008E+01  2.000000E+01
  1.526033E+01  2.000000E+01
  1.524181E+01  2.000000E+01
  1.475207E+01  2.000000E+01
  1.473355E+01  2.000000E+01
  1.424380E+01  2.000000E+01
  1.422528E+01  2.000000E+01
  1.373554E+01  2.000000E+01
  1.371702E+01  2.000000E+01
  1.322727E+01  2.000000E+01
  1.320875E+01  2.000000E+01
  1.271901E+01  2.000000E+01
  1.270049E+01  2.000000E+01
  1.221074E+01  2.000000E+01
  1.219223E+01  2.000000E+01
  1.170248E+01  2.000000E+01
  1.168396E+01  2.000000E+01
  1.119421E+01  2.000000E+01
  1.117570E+01  2.000000E+01
  1.068595E+01  2.000000E+01
  1.066743E+01  2.000000E+01
  1.017769E+01  2.000000E+01
  1.015917E+01  2.000000E+01
  9.669421E+00  2.000000E+01
  9.650903E+00  2.000000E+01
  9.161157E+00  2.000000E+01
  9.142639E+00  2.000000E+01
  8.652893E+00  2.000000E+01
  8.634374E+00  2.000000E+01
  8.144628E+00  2.000000E+01
  8.126110E+00  2.000000E+01
  7.636364E+00  2.000000E+01
  7.617845E+00  2.000000E+01
  7.128099E+00  2.000000E+01
  7.109581E+00  2.000000E+01
  6.619835E+00  2.000000E+01
  6.601316E+00  2.000000E+01
  6.111570E+00  2.000000E+01
  6.093052E+00  2.000000E+01
  5.603306E+00  2.000000E+01
  5.584787E+00  2.000000E+01
  5.095041E+00  2.000000E+01
  5.076523E+00  2.000000E+01
  4.586777E+00  2.000000E+01
  4.568258E+00  2.000000E+01
  4.078512E+00  2.000000E+01
  4.059994E+00  2.000000E+01
  3.570248E+00  2.000000E+01
  3.551729E+00  2.000000E+01
  3.061983E+00  2.000000E+01
  3.043465E+00  2.000000E+01
  2.553719E+00  2.000000E+01
  2.535200E+00  2.000000E+01
  2.045455E+00  2.000000E+01
  2.026936E+00  2.000000E+01
  1.537190E+00  2.000000E+01
  1.518672E+00  2.000000E+01
  1.028926E+00  2.000000E+01
  1.010407E+00  2.000000E+01
  5.206612E-01  2.000000E+01
  5.021426E-01  2.000000E+01
  1.239669E-02  2.000000E+01
  0.000000E+00  1.999388E+01
  0.000000E+00  1.998148E+01
  0.000000E+00  1.996908E+01
  0.000000E+00  1.946914E+01
  0.000000E+00  1.945674E+01
  0.000000E+00  1.895679E+01
  0.000000E+00  1.894439E+01
  0.000000E+00  1.844444E+01
  0.000000E+00  1.843205E+01
  0.000000E+00  1.793210E+01
  0.000000E+00  1.791970E+01
  0.000000E+00  1.741975E+01
  0.000000E+00  1.740736E+01
  0.000000E+00  1.690741E+01
  0.000000E+00  1.689501E+01
  0.000000E+00  1.639506E+01
  0.000000E+00  1.638267E+01
  0.000000E+00  1.588272E+01
  0.000000E+00  1.587032E+01
  0.000000E+00  1.537037E+01
  0.000000E+00  1.535797E+01
  0.000000E+00  1.485802E+01
  0.000000E+00  1.484563E+01
  0.000000E+00  1.434568E+01
  0.000000E+00  1.433328E+01
  0.000000E+00  1.383333E+01
  0.000000E+00  1.382094E+01
  0.000000E+00  1.332099E+01
  0.000000E+00  1.330859E+01
  0.000000E+00  1.280864E+01
  0.000000E+00  1.279625E+01
  0.000000E+00  1.229630E+01
  0.000000E+00  1.228390E+01
  0.000000E+00  1.178395E+01
  0.000000E+00  1.177155E+01
  0.000000E+00  1.127160E+01
  0.000000E+00  1.125921E+01
  0.000000E+00  1.075926E+01
  0.000000E+00  1.074686E+01
  0.000000E+00  1.024691E+01
  0.000000E+00  1.023452E+01
  0.000000E+00  9.734568E+00
  0.000000E+00  9.722171E+00
  0.000000E+00  9.222222E+00
  0.000000E+00  9.209826E+00
  0.000000E+00  8.709877E+00
  0.000000E+00  8.697480E+00
  0.000000E+00  8.197531E+00
  0.000000E+00  8.185134E+00
  0.000000E+00  7.685185E+00
  0.000000E+00  7.672788E+00
  0.000000E+00  7.172840E+00
  0.000000E+00  7.160443E+00
  0.000000E+00  6.660494E+00
  0.000000E+00  6.648097E+00
  0.000000E+00  6.148148E+00
  0.000000E+00  6.135751E+00
  0.000000E+00  5.635802E+00
  0.000000E+00  5.623406E+00
  0.000000E+00  5.123457E+00
  0.000000E+00  5.111060E+00
  0.000000E+00  4.611111E+00
  0.000000E+00  4.598714E+00
  0.000000E+00  4.098765E+00
  0.000000E+00  4.086369E+00
  0.000000E+00  3.586420E+00
  0.000000E+00  3.574023E+00
  0.000000E+00  3.074074E+00
  0.000000E+00  3.061677E+00
  0.000000E+00  2.561728E+00
  0.000000E+00  2.549332E+00
  0.000000E+00  2.049383E+00
  0.000000E+00  2.036986E+00
  0.000000E+00  1.537037E+00
  0.000000E+00  1.524640E+00
  0.000000E+00  1.024691E+00
  0.000000E+00  1.012295E+00
  0.000000E+00  5.123457E-01
  0.000000E+00  4.999490E-01
  0.000000E+00  1.234923E-11
  0.000000E+00 -1.239669E-02
  0.000000E+00 -5.123457E-01
  0.000000E+00 -5.247424E-01
  0.000000E+00 -1.024691E+00
  0.000000E+00 -1.037088E+00
  0.000000E+00 -1.537037E+00
  0.000000E+00 -1.549434E+00
  0.000000E+00 -2.049383E+00
  0.000000E+00 -2.061779E+00
  0.000000E+00 -2.561728E+00
  0.000000E+00 -2.574125E+00
  0.000000E+00 -3.074074E+00
  0.000000E+00 -3.086471E+00
  0.000000E+00 -3.586420E+00
  0.000000E+00 -3.598816E+00
  0.000000E+00 -4.098765E+00
  0.000000E+00 -4.111162E+00
  0.000000E+00 -4.611111E+00
  0.000000E+00 -4.623508E+00
  0.000000E+00 -5.123457E+00
  0.000000E+00 -5.135853E+00
  0.000000E+00 -5.635802E+00
  0.000000E+00 -5.648199E+00
  0.000000E+00 -6.148148E+00
  0.000000E+00 -6.160545E+00
  0.000000E+00 -6.660494E+00
  0.000000E+00 -6.672891E+00
  0.000000E+00 -7.172840E+00
  0.000000E+00 -7.185236E+00
  0.000000E+00 -7.685185E+00
  0.000000E+00 -7.697582E+00
  0.000000E+00 -8.197531E+00
  0.000000E+00 -8.209928E+00
  0.000000E+00 -8.709877E+00
  0.000000E+00 -8.722273E+00
  0.000000E+00 -9.222222E+00
  0.000000E+00 -9.234619E+00
  0.000000E+00 -9.734568E+00
  0.000000E+00 -9.746965E+00
  0.000000E+00 -1.024691E+01
  0.000000E+00 -1.025931E+01
  0.000000E+00 -1.075926E+01
  0.000000E+00 -1.077166E+01
  0.000000E+00 -1.127160E+01
  0.000000E+00 -1.128400E+01
  0.000000E+00 -1.178395E+01
  0.000000E+00 -1.179635E+01
  0.000000E+00 -1.229630E+01
  0.000000E+00 -1.230869E+01
  0.000000E+00 -1.280864E+01
  0.000000E+00 -1.282104E+01
  0.000000E+00 -1.332099E+01
  0.000000E+00 -1.333338E+01
  0.000000E+00 -1.383333E+01
  0.000000E+00 -1.384573E+01
  0.000000E+00 -1.434568E+01
  0.000000E+00 -1.435808E+01
  0.000000E+00 -1.485802E+01
  0.000000E+00 -1.487042E+01
  0.000000E+00 -1.537037E+01
  0.000000E+00 -1.538277E+01
  0.000000E+00 -1.588272E+01
  0.000000E+00 -1.589511E+01
  0.000000E+00 -1.639506E+01
  0.000000E+00 -1.640746E+01
  0.000000E+00 -1.690741E+01
  0.000000E+00 -1.691980E+01
  0.000000E+00 -1.741975E+01
  0.000000E+00 -1.743215E+01
  0.000000E+00 -1.793210E+01
  0.000000E+00 -1.794450E+01
  0.000000E+00 -1.844444E+01
  0.000000E+00 -1.845684E+01
  0.000000E+00 -1.895679E+01
  0.000000E+00 -1.896919E+01
  0.000000E+00 -1.946914E+01
  0.000000E+00 -1.948153E+01
  0.000000E+00 -1.998148E+01

w:3/ x(   0.3500000E+02) y(  -0.1250000E+02) ix(2) iy(2) s(   0.7000E+00)

hb:   line clip z  
clip:
  1.511836E+01 -1.500000E+01
  5.490496E+01 -1.500000E+01
  5.500000E+01 -1.495307E+01
  5.500000E+01 -1.485802E+01
  5.500000E+01 -1.476298E+01
  5.500000E+01 -1.434568E+01
  5.500000E+01 -1.425064E+01
  5.500000E+01 -1.383333E+01
  5.500000E+01 -1.373829E+01
  5.500000E+01 -1.332099E+01
  5.500000E+01 -1.322595E+01
  5.500000E+01 -1.280864E+01
  5.500000E+01 -1.271360E+01
  5.500000E+01 -1.229630E+01
  5.500000E+01 -1.220125E+01
  5.500000E+01 -1.178395E+01
  5.500000E+01 -1.168891E+01
  5.500000E+01 -1.127160E+01
  5.500000E+01 -1.117656E+01
  5.500000E+01 -1.075926E+01
  5.500000E+01 -1.066422E+01
  5.500000E+01 -1.024691E+01
  5.500000E+01 -1.015187E+01
  5.490496E+01 -1.000000E+01
  5.465805E+01 -1.000000E+01
  5.439669E+01 -1.000000E+01
  5.414978E+01 -1.000000E+01
  5.388843E+01 -1.000000E+01
  5.364152E+01 -1.000000E+01
  5.338017E+01 -1.000000E+01
  5.313325E+01 -1.000000E+01
  5.287190E+01 -1.000000E+01
  5.262499E+01 -1.000000E+01
  5.236364E+01 -1.000000E+01
  5.211672E+01 -1.000000E+01
  5.185537E+01 -1.000000E+01
  5.160846E+01 -1.000000E+01
  5.134711E+01 -1.000000E+01
  5.110019E+01 -1.000000E+01
  5.083884E+01 -1.000000E+01
  5.059193E+01 -1.000000E+01
  5.033058E+01 -1.000000E+01
  5.008366E+01 -1.000000E+01
  4.982231E+01 -1.000000E+01
  4.957540E+01 -1.000000E+01
  4.931405E+01 -1.000000E+01
  4.906714E+01 -1.000000E+01
  4.880579E+01 -1.000000E+01
  4.855887E+01 -1.000000E+01
  4.829752E+01 -1.000000E+01
  4.805061E+01 -1.000000E+01
  4.778926E+01 -1.000000E+01
  4.754234E+01 -1.000000E+01
  4.728099E+01 -1.000000E+01
  4.703408E+01 -1.000000E+01
  4.677273E+01 -1.000000E+01
  4.652581E+01 -1.000000E+01
  4.626446E+01 -1.000000E+01
  4.601755E+01 -1.000000E+01
  4.575620E+01 -1.000000E+01
  4.550928E+01 -1.000000E+01
  4.524793E+01 -1.000000E+01
  4.500102E+01 -1.000000E+01
  4.473967E+01 -1.000000E+01
  4.449276E+01 -1.000000E+01
  4.423140E+01 -1.000000E+01
  4.398449E+01 -1.000000E+01
  4.372314E+01 -1.000000E+01
  4.347623E+01 -1.000000E+01
  4.321488E+01 -1.000000E+01
  4.296796E+01 -1.000000E+01
  4.270661E+01 -1.000000E+01
  4.245970E+01 -1.000000E+01
  4.219835E+01 -1.000000E+01
  4.195143E+01 -1.000000E+01
  4.169008E+01 -1.000000E+01
  4.144317E+01 -1.000000E+01
  4.118182E+01 -1.000000E+01
  4.093490E+01 -1.000000E+01
  4.067355E+01 -1.000000E+01
  4.042664E+01 -1.000000E+01
  4.016529E+01 -1.000000E+01
  3.991838E+01 -1.000000E+01
  3.965702E+01 -1.000000E+01
  3.941011E+01 -1.000000E+01
  3.914876E+01 -1.000000E+01
  3.890185E+01 -1.000000E+01
  3.864050E+01 -1.000000E+01
  3.839358E+01 -1.000000E+01
  3.813223E+01 -1.000000E+01
  3.788532E+01 -1.000000E+01
  3.762397E+01 -1.000000E+01
  3.737705E+01 -1.000000E+01
  3.711570E+01 -1.000000E+01
  3.686879E+01 -1.000000E+01
  3.660744E+01 -1.000000E+01
  3.636052E+01 -1.000000E+01
  3.609917E+01 -1.000000E+01
  3.585226E+01 -1.000000E+01
  3.559091E+01 -1.000000E+01
  3.534400E+01 -1.000000E+01
  3.508264E+01 -1.000000E+01
  3.483573E+01 -1.000000E+01
  3.457438E+01 -1.000000E+01
  3.432747E+01 -1.000000E+01
  3.406612E+01 -1.000000E+01
  3.381920E+01 -1.000000E+01
  3.355785E+01 -1.000000E+01
  3.331094E+01 -1.000000E+01
  3.304959E+01 -1.000000E+01
  3.280267E+01 -1.000000E+01
  3.254132E+01 -1.000000E+01
  3.229441E+01 -1.000000E+01
  3.203306E+01 -1.000000E+01
  3.178614E+01 -1.000000E+01
  3.152479E+01 -1.000000E+01
  3.127788E+01 -1.000000E+01
  3.101653E+01 -1.000000E+01
  3.076962E+01 -1.000000E+01
  3.050826E+01 -1.000000E+01
  3.026135E+01 -1.000000E+01
  3.000000E+01 -1.000000E+01
  2.975309E+01 -1.000000E+01
  2.949174E+01 -1.000000E+01
  2.924482E+01 -1.000000E+01
  2.898347E+01 -1.000000E+01
  2.873656E+01 -1.000000E+01
  2.847521E+01 -1.000000E+01
  2.822829E+01 -1.000000E+01
  2.796694E+01 -1.000000E+01
  2.772003E+01 -1.000000E+01
  2.745868E+01 -1.000000E+01
  2.721176E+01 -1.000000E+01
  2.695041E+01 -1.000000E+01
  2.670350E+01 -1.000000E+01
  2.644215E+01 -1.000000E+01
  2.619524E+01 -1.000000E+01
  2.593388E+01 -1.000000E+01
  2.568697E+01 -1.000000E+01
  2.542562E+01 -1.000000E+01
  2.517871E+01 -1.000000E+01
  2.491736E+01 -1.000000E+01
  2.467044E+01 -1.000000E+01
  2.440909E+01 -1.000000E+01
  2.416218E+01 -1.000000E+01
  2.390083E+01 -1.000000E+01
  2.365391E+01 -1.000000E+01
  2.339256E+01 -1.000000E+01
  2.314565E+01 -1.000000E+01
  2.288430E+01 -1.000000E+01
  2.263738E+01 -1.000000E+01
  2.237603E+01 -1.000000E+01
  2.212912E+01 -1.000000E+01
  2.186777E+01 -1.000000E+01
  2.162086E+01 -1.000000E+01
  2.135950E+01 -1.000000E+01
  2.111259E+01 -1.000000E+01
  2.085124E+01 -1.000000E+01
  2.060433E+01 -1.000000E+01
  2.034298E+01 -1.000000E+01
  2.009606E+01 -1.000000E+01
  1.983471E+01 -1.000000E+01
  1.958780E+01 -1.000000E+01
  1.932645E+01 -1.000000E+01
  1.907953E+01 -1.000000E+01
  1.881818E+01 -1.000000E+01
  1.857127E+01 -1.000000E+01
  1.830992E+01 -1.000000E+01
  1.806300E+01 -1.000000E+01
  1.780165E+01 -1.000000E+01
  1.755474E+01 -1.000000E+01
  1.729339E+01 -1.000000E+01
  1.704647E+01 -1.000000E+01
  1.678512E+01 -1.000000E+01
  1.653821E+01 -1.000000E+01
  1.627686E+01 -1.000000E+01
  1.602995E+01 -1.000000E+01
  1.576860E+01 -1.000000E+01
  1.552168E+01 -1.000000E+01
  1.526033E+01 -1.000000E+01
  1.501342E+01 -1.000000E+01
  1.500000E+01 -1.024691E+01
  1.500000E+01 -1.050724E+01
  1.500000E+01 -1.075926E+01
  1.500000E+01 -1.101959E+01
  1.500000E+01 -1.127160E+01
  1.500000E+01 -1.153194E+01
  1.500000E+01 -1.178395E+01
  1.500000E+01 -1.204428E+01
  1.500000E+01 -1.229630E+01
  1.500000E+01 -1.255663E+01
  1.500000E+01 -1.280864E+01
  1.500000E+01 -1.306897E+01
  1.500000E+01 -1.332099E+01
  1.500000E+01 -1.358132E+01
  1.500000E+01 -1.383333E+01
  1.500000E+01 -1.409366E+01
  1.500000E+01 -1.434568E+01
  1.500000E+01 -1.460601E+01
  1.500000E+01 -1.485802E+01

w:2/ x(   0.3250000E+02) y(  -0.7500000E+01) ix(2) iy(2) s(   0.7000E+00)

hb:   line clip z  
clip:
  1.000000E+01 -9.912254E+00
  1.017769E+01 -1.000000E+01
  1.044312E+01 -1.000000E+01
  1.068595E+01 -1.000000E+01
  1.095138E+01 -1.000000E+01
  1.119421E+01 -1.000000E+01
  1.145965E+01 -1.000000E+01
  1.170248E+01 -1.000000E+01
  1.196791E+01 -1.000000E+01
  1.221074E+01 -1.000000E+01
  1.247618E+01 -1.000000E+01
  1.271901E+01 -1.000000E+01
  1.298444E+01 -1.000000E+01
  1.322727E+01 -1.000000E+01
  1.349270E+01 -1.000000E+01
  1.373554E+01 -1.000000E+01
  1.400097E+01 -1.000000E+01
  1.424380E+01 -1.000000E+01
  1.450923E+01 -1.000000E+01
  1.475207E+01 -1.000000E+01
  1.501750E+01 -1.000000E+01
  1.526033E+01 -1.000000E+01
  1.552576E+01 -1.000000E+01
  1.576860E+01 -1.000000E+01
  1.603403E+01 -1.000000E+01
  1.627686E+01 -1.000000E+01
  1.654229E+01 -1.000000E+01
  1.678512E+01 -1.000000E+01
  1.705056E+01 -1.000000E+01
  1.729339E+01 -1.000000E+01
  1.755882E+01 -1.000000E+01
  1.780165E+01 -1.000000E+01
  1.806708E+01 -1.000000E+01
  1.830992E+01 -1.000000E+01
  1.857535E+01 -1.000000E+01
  1.881818E+01 -1.000000E+01
  1.908361E+01 -1.000000E+01
  1.932645E+01 -1.000000E+01
  1.959188E+01 -1.000000E+01
  1.983471E+01 -1.000000E+01
  2.010014E+01 -1.000000E+01
  2.034298E+01 -1.000000E+01
  2.060841E+01 -1.000000E+01
  2.085124E+01 -1.000000E+01
  2.111667E+01 -1.000000E+01
  2.135950E+01 -1.000000E+01
  2.162494E+01 -1.000000E+01
  2.186777E+01 -1.000000E+01
  2.213320E+01 -1.000000E+01
  2.237603E+01 -1.000000E+01
  2.264147E+01 -1.000000E+01
  2.288430E+01 -1.000000E+01
  2.314973E+01 -1.000000E+01
  2.339256E+01 -1.000000E+01
  2.365799E+01 -1.000000E+01
  2.390083E+01 -1.000000E+01
  2.416626E+01 -1.000000E+01
  2.440909E+01 -1.000000E+01
  2.467452E+01 -1.000000E+01
  2.491736E+01 -1.000000E+01
  2.518279E+01 -1.000000E+01
  2.542562E+01 -1.000000E+01
  2.569105E+01 -1.000000E+01
  2.593388E+01 -1.000000E+01
  2.619932E+01 -1.000000E+01
  2.644215E+01 -1.000000E+01
  2.670758E+01 -1.000000E+01
  2.695041E+01 -1.000000E+01
  2.721585E+01 -1.000000E+01
  2.745868E+01 -1.000000E+01
  2.772411E+01 -1.000000E+01
  2.796694E+01 -1.000000E+01
  2.823237E+01 -1.000000E+01
  2.847521E+01 -1.000000E+01
  2.874064E+01 -1.000000E+01
  2.898347E+01 -1.000000E+01
  2.924890E+01 -1.000000E+01
  2.949174E+01 -1.000000E+01
  2.975717E+01 -1.000000E+01
  3.000000E+01 -1.000000E+01
  3.026543E+01 -1.000000E+01
  3.050826E+01 -1.000000E+01
  3.077370E+01 -1.000000E+01
  3.101653E+01 -1.000000E+01
  3.128196E+01 -1.000000E+01
  3.152479E+01 -1.000000E+01
  3.179023E+01 -1.000000E+01
  3.203306E+01 -1.000000E+01
  3.229849E+01 -1.000000E+01
  3.254132E+01 -1.000000E+01
  3.280675E+01 -1.000000E+01
  3.304959E+01 -1.000000E+01
  3.331502E+01 -1.000000E+01
  3.355785E+01 -1.000000E+01
  3.382328E+01 -1.000000E+01
  3.406612E+01 -1.000000E+01
  3.433155E+01 -1.000000E+01
  3.457438E+01 -1.000000E+01
  3.483981E+01 -1.000000E+01
  3.508264E+01 -1.000000E+01
  3.534808E+01 -1.000000E+01
  3.559091E+01 -1.000000E+01
  3.585634E+01 -1.000000E+01
  3.609917E+01 -1.000000E+01
  3.636461E+01 -1.000000E+01
  3.660744E+01 -1.000000E+01
  3.687287E+01 -1.000000E+01
  3.711570E+01 -1.000000E+01
  3.738113E+01 -1.000000E+01
  3.762397E+01 -1.000000E+01
  3.788940E+01 -1.000000E+01
  3.813223E+01 -1.000000E+01
  3.839766E+01 -1.000000E+01
  3.864050E+01 -1.000000E+01
  3.890593E+01 -1.000000E+01
  3.914876E+01 -1.000000E+01
  3.941419E+01 -1.000000E+01
  3.965702E+01 -1.000000E+01
  3.992246E+01 -1.000000E+01
  4.016529E+01 -1.000000E+01
  4.043072E+01 -1.000000E+01
  4.067355E+01 -1.000000E+01
  4.093899E+01 -1.000000E+01
  4.118182E+01 -1.000000E+01
  4.144725E+01 -1.000000E+01
  4.169008E+01 -1.000000E+01
  4.195551E+01 -1.000000E+01
  4.219835E+01 -1.000000E+01
  4.246378E+01 -1.000000E+01
  4.270661E+01 -1.000000E+01
  4.297204E+01 -1.000000E+01
  4.321488E+01 -1.000000E+01
  4.348031E+01 -1.000000E+01
  4.372314E+01 -1.000000E+01
  4.398857E+01 -1.000000E+01
  4.423140E+01 -1.000000E+01
  4.449684E+01 -1.000000E+01
  4.473967E+01 -1.000000E+01
  4.500510E+01 -1.000000E+01
  4.524793E+01 -1.000000E+01
  4.551337E+01 -1.000000E+01
  4.575620E+01 -1.000000E+01
  4.602163E+01 -1.000000E+01
  4.626446E+01 -1.000000E+01
  4.652989E+01 -1.000000E+01
  4.677273E+01 -1.000000E+01
  4.703816E+01 -1.000000E+01
  4.728099E+01 -1.000000E+01
  4.754642E+01 -1.000000E+01
  4.778926E+01 -1.000000E+01
  4.805469E+01 -1.000000E+01
  4.829752E+01 -1.000000E+01
  4.856295E+01 -1.000000E+01
  4.880579E+01 -1.000000E+01
  4.907122E+01 -1.000000E+01
  4.931405E+01 -1.000000E+01
  4.957948E+01 -1.000000E+01
  4.982231E+01 -1.000000E+01
  5.008775E+01 -1.000000E+01
  5.033058E+01 -1.000000E+01
  5.059601E+01 -1.000000E+01
  5.083884E+01 -1.000000E+01
  5.110428E+01 -1.000000E+01
  5.134711E+01 -1.000000E+01
  5.161254E+01 -1.000000E+01
  5.185537E+01 -1.000000E+01
  5.212080E+01 -1.000000E+01
  5.236364E+01 -1.000000E+01
  5.262907E+01 -1.000000E+01
  5.287190E+01 -1.000000E+01
  5.313733E+01 -1.000000E+01
  5.338017E+01 -1.000000E+01
  5.364560E+01 -1.000000E+01
  5.388843E+01 -1.000000E+01
  5.415386E+01 -1.000000E+01
  5.439669E+01 -1.000000E+01
  5.466213E+01 -1.000000E+01
  5.490496E+01 -1.000000E+01
  5.500000E+01 -9.829609E+00
  5.500000E+01 -9.734568E+00
  5.500000E+01 -9.639527E+00
  5.500000E+01 -9.222222E+00
  5.500000E+01 -9.127181E+00
  5.500000E+01 -8.709877E+00
  5.500000E+01 -8.614835E+00
  5.500000E+01 -8.197531E+00
  5.500000E+01 -8.102490E+00
  5.500000E+01 -7.685185E+00
  5.500000E+01 -7.590144E+00
  5.500000E+01 -7.172840E+00
  5.500000E+01 -7.077798E+00
  5.500000E+01 -6.660494E+00
  5.500000E+01 -6.565453E+00
  5.500000E+01 -6.148148E+00
  5.500000E+01 -6.053107E+00
  5.500000E+01 -5.635802E+00
  5.500000E+01 -5.540761E+00
  5.500000E+01 -5.123457E+00
  5.500000E+01 -5.028415E+00
  5.490496E+01 -5.000000E+00
  5.478150E+01 -5.000000E+00
  5.439669E+01 -5.000000E+00
  5.427324E+01 -5.000000E+00
  5.388843E+01 -5.000000E+00
  5.376497E+01 -5.000000E+00
  5.338017E+01 -5.000000E+00
  5.325671E+01 -5.000000E+00
  5.287190E+01 -5.000000E+00
  5.274844E+01 -5.000000E+00
  5.236364E+01 -5.000000E+00
  5.224018E+01 -5.000000E+00
  5.185537E+01 -5.000000E+00
  5.173192E+01 -5.000000E+00
  5.134711E+01 -5.000000E+00
  5.122365E+01 -5.000000E+00
  5.083884E+01 -5.000000E+00
  5.071539E+01 -5.000000E+00
  5.033058E+01 -5.000000E+00
  5.020712E+01 -5.000000E+00
  4.982231E+01 -5.000000E+00
  4.969886E+01 -5.000000E+00
  4.931405E+01 -5.000000E+00
  4.919059E+01 -5.000000E+00
  4.880579E+01 -5.000000E+00
  4.868233E+01 -5.000000E+00
  4.829752E+01 -5.000000E+00
  4.817406E+01 -5.000000E+00
  4.778926E+01 -5.000000E+00
  4.766580E+01 -5.000000E+00
  4.728099E+01 -5.000000E+00
  4.715753E+01 -5.000000E+00
  4.677273E+01 -5.000000E+00
  4.664927E+01 -5.000000E+00
  4.626446E+01 -5.000000E+00
  4.614101E+01 -5.000000E+00
  4.575620E+01 -5.000000E+00
  4.563274E+01 -5.000000E+00
  4.524793E+01 -5.000000E+00
  4.512448E+01 -5.000000E+00
  4.473967E+01 -5.000000E+00
  4.461621E+01 -5.000000E+00
  4.423140E+01 -5.000000E+00
  4.410795E+01 -5.000000E+00
  4.372314E+01 -5.000000E+00
  4.359968E+01 -5.000000E+00
  4.321488E+01 -5.000000E+00
  4.309142E+01 -5.000000E+00
  4.270661E+01 -5.000000E+00
  4.258315E+01 -5.000000E+00
  4.219835E+01 -5.000000E+00
  4.207489E+01 -5.000000E+00
  4.169008E+01 -5.000000E+00
  4.156663E+01 -5.000000E+00
  4.118182E+01 -5.000000E+00
  4.105836E+01 -5.000000E+00
  4.067355E+01 -5.000000E+00
  4.055010E+01 -5.000000E+00
  4.016529E+01 -5.000000E+00
  4.004183E+01 -5.000000E+00
  3.965702E+01 -5.000000E+00
  3.953357E+01 -5.000000E+00
  3.914876E+01 -5.000000E+00
  3.902530E+01 -5.000000E+00
  3.864050E+01 -5.000000E+00
  3.851704E+01 -5.000000E+00
  3.813223E+01 -5.000000E+00
  3.800877E+01 -5.000000E+00
  3.762397E+01 -5.000000E+00
  3.750051E+01 -5.000000E+00
  3.711570E+01 -5.000000E+00
  3.699225E+01 -5.000000E+00
  3.660744E+01 -5.000000E+00
  3.648398E+01 -5.000000E+00
  3.609917E+01 -5.000000E+00
  3.597572E+01 -5.000000E+00
  3.559091E+01 -5.000000E+00
  3.546745E+01 -5.000000E+00
  3.508264E+01 -5.000000E+00
  3.495919E+01 -5.000000E+00
  3.457438E+01 -5.000000E+00
  3.445092E+01 -5.000000E+00
  3.406612E+01 -5.000000E+00
  3.394266E+01 -5.000000E+00
  3.355785E+01 -5.000000E+00
  3.343439E+01 -5.000000E+00
  3.304959E+01 -5.000000E+00
  3.292613E+01 -5.000000E+00
  3.254132E+01 -5.000000E+00
  3.241787E+01 -5.000000E+00
  3.203306E+01 -5.000000E+00
  3.190960E+01 -5.000000E+00
  3.152479E+01 -5.000000E+00
  3.140134E+01 -5.000000E+00
  3.101653E+01 -5.000000E+00
  3.089307E+01 -5.000000E+00
  3.050826E+01 -5.000000E+00
  3.038481E+01 -5.000000E+00
  3.000000E+01 -5.000000E+00
  2.987654E+01 -5.000000E+00
  2.949174E+01 -5.000000E+00
  2.936828E+01 -5.000000E+00
  2.898347E+01 -5.000000E+00
  2.886001E+01 -5.000000E+00
  2.847521E+01 -5.000000E+00
  2.835175E+01 -5.000000E+00
  2.796694E+01 -5.000000E+00
  2.784349E+01 -5.000000E+00
  2.745868E+01 -5.000000E+00
  2.733522E+01 -5.000000E+00
  2.695041E+01 -5.000000E+00
  2.682696E+01 -5.000000E+00
  2.644215E+01 -5.000000E+00
  2.631869E+01 -5.000000E+00
  2.593388E+01 -5.000000E+00
  2.581043E+01 -5.000000E+00
  2.542562E+01 -5.000000E+00
  2.530216E+01 -5.000000E+00
  2.491736E+01 -5.000000E+00
  2.479390E+01 -5.000000E+00
  2.440909E+01 -5.000000E+00
  2.428563E+01 -5.000000E+00
  2.390083E+01 -5.000000E+00
  2.377737E+01 -5.000000E+00
  2.339256E+01 -5.000000E+00
  2.326911E+01 -5.000000E+00
  2.288430E+01 -5.000000E+00
  2.276084E+01 -5.000000E+00
  2.237603E+01 -5.000000E+00
  2.225258E+01 -5.000000E+00
  2.186777E+01 -5.000000E+00
  2.174431E+01 -5.000000E+00
  2.135950E+01 -5.000000E+00
  2.123605E+01 -5.000000E+00
  2.085124E+01 -5.000000E+00
  2.072778E+01 -5.000000E+00
  2.034298E+01 -5.000000E+00
  2.021952E+01 -5.000000E+00
  1.983471E+01 -5.000000E+00
  1.971125E+01 -5.000000E+00
  1.932645E+01 -5.000000E+00
  1.920299E+01 -5.000000E+00
  1.881818E+01 -5.000000E+00
  1.869473E+01 -5.000000E+00
  1.830992E+01 -5.000000E+00
  1.818646E+01 -5.000000E+00
  1.780165E+01 -5.000000E+00
  1.767820E+01 -5.000000E+00
  1.729339E+01 -5.000000E+00
  1.716993E+01 -5.000000E+00
  1.678512E+01 -5.000000E+00
  1.666167E+01 -5.000000E+00
  1.627686E+01 -5.000000E+00
  1.615340E+01 -5.000000E+00
  1.576860E+01 -5.000000E+00
  1.564514E+01 -5.000000E+00
  1.526033E+01 -5.000000E+00
  1.513687E+01 -5.000000E+00
  1.475207E+01 -5.000000E+00
  1.462861E+01 -5.000000E+00
  1.424380E+01 -5.000000E+00
  1.412034E+01 -5.000000E+00
  1.373554E+01 -5.000000E+00
  1.361208E+01 -5.000000E+00
  1.322727E+01 -5.000000E+00
  1.310382E+01 -5.000000E+00
  1.271901E+01 -5.000000E+00
  1.259555E+01 -5.000000E+00
  1.221074E+01 -5.000000E+00
  1.208729E+01 -5.000000E+00
  1.170248E+01 -5.000000E+00
  1.157902E+01 -5.000000E+00
  1.119421E+01 -5.000000E+00
  1.107076E+01 -5.000000E+00
  1.068595E+01 -5.000000E+00
  1.056249E+01 -5.000000E+00
  1.017769E+01 -5.000000E+00
  1.005423E+01 -5.000000E+00
  1.000000E+01 -5.123457E+00
  1.000000E+01 -5.301143E+00
  1.000000E+01 -5.635802E+00
  1.000000E+01 -5.813488E+00
  1.000000E+01 -6.148148E+00
  1.000000E+01 -6.325834E+00
  1.000000E+01 -6.660494E+00
  1.000000E+01 -6.838180E+00
  1.000000E+01 -7.172840E+00
  1.000000E+01 -7.350525E+00
  1.000000E+01 -7.685185E+00
  1.000000E+01 -7.862871E+00
  1.000000E+01 -8.197531E+00
  1.000000E+01 -8.375217E+00
  1.000000E+01 -8.709877E+00
  1.000000E+01 -8.887562E+00
  1.000000E+01 -9.222222E+00
  1.000000E+01 -9.399908E+00
  1.000000E+01 -9.734568E+00

w:1/ x(   0.3000000E+02) y(   0.0000000E+00) ix(2) iy(2) s(   0.7000E+00)

hb:   line clip z  
clip:
  5.000000E+00 -4.706152E+00
  5.095041E+00 -5.000000E+00
  5.483930E+00 -5.000000E+00
  5.603306E+00 -5.000000E+00
  5.992195E+00 -5.000000E+00
  6.111570E+00 -5.000000E+00
  6.500459E+00 -5.000000E+00
  6.619835E+00 -5.000000E+00
  7.008724E+00 -5.000000E+00
  7.128099E+00 -5.000000E+00
  7.516988E+00 -5.000000E+00
  7.636364E+00 -5.000000E+00
  8.025253E+00 -5.000000E+00
  8.144628E+00 -5.000000E+00
  8.533517E+00 -5.000000E+00
  8.652893E+00 -5.000000E+00
  9.041781E+00 -5.000000E+00
  9.161157E+00 -5.000000E+00
  9.550046E+00 -5.000000E+00
  9.669421E+00 -5.000000E+00
  1.005831E+01 -5.000000E+00
  1.017769E+01 -5.000000E+00
  1.056657E+01 -5.000000E+00
  1.068595E+01 -5.000000E+00
  1.107484E+01 -5.000000E+00
  1.119421E+01 -5.000000E+00
  1.158310E+01 -5.000000E+00
  1.170248E+01 -5.000000E+00
  1.209137E+01 -5.000000E+00
  1.221074E+01 -5.000000E+00
  1.259963E+01 -5.000000E+00
  1.271901E+01 -5.000000E+00
  1.310790E+01 -5.000000E+00
  1.322727E+01 -5.000000E+00
  1.361616E+01 -5.000000E+00
  1.373554E+01 -5.000000E+00
  1.412443E+01 -5.000000E+00
  1.424380E+01 -5.000000E+00
  1.463269E+01 -5.000000E+00
  1.475207E+01 -5.000000E+00
  1.514096E+01 -5.000000E+00
  1.526033E+01 -5.000000E+00
  1.564922E+01 -5.000000E+00
  1.576860E+01 -5.000000E+00
  1.615748E+01 -5.000000E+00
  1.627686E+01 -5.000000E+00
  1.666575E+01 -5.000000E+00
  1.678512E+01 -5.000000E+00
  1.717401E+01 -5.000000E+00
  1.729339E+01 -5.000000E+00
  1.768228E+01 -5.000000E+00
  1.780165E+01 -5.000000E+00
  1.819054E+01 -5.000000E+00
  1.830992E+01 -5.000000E+00
  1.869881E+01 -5.000000E+00
  1.881818E+01 -5.000000E+00
  1.920707E+01 -5.000000E+00
  1.932645E+01 -5.000000E+00
  1.971534E+01 -5.000000E+00
  1.983471E+01 -5.000000E+00
  2.022360E+01 -5.000000E+00
  2.034298E+01 -5.000000E+00
  2.073186E+01 -5.000000E+00
  2.085124E+01 -5.000000E+00
  2.124013E+01 -5.000000E+00
  2.135950E+01 -5.000000E+00
  2.174839E+01 -5.000000E+00
  2.186777E+01 -5.000000E+00
  2.225666E+01 -5.000000E+00
  2.237603E+01 -5.000000E+00
  2.276492E+01 -5.000000E+00
  2.288430E+01 -5.000000E+00
  2.327319E+01 -5.000000E+00
  2.339256E+01 -5.000000E+00
  2.378145E+01 -5.000000E+00
  2.390083E+01 -5.000000E+00
  2.428972E+01 -5.000000E+00
  2.440909E+01 -5.000000E+00
  2.479798E+01 -5.000000E+00
  2.491736E+01 -5.000000E+00
  2.530624E+01 -5.000000E+00
  2.542562E+01 -5.000000E+00
  2.581451E+01 -5.000000E+00
  2.593388E+01 -5.000000E+00
  2.632277E+01 -5.000000E+00
  2.644215E+01 -5.000000E+00
  2.683104E+01 -5.000000E+00
  2.695041E+01 -5.000000E+00
  2.733930E+01 -5.000000E+00
  2.745868E+01 -5.000000E+00
  2.784757E+01 -5.000000E+00
  2.796694E+01 -5.000000E+00
  2.835583E+01 -5.000000E+00
  2.847521E+01 -5.000000E+00
  2.886410E+01 -5.000000E+00
  2.898347E+01 -5.000000E+00
  2.937236E+01 -5.000000E+00
  2.949174E+01 -5.000000E+00
  2.988062E+01 -5.000000E+00
  3.000000E+01 -5.000000E+00
  3.038889E+01 -5.000000E+00
  3.050826E+01 -5.000000E+00
  3.089715E+01 -5.000000E+00
  3.101653E+01 -5.000000E+00
  3.140542E+01 -5.000000E+00
  3.152479E+01 -5.000000E+00
  3.191368E+01 -5.000000E+00
  3.203306E+01 -5.000000E+00
  3.242195E+01 -5.000000E+00
  3.254132E+01 -5.000000E+00
  3.293021E+01 -5.000000E+00
  3.304959E+01 -5.000000E+00
  3.343848E+01 -5.000000E+00
  3.355785E+01 -5.000000E+00
  3.394674E+01 -5.000000E+00
  3.406612E+01 -5.000000E+00
  3.445500E+01 -5.000000E+00
  3.457438E+01 -5.000000E+00
  3.496327E+01 -5.000000E+00
  3.508264E+01 -5.000000E+00
  3.547153E+01 -5.000000E+00
  3.559091E+01 -5.000000E+00
  3.597980E+01 -5.000000E+00
  3.609917E+01 -5.000000E+00
  3.648806E+01 -5.000000E+00
  3.660744E+01 -5.000000E+00
  3.699633E+01 -5.000000E+00
  3.711570E+01 -5.000000E+00
  3.750459E+01 -5.000000E+00
  3.762397E+01 -5.000000E+00
  3.801286E+01 -5.000000E+00
  3.813223E+01 -5.000000E+00
  3.852112E+01 -5.000000E+00
  3.864050E+01 -5.000000E+00
  3.902938E+01 -5.000000E+00
  3.914876E+01 -5.000000E+00
  3.953765E+01 -5.000000E+00
  3.965702E+01 -5.000000E+00
  4.004591E+01 -5.000000E+00
  4.016529E+01 -5.000000E+00
  4.055418E+01 -5.000000E+00
  4.067355E+01 -5.000000E+00
  4.106244E+01 -5.000000E+00
  4.118182E+01 -5.000000E+00
  4.157071E+01 -5.000000E+00
  4.169008E+01 -5.000000E+00
  4.207897E+01 -5.000000E+00
  4.219835E+01 -5.000000E+00
  4.258724E+01 -5.000000E+00
  4.270661E+01 -5.000000E+00
  4.309550E+01 -5.000000E+00
  4.321488E+01 -5.000000E+00
  4.360376E+01 -5.000000E+00
  4.372314E+01 -5.000000E+00
  4.411203E+01 -5.000000E+00
  4.423140E+01 -5.000000E+00
  4.462029E+01 -5.000000E+00
  4.473967E+01 -5.000000E+00
  4.512856E+01 -5.000000E+00
  4.524793E+01 -5.000000E+00
  4.563682E+01 -5.000000E+00
  4.575620E+01 -5.000000E+00
  4.614509E+01 -5.000000E+00
  4.626446E+01 -5.000000E+00
  4.665335E+01 -5.000000E+00
  4.677273E+01 -5.000000E+00
  4.716162E+01 -5.000000E+00
  4.728099E+01 -5.000000E+00
  4.766988E+01 -5.000000E+00
  4.778926E+01 -5.000000E+00
  4.817815E+01 -5.000000E+00
  4.829752E+01 -5.000000E+00
  4.868641E+01 -5.000000E+00
  4.880579E+01 -5.000000E+00
  4.919467E+01 -5.000000E+00
  4.931405E+01 -5.000000E+00
  4.970294E+01 -5.000000E+00
  4.982231E+01 -5.000000E+00
  5.021120E+01 -5.000000E+00
  5.033058E+01 -5.000000E+00
  5.071947E+01 -5.000000E+00
  5.083884E+01 -5.000000E+00
  5.122773E+01 -5.000000E+00
  5.134711E+01 -5.000000E+00
  5.173600E+01 -5.000000E+00
  5.185537E+01 -5.000000E+00
  5.224426E+01 -5.000000E+00
  5.236364E+01 -5.000000E+00
  5.275253E+01 -5.000000E+00
  5.287190E+01 -5.000000E+00
  5.326079E+01 -5.000000E+00
  5.338017E+01 -5.000000E+00
  5.376905E+01 -5.000000E+00
  5.388843E+01 -5.000000E+00
  5.427732E+01 -5.000000E+00
  5.439669E+01 -5.000000E+00
  5.478558E+01 -5.000000E+00
  5.490496E+01 -5.000000E+00
  5.500000E+01 -4.706152E+00
  5.500000E+01 -4.611111E+00
  5.500000E+01 -4.516070E+00
  5.500000E+01 -4.098765E+00
  5.500000E+01 -4.003724E+00
  5.500000E+01 -3.586420E+00
  5.500000E+01 -3.491378E+00
  5.500000E+01 -3.074074E+00
  5.500000E+01 -2.979033E+00
  5.500000E+01 -2.561728E+00
  5.500000E+01 -2.466687E+00
  5.500000E+01 -2.049383E+00
  5.500000E+01 -1.954341E+00
  5.500000E+01 -1.537037E+00
  5.500000E+01 -1.441996E+00
  5.500000E+01 -1.024691E+00
  5.500000E+01 -9.296500E-01
  5.500000E+01 -5.123457E-01
  5.500000E+01 -4.173044E-01
  5.500000E+01  1.234923E-11
  5.500000E+01  9.504132E-02
  5.500000E+01  5.123457E-01
  5.500000E+01  6.073870E-01
  5.500000E+01  1.024691E+00
  5.500000E+01  1.119733E+00
  5.500000E+01  1.537037E+00
  5.500000E+01  1.632078E+00
  5.500000E+01  2.049383E+00
  5.500000E+01  2.144424E+00
  5.500000E+01  2.561728E+00
  5.500000E+01  2.656770E+00
  5.500000E+01  3.074074E+00
  5.500000E+01  3.169115E+00
  5.500000E+01  3.586420E+00
  5.500000E+01  3.681461E+00
  5.500000E+01  4.098765E+00
  5.500000E+01  4.193807E+00
  5.500000E+01  4.611111E+00
  5.500000E+01  4.706152E+00
  5.490496E+01  5.000000E+00
  5.451607E+01  5.000000E+00
  5.439669E+01  5.000000E+00
  5.400781E+01  5.000000E+00
  5.388843E+01  5.000000E+00
  5.349954E+01  5.000000E+00
  5.338017E+01  5.000000E+00
  5.299128E+01  5.000000E+00
  5.287190E+01  5.000000E+00
  5.248301E+01  5.000000E+00
  5.236364E+01  5.000000E+00
  5.197475E+01  5.000000E+00
  5.185537E+01  5.000000E+00
  5.146648E+01  5.000000E+00
  5.134711E+01  5.000000E+00
  5.095822E+01  5.000000E+00
  5.083884E+01  5.000000E+00
  5.044995E+01  5.000000E+00
  5.033058E+01  5.000000E+00
  4.994169E+01  5.000000E+00
  4.982231E+01  5.000000E+00
  4.943343E+01  5.000000E+00
  4.931405E+01  5.000000E+00
  4.892516E+01  5.000000E+00
  4.880579E+01  5.000000E+00
  4.841690E+01  5.000000E+00
  4.829752E+01  5.000000E+00
  4.790863E+01  5.000000E+00
  4.778926E+01  5.000000E+00
  4.740037E+01  5.000000E+00
  4.728099E+01  5.000000E+00
  4.689210E+01  5.000000E+00
  4.677273E+01  5.000000E+00
  4.638384E+01  5.000000E+00
  4.626446E+01  5.000000E+00
  4.587557E+01  5.000000E+00
  4.575620E+01  5.000000E+00
  4.536731E+01  5.000000E+00
  4.524793E+01  5.000000E+00
  4.485904E+01  5.000000E+00
  4.473967E+01  5.000000E+00
  4.435078E+01  5.000000E+00
  4.423140E+01  5.000000E+00
  4.384252E+01  5.000000E+00
  4.372314E+01  5.000000E+00
  4.333425E+01  5.000000E+00
  4.321488E+01  5.000000E+00
  4.282599E+01  5.000000E+00
  4.270661E+01  5.000000E+00
  4.231772E+01  5.000000E+00
  4.219835E+01  5.000000E+00
  4.180946E+01  5.000000E+00
  4.169008E+01  5.000000E+00
  4.130119E+01  5.000000E+00
  4.118182E+01  5.000000E+00
  4.079293E+01  5.000000E+00
  4.067355E+01  5.000000E+00
  4.028466E+01  5.000000E+00
  4.016529E+01  5.000000E+00
  3.977640E+01  5.000000E+00
  3.965702E+01  5.000000E+00
  3.926814E+01  5.000000E+00
  3.914876E+01  5.000000E+00
  3.875987E+01  5.000000E+00
  3.864050E+01  5.000000E+00
  3.825161E+01  5.000000E+00
  3.813223E+01  5.000000E+00
  3.774334E+01  5.000000E+00
  3.762397E+01  5.000000E+00
  3.723508E+01  5.000000E+00
  3.711570E+01  5.000000E+00
  3.672681E+01  5.000000E+00
  3.660744E+01  5.000000E+00
  3.621855E+01  5.000000E+00
  3.609917E+01  5.000000E+00
  3.571028E+01  5.000000E+00
  3.559091E+01  5.000000E+00
  3.520202E+01  5.000000E+00
  3.508264E+01  5.000000E+00
  3.469376E+01  5.000000E+00
  3.457438E+01  5.000000E+00
  3.418549E+01  5.000000E+00
  3.406612E+01  5.000000E+00
  3.367723E+01  5.000000E+00
  3.355785E+01  5.000000E+00
  3.316896E+01  5.000000E+00
  3.304959E+01  5.000000E+00
  3.266070E+01  5.000000E+00
  3.254132E+01  5.000000E+00
  3.215243E+01  5.000000E+00
  3.203306E+01  5.000000E+00
  3.164417E+01  5.000000E+00
  3.152479E+01  5.000000E+00
  3.113590E+01  5.000000E+00
  3.101653E+01  5.000000E+00
  3.062764E+01  5.000000E+00
  3.050826E+01  5.000000E+00
  3.011938E+01  5.000000E+00
  3.000000E+01  5.000000E+00
  2.961111E+01  5.000000E+00
  2.949174E+01  5.000000E+00
  2.910285E+01  5.000000E+00
  2.898347E+01  5.000000E+00
  2.859458E+01  5.000000E+00
  2.847521E+01  5.000000E+00
  2.808632E+01  5.000000E+00
  2.796694E+01  5.000000E+00
  2.757805E+01  5.000000E+00
  2.745868E+01  5.000000E+00
  2.706979E+01  5.000000E+00
  2.695041E+01  5.000000E+00
  2.656152E+01  5.000000E+00
  2.644215E+01  5.000000E+00
  2.605326E+01  5.000000E+00
  2.593388E+01  5.000000E+00
  2.554500E+01  5.000000E+00
  2.542562E+01  5.000000E+00
  2.503673E+01  5.000000E+00
  2.491736E+01  5.000000E+00
  2.452847E+01  5.000000E+00
  2.440909E+01  5.000000E+00
  2.402020E+01  5.000000E+00
  2.390083E+01  5.000000E+00
  2.351194E+01  5.000000E+00
  2.339256E+01  5.000000E+00
  2.300367E+01  5.000000E+00
  2.288430E+01  5.000000E+00
  2.249541E+01  5.000000E+00
  2.237603E+01  5.000000E+00
  2.198714E+01  5.000000E+00
  2.186777E+01  5.000000E+00
  2.147888E+01  5.000000E+00
  2.135950E+01  5.000000E+00
  2.097062E+01  5.000000E+00
  2.085124E+01  5.000000E+00
  2.046235E+01  5.000000E+00
  2.034298E+01  5.000000E+00
  1.995409E+01  5.000000E+00
  1.983471E+01  5.000000E+00
  1.944582E+01  5.000000E+00
  1.932645E+01  5.000000E+00
  1.893756E+01  5.000000E+00
  1.881818E+01  5.000000E+00
  1.842929E+01  5.000000E+00
  1.830992E+01  5.000000E+00
  1.792103E+01  5.000000E+00
  1.780165E+01  5.000000E+00
  1.741276E+01  5.000000E+00
  1.729339E+01  5.000000E+00
  1.690450E+01  5.000000E+00
  1.678512E+01  5.000000E+00
  1.639624E+01  5.000000E+00
  1.627686E+01  5.000000E+00
  1.588797E+01  5.000000E+00
  1.576860E+01  5.000000E+00
  1.537971E+01  5.000000E+00
  1.526033E+01  5.000000E+00
  1.487144E+01  5.000000E+00
  1.475207E+01  5.000000E+00
  1.436318E+01  5.000000E+00
  1.424380E+01  5.000000E+00
  1.385491E+01  5.000000E+00
  1.373554E+01  5.000000E+00
  1.334665E+01  5.000000E+00
  1.322727E+01  5.000000E+00
  1.283838E+01  5.000000E+00
  1.271901E+01  5.000000E+00
  1.233012E+01  5.000000E+00
  1.221074E+01  5.000000E+00
  1.182185E+01  5.000000E+00
  1.170248E+01  5.000000E+00
  1.131359E+01  5.000000E+00
  1.119421E+01  5.000000E+00
  1.080533E+01  5.000000E+00
  1.068595E+01  5.000000E+00
  1.029706E+01  5.000000E+00
  1.017769E+01  5.000000E+00
  9.788797E+00  5.000000E+00
  9.669421E+00  5.000000E+00
  9.280533E+00  5.000000E+00
  9.161157E+00  5.000000E+00
  8.772268E+00  5.000000E+00
  8.652893E+00  5.000000E+00
  8.264004E+00  5.000000E+00
  8.144628E+00  5.000000E+00
  7.755739E+00  5.000000E+00
  7.636364E+00  5.000000E+00
  7.247475E+00  5.000000E+00
  7.128099E+00  5.000000E+00
  6.739210E+00  5.000000E+00
  6.619835E+00  5.000000E+00
  6.230946E+00  5.000000E+00
  6.111570E+00  5.000000E+00
  5.722681E+00  5.000000E+00
  5.603306E+00  5.000000E+00
  5.214417E+00  5.000000E+00
  5.000000E+00  4.706152E+00
  5.000000E+00 -4.611111E+00

w:2/ x(   0.3250000E+02) y(   0.7500000E+01) ix(2) iy(2) s(   0.7000E+00)

hb:   line clip z  
clip:
  1.005423E+01  5.000000E+00
  5.490496E+01  5.000000E+00
  5.500000E+01  5.028415E+00
  5.500000E+01  5.123457E+00
  5.500000E+01  5.218498E+00
  5.500000E+01  5.635802E+00
  5.500000E+01  5.730844E+00
  5.500000E+01  6.148148E+00
  5.500000E+01  6.243189E+00
  5.500000E+01  6.660494E+00
  5.500000E+01  6.755535E+00
  5.500000E+01  7.172840E+00
  5.500000E+01  7.267881E+00
  5.500000E+01  7.685185E+00
  5.500000E+01  7.780227E+00
  5.500000E+01  8.197531E+00
  5.500000E+01  8.292572E+00
  5.500000E+01  8.709877E+00
  5.500000E+01  8.804918E+00
  5.500000E+01  9.222222E+00
  5.500000E+01  9.317264E+00
  5.500000E+01  9.734568E+00
  5.500000E+01  9.829609E+00
  5.490496E+01  1.000000E+01
  5.463953E+01  1.000000E+01
  5.439669E+01  1.000000E+01
  5.413126E+01  1.000000E+01
  5.388843E+01  1.000000E+01
  5.362300E+01  1.000000E+01
  5.338017E+01  1.000000E+01
  5.311473E+01  1.000000E+01
  5.287190E+01  1.000000E+01
  5.260647E+01  1.000000E+01
  5.236364E+01  1.000000E+01
  5.209820E+01  1.000000E+01
  5.185537E+01  1.000000E+01
  5.158994E+01  1.000000E+01
  5.134711E+01  1.000000E+01
  5.108168E+01  1.000000E+01
  5.083884E+01  1.000000E+01
  5.057341E+01  1.000000E+01
  5.033058E+01  1.000000E+01
  5.006515E+01  1.000000E+01
  4.982231E+01  1.000000E+01
  4.955688E+01  1.000000E+01
  4.931405E+01  1.000000E+01
  4.904862E+01  1.000000E+01
  4.880579E+01  1.000000E+01
  4.854035E+01  1.000000E+01
  4.829752E+01  1.000000E+01
  4.803209E+01  1.000000E+01
  4.778926E+01  1.000000E+01
  4.752382E+01  1.000000E+01
  4.728099E+01  1.000000E+01
  4.701556E+01  1.000000E+01
  4.677273E+01  1.000000E+01
  4.650730E+01  1.000000E+01
  4.626446E+01  1.000000E+01
  4.599903E+01  1.000000E+01
  4.575620E+01  1.000000E+01
  4.549077E+01  1.000000E+01
  4.524793E+01  1.000000E+01
  4.498250E+01  1.000000E+01
  4.473967E+01  1.000000E+01
  4.447424E+01  1.000000E+01
  4.423140E+01  1.000000E+01
  4.396597E+01  1.000000E+01
  4.372314E+01  1.000000E+01
  4.345771E+01  1.000000E+01
  4.321488E+01  1.000000E+01
  4.294944E+01  1.000000E+01
  4.270661E+01  1.000000E+01
  4.244118E+01  1.000000E+01
  4.219835E+01  1.000000E+01
  4.193292E+01  1.000000E+01
  4.169008E+01  1.000000E+01
  4.142465E+01  1.000000E+01
  4.118182E+01  1.000000E+01
  4.091639E+01  1.000000E+01
  4.067355E+01  1.000000E+01
  4.040812E+01  1.000000E+01
  4.016529E+01  1.000000E+01
  3.989986E+01  1.000000E+01
  3.965702E+01  1.000000E+01
  3.939159E+01  1.000000E+01
  3.914876E+01  1.000000E+01
  3.888333E+01  1.000000E+01
  3.864050E+01  1.000000E+01
  3.837506E+01  1.000000E+01
  3.813223E+01  1.000000E+01
  3.786680E+01  1.000000E+01
  3.762397E+01  1.000000E+01
  3.735853E+01  1.000000E+01
  3.711570E+01  1.000000E+01
  3.685027E+01  1.000000E+01
  3.660744E+01  1.000000E+01
  3.634201E+01  1.000000E+01
  3.609917E+01  1.000000E+01
  3.583374E+01  1.000000E+01
  3.559091E+01  1.000000E+01
  3.532548E+01  1.000000E+01
  3.508264E+01  1.000000E+01
  3.481721E+01  1.000000E+01
  3.457438E+01  1.000000E+01
  3.430895E+01  1.000000E+01
  3.406612E+01  1.000000E+01
  3.380068E+01  1.000000E+01
  3.355785E+01  1.000000E+01
  3.329242E+01  1.000000E+01
  3.304959E+01  1.000000E+01
  3.278415E+01  1.000000E+01
  3.254132E+01  1.000000E+01
  3.227589E+01  1.000000E+01
  3.203306E+01  1.000000E+01
  3.176763E+01  1.000000E+01
  3.152479E+01  1.000000E+01
  3.125936E+01  1.000000E+01
  3.101653E+01  1.000000E+01
  3.075110E+01  1.000000E+01
  3.050826E+01  1.000000E+01
  3.024283E+01  1.000000E+01
  3.000000E+01  1.000000E+01
  2.973457E+01  1.000000E+01
  2.949174E+01  1.000000E+01
  2.922630E+01  1.000000E+01
  2.898347E+01  1.000000E+01
  2.871804E+01  1.000000E+01
  2.847521E+01  1.000000E+01
  2.820977E+01  1.000000E+01
  2.796694E+01  1.000000E+01
  2.770151E+01  1.000000E+01
  2.745868E+01  1.000000E+01
  2.719325E+01  1.000000E+01
  2.695041E+01  1.000000E+01
  2.668498E+01  1.000000E+01
  2.644215E+01  1.000000E+01
  2.617672E+01  1.000000E+01
  2.593388E+01  1.000000E+01
  2.566845E+01  1.000000E+01
  2.542562E+01  1.000000E+01
  2.516019E+01  1.000000E+01
  2.491736E+01  1.000000E+01
  2.465192E+01  1.000000E+01
  2.440909E+01  1.000000E+01
  2.414366E+01  1.000000E+01
  2.390083E+01  1.000000E+01
  2.363539E+01  1.000000E+01
  2.339256E+01  1.000000E+01
  2.312713E+01  1.000000E+01
  2.288430E+01  1.000000E+01
  2.261887E+01  1.000000E+01
  2.237603E+01  1.000000E+01
  2.211060E+01  1.000000E+01
  2.186777E+01  1.000000E+01
  2.160234E+01  1.000000E+01
  2.135950E+01  1.000000E+01
  2.109407E+01  1.000000E+01
  2.085124E+01  1.000000E+01
  2.058581E+01  1.000000E+01
  2.034298E+01  1.000000E+01
  2.007754E+01  1.000000E+01
  1.983471E+01  1.000000E+01
  1.956928E+01  1.000000E+01
  1.932645E+01  1.000000E+01
  1.906101E+01  1.000000E+01
  1.881818E+01  1.000000E+01
  1.855275E+01  1.000000E+01
  1.830992E+01  1.000000E+01
  1.804449E+01  1.000000E+01
  1.780165E+01  1.000000E+01
  1.753622E+01  1.000000E+01
  1.729339E+01  1.000000E+01
  1.702796E+01  1.000000E+01
  1.678512E+01  1.000000E+01
  1.651969E+01  1.000000E+01
  1.627686E+01  1.000000E+01
  1.601143E+01  1.000000E+01
  1.576860E+01  1.000000E+01
  1.550316E+01  1.000000E+01
  1.526033E+01  1.000000E+01
  1.499490E+01  1.000000E+01
  1.475207E+01  1.000000E+01
  1.448663E+01  1.000000E+01
  1.424380E+01  1.000000E+01
  1.397837E+01  1.000000E+01
  1.373554E+01  1.000000E+01
  1.347011E+01  1.000000E+01
  1.322727E+01  1.000000E+01
  1.296184E+01  1.000000E+01
  1.271901E+01  1.000000E+01
  1.245358E+01  1.000000E+01
  1.221074E+01  1.000000E+01
  1.194531E+01  1.000000E+01
  1.170248E+01  1.000000E+01
  1.143705E+01  1.000000E+01
  1.119421E+01  1.000000E+01
  1.092878E+01  1.000000E+01
  1.068595E+01  1.000000E+01
  1.042052E+01  1.000000E+01
  1.017769E+01  1.000000E+01
  1.000000E+01  9.912254E+00
  1.000000E+01  9.734568E+00
  1.000000E+01  9.556882E+00
  1.000000E+01  9.222222E+00
  1.000000E+01  9.044536E+00
  1.000000E+01  8.709877E+00
  1.000000E+01  8.532191E+00
  1.000000E+01  8.197531E+00
  1.000000E+01  8.019845E+00
  1.000000E+01  7.685185E+00
  1.000000E+01  7.507499E+00
  1.000000E+01  7.172840E+00
  1.000000E+01  6.995154E+00
  1.000000E+01  6.660494E+00
  1.000000E+01  6.482808E+00
  1.000000E+01  6.148148E+00
  1.000000E+01  5.970462E+00
  1.000000E+01  5.635802E+00
  1.000000E+01  5.458117E+00
  1.000000E+01  5.123457E+00

w:3/ x(   0.3500000E+02) y(   0.1250000E+02) ix(2) iy(2) s(   0.7000E+00)

hb:   line clip z  
clip:
  1.501342E+01  1.000000E+01
  5.490496E+01  1.000000E+01
  5.500000E+01  1.015187E+01
  5.500000E+01  1.024691E+01
  5.500000E+01  1.034195E+01
  5.500000E+01  1.075926E+01
  5.500000E+01  1.085430E+01
  5.500000E+01  1.127160E+01
  5.500000E+01  1.136665E+01
  5.500000E+01  1.178395E+01
  5.500000E+01  1.187899E+01
  5.500000E+01  1.229630E+01
  5.500000E+01  1.239134E+01
  5.500000E+01  1.280864E+01
  5.500000E+01  1.290368E+01
  5.500000E+01  1.332099E+01
  5.500000E+01  1.341603E+01
  5.500000E+01  1.383333E+01
  5.500000E+01  1.392837E+01
  5.500000E+01  1.434568E+01
  5.500000E+01  1.444072E+01
  5.500000E+01  1.485802E+01
  5.500000E+01  1.495307E+01
  5.490496E+01  1.500000E+01
  5.476298E+01  1.500000E+01
  5.439669E+01  1.500000E+01
  5.425472E+01  1.500000E+01
  5.388843E+01  1.500000E+01
  5.374645E+01  1.500000E+01
  5.338017E+01  1.500000E+01
  5.323819E+01  1.500000E+01
  5.287190E+01  1.500000E+01
  5.272993E+01  1.500000E+01
  5.236364E+01  1.500000E+01
  5.222166E+01  1.500000E+01
  5.185537E+01  1.500000E+01
  5.171340E+01  1.500000E+01
  5.134711E+01  1.500000E+01
  5.120513E+01  1.500000E+01
  5.083884E+01  1.500000E+01
  5.069687E+01  1.500000E+01
  5.033058E+01  1.500000E+01
  5.018860E+01  1.500000E+01
  4.982231E+01  1.500000E+01
  4.968034E+01  1.500000E+01
  4.931405E+01  1.500000E+01
  4.917207E+01  1.500000E+01
  4.880579E+01  1.500000E+01
  4.866381E+01  1.500000E+01
  4.829752E+01  1.500000E+01
  4.815555E+01  1.500000E+01
  4.778926E+01  1.500000E+01
  4.764728E+01  1.500000E+01
  4.728099E+01  1.500000E+01
  4.713902E+01  1.500000E+01
  4.677273E+01  1.500000E+01
  4.663075E+01  1.500000E+01
  4.626446E+01  1.500000E+01
  4.612249E+01  1.500000E+01
  4.575620E+01  1.500000E+01
  4.561422E+01  1.500000E+01
  4.524793E+01  1.500000E+01
  4.510596E+01  1.500000E+01
  4.473967E+01  1.500000E+01
  4.459769E+01  1.500000E+01
  4.423140E+01  1.500000E+01
  4.408943E+01  1.500000E+01
  4.372314E+01  1.500000E+01
  4.358117E+01  1.500000E+01
  4.321488E+01  1.500000E+01
  4.307290E+01  1.500000E+01
  4.270661E+01  1.500000E+01
  4.256464E+01  1.500000E+01
  4.219835E+01  1.500000E+01
  4.205637E+01  1.500000E+01
  4.169008E+01  1.500000E+01
  4.154811E+01  1.500000E+01
  4.118182E+01  1.500000E+01
  4.103984E+01  1.500000E+01
  4.067355E+01  1.500000E+01
  4.053158E+01  1.500000E+01
  4.016529E+01  1.500000E+01
  4.002331E+01  1.500000E+01
  3.965702E+01  1.500000E+01
  3.951505E+01  1.500000E+01
  3.914876E+01  1.500000E+01
  3.900679E+01  1.500000E+01
  3.864050E+01  1.500000E+01
  3.849852E+01  1.500000E+01
  3.813223E+01  1.500000E+01
  3.799026E+01  1.500000E+01
  3.762397E+01  1.500000E+01
  3.748199E+01  1.500000E+01
  3.711570E+01  1.500000E+01
  3.697373E+01  1.500000E+01
  3.660744E+01  1.500000E+01
  3.646546E+01  1.500000E+01
  3.609917E+01  1.500000E+01
  3.595720E+01  1.500000E+01
  3.559091E+01  1.500000E+01
  3.544893E+01  1.500000E+01
  3.508264E+01  1.500000E+01
  3.494067E+01  1.500000E+01
  3.457438E+01  1.500000E+01
  3.443240E+01  1.500000E+01
  3.406612E+01  1.500000E+01
  3.392414E+01  1.500000E+01
  3.355785E+01  1.500000E+01
  3.341588E+01  1.500000E+01
  3.304959E+01  1.500000E+01
  3.290761E+01  1.500000E+01
  3.254132E+01  1.500000E+01
  3.239935E+01  1.500000E+01
  3.203306E+01  1.500000E+01
  3.189108E+01  1.500000E+01
  3.152479E+01  1.500000E+01
  3.138282E+01  1.500000E+01
  3.101653E+01  1.500000E+01
  3.087455E+01  1.500000E+01
  3.050826E+01  1.500000E+01
  3.036629E+01  1.500000E+01
  3.000000E+01  1.500000E+01
  2.985802E+01  1.500000E+01
  2.949174E+01  1.500000E+01
  2.934976E+01  1.500000E+01
  2.898347E+01  1.500000E+01
  2.884150E+01  1.500000E+01
  2.847521E+01  1.500000E+01
  2.833323E+01  1.500000E+01
  2.796694E+01  1.500000E+01
  2.782497E+01  1.500000E+01
  2.745868E+01  1.500000E+01
  2.731670E+01  1.500000E+01
  2.695041E+01  1.500000E+01
  2.680844E+01  1.500000E+01
  2.644215E+01  1.500000E+01
  2.630017E+01  1.500000E+01
  2.593388E+01  1.500000E+01
  2.579191E+01  1.500000E+01
  2.542562E+01  1.500000E+01
  2.528364E+01  1.500000E+01
  2.491736E+01  1.500000E+01
  2.477538E+01  1.500000E+01
  2.440909E+01  1.500000E+01
  2.426712E+01  1.500000E+01
  2.390083E+01  1.500000E+01
  2.375885E+01  1.500000E+01
  2.339256E+01  1.500000E+01
  2.325059E+01  1.500000E+01
  2.288430E+01  1.500000E+01
  2.274232E+01  1.500000E+01
  2.237603E+01  1.500000E+01
  2.223406E+01  1.500000E+01
  2.186777E+01  1.500000E+01
  2.172579E+01  1.500000E+01
  2.135950E+01  1.500000E+01
  2.121753E+01  1.500000E+01
  2.085124E+01  1.500000E+01
  2.070926E+01  1.500000E+01
  2.034298E+01  1.500000E+01
  2.020100E+01  1.500000E+01
  1.983471E+01  1.500000E+01
  1.969274E+01  1.500000E+01
  1.932645E+01  1.500000E+01
  1.918447E+01  1.500000E+01
  1.881818E+01  1.500000E+01
  1.867621E+01  1.500000E+01
  1.830992E+01  1.500000E+01
  1.816794E+01  1.500000E+01
  1.780165E+01  1.500000E+01
  1.765968E+01  1.500000E+01
  1.729339E+01  1.500000E+01
  1.715141E+01  1.500000E+01
  1.678512E+01  1.500000E+01
  1.664315E+01  1.500000E+01
  1.627686E+01  1.500000E+01
  1.613488E+01  1.500000E+01
  1.576860E+01  1.500000E+01
  1.562662E+01  1.500000E+01
  1.526033E+01  1.500000E+01
  1.511836E+01  1.500000E+01
  1.500000E+01  1.485802E+01
  1.500000E+01  1.459769E+01
  1.500000E+01  1.434568E+01
  1.500000E+01  1.408535E+01
  1.500000E+01  1.383333E+01
  1.500000E+01  1.357300E+01
  1.500000E+01  1.332099E+01
  1.500000E+01  1.306066E+01
  1.500000E+01  1.280864E+01
  1.500000E+01  1.254831E+01
  1.500000E+01  1.229630E+01
  1.500000E+01  1.203597E+01
  1.500000E+01  1.178395E+01
  1.500000E+01  1.152362E+01
  1.500000E+01  1.127160E+01
  1.500000E+01  1.101127E+01
  1.500000E+01  1.075926E+01
  1.500000E+01  1.049893E+01
  1.500000E+01  1.024691E+01

#------------------------------------------------------------------------------
z: xorg(1.03)
p: xfac[c2*0.05] form[c1/0.05] notc noxt noyt dmin(1)
p: ymin(0) ymax(1) xmin(0) xmax(1) cmin(1) cmax(100) nosp
hc: y= 0.005 to 0.995 by 0.01 ; x= 0.5 to 0.5 by 1 ;
 1  2  3  4  5  6  7  8  9 10 11 12 13 14 15 16 17 18 19 20
21 22 23 24 25 26 27 28 29 30 31 32 33 34 35 36 37 38 39 40
41 42 43 44 45 46 47 48 49 50 51 52 53 54 55 56 57 58 59 60
61 62 63 64 65 66 67 68 69 70 71 72 73 74 75 76 77 78 79 80
81 82 83 84 85 86 87 88 89 90 91 92 93 94 95 96 97 98 99 100
z: xorg(0.0)
p: xfac[c2*0.05] form[c1/0.05] nosp afac[c5*0.625] ymin[c3] ymax[c4]
p: noxt noxn ytxt(-1) ynum(-1) xltd(-1) xstd(-1) itic(1) ylog
y: Flux [1/cm^2/source]              
#------------------------------------------------------------------------------

wt: s[c5]
\vspace{-3}
  emin  &=&   0.0000E+00 [MeV]
  emax  &=&   1.0000E+03 [MeV]
  xmin  &=&  -1.0000E+00 [cm]
  xmax  &=&   1.0000E+00 [cm]
  part. &=& proton  
e:

#------------------------------------------------------------------------------
z: xorg[-1.03/0.05]
p: form[c1] xfac[c2] afac[c5] nosp notf
p: xmin(  0.000000    ) xmax(  60.00000    )
p: ymin( -20.00000    ) ymax(  20.00000    )
