[ T-Track ]
    title = Bragg peak in pouch
     mesh =  xyz            # mesh type is xyz scoring mesh
   x-type =    2            # x-mesh is linear given by xmin, xmax and nx
     xmin =  -3.000000      # minimum value of x-mesh points
     xmax =   3.000000      # maximum value of x-mesh points
#    xdel =  0.1200000      # mesh width of x-mesh points
       nx =     50          # number of x-mesh points
#    data = ( x(i), i = 1, nx + 1 )
#          -3.00000E+00 -2.88000E+00 -2.76000E+00 -2.64000E+00 -2.52000E+00
#          -2.40000E+00 -2.28000E+00 -2.16000E+00 -2.04000E+00 -1.92000E+00
#          -1.80000E+00 -1.68000E+00 -1.56000E+00 -1.44000E+00 -1.32000E+00
#          -1.20000E+00 -1.08000E+00 -9.60000E-01 -8.40000E-01 -7.20000E-01
#          -6.00000E-01 -4.80000E-01 -3.60000E-01 -2.40000E-01 -1.20000E-01
#           0.00000E+00  1.20000E-01  2.40000E-01  3.60000E-01  4.80000E-01
#           6.00000E-01  7.20000E-01  8.40000E-01  9.60000E-01  1.08000E+00
#           1.20000E+00  1.32000E+00  1.44000E+00  1.56000E+00  1.68000E+00
#           1.80000E+00  1.92000E+00  2.04000E+00  2.16000E+00  2.28000E+00
#           2.40000E+00  2.52000E+00  2.64000E+00  2.76000E+00  2.88000E+00
#           3.00000E+00
   y-type =    2            # y-mesh is linear given by ymin, ymax and ny
     ymin =  -3.000000      # minimum value of y-mesh points
     ymax =   3.000000      # maximum value of y-mesh points
#    ydel =   6.000000      # mesh width of y-mesh points
       ny =      1          # number of y-mesh points
#    data = ( y(i), i = 1, ny + 1 )
#          -3.00000E+00  3.00000E+00
   z-type =    2            # z-mesh is linear given by zmin, zmax and nz
     zmin = -0.5000000      # minimum value of z-mesh points
     zmax =   1.500000      # maximum value of z-mesh points
#    zdel =  1.0000000E-02  # mesh width of z-mesh points
       nz =    200          # number of z-mesh points
#    data = ( z(i), i = 1, nz + 1 )
#          -5.00000E-01 -4.90000E-01 -4.80000E-01 -4.70000E-01 -4.60000E-01
#          -4.50000E-01 -4.40000E-01 -4.30000E-01 -4.20000E-01 -4.10000E-01
#          -4.00000E-01 -3.90000E-01 -3.80000E-01 -3.70000E-01 -3.60000E-01
#          -3.50000E-01 -3.40000E-01 -3.30000E-01 -3.20000E-01 -3.10000E-01
#          -3.00000E-01 -2.90000E-01 -2.80000E-01 -2.70000E-01 -2.60000E-01
#          -2.50000E-01 -2.40000E-01 -2.30000E-01 -2.20000E-01 -2.10000E-01
#          -2.00000E-01 -1.90000E-01 -1.80000E-01 -1.70000E-01 -1.60000E-01
#          -1.50000E-01 -1.40000E-01 -1.30000E-01 -1.20000E-01 -1.10000E-01
#          -1.00000E-01 -9.00000E-02 -8.00000E-02 -7.00000E-02 -6.00000E-02
#          -5.00000E-02 -4.00000E-02 -3.00000E-02 -2.00000E-02 -1.00000E-02
#           0.00000E+00  1.00000E-02  2.00000E-02  3.00000E-02  4.00000E-02
#           5.00000E-02  6.00000E-02  7.00000E-02  8.00000E-02  9.00000E-02
#           1.00000E-01  1.10000E-01  1.20000E-01  1.30000E-01  1.40000E-01
#           1.50000E-01  1.60000E-01  1.70000E-01  1.80000E-01  1.90000E-01
#           2.00000E-01  2.10000E-01  2.20000E-01  2.30000E-01  2.40000E-01
#           2.50000E-01  2.60000E-01  2.70000E-01  2.80000E-01  2.90000E-01
#           3.00000E-01  3.10000E-01  3.20000E-01  3.30000E-01  3.40000E-01
#           3.50000E-01  3.60000E-01  3.70000E-01  3.80000E-01  3.90000E-01
#           4.00000E-01  4.10000E-01  4.20000E-01  4.30000E-01  4.40000E-01
#           4.50000E-01  4.60000E-01  4.70000E-01  4.80000E-01  4.90000E-01
#           5.00000E-01  5.10000E-01  5.20000E-01  5.30000E-01  5.40000E-01
#           5.50000E-01  5.60000E-01  5.70000E-01  5.80000E-01  5.90000E-01
#           6.00000E-01  6.10000E-01  6.20000E-01  6.30000E-01  6.40000E-01
#           6.50000E-01  6.60000E-01  6.70000E-01  6.80000E-01  6.90000E-01
#           7.00000E-01  7.10000E-01  7.20000E-01  7.30000E-01  7.40000E-01
#           7.50000E-01  7.60000E-01  7.70000E-01  7.80000E-01  7.90000E-01
#           8.00000E-01  8.10000E-01  8.20000E-01  8.30000E-01  8.40000E-01
#           8.50000E-01  8.60000E-01  8.70000E-01  8.80000E-01  8.90000E-01
#           9.00000E-01  9.10000E-01  9.20000E-01  9.30000E-01  9.40000E-01
#           9.50000E-01  9.60000E-01  9.70000E-01  9.80000E-01  9.90000E-01
#           1.00000E+00  1.01000E+00  1.02000E+00  1.03000E+00  1.04000E+00
#           1.05000E+00  1.06000E+00  1.07000E+00  1.08000E+00  1.09000E+00
#           1.10000E+00  1.11000E+00  1.12000E+00  1.13000E+00  1.14000E+00
#           1.15000E+00  1.16000E+00  1.17000E+00  1.18000E+00  1.19000E+00
#           1.20000E+00  1.21000E+00  1.22000E+00  1.23000E+00  1.24000E+00
#           1.25000E+00  1.26000E+00  1.27000E+00  1.28000E+00  1.29000E+00
#           1.30000E+00  1.31000E+00  1.32000E+00  1.33000E+00  1.34000E+00
#           1.35000E+00  1.36000E+00  1.37000E+00  1.38000E+00  1.39000E+00
#           1.40000E+00  1.41000E+00  1.42000E+00  1.43000E+00  1.44000E+00
#           1.45000E+00  1.46000E+00  1.47000E+00  1.48000E+00  1.49000E+00
#           1.50000E+00
   e-type =    1            # e-mesh is given by the below data
       ne =      1          # number of e-mesh points
#    data = ( e(i), i = 1, ne + 1 )
            0.00000E+00  1.00000E+03
     unit =    1            # unit is [1/cm^2/source]
 material =  all            # (D=all) number of specific material
  2D-type =    3            # 1:Cont, 2:Clust, 3:Color, 4:xyz, 5:mat, 6:Clust+Cont, 7:Col+Cont
     axis =      xz            # axis of output
     file = track_xz2.out   # file name of output for the above axis
     part =  proton   
# kf/name :  2212     
   epsout =    1            # (D=0) generate eps file by ANGEL
#    used :        main (  %)        temp (  %)       total (  %)
#  memory :         260 (  0)           0 (  0)         260 (  0)

#------------------------------------------------------------------------------
#newpage:
#   no. =  1   ie  =  1   iy  =  1   part. = proton  
#   e = (   0.0000E+00  -   1.0000E+03  )
#   y = (  -3.0000E+00  -   3.0000E+00  )

'no. =  1,  ie =  1,  iy =  1'
msuc: {\huge Bragg peak in pouch}
msdr: {\it plotted by \ANGEL \version}
msdl: {\it calculated by \PHITS  3.35}

x: z [cm]
y: x [cm]
set: c1[ 3.000] c2[ 0.520] c5[ 0.800] c6[ 0.637] c7[ 1.333] c8[ 0.000]
p: h2fs form[c1] xfac[c2] afac[c5] scal[c6] xorg[c7] yorg[c8] nosp
set: c3[   1.972144E-07] c4[   2.116775E-01]
p: cmin[c3] cmax[c4]
p: dmin(1e-31)
p: zlog
p: xmin(-0.5000000    ) xmax(  1.500000    )
p: ymin( -3.000000    ) ymax(  3.000000    )
#  nx =  50   nz = 200
# ( ( data(z,x), z = 1, nz ), x = nx, 1, -1 )

hc:  y =   2.940000     to  -2.940000     by  0.1200000     ; x = -0.4950000     to   1.495000     by  1.0000000E-02 ;
  0.000E+00  0.000E+00  0.000E+00  0.000E+00  0.000E+00  0.000E+00  0.000E+00  0.000E+00  0.000E+00  0.000E+00
  0.000E+00  0.000E+00  0.000E+00  0.000E+00  0.000E+00  0.000E+00  0.000E+00  0.000E+00  0.000E+00  0.000E+00
  0.000E+00  0.000E+00  0.000E+00  0.000E+00  0.000E+00  2.739E-06  3.314E-05  3.314E-05  3.314E-05  3.314E-05
  3.314E-05  3.314E-05  3.314E-05  6.323E-06  0.000E+00  0.000E+00  0.000E+00  0.000E+00  0.000E+00  0.000E+00
  0.000E+00  0.000E+00  0.000E+00  0.000E+00  0.000E+00  0.000E+00  0.000E+00  0.000E+00  0.000E+00  0.000E+00
  0.000E+00  0.000E+00  0.000E+00  0.000E+00  0.000E+00  0.000E+00  0.000E+00  0.000E+00  0.000E+00  0.000E+00
  0.000E+00  0.000E+00  0.000E+00  0.000E+00  0.000E+00  0.000E+00  0.000E+00  0.000E+00  0.000E+00  0.000E+00
  0.000E+00  0.000E+00  0.000E+00  0.000E+00  0.000E+00  0.000E+00  0.000E+00  0.000E+00  0.000E+00  0.000E+00
  0.000E+00  0.000E+00  0.000E+00  0.000E+00  0.000E+00  0.000E+00  0.000E+00  0.000E+00  0.000E+00  0.000E+00
  0.000E+00  0.000E+00  0.000E+00  0.000E+00  0.000E+00  0.000E+00  0.000E+00  0.000E+00  0.000E+00  0.000E+00
  0.000E+00  0.000E+00  0.000E+00  0.000E+00  0.000E+00  0.000E+00  0.000E+00  0.000E+00  0.000E+00  0.000E+00
  0.000E+00  0.000E+00  0.000E+00  0.000E+00  0.000E+00  0.000E+00  0.000E+00  0.000E+00  0.000E+00  0.000E+00
  0.000E+00  0.000E+00  6.174E-06  1.679E-05  1.679E-05  1.679E-05  1.679E-05  1.679E-05  1.679E-05  1.679E-05
  1.679E-05  1.679E-05  1.679E-05  1.679E-05  1.679E-05  1.679E-05  1.679E-05  1.679E-05  1.679E-05  1.679E-05
  8.088E-06  0.000E+00  0.000E+00  0.000E+00  0.000E+00  0.000E+00  0.000E+00  0.000E+00  0.000E+00  0.000E+00
  0.000E+00  0.000E+00  0.000E+00  0.000E+00  0.000E+00  0.000E+00  0.000E+00  0.000E+00  0.000E+00  0.000E+00
  0.000E+00  0.000E+00  0.000E+00  0.000E+00  0.000E+00  0.000E+00  0.000E+00  0.000E+00  3.246E-05  4.756E-05
  4.756E-05  4.756E-05  1.196E-05  0.000E+00  0.000E+00  0.000E+00  0.000E+00  0.000E+00  0.000E+00  0.000E+00
  0.000E+00  0.000E+00  0.000E+00  0.000E+00  0.000E+00  0.000E+00  0.000E+00  0.000E+00  0.000E+00  0.000E+00
  0.000E+00  0.000E+00  0.000E+00  0.000E+00  0.000E+00  0.000E+00  0.000E+00  0.000E+00  0.000E+00  0.000E+00
  0.000E+00  0.000E+00  0.000E+00  0.000E+00  0.000E+00  0.000E+00  0.000E+00  0.000E+00  0.000E+00  0.000E+00
  0.000E+00  0.000E+00  0.000E+00  0.000E+00  0.000E+00  0.000E+00  0.000E+00  0.000E+00  0.000E+00  0.000E+00
  0.000E+00  0.000E+00  0.000E+00  0.000E+00  0.000E+00  0.000E+00  0.000E+00  0.000E+00  0.000E+00  0.000E+00
  0.000E+00  0.000E+00  0.000E+00  2.682E-05  3.314E-05  3.314E-05  3.314E-05  3.314E-05  3.314E-05  3.314E-05
  1.538E-05  0.000E+00  0.000E+00  0.000E+00  0.000E+00  0.000E+00  0.000E+00  0.000E+00  0.000E+00  0.000E+00
  0.000E+00  0.000E+00  0.000E+00  0.000E+00  0.000E+00  0.000E+00  0.000E+00  0.000E+00  0.000E+00  0.000E+00
  0.000E+00  0.000E+00  0.000E+00  0.000E+00  0.000E+00  0.000E+00  0.000E+00  0.000E+00  0.000E+00  0.000E+00
  0.000E+00  0.000E+00  0.000E+00  0.000E+00  0.000E+00  0.000E+00  0.000E+00  0.000E+00  0.000E+00  0.000E+00
  0.000E+00  0.000E+00  0.000E+00  0.000E+00  0.000E+00  0.000E+00  0.000E+00  0.000E+00  0.000E+00  0.000E+00
  0.000E+00  0.000E+00  0.000E+00  0.000E+00  0.000E+00  0.000E+00  0.000E+00  0.000E+00  0.000E+00  0.000E+00
  0.000E+00  0.000E+00  0.000E+00  0.000E+00  0.000E+00  0.000E+00  0.000E+00  0.000E+00  0.000E+00  0.000E+00
  0.000E+00  0.000E+00  0.000E+00  0.000E+00  0.000E+00  0.000E+00  0.000E+00  0.000E+00  0.000E+00  0.000E+00
  0.000E+00  0.000E+00  0.000E+00  0.000E+00  0.000E+00  0.000E+00  0.000E+00  0.000E+00  0.000E+00  0.000E+00
  0.000E+00  0.000E+00  0.000E+00  0.000E+00  0.000E+00  0.000E+00  0.000E+00  0.000E+00  0.000E+00  0.000E+00
  8.700E-06  1.679E-05  1.679E-05  1.679E-05  1.679E-05  1.679E-05  1.679E-05  1.679E-05  1.679E-05  1.679E-05
  1.679E-05  1.679E-05  1.679E-05  1.679E-05  1.679E-05  1.679E-05  1.679E-05  1.679E-05  5.562E-06  0.000E+00
  0.000E+00  0.000E+00  0.000E+00  0.000E+00  2.932E-05  4.756E-05  4.756E-05  4.756E-05  1.510E-05  0.000E+00
  0.000E+00  0.000E+00  0.000E+00  0.000E+00  0.000E+00  0.000E+00  0.000E+00  0.000E+00  0.000E+00  0.000E+00
  0.000E+00  0.000E+00  0.000E+00  0.000E+00  0.000E+00  0.000E+00  0.000E+00  0.000E+00  0.000E+00  0.000E+00
  0.000E+00  0.000E+00  0.000E+00  0.000E+00  0.000E+00  0.000E+00  0.000E+00  0.000E+00  0.000E+00  0.000E+00
  0.000E+00  0.000E+00  0.000E+00  0.000E+00  0.000E+00  0.000E+00  0.000E+00  0.000E+00  0.000E+00  0.000E+00
  0.000E+00  0.000E+00  0.000E+00  0.000E+00  0.000E+00  0.000E+00  0.000E+00  0.000E+00  0.000E+00  0.000E+00
  0.000E+00  0.000E+00  0.000E+00  0.000E+00  0.000E+00  0.000E+00  0.000E+00  0.000E+00  0.000E+00  0.000E+00
  0.000E+00  0.000E+00  0.000E+00  0.000E+00  0.000E+00  0.000E+00  0.000E+00  0.000E+00  0.000E+00  0.000E+00
  1.776E-05  3.314E-05  3.314E-05  3.314E-05  3.314E-05  3.314E-05  3.314E-05  2.445E-05  0.000E+00  0.000E+00
  0.000E+00  0.000E+00  0.000E+00  0.000E+00  0.000E+00  0.000E+00  0.000E+00  0.000E+00  0.000E+00  0.000E+00
  0.000E+00  0.000E+00  0.000E+00  0.000E+00  0.000E+00  0.000E+00  0.000E+00  0.000E+00  0.000E+00  0.000E+00
  0.000E+00  0.000E+00  0.000E+00  0.000E+00  0.000E+00  0.000E+00  0.000E+00  0.000E+00  0.000E+00  0.000E+00
  0.000E+00  0.000E+00  0.000E+00  0.000E+00  0.000E+00  0.000E+00  0.000E+00  0.000E+00  0.000E+00  0.000E+00
  0.000E+00  0.000E+00  0.000E+00  0.000E+00  0.000E+00  0.000E+00  0.000E+00  0.000E+00  0.000E+00  0.000E+00
  0.000E+00  0.000E+00  0.000E+00  0.000E+00  0.000E+00  0.000E+00  0.000E+00  0.000E+00  0.000E+00  0.000E+00
  0.000E+00  0.000E+00  0.000E+00  0.000E+00  0.000E+00  0.000E+00  0.000E+00  0.000E+00  0.000E+00  0.000E+00
  0.000E+00  0.000E+00  0.000E+00  0.000E+00  0.000E+00  0.000E+00  0.000E+00  0.000E+00  0.000E+00  0.000E+00
  0.000E+00  0.000E+00  0.000E+00  0.000E+00  0.000E+00  0.000E+00  0.000E+00  0.000E+00  0.000E+00  0.000E+00
  0.000E+00  0.000E+00  0.000E+00  0.000E+00  0.000E+00  0.000E+00  0.000E+00  0.000E+00  0.000E+00  0.000E+00
  0.000E+00  0.000E+00  0.000E+00  0.000E+00  0.000E+00  0.000E+00  0.000E+00  0.000E+00  1.123E-05  1.679E-05
  4.297E-05  6.434E-05  6.434E-05  6.434E-05  3.502E-05  1.679E-05  1.679E-05  1.679E-05  1.679E-05  1.679E-05
  1.679E-05  1.679E-05  1.679E-05  1.679E-05  1.679E-05  1.679E-05  3.036E-06  0.000E+00  0.000E+00  0.000E+00
  0.000E+00  0.000E+00  0.000E+00  0.000E+00  0.000E+00  0.000E+00  0.000E+00  0.000E+00  0.000E+00  0.000E+00
  0.000E+00  0.000E+00  0.000E+00  0.000E+00  0.000E+00  0.000E+00  0.000E+00  0.000E+00  0.000E+00  0.000E+00
  0.000E+00  0.000E+00  0.000E+00  0.000E+00  0.000E+00  0.000E+00  0.000E+00  0.000E+00  0.000E+00  0.000E+00
  0.000E+00  0.000E+00  0.000E+00  0.000E+00  0.000E+00  0.000E+00  0.000E+00  0.000E+00  0.000E+00  0.000E+00
  0.000E+00  0.000E+00  0.000E+00  0.000E+00  0.000E+00  0.000E+00  0.000E+00  0.000E+00  0.000E+00  0.000E+00
  0.000E+00  0.000E+00  0.000E+00  0.000E+00  0.000E+00  0.000E+00  0.000E+00  0.000E+00  0.000E+00  0.000E+00
  0.000E+00  0.000E+00  0.000E+00  0.000E+00  0.000E+00  0.000E+00  0.000E+00  8.697E-06  3.314E-05  3.314E-05
  3.314E-05  3.314E-05  3.314E-05  3.314E-05  3.314E-05  3.647E-07  0.000E+00  0.000E+00  0.000E+00  0.000E+00
  0.000E+00  0.000E+00  0.000E+00  0.000E+00  0.000E+00  0.000E+00  0.000E+00  0.000E+00  0.000E+00  0.000E+00
  0.000E+00  0.000E+00  0.000E+00  0.000E+00  0.000E+00  0.000E+00  0.000E+00  0.000E+00  0.000E+00  0.000E+00
  0.000E+00  0.000E+00  0.000E+00  0.000E+00  0.000E+00  0.000E+00  0.000E+00  0.000E+00  0.000E+00  0.000E+00
  0.000E+00  0.000E+00  0.000E+00  0.000E+00  0.000E+00  0.000E+00  0.000E+00  0.000E+00  0.000E+00  0.000E+00
  0.000E+00  0.000E+00  0.000E+00  0.000E+00  0.000E+00  0.000E+00  0.000E+00  0.000E+00  0.000E+00  0.000E+00
  0.000E+00  0.000E+00  0.000E+00  0.000E+00  0.000E+00  0.000E+00  0.000E+00  0.000E+00  0.000E+00  0.000E+00
  0.000E+00  0.000E+00  0.000E+00  0.000E+00  0.000E+00  0.000E+00  0.000E+00  0.000E+00  0.000E+00  0.000E+00
  0.000E+00  0.000E+00  0.000E+00  0.000E+00  0.000E+00  0.000E+00  0.000E+00  0.000E+00  0.000E+00  0.000E+00
  0.000E+00  0.000E+00  0.000E+00  0.000E+00  0.000E+00  0.000E+00  0.000E+00  0.000E+00  0.000E+00  0.000E+00
  0.000E+00  0.000E+00  0.000E+00  0.000E+00  0.000E+00  0.000E+00  2.304E-05  4.756E-05  4.756E-05  4.756E-05
  2.138E-05  0.000E+00  0.000E+00  0.000E+00  0.000E+00  0.000E+00  0.000E+00  0.000E+00  0.000E+00  0.000E+00
  0.000E+00  0.000E+00  0.000E+00  0.000E+00  0.000E+00  0.000E+00  1.375E-05  1.679E-05  1.679E-05  1.679E-05
  1.679E-05  1.679E-05  1.679E-05  1.679E-05  1.679E-05  1.679E-05  1.679E-05  1.679E-05  1.679E-05  1.679E-05
  1.679E-05  1.679E-05  1.679E-05  1.679E-05  5.101E-07  0.000E+00  0.000E+00  0.000E+00  0.000E+00  0.000E+00
  0.000E+00  0.000E+00  0.000E+00  0.000E+00  0.000E+00  0.000E+00  0.000E+00  0.000E+00  0.000E+00  0.000E+00
  0.000E+00  0.000E+00  0.000E+00  0.000E+00  0.000E+00  0.000E+00  0.000E+00  0.000E+00  0.000E+00  0.000E+00
  0.000E+00  0.000E+00  0.000E+00  0.000E+00  0.000E+00  0.000E+00  0.000E+00  0.000E+00  0.000E+00  0.000E+00
  0.000E+00  0.000E+00  0.000E+00  0.000E+00  0.000E+00  0.000E+00  0.000E+00  0.000E+00  0.000E+00  0.000E+00
  0.000E+00  0.000E+00  0.000E+00  0.000E+00  0.000E+00  0.000E+00  0.000E+00  0.000E+00  0.000E+00  0.000E+00
  0.000E+00  0.000E+00  0.000E+00  0.000E+00  0.000E+00  3.278E-05  3.314E-05  3.314E-05  3.314E-05  3.314E-05
  3.314E-05  3.314E-05  9.427E-06  0.000E+00  0.000E+00  0.000E+00  0.000E+00  0.000E+00  0.000E+00  0.000E+00
  0.000E+00  0.000E+00  0.000E+00  0.000E+00  0.000E+00  0.000E+00  0.000E+00  0.000E+00  0.000E+00  0.000E+00
  0.000E+00  0.000E+00  0.000E+00  0.000E+00  0.000E+00  0.000E+00  0.000E+00  0.000E+00  0.000E+00  0.000E+00
  0.000E+00  0.000E+00  0.000E+00  0.000E+00  0.000E+00  0.000E+00  0.000E+00  0.000E+00  0.000E+00  0.000E+00
  0.000E+00  0.000E+00  0.000E+00  0.000E+00  0.000E+00  0.000E+00  0.000E+00  0.000E+00  0.000E+00  0.000E+00
  0.000E+00  0.000E+00  0.000E+00  0.000E+00  0.000E+00  0.000E+00  0.000E+00  0.000E+00  0.000E+00  0.000E+00
  0.000E+00  0.000E+00  0.000E+00  0.000E+00  0.000E+00  0.000E+00  0.000E+00  0.000E+00  0.000E+00  0.000E+00
  0.000E+00  0.000E+00  0.000E+00  0.000E+00  0.000E+00  0.000E+00  0.000E+00  0.000E+00  0.000E+00  0.000E+00
  0.000E+00  0.000E+00  0.000E+00  0.000E+00  0.000E+00  0.000E+00  0.000E+00  0.000E+00  0.000E+00  0.000E+00
  0.000E+00  0.000E+00  1.990E-05  4.756E-05  4.756E-05  4.756E-05  2.451E-05  0.000E+00  0.000E+00  0.000E+00
  0.000E+00  0.000E+00  0.000E+00  0.000E+00  0.000E+00  0.000E+00  0.000E+00  0.000E+00  0.000E+00  0.000E+00
  0.000E+00  0.000E+00  0.000E+00  0.000E+00  0.000E+00  0.000E+00  0.000E+00  0.000E+00  0.000E+00  0.000E+00
  0.000E+00  0.000E+00  0.000E+00  0.000E+00  0.000E+00  0.000E+00  0.000E+00  0.000E+00  0.000E+00  0.000E+00
  0.000E+00  0.000E+00  0.000E+00  0.000E+00  1.628E-05  1.679E-05  1.679E-05  1.679E-05  1.679E-05  1.679E-05
  0.000E+00  0.000E+00  0.000E+00  0.000E+00  0.000E+00  0.000E+00  0.000E+00  0.000E+00  0.000E+00  0.000E+00
  0.000E+00  0.000E+00  0.000E+00  0.000E+00  0.000E+00  0.000E+00  0.000E+00  0.000E+00  0.000E+00  0.000E+00
  0.000E+00  0.000E+00  0.000E+00  0.000E+00  0.000E+00  0.000E+00  0.000E+00  0.000E+00  0.000E+00  0.000E+00
  0.000E+00  0.000E+00  0.000E+00  0.000E+00  0.000E+00  0.000E+00  0.000E+00  0.000E+00  0.000E+00  0.000E+00
  0.000E+00  0.000E+00  0.000E+00  0.000E+00  0.000E+00  0.000E+00  0.000E+00  0.000E+00  0.000E+00  0.000E+00
  0.000E+00  0.000E+00  0.000E+00  0.000E+00  0.000E+00  0.000E+00  0.000E+00  0.000E+00  0.000E+00  0.000E+00
  0.000E+00  0.000E+00  2.372E-05  3.314E-05  3.314E-05  3.314E-05  3.314E-05  3.314E-05  3.314E-05  1.849E-05
  0.000E+00  0.000E+00  0.000E+00  0.000E+00  0.000E+00  0.000E+00  0.000E+00  0.000E+00  0.000E+00  0.000E+00
  0.000E+00  0.000E+00  0.000E+00  0.000E+00  0.000E+00  0.000E+00  0.000E+00  0.000E+00  0.000E+00  0.000E+00
  0.000E+00  0.000E+00  0.000E+00  0.000E+00  0.000E+00  0.000E+00  0.000E+00  0.000E+00  0.000E+00  0.000E+00
  0.000E+00  0.000E+00  0.000E+00  0.000E+00  0.000E+00  0.000E+00  0.000E+00  0.000E+00  0.000E+00  0.000E+00
  0.000E+00  0.000E+00  0.000E+00  0.000E+00  0.000E+00  0.000E+00  0.000E+00  0.000E+00  0.000E+00  0.000E+00
  0.000E+00  0.000E+00  0.000E+00  0.000E+00  0.000E+00  0.000E+00  0.000E+00  0.000E+00  0.000E+00  0.000E+00
  0.000E+00  0.000E+00  0.000E+00  0.000E+00  0.000E+00  0.000E+00  0.000E+00  0.000E+00  0.000E+00  0.000E+00
  0.000E+00  0.000E+00  0.000E+00  0.000E+00  0.000E+00  0.000E+00  0.000E+00  0.000E+00  1.676E-05  4.756E-05
  4.756E-05  4.756E-05  2.765E-05  0.000E+00  0.000E+00  0.000E+00  0.000E+00  0.000E+00  0.000E+00  0.000E+00
  0.000E+00  0.000E+00  0.000E+00  0.000E+00  0.000E+00  0.000E+00  0.000E+00  0.000E+00  0.000E+00  0.000E+00
  0.000E+00  0.000E+00  0.000E+00  0.000E+00  0.000E+00  0.000E+00  0.000E+00  0.000E+00  0.000E+00  0.000E+00
  0.000E+00  0.000E+00  0.000E+00  0.000E+00  0.000E+00  0.000E+00  0.000E+00  0.000E+00  0.000E+00  0.000E+00
  0.000E+00  0.000E+00  0.000E+00  0.000E+00  0.000E+00  0.000E+00  0.000E+00  0.000E+00  0.000E+00  0.000E+00
  0.000E+00  0.000E+00  0.000E+00  0.000E+00  0.000E+00  0.000E+00  0.000E+00  0.000E+00  0.000E+00  0.000E+00
  0.000E+00  0.000E+00  0.000E+00  0.000E+00  0.000E+00  0.000E+00  0.000E+00  0.000E+00  0.000E+00  0.000E+00
  0.000E+00  0.000E+00  0.000E+00  0.000E+00  0.000E+00  0.000E+00  0.000E+00  0.000E+00  0.000E+00  0.000E+00
  0.000E+00  0.000E+00  0.000E+00  0.000E+00  0.000E+00  0.000E+00  0.000E+00  0.000E+00  0.000E+00  0.000E+00
  0.000E+00  0.000E+00  0.000E+00  0.000E+00  0.000E+00  0.000E+00  0.000E+00  0.000E+00  0.000E+00  0.000E+00
  0.000E+00  0.000E+00  0.000E+00  0.000E+00  0.000E+00  0.000E+00  0.000E+00  0.000E+00  0.000E+00  0.000E+00
  0.000E+00  0.000E+00  0.000E+00  0.000E+00  0.000E+00  0.000E+00  0.000E+00  0.000E+00  0.000E+00  1.466E-05
  3.314E-05  3.314E-05  3.314E-05  3.314E-05  3.314E-05  3.314E-05  2.755E-05  0.000E+00  0.000E+00  0.000E+00
  0.000E+00  0.000E+00  0.000E+00  0.000E+00  0.000E+00  0.000E+00  0.000E+00  0.000E+00  0.000E+00  0.000E+00
  0.000E+00  0.000E+00  0.000E+00  0.000E+00  0.000E+00  0.000E+00  0.000E+00  0.000E+00  0.000E+00  0.000E+00
  0.000E+00  0.000E+00  0.000E+00  0.000E+00  0.000E+00  0.000E+00  0.000E+00  0.000E+00  0.000E+00  0.000E+00
  0.000E+00  0.000E+00  0.000E+00  0.000E+00  0.000E+00  0.000E+00  0.000E+00  0.000E+00  0.000E+00  0.000E+00
  0.000E+00  0.000E+00  0.000E+00  0.000E+00  0.000E+00  0.000E+00  0.000E+00  0.000E+00  0.000E+00  0.000E+00
  0.000E+00  0.000E+00  0.000E+00  0.000E+00  0.000E+00  0.000E+00  0.000E+00  0.000E+00  0.000E+00  0.000E+00
  0.000E+00  0.000E+00  0.000E+00  0.000E+00  1.363E-05  4.756E-05  4.756E-05  4.756E-05  3.079E-05  0.000E+00
  0.000E+00  0.000E+00  0.000E+00  0.000E+00  0.000E+00  0.000E+00  0.000E+00  0.000E+00  0.000E+00  0.000E+00
  0.000E+00  0.000E+00  0.000E+00  0.000E+00  0.000E+00  0.000E+00  0.000E+00  0.000E+00  0.000E+00  0.000E+00
  0.000E+00  0.000E+00  0.000E+00  0.000E+00  0.000E+00  0.000E+00  0.000E+00  0.000E+00  0.000E+00  0.000E+00
  0.000E+00  0.000E+00  0.000E+00  0.000E+00  0.000E+00  0.000E+00  0.000E+00  0.000E+00  0.000E+00  0.000E+00
  0.000E+00  0.000E+00  0.000E+00  0.000E+00  0.000E+00  0.000E+00  0.000E+00  0.000E+00  0.000E+00  0.000E+00
  0.000E+00  0.000E+00  0.000E+00  0.000E+00  0.000E+00  0.000E+00  0.000E+00  0.000E+00  0.000E+00  0.000E+00
  0.000E+00  0.000E+00  0.000E+00  0.000E+00  0.000E+00  0.000E+00  0.000E+00  0.000E+00  0.000E+00  0.000E+00
  0.000E+00  0.000E+00  0.000E+00  0.000E+00  0.000E+00  0.000E+00  0.000E+00  0.000E+00  0.000E+00  0.000E+00
  0.000E+00  0.000E+00  0.000E+00  0.000E+00  0.000E+00  0.000E+00  0.000E+00  0.000E+00  0.000E+00  0.000E+00
  0.000E+00  0.000E+00  0.000E+00  0.000E+00  0.000E+00  0.000E+00  0.000E+00  0.000E+00  0.000E+00  0.000E+00
  0.000E+00  0.000E+00  0.000E+00  0.000E+00  0.000E+00  0.000E+00  0.000E+00  0.000E+00  0.000E+00  0.000E+00
  0.000E+00  0.000E+00  0.000E+00  0.000E+00  0.000E+00  0.000E+00  0.000E+00  0.000E+00  0.000E+00  0.000E+00
  0.000E+00  0.000E+00  0.000E+00  0.000E+00  0.000E+00  0.000E+00  5.593E-06  3.314E-05  3.314E-05  3.314E-05
  3.314E-05  3.314E-05  3.314E-05  3.314E-05  3.469E-06  0.000E+00  0.000E+00  0.000E+00  0.000E+00  0.000E+00
  0.000E+00  0.000E+00  0.000E+00  0.000E+00  0.000E+00  0.000E+00  0.000E+00  0.000E+00  0.000E+00  0.000E+00
  0.000E+00  0.000E+00  0.000E+00  0.000E+00  0.000E+00  0.000E+00  0.000E+00  0.000E+00  0.000E+00  0.000E+00
  0.000E+00  0.000E+00  0.000E+00  0.000E+00  0.000E+00  0.000E+00  0.000E+00  0.000E+00  0.000E+00  0.000E+00
  0.000E+00  0.000E+00  0.000E+00  0.000E+00  0.000E+00  0.000E+00  0.000E+00  0.000E+00  0.000E+00  0.000E+00
  0.000E+00  0.000E+00  0.000E+00  0.000E+00  0.000E+00  0.000E+00  0.000E+00  0.000E+00  0.000E+00  0.000E+00
  1.049E-05  4.756E-05  4.756E-05  4.756E-05  3.393E-05  0.000E+00  0.000E+00  0.000E+00  0.000E+00  0.000E+00
  0.000E+00  0.000E+00  0.000E+00  0.000E+00  0.000E+00  0.000E+00  0.000E+00  0.000E+00  0.000E+00  0.000E+00
  0.000E+00  0.000E+00  0.000E+00  0.000E+00  0.000E+00  0.000E+00  0.000E+00  0.000E+00  0.000E+00  0.000E+00
  0.000E+00  0.000E+00  0.000E+00  0.000E+00  0.000E+00  0.000E+00  0.000E+00  0.000E+00  0.000E+00  0.000E+00
  0.000E+00  0.000E+00  0.000E+00  0.000E+00  0.000E+00  0.000E+00  0.000E+00  0.000E+00  0.000E+00  0.000E+00
  0.000E+00  0.000E+00  0.000E+00  0.000E+00  0.000E+00  0.000E+00  0.000E+00  0.000E+00  0.000E+00  0.000E+00
  0.000E+00  0.000E+00  0.000E+00  0.000E+00  0.000E+00  0.000E+00  0.000E+00  0.000E+00  0.000E+00  0.000E+00
  0.000E+00  0.000E+00  0.000E+00  0.000E+00  0.000E+00  0.000E+00  0.000E+00  0.000E+00  0.000E+00  0.000E+00
  0.000E+00  0.000E+00  0.000E+00  0.000E+00  0.000E+00  0.000E+00  0.000E+00  0.000E+00  0.000E+00  0.000E+00
  0.000E+00  0.000E+00  0.000E+00  0.000E+00  0.000E+00  0.000E+00  0.000E+00  0.000E+00  0.000E+00  0.000E+00
  0.000E+00  0.000E+00  0.000E+00  0.000E+00  0.000E+00  0.000E+00  0.000E+00  0.000E+00  0.000E+00  0.000E+00
  0.000E+00  0.000E+00  0.000E+00  0.000E+00  0.000E+00  0.000E+00  0.000E+00  0.000E+00  0.000E+00  0.000E+00
  0.000E+00  0.000E+00  0.000E+00  0.000E+00  0.000E+00  0.000E+00  0.000E+00  0.000E+00  0.000E+00  0.000E+00
  0.000E+00  0.000E+00  0.000E+00  0.000E+00  0.000E+00  0.000E+00  0.000E+00  0.000E+00  0.000E+00  0.000E+00
  0.000E+00  0.000E+00  0.000E+00  0.000E+00  2.968E-05  3.314E-05  3.314E-05  3.314E-05  3.314E-05  3.314E-05
  3.314E-05  1.253E-05  0.000E+00  0.000E+00  0.000E+00  0.000E+00  0.000E+00  0.000E+00  0.000E+00  0.000E+00
  0.000E+00  0.000E+00  0.000E+00  0.000E+00  0.000E+00  0.000E+00  0.000E+00  0.000E+00  0.000E+00  0.000E+00
  0.000E+00  0.000E+00  0.000E+00  0.000E+00  0.000E+00  0.000E+00  0.000E+00  0.000E+00  0.000E+00  0.000E+00
  0.000E+00  0.000E+00  0.000E+00  0.000E+00  0.000E+00  0.000E+00  0.000E+00  0.000E+00  0.000E+00  0.000E+00
  0.000E+00  0.000E+00  0.000E+00  0.000E+00  0.000E+00  0.000E+00  7.349E-06  4.756E-05  4.756E-05  4.756E-05
  3.707E-05  0.000E+00  0.000E+00  0.000E+00  0.000E+00  0.000E+00  0.000E+00  0.000E+00  0.000E+00  0.000E+00
  0.000E+00  0.000E+00  0.000E+00  0.000E+00  0.000E+00  0.000E+00  0.000E+00  0.000E+00  0.000E+00  0.000E+00
  0.000E+00  0.000E+00  0.000E+00  0.000E+00  0.000E+00  0.000E+00  0.000E+00  0.000E+00  0.000E+00  0.000E+00
  0.000E+00  0.000E+00  0.000E+00  0.000E+00  0.000E+00  0.000E+00  0.000E+00  0.000E+00  0.000E+00  0.000E+00
  0.000E+00  0.000E+00  0.000E+00  0.000E+00  0.000E+00  0.000E+00  0.000E+00  0.000E+00  0.000E+00  0.000E+00
  0.000E+00  0.000E+00  0.000E+00  0.000E+00  0.000E+00  0.000E+00  0.000E+00  0.000E+00  0.000E+00  0.000E+00
  0.000E+00  0.000E+00  0.000E+00  0.000E+00  0.000E+00  0.000E+00  0.000E+00  0.000E+00  0.000E+00  0.000E+00
  0.000E+00  0.000E+00  0.000E+00  0.000E+00  0.000E+00  0.000E+00  0.000E+00  0.000E+00  0.000E+00  0.000E+00
  0.000E+00  0.000E+00  0.000E+00  0.000E+00  0.000E+00  0.000E+00  0.000E+00  0.000E+00  0.000E+00  0.000E+00
  0.000E+00  0.000E+00  0.000E+00  0.000E+00  0.000E+00  0.000E+00  0.000E+00  0.000E+00  0.000E+00  0.000E+00
  0.000E+00  0.000E+00  0.000E+00  0.000E+00  0.000E+00  0.000E+00  0.000E+00  0.000E+00  0.000E+00  0.000E+00
  0.000E+00  0.000E+00  0.000E+00  0.000E+00  0.000E+00  0.000E+00  0.000E+00  0.000E+00  0.000E+00  0.000E+00
  0.000E+00  0.000E+00  0.000E+00  0.000E+00  0.000E+00  0.000E+00  0.000E+00  0.000E+00  0.000E+00  0.000E+00
  0.000E+00  0.000E+00  0.000E+00  0.000E+00  0.000E+00  0.000E+00  0.000E+00  0.000E+00  0.000E+00  0.000E+00
  0.000E+00  0.000E+00  0.000E+00  0.000E+00  0.000E+00  0.000E+00  0.000E+00  0.000E+00  0.000E+00  0.000E+00
  0.000E+00  2.061E-05  3.314E-05  3.314E-05  3.314E-05  3.314E-05  3.314E-05  3.314E-05  2.159E-05  0.000E+00
  0.000E+00  0.000E+00  0.000E+00  0.000E+00  0.000E+00  0.000E+00  0.000E+00  0.000E+00  0.000E+00  0.000E+00
  0.000E+00  0.000E+00  0.000E+00  0.000E+00  0.000E+00  0.000E+00  0.000E+00  0.000E+00  0.000E+00  0.000E+00
  0.000E+00  0.000E+00  0.000E+00  0.000E+00  0.000E+00  0.000E+00  0.000E+00  0.000E+00  0.000E+00  0.000E+00
  0.000E+00  0.000E+00  4.210E-06  4.756E-05  4.756E-05  4.756E-05  4.021E-05  0.000E+00  0.000E+00  0.000E+00
  0.000E+00  0.000E+00  0.000E+00  0.000E+00  0.000E+00  0.000E+00  0.000E+00  0.000E+00  0.000E+00  0.000E+00
  0.000E+00  0.000E+00  0.000E+00  0.000E+00  0.000E+00  0.000E+00  0.000E+00  0.000E+00  0.000E+00  0.000E+00
  0.000E+00  0.000E+00  0.000E+00  0.000E+00  0.000E+00  0.000E+00  0.000E+00  0.000E+00  0.000E+00  0.000E+00
  0.000E+00  0.000E+00  0.000E+00  0.000E+00  0.000E+00  0.000E+00  0.000E+00  0.000E+00  0.000E+00  0.000E+00
  0.000E+00  0.000E+00  0.000E+00  0.000E+00  0.000E+00  0.000E+00  0.000E+00  0.000E+00  0.000E+00  0.000E+00
  0.000E+00  0.000E+00  0.000E+00  0.000E+00  0.000E+00  0.000E+00  0.000E+00  0.000E+00  0.000E+00  0.000E+00
  0.000E+00  0.000E+00  0.000E+00  0.000E+00  0.000E+00  0.000E+00  0.000E+00  0.000E+00  0.000E+00  0.000E+00
  0.000E+00  0.000E+00  0.000E+00  0.000E+00  0.000E+00  0.000E+00  0.000E+00  0.000E+00  0.000E+00  0.000E+00
  0.000E+00  0.000E+00  0.000E+00  0.000E+00  0.000E+00  0.000E+00  0.000E+00  0.000E+00  0.000E+00  0.000E+00
  0.000E+00  0.000E+00  0.000E+00  0.000E+00  0.000E+00  0.000E+00  0.000E+00  0.000E+00  0.000E+00  0.000E+00
  0.000E+00  0.000E+00  0.000E+00  0.000E+00  0.000E+00  0.000E+00  0.000E+00  0.000E+00  0.000E+00  0.000E+00
  0.000E+00  0.000E+00  0.000E+00  0.000E+00  0.000E+00  0.000E+00  0.000E+00  0.000E+00  0.000E+00  0.000E+00
  0.000E+00  0.000E+00  0.000E+00  0.000E+00  0.000E+00  0.000E+00  0.000E+00  0.000E+00  0.000E+00  0.000E+00
  0.000E+00  0.000E+00  0.000E+00  0.000E+00  0.000E+00  0.000E+00  0.000E+00  0.000E+00  0.000E+00  0.000E+00
  0.000E+00  0.000E+00  0.000E+00  0.000E+00  0.000E+00  0.000E+00  0.000E+00  0.000E+00  0.000E+00  0.000E+00
  0.000E+00  0.000E+00  0.000E+00  0.000E+00  0.000E+00  0.000E+00  0.000E+00  0.000E+00  1.155E-05  3.314E-05
  3.314E-05  3.314E-05  3.314E-05  3.314E-05  3.314E-05  3.065E-05  0.000E+00  0.000E+00  0.000E+00  0.000E+00
  0.000E+00  0.000E+00  0.000E+00  0.000E+00  0.000E+00  0.000E+00  0.000E+00  0.000E+00  0.000E+00  0.000E+00
  0.000E+00  0.000E+00  0.000E+00  0.000E+00  0.000E+00  0.000E+00  0.000E+00  0.000E+00  1.072E-06  4.756E-05
  4.756E-05  4.756E-05  4.334E-05  0.000E+00  0.000E+00  0.000E+00  0.000E+00  0.000E+00  0.000E+00  0.000E+00
  0.000E+00  0.000E+00  0.000E+00  0.000E+00  0.000E+00  0.000E+00  0.000E+00  0.000E+00  0.000E+00  0.000E+00
  0.000E+00  0.000E+00  0.000E+00  0.000E+00  0.000E+00  0.000E+00  0.000E+00  0.000E+00  0.000E+00  0.000E+00
  0.000E+00  0.000E+00  0.000E+00  0.000E+00  0.000E+00  0.000E+00  0.000E+00  0.000E+00  0.000E+00  0.000E+00
  0.000E+00  0.000E+00  0.000E+00  0.000E+00  0.000E+00  0.000E+00  0.000E+00  0.000E+00  0.000E+00  0.000E+00
  0.000E+00  0.000E+00  0.000E+00  0.000E+00  0.000E+00  0.000E+00  0.000E+00  0.000E+00  0.000E+00  0.000E+00
  0.000E+00  0.000E+00  0.000E+00  0.000E+00  0.000E+00  0.000E+00  0.000E+00  0.000E+00  0.000E+00  0.000E+00
  0.000E+00  0.000E+00  0.000E+00  0.000E+00  0.000E+00  0.000E+00  0.000E+00  0.000E+00  0.000E+00  0.000E+00
  0.000E+00  0.000E+00  0.000E+00  0.000E+00  0.000E+00  0.000E+00  0.000E+00  0.000E+00  0.000E+00  0.000E+00
  0.000E+00  0.000E+00  0.000E+00  0.000E+00  0.000E+00  0.000E+00  0.000E+00  0.000E+00  0.000E+00  0.000E+00
  0.000E+00  0.000E+00  0.000E+00  0.000E+00  0.000E+00  0.000E+00  0.000E+00  0.000E+00  0.000E+00  0.000E+00
  0.000E+00  0.000E+00  0.000E+00  0.000E+00  0.000E+00  0.000E+00  0.000E+00  0.000E+00  0.000E+00  0.000E+00
  0.000E+00  0.000E+00  0.000E+00  0.000E+00  0.000E+00  0.000E+00  0.000E+00  0.000E+00  0.000E+00  0.000E+00
  0.000E+00  0.000E+00  0.000E+00  0.000E+00  0.000E+00  0.000E+00  0.000E+00  0.000E+00  0.000E+00  0.000E+00
  0.000E+00  0.000E+00  0.000E+00  0.000E+00  0.000E+00  0.000E+00  0.000E+00  0.000E+00  0.000E+00  0.000E+00
  0.000E+00  0.000E+00  0.000E+00  0.000E+00  0.000E+00  0.000E+00  0.000E+00  0.000E+00  0.000E+00  0.000E+00
  0.000E+00  0.000E+00  0.000E+00  0.000E+00  0.000E+00  0.000E+00  0.000E+00  0.000E+00  0.000E+00  0.000E+00
  0.000E+00  0.000E+00  0.000E+00  0.000E+00  0.000E+00  2.489E-06  3.314E-05  3.314E-05  3.314E-05  3.314E-05
  3.314E-05  3.314E-05  3.314E-05  6.573E-06  0.000E+00  0.000E+00  0.000E+00  0.000E+00  0.000E+00  0.000E+00
  0.000E+00  0.000E+00  0.000E+00  0.000E+00  0.000E+00  4.549E-05  4.756E-05  4.756E-05  4.648E-05  0.000E+00
  0.000E+00  0.000E+00  0.000E+00  0.000E+00  0.000E+00  0.000E+00  0.000E+00  0.000E+00  0.000E+00  0.000E+00
  0.000E+00  0.000E+00  0.000E+00  0.000E+00  0.000E+00  0.000E+00  0.000E+00  0.000E+00  0.000E+00  0.000E+00
  0.000E+00  0.000E+00  0.000E+00  0.000E+00  0.000E+00  0.000E+00  0.000E+00  0.000E+00  0.000E+00  0.000E+00
  0.000E+00  0.000E+00  0.000E+00  0.000E+00  0.000E+00  0.000E+00  0.000E+00  0.000E+00  0.000E+00  0.000E+00
  0.000E+00  0.000E+00  0.000E+00  0.000E+00  0.000E+00  0.000E+00  0.000E+00  0.000E+00  0.000E+00  0.000E+00
  0.000E+00  0.000E+00  0.000E+00  0.000E+00  0.000E+00  0.000E+00  0.000E+00  0.000E+00  0.000E+00  0.000E+00
  0.000E+00  0.000E+00  0.000E+00  0.000E+00  0.000E+00  0.000E+00  0.000E+00  0.000E+00  0.000E+00  2.074E-05
  0.000E+00  0.000E+00  0.000E+00  0.000E+00  0.000E+00  0.000E+00  0.000E+00  0.000E+00  0.000E+00  0.000E+00
  0.000E+00  0.000E+00  0.000E+00  0.000E+00  0.000E+00  0.000E+00  0.000E+00  0.000E+00  0.000E+00  0.000E+00
  0.000E+00  0.000E+00  0.000E+00  0.000E+00  0.000E+00  0.000E+00  0.000E+00  0.000E+00  0.000E+00  0.000E+00
  0.000E+00  0.000E+00  0.000E+00  0.000E+00  0.000E+00  0.000E+00  0.000E+00  0.000E+00  0.000E+00  0.000E+00
  0.000E+00  0.000E+00  0.000E+00  0.000E+00  0.000E+00  0.000E+00  0.000E+00  0.000E+00  0.000E+00  0.000E+00
  0.000E+00  0.000E+00  0.000E+00  0.000E+00  0.000E+00  0.000E+00  0.000E+00  0.000E+00  0.000E+00  0.000E+00
  0.000E+00  0.000E+00  0.000E+00  0.000E+00  0.000E+00  0.000E+00  0.000E+00  0.000E+00  0.000E+00  0.000E+00
  0.000E+00  0.000E+00  0.000E+00  0.000E+00  0.000E+00  0.000E+00  0.000E+00  0.000E+00  0.000E+00  0.000E+00
  0.000E+00  0.000E+00  0.000E+00  0.000E+00  0.000E+00  0.000E+00  0.000E+00  0.000E+00  0.000E+00  0.000E+00
  0.000E+00  0.000E+00  0.000E+00  0.000E+00  0.000E+00  0.000E+00  0.000E+00  0.000E+00  0.000E+00  0.000E+00
  0.000E+00  0.000E+00  0.000E+00  0.000E+00  0.000E+00  0.000E+00  0.000E+00  0.000E+00  0.000E+00  0.000E+00
  0.000E+00  0.000E+00  0.000E+00  2.657E-05  3.314E-05  3.314E-05  3.314E-05  3.314E-05  3.314E-05  3.314E-05
  1.563E-05  4.235E-05  4.756E-05  4.756E-05  4.756E-05  2.067E-06  0.000E+00  0.000E+00  0.000E+00  0.000E+00
  0.000E+00  0.000E+00  0.000E+00  0.000E+00  0.000E+00  0.000E+00  0.000E+00  0.000E+00  0.000E+00  0.000E+00
  0.000E+00  0.000E+00  0.000E+00  0.000E+00  0.000E+00  0.000E+00  0.000E+00  0.000E+00  0.000E+00  0.000E+00
  0.000E+00  0.000E+00  0.000E+00  0.000E+00  0.000E+00  0.000E+00  0.000E+00  0.000E+00  0.000E+00  0.000E+00
  0.000E+00  0.000E+00  0.000E+00  0.000E+00  0.000E+00  0.000E+00  0.000E+00  0.000E+00  0.000E+00  0.000E+00
  0.000E+00  0.000E+00  0.000E+00  0.000E+00  0.000E+00  0.000E+00  0.000E+00  0.000E+00  0.000E+00  0.000E+00
  0.000E+00  0.000E+00  0.000E+00  0.000E+00  0.000E+00  0.000E+00  0.000E+00  0.000E+00  0.000E+00  0.000E+00
  5.235E-06  2.508E-05  2.508E-05  2.508E-05  2.508E-05  4.791E-05  5.364E-05  5.364E-05  5.364E-05  3.290E-05
  0.000E+00  0.000E+00  0.000E+00  0.000E+00  0.000E+00  0.000E+00  0.000E+00  0.000E+00  0.000E+00  0.000E+00
  0.000E+00  0.000E+00  0.000E+00  0.000E+00  1.142E-05  1.484E-05  1.484E-05  1.484E-05  1.484E-05  1.484E-05
  1.484E-05  1.484E-05  1.484E-05  1.484E-05  1.484E-05  1.484E-05  1.484E-05  1.484E-05  1.484E-05  1.484E-05
  1.484E-05  1.484E-05  1.484E-05  1.484E-05  1.484E-05  1.484E-05  1.484E-05  1.484E-05  1.484E-05  1.484E-05
  1.484E-05  1.484E-05  1.484E-05  1.484E-05  1.484E-05  1.484E-05  1.484E-05  1.484E-05  1.484E-05  1.484E-05
  1.484E-05  1.484E-05  1.484E-05  1.484E-05  1.484E-05  1.484E-05  1.484E-05  1.484E-05  1.484E-05  1.484E-05
  1.484E-05  1.484E-05  1.484E-05  1.484E-05  1.484E-05  1.484E-05  1.484E-05  1.484E-05  1.484E-05  1.484E-05
  1.484E-05  1.484E-05  1.484E-05  1.484E-05  1.484E-05  1.484E-05  1.484E-05  1.484E-05  1.484E-05  1.484E-05
  1.484E-05  1.484E-05  1.484E-05  1.484E-05  1.484E-05  1.484E-05  1.484E-05  1.484E-05  1.484E-05  1.484E-05
  1.484E-05  1.484E-05  1.484E-05  1.484E-05  1.484E-05  1.484E-05  3.977E-07  0.000E+00  0.000E+00  0.000E+00
  0.000E+00  0.000E+00  0.000E+00  0.000E+00  0.000E+00  0.000E+00  0.000E+00  0.000E+00  0.000E+00  0.000E+00
  0.000E+00  0.000E+00  0.000E+00  0.000E+00  0.000E+00  0.000E+00  0.000E+00  3.921E-05  4.756E-05  4.756E-05
  6.506E-05  3.835E-05  3.314E-05  3.314E-05  3.314E-05  3.314E-05  3.314E-05  2.470E-05  0.000E+00  0.000E+00
  0.000E+00  0.000E+00  0.000E+00  0.000E+00  0.000E+00  0.000E+00  0.000E+00  0.000E+00  0.000E+00  0.000E+00
  0.000E+00  0.000E+00  0.000E+00  0.000E+00  0.000E+00  0.000E+00  0.000E+00  0.000E+00  0.000E+00  0.000E+00
  0.000E+00  0.000E+00  0.000E+00  0.000E+00  0.000E+00  0.000E+00  1.340E-05  7.481E-05  7.481E-05  7.481E-05
  7.481E-05  7.481E-05  7.481E-05  3.612E-05  0.000E+00  0.000E+00  0.000E+00  0.000E+00  0.000E+00  0.000E+00
  0.000E+00  0.000E+00  0.000E+00  0.000E+00  0.000E+00  0.000E+00  0.000E+00  0.000E+00  0.000E+00  0.000E+00
  0.000E+00  0.000E+00  1.481E-05  2.508E-05  2.508E-05  2.508E-05  2.508E-05  2.508E-05  4.057E-05  5.364E-05
  4.840E-05  2.856E-05  2.856E-05  2.856E-05  3.041E-05  2.623E-05  2.050E-05  2.050E-05  2.050E-05  2.050E-05
  0.000E+00  0.000E+00  0.000E+00  0.000E+00  0.000E+00  0.000E+00  0.000E+00  0.000E+00  0.000E+00  0.000E+00
  0.000E+00  0.000E+00  0.000E+00  0.000E+00  0.000E+00  0.000E+00  0.000E+00  0.000E+00  0.000E+00  0.000E+00
  0.000E+00  0.000E+00  0.000E+00  0.000E+00  0.000E+00  0.000E+00  0.000E+00  0.000E+00  0.000E+00  0.000E+00
  0.000E+00  0.000E+00  0.000E+00  0.000E+00  0.000E+00  0.000E+00  0.000E+00  0.000E+00  0.000E+00  0.000E+00
  0.000E+00  0.000E+00  0.000E+00  0.000E+00  0.000E+00  0.000E+00  0.000E+00  0.000E+00  0.000E+00  0.000E+00
  0.000E+00  0.000E+00  0.000E+00  0.000E+00  0.000E+00  0.000E+00  0.000E+00  0.000E+00  0.000E+00  0.000E+00
  0.000E+00  0.000E+00  0.000E+00  0.000E+00  0.000E+00  0.000E+00  0.000E+00  0.000E+00  0.000E+00  0.000E+00
  0.000E+00  0.000E+00  0.000E+00  0.000E+00  0.000E+00  0.000E+00  0.000E+00  0.000E+00  0.000E+00  0.000E+00
  0.000E+00  0.000E+00  0.000E+00  0.000E+00  0.000E+00  0.000E+00  0.000E+00  0.000E+00  0.000E+00  0.000E+00
  0.000E+00  0.000E+00  0.000E+00  0.000E+00  0.000E+00  0.000E+00  1.444E-05  1.484E-05  1.484E-05  1.484E-05
  1.484E-05  1.484E-05  1.484E-05  1.484E-05  1.484E-05  1.484E-05  1.484E-05  1.484E-05  1.484E-05  1.484E-05
  1.484E-05  1.484E-05  1.484E-05  5.091E-05  6.239E-05  6.239E-05  6.239E-05  2.318E-05  1.484E-05  1.484E-05
  1.484E-05  1.484E-05  1.484E-05  1.484E-05  1.484E-05  1.484E-05  1.484E-05  2.328E-05  4.798E-05  4.798E-05
  4.798E-05  4.798E-05  4.798E-05  4.798E-05  4.798E-05  1.545E-05  1.484E-05  1.484E-05  1.484E-05  1.484E-05
  1.484E-05  1.484E-05  1.484E-05  1.484E-05  1.484E-05  1.484E-05  1.484E-05  1.484E-05  1.484E-05  1.484E-05
  1.484E-05  1.484E-05  1.484E-05  1.484E-05  1.484E-05  1.484E-05  1.484E-05  1.484E-05  1.484E-05  1.484E-05
  1.484E-05  1.484E-05  1.484E-05  5.353E-05  8.964E-05  8.964E-05  8.964E-05  8.964E-05  8.964E-05  8.964E-05
  7.361E-05  1.484E-05  1.484E-05  1.484E-05  3.923E-05  3.991E-05  3.991E-05  3.991E-05  3.991E-05  3.991E-05
  3.991E-05  4.806E-05  5.366E-05  4.636E-05  4.906E-05  4.906E-05  4.906E-05  4.906E-05  3.357E-05  2.050E-05
  2.050E-05  2.050E-05  2.050E-05  2.050E-05  1.864E-05  0.000E+00  0.000E+00  0.000E+00  0.000E+00  0.000E+00
  0.000E+00  0.000E+00  0.000E+00  0.000E+00  0.000E+00  0.000E+00  0.000E+00  0.000E+00  0.000E+00  0.000E+00
  0.000E+00  0.000E+00  0.000E+00  0.000E+00  0.000E+00  0.000E+00  0.000E+00  0.000E+00  0.000E+00  0.000E+00
  0.000E+00  0.000E+00  0.000E+00  0.000E+00  0.000E+00  0.000E+00  0.000E+00  0.000E+00  0.000E+00  0.000E+00
  0.000E+00  0.000E+00  0.000E+00  0.000E+00  0.000E+00  0.000E+00  0.000E+00  0.000E+00  0.000E+00  0.000E+00
  0.000E+00  0.000E+00  0.000E+00  0.000E+00  0.000E+00  0.000E+00  0.000E+00  0.000E+00  0.000E+00  0.000E+00
  0.000E+00  0.000E+00  0.000E+00  0.000E+00  0.000E+00  0.000E+00  0.000E+00  0.000E+00  0.000E+00  1.320E-05
  1.434E-05  1.434E-05  1.434E-05  1.434E-05  1.434E-05  1.434E-05  1.434E-05  1.434E-05  1.434E-05  1.434E-05
  1.434E-05  1.434E-05  1.434E-05  1.434E-05  1.434E-05  1.434E-05  1.434E-05  1.434E-05  1.434E-05  1.434E-05
  1.434E-05  1.434E-05  1.434E-05  1.434E-05  1.434E-05  1.434E-05  1.434E-05  1.434E-05  1.434E-05  8.346E-06
  0.000E+00  0.000E+00  0.000E+00  0.000E+00  0.000E+00  0.000E+00  0.000E+00  0.000E+00  0.000E+00  0.000E+00
  0.000E+00  0.000E+00  0.000E+00  0.000E+00  0.000E+00  0.000E+00  0.000E+00  0.000E+00  0.000E+00  3.293E-05
  4.756E-05  4.756E-05  4.756E-05  1.148E-05  0.000E+00  0.000E+00  0.000E+00  0.000E+00  0.000E+00  0.000E+00
  0.000E+00  0.000E+00  0.000E+00  0.000E+00  0.000E+00  0.000E+00  0.000E+00  0.000E+00  0.000E+00  0.000E+00
  0.000E+00  0.000E+00  0.000E+00  0.000E+00  0.000E+00  3.253E-05  3.314E-05  3.314E-05  3.314E-05  3.314E-05
  3.314E-05  3.314E-05  9.677E-06  0.000E+00  0.000E+00  0.000E+00  0.000E+00  0.000E+00  0.000E+00  0.000E+00
  0.000E+00  0.000E+00  0.000E+00  0.000E+00  0.000E+00  0.000E+00  0.000E+00  0.000E+00  0.000E+00  0.000E+00
  0.000E+00  0.000E+00  0.000E+00  0.000E+00  0.000E+00  8.890E-06  2.508E-05  2.508E-05  2.508E-05  2.508E-05
  4.111E-05  1.090E-04  1.204E-04  1.204E-04  9.680E-05  1.239E-04  1.239E-04  1.239E-04  5.569E-05  4.906E-05
  4.906E-05  4.092E-05  2.050E-05  1.754E-05  1.484E-05  1.484E-05  1.484E-05  1.484E-05  1.484E-05  1.484E-05
  1.484E-05  3.518E-05  3.713E-05  3.713E-05  3.713E-05  3.713E-05  3.713E-05  3.713E-05  3.713E-05  3.713E-05
  0.000E+00  0.000E+00  0.000E+00  0.000E+00  0.000E+00  0.000E+00  0.000E+00  0.000E+00  0.000E+00  0.000E+00
  0.000E+00  0.000E+00  0.000E+00  0.000E+00  0.000E+00  0.000E+00  0.000E+00  0.000E+00  0.000E+00  0.000E+00
  0.000E+00  0.000E+00  0.000E+00  0.000E+00  0.000E+00  0.000E+00  0.000E+00  0.000E+00  0.000E+00  0.000E+00
  0.000E+00  0.000E+00  0.000E+00  0.000E+00  0.000E+00  0.000E+00  0.000E+00  0.000E+00  0.000E+00  0.000E+00
  0.000E+00  0.000E+00  0.000E+00  0.000E+00  0.000E+00  0.000E+00  0.000E+00  0.000E+00  0.000E+00  0.000E+00
  0.000E+00  0.000E+00  0.000E+00  0.000E+00  0.000E+00  0.000E+00  0.000E+00  0.000E+00  0.000E+00  0.000E+00
  1.037E-05  1.520E-05  1.520E-05  1.520E-05  1.520E-05  1.520E-05  1.520E-05  1.520E-05  1.520E-05  1.520E-05
  1.520E-05  1.520E-05  1.520E-05  1.520E-05  1.520E-05  1.520E-05  1.520E-05  1.520E-05  1.520E-05  1.347E-05
  0.000E+00  0.000E+00  0.000E+00  0.000E+00  0.000E+00  0.000E+00  0.000E+00  0.000E+00  0.000E+00  5.990E-06
  1.434E-05  1.434E-05  1.434E-05  1.434E-05  1.434E-05  1.434E-05  1.434E-05  1.434E-05  1.434E-05  1.434E-05
  1.434E-05  1.434E-05  1.434E-05  1.434E-05  1.434E-05  4.413E-05  6.189E-05  6.189E-05  6.189E-05  2.896E-05
  1.434E-05  1.434E-05  1.434E-05  1.434E-05  1.434E-05  1.434E-05  1.434E-05  1.434E-05  1.434E-05  1.434E-05
  1.434E-05  1.434E-05  1.434E-05  1.434E-05  1.434E-05  1.434E-05  1.434E-05  1.434E-05  1.434E-05  1.434E-05
  1.434E-05  1.434E-05  1.434E-05  1.434E-05  1.434E-05  1.434E-05  7.769E-06  0.000E+00  0.000E+00  0.000E+00
  0.000E+00  0.000E+00  2.347E-05  3.314E-05  3.314E-05  3.314E-05  3.314E-05  3.314E-05  3.314E-05  1.874E-05
  0.000E+00  0.000E+00  0.000E+00  0.000E+00  0.000E+00  0.000E+00  0.000E+00  1.847E-05  2.508E-05  2.758E-05
  4.558E-05  4.558E-05  4.558E-05  4.558E-05  4.558E-05  3.669E-05  2.050E-05  2.050E-05  4.252E-05  5.557E-05
  7.051E-05  6.139E-05  5.001E-05  5.001E-05  4.921E-05  2.145E-05  2.145E-05  2.145E-05  7.079E-05  7.481E-05
  7.481E-05  8.776E-05  9.711E-05  9.711E-05  9.711E-05  5.159E-05  2.230E-05  2.230E-05  2.230E-05  2.230E-05
  2.230E-05  1.951E-06  0.000E+00  0.000E+00  0.000E+00  0.000E+00  0.000E+00  0.000E+00  0.000E+00  0.000E+00
  0.000E+00  0.000E+00  0.000E+00  0.000E+00  0.000E+00  0.000E+00  0.000E+00  0.000E+00  0.000E+00  0.000E+00
  0.000E+00  0.000E+00  0.000E+00  0.000E+00  0.000E+00  0.000E+00  0.000E+00  0.000E+00  0.000E+00  0.000E+00
  0.000E+00  0.000E+00  0.000E+00  0.000E+00  0.000E+00  0.000E+00  0.000E+00  0.000E+00  0.000E+00  0.000E+00
  0.000E+00  0.000E+00  0.000E+00  0.000E+00  0.000E+00  0.000E+00  0.000E+00  0.000E+00  0.000E+00  0.000E+00
  0.000E+00  0.000E+00  0.000E+00  0.000E+00  0.000E+00  0.000E+00  0.000E+00  0.000E+00  0.000E+00  0.000E+00
  0.000E+00  0.000E+00  0.000E+00  0.000E+00  0.000E+00  0.000E+00  0.000E+00  0.000E+00  0.000E+00  0.000E+00
  0.000E+00  0.000E+00  0.000E+00  0.000E+00  0.000E+00  0.000E+00  0.000E+00  0.000E+00  0.000E+00  0.000E+00
  0.000E+00  0.000E+00  0.000E+00  0.000E+00  0.000E+00  0.000E+00  0.000E+00  0.000E+00  0.000E+00  1.735E-06
  1.520E-05  1.520E-05  1.520E-05  1.520E-05  1.520E-05  1.520E-05  1.520E-05  1.520E-05  1.520E-05  1.520E-05
  1.520E-05  1.520E-05  1.520E-05  1.520E-05  1.520E-05  1.520E-05  1.520E-05  1.520E-05  1.520E-05  1.520E-05
  1.520E-05  4.186E-05  6.276E-05  6.276E-05  6.276E-05  3.296E-05  1.520E-05  1.520E-05  1.744E-06  0.000E+00
  0.000E+00  0.000E+00  0.000E+00  0.000E+00  0.000E+00  0.000E+00  0.000E+00  0.000E+00  0.000E+00  0.000E+00
  0.000E+00  0.000E+00  0.000E+00  0.000E+00  0.000E+00  0.000E+00  0.000E+00  0.000E+00  0.000E+00  0.000E+00
  0.000E+00  0.000E+00  0.000E+00  0.000E+00  0.000E+00  0.000E+00  6.566E-06  1.434E-05  1.434E-05  1.434E-05
  1.434E-05  1.434E-05  1.434E-05  1.434E-05  1.434E-05  1.434E-05  1.434E-05  1.434E-05  3.369E-05  7.432E-05
  9.306E-05  9.306E-05  9.306E-05  9.306E-05  9.306E-05  9.306E-05  8.771E-05  4.145E-05  3.484E-05  3.233E-05
  1.434E-05  2.901E-05  4.290E-05  4.290E-05  4.290E-05  4.290E-05  4.290E-05  4.290E-05  2.088E-05  1.434E-05
  1.434E-05  1.990E-05  3.663E-05  3.663E-05  3.663E-05  3.663E-05  3.663E-05  3.663E-05  5.547E-05  5.808E-05
  5.808E-05  4.513E-05  3.579E-05  2.864E-05  2.145E-05  6.697E-05  9.626E-05  9.626E-05  9.626E-05  9.626E-05
  9.626E-05  9.626E-05  7.340E-05  2.145E-05  2.145E-05  2.145E-05  2.145E-05  2.145E-05  2.145E-05  2.145E-05
  0.000E+00  0.000E+00  0.000E+00  0.000E+00  0.000E+00  0.000E+00  0.000E+00  0.000E+00  0.000E+00  0.000E+00
  0.000E+00  0.000E+00  0.000E+00  0.000E+00  0.000E+00  0.000E+00  0.000E+00  0.000E+00  0.000E+00  0.000E+00
  0.000E+00  0.000E+00  0.000E+00  0.000E+00  0.000E+00  0.000E+00  0.000E+00  0.000E+00  0.000E+00  0.000E+00
  0.000E+00  0.000E+00  0.000E+00  0.000E+00  0.000E+00  0.000E+00  0.000E+00  0.000E+00  0.000E+00  0.000E+00
  0.000E+00  0.000E+00  0.000E+00  0.000E+00  0.000E+00  0.000E+00  0.000E+00  0.000E+00  0.000E+00  0.000E+00
  0.000E+00  0.000E+00  1.672E-05  2.426E-05  2.426E-05  2.426E-05  2.426E-05  2.426E-05  2.426E-05  2.426E-05
  2.426E-05  2.426E-05  2.426E-05  2.426E-05  2.426E-05  2.426E-05  2.426E-05  2.426E-05  2.426E-05  2.426E-05
  2.386E-05  0.000E+00  0.000E+00  0.000E+00  0.000E+00  0.000E+00  0.000E+00  0.000E+00  0.000E+00  0.000E+00
  0.000E+00  0.000E+00  0.000E+00  0.000E+00  0.000E+00  0.000E+00  0.000E+00  0.000E+00  0.000E+00  0.000E+00
  0.000E+00  0.000E+00  0.000E+00  0.000E+00  0.000E+00  0.000E+00  0.000E+00  2.352E-05  4.756E-05  4.756E-05
  4.756E-05  2.090E-05  0.000E+00  0.000E+00  0.000E+00  0.000E+00  0.000E+00  0.000E+00  1.346E-05  1.520E-05
  1.520E-05  1.520E-05  1.520E-05  1.520E-05  1.520E-05  1.520E-05  1.520E-05  1.520E-05  1.520E-05  1.520E-05
  1.520E-05  1.520E-05  1.520E-05  1.520E-05  1.520E-05  1.520E-05  1.520E-05  1.520E-05  1.520E-05  1.520E-05
  1.520E-05  1.520E-05  1.520E-05  1.520E-05  1.520E-05  1.520E-05  1.499E-05  2.050E-05  2.050E-05  2.050E-05
  3.304E-05  4.558E-05  4.558E-05  4.558E-05  4.558E-05  4.558E-05  4.558E-05  4.558E-05  2.622E-05  0.000E+00
  0.000E+00  0.000E+00  0.000E+00  0.000E+00  7.330E-06  2.856E-05  3.390E-05  6.170E-05  6.170E-05  6.170E-05
  6.170E-05  4.703E-05  5.361E-05  5.544E-05  2.602E-05  2.230E-05  2.230E-05  2.230E-05  2.230E-05  2.230E-05
  2.230E-05  1.673E-05  0.000E+00  0.000E+00  0.000E+00  0.000E+00  0.000E+00  0.000E+00  0.000E+00  0.000E+00
  0.000E+00  0.000E+00  0.000E+00  7.143E-06  1.434E-05  1.434E-05  1.434E-05  1.434E-05  1.434E-05  1.434E-05
  1.434E-05  1.434E-05  3.719E-05  8.915E-05  8.915E-05  8.915E-05  8.915E-05  8.915E-05  8.997E-05  1.085E-04
  0.000E+00  0.000E+00  0.000E+00  0.000E+00  0.000E+00  0.000E+00  0.000E+00  0.000E+00  0.000E+00  0.000E+00
  0.000E+00  0.000E+00  0.000E+00  0.000E+00  0.000E+00  0.000E+00  0.000E+00  0.000E+00  0.000E+00  0.000E+00
  0.000E+00  0.000E+00  0.000E+00  0.000E+00  0.000E+00  0.000E+00  0.000E+00  0.000E+00  0.000E+00  0.000E+00
  0.000E+00  0.000E+00  0.000E+00  0.000E+00  0.000E+00  0.000E+00  0.000E+00  0.000E+00  0.000E+00  0.000E+00
  0.000E+00  0.000E+00  0.000E+00  0.000E+00  0.000E+00  0.000E+00  0.000E+00  0.000E+00  0.000E+00  0.000E+00
  0.000E+00  0.000E+00  0.000E+00  0.000E+00  0.000E+00  0.000E+00  0.000E+00  0.000E+00  0.000E+00  0.000E+00
  0.000E+00  0.000E+00  0.000E+00  0.000E+00  0.000E+00  0.000E+00  0.000E+00  0.000E+00  0.000E+00  0.000E+00
  3.996E-07  2.426E-05  2.426E-05  2.426E-05  2.426E-05  2.426E-05  2.426E-05  2.426E-05  2.426E-05  2.426E-05
  2.426E-05  2.426E-05  2.426E-05  2.426E-05  2.426E-05  2.426E-05  2.426E-05  2.426E-05  2.426E-05  2.426E-05
  2.426E-05  2.426E-05  2.426E-05  4.464E-05  7.181E-05  7.181E-05  4.886E-05  2.404E-05  0.000E+00  0.000E+00
  0.000E+00  0.000E+00  0.000E+00  0.000E+00  0.000E+00  0.000E+00  0.000E+00  0.000E+00  0.000E+00  0.000E+00
  0.000E+00  0.000E+00  0.000E+00  0.000E+00  0.000E+00  0.000E+00  0.000E+00  0.000E+00  0.000E+00  0.000E+00
  0.000E+00  0.000E+00  0.000E+00  0.000E+00  3.156E-06  2.050E-05  2.050E-05  2.050E-05  2.050E-05  2.050E-05
  2.050E-05  2.050E-05  4.262E-05  4.558E-05  4.558E-05  4.558E-05  4.579E-05  4.028E-05  4.028E-05  4.028E-05
  2.774E-05  1.520E-05  1.520E-05  1.520E-05  1.520E-05  1.520E-05  1.520E-05  1.520E-05  4.375E-05  4.376E-05
  4.376E-05  4.376E-05  5.684E-05  6.606E-05  5.873E-05  3.750E-05  3.750E-05  3.750E-05  3.750E-05  3.750E-05
  3.750E-05  3.750E-05  1.703E-05  1.520E-05  3.813E-05  3.314E-05  3.314E-05  3.314E-05  3.314E-05  3.314E-05
  3.314E-05  1.278E-05  0.000E+00  0.000E+00  0.000E+00  0.000E+00  0.000E+00  0.000E+00  0.000E+00  0.000E+00
  1.796E-05  1.956E-05  1.956E-05  1.956E-05  1.956E-05  1.956E-05  1.956E-05  1.956E-05  1.956E-05  1.956E-05
  1.956E-05  1.956E-05  1.956E-05  1.956E-05  1.956E-05  1.956E-05  1.956E-05  1.956E-05  1.874E-05  1.972E-07
  0.000E+00  0.000E+00  0.000E+00  0.000E+00  0.000E+00  0.000E+00  0.000E+00  0.000E+00  0.000E+00  0.000E+00
  0.000E+00  0.000E+00  0.000E+00  0.000E+00  0.000E+00  0.000E+00  0.000E+00  0.000E+00  0.000E+00  0.000E+00
  0.000E+00  0.000E+00  0.000E+00  0.000E+00  0.000E+00  0.000E+00  0.000E+00  0.000E+00  0.000E+00  0.000E+00
  0.000E+00  0.000E+00  0.000E+00  0.000E+00  0.000E+00  0.000E+00  0.000E+00  0.000E+00  0.000E+00  0.000E+00
  0.000E+00  0.000E+00  0.000E+00  0.000E+00  0.000E+00  0.000E+00  0.000E+00  0.000E+00  0.000E+00  0.000E+00
  0.000E+00  0.000E+00  0.000E+00  0.000E+00  0.000E+00  0.000E+00  0.000E+00  0.000E+00  3.638E-03  6.472E-03
  6.472E-03  6.472E-03  6.472E-03  6.472E-03  6.461E-03  6.466E-03  6.480E-03  6.480E-03  6.480E-03  6.480E-03
  6.505E-03  6.536E-03  6.495E-03  6.488E-03  6.481E-03  6.458E-03  6.458E-03  6.458E-03  6.458E-03  6.458E-03
  6.458E-03  6.458E-03  6.458E-03  6.458E-03  6.458E-03  6.458E-03  6.458E-03  6.458E-03  6.458E-03  6.476E-03
  6.506E-03  6.506E-03  6.506E-03  6.486E-03  6.458E-03  6.458E-03  6.481E-03  6.483E-03  6.483E-03  6.483E-03
  6.483E-03  6.483E-03  6.483E-03  6.483E-03  6.483E-03  6.483E-03  6.483E-03  6.483E-03  6.483E-03  6.483E-03
  6.483E-03  6.483E-03  6.483E-03  6.514E-03  6.519E-03  6.519E-03  6.519E-03  6.519E-03  6.519E-03  6.517E-03
  6.503E-03  6.482E-03  6.479E-03  6.485E-03  6.501E-03  6.483E-03  6.483E-03  6.483E-03  6.483E-03  6.483E-03
  6.483E-03  6.483E-03  6.461E-03  6.458E-03  6.458E-03  6.458E-03  6.458E-03  6.458E-03  6.458E-03  6.458E-03
  6.458E-03  6.480E-03  6.493E-03  6.509E-03  6.509E-03  6.509E-03  6.509E-03  6.509E-03  6.481E-03  6.481E-03
  6.481E-03  6.481E-03  6.468E-03  6.458E-03  6.458E-03  6.458E-03  6.458E-03  6.458E-03  6.458E-03  6.458E-03
  6.458E-03  6.474E-03  6.478E-03  6.478E-03  6.484E-03  6.493E-03  6.493E-03  6.493E-03  6.493E-03  6.493E-03
  6.493E-03  6.513E-03  6.526E-03  6.526E-03  6.526E-03  6.526E-03  6.526E-03  6.526E-03  6.515E-03  6.493E-03
  6.475E-03  6.474E-03  6.474E-03  6.474E-03  6.474E-03  6.474E-03  6.474E-03  6.474E-03  6.474E-03  6.474E-03
  6.474E-03  6.474E-03  6.471E-03  6.458E-03  6.458E-03  6.458E-03  6.473E-03  6.475E-03  6.475E-03  6.475E-03
  0.000E+00  0.000E+00  0.000E+00  0.000E+00  0.000E+00  0.000E+00  0.000E+00  0.000E+00  0.000E+00  0.000E+00
  0.000E+00  0.000E+00  0.000E+00  0.000E+00  0.000E+00  0.000E+00  0.000E+00  0.000E+00  0.000E+00  0.000E+00
  0.000E+00  0.000E+00  0.000E+00  0.000E+00  0.000E+00  0.000E+00  0.000E+00  0.000E+00  0.000E+00  0.000E+00
  0.000E+00  0.000E+00  0.000E+00  0.000E+00  0.000E+00  0.000E+00  0.000E+00  0.000E+00  0.000E+00  0.000E+00
  0.000E+00  0.000E+00  0.000E+00  0.000E+00  0.000E+00  0.000E+00  0.000E+00  0.000E+00  0.000E+00  0.000E+00
  0.000E+00  0.000E+00  0.000E+00  0.000E+00  0.000E+00  0.000E+00  0.000E+00  0.000E+00  6.220E-02  1.107E-01
  1.108E-01  1.108E-01  1.108E-01  1.109E-01  1.110E-01  1.110E-01  1.110E-01  1.111E-01  1.111E-01  1.111E-01
  1.112E-01  1.112E-01  1.112E-01  1.112E-01  1.112E-01  1.112E-01  1.112E-01  1.112E-01  1.113E-01  1.113E-01
  1.113E-01  1.112E-01  1.112E-01  1.112E-01  1.112E-01  1.112E-01  1.113E-01  1.113E-01  1.113E-01  1.113E-01
  1.112E-01  1.112E-01  1.112E-01  1.112E-01  1.112E-01  1.112E-01  1.112E-01  1.112E-01  1.112E-01  1.112E-01
  1.112E-01  1.112E-01  1.112E-01  1.112E-01  1.112E-01  1.112E-01  1.112E-01  1.112E-01  1.112E-01  1.112E-01
  1.112E-01  1.112E-01  1.112E-01  1.112E-01  1.112E-01  1.112E-01  1.112E-01  1.112E-01  1.112E-01  1.112E-01
  1.112E-01  1.113E-01  1.113E-01  1.113E-01  1.112E-01  1.112E-01  1.112E-01  1.112E-01  1.112E-01  1.112E-01
  1.112E-01  1.112E-01  1.112E-01  1.113E-01  1.113E-01  1.113E-01  1.113E-01  1.113E-01  1.113E-01  1.113E-01
  1.113E-01  1.113E-01  1.113E-01  1.113E-01  1.113E-01  1.113E-01  1.112E-01  1.112E-01  1.112E-01  1.112E-01
  1.112E-01  1.112E-01  1.112E-01  1.112E-01  1.112E-01  1.112E-01  1.112E-01  1.112E-01  1.112E-01  1.112E-01
  1.112E-01  1.112E-01  1.112E-01  1.112E-01  1.112E-01  1.112E-01  1.112E-01  1.112E-01  1.112E-01  1.112E-01
  1.112E-01  1.112E-01  1.112E-01  1.112E-01  1.112E-01  1.112E-01  1.112E-01  1.112E-01  1.113E-01  1.113E-01
  1.113E-01  1.113E-01  1.113E-01  1.113E-01  1.113E-01  1.113E-01  1.112E-01  1.112E-01  1.112E-01  1.112E-01
  1.112E-01  1.112E-01  1.112E-01  1.113E-01  1.113E-01  1.113E-01  1.112E-01  1.112E-01  1.112E-01  1.112E-01
  0.000E+00  0.000E+00  0.000E+00  0.000E+00  0.000E+00  0.000E+00  0.000E+00  0.000E+00  0.000E+00  0.000E+00
  0.000E+00  0.000E+00  0.000E+00  0.000E+00  0.000E+00  0.000E+00  0.000E+00  0.000E+00  0.000E+00  0.000E+00
  0.000E+00  0.000E+00  0.000E+00  0.000E+00  0.000E+00  0.000E+00  0.000E+00  0.000E+00  0.000E+00  0.000E+00
  0.000E+00  0.000E+00  0.000E+00  0.000E+00  0.000E+00  0.000E+00  0.000E+00  0.000E+00  0.000E+00  0.000E+00
  0.000E+00  0.000E+00  0.000E+00  0.000E+00  0.000E+00  0.000E+00  0.000E+00  0.000E+00  0.000E+00  0.000E+00
  0.000E+00  0.000E+00  0.000E+00  0.000E+00  0.000E+00  0.000E+00  0.000E+00  0.000E+00  9.439E-02  1.681E-01
  1.682E-01  1.682E-01  1.684E-01  1.686E-01  1.686E-01  1.686E-01  1.686E-01  1.686E-01  1.687E-01  1.687E-01
  1.687E-01  1.686E-01  1.687E-01  1.688E-01  1.688E-01  1.688E-01  1.688E-01  1.689E-01  1.689E-01  1.689E-01
  1.689E-01  1.689E-01  1.689E-01  1.689E-01  1.689E-01  1.689E-01  1.689E-01  1.689E-01  1.689E-01  1.689E-01
  1.689E-01  1.689E-01  1.689E-01  1.689E-01  1.689E-01  1.689E-01  1.689E-01  1.689E-01  1.689E-01  1.689E-01
  1.689E-01  1.689E-01  1.688E-01  1.688E-01  1.688E-01  1.688E-01  1.688E-01  1.689E-01  1.689E-01  1.689E-01
  1.689E-01  1.689E-01  1.689E-01  1.689E-01  1.689E-01  1.689E-01  1.689E-01  1.689E-01  1.689E-01  1.689E-01
  1.689E-01  1.689E-01  1.689E-01  1.689E-01  1.689E-01  1.689E-01  1.689E-01  1.689E-01  1.689E-01  1.689E-01
  1.689E-01  1.689E-01  1.689E-01  1.689E-01  1.689E-01  1.689E-01  1.689E-01  1.689E-01  1.689E-01  1.689E-01
  1.689E-01  1.689E-01  1.689E-01  1.689E-01  1.689E-01  1.689E-01  1.689E-01  1.689E-01  1.689E-01  1.689E-01
  1.689E-01  1.689E-01  1.689E-01  1.689E-01  1.689E-01  1.689E-01  1.689E-01  1.689E-01  1.689E-01  1.689E-01
  1.689E-01  1.689E-01  1.689E-01  1.689E-01  1.689E-01  1.689E-01  1.689E-01  1.689E-01  1.689E-01  1.689E-01
  1.689E-01  1.689E-01  1.689E-01  1.689E-01  1.689E-01  1.689E-01  1.689E-01  1.689E-01  1.689E-01  1.689E-01
  1.689E-01  1.689E-01  1.689E-01  1.689E-01  1.689E-01  1.689E-01  1.689E-01  1.689E-01  1.689E-01  1.689E-01
  1.689E-01  1.689E-01  1.689E-01  1.689E-01  1.689E-01  1.689E-01  1.689E-01  1.689E-01  1.689E-01  1.689E-01
  0.000E+00  0.000E+00  0.000E+00  0.000E+00  0.000E+00  0.000E+00  0.000E+00  0.000E+00  0.000E+00  0.000E+00
  0.000E+00  0.000E+00  0.000E+00  0.000E+00  0.000E+00  0.000E+00  0.000E+00  0.000E+00  0.000E+00  0.000E+00
  0.000E+00  0.000E+00  0.000E+00  0.000E+00  0.000E+00  0.000E+00  0.000E+00  0.000E+00  0.000E+00  0.000E+00
  0.000E+00  0.000E+00  0.000E+00  0.000E+00  0.000E+00  0.000E+00  0.000E+00  0.000E+00  0.000E+00  0.000E+00
  0.000E+00  0.000E+00  0.000E+00  0.000E+00  0.000E+00  0.000E+00  0.000E+00  0.000E+00  0.000E+00  0.000E+00
  0.000E+00  0.000E+00  0.000E+00  0.000E+00  0.000E+00  0.000E+00  0.000E+00  0.000E+00  1.101E-01  1.959E-01
  1.961E-01  1.962E-01  1.963E-01  1.964E-01  1.964E-01  1.964E-01  1.964E-01  1.965E-01  1.966E-01  1.967E-01
  1.967E-01  1.966E-01  1.967E-01  1.967E-01  1.967E-01  1.968E-01  1.967E-01  1.968E-01  1.968E-01  1.969E-01
  1.968E-01  1.969E-01  1.968E-01  1.968E-01  1.968E-01  1.969E-01  1.969E-01  1.969E-01  1.969E-01  1.969E-01
  1.968E-01  1.968E-01  1.968E-01  1.968E-01  1.968E-01  1.968E-01  1.968E-01  1.968E-01  1.968E-01  1.969E-01
  1.969E-01  1.969E-01  1.969E-01  1.969E-01  1.969E-01  1.969E-01  1.969E-01  1.968E-01  1.968E-01  1.968E-01
  1.968E-01  1.968E-01  1.968E-01  1.968E-01  1.969E-01  1.969E-01  1.969E-01  1.969E-01  1.969E-01  1.969E-01
  1.969E-01  1.969E-01  1.969E-01  1.969E-01  1.968E-01  1.968E-01  1.968E-01  1.968E-01  1.968E-01  1.968E-01
  1.968E-01  1.968E-01  1.968E-01  1.968E-01  1.968E-01  1.968E-01  1.968E-01  1.968E-01  1.968E-01  1.968E-01
  1.968E-01  1.968E-01  1.968E-01  1.968E-01  1.968E-01  1.968E-01  1.968E-01  1.968E-01  1.968E-01  1.968E-01
  1.968E-01  1.968E-01  1.968E-01  1.968E-01  1.968E-01  1.968E-01  1.968E-01  1.968E-01  1.968E-01  1.968E-01
  1.968E-01  1.968E-01  1.968E-01  1.968E-01  1.968E-01  1.968E-01  1.968E-01  1.968E-01  1.968E-01  1.968E-01
  1.968E-01  1.968E-01  1.968E-01  1.968E-01  1.968E-01  1.968E-01  1.968E-01  1.968E-01  1.968E-01  1.968E-01
  1.968E-01  1.968E-01  1.968E-01  1.968E-01  1.968E-01  1.968E-01  1.968E-01  1.968E-01  1.968E-01  1.968E-01
  1.968E-01  1.968E-01  1.968E-01  1.969E-01  1.969E-01  1.969E-01  1.969E-01  1.969E-01  1.969E-01  1.969E-01
  0.000E+00  0.000E+00  0.000E+00  0.000E+00  0.000E+00  0.000E+00  0.000E+00  0.000E+00  0.000E+00  0.000E+00
  0.000E+00  0.000E+00  0.000E+00  0.000E+00  0.000E+00  0.000E+00  0.000E+00  0.000E+00  0.000E+00  0.000E+00
  0.000E+00  0.000E+00  0.000E+00  0.000E+00  0.000E+00  0.000E+00  0.000E+00  0.000E+00  0.000E+00  0.000E+00
  0.000E+00  0.000E+00  0.000E+00  0.000E+00  0.000E+00  0.000E+00  0.000E+00  0.000E+00  0.000E+00  0.000E+00
  0.000E+00  0.000E+00  0.000E+00  0.000E+00  0.000E+00  0.000E+00  0.000E+00  0.000E+00  0.000E+00  0.000E+00
  0.000E+00  0.000E+00  0.000E+00  0.000E+00  0.000E+00  0.000E+00  0.000E+00  0.000E+00  1.183E-01  2.105E-01
  2.107E-01  2.108E-01  2.109E-01  2.110E-01  2.110E-01  2.110E-01  2.111E-01  2.111E-01  2.112E-01  2.113E-01
  2.114E-01  2.113E-01  2.113E-01  2.113E-01  2.114E-01  2.114E-01  2.115E-01  2.113E-01  2.116E-01  2.116E-01
  2.117E-01  2.115E-01  2.115E-01  2.115E-01  2.114E-01  2.114E-01  2.114E-01  2.114E-01  2.114E-01  2.114E-01
  2.114E-01  2.114E-01  2.115E-01  2.115E-01  2.115E-01  2.115E-01  2.115E-01  2.115E-01  2.114E-01  2.114E-01
  2.114E-01  2.114E-01  2.114E-01  2.114E-01  2.114E-01  2.114E-01  2.114E-01  2.115E-01  2.115E-01  2.115E-01
  2.115E-01  2.115E-01  2.115E-01  2.115E-01  2.115E-01  2.115E-01  2.115E-01  2.115E-01  2.115E-01  2.115E-01
  2.115E-01  2.114E-01  2.114E-01  2.114E-01  2.114E-01  2.114E-01  2.114E-01  2.114E-01  2.114E-01  2.114E-01
  2.114E-01  2.114E-01  2.114E-01  2.114E-01  2.114E-01  2.114E-01  2.114E-01  2.114E-01  2.114E-01  2.114E-01
  2.114E-01  2.114E-01  2.114E-01  2.114E-01  2.114E-01  2.114E-01  2.114E-01  2.114E-01  2.114E-01  2.114E-01
  2.114E-01  2.114E-01  2.114E-01  2.114E-01  2.114E-01  2.114E-01  2.114E-01  2.114E-01  2.114E-01  2.114E-01
  2.114E-01  2.114E-01  2.114E-01  2.114E-01  2.114E-01  2.114E-01  2.114E-01  2.114E-01  2.114E-01  2.114E-01
  2.114E-01  2.114E-01  2.114E-01  2.114E-01  2.114E-01  2.114E-01  2.114E-01  2.114E-01  2.114E-01  2.114E-01
  2.114E-01  2.114E-01  2.114E-01  2.114E-01  2.114E-01  2.114E-01  2.114E-01  2.114E-01  2.114E-01  2.114E-01
  2.114E-01  2.114E-01  2.114E-01  2.114E-01  2.114E-01  2.114E-01  2.114E-01  2.114E-01  2.114E-01  2.114E-01
  0.000E+00  0.000E+00  0.000E+00  0.000E+00  0.000E+00  0.000E+00  0.000E+00  0.000E+00  0.000E+00  0.000E+00
  0.000E+00  0.000E+00  0.000E+00  0.000E+00  0.000E+00  0.000E+00  0.000E+00  0.000E+00  0.000E+00  0.000E+00
  0.000E+00  0.000E+00  0.000E+00  0.000E+00  0.000E+00  0.000E+00  0.000E+00  0.000E+00  0.000E+00  0.000E+00
  0.000E+00  0.000E+00  0.000E+00  0.000E+00  0.000E+00  0.000E+00  0.000E+00  0.000E+00  0.000E+00  0.000E+00
  0.000E+00  0.000E+00  0.000E+00  0.000E+00  0.000E+00  0.000E+00  0.000E+00  0.000E+00  0.000E+00  0.000E+00
  0.000E+00  0.000E+00  0.000E+00  0.000E+00  0.000E+00  0.000E+00  0.000E+00  0.000E+00  1.170E-01  2.082E-01
  2.084E-01  2.085E-01  2.086E-01  2.086E-01  2.087E-01  2.088E-01  2.088E-01  2.088E-01  2.088E-01  2.089E-01
  2.089E-01  2.089E-01  2.090E-01  2.091E-01  2.091E-01  2.092E-01  2.093E-01  2.093E-01  2.092E-01  2.092E-01
  2.092E-01  2.093E-01  2.092E-01  2.091E-01  2.091E-01  2.091E-01  2.091E-01  2.091E-01  2.091E-01  2.091E-01
  2.091E-01  2.091E-01  2.091E-01  2.091E-01  2.091E-01  2.091E-01  2.092E-01  2.092E-01  2.092E-01  2.092E-01
  2.092E-01  2.092E-01  2.092E-01  2.092E-01  2.092E-01  2.092E-01  2.092E-01  2.092E-01  2.092E-01  2.092E-01
  2.092E-01  2.092E-01  2.091E-01  2.091E-01  2.091E-01  2.091E-01  2.091E-01  2.091E-01  2.091E-01  2.091E-01
  2.091E-01  2.091E-01  2.091E-01  2.091E-01  2.091E-01  2.091E-01  2.091E-01  2.091E-01  2.091E-01  2.091E-01
  2.091E-01  2.091E-01  2.091E-01  2.091E-01  2.091E-01  2.091E-01  2.091E-01  2.091E-01  2.091E-01  2.091E-01
  2.091E-01  2.091E-01  2.091E-01  2.091E-01  2.091E-01  2.091E-01  2.091E-01  2.091E-01  2.091E-01  2.091E-01
  2.091E-01  2.091E-01  2.091E-01  2.091E-01  2.091E-01  2.091E-01  2.091E-01  2.091E-01  2.091E-01  2.091E-01
  2.091E-01  2.091E-01  2.091E-01  2.091E-01  2.091E-01  2.091E-01  2.091E-01  2.091E-01  2.091E-01  2.091E-01
  2.091E-01  2.091E-01  2.091E-01  2.091E-01  2.091E-01  2.091E-01  2.091E-01  2.091E-01  2.091E-01  2.091E-01
  2.091E-01  2.091E-01  2.091E-01  2.091E-01  2.091E-01  2.091E-01  2.091E-01  2.091E-01  2.091E-01  2.091E-01
  2.091E-01  2.091E-01  2.091E-01  2.091E-01  2.091E-01  2.091E-01  2.091E-01  2.091E-01  2.091E-01  2.091E-01
  0.000E+00  0.000E+00  0.000E+00  0.000E+00  0.000E+00  0.000E+00  0.000E+00  0.000E+00  0.000E+00  0.000E+00
  0.000E+00  0.000E+00  0.000E+00  0.000E+00  0.000E+00  0.000E+00  0.000E+00  0.000E+00  0.000E+00  0.000E+00
  0.000E+00  0.000E+00  0.000E+00  0.000E+00  0.000E+00  0.000E+00  0.000E+00  0.000E+00  0.000E+00  0.000E+00
  0.000E+00  0.000E+00  0.000E+00  0.000E+00  0.000E+00  0.000E+00  0.000E+00  0.000E+00  0.000E+00  0.000E+00
  0.000E+00  0.000E+00  0.000E+00  0.000E+00  0.000E+00  0.000E+00  0.000E+00  0.000E+00  0.000E+00  0.000E+00
  0.000E+00  0.000E+00  0.000E+00  0.000E+00  0.000E+00  0.000E+00  0.000E+00  0.000E+00  1.106E-01  1.969E-01
  1.970E-01  1.972E-01  1.973E-01  1.973E-01  1.974E-01  1.974E-01  1.975E-01  1.976E-01  1.975E-01  1.976E-01
  1.976E-01  1.976E-01  1.976E-01  1.976E-01  1.977E-01  1.978E-01  1.978E-01  1.977E-01  1.977E-01  1.978E-01
  1.978E-01  1.978E-01  1.979E-01  1.979E-01  1.978E-01  1.978E-01  1.978E-01  1.978E-01  1.979E-01  1.979E-01
  1.979E-01  1.979E-01  1.979E-01  1.979E-01  1.979E-01  1.978E-01  1.978E-01  1.978E-01  1.978E-01  1.978E-01
  1.978E-01  1.979E-01  1.979E-01  1.979E-01  1.979E-01  1.979E-01  1.979E-01  1.978E-01  1.978E-01  1.978E-01
  1.978E-01  1.978E-01  1.978E-01  1.978E-01  1.978E-01  1.978E-01  1.978E-01  1.978E-01  1.978E-01  1.978E-01
  1.978E-01  1.978E-01  1.978E-01  1.978E-01  1.978E-01  1.978E-01  1.978E-01  1.978E-01  1.978E-01  1.978E-01
  1.978E-01  1.978E-01  1.978E-01  1.978E-01  1.978E-01  1.978E-01  1.978E-01  1.978E-01  1.978E-01  1.978E-01
  1.978E-01  1.978E-01  1.978E-01  1.978E-01  1.978E-01  1.978E-01  1.978E-01  1.978E-01  1.978E-01  1.978E-01
  1.978E-01  1.978E-01  1.978E-01  1.978E-01  1.978E-01  1.978E-01  1.978E-01  1.978E-01  1.978E-01  1.978E-01
  1.978E-01  1.978E-01  1.978E-01  1.978E-01  1.978E-01  1.978E-01  1.978E-01  1.978E-01  1.978E-01  1.978E-01
  1.978E-01  1.978E-01  1.978E-01  1.978E-01  1.978E-01  1.978E-01  1.978E-01  1.978E-01  1.978E-01  1.978E-01
  1.978E-01  1.978E-01  1.978E-01  1.978E-01  1.978E-01  1.978E-01  1.978E-01  1.978E-01  1.978E-01  1.978E-01
  1.978E-01  1.978E-01  1.978E-01  1.978E-01  1.978E-01  1.978E-01  1.978E-01  1.978E-01  1.978E-01  1.978E-01
  0.000E+00  0.000E+00  0.000E+00  0.000E+00  0.000E+00  0.000E+00  0.000E+00  0.000E+00  0.000E+00  0.000E+00
  0.000E+00  0.000E+00  0.000E+00  0.000E+00  0.000E+00  0.000E+00  0.000E+00  0.000E+00  0.000E+00  0.000E+00
  0.000E+00  0.000E+00  0.000E+00  0.000E+00  0.000E+00  0.000E+00  0.000E+00  0.000E+00  0.000E+00  0.000E+00
  0.000E+00  0.000E+00  0.000E+00  0.000E+00  0.000E+00  0.000E+00  0.000E+00  0.000E+00  0.000E+00  0.000E+00
  0.000E+00  0.000E+00  0.000E+00  0.000E+00  0.000E+00  0.000E+00  0.000E+00  0.000E+00  0.000E+00  0.000E+00
  0.000E+00  0.000E+00  0.000E+00  0.000E+00  0.000E+00  0.000E+00  0.000E+00  0.000E+00  9.375E-02  1.671E-01
  1.673E-01  1.673E-01  1.675E-01  1.675E-01  1.675E-01  1.675E-01  1.676E-01  1.677E-01  1.678E-01  1.679E-01
  1.680E-01  1.679E-01  1.679E-01  1.679E-01  1.679E-01  1.680E-01  1.680E-01  1.680E-01  1.681E-01  1.681E-01
  1.680E-01  1.680E-01  1.680E-01  1.681E-01  1.681E-01  1.680E-01  1.680E-01  1.680E-01  1.680E-01  1.680E-01
  1.680E-01  1.680E-01  1.680E-01  1.680E-01  1.680E-01  1.680E-01  1.680E-01  1.680E-01  1.680E-01  1.680E-01
  1.680E-01  1.680E-01  1.680E-01  1.680E-01  1.680E-01  1.680E-01  1.680E-01  1.680E-01  1.680E-01  1.680E-01
  1.680E-01  1.680E-01  1.680E-01  1.680E-01  1.680E-01  1.680E-01  1.680E-01  1.680E-01  1.680E-01  1.680E-01
  1.680E-01  1.680E-01  1.680E-01  1.680E-01  1.680E-01  1.680E-01  1.680E-01  1.680E-01  1.680E-01  1.680E-01
  1.680E-01  1.680E-01  1.680E-01  1.680E-01  1.680E-01  1.680E-01  1.680E-01  1.680E-01  1.680E-01  1.680E-01
  1.680E-01  1.680E-01  1.680E-01  1.680E-01  1.680E-01  1.680E-01  1.680E-01  1.680E-01  1.680E-01  1.680E-01
  1.680E-01  1.680E-01  1.680E-01  1.680E-01  1.680E-01  1.680E-01  1.680E-01  1.680E-01  1.680E-01  1.680E-01
  1.680E-01  1.680E-01  1.680E-01  1.680E-01  1.680E-01  1.680E-01  1.680E-01  1.680E-01  1.680E-01  1.680E-01
  1.680E-01  1.680E-01  1.680E-01  1.680E-01  1.680E-01  1.680E-01  1.680E-01  1.680E-01  1.680E-01  1.680E-01
  1.680E-01  1.680E-01  1.680E-01  1.680E-01  1.680E-01  1.680E-01  1.680E-01  1.680E-01  1.680E-01  1.680E-01
  1.680E-01  1.680E-01  1.680E-01  1.680E-01  1.680E-01  1.680E-01  1.680E-01  1.680E-01  1.680E-01  1.680E-01
  0.000E+00  0.000E+00  0.000E+00  0.000E+00  0.000E+00  0.000E+00  0.000E+00  0.000E+00  0.000E+00  0.000E+00
  0.000E+00  0.000E+00  0.000E+00  0.000E+00  0.000E+00  0.000E+00  0.000E+00  0.000E+00  0.000E+00  0.000E+00
  0.000E+00  0.000E+00  0.000E+00  0.000E+00  0.000E+00  0.000E+00  0.000E+00  0.000E+00  0.000E+00  0.000E+00
  0.000E+00  0.000E+00  0.000E+00  0.000E+00  0.000E+00  0.000E+00  0.000E+00  0.000E+00  0.000E+00  0.000E+00
  0.000E+00  0.000E+00  0.000E+00  0.000E+00  0.000E+00  0.000E+00  0.000E+00  0.000E+00  0.000E+00  0.000E+00
  0.000E+00  0.000E+00  0.000E+00  0.000E+00  0.000E+00  0.000E+00  0.000E+00  0.000E+00  6.266E-02  1.117E-01
  1.118E-01  1.118E-01  1.119E-01  1.120E-01  1.120E-01  1.121E-01  1.120E-01  1.120E-01  1.121E-01  1.120E-01
  1.121E-01  1.121E-01  1.121E-01  1.121E-01  1.121E-01  1.121E-01  1.121E-01  1.121E-01  1.122E-01  1.122E-01
  1.123E-01  1.123E-01  1.123E-01  1.123E-01  1.124E-01  1.125E-01  1.123E-01  1.122E-01  1.122E-01  1.122E-01
  1.122E-01  1.123E-01  1.123E-01  1.123E-01  1.123E-01  1.123E-01  1.123E-01  1.123E-01  1.123E-01  1.123E-01
  1.122E-01  1.122E-01  1.122E-01  1.122E-01  1.122E-01  1.122E-01  1.122E-01  1.122E-01  1.122E-01  1.122E-01
  1.122E-01  1.122E-01  1.122E-01  1.122E-01  1.122E-01  1.122E-01  1.122E-01  1.122E-01  1.122E-01  1.122E-01
  1.122E-01  1.122E-01  1.122E-01  1.122E-01  1.122E-01  1.122E-01  1.122E-01  1.122E-01  1.122E-01  1.122E-01
  1.122E-01  1.122E-01  1.122E-01  1.122E-01  1.122E-01  1.122E-01  1.122E-01  1.122E-01  1.122E-01  1.122E-01
  1.122E-01  1.122E-01  1.122E-01  1.122E-01  1.122E-01  1.122E-01  1.122E-01  1.122E-01  1.123E-01  1.123E-01
  1.123E-01  1.123E-01  1.123E-01  1.123E-01  1.123E-01  1.123E-01  1.122E-01  1.122E-01  1.122E-01  1.122E-01
  1.122E-01  1.122E-01  1.122E-01  1.122E-01  1.122E-01  1.122E-01  1.123E-01  1.123E-01  1.123E-01  1.123E-01
  1.123E-01  1.123E-01  1.123E-01  1.123E-01  1.123E-01  1.123E-01  1.123E-01  1.123E-01  1.123E-01  1.123E-01
  1.123E-01  1.122E-01  1.122E-01  1.122E-01  1.122E-01  1.122E-01  1.122E-01  1.122E-01  1.122E-01  1.122E-01
  1.122E-01  1.122E-01  1.122E-01  1.122E-01  1.122E-01  1.122E-01  1.122E-01  1.122E-01  1.122E-01  1.122E-01
  0.000E+00  0.000E+00  0.000E+00  0.000E+00  0.000E+00  0.000E+00  0.000E+00  0.000E+00  0.000E+00  0.000E+00
  0.000E+00  0.000E+00  0.000E+00  0.000E+00  0.000E+00  0.000E+00  0.000E+00  0.000E+00  0.000E+00  0.000E+00
  0.000E+00  0.000E+00  0.000E+00  0.000E+00  0.000E+00  0.000E+00  0.000E+00  0.000E+00  0.000E+00  0.000E+00
  0.000E+00  0.000E+00  0.000E+00  0.000E+00  0.000E+00  0.000E+00  0.000E+00  0.000E+00  0.000E+00  0.000E+00
  0.000E+00  0.000E+00  0.000E+00  3.161E-06  2.830E-05  2.830E-05  2.830E-05  2.830E-05  2.830E-05  2.830E-05
  2.830E-05  2.830E-05  2.830E-05  2.830E-05  2.830E-05  2.830E-05  2.830E-05  2.830E-05  3.681E-03  6.546E-03
  6.567E-03  6.573E-03  6.573E-03  6.582E-03  6.604E-03  6.610E-03  6.594E-03  6.594E-03  6.597E-03  6.579E-03
  6.576E-03  6.576E-03  6.576E-03  6.576E-03  6.576E-03  6.560E-03  6.557E-03  6.557E-03  6.557E-03  6.557E-03
  6.557E-03  6.557E-03  6.557E-03  6.557E-03  6.557E-03  6.577E-03  6.792E-03  6.651E-03  6.642E-03  6.642E-03
  6.642E-03  6.636E-03  6.579E-03  6.555E-03  6.542E-03  6.542E-03  6.542E-03  6.542E-03  6.542E-03  6.548E-03
  6.559E-03  6.559E-03  6.559E-03  6.559E-03  6.564E-03  6.575E-03  6.575E-03  6.578E-03  6.592E-03  6.592E-03
  6.592E-03  6.592E-03  6.592E-03  6.592E-03  6.592E-03  6.592E-03  6.592E-03  6.592E-03  6.592E-03  6.592E-03
  6.592E-03  6.592E-03  6.592E-03  6.592E-03  6.589E-03  6.573E-03  6.560E-03  6.554E-03  6.544E-03  6.544E-03
  6.539E-03  6.554E-03  6.554E-03  6.554E-03  6.554E-03  6.554E-03  6.554E-03  6.554E-03  6.554E-03  6.554E-03
  6.554E-03  6.545E-03  6.528E-03  6.528E-03  6.528E-03  6.528E-03  6.528E-03  6.520E-03  6.514E-03  6.514E-03
  6.514E-03  6.514E-03  6.514E-03  6.514E-03  6.514E-03  6.516E-03  6.532E-03  6.532E-03  6.532E-03  6.532E-03
  6.532E-03  6.532E-03  6.532E-03  6.532E-03  6.532E-03  6.532E-03  6.532E-03  6.532E-03  6.532E-03  6.532E-03
  6.526E-03  6.514E-03  6.514E-03  6.514E-03  6.514E-03  6.514E-03  6.514E-03  6.514E-03  6.514E-03  6.514E-03
  6.514E-03  6.532E-03  6.532E-03  6.532E-03  6.532E-03  6.532E-03  6.532E-03  6.532E-03  6.532E-03  6.535E-03
  6.549E-03  6.549E-03  6.549E-03  6.549E-03  6.549E-03  6.548E-03  6.531E-03  6.531E-03  6.531E-03  6.531E-03
  0.000E+00  0.000E+00  0.000E+00  0.000E+00  0.000E+00  0.000E+00  0.000E+00  0.000E+00  0.000E+00  0.000E+00
  0.000E+00  0.000E+00  0.000E+00  0.000E+00  0.000E+00  0.000E+00  0.000E+00  0.000E+00  0.000E+00  0.000E+00
  0.000E+00  0.000E+00  0.000E+00  0.000E+00  0.000E+00  0.000E+00  0.000E+00  0.000E+00  0.000E+00  0.000E+00
  0.000E+00  0.000E+00  0.000E+00  0.000E+00  0.000E+00  0.000E+00  0.000E+00  0.000E+00  0.000E+00  0.000E+00
  0.000E+00  0.000E+00  0.000E+00  0.000E+00  0.000E+00  0.000E+00  0.000E+00  0.000E+00  0.000E+00  0.000E+00
  0.000E+00  0.000E+00  0.000E+00  0.000E+00  0.000E+00  0.000E+00  0.000E+00  0.000E+00  0.000E+00  0.000E+00
  0.000E+00  0.000E+00  0.000E+00  0.000E+00  0.000E+00  0.000E+00  0.000E+00  0.000E+00  0.000E+00  0.000E+00
  0.000E+00  0.000E+00  0.000E+00  0.000E+00  0.000E+00  0.000E+00  0.000E+00  0.000E+00  0.000E+00  0.000E+00
  0.000E+00  0.000E+00  0.000E+00  0.000E+00  0.000E+00  0.000E+00  0.000E+00  1.653E-04  4.036E-05  0.000E+00
  0.000E+00  0.000E+00  4.881E-05  7.214E-05  8.484E-05  8.484E-05  8.484E-05  8.484E-05  4.166E-05  3.032E-05
  6.375E-07  0.000E+00  0.000E+00  0.000E+00  0.000E+00  0.000E+00  0.000E+00  0.000E+00  0.000E+00  0.000E+00
  0.000E+00  0.000E+00  0.000E+00  0.000E+00  0.000E+00  0.000E+00  0.000E+00  0.000E+00  0.000E+00  0.000E+00
  0.000E+00  0.000E+00  0.000E+00  0.000E+00  2.953E-06  1.707E-05  1.707E-05  2.334E-05  3.311E-05  3.311E-05
  4.843E-05  4.938E-05  4.938E-05  4.938E-05  4.938E-05  4.938E-05  4.938E-05  4.938E-05  4.938E-05  4.938E-05
  4.938E-05  5.518E-05  5.819E-05  5.819E-05  5.819E-05  5.819E-05  5.819E-05  5.819E-05  5.819E-05  5.819E-05
  5.819E-05  5.819E-05  5.066E-05  3.232E-05  3.232E-05  1.632E-05  0.000E+00  0.000E+00  0.000E+00  0.000E+00
  0.000E+00  0.000E+00  0.000E+00  0.000E+00  0.000E+00  0.000E+00  0.000E+00  1.028E-05  1.697E-05  1.697E-05
  2.261E-05  3.485E-05  3.485E-05  3.485E-05  3.485E-05  3.485E-05  3.485E-05  3.485E-05  3.485E-05  3.485E-05
  3.485E-05  3.485E-05  3.485E-05  3.485E-05  3.485E-05  2.563E-05  1.697E-05  1.697E-05  1.697E-05  1.445E-05
  0.000E+00  0.000E+00  0.000E+00  0.000E+00  0.000E+00  7.977E-07  1.832E-05  1.832E-05  1.832E-05  1.832E-05
  0.000E+00  0.000E+00  0.000E+00  0.000E+00  0.000E+00  0.000E+00  0.000E+00  0.000E+00  0.000E+00  0.000E+00
  0.000E+00  0.000E+00  0.000E+00  0.000E+00  0.000E+00  0.000E+00  0.000E+00  0.000E+00  0.000E+00  0.000E+00
  0.000E+00  0.000E+00  0.000E+00  0.000E+00  0.000E+00  0.000E+00  0.000E+00  0.000E+00  0.000E+00  0.000E+00
  0.000E+00  0.000E+00  0.000E+00  0.000E+00  0.000E+00  0.000E+00  0.000E+00  0.000E+00  0.000E+00  0.000E+00
  0.000E+00  0.000E+00  0.000E+00  0.000E+00  0.000E+00  0.000E+00  0.000E+00  0.000E+00  0.000E+00  0.000E+00
  0.000E+00  0.000E+00  0.000E+00  0.000E+00  0.000E+00  0.000E+00  0.000E+00  0.000E+00  0.000E+00  0.000E+00
  0.000E+00  0.000E+00  0.000E+00  0.000E+00  0.000E+00  0.000E+00  0.000E+00  0.000E+00  0.000E+00  0.000E+00
  0.000E+00  0.000E+00  0.000E+00  0.000E+00  0.000E+00  0.000E+00  0.000E+00  0.000E+00  0.000E+00  0.000E+00
  0.000E+00  0.000E+00  0.000E+00  0.000E+00  0.000E+00  0.000E+00  0.000E+00  0.000E+00  1.348E-04  7.090E-05
  0.000E+00  0.000E+00  0.000E+00  0.000E+00  0.000E+00  0.000E+00  0.000E+00  0.000E+00  4.317E-05  5.452E-05
  8.420E-05  8.484E-05  8.484E-05  8.484E-05  4.730E-05  3.032E-05  1.890E-05  0.000E+00  0.000E+00  0.000E+00
  0.000E+00  0.000E+00  0.000E+00  0.000E+00  0.000E+00  0.000E+00  0.000E+00  0.000E+00  0.000E+00  0.000E+00
  0.000E+00  0.000E+00  0.000E+00  0.000E+00  0.000E+00  0.000E+00  0.000E+00  0.000E+00  0.000E+00  0.000E+00
  0.000E+00  0.000E+00  0.000E+00  0.000E+00  0.000E+00  0.000E+00  0.000E+00  0.000E+00  0.000E+00  0.000E+00
  0.000E+00  2.743E-06  1.707E-05  1.707E-05  1.814E-05  3.403E-05  3.403E-05  3.403E-05  3.403E-05  3.403E-05
  3.403E-05  3.403E-05  4.156E-05  5.991E-05  5.991E-05  7.590E-05  9.222E-05  9.222E-05  8.969E-05  7.516E-05
  7.516E-05  7.516E-05  7.516E-05  6.865E-05  4.928E-05  4.928E-05  4.928E-05  3.900E-05  3.232E-05  3.232E-05
  3.232E-05  3.232E-05  3.232E-05  3.232E-05  3.232E-05  3.232E-05  3.232E-05  3.232E-05  3.232E-05  3.232E-05
  2.983E-05  1.604E-05  1.604E-05  8.128E-06  0.000E+00  9.215E-06  1.788E-05  1.788E-05  1.788E-05  1.788E-05
  1.788E-05  1.788E-05  1.788E-05  1.788E-05  1.788E-05  1.788E-05  1.788E-05  1.788E-05  1.788E-05  1.788E-05
  0.000E+00  0.000E+00  0.000E+00  0.000E+00  0.000E+00  0.000E+00  0.000E+00  0.000E+00  0.000E+00  0.000E+00
  0.000E+00  0.000E+00  0.000E+00  0.000E+00  0.000E+00  0.000E+00  0.000E+00  0.000E+00  0.000E+00  0.000E+00
  0.000E+00  0.000E+00  0.000E+00  0.000E+00  0.000E+00  0.000E+00  0.000E+00  0.000E+00  0.000E+00  0.000E+00
  0.000E+00  0.000E+00  0.000E+00  0.000E+00  0.000E+00  0.000E+00  0.000E+00  0.000E+00  0.000E+00  0.000E+00
  0.000E+00  0.000E+00  0.000E+00  0.000E+00  0.000E+00  0.000E+00  0.000E+00  0.000E+00  0.000E+00  0.000E+00
  0.000E+00  0.000E+00  0.000E+00  0.000E+00  0.000E+00  0.000E+00  0.000E+00  0.000E+00  0.000E+00  0.000E+00
  0.000E+00  0.000E+00  0.000E+00  0.000E+00  0.000E+00  0.000E+00  0.000E+00  0.000E+00  0.000E+00  0.000E+00
  0.000E+00  0.000E+00  0.000E+00  0.000E+00  0.000E+00  0.000E+00  0.000E+00  0.000E+00  0.000E+00  0.000E+00
  0.000E+00  0.000E+00  0.000E+00  0.000E+00  0.000E+00  0.000E+00  0.000E+00  0.000E+00  0.000E+00  1.042E-04
  1.015E-04  0.000E+00  0.000E+00  0.000E+00  0.000E+00  0.000E+00  0.000E+00  0.000E+00  0.000E+00  0.000E+00
  0.000E+00  0.000E+00  0.000E+00  0.000E+00  3.754E-05  5.452E-05  6.593E-05  8.484E-05  8.484E-05  8.484E-05
  5.293E-05  3.032E-05  3.032E-05  6.848E-06  0.000E+00  0.000E+00  0.000E+00  0.000E+00  0.000E+00  0.000E+00
  0.000E+00  0.000E+00  8.830E-06  1.697E-05  1.697E-05  1.697E-05  1.697E-05  1.697E-05  1.697E-05  1.697E-05
  1.697E-05  1.697E-05  1.697E-05  1.697E-05  1.697E-05  1.697E-05  1.697E-05  1.697E-05  1.697E-05  1.697E-05
  1.697E-05  1.697E-05  1.697E-05  1.697E-05  1.590E-05  0.000E+00  0.000E+00  0.000E+00  0.000E+00  0.000E+00
  0.000E+00  0.000E+00  0.000E+00  0.000E+00  0.000E+00  0.000E+00  0.000E+00  0.000E+00  2.534E-06  1.707E-05
  1.707E-05  1.707E-05  1.707E-05  2.357E-05  4.294E-05  4.294E-05  4.294E-05  4.294E-05  4.294E-05  4.294E-05
  4.294E-05  4.294E-05  4.294E-05  4.294E-05  3.745E-05  1.474E-05  0.000E+00  0.000E+00  0.000E+00  0.000E+00
  2.483E-06  1.627E-05  1.627E-05  2.419E-05  3.232E-05  3.232E-05  3.232E-05  3.232E-05  3.232E-05  3.232E-05
  3.232E-05  3.232E-05  3.232E-05  3.232E-05  3.232E-05  3.232E-05  3.584E-05  6.068E-05  6.068E-05  6.068E-05
  0.000E+00  0.000E+00  0.000E+00  0.000E+00  0.000E+00  0.000E+00  0.000E+00  0.000E+00  0.000E+00  0.000E+00
  0.000E+00  0.000E+00  0.000E+00  0.000E+00  0.000E+00  0.000E+00  0.000E+00  0.000E+00  0.000E+00  0.000E+00
  0.000E+00  0.000E+00  0.000E+00  0.000E+00  0.000E+00  0.000E+00  0.000E+00  0.000E+00  0.000E+00  0.000E+00
  0.000E+00  0.000E+00  0.000E+00  0.000E+00  0.000E+00  0.000E+00  0.000E+00  0.000E+00  0.000E+00  0.000E+00
  0.000E+00  0.000E+00  0.000E+00  0.000E+00  0.000E+00  0.000E+00  0.000E+00  0.000E+00  0.000E+00  0.000E+00
  0.000E+00  0.000E+00  0.000E+00  0.000E+00  0.000E+00  0.000E+00  0.000E+00  0.000E+00  0.000E+00  0.000E+00
  0.000E+00  0.000E+00  0.000E+00  0.000E+00  0.000E+00  0.000E+00  0.000E+00  0.000E+00  0.000E+00  0.000E+00
  0.000E+00  0.000E+00  0.000E+00  0.000E+00  0.000E+00  0.000E+00  0.000E+00  0.000E+00  0.000E+00  0.000E+00
  0.000E+00  0.000E+00  0.000E+00  0.000E+00  0.000E+00  0.000E+00  0.000E+00  0.000E+00  0.000E+00  0.000E+00
  7.369E-05  1.320E-04  0.000E+00  0.000E+00  0.000E+00  0.000E+00  0.000E+00  0.000E+00  0.000E+00  0.000E+00
  1.659E-05  1.697E-05  1.697E-05  1.697E-05  1.697E-05  1.697E-05  1.697E-05  1.697E-05  1.697E-05  1.697E-05
  4.887E-05  7.148E-05  7.148E-05  9.496E-05  1.018E-04  1.018E-04  7.554E-05  4.729E-05  4.729E-05  4.208E-05
  1.697E-05  1.697E-05  8.139E-06  0.000E+00  0.000E+00  0.000E+00  0.000E+00  0.000E+00  0.000E+00  0.000E+00
  0.000E+00  0.000E+00  0.000E+00  0.000E+00  0.000E+00  0.000E+00  0.000E+00  0.000E+00  0.000E+00  0.000E+00
  0.000E+00  0.000E+00  0.000E+00  0.000E+00  0.000E+00  0.000E+00  0.000E+00  0.000E+00  0.000E+00  0.000E+00
  0.000E+00  0.000E+00  0.000E+00  0.000E+00  0.000E+00  0.000E+00  0.000E+00  0.000E+00  0.000E+00  0.000E+00
  0.000E+00  0.000E+00  0.000E+00  0.000E+00  0.000E+00  0.000E+00  0.000E+00  0.000E+00  0.000E+00  0.000E+00
  0.000E+00  0.000E+00  0.000E+00  0.000E+00  5.489E-06  2.820E-05  4.294E-05  4.356E-05  7.131E-05  7.131E-05
  7.131E-05  7.131E-05  7.131E-05  7.131E-05  7.131E-05  6.684E-05  5.778E-05  6.013E-05  6.013E-05  6.013E-05
  6.013E-05  6.013E-05  5.802E-05  4.307E-05  4.307E-05  4.307E-05  3.954E-05  1.470E-05  1.470E-05  1.470E-05
  0.000E+00  0.000E+00  0.000E+00  0.000E+00  0.000E+00  0.000E+00  0.000E+00  0.000E+00  0.000E+00  0.000E+00
  0.000E+00  0.000E+00  0.000E+00  0.000E+00  0.000E+00  0.000E+00  0.000E+00  0.000E+00  0.000E+00  0.000E+00
  0.000E+00  0.000E+00  0.000E+00  0.000E+00  0.000E+00  0.000E+00  0.000E+00  0.000E+00  0.000E+00  0.000E+00
  0.000E+00  0.000E+00  0.000E+00  0.000E+00  0.000E+00  0.000E+00  0.000E+00  0.000E+00  0.000E+00  0.000E+00
  0.000E+00  0.000E+00  0.000E+00  0.000E+00  0.000E+00  0.000E+00  0.000E+00  0.000E+00  0.000E+00  0.000E+00
  0.000E+00  0.000E+00  0.000E+00  0.000E+00  0.000E+00  0.000E+00  0.000E+00  0.000E+00  0.000E+00  0.000E+00
  0.000E+00  0.000E+00  0.000E+00  0.000E+00  0.000E+00  0.000E+00  0.000E+00  0.000E+00  0.000E+00  0.000E+00
  0.000E+00  0.000E+00  0.000E+00  0.000E+00  0.000E+00  0.000E+00  0.000E+00  7.379E-06  1.697E-05  1.697E-05
  1.697E-05  1.697E-05  1.697E-05  1.697E-05  1.697E-05  1.697E-05  1.697E-05  1.697E-05  1.697E-05  1.697E-05
  1.697E-05  6.011E-05  1.795E-04  1.697E-05  1.697E-05  1.697E-05  1.697E-05  1.697E-05  1.697E-05  1.697E-05
  3.800E-07  0.000E+00  0.000E+00  0.000E+00  0.000E+00  0.000E+00  0.000E+00  0.000E+00  0.000E+00  0.000E+00
  0.000E+00  0.000E+00  0.000E+00  0.000E+00  0.000E+00  0.000E+00  2.627E-05  5.452E-05  5.452E-05  5.972E-05
  8.484E-05  8.484E-05  6.421E-05  3.032E-05  3.032E-05  3.032E-05  2.191E-05  1.470E-05  1.470E-05  1.470E-05
  1.470E-05  1.470E-05  1.470E-05  1.470E-05  1.470E-05  1.470E-05  1.470E-05  1.470E-05  1.470E-05  1.470E-05
  1.470E-05  1.470E-05  1.470E-05  1.470E-05  1.470E-05  1.470E-05  1.470E-05  1.470E-05  1.470E-05  1.470E-05
  1.470E-05  1.470E-05  1.470E-05  1.470E-05  1.470E-05  1.470E-05  1.470E-05  1.470E-05  1.610E-05  5.570E-05
  5.798E-05  5.798E-05  5.798E-05  5.798E-05  5.798E-05  5.798E-05  5.798E-05  5.798E-05  5.798E-05  5.798E-05
  5.798E-05  5.798E-05  5.798E-05  5.798E-05  5.798E-05  5.798E-05  5.798E-05  5.735E-05  2.961E-05  2.961E-05
  2.961E-05  2.961E-05  2.961E-05  2.961E-05  2.961E-05  3.408E-05  4.313E-05  4.078E-05  4.078E-05  4.078E-05
  4.078E-05  4.078E-05  4.290E-05  5.785E-05  5.785E-05  5.785E-05  5.440E-05  3.197E-05  3.197E-05  3.197E-05
  0.000E+00  0.000E+00  0.000E+00  0.000E+00  0.000E+00  0.000E+00  0.000E+00  0.000E+00  0.000E+00  0.000E+00
  0.000E+00  0.000E+00  0.000E+00  0.000E+00  0.000E+00  0.000E+00  0.000E+00  0.000E+00  0.000E+00  0.000E+00
  0.000E+00  0.000E+00  0.000E+00  0.000E+00  0.000E+00  0.000E+00  0.000E+00  0.000E+00  0.000E+00  0.000E+00
  0.000E+00  0.000E+00  0.000E+00  0.000E+00  0.000E+00  0.000E+00  0.000E+00  0.000E+00  0.000E+00  0.000E+00
  0.000E+00  0.000E+00  0.000E+00  0.000E+00  0.000E+00  0.000E+00  0.000E+00  0.000E+00  0.000E+00  0.000E+00
  0.000E+00  0.000E+00  0.000E+00  0.000E+00  0.000E+00  1.514E-05  1.697E-05  1.697E-05  1.697E-05  1.697E-05
  1.697E-05  1.697E-05  1.697E-05  1.697E-05  1.697E-05  1.697E-05  2.233E-05  3.167E-05  3.167E-05  3.167E-05
  3.167E-05  3.167E-05  3.167E-05  3.167E-05  3.167E-05  3.167E-05  3.167E-05  2.429E-05  1.470E-05  1.470E-05
  1.470E-05  1.470E-05  1.470E-05  1.470E-05  1.470E-05  1.470E-05  1.470E-05  1.470E-05  1.470E-05  1.470E-05
  1.470E-05  1.470E-05  2.729E-05  1.898E-04  3.266E-05  1.470E-05  1.470E-05  1.470E-05  1.470E-05  1.470E-05
  1.470E-05  1.470E-05  1.470E-05  1.470E-05  1.470E-05  1.470E-05  1.470E-05  1.470E-05  1.470E-05  1.470E-05
  1.470E-05  1.470E-05  1.470E-05  1.470E-05  1.470E-05  1.470E-05  2.719E-05  2.961E-05  2.961E-05  2.961E-05
  2.961E-05  2.961E-05  5.024E-05  8.412E-05  8.412E-05  8.412E-05  9.253E-05  9.974E-05  8.475E-05  4.523E-05
  4.523E-05  4.523E-05  4.523E-05  1.591E-05  1.491E-05  1.491E-05  1.491E-05  1.491E-05  1.491E-05  1.491E-05
  3.810E-05  4.328E-05  4.328E-05  4.328E-05  4.328E-05  4.328E-05  4.328E-05  4.328E-05  4.328E-05  4.328E-05
  4.328E-05  4.328E-05  4.328E-05  4.328E-05  4.328E-05  4.328E-05  4.328E-05  4.328E-05  4.187E-05  2.280E-06
  0.000E+00  0.000E+00  0.000E+00  0.000E+00  0.000E+00  0.000E+00  0.000E+00  0.000E+00  0.000E+00  0.000E+00
  0.000E+00  0.000E+00  0.000E+00  0.000E+00  0.000E+00  0.000E+00  0.000E+00  0.000E+00  0.000E+00  0.000E+00
  0.000E+00  0.000E+00  0.000E+00  0.000E+00  0.000E+00  0.000E+00  0.000E+00  0.000E+00  0.000E+00  0.000E+00
  0.000E+00  0.000E+00  0.000E+00  0.000E+00  0.000E+00  4.416E-06  1.842E-05  4.084E-05  4.084E-05  4.084E-05
  0.000E+00  0.000E+00  0.000E+00  0.000E+00  0.000E+00  0.000E+00  1.861E-06  1.470E-05  1.470E-05  1.470E-05
  1.470E-05  1.470E-05  1.470E-05  1.470E-05  1.470E-05  1.470E-05  1.470E-05  1.470E-05  1.470E-05  1.470E-05
  1.470E-05  1.470E-05  1.470E-05  1.470E-05  1.470E-05  1.470E-05  1.470E-05  1.470E-05  1.470E-05  1.470E-05
  1.470E-05  1.470E-05  1.470E-05  1.470E-05  1.470E-05  1.470E-05  1.470E-05  1.470E-05  1.470E-05  1.470E-05
  1.470E-05  1.470E-05  1.470E-05  1.470E-05  1.470E-05  1.470E-05  1.470E-05  2.394E-05  3.167E-05  3.167E-05
  3.167E-05  3.167E-05  3.167E-05  3.167E-05  3.167E-05  1.653E-05  1.470E-05  1.470E-05  1.470E-05  1.470E-05
  1.470E-05  1.470E-05  1.470E-05  1.470E-05  1.470E-05  1.470E-05  9.342E-06  0.000E+00  0.000E+00  0.000E+00
  0.000E+00  0.000E+00  0.000E+00  8.668E-06  1.491E-05  1.491E-05  1.491E-05  1.491E-05  1.491E-05  1.491E-05
  1.491E-05  1.491E-05  1.491E-05  1.491E-05  1.491E-05  1.491E-05  1.491E-05  1.491E-05  1.491E-05  1.491E-05
  1.491E-05  1.491E-05  1.491E-05  1.491E-05  1.721E-04  6.342E-05  1.491E-05  1.491E-05  1.491E-05  1.491E-05
  1.491E-05  1.491E-05  1.491E-05  1.491E-05  1.491E-05  1.491E-05  1.491E-05  1.491E-05  1.491E-05  1.491E-05
  1.491E-05  1.491E-05  1.491E-05  1.491E-05  1.491E-05  1.491E-05  2.418E-06  0.000E+00  0.000E+00  0.000E+00
  0.000E+00  2.029E-05  2.837E-05  2.837E-05  2.837E-05  2.837E-05  2.837E-05  2.837E-05  4.336E-05  8.288E-05
  8.288E-05  8.288E-05  8.288E-05  1.122E-04  1.038E-04  5.869E-05  5.869E-05  5.869E-05  5.869E-05  4.764E-05
  5.181E-06  0.000E+00  0.000E+00  0.000E+00  0.000E+00  0.000E+00  0.000E+00  0.000E+00  0.000E+00  0.000E+00
  0.000E+00  0.000E+00  0.000E+00  0.000E+00  5.560E-07  1.497E-05  1.497E-05  1.497E-05  1.497E-05  1.497E-05
  1.497E-05  1.497E-05  1.497E-05  1.497E-05  1.497E-05  1.497E-05  1.497E-05  1.497E-05  1.497E-05  1.497E-05
  1.497E-05  1.497E-05  1.497E-05  1.497E-05  1.497E-05  1.497E-05  1.497E-05  1.497E-05  1.497E-05  1.497E-05
  1.497E-05  1.497E-05  1.497E-05  1.497E-05  1.497E-05  1.497E-05  1.497E-05  1.497E-05  1.497E-05  1.497E-05
  1.497E-05  1.497E-05  1.497E-05  1.497E-05  1.497E-05  1.055E-05  0.000E+00  0.000E+00  0.000E+00  0.000E+00
  1.470E-05  1.470E-05  1.470E-05  1.470E-05  1.470E-05  1.470E-05  1.284E-05  0.000E+00  0.000E+00  0.000E+00
  0.000E+00  0.000E+00  0.000E+00  0.000E+00  0.000E+00  0.000E+00  0.000E+00  0.000E+00  0.000E+00  0.000E+00
  0.000E+00  0.000E+00  0.000E+00  0.000E+00  0.000E+00  0.000E+00  0.000E+00  0.000E+00  0.000E+00  0.000E+00
  0.000E+00  0.000E+00  0.000E+00  0.000E+00  0.000E+00  0.000E+00  0.000E+00  0.000E+00  0.000E+00  0.000E+00
  0.000E+00  0.000E+00  0.000E+00  0.000E+00  0.000E+00  1.386E-05  1.491E-05  1.491E-05  1.491E-05  1.491E-05
  1.491E-05  1.491E-05  1.491E-05  1.491E-05  1.491E-05  1.491E-05  1.491E-05  1.491E-05  1.491E-05  1.491E-05
  1.491E-05  1.491E-05  1.491E-05  1.491E-05  1.491E-05  1.491E-05  1.491E-05  1.491E-05  1.491E-05  1.491E-05
  1.491E-05  1.491E-05  1.491E-05  6.240E-06  0.000E+00  0.000E+00  0.000E+00  0.000E+00  0.000E+00  0.000E+00
  0.000E+00  0.000E+00  0.000E+00  0.000E+00  0.000E+00  0.000E+00  0.000E+00  0.000E+00  0.000E+00  0.000E+00
  0.000E+00  0.000E+00  0.000E+00  0.000E+00  0.000E+00  1.266E-04  7.906E-05  0.000E+00  0.000E+00  0.000E+00
  0.000E+00  0.000E+00  0.000E+00  0.000E+00  0.000E+00  0.000E+00  0.000E+00  0.000E+00  0.000E+00  0.000E+00
  0.000E+00  0.000E+00  0.000E+00  0.000E+00  1.265E-05  4.334E-05  4.334E-05  4.334E-05  4.334E-05  4.334E-05
  4.334E-05  2.305E-05  1.497E-05  1.497E-05  1.497E-05  1.497E-05  1.497E-05  1.497E-05  1.497E-05  1.497E-05
  1.497E-05  1.497E-05  1.497E-05  1.497E-05  2.433E-05  6.949E-05  6.949E-05  6.949E-05  6.949E-05  8.054E-05
  9.608E-05  4.529E-05  4.529E-05  4.529E-05  4.529E-05  4.529E-05  2.218E-05  1.497E-05  1.497E-05  1.497E-05
  1.497E-05  1.497E-05  1.497E-05  1.497E-05  1.441E-05  0.000E+00  0.000E+00  0.000E+00  0.000E+00  0.000E+00
  0.000E+00  0.000E+00  0.000E+00  0.000E+00  0.000E+00  0.000E+00  0.000E+00  0.000E+00  0.000E+00  0.000E+00
  0.000E+00  0.000E+00  0.000E+00  0.000E+00  0.000E+00  0.000E+00  0.000E+00  8.490E-06  1.536E-05  1.536E-05
  1.536E-05  1.536E-05  1.536E-05  1.536E-05  1.536E-05  1.536E-05  1.536E-05  1.536E-05  1.536E-05  1.536E-05
  1.536E-05  1.536E-05  1.536E-05  1.536E-05  1.536E-05  1.536E-05  1.536E-05  1.536E-05  1.536E-05  1.536E-05
  0.000E+00  0.000E+00  0.000E+00  0.000E+00  0.000E+00  0.000E+00  0.000E+00  0.000E+00  0.000E+00  0.000E+00
  0.000E+00  0.000E+00  0.000E+00  0.000E+00  0.000E+00  0.000E+00  0.000E+00  0.000E+00  0.000E+00  0.000E+00
  0.000E+00  0.000E+00  0.000E+00  0.000E+00  0.000E+00  0.000E+00  0.000E+00  0.000E+00  0.000E+00  0.000E+00
  0.000E+00  0.000E+00  0.000E+00  0.000E+00  0.000E+00  0.000E+00  0.000E+00  0.000E+00  0.000E+00  0.000E+00
  0.000E+00  0.000E+00  0.000E+00  0.000E+00  0.000E+00  0.000E+00  0.000E+00  0.000E+00  0.000E+00  0.000E+00
  0.000E+00  0.000E+00  0.000E+00  0.000E+00  0.000E+00  0.000E+00  0.000E+00  0.000E+00  0.000E+00  0.000E+00
  0.000E+00  0.000E+00  0.000E+00  0.000E+00  0.000E+00  0.000E+00  0.000E+00  0.000E+00  0.000E+00  0.000E+00
  0.000E+00  0.000E+00  0.000E+00  7.806E-06  1.497E-05  1.497E-05  1.497E-05  1.497E-05  1.497E-05  1.497E-05
  1.497E-05  1.497E-05  1.497E-05  1.497E-05  1.497E-05  1.497E-05  1.497E-05  1.497E-05  1.497E-05  1.497E-05
  1.497E-05  1.497E-05  1.497E-05  1.497E-05  1.497E-05  1.497E-05  1.111E-04  1.246E-04  1.497E-05  1.497E-05
  1.497E-05  1.497E-05  1.497E-05  1.497E-05  1.497E-05  1.497E-05  1.497E-05  1.497E-05  1.497E-05  1.497E-05
  1.497E-05  1.497E-05  1.497E-05  1.497E-05  3.304E-06  0.000E+00  0.000E+00  0.000E+00  0.000E+00  0.000E+00
  0.000E+00  0.000E+00  0.000E+00  0.000E+00  0.000E+00  0.000E+00  0.000E+00  0.000E+00  0.000E+00  0.000E+00
  0.000E+00  0.000E+00  0.000E+00  0.000E+00  0.000E+00  0.000E+00  0.000E+00  0.000E+00  0.000E+00  2.173E-06
  1.909E-05  6.988E-05  6.988E-05  6.988E-05  1.597E-05  1.536E-05  3.847E-05  4.569E-05  4.569E-05  4.569E-05
  4.569E-05  4.569E-05  4.084E-05  1.536E-05  1.536E-05  1.536E-05  1.536E-05  1.536E-05  1.536E-05  1.536E-05
  1.536E-05  1.536E-05  1.536E-05  1.536E-05  1.536E-05  1.536E-05  1.536E-05  1.536E-05  1.536E-05  1.536E-05
  1.536E-05  1.536E-05  1.536E-05  1.536E-05  1.536E-05  1.536E-05  1.536E-05  6.875E-06  0.000E+00  0.000E+00
  0.000E+00  0.000E+00  0.000E+00  0.000E+00  0.000E+00  0.000E+00  0.000E+00  0.000E+00  0.000E+00  0.000E+00
  0.000E+00  0.000E+00  0.000E+00  0.000E+00  0.000E+00  0.000E+00  0.000E+00  0.000E+00  2.283E-06  1.576E-05
  0.000E+00  0.000E+00  0.000E+00  0.000E+00  0.000E+00  0.000E+00  0.000E+00  0.000E+00  0.000E+00  0.000E+00
  0.000E+00  0.000E+00  0.000E+00  0.000E+00  0.000E+00  0.000E+00  0.000E+00  0.000E+00  0.000E+00  0.000E+00
  0.000E+00  0.000E+00  0.000E+00  0.000E+00  0.000E+00  0.000E+00  0.000E+00  0.000E+00  0.000E+00  0.000E+00
  0.000E+00  0.000E+00  3.946E-06  1.497E-05  1.497E-05  1.497E-05  1.497E-05  1.497E-05  1.497E-05  1.497E-05
  1.497E-05  1.497E-05  1.497E-05  1.497E-05  1.497E-05  1.497E-05  1.497E-05  1.497E-05  1.497E-05  1.497E-05
  1.497E-05  1.497E-05  1.497E-05  1.497E-05  1.497E-05  1.497E-05  1.497E-05  1.497E-05  1.497E-05  1.497E-05
  1.497E-05  1.497E-05  1.497E-05  1.497E-05  1.497E-05  1.497E-05  1.497E-05  1.497E-05  1.497E-05  1.497E-05
  1.497E-05  1.497E-05  1.497E-05  7.164E-06  0.000E+00  0.000E+00  0.000E+00  0.000E+00  0.000E+00  0.000E+00
  0.000E+00  0.000E+00  0.000E+00  0.000E+00  0.000E+00  0.000E+00  0.000E+00  0.000E+00  0.000E+00  0.000E+00
  0.000E+00  0.000E+00  0.000E+00  0.000E+00  0.000E+00  0.000E+00  0.000E+00  6.553E-05  1.402E-04  0.000E+00
  0.000E+00  0.000E+00  1.122E-05  1.536E-05  1.536E-05  1.536E-05  1.536E-05  1.536E-05  1.536E-05  1.536E-05
  1.536E-05  1.536E-05  1.536E-05  1.536E-05  1.536E-05  1.536E-05  1.536E-05  1.536E-05  1.536E-05  1.536E-05
  1.536E-05  1.536E-05  1.536E-05  1.536E-05  1.536E-05  1.536E-05  1.536E-05  1.536E-05  1.536E-05  1.536E-05
  1.536E-05  1.536E-05  1.536E-05  1.536E-05  1.536E-05  1.536E-05  1.536E-05  1.536E-05  1.536E-05  1.319E-05
  0.000E+00  0.000E+00  0.000E+00  0.000E+00  0.000E+00  0.000E+00  0.000E+00  0.000E+00  0.000E+00  0.000E+00
  0.000E+00  0.000E+00  4.842E-06  3.032E-05  3.032E-05  3.032E-05  3.032E-05  3.032E-05  3.032E-05  1.342E-05
  0.000E+00  0.000E+00  0.000E+00  0.000E+00  0.000E+00  0.000E+00  0.000E+00  0.000E+00  0.000E+00  0.000E+00
  0.000E+00  0.000E+00  0.000E+00  0.000E+00  0.000E+00  0.000E+00  0.000E+00  0.000E+00  0.000E+00  0.000E+00
  0.000E+00  0.000E+00  0.000E+00  0.000E+00  0.000E+00  0.000E+00  1.418E-05  1.540E-05  1.540E-05  1.540E-05
  1.540E-05  1.540E-05  1.540E-05  1.540E-05  1.540E-05  1.540E-05  1.540E-05  1.540E-05  1.540E-05  1.540E-05
  0.000E+00  0.000E+00  0.000E+00  0.000E+00  0.000E+00  0.000E+00  0.000E+00  0.000E+00  0.000E+00  0.000E+00
  0.000E+00  0.000E+00  0.000E+00  0.000E+00  0.000E+00  0.000E+00  0.000E+00  0.000E+00  0.000E+00  0.000E+00
  0.000E+00  0.000E+00  1.220E-05  1.497E-05  1.497E-05  1.497E-05  1.497E-05  1.497E-05  1.497E-05  1.497E-05
  1.497E-05  1.497E-05  1.102E-05  0.000E+00  0.000E+00  0.000E+00  0.000E+00  0.000E+00  0.000E+00  0.000E+00
  0.000E+00  0.000E+00  0.000E+00  0.000E+00  0.000E+00  0.000E+00  0.000E+00  0.000E+00  0.000E+00  0.000E+00
  0.000E+00  0.000E+00  0.000E+00  0.000E+00  0.000E+00  0.000E+00  0.000E+00  0.000E+00  0.000E+00  0.000E+00
  0.000E+00  0.000E+00  0.000E+00  0.000E+00  4.904E-06  1.536E-05  1.536E-05  1.536E-05  1.536E-05  1.536E-05
  1.536E-05  1.536E-05  1.536E-05  1.536E-05  1.536E-05  1.536E-05  1.536E-05  1.536E-05  1.536E-05  1.536E-05
  1.536E-05  1.536E-05  1.536E-05  1.536E-05  1.536E-05  1.536E-05  1.536E-05  1.536E-05  1.536E-05  1.536E-05
  1.536E-05  1.536E-05  1.536E-05  1.536E-05  1.536E-05  1.536E-05  1.536E-05  1.536E-05  5.035E-05  1.861E-04
  1.536E-05  1.536E-05  4.144E-06  0.000E+00  0.000E+00  0.000E+00  0.000E+00  0.000E+00  0.000E+00  0.000E+00
  0.000E+00  0.000E+00  0.000E+00  0.000E+00  0.000E+00  0.000E+00  0.000E+00  0.000E+00  0.000E+00  0.000E+00
  0.000E+00  0.000E+00  0.000E+00  0.000E+00  0.000E+00  0.000E+00  0.000E+00  0.000E+00  0.000E+00  0.000E+00
  0.000E+00  0.000E+00  0.000E+00  0.000E+00  0.000E+00  0.000E+00  0.000E+00  0.000E+00  0.000E+00  0.000E+00
  0.000E+00  0.000E+00  0.000E+00  0.000E+00  0.000E+00  0.000E+00  0.000E+00  0.000E+00  0.000E+00  0.000E+00
  0.000E+00  0.000E+00  0.000E+00  0.000E+00  8.444E-06  1.540E-05  1.540E-05  1.540E-05  1.540E-05  3.230E-05
  4.572E-05  4.572E-05  4.572E-05  4.572E-05  4.572E-05  4.572E-05  1.677E-05  1.540E-05  1.540E-05  1.540E-05
  1.540E-05  1.540E-05  1.540E-05  1.540E-05  1.540E-05  1.540E-05  1.540E-05  1.540E-05  1.540E-05  1.540E-05
  1.540E-05  1.540E-05  1.540E-05  1.540E-05  1.540E-05  1.540E-05  1.223E-06  0.000E+00  0.000E+00  0.000E+00
  0.000E+00  0.000E+00  0.000E+00  0.000E+00  0.000E+00  0.000E+00  0.000E+00  0.000E+00  0.000E+00  0.000E+00
  0.000E+00  0.000E+00  0.000E+00  0.000E+00  0.000E+00  0.000E+00  0.000E+00  0.000E+00  0.000E+00  0.000E+00
  0.000E+00  0.000E+00  0.000E+00  0.000E+00  0.000E+00  0.000E+00  0.000E+00  0.000E+00  0.000E+00  0.000E+00
  0.000E+00  0.000E+00  0.000E+00  0.000E+00  0.000E+00  0.000E+00  0.000E+00  1.395E-05  1.536E-05  1.536E-05
  1.536E-05  1.536E-05  1.536E-05  1.536E-05  1.536E-05  1.536E-05  1.536E-05  1.536E-05  1.536E-05  1.536E-05
  1.536E-05  1.536E-05  1.536E-05  1.536E-05  1.536E-05  1.536E-05  1.536E-05  1.536E-05  1.536E-05  1.536E-05
  1.536E-05  1.536E-05  1.536E-05  1.536E-05  1.536E-05  1.536E-05  1.536E-05  1.536E-05  1.536E-05  1.536E-05
  1.536E-05  1.536E-05  1.536E-05  1.536E-05  1.046E-05  0.000E+00  0.000E+00  0.000E+00  0.000E+00  0.000E+00
  0.000E+00  0.000E+00  0.000E+00  0.000E+00  0.000E+00  0.000E+00  0.000E+00  0.000E+00  0.000E+00  0.000E+00
  0.000E+00  0.000E+00  0.000E+00  0.000E+00  0.000E+00  0.000E+00  0.000E+00  0.000E+00  0.000E+00  0.000E+00
  0.000E+00  0.000E+00  0.000E+00  0.000E+00  0.000E+00  0.000E+00  0.000E+00  0.000E+00  0.000E+00  4.437E-06
  1.751E-04  2.611E-05  0.000E+00  0.000E+00  0.000E+00  0.000E+00  0.000E+00  0.000E+00  0.000E+00  0.000E+00
  0.000E+00  0.000E+00  0.000E+00  0.000E+00  0.000E+00  0.000E+00  0.000E+00  0.000E+00  0.000E+00  0.000E+00
  0.000E+00  0.000E+00  2.712E-06  1.540E-05  1.540E-05  1.540E-05  1.540E-05  1.540E-05  1.540E-05  1.540E-05
  1.540E-05  1.540E-05  1.540E-05  1.540E-05  1.540E-05  1.540E-05  1.540E-05  1.540E-05  1.540E-05  1.540E-05
  1.540E-05  1.540E-05  1.540E-05  1.540E-05  1.540E-05  1.540E-05  1.540E-05  1.540E-05  1.540E-05  1.540E-05
  1.540E-05  1.540E-05  1.540E-05  1.540E-05  6.955E-06  0.000E+00  0.000E+00  0.000E+00  0.000E+00  0.000E+00
  0.000E+00  0.000E+00  0.000E+00  0.000E+00  0.000E+00  0.000E+00  2.895E-05  3.032E-05  3.032E-05  3.032E-05
  3.032E-05  3.032E-05  1.963E-05  0.000E+00  0.000E+00  0.000E+00  0.000E+00  0.000E+00  0.000E+00  0.000E+00
  0.000E+00  0.000E+00  0.000E+00  0.000E+00  0.000E+00  0.000E+00  0.000E+00  0.000E+00  0.000E+00  0.000E+00
  0.000E+00  0.000E+00  0.000E+00  0.000E+00  0.000E+00  0.000E+00  0.000E+00  0.000E+00  0.000E+00  0.000E+00
  1.536E-05  1.536E-05  1.536E-05  1.536E-05  1.536E-05  1.536E-05  1.536E-05  1.536E-05  1.536E-05  1.536E-05
  1.536E-05  1.536E-05  1.536E-05  1.536E-05  1.536E-05  1.536E-05  1.536E-05  1.536E-05  1.536E-05  1.536E-05
  1.536E-05  1.536E-05  1.536E-05  1.536E-05  1.536E-05  1.536E-05  1.536E-05  1.414E-06  0.000E+00  0.000E+00
  0.000E+00  0.000E+00  0.000E+00  0.000E+00  0.000E+00  0.000E+00  0.000E+00  0.000E+00  0.000E+00  0.000E+00
  0.000E+00  0.000E+00  0.000E+00  0.000E+00  0.000E+00  0.000E+00  0.000E+00  0.000E+00  0.000E+00  0.000E+00
  0.000E+00  0.000E+00  0.000E+00  0.000E+00  0.000E+00  0.000E+00  0.000E+00  0.000E+00  0.000E+00  0.000E+00
  0.000E+00  0.000E+00  0.000E+00  0.000E+00  0.000E+00  0.000E+00  0.000E+00  0.000E+00  0.000E+00  0.000E+00
  0.000E+00  0.000E+00  0.000E+00  0.000E+00  0.000E+00  0.000E+00  0.000E+00  0.000E+00  0.000E+00  0.000E+00
  0.000E+00  0.000E+00  0.000E+00  0.000E+00  0.000E+00  0.000E+00  0.000E+00  0.000E+00  0.000E+00  0.000E+00
  0.000E+00  1.238E-05  1.540E-05  1.540E-05  1.540E-05  1.540E-05  1.540E-05  1.540E-05  1.540E-05  1.540E-05
  1.540E-05  1.644E-04  7.206E-05  1.540E-05  1.540E-05  1.540E-05  1.540E-05  1.540E-05  1.540E-05  1.540E-05
  1.540E-05  1.540E-05  1.540E-05  1.540E-05  1.540E-05  1.540E-05  1.540E-05  1.540E-05  1.540E-05  1.540E-05
  1.540E-05  1.540E-05  1.269E-05  0.000E+00  0.000E+00  0.000E+00  0.000E+00  0.000E+00  0.000E+00  0.000E+00
  0.000E+00  0.000E+00  0.000E+00  0.000E+00  0.000E+00  0.000E+00  0.000E+00  0.000E+00  0.000E+00  0.000E+00
  0.000E+00  0.000E+00  0.000E+00  0.000E+00  0.000E+00  0.000E+00  0.000E+00  0.000E+00  0.000E+00  0.000E+00
  0.000E+00  0.000E+00  0.000E+00  0.000E+00  0.000E+00  0.000E+00  0.000E+00  0.000E+00  0.000E+00  0.000E+00
  0.000E+00  0.000E+00  0.000E+00  0.000E+00  0.000E+00  0.000E+00  0.000E+00  0.000E+00  0.000E+00  0.000E+00
  0.000E+00  0.000E+00  1.069E-05  3.032E-05  3.032E-05  3.032E-05  3.032E-05  3.032E-05  3.032E-05  7.578E-06
  0.000E+00  0.000E+00  0.000E+00  0.000E+00  0.000E+00  0.000E+00  0.000E+00  0.000E+00  0.000E+00  0.000E+00
  0.000E+00  0.000E+00  0.000E+00  0.000E+00  0.000E+00  0.000E+00  0.000E+00  0.000E+00  0.000E+00  0.000E+00
  0.000E+00  0.000E+00  0.000E+00  0.000E+00  0.000E+00  0.000E+00  0.000E+00  0.000E+00  0.000E+00  0.000E+00
  0.000E+00  0.000E+00  0.000E+00  0.000E+00  0.000E+00  0.000E+00  0.000E+00  0.000E+00  0.000E+00  0.000E+00
  0.000E+00  0.000E+00  0.000E+00  0.000E+00  0.000E+00  0.000E+00  0.000E+00  0.000E+00  0.000E+00  0.000E+00
  0.000E+00  0.000E+00  0.000E+00  0.000E+00  0.000E+00  0.000E+00  0.000E+00  0.000E+00  0.000E+00  0.000E+00
  0.000E+00  0.000E+00  0.000E+00  0.000E+00  0.000E+00  0.000E+00  0.000E+00  0.000E+00  0.000E+00  0.000E+00
  0.000E+00  0.000E+00  0.000E+00  0.000E+00  0.000E+00  0.000E+00  0.000E+00  0.000E+00  0.000E+00  6.646E-06
  1.540E-05  1.540E-05  1.540E-05  1.540E-05  1.540E-05  1.540E-05  1.540E-05  1.540E-05  1.540E-05  1.540E-05
  1.540E-05  1.540E-05  1.540E-05  1.540E-05  1.540E-05  1.540E-05  1.540E-05  1.540E-05  1.540E-05  1.540E-05
  1.540E-05  1.540E-05  1.540E-05  1.540E-05  1.540E-05  1.540E-05  1.540E-05  1.540E-05  1.540E-05  1.540E-05
  1.540E-05  3.021E-06  0.000E+00  0.000E+00  0.000E+00  0.000E+00  0.000E+00  0.000E+00  0.000E+00  0.000E+00
  0.000E+00  0.000E+00  1.185E-04  8.721E-05  0.000E+00  0.000E+00  0.000E+00  0.000E+00  0.000E+00  0.000E+00
  0.000E+00  0.000E+00  0.000E+00  0.000E+00  0.000E+00  0.000E+00  0.000E+00  0.000E+00  0.000E+00  0.000E+00
  0.000E+00  0.000E+00  0.000E+00  0.000E+00  0.000E+00  0.000E+00  0.000E+00  0.000E+00  0.000E+00  0.000E+00
  0.000E+00  0.000E+00  0.000E+00  0.000E+00  0.000E+00  0.000E+00  0.000E+00  0.000E+00  0.000E+00  0.000E+00
  0.000E+00  0.000E+00  0.000E+00  0.000E+00  0.000E+00  0.000E+00  0.000E+00  0.000E+00  0.000E+00  0.000E+00
  0.000E+00  0.000E+00  0.000E+00  0.000E+00  0.000E+00  0.000E+00  0.000E+00  0.000E+00  0.000E+00  0.000E+00
  0.000E+00  0.000E+00  0.000E+00  0.000E+00  0.000E+00  0.000E+00  0.000E+00  0.000E+00  0.000E+00  0.000E+00
  0.000E+00  0.000E+00  0.000E+00  0.000E+00  0.000E+00  0.000E+00  0.000E+00  0.000E+00  0.000E+00  2.274E-05
  3.032E-05  3.032E-05  3.032E-05  3.032E-05  3.032E-05  2.584E-05  0.000E+00  0.000E+00  0.000E+00  0.000E+00
  0.000E+00  0.000E+00  0.000E+00  0.000E+00  0.000E+00  0.000E+00  0.000E+00  0.000E+00  0.000E+00  0.000E+00
  0.000E+00  0.000E+00  0.000E+00  0.000E+00  0.000E+00  0.000E+00  0.000E+00  0.000E+00  0.000E+00  0.000E+00
  0.000E+00  0.000E+00  0.000E+00  0.000E+00  0.000E+00  0.000E+00  0.000E+00  0.000E+00  0.000E+00  0.000E+00
  0.000E+00  0.000E+00  0.000E+00  0.000E+00  0.000E+00  0.000E+00  0.000E+00  9.132E-07  1.540E-05  1.540E-05
  1.540E-05  1.540E-05  1.540E-05  1.540E-05  1.540E-05  1.540E-05  1.540E-05  1.540E-05  1.540E-05  1.540E-05
  1.540E-05  1.540E-05  1.540E-05  1.540E-05  1.540E-05  1.540E-05  1.540E-05  1.540E-05  1.540E-05  1.540E-05
  1.540E-05  1.540E-05  1.540E-05  1.540E-05  1.540E-05  1.540E-05  1.540E-05  1.540E-05  1.540E-05  8.754E-06
  0.000E+00  0.000E+00  0.000E+00  0.000E+00  0.000E+00  0.000E+00  0.000E+00  0.000E+00  0.000E+00  0.000E+00
  0.000E+00  0.000E+00  0.000E+00  0.000E+00  0.000E+00  0.000E+00  0.000E+00  0.000E+00  0.000E+00  0.000E+00
  0.000E+00  0.000E+00  0.000E+00  0.000E+00  0.000E+00  0.000E+00  0.000E+00  0.000E+00  0.000E+00  0.000E+00
  0.000E+00  0.000E+00  0.000E+00  0.000E+00  0.000E+00  0.000E+00  0.000E+00  0.000E+00  0.000E+00  0.000E+00
  0.000E+00  0.000E+00  0.000E+00  8.793E-05  1.178E-04  0.000E+00  0.000E+00  0.000E+00  0.000E+00  0.000E+00
  0.000E+00  0.000E+00  0.000E+00  0.000E+00  0.000E+00  0.000E+00  0.000E+00  0.000E+00  0.000E+00  0.000E+00
  0.000E+00  0.000E+00  0.000E+00  0.000E+00  0.000E+00  0.000E+00  0.000E+00  0.000E+00  0.000E+00  0.000E+00
  0.000E+00  0.000E+00  0.000E+00  0.000E+00  0.000E+00  0.000E+00  0.000E+00  0.000E+00  0.000E+00  0.000E+00
  0.000E+00  0.000E+00  0.000E+00  0.000E+00  0.000E+00  0.000E+00  0.000E+00  0.000E+00  0.000E+00  0.000E+00
  0.000E+00  0.000E+00  0.000E+00  0.000E+00  0.000E+00  0.000E+00  0.000E+00  0.000E+00  0.000E+00  0.000E+00
  0.000E+00  0.000E+00  0.000E+00  0.000E+00  0.000E+00  0.000E+00  0.000E+00  0.000E+00  0.000E+00  0.000E+00
  0.000E+00  0.000E+00  0.000E+00  0.000E+00  0.000E+00  0.000E+00  0.000E+00  0.000E+00  0.000E+00  0.000E+00
  0.000E+00  0.000E+00  0.000E+00  0.000E+00  0.000E+00  4.477E-06  3.032E-05  3.032E-05  3.032E-05  3.032E-05
  3.032E-05  3.032E-05  1.379E-05  0.000E+00  0.000E+00  0.000E+00  0.000E+00  0.000E+00  0.000E+00  0.000E+00
  1.540E-05  1.540E-05  1.540E-05  1.540E-05  1.540E-05  1.540E-05  1.540E-05  1.540E-05  1.540E-05  1.540E-05
  1.540E-05  1.540E-05  1.540E-05  1.540E-05  1.540E-05  1.540E-05  1.540E-05  1.540E-05  1.540E-05  1.540E-05
  1.540E-05  1.540E-05  1.540E-05  1.540E-05  1.540E-05  1.540E-05  1.540E-05  1.449E-05  0.000E+00  0.000E+00
  0.000E+00  0.000E+00  0.000E+00  0.000E+00  0.000E+00  0.000E+00  0.000E+00  0.000E+00  0.000E+00  0.000E+00
  0.000E+00  0.000E+00  0.000E+00  0.000E+00  0.000E+00  0.000E+00  0.000E+00  0.000E+00  0.000E+00  0.000E+00
  0.000E+00  0.000E+00  0.000E+00  0.000E+00  0.000E+00  0.000E+00  0.000E+00  0.000E+00  0.000E+00  0.000E+00
  0.000E+00  0.000E+00  0.000E+00  0.000E+00  0.000E+00  0.000E+00  0.000E+00  0.000E+00  0.000E+00  0.000E+00
  0.000E+00  0.000E+00  0.000E+00  0.000E+00  0.000E+00  0.000E+00  0.000E+00  0.000E+00  0.000E+00  0.000E+00
  0.000E+00  0.000E+00  0.000E+00  0.000E+00  0.000E+00  0.000E+00  0.000E+00  0.000E+00  0.000E+00  0.000E+00
  0.000E+00  0.000E+00  0.000E+00  0.000E+00  0.000E+00  0.000E+00  0.000E+00  0.000E+00  0.000E+00  0.000E+00
  0.000E+00  0.000E+00  0.000E+00  0.000E+00  5.738E-05  1.483E-04  0.000E+00  0.000E+00  0.000E+00  0.000E+00
  0.000E+00  0.000E+00  0.000E+00  0.000E+00  0.000E+00  0.000E+00  0.000E+00  0.000E+00  0.000E+00  0.000E+00
  0.000E+00  0.000E+00  0.000E+00  0.000E+00  0.000E+00  0.000E+00  0.000E+00  0.000E+00  0.000E+00  0.000E+00
  0.000E+00  0.000E+00  0.000E+00  0.000E+00  0.000E+00  0.000E+00  0.000E+00  0.000E+00  0.000E+00  0.000E+00
  0.000E+00  0.000E+00  0.000E+00  0.000E+00  0.000E+00  0.000E+00  0.000E+00  0.000E+00  0.000E+00  0.000E+00
  0.000E+00  0.000E+00  0.000E+00  0.000E+00  0.000E+00  0.000E+00  0.000E+00  0.000E+00  0.000E+00  0.000E+00
  0.000E+00  0.000E+00  0.000E+00  0.000E+00  0.000E+00  0.000E+00  0.000E+00  0.000E+00  0.000E+00  0.000E+00
  0.000E+00  0.000E+00  0.000E+00  0.000E+00  0.000E+00  0.000E+00  0.000E+00  0.000E+00  0.000E+00  0.000E+00
  0.000E+00  0.000E+00  0.000E+00  0.000E+00  0.000E+00  0.000E+00  0.000E+00  0.000E+00  0.000E+00  0.000E+00
  0.000E+00  0.000E+00  1.653E-05  3.032E-05  3.032E-05  3.032E-05  3.032E-05  3.032E-05  3.032E-05  1.733E-06
  0.000E+00  0.000E+00  0.000E+00  0.000E+00  0.000E+00  0.000E+00  0.000E+00  0.000E+00  0.000E+00  0.000E+00
  0.000E+00  0.000E+00  0.000E+00  0.000E+00  0.000E+00  0.000E+00  0.000E+00  0.000E+00  0.000E+00  0.000E+00
  0.000E+00  0.000E+00  0.000E+00  0.000E+00  0.000E+00  0.000E+00  0.000E+00  0.000E+00  0.000E+00  0.000E+00
  0.000E+00  0.000E+00  0.000E+00  0.000E+00  0.000E+00  0.000E+00  0.000E+00  0.000E+00  0.000E+00  0.000E+00
  0.000E+00  0.000E+00  0.000E+00  0.000E+00  0.000E+00  0.000E+00  0.000E+00  0.000E+00  0.000E+00  0.000E+00
  0.000E+00  0.000E+00  0.000E+00  0.000E+00  0.000E+00  0.000E+00  0.000E+00  0.000E+00  0.000E+00  0.000E+00
  0.000E+00  0.000E+00  0.000E+00  0.000E+00  0.000E+00  0.000E+00  0.000E+00  0.000E+00  0.000E+00  0.000E+00
  0.000E+00  0.000E+00  0.000E+00  0.000E+00  0.000E+00  0.000E+00  0.000E+00  0.000E+00  0.000E+00  0.000E+00
  0.000E+00  0.000E+00  0.000E+00  0.000E+00  0.000E+00  0.000E+00  0.000E+00  0.000E+00  0.000E+00  0.000E+00
  0.000E+00  0.000E+00  0.000E+00  0.000E+00  0.000E+00  0.000E+00  0.000E+00  0.000E+00  0.000E+00  0.000E+00
  0.000E+00  0.000E+00  0.000E+00  0.000E+00  0.000E+00  2.683E-05  1.751E-04  3.715E-06  0.000E+00  0.000E+00
  0.000E+00  0.000E+00  0.000E+00  0.000E+00  0.000E+00  0.000E+00  0.000E+00  0.000E+00  0.000E+00  0.000E+00
  0.000E+00  0.000E+00  0.000E+00  0.000E+00  0.000E+00  0.000E+00  0.000E+00  0.000E+00  0.000E+00  0.000E+00
  0.000E+00  0.000E+00  0.000E+00  0.000E+00  0.000E+00  0.000E+00  0.000E+00  0.000E+00  0.000E+00  0.000E+00
  0.000E+00  0.000E+00  0.000E+00  0.000E+00  0.000E+00  0.000E+00  0.000E+00  0.000E+00  0.000E+00  0.000E+00
  0.000E+00  0.000E+00  0.000E+00  0.000E+00  0.000E+00  0.000E+00  0.000E+00  0.000E+00  0.000E+00  0.000E+00
  0.000E+00  0.000E+00  0.000E+00  0.000E+00  0.000E+00  0.000E+00  0.000E+00  0.000E+00  0.000E+00  0.000E+00
  0.000E+00  0.000E+00  0.000E+00  0.000E+00  0.000E+00  0.000E+00  0.000E+00  0.000E+00  0.000E+00  0.000E+00
  0.000E+00  0.000E+00  0.000E+00  0.000E+00  0.000E+00  0.000E+00  0.000E+00  0.000E+00  0.000E+00  0.000E+00
  0.000E+00  0.000E+00  0.000E+00  0.000E+00  0.000E+00  0.000E+00  0.000E+00  0.000E+00  0.000E+00  2.859E-05
  0.000E+00  0.000E+00  0.000E+00  0.000E+00  0.000E+00  0.000E+00  0.000E+00  0.000E+00  0.000E+00  0.000E+00
  0.000E+00  0.000E+00  0.000E+00  0.000E+00  0.000E+00  0.000E+00  0.000E+00  0.000E+00  0.000E+00  0.000E+00
  0.000E+00  0.000E+00  0.000E+00  0.000E+00  0.000E+00  0.000E+00  0.000E+00  0.000E+00  0.000E+00  0.000E+00
  0.000E+00  0.000E+00  0.000E+00  0.000E+00  0.000E+00  0.000E+00  0.000E+00  0.000E+00  0.000E+00  0.000E+00
  0.000E+00  0.000E+00  0.000E+00  0.000E+00  0.000E+00  0.000E+00  0.000E+00  0.000E+00  0.000E+00  0.000E+00
  0.000E+00  0.000E+00  0.000E+00  0.000E+00  0.000E+00  0.000E+00  0.000E+00  0.000E+00  0.000E+00  0.000E+00
  0.000E+00  0.000E+00  0.000E+00  0.000E+00  0.000E+00  0.000E+00  0.000E+00  0.000E+00  0.000E+00  0.000E+00
  0.000E+00  0.000E+00  0.000E+00  0.000E+00  0.000E+00  0.000E+00  0.000E+00  0.000E+00  0.000E+00  0.000E+00
  0.000E+00  0.000E+00  0.000E+00  0.000E+00  0.000E+00  0.000E+00  0.000E+00  0.000E+00  0.000E+00  0.000E+00
  0.000E+00  0.000E+00  0.000E+00  0.000E+00  0.000E+00  0.000E+00  0.000E+00  0.000E+00  0.000E+00  0.000E+00
  0.000E+00  0.000E+00  0.000E+00  0.000E+00  0.000E+00  0.000E+00  0.000E+00  1.714E-04  3.426E-05  0.000E+00
  0.000E+00  0.000E+00  0.000E+00  0.000E+00  0.000E+00  0.000E+00  0.000E+00  0.000E+00  0.000E+00  0.000E+00
  0.000E+00  0.000E+00  0.000E+00  0.000E+00  0.000E+00  0.000E+00  0.000E+00  0.000E+00  0.000E+00  0.000E+00
  0.000E+00  0.000E+00  0.000E+00  0.000E+00  0.000E+00  0.000E+00  0.000E+00  0.000E+00  0.000E+00  0.000E+00
  0.000E+00  0.000E+00  0.000E+00  0.000E+00  0.000E+00  0.000E+00  0.000E+00  0.000E+00  0.000E+00  0.000E+00
  0.000E+00  0.000E+00  0.000E+00  0.000E+00  0.000E+00  0.000E+00  0.000E+00  0.000E+00  0.000E+00  0.000E+00
  0.000E+00  0.000E+00  0.000E+00  0.000E+00  0.000E+00  0.000E+00  0.000E+00  0.000E+00  0.000E+00  0.000E+00
  0.000E+00  0.000E+00  0.000E+00  0.000E+00  0.000E+00  0.000E+00  0.000E+00  0.000E+00  0.000E+00  0.000E+00
  0.000E+00  0.000E+00  0.000E+00  0.000E+00  0.000E+00  0.000E+00  0.000E+00  0.000E+00  0.000E+00  0.000E+00
  0.000E+00  0.000E+00  0.000E+00  0.000E+00  0.000E+00  0.000E+00  0.000E+00  0.000E+00  0.000E+00  0.000E+00
  0.000E+00  0.000E+00  0.000E+00  0.000E+00  0.000E+00  0.000E+00  0.000E+00  0.000E+00  0.000E+00  0.000E+00
  0.000E+00  0.000E+00  0.000E+00  0.000E+00  0.000E+00  0.000E+00  0.000E+00  0.000E+00  0.000E+00  0.000E+00
  0.000E+00  0.000E+00  0.000E+00  0.000E+00  0.000E+00  0.000E+00  0.000E+00  0.000E+00  0.000E+00  0.000E+00
  0.000E+00  0.000E+00  0.000E+00  0.000E+00  0.000E+00  0.000E+00  0.000E+00  0.000E+00  0.000E+00  0.000E+00
  0.000E+00  0.000E+00  0.000E+00  0.000E+00  0.000E+00  0.000E+00  0.000E+00  0.000E+00  0.000E+00  0.000E+00
  0.000E+00  0.000E+00  0.000E+00  0.000E+00  0.000E+00  0.000E+00  0.000E+00  0.000E+00  0.000E+00  0.000E+00
  0.000E+00  0.000E+00  0.000E+00  0.000E+00  0.000E+00  0.000E+00  0.000E+00  0.000E+00  0.000E+00  0.000E+00
  0.000E+00  0.000E+00  0.000E+00  0.000E+00  0.000E+00  0.000E+00  0.000E+00  0.000E+00  0.000E+00  0.000E+00
  0.000E+00  0.000E+00  0.000E+00  0.000E+00  0.000E+00  0.000E+00  0.000E+00  0.000E+00  0.000E+00  0.000E+00
  0.000E+00  0.000E+00  0.000E+00  0.000E+00  0.000E+00  0.000E+00  0.000E+00  0.000E+00  0.000E+00  0.000E+00
  0.000E+00  0.000E+00  0.000E+00  0.000E+00  0.000E+00  0.000E+00  0.000E+00  0.000E+00  1.409E-04  6.481E-05
  0.000E+00  0.000E+00  0.000E+00  0.000E+00  0.000E+00  0.000E+00  0.000E+00  0.000E+00  0.000E+00  0.000E+00
  0.000E+00  0.000E+00  0.000E+00  0.000E+00  0.000E+00  0.000E+00  0.000E+00  0.000E+00  0.000E+00  0.000E+00
  0.000E+00  0.000E+00  0.000E+00  0.000E+00  0.000E+00  0.000E+00  0.000E+00  0.000E+00  0.000E+00  0.000E+00
  0.000E+00  0.000E+00  0.000E+00  0.000E+00  0.000E+00  0.000E+00  0.000E+00  0.000E+00  0.000E+00  0.000E+00
  0.000E+00  0.000E+00  0.000E+00  0.000E+00  0.000E+00  0.000E+00  0.000E+00  0.000E+00  0.000E+00  0.000E+00
  0.000E+00  0.000E+00  0.000E+00  0.000E+00  0.000E+00  0.000E+00  0.000E+00  0.000E+00  0.000E+00  0.000E+00
  0.000E+00  0.000E+00  0.000E+00  0.000E+00  0.000E+00  0.000E+00  0.000E+00  0.000E+00  0.000E+00  0.000E+00
  0.000E+00  0.000E+00  0.000E+00  0.000E+00  0.000E+00  0.000E+00  0.000E+00  0.000E+00  0.000E+00  0.000E+00
  0.000E+00  0.000E+00  0.000E+00  0.000E+00  0.000E+00  0.000E+00  0.000E+00  0.000E+00  0.000E+00  0.000E+00
  0.000E+00  0.000E+00  0.000E+00  0.000E+00  0.000E+00  0.000E+00  0.000E+00  0.000E+00  0.000E+00  0.000E+00
  0.000E+00  0.000E+00  0.000E+00  0.000E+00  0.000E+00  0.000E+00  0.000E+00  0.000E+00  0.000E+00  0.000E+00
  0.000E+00  0.000E+00  0.000E+00  0.000E+00  0.000E+00  0.000E+00  0.000E+00  0.000E+00  0.000E+00  0.000E+00
  0.000E+00  0.000E+00  0.000E+00  0.000E+00  0.000E+00  0.000E+00  0.000E+00  0.000E+00  0.000E+00  0.000E+00
  0.000E+00  0.000E+00  0.000E+00  0.000E+00  0.000E+00  0.000E+00  0.000E+00  0.000E+00  0.000E+00  0.000E+00
  0.000E+00  0.000E+00  0.000E+00  0.000E+00  0.000E+00  0.000E+00  0.000E+00  0.000E+00  0.000E+00  0.000E+00
  0.000E+00  0.000E+00  0.000E+00  0.000E+00  0.000E+00  0.000E+00  0.000E+00  0.000E+00  0.000E+00  0.000E+00
  0.000E+00  0.000E+00  0.000E+00  0.000E+00  0.000E+00  0.000E+00  0.000E+00  0.000E+00  0.000E+00  0.000E+00
  0.000E+00  0.000E+00  0.000E+00  0.000E+00  0.000E+00  0.000E+00  0.000E+00  0.000E+00  0.000E+00  0.000E+00
  0.000E+00  0.000E+00  0.000E+00  0.000E+00  0.000E+00  0.000E+00  0.000E+00  0.000E+00  0.000E+00  0.000E+00
  0.000E+00  0.000E+00  0.000E+00  0.000E+00  0.000E+00  0.000E+00  0.000E+00  0.000E+00  0.000E+00  1.103E-04
  9.536E-05  0.000E+00  0.000E+00  0.000E+00  0.000E+00  0.000E+00  0.000E+00  0.000E+00  0.000E+00  0.000E+00
  0.000E+00  0.000E+00  0.000E+00  0.000E+00  0.000E+00  0.000E+00  0.000E+00  0.000E+00  0.000E+00  0.000E+00
  0.000E+00  0.000E+00  0.000E+00  0.000E+00  0.000E+00  0.000E+00  0.000E+00  0.000E+00  0.000E+00  0.000E+00
  0.000E+00  0.000E+00  0.000E+00  0.000E+00  0.000E+00  0.000E+00  0.000E+00  0.000E+00  0.000E+00  0.000E+00
  0.000E+00  0.000E+00  0.000E+00  0.000E+00  0.000E+00  0.000E+00  0.000E+00  0.000E+00  0.000E+00  0.000E+00
  0.000E+00  0.000E+00  0.000E+00  0.000E+00  0.000E+00  0.000E+00  0.000E+00  0.000E+00  0.000E+00  0.000E+00
  0.000E+00  0.000E+00  0.000E+00  0.000E+00  0.000E+00  0.000E+00  0.000E+00  0.000E+00  0.000E+00  0.000E+00
  0.000E+00  0.000E+00  0.000E+00  0.000E+00  0.000E+00  0.000E+00  0.000E+00  0.000E+00  0.000E+00  0.000E+00
  0.000E+00  0.000E+00  0.000E+00  0.000E+00  0.000E+00  0.000E+00  0.000E+00  0.000E+00  0.000E+00  0.000E+00

#------------------------------------------------------------------------------
z: xorg(1.03)
p: xfac[c2*0.05] form[c1/0.05] notc noxt noyt dmin(1)
p: ymin(0) ymax(1) xmin(0) xmax(1) cmin(1) cmax(100) nosp
hc: y= 0.005 to 0.995 by 0.01 ; x= 0.5 to 0.5 by 1 ;
 1  2  3  4  5  6  7  8  9 10 11 12 13 14 15 16 17 18 19 20
21 22 23 24 25 26 27 28 29 30 31 32 33 34 35 36 37 38 39 40
41 42 43 44 45 46 47 48 49 50 51 52 53 54 55 56 57 58 59 60
61 62 63 64 65 66 67 68 69 70 71 72 73 74 75 76 77 78 79 80
81 82 83 84 85 86 87 88 89 90 91 92 93 94 95 96 97 98 99 100
z: xorg(0.0)
p: xfac[c2*0.05] form[c1/0.05] nosp afac[c5*0.625] ymin[c3] ymax[c4]
p: noxt noxn ytxt(-1) ynum(-1) xltd(-1) xstd(-1) itic(1) ylog
y: Flux [1/cm^2/source]              
#------------------------------------------------------------------------------

wt: s[c5]
\vspace{-3}
  emin  &=&   0.0000E+00 [MeV]
  emax  &=&   1.0000E+03 [MeV]
  ymin  &=&  -3.0000E+00 [cm]
  ymax  &=&   3.0000E+00 [cm]
  part. &=& proton  
e:

#------------------------------------------------------------------------------
z: xorg[-1.03/0.05]
p: form[c1] xfac[c2] afac[c5] nosp notf
p: xmin(-0.5000000    ) xmax(  1.500000    )
p: ymin( -3.000000    ) ymax(  3.000000    )
 
# Information for Restart Calculation
# This calculation was newly started
# istdev =  2 # 1:Batch variance, 2:History variance
# resc2  = 1.00000000000000000E+05 # Total source weight or Total source weight / maxcas
# resc3  = 1.00000000000000000E+05 # Total history number or Total batch number
# maxcas =        1000 # History / Batch, only used for istdev=1
# bitrseed = 0001110011011001101111011000110011100000010010101010010011101100 # bit data of rseed
