titan
177
0.00000
0.00000, 0.00000, 1 
0.00000, 0.00000, 1 
0.00000, 0.00000, 1 
0.00000, 0.00000, 1 
0.00000, 0.00000, 1 
0.00000, 0.00000, 1 
0.00000, 0.00000, 1 
0.00000, 0.00000, 1 
-0.18310, -0.18310, 1 
0.55799, 0.58647, 1 
0.49462, 0.52268, 1 
0.30437, 0.33145, 1 
-0.84189, -0.81122, 1 
-1.19759, -1.01605, 1 
-1.35137, -0.58587, 1 
-1.60798, 0.32890, 1 
-1.50529, 1.27446, 1 
-2.27705, 1.30009, 1 
-2.40602, 1.45397, 1 
-2.38022, 1.48219, 1 
-2.43183, 2.32862, 1 
-2.40602, 2.40602, 1 
-1.63367, 2.30283, 1 
0.05289, 2.22548, 1 
-0.76267, 2.25126, 1 
-1.53096, 2.14817, 1 
-0.02340, 0.86490, 1 
-2.27705, -1.31901, 1 
-2.14817, -1.11710, 1 
0.96550, 2.14817, 1 
-2.30283, 0.07428, 1 
-2.30283, 0.40536, 1 
-2.30283, 0.81378, 1 
1.26855, 1.99365, 1 
-2.09665, 1.06955, 1 
-2.04514, 1.45397, 1 
-1.40266, 1.99365, 1 
-1.12076, 2.01940, 1 
-1.01837, 2.01940, 1 
0.53518, 1.91645, 1 
0.76314, 1.89072, 1 
-0.48186, 1.83928, 1 
-0.94162, 1.71074, 1 
-0.99278, 1.58230, 1 
-1.01837, 1.45397, 1 
-1.04396, 1.40266, 1 
0.30691, 1.12076, 1 
0.40840, 0.58392, 1 
-0.94162, 0.50737, 1 
0.33229, 0.48186, 1 
0.30437, 0.33145, 1 
-0.18310, -0.18310, 1 
-0.18310, -0.18310, 1 
0.00000, 0.00000, 1 
0.00000, 0.00000, 1 
0.00000, 0.00000, 1 
0.00000, 0.00000, 1 
0.00000, 0.00000, 1 
0.00000, 0.00000, 1 
0.00000, 0.00000, 1 
0.00174
0.00000, 0.00000, 1 
0.00000, 0.00000, 1 
0.00000, 0.00000, 1 
0.00000, 0.00000, 1 
0.00000, 0.00000, 1 
0.00000, 0.00000, 1 
0.00000, 0.00000, 1 
0.00000, 0.00000, 1 
-0.18310, -0.18310, 1 
0.55799, 0.58647, 1 
0.49462, 0.52268, 1 
0.30437, 0.33145, 1 
-0.84189, -0.81122, 1 
-1.19759, -1.01605, 1 
-1.35137, -0.58587, 1 
-1.60798, 0.32890, 1 
-1.50529, 1.27446, 1 
-2.27705, 1.30009, 1 
-2.40602, 1.45397, 1 
-2.38022, 1.48219, 1 
-2.43183, 2.32862, 1 
-2.40602, 2.40602, 1 
-1.63367, 2.30283, 1 
0.05289, 2.22548, 1 
-0.76267, 2.25126, 1 
-1.53096, 2.14817, 1 
-0.02340, 0.86490, 1 
-2.27705, -1.31901, 1 
-2.14817, -1.11710, 1 
0.96550, 2.14817, 1 
-2.30283, 0.07428, 1 
-2.30283, 0.40536, 1 
-2.30283, 0.81378, 1 
1.26855, 1.99365, 1 
-2.09665, 1.06955, 1 
-2.04514, 1.45397, 1 
-1.40266, 1.99365, 1 
-1.12076, 2.01940, 1 
-1.01837, 2.01940, 1 
0.53518, 1.91645, 1 
0.76314, 1.89072, 1 
-0.48186, 1.83928, 1 
-0.94162, 1.71074, 1 
-0.99278, 1.58230, 1 
-1.01837, 1.45397, 1 
-1.04396, 1.40266, 1 
0.30691, 1.12076, 1 
0.40840, 0.58392, 1 
-0.94162, 0.50737, 1 
0.33229, 0.48186, 1 
0.30437, 0.33145, 1 
-0.18310, -0.18310, 1 
-0.18310, -0.18310, 1 
0.00000, 0.00000, 1 
0.00000, 0.00000, 1 
0.00000, 0.00000, 1 
0.00000, 0.00000, 1 
0.00000, 0.00000, 1 
0.00000, 0.00000, 1 
0.00000, 0.00000, 1 
0.00584
0.00000, 0.00000, 1 
0.00000, 0.00000, 1 
0.00000, 0.00000, 1 
0.00000, 0.00000, 1 
0.00000, 0.00000, 1 
0.00000, 0.00000, 1 
0.00000, 0.00000, 1 
0.00000, 0.00000, 1 
-0.18310, -0.18310, 1 
0.55901, 0.58749, 1 
0.49462, 0.52268, 1 
0.30437, 0.33145, 1 
-0.84189, -0.81122, 1 
-1.17198, -1.04132, 1 
-1.32573, -0.61121, 1 
-1.55663, 0.37987, 1 
-1.50529, 1.27446, 1 
-2.22548, 1.30009, 1 
-2.38022, 1.45397, 1 
-2.35442, 1.48219, 1 
-2.40602, 2.30283, 1 
-2.38022, 2.38022, 1 
-1.60798, 2.27705, 1 
0.07831, 2.19971, 1 
-0.76267, 2.22548, 1 
-1.19759, 2.12241, 1 
0.00203, 0.48186, 1 
-2.25126, -1.31901, 1 
-2.14817, -1.09184, 1 
0.96550, 2.17394, 1 
-2.27705, 0.04883, 1 
-2.27705, 0.43086, 1 
-2.27705, 0.81378, 1 
1.24332, 1.99365, 1 
-2.07089, 1.04396, 1 
-2.01940, 1.47963, 1 
-1.37701, 1.99365, 1 
-1.09515, 1.99365, 1 
-0.99278, 1.99365, 1 
0.91493, 1.86500, 1 
0.78845, 1.86500, 1 
-0.45636, 1.81356, 1 
-0.94162, 1.68505, 1 
-0.99278, 1.55663, 1 
-1.01837, 1.45397, 1 
-1.04396, 1.37701, 1 
0.30691, 1.09515, 1 
0.40840, 0.58392, 1 
-0.73712, 0.50737, 1 
0.35766, 0.53288, 1 
0.30488, 0.33196, 1 
-0.18310, -0.18310, 1 
-0.18310, -0.18310, 1 
0.00000, 0.00000, 1 
0.00000, 0.00000, 1 
0.00000, 0.00000, 1 
0.00000, 0.00000, 1 
0.00000, 0.00000, 1 
0.00000, 0.00000, 1 
0.00000, 0.00000, 1 
0.00973
0.00000, 0.00000, 1 
0.00000, 0.00000, 1 
0.00000, 0.00000, 1 
0.00000, 0.00000, 1 
0.00000, 0.00000, 1 
0.00000, 0.00000, 1 
0.00000, 0.00000, 1 
0.00000, 0.00000, 1 
-0.18310, -0.18310, 1 
0.56002, 0.58851, 1 
0.49462, 0.52268, 1 
0.30437, 0.33145, 1 
-0.84189, -0.81122, 1 
-1.21040, -0.86435, 1 
-1.36419, -0.57168, 1 
-1.62082, 0.35438, 1 
-1.51812, 1.27446, 1 
-2.04514, 1.36419, 1 
-2.40602, 1.46680, 1 
-2.40602, 1.90513, 1 
-2.44473, 2.34152, 1 
-2.41892, 2.41892, 1 
-1.64651, 2.31573, 1 
0.04017, 2.25126, 1 
-0.76267, 2.26415, 1 
-0.81378, 2.16105, 1 
0.06560, 0.09158, 1 
-2.25126, -1.30640, 1 
-2.16105, -1.10447, 1 
0.95286, 2.16105, 1 
-2.31573, 0.08700, 1 
-2.31573, 0.43086, 1 
-2.31573, 0.81378, 1 
1.35684, 2.09665, 1 
-2.08377, 1.22475, 1 
-2.03227, 1.44114, 1 
-1.41549, 1.99365, 1 
-1.13356, 2.03227, 1 
-1.03116, 2.03227, 1 
0.52251, 1.92931, 1 
0.74795, 1.90358, 1 
-0.07580, 1.86500, 1 
-0.94162, 1.73644, 1 
-0.99278, 1.59514, 1 
-1.01837, 1.46680, 1 
-1.03116, 1.22321, 1 
0.35766, 0.87768, 1 
0.42109, 0.57116, 1 
-0.35438, 0.50737, 1 
0.48448, 0.67582, 1 
0.30538, 0.33247, 1 
-0.18310, -0.18310, 1 
-0.18310, -0.18310, 1 
0.00000, 0.00000, 1 
0.00000, 0.00000, 1 
0.00000, 0.00000, 1 
0.00000, 0.00000, 1 
0.00000, 0.00000, 1 
0.00000, 0.00000, 1 
0.00000, 0.00000, 1 
0.01363
0.00000, 0.00000, 1 
0.00000, 0.00000, 1 
0.00000, 0.00000, 1 
0.00000, 0.00000, 1 
0.00000, 0.00000, 1 
0.00000, 0.00000, 1 
0.00000, 0.00000, 1 
0.00000, 0.00000, 1 
-0.18310, -0.18310, 1 
0.56053, 0.58902, 1 
0.49462, 0.52268, 1 
0.30437, 0.33145, 1 
-0.84189, -0.81122, 1 
-1.22321, -0.71251, 1 
-1.37701, -0.55799, 1 
-1.63367, 0.37987, 1 
-1.53096, 1.27446, 1 
-1.81356, 1.42831, 1 
-2.40602, 1.47963, 1 
-2.43183, 2.32862, 1 
-2.45764, 2.35442, 1 
-2.43183, 2.43183, 1 
-1.65935, 2.32862, 1 
0.02746, 2.27705, 1 
-0.76267, 2.27705, 1 
-0.40536, 2.14817, 1 
0.07831, 0.10430, 1 
-2.22548, -1.29378, 1 
-2.17394, -1.09184, 1 
0.94022, 2.17394, 1 
-2.32862, 0.09972, 1 
-2.32862, 0.45636, 1 
-2.32862, 0.81378, 1 
1.44507, 2.19971, 1 
-2.07089, 1.37958, 1 
-2.01940, 1.42831, 1 
-1.42831, 1.99365, 1 
-1.14637, 2.04514, 1 
-1.04396, 2.04514, 1 
0.50984, 1.94218, 1 
0.73327, 1.91645, 1 
0.32975, 1.89072, 1 
-0.94162, 1.76214, 1 
-0.99278, 1.60798, 1 
-1.01837, 1.47963, 1 
-1.01837, 1.04396, 1 
0.40840, 0.63497, 1 
0.43377, 0.55840, 1 
0.05289, 0.50737, 1 
0.63654, 0.66510, 1 
0.30538, 0.33247, 1 
-0.18310, -0.18310, 1 
-0.18310, -0.18310, 1 
0.00000, 0.00000, 1 
0.00000, 0.00000, 1 
0.00000, 0.00000, 1 
0.00000, 0.00000, 1 
0.00000, 0.00000, 1 
0.00000, 0.00000, 1 
0.00000, 0.00000, 1 
0.01760
0.00000, 0.00000, 1 
0.00000, 0.00000, 1 
0.00000, 0.00000, 1 
0.00000, 0.00000, 1 
0.00000, 0.00000, 1 
0.00000, 0.00000, 1 
0.00000, 0.00000, 1 
0.00000, 0.00000, 1 
-0.18310, -0.18310, 1 
0.56154, 0.59004, 1 
0.49462, 0.52268, 1 
0.30437, 0.33145, 1 
-0.84189, -0.81122, 1 
-1.22321, -0.67453, 1 
-1.37701, -0.14031, 1 
-1.60798, 0.79487, 1 
-1.53096, 1.27446, 1 
-2.05802, 1.42831, 1 
-2.41892, 1.47963, 1 
-2.43183, 2.32862, 1 
-2.45764, 2.35442, 1 
-2.43183, 2.43183, 1 
-1.64651, 2.32862, 1 
0.00203, 2.27705, 1 
-0.76267, 2.27705, 1 
-0.39262, 2.16105, 1 
0.09101, 0.11702, 1 
-2.22548, -1.26855, 1 
-2.17394, -1.09184, 1 
0.90229, 2.17394, 1 
-2.32862, 0.11244, 1 
-2.32862, 0.46911, 1 
-2.32862, 0.82656, 1 
1.45767, 2.19971, 1 
-2.09665, 1.80225, 1 
-2.04514, 1.71074, 1 
-1.42831, 1.99365, 1 
-1.14637, 2.04514, 1 
-1.04396, 2.04514, 1 
0.12913, 1.94218, 1 
0.31604, 1.91645, 1 
-0.08852, 1.86500, 1 
-0.94162, 1.77500, 1 
-0.97999, 1.62082, 1 
-1.01837, 1.49246, 1 
-1.04396, 0.63650, 1 
0.07831, 0.35438, 1 
0.44645, 0.55840, 1 
0.23074, 0.52013, 1 
0.62387, 0.65233, 1 
0.30589, 0.33298, 1 
-0.18310, -0.18310, 1 
-0.18310, -0.18310, 1 
0.00000, 0.00000, 1 
0.00000, 0.00000, 1 
0.00000, 0.00000, 1 
0.00000, 0.00000, 1 
0.00000, 0.00000, 1 
0.00000, 0.00000, 1 
0.00000, 0.00000, 1 
0.02175
0.00000, 0.00000, 1 
0.00000, 0.00000, 1 
0.00000, 0.00000, 1 
0.00000, 0.00000, 1 
0.00000, 0.00000, 1 
0.00000, 0.00000, 1 
0.00000, 0.00000, 1 
0.00000, 0.00000, 1 
-0.18310, -0.18310, 1 
0.56256, 0.59107, 1 
0.49462, 0.52268, 1 
0.30437, 0.33145, 1 
-0.84189, -0.81122, 1 
-1.22321, -0.63654, 1 
-1.37701, 0.27794, 1 
-1.60798, 1.19759, 1 
-1.50529, 1.27446, 1 
-2.27705, 1.42831, 1 
-2.43183, 1.47963, 1 
-2.43183, 2.32862, 1 
-2.45764, 2.35442, 1 
-2.43183, 2.43183, 1 
-1.63367, 2.32862, 1 
-0.02340, 2.27705, 1 
-0.76267, 2.27705, 1 
-0.37987, 2.17394, 1 
0.07831, 0.50737, 1 
-2.22548, -1.24332, 1 
-2.14817, -0.86435, 1 
0.96550, 2.14817, 1 
-2.30283, 0.35438, 1 
-2.32862, 0.48186, 1 
-2.30283, 0.86490, 1 
1.26855, 2.17394, 1 
-2.12241, 2.22548, 1 
-2.07089, 1.99365, 1 
-1.42831, 1.99365, 1 
-1.14637, 2.04514, 1 
-1.04396, 2.04514, 1 
-0.25247, 1.94218, 1 
-0.10226, 1.91645, 1 
-0.50737, 1.91645, 1 
-0.94162, 1.76214, 1 
-0.96720, 1.63367, 1 
-1.01837, 1.50529, 1 
-1.06955, 0.22955, 1 
-0.25247, 0.07428, 1 
0.45913, 0.55840, 1 
0.40840, 0.50737, 1 
0.66187, 0.69064, 1 
0.30640, 0.33349, 1 
-0.18310, -0.18310, 1 
-0.18310, -0.18310, 1 
0.00000, 0.00000, 1 
0.00000, 0.00000, 1 
0.00000, 0.00000, 1 
0.00000, 0.00000, 1 
0.00000, 0.00000, 1 
0.00000, 0.00000, 1 
0.00000, 0.00000, 1 
0.02606
0.00000, 0.00000, 1 
0.00000, 0.00000, 1 
0.00000, 0.00000, 1 
0.00000, 0.00000, 1 
0.00000, 0.00000, 1 
0.00000, 0.00000, 1 
0.00000, 0.00000, 1 
0.00000, 0.00000, 1 
-0.18310, -0.18310, 1 
0.56357, 0.59209, 1 
0.49462, 0.52268, 1 
0.30437, 0.33145, 1 
-0.62476, -0.59600, 1 
-1.23602, -0.63654, 1 
-1.38984, 0.34164, 1 
-1.65935, 1.24884, 1 
-1.55663, 1.30009, 1 
-2.32862, 1.45397, 1 
-2.44473, 1.50529, 1 
-2.44473, 2.34152, 1 
-2.47054, 2.36732, 1 
-2.44473, 2.44473, 1 
-1.60798, 2.34152, 1 
-0.39415, 2.25126, 1 
-0.76267, 2.25126, 1 
-0.37987, 2.14817, 1 
0.02746, 0.50737, 1 
-2.22548, -1.21809, 1 
-2.17394, -0.83905, 1 
0.96550, 2.19971, 1 
-2.30283, 0.35438, 1 
-2.30283, 0.50737, 1 
-2.30283, 0.91604, 1 
1.24332, 2.17394, 1 
-2.09665, 1.99365, 1 
-2.04514, 1.99365, 1 
-1.81356, 1.99365, 1 
-1.14637, 2.04514, 1 
-1.01837, 2.04514, 1 
-0.64927, 1.94218, 1 
-0.52166, 1.91645, 1 
-0.89047, 1.91645, 1 
-0.96720, 1.78785, 1 
-0.95441, 1.65935, 1 
-1.00557, 1.53096, 1 
-1.05676, -0.17842, 1 
-0.66050, -0.17995, 1 
0.44645, 0.55840, 1 
0.52251, 0.59923, 1 
0.43123, 0.45891, 1 
0.30691, 0.33400, 1 
-0.18310, -0.18310, 1 
-0.18310, -0.18310, 1 
0.00000, 0.00000, 1 
0.00000, 0.00000, 1 
0.00000, 0.00000, 1 
0.00000, 0.00000, 1 
0.00000, 0.00000, 1 
0.00000, 0.00000, 1 
0.00000, 0.00000, 1 
0.03055
0.00000, 0.00000, 1 
0.00000, 0.00000, 1 
0.00000, 0.00000, 1 
0.00000, 0.00000, 1 
0.00000, 0.00000, 1 
0.00000, 0.00000, 1 
0.00000, 0.00000, 1 
0.00000, 0.00000, 1 
-0.18310, -0.18310, 1 
0.56458, 0.59311, 1 
0.49462, 0.52268, 1 
0.30437, 0.33145, 1 
-0.40536, -0.37847, 1 
-1.22321, -0.96550, 1 
-1.37701, 0.40536, 1 
-1.65935, 1.27446, 1 
-1.13510, 1.27446, 1 
-1.90513, 1.45397, 1 
-2.43183, 1.47963, 1 
-2.43183, 2.32862, 1 
-2.45764, 2.35442, 1 
-2.43183, 2.43183, 1 
-1.60798, 2.32862, 1 
-0.06308, 2.27705, 1 
-0.76267, 2.27705, 1 
-0.37987, 2.17394, 1 
0.10372, 0.83934, 1 
-2.19971, -1.21809, 1 
-2.17394, -0.83905, 1 
0.96550, 2.17394, 1 
-2.32862, 0.35438, 1 
-2.32862, 0.50737, 1 
-2.32862, 0.89047, 1 
1.41987, 2.19971, 1 
-2.12241, 2.22548, 1 
-2.07089, 1.94218, 1 
-1.42831, 1.94218, 1 
-1.17198, 2.07089, 1 
-1.06955, 2.07089, 1 
-0.83934, 1.96791, 1 
-0.91604, 1.94218, 1 
-0.94162, 1.94218, 1 
-0.94162, 1.81356, 1 
-0.94162, 1.65935, 1 
-0.96720, 1.53096, 1 
-1.01837, -0.59600, 1 
-1.04396, -0.59702, 1 
0.45913, 0.53288, 1 
0.68719, 0.71618, 1 
0.43022, 0.45789, 1 
0.30741, 0.33450, 1 
-0.18310, -0.18310, 1 
-0.18310, -0.18310, 1 
0.00000, 0.00000, 1 
0.00000, 0.00000, 1 
0.00000, 0.00000, 1 
0.00000, 0.00000, 1 
0.00000, 0.00000, 1 
0.00000, 0.00000, 1 
0.00000, 0.00000, 1 
0.03514
0.00000, 0.00000, 1 
0.00000, 0.00000, 1 
0.00000, 0.00000, 1 
0.00000, 0.00000, 1 
0.00000, 0.00000, 1 
0.00000, 0.00000, 1 
0.00000, 0.00000, 1 
0.00000, 0.00000, 1 
-0.18310, -0.18310, 1 
0.56509, 0.59362, 1 
0.49462, 0.52268, 1 
0.30437, 0.33145, 1 
-0.39721, -0.37035, 1 
-0.96720, -0.64667, 1 
-1.33855, 0.40536, 1 
-1.54379, 1.28728, 1 
-0.71413, 1.35137, 1 
-1.93086, 1.46680, 1 
-2.43183, 1.49246, 1 
-2.44473, 2.34152, 1 
-2.45764, 2.36732, 1 
-2.44473, 2.44473, 1 
-1.59514, 2.34152, 1 
-0.48186, 2.28994, 1 
-0.72435, 2.28994, 1 
-0.35438, 2.14817, 1 
0.10372, 0.81378, 1 
-2.16105, -1.12972, 1 
-2.14817, -0.78845, 1 
0.59702, 1.77654, 1 
-2.32862, 0.37987, 1 
-2.32862, 0.52013, 1 
-2.32862, 0.86490, 1 
1.33011, 2.04514, 1 
-2.12241, 2.14817, 1 
-2.04514, 1.91645, 1 
-1.12076, 1.95504, 1 
-1.15917, 2.05802, 1 
-1.05676, 2.05802, 1 
-1.03116, 1.95504, 1 
-0.91604, 1.92931, 1 
-0.91604, 1.92931, 1 
-0.94162, 1.76214, 1 
-0.94162, 1.64651, 1 
-0.57269, 1.51812, 1 
-0.62374, -0.35614, 1 
-0.64927, -0.30538, 1 
0.45913, 0.55840, 1 
0.71251, 0.74172, 1 
0.42971, 0.45738, 1 
0.30741, 0.33450, 1 
-0.18310, -0.18310, 1 
-0.18310, -0.18310, 1 
0.00000, 0.00000, 1 
0.00000, 0.00000, 1 
0.00000, 0.00000, 1 
0.00000, 0.00000, 1 
0.00000, 0.00000, 1 
0.00000, 0.00000, 1 
0.00000, 0.00000, 1 
0.03978
0.00000, 0.00000, 1 
0.00000, 0.00000, 1 
0.00000, 0.00000, 1 
0.00000, 0.00000, 1 
0.00000, 0.00000, 1 
0.00000, 0.00000, 1 
0.00000, 0.00000, 1 
0.00000, 0.00000, 1 
-0.18310, -0.18310, 1 
0.56610, 0.59464, 1 
0.49462, 0.52268, 1 
0.30437, 0.33145, 1 
-0.33349, -0.30691, 1 
-0.68604, -0.65731, 1 
-1.27446, 0.40536, 1 
-1.40266, 1.27446, 1 
-0.73968, 1.24884, 1 
-1.50786, 1.45397, 1 
-2.40602, 1.45397, 1 
-2.43183, 2.32862, 1 
-2.43183, 2.35442, 1 
-2.43183, 2.43183, 1 
-1.60798, 2.32862, 1 
-0.15062, 2.27705, 1 
-0.68604, 2.27705, 1 
-0.35438, 2.14817, 1 
0.12913, 0.83934, 1 
-2.14817, -1.19284, 1 
-2.17394, -0.40840, 1 
0.20281, 1.35393, 1 
-2.30283, 0.35438, 1 
-2.30283, 0.50737, 1 
-2.30283, 0.89047, 1 
1.21556, 1.86500, 1 
-2.09665, 2.04514, 1 
-2.04514, 1.94218, 1 
-0.78822, 1.99365, 1 
-1.12076, 2.01940, 1 
-1.01837, 2.01940, 1 
-0.99278, 1.91645, 1 
-0.89047, 1.89072, 1 
-0.94162, 1.89072, 1 
-0.94162, 1.76214, 1 
-0.94162, 1.60798, 1 
-0.15317, 1.47963, 1 
-0.20408, -0.12659, 1 
-0.22955, -0.17741, 1 
0.45913, 0.55840, 1 
0.66187, 0.69064, 1 
0.42971, 0.45738, 1 
0.30792, 0.33501, 1 
-0.18310, -0.18310, 1 
-0.18310, -0.18310, 1 
0.00000, 0.00000, 1 
0.00000, 0.00000, 1 
0.00000, 0.00000, 1 
0.00000, 0.00000, 1 
0.00000, 0.00000, 1 
0.00000, 0.00000, 1 
0.00000, 0.00000, 1 
0.04447
0.00000, 0.00000, 1 
0.00000, 0.00000, 1 
0.00000, 0.00000, 1 
0.00000, 0.00000, 1 
0.00000, 0.00000, 1 
0.00000, 0.00000, 1 
0.00000, 0.00000, 1 
0.00000, 0.00000, 1 
-0.18310, -0.18310, 1 
0.56712, 0.59566, 1 
0.49462, 0.52268, 1 
0.30437, 0.33145, 1 
-0.29323, -0.26629, 1 
-0.89047, -0.63400, 1 
-1.22321, 0.40536, 1 
-1.30009, 1.28728, 1 
-0.67685, 0.82809, 1 
-1.08594, 1.46680, 1 
-2.39312, 1.85214, 1 
-2.41892, 2.31573, 1 
-2.41892, 2.35442, 1 
-2.38022, 2.38022, 1 
-1.60798, 2.27705, 1 
-0.48186, 2.22548, 1 
-0.76267, 2.22548, 1 
-0.37987, 2.09665, 1 
0.05289, 0.89047, 1 
-2.12241, -1.16760, 1 
-2.09665, -0.38303, 1 
-0.20307, 0.93241, 1 
-2.28994, 0.36713, 1 
-2.28994, 0.49462, 1 
-2.27705, 0.89047, 1 
0.83754, 1.44268, 1 
-2.08377, 1.63367, 1 
-2.00652, 1.94218, 1 
-0.46911, 1.96791, 1 
-1.12076, 2.01940, 1 
-1.01837, 2.01940, 1 
-0.99278, 1.91645, 1 
-0.87768, 1.89072, 1 
-0.91604, 1.89072, 1 
-0.94162, 1.74929, 1 
-0.95441, 1.59514, 1 
-0.55993, 1.46680, 1 
-0.13942, 0.27947, 1 
-0.50890, 0.22853, 1 
0.49716, 0.56095, 1 
0.62387, 0.65233, 1 
0.42971, 0.45738, 1 
0.30843, 0.33552, 1 
-0.18310, -0.18310, 1 
-0.18310, -0.18310, 1 
0.00000, 0.00000, 1 
0.00000, 0.00000, 1 
0.00000, 0.00000, 1 
0.00000, 0.00000, 1 
0.00000, 0.00000, 1 
0.00000, 0.00000, 1 
0.00000, 0.00000, 1 
0.04921
0.00000, 0.00000, 1 
0.00000, 0.00000, 1 
0.00000, 0.00000, 1 
0.00000, 0.00000, 1 
0.00000, 0.00000, 1 
0.00000, 0.00000, 1 
0.00000, 0.00000, 1 
0.00000, 0.00000, 1 
-0.18310, -0.18310, 1 
0.56813, 0.59668, 1 
0.49462, 0.52268, 1 
0.30437, 0.33145, 1 
-0.25247, -0.22617, 1 
-1.09515, -0.61121, 1 
-1.17198, 0.40536, 1 
-1.19759, 1.30009, 1 
-0.61404, 0.40791, 1 
-0.66510, 1.47963, 1 
-2.38022, 2.25126, 1 
-2.40602, 2.30283, 1 
-2.40602, 2.35442, 1 
-2.38022, 2.38022, 1 
-1.63367, 2.27705, 1 
-0.86490, 2.22548, 1 
-0.76267, 2.22548, 1 
-0.35438, 2.12241, 1 
0.15454, 1.01837, 1 
-2.12241, -1.11710, 1 
-2.09665, 0.02340, 1 
-0.60944, 0.51196, 1 
-2.27705, 0.37987, 1 
-2.27705, 0.48186, 1 
-2.25126, 0.89047, 1 
0.45913, 1.02093, 1 
-2.07089, 1.22321, 1 
-1.96791, 1.94218, 1 
-0.15062, 1.94218, 1 
-1.12076, 2.01940, 1 
-1.01837, 2.01940, 1 
-0.99278, 1.91645, 1 
-0.86490, 1.89072, 1 
-0.89047, 1.89072, 1 
-0.94162, 1.73644, 1 
-0.96720, 1.58230, 1 
-0.96720, 1.45397, 1 
-0.07428, 0.68604, 1 
-0.78822, 0.63497, 1 
0.53518, 0.56299, 1 
0.49412, 0.52217, 1 
0.42869, 0.45636, 1 
0.30894, 0.33603, 1 
-0.18310, -0.18310, 1 
-0.18310, -0.18310, 1 
0.00000, 0.00000, 1 
0.00000, 0.00000, 1 
0.00000, 0.00000, 1 
0.00000, 0.00000, 1 
0.00000, 0.00000, 1 
0.00000, 0.00000, 1 
0.00000, 0.00000, 1 
0.05400
0.00000, 0.00000, 1 
0.00000, 0.00000, 1 
0.00000, 0.00000, 1 
0.00000, 0.00000, 1 
0.00000, 0.00000, 1 
0.00000, 0.00000, 1 
0.00000, 0.00000, 1 
0.00000, 0.00000, 1 
-0.18310, -0.18310, 1 
0.56864, 0.59719, 1 
0.49462, 0.52268, 1 
0.30437, 0.33145, 1 
-0.25247, -0.22617, 1 
-1.12076, -0.61121, 1 
-1.14637, 0.81378, 1 
-1.10488, 1.30984, 1 
-1.03475, 0.48441, 1 
-1.08491, 1.47963, 1 
-2.39312, 2.25126, 1 
-2.42254, 2.31934, 1 
-2.42563, 2.38692, 1 
-2.40963, 2.40963, 1 
-1.59874, 2.30644, 1 
-0.83934, 2.25487, 1 
-0.64774, 2.25487, 1 
-0.23362, 2.14199, 1 
0.34497, 1.28728, 1 
-2.10025, -1.10093, 1 
-2.13890, -0.22109, 1 
-0.99278, 0.30597, 1 
-2.29664, 0.39262, 1 
-2.29664, 0.50737, 1 
-2.28375, 0.87462, 1 
0.83754, 1.16173, 1 
-2.10953, 1.22321, 1 
-1.98078, 1.96791, 1 
0.10677, 1.93909, 1 
-1.14022, 2.03896, 1 
-1.03782, 2.03896, 1 
-1.01223, 1.93600, 1 
-0.88433, 1.91027, 1 
-0.89047, 1.91027, 1 
-0.94162, 1.74929, 1 
-0.65438, 1.61466, 1 
-0.89047, 1.48630, 1 
0.12913, 0.69881, 1 
-0.46911, 0.66714, 1 
0.62995, 0.68655, 1 
0.49361, 0.52166, 1 
0.42869, 0.45636, 1 
0.30894, 0.33603, 1 
-0.18310, -0.18310, 1 
-0.18310, -0.18310, 1 
0.00000, 0.00000, 1 
0.00000, 0.00000, 1 
0.00000, 0.00000, 1 
0.00000, 0.00000, 1 
0.00000, 0.00000, 1 
0.00000, 0.00000, 1 
0.00000, 0.00000, 1 
0.05884
0.00000, 0.00000, 1 
0.00000, 0.00000, 1 
0.00000, 0.00000, 1 
0.00000, 0.00000, 1 
0.00000, 0.00000, 1 
0.00000, 0.00000, 1 
0.00000, 0.00000, 1 
0.00000, 0.00000, 1 
-0.18310, -0.18310, 1 
0.56965, 0.59821, 1 
0.49462, 0.52268, 1 
0.30437, 0.33145, 1 
-0.25247, -0.22617, 1 
-1.14637, -0.61121, 1 
-1.12076, 1.22321, 1 
-1.01223, 1.31958, 1 
-1.45653, 0.56095, 1 
-1.50529, 1.47963, 1 
-2.40602, 2.25126, 1 
-2.43854, 2.33533, 1 
-2.44473, 2.41892, 1 
-2.43854, 2.43854, 1 
-1.56330, 2.33533, 1 
-0.81378, 2.28375, 1 
-0.53288, 2.28375, 1 
-0.11244, 2.16105, 1 
0.53518, 1.55663, 1 
-2.07759, -1.08527, 1 
-2.18064, -0.46521, 1 
-1.37701, 0.09972, 1 
-2.31573, 0.40536, 1 
-2.31573, 0.53288, 1 
-2.31573, 0.85877, 1 
1.21556, 1.30266, 1 
-2.14817, 1.22321, 1 
-1.99365, 1.99365, 1 
0.36375, 1.93600, 1 
-1.15917, 2.05802, 1 
-1.05676, 2.05802, 1 
-1.03116, 1.95504, 1 
-0.90325, 1.92931, 1 
-0.89047, 1.92931, 1 
-0.94162, 1.76214, 1 
-0.34164, 1.64651, 1 
-0.81378, 1.51812, 1 
0.33229, 0.71158, 1 
-0.15062, 0.69881, 1 
0.72517, 0.81071, 1 
0.49310, 0.52115, 1 
0.42768, 0.45534, 1 
0.30944, 0.33654, 1 
-0.18310, -0.18310, 1 
-0.18310, -0.18310, 1 
0.00000, 0.00000, 1 
0.00000, 0.00000, 1 
0.00000, 0.00000, 1 
0.00000, 0.00000, 1 
0.00000, 0.00000, 1 
0.00000, 0.00000, 1 
0.00000, 0.00000, 1 
0.06373
0.00000, 0.00000, 1 
0.00000, 0.00000, 1 
0.00000, 0.00000, 1 
0.00000, 0.00000, 1 
0.00000, 0.00000, 1 
0.00000, 0.00000, 1 
0.00000, 0.00000, 1 
0.00000, 0.00000, 1 
-0.18310, -0.18310, 1 
0.57067, 0.59923, 1 
0.49462, 0.52268, 1 
0.30437, 0.33145, 1 
-0.22700, -0.20077, 1 
-0.73712, -0.45659, 1 
-0.70954, 1.26165, 1 
-0.78618, 1.30984, 1 
-1.87940, 0.96873, 1 
-1.91645, 1.44114, 1 
-2.41892, 2.27705, 1 
-2.43544, 2.33223, 1 
-2.43854, 2.42563, 1 
-2.43544, 2.43544, 1 
-1.56022, 2.33223, 1 
-0.81378, 2.28066, 1 
-0.49462, 2.28066, 1 
-0.10634, 2.15487, 1 
0.33229, 1.81356, 1 
-2.06162, -1.08830, 1 
-2.17755, -0.38608, 1 
-1.76214, 0.21427, 1 
-2.30954, 0.40536, 1 
-2.30954, 0.53288, 1 
-2.30954, 0.86183, 1 
1.51915, 1.72513, 1 
-2.16105, 1.21040, 1 
-2.01940, 1.67220, 1 
0.66491, 1.93909, 1 
-1.15302, 2.05184, 1 
-1.05061, 2.05184, 1 
-1.02502, 1.94887, 1 
-0.89712, 1.92314, 1 
-0.89047, 1.92314, 1 
-0.90325, 1.77500, 1 
-0.03001, 1.64035, 1 
-0.64774, 1.51196, 1 
0.45913, 0.71158, 1 
0.17995, 0.70545, 1 
0.78187, 0.83985, 1 
0.49260, 0.52064, 1 
0.42768, 0.45534, 1 
0.30995, 0.33705, 1 
-0.18310, -0.18310, 1 
-0.18310, -0.18310, 1 
0.00000, 0.00000, 1 
0.00000, 0.00000, 1 
0.00000, 0.00000, 1 
0.00000, 0.00000, 1 
0.00000, 0.00000, 1 
0.00000, 0.00000, 1 
0.00000, 0.00000, 1 
0.06867
0.00000, 0.00000, 1 
0.00000, 0.00000, 1 
0.00000, 0.00000, 1 
0.00000, 0.00000, 1 
0.00000, 0.00000, 1 
0.00000, 0.00000, 1 
0.00000, 0.00000, 1 
0.00000, 0.00000, 1 
-0.18310, -0.18310, 1 
0.57168, 0.60025, 1 
0.49462, 0.52268, 1 
0.30437, 0.33145, 1 
-0.15062, -0.12456, 1 
-0.32890, -0.30234, 1 
-0.76267, 1.30009, 1 
-0.56095, 1.30009, 1 
-2.30283, 1.37701, 1 
-2.32862, 1.40266, 1 
-2.43183, 2.30283, 1 
-2.43183, 2.32862, 1 
-2.43183, 2.43183, 1 
-2.43183, 2.43183, 1 
-1.55663, 2.32862, 1 
-0.81378, 2.27705, 1 
-0.45636, 2.27705, 1 
-0.09972, 2.14817, 1 
0.12913, 2.07089, 1 
-2.04514, -1.09184, 1 
-2.17394, -0.30691, 1 
-2.14817, 0.32890, 1 
-2.30283, 0.40536, 1 
-2.30283, 0.53288, 1 
-2.27705, 0.94162, 1 
1.49547, 2.12241, 1 
-2.17394, 1.19759, 1 
-2.04514, 1.35137, 1 
0.99077, 1.51607, 1 
-1.14637, 2.04514, 1 
-1.04396, 2.04514, 1 
-1.01837, 1.94218, 1 
-0.89047, 1.91645, 1 
-0.89047, 1.91645, 1 
-0.86490, 1.78785, 1 
0.28152, 1.63367, 1 
-0.48186, 1.50529, 1 
0.58587, 0.71158, 1 
0.50984, 0.71158, 1 
0.61729, 0.64620, 1 
0.49209, 0.52013, 1 
0.42667, 0.45432, 1 
0.31046, 0.33756, 1 
-0.18310, -0.18310, 1 
-0.18310, -0.18310, 1 
0.00000, 0.00000, 1 
0.00000, 0.00000, 1 
0.00000, 0.00000, 1 
0.00000, 0.00000, 1 
0.00000, 0.00000, 1 
0.00000, 0.00000, 1 
0.00000, 0.00000, 1 
0.07363
0.00000, 0.00000, 1 
0.00000, 0.00000, 1 
0.00000, 0.00000, 1 
0.00000, 0.00000, 1 
0.00000, 0.00000, 1 
0.00000, 0.00000, 1 
0.00000, 0.00000, 1 
0.00000, 0.00000, 1 
-0.18310, -0.18310, 1 
0.57269, 0.60128, 1 
0.49462, 0.52268, 1 
0.30437, 0.33145, 1 
-0.15062, -0.12456, 1 
-0.35438, -0.32772, 1 
-0.73712, 1.30009, 1 
-0.98152, 1.32573, 1 
-2.22548, 1.45397, 1 
-2.25126, 1.47963, 1 
-2.32862, 1.87940, 1 
-2.35442, 1.90513, 1 
-2.35442, 2.32862, 1 
-2.35442, 2.32862, 1 
-1.63367, 2.22548, 1 
-0.83934, 2.19971, 1 
-0.78822, 2.17394, 1 
-0.35438, 2.07089, 1 
0.43377, 2.09665, 1 
-1.73644, -1.06658, 1 
-2.07089, 0.02340, 1 
-2.07089, 0.35438, 1 
-1.87940, 0.72793, 1 
-2.19971, 0.72793, 1 
-2.14817, 0.94162, 1 
1.69690, 2.07089, 1 
-2.12241, 1.59668, 1 
-1.62237, 1.59668, 1 
1.01605, 1.55663, 1 
-1.14637, 1.99365, 1 
-0.96720, 1.99365, 1 
-0.91604, 1.94218, 1 
-0.86490, 1.86500, 1 
-0.86490, 1.89072, 1 
-0.74990, 1.77500, 1 
0.35766, 1.60798, 1 
-0.09972, 1.47963, 1 
0.58587, 0.71158, 1 
0.68719, 0.73712, 1 
0.67605, 0.70545, 1 
0.49158, 0.51962, 1 
0.42667, 0.45432, 1 
0.31097, 0.33807, 1 
-0.18310, -0.18310, 1 
-0.18310, -0.18310, 1 
0.00000, 0.00000, 1 
0.00000, 0.00000, 1 
0.00000, 0.00000, 1 
0.00000, 0.00000, 1 
0.00000, 0.00000, 1 
0.00000, 0.00000, 1 
0.00000, 0.00000, 1 
0.07860
0.00000, 0.00000, 1 
0.00000, 0.00000, 1 
0.00000, 0.00000, 1 
0.00000, 0.00000, 1 
0.00000, 0.00000, 1 
0.00000, 0.00000, 1 
0.00000, 0.00000, 1 
0.00000, 0.00000, 1 
-0.18310, -0.18310, 1 
0.57320, 0.60179, 1 
0.49462, 0.52268, 1 
0.30437, 0.33145, 1 
-0.20154, -0.17537, 1 
-0.53288, -0.43123, 1 
-0.76523, 1.27446, 1 
-1.40266, 1.30009, 1 
-2.22548, 1.42831, 1 
-2.25126, 1.47963, 1 
-2.35442, 1.45653, 1 
-2.38022, 1.48219, 1 
-2.38022, 2.35442, 1 
-2.38022, 2.35442, 1 
-1.60798, 2.25126, 1 
-1.04396, 2.22548, 1 
-0.81378, 2.19971, 1 
0.02746, 1.71074, 1 
0.15454, 2.04514, 1 
-1.35137, -1.04132, 1 
-2.09665, -0.00203, 1 
-2.12241, 0.35438, 1 
-1.45653, 1.14893, 1 
-2.22548, 1.14893, 1 
-2.07089, 0.91604, 1 
1.67174, 2.07089, 1 
-2.14817, 2.01940, 1 
-1.22321, 2.01940, 1 
0.98825, 1.47963, 1 
-1.22321, 1.99365, 1 
-0.94162, 1.99365, 1 
-0.89047, 1.91645, 1 
-0.86490, 1.86500, 1 
-0.83934, 1.86500, 1 
-0.63497, 1.76214, 1 
0.50984, 1.63367, 1 
0.20281, 1.53096, 1 
0.61121, 0.86490, 1 
0.71251, 0.81378, 1 
0.73530, 0.76523, 1 
0.49158, 0.51962, 1 
0.42616, 0.45381, 1 
0.31097, 0.33807, 1 
-0.18310, -0.18310, 1 
-0.18310, -0.18310, 1 
0.00000, 0.00000, 1 
0.00000, 0.00000, 1 
0.00000, 0.00000, 1 
0.00000, 0.00000, 1 
0.00000, 0.00000, 1 
0.00000, 0.00000, 1 
0.00000, 0.00000, 1 
0.08358
0.00000, 0.00000, 1 
0.00000, 0.00000, 1 
0.00000, 0.00000, 1 
0.00000, 0.00000, 1 
0.00000, 0.00000, 1 
0.00000, 0.00000, 1 
0.00000, 0.00000, 1 
0.00000, 0.00000, 1 
-0.18310, -0.18310, 1 
0.57421, 0.60281, 1 
0.49462, 0.52268, 1 
0.30437, 0.33145, 1 
-0.29068, -0.26426, 1 
-0.80100, -0.52099, 1 
-1.10949, 1.28728, 1 
-1.80071, 1.30009, 1 
-2.22548, 1.36419, 1 
-2.25126, 1.46680, 1 
-2.35442, 1.03475, 1 
-2.38022, 1.06034, 1 
-2.36732, 2.32862, 1 
-2.36732, 2.34152, 1 
-1.60798, 2.23837, 1 
-1.04396, 2.19971, 1 
-0.81378, 2.17394, 1 
-0.17608, 1.50529, 1 
0.14184, 2.03227, 1 
-0.93036, -0.76213, 1 
-2.11622, -0.03356, 1 
-2.14199, 0.34827, 1 
-1.03475, 1.57101, 1 
-2.23837, 1.57101, 1 
-1.98078, 0.90990, 1 
1.64657, 2.07089, 1 
-2.17394, 2.00652, 1 
-0.86490, 2.00652, 1 
0.57168, 1.50529, 1 
-1.28113, 1.98747, 1 
-0.92883, 2.00652, 1 
-0.85877, 1.92931, 1 
-0.75654, 1.87786, 1 
-0.72435, 1.86500, 1 
-0.30342, 1.77500, 1 
0.57320, 1.64651, 1 
0.48296, 1.56947, 1 
0.76314, 1.00557, 1 
0.89015, 0.92167, 1 
0.79452, 0.82502, 1 
0.49108, 0.51911, 1 
0.42616, 0.45381, 1 
0.31147, 0.33858, 1 
-0.18310, -0.18310, 1 
-0.18310, -0.18310, 1 
0.00000, 0.00000, 1 
0.00000, 0.00000, 1 
0.00000, 0.00000, 1 
0.00000, 0.00000, 1 
0.00000, 0.00000, 1 
0.00000, 0.00000, 1 
0.00000, 0.00000, 1 
0.08856
0.00000, 0.00000, 1 
0.00000, 0.00000, 1 
0.00000, 0.00000, 1 
0.00000, 0.00000, 1 
0.00000, 0.00000, 1 
0.00000, 0.00000, 1 
0.00000, 0.00000, 1 
0.00000, 0.00000, 1 
-0.18310, -0.18310, 1 
0.57523, 0.60383, 1 
0.49462, 0.52268, 1 
0.30437, 0.33145, 1 
-0.32890, -0.30234, 1 
-0.81378, -0.61121, 1 
-1.42831, 1.30009, 1 
-2.17394, 1.30009, 1 
-2.22548, 1.27446, 1 
-2.22548, 1.47963, 1 
-2.32862, 0.61404, 1 
-2.35442, 0.63957, 1 
-2.35442, 2.27705, 1 
-2.35442, 2.30283, 1 
-1.65935, 2.19971, 1 
-1.32573, 2.14817, 1 
-0.81378, 2.12241, 1 
-0.37987, 1.27446, 1 
0.43377, 2.04514, 1 
-0.50992, -0.48246, 1 
-2.09665, 0.04883, 1 
-2.12241, 0.37987, 1 
-0.61404, 1.96791, 1 
-2.22548, 1.96791, 1 
-1.86500, 0.96720, 1 
1.72710, 2.07089, 1 
-2.17394, 1.99365, 1 
-0.44514, 1.99365, 1 
0.17995, 1.53096, 1 
-1.30009, 1.94218, 1 
-0.89047, 1.99365, 1 
-0.78822, 1.91645, 1 
-0.63497, 1.86500, 1 
-0.60944, 1.86500, 1 
0.05289, 1.78785, 1 
0.63654, 1.65935, 1 
0.66187, 1.60798, 1 
0.94022, 1.14124, 1 
1.09588, 1.12998, 1 
0.85322, 0.88433, 1 
0.49057, 0.51860, 1 
0.42514, 0.45279, 1 
0.31198, 0.33909, 1 
-0.18310, -0.18310, 1 
-0.18310, -0.18310, 1 
0.00000, 0.00000, 1 
0.00000, 0.00000, 1 
0.00000, 0.00000, 1 
0.00000, 0.00000, 1 
0.00000, 0.00000, 1 
0.00000, 0.00000, 1 
0.00000, 0.00000, 1 
0.09355
0.00000, 0.00000, 1 
0.00000, 0.00000, 1 
0.00000, 0.00000, 1 
0.00000, 0.00000, 1 
0.00000, 0.00000, 1 
0.00000, 0.00000, 1 
0.00000, 0.00000, 1 
0.00000, 0.00000, 1 
-0.18310, -0.18310, 1 
0.57624, 0.60485, 1 
0.49462, 0.52268, 1 
0.30437, 0.33145, 1 
-0.38650, -0.35969, 1 
-0.99278, -0.61121, 1 
-1.67220, 0.97692, 1 
-2.19352, 1.29394, 1 
-2.22548, 1.30009, 1 
-2.24507, 1.45397, 1 
-2.34152, 0.19797, 1 
-2.37402, 0.22344, 1 
-2.36113, 1.96174, 1 
-2.36113, 1.97460, 1 
-1.61466, 1.91027, 1 
-1.06955, 2.19352, 1 
-0.80100, 2.16105, 1 
-0.20510, 1.19759, 1 
0.05289, 2.01940, 1 
-0.12517, -0.09915, 1 
-2.11313, -0.04323, 1 
-2.13890, 0.75347, 1 
-0.19492, 2.00652, 1 
-1.87168, 2.00652, 1 
-1.91645, 1.06444, 1 
1.41836, 2.04514, 1 
-2.21930, 1.58898, 1 
-0.12517, 1.57101, 1 
-0.06155, 1.51196, 1 
-1.38060, 1.87477, 1 
-0.74376, 2.00652, 1 
-0.74683, 1.93600, 1 
-0.49819, 1.88455, 1 
-0.34164, 1.86500, 1 
0.23684, 1.79454, 1 
0.76921, 1.66603, 1 
0.87700, 1.62750, 1 
1.31901, 1.56330, 1 
1.30085, 1.33804, 1 
0.91240, 0.94417, 1 
0.49006, 0.51809, 1 
0.42464, 0.45228, 1 
0.31249, 0.33960, 1 
-0.18310, -0.18310, 1 
-0.18310, -0.18310, 1 
0.00000, 0.00000, 1 
0.00000, 0.00000, 1 
0.00000, 0.00000, 1 
0.00000, 0.00000, 1 
0.00000, 0.00000, 1 
0.00000, 0.00000, 1 
0.00000, 0.00000, 1 
0.09854
0.00000, 0.00000, 1 
0.00000, 0.00000, 1 
0.00000, 0.00000, 1 
0.00000, 0.00000, 1 
0.00000, 0.00000, 1 
0.00000, 0.00000, 1 
0.00000, 0.00000, 1 
0.00000, 0.00000, 1 
-0.18310, -0.18310, 1 
0.57725, 0.60587, 1 
0.49462, 0.52268, 1 
0.30437, 0.33145, 1 
-0.39262, -0.36578, 1 
-0.91604, -0.61121, 1 
-1.89072, 0.65438, 1 
-2.18682, 1.28728, 1 
-2.22548, 1.30009, 1 
-2.23837, 1.45397, 1 
-2.32862, -0.21754, 1 
-2.36732, -0.19214, 1 
-2.36732, 1.62082, 1 
-2.36732, 1.62082, 1 
-1.62082, 1.59514, 1 
-1.09515, 2.21260, 1 
-0.78822, 2.17394, 1 
-0.03001, 1.09515, 1 
0.44645, 2.07089, 1 
0.07831, 0.10430, 1 
-2.09047, -0.02085, 1 
-2.11622, 1.16583, 1 
0.22363, 2.01940, 1 
-1.49246, 2.01940, 1 
-2.01940, 1.48630, 1 
1.00341, 2.07089, 1 
-2.23837, 1.18478, 1 
0.19265, 1.38984, 1 
-0.27794, 1.49246, 1 
-1.42216, 1.76883, 1 
-0.57116, 1.99365, 1 
-0.66714, 1.92931, 1 
-0.34827, 1.87786, 1 
-0.07428, 1.86500, 1 
0.44645, 1.80071, 1 
0.90229, 1.67220, 1 
0.99077, 1.64651, 1 
1.09184, 1.37701, 1 
1.06304, 1.09669, 1 
0.97156, 1.00404, 1 
0.48955, 0.51758, 1 
0.42464, 0.45228, 1 
0.31300, 0.34011, 1 
-0.18310, -0.18310, 1 
-0.18310, -0.18310, 1 
0.00000, 0.00000, 1 
0.00000, 0.00000, 1 
0.00000, 0.00000, 1 
0.00000, 0.00000, 1 
0.00000, 0.00000, 1 
0.00000, 0.00000, 1 
0.00000, 0.00000, 1 
0.10354
0.00000, 0.00000, 1 
0.00000, 0.00000, 1 
0.00000, 0.00000, 1 
0.00000, 0.00000, 1 
0.00000, 0.00000, 1 
0.00000, 0.00000, 1 
0.00000, 0.00000, 1 
0.00000, 0.00000, 1 
-0.18310, -0.18310, 1 
0.57776, 0.60638, 1 
0.49462, 0.52268, 1 
0.30437, 0.33145, 1 
-0.39924, -0.37238, 1 
-0.91604, -0.62387, 1 
-2.03227, 0.55534, 1 
-2.18064, 1.28113, 1 
-2.22548, 1.30009, 1 
-2.23219, 1.45397, 1 
-2.31573, -0.63147, 1 
-2.36113, -0.60614, 1 
-2.36113, 1.26831, 1 
-2.36113, 1.25550, 1 
-1.62750, 1.26831, 1 
-1.12076, 2.20641, 1 
-0.78822, 2.17394, 1 
0.05289, 0.94162, 1 
0.58587, 2.04514, 1 
0.30691, 0.33349, 1 
-2.04514, 0.04883, 1 
-2.07089, 1.57101, 1 
0.64110, 1.99365, 1 
-1.09515, 1.99365, 1 
-2.07089, 1.89072, 1 
0.61121, 2.04514, 1 
-2.22548, 1.24884, 1 
0.60969, 1.35137, 1 
-0.45636, 1.55663, 1 
-1.42831, 1.91645, 1 
-0.25247, 1.94218, 1 
-0.55840, 1.89072, 1 
-0.30342, 1.86500, 1 
0.23074, 1.86500, 1 
0.68719, 1.81356, 1 
1.06658, 1.68505, 1 
1.14235, 1.63367, 1 
1.36945, 1.58230, 1 
1.16760, 1.20220, 1 
1.03020, 1.06341, 1 
0.48905, 0.51707, 1 
0.42362, 0.45126, 1 
0.31300, 0.34011, 1 
-0.18310, -0.18310, 1 
-0.18310, -0.18310, 1 
0.00000, 0.00000, 1 
0.00000, 0.00000, 1 
0.00000, 0.00000, 1 
0.00000, 0.00000, 1 
0.00000, 0.00000, 1 
0.00000, 0.00000, 1 
0.00000, 0.00000, 1 
0.10855
0.00000, 0.00000, 1 
0.00000, 0.00000, 1 
0.00000, 0.00000, 1 
0.00000, 0.00000, 1 
0.00000, 0.00000, 1 
0.00000, 0.00000, 1 
0.00000, 0.00000, 1 
0.00000, 0.00000, 1 
-0.18310, -0.18310, 1 
0.57877, 0.60740, 1 
0.49462, 0.52268, 1 
0.30437, 0.33145, 1 
-0.40536, -0.37847, 1 
-0.91604, -0.63654, 1 
-2.17394, 0.45636, 1 
-2.17394, 1.27446, 1 
-2.22548, 1.30009, 1 
-2.22548, 1.45397, 1 
-2.30283, -1.04485, 1 
-2.35442, -1.01958, 1 
-2.35442, 0.91604, 1 
-2.35442, 0.89047, 1 
-1.63367, 0.94162, 1 
-1.14637, 2.19971, 1 
-0.78822, 2.17394, 1 
0.02746, 0.86490, 1 
0.50984, 2.09665, 1 
0.68719, 0.71618, 1 
-2.04514, 0.02340, 1 
-2.07089, 1.99365, 1 
1.05749, 2.04514, 1 
-0.73712, 2.04514, 1 
-2.14817, 2.07089, 1 
0.38303, 2.07089, 1 
-2.25126, 1.17198, 1 
0.91493, 1.42831, 1 
-0.71158, 1.45397, 1 
-1.47963, 1.86500, 1 
-0.20154, 1.94218, 1 
-0.48186, 1.91645, 1 
-0.02340, 1.86500, 1 
0.48448, 1.86500, 1 
0.86435, 1.81356, 1 
1.16760, 1.68505, 1 
1.21809, 1.68505, 1 
1.26855, 1.60798, 1 
1.16760, 1.20220, 1 
1.08932, 1.12332, 1 
0.48854, 0.51656, 1 
0.42362, 0.45126, 1 
0.31350, 0.34062, 1 
-0.18310, -0.18310, 1 
-0.18310, -0.18310, 1 
0.00000, 0.00000, 1 
0.00000, 0.00000, 1 
0.00000, 0.00000, 1 
0.00000, 0.00000, 1 
0.00000, 0.00000, 1 
0.00000, 0.00000, 1 
0.00000, 0.00000, 1 
0.11360
0.00000, 0.00000, 1 
0.00000, 0.00000, 1 
0.00000, 0.00000, 1 
0.00000, 0.00000, 1 
0.00000, 0.00000, 1 
0.00000, 0.00000, 1 
0.00000, 0.00000, 1 
0.00000, 0.00000, 1 
-0.18310, -0.18310, 1 
0.57979, 0.60842, 1 
0.49462, 0.52268, 1 
0.30437, 0.33145, 1 
-0.43341, -0.40587, 1 
-1.13356, -0.85170, 1 
-2.16105, 0.39262, 1 
-2.17394, 0.85365, 1 
-2.21260, 1.28728, 1 
-1.80225, 1.37701, 1 
-2.26415, -0.75200, 1 
-2.32862, -0.66237, 1 
-2.32862, 1.19759, 1 
-2.32862, 1.18478, 1 
-1.94218, 0.94162, 1 
-1.38984, 2.12241, 1 
-0.78822, 2.12241, 1 
-0.15062, 0.69881, 1 
0.57320, 2.04514, 1 
0.67453, 1.05932, 1 
-2.01940, 0.02340, 1 
-2.03227, 1.60798, 1 
0.65731, 1.67220, 1 
-0.31769, 2.01940, 1 
-2.09665, 1.64805, 1 
0.32873, 1.64805, 1 
-2.18682, 1.19759, 1 
0.66643, 1.57101, 1 
-0.43086, 1.47963, 1 
-1.51812, 1.86500, 1 
-0.36713, 1.91645, 1 
-0.49462, 1.89072, 1 
-0.09972, 1.86500, 1 
0.53518, 1.86500, 1 
0.87700, 1.81356, 1 
1.11710, 1.68505, 1 
1.23070, 1.64651, 1 
1.30640, 1.60798, 1 
1.36945, 1.40728, 1 
1.14841, 1.18325, 1 
0.48803, 0.51605, 1 
0.42311, 0.45075, 1 
0.31401, 0.34113, 1 
-0.18310, -0.18310, 1 
-0.18310, -0.18310, 1 
0.00000, 0.00000, 1 
0.00000, 0.00000, 1 
0.00000, 0.00000, 1 
0.00000, 0.00000, 1 
0.00000, 0.00000, 1 
0.00000, 0.00000, 1 
0.00000, 0.00000, 1 
0.11874
0.00000, 0.00000, 1 
0.00000, 0.00000, 1 
0.00000, 0.00000, 1 
0.00000, 0.00000, 1 
0.00000, 0.00000, 1 
0.00000, 0.00000, 1 
0.00000, 0.00000, 1 
0.00000, 0.00000, 1 
-0.18310, -0.18310, 1 
0.58080, 0.60944, 1 
0.49462, 0.52268, 1 
0.30437, 0.33145, 1 
-0.46095, -0.43377, 1 
-1.35137, -1.06658, 1 
-2.14817, 0.32890, 1 
-2.17394, 0.43341, 1 
-2.19971, 1.27446, 1 
-1.37958, 1.30009, 1 
-2.22548, -0.45913, 1 
-2.30283, -0.30437, 1 
-2.30283, 1.47963, 1 
-2.30283, 1.47963, 1 
-2.25126, 0.94162, 1 
-1.63367, 2.04514, 1 
-0.78822, 2.07089, 1 
-0.32890, 0.53288, 1 
0.63654, 1.99365, 1 
0.66187, 1.40266, 1 
-1.99365, 0.02340, 1 
-1.99365, 1.22321, 1 
0.25613, 1.30009, 1 
0.10118, 1.99365, 1 
-2.04514, 1.22577, 1 
0.27441, 1.22577, 1 
-2.12241, 1.22321, 1 
0.24902, 1.99365, 1 
-0.15062, 1.50529, 1 
-1.55663, 1.86500, 1 
-0.53288, 1.89072, 1 
-0.50737, 1.86500, 1 
-0.17608, 1.86500, 1 
0.58587, 1.86500, 1 
0.88964, 1.81356, 1 
1.06658, 1.68505, 1 
1.24332, 1.60798, 1 
1.34423, 1.60798, 1 
1.44507, 1.53096, 1 
1.20698, 1.24269, 1 
0.48753, 0.51553, 1 
0.42261, 0.45024, 1 
0.31452, 0.34164, 1 
-0.18310, -0.18310, 1 
-0.18310, -0.18310, 1 
0.00000, 0.00000, 1 
0.00000, 0.00000, 1 
0.00000, 0.00000, 1 
0.00000, 0.00000, 1 
0.00000, 0.00000, 1 
0.00000, 0.00000, 1 
0.00000, 0.00000, 1 
0.12397
0.00000, 0.00000, 1 
0.00000, 0.00000, 1 
0.00000, 0.00000, 1 
0.00000, 0.00000, 1 
0.00000, 0.00000, 1 
0.00000, 0.00000, 1 
0.00000, 0.00000, 1 
0.00000, 0.00000, 1 
-0.18310, -0.18310, 1 
0.58131, 0.60995, 1 
0.49462, 0.52268, 1 
0.30437, 0.33145, 1 
-0.50737, -0.47992, 1 
-1.67374, -1.48136, 1 
-2.12241, -0.08949, 1 
-2.17394, 0.32890, 1 
-2.22548, 1.24884, 1 
-0.95799, 1.22321, 1 
-2.27705, -0.14031, 1 
-2.27705, 0.11397, 1 
-2.30283, 1.40266, 1 
-2.30283, 1.81356, 1 
-2.25126, 0.52166, 1 
-1.63367, 2.14817, 1 
-0.78822, 2.12241, 1 
0.05289, 0.71158, 1 
0.45913, 2.01940, 1 
0.63654, 1.42831, 1 
-2.01940, 0.02340, 1 
-2.01940, 0.80253, 1 
-0.09972, 0.87922, 1 
0.51896, 1.99365, 1 
-2.09665, 0.83934, 1 
-0.14400, 1.06955, 1 
-2.14817, 1.27446, 1 
-0.16946, 1.57101, 1 
0.26730, 1.08389, 1 
-1.47963, 1.94218, 1 
-0.68604, 1.89072, 1 
-0.73712, 1.91645, 1 
-0.50737, 1.86500, 1 
0.25613, 1.86500, 1 
0.49564, 1.81356, 1 
0.94022, 1.71074, 1 
1.16760, 1.68505, 1 
1.31901, 1.58230, 1 
1.44507, 1.55663, 1 
1.26603, 1.30266, 1 
0.48702, 0.51502, 1 
0.42210, 0.44973, 1 
0.31503, 0.34215, 1 
-0.18310, -0.18310, 1 
-0.18310, -0.18310, 1 
0.00000, 0.00000, 1 
0.00000, 0.00000, 1 
0.00000, 0.00000, 1 
0.00000, 0.00000, 1 
0.00000, 0.00000, 1 
0.00000, 0.00000, 1 
0.00000, 0.00000, 1 
0.12928
0.00000, 0.00000, 1 
0.00000, 0.00000, 1 
0.00000, 0.00000, 1 
0.00000, 0.00000, 1 
0.00000, 0.00000, 1 
0.00000, 0.00000, 1 
0.00000, 0.00000, 1 
0.00000, 0.00000, 1 
-0.18310, -0.18310, 1 
0.58232, 0.61097, 1 
0.49462, 0.52268, 1 
0.30437, 0.33145, 1 
-0.58851, -0.56053, 1 
-2.09665, -1.84530, 1 
-2.17394, -0.45659, 1 
-2.19971, 0.32890, 1 
-2.22548, 1.22321, 1 
-0.58392, 1.22321, 1 
-2.30283, 0.27794, 1 
-2.30283, 0.53288, 1 
-2.30283, 1.37701, 1 
-2.30283, 2.19971, 1 
-2.30283, 0.15317, 1 
-1.63367, 2.19971, 1 
-0.78822, 2.19971, 1 
-0.32890, 0.43086, 1 
0.45913, 2.12241, 1 
0.66187, 1.53096, 1 
-2.09665, 0.02798, 1 
-2.09665, 0.40536, 1 
-0.50737, 0.48441, 1 
0.93567, 2.07089, 1 
-2.22548, 0.86490, 1 
-0.56299, 1.04396, 1 
-2.22548, 1.22321, 1 
-0.58851, 1.32573, 1 
0.63400, 0.68859, 1 
-1.50529, 1.55663, 1 
-0.91604, 1.94218, 1 
-0.86490, 1.94218, 1 
-0.66050, 1.86500, 1 
-0.15062, 1.86500, 1 
0.07831, 1.86500, 1 
0.76314, 1.81356, 1 
0.96550, 1.68505, 1 
1.24332, 1.60798, 1 
1.41987, 1.58230, 1 
1.32506, 1.36265, 1 
0.48651, 0.51451, 1 
0.42159, 0.44922, 1 
0.31503, 0.34215, 1 
-0.18310, -0.18310, 1 
-0.18310, -0.18310, 1 
0.00000, 0.00000, 1 
0.00000, 0.00000, 1 
0.00000, 0.00000, 1 
0.00000, 0.00000, 1 
0.00000, 0.00000, 1 
0.00000, 0.00000, 1 
0.00000, 0.00000, 1 
0.13467
0.00000, 0.00000, 1 
0.00000, 0.00000, 1 
0.00000, 0.00000, 1 
0.00000, 0.00000, 1 
0.00000, 0.00000, 1 
0.00000, 0.00000, 1 
0.00000, 0.00000, 1 
0.00000, 0.00000, 1 
-0.18310, -0.18310, 1 
0.58334, 0.61200, 1 
0.49462, 0.52268, 1 
0.30437, 0.33145, 1 
-0.92320, -0.89167, 1 
-2.09665, -1.92321, 1 
-2.14817, -0.63654, 1 
-2.17394, 0.32890, 1 
-2.22548, 1.22321, 1 
-0.20154, 1.22321, 1 
-2.27705, 0.32890, 1 
-2.30283, 0.85365, 1 
-2.30283, 1.73644, 1 
-2.30283, 2.14817, 1 
-2.22548, 0.32890, 1 
-1.63367, 2.09665, 1 
-0.78822, 2.12241, 1 
-0.32890, 0.04883, 1 
0.43377, 2.04514, 1 
0.68719, 1.63367, 1 
-2.01940, 0.44718, 1 
-2.07089, 0.40536, 1 
-0.88126, 0.45636, 1 
1.35079, 2.04514, 1 
-2.14817, 0.89047, 1 
-0.98357, 1.04396, 1 
-2.19971, 1.27446, 1 
-0.98357, 1.32573, 1 
1.01605, 1.08389, 1 
-1.55663, 1.55663, 1 
-1.01837, 1.86500, 1 
-0.83934, 1.89072, 1 
-0.63497, 1.86500, 1 
0.15454, 1.86500, 1 
0.45913, 1.81356, 1 
0.99077, 1.76214, 1 
1.01605, 1.65935, 1 
1.29378, 1.60798, 1 
1.41987, 1.55663, 1 
1.38357, 1.42216, 1 
0.48600, 0.51400, 1 
0.42109, 0.44871, 1 
0.31554, 0.34266, 1 
-0.18310, -0.18310, 1 
-0.18310, -0.18310, 1 
0.00000, 0.00000, 1 
0.00000, 0.00000, 1 
0.00000, 0.00000, 1 
0.00000, 0.00000, 1 
0.00000, 0.00000, 1 
0.00000, 0.00000, 1 
0.00000, 0.00000, 1 
0.14012
0.00000, 0.00000, 1 
0.00000, 0.00000, 1 
0.00000, 0.00000, 1 
0.00000, 0.00000, 1 
0.00000, 0.00000, 1 
0.00000, 0.00000, 1 
0.00000, 0.00000, 1 
0.00000, 0.00000, 1 
-0.18310, -0.18310, 1 
0.58435, 0.61302, 1 
0.49462, 0.52268, 1 
0.30437, 0.33145, 1 
-0.87615, -0.84513, 1 
-2.09665, -1.94834, 1 
-2.14817, -0.63654, 1 
-2.17394, 0.32890, 1 
-2.22548, 1.12076, 1 
-0.60944, 1.22321, 1 
-2.25126, 0.64927, 1 
-2.30283, 1.27446, 1 
-2.30283, 2.12241, 1 
-2.30283, 2.12241, 1 
-2.22548, 0.50737, 1 
-1.65935, 2.09665, 1 
-0.78822, 2.12241, 1 
-0.32890, -0.30234, 1 
0.43377, 2.04514, 1 
0.68719, 1.50529, 1 
-2.04514, 0.86746, 1 
-2.07089, 0.40536, 1 
-1.30266, 0.45636, 1 
1.34423, 2.07089, 1 
-2.17394, 1.20015, 1 
-1.40523, 1.04396, 1 
-2.19971, 1.27446, 1 
-1.40523, 1.32573, 1 
1.14235, 1.50529, 1 
-1.76214, 1.55663, 1 
-1.24884, 1.94218, 1 
-0.91604, 1.91645, 1 
-0.66050, 1.86500, 1 
-0.15062, 1.86500, 1 
0.73783, 1.83928, 1 
0.99077, 1.81356, 1 
0.99077, 1.68505, 1 
1.21809, 1.60798, 1 
1.41987, 1.55663, 1 
1.62140, 1.66398, 1 
0.48600, 0.51400, 1 
0.42058, 0.44820, 1 
0.31604, 0.34317, 1 
-0.18310, -0.18310, 1 
-0.18310, -0.18310, 1 
0.00000, 0.00000, 1 
0.00000, 0.00000, 1 
0.00000, 0.00000, 1 
0.00000, 0.00000, 1 
0.00000, 0.00000, 1 
0.00000, 0.00000, 1 
0.00000, 0.00000, 1 
0.14563
0.00000, 0.00000, 1 
0.00000, 0.00000, 1 
0.00000, 0.00000, 1 
0.00000, 0.00000, 1 
0.00000, 0.00000, 1 
0.00000, 0.00000, 1 
0.00000, 0.00000, 1 
0.00000, 0.00000, 1 
-0.18310, -0.18310, 1 
0.58536, 0.61404, 1 
0.49462, 0.52268, 1 
0.30437, 0.33145, 1 
-0.82962, -0.79908, 1 
-2.09665, -1.94834, 1 
-2.09665, -0.61121, 1 
-2.17394, 0.32890, 1 
-2.22548, 0.71158, 1 
-0.60944, 1.19759, 1 
-2.22548, 1.04396, 1 
-2.30283, 1.62237, 1 
-2.30283, 2.07089, 1 
-2.27705, 2.12241, 1 
-2.17394, 0.30342, 1 
-1.65935, 2.07089, 1 
-0.78822, 2.09665, 1 
-0.72588, -0.69681, 1 
0.43377, 1.99365, 1 
0.71251, 1.53096, 1 
-1.99365, 1.28882, 1 
-2.07089, 0.40536, 1 
-1.72513, 0.48186, 1 
1.34423, 2.07089, 1 
-2.19971, 1.62237, 1 
-1.82796, 1.04396, 1 
-2.25126, 1.22321, 1 
-1.82796, 1.32573, 1 
1.16760, 1.58230, 1 
-1.91645, 1.55663, 1 
-1.24884, 1.94218, 1 
-0.81378, 1.89072, 1 
-0.63497, 1.86500, 1 
0.26730, 1.86500, 1 
0.78845, 1.81356, 1 
0.96550, 1.76214, 1 
1.01605, 1.65935, 1 
1.29378, 1.60798, 1 
1.39466, 1.55663, 1 
1.64657, 1.68967, 1 
0.48550, 0.51349, 1 
0.42058, 0.44820, 1 
0.31655, 0.34368, 1 
-0.18310, -0.18310, 1 
-0.18310, -0.18310, 1 
0.00000, 0.00000, 1 
0.00000, 0.00000, 1 
0.00000, 0.00000, 1 
0.00000, 0.00000, 1 
0.00000, 0.00000, 1 
0.00000, 0.00000, 1 
0.00000, 0.00000, 1 
0.15122
0.00000, 0.00000, 1 
0.00000, 0.00000, 1 
0.00000, 0.00000, 1 
0.00000, 0.00000, 1 
0.00000, 0.00000, 1 
0.00000, 0.00000, 1 
0.00000, 0.00000, 1 
0.00000, 0.00000, 1 
-0.18310, -0.18310, 1 
0.58587, 0.61455, 1 
0.49462, 0.52268, 1 
0.30437, 0.33145, 1 
-0.78311, -0.75302, 1 
-2.09665, -1.92321, 1 
-2.12241, -0.61121, 1 
-2.22548, 0.27794, 1 
-2.17394, 0.32890, 1 
-0.60944, 1.17198, 1 
-2.25126, 1.19759, 1 
-2.30283, 2.04514, 1 
-2.30283, 2.09665, 1 
-2.30283, 2.17394, 1 
-2.22548, 0.09972, 1 
-1.63367, 2.12241, 1 
-0.81378, 2.12241, 1 
-1.14637, -1.11255, 1 
0.17995, 2.04514, 1 
0.68719, 1.22321, 1 
-2.04514, 1.71074, 1 
-2.12241, 0.40536, 1 
-2.14817, 0.53288, 1 
1.03222, 2.14817, 1 
-2.22548, 2.04514, 1 
-2.25126, 1.04396, 1 
-2.38022, 1.19759, 1 
-2.25126, 1.32573, 1 
1.16760, 1.55663, 1 
-2.17394, 1.55663, 1 
-1.30009, 1.94218, 1 
-0.78822, 1.94218, 1 
-0.60944, 1.86500, 1 
0.66187, 1.86500, 1 
0.78845, 1.81356, 1 
0.88964, 1.76214, 1 
0.96550, 1.65935, 1 
1.21809, 1.60798, 1 
1.34423, 1.55663, 1 
1.64657, 1.68967, 1 
0.48499, 0.51298, 1 
0.42007, 0.44769, 1 
0.31706, 0.34419, 1 
-0.18310, -0.18310, 1 
-0.18310, -0.18310, 1 
0.00000, 0.00000, 1 
0.00000, 0.00000, 1 
0.00000, 0.00000, 1 
0.00000, 0.00000, 1 
0.00000, 0.00000, 1 
0.00000, 0.00000, 1 
0.00000, 0.00000, 1 
0.15688
0.00000, 0.00000, 1 
0.00000, 0.00000, 1 
0.00000, 0.00000, 1 
0.00000, 0.00000, 1 
0.00000, 0.00000, 1 
0.00000, 0.00000, 1 
0.00000, 0.00000, 1 
0.00000, 0.00000, 1 
-0.18310, -0.18310, 1 
0.58688, 0.61557, 1 
0.49462, 0.52268, 1 
0.30437, 0.33145, 1 
-0.73610, -0.70643, 1 
-2.09665, -1.92321, 1 
-2.09665, -0.68719, 1 
-2.14817, -0.14031, 1 
-2.19971, 0.30342, 1 
-0.93241, 0.77698, 1 
-2.22548, 1.14637, 1 
-2.27705, 1.62237, 1 
-2.30283, 1.86500, 1 
-2.27705, 1.81356, 1 
-2.14817, -0.31807, 1 
-1.65935, 1.76214, 1 
-0.78822, 2.09665, 1 
-0.78822, -0.75858, 1 
0.43377, 1.99365, 1 
0.71251, 1.58230, 1 
-1.99365, 1.37701, 1 
-2.09665, 0.78822, 1 
-2.12241, 0.50737, 1 
0.61577, 1.74929, 1 
-2.19971, 2.05802, 1 
-1.82796, 1.04396, 1 
-1.95659, 1.22321, 1 
-2.22548, 1.33855, 1 
0.93870, 1.50529, 1 
-2.14817, 1.55663, 1 
-0.95441, 1.89072, 1 
-0.58392, 1.91645, 1 
-0.39262, 1.86500, 1 
0.57320, 1.86500, 1 
0.72517, 1.81356, 1 
0.81375, 1.81356, 1 
1.01605, 1.68505, 1 
1.16760, 1.60798, 1 
1.36945, 1.55663, 1 
1.67174, 1.71537, 1 
0.48448, 0.51247, 1 
0.41956, 0.44718, 1 
0.31706, 0.34419, 1 
-0.18310, -0.18310, 1 
-0.18310, -0.18310, 1 
0.00000, 0.00000, 1 
0.00000, 0.00000, 1 
0.00000, 0.00000, 1 
0.00000, 0.00000, 1 
0.00000, 0.00000, 1 
0.00000, 0.00000, 1 
0.00000, 0.00000, 1 
0.16263
0.00000, 0.00000, 1 
0.00000, 0.00000, 1 
0.00000, 0.00000, 1 
0.00000, 0.00000, 1 
0.00000, 0.00000, 1 
0.00000, 0.00000, 1 
0.00000, 0.00000, 1 
0.00000, 0.00000, 1 
-0.18310, -0.18310, 1 
0.58790, 0.61659, 1 
0.49462, 0.52268, 1 
0.30437, 0.33145, 1 
-0.68961, -0.66035, 1 
-2.09665, -1.84781, 1 
-2.09665, -0.68719, 1 
-2.17394, -0.55799, 1 
-2.19971, 0.25247, 1 
-1.35393, 0.35693, 1 
-2.22548, 1.17198, 1 
-2.30283, 1.53096, 1 
-2.30283, 1.76214, 1 
-2.27705, 1.55663, 1 
-2.14817, -0.73530, 1 
-1.65935, 1.53096, 1 
-0.81378, 2.09665, 1 
-0.43086, -0.40384, 1 
0.61121, 2.01940, 1 
0.68719, 1.99365, 1 
-2.01940, 0.99278, 1 
-2.04514, 1.19759, 1 
-2.09665, 0.48186, 1 
0.19823, 1.35137, 1 
-2.17394, 2.07089, 1 
-1.40523, 1.04396, 1 
-1.53352, 1.24884, 1 
-2.19971, 1.35137, 1 
0.70998, 1.45397, 1 
-2.12241, 1.55663, 1 
-0.58392, 1.94218, 1 
-0.43086, 1.94218, 1 
-0.12517, 1.86500, 1 
0.35766, 1.86500, 1 
0.66187, 1.83928, 1 
0.76314, 1.78785, 1 
0.99077, 1.68505, 1 
1.14235, 1.60798, 1 
1.31901, 1.55663, 1 
1.59622, 1.63829, 1 
0.48398, 0.51196, 1 
0.41906, 0.44667, 1 
0.31757, 0.34470, 1 
-0.18310, -0.18310, 1 
-0.18310, -0.18310, 1 
0.00000, 0.00000, 1 
0.00000, 0.00000, 1 
0.00000, 0.00000, 1 
0.00000, 0.00000, 1 
0.00000, 0.00000, 1 
0.00000, 0.00000, 1 
0.00000, 0.00000, 1 
0.16849
0.00000, 0.00000, 1 
0.00000, 0.00000, 1 
0.00000, 0.00000, 1 
0.00000, 0.00000, 1 
0.00000, 0.00000, 1 
0.00000, 0.00000, 1 
0.00000, 0.00000, 1 
0.00000, 0.00000, 1 
-0.18310, -0.18310, 1 
0.58891, 0.61761, 1 
0.49462, 0.52268, 1 
0.30437, 0.33145, 1 
-0.64314, -0.61425, 1 
-2.09665, -1.79752, 1 
-2.09665, -0.66187, 1 
-2.17394, -0.68719, 1 
-2.22548, 0.30342, 1 
-1.77654, 0.27794, 1 
-2.22548, 1.14637, 1 
-2.30283, 1.30009, 1 
-2.30283, 1.60798, 1 
-2.27705, 1.27446, 1 
-2.14817, -0.83905, 1 
-1.68505, 1.22321, 1 
-0.78822, 2.04514, 1 
-0.06308, -0.03712, 1 
0.43377, 2.01940, 1 
0.68719, 1.99365, 1 
-2.01940, 0.57269, 1 
-2.04514, 1.59668, 1 
-2.07089, 0.45636, 1 
-0.22038, 0.93036, 1 
-2.14817, 2.07089, 1 
-1.01837, 1.04396, 1 
-1.12076, 1.57101, 1 
-2.19971, 1.35137, 1 
0.29269, 1.47963, 1 
-2.14817, 1.55663, 1 
-0.30342, 1.86500, 1 
-0.06155, 1.90358, 1 
0.02746, 1.86500, 1 
0.40840, 1.86500, 1 
0.63654, 1.81356, 1 
0.87700, 1.78785, 1 
0.96550, 1.68505, 1 
1.15498, 1.60798, 1 
1.31901, 1.58230, 1 
1.57104, 1.61261, 1 
0.48347, 0.51145, 1 
0.41855, 0.44616, 1 
0.31807, 0.34521, 1 
-0.18310, -0.18310, 1 
-0.18310, -0.18310, 1 
0.00000, 0.00000, 1 
0.00000, 0.00000, 1 
0.00000, 0.00000, 1 
0.00000, 0.00000, 1 
0.00000, 0.00000, 1 
0.00000, 0.00000, 1 
0.00000, 0.00000, 1 
0.17444
0.00000, 0.00000, 1 
0.00000, 0.00000, 1 
0.00000, 0.00000, 1 
0.00000, 0.00000, 1 
0.00000, 0.00000, 1 
0.00000, 0.00000, 1 
0.00000, 0.00000, 1 
0.00000, 0.00000, 1 
-0.18310, -0.18310, 1 
0.58992, 0.61863, 1 
0.49462, 0.52268, 1 
0.30437, 0.33145, 1 
-0.59617, -0.56762, 1 
-2.09665, -1.69690, 1 
-2.09665, -0.61121, 1 
-2.17394, -0.66187, 1 
-2.17394, 0.22700, 1 
-2.19971, 0.25247, 1 
-2.22548, 1.12076, 1 
-2.30283, 1.12076, 1 
-2.30283, 1.53096, 1 
-2.25126, 1.04396, 1 
-2.22548, -0.88711, 1 
-2.09665, 1.04396, 1 
-0.83934, 2.04514, 1 
-0.09972, 0.37987, 1 
0.43377, 2.01940, 1 
0.71251, 1.96791, 1 
-2.01940, 0.17608, 1 
-2.07089, 2.01940, 1 
-2.14817, 0.45636, 1 
-0.63957, 0.53288, 1 
-2.22548, 2.04514, 1 
-0.69064, 1.01837, 1 
-0.75449, 1.99365, 1 
-2.19971, 1.35137, 1 
-0.12517, 1.50529, 1 
-2.17394, 1.55663, 1 
-0.04883, 1.83928, 1 
0.25613, 1.91645, 1 
0.12913, 1.86500, 1 
0.33229, 1.86500, 1 
0.61121, 1.81356, 1 
0.99077, 1.78785, 1 
0.94022, 1.68505, 1 
1.16760, 1.60798, 1 
1.29378, 1.58230, 1 
1.47027, 1.53096, 1 
0.48296, 0.51094, 1 
0.41804, 0.44565, 1 
0.31858, 0.34572, 1 
-0.18310, -0.18310, 1 
-0.18310, -0.18310, 1 
0.00000, 0.00000, 1 
0.00000, 0.00000, 1 
0.00000, 0.00000, 1 
0.00000, 0.00000, 1 
0.00000, 0.00000, 1 
0.00000, 0.00000, 1 
0.00000, 0.00000, 1 
0.18048
0.00000, 0.00000, 1 
0.00000, 0.00000, 1 
0.00000, 0.00000, 1 
0.00000, 0.00000, 1 
0.00000, 0.00000, 1 
0.00000, 0.00000, 1 
0.00000, 0.00000, 1 
0.00000, 0.00000, 1 
-0.18310, -0.18310, 1 
0.59043, 0.61914, 1 
0.49462, 0.52268, 1 
0.30437, 0.33145, 1 
-0.54972, -0.52150, 1 
-2.09665, -1.72206, 1 
-2.09665, -0.56053, 1 
-2.16105, -0.92757, 1 
-2.18682, 0.25247, 1 
-2.21260, 0.26521, 1 
-2.23837, 0.70034, 1 
-2.31573, 0.87768, 1 
-2.31573, 1.41549, 1 
-2.26415, 0.78822, 1 
-2.18682, -0.47028, 1 
-2.09665, 0.83934, 1 
-0.83934, 2.03227, 1 
-0.08700, 0.45636, 1 
0.44645, 2.01940, 1 
0.73783, 1.96791, 1 
-2.03227, 0.18881, 1 
-2.07089, 2.03227, 1 
-2.17394, 0.45636, 1 
-1.06034, 0.52013, 1 
-2.22548, 1.62237, 1 
-1.11154, 1.01837, 1 
-1.16942, 1.58230, 1 
-2.21260, 1.33855, 1 
-0.49462, 1.49246, 1 
-1.99365, 1.54379, 1 
0.31960, 1.82642, 1 
0.63654, 1.92931, 1 
-0.03612, 1.87786, 1 
0.31960, 1.86500, 1 
0.87700, 1.81356, 1 
1.22919, 1.78785, 1 
1.20547, 1.68505, 1 
1.28117, 1.62082, 1 
1.26855, 1.58230, 1 
1.45767, 1.51812, 1 
0.48246, 0.51043, 1 
0.41804, 0.44565, 1 
0.31858, 0.34572, 1 
-0.18310, -0.18310, 1 
-0.18310, -0.18310, 1 
0.00000, 0.00000, 1 
0.00000, 0.00000, 1 
0.00000, 0.00000, 1 
0.00000, 0.00000, 1 
0.00000, 0.00000, 1 
0.00000, 0.00000, 1 
0.00000, 0.00000, 1 
0.18659
0.00000, 0.00000, 1 
0.00000, 0.00000, 1 
0.00000, 0.00000, 1 
0.00000, 0.00000, 1 
0.00000, 0.00000, 1 
0.00000, 0.00000, 1 
0.00000, 0.00000, 1 
0.00000, 0.00000, 1 
-0.18310, -0.18310, 1 
0.59144, 0.62016, 1 
0.49462, 0.52268, 1 
0.30437, 0.33145, 1 
-0.50329, -0.47536, 1 
-2.09665, -1.77237, 1 
-2.09665, -0.53518, 1 
-2.17394, -1.21809, 1 
-2.17394, 0.25247, 1 
-2.19971, 0.25247, 1 
-2.22548, 0.28049, 1 
-2.30283, 0.60944, 1 
-2.30283, 1.27446, 1 
-2.25126, 0.50737, 1 
-2.14817, -0.07831, 1 
-2.07089, 0.60944, 1 
-0.83934, 1.99365, 1 
-0.07428, 0.55840, 1 
0.43377, 1.99365, 1 
0.78845, 1.94218, 1 
-2.01940, 0.04883, 1 
-2.04514, 2.01940, 1 
-2.17394, 0.45636, 1 
-1.48219, 0.50737, 1 
-2.19971, 1.20015, 1 
-1.53352, 0.99278, 1 
-1.58487, 1.24884, 1 
-2.19971, 1.32573, 1 
-0.83934, 1.45397, 1 
-1.78785, 1.50529, 1 
0.73631, 1.81356, 1 
1.04132, 1.91645, 1 
-0.17608, 1.86500, 1 
0.32975, 1.86500, 1 
0.63654, 1.81356, 1 
1.46775, 1.78785, 1 
1.47027, 1.68505, 1 
1.41987, 1.60798, 1 
1.24332, 1.58230, 1 
1.41987, 1.47963, 1 
0.48195, 0.50992, 1 
0.41753, 0.44514, 1 
0.31909, 0.34623, 1 
-0.18310, -0.18310, 1 
-0.18310, -0.18310, 1 
0.00000, 0.00000, 1 
0.00000, 0.00000, 1 
0.00000, 0.00000, 1 
0.00000, 0.00000, 1 
0.00000, 0.00000, 1 
0.00000, 0.00000, 1 
0.00000, 0.00000, 1 
0.19278
0.00000, 0.00000, 1 
0.00000, 0.00000, 1 
0.00000, 0.00000, 1 
0.00000, 0.00000, 1 
0.00000, 0.00000, 1 
0.00000, 0.00000, 1 
0.00000, 0.00000, 1 
0.00000, 0.00000, 1 
-0.18310, -0.18310, 1 
0.59246, 0.62119, 1 
0.49462, 0.52268, 1 
0.30437, 0.33145, 1 
-0.45636, -0.42869, 1 
-2.09665, -1.73313, 1 
-2.09665, -0.48448, 1 
-2.17394, -1.60730, 1 
-2.17394, 0.27794, 1 
-2.22548, 0.30342, 1 
-2.22548, 0.17608, 1 
-2.32862, 0.21580, 1 
-2.32862, 1.17198, 1 
-2.27705, 0.25247, 1 
-2.14817, -0.02746, 1 
-2.09665, 0.37987, 1 
-0.81378, 1.99365, 1 
-0.09972, 0.58392, 1 
0.43377, 2.01940, 1 
0.71251, 1.99365, 1 
-2.01940, 0.04883, 1 
-2.07089, 2.01940, 1 
-2.22548, 0.45636, 1 
-1.90513, 0.53288, 1 
-2.19971, 0.78822, 1 
-1.95659, 1.04396, 1 
-2.00807, 1.27446, 1 
-2.14817, 1.35137, 1 
-1.23756, 1.45397, 1 
-1.60798, 1.55663, 1 
1.06658, 1.83928, 1 
1.43096, 1.91645, 1 
-0.43086, 1.91645, 1 
-0.08852, 1.86500, 1 
1.01605, 1.86500, 1 
1.05243, 1.81356, 1 
1.47027, 1.71074, 1 
1.39466, 1.65935, 1 
1.26855, 1.60798, 1 
1.36945, 1.53096, 1 
0.48144, 0.50941, 1 
0.41703, 0.44463, 1 
0.31960, 0.34674, 1 
-0.18310, -0.18310, 1 
-0.18310, -0.18310, 1 
0.00000, 0.00000, 1 
0.00000, 0.00000, 1 
0.00000, 0.00000, 1 
0.00000, 0.00000, 1 
0.00000, 0.00000, 1 
0.00000, 0.00000, 1 
0.00000, 0.00000, 1 
0.19904
0.00000, 0.00000, 1 
0.00000, 0.00000, 1 
0.00000, 0.00000, 1 
0.00000, 0.00000, 1 
0.00000, 0.00000, 1 
0.00000, 0.00000, 1 
0.00000, 0.00000, 1 
0.00000, 0.00000, 1 
-0.18310, -0.18310, 1 
0.59347, 0.62221, 1 
0.49462, 0.52268, 1 
0.30437, 0.33145, 1 
-0.40995, -0.38253, 1 
-2.17394, -1.31901, 1 
-2.14817, -0.40840, 1 
-2.14817, -1.79752, 1 
-2.27705, 0.25247, 1 
-2.22548, 0.30342, 1 
-2.25126, 0.22700, 1 
-2.40602, 0.20154, 1 
-2.40602, 1.09515, 1 
-2.35442, 0.04883, 1 
-2.19971, 0.07428, 1 
-2.09665, 0.22700, 1 
-0.83934, 2.01940, 1 
-0.09972, 0.73712, 1 
0.45913, 2.04514, 1 
0.73783, 1.96791, 1 
-2.09665, 0.04883, 1 
-2.12241, 2.01940, 1 
-2.30283, 0.45636, 1 
-2.32862, 0.53288, 1 
-2.30283, 0.78822, 1 
-2.38022, 1.04396, 1 
-2.43183, 1.17198, 1 
-1.76214, 1.35137, 1 
-1.65935, 1.47963, 1 
-1.45397, 1.55663, 1 
1.36945, 1.91645, 1 
1.57104, 2.01940, 1 
-0.50737, 1.99365, 1 
-0.50737, 1.91645, 1 
1.39466, 1.86500, 1 
0.63654, 1.81356, 1 
1.34423, 1.73644, 1 
1.19284, 1.71074, 1 
1.24332, 1.60798, 1 
1.36945, 1.53096, 1 
0.48093, 0.50890, 1 
0.41652, 0.44412, 1 
0.32010, 0.34725, 1 
-0.18310, -0.18310, 1 
-0.18310, -0.18310, 1 
0.00000, 0.00000, 1 
0.00000, 0.00000, 1 
0.00000, 0.00000, 1 
0.00000, 0.00000, 1 
0.00000, 0.00000, 1 
0.00000, 0.00000, 1 
0.00000, 0.00000, 1 
0.20533
0.00000, 0.00000, 1 
0.00000, 0.00000, 1 
0.00000, 0.00000, 1 
0.00000, 0.00000, 1 
0.00000, 0.00000, 1 
0.00000, 0.00000, 1 
0.00000, 0.00000, 1 
0.00000, 0.00000, 1 
-0.18310, -0.18310, 1 
0.59398, 0.62272, 1 
0.49462, 0.52268, 1 
0.30437, 0.33145, 1 
-0.36305, -0.33584, 1 
-2.16105, -1.40726, 1 
-2.14817, -0.59854, 1 
-2.14817, -1.83524, 1 
-2.25126, 0.25247, 1 
-2.21260, 0.27794, 1 
-2.23837, 0.03612, 1 
-2.36732, 0.30342, 1 
-2.36732, 1.10796, 1 
-2.32862, 0.20154, 1 
-2.17394, 0.25247, 1 
-2.08377, 0.39262, 1 
-0.92883, 1.85214, 1 
-0.12517, 0.86490, 1 
0.44645, 2.00652, 1 
0.76314, 1.83928, 1 
-2.04514, 0.03612, 1 
-2.07089, 2.00652, 1 
-2.23837, 0.45636, 1 
-2.27705, 0.49462, 1 
-2.25126, 0.78822, 1 
-2.25126, 1.00557, 1 
-2.00807, 1.18478, 1 
-1.99365, 1.32573, 1 
-1.53096, 1.47963, 1 
-1.63367, 1.53096, 1 
1.39466, 1.91645, 1 
1.58363, 1.98078, 1 
-0.21427, 1.96791, 1 
-0.57116, 1.89072, 1 
1.49547, 1.86500, 1 
0.62387, 1.80071, 1 
1.21809, 1.72359, 1 
1.09184, 1.67220, 1 
1.23070, 1.60798, 1 
1.36945, 1.50529, 1 
0.48043, 0.50839, 1 
0.41652, 0.44412, 1 
0.32061, 0.34776, 1 
-0.18310, -0.18310, 1 
-0.18310, -0.18310, 1 
0.00000, 0.00000, 1 
0.00000, 0.00000, 1 
0.00000, 0.00000, 1 
0.00000, 0.00000, 1 
0.00000, 0.00000, 1 
0.00000, 0.00000, 1 
0.00000, 0.00000, 1 
0.21160
0.00000, 0.00000, 1 
0.00000, 0.00000, 1 
0.00000, 0.00000, 1 
0.00000, 0.00000, 1 
0.00000, 0.00000, 1 
0.00000, 0.00000, 1 
0.00000, 0.00000, 1 
0.00000, 0.00000, 1 
-0.18310, -0.18310, 1 
0.59499, 0.62374, 1 
0.49462, 0.52268, 1 
0.30437, 0.33145, 1 
-0.31667, -0.28964, 1 
-2.14817, -1.49547, 1 
-2.14817, -0.78845, 1 
-2.14817, -1.87295, 1 
-2.22548, 0.25247, 1 
-2.19971, 0.25247, 1 
-2.22548, -0.15454, 1 
-2.32862, 0.40536, 1 
-2.32862, 1.12076, 1 
-2.30283, 0.35438, 1 
-2.14817, 0.43086, 1 
-2.07089, 0.55840, 1 
-1.01837, 1.68505, 1 
-0.15062, 0.99278, 1 
0.43377, 1.96791, 1 
0.78845, 1.71074, 1 
-1.99365, 0.02340, 1 
-2.01940, 1.99365, 1 
-2.17394, 0.45636, 1 
-2.22548, 0.45636, 1 
-2.19971, 0.78822, 1 
-2.12241, 0.96720, 1 
-1.58487, 1.19759, 1 
-2.22548, 1.30009, 1 
-1.40266, 1.47963, 1 
-1.81356, 1.50529, 1 
1.41987, 1.91645, 1 
1.59622, 1.94218, 1 
0.07831, 1.94218, 1 
-0.63497, 1.86500, 1 
1.59622, 1.86500, 1 
0.61121, 1.78785, 1 
1.09184, 1.71074, 1 
0.99077, 1.63367, 1 
1.21809, 1.60798, 1 
1.36945, 1.47963, 1 
0.48043, 0.50839, 1 
0.41550, 0.44310, 1 
0.32061, 0.34776, 1 
-0.18310, -0.18310, 1 
-0.18310, -0.18310, 1 
0.00000, 0.00000, 1 
0.00000, 0.00000, 1 
0.00000, 0.00000, 1 
0.00000, 0.00000, 1 
0.00000, 0.00000, 1 
0.00000, 0.00000, 1 
0.00000, 0.00000, 1 
0.21785
0.00000, 0.00000, 1 
0.00000, 0.00000, 1 
0.00000, 0.00000, 1 
0.00000, 0.00000, 1 
0.00000, 0.00000, 1 
0.00000, 0.00000, 1 
0.00000, 0.00000, 1 
0.00000, 0.00000, 1 
-0.18310, -0.18310, 1 
0.59600, 0.62476, 1 
0.49462, 0.52268, 1 
0.30437, 0.33145, 1 
-0.27030, -0.24344, 1 
-2.15487, -1.55190, 1 
-2.19971, -0.92757, 1 
-2.13529, -1.82267, 1 
-2.24507, 0.25247, 1 
-2.21260, 0.26521, 1 
-2.25126, 0.06155, 1 
-2.34152, 0.55840, 1 
-2.34823, 1.19144, 1 
-2.32243, 0.56503, 1 
-2.18064, 0.65438, 1 
-2.08377, 0.78822, 1 
-1.32573, 1.55663, 1 
-0.15724, 1.17198, 1 
0.42717, 2.01322, 1 
0.73783, 1.67220, 1 
-2.03227, 0.02340, 1 
-2.05802, 1.58230, 1 
-2.19352, 0.46299, 1 
-2.25126, 0.47574, 1 
-2.22548, 0.74990, 1 
-2.00034, 0.99278, 1 
-1.23756, 1.21040, 1 
-2.25126, 1.31291, 1 
-1.31958, 1.46680, 1 
-2.05802, 1.53096, 1 
1.39466, 1.87786, 1 
1.57708, 1.96791, 1 
0.31960, 1.96791, 1 
-0.63497, 1.87786, 1 
1.53326, 1.86500, 1 
1.00341, 1.80071, 1 
1.21809, 1.72359, 1 
1.19284, 1.64651, 1 
1.29378, 1.60798, 1 
1.35684, 1.51812, 1 
0.47992, 0.50788, 1 
0.41550, 0.44310, 1 
0.32112, 0.34827, 1 
-0.18310, -0.18310, 1 
-0.18310, -0.18310, 1 
0.00000, 0.00000, 1 
0.00000, 0.00000, 1 
0.00000, 0.00000, 1 
0.00000, 0.00000, 1 
0.00000, 0.00000, 1 
0.00000, 0.00000, 1 
0.00000, 0.00000, 1 
0.22408
0.00000, 0.00000, 1 
0.00000, 0.00000, 1 
0.00000, 0.00000, 1 
0.00000, 0.00000, 1 
0.00000, 0.00000, 1 
0.00000, 0.00000, 1 
0.00000, 0.00000, 1 
0.00000, 0.00000, 1 
-0.18310, -0.18310, 1 
0.59702, 0.62578, 1 
0.49462, 0.52268, 1 
0.30437, 0.33145, 1 
-0.22344, -0.19671, 1 
-2.16105, -1.60881, 1 
-2.25126, -1.06658, 1 
-2.12241, -1.77237, 1 
-2.26415, 0.25247, 1 
-2.22548, 0.27794, 1 
-2.27705, 0.27794, 1 
-2.35442, 0.71158, 1 
-2.36732, 1.26165, 1 
-2.34152, 0.77545, 1 
-2.21260, 0.87768, 1 
-2.09665, 1.01837, 1 
-1.63367, 1.42831, 1 
-0.16335, 1.35137, 1 
0.42109, 2.05802, 1 
0.68719, 1.63367, 1 
-2.07089, 0.02340, 1 
-2.09665, 1.17198, 1 
-2.21260, 0.46911, 1 
-2.27705, 0.49462, 1 
-2.25126, 0.71158, 1 
-1.87786, 1.01837, 1 
-0.89047, 1.22321, 1 
-2.27705, 1.32573, 1 
-1.23602, 1.45397, 1 
-2.30283, 1.55663, 1 
1.36945, 1.83928, 1 
1.55845, 1.99365, 1 
0.56053, 1.99365, 1 
-0.63497, 1.89072, 1 
1.47027, 1.86500, 1 
1.39466, 1.81356, 1 
1.34423, 1.73644, 1 
1.39466, 1.65935, 1 
1.36945, 1.60798, 1 
1.34423, 1.55663, 1 
0.47941, 0.50737, 1 
0.41449, 0.44208, 1 
0.32163, 0.34878, 1 
-0.18310, -0.18310, 1 
-0.18310, -0.18310, 1 
0.00000, 0.00000, 1 
0.00000, 0.00000, 1 
0.00000, 0.00000, 1 
0.00000, 0.00000, 1 
0.00000, 0.00000, 1 
0.00000, 0.00000, 1 
0.00000, 0.00000, 1 
0.23028
0.00000, 0.00000, 1 
0.00000, 0.00000, 1 
0.00000, 0.00000, 1 
0.00000, 0.00000, 1 
0.00000, 0.00000, 1 
0.00000, 0.00000, 1 
0.00000, 0.00000, 1 
0.00000, 0.00000, 1 
-0.18310, -0.18310, 1 
0.59803, 0.62680, 1 
0.49462, 0.52268, 1 
0.30437, 0.33145, 1 
-0.17710, -0.15048, 1 
-2.15178, -1.68734, 1 
-2.21930, -1.14740, 1 
-2.12241, -1.69539, 1 
-2.25487, 0.24636, 1 
-2.21930, 0.32890, 1 
-2.26415, 0.33552, 1 
-2.33533, 0.83320, 1 
-2.35132, 1.29702, 1 
-2.33223, 0.95134, 1 
-2.21620, 1.07314, 1 
-2.09665, 1.21040, 1 
-1.65935, 1.27446, 1 
-0.16029, 1.49246, 1 
0.41145, 2.04875, 1 
0.66187, 1.21194, 1 
-2.04514, 0.02340, 1 
-2.07759, 0.76267, 1 
-2.14817, 0.82145, 1 
-2.25797, 0.50431, 1 
-2.24507, 0.67327, 1 
-1.74621, 1.00557, 1 
-0.51400, 1.18478, 1 
-1.92931, 1.32573, 1 
-1.12434, 1.46064, 1 
-1.89741, 1.55047, 1 
1.39466, 1.84596, 1 
1.56147, 1.98078, 1 
0.83248, 1.98747, 1 
-0.66050, 1.88455, 1 
1.48892, 1.86500, 1 
1.41987, 1.78785, 1 
1.47027, 1.73644, 1 
1.37550, 1.67220, 1 
1.32204, 1.62082, 1 
1.35028, 1.56947, 1 
0.47891, 0.50686, 1 
0.41449, 0.44208, 1 
0.32213, 0.34929, 1 
-0.18310, -0.18310, 1 
-0.18310, -0.18310, 1 
0.00000, 0.00000, 1 
0.00000, 0.00000, 1 
0.00000, 0.00000, 1 
0.00000, 0.00000, 1 
0.00000, 0.00000, 1 
0.00000, 0.00000, 1 
0.00000, 0.00000, 1 
0.23647
0.00000, 0.00000, 1 
0.00000, 0.00000, 1 
0.00000, 0.00000, 1 
0.00000, 0.00000, 1 
0.00000, 0.00000, 1 
0.00000, 0.00000, 1 
0.00000, 0.00000, 1 
0.00000, 0.00000, 1 
-0.18310, -0.18310, 1 
0.59854, 0.62731, 1 
0.49462, 0.52268, 1 
0.30437, 0.33145, 1 
-0.13077, -0.10423, 1 
-2.14199, -1.76584, 1 
-2.18682, -1.22818, 1 
-2.12241, -1.61888, 1 
-2.24507, 0.23974, 1 
-2.21260, 0.37987, 1 
-2.25126, 0.39262, 1 
-2.31573, 0.95441, 1 
-2.33533, 1.33240, 1 
-2.32243, 1.12742, 1 
-2.21930, 1.26831, 1 
-2.09665, 1.40266, 1 
-1.63367, 1.14637, 1 
-0.15724, 1.63367, 1 
0.20535, 2.01940, 1 
0.59094, 0.81378, 1 
-2.01940, -0.15454, 1 
-2.05802, 0.35438, 1 
-2.15487, 1.24269, 1 
-2.23837, 0.51400, 1 
-2.23837, 0.63497, 1 
-1.61466, 0.99278, 1 
-0.13789, 1.14637, 1 
-1.58230, 1.32573, 1 
-1.01223, 1.46680, 1 
-1.47449, 1.89072, 1 
1.41987, 1.85214, 1 
1.56449, 1.96791, 1 
1.10447, 1.98078, 1 
-0.68604, 1.87786, 1 
1.50807, 1.86500, 1 
1.49547, 1.78785, 1 
1.38205, 1.73644, 1 
1.35684, 1.68505, 1 
1.27461, 1.63367, 1 
1.35684, 1.58230, 1 
0.47840, 0.50635, 1 
0.41398, 0.44157, 1 
0.32264, 0.34980, 1 
-0.18310, -0.18310, 1 
-0.18310, -0.18310, 1 
0.00000, 0.00000, 1 
0.00000, 0.00000, 1 
0.00000, 0.00000, 1 
0.00000, 0.00000, 1 
0.00000, 0.00000, 1 
0.00000, 0.00000, 1 
0.00000, 0.00000, 1 
0.24263
0.00000, 0.00000, 1 
0.00000, 0.00000, 1 
0.00000, 0.00000, 1 
0.00000, 0.00000, 1 
0.00000, 0.00000, 1 
0.00000, 0.00000, 1 
0.00000, 0.00000, 1 
0.00000, 0.00000, 1 
-0.18310, -0.18310, 1 
0.59955, 0.62833, 1 
0.49462, 0.52268, 1 
0.30437, 0.33145, 1 
-0.08394, -0.05746, 1 
-2.11932, -1.84429, 1 
-2.14199, -1.32153, 1 
-2.13529, -1.55492, 1 
-2.22239, 0.22089, 1 
-2.20641, 0.34164, 1 
-2.23837, 0.45024, 1 
-2.30954, 1.06341, 1 
-2.31934, 1.35496, 1 
-2.31263, 1.31650, 1 
-2.22239, 1.46372, 1 
-2.09665, 1.59514, 1 
-1.50529, 1.05061, 1 
-0.15418, 1.77500, 1 
0.39217, 2.02918, 1 
0.17334, 0.42780, 1 
-2.05184, -0.54786, 1 
-2.05184, 0.34164, 1 
-2.12601, 1.63058, 1 
-2.21930, 0.52370, 1 
-2.23219, 0.59668, 1 
-1.48322, 0.97999, 1 
0.23684, 1.10796, 1 
-1.23602, 1.32573, 1 
-0.90019, 1.47347, 1 
-1.08901, 1.53763, 1 
1.44507, 1.85882, 1 
1.56751, 1.95504, 1 
1.37550, 1.97460, 1 
-0.71158, 1.87168, 1 
1.52671, 1.86500, 1 
1.23676, 1.78785, 1 
1.40071, 1.73644, 1 
1.33767, 1.69789, 1 
1.28420, 1.63367, 1 
1.36289, 1.59514, 1 
0.47789, 0.50584, 1 
0.41398, 0.44157, 1 
0.32264, 0.34980, 1 
-0.18310, -0.18310, 1 
-0.18310, -0.18310, 1 
0.00000, 0.00000, 1 
0.00000, 0.00000, 1 
0.00000, 0.00000, 1 
0.00000, 0.00000, 1 
0.00000, 0.00000, 1 
0.00000, 0.00000, 1 
0.00000, 0.00000, 1 
0.24878
0.00000, 0.00000, 1 
0.00000, 0.00000, 1 
0.00000, 0.00000, 1 
0.00000, 0.00000, 1 
0.00000, 0.00000, 1 
0.00000, 0.00000, 1 
0.00000, 0.00000, 1 
0.00000, 0.00000, 1 
-0.18310, -0.18310, 1 
0.60056, 0.62935, 1 
0.49462, 0.52268, 1 
0.30437, 0.33145, 1 
-0.03764, -0.01119, 1 
-2.09665, -1.92321, 1 
-2.09665, -1.41533, 1 
-2.14817, -1.49094, 1 
-2.19971, 0.20154, 1 
-2.19971, 0.30342, 1 
-2.22548, 0.48186, 1 
-2.30283, 1.17198, 1 
-2.30283, 1.37701, 1 
-2.30283, 1.50529, 1 
-2.22548, 1.65935, 1 
-2.09665, 1.78785, 1 
-1.63367, 0.91604, 1 
-0.15062, 1.91645, 1 
0.15454, 1.99365, 1 
0.00203, 0.02798, 1 
-2.04514, -0.71251, 1 
-2.04514, 0.40536, 1 
-2.09665, 2.01940, 1 
-2.19971, 0.53288, 1 
-2.22548, 0.55840, 1 
-1.35137, 0.96720, 1 
0.65427, 1.37701, 1 
-0.89047, 1.32573, 1 
-0.78822, 1.47963, 1 
-0.68604, 1.53096, 1 
1.47027, 1.86500, 1 
1.57104, 1.94218, 1 
1.64657, 1.96791, 1 
-0.71158, 1.86500, 1 
1.54585, 1.86500, 1 
1.44507, 1.78785, 1 
1.45616, 1.73644, 1 
1.47027, 1.68505, 1 
1.29378, 1.63367, 1 
1.36945, 1.60798, 1 
0.47738, 0.50533, 1 
0.41297, 0.44055, 1 
0.32315, 0.35031, 1 
-0.18310, -0.18310, 1 
-0.18310, -0.18310, 1 
0.00000, 0.00000, 1 
0.00000, 0.00000, 1 
0.00000, 0.00000, 1 
0.00000, 0.00000, 1 
0.00000, 0.00000, 1 
0.00000, 0.00000, 1 
0.00000, 0.00000, 1 
0.25486
0.00000, 0.00000, 1 
0.00000, 0.00000, 1 
0.00000, 0.00000, 1 
0.00000, 0.00000, 1 
0.00000, 0.00000, 1 
0.00000, 0.00000, 1 
0.00000, 0.00000, 1 
0.00000, 0.00000, 1 
-0.18310, -0.18310, 1 
0.60158, 0.63038, 1 
0.49462, 0.52268, 1 
0.30437, 0.33145, 1 
0.00865, 0.03510, 1 
-1.74312, -1.69892, 1 
-2.09665, -1.01251, 1 
-2.12241, -1.08830, 1 
-2.18682, 0.37987, 1 
-2.18682, 0.55840, 1 
-2.22548, 0.86490, 1 
-2.30283, 1.37701, 1 
-2.30283, 1.45397, 1 
-2.30283, 1.46680, 1 
-2.25126, 1.60798, 1 
-2.10953, 1.65935, 1 
-1.65935, 1.17198, 1 
-0.35438, 1.92931, 1 
0.25613, 2.00652, 1 
0.21804, 0.24432, 1 
-2.03227, -0.73783, 1 
-2.04514, 0.35438, 1 
-2.07089, 1.64651, 1 
-1.77654, 0.50737, 1 
-2.19971, 0.53288, 1 
-1.42831, 0.97999, 1 
0.67453, 1.06955, 1 
-1.22321, 1.32573, 1 
-0.53288, 1.47963, 1 
-0.26673, 1.54379, 1 
1.08830, 1.81356, 1 
1.25594, 1.94218, 1 
1.25442, 1.94218, 1 
-0.69881, 1.86500, 1 
1.14084, 1.85214, 1 
1.48287, 1.78785, 1 
1.04132, 1.73644, 1 
1.14235, 1.69789, 1 
1.26855, 1.62082, 1 
1.38205, 1.58230, 1 
0.47688, 0.50482, 1 
0.41297, 0.44055, 1 
0.32366, 0.35081, 1 
-0.18310, -0.18310, 1 
-0.18310, -0.18310, 1 
0.00000, 0.00000, 1 
0.00000, 0.00000, 1 
0.00000, 0.00000, 1 
0.00000, 0.00000, 1 
0.00000, 0.00000, 1 
0.00000, 0.00000, 1 
0.00000, 0.00000, 1 
0.26086
0.00000, 0.00000, 1 
0.00000, 0.00000, 1 
0.00000, 0.00000, 1 
0.00000, 0.00000, 1 
0.00000, 0.00000, 1 
0.00000, 0.00000, 1 
0.00000, 0.00000, 1 
0.00000, 0.00000, 1 
-0.18310, -0.18310, 1 
0.60259, 0.63140, 1 
0.49462, 0.52268, 1 
0.30437, 0.33145, 1 
0.05543, 0.08191, 1 
-1.32573, -1.28924, 1 
-2.09665, -0.60867, 1 
-2.09665, -0.68466, 1 
-2.17394, 0.55840, 1 
-2.17394, 0.81378, 1 
-2.22548, 1.22321, 1 
-2.30283, 1.58230, 1 
-2.30283, 1.53096, 1 
-2.30283, 1.42831, 1 
-2.27705, 1.55663, 1 
-2.12241, 1.53096, 1 
-1.68505, 1.42831, 1 
-0.55840, 1.94218, 1 
0.12913, 1.99365, 1 
0.43377, 0.46095, 1 
-2.01940, -0.73783, 1 
-2.04514, 0.37987, 1 
-2.04514, 1.27446, 1 
-1.35393, 0.48186, 1 
-2.17394, 0.50737, 1 
-1.50529, 0.99278, 1 
0.73783, 1.06955, 1 
-1.55663, 1.32573, 1 
-0.27794, 1.47963, 1 
0.15200, 1.55663, 1 
0.70542, 1.76214, 1 
0.94022, 1.94218, 1 
0.86182, 1.91645, 1 
-0.66050, 1.86500, 1 
0.73530, 1.83928, 1 
1.52066, 1.78785, 1 
0.66187, 1.73644, 1 
0.96550, 1.68505, 1 
1.24332, 1.60798, 1 
1.39466, 1.55663, 1 
0.47637, 0.50431, 1 
0.41195, 0.43953, 1 
0.32416, 0.35132, 1 
-0.18310, -0.18310, 1 
-0.18310, -0.18310, 1 
0.00000, 0.00000, 1 
0.00000, 0.00000, 1 
0.00000, 0.00000, 1 
0.00000, 0.00000, 1 
0.00000, 0.00000, 1 
0.00000, 0.00000, 1 
0.00000, 0.00000, 1 
0.26677
0.00000, 0.00000, 1 
0.00000, 0.00000, 1 
0.00000, 0.00000, 1 
0.00000, 0.00000, 1 
0.00000, 0.00000, 1 
0.00000, 0.00000, 1 
0.00000, 0.00000, 1 
0.00000, 0.00000, 1 
-0.18310, -0.18310, 1 
0.60310, 0.63191, 1 
0.49462, 0.52268, 1 
0.30437, 0.33145, 1 
0.10169, 0.12822, 1 
-0.96720, -0.93567, 1 
-2.09665, -0.19112, 1 
-2.09665, -0.26730, 1 
-2.17394, 0.58392, 1 
-2.17394, 1.01837, 1 
-2.22548, 1.41549, 1 
-2.28994, 1.59514, 1 
-2.30283, 1.53096, 1 
-2.30283, 1.44114, 1 
-2.28994, 1.56947, 1 
-2.13529, 1.46680, 1 
-1.86500, 1.71074, 1 
-0.44361, 1.98078, 1 
0.10372, 2.00652, 1 
0.53518, 0.70136, 1 
-1.64651, -0.76314, 1 
-2.05802, 0.20154, 1 
-2.07089, 0.86490, 1 
-0.93241, 0.48186, 1 
-2.17394, 0.52013, 1 
-1.60798, 0.97999, 1 
1.01605, 1.20015, 1 
-1.91645, 1.32573, 1 
-0.06155, 1.50529, 1 
0.56965, 1.74929, 1 
0.28812, 1.83928, 1 
0.57320, 1.94218, 1 
0.44493, 1.92931, 1 
-0.36713, 1.86500, 1 
0.33076, 1.85214, 1 
1.24332, 1.80071, 1 
0.78845, 1.73644, 1 
1.18022, 1.69789, 1 
1.24332, 1.60798, 1 
1.39466, 1.54379, 1 
0.47586, 0.50380, 1 
0.41195, 0.43953, 1 
0.32467, 0.35183, 1 
-0.18310, -0.18310, 1 
-0.18310, -0.18310, 1 
0.00000, 0.00000, 1 
0.00000, 0.00000, 1 
0.00000, 0.00000, 1 
0.00000, 0.00000, 1 
0.00000, 0.00000, 1 
0.00000, 0.00000, 1 
0.00000, 0.00000, 1 
0.27259
0.00000, 0.00000, 1 
0.00000, 0.00000, 1 
0.00000, 0.00000, 1 
0.00000, 0.00000, 1 
0.00000, 0.00000, 1 
0.00000, 0.00000, 1 
0.00000, 0.00000, 1 
0.00000, 0.00000, 1 
-0.18310, -0.18310, 1 
0.60411, 0.63293, 1 
0.49462, 0.52268, 1 
0.30437, 0.33145, 1 
0.14794, 0.17455, 1 
-0.60944, -0.58131, 1 
-2.09665, 0.22700, 1 
-2.09665, 0.15062, 1 
-2.17394, 0.60944, 1 
-2.17394, 1.22321, 1 
-2.22548, 1.60798, 1 
-2.27705, 1.60798, 1 
-2.30283, 1.53096, 1 
-2.30283, 1.45397, 1 
-2.30283, 1.58230, 1 
-2.14817, 1.40266, 1 
-2.04514, 1.99365, 1 
-0.32890, 2.01940, 1 
0.07831, 2.01940, 1 
0.63654, 0.94162, 1 
-1.27446, -0.78845, 1 
-2.07089, 0.02340, 1 
-2.09665, 0.45636, 1 
-0.51196, 0.48186, 1 
-2.17394, 0.53288, 1 
-1.71074, 0.96720, 1 
1.29378, 1.33035, 1 
-2.27705, 1.32573, 1 
0.15454, 1.53096, 1 
0.98622, 1.94218, 1 
-0.12975, 1.91645, 1 
0.20535, 1.94218, 1 
0.02746, 1.94218, 1 
-0.07428, 1.86500, 1 
-0.07428, 1.86500, 1 
0.96550, 1.81356, 1 
0.91493, 1.73644, 1 
1.39466, 1.71074, 1 
1.24332, 1.60798, 1 
1.39466, 1.53096, 1 
0.47536, 0.50329, 1 
0.41145, 0.43902, 1 
0.32467, 0.35183, 1 
-0.18310, -0.18310, 1 
-0.18310, -0.18310, 1 
0.00000, 0.00000, 1 
0.00000, 0.00000, 1 
0.00000, 0.00000, 1 
0.00000, 0.00000, 1 
0.00000, 0.00000, 1 
0.00000, 0.00000, 1 
0.00000, 0.00000, 1 
0.27832
0.00000, 0.00000, 1 
0.00000, 0.00000, 1 
0.00000, 0.00000, 1 
0.00000, 0.00000, 1 
0.00000, 0.00000, 1 
0.00000, 0.00000, 1 
0.00000, 0.00000, 1 
0.00000, 0.00000, 1 
-0.18310, -0.18310, 1 
0.60513, 0.63395, 1 
0.49462, 0.52268, 1 
0.30437, 0.33145, 1 
0.19468, 0.22140, 1 
-0.37987, -0.23074, 1 
-2.09665, 0.60944, 1 
-2.09665, 0.50737, 1 
-2.17394, 0.42168, 1 
-2.17394, 1.23756, 1 
-2.22548, 1.18632, 1 
-2.27705, 1.60798, 1 
-2.30283, 1.50529, 1 
-2.30283, 1.40266, 1 
-2.30283, 1.58230, 1 
-2.17394, 1.22321, 1 
-2.07089, 1.96791, 1 
-0.71158, 2.01940, 1 
0.05289, 1.59668, 1 
0.43377, 1.01837, 1 
-0.85365, -0.73783, 1 
-2.04514, 0.32890, 1 
-2.07089, 0.48186, 1 
-0.09310, 0.87922, 1 
-2.14817, 0.50737, 1 
-1.94218, 1.04396, 1 
0.96550, 1.73644, 1 
-1.91645, 1.40266, 1 
0.56053, 1.55663, 1 
1.16760, 1.86500, 1 
-0.52370, 1.86500, 1 
-0.16488, 1.94218, 1 
-0.04883, 1.94218, 1 
0.34345, 1.86500, 1 
-0.45636, 1.86500, 1 
1.09184, 1.81356, 1 
0.81375, 1.73644, 1 
1.41987, 1.71074, 1 
1.24332, 1.60798, 1 
1.41987, 1.53096, 1 
0.47485, 0.50278, 1 
0.41094, 0.43851, 1 
0.32518, 0.35234, 1 
-0.18310, -0.18310, 1 
-0.18310, -0.18310, 1 
0.00000, 0.00000, 1 
0.00000, 0.00000, 1 
0.00000, 0.00000, 1 
0.00000, 0.00000, 1 
0.00000, 0.00000, 1 
0.00000, 0.00000, 1 
0.00000, 0.00000, 1 
0.28396
0.00000, 0.00000, 1 
0.00000, 0.00000, 1 
0.00000, 0.00000, 1 
0.00000, 0.00000, 1 
0.00000, 0.00000, 1 
0.00000, 0.00000, 1 
0.00000, 0.00000, 1 
0.00000, 0.00000, 1 
-0.18310, -0.18310, 1 
0.60614, 0.63497, 1 
0.49462, 0.52268, 1 
0.30437, 0.33145, 1 
0.50984, 0.53748, 1 
-0.22700, 0.17608, 1 
-2.07089, 0.66050, 1 
-2.09665, 0.12517, 1 
-2.14817, 0.84189, 1 
-2.17394, 1.65935, 1 
-2.22548, 0.78822, 1 
-2.27705, 1.60798, 1 
-2.30283, 1.53096, 1 
-2.30283, 1.42831, 1 
-2.30283, 1.65935, 1 
-2.22548, 1.12076, 1 
-2.09665, 2.01940, 1 
-0.78822, 2.04514, 1 
-0.04883, 1.17454, 1 
0.43377, 1.17454, 1 
-0.43341, -0.35766, 1 
-2.07089, 0.27794, 1 
-2.12241, 0.48186, 1 
0.32518, 1.27446, 1 
-2.19971, 0.48186, 1 
-2.19971, 1.04396, 1 
0.76314, 2.01940, 1 
-2.27705, 1.37701, 1 
0.97662, 1.37701, 1 
1.26855, 1.55663, 1 
-0.89047, 1.81356, 1 
-0.53288, 1.94218, 1 
-0.15062, 1.91645, 1 
0.76061, 1.86500, 1 
-0.53288, 1.86500, 1 
1.49547, 1.81356, 1 
0.96550, 1.73644, 1 
1.41987, 1.73644, 1 
1.31901, 1.60798, 1 
1.41987, 1.55663, 1 
0.47434, 0.50227, 1 
0.41043, 0.43800, 1 
0.32569, 0.35285, 1 
-0.18310, -0.18310, 1 
-0.18310, -0.18310, 1 
0.00000, 0.00000, 1 
0.00000, 0.00000, 1 
0.00000, 0.00000, 1 
0.00000, 0.00000, 1 
0.00000, 0.00000, 1 
0.00000, 0.00000, 1 
0.00000, 0.00000, 1 
0.28952
0.00000, 0.00000, 1 
0.00000, 0.00000, 1 
0.00000, 0.00000, 1 
0.00000, 0.00000, 1 
0.00000, 0.00000, 1 
0.00000, 0.00000, 1 
0.00000, 0.00000, 1 
0.00000, 0.00000, 1 
-0.18310, -0.18310, 1 
0.60665, 0.63548, 1 
0.49462, 0.52268, 1 
0.30437, 0.33145, 1 
0.29421, 0.36968, 1 
0.07831, 0.55840, 1 
-1.64805, 0.63497, 1 
-2.09665, 0.12517, 1 
-2.17394, 1.23756, 1 
-2.19971, 1.68505, 1 
-2.22548, 0.36866, 1 
-2.30283, 1.60798, 1 
-2.30283, 1.53096, 1 
-2.30283, 1.17198, 1 
-2.32862, 1.83928, 1 
-2.22548, 1.22321, 1 
-2.12241, 2.04514, 1 
-0.81378, 2.07089, 1 
0.07831, 1.57101, 1 
0.40840, 1.59668, 1 
-0.01424, 0.01170, 1 
-2.07089, 0.04883, 1 
-2.12241, 0.48186, 1 
0.74238, 1.67374, 1 
-2.17394, 0.08852, 1 
-2.22548, 1.04396, 1 
0.76314, 2.01940, 1 
-2.27705, 1.37701, 1 
0.99077, 1.40266, 1 
1.68281, 1.72667, 1 
-1.30009, 1.94218, 1 
-0.86490, 1.94218, 1 
0.23074, 1.94218, 1 
1.17669, 1.86500, 1 
-0.55840, 1.86500, 1 
1.49547, 1.81356, 1 
1.38054, 1.73644, 1 
1.34423, 1.73644, 1 
1.31901, 1.60798, 1 
1.44507, 1.60798, 1 
0.47434, 0.50227, 1 
0.40992, 0.43749, 1 
0.32620, 0.35336, 1 
-0.18310, -0.18310, 1 
-0.18310, -0.18310, 1 
0.00000, 0.00000, 1 
0.00000, 0.00000, 1 
0.00000, 0.00000, 1 
0.00000, 0.00000, 1 
0.00000, 0.00000, 1 
0.00000, 0.00000, 1 
0.00000, 0.00000, 1 
0.29498
0.00000, 0.00000, 1 
0.00000, 0.00000, 1 
0.00000, 0.00000, 1 
0.00000, 0.00000, 1 
0.00000, 0.00000, 1 
0.00000, 0.00000, 1 
0.00000, 0.00000, 1 
0.00000, 0.00000, 1 
-0.18310, -0.18310, 1 
0.60766, 0.63650, 1 
0.49462, 0.52268, 1 
0.30437, 0.33145, 1 
0.07831, 0.20154, 1 
0.07831, 0.71158, 1 
-1.25140, 0.25400, 1 
-2.09665, 0.12517, 1 
-2.12241, 1.65935, 1 
-2.17394, 1.63367, 1 
-2.22548, 0.22700, 1 
-2.27705, 1.55663, 1 
-2.30283, 1.47963, 1 
-2.30283, 0.96720, 1 
-2.32862, 1.91645, 1 
-2.27705, 1.42831, 1 
-2.14817, 2.01940, 1 
-0.94162, 2.01940, 1 
-0.04883, 1.99365, 1 
0.40840, 2.01940, 1 
0.40384, 0.43086, 1 
-2.04514, -0.00203, 1 
-2.12241, 0.45636, 1 
1.15851, 2.09665, 1 
-2.19971, -0.30437, 1 
-2.17394, 1.01837, 1 
0.58587, 1.96791, 1 
-2.25126, 1.37701, 1 
1.01605, 1.37701, 1 
1.74722, 1.79248, 1 
-1.47963, 1.96791, 1 
-1.06955, 1.94218, 1 
0.63198, 1.94218, 1 
1.59169, 1.89072, 1 
-0.50737, 1.86500, 1 
1.52066, 1.81356, 1 
1.01605, 1.76214, 1 
1.29378, 1.71074, 1 
1.36945, 1.60798, 1 
1.64657, 1.68967, 1 
0.47383, 0.50176, 1 
0.40942, 0.43698, 1 
0.32670, 0.35387, 1 
-0.18310, -0.18310, 1 
-0.18310, -0.18310, 1 
0.00000, 0.00000, 1 
0.00000, 0.00000, 1 
0.00000, 0.00000, 1 
0.00000, 0.00000, 1 
0.00000, 0.00000, 1 
0.00000, 0.00000, 1 
0.00000, 0.00000, 1 
0.30037
0.00000, 0.00000, 1 
0.00000, 0.00000, 1 
0.00000, 0.00000, 1 
0.00000, 0.00000, 1 
0.00000, 0.00000, 1 
0.00000, 0.00000, 1 
0.00000, 0.00000, 1 
0.00000, 0.00000, 1 
-0.18310, -0.18310, 1 
0.60867, 0.63752, 1 
0.49462, 0.52268, 1 
0.30437, 0.33145, 1 
0.10372, 0.22700, 1 
0.05289, 0.58392, 1 
-0.83014, 0.15062, 1 
-2.09665, 0.13789, 1 
-2.13529, 1.25037, 1 
-2.17394, 1.22475, 1 
-2.22548, 0.17608, 1 
-2.27705, 1.13510, 1 
-2.30283, 1.05829, 1 
-2.30283, 0.54717, 1 
-2.35442, 1.51966, 1 
-2.30283, 1.00711, 1 
-2.17394, 1.68505, 1 
-1.16071, 1.59668, 1 
-0.09972, 1.57101, 1 
0.38303, 2.07089, 1 
0.68719, 0.81378, 1 
-2.07089, 0.02340, 1 
-2.12241, 0.45636, 1 
1.26855, 2.12241, 1 
-2.17394, 0.08852, 1 
-1.75083, 1.01837, 1 
0.53518, 1.54533, 1 
-1.86500, 1.40266, 1 
1.04132, 1.55663, 1 
1.77237, 1.86500, 1 
-1.47963, 1.94218, 1 
-0.99278, 1.94218, 1 
0.21449, 1.91645, 1 
1.59622, 1.86500, 1 
-0.53288, 1.86500, 1 
1.52066, 1.81356, 1 
1.39466, 1.73644, 1 
1.31901, 1.73644, 1 
1.36945, 1.60798, 1 
1.69690, 1.74107, 1 
0.47333, 0.50125, 1 
0.40891, 0.43647, 1 
0.32670, 0.35387, 1 
-0.18310, -0.18310, 1 
-0.18310, -0.18310, 1 
0.00000, 0.00000, 1 
0.00000, 0.00000, 1 
0.00000, 0.00000, 1 
0.00000, 0.00000, 1 
0.00000, 0.00000, 1 
0.00000, 0.00000, 1 
0.00000, 0.00000, 1 
0.30569
0.00000, 0.00000, 1 
0.00000, 0.00000, 1 
0.00000, 0.00000, 1 
0.00000, 0.00000, 1 
0.00000, 0.00000, 1 
0.00000, 0.00000, 1 
0.00000, 0.00000, 1 
0.00000, 0.00000, 1 
-0.18310, -0.18310, 1 
0.60969, 0.63855, 1 
0.49462, 0.52268, 1 
0.71251, 0.74172, 1 
0.12913, 0.43086, 1 
0.05289, 0.20154, 1 
-0.50992, 0.15062, 1 
-2.09665, 0.15062, 1 
-2.09665, 0.82911, 1 
-2.17394, 0.80356, 1 
-2.22548, 0.15062, 1 
-2.27705, 0.71413, 1 
-2.30283, 0.63752, 1 
-2.32862, 0.12771, 1 
-2.35442, 1.09771, 1 
-2.35442, 0.58647, 1 
-2.14817, 1.32573, 1 
-1.55663, 1.17454, 1 
-0.12517, 1.20015, 1 
0.38303, 2.07089, 1 
0.66187, 1.19759, 1 
-1.68505, -0.05289, 1 
-2.12241, 0.37987, 1 
1.26855, 2.12241, 1 
-2.17394, 0.48186, 1 
-1.32829, 1.01837, 1 
0.50984, 1.12332, 1 
-1.45397, 1.37701, 1 
0.96550, 1.40266, 1 
1.77237, 1.81819, 1 
-1.46834, 1.99365, 1 
-0.91604, 1.94218, 1 
-0.15062, 1.94218, 1 
1.59622, 1.86500, 1 
-0.58392, 1.86500, 1 
1.49547, 1.81356, 1 
1.47027, 1.76214, 1 
1.36945, 1.73644, 1 
1.39466, 1.60798, 1 
1.74722, 1.79248, 1 
0.47282, 0.50074, 1 
0.40840, 0.43596, 1 
0.32721, 0.35438, 1 
-0.18310, -0.18310, 1 
-0.18310, -0.18310, 1 
0.00000, 0.00000, 1 
0.00000, 0.00000, 1 
0.00000, 0.00000, 1 
0.00000, 0.00000, 1 
0.00000, 0.00000, 1 
0.00000, 0.00000, 1 
0.00000, 0.00000, 1 
0.31095
0.00000, 0.00000, 1 
0.00000, 0.00000, 1 
0.00000, 0.00000, 1 
0.00000, 0.00000, 1 
0.00000, 0.00000, 1 
0.00000, 0.00000, 1 
0.00000, 0.00000, 1 
0.00000, 0.00000, 1 
-0.18310, -0.18310, 1 
0.61070, 0.63957, 1 
0.49462, 0.52268, 1 
0.64920, 0.67787, 1 
0.12913, 0.78822, 1 
0.02746, 0.20154, 1 
-0.93036, 0.17608, 1 
-1.90358, 0.17608, 1 
-2.16105, 0.47064, 1 
-2.17394, 0.40893, 1 
-2.22548, -0.05289, 1 
-2.28994, 0.45789, 1 
-2.30283, 0.26673, 1 
-2.32862, -0.23988, 1 
-2.35442, 0.72588, 1 
-2.35442, 0.22853, 1 
-2.21260, 1.12076, 1 
-1.58230, 1.08389, 1 
-0.21427, 1.62237, 1 
0.38303, 2.05802, 1 
0.68719, 1.17198, 1 
-1.30009, -0.09762, 1 
-2.09665, 0.36713, 1 
1.26855, 2.09665, 1 
-2.16105, 0.52013, 1 
-0.98357, 0.99278, 1 
0.43377, 1.09669, 1 
-1.17198, 1.37701, 1 
0.96550, 1.41549, 1 
1.39466, 1.60798, 1 
-1.89072, 1.99365, 1 
-1.06955, 1.95504, 1 
-0.17760, 1.92931, 1 
1.59622, 1.86500, 1 
-0.20154, 1.86500, 1 
1.47027, 1.81356, 1 
1.39466, 1.73644, 1 
1.35684, 1.73644, 1 
1.40726, 1.62082, 1 
1.68432, 1.72822, 1 
0.47231, 0.50023, 1 
0.40840, 0.43596, 1 
0.32772, 0.35489, 1 
-0.18310, -0.18310, 1 
-0.18310, -0.18310, 1 
0.00000, 0.00000, 1 
0.00000, 0.00000, 1 
0.00000, 0.00000, 1 
0.00000, 0.00000, 1 
0.00000, 0.00000, 1 
0.00000, 0.00000, 1 
0.00000, 0.00000, 1 
0.31616
0.00000, 0.00000, 1 
0.00000, 0.00000, 1 
0.00000, 0.00000, 1 
0.00000, 0.00000, 1 
0.00000, 0.00000, 1 
0.00000, 0.00000, 1 
0.00000, 0.00000, 1 
0.00000, 0.00000, 1 
-0.18310, -0.18310, 1 
0.61121, 0.64008, 1 
0.49462, 0.52268, 1 
0.68719, 0.71618, 1 
0.12913, 0.78822, 1 
0.02746, 0.20154, 1 
-1.35137, 0.17608, 1 
-1.71074, 0.20154, 1 
-2.17394, 0.09972, 1 
-2.17394, 0.00254, 1 
-2.19971, -0.25156, 1 
-2.27705, 0.17608, 1 
-2.30283, -0.12913, 1 
-2.32862, -0.63198, 1 
-2.35442, 0.32890, 1 
-2.35442, -0.15454, 1 
-2.30283, 0.83934, 1 
-1.58230, 0.94162, 1 
-0.35438, 2.04514, 1 
0.38303, 2.07089, 1 
0.68719, 1.12076, 1 
-0.91604, 0.32074, 1 
-2.09665, 0.35438, 1 
1.26855, 2.09665, 1 
-2.14817, 0.53288, 1 
-0.56299, 0.99278, 1 
0.40840, 1.04396, 1 
-0.86490, 1.37701, 1 
0.94022, 1.42831, 1 
1.21809, 1.63367, 1 
-2.27705, 1.99365, 1 
-1.14637, 1.94218, 1 
-0.12517, 1.91645, 1 
1.59622, 1.86500, 1 
0.20535, 1.86500, 1 
1.47027, 1.81356, 1 
1.31901, 1.73644, 1 
1.36945, 1.73644, 1 
1.44507, 1.60798, 1 
1.69690, 1.74107, 1 
0.47181, 0.49972, 1 
0.40790, 0.43545, 1 
0.32823, 0.35540, 1 
-0.18310, -0.18310, 1 
-0.18310, -0.18310, 1 
0.00000, 0.00000, 1 
0.00000, 0.00000, 1 
0.00000, 0.00000, 1 
0.00000, 0.00000, 1 
0.00000, 0.00000, 1 
0.00000, 0.00000, 1 
0.00000, 0.00000, 1 
0.32129
0.00000, 0.00000, 1 
0.00000, 0.00000, 1 
0.00000, 0.00000, 1 
0.00000, 0.00000, 1 
0.00000, 0.00000, 1 
0.00000, 0.00000, 1 
0.00000, 0.00000, 1 
0.00000, 0.00000, 1 
-0.18310, -0.18310, 1 
0.61222, 0.64110, 1 
0.49462, 0.52268, 1 
0.73783, 0.76727, 1 
0.12913, 0.78822, 1 
0.00203, 0.20154, 1 
-1.27446, 0.22700, 1 
-1.60798, 0.15062, 1 
-2.14817, -0.31807, 1 
-2.17394, -0.41500, 1 
-2.22548, -0.66845, 1 
-2.27705, -0.23074, 1 
-2.30283, 0.25247, 1 
-2.35442, -1.01605, 1 
-2.35442, -0.08949, 1 
-2.35442, -0.45913, 1 
-2.22548, 0.50737, 1 
-1.60798, 0.66050, 1 
-0.12517, 2.09665, 1 
0.35766, 2.09665, 1 
0.63654, 1.30009, 1 
-0.49615, 0.72793, 1 
-2.12241, 0.32890, 1 
1.26855, 2.09665, 1 
-2.17394, 0.53288, 1 
-0.15317, 0.99278, 1 
0.45913, 1.04396, 1 
-0.44514, 1.37701, 1 
0.88964, 1.40266, 1 
1.21809, 1.63367, 1 
-1.91645, 1.99365, 1 
-1.01837, 1.94218, 1 
-0.20154, 1.91645, 1 
1.47027, 1.86500, 1 
0.62235, 1.86500, 1 
1.38054, 1.81356, 1 
1.31901, 1.76214, 1 
1.34423, 1.73644, 1 
1.47027, 1.60798, 1 
1.49346, 1.53404, 1 
0.47130, 0.49921, 1 
0.40739, 0.43494, 1 
0.32823, 0.35540, 1 
-0.18310, -0.18310, 1 
-0.18310, -0.18310, 1 
0.00000, 0.00000, 1 
0.00000, 0.00000, 1 
0.00000, 0.00000, 1 
0.00000, 0.00000, 1 
0.00000, 0.00000, 1 
0.00000, 0.00000, 1 
0.00000, 0.00000, 1 
0.32637
0.00000, 0.00000, 1 
0.00000, 0.00000, 1 
0.00000, 0.00000, 1 
0.00000, 0.00000, 1 
0.00000, 0.00000, 1 
0.00000, 0.00000, 1 
0.00000, 0.00000, 1 
0.00000, 0.00000, 1 
-0.18310, -0.18310, 1 
0.61323, 0.64212, 1 
0.49462, 0.52268, 1 
0.63654, 0.66510, 1 
0.12913, 0.50737, 1 
0.02746, 0.20154, 1 
-1.22321, 0.27794, 1 
-1.53096, 0.12517, 1 
-2.12241, -0.73530, 1 
-2.17394, -0.83197, 1 
-2.22548, -1.08477, 1 
-2.22548, -0.61121, 1 
-2.30283, 0.25247, 1 
-2.30283, -1.09184, 1 
-2.35442, -0.50730, 1 
-2.35442, -0.53518, 1 
-2.32862, 0.22700, 1 
-1.65935, 0.40536, 1 
-0.35438, 2.09665, 1 
0.07831, 2.07089, 1 
0.66187, 1.50529, 1 
-0.07682, 1.14893, 1 
-2.12241, 0.32890, 1 
1.26855, 2.09665, 1 
-2.17394, 0.53288, 1 
0.26527, 0.99278, 1 
0.45913, 1.04396, 1 
-0.05138, 1.37701, 1 
0.91493, 1.40266, 1 
1.14235, 1.63367, 1 
-1.58230, 1.99365, 1 
-0.94162, 1.94218, 1 
-0.32890, 1.91645, 1 
1.08932, 1.86500, 1 
0.66187, 1.86500, 1 
0.96550, 1.81356, 1 
1.31901, 1.78785, 1 
1.41987, 1.73644, 1 
1.47027, 1.65935, 1 
1.48136, 1.52172, 1 
0.47079, 0.49870, 1 
0.40688, 0.43443, 1 
0.32873, 0.35591, 1 
-0.18310, -0.18310, 1 
-0.18310, -0.18310, 1 
0.00000, 0.00000, 1 
0.00000, 0.00000, 1 
0.00000, 0.00000, 1 
0.00000, 0.00000, 1 
0.00000, 0.00000, 1 
0.00000, 0.00000, 1 
0.00000, 0.00000, 1 
0.33138
0.00000, 0.00000, 1 
0.00000, 0.00000, 1 
0.00000, 0.00000, 1 
0.00000, 0.00000, 1 
0.00000, 0.00000, 1 
0.00000, 0.00000, 1 
0.00000, 0.00000, 1 
0.00000, 0.00000, 1 
-0.18310, -0.18310, 1 
0.61425, 0.64314, 1 
0.65123, 0.67991, 1 
0.42109, 0.75245, 1 
0.12913, 0.80100, 1 
0.01475, 0.26521, 1 
-1.28728, 0.29068, 1 
-1.50529, 0.13789, 1 
-1.82642, -0.82489, 1 
-2.17394, -1.10093, 1 
-2.21260, -1.50001, 1 
-2.22548, -0.99077, 1 
-2.30283, 0.26521, 1 
-2.32862, -0.94426, 1 
-2.35442, -0.87548, 1 
-2.35442, -0.66187, 1 
-2.23837, 0.02340, 1 
-1.96791, 0.25247, 1 
-0.59668, 2.07089, 1 
0.14184, 2.07089, 1 
0.63654, 1.80071, 1 
0.30538, 1.57101, 1 
-2.10953, 0.25247, 1 
1.21354, 2.12241, 1 
-2.14817, 0.50737, 1 
0.25613, 0.96720, 1 
0.43377, 1.04396, 1 
0.14184, 1.36419, 1 
0.63654, 1.51812, 1 
1.35533, 1.99365, 1 
-1.31291, 1.99365, 1 
-0.91604, 1.96791, 1 
-0.49462, 1.92931, 1 
0.67301, 1.86500, 1 
0.57320, 1.86500, 1 
1.18628, 1.81356, 1 
1.38810, 1.74929, 1 
1.45767, 1.73644, 1 
1.62744, 1.71434, 1 
1.46876, 1.50888, 1 
0.47028, 0.49819, 1 
0.40688, 0.43443, 1 
0.32924, 0.35642, 1 
-0.18310, -0.18310, 1 
-0.18310, -0.18310, 1 
0.00000, 0.00000, 1 
0.00000, 0.00000, 1 
0.00000, 0.00000, 1 
0.00000, 0.00000, 1 
0.00000, 0.00000, 1 
0.00000, 0.00000, 1 
0.00000, 0.00000, 1 
0.33634
0.00000, 0.00000, 1 
0.00000, 0.00000, 1 
0.00000, 0.00000, 1 
0.00000, 0.00000, 1 
0.00000, 0.00000, 1 
0.00000, 0.00000, 1 
0.00000, 0.00000, 1 
0.00000, 0.00000, 1 
-0.18310, -0.18310, 1 
0.61526, 0.64416, 1 
1.06203, 1.09515, 1 
0.20535, 0.83934, 1 
0.12913, 0.38140, 1 
0.05289, 0.25247, 1 
-1.30009, 0.20154, 1 
-1.45397, 0.09972, 1 
-1.47963, -1.24080, 1 
-2.14817, -1.39466, 1 
-2.17394, -1.91416, 1 
-2.22548, -1.40575, 1 
-2.30283, 0.12517, 1 
-2.30283, -0.88964, 1 
-2.35442, -1.26855, 1 
-2.35442, -0.83905, 1 
-2.35442, -0.25613, 1 
-2.27705, 0.02340, 1 
-0.68604, 2.04514, 1 
0.02746, 2.01940, 1 
0.66187, 2.01940, 1 
0.71251, 1.96791, 1 
-2.07089, 0.27794, 1 
1.13326, 2.09665, 1 
-2.09665, 0.48186, 1 
0.28152, 0.94162, 1 
0.48448, 1.04396, 1 
0.38303, 1.37701, 1 
0.83905, 1.60798, 1 
0.96550, 1.99365, 1 
-0.96720, 1.99365, 1 
-0.81378, 1.94218, 1 
-0.58392, 1.91645, 1 
0.28152, 1.86500, 1 
0.68719, 1.86500, 1 
1.11710, 1.81356, 1 
1.41987, 1.76214, 1 
1.49547, 1.73644, 1 
1.72206, 1.76677, 1 
1.45667, 1.49656, 1 
0.46978, 0.49768, 1 
0.40587, 0.43341, 1 
0.32975, 0.35693, 1 
-0.18310, -0.18310, 1 
-0.18310, -0.18310, 1 
0.00000, 0.00000, 1 
0.00000, 0.00000, 1 
0.00000, 0.00000, 1 
0.00000, 0.00000, 1 
0.00000, 0.00000, 1 
0.00000, 0.00000, 1 
0.00000, 0.00000, 1 
0.34128
0.00000, 0.00000, 1 
0.00000, 0.00000, 1 
0.00000, 0.00000, 1 
0.00000, 0.00000, 1 
0.00000, 0.00000, 1 
0.00000, 0.00000, 1 
0.00000, 0.00000, 1 
0.00000, 0.00000, 1 
-0.18310, -0.18310, 1 
0.61577, 0.64467, 1 
1.11710, 1.15098, 1 
0.20535, 0.83934, 1 
0.12913, 0.50737, 1 
0.44493, 0.47217, 1 
-1.19759, 0.15062, 1 
-1.45397, -0.29269, 1 
-1.12076, -1.06658, 1 
-1.75083, -1.36945, 1 
-2.17394, -1.79752, 1 
-2.22548, -1.39466, 1 
-2.30283, -0.26730, 1 
-2.30283, -1.11710, 1 
-2.35442, -1.29378, 1 
-2.35442, -0.83905, 1 
-2.35442, -0.33229, 1 
-2.30283, -0.07831, 1 
-0.43086, 2.09665, 1 
0.10372, 2.04514, 1 
1.05243, 2.01940, 1 
0.68719, 2.01940, 1 
-1.67374, 0.04883, 1 
0.71707, 2.09665, 1 
-2.12241, 0.50737, 1 
0.33229, 0.94162, 1 
0.35766, 1.04396, 1 
0.48448, 1.71074, 1 
0.82489, 1.63367, 1 
0.94022, 1.99365, 1 
-0.58392, 1.99365, 1 
-0.41964, 1.94218, 1 
-0.63497, 1.91645, 1 
-0.03764, 1.86500, 1 
0.71251, 1.86500, 1 
1.24332, 1.81356, 1 
1.44507, 1.78785, 1 
1.52066, 1.73644, 1 
1.74722, 1.79248, 1 
1.44457, 1.48425, 1 
0.46927, 0.49717, 1 
0.40536, 0.43290, 1 
0.33026, 0.35744, 1 
-0.18310, -0.18310, 1 
-0.18310, -0.18310, 1 
0.00000, 0.00000, 1 
0.00000, 0.00000, 1 
0.00000, 0.00000, 1 
0.00000, 0.00000, 1 
0.00000, 0.00000, 1 
0.00000, 0.00000, 1 
0.00000, 0.00000, 1 
0.34625
0.00000, 0.00000, 1 
0.00000, 0.00000, 1 
0.00000, 0.00000, 1 
0.00000, 0.00000, 1 
0.00000, 0.00000, 1 
0.00000, 0.00000, 1 
0.00000, 0.00000, 1 
0.00000, 0.00000, 1 
-0.18310, -0.18310, 1 
0.61678, 0.64569, 1 
1.06658, 1.09976, 1 
0.20535, 0.83934, 1 
0.07831, 0.27794, 1 
0.86182, 0.89251, 1 
-1.19759, 0.15062, 1 
-1.50529, -0.68466, 1 
-1.47963, -1.04132, 1 
-1.32829, -1.26855, 1 
-2.21260, -1.56651, 1 
-2.22548, -1.29378, 1 
-2.27705, -0.68466, 1 
-2.30283, -1.29378, 1 
-2.35442, -1.19284, 1 
-2.35442, -0.83905, 1 
-2.38022, -0.33229, 1 
-2.35442, -0.07831, 1 
-0.68604, 2.07089, 1 
0.10372, 2.04514, 1 
1.36945, 2.09665, 1 
0.71251, 2.12241, 1 
-1.25140, -0.00203, 1 
0.29980, 2.12241, 1 
-2.22548, 0.48186, 1 
0.28152, 0.94162, 1 
0.15200, 1.04396, 1 
0.48448, 1.71074, 1 
0.88964, 1.63367, 1 
0.91493, 1.65935, 1 
-0.30597, 1.99365, 1 
-0.02594, 1.99365, 1 
-0.78822, 1.94218, 1 
-0.45636, 1.94218, 1 
0.73783, 1.86500, 1 
1.29378, 1.81356, 1 
1.47027, 1.81356, 1 
1.52066, 1.73644, 1 
1.69690, 1.74107, 1 
1.43247, 1.47193, 1 
0.46876, 0.49666, 1 
0.40536, 0.43290, 1 
0.33026, 0.35744, 1 
-0.18310, -0.18310, 1 
-0.18310, -0.18310, 1 
0.00000, 0.00000, 1 
0.00000, 0.00000, 1 
0.00000, 0.00000, 1 
0.00000, 0.00000, 1 
0.00000, 0.00000, 1 
0.00000, 0.00000, 1 
0.00000, 0.00000, 1 
0.35127
0.00000, 0.00000, 1 
0.00000, 0.00000, 1 
0.00000, 0.00000, 1 
0.00000, 0.00000, 1 
0.00000, 0.00000, 1 
0.00000, 0.00000, 1 
0.00000, 0.00000, 1 
0.00000, 0.00000, 1 
-0.18310, -0.18310, 1 
0.61779, 0.64672, 1 
0.97814, 1.01018, 1 
0.20535, 0.83934, 1 
0.12913, 0.27794, 1 
1.27764, 1.31394, 1 
-1.19759, 0.20154, 1 
-1.47963, -0.30538, 1 
-1.45397, -1.24332, 1 
-0.94162, -0.91038, 1 
-2.20641, -1.40474, 1 
-2.09665, -1.31901, 1 
-2.27705, -0.96398, 1 
-2.30283, -1.34423, 1 
-2.35442, -1.24332, 1 
-2.35442, -1.06658, 1 
-2.39312, -0.39572, 1 
-2.35442, -0.09101, 1 
-0.71158, 2.07089, 1 
0.02746, 2.04514, 1 
1.02868, 2.05802, 1 
0.71251, 2.09665, 1 
-0.84087, 0.01679, 1 
-0.11855, 2.12241, 1 
-2.17394, 0.46911, 1 
-0.11499, 0.94162, 1 
-0.04883, 1.04396, 1 
0.38303, 1.71074, 1 
0.50984, 1.63367, 1 
0.66187, 1.65935, 1 
-0.68604, 1.99365, 1 
-0.35591, 1.96791, 1 
-0.69881, 1.94218, 1 
-0.09972, 1.90358, 1 
0.76314, 1.86500, 1 
1.34423, 1.81356, 1 
1.50807, 1.81356, 1 
1.54585, 1.67477, 1 
1.68432, 1.72822, 1 
1.42037, 1.45961, 1 
0.46876, 0.49666, 1 
0.40485, 0.43239, 1 
0.33076, 0.35795, 1 
-0.18310, -0.18310, 1 
-0.18310, -0.18310, 1 
0.00000, 0.00000, 1 
0.00000, 0.00000, 1 
0.00000, 0.00000, 1 
0.00000, 0.00000, 1 
0.00000, 0.00000, 1 
0.00000, 0.00000, 1 
0.00000, 0.00000, 1 
0.35632
0.00000, 0.00000, 1 
0.00000, 0.00000, 1 
0.00000, 0.00000, 1 
0.00000, 0.00000, 1 
0.00000, 0.00000, 1 
0.00000, 0.00000, 1 
0.00000, 0.00000, 1 
0.00000, 0.00000, 1 
-0.18310, -0.18310, 1 
0.61881, 0.64774, 1 
0.95134, 0.98306, 1 
0.20535, 0.83934, 1 
0.12913, 0.27794, 1 
1.54585, 1.58693, 1 
-1.17198, 0.17608, 1 
-1.45397, 0.04883, 1 
-1.07109, -0.99077, 1 
-0.58647, -0.55850, 1 
-2.22548, -1.26603, 1 
-1.68505, -1.34423, 1 
-2.27705, -1.29378, 1 
-2.30283, -1.36945, 1 
-2.35442, -1.34423, 1 
-2.35442, -1.29378, 1 
-2.40602, -0.50984, 1 
-2.35442, -0.15454, 1 
-0.73712, 2.07089, 1 
-0.12517, 2.04514, 1 
0.73783, 2.01940, 1 
0.66187, 2.07089, 1 
-0.43086, 0.43545, 1 
-0.53748, 1.81356, 1 
-2.07089, 0.43086, 1 
-0.51196, 0.91604, 1 
-0.25247, 1.04396, 1 
0.20535, 1.73644, 1 
0.30234, 1.63367, 1 
0.41855, 1.65935, 1 
-1.06955, 1.99365, 1 
-0.63497, 1.94218, 1 
-0.55840, 1.94218, 1 
0.30691, 1.86500, 1 
1.06658, 1.86500, 1 
1.44507, 1.81356, 1 
1.54585, 1.78785, 1 
1.62140, 1.66398, 1 
1.60931, 1.65216, 1 
1.40777, 1.44678, 1 
0.46826, 0.49615, 1 
0.40434, 0.43188, 1 
0.33127, 0.35846, 1 
-0.18310, -0.18310, 1 
-0.18310, -0.18310, 1 
0.00000, 0.00000, 1 
0.00000, 0.00000, 1 
0.00000, 0.00000, 1 
0.00000, 0.00000, 1 
0.00000, 0.00000, 1 
0.00000, 0.00000, 1 
0.00000, 0.00000, 1 
0.36140
0.00000, 0.00000, 1 
0.00000, 0.00000, 1 
0.00000, 0.00000, 1 
0.00000, 0.00000, 1 
0.00000, 0.00000, 1 
0.00000, 0.00000, 1 
0.00000, 0.00000, 1 
0.00000, 0.00000, 1 
-0.18310, -0.18310, 1 
0.61931, 0.64825, 1 
0.53518, 0.78822, 1 
0.20535, 0.66050, 1 
0.12913, 0.25247, 1 
1.31144, 1.34829, 1 
-1.19759, 0.15724, 1 
-1.45397, 0.08700, 1 
-1.49246, -0.66035, 1 
-0.50737, -0.47992, 1 
-1.96791, -0.85019, 1 
-1.31445, -1.01251, 1 
-2.27705, -1.23474, 1 
-2.30283, -1.14841, 1 
-2.35442, -1.18022, 1 
-2.35442, -1.11710, 1 
-2.12241, -0.50984, 1 
-1.96946, -0.15454, 1 
-0.77545, 2.08377, 1 
-0.08700, 2.04514, 1 
0.68719, 2.05184, 1 
0.69327, 2.08377, 1 
-0.02085, 0.85570, 1 
-0.95799, 1.40933, 1 
-2.14199, 0.44361, 1 
-0.93241, 0.55840, 1 
-0.32890, 1.38984, 1 
0.10372, 1.71074, 1 
-0.11601, 1.74929, 1 
0.00051, 2.04514, 1 
-1.06341, 1.99365, 1 
-0.67327, 1.94887, 1 
-0.39924, 1.94218, 1 
0.39572, 1.89072, 1 
1.08527, 1.86500, 1 
1.43247, 1.81356, 1 
1.55845, 1.81356, 1 
1.55845, 1.61158, 1 
1.58715, 1.62956, 1 
1.39567, 1.43447, 1 
0.46775, 0.49564, 1 
0.40384, 0.43137, 1 
0.33178, 0.35897, 1 
-0.18310, -0.18310, 1 
-0.18310, -0.18310, 1 
0.00000, 0.00000, 1 
0.00000, 0.00000, 1 
0.00000, 0.00000, 1 
0.00000, 0.00000, 1 
0.00000, 0.00000, 1 
0.00000, 0.00000, 1 
0.00000, 0.00000, 1 
0.36653
0.00000, 0.00000, 1 
0.00000, 0.00000, 1 
0.00000, 0.00000, 1 
0.00000, 0.00000, 1 
0.00000, 0.00000, 1 
0.00000, 0.00000, 1 
0.00000, 0.00000, 1 
0.00000, 0.00000, 1 
-0.18310, -0.18310, 1 
0.62033, 0.64927, 1 
0.50984, 0.66050, 1 
0.20535, 0.81378, 1 
0.07831, 0.27794, 1 
1.59622, 1.73644, 1 
-1.22321, 0.12517, 1 
-1.42831, 0.09972, 1 
-1.47963, -0.36883, 1 
-0.37987, -0.35309, 1 
-1.73644, -0.45659, 1 
-0.89303, -0.86233, 1 
-2.30283, -1.24332, 1 
-2.30283, -0.97814, 1 
-2.35442, -1.06658, 1 
-2.35442, -0.99077, 1 
-2.41892, -0.48448, 1 
-2.39312, -0.16724, 1 
-0.83934, 2.07089, 1 
-0.12517, 2.04514, 1 
0.68719, 2.08377, 1 
0.67453, 2.09665, 1 
0.38862, 1.27703, 1 
-1.37958, 1.00557, 1 
-2.16105, 0.43086, 1 
-1.35393, 0.53288, 1 
-0.35438, 1.76214, 1 
0.01475, 1.89072, 1 
-0.53543, 1.86500, 1 
-0.41811, 2.05802, 1 
-1.00557, 1.99365, 1 
-0.66050, 1.95504, 1 
-0.32890, 1.94218, 1 
0.71251, 1.91645, 1 
1.16760, 1.86500, 1 
1.49547, 1.81356, 1 
1.59622, 1.81356, 1 
1.57104, 1.61261, 1 
1.56499, 1.60696, 1 
1.38357, 1.42216, 1 
0.46724, 0.49513, 1 
0.40333, 0.43086, 1 
0.33229, 0.35948, 1 
-0.18310, -0.18310, 1 
-0.18310, -0.18310, 1 
0.00000, 0.00000, 1 
0.00000, 0.00000, 1 
0.00000, 0.00000, 1 
0.00000, 0.00000, 1 
0.00000, 0.00000, 1 
0.00000, 0.00000, 1 
0.00000, 0.00000, 1 
0.37169
0.00000, 0.00000, 1 
0.00000, 0.00000, 1 
0.00000, 0.00000, 1 
0.00000, 0.00000, 1 
0.00000, 0.00000, 1 
0.00000, 0.00000, 1 
0.00000, 0.00000, 1 
0.00000, 0.00000, 1 
-0.18310, -0.18310, 1 
0.88964, 0.92064, 1 
0.50984, 0.83934, 1 
0.20535, 0.41964, 1 
0.10372, 0.30342, 1 
1.59471, 1.63675, 1 
-1.19759, 0.12517, 1 
-1.03270, 0.04883, 1 
-1.08389, 0.04883, 1 
-0.15062, -0.01322, 1 
-1.35291, -0.03865, 1 
-0.50890, -0.48144, 1 
-2.27705, -1.26855, 1 
-2.30283, -1.01605, 1 
-2.35442, -1.09184, 1 
-2.35442, -1.11710, 1 
-2.43183, -0.53518, 1 
-2.40602, -0.23074, 1 
-1.10949, 2.07089, 1 
-0.12517, 2.01940, 1 
0.76314, 2.07089, 1 
0.61121, 2.09665, 1 
0.80566, 1.69943, 1 
-1.80225, 0.58545, 1 
-2.14817, 0.40536, 1 
-1.75083, 0.91604, 1 
-0.37987, 1.76214, 1 
-0.02340, 2.04514, 1 
-0.95594, 1.68505, 1 
-0.78822, 2.04514, 1 
-0.91604, 1.99365, 1 
-0.60944, 1.94218, 1 
0.05289, 1.94218, 1 
0.71251, 1.89072, 1 
1.21809, 1.86500, 1 
1.54585, 1.81356, 1 
1.62140, 1.81356, 1 
1.57104, 1.61261, 1 
1.54283, 1.58436, 1 
1.37146, 1.40984, 1 
0.46673, 0.49462, 1 
0.40282, 0.43035, 1 
0.33229, 0.35948, 1 
-0.18310, -0.18310, 1 
-0.18310, -0.18310, 1 
0.00000, 0.00000, 1 
0.00000, 0.00000, 1 
0.00000, 0.00000, 1 
0.00000, 0.00000, 1 
0.00000, 0.00000, 1 
0.00000, 0.00000, 1 
0.00000, 0.00000, 1 
0.37688
0.00000, 0.00000, 1 
0.00000, 0.00000, 1 
0.00000, 0.00000, 1 
0.00000, 0.00000, 1 
0.00000, 0.00000, 1 
0.00000, 0.00000, 1 
0.00000, 0.00000, 1 
0.00000, 0.00000, 1 
-0.18310, -0.18310, 1 
0.91493, 0.94622, 1 
0.50984, 0.86490, 1 
0.23074, 0.83934, 1 
0.12913, 0.27794, 1 
1.57104, 1.81356, 1 
-1.17198, 0.12517, 1 
-0.63497, 0.07428, 1 
-0.66306, 0.25502, 1 
0.17995, 0.40536, 1 
-0.93139, 0.37987, 1 
-0.08954, -0.06356, 1 
-2.25126, -1.23424, 1 
-2.30283, -1.01605, 1 
-2.35442, -1.06405, 1 
-2.35442, -1.19284, 1 
-2.43183, -0.53518, 1 
-2.43183, -0.25613, 1 
-1.53096, 2.12241, 1 
-0.12517, 2.07089, 1 
0.76314, 2.12241, 1 
0.63654, 2.12241, 1 
1.20900, 2.12241, 1 
-2.22548, 0.17608, 1 
-2.17394, 0.40536, 1 
-2.17394, 0.94162, 1 
-0.58851, 1.76214, 1 
-0.09972, 2.07089, 1 
-1.37701, 2.07089, 1 
-1.19759, 2.07089, 1 
-0.86490, 1.99365, 1 
-0.60944, 1.96791, 1 
0.25613, 1.94218, 1 
0.83905, 1.94218, 1 
1.24332, 1.86500, 1 
1.57104, 1.81356, 1 
1.62140, 1.81356, 1 
1.54585, 1.58693, 1 
1.52016, 1.56125, 1 
1.35936, 1.39753, 1 
0.46623, 0.49411, 1 
0.40231, 0.42984, 1 
0.33279, 0.35999, 1 
-0.18310, -0.18310, 1 
-0.18310, -0.18310, 1 
0.00000, 0.00000, 1 
0.00000, 0.00000, 1 
0.00000, 0.00000, 1 
0.00000, 0.00000, 1 
0.00000, 0.00000, 1 
0.00000, 0.00000, 1 
0.00000, 0.00000, 1 
0.38214
0.00000, 0.00000, 1 
0.00000, 0.00000, 1 
0.00000, 0.00000, 1 
0.00000, 0.00000, 1 
0.00000, 0.00000, 1 
0.00000, 0.00000, 1 
0.00000, 0.00000, 1 
0.00000, 0.00000, 1 
-0.18310, -0.18310, 1 
1.06658, 1.09976, 1 
0.53518, 0.83934, 1 
0.20535, 0.41964, 1 
0.35766, 0.38446, 1 
1.59622, 1.83928, 1 
-1.19759, 0.44718, 1 
-1.01837, 0.37069, 1 
-0.30342, 0.05138, 1 
0.28152, 0.35438, 1 
-0.51094, 0.72793, 1 
0.32873, 0.35540, 1 
-1.82796, -0.81831, 1 
-2.32862, -0.73530, 1 
-2.35442, -0.76061, 1 
-2.40602, -0.81375, 1 
-2.43183, -0.56053, 1 
-2.43183, -0.35766, 1 
-1.53096, 1.69943, 1 
-0.15062, 2.09665, 1 
0.38303, 2.12241, 1 
0.58587, 2.17394, 1 
0.81375, 2.12241, 1 
-2.19971, 0.30342, 1 
-2.22548, 0.40536, 1 
-2.25126, 0.55840, 1 
-0.98152, 1.76214, 1 
-0.09972, 2.09665, 1 
-1.04396, 1.71074, 1 
-1.09515, 2.07089, 1 
-0.78822, 1.99365, 1 
-0.60944, 1.99365, 1 
0.25613, 1.94218, 1 
1.01605, 1.94218, 1 
1.29378, 1.86500, 1 
1.57104, 1.86500, 1 
1.64657, 1.81356, 1 
1.65261, 1.69635, 1 
1.49799, 1.53866, 1 
1.34675, 1.38471, 1 
0.46572, 0.49360, 1 
0.40231, 0.42984, 1 
0.33330, 0.36050, 1 
-0.18310, -0.18310, 1 
-0.18310, -0.18310, 1 
0.00000, 0.00000, 1 
0.00000, 0.00000, 1 
0.00000, 0.00000, 1 
0.00000, 0.00000, 1 
0.00000, 0.00000, 1 
0.00000, 0.00000, 1 
0.00000, 0.00000, 1 
0.38748
0.00000, 0.00000, 1 
0.00000, 0.00000, 1 
0.00000, 0.00000, 1 
0.00000, 0.00000, 1 
0.00000, 0.00000, 1 
0.00000, 0.00000, 1 
0.00000, 0.00000, 1 
0.00000, 0.00000, 1 
-0.18310, -0.18310, 1 
0.96550, 0.99739, 1 
0.56053, 0.86490, 1 
0.20535, 0.37987, 1 
0.74897, 0.77851, 1 
1.59622, 1.81356, 1 
-1.19759, 0.86746, 1 
-1.42831, 0.79078, 1 
-0.51605, 0.47064, 1 
0.66187, 0.69064, 1 
-0.77136, 1.14893, 1 
0.33229, 0.35897, 1 
-1.43088, -0.40130, 1 
-2.30283, -0.31807, 1 
-2.35442, -0.34345, 1 
-2.38022, -1.14235, 1 
-2.43183, -0.56053, 1 
-2.43183, -0.35766, 1 
-1.55663, 1.53096, 1 
-0.40536, 1.71074, 1 
0.33229, 2.12241, 1 
0.62387, 2.12241, 1 
0.99886, 2.00652, 1 
-2.19971, 0.04883, 1 
-2.22548, 0.40536, 1 
-2.22548, 0.53288, 1 
-1.40266, 1.78785, 1 
-0.04883, 2.09665, 1 
-0.83934, 1.71074, 1 
-1.04396, 2.07089, 1 
-0.78822, 1.99365, 1 
-0.50737, 1.96791, 1 
0.28152, 1.94218, 1 
1.06658, 1.94218, 1 
1.26855, 1.86500, 1 
1.57104, 1.83928, 1 
1.59622, 1.71074, 1 
1.61032, 1.65319, 1 
1.47582, 1.51607, 1 
1.33465, 1.37240, 1 
0.46521, 0.49309, 1 
0.40181, 0.42933, 1 
0.33381, 0.36101, 1 
-0.18310, -0.18310, 1 
-0.18310, -0.18310, 1 
0.00000, 0.00000, 1 
0.00000, 0.00000, 1 
0.00000, 0.00000, 1 
0.00000, 0.00000, 1 
0.00000, 0.00000, 1 
0.00000, 0.00000, 1 
0.00000, 0.00000, 1 
0.39290
0.00000, 0.00000, 1 
0.00000, 0.00000, 1 
0.00000, 0.00000, 1 
0.00000, 0.00000, 1 
0.00000, 0.00000, 1 
0.00000, 0.00000, 1 
0.00000, 0.00000, 1 
0.00000, 0.00000, 1 
-0.18310, -0.18310, 1 
1.04132, 1.07416, 1 
0.56053, 0.86490, 1 
0.20535, 0.35438, 1 
0.88964, 0.92064, 1 
1.34423, 1.76214, 1 
-1.01837, 1.28882, 1 
-1.37701, 1.21194, 1 
-0.78976, 0.89047, 1 
0.30691, 0.43086, 1 
-1.03270, 1.57101, 1 
0.48448, 0.51196, 1 
-1.00916, 0.01679, 1 
-2.30283, 0.09972, 1 
-2.35442, 0.07428, 1 
-2.35442, -1.21809, 1 
-2.43183, -0.78845, 1 
-2.43183, -0.38303, 1 
-1.55663, 1.19759, 1 
-0.43086, 1.32727, 1 
0.33229, 2.09665, 1 
0.58587, 2.12241, 1 
0.76314, 2.12241, 1 
-2.17394, 0.02340, 1 
-2.17394, 0.35438, 1 
-2.19971, 0.53288, 1 
-1.80225, 1.78785, 1 
-0.09972, 2.07089, 1 
-0.50737, 1.71074, 1 
-0.96720, 2.04514, 1 
-0.71158, 1.99365, 1 
-0.25247, 1.94218, 1 
0.30691, 1.94218, 1 
1.14235, 1.91645, 1 
1.34423, 1.86500, 1 
1.62140, 1.81356, 1 
1.62140, 1.66398, 1 
1.56852, 1.61055, 1 
1.45364, 1.49348, 1 
1.32254, 1.36009, 1 
0.46471, 0.49258, 1 
0.40130, 0.42882, 1 
0.33432, 0.36152, 1 
-0.18310, -0.18310, 1 
-0.18310, -0.18310, 1 
0.00000, 0.00000, 1 
0.00000, 0.00000, 1 
0.00000, 0.00000, 1 
0.00000, 0.00000, 1 
0.00000, 0.00000, 1 
0.00000, 0.00000, 1 
0.00000, 0.00000, 1 
0.39840
0.00000, 0.00000, 1 
0.00000, 0.00000, 1 
0.00000, 0.00000, 1 
0.00000, 0.00000, 1 
0.00000, 0.00000, 1 
0.00000, 0.00000, 1 
0.00000, 0.00000, 1 
0.00000, 0.00000, 1 
-0.18310, -0.18310, 1 
1.06658, 1.09976, 1 
0.28152, 0.89047, 1 
0.20535, 0.37987, 1 
0.99077, 1.02297, 1 
1.59622, 1.78785, 1 
-1.19759, 1.71074, 1 
-1.32573, 1.63367, 1 
-0.61200, 0.79078, 1 
-0.07428, 0.62374, 1 
-0.61200, 1.99365, 1 
0.76314, 0.91604, 1 
-0.58851, 0.43545, 1 
-2.27705, 0.50737, 1 
-2.35442, 0.48186, 1 
-2.35442, -1.19284, 1 
-2.43183, -0.78845, 1 
-2.43183, -0.35766, 1 
-1.55663, 0.94162, 1 
-0.40536, 0.90581, 1 
0.00203, 2.09665, 1 
0.58587, 2.12241, 1 
0.76314, 1.83928, 1 
-2.19971, -0.25613, 1 
-2.17394, 0.32890, 1 
-2.19971, 0.48186, 1 
-2.22548, 1.78785, 1 
-0.28253, 2.09665, 1 
-0.25247, 2.07089, 1 
-0.94162, 2.01940, 1 
-0.73712, 1.99365, 1 
-0.20154, 1.94218, 1 
0.25613, 1.96791, 1 
1.16760, 1.96791, 1 
1.26855, 1.86500, 1 
1.44507, 1.83928, 1 
1.54585, 1.63367, 1 
1.52671, 1.56793, 1 
1.43146, 1.47090, 1 
1.31043, 1.34778, 1 
0.46420, 0.49207, 1 
0.40079, 0.42831, 1 
0.33432, 0.36152, 1 
-0.18310, -0.18310, 1 
-0.18310, -0.18310, 1 
0.00000, 0.00000, 1 
0.00000, 0.00000, 1 
0.00000, 0.00000, 1 
0.00000, 0.00000, 1 
0.00000, 0.00000, 1 
0.00000, 0.00000, 1 
0.00000, 0.00000, 1 
0.40398
0.00000, 0.00000, 1 
0.00000, 0.00000, 1 
0.00000, 0.00000, 1 
0.00000, 0.00000, 1 
0.00000, 0.00000, 1 
0.00000, 0.00000, 1 
0.00000, 0.00000, 1 
0.00000, 0.00000, 1 
-0.18310, -0.18310, 1 
1.01605, 1.04857, 1 
0.56053, 0.86490, 1 
0.20535, 0.37987, 1 
1.34423, 1.38163, 1 
1.59622, 1.78785, 1 
-1.19759, 1.73644, 1 
-0.93036, 1.23756, 1 
-1.03270, 1.21194, 1 
0.25613, 1.04396, 1 
-0.58392, 1.99365, 1 
0.69833, 1.32573, 1 
-0.16946, 0.85570, 1 
-2.22548, 0.90683, 1 
-2.35442, 0.86746, 1 
-2.35442, -1.14235, 1 
-2.43183, -0.99077, 1 
-2.43183, -0.40840, 1 
-1.55663, 0.54717, 1 
-0.45636, 0.48543, 1 
0.00203, 2.07089, 1 
0.58587, 2.09665, 1 
0.81375, 1.44268, 1 
-2.19971, -0.28152, 1 
-2.14817, 0.30342, 1 
-2.17394, 0.50737, 1 
-2.19971, 1.42831, 1 
-0.70238, 2.07089, 1 
-0.32890, 1.73644, 1 
-0.60944, 2.01940, 1 
-0.43086, 1.99365, 1 
0.07831, 1.94218, 1 
0.23074, 1.94218, 1 
0.88964, 1.94218, 1 
1.04132, 1.86500, 1 
1.39466, 1.86500, 1 
1.57104, 1.61261, 1 
1.48438, 1.52480, 1 
1.40928, 1.44832, 1 
1.29832, 1.33547, 1 
0.46369, 0.49156, 1 
0.40029, 0.42780, 1 
0.33482, 0.36203, 1 
-0.18310, -0.18310, 1 
-0.18310, -0.18310, 1 
0.00000, 0.00000, 1 
0.00000, 0.00000, 1 
0.00000, 0.00000, 1 
0.00000, 0.00000, 1 
0.00000, 0.00000, 1 
0.00000, 0.00000, 1 
0.00000, 0.00000, 1 
0.40964
0.00000, 0.00000, 1 
0.00000, 0.00000, 1 
0.00000, 0.00000, 1 
0.00000, 0.00000, 1 
0.00000, 0.00000, 1 
0.00000, 0.00000, 1 
0.00000, 0.00000, 1 
0.00000, 0.00000, 1 
-0.18310, -0.18310, 1 
1.04132, 1.07416, 1 
0.56053, 0.60944, 1 
0.20535, 0.37987, 1 
1.67174, 1.78785, 1 
1.59622, 1.78785, 1 
-1.14637, 1.71074, 1 
-0.50992, 0.81633, 1 
-1.42831, 1.60798, 1 
0.64768, 1.42831, 1 
-0.48186, 1.99365, 1 
0.30691, 1.37701, 1 
0.24902, 1.27703, 1 
-2.19971, 1.32829, 1 
-2.35442, 1.28882, 1 
-2.35442, -1.11710, 1 
-2.43183, -1.09184, 1 
-2.43183, -0.45913, 1 
-1.63624, 0.12771, 1 
-0.48186, 0.55840, 1 
-0.12517, 2.09665, 1 
0.56053, 2.12241, 1 
0.76314, 1.02093, 1 
-2.19971, -0.30691, 1 
-2.17394, 0.27794, 1 
-2.17394, 0.45636, 1 
-2.19971, 1.04396, 1 
-1.12332, 2.07089, 1 
-0.11397, 2.07089, 1 
-0.19033, 2.01940, 1 
-0.10125, 1.99365, 1 
0.30691, 1.94218, 1 
0.20535, 1.94218, 1 
0.56053, 1.91645, 1 
0.78845, 1.86500, 1 
1.29378, 1.86500, 1 
1.59622, 1.63829, 1 
1.44255, 1.48219, 1 
1.38710, 1.42575, 1 
1.28622, 1.32317, 1 
0.46318, 0.49105, 1 
0.39978, 0.42729, 1 
0.33533, 0.36254, 1 
-0.18310, -0.18310, 1 
-0.18310, -0.18310, 1 
0.00000, 0.00000, 1 
0.00000, 0.00000, 1 
0.00000, 0.00000, 1 
0.00000, 0.00000, 1 
0.00000, 0.00000, 1 
0.00000, 0.00000, 1 
0.00000, 0.00000, 1 
0.41538
0.00000, 0.00000, 1 
0.00000, 0.00000, 1 
0.00000, 0.00000, 1 
0.00000, 0.00000, 1 
0.00000, 0.00000, 1 
0.00000, 0.00000, 1 
0.00000, 0.00000, 1 
0.00000, 0.00000, 1 
-0.18310, -0.18310, 1 
0.90229, 0.93343, 1 
0.56053, 0.89047, 1 
0.20535, 0.76267, 1 
1.67174, 1.83928, 1 
1.50807, 1.78785, 1 
-1.19759, 1.73644, 1 
-0.12670, 0.57473, 1 
-1.49246, 1.65935, 1 
0.23074, 1.19759, 1 
-0.50890, 1.99365, 1 
0.19112, 1.77500, 1 
0.11287, 1.69943, 1 
-2.26415, 1.75083, 1 
-2.35442, 1.68505, 1 
-2.35442, -0.96550, 1 
-2.45764, -0.83905, 1 
-2.48345, -0.38303, 1 
-1.58230, -0.05289, 1 
-0.48186, 0.94162, 1 
-0.04883, 2.12241, 1 
0.33229, 2.12241, 1 
0.73783, 0.96720, 1 
-2.25126, -0.40840, 1 
-2.17394, 0.25247, 1 
-2.17394, 0.43086, 1 
-2.25126, 0.99278, 1 
-1.54533, 2.07089, 1 
-0.50737, 1.73644, 1 
0.02746, 1.99365, 1 
-0.48186, 1.99365, 1 
0.72365, 1.94218, 1 
0.20535, 1.94218, 1 
0.23074, 1.94218, 1 
0.45913, 1.86500, 1 
1.23070, 1.68505, 1 
1.52066, 1.56125, 1 
1.40071, 1.43960, 1 
1.36491, 1.40317, 1 
1.27360, 1.31035, 1 
0.46318, 0.49105, 1 
0.39978, 0.42729, 1 
0.33584, 0.36305, 1 
-0.18310, -0.18310, 1 
-0.18310, -0.18310, 1 
0.00000, 0.00000, 1 
0.00000, 0.00000, 1 
0.00000, 0.00000, 1 
0.00000, 0.00000, 1 
0.00000, 0.00000, 1 
0.00000, 0.00000, 1 
0.00000, 0.00000, 1 
0.42121
0.00000, 0.00000, 1 
0.00000, 0.00000, 1 
0.00000, 0.00000, 1 
0.00000, 0.00000, 1 
0.00000, 0.00000, 1 
0.00000, 0.00000, 1 
0.00000, 0.00000, 1 
0.00000, 0.00000, 1 
-0.18310, -0.18310, 1 
0.91493, 0.94622, 1 
0.53518, 0.89047, 1 
0.20535, 0.89047, 1 
1.34423, 1.83928, 1 
1.55593, 1.76214, 1 
-1.14637, 1.73644, 1 
0.29168, 0.31820, 1 
-1.47963, 1.63367, 1 
-0.09972, 0.77698, 1 
-0.08954, 1.99365, 1 
0.23074, 2.04514, 1 
0.53062, 2.09665, 1 
-2.25126, 2.12241, 1 
-2.38022, 2.09665, 1 
-2.40602, -1.35533, 1 
-2.50927, -1.09184, 1 
-2.12241, -0.45913, 1 
-1.63624, -0.10372, 1 
-0.58392, 0.54717, 1 
-0.20154, 2.17394, 1 
0.30691, 2.17394, 1 
0.73783, 0.76727, 1 
-2.32862, -0.58587, 1 
-2.22548, 0.22700, 1 
-2.22548, 0.40536, 1 
-2.32862, 0.91604, 1 
-1.96791, 2.12241, 1 
-0.11397, 1.78785, 1 
0.05289, 2.04514, 1 
-0.10125, 1.99365, 1 
0.88964, 1.99365, 1 
0.21652, 1.99365, 1 
0.20535, 1.96791, 1 
0.56053, 1.86500, 1 
1.16760, 1.50529, 1 
1.52066, 1.56125, 1 
1.35835, 1.39650, 1 
1.34221, 1.38009, 1 
1.26149, 1.29804, 1 
0.46268, 0.49054, 1 
0.39927, 0.42678, 1 
0.33635, 0.36356, 1 
-0.18310, -0.18310, 1 
-0.18310, -0.18310, 1 
0.00000, 0.00000, 1 
0.00000, 0.00000, 1 
0.00000, 0.00000, 1 
0.00000, 0.00000, 1 
0.00000, 0.00000, 1 
0.00000, 0.00000, 1 
0.00000, 0.00000, 1 
0.42703
0.00000, 0.00000, 1 
0.00000, 0.00000, 1 
0.00000, 0.00000, 1 
0.00000, 0.00000, 1 
0.00000, 0.00000, 1 
0.00000, 0.00000, 1 
0.00000, 0.00000, 1 
0.00000, 0.00000, 1 
-0.18310, -0.18310, 1 
1.27966, 1.31599, 1 
0.64920, 0.67787, 1 
0.37035, 0.73968, 1 
1.04132, 1.44114, 1 
1.14084, 1.74929, 1 
-0.75143, 1.69789, 1 
0.56053, 0.58851, 1 
-1.48630, 1.23756, 1 
-0.38140, 0.62221, 1 
-0.50890, 1.69789, 1 
0.19112, 1.69789, 1 
0.35766, 1.69943, 1 
-1.85368, 2.16105, 1 
-2.32862, 1.69943, 1 
-2.40602, -0.97156, 1 
-2.50927, -0.76314, 1 
-2.54181, -0.31960, 1 
-2.05956, -0.11643, 1 
-0.47574, 0.78822, 1 
-0.13179, 2.18682, 1 
0.54127, 2.19352, 1 
0.47181, 0.63855, 1 
-2.34152, -0.61121, 1 
-2.21260, 0.22700, 1 
-2.21260, 0.40536, 1 
-1.90513, 0.92883, 1 
-1.54533, 2.10953, 1 
-0.40536, 2.05802, 1 
0.21804, 2.00652, 1 
-0.41964, 1.99365, 1 
0.83905, 1.99365, 1 
-0.20154, 1.96791, 1 
-0.02340, 1.96791, 1 
0.16724, 1.86500, 1 
0.91493, 1.50529, 1 
1.35684, 1.49502, 1 
1.49547, 1.53558, 1 
1.32002, 1.35752, 1 
1.24938, 1.28574, 1 
0.46217, 0.49003, 1 
0.39876, 0.42627, 1 
0.33635, 0.36356, 1 
-0.18310, -0.18310, 1 
-0.18310, -0.18310, 1 
0.00000, 0.00000, 1 
0.00000, 0.00000, 1 
0.00000, 0.00000, 1 
0.00000, 0.00000, 1 
0.00000, 0.00000, 1 
0.00000, 0.00000, 1 
0.00000, 0.00000, 1 
0.43279
0.00000, 0.00000, 1 
0.00000, 0.00000, 1 
0.00000, 0.00000, 1 
0.00000, 0.00000, 1 
0.00000, 0.00000, 1 
0.00000, 0.00000, 1 
0.00000, 0.00000, 1 
0.00000, 0.00000, 1 
-0.18310, -0.18310, 1 
1.69439, 1.73850, 1 
0.71251, 0.74172, 1 
0.20535, 0.91604, 1 
0.73783, 1.06955, 1 
0.86182, 1.71074, 1 
-0.33145, 1.65935, 1 
0.83905, 0.86950, 1 
-1.46680, 0.81633, 1 
-0.68859, 0.43086, 1 
-0.73968, 1.40266, 1 
0.60867, 1.32573, 1 
0.73783, 1.27703, 1 
-1.43088, 2.14817, 1 
-2.25126, 1.27703, 1 
-2.38022, -1.12972, 1 
-2.48345, -0.96550, 1 
-2.52218, -0.33229, 1 
-1.63624, -0.17995, 1 
-0.52013, 0.73712, 1 
-0.13789, 2.17394, 1 
0.47181, 2.18682, 1 
0.73783, 1.04652, 1 
-2.35442, -0.63654, 1 
-2.19971, 0.22700, 1 
-2.19971, 0.40536, 1 
-1.48219, 0.94162, 1 
-1.12332, 2.09665, 1 
-0.20154, 2.04514, 1 
0.20535, 1.99365, 1 
-0.00051, 1.99365, 1 
0.83905, 1.99365, 1 
-0.60944, 1.94218, 1 
-0.20154, 1.94218, 1 
0.15454, 1.86500, 1 
0.66187, 1.50529, 1 
1.21809, 1.45397, 1 
1.44507, 1.48425, 1 
1.29782, 1.33496, 1 
1.23727, 1.27344, 1 
0.46166, 0.48952, 1 
0.39826, 0.42576, 1 
0.33685, 0.36407, 1 
-0.18310, -0.18310, 1 
-0.18310, -0.18310, 1 
0.00000, 0.00000, 1 
0.00000, 0.00000, 1 
0.00000, 0.00000, 1 
0.00000, 0.00000, 1 
0.00000, 0.00000, 1 
0.00000, 0.00000, 1 
0.00000, 0.00000, 1 
0.43847
0.00000, 0.00000, 1 
0.00000, 0.00000, 1 
0.00000, 0.00000, 1 
0.00000, 0.00000, 1 
0.00000, 0.00000, 1 
0.00000, 0.00000, 1 
0.00000, 0.00000, 1 
0.00000, 0.00000, 1 
-0.18310, -0.18310, 1 
2.10804, 2.16208, 1 
0.76314, 0.81378, 1 
0.25613, 0.89047, 1 
0.54634, 0.64927, 1 
0.44493, 1.28882, 1 
-0.12517, 1.23756, 1 
0.44493, 0.47217, 1 
-1.09515, 0.39619, 1 
-1.10949, 0.02340, 1 
-1.16071, 0.98152, 1 
0.23074, 0.94162, 1 
0.32975, 0.85570, 1 
-1.00916, 2.12241, 1 
-2.17394, 0.85570, 1 
-2.35442, -1.34423, 1 
-2.43183, -1.21809, 1 
-2.48345, -0.38303, 1 
-1.60798, -0.23074, 1 
-0.66050, 0.60944, 1 
-0.20154, 2.12241, 1 
0.30691, 2.14817, 1 
0.73783, 1.46834, 1 
-2.32862, -0.50984, 1 
-2.19971, 0.07428, 1 
-2.19971, 0.32890, 1 
-1.06034, 0.94162, 1 
-0.70238, 2.09665, 1 
-0.07428, 2.04514, 1 
0.20535, 2.04514, 1 
0.38303, 1.99365, 1 
0.91493, 1.99365, 1 
-0.76267, 1.94218, 1 
-0.58392, 1.94218, 1 
0.10372, 1.83928, 1 
0.28152, 1.53096, 1 
1.21809, 1.45397, 1 
1.39466, 1.43293, 1 
1.27562, 1.31240, 1 
1.22515, 1.26114, 1 
0.46116, 0.48901, 1 
0.39775, 0.42525, 1 
0.33736, 0.36458, 1 
-0.18310, -0.18310, 1 
-0.18310, -0.18310, 1 
0.00000, 0.00000, 1 
0.00000, 0.00000, 1 
0.00000, 0.00000, 1 
0.00000, 0.00000, 1 
0.00000, 0.00000, 1 
0.00000, 0.00000, 1 
0.00000, 0.00000, 1 
0.44408
0.00000, 0.00000, 1 
0.00000, 0.00000, 1 
0.00000, 0.00000, 1 
0.00000, 0.00000, 1 
0.00000, 0.00000, 1 
0.00000, 0.00000, 1 
0.00000, 0.00000, 1 
0.00000, 0.00000, 1 
-0.18310, -0.18310, 1 
2.52061, 2.58675, 1 
0.76314, 0.79282, 1 
0.20535, 0.86490, 1 
0.12913, 0.32890, 1 
0.02746, 0.89047, 1 
0.02746, 0.83934, 1 
0.02746, 0.17608, 1 
-1.42831, -0.02289, 1 
-0.68859, 0.40536, 1 
-1.58230, 0.60944, 1 
0.20535, 0.78822, 1 
-0.07885, 0.43545, 1 
-0.58851, 2.12241, 1 
-2.09665, 0.43545, 1 
-2.32862, -1.44507, 1 
-2.43183, -1.36945, 1 
-2.48345, -0.35766, 1 
-1.58230, -0.23074, 1 
-0.60944, 0.63497, 1 
-0.15062, 2.14817, 1 
0.33229, 2.17394, 1 
0.73783, 1.89072, 1 
-2.38022, -0.68719, 1 
-2.22548, -0.28152, 1 
-2.25126, 0.27794, 1 
-0.66510, 0.89047, 1 
-0.28253, 1.78785, 1 
-0.02340, 2.04514, 1 
0.10372, 2.01940, 1 
0.63654, 1.99365, 1 
0.76314, 1.99365, 1 
-0.78822, 1.94218, 1 
-0.63497, 1.94218, 1 
0.07831, 1.71074, 1 
0.07831, 1.55663, 1 
1.16760, 1.47963, 1 
1.21809, 1.27446, 1 
1.44507, 1.48425, 1 
1.21253, 1.24832, 1 
0.46065, 0.48850, 1 
0.39724, 0.42474, 1 
0.33787, 0.36509, 1 
-0.18310, -0.18310, 1 
-0.18310, -0.18310, 1 
0.00000, 0.00000, 1 
0.00000, 0.00000, 1 
0.00000, 0.00000, 1 
0.00000, 0.00000, 1 
0.00000, 0.00000, 1 
0.00000, 0.00000, 1 
0.00000, 0.00000, 1 
0.44964
0.00000, 0.00000, 1 
0.00000, 0.00000, 1 
0.00000, 0.00000, 1 
0.00000, 0.00000, 1 
0.00000, 0.00000, 1 
0.00000, 0.00000, 1 
0.00000, 0.00000, 1 
0.00000, 0.00000, 1 
-0.18310, -0.18310, 1 
2.93161, 3.01198, 1 
0.94022, 0.97180, 1 
0.20535, 0.83934, 1 
0.12913, 0.32890, 1 
0.02746, 1.28882, 1 
0.00203, 0.41964, 1 
0.44493, 0.50737, 1 
-1.27446, -0.44036, 1 
-0.27794, -0.00203, 1 
-1.53096, 0.19033, 1 
0.15454, 0.55840, 1 
-0.47268, 0.01679, 1 
-0.65131, 2.12241, 1 
-2.09665, 0.01679, 1 
-2.30283, -1.41987, 1 
-2.40602, -1.26855, 1 
-2.43183, -0.77428, 1 
-1.63367, -0.25613, 1 
-0.76267, 0.35438, 1 
-0.22700, 2.12241, 1 
0.28152, 2.14817, 1 
0.71251, 2.12241, 1 
-2.35442, -0.76314, 1 
-2.22548, -0.23074, 1 
-2.22548, 0.25247, 1 
-1.08594, 0.91604, 1 
-0.20154, 1.78785, 1 
0.02746, 2.01940, 1 
0.33229, 1.99365, 1 
0.66187, 1.99365, 1 
0.91493, 1.99365, 1 
-0.81378, 1.94218, 1 
-0.68604, 1.89072, 1 
-0.25247, 1.65935, 1 
0.07831, 1.53096, 1 
1.06658, 1.45397, 1 
1.19284, 1.30009, 1 
1.47027, 1.50991, 1 
1.20042, 1.23602, 1 
0.46014, 0.48798, 1 
0.39673, 0.42423, 1 
0.33787, 0.36509, 1 
-0.18310, -0.18310, 1 
-0.18310, -0.18310, 1 
0.00000, 0.00000, 1 
0.00000, 0.00000, 1 
0.00000, 0.00000, 1 
0.00000, 0.00000, 1 
0.00000, 0.00000, 1 
0.00000, 0.00000, 1 
0.00000, 0.00000, 1 
0.45517
0.00000, 0.00000, 1 
0.00000, 0.00000, 1 
0.00000, 0.00000, 1 
0.00000, 0.00000, 1 
0.00000, 0.00000, 1 
0.00000, 0.00000, 1 
0.00000, 0.00000, 1 
0.00000, 0.00000, 1 
-0.18310, -0.18310, 1 
2.99401, 3.07725, 1 
1.09184, 1.12537, 1 
0.20535, 0.83934, 1 
0.12913, 0.32890, 1 
0.05289, 1.71074, 1 
0.02746, 0.20154, 1 
0.86182, 0.89251, 1 
-1.19759, -0.61121, 1 
-0.68859, 0.37987, 1 
-1.55663, -0.20535, 1 
0.10372, 0.50737, 1 
-0.86746, -0.40130, 1 
-1.04652, 2.12241, 1 
-2.09665, -0.40130, 1 
-2.30283, -1.39466, 1 
-2.43183, -1.14235, 1 
-2.45764, -0.94022, 1 
-1.63367, -0.28152, 1 
-0.78822, 0.09972, 1 
-0.45636, 2.14817, 1 
-0.02340, 2.17394, 1 
0.71251, 2.12241, 1 
-2.35442, -0.81375, 1 
-2.27705, -0.28152, 1 
-2.19971, 0.25247, 1 
-0.66510, 0.94162, 1 
-0.07428, 1.78785, 1 
0.05289, 2.04514, 1 
0.50984, 2.04514, 1 
0.40840, 2.01940, 1 
0.68719, 1.99365, 1 
-0.81378, 1.94218, 1 
-0.78822, 1.89072, 1 
-0.60944, 1.63367, 1 
0.07831, 1.53096, 1 
0.93769, 1.47963, 1 
1.14235, 1.30009, 1 
1.44507, 1.48425, 1 
1.18830, 1.22372, 1 
0.45963, 0.48747, 1 
0.39673, 0.42423, 1 
0.33838, 0.36560, 1 
-0.18310, -0.18310, 1 
-0.18310, -0.18310, 1 
0.00000, 0.00000, 1 
0.00000, 0.00000, 1 
0.00000, 0.00000, 1 
0.00000, 0.00000, 1 
0.00000, 0.00000, 1 
0.00000, 0.00000, 1 
0.00000, 0.00000, 1 
0.46067
0.00000, 0.00000, 1 
0.00000, 0.00000, 1 
0.00000, 0.00000, 1 
0.00000, 0.00000, 1 
0.00000, 0.00000, 1 
0.00000, 0.00000, 1 
0.00000, 0.00000, 1 
0.00000, 0.00000, 1 
-0.18310, -0.18310, 1 
2.99401, 3.07725, 1 
1.26855, 1.30471, 1 
0.20535, 0.83934, 1 
0.12913, 0.63497, 1 
0.47028, 1.28882, 1 
0.00203, 0.20154, 1 
1.27764, 1.31394, 1 
-1.24884, -0.24191, 1 
-0.26877, 0.35438, 1 
-1.53096, 0.17608, 1 
0.17995, 0.45636, 1 
-1.28882, -0.18655, 1 
-1.46834, 2.12241, 1 
-2.04514, -0.81831, 1 
-2.27705, -1.34423, 1 
-2.40602, -1.11710, 1 
-2.43183, -0.96550, 1 
-1.65935, -0.40840, 1 
-0.83934, -0.05289, 1 
-0.48186, 2.12241, 1 
-0.04883, 2.14817, 1 
0.71251, 2.12241, 1 
-2.38022, -1.20395, 1 
-2.25126, -0.33229, 1 
-2.22548, 0.22700, 1 
-1.08594, 0.91604, 1 
-0.02340, 1.78785, 1 
0.25613, 2.04514, 1 
0.88964, 2.01940, 1 
0.50984, 1.99365, 1 
1.06658, 1.99365, 1 
-0.83934, 1.94218, 1 
-0.81378, 1.86500, 1 
-0.68604, 1.60798, 1 
0.07831, 1.53096, 1 
0.52099, 1.47963, 1 
1.14235, 1.30009, 1 
1.47027, 1.50991, 1 
1.17618, 1.21143, 1 
0.45913, 0.48696, 1 
0.39623, 0.42372, 1 
0.33888, 0.36611, 1 
-0.18310, -0.18310, 1 
-0.18310, -0.18310, 1 
0.00000, 0.00000, 1 
0.00000, 0.00000, 1 
0.00000, 0.00000, 1 
0.00000, 0.00000, 1 
0.00000, 0.00000, 1 
0.00000, 0.00000, 1 
0.00000, 0.00000, 1 
0.46615
0.00000, 0.00000, 1 
0.00000, 0.00000, 1 
0.00000, 0.00000, 1 
0.00000, 0.00000, 1 
0.00000, 0.00000, 1 
0.00000, 0.00000, 1 
0.00000, 0.00000, 1 
0.00000, 0.00000, 1 
-0.18310, -0.18310, 1 
2.99401, 3.07725, 1 
1.24332, 1.27908, 1 
0.45913, 0.83934, 1 
0.12913, 0.32890, 1 
0.10372, 0.89047, 1 
0.00203, 0.22700, 1 
1.47027, 1.68505, 1 
-1.17198, 0.17608, 1 
-0.43341, 0.40536, 1 
-1.47963, 0.55840, 1 
0.12456, 0.45636, 1 
-1.71074, 0.23159, 1 
-1.89072, 2.12241, 1 
-2.04514, -1.23424, 1 
-2.27705, -1.28470, 1 
-2.43183, -1.11003, 1 
-2.48345, -0.94022, 1 
-1.65935, -0.53518, 1 
-0.83934, -0.17995, 1 
-0.53288, 2.17394, 1 
-0.02340, 2.17394, 1 
0.58587, 2.14817, 1 
-2.43183, -1.36945, 1 
-2.32862, -0.33229, 1 
-2.25126, 0.22700, 1 
-0.66510, 0.94162, 1 
0.10372, 1.81356, 1 
0.45913, 2.07089, 1 
1.24332, 2.04514, 1 
0.30691, 2.04514, 1 
0.73783, 1.99365, 1 
-0.89047, 1.99365, 1 
-0.89047, 1.91645, 1 
-0.81378, 1.58230, 1 
0.07831, 1.55663, 1 
0.12913, 1.47963, 1 
1.14235, 1.37701, 1 
1.44507, 1.48425, 1 
1.16406, 1.19913, 1 
0.45862, 0.48645, 1 
0.39572, 0.42321, 1 
0.33939, 0.36662, 1 
-0.18310, -0.18310, 1 
-0.18310, -0.18310, 1 
0.00000, 0.00000, 1 
0.00000, 0.00000, 1 
0.00000, 0.00000, 1 
0.00000, 0.00000, 1 
0.00000, 0.00000, 1 
0.00000, 0.00000, 1 
0.00000, 0.00000, 1 
0.47169
0.00000, 0.00000, 1 
0.00000, 0.00000, 1 
0.00000, 0.00000, 1 
0.00000, 0.00000, 1 
0.00000, 0.00000, 1 
0.00000, 0.00000, 1 
0.00000, 0.00000, 1 
0.00000, 0.00000, 1 
-0.18310, -0.18310, 1 
2.99401, 3.07725, 1 
1.60327, 1.64548, 1 
0.69985, 0.86746, 1 
0.15454, 0.35438, 1 
0.48296, 0.89303, 1 
0.00203, 0.22700, 1 
1.53326, 1.65935, 1 
-0.76420, 0.15062, 1 
-0.85365, 0.22700, 1 
-1.07109, 0.58545, 1 
-0.29425, 0.05036, 1 
-1.74929, 0.65131, 1 
-1.90358, 2.10953, 1 
-2.04514, -0.86890, 1 
-2.27705, -0.86890, 1 
-2.41892, -0.69377, 1 
-2.48345, -0.67098, 1 
-1.63367, -0.34497, 1 
-0.85212, 0.11244, 1 
-0.54564, 2.17394, 1 
-0.11244, 2.22548, 1 
0.63654, 2.16105, 1 
-2.45764, -1.39466, 1 
-2.31573, -0.35766, 1 
-1.87940, 0.16335, 1 
-1.07314, 0.91604, 1 
0.07831, 1.89072, 1 
0.45913, 2.07089, 1 
1.20547, 2.04514, 1 
0.67453, 2.01940, 1 
1.11710, 1.99365, 1 
-0.76267, 1.95504, 1 
-0.59668, 1.83928, 1 
-0.48186, 1.63367, 1 
-0.31616, 1.55663, 1 
0.06560, 1.47963, 1 
1.00189, 1.41549, 1 
1.30640, 1.35393, 1 
1.15144, 1.18632, 1 
0.45811, 0.48594, 1 
0.39521, 0.42270, 1 
0.33990, 0.36713, 1 
-0.18310, -0.18310, 1 
-0.18310, -0.18310, 1 
0.00000, 0.00000, 1 
0.00000, 0.00000, 1 
0.00000, 0.00000, 1 
0.00000, 0.00000, 1 
0.00000, 0.00000, 1 
0.00000, 0.00000, 1 
0.00000, 0.00000, 1 
0.47740
0.00000, 0.00000, 1 
0.00000, 0.00000, 1 
0.00000, 0.00000, 1 
0.00000, 0.00000, 1 
0.00000, 0.00000, 1 
0.00000, 0.00000, 1 
0.00000, 0.00000, 1 
0.00000, 0.00000, 1 
-0.18310, -0.18310, 1 
2.99401, 3.07725, 1 
2.01716, 2.06883, 1 
0.86435, 0.89507, 1 
0.15454, 0.45636, 1 
0.07831, 0.86746, 1 
0.00203, 0.22700, 1 
1.54585, 1.65935, 1 
-0.35693, 0.12517, 1 
-1.27446, 0.04883, 1 
-0.66306, 0.61200, 1 
-0.71413, -0.35512, 1 
-1.78785, 1.07211, 1 
-1.91645, 2.09665, 1 
-2.04514, -0.50274, 1 
-2.27705, -0.45203, 1 
-2.40602, -0.27695, 1 
-2.48345, -0.40130, 1 
-1.63367, -0.17995, 1 
-0.86490, 0.43086, 1 
-0.55840, 2.17394, 1 
-0.20154, 2.25126, 1 
0.56053, 2.19971, 1 
-2.48345, -1.39466, 1 
-2.32862, -0.35766, 1 
-1.48219, 0.12517, 1 
-1.48219, 0.91604, 1 
0.07831, 2.04514, 1 
0.45913, 2.07089, 1 
1.16760, 2.04514, 1 
1.04132, 2.01940, 1 
1.11710, 1.99365, 1 
-0.63497, 1.94218, 1 
-0.30342, 1.78785, 1 
-0.17608, 1.65935, 1 
-0.71158, 1.55663, 1 
0.02746, 1.47963, 1 
0.86182, 1.42831, 1 
1.16760, 1.22321, 1 
1.13932, 1.17403, 1 
0.45761, 0.48543, 1 
0.39470, 0.42219, 1 
0.33990, 0.36713, 1 
-0.18310, -0.18310, 1 
-0.18310, -0.18310, 1 
0.00000, 0.00000, 1 
0.00000, 0.00000, 1 
0.00000, 0.00000, 1 
0.00000, 0.00000, 1 
0.00000, 0.00000, 1 
0.00000, 0.00000, 1 
0.00000, 0.00000, 1 
0.48329
0.00000, 0.00000, 1 
0.00000, 0.00000, 1 
0.00000, 0.00000, 1 
0.00000, 0.00000, 1 
0.00000, 0.00000, 1 
0.00000, 0.00000, 1 
0.00000, 0.00000, 1 
0.00000, 0.00000, 1 
-0.18310, -0.18310, 1 
2.99401, 3.07725, 1 
2.42997, 2.49326, 1 
0.96853, 1.00046, 1 
0.39572, 0.56095, 1 
0.47181, 0.88126, 1 
0.01475, 0.21427, 1 
1.53326, 1.65935, 1 
-0.17608, 0.12517, 1 
-1.24884, -0.00203, 1 
-1.01990, 1.03270, 1 
-1.13510, 0.02492, 1 
-1.78785, 1.49400, 1 
-1.86500, 2.07089, 1 
-2.01940, -0.08491, 1 
-2.25126, -0.03407, 1 
-2.35442, 0.14146, 1 
-2.45764, 0.01679, 1 
-2.04514, -0.28152, 1 
-0.86490, 0.44361, 1 
-0.55840, 2.16105, 1 
-0.11244, 2.25126, 1 
0.43377, 2.21260, 1 
-2.49636, -1.43247, 1 
-2.32862, -0.42109, 1 
-1.34009, 0.07428, 1 
-1.87940, 0.90325, 1 
0.04017, 2.04514, 1 
0.47181, 2.05802, 1 
0.87700, 2.04514, 1 
0.87700, 2.00652, 1 
0.83905, 1.99365, 1 
-0.21580, 1.92931, 1 
0.11490, 1.72359, 1 
0.24191, 1.62082, 1 
-0.30342, 1.55663, 1 
0.06560, 1.47963, 1 
0.45761, 1.42831, 1 
1.16760, 1.23602, 1 
1.31901, 1.35599, 1 
0.45710, 0.48492, 1 
0.39470, 0.42219, 1 
0.34041, 0.36764, 1 
-0.18310, -0.18310, 1 
-0.18310, -0.18310, 1 
0.00000, 0.00000, 1 
0.00000, 0.00000, 1 
0.00000, 0.00000, 1 
0.00000, 0.00000, 1 
0.00000, 0.00000, 1 
0.00000, 0.00000, 1 
0.00000, 0.00000, 1 
0.48934
0.00000, 0.00000, 1 
0.00000, 0.00000, 1 
0.00000, 0.00000, 1 
0.00000, 0.00000, 1 
0.00000, 0.00000, 1 
0.00000, 0.00000, 1 
0.00000, 0.00000, 1 
0.00000, 0.00000, 1 
-0.18310, -0.18310, 1 
2.99401, 3.07725, 1 
2.84120, 2.91825, 1 
1.37903, 1.41702, 1 
0.63654, 0.66510, 1 
0.86435, 0.89507, 1 
0.02746, 0.20154, 1 
1.52066, 1.65935, 1 
-0.04883, 0.15062, 1 
-1.24884, 0.09972, 1 
-1.37701, 1.45397, 1 
-1.55663, 0.40536, 1 
-1.78785, 1.89072, 1 
-1.78785, 2.04514, 1 
-1.96791, 0.33349, 1 
-2.19971, 0.38446, 1 
-2.30283, 0.53543, 1 
-2.43183, 0.43545, 1 
-1.65935, -0.53518, 1 
-0.89047, 0.40536, 1 
-0.58392, 2.14817, 1 
-0.20154, 2.19971, 1 
0.30691, 2.17394, 1 
-2.45764, -1.44507, 1 
-2.32862, -0.48448, 1 
-1.14637, 0.04883, 1 
-2.22548, 0.91604, 1 
0.05289, 2.07089, 1 
0.48448, 2.04514, 1 
0.63654, 2.04514, 1 
1.09184, 1.99365, 1 
0.53518, 1.99365, 1 
0.20281, 1.91645, 1 
0.53265, 1.63367, 1 
0.65933, 1.58230, 1 
0.10372, 1.55663, 1 
0.10372, 1.47963, 1 
0.05289, 1.42831, 1 
1.16760, 1.24884, 1 
1.39466, 1.43293, 1 
0.45710, 0.48492, 1 
0.39369, 0.42117, 1 
0.34091, 0.36815, 1 
-0.18310, -0.18310, 1 
-0.18310, -0.18310, 1 
0.00000, 0.00000, 1 
0.00000, 0.00000, 1 
0.00000, 0.00000, 1 
0.00000, 0.00000, 1 
0.00000, 0.00000, 1 
0.00000, 0.00000, 1 
0.00000, 0.00000, 1 
0.49546
0.00000, 0.00000, 1 
0.00000, 0.00000, 1 
0.00000, 0.00000, 1 
0.00000, 0.00000, 1 
0.00000, 0.00000, 1 
0.00000, 0.00000, 1 
0.00000, 0.00000, 1 
0.00000, 0.00000, 1 
-0.18310, -0.18310, 1 
2.99401, 3.07725, 1 
2.99401, 3.07725, 1 
1.79199, 1.83825, 1 
0.40840, 0.76267, 1 
0.86435, 0.89507, 1 
0.02746, 0.22700, 1 
1.52066, 1.65935, 1 
-0.04883, 0.37987, 1 
-0.82809, 0.31973, 1 
-1.30009, 1.55663, 1 
-1.55663, 0.35438, 1 
-1.81356, 1.94218, 1 
-1.39138, 2.01940, 1 
-1.96791, 0.75347, 1 
-2.14817, 0.80458, 1 
-2.27705, 0.95594, 1 
-2.45764, 0.85570, 1 
-2.03381, -0.56053, 1 
-1.13510, 0.09972, 1 
-0.58392, 2.14817, 1 
-0.20154, 2.19971, 1 
0.28152, 2.22548, 1 
-2.48345, -1.44507, 1 
-2.38022, -0.50984, 1 
-0.77698, 0.04883, 1 
-1.85368, 0.89047, 1 
-0.04883, 2.07089, 1 
0.48448, 2.04514, 1 
0.66187, 2.04514, 1 
0.99077, 2.04514, 1 
0.91493, 1.99365, 1 
0.62033, 1.89072, 1 
0.91493, 1.60798, 1 
1.07567, 1.58230, 1 
0.52099, 1.55663, 1 
0.52099, 1.47963, 1 
0.02746, 1.00711, 1 
1.14235, 1.24884, 1 
1.36945, 1.40728, 1 
0.45659, 0.48441, 1 
0.39369, 0.42117, 1 
0.34142, 0.36866, 1 
-0.18310, -0.18310, 1 
-0.18310, -0.18310, 1 
0.00000, 0.00000, 1 
0.00000, 0.00000, 1 
0.00000, 0.00000, 1 
0.00000, 0.00000, 1 
0.00000, 0.00000, 1 
0.00000, 0.00000, 1 
0.00000, 0.00000, 1 
0.50157
0.00000, 0.00000, 1 
0.00000, 0.00000, 1 
0.00000, 0.00000, 1 
0.00000, 0.00000, 1 
0.00000, 0.00000, 1 
0.00000, 0.00000, 1 
0.00000, 0.00000, 1 
0.00000, 0.00000, 1 
-0.18310, -0.18310, 1 
2.99401, 3.07725, 1 
2.99401, 3.07725, 1 
2.20388, 2.26054, 1 
0.66187, 0.69064, 1 
0.63654, 0.66510, 1 
0.05289, 0.20154, 1 
1.52066, 1.65935, 1 
-0.04883, 0.76523, 1 
-0.43341, 0.73968, 1 
-1.30009, 1.55663, 1 
-1.58230, 0.71413, 1 
-1.81356, 1.91645, 1 
-0.99534, 1.96791, 1 
-1.96791, 1.17454, 1 
-2.14817, 1.22577, 1 
-2.22548, 1.37701, 1 
-2.17394, 1.27703, 1 
-1.65935, -0.63654, 1 
-1.55663, -0.15454, 1 
-0.60944, 2.17394, 1 
-0.20154, 2.27705, 1 
0.25613, 2.25126, 1 
-2.53509, -1.44507, 1 
-2.40602, -0.48448, 1 
-0.81378, 0.04883, 1 
-1.53352, 0.89047, 1 
0.07831, 2.07089, 1 
0.45913, 2.07089, 1 
0.99077, 2.07089, 1 
1.11710, 2.04514, 1 
1.29378, 1.99365, 1 
0.97561, 1.89072, 1 
1.05142, 1.63367, 1 
1.16507, 1.58230, 1 
0.91240, 1.55663, 1 
0.91240, 1.47963, 1 
0.30691, 0.61200, 1 
0.86182, 1.04396, 1 
1.14235, 1.17659, 1 
0.45608, 0.48390, 1 
0.39318, 0.42066, 1 
0.34193, 0.36917, 1 
-0.18310, -0.18310, 1 
-0.18310, -0.18310, 1 
0.00000, 0.00000, 1 
0.00000, 0.00000, 1 
0.00000, 0.00000, 1 
0.00000, 0.00000, 1 
0.00000, 0.00000, 1 
0.00000, 0.00000, 1 
0.00000, 0.00000, 1 
0.50767
0.00000, 0.00000, 1 
0.00000, 0.00000, 1 
0.00000, 0.00000, 1 
0.00000, 0.00000, 1 
0.00000, 0.00000, 1 
0.00000, 0.00000, 1 
0.00000, 0.00000, 1 
0.00000, 0.00000, 1 
-0.18310, -0.18310, 1 
2.99401, 3.07725, 1 
2.99401, 3.07725, 1 
2.61470, 2.68391, 1 
0.68719, 0.71618, 1 
0.37035, 0.68859, 1 
0.06560, 0.20154, 1 
1.19284, 1.64651, 1 
-0.04883, 1.18632, 1 
-0.24126, 1.16071, 1 
-1.31291, 1.55663, 1 
-1.62082, 1.13510, 1 
-1.80071, 1.89072, 1 
-0.61965, 1.95504, 1 
-1.96791, 1.59668, 1 
-2.16105, 1.64805, 1 
-2.22548, 1.74929, 1 
-2.28994, 1.69943, 1 
-2.07089, -0.58587, 1 
-1.23602, 0.21682, 1 
-0.59668, 2.21260, 1 
-0.22700, 2.32862, 1 
0.49716, 2.26415, 1 
-2.58675, -1.49547, 1 
-2.40602, -0.63654, 1 
-1.01837, -0.15454, 1 
-1.95659, 0.55840, 1 
0.14184, 2.08377, 1 
0.43377, 2.08377, 1 
0.97814, 2.08377, 1 
0.92757, 2.01940, 1 
0.91493, 1.99365, 1 
1.07163, 1.89072, 1 
1.14740, 1.62082, 1 
1.25442, 1.58230, 1 
1.32809, 1.55663, 1 
1.32809, 1.47963, 1 
0.71251, 1.03270, 1 
0.44493, 1.22321, 1 
1.05395, 1.08696, 1 
0.45558, 0.48339, 1 
0.39267, 0.42015, 1 
0.34193, 0.36917, 1 
-0.18310, -0.18310, 1 
-0.18310, -0.18310, 1 
0.00000, 0.00000, 1 
0.00000, 0.00000, 1 
0.00000, 0.00000, 1 
0.00000, 0.00000, 1 
0.00000, 0.00000, 1 
0.00000, 0.00000, 1 
0.00000, 0.00000, 1 
0.51375
0.00000, 0.00000, 1 
0.00000, 0.00000, 1 
0.00000, 0.00000, 1 
0.00000, 0.00000, 1 
0.00000, 0.00000, 1 
0.00000, 0.00000, 1 
0.00000, 0.00000, 1 
0.00000, 0.00000, 1 
-0.18310, -0.18310, 1 
2.99401, 3.07725, 1 
2.99401, 3.07725, 1 
2.99401, 3.07725, 1 
0.71251, 0.74172, 1 
0.10372, 0.71158, 1 
0.07831, 0.20154, 1 
0.86435, 1.63367, 1 
-0.04883, 1.60798, 1 
-0.04883, 1.58230, 1 
-1.32573, 1.55663, 1 
-1.65935, 1.55663, 1 
-1.78785, 1.86500, 1 
-0.24432, 1.94218, 1 
-1.96791, 2.01940, 1 
-2.17394, 2.07089, 1 
-2.22548, 2.12241, 1 
-2.40602, 2.12241, 1 
-2.48345, -0.53518, 1 
-0.91604, 0.58851, 1 
-0.58392, 2.25126, 1 
-0.25247, 2.38022, 1 
0.73783, 2.27705, 1 
-2.63842, -1.54585, 1 
-2.40602, -0.78845, 1 
-1.22321, -0.35766, 1 
-2.38022, 0.22700, 1 
0.20535, 2.09665, 1 
0.40840, 2.09665, 1 
0.96550, 2.09665, 1 
0.73783, 1.99365, 1 
0.76314, 1.99365, 1 
1.16760, 1.89072, 1 
1.24332, 1.60798, 1 
1.34423, 1.58230, 1 
1.31901, 1.53096, 1 
1.16760, 1.47963, 1 
1.11710, 1.45397, 1 
0.02746, 1.37701, 1 
0.96550, 0.99739, 1 
0.45507, 0.48288, 1 
0.39217, 0.41964, 1 
0.34244, 0.36968, 1 
-0.18310, -0.18310, 1 
-0.18310, -0.18310, 1 
0.00000, 0.00000, 1 
0.00000, 0.00000, 1 
0.00000, 0.00000, 1 
0.00000, 0.00000, 1 
0.00000, 0.00000, 1 
0.00000, 0.00000, 1 
0.00000, 0.00000, 1 
0.51982
0.00000, 0.00000, 1 
0.00000, 0.00000, 1 
0.00000, 0.00000, 1 
0.00000, 0.00000, 1 
0.00000, 0.00000, 1 
0.00000, 0.00000, 1 
0.00000, 0.00000, 1 
0.00000, 0.00000, 1 
-0.18310, -0.18310, 1 
2.99401, 3.07725, 1 
2.99401, 3.07725, 1 
2.99401, 3.07725, 1 
1.08780, 1.12127, 1 
0.37035, 0.68859, 1 
0.07831, 0.20154, 1 
0.45913, 1.21194, 1 
-0.04883, 1.18632, 1 
-0.07428, 1.16071, 1 
-0.90479, 1.13510, 1 
-1.72359, 1.55663, 1 
-1.80071, 1.67220, 1 
-0.64518, 1.51966, 1 
-1.94218, 1.98078, 1 
-2.12241, 2.04514, 1 
-2.21260, 2.10953, 1 
-2.31573, 2.10953, 1 
-2.48345, -0.32366, 1 
-1.25037, 0.98357, 1 
-0.60944, 2.25126, 1 
-0.26521, 2.31573, 1 
0.33229, 2.26415, 1 
-2.58675, -1.52066, 1 
-2.43183, -0.75048, 1 
-1.00557, -0.35766, 1 
-1.95659, 0.54564, 1 
-0.01068, 2.09665, 1 
0.43225, 2.08377, 1 
0.76314, 2.05802, 1 
0.73783, 1.99365, 1 
0.83905, 1.94218, 1 
1.12972, 1.81356, 1 
1.15498, 1.60798, 1 
1.25594, 1.59514, 1 
1.23070, 1.35393, 1 
1.26855, 1.47963, 1 
1.23070, 1.44114, 1 
0.02746, 1.33855, 1 
1.11710, 1.15098, 1 
0.45456, 0.48237, 1 
0.39166, 0.41913, 1 
0.34294, 0.37019, 1 
-0.18310, -0.18310, 1 
-0.18310, -0.18310, 1 
0.00000, 0.00000, 1 
0.00000, 0.00000, 1 
0.00000, 0.00000, 1 
0.00000, 0.00000, 1 
0.00000, 0.00000, 1 
0.00000, 0.00000, 1 
0.00000, 0.00000, 1 
0.52586
0.00000, 0.00000, 1 
0.00000, 0.00000, 1 
0.00000, 0.00000, 1 
0.00000, 0.00000, 1 
0.00000, 0.00000, 1 
0.00000, 0.00000, 1 
0.00000, 0.00000, 1 
0.00000, 0.00000, 1 
-0.18310, -0.18310, 1 
2.99401, 3.07725, 1 
2.99401, 3.07725, 1 
2.99401, 3.07725, 1 
1.49799, 1.53815, 1 
0.33229, 0.63497, 1 
0.07831, 0.58392, 1 
0.07831, 0.79078, 1 
-0.04883, 0.76523, 1 
-0.09972, 1.55663, 1 
-0.48441, 0.71413, 1 
-1.78785, 1.55663, 1 
-1.81356, 1.47963, 1 
-1.04652, 1.09771, 1 
-1.91645, 1.94218, 1 
-2.07089, 2.01940, 1 
-2.19971, 2.09665, 1 
-2.22548, 2.09665, 1 
-2.48345, -0.11185, 1 
-1.58487, 1.37958, 1 
-0.63497, 2.25126, 1 
-0.27794, 2.25126, 1 
-0.07428, 2.25126, 1 
-2.53509, -1.49547, 1 
-2.45764, -0.71251, 1 
-0.78822, -0.35766, 1 
-1.53352, 0.86490, 1 
-0.22700, 2.09665, 1 
0.45659, 2.07089, 1 
0.56053, 2.01940, 1 
0.73783, 1.99365, 1 
0.91493, 1.89072, 1 
1.26855, 1.71074, 1 
1.29378, 1.60798, 1 
1.36945, 1.60798, 1 
1.19284, 1.22782, 1 
1.36945, 1.50529, 1 
1.34423, 1.47963, 1 
0.02746, 1.27446, 1 
1.11710, 1.27446, 1 
0.45406, 0.48186, 1 
0.39115, 0.41862, 1 
0.34345, 0.37069, 1 
-0.18310, -0.18310, 1 
-0.18310, -0.18310, 1 
0.00000, 0.00000, 1 
0.00000, 0.00000, 1 
0.00000, 0.00000, 1 
0.00000, 0.00000, 1 
0.00000, 0.00000, 1 
0.00000, 0.00000, 1 
0.00000, 0.00000, 1 
0.53187
0.00000, 0.00000, 1 
0.00000, 0.00000, 1 
0.00000, 0.00000, 1 
0.00000, 0.00000, 1 
0.00000, 0.00000, 1 
0.00000, 0.00000, 1 
0.00000, 0.00000, 1 
0.00000, 0.00000, 1 
-0.18310, -0.18310, 1 
2.99401, 3.07725, 1 
2.99401, 3.07725, 1 
2.99401, 3.07725, 1 
1.91215, 1.96122, 1 
0.33229, 0.55840, 1 
0.05289, 0.39262, 1 
0.00203, 0.37069, 1 
-0.04883, 0.45789, 1 
-0.07428, 1.16071, 1 
-0.30495, 1.13510, 1 
-1.76883, 1.53096, 1 
-1.82642, 1.47963, 1 
-1.45551, 0.67685, 1 
-1.91645, 1.90358, 1 
-2.07089, 2.00652, 1 
-2.18682, 2.10953, 1 
-2.19971, 2.13529, 1 
-2.48345, 0.26877, 1 
-1.60798, 1.77654, 1 
-0.66050, 2.28994, 1 
-0.58392, 2.25126, 1 
-0.15062, 2.25126, 1 
-2.57383, -1.50807, 1 
-2.39312, -0.75048, 1 
-0.97999, -0.40840, 1 
-1.11154, 0.86490, 1 
-0.54921, 2.12241, 1 
0.03865, 2.07089, 1 
0.30691, 2.04514, 1 
0.64768, 1.99365, 1 
1.29378, 1.78785, 1 
1.09184, 1.68505, 1 
1.26855, 1.60798, 1 
1.34423, 1.60798, 1 
0.91493, 0.94622, 1 
1.36945, 1.47963, 1 
1.29378, 1.47963, 1 
0.02746, 0.87922, 1 
1.11710, 1.22321, 1 
0.45355, 0.48135, 1 
0.39065, 0.41811, 1 
0.34396, 0.37120, 1 
-0.18310, -0.18310, 1 
-0.18310, -0.18310, 1 
0.00000, 0.00000, 1 
0.00000, 0.00000, 1 
0.00000, 0.00000, 1 
0.00000, 0.00000, 1 
0.00000, 0.00000, 1 
0.00000, 0.00000, 1 
0.00000, 0.00000, 1 
0.53785
0.00000, 0.00000, 1 
0.00000, 0.00000, 1 
0.00000, 0.00000, 1 
0.00000, 0.00000, 1 
0.00000, 0.00000, 1 
0.00000, 0.00000, 1 
0.00000, 0.00000, 1 
0.00000, 0.00000, 1 
-0.18310, -0.18310, 1 
2.99401, 3.07725, 1 
2.99401, 3.07725, 1 
2.99401, 3.07725, 1 
2.32524, 2.38538, 1 
0.53518, 0.56299, 1 
0.33229, 0.35897, 1 
0.00203, 0.30342, 1 
-0.02340, 0.12517, 1 
-0.04883, 1.55663, 1 
-0.09972, 1.53096, 1 
-1.78785, 1.53096, 1 
-1.83928, 1.47963, 1 
-1.83928, 0.25705, 1 
-1.91645, 1.86500, 1 
-2.07089, 1.99365, 1 
-2.17394, 2.09665, 1 
-2.19971, 2.14817, 1 
-2.38022, 0.68859, 1 
-1.60798, 2.17394, 1 
-0.66050, 2.30283, 1 
-0.58392, 1.83928, 1 
-0.20154, 2.25126, 1 
-2.61259, -1.49547, 1 
-2.30283, -0.81375, 1 
-1.14637, -0.48448, 1 
-0.69064, 0.86490, 1 
-0.91604, 2.09665, 1 
-0.35438, 2.07089, 1 
-0.02340, 2.01940, 1 
0.23074, 1.99365, 1 
1.29378, 1.81356, 1 
1.34423, 1.68505, 1 
1.26855, 1.60798, 1 
1.36945, 1.60798, 1 
0.56053, 0.58851, 1 
1.36945, 1.47963, 1 
1.34423, 1.47963, 1 
0.00203, 0.66050, 1 
1.14235, 1.22321, 1 
0.45304, 0.48084, 1 
0.39065, 0.41811, 1 
0.34396, 0.37120, 1 
-0.18310, -0.18310, 1 
-0.18310, -0.18310, 1 
0.00000, 0.00000, 1 
0.00000, 0.00000, 1 
0.00000, 0.00000, 1 
0.00000, 0.00000, 1 
0.00000, 0.00000, 1 
0.00000, 0.00000, 1 
0.00000, 0.00000, 1 
0.54381
0.00000, 0.00000, 1 
0.00000, 0.00000, 1 
0.00000, 0.00000, 1 
0.00000, 0.00000, 1 
0.00000, 0.00000, 1 
0.00000, 0.00000, 1 
0.00000, 0.00000, 1 
0.00000, 0.00000, 1 
-0.18310, -0.18310, 1 
2.99401, 3.07725, 1 
2.99401, 3.07725, 1 
2.99401, 3.07725, 1 
2.73674, 2.81009, 1 
0.53518, 0.56299, 1 
0.33229, 0.40536, 1 
0.00203, 0.58392, 1 
0.00203, 0.15062, 1 
-0.04883, 1.16071, 1 
-0.47268, 1.13510, 1 
-1.78785, 1.53096, 1 
-1.83928, 1.47963, 1 
-1.89072, -0.16115, 1 
-1.91645, 1.78785, 1 
-2.04514, 1.94218, 1 
-2.14817, 2.12241, 1 
-2.17394, 2.17394, 1 
-1.99365, 1.10949, 1 
-1.58230, 2.25126, 1 
-0.71158, 2.27705, 1 
-0.58392, 1.44268, 1 
-0.22700, 2.25126, 1 
-2.58675, -1.52066, 1 
-1.90513, -0.81375, 1 
-1.14637, -0.48448, 1 
-0.49615, 1.26319, 1 
-0.96720, 2.07089, 1 
-0.55840, 2.07089, 1 
-0.22700, 1.99365, 1 
0.64768, 1.86500, 1 
0.94022, 1.78785, 1 
1.14235, 1.68505, 1 
1.26855, 1.60798, 1 
1.41987, 1.60798, 1 
0.20535, 0.27794, 1 
1.39466, 1.47963, 1 
1.29378, 1.47963, 1 
0.00203, 0.43086, 1 
1.09184, 1.22321, 1 
0.45253, 0.48033, 1 
0.39014, 0.41760, 1 
0.34447, 0.37171, 1 
-0.18310, -0.18310, 1 
-0.18310, -0.18310, 1 
0.00000, 0.00000, 1 
0.00000, 0.00000, 1 
0.00000, 0.00000, 1 
0.00000, 0.00000, 1 
0.00000, 0.00000, 1 
0.00000, 0.00000, 1 
0.00000, 0.00000, 1 
0.54975
0.00000, 0.00000, 1 
0.00000, 0.00000, 1 
0.00000, 0.00000, 1 
0.00000, 0.00000, 1 
0.00000, 0.00000, 1 
0.00000, 0.00000, 1 
0.00000, 0.00000, 1 
0.00000, 0.00000, 1 
-0.18310, -0.18310, 1 
2.99401, 3.07725, 1 
2.99401, 3.07725, 1 
2.99401, 3.07725, 1 
2.99401, 3.07725, 1 
0.50984, 0.53748, 1 
0.35766, 0.38446, 1 
0.25613, 0.58392, 1 
0.00203, 0.53288, 1 
-0.04883, 0.73968, 1 
-0.89303, 0.73712, 1 
-1.78785, 1.50529, 1 
-1.83928, 1.47963, 1 
-1.91645, -0.57877, 1 
-1.91645, 1.60798, 1 
-2.09665, 1.83928, 1 
-2.14817, 2.19971, 1 
-2.17394, 2.25126, 1 
-2.38022, 1.46834, 1 
-1.66192, 2.25126, 1 
-0.89047, 2.30283, 1 
-0.58392, 1.04396, 1 
-0.22700, 2.25126, 1 
-2.61259, -1.49547, 1 
-1.48219, -0.81375, 1 
-1.19759, -0.43377, 1 
-0.91604, 1.68505, 1 
-1.04396, 2.07089, 1 
-0.78822, 2.12241, 1 
-0.50737, 1.99365, 1 
0.78845, 1.78785, 1 
0.91493, 1.78785, 1 
1.29378, 1.68505, 1 
1.41987, 1.60798, 1 
1.41987, 1.60798, 1 
-0.09972, 0.09972, 1 
1.39466, 1.47963, 1 
1.31901, 1.47963, 1 
0.00203, 0.53543, 1 
1.09184, 1.22321, 1 
0.45203, 0.47982, 1 
0.38963, 0.41709, 1 
0.34497, 0.37222, 1 
-0.18310, -0.18310, 1 
-0.18310, -0.18310, 1 
0.00000, 0.00000, 1 
0.00000, 0.00000, 1 
0.00000, 0.00000, 1 
0.00000, 0.00000, 1 
0.00000, 0.00000, 1 
0.00000, 0.00000, 1 
0.00000, 0.00000, 1 
0.55565
0.00000, 0.00000, 1 
0.00000, 0.00000, 1 
0.00000, 0.00000, 1 
0.00000, 0.00000, 1 
0.00000, 0.00000, 1 
0.00000, 0.00000, 1 
0.00000, 0.00000, 1 
0.00000, 0.00000, 1 
-0.18310, -0.18310, 1 
2.99401, 3.07725, 1 
2.99401, 3.07725, 1 
2.99401, 3.07725, 1 
2.99401, 3.07725, 1 
0.31909, 0.34623, 1 
0.24344, 0.26979, 1 
0.25613, 0.55840, 1 
0.00203, 0.58392, 1 
-0.04883, 0.63650, 1 
-1.30163, 0.62221, 1 
-1.78785, 1.49246, 1 
-1.83928, 1.47963, 1 
-1.91645, -0.65832, 1 
-1.91645, 1.47963, 1 
-2.09665, 1.78785, 1 
-2.13529, 2.22548, 1 
-2.17394, 2.26415, 1 
-2.22548, 1.86500, 1 
-2.07244, 2.26415, 1 
-0.80100, 2.28994, 1 
-0.59668, 0.63497, 1 
-0.22700, 2.25126, 1 
-2.58675, -1.52066, 1 
-1.36573, -0.82640, 1 
-1.22321, -0.42109, 1 
-0.81378, 2.07089, 1 
-1.04396, 2.07089, 1 
-0.92883, 2.14817, 1 
-0.77545, 1.99365, 1 
0.40840, 1.76214, 1 
1.11710, 1.76214, 1 
1.36945, 1.68505, 1 
1.44507, 1.60798, 1 
1.41987, 1.55663, 1 
-0.22700, -0.10372, 1 
1.36945, 1.47963, 1 
1.30640, 1.47963, 1 
-0.01068, 0.95594, 1 
1.09184, 1.22321, 1 
0.45152, 0.47931, 1 
0.38912, 0.41658, 1 
0.34548, 0.37273, 1 
-0.18310, -0.18310, 1 
-0.18310, -0.18310, 1 
0.00000, 0.00000, 1 
0.00000, 0.00000, 1 
0.00000, 0.00000, 1 
0.00000, 0.00000, 1 
0.00000, 0.00000, 1 
0.00000, 0.00000, 1 
0.00000, 0.00000, 1 
0.56154
0.00000, 0.00000, 1 
0.00000, 0.00000, 1 
0.00000, 0.00000, 1 
0.00000, 0.00000, 1 
0.00000, 0.00000, 1 
0.00000, 0.00000, 1 
0.00000, 0.00000, 1 
0.00000, 0.00000, 1 
-0.18310, -0.18310, 1 
2.99401, 3.07725, 1 
2.99401, 3.07725, 1 
2.99401, 3.07725, 1 
2.99401, 3.07725, 1 
0.20738, 0.23413, 1 
0.23074, 0.25705, 1 
0.25613, 0.28253, 1 
0.20535, 0.55840, 1 
-0.04883, 0.50737, 1 
-1.68505, 0.48186, 1 
-1.78785, 1.47963, 1 
-1.83928, 1.47963, 1 
-1.89072, -0.73783, 1 
-1.91645, 1.32573, 1 
-2.07089, 1.73644, 1 
-2.12241, 2.22548, 1 
-2.17394, 2.25126, 1 
-2.38022, 2.22548, 1 
-2.45764, 2.25126, 1 
-0.89047, 2.27705, 1 
-0.60944, 0.21580, 1 
-0.22700, 1.82796, 1 
-2.53509, -1.54585, 1 
-1.22321, -0.83905, 1 
-1.22321, -0.35766, 1 
-0.73712, 2.09665, 1 
-1.01837, 2.04514, 1 
-1.04396, 2.14817, 1 
-1.01837, 1.96791, 1 
0.05289, 1.73644, 1 
1.21809, 1.73644, 1 
1.41987, 1.68505, 1 
1.47027, 1.60798, 1 
1.44507, 1.55663, 1 
-0.53288, -0.50527, 1 
1.36945, 1.47963, 1 
1.29378, 1.47963, 1 
0.00203, 1.35137, 1 
1.09184, 1.22321, 1 
0.45152, 0.47931, 1 
0.38862, 0.41607, 1 
0.34548, 0.37273, 1 
-0.18310, -0.18310, 1 
-0.18310, -0.18310, 1 
0.00000, 0.00000, 1 
0.00000, 0.00000, 1 
0.00000, 0.00000, 1 
0.00000, 0.00000, 1 
0.00000, 0.00000, 1 
0.00000, 0.00000, 1 
0.00000, 0.00000, 1 
0.56740
0.00000, 0.00000, 1 
0.00000, 0.00000, 1 
0.00000, 0.00000, 1 
0.00000, 0.00000, 1 
0.00000, 0.00000, 1 
0.00000, 0.00000, 1 
0.00000, 0.00000, 1 
0.00000, 0.00000, 1 
-0.18310, -0.18310, 1 
2.99401, 3.07725, 1 
2.99401, 3.07725, 1 
2.99401, 3.07725, 1 
2.99401, 3.07725, 1 
0.09508, 0.12161, 1 
0.16318, 0.18983, 1 
0.02238, 0.04833, 1 
0.10372, 0.13942, 1 
-0.45789, 0.09972, 1 
-1.71074, 0.27794, 1 
-1.78785, 1.26165, 1 
-1.83928, 1.46680, 1 
-1.90358, -0.39572, 1 
-1.91645, 0.94315, 1 
-2.03227, 1.85214, 1 
-2.09665, 1.84082, 1 
-2.16105, 1.86654, 1 
-2.19971, 1.84082, 1 
-2.07244, 1.86654, 1 
-0.87768, 2.28994, 1 
-0.62221, -0.10372, 1 
-0.23974, 2.25126, 1 
-2.14972, -1.54585, 1 
-0.84087, -0.62286, 1 
-1.55663, -0.43377, 1 
-0.57116, 2.10953, 1 
-1.35291, 2.05802, 1 
-0.90325, 2.08377, 1 
-0.76267, 1.91645, 1 
0.43225, 1.73644, 1 
1.25594, 1.72359, 1 
1.44507, 1.67220, 1 
1.40726, 1.60798, 1 
1.43247, 1.56947, 1 
-0.36713, -0.34041, 1 
1.36945, 1.47963, 1 
1.31901, 1.47963, 1 
-0.02340, 1.40266, 1 
1.09184, 1.22321, 1 
0.45101, 0.47880, 1 
0.38811, 0.41556, 1 
0.34599, 0.37324, 1 
-0.18310, -0.18310, 1 
-0.18310, -0.18310, 1 
0.00000, 0.00000, 1 
0.00000, 0.00000, 1 
0.00000, 0.00000, 1 
0.00000, 0.00000, 1 
0.00000, 0.00000, 1 
0.00000, 0.00000, 1 
0.00000, 0.00000, 1 
0.57327
0.00000, 0.00000, 1 
0.00000, 0.00000, 1 
0.00000, 0.00000, 1 
0.00000, 0.00000, 1 
0.00000, 0.00000, 1 
0.00000, 0.00000, 1 
0.00000, 0.00000, 1 
0.00000, 0.00000, 1 
-0.18310, -0.18310, 1 
2.99401, 3.07725, 1 
2.99401, 3.07725, 1 
2.99401, 3.07725, 1 
2.99401, 3.07725, 1 
-0.01679, 0.00966, 1 
-0.04171, -0.01526, 1 
-0.39160, -0.36477, 1 
-0.25909, -0.23277, 1 
-0.86746, -0.27898, 1 
-1.71074, 0.04883, 1 
-1.78785, 1.04396, 1 
-1.83928, 1.45397, 1 
-1.89072, -0.05289, 1 
-1.91645, 0.53543, 1 
-1.96791, 1.96791, 1 
-2.07089, 1.43088, 1 
-2.14817, 1.45653, 1 
-2.19971, 1.43088, 1 
-1.66192, 1.45653, 1 
-0.89047, 2.27705, 1 
-0.63497, -0.43377, 1 
-0.25247, 2.25126, 1 
-1.73901, -1.54585, 1 
-0.43341, -0.40637, 1 
-1.86500, -0.45913, 1 
-0.37987, 2.09665, 1 
-1.66192, 2.04514, 1 
-0.73712, 1.99365, 1 
-0.48186, 1.83928, 1 
0.83652, 1.73644, 1 
1.14235, 1.68505, 1 
1.47027, 1.65935, 1 
1.34423, 1.60798, 1 
1.44507, 1.58230, 1 
-0.15062, -0.12456, 1 
1.34423, 1.47963, 1 
1.31901, 1.35599, 1 
0.00203, 1.42831, 1 
1.09184, 1.22321, 1 
0.45051, 0.47829, 1 
0.38760, 0.41505, 1 
0.34650, 0.37375, 1 
-0.18310, -0.18310, 1 
-0.18310, -0.18310, 1 
0.00000, 0.00000, 1 
0.00000, 0.00000, 1 
0.00000, 0.00000, 1 
0.00000, 0.00000, 1 
0.00000, 0.00000, 1 
0.00000, 0.00000, 1 
0.00000, 0.00000, 1 
0.57914
0.00000, 0.00000, 1 
0.00000, 0.00000, 1 
0.00000, 0.00000, 1 
0.00000, 0.00000, 1 
0.00000, 0.00000, 1 
0.00000, 0.00000, 1 
0.00000, 0.00000, 1 
0.00000, 0.00000, 1 
-0.18310, -0.18310, 1 
2.99401, 3.07725, 1 
2.99401, 3.07725, 1 
2.99401, 3.07725, 1 
2.99401, 3.07725, 1 
-0.12924, -0.10271, 1 
-0.24636, -0.21957, 1 
-0.77698, -0.74745, 1 
-0.66306, -0.63451, 1 
-1.28882, -0.69631, 1 
-1.71074, -0.36883, 1 
-1.78785, 0.81378, 1 
-1.83928, 1.04396, 1 
-1.89072, -0.00203, 1 
-1.91645, 0.11601, 1 
-1.96791, 2.30283, 1 
-2.04514, 1.00916, 1 
-2.14817, 1.03475, 1 
-2.19971, 1.02093, 1 
-2.04514, 1.03475, 1 
-0.89047, 2.30283, 1 
-0.98152, -0.85019, 1 
-0.25247, 1.82796, 1 
-1.31650, -1.28016, 1 
-0.25247, -0.02746, 1 
-2.23992, -0.48448, 1 
0.03865, 2.09665, 1 
-1.25037, 2.04514, 1 
-0.45636, 1.91645, 1 
-0.20154, 1.78785, 1 
0.94022, 1.73644, 1 
1.30287, 1.71074, 1 
1.34423, 1.65935, 1 
1.41987, 1.60798, 1 
1.44507, 1.60798, 1 
0.10372, 0.27794, 1 
1.36945, 1.47963, 1 
1.34423, 1.47963, 1 
0.00203, 1.40266, 1 
1.09184, 1.22321, 1 
0.45000, 0.47778, 1 
0.38760, 0.41505, 1 
0.34700, 0.37426, 1 
-0.18310, -0.18310, 1 
-0.18310, -0.18310, 1 
0.00000, 0.00000, 1 
0.00000, 0.00000, 1 
0.00000, 0.00000, 1 
0.00000, 0.00000, 1 
0.00000, 0.00000, 1 
0.00000, 0.00000, 1 
0.00000, 0.00000, 1 
0.58501
0.00000, 0.00000, 1 
0.00000, 0.00000, 1 
0.00000, 0.00000, 1 
0.00000, 0.00000, 1 
0.00000, 0.00000, 1 
0.00000, 0.00000, 1 
0.00000, 0.00000, 1 
0.00000, 0.00000, 1 
-0.18310, -0.18310, 1 
2.99401, 3.07725, 1 
2.99401, 3.07725, 1 
2.99401, 3.07725, 1 
2.99401, 3.07725, 1 
-0.24177, -0.21500, 1 
-0.45177, -0.42413, 1 
-1.19759, -1.16306, 1 
-1.08389, -1.05092, 1 
-1.71074, -0.99077, 1 
-1.78785, -0.78592, 1 
-1.83928, 0.81378, 1 
-1.89072, 0.94162, 1 
-1.89072, -0.02746, 1 
-1.96791, -0.30234, 1 
-1.96791, 2.38022, 1 
-2.09665, 0.58851, 1 
-2.12241, 0.61404, 1 
-2.17394, 0.61200, 1 
-2.38022, 0.61404, 1 
-0.91604, 2.30283, 1 
-1.40266, -1.11710, 1 
-0.25247, 1.45397, 1 
-0.89507, -0.86435, 1 
-0.27794, 0.02340, 1 
-2.66427, -0.50984, 1 
0.43377, 2.12241, 1 
-0.82911, 2.09665, 1 
-0.37987, 2.01940, 1 
-0.12517, 1.81356, 1 
1.11710, 1.78785, 1 
0.88711, 1.68505, 1 
1.36945, 1.65935, 1 
1.49547, 1.60798, 1 
1.44507, 1.58230, 1 
0.20535, 0.27794, 1 
1.36945, 1.47963, 1 
1.34423, 1.47963, 1 
-0.02340, 1.42831, 1 
1.09184, 1.27446, 1 
0.44949, 0.47727, 1 
0.38709, 0.41454, 1 
0.34751, 0.37477, 1 
-0.18310, -0.18310, 1 
-0.18310, -0.18310, 1 
0.00000, 0.00000, 1 
0.00000, 0.00000, 1 
0.00000, 0.00000, 1 
0.00000, 0.00000, 1 
0.00000, 0.00000, 1 
0.00000, 0.00000, 1 
0.00000, 0.00000, 1 
0.59088
0.00000, 0.00000, 1 
0.00000, 0.00000, 1 
0.00000, 0.00000, 1 
0.00000, 0.00000, 1 
0.00000, 0.00000, 1 
0.00000, 0.00000, 1 
0.00000, 0.00000, 1 
0.00000, 0.00000, 1 
-0.18310, -0.18310, 1 
2.99401, 3.07725, 1 
2.99401, 3.07725, 1 
2.99401, 3.07725, 1 
2.99401, 3.07725, 1 
-0.35387, -0.32670, 1 
-0.65744, -0.62843, 1 
-1.27446, -1.23878, 1 
-1.47963, -1.31901, 1 
-1.71074, -1.16760, 1 
-1.76214, -0.76314, 1 
-1.81356, 0.71158, 1 
-1.83928, 0.81378, 1 
-1.89072, -0.05289, 1 
-1.91645, -0.71909, 1 
-1.96791, 2.38022, 1 
-2.01940, 0.16946, 1 
-2.14817, 0.19492, 1 
-2.19971, 1.03270, 1 
-2.45764, 1.00916, 1 
-0.94162, 2.30283, 1 
-1.42831, -1.39012, 1 
-0.25247, 1.45397, 1 
-0.48186, -0.45456, 1 
-0.27794, 0.02340, 1 
-2.63842, -0.41956, 1 
0.71251, 2.09665, 1 
-0.73712, 2.04514, 1 
-0.20154, 1.96791, 1 
0.12913, 1.81356, 1 
1.11710, 1.76214, 1 
1.30287, 1.68505, 1 
1.34423, 1.68505, 1 
1.49547, 1.60798, 1 
1.41987, 1.60798, 1 
0.62235, 0.65080, 1 
1.41987, 1.47963, 1 
1.29378, 1.47963, 1 
0.00203, 1.42831, 1 
1.14235, 1.24884, 1 
0.44898, 0.47676, 1 
0.38659, 0.41403, 1 
0.34751, 0.37477, 1 
-0.18310, -0.18310, 1 
-0.18310, -0.18310, 1 
0.00000, 0.00000, 1 
0.00000, 0.00000, 1 
0.00000, 0.00000, 1 
0.00000, 0.00000, 1 
0.00000, 0.00000, 1 
0.00000, 0.00000, 1 
0.00000, 0.00000, 1 
0.59675
0.00000, 0.00000, 1 
0.00000, 0.00000, 1 
0.00000, 0.00000, 1 
0.00000, 0.00000, 1 
0.00000, 0.00000, 1 
0.00000, 0.00000, 1 
0.00000, 0.00000, 1 
0.00000, 0.00000, 1 
-0.18310, -0.18310, 1 
2.99401, 3.07725, 1 
2.99401, 3.07725, 1 
2.99401, 3.07725, 1 
2.99401, 3.07725, 1 
-0.46656, -0.43884, 1 
-0.86337, -0.83248, 1 
-1.35137, -1.31447, 1 
-1.71074, -1.36945, 1 
-1.71074, -1.24332, 1 
-1.78785, -0.61121, 1 
-1.83928, 0.68604, 1 
-1.83928, 0.83934, 1 
-1.91645, 0.10226, 1 
-1.91645, -1.13528, 1 
-1.96791, 2.38022, 1 
-2.04514, -0.23074, 1 
-2.12241, -0.22363, 1 
-2.17394, 1.44268, 1 
-2.32862, 1.43088, 1 
-0.94162, 2.32862, 1 
-1.81356, -1.72206, 1 
-0.58392, 1.47963, 1 
-0.17608, -0.10372, 1 
-0.04883, -0.02289, 1 
-2.69011, -0.40840, 1 
1.09184, 2.12241, 1 
-0.66050, 2.07089, 1 
-0.02340, 1.91645, 1 
0.38303, 1.81356, 1 
1.11710, 1.78785, 1 
0.88711, 1.68505, 1 
1.34423, 1.68505, 1 
1.47027, 1.60798, 1 
1.41987, 1.60798, 1 
0.94022, 0.97180, 1 
1.41987, 1.55663, 1 
1.11710, 1.47963, 1 
-0.02340, 1.42831, 1 
1.14235, 1.30009, 1 
0.44848, 0.47625, 1 
0.38608, 0.41352, 1 
0.34802, 0.37528, 1 
-0.18310, -0.18310, 1 
-0.18310, -0.18310, 1 
0.00000, 0.00000, 1 
0.00000, 0.00000, 1 
0.00000, 0.00000, 1 
0.00000, 0.00000, 1 
0.00000, 0.00000, 1 
0.00000, 0.00000, 1 
0.00000, 0.00000, 1 
0.60261
0.00000, 0.00000, 1 
0.00000, 0.00000, 1 
0.00000, 0.00000, 1 
0.00000, 0.00000, 1 
0.00000, 0.00000, 1 
0.00000, 0.00000, 1 
0.00000, 0.00000, 1 
0.00000, 0.00000, 1 
-0.18310, -0.18310, 1 
2.99401, 3.07725, 1 
2.99401, 3.07725, 1 
2.99401, 3.07725, 1 
2.99401, 3.07725, 1 
-0.57882, -0.55039, 1 
-1.06904, -1.03576, 1 
-1.47963, -1.44054, 1 
-1.67220, -1.35684, 1 
-1.71074, -1.28117, 1 
-1.77500, -0.56053, 1 
-1.82642, 0.69881, 1 
-1.85214, 0.86490, 1 
-1.91645, 0.52166, 1 
-1.91645, -1.25241, 1 
-1.94218, 2.38022, 1 
-2.00652, -0.30944, 1 
-2.10953, -0.61577, 1 
-2.17394, 1.86500, 1 
-1.94218, 1.85368, 1 
-0.96720, 2.32862, 1 
-2.11107, -2.04880, 1 
-0.27794, 1.55663, 1 
-0.25247, 0.27794, 1 
0.17995, 0.20612, 1 
-2.66427, -0.41956, 1 
1.10447, 2.05802, 1 
-0.54564, 2.04514, 1 
0.11643, 1.92931, 1 
0.56053, 1.80071, 1 
1.07163, 1.73644, 1 
0.47028, 1.73644, 1 
1.36945, 1.68505, 1 
1.44507, 1.60798, 1 
1.40726, 1.58230, 1 
1.24332, 1.27908, 1 
1.36945, 1.55663, 1 
1.06658, 1.47963, 1 
0.00203, 1.42831, 1 
1.14235, 1.30009, 1 
0.44797, 0.47574, 1 
0.38557, 0.41301, 1 
0.34853, 0.37579, 1 
-0.18310, -0.18310, 1 
-0.18310, -0.18310, 1 
0.00000, 0.00000, 1 
0.00000, 0.00000, 1 
0.00000, 0.00000, 1 
0.00000, 0.00000, 1 
0.00000, 0.00000, 1 
0.00000, 0.00000, 1 
0.00000, 0.00000, 1 
0.60848
0.00000, 0.00000, 1 
0.00000, 0.00000, 1 
0.00000, 0.00000, 1 
0.00000, 0.00000, 1 
0.00000, 0.00000, 1 
0.00000, 0.00000, 1 
0.00000, 0.00000, 1 
0.00000, 0.00000, 1 
-0.18310, -0.18310, 1 
2.99401, 3.07725, 1 
2.99401, 3.07725, 1 
2.99401, 3.07725, 1 
2.99401, 3.07725, 1 
-0.69166, -0.66237, 1 
-1.27549, -1.23928, 1 
-1.55663, -1.51613, 1 
-1.65935, -1.36945, 1 
-1.71074, -1.36945, 1 
-1.76214, -0.53518, 1 
-1.81356, 0.66050, 1 
-1.83928, 0.83934, 1 
-1.91645, 0.91604, 1 
-1.91645, -1.41987, 1 
-1.89072, 2.38022, 1 
-1.96791, -0.72669, 1 
-2.07089, -1.03222, 1 
-2.17394, 2.25126, 1 
-2.32862, 2.25126, 1 
-0.96720, 2.30283, 1 
-2.50927, -2.14468, 1 
-0.60944, 1.45397, 1 
-0.17608, 0.30342, 1 
0.38303, 0.40995, 1 
-2.66427, -0.43377, 1 
1.09184, 2.09665, 1 
-0.37987, 2.01940, 1 
0.28152, 1.91645, 1 
0.76314, 1.81356, 1 
1.00088, 1.73644, 1 
0.78389, 1.68505, 1 
1.49547, 1.65935, 1 
1.44507, 1.60798, 1 
1.44507, 1.58230, 1 
1.44507, 1.55663, 1 
1.36945, 1.53096, 1 
1.09184, 1.47963, 1 
0.02746, 1.40266, 1 
1.14235, 1.30009, 1 
0.44746, 0.47523, 1 
0.38506, 0.41250, 1 
0.34903, 0.37630, 1 
-0.18310, -0.18310, 1 
-0.18310, -0.18310, 1 
0.00000, 0.00000, 1 
0.00000, 0.00000, 1 
0.00000, 0.00000, 1 
0.00000, 0.00000, 1 
0.00000, 0.00000, 1 
0.00000, 0.00000, 1 
0.00000, 0.00000, 1 
0.61435
0.00000, 0.00000, 1 
0.00000, 0.00000, 1 
0.00000, 0.00000, 1 
0.00000, 0.00000, 1 
0.00000, 0.00000, 1 
0.00000, 0.00000, 1 
0.00000, 0.00000, 1 
0.00000, 0.00000, 1 
-0.18310, -0.18310, 1 
2.99401, 3.07725, 1 
2.99401, 3.07725, 1 
2.99401, 3.07725, 1 
2.99401, 3.07725, 1 
-0.80407, -0.77377, 1 
-1.24884, -1.21354, 1 
-1.55663, -1.41987, 1 
-1.65935, -1.36945, 1 
-1.71074, -1.21809, 1 
-1.78785, -0.49564, 1 
-1.83928, 0.55840, 1 
-1.83928, 0.76267, 1 
-1.89072, 1.28882, 1 
-1.91645, -1.41987, 1 
-1.46834, 2.38022, 1 
-1.96791, -1.14286, 1 
-2.04514, -1.11710, 1 
-2.17394, 1.82796, 1 
-2.32862, 2.30283, 1 
-0.96720, 2.30283, 1 
-2.08532, -1.74722, 1 
-0.25247, 1.50529, 1 
-0.25247, -0.11490, 1 
0.25613, 0.28253, 1 
-2.66427, -0.33229, 1 
0.71251, 1.99365, 1 
-0.55840, 2.01940, 1 
0.23074, 1.89072, 1 
0.76314, 1.81356, 1 
1.14235, 1.76214, 1 
1.19941, 1.68505, 1 
1.47027, 1.68505, 1 
1.44507, 1.60798, 1 
1.47027, 1.60798, 1 
1.41987, 1.55663, 1 
1.36945, 1.55663, 1 
1.09184, 1.47963, 1 
0.44493, 1.40266, 1 
1.16760, 1.30009, 1 
0.44695, 0.47472, 1 
0.38456, 0.41199, 1 
0.34954, 0.37681, 1 
-0.18310, -0.18310, 1 
-0.18310, -0.18310, 1 
0.00000, 0.00000, 1 
0.00000, 0.00000, 1 
0.00000, 0.00000, 1 
0.00000, 0.00000, 1 
0.00000, 0.00000, 1 
0.00000, 0.00000, 1 
0.00000, 0.00000, 1 
0.62021
0.00000, 0.00000, 1 
0.00000, 0.00000, 1 
0.00000, 0.00000, 1 
0.00000, 0.00000, 1 
0.00000, 0.00000, 1 
0.00000, 0.00000, 1 
0.00000, 0.00000, 1 
0.00000, 0.00000, 1 
-0.18310, -0.18310, 1 
2.99401, 3.07725, 1 
2.99401, 3.07725, 1 
2.99401, 3.07725, 1 
2.99401, 3.07725, 1 
-0.91706, -0.88560, 1 
-1.35137, -1.31447, 1 
-1.63367, -1.45515, 1 
-1.68505, -1.29378, 1 
-1.71074, -0.94022, 1 
-1.80071, -0.07831, 1 
-1.85214, 0.53288, 1 
-1.86500, 0.82911, 1 
-1.94218, 1.71074, 1 
-1.91645, -1.32910, 1 
-1.09771, 2.40602, 1 
-1.96791, -1.27411, 1 
-2.08377, -1.11255, 1 
-2.17394, 1.43088, 1 
-2.27705, 2.32862, 1 
-0.96720, 2.32862, 1 
-1.71331, -1.33717, 1 
-0.30342, 1.64651, 1 
-0.61200, -0.50730, 1 
0.02746, 0.05341, 1 
-2.72889, -0.54786, 1 
0.45913, 1.99365, 1 
-0.76523, 2.03227, 1 
0.11643, 1.92931, 1 
0.72517, 1.81356, 1 
1.21809, 1.78785, 1 
0.83905, 1.68505, 1 
1.28117, 1.67220, 1 
1.34423, 1.60798, 1 
1.38205, 1.60798, 1 
1.39466, 1.56947, 1 
1.21809, 1.25345, 1 
1.16760, 1.47963, 1 
0.83652, 1.42831, 1 
1.28117, 1.34111, 1 
0.44645, 0.47421, 1 
0.38456, 0.41199, 1 
0.34954, 0.37681, 1 
-0.18310, -0.18310, 1 
-0.18310, -0.18310, 1 
0.00000, 0.00000, 1 
0.00000, 0.00000, 1 
0.00000, 0.00000, 1 
0.00000, 0.00000, 1 
0.00000, 0.00000, 1 
0.00000, 0.00000, 1 
0.00000, 0.00000, 1 
0.62607
0.00000, 0.00000, 1 
0.00000, 0.00000, 1 
0.00000, 0.00000, 1 
0.00000, 0.00000, 1 
0.00000, 0.00000, 1 
0.00000, 0.00000, 1 
0.00000, 0.00000, 1 
0.00000, 0.00000, 1 
-0.18310, -0.18310, 1 
2.99401, 3.07725, 1 
2.99401, 3.07725, 1 
2.99401, 3.07725, 1 
2.99401, 3.07725, 1 
-1.03014, -0.99735, 1 
-1.35137, -1.31447, 1 
-1.64651, -1.38710, 1 
-1.69789, -1.26855, 1 
-1.73644, -0.76314, 1 
-1.79454, 0.16335, 1 
-1.84596, 0.43086, 1 
-1.85214, 0.40893, 1 
-1.92931, 2.08377, 1 
-1.91645, -1.32405, 1 
-0.67685, 2.43183, 1 
-1.96791, -1.37197, 1 
-2.07759, -1.15245, 1 
-1.87786, 1.02195, 1 
-1.90358, 2.35442, 1 
-0.96720, 2.32862, 1 
-1.29087, -0.92151, 1 
-0.31616, 1.70457, 1 
-1.03270, -0.88813, 1 
-0.09972, -0.07373, 1 
-2.73561, -0.56661, 1 
0.78845, 2.00652, 1 
-0.93241, 2.01322, 1 
0.04628, 1.92314, 1 
0.71859, 1.81356, 1 
1.11457, 1.78785, 1 
0.81122, 1.68505, 1 
1.24938, 1.66603, 1 
1.09588, 1.63367, 1 
1.40071, 1.60798, 1 
1.38205, 1.48835, 1 
1.20547, 1.40523, 1 
1.16760, 1.50529, 1 
1.00189, 1.45397, 1 
1.33767, 1.38676, 1 
0.44594, 0.47370, 1 
0.38405, 0.41148, 1 
0.35005, 0.37732, 1 
-0.18310, -0.18310, 1 
-0.18310, -0.18310, 1 
0.00000, 0.00000, 1 
0.00000, 0.00000, 1 
0.00000, 0.00000, 1 
0.00000, 0.00000, 1 
0.00000, 0.00000, 1 
0.00000, 0.00000, 1 
0.00000, 0.00000, 1 
0.63192
0.00000, 0.00000, 1 
0.00000, 0.00000, 1 
0.00000, 0.00000, 1 
0.00000, 0.00000, 1 
0.00000, 0.00000, 1 
0.00000, 0.00000, 1 
0.00000, 0.00000, 1 
0.00000, 0.00000, 1 
-0.18310, -0.18310, 1 
2.99401, 3.07725, 1 
2.99401, 3.07725, 1 
2.99401, 3.07725, 1 
2.99401, 3.07725, 1 
-1.14278, -1.10851, 1 
-1.35137, -1.31447, 1 
-1.65935, -1.31901, 1 
-1.71074, -1.24332, 1 
-1.76214, -0.58587, 1 
-1.78785, 0.40536, 1 
-1.83928, 0.32890, 1 
-1.83928, -0.01017, 1 
-1.91645, 2.45764, 1 
-1.91645, -1.31901, 1 
-0.25705, 2.45764, 1 
-1.96791, -1.47027, 1 
-2.07089, -1.19284, 1 
-1.58230, 0.61404, 1 
-1.53096, 2.38022, 1 
-0.96720, 2.32862, 1 
-0.86950, -0.50527, 1 
-0.32890, 1.76214, 1 
-1.45397, -1.26855, 1 
-0.22700, -0.20077, 1 
-2.74182, -0.58587, 1 
1.11710, 2.01940, 1 
-1.09976, 1.99365, 1 
-0.02340, 1.91645, 1 
0.71251, 1.81356, 1 
1.01150, 1.78785, 1 
0.78389, 1.68505, 1 
1.21809, 1.65935, 1 
0.84715, 1.65935, 1 
1.41987, 1.60798, 1 
1.36945, 1.40728, 1 
1.19284, 1.55663, 1 
1.16760, 1.53096, 1 
1.16760, 1.47963, 1 
1.39466, 1.43293, 1 
0.44543, 0.47319, 1 
0.38354, 0.41097, 1 
0.35056, 0.37783, 1 
-0.18310, -0.18310, 1 
-0.18310, -0.18310, 1 
0.00000, 0.00000, 1 
0.00000, 0.00000, 1 
0.00000, 0.00000, 1 
0.00000, 0.00000, 1 
0.00000, 0.00000, 1 
0.00000, 0.00000, 1 
0.00000, 0.00000, 1 
0.63777
0.00000, 0.00000, 1 
0.00000, 0.00000, 1 
0.00000, 0.00000, 1 
0.00000, 0.00000, 1 
0.00000, 0.00000, 1 
0.00000, 0.00000, 1 
0.00000, 0.00000, 1 
0.00000, 0.00000, 1 
-0.18310, -0.18310, 1 
2.99401, 3.07725, 1 
2.99401, 3.07725, 1 
2.99401, 3.07725, 1 
2.99401, 3.07725, 1 
-1.25601, -1.22010, 1 
-1.37701, -1.33969, 1 
-1.63367, -1.34423, 1 
-1.65935, -1.29378, 1 
-1.71074, -0.56053, 1 
-1.78785, 0.40536, 1 
-1.81356, 0.30342, 1 
-1.83928, 0.25247, 1 
-1.89072, 2.45764, 1 
-1.91645, -1.41987, 1 
-0.62578, 2.38022, 1 
-1.94218, -1.44507, 1 
-1.99365, -1.24332, 1 
-1.58230, 0.19492, 1 
-1.54379, 2.36732, 1 
-0.96720, 2.32862, 1 
-0.76523, -0.10016, 1 
-0.45636, 1.64651, 1 
-1.86500, -1.25594, 1 
-0.37987, -0.35309, 1 
-2.31727, -0.40840, 1 
0.73783, 1.99365, 1 
-1.06955, 1.94218, 1 
0.02746, 1.86500, 1 
0.58587, 1.81356, 1 
1.01605, 1.78785, 1 
1.19941, 1.68505, 1 
1.41987, 1.65935, 1 
0.44493, 1.63367, 1 
1.44507, 1.60798, 1 
1.39466, 1.55663, 1 
1.16760, 1.55663, 1 
1.19284, 1.47963, 1 
1.16760, 1.40266, 1 
1.44507, 1.48425, 1 
0.44543, 0.47319, 1 
0.38303, 0.41046, 1 
0.35106, 0.37834, 1 
-0.18310, -0.18310, 1 
-0.18310, -0.18310, 1 
0.00000, 0.00000, 1 
0.00000, 0.00000, 1 
0.00000, 0.00000, 1 
0.00000, 0.00000, 1 
0.00000, 0.00000, 1 
0.00000, 0.00000, 1 
0.00000, 0.00000, 1 
0.64362
0.00000, 0.00000, 1 
0.00000, 0.00000, 1 
0.00000, 0.00000, 1 
0.00000, 0.00000, 1 
0.00000, 0.00000, 1 
0.00000, 0.00000, 1 
0.00000, 0.00000, 1 
0.00000, 0.00000, 1 
-0.18310, -0.18310, 1 
2.99401, 3.07725, 1 
2.99401, 3.07725, 1 
2.99401, 3.07725, 1 
2.99401, 3.07725, 1 
-1.36881, -1.33112, 1 
-1.47963, -1.34423, 1 
-1.63367, -1.31901, 1 
-1.65935, -1.26855, 1 
-1.71074, -0.50984, 1 
-1.78785, 0.37987, 1 
-1.81356, 0.22700, 1 
-1.83928, 0.55840, 1 
-1.89072, 2.45764, 1 
-1.91645, -1.44507, 1 
-1.04652, 2.38022, 1 
-1.94218, -1.36945, 1 
-1.99365, -1.21809, 1 
-1.55663, -0.17995, 1 
-1.55663, 2.35442, 1 
-0.96720, 2.32862, 1 
-0.66050, 0.30597, 1 
-0.58392, 1.53096, 1 
-2.27705, -1.24332, 1 
-0.66050, -0.63198, 1 
-1.89329, -0.48448, 1 
0.45913, 1.99365, 1 
-1.06955, 1.96791, 1 
0.00203, 1.89072, 1 
0.40840, 1.81356, 1 
1.16760, 1.78785, 1 
0.86435, 1.68505, 1 
1.34423, 1.65935, 1 
0.02746, 1.65935, 1 
1.19284, 1.60798, 1 
1.36945, 1.58230, 1 
1.24332, 1.55663, 1 
1.21809, 1.47963, 1 
1.21809, 1.37701, 1 
1.41987, 1.45859, 1 
0.44493, 0.47268, 1 
0.38253, 0.40995, 1 
0.35157, 0.37885, 1 
-0.18310, -0.18310, 1 
-0.18310, -0.18310, 1 
0.00000, 0.00000, 1 
0.00000, 0.00000, 1 
0.00000, 0.00000, 1 
0.00000, 0.00000, 1 
0.00000, 0.00000, 1 
0.00000, 0.00000, 1 
0.00000, 0.00000, 1 
0.64946
0.00000, 0.00000, 1 
0.00000, 0.00000, 1 
0.00000, 0.00000, 1 
0.00000, 0.00000, 1 
0.00000, 0.00000, 1 
0.00000, 0.00000, 1 
0.00000, 0.00000, 1 
0.00000, 0.00000, 1 
-0.18310, -0.18310, 1 
2.99401, 3.07725, 1 
2.99401, 3.07725, 1 
2.99401, 3.07725, 1 
2.99401, 3.07725, 1 
-1.24884, -1.21354, 1 
-1.55663, -1.36945, 1 
-1.63367, -1.31901, 1 
-1.65935, -1.29378, 1 
-1.71074, -0.30691, 1 
-1.78785, 0.50737, 1 
-1.83928, 0.50737, 1 
-1.83928, 0.45636, 1 
-1.89072, 2.45764, 1 
-1.91645, -1.54585, 1 
-1.46834, 2.35442, 1 
-1.94218, -1.05395, 1 
-1.98078, -1.00341, 1 
-1.94218, -0.58587, 1 
-1.54379, 2.36732, 1 
-0.96720, 2.34152, 1 
-0.64774, 0.72588, 1 
-0.48186, 1.67220, 1 
-2.66427, -1.21809, 1 
-1.05676, -0.74795, 1 
-1.47039, -0.52251, 1 
0.45913, 1.99365, 1 
-1.08491, 1.96791, 1 
0.00203, 1.90358, 1 
0.25613, 1.81356, 1 
1.18022, 1.80071, 1 
1.27966, 1.68505, 1 
1.49547, 1.68505, 1 
-0.24126, 1.65935, 1 
0.85019, 1.60798, 1 
1.19284, 1.60798, 1 
1.19284, 1.55663, 1 
1.21809, 1.47963, 1 
1.21809, 1.35137, 1 
1.47027, 1.50991, 1 
0.44442, 0.47217, 1 
0.38202, 0.40944, 1 
0.35157, 0.37885, 1 
-0.18310, -0.18310, 1 
-0.18310, -0.18310, 1 
0.00000, 0.00000, 1 
0.00000, 0.00000, 1 
0.00000, 0.00000, 1 
0.00000, 0.00000, 1 
0.00000, 0.00000, 1 
0.00000, 0.00000, 1 
0.00000, 0.00000, 1 
0.65530
0.00000, 0.00000, 1 
0.00000, 0.00000, 1 
0.00000, 0.00000, 1 
0.00000, 0.00000, 1 
0.00000, 0.00000, 1 
0.00000, 0.00000, 1 
0.00000, 0.00000, 1 
0.00000, 0.00000, 1 
-0.18310, -0.18310, 1 
2.99401, 3.07725, 1 
2.99401, 3.07725, 1 
2.99401, 3.07725, 1 
2.99401, 3.07725, 1 
-1.04396, -1.01150, 1 
-1.58230, -1.36945, 1 
-1.63367, -1.29378, 1 
-1.65935, -1.26855, 1 
-1.71074, -0.05289, 1 
-1.78785, 0.43086, 1 
-1.81356, 0.12517, 1 
-1.83928, 0.45636, 1 
-1.86500, 2.45764, 1 
-1.91645, -1.64657, 1 
-1.86500, 2.30283, 1 
-1.94218, -1.07770, 1 
-1.96791, -0.81375, 1 
-1.58230, -0.94831, 1 
-1.53096, 2.35442, 1 
-0.96720, 2.30283, 1 
-0.63497, 1.12076, 1 
-0.37987, 1.55663, 1 
-2.66427, -1.16760, 1 
-1.42831, -0.86435, 1 
-1.04857, -0.40840, 1 
0.45913, 1.99365, 1 
-1.09976, 1.94218, 1 
0.02746, 1.89072, 1 
0.12913, 1.81356, 1 
1.14235, 1.78785, 1 
1.41987, 1.71074, 1 
1.49547, 1.68505, 1 
-0.66050, 1.65935, 1 
0.43377, 1.50529, 1 
0.93769, 1.58230, 1 
1.21809, 1.55663, 1 
1.21809, 1.47963, 1 
1.21809, 1.35137, 1 
1.47027, 1.50991, 1 
0.44391, 0.47166, 1 
0.38151, 0.40893, 1 
0.35208, 0.37936, 1 
-0.18310, -0.18310, 1 
-0.18310, -0.18310, 1 
0.00000, 0.00000, 1 
0.00000, 0.00000, 1 
0.00000, 0.00000, 1 
0.00000, 0.00000, 1 
0.00000, 0.00000, 1 
0.00000, 0.00000, 1 
0.00000, 0.00000, 1 
0.66114
0.00000, 0.00000, 1 
0.00000, 0.00000, 1 
0.00000, 0.00000, 1 
0.00000, 0.00000, 1 
0.00000, 0.00000, 1 
0.00000, 0.00000, 1 
0.00000, 0.00000, 1 
0.00000, 0.00000, 1 
-0.18310, -0.18310, 1 
2.99401, 3.07725, 1 
2.99401, 3.07725, 1 
2.99401, 3.07725, 1 
2.99401, 3.07725, 1 
-1.03577, -1.00341, 1 
-1.58230, -1.33162, 1 
-1.63367, -1.23070, 1 
-1.68505, -1.20547, 1 
-1.72359, -0.05289, 1 
-1.78785, 0.39262, 1 
-1.81356, 0.26521, 1 
-1.83928, 0.49462, 1 
-1.89072, 2.45764, 1 
-1.91645, -1.68432, 1 
-1.91645, 1.91645, 1 
-1.94218, -0.66187, 1 
-1.96791, -0.71251, 1 
-1.58230, -0.53164, 1 
-1.50529, 2.38022, 1 
-0.96720, 2.34152, 1 
-0.63497, 1.49246, 1 
-0.39262, 1.42831, 1 
-2.67719, -1.18022, 1 
-1.55663, -0.86435, 1 
-1.03372, -0.44645, 1 
0.45913, 1.99365, 1 
-1.52172, 1.95504, 1 
-0.34164, 1.91645, 1 
0.07831, 1.81356, 1 
1.21809, 1.81356, 1 
1.34070, 1.73644, 1 
1.24181, 1.67220, 1 
-0.69881, 1.65935, 1 
0.33229, 1.12076, 1 
0.52099, 1.60798, 1 
1.21809, 1.55663, 1 
1.21809, 1.45397, 1 
1.25594, 1.35137, 1 
1.22061, 1.25652, 1 
0.44340, 0.47115, 1 
0.38151, 0.40893, 1 
0.35259, 0.37987, 1 
-0.18310, -0.18310, 1 
-0.18310, -0.18310, 1 
0.00000, 0.00000, 1 
0.00000, 0.00000, 1 
0.00000, 0.00000, 1 
0.00000, 0.00000, 1 
0.00000, 0.00000, 1 
0.00000, 0.00000, 1 
0.00000, 0.00000, 1 
0.66699
0.00000, 0.00000, 1 
0.00000, 0.00000, 1 
0.00000, 0.00000, 1 
0.00000, 0.00000, 1 
0.00000, 0.00000, 1 
0.00000, 0.00000, 1 
0.00000, 0.00000, 1 
0.00000, 0.00000, 1 
-0.18310, -0.18310, 1 
2.99401, 3.07725, 1 
2.99401, 3.07725, 1 
2.99401, 3.07725, 1 
2.99401, 3.07725, 1 
-0.97180, -0.94022, 1 
-1.58230, -1.31901, 1 
-1.63367, -1.19284, 1 
-1.68505, -1.16760, 1 
-1.71074, -0.05289, 1 
-1.78785, 0.45636, 1 
-1.81356, 0.37987, 1 
-1.83928, 0.53288, 1 
-1.89072, 2.45764, 1 
-1.91645, -1.72206, 1 
-1.94218, 1.50529, 1 
-1.94218, -0.58587, 1 
-1.96791, -0.63654, 1 
-1.58230, -0.12202, 1 
-1.50529, 2.35442, 1 
-0.96720, 2.32862, 1 
-0.63497, 1.81356, 1 
-0.58392, 1.01837, 1 
-2.69011, -1.06658, 1 
-1.65935, -0.86435, 1 
-1.01837, -0.33229, 1 
0.45913, 1.99365, 1 
-1.94475, 1.94218, 1 
-0.68604, 1.91645, 1 
0.05289, 1.81356, 1 
0.83905, 1.78785, 1 
1.28672, 1.73644, 1 
1.06405, 1.68505, 1 
-0.71158, 1.65935, 1 
0.17995, 0.71158, 1 
0.10372, 1.60798, 1 
1.21809, 1.55663, 1 
1.21809, 1.40266, 1 
1.29378, 1.35137, 1 
1.18780, 1.22321, 1 
0.44290, 0.47064, 1 
0.38100, 0.40842, 1 
0.35309, 0.38038, 1 
-0.18310, -0.18310, 1 
-0.18310, -0.18310, 1 
0.00000, 0.00000, 1 
0.00000, 0.00000, 1 
0.00000, 0.00000, 1 
0.00000, 0.00000, 1 
0.00000, 0.00000, 1 
0.00000, 0.00000, 1 
0.00000, 0.00000, 1 
0.67284
0.00000, 0.00000, 1 
0.00000, 0.00000, 1 
0.00000, 0.00000, 1 
0.00000, 0.00000, 1 
0.00000, 0.00000, 1 
0.00000, 0.00000, 1 
0.00000, 0.00000, 1 
0.00000, 0.00000, 1 
-0.18310, -0.18310, 1 
2.99401, 3.07725, 1 
2.99401, 3.07725, 1 
2.99401, 3.07725, 1 
2.99401, 3.07725, 1 
-0.90786, -0.87700, 1 
-1.58230, -1.30640, 1 
-1.63367, -1.14235, 1 
-1.68505, -0.81375, 1 
-1.71074, -0.02746, 1 
-1.77500, 0.41811, 1 
-1.81356, 0.40536, 1 
-1.83928, 0.68604, 1 
-1.86500, 2.45764, 1 
-1.91645, -1.69690, 1 
-1.92931, 1.09771, 1 
-1.92931, -0.96550, 1 
-1.94218, -0.72517, 1 
-1.56947, 0.29679, 1 
-1.46680, 2.36732, 1 
-0.96720, 2.30283, 1 
-0.63497, 2.22548, 1 
-0.60944, 0.62374, 1 
-2.66427, -1.11710, 1 
-1.78785, -0.87700, 1 
-1.18478, -0.45913, 1 
0.48448, 1.99365, 1 
-2.36886, 1.94218, 1 
-1.03116, 1.91645, 1 
0.01475, 1.81356, 1 
1.06658, 1.78785, 1 
0.87093, 1.73644, 1 
0.64768, 1.68505, 1 
-0.89047, 1.68505, 1 
0.28152, 0.68604, 1 
0.09101, 1.21040, 1 
1.24332, 1.54379, 1 
1.24332, 1.42831, 1 
1.40726, 1.45653, 1 
1.15447, 1.18940, 1 
0.44239, 0.47013, 1 
0.38050, 0.40791, 1 
0.35360, 0.38089, 1 
-0.18310, -0.18310, 1 
-0.18310, -0.18310, 1 
0.00000, 0.00000, 1 
0.00000, 0.00000, 1 
0.00000, 0.00000, 1 
0.00000, 0.00000, 1 
0.00000, 0.00000, 1 
0.00000, 0.00000, 1 
0.00000, 0.00000, 1 
0.67870
0.00000, 0.00000, 1 
0.00000, 0.00000, 1 
0.00000, 0.00000, 1 
0.00000, 0.00000, 1 
0.00000, 0.00000, 1 
0.00000, 0.00000, 1 
0.00000, 0.00000, 1 
0.00000, 0.00000, 1 
-0.18310, -0.18310, 1 
2.99401, 3.07725, 1 
2.99401, 3.07725, 1 
2.99401, 3.07725, 1 
2.99401, 3.07725, 1 
-0.81378, -0.78389, 1 
-1.58230, -1.31901, 1 
-1.63367, -1.11710, 1 
-1.68505, -0.48448, 1 
-1.71074, 0.02340, 1 
-1.78785, 0.45636, 1 
-1.78785, 0.40536, 1 
-1.78785, 0.73968, 1 
-1.86500, 2.45764, 1 
-1.91645, -1.69690, 1 
-1.91645, 0.69064, 1 
-1.91645, -1.38054, 1 
-1.94218, -0.86435, 1 
-1.58230, 0.69064, 1 
-1.47963, 2.32862, 1 
-0.96720, 2.32862, 1 
-0.63497, 2.25126, 1 
-0.94622, 0.20408, 1 
-2.66427, -1.09184, 1 
-1.89072, -0.86435, 1 
-1.30009, -0.40840, 1 
0.48448, 1.99365, 1 
-2.76768, 1.94218, 1 
-1.35137, 1.89072, 1 
0.02746, 1.83928, 1 
1.11710, 1.78785, 1 
0.45456, 1.73644, 1 
0.28152, 1.68505, 1 
-0.86490, 1.65935, 1 
0.05289, 0.68604, 1 
0.10372, 1.53096, 1 
1.26855, 1.50529, 1 
1.26855, 1.42831, 1 
1.54585, 1.58693, 1 
1.12164, 1.15610, 1 
0.44188, 0.46962, 1 
0.37999, 0.40740, 1 
0.35360, 0.38089, 1 
-0.18310, -0.18310, 1 
-0.18310, -0.18310, 1 
0.00000, 0.00000, 1 
0.00000, 0.00000, 1 
0.00000, 0.00000, 1 
0.00000, 0.00000, 1 
0.00000, 0.00000, 1 
0.00000, 0.00000, 1 
0.00000, 0.00000, 1 
0.68457
0.00000, 0.00000, 1 
0.00000, 0.00000, 1 
0.00000, 0.00000, 1 
0.00000, 0.00000, 1 
0.00000, 0.00000, 1 
0.00000, 0.00000, 1 
0.00000, 0.00000, 1 
0.00000, 0.00000, 1 
-0.18310, -0.18310, 1 
2.99401, 3.07725, 1 
2.99401, 3.07725, 1 
2.99401, 3.07725, 1 
2.99401, 3.07725, 1 
-0.81378, -0.78389, 1 
-1.58230, -1.31901, 1 
-1.63367, -1.04132, 1 
-1.68505, -0.48448, 1 
-1.71074, 0.15062, 1 
-1.78785, 0.40536, 1 
-1.78785, 0.48186, 1 
-1.39138, 1.16071, 1 
-1.86500, 2.45764, 1 
-1.91645, -1.67174, 1 
-1.91645, 0.27132, 1 
-1.91645, -1.47027, 1 
-1.94218, -0.91493, 1 
-1.58230, 1.11154, 1 
-1.45397, 2.32862, 1 
-0.96720, 2.30283, 1 
-0.60944, 2.25126, 1 
-1.36778, -0.19112, 1 
-2.66427, -1.09184, 1 
-2.01940, -0.88964, 1 
-1.27446, -0.40840, 1 
0.48448, 1.99365, 1 
-2.71596, 1.94218, 1 
-1.65935, 1.91645, 1 
0.05289, 1.86500, 1 
1.02717, 1.78785, 1 
0.03662, 1.73644, 1 
0.12913, 1.68505, 1 
-0.86490, 1.65935, 1 
0.17995, 1.00711, 1 
0.49564, 1.13510, 1 
1.26855, 1.47963, 1 
1.29378, 1.42831, 1 
1.57104, 1.61261, 1 
1.08881, 1.12281, 1 
0.44138, 0.46911, 1 
0.37948, 0.40689, 1 
0.35411, 0.38140, 1 
-0.18310, -0.18310, 1 
-0.18310, -0.18310, 1 
0.00000, 0.00000, 1 
0.00000, 0.00000, 1 
0.00000, 0.00000, 1 
0.00000, 0.00000, 1 
0.00000, 0.00000, 1 
0.00000, 0.00000, 1 
0.00000, 0.00000, 1 
0.69045
0.00000, 0.00000, 1 
0.00000, 0.00000, 1 
0.00000, 0.00000, 1 
0.00000, 0.00000, 1 
0.00000, 0.00000, 1 
0.00000, 0.00000, 1 
0.00000, 0.00000, 1 
0.00000, 0.00000, 1 
-0.18310, -0.18310, 1 
2.99401, 3.07725, 1 
2.99401, 3.07725, 1 
2.99401, 3.07725, 1 
2.99401, 3.07725, 1 
-0.81378, -0.78389, 1 
-1.58230, -1.31901, 1 
-1.63367, -0.99077, 1 
-1.68505, -0.45913, 1 
-1.71074, 0.35438, 1 
-1.76214, 0.58392, 1 
-1.78785, 0.78822, 1 
-0.96975, 1.55663, 1 
-1.83928, 2.40602, 1 
-1.91645, -1.64657, 1 
-1.91645, -0.14743, 1 
-1.91645, -1.49547, 1 
-1.91645, -0.96550, 1 
-1.58230, 1.50786, 1 
-1.45397, 2.30283, 1 
-0.94162, 2.30283, 1 
-0.60944, 2.25126, 1 
-1.76214, -0.60867, 1 
-2.66427, -0.86435, 1 
-2.19971, -0.76314, 1 
-1.24884, -0.38303, 1 
0.50984, 1.99365, 1 
-2.79354, 1.94218, 1 
-1.99365, 1.89072, 1 
0.05289, 1.86500, 1 
0.63654, 1.78785, 1 
-0.33145, 1.73644, 1 
-0.15062, 1.68505, 1 
-0.83934, 1.65935, 1 
0.58587, 1.40266, 1 
0.91240, 1.53096, 1 
1.26855, 1.45397, 1 
1.44507, 1.48425, 1 
1.59622, 1.63829, 1 
1.05597, 1.08952, 1 
0.44087, 0.46860, 1 
0.37898, 0.40638, 1 
0.35462, 0.38191, 1 
-0.18310, -0.18310, 1 
-0.18310, -0.18310, 1 
0.00000, 0.00000, 1 
0.00000, 0.00000, 1 
0.00000, 0.00000, 1 
0.00000, 0.00000, 1 
0.00000, 0.00000, 1 
0.00000, 0.00000, 1 
0.00000, 0.00000, 1 
0.69633
0.00000, 0.00000, 1 
0.00000, 0.00000, 1 
0.00000, 0.00000, 1 
0.00000, 0.00000, 1 
0.00000, 0.00000, 1 
0.00000, 0.00000, 1 
0.00000, 0.00000, 1 
0.00000, 0.00000, 1 
-0.18310, -0.18310, 1 
2.99401, 3.07725, 1 
2.99401, 3.07725, 1 
2.99401, 3.07725, 1 
2.99401, 3.07725, 1 
-1.22321, -0.96550, 1 
-1.58230, -1.21809, 1 
-1.63367, -0.96550, 1 
-1.68505, -0.45913, 1 
-1.71074, 0.35438, 1 
-1.78785, 0.58392, 1 
-1.78785, 0.68604, 1 
-0.54921, 1.95659, 1 
-1.83928, 2.00807, 1 
-1.91645, -1.64657, 1 
-1.91645, -0.56509, 1 
-1.91645, -1.49547, 1 
-1.91645, -0.96550, 1 
-1.58230, 1.93086, 1 
-1.45397, 2.30283, 1 
-0.94162, 2.30283, 1 
-0.58392, 2.25126, 1 
-2.17394, -1.01453, 1 
-2.63842, -1.06658, 1 
-2.43183, -0.91493, 1 
-1.14637, -0.40840, 1 
0.53518, 1.96791, 1 
-2.74182, 1.94218, 1 
-2.38022, 1.91645, 1 
0.00203, 1.86500, 1 
0.25613, 1.78785, 1 
-0.75143, 1.73644, 1 
-0.54717, 1.68505, 1 
-0.81378, 1.65935, 1 
0.97662, 1.60798, 1 
1.26855, 1.53096, 1 
1.31901, 1.47963, 1 
1.47027, 1.50991, 1 
1.25846, 1.29497, 1 
1.02262, 1.05573, 1 
0.44036, 0.46809, 1 
0.37898, 0.40638, 1 
0.35512, 0.38242, 1 
-0.18310, -0.18310, 1 
-0.18310, -0.18310, 1 
0.00000, 0.00000, 1 
0.00000, 0.00000, 1 
0.00000, 0.00000, 1 
0.00000, 0.00000, 1 
0.00000, 0.00000, 1 
0.00000, 0.00000, 1 
0.00000, 0.00000, 1 
0.70221
0.00000, 0.00000, 1 
0.00000, 0.00000, 1 
0.00000, 0.00000, 1 
0.00000, 0.00000, 1 
0.00000, 0.00000, 1 
0.00000, 0.00000, 1 
0.00000, 0.00000, 1 
0.00000, 0.00000, 1 
-0.18310, -0.18310, 1 
2.99401, 3.07725, 1 
2.99401, 3.07725, 1 
2.99401, 3.07725, 1 
2.99401, 3.07725, 1 
-1.47963, -0.68719, 1 
-1.58230, -1.06658, 1 
-1.65935, -0.86435, 1 
-1.71074, -0.43377, 1 
-1.71074, 0.35438, 1 
-1.76214, 0.58392, 1 
-1.78785, 0.86490, 1 
-0.12975, 2.38022, 1 
-1.78785, 1.61055, 1 
-1.91645, -1.64657, 1 
-1.91645, -0.98168, 1 
-1.91645, -1.49547, 1 
-1.91645, -0.94376, 1 
-1.55663, 2.35442, 1 
-1.40266, 2.32862, 1 
-0.94162, 2.30283, 1 
-0.58392, 2.25126, 1 
-2.58675, -1.42995, 1 
-2.63842, -0.86435, 1 
-2.69011, -0.73783, 1 
-1.01837, -0.38303, 1 
0.52657, 1.99365, 1 
-2.74182, 1.94218, 1 
-2.74182, 1.91645, 1 
0.00203, 1.86500, 1 
-0.07428, 1.78785, 1 
-1.17198, 1.73644, 1 
-0.96720, 1.68505, 1 
-0.78822, 1.68505, 1 
1.34423, 1.60798, 1 
1.34423, 1.55663, 1 
1.36945, 1.47963, 1 
1.57104, 1.61261, 1 
1.19991, 1.23551, 1 
0.98976, 1.02246, 1 
0.43985, 0.46758, 1 
0.37847, 0.40587, 1 
0.35512, 0.38242, 1 
-0.18310, -0.18310, 1 
-0.18310, -0.18310, 1 
0.00000, 0.00000, 1 
0.00000, 0.00000, 1 
0.00000, 0.00000, 1 
0.00000, 0.00000, 1 
0.00000, 0.00000, 1 
0.00000, 0.00000, 1 
0.00000, 0.00000, 1 
0.70814
0.00000, 0.00000, 1 
0.00000, 0.00000, 1 
0.00000, 0.00000, 1 
0.00000, 0.00000, 1 
0.00000, 0.00000, 1 
0.00000, 0.00000, 1 
0.00000, 0.00000, 1 
0.00000, 0.00000, 1 
-0.18310, -0.18310, 1 
2.99401, 3.07725, 1 
2.99401, 3.07725, 1 
2.99401, 3.07725, 1 
2.99401, 3.07725, 1 
-1.30778, -0.83248, 1 
-1.58230, -1.13579, 1 
-1.65319, -0.96550, 1 
-1.69789, -0.37035, 1 
-1.72359, 0.32890, 1 
-1.78785, 0.60332, 1 
-1.80071, 0.89047, 1 
-0.14248, 2.42563, 1 
-1.41036, 2.02712, 1 
-1.91645, -1.62744, 1 
-1.91645, -1.14235, 1 
-1.91645, -1.47027, 1 
-1.89072, -0.52707, 1 
-1.53096, 2.37402, 1 
-1.36419, 2.35442, 1 
-0.91604, 2.32243, 1 
-0.56503, 2.13529, 1 
-2.63222, -1.38054, 1 
-2.67099, -1.04738, 1 
-2.43183, -0.82640, 1 
-1.24884, -0.37644, 1 
0.10880, 1.99365, 1 
-2.80026, 1.94887, 1 
-2.80026, 1.94218, 1 
-0.23974, 1.88455, 1 
-0.13179, 1.80071, 1 
-0.90990, 1.73644, 1 
-0.69881, 1.69789, 1 
-0.53288, 1.67888, 1 
1.24181, 1.60798, 1 
1.35684, 1.55149, 1 
1.34423, 1.42318, 1 
1.29277, 1.32932, 1 
1.14185, 1.17659, 1 
0.95690, 0.98920, 1 
0.43985, 0.46758, 1 
0.37796, 0.40536, 1 
0.35563, 0.38293, 1 
-0.18310, -0.18310, 1 
-0.18310, -0.18310, 1 
0.00000, 0.00000, 1 
0.00000, 0.00000, 1 
0.00000, 0.00000, 1 
0.00000, 0.00000, 1 
0.00000, 0.00000, 1 
0.00000, 0.00000, 1 
0.00000, 0.00000, 1 
0.71413
0.00000, 0.00000, 1 
0.00000, 0.00000, 1 
0.00000, 0.00000, 1 
0.00000, 0.00000, 1 
0.00000, 0.00000, 1 
0.00000, 0.00000, 1 
0.00000, 0.00000, 1 
0.00000, 0.00000, 1 
-0.18310, -0.18310, 1 
2.99401, 3.07725, 1 
2.99401, 3.07725, 1 
2.99401, 3.07725, 1 
2.99401, 3.07725, 1 
-1.13612, -0.97814, 1 
-1.58230, -1.20547, 1 
-1.64651, -1.06658, 1 
-1.68505, -0.30691, 1 
-1.71074, 0.40536, 1 
-1.78785, 0.59668, 1 
-1.78785, 0.89047, 1 
0.25613, 2.45764, 1 
-1.81356, 2.43183, 1 
-1.91645, -1.60881, 1 
-1.91645, -1.22616, 1 
-1.91645, -1.40726, 1 
-1.86500, -0.10931, 1 
-1.53096, 2.38022, 1 
-1.30009, 2.35442, 1 
-0.89047, 2.31573, 1 
-0.55840, 2.07089, 1 
-2.65134, -1.34171, 1 
-2.66427, -0.86435, 1 
-2.17394, -0.78845, 1 
-1.42831, -0.42109, 1 
-0.29323, 1.99365, 1 
-2.80647, 1.95504, 1 
-2.80647, 1.94218, 1 
-0.43086, 1.90358, 1 
-0.13789, 1.78785, 1 
-1.30009, 1.73644, 1 
-0.27947, 1.68505, 1 
-0.11397, 1.65935, 1 
1.34423, 1.60798, 1 
1.36945, 1.53096, 1 
1.39466, 1.43293, 1 
1.09184, 1.12537, 1 
1.08325, 1.11717, 1 
0.92404, 0.95594, 1 
0.43935, 0.46707, 1 
0.37745, 0.40485, 1 
0.35614, 0.38344, 1 
-0.18310, -0.18310, 1 
-0.18310, -0.18310, 1 
0.00000, 0.00000, 1 
0.00000, 0.00000, 1 
0.00000, 0.00000, 1 
0.00000, 0.00000, 1 
0.00000, 0.00000, 1 
0.00000, 0.00000, 1 
0.00000, 0.00000, 1 
0.72020
0.00000, 0.00000, 1 
0.00000, 0.00000, 1 
0.00000, 0.00000, 1 
0.00000, 0.00000, 1 
0.00000, 0.00000, 1 
0.00000, 0.00000, 1 
0.00000, 0.00000, 1 
0.00000, 0.00000, 1 
-0.18310, -0.18310, 1 
2.99401, 3.07725, 1 
2.99401, 3.07725, 1 
2.99401, 3.07725, 1 
2.99401, 3.07725, 1 
-1.34624, -1.12316, 1 
-1.58230, -1.19890, 1 
-1.65319, -1.09184, 1 
-1.68505, -0.24344, 1 
-1.72359, 0.35438, 1 
-1.78785, 0.66714, 1 
-1.80071, 0.95441, 1 
-0.15520, 2.46435, 1 
-1.41036, 2.43854, 1 
-1.91645, -1.58967, 1 
-1.91645, -1.37348, 1 
-1.91645, -1.42592, 1 
-1.85214, 0.30291, 1 
-1.50529, 2.37402, 1 
-1.26165, 2.35442, 1 
-0.87768, 2.32243, 1 
-0.55228, 2.14817, 1 
-2.67099, -1.31750, 1 
-2.67099, -0.99684, 1 
-1.75083, -0.73783, 1 
-1.36573, -0.24953, 1 
-0.69625, 1.99365, 1 
-2.80026, 1.94887, 1 
-2.81320, 1.94218, 1 
-0.59668, 1.92314, 1 
-0.53952, 1.80071, 1 
-0.97385, 1.73644, 1 
0.00203, 1.68505, 1 
-0.53288, 1.67888, 1 
1.05041, 1.60798, 1 
1.41987, 1.51504, 1 
1.36945, 1.42523, 1 
0.79756, 0.82758, 1 
1.02514, 1.05829, 1 
0.89116, 0.92269, 1 
0.43884, 0.46656, 1 
0.37695, 0.40434, 1 
0.35665, 0.38395, 1 
-0.18310, -0.18310, 1 
-0.18310, -0.18310, 1 
0.00000, 0.00000, 1 
0.00000, 0.00000, 1 
0.00000, 0.00000, 1 
0.00000, 0.00000, 1 
0.00000, 0.00000, 1 
0.00000, 0.00000, 1 
0.00000, 0.00000, 1 
0.72633
0.00000, 0.00000, 1 
0.00000, 0.00000, 1 
0.00000, 0.00000, 1 
0.00000, 0.00000, 1 
0.00000, 0.00000, 1 
0.00000, 0.00000, 1 
0.00000, 0.00000, 1 
0.00000, 0.00000, 1 
-0.18310, -0.18310, 1 
2.99401, 3.07725, 1 
2.99401, 3.07725, 1 
2.99401, 3.07725, 1 
2.99401, 3.07725, 1 
-1.53096, -1.29378, 1 
-1.58230, -1.21809, 1 
-1.63367, -1.14235, 1 
-1.68505, -0.23074, 1 
-1.71074, 0.43086, 1 
-1.76214, 0.68604, 1 
-1.78785, 1.01837, 1 
-0.15520, 2.45764, 1 
-1.81356, 2.43183, 1 
-1.89072, -1.62140, 1 
-1.91645, -1.57104, 1 
-1.91645, -1.47027, 1 
-1.81356, 0.71618, 1 
-1.53096, 2.32862, 1 
-1.22321, 2.30283, 1 
-0.83934, 2.30283, 1 
-0.53288, 2.25126, 1 
-2.63842, -1.31901, 1 
-2.63842, -0.88964, 1 
-1.32829, -0.68719, 1 
-1.30266, -0.30691, 1 
-1.09976, 1.96791, 1 
-2.76768, 1.94218, 1 
-2.79354, 1.91645, 1 
-0.73712, 1.91645, 1 
-0.73712, 1.81356, 1 
-1.32573, 1.73644, 1 
0.19112, 1.68505, 1 
-0.76267, 1.65935, 1 
0.96095, 1.60798, 1 
1.49547, 1.53558, 1 
1.41987, 1.45859, 1 
0.61121, 0.63957, 1 
0.96701, 0.99943, 1 
0.85777, 0.88894, 1 
0.43833, 0.46605, 1 
0.37644, 0.40383, 1 
0.35715, 0.38446, 1 
-0.18310, -0.18310, 1 
-0.18310, -0.18310, 1 
0.00000, 0.00000, 1 
0.00000, 0.00000, 1 
0.00000, 0.00000, 1 
0.00000, 0.00000, 1 
0.00000, 0.00000, 1 
0.00000, 0.00000, 1 
0.00000, 0.00000, 1 
0.73256
0.00000, 0.00000, 1 
0.00000, 0.00000, 1 
0.00000, 0.00000, 1 
0.00000, 0.00000, 1 
0.00000, 0.00000, 1 
0.00000, 0.00000, 1 
0.00000, 0.00000, 1 
0.00000, 0.00000, 1 
-0.18310, -0.18310, 1 
2.99401, 3.07725, 1 
2.99401, 3.07725, 1 
2.99401, 3.07725, 1 
2.99401, 3.07725, 1 
-1.56330, -1.26199, 1 
-1.58230, -1.15498, 1 
-1.65935, -1.07264, 1 
-1.69173, -0.16064, 1 
-1.71742, 0.03103, 1 
-1.45397, 0.67327, 1 
-1.80739, 1.03116, 1 
-0.57473, 2.25797, 1 
-1.83311, 2.20641, 1 
-1.91027, -1.37651, 1 
-1.92931, -1.32607, 1 
-1.91027, -1.24938, 1 
-1.76883, 1.13715, 1 
-1.47347, 2.36113, 1 
-1.20425, 2.34152, 1 
-0.86490, 2.31573, 1 
-0.52013, 2.15487, 1 
-2.69011, -1.26199, 1 
-2.67719, -0.94628, 1 
-1.74415, -0.71859, 1 
-1.72513, -0.18604, 1 
-1.52172, 1.99365, 1 
-2.80026, 1.94887, 1 
-2.61259, 1.93600, 1 
-0.92883, 1.92931, 1 
-0.82042, 1.80739, 1 
-0.99278, 1.73644, 1 
-0.22700, 1.70457, 1 
-0.53952, 1.66603, 1 
0.54431, 1.28728, 1 
1.35583, 1.39343, 1 
1.00948, 1.04191, 1 
0.53823, 0.56605, 1 
0.90836, 0.94008, 1 
0.82489, 0.85570, 1 
0.43782, 0.46554, 1 
0.37593, 0.40332, 1 
0.35715, 0.38446, 1 
-0.18310, -0.18310, 1 
-0.18310, -0.18310, 1 
0.00000, 0.00000, 1 
0.00000, 0.00000, 1 
0.00000, 0.00000, 1 
0.00000, 0.00000, 1 
0.00000, 0.00000, 1 
0.00000, 0.00000, 1 
0.00000, 0.00000, 1 
0.73892
0.00000, 0.00000, 1 
0.00000, 0.00000, 1 
0.00000, 0.00000, 1 
0.00000, 0.00000, 1 
0.00000, 0.00000, 1 
0.00000, 0.00000, 1 
0.00000, 0.00000, 1 
0.00000, 0.00000, 1 
-0.18310, -0.18310, 1 
2.99401, 3.07725, 1 
2.99401, 3.07725, 1 
2.99401, 3.07725, 1 
2.99401, 3.07725, 1 
-1.53096, -1.29378, 1 
-1.58230, -1.14235, 1 
-1.63367, -1.06658, 1 
-1.68505, -0.17995, 1 
-1.71074, 0.43086, 1 
-1.03270, 0.66050, 1 
-1.78785, 0.91604, 1 
-0.99534, 1.89072, 1 
-1.83928, 2.45764, 1 
-1.89072, -1.57104, 1 
-1.91645, -1.16760, 1 
-1.91645, -1.09184, 1 
-1.76214, 1.53352, 1 
-1.50529, 2.35442, 1 
-1.17198, 2.32862, 1 
-0.83934, 2.30283, 1 
-0.55840, 2.25126, 1 
-2.66427, -1.24332, 1 
-2.69011, -0.92757, 1 
-2.16105, -0.75048, 1 
-2.14817, -0.29421, 1 
-1.94475, 1.99365, 1 
-2.80647, 1.95504, 1 
-2.40602, 1.92931, 1 
-1.09515, 1.91645, 1 
-0.69881, 1.80071, 1 
-0.66050, 1.73644, 1 
-0.45636, 1.69789, 1 
-0.29068, 1.64651, 1 
0.12659, 0.96720, 1 
1.24080, 1.27703, 1 
1.04132, 1.07416, 1 
0.51998, 0.54819, 1 
0.85019, 0.88126, 1 
0.79199, 0.82247, 1 
0.43732, 0.46503, 1 
0.37593, 0.40332, 1 
0.35766, 0.38497, 1 
-0.18310, -0.18310, 1 
-0.18310, -0.18310, 1 
0.00000, 0.00000, 1 
0.00000, 0.00000, 1 
0.00000, 0.00000, 1 
0.00000, 0.00000, 1 
0.00000, 0.00000, 1 
0.00000, 0.00000, 1 
0.00000, 0.00000, 1 
0.74540
0.00000, 0.00000, 1 
0.00000, 0.00000, 1 
0.00000, 0.00000, 1 
0.00000, 0.00000, 1 
0.00000, 0.00000, 1 
0.00000, 0.00000, 1 
0.00000, 0.00000, 1 
0.00000, 0.00000, 1 
-0.18310, -0.18310, 1 
2.99401, 3.07725, 1 
2.99401, 3.07725, 1 
2.99401, 3.07725, 1 
2.99401, 3.07725, 1 
-1.57614, -1.24938, 1 
-1.58230, -1.06658, 1 
-1.65935, -0.98420, 1 
-1.70457, -0.12253, 1 
-1.71742, 0.03103, 1 
-1.01990, 0.66050, 1 
-1.79454, 1.01837, 1 
-1.40420, 1.83311, 1 
-1.83928, 2.38022, 1 
-1.86500, -1.23272, 1 
-1.95504, -0.96145, 1 
-1.89741, -0.88307, 1 
-1.78785, 1.95659, 1 
-1.42216, 2.36113, 1 
-1.17864, 2.32862, 1 
-0.83934, 2.30283, 1 
-0.55840, 2.25126, 1 
-2.69011, -1.21152, 1 
-2.70304, -0.89571, 1 
-2.45144, -0.70593, 1 
-2.47054, -0.19874, 1 
-2.36886, 1.99365, 1 
-2.81320, 1.96174, 1 
-2.19971, 1.93600, 1 
-1.24884, 1.91645, 1 
-1.03782, 1.80739, 1 
-1.04396, 1.73644, 1 
-0.78822, 1.69173, 1 
-0.68604, 1.22475, 1 
-0.07428, 0.54717, 1 
1.24332, 1.27908, 1 
0.73783, 0.76727, 1 
0.63654, 0.66510, 1 
0.79199, 0.82247, 1 
0.75909, 0.78924, 1 
0.43681, 0.46452, 1 
0.37542, 0.40281, 1 
0.35817, 0.38548, 1 
-0.18310, -0.18310, 1 
-0.18310, -0.18310, 1 
0.00000, 0.00000, 1 
0.00000, 0.00000, 1 
0.00000, 0.00000, 1 
0.00000, 0.00000, 1 
0.00000, 0.00000, 1 
0.00000, 0.00000, 1 
0.00000, 0.00000, 1 
0.75200
0.00000, 0.00000, 1 
0.00000, 0.00000, 1 
0.00000, 0.00000, 1 
0.00000, 0.00000, 1 
0.00000, 0.00000, 1 
0.00000, 0.00000, 1 
0.00000, 0.00000, 1 
0.00000, 0.00000, 1 
-0.18310, -0.18310, 1 
2.99401, 3.07725, 1 
2.99401, 3.07725, 1 
2.99401, 3.07725, 1 
2.99401, 3.07725, 1 
-1.58230, -1.24332, 1 
-1.58230, -1.01605, 1 
-1.65935, -0.94022, 1 
-1.71074, -0.10372, 1 
-1.71074, 0.43086, 1 
-0.91860, 0.71158, 1 
-1.78785, 0.99278, 1 
-1.81356, 1.63367, 1 
-1.83928, 2.38022, 1 
-1.89072, -0.81730, 1 
-1.96791, -0.79199, 1 
-1.89072, -0.71251, 1 
-1.55663, 2.38022, 1 
-1.40266, 2.35442, 1 
-1.17198, 2.32862, 1 
-0.81378, 2.30283, 1 
-0.55840, 2.25126, 1 
-2.69011, -1.19284, 1 
-2.71596, -0.86435, 1 
-2.74182, -0.66187, 1 
-2.79354, -0.10372, 1 
-2.79354, 1.99365, 1 
-2.81941, 1.96791, 1 
-1.99365, 1.94218, 1 
-1.40266, 1.91645, 1 
-1.37701, 1.81356, 1 
-1.30009, 1.73644, 1 
-1.12076, 1.68505, 1 
-0.76267, 0.80356, 1 
-0.09972, 0.32890, 1 
1.06203, 1.09515, 1 
0.91493, 0.94622, 1 
0.55597, 0.58392, 1 
0.73327, 0.76318, 1 
0.72618, 0.75603, 1 
0.43630, 0.46401, 1 
0.37492, 0.40230, 1 
0.35868, 0.38599, 1 
-0.18310, -0.18310, 1 
-0.18310, -0.18310, 1 
0.00000, 0.00000, 1 
0.00000, 0.00000, 1 
0.00000, 0.00000, 1 
0.00000, 0.00000, 1 
0.00000, 0.00000, 1 
0.00000, 0.00000, 1 
0.00000, 0.00000, 1 
0.75861
0.00000, 0.00000, 1 
0.00000, 0.00000, 1 
0.00000, 0.00000, 1 
0.00000, 0.00000, 1 
0.00000, 0.00000, 1 
0.00000, 0.00000, 1 
0.00000, 0.00000, 1 
0.00000, 0.00000, 1 
-0.18310, -0.18310, 1 
2.99401, 3.07725, 1 
2.99401, 3.07725, 1 
2.99401, 3.07725, 1 
2.99401, 3.07725, 1 
-1.53096, -1.31901, 1 
-1.58230, -1.06658, 1 
-1.63367, -0.96550, 1 
-1.68505, -0.25613, 1 
-1.71074, 0.48186, 1 
-1.31445, 0.63497, 1 
-1.78785, 0.96720, 1 
-1.83928, 1.32573, 1 
-1.83928, 2.43183, 1 
-1.83928, -0.40637, 1 
-1.94218, -0.38100, 1 
-1.86500, -0.35766, 1 
-1.58230, 2.38022, 1 
-1.40266, 2.32862, 1 
-1.09515, 2.32862, 1 
-0.78822, 2.30283, 1 
-0.80458, 2.25126, 1 
-2.63842, -1.16760, 1 
-2.66427, -0.88964, 1 
-2.66427, -0.53518, 1 
-2.76768, -0.10372, 1 
-2.74182, 1.96791, 1 
-2.76768, 1.94218, 1 
-1.96791, 1.91645, 1 
-1.42831, 1.89072, 1 
-1.35137, 1.78785, 1 
-1.27446, 1.71074, 1 
-1.09515, 1.65935, 1 
-0.78822, 0.73712, 1 
-0.07428, 0.71158, 1 
0.66187, 0.69064, 1 
0.88964, 0.92064, 1 
0.58587, 0.61404, 1 
0.67504, 0.70443, 1 
0.69276, 0.72231, 1 
0.43580, 0.46350, 1 
0.37441, 0.40179, 1 
0.35918, 0.38650, 1 
-0.18310, -0.18310, 1 
-0.18310, -0.18310, 1 
0.00000, 0.00000, 1 
0.00000, 0.00000, 1 
0.00000, 0.00000, 1 
0.00000, 0.00000, 1 
0.00000, 0.00000, 1 
0.00000, 0.00000, 1 
0.00000, 0.00000, 1 
0.76510
0.00000, 0.00000, 1 
0.00000, 0.00000, 1 
0.00000, 0.00000, 1 
0.00000, 0.00000, 1 
0.00000, 0.00000, 1 
0.00000, 0.00000, 1 
0.00000, 0.00000, 1 
0.00000, 0.00000, 1 
-0.18310, -0.18310, 1 
2.99401, 3.07725, 1 
2.99401, 3.07725, 1 
2.99401, 3.07725, 1 
2.99401, 3.07725, 1 
-1.53096, -1.31901, 1 
-1.58230, -1.04132, 1 
-1.63367, -0.91493, 1 
-1.68505, -0.35766, 1 
-1.71074, 0.48186, 1 
-1.73644, 0.63497, 1 
-1.78785, 0.96720, 1 
-1.83928, 0.94162, 1 
-1.83928, 2.43183, 1 
-1.83928, 0.00509, 1 
-1.96791, 0.03052, 1 
-1.89072, 0.04883, 1 
-1.78785, 2.38022, 1 
-1.37701, 2.35442, 1 
-1.09515, 2.32862, 1 
-0.63497, 2.30283, 1 
-1.22577, 2.25126, 1 
-2.66427, -1.16760, 1 
-2.66427, -0.50984, 1 
-2.71596, -0.50984, 1 
-2.79354, -0.05289, 1 
-2.76768, 1.99365, 1 
-2.76768, 1.94218, 1 
-2.01940, 1.94218, 1 
-1.53096, 1.89072, 1 
-1.32573, 1.78785, 1 
-1.32573, 1.73644, 1 
-1.14637, 1.63367, 1 
-0.81378, 0.73712, 1 
-0.09972, 0.71158, 1 
0.25359, 0.66050, 1 
0.81375, 0.84394, 1 
0.53518, 0.56299, 1 
0.61627, 0.64518, 1 
0.65984, 0.68910, 1 
0.43529, 0.46299, 1 
0.37390, 0.40128, 1 
0.35918, 0.38650, 1 
-0.18310, -0.18310, 1 
-0.18310, -0.18310, 1 
0.00000, 0.00000, 1 
0.00000, 0.00000, 1 
0.00000, 0.00000, 1 
0.00000, 0.00000, 1 
0.00000, 0.00000, 1 
0.00000, 0.00000, 1 
0.00000, 0.00000, 1 
0.77148
0.00000, 0.00000, 1 
0.00000, 0.00000, 1 
0.00000, 0.00000, 1 
0.00000, 0.00000, 1 
0.00000, 0.00000, 1 
0.00000, 0.00000, 1 
0.00000, 0.00000, 1 
0.00000, 0.00000, 1 
-0.18310, -0.18310, 1 
2.99401, 3.07725, 1 
2.99401, 3.07725, 1 
2.99401, 3.07725, 1 
2.99401, 3.07725, 1 
-1.53096, -1.34423, 1 
-1.58230, -1.11710, 1 
-1.63367, -0.94022, 1 
-1.68505, -0.30691, 1 
-1.71074, 0.50737, 1 
-1.76214, 0.68604, 1 
-1.78785, 0.54717, 1 
-1.83928, 0.52166, 1 
-1.83928, 2.43183, 1 
-1.83928, 0.42423, 1 
-1.96791, 0.44973, 1 
-1.83928, 0.45891, 1 
-1.55663, 2.38022, 1 
-1.32573, 2.32862, 1 
-1.06955, 2.32862, 1 
-0.65386, 2.30283, 1 
-1.64805, 2.25126, 1 
-2.63842, -1.14235, 1 
-2.66427, -0.81375, 1 
-2.69011, -0.50984, 1 
-2.76768, -0.10372, 1 
-2.74182, 1.96791, 1 
-2.71596, 1.94218, 1 
-2.01940, 1.94218, 1 
-1.60798, 1.89072, 1 
-1.32573, 1.76214, 1 
-1.40266, 1.73644, 1 
-1.17198, 1.50529, 1 
-0.89047, 1.12076, 1 
-0.47064, 0.71158, 1 
-0.09972, 0.66050, 1 
0.41956, 0.63497, 1 
0.45913, 0.48645, 1 
0.76314, 0.79282, 1 
0.62691, 0.65591, 1 
0.43478, 0.46248, 1 
0.37339, 0.40077, 1 
0.35969, 0.38701, 1 
-0.18310, -0.18310, 1 
-0.18310, -0.18310, 1 
0.00000, 0.00000, 1 
0.00000, 0.00000, 1 
0.00000, 0.00000, 1 
0.00000, 0.00000, 1 
0.00000, 0.00000, 1 
0.00000, 0.00000, 1 
0.00000, 0.00000, 1 
0.77775
0.00000, 0.00000, 1 
0.00000, 0.00000, 1 
0.00000, 0.00000, 1 
0.00000, 0.00000, 1 
0.00000, 0.00000, 1 
0.00000, 0.00000, 1 
0.00000, 0.00000, 1 
0.00000, 0.00000, 1 
-0.18310, -0.18310, 1 
2.99401, 3.07725, 1 
2.99401, 3.07725, 1 
2.99401, 3.07725, 1 
2.99401, 3.07725, 1 
-1.53096, -1.31901, 1 
-1.58230, -1.06658, 1 
-1.65935, -0.83905, 1 
-1.71074, -0.28152, 1 
-1.71074, 0.40536, 1 
-1.78785, 0.76267, 1 
-1.78785, 0.12771, 1 
-1.83928, 0.11397, 1 
-1.83928, 2.40602, 1 
-1.83928, 0.84394, 1 
-2.01940, 0.86950, 1 
-1.83928, 0.86950, 1 
-1.50529, 2.35442, 1 
-1.30009, 2.32862, 1 
-1.06955, 2.30283, 1 
-1.07416, 2.32862, 1 
-2.07089, 2.25126, 1 
-2.69011, -1.11710, 1 
-2.69011, -0.78845, 1 
-2.71596, -0.50984, 1 
-2.84528, -0.02746, 1 
-2.81941, 1.99365, 1 
-2.76768, 1.96791, 1 
-2.12241, 1.94218, 1 
-1.76214, 1.91645, 1 
-1.32573, 1.81356, 1 
-1.27446, 1.73644, 1 
-1.27446, 1.53096, 1 
-0.89047, 1.42831, 1 
-0.86490, 0.71158, 1 
-0.47064, 0.66050, 1 
0.02746, 0.66050, 1 
0.28152, 0.30800, 1 
0.73783, 0.76727, 1 
0.59398, 0.62272, 1 
0.43427, 0.46197, 1 
0.37289, 0.40026, 1 
0.36020, 0.38752, 1 
-0.18310, -0.18310, 1 
-0.18310, -0.18310, 1 
0.00000, 0.00000, 1 
0.00000, 0.00000, 1 
0.00000, 0.00000, 1 
0.00000, 0.00000, 1 
0.00000, 0.00000, 1 
0.00000, 0.00000, 1 
0.00000, 0.00000, 1 
0.78392
0.00000, 0.00000, 1 
0.00000, 0.00000, 1 
0.00000, 0.00000, 1 
0.00000, 0.00000, 1 
0.00000, 0.00000, 1 
0.00000, 0.00000, 1 
0.00000, 0.00000, 1 
0.00000, 0.00000, 1 
-0.18310, -0.18310, 1 
2.99401, 3.07725, 1 
2.99401, 3.07725, 1 
2.99401, 3.07725, 1 
2.99401, 3.07725, 1 
-1.53096, -1.31901, 1 
-1.58230, -1.06658, 1 
-1.65935, -0.88964, 1 
-1.71074, -0.62235, 1 
-1.71074, 0.02340, 1 
-1.78785, 0.50737, 1 
-1.78785, -0.26730, 1 
-1.83928, 0.15062, 1 
-1.83928, 2.38022, 1 
-1.83928, 1.26524, 1 
-2.04514, 1.29087, 1 
-1.81356, 1.29087, 1 
-1.42831, 2.38022, 1 
-1.27446, 2.35442, 1 
-1.04396, 2.32862, 1 
-1.49605, 2.35442, 1 
-2.48345, 2.25126, 1 
-2.71596, -1.09184, 1 
-2.69011, -0.71251, 1 
-2.74182, -0.48448, 1 
-2.84528, -0.02746, 1 
-2.84528, 1.99365, 1 
-2.76768, 1.99365, 1 
-2.14817, 1.96791, 1 
-1.86500, 1.91645, 1 
-1.32573, 1.83928, 1 
-1.27446, 1.71074, 1 
-1.27446, 1.53096, 1 
-0.89047, 1.45397, 1 
-0.89047, 0.95594, 1 
-0.89047, 0.68604, 1 
-0.26673, 0.66050, 1 
0.41956, 0.60944, 1 
0.58587, 0.61404, 1 
0.56053, 0.58902, 1 
0.43427, 0.46197, 1 
0.37238, 0.39975, 1 
0.36071, 0.38803, 1 
-0.18310, -0.18310, 1 
-0.18310, -0.18310, 1 
0.00000, 0.00000, 1 
0.00000, 0.00000, 1 
0.00000, 0.00000, 1 
0.00000, 0.00000, 1 
0.00000, 0.00000, 1 
0.00000, 0.00000, 1 
0.00000, 0.00000, 1 
0.79003
0.00000, 0.00000, 1 
0.00000, 0.00000, 1 
0.00000, 0.00000, 1 
0.00000, 0.00000, 1 
0.00000, 0.00000, 1 
0.00000, 0.00000, 1 
0.00000, 0.00000, 1 
0.00000, 0.00000, 1 
-0.18310, -0.18310, 1 
2.99401, 3.07725, 1 
2.99401, 3.07725, 1 
2.99401, 3.07725, 1 
2.99401, 3.07725, 1 
-1.53096, -1.31901, 1 
-1.59514, -1.18022, 1 
-1.68505, -1.07921, 1 
-1.68505, -1.03879, 1 
-1.71074, -0.37035, 1 
-1.81356, 0.12517, 1 
-1.81356, -0.68466, 1 
-1.83928, 0.35693, 1 
-1.86500, 2.39312, 1 
-1.89072, 1.68761, 1 
-2.10953, 1.71331, 1 
-1.83928, 1.71331, 1 
-1.50529, 2.40602, 1 
-1.27446, 2.35442, 1 
-1.04396, 2.38022, 1 
-1.91902, 2.41892, 1 
-2.61259, 2.25126, 1 
-2.74182, -1.06658, 1 
-2.74182, -0.78845, 1 
-2.76768, -0.48448, 1 
-2.87115, -0.00203, 1 
-2.87115, 1.99365, 1 
-2.79354, 1.99365, 1 
-2.19971, 1.96791, 1 
-1.96791, 1.94218, 1 
-1.51966, 1.86500, 1 
-1.24884, 1.73644, 1 
-1.27446, 1.55663, 1 
-0.96720, 1.47963, 1 
-0.91604, 1.32573, 1 
-0.94162, 0.68604, 1 
-0.68604, 0.66050, 1 
0.00203, 0.66050, 1 
0.27898, 0.30546, 1 
0.52758, 0.55585, 1 
0.43377, 0.46146, 1 
0.37238, 0.39975, 1 
0.36121, 0.38854, 1 
-0.18310, -0.18310, 1 
-0.18310, -0.18310, 1 
0.00000, 0.00000, 1 
0.00000, 0.00000, 1 
0.00000, 0.00000, 1 
0.00000, 0.00000, 1 
0.00000, 0.00000, 1 
0.00000, 0.00000, 1 
0.00000, 0.00000, 1 
0.79609
0.00000, 0.00000, 1 
0.00000, 0.00000, 1 
0.00000, 0.00000, 1 
0.00000, 0.00000, 1 
0.00000, 0.00000, 1 
0.00000, 0.00000, 1 
0.00000, 0.00000, 1 
0.00000, 0.00000, 1 
-0.18310, -0.18310, 1 
2.99401, 3.07725, 1 
2.99401, 3.07725, 1 
2.99401, 3.07725, 1 
2.99401, 3.07725, 1 
-1.53096, -1.26855, 1 
-1.58230, -1.04132, 1 
-1.65935, -0.88964, 1 
-1.71074, -1.45415, 1 
-1.71074, -0.78693, 1 
-1.81356, -0.29269, 1 
-1.81356, -1.10093, 1 
-1.83928, 0.77698, 1 
-1.83928, 2.38022, 1 
-1.86500, 2.11107, 1 
-2.09665, 2.13683, 1 
-1.81356, 2.13683, 1 
-1.42831, 2.40602, 1 
-1.22321, 2.38022, 1 
-0.99278, 2.38022, 1 
-2.34307, 2.43183, 1 
-2.69011, 2.25126, 1 
-2.76768, -1.06658, 1 
-2.76768, -0.78845, 1 
-2.79354, -0.48448, 1 
-2.89703, 0.02340, 1 
-2.92291, 2.01940, 1 
-2.79354, 2.01940, 1 
-2.22548, 1.99365, 1 
-2.04514, 1.94218, 1 
-1.91645, 1.86500, 1 
-1.24884, 1.73644, 1 
-1.27446, 1.55663, 1 
-1.04396, 1.46680, 1 
-0.92883, 1.33855, 1 
-0.94162, 0.68604, 1 
-0.81378, 0.66050, 1 
-0.34164, 0.66050, 1 
-0.13942, 0.44463, 1 
0.56053, 0.58851, 1 
0.43326, 0.46095, 1 
0.37187, 0.39924, 1 
0.36121, 0.38854, 1 
-0.18310, -0.18310, 1 
-0.18310, -0.18310, 1 
0.00000, 0.00000, 1 
0.00000, 0.00000, 1 
0.00000, 0.00000, 1 
0.00000, 0.00000, 1 
0.00000, 0.00000, 1 
0.00000, 0.00000, 1 
0.00000, 0.00000, 1 
0.80208
0.00000, 0.00000, 1 
0.00000, 0.00000, 1 
0.00000, 0.00000, 1 
0.00000, 0.00000, 1 
0.00000, 0.00000, 1 
0.00000, 0.00000, 1 
0.00000, 0.00000, 1 
0.00000, 0.00000, 1 
-0.18310, -0.18310, 1 
2.99401, 3.07725, 1 
2.99401, 3.07725, 1 
2.99401, 3.07725, 1 
2.99401, 3.07725, 1 
-1.53096, -1.31901, 1 
-1.58230, -1.24332, 1 
-1.68505, -1.29378, 1 
-1.65935, -1.49547, 1 
-1.71074, -1.20294, 1 
-1.86500, -0.70998, 1 
-1.86500, -1.41836, 1 
-1.83928, 1.17198, 1 
-1.86500, 2.35442, 1 
-1.89072, 2.50927, 1 
-2.14817, 2.53509, 1 
-1.78785, 2.53509, 1 
-1.42831, 2.43183, 1 
-1.17198, 2.40602, 1 
-0.96720, 2.43183, 1 
-2.74182, 2.45764, 1 
-2.79354, 2.22548, 1 
-2.81941, -1.04132, 1 
-2.79354, -0.73783, 1 
-2.79354, -0.48448, 1 
-2.92291, -0.00203, 1 
-2.92291, 2.01940, 1 
-2.76768, 1.99365, 1 
-2.22548, 1.96791, 1 
-2.12241, 1.89072, 1 
-2.09665, 1.83928, 1 
-1.22321, 1.71074, 1 
-1.24884, 1.55663, 1 
-1.04396, 1.47963, 1 
-0.91604, 1.35137, 1 
-0.94162, 0.68604, 1 
-0.94162, 0.68604, 1 
-0.73712, 0.66050, 1 
-0.53288, 0.58392, 1 
0.58587, 0.61404, 1 
0.43275, 0.46044, 1 
0.37136, 0.39873, 1 
0.36172, 0.38905, 1 
-0.18310, -0.18310, 1 
-0.18310, -0.18310, 1 
0.00000, 0.00000, 1 
0.00000, 0.00000, 1 
0.00000, 0.00000, 1 
0.00000, 0.00000, 1 
0.00000, 0.00000, 1 
0.00000, 0.00000, 1 
0.00000, 0.00000, 1 
0.80805
0.00000, 0.00000, 1 
0.00000, 0.00000, 1 
0.00000, 0.00000, 1 
0.00000, 0.00000, 1 
0.00000, 0.00000, 1 
0.00000, 0.00000, 1 
0.00000, 0.00000, 1 
0.00000, 0.00000, 1 
-0.18310, -0.18310, 1 
2.99401, 3.07725, 1 
2.99401, 3.07725, 1 
2.99401, 3.07725, 1 
2.99401, 3.07725, 1 
-1.53096, -1.26855, 1 
-1.58230, -1.21809, 1 
-1.63367, -0.96550, 1 
-1.65935, -1.44507, 1 
-1.71074, -0.81375, 1 
-1.81356, -0.62033, 1 
-1.81356, -1.04132, 1 
-1.83928, 0.75143, 1 
-1.83928, 1.93086, 1 
-1.86500, 2.43183, 1 
-2.04514, 2.48345, 1 
-1.76214, 2.48345, 1 
-1.40266, 2.35442, 1 
-1.14637, 2.35442, 1 
-0.94162, 2.38022, 1 
-2.69011, 2.03381, 1 
-2.71596, 1.81356, 1 
-2.74182, -0.99077, 1 
-2.74182, -0.68719, 1 
-2.36886, -0.45913, 1 
-2.56092, 0.02340, 1 
-2.81941, 1.99365, 1 
-2.66427, 2.01940, 1 
-1.83928, 1.96791, 1 
-1.73644, 1.91645, 1 
-1.71074, 1.83928, 1 
-1.06955, 1.71074, 1 
-1.17198, 1.55663, 1 
-1.01837, 1.47963, 1 
-0.94162, 1.40266, 1 
-0.94162, 1.06955, 1 
-0.96720, 0.81378, 1 
-0.99278, 0.66050, 1 
-0.73712, 0.58392, 1 
0.56053, 0.58851, 1 
0.43225, 0.45993, 1 
0.37086, 0.39822, 1 
0.36223, 0.38956, 1 
-0.18310, -0.18310, 1 
-0.18310, -0.18310, 1 
0.00000, 0.00000, 1 
0.00000, 0.00000, 1 
0.00000, 0.00000, 1 
0.00000, 0.00000, 1 
0.00000, 0.00000, 1 
0.00000, 0.00000, 1 
0.00000, 0.00000, 1 
0.81403
0.00000, 0.00000, 1 
0.00000, 0.00000, 1 
0.00000, 0.00000, 1 
0.00000, 0.00000, 1 
0.00000, 0.00000, 1 
0.00000, 0.00000, 1 
0.00000, 0.00000, 1 
0.00000, 0.00000, 1 
-0.18310, -0.18310, 1 
2.99401, 3.07725, 1 
2.99401, 3.07725, 1 
2.99401, 3.07725, 1 
2.99401, 3.07725, 1 
-1.50529, -1.26855, 1 
-1.58230, -1.26855, 1 
-1.60798, -1.21809, 1 
-1.65935, -1.47027, 1 
-1.71074, -0.40587, 1 
-1.78785, -0.20281, 1 
-1.78785, -0.70998, 1 
-1.83928, 0.68757, 1 
-1.83928, 1.54533, 1 
-1.86500, 2.35442, 1 
-1.83928, 2.43183, 1 
-1.73644, 2.43183, 1 
-1.40266, 2.30283, 1 
-1.12076, 2.32862, 1 
-0.89047, 2.32862, 1 
-2.66427, 1.63624, 1 
-2.69011, 1.45397, 1 
-2.69011, -1.01605, 1 
-2.71596, -0.68719, 1 
-1.99623, -0.05289, 1 
-2.19971, 0.02340, 1 
-2.71596, 1.96791, 1 
-2.53509, 2.01940, 1 
-1.45551, 1.94218, 1 
-1.35393, 1.89072, 1 
-1.32829, 1.83928, 1 
-0.99278, 1.71074, 1 
-1.06955, 1.58230, 1 
-0.96720, 1.47963, 1 
-0.94162, 1.40266, 1 
-0.94162, 1.32573, 1 
-0.99278, 0.86490, 1 
-1.01837, 0.66050, 1 
-0.78822, 0.63497, 1 
0.45913, 0.53288, 1 
0.43174, 0.45942, 1 
0.37035, 0.39772, 1 
0.36274, 0.39007, 1 
-0.18310, -0.18310, 1 
-0.18310, -0.18310, 1 
0.00000, 0.00000, 1 
0.00000, 0.00000, 1 
0.00000, 0.00000, 1 
0.00000, 0.00000, 1 
0.00000, 0.00000, 1 
0.00000, 0.00000, 1 
0.00000, 0.00000, 1 
0.82002
0.00000, 0.00000, 1 
0.00000, 0.00000, 1 
0.00000, 0.00000, 1 
0.00000, 0.00000, 1 
0.00000, 0.00000, 1 
0.00000, 0.00000, 1 
0.00000, 0.00000, 1 
0.00000, 0.00000, 1 
-0.18310, -0.18310, 1 
2.99401, 3.07725, 1 
2.99401, 3.07725, 1 
2.99401, 3.07725, 1 
2.99401, 3.07725, 1 
-1.53096, -1.34423, 1 
-1.58230, -1.26855, 1 
-1.63367, -1.06658, 1 
-1.65935, -1.21809, 1 
-1.71074, 0.01221, 1 
-1.76214, 0.21580, 1 
-1.78785, -0.29269, 1 
-1.83928, 0.55840, 1 
-1.83928, 1.60798, 1 
-1.83928, 2.32862, 1 
-1.83928, 2.45764, 1 
-1.73644, 2.43183, 1 
-1.37701, 1.90513, 1 
-1.09515, 2.38022, 1 
-0.89047, 2.32862, 1 
-2.61259, 1.21399, 1 
-2.61259, 1.03270, 1 
-2.69011, -0.99077, 1 
-2.69011, -0.68719, 1 
-1.57306, -0.05289, 1 
-1.77654, 0.25247, 1 
-2.58675, 1.99365, 1 
-2.38022, 1.96791, 1 
-1.03372, 1.94218, 1 
-0.93241, 1.94218, 1 
-0.91604, 1.86500, 1 
-0.91604, 1.68505, 1 
-0.89047, 1.60798, 1 
-0.94162, 1.47963, 1 
-0.94162, 1.40266, 1 
-0.94162, 1.35137, 1 
-1.01837, 1.12076, 1 
-1.01837, 0.66050, 1 
-1.01837, 0.60944, 1 
0.40840, 0.53288, 1 
0.56053, 0.58851, 1 
0.36984, 0.39721, 1 
0.36324, 0.39058, 1 
-0.18310, -0.18310, 1 
-0.18310, -0.18310, 1 
0.00000, 0.00000, 1 
0.00000, 0.00000, 1 
0.00000, 0.00000, 1 
0.00000, 0.00000, 1 
0.00000, 0.00000, 1 
0.00000, 0.00000, 1 
0.00000, 0.00000, 1 
0.82601
0.00000, 0.00000, 1 
0.00000, 0.00000, 1 
0.00000, 0.00000, 1 
0.00000, 0.00000, 1 
0.00000, 0.00000, 1 
0.00000, 0.00000, 1 
0.00000, 0.00000, 1 
0.00000, 0.00000, 1 
-0.18310, -0.18310, 1 
2.99401, 3.07725, 1 
2.99401, 3.07725, 1 
2.99401, 3.07725, 1 
2.99401, 3.07725, 1 
-1.14637, -1.11255, 1 
-1.58230, -1.21809, 1 
-1.63367, -1.06658, 1 
-1.71074, -0.83905, 1 
-1.71074, 0.43086, 1 
-1.78785, 0.63497, 1 
-1.78785, 0.12517, 1 
-1.83928, 0.20154, 1 
-1.83928, 1.45397, 1 
-1.91645, 2.27705, 1 
-1.83928, 2.45764, 1 
-1.71074, 2.40602, 1 
-1.37701, 1.60798, 1 
-1.14637, 2.32862, 1 
-0.91604, 2.30283, 1 
-2.61259, 0.79282, 1 
-2.61259, 0.63497, 1 
-2.66427, -0.99077, 1 
-2.71596, -0.53518, 1 
-1.17659, -0.07831, 1 
-1.47963, 0.30800, 1 
-2.58675, 1.99365, 1 
-2.35442, 2.07089, 1 
-0.71158, 1.96791, 1 
-0.51196, 1.86500, 1 
-0.51196, 1.86500, 1 
-0.53288, 1.68505, 1 
-0.86490, 1.60798, 1 
-0.91604, 1.47963, 1 
-0.94162, 1.42831, 1 
-0.94162, 1.40266, 1 
-0.99278, 1.35137, 1 
-1.01837, 0.63497, 1 
-1.01837, 0.73712, 1 
0.05289, 0.53288, 1 
0.50984, 0.53748, 1 
0.36933, 0.39670, 1 
0.36324, 0.39058, 1 
-0.18310, -0.18310, 1 
-0.18310, -0.18310, 1 
0.00000, 0.00000, 1 
0.00000, 0.00000, 1 
0.00000, 0.00000, 1 
0.00000, 0.00000, 1 
0.00000, 0.00000, 1 
0.00000, 0.00000, 1 
0.00000, 0.00000, 1 
0.83202
0.00000, 0.00000, 1 
0.00000, 0.00000, 1 
0.00000, 0.00000, 1 
0.00000, 0.00000, 1 
0.00000, 0.00000, 1 
0.00000, 0.00000, 1 
0.00000, 0.00000, 1 
0.00000, 0.00000, 1 
-0.18310, -0.18310, 1 
2.99401, 3.07725, 1 
2.99401, 3.07725, 1 
2.99401, 3.07725, 1 
2.99401, 3.07725, 1 
-1.04396, -1.01150, 1 
-1.58230, -1.11710, 1 
-1.65935, -1.11710, 1 
-1.68505, -0.94022, 1 
-1.71074, 0.01221, 1 
-1.74929, 0.53288, 1 
-1.78785, -0.05289, 1 
-1.83928, 0.58392, 1 
-1.83928, 1.50529, 1 
-1.89072, 2.27705, 1 
-1.81356, 2.45764, 1 
-1.73644, 2.38022, 1 
-1.32573, 1.18632, 1 
-1.06955, 2.38022, 1 
-0.90325, 2.30283, 1 
-2.61259, 0.37324, 1 
-2.61259, 0.21682, 1 
-2.69011, -0.91493, 1 
-2.29149, -0.66187, 1 
-0.75603, -0.02746, 1 
-1.05829, 0.71158, 1 
-2.49636, 1.98078, 1 
-2.31573, 2.03227, 1 
-0.30342, 1.95504, 1 
-0.10226, 1.91645, 1 
-0.09310, 1.86500, 1 
-0.11397, 1.68505, 1 
-0.44514, 1.60798, 1 
-0.49615, 1.50529, 1 
-0.52166, 1.42831, 1 
-0.52166, 1.38984, 1 
-0.57269, 1.27446, 1 
-0.59821, 0.85212, 1 
-1.04396, 0.76267, 1 
-0.24126, 0.53288, 1 
0.43377, 0.50737, 1 
0.36933, 0.39670, 1 
0.36375, 0.39109, 1 
-0.18310, -0.18310, 1 
-0.18310, -0.18310, 1 
0.00000, 0.00000, 1 
0.00000, 0.00000, 1 
0.00000, 0.00000, 1 
0.00000, 0.00000, 1 
0.00000, 0.00000, 1 
0.00000, 0.00000, 1 
0.00000, 0.00000, 1 
0.83804
0.00000, 0.00000, 1 
0.00000, 0.00000, 1 
0.00000, 0.00000, 1 
0.00000, 0.00000, 1 
0.00000, 0.00000, 1 
0.00000, 0.00000, 1 
0.00000, 0.00000, 1 
0.00000, 0.00000, 1 
-0.18310, -0.18310, 1 
2.99401, 3.07725, 1 
2.99401, 3.07725, 1 
2.99401, 3.07725, 1 
2.99401, 3.07725, 1 
-1.04396, -1.01150, 1 
-1.55663, -1.26855, 1 
-1.58230, -1.21809, 1 
-1.65935, -1.04132, 1 
-1.71074, -0.40587, 1 
-1.73644, 0.50737, 1 
-1.78785, -0.07831, 1 
-1.81356, 0.81378, 1 
-1.86500, 1.30009, 1 
-1.94218, 1.89072, 1 
-1.81356, 2.40602, 1 
-1.65935, 2.38022, 1 
-1.27446, 1.19759, 1 
-1.09515, 2.32862, 1 
-0.89047, 2.30283, 1 
-2.58675, -0.04577, 1 
-2.61259, -0.20077, 1 
-2.66427, -0.91493, 1 
-1.89072, -0.48448, 1 
-0.33603, -0.05289, 1 
-0.71158, 0.91604, 1 
-2.40602, 1.96791, 1 
-2.27705, 1.99365, 1 
0.10372, 1.94218, 1 
0.30691, 1.91645, 1 
0.32518, 1.86500, 1 
0.30437, 1.68505, 1 
-0.02594, 1.60798, 1 
-0.07682, 1.53096, 1 
-0.10226, 1.45397, 1 
-0.10226, 1.37701, 1 
-0.15317, 1.32573, 1 
-0.17862, 1.06955, 1 
-1.06955, 0.78822, 1 
-0.66050, 0.53288, 1 
0.02746, 0.50737, 1 
0.36883, 0.39619, 1 
0.36426, 0.39160, 1 
-0.18310, -0.18310, 1 
-0.18310, -0.18310, 1 
0.00000, 0.00000, 1 
0.00000, 0.00000, 1 
0.00000, 0.00000, 1 
0.00000, 0.00000, 1 
0.00000, 0.00000, 1 
0.00000, 0.00000, 1 
0.00000, 0.00000, 1 
0.84406
0.00000, 0.00000, 1 
0.00000, 0.00000, 1 
0.00000, 0.00000, 1 
0.00000, 0.00000, 1 
0.00000, 0.00000, 1 
0.00000, 0.00000, 1 
0.00000, 0.00000, 1 
0.00000, 0.00000, 1 
-0.18310, -0.18310, 1 
2.99401, 3.07725, 1 
2.99401, 3.07725, 1 
2.99401, 3.07725, 1 
2.99401, 3.07725, 1 
-0.94162, -0.91038, 1 
-1.55663, -1.26855, 1 
-1.60798, -1.11710, 1 
-1.65935, -1.41987, 1 
-1.71074, -0.68719, 1 
-1.76214, 0.50737, 1 
-1.78785, 0.30342, 1 
-1.83928, 0.94162, 1 
-1.86500, 1.22321, 1 
-1.94218, 1.71074, 1 
-1.78785, 2.43183, 1 
-1.71074, 2.38022, 1 
-1.24884, 0.94162, 1 
-1.04396, 2.32862, 1 
-0.89047, 2.32862, 1 
-2.61259, -0.46369, 1 
-2.61259, -0.61678, 1 
-2.69011, -0.91493, 1 
-1.46834, -0.48448, 1 
0.08288, 0.10888, 1 
-0.66050, 0.91604, 1 
-2.30283, 1.94218, 1 
-2.22548, 1.96791, 1 
0.52099, 1.94218, 1 
0.72365, 1.91645, 1 
0.74238, 1.86500, 1 
0.72163, 1.68505, 1 
0.38303, 1.60798, 1 
0.34142, 1.53096, 1 
0.25613, 1.47963, 1 
0.31604, 1.40266, 1 
0.26527, 1.35137, 1 
0.23988, 1.12076, 1 
-1.06955, 0.78822, 1 
-0.83934, 0.55840, 1 
0.00203, 0.50737, 1 
0.36832, 0.39568, 1 
0.36477, 0.39211, 1 
-0.18310, -0.18310, 1 
-0.18310, -0.18310, 1 
0.00000, 0.00000, 1 
0.00000, 0.00000, 1 
0.00000, 0.00000, 1 
0.00000, 0.00000, 1 
0.00000, 0.00000, 1 
0.00000, 0.00000, 1 
0.00000, 0.00000, 1 
0.85010
0.00000, 0.00000, 1 
0.00000, 0.00000, 1 
0.00000, 0.00000, 1 
0.00000, 0.00000, 1 
0.00000, 0.00000, 1 
0.00000, 0.00000, 1 
0.00000, 0.00000, 1 
0.00000, 0.00000, 1 
-0.18310, -0.18310, 1 
2.99401, 3.07725, 1 
2.99401, 3.07725, 1 
2.99401, 3.07725, 1 
2.99401, 3.07725, 1 
-1.01837, -0.98622, 1 
-1.58230, -1.26855, 1 
-1.58230, -1.39466, 1 
-1.65935, -1.04132, 1 
-1.71074, -0.71251, 1 
-1.73644, 0.43086, 1 
-1.78785, 0.63497, 1 
-1.83928, 0.76267, 1 
-1.91645, 1.17198, 1 
-1.99365, 1.55663, 1 
-1.76214, 2.32862, 1 
-1.65935, 2.38022, 1 
-1.22321, 0.81378, 1 
-1.04396, 1.94218, 1 
-0.86490, 2.30283, 1 
-2.58675, -0.88054, 1 
-2.38022, -1.03222, 1 
-2.69011, -0.88964, 1 
-1.24884, -0.48448, 1 
0.50071, 0.52829, 1 
-0.55840, 0.91604, 1 
-2.30283, 2.01940, 1 
-2.27705, 2.01940, 1 
0.81375, 1.96791, 1 
1.13983, 1.91645, 1 
1.15851, 1.86500, 1 
1.13781, 1.65935, 1 
0.77428, 1.60798, 1 
0.45913, 1.55663, 1 
0.43377, 1.47963, 1 
0.73327, 1.42831, 1 
0.35766, 1.35137, 1 
0.38303, 1.19759, 1 
-1.04396, 0.91604, 1 
-0.86490, 0.55840, 1 
0.00203, 0.48186, 1 
0.53518, 0.56299, 1 
0.36477, 0.39211, 1 
-0.18310, -0.18310, 1 
-0.18310, -0.18310, 1 
0.00000, 0.00000, 1 
0.00000, 0.00000, 1 
0.00000, 0.00000, 1 
0.00000, 0.00000, 1 
0.00000, 0.00000, 1 
0.00000, 0.00000, 1 
0.00000, 0.00000, 1 
0.85615
0.00000, 0.00000, 1 
0.00000, 0.00000, 1 
0.00000, 0.00000, 1 
0.00000, 0.00000, 1 
0.00000, 0.00000, 1 
0.00000, 0.00000, 1 
0.00000, 0.00000, 1 
0.00000, 0.00000, 1 
-0.18310, -0.18310, 1 
2.99401, 3.07725, 1 
2.99401, 3.07725, 1 
2.99401, 3.07725, 1 
2.99401, 3.07725, 1 
-1.04396, -1.01150, 1 
-1.55663, -1.29378, 1 
-1.58230, -1.36945, 1 
-1.65935, -1.21809, 1 
-1.71074, -0.86435, 1 
-1.73644, 0.40536, 1 
-1.78785, 0.55840, 1 
-1.78785, 0.73712, 1 
-1.94218, 1.09515, 1 
-2.01940, 1.22321, 1 
-1.73644, 1.93086, 1 
-1.54379, 2.38022, 1 
-1.21040, 0.43239, 1 
-0.97999, 1.55817, 1 
-0.58392, 2.30283, 1 
-2.18837, -0.47130, 1 
-1.98850, -0.61577, 1 
-2.65134, -0.90229, 1 
-1.15917, -0.48448, 1 
0.11490, 0.17608, 1 
-0.16335, 0.91604, 1 
-2.00652, 2.01940, 1 
-1.87940, 2.03896, 1 
0.91493, 1.98078, 1 
1.52066, 1.91645, 1 
1.47027, 1.86500, 1 
1.17669, 1.65935, 1 
0.50984, 1.60798, 1 
0.83905, 1.55663, 1 
0.82489, 1.47963, 1 
0.81375, 1.42831, 1 
0.68719, 1.35137, 1 
0.38303, 1.22321, 1 
-0.64927, 1.01837, 1 
-1.06955, 0.53288, 1 
-0.27794, 0.50737, 1 
0.50984, 0.53748, 1 
0.36527, 0.39262, 1 
-0.18310, -0.18310, 1 
-0.18310, -0.18310, 1 
0.00000, 0.00000, 1 
0.00000, 0.00000, 1 
0.00000, 0.00000, 1 
0.00000, 0.00000, 1 
0.00000, 0.00000, 1 
0.00000, 0.00000, 1 
0.00000, 0.00000, 1 
0.86220
0.00000, 0.00000, 1 
0.00000, 0.00000, 1 
0.00000, 0.00000, 1 
0.00000, 0.00000, 1 
0.00000, 0.00000, 1 
0.00000, 0.00000, 1 
0.00000, 0.00000, 1 
0.00000, 0.00000, 1 
-0.18310, -0.18310, 1 
2.99401, 3.07725, 1 
2.99401, 3.07725, 1 
2.99401, 3.07725, 1 
2.99401, 3.07725, 1 
-1.14022, -1.10649, 1 
-1.53096, -1.31901, 1 
-1.58230, -1.36945, 1 
-1.65935, -1.36945, 1 
-1.71074, -0.96550, 1 
-1.76214, 0.37987, 1 
-1.78785, 0.53288, 1 
-1.86500, 0.68604, 1 
-1.99365, 1.04396, 1 
-2.09665, 0.94162, 1 
-1.73644, 1.58230, 1 
-1.40266, 2.38022, 1 
-1.17198, 0.02594, 1 
-0.91604, 1.14893, 1 
-0.58392, 2.30283, 1 
-1.76471, -0.06102, 1 
-1.57203, -0.19823, 1 
-2.66427, -0.94022, 1 
-1.14637, -0.48448, 1 
-0.30342, 0.02340, 1 
-0.25247, 0.91604, 1 
-1.68505, 1.99365, 1 
-1.45653, 2.03227, 1 
1.04132, 1.96791, 1 
1.44507, 1.89072, 1 
1.47027, 1.86500, 1 
0.76061, 1.68505, 1 
0.30691, 1.60798, 1 
1.25442, 1.58230, 1 
1.21556, 1.47963, 1 
0.86435, 1.42831, 1 
0.53518, 1.37701, 1 
0.40840, 1.27446, 1 
-0.99278, 1.04396, 1 
-1.06955, 0.55840, 1 
-0.66050, 0.45636, 1 
0.43377, 0.48186, 1 
0.36578, 0.39313, 1 
-0.18310, -0.18310, 1 
-0.18310, -0.18310, 1 
0.00000, 0.00000, 1 
0.00000, 0.00000, 1 
0.00000, 0.00000, 1 
0.00000, 0.00000, 1 
0.00000, 0.00000, 1 
0.00000, 0.00000, 1 
0.00000, 0.00000, 1 
0.86827
0.00000, 0.00000, 1 
0.00000, 0.00000, 1 
0.00000, 0.00000, 1 
0.00000, 0.00000, 1 
0.00000, 0.00000, 1 
0.00000, 0.00000, 1 
0.00000, 0.00000, 1 
0.00000, 0.00000, 1 
-0.18310, -0.18310, 1 
2.99401, 3.07725, 1 
2.99401, 3.07725, 1 
2.99401, 3.07725, 1 
2.99401, 3.07725, 1 
-1.12076, -1.08729, 1 
-1.58230, -1.44507, 1 
-1.58230, -1.44507, 1 
-1.65935, -1.36945, 1 
-1.71074, -0.99077, 1 
-1.76214, 0.12517, 1 
-1.78785, 0.50737, 1 
-1.83928, 0.68604, 1 
-1.99365, 1.01837, 1 
-2.12241, 0.52166, 1 
-1.71074, 1.16071, 1 
-1.37701, 2.38022, 1 
-1.25242, -0.35766, 1 
-0.91604, 0.72793, 1 
-0.55840, 2.32862, 1 
-1.34214, 0.34317, 1 
-1.14995, 0.22038, 1 
-2.69011, -0.81375, 1 
-1.17198, -0.37948, 1 
-0.68604, -0.20535, 1 
-0.58392, 0.91604, 1 
-1.26319, 1.94218, 1 
-1.03475, 1.96791, 1 
1.16760, 1.95504, 1 
1.47027, 1.87786, 1 
1.47027, 1.86500, 1 
0.36883, 1.68505, 1 
-0.02340, 1.60798, 1 
1.25442, 1.60798, 1 
0.85019, 1.53096, 1 
0.48448, 1.42831, 1 
0.73783, 1.37701, 1 
0.81375, 1.27446, 1 
-0.59821, 0.96720, 1 
-1.14637, 0.58392, 1 
-0.66050, 0.50737, 1 
0.23074, 0.45636, 1 
0.36629, 0.39364, 1 
-0.18310, -0.18310, 1 
-0.18310, -0.18310, 1 
0.00000, 0.00000, 1 
0.00000, 0.00000, 1 
0.00000, 0.00000, 1 
0.00000, 0.00000, 1 
0.00000, 0.00000, 1 
0.00000, 0.00000, 1 
0.00000, 0.00000, 1 
0.87434
0.00000, 0.00000, 1 
0.00000, 0.00000, 1 
0.00000, 0.00000, 1 
0.00000, 0.00000, 1 
0.00000, 0.00000, 1 
0.00000, 0.00000, 1 
0.00000, 0.00000, 1 
0.00000, 0.00000, 1 
-0.18310, -0.18310, 1 
2.99401, 3.07725, 1 
2.99401, 3.07725, 1 
2.99401, 3.07725, 1 
2.99401, 3.07725, 1 
-1.19759, -1.16306, 1 
-1.53096, -1.41987, 1 
-1.58230, -1.44507, 1 
-1.65935, -1.11710, 1 
-1.71074, -1.04132, 1 
-1.73644, 0.07428, 1 
-1.78785, 0.45636, 1 
-1.91645, 0.66050, 1 
-2.07089, 0.99278, 1 
-2.19971, 0.13382, 1 
-1.71074, 0.73968, 1 
-1.62339, 2.35442, 1 
-1.67477, -0.56053, 1 
-0.91604, 0.30800, 1 
-0.58392, 2.27705, 1 
-0.92064, 0.76267, 1 
-0.72895, 0.63957, 1 
-2.66427, -0.78845, 1 
-0.78822, 0.03866, 1 
-0.86490, 0.02340, 1 
-0.48186, 0.91604, 1 
-0.94162, 1.94218, 1 
-0.61404, 1.96791, 1 
1.31901, 1.94218, 1 
1.62140, 1.91645, 1 
1.46775, 1.86500, 1 
-0.04883, 1.73644, 1 
-0.40536, 1.60798, 1 
0.83905, 1.60798, 1 
0.43377, 1.55663, 1 
0.40840, 1.45397, 1 
0.83905, 1.40266, 1 
0.50730, 1.32573, 1 
-1.01837, 0.58392, 1 
-1.14637, 0.53288, 1 
-0.68604, 0.48186, 1 
-0.02340, 0.45636, 1 
0.36680, 0.39415, 1 
-0.18310, -0.18310, 1 
-0.18310, -0.18310, 1 
0.00000, 0.00000, 1 
0.00000, 0.00000, 1 
0.00000, 0.00000, 1 
0.00000, 0.00000, 1 
0.00000, 0.00000, 1 
0.00000, 0.00000, 1 
0.00000, 0.00000, 1 
0.88043
0.00000, 0.00000, 1 
0.00000, 0.00000, 1 
0.00000, 0.00000, 1 
0.00000, 0.00000, 1 
0.00000, 0.00000, 1 
0.00000, 0.00000, 1 
0.00000, 0.00000, 1 
0.00000, 0.00000, 1 
-0.18310, -0.18310, 1 
2.99401, 3.07725, 1 
2.99401, 3.07725, 1 
2.99401, 3.07725, 1 
2.99401, 3.07725, 1 
-1.32573, -1.28924, 1 
-1.30009, -1.26401, 1 
-1.58230, -1.47027, 1 
-1.65935, -1.21809, 1 
-1.71074, -1.04132, 1 
-1.71074, -0.34345, 1 
-1.78785, 0.45636, 1 
-1.94218, 0.66050, 1 
-2.09665, 0.89047, 1 
-2.22548, -0.28406, 1 
-2.09665, 0.35438, 1 
-2.04669, 2.38022, 1 
-2.09819, -0.81375, 1 
-1.28882, -0.10372, 1 
-0.52013, 2.34152, 1 
-0.50074, 1.16071, 1 
-0.30953, 1.04754, 1 
-2.43183, -0.56661, 1 
-0.38650, 0.45789, 1 
-1.21706, -0.09101, 1 
-0.57116, 0.90325, 1 
-0.74376, 1.94218, 1 
-0.21172, 2.00652, 1 
1.21556, 1.98078, 1 
1.47431, 1.90358, 1 
1.05243, 1.87168, 1 
-0.09361, 1.74929, 1 
-0.00458, 1.63367, 1 
0.86435, 1.60798, 1 
0.64920, 1.53763, 1 
0.61729, 1.46064, 1 
0.71859, 1.41549, 1 
0.08949, 1.33240, 1 
-1.06955, 0.16488, 1 
-0.83934, 0.58392, 1 
-0.91604, 0.50737, 1 
-0.04883, 0.45636, 1 
0.36680, 0.39415, 1 
-0.18310, -0.18310, 1 
-0.18310, -0.18310, 1 
0.00000, 0.00000, 1 
0.00000, 0.00000, 1 
0.00000, 0.00000, 1 
0.00000, 0.00000, 1 
0.00000, 0.00000, 1 
0.00000, 0.00000, 1 
0.00000, 0.00000, 1 
0.88652
0.00000, 0.00000, 1 
0.00000, 0.00000, 1 
0.00000, 0.00000, 1 
0.00000, 0.00000, 1 
0.00000, 0.00000, 1 
0.00000, 0.00000, 1 
0.00000, 0.00000, 1 
0.00000, 0.00000, 1 
-0.18310, -0.18310, 1 
2.99401, 3.07725, 1 
2.99401, 3.07725, 1 
2.99401, 3.07725, 1 
2.99401, 3.07725, 1 
-1.50837, -1.46826, 1 
-1.38368, -1.30942, 1 
-1.60798, -1.41987, 1 
-1.72359, -1.21809, 1 
-1.73644, -0.96550, 1 
-1.74929, -0.73783, 1 
-1.85214, 0.33552, 1 
-2.03896, 0.59056, 1 
-2.18682, 0.82042, 1 
-2.30283, -0.26223, 1 
-2.36732, 0.03612, 1 
-2.47054, 2.34152, 1 
-2.52218, -1.20547, 1 
-1.71074, -0.50274, 1 
-0.48186, 2.38022, 1 
-0.45891, 1.58230, 1 
0.07576, 1.46936, 1 
-2.22548, -0.39572, 1 
0.01475, 0.87768, 1 
-1.56947, 0.04883, 1 
-0.60944, 0.89047, 1 
-0.49462, 1.94218, 1 
0.19011, 2.04514, 1 
1.13781, 2.01940, 1 
1.32708, 1.91645, 1 
0.63654, 1.87786, 1 
-0.13789, 1.76214, 1 
0.39572, 1.65935, 1 
0.66187, 1.60798, 1 
0.86435, 1.54379, 1 
0.82640, 1.46680, 1 
0.59854, 1.42831, 1 
-0.32890, 1.33855, 1 
-1.06955, -0.10372, 1 
-0.45636, 0.55840, 1 
-1.03116, 0.48186, 1 
0.26883, 0.44361, 1 
0.36730, 0.39466, 1 
-0.18310, -0.18310, 1 
-0.18310, -0.18310, 1 
0.00000, 0.00000, 1 
0.00000, 0.00000, 1 
0.00000, 0.00000, 1 
0.00000, 0.00000, 1 
0.00000, 0.00000, 1 
0.00000, 0.00000, 1 
0.00000, 0.00000, 1 
0.89263
0.00000, 0.00000, 1 
0.00000, 0.00000, 1 
0.00000, 0.00000, 1 
0.00000, 0.00000, 1 
0.00000, 0.00000, 1 
0.00000, 0.00000, 1 
0.00000, 0.00000, 1 
0.00000, 0.00000, 1 
-0.18310, -0.18310, 1 
2.99401, 3.07725, 1 
2.99401, 3.07725, 1 
2.99401, 3.07725, 1 
2.99401, 3.07725, 1 
-1.47090, -1.43146, 1 
-1.32932, -1.27411, 1 
-1.59514, -1.44507, 1 
-1.71742, -1.24332, 1 
-1.71074, -1.04132, 1 
-1.73027, -0.76314, 1 
-1.83311, 0.30699, 1 
-2.04205, 0.52370, 1 
-2.19352, 0.43545, 1 
-2.31573, -0.60158, 1 
-2.39983, -0.38151, 1 
-2.47726, 2.32243, 1 
-2.51598, -1.50152, 1 
-2.12241, -0.91948, 1 
-0.46911, 2.35442, 1 
-0.24126, 1.96791, 1 
0.48296, 1.85985, 1 
-2.19971, -0.51592, 1 
0.38912, 1.28113, 1 
-1.89741, -0.10372, 1 
-0.44361, 0.89047, 1 
-0.07580, 1.95504, 1 
0.60766, 2.03227, 1 
1.09740, 2.00652, 1 
1.21758, 1.91645, 1 
1.05243, 1.87168, 1 
-0.33552, 1.78785, 1 
0.81224, 1.65935, 1 
0.87700, 1.60798, 1 
0.88964, 1.55047, 1 
0.85777, 1.47347, 1 
0.68061, 1.42831, 1 
-0.69881, 1.34522, 1 
-1.06955, -0.46927, 1 
-0.03764, 0.55840, 1 
-0.99943, 0.49462, 1 
0.10982, 0.45024, 1 
0.39420, 0.42168, 1 
-0.18310, -0.18310, 1 
-0.18310, -0.18310, 1 
0.00000, 0.00000, 1 
0.00000, 0.00000, 1 
0.00000, 0.00000, 1 
0.00000, 0.00000, 1 
0.00000, 0.00000, 1 
0.00000, 0.00000, 1 
0.00000, 0.00000, 1 
0.89874
0.00000, 0.00000, 1 
0.00000, 0.00000, 1 
0.00000, 0.00000, 1 
0.00000, 0.00000, 1 
0.00000, 0.00000, 1 
0.00000, 0.00000, 1 
0.00000, 0.00000, 1 
0.00000, 0.00000, 1 
-0.18310, -0.18310, 1 
2.99401, 3.07725, 1 
2.99401, 3.07725, 1 
2.99401, 3.07725, 1 
2.99401, 3.07725, 1 
-1.43293, -1.39416, 1 
-1.27446, -1.23878, 1 
-1.58230, -1.47027, 1 
-1.71074, -1.26855, 1 
-1.68505, -1.11710, 1 
-1.71074, -0.78845, 1 
-1.81356, 0.27794, 1 
-2.04514, 0.45636, 1 
-2.19971, 0.05138, 1 
-2.32862, -0.94022, 1 
-2.43183, -0.79857, 1 
-2.48345, 2.30283, 1 
-2.50927, -1.79752, 1 
-2.53509, -1.33515, 1 
-0.45636, 2.32862, 1 
-0.02340, 2.35442, 1 
0.88964, 2.25126, 1 
-2.17394, -0.63654, 1 
0.76314, 1.68505, 1 
-2.22548, -0.25613, 1 
-0.27794, 0.89047, 1 
0.34244, 1.96791, 1 
1.02413, 2.01940, 1 
1.05749, 1.99365, 1 
1.10801, 1.91645, 1 
1.46775, 1.86500, 1 
-0.53288, 1.81356, 1 
1.22818, 1.65935, 1 
1.09184, 1.60798, 1 
0.91493, 1.55663, 1 
0.88964, 1.47963, 1 
0.76314, 1.42831, 1 
-1.06955, 1.35137, 1 
-1.06955, -0.83450, 1 
0.38050, 0.55840, 1 
-0.96720, 0.50737, 1 
-0.04883, 0.45636, 1 
0.48448, 0.51196, 1 
-0.18310, -0.18310, 1 
-0.18310, -0.18310, 1 
0.00000, 0.00000, 1 
0.00000, 0.00000, 1 
0.00000, 0.00000, 1 
0.00000, 0.00000, 1 
0.00000, 0.00000, 1 
0.00000, 0.00000, 1 
0.00000, 0.00000, 1 
0.90490
0.00000, 0.00000, 1 
0.00000, 0.00000, 1 
0.00000, 0.00000, 1 
0.00000, 0.00000, 1 
0.00000, 0.00000, 1 
0.00000, 0.00000, 1 
0.00000, 0.00000, 1 
0.00000, 0.00000, 1 
-0.18310, -0.18310, 1 
2.99401, 3.07725, 1 
2.99401, 3.07725, 1 
2.99401, 3.07725, 1 
2.99401, 3.07725, 1 
-1.39548, -1.35734, 1 
-1.32573, -1.28924, 1 
-1.56947, -1.49295, 1 
-1.65935, -1.31901, 1 
-1.71074, -1.14235, 1 
-1.73644, -0.83905, 1 
-1.83928, 0.34164, 1 
-2.07089, 0.45636, 1 
-2.22548, 0.47064, 1 
-2.35442, -0.69833, 1 
-2.43183, -0.43782, 1 
-2.48345, 2.17394, 1 
-2.50927, -2.04880, 1 
-2.54801, -1.59169, 1 
-0.43086, 2.35442, 1 
0.02746, 2.36732, 1 
0.87700, 2.26415, 1 
-2.16105, -0.56053, 1 
1.07921, 1.90358, 1 
-2.25126, -0.11643, 1 
-0.68604, 0.90325, 1 
-0.06919, 1.99365, 1 
0.61374, 2.03227, 1 
0.64110, 2.00652, 1 
0.69175, 1.92931, 1 
1.51915, 1.86500, 1 
-0.52013, 1.81356, 1 
1.29883, 1.67220, 1 
0.96550, 1.60798, 1 
0.90229, 1.55663, 1 
0.92757, 1.50529, 1 
0.82640, 1.42831, 1 
-0.74990, 1.35137, 1 
-0.76267, -0.41753, 1 
0.02594, 0.57116, 1 
-0.63650, 0.52013, 1 
-0.08852, 0.45636, 1 
0.43377, 0.46095, 1 
-0.18310, -0.18310, 1 
-0.18310, -0.18310, 1 
0.00000, 0.00000, 1 
0.00000, 0.00000, 1 
0.00000, 0.00000, 1 
0.00000, 0.00000, 1 
0.00000, 0.00000, 1 
0.00000, 0.00000, 1 
0.00000, 0.00000, 1 
0.91114
0.00000, 0.00000, 1 
0.00000, 0.00000, 1 
0.00000, 0.00000, 1 
0.00000, 0.00000, 1 
0.00000, 0.00000, 1 
0.00000, 0.00000, 1 
0.00000, 0.00000, 1 
0.00000, 0.00000, 1 
-0.18310, -0.18310, 1 
2.99401, 3.07725, 1 
2.99401, 3.07725, 1 
2.99401, 3.07725, 1 
2.99401, 3.07725, 1 
-1.35752, -1.32002, 1 
-1.37701, -1.33969, 1 
-1.55663, -1.51613, 1 
-1.60798, -1.36945, 1 
-1.73644, -1.16760, 1 
-1.76214, -0.88964, 1 
-1.86500, 0.40536, 1 
-2.09665, 0.45636, 1 
-2.25126, 0.89047, 1 
-2.38022, -0.45659, 1 
-2.43183, -0.07576, 1 
-2.48345, 2.04514, 1 
-2.50927, -2.29967, 1 
-2.56092, -1.84781, 1 
-0.40536, 2.38022, 1 
0.07831, 2.38022, 1 
0.86435, 2.27705, 1 
-2.14817, -0.48448, 1 
1.39466, 2.12241, 1 
-2.27705, 0.02340, 1 
-1.09515, 0.91604, 1 
-0.48186, 2.01940, 1 
0.20281, 2.04514, 1 
0.22363, 2.01940, 1 
0.27441, 1.94218, 1 
1.57104, 1.86500, 1 
-0.50737, 1.81356, 1 
1.36945, 1.68505, 1 
0.83905, 1.60798, 1 
0.88964, 1.55663, 1 
0.96550, 1.53096, 1 
0.88964, 1.42831, 1 
-0.43086, 1.35137, 1 
-0.45636, 0.00051, 1 
-0.32890, 0.58392, 1 
-0.30597, 0.53288, 1 
-0.12771, 0.45636, 1 
0.38303, 0.40995, 1 
-0.18310, -0.18310, 1 
-0.18310, -0.18310, 1 
0.00000, 0.00000, 1 
0.00000, 0.00000, 1 
0.00000, 0.00000, 1 
0.00000, 0.00000, 1 
0.00000, 0.00000, 1 
0.00000, 0.00000, 1 
0.00000, 0.00000, 1 
0.91747
0.00000, 0.00000, 1 
0.00000, 0.00000, 1 
0.00000, 0.00000, 1 
0.00000, 0.00000, 1 
0.00000, 0.00000, 1 
0.00000, 0.00000, 1 
0.00000, 0.00000, 1 
0.00000, 0.00000, 1 
-0.18310, -0.18310, 1 
2.99401, 3.07725, 1 
2.99401, 3.07725, 1 
2.99401, 3.07725, 1 
2.99401, 3.07725, 1 
-1.32009, -1.28319, 1 
-1.51402, -1.47380, 1 
-1.40266, -1.36491, 1 
-1.58230, -1.44507, 1 
-1.71074, -1.24332, 1 
-1.73644, -0.81375, 1 
-1.83928, 0.35438, 1 
-2.07089, 0.09972, 1 
-2.22548, 0.94162, 1 
-2.35442, -0.03865, 1 
-2.43183, 0.31769, 1 
-2.48345, 1.86500, 1 
-2.48345, -2.29967, 1 
-2.53509, -1.79752, 1 
-0.32890, 2.35442, 1 
0.07831, 2.35442, 1 
0.91493, 2.25126, 1 
-2.12241, -0.48448, 1 
1.29378, 2.12241, 1 
-2.25126, 0.39415, 1 
-1.24884, 0.91604, 1 
-0.71158, 1.96791, 1 
-0.21580, 2.01940, 1 
-0.19492, 1.99365, 1 
-0.14400, 1.91645, 1 
1.41735, 1.86500, 1 
-0.70238, 1.81356, 1 
1.36945, 1.65935, 1 
0.86435, 1.60798, 1 
1.27966, 1.55663, 1 
1.19284, 1.53096, 1 
0.94022, 1.42831, 1 
-0.01221, 1.35137, 1 
-0.03764, 0.41964, 1 
-0.70034, 0.55840, 1 
-0.72588, 0.53288, 1 
-0.52166, 0.43086, 1 
0.35766, 0.38446, 1 
-0.18310, -0.18310, 1 
-0.18310, -0.18310, 1 
0.00000, 0.00000, 1 
0.00000, 0.00000, 1 
0.00000, 0.00000, 1 
0.00000, 0.00000, 1 
0.00000, 0.00000, 1 
0.00000, 0.00000, 1 
0.00000, 0.00000, 1 
0.92387
0.00000, 0.00000, 1 
0.00000, 0.00000, 1 
0.00000, 0.00000, 1 
0.00000, 0.00000, 1 
0.00000, 0.00000, 1 
0.00000, 0.00000, 1 
0.00000, 0.00000, 1 
0.00000, 0.00000, 1 
-0.18310, -0.18310, 1 
2.99401, 3.07725, 1 
2.99401, 3.07725, 1 
2.99401, 3.07725, 1 
2.99401, 3.07725, 1 
-1.28215, -1.24585, 1 
-1.48219, -1.44255, 1 
-1.32573, -1.28924, 1 
-1.58230, -1.47027, 1 
-1.68505, -1.29378, 1 
-1.71074, -0.81375, 1 
-1.83928, 0.30342, 1 
-2.04514, 0.15062, 1 
-2.22548, 1.04396, 1 
-2.35442, 0.32890, 1 
-2.43183, 0.72588, 1 
-2.48345, 1.76214, 1 
-2.48345, -2.29967, 1 
-2.53509, -1.79752, 1 
-0.37987, 2.35442, 1 
0.10372, 2.32862, 1 
0.94022, 2.25126, 1 
-2.12241, -0.48448, 1 
1.21809, 1.94218, 1 
-2.22548, 0.32890, 1 
-1.42831, 0.89047, 1 
-0.91604, 1.96791, 1 
-0.63497, 1.99365, 1 
-0.61404, 1.96791, 1 
-0.56299, 1.86500, 1 
1.00189, 1.86500, 1 
-1.12332, 1.81356, 1 
1.36945, 1.68505, 1 
1.27966, 1.60798, 1 
0.88964, 1.55663, 1 
1.21809, 1.53096, 1 
0.94022, 1.42831, 1 
0.38303, 1.35137, 1 
0.33229, 0.80253, 1 
-1.09515, 0.53288, 1 
-1.12076, 0.45636, 1 
-0.76267, 0.43086, 1 
0.30691, 0.35438, 1 
-0.18310, -0.18310, 1 
-0.18310, -0.18310, 1 
0.00000, 0.00000, 1 
0.00000, 0.00000, 1 
0.00000, 0.00000, 1 
0.00000, 0.00000, 1 
0.00000, 0.00000, 1 
0.00000, 0.00000, 1 
0.00000, 0.00000, 1 
0.93032
0.00000, 0.00000, 1 
0.00000, 0.00000, 1 
0.00000, 0.00000, 1 
0.00000, 0.00000, 1 
0.00000, 0.00000, 1 
0.00000, 0.00000, 1 
0.00000, 0.00000, 1 
0.00000, 0.00000, 1 
-0.18310, -0.18310, 1 
2.99401, 3.07725, 1 
2.99401, 3.07725, 1 
2.99401, 3.07725, 1 
2.99401, 3.07725, 1 
-1.24474, -1.20900, 1 
-1.44986, -1.41079, 1 
-1.42831, -1.39012, 1 
-1.58230, -1.41987, 1 
-1.71074, -1.31901, 1 
-1.73644, -0.76314, 1 
-1.89072, 0.47064, 1 
-2.12241, 0.09972, 1 
-2.27705, 1.21040, 1 
-2.40602, 0.69881, 1 
-2.48345, 1.14637, 1 
-2.48345, 1.96791, 1 
-2.48345, -2.19937, 1 
-2.53509, -1.87295, 1 
-0.12517, 2.38022, 1 
0.10372, 2.38022, 1 
0.94022, 2.27705, 1 
-2.14817, -0.45913, 1 
1.19284, 1.91645, 1 
-2.25126, 0.39415, 1 
-1.63367, 1.30009, 1 
-1.23756, 1.62237, 1 
-1.04549, 2.01940, 1 
-1.03475, 1.99365, 1 
-0.98357, 1.91645, 1 
0.58587, 1.86500, 1 
-1.54533, 1.81356, 1 
1.36945, 1.71074, 1 
0.99077, 1.60798, 1 
0.91493, 1.55663, 1 
0.86435, 1.53096, 1 
0.91493, 1.42831, 1 
0.74694, 1.35137, 1 
0.70897, 1.22321, 1 
-0.72588, 0.13942, 1 
-1.14637, 0.06308, 1 
-0.99278, 0.45636, 1 
0.28152, 0.37987, 1 
-0.18310, -0.18310, 1 
-0.18310, -0.18310, 1 
0.00000, 0.00000, 1 
0.00000, 0.00000, 1 
0.00000, 0.00000, 1 
0.00000, 0.00000, 1 
0.00000, 0.00000, 1 
0.00000, 0.00000, 1 
0.00000, 0.00000, 1 
0.93679
0.00000, 0.00000, 1 
0.00000, 0.00000, 1 
0.00000, 0.00000, 1 
0.00000, 0.00000, 1 
0.00000, 0.00000, 1 
0.00000, 0.00000, 1 
0.00000, 0.00000, 1 
0.00000, 0.00000, 1 
-0.18310, -0.18310, 1 
2.99401, 3.07725, 1 
2.99401, 3.07725, 1 
2.99401, 3.07725, 1 
2.99401, 3.07725, 1 
-1.20682, -1.17164, 1 
-1.44268, -1.40373, 1 
-1.47963, -1.44054, 1 
-1.58230, -1.39466, 1 
-1.76214, -1.31901, 1 
-1.76214, -0.73783, 1 
-1.91645, 0.89047, 1 
-2.19971, 0.48186, 1 
-2.27705, 1.32573, 1 
-2.40602, 1.01837, 1 
-2.50927, 1.53096, 1 
-2.48345, 2.12241, 1 
-2.53509, -1.87295, 1 
-2.56092, -1.87043, 1 
-0.02340, 2.40602, 1 
0.28152, 2.40602, 1 
0.86435, 2.30283, 1 
-2.17394, -0.43377, 1 
1.26855, 1.76214, 1 
-2.27705, 0.35438, 1 
-1.83928, 1.68505, 1 
-1.65935, 2.04514, 1 
-1.45653, 2.07089, 1 
-1.45653, 2.04514, 1 
-1.40523, 1.96791, 1 
0.56053, 1.89072, 1 
-1.96791, 1.81356, 1 
1.41987, 1.71074, 1 
1.36945, 1.60798, 1 
1.26855, 1.55663, 1 
1.21809, 1.53096, 1 
1.13983, 1.42831, 1 
0.83652, 1.35137, 1 
0.81122, 1.27446, 1 
-1.14637, -0.25359, 1 
-1.17198, -0.32975, 1 
-0.91604, 0.43086, 1 
0.31960, 0.40791, 1 
-0.18310, -0.18310, 1 
-0.18310, -0.18310, 1 
0.00000, 0.00000, 1 
0.00000, 0.00000, 1 
0.00000, 0.00000, 1 
0.00000, 0.00000, 1 
0.00000, 0.00000, 1 
0.00000, 0.00000, 1 
0.00000, 0.00000, 1 
0.94327
0.00000, 0.00000, 1 
0.00000, 0.00000, 1 
0.00000, 0.00000, 1 
0.00000, 0.00000, 1 
0.00000, 0.00000, 1 
0.00000, 0.00000, 1 
0.00000, 0.00000, 1 
0.00000, 0.00000, 1 
-0.18310, -0.18310, 1 
2.99401, 3.07725, 1 
2.99401, 3.07725, 1 
2.99401, 3.07725, 1 
2.99401, 3.07725, 1 
-1.16942, -1.13478, 1 
-1.37701, -1.33969, 1 
-1.35137, -1.31447, 1 
-1.58230, -1.54132, 1 
-1.71074, -0.94022, 1 
-1.71074, -0.68719, 1 
-1.96791, 1.04396, 1 
-2.22548, 0.87922, 1 
-2.32862, 1.37701, 1 
-2.43183, 1.40266, 1 
-2.48345, 1.91645, 1 
-2.48345, 2.17394, 1 
-2.56092, -1.77237, 1 
-2.56092, -1.45616, 1 
-0.04883, 2.38022, 1 
0.12913, 2.35442, 1 
0.94022, 2.27705, 1 
-2.14817, -0.40840, 1 
1.19284, 1.37701, 1 
-2.25126, 0.68604, 1 
-1.99365, 1.32573, 1 
-1.91645, 1.62237, 1 
-1.87940, 2.04514, 1 
-1.87940, 2.01940, 1 
-1.82796, 1.94218, 1 
0.97662, 1.86500, 1 
-2.01940, 1.83928, 1 
1.27764, 1.78785, 1 
0.99077, 1.63367, 1 
0.91493, 1.60798, 1 
0.83905, 1.55663, 1 
0.72365, 1.47963, 1 
0.96550, 1.37701, 1 
0.67301, 1.27446, 1 
-1.19759, -0.66187, 1 
-1.17198, -0.61121, 1 
-0.91604, 0.45636, 1 
0.25613, 0.40536, 1 
-0.18310, -0.18310, 1 
-0.18310, -0.18310, 1 
0.00000, 0.00000, 1 
0.00000, 0.00000, 1 
0.00000, 0.00000, 1 
0.00000, 0.00000, 1 
0.00000, 0.00000, 1 
0.00000, 0.00000, 1 
0.00000, 0.00000, 1 
0.94976
0.00000, 0.00000, 1 
0.00000, 0.00000, 1 
0.00000, 0.00000, 1 
0.00000, 0.00000, 1 
0.00000, 0.00000, 1 
0.00000, 0.00000, 1 
0.00000, 0.00000, 1 
0.00000, 0.00000, 1 
-0.18310, -0.18310, 1 
2.99401, 3.07725, 1 
2.99401, 3.07725, 1 
2.99401, 3.07725, 1 
2.99401, 3.07725, 1 
-1.13151, -1.09740, 1 
-1.37701, -1.33969, 1 
-1.45397, -1.41533, 1 
-1.55663, -1.36945, 1 
-1.76214, -0.68719, 1 
-1.78785, -0.68719, 1 
-2.01940, 1.14637, 1 
-2.22548, 1.30009, 1 
-2.35442, 1.53096, 1 
-2.43183, 1.65935, 1 
-2.56092, 2.30283, 1 
-2.56092, 2.14817, 1 
-2.56092, -1.87295, 1 
-2.56092, -1.04132, 1 
0.07831, 2.43183, 1 
0.50984, 2.43183, 1 
0.83905, 2.32862, 1 
-2.17394, -0.40840, 1 
0.94022, 0.97180, 1 
-2.30283, 0.83934, 1 
-2.19971, 0.94162, 1 
-2.27705, 1.30009, 1 
-2.30283, 2.07089, 1 
-2.30283, 2.04514, 1 
-2.25126, 1.99365, 1 
1.35432, 1.89072, 1 
-1.96791, 1.83928, 1 
0.86182, 1.73644, 1 
1.36945, 1.60798, 1 
1.29378, 1.60798, 1 
1.21809, 1.55663, 1 
0.30691, 1.45397, 1 
1.01605, 1.35137, 1 
0.25613, 1.30009, 1 
-1.17198, -0.61121, 1 
-1.19759, -0.61121, 1 
-0.86490, 0.40536, 1 
0.38303, 0.40995, 1 
-0.18310, -0.18310, 1 
-0.18310, -0.18310, 1 
0.00000, 0.00000, 1 
0.00000, 0.00000, 1 
0.00000, 0.00000, 1 
0.00000, 0.00000, 1 
0.00000, 0.00000, 1 
0.00000, 0.00000, 1 
0.00000, 0.00000, 1 
0.95629
0.00000, 0.00000, 1 
0.00000, 0.00000, 1 
0.00000, 0.00000, 1 
0.00000, 0.00000, 1 
0.00000, 0.00000, 1 
0.00000, 0.00000, 1 
0.00000, 0.00000, 1 
0.00000, 0.00000, 1 
-0.18310, -0.18310, 1 
2.99401, 3.07725, 1 
2.99401, 3.07725, 1 
2.99401, 3.07725, 1 
2.99401, 3.07725, 1 
-1.09413, -1.06052, 1 
-1.38368, -1.34625, 1 
-1.47347, -1.24635, 1 
-1.46680, -1.35432, 1 
-1.77500, -1.02868, 1 
-1.80071, -0.96550, 1 
-1.99365, 1.14637, 1 
-2.19971, 0.91604, 1 
-2.34152, 1.54379, 1 
-2.44473, 1.67220, 1 
-2.57383, 2.31573, 1 
-2.57383, 1.73644, 1 
-2.54801, -1.58363, 1 
-2.56092, -1.16760, 1 
-0.17608, 2.44473, 1 
0.28152, 2.44473, 1 
0.87700, 2.34152, 1 
-2.18682, -0.59854, 1 
0.91493, 0.94622, 1 
-2.27705, 0.43749, 1 
-2.21260, 0.91604, 1 
-2.28994, 1.62082, 1 
-2.31573, 2.08377, 1 
-2.30283, 2.07089, 1 
-2.26415, 2.00652, 1 
1.04637, 1.90358, 1 
-1.96791, 1.85214, 1 
0.44493, 1.73644, 1 
1.16760, 1.62082, 1 
1.18022, 1.60798, 1 
1.18022, 1.55663, 1 
0.67453, 1.46680, 1 
0.99077, 1.17454, 1 
0.57320, 1.28728, 1 
-1.17198, -0.61121, 1 
-0.89712, -0.33838, 1 
-0.69881, 0.41811, 1 
0.39572, 0.42270, 1 
-0.18310, -0.18310, 1 
-0.18310, -0.18310, 1 
0.00000, 0.00000, 1 
0.00000, 0.00000, 1 
0.00000, 0.00000, 1 
0.00000, 0.00000, 1 
0.00000, 0.00000, 1 
0.00000, 0.00000, 1 
0.00000, 0.00000, 1 
0.96289
0.00000, 0.00000, 1 
0.00000, 0.00000, 1 
0.00000, 0.00000, 1 
0.00000, 0.00000, 1 
0.00000, 0.00000, 1 
0.00000, 0.00000, 1 
0.00000, 0.00000, 1 
0.00000, 0.00000, 1 
-0.18310, -0.18310, 1 
2.99401, 3.07725, 1 
2.99401, 3.07725, 1 
2.99401, 3.07725, 1 
2.99401, 3.07725, 1 
-1.05624, -1.02312, 1 
-1.35137, -1.31447, 1 
-1.42831, -1.11710, 1 
-1.42831, -1.39012, 1 
-1.71074, -0.99077, 1 
-1.89072, -0.86435, 1 
-2.12241, 1.17198, 1 
-2.25126, 0.49615, 1 
-2.35442, 1.50529, 1 
-2.40602, 1.63367, 1 
-2.53509, 2.27705, 1 
-2.53509, 1.31445, 1 
-2.50927, -1.79752, 1 
-2.50927, -1.01605, 1 
0.07831, 2.40602, 1 
0.56053, 2.43183, 1 
0.94022, 2.32862, 1 
-2.17394, -0.40840, 1 
1.19284, 1.22782, 1 
-2.30283, 0.40536, 1 
-2.19971, 0.91604, 1 
-2.27705, 1.51966, 1 
-2.30283, 2.07089, 1 
-2.27705, 2.07089, 1 
-2.25126, 1.99365, 1 
0.66187, 1.89072, 1 
-1.96791, 1.83928, 1 
0.05289, 1.73644, 1 
0.83905, 1.60798, 1 
0.83905, 1.58230, 1 
0.88964, 1.53096, 1 
1.04132, 1.45397, 1 
1.06658, 1.35137, 1 
0.88964, 1.27446, 1 
-1.19759, -1.01605, 1 
-0.53288, -0.10372, 1 
-0.27947, 0.45636, 1 
0.30691, 0.40536, 1 
-0.18310, -0.18310, 1 
-0.18310, -0.18310, 1 
0.00000, 0.00000, 1 
0.00000, 0.00000, 1 
0.00000, 0.00000, 1 
0.00000, 0.00000, 1 
0.00000, 0.00000, 1 
0.00000, 0.00000, 1 
0.00000, 0.00000, 1 
0.96956
0.00000, 0.00000, 1 
0.00000, 0.00000, 1 
0.00000, 0.00000, 1 
0.00000, 0.00000, 1 
0.00000, 0.00000, 1 
0.00000, 0.00000, 1 
0.00000, 0.00000, 1 
0.00000, 0.00000, 1 
-0.18310, -0.18310, 1 
2.99401, 3.07725, 1 
2.99401, 3.07725, 1 
2.99401, 3.07725, 1 
2.99401, 3.07725, 1 
-1.01888, -0.98622, 1 
-1.38368, -1.34625, 1 
-1.49913, -0.89470, 1 
-1.45397, -1.01352, 1 
-1.78785, -1.36945, 1 
-1.81356, -1.24332, 1 
-2.07089, 1.27446, 1 
-2.17394, 0.53288, 1 
-2.32862, 1.55663, 1 
-2.45764, 1.68505, 1 
-2.58675, 2.32862, 1 
-2.58675, 1.32573, 1 
-2.52218, -1.57104, 1 
-2.56092, -1.29378, 1 
-0.15062, 2.44473, 1 
0.39572, 2.44473, 1 
0.91493, 2.35442, 1 
-2.19971, -0.78845, 1 
0.88964, 0.92064, 1 
-2.32862, 0.02340, 1 
-2.22548, 0.89047, 1 
-2.30283, 1.94218, 1 
-2.32862, 2.09665, 1 
-2.28994, 2.10953, 1 
-2.27705, 2.01940, 1 
0.73783, 1.91645, 1 
-1.96791, 1.86500, 1 
0.02746, 1.73644, 1 
0.96550, 1.63367, 1 
0.95286, 1.60798, 1 
1.14235, 1.55663, 1 
1.04132, 1.47963, 1 
0.95286, 1.17454, 1 
0.88964, 1.27446, 1 
-1.17198, -0.61121, 1 
-0.29730, 0.20816, 1 
-0.36713, 0.44361, 1 
0.42109, 0.44820, 1 
-0.18310, -0.18310, 1 
-0.18310, -0.18310, 1 
0.00000, 0.00000, 1 
0.00000, 0.00000, 1 
0.00000, 0.00000, 1 
0.00000, 0.00000, 1 
0.00000, 0.00000, 1 
0.00000, 0.00000, 1 
0.00000, 0.00000, 1 
0.97630
0.00000, 0.00000, 1 
0.00000, 0.00000, 1 
0.00000, 0.00000, 1 
0.00000, 0.00000, 1 
0.00000, 0.00000, 1 
0.00000, 0.00000, 1 
0.00000, 0.00000, 1 
0.00000, 0.00000, 1 
-0.18310, -0.18310, 1 
2.99401, 3.07725, 1 
2.99401, 3.07725, 1 
2.99401, 3.07725, 1 
2.99401, 3.07725, 1 
-0.98101, -0.94881, 1 
-1.35137, -1.31447, 1 
-1.47963, -0.73783, 1 
-1.55663, -0.68719, 1 
-1.78785, -1.36945, 1 
-1.81356, -1.24332, 1 
-2.17394, 1.40266, 1 
-2.17394, 0.53288, 1 
-2.32862, 1.55663, 1 
-2.45764, 1.68505, 1 
-2.58675, 2.32862, 1 
-2.58675, 1.32573, 1 
-2.50927, -1.84781, 1 
-2.56092, -1.29378, 1 
0.12913, 2.43183, 1 
0.73783, 2.43183, 1 
0.91493, 2.35442, 1 
-2.19971, -0.78845, 1 
0.88964, 0.92064, 1 
-2.32862, 0.02340, 1 
-2.22548, 0.89047, 1 
-2.30283, 1.94218, 1 
-2.32862, 2.09665, 1 
-2.27705, 2.12241, 1 
-2.27705, 2.01940, 1 
0.73783, 1.91645, 1 
-1.96791, 1.86500, 1 
0.02746, 1.73644, 1 
0.81375, 1.65935, 1 
0.86435, 1.60798, 1 
0.88964, 1.55663, 1 
0.96550, 1.47963, 1 
0.96550, 1.35137, 1 
0.88964, 1.24884, 1 
-1.14637, -1.01605, 1 
-0.04883, 0.48186, 1 
0.05136, 0.45636, 1 
0.45913, 0.48645, 1 
-0.18310, -0.18310, 1 
-0.18310, -0.18310, 1 
0.00000, 0.00000, 1 
0.00000, 0.00000, 1 
0.00000, 0.00000, 1 
0.00000, 0.00000, 1 
0.00000, 0.00000, 1 
0.00000, 0.00000, 1 
0.00000, 0.00000, 1 
0.98307
0.00000, 0.00000, 1 
0.00000, 0.00000, 1 
0.00000, 0.00000, 1 
0.00000, 0.00000, 1 
0.00000, 0.00000, 1 
0.00000, 0.00000, 1 
0.00000, 0.00000, 1 
0.00000, 0.00000, 1 
-0.18310, -0.18310, 1 
2.99401, 3.07725, 1 
2.99401, 3.07725, 1 
2.99401, 3.07725, 1 
2.99401, 3.07725, 1 
-0.94366, -0.91190, 1 
-1.32573, -1.28924, 1 
-1.45397, -0.68719, 1 
-1.53096, -0.94022, 1 
-1.76214, -1.01605, 1 
-1.81356, -1.24332, 1 
-2.17394, 1.41549, 1 
-2.17394, 0.53288, 1 
-2.32862, 1.55663, 1 
-2.45764, 1.68505, 1 
-2.58675, 2.32862, 1 
-2.58675, 1.32573, 1 
-2.52218, -1.57104, 1 
-2.56092, -1.29378, 1 
0.14184, 2.43183, 1 
0.75048, 2.43183, 1 
0.91493, 2.35442, 1 
-2.19971, -0.78845, 1 
0.88964, 0.92064, 1 
-2.32862, 0.02340, 1 
-2.22548, 0.89047, 1 
-2.30283, 1.94218, 1 
-2.32862, 2.09665, 1 
-2.27705, 2.12241, 1 
-2.27705, 2.01940, 1 
0.73783, 1.91645, 1 
-1.96791, 1.86500, 1 
0.02746, 1.73644, 1 
0.96550, 1.63367, 1 
0.95286, 1.60798, 1 
1.14235, 1.55663, 1 
1.04132, 1.47963, 1 
0.95286, 1.35137, 1 
0.88964, 1.27446, 1 
-1.14637, -1.01605, 1 
-0.32890, 0.48186, 1 
-0.02340, 0.45636, 1 
0.48448, 0.51196, 1 
-0.18310, -0.18310, 1 
-0.18310, -0.18310, 1 
0.00000, 0.00000, 1 
0.00000, 0.00000, 1 
0.00000, 0.00000, 1 
0.00000, 0.00000, 1 
0.00000, 0.00000, 1 
0.00000, 0.00000, 1 
0.00000, 0.00000, 1 
0.98984
0.00000, 0.00000, 1 
0.00000, 0.00000, 1 
0.00000, 0.00000, 1 
0.00000, 0.00000, 1 
0.00000, 0.00000, 1 
0.00000, 0.00000, 1 
0.00000, 0.00000, 1 
0.00000, 0.00000, 1 
-0.18310, -0.18310, 1 
2.99401, 3.07725, 1 
2.99401, 3.07725, 1 
2.99401, 3.07725, 1 
2.99401, 3.07725, 1 
-0.89047, -0.85980, 1 
-1.35137, -1.31447, 1 
-1.47963, -0.68719, 1 
-1.37701, -1.33969, 1 
-1.78785, -1.36945, 1 
-1.81356, -1.24332, 1 
-2.17394, 1.42831, 1 
-2.17394, 0.53288, 1 
-2.32862, 1.55663, 1 
-2.45764, 1.68505, 1 
-2.58675, 2.32862, 1 
-2.58675, 1.32573, 1 
-2.53509, -1.29378, 1 
-2.56092, -1.29378, 1 
0.15454, 2.43183, 1 
0.76314, 2.43183, 1 
0.91493, 2.35442, 1 
-2.19971, -0.78845, 1 
0.88964, 0.92064, 1 
-2.32862, 0.02340, 1 
-2.22548, 0.89047, 1 
-2.30283, 1.94218, 1 
-2.32862, 2.09665, 1 
-2.27705, 2.12241, 1 
-2.27705, 2.01940, 1 
0.73783, 1.91645, 1 
-1.96791, 1.86500, 1 
0.02746, 1.73644, 1 
0.96550, 1.63367, 1 
1.06658, 1.60798, 1 
1.14235, 1.55663, 1 
1.04132, 1.47963, 1 
0.96550, 1.35137, 1 
0.88964, 1.27446, 1 
-1.14637, -0.91493, 1 
-0.73712, 0.45636, 1 
0.15454, 0.45636, 1 
0.45913, 0.48645, 1 
-0.18310, -0.18310, 1 
-0.18310, -0.18310, 1 
0.00000, 0.00000, 1 
0.00000, 0.00000, 1 
0.00000, 0.00000, 1 
0.00000, 0.00000, 1 
0.00000, 0.00000, 1 
0.00000, 0.00000, 1 
0.00000, 0.00000, 1 
0.99661
0.00000, 0.00000, 1 
0.00000, 0.00000, 1 
0.00000, 0.00000, 1 
0.00000, 0.00000, 1 
0.00000, 0.00000, 1 
0.00000, 0.00000, 1 
0.00000, 0.00000, 1 
0.00000, 0.00000, 1 
-0.18310, -0.18310, 1 
2.99401, 3.07725, 1 
2.99401, 3.07725, 1 
2.99401, 3.07725, 1 
2.99401, 3.07725, 1 
-0.89047, -0.85980, 1 
-1.35137, -1.31447, 1 
-1.47963, -0.68719, 1 
-1.37701, -1.33969, 1 
-1.78785, -1.36945, 1 
-1.81356, -1.24332, 1 
-2.17394, 1.42831, 1 
-2.17394, 0.53288, 1 
-2.32862, 1.55663, 1 
-2.45764, 1.68505, 1 
-2.58675, 2.32862, 1 
-2.58675, 1.32573, 1 
-2.53509, -1.29378, 1 
-2.56092, -1.29378, 1 
0.15454, 2.43183, 1 
0.76314, 2.43183, 1 
0.91493, 2.35442, 1 
-2.19971, -0.78845, 1 
0.88964, 0.92064, 1 
-2.32862, 0.02340, 1 
-2.22548, 0.89047, 1 
-2.30283, 1.94218, 1 
-2.27705, 2.14817, 1 
-2.25126, 2.12241, 1 
-2.27705, 2.01940, 1 
0.73783, 1.91645, 1 
-1.96791, 1.86500, 1 
0.02746, 1.73644, 1 
0.96550, 1.63367, 1 
1.06658, 1.60798, 1 
1.14235, 1.55663, 1 
1.04132, 1.47963, 1 
0.96550, 1.35137, 1 
0.88964, 1.27446, 1 
-1.14637, -0.91493, 1 
-0.73712, 0.45636, 1 
0.15454, 0.45636, 1 
0.45913, 0.48645, 1 
-0.18310, -0.18310, 1 
-0.18310, -0.18310, 1 
0.00000, 0.00000, 1 
0.00000, 0.00000, 1 
0.00000, 0.00000, 1 
0.00000, 0.00000, 1 
0.00000, 0.00000, 1 
0.00000, 0.00000, 1 
0.00000, 0.00000, 1 
1.00000
0.00000, 0.00000, 1 
0.00000, 0.00000, 1 
0.00000, 0.00000, 1 
0.00000, 0.00000, 1 
0.00000, 0.00000, 1 
0.00000, 0.00000, 1 
0.00000, 0.00000, 1 
0.00000, 0.00000, 1 
-0.18310, -0.18310, 1 
2.99401, 3.07725, 1 
2.99401, 3.07725, 1 
2.99401, 3.07725, 1 
2.99401, 3.07725, 1 
-0.89047, -0.85980, 1 
-1.35137, -1.31447, 1 
-1.47963, -0.68719, 1 
-1.37701, -1.33969, 1 
-1.78785, -1.36945, 1 
-1.81356, -1.24332, 1 
-2.17394, 1.42831, 1 
-2.17394, 0.53288, 1 
-2.32862, 1.55663, 1 
-2.45764, 1.68505, 1 
-2.58675, 2.32862, 1 
-2.58675, 1.32573, 1 
-2.53509, -1.29378, 1 
-2.56092, -1.29378, 1 
0.15454, 2.43183, 1 
0.76314, 2.43183, 1 
0.91493, 2.35442, 1 
-2.19971, -0.78845, 1 
0.88964, 0.92064, 1 
-2.32862, 0.02340, 1 
-2.22548, 0.89047, 1 
-2.30283, 1.94218, 1 
-2.27705, 2.14817, 1 
-2.25126, 2.12241, 1 
-2.27705, 2.01940, 1 
0.73783, 1.91645, 1 
-1.96791, 1.86500, 1 
0.02746, 1.73644, 1 
0.96550, 1.63367, 1 
1.06658, 1.60798, 1 
1.14235, 1.55663, 1 
1.04132, 1.47963, 1 
0.96550, 1.35137, 1 
0.88964, 1.27446, 1 
-1.14637, -0.91493, 1 
-0.73712, 0.45636, 1 
0.15454, 0.45636, 1 
0.45913, 0.48645, 1 
-0.18310, -0.18310, 1 
-0.18310, -0.18310, 1 
0.00000, 0.00000, 1 
0.00000, 0.00000, 1 
0.00000, 0.00000, 1 
0.00000, 0.00000, 1 
0.00000, 0.00000, 1 
0.00000, 0.00000, 1 
0.00000, 0.00000, 1 

