[ T-Track ]
    title = Track in xyz mesh
     mesh =  xyz            # mesh type is xyz scoring mesh
   x-type =    2            # x-mesh is linear given by xmin, xmax and nx
     xmin =  -4.200000      # minimum value of x-mesh points
     xmax =   4.200000      # maximum value of x-mesh points
#    xdel =  0.1680000      # mesh width of x-mesh points
       nx =     50          # number of x-mesh points
#    data = ( x(i), i = 1, nx + 1 )
#          -4.20000E+00 -4.03200E+00 -3.86400E+00 -3.69600E+00 -3.52800E+00
#          -3.36000E+00 -3.19200E+00 -3.02400E+00 -2.85600E+00 -2.68800E+00
#          -2.52000E+00 -2.35200E+00 -2.18400E+00 -2.01600E+00 -1.84800E+00
#          -1.68000E+00 -1.51200E+00 -1.34400E+00 -1.17600E+00 -1.00800E+00
#          -8.40000E-01 -6.72000E-01 -5.04000E-01 -3.36000E-01 -1.68000E-01
#           0.00000E+00  1.68000E-01  3.36000E-01  5.04000E-01  6.72000E-01
#           8.40000E-01  1.00800E+00  1.17600E+00  1.34400E+00  1.51200E+00
#           1.68000E+00  1.84800E+00  2.01600E+00  2.18400E+00  2.35200E+00
#           2.52000E+00  2.68800E+00  2.85600E+00  3.02400E+00  3.19200E+00
#           3.36000E+00  3.52800E+00  3.69600E+00  3.86400E+00  4.03200E+00
#           4.20000E+00
   y-type =    2            # y-mesh is linear given by ymin, ymax and ny
     ymin =  -4.200000      # minimum value of y-mesh points
     ymax =   4.200000      # maximum value of y-mesh points
#    ydel =   8.400000      # mesh width of y-mesh points
       ny =      1          # number of y-mesh points
#    data = ( y(i), i = 1, ny + 1 )
#          -4.20000E+00  4.20000E+00
   z-type =    2            # z-mesh is linear given by zmin, zmax and nz
     zmin =   0.000000      # minimum value of z-mesh points
     zmax =   8.400000      # maximum value of z-mesh points
#    zdel =  9.3333333E-02  # mesh width of z-mesh points
       nz =     90          # number of z-mesh points
#    data = ( z(i), i = 1, nz + 1 )
#           0.00000E+00  9.33333E-02  1.86667E-01  2.80000E-01  3.73333E-01
#           4.66667E-01  5.60000E-01  6.53333E-01  7.46667E-01  8.40000E-01
#           9.33333E-01  1.02667E+00  1.12000E+00  1.21333E+00  1.30667E+00
#           1.40000E+00  1.49333E+00  1.58667E+00  1.68000E+00  1.77333E+00
#           1.86667E+00  1.96000E+00  2.05333E+00  2.14667E+00  2.24000E+00
#           2.33333E+00  2.42667E+00  2.52000E+00  2.61333E+00  2.70667E+00
#           2.80000E+00  2.89333E+00  2.98667E+00  3.08000E+00  3.17333E+00
#           3.26667E+00  3.36000E+00  3.45333E+00  3.54667E+00  3.64000E+00
#           3.73333E+00  3.82667E+00  3.92000E+00  4.01333E+00  4.10667E+00
#           4.20000E+00  4.29333E+00  4.38667E+00  4.48000E+00  4.57333E+00
#           4.66667E+00  4.76000E+00  4.85333E+00  4.94667E+00  5.04000E+00
#           5.13333E+00  5.22667E+00  5.32000E+00  5.41333E+00  5.50667E+00
#           5.60000E+00  5.69333E+00  5.78667E+00  5.88000E+00  5.97333E+00
#           6.06667E+00  6.16000E+00  6.25333E+00  6.34667E+00  6.44000E+00
#           6.53333E+00  6.62667E+00  6.72000E+00  6.81333E+00  6.90667E+00
#           7.00000E+00  7.09333E+00  7.18667E+00  7.28000E+00  7.37333E+00
#           7.46667E+00  7.56000E+00  7.65333E+00  7.74667E+00  7.84000E+00
#           7.93333E+00  8.02667E+00  8.12000E+00  8.21333E+00  8.30667E+00
#           8.40000E+00
   e-type =    1            # e-mesh is given by the below data
       ne =      1          # number of e-mesh points
#    data = ( e(i), i = 1, ne + 1 )
            0.00000E+00  1.00000E+03
     unit =    1            # unit is [1/cm^2/source]
 material =  all            # (D=all) number of specific material
  2D-type =    3            # 1:Cont, 2:Clust, 3:Color, 4:xyz, 5:mat, 6:Clust+Cont, 7:Col+Cont
     axis =      xz            # axis of output
     file = track.out       # file name of output for the above axis
     part =  photon     electron   alpha      neutron  
# kf/name :  22         11         2000004    2112     
    gshow =    1            # 0: no 1:bnd, 2:bnd+mat, 3:bnd+reg 4:bnd+lat 5:bmp style
    resol =    1            # (D=1) resolution of gshow or rshow
    width = 0.5000000       # (D=0.5) width of lines for gshow or rshow
   epsout =    1            # (D=0) generate eps file by ANGEL
#    used :        main (  %)        temp (  %)       total (  %)
#  memory :         150 (  0)           0 (  0)         150 (  0)

#------------------------------------------------------------------------------
#newpage:
#   no. =  1   ie  =  1   iy  =  1   part. = photon  
#   e = (   0.0000E+00  -   1.0000E+03  )
#   y = (  -4.2000E+00  -   4.2000E+00  )

'no. =  1,  ie =  1,  iy =  1'
msuc: {\huge Track in xyz mesh}
msdr: {\it plotted by \ANGEL \version}
msdl: {\it calculated by \PHITS  3.28}

x: z [cm]
y: x [cm]
set: c1[ 1.000] c2[ 0.900] c5[ 0.800] c6[ 1.000] c7[ 0.000] c8[ 0.000]
p: h2fs form[c1] xfac[c2] afac[c5] scal[c6] xorg[c7] yorg[c8] nosp
set: c3[   2.617768E-08] c4[   3.759476E-01]
p: cmin[c3] cmax[c4]
p: dmin(1e-31)
p: zlog
p: xmin(  0.000000    ) xmax(  8.400000    )
p: ymin( -4.200000    ) ymax(  4.200000    )
#  nx =  50   nz =  90
# ( ( data(z,x), z = 1, nz ), x = nx, 1, -1 )

hc:  y =   4.116000     to  -4.116000     by  0.1680000     ; x =  4.6666667E-02 to   8.353333     by  9.3333333E-02 ;
  0.000E+00  0.000E+00  0.000E+00  0.000E+00  0.000E+00  0.000E+00  0.000E+00  0.000E+00  0.000E+00  0.000E+00
  0.000E+00  0.000E+00  0.000E+00  0.000E+00  0.000E+00  0.000E+00  0.000E+00  0.000E+00  0.000E+00  0.000E+00
  0.000E+00  0.000E+00  0.000E+00  0.000E+00  0.000E+00  0.000E+00  0.000E+00  0.000E+00  0.000E+00  0.000E+00
  0.000E+00  0.000E+00  0.000E+00  2.387E-04  0.000E+00  0.000E+00  0.000E+00  0.000E+00  3.461E-04  0.000E+00
  0.000E+00  0.000E+00  0.000E+00  0.000E+00  0.000E+00  0.000E+00  0.000E+00  0.000E+00  0.000E+00  0.000E+00
  0.000E+00  0.000E+00  0.000E+00  0.000E+00  0.000E+00  0.000E+00  0.000E+00  0.000E+00  0.000E+00  0.000E+00
  0.000E+00  0.000E+00  0.000E+00  0.000E+00  0.000E+00  0.000E+00  0.000E+00  0.000E+00  0.000E+00  0.000E+00
  0.000E+00  0.000E+00  0.000E+00  0.000E+00  0.000E+00  0.000E+00  0.000E+00  0.000E+00  0.000E+00  0.000E+00
  0.000E+00  0.000E+00  0.000E+00  0.000E+00  0.000E+00  0.000E+00  0.000E+00  0.000E+00  0.000E+00  0.000E+00
  0.000E+00  0.000E+00  0.000E+00  0.000E+00  0.000E+00  0.000E+00  0.000E+00  0.000E+00  0.000E+00  0.000E+00
  0.000E+00  0.000E+00  0.000E+00  0.000E+00  0.000E+00  0.000E+00  0.000E+00  0.000E+00  0.000E+00  0.000E+00
  0.000E+00  0.000E+00  0.000E+00  0.000E+00  0.000E+00  0.000E+00  0.000E+00  0.000E+00  0.000E+00  0.000E+00
  0.000E+00  0.000E+00  0.000E+00  3.113E-04  0.000E+00  0.000E+00  0.000E+00  0.000E+00  3.126E-04  0.000E+00
  0.000E+00  0.000E+00  0.000E+00  0.000E+00  0.000E+00  0.000E+00  0.000E+00  0.000E+00  0.000E+00  0.000E+00
  0.000E+00  0.000E+00  0.000E+00  0.000E+00  0.000E+00  0.000E+00  0.000E+00  0.000E+00  0.000E+00  0.000E+00
  0.000E+00  0.000E+00  0.000E+00  0.000E+00  0.000E+00  0.000E+00  0.000E+00  0.000E+00  0.000E+00  0.000E+00
  0.000E+00  0.000E+00  0.000E+00  0.000E+00  0.000E+00  0.000E+00  0.000E+00  0.000E+00  0.000E+00  0.000E+00
  0.000E+00  0.000E+00  0.000E+00  0.000E+00  0.000E+00  0.000E+00  0.000E+00  0.000E+00  0.000E+00  0.000E+00
  0.000E+00  0.000E+00  0.000E+00  0.000E+00  0.000E+00  0.000E+00  0.000E+00  0.000E+00  0.000E+00  0.000E+00
  0.000E+00  0.000E+00  0.000E+00  0.000E+00  0.000E+00  0.000E+00  2.226E-04  3.422E-04  4.312E-05  0.000E+00
  0.000E+00  0.000E+00  0.000E+00  0.000E+00  0.000E+00  0.000E+00  0.000E+00  0.000E+00  0.000E+00  0.000E+00
  0.000E+00  0.000E+00  0.000E+00  2.188E-04  1.631E-04  0.000E+00  0.000E+00  0.000E+00  2.464E-04  0.000E+00
  0.000E+00  0.000E+00  0.000E+00  0.000E+00  0.000E+00  0.000E+00  0.000E+00  0.000E+00  0.000E+00  0.000E+00
  0.000E+00  0.000E+00  0.000E+00  0.000E+00  0.000E+00  0.000E+00  0.000E+00  0.000E+00  0.000E+00  0.000E+00
  0.000E+00  0.000E+00  0.000E+00  0.000E+00  0.000E+00  0.000E+00  0.000E+00  0.000E+00  0.000E+00  0.000E+00
  0.000E+00  0.000E+00  0.000E+00  0.000E+00  0.000E+00  0.000E+00  0.000E+00  0.000E+00  0.000E+00  0.000E+00
  0.000E+00  0.000E+00  0.000E+00  0.000E+00  0.000E+00  0.000E+00  0.000E+00  0.000E+00  0.000E+00  0.000E+00
  0.000E+00  0.000E+00  0.000E+00  0.000E+00  0.000E+00  0.000E+00  0.000E+00  0.000E+00  0.000E+00  0.000E+00
  0.000E+00  0.000E+00  0.000E+00  0.000E+00  0.000E+00  0.000E+00  0.000E+00  0.000E+00  0.000E+00  0.000E+00
  0.000E+00  0.000E+00  0.000E+00  0.000E+00  0.000E+00  0.000E+00  0.000E+00  0.000E+00  0.000E+00  0.000E+00
  0.000E+00  1.837E-04  2.256E-04  1.782E-05  0.000E+00  0.000E+00  0.000E+00  0.000E+00  2.464E-04  0.000E+00
  0.000E+00  0.000E+00  0.000E+00  0.000E+00  0.000E+00  0.000E+00  0.000E+00  0.000E+00  0.000E+00  0.000E+00
  0.000E+00  0.000E+00  0.000E+00  0.000E+00  0.000E+00  0.000E+00  0.000E+00  0.000E+00  0.000E+00  0.000E+00
  0.000E+00  0.000E+00  0.000E+00  0.000E+00  0.000E+00  0.000E+00  0.000E+00  0.000E+00  0.000E+00  0.000E+00
  0.000E+00  0.000E+00  0.000E+00  0.000E+00  0.000E+00  0.000E+00  0.000E+00  0.000E+00  0.000E+00  0.000E+00
  0.000E+00  0.000E+00  0.000E+00  0.000E+00  0.000E+00  0.000E+00  0.000E+00  0.000E+00  0.000E+00  0.000E+00
  0.000E+00  0.000E+00  0.000E+00  0.000E+00  0.000E+00  0.000E+00  0.000E+00  0.000E+00  0.000E+00  0.000E+00
  0.000E+00  0.000E+00  0.000E+00  0.000E+00  0.000E+00  0.000E+00  0.000E+00  0.000E+00  0.000E+00  0.000E+00
  0.000E+00  0.000E+00  0.000E+00  0.000E+00  0.000E+00  0.000E+00  0.000E+00  0.000E+00  0.000E+00  1.550E-04
  2.256E-04  4.185E-05  0.000E+00  0.000E+00  0.000E+00  0.000E+00  0.000E+00  0.000E+00  2.464E-04  0.000E+00
  0.000E+00  0.000E+00  0.000E+00  0.000E+00  1.978E-04  0.000E+00  0.000E+00  0.000E+00  0.000E+00  0.000E+00
  0.000E+00  0.000E+00  0.000E+00  0.000E+00  0.000E+00  0.000E+00  0.000E+00  0.000E+00  0.000E+00  0.000E+00
  0.000E+00  0.000E+00  0.000E+00  0.000E+00  0.000E+00  0.000E+00  0.000E+00  0.000E+00  0.000E+00  0.000E+00
  0.000E+00  0.000E+00  0.000E+00  0.000E+00  0.000E+00  0.000E+00  0.000E+00  0.000E+00  0.000E+00  0.000E+00
  0.000E+00  0.000E+00  0.000E+00  0.000E+00  0.000E+00  0.000E+00  0.000E+00  0.000E+00  0.000E+00  0.000E+00
  0.000E+00  0.000E+00  0.000E+00  0.000E+00  0.000E+00  0.000E+00  0.000E+00  0.000E+00  0.000E+00  0.000E+00
  0.000E+00  0.000E+00  0.000E+00  0.000E+00  0.000E+00  0.000E+00  0.000E+00  0.000E+00  0.000E+00  0.000E+00
  0.000E+00  0.000E+00  0.000E+00  0.000E+00  0.000E+00  0.000E+00  0.000E+00  0.000E+00  1.527E-04  9.197E-05
  0.000E+00  0.000E+00  0.000E+00  0.000E+00  0.000E+00  0.000E+00  0.000E+00  0.000E+00  2.451E-04  1.251E-06
  0.000E+00  0.000E+00  0.000E+00  8.748E-05  1.471E-04  0.000E+00  0.000E+00  0.000E+00  0.000E+00  0.000E+00
  0.000E+00  0.000E+00  0.000E+00  0.000E+00  0.000E+00  0.000E+00  0.000E+00  0.000E+00  0.000E+00  0.000E+00
  0.000E+00  0.000E+00  0.000E+00  0.000E+00  0.000E+00  0.000E+00  0.000E+00  0.000E+00  0.000E+00  0.000E+00
  0.000E+00  0.000E+00  0.000E+00  0.000E+00  0.000E+00  0.000E+00  0.000E+00  0.000E+00  0.000E+00  0.000E+00
  0.000E+00  0.000E+00  0.000E+00  0.000E+00  0.000E+00  0.000E+00  0.000E+00  0.000E+00  0.000E+00  0.000E+00
  0.000E+00  0.000E+00  0.000E+00  0.000E+00  0.000E+00  0.000E+00  0.000E+00  0.000E+00  0.000E+00  0.000E+00
  0.000E+00  0.000E+00  0.000E+00  0.000E+00  0.000E+00  0.000E+00  0.000E+00  0.000E+00  0.000E+00  0.000E+00
  0.000E+00  0.000E+00  0.000E+00  0.000E+00  0.000E+00  0.000E+00  0.000E+00  1.092E-04  1.355E-04  0.000E+00
  0.000E+00  0.000E+00  0.000E+00  0.000E+00  0.000E+00  0.000E+00  0.000E+00  0.000E+00  0.000E+00  2.464E-04
  0.000E+00  0.000E+00  0.000E+00  2.345E-04  0.000E+00  0.000E+00  0.000E+00  0.000E+00  0.000E+00  0.000E+00
  0.000E+00  0.000E+00  0.000E+00  0.000E+00  0.000E+00  0.000E+00  0.000E+00  0.000E+00  0.000E+00  0.000E+00
  0.000E+00  0.000E+00  0.000E+00  0.000E+00  0.000E+00  0.000E+00  0.000E+00  0.000E+00  0.000E+00  0.000E+00
  0.000E+00  0.000E+00  0.000E+00  0.000E+00  0.000E+00  0.000E+00  0.000E+00  0.000E+00  0.000E+00  0.000E+00
  0.000E+00  0.000E+00  0.000E+00  0.000E+00  0.000E+00  0.000E+00  0.000E+00  0.000E+00  0.000E+00  0.000E+00
  0.000E+00  0.000E+00  0.000E+00  0.000E+00  0.000E+00  0.000E+00  0.000E+00  0.000E+00  6.896E-05  0.000E+00
  0.000E+00  0.000E+00  0.000E+00  0.000E+00  0.000E+00  0.000E+00  0.000E+00  0.000E+00  0.000E+00  0.000E+00
  0.000E+00  0.000E+00  0.000E+00  0.000E+00  0.000E+00  0.000E+00  6.570E-05  1.790E-04  0.000E+00  0.000E+00
  0.000E+00  0.000E+00  0.000E+00  0.000E+00  0.000E+00  0.000E+00  4.406E-05  1.634E-04  1.634E-04  5.246E-04
  0.000E+00  0.000E+00  1.808E-04  5.374E-05  0.000E+00  0.000E+00  0.000E+00  0.000E+00  0.000E+00  0.000E+00
  0.000E+00  0.000E+00  0.000E+00  0.000E+00  0.000E+00  0.000E+00  0.000E+00  0.000E+00  0.000E+00  0.000E+00
  0.000E+00  0.000E+00  0.000E+00  0.000E+00  0.000E+00  0.000E+00  0.000E+00  0.000E+00  0.000E+00  0.000E+00
  0.000E+00  0.000E+00  0.000E+00  0.000E+00  0.000E+00  0.000E+00  0.000E+00  0.000E+00  0.000E+00  0.000E+00
  0.000E+00  0.000E+00  0.000E+00  0.000E+00  0.000E+00  0.000E+00  0.000E+00  0.000E+00  0.000E+00  0.000E+00
  4.634E-05  7.459E-05  0.000E+00  0.000E+00  0.000E+00  0.000E+00  0.000E+00  0.000E+00  6.765E-05  0.000E+00
  0.000E+00  0.000E+00  0.000E+00  0.000E+00  0.000E+00  0.000E+00  0.000E+00  0.000E+00  0.000E+00  0.000E+00
  0.000E+00  0.000E+00  0.000E+00  0.000E+00  0.000E+00  2.218E-05  2.225E-04  0.000E+00  0.000E+00  0.000E+00
  0.000E+00  0.000E+00  0.000E+00  0.000E+00  0.000E+00  0.000E+00  0.000E+00  0.000E+00  1.537E-04  3.065E-04
  0.000E+00  3.959E-05  1.950E-04  0.000E+00  0.000E+00  0.000E+00  0.000E+00  0.000E+00  0.000E+00  0.000E+00
  0.000E+00  0.000E+00  0.000E+00  0.000E+00  0.000E+00  0.000E+00  0.000E+00  0.000E+00  0.000E+00  0.000E+00
  0.000E+00  0.000E+00  0.000E+00  0.000E+00  0.000E+00  0.000E+00  0.000E+00  0.000E+00  0.000E+00  0.000E+00
  0.000E+00  0.000E+00  0.000E+00  0.000E+00  0.000E+00  0.000E+00  0.000E+00  0.000E+00  0.000E+00  0.000E+00
  0.000E+00  0.000E+00  0.000E+00  0.000E+00  0.000E+00  0.000E+00  0.000E+00  0.000E+00  0.000E+00  1.041E-04
  9.309E-05  2.415E-04  1.013E-06  0.000E+00  0.000E+00  0.000E+00  0.000E+00  0.000E+00  0.000E+00  0.000E+00
  0.000E+00  0.000E+00  0.000E+00  0.000E+00  0.000E+00  0.000E+00  0.000E+00  0.000E+00  0.000E+00  0.000E+00
  0.000E+00  0.000E+00  0.000E+00  0.000E+00  0.000E+00  2.447E-04  0.000E+00  0.000E+00  0.000E+00  0.000E+00
  0.000E+00  0.000E+00  0.000E+00  0.000E+00  0.000E+00  0.000E+00  0.000E+00  0.000E+00  2.154E-04  2.448E-04
  0.000E+00  4.894E-05  0.000E+00  0.000E+00  0.000E+00  0.000E+00  0.000E+00  0.000E+00  0.000E+00  0.000E+00
  0.000E+00  0.000E+00  0.000E+00  0.000E+00  0.000E+00  0.000E+00  0.000E+00  0.000E+00  0.000E+00  0.000E+00
  0.000E+00  0.000E+00  0.000E+00  0.000E+00  0.000E+00  0.000E+00  0.000E+00  0.000E+00  0.000E+00  0.000E+00
  0.000E+00  0.000E+00  0.000E+00  0.000E+00  0.000E+00  0.000E+00  0.000E+00  0.000E+00  0.000E+00  0.000E+00
  0.000E+00  0.000E+00  0.000E+00  0.000E+00  0.000E+00  0.000E+00  4.609E-05  1.752E-04  1.752E-04  7.108E-05
  0.000E+00  0.000E+00  2.425E-04  0.000E+00  0.000E+00  0.000E+00  0.000E+00  0.000E+00  0.000E+00  0.000E+00
  0.000E+00  0.000E+00  0.000E+00  0.000E+00  0.000E+00  0.000E+00  0.000E+00  5.028E-05  0.000E+00  0.000E+00
  2.181E-05  0.000E+00  0.000E+00  0.000E+00  2.234E-04  2.134E-05  0.000E+00  0.000E+00  0.000E+00  0.000E+00
  0.000E+00  0.000E+00  0.000E+00  0.000E+00  0.000E+00  0.000E+00  0.000E+00  0.000E+00  2.154E-04  2.083E-04
  3.653E-05  0.000E+00  0.000E+00  0.000E+00  0.000E+00  0.000E+00  0.000E+00  0.000E+00  0.000E+00  0.000E+00
  0.000E+00  0.000E+00  0.000E+00  0.000E+00  0.000E+00  0.000E+00  0.000E+00  0.000E+00  0.000E+00  0.000E+00
  0.000E+00  0.000E+00  0.000E+00  0.000E+00  0.000E+00  0.000E+00  0.000E+00  0.000E+00  0.000E+00  0.000E+00
  0.000E+00  0.000E+00  0.000E+00  0.000E+00  0.000E+00  0.000E+00  0.000E+00  0.000E+00  0.000E+00  0.000E+00
  0.000E+00  0.000E+00  0.000E+00  0.000E+00  1.633E-04  1.752E-04  1.291E-04  0.000E+00  0.000E+00  0.000E+00
  0.000E+00  0.000E+00  1.189E-04  1.236E-04  0.000E+00  0.000E+00  0.000E+00  0.000E+00  0.000E+00  0.000E+00
  0.000E+00  0.000E+00  0.000E+00  0.000E+00  0.000E+00  0.000E+00  0.000E+00  2.026E-04  5.923E-05  0.000E+00
  3.190E-04  1.361E-04  1.361E-04  3.994E-04  6.485E-05  0.000E+00  0.000E+00  0.000E+00  0.000E+00  0.000E+00
  0.000E+00  0.000E+00  0.000E+00  0.000E+00  0.000E+00  0.000E+00  0.000E+00  0.000E+00  2.154E-04  0.000E+00
  2.448E-04  0.000E+00  0.000E+00  0.000E+00  0.000E+00  0.000E+00  0.000E+00  0.000E+00  0.000E+00  0.000E+00
  0.000E+00  0.000E+00  0.000E+00  0.000E+00  0.000E+00  0.000E+00  0.000E+00  0.000E+00  0.000E+00  0.000E+00
  0.000E+00  0.000E+00  0.000E+00  0.000E+00  0.000E+00  0.000E+00  0.000E+00  0.000E+00  0.000E+00  0.000E+00
  0.000E+00  0.000E+00  0.000E+00  0.000E+00  0.000E+00  0.000E+00  0.000E+00  0.000E+00  0.000E+00  0.000E+00
  0.000E+00  1.052E-04  1.752E-04  1.752E-04  1.194E-05  0.000E+00  0.000E+00  0.000E+00  0.000E+00  0.000E+00
  0.000E+00  0.000E+00  0.000E+00  2.387E-04  3.750E-06  0.000E+00  0.000E+00  0.000E+00  0.000E+00  0.000E+00
  0.000E+00  0.000E+00  0.000E+00  0.000E+00  0.000E+00  0.000E+00  0.000E+00  0.000E+00  2.619E-04  1.527E-04
  1.038E-04  0.000E+00  1.363E-04  1.414E-04  2.271E-04  0.000E+00  0.000E+00  0.000E+00  0.000E+00  0.000E+00
  0.000E+00  0.000E+00  0.000E+00  0.000E+00  0.000E+00  0.000E+00  0.000E+00  0.000E+00  2.154E-04  0.000E+00
  2.448E-04  0.000E+00  0.000E+00  0.000E+00  0.000E+00  0.000E+00  0.000E+00  0.000E+00  0.000E+00  0.000E+00
  0.000E+00  0.000E+00  0.000E+00  0.000E+00  0.000E+00  0.000E+00  0.000E+00  0.000E+00  0.000E+00  0.000E+00
  0.000E+00  0.000E+00  0.000E+00  0.000E+00  0.000E+00  0.000E+00  0.000E+00  0.000E+00  0.000E+00  0.000E+00
  0.000E+00  0.000E+00  0.000E+00  0.000E+00  0.000E+00  0.000E+00  0.000E+00  0.000E+00  4.720E-05  1.752E-04
  1.752E-04  6.997E-05  0.000E+00  0.000E+00  0.000E+00  0.000E+00  0.000E+00  0.000E+00  0.000E+00  0.000E+00
  0.000E+00  0.000E+00  0.000E+00  7.509E-05  2.425E-04  0.000E+00  0.000E+00  0.000E+00  0.000E+00  1.585E-05
  4.169E-04  7.019E-05  0.000E+00  0.000E+00  0.000E+00  0.000E+00  0.000E+00  0.000E+00  6.247E-05  3.013E-04
  0.000E+00  9.282E-05  1.519E-04  0.000E+00  2.600E-04  0.000E+00  0.000E+00  0.000E+00  0.000E+00  0.000E+00
  0.000E+00  0.000E+00  0.000E+00  0.000E+00  0.000E+00  0.000E+00  0.000E+00  0.000E+00  2.745E-04  1.280E-04
  2.634E-04  1.222E-04  0.000E+00  0.000E+00  0.000E+00  0.000E+00  0.000E+00  0.000E+00  0.000E+00  0.000E+00
  0.000E+00  0.000E+00  0.000E+00  0.000E+00  0.000E+00  0.000E+00  0.000E+00  0.000E+00  0.000E+00  0.000E+00
  0.000E+00  0.000E+00  0.000E+00  0.000E+00  0.000E+00  0.000E+00  0.000E+00  0.000E+00  0.000E+00  0.000E+00
  0.000E+00  0.000E+00  0.000E+00  0.000E+00  0.000E+00  0.000E+00  1.644E-04  1.752E-04  1.280E-04  0.000E+00
  0.000E+00  0.000E+00  0.000E+00  0.000E+00  0.000E+00  0.000E+00  0.000E+00  0.000E+00  0.000E+00  0.000E+00
  0.000E+00  0.000E+00  0.000E+00  8.299E-05  2.979E-04  1.450E-04  0.000E+00  0.000E+00  0.000E+00  0.000E+00
  0.000E+00  1.331E-04  1.303E-04  0.000E+00  0.000E+00  0.000E+00  0.000E+00  0.000E+00  0.000E+00  0.000E+00
  4.930E-05  1.954E-04  0.000E+00  0.000E+00  2.600E-04  0.000E+00  0.000E+00  0.000E+00  0.000E+00  0.000E+00
  0.000E+00  0.000E+00  0.000E+00  0.000E+00  0.000E+00  0.000E+00  2.483E-04  5.939E-04  2.922E-04  7.349E-05
  3.968E-05  0.000E+00  0.000E+00  0.000E+00  0.000E+00  0.000E+00  0.000E+00  0.000E+00  0.000E+00  0.000E+00
  0.000E+00  0.000E+00  0.000E+00  0.000E+00  0.000E+00  0.000E+00  0.000E+00  0.000E+00  0.000E+00  0.000E+00
  0.000E+00  0.000E+00  0.000E+00  0.000E+00  0.000E+00  0.000E+00  0.000E+00  0.000E+00  0.000E+00  0.000E+00
  0.000E+00  0.000E+00  0.000E+00  1.063E-04  1.752E-04  1.752E-04  1.083E-05  0.000E+00  0.000E+00  0.000E+00
  0.000E+00  0.000E+00  0.000E+00  0.000E+00  0.000E+00  0.000E+00  0.000E+00  0.000E+00  0.000E+00  0.000E+00
  6.789E-05  0.000E+00  0.000E+00  0.000E+00  0.000E+00  3.992E-04  1.267E-04  0.000E+00  0.000E+00  0.000E+00
  0.000E+00  0.000E+00  7.305E-05  1.903E-04  0.000E+00  0.000E+00  0.000E+00  0.000E+00  0.000E+00  5.784E-06
  2.389E-04  1.010E-05  2.035E-04  3.924E-05  2.600E-04  0.000E+00  0.000E+00  0.000E+00  0.000E+00  0.000E+00
  0.000E+00  0.000E+00  0.000E+00  0.000E+00  0.000E+00  0.000E+00  5.414E-04  4.758E-04  1.507E-04  1.138E-04
  0.000E+00  0.000E+00  0.000E+00  0.000E+00  0.000E+00  0.000E+00  0.000E+00  0.000E+00  0.000E+00  0.000E+00
  0.000E+00  0.000E+00  0.000E+00  0.000E+00  0.000E+00  0.000E+00  0.000E+00  0.000E+00  0.000E+00  0.000E+00
  0.000E+00  0.000E+00  0.000E+00  0.000E+00  0.000E+00  0.000E+00  0.000E+00  0.000E+00  0.000E+00  0.000E+00
  4.831E-05  1.752E-04  1.752E-04  6.886E-05  0.000E+00  0.000E+00  0.000E+00  0.000E+00  0.000E+00  0.000E+00
  0.000E+00  0.000E+00  0.000E+00  0.000E+00  0.000E+00  0.000E+00  0.000E+00  0.000E+00  0.000E+00  0.000E+00
  4.138E-04  0.000E+00  0.000E+00  0.000E+00  0.000E+00  0.000E+00  3.041E-04  1.818E-04  4.004E-05  0.000E+00
  0.000E+00  0.000E+00  0.000E+00  1.298E-05  2.033E-04  4.710E-05  0.000E+00  0.000E+00  0.000E+00  2.447E-04
  0.000E+00  0.000E+00  0.000E+00  1.602E-04  2.502E-04  1.534E-04  0.000E+00  0.000E+00  0.000E+00  0.000E+00
  0.000E+00  0.000E+00  0.000E+00  0.000E+00  4.446E-04  4.944E-04  2.277E-04  4.337E-04  0.000E+00  0.000E+00
  0.000E+00  0.000E+00  0.000E+00  0.000E+00  0.000E+00  0.000E+00  0.000E+00  0.000E+00  0.000E+00  0.000E+00
  0.000E+00  0.000E+00  0.000E+00  0.000E+00  0.000E+00  0.000E+00  0.000E+00  0.000E+00  0.000E+00  0.000E+00
  0.000E+00  0.000E+00  0.000E+00  0.000E+00  0.000E+00  0.000E+00  0.000E+00  0.000E+00  1.655E-04  1.752E-04
  1.269E-04  0.000E+00  0.000E+00  0.000E+00  0.000E+00  0.000E+00  0.000E+00  0.000E+00  0.000E+00  0.000E+00
  0.000E+00  0.000E+00  0.000E+00  0.000E+00  0.000E+00  0.000E+00  0.000E+00  0.000E+00  0.000E+00  0.000E+00
  1.388E-04  3.474E-04  8.216E-05  0.000E+00  0.000E+00  0.000E+00  1.134E-04  1.291E-04  1.418E-04  1.417E-04
  0.000E+00  0.000E+00  0.000E+00  0.000E+00  0.000E+00  1.562E-04  1.072E-04  0.000E+00  2.070E-04  2.622E-04
  7.224E-04  2.582E-04  1.598E-04  0.000E+00  5.434E-05  4.579E-04  5.500E-05  0.000E+00  0.000E+00  0.000E+00
  0.000E+00  9.515E-05  2.426E-04  3.304E-04  2.187E-04  2.319E-04  3.352E-06  4.469E-04  0.000E+00  0.000E+00
  0.000E+00  0.000E+00  0.000E+00  0.000E+00  0.000E+00  0.000E+00  0.000E+00  0.000E+00  0.000E+00  0.000E+00
  0.000E+00  0.000E+00  0.000E+00  0.000E+00  0.000E+00  0.000E+00  0.000E+00  0.000E+00  0.000E+00  0.000E+00
  0.000E+00  0.000E+00  0.000E+00  0.000E+00  0.000E+00  1.074E-04  1.752E-04  1.752E-04  9.721E-06  0.000E+00
  0.000E+00  0.000E+00  0.000E+00  0.000E+00  0.000E+00  0.000E+00  0.000E+00  0.000E+00  0.000E+00  0.000E+00
  0.000E+00  0.000E+00  0.000E+00  0.000E+00  0.000E+00  0.000E+00  0.000E+00  0.000E+00  0.000E+00  0.000E+00
  0.000E+00  4.539E-04  9.065E-05  1.728E-04  8.689E-05  8.702E-05  0.000E+00  2.333E-04  9.226E-06  1.784E-04
  3.161E-04  1.957E-04  1.188E-04  0.000E+00  0.000E+00  4.093E-06  3.464E-04  3.733E-04  2.144E-04  1.331E-04
  5.594E-04  4.190E-04  2.155E-05  0.000E+00  0.000E+00  2.600E-04  1.428E-04  1.643E-04  1.683E-04  2.282E-04
  3.374E-04  2.744E-04  8.777E-05  3.056E-05  1.662E-04  3.372E-04  1.434E-04  4.469E-04  0.000E+00  1.060E-05
  1.649E-04  3.168E-04  1.649E-04  1.649E-04  1.905E-04  0.000E+00  0.000E+00  0.000E+00  0.000E+00  0.000E+00
  0.000E+00  0.000E+00  0.000E+00  0.000E+00  0.000E+00  0.000E+00  0.000E+00  0.000E+00  0.000E+00  0.000E+00
  0.000E+00  0.000E+00  4.942E-05  1.752E-04  1.752E-04  6.775E-05  0.000E+00  0.000E+00  0.000E+00  0.000E+00
  0.000E+00  0.000E+00  0.000E+00  0.000E+00  0.000E+00  0.000E+00  0.000E+00  0.000E+00  0.000E+00  0.000E+00
  0.000E+00  0.000E+00  0.000E+00  0.000E+00  0.000E+00  0.000E+00  0.000E+00  0.000E+00  0.000E+00  0.000E+00
  2.988E-04  3.129E-04  1.883E-04  0.000E+00  8.593E-05  3.482E-04  0.000E+00  0.000E+00  4.849E-04  0.000E+00
  0.000E+00  1.204E-04  1.785E-04  1.343E-04  1.343E-04  1.343E-04  2.575E-04  4.958E-04  2.033E-04  2.123E-04
  1.672E-04  7.179E-04  1.175E-04  1.391E-04  1.423E-04  2.936E-04  1.507E-04  1.764E-04  1.066E-04  1.198E-04
  3.199E-04  4.326E-04  3.179E-04  2.900E-04  0.000E+00  2.209E-04  2.188E-05  6.008E-04  2.010E-04  7.095E-05
  2.673E-04  1.074E-05  1.023E-04  2.711E-05  0.000E+00  0.000E+00  0.000E+00  0.000E+00  0.000E+00  0.000E+00
  0.000E+00  0.000E+00  0.000E+00  0.000E+00  0.000E+00  0.000E+00  0.000E+00  0.000E+00  0.000E+00  0.000E+00
  1.666E-04  1.752E-04  1.258E-04  0.000E+00  0.000E+00  0.000E+00  0.000E+00  0.000E+00  0.000E+00  0.000E+00
  0.000E+00  0.000E+00  0.000E+00  0.000E+00  0.000E+00  0.000E+00  0.000E+00  0.000E+00  0.000E+00  0.000E+00
  0.000E+00  0.000E+00  0.000E+00  0.000E+00  0.000E+00  0.000E+00  0.000E+00  0.000E+00  0.000E+00  0.000E+00
  9.530E-05  4.843E-04  5.347E-04  1.696E-04  1.106E-04  2.325E-04  0.000E+00  0.000E+00  1.898E-04  3.063E-04
  0.000E+00  0.000E+00  1.876E-05  1.818E-04  8.285E-05  7.642E-05  1.683E-04  5.839E-05  3.499E-04  3.298E-04
  2.853E-04  1.086E-03  2.242E-04  1.882E-04  8.593E-04  6.915E-04  7.966E-05  0.000E+00  0.000E+00  0.000E+00
  1.331E-04  2.992E-04  1.489E-04  0.000E+00  0.000E+00  2.209E-04  2.154E-04  2.315E-04  0.000E+00  3.154E-04
  4.918E-04  0.000E+00  2.564E-04  0.000E+00  0.000E+00  0.000E+00  0.000E+00  0.000E+00  0.000E+00  0.000E+00
  0.000E+00  0.000E+00  0.000E+00  0.000E+00  0.000E+00  0.000E+00  0.000E+00  1.086E-04  1.752E-04  1.752E-04
  8.613E-06  0.000E+00  0.000E+00  0.000E+00  0.000E+00  0.000E+00  0.000E+00  0.000E+00  0.000E+00  0.000E+00
  0.000E+00  0.000E+00  0.000E+00  0.000E+00  0.000E+00  0.000E+00  0.000E+00  0.000E+00  0.000E+00  0.000E+00
  0.000E+00  0.000E+00  0.000E+00  0.000E+00  0.000E+00  0.000E+00  0.000E+00  0.000E+00  0.000E+00  0.000E+00
  1.328E-04  4.424E-04  1.581E-04  4.553E-04  4.706E-04  4.257E-04  1.426E-04  1.426E-04  3.349E-05  2.305E-04
  1.196E-05  2.014E-04  0.000E+00  0.000E+00  2.361E-04  9.477E-04  4.189E-04  3.511E-04  2.134E-04  4.636E-04
  2.543E-04  5.021E-04  1.159E-03  8.963E-04  4.675E-04  1.343E-04  5.119E-04  5.080E-05  1.010E-04  1.667E-04
  3.359E-05  0.000E+00  2.799E-04  0.000E+00  0.000E+00  2.444E-04  2.154E-04  2.315E-04  0.000E+00  1.895E-04
  6.129E-04  1.792E-04  7.722E-05  0.000E+00  0.000E+00  0.000E+00  0.000E+00  0.000E+00  0.000E+00  0.000E+00
  0.000E+00  0.000E+00  0.000E+00  0.000E+00  5.053E-05  1.752E-04  1.752E-04  6.664E-05  0.000E+00  0.000E+00
  0.000E+00  0.000E+00  0.000E+00  0.000E+00  0.000E+00  0.000E+00  0.000E+00  0.000E+00  0.000E+00  0.000E+00
  0.000E+00  0.000E+00  0.000E+00  0.000E+00  0.000E+00  0.000E+00  0.000E+00  0.000E+00  0.000E+00  0.000E+00
  0.000E+00  0.000E+00  0.000E+00  0.000E+00  1.642E-04  8.917E-05  0.000E+00  0.000E+00  0.000E+00  0.000E+00
  0.000E+00  2.247E-04  1.328E-04  3.686E-04  3.653E-04  2.650E-04  4.470E-04  3.616E-04  1.556E-04  2.291E-04
  1.110E-03  3.804E-04  3.377E-04  2.660E-04  5.107E-04  2.689E-04  8.812E-04  4.059E-04  4.230E-04  6.741E-04
  8.446E-04  7.532E-04  1.150E-03  2.427E-04  1.179E-04  4.376E-04  7.458E-04  6.207E-04  6.204E-04  4.420E-04
  0.000E+00  0.000E+00  1.196E-04  1.455E-04  0.000E+00  5.713E-04  5.320E-04  5.349E-04  1.027E-04  2.780E-04
  1.260E-05  8.044E-04  1.791E-04  0.000E+00  0.000E+00  0.000E+00  0.000E+00  0.000E+00  0.000E+00  0.000E+00
  0.000E+00  0.000E+00  1.677E-04  1.752E-04  1.247E-04  0.000E+00  0.000E+00  0.000E+00  0.000E+00  0.000E+00
  0.000E+00  0.000E+00  0.000E+00  0.000E+00  0.000E+00  0.000E+00  0.000E+00  0.000E+00  0.000E+00  3.790E-05
  1.689E-04  1.689E-04  1.689E-04  1.689E-04  1.689E-04  1.689E-04  1.689E-04  1.689E-04  1.689E-04  1.689E-04
  1.689E-04  1.689E-04  1.689E-04  1.689E-04  4.682E-06  0.000E+00  0.000E+00  0.000E+00  0.000E+00  0.000E+00
  2.663E-04  2.715E-04  2.320E-04  3.977E-04  1.412E-03  2.578E-04  4.533E-04  7.786E-04  6.691E-04  6.194E-04
  8.351E-04  2.834E-04  1.823E-04  4.862E-04  2.034E-04  6.618E-04  3.433E-04  4.639E-04  6.031E-04  6.553E-04
  5.956E-04  8.348E-04  7.253E-04  5.211E-04  1.179E-04  2.739E-04  7.482E-04  7.280E-04  6.319E-04  8.468E-04
  5.204E-04  2.317E-04  2.443E-04  2.247E-04  6.885E-04  6.718E-05  2.412E-04  3.883E-04  4.055E-04  4.634E-04
  1.017E-03  1.282E-03  6.251E-04  0.000E+00  0.000E+00  0.000E+00  0.000E+00  0.000E+00  0.000E+00  1.097E-04
  1.752E-04  1.752E-04  7.505E-06  0.000E+00  0.000E+00  8.048E-05  1.689E-04  1.689E-04  1.689E-04  1.689E-04
  1.689E-04  1.689E-04  1.689E-04  1.689E-04  1.689E-04  1.689E-04  1.689E-04  1.689E-04  1.689E-04  1.310E-04
  0.000E+00  0.000E+00  0.000E+00  0.000E+00  0.000E+00  0.000E+00  0.000E+00  0.000E+00  0.000E+00  0.000E+00
  0.000E+00  0.000E+00  0.000E+00  0.000E+00  0.000E+00  0.000E+00  0.000E+00  0.000E+00  0.000E+00  0.000E+00
  8.326E-04  8.799E-04  3.533E-04  1.314E-03  7.161E-04  2.842E-04  7.524E-04  6.000E-04  7.883E-04  4.049E-04
  5.681E-04  7.299E-04  4.689E-04  3.806E-04  9.462E-04  8.749E-04  5.896E-04  7.674E-04  1.445E-03  9.804E-04
  1.198E-03  7.374E-04  1.303E-03  3.220E-03  1.224E-03  3.801E-04  6.087E-04  2.534E-04  8.876E-04  1.170E-03
  1.395E-03  9.901E-04  3.542E-04  4.471E-04  3.053E-04  3.123E-04  4.743E-04  2.524E-04  7.787E-04  8.838E-04
  5.579E-04  1.078E-03  1.153E-03  7.592E-04  2.087E-04  1.689E-04  2.206E-04  3.441E-04  3.441E-04  2.345E-04
  1.689E-04  1.689E-04  1.689E-04  1.689E-04  1.689E-04  8.845E-05  0.000E+00  0.000E+00  0.000E+00  0.000E+00
  0.000E+00  0.000E+00  0.000E+00  0.000E+00  0.000E+00  0.000E+00  0.000E+00  0.000E+00  0.000E+00  0.000E+00
  0.000E+00  0.000E+00  0.000E+00  0.000E+00  0.000E+00  0.000E+00  0.000E+00  0.000E+00  0.000E+00  0.000E+00
  0.000E+00  0.000E+00  0.000E+00  0.000E+00  0.000E+00  0.000E+00  0.000E+00  0.000E+00  0.000E+00  0.000E+00
  1.099E-03  1.131E-03  5.764E-04  7.366E-04  3.554E-04  8.283E-04  1.479E-03  9.116E-04  1.258E-03  9.222E-04
  1.363E-03  1.208E-03  1.073E-03  9.886E-04  9.752E-04  8.743E-04  4.362E-04  1.263E-03  1.227E-03  9.138E-04
  2.690E-04  2.237E-04  3.880E-04  1.490E-03  8.466E-04  1.648E-03  1.156E-03  1.123E-03  9.549E-04  1.375E-03
  1.676E-03  1.785E-03  8.257E-04  1.121E-03  6.312E-04  5.416E-04  4.788E-04  4.064E-04  7.146E-04  5.081E-04
  1.365E-04  5.264E-04  9.472E-05  5.022E-04  5.979E-04  4.545E-04  4.029E-04  2.793E-04  2.793E-04  2.793E-04
  2.793E-04  2.793E-04  2.793E-04  2.793E-04  2.793E-04  1.682E-04  0.000E+00  0.000E+00  0.000E+00  0.000E+00
  0.000E+00  0.000E+00  0.000E+00  0.000E+00  0.000E+00  0.000E+00  0.000E+00  0.000E+00  0.000E+00  0.000E+00
  0.000E+00  0.000E+00  0.000E+00  0.000E+00  0.000E+00  0.000E+00  0.000E+00  0.000E+00  0.000E+00  0.000E+00
  0.000E+00  0.000E+00  0.000E+00  0.000E+00  0.000E+00  0.000E+00  0.000E+00  0.000E+00  0.000E+00  0.000E+00
  5.779E-04  2.986E-04  1.048E-03  6.325E-04  4.881E-04  3.214E-04  9.835E-04  1.014E-03  5.769E-04  9.211E-04
  1.050E-03  4.228E-04  4.250E-04  5.267E-04  1.418E-03  6.942E-04  6.564E-04  7.335E-04  5.809E-04  1.267E-03
  7.788E-04  3.913E-04  5.337E-04  3.766E-04  7.081E-04  6.665E-04  5.521E-04  1.057E-03  7.596E-04  5.994E-04
  8.958E-04  8.547E-04  3.289E-04  1.796E-04  1.578E-04  2.154E-04  0.000E+00  0.000E+00  4.084E-04  3.869E-04
  2.514E-04  1.117E-04  2.056E-04  3.916E-04  1.315E-04  1.251E-04  1.251E-04  1.251E-04  1.251E-04  1.251E-04
  1.251E-04  1.251E-04  1.251E-04  1.251E-04  3.814E-05  1.112E-04  2.793E-04  2.793E-04  2.793E-04  2.793E-04
  2.793E-04  2.793E-04  2.793E-04  2.793E-04  1.984E-04  0.000E+00  0.000E+00  0.000E+00  0.000E+00  0.000E+00
  0.000E+00  0.000E+00  0.000E+00  0.000E+00  0.000E+00  0.000E+00  0.000E+00  0.000E+00  0.000E+00  0.000E+00
  0.000E+00  0.000E+00  0.000E+00  0.000E+00  0.000E+00  0.000E+00  0.000E+00  0.000E+00  0.000E+00  0.000E+00
  7.338E-05  5.366E-04  7.617E-04  3.912E-04  3.651E-04  6.147E-04  9.569E-04  3.674E-04  5.432E-04  8.879E-04
  3.494E-04  1.599E-04  7.467E-05  1.116E-04  3.540E-04  8.121E-06  4.378E-04  9.217E-04  3.919E-04  4.102E-04
  6.540E-04  5.042E-04  3.892E-05  1.227E-04  2.055E-04  9.264E-04  5.252E-04  2.404E-04  3.562E-04  5.651E-05
  2.766E-04  6.409E-04  1.758E-04  7.290E-05  0.000E+00  2.154E-04  0.000E+00  0.000E+00  5.336E-04  0.000E+00
  9.897E-05  2.361E-04  0.000E+00  0.000E+00  0.000E+00  0.000E+00  0.000E+00  0.000E+00  0.000E+00  0.000E+00
  0.000E+00  0.000E+00  0.000E+00  0.000E+00  8.700E-05  1.251E-04  1.251E-04  1.251E-04  1.251E-04  1.251E-04
  1.251E-04  1.251E-04  1.251E-04  1.251E-04  1.251E-04  1.067E-04  0.000E+00  0.000E+00  0.000E+00  0.000E+00
  0.000E+00  0.000E+00  0.000E+00  0.000E+00  0.000E+00  0.000E+00  0.000E+00  0.000E+00  0.000E+00  0.000E+00
  0.000E+00  0.000E+00  0.000E+00  0.000E+00  0.000E+00  0.000E+00  0.000E+00  0.000E+00  0.000E+00  0.000E+00
  1.883E-04  0.000E+00  2.124E-04  9.650E-04  4.634E-04  3.868E-04  2.210E-04  3.643E-04  4.683E-04  3.174E-05
  3.804E-04  1.448E-04  0.000E+00  0.000E+00  0.000E+00  1.801E-04  3.979E-04  4.085E-04  5.300E-04  3.993E-04
  1.029E-03  7.251E-04  1.654E-04  3.049E-04  3.787E-04  4.710E-05  4.088E-04  1.174E-04  5.473E-05  6.735E-04
  2.760E-04  3.411E-04  1.359E-04  1.500E-04  3.922E-05  2.154E-04  0.000E+00  2.149E-04  3.187E-04  1.075E-04
  0.000E+00  0.000E+00  0.000E+00  0.000E+00  0.000E+00  0.000E+00  0.000E+00  0.000E+00  0.000E+00  0.000E+00
  0.000E+00  0.000E+00  0.000E+00  0.000E+00  0.000E+00  0.000E+00  0.000E+00  0.000E+00  0.000E+00  0.000E+00
  0.000E+00  0.000E+00  0.000E+00  0.000E+00  0.000E+00  1.844E-05  1.251E-04  1.251E-04  1.251E-04  1.251E-04
  1.251E-04  1.251E-04  1.251E-04  1.251E-04  1.251E-04  1.251E-04  1.251E-04  5.011E-05  0.000E+00  0.000E+00
  0.000E+00  0.000E+00  0.000E+00  0.000E+00  0.000E+00  0.000E+00  0.000E+00  0.000E+00  0.000E+00  0.000E+00
  4.079E-05  9.853E-05  2.836E-04  2.877E-05  5.026E-04  6.906E-05  0.000E+00  1.776E-04  3.669E-04  0.000E+00
  0.000E+00  2.367E-04  2.002E-04  0.000E+00  0.000E+00  1.761E-04  3.010E-04  4.705E-04  4.581E-04  2.479E-04
  5.639E-04  4.487E-04  2.976E-04  0.000E+00  1.157E-05  1.565E-04  1.879E-04  5.110E-05  0.000E+00  3.611E-04
  2.261E-04  2.468E-04  2.097E-04  2.886E-04  0.000E+00  2.154E-04  0.000E+00  5.336E-04  0.000E+00  0.000E+00
  0.000E+00  0.000E+00  0.000E+00  0.000E+00  0.000E+00  0.000E+00  0.000E+00  0.000E+00  0.000E+00  0.000E+00
  0.000E+00  0.000E+00  0.000E+00  0.000E+00  0.000E+00  0.000E+00  0.000E+00  0.000E+00  0.000E+00  0.000E+00
  0.000E+00  0.000E+00  0.000E+00  0.000E+00  0.000E+00  0.000E+00  0.000E+00  0.000E+00  0.000E+00  0.000E+00
  0.000E+00  0.000E+00  0.000E+00  0.000E+00  0.000E+00  0.000E+00  0.000E+00  7.502E-05  1.251E-04  1.251E-04
  1.251E-04  1.251E-04  1.251E-04  1.251E-04  1.251E-04  1.251E-04  1.251E-04  1.251E-04  1.187E-04  0.000E+00
  0.000E+00  0.000E+00  0.000E+00  0.000E+00  1.720E-04  1.951E-04  0.000E+00  0.000E+00  8.256E-05  2.420E-04
  0.000E+00  0.000E+00  9.686E-06  2.099E-04  1.168E-04  4.299E-04  7.969E-05  0.000E+00  2.661E-04  8.248E-04
  0.000E+00  0.000E+00  1.445E-04  9.915E-05  0.000E+00  0.000E+00  0.000E+00  2.390E-04  1.460E-04  9.244E-05
  1.105E-05  2.372E-04  1.080E-05  2.757E-04  0.000E+00  2.154E-04  2.530E-04  2.806E-04  0.000E+00  0.000E+00
  0.000E+00  0.000E+00  0.000E+00  0.000E+00  0.000E+00  0.000E+00  0.000E+00  0.000E+00  0.000E+00  0.000E+00
  0.000E+00  0.000E+00  0.000E+00  0.000E+00  0.000E+00  0.000E+00  0.000E+00  0.000E+00  0.000E+00  0.000E+00
  0.000E+00  0.000E+00  0.000E+00  0.000E+00  0.000E+00  0.000E+00  0.000E+00  0.000E+00  0.000E+00  0.000E+00
  0.000E+00  0.000E+00  0.000E+00  0.000E+00  0.000E+00  0.000E+00  0.000E+00  0.000E+00  0.000E+00  0.000E+00
  0.000E+00  0.000E+00  0.000E+00  0.000E+00  0.000E+00  0.000E+00  0.000E+00  0.000E+00  6.469E-06  1.251E-04
  0.000E+00  0.000E+00  0.000E+00  0.000E+00  0.000E+00  0.000E+00  0.000E+00  0.000E+00  0.000E+00  8.324E-05
  2.413E-04  0.000E+00  2.368E-06  0.000E+00  3.318E-04  2.099E-04  4.519E-06  0.000E+00  2.369E-04  8.322E-04
  2.981E-04  6.883E-06  0.000E+00  2.424E-04  1.204E-06  0.000E+00  0.000E+00  1.844E-04  2.384E-04  1.990E-04
  1.616E-04  0.000E+00  3.893E-04  1.395E-04  1.054E-04  1.726E-04  1.939E-04  2.771E-04  0.000E+00  0.000E+00
  0.000E+00  0.000E+00  0.000E+00  0.000E+00  0.000E+00  0.000E+00  0.000E+00  0.000E+00  0.000E+00  0.000E+00
  0.000E+00  0.000E+00  0.000E+00  0.000E+00  0.000E+00  0.000E+00  0.000E+00  0.000E+00  0.000E+00  0.000E+00
  0.000E+00  0.000E+00  0.000E+00  0.000E+00  0.000E+00  0.000E+00  0.000E+00  0.000E+00  0.000E+00  0.000E+00
  0.000E+00  0.000E+00  0.000E+00  0.000E+00  0.000E+00  0.000E+00  0.000E+00  0.000E+00  0.000E+00  0.000E+00
  0.000E+00  0.000E+00  0.000E+00  0.000E+00  0.000E+00  0.000E+00  0.000E+00  0.000E+00  0.000E+00  0.000E+00
  0.000E+00  0.000E+00  0.000E+00  0.000E+00  0.000E+00  0.000E+00  0.000E+00  0.000E+00  0.000E+00  0.000E+00
  8.392E-05  2.406E-04  3.802E-04  1.395E-04  0.000E+00  0.000E+00  2.053E-04  1.165E-04  4.418E-04  0.000E+00
  0.000E+00  1.813E-04  1.007E-04  0.000E+00  2.436E-04  0.000E+00  0.000E+00  9.734E-05  1.411E-04  0.000E+00
  2.111E-04  1.818E-04  2.698E-04  2.468E-04  2.154E-04  2.564E-04  0.000E+00  2.771E-04  0.000E+00  0.000E+00
  2.529E-04  8.959E-05  0.000E+00  0.000E+00  0.000E+00  0.000E+00  0.000E+00  0.000E+00  0.000E+00  0.000E+00
  0.000E+00  0.000E+00  0.000E+00  0.000E+00  0.000E+00  0.000E+00  0.000E+00  0.000E+00  0.000E+00  0.000E+00
  0.000E+00  0.000E+00  0.000E+00  0.000E+00  0.000E+00  0.000E+00  0.000E+00  0.000E+00  0.000E+00  0.000E+00
  0.000E+00  0.000E+00  0.000E+00  0.000E+00  0.000E+00  0.000E+00  0.000E+00  0.000E+00  0.000E+00  0.000E+00
  0.000E+00  0.000E+00  0.000E+00  0.000E+00  0.000E+00  0.000E+00  0.000E+00  0.000E+00  0.000E+00  0.000E+00
  0.000E+00  0.000E+00  0.000E+00  0.000E+00  0.000E+00  0.000E+00  0.000E+00  0.000E+00  0.000E+00  0.000E+00
  0.000E+00  8.459E-05  2.251E-04  2.180E-04  8.334E-06  1.374E-04  0.000E+00  9.330E-05  4.327E-04  1.872E-05
  0.000E+00  0.000E+00  8.751E-05  1.882E-04  9.449E-05  3.170E-04  0.000E+00  2.384E-04  0.000E+00  0.000E+00
  0.000E+00  4.035E-04  5.704E-05  2.104E-04  3.441E-04  1.278E-04  0.000E+00  2.771E-04  0.000E+00  0.000E+00
  0.000E+00  0.000E+00  0.000E+00  0.000E+00  0.000E+00  0.000E+00  0.000E+00  0.000E+00  0.000E+00  0.000E+00
  0.000E+00  0.000E+00  0.000E+00  0.000E+00  0.000E+00  0.000E+00  0.000E+00  0.000E+00  0.000E+00  0.000E+00
  0.000E+00  0.000E+00  0.000E+00  0.000E+00  0.000E+00  0.000E+00  0.000E+00  0.000E+00  0.000E+00  0.000E+00
  0.000E+00  0.000E+00  0.000E+00  0.000E+00  0.000E+00  0.000E+00  0.000E+00  0.000E+00  0.000E+00  0.000E+00
  0.000E+00  0.000E+00  0.000E+00  0.000E+00  0.000E+00  0.000E+00  0.000E+00  0.000E+00  0.000E+00  0.000E+00
  0.000E+00  0.000E+00  0.000E+00  0.000E+00  0.000E+00  0.000E+00  0.000E+00  0.000E+00  0.000E+00  0.000E+00
  0.000E+00  0.000E+00  5.664E-05  1.370E-04  3.714E-04  2.285E-04  0.000E+00  0.000E+00  6.156E-05  3.525E-04
  1.308E-04  0.000E+00  0.000E+00  0.000E+00  4.353E-04  1.783E-04  4.868E-05  1.898E-04  0.000E+00  0.000E+00
  0.000E+00  2.811E-04  2.258E-04  0.000E+00  2.631E-04  8.365E-05  2.600E-04  2.099E-04  0.000E+00  0.000E+00
  0.000E+00  0.000E+00  0.000E+00  0.000E+00  0.000E+00  0.000E+00  0.000E+00  0.000E+00  0.000E+00  0.000E+00
  0.000E+00  0.000E+00  0.000E+00  0.000E+00  0.000E+00  0.000E+00  0.000E+00  0.000E+00  0.000E+00  0.000E+00
  0.000E+00  0.000E+00  0.000E+00  0.000E+00  0.000E+00  0.000E+00  0.000E+00  0.000E+00  0.000E+00  0.000E+00
  0.000E+00  0.000E+00  0.000E+00  0.000E+00  0.000E+00  0.000E+00  0.000E+00  0.000E+00  0.000E+00  0.000E+00
  0.000E+00  0.000E+00  0.000E+00  0.000E+00  0.000E+00  0.000E+00  0.000E+00  0.000E+00  0.000E+00  0.000E+00
  0.000E+00  0.000E+00  0.000E+00  0.000E+00  0.000E+00  0.000E+00  0.000E+00  0.000E+00  0.000E+00  0.000E+00
  0.000E+00  0.000E+00  0.000E+00  0.000E+00  1.228E-04  1.036E-04  0.000E+00  0.000E+00  0.000E+00  2.229E-04
  7.910E-05  2.327E-04  0.000E+00  0.000E+00  0.000E+00  8.813E-05  2.786E-04  0.000E+00  0.000E+00  0.000E+00
  0.000E+00  1.627E-04  2.869E-04  3.216E-04  5.222E-06  0.000E+00  2.771E-04  0.000E+00  0.000E+00  0.000E+00
  0.000E+00  0.000E+00  0.000E+00  0.000E+00  0.000E+00  0.000E+00  0.000E+00  0.000E+00  0.000E+00  0.000E+00
  0.000E+00  0.000E+00  0.000E+00  0.000E+00  0.000E+00  0.000E+00  0.000E+00  0.000E+00  0.000E+00  0.000E+00
  0.000E+00  0.000E+00  0.000E+00  0.000E+00  0.000E+00  0.000E+00  0.000E+00  0.000E+00  0.000E+00  0.000E+00
  0.000E+00  0.000E+00  0.000E+00  0.000E+00  0.000E+00  0.000E+00  0.000E+00  0.000E+00  0.000E+00  0.000E+00
  0.000E+00  0.000E+00  0.000E+00  0.000E+00  0.000E+00  0.000E+00  0.000E+00  0.000E+00  0.000E+00  0.000E+00
  0.000E+00  0.000E+00  0.000E+00  0.000E+00  0.000E+00  0.000E+00  0.000E+00  0.000E+00  0.000E+00  0.000E+00
  0.000E+00  0.000E+00  0.000E+00  0.000E+00  0.000E+00  2.264E-04  0.000E+00  0.000E+00  0.000E+00  2.229E-04
  0.000E+00  0.000E+00  0.000E+00  0.000E+00  0.000E+00  2.618E-08  2.384E-04  0.000E+00  0.000E+00  0.000E+00
  3.622E-06  2.655E-04  3.692E-05  2.493E-04  1.681E-04  6.815E-05  5.541E-05  2.101E-04  4.171E-05  0.000E+00
  0.000E+00  0.000E+00  0.000E+00  0.000E+00  0.000E+00  0.000E+00  0.000E+00  0.000E+00  0.000E+00  0.000E+00
  0.000E+00  0.000E+00  0.000E+00  0.000E+00  0.000E+00  0.000E+00  0.000E+00  0.000E+00  0.000E+00  0.000E+00
  0.000E+00  0.000E+00  0.000E+00  0.000E+00  0.000E+00  0.000E+00  0.000E+00  0.000E+00  0.000E+00  0.000E+00
  0.000E+00  0.000E+00  0.000E+00  0.000E+00  0.000E+00  0.000E+00  0.000E+00  0.000E+00  0.000E+00  0.000E+00
  0.000E+00  0.000E+00  0.000E+00  0.000E+00  0.000E+00  0.000E+00  0.000E+00  0.000E+00  0.000E+00  0.000E+00
  0.000E+00  0.000E+00  0.000E+00  0.000E+00  0.000E+00  0.000E+00  0.000E+00  0.000E+00  0.000E+00  0.000E+00
  0.000E+00  0.000E+00  0.000E+00  0.000E+00  0.000E+00  4.537E-05  1.939E-04  0.000E+00  0.000E+00  1.667E-04
  0.000E+00  0.000E+00  0.000E+00  0.000E+00  0.000E+00  2.384E-04  0.000E+00  0.000E+00  0.000E+00  0.000E+00
  2.691E-04  0.000E+00  2.225E-04  0.000E+00  0.000E+00  9.992E-05  1.681E-04  3.199E-05  1.684E-04  1.287E-04
  0.000E+00  0.000E+00  0.000E+00  0.000E+00  0.000E+00  0.000E+00  0.000E+00  0.000E+00  0.000E+00  0.000E+00
  0.000E+00  0.000E+00  0.000E+00  0.000E+00  0.000E+00  0.000E+00  0.000E+00  0.000E+00  0.000E+00  0.000E+00
  0.000E+00  0.000E+00  0.000E+00  0.000E+00  0.000E+00  0.000E+00  0.000E+00  0.000E+00  0.000E+00  0.000E+00
  0.000E+00  0.000E+00  0.000E+00  0.000E+00  0.000E+00  0.000E+00  0.000E+00  0.000E+00  0.000E+00  0.000E+00
  0.000E+00  0.000E+00  0.000E+00  0.000E+00  0.000E+00  0.000E+00  0.000E+00  0.000E+00  0.000E+00  0.000E+00
  0.000E+00  0.000E+00  0.000E+00  0.000E+00  0.000E+00  0.000E+00  0.000E+00  0.000E+00  0.000E+00  0.000E+00
  0.000E+00  0.000E+00  0.000E+00  0.000E+00  6.980E-05  1.944E-04  0.000E+00  0.000E+00  0.000E+00  0.000E+00
  0.000E+00  0.000E+00  0.000E+00  0.000E+00  0.000E+00  2.384E-04  0.000E+00  0.000E+00  0.000E+00  1.412E-04
  1.279E-04  7.907E-05  1.434E-04  0.000E+00  0.000E+00  0.000E+00  0.000E+00  2.665E-04  0.000E+00  8.137E-05
  2.101E-04  5.632E-06  0.000E+00  0.000E+00  0.000E+00  0.000E+00  0.000E+00  0.000E+00  0.000E+00  0.000E+00
  0.000E+00  0.000E+00  0.000E+00  0.000E+00  0.000E+00  0.000E+00  0.000E+00  0.000E+00  0.000E+00  0.000E+00
  0.000E+00  0.000E+00  0.000E+00  0.000E+00  0.000E+00  0.000E+00  0.000E+00  0.000E+00  0.000E+00  0.000E+00
  0.000E+00  0.000E+00  0.000E+00  0.000E+00  0.000E+00  0.000E+00  0.000E+00  0.000E+00  0.000E+00  0.000E+00
  0.000E+00  0.000E+00  0.000E+00  0.000E+00  0.000E+00  0.000E+00  0.000E+00  0.000E+00  0.000E+00  0.000E+00
  0.000E+00  0.000E+00  0.000E+00  0.000E+00  0.000E+00  0.000E+00  0.000E+00  0.000E+00  0.000E+00  0.000E+00
  0.000E+00  0.000E+00  0.000E+00  1.218E-04  1.424E-04  0.000E+00  0.000E+00  0.000E+00  0.000E+00  0.000E+00
  0.000E+00  0.000E+00  0.000E+00  0.000E+00  1.898E-04  4.863E-05  0.000E+00  0.000E+00  9.702E-06  2.594E-04
  0.000E+00  2.225E-04  0.000E+00  0.000E+00  0.000E+00  0.000E+00  0.000E+00  1.546E-04  1.079E-04  0.000E+00
  0.000E+00  2.044E-04  9.263E-05  0.000E+00  0.000E+00  0.000E+00  0.000E+00  0.000E+00  0.000E+00  0.000E+00
  0.000E+00  0.000E+00  0.000E+00  0.000E+00  0.000E+00  0.000E+00  0.000E+00  0.000E+00  0.000E+00  0.000E+00
  0.000E+00  0.000E+00  0.000E+00  0.000E+00  0.000E+00  0.000E+00  0.000E+00  0.000E+00  0.000E+00  0.000E+00
  0.000E+00  0.000E+00  0.000E+00  0.000E+00  0.000E+00  0.000E+00  0.000E+00  0.000E+00  0.000E+00  0.000E+00
  0.000E+00  0.000E+00  0.000E+00  0.000E+00  0.000E+00  0.000E+00  0.000E+00  0.000E+00  0.000E+00  0.000E+00
  0.000E+00  0.000E+00  0.000E+00  0.000E+00  0.000E+00  0.000E+00  0.000E+00  0.000E+00  0.000E+00  0.000E+00
  0.000E+00  0.000E+00  1.738E-04  9.044E-05  0.000E+00  0.000E+00  0.000E+00  0.000E+00  0.000E+00  0.000E+00
  0.000E+00  0.000E+00  0.000E+00  0.000E+00  2.384E-04  0.000E+00  0.000E+00  0.000E+00  2.691E-04  0.000E+00
  1.243E-04  1.012E-04  0.000E+00  0.000E+00  0.000E+00  0.000E+00  0.000E+00  0.000E+00  2.532E-04  0.000E+00
  0.000E+00  0.000E+00  1.174E-04  1.796E-04  0.000E+00  0.000E+00  0.000E+00  0.000E+00  0.000E+00  0.000E+00
  0.000E+00  0.000E+00  0.000E+00  0.000E+00  0.000E+00  0.000E+00  0.000E+00  0.000E+00  0.000E+00  0.000E+00
  0.000E+00  0.000E+00  0.000E+00  0.000E+00  0.000E+00  0.000E+00  0.000E+00  0.000E+00  0.000E+00  0.000E+00
  0.000E+00  0.000E+00  0.000E+00  0.000E+00  0.000E+00  0.000E+00  0.000E+00  0.000E+00  0.000E+00  0.000E+00
  0.000E+00  0.000E+00  0.000E+00  0.000E+00  0.000E+00  0.000E+00  0.000E+00  0.000E+00  0.000E+00  0.000E+00
  0.000E+00  0.000E+00  0.000E+00  0.000E+00  0.000E+00  0.000E+00  0.000E+00  0.000E+00  0.000E+00  0.000E+00
  1.083E-04  2.048E-04  3.845E-05  0.000E+00  0.000E+00  0.000E+00  0.000E+00  0.000E+00  0.000E+00  0.000E+00
  0.000E+00  0.000E+00  0.000E+00  1.412E-04  9.729E-05  0.000E+00  0.000E+00  1.816E-05  1.357E-04  0.000E+00
  2.280E-04  0.000E+00  0.000E+00  0.000E+00  0.000E+00  7.240E-05  3.249E-04  3.203E-04  0.000E+00  0.000E+00
  0.000E+00  0.000E+00  0.000E+00  3.045E-05  2.101E-04  5.655E-05  0.000E+00  0.000E+00  0.000E+00  0.000E+00
  0.000E+00  0.000E+00  0.000E+00  0.000E+00  0.000E+00  0.000E+00  0.000E+00  0.000E+00  0.000E+00  0.000E+00
  0.000E+00  0.000E+00  0.000E+00  0.000E+00  0.000E+00  0.000E+00  0.000E+00  0.000E+00  0.000E+00  0.000E+00
  0.000E+00  0.000E+00  0.000E+00  0.000E+00  0.000E+00  0.000E+00  0.000E+00  0.000E+00  0.000E+00  0.000E+00
  0.000E+00  0.000E+00  0.000E+00  0.000E+00  0.000E+00  0.000E+00  0.000E+00  0.000E+00  0.000E+00  0.000E+00
  0.000E+00  0.000E+00  0.000E+00  0.000E+00  0.000E+00  0.000E+00  0.000E+00  0.000E+00  0.000E+00  1.767E-04
  9.421E-05  0.000E+00  0.000E+00  0.000E+00  0.000E+00  0.000E+00  0.000E+00  0.000E+00  0.000E+00  0.000E+00
  0.000E+00  0.000E+00  0.000E+00  2.483E-04  0.000E+00  0.000E+00  0.000E+00  0.000E+00  0.000E+00  5.361E-05
  1.785E-04  7.664E-05  0.000E+00  0.000E+00  0.000E+00  0.000E+00  0.000E+00  0.000E+00  0.000E+00  0.000E+00
  0.000E+00  0.000E+00  0.000E+00  0.000E+00  0.000E+00  1.535E-04  1.436E-04  0.000E+00  0.000E+00  0.000E+00
  0.000E+00  0.000E+00  0.000E+00  0.000E+00  0.000E+00  0.000E+00  0.000E+00  0.000E+00  0.000E+00  0.000E+00
  0.000E+00  0.000E+00  0.000E+00  0.000E+00  0.000E+00  0.000E+00  0.000E+00  0.000E+00  0.000E+00  0.000E+00
  0.000E+00  0.000E+00  0.000E+00  0.000E+00  0.000E+00  0.000E+00  0.000E+00  0.000E+00  0.000E+00  0.000E+00
  0.000E+00  0.000E+00  0.000E+00  0.000E+00  0.000E+00  0.000E+00  0.000E+00  0.000E+00  0.000E+00  0.000E+00
  0.000E+00  0.000E+00  0.000E+00  0.000E+00  0.000E+00  0.000E+00  0.000E+00  0.000E+00  0.000E+00  0.000E+00
  0.000E+00  0.000E+00  0.000E+00  0.000E+00  0.000E+00  0.000E+00  0.000E+00  0.000E+00  0.000E+00  0.000E+00
  0.000E+00  2.520E-05  2.324E-04  1.070E-05  0.000E+00  0.000E+00  0.000E+00  0.000E+00  0.000E+00  0.000E+00
  0.000E+00  0.000E+00  0.000E+00  0.000E+00  0.000E+00  0.000E+00  0.000E+00  0.000E+00  0.000E+00  0.000E+00
  0.000E+00  0.000E+00  0.000E+00  0.000E+00  0.000E+00  0.000E+00  6.652E-05  2.101E-04  2.048E-05  0.000E+00
  0.000E+00  0.000E+00  0.000E+00  0.000E+00  0.000E+00  0.000E+00  0.000E+00  0.000E+00  0.000E+00  0.000E+00
  0.000E+00  0.000E+00  0.000E+00  0.000E+00  0.000E+00  0.000E+00  0.000E+00  0.000E+00  0.000E+00  0.000E+00
  0.000E+00  0.000E+00  0.000E+00  0.000E+00  0.000E+00  0.000E+00  0.000E+00  0.000E+00  0.000E+00  0.000E+00
  0.000E+00  0.000E+00  0.000E+00  0.000E+00  0.000E+00  0.000E+00  0.000E+00  0.000E+00  0.000E+00  0.000E+00
  0.000E+00  0.000E+00  0.000E+00  0.000E+00  0.000E+00  0.000E+00  0.000E+00  0.000E+00  0.000E+00  0.000E+00
  0.000E+00  0.000E+00  0.000E+00  0.000E+00  0.000E+00  0.000E+00  0.000E+00  0.000E+00  0.000E+00  0.000E+00
  6.111E-05  2.072E-04  0.000E+00  0.000E+00  0.000E+00  0.000E+00  0.000E+00  0.000E+00  0.000E+00  0.000E+00
  0.000E+00  0.000E+00  0.000E+00  0.000E+00  0.000E+00  0.000E+00  0.000E+00  0.000E+00  0.000E+00  0.000E+00
  0.000E+00  0.000E+00  0.000E+00  0.000E+00  0.000E+00  0.000E+00  0.000E+00  0.000E+00  1.896E-04  1.075E-04
  0.000E+00  0.000E+00  0.000E+00  0.000E+00  0.000E+00  0.000E+00  0.000E+00  0.000E+00  0.000E+00  0.000E+00
  0.000E+00  0.000E+00  0.000E+00  0.000E+00  0.000E+00  0.000E+00  0.000E+00  0.000E+00  0.000E+00  0.000E+00
  0.000E+00  0.000E+00  0.000E+00  0.000E+00  0.000E+00  0.000E+00  0.000E+00  0.000E+00  0.000E+00  0.000E+00
  0.000E+00  0.000E+00  0.000E+00  0.000E+00  0.000E+00  0.000E+00  0.000E+00  0.000E+00  0.000E+00  0.000E+00
  0.000E+00  0.000E+00  0.000E+00  0.000E+00  0.000E+00  0.000E+00  0.000E+00  0.000E+00  0.000E+00  0.000E+00
  0.000E+00  0.000E+00  0.000E+00  0.000E+00  0.000E+00  0.000E+00  0.000E+00  0.000E+00  0.000E+00  9.701E-05
  1.713E-04  0.000E+00  0.000E+00  0.000E+00  0.000E+00  0.000E+00  0.000E+00  0.000E+00  0.000E+00  0.000E+00
  0.000E+00  0.000E+00  0.000E+00  0.000E+00  0.000E+00  0.000E+00  0.000E+00  0.000E+00  0.000E+00  0.000E+00
  0.000E+00  0.000E+00  0.000E+00  0.000E+00  0.000E+00  0.000E+00  0.000E+00  0.000E+00  0.000E+00  1.026E-04
  1.945E-04  0.000E+00  0.000E+00  0.000E+00  0.000E+00  0.000E+00  0.000E+00  0.000E+00  0.000E+00  0.000E+00
  0.000E+00  0.000E+00  0.000E+00  0.000E+00  0.000E+00  0.000E+00  0.000E+00  0.000E+00  0.000E+00  0.000E+00
  0.000E+00  0.000E+00  0.000E+00  0.000E+00  0.000E+00  0.000E+00  0.000E+00  0.000E+00  0.000E+00  0.000E+00
  0.000E+00  0.000E+00  0.000E+00  0.000E+00  0.000E+00  0.000E+00  0.000E+00  0.000E+00  0.000E+00  0.000E+00
  0.000E+00  0.000E+00  0.000E+00  0.000E+00  0.000E+00  0.000E+00  0.000E+00  0.000E+00  0.000E+00  0.000E+00
  0.000E+00  0.000E+00  0.000E+00  0.000E+00  0.000E+00  0.000E+00  0.000E+00  0.000E+00  0.000E+00  2.043E-04
  0.000E+00  0.000E+00  0.000E+00  0.000E+00  0.000E+00  0.000E+00  0.000E+00  0.000E+00  0.000E+00  0.000E+00
  0.000E+00  0.000E+00  0.000E+00  0.000E+00  0.000E+00  0.000E+00  0.000E+00  0.000E+00  0.000E+00  0.000E+00
  0.000E+00  0.000E+00  0.000E+00  0.000E+00  0.000E+00  0.000E+00  0.000E+00  0.000E+00  0.000E+00  0.000E+00
  1.560E-05  2.101E-04  7.140E-05  0.000E+00  0.000E+00  0.000E+00  0.000E+00  0.000E+00  0.000E+00  0.000E+00
  0.000E+00  0.000E+00  0.000E+00  0.000E+00  0.000E+00  0.000E+00  0.000E+00  0.000E+00  0.000E+00  0.000E+00
  0.000E+00  0.000E+00  0.000E+00  0.000E+00  0.000E+00  0.000E+00  0.000E+00  0.000E+00  0.000E+00  0.000E+00
  0.000E+00  0.000E+00  0.000E+00  0.000E+00  0.000E+00  0.000E+00  0.000E+00  0.000E+00  0.000E+00  0.000E+00
  0.000E+00  1.068E-04  6.796E-06  0.000E+00  0.000E+00  0.000E+00  0.000E+00  0.000E+00  0.000E+00  0.000E+00
  0.000E+00  0.000E+00  0.000E+00  0.000E+00  0.000E+00  0.000E+00  0.000E+00  0.000E+00  1.782E-04  1.194E-04
  0.000E+00  0.000E+00  0.000E+00  0.000E+00  0.000E+00  0.000E+00  0.000E+00  0.000E+00  0.000E+00  0.000E+00
  0.000E+00  0.000E+00  0.000E+00  0.000E+00  0.000E+00  0.000E+00  0.000E+00  0.000E+00  0.000E+00  0.000E+00
  0.000E+00  0.000E+00  0.000E+00  0.000E+00  0.000E+00  0.000E+00  0.000E+00  0.000E+00  0.000E+00  0.000E+00
  0.000E+00  0.000E+00  1.387E-04  1.584E-04  0.000E+00  0.000E+00  0.000E+00  0.000E+00  0.000E+00  0.000E+00
  0.000E+00  0.000E+00  0.000E+00  0.000E+00  0.000E+00  0.000E+00  0.000E+00  0.000E+00  0.000E+00  0.000E+00
  0.000E+00  0.000E+00  0.000E+00  0.000E+00  0.000E+00  0.000E+00  0.000E+00  0.000E+00  0.000E+00  0.000E+00
  0.000E+00  0.000E+00  0.000E+00  0.000E+00  0.000E+00  0.000E+00  0.000E+00  0.000E+00  0.000E+00  0.000E+00
  0.000E+00  0.000E+00  0.000E+00  0.000E+00  0.000E+00  0.000E+00  0.000E+00  0.000E+00  0.000E+00  0.000E+00
  0.000E+00  0.000E+00  0.000E+00  0.000E+00  0.000E+00  0.000E+00  1.011E-04  1.874E-04  9.138E-06  0.000E+00
  0.000E+00  0.000E+00  0.000E+00  0.000E+00  0.000E+00  0.000E+00  0.000E+00  0.000E+00  0.000E+00  0.000E+00
  0.000E+00  0.000E+00  0.000E+00  0.000E+00  0.000E+00  0.000E+00  0.000E+00  0.000E+00  0.000E+00  0.000E+00
  0.000E+00  0.000E+00  0.000E+00  0.000E+00  0.000E+00  0.000E+00  0.000E+00  0.000E+00  0.000E+00  0.000E+00
  0.000E+00  0.000E+00  0.000E+00  5.168E-05  2.101E-04  3.532E-05  0.000E+00  0.000E+00  0.000E+00  0.000E+00
  0.000E+00  0.000E+00  0.000E+00  0.000E+00  0.000E+00  0.000E+00  0.000E+00  0.000E+00  0.000E+00  0.000E+00
  0.000E+00  0.000E+00  0.000E+00  0.000E+00  0.000E+00  0.000E+00  0.000E+00  0.000E+00  0.000E+00  0.000E+00
  0.000E+00  0.000E+00  0.000E+00  0.000E+00  0.000E+00  0.000E+00  0.000E+00  0.000E+00  0.000E+00  0.000E+00
  0.000E+00  0.000E+00  0.000E+00  0.000E+00  0.000E+00  0.000E+00  0.000E+00  0.000E+00  0.000E+00  0.000E+00
  0.000E+00  0.000E+00  0.000E+00  0.000E+00  0.000E+00  6.136E-05  8.627E-05  0.000E+00  0.000E+00  0.000E+00
  0.000E+00  0.000E+00  0.000E+00  0.000E+00  0.000E+00  0.000E+00  0.000E+00  0.000E+00  0.000E+00  0.000E+00
  0.000E+00  0.000E+00  0.000E+00  0.000E+00  0.000E+00  0.000E+00  0.000E+00  0.000E+00  0.000E+00  0.000E+00
  0.000E+00  0.000E+00  0.000E+00  0.000E+00  0.000E+00  0.000E+00  0.000E+00  0.000E+00  0.000E+00  0.000E+00
  0.000E+00  0.000E+00  0.000E+00  0.000E+00  0.000E+00  1.748E-04  1.223E-04  0.000E+00  0.000E+00  0.000E+00
  0.000E+00  0.000E+00  0.000E+00  0.000E+00  0.000E+00  0.000E+00  0.000E+00  0.000E+00  0.000E+00  0.000E+00
  0.000E+00  0.000E+00  0.000E+00  0.000E+00  0.000E+00  0.000E+00  0.000E+00  0.000E+00  0.000E+00  0.000E+00
  0.000E+00  0.000E+00  0.000E+00  0.000E+00  0.000E+00  0.000E+00  0.000E+00  0.000E+00  0.000E+00  0.000E+00

#------------------------------------------------------------------------------
# gshow
#------------------------------------------------------------------------------

p: legs[c5*0.875]

hb:   line clip z  
frame:
  0.0000000E+00 -4.2000000E+00
  8.4000000E+00 -4.2000000E+00
  8.4000000E+00  4.2000000E+00
  0.0000000E+00  4.2000000E+00
clip:
 -9.230768E-02 -4.364706E+00
  0.000000E+00 -4.364706E+00
  0.000000E+00 -4.272398E+00
  0.000000E+00 -4.190118E+00
  0.000000E+00 -4.097810E+00
  0.000000E+00 -4.015529E+00
  0.000000E+00 -3.923222E+00
  0.000000E+00 -3.840941E+00
  0.000000E+00 -3.748633E+00
  0.000000E+00 -3.666353E+00
  0.000000E+00 -3.574045E+00
  0.000000E+00 -3.491765E+00
  0.000000E+00 -3.399457E+00
  0.000000E+00 -3.317176E+00
  0.000000E+00 -3.224869E+00
  0.000000E+00 -3.142588E+00
  0.000000E+00 -3.050281E+00
  0.000000E+00 -2.968000E+00
  0.000000E+00 -2.875692E+00
  0.000000E+00 -2.793412E+00
  0.000000E+00 -2.701104E+00
  0.000000E+00 -2.618824E+00
  0.000000E+00 -2.526516E+00
  0.000000E+00 -2.444235E+00
  0.000000E+00 -2.351928E+00
  0.000000E+00 -2.269647E+00
  0.000000E+00 -2.177339E+00
  0.000000E+00 -2.095059E+00
  0.000000E+00 -2.002751E+00
  0.000000E+00 -1.920471E+00
  0.000000E+00 -1.828163E+00
  0.000000E+00 -1.745882E+00
  0.000000E+00 -1.653575E+00
  0.000000E+00 -1.571294E+00
  0.000000E+00 -1.478986E+00
  0.000000E+00 -1.396706E+00
  0.000000E+00 -1.304398E+00
  0.000000E+00 -1.222118E+00
  0.000000E+00 -1.129810E+00
  0.000000E+00 -1.047529E+00
  0.000000E+00 -9.552217E-01
  0.000000E+00 -8.729412E-01
  0.000000E+00 -7.806335E-01
  0.000000E+00 -6.983529E-01
  0.000000E+00 -6.060452E-01
  0.000000E+00 -5.237647E-01
  0.000000E+00 -4.314570E-01
  0.000000E+00 -3.491764E-01
  0.000000E+00 -2.568688E-01
  0.000000E+00 -1.745882E-01
  0.000000E+00 -8.228053E-02
  0.000000E+00  2.345679E-08
  0.000000E+00  9.230770E-02
  0.000000E+00  1.745883E-01
  0.000000E+00  2.668959E-01
  0.000000E+00  3.491765E-01
  0.000000E+00  4.414842E-01
  0.000000E+00  5.237647E-01
  0.000000E+00  6.160724E-01
  0.000000E+00  6.983530E-01
  0.000000E+00  7.906606E-01
  0.000000E+00  8.729412E-01
  0.000000E+00  9.652489E-01
  0.000000E+00  1.047529E+00
  0.000000E+00  1.139837E+00
  0.000000E+00  1.222118E+00
  0.000000E+00  1.314425E+00
  0.000000E+00  1.396706E+00
  0.000000E+00  1.489014E+00
  0.000000E+00  1.571294E+00
  0.000000E+00  1.663602E+00
  0.000000E+00  1.745882E+00
  0.000000E+00  1.838190E+00
  0.000000E+00  1.920471E+00
  0.000000E+00  2.012778E+00
  0.000000E+00  2.095059E+00
  0.000000E+00  2.187367E+00
  0.000000E+00  2.269647E+00
  0.000000E+00  2.361955E+00
  0.000000E+00  2.444235E+00
  0.000000E+00  2.536543E+00
  0.000000E+00  2.618824E+00
  0.000000E+00  2.711131E+00
  0.000000E+00  2.793412E+00
  0.000000E+00  2.885719E+00
  0.000000E+00  2.968000E+00
  0.000000E+00  3.060308E+00
  0.000000E+00  3.142588E+00
  0.000000E+00  3.234896E+00
  0.000000E+00  3.317176E+00
  0.000000E+00  3.409484E+00
  0.000000E+00  3.491765E+00
  0.000000E+00  3.584072E+00
  0.000000E+00  3.666353E+00
  0.000000E+00  3.758661E+00
  0.000000E+00  3.840941E+00
  0.000000E+00  3.933249E+00
  0.000000E+00  4.015529E+00
  0.000000E+00  4.107837E+00
  0.000000E+00  4.190118E+00
  0.000000E+00  4.282425E+00
  0.000000E+00  4.364706E+00
 -9.230768E-02  4.364706E+00
 -9.230768E-02  4.190118E+00
 -9.230768E-02  4.015529E+00
 -9.230768E-02  3.840941E+00
 -9.230768E-02  3.666353E+00
 -9.230768E-02  3.491765E+00
 -9.230768E-02  3.317176E+00
 -9.230768E-02  3.142588E+00
 -9.230768E-02  2.968000E+00
 -9.230768E-02  2.793412E+00
 -9.230768E-02  2.618824E+00
 -9.230768E-02  2.444235E+00
 -9.230768E-02  2.269647E+00
 -9.230768E-02  2.095059E+00
 -9.230768E-02  1.920471E+00
 -9.230768E-02  1.745882E+00
 -9.230768E-02  1.571294E+00
 -9.230768E-02  1.396706E+00
 -9.230768E-02  1.222118E+00
 -9.230768E-02  1.047529E+00
 -9.230768E-02  8.729412E-01
 -9.230768E-02  6.983530E-01
 -9.230768E-02  5.237647E-01
 -9.230768E-02  3.491765E-01
 -9.230768E-02  1.745883E-01
 -9.230768E-02  2.345679E-08
 -9.230768E-02 -1.745882E-01
 -9.230768E-02 -3.491764E-01
 -9.230768E-02 -5.237647E-01
 -9.230768E-02 -6.983529E-01
 -9.230768E-02 -8.729412E-01
 -9.230768E-02 -1.047529E+00
 -9.230768E-02 -1.222118E+00
 -9.230768E-02 -1.396706E+00
 -9.230768E-02 -1.571294E+00
 -9.230768E-02 -1.745882E+00
 -9.230768E-02 -1.920471E+00
 -9.230768E-02 -2.095059E+00
 -9.230768E-02 -2.269647E+00
 -9.230768E-02 -2.444235E+00
 -9.230768E-02 -2.618824E+00
 -9.230768E-02 -2.793412E+00
 -9.230768E-02 -2.968000E+00
 -9.230768E-02 -3.142588E+00
 -9.230768E-02 -3.317176E+00
 -9.230768E-02 -3.491765E+00
 -9.230768E-02 -3.666353E+00
 -9.230768E-02 -3.840941E+00
 -9.230768E-02 -4.015529E+00
 -9.230768E-02 -4.190118E+00
 -9.230768E-02 -4.364706E+00

hb:   line clip z  
frame:
  0.0000000E+00 -4.2000000E+00
  8.4000000E+00 -4.2000000E+00
  8.4000000E+00  4.2000000E+00
  0.0000000E+00  4.2000000E+00
clip:
  3.076935E-03 -4.364706E+00
  4.200000E+00 -4.364706E+00
  4.200000E+00 -4.269321E+00
  4.200000E+00 -4.190118E+00
  4.200000E+00 -4.094733E+00
  4.200000E+00 -4.015529E+00
  4.200000E+00 -3.920145E+00
  4.200000E+00 -3.840941E+00
  4.200000E+00 -3.745557E+00
  4.200000E+00 -3.666353E+00
  4.200000E+00 -3.570968E+00
  4.200000E+00 -3.491765E+00
  4.200000E+00 -3.396380E+00
  4.200000E+00 -3.317176E+00
  4.200000E+00 -3.221792E+00
  4.200000E+00 -3.142588E+00
  4.200000E+00 -3.047204E+00
  4.200000E+00 -2.968000E+00
  4.200000E+00 -2.872615E+00
  4.200000E+00 -2.793412E+00
  4.200000E+00 -2.698027E+00
  4.200000E+00 -2.618824E+00
  4.200000E+00 -2.523439E+00
  4.200000E+00 -2.444235E+00
  4.200000E+00 -2.348851E+00
  4.200000E+00 -2.269647E+00
  4.200000E+00 -2.174262E+00
  4.200000E+00 -2.095059E+00
  4.200000E+00 -1.999674E+00
  4.200000E+00 -1.920471E+00
  4.200000E+00 -1.825086E+00
  4.200000E+00 -1.745882E+00
  4.200000E+00 -1.650498E+00
  4.200000E+00 -1.571294E+00
  4.200000E+00 -1.475909E+00
  4.200000E+00 -1.396706E+00
  4.200000E+00 -1.301321E+00
  4.200000E+00 -1.222118E+00
  4.200000E+00 -1.126733E+00
  4.200000E+00 -1.047529E+00
  4.200000E+00 -9.521448E-01
  4.200000E+00 -8.729412E-01
  4.200000E+00 -7.775565E-01
  4.200000E+00 -6.983529E-01
  4.200000E+00 -6.029683E-01
  4.200000E+00 -5.237647E-01
  4.200000E+00 -4.283801E-01
  4.200000E+00 -3.491764E-01
  4.200000E+00 -2.537918E-01
  4.200000E+00 -1.745882E-01
  4.200000E+00 -7.920361E-02
  4.200000E+00  2.345679E-08
  4.200000E+00  9.538463E-02
  4.200000E+00  1.745883E-01
  4.200000E+00  2.699729E-01
  4.200000E+00  3.491765E-01
  4.200000E+00  4.445611E-01
  4.200000E+00  5.237647E-01
  4.200000E+00  6.191493E-01
  4.200000E+00  6.983530E-01
  4.200000E+00  7.937376E-01
  4.200000E+00  8.729412E-01
  4.200000E+00  9.683258E-01
  4.200000E+00  1.047529E+00
  4.200000E+00  1.142914E+00
  4.200000E+00  1.222118E+00
  4.200000E+00  1.317502E+00
  4.200000E+00  1.396706E+00
  4.200000E+00  1.492091E+00
  4.200000E+00  1.571294E+00
  4.200000E+00  1.666679E+00
  4.200000E+00  1.745882E+00
  4.200000E+00  1.841267E+00
  4.200000E+00  1.920471E+00
  4.200000E+00  2.015855E+00
  4.200000E+00  2.095059E+00
  4.200000E+00  2.190443E+00
  4.200000E+00  2.269647E+00
  4.200000E+00  2.365032E+00
  4.200000E+00  2.444235E+00
  4.200000E+00  2.539620E+00
  4.200000E+00  2.618824E+00
  4.200000E+00  2.714208E+00
  4.200000E+00  2.793412E+00
  4.200000E+00  2.888796E+00
  4.200000E+00  2.968000E+00
  4.200000E+00  3.063385E+00
  4.200000E+00  3.142588E+00
  4.200000E+00  3.237973E+00
  4.200000E+00  3.317176E+00
  4.200000E+00  3.412561E+00
  4.200000E+00  3.491765E+00
  4.200000E+00  3.587149E+00
  4.200000E+00  3.666353E+00
  4.200000E+00  3.761738E+00
  4.200000E+00  3.840941E+00
  4.200000E+00  3.936326E+00
  4.200000E+00  4.015529E+00
  4.200000E+00  4.110914E+00
  4.200000E+00  4.190118E+00
  4.200000E+00  4.285502E+00
  4.200000E+00  4.364706E+00
  4.104615E+00  4.364706E+00
  4.009231E+00  4.364706E+00
  3.913846E+00  4.364706E+00
  3.818462E+00  4.364706E+00
  3.723077E+00  4.364706E+00
  3.627692E+00  4.364706E+00
  3.532308E+00  4.364706E+00
  3.436923E+00  4.364706E+00
  3.341538E+00  4.364706E+00
  3.246154E+00  4.364706E+00
  3.150769E+00  4.364706E+00
  3.055385E+00  4.364706E+00
  2.960000E+00  4.364706E+00
  2.864615E+00  4.364706E+00
  2.769231E+00  4.364706E+00
  2.673846E+00  4.364706E+00
  2.578462E+00  4.364706E+00
  2.483077E+00  4.364706E+00
  2.387692E+00  4.364706E+00
  2.292308E+00  4.364706E+00
  2.196923E+00  4.364706E+00
  2.101538E+00  4.364706E+00
  2.006154E+00  4.364706E+00
  1.910769E+00  4.364706E+00
  1.815385E+00  4.364706E+00
  1.720000E+00  4.364706E+00
  1.624615E+00  4.364706E+00
  1.529231E+00  4.364706E+00
  1.433846E+00  4.364706E+00
  1.338462E+00  4.364706E+00
  1.243077E+00  4.364706E+00
  1.147692E+00  4.364706E+00
  1.052308E+00  4.364706E+00
  9.569231E-01  4.364706E+00
  8.615385E-01  4.364706E+00
  7.661539E-01  4.364706E+00
  6.707692E-01  4.364706E+00
  5.753846E-01  4.364706E+00
  4.800000E-01  4.364706E+00
  3.846154E-01  4.364706E+00
  2.892308E-01  4.364706E+00
  1.938462E-01  4.364706E+00
  9.846155E-02  4.364706E+00
  3.076935E-03  4.364706E+00
  0.000000E+00  4.364706E+00
  0.000000E+00  4.361629E+00
  0.000000E+00  4.190118E+00
  0.000000E+00  4.187041E+00
  0.000000E+00  4.015529E+00
  0.000000E+00  4.012452E+00
  0.000000E+00  3.840941E+00
  0.000000E+00  3.837864E+00
  0.000000E+00  3.666353E+00
  0.000000E+00  3.663276E+00
  0.000000E+00  3.491765E+00
  0.000000E+00  3.488688E+00
  0.000000E+00  3.317176E+00
  0.000000E+00  3.314100E+00
  0.000000E+00  3.142588E+00
  0.000000E+00  3.139511E+00
  0.000000E+00  2.968000E+00
  0.000000E+00  2.964923E+00
  0.000000E+00  2.793412E+00
  0.000000E+00  2.790335E+00
  0.000000E+00  2.618824E+00
  0.000000E+00  2.615747E+00
  0.000000E+00  2.444235E+00
  0.000000E+00  2.441158E+00
  0.000000E+00  2.269647E+00
  0.000000E+00  2.266570E+00
  0.000000E+00  2.095059E+00
  0.000000E+00  2.091982E+00
  0.000000E+00  1.920471E+00
  0.000000E+00  1.917394E+00
  0.000000E+00  1.745882E+00
  0.000000E+00  1.742805E+00
  0.000000E+00  1.571294E+00
  0.000000E+00  1.568217E+00
  0.000000E+00  1.396706E+00
  0.000000E+00  1.393629E+00
  0.000000E+00  1.222118E+00
  0.000000E+00  1.219041E+00
  0.000000E+00  1.047529E+00
  0.000000E+00  1.044452E+00
  0.000000E+00  8.729412E-01
  0.000000E+00  8.698643E-01
  0.000000E+00  6.983530E-01
  0.000000E+00  6.952760E-01
  0.000000E+00  5.237647E-01
  0.000000E+00  5.206878E-01
  0.000000E+00  3.491765E-01
  0.000000E+00  3.460996E-01
  0.000000E+00  1.745883E-01
  0.000000E+00  1.715113E-01
  0.000000E+00  2.345679E-08
  0.000000E+00 -3.076912E-03
  0.000000E+00 -1.745882E-01
  0.000000E+00 -1.776651E-01
  0.000000E+00 -3.491764E-01
  0.000000E+00 -3.522534E-01
  0.000000E+00 -5.237647E-01
  0.000000E+00 -5.268416E-01
  0.000000E+00 -6.983529E-01
  0.000000E+00 -7.014299E-01
  0.000000E+00 -8.729412E-01
  0.000000E+00 -8.760181E-01
  0.000000E+00 -1.047529E+00
  0.000000E+00 -1.050606E+00
  0.000000E+00 -1.222118E+00
  0.000000E+00 -1.225195E+00
  0.000000E+00 -1.396706E+00
  0.000000E+00 -1.399783E+00
  0.000000E+00 -1.571294E+00
  0.000000E+00 -1.574371E+00
  0.000000E+00 -1.745882E+00
  0.000000E+00 -1.748959E+00
  0.000000E+00 -1.920471E+00
  0.000000E+00 -1.923548E+00
  0.000000E+00 -2.095059E+00
  0.000000E+00 -2.098136E+00
  0.000000E+00 -2.269647E+00
  0.000000E+00 -2.272724E+00
  0.000000E+00 -2.444235E+00
  0.000000E+00 -2.447312E+00
  0.000000E+00 -2.618824E+00
  0.000000E+00 -2.621900E+00
  0.000000E+00 -2.793412E+00
  0.000000E+00 -2.796489E+00
  0.000000E+00 -2.968000E+00
  0.000000E+00 -2.971077E+00
  0.000000E+00 -3.142588E+00
  0.000000E+00 -3.145665E+00
  0.000000E+00 -3.317176E+00
  0.000000E+00 -3.320253E+00
  0.000000E+00 -3.491765E+00
  0.000000E+00 -3.494842E+00
  0.000000E+00 -3.666353E+00
  0.000000E+00 -3.669430E+00
  0.000000E+00 -3.840941E+00
  0.000000E+00 -3.844018E+00
  0.000000E+00 -4.015529E+00
  0.000000E+00 -4.018606E+00
  0.000000E+00 -4.190118E+00
  0.000000E+00 -4.193195E+00
  0.000000E+00 -4.364706E+00

hb:   line clip z  
frame:
  0.0000000E+00 -4.2000000E+00
  8.4000000E+00 -4.2000000E+00
  8.4000000E+00  4.2000000E+00
  0.0000000E+00  4.2000000E+00
clip:
  4.200000E+00 -4.364706E+00
  8.492308E+00 -4.364706E+00
  8.492308E+00 -4.190118E+00
  8.492308E+00 -4.015529E+00
  8.492308E+00 -3.840941E+00
  8.492308E+00 -3.666353E+00
  8.492308E+00 -3.491765E+00
  8.492308E+00 -3.317176E+00
  8.492308E+00 -3.142588E+00
  8.492308E+00 -2.968000E+00
  8.492308E+00 -2.793412E+00
  8.492308E+00 -2.618824E+00
  8.492308E+00 -2.444235E+00
  8.492308E+00 -2.269647E+00
  8.492308E+00 -2.095059E+00
  8.492308E+00 -1.920471E+00
  8.492308E+00 -1.745882E+00
  8.492308E+00 -1.571294E+00
  8.492308E+00 -1.396706E+00
  8.492308E+00 -1.222118E+00
  8.492308E+00 -1.047529E+00
  8.492308E+00 -8.729412E-01
  8.492308E+00 -6.983529E-01
  8.492308E+00 -5.237647E-01
  8.492308E+00 -3.491764E-01
  8.492308E+00 -1.745882E-01
  8.492308E+00  2.345679E-08
  8.492308E+00  1.745883E-01
  8.492308E+00  3.491765E-01
  8.492308E+00  5.237647E-01
  8.492308E+00  6.983530E-01
  8.492308E+00  8.729412E-01
  8.492308E+00  1.047529E+00
  8.492308E+00  1.222118E+00
  8.492308E+00  1.396706E+00
  8.492308E+00  1.571294E+00
  8.492308E+00  1.745882E+00
  8.492308E+00  1.920471E+00
  8.492308E+00  2.095059E+00
  8.492308E+00  2.269647E+00
  8.492308E+00  2.444235E+00
  8.492308E+00  2.618824E+00
  8.492308E+00  2.793412E+00
  8.492308E+00  2.968000E+00
  8.492308E+00  3.142588E+00
  8.492308E+00  3.317176E+00
  8.492308E+00  3.491765E+00
  8.492308E+00  3.666353E+00
  8.492308E+00  3.840941E+00
  8.492308E+00  4.015529E+00
  8.492308E+00  4.190118E+00
  8.492308E+00  4.364706E+00
  8.396923E+00  4.364706E+00
  8.301538E+00  4.364706E+00
  8.206154E+00  4.364706E+00
  8.110769E+00  4.364706E+00
  8.015385E+00  4.364706E+00
  7.920000E+00  4.364706E+00
  7.824615E+00  4.364706E+00
  7.729231E+00  4.364706E+00
  7.633846E+00  4.364706E+00
  7.538462E+00  4.364706E+00
  7.443077E+00  4.364706E+00
  7.347692E+00  4.364706E+00
  7.252308E+00  4.364706E+00
  7.156923E+00  4.364706E+00
  7.061538E+00  4.364706E+00
  6.966154E+00  4.364706E+00
  6.870769E+00  4.364706E+00
  6.775385E+00  4.364706E+00
  6.680000E+00  4.364706E+00
  6.584615E+00  4.364706E+00
  6.489231E+00  4.364706E+00
  6.393846E+00  4.364706E+00
  6.298462E+00  4.364706E+00
  6.203077E+00  4.364706E+00
  6.107692E+00  4.364706E+00
  6.012308E+00  4.364706E+00
  5.916923E+00  4.364706E+00
  5.821538E+00  4.364706E+00
  5.726154E+00  4.364706E+00
  5.630769E+00  4.364706E+00
  5.535385E+00  4.364706E+00
  5.440000E+00  4.364706E+00
  5.344615E+00  4.364706E+00
  5.249231E+00  4.364706E+00
  5.153846E+00  4.364706E+00
  5.058462E+00  4.364706E+00
  4.963077E+00  4.364706E+00
  4.867692E+00  4.364706E+00
  4.772308E+00  4.364706E+00
  4.676923E+00  4.364706E+00
  4.581538E+00  4.364706E+00
  4.486154E+00  4.364706E+00
  4.390769E+00  4.364706E+00
  4.295385E+00  4.364706E+00
  4.200000E+00  4.364706E+00
  4.200000E+00  4.190118E+00
  4.200000E+00  4.015529E+00
  4.200000E+00  3.840941E+00
  4.200000E+00  3.666353E+00
  4.200000E+00  3.491765E+00
  4.200000E+00  3.317176E+00
  4.200000E+00  3.142588E+00
  4.200000E+00  2.968000E+00
  4.200000E+00  2.793412E+00
  4.200000E+00  2.618824E+00
  4.200000E+00  2.444235E+00
  4.200000E+00  2.269647E+00
  4.200000E+00  2.095059E+00
  4.200000E+00  1.920471E+00
  4.200000E+00  1.745882E+00
  4.200000E+00  1.571294E+00
  4.200000E+00  1.396706E+00
  4.200000E+00  1.222118E+00
  4.200000E+00  1.047529E+00
  4.200000E+00  8.729412E-01
  4.200000E+00  6.983530E-01
  4.200000E+00  5.237647E-01
  4.200000E+00  3.491765E-01
  4.200000E+00  1.745883E-01
  4.200000E+00  2.345679E-08
  4.200000E+00 -1.745882E-01
  4.200000E+00 -3.491764E-01
  4.200000E+00 -5.237647E-01
  4.200000E+00 -6.983529E-01
  4.200000E+00 -8.729412E-01
  4.200000E+00 -1.047529E+00
  4.200000E+00 -1.222118E+00
  4.200000E+00 -1.396706E+00
  4.200000E+00 -1.571294E+00
  4.200000E+00 -1.745882E+00
  4.200000E+00 -1.920471E+00
  4.200000E+00 -2.095059E+00
  4.200000E+00 -2.269647E+00
  4.200000E+00 -2.444235E+00
  4.200000E+00 -2.618824E+00
  4.200000E+00 -2.793412E+00
  4.200000E+00 -2.968000E+00
  4.200000E+00 -3.142588E+00
  4.200000E+00 -3.317176E+00
  4.200000E+00 -3.491765E+00
  4.200000E+00 -3.666353E+00
  4.200000E+00 -3.840941E+00
  4.200000E+00 -4.015529E+00
  4.200000E+00 -4.190118E+00
  4.200000E+00 -4.364706E+00

#------------------------------------------------------------------------------
z: xorg(1.03)
p: xfac[c2*0.05] form[c1/0.05] notc noxt noyt dmin(1)
p: ymin(0) ymax(1) xmin(0) xmax(1) cmin(1) cmax(100) nosp
hc: y= 0.005 to 0.995 by 0.01 ; x= 0.5 to 0.5 by 1 ;
 1  2  3  4  5  6  7  8  9 10 11 12 13 14 15 16 17 18 19 20
21 22 23 24 25 26 27 28 29 30 31 32 33 34 35 36 37 38 39 40
41 42 43 44 45 46 47 48 49 50 51 52 53 54 55 56 57 58 59 60
61 62 63 64 65 66 67 68 69 70 71 72 73 74 75 76 77 78 79 80
81 82 83 84 85 86 87 88 89 90 91 92 93 94 95 96 97 98 99 100
z: xorg(0.0)
p: xfac[c2*0.05] form[c1/0.05] nosp afac[c5*0.625] ymin[c3] ymax[c4]
p: noxt noxn ytxt(-1) ynum(-1) xltd(-1) xstd(-1) itic(1) ylog
y: Flux [1/cm^2/source]              
#------------------------------------------------------------------------------

wt: s[c5]
\vspace{-3}
  emin  &=&   0.0000E+00 [MeV]
  emax  &=&   1.0000E+03 [MeV]
  ymin  &=&  -4.2000E+00 [cm]
  ymax  &=&   4.2000E+00 [cm]
  part. &=& photon  
e:

#------------------------------------------------------------------------------
z: xorg[-1.03/0.05]
p: form[c1] xfac[c2] afac[c5] nosp notf
p: xmin(  0.000000    ) xmax(  8.400000    )
p: ymin( -4.200000    ) ymax(  4.200000    )

#------------------------------------------------------------------------------
 newpage:
#   no. =  2   ie  =  1   iy  =  1   part. = electron
#   e = (   0.0000E+00  -   1.0000E+03  )
#   y = (  -4.2000E+00  -   4.2000E+00  )

'no. =  2,  ie =  1,  iy =  1'
msuc: {\huge Track in xyz mesh}
msdr: {\it plotted by \ANGEL \version}
msdl: {\it calculated by \PHITS  3.28}

x: z [cm]
y: x [cm]
set: c1[ 1.000] c2[ 0.900] c5[ 0.800] c6[ 1.000] c7[ 0.000] c8[ 0.000]
p: h2fs form[c1] xfac[c2] afac[c5] scal[c6] xorg[c7] yorg[c8] nosp
set: c3[   2.617768E-08] c4[   3.759476E-01]
p: cmin[c3] cmax[c4]
p: dmin(1e-31)
p: zlog
p: xmin(  0.000000    ) xmax(  8.400000    )
p: ymin( -4.200000    ) ymax(  4.200000    )
#  nx =  50   nz =  90
# ( ( data(z,x), z = 1, nz ), x = nx, 1, -1 )

hc:  y =   4.116000     to  -4.116000     by  0.1680000     ; x =  4.6666667E-02 to   8.353333     by  9.3333333E-02 ;
  0.000E+00  0.000E+00  0.000E+00  0.000E+00  0.000E+00  0.000E+00  0.000E+00  0.000E+00  0.000E+00  0.000E+00
  0.000E+00  0.000E+00  0.000E+00  0.000E+00  0.000E+00  0.000E+00  0.000E+00  0.000E+00  0.000E+00  0.000E+00
  0.000E+00  0.000E+00  0.000E+00  0.000E+00  0.000E+00  0.000E+00  0.000E+00  0.000E+00  0.000E+00  0.000E+00
  0.000E+00  0.000E+00  0.000E+00  0.000E+00  0.000E+00  0.000E+00  0.000E+00  0.000E+00  2.290E-05  0.000E+00
  0.000E+00  0.000E+00  0.000E+00  0.000E+00  0.000E+00  0.000E+00  0.000E+00  0.000E+00  0.000E+00  0.000E+00
  0.000E+00  0.000E+00  0.000E+00  0.000E+00  0.000E+00  0.000E+00  0.000E+00  0.000E+00  0.000E+00  0.000E+00
  0.000E+00  0.000E+00  0.000E+00  0.000E+00  0.000E+00  0.000E+00  0.000E+00  0.000E+00  0.000E+00  0.000E+00
  0.000E+00  0.000E+00  0.000E+00  0.000E+00  0.000E+00  0.000E+00  0.000E+00  0.000E+00  0.000E+00  0.000E+00
  0.000E+00  0.000E+00  0.000E+00  0.000E+00  0.000E+00  0.000E+00  0.000E+00  0.000E+00  0.000E+00  0.000E+00
  0.000E+00  0.000E+00  0.000E+00  0.000E+00  0.000E+00  0.000E+00  0.000E+00  0.000E+00  0.000E+00  0.000E+00
  0.000E+00  0.000E+00  0.000E+00  0.000E+00  0.000E+00  0.000E+00  0.000E+00  0.000E+00  0.000E+00  0.000E+00
  0.000E+00  0.000E+00  0.000E+00  0.000E+00  0.000E+00  0.000E+00  0.000E+00  0.000E+00  0.000E+00  0.000E+00
  0.000E+00  0.000E+00  0.000E+00  0.000E+00  0.000E+00  0.000E+00  0.000E+00  0.000E+00  0.000E+00  0.000E+00
  0.000E+00  0.000E+00  0.000E+00  0.000E+00  0.000E+00  0.000E+00  0.000E+00  0.000E+00  0.000E+00  0.000E+00
  0.000E+00  0.000E+00  0.000E+00  0.000E+00  0.000E+00  0.000E+00  0.000E+00  0.000E+00  0.000E+00  0.000E+00
  0.000E+00  0.000E+00  0.000E+00  0.000E+00  0.000E+00  0.000E+00  0.000E+00  0.000E+00  0.000E+00  0.000E+00
  0.000E+00  0.000E+00  0.000E+00  0.000E+00  0.000E+00  0.000E+00  0.000E+00  0.000E+00  0.000E+00  0.000E+00
  0.000E+00  0.000E+00  0.000E+00  0.000E+00  0.000E+00  0.000E+00  0.000E+00  0.000E+00  0.000E+00  0.000E+00
  0.000E+00  0.000E+00  0.000E+00  0.000E+00  0.000E+00  0.000E+00  0.000E+00  0.000E+00  0.000E+00  0.000E+00
  0.000E+00  0.000E+00  0.000E+00  0.000E+00  0.000E+00  0.000E+00  4.634E-05  0.000E+00  0.000E+00  0.000E+00
  0.000E+00  0.000E+00  0.000E+00  0.000E+00  0.000E+00  0.000E+00  0.000E+00  0.000E+00  0.000E+00  0.000E+00
  0.000E+00  0.000E+00  0.000E+00  0.000E+00  5.679E-06  0.000E+00  0.000E+00  0.000E+00  0.000E+00  0.000E+00
  0.000E+00  0.000E+00  0.000E+00  0.000E+00  0.000E+00  0.000E+00  0.000E+00  0.000E+00  0.000E+00  0.000E+00
  0.000E+00  0.000E+00  0.000E+00  0.000E+00  0.000E+00  0.000E+00  0.000E+00  0.000E+00  0.000E+00  0.000E+00
  0.000E+00  0.000E+00  0.000E+00  0.000E+00  0.000E+00  0.000E+00  0.000E+00  0.000E+00  0.000E+00  0.000E+00
  0.000E+00  0.000E+00  0.000E+00  0.000E+00  0.000E+00  0.000E+00  0.000E+00  0.000E+00  0.000E+00  0.000E+00
  0.000E+00  0.000E+00  0.000E+00  0.000E+00  0.000E+00  0.000E+00  0.000E+00  0.000E+00  0.000E+00  0.000E+00
  0.000E+00  0.000E+00  0.000E+00  0.000E+00  0.000E+00  0.000E+00  0.000E+00  0.000E+00  0.000E+00  0.000E+00
  0.000E+00  0.000E+00  0.000E+00  0.000E+00  0.000E+00  0.000E+00  0.000E+00  0.000E+00  0.000E+00  0.000E+00
  0.000E+00  0.000E+00  0.000E+00  0.000E+00  0.000E+00  0.000E+00  0.000E+00  0.000E+00  0.000E+00  0.000E+00
  0.000E+00  0.000E+00  0.000E+00  0.000E+00  0.000E+00  0.000E+00  0.000E+00  0.000E+00  0.000E+00  0.000E+00
  0.000E+00  0.000E+00  0.000E+00  0.000E+00  0.000E+00  0.000E+00  0.000E+00  0.000E+00  0.000E+00  0.000E+00
  0.000E+00  0.000E+00  0.000E+00  0.000E+00  0.000E+00  0.000E+00  0.000E+00  0.000E+00  0.000E+00  0.000E+00
  0.000E+00  0.000E+00  0.000E+00  0.000E+00  0.000E+00  0.000E+00  0.000E+00  0.000E+00  0.000E+00  0.000E+00
  0.000E+00  0.000E+00  0.000E+00  0.000E+00  0.000E+00  0.000E+00  0.000E+00  0.000E+00  0.000E+00  0.000E+00
  0.000E+00  0.000E+00  0.000E+00  0.000E+00  0.000E+00  0.000E+00  0.000E+00  0.000E+00  0.000E+00  0.000E+00
  0.000E+00  0.000E+00  0.000E+00  0.000E+00  0.000E+00  0.000E+00  0.000E+00  0.000E+00  0.000E+00  0.000E+00
  0.000E+00  0.000E+00  0.000E+00  0.000E+00  0.000E+00  0.000E+00  0.000E+00  0.000E+00  0.000E+00  0.000E+00
  0.000E+00  0.000E+00  0.000E+00  0.000E+00  0.000E+00  0.000E+00  0.000E+00  0.000E+00  0.000E+00  2.060E-06
  0.000E+00  0.000E+00  0.000E+00  0.000E+00  0.000E+00  0.000E+00  0.000E+00  0.000E+00  0.000E+00  0.000E+00
  0.000E+00  0.000E+00  0.000E+00  0.000E+00  3.498E-05  0.000E+00  0.000E+00  0.000E+00  0.000E+00  0.000E+00
  0.000E+00  0.000E+00  0.000E+00  0.000E+00  0.000E+00  0.000E+00  0.000E+00  0.000E+00  0.000E+00  0.000E+00
  0.000E+00  0.000E+00  0.000E+00  0.000E+00  0.000E+00  0.000E+00  0.000E+00  0.000E+00  0.000E+00  0.000E+00
  0.000E+00  0.000E+00  0.000E+00  0.000E+00  0.000E+00  0.000E+00  0.000E+00  0.000E+00  0.000E+00  0.000E+00
  0.000E+00  0.000E+00  0.000E+00  0.000E+00  0.000E+00  0.000E+00  0.000E+00  0.000E+00  0.000E+00  0.000E+00
  0.000E+00  0.000E+00  0.000E+00  0.000E+00  0.000E+00  0.000E+00  0.000E+00  0.000E+00  0.000E+00  0.000E+00
  0.000E+00  0.000E+00  0.000E+00  0.000E+00  0.000E+00  0.000E+00  0.000E+00  0.000E+00  0.000E+00  0.000E+00
  0.000E+00  0.000E+00  0.000E+00  0.000E+00  0.000E+00  0.000E+00  0.000E+00  0.000E+00  0.000E+00  0.000E+00
  0.000E+00  0.000E+00  0.000E+00  0.000E+00  0.000E+00  0.000E+00  0.000E+00  0.000E+00  0.000E+00  0.000E+00
  0.000E+00  0.000E+00  0.000E+00  0.000E+00  0.000E+00  0.000E+00  0.000E+00  0.000E+00  0.000E+00  0.000E+00
  0.000E+00  0.000E+00  0.000E+00  0.000E+00  0.000E+00  0.000E+00  0.000E+00  0.000E+00  0.000E+00  0.000E+00
  0.000E+00  0.000E+00  0.000E+00  0.000E+00  0.000E+00  0.000E+00  0.000E+00  0.000E+00  0.000E+00  0.000E+00
  0.000E+00  0.000E+00  0.000E+00  0.000E+00  0.000E+00  0.000E+00  0.000E+00  0.000E+00  0.000E+00  0.000E+00
  0.000E+00  0.000E+00  0.000E+00  0.000E+00  0.000E+00  0.000E+00  0.000E+00  0.000E+00  0.000E+00  0.000E+00
  0.000E+00  0.000E+00  0.000E+00  0.000E+00  0.000E+00  0.000E+00  0.000E+00  0.000E+00  0.000E+00  0.000E+00
  0.000E+00  0.000E+00  0.000E+00  0.000E+00  0.000E+00  0.000E+00  0.000E+00  0.000E+00  0.000E+00  0.000E+00
  0.000E+00  0.000E+00  0.000E+00  0.000E+00  0.000E+00  0.000E+00  0.000E+00  0.000E+00  0.000E+00  0.000E+00
  0.000E+00  0.000E+00  0.000E+00  0.000E+00  0.000E+00  0.000E+00  0.000E+00  0.000E+00  0.000E+00  0.000E+00
  0.000E+00  0.000E+00  0.000E+00  0.000E+00  0.000E+00  0.000E+00  0.000E+00  0.000E+00  0.000E+00  0.000E+00
  0.000E+00  0.000E+00  0.000E+00  0.000E+00  0.000E+00  0.000E+00  0.000E+00  0.000E+00  0.000E+00  0.000E+00
  0.000E+00  0.000E+00  0.000E+00  0.000E+00  0.000E+00  0.000E+00  0.000E+00  0.000E+00  0.000E+00  0.000E+00
  0.000E+00  0.000E+00  0.000E+00  0.000E+00  0.000E+00  0.000E+00  0.000E+00  0.000E+00  0.000E+00  0.000E+00
  0.000E+00  0.000E+00  0.000E+00  0.000E+00  0.000E+00  0.000E+00  0.000E+00  0.000E+00  0.000E+00  0.000E+00
  0.000E+00  0.000E+00  0.000E+00  0.000E+00  0.000E+00  0.000E+00  0.000E+00  0.000E+00  5.217E-05  0.000E+00
  0.000E+00  0.000E+00  0.000E+00  0.000E+00  0.000E+00  0.000E+00  0.000E+00  0.000E+00  0.000E+00  0.000E+00
  0.000E+00  0.000E+00  0.000E+00  0.000E+00  0.000E+00  0.000E+00  0.000E+00  0.000E+00  0.000E+00  0.000E+00
  0.000E+00  0.000E+00  0.000E+00  0.000E+00  0.000E+00  0.000E+00  0.000E+00  0.000E+00  0.000E+00  1.905E-04
  0.000E+00  0.000E+00  0.000E+00  0.000E+00  0.000E+00  0.000E+00  0.000E+00  0.000E+00  0.000E+00  0.000E+00
  0.000E+00  0.000E+00  0.000E+00  0.000E+00  0.000E+00  0.000E+00  0.000E+00  0.000E+00  0.000E+00  0.000E+00
  0.000E+00  0.000E+00  0.000E+00  0.000E+00  0.000E+00  0.000E+00  0.000E+00  0.000E+00  0.000E+00  0.000E+00
  0.000E+00  0.000E+00  0.000E+00  0.000E+00  0.000E+00  0.000E+00  0.000E+00  0.000E+00  0.000E+00  0.000E+00
  0.000E+00  0.000E+00  0.000E+00  0.000E+00  0.000E+00  0.000E+00  0.000E+00  0.000E+00  0.000E+00  0.000E+00
  0.000E+00  1.827E-05  0.000E+00  0.000E+00  0.000E+00  0.000E+00  0.000E+00  0.000E+00  0.000E+00  0.000E+00
  0.000E+00  0.000E+00  0.000E+00  0.000E+00  0.000E+00  0.000E+00  0.000E+00  0.000E+00  0.000E+00  0.000E+00
  0.000E+00  0.000E+00  0.000E+00  0.000E+00  0.000E+00  0.000E+00  0.000E+00  0.000E+00  0.000E+00  0.000E+00
  0.000E+00  0.000E+00  0.000E+00  0.000E+00  0.000E+00  0.000E+00  0.000E+00  0.000E+00  0.000E+00  0.000E+00
  0.000E+00  0.000E+00  0.000E+00  0.000E+00  0.000E+00  0.000E+00  0.000E+00  0.000E+00  0.000E+00  0.000E+00
  0.000E+00  0.000E+00  0.000E+00  0.000E+00  0.000E+00  0.000E+00  0.000E+00  0.000E+00  0.000E+00  0.000E+00
  0.000E+00  0.000E+00  0.000E+00  0.000E+00  0.000E+00  0.000E+00  0.000E+00  0.000E+00  0.000E+00  0.000E+00
  0.000E+00  0.000E+00  0.000E+00  0.000E+00  0.000E+00  0.000E+00  0.000E+00  0.000E+00  0.000E+00  0.000E+00
  0.000E+00  0.000E+00  0.000E+00  0.000E+00  0.000E+00  0.000E+00  0.000E+00  0.000E+00  0.000E+00  0.000E+00
  0.000E+00  0.000E+00  0.000E+00  0.000E+00  0.000E+00  0.000E+00  0.000E+00  0.000E+00  0.000E+00  0.000E+00
  0.000E+00  0.000E+00  0.000E+00  0.000E+00  0.000E+00  0.000E+00  0.000E+00  0.000E+00  0.000E+00  0.000E+00
  0.000E+00  0.000E+00  0.000E+00  0.000E+00  0.000E+00  0.000E+00  0.000E+00  0.000E+00  0.000E+00  0.000E+00
  0.000E+00  0.000E+00  0.000E+00  0.000E+00  0.000E+00  0.000E+00  0.000E+00  0.000E+00  0.000E+00  0.000E+00
  0.000E+00  0.000E+00  0.000E+00  0.000E+00  0.000E+00  0.000E+00  0.000E+00  0.000E+00  0.000E+00  0.000E+00
  0.000E+00  0.000E+00  0.000E+00  0.000E+00  0.000E+00  0.000E+00  0.000E+00  0.000E+00  0.000E+00  0.000E+00
  0.000E+00  0.000E+00  0.000E+00  0.000E+00  0.000E+00  0.000E+00  0.000E+00  0.000E+00  0.000E+00  0.000E+00
  0.000E+00  0.000E+00  0.000E+00  0.000E+00  0.000E+00  0.000E+00  0.000E+00  0.000E+00  0.000E+00  0.000E+00
  0.000E+00  0.000E+00  0.000E+00  0.000E+00  0.000E+00  0.000E+00  0.000E+00  0.000E+00  0.000E+00  0.000E+00
  0.000E+00  0.000E+00  0.000E+00  0.000E+00  0.000E+00  0.000E+00  0.000E+00  0.000E+00  0.000E+00  0.000E+00
  0.000E+00  0.000E+00  0.000E+00  0.000E+00  0.000E+00  0.000E+00  0.000E+00  5.545E-06  0.000E+00  0.000E+00
  0.000E+00  0.000E+00  0.000E+00  0.000E+00  0.000E+00  0.000E+00  0.000E+00  0.000E+00  0.000E+00  0.000E+00
  0.000E+00  0.000E+00  0.000E+00  0.000E+00  0.000E+00  0.000E+00  0.000E+00  0.000E+00  0.000E+00  0.000E+00
  0.000E+00  0.000E+00  0.000E+00  0.000E+00  0.000E+00  0.000E+00  0.000E+00  0.000E+00  0.000E+00  0.000E+00
  0.000E+00  0.000E+00  0.000E+00  0.000E+00  0.000E+00  0.000E+00  0.000E+00  0.000E+00  0.000E+00  0.000E+00
  0.000E+00  0.000E+00  0.000E+00  0.000E+00  0.000E+00  0.000E+00  0.000E+00  0.000E+00  0.000E+00  0.000E+00
  0.000E+00  0.000E+00  0.000E+00  0.000E+00  0.000E+00  0.000E+00  0.000E+00  0.000E+00  0.000E+00  0.000E+00
  0.000E+00  0.000E+00  0.000E+00  0.000E+00  0.000E+00  0.000E+00  0.000E+00  0.000E+00  0.000E+00  0.000E+00
  0.000E+00  0.000E+00  0.000E+00  0.000E+00  0.000E+00  0.000E+00  0.000E+00  0.000E+00  0.000E+00  0.000E+00
  0.000E+00  0.000E+00  0.000E+00  0.000E+00  0.000E+00  0.000E+00  0.000E+00  0.000E+00  0.000E+00  0.000E+00
  9.928E-06  0.000E+00  0.000E+00  3.416E-05  1.978E-05  0.000E+00  0.000E+00  0.000E+00  0.000E+00  0.000E+00
  0.000E+00  0.000E+00  0.000E+00  0.000E+00  0.000E+00  0.000E+00  0.000E+00  0.000E+00  0.000E+00  0.000E+00
  0.000E+00  0.000E+00  0.000E+00  0.000E+00  0.000E+00  0.000E+00  0.000E+00  0.000E+00  0.000E+00  0.000E+00
  0.000E+00  0.000E+00  0.000E+00  0.000E+00  0.000E+00  0.000E+00  0.000E+00  0.000E+00  0.000E+00  0.000E+00
  0.000E+00  0.000E+00  0.000E+00  0.000E+00  0.000E+00  0.000E+00  0.000E+00  0.000E+00  0.000E+00  0.000E+00
  0.000E+00  0.000E+00  0.000E+00  0.000E+00  0.000E+00  0.000E+00  0.000E+00  0.000E+00  0.000E+00  0.000E+00
  0.000E+00  0.000E+00  0.000E+00  0.000E+00  0.000E+00  0.000E+00  0.000E+00  0.000E+00  0.000E+00  0.000E+00
  0.000E+00  0.000E+00  0.000E+00  0.000E+00  0.000E+00  0.000E+00  0.000E+00  0.000E+00  0.000E+00  0.000E+00
  0.000E+00  0.000E+00  0.000E+00  0.000E+00  0.000E+00  0.000E+00  0.000E+00  0.000E+00  0.000E+00  0.000E+00
  0.000E+00  0.000E+00  0.000E+00  0.000E+00  0.000E+00  0.000E+00  0.000E+00  0.000E+00  0.000E+00  0.000E+00
  0.000E+00  0.000E+00  0.000E+00  0.000E+00  0.000E+00  0.000E+00  0.000E+00  0.000E+00  0.000E+00  0.000E+00
  0.000E+00  0.000E+00  0.000E+00  0.000E+00  0.000E+00  0.000E+00  0.000E+00  0.000E+00  0.000E+00  0.000E+00
  0.000E+00  0.000E+00  0.000E+00  0.000E+00  0.000E+00  0.000E+00  0.000E+00  0.000E+00  0.000E+00  0.000E+00
  0.000E+00  0.000E+00  0.000E+00  0.000E+00  0.000E+00  0.000E+00  0.000E+00  0.000E+00  0.000E+00  0.000E+00
  0.000E+00  0.000E+00  0.000E+00  0.000E+00  0.000E+00  0.000E+00  0.000E+00  0.000E+00  0.000E+00  0.000E+00
  0.000E+00  0.000E+00  0.000E+00  0.000E+00  0.000E+00  0.000E+00  0.000E+00  0.000E+00  0.000E+00  0.000E+00
  0.000E+00  0.000E+00  0.000E+00  1.400E-05  0.000E+00  0.000E+00  0.000E+00  0.000E+00  0.000E+00  0.000E+00
  6.658E-05  0.000E+00  0.000E+00  0.000E+00  0.000E+00  0.000E+00  0.000E+00  0.000E+00  0.000E+00  3.846E-05
  0.000E+00  0.000E+00  0.000E+00  0.000E+00  0.000E+00  0.000E+00  0.000E+00  0.000E+00  0.000E+00  0.000E+00
  0.000E+00  0.000E+00  0.000E+00  0.000E+00  0.000E+00  0.000E+00  0.000E+00  0.000E+00  0.000E+00  1.398E-05
  2.859E-05  0.000E+00  0.000E+00  0.000E+00  0.000E+00  0.000E+00  0.000E+00  0.000E+00  0.000E+00  0.000E+00
  0.000E+00  0.000E+00  0.000E+00  0.000E+00  0.000E+00  0.000E+00  0.000E+00  0.000E+00  0.000E+00  0.000E+00
  0.000E+00  0.000E+00  0.000E+00  0.000E+00  0.000E+00  0.000E+00  0.000E+00  0.000E+00  0.000E+00  0.000E+00
  0.000E+00  0.000E+00  0.000E+00  0.000E+00  0.000E+00  0.000E+00  0.000E+00  0.000E+00  0.000E+00  0.000E+00
  0.000E+00  0.000E+00  0.000E+00  0.000E+00  0.000E+00  0.000E+00  0.000E+00  0.000E+00  0.000E+00  0.000E+00
  0.000E+00  0.000E+00  0.000E+00  2.099E-05  0.000E+00  0.000E+00  0.000E+00  0.000E+00  0.000E+00  0.000E+00
  0.000E+00  0.000E+00  0.000E+00  0.000E+00  0.000E+00  0.000E+00  0.000E+00  0.000E+00  0.000E+00  0.000E+00
  0.000E+00  0.000E+00  0.000E+00  0.000E+00  0.000E+00  0.000E+00  0.000E+00  0.000E+00  0.000E+00  0.000E+00
  0.000E+00  0.000E+00  0.000E+00  0.000E+00  0.000E+00  0.000E+00  3.861E-05  0.000E+00  7.161E-06  1.360E-05
  6.249E-05  0.000E+00  0.000E+00  0.000E+00  0.000E+00  0.000E+00  0.000E+00  0.000E+00  0.000E+00  0.000E+00
  0.000E+00  0.000E+00  0.000E+00  0.000E+00  0.000E+00  0.000E+00  0.000E+00  0.000E+00  0.000E+00  0.000E+00
  0.000E+00  0.000E+00  0.000E+00  0.000E+00  0.000E+00  0.000E+00  0.000E+00  0.000E+00  0.000E+00  0.000E+00
  0.000E+00  0.000E+00  0.000E+00  0.000E+00  0.000E+00  0.000E+00  0.000E+00  0.000E+00  0.000E+00  0.000E+00
  0.000E+00  0.000E+00  0.000E+00  0.000E+00  0.000E+00  0.000E+00  0.000E+00  0.000E+00  0.000E+00  0.000E+00
  4.841E-05  0.000E+00  0.000E+00  0.000E+00  0.000E+00  0.000E+00  0.000E+00  0.000E+00  0.000E+00  0.000E+00
  0.000E+00  0.000E+00  0.000E+00  0.000E+00  0.000E+00  0.000E+00  0.000E+00  0.000E+00  0.000E+00  0.000E+00
  0.000E+00  5.828E-06  2.300E-06  0.000E+00  0.000E+00  0.000E+00  0.000E+00  0.000E+00  0.000E+00  0.000E+00
  0.000E+00  0.000E+00  0.000E+00  0.000E+00  0.000E+00  0.000E+00  0.000E+00  0.000E+00  0.000E+00  0.000E+00
  0.000E+00  0.000E+00  0.000E+00  0.000E+00  0.000E+00  0.000E+00  0.000E+00  0.000E+00  0.000E+00  0.000E+00
  0.000E+00  0.000E+00  0.000E+00  0.000E+00  0.000E+00  0.000E+00  0.000E+00  0.000E+00  0.000E+00  0.000E+00
  0.000E+00  0.000E+00  0.000E+00  0.000E+00  0.000E+00  0.000E+00  0.000E+00  0.000E+00  0.000E+00  0.000E+00
  0.000E+00  0.000E+00  0.000E+00  0.000E+00  0.000E+00  0.000E+00  0.000E+00  0.000E+00  0.000E+00  0.000E+00
  0.000E+00  0.000E+00  0.000E+00  0.000E+00  0.000E+00  0.000E+00  0.000E+00  0.000E+00  0.000E+00  0.000E+00
  8.160E-07  0.000E+00  0.000E+00  0.000E+00  0.000E+00  0.000E+00  0.000E+00  0.000E+00  0.000E+00  0.000E+00
  0.000E+00  0.000E+00  0.000E+00  0.000E+00  0.000E+00  0.000E+00  0.000E+00  0.000E+00  0.000E+00  0.000E+00
  0.000E+00  0.000E+00  0.000E+00  0.000E+00  0.000E+00  0.000E+00  0.000E+00  0.000E+00  0.000E+00  0.000E+00
  0.000E+00  0.000E+00  0.000E+00  0.000E+00  5.924E-05  0.000E+00  0.000E+00  0.000E+00  0.000E+00  0.000E+00
  0.000E+00  0.000E+00  0.000E+00  0.000E+00  0.000E+00  0.000E+00  0.000E+00  0.000E+00  0.000E+00  0.000E+00
  0.000E+00  0.000E+00  0.000E+00  0.000E+00  0.000E+00  0.000E+00  0.000E+00  0.000E+00  0.000E+00  0.000E+00
  0.000E+00  0.000E+00  0.000E+00  0.000E+00  0.000E+00  0.000E+00  0.000E+00  0.000E+00  0.000E+00  0.000E+00
  0.000E+00  0.000E+00  0.000E+00  0.000E+00  0.000E+00  0.000E+00  0.000E+00  0.000E+00  0.000E+00  0.000E+00
  0.000E+00  0.000E+00  0.000E+00  0.000E+00  0.000E+00  0.000E+00  0.000E+00  0.000E+00  0.000E+00  0.000E+00
  2.718E-06  0.000E+00  0.000E+00  0.000E+00  0.000E+00  0.000E+00  0.000E+00  0.000E+00  0.000E+00  0.000E+00
  0.000E+00  0.000E+00  0.000E+00  0.000E+00  0.000E+00  0.000E+00  0.000E+00  0.000E+00  0.000E+00  2.697E-07
  0.000E+00  0.000E+00  5.396E-05  0.000E+00  0.000E+00  0.000E+00  0.000E+00  0.000E+00  0.000E+00  0.000E+00
  0.000E+00  0.000E+00  0.000E+00  0.000E+00  0.000E+00  6.522E-07  0.000E+00  0.000E+00  0.000E+00  0.000E+00
  0.000E+00  0.000E+00  0.000E+00  0.000E+00  0.000E+00  0.000E+00  0.000E+00  0.000E+00  0.000E+00  0.000E+00
  0.000E+00  0.000E+00  0.000E+00  0.000E+00  0.000E+00  0.000E+00  0.000E+00  0.000E+00  0.000E+00  0.000E+00
  0.000E+00  0.000E+00  0.000E+00  0.000E+00  0.000E+00  0.000E+00  0.000E+00  0.000E+00  0.000E+00  0.000E+00
  0.000E+00  0.000E+00  0.000E+00  0.000E+00  0.000E+00  0.000E+00  0.000E+00  0.000E+00  0.000E+00  0.000E+00
  0.000E+00  0.000E+00  0.000E+00  0.000E+00  0.000E+00  0.000E+00  0.000E+00  0.000E+00  0.000E+00  0.000E+00
  0.000E+00  2.378E-05  0.000E+00  0.000E+00  0.000E+00  6.261E-05  0.000E+00  0.000E+00  0.000E+00  8.018E-05
  0.000E+00  0.000E+00  0.000E+00  0.000E+00  0.000E+00  0.000E+00  3.503E-05  0.000E+00  0.000E+00  0.000E+00
  0.000E+00  9.786E-06  0.000E+00  0.000E+00  0.000E+00  0.000E+00  0.000E+00  0.000E+00  0.000E+00  0.000E+00
  2.556E-05  0.000E+00  0.000E+00  0.000E+00  0.000E+00  0.000E+00  3.313E-06  0.000E+00  0.000E+00  2.301E-05
  0.000E+00  0.000E+00  0.000E+00  0.000E+00  3.034E-05  0.000E+00  0.000E+00  0.000E+00  0.000E+00  0.000E+00
  0.000E+00  0.000E+00  0.000E+00  0.000E+00  0.000E+00  0.000E+00  0.000E+00  0.000E+00  0.000E+00  0.000E+00
  0.000E+00  0.000E+00  0.000E+00  0.000E+00  0.000E+00  0.000E+00  0.000E+00  0.000E+00  0.000E+00  0.000E+00
  0.000E+00  0.000E+00  0.000E+00  0.000E+00  0.000E+00  0.000E+00  0.000E+00  0.000E+00  0.000E+00  0.000E+00
  0.000E+00  0.000E+00  0.000E+00  0.000E+00  0.000E+00  0.000E+00  0.000E+00  0.000E+00  0.000E+00  0.000E+00
  0.000E+00  0.000E+00  0.000E+00  0.000E+00  0.000E+00  1.009E-05  0.000E+00  0.000E+00  6.235E-05  0.000E+00
  0.000E+00  0.000E+00  0.000E+00  0.000E+00  0.000E+00  0.000E+00  0.000E+00  0.000E+00  0.000E+00  4.260E-05
  0.000E+00  0.000E+00  0.000E+00  0.000E+00  3.331E-05  0.000E+00  0.000E+00  9.079E-06  0.000E+00  0.000E+00
  1.639E-05  0.000E+00  0.000E+00  3.280E-05  0.000E+00  0.000E+00  0.000E+00  4.259E-05  0.000E+00  0.000E+00
  0.000E+00  0.000E+00  1.737E-05  1.769E-05  0.000E+00  0.000E+00  0.000E+00  0.000E+00  0.000E+00  0.000E+00
  0.000E+00  0.000E+00  0.000E+00  0.000E+00  0.000E+00  0.000E+00  0.000E+00  0.000E+00  0.000E+00  0.000E+00
  0.000E+00  0.000E+00  0.000E+00  0.000E+00  0.000E+00  0.000E+00  0.000E+00  0.000E+00  0.000E+00  0.000E+00
  0.000E+00  0.000E+00  0.000E+00  0.000E+00  0.000E+00  0.000E+00  0.000E+00  0.000E+00  0.000E+00  0.000E+00
  0.000E+00  0.000E+00  0.000E+00  0.000E+00  0.000E+00  0.000E+00  0.000E+00  0.000E+00  0.000E+00  0.000E+00
  3.449E-05  0.000E+00  0.000E+00  0.000E+00  0.000E+00  0.000E+00  0.000E+00  0.000E+00  0.000E+00  0.000E+00
  0.000E+00  0.000E+00  0.000E+00  0.000E+00  0.000E+00  0.000E+00  0.000E+00  0.000E+00  0.000E+00  2.761E-05
  0.000E+00  0.000E+00  0.000E+00  0.000E+00  0.000E+00  5.118E-05  0.000E+00  0.000E+00  0.000E+00  0.000E+00
  0.000E+00  0.000E+00  0.000E+00  0.000E+00  0.000E+00  0.000E+00  0.000E+00  0.000E+00  0.000E+00  4.065E-06
  0.000E+00  0.000E+00  0.000E+00  0.000E+00  0.000E+00  0.000E+00  0.000E+00  0.000E+00  0.000E+00  0.000E+00
  0.000E+00  0.000E+00  0.000E+00  0.000E+00  0.000E+00  0.000E+00  0.000E+00  0.000E+00  0.000E+00  0.000E+00
  0.000E+00  0.000E+00  0.000E+00  0.000E+00  0.000E+00  0.000E+00  0.000E+00  0.000E+00  0.000E+00  0.000E+00
  0.000E+00  0.000E+00  0.000E+00  0.000E+00  0.000E+00  0.000E+00  0.000E+00  0.000E+00  0.000E+00  0.000E+00
  0.000E+00  0.000E+00  0.000E+00  0.000E+00  0.000E+00  0.000E+00  0.000E+00  0.000E+00  0.000E+00  0.000E+00
  0.000E+00  0.000E+00  0.000E+00  0.000E+00  0.000E+00  0.000E+00  0.000E+00  0.000E+00  0.000E+00  0.000E+00
  0.000E+00  0.000E+00  0.000E+00  0.000E+00  4.489E-05  0.000E+00  3.568E-05  1.113E-05  0.000E+00  6.944E-06
  0.000E+00  0.000E+00  0.000E+00  0.000E+00  0.000E+00  0.000E+00  1.081E-04  0.000E+00  0.000E+00  0.000E+00
  0.000E+00  0.000E+00  0.000E+00  0.000E+00  0.000E+00  1.898E-05  0.000E+00  0.000E+00  0.000E+00  0.000E+00
  0.000E+00  0.000E+00  0.000E+00  0.000E+00  0.000E+00  0.000E+00  0.000E+00  0.000E+00  0.000E+00  0.000E+00
  0.000E+00  0.000E+00  0.000E+00  0.000E+00  0.000E+00  0.000E+00  0.000E+00  0.000E+00  0.000E+00  0.000E+00
  0.000E+00  0.000E+00  0.000E+00  0.000E+00  0.000E+00  0.000E+00  0.000E+00  0.000E+00  0.000E+00  0.000E+00
  0.000E+00  0.000E+00  0.000E+00  0.000E+00  0.000E+00  0.000E+00  0.000E+00  0.000E+00  0.000E+00  0.000E+00
  0.000E+00  0.000E+00  0.000E+00  0.000E+00  0.000E+00  0.000E+00  0.000E+00  0.000E+00  0.000E+00  0.000E+00
  0.000E+00  0.000E+00  0.000E+00  0.000E+00  0.000E+00  0.000E+00  0.000E+00  0.000E+00  0.000E+00  0.000E+00
  4.281E-05  0.000E+00  0.000E+00  0.000E+00  0.000E+00  0.000E+00  8.178E-06  0.000E+00  0.000E+00  0.000E+00
  0.000E+00  4.428E-05  0.000E+00  0.000E+00  0.000E+00  7.931E-05  0.000E+00  0.000E+00  3.245E-05  2.957E-05
  0.000E+00  0.000E+00  0.000E+00  2.343E-05  0.000E+00  4.121E-05  1.730E-05  1.056E-05  0.000E+00  7.127E-07
  1.157E-05  0.000E+00  3.159E-05  0.000E+00  0.000E+00  0.000E+00  0.000E+00  0.000E+00  0.000E+00  0.000E+00
  0.000E+00  0.000E+00  0.000E+00  0.000E+00  0.000E+00  0.000E+00  0.000E+00  0.000E+00  0.000E+00  0.000E+00
  0.000E+00  0.000E+00  0.000E+00  0.000E+00  0.000E+00  0.000E+00  0.000E+00  0.000E+00  0.000E+00  0.000E+00
  0.000E+00  0.000E+00  0.000E+00  0.000E+00  0.000E+00  0.000E+00  0.000E+00  0.000E+00  0.000E+00  0.000E+00
  0.000E+00  0.000E+00  0.000E+00  0.000E+00  0.000E+00  0.000E+00  0.000E+00  0.000E+00  0.000E+00  0.000E+00
  0.000E+00  5.881E-05  0.000E+00  0.000E+00  1.357E-05  0.000E+00  2.413E-06  4.721E-05  0.000E+00  0.000E+00
  2.508E-07  0.000E+00  0.000E+00  0.000E+00  0.000E+00  0.000E+00  0.000E+00  0.000E+00  0.000E+00  0.000E+00
  3.305E-05  9.275E-06  0.000E+00  9.537E-05  0.000E+00  0.000E+00  1.005E-05  0.000E+00  1.174E-05  0.000E+00
  1.172E-05  1.893E-05  1.811E-05  0.000E+00  0.000E+00  0.000E+00  0.000E+00  0.000E+00  0.000E+00  2.720E-05
  3.603E-05  6.260E-05  0.000E+00  0.000E+00  0.000E+00  0.000E+00  0.000E+00  0.000E+00  0.000E+00  0.000E+00
  0.000E+00  0.000E+00  0.000E+00  0.000E+00  0.000E+00  0.000E+00  0.000E+00  0.000E+00  0.000E+00  0.000E+00
  0.000E+00  0.000E+00  0.000E+00  0.000E+00  0.000E+00  0.000E+00  0.000E+00  0.000E+00  0.000E+00  0.000E+00
  0.000E+00  0.000E+00  0.000E+00  0.000E+00  0.000E+00  0.000E+00  0.000E+00  0.000E+00  0.000E+00  0.000E+00
  0.000E+00  0.000E+00  0.000E+00  0.000E+00  0.000E+00  0.000E+00  0.000E+00  0.000E+00  0.000E+00  0.000E+00
  1.851E-05  0.000E+00  0.000E+00  5.648E-05  7.376E-05  6.612E-05  4.823E-05  0.000E+00  3.488E-05  0.000E+00
  0.000E+00  0.000E+00  0.000E+00  0.000E+00  2.284E-05  0.000E+00  0.000E+00  3.945E-05  6.651E-05  4.720E-06
  2.440E-07  0.000E+00  0.000E+00  3.482E-05  4.781E-05  0.000E+00  1.380E-05  0.000E+00  0.000E+00  4.003E-05
  1.853E-06  1.203E-05  0.000E+00  0.000E+00  5.783E-05  4.656E-05  0.000E+00  2.065E-06  0.000E+00  5.797E-05
  0.000E+00  0.000E+00  4.324E-05  0.000E+00  0.000E+00  0.000E+00  0.000E+00  0.000E+00  0.000E+00  0.000E+00
  0.000E+00  0.000E+00  0.000E+00  0.000E+00  0.000E+00  0.000E+00  0.000E+00  0.000E+00  0.000E+00  0.000E+00
  0.000E+00  0.000E+00  0.000E+00  0.000E+00  0.000E+00  0.000E+00  0.000E+00  0.000E+00  0.000E+00  0.000E+00
  0.000E+00  0.000E+00  0.000E+00  0.000E+00  0.000E+00  0.000E+00  0.000E+00  0.000E+00  0.000E+00  0.000E+00
  0.000E+00  0.000E+00  0.000E+00  0.000E+00  0.000E+00  0.000E+00  0.000E+00  0.000E+00  0.000E+00  0.000E+00
  3.469E-05  0.000E+00  3.629E-05  0.000E+00  0.000E+00  1.794E-05  0.000E+00  0.000E+00  1.058E-05  0.000E+00
  1.532E-05  6.623E-06  0.000E+00  1.097E-05  8.432E-06  3.334E-05  0.000E+00  1.849E-05  0.000E+00  5.405E-06
  0.000E+00  3.510E-05  7.887E-05  0.000E+00  2.058E-05  0.000E+00  0.000E+00  3.480E-05  0.000E+00  0.000E+00
  5.796E-06  1.007E-04  2.933E-05  2.073E-05  3.511E-05  0.000E+00  0.000E+00  0.000E+00  7.223E-06  2.938E-05
  0.000E+00  4.853E-05  0.000E+00  7.761E-06  2.852E-06  0.000E+00  0.000E+00  0.000E+00  0.000E+00  0.000E+00
  0.000E+00  0.000E+00  0.000E+00  0.000E+00  0.000E+00  0.000E+00  0.000E+00  0.000E+00  0.000E+00  0.000E+00
  0.000E+00  0.000E+00  0.000E+00  0.000E+00  0.000E+00  0.000E+00  0.000E+00  0.000E+00  0.000E+00  0.000E+00
  0.000E+00  0.000E+00  0.000E+00  0.000E+00  0.000E+00  0.000E+00  0.000E+00  0.000E+00  0.000E+00  0.000E+00
  0.000E+00  0.000E+00  0.000E+00  0.000E+00  0.000E+00  0.000E+00  0.000E+00  0.000E+00  0.000E+00  0.000E+00
  3.939E-06  0.000E+00  0.000E+00  0.000E+00  3.221E-05  0.000E+00  0.000E+00  2.862E-05  0.000E+00  5.249E-05
  0.000E+00  0.000E+00  0.000E+00  0.000E+00  4.828E-05  0.000E+00  2.285E-06  0.000E+00  0.000E+00  1.138E-04
  0.000E+00  0.000E+00  3.798E-05  1.782E-05  7.803E-06  1.350E-05  0.000E+00  0.000E+00  0.000E+00  6.299E-06
  0.000E+00  0.000E+00  2.552E-07  0.000E+00  4.884E-05  0.000E+00  0.000E+00  0.000E+00  0.000E+00  0.000E+00
  0.000E+00  0.000E+00  0.000E+00  3.521E-05  0.000E+00  0.000E+00  0.000E+00  0.000E+00  0.000E+00  0.000E+00
  0.000E+00  0.000E+00  0.000E+00  0.000E+00  0.000E+00  0.000E+00  0.000E+00  0.000E+00  0.000E+00  0.000E+00
  0.000E+00  0.000E+00  0.000E+00  0.000E+00  0.000E+00  0.000E+00  0.000E+00  0.000E+00  0.000E+00  0.000E+00
  0.000E+00  0.000E+00  0.000E+00  0.000E+00  0.000E+00  0.000E+00  0.000E+00  0.000E+00  0.000E+00  0.000E+00
  0.000E+00  0.000E+00  0.000E+00  0.000E+00  0.000E+00  0.000E+00  0.000E+00  0.000E+00  0.000E+00  0.000E+00
  0.000E+00  7.378E-05  0.000E+00  9.418E-06  5.652E-05  2.735E-05  0.000E+00  0.000E+00  3.133E-05  1.245E-04
  0.000E+00  0.000E+00  0.000E+00  0.000E+00  0.000E+00  0.000E+00  0.000E+00  1.085E-05  2.954E-06  0.000E+00
  0.000E+00  3.833E-05  0.000E+00  0.000E+00  0.000E+00  2.653E-05  0.000E+00  0.000E+00  2.851E-06  4.177E-05
  0.000E+00  0.000E+00  0.000E+00  3.363E-05  0.000E+00  0.000E+00  0.000E+00  0.000E+00  0.000E+00  0.000E+00
  0.000E+00  3.509E-05  0.000E+00  0.000E+00  0.000E+00  0.000E+00  0.000E+00  0.000E+00  0.000E+00  0.000E+00
  0.000E+00  0.000E+00  0.000E+00  0.000E+00  0.000E+00  0.000E+00  0.000E+00  0.000E+00  0.000E+00  0.000E+00
  0.000E+00  0.000E+00  0.000E+00  0.000E+00  0.000E+00  0.000E+00  0.000E+00  0.000E+00  0.000E+00  0.000E+00
  0.000E+00  0.000E+00  0.000E+00  0.000E+00  0.000E+00  0.000E+00  0.000E+00  0.000E+00  0.000E+00  0.000E+00
  0.000E+00  0.000E+00  0.000E+00  0.000E+00  0.000E+00  0.000E+00  0.000E+00  0.000E+00  0.000E+00  0.000E+00
  0.000E+00  0.000E+00  0.000E+00  0.000E+00  8.390E-05  2.192E-05  0.000E+00  0.000E+00  0.000E+00  1.245E-06
  0.000E+00  0.000E+00  0.000E+00  0.000E+00  0.000E+00  0.000E+00  0.000E+00  0.000E+00  4.369E-05  2.620E-05
  2.608E-05  0.000E+00  0.000E+00  1.573E-05  0.000E+00  0.000E+00  0.000E+00  0.000E+00  0.000E+00  0.000E+00
  8.031E-06  0.000E+00  0.000E+00  0.000E+00  0.000E+00  0.000E+00  0.000E+00  0.000E+00  0.000E+00  3.514E-05
  0.000E+00  0.000E+00  0.000E+00  0.000E+00  0.000E+00  0.000E+00  0.000E+00  0.000E+00  0.000E+00  0.000E+00
  0.000E+00  0.000E+00  0.000E+00  0.000E+00  0.000E+00  0.000E+00  0.000E+00  0.000E+00  0.000E+00  0.000E+00
  0.000E+00  0.000E+00  0.000E+00  0.000E+00  0.000E+00  0.000E+00  0.000E+00  0.000E+00  0.000E+00  0.000E+00
  0.000E+00  0.000E+00  0.000E+00  0.000E+00  0.000E+00  0.000E+00  0.000E+00  0.000E+00  0.000E+00  0.000E+00
  0.000E+00  0.000E+00  0.000E+00  0.000E+00  0.000E+00  0.000E+00  0.000E+00  0.000E+00  0.000E+00  0.000E+00
  3.510E-05  2.124E-06  5.426E-05  0.000E+00  0.000E+00  2.104E-05  0.000E+00  2.284E-05  8.561E-06  0.000E+00
  0.000E+00  0.000E+00  0.000E+00  0.000E+00  0.000E+00  0.000E+00  0.000E+00  0.000E+00  4.975E-05  0.000E+00
  0.000E+00  4.754E-05  0.000E+00  0.000E+00  0.000E+00  0.000E+00  0.000E+00  0.000E+00  0.000E+00  4.216E-05
  0.000E+00  4.427E-05  7.015E-05  0.000E+00  0.000E+00  0.000E+00  0.000E+00  0.000E+00  0.000E+00  0.000E+00
  0.000E+00  0.000E+00  0.000E+00  0.000E+00  0.000E+00  0.000E+00  0.000E+00  0.000E+00  0.000E+00  0.000E+00
  0.000E+00  0.000E+00  0.000E+00  0.000E+00  0.000E+00  0.000E+00  0.000E+00  0.000E+00  0.000E+00  0.000E+00
  0.000E+00  0.000E+00  0.000E+00  0.000E+00  0.000E+00  0.000E+00  0.000E+00  0.000E+00  0.000E+00  0.000E+00
  0.000E+00  0.000E+00  0.000E+00  0.000E+00  0.000E+00  0.000E+00  0.000E+00  0.000E+00  0.000E+00  0.000E+00
  0.000E+00  0.000E+00  0.000E+00  0.000E+00  0.000E+00  0.000E+00  0.000E+00  0.000E+00  0.000E+00  0.000E+00
  0.000E+00  0.000E+00  0.000E+00  0.000E+00  0.000E+00  5.353E-05  0.000E+00  0.000E+00  0.000E+00  0.000E+00
  0.000E+00  0.000E+00  0.000E+00  0.000E+00  0.000E+00  1.109E-05  0.000E+00  0.000E+00  0.000E+00  0.000E+00
  0.000E+00  0.000E+00  0.000E+00  0.000E+00  0.000E+00  0.000E+00  0.000E+00  0.000E+00  0.000E+00  0.000E+00
  0.000E+00  0.000E+00  0.000E+00  0.000E+00  0.000E+00  0.000E+00  0.000E+00  0.000E+00  0.000E+00  0.000E+00
  0.000E+00  0.000E+00  0.000E+00  0.000E+00  0.000E+00  0.000E+00  0.000E+00  0.000E+00  0.000E+00  0.000E+00
  0.000E+00  0.000E+00  0.000E+00  0.000E+00  0.000E+00  0.000E+00  0.000E+00  0.000E+00  0.000E+00  0.000E+00
  0.000E+00  0.000E+00  0.000E+00  0.000E+00  0.000E+00  0.000E+00  0.000E+00  0.000E+00  0.000E+00  0.000E+00
  0.000E+00  0.000E+00  0.000E+00  0.000E+00  0.000E+00  0.000E+00  0.000E+00  0.000E+00  0.000E+00  0.000E+00
  0.000E+00  0.000E+00  0.000E+00  0.000E+00  0.000E+00  0.000E+00  0.000E+00  0.000E+00  0.000E+00  0.000E+00
  0.000E+00  0.000E+00  0.000E+00  0.000E+00  0.000E+00  0.000E+00  0.000E+00  0.000E+00  0.000E+00  0.000E+00
  0.000E+00  0.000E+00  0.000E+00  0.000E+00  4.215E-05  0.000E+00  0.000E+00  0.000E+00  2.867E-06  0.000E+00
  4.318E-05  0.000E+00  0.000E+00  0.000E+00  0.000E+00  0.000E+00  0.000E+00  7.671E-05  2.556E-06  0.000E+00
  0.000E+00  0.000E+00  0.000E+00  0.000E+00  0.000E+00  0.000E+00  0.000E+00  0.000E+00  0.000E+00  0.000E+00
  0.000E+00  0.000E+00  0.000E+00  0.000E+00  0.000E+00  0.000E+00  0.000E+00  0.000E+00  0.000E+00  0.000E+00
  0.000E+00  0.000E+00  0.000E+00  0.000E+00  0.000E+00  0.000E+00  0.000E+00  0.000E+00  0.000E+00  0.000E+00
  0.000E+00  0.000E+00  0.000E+00  0.000E+00  0.000E+00  0.000E+00  0.000E+00  0.000E+00  0.000E+00  0.000E+00
  0.000E+00  0.000E+00  0.000E+00  0.000E+00  0.000E+00  0.000E+00  0.000E+00  0.000E+00  0.000E+00  0.000E+00
  0.000E+00  0.000E+00  0.000E+00  0.000E+00  0.000E+00  0.000E+00  0.000E+00  0.000E+00  0.000E+00  0.000E+00
  0.000E+00  0.000E+00  0.000E+00  0.000E+00  0.000E+00  0.000E+00  0.000E+00  0.000E+00  0.000E+00  0.000E+00
  0.000E+00  0.000E+00  6.462E-06  0.000E+00  0.000E+00  0.000E+00  0.000E+00  0.000E+00  1.747E-05  0.000E+00
  0.000E+00  0.000E+00  0.000E+00  0.000E+00  0.000E+00  0.000E+00  0.000E+00  0.000E+00  0.000E+00  0.000E+00
  0.000E+00  0.000E+00  0.000E+00  2.256E-05  0.000E+00  0.000E+00  0.000E+00  0.000E+00  0.000E+00  0.000E+00
  1.992E-05  0.000E+00  0.000E+00  0.000E+00  0.000E+00  0.000E+00  0.000E+00  0.000E+00  0.000E+00  0.000E+00
  0.000E+00  0.000E+00  0.000E+00  0.000E+00  0.000E+00  0.000E+00  0.000E+00  0.000E+00  0.000E+00  0.000E+00
  0.000E+00  0.000E+00  0.000E+00  0.000E+00  0.000E+00  0.000E+00  0.000E+00  0.000E+00  0.000E+00  0.000E+00
  0.000E+00  0.000E+00  0.000E+00  0.000E+00  0.000E+00  0.000E+00  0.000E+00  0.000E+00  0.000E+00  0.000E+00
  0.000E+00  0.000E+00  0.000E+00  0.000E+00  0.000E+00  0.000E+00  0.000E+00  0.000E+00  0.000E+00  0.000E+00
  0.000E+00  0.000E+00  0.000E+00  0.000E+00  0.000E+00  0.000E+00  0.000E+00  0.000E+00  0.000E+00  0.000E+00
  0.000E+00  0.000E+00  3.989E-05  0.000E+00  0.000E+00  4.824E-05  0.000E+00  0.000E+00  0.000E+00  0.000E+00
  0.000E+00  0.000E+00  0.000E+00  0.000E+00  5.935E-07  1.335E-05  0.000E+00  0.000E+00  0.000E+00  0.000E+00
  0.000E+00  6.251E-05  0.000E+00  0.000E+00  0.000E+00  0.000E+00  0.000E+00  0.000E+00  0.000E+00  0.000E+00
  0.000E+00  0.000E+00  0.000E+00  0.000E+00  0.000E+00  0.000E+00  0.000E+00  0.000E+00  0.000E+00  0.000E+00
  0.000E+00  0.000E+00  0.000E+00  0.000E+00  0.000E+00  0.000E+00  0.000E+00  0.000E+00  0.000E+00  0.000E+00
  0.000E+00  0.000E+00  0.000E+00  0.000E+00  0.000E+00  0.000E+00  0.000E+00  0.000E+00  0.000E+00  0.000E+00
  0.000E+00  0.000E+00  0.000E+00  0.000E+00  0.000E+00  0.000E+00  0.000E+00  0.000E+00  0.000E+00  0.000E+00
  0.000E+00  0.000E+00  0.000E+00  0.000E+00  0.000E+00  0.000E+00  0.000E+00  0.000E+00  0.000E+00  0.000E+00
  0.000E+00  0.000E+00  0.000E+00  0.000E+00  0.000E+00  0.000E+00  0.000E+00  0.000E+00  0.000E+00  0.000E+00
  0.000E+00  0.000E+00  6.287E-06  0.000E+00  0.000E+00  0.000E+00  0.000E+00  0.000E+00  0.000E+00  0.000E+00
  0.000E+00  0.000E+00  0.000E+00  0.000E+00  2.796E-05  0.000E+00  0.000E+00  0.000E+00  0.000E+00  0.000E+00
  0.000E+00  8.345E-06  0.000E+00  0.000E+00  0.000E+00  0.000E+00  0.000E+00  3.509E-05  0.000E+00  0.000E+00
  0.000E+00  0.000E+00  0.000E+00  0.000E+00  0.000E+00  0.000E+00  0.000E+00  0.000E+00  0.000E+00  0.000E+00
  0.000E+00  0.000E+00  0.000E+00  0.000E+00  0.000E+00  0.000E+00  0.000E+00  0.000E+00  0.000E+00  0.000E+00
  0.000E+00  0.000E+00  0.000E+00  0.000E+00  0.000E+00  0.000E+00  0.000E+00  0.000E+00  0.000E+00  0.000E+00
  0.000E+00  0.000E+00  0.000E+00  0.000E+00  0.000E+00  0.000E+00  0.000E+00  0.000E+00  0.000E+00  0.000E+00
  0.000E+00  0.000E+00  0.000E+00  0.000E+00  0.000E+00  0.000E+00  0.000E+00  0.000E+00  0.000E+00  0.000E+00
  0.000E+00  0.000E+00  0.000E+00  0.000E+00  0.000E+00  0.000E+00  0.000E+00  0.000E+00  0.000E+00  0.000E+00
  0.000E+00  0.000E+00  0.000E+00  0.000E+00  0.000E+00  0.000E+00  0.000E+00  0.000E+00  0.000E+00  0.000E+00
  0.000E+00  2.212E-05  1.285E-05  0.000E+00  0.000E+00  0.000E+00  2.876E-05  0.000E+00  0.000E+00  0.000E+00
  0.000E+00  0.000E+00  0.000E+00  0.000E+00  0.000E+00  0.000E+00  0.000E+00  0.000E+00  0.000E+00  0.000E+00
  0.000E+00  0.000E+00  0.000E+00  0.000E+00  0.000E+00  0.000E+00  0.000E+00  0.000E+00  0.000E+00  0.000E+00
  0.000E+00  0.000E+00  0.000E+00  0.000E+00  0.000E+00  0.000E+00  0.000E+00  0.000E+00  0.000E+00  0.000E+00
  0.000E+00  0.000E+00  0.000E+00  0.000E+00  0.000E+00  0.000E+00  0.000E+00  0.000E+00  0.000E+00  0.000E+00
  0.000E+00  0.000E+00  0.000E+00  0.000E+00  0.000E+00  0.000E+00  0.000E+00  0.000E+00  0.000E+00  0.000E+00
  0.000E+00  0.000E+00  0.000E+00  0.000E+00  0.000E+00  0.000E+00  0.000E+00  0.000E+00  0.000E+00  0.000E+00
  0.000E+00  0.000E+00  0.000E+00  0.000E+00  0.000E+00  0.000E+00  0.000E+00  0.000E+00  0.000E+00  0.000E+00
  0.000E+00  0.000E+00  0.000E+00  0.000E+00  0.000E+00  0.000E+00  0.000E+00  0.000E+00  0.000E+00  0.000E+00
  0.000E+00  0.000E+00  0.000E+00  0.000E+00  0.000E+00  0.000E+00  0.000E+00  0.000E+00  0.000E+00  0.000E+00
  0.000E+00  0.000E+00  0.000E+00  0.000E+00  0.000E+00  0.000E+00  1.377E-05  0.000E+00  0.000E+00  0.000E+00
  0.000E+00  0.000E+00  0.000E+00  0.000E+00  0.000E+00  0.000E+00  0.000E+00  0.000E+00  0.000E+00  0.000E+00
  0.000E+00  0.000E+00  0.000E+00  0.000E+00  0.000E+00  0.000E+00  0.000E+00  0.000E+00  0.000E+00  0.000E+00
  0.000E+00  0.000E+00  0.000E+00  0.000E+00  0.000E+00  0.000E+00  0.000E+00  0.000E+00  0.000E+00  0.000E+00
  0.000E+00  0.000E+00  0.000E+00  0.000E+00  0.000E+00  0.000E+00  0.000E+00  0.000E+00  0.000E+00  0.000E+00
  0.000E+00  0.000E+00  0.000E+00  0.000E+00  0.000E+00  0.000E+00  0.000E+00  0.000E+00  0.000E+00  0.000E+00
  0.000E+00  0.000E+00  0.000E+00  0.000E+00  0.000E+00  0.000E+00  0.000E+00  0.000E+00  0.000E+00  0.000E+00
  0.000E+00  0.000E+00  0.000E+00  0.000E+00  0.000E+00  0.000E+00  2.348E-05  0.000E+00  0.000E+00  0.000E+00
  0.000E+00  0.000E+00  0.000E+00  0.000E+00  0.000E+00  0.000E+00  0.000E+00  0.000E+00  0.000E+00  0.000E+00
  0.000E+00  0.000E+00  0.000E+00  0.000E+00  0.000E+00  0.000E+00  0.000E+00  0.000E+00  0.000E+00  0.000E+00
  0.000E+00  0.000E+00  0.000E+00  0.000E+00  0.000E+00  0.000E+00  0.000E+00  0.000E+00  0.000E+00  0.000E+00
  0.000E+00  0.000E+00  0.000E+00  0.000E+00  0.000E+00  0.000E+00  0.000E+00  0.000E+00  0.000E+00  0.000E+00
  0.000E+00  0.000E+00  0.000E+00  0.000E+00  0.000E+00  0.000E+00  0.000E+00  0.000E+00  0.000E+00  0.000E+00
  0.000E+00  0.000E+00  0.000E+00  0.000E+00  0.000E+00  0.000E+00  0.000E+00  0.000E+00  0.000E+00  0.000E+00
  0.000E+00  0.000E+00  0.000E+00  0.000E+00  0.000E+00  0.000E+00  0.000E+00  0.000E+00  0.000E+00  0.000E+00
  0.000E+00  0.000E+00  0.000E+00  0.000E+00  0.000E+00  0.000E+00  0.000E+00  0.000E+00  0.000E+00  0.000E+00
  0.000E+00  0.000E+00  0.000E+00  0.000E+00  0.000E+00  0.000E+00  0.000E+00  0.000E+00  0.000E+00  0.000E+00
  0.000E+00  0.000E+00  0.000E+00  0.000E+00  0.000E+00  0.000E+00  0.000E+00  0.000E+00  0.000E+00  0.000E+00
  0.000E+00  0.000E+00  0.000E+00  0.000E+00  0.000E+00  0.000E+00  0.000E+00  0.000E+00  0.000E+00  0.000E+00
  0.000E+00  0.000E+00  0.000E+00  0.000E+00  0.000E+00  0.000E+00  0.000E+00  0.000E+00  0.000E+00  0.000E+00
  0.000E+00  0.000E+00  0.000E+00  0.000E+00  0.000E+00  0.000E+00  0.000E+00  0.000E+00  0.000E+00  0.000E+00
  0.000E+00  0.000E+00  0.000E+00  0.000E+00  0.000E+00  0.000E+00  0.000E+00  0.000E+00  0.000E+00  0.000E+00
  0.000E+00  0.000E+00  0.000E+00  0.000E+00  0.000E+00  0.000E+00  0.000E+00  0.000E+00  0.000E+00  0.000E+00
  0.000E+00  0.000E+00  0.000E+00  0.000E+00  0.000E+00  0.000E+00  0.000E+00  0.000E+00  0.000E+00  0.000E+00
  0.000E+00  0.000E+00  0.000E+00  0.000E+00  0.000E+00  0.000E+00  0.000E+00  0.000E+00  0.000E+00  0.000E+00
  0.000E+00  0.000E+00  0.000E+00  0.000E+00  0.000E+00  0.000E+00  0.000E+00  0.000E+00  0.000E+00  0.000E+00
  0.000E+00  0.000E+00  0.000E+00  0.000E+00  0.000E+00  0.000E+00  0.000E+00  0.000E+00  0.000E+00  0.000E+00
  0.000E+00  0.000E+00  0.000E+00  0.000E+00  0.000E+00  0.000E+00  0.000E+00  0.000E+00  0.000E+00  0.000E+00
  0.000E+00  0.000E+00  0.000E+00  0.000E+00  0.000E+00  0.000E+00  0.000E+00  0.000E+00  0.000E+00  0.000E+00
  0.000E+00  0.000E+00  0.000E+00  0.000E+00  0.000E+00  0.000E+00  0.000E+00  0.000E+00  0.000E+00  0.000E+00
  0.000E+00  0.000E+00  0.000E+00  0.000E+00  0.000E+00  0.000E+00  0.000E+00  0.000E+00  0.000E+00  0.000E+00
  0.000E+00  0.000E+00  0.000E+00  0.000E+00  0.000E+00  0.000E+00  0.000E+00  0.000E+00  0.000E+00  0.000E+00
  0.000E+00  0.000E+00  0.000E+00  0.000E+00  0.000E+00  0.000E+00  0.000E+00  0.000E+00  0.000E+00  0.000E+00
  0.000E+00  0.000E+00  0.000E+00  0.000E+00  0.000E+00  0.000E+00  0.000E+00  0.000E+00  0.000E+00  0.000E+00
  0.000E+00  0.000E+00  0.000E+00  0.000E+00  0.000E+00  0.000E+00  0.000E+00  0.000E+00  0.000E+00  0.000E+00
  0.000E+00  0.000E+00  0.000E+00  0.000E+00  0.000E+00  0.000E+00  0.000E+00  0.000E+00  0.000E+00  0.000E+00
  0.000E+00  0.000E+00  0.000E+00  0.000E+00  0.000E+00  0.000E+00  0.000E+00  0.000E+00  1.154E-05  0.000E+00
  0.000E+00  0.000E+00  0.000E+00  0.000E+00  0.000E+00  0.000E+00  0.000E+00  0.000E+00  0.000E+00  0.000E+00
  0.000E+00  0.000E+00  0.000E+00  0.000E+00  0.000E+00  0.000E+00  0.000E+00  0.000E+00  0.000E+00  0.000E+00
  0.000E+00  0.000E+00  0.000E+00  0.000E+00  0.000E+00  0.000E+00  0.000E+00  0.000E+00  0.000E+00  0.000E+00
  0.000E+00  0.000E+00  0.000E+00  0.000E+00  0.000E+00  0.000E+00  0.000E+00  0.000E+00  0.000E+00  0.000E+00
  0.000E+00  0.000E+00  0.000E+00  0.000E+00  0.000E+00  0.000E+00  0.000E+00  0.000E+00  0.000E+00  0.000E+00
  0.000E+00  0.000E+00  0.000E+00  0.000E+00  0.000E+00  0.000E+00  0.000E+00  0.000E+00  0.000E+00  0.000E+00
  0.000E+00  0.000E+00  0.000E+00  0.000E+00  0.000E+00  0.000E+00  0.000E+00  0.000E+00  0.000E+00  0.000E+00
  0.000E+00  0.000E+00  0.000E+00  0.000E+00  0.000E+00  0.000E+00  0.000E+00  0.000E+00  1.724E-05  0.000E+00
  0.000E+00  0.000E+00  0.000E+00  0.000E+00  0.000E+00  0.000E+00  0.000E+00  5.400E-05  0.000E+00  0.000E+00
  0.000E+00  0.000E+00  0.000E+00  0.000E+00  0.000E+00  0.000E+00  0.000E+00  0.000E+00  0.000E+00  0.000E+00
  0.000E+00  0.000E+00  0.000E+00  0.000E+00  0.000E+00  0.000E+00  0.000E+00  0.000E+00  0.000E+00  0.000E+00
  0.000E+00  0.000E+00  0.000E+00  0.000E+00  0.000E+00  0.000E+00  0.000E+00  0.000E+00  0.000E+00  0.000E+00
  0.000E+00  0.000E+00  0.000E+00  0.000E+00  0.000E+00  0.000E+00  0.000E+00  0.000E+00  0.000E+00  0.000E+00
  0.000E+00  0.000E+00  0.000E+00  0.000E+00  0.000E+00  0.000E+00  0.000E+00  0.000E+00  0.000E+00  0.000E+00
  0.000E+00  0.000E+00  0.000E+00  0.000E+00  0.000E+00  0.000E+00  0.000E+00  0.000E+00  0.000E+00  2.460E-05
  0.000E+00  0.000E+00  0.000E+00  0.000E+00  0.000E+00  0.000E+00  0.000E+00  0.000E+00  0.000E+00  0.000E+00
  0.000E+00  0.000E+00  0.000E+00  0.000E+00  0.000E+00  0.000E+00  0.000E+00  0.000E+00  0.000E+00  4.981E-05
  0.000E+00  1.330E-05  0.000E+00  0.000E+00  0.000E+00  0.000E+00  0.000E+00  0.000E+00  0.000E+00  0.000E+00
  0.000E+00  0.000E+00  0.000E+00  0.000E+00  0.000E+00  0.000E+00  0.000E+00  0.000E+00  0.000E+00  0.000E+00
  0.000E+00  0.000E+00  0.000E+00  0.000E+00  0.000E+00  0.000E+00  0.000E+00  0.000E+00  0.000E+00  0.000E+00
  0.000E+00  0.000E+00  0.000E+00  0.000E+00  0.000E+00  0.000E+00  0.000E+00  0.000E+00  0.000E+00  0.000E+00
  0.000E+00  0.000E+00  0.000E+00  0.000E+00  0.000E+00  0.000E+00  0.000E+00  0.000E+00  0.000E+00  0.000E+00
  0.000E+00  0.000E+00  0.000E+00  0.000E+00  0.000E+00  0.000E+00  0.000E+00  0.000E+00  0.000E+00  0.000E+00
  0.000E+00  0.000E+00  0.000E+00  0.000E+00  0.000E+00  0.000E+00  0.000E+00  0.000E+00  0.000E+00  0.000E+00
  0.000E+00  0.000E+00  0.000E+00  0.000E+00  0.000E+00  0.000E+00  0.000E+00  0.000E+00  0.000E+00  0.000E+00
  0.000E+00  0.000E+00  0.000E+00  0.000E+00  0.000E+00  0.000E+00  0.000E+00  0.000E+00  0.000E+00  0.000E+00
  0.000E+00  0.000E+00  0.000E+00  0.000E+00  0.000E+00  0.000E+00  0.000E+00  0.000E+00  0.000E+00  0.000E+00
  0.000E+00  0.000E+00  0.000E+00  0.000E+00  0.000E+00  0.000E+00  0.000E+00  0.000E+00  0.000E+00  0.000E+00
  0.000E+00  0.000E+00  0.000E+00  0.000E+00  0.000E+00  0.000E+00  0.000E+00  0.000E+00  0.000E+00  0.000E+00
  0.000E+00  0.000E+00  0.000E+00  0.000E+00  0.000E+00  0.000E+00  0.000E+00  0.000E+00  0.000E+00  0.000E+00
  0.000E+00  0.000E+00  0.000E+00  0.000E+00  0.000E+00  0.000E+00  0.000E+00  0.000E+00  0.000E+00  0.000E+00
  0.000E+00  0.000E+00  0.000E+00  0.000E+00  0.000E+00  0.000E+00  0.000E+00  0.000E+00  0.000E+00  0.000E+00
  0.000E+00  0.000E+00  0.000E+00  0.000E+00  0.000E+00  0.000E+00  0.000E+00  0.000E+00  0.000E+00  0.000E+00
  0.000E+00  0.000E+00  0.000E+00  0.000E+00  0.000E+00  0.000E+00  0.000E+00  0.000E+00  0.000E+00  0.000E+00
  0.000E+00  0.000E+00  0.000E+00  0.000E+00  0.000E+00  0.000E+00  0.000E+00  0.000E+00  0.000E+00  0.000E+00
  0.000E+00  0.000E+00  0.000E+00  0.000E+00  0.000E+00  0.000E+00  0.000E+00  0.000E+00  0.000E+00  0.000E+00
  0.000E+00  0.000E+00  0.000E+00  0.000E+00  0.000E+00  0.000E+00  0.000E+00  0.000E+00  0.000E+00  0.000E+00
  0.000E+00  0.000E+00  0.000E+00  0.000E+00  0.000E+00  0.000E+00  0.000E+00  0.000E+00  0.000E+00  0.000E+00
  0.000E+00  0.000E+00  0.000E+00  0.000E+00  0.000E+00  0.000E+00  0.000E+00  0.000E+00  0.000E+00  0.000E+00
  0.000E+00  0.000E+00  0.000E+00  0.000E+00  0.000E+00  0.000E+00  0.000E+00  0.000E+00  0.000E+00  0.000E+00
  0.000E+00  0.000E+00  0.000E+00  0.000E+00  0.000E+00  0.000E+00  0.000E+00  0.000E+00  0.000E+00  0.000E+00
  0.000E+00  0.000E+00  0.000E+00  0.000E+00  0.000E+00  0.000E+00  0.000E+00  0.000E+00  0.000E+00  0.000E+00
  0.000E+00  0.000E+00  0.000E+00  0.000E+00  0.000E+00  0.000E+00  0.000E+00  0.000E+00  0.000E+00  0.000E+00
  0.000E+00  0.000E+00  0.000E+00  0.000E+00  0.000E+00  0.000E+00  0.000E+00  0.000E+00  0.000E+00  0.000E+00
  0.000E+00  0.000E+00  0.000E+00  0.000E+00  0.000E+00  0.000E+00  0.000E+00  0.000E+00  0.000E+00  0.000E+00
  0.000E+00  0.000E+00  0.000E+00  0.000E+00  0.000E+00  0.000E+00  0.000E+00  0.000E+00  0.000E+00  0.000E+00
  0.000E+00  0.000E+00  0.000E+00  0.000E+00  0.000E+00  0.000E+00  0.000E+00  0.000E+00  0.000E+00  0.000E+00
  0.000E+00  0.000E+00  0.000E+00  0.000E+00  0.000E+00  0.000E+00  0.000E+00  0.000E+00  0.000E+00  0.000E+00
  0.000E+00  0.000E+00  0.000E+00  0.000E+00  0.000E+00  0.000E+00  0.000E+00  0.000E+00  0.000E+00  0.000E+00
  0.000E+00  0.000E+00  0.000E+00  0.000E+00  0.000E+00  0.000E+00  0.000E+00  0.000E+00  0.000E+00  0.000E+00
  0.000E+00  0.000E+00  0.000E+00  0.000E+00  0.000E+00  0.000E+00  0.000E+00  0.000E+00  0.000E+00  0.000E+00
  0.000E+00  0.000E+00  0.000E+00  0.000E+00  0.000E+00  0.000E+00  0.000E+00  0.000E+00  0.000E+00  4.697E-05
  0.000E+00  0.000E+00  0.000E+00  0.000E+00  0.000E+00  0.000E+00  0.000E+00  0.000E+00  0.000E+00  0.000E+00
  0.000E+00  0.000E+00  0.000E+00  0.000E+00  0.000E+00  0.000E+00  0.000E+00  0.000E+00  0.000E+00  0.000E+00
  0.000E+00  0.000E+00  0.000E+00  0.000E+00  0.000E+00  0.000E+00  0.000E+00  0.000E+00  0.000E+00  0.000E+00
  0.000E+00  0.000E+00  0.000E+00  0.000E+00  0.000E+00  0.000E+00  0.000E+00  0.000E+00  0.000E+00  0.000E+00
  0.000E+00  0.000E+00  0.000E+00  0.000E+00  0.000E+00  0.000E+00  0.000E+00  0.000E+00  0.000E+00  0.000E+00
  0.000E+00  0.000E+00  0.000E+00  0.000E+00  0.000E+00  0.000E+00  0.000E+00  0.000E+00  0.000E+00  0.000E+00
  0.000E+00  0.000E+00  0.000E+00  0.000E+00  0.000E+00  0.000E+00  0.000E+00  0.000E+00  0.000E+00  0.000E+00
  0.000E+00  3.510E-05  0.000E+00  0.000E+00  0.000E+00  0.000E+00  0.000E+00  0.000E+00  0.000E+00  0.000E+00
  0.000E+00  0.000E+00  0.000E+00  0.000E+00  0.000E+00  0.000E+00  0.000E+00  0.000E+00  0.000E+00  0.000E+00
  0.000E+00  0.000E+00  0.000E+00  0.000E+00  0.000E+00  0.000E+00  0.000E+00  0.000E+00  0.000E+00  0.000E+00
  0.000E+00  0.000E+00  0.000E+00  0.000E+00  0.000E+00  0.000E+00  0.000E+00  0.000E+00  0.000E+00  0.000E+00
  0.000E+00  0.000E+00  0.000E+00  0.000E+00  0.000E+00  0.000E+00  0.000E+00  0.000E+00  0.000E+00  0.000E+00
  0.000E+00  0.000E+00  0.000E+00  0.000E+00  0.000E+00  0.000E+00  0.000E+00  0.000E+00  0.000E+00  0.000E+00
  0.000E+00  0.000E+00  0.000E+00  0.000E+00  0.000E+00  0.000E+00  0.000E+00  0.000E+00  0.000E+00  0.000E+00
  0.000E+00  0.000E+00  0.000E+00  0.000E+00  0.000E+00  0.000E+00  0.000E+00  0.000E+00  0.000E+00  0.000E+00
  0.000E+00  0.000E+00  0.000E+00  0.000E+00  0.000E+00  0.000E+00  0.000E+00  0.000E+00  0.000E+00  0.000E+00
  0.000E+00  0.000E+00  0.000E+00  0.000E+00  0.000E+00  0.000E+00  0.000E+00  0.000E+00  0.000E+00  0.000E+00
  0.000E+00  0.000E+00  0.000E+00  0.000E+00  0.000E+00  0.000E+00  0.000E+00  0.000E+00  0.000E+00  0.000E+00
  0.000E+00  0.000E+00  0.000E+00  0.000E+00  0.000E+00  0.000E+00  0.000E+00  0.000E+00  0.000E+00  0.000E+00
  0.000E+00  0.000E+00  0.000E+00  0.000E+00  0.000E+00  0.000E+00  0.000E+00  0.000E+00  0.000E+00  0.000E+00
  0.000E+00  0.000E+00  0.000E+00  0.000E+00  0.000E+00  0.000E+00  0.000E+00  0.000E+00  0.000E+00  0.000E+00
  0.000E+00  0.000E+00  0.000E+00  0.000E+00  0.000E+00  0.000E+00  0.000E+00  0.000E+00  0.000E+00  0.000E+00
  0.000E+00  0.000E+00  0.000E+00  0.000E+00  0.000E+00  0.000E+00  0.000E+00  0.000E+00  0.000E+00  0.000E+00
  0.000E+00  0.000E+00  0.000E+00  0.000E+00  0.000E+00  0.000E+00  0.000E+00  0.000E+00  0.000E+00  0.000E+00
  0.000E+00  0.000E+00  0.000E+00  0.000E+00  0.000E+00  0.000E+00  0.000E+00  0.000E+00  0.000E+00  0.000E+00
  0.000E+00  0.000E+00  0.000E+00  0.000E+00  0.000E+00  0.000E+00  0.000E+00  0.000E+00  0.000E+00  0.000E+00
  0.000E+00  0.000E+00  0.000E+00  0.000E+00  0.000E+00  3.263E-05  0.000E+00  0.000E+00  0.000E+00  0.000E+00
  0.000E+00  0.000E+00  0.000E+00  0.000E+00  0.000E+00  0.000E+00  0.000E+00  0.000E+00  0.000E+00  0.000E+00
  0.000E+00  0.000E+00  0.000E+00  0.000E+00  0.000E+00  0.000E+00  0.000E+00  0.000E+00  0.000E+00  0.000E+00
  0.000E+00  0.000E+00  0.000E+00  0.000E+00  0.000E+00  0.000E+00  0.000E+00  0.000E+00  0.000E+00  0.000E+00
  0.000E+00  0.000E+00  0.000E+00  0.000E+00  0.000E+00  0.000E+00  0.000E+00  0.000E+00  0.000E+00  0.000E+00
  0.000E+00  0.000E+00  0.000E+00  0.000E+00  0.000E+00  0.000E+00  0.000E+00  0.000E+00  0.000E+00  0.000E+00
  0.000E+00  0.000E+00  0.000E+00  0.000E+00  0.000E+00  0.000E+00  0.000E+00  0.000E+00  0.000E+00  0.000E+00
  0.000E+00  0.000E+00  0.000E+00  0.000E+00  0.000E+00  0.000E+00  0.000E+00  0.000E+00  0.000E+00  0.000E+00

#------------------------------------------------------------------------------
# gshow
#------------------------------------------------------------------------------

p: legs[c5*0.875]

hb:   line clip z  
frame:
  0.0000000E+00 -4.2000000E+00
  8.4000000E+00 -4.2000000E+00
  8.4000000E+00  4.2000000E+00
  0.0000000E+00  4.2000000E+00
clip:
 -9.230768E-02 -4.364706E+00
  0.000000E+00 -4.364706E+00
  0.000000E+00 -4.272398E+00
  0.000000E+00 -4.190118E+00
  0.000000E+00 -4.097810E+00
  0.000000E+00 -4.015529E+00
  0.000000E+00 -3.923222E+00
  0.000000E+00 -3.840941E+00
  0.000000E+00 -3.748633E+00
  0.000000E+00 -3.666353E+00
  0.000000E+00 -3.574045E+00
  0.000000E+00 -3.491765E+00
  0.000000E+00 -3.399457E+00
  0.000000E+00 -3.317176E+00
  0.000000E+00 -3.224869E+00
  0.000000E+00 -3.142588E+00
  0.000000E+00 -3.050281E+00
  0.000000E+00 -2.968000E+00
  0.000000E+00 -2.875692E+00
  0.000000E+00 -2.793412E+00
  0.000000E+00 -2.701104E+00
  0.000000E+00 -2.618824E+00
  0.000000E+00 -2.526516E+00
  0.000000E+00 -2.444235E+00
  0.000000E+00 -2.351928E+00
  0.000000E+00 -2.269647E+00
  0.000000E+00 -2.177339E+00
  0.000000E+00 -2.095059E+00
  0.000000E+00 -2.002751E+00
  0.000000E+00 -1.920471E+00
  0.000000E+00 -1.828163E+00
  0.000000E+00 -1.745882E+00
  0.000000E+00 -1.653575E+00
  0.000000E+00 -1.571294E+00
  0.000000E+00 -1.478986E+00
  0.000000E+00 -1.396706E+00
  0.000000E+00 -1.304398E+00
  0.000000E+00 -1.222118E+00
  0.000000E+00 -1.129810E+00
  0.000000E+00 -1.047529E+00
  0.000000E+00 -9.552217E-01
  0.000000E+00 -8.729412E-01
  0.000000E+00 -7.806335E-01
  0.000000E+00 -6.983529E-01
  0.000000E+00 -6.060452E-01
  0.000000E+00 -5.237647E-01
  0.000000E+00 -4.314570E-01
  0.000000E+00 -3.491764E-01
  0.000000E+00 -2.568688E-01
  0.000000E+00 -1.745882E-01
  0.000000E+00 -8.228053E-02
  0.000000E+00  2.345679E-08
  0.000000E+00  9.230770E-02
  0.000000E+00  1.745883E-01
  0.000000E+00  2.668959E-01
  0.000000E+00  3.491765E-01
  0.000000E+00  4.414842E-01
  0.000000E+00  5.237647E-01
  0.000000E+00  6.160724E-01
  0.000000E+00  6.983530E-01
  0.000000E+00  7.906606E-01
  0.000000E+00  8.729412E-01
  0.000000E+00  9.652489E-01
  0.000000E+00  1.047529E+00
  0.000000E+00  1.139837E+00
  0.000000E+00  1.222118E+00
  0.000000E+00  1.314425E+00
  0.000000E+00  1.396706E+00
  0.000000E+00  1.489014E+00
  0.000000E+00  1.571294E+00
  0.000000E+00  1.663602E+00
  0.000000E+00  1.745882E+00
  0.000000E+00  1.838190E+00
  0.000000E+00  1.920471E+00
  0.000000E+00  2.012778E+00
  0.000000E+00  2.095059E+00
  0.000000E+00  2.187367E+00
  0.000000E+00  2.269647E+00
  0.000000E+00  2.361955E+00
  0.000000E+00  2.444235E+00
  0.000000E+00  2.536543E+00
  0.000000E+00  2.618824E+00
  0.000000E+00  2.711131E+00
  0.000000E+00  2.793412E+00
  0.000000E+00  2.885719E+00
  0.000000E+00  2.968000E+00
  0.000000E+00  3.060308E+00
  0.000000E+00  3.142588E+00
  0.000000E+00  3.234896E+00
  0.000000E+00  3.317176E+00
  0.000000E+00  3.409484E+00
  0.000000E+00  3.491765E+00
  0.000000E+00  3.584072E+00
  0.000000E+00  3.666353E+00
  0.000000E+00  3.758661E+00
  0.000000E+00  3.840941E+00
  0.000000E+00  3.933249E+00
  0.000000E+00  4.015529E+00
  0.000000E+00  4.107837E+00
  0.000000E+00  4.190118E+00
  0.000000E+00  4.282425E+00
  0.000000E+00  4.364706E+00
 -9.230768E-02  4.364706E+00
 -9.230768E-02  4.190118E+00
 -9.230768E-02  4.015529E+00
 -9.230768E-02  3.840941E+00
 -9.230768E-02  3.666353E+00
 -9.230768E-02  3.491765E+00
 -9.230768E-02  3.317176E+00
 -9.230768E-02  3.142588E+00
 -9.230768E-02  2.968000E+00
 -9.230768E-02  2.793412E+00
 -9.230768E-02  2.618824E+00
 -9.230768E-02  2.444235E+00
 -9.230768E-02  2.269647E+00
 -9.230768E-02  2.095059E+00
 -9.230768E-02  1.920471E+00
 -9.230768E-02  1.745882E+00
 -9.230768E-02  1.571294E+00
 -9.230768E-02  1.396706E+00
 -9.230768E-02  1.222118E+00
 -9.230768E-02  1.047529E+00
 -9.230768E-02  8.729412E-01
 -9.230768E-02  6.983530E-01
 -9.230768E-02  5.237647E-01
 -9.230768E-02  3.491765E-01
 -9.230768E-02  1.745883E-01
 -9.230768E-02  2.345679E-08
 -9.230768E-02 -1.745882E-01
 -9.230768E-02 -3.491764E-01
 -9.230768E-02 -5.237647E-01
 -9.230768E-02 -6.983529E-01
 -9.230768E-02 -8.729412E-01
 -9.230768E-02 -1.047529E+00
 -9.230768E-02 -1.222118E+00
 -9.230768E-02 -1.396706E+00
 -9.230768E-02 -1.571294E+00
 -9.230768E-02 -1.745882E+00
 -9.230768E-02 -1.920471E+00
 -9.230768E-02 -2.095059E+00
 -9.230768E-02 -2.269647E+00
 -9.230768E-02 -2.444235E+00
 -9.230768E-02 -2.618824E+00
 -9.230768E-02 -2.793412E+00
 -9.230768E-02 -2.968000E+00
 -9.230768E-02 -3.142588E+00
 -9.230768E-02 -3.317176E+00
 -9.230768E-02 -3.491765E+00
 -9.230768E-02 -3.666353E+00
 -9.230768E-02 -3.840941E+00
 -9.230768E-02 -4.015529E+00
 -9.230768E-02 -4.190118E+00
 -9.230768E-02 -4.364706E+00

hb:   line clip z  
frame:
  0.0000000E+00 -4.2000000E+00
  8.4000000E+00 -4.2000000E+00
  8.4000000E+00  4.2000000E+00
  0.0000000E+00  4.2000000E+00
clip:
  3.076935E-03 -4.364706E+00
  4.200000E+00 -4.364706E+00
  4.200000E+00 -4.269321E+00
  4.200000E+00 -4.190118E+00
  4.200000E+00 -4.094733E+00
  4.200000E+00 -4.015529E+00
  4.200000E+00 -3.920145E+00
  4.200000E+00 -3.840941E+00
  4.200000E+00 -3.745557E+00
  4.200000E+00 -3.666353E+00
  4.200000E+00 -3.570968E+00
  4.200000E+00 -3.491765E+00
  4.200000E+00 -3.396380E+00
  4.200000E+00 -3.317176E+00
  4.200000E+00 -3.221792E+00
  4.200000E+00 -3.142588E+00
  4.200000E+00 -3.047204E+00
  4.200000E+00 -2.968000E+00
  4.200000E+00 -2.872615E+00
  4.200000E+00 -2.793412E+00
  4.200000E+00 -2.698027E+00
  4.200000E+00 -2.618824E+00
  4.200000E+00 -2.523439E+00
  4.200000E+00 -2.444235E+00
  4.200000E+00 -2.348851E+00
  4.200000E+00 -2.269647E+00
  4.200000E+00 -2.174262E+00
  4.200000E+00 -2.095059E+00
  4.200000E+00 -1.999674E+00
  4.200000E+00 -1.920471E+00
  4.200000E+00 -1.825086E+00
  4.200000E+00 -1.745882E+00
  4.200000E+00 -1.650498E+00
  4.200000E+00 -1.571294E+00
  4.200000E+00 -1.475909E+00
  4.200000E+00 -1.396706E+00
  4.200000E+00 -1.301321E+00
  4.200000E+00 -1.222118E+00
  4.200000E+00 -1.126733E+00
  4.200000E+00 -1.047529E+00
  4.200000E+00 -9.521448E-01
  4.200000E+00 -8.729412E-01
  4.200000E+00 -7.775565E-01
  4.200000E+00 -6.983529E-01
  4.200000E+00 -6.029683E-01
  4.200000E+00 -5.237647E-01
  4.200000E+00 -4.283801E-01
  4.200000E+00 -3.491764E-01
  4.200000E+00 -2.537918E-01
  4.200000E+00 -1.745882E-01
  4.200000E+00 -7.920361E-02
  4.200000E+00  2.345679E-08
  4.200000E+00  9.538463E-02
  4.200000E+00  1.745883E-01
  4.200000E+00  2.699729E-01
  4.200000E+00  3.491765E-01
  4.200000E+00  4.445611E-01
  4.200000E+00  5.237647E-01
  4.200000E+00  6.191493E-01
  4.200000E+00  6.983530E-01
  4.200000E+00  7.937376E-01
  4.200000E+00  8.729412E-01
  4.200000E+00  9.683258E-01
  4.200000E+00  1.047529E+00
  4.200000E+00  1.142914E+00
  4.200000E+00  1.222118E+00
  4.200000E+00  1.317502E+00
  4.200000E+00  1.396706E+00
  4.200000E+00  1.492091E+00
  4.200000E+00  1.571294E+00
  4.200000E+00  1.666679E+00
  4.200000E+00  1.745882E+00
  4.200000E+00  1.841267E+00
  4.200000E+00  1.920471E+00
  4.200000E+00  2.015855E+00
  4.200000E+00  2.095059E+00
  4.200000E+00  2.190443E+00
  4.200000E+00  2.269647E+00
  4.200000E+00  2.365032E+00
  4.200000E+00  2.444235E+00
  4.200000E+00  2.539620E+00
  4.200000E+00  2.618824E+00
  4.200000E+00  2.714208E+00
  4.200000E+00  2.793412E+00
  4.200000E+00  2.888796E+00
  4.200000E+00  2.968000E+00
  4.200000E+00  3.063385E+00
  4.200000E+00  3.142588E+00
  4.200000E+00  3.237973E+00
  4.200000E+00  3.317176E+00
  4.200000E+00  3.412561E+00
  4.200000E+00  3.491765E+00
  4.200000E+00  3.587149E+00
  4.200000E+00  3.666353E+00
  4.200000E+00  3.761738E+00
  4.200000E+00  3.840941E+00
  4.200000E+00  3.936326E+00
  4.200000E+00  4.015529E+00
  4.200000E+00  4.110914E+00
  4.200000E+00  4.190118E+00
  4.200000E+00  4.285502E+00
  4.200000E+00  4.364706E+00
  4.104615E+00  4.364706E+00
  4.009231E+00  4.364706E+00
  3.913846E+00  4.364706E+00
  3.818462E+00  4.364706E+00
  3.723077E+00  4.364706E+00
  3.627692E+00  4.364706E+00
  3.532308E+00  4.364706E+00
  3.436923E+00  4.364706E+00
  3.341538E+00  4.364706E+00
  3.246154E+00  4.364706E+00
  3.150769E+00  4.364706E+00
  3.055385E+00  4.364706E+00
  2.960000E+00  4.364706E+00
  2.864615E+00  4.364706E+00
  2.769231E+00  4.364706E+00
  2.673846E+00  4.364706E+00
  2.578462E+00  4.364706E+00
  2.483077E+00  4.364706E+00
  2.387692E+00  4.364706E+00
  2.292308E+00  4.364706E+00
  2.196923E+00  4.364706E+00
  2.101538E+00  4.364706E+00
  2.006154E+00  4.364706E+00
  1.910769E+00  4.364706E+00
  1.815385E+00  4.364706E+00
  1.720000E+00  4.364706E+00
  1.624615E+00  4.364706E+00
  1.529231E+00  4.364706E+00
  1.433846E+00  4.364706E+00
  1.338462E+00  4.364706E+00
  1.243077E+00  4.364706E+00
  1.147692E+00  4.364706E+00
  1.052308E+00  4.364706E+00
  9.569231E-01  4.364706E+00
  8.615385E-01  4.364706E+00
  7.661539E-01  4.364706E+00
  6.707692E-01  4.364706E+00
  5.753846E-01  4.364706E+00
  4.800000E-01  4.364706E+00
  3.846154E-01  4.364706E+00
  2.892308E-01  4.364706E+00
  1.938462E-01  4.364706E+00
  9.846155E-02  4.364706E+00
  3.076935E-03  4.364706E+00
  0.000000E+00  4.364706E+00
  0.000000E+00  4.361629E+00
  0.000000E+00  4.190118E+00
  0.000000E+00  4.187041E+00
  0.000000E+00  4.015529E+00
  0.000000E+00  4.012452E+00
  0.000000E+00  3.840941E+00
  0.000000E+00  3.837864E+00
  0.000000E+00  3.666353E+00
  0.000000E+00  3.663276E+00
  0.000000E+00  3.491765E+00
  0.000000E+00  3.488688E+00
  0.000000E+00  3.317176E+00
  0.000000E+00  3.314100E+00
  0.000000E+00  3.142588E+00
  0.000000E+00  3.139511E+00
  0.000000E+00  2.968000E+00
  0.000000E+00  2.964923E+00
  0.000000E+00  2.793412E+00
  0.000000E+00  2.790335E+00
  0.000000E+00  2.618824E+00
  0.000000E+00  2.615747E+00
  0.000000E+00  2.444235E+00
  0.000000E+00  2.441158E+00
  0.000000E+00  2.269647E+00
  0.000000E+00  2.266570E+00
  0.000000E+00  2.095059E+00
  0.000000E+00  2.091982E+00
  0.000000E+00  1.920471E+00
  0.000000E+00  1.917394E+00
  0.000000E+00  1.745882E+00
  0.000000E+00  1.742805E+00
  0.000000E+00  1.571294E+00
  0.000000E+00  1.568217E+00
  0.000000E+00  1.396706E+00
  0.000000E+00  1.393629E+00
  0.000000E+00  1.222118E+00
  0.000000E+00  1.219041E+00
  0.000000E+00  1.047529E+00
  0.000000E+00  1.044452E+00
  0.000000E+00  8.729412E-01
  0.000000E+00  8.698643E-01
  0.000000E+00  6.983530E-01
  0.000000E+00  6.952760E-01
  0.000000E+00  5.237647E-01
  0.000000E+00  5.206878E-01
  0.000000E+00  3.491765E-01
  0.000000E+00  3.460996E-01
  0.000000E+00  1.745883E-01
  0.000000E+00  1.715113E-01
  0.000000E+00  2.345679E-08
  0.000000E+00 -3.076912E-03
  0.000000E+00 -1.745882E-01
  0.000000E+00 -1.776651E-01
  0.000000E+00 -3.491764E-01
  0.000000E+00 -3.522534E-01
  0.000000E+00 -5.237647E-01
  0.000000E+00 -5.268416E-01
  0.000000E+00 -6.983529E-01
  0.000000E+00 -7.014299E-01
  0.000000E+00 -8.729412E-01
  0.000000E+00 -8.760181E-01
  0.000000E+00 -1.047529E+00
  0.000000E+00 -1.050606E+00
  0.000000E+00 -1.222118E+00
  0.000000E+00 -1.225195E+00
  0.000000E+00 -1.396706E+00
  0.000000E+00 -1.399783E+00
  0.000000E+00 -1.571294E+00
  0.000000E+00 -1.574371E+00
  0.000000E+00 -1.745882E+00
  0.000000E+00 -1.748959E+00
  0.000000E+00 -1.920471E+00
  0.000000E+00 -1.923548E+00
  0.000000E+00 -2.095059E+00
  0.000000E+00 -2.098136E+00
  0.000000E+00 -2.269647E+00
  0.000000E+00 -2.272724E+00
  0.000000E+00 -2.444235E+00
  0.000000E+00 -2.447312E+00
  0.000000E+00 -2.618824E+00
  0.000000E+00 -2.621900E+00
  0.000000E+00 -2.793412E+00
  0.000000E+00 -2.796489E+00
  0.000000E+00 -2.968000E+00
  0.000000E+00 -2.971077E+00
  0.000000E+00 -3.142588E+00
  0.000000E+00 -3.145665E+00
  0.000000E+00 -3.317176E+00
  0.000000E+00 -3.320253E+00
  0.000000E+00 -3.491765E+00
  0.000000E+00 -3.494842E+00
  0.000000E+00 -3.666353E+00
  0.000000E+00 -3.669430E+00
  0.000000E+00 -3.840941E+00
  0.000000E+00 -3.844018E+00
  0.000000E+00 -4.015529E+00
  0.000000E+00 -4.018606E+00
  0.000000E+00 -4.190118E+00
  0.000000E+00 -4.193195E+00
  0.000000E+00 -4.364706E+00

hb:   line clip z  
frame:
  0.0000000E+00 -4.2000000E+00
  8.4000000E+00 -4.2000000E+00
  8.4000000E+00  4.2000000E+00
  0.0000000E+00  4.2000000E+00
clip:
  4.200000E+00 -4.364706E+00
  8.492308E+00 -4.364706E+00
  8.492308E+00 -4.190118E+00
  8.492308E+00 -4.015529E+00
  8.492308E+00 -3.840941E+00
  8.492308E+00 -3.666353E+00
  8.492308E+00 -3.491765E+00
  8.492308E+00 -3.317176E+00
  8.492308E+00 -3.142588E+00
  8.492308E+00 -2.968000E+00
  8.492308E+00 -2.793412E+00
  8.492308E+00 -2.618824E+00
  8.492308E+00 -2.444235E+00
  8.492308E+00 -2.269647E+00
  8.492308E+00 -2.095059E+00
  8.492308E+00 -1.920471E+00
  8.492308E+00 -1.745882E+00
  8.492308E+00 -1.571294E+00
  8.492308E+00 -1.396706E+00
  8.492308E+00 -1.222118E+00
  8.492308E+00 -1.047529E+00
  8.492308E+00 -8.729412E-01
  8.492308E+00 -6.983529E-01
  8.492308E+00 -5.237647E-01
  8.492308E+00 -3.491764E-01
  8.492308E+00 -1.745882E-01
  8.492308E+00  2.345679E-08
  8.492308E+00  1.745883E-01
  8.492308E+00  3.491765E-01
  8.492308E+00  5.237647E-01
  8.492308E+00  6.983530E-01
  8.492308E+00  8.729412E-01
  8.492308E+00  1.047529E+00
  8.492308E+00  1.222118E+00
  8.492308E+00  1.396706E+00
  8.492308E+00  1.571294E+00
  8.492308E+00  1.745882E+00
  8.492308E+00  1.920471E+00
  8.492308E+00  2.095059E+00
  8.492308E+00  2.269647E+00
  8.492308E+00  2.444235E+00
  8.492308E+00  2.618824E+00
  8.492308E+00  2.793412E+00
  8.492308E+00  2.968000E+00
  8.492308E+00  3.142588E+00
  8.492308E+00  3.317176E+00
  8.492308E+00  3.491765E+00
  8.492308E+00  3.666353E+00
  8.492308E+00  3.840941E+00
  8.492308E+00  4.015529E+00
  8.492308E+00  4.190118E+00
  8.492308E+00  4.364706E+00
  8.396923E+00  4.364706E+00
  8.301538E+00  4.364706E+00
  8.206154E+00  4.364706E+00
  8.110769E+00  4.364706E+00
  8.015385E+00  4.364706E+00
  7.920000E+00  4.364706E+00
  7.824615E+00  4.364706E+00
  7.729231E+00  4.364706E+00
  7.633846E+00  4.364706E+00
  7.538462E+00  4.364706E+00
  7.443077E+00  4.364706E+00
  7.347692E+00  4.364706E+00
  7.252308E+00  4.364706E+00
  7.156923E+00  4.364706E+00
  7.061538E+00  4.364706E+00
  6.966154E+00  4.364706E+00
  6.870769E+00  4.364706E+00
  6.775385E+00  4.364706E+00
  6.680000E+00  4.364706E+00
  6.584615E+00  4.364706E+00
  6.489231E+00  4.364706E+00
  6.393846E+00  4.364706E+00
  6.298462E+00  4.364706E+00
  6.203077E+00  4.364706E+00
  6.107692E+00  4.364706E+00
  6.012308E+00  4.364706E+00
  5.916923E+00  4.364706E+00
  5.821538E+00  4.364706E+00
  5.726154E+00  4.364706E+00
  5.630769E+00  4.364706E+00
  5.535385E+00  4.364706E+00
  5.440000E+00  4.364706E+00
  5.344615E+00  4.364706E+00
  5.249231E+00  4.364706E+00
  5.153846E+00  4.364706E+00
  5.058462E+00  4.364706E+00
  4.963077E+00  4.364706E+00
  4.867692E+00  4.364706E+00
  4.772308E+00  4.364706E+00
  4.676923E+00  4.364706E+00
  4.581538E+00  4.364706E+00
  4.486154E+00  4.364706E+00
  4.390769E+00  4.364706E+00
  4.295385E+00  4.364706E+00
  4.200000E+00  4.364706E+00
  4.200000E+00  4.190118E+00
  4.200000E+00  4.015529E+00
  4.200000E+00  3.840941E+00
  4.200000E+00  3.666353E+00
  4.200000E+00  3.491765E+00
  4.200000E+00  3.317176E+00
  4.200000E+00  3.142588E+00
  4.200000E+00  2.968000E+00
  4.200000E+00  2.793412E+00
  4.200000E+00  2.618824E+00
  4.200000E+00  2.444235E+00
  4.200000E+00  2.269647E+00
  4.200000E+00  2.095059E+00
  4.200000E+00  1.920471E+00
  4.200000E+00  1.745882E+00
  4.200000E+00  1.571294E+00
  4.200000E+00  1.396706E+00
  4.200000E+00  1.222118E+00
  4.200000E+00  1.047529E+00
  4.200000E+00  8.729412E-01
  4.200000E+00  6.983530E-01
  4.200000E+00  5.237647E-01
  4.200000E+00  3.491765E-01
  4.200000E+00  1.745883E-01
  4.200000E+00  2.345679E-08
  4.200000E+00 -1.745882E-01
  4.200000E+00 -3.491764E-01
  4.200000E+00 -5.237647E-01
  4.200000E+00 -6.983529E-01
  4.200000E+00 -8.729412E-01
  4.200000E+00 -1.047529E+00
  4.200000E+00 -1.222118E+00
  4.200000E+00 -1.396706E+00
  4.200000E+00 -1.571294E+00
  4.200000E+00 -1.745882E+00
  4.200000E+00 -1.920471E+00
  4.200000E+00 -2.095059E+00
  4.200000E+00 -2.269647E+00
  4.200000E+00 -2.444235E+00
  4.200000E+00 -2.618824E+00
  4.200000E+00 -2.793412E+00
  4.200000E+00 -2.968000E+00
  4.200000E+00 -3.142588E+00
  4.200000E+00 -3.317176E+00
  4.200000E+00 -3.491765E+00
  4.200000E+00 -3.666353E+00
  4.200000E+00 -3.840941E+00
  4.200000E+00 -4.015529E+00
  4.200000E+00 -4.190118E+00
  4.200000E+00 -4.364706E+00

#------------------------------------------------------------------------------
z: xorg(1.03)
p: xfac[c2*0.05] form[c1/0.05] notc noxt noyt dmin(1)
p: ymin(0) ymax(1) xmin(0) xmax(1) cmin(1) cmax(100) nosp
hc: y= 0.005 to 0.995 by 0.01 ; x= 0.5 to 0.5 by 1 ;
 1  2  3  4  5  6  7  8  9 10 11 12 13 14 15 16 17 18 19 20
21 22 23 24 25 26 27 28 29 30 31 32 33 34 35 36 37 38 39 40
41 42 43 44 45 46 47 48 49 50 51 52 53 54 55 56 57 58 59 60
61 62 63 64 65 66 67 68 69 70 71 72 73 74 75 76 77 78 79 80
81 82 83 84 85 86 87 88 89 90 91 92 93 94 95 96 97 98 99 100
z: xorg(0.0)
p: xfac[c2*0.05] form[c1/0.05] nosp afac[c5*0.625] ymin[c3] ymax[c4]
p: noxt noxn ytxt(-1) ynum(-1) xltd(-1) xstd(-1) itic(1) ylog
y: Flux [1/cm^2/source]              
#------------------------------------------------------------------------------

wt: s[c5]
\vspace{-3}
  emin  &=&   0.0000E+00 [MeV]
  emax  &=&   1.0000E+03 [MeV]
  ymin  &=&  -4.2000E+00 [cm]
  ymax  &=&   4.2000E+00 [cm]
  part. &=& electron
e:

#------------------------------------------------------------------------------
z: xorg[-1.03/0.05]
p: form[c1] xfac[c2] afac[c5] nosp notf
p: xmin(  0.000000    ) xmax(  8.400000    )
p: ymin( -4.200000    ) ymax(  4.200000    )

#------------------------------------------------------------------------------
 newpage:
#   no. =  3   ie  =  1   iy  =  1   part. = alpha   
#   e = (   0.0000E+00  -   1.0000E+03  )
#   y = (  -4.2000E+00  -   4.2000E+00  )

'no. =  3,  ie =  1,  iy =  1'
msuc: {\huge Track in xyz mesh}
msdr: {\it plotted by \ANGEL \version}
msdl: {\it calculated by \PHITS  3.28}

x: z [cm]
y: x [cm]
set: c1[ 1.000] c2[ 0.900] c5[ 0.800] c6[ 1.000] c7[ 0.000] c8[ 0.000]
p: h2fs form[c1] xfac[c2] afac[c5] scal[c6] xorg[c7] yorg[c8] nosp
set: c3[   2.617768E-08] c4[   3.759476E-01]
p: cmin[c3] cmax[c4]
p: dmin(1e-31)
p: zlog
p: xmin(  0.000000    ) xmax(  8.400000    )
p: ymin( -4.200000    ) ymax(  4.200000    )
#  nx =  50   nz =  90
# ( ( data(z,x), z = 1, nz ), x = nx, 1, -1 )

hc:  y =   4.116000     to  -4.116000     by  0.1680000     ; x =  4.6666667E-02 to   8.353333     by  9.3333333E-02 ;
  0.000E+00  0.000E+00  0.000E+00  0.000E+00  0.000E+00  0.000E+00  0.000E+00  0.000E+00  0.000E+00  0.000E+00
  0.000E+00  0.000E+00  0.000E+00  0.000E+00  0.000E+00  0.000E+00  0.000E+00  0.000E+00  0.000E+00  0.000E+00
  0.000E+00  0.000E+00  0.000E+00  0.000E+00  0.000E+00  0.000E+00  0.000E+00  0.000E+00  0.000E+00  0.000E+00
  0.000E+00  0.000E+00  0.000E+00  0.000E+00  0.000E+00  0.000E+00  0.000E+00  0.000E+00  0.000E+00  0.000E+00
  0.000E+00  0.000E+00  0.000E+00  0.000E+00  0.000E+00  0.000E+00  0.000E+00  0.000E+00  0.000E+00  0.000E+00
  0.000E+00  0.000E+00  0.000E+00  0.000E+00  0.000E+00  0.000E+00  0.000E+00  0.000E+00  0.000E+00  0.000E+00
  0.000E+00  0.000E+00  0.000E+00  0.000E+00  0.000E+00  0.000E+00  0.000E+00  0.000E+00  0.000E+00  0.000E+00
  0.000E+00  0.000E+00  0.000E+00  0.000E+00  0.000E+00  0.000E+00  0.000E+00  0.000E+00  0.000E+00  0.000E+00
  0.000E+00  0.000E+00  0.000E+00  0.000E+00  0.000E+00  0.000E+00  0.000E+00  0.000E+00  0.000E+00  0.000E+00
  0.000E+00  0.000E+00  0.000E+00  0.000E+00  0.000E+00  0.000E+00  0.000E+00  0.000E+00  0.000E+00  0.000E+00
  0.000E+00  0.000E+00  0.000E+00  0.000E+00  0.000E+00  0.000E+00  0.000E+00  0.000E+00  0.000E+00  0.000E+00
  0.000E+00  0.000E+00  0.000E+00  0.000E+00  0.000E+00  0.000E+00  0.000E+00  0.000E+00  0.000E+00  0.000E+00
  0.000E+00  0.000E+00  0.000E+00  0.000E+00  0.000E+00  0.000E+00  0.000E+00  0.000E+00  0.000E+00  0.000E+00
  0.000E+00  0.000E+00  0.000E+00  0.000E+00  0.000E+00  0.000E+00  0.000E+00  0.000E+00  0.000E+00  0.000E+00
  0.000E+00  0.000E+00  0.000E+00  0.000E+00  0.000E+00  0.000E+00  0.000E+00  0.000E+00  0.000E+00  0.000E+00
  0.000E+00  0.000E+00  0.000E+00  0.000E+00  0.000E+00  0.000E+00  0.000E+00  0.000E+00  0.000E+00  0.000E+00
  0.000E+00  0.000E+00  0.000E+00  0.000E+00  0.000E+00  0.000E+00  0.000E+00  0.000E+00  0.000E+00  0.000E+00
  0.000E+00  0.000E+00  0.000E+00  0.000E+00  0.000E+00  0.000E+00  0.000E+00  0.000E+00  0.000E+00  0.000E+00
  0.000E+00  0.000E+00  0.000E+00  0.000E+00  0.000E+00  0.000E+00  0.000E+00  0.000E+00  0.000E+00  0.000E+00
  0.000E+00  0.000E+00  0.000E+00  0.000E+00  0.000E+00  0.000E+00  0.000E+00  0.000E+00  0.000E+00  0.000E+00
  0.000E+00  0.000E+00  0.000E+00  0.000E+00  0.000E+00  0.000E+00  0.000E+00  0.000E+00  0.000E+00  0.000E+00
  0.000E+00  0.000E+00  0.000E+00  0.000E+00  0.000E+00  0.000E+00  0.000E+00  0.000E+00  0.000E+00  0.000E+00
  0.000E+00  0.000E+00  0.000E+00  0.000E+00  0.000E+00  0.000E+00  0.000E+00  0.000E+00  0.000E+00  0.000E+00
  0.000E+00  0.000E+00  0.000E+00  0.000E+00  0.000E+00  0.000E+00  0.000E+00  0.000E+00  0.000E+00  0.000E+00
  0.000E+00  0.000E+00  0.000E+00  0.000E+00  0.000E+00  0.000E+00  0.000E+00  0.000E+00  0.000E+00  0.000E+00
  0.000E+00  0.000E+00  0.000E+00  0.000E+00  0.000E+00  0.000E+00  0.000E+00  0.000E+00  0.000E+00  0.000E+00
  0.000E+00  0.000E+00  0.000E+00  0.000E+00  0.000E+00  0.000E+00  0.000E+00  0.000E+00  0.000E+00  0.000E+00
  0.000E+00  0.000E+00  0.000E+00  0.000E+00  0.000E+00  0.000E+00  0.000E+00  0.000E+00  0.000E+00  0.000E+00
  0.000E+00  0.000E+00  0.000E+00  0.000E+00  0.000E+00  0.000E+00  0.000E+00  0.000E+00  0.000E+00  0.000E+00
  0.000E+00  0.000E+00  0.000E+00  0.000E+00  0.000E+00  0.000E+00  0.000E+00  0.000E+00  0.000E+00  0.000E+00
  0.000E+00  0.000E+00  0.000E+00  0.000E+00  0.000E+00  0.000E+00  0.000E+00  0.000E+00  0.000E+00  0.000E+00
  0.000E+00  0.000E+00  0.000E+00  0.000E+00  0.000E+00  0.000E+00  0.000E+00  0.000E+00  0.000E+00  0.000E+00
  0.000E+00  0.000E+00  0.000E+00  0.000E+00  0.000E+00  0.000E+00  0.000E+00  0.000E+00  0.000E+00  0.000E+00
  0.000E+00  0.000E+00  0.000E+00  0.000E+00  0.000E+00  0.000E+00  0.000E+00  0.000E+00  0.000E+00  0.000E+00
  0.000E+00  0.000E+00  0.000E+00  0.000E+00  0.000E+00  0.000E+00  0.000E+00  0.000E+00  0.000E+00  0.000E+00
  0.000E+00  0.000E+00  0.000E+00  0.000E+00  0.000E+00  0.000E+00  0.000E+00  0.000E+00  0.000E+00  0.000E+00
  0.000E+00  0.000E+00  0.000E+00  0.000E+00  0.000E+00  0.000E+00  0.000E+00  0.000E+00  0.000E+00  0.000E+00
  0.000E+00  0.000E+00  0.000E+00  0.000E+00  0.000E+00  0.000E+00  0.000E+00  0.000E+00  0.000E+00  0.000E+00
  0.000E+00  0.000E+00  0.000E+00  0.000E+00  0.000E+00  0.000E+00  0.000E+00  0.000E+00  0.000E+00  0.000E+00
  0.000E+00  0.000E+00  0.000E+00  0.000E+00  0.000E+00  0.000E+00  0.000E+00  0.000E+00  0.000E+00  0.000E+00
  0.000E+00  0.000E+00  0.000E+00  0.000E+00  0.000E+00  0.000E+00  0.000E+00  0.000E+00  0.000E+00  0.000E+00
  0.000E+00  0.000E+00  0.000E+00  0.000E+00  0.000E+00  0.000E+00  0.000E+00  0.000E+00  0.000E+00  0.000E+00
  0.000E+00  0.000E+00  0.000E+00  0.000E+00  0.000E+00  0.000E+00  0.000E+00  0.000E+00  0.000E+00  0.000E+00
  0.000E+00  0.000E+00  0.000E+00  0.000E+00  0.000E+00  0.000E+00  0.000E+00  0.000E+00  0.000E+00  0.000E+00
  0.000E+00  0.000E+00  0.000E+00  0.000E+00  0.000E+00  0.000E+00  0.000E+00  0.000E+00  0.000E+00  0.000E+00
  0.000E+00  0.000E+00  0.000E+00  0.000E+00  0.000E+00  0.000E+00  0.000E+00  0.000E+00  0.000E+00  0.000E+00
  0.000E+00  0.000E+00  0.000E+00  0.000E+00  0.000E+00  0.000E+00  0.000E+00  0.000E+00  0.000E+00  0.000E+00
  0.000E+00  0.000E+00  0.000E+00  0.000E+00  0.000E+00  0.000E+00  0.000E+00  0.000E+00  0.000E+00  0.000E+00
  0.000E+00  0.000E+00  0.000E+00  0.000E+00  0.000E+00  0.000E+00  0.000E+00  0.000E+00  0.000E+00  0.000E+00
  0.000E+00  0.000E+00  0.000E+00  0.000E+00  0.000E+00  0.000E+00  0.000E+00  0.000E+00  0.000E+00  0.000E+00
  0.000E+00  0.000E+00  0.000E+00  0.000E+00  0.000E+00  0.000E+00  0.000E+00  0.000E+00  0.000E+00  0.000E+00
  0.000E+00  0.000E+00  0.000E+00  0.000E+00  0.000E+00  0.000E+00  0.000E+00  0.000E+00  0.000E+00  0.000E+00
  0.000E+00  0.000E+00  0.000E+00  0.000E+00  0.000E+00  0.000E+00  0.000E+00  0.000E+00  0.000E+00  0.000E+00
  0.000E+00  0.000E+00  0.000E+00  0.000E+00  0.000E+00  0.000E+00  0.000E+00  0.000E+00  0.000E+00  0.000E+00
  0.000E+00  0.000E+00  0.000E+00  0.000E+00  0.000E+00  0.000E+00  0.000E+00  0.000E+00  0.000E+00  0.000E+00
  0.000E+00  0.000E+00  0.000E+00  0.000E+00  0.000E+00  0.000E+00  0.000E+00  0.000E+00  0.000E+00  0.000E+00
  0.000E+00  0.000E+00  0.000E+00  0.000E+00  0.000E+00  0.000E+00  0.000E+00  0.000E+00  0.000E+00  0.000E+00
  0.000E+00  0.000E+00  0.000E+00  0.000E+00  0.000E+00  0.000E+00  0.000E+00  0.000E+00  0.000E+00  0.000E+00
  0.000E+00  0.000E+00  0.000E+00  0.000E+00  0.000E+00  0.000E+00  0.000E+00  0.000E+00  0.000E+00  0.000E+00
  0.000E+00  0.000E+00  0.000E+00  0.000E+00  0.000E+00  0.000E+00  0.000E+00  0.000E+00  0.000E+00  0.000E+00
  0.000E+00  0.000E+00  0.000E+00  0.000E+00  0.000E+00  0.000E+00  0.000E+00  0.000E+00  0.000E+00  0.000E+00
  0.000E+00  0.000E+00  0.000E+00  0.000E+00  0.000E+00  0.000E+00  0.000E+00  0.000E+00  0.000E+00  0.000E+00
  0.000E+00  0.000E+00  0.000E+00  0.000E+00  0.000E+00  0.000E+00  0.000E+00  0.000E+00  0.000E+00  0.000E+00
  0.000E+00  0.000E+00  0.000E+00  0.000E+00  0.000E+00  0.000E+00  0.000E+00  0.000E+00  0.000E+00  0.000E+00
  0.000E+00  0.000E+00  0.000E+00  0.000E+00  0.000E+00  0.000E+00  0.000E+00  0.000E+00  0.000E+00  0.000E+00
  0.000E+00  0.000E+00  0.000E+00  0.000E+00  0.000E+00  0.000E+00  0.000E+00  0.000E+00  0.000E+00  0.000E+00
  0.000E+00  0.000E+00  0.000E+00  0.000E+00  0.000E+00  0.000E+00  0.000E+00  0.000E+00  0.000E+00  0.000E+00
  0.000E+00  0.000E+00  0.000E+00  0.000E+00  0.000E+00  0.000E+00  0.000E+00  0.000E+00  0.000E+00  0.000E+00
  0.000E+00  0.000E+00  0.000E+00  0.000E+00  0.000E+00  0.000E+00  0.000E+00  0.000E+00  0.000E+00  0.000E+00
  0.000E+00  0.000E+00  0.000E+00  0.000E+00  0.000E+00  0.000E+00  0.000E+00  0.000E+00  0.000E+00  0.000E+00
  0.000E+00  0.000E+00  0.000E+00  0.000E+00  0.000E+00  0.000E+00  0.000E+00  0.000E+00  0.000E+00  0.000E+00
  0.000E+00  0.000E+00  0.000E+00  0.000E+00  0.000E+00  0.000E+00  0.000E+00  0.000E+00  0.000E+00  0.000E+00
  0.000E+00  0.000E+00  0.000E+00  0.000E+00  0.000E+00  0.000E+00  0.000E+00  0.000E+00  0.000E+00  0.000E+00
  0.000E+00  0.000E+00  0.000E+00  0.000E+00  0.000E+00  0.000E+00  0.000E+00  0.000E+00  0.000E+00  0.000E+00
  0.000E+00  0.000E+00  0.000E+00  0.000E+00  0.000E+00  0.000E+00  0.000E+00  0.000E+00  0.000E+00  0.000E+00
  0.000E+00  0.000E+00  0.000E+00  0.000E+00  0.000E+00  0.000E+00  0.000E+00  0.000E+00  0.000E+00  0.000E+00
  0.000E+00  0.000E+00  0.000E+00  0.000E+00  0.000E+00  0.000E+00  0.000E+00  0.000E+00  0.000E+00  0.000E+00
  0.000E+00  0.000E+00  0.000E+00  0.000E+00  0.000E+00  0.000E+00  0.000E+00  0.000E+00  0.000E+00  0.000E+00
  0.000E+00  0.000E+00  0.000E+00  0.000E+00  0.000E+00  0.000E+00  0.000E+00  0.000E+00  0.000E+00  0.000E+00
  0.000E+00  0.000E+00  0.000E+00  0.000E+00  0.000E+00  0.000E+00  0.000E+00  0.000E+00  0.000E+00  0.000E+00
  0.000E+00  0.000E+00  0.000E+00  0.000E+00  0.000E+00  0.000E+00  0.000E+00  0.000E+00  0.000E+00  0.000E+00
  0.000E+00  0.000E+00  0.000E+00  0.000E+00  0.000E+00  0.000E+00  0.000E+00  0.000E+00  0.000E+00  0.000E+00
  0.000E+00  0.000E+00  0.000E+00  0.000E+00  0.000E+00  0.000E+00  0.000E+00  0.000E+00  0.000E+00  0.000E+00
  0.000E+00  0.000E+00  0.000E+00  0.000E+00  0.000E+00  0.000E+00  0.000E+00  0.000E+00  0.000E+00  0.000E+00
  0.000E+00  0.000E+00  0.000E+00  0.000E+00  0.000E+00  0.000E+00  0.000E+00  0.000E+00  0.000E+00  0.000E+00
  0.000E+00  0.000E+00  0.000E+00  0.000E+00  0.000E+00  0.000E+00  0.000E+00  0.000E+00  0.000E+00  0.000E+00
  0.000E+00  0.000E+00  0.000E+00  0.000E+00  0.000E+00  0.000E+00  0.000E+00  0.000E+00  0.000E+00  0.000E+00
  0.000E+00  0.000E+00  0.000E+00  0.000E+00  0.000E+00  0.000E+00  0.000E+00  0.000E+00  0.000E+00  0.000E+00
  0.000E+00  0.000E+00  0.000E+00  0.000E+00  0.000E+00  0.000E+00  0.000E+00  0.000E+00  0.000E+00  0.000E+00
  0.000E+00  0.000E+00  0.000E+00  0.000E+00  0.000E+00  0.000E+00  0.000E+00  0.000E+00  0.000E+00  0.000E+00
  0.000E+00  0.000E+00  0.000E+00  0.000E+00  0.000E+00  0.000E+00  0.000E+00  0.000E+00  0.000E+00  0.000E+00
  0.000E+00  0.000E+00  0.000E+00  0.000E+00  0.000E+00  0.000E+00  0.000E+00  0.000E+00  0.000E+00  0.000E+00
  0.000E+00  0.000E+00  0.000E+00  0.000E+00  0.000E+00  0.000E+00  0.000E+00  0.000E+00  0.000E+00  0.000E+00
  0.000E+00  0.000E+00  0.000E+00  0.000E+00  0.000E+00  0.000E+00  0.000E+00  0.000E+00  0.000E+00  0.000E+00
  0.000E+00  0.000E+00  0.000E+00  0.000E+00  0.000E+00  0.000E+00  0.000E+00  0.000E+00  0.000E+00  0.000E+00
  0.000E+00  0.000E+00  0.000E+00  0.000E+00  0.000E+00  0.000E+00  0.000E+00  0.000E+00  0.000E+00  0.000E+00
  0.000E+00  0.000E+00  0.000E+00  0.000E+00  0.000E+00  0.000E+00  0.000E+00  0.000E+00  0.000E+00  0.000E+00
  0.000E+00  0.000E+00  0.000E+00  0.000E+00  0.000E+00  0.000E+00  0.000E+00  0.000E+00  0.000E+00  0.000E+00
  0.000E+00  0.000E+00  0.000E+00  0.000E+00  0.000E+00  0.000E+00  0.000E+00  0.000E+00  0.000E+00  0.000E+00
  0.000E+00  0.000E+00  0.000E+00  0.000E+00  0.000E+00  0.000E+00  0.000E+00  0.000E+00  0.000E+00  0.000E+00
  0.000E+00  0.000E+00  0.000E+00  0.000E+00  0.000E+00  0.000E+00  0.000E+00  0.000E+00  0.000E+00  0.000E+00
  0.000E+00  0.000E+00  0.000E+00  0.000E+00  0.000E+00  0.000E+00  0.000E+00  0.000E+00  0.000E+00  0.000E+00
  0.000E+00  0.000E+00  0.000E+00  0.000E+00  0.000E+00  0.000E+00  0.000E+00  0.000E+00  0.000E+00  0.000E+00
  0.000E+00  0.000E+00  0.000E+00  0.000E+00  0.000E+00  0.000E+00  0.000E+00  0.000E+00  0.000E+00  0.000E+00
  0.000E+00  0.000E+00  0.000E+00  0.000E+00  0.000E+00  0.000E+00  0.000E+00  0.000E+00  0.000E+00  0.000E+00
  0.000E+00  0.000E+00  0.000E+00  0.000E+00  0.000E+00  0.000E+00  0.000E+00  0.000E+00  0.000E+00  0.000E+00
  0.000E+00  0.000E+00  0.000E+00  0.000E+00  0.000E+00  0.000E+00  0.000E+00  0.000E+00  0.000E+00  0.000E+00
  0.000E+00  0.000E+00  0.000E+00  0.000E+00  0.000E+00  0.000E+00  0.000E+00  0.000E+00  0.000E+00  0.000E+00
  0.000E+00  0.000E+00  0.000E+00  0.000E+00  0.000E+00  0.000E+00  0.000E+00  0.000E+00  0.000E+00  0.000E+00
  0.000E+00  0.000E+00  0.000E+00  0.000E+00  0.000E+00  0.000E+00  0.000E+00  0.000E+00  0.000E+00  0.000E+00
  0.000E+00  0.000E+00  0.000E+00  0.000E+00  0.000E+00  0.000E+00  0.000E+00  0.000E+00  0.000E+00  0.000E+00
  0.000E+00  0.000E+00  0.000E+00  0.000E+00  0.000E+00  0.000E+00  0.000E+00  0.000E+00  0.000E+00  0.000E+00
  0.000E+00  0.000E+00  0.000E+00  0.000E+00  0.000E+00  0.000E+00  0.000E+00  0.000E+00  0.000E+00  0.000E+00
  0.000E+00  0.000E+00  0.000E+00  0.000E+00  0.000E+00  0.000E+00  0.000E+00  0.000E+00  0.000E+00  0.000E+00
  0.000E+00  0.000E+00  0.000E+00  0.000E+00  0.000E+00  0.000E+00  0.000E+00  0.000E+00  0.000E+00  0.000E+00
  0.000E+00  0.000E+00  0.000E+00  0.000E+00  0.000E+00  0.000E+00  0.000E+00  0.000E+00  0.000E+00  0.000E+00
  0.000E+00  0.000E+00  0.000E+00  0.000E+00  0.000E+00  0.000E+00  0.000E+00  0.000E+00  0.000E+00  0.000E+00
  0.000E+00  0.000E+00  0.000E+00  0.000E+00  0.000E+00  0.000E+00  0.000E+00  0.000E+00  0.000E+00  0.000E+00
  0.000E+00  0.000E+00  0.000E+00  0.000E+00  0.000E+00  0.000E+00  0.000E+00  0.000E+00  0.000E+00  0.000E+00
  0.000E+00  0.000E+00  0.000E+00  0.000E+00  0.000E+00  0.000E+00  0.000E+00  0.000E+00  0.000E+00  0.000E+00
  0.000E+00  0.000E+00  0.000E+00  0.000E+00  0.000E+00  0.000E+00  0.000E+00  0.000E+00  0.000E+00  0.000E+00
  0.000E+00  0.000E+00  0.000E+00  0.000E+00  0.000E+00  0.000E+00  0.000E+00  0.000E+00  0.000E+00  0.000E+00
  0.000E+00  0.000E+00  0.000E+00  0.000E+00  0.000E+00  0.000E+00  0.000E+00  0.000E+00  0.000E+00  0.000E+00
  0.000E+00  0.000E+00  0.000E+00  0.000E+00  0.000E+00  0.000E+00  0.000E+00  0.000E+00  0.000E+00  0.000E+00
  0.000E+00  0.000E+00  0.000E+00  0.000E+00  0.000E+00  0.000E+00  0.000E+00  0.000E+00  0.000E+00  0.000E+00
  0.000E+00  0.000E+00  0.000E+00  0.000E+00  0.000E+00  0.000E+00  0.000E+00  0.000E+00  0.000E+00  0.000E+00
  0.000E+00  0.000E+00  0.000E+00  0.000E+00  0.000E+00  0.000E+00  0.000E+00  0.000E+00  0.000E+00  0.000E+00
  0.000E+00  0.000E+00  0.000E+00  0.000E+00  0.000E+00  0.000E+00  0.000E+00  0.000E+00  0.000E+00  0.000E+00
  0.000E+00  0.000E+00  0.000E+00  0.000E+00  0.000E+00  0.000E+00  0.000E+00  0.000E+00  0.000E+00  0.000E+00
  0.000E+00  0.000E+00  0.000E+00  0.000E+00  0.000E+00  0.000E+00  0.000E+00  0.000E+00  0.000E+00  0.000E+00
  0.000E+00  0.000E+00  0.000E+00  0.000E+00  0.000E+00  0.000E+00  0.000E+00  0.000E+00  0.000E+00  0.000E+00
  0.000E+00  0.000E+00  0.000E+00  0.000E+00  0.000E+00  0.000E+00  0.000E+00  0.000E+00  0.000E+00  0.000E+00
  0.000E+00  0.000E+00  0.000E+00  0.000E+00  0.000E+00  0.000E+00  0.000E+00  0.000E+00  0.000E+00  0.000E+00
  0.000E+00  0.000E+00  0.000E+00  0.000E+00  0.000E+00  0.000E+00  0.000E+00  0.000E+00  0.000E+00  0.000E+00
  0.000E+00  0.000E+00  0.000E+00  0.000E+00  0.000E+00  0.000E+00  0.000E+00  0.000E+00  0.000E+00  0.000E+00
  0.000E+00  0.000E+00  0.000E+00  0.000E+00  0.000E+00  0.000E+00  0.000E+00  0.000E+00  0.000E+00  0.000E+00
  0.000E+00  0.000E+00  0.000E+00  0.000E+00  0.000E+00  0.000E+00  0.000E+00  0.000E+00  0.000E+00  0.000E+00
  0.000E+00  0.000E+00  0.000E+00  0.000E+00  0.000E+00  0.000E+00  0.000E+00  0.000E+00  0.000E+00  0.000E+00
  0.000E+00  0.000E+00  0.000E+00  0.000E+00  0.000E+00  0.000E+00  0.000E+00  0.000E+00  0.000E+00  0.000E+00
  0.000E+00  0.000E+00  0.000E+00  0.000E+00  0.000E+00  0.000E+00  0.000E+00  0.000E+00  0.000E+00  0.000E+00
  0.000E+00  0.000E+00  0.000E+00  0.000E+00  0.000E+00  0.000E+00  0.000E+00  0.000E+00  0.000E+00  0.000E+00
  0.000E+00  0.000E+00  0.000E+00  0.000E+00  0.000E+00  0.000E+00  0.000E+00  0.000E+00  0.000E+00  0.000E+00
  0.000E+00  0.000E+00  0.000E+00  0.000E+00  0.000E+00  0.000E+00  0.000E+00  0.000E+00  0.000E+00  0.000E+00
  0.000E+00  0.000E+00  0.000E+00  0.000E+00  0.000E+00  0.000E+00  0.000E+00  0.000E+00  0.000E+00  0.000E+00
  0.000E+00  0.000E+00  0.000E+00  0.000E+00  0.000E+00  0.000E+00  0.000E+00  0.000E+00  0.000E+00  0.000E+00
  0.000E+00  0.000E+00  0.000E+00  0.000E+00  0.000E+00  0.000E+00  0.000E+00  0.000E+00  0.000E+00  0.000E+00
  0.000E+00  0.000E+00  0.000E+00  0.000E+00  0.000E+00  0.000E+00  0.000E+00  0.000E+00  0.000E+00  0.000E+00
  0.000E+00  0.000E+00  0.000E+00  0.000E+00  0.000E+00  0.000E+00  0.000E+00  0.000E+00  0.000E+00  0.000E+00
  0.000E+00  0.000E+00  0.000E+00  0.000E+00  0.000E+00  0.000E+00  0.000E+00  0.000E+00  0.000E+00  0.000E+00
  0.000E+00  0.000E+00  0.000E+00  0.000E+00  0.000E+00  0.000E+00  0.000E+00  0.000E+00  0.000E+00  0.000E+00
  0.000E+00  0.000E+00  0.000E+00  0.000E+00  0.000E+00  0.000E+00  0.000E+00  0.000E+00  0.000E+00  0.000E+00
  0.000E+00  0.000E+00  0.000E+00  0.000E+00  0.000E+00  0.000E+00  0.000E+00  0.000E+00  0.000E+00  0.000E+00
  0.000E+00  0.000E+00  0.000E+00  0.000E+00  0.000E+00  0.000E+00  0.000E+00  0.000E+00  0.000E+00  0.000E+00
  0.000E+00  0.000E+00  0.000E+00  0.000E+00  0.000E+00  0.000E+00  0.000E+00  0.000E+00  0.000E+00  0.000E+00
  0.000E+00  0.000E+00  0.000E+00  0.000E+00  0.000E+00  0.000E+00  0.000E+00  0.000E+00  0.000E+00  0.000E+00
  0.000E+00  0.000E+00  0.000E+00  0.000E+00  0.000E+00  0.000E+00  0.000E+00  0.000E+00  0.000E+00  0.000E+00
  0.000E+00  0.000E+00  0.000E+00  0.000E+00  0.000E+00  0.000E+00  0.000E+00  0.000E+00  0.000E+00  0.000E+00
  0.000E+00  0.000E+00  0.000E+00  0.000E+00  0.000E+00  0.000E+00  0.000E+00  0.000E+00  0.000E+00  0.000E+00
  0.000E+00  0.000E+00  0.000E+00  0.000E+00  0.000E+00  0.000E+00  0.000E+00  0.000E+00  0.000E+00  0.000E+00
  0.000E+00  0.000E+00  0.000E+00  0.000E+00  0.000E+00  0.000E+00  0.000E+00  0.000E+00  0.000E+00  0.000E+00
  0.000E+00  0.000E+00  0.000E+00  0.000E+00  0.000E+00  0.000E+00  0.000E+00  0.000E+00  0.000E+00  0.000E+00
  0.000E+00  0.000E+00  0.000E+00  0.000E+00  0.000E+00  0.000E+00  0.000E+00  0.000E+00  0.000E+00  0.000E+00
  0.000E+00  0.000E+00  0.000E+00  0.000E+00  0.000E+00  0.000E+00  0.000E+00  0.000E+00  0.000E+00  0.000E+00
  0.000E+00  0.000E+00  0.000E+00  0.000E+00  0.000E+00  0.000E+00  0.000E+00  0.000E+00  0.000E+00  0.000E+00
  0.000E+00  0.000E+00  0.000E+00  0.000E+00  0.000E+00  0.000E+00  0.000E+00  0.000E+00  0.000E+00  0.000E+00
  0.000E+00  0.000E+00  0.000E+00  0.000E+00  0.000E+00  0.000E+00  0.000E+00  0.000E+00  0.000E+00  0.000E+00
  0.000E+00  0.000E+00  0.000E+00  0.000E+00  0.000E+00  0.000E+00  0.000E+00  0.000E+00  0.000E+00  0.000E+00
  0.000E+00  0.000E+00  0.000E+00  0.000E+00  0.000E+00  0.000E+00  0.000E+00  0.000E+00  0.000E+00  0.000E+00
  0.000E+00  0.000E+00  0.000E+00  0.000E+00  0.000E+00  0.000E+00  0.000E+00  0.000E+00  0.000E+00  0.000E+00
  0.000E+00  0.000E+00  0.000E+00  0.000E+00  0.000E+00  0.000E+00  0.000E+00  0.000E+00  0.000E+00  0.000E+00
  0.000E+00  0.000E+00  0.000E+00  0.000E+00  0.000E+00  0.000E+00  0.000E+00  0.000E+00  0.000E+00  0.000E+00
  0.000E+00  0.000E+00  0.000E+00  0.000E+00  0.000E+00  0.000E+00  0.000E+00  0.000E+00  0.000E+00  0.000E+00
  0.000E+00  0.000E+00  0.000E+00  0.000E+00  0.000E+00  0.000E+00  0.000E+00  0.000E+00  0.000E+00  0.000E+00
  0.000E+00  0.000E+00  0.000E+00  0.000E+00  0.000E+00  0.000E+00  0.000E+00  0.000E+00  0.000E+00  0.000E+00
  0.000E+00  0.000E+00  0.000E+00  0.000E+00  0.000E+00  0.000E+00  0.000E+00  0.000E+00  0.000E+00  0.000E+00
  0.000E+00  0.000E+00  0.000E+00  0.000E+00  0.000E+00  0.000E+00  0.000E+00  0.000E+00  0.000E+00  0.000E+00
  0.000E+00  0.000E+00  0.000E+00  0.000E+00  0.000E+00  0.000E+00  0.000E+00  0.000E+00  0.000E+00  0.000E+00
  0.000E+00  0.000E+00  0.000E+00  0.000E+00  0.000E+00  0.000E+00  0.000E+00  0.000E+00  0.000E+00  0.000E+00
  0.000E+00  0.000E+00  0.000E+00  0.000E+00  0.000E+00  0.000E+00  0.000E+00  0.000E+00  0.000E+00  0.000E+00
  0.000E+00  0.000E+00  0.000E+00  0.000E+00  0.000E+00  0.000E+00  0.000E+00  0.000E+00  0.000E+00  0.000E+00
  0.000E+00  0.000E+00  0.000E+00  0.000E+00  0.000E+00  0.000E+00  0.000E+00  0.000E+00  0.000E+00  0.000E+00
  0.000E+00  0.000E+00  0.000E+00  0.000E+00  0.000E+00  0.000E+00  0.000E+00  0.000E+00  0.000E+00  0.000E+00
  0.000E+00  0.000E+00  0.000E+00  0.000E+00  0.000E+00  0.000E+00  0.000E+00  0.000E+00  0.000E+00  0.000E+00
  0.000E+00  0.000E+00  0.000E+00  0.000E+00  0.000E+00  0.000E+00  0.000E+00  0.000E+00  0.000E+00  0.000E+00
  0.000E+00  0.000E+00  0.000E+00  0.000E+00  0.000E+00  0.000E+00  0.000E+00  0.000E+00  0.000E+00  0.000E+00
  0.000E+00  0.000E+00  0.000E+00  0.000E+00  0.000E+00  0.000E+00  0.000E+00  0.000E+00  0.000E+00  0.000E+00
  0.000E+00  0.000E+00  0.000E+00  0.000E+00  0.000E+00  0.000E+00  0.000E+00  0.000E+00  0.000E+00  0.000E+00
  0.000E+00  0.000E+00  0.000E+00  0.000E+00  0.000E+00  0.000E+00  0.000E+00  0.000E+00  0.000E+00  0.000E+00
  0.000E+00  0.000E+00  0.000E+00  0.000E+00  0.000E+00  0.000E+00  0.000E+00  0.000E+00  0.000E+00  0.000E+00
  0.000E+00  0.000E+00  0.000E+00  0.000E+00  0.000E+00  0.000E+00  0.000E+00  0.000E+00  0.000E+00  0.000E+00
  0.000E+00  0.000E+00  0.000E+00  0.000E+00  0.000E+00  0.000E+00  0.000E+00  0.000E+00  0.000E+00  0.000E+00
  0.000E+00  0.000E+00  0.000E+00  0.000E+00  0.000E+00  0.000E+00  0.000E+00  0.000E+00  0.000E+00  0.000E+00
  0.000E+00  0.000E+00  0.000E+00  0.000E+00  0.000E+00  0.000E+00  0.000E+00  0.000E+00  0.000E+00  0.000E+00
  0.000E+00  0.000E+00  0.000E+00  0.000E+00  0.000E+00  0.000E+00  0.000E+00  0.000E+00  0.000E+00  0.000E+00
  0.000E+00  0.000E+00  0.000E+00  0.000E+00  0.000E+00  0.000E+00  0.000E+00  0.000E+00  0.000E+00  0.000E+00
  0.000E+00  0.000E+00  0.000E+00  0.000E+00  0.000E+00  0.000E+00  0.000E+00  0.000E+00  0.000E+00  0.000E+00
  0.000E+00  0.000E+00  0.000E+00  0.000E+00  0.000E+00  0.000E+00  0.000E+00  0.000E+00  0.000E+00  0.000E+00
  0.000E+00  0.000E+00  0.000E+00  0.000E+00  0.000E+00  0.000E+00  0.000E+00  0.000E+00  0.000E+00  0.000E+00
  0.000E+00  0.000E+00  0.000E+00  0.000E+00  0.000E+00  0.000E+00  0.000E+00  0.000E+00  0.000E+00  0.000E+00
  0.000E+00  0.000E+00  0.000E+00  0.000E+00  0.000E+00  0.000E+00  0.000E+00  0.000E+00  0.000E+00  0.000E+00
  0.000E+00  0.000E+00  0.000E+00  0.000E+00  0.000E+00  0.000E+00  0.000E+00  0.000E+00  0.000E+00  0.000E+00
  0.000E+00  0.000E+00  0.000E+00  0.000E+00  0.000E+00  0.000E+00  0.000E+00  0.000E+00  0.000E+00  0.000E+00
  0.000E+00  0.000E+00  0.000E+00  0.000E+00  0.000E+00  0.000E+00  0.000E+00  0.000E+00  0.000E+00  0.000E+00
  0.000E+00  0.000E+00  0.000E+00  0.000E+00  0.000E+00  0.000E+00  0.000E+00  0.000E+00  0.000E+00  0.000E+00
  0.000E+00  0.000E+00  0.000E+00  0.000E+00  0.000E+00  0.000E+00  0.000E+00  0.000E+00  0.000E+00  0.000E+00
  0.000E+00  0.000E+00  0.000E+00  0.000E+00  0.000E+00  0.000E+00  0.000E+00  0.000E+00  0.000E+00  0.000E+00
  0.000E+00  0.000E+00  0.000E+00  0.000E+00  0.000E+00  0.000E+00  0.000E+00  0.000E+00  0.000E+00  0.000E+00
  0.000E+00  0.000E+00  0.000E+00  0.000E+00  0.000E+00  0.000E+00  0.000E+00  0.000E+00  0.000E+00  0.000E+00
  0.000E+00  0.000E+00  0.000E+00  0.000E+00  0.000E+00  0.000E+00  0.000E+00  0.000E+00  0.000E+00  0.000E+00
  0.000E+00  0.000E+00  0.000E+00  0.000E+00  0.000E+00  0.000E+00  0.000E+00  0.000E+00  0.000E+00  0.000E+00
  0.000E+00  0.000E+00  0.000E+00  0.000E+00  0.000E+00  0.000E+00  0.000E+00  0.000E+00  0.000E+00  0.000E+00
  0.000E+00  0.000E+00  0.000E+00  0.000E+00  0.000E+00  0.000E+00  0.000E+00  0.000E+00  0.000E+00  0.000E+00
  0.000E+00  0.000E+00  0.000E+00  0.000E+00  0.000E+00  0.000E+00  0.000E+00  0.000E+00  0.000E+00  0.000E+00
  0.000E+00  0.000E+00  0.000E+00  0.000E+00  0.000E+00  0.000E+00  0.000E+00  0.000E+00  0.000E+00  0.000E+00
  0.000E+00  0.000E+00  0.000E+00  0.000E+00  0.000E+00  0.000E+00  0.000E+00  0.000E+00  0.000E+00  0.000E+00
  0.000E+00  0.000E+00  0.000E+00  0.000E+00  0.000E+00  0.000E+00  0.000E+00  0.000E+00  0.000E+00  0.000E+00
  0.000E+00  0.000E+00  0.000E+00  0.000E+00  0.000E+00  0.000E+00  0.000E+00  0.000E+00  0.000E+00  0.000E+00
  0.000E+00  0.000E+00  0.000E+00  0.000E+00  0.000E+00  0.000E+00  0.000E+00  0.000E+00  0.000E+00  0.000E+00
  0.000E+00  0.000E+00  0.000E+00  0.000E+00  0.000E+00  0.000E+00  0.000E+00  0.000E+00  0.000E+00  0.000E+00
  0.000E+00  0.000E+00  0.000E+00  0.000E+00  0.000E+00  0.000E+00  0.000E+00  0.000E+00  0.000E+00  0.000E+00
  0.000E+00  0.000E+00  0.000E+00  0.000E+00  0.000E+00  0.000E+00  0.000E+00  0.000E+00  0.000E+00  0.000E+00
  0.000E+00  0.000E+00  0.000E+00  0.000E+00  0.000E+00  0.000E+00  0.000E+00  0.000E+00  0.000E+00  0.000E+00
  0.000E+00  0.000E+00  0.000E+00  0.000E+00  0.000E+00  0.000E+00  0.000E+00  0.000E+00  0.000E+00  0.000E+00
  0.000E+00  0.000E+00  0.000E+00  0.000E+00  0.000E+00  0.000E+00  0.000E+00  0.000E+00  0.000E+00  0.000E+00
  0.000E+00  0.000E+00  0.000E+00  0.000E+00  0.000E+00  0.000E+00  0.000E+00  0.000E+00  0.000E+00  0.000E+00
  0.000E+00  0.000E+00  0.000E+00  0.000E+00  0.000E+00  0.000E+00  0.000E+00  0.000E+00  0.000E+00  0.000E+00
  0.000E+00  0.000E+00  0.000E+00  0.000E+00  0.000E+00  0.000E+00  0.000E+00  0.000E+00  0.000E+00  0.000E+00
  0.000E+00  0.000E+00  0.000E+00  0.000E+00  0.000E+00  0.000E+00  0.000E+00  0.000E+00  0.000E+00  0.000E+00
  0.000E+00  0.000E+00  0.000E+00  0.000E+00  0.000E+00  0.000E+00  0.000E+00  0.000E+00  0.000E+00  0.000E+00
  0.000E+00  0.000E+00  0.000E+00  0.000E+00  0.000E+00  0.000E+00  0.000E+00  0.000E+00  0.000E+00  0.000E+00
  0.000E+00  0.000E+00  0.000E+00  0.000E+00  0.000E+00  0.000E+00  0.000E+00  0.000E+00  0.000E+00  0.000E+00
  0.000E+00  0.000E+00  0.000E+00  0.000E+00  0.000E+00  0.000E+00  0.000E+00  0.000E+00  0.000E+00  0.000E+00
  0.000E+00  0.000E+00  0.000E+00  0.000E+00  0.000E+00  0.000E+00  0.000E+00  0.000E+00  0.000E+00  0.000E+00
  0.000E+00  0.000E+00  0.000E+00  0.000E+00  0.000E+00  0.000E+00  0.000E+00  0.000E+00  0.000E+00  0.000E+00
  0.000E+00  0.000E+00  0.000E+00  0.000E+00  0.000E+00  0.000E+00  0.000E+00  0.000E+00  0.000E+00  0.000E+00
  0.000E+00  0.000E+00  0.000E+00  0.000E+00  0.000E+00  0.000E+00  0.000E+00  0.000E+00  0.000E+00  0.000E+00
  0.000E+00  0.000E+00  0.000E+00  0.000E+00  0.000E+00  0.000E+00  0.000E+00  0.000E+00  0.000E+00  0.000E+00
  0.000E+00  0.000E+00  0.000E+00  0.000E+00  0.000E+00  0.000E+00  0.000E+00  0.000E+00  0.000E+00  0.000E+00
  0.000E+00  0.000E+00  0.000E+00  0.000E+00  0.000E+00  0.000E+00  0.000E+00  0.000E+00  0.000E+00  0.000E+00
  0.000E+00  0.000E+00  0.000E+00  0.000E+00  0.000E+00  0.000E+00  0.000E+00  0.000E+00  0.000E+00  0.000E+00
  0.000E+00  0.000E+00  0.000E+00  0.000E+00  0.000E+00  0.000E+00  0.000E+00  0.000E+00  0.000E+00  0.000E+00
  0.000E+00  0.000E+00  0.000E+00  0.000E+00  0.000E+00  0.000E+00  0.000E+00  0.000E+00  0.000E+00  0.000E+00
  0.000E+00  0.000E+00  0.000E+00  0.000E+00  0.000E+00  0.000E+00  0.000E+00  0.000E+00  0.000E+00  0.000E+00
  0.000E+00  0.000E+00  0.000E+00  0.000E+00  0.000E+00  0.000E+00  0.000E+00  0.000E+00  0.000E+00  0.000E+00
  0.000E+00  0.000E+00  0.000E+00  0.000E+00  0.000E+00  0.000E+00  0.000E+00  0.000E+00  0.000E+00  0.000E+00
  0.000E+00  0.000E+00  0.000E+00  0.000E+00  0.000E+00  0.000E+00  0.000E+00  0.000E+00  0.000E+00  0.000E+00
  0.000E+00  0.000E+00  0.000E+00  0.000E+00  0.000E+00  0.000E+00  0.000E+00  0.000E+00  0.000E+00  0.000E+00
  0.000E+00  0.000E+00  0.000E+00  0.000E+00  0.000E+00  0.000E+00  0.000E+00  0.000E+00  0.000E+00  0.000E+00
  0.000E+00  0.000E+00  0.000E+00  0.000E+00  0.000E+00  0.000E+00  0.000E+00  0.000E+00  0.000E+00  0.000E+00
  0.000E+00  0.000E+00  0.000E+00  0.000E+00  0.000E+00  0.000E+00  0.000E+00  0.000E+00  0.000E+00  0.000E+00
  0.000E+00  0.000E+00  0.000E+00  0.000E+00  0.000E+00  0.000E+00  0.000E+00  0.000E+00  0.000E+00  0.000E+00
  0.000E+00  0.000E+00  0.000E+00  0.000E+00  0.000E+00  0.000E+00  0.000E+00  0.000E+00  0.000E+00  0.000E+00
  0.000E+00  0.000E+00  0.000E+00  0.000E+00  0.000E+00  0.000E+00  0.000E+00  0.000E+00  0.000E+00  0.000E+00
  0.000E+00  0.000E+00  0.000E+00  0.000E+00  0.000E+00  0.000E+00  0.000E+00  0.000E+00  0.000E+00  0.000E+00
  0.000E+00  0.000E+00  0.000E+00  0.000E+00  0.000E+00  0.000E+00  0.000E+00  0.000E+00  0.000E+00  0.000E+00
  0.000E+00  0.000E+00  0.000E+00  0.000E+00  0.000E+00  0.000E+00  0.000E+00  0.000E+00  0.000E+00  0.000E+00
  0.000E+00  0.000E+00  0.000E+00  0.000E+00  0.000E+00  0.000E+00  0.000E+00  0.000E+00  0.000E+00  0.000E+00
  0.000E+00  0.000E+00  0.000E+00  0.000E+00  0.000E+00  0.000E+00  0.000E+00  0.000E+00  0.000E+00  0.000E+00
  0.000E+00  0.000E+00  0.000E+00  0.000E+00  0.000E+00  0.000E+00  0.000E+00  0.000E+00  0.000E+00  0.000E+00
  0.000E+00  0.000E+00  0.000E+00  0.000E+00  0.000E+00  0.000E+00  0.000E+00  0.000E+00  0.000E+00  0.000E+00
  0.000E+00  0.000E+00  0.000E+00  0.000E+00  0.000E+00  0.000E+00  0.000E+00  0.000E+00  0.000E+00  0.000E+00
  0.000E+00  0.000E+00  0.000E+00  0.000E+00  0.000E+00  0.000E+00  0.000E+00  0.000E+00  0.000E+00  0.000E+00
  0.000E+00  0.000E+00  0.000E+00  0.000E+00  0.000E+00  0.000E+00  0.000E+00  0.000E+00  0.000E+00  0.000E+00
  0.000E+00  0.000E+00  0.000E+00  0.000E+00  0.000E+00  0.000E+00  0.000E+00  0.000E+00  0.000E+00  0.000E+00
  0.000E+00  0.000E+00  0.000E+00  0.000E+00  0.000E+00  0.000E+00  0.000E+00  0.000E+00  0.000E+00  0.000E+00
  0.000E+00  0.000E+00  0.000E+00  0.000E+00  0.000E+00  0.000E+00  0.000E+00  0.000E+00  0.000E+00  0.000E+00
  0.000E+00  0.000E+00  0.000E+00  0.000E+00  0.000E+00  0.000E+00  0.000E+00  0.000E+00  0.000E+00  0.000E+00
  0.000E+00  0.000E+00  0.000E+00  0.000E+00  0.000E+00  0.000E+00  0.000E+00  0.000E+00  0.000E+00  0.000E+00
  0.000E+00  0.000E+00  0.000E+00  0.000E+00  0.000E+00  0.000E+00  0.000E+00  0.000E+00  0.000E+00  0.000E+00
  0.000E+00  0.000E+00  0.000E+00  0.000E+00  0.000E+00  0.000E+00  0.000E+00  0.000E+00  0.000E+00  0.000E+00
  0.000E+00  0.000E+00  0.000E+00  0.000E+00  0.000E+00  0.000E+00  0.000E+00  0.000E+00  0.000E+00  0.000E+00
  0.000E+00  0.000E+00  0.000E+00  0.000E+00  0.000E+00  0.000E+00  0.000E+00  0.000E+00  0.000E+00  0.000E+00
  0.000E+00  0.000E+00  0.000E+00  0.000E+00  0.000E+00  0.000E+00  0.000E+00  0.000E+00  0.000E+00  0.000E+00
  0.000E+00  0.000E+00  0.000E+00  0.000E+00  0.000E+00  0.000E+00  0.000E+00  0.000E+00  0.000E+00  0.000E+00
  0.000E+00  0.000E+00  0.000E+00  0.000E+00  0.000E+00  0.000E+00  0.000E+00  0.000E+00  0.000E+00  0.000E+00
  0.000E+00  0.000E+00  0.000E+00  0.000E+00  0.000E+00  0.000E+00  0.000E+00  0.000E+00  0.000E+00  0.000E+00
  0.000E+00  0.000E+00  0.000E+00  0.000E+00  0.000E+00  0.000E+00  0.000E+00  0.000E+00  0.000E+00  0.000E+00
  0.000E+00  0.000E+00  0.000E+00  0.000E+00  0.000E+00  0.000E+00  0.000E+00  0.000E+00  0.000E+00  0.000E+00
  0.000E+00  0.000E+00  0.000E+00  0.000E+00  0.000E+00  0.000E+00  0.000E+00  0.000E+00  0.000E+00  0.000E+00
  0.000E+00  0.000E+00  0.000E+00  0.000E+00  0.000E+00  0.000E+00  0.000E+00  0.000E+00  0.000E+00  0.000E+00
  0.000E+00  0.000E+00  0.000E+00  0.000E+00  0.000E+00  0.000E+00  0.000E+00  0.000E+00  0.000E+00  0.000E+00
  0.000E+00  0.000E+00  0.000E+00  0.000E+00  0.000E+00  0.000E+00  0.000E+00  0.000E+00  0.000E+00  0.000E+00
  0.000E+00  0.000E+00  0.000E+00  0.000E+00  0.000E+00  0.000E+00  0.000E+00  0.000E+00  0.000E+00  0.000E+00
  0.000E+00  0.000E+00  0.000E+00  0.000E+00  0.000E+00  0.000E+00  0.000E+00  0.000E+00  0.000E+00  0.000E+00
  0.000E+00  0.000E+00  0.000E+00  0.000E+00  0.000E+00  0.000E+00  0.000E+00  0.000E+00  0.000E+00  0.000E+00
  0.000E+00  0.000E+00  0.000E+00  0.000E+00  0.000E+00  0.000E+00  0.000E+00  0.000E+00  0.000E+00  0.000E+00
  0.000E+00  0.000E+00  0.000E+00  0.000E+00  0.000E+00  0.000E+00  0.000E+00  0.000E+00  0.000E+00  0.000E+00
  0.000E+00  0.000E+00  0.000E+00  0.000E+00  0.000E+00  0.000E+00  0.000E+00  0.000E+00  0.000E+00  0.000E+00
  0.000E+00  0.000E+00  0.000E+00  0.000E+00  0.000E+00  0.000E+00  0.000E+00  0.000E+00  0.000E+00  0.000E+00
  0.000E+00  0.000E+00  0.000E+00  0.000E+00  0.000E+00  0.000E+00  0.000E+00  0.000E+00  0.000E+00  0.000E+00
  0.000E+00  0.000E+00  0.000E+00  0.000E+00  0.000E+00  0.000E+00  0.000E+00  0.000E+00  0.000E+00  0.000E+00
  0.000E+00  0.000E+00  0.000E+00  0.000E+00  0.000E+00  0.000E+00  0.000E+00  0.000E+00  0.000E+00  0.000E+00
  0.000E+00  0.000E+00  0.000E+00  0.000E+00  0.000E+00  0.000E+00  0.000E+00  0.000E+00  0.000E+00  0.000E+00
  0.000E+00  0.000E+00  0.000E+00  0.000E+00  0.000E+00  0.000E+00  0.000E+00  0.000E+00  0.000E+00  0.000E+00
  0.000E+00  0.000E+00  0.000E+00  0.000E+00  0.000E+00  0.000E+00  0.000E+00  0.000E+00  0.000E+00  0.000E+00
  0.000E+00  0.000E+00  0.000E+00  0.000E+00  0.000E+00  0.000E+00  0.000E+00  0.000E+00  0.000E+00  0.000E+00
  0.000E+00  0.000E+00  0.000E+00  0.000E+00  0.000E+00  0.000E+00  0.000E+00  0.000E+00  0.000E+00  0.000E+00
  0.000E+00  0.000E+00  0.000E+00  0.000E+00  0.000E+00  0.000E+00  0.000E+00  0.000E+00  0.000E+00  0.000E+00
  0.000E+00  0.000E+00  0.000E+00  0.000E+00  0.000E+00  0.000E+00  0.000E+00  0.000E+00  0.000E+00  0.000E+00
  0.000E+00  0.000E+00  0.000E+00  0.000E+00  0.000E+00  0.000E+00  0.000E+00  0.000E+00  0.000E+00  0.000E+00
  0.000E+00  0.000E+00  0.000E+00  0.000E+00  0.000E+00  0.000E+00  0.000E+00  0.000E+00  0.000E+00  0.000E+00
  0.000E+00  0.000E+00  0.000E+00  0.000E+00  0.000E+00  0.000E+00  0.000E+00  0.000E+00  0.000E+00  0.000E+00
  0.000E+00  0.000E+00  0.000E+00  0.000E+00  0.000E+00  0.000E+00  0.000E+00  0.000E+00  0.000E+00  0.000E+00
  0.000E+00  0.000E+00  0.000E+00  0.000E+00  0.000E+00  0.000E+00  0.000E+00  0.000E+00  0.000E+00  0.000E+00
  0.000E+00  0.000E+00  0.000E+00  0.000E+00  0.000E+00  0.000E+00  0.000E+00  0.000E+00  0.000E+00  0.000E+00
  0.000E+00  0.000E+00  0.000E+00  0.000E+00  0.000E+00  0.000E+00  0.000E+00  0.000E+00  0.000E+00  0.000E+00
  0.000E+00  0.000E+00  0.000E+00  0.000E+00  0.000E+00  0.000E+00  0.000E+00  0.000E+00  0.000E+00  0.000E+00
  0.000E+00  0.000E+00  0.000E+00  0.000E+00  0.000E+00  0.000E+00  0.000E+00  0.000E+00  0.000E+00  0.000E+00
  0.000E+00  0.000E+00  0.000E+00  0.000E+00  0.000E+00  0.000E+00  0.000E+00  0.000E+00  0.000E+00  0.000E+00
  0.000E+00  0.000E+00  0.000E+00  0.000E+00  0.000E+00  0.000E+00  0.000E+00  0.000E+00  0.000E+00  0.000E+00
  0.000E+00  0.000E+00  0.000E+00  0.000E+00  0.000E+00  0.000E+00  0.000E+00  0.000E+00  0.000E+00  0.000E+00
  0.000E+00  0.000E+00  0.000E+00  0.000E+00  0.000E+00  0.000E+00  0.000E+00  0.000E+00  0.000E+00  0.000E+00
  0.000E+00  0.000E+00  0.000E+00  0.000E+00  0.000E+00  0.000E+00  0.000E+00  0.000E+00  0.000E+00  0.000E+00
  0.000E+00  0.000E+00  0.000E+00  0.000E+00  0.000E+00  0.000E+00  0.000E+00  0.000E+00  0.000E+00  0.000E+00
  0.000E+00  0.000E+00  0.000E+00  0.000E+00  0.000E+00  0.000E+00  0.000E+00  0.000E+00  0.000E+00  0.000E+00
  0.000E+00  0.000E+00  0.000E+00  0.000E+00  0.000E+00  0.000E+00  0.000E+00  0.000E+00  0.000E+00  0.000E+00
  0.000E+00  0.000E+00  0.000E+00  0.000E+00  0.000E+00  0.000E+00  0.000E+00  0.000E+00  0.000E+00  0.000E+00
  0.000E+00  0.000E+00  0.000E+00  0.000E+00  0.000E+00  0.000E+00  0.000E+00  0.000E+00  0.000E+00  0.000E+00
  0.000E+00  0.000E+00  0.000E+00  0.000E+00  0.000E+00  0.000E+00  0.000E+00  0.000E+00  0.000E+00  0.000E+00
  0.000E+00  0.000E+00  0.000E+00  0.000E+00  0.000E+00  0.000E+00  0.000E+00  0.000E+00  0.000E+00  0.000E+00
  0.000E+00  0.000E+00  0.000E+00  0.000E+00  0.000E+00  0.000E+00  0.000E+00  0.000E+00  0.000E+00  0.000E+00
  0.000E+00  0.000E+00  0.000E+00  0.000E+00  0.000E+00  0.000E+00  0.000E+00  0.000E+00  0.000E+00  0.000E+00
  0.000E+00  0.000E+00  0.000E+00  0.000E+00  0.000E+00  0.000E+00  0.000E+00  0.000E+00  0.000E+00  0.000E+00
  0.000E+00  0.000E+00  0.000E+00  0.000E+00  0.000E+00  0.000E+00  0.000E+00  0.000E+00  0.000E+00  0.000E+00
  0.000E+00  0.000E+00  0.000E+00  0.000E+00  0.000E+00  0.000E+00  0.000E+00  0.000E+00  0.000E+00  0.000E+00
  0.000E+00  0.000E+00  0.000E+00  0.000E+00  0.000E+00  0.000E+00  0.000E+00  0.000E+00  0.000E+00  0.000E+00
  0.000E+00  0.000E+00  0.000E+00  0.000E+00  0.000E+00  0.000E+00  0.000E+00  0.000E+00  0.000E+00  0.000E+00
  0.000E+00  0.000E+00  0.000E+00  0.000E+00  0.000E+00  0.000E+00  0.000E+00  0.000E+00  0.000E+00  0.000E+00
  0.000E+00  0.000E+00  0.000E+00  0.000E+00  0.000E+00  0.000E+00  0.000E+00  0.000E+00  0.000E+00  0.000E+00
  0.000E+00  0.000E+00  0.000E+00  0.000E+00  0.000E+00  0.000E+00  0.000E+00  0.000E+00  0.000E+00  0.000E+00
  0.000E+00  0.000E+00  0.000E+00  0.000E+00  0.000E+00  0.000E+00  0.000E+00  0.000E+00  0.000E+00  0.000E+00
  0.000E+00  0.000E+00  0.000E+00  0.000E+00  0.000E+00  0.000E+00  0.000E+00  0.000E+00  0.000E+00  0.000E+00
  0.000E+00  0.000E+00  0.000E+00  0.000E+00  0.000E+00  0.000E+00  0.000E+00  0.000E+00  0.000E+00  0.000E+00
  0.000E+00  0.000E+00  0.000E+00  0.000E+00  0.000E+00  0.000E+00  0.000E+00  0.000E+00  0.000E+00  0.000E+00
  0.000E+00  0.000E+00  0.000E+00  0.000E+00  0.000E+00  0.000E+00  0.000E+00  0.000E+00  0.000E+00  0.000E+00
  0.000E+00  0.000E+00  0.000E+00  0.000E+00  0.000E+00  0.000E+00  0.000E+00  0.000E+00  0.000E+00  0.000E+00
  0.000E+00  0.000E+00  0.000E+00  0.000E+00  0.000E+00  0.000E+00  0.000E+00  0.000E+00  0.000E+00  0.000E+00
  0.000E+00  0.000E+00  0.000E+00  0.000E+00  0.000E+00  0.000E+00  0.000E+00  0.000E+00  0.000E+00  0.000E+00
  0.000E+00  0.000E+00  0.000E+00  0.000E+00  0.000E+00  0.000E+00  0.000E+00  0.000E+00  0.000E+00  0.000E+00
  0.000E+00  0.000E+00  0.000E+00  0.000E+00  0.000E+00  0.000E+00  0.000E+00  0.000E+00  0.000E+00  0.000E+00
  0.000E+00  0.000E+00  0.000E+00  0.000E+00  0.000E+00  0.000E+00  0.000E+00  0.000E+00  0.000E+00  0.000E+00
  0.000E+00  0.000E+00  0.000E+00  0.000E+00  0.000E+00  0.000E+00  0.000E+00  0.000E+00  0.000E+00  0.000E+00
  0.000E+00  0.000E+00  0.000E+00  0.000E+00  0.000E+00  0.000E+00  0.000E+00  0.000E+00  0.000E+00  0.000E+00
  0.000E+00  0.000E+00  0.000E+00  0.000E+00  0.000E+00  0.000E+00  0.000E+00  0.000E+00  0.000E+00  0.000E+00
  0.000E+00  0.000E+00  0.000E+00  0.000E+00  0.000E+00  0.000E+00  0.000E+00  0.000E+00  0.000E+00  0.000E+00
  0.000E+00  0.000E+00  0.000E+00  0.000E+00  0.000E+00  0.000E+00  0.000E+00  0.000E+00  0.000E+00  0.000E+00
  0.000E+00  0.000E+00  0.000E+00  0.000E+00  0.000E+00  0.000E+00  0.000E+00  0.000E+00  0.000E+00  0.000E+00
  0.000E+00  0.000E+00  0.000E+00  0.000E+00  0.000E+00  0.000E+00  0.000E+00  0.000E+00  0.000E+00  0.000E+00
  0.000E+00  0.000E+00  0.000E+00  0.000E+00  0.000E+00  0.000E+00  0.000E+00  0.000E+00  0.000E+00  0.000E+00
  0.000E+00  0.000E+00  0.000E+00  0.000E+00  0.000E+00  0.000E+00  0.000E+00  0.000E+00  0.000E+00  0.000E+00
  0.000E+00  0.000E+00  0.000E+00  0.000E+00  0.000E+00  0.000E+00  0.000E+00  0.000E+00  0.000E+00  0.000E+00
  0.000E+00  0.000E+00  0.000E+00  0.000E+00  0.000E+00  0.000E+00  0.000E+00  0.000E+00  0.000E+00  0.000E+00
  0.000E+00  0.000E+00  0.000E+00  0.000E+00  0.000E+00  0.000E+00  0.000E+00  0.000E+00  0.000E+00  0.000E+00
  0.000E+00  0.000E+00  0.000E+00  0.000E+00  0.000E+00  0.000E+00  0.000E+00  0.000E+00  0.000E+00  0.000E+00
  0.000E+00  0.000E+00  0.000E+00  0.000E+00  0.000E+00  0.000E+00  0.000E+00  0.000E+00  0.000E+00  0.000E+00
  0.000E+00  0.000E+00  0.000E+00  0.000E+00  0.000E+00  0.000E+00  0.000E+00  0.000E+00  0.000E+00  0.000E+00
  0.000E+00  0.000E+00  0.000E+00  0.000E+00  0.000E+00  0.000E+00  0.000E+00  0.000E+00  0.000E+00  0.000E+00
  0.000E+00  0.000E+00  0.000E+00  0.000E+00  0.000E+00  0.000E+00  0.000E+00  0.000E+00  0.000E+00  0.000E+00
  0.000E+00  0.000E+00  0.000E+00  0.000E+00  0.000E+00  0.000E+00  0.000E+00  0.000E+00  0.000E+00  0.000E+00
  0.000E+00  0.000E+00  0.000E+00  0.000E+00  0.000E+00  0.000E+00  0.000E+00  0.000E+00  0.000E+00  0.000E+00
  0.000E+00  0.000E+00  0.000E+00  0.000E+00  0.000E+00  0.000E+00  0.000E+00  0.000E+00  0.000E+00  0.000E+00
  0.000E+00  0.000E+00  0.000E+00  0.000E+00  0.000E+00  0.000E+00  0.000E+00  0.000E+00  0.000E+00  0.000E+00
  0.000E+00  0.000E+00  0.000E+00  0.000E+00  0.000E+00  0.000E+00  0.000E+00  0.000E+00  0.000E+00  0.000E+00
  0.000E+00  0.000E+00  0.000E+00  0.000E+00  0.000E+00  0.000E+00  0.000E+00  0.000E+00  0.000E+00  0.000E+00
  0.000E+00  0.000E+00  0.000E+00  0.000E+00  0.000E+00  0.000E+00  0.000E+00  0.000E+00  0.000E+00  0.000E+00
  0.000E+00  0.000E+00  0.000E+00  0.000E+00  0.000E+00  0.000E+00  0.000E+00  0.000E+00  0.000E+00  0.000E+00
  0.000E+00  0.000E+00  0.000E+00  0.000E+00  0.000E+00  0.000E+00  0.000E+00  0.000E+00  0.000E+00  0.000E+00
  0.000E+00  0.000E+00  0.000E+00  0.000E+00  0.000E+00  0.000E+00  0.000E+00  0.000E+00  0.000E+00  0.000E+00
  0.000E+00  0.000E+00  0.000E+00  0.000E+00  0.000E+00  0.000E+00  0.000E+00  0.000E+00  0.000E+00  0.000E+00
  0.000E+00  0.000E+00  0.000E+00  0.000E+00  0.000E+00  0.000E+00  0.000E+00  0.000E+00  0.000E+00  0.000E+00
  0.000E+00  0.000E+00  0.000E+00  0.000E+00  0.000E+00  0.000E+00  0.000E+00  0.000E+00  0.000E+00  0.000E+00
  0.000E+00  0.000E+00  0.000E+00  0.000E+00  0.000E+00  0.000E+00  0.000E+00  0.000E+00  0.000E+00  0.000E+00
  0.000E+00  0.000E+00  0.000E+00  0.000E+00  0.000E+00  0.000E+00  0.000E+00  0.000E+00  0.000E+00  0.000E+00
  0.000E+00  0.000E+00  0.000E+00  0.000E+00  0.000E+00  0.000E+00  0.000E+00  0.000E+00  0.000E+00  0.000E+00
  0.000E+00  0.000E+00  0.000E+00  0.000E+00  0.000E+00  0.000E+00  0.000E+00  0.000E+00  0.000E+00  0.000E+00
  0.000E+00  0.000E+00  0.000E+00  0.000E+00  0.000E+00  0.000E+00  0.000E+00  0.000E+00  0.000E+00  0.000E+00
  0.000E+00  0.000E+00  0.000E+00  0.000E+00  0.000E+00  0.000E+00  0.000E+00  0.000E+00  0.000E+00  0.000E+00
  0.000E+00  0.000E+00  0.000E+00  0.000E+00  0.000E+00  0.000E+00  0.000E+00  0.000E+00  0.000E+00  0.000E+00
  0.000E+00  0.000E+00  0.000E+00  0.000E+00  0.000E+00  0.000E+00  0.000E+00  0.000E+00  0.000E+00  0.000E+00
  0.000E+00  0.000E+00  0.000E+00  0.000E+00  0.000E+00  0.000E+00  0.000E+00  0.000E+00  0.000E+00  0.000E+00
  0.000E+00  0.000E+00  0.000E+00  0.000E+00  0.000E+00  0.000E+00  0.000E+00  0.000E+00  0.000E+00  0.000E+00
  0.000E+00  0.000E+00  0.000E+00  0.000E+00  0.000E+00  0.000E+00  0.000E+00  0.000E+00  0.000E+00  0.000E+00
  0.000E+00  0.000E+00  0.000E+00  0.000E+00  0.000E+00  0.000E+00  0.000E+00  0.000E+00  0.000E+00  0.000E+00
  0.000E+00  0.000E+00  0.000E+00  0.000E+00  0.000E+00  0.000E+00  0.000E+00  0.000E+00  0.000E+00  0.000E+00
  0.000E+00  0.000E+00  0.000E+00  0.000E+00  0.000E+00  0.000E+00  0.000E+00  0.000E+00  0.000E+00  0.000E+00
  0.000E+00  0.000E+00  0.000E+00  0.000E+00  0.000E+00  0.000E+00  0.000E+00  0.000E+00  0.000E+00  0.000E+00
  0.000E+00  0.000E+00  0.000E+00  0.000E+00  0.000E+00  0.000E+00  0.000E+00  0.000E+00  0.000E+00  0.000E+00
  0.000E+00  0.000E+00  0.000E+00  0.000E+00  0.000E+00  0.000E+00  0.000E+00  0.000E+00  0.000E+00  0.000E+00
  0.000E+00  0.000E+00  0.000E+00  0.000E+00  0.000E+00  0.000E+00  0.000E+00  0.000E+00  0.000E+00  0.000E+00
  0.000E+00  0.000E+00  0.000E+00  0.000E+00  0.000E+00  0.000E+00  0.000E+00  0.000E+00  0.000E+00  0.000E+00
  0.000E+00  0.000E+00  0.000E+00  0.000E+00  0.000E+00  0.000E+00  0.000E+00  0.000E+00  0.000E+00  0.000E+00
  0.000E+00  0.000E+00  0.000E+00  0.000E+00  0.000E+00  0.000E+00  0.000E+00  0.000E+00  0.000E+00  0.000E+00
  0.000E+00  0.000E+00  0.000E+00  0.000E+00  0.000E+00  0.000E+00  0.000E+00  0.000E+00  0.000E+00  0.000E+00
  0.000E+00  0.000E+00  0.000E+00  0.000E+00  0.000E+00  0.000E+00  0.000E+00  0.000E+00  0.000E+00  0.000E+00
  0.000E+00  0.000E+00  0.000E+00  0.000E+00  0.000E+00  0.000E+00  0.000E+00  0.000E+00  0.000E+00  0.000E+00
  0.000E+00  0.000E+00  0.000E+00  0.000E+00  0.000E+00  0.000E+00  0.000E+00  0.000E+00  0.000E+00  0.000E+00
  0.000E+00  0.000E+00  0.000E+00  0.000E+00  0.000E+00  0.000E+00  0.000E+00  0.000E+00  0.000E+00  0.000E+00
  0.000E+00  0.000E+00  0.000E+00  0.000E+00  0.000E+00  0.000E+00  0.000E+00  0.000E+00  0.000E+00  0.000E+00
  0.000E+00  0.000E+00  0.000E+00  0.000E+00  0.000E+00  0.000E+00  0.000E+00  0.000E+00  0.000E+00  0.000E+00
  0.000E+00  0.000E+00  0.000E+00  0.000E+00  0.000E+00  0.000E+00  0.000E+00  0.000E+00  0.000E+00  0.000E+00
  0.000E+00  0.000E+00  0.000E+00  0.000E+00  0.000E+00  0.000E+00  0.000E+00  0.000E+00  0.000E+00  0.000E+00
  0.000E+00  0.000E+00  0.000E+00  0.000E+00  0.000E+00  0.000E+00  0.000E+00  0.000E+00  0.000E+00  0.000E+00
  0.000E+00  0.000E+00  0.000E+00  0.000E+00  0.000E+00  0.000E+00  0.000E+00  0.000E+00  0.000E+00  0.000E+00
  0.000E+00  0.000E+00  0.000E+00  0.000E+00  0.000E+00  0.000E+00  0.000E+00  0.000E+00  0.000E+00  0.000E+00
  0.000E+00  0.000E+00  0.000E+00  0.000E+00  0.000E+00  0.000E+00  0.000E+00  0.000E+00  0.000E+00  0.000E+00
  0.000E+00  0.000E+00  0.000E+00  0.000E+00  0.000E+00  0.000E+00  0.000E+00  0.000E+00  0.000E+00  0.000E+00
  0.000E+00  0.000E+00  0.000E+00  0.000E+00  0.000E+00  0.000E+00  0.000E+00  0.000E+00  0.000E+00  0.000E+00
  0.000E+00  0.000E+00  0.000E+00  0.000E+00  0.000E+00  0.000E+00  0.000E+00  0.000E+00  0.000E+00  0.000E+00
  0.000E+00  0.000E+00  0.000E+00  0.000E+00  0.000E+00  0.000E+00  0.000E+00  0.000E+00  0.000E+00  0.000E+00
  0.000E+00  0.000E+00  0.000E+00  0.000E+00  0.000E+00  0.000E+00  0.000E+00  0.000E+00  0.000E+00  0.000E+00
  0.000E+00  0.000E+00  0.000E+00  0.000E+00  0.000E+00  0.000E+00  0.000E+00  0.000E+00  0.000E+00  0.000E+00
  0.000E+00  0.000E+00  0.000E+00  0.000E+00  0.000E+00  0.000E+00  0.000E+00  0.000E+00  0.000E+00  0.000E+00
  0.000E+00  0.000E+00  0.000E+00  0.000E+00  0.000E+00  0.000E+00  0.000E+00  0.000E+00  0.000E+00  0.000E+00
  0.000E+00  0.000E+00  0.000E+00  0.000E+00  0.000E+00  0.000E+00  0.000E+00  0.000E+00  0.000E+00  0.000E+00
  0.000E+00  0.000E+00  0.000E+00  0.000E+00  0.000E+00  0.000E+00  0.000E+00  0.000E+00  0.000E+00  0.000E+00
  0.000E+00  0.000E+00  0.000E+00  0.000E+00  0.000E+00  0.000E+00  0.000E+00  0.000E+00  0.000E+00  0.000E+00
  0.000E+00  0.000E+00  0.000E+00  0.000E+00  0.000E+00  0.000E+00  0.000E+00  0.000E+00  0.000E+00  0.000E+00
  0.000E+00  0.000E+00  0.000E+00  0.000E+00  0.000E+00  0.000E+00  0.000E+00  0.000E+00  0.000E+00  0.000E+00
  0.000E+00  0.000E+00  0.000E+00  0.000E+00  0.000E+00  0.000E+00  0.000E+00  0.000E+00  0.000E+00  0.000E+00
  0.000E+00  0.000E+00  0.000E+00  0.000E+00  0.000E+00  0.000E+00  0.000E+00  0.000E+00  0.000E+00  0.000E+00
  0.000E+00  0.000E+00  0.000E+00  0.000E+00  0.000E+00  0.000E+00  0.000E+00  0.000E+00  0.000E+00  0.000E+00
  0.000E+00  0.000E+00  0.000E+00  0.000E+00  0.000E+00  0.000E+00  0.000E+00  0.000E+00  0.000E+00  0.000E+00
  0.000E+00  0.000E+00  0.000E+00  0.000E+00  0.000E+00  0.000E+00  0.000E+00  0.000E+00  0.000E+00  0.000E+00
  0.000E+00  0.000E+00  0.000E+00  0.000E+00  0.000E+00  0.000E+00  0.000E+00  0.000E+00  0.000E+00  0.000E+00
  0.000E+00  0.000E+00  0.000E+00  0.000E+00  0.000E+00  0.000E+00  0.000E+00  0.000E+00  0.000E+00  0.000E+00
  0.000E+00  0.000E+00  0.000E+00  0.000E+00  0.000E+00  0.000E+00  0.000E+00  0.000E+00  0.000E+00  0.000E+00
  0.000E+00  0.000E+00  0.000E+00  0.000E+00  0.000E+00  0.000E+00  0.000E+00  0.000E+00  0.000E+00  0.000E+00
  0.000E+00  0.000E+00  0.000E+00  0.000E+00  0.000E+00  0.000E+00  0.000E+00  0.000E+00  0.000E+00  0.000E+00
  0.000E+00  0.000E+00  0.000E+00  0.000E+00  0.000E+00  0.000E+00  0.000E+00  0.000E+00  0.000E+00  0.000E+00
  0.000E+00  0.000E+00  0.000E+00  0.000E+00  0.000E+00  0.000E+00  0.000E+00  0.000E+00  0.000E+00  0.000E+00
  0.000E+00  0.000E+00  0.000E+00  0.000E+00  0.000E+00  0.000E+00  0.000E+00  0.000E+00  0.000E+00  0.000E+00
  0.000E+00  0.000E+00  0.000E+00  0.000E+00  0.000E+00  0.000E+00  0.000E+00  0.000E+00  0.000E+00  0.000E+00
  0.000E+00  0.000E+00  0.000E+00  0.000E+00  0.000E+00  0.000E+00  0.000E+00  0.000E+00  0.000E+00  0.000E+00
  0.000E+00  0.000E+00  0.000E+00  0.000E+00  0.000E+00  0.000E+00  0.000E+00  0.000E+00  0.000E+00  0.000E+00
  0.000E+00  0.000E+00  0.000E+00  0.000E+00  0.000E+00  0.000E+00  0.000E+00  0.000E+00  0.000E+00  0.000E+00
  0.000E+00  0.000E+00  0.000E+00  0.000E+00  0.000E+00  0.000E+00  0.000E+00  0.000E+00  0.000E+00  0.000E+00
  0.000E+00  0.000E+00  0.000E+00  0.000E+00  0.000E+00  0.000E+00  0.000E+00  0.000E+00  0.000E+00  0.000E+00
  0.000E+00  0.000E+00  0.000E+00  0.000E+00  0.000E+00  0.000E+00  0.000E+00  0.000E+00  0.000E+00  0.000E+00
  0.000E+00  0.000E+00  0.000E+00  0.000E+00  0.000E+00  0.000E+00  0.000E+00  0.000E+00  0.000E+00  0.000E+00
  0.000E+00  0.000E+00  0.000E+00  0.000E+00  0.000E+00  0.000E+00  0.000E+00  0.000E+00  0.000E+00  0.000E+00
  0.000E+00  0.000E+00  0.000E+00  0.000E+00  0.000E+00  0.000E+00  0.000E+00  0.000E+00  0.000E+00  0.000E+00
  0.000E+00  0.000E+00  0.000E+00  0.000E+00  0.000E+00  0.000E+00  0.000E+00  0.000E+00  0.000E+00  0.000E+00
  0.000E+00  0.000E+00  0.000E+00  0.000E+00  0.000E+00  0.000E+00  0.000E+00  0.000E+00  0.000E+00  0.000E+00
  0.000E+00  0.000E+00  0.000E+00  0.000E+00  0.000E+00  0.000E+00  0.000E+00  0.000E+00  0.000E+00  0.000E+00
  0.000E+00  0.000E+00  0.000E+00  0.000E+00  0.000E+00  0.000E+00  0.000E+00  0.000E+00  0.000E+00  0.000E+00
  0.000E+00  0.000E+00  0.000E+00  0.000E+00  0.000E+00  0.000E+00  0.000E+00  0.000E+00  0.000E+00  0.000E+00
  0.000E+00  0.000E+00  0.000E+00  0.000E+00  0.000E+00  0.000E+00  0.000E+00  0.000E+00  0.000E+00  0.000E+00
  0.000E+00  0.000E+00  0.000E+00  0.000E+00  0.000E+00  0.000E+00  0.000E+00  0.000E+00  0.000E+00  0.000E+00
  0.000E+00  0.000E+00  0.000E+00  0.000E+00  0.000E+00  0.000E+00  0.000E+00  0.000E+00  0.000E+00  0.000E+00
  0.000E+00  0.000E+00  0.000E+00  0.000E+00  0.000E+00  0.000E+00  0.000E+00  0.000E+00  0.000E+00  0.000E+00

#------------------------------------------------------------------------------
# gshow
#------------------------------------------------------------------------------

p: legs[c5*0.875]

hb:   line clip z  
frame:
  0.0000000E+00 -4.2000000E+00
  8.4000000E+00 -4.2000000E+00
  8.4000000E+00  4.2000000E+00
  0.0000000E+00  4.2000000E+00
clip:
 -9.230768E-02 -4.364706E+00
  0.000000E+00 -4.364706E+00
  0.000000E+00 -4.272398E+00
  0.000000E+00 -4.190118E+00
  0.000000E+00 -4.097810E+00
  0.000000E+00 -4.015529E+00
  0.000000E+00 -3.923222E+00
  0.000000E+00 -3.840941E+00
  0.000000E+00 -3.748633E+00
  0.000000E+00 -3.666353E+00
  0.000000E+00 -3.574045E+00
  0.000000E+00 -3.491765E+00
  0.000000E+00 -3.399457E+00
  0.000000E+00 -3.317176E+00
  0.000000E+00 -3.224869E+00
  0.000000E+00 -3.142588E+00
  0.000000E+00 -3.050281E+00
  0.000000E+00 -2.968000E+00
  0.000000E+00 -2.875692E+00
  0.000000E+00 -2.793412E+00
  0.000000E+00 -2.701104E+00
  0.000000E+00 -2.618824E+00
  0.000000E+00 -2.526516E+00
  0.000000E+00 -2.444235E+00
  0.000000E+00 -2.351928E+00
  0.000000E+00 -2.269647E+00
  0.000000E+00 -2.177339E+00
  0.000000E+00 -2.095059E+00
  0.000000E+00 -2.002751E+00
  0.000000E+00 -1.920471E+00
  0.000000E+00 -1.828163E+00
  0.000000E+00 -1.745882E+00
  0.000000E+00 -1.653575E+00
  0.000000E+00 -1.571294E+00
  0.000000E+00 -1.478986E+00
  0.000000E+00 -1.396706E+00
  0.000000E+00 -1.304398E+00
  0.000000E+00 -1.222118E+00
  0.000000E+00 -1.129810E+00
  0.000000E+00 -1.047529E+00
  0.000000E+00 -9.552217E-01
  0.000000E+00 -8.729412E-01
  0.000000E+00 -7.806335E-01
  0.000000E+00 -6.983529E-01
  0.000000E+00 -6.060452E-01
  0.000000E+00 -5.237647E-01
  0.000000E+00 -4.314570E-01
  0.000000E+00 -3.491764E-01
  0.000000E+00 -2.568688E-01
  0.000000E+00 -1.745882E-01
  0.000000E+00 -8.228053E-02
  0.000000E+00  2.345679E-08
  0.000000E+00  9.230770E-02
  0.000000E+00  1.745883E-01
  0.000000E+00  2.668959E-01
  0.000000E+00  3.491765E-01
  0.000000E+00  4.414842E-01
  0.000000E+00  5.237647E-01
  0.000000E+00  6.160724E-01
  0.000000E+00  6.983530E-01
  0.000000E+00  7.906606E-01
  0.000000E+00  8.729412E-01
  0.000000E+00  9.652489E-01
  0.000000E+00  1.047529E+00
  0.000000E+00  1.139837E+00
  0.000000E+00  1.222118E+00
  0.000000E+00  1.314425E+00
  0.000000E+00  1.396706E+00
  0.000000E+00  1.489014E+00
  0.000000E+00  1.571294E+00
  0.000000E+00  1.663602E+00
  0.000000E+00  1.745882E+00
  0.000000E+00  1.838190E+00
  0.000000E+00  1.920471E+00
  0.000000E+00  2.012778E+00
  0.000000E+00  2.095059E+00
  0.000000E+00  2.187367E+00
  0.000000E+00  2.269647E+00
  0.000000E+00  2.361955E+00
  0.000000E+00  2.444235E+00
  0.000000E+00  2.536543E+00
  0.000000E+00  2.618824E+00
  0.000000E+00  2.711131E+00
  0.000000E+00  2.793412E+00
  0.000000E+00  2.885719E+00
  0.000000E+00  2.968000E+00
  0.000000E+00  3.060308E+00
  0.000000E+00  3.142588E+00
  0.000000E+00  3.234896E+00
  0.000000E+00  3.317176E+00
  0.000000E+00  3.409484E+00
  0.000000E+00  3.491765E+00
  0.000000E+00  3.584072E+00
  0.000000E+00  3.666353E+00
  0.000000E+00  3.758661E+00
  0.000000E+00  3.840941E+00
  0.000000E+00  3.933249E+00
  0.000000E+00  4.015529E+00
  0.000000E+00  4.107837E+00
  0.000000E+00  4.190118E+00
  0.000000E+00  4.282425E+00
  0.000000E+00  4.364706E+00
 -9.230768E-02  4.364706E+00
 -9.230768E-02  4.190118E+00
 -9.230768E-02  4.015529E+00
 -9.230768E-02  3.840941E+00
 -9.230768E-02  3.666353E+00
 -9.230768E-02  3.491765E+00
 -9.230768E-02  3.317176E+00
 -9.230768E-02  3.142588E+00
 -9.230768E-02  2.968000E+00
 -9.230768E-02  2.793412E+00
 -9.230768E-02  2.618824E+00
 -9.230768E-02  2.444235E+00
 -9.230768E-02  2.269647E+00
 -9.230768E-02  2.095059E+00
 -9.230768E-02  1.920471E+00
 -9.230768E-02  1.745882E+00
 -9.230768E-02  1.571294E+00
 -9.230768E-02  1.396706E+00
 -9.230768E-02  1.222118E+00
 -9.230768E-02  1.047529E+00
 -9.230768E-02  8.729412E-01
 -9.230768E-02  6.983530E-01
 -9.230768E-02  5.237647E-01
 -9.230768E-02  3.491765E-01
 -9.230768E-02  1.745883E-01
 -9.230768E-02  2.345679E-08
 -9.230768E-02 -1.745882E-01
 -9.230768E-02 -3.491764E-01
 -9.230768E-02 -5.237647E-01
 -9.230768E-02 -6.983529E-01
 -9.230768E-02 -8.729412E-01
 -9.230768E-02 -1.047529E+00
 -9.230768E-02 -1.222118E+00
 -9.230768E-02 -1.396706E+00
 -9.230768E-02 -1.571294E+00
 -9.230768E-02 -1.745882E+00
 -9.230768E-02 -1.920471E+00
 -9.230768E-02 -2.095059E+00
 -9.230768E-02 -2.269647E+00
 -9.230768E-02 -2.444235E+00
 -9.230768E-02 -2.618824E+00
 -9.230768E-02 -2.793412E+00
 -9.230768E-02 -2.968000E+00
 -9.230768E-02 -3.142588E+00
 -9.230768E-02 -3.317176E+00
 -9.230768E-02 -3.491765E+00
 -9.230768E-02 -3.666353E+00
 -9.230768E-02 -3.840941E+00
 -9.230768E-02 -4.015529E+00
 -9.230768E-02 -4.190118E+00
 -9.230768E-02 -4.364706E+00

hb:   line clip z  
frame:
  0.0000000E+00 -4.2000000E+00
  8.4000000E+00 -4.2000000E+00
  8.4000000E+00  4.2000000E+00
  0.0000000E+00  4.2000000E+00
clip:
  3.076935E-03 -4.364706E+00
  4.200000E+00 -4.364706E+00
  4.200000E+00 -4.269321E+00
  4.200000E+00 -4.190118E+00
  4.200000E+00 -4.094733E+00
  4.200000E+00 -4.015529E+00
  4.200000E+00 -3.920145E+00
  4.200000E+00 -3.840941E+00
  4.200000E+00 -3.745557E+00
  4.200000E+00 -3.666353E+00
  4.200000E+00 -3.570968E+00
  4.200000E+00 -3.491765E+00
  4.200000E+00 -3.396380E+00
  4.200000E+00 -3.317176E+00
  4.200000E+00 -3.221792E+00
  4.200000E+00 -3.142588E+00
  4.200000E+00 -3.047204E+00
  4.200000E+00 -2.968000E+00
  4.200000E+00 -2.872615E+00
  4.200000E+00 -2.793412E+00
  4.200000E+00 -2.698027E+00
  4.200000E+00 -2.618824E+00
  4.200000E+00 -2.523439E+00
  4.200000E+00 -2.444235E+00
  4.200000E+00 -2.348851E+00
  4.200000E+00 -2.269647E+00
  4.200000E+00 -2.174262E+00
  4.200000E+00 -2.095059E+00
  4.200000E+00 -1.999674E+00
  4.200000E+00 -1.920471E+00
  4.200000E+00 -1.825086E+00
  4.200000E+00 -1.745882E+00
  4.200000E+00 -1.650498E+00
  4.200000E+00 -1.571294E+00
  4.200000E+00 -1.475909E+00
  4.200000E+00 -1.396706E+00
  4.200000E+00 -1.301321E+00
  4.200000E+00 -1.222118E+00
  4.200000E+00 -1.126733E+00
  4.200000E+00 -1.047529E+00
  4.200000E+00 -9.521448E-01
  4.200000E+00 -8.729412E-01
  4.200000E+00 -7.775565E-01
  4.200000E+00 -6.983529E-01
  4.200000E+00 -6.029683E-01
  4.200000E+00 -5.237647E-01
  4.200000E+00 -4.283801E-01
  4.200000E+00 -3.491764E-01
  4.200000E+00 -2.537918E-01
  4.200000E+00 -1.745882E-01
  4.200000E+00 -7.920361E-02
  4.200000E+00  2.345679E-08
  4.200000E+00  9.538463E-02
  4.200000E+00  1.745883E-01
  4.200000E+00  2.699729E-01
  4.200000E+00  3.491765E-01
  4.200000E+00  4.445611E-01
  4.200000E+00  5.237647E-01
  4.200000E+00  6.191493E-01
  4.200000E+00  6.983530E-01
  4.200000E+00  7.937376E-01
  4.200000E+00  8.729412E-01
  4.200000E+00  9.683258E-01
  4.200000E+00  1.047529E+00
  4.200000E+00  1.142914E+00
  4.200000E+00  1.222118E+00
  4.200000E+00  1.317502E+00
  4.200000E+00  1.396706E+00
  4.200000E+00  1.492091E+00
  4.200000E+00  1.571294E+00
  4.200000E+00  1.666679E+00
  4.200000E+00  1.745882E+00
  4.200000E+00  1.841267E+00
  4.200000E+00  1.920471E+00
  4.200000E+00  2.015855E+00
  4.200000E+00  2.095059E+00
  4.200000E+00  2.190443E+00
  4.200000E+00  2.269647E+00
  4.200000E+00  2.365032E+00
  4.200000E+00  2.444235E+00
  4.200000E+00  2.539620E+00
  4.200000E+00  2.618824E+00
  4.200000E+00  2.714208E+00
  4.200000E+00  2.793412E+00
  4.200000E+00  2.888796E+00
  4.200000E+00  2.968000E+00
  4.200000E+00  3.063385E+00
  4.200000E+00  3.142588E+00
  4.200000E+00  3.237973E+00
  4.200000E+00  3.317176E+00
  4.200000E+00  3.412561E+00
  4.200000E+00  3.491765E+00
  4.200000E+00  3.587149E+00
  4.200000E+00  3.666353E+00
  4.200000E+00  3.761738E+00
  4.200000E+00  3.840941E+00
  4.200000E+00  3.936326E+00
  4.200000E+00  4.015529E+00
  4.200000E+00  4.110914E+00
  4.200000E+00  4.190118E+00
  4.200000E+00  4.285502E+00
  4.200000E+00  4.364706E+00
  4.104615E+00  4.364706E+00
  4.009231E+00  4.364706E+00
  3.913846E+00  4.364706E+00
  3.818462E+00  4.364706E+00
  3.723077E+00  4.364706E+00
  3.627692E+00  4.364706E+00
  3.532308E+00  4.364706E+00
  3.436923E+00  4.364706E+00
  3.341538E+00  4.364706E+00
  3.246154E+00  4.364706E+00
  3.150769E+00  4.364706E+00
  3.055385E+00  4.364706E+00
  2.960000E+00  4.364706E+00
  2.864615E+00  4.364706E+00
  2.769231E+00  4.364706E+00
  2.673846E+00  4.364706E+00
  2.578462E+00  4.364706E+00
  2.483077E+00  4.364706E+00
  2.387692E+00  4.364706E+00
  2.292308E+00  4.364706E+00
  2.196923E+00  4.364706E+00
  2.101538E+00  4.364706E+00
  2.006154E+00  4.364706E+00
  1.910769E+00  4.364706E+00
  1.815385E+00  4.364706E+00
  1.720000E+00  4.364706E+00
  1.624615E+00  4.364706E+00
  1.529231E+00  4.364706E+00
  1.433846E+00  4.364706E+00
  1.338462E+00  4.364706E+00
  1.243077E+00  4.364706E+00
  1.147692E+00  4.364706E+00
  1.052308E+00  4.364706E+00
  9.569231E-01  4.364706E+00
  8.615385E-01  4.364706E+00
  7.661539E-01  4.364706E+00
  6.707692E-01  4.364706E+00
  5.753846E-01  4.364706E+00
  4.800000E-01  4.364706E+00
  3.846154E-01  4.364706E+00
  2.892308E-01  4.364706E+00
  1.938462E-01  4.364706E+00
  9.846155E-02  4.364706E+00
  3.076935E-03  4.364706E+00
  0.000000E+00  4.364706E+00
  0.000000E+00  4.361629E+00
  0.000000E+00  4.190118E+00
  0.000000E+00  4.187041E+00
  0.000000E+00  4.015529E+00
  0.000000E+00  4.012452E+00
  0.000000E+00  3.840941E+00
  0.000000E+00  3.837864E+00
  0.000000E+00  3.666353E+00
  0.000000E+00  3.663276E+00
  0.000000E+00  3.491765E+00
  0.000000E+00  3.488688E+00
  0.000000E+00  3.317176E+00
  0.000000E+00  3.314100E+00
  0.000000E+00  3.142588E+00
  0.000000E+00  3.139511E+00
  0.000000E+00  2.968000E+00
  0.000000E+00  2.964923E+00
  0.000000E+00  2.793412E+00
  0.000000E+00  2.790335E+00
  0.000000E+00  2.618824E+00
  0.000000E+00  2.615747E+00
  0.000000E+00  2.444235E+00
  0.000000E+00  2.441158E+00
  0.000000E+00  2.269647E+00
  0.000000E+00  2.266570E+00
  0.000000E+00  2.095059E+00
  0.000000E+00  2.091982E+00
  0.000000E+00  1.920471E+00
  0.000000E+00  1.917394E+00
  0.000000E+00  1.745882E+00
  0.000000E+00  1.742805E+00
  0.000000E+00  1.571294E+00
  0.000000E+00  1.568217E+00
  0.000000E+00  1.396706E+00
  0.000000E+00  1.393629E+00
  0.000000E+00  1.222118E+00
  0.000000E+00  1.219041E+00
  0.000000E+00  1.047529E+00
  0.000000E+00  1.044452E+00
  0.000000E+00  8.729412E-01
  0.000000E+00  8.698643E-01
  0.000000E+00  6.983530E-01
  0.000000E+00  6.952760E-01
  0.000000E+00  5.237647E-01
  0.000000E+00  5.206878E-01
  0.000000E+00  3.491765E-01
  0.000000E+00  3.460996E-01
  0.000000E+00  1.745883E-01
  0.000000E+00  1.715113E-01
  0.000000E+00  2.345679E-08
  0.000000E+00 -3.076912E-03
  0.000000E+00 -1.745882E-01
  0.000000E+00 -1.776651E-01
  0.000000E+00 -3.491764E-01
  0.000000E+00 -3.522534E-01
  0.000000E+00 -5.237647E-01
  0.000000E+00 -5.268416E-01
  0.000000E+00 -6.983529E-01
  0.000000E+00 -7.014299E-01
  0.000000E+00 -8.729412E-01
  0.000000E+00 -8.760181E-01
  0.000000E+00 -1.047529E+00
  0.000000E+00 -1.050606E+00
  0.000000E+00 -1.222118E+00
  0.000000E+00 -1.225195E+00
  0.000000E+00 -1.396706E+00
  0.000000E+00 -1.399783E+00
  0.000000E+00 -1.571294E+00
  0.000000E+00 -1.574371E+00
  0.000000E+00 -1.745882E+00
  0.000000E+00 -1.748959E+00
  0.000000E+00 -1.920471E+00
  0.000000E+00 -1.923548E+00
  0.000000E+00 -2.095059E+00
  0.000000E+00 -2.098136E+00
  0.000000E+00 -2.269647E+00
  0.000000E+00 -2.272724E+00
  0.000000E+00 -2.444235E+00
  0.000000E+00 -2.447312E+00
  0.000000E+00 -2.618824E+00
  0.000000E+00 -2.621900E+00
  0.000000E+00 -2.793412E+00
  0.000000E+00 -2.796489E+00
  0.000000E+00 -2.968000E+00
  0.000000E+00 -2.971077E+00
  0.000000E+00 -3.142588E+00
  0.000000E+00 -3.145665E+00
  0.000000E+00 -3.317176E+00
  0.000000E+00 -3.320253E+00
  0.000000E+00 -3.491765E+00
  0.000000E+00 -3.494842E+00
  0.000000E+00 -3.666353E+00
  0.000000E+00 -3.669430E+00
  0.000000E+00 -3.840941E+00
  0.000000E+00 -3.844018E+00
  0.000000E+00 -4.015529E+00
  0.000000E+00 -4.018606E+00
  0.000000E+00 -4.190118E+00
  0.000000E+00 -4.193195E+00
  0.000000E+00 -4.364706E+00

hb:   line clip z  
frame:
  0.0000000E+00 -4.2000000E+00
  8.4000000E+00 -4.2000000E+00
  8.4000000E+00  4.2000000E+00
  0.0000000E+00  4.2000000E+00
clip:
  4.200000E+00 -4.364706E+00
  8.492308E+00 -4.364706E+00
  8.492308E+00 -4.190118E+00
  8.492308E+00 -4.015529E+00
  8.492308E+00 -3.840941E+00
  8.492308E+00 -3.666353E+00
  8.492308E+00 -3.491765E+00
  8.492308E+00 -3.317176E+00
  8.492308E+00 -3.142588E+00
  8.492308E+00 -2.968000E+00
  8.492308E+00 -2.793412E+00
  8.492308E+00 -2.618824E+00
  8.492308E+00 -2.444235E+00
  8.492308E+00 -2.269647E+00
  8.492308E+00 -2.095059E+00
  8.492308E+00 -1.920471E+00
  8.492308E+00 -1.745882E+00
  8.492308E+00 -1.571294E+00
  8.492308E+00 -1.396706E+00
  8.492308E+00 -1.222118E+00
  8.492308E+00 -1.047529E+00
  8.492308E+00 -8.729412E-01
  8.492308E+00 -6.983529E-01
  8.492308E+00 -5.237647E-01
  8.492308E+00 -3.491764E-01
  8.492308E+00 -1.745882E-01
  8.492308E+00  2.345679E-08
  8.492308E+00  1.745883E-01
  8.492308E+00  3.491765E-01
  8.492308E+00  5.237647E-01
  8.492308E+00  6.983530E-01
  8.492308E+00  8.729412E-01
  8.492308E+00  1.047529E+00
  8.492308E+00  1.222118E+00
  8.492308E+00  1.396706E+00
  8.492308E+00  1.571294E+00
  8.492308E+00  1.745882E+00
  8.492308E+00  1.920471E+00
  8.492308E+00  2.095059E+00
  8.492308E+00  2.269647E+00
  8.492308E+00  2.444235E+00
  8.492308E+00  2.618824E+00
  8.492308E+00  2.793412E+00
  8.492308E+00  2.968000E+00
  8.492308E+00  3.142588E+00
  8.492308E+00  3.317176E+00
  8.492308E+00  3.491765E+00
  8.492308E+00  3.666353E+00
  8.492308E+00  3.840941E+00
  8.492308E+00  4.015529E+00
  8.492308E+00  4.190118E+00
  8.492308E+00  4.364706E+00
  8.396923E+00  4.364706E+00
  8.301538E+00  4.364706E+00
  8.206154E+00  4.364706E+00
  8.110769E+00  4.364706E+00
  8.015385E+00  4.364706E+00
  7.920000E+00  4.364706E+00
  7.824615E+00  4.364706E+00
  7.729231E+00  4.364706E+00
  7.633846E+00  4.364706E+00
  7.538462E+00  4.364706E+00
  7.443077E+00  4.364706E+00
  7.347692E+00  4.364706E+00
  7.252308E+00  4.364706E+00
  7.156923E+00  4.364706E+00
  7.061538E+00  4.364706E+00
  6.966154E+00  4.364706E+00
  6.870769E+00  4.364706E+00
  6.775385E+00  4.364706E+00
  6.680000E+00  4.364706E+00
  6.584615E+00  4.364706E+00
  6.489231E+00  4.364706E+00
  6.393846E+00  4.364706E+00
  6.298462E+00  4.364706E+00
  6.203077E+00  4.364706E+00
  6.107692E+00  4.364706E+00
  6.012308E+00  4.364706E+00
  5.916923E+00  4.364706E+00
  5.821538E+00  4.364706E+00
  5.726154E+00  4.364706E+00
  5.630769E+00  4.364706E+00
  5.535385E+00  4.364706E+00
  5.440000E+00  4.364706E+00
  5.344615E+00  4.364706E+00
  5.249231E+00  4.364706E+00
  5.153846E+00  4.364706E+00
  5.058462E+00  4.364706E+00
  4.963077E+00  4.364706E+00
  4.867692E+00  4.364706E+00
  4.772308E+00  4.364706E+00
  4.676923E+00  4.364706E+00
  4.581538E+00  4.364706E+00
  4.486154E+00  4.364706E+00
  4.390769E+00  4.364706E+00
  4.295385E+00  4.364706E+00
  4.200000E+00  4.364706E+00
  4.200000E+00  4.190118E+00
  4.200000E+00  4.015529E+00
  4.200000E+00  3.840941E+00
  4.200000E+00  3.666353E+00
  4.200000E+00  3.491765E+00
  4.200000E+00  3.317176E+00
  4.200000E+00  3.142588E+00
  4.200000E+00  2.968000E+00
  4.200000E+00  2.793412E+00
  4.200000E+00  2.618824E+00
  4.200000E+00  2.444235E+00
  4.200000E+00  2.269647E+00
  4.200000E+00  2.095059E+00
  4.200000E+00  1.920471E+00
  4.200000E+00  1.745882E+00
  4.200000E+00  1.571294E+00
  4.200000E+00  1.396706E+00
  4.200000E+00  1.222118E+00
  4.200000E+00  1.047529E+00
  4.200000E+00  8.729412E-01
  4.200000E+00  6.983530E-01
  4.200000E+00  5.237647E-01
  4.200000E+00  3.491765E-01
  4.200000E+00  1.745883E-01
  4.200000E+00  2.345679E-08
  4.200000E+00 -1.745882E-01
  4.200000E+00 -3.491764E-01
  4.200000E+00 -5.237647E-01
  4.200000E+00 -6.983529E-01
  4.200000E+00 -8.729412E-01
  4.200000E+00 -1.047529E+00
  4.200000E+00 -1.222118E+00
  4.200000E+00 -1.396706E+00
  4.200000E+00 -1.571294E+00
  4.200000E+00 -1.745882E+00
  4.200000E+00 -1.920471E+00
  4.200000E+00 -2.095059E+00
  4.200000E+00 -2.269647E+00
  4.200000E+00 -2.444235E+00
  4.200000E+00 -2.618824E+00
  4.200000E+00 -2.793412E+00
  4.200000E+00 -2.968000E+00
  4.200000E+00 -3.142588E+00
  4.200000E+00 -3.317176E+00
  4.200000E+00 -3.491765E+00
  4.200000E+00 -3.666353E+00
  4.200000E+00 -3.840941E+00
  4.200000E+00 -4.015529E+00
  4.200000E+00 -4.190118E+00
  4.200000E+00 -4.364706E+00

#------------------------------------------------------------------------------
z: xorg(1.03)
p: xfac[c2*0.05] form[c1/0.05] notc noxt noyt dmin(1)
p: ymin(0) ymax(1) xmin(0) xmax(1) cmin(1) cmax(100) nosp
hc: y= 0.005 to 0.995 by 0.01 ; x= 0.5 to 0.5 by 1 ;
 1  2  3  4  5  6  7  8  9 10 11 12 13 14 15 16 17 18 19 20
21 22 23 24 25 26 27 28 29 30 31 32 33 34 35 36 37 38 39 40
41 42 43 44 45 46 47 48 49 50 51 52 53 54 55 56 57 58 59 60
61 62 63 64 65 66 67 68 69 70 71 72 73 74 75 76 77 78 79 80
81 82 83 84 85 86 87 88 89 90 91 92 93 94 95 96 97 98 99 100
z: xorg(0.0)
p: xfac[c2*0.05] form[c1/0.05] nosp afac[c5*0.625] ymin[c3] ymax[c4]
p: noxt noxn ytxt(-1) ynum(-1) xltd(-1) xstd(-1) itic(1) ylog
y: Flux [1/cm^2/source]              
#------------------------------------------------------------------------------

wt: s[c5]
\vspace{-3}
  emin  &=&   0.0000E+00 [MeV]
  emax  &=&   1.0000E+03 [MeV]
  ymin  &=&  -4.2000E+00 [cm]
  ymax  &=&   4.2000E+00 [cm]
  part. &=& alpha   
e:

#------------------------------------------------------------------------------
z: xorg[-1.03/0.05]
p: form[c1] xfac[c2] afac[c5] nosp notf
p: xmin(  0.000000    ) xmax(  8.400000    )
p: ymin( -4.200000    ) ymax(  4.200000    )

#------------------------------------------------------------------------------
 newpage:
#   no. =  4   ie  =  1   iy  =  1   part. = neutron 
#   e = (   0.0000E+00  -   1.0000E+03  )
#   y = (  -4.2000E+00  -   4.2000E+00  )

'no. =  4,  ie =  1,  iy =  1'
msuc: {\huge Track in xyz mesh}
msdr: {\it plotted by \ANGEL \version}
msdl: {\it calculated by \PHITS  3.28}

x: z [cm]
y: x [cm]
set: c1[ 1.000] c2[ 0.900] c5[ 0.800] c6[ 1.000] c7[ 0.000] c8[ 0.000]
p: h2fs form[c1] xfac[c2] afac[c5] scal[c6] xorg[c7] yorg[c8] nosp
set: c3[   2.617768E-08] c4[   3.759476E-01]
p: cmin[c3] cmax[c4]
p: dmin(1e-31)
p: zlog
p: xmin(  0.000000    ) xmax(  8.400000    )
p: ymin( -4.200000    ) ymax(  4.200000    )
#  nx =  50   nz =  90
# ( ( data(z,x), z = 1, nz ), x = nx, 1, -1 )

hc:  y =   4.116000     to  -4.116000     by  0.1680000     ; x =  4.6666667E-02 to   8.353333     by  9.3333333E-02 ;
  1.490E-03  1.528E-03  1.119E-03  2.034E-03  7.172E-04  1.950E-03  1.979E-03  1.411E-03  1.781E-03  1.946E-03
  1.894E-03  1.807E-03  1.461E-03  1.659E-03  1.179E-03  1.055E-03  1.385E-03  1.215E-03  1.063E-03  1.439E-03
  1.581E-03  1.645E-03  8.872E-04  9.738E-04  1.648E-03  6.930E-04  1.183E-03  2.035E-03  2.043E-03  7.780E-04
  1.487E-03  1.697E-03  2.224E-03  8.230E-04  1.314E-03  1.511E-03  1.528E-03  1.499E-03  1.651E-03  2.276E-03
  1.447E-03  1.188E-03  1.002E-03  6.238E-04  8.200E-04  8.438E-04  2.057E-03  1.598E-03  1.141E-03  9.902E-04
  9.991E-04  9.274E-04  2.596E-04  5.128E-04  6.579E-04  9.196E-04  4.451E-04  6.209E-04  1.284E-03  2.226E-03
  1.780E-03  1.471E-03  5.949E-04  6.672E-04  6.349E-04  5.768E-04  7.080E-04  1.148E-03  1.210E-03  9.038E-04
  1.401E-03  1.178E-03  6.516E-04  1.645E-03  1.378E-03  1.506E-03  1.102E-03  6.188E-04  4.465E-04  9.079E-04
  1.158E-03  8.522E-04  9.525E-04  8.230E-04  8.118E-04  8.926E-04  8.594E-04  8.336E-04  6.792E-04  8.180E-04
  7.960E-04  1.610E-03  8.948E-04  2.234E-03  1.638E-03  1.317E-03  1.349E-03  2.295E-03  1.163E-03  9.096E-04
  1.356E-03  1.773E-03  2.057E-03  2.049E-03  1.363E-03  1.684E-03  2.167E-03  1.674E-03  5.931E-04  1.572E-03
  2.287E-03  2.373E-03  8.746E-04  1.357E-03  1.608E-03  7.253E-04  1.881E-03  1.375E-03  2.327E-03  1.146E-03
  1.541E-03  9.877E-04  1.904E-03  9.654E-04  1.022E-03  1.655E-03  2.092E-03  1.353E-03  2.222E-03  1.650E-03
  1.533E-03  1.594E-03  1.198E-03  1.129E-03  1.391E-03  1.529E-03  2.118E-03  1.612E-03  1.017E-03  1.416E-03
  6.157E-04  4.093E-04  7.341E-04  6.685E-04  1.208E-03  6.648E-04  8.301E-04  1.541E-03  2.121E-03  1.245E-03
  1.082E-03  5.564E-04  1.012E-03  8.336E-04  8.548E-04  1.022E-03  1.157E-03  1.320E-03  9.634E-04  1.460E-03
  1.105E-03  1.544E-03  1.947E-03  1.123E-03  1.155E-03  6.570E-04  4.727E-04  8.185E-04  1.368E-03  1.093E-03
  8.760E-04  8.780E-04  8.923E-04  1.204E-03  1.124E-03  7.459E-04  7.809E-04  8.732E-04  1.063E-03  1.293E-03
  5.489E-04  4.326E-04  1.423E-03  2.962E-03  1.271E-03  2.546E-03  1.952E-03  1.259E-03  1.263E-03  1.215E-03
  1.198E-03  4.098E-04  1.563E-03  2.694E-03  3.020E-03  1.658E-03  1.641E-03  2.400E-03  1.108E-03  2.658E-03
  2.655E-03  3.098E-03  1.146E-03  9.349E-04  1.476E-03  1.764E-03  1.945E-03  1.646E-03  2.288E-03  1.843E-03
  1.232E-03  7.320E-04  1.848E-03  2.045E-03  1.757E-03  2.062E-03  2.454E-03  1.745E-03  2.295E-03  1.305E-03
  1.466E-03  1.372E-03  7.524E-04  1.404E-03  1.234E-03  1.431E-03  1.731E-03  1.534E-03  1.414E-03  6.956E-04
  9.494E-04  1.176E-03  1.152E-03  1.298E-03  1.135E-03  1.238E-03  2.084E-03  2.209E-03  1.111E-03  8.816E-04
  8.420E-04  1.242E-03  7.412E-04  1.034E-03  1.104E-03  1.061E-03  1.363E-03  1.460E-03  2.191E-03  1.829E-03
  1.864E-03  1.242E-03  7.587E-04  8.906E-04  7.843E-04  9.968E-04  1.554E-03  1.245E-03  7.174E-04  1.161E-03
  1.208E-03  1.438E-03  1.084E-03  9.107E-04  9.022E-04  8.216E-04  1.016E-03  1.339E-03  1.178E-03  7.316E-04
  1.639E-03  1.350E-03  1.376E-03  2.707E-03  3.320E-03  2.154E-03  1.724E-03  2.084E-03  2.172E-03  1.932E-03
  1.777E-03  1.978E-03  3.489E-03  2.625E-03  2.506E-03  2.343E-03  2.076E-03  2.980E-03  1.669E-03  2.255E-03
  1.787E-03  2.331E-03  1.835E-03  1.315E-03  1.768E-03  1.095E-03  2.142E-03  3.506E-03  2.365E-03  2.374E-03
  1.557E-03  1.847E-03  1.761E-03  2.872E-03  2.628E-03  3.171E-03  2.757E-03  1.943E-03  1.799E-03  1.565E-03
  1.518E-03  1.579E-03  2.134E-03  1.902E-03  8.467E-04  1.673E-03  2.265E-03  7.064E-04  6.389E-04  3.661E-04
  9.459E-04  7.109E-04  6.991E-04  6.342E-04  1.743E-03  1.799E-03  1.338E-03  8.303E-04  7.482E-04  9.640E-04
  1.374E-03  1.437E-03  1.584E-03  1.130E-03  1.109E-03  1.996E-03  2.131E-03  1.868E-03  1.460E-03  1.450E-03
  8.974E-04  1.138E-03  1.245E-03  1.300E-03  1.397E-03  1.244E-03  8.319E-04  1.450E-03  1.613E-03  1.392E-03
  1.093E-03  7.494E-04  8.920E-04  8.304E-04  9.653E-04  1.473E-03  1.255E-03  9.160E-04  7.595E-04  1.139E-03
  6.604E-04  1.087E-03  1.810E-03  2.140E-03  2.435E-03  2.478E-03  1.441E-03  1.987E-03  2.103E-03  1.273E-03
  1.708E-03  1.685E-03  1.610E-03  3.117E-03  1.407E-03  2.695E-03  2.502E-03  2.923E-03  2.060E-03  2.764E-03
  1.774E-03  2.489E-03  1.308E-03  1.407E-03  1.923E-03  1.977E-03  2.098E-03  2.596E-03  3.117E-03  1.850E-03
  1.506E-03  2.038E-03  2.569E-03  2.607E-03  2.241E-03  2.278E-03  1.890E-03  2.151E-03  1.806E-03  1.907E-03
  1.796E-03  1.785E-03  1.181E-03  6.167E-04  1.599E-03  2.694E-03  6.987E-04  2.591E-04  3.520E-04  6.760E-04
  1.355E-03  5.571E-04  8.835E-04  2.269E-03  1.433E-03  6.537E-04  1.075E-03  8.123E-04  9.274E-04  1.738E-03
  1.691E-03  1.333E-03  1.572E-03  1.567E-03  2.158E-03  1.806E-03  1.642E-03  1.817E-03  1.308E-03  9.661E-04
  1.043E-03  1.395E-03  1.276E-03  1.390E-03  1.318E-03  1.726E-03  1.916E-03  1.313E-03  9.710E-04  6.455E-04
  8.427E-04  1.143E-03  1.396E-03  1.702E-03  1.381E-03  1.111E-03  1.027E-03  1.238E-03  1.161E-03  1.089E-03
  1.074E-03  1.389E-03  1.001E-03  1.296E-03  1.768E-03  2.752E-03  3.105E-03  2.052E-03  2.462E-03  1.953E-03
  1.426E-03  1.703E-03  2.126E-03  3.310E-03  1.990E-03  1.864E-03  1.588E-03  3.182E-03  2.338E-03  2.809E-03
  2.746E-03  2.546E-03  2.635E-03  1.712E-03  1.407E-03  3.716E-03  2.166E-03  3.112E-03  2.229E-03  2.930E-03
  3.248E-03  1.890E-03  2.708E-03  2.640E-03  1.549E-03  1.769E-03  2.484E-03  3.023E-03  2.221E-03  1.778E-03
  1.936E-03  1.040E-03  1.092E-03  2.003E-03  2.252E-03  9.822E-04  0.000E+00  4.208E-04  9.193E-04  1.597E-03
  7.228E-04  1.624E-03  1.584E-03  1.069E-03  5.562E-04  1.214E-03  1.024E-03  1.042E-03  2.370E-03  2.273E-03
  1.834E-03  1.500E-03  9.679E-04  1.965E-03  1.849E-03  1.442E-03  1.780E-03  1.290E-03  1.279E-03  1.488E-03
  2.124E-03  1.558E-03  1.733E-03  1.774E-03  1.521E-03  1.011E-03  8.624E-04  8.826E-04  1.177E-03  1.672E-03
  1.951E-03  1.874E-03  1.289E-03  8.776E-04  1.468E-03  1.200E-03  1.115E-03  8.236E-04  1.247E-03  1.226E-03
  8.480E-04  1.421E-03  1.658E-03  1.655E-03  1.647E-03  2.106E-03  2.420E-03  2.560E-03  2.494E-03  2.619E-03
  1.719E-03  1.966E-03  2.099E-03  3.107E-03  2.562E-03  2.232E-03  2.993E-03  2.527E-03  2.678E-03  3.958E-03
  1.601E-03  2.936E-03  4.191E-03  2.723E-03  3.067E-03  3.273E-03  3.639E-03  2.859E-03  3.290E-03  2.799E-03
  4.624E-03  2.922E-03  2.061E-03  2.530E-03  2.055E-03  2.449E-03  2.885E-03  3.049E-03  3.199E-03  1.760E-03
  1.487E-03  1.039E-03  1.569E-03  2.168E-03  1.316E-03  4.965E-04  6.221E-04  1.442E-03  1.378E-03  2.342E-03
  1.768E-03  1.103E-03  1.195E-03  1.108E-03  1.607E-03  1.585E-03  1.920E-03  3.741E-03  2.524E-03  1.462E-03
  1.216E-03  1.371E-03  2.459E-03  1.838E-03  1.719E-03  1.682E-03  1.335E-03  1.325E-03  1.701E-03  2.000E-03
  1.363E-03  1.425E-03  1.202E-03  1.022E-03  1.466E-03  1.330E-03  1.265E-03  2.034E-03  2.141E-03  1.548E-03
  1.099E-03  1.075E-03  1.245E-03  1.621E-03  1.462E-03  1.571E-03  1.618E-03  1.489E-03  1.180E-03  1.203E-03
  1.942E-03  5.086E-04  1.423E-03  5.964E-04  1.746E-03  2.202E-03  2.817E-03  1.153E-03  1.388E-03  3.367E-03
  1.824E-03  2.403E-03  1.574E-03  2.693E-03  2.501E-03  1.696E-03  3.149E-03  2.869E-03  4.028E-03  3.606E-03
  1.790E-03  2.465E-03  3.804E-03  3.727E-03  4.382E-03  2.362E-03  2.115E-03  4.019E-03  3.429E-03  4.326E-03
  3.456E-03  3.702E-03  1.659E-03  3.655E-03  2.924E-03  2.814E-03  3.617E-03  3.878E-03  3.347E-03  2.694E-03
  2.031E-03  2.094E-03  1.438E-03  1.816E-03  1.360E-03  1.043E-03  1.590E-03  1.844E-03  2.266E-03  1.239E-03
  1.028E-03  7.771E-04  1.146E-03  1.992E-03  2.250E-03  2.539E-03  3.103E-03  1.699E-03  9.569E-04  9.410E-04
  1.562E-03  2.245E-03  1.429E-03  1.699E-03  2.008E-03  1.590E-03  1.568E-03  1.678E-03  1.224E-03  1.030E-03
  1.720E-03  1.702E-03  1.477E-03  1.416E-03  1.228E-03  1.987E-03  2.092E-03  1.194E-03  1.424E-03  1.883E-03
  1.953E-03  2.044E-03  2.308E-03  1.715E-03  1.243E-03  1.205E-03  1.030E-03  1.028E-03  1.110E-03  7.906E-04
  1.967E-03  1.322E-03  1.297E-03  8.468E-04  1.719E-03  1.861E-03  2.835E-03  2.552E-03  1.975E-03  2.924E-03
  3.003E-03  2.264E-03  2.825E-03  2.772E-03  3.677E-03  4.323E-03  3.559E-03  2.904E-03  4.027E-03  2.669E-03
  2.502E-03  2.445E-03  2.608E-03  3.962E-03  3.732E-03  2.981E-03  2.456E-03  4.098E-03  3.963E-03  2.320E-03
  3.257E-03  3.050E-03  3.179E-03  2.281E-03  2.312E-03  2.567E-03  2.294E-03  2.192E-03  3.315E-03  3.437E-03
  2.700E-03  1.340E-03  2.176E-03  2.168E-03  1.663E-03  1.618E-03  2.037E-03  1.989E-03  1.232E-03  1.107E-03
  9.772E-04  2.066E-03  2.216E-03  2.786E-03  2.752E-03  2.056E-03  1.973E-03  1.117E-03  1.491E-03  2.054E-03
  1.938E-03  2.404E-03  2.639E-03  1.974E-03  1.109E-03  1.253E-03  1.523E-03  1.969E-03  2.391E-03  2.254E-03
  1.447E-03  1.356E-03  1.460E-03  1.789E-03  1.720E-03  1.403E-03  1.763E-03  2.547E-03  2.059E-03  1.692E-03
  1.667E-03  1.530E-03  1.005E-03  1.152E-03  1.258E-03  1.244E-03  1.163E-03  1.219E-03  1.250E-03  1.456E-03
  1.166E-03  1.823E-03  1.414E-03  7.628E-04  1.687E-03  1.941E-03  1.375E-03  2.512E-03  1.947E-03  2.906E-03
  3.638E-03  3.891E-03  3.260E-03  3.683E-03  3.909E-03  5.185E-03  2.182E-03  2.628E-03  2.544E-03  2.890E-03
  3.937E-03  2.699E-03  2.773E-03  4.603E-03  3.902E-03  4.702E-03  3.644E-03  3.662E-03  2.956E-03  3.626E-03
  4.592E-03  2.724E-03  2.812E-03  2.764E-03  2.290E-03  2.680E-03  3.218E-03  3.179E-03  2.882E-03  2.180E-03
  1.315E-03  1.878E-03  2.716E-03  2.663E-03  2.130E-03  2.396E-03  1.602E-03  1.116E-03  1.704E-03  1.781E-03
  2.333E-03  2.872E-03  3.545E-03  2.771E-03  1.623E-03  2.572E-03  1.924E-03  2.263E-03  2.424E-03  2.417E-03
  2.521E-03  1.761E-03  1.132E-03  1.084E-03  1.821E-03  2.332E-03  2.530E-03  2.087E-03  1.452E-03  1.171E-03
  1.409E-03  1.678E-03  1.983E-03  2.189E-03  2.346E-03  2.648E-03  2.192E-03  1.458E-03  1.641E-03  1.960E-03
  1.282E-03  9.089E-04  9.533E-04  1.008E-03  8.481E-04  1.337E-03  1.716E-03  1.742E-03  1.752E-03  1.513E-03
  2.955E-03  2.206E-03  1.800E-03  1.124E-03  1.643E-03  2.850E-03  1.920E-03  2.085E-03  3.154E-03  4.151E-03
  4.085E-03  3.132E-03  2.490E-03  3.770E-03  4.910E-03  4.213E-03  3.870E-03  3.553E-03  3.863E-03  2.827E-03
  3.381E-03  3.086E-03  3.978E-03  4.686E-03  3.315E-03  6.164E-03  4.597E-03  3.342E-03  3.417E-03  3.947E-03
  5.275E-03  3.701E-03  3.064E-03  3.179E-03  2.601E-03  2.812E-03  3.384E-03  3.179E-03  2.377E-03  2.604E-03
  1.784E-03  3.157E-03  3.462E-03  2.683E-03  2.308E-03  1.683E-03  2.409E-03  2.251E-03  2.786E-03  2.620E-03
  2.361E-03  1.992E-03  2.063E-03  1.557E-03  3.688E-03  2.631E-03  2.410E-03  2.017E-03  2.099E-03  2.159E-03
  2.135E-03  1.888E-03  2.415E-03  2.740E-03  2.891E-03  2.800E-03  1.535E-03  1.512E-03  1.962E-03  1.941E-03
  2.157E-03  2.336E-03  2.866E-03  2.194E-03  2.141E-03  1.429E-03  1.256E-03  1.106E-03  8.559E-04  6.883E-04
  8.976E-04  1.309E-03  1.918E-03  2.012E-03  2.132E-03  1.613E-03  1.443E-03  1.211E-03  7.696E-04  9.418E-04
  2.604E-03  2.209E-03  2.894E-03  3.373E-03  2.767E-03  3.149E-03  3.678E-03  2.137E-03  2.814E-03  4.809E-03
  3.718E-03  3.289E-03  2.635E-03  4.198E-03  3.099E-03  3.025E-03  3.167E-03  4.056E-03  4.874E-03  3.612E-03
  3.505E-03  3.595E-03  4.771E-03  4.609E-03  5.470E-03  5.305E-03  5.280E-03  3.902E-03  3.323E-03  5.002E-03
  4.936E-03  2.981E-03  4.197E-03  3.105E-03  3.297E-03  3.006E-03  3.476E-03  3.083E-03  1.856E-03  3.322E-03
  2.634E-03  3.742E-03  3.446E-03  3.116E-03  2.626E-03  2.034E-03  2.284E-03  3.237E-03  2.301E-03  2.307E-03
  3.209E-03  3.282E-03  3.168E-03  3.146E-03  2.580E-03  2.491E-03  2.485E-03  3.156E-03  2.845E-03  2.523E-03
  2.226E-03  2.083E-03  2.204E-03  2.411E-03  1.582E-03  1.329E-03  2.277E-03  2.206E-03  2.779E-03  2.693E-03
  2.537E-03  2.631E-03  1.753E-03  1.078E-03  8.130E-04  1.040E-03  1.309E-03  1.884E-03  2.318E-03  2.228E-03
  2.425E-03  2.336E-03  1.596E-03  1.281E-03  1.101E-03  1.016E-03  1.235E-03  1.333E-03  1.395E-03  1.431E-03
  2.172E-03  3.522E-03  1.960E-03  1.459E-03  2.373E-03  2.713E-03  3.451E-03  2.775E-03  2.343E-03  4.072E-03
  4.564E-03  3.139E-03  3.865E-03  3.727E-03  2.053E-03  3.233E-03  3.502E-03  4.196E-03  4.278E-03  3.011E-03
  4.473E-03  5.556E-03  5.192E-03  5.510E-03  4.213E-03  5.076E-03  3.911E-03  4.275E-03  4.714E-03  6.469E-03
  3.639E-03  3.328E-03  3.693E-03  4.620E-03  4.743E-03  4.422E-03  3.321E-03  3.736E-03  4.168E-03  4.740E-03
  4.664E-03  4.243E-03  2.122E-03  2.426E-03  2.492E-03  2.554E-03  2.561E-03  2.804E-03  2.857E-03  3.145E-03
  3.456E-03  3.446E-03  2.967E-03  3.734E-03  2.679E-03  3.067E-03  2.748E-03  2.176E-03  2.133E-03  1.933E-03
  2.226E-03  2.357E-03  2.365E-03  2.108E-03  2.733E-03  3.093E-03  2.831E-03  2.304E-03  2.085E-03  2.297E-03
  2.272E-03  1.507E-03  1.625E-03  2.431E-03  2.646E-03  2.441E-03  2.523E-03  2.320E-03  1.991E-03  1.783E-03
  1.462E-03  1.443E-03  1.594E-03  1.480E-03  1.534E-03  1.574E-03  1.522E-03  1.658E-03  1.801E-03  1.767E-03
  2.350E-03  4.158E-03  2.533E-03  1.329E-03  1.981E-03  1.759E-03  3.273E-03  4.057E-03  3.500E-03  4.001E-03
  3.613E-03  4.784E-03  5.546E-03  4.411E-03  3.989E-03  3.974E-03  4.030E-03  5.661E-03  5.485E-03  4.483E-03
  3.967E-03  4.502E-03  3.832E-03  6.374E-03  4.881E-03  4.674E-03  6.256E-03  4.915E-03  4.267E-03  5.416E-03
  4.842E-03  4.679E-03  3.929E-03  4.140E-03  5.067E-03  5.391E-03  4.332E-03  3.474E-03  3.673E-03  4.573E-03
  3.901E-03  2.407E-03  3.048E-03  3.437E-03  2.519E-03  4.349E-03  4.138E-03  2.970E-03  3.281E-03  4.717E-03
  3.784E-03  3.437E-03  3.720E-03  3.454E-03  3.992E-03  3.029E-03  2.462E-03  2.711E-03  2.753E-03  3.327E-03
  3.415E-03  2.880E-03  2.858E-03  2.954E-03  2.388E-03  1.870E-03  1.939E-03  2.476E-03  2.005E-03  1.762E-03
  2.346E-03  2.099E-03  1.827E-03  1.381E-03  1.672E-03  2.016E-03  1.598E-03  1.481E-03  1.671E-03  1.900E-03
  2.002E-03  2.056E-03  2.012E-03  2.105E-03  2.226E-03  2.134E-03  1.696E-03  1.599E-03  1.774E-03  1.854E-03
  3.115E-03  2.641E-03  3.569E-03  3.372E-03  3.017E-03  3.139E-03  4.012E-03  3.737E-03  4.623E-03  4.482E-03
  4.426E-03  4.481E-03  8.660E-03  5.761E-03  3.919E-03  4.527E-03  5.974E-03  5.543E-03  6.432E-03  5.228E-03
  5.466E-03  4.118E-03  2.543E-03  6.349E-03  5.004E-03  4.260E-03  5.713E-03  4.709E-03  4.004E-03  5.817E-03
  5.455E-03  5.934E-03  5.470E-03  5.979E-03  4.947E-03  5.055E-03  2.830E-03  3.424E-03  4.789E-03  4.885E-03
  4.617E-03  5.384E-03  4.450E-03  3.963E-03  3.905E-03  2.787E-03  2.631E-03  3.760E-03  4.189E-03  2.981E-03
  2.623E-03  3.308E-03  2.983E-03  3.523E-03  2.584E-03  2.795E-03  3.220E-03  2.771E-03  3.017E-03  2.876E-03
  2.478E-03  2.824E-03  2.331E-03  1.939E-03  2.350E-03  2.560E-03  2.444E-03  2.320E-03  1.779E-03  2.227E-03
  1.770E-03  1.995E-03  2.164E-03  2.511E-03  2.259E-03  2.290E-03  2.344E-03  2.032E-03  1.860E-03  1.745E-03
  1.648E-03  1.533E-03  1.360E-03  1.495E-03  1.764E-03  1.797E-03  2.460E-03  2.522E-03  2.555E-03  2.623E-03
  2.336E-03  3.203E-03  3.977E-03  2.401E-03  3.380E-03  2.728E-03  4.578E-03  6.358E-03  4.731E-03  3.037E-03
  3.317E-03  5.293E-03  7.315E-03  5.902E-03  5.799E-03  5.532E-03  6.159E-03  5.317E-03  5.622E-03  5.478E-03
  3.706E-03  3.813E-03  4.407E-03  8.746E-03  4.638E-03  4.772E-03  4.225E-03  4.725E-03  6.072E-03  6.219E-03
  6.137E-03  5.593E-03  6.483E-03  7.159E-03  4.618E-03  4.666E-03  4.490E-03  3.943E-03  6.774E-03  5.761E-03
  4.848E-03  3.660E-03  5.311E-03  3.569E-03  4.469E-03  3.459E-03  4.118E-03  3.663E-03  4.219E-03  3.658E-03
  3.153E-03  3.857E-03  4.110E-03  2.837E-03  3.041E-03  3.072E-03  3.630E-03  3.618E-03  3.266E-03  3.022E-03
  2.709E-03  2.616E-03  2.621E-03  2.505E-03  2.478E-03  2.300E-03  2.100E-03  2.310E-03  3.150E-03  2.758E-03
  2.564E-03  2.466E-03  2.417E-03  2.053E-03  1.884E-03  1.848E-03  2.112E-03  2.158E-03  1.926E-03  2.056E-03
  2.123E-03  2.187E-03  2.926E-03  3.168E-03  3.121E-03  2.836E-03  2.345E-03  2.338E-03  2.208E-03  2.224E-03
  4.335E-03  3.573E-03  3.621E-03  3.805E-03  2.741E-03  3.750E-03  5.066E-03  3.998E-03  5.828E-03  4.956E-03
  5.534E-03  5.849E-03  6.468E-03  6.073E-03  7.374E-03  7.973E-03  6.344E-03  6.279E-03  6.174E-03  5.500E-03
  5.724E-03  5.087E-03  5.480E-03  8.205E-03  4.994E-03  4.545E-03  5.881E-03  5.298E-03  6.421E-03  7.359E-03
  6.744E-03  5.787E-03  6.415E-03  6.573E-03  5.892E-03  6.830E-03  4.975E-03  5.433E-03  7.244E-03  4.843E-03
  4.177E-03  4.595E-03  5.962E-03  5.057E-03  5.729E-03  4.264E-03  3.609E-03  3.240E-03  4.268E-03  4.134E-03
  5.725E-03  4.540E-03  2.904E-03  3.516E-03  3.836E-03  4.447E-03  3.302E-03  2.870E-03  3.068E-03  2.901E-03
  2.712E-03  2.438E-03  2.185E-03  2.993E-03  2.675E-03  2.953E-03  3.060E-03  3.103E-03  2.702E-03  2.517E-03
  2.181E-03  2.322E-03  2.238E-03  2.176E-03  1.872E-03  1.806E-03  2.065E-03  2.611E-03  3.127E-03  3.093E-03
  3.094E-03  3.431E-03  2.902E-03  2.700E-03  2.347E-03  2.840E-03  3.005E-03  2.821E-03  2.765E-03  2.386E-03
  4.346E-03  4.180E-03  3.704E-03  4.653E-03  3.963E-03  4.780E-03  4.527E-03  6.340E-03  4.663E-03  3.664E-03
  5.107E-03  7.576E-03  6.505E-03  6.166E-03  8.310E-03  8.996E-03  7.500E-03  7.722E-03  6.418E-03  6.812E-03
  6.510E-03  5.962E-03  6.172E-03  7.074E-03  7.239E-03  6.169E-03  6.598E-03  6.988E-03  6.172E-03  7.637E-03
  7.726E-03  7.250E-03  7.023E-03  7.060E-03  8.105E-03  6.669E-03  5.868E-03  8.023E-03  7.449E-03  6.776E-03
  6.601E-03  7.087E-03  4.284E-03  3.395E-03  3.839E-03  3.316E-03  3.860E-03  5.494E-03  3.727E-03  3.916E-03
  4.297E-03  4.464E-03  4.991E-03  3.948E-03  3.775E-03  2.838E-03  3.421E-03  3.571E-03  3.075E-03  3.058E-03
  3.046E-03  3.000E-03  3.520E-03  2.794E-03  2.902E-03  2.922E-03  2.888E-03  2.458E-03  2.514E-03  2.530E-03
  2.604E-03  3.038E-03  3.471E-03  3.441E-03  4.058E-03  4.084E-03  3.857E-03  3.583E-03  3.414E-03  3.381E-03
  3.381E-03  2.893E-03  2.477E-03  2.498E-03  2.885E-03  2.421E-03  2.097E-03  2.195E-03  2.223E-03  2.494E-03
  4.177E-03  5.366E-03  4.258E-03  5.395E-03  5.346E-03  4.431E-03  5.700E-03  7.605E-03  7.145E-03  4.679E-03
  5.412E-03  5.503E-03  9.230E-03  1.000E-02  8.977E-03  9.528E-03  7.450E-03  8.704E-03  7.259E-03  1.042E-02
  9.064E-03  6.654E-03  6.521E-03  9.440E-03  7.787E-03  8.875E-03  7.126E-03  9.770E-03  7.668E-03  8.582E-03
  9.791E-03  9.958E-03  8.248E-03  9.247E-03  7.775E-03  6.382E-03  8.481E-03  8.692E-03  6.987E-03  6.286E-03
  5.139E-03  5.955E-03  3.839E-03  3.513E-03  3.552E-03  3.053E-03  3.273E-03  4.403E-03  4.608E-03  6.034E-03
  5.267E-03  4.148E-03  4.241E-03  4.400E-03  4.438E-03  4.445E-03  4.101E-03  3.640E-03  3.597E-03  4.188E-03
  4.003E-03  3.894E-03  3.717E-03  3.807E-03  3.744E-03  3.513E-03  4.057E-03  4.769E-03  4.906E-03  5.154E-03
  5.154E-03  4.525E-03  3.697E-03  3.590E-03  3.377E-03  3.358E-03  3.230E-03  3.318E-03  3.349E-03  3.084E-03
  2.665E-03  2.626E-03  2.823E-03  2.688E-03  2.269E-03  2.244E-03  2.525E-03  2.408E-03  2.249E-03  1.940E-03
  5.225E-03  5.305E-03  6.622E-03  7.327E-03  6.356E-03  5.895E-03  6.889E-03  8.525E-03  7.733E-03  6.287E-03
  6.867E-03  6.744E-03  8.542E-03  9.336E-03  1.046E-02  9.420E-03  9.646E-03  9.131E-03  8.098E-03  9.502E-03
  6.930E-03  7.741E-03  6.570E-03  8.667E-03  9.301E-03  8.958E-03  1.110E-02  1.212E-02  1.218E-02  9.075E-03
  1.045E-02  8.446E-03  8.834E-03  8.385E-03  8.172E-03  9.368E-03  1.022E-02  8.435E-03  6.857E-03  5.011E-03
  5.815E-03  4.893E-03  4.574E-03  5.724E-03  6.332E-03  6.809E-03  7.726E-03  5.804E-03  5.873E-03  4.332E-03
  4.407E-03  5.382E-03  5.948E-03  5.906E-03  5.490E-03  4.835E-03  5.264E-03  5.286E-03  4.884E-03  4.228E-03
  4.854E-03  5.227E-03  5.460E-03  5.493E-03  5.317E-03  5.743E-03  5.163E-03  4.553E-03  3.700E-03  3.383E-03
  3.413E-03  3.917E-03  4.074E-03  4.034E-03  3.755E-03  3.419E-03  3.067E-03  2.735E-03  2.498E-03  2.577E-03
  2.890E-03  2.786E-03  2.562E-03  2.238E-03  2.198E-03  2.299E-03  2.352E-03  2.235E-03  2.429E-03  2.440E-03
  6.291E-03  6.163E-03  6.038E-03  6.751E-03  7.366E-03  8.280E-03  7.419E-03  9.024E-03  1.006E-02  1.009E-02
  8.550E-03  9.308E-03  8.888E-03  9.619E-03  1.060E-02  1.182E-02  1.150E-02  1.004E-02  7.560E-03  9.519E-03
  8.191E-03  6.882E-03  8.917E-03  8.752E-03  1.090E-02  1.297E-02  1.254E-02  1.330E-02  1.061E-02  9.791E-03
  7.926E-03  7.378E-03  8.253E-03  9.990E-03  1.135E-02  1.118E-02  8.544E-03  6.431E-03  6.613E-03  6.633E-03
  8.472E-03  8.670E-03  8.095E-03  7.971E-03  6.359E-03  6.554E-03  5.533E-03  6.090E-03  6.400E-03  7.719E-03
  8.179E-03  7.981E-03  6.814E-03  6.617E-03  6.487E-03  6.383E-03  6.140E-03  6.184E-03  6.441E-03  6.383E-03
  6.081E-03  5.494E-03  4.539E-03  4.197E-03  4.406E-03  4.229E-03  3.915E-03  3.564E-03  4.197E-03  4.142E-03
  3.803E-03  3.309E-03  3.202E-03  3.318E-03  3.492E-03  3.457E-03  3.448E-03  3.178E-03  3.105E-03  2.943E-03
  2.528E-03  2.372E-03  2.527E-03  2.585E-03  2.673E-03  2.509E-03  2.373E-03  2.401E-03  2.237E-03  2.262E-03
  8.569E-03  8.467E-03  6.651E-03  6.491E-03  8.110E-03  9.539E-03  1.297E-02  1.669E-02  1.177E-02  1.092E-02
  1.051E-02  1.142E-02  1.089E-02  1.157E-02  1.270E-02  1.235E-02  1.004E-02  1.173E-02  1.071E-02  1.143E-02
  1.064E-02  1.134E-02  7.450E-03  1.018E-02  1.172E-02  1.246E-02  1.405E-02  1.237E-02  1.099E-02  1.180E-02
  1.124E-02  1.088E-02  1.069E-02  9.548E-03  1.267E-02  9.598E-03  1.119E-02  7.836E-03  6.985E-03  9.308E-03
  1.220E-02  8.957E-03  9.102E-03  8.937E-03  9.951E-03  1.059E-02  1.012E-02  9.546E-03  9.695E-03  8.746E-03
  6.647E-03  6.992E-03  7.161E-03  7.914E-03  6.982E-03  7.086E-03  6.321E-03  5.948E-03  5.497E-03  5.351E-03
  5.038E-03  4.665E-03  4.827E-03  4.930E-03  4.851E-03  4.700E-03  4.832E-03  4.558E-03  4.017E-03  3.976E-03
  3.824E-03  3.647E-03  3.544E-03  3.344E-03  3.139E-03  3.116E-03  3.044E-03  2.976E-03  2.786E-03  2.785E-03
  2.796E-03  2.825E-03  2.556E-03  2.715E-03  2.505E-03  2.420E-03  2.377E-03  2.469E-03  2.300E-03  2.113E-03
  8.304E-03  8.783E-03  9.451E-03  8.963E-03  9.598E-03  1.321E-02  1.306E-02  1.662E-02  1.664E-02  1.473E-02
  1.498E-02  1.256E-02  1.380E-02  1.291E-02  1.456E-02  1.647E-02  1.324E-02  1.297E-02  9.930E-03  1.481E-02
  1.448E-02  1.403E-02  1.250E-02  1.206E-02  1.262E-02  1.591E-02  1.506E-02  1.412E-02  1.487E-02  1.401E-02
  1.532E-02  1.380E-02  1.332E-02  1.405E-02  1.077E-02  1.261E-02  1.460E-02  1.453E-02  1.451E-02  1.358E-02
  1.462E-02  1.368E-02  1.256E-02  1.323E-02  1.183E-02  1.054E-02  1.078E-02  1.108E-02  9.923E-03  9.281E-03
  8.587E-03  7.855E-03  7.810E-03  7.430E-03  7.717E-03  7.297E-03  7.579E-03  7.194E-03  6.319E-03  5.394E-03
  5.114E-03  4.837E-03  4.731E-03  5.198E-03  4.913E-03  4.670E-03  4.535E-03  4.259E-03  4.161E-03  3.831E-03
  3.316E-03  3.290E-03  3.303E-03  3.055E-03  3.076E-03  2.872E-03  2.723E-03  2.595E-03  2.621E-03  2.458E-03
  2.480E-03  2.285E-03  2.224E-03  1.822E-03  1.556E-03  1.479E-03  1.285E-03  1.124E-03  1.096E-03  1.024E-03
  1.042E-02  1.487E-02  1.423E-02  1.403E-02  1.543E-02  2.085E-02  1.807E-02  1.842E-02  1.879E-02  1.701E-02
  1.949E-02  2.007E-02  1.652E-02  1.556E-02  1.841E-02  1.400E-02  1.488E-02  1.597E-02  1.845E-02  1.806E-02
  1.918E-02  2.054E-02  2.248E-02  1.988E-02  2.150E-02  1.912E-02  1.647E-02  1.796E-02  1.902E-02  1.690E-02
  1.705E-02  1.744E-02  1.744E-02  1.719E-02  1.809E-02  1.582E-02  1.662E-02  1.809E-02  1.552E-02  1.700E-02
  1.987E-02  1.721E-02  1.382E-02  1.319E-02  1.143E-02  1.161E-02  1.035E-02  9.493E-03  9.057E-03  9.155E-03
  9.440E-03  8.331E-03  8.145E-03  7.453E-03  7.009E-03  6.358E-03  5.263E-03  5.155E-03  5.313E-03  5.403E-03
  5.257E-03  5.241E-03  5.175E-03  4.371E-03  4.043E-03  3.790E-03  3.542E-03  3.596E-03  3.507E-03  3.810E-03
  4.302E-03  4.261E-03  4.027E-03  3.719E-03  3.111E-03  3.022E-03  2.814E-03  2.612E-03  2.370E-03  2.447E-03
  2.414E-03  2.435E-03  2.430E-03  2.556E-03  2.616E-03  2.634E-03  2.568E-03  2.367E-03  2.367E-03  2.354E-03
  3.667E-01  3.665E-01  3.606E-01  3.611E-01  3.616E-01  3.566E-01  3.493E-01  3.505E-01  3.460E-01  3.427E-01
  3.386E-01  3.322E-01  3.238E-01  3.219E-01  3.228E-01  3.146E-01  3.155E-01  3.081E-01  3.042E-01  2.998E-01
  2.963E-01  2.902E-01  2.907E-01  2.872E-01  2.815E-01  2.778E-01  2.728E-01  2.718E-01  2.697E-01  2.634E-01
  2.618E-01  2.589E-01  2.550E-01  2.478E-01  2.441E-01  2.413E-01  2.366E-01  2.345E-01  2.302E-01  2.247E-01
  2.235E-01  2.201E-01  2.177E-01  2.129E-01  2.105E-01  2.043E-01  2.029E-01  2.012E-01  2.015E-01  2.004E-01
  2.001E-01  1.995E-01  1.976E-01  1.968E-01  1.962E-01  1.961E-01  1.965E-01  1.968E-01  1.965E-01  1.961E-01
  1.958E-01  1.960E-01  1.955E-01  1.952E-01  1.949E-01  1.946E-01  1.945E-01  1.944E-01  1.941E-01  1.937E-01
  1.936E-01  1.935E-01  1.936E-01  1.936E-01  1.937E-01  1.936E-01  1.936E-01  1.937E-01  1.937E-01  1.936E-01
  1.935E-01  1.933E-01  1.933E-01  1.931E-01  1.930E-01  1.931E-01  1.930E-01  1.930E-01  1.931E-01  1.931E-01
  3.759E-01  3.719E-01  3.683E-01  3.685E-01  3.612E-01  3.583E-01  3.524E-01  3.519E-01  3.451E-01  3.387E-01
  3.337E-01  3.295E-01  3.241E-01  3.228E-01  3.248E-01  3.158E-01  3.143E-01  3.125E-01  3.121E-01  3.074E-01
  3.046E-01  2.975E-01  2.934E-01  2.891E-01  2.861E-01  2.848E-01  2.790E-01  2.712E-01  2.693E-01  2.692E-01
  2.654E-01  2.597E-01  2.532E-01  2.466E-01  2.459E-01  2.428E-01  2.392E-01  2.358E-01  2.323E-01  2.283E-01
  2.240E-01  2.217E-01  2.215E-01  2.157E-01  2.121E-01  2.078E-01  2.066E-01  2.058E-01  2.045E-01  2.030E-01
  2.021E-01  2.012E-01  2.012E-01  2.006E-01  2.007E-01  2.008E-01  2.003E-01  1.997E-01  1.994E-01  1.993E-01
  1.993E-01  1.986E-01  1.978E-01  1.977E-01  1.978E-01  1.979E-01  1.974E-01  1.971E-01  1.968E-01  1.968E-01
  1.967E-01  1.965E-01  1.962E-01  1.963E-01  1.964E-01  1.964E-01  1.961E-01  1.961E-01  1.961E-01  1.958E-01
  1.958E-01  1.962E-01  1.962E-01  1.961E-01  1.963E-01  1.962E-01  1.961E-01  1.960E-01  1.956E-01  1.955E-01
  9.967E-03  1.755E-02  1.450E-02  1.433E-02  1.429E-02  1.759E-02  1.905E-02  1.826E-02  1.566E-02  1.671E-02
  1.600E-02  1.698E-02  1.706E-02  1.571E-02  1.883E-02  2.116E-02  1.750E-02  1.864E-02  2.244E-02  2.015E-02
  2.339E-02  2.206E-02  1.990E-02  1.615E-02  2.092E-02  2.070E-02  1.838E-02  1.873E-02  1.610E-02  1.692E-02
  1.718E-02  1.328E-02  1.445E-02  1.562E-02  1.673E-02  1.612E-02  1.785E-02  1.588E-02  1.625E-02  1.459E-02
  1.518E-02  1.732E-02  1.505E-02  1.561E-02  1.194E-02  9.975E-03  8.370E-03  8.373E-03  8.502E-03  7.815E-03
  7.100E-03  7.190E-03  6.526E-03  6.443E-03  5.810E-03  5.537E-03  5.619E-03  5.444E-03  4.922E-03  5.152E-03
  4.958E-03  4.759E-03  4.780E-03  4.124E-03  3.279E-03  3.016E-03  3.142E-03  3.118E-03  3.250E-03  3.206E-03
  3.201E-03  3.433E-03  3.480E-03  3.459E-03  3.212E-03  3.124E-03  3.517E-03  3.384E-03  3.014E-03  2.992E-03
  3.031E-03  2.649E-03  2.481E-03  2.355E-03  2.220E-03  2.086E-03  2.002E-03  1.905E-03  2.064E-03  1.922E-03
  7.155E-03  1.419E-02  1.267E-02  1.374E-02  1.215E-02  1.359E-02  1.173E-02  1.298E-02  1.254E-02  1.485E-02
  1.176E-02  1.454E-02  1.288E-02  1.138E-02  1.500E-02  1.490E-02  1.546E-02  1.409E-02  1.619E-02  1.529E-02
  1.719E-02  1.788E-02  1.584E-02  1.686E-02  1.777E-02  1.589E-02  1.270E-02  1.299E-02  1.338E-02  1.349E-02
  1.089E-02  1.114E-02  1.252E-02  1.081E-02  1.140E-02  1.482E-02  1.426E-02  1.487E-02  1.178E-02  1.409E-02
  1.463E-02  1.473E-02  1.169E-02  1.023E-02  1.059E-02  1.129E-02  1.035E-02  8.946E-03  6.978E-03  6.500E-03
  6.051E-03  5.520E-03  5.646E-03  6.055E-03  6.306E-03  5.751E-03  5.253E-03  5.231E-03  5.350E-03  5.176E-03
  4.442E-03  4.379E-03  4.171E-03  4.641E-03  5.175E-03  4.845E-03  4.353E-03  4.226E-03  4.319E-03  4.286E-03
  3.850E-03  3.241E-03  2.983E-03  2.714E-03  2.691E-03  2.730E-03  2.304E-03  1.951E-03  1.944E-03  2.042E-03
  1.777E-03  1.857E-03  1.992E-03  2.118E-03  2.093E-03  2.148E-03  2.333E-03  2.330E-03  2.160E-03  2.334E-03
  7.091E-03  1.166E-02  1.043E-02  8.156E-03  8.643E-03  8.494E-03  1.155E-02  1.111E-02  1.096E-02  9.208E-03
  1.046E-02  1.221E-02  1.387E-02  1.184E-02  1.191E-02  1.032E-02  1.428E-02  1.579E-02  1.488E-02  1.161E-02
  1.418E-02  1.443E-02  9.383E-03  1.024E-02  9.859E-03  1.237E-02  1.392E-02  1.338E-02  1.269E-02  1.303E-02
  1.066E-02  1.179E-02  8.366E-03  8.749E-03  9.061E-03  9.374E-03  1.046E-02  9.521E-03  1.182E-02  1.068E-02
  1.047E-02  1.043E-02  9.316E-03  8.533E-03  7.281E-03  6.699E-03  8.211E-03  8.033E-03  6.169E-03  6.538E-03
  6.888E-03  5.869E-03  5.669E-03  5.342E-03  4.195E-03  4.520E-03  4.712E-03  4.585E-03  5.109E-03  4.661E-03
  4.682E-03  4.176E-03  3.997E-03  4.159E-03  3.516E-03  3.682E-03  3.779E-03  3.697E-03  2.888E-03  2.835E-03
  3.185E-03  3.740E-03  3.951E-03  3.630E-03  3.366E-03  3.199E-03  2.930E-03  2.970E-03  2.964E-03  2.887E-03
  2.540E-03  2.084E-03  1.798E-03  1.798E-03  1.993E-03  2.054E-03  2.043E-03  1.972E-03  2.036E-03  1.654E-03
  5.915E-03  6.992E-03  1.010E-02  6.047E-03  8.488E-03  8.616E-03  9.910E-03  7.894E-03  8.553E-03  8.237E-03
  8.750E-03  8.177E-03  1.006E-02  1.056E-02  1.166E-02  1.045E-02  1.343E-02  1.189E-02  1.022E-02  9.453E-03
  1.175E-02  1.035E-02  1.247E-02  1.311E-02  8.100E-03  8.253E-03  1.136E-02  8.103E-03  7.444E-03  9.045E-03
  1.015E-02  1.169E-02  1.027E-02  9.396E-03  8.834E-03  1.208E-02  1.129E-02  1.076E-02  9.257E-03  8.129E-03
  7.623E-03  5.611E-03  7.035E-03  5.807E-03  6.060E-03  5.014E-03  5.347E-03  6.770E-03  7.109E-03  6.386E-03
  4.722E-03  4.698E-03  3.974E-03  4.061E-03  5.221E-03  5.260E-03  4.693E-03  4.536E-03  4.112E-03  3.913E-03
  3.888E-03  4.066E-03  4.251E-03  4.014E-03  4.701E-03  4.576E-03  4.149E-03  4.004E-03  4.311E-03  4.217E-03
  3.677E-03  3.333E-03  3.276E-03  3.157E-03  3.301E-03  3.194E-03  3.352E-03  3.434E-03  3.653E-03  3.499E-03
  3.555E-03  3.563E-03  3.597E-03  2.929E-03  2.241E-03  1.912E-03  1.578E-03  1.430E-03  1.365E-03  1.610E-03
  6.193E-03  8.229E-03  7.341E-03  5.432E-03  8.985E-03  8.294E-03  8.166E-03  9.075E-03  6.510E-03  6.908E-03
  1.031E-02  8.149E-03  8.506E-03  6.552E-03  9.854E-03  1.183E-02  1.132E-02  9.179E-03  8.510E-03  7.287E-03
  7.548E-03  7.989E-03  1.233E-02  1.028E-02  9.444E-03  1.207E-02  8.975E-03  7.986E-03  7.785E-03  8.713E-03
  1.090E-02  6.894E-03  4.252E-03  6.157E-03  7.128E-03  9.126E-03  8.110E-03  9.009E-03  8.222E-03  9.678E-03
  7.357E-03  6.838E-03  6.789E-03  5.944E-03  6.203E-03  5.384E-03  5.165E-03  4.055E-03  3.763E-03  3.903E-03
  5.248E-03  5.731E-03  4.887E-03  3.941E-03  3.643E-03  3.295E-03  3.589E-03  4.170E-03  4.071E-03  4.139E-03
  3.908E-03  3.241E-03  3.185E-03  3.245E-03  3.284E-03  3.411E-03  3.033E-03  2.690E-03  2.499E-03  2.400E-03
  2.773E-03  2.803E-03  2.703E-03  3.221E-03  3.223E-03  3.342E-03  3.137E-03  2.366E-03  2.051E-03  1.985E-03
  1.941E-03  1.819E-03  1.855E-03  2.084E-03  2.446E-03  2.462E-03  2.585E-03  2.499E-03  2.457E-03  2.367E-03
  6.117E-03  6.957E-03  8.034E-03  6.840E-03  7.178E-03  9.176E-03  7.237E-03  7.352E-03  5.303E-03  5.935E-03
  1.069E-02  7.980E-03  7.763E-03  8.230E-03  8.576E-03  7.560E-03  8.881E-03  9.830E-03  1.000E-02  8.785E-03
  8.174E-03  9.180E-03  8.837E-03  8.147E-03  7.130E-03  7.541E-03  6.442E-03  8.980E-03  8.536E-03  8.976E-03
  7.922E-03  8.031E-03  6.897E-03  6.626E-03  6.365E-03  7.395E-03  6.091E-03  5.709E-03  7.866E-03  7.665E-03
  8.179E-03  7.702E-03  5.421E-03  5.432E-03  4.155E-03  5.204E-03  5.062E-03  5.846E-03  5.315E-03  5.335E-03
  4.673E-03  4.028E-03  5.186E-03  5.668E-03  4.173E-03  3.660E-03  4.129E-03  3.396E-03  2.849E-03  3.015E-03
  3.591E-03  3.752E-03  3.121E-03  3.146E-03  2.914E-03  2.794E-03  3.275E-03  3.492E-03  3.503E-03  3.488E-03
  3.409E-03  3.160E-03  2.528E-03  2.280E-03  2.165E-03  2.009E-03  1.951E-03  2.561E-03  2.817E-03  3.022E-03
  2.956E-03  2.599E-03  2.359E-03  2.029E-03  2.055E-03  1.926E-03  1.716E-03  1.638E-03  1.406E-03  1.344E-03
  4.600E-03  5.796E-03  7.208E-03  6.747E-03  6.299E-03  7.075E-03  6.242E-03  5.847E-03  5.438E-03  6.450E-03
  7.537E-03  5.684E-03  7.226E-03  7.518E-03  7.658E-03  6.983E-03  8.102E-03  8.500E-03  9.101E-03  6.978E-03
  5.682E-03  9.547E-03  8.696E-03  4.759E-03  7.078E-03  6.390E-03  6.093E-03  4.792E-03  6.818E-03  5.236E-03
  5.113E-03  6.888E-03  4.955E-03  4.202E-03  6.898E-03  6.546E-03  6.922E-03  5.473E-03  6.604E-03  3.807E-03
  5.709E-03  6.592E-03  5.877E-03  4.499E-03  4.059E-03  3.139E-03  4.614E-03  3.171E-03  4.094E-03  3.700E-03
  4.126E-03  4.500E-03  4.143E-03  3.780E-03  4.545E-03  4.796E-03  3.779E-03  3.426E-03  3.972E-03  3.875E-03
  2.770E-03  2.691E-03  2.804E-03  2.523E-03  2.551E-03  2.781E-03  2.825E-03  2.589E-03  2.404E-03  2.443E-03
  2.537E-03  2.766E-03  2.834E-03  2.642E-03  2.539E-03  2.489E-03  2.877E-03  2.792E-03  2.317E-03  1.877E-03
  2.099E-03  1.961E-03  1.856E-03  1.996E-03  1.847E-03  1.989E-03  2.103E-03  2.020E-03  2.043E-03  2.113E-03
  5.394E-03  5.112E-03  5.958E-03  5.629E-03  6.307E-03  5.154E-03  5.212E-03  7.390E-03  6.431E-03  5.624E-03
  6.942E-03  5.180E-03  6.698E-03  6.037E-03  5.459E-03  6.176E-03  4.333E-03  5.435E-03  6.492E-03  4.648E-03
  7.323E-03  8.615E-03  7.006E-03  6.772E-03  7.222E-03  5.535E-03  6.215E-03  4.907E-03  3.088E-03  3.359E-03
  3.271E-03  4.113E-03  5.072E-03  4.517E-03  5.813E-03  6.462E-03  5.673E-03  5.061E-03  6.542E-03  3.977E-03
  5.035E-03  5.086E-03  4.890E-03  6.104E-03  3.761E-03  3.576E-03  3.110E-03  4.009E-03  3.367E-03  3.873E-03
  3.451E-03  3.837E-03  3.678E-03  3.353E-03  3.615E-03  3.613E-03  3.582E-03  3.738E-03  3.208E-03  2.777E-03
  2.969E-03  3.208E-03  3.240E-03  3.155E-03  2.463E-03  1.892E-03  1.939E-03  2.235E-03  2.688E-03  2.611E-03
  2.537E-03  2.263E-03  2.161E-03  2.235E-03  2.077E-03  2.142E-03  2.049E-03  1.636E-03  1.982E-03  1.973E-03
  1.886E-03  1.926E-03  2.192E-03  2.336E-03  2.342E-03  1.860E-03  1.481E-03  1.579E-03  1.723E-03  1.694E-03
  4.371E-03  4.482E-03  4.438E-03  4.500E-03  3.595E-03  6.887E-03  5.297E-03  6.811E-03  5.352E-03  5.730E-03
  6.220E-03  3.734E-03  3.826E-03  5.862E-03  6.178E-03  3.914E-03  5.337E-03  5.701E-03  4.891E-03  4.551E-03
  5.946E-03  5.616E-03  6.064E-03  7.872E-03  7.744E-03  6.503E-03  5.737E-03  4.619E-03  2.856E-03  3.080E-03
  2.651E-03  3.480E-03  3.243E-03  4.605E-03  5.421E-03  3.491E-03  3.428E-03  4.750E-03  5.098E-03  5.736E-03
  5.660E-03  5.349E-03  3.762E-03  4.583E-03  3.436E-03  3.828E-03  3.134E-03  3.310E-03  3.908E-03  3.814E-03
  3.467E-03  3.434E-03  3.459E-03  3.723E-03  3.214E-03  2.725E-03  2.968E-03  2.990E-03  3.625E-03  3.620E-03
  3.588E-03  3.154E-03  3.041E-03  2.289E-03  2.815E-03  3.017E-03  3.041E-03  2.850E-03  2.027E-03  1.966E-03
  2.115E-03  2.014E-03  2.408E-03  2.679E-03  2.990E-03  2.813E-03  2.173E-03  2.019E-03  1.739E-03  1.852E-03
  1.589E-03  1.731E-03  1.411E-03  1.102E-03  9.617E-04  1.508E-03  2.017E-03  1.970E-03  1.759E-03  1.753E-03
  5.341E-03  3.110E-03  6.098E-03  4.469E-03  5.418E-03  5.609E-03  6.079E-03  5.667E-03  3.706E-03  5.550E-03
  5.698E-03  4.617E-03  4.624E-03  4.527E-03  3.952E-03  4.731E-03  5.617E-03  3.621E-03  4.223E-03  5.374E-03
  5.165E-03  4.234E-03  4.226E-03  5.361E-03  5.497E-03  6.151E-03  5.037E-03  5.390E-03  3.587E-03  3.754E-03
  2.684E-03  2.408E-03  3.196E-03  3.120E-03  5.078E-03  2.781E-03  2.605E-03  3.735E-03  3.436E-03  4.147E-03
  3.873E-03  4.804E-03  5.164E-03  4.516E-03  4.057E-03  3.286E-03  2.888E-03  2.583E-03  2.088E-03  2.589E-03
  3.301E-03  2.823E-03  3.153E-03  3.593E-03  3.941E-03  2.958E-03  2.583E-03  2.653E-03  2.153E-03  2.370E-03
  2.567E-03  2.648E-03  2.399E-03  2.869E-03  2.117E-03  2.354E-03  1.825E-03  2.033E-03  2.687E-03  2.652E-03
  2.157E-03  2.069E-03  1.679E-03  1.383E-03  1.466E-03  1.708E-03  2.308E-03  2.327E-03  2.510E-03  2.426E-03
  2.295E-03  1.914E-03  1.920E-03  1.723E-03  1.373E-03  1.292E-03  1.214E-03  1.005E-03  8.801E-04  8.796E-04
  4.333E-03  5.937E-03  5.608E-03  3.702E-03  3.033E-03  4.559E-03  5.436E-03  3.285E-03  3.907E-03  6.375E-03
  6.425E-03  5.055E-03  5.261E-03  4.572E-03  4.860E-03  5.286E-03  4.351E-03  3.776E-03  5.863E-03  4.092E-03
  3.605E-03  5.025E-03  4.262E-03  3.876E-03  3.141E-03  3.999E-03  5.250E-03  4.490E-03  3.676E-03  3.655E-03
  4.544E-03  3.849E-03  2.801E-03  3.478E-03  4.351E-03  3.310E-03  2.002E-03  3.144E-03  4.018E-03  4.945E-03
  2.760E-03  2.876E-03  4.139E-03  3.480E-03  3.740E-03  3.673E-03  3.183E-03  3.193E-03  2.519E-03  2.257E-03
  2.888E-03  2.590E-03  2.250E-03  2.176E-03  2.555E-03  3.690E-03  2.924E-03  2.879E-03  2.850E-03  2.432E-03
  2.127E-03  2.103E-03  2.515E-03  2.311E-03  2.090E-03  1.773E-03  1.773E-03  1.782E-03  1.638E-03  1.610E-03
  2.042E-03  2.357E-03  2.666E-03  2.181E-03  1.681E-03  1.471E-03  1.145E-03  1.323E-03  1.319E-03  1.530E-03
  1.850E-03  1.875E-03  1.775E-03  2.098E-03  2.273E-03  1.951E-03  1.773E-03  1.847E-03  1.902E-03  1.750E-03
  6.841E-03  3.572E-03  3.367E-03  2.737E-03  3.416E-03  4.410E-03  6.289E-03  3.423E-03  4.326E-03  5.153E-03
  5.307E-03  3.923E-03  3.795E-03  3.665E-03  3.403E-03  3.359E-03  3.683E-03  4.431E-03  4.551E-03  3.811E-03
  4.991E-03  4.509E-03  4.817E-03  3.579E-03  2.478E-03  2.372E-03  3.844E-03  3.864E-03  4.069E-03  3.393E-03
  4.348E-03  2.830E-03  3.894E-03  3.725E-03  3.800E-03  3.572E-03  2.541E-03  2.774E-03  2.484E-03  5.134E-03
  3.484E-03  2.532E-03  2.729E-03  3.250E-03  3.641E-03  2.451E-03  3.332E-03  2.933E-03  2.974E-03  2.235E-03
  2.011E-03  3.093E-03  2.313E-03  2.304E-03  1.346E-03  1.494E-03  2.386E-03  2.189E-03  2.119E-03  2.664E-03
  3.044E-03  2.883E-03  2.533E-03  2.417E-03  2.833E-03  2.330E-03  1.951E-03  1.733E-03  1.535E-03  1.540E-03
  1.366E-03  1.061E-03  9.224E-04  1.681E-03  2.286E-03  2.286E-03  2.242E-03  1.562E-03  1.491E-03  1.089E-03
  6.405E-04  9.375E-04  1.324E-03  1.396E-03  1.591E-03  1.825E-03  1.627E-03  1.831E-03  1.859E-03  1.991E-03
  2.885E-03  2.127E-03  2.206E-03  3.263E-03  3.147E-03  3.292E-03  5.290E-03  3.182E-03  4.633E-03  2.619E-03
  3.922E-03  3.947E-03  2.570E-03  3.347E-03  3.776E-03  3.260E-03  3.566E-03  2.710E-03  3.965E-03  4.378E-03
  4.506E-03  3.813E-03  3.079E-03  2.403E-03  3.200E-03  2.031E-03  3.167E-03  3.359E-03  4.262E-03  3.917E-03
  3.185E-03  2.699E-03  3.094E-03  3.044E-03  5.243E-03  4.199E-03  2.522E-03  2.661E-03  2.197E-03  3.480E-03
  3.397E-03  2.498E-03  2.139E-03  1.853E-03  1.659E-03  2.889E-03  2.109E-03  2.407E-03  2.406E-03  2.822E-03
  2.985E-03  2.529E-03  2.929E-03  2.247E-03  3.113E-03  1.502E-03  1.296E-03  1.586E-03  1.737E-03  1.617E-03
  1.854E-03  2.583E-03  2.530E-03  2.573E-03  2.207E-03  2.285E-03  2.483E-03  1.997E-03  1.536E-03  1.804E-03
  1.735E-03  1.546E-03  1.412E-03  1.085E-03  8.337E-04  8.176E-04  1.180E-03  1.805E-03  1.800E-03  2.031E-03
  1.952E-03  1.327E-03  9.529E-04  8.793E-04  6.473E-04  6.646E-04  1.164E-03  1.307E-03  1.307E-03  1.135E-03
  3.129E-03  2.704E-03  2.716E-03  3.063E-03  3.011E-03  3.483E-03  4.252E-03  3.292E-03  2.907E-03  2.625E-03
  2.876E-03  2.755E-03  3.177E-03  3.495E-03  2.888E-03  3.421E-03  3.299E-03  2.773E-03  4.029E-03  3.391E-03
  3.950E-03  1.825E-03  3.176E-03  2.913E-03  2.401E-03  3.683E-03  4.128E-03  3.466E-03  2.509E-03  2.149E-03
  2.768E-03  2.798E-03  3.139E-03  3.891E-03  3.518E-03  3.605E-03  3.371E-03  3.528E-03  3.000E-03  2.413E-03
  2.899E-03  1.700E-03  1.900E-03  1.659E-03  2.264E-03  1.802E-03  1.811E-03  1.652E-03  1.757E-03  2.033E-03
  1.523E-03  1.679E-03  3.024E-03  2.957E-03  2.409E-03  3.648E-03  2.610E-03  2.046E-03  1.559E-03  1.505E-03
  1.281E-03  1.031E-03  1.597E-03  2.360E-03  2.312E-03  2.270E-03  2.440E-03  2.113E-03  2.237E-03  1.748E-03
  1.272E-03  1.708E-03  1.800E-03  1.541E-03  1.432E-03  1.367E-03  1.081E-03  7.784E-04  8.642E-04  8.917E-04
  1.316E-03  1.762E-03  2.091E-03  1.460E-03  1.333E-03  1.312E-03  8.500E-04  6.825E-04  6.869E-04  7.375E-04
  3.556E-03  2.454E-03  3.160E-03  2.066E-03  2.426E-03  3.058E-03  3.050E-03  3.379E-03  2.004E-03  2.272E-03
  2.391E-03  3.684E-03  2.748E-03  3.938E-03  3.019E-03  3.324E-03  2.679E-03  3.414E-03  4.581E-03  2.810E-03
  1.879E-03  1.624E-03  3.997E-03  3.808E-03  3.574E-03  3.210E-03  1.986E-03  2.052E-03  2.301E-03  2.485E-03
  2.538E-03  3.143E-03  2.227E-03  2.027E-03  3.536E-03  3.557E-03  2.261E-03  2.171E-03  4.249E-03  3.857E-03
  2.809E-03  2.599E-03  2.530E-03  1.634E-03  1.363E-03  1.946E-03  1.506E-03  2.324E-03  1.461E-03  1.841E-03
  2.233E-03  1.398E-03  7.942E-04  1.951E-03  2.216E-03  2.339E-03  3.321E-03  2.693E-03  2.359E-03  1.796E-03
  1.296E-03  1.359E-03  9.915E-04  9.794E-04  1.585E-03  2.264E-03  2.453E-03  2.483E-03  2.266E-03  2.077E-03
  2.134E-03  1.931E-03  1.539E-03  1.403E-03  1.507E-03  1.674E-03  1.665E-03  1.464E-03  1.232E-03  1.228E-03
  1.115E-03  1.131E-03  8.158E-04  1.236E-03  1.416E-03  1.597E-03  1.705E-03  1.440E-03  1.168E-03  1.219E-03
  2.663E-03  3.300E-03  2.367E-03  1.272E-03  1.775E-03  2.812E-03  2.469E-03  3.365E-03  2.612E-03  2.284E-03
  3.324E-03  2.518E-03  2.876E-03  2.833E-03  1.760E-03  3.215E-03  2.179E-03  4.703E-03  3.960E-03  1.210E-03
  2.184E-03  2.125E-03  2.283E-03  2.629E-03  2.651E-03  2.246E-03  2.076E-03  2.032E-03  1.919E-03  3.640E-03
  2.268E-03  1.815E-03  1.541E-03  2.220E-03  2.114E-03  3.214E-03  2.034E-03  2.739E-03  2.421E-03  3.002E-03
  2.364E-03  2.128E-03  1.873E-03  3.137E-03  1.677E-03  2.295E-03  1.557E-03  9.484E-04  2.572E-03  1.276E-03
  1.592E-03  2.126E-03  1.851E-03  1.366E-03  1.363E-03  1.766E-03  1.731E-03  3.240E-03  3.467E-03  2.797E-03
  2.374E-03  1.873E-03  1.745E-03  1.125E-03  9.252E-04  1.289E-03  1.476E-03  1.992E-03  2.214E-03  2.255E-03
  2.353E-03  1.921E-03  2.016E-03  1.941E-03  1.756E-03  1.538E-03  1.298E-03  1.333E-03  1.480E-03  1.282E-03
  1.107E-03  9.798E-04  1.145E-03  1.093E-03  1.133E-03  6.938E-04  9.215E-04  1.014E-03  1.433E-03  1.375E-03
  2.011E-03  2.352E-03  2.263E-03  2.125E-03  2.374E-03  2.847E-03  2.610E-03  3.758E-03  2.913E-03  2.439E-03
  3.412E-03  1.993E-03  1.248E-03  2.627E-03  3.045E-03  2.751E-03  3.436E-03  2.855E-03  2.351E-03  2.393E-03
  2.634E-03  1.935E-03  3.372E-03  2.115E-03  2.224E-03  3.384E-03  1.439E-03  1.933E-03  2.257E-03  2.235E-03
  1.873E-03  1.595E-03  1.389E-03  2.051E-03  2.000E-03  3.463E-03  1.330E-03  2.605E-03  2.395E-03  3.520E-03
  3.091E-03  2.118E-03  2.218E-03  1.898E-03  1.897E-03  2.235E-03  1.907E-03  2.078E-03  1.726E-03  2.346E-03
  1.349E-03  1.709E-03  1.445E-03  1.528E-03  1.537E-03  1.165E-03  1.381E-03  1.220E-03  1.725E-03  2.879E-03
  2.598E-03  2.286E-03  1.949E-03  1.688E-03  1.493E-03  9.344E-04  8.500E-04  1.297E-03  1.463E-03  1.786E-03
  1.370E-03  1.620E-03  1.979E-03  2.102E-03  1.745E-03  1.578E-03  1.723E-03  1.375E-03  1.245E-03  1.077E-03
  1.125E-03  1.064E-03  1.016E-03  9.252E-04  8.294E-04  1.300E-03  1.290E-03  1.158E-03  9.894E-04  8.544E-04
  1.531E-03  1.595E-03  1.286E-03  2.058E-03  1.992E-03  2.354E-03  3.061E-03  3.222E-03  3.362E-03  2.073E-03
  3.189E-03  1.271E-03  1.589E-03  3.196E-03  3.398E-03  3.910E-03  3.527E-03  1.549E-03  2.562E-03  1.807E-03
  3.057E-03  1.249E-03  2.182E-03  2.444E-03  2.761E-03  2.190E-03  2.516E-03  2.136E-03  2.532E-03  2.086E-03
  1.583E-03  1.542E-03  2.127E-03  2.327E-03  2.520E-03  3.102E-03  2.902E-03  2.262E-03  1.670E-03  2.781E-03
  2.765E-03  2.626E-03  1.603E-03  1.673E-03  1.044E-03  1.333E-03  2.616E-03  7.229E-04  8.454E-04  1.502E-03
  1.629E-03  1.326E-03  1.978E-03  1.614E-03  1.688E-03  1.606E-03  1.063E-03  1.262E-03  1.596E-03  1.113E-03
  1.985E-03  2.462E-03  2.552E-03  1.962E-03  1.730E-03  1.588E-03  1.267E-03  1.305E-03  1.605E-03  1.144E-03
  1.526E-03  1.401E-03  7.684E-04  1.073E-03  1.737E-03  1.843E-03  1.951E-03  1.622E-03  1.385E-03  1.652E-03
  1.395E-03  9.986E-04  7.306E-04  7.654E-04  9.072E-04  7.189E-04  3.945E-04  6.673E-04  9.192E-04  1.016E-03
  1.695E-03  2.161E-03  8.988E-04  2.245E-03  2.154E-03  2.626E-03  3.326E-03  2.533E-03  3.050E-03  1.844E-03
  1.103E-03  1.198E-03  2.044E-03  1.928E-03  2.664E-03  4.089E-03  2.543E-03  2.087E-03  3.045E-03  1.847E-03
  2.960E-03  1.120E-03  1.468E-03  1.942E-03  3.284E-03  2.526E-03  2.224E-03  2.269E-03  1.102E-03  2.187E-03
  6.785E-04  1.691E-03  1.694E-03  1.507E-03  1.976E-03  2.097E-03  2.724E-03  1.950E-03  2.584E-03  1.841E-03
  1.808E-03  2.579E-03  1.854E-03  1.244E-03  1.304E-03  8.439E-04  2.063E-03  1.658E-03  5.543E-04  6.304E-04
  1.237E-03  9.188E-04  1.120E-03  1.713E-03  1.135E-03  9.132E-04  1.462E-03  1.399E-03  1.579E-03  2.162E-03
  1.735E-03  1.345E-03  1.547E-03  2.424E-03  2.183E-03  1.824E-03  2.030E-03  1.482E-03  1.218E-03  1.638E-03
  1.915E-03  1.913E-03  1.667E-03  1.079E-03  8.269E-04  1.188E-03  1.323E-03  1.718E-03  1.852E-03  1.742E-03
  1.719E-03  1.457E-03  1.568E-03  1.277E-03  9.709E-04  9.744E-04  8.290E-04  8.021E-04  5.724E-04  3.583E-04
  1.765E-03  1.968E-03  1.059E-03  2.415E-03  1.973E-03  3.018E-03  2.510E-03  1.106E-03  2.609E-03  1.629E-03
  1.267E-03  2.305E-03  1.927E-03  2.313E-03  1.907E-03  2.863E-03  1.369E-03  1.920E-03  2.878E-03  2.319E-03
  1.262E-03  1.048E-03  1.666E-03  2.232E-03  2.603E-03  1.282E-03  1.212E-03  2.263E-03  2.293E-03  1.741E-03
  1.851E-03  1.693E-03  1.857E-03  1.281E-03  1.431E-03  1.396E-03  2.330E-03  2.692E-03  1.176E-03  1.251E-03
  2.130E-03  2.404E-03  1.979E-03  2.053E-03  1.226E-03  1.866E-03  1.644E-03  1.616E-03  8.777E-04  6.187E-04
  8.920E-04  1.084E-03  4.816E-04  8.657E-04  1.738E-03  1.469E-03  8.987E-04  7.807E-04  6.435E-04  8.948E-04
  1.600E-03  2.278E-03  1.740E-03  1.457E-03  1.962E-03  1.470E-03  1.394E-03  1.558E-03  1.581E-03  1.530E-03
  1.280E-03  1.230E-03  1.743E-03  2.202E-03  1.842E-03  1.051E-03  6.041E-04  1.079E-03  9.108E-04  9.042E-04
  1.398E-03  1.700E-03  1.657E-03  1.804E-03  1.360E-03  8.746E-04  1.196E-03  1.131E-03  1.259E-03  1.121E-03
  1.262E-03  2.092E-03  2.446E-03  1.293E-03  3.011E-03  1.794E-03  1.690E-03  1.619E-03  2.293E-03  2.201E-03
  1.582E-03  2.465E-03  1.381E-03  2.602E-03  1.868E-03  2.005E-03  2.037E-03  1.133E-03  2.052E-03  1.751E-03
  1.762E-03  1.837E-03  1.671E-03  1.920E-03  1.531E-03  1.640E-03  1.550E-03  1.648E-03  9.235E-04  1.548E-03
  2.305E-03  2.257E-03  9.799E-04  1.565E-03  1.534E-03  1.180E-03  7.337E-04  2.410E-03  1.803E-03  9.431E-04
  1.116E-03  2.097E-03  1.691E-03  8.507E-04  2.013E-03  1.548E-03  1.684E-03  2.234E-03  1.454E-03  8.374E-04
  8.970E-04  8.644E-04  1.217E-03  6.528E-04  6.881E-04  1.292E-03  1.266E-03  1.292E-03  9.502E-04  7.889E-04
  5.986E-04  7.931E-04  1.565E-03  1.810E-03  9.599E-04  1.855E-03  1.532E-03  1.369E-03  1.790E-03  1.656E-03
  1.537E-03  1.524E-03  1.397E-03  1.374E-03  1.484E-03  2.034E-03  2.102E-03  1.713E-03  1.122E-03  9.872E-04
  7.841E-04  9.590E-04  1.077E-03  1.112E-03  1.377E-03  1.849E-03  1.519E-03  8.454E-04  4.807E-04  8.323E-04
  1.889E-03  1.875E-03  2.613E-03  1.691E-03  1.522E-03  9.884E-04  1.512E-03  1.776E-03  1.876E-03  1.919E-03
  2.260E-03  1.417E-03  2.473E-03  1.946E-03  2.300E-03  1.162E-03  1.979E-03  1.201E-03  1.715E-03  1.545E-03
  1.246E-03  2.454E-03  2.422E-03  2.101E-03  1.556E-03  1.525E-03  1.164E-03  1.449E-03  1.129E-03  1.054E-03
  1.569E-03  2.495E-03  1.605E-03  2.262E-03  9.072E-04  2.037E-03  1.233E-03  1.262E-03  2.078E-03  1.596E-03
  1.068E-03  1.068E-03  1.684E-03  1.427E-03  5.749E-04  1.109E-03  1.563E-03  2.157E-03  1.915E-03  9.403E-04
  9.174E-04  1.138E-03  6.032E-04  8.883E-04  7.985E-04  1.127E-03  1.451E-03  6.873E-04  1.179E-03  1.403E-03
  1.575E-03  7.409E-04  7.660E-04  6.981E-04  1.479E-03  1.200E-03  1.901E-03  1.398E-03  8.540E-04  1.244E-03
  1.575E-03  1.529E-03  1.622E-03  1.516E-03  1.716E-03  1.096E-03  1.376E-03  1.213E-03  1.490E-03  1.727E-03
  1.561E-03  1.333E-03  7.626E-04  9.041E-04  1.047E-03  7.435E-04  8.926E-04  1.703E-03  1.821E-03  1.222E-03
  1.876E-03  2.487E-03  1.997E-03  8.159E-04  7.110E-04  1.152E-03  1.983E-03  1.702E-03  1.103E-03  2.216E-03
  2.189E-03  2.270E-03  2.612E-03  1.306E-03  1.404E-03  7.919E-04  1.953E-03  7.245E-04  1.063E-03  1.379E-03
  1.624E-03  1.709E-03  1.873E-03  1.788E-03  1.153E-03  7.562E-04  1.431E-03  8.811E-04  1.158E-03  1.123E-03
  1.607E-03  1.539E-03  1.583E-03  1.809E-03  1.677E-03  9.664E-04  1.420E-03  1.977E-03  1.812E-03  2.068E-03
  1.890E-03  1.359E-03  9.032E-04  1.098E-03  1.058E-03  7.224E-04  1.159E-03  2.431E-03  1.877E-03  1.791E-03
  1.145E-03  9.033E-04  1.312E-03  1.401E-03  1.080E-03  1.072E-03  1.412E-03  1.092E-03  5.694E-04  3.691E-04
  6.688E-04  1.554E-03  1.271E-03  8.856E-04  5.595E-04  8.879E-04  7.262E-04  1.328E-03  1.657E-03  9.479E-04
  8.190E-04  1.206E-03  9.797E-04  1.154E-03  1.377E-03  1.738E-03  1.265E-03  1.501E-03  1.864E-03  1.232E-03
  1.064E-03  1.020E-03  1.398E-03  1.201E-03  1.095E-03  1.143E-03  1.292E-03  8.683E-04  4.501E-04  1.042E-03
  1.499E-03  2.849E-03  8.020E-04  9.866E-04  1.287E-03  1.316E-03  1.830E-03  1.505E-03  1.486E-03  2.051E-03
  2.884E-03  1.714E-03  2.327E-03  1.324E-03  1.431E-03  4.866E-04  1.236E-03  9.207E-04  1.383E-03  1.448E-03
  1.828E-03  1.093E-03  1.951E-03  1.478E-03  7.281E-04  1.053E-03  7.087E-04  1.784E-03  6.091E-04  1.104E-03
  1.748E-03  8.244E-04  5.366E-04  1.390E-03  1.905E-03  1.315E-03  1.530E-03  1.678E-03  1.251E-03  1.895E-03
  2.648E-03  2.045E-03  1.194E-03  6.892E-04  7.641E-04  6.998E-04  5.437E-04  1.036E-03  2.052E-03  1.452E-03
  7.341E-04  1.086E-03  8.357E-04  6.042E-04  1.120E-03  6.685E-04  7.461E-04  1.644E-03  1.475E-03  8.379E-04
  5.916E-04  4.458E-04  1.164E-03  1.167E-03  1.038E-03  6.832E-04  8.072E-04  9.807E-04  5.332E-04  1.446E-03
  1.472E-03  1.502E-03  1.439E-03  1.101E-03  8.414E-04  1.331E-03  1.870E-03  1.144E-03  5.149E-04  1.293E-03
  1.693E-03  1.290E-03  1.125E-03  1.070E-03  1.059E-03  9.971E-04  9.588E-04  1.373E-03  1.471E-03  1.081E-03

#------------------------------------------------------------------------------
# gshow
#------------------------------------------------------------------------------

p: legs[c5*0.875]

hb:   line clip z  
frame:
  0.0000000E+00 -4.2000000E+00
  8.4000000E+00 -4.2000000E+00
  8.4000000E+00  4.2000000E+00
  0.0000000E+00  4.2000000E+00
clip:
 -9.230768E-02 -4.364706E+00
  0.000000E+00 -4.364706E+00
  0.000000E+00 -4.272398E+00
  0.000000E+00 -4.190118E+00
  0.000000E+00 -4.097810E+00
  0.000000E+00 -4.015529E+00
  0.000000E+00 -3.923222E+00
  0.000000E+00 -3.840941E+00
  0.000000E+00 -3.748633E+00
  0.000000E+00 -3.666353E+00
  0.000000E+00 -3.574045E+00
  0.000000E+00 -3.491765E+00
  0.000000E+00 -3.399457E+00
  0.000000E+00 -3.317176E+00
  0.000000E+00 -3.224869E+00
  0.000000E+00 -3.142588E+00
  0.000000E+00 -3.050281E+00
  0.000000E+00 -2.968000E+00
  0.000000E+00 -2.875692E+00
  0.000000E+00 -2.793412E+00
  0.000000E+00 -2.701104E+00
  0.000000E+00 -2.618824E+00
  0.000000E+00 -2.526516E+00
  0.000000E+00 -2.444235E+00
  0.000000E+00 -2.351928E+00
  0.000000E+00 -2.269647E+00
  0.000000E+00 -2.177339E+00
  0.000000E+00 -2.095059E+00
  0.000000E+00 -2.002751E+00
  0.000000E+00 -1.920471E+00
  0.000000E+00 -1.828163E+00
  0.000000E+00 -1.745882E+00
  0.000000E+00 -1.653575E+00
  0.000000E+00 -1.571294E+00
  0.000000E+00 -1.478986E+00
  0.000000E+00 -1.396706E+00
  0.000000E+00 -1.304398E+00
  0.000000E+00 -1.222118E+00
  0.000000E+00 -1.129810E+00
  0.000000E+00 -1.047529E+00
  0.000000E+00 -9.552217E-01
  0.000000E+00 -8.729412E-01
  0.000000E+00 -7.806335E-01
  0.000000E+00 -6.983529E-01
  0.000000E+00 -6.060452E-01
  0.000000E+00 -5.237647E-01
  0.000000E+00 -4.314570E-01
  0.000000E+00 -3.491764E-01
  0.000000E+00 -2.568688E-01
  0.000000E+00 -1.745882E-01
  0.000000E+00 -8.228053E-02
  0.000000E+00  2.345679E-08
  0.000000E+00  9.230770E-02
  0.000000E+00  1.745883E-01
  0.000000E+00  2.668959E-01
  0.000000E+00  3.491765E-01
  0.000000E+00  4.414842E-01
  0.000000E+00  5.237647E-01
  0.000000E+00  6.160724E-01
  0.000000E+00  6.983530E-01
  0.000000E+00  7.906606E-01
  0.000000E+00  8.729412E-01
  0.000000E+00  9.652489E-01
  0.000000E+00  1.047529E+00
  0.000000E+00  1.139837E+00
  0.000000E+00  1.222118E+00
  0.000000E+00  1.314425E+00
  0.000000E+00  1.396706E+00
  0.000000E+00  1.489014E+00
  0.000000E+00  1.571294E+00
  0.000000E+00  1.663602E+00
  0.000000E+00  1.745882E+00
  0.000000E+00  1.838190E+00
  0.000000E+00  1.920471E+00
  0.000000E+00  2.012778E+00
  0.000000E+00  2.095059E+00
  0.000000E+00  2.187367E+00
  0.000000E+00  2.269647E+00
  0.000000E+00  2.361955E+00
  0.000000E+00  2.444235E+00
  0.000000E+00  2.536543E+00
  0.000000E+00  2.618824E+00
  0.000000E+00  2.711131E+00
  0.000000E+00  2.793412E+00
  0.000000E+00  2.885719E+00
  0.000000E+00  2.968000E+00
  0.000000E+00  3.060308E+00
  0.000000E+00  3.142588E+00
  0.000000E+00  3.234896E+00
  0.000000E+00  3.317176E+00
  0.000000E+00  3.409484E+00
  0.000000E+00  3.491765E+00
  0.000000E+00  3.584072E+00
  0.000000E+00  3.666353E+00
  0.000000E+00  3.758661E+00
  0.000000E+00  3.840941E+00
  0.000000E+00  3.933249E+00
  0.000000E+00  4.015529E+00
  0.000000E+00  4.107837E+00
  0.000000E+00  4.190118E+00
  0.000000E+00  4.282425E+00
  0.000000E+00  4.364706E+00
 -9.230768E-02  4.364706E+00
 -9.230768E-02  4.190118E+00
 -9.230768E-02  4.015529E+00
 -9.230768E-02  3.840941E+00
 -9.230768E-02  3.666353E+00
 -9.230768E-02  3.491765E+00
 -9.230768E-02  3.317176E+00
 -9.230768E-02  3.142588E+00
 -9.230768E-02  2.968000E+00
 -9.230768E-02  2.793412E+00
 -9.230768E-02  2.618824E+00
 -9.230768E-02  2.444235E+00
 -9.230768E-02  2.269647E+00
 -9.230768E-02  2.095059E+00
 -9.230768E-02  1.920471E+00
 -9.230768E-02  1.745882E+00
 -9.230768E-02  1.571294E+00
 -9.230768E-02  1.396706E+00
 -9.230768E-02  1.222118E+00
 -9.230768E-02  1.047529E+00
 -9.230768E-02  8.729412E-01
 -9.230768E-02  6.983530E-01
 -9.230768E-02  5.237647E-01
 -9.230768E-02  3.491765E-01
 -9.230768E-02  1.745883E-01
 -9.230768E-02  2.345679E-08
 -9.230768E-02 -1.745882E-01
 -9.230768E-02 -3.491764E-01
 -9.230768E-02 -5.237647E-01
 -9.230768E-02 -6.983529E-01
 -9.230768E-02 -8.729412E-01
 -9.230768E-02 -1.047529E+00
 -9.230768E-02 -1.222118E+00
 -9.230768E-02 -1.396706E+00
 -9.230768E-02 -1.571294E+00
 -9.230768E-02 -1.745882E+00
 -9.230768E-02 -1.920471E+00
 -9.230768E-02 -2.095059E+00
 -9.230768E-02 -2.269647E+00
 -9.230768E-02 -2.444235E+00
 -9.230768E-02 -2.618824E+00
 -9.230768E-02 -2.793412E+00
 -9.230768E-02 -2.968000E+00
 -9.230768E-02 -3.142588E+00
 -9.230768E-02 -3.317176E+00
 -9.230768E-02 -3.491765E+00
 -9.230768E-02 -3.666353E+00
 -9.230768E-02 -3.840941E+00
 -9.230768E-02 -4.015529E+00
 -9.230768E-02 -4.190118E+00
 -9.230768E-02 -4.364706E+00

hb:   line clip z  
frame:
  0.0000000E+00 -4.2000000E+00
  8.4000000E+00 -4.2000000E+00
  8.4000000E+00  4.2000000E+00
  0.0000000E+00  4.2000000E+00
clip:
  3.076935E-03 -4.364706E+00
  4.200000E+00 -4.364706E+00
  4.200000E+00 -4.269321E+00
  4.200000E+00 -4.190118E+00
  4.200000E+00 -4.094733E+00
  4.200000E+00 -4.015529E+00
  4.200000E+00 -3.920145E+00
  4.200000E+00 -3.840941E+00
  4.200000E+00 -3.745557E+00
  4.200000E+00 -3.666353E+00
  4.200000E+00 -3.570968E+00
  4.200000E+00 -3.491765E+00
  4.200000E+00 -3.396380E+00
  4.200000E+00 -3.317176E+00
  4.200000E+00 -3.221792E+00
  4.200000E+00 -3.142588E+00
  4.200000E+00 -3.047204E+00
  4.200000E+00 -2.968000E+00
  4.200000E+00 -2.872615E+00
  4.200000E+00 -2.793412E+00
  4.200000E+00 -2.698027E+00
  4.200000E+00 -2.618824E+00
  4.200000E+00 -2.523439E+00
  4.200000E+00 -2.444235E+00
  4.200000E+00 -2.348851E+00
  4.200000E+00 -2.269647E+00
  4.200000E+00 -2.174262E+00
  4.200000E+00 -2.095059E+00
  4.200000E+00 -1.999674E+00
  4.200000E+00 -1.920471E+00
  4.200000E+00 -1.825086E+00
  4.200000E+00 -1.745882E+00
  4.200000E+00 -1.650498E+00
  4.200000E+00 -1.571294E+00
  4.200000E+00 -1.475909E+00
  4.200000E+00 -1.396706E+00
  4.200000E+00 -1.301321E+00
  4.200000E+00 -1.222118E+00
  4.200000E+00 -1.126733E+00
  4.200000E+00 -1.047529E+00
  4.200000E+00 -9.521448E-01
  4.200000E+00 -8.729412E-01
  4.200000E+00 -7.775565E-01
  4.200000E+00 -6.983529E-01
  4.200000E+00 -6.029683E-01
  4.200000E+00 -5.237647E-01
  4.200000E+00 -4.283801E-01
  4.200000E+00 -3.491764E-01
  4.200000E+00 -2.537918E-01
  4.200000E+00 -1.745882E-01
  4.200000E+00 -7.920361E-02
  4.200000E+00  2.345679E-08
  4.200000E+00  9.538463E-02
  4.200000E+00  1.745883E-01
  4.200000E+00  2.699729E-01
  4.200000E+00  3.491765E-01
  4.200000E+00  4.445611E-01
  4.200000E+00  5.237647E-01
  4.200000E+00  6.191493E-01
  4.200000E+00  6.983530E-01
  4.200000E+00  7.937376E-01
  4.200000E+00  8.729412E-01
  4.200000E+00  9.683258E-01
  4.200000E+00  1.047529E+00
  4.200000E+00  1.142914E+00
  4.200000E+00  1.222118E+00
  4.200000E+00  1.317502E+00
  4.200000E+00  1.396706E+00
  4.200000E+00  1.492091E+00
  4.200000E+00  1.571294E+00
  4.200000E+00  1.666679E+00
  4.200000E+00  1.745882E+00
  4.200000E+00  1.841267E+00
  4.200000E+00  1.920471E+00
  4.200000E+00  2.015855E+00
  4.200000E+00  2.095059E+00
  4.200000E+00  2.190443E+00
  4.200000E+00  2.269647E+00
  4.200000E+00  2.365032E+00
  4.200000E+00  2.444235E+00
  4.200000E+00  2.539620E+00
  4.200000E+00  2.618824E+00
  4.200000E+00  2.714208E+00
  4.200000E+00  2.793412E+00
  4.200000E+00  2.888796E+00
  4.200000E+00  2.968000E+00
  4.200000E+00  3.063385E+00
  4.200000E+00  3.142588E+00
  4.200000E+00  3.237973E+00
  4.200000E+00  3.317176E+00
  4.200000E+00  3.412561E+00
  4.200000E+00  3.491765E+00
  4.200000E+00  3.587149E+00
  4.200000E+00  3.666353E+00
  4.200000E+00  3.761738E+00
  4.200000E+00  3.840941E+00
  4.200000E+00  3.936326E+00
  4.200000E+00  4.015529E+00
  4.200000E+00  4.110914E+00
  4.200000E+00  4.190118E+00
  4.200000E+00  4.285502E+00
  4.200000E+00  4.364706E+00
  4.104615E+00  4.364706E+00
  4.009231E+00  4.364706E+00
  3.913846E+00  4.364706E+00
  3.818462E+00  4.364706E+00
  3.723077E+00  4.364706E+00
  3.627692E+00  4.364706E+00
  3.532308E+00  4.364706E+00
  3.436923E+00  4.364706E+00
  3.341538E+00  4.364706E+00
  3.246154E+00  4.364706E+00
  3.150769E+00  4.364706E+00
  3.055385E+00  4.364706E+00
  2.960000E+00  4.364706E+00
  2.864615E+00  4.364706E+00
  2.769231E+00  4.364706E+00
  2.673846E+00  4.364706E+00
  2.578462E+00  4.364706E+00
  2.483077E+00  4.364706E+00
  2.387692E+00  4.364706E+00
  2.292308E+00  4.364706E+00
  2.196923E+00  4.364706E+00
  2.101538E+00  4.364706E+00
  2.006154E+00  4.364706E+00
  1.910769E+00  4.364706E+00
  1.815385E+00  4.364706E+00
  1.720000E+00  4.364706E+00
  1.624615E+00  4.364706E+00
  1.529231E+00  4.364706E+00
  1.433846E+00  4.364706E+00
  1.338462E+00  4.364706E+00
  1.243077E+00  4.364706E+00
  1.147692E+00  4.364706E+00
  1.052308E+00  4.364706E+00
  9.569231E-01  4.364706E+00
  8.615385E-01  4.364706E+00
  7.661539E-01  4.364706E+00
  6.707692E-01  4.364706E+00
  5.753846E-01  4.364706E+00
  4.800000E-01  4.364706E+00
  3.846154E-01  4.364706E+00
  2.892308E-01  4.364706E+00
  1.938462E-01  4.364706E+00
  9.846155E-02  4.364706E+00
  3.076935E-03  4.364706E+00
  0.000000E+00  4.364706E+00
  0.000000E+00  4.361629E+00
  0.000000E+00  4.190118E+00
  0.000000E+00  4.187041E+00
  0.000000E+00  4.015529E+00
  0.000000E+00  4.012452E+00
  0.000000E+00  3.840941E+00
  0.000000E+00  3.837864E+00
  0.000000E+00  3.666353E+00
  0.000000E+00  3.663276E+00
  0.000000E+00  3.491765E+00
  0.000000E+00  3.488688E+00
  0.000000E+00  3.317176E+00
  0.000000E+00  3.314100E+00
  0.000000E+00  3.142588E+00
  0.000000E+00  3.139511E+00
  0.000000E+00  2.968000E+00
  0.000000E+00  2.964923E+00
  0.000000E+00  2.793412E+00
  0.000000E+00  2.790335E+00
  0.000000E+00  2.618824E+00
  0.000000E+00  2.615747E+00
  0.000000E+00  2.444235E+00
  0.000000E+00  2.441158E+00
  0.000000E+00  2.269647E+00
  0.000000E+00  2.266570E+00
  0.000000E+00  2.095059E+00
  0.000000E+00  2.091982E+00
  0.000000E+00  1.920471E+00
  0.000000E+00  1.917394E+00
  0.000000E+00  1.745882E+00
  0.000000E+00  1.742805E+00
  0.000000E+00  1.571294E+00
  0.000000E+00  1.568217E+00
  0.000000E+00  1.396706E+00
  0.000000E+00  1.393629E+00
  0.000000E+00  1.222118E+00
  0.000000E+00  1.219041E+00
  0.000000E+00  1.047529E+00
  0.000000E+00  1.044452E+00
  0.000000E+00  8.729412E-01
  0.000000E+00  8.698643E-01
  0.000000E+00  6.983530E-01
  0.000000E+00  6.952760E-01
  0.000000E+00  5.237647E-01
  0.000000E+00  5.206878E-01
  0.000000E+00  3.491765E-01
  0.000000E+00  3.460996E-01
  0.000000E+00  1.745883E-01
  0.000000E+00  1.715113E-01
  0.000000E+00  2.345679E-08
  0.000000E+00 -3.076912E-03
  0.000000E+00 -1.745882E-01
  0.000000E+00 -1.776651E-01
  0.000000E+00 -3.491764E-01
  0.000000E+00 -3.522534E-01
  0.000000E+00 -5.237647E-01
  0.000000E+00 -5.268416E-01
  0.000000E+00 -6.983529E-01
  0.000000E+00 -7.014299E-01
  0.000000E+00 -8.729412E-01
  0.000000E+00 -8.760181E-01
  0.000000E+00 -1.047529E+00
  0.000000E+00 -1.050606E+00
  0.000000E+00 -1.222118E+00
  0.000000E+00 -1.225195E+00
  0.000000E+00 -1.396706E+00
  0.000000E+00 -1.399783E+00
  0.000000E+00 -1.571294E+00
  0.000000E+00 -1.574371E+00
  0.000000E+00 -1.745882E+00
  0.000000E+00 -1.748959E+00
  0.000000E+00 -1.920471E+00
  0.000000E+00 -1.923548E+00
  0.000000E+00 -2.095059E+00
  0.000000E+00 -2.098136E+00
  0.000000E+00 -2.269647E+00
  0.000000E+00 -2.272724E+00
  0.000000E+00 -2.444235E+00
  0.000000E+00 -2.447312E+00
  0.000000E+00 -2.618824E+00
  0.000000E+00 -2.621900E+00
  0.000000E+00 -2.793412E+00
  0.000000E+00 -2.796489E+00
  0.000000E+00 -2.968000E+00
  0.000000E+00 -2.971077E+00
  0.000000E+00 -3.142588E+00
  0.000000E+00 -3.145665E+00
  0.000000E+00 -3.317176E+00
  0.000000E+00 -3.320253E+00
  0.000000E+00 -3.491765E+00
  0.000000E+00 -3.494842E+00
  0.000000E+00 -3.666353E+00
  0.000000E+00 -3.669430E+00
  0.000000E+00 -3.840941E+00
  0.000000E+00 -3.844018E+00
  0.000000E+00 -4.015529E+00
  0.000000E+00 -4.018606E+00
  0.000000E+00 -4.190118E+00
  0.000000E+00 -4.193195E+00
  0.000000E+00 -4.364706E+00

hb:   line clip z  
frame:
  0.0000000E+00 -4.2000000E+00
  8.4000000E+00 -4.2000000E+00
  8.4000000E+00  4.2000000E+00
  0.0000000E+00  4.2000000E+00
clip:
  4.200000E+00 -4.364706E+00
  8.492308E+00 -4.364706E+00
  8.492308E+00 -4.190118E+00
  8.492308E+00 -4.015529E+00
  8.492308E+00 -3.840941E+00
  8.492308E+00 -3.666353E+00
  8.492308E+00 -3.491765E+00
  8.492308E+00 -3.317176E+00
  8.492308E+00 -3.142588E+00
  8.492308E+00 -2.968000E+00
  8.492308E+00 -2.793412E+00
  8.492308E+00 -2.618824E+00
  8.492308E+00 -2.444235E+00
  8.492308E+00 -2.269647E+00
  8.492308E+00 -2.095059E+00
  8.492308E+00 -1.920471E+00
  8.492308E+00 -1.745882E+00
  8.492308E+00 -1.571294E+00
  8.492308E+00 -1.396706E+00
  8.492308E+00 -1.222118E+00
  8.492308E+00 -1.047529E+00
  8.492308E+00 -8.729412E-01
  8.492308E+00 -6.983529E-01
  8.492308E+00 -5.237647E-01
  8.492308E+00 -3.491764E-01
  8.492308E+00 -1.745882E-01
  8.492308E+00  2.345679E-08
  8.492308E+00  1.745883E-01
  8.492308E+00  3.491765E-01
  8.492308E+00  5.237647E-01
  8.492308E+00  6.983530E-01
  8.492308E+00  8.729412E-01
  8.492308E+00  1.047529E+00
  8.492308E+00  1.222118E+00
  8.492308E+00  1.396706E+00
  8.492308E+00  1.571294E+00
  8.492308E+00  1.745882E+00
  8.492308E+00  1.920471E+00
  8.492308E+00  2.095059E+00
  8.492308E+00  2.269647E+00
  8.492308E+00  2.444235E+00
  8.492308E+00  2.618824E+00
  8.492308E+00  2.793412E+00
  8.492308E+00  2.968000E+00
  8.492308E+00  3.142588E+00
  8.492308E+00  3.317176E+00
  8.492308E+00  3.491765E+00
  8.492308E+00  3.666353E+00
  8.492308E+00  3.840941E+00
  8.492308E+00  4.015529E+00
  8.492308E+00  4.190118E+00
  8.492308E+00  4.364706E+00
  8.396923E+00  4.364706E+00
  8.301538E+00  4.364706E+00
  8.206154E+00  4.364706E+00
  8.110769E+00  4.364706E+00
  8.015385E+00  4.364706E+00
  7.920000E+00  4.364706E+00
  7.824615E+00  4.364706E+00
  7.729231E+00  4.364706E+00
  7.633846E+00  4.364706E+00
  7.538462E+00  4.364706E+00
  7.443077E+00  4.364706E+00
  7.347692E+00  4.364706E+00
  7.252308E+00  4.364706E+00
  7.156923E+00  4.364706E+00
  7.061538E+00  4.364706E+00
  6.966154E+00  4.364706E+00
  6.870769E+00  4.364706E+00
  6.775385E+00  4.364706E+00
  6.680000E+00  4.364706E+00
  6.584615E+00  4.364706E+00
  6.489231E+00  4.364706E+00
  6.393846E+00  4.364706E+00
  6.298462E+00  4.364706E+00
  6.203077E+00  4.364706E+00
  6.107692E+00  4.364706E+00
  6.012308E+00  4.364706E+00
  5.916923E+00  4.364706E+00
  5.821538E+00  4.364706E+00
  5.726154E+00  4.364706E+00
  5.630769E+00  4.364706E+00
  5.535385E+00  4.364706E+00
  5.440000E+00  4.364706E+00
  5.344615E+00  4.364706E+00
  5.249231E+00  4.364706E+00
  5.153846E+00  4.364706E+00
  5.058462E+00  4.364706E+00
  4.963077E+00  4.364706E+00
  4.867692E+00  4.364706E+00
  4.772308E+00  4.364706E+00
  4.676923E+00  4.364706E+00
  4.581538E+00  4.364706E+00
  4.486154E+00  4.364706E+00
  4.390769E+00  4.364706E+00
  4.295385E+00  4.364706E+00
  4.200000E+00  4.364706E+00
  4.200000E+00  4.190118E+00
  4.200000E+00  4.015529E+00
  4.200000E+00  3.840941E+00
  4.200000E+00  3.666353E+00
  4.200000E+00  3.491765E+00
  4.200000E+00  3.317176E+00
  4.200000E+00  3.142588E+00
  4.200000E+00  2.968000E+00
  4.200000E+00  2.793412E+00
  4.200000E+00  2.618824E+00
  4.200000E+00  2.444235E+00
  4.200000E+00  2.269647E+00
  4.200000E+00  2.095059E+00
  4.200000E+00  1.920471E+00
  4.200000E+00  1.745882E+00
  4.200000E+00  1.571294E+00
  4.200000E+00  1.396706E+00
  4.200000E+00  1.222118E+00
  4.200000E+00  1.047529E+00
  4.200000E+00  8.729412E-01
  4.200000E+00  6.983530E-01
  4.200000E+00  5.237647E-01
  4.200000E+00  3.491765E-01
  4.200000E+00  1.745883E-01
  4.200000E+00  2.345679E-08
  4.200000E+00 -1.745882E-01
  4.200000E+00 -3.491764E-01
  4.200000E+00 -5.237647E-01
  4.200000E+00 -6.983529E-01
  4.200000E+00 -8.729412E-01
  4.200000E+00 -1.047529E+00
  4.200000E+00 -1.222118E+00
  4.200000E+00 -1.396706E+00
  4.200000E+00 -1.571294E+00
  4.200000E+00 -1.745882E+00
  4.200000E+00 -1.920471E+00
  4.200000E+00 -2.095059E+00
  4.200000E+00 -2.269647E+00
  4.200000E+00 -2.444235E+00
  4.200000E+00 -2.618824E+00
  4.200000E+00 -2.793412E+00
  4.200000E+00 -2.968000E+00
  4.200000E+00 -3.142588E+00
  4.200000E+00 -3.317176E+00
  4.200000E+00 -3.491765E+00
  4.200000E+00 -3.666353E+00
  4.200000E+00 -3.840941E+00
  4.200000E+00 -4.015529E+00
  4.200000E+00 -4.190118E+00
  4.200000E+00 -4.364706E+00

#------------------------------------------------------------------------------
z: xorg(1.03)
p: xfac[c2*0.05] form[c1/0.05] notc noxt noyt dmin(1)
p: ymin(0) ymax(1) xmin(0) xmax(1) cmin(1) cmax(100) nosp
hc: y= 0.005 to 0.995 by 0.01 ; x= 0.5 to 0.5 by 1 ;
 1  2  3  4  5  6  7  8  9 10 11 12 13 14 15 16 17 18 19 20
21 22 23 24 25 26 27 28 29 30 31 32 33 34 35 36 37 38 39 40
41 42 43 44 45 46 47 48 49 50 51 52 53 54 55 56 57 58 59 60
61 62 63 64 65 66 67 68 69 70 71 72 73 74 75 76 77 78 79 80
81 82 83 84 85 86 87 88 89 90 91 92 93 94 95 96 97 98 99 100
z: xorg(0.0)
p: xfac[c2*0.05] form[c1/0.05] nosp afac[c5*0.625] ymin[c3] ymax[c4]
p: noxt noxn ytxt(-1) ynum(-1) xltd(-1) xstd(-1) itic(1) ylog
y: Flux [1/cm^2/source]              
#------------------------------------------------------------------------------

wt: s[c5]
\vspace{-3}
  emin  &=&   0.0000E+00 [MeV]
  emax  &=&   1.0000E+03 [MeV]
  ymin  &=&  -4.2000E+00 [cm]
  ymax  &=&   4.2000E+00 [cm]
  part. &=& neutron 
e:

#------------------------------------------------------------------------------
z: xorg[-1.03/0.05]
p: form[c1] xfac[c2] afac[c5] nosp notf
p: xmin(  0.000000    ) xmax(  8.400000    )
p: ymin( -4.200000    ) ymax(  4.200000    )
 
# Information for Restart Calculation
# This calculation was newly started
# istdev =  2 # 1:Batch variance, 2:History variance
# resc2  = 6.00000000000000000E+03 # Total source weight or Total source weight / maxcas
# resc3  = 6.00000000000000000E+03 # Total history number or Total batch number
# maxcas =        2000 # History / Batch, only used for istdev=1
# bitrseed = 1001000011100101101101101011000010001010100000111001111101111011 # bit data of rseed
