[ T-Track ]
    title = Track in xyz mesh
     mesh =  xyz            # mesh type is xyz scoring mesh
   x-type =    2            # x-mesh is linear given by xmin, xmax and nx
     xmin =  -4.200000      # minimum value of x-mesh points
     xmax =   4.200000      # maximum value of x-mesh points
#    xdel =  0.1680000      # mesh width of x-mesh points
       nx =     50          # number of x-mesh points
#    data = ( x(i), i = 1, nx + 1 )
#          -4.20000E+00 -4.03200E+00 -3.86400E+00 -3.69600E+00 -3.52800E+00
#          -3.36000E+00 -3.19200E+00 -3.02400E+00 -2.85600E+00 -2.68800E+00
#          -2.52000E+00 -2.35200E+00 -2.18400E+00 -2.01600E+00 -1.84800E+00
#          -1.68000E+00 -1.51200E+00 -1.34400E+00 -1.17600E+00 -1.00800E+00
#          -8.40000E-01 -6.72000E-01 -5.04000E-01 -3.36000E-01 -1.68000E-01
#           0.00000E+00  1.68000E-01  3.36000E-01  5.04000E-01  6.72000E-01
#           8.40000E-01  1.00800E+00  1.17600E+00  1.34400E+00  1.51200E+00
#           1.68000E+00  1.84800E+00  2.01600E+00  2.18400E+00  2.35200E+00
#           2.52000E+00  2.68800E+00  2.85600E+00  3.02400E+00  3.19200E+00
#           3.36000E+00  3.52800E+00  3.69600E+00  3.86400E+00  4.03200E+00
#           4.20000E+00
   y-type =    2            # y-mesh is linear given by ymin, ymax and ny
     ymin =  -4.200000      # minimum value of y-mesh points
     ymax =   4.200000      # maximum value of y-mesh points
#    ydel =   8.400000      # mesh width of y-mesh points
       ny =      1          # number of y-mesh points
#    data = ( y(i), i = 1, ny + 1 )
#          -4.20000E+00  4.20000E+00
   z-type =    2            # z-mesh is linear given by zmin, zmax and nz
     zmin =   0.000000      # minimum value of z-mesh points
     zmax =   8.400000      # maximum value of z-mesh points
#    zdel =  9.3333333E-02  # mesh width of z-mesh points
       nz =     90          # number of z-mesh points
#    data = ( z(i), i = 1, nz + 1 )
#           0.00000E+00  9.33333E-02  1.86667E-01  2.80000E-01  3.73333E-01
#           4.66667E-01  5.60000E-01  6.53333E-01  7.46667E-01  8.40000E-01
#           9.33333E-01  1.02667E+00  1.12000E+00  1.21333E+00  1.30667E+00
#           1.40000E+00  1.49333E+00  1.58667E+00  1.68000E+00  1.77333E+00
#           1.86667E+00  1.96000E+00  2.05333E+00  2.14667E+00  2.24000E+00
#           2.33333E+00  2.42667E+00  2.52000E+00  2.61333E+00  2.70667E+00
#           2.80000E+00  2.89333E+00  2.98667E+00  3.08000E+00  3.17333E+00
#           3.26667E+00  3.36000E+00  3.45333E+00  3.54667E+00  3.64000E+00
#           3.73333E+00  3.82667E+00  3.92000E+00  4.01333E+00  4.10667E+00
#           4.20000E+00  4.29333E+00  4.38667E+00  4.48000E+00  4.57333E+00
#           4.66667E+00  4.76000E+00  4.85333E+00  4.94667E+00  5.04000E+00
#           5.13333E+00  5.22667E+00  5.32000E+00  5.41333E+00  5.50667E+00
#           5.60000E+00  5.69333E+00  5.78667E+00  5.88000E+00  5.97333E+00
#           6.06667E+00  6.16000E+00  6.25333E+00  6.34667E+00  6.44000E+00
#           6.53333E+00  6.62667E+00  6.72000E+00  6.81333E+00  6.90667E+00
#           7.00000E+00  7.09333E+00  7.18667E+00  7.28000E+00  7.37333E+00
#           7.46667E+00  7.56000E+00  7.65333E+00  7.74667E+00  7.84000E+00
#           7.93333E+00  8.02667E+00  8.12000E+00  8.21333E+00  8.30667E+00
#           8.40000E+00
   e-type =    1            # e-mesh is given by the below data
       ne =      1          # number of e-mesh points
#    data = ( e(i), i = 1, ne + 1 )
            0.00000E+00  1.00000E+03
     unit =    1            # unit is [1/cm^2/source]
 material =  all            # (D=all) number of specific material
  2D-type =    3            # 1:Cont, 2:Clust, 3:Color, 4:xyz, 5:mat, 6:Clust+Cont, 7:Col+Cont
     axis =      xz            # axis of output
     file = track.out       # file name of output for the above axis
     part =  photon     electron   alpha      neutron  
# kf/name :  22         11         2000004    2112     
    gshow =    1            # 0: no 1:bnd, 2:bnd+mat, 3:bnd+reg 4:bnd+lat 5:bmp style
    resol =    1            # (D=1) resolution of gshow or rshow
    width = 0.5000000       # (D=0.5) width of lines for gshow or rshow
   epsout =    1            # (D=0) generate eps file by ANGEL
#    used :        main (  %)        temp (  %)       total (  %)
#  memory :         150 (  0)           0 (  0)         150 (  0)

#------------------------------------------------------------------------------
#newpage:
#   no. =  1   ie  =  1   iy  =  1   part. = photon  
#   e = (   0.0000E+00  -   1.0000E+03  )
#   y = (  -4.2000E+00  -   4.2000E+00  )

'no. =  1,  ie =  1,  iy =  1'
msuc: {\huge Track in xyz mesh}
msdr: {\it plotted by \ANGEL \version}
msdl: {\it calculated by \PHITS  3.28}

x: z [cm]
y: x [cm]
set: c1[ 1.000] c2[ 0.900] c5[ 0.800] c6[ 1.000] c7[ 0.000] c8[ 0.000]
p: h2fs form[c1] xfac[c2] afac[c5] scal[c6] xorg[c7] yorg[c8] nosp
set: c3[1.0e-4] c4[1.0]
p: cmin[c3] cmax[c4]
p: dmin(1e-31)
p: zlog
p: xmin(  0.000000    ) xmax(  8.400000    )
p: ymin( -4.200000    ) ymax(  4.200000    )
#  nx =  50   nz =  90
# ( ( data(z,x), z = 1, nz ), x = nx, 1, -1 )

hc:  y =   4.116000     to  -4.116000     by  0.1680000     ; x =  4.6666667E-02 to   8.353333     by  9.3333333E-02 ;
  0.000E+00  0.000E+00  0.000E+00  0.000E+00  0.000E+00  0.000E+00  0.000E+00  0.000E+00  0.000E+00  0.000E+00
  0.000E+00  0.000E+00  0.000E+00  0.000E+00  0.000E+00  0.000E+00  0.000E+00  0.000E+00  0.000E+00  0.000E+00
  0.000E+00  0.000E+00  0.000E+00  0.000E+00  0.000E+00  0.000E+00  0.000E+00  0.000E+00  0.000E+00  0.000E+00
  0.000E+00  0.000E+00  0.000E+00  1.000E+00  0.000E+00  0.000E+00  0.000E+00  0.000E+00  1.000E+00  0.000E+00
  0.000E+00  0.000E+00  0.000E+00  0.000E+00  0.000E+00  0.000E+00  0.000E+00  0.000E+00  0.000E+00  0.000E+00
  0.000E+00  0.000E+00  0.000E+00  0.000E+00  0.000E+00  0.000E+00  0.000E+00  0.000E+00  0.000E+00  0.000E+00
  0.000E+00  0.000E+00  0.000E+00  0.000E+00  0.000E+00  0.000E+00  0.000E+00  0.000E+00  0.000E+00  0.000E+00
  0.000E+00  0.000E+00  0.000E+00  0.000E+00  0.000E+00  0.000E+00  0.000E+00  0.000E+00  0.000E+00  0.000E+00
  0.000E+00  0.000E+00  0.000E+00  0.000E+00  0.000E+00  0.000E+00  0.000E+00  0.000E+00  0.000E+00  0.000E+00
  0.000E+00  0.000E+00  0.000E+00  0.000E+00  0.000E+00  0.000E+00  0.000E+00  0.000E+00  0.000E+00  0.000E+00
  0.000E+00  0.000E+00  0.000E+00  0.000E+00  0.000E+00  0.000E+00  0.000E+00  0.000E+00  0.000E+00  0.000E+00
  0.000E+00  0.000E+00  0.000E+00  0.000E+00  0.000E+00  0.000E+00  0.000E+00  0.000E+00  0.000E+00  0.000E+00
  0.000E+00  0.000E+00  0.000E+00  1.000E+00  0.000E+00  0.000E+00  0.000E+00  0.000E+00  1.000E+00  0.000E+00
  0.000E+00  0.000E+00  0.000E+00  0.000E+00  0.000E+00  0.000E+00  0.000E+00  0.000E+00  0.000E+00  0.000E+00
  0.000E+00  0.000E+00  0.000E+00  0.000E+00  0.000E+00  0.000E+00  0.000E+00  0.000E+00  0.000E+00  0.000E+00
  0.000E+00  0.000E+00  0.000E+00  0.000E+00  0.000E+00  0.000E+00  0.000E+00  0.000E+00  0.000E+00  0.000E+00
  0.000E+00  0.000E+00  0.000E+00  0.000E+00  0.000E+00  0.000E+00  0.000E+00  0.000E+00  0.000E+00  0.000E+00
  0.000E+00  0.000E+00  0.000E+00  0.000E+00  0.000E+00  0.000E+00  0.000E+00  0.000E+00  0.000E+00  0.000E+00
  0.000E+00  0.000E+00  0.000E+00  0.000E+00  0.000E+00  0.000E+00  0.000E+00  0.000E+00  0.000E+00  0.000E+00
  0.000E+00  0.000E+00  0.000E+00  0.000E+00  0.000E+00  0.000E+00  1.000E+00  1.000E+00  1.000E+00  0.000E+00
  0.000E+00  0.000E+00  0.000E+00  0.000E+00  0.000E+00  0.000E+00  0.000E+00  0.000E+00  0.000E+00  0.000E+00
  0.000E+00  0.000E+00  0.000E+00  1.000E+00  1.000E+00  0.000E+00  0.000E+00  0.000E+00  1.000E+00  0.000E+00
  0.000E+00  0.000E+00  0.000E+00  0.000E+00  0.000E+00  0.000E+00  0.000E+00  0.000E+00  0.000E+00  0.000E+00
  0.000E+00  0.000E+00  0.000E+00  0.000E+00  0.000E+00  0.000E+00  0.000E+00  0.000E+00  0.000E+00  0.000E+00
  0.000E+00  0.000E+00  0.000E+00  0.000E+00  0.000E+00  0.000E+00  0.000E+00  0.000E+00  0.000E+00  0.000E+00
  0.000E+00  0.000E+00  0.000E+00  0.000E+00  0.000E+00  0.000E+00  0.000E+00  0.000E+00  0.000E+00  0.000E+00
  0.000E+00  0.000E+00  0.000E+00  0.000E+00  0.000E+00  0.000E+00  0.000E+00  0.000E+00  0.000E+00  0.000E+00
  0.000E+00  0.000E+00  0.000E+00  0.000E+00  0.000E+00  0.000E+00  0.000E+00  0.000E+00  0.000E+00  0.000E+00
  0.000E+00  0.000E+00  0.000E+00  0.000E+00  0.000E+00  0.000E+00  0.000E+00  0.000E+00  0.000E+00  0.000E+00
  0.000E+00  0.000E+00  0.000E+00  0.000E+00  0.000E+00  0.000E+00  0.000E+00  0.000E+00  0.000E+00  0.000E+00
  0.000E+00  1.000E+00  1.000E+00  1.000E+00  0.000E+00  0.000E+00  0.000E+00  0.000E+00  1.000E+00  0.000E+00
  0.000E+00  0.000E+00  0.000E+00  0.000E+00  0.000E+00  0.000E+00  0.000E+00  0.000E+00  0.000E+00  0.000E+00
  0.000E+00  0.000E+00  0.000E+00  0.000E+00  0.000E+00  0.000E+00  0.000E+00  0.000E+00  0.000E+00  0.000E+00
  0.000E+00  0.000E+00  0.000E+00  0.000E+00  0.000E+00  0.000E+00  0.000E+00  0.000E+00  0.000E+00  0.000E+00
  0.000E+00  0.000E+00  0.000E+00  0.000E+00  0.000E+00  0.000E+00  0.000E+00  0.000E+00  0.000E+00  0.000E+00
  0.000E+00  0.000E+00  0.000E+00  0.000E+00  0.000E+00  0.000E+00  0.000E+00  0.000E+00  0.000E+00  0.000E+00
  0.000E+00  0.000E+00  0.000E+00  0.000E+00  0.000E+00  0.000E+00  0.000E+00  0.000E+00  0.000E+00  0.000E+00
  0.000E+00  0.000E+00  0.000E+00  0.000E+00  0.000E+00  0.000E+00  0.000E+00  0.000E+00  0.000E+00  0.000E+00
  0.000E+00  0.000E+00  0.000E+00  0.000E+00  0.000E+00  0.000E+00  0.000E+00  0.000E+00  0.000E+00  1.000E+00
  1.000E+00  1.000E+00  0.000E+00  0.000E+00  0.000E+00  0.000E+00  0.000E+00  0.000E+00  1.000E+00  0.000E+00
  0.000E+00  0.000E+00  0.000E+00  0.000E+00  1.000E+00  0.000E+00  0.000E+00  0.000E+00  0.000E+00  0.000E+00
  0.000E+00  0.000E+00  0.000E+00  0.000E+00  0.000E+00  0.000E+00  0.000E+00  0.000E+00  0.000E+00  0.000E+00
  0.000E+00  0.000E+00  0.000E+00  0.000E+00  0.000E+00  0.000E+00  0.000E+00  0.000E+00  0.000E+00  0.000E+00
  0.000E+00  0.000E+00  0.000E+00  0.000E+00  0.000E+00  0.000E+00  0.000E+00  0.000E+00  0.000E+00  0.000E+00
  0.000E+00  0.000E+00  0.000E+00  0.000E+00  0.000E+00  0.000E+00  0.000E+00  0.000E+00  0.000E+00  0.000E+00
  0.000E+00  0.000E+00  0.000E+00  0.000E+00  0.000E+00  0.000E+00  0.000E+00  0.000E+00  0.000E+00  0.000E+00
  0.000E+00  0.000E+00  0.000E+00  0.000E+00  0.000E+00  0.000E+00  0.000E+00  0.000E+00  0.000E+00  0.000E+00
  0.000E+00  0.000E+00  0.000E+00  0.000E+00  0.000E+00  0.000E+00  0.000E+00  0.000E+00  1.000E+00  1.000E+00
  0.000E+00  0.000E+00  0.000E+00  0.000E+00  0.000E+00  0.000E+00  0.000E+00  0.000E+00  1.000E+00  1.000E+00
  0.000E+00  0.000E+00  0.000E+00  1.000E+00  1.000E+00  0.000E+00  0.000E+00  0.000E+00  0.000E+00  0.000E+00
  0.000E+00  0.000E+00  0.000E+00  0.000E+00  0.000E+00  0.000E+00  0.000E+00  0.000E+00  0.000E+00  0.000E+00
  0.000E+00  0.000E+00  0.000E+00  0.000E+00  0.000E+00  0.000E+00  0.000E+00  0.000E+00  0.000E+00  0.000E+00
  0.000E+00  0.000E+00  0.000E+00  0.000E+00  0.000E+00  0.000E+00  0.000E+00  0.000E+00  0.000E+00  0.000E+00
  0.000E+00  0.000E+00  0.000E+00  0.000E+00  0.000E+00  0.000E+00  0.000E+00  0.000E+00  0.000E+00  0.000E+00
  0.000E+00  0.000E+00  0.000E+00  0.000E+00  0.000E+00  0.000E+00  0.000E+00  0.000E+00  0.000E+00  0.000E+00
  0.000E+00  0.000E+00  0.000E+00  0.000E+00  0.000E+00  0.000E+00  0.000E+00  0.000E+00  0.000E+00  0.000E+00
  0.000E+00  0.000E+00  0.000E+00  0.000E+00  0.000E+00  0.000E+00  0.000E+00  1.000E+00  1.000E+00  0.000E+00
  0.000E+00  0.000E+00  0.000E+00  0.000E+00  0.000E+00  0.000E+00  0.000E+00  0.000E+00  0.000E+00  1.000E+00
  0.000E+00  0.000E+00  0.000E+00  1.000E+00  0.000E+00  0.000E+00  0.000E+00  0.000E+00  0.000E+00  0.000E+00
  0.000E+00  0.000E+00  0.000E+00  0.000E+00  0.000E+00  0.000E+00  0.000E+00  0.000E+00  0.000E+00  0.000E+00
  0.000E+00  0.000E+00  0.000E+00  0.000E+00  0.000E+00  0.000E+00  0.000E+00  0.000E+00  0.000E+00  0.000E+00
  0.000E+00  0.000E+00  0.000E+00  0.000E+00  0.000E+00  0.000E+00  0.000E+00  0.000E+00  0.000E+00  0.000E+00
  0.000E+00  0.000E+00  0.000E+00  0.000E+00  0.000E+00  0.000E+00  0.000E+00  0.000E+00  0.000E+00  0.000E+00
  0.000E+00  0.000E+00  0.000E+00  0.000E+00  0.000E+00  0.000E+00  0.000E+00  0.000E+00  1.000E+00  0.000E+00
  0.000E+00  0.000E+00  0.000E+00  0.000E+00  0.000E+00  0.000E+00  0.000E+00  0.000E+00  0.000E+00  0.000E+00
  0.000E+00  0.000E+00  0.000E+00  0.000E+00  0.000E+00  0.000E+00  1.000E+00  1.000E+00  0.000E+00  0.000E+00
  0.000E+00  0.000E+00  0.000E+00  0.000E+00  0.000E+00  0.000E+00  1.000E+00  1.000E+00  1.000E+00  1.000E+00
  0.000E+00  0.000E+00  1.000E+00  1.000E+00  0.000E+00  0.000E+00  0.000E+00  0.000E+00  0.000E+00  0.000E+00
  0.000E+00  0.000E+00  0.000E+00  0.000E+00  0.000E+00  0.000E+00  0.000E+00  0.000E+00  0.000E+00  0.000E+00
  0.000E+00  0.000E+00  0.000E+00  0.000E+00  0.000E+00  0.000E+00  0.000E+00  0.000E+00  0.000E+00  0.000E+00
  0.000E+00  0.000E+00  0.000E+00  0.000E+00  0.000E+00  0.000E+00  0.000E+00  0.000E+00  0.000E+00  0.000E+00
  0.000E+00  0.000E+00  0.000E+00  0.000E+00  0.000E+00  0.000E+00  0.000E+00  0.000E+00  0.000E+00  0.000E+00
  1.000E+00  1.000E+00  0.000E+00  0.000E+00  0.000E+00  0.000E+00  0.000E+00  0.000E+00  1.000E+00  0.000E+00
  0.000E+00  0.000E+00  0.000E+00  0.000E+00  0.000E+00  0.000E+00  0.000E+00  0.000E+00  0.000E+00  0.000E+00
  0.000E+00  0.000E+00  0.000E+00  0.000E+00  0.000E+00  1.000E+00  1.000E+00  0.000E+00  0.000E+00  0.000E+00
  0.000E+00  0.000E+00  0.000E+00  0.000E+00  0.000E+00  0.000E+00  0.000E+00  0.000E+00  1.000E+00  1.000E+00
  0.000E+00  1.000E+00  1.000E+00  0.000E+00  0.000E+00  0.000E+00  0.000E+00  0.000E+00  0.000E+00  0.000E+00
  0.000E+00  0.000E+00  0.000E+00  0.000E+00  0.000E+00  0.000E+00  0.000E+00  0.000E+00  0.000E+00  0.000E+00
  0.000E+00  0.000E+00  0.000E+00  0.000E+00  0.000E+00  0.000E+00  0.000E+00  0.000E+00  0.000E+00  0.000E+00
  0.000E+00  0.000E+00  0.000E+00  0.000E+00  0.000E+00  0.000E+00  0.000E+00  0.000E+00  0.000E+00  0.000E+00
  0.000E+00  0.000E+00  0.000E+00  0.000E+00  0.000E+00  0.000E+00  0.000E+00  0.000E+00  0.000E+00  1.000E+00
  1.000E+00  1.000E+00  1.000E+00  0.000E+00  0.000E+00  0.000E+00  0.000E+00  0.000E+00  0.000E+00  0.000E+00
  0.000E+00  0.000E+00  0.000E+00  0.000E+00  0.000E+00  0.000E+00  0.000E+00  0.000E+00  0.000E+00  0.000E+00
  0.000E+00  0.000E+00  0.000E+00  0.000E+00  0.000E+00  1.000E+00  0.000E+00  0.000E+00  0.000E+00  0.000E+00
  0.000E+00  0.000E+00  0.000E+00  0.000E+00  0.000E+00  0.000E+00  0.000E+00  0.000E+00  1.000E+00  1.000E+00
  0.000E+00  1.000E+00  0.000E+00  0.000E+00  0.000E+00  0.000E+00  0.000E+00  0.000E+00  0.000E+00  0.000E+00
  0.000E+00  0.000E+00  0.000E+00  0.000E+00  0.000E+00  0.000E+00  0.000E+00  0.000E+00  0.000E+00  0.000E+00
  0.000E+00  0.000E+00  0.000E+00  0.000E+00  0.000E+00  0.000E+00  0.000E+00  0.000E+00  0.000E+00  0.000E+00
  0.000E+00  0.000E+00  0.000E+00  0.000E+00  0.000E+00  0.000E+00  0.000E+00  0.000E+00  0.000E+00  0.000E+00
  0.000E+00  0.000E+00  0.000E+00  0.000E+00  0.000E+00  0.000E+00  1.000E+00  1.000E+00  1.000E+00  1.000E+00
  0.000E+00  0.000E+00  1.000E+00  0.000E+00  0.000E+00  0.000E+00  0.000E+00  0.000E+00  0.000E+00  0.000E+00
  0.000E+00  0.000E+00  0.000E+00  0.000E+00  0.000E+00  0.000E+00  0.000E+00  1.000E+00  0.000E+00  0.000E+00
  1.000E+00  0.000E+00  0.000E+00  0.000E+00  1.000E+00  1.000E+00  0.000E+00  0.000E+00  0.000E+00  0.000E+00
  0.000E+00  0.000E+00  0.000E+00  0.000E+00  0.000E+00  0.000E+00  0.000E+00  0.000E+00  1.000E+00  1.000E+00
  1.000E+00  0.000E+00  0.000E+00  0.000E+00  0.000E+00  0.000E+00  0.000E+00  0.000E+00  0.000E+00  0.000E+00
  0.000E+00  0.000E+00  0.000E+00  0.000E+00  0.000E+00  0.000E+00  0.000E+00  0.000E+00  0.000E+00  0.000E+00
  0.000E+00  0.000E+00  0.000E+00  0.000E+00  0.000E+00  0.000E+00  0.000E+00  0.000E+00  0.000E+00  0.000E+00
  0.000E+00  0.000E+00  0.000E+00  0.000E+00  0.000E+00  0.000E+00  0.000E+00  0.000E+00  0.000E+00  0.000E+00
  0.000E+00  0.000E+00  0.000E+00  0.000E+00  1.000E+00  1.000E+00  1.000E+00  0.000E+00  0.000E+00  0.000E+00
  0.000E+00  0.000E+00  1.000E+00  1.000E+00  0.000E+00  0.000E+00  0.000E+00  0.000E+00  0.000E+00  0.000E+00
  0.000E+00  0.000E+00  0.000E+00  0.000E+00  0.000E+00  0.000E+00  0.000E+00  1.000E+00  1.000E+00  0.000E+00
  8.275E-01  1.000E+00  1.000E+00  7.105E-01  1.000E+00  0.000E+00  0.000E+00  0.000E+00  0.000E+00  0.000E+00
  0.000E+00  0.000E+00  0.000E+00  0.000E+00  0.000E+00  0.000E+00  0.000E+00  0.000E+00  1.000E+00  0.000E+00
  1.000E+00  0.000E+00  0.000E+00  0.000E+00  0.000E+00  0.000E+00  0.000E+00  0.000E+00  0.000E+00  0.000E+00
  0.000E+00  0.000E+00  0.000E+00  0.000E+00  0.000E+00  0.000E+00  0.000E+00  0.000E+00  0.000E+00  0.000E+00
  0.000E+00  0.000E+00  0.000E+00  0.000E+00  0.000E+00  0.000E+00  0.000E+00  0.000E+00  0.000E+00  0.000E+00
  0.000E+00  0.000E+00  0.000E+00  0.000E+00  0.000E+00  0.000E+00  0.000E+00  0.000E+00  0.000E+00  0.000E+00
  0.000E+00  1.000E+00  1.000E+00  1.000E+00  1.000E+00  0.000E+00  0.000E+00  0.000E+00  0.000E+00  0.000E+00
  0.000E+00  0.000E+00  0.000E+00  1.000E+00  1.000E+00  0.000E+00  0.000E+00  0.000E+00  0.000E+00  0.000E+00
  0.000E+00  0.000E+00  0.000E+00  0.000E+00  0.000E+00  0.000E+00  0.000E+00  0.000E+00  1.000E+00  1.000E+00
  1.000E+00  0.000E+00  1.000E+00  8.014E-01  1.000E+00  0.000E+00  0.000E+00  0.000E+00  0.000E+00  0.000E+00
  0.000E+00  0.000E+00  0.000E+00  0.000E+00  0.000E+00  0.000E+00  0.000E+00  0.000E+00  1.000E+00  0.000E+00
  1.000E+00  0.000E+00  0.000E+00  0.000E+00  0.000E+00  0.000E+00  0.000E+00  0.000E+00  0.000E+00  0.000E+00
  0.000E+00  0.000E+00  0.000E+00  0.000E+00  0.000E+00  0.000E+00  0.000E+00  0.000E+00  0.000E+00  0.000E+00
  0.000E+00  0.000E+00  0.000E+00  0.000E+00  0.000E+00  0.000E+00  0.000E+00  0.000E+00  0.000E+00  0.000E+00
  0.000E+00  0.000E+00  0.000E+00  0.000E+00  0.000E+00  0.000E+00  0.000E+00  0.000E+00  1.000E+00  1.000E+00
  1.000E+00  1.000E+00  0.000E+00  0.000E+00  0.000E+00  0.000E+00  0.000E+00  0.000E+00  0.000E+00  0.000E+00
  0.000E+00  0.000E+00  0.000E+00  1.000E+00  1.000E+00  0.000E+00  0.000E+00  0.000E+00  0.000E+00  1.000E+00
  1.000E+00  1.000E+00  0.000E+00  0.000E+00  0.000E+00  0.000E+00  0.000E+00  0.000E+00  1.000E+00  1.000E+00
  0.000E+00  1.000E+00  1.000E+00  0.000E+00  1.000E+00  0.000E+00  0.000E+00  0.000E+00  0.000E+00  0.000E+00
  0.000E+00  0.000E+00  0.000E+00  0.000E+00  0.000E+00  0.000E+00  0.000E+00  0.000E+00  8.137E-01  1.000E+00
  1.000E+00  1.000E+00  0.000E+00  0.000E+00  0.000E+00  0.000E+00  0.000E+00  0.000E+00  0.000E+00  0.000E+00
  0.000E+00  0.000E+00  0.000E+00  0.000E+00  0.000E+00  0.000E+00  0.000E+00  0.000E+00  0.000E+00  0.000E+00
  0.000E+00  0.000E+00  0.000E+00  0.000E+00  0.000E+00  0.000E+00  0.000E+00  0.000E+00  0.000E+00  0.000E+00
  0.000E+00  0.000E+00  0.000E+00  0.000E+00  0.000E+00  0.000E+00  1.000E+00  1.000E+00  1.000E+00  0.000E+00
  0.000E+00  0.000E+00  0.000E+00  0.000E+00  0.000E+00  0.000E+00  0.000E+00  0.000E+00  0.000E+00  0.000E+00
  0.000E+00  0.000E+00  0.000E+00  1.000E+00  7.240E-01  8.809E-01  0.000E+00  0.000E+00  0.000E+00  0.000E+00
  0.000E+00  1.000E+00  1.000E+00  0.000E+00  0.000E+00  0.000E+00  0.000E+00  0.000E+00  0.000E+00  0.000E+00
  1.000E+00  1.000E+00  0.000E+00  0.000E+00  1.000E+00  0.000E+00  0.000E+00  0.000E+00  0.000E+00  0.000E+00
  0.000E+00  0.000E+00  0.000E+00  0.000E+00  0.000E+00  0.000E+00  1.000E+00  5.976E-01  6.624E-01  7.071E-01
  1.000E+00  0.000E+00  0.000E+00  0.000E+00  0.000E+00  0.000E+00  0.000E+00  0.000E+00  0.000E+00  0.000E+00
  0.000E+00  0.000E+00  0.000E+00  0.000E+00  0.000E+00  0.000E+00  0.000E+00  0.000E+00  0.000E+00  0.000E+00
  0.000E+00  0.000E+00  0.000E+00  0.000E+00  0.000E+00  0.000E+00  0.000E+00  0.000E+00  0.000E+00  0.000E+00
  0.000E+00  0.000E+00  0.000E+00  1.000E+00  1.000E+00  1.000E+00  1.000E+00  0.000E+00  0.000E+00  0.000E+00
  0.000E+00  0.000E+00  0.000E+00  0.000E+00  0.000E+00  0.000E+00  0.000E+00  0.000E+00  0.000E+00  0.000E+00
  1.000E+00  0.000E+00  0.000E+00  0.000E+00  0.000E+00  7.187E-01  9.502E-01  0.000E+00  0.000E+00  0.000E+00
  0.000E+00  0.000E+00  1.000E+00  1.000E+00  0.000E+00  0.000E+00  0.000E+00  0.000E+00  0.000E+00  1.000E+00
  1.000E+00  1.000E+00  1.000E+00  1.000E+00  1.000E+00  0.000E+00  0.000E+00  0.000E+00  0.000E+00  0.000E+00
  0.000E+00  0.000E+00  0.000E+00  0.000E+00  0.000E+00  0.000E+00  7.056E-01  5.986E-01  1.000E+00  1.000E+00
  0.000E+00  0.000E+00  0.000E+00  0.000E+00  0.000E+00  0.000E+00  0.000E+00  0.000E+00  0.000E+00  0.000E+00
  0.000E+00  0.000E+00  0.000E+00  0.000E+00  0.000E+00  0.000E+00  0.000E+00  0.000E+00  0.000E+00  0.000E+00
  0.000E+00  0.000E+00  0.000E+00  0.000E+00  0.000E+00  0.000E+00  0.000E+00  0.000E+00  0.000E+00  0.000E+00
  1.000E+00  1.000E+00  1.000E+00  1.000E+00  0.000E+00  0.000E+00  0.000E+00  0.000E+00  0.000E+00  0.000E+00
  0.000E+00  0.000E+00  0.000E+00  0.000E+00  0.000E+00  0.000E+00  0.000E+00  0.000E+00  0.000E+00  0.000E+00
  1.000E+00  0.000E+00  0.000E+00  0.000E+00  0.000E+00  0.000E+00  8.228E-01  1.000E+00  1.000E+00  0.000E+00
  0.000E+00  0.000E+00  0.000E+00  1.000E+00  1.000E+00  1.000E+00  0.000E+00  0.000E+00  0.000E+00  1.000E+00
  0.000E+00  0.000E+00  0.000E+00  1.000E+00  7.147E-01  1.000E+00  0.000E+00  0.000E+00  0.000E+00  0.000E+00
  0.000E+00  0.000E+00  0.000E+00  0.000E+00  6.131E-01  7.591E-01  7.077E-01  7.071E-01  0.000E+00  0.000E+00
  0.000E+00  0.000E+00  0.000E+00  0.000E+00  0.000E+00  0.000E+00  0.000E+00  0.000E+00  0.000E+00  0.000E+00
  0.000E+00  0.000E+00  0.000E+00  0.000E+00  0.000E+00  0.000E+00  0.000E+00  0.000E+00  0.000E+00  0.000E+00
  0.000E+00  0.000E+00  0.000E+00  0.000E+00  0.000E+00  0.000E+00  0.000E+00  0.000E+00  1.000E+00  1.000E+00
  1.000E+00  0.000E+00  0.000E+00  0.000E+00  0.000E+00  0.000E+00  0.000E+00  0.000E+00  0.000E+00  0.000E+00
  0.000E+00  0.000E+00  0.000E+00  0.000E+00  0.000E+00  0.000E+00  0.000E+00  0.000E+00  0.000E+00  0.000E+00
  7.120E-01  7.071E-01  1.000E+00  0.000E+00  0.000E+00  0.000E+00  1.000E+00  1.000E+00  1.000E+00  1.000E+00
  0.000E+00  0.000E+00  0.000E+00  0.000E+00  0.000E+00  1.000E+00  1.000E+00  0.000E+00  1.000E+00  8.681E-01
  7.765E-01  1.000E+00  1.000E+00  0.000E+00  1.000E+00  7.135E-01  1.000E+00  0.000E+00  0.000E+00  0.000E+00
  0.000E+00  1.000E+00  7.275E-01  7.098E-01  6.036E-01  6.726E-01  1.000E+00  7.075E-01  0.000E+00  0.000E+00
  0.000E+00  0.000E+00  0.000E+00  0.000E+00  0.000E+00  0.000E+00  0.000E+00  0.000E+00  0.000E+00  0.000E+00
  0.000E+00  0.000E+00  0.000E+00  0.000E+00  0.000E+00  0.000E+00  0.000E+00  0.000E+00  0.000E+00  0.000E+00
  0.000E+00  0.000E+00  0.000E+00  0.000E+00  0.000E+00  1.000E+00  1.000E+00  1.000E+00  1.000E+00  0.000E+00
  0.000E+00  0.000E+00  0.000E+00  0.000E+00  0.000E+00  0.000E+00  0.000E+00  0.000E+00  0.000E+00  0.000E+00
  0.000E+00  0.000E+00  0.000E+00  0.000E+00  0.000E+00  0.000E+00  0.000E+00  0.000E+00  0.000E+00  0.000E+00
  0.000E+00  7.076E-01  1.000E+00  1.000E+00  1.000E+00  1.000E+00  0.000E+00  1.000E+00  1.000E+00  8.069E-01
  7.150E-01  7.544E-01  1.000E+00  0.000E+00  0.000E+00  1.000E+00  7.739E-01  6.367E-01  7.275E-01  1.000E+00
  8.976E-01  7.079E-01  1.000E+00  0.000E+00  0.000E+00  1.000E+00  1.000E+00  1.000E+00  7.264E-01  7.425E-01
  6.772E-01  7.002E-01  1.000E+00  1.000E+00  1.000E+00  7.409E-01  1.000E+00  7.075E-01  0.000E+00  1.000E+00
  1.000E+00  7.076E-01  1.000E+00  1.000E+00  1.000E+00  0.000E+00  0.000E+00  0.000E+00  0.000E+00  0.000E+00
  0.000E+00  0.000E+00  0.000E+00  0.000E+00  0.000E+00  0.000E+00  0.000E+00  0.000E+00  0.000E+00  0.000E+00
  0.000E+00  0.000E+00  1.000E+00  1.000E+00  1.000E+00  1.000E+00  0.000E+00  0.000E+00  0.000E+00  0.000E+00
  0.000E+00  0.000E+00  0.000E+00  0.000E+00  0.000E+00  0.000E+00  0.000E+00  0.000E+00  0.000E+00  0.000E+00
  0.000E+00  0.000E+00  0.000E+00  0.000E+00  0.000E+00  0.000E+00  0.000E+00  0.000E+00  0.000E+00  0.000E+00
  7.078E-01  7.191E-01  1.000E+00  0.000E+00  1.000E+00  7.458E-01  0.000E+00  0.000E+00  7.070E-01  0.000E+00
  0.000E+00  1.000E+00  9.175E-01  1.000E+00  1.000E+00  1.000E+00  6.991E-01  5.784E-01  1.000E+00  8.941E-01
  1.000E+00  1.000E+00  1.000E+00  1.000E+00  1.000E+00  8.930E-01  1.000E+00  8.663E-01  8.315E-01  1.000E+00
  7.078E-01  7.370E-01  7.076E-01  7.084E-01  0.000E+00  1.000E+00  1.000E+00  5.811E-01  1.000E+00  1.000E+00
  1.000E+00  1.000E+00  1.000E+00  1.000E+00  0.000E+00  0.000E+00  0.000E+00  0.000E+00  0.000E+00  0.000E+00
  0.000E+00  0.000E+00  0.000E+00  0.000E+00  0.000E+00  0.000E+00  0.000E+00  0.000E+00  0.000E+00  0.000E+00
  1.000E+00  1.000E+00  1.000E+00  0.000E+00  0.000E+00  0.000E+00  0.000E+00  0.000E+00  0.000E+00  0.000E+00
  0.000E+00  0.000E+00  0.000E+00  0.000E+00  0.000E+00  0.000E+00  0.000E+00  0.000E+00  0.000E+00  0.000E+00
  0.000E+00  0.000E+00  0.000E+00  0.000E+00  0.000E+00  0.000E+00  0.000E+00  0.000E+00  0.000E+00  0.000E+00
  1.000E+00  5.806E-01  5.924E-01  8.557E-01  1.000E+00  1.000E+00  0.000E+00  0.000E+00  7.167E-01  7.139E-01
  0.000E+00  0.000E+00  1.000E+00  1.000E+00  1.000E+00  1.000E+00  1.000E+00  7.209E-01  7.259E-01  6.810E-01
  6.028E-01  7.060E-01  7.253E-01  8.251E-01  5.249E-01  6.491E-01  1.000E+00  0.000E+00  0.000E+00  0.000E+00
  1.000E+00  7.117E-01  9.899E-01  0.000E+00  0.000E+00  1.000E+00  1.000E+00  1.000E+00  0.000E+00  1.000E+00
  7.131E-01  0.000E+00  1.000E+00  0.000E+00  0.000E+00  0.000E+00  0.000E+00  0.000E+00  0.000E+00  0.000E+00
  0.000E+00  0.000E+00  0.000E+00  0.000E+00  0.000E+00  0.000E+00  0.000E+00  1.000E+00  1.000E+00  1.000E+00
  1.000E+00  0.000E+00  0.000E+00  0.000E+00  0.000E+00  0.000E+00  0.000E+00  0.000E+00  0.000E+00  0.000E+00
  0.000E+00  0.000E+00  0.000E+00  0.000E+00  0.000E+00  0.000E+00  0.000E+00  0.000E+00  0.000E+00  0.000E+00
  0.000E+00  0.000E+00  0.000E+00  0.000E+00  0.000E+00  0.000E+00  0.000E+00  0.000E+00  0.000E+00  0.000E+00
  1.000E+00  6.078E-01  8.142E-01  5.928E-01  5.436E-01  5.286E-01  1.000E+00  1.000E+00  1.000E+00  1.000E+00
  1.000E+00  1.000E+00  0.000E+00  0.000E+00  5.506E-01  4.921E-01  5.100E-01  5.815E-01  6.703E-01  7.156E-01
  6.744E-01  5.076E-01  5.726E-01  4.837E-01  5.536E-01  1.000E+00  7.071E-01  1.000E+00  1.000E+00  1.000E+00
  1.000E+00  0.000E+00  1.000E+00  0.000E+00  0.000E+00  9.090E-01  1.000E+00  1.000E+00  0.000E+00  1.000E+00
  8.677E-01  1.000E+00  1.000E+00  0.000E+00  0.000E+00  0.000E+00  0.000E+00  0.000E+00  0.000E+00  0.000E+00
  0.000E+00  0.000E+00  0.000E+00  0.000E+00  1.000E+00  1.000E+00  1.000E+00  1.000E+00  0.000E+00  0.000E+00
  0.000E+00  0.000E+00  0.000E+00  0.000E+00  0.000E+00  0.000E+00  0.000E+00  0.000E+00  0.000E+00  0.000E+00
  0.000E+00  0.000E+00  0.000E+00  0.000E+00  0.000E+00  0.000E+00  0.000E+00  0.000E+00  0.000E+00  0.000E+00
  0.000E+00  0.000E+00  0.000E+00  0.000E+00  1.000E+00  1.000E+00  0.000E+00  0.000E+00  0.000E+00  0.000E+00
  0.000E+00  9.589E-01  1.000E+00  7.342E-01  7.329E-01  6.509E-01  5.790E-01  6.033E-01  7.380E-01  7.231E-01
  6.075E-01  5.674E-01  5.961E-01  7.072E-01  6.043E-01  6.288E-01  6.067E-01  5.121E-01  6.039E-01  4.676E-01
  5.005E-01  5.347E-01  6.784E-01  9.963E-01  1.000E+00  6.518E-01  4.903E-01  6.820E-01  6.691E-01  7.268E-01
  0.000E+00  0.000E+00  1.000E+00  1.000E+00  0.000E+00  8.566E-01  6.720E-01  6.662E-01  1.000E+00  1.000E+00
  7.216E-01  7.209E-01  1.000E+00  0.000E+00  0.000E+00  0.000E+00  0.000E+00  0.000E+00  0.000E+00  0.000E+00
  0.000E+00  0.000E+00  1.000E+00  1.000E+00  1.000E+00  0.000E+00  0.000E+00  0.000E+00  0.000E+00  0.000E+00
  0.000E+00  0.000E+00  0.000E+00  0.000E+00  0.000E+00  0.000E+00  0.000E+00  0.000E+00  0.000E+00  1.000E+00
  1.000E+00  1.000E+00  1.000E+00  1.000E+00  1.000E+00  1.000E+00  1.000E+00  1.000E+00  1.000E+00  1.000E+00
  1.000E+00  1.000E+00  1.000E+00  1.000E+00  1.000E+00  0.000E+00  0.000E+00  0.000E+00  0.000E+00  0.000E+00
  1.000E+00  8.101E-01  7.081E-01  5.510E-01  5.631E-01  7.080E-01  5.900E-01  4.406E-01  4.489E-01  4.347E-01
  5.335E-01  6.483E-01  7.470E-01  6.053E-01  7.157E-01  6.481E-01  6.093E-01  5.724E-01  5.882E-01  6.488E-01
  5.475E-01  4.977E-01  7.020E-01  6.013E-01  7.065E-01  1.000E+00  4.826E-01  5.269E-01  5.995E-01  5.968E-01
  7.074E-01  7.114E-01  7.071E-01  8.411E-01  1.000E+00  1.000E+00  8.994E-01  6.323E-01  6.213E-01  6.390E-01
  5.802E-01  5.449E-01  6.539E-01  0.000E+00  0.000E+00  0.000E+00  0.000E+00  0.000E+00  0.000E+00  1.000E+00
  1.000E+00  1.000E+00  1.000E+00  0.000E+00  0.000E+00  1.000E+00  1.000E+00  1.000E+00  1.000E+00  1.000E+00
  1.000E+00  1.000E+00  1.000E+00  1.000E+00  1.000E+00  1.000E+00  1.000E+00  1.000E+00  1.000E+00  1.000E+00
  0.000E+00  0.000E+00  0.000E+00  0.000E+00  0.000E+00  0.000E+00  0.000E+00  0.000E+00  0.000E+00  0.000E+00
  0.000E+00  0.000E+00  0.000E+00  0.000E+00  0.000E+00  0.000E+00  0.000E+00  0.000E+00  0.000E+00  0.000E+00
  4.041E-01  4.234E-01  5.885E-01  6.035E-01  4.895E-01  6.160E-01  5.106E-01  7.781E-01  6.032E-01  8.576E-01
  6.711E-01  5.832E-01  5.834E-01  5.851E-01  3.833E-01  4.684E-01  5.525E-01  4.596E-01  4.839E-01  4.055E-01
  3.638E-01  3.981E-01  4.416E-01  5.234E-01  3.931E-01  5.517E-01  5.361E-01  6.748E-01  4.597E-01  3.548E-01
  3.432E-01  4.806E-01  6.295E-01  7.685E-01  7.160E-01  5.554E-01  5.738E-01  7.166E-01  5.986E-01  4.943E-01
  5.784E-01  7.508E-01  4.902E-01  4.905E-01  8.316E-01  1.000E+00  8.008E-01  7.072E-01  7.072E-01  7.728E-01
  1.000E+00  1.000E+00  1.000E+00  1.000E+00  1.000E+00  1.000E+00  0.000E+00  0.000E+00  0.000E+00  0.000E+00
  0.000E+00  0.000E+00  0.000E+00  0.000E+00  0.000E+00  0.000E+00  0.000E+00  0.000E+00  0.000E+00  0.000E+00
  0.000E+00  0.000E+00  0.000E+00  0.000E+00  0.000E+00  0.000E+00  0.000E+00  0.000E+00  0.000E+00  0.000E+00
  0.000E+00  0.000E+00  0.000E+00  0.000E+00  0.000E+00  0.000E+00  0.000E+00  0.000E+00  0.000E+00  0.000E+00
  3.541E-01  4.373E-01  5.043E-01  6.763E-01  5.952E-01  3.807E-01  3.781E-01  3.550E-01  3.363E-01  3.551E-01
  3.200E-01  3.345E-01  3.867E-01  4.258E-01  4.371E-01  4.122E-01  5.807E-01  4.256E-01  3.880E-01  4.683E-01
  7.076E-01  5.957E-01  5.721E-01  6.911E-01  5.686E-01  4.056E-01  4.545E-01  4.754E-01  5.503E-01  5.357E-01
  4.361E-01  3.501E-01  4.374E-01  4.935E-01  4.353E-01  5.253E-01  5.590E-01  6.948E-01  5.519E-01  6.051E-01
  9.207E-01  7.415E-01  1.000E+00  6.050E-01  6.005E-01  7.254E-01  7.581E-01  1.000E+00  1.000E+00  1.000E+00
  1.000E+00  1.000E+00  1.000E+00  1.000E+00  1.000E+00  1.000E+00  0.000E+00  0.000E+00  0.000E+00  0.000E+00
  0.000E+00  0.000E+00  0.000E+00  0.000E+00  0.000E+00  0.000E+00  0.000E+00  0.000E+00  0.000E+00  0.000E+00
  0.000E+00  0.000E+00  0.000E+00  0.000E+00  0.000E+00  0.000E+00  0.000E+00  0.000E+00  0.000E+00  0.000E+00
  0.000E+00  0.000E+00  0.000E+00  0.000E+00  0.000E+00  0.000E+00  0.000E+00  0.000E+00  0.000E+00  0.000E+00
  5.971E-01  7.170E-01  5.151E-01  4.793E-01  5.756E-01  5.716E-01  4.548E-01  4.185E-01  4.720E-01  4.240E-01
  4.788E-01  6.819E-01  5.408E-01  5.026E-01  4.335E-01  4.586E-01  5.274E-01  6.254E-01  5.814E-01  5.576E-01
  5.995E-01  1.000E+00  7.432E-01  5.815E-01  7.239E-01  6.806E-01  6.186E-01  5.391E-01  8.208E-01  5.106E-01
  5.085E-01  5.830E-01  5.107E-01  1.000E+00  1.000E+00  1.000E+00  0.000E+00  0.000E+00  7.407E-01  7.381E-01
  1.000E+00  9.920E-01  8.648E-01  5.971E-01  9.526E-01  1.000E+00  1.000E+00  1.000E+00  1.000E+00  1.000E+00
  1.000E+00  1.000E+00  1.000E+00  1.000E+00  1.000E+00  1.000E+00  1.000E+00  1.000E+00  1.000E+00  1.000E+00
  1.000E+00  1.000E+00  1.000E+00  1.000E+00  1.000E+00  0.000E+00  0.000E+00  0.000E+00  0.000E+00  0.000E+00
  0.000E+00  0.000E+00  0.000E+00  0.000E+00  0.000E+00  0.000E+00  0.000E+00  0.000E+00  0.000E+00  0.000E+00
  0.000E+00  0.000E+00  0.000E+00  0.000E+00  0.000E+00  0.000E+00  0.000E+00  0.000E+00  0.000E+00  0.000E+00
  8.255E-01  5.834E-01  5.870E-01  6.522E-01  5.835E-01  5.863E-01  4.738E-01  6.453E-01  4.906E-01  4.508E-01
  6.198E-01  1.000E+00  1.000E+00  1.000E+00  7.079E-01  1.000E+00  6.055E-01  5.627E-01  6.886E-01  7.111E-01
  5.099E-01  5.580E-01  1.000E+00  1.000E+00  7.812E-01  4.967E-01  6.473E-01  6.031E-01  7.073E-01  1.000E+00
  8.676E-01  5.799E-01  7.087E-01  1.000E+00  0.000E+00  1.000E+00  0.000E+00  0.000E+00  7.076E-01  0.000E+00
  1.000E+00  7.766E-01  0.000E+00  0.000E+00  0.000E+00  0.000E+00  0.000E+00  0.000E+00  0.000E+00  0.000E+00
  0.000E+00  0.000E+00  0.000E+00  0.000E+00  1.000E+00  1.000E+00  1.000E+00  1.000E+00  1.000E+00  1.000E+00
  1.000E+00  1.000E+00  1.000E+00  1.000E+00  1.000E+00  1.000E+00  0.000E+00  0.000E+00  0.000E+00  0.000E+00
  0.000E+00  0.000E+00  0.000E+00  0.000E+00  0.000E+00  0.000E+00  0.000E+00  0.000E+00  0.000E+00  0.000E+00
  0.000E+00  0.000E+00  0.000E+00  0.000E+00  0.000E+00  0.000E+00  0.000E+00  0.000E+00  0.000E+00  0.000E+00
  1.000E+00  0.000E+00  6.661E-01  5.479E-01  5.269E-01  7.160E-01  7.315E-01  7.458E-01  7.504E-01  7.922E-01
  7.108E-01  7.236E-01  0.000E+00  0.000E+00  0.000E+00  1.000E+00  6.919E-01  7.157E-01  6.451E-01  6.712E-01
  6.070E-01  5.502E-01  9.442E-01  8.979E-01  1.000E+00  7.702E-01  7.171E-01  1.000E+00  1.000E+00  5.845E-01
  8.562E-01  7.343E-01  1.000E+00  1.000E+00  1.000E+00  1.000E+00  0.000E+00  8.795E-01  8.117E-01  1.000E+00
  0.000E+00  0.000E+00  0.000E+00  0.000E+00  0.000E+00  0.000E+00  0.000E+00  0.000E+00  0.000E+00  0.000E+00
  0.000E+00  0.000E+00  0.000E+00  0.000E+00  0.000E+00  0.000E+00  0.000E+00  0.000E+00  0.000E+00  0.000E+00
  0.000E+00  0.000E+00  0.000E+00  0.000E+00  0.000E+00  1.000E+00  1.000E+00  1.000E+00  1.000E+00  1.000E+00
  1.000E+00  1.000E+00  1.000E+00  1.000E+00  1.000E+00  1.000E+00  1.000E+00  1.000E+00  0.000E+00  0.000E+00
  0.000E+00  0.000E+00  0.000E+00  0.000E+00  0.000E+00  0.000E+00  0.000E+00  0.000E+00  0.000E+00  0.000E+00
  1.000E+00  1.000E+00  7.085E-01  1.000E+00  8.213E-01  1.000E+00  0.000E+00  7.092E-01  7.429E-01  0.000E+00
  0.000E+00  7.073E-01  1.000E+00  0.000E+00  0.000E+00  1.000E+00  5.987E-01  6.817E-01  5.955E-01  7.076E-01
  8.279E-01  6.717E-01  7.434E-01  0.000E+00  1.000E+00  1.000E+00  1.000E+00  1.000E+00  0.000E+00  7.114E-01
  1.000E+00  1.000E+00  1.000E+00  1.000E+00  0.000E+00  1.000E+00  0.000E+00  7.076E-01  0.000E+00  0.000E+00
  0.000E+00  0.000E+00  0.000E+00  0.000E+00  0.000E+00  0.000E+00  0.000E+00  0.000E+00  0.000E+00  0.000E+00
  0.000E+00  0.000E+00  0.000E+00  0.000E+00  0.000E+00  0.000E+00  0.000E+00  0.000E+00  0.000E+00  0.000E+00
  0.000E+00  0.000E+00  0.000E+00  0.000E+00  0.000E+00  0.000E+00  0.000E+00  0.000E+00  0.000E+00  0.000E+00
  0.000E+00  0.000E+00  0.000E+00  0.000E+00  0.000E+00  0.000E+00  0.000E+00  1.000E+00  1.000E+00  1.000E+00
  1.000E+00  1.000E+00  1.000E+00  1.000E+00  1.000E+00  1.000E+00  1.000E+00  1.000E+00  1.000E+00  0.000E+00
  0.000E+00  0.000E+00  0.000E+00  0.000E+00  1.000E+00  1.000E+00  0.000E+00  0.000E+00  1.000E+00  1.000E+00
  0.000E+00  0.000E+00  1.000E+00  1.000E+00  8.846E-01  7.109E-01  1.000E+00  0.000E+00  7.510E-01  7.284E-01
  0.000E+00  0.000E+00  1.000E+00  1.000E+00  0.000E+00  0.000E+00  0.000E+00  1.000E+00  1.000E+00  1.000E+00
  1.000E+00  1.000E+00  1.000E+00  1.000E+00  0.000E+00  1.000E+00  1.000E+00  9.877E-01  0.000E+00  0.000E+00
  0.000E+00  0.000E+00  0.000E+00  0.000E+00  0.000E+00  0.000E+00  0.000E+00  0.000E+00  0.000E+00  0.000E+00
  0.000E+00  0.000E+00  0.000E+00  0.000E+00  0.000E+00  0.000E+00  0.000E+00  0.000E+00  0.000E+00  0.000E+00
  0.000E+00  0.000E+00  0.000E+00  0.000E+00  0.000E+00  0.000E+00  0.000E+00  0.000E+00  0.000E+00  0.000E+00
  0.000E+00  0.000E+00  0.000E+00  0.000E+00  0.000E+00  0.000E+00  0.000E+00  0.000E+00  0.000E+00  0.000E+00
  0.000E+00  0.000E+00  0.000E+00  0.000E+00  0.000E+00  0.000E+00  0.000E+00  0.000E+00  1.000E+00  1.000E+00
  0.000E+00  0.000E+00  0.000E+00  0.000E+00  0.000E+00  0.000E+00  0.000E+00  0.000E+00  0.000E+00  1.000E+00
  1.000E+00  0.000E+00  1.000E+00  0.000E+00  7.496E-01  1.000E+00  1.000E+00  0.000E+00  7.112E-01  6.523E-01
  7.310E-01  1.000E+00  0.000E+00  1.000E+00  1.000E+00  0.000E+00  0.000E+00  1.000E+00  1.000E+00  1.000E+00
  1.000E+00  0.000E+00  7.164E-01  8.009E-01  1.000E+00  7.333E-01  1.000E+00  1.000E+00  0.000E+00  0.000E+00
  0.000E+00  0.000E+00  0.000E+00  0.000E+00  0.000E+00  0.000E+00  0.000E+00  0.000E+00  0.000E+00  0.000E+00
  0.000E+00  0.000E+00  0.000E+00  0.000E+00  0.000E+00  0.000E+00  0.000E+00  0.000E+00  0.000E+00  0.000E+00
  0.000E+00  0.000E+00  0.000E+00  0.000E+00  0.000E+00  0.000E+00  0.000E+00  0.000E+00  0.000E+00  0.000E+00
  0.000E+00  0.000E+00  0.000E+00  0.000E+00  0.000E+00  0.000E+00  0.000E+00  0.000E+00  0.000E+00  0.000E+00
  0.000E+00  0.000E+00  0.000E+00  0.000E+00  0.000E+00  0.000E+00  0.000E+00  0.000E+00  0.000E+00  0.000E+00
  0.000E+00  0.000E+00  0.000E+00  0.000E+00  0.000E+00  0.000E+00  0.000E+00  0.000E+00  0.000E+00  0.000E+00
  1.000E+00  1.000E+00  8.046E-01  1.000E+00  0.000E+00  0.000E+00  1.000E+00  1.000E+00  1.000E+00  0.000E+00
  0.000E+00  1.000E+00  1.000E+00  0.000E+00  1.000E+00  0.000E+00  0.000E+00  1.000E+00  1.000E+00  0.000E+00
  1.000E+00  1.000E+00  1.000E+00  1.000E+00  1.000E+00  1.000E+00  0.000E+00  1.000E+00  0.000E+00  0.000E+00
  1.000E+00  1.000E+00  0.000E+00  0.000E+00  0.000E+00  0.000E+00  0.000E+00  0.000E+00  0.000E+00  0.000E+00
  0.000E+00  0.000E+00  0.000E+00  0.000E+00  0.000E+00  0.000E+00  0.000E+00  0.000E+00  0.000E+00  0.000E+00
  0.000E+00  0.000E+00  0.000E+00  0.000E+00  0.000E+00  0.000E+00  0.000E+00  0.000E+00  0.000E+00  0.000E+00
  0.000E+00  0.000E+00  0.000E+00  0.000E+00  0.000E+00  0.000E+00  0.000E+00  0.000E+00  0.000E+00  0.000E+00
  0.000E+00  0.000E+00  0.000E+00  0.000E+00  0.000E+00  0.000E+00  0.000E+00  0.000E+00  0.000E+00  0.000E+00
  0.000E+00  0.000E+00  0.000E+00  0.000E+00  0.000E+00  0.000E+00  0.000E+00  0.000E+00  0.000E+00  0.000E+00
  0.000E+00  1.000E+00  1.000E+00  1.000E+00  1.000E+00  1.000E+00  0.000E+00  1.000E+00  7.074E-01  1.000E+00
  0.000E+00  0.000E+00  1.000E+00  1.000E+00  9.361E-01  1.000E+00  0.000E+00  1.000E+00  0.000E+00  0.000E+00
  0.000E+00  7.130E-01  7.787E-01  1.000E+00  7.293E-01  1.000E+00  0.000E+00  1.000E+00  0.000E+00  0.000E+00
  0.000E+00  0.000E+00  0.000E+00  0.000E+00  0.000E+00  0.000E+00  0.000E+00  0.000E+00  0.000E+00  0.000E+00
  0.000E+00  0.000E+00  0.000E+00  0.000E+00  0.000E+00  0.000E+00  0.000E+00  0.000E+00  0.000E+00  0.000E+00
  0.000E+00  0.000E+00  0.000E+00  0.000E+00  0.000E+00  0.000E+00  0.000E+00  0.000E+00  0.000E+00  0.000E+00
  0.000E+00  0.000E+00  0.000E+00  0.000E+00  0.000E+00  0.000E+00  0.000E+00  0.000E+00  0.000E+00  0.000E+00
  0.000E+00  0.000E+00  0.000E+00  0.000E+00  0.000E+00  0.000E+00  0.000E+00  0.000E+00  0.000E+00  0.000E+00
  0.000E+00  0.000E+00  0.000E+00  0.000E+00  0.000E+00  0.000E+00  0.000E+00  0.000E+00  0.000E+00  0.000E+00
  0.000E+00  0.000E+00  1.000E+00  1.000E+00  7.238E-01  1.000E+00  0.000E+00  0.000E+00  1.000E+00  7.096E-01
  1.000E+00  0.000E+00  0.000E+00  0.000E+00  7.165E-01  7.123E-01  1.000E+00  1.000E+00  0.000E+00  0.000E+00
  0.000E+00  1.000E+00  1.000E+00  0.000E+00  8.594E-01  1.000E+00  7.073E-01  7.701E-01  0.000E+00  0.000E+00
  0.000E+00  0.000E+00  0.000E+00  0.000E+00  0.000E+00  0.000E+00  0.000E+00  0.000E+00  0.000E+00  0.000E+00
  0.000E+00  0.000E+00  0.000E+00  0.000E+00  0.000E+00  0.000E+00  0.000E+00  0.000E+00  0.000E+00  0.000E+00
  0.000E+00  0.000E+00  0.000E+00  0.000E+00  0.000E+00  0.000E+00  0.000E+00  0.000E+00  0.000E+00  0.000E+00
  0.000E+00  0.000E+00  0.000E+00  0.000E+00  0.000E+00  0.000E+00  0.000E+00  0.000E+00  0.000E+00  0.000E+00
  0.000E+00  0.000E+00  0.000E+00  0.000E+00  0.000E+00  0.000E+00  0.000E+00  0.000E+00  0.000E+00  0.000E+00
  0.000E+00  0.000E+00  0.000E+00  0.000E+00  0.000E+00  0.000E+00  0.000E+00  0.000E+00  0.000E+00  0.000E+00
  0.000E+00  0.000E+00  0.000E+00  0.000E+00  1.000E+00  1.000E+00  0.000E+00  0.000E+00  0.000E+00  1.000E+00
  1.000E+00  1.000E+00  0.000E+00  0.000E+00  0.000E+00  1.000E+00  8.680E-01  0.000E+00  0.000E+00  0.000E+00
  0.000E+00  8.475E-01  7.174E-01  7.494E-01  1.000E+00  0.000E+00  1.000E+00  0.000E+00  0.000E+00  0.000E+00
  0.000E+00  0.000E+00  0.000E+00  0.000E+00  0.000E+00  0.000E+00  0.000E+00  0.000E+00  0.000E+00  0.000E+00
  0.000E+00  0.000E+00  0.000E+00  0.000E+00  0.000E+00  0.000E+00  0.000E+00  0.000E+00  0.000E+00  0.000E+00
  0.000E+00  0.000E+00  0.000E+00  0.000E+00  0.000E+00  0.000E+00  0.000E+00  0.000E+00  0.000E+00  0.000E+00
  0.000E+00  0.000E+00  0.000E+00  0.000E+00  0.000E+00  0.000E+00  0.000E+00  0.000E+00  0.000E+00  0.000E+00
  0.000E+00  0.000E+00  0.000E+00  0.000E+00  0.000E+00  0.000E+00  0.000E+00  0.000E+00  0.000E+00  0.000E+00
  0.000E+00  0.000E+00  0.000E+00  0.000E+00  0.000E+00  0.000E+00  0.000E+00  0.000E+00  0.000E+00  0.000E+00
  0.000E+00  0.000E+00  0.000E+00  0.000E+00  0.000E+00  1.000E+00  0.000E+00  0.000E+00  0.000E+00  1.000E+00
  0.000E+00  0.000E+00  0.000E+00  0.000E+00  0.000E+00  1.000E+00  1.000E+00  0.000E+00  0.000E+00  0.000E+00
  1.000E+00  1.000E+00  1.000E+00  7.869E-01  1.000E+00  1.000E+00  1.000E+00  1.000E+00  1.000E+00  0.000E+00
  0.000E+00  0.000E+00  0.000E+00  0.000E+00  0.000E+00  0.000E+00  0.000E+00  0.000E+00  0.000E+00  0.000E+00
  0.000E+00  0.000E+00  0.000E+00  0.000E+00  0.000E+00  0.000E+00  0.000E+00  0.000E+00  0.000E+00  0.000E+00
  0.000E+00  0.000E+00  0.000E+00  0.000E+00  0.000E+00  0.000E+00  0.000E+00  0.000E+00  0.000E+00  0.000E+00
  0.000E+00  0.000E+00  0.000E+00  0.000E+00  0.000E+00  0.000E+00  0.000E+00  0.000E+00  0.000E+00  0.000E+00
  0.000E+00  0.000E+00  0.000E+00  0.000E+00  0.000E+00  0.000E+00  0.000E+00  0.000E+00  0.000E+00  0.000E+00
  0.000E+00  0.000E+00  0.000E+00  0.000E+00  0.000E+00  0.000E+00  0.000E+00  0.000E+00  0.000E+00  0.000E+00
  0.000E+00  0.000E+00  0.000E+00  0.000E+00  0.000E+00  1.000E+00  1.000E+00  0.000E+00  0.000E+00  1.000E+00
  0.000E+00  0.000E+00  0.000E+00  0.000E+00  0.000E+00  1.000E+00  0.000E+00  0.000E+00  0.000E+00  0.000E+00
  1.000E+00  0.000E+00  1.000E+00  0.000E+00  0.000E+00  1.000E+00  1.000E+00  1.000E+00  1.000E+00  1.000E+00
  0.000E+00  0.000E+00  0.000E+00  0.000E+00  0.000E+00  0.000E+00  0.000E+00  0.000E+00  0.000E+00  0.000E+00
  0.000E+00  0.000E+00  0.000E+00  0.000E+00  0.000E+00  0.000E+00  0.000E+00  0.000E+00  0.000E+00  0.000E+00
  0.000E+00  0.000E+00  0.000E+00  0.000E+00  0.000E+00  0.000E+00  0.000E+00  0.000E+00  0.000E+00  0.000E+00
  0.000E+00  0.000E+00  0.000E+00  0.000E+00  0.000E+00  0.000E+00  0.000E+00  0.000E+00  0.000E+00  0.000E+00
  0.000E+00  0.000E+00  0.000E+00  0.000E+00  0.000E+00  0.000E+00  0.000E+00  0.000E+00  0.000E+00  0.000E+00
  0.000E+00  0.000E+00  0.000E+00  0.000E+00  0.000E+00  0.000E+00  0.000E+00  0.000E+00  0.000E+00  0.000E+00
  0.000E+00  0.000E+00  0.000E+00  0.000E+00  1.000E+00  1.000E+00  0.000E+00  0.000E+00  0.000E+00  0.000E+00
  0.000E+00  0.000E+00  0.000E+00  0.000E+00  0.000E+00  1.000E+00  0.000E+00  0.000E+00  0.000E+00  1.000E+00
  1.000E+00  1.000E+00  1.000E+00  0.000E+00  0.000E+00  0.000E+00  0.000E+00  1.000E+00  0.000E+00  1.000E+00
  1.000E+00  1.000E+00  0.000E+00  0.000E+00  0.000E+00  0.000E+00  0.000E+00  0.000E+00  0.000E+00  0.000E+00
  0.000E+00  0.000E+00  0.000E+00  0.000E+00  0.000E+00  0.000E+00  0.000E+00  0.000E+00  0.000E+00  0.000E+00
  0.000E+00  0.000E+00  0.000E+00  0.000E+00  0.000E+00  0.000E+00  0.000E+00  0.000E+00  0.000E+00  0.000E+00
  0.000E+00  0.000E+00  0.000E+00  0.000E+00  0.000E+00  0.000E+00  0.000E+00  0.000E+00  0.000E+00  0.000E+00
  0.000E+00  0.000E+00  0.000E+00  0.000E+00  0.000E+00  0.000E+00  0.000E+00  0.000E+00  0.000E+00  0.000E+00
  0.000E+00  0.000E+00  0.000E+00  0.000E+00  0.000E+00  0.000E+00  0.000E+00  0.000E+00  0.000E+00  0.000E+00
  0.000E+00  0.000E+00  0.000E+00  1.000E+00  1.000E+00  0.000E+00  0.000E+00  0.000E+00  0.000E+00  0.000E+00
  0.000E+00  0.000E+00  0.000E+00  0.000E+00  1.000E+00  1.000E+00  0.000E+00  0.000E+00  1.000E+00  1.000E+00
  0.000E+00  1.000E+00  0.000E+00  0.000E+00  0.000E+00  0.000E+00  0.000E+00  1.000E+00  1.000E+00  0.000E+00
  0.000E+00  1.000E+00  1.000E+00  0.000E+00  0.000E+00  0.000E+00  0.000E+00  0.000E+00  0.000E+00  0.000E+00
  0.000E+00  0.000E+00  0.000E+00  0.000E+00  0.000E+00  0.000E+00  0.000E+00  0.000E+00  0.000E+00  0.000E+00
  0.000E+00  0.000E+00  0.000E+00  0.000E+00  0.000E+00  0.000E+00  0.000E+00  0.000E+00  0.000E+00  0.000E+00
  0.000E+00  0.000E+00  0.000E+00  0.000E+00  0.000E+00  0.000E+00  0.000E+00  0.000E+00  0.000E+00  0.000E+00
  0.000E+00  0.000E+00  0.000E+00  0.000E+00  0.000E+00  0.000E+00  0.000E+00  0.000E+00  0.000E+00  0.000E+00
  0.000E+00  0.000E+00  0.000E+00  0.000E+00  0.000E+00  0.000E+00  0.000E+00  0.000E+00  0.000E+00  0.000E+00
  0.000E+00  0.000E+00  1.000E+00  1.000E+00  0.000E+00  0.000E+00  0.000E+00  0.000E+00  0.000E+00  0.000E+00
  0.000E+00  0.000E+00  0.000E+00  0.000E+00  1.000E+00  0.000E+00  0.000E+00  0.000E+00  1.000E+00  0.000E+00
  1.000E+00  1.000E+00  0.000E+00  0.000E+00  0.000E+00  0.000E+00  0.000E+00  0.000E+00  1.000E+00  0.000E+00
  0.000E+00  0.000E+00  1.000E+00  1.000E+00  0.000E+00  0.000E+00  0.000E+00  0.000E+00  0.000E+00  0.000E+00
  0.000E+00  0.000E+00  0.000E+00  0.000E+00  0.000E+00  0.000E+00  0.000E+00  0.000E+00  0.000E+00  0.000E+00
  0.000E+00  0.000E+00  0.000E+00  0.000E+00  0.000E+00  0.000E+00  0.000E+00  0.000E+00  0.000E+00  0.000E+00
  0.000E+00  0.000E+00  0.000E+00  0.000E+00  0.000E+00  0.000E+00  0.000E+00  0.000E+00  0.000E+00  0.000E+00
  0.000E+00  0.000E+00  0.000E+00  0.000E+00  0.000E+00  0.000E+00  0.000E+00  0.000E+00  0.000E+00  0.000E+00
  0.000E+00  0.000E+00  0.000E+00  0.000E+00  0.000E+00  0.000E+00  0.000E+00  0.000E+00  0.000E+00  0.000E+00
  1.000E+00  1.000E+00  1.000E+00  0.000E+00  0.000E+00  0.000E+00  0.000E+00  0.000E+00  0.000E+00  0.000E+00
  0.000E+00  0.000E+00  0.000E+00  1.000E+00  1.000E+00  0.000E+00  0.000E+00  1.000E+00  1.000E+00  0.000E+00
  1.000E+00  0.000E+00  0.000E+00  0.000E+00  0.000E+00  1.000E+00  1.000E+00  1.000E+00  0.000E+00  0.000E+00
  0.000E+00  0.000E+00  0.000E+00  1.000E+00  1.000E+00  1.000E+00  0.000E+00  0.000E+00  0.000E+00  0.000E+00
  0.000E+00  0.000E+00  0.000E+00  0.000E+00  0.000E+00  0.000E+00  0.000E+00  0.000E+00  0.000E+00  0.000E+00
  0.000E+00  0.000E+00  0.000E+00  0.000E+00  0.000E+00  0.000E+00  0.000E+00  0.000E+00  0.000E+00  0.000E+00
  0.000E+00  0.000E+00  0.000E+00  0.000E+00  0.000E+00  0.000E+00  0.000E+00  0.000E+00  0.000E+00  0.000E+00
  0.000E+00  0.000E+00  0.000E+00  0.000E+00  0.000E+00  0.000E+00  0.000E+00  0.000E+00  0.000E+00  0.000E+00
  0.000E+00  0.000E+00  0.000E+00  0.000E+00  0.000E+00  0.000E+00  0.000E+00  0.000E+00  0.000E+00  1.000E+00
  1.000E+00  0.000E+00  0.000E+00  0.000E+00  0.000E+00  0.000E+00  0.000E+00  0.000E+00  0.000E+00  0.000E+00
  0.000E+00  0.000E+00  0.000E+00  1.000E+00  0.000E+00  0.000E+00  0.000E+00  0.000E+00  0.000E+00  1.000E+00
  1.000E+00  1.000E+00  0.000E+00  0.000E+00  0.000E+00  0.000E+00  0.000E+00  0.000E+00  0.000E+00  0.000E+00
  0.000E+00  0.000E+00  0.000E+00  0.000E+00  0.000E+00  1.000E+00  1.000E+00  0.000E+00  0.000E+00  0.000E+00
  0.000E+00  0.000E+00  0.000E+00  0.000E+00  0.000E+00  0.000E+00  0.000E+00  0.000E+00  0.000E+00  0.000E+00
  0.000E+00  0.000E+00  0.000E+00  0.000E+00  0.000E+00  0.000E+00  0.000E+00  0.000E+00  0.000E+00  0.000E+00
  0.000E+00  0.000E+00  0.000E+00  0.000E+00  0.000E+00  0.000E+00  0.000E+00  0.000E+00  0.000E+00  0.000E+00
  0.000E+00  0.000E+00  0.000E+00  0.000E+00  0.000E+00  0.000E+00  0.000E+00  0.000E+00  0.000E+00  0.000E+00
  0.000E+00  0.000E+00  0.000E+00  0.000E+00  0.000E+00  0.000E+00  0.000E+00  0.000E+00  0.000E+00  0.000E+00
  0.000E+00  0.000E+00  0.000E+00  0.000E+00  0.000E+00  0.000E+00  0.000E+00  0.000E+00  0.000E+00  0.000E+00
  0.000E+00  1.000E+00  1.000E+00  1.000E+00  0.000E+00  0.000E+00  0.000E+00  0.000E+00  0.000E+00  0.000E+00
  0.000E+00  0.000E+00  0.000E+00  0.000E+00  0.000E+00  0.000E+00  0.000E+00  0.000E+00  0.000E+00  0.000E+00
  0.000E+00  0.000E+00  0.000E+00  0.000E+00  0.000E+00  0.000E+00  1.000E+00  1.000E+00  1.000E+00  0.000E+00
  0.000E+00  0.000E+00  0.000E+00  0.000E+00  0.000E+00  0.000E+00  0.000E+00  0.000E+00  0.000E+00  0.000E+00
  0.000E+00  0.000E+00  0.000E+00  0.000E+00  0.000E+00  0.000E+00  0.000E+00  0.000E+00  0.000E+00  0.000E+00
  0.000E+00  0.000E+00  0.000E+00  0.000E+00  0.000E+00  0.000E+00  0.000E+00  0.000E+00  0.000E+00  0.000E+00
  0.000E+00  0.000E+00  0.000E+00  0.000E+00  0.000E+00  0.000E+00  0.000E+00  0.000E+00  0.000E+00  0.000E+00
  0.000E+00  0.000E+00  0.000E+00  0.000E+00  0.000E+00  0.000E+00  0.000E+00  0.000E+00  0.000E+00  0.000E+00
  0.000E+00  0.000E+00  0.000E+00  0.000E+00  0.000E+00  0.000E+00  0.000E+00  0.000E+00  0.000E+00  0.000E+00
  1.000E+00  1.000E+00  0.000E+00  0.000E+00  0.000E+00  0.000E+00  0.000E+00  0.000E+00  0.000E+00  0.000E+00
  0.000E+00  0.000E+00  0.000E+00  0.000E+00  0.000E+00  0.000E+00  0.000E+00  0.000E+00  0.000E+00  0.000E+00
  0.000E+00  0.000E+00  0.000E+00  0.000E+00  0.000E+00  0.000E+00  0.000E+00  0.000E+00  1.000E+00  1.000E+00
  0.000E+00  0.000E+00  0.000E+00  0.000E+00  0.000E+00  0.000E+00  0.000E+00  0.000E+00  0.000E+00  0.000E+00
  0.000E+00  0.000E+00  0.000E+00  0.000E+00  0.000E+00  0.000E+00  0.000E+00  0.000E+00  0.000E+00  0.000E+00
  0.000E+00  0.000E+00  0.000E+00  0.000E+00  0.000E+00  0.000E+00  0.000E+00  0.000E+00  0.000E+00  0.000E+00
  0.000E+00  0.000E+00  0.000E+00  0.000E+00  0.000E+00  0.000E+00  0.000E+00  0.000E+00  0.000E+00  0.000E+00
  0.000E+00  0.000E+00  0.000E+00  0.000E+00  0.000E+00  0.000E+00  0.000E+00  0.000E+00  0.000E+00  0.000E+00
  0.000E+00  0.000E+00  0.000E+00  0.000E+00  0.000E+00  0.000E+00  0.000E+00  0.000E+00  0.000E+00  1.000E+00
  1.000E+00  0.000E+00  0.000E+00  0.000E+00  0.000E+00  0.000E+00  0.000E+00  0.000E+00  0.000E+00  0.000E+00
  0.000E+00  0.000E+00  0.000E+00  0.000E+00  0.000E+00  0.000E+00  0.000E+00  0.000E+00  0.000E+00  0.000E+00
  0.000E+00  0.000E+00  0.000E+00  0.000E+00  0.000E+00  0.000E+00  0.000E+00  0.000E+00  0.000E+00  1.000E+00
  1.000E+00  0.000E+00  0.000E+00  0.000E+00  0.000E+00  0.000E+00  0.000E+00  0.000E+00  0.000E+00  0.000E+00
  0.000E+00  0.000E+00  0.000E+00  0.000E+00  0.000E+00  0.000E+00  0.000E+00  0.000E+00  0.000E+00  0.000E+00
  0.000E+00  0.000E+00  0.000E+00  0.000E+00  0.000E+00  0.000E+00  0.000E+00  0.000E+00  0.000E+00  0.000E+00
  0.000E+00  0.000E+00  0.000E+00  0.000E+00  0.000E+00  0.000E+00  0.000E+00  0.000E+00  0.000E+00  0.000E+00
  0.000E+00  0.000E+00  0.000E+00  0.000E+00  0.000E+00  0.000E+00  0.000E+00  0.000E+00  0.000E+00  0.000E+00
  0.000E+00  0.000E+00  0.000E+00  0.000E+00  0.000E+00  0.000E+00  0.000E+00  0.000E+00  0.000E+00  9.654E-01
  0.000E+00  0.000E+00  0.000E+00  0.000E+00  0.000E+00  0.000E+00  0.000E+00  0.000E+00  0.000E+00  0.000E+00
  0.000E+00  0.000E+00  0.000E+00  0.000E+00  0.000E+00  0.000E+00  0.000E+00  0.000E+00  0.000E+00  0.000E+00
  0.000E+00  0.000E+00  0.000E+00  0.000E+00  0.000E+00  0.000E+00  0.000E+00  0.000E+00  0.000E+00  0.000E+00
  1.000E+00  1.000E+00  1.000E+00  0.000E+00  0.000E+00  0.000E+00  0.000E+00  0.000E+00  0.000E+00  0.000E+00
  0.000E+00  0.000E+00  0.000E+00  0.000E+00  0.000E+00  0.000E+00  0.000E+00  0.000E+00  0.000E+00  0.000E+00
  0.000E+00  0.000E+00  0.000E+00  0.000E+00  0.000E+00  0.000E+00  0.000E+00  0.000E+00  0.000E+00  0.000E+00
  0.000E+00  0.000E+00  0.000E+00  0.000E+00  0.000E+00  0.000E+00  0.000E+00  0.000E+00  0.000E+00  0.000E+00
  0.000E+00  1.000E+00  1.000E+00  0.000E+00  0.000E+00  0.000E+00  0.000E+00  0.000E+00  0.000E+00  0.000E+00
  0.000E+00  0.000E+00  0.000E+00  0.000E+00  0.000E+00  0.000E+00  0.000E+00  0.000E+00  1.000E+00  1.000E+00
  0.000E+00  0.000E+00  0.000E+00  0.000E+00  0.000E+00  0.000E+00  0.000E+00  0.000E+00  0.000E+00  0.000E+00
  0.000E+00  0.000E+00  0.000E+00  0.000E+00  0.000E+00  0.000E+00  0.000E+00  0.000E+00  0.000E+00  0.000E+00
  0.000E+00  0.000E+00  0.000E+00  0.000E+00  0.000E+00  0.000E+00  0.000E+00  0.000E+00  0.000E+00  0.000E+00
  0.000E+00  0.000E+00  1.000E+00  1.000E+00  0.000E+00  0.000E+00  0.000E+00  0.000E+00  0.000E+00  0.000E+00
  0.000E+00  0.000E+00  0.000E+00  0.000E+00  0.000E+00  0.000E+00  0.000E+00  0.000E+00  0.000E+00  0.000E+00
  0.000E+00  0.000E+00  0.000E+00  0.000E+00  0.000E+00  0.000E+00  0.000E+00  0.000E+00  0.000E+00  0.000E+00
  0.000E+00  0.000E+00  0.000E+00  0.000E+00  0.000E+00  0.000E+00  0.000E+00  0.000E+00  0.000E+00  0.000E+00
  0.000E+00  0.000E+00  0.000E+00  0.000E+00  0.000E+00  0.000E+00  0.000E+00  0.000E+00  0.000E+00  0.000E+00
  0.000E+00  0.000E+00  0.000E+00  0.000E+00  0.000E+00  0.000E+00  1.000E+00  1.000E+00  1.000E+00  0.000E+00
  0.000E+00  0.000E+00  0.000E+00  0.000E+00  0.000E+00  0.000E+00  0.000E+00  0.000E+00  0.000E+00  0.000E+00
  0.000E+00  0.000E+00  0.000E+00  0.000E+00  0.000E+00  0.000E+00  0.000E+00  0.000E+00  0.000E+00  0.000E+00
  0.000E+00  0.000E+00  0.000E+00  0.000E+00  0.000E+00  0.000E+00  0.000E+00  0.000E+00  0.000E+00  0.000E+00
  0.000E+00  0.000E+00  0.000E+00  1.000E+00  1.000E+00  1.000E+00  0.000E+00  0.000E+00  0.000E+00  0.000E+00
  0.000E+00  0.000E+00  0.000E+00  0.000E+00  0.000E+00  0.000E+00  0.000E+00  0.000E+00  0.000E+00  0.000E+00
  0.000E+00  0.000E+00  0.000E+00  0.000E+00  0.000E+00  0.000E+00  0.000E+00  0.000E+00  0.000E+00  0.000E+00
  0.000E+00  0.000E+00  0.000E+00  0.000E+00  0.000E+00  0.000E+00  0.000E+00  0.000E+00  0.000E+00  0.000E+00
  0.000E+00  0.000E+00  0.000E+00  0.000E+00  0.000E+00  0.000E+00  0.000E+00  0.000E+00  0.000E+00  0.000E+00
  0.000E+00  0.000E+00  0.000E+00  0.000E+00  0.000E+00  1.000E+00  1.000E+00  0.000E+00  0.000E+00  0.000E+00
  0.000E+00  0.000E+00  0.000E+00  0.000E+00  0.000E+00  0.000E+00  0.000E+00  0.000E+00  0.000E+00  0.000E+00
  0.000E+00  0.000E+00  0.000E+00  0.000E+00  0.000E+00  0.000E+00  0.000E+00  0.000E+00  0.000E+00  0.000E+00
  0.000E+00  0.000E+00  0.000E+00  0.000E+00  0.000E+00  0.000E+00  0.000E+00  0.000E+00  0.000E+00  0.000E+00
  0.000E+00  0.000E+00  0.000E+00  0.000E+00  0.000E+00  1.000E+00  1.000E+00  0.000E+00  0.000E+00  0.000E+00
  0.000E+00  0.000E+00  0.000E+00  0.000E+00  0.000E+00  0.000E+00  0.000E+00  0.000E+00  0.000E+00  0.000E+00
  0.000E+00  0.000E+00  0.000E+00  0.000E+00  0.000E+00  0.000E+00  0.000E+00  0.000E+00  0.000E+00  0.000E+00
  0.000E+00  0.000E+00  0.000E+00  0.000E+00  0.000E+00  0.000E+00  0.000E+00  0.000E+00  0.000E+00  0.000E+00

#------------------------------------------------------------------------------
# gshow
#------------------------------------------------------------------------------

p: legs[c5*0.875]

hb:   line clip z  
frame:
  0.0000000E+00 -4.2000000E+00
  8.4000000E+00 -4.2000000E+00
  8.4000000E+00  4.2000000E+00
  0.0000000E+00  4.2000000E+00
clip:
 -9.230768E-02 -4.364706E+00
  0.000000E+00 -4.364706E+00
  0.000000E+00 -4.272398E+00
  0.000000E+00 -4.190118E+00
  0.000000E+00 -4.097810E+00
  0.000000E+00 -4.015529E+00
  0.000000E+00 -3.923222E+00
  0.000000E+00 -3.840941E+00
  0.000000E+00 -3.748633E+00
  0.000000E+00 -3.666353E+00
  0.000000E+00 -3.574045E+00
  0.000000E+00 -3.491765E+00
  0.000000E+00 -3.399457E+00
  0.000000E+00 -3.317176E+00
  0.000000E+00 -3.224869E+00
  0.000000E+00 -3.142588E+00
  0.000000E+00 -3.050281E+00
  0.000000E+00 -2.968000E+00
  0.000000E+00 -2.875692E+00
  0.000000E+00 -2.793412E+00
  0.000000E+00 -2.701104E+00
  0.000000E+00 -2.618824E+00
  0.000000E+00 -2.526516E+00
  0.000000E+00 -2.444235E+00
  0.000000E+00 -2.351928E+00
  0.000000E+00 -2.269647E+00
  0.000000E+00 -2.177339E+00
  0.000000E+00 -2.095059E+00
  0.000000E+00 -2.002751E+00
  0.000000E+00 -1.920471E+00
  0.000000E+00 -1.828163E+00
  0.000000E+00 -1.745882E+00
  0.000000E+00 -1.653575E+00
  0.000000E+00 -1.571294E+00
  0.000000E+00 -1.478986E+00
  0.000000E+00 -1.396706E+00
  0.000000E+00 -1.304398E+00
  0.000000E+00 -1.222118E+00
  0.000000E+00 -1.129810E+00
  0.000000E+00 -1.047529E+00
  0.000000E+00 -9.552217E-01
  0.000000E+00 -8.729412E-01
  0.000000E+00 -7.806335E-01
  0.000000E+00 -6.983529E-01
  0.000000E+00 -6.060452E-01
  0.000000E+00 -5.237647E-01
  0.000000E+00 -4.314570E-01
  0.000000E+00 -3.491764E-01
  0.000000E+00 -2.568688E-01
  0.000000E+00 -1.745882E-01
  0.000000E+00 -8.228053E-02
  0.000000E+00  2.345679E-08
  0.000000E+00  9.230770E-02
  0.000000E+00  1.745883E-01
  0.000000E+00  2.668959E-01
  0.000000E+00  3.491765E-01
  0.000000E+00  4.414842E-01
  0.000000E+00  5.237647E-01
  0.000000E+00  6.160724E-01
  0.000000E+00  6.983530E-01
  0.000000E+00  7.906606E-01
  0.000000E+00  8.729412E-01
  0.000000E+00  9.652489E-01
  0.000000E+00  1.047529E+00
  0.000000E+00  1.139837E+00
  0.000000E+00  1.222118E+00
  0.000000E+00  1.314425E+00
  0.000000E+00  1.396706E+00
  0.000000E+00  1.489014E+00
  0.000000E+00  1.571294E+00
  0.000000E+00  1.663602E+00
  0.000000E+00  1.745882E+00
  0.000000E+00  1.838190E+00
  0.000000E+00  1.920471E+00
  0.000000E+00  2.012778E+00
  0.000000E+00  2.095059E+00
  0.000000E+00  2.187367E+00
  0.000000E+00  2.269647E+00
  0.000000E+00  2.361955E+00
  0.000000E+00  2.444235E+00
  0.000000E+00  2.536543E+00
  0.000000E+00  2.618824E+00
  0.000000E+00  2.711131E+00
  0.000000E+00  2.793412E+00
  0.000000E+00  2.885719E+00
  0.000000E+00  2.968000E+00
  0.000000E+00  3.060308E+00
  0.000000E+00  3.142588E+00
  0.000000E+00  3.234896E+00
  0.000000E+00  3.317176E+00
  0.000000E+00  3.409484E+00
  0.000000E+00  3.491765E+00
  0.000000E+00  3.584072E+00
  0.000000E+00  3.666353E+00
  0.000000E+00  3.758661E+00
  0.000000E+00  3.840941E+00
  0.000000E+00  3.933249E+00
  0.000000E+00  4.015529E+00
  0.000000E+00  4.107837E+00
  0.000000E+00  4.190118E+00
  0.000000E+00  4.282425E+00
  0.000000E+00  4.364706E+00
 -9.230768E-02  4.364706E+00
 -9.230768E-02  4.190118E+00
 -9.230768E-02  4.015529E+00
 -9.230768E-02  3.840941E+00
 -9.230768E-02  3.666353E+00
 -9.230768E-02  3.491765E+00
 -9.230768E-02  3.317176E+00
 -9.230768E-02  3.142588E+00
 -9.230768E-02  2.968000E+00
 -9.230768E-02  2.793412E+00
 -9.230768E-02  2.618824E+00
 -9.230768E-02  2.444235E+00
 -9.230768E-02  2.269647E+00
 -9.230768E-02  2.095059E+00
 -9.230768E-02  1.920471E+00
 -9.230768E-02  1.745882E+00
 -9.230768E-02  1.571294E+00
 -9.230768E-02  1.396706E+00
 -9.230768E-02  1.222118E+00
 -9.230768E-02  1.047529E+00
 -9.230768E-02  8.729412E-01
 -9.230768E-02  6.983530E-01
 -9.230768E-02  5.237647E-01
 -9.230768E-02  3.491765E-01
 -9.230768E-02  1.745883E-01
 -9.230768E-02  2.345679E-08
 -9.230768E-02 -1.745882E-01
 -9.230768E-02 -3.491764E-01
 -9.230768E-02 -5.237647E-01
 -9.230768E-02 -6.983529E-01
 -9.230768E-02 -8.729412E-01
 -9.230768E-02 -1.047529E+00
 -9.230768E-02 -1.222118E+00
 -9.230768E-02 -1.396706E+00
 -9.230768E-02 -1.571294E+00
 -9.230768E-02 -1.745882E+00
 -9.230768E-02 -1.920471E+00
 -9.230768E-02 -2.095059E+00
 -9.230768E-02 -2.269647E+00
 -9.230768E-02 -2.444235E+00
 -9.230768E-02 -2.618824E+00
 -9.230768E-02 -2.793412E+00
 -9.230768E-02 -2.968000E+00
 -9.230768E-02 -3.142588E+00
 -9.230768E-02 -3.317176E+00
 -9.230768E-02 -3.491765E+00
 -9.230768E-02 -3.666353E+00
 -9.230768E-02 -3.840941E+00
 -9.230768E-02 -4.015529E+00
 -9.230768E-02 -4.190118E+00
 -9.230768E-02 -4.364706E+00

hb:   line clip z  
frame:
  0.0000000E+00 -4.2000000E+00
  8.4000000E+00 -4.2000000E+00
  8.4000000E+00  4.2000000E+00
  0.0000000E+00  4.2000000E+00
clip:
  3.076935E-03 -4.364706E+00
  4.200000E+00 -4.364706E+00
  4.200000E+00 -4.269321E+00
  4.200000E+00 -4.190118E+00
  4.200000E+00 -4.094733E+00
  4.200000E+00 -4.015529E+00
  4.200000E+00 -3.920145E+00
  4.200000E+00 -3.840941E+00
  4.200000E+00 -3.745557E+00
  4.200000E+00 -3.666353E+00
  4.200000E+00 -3.570968E+00
  4.200000E+00 -3.491765E+00
  4.200000E+00 -3.396380E+00
  4.200000E+00 -3.317176E+00
  4.200000E+00 -3.221792E+00
  4.200000E+00 -3.142588E+00
  4.200000E+00 -3.047204E+00
  4.200000E+00 -2.968000E+00
  4.200000E+00 -2.872615E+00
  4.200000E+00 -2.793412E+00
  4.200000E+00 -2.698027E+00
  4.200000E+00 -2.618824E+00
  4.200000E+00 -2.523439E+00
  4.200000E+00 -2.444235E+00
  4.200000E+00 -2.348851E+00
  4.200000E+00 -2.269647E+00
  4.200000E+00 -2.174262E+00
  4.200000E+00 -2.095059E+00
  4.200000E+00 -1.999674E+00
  4.200000E+00 -1.920471E+00
  4.200000E+00 -1.825086E+00
  4.200000E+00 -1.745882E+00
  4.200000E+00 -1.650498E+00
  4.200000E+00 -1.571294E+00
  4.200000E+00 -1.475909E+00
  4.200000E+00 -1.396706E+00
  4.200000E+00 -1.301321E+00
  4.200000E+00 -1.222118E+00
  4.200000E+00 -1.126733E+00
  4.200000E+00 -1.047529E+00
  4.200000E+00 -9.521448E-01
  4.200000E+00 -8.729412E-01
  4.200000E+00 -7.775565E-01
  4.200000E+00 -6.983529E-01
  4.200000E+00 -6.029683E-01
  4.200000E+00 -5.237647E-01
  4.200000E+00 -4.283801E-01
  4.200000E+00 -3.491764E-01
  4.200000E+00 -2.537918E-01
  4.200000E+00 -1.745882E-01
  4.200000E+00 -7.920361E-02
  4.200000E+00  2.345679E-08
  4.200000E+00  9.538463E-02
  4.200000E+00  1.745883E-01
  4.200000E+00  2.699729E-01
  4.200000E+00  3.491765E-01
  4.200000E+00  4.445611E-01
  4.200000E+00  5.237647E-01
  4.200000E+00  6.191493E-01
  4.200000E+00  6.983530E-01
  4.200000E+00  7.937376E-01
  4.200000E+00  8.729412E-01
  4.200000E+00  9.683258E-01
  4.200000E+00  1.047529E+00
  4.200000E+00  1.142914E+00
  4.200000E+00  1.222118E+00
  4.200000E+00  1.317502E+00
  4.200000E+00  1.396706E+00
  4.200000E+00  1.492091E+00
  4.200000E+00  1.571294E+00
  4.200000E+00  1.666679E+00
  4.200000E+00  1.745882E+00
  4.200000E+00  1.841267E+00
  4.200000E+00  1.920471E+00
  4.200000E+00  2.015855E+00
  4.200000E+00  2.095059E+00
  4.200000E+00  2.190443E+00
  4.200000E+00  2.269647E+00
  4.200000E+00  2.365032E+00
  4.200000E+00  2.444235E+00
  4.200000E+00  2.539620E+00
  4.200000E+00  2.618824E+00
  4.200000E+00  2.714208E+00
  4.200000E+00  2.793412E+00
  4.200000E+00  2.888796E+00
  4.200000E+00  2.968000E+00
  4.200000E+00  3.063385E+00
  4.200000E+00  3.142588E+00
  4.200000E+00  3.237973E+00
  4.200000E+00  3.317176E+00
  4.200000E+00  3.412561E+00
  4.200000E+00  3.491765E+00
  4.200000E+00  3.587149E+00
  4.200000E+00  3.666353E+00
  4.200000E+00  3.761738E+00
  4.200000E+00  3.840941E+00
  4.200000E+00  3.936326E+00
  4.200000E+00  4.015529E+00
  4.200000E+00  4.110914E+00
  4.200000E+00  4.190118E+00
  4.200000E+00  4.285502E+00
  4.200000E+00  4.364706E+00
  4.104615E+00  4.364706E+00
  4.009231E+00  4.364706E+00
  3.913846E+00  4.364706E+00
  3.818462E+00  4.364706E+00
  3.723077E+00  4.364706E+00
  3.627692E+00  4.364706E+00
  3.532308E+00  4.364706E+00
  3.436923E+00  4.364706E+00
  3.341538E+00  4.364706E+00
  3.246154E+00  4.364706E+00
  3.150769E+00  4.364706E+00
  3.055385E+00  4.364706E+00
  2.960000E+00  4.364706E+00
  2.864615E+00  4.364706E+00
  2.769231E+00  4.364706E+00
  2.673846E+00  4.364706E+00
  2.578462E+00  4.364706E+00
  2.483077E+00  4.364706E+00
  2.387692E+00  4.364706E+00
  2.292308E+00  4.364706E+00
  2.196923E+00  4.364706E+00
  2.101538E+00  4.364706E+00
  2.006154E+00  4.364706E+00
  1.910769E+00  4.364706E+00
  1.815385E+00  4.364706E+00
  1.720000E+00  4.364706E+00
  1.624615E+00  4.364706E+00
  1.529231E+00  4.364706E+00
  1.433846E+00  4.364706E+00
  1.338462E+00  4.364706E+00
  1.243077E+00  4.364706E+00
  1.147692E+00  4.364706E+00
  1.052308E+00  4.364706E+00
  9.569231E-01  4.364706E+00
  8.615385E-01  4.364706E+00
  7.661539E-01  4.364706E+00
  6.707692E-01  4.364706E+00
  5.753846E-01  4.364706E+00
  4.800000E-01  4.364706E+00
  3.846154E-01  4.364706E+00
  2.892308E-01  4.364706E+00
  1.938462E-01  4.364706E+00
  9.846155E-02  4.364706E+00
  3.076935E-03  4.364706E+00
  0.000000E+00  4.364706E+00
  0.000000E+00  4.361629E+00
  0.000000E+00  4.190118E+00
  0.000000E+00  4.187041E+00
  0.000000E+00  4.015529E+00
  0.000000E+00  4.012452E+00
  0.000000E+00  3.840941E+00
  0.000000E+00  3.837864E+00
  0.000000E+00  3.666353E+00
  0.000000E+00  3.663276E+00
  0.000000E+00  3.491765E+00
  0.000000E+00  3.488688E+00
  0.000000E+00  3.317176E+00
  0.000000E+00  3.314100E+00
  0.000000E+00  3.142588E+00
  0.000000E+00  3.139511E+00
  0.000000E+00  2.968000E+00
  0.000000E+00  2.964923E+00
  0.000000E+00  2.793412E+00
  0.000000E+00  2.790335E+00
  0.000000E+00  2.618824E+00
  0.000000E+00  2.615747E+00
  0.000000E+00  2.444235E+00
  0.000000E+00  2.441158E+00
  0.000000E+00  2.269647E+00
  0.000000E+00  2.266570E+00
  0.000000E+00  2.095059E+00
  0.000000E+00  2.091982E+00
  0.000000E+00  1.920471E+00
  0.000000E+00  1.917394E+00
  0.000000E+00  1.745882E+00
  0.000000E+00  1.742805E+00
  0.000000E+00  1.571294E+00
  0.000000E+00  1.568217E+00
  0.000000E+00  1.396706E+00
  0.000000E+00  1.393629E+00
  0.000000E+00  1.222118E+00
  0.000000E+00  1.219041E+00
  0.000000E+00  1.047529E+00
  0.000000E+00  1.044452E+00
  0.000000E+00  8.729412E-01
  0.000000E+00  8.698643E-01
  0.000000E+00  6.983530E-01
  0.000000E+00  6.952760E-01
  0.000000E+00  5.237647E-01
  0.000000E+00  5.206878E-01
  0.000000E+00  3.491765E-01
  0.000000E+00  3.460996E-01
  0.000000E+00  1.745883E-01
  0.000000E+00  1.715113E-01
  0.000000E+00  2.345679E-08
  0.000000E+00 -3.076912E-03
  0.000000E+00 -1.745882E-01
  0.000000E+00 -1.776651E-01
  0.000000E+00 -3.491764E-01
  0.000000E+00 -3.522534E-01
  0.000000E+00 -5.237647E-01
  0.000000E+00 -5.268416E-01
  0.000000E+00 -6.983529E-01
  0.000000E+00 -7.014299E-01
  0.000000E+00 -8.729412E-01
  0.000000E+00 -8.760181E-01
  0.000000E+00 -1.047529E+00
  0.000000E+00 -1.050606E+00
  0.000000E+00 -1.222118E+00
  0.000000E+00 -1.225195E+00
  0.000000E+00 -1.396706E+00
  0.000000E+00 -1.399783E+00
  0.000000E+00 -1.571294E+00
  0.000000E+00 -1.574371E+00
  0.000000E+00 -1.745882E+00
  0.000000E+00 -1.748959E+00
  0.000000E+00 -1.920471E+00
  0.000000E+00 -1.923548E+00
  0.000000E+00 -2.095059E+00
  0.000000E+00 -2.098136E+00
  0.000000E+00 -2.269647E+00
  0.000000E+00 -2.272724E+00
  0.000000E+00 -2.444235E+00
  0.000000E+00 -2.447312E+00
  0.000000E+00 -2.618824E+00
  0.000000E+00 -2.621900E+00
  0.000000E+00 -2.793412E+00
  0.000000E+00 -2.796489E+00
  0.000000E+00 -2.968000E+00
  0.000000E+00 -2.971077E+00
  0.000000E+00 -3.142588E+00
  0.000000E+00 -3.145665E+00
  0.000000E+00 -3.317176E+00
  0.000000E+00 -3.320253E+00
  0.000000E+00 -3.491765E+00
  0.000000E+00 -3.494842E+00
  0.000000E+00 -3.666353E+00
  0.000000E+00 -3.669430E+00
  0.000000E+00 -3.840941E+00
  0.000000E+00 -3.844018E+00
  0.000000E+00 -4.015529E+00
  0.000000E+00 -4.018606E+00
  0.000000E+00 -4.190118E+00
  0.000000E+00 -4.193195E+00
  0.000000E+00 -4.364706E+00

hb:   line clip z  
frame:
  0.0000000E+00 -4.2000000E+00
  8.4000000E+00 -4.2000000E+00
  8.4000000E+00  4.2000000E+00
  0.0000000E+00  4.2000000E+00
clip:
  4.200000E+00 -4.364706E+00
  8.492308E+00 -4.364706E+00
  8.492308E+00 -4.190118E+00
  8.492308E+00 -4.015529E+00
  8.492308E+00 -3.840941E+00
  8.492308E+00 -3.666353E+00
  8.492308E+00 -3.491765E+00
  8.492308E+00 -3.317176E+00
  8.492308E+00 -3.142588E+00
  8.492308E+00 -2.968000E+00
  8.492308E+00 -2.793412E+00
  8.492308E+00 -2.618824E+00
  8.492308E+00 -2.444235E+00
  8.492308E+00 -2.269647E+00
  8.492308E+00 -2.095059E+00
  8.492308E+00 -1.920471E+00
  8.492308E+00 -1.745882E+00
  8.492308E+00 -1.571294E+00
  8.492308E+00 -1.396706E+00
  8.492308E+00 -1.222118E+00
  8.492308E+00 -1.047529E+00
  8.492308E+00 -8.729412E-01
  8.492308E+00 -6.983529E-01
  8.492308E+00 -5.237647E-01
  8.492308E+00 -3.491764E-01
  8.492308E+00 -1.745882E-01
  8.492308E+00  2.345679E-08
  8.492308E+00  1.745883E-01
  8.492308E+00  3.491765E-01
  8.492308E+00  5.237647E-01
  8.492308E+00  6.983530E-01
  8.492308E+00  8.729412E-01
  8.492308E+00  1.047529E+00
  8.492308E+00  1.222118E+00
  8.492308E+00  1.396706E+00
  8.492308E+00  1.571294E+00
  8.492308E+00  1.745882E+00
  8.492308E+00  1.920471E+00
  8.492308E+00  2.095059E+00
  8.492308E+00  2.269647E+00
  8.492308E+00  2.444235E+00
  8.492308E+00  2.618824E+00
  8.492308E+00  2.793412E+00
  8.492308E+00  2.968000E+00
  8.492308E+00  3.142588E+00
  8.492308E+00  3.317176E+00
  8.492308E+00  3.491765E+00
  8.492308E+00  3.666353E+00
  8.492308E+00  3.840941E+00
  8.492308E+00  4.015529E+00
  8.492308E+00  4.190118E+00
  8.492308E+00  4.364706E+00
  8.396923E+00  4.364706E+00
  8.301538E+00  4.364706E+00
  8.206154E+00  4.364706E+00
  8.110769E+00  4.364706E+00
  8.015385E+00  4.364706E+00
  7.920000E+00  4.364706E+00
  7.824615E+00  4.364706E+00
  7.729231E+00  4.364706E+00
  7.633846E+00  4.364706E+00
  7.538462E+00  4.364706E+00
  7.443077E+00  4.364706E+00
  7.347692E+00  4.364706E+00
  7.252308E+00  4.364706E+00
  7.156923E+00  4.364706E+00
  7.061538E+00  4.364706E+00
  6.966154E+00  4.364706E+00
  6.870769E+00  4.364706E+00
  6.775385E+00  4.364706E+00
  6.680000E+00  4.364706E+00
  6.584615E+00  4.364706E+00
  6.489231E+00  4.364706E+00
  6.393846E+00  4.364706E+00
  6.298462E+00  4.364706E+00
  6.203077E+00  4.364706E+00
  6.107692E+00  4.364706E+00
  6.012308E+00  4.364706E+00
  5.916923E+00  4.364706E+00
  5.821538E+00  4.364706E+00
  5.726154E+00  4.364706E+00
  5.630769E+00  4.364706E+00
  5.535385E+00  4.364706E+00
  5.440000E+00  4.364706E+00
  5.344615E+00  4.364706E+00
  5.249231E+00  4.364706E+00
  5.153846E+00  4.364706E+00
  5.058462E+00  4.364706E+00
  4.963077E+00  4.364706E+00
  4.867692E+00  4.364706E+00
  4.772308E+00  4.364706E+00
  4.676923E+00  4.364706E+00
  4.581538E+00  4.364706E+00
  4.486154E+00  4.364706E+00
  4.390769E+00  4.364706E+00
  4.295385E+00  4.364706E+00
  4.200000E+00  4.364706E+00
  4.200000E+00  4.190118E+00
  4.200000E+00  4.015529E+00
  4.200000E+00  3.840941E+00
  4.200000E+00  3.666353E+00
  4.200000E+00  3.491765E+00
  4.200000E+00  3.317176E+00
  4.200000E+00  3.142588E+00
  4.200000E+00  2.968000E+00
  4.200000E+00  2.793412E+00
  4.200000E+00  2.618824E+00
  4.200000E+00  2.444235E+00
  4.200000E+00  2.269647E+00
  4.200000E+00  2.095059E+00
  4.200000E+00  1.920471E+00
  4.200000E+00  1.745882E+00
  4.200000E+00  1.571294E+00
  4.200000E+00  1.396706E+00
  4.200000E+00  1.222118E+00
  4.200000E+00  1.047529E+00
  4.200000E+00  8.729412E-01
  4.200000E+00  6.983530E-01
  4.200000E+00  5.237647E-01
  4.200000E+00  3.491765E-01
  4.200000E+00  1.745883E-01
  4.200000E+00  2.345679E-08
  4.200000E+00 -1.745882E-01
  4.200000E+00 -3.491764E-01
  4.200000E+00 -5.237647E-01
  4.200000E+00 -6.983529E-01
  4.200000E+00 -8.729412E-01
  4.200000E+00 -1.047529E+00
  4.200000E+00 -1.222118E+00
  4.200000E+00 -1.396706E+00
  4.200000E+00 -1.571294E+00
  4.200000E+00 -1.745882E+00
  4.200000E+00 -1.920471E+00
  4.200000E+00 -2.095059E+00
  4.200000E+00 -2.269647E+00
  4.200000E+00 -2.444235E+00
  4.200000E+00 -2.618824E+00
  4.200000E+00 -2.793412E+00
  4.200000E+00 -2.968000E+00
  4.200000E+00 -3.142588E+00
  4.200000E+00 -3.317176E+00
  4.200000E+00 -3.491765E+00
  4.200000E+00 -3.666353E+00
  4.200000E+00 -3.840941E+00
  4.200000E+00 -4.015529E+00
  4.200000E+00 -4.190118E+00
  4.200000E+00 -4.364706E+00

#------------------------------------------------------------------------------
z: xorg(1.03)
p: xfac[c2*0.05] form[c1/0.05] notc noxt noyt dmin(1)
p: ymin(0) ymax(1) xmin(0) xmax(1) cmin(1) cmax(100) nosp
hc: y= 0.005 to 0.995 by 0.01 ; x= 0.5 to 0.5 by 1 ;
 1  2  3  4  5  6  7  8  9 10 11 12 13 14 15 16 17 18 19 20
21 22 23 24 25 26 27 28 29 30 31 32 33 34 35 36 37 38 39 40
41 42 43 44 45 46 47 48 49 50 51 52 53 54 55 56 57 58 59 60
61 62 63 64 65 66 67 68 69 70 71 72 73 74 75 76 77 78 79 80
81 82 83 84 85 86 87 88 89 90 91 92 93 94 95 96 97 98 99 100
z: xorg(0.0)
p: xfac[c2*0.05] form[c1/0.05] nosp afac[c5*0.625] ymin[c3] ymax[c4]
p: noxt noxn ytxt(-1) ynum(-1) xltd(-1) xstd(-1) itic(1) ylog
y: Relative Error
#------------------------------------------------------------------------------

wt: s[c5]
\vspace{-3}
  emin  &=&   0.0000E+00 [MeV]
  emax  &=&   1.0000E+03 [MeV]
  ymin  &=&  -4.2000E+00 [cm]
  ymax  &=&   4.2000E+00 [cm]
  part. &=& photon  
e:

#------------------------------------------------------------------------------
z: xorg[-1.03/0.05]
p: form[c1] xfac[c2] afac[c5] nosp notf
p: xmin(  0.000000    ) xmax(  8.400000    )
p: ymin( -4.200000    ) ymax(  4.200000    )

#------------------------------------------------------------------------------
 newpage:
#   no. =  2   ie  =  1   iy  =  1   part. = electron
#   e = (   0.0000E+00  -   1.0000E+03  )
#   y = (  -4.2000E+00  -   4.2000E+00  )

'no. =  2,  ie =  1,  iy =  1'
msuc: {\huge Track in xyz mesh}
msdr: {\it plotted by \ANGEL \version}
msdl: {\it calculated by \PHITS  3.28}

x: z [cm]
y: x [cm]
set: c1[ 1.000] c2[ 0.900] c5[ 0.800] c6[ 1.000] c7[ 0.000] c8[ 0.000]
p: h2fs form[c1] xfac[c2] afac[c5] scal[c6] xorg[c7] yorg[c8] nosp
set: c3[1.0e-4] c4[1.0]
p: cmin[c3] cmax[c4]
p: dmin(1e-31)
p: zlog
p: xmin(  0.000000    ) xmax(  8.400000    )
p: ymin( -4.200000    ) ymax(  4.200000    )
#  nx =  50   nz =  90
# ( ( data(z,x), z = 1, nz ), x = nx, 1, -1 )

hc:  y =   4.116000     to  -4.116000     by  0.1680000     ; x =  4.6666667E-02 to   8.353333     by  9.3333333E-02 ;
  0.000E+00  0.000E+00  0.000E+00  0.000E+00  0.000E+00  0.000E+00  0.000E+00  0.000E+00  0.000E+00  0.000E+00
  0.000E+00  0.000E+00  0.000E+00  0.000E+00  0.000E+00  0.000E+00  0.000E+00  0.000E+00  0.000E+00  0.000E+00
  0.000E+00  0.000E+00  0.000E+00  0.000E+00  0.000E+00  0.000E+00  0.000E+00  0.000E+00  0.000E+00  0.000E+00
  0.000E+00  0.000E+00  0.000E+00  0.000E+00  0.000E+00  0.000E+00  0.000E+00  0.000E+00  1.000E+00  0.000E+00
  0.000E+00  0.000E+00  0.000E+00  0.000E+00  0.000E+00  0.000E+00  0.000E+00  0.000E+00  0.000E+00  0.000E+00
  0.000E+00  0.000E+00  0.000E+00  0.000E+00  0.000E+00  0.000E+00  0.000E+00  0.000E+00  0.000E+00  0.000E+00
  0.000E+00  0.000E+00  0.000E+00  0.000E+00  0.000E+00  0.000E+00  0.000E+00  0.000E+00  0.000E+00  0.000E+00
  0.000E+00  0.000E+00  0.000E+00  0.000E+00  0.000E+00  0.000E+00  0.000E+00  0.000E+00  0.000E+00  0.000E+00
  0.000E+00  0.000E+00  0.000E+00  0.000E+00  0.000E+00  0.000E+00  0.000E+00  0.000E+00  0.000E+00  0.000E+00
  0.000E+00  0.000E+00  0.000E+00  0.000E+00  0.000E+00  0.000E+00  0.000E+00  0.000E+00  0.000E+00  0.000E+00
  0.000E+00  0.000E+00  0.000E+00  0.000E+00  0.000E+00  0.000E+00  0.000E+00  0.000E+00  0.000E+00  0.000E+00
  0.000E+00  0.000E+00  0.000E+00  0.000E+00  0.000E+00  0.000E+00  0.000E+00  0.000E+00  0.000E+00  0.000E+00
  0.000E+00  0.000E+00  0.000E+00  0.000E+00  0.000E+00  0.000E+00  0.000E+00  0.000E+00  0.000E+00  0.000E+00
  0.000E+00  0.000E+00  0.000E+00  0.000E+00  0.000E+00  0.000E+00  0.000E+00  0.000E+00  0.000E+00  0.000E+00
  0.000E+00  0.000E+00  0.000E+00  0.000E+00  0.000E+00  0.000E+00  0.000E+00  0.000E+00  0.000E+00  0.000E+00
  0.000E+00  0.000E+00  0.000E+00  0.000E+00  0.000E+00  0.000E+00  0.000E+00  0.000E+00  0.000E+00  0.000E+00
  0.000E+00  0.000E+00  0.000E+00  0.000E+00  0.000E+00  0.000E+00  0.000E+00  0.000E+00  0.000E+00  0.000E+00
  0.000E+00  0.000E+00  0.000E+00  0.000E+00  0.000E+00  0.000E+00  0.000E+00  0.000E+00  0.000E+00  0.000E+00
  0.000E+00  0.000E+00  0.000E+00  0.000E+00  0.000E+00  0.000E+00  0.000E+00  0.000E+00  0.000E+00  0.000E+00
  0.000E+00  0.000E+00  0.000E+00  0.000E+00  0.000E+00  0.000E+00  1.000E+00  0.000E+00  0.000E+00  0.000E+00
  0.000E+00  0.000E+00  0.000E+00  0.000E+00  0.000E+00  0.000E+00  0.000E+00  0.000E+00  0.000E+00  0.000E+00
  0.000E+00  0.000E+00  0.000E+00  0.000E+00  1.000E+00  0.000E+00  0.000E+00  0.000E+00  0.000E+00  0.000E+00
  0.000E+00  0.000E+00  0.000E+00  0.000E+00  0.000E+00  0.000E+00  0.000E+00  0.000E+00  0.000E+00  0.000E+00
  0.000E+00  0.000E+00  0.000E+00  0.000E+00  0.000E+00  0.000E+00  0.000E+00  0.000E+00  0.000E+00  0.000E+00
  0.000E+00  0.000E+00  0.000E+00  0.000E+00  0.000E+00  0.000E+00  0.000E+00  0.000E+00  0.000E+00  0.000E+00
  0.000E+00  0.000E+00  0.000E+00  0.000E+00  0.000E+00  0.000E+00  0.000E+00  0.000E+00  0.000E+00  0.000E+00
  0.000E+00  0.000E+00  0.000E+00  0.000E+00  0.000E+00  0.000E+00  0.000E+00  0.000E+00  0.000E+00  0.000E+00
  0.000E+00  0.000E+00  0.000E+00  0.000E+00  0.000E+00  0.000E+00  0.000E+00  0.000E+00  0.000E+00  0.000E+00
  0.000E+00  0.000E+00  0.000E+00  0.000E+00  0.000E+00  0.000E+00  0.000E+00  0.000E+00  0.000E+00  0.000E+00
  0.000E+00  0.000E+00  0.000E+00  0.000E+00  0.000E+00  0.000E+00  0.000E+00  0.000E+00  0.000E+00  0.000E+00
  0.000E+00  0.000E+00  0.000E+00  0.000E+00  0.000E+00  0.000E+00  0.000E+00  0.000E+00  0.000E+00  0.000E+00
  0.000E+00  0.000E+00  0.000E+00  0.000E+00  0.000E+00  0.000E+00  0.000E+00  0.000E+00  0.000E+00  0.000E+00
  0.000E+00  0.000E+00  0.000E+00  0.000E+00  0.000E+00  0.000E+00  0.000E+00  0.000E+00  0.000E+00  0.000E+00
  0.000E+00  0.000E+00  0.000E+00  0.000E+00  0.000E+00  0.000E+00  0.000E+00  0.000E+00  0.000E+00  0.000E+00
  0.000E+00  0.000E+00  0.000E+00  0.000E+00  0.000E+00  0.000E+00  0.000E+00  0.000E+00  0.000E+00  0.000E+00
  0.000E+00  0.000E+00  0.000E+00  0.000E+00  0.000E+00  0.000E+00  0.000E+00  0.000E+00  0.000E+00  0.000E+00
  0.000E+00  0.000E+00  0.000E+00  0.000E+00  0.000E+00  0.000E+00  0.000E+00  0.000E+00  0.000E+00  0.000E+00
  0.000E+00  0.000E+00  0.000E+00  0.000E+00  0.000E+00  0.000E+00  0.000E+00  0.000E+00  0.000E+00  0.000E+00
  0.000E+00  0.000E+00  0.000E+00  0.000E+00  0.000E+00  0.000E+00  0.000E+00  0.000E+00  0.000E+00  1.000E+00
  0.000E+00  0.000E+00  0.000E+00  0.000E+00  0.000E+00  0.000E+00  0.000E+00  0.000E+00  0.000E+00  0.000E+00
  0.000E+00  0.000E+00  0.000E+00  0.000E+00  1.000E+00  0.000E+00  0.000E+00  0.000E+00  0.000E+00  0.000E+00
  0.000E+00  0.000E+00  0.000E+00  0.000E+00  0.000E+00  0.000E+00  0.000E+00  0.000E+00  0.000E+00  0.000E+00
  0.000E+00  0.000E+00  0.000E+00  0.000E+00  0.000E+00  0.000E+00  0.000E+00  0.000E+00  0.000E+00  0.000E+00
  0.000E+00  0.000E+00  0.000E+00  0.000E+00  0.000E+00  0.000E+00  0.000E+00  0.000E+00  0.000E+00  0.000E+00
  0.000E+00  0.000E+00  0.000E+00  0.000E+00  0.000E+00  0.000E+00  0.000E+00  0.000E+00  0.000E+00  0.000E+00
  0.000E+00  0.000E+00  0.000E+00  0.000E+00  0.000E+00  0.000E+00  0.000E+00  0.000E+00  0.000E+00  0.000E+00
  0.000E+00  0.000E+00  0.000E+00  0.000E+00  0.000E+00  0.000E+00  0.000E+00  0.000E+00  0.000E+00  0.000E+00
  0.000E+00  0.000E+00  0.000E+00  0.000E+00  0.000E+00  0.000E+00  0.000E+00  0.000E+00  0.000E+00  0.000E+00
  0.000E+00  0.000E+00  0.000E+00  0.000E+00  0.000E+00  0.000E+00  0.000E+00  0.000E+00  0.000E+00  0.000E+00
  0.000E+00  0.000E+00  0.000E+00  0.000E+00  0.000E+00  0.000E+00  0.000E+00  0.000E+00  0.000E+00  0.000E+00
  0.000E+00  0.000E+00  0.000E+00  0.000E+00  0.000E+00  0.000E+00  0.000E+00  0.000E+00  0.000E+00  0.000E+00
  0.000E+00  0.000E+00  0.000E+00  0.000E+00  0.000E+00  0.000E+00  0.000E+00  0.000E+00  0.000E+00  0.000E+00
  0.000E+00  0.000E+00  0.000E+00  0.000E+00  0.000E+00  0.000E+00  0.000E+00  0.000E+00  0.000E+00  0.000E+00
  0.000E+00  0.000E+00  0.000E+00  0.000E+00  0.000E+00  0.000E+00  0.000E+00  0.000E+00  0.000E+00  0.000E+00
  0.000E+00  0.000E+00  0.000E+00  0.000E+00  0.000E+00  0.000E+00  0.000E+00  0.000E+00  0.000E+00  0.000E+00
  0.000E+00  0.000E+00  0.000E+00  0.000E+00  0.000E+00  0.000E+00  0.000E+00  0.000E+00  0.000E+00  0.000E+00
  0.000E+00  0.000E+00  0.000E+00  0.000E+00  0.000E+00  0.000E+00  0.000E+00  0.000E+00  0.000E+00  0.000E+00
  0.000E+00  0.000E+00  0.000E+00  0.000E+00  0.000E+00  0.000E+00  0.000E+00  0.000E+00  0.000E+00  0.000E+00
  0.000E+00  0.000E+00  0.000E+00  0.000E+00  0.000E+00  0.000E+00  0.000E+00  0.000E+00  0.000E+00  0.000E+00
  0.000E+00  0.000E+00  0.000E+00  0.000E+00  0.000E+00  0.000E+00  0.000E+00  0.000E+00  0.000E+00  0.000E+00
  0.000E+00  0.000E+00  0.000E+00  0.000E+00  0.000E+00  0.000E+00  0.000E+00  0.000E+00  0.000E+00  0.000E+00
  0.000E+00  0.000E+00  0.000E+00  0.000E+00  0.000E+00  0.000E+00  0.000E+00  0.000E+00  0.000E+00  0.000E+00
  0.000E+00  0.000E+00  0.000E+00  0.000E+00  0.000E+00  0.000E+00  0.000E+00  0.000E+00  0.000E+00  0.000E+00
  0.000E+00  0.000E+00  0.000E+00  0.000E+00  0.000E+00  0.000E+00  0.000E+00  0.000E+00  1.000E+00  0.000E+00
  0.000E+00  0.000E+00  0.000E+00  0.000E+00  0.000E+00  0.000E+00  0.000E+00  0.000E+00  0.000E+00  0.000E+00
  0.000E+00  0.000E+00  0.000E+00  0.000E+00  0.000E+00  0.000E+00  0.000E+00  0.000E+00  0.000E+00  0.000E+00
  0.000E+00  0.000E+00  0.000E+00  0.000E+00  0.000E+00  0.000E+00  0.000E+00  0.000E+00  0.000E+00  1.000E+00
  0.000E+00  0.000E+00  0.000E+00  0.000E+00  0.000E+00  0.000E+00  0.000E+00  0.000E+00  0.000E+00  0.000E+00
  0.000E+00  0.000E+00  0.000E+00  0.000E+00  0.000E+00  0.000E+00  0.000E+00  0.000E+00  0.000E+00  0.000E+00
  0.000E+00  0.000E+00  0.000E+00  0.000E+00  0.000E+00  0.000E+00  0.000E+00  0.000E+00  0.000E+00  0.000E+00
  0.000E+00  0.000E+00  0.000E+00  0.000E+00  0.000E+00  0.000E+00  0.000E+00  0.000E+00  0.000E+00  0.000E+00
  0.000E+00  0.000E+00  0.000E+00  0.000E+00  0.000E+00  0.000E+00  0.000E+00  0.000E+00  0.000E+00  0.000E+00
  0.000E+00  1.000E+00  0.000E+00  0.000E+00  0.000E+00  0.000E+00  0.000E+00  0.000E+00  0.000E+00  0.000E+00
  0.000E+00  0.000E+00  0.000E+00  0.000E+00  0.000E+00  0.000E+00  0.000E+00  0.000E+00  0.000E+00  0.000E+00
  0.000E+00  0.000E+00  0.000E+00  0.000E+00  0.000E+00  0.000E+00  0.000E+00  0.000E+00  0.000E+00  0.000E+00
  0.000E+00  0.000E+00  0.000E+00  0.000E+00  0.000E+00  0.000E+00  0.000E+00  0.000E+00  0.000E+00  0.000E+00
  0.000E+00  0.000E+00  0.000E+00  0.000E+00  0.000E+00  0.000E+00  0.000E+00  0.000E+00  0.000E+00  0.000E+00
  0.000E+00  0.000E+00  0.000E+00  0.000E+00  0.000E+00  0.000E+00  0.000E+00  0.000E+00  0.000E+00  0.000E+00
  0.000E+00  0.000E+00  0.000E+00  0.000E+00  0.000E+00  0.000E+00  0.000E+00  0.000E+00  0.000E+00  0.000E+00
  0.000E+00  0.000E+00  0.000E+00  0.000E+00  0.000E+00  0.000E+00  0.000E+00  0.000E+00  0.000E+00  0.000E+00
  0.000E+00  0.000E+00  0.000E+00  0.000E+00  0.000E+00  0.000E+00  0.000E+00  0.000E+00  0.000E+00  0.000E+00
  0.000E+00  0.000E+00  0.000E+00  0.000E+00  0.000E+00  0.000E+00  0.000E+00  0.000E+00  0.000E+00  0.000E+00
  0.000E+00  0.000E+00  0.000E+00  0.000E+00  0.000E+00  0.000E+00  0.000E+00  0.000E+00  0.000E+00  0.000E+00
  0.000E+00  0.000E+00  0.000E+00  0.000E+00  0.000E+00  0.000E+00  0.000E+00  0.000E+00  0.000E+00  0.000E+00
  0.000E+00  0.000E+00  0.000E+00  0.000E+00  0.000E+00  0.000E+00  0.000E+00  0.000E+00  0.000E+00  0.000E+00
  0.000E+00  0.000E+00  0.000E+00  0.000E+00  0.000E+00  0.000E+00  0.000E+00  0.000E+00  0.000E+00  0.000E+00
  0.000E+00  0.000E+00  0.000E+00  0.000E+00  0.000E+00  0.000E+00  0.000E+00  0.000E+00  0.000E+00  0.000E+00
  0.000E+00  0.000E+00  0.000E+00  0.000E+00  0.000E+00  0.000E+00  0.000E+00  0.000E+00  0.000E+00  0.000E+00
  0.000E+00  0.000E+00  0.000E+00  0.000E+00  0.000E+00  0.000E+00  0.000E+00  0.000E+00  0.000E+00  0.000E+00
  0.000E+00  0.000E+00  0.000E+00  0.000E+00  0.000E+00  0.000E+00  0.000E+00  0.000E+00  0.000E+00  0.000E+00
  0.000E+00  0.000E+00  0.000E+00  0.000E+00  0.000E+00  0.000E+00  0.000E+00  0.000E+00  0.000E+00  0.000E+00
  0.000E+00  0.000E+00  0.000E+00  0.000E+00  0.000E+00  0.000E+00  0.000E+00  1.000E+00  0.000E+00  0.000E+00
  0.000E+00  0.000E+00  0.000E+00  0.000E+00  0.000E+00  0.000E+00  0.000E+00  0.000E+00  0.000E+00  0.000E+00
  0.000E+00  0.000E+00  0.000E+00  0.000E+00  0.000E+00  0.000E+00  0.000E+00  0.000E+00  0.000E+00  0.000E+00
  0.000E+00  0.000E+00  0.000E+00  0.000E+00  0.000E+00  0.000E+00  0.000E+00  0.000E+00  0.000E+00  0.000E+00
  0.000E+00  0.000E+00  0.000E+00  0.000E+00  0.000E+00  0.000E+00  0.000E+00  0.000E+00  0.000E+00  0.000E+00
  0.000E+00  0.000E+00  0.000E+00  0.000E+00  0.000E+00  0.000E+00  0.000E+00  0.000E+00  0.000E+00  0.000E+00
  0.000E+00  0.000E+00  0.000E+00  0.000E+00  0.000E+00  0.000E+00  0.000E+00  0.000E+00  0.000E+00  0.000E+00
  0.000E+00  0.000E+00  0.000E+00  0.000E+00  0.000E+00  0.000E+00  0.000E+00  0.000E+00  0.000E+00  0.000E+00
  0.000E+00  0.000E+00  0.000E+00  0.000E+00  0.000E+00  0.000E+00  0.000E+00  0.000E+00  0.000E+00  0.000E+00
  0.000E+00  0.000E+00  0.000E+00  0.000E+00  0.000E+00  0.000E+00  0.000E+00  0.000E+00  0.000E+00  0.000E+00
  1.000E+00  0.000E+00  0.000E+00  1.000E+00  1.000E+00  0.000E+00  0.000E+00  0.000E+00  0.000E+00  0.000E+00
  0.000E+00  0.000E+00  0.000E+00  0.000E+00  0.000E+00  0.000E+00  0.000E+00  0.000E+00  0.000E+00  0.000E+00
  0.000E+00  0.000E+00  0.000E+00  0.000E+00  0.000E+00  0.000E+00  0.000E+00  0.000E+00  0.000E+00  0.000E+00
  0.000E+00  0.000E+00  0.000E+00  0.000E+00  0.000E+00  0.000E+00  0.000E+00  0.000E+00  0.000E+00  0.000E+00
  0.000E+00  0.000E+00  0.000E+00  0.000E+00  0.000E+00  0.000E+00  0.000E+00  0.000E+00  0.000E+00  0.000E+00
  0.000E+00  0.000E+00  0.000E+00  0.000E+00  0.000E+00  0.000E+00  0.000E+00  0.000E+00  0.000E+00  0.000E+00
  0.000E+00  0.000E+00  0.000E+00  0.000E+00  0.000E+00  0.000E+00  0.000E+00  0.000E+00  0.000E+00  0.000E+00
  0.000E+00  0.000E+00  0.000E+00  0.000E+00  0.000E+00  0.000E+00  0.000E+00  0.000E+00  0.000E+00  0.000E+00
  0.000E+00  0.000E+00  0.000E+00  0.000E+00  0.000E+00  0.000E+00  0.000E+00  0.000E+00  0.000E+00  0.000E+00
  0.000E+00  0.000E+00  0.000E+00  0.000E+00  0.000E+00  0.000E+00  0.000E+00  0.000E+00  0.000E+00  0.000E+00
  0.000E+00  0.000E+00  0.000E+00  0.000E+00  0.000E+00  0.000E+00  0.000E+00  0.000E+00  0.000E+00  0.000E+00
  0.000E+00  0.000E+00  0.000E+00  0.000E+00  0.000E+00  0.000E+00  0.000E+00  0.000E+00  0.000E+00  0.000E+00
  0.000E+00  0.000E+00  0.000E+00  0.000E+00  0.000E+00  0.000E+00  0.000E+00  0.000E+00  0.000E+00  0.000E+00
  0.000E+00  0.000E+00  0.000E+00  0.000E+00  0.000E+00  0.000E+00  0.000E+00  0.000E+00  0.000E+00  0.000E+00
  0.000E+00  0.000E+00  0.000E+00  0.000E+00  0.000E+00  0.000E+00  0.000E+00  0.000E+00  0.000E+00  0.000E+00
  0.000E+00  0.000E+00  0.000E+00  0.000E+00  0.000E+00  0.000E+00  0.000E+00  0.000E+00  0.000E+00  0.000E+00
  0.000E+00  0.000E+00  0.000E+00  1.000E+00  0.000E+00  0.000E+00  0.000E+00  0.000E+00  0.000E+00  0.000E+00
  1.000E+00  0.000E+00  0.000E+00  0.000E+00  0.000E+00  0.000E+00  0.000E+00  0.000E+00  0.000E+00  1.000E+00
  0.000E+00  0.000E+00  0.000E+00  0.000E+00  0.000E+00  0.000E+00  0.000E+00  0.000E+00  0.000E+00  0.000E+00
  0.000E+00  0.000E+00  0.000E+00  0.000E+00  0.000E+00  0.000E+00  0.000E+00  0.000E+00  0.000E+00  1.000E+00
  1.000E+00  0.000E+00  0.000E+00  0.000E+00  0.000E+00  0.000E+00  0.000E+00  0.000E+00  0.000E+00  0.000E+00
  0.000E+00  0.000E+00  0.000E+00  0.000E+00  0.000E+00  0.000E+00  0.000E+00  0.000E+00  0.000E+00  0.000E+00
  0.000E+00  0.000E+00  0.000E+00  0.000E+00  0.000E+00  0.000E+00  0.000E+00  0.000E+00  0.000E+00  0.000E+00
  0.000E+00  0.000E+00  0.000E+00  0.000E+00  0.000E+00  0.000E+00  0.000E+00  0.000E+00  0.000E+00  0.000E+00
  0.000E+00  0.000E+00  0.000E+00  0.000E+00  0.000E+00  0.000E+00  0.000E+00  0.000E+00  0.000E+00  0.000E+00
  0.000E+00  0.000E+00  0.000E+00  1.000E+00  0.000E+00  0.000E+00  0.000E+00  0.000E+00  0.000E+00  0.000E+00
  0.000E+00  0.000E+00  0.000E+00  0.000E+00  0.000E+00  0.000E+00  0.000E+00  0.000E+00  0.000E+00  0.000E+00
  0.000E+00  0.000E+00  0.000E+00  0.000E+00  0.000E+00  0.000E+00  0.000E+00  0.000E+00  0.000E+00  0.000E+00
  0.000E+00  0.000E+00  0.000E+00  0.000E+00  0.000E+00  0.000E+00  1.000E+00  0.000E+00  1.000E+00  1.000E+00
  1.000E+00  0.000E+00  0.000E+00  0.000E+00  0.000E+00  0.000E+00  0.000E+00  0.000E+00  0.000E+00  0.000E+00
  0.000E+00  0.000E+00  0.000E+00  0.000E+00  0.000E+00  0.000E+00  0.000E+00  0.000E+00  0.000E+00  0.000E+00
  0.000E+00  0.000E+00  0.000E+00  0.000E+00  0.000E+00  0.000E+00  0.000E+00  0.000E+00  0.000E+00  0.000E+00
  0.000E+00  0.000E+00  0.000E+00  0.000E+00  0.000E+00  0.000E+00  0.000E+00  0.000E+00  0.000E+00  0.000E+00
  0.000E+00  0.000E+00  0.000E+00  0.000E+00  0.000E+00  0.000E+00  0.000E+00  0.000E+00  0.000E+00  0.000E+00
  1.000E+00  0.000E+00  0.000E+00  0.000E+00  0.000E+00  0.000E+00  0.000E+00  0.000E+00  0.000E+00  0.000E+00
  0.000E+00  0.000E+00  0.000E+00  0.000E+00  0.000E+00  0.000E+00  0.000E+00  0.000E+00  0.000E+00  0.000E+00
  0.000E+00  1.000E+00  1.000E+00  0.000E+00  0.000E+00  0.000E+00  0.000E+00  0.000E+00  0.000E+00  0.000E+00
  0.000E+00  0.000E+00  0.000E+00  0.000E+00  0.000E+00  0.000E+00  0.000E+00  0.000E+00  0.000E+00  0.000E+00
  0.000E+00  0.000E+00  0.000E+00  0.000E+00  0.000E+00  0.000E+00  0.000E+00  0.000E+00  0.000E+00  0.000E+00
  0.000E+00  0.000E+00  0.000E+00  0.000E+00  0.000E+00  0.000E+00  0.000E+00  0.000E+00  0.000E+00  0.000E+00
  0.000E+00  0.000E+00  0.000E+00  0.000E+00  0.000E+00  0.000E+00  0.000E+00  0.000E+00  0.000E+00  0.000E+00
  0.000E+00  0.000E+00  0.000E+00  0.000E+00  0.000E+00  0.000E+00  0.000E+00  0.000E+00  0.000E+00  0.000E+00
  0.000E+00  0.000E+00  0.000E+00  0.000E+00  0.000E+00  0.000E+00  0.000E+00  0.000E+00  0.000E+00  0.000E+00
  1.000E+00  0.000E+00  0.000E+00  0.000E+00  0.000E+00  0.000E+00  0.000E+00  0.000E+00  0.000E+00  0.000E+00
  0.000E+00  0.000E+00  0.000E+00  0.000E+00  0.000E+00  0.000E+00  0.000E+00  0.000E+00  0.000E+00  0.000E+00
  0.000E+00  0.000E+00  0.000E+00  0.000E+00  0.000E+00  0.000E+00  0.000E+00  0.000E+00  0.000E+00  0.000E+00
  0.000E+00  0.000E+00  0.000E+00  0.000E+00  9.906E-01  0.000E+00  0.000E+00  0.000E+00  0.000E+00  0.000E+00
  0.000E+00  0.000E+00  0.000E+00  0.000E+00  0.000E+00  0.000E+00  0.000E+00  0.000E+00  0.000E+00  0.000E+00
  0.000E+00  0.000E+00  0.000E+00  0.000E+00  0.000E+00  0.000E+00  0.000E+00  0.000E+00  0.000E+00  0.000E+00
  0.000E+00  0.000E+00  0.000E+00  0.000E+00  0.000E+00  0.000E+00  0.000E+00  0.000E+00  0.000E+00  0.000E+00
  0.000E+00  0.000E+00  0.000E+00  0.000E+00  0.000E+00  0.000E+00  0.000E+00  0.000E+00  0.000E+00  0.000E+00
  0.000E+00  0.000E+00  0.000E+00  0.000E+00  0.000E+00  0.000E+00  0.000E+00  0.000E+00  0.000E+00  0.000E+00
  1.000E+00  0.000E+00  0.000E+00  0.000E+00  0.000E+00  0.000E+00  0.000E+00  0.000E+00  0.000E+00  0.000E+00
  0.000E+00  0.000E+00  0.000E+00  0.000E+00  0.000E+00  0.000E+00  0.000E+00  0.000E+00  0.000E+00  1.000E+00
  0.000E+00  0.000E+00  1.000E+00  0.000E+00  0.000E+00  0.000E+00  0.000E+00  0.000E+00  0.000E+00  0.000E+00
  0.000E+00  0.000E+00  0.000E+00  0.000E+00  0.000E+00  1.000E+00  0.000E+00  0.000E+00  0.000E+00  0.000E+00
  0.000E+00  0.000E+00  0.000E+00  0.000E+00  0.000E+00  0.000E+00  0.000E+00  0.000E+00  0.000E+00  0.000E+00
  0.000E+00  0.000E+00  0.000E+00  0.000E+00  0.000E+00  0.000E+00  0.000E+00  0.000E+00  0.000E+00  0.000E+00
  0.000E+00  0.000E+00  0.000E+00  0.000E+00  0.000E+00  0.000E+00  0.000E+00  0.000E+00  0.000E+00  0.000E+00
  0.000E+00  0.000E+00  0.000E+00  0.000E+00  0.000E+00  0.000E+00  0.000E+00  0.000E+00  0.000E+00  0.000E+00
  0.000E+00  0.000E+00  0.000E+00  0.000E+00  0.000E+00  0.000E+00  0.000E+00  0.000E+00  0.000E+00  0.000E+00
  0.000E+00  1.000E+00  0.000E+00  0.000E+00  0.000E+00  1.000E+00  0.000E+00  0.000E+00  0.000E+00  1.000E+00
  0.000E+00  0.000E+00  0.000E+00  0.000E+00  0.000E+00  0.000E+00  1.000E+00  0.000E+00  0.000E+00  0.000E+00
  0.000E+00  1.000E+00  0.000E+00  0.000E+00  0.000E+00  0.000E+00  0.000E+00  0.000E+00  0.000E+00  0.000E+00
  1.000E+00  0.000E+00  0.000E+00  0.000E+00  0.000E+00  0.000E+00  1.000E+00  0.000E+00  0.000E+00  1.000E+00
  0.000E+00  0.000E+00  0.000E+00  0.000E+00  1.000E+00  0.000E+00  0.000E+00  0.000E+00  0.000E+00  0.000E+00
  0.000E+00  0.000E+00  0.000E+00  0.000E+00  0.000E+00  0.000E+00  0.000E+00  0.000E+00  0.000E+00  0.000E+00
  0.000E+00  0.000E+00  0.000E+00  0.000E+00  0.000E+00  0.000E+00  0.000E+00  0.000E+00  0.000E+00  0.000E+00
  0.000E+00  0.000E+00  0.000E+00  0.000E+00  0.000E+00  0.000E+00  0.000E+00  0.000E+00  0.000E+00  0.000E+00
  0.000E+00  0.000E+00  0.000E+00  0.000E+00  0.000E+00  0.000E+00  0.000E+00  0.000E+00  0.000E+00  0.000E+00
  0.000E+00  0.000E+00  0.000E+00  0.000E+00  0.000E+00  1.000E+00  0.000E+00  0.000E+00  1.000E+00  0.000E+00
  0.000E+00  0.000E+00  0.000E+00  0.000E+00  0.000E+00  0.000E+00  0.000E+00  0.000E+00  0.000E+00  1.000E+00
  0.000E+00  0.000E+00  0.000E+00  0.000E+00  1.000E+00  0.000E+00  0.000E+00  1.000E+00  0.000E+00  0.000E+00
  1.000E+00  0.000E+00  0.000E+00  1.000E+00  0.000E+00  0.000E+00  0.000E+00  1.000E+00  0.000E+00  0.000E+00
  0.000E+00  0.000E+00  1.000E+00  1.000E+00  0.000E+00  0.000E+00  0.000E+00  0.000E+00  0.000E+00  0.000E+00
  0.000E+00  0.000E+00  0.000E+00  0.000E+00  0.000E+00  0.000E+00  0.000E+00  0.000E+00  0.000E+00  0.000E+00
  0.000E+00  0.000E+00  0.000E+00  0.000E+00  0.000E+00  0.000E+00  0.000E+00  0.000E+00  0.000E+00  0.000E+00
  0.000E+00  0.000E+00  0.000E+00  0.000E+00  0.000E+00  0.000E+00  0.000E+00  0.000E+00  0.000E+00  0.000E+00
  0.000E+00  0.000E+00  0.000E+00  0.000E+00  0.000E+00  0.000E+00  0.000E+00  0.000E+00  0.000E+00  0.000E+00
  1.000E+00  0.000E+00  0.000E+00  0.000E+00  0.000E+00  0.000E+00  0.000E+00  0.000E+00  0.000E+00  0.000E+00
  0.000E+00  0.000E+00  0.000E+00  0.000E+00  0.000E+00  0.000E+00  0.000E+00  0.000E+00  0.000E+00  1.000E+00
  0.000E+00  0.000E+00  0.000E+00  0.000E+00  0.000E+00  1.000E+00  0.000E+00  0.000E+00  0.000E+00  0.000E+00
  0.000E+00  0.000E+00  0.000E+00  0.000E+00  0.000E+00  0.000E+00  0.000E+00  0.000E+00  0.000E+00  1.000E+00
  0.000E+00  0.000E+00  0.000E+00  0.000E+00  0.000E+00  0.000E+00  0.000E+00  0.000E+00  0.000E+00  0.000E+00
  0.000E+00  0.000E+00  0.000E+00  0.000E+00  0.000E+00  0.000E+00  0.000E+00  0.000E+00  0.000E+00  0.000E+00
  0.000E+00  0.000E+00  0.000E+00  0.000E+00  0.000E+00  0.000E+00  0.000E+00  0.000E+00  0.000E+00  0.000E+00
  0.000E+00  0.000E+00  0.000E+00  0.000E+00  0.000E+00  0.000E+00  0.000E+00  0.000E+00  0.000E+00  0.000E+00
  0.000E+00  0.000E+00  0.000E+00  0.000E+00  0.000E+00  0.000E+00  0.000E+00  0.000E+00  0.000E+00  0.000E+00
  0.000E+00  0.000E+00  0.000E+00  0.000E+00  0.000E+00  0.000E+00  0.000E+00  0.000E+00  0.000E+00  0.000E+00
  0.000E+00  0.000E+00  0.000E+00  0.000E+00  1.000E+00  0.000E+00  1.000E+00  1.000E+00  0.000E+00  1.000E+00
  0.000E+00  0.000E+00  0.000E+00  0.000E+00  0.000E+00  0.000E+00  1.000E+00  0.000E+00  0.000E+00  0.000E+00
  0.000E+00  0.000E+00  0.000E+00  0.000E+00  0.000E+00  1.000E+00  0.000E+00  0.000E+00  0.000E+00  0.000E+00
  0.000E+00  0.000E+00  0.000E+00  0.000E+00  0.000E+00  0.000E+00  0.000E+00  0.000E+00  0.000E+00  0.000E+00
  0.000E+00  0.000E+00  0.000E+00  0.000E+00  0.000E+00  0.000E+00  0.000E+00  0.000E+00  0.000E+00  0.000E+00
  0.000E+00  0.000E+00  0.000E+00  0.000E+00  0.000E+00  0.000E+00  0.000E+00  0.000E+00  0.000E+00  0.000E+00
  0.000E+00  0.000E+00  0.000E+00  0.000E+00  0.000E+00  0.000E+00  0.000E+00  0.000E+00  0.000E+00  0.000E+00
  0.000E+00  0.000E+00  0.000E+00  0.000E+00  0.000E+00  0.000E+00  0.000E+00  0.000E+00  0.000E+00  0.000E+00
  0.000E+00  0.000E+00  0.000E+00  0.000E+00  0.000E+00  0.000E+00  0.000E+00  0.000E+00  0.000E+00  0.000E+00
  1.000E+00  0.000E+00  0.000E+00  0.000E+00  0.000E+00  0.000E+00  1.000E+00  0.000E+00  0.000E+00  0.000E+00
  0.000E+00  7.859E-01  0.000E+00  0.000E+00  0.000E+00  7.118E-01  0.000E+00  0.000E+00  1.000E+00  1.000E+00
  0.000E+00  0.000E+00  0.000E+00  1.000E+00  0.000E+00  7.735E-01  1.000E+00  7.160E-01  0.000E+00  1.000E+00
  1.000E+00  0.000E+00  1.000E+00  0.000E+00  0.000E+00  0.000E+00  0.000E+00  0.000E+00  0.000E+00  0.000E+00
  0.000E+00  0.000E+00  0.000E+00  0.000E+00  0.000E+00  0.000E+00  0.000E+00  0.000E+00  0.000E+00  0.000E+00
  0.000E+00  0.000E+00  0.000E+00  0.000E+00  0.000E+00  0.000E+00  0.000E+00  0.000E+00  0.000E+00  0.000E+00
  0.000E+00  0.000E+00  0.000E+00  0.000E+00  0.000E+00  0.000E+00  0.000E+00  0.000E+00  0.000E+00  0.000E+00
  0.000E+00  0.000E+00  0.000E+00  0.000E+00  0.000E+00  0.000E+00  0.000E+00  0.000E+00  0.000E+00  0.000E+00
  0.000E+00  1.000E+00  0.000E+00  0.000E+00  1.000E+00  0.000E+00  1.000E+00  7.221E-01  0.000E+00  0.000E+00
  1.000E+00  0.000E+00  0.000E+00  0.000E+00  0.000E+00  0.000E+00  0.000E+00  0.000E+00  0.000E+00  0.000E+00
  1.000E+00  1.000E+00  0.000E+00  7.390E-01  0.000E+00  0.000E+00  7.778E-01  0.000E+00  1.000E+00  0.000E+00
  1.000E+00  1.000E+00  1.000E+00  0.000E+00  0.000E+00  0.000E+00  0.000E+00  0.000E+00  0.000E+00  9.197E-01
  1.000E+00  1.000E+00  0.000E+00  0.000E+00  0.000E+00  0.000E+00  0.000E+00  0.000E+00  0.000E+00  0.000E+00
  0.000E+00  0.000E+00  0.000E+00  0.000E+00  0.000E+00  0.000E+00  0.000E+00  0.000E+00  0.000E+00  0.000E+00
  0.000E+00  0.000E+00  0.000E+00  0.000E+00  0.000E+00  0.000E+00  0.000E+00  0.000E+00  0.000E+00  0.000E+00
  0.000E+00  0.000E+00  0.000E+00  0.000E+00  0.000E+00  0.000E+00  0.000E+00  0.000E+00  0.000E+00  0.000E+00
  0.000E+00  0.000E+00  0.000E+00  0.000E+00  0.000E+00  0.000E+00  0.000E+00  0.000E+00  0.000E+00  0.000E+00
  1.000E+00  0.000E+00  0.000E+00  8.856E-01  1.000E+00  7.247E-01  8.286E-01  0.000E+00  1.000E+00  0.000E+00
  0.000E+00  0.000E+00  0.000E+00  0.000E+00  1.000E+00  0.000E+00  0.000E+00  7.691E-01  9.427E-01  1.000E+00
  1.000E+00  0.000E+00  0.000E+00  1.000E+00  9.116E-01  0.000E+00  1.000E+00  0.000E+00  0.000E+00  8.692E-01
  1.000E+00  1.000E+00  0.000E+00  0.000E+00  1.000E+00  1.000E+00  0.000E+00  1.000E+00  0.000E+00  1.000E+00
  0.000E+00  0.000E+00  1.000E+00  0.000E+00  0.000E+00  0.000E+00  0.000E+00  0.000E+00  0.000E+00  0.000E+00
  0.000E+00  0.000E+00  0.000E+00  0.000E+00  0.000E+00  0.000E+00  0.000E+00  0.000E+00  0.000E+00  0.000E+00
  0.000E+00  0.000E+00  0.000E+00  0.000E+00  0.000E+00  0.000E+00  0.000E+00  0.000E+00  0.000E+00  0.000E+00
  0.000E+00  0.000E+00  0.000E+00  0.000E+00  0.000E+00  0.000E+00  0.000E+00  0.000E+00  0.000E+00  0.000E+00
  0.000E+00  0.000E+00  0.000E+00  0.000E+00  0.000E+00  0.000E+00  0.000E+00  0.000E+00  0.000E+00  0.000E+00
  1.000E+00  0.000E+00  1.000E+00  0.000E+00  0.000E+00  1.000E+00  0.000E+00  0.000E+00  1.000E+00  0.000E+00
  1.000E+00  1.000E+00  0.000E+00  1.000E+00  9.147E-01  1.000E+00  0.000E+00  1.000E+00  0.000E+00  1.000E+00
  0.000E+00  1.000E+00  7.096E-01  0.000E+00  1.000E+00  0.000E+00  0.000E+00  1.000E+00  0.000E+00  0.000E+00
  1.000E+00  6.620E-01  1.000E+00  1.000E+00  1.000E+00  0.000E+00  0.000E+00  0.000E+00  1.000E+00  1.000E+00
  0.000E+00  1.000E+00  0.000E+00  1.000E+00  1.000E+00  0.000E+00  0.000E+00  0.000E+00  0.000E+00  0.000E+00
  0.000E+00  0.000E+00  0.000E+00  0.000E+00  0.000E+00  0.000E+00  0.000E+00  0.000E+00  0.000E+00  0.000E+00
  0.000E+00  0.000E+00  0.000E+00  0.000E+00  0.000E+00  0.000E+00  0.000E+00  0.000E+00  0.000E+00  0.000E+00
  0.000E+00  0.000E+00  0.000E+00  0.000E+00  0.000E+00  0.000E+00  0.000E+00  0.000E+00  0.000E+00  0.000E+00
  0.000E+00  0.000E+00  0.000E+00  0.000E+00  0.000E+00  0.000E+00  0.000E+00  0.000E+00  0.000E+00  0.000E+00
  1.000E+00  0.000E+00  0.000E+00  0.000E+00  1.000E+00  0.000E+00  0.000E+00  1.000E+00  0.000E+00  1.000E+00
  0.000E+00  0.000E+00  0.000E+00  0.000E+00  6.837E-01  0.000E+00  1.000E+00  0.000E+00  0.000E+00  7.091E-01
  0.000E+00  0.000E+00  1.000E+00  1.000E+00  8.753E-01  1.000E+00  0.000E+00  0.000E+00  0.000E+00  1.000E+00
  0.000E+00  0.000E+00  1.000E+00  0.000E+00  1.000E+00  0.000E+00  0.000E+00  0.000E+00  0.000E+00  0.000E+00
  0.000E+00  0.000E+00  0.000E+00  1.000E+00  0.000E+00  0.000E+00  0.000E+00  0.000E+00  0.000E+00  0.000E+00
  0.000E+00  0.000E+00  0.000E+00  0.000E+00  0.000E+00  0.000E+00  0.000E+00  0.000E+00  0.000E+00  0.000E+00
  0.000E+00  0.000E+00  0.000E+00  0.000E+00  0.000E+00  0.000E+00  0.000E+00  0.000E+00  0.000E+00  0.000E+00
  0.000E+00  0.000E+00  0.000E+00  0.000E+00  0.000E+00  0.000E+00  0.000E+00  0.000E+00  0.000E+00  0.000E+00
  0.000E+00  0.000E+00  0.000E+00  0.000E+00  0.000E+00  0.000E+00  0.000E+00  0.000E+00  0.000E+00  0.000E+00
  0.000E+00  8.383E-01  0.000E+00  1.000E+00  7.528E-01  1.000E+00  0.000E+00  0.000E+00  1.000E+00  6.470E-01
  0.000E+00  0.000E+00  0.000E+00  0.000E+00  0.000E+00  0.000E+00  0.000E+00  1.000E+00  1.000E+00  0.000E+00
  0.000E+00  7.668E-01  0.000E+00  0.000E+00  0.000E+00  9.292E-01  0.000E+00  0.000E+00  1.000E+00  1.000E+00
  0.000E+00  0.000E+00  0.000E+00  1.000E+00  0.000E+00  0.000E+00  0.000E+00  0.000E+00  0.000E+00  0.000E+00
  0.000E+00  1.000E+00  0.000E+00  0.000E+00  0.000E+00  0.000E+00  0.000E+00  0.000E+00  0.000E+00  0.000E+00
  0.000E+00  0.000E+00  0.000E+00  0.000E+00  0.000E+00  0.000E+00  0.000E+00  0.000E+00  0.000E+00  0.000E+00
  0.000E+00  0.000E+00  0.000E+00  0.000E+00  0.000E+00  0.000E+00  0.000E+00  0.000E+00  0.000E+00  0.000E+00
  0.000E+00  0.000E+00  0.000E+00  0.000E+00  0.000E+00  0.000E+00  0.000E+00  0.000E+00  0.000E+00  0.000E+00
  0.000E+00  0.000E+00  0.000E+00  0.000E+00  0.000E+00  0.000E+00  0.000E+00  0.000E+00  0.000E+00  0.000E+00
  0.000E+00  0.000E+00  0.000E+00  0.000E+00  7.196E-01  1.000E+00  0.000E+00  0.000E+00  0.000E+00  1.000E+00
  0.000E+00  0.000E+00  0.000E+00  0.000E+00  0.000E+00  0.000E+00  0.000E+00  0.000E+00  1.000E+00  1.000E+00
  1.000E+00  0.000E+00  0.000E+00  1.000E+00  0.000E+00  0.000E+00  0.000E+00  0.000E+00  0.000E+00  0.000E+00
  1.000E+00  0.000E+00  0.000E+00  0.000E+00  0.000E+00  0.000E+00  0.000E+00  0.000E+00  0.000E+00  1.000E+00
  0.000E+00  0.000E+00  0.000E+00  0.000E+00  0.000E+00  0.000E+00  0.000E+00  0.000E+00  0.000E+00  0.000E+00
  0.000E+00  0.000E+00  0.000E+00  0.000E+00  0.000E+00  0.000E+00  0.000E+00  0.000E+00  0.000E+00  0.000E+00
  0.000E+00  0.000E+00  0.000E+00  0.000E+00  0.000E+00  0.000E+00  0.000E+00  0.000E+00  0.000E+00  0.000E+00
  0.000E+00  0.000E+00  0.000E+00  0.000E+00  0.000E+00  0.000E+00  0.000E+00  0.000E+00  0.000E+00  0.000E+00
  0.000E+00  0.000E+00  0.000E+00  0.000E+00  0.000E+00  0.000E+00  0.000E+00  0.000E+00  0.000E+00  0.000E+00
  1.000E+00  1.000E+00  9.981E-01  0.000E+00  0.000E+00  1.000E+00  0.000E+00  1.000E+00  1.000E+00  0.000E+00
  0.000E+00  0.000E+00  0.000E+00  0.000E+00  0.000E+00  0.000E+00  0.000E+00  0.000E+00  1.000E+00  0.000E+00
  0.000E+00  1.000E+00  0.000E+00  0.000E+00  0.000E+00  0.000E+00  0.000E+00  0.000E+00  0.000E+00  1.000E+00
  0.000E+00  1.000E+00  1.000E+00  0.000E+00  0.000E+00  0.000E+00  0.000E+00  0.000E+00  0.000E+00  0.000E+00
  0.000E+00  0.000E+00  0.000E+00  0.000E+00  0.000E+00  0.000E+00  0.000E+00  0.000E+00  0.000E+00  0.000E+00
  0.000E+00  0.000E+00  0.000E+00  0.000E+00  0.000E+00  0.000E+00  0.000E+00  0.000E+00  0.000E+00  0.000E+00
  0.000E+00  0.000E+00  0.000E+00  0.000E+00  0.000E+00  0.000E+00  0.000E+00  0.000E+00  0.000E+00  0.000E+00
  0.000E+00  0.000E+00  0.000E+00  0.000E+00  0.000E+00  0.000E+00  0.000E+00  0.000E+00  0.000E+00  0.000E+00
  0.000E+00  0.000E+00  0.000E+00  0.000E+00  0.000E+00  0.000E+00  0.000E+00  0.000E+00  0.000E+00  0.000E+00
  0.000E+00  0.000E+00  0.000E+00  0.000E+00  0.000E+00  1.000E+00  0.000E+00  0.000E+00  0.000E+00  0.000E+00
  0.000E+00  0.000E+00  0.000E+00  0.000E+00  0.000E+00  1.000E+00  0.000E+00  0.000E+00  0.000E+00  0.000E+00
  0.000E+00  0.000E+00  0.000E+00  0.000E+00  0.000E+00  0.000E+00  0.000E+00  0.000E+00  0.000E+00  0.000E+00
  0.000E+00  0.000E+00  0.000E+00  0.000E+00  0.000E+00  0.000E+00  0.000E+00  0.000E+00  0.000E+00  0.000E+00
  0.000E+00  0.000E+00  0.000E+00  0.000E+00  0.000E+00  0.000E+00  0.000E+00  0.000E+00  0.000E+00  0.000E+00
  0.000E+00  0.000E+00  0.000E+00  0.000E+00  0.000E+00  0.000E+00  0.000E+00  0.000E+00  0.000E+00  0.000E+00
  0.000E+00  0.000E+00  0.000E+00  0.000E+00  0.000E+00  0.000E+00  0.000E+00  0.000E+00  0.000E+00  0.000E+00
  0.000E+00  0.000E+00  0.000E+00  0.000E+00  0.000E+00  0.000E+00  0.000E+00  0.000E+00  0.000E+00  0.000E+00
  0.000E+00  0.000E+00  0.000E+00  0.000E+00  0.000E+00  0.000E+00  0.000E+00  0.000E+00  0.000E+00  0.000E+00
  0.000E+00  0.000E+00  0.000E+00  0.000E+00  0.000E+00  0.000E+00  0.000E+00  0.000E+00  0.000E+00  0.000E+00
  0.000E+00  0.000E+00  0.000E+00  0.000E+00  1.000E+00  0.000E+00  0.000E+00  0.000E+00  1.000E+00  0.000E+00
  1.000E+00  0.000E+00  0.000E+00  0.000E+00  0.000E+00  0.000E+00  0.000E+00  1.000E+00  1.000E+00  0.000E+00
  0.000E+00  0.000E+00  0.000E+00  0.000E+00  0.000E+00  0.000E+00  0.000E+00  0.000E+00  0.000E+00  0.000E+00
  0.000E+00  0.000E+00  0.000E+00  0.000E+00  0.000E+00  0.000E+00  0.000E+00  0.000E+00  0.000E+00  0.000E+00
  0.000E+00  0.000E+00  0.000E+00  0.000E+00  0.000E+00  0.000E+00  0.000E+00  0.000E+00  0.000E+00  0.000E+00
  0.000E+00  0.000E+00  0.000E+00  0.000E+00  0.000E+00  0.000E+00  0.000E+00  0.000E+00  0.000E+00  0.000E+00
  0.000E+00  0.000E+00  0.000E+00  0.000E+00  0.000E+00  0.000E+00  0.000E+00  0.000E+00  0.000E+00  0.000E+00
  0.000E+00  0.000E+00  0.000E+00  0.000E+00  0.000E+00  0.000E+00  0.000E+00  0.000E+00  0.000E+00  0.000E+00
  0.000E+00  0.000E+00  0.000E+00  0.000E+00  0.000E+00  0.000E+00  0.000E+00  0.000E+00  0.000E+00  0.000E+00
  0.000E+00  0.000E+00  1.000E+00  0.000E+00  0.000E+00  0.000E+00  0.000E+00  0.000E+00  1.000E+00  0.000E+00
  0.000E+00  0.000E+00  0.000E+00  0.000E+00  0.000E+00  0.000E+00  0.000E+00  0.000E+00  0.000E+00  0.000E+00
  0.000E+00  0.000E+00  0.000E+00  1.000E+00  0.000E+00  0.000E+00  0.000E+00  0.000E+00  0.000E+00  0.000E+00
  1.000E+00  0.000E+00  0.000E+00  0.000E+00  0.000E+00  0.000E+00  0.000E+00  0.000E+00  0.000E+00  0.000E+00
  0.000E+00  0.000E+00  0.000E+00  0.000E+00  0.000E+00  0.000E+00  0.000E+00  0.000E+00  0.000E+00  0.000E+00
  0.000E+00  0.000E+00  0.000E+00  0.000E+00  0.000E+00  0.000E+00  0.000E+00  0.000E+00  0.000E+00  0.000E+00
  0.000E+00  0.000E+00  0.000E+00  0.000E+00  0.000E+00  0.000E+00  0.000E+00  0.000E+00  0.000E+00  0.000E+00
  0.000E+00  0.000E+00  0.000E+00  0.000E+00  0.000E+00  0.000E+00  0.000E+00  0.000E+00  0.000E+00  0.000E+00
  0.000E+00  0.000E+00  0.000E+00  0.000E+00  0.000E+00  0.000E+00  0.000E+00  0.000E+00  0.000E+00  0.000E+00
  0.000E+00  0.000E+00  1.000E+00  0.000E+00  0.000E+00  1.000E+00  0.000E+00  0.000E+00  0.000E+00  0.000E+00
  0.000E+00  0.000E+00  0.000E+00  0.000E+00  1.000E+00  1.000E+00  0.000E+00  0.000E+00  0.000E+00  0.000E+00
  0.000E+00  1.000E+00  0.000E+00  0.000E+00  0.000E+00  0.000E+00  0.000E+00  0.000E+00  0.000E+00  0.000E+00
  0.000E+00  0.000E+00  0.000E+00  0.000E+00  0.000E+00  0.000E+00  0.000E+00  0.000E+00  0.000E+00  0.000E+00
  0.000E+00  0.000E+00  0.000E+00  0.000E+00  0.000E+00  0.000E+00  0.000E+00  0.000E+00  0.000E+00  0.000E+00
  0.000E+00  0.000E+00  0.000E+00  0.000E+00  0.000E+00  0.000E+00  0.000E+00  0.000E+00  0.000E+00  0.000E+00
  0.000E+00  0.000E+00  0.000E+00  0.000E+00  0.000E+00  0.000E+00  0.000E+00  0.000E+00  0.000E+00  0.000E+00
  0.000E+00  0.000E+00  0.000E+00  0.000E+00  0.000E+00  0.000E+00  0.000E+00  0.000E+00  0.000E+00  0.000E+00
  0.000E+00  0.000E+00  0.000E+00  0.000E+00  0.000E+00  0.000E+00  0.000E+00  0.000E+00  0.000E+00  0.000E+00
  0.000E+00  0.000E+00  1.000E+00  0.000E+00  0.000E+00  0.000E+00  0.000E+00  0.000E+00  0.000E+00  0.000E+00
  0.000E+00  0.000E+00  0.000E+00  0.000E+00  1.000E+00  0.000E+00  0.000E+00  0.000E+00  0.000E+00  0.000E+00
  0.000E+00  1.000E+00  0.000E+00  0.000E+00  0.000E+00  0.000E+00  0.000E+00  1.000E+00  0.000E+00  0.000E+00
  0.000E+00  0.000E+00  0.000E+00  0.000E+00  0.000E+00  0.000E+00  0.000E+00  0.000E+00  0.000E+00  0.000E+00
  0.000E+00  0.000E+00  0.000E+00  0.000E+00  0.000E+00  0.000E+00  0.000E+00  0.000E+00  0.000E+00  0.000E+00
  0.000E+00  0.000E+00  0.000E+00  0.000E+00  0.000E+00  0.000E+00  0.000E+00  0.000E+00  0.000E+00  0.000E+00
  0.000E+00  0.000E+00  0.000E+00  0.000E+00  0.000E+00  0.000E+00  0.000E+00  0.000E+00  0.000E+00  0.000E+00
  0.000E+00  0.000E+00  0.000E+00  0.000E+00  0.000E+00  0.000E+00  0.000E+00  0.000E+00  0.000E+00  0.000E+00
  0.000E+00  0.000E+00  0.000E+00  0.000E+00  0.000E+00  0.000E+00  0.000E+00  0.000E+00  0.000E+00  0.000E+00
  0.000E+00  0.000E+00  0.000E+00  0.000E+00  0.000E+00  0.000E+00  0.000E+00  0.000E+00  0.000E+00  0.000E+00
  0.000E+00  1.000E+00  1.000E+00  0.000E+00  0.000E+00  0.000E+00  1.000E+00  0.000E+00  0.000E+00  0.000E+00
  0.000E+00  0.000E+00  0.000E+00  0.000E+00  0.000E+00  0.000E+00  0.000E+00  0.000E+00  0.000E+00  0.000E+00
  0.000E+00  0.000E+00  0.000E+00  0.000E+00  0.000E+00  0.000E+00  0.000E+00  0.000E+00  0.000E+00  0.000E+00
  0.000E+00  0.000E+00  0.000E+00  0.000E+00  0.000E+00  0.000E+00  0.000E+00  0.000E+00  0.000E+00  0.000E+00
  0.000E+00  0.000E+00  0.000E+00  0.000E+00  0.000E+00  0.000E+00  0.000E+00  0.000E+00  0.000E+00  0.000E+00
  0.000E+00  0.000E+00  0.000E+00  0.000E+00  0.000E+00  0.000E+00  0.000E+00  0.000E+00  0.000E+00  0.000E+00
  0.000E+00  0.000E+00  0.000E+00  0.000E+00  0.000E+00  0.000E+00  0.000E+00  0.000E+00  0.000E+00  0.000E+00
  0.000E+00  0.000E+00  0.000E+00  0.000E+00  0.000E+00  0.000E+00  0.000E+00  0.000E+00  0.000E+00  0.000E+00
  0.000E+00  0.000E+00  0.000E+00  0.000E+00  0.000E+00  0.000E+00  0.000E+00  0.000E+00  0.000E+00  0.000E+00
  0.000E+00  0.000E+00  0.000E+00  0.000E+00  0.000E+00  0.000E+00  0.000E+00  0.000E+00  0.000E+00  0.000E+00
  0.000E+00  0.000E+00  0.000E+00  0.000E+00  0.000E+00  0.000E+00  1.000E+00  0.000E+00  0.000E+00  0.000E+00
  0.000E+00  0.000E+00  0.000E+00  0.000E+00  0.000E+00  0.000E+00  0.000E+00  0.000E+00  0.000E+00  0.000E+00
  0.000E+00  0.000E+00  0.000E+00  0.000E+00  0.000E+00  0.000E+00  0.000E+00  0.000E+00  0.000E+00  0.000E+00
  0.000E+00  0.000E+00  0.000E+00  0.000E+00  0.000E+00  0.000E+00  0.000E+00  0.000E+00  0.000E+00  0.000E+00
  0.000E+00  0.000E+00  0.000E+00  0.000E+00  0.000E+00  0.000E+00  0.000E+00  0.000E+00  0.000E+00  0.000E+00
  0.000E+00  0.000E+00  0.000E+00  0.000E+00  0.000E+00  0.000E+00  0.000E+00  0.000E+00  0.000E+00  0.000E+00
  0.000E+00  0.000E+00  0.000E+00  0.000E+00  0.000E+00  0.000E+00  0.000E+00  0.000E+00  0.000E+00  0.000E+00
  0.000E+00  0.000E+00  0.000E+00  0.000E+00  0.000E+00  0.000E+00  1.000E+00  0.000E+00  0.000E+00  0.000E+00
  0.000E+00  0.000E+00  0.000E+00  0.000E+00  0.000E+00  0.000E+00  0.000E+00  0.000E+00  0.000E+00  0.000E+00
  0.000E+00  0.000E+00  0.000E+00  0.000E+00  0.000E+00  0.000E+00  0.000E+00  0.000E+00  0.000E+00  0.000E+00
  0.000E+00  0.000E+00  0.000E+00  0.000E+00  0.000E+00  0.000E+00  0.000E+00  0.000E+00  0.000E+00  0.000E+00
  0.000E+00  0.000E+00  0.000E+00  0.000E+00  0.000E+00  0.000E+00  0.000E+00  0.000E+00  0.000E+00  0.000E+00
  0.000E+00  0.000E+00  0.000E+00  0.000E+00  0.000E+00  0.000E+00  0.000E+00  0.000E+00  0.000E+00  0.000E+00
  0.000E+00  0.000E+00  0.000E+00  0.000E+00  0.000E+00  0.000E+00  0.000E+00  0.000E+00  0.000E+00  0.000E+00
  0.000E+00  0.000E+00  0.000E+00  0.000E+00  0.000E+00  0.000E+00  0.000E+00  0.000E+00  0.000E+00  0.000E+00
  0.000E+00  0.000E+00  0.000E+00  0.000E+00  0.000E+00  0.000E+00  0.000E+00  0.000E+00  0.000E+00  0.000E+00
  0.000E+00  0.000E+00  0.000E+00  0.000E+00  0.000E+00  0.000E+00  0.000E+00  0.000E+00  0.000E+00  0.000E+00
  0.000E+00  0.000E+00  0.000E+00  0.000E+00  0.000E+00  0.000E+00  0.000E+00  0.000E+00  0.000E+00  0.000E+00
  0.000E+00  0.000E+00  0.000E+00  0.000E+00  0.000E+00  0.000E+00  0.000E+00  0.000E+00  0.000E+00  0.000E+00
  0.000E+00  0.000E+00  0.000E+00  0.000E+00  0.000E+00  0.000E+00  0.000E+00  0.000E+00  0.000E+00  0.000E+00
  0.000E+00  0.000E+00  0.000E+00  0.000E+00  0.000E+00  0.000E+00  0.000E+00  0.000E+00  0.000E+00  0.000E+00
  0.000E+00  0.000E+00  0.000E+00  0.000E+00  0.000E+00  0.000E+00  0.000E+00  0.000E+00  0.000E+00  0.000E+00
  0.000E+00  0.000E+00  0.000E+00  0.000E+00  0.000E+00  0.000E+00  0.000E+00  0.000E+00  0.000E+00  0.000E+00
  0.000E+00  0.000E+00  0.000E+00  0.000E+00  0.000E+00  0.000E+00  0.000E+00  0.000E+00  0.000E+00  0.000E+00
  0.000E+00  0.000E+00  0.000E+00  0.000E+00  0.000E+00  0.000E+00  0.000E+00  0.000E+00  0.000E+00  0.000E+00
  0.000E+00  0.000E+00  0.000E+00  0.000E+00  0.000E+00  0.000E+00  0.000E+00  0.000E+00  0.000E+00  0.000E+00
  0.000E+00  0.000E+00  0.000E+00  0.000E+00  0.000E+00  0.000E+00  0.000E+00  0.000E+00  0.000E+00  0.000E+00
  0.000E+00  0.000E+00  0.000E+00  0.000E+00  0.000E+00  0.000E+00  0.000E+00  0.000E+00  0.000E+00  0.000E+00
  0.000E+00  0.000E+00  0.000E+00  0.000E+00  0.000E+00  0.000E+00  0.000E+00  0.000E+00  0.000E+00  0.000E+00
  0.000E+00  0.000E+00  0.000E+00  0.000E+00  0.000E+00  0.000E+00  0.000E+00  0.000E+00  0.000E+00  0.000E+00
  0.000E+00  0.000E+00  0.000E+00  0.000E+00  0.000E+00  0.000E+00  0.000E+00  0.000E+00  0.000E+00  0.000E+00
  0.000E+00  0.000E+00  0.000E+00  0.000E+00  0.000E+00  0.000E+00  0.000E+00  0.000E+00  0.000E+00  0.000E+00
  0.000E+00  0.000E+00  0.000E+00  0.000E+00  0.000E+00  0.000E+00  0.000E+00  0.000E+00  0.000E+00  0.000E+00
  0.000E+00  0.000E+00  0.000E+00  0.000E+00  0.000E+00  0.000E+00  0.000E+00  0.000E+00  0.000E+00  0.000E+00
  0.000E+00  0.000E+00  0.000E+00  0.000E+00  0.000E+00  0.000E+00  0.000E+00  0.000E+00  0.000E+00  0.000E+00
  0.000E+00  0.000E+00  0.000E+00  0.000E+00  0.000E+00  0.000E+00  0.000E+00  0.000E+00  0.000E+00  0.000E+00
  0.000E+00  0.000E+00  0.000E+00  0.000E+00  0.000E+00  0.000E+00  0.000E+00  0.000E+00  1.000E+00  0.000E+00
  0.000E+00  0.000E+00  0.000E+00  0.000E+00  0.000E+00  0.000E+00  0.000E+00  0.000E+00  0.000E+00  0.000E+00
  0.000E+00  0.000E+00  0.000E+00  0.000E+00  0.000E+00  0.000E+00  0.000E+00  0.000E+00  0.000E+00  0.000E+00
  0.000E+00  0.000E+00  0.000E+00  0.000E+00  0.000E+00  0.000E+00  0.000E+00  0.000E+00  0.000E+00  0.000E+00
  0.000E+00  0.000E+00  0.000E+00  0.000E+00  0.000E+00  0.000E+00  0.000E+00  0.000E+00  0.000E+00  0.000E+00
  0.000E+00  0.000E+00  0.000E+00  0.000E+00  0.000E+00  0.000E+00  0.000E+00  0.000E+00  0.000E+00  0.000E+00
  0.000E+00  0.000E+00  0.000E+00  0.000E+00  0.000E+00  0.000E+00  0.000E+00  0.000E+00  0.000E+00  0.000E+00
  0.000E+00  0.000E+00  0.000E+00  0.000E+00  0.000E+00  0.000E+00  0.000E+00  0.000E+00  0.000E+00  0.000E+00
  0.000E+00  0.000E+00  0.000E+00  0.000E+00  0.000E+00  0.000E+00  0.000E+00  0.000E+00  1.000E+00  0.000E+00
  0.000E+00  0.000E+00  0.000E+00  0.000E+00  0.000E+00  0.000E+00  0.000E+00  1.000E+00  0.000E+00  0.000E+00
  0.000E+00  0.000E+00  0.000E+00  0.000E+00  0.000E+00  0.000E+00  0.000E+00  0.000E+00  0.000E+00  0.000E+00
  0.000E+00  0.000E+00  0.000E+00  0.000E+00  0.000E+00  0.000E+00  0.000E+00  0.000E+00  0.000E+00  0.000E+00
  0.000E+00  0.000E+00  0.000E+00  0.000E+00  0.000E+00  0.000E+00  0.000E+00  0.000E+00  0.000E+00  0.000E+00
  0.000E+00  0.000E+00  0.000E+00  0.000E+00  0.000E+00  0.000E+00  0.000E+00  0.000E+00  0.000E+00  0.000E+00
  0.000E+00  0.000E+00  0.000E+00  0.000E+00  0.000E+00  0.000E+00  0.000E+00  0.000E+00  0.000E+00  0.000E+00
  0.000E+00  0.000E+00  0.000E+00  0.000E+00  0.000E+00  0.000E+00  0.000E+00  0.000E+00  0.000E+00  1.000E+00
  0.000E+00  0.000E+00  0.000E+00  0.000E+00  0.000E+00  0.000E+00  0.000E+00  0.000E+00  0.000E+00  0.000E+00
  0.000E+00  0.000E+00  0.000E+00  0.000E+00  0.000E+00  0.000E+00  0.000E+00  0.000E+00  0.000E+00  1.000E+00
  0.000E+00  1.000E+00  0.000E+00  0.000E+00  0.000E+00  0.000E+00  0.000E+00  0.000E+00  0.000E+00  0.000E+00
  0.000E+00  0.000E+00  0.000E+00  0.000E+00  0.000E+00  0.000E+00  0.000E+00  0.000E+00  0.000E+00  0.000E+00
  0.000E+00  0.000E+00  0.000E+00  0.000E+00  0.000E+00  0.000E+00  0.000E+00  0.000E+00  0.000E+00  0.000E+00
  0.000E+00  0.000E+00  0.000E+00  0.000E+00  0.000E+00  0.000E+00  0.000E+00  0.000E+00  0.000E+00  0.000E+00
  0.000E+00  0.000E+00  0.000E+00  0.000E+00  0.000E+00  0.000E+00  0.000E+00  0.000E+00  0.000E+00  0.000E+00
  0.000E+00  0.000E+00  0.000E+00  0.000E+00  0.000E+00  0.000E+00  0.000E+00  0.000E+00  0.000E+00  0.000E+00
  0.000E+00  0.000E+00  0.000E+00  0.000E+00  0.000E+00  0.000E+00  0.000E+00  0.000E+00  0.000E+00  0.000E+00
  0.000E+00  0.000E+00  0.000E+00  0.000E+00  0.000E+00  0.000E+00  0.000E+00  0.000E+00  0.000E+00  0.000E+00
  0.000E+00  0.000E+00  0.000E+00  0.000E+00  0.000E+00  0.000E+00  0.000E+00  0.000E+00  0.000E+00  0.000E+00
  0.000E+00  0.000E+00  0.000E+00  0.000E+00  0.000E+00  0.000E+00  0.000E+00  0.000E+00  0.000E+00  0.000E+00
  0.000E+00  0.000E+00  0.000E+00  0.000E+00  0.000E+00  0.000E+00  0.000E+00  0.000E+00  0.000E+00  0.000E+00
  0.000E+00  0.000E+00  0.000E+00  0.000E+00  0.000E+00  0.000E+00  0.000E+00  0.000E+00  0.000E+00  0.000E+00
  0.000E+00  0.000E+00  0.000E+00  0.000E+00  0.000E+00  0.000E+00  0.000E+00  0.000E+00  0.000E+00  0.000E+00
  0.000E+00  0.000E+00  0.000E+00  0.000E+00  0.000E+00  0.000E+00  0.000E+00  0.000E+00  0.000E+00  0.000E+00
  0.000E+00  0.000E+00  0.000E+00  0.000E+00  0.000E+00  0.000E+00  0.000E+00  0.000E+00  0.000E+00  0.000E+00
  0.000E+00  0.000E+00  0.000E+00  0.000E+00  0.000E+00  0.000E+00  0.000E+00  0.000E+00  0.000E+00  0.000E+00
  0.000E+00  0.000E+00  0.000E+00  0.000E+00  0.000E+00  0.000E+00  0.000E+00  0.000E+00  0.000E+00  0.000E+00
  0.000E+00  0.000E+00  0.000E+00  0.000E+00  0.000E+00  0.000E+00  0.000E+00  0.000E+00  0.000E+00  0.000E+00
  0.000E+00  0.000E+00  0.000E+00  0.000E+00  0.000E+00  0.000E+00  0.000E+00  0.000E+00  0.000E+00  0.000E+00
  0.000E+00  0.000E+00  0.000E+00  0.000E+00  0.000E+00  0.000E+00  0.000E+00  0.000E+00  0.000E+00  0.000E+00
  0.000E+00  0.000E+00  0.000E+00  0.000E+00  0.000E+00  0.000E+00  0.000E+00  0.000E+00  0.000E+00  0.000E+00
  0.000E+00  0.000E+00  0.000E+00  0.000E+00  0.000E+00  0.000E+00  0.000E+00  0.000E+00  0.000E+00  0.000E+00
  0.000E+00  0.000E+00  0.000E+00  0.000E+00  0.000E+00  0.000E+00  0.000E+00  0.000E+00  0.000E+00  0.000E+00
  0.000E+00  0.000E+00  0.000E+00  0.000E+00  0.000E+00  0.000E+00  0.000E+00  0.000E+00  0.000E+00  0.000E+00
  0.000E+00  0.000E+00  0.000E+00  0.000E+00  0.000E+00  0.000E+00  0.000E+00  0.000E+00  0.000E+00  0.000E+00
  0.000E+00  0.000E+00  0.000E+00  0.000E+00  0.000E+00  0.000E+00  0.000E+00  0.000E+00  0.000E+00  0.000E+00
  0.000E+00  0.000E+00  0.000E+00  0.000E+00  0.000E+00  0.000E+00  0.000E+00  0.000E+00  0.000E+00  0.000E+00
  0.000E+00  0.000E+00  0.000E+00  0.000E+00  0.000E+00  0.000E+00  0.000E+00  0.000E+00  0.000E+00  0.000E+00
  0.000E+00  0.000E+00  0.000E+00  0.000E+00  0.000E+00  0.000E+00  0.000E+00  0.000E+00  0.000E+00  0.000E+00
  0.000E+00  0.000E+00  0.000E+00  0.000E+00  0.000E+00  0.000E+00  0.000E+00  0.000E+00  0.000E+00  0.000E+00
  0.000E+00  0.000E+00  0.000E+00  0.000E+00  0.000E+00  0.000E+00  0.000E+00  0.000E+00  0.000E+00  0.000E+00
  0.000E+00  0.000E+00  0.000E+00  0.000E+00  0.000E+00  0.000E+00  0.000E+00  0.000E+00  0.000E+00  0.000E+00
  0.000E+00  0.000E+00  0.000E+00  0.000E+00  0.000E+00  0.000E+00  0.000E+00  0.000E+00  0.000E+00  0.000E+00
  0.000E+00  0.000E+00  0.000E+00  0.000E+00  0.000E+00  0.000E+00  0.000E+00  0.000E+00  0.000E+00  0.000E+00
  0.000E+00  0.000E+00  0.000E+00  0.000E+00  0.000E+00  0.000E+00  0.000E+00  0.000E+00  0.000E+00  1.000E+00
  0.000E+00  0.000E+00  0.000E+00  0.000E+00  0.000E+00  0.000E+00  0.000E+00  0.000E+00  0.000E+00  0.000E+00
  0.000E+00  0.000E+00  0.000E+00  0.000E+00  0.000E+00  0.000E+00  0.000E+00  0.000E+00  0.000E+00  0.000E+00
  0.000E+00  0.000E+00  0.000E+00  0.000E+00  0.000E+00  0.000E+00  0.000E+00  0.000E+00  0.000E+00  0.000E+00
  0.000E+00  0.000E+00  0.000E+00  0.000E+00  0.000E+00  0.000E+00  0.000E+00  0.000E+00  0.000E+00  0.000E+00
  0.000E+00  0.000E+00  0.000E+00  0.000E+00  0.000E+00  0.000E+00  0.000E+00  0.000E+00  0.000E+00  0.000E+00
  0.000E+00  0.000E+00  0.000E+00  0.000E+00  0.000E+00  0.000E+00  0.000E+00  0.000E+00  0.000E+00  0.000E+00
  0.000E+00  0.000E+00  0.000E+00  0.000E+00  0.000E+00  0.000E+00  0.000E+00  0.000E+00  0.000E+00  0.000E+00
  0.000E+00  1.000E+00  0.000E+00  0.000E+00  0.000E+00  0.000E+00  0.000E+00  0.000E+00  0.000E+00  0.000E+00
  0.000E+00  0.000E+00  0.000E+00  0.000E+00  0.000E+00  0.000E+00  0.000E+00  0.000E+00  0.000E+00  0.000E+00
  0.000E+00  0.000E+00  0.000E+00  0.000E+00  0.000E+00  0.000E+00  0.000E+00  0.000E+00  0.000E+00  0.000E+00
  0.000E+00  0.000E+00  0.000E+00  0.000E+00  0.000E+00  0.000E+00  0.000E+00  0.000E+00  0.000E+00  0.000E+00
  0.000E+00  0.000E+00  0.000E+00  0.000E+00  0.000E+00  0.000E+00  0.000E+00  0.000E+00  0.000E+00  0.000E+00
  0.000E+00  0.000E+00  0.000E+00  0.000E+00  0.000E+00  0.000E+00  0.000E+00  0.000E+00  0.000E+00  0.000E+00
  0.000E+00  0.000E+00  0.000E+00  0.000E+00  0.000E+00  0.000E+00  0.000E+00  0.000E+00  0.000E+00  0.000E+00
  0.000E+00  0.000E+00  0.000E+00  0.000E+00  0.000E+00  0.000E+00  0.000E+00  0.000E+00  0.000E+00  0.000E+00
  0.000E+00  0.000E+00  0.000E+00  0.000E+00  0.000E+00  0.000E+00  0.000E+00  0.000E+00  0.000E+00  0.000E+00
  0.000E+00  0.000E+00  0.000E+00  0.000E+00  0.000E+00  0.000E+00  0.000E+00  0.000E+00  0.000E+00  0.000E+00
  0.000E+00  0.000E+00  0.000E+00  0.000E+00  0.000E+00  0.000E+00  0.000E+00  0.000E+00  0.000E+00  0.000E+00
  0.000E+00  0.000E+00  0.000E+00  0.000E+00  0.000E+00  0.000E+00  0.000E+00  0.000E+00  0.000E+00  0.000E+00
  0.000E+00  0.000E+00  0.000E+00  0.000E+00  0.000E+00  0.000E+00  0.000E+00  0.000E+00  0.000E+00  0.000E+00
  0.000E+00  0.000E+00  0.000E+00  0.000E+00  0.000E+00  0.000E+00  0.000E+00  0.000E+00  0.000E+00  0.000E+00
  0.000E+00  0.000E+00  0.000E+00  0.000E+00  0.000E+00  0.000E+00  0.000E+00  0.000E+00  0.000E+00  0.000E+00
  0.000E+00  0.000E+00  0.000E+00  0.000E+00  0.000E+00  0.000E+00  0.000E+00  0.000E+00  0.000E+00  0.000E+00
  0.000E+00  0.000E+00  0.000E+00  0.000E+00  0.000E+00  0.000E+00  0.000E+00  0.000E+00  0.000E+00  0.000E+00
  0.000E+00  0.000E+00  0.000E+00  0.000E+00  0.000E+00  0.000E+00  0.000E+00  0.000E+00  0.000E+00  0.000E+00
  0.000E+00  0.000E+00  0.000E+00  0.000E+00  0.000E+00  0.000E+00  0.000E+00  0.000E+00  0.000E+00  0.000E+00
  0.000E+00  0.000E+00  0.000E+00  0.000E+00  0.000E+00  1.000E+00  0.000E+00  0.000E+00  0.000E+00  0.000E+00
  0.000E+00  0.000E+00  0.000E+00  0.000E+00  0.000E+00  0.000E+00  0.000E+00  0.000E+00  0.000E+00  0.000E+00
  0.000E+00  0.000E+00  0.000E+00  0.000E+00  0.000E+00  0.000E+00  0.000E+00  0.000E+00  0.000E+00  0.000E+00
  0.000E+00  0.000E+00  0.000E+00  0.000E+00  0.000E+00  0.000E+00  0.000E+00  0.000E+00  0.000E+00  0.000E+00
  0.000E+00  0.000E+00  0.000E+00  0.000E+00  0.000E+00  0.000E+00  0.000E+00  0.000E+00  0.000E+00  0.000E+00
  0.000E+00  0.000E+00  0.000E+00  0.000E+00  0.000E+00  0.000E+00  0.000E+00  0.000E+00  0.000E+00  0.000E+00
  0.000E+00  0.000E+00  0.000E+00  0.000E+00  0.000E+00  0.000E+00  0.000E+00  0.000E+00  0.000E+00  0.000E+00
  0.000E+00  0.000E+00  0.000E+00  0.000E+00  0.000E+00  0.000E+00  0.000E+00  0.000E+00  0.000E+00  0.000E+00

#------------------------------------------------------------------------------
# gshow
#------------------------------------------------------------------------------

p: legs[c5*0.875]

hb:   line clip z  
frame:
  0.0000000E+00 -4.2000000E+00
  8.4000000E+00 -4.2000000E+00
  8.4000000E+00  4.2000000E+00
  0.0000000E+00  4.2000000E+00
clip:
 -9.230768E-02 -4.364706E+00
  0.000000E+00 -4.364706E+00
  0.000000E+00 -4.272398E+00
  0.000000E+00 -4.190118E+00
  0.000000E+00 -4.097810E+00
  0.000000E+00 -4.015529E+00
  0.000000E+00 -3.923222E+00
  0.000000E+00 -3.840941E+00
  0.000000E+00 -3.748633E+00
  0.000000E+00 -3.666353E+00
  0.000000E+00 -3.574045E+00
  0.000000E+00 -3.491765E+00
  0.000000E+00 -3.399457E+00
  0.000000E+00 -3.317176E+00
  0.000000E+00 -3.224869E+00
  0.000000E+00 -3.142588E+00
  0.000000E+00 -3.050281E+00
  0.000000E+00 -2.968000E+00
  0.000000E+00 -2.875692E+00
  0.000000E+00 -2.793412E+00
  0.000000E+00 -2.701104E+00
  0.000000E+00 -2.618824E+00
  0.000000E+00 -2.526516E+00
  0.000000E+00 -2.444235E+00
  0.000000E+00 -2.351928E+00
  0.000000E+00 -2.269647E+00
  0.000000E+00 -2.177339E+00
  0.000000E+00 -2.095059E+00
  0.000000E+00 -2.002751E+00
  0.000000E+00 -1.920471E+00
  0.000000E+00 -1.828163E+00
  0.000000E+00 -1.745882E+00
  0.000000E+00 -1.653575E+00
  0.000000E+00 -1.571294E+00
  0.000000E+00 -1.478986E+00
  0.000000E+00 -1.396706E+00
  0.000000E+00 -1.304398E+00
  0.000000E+00 -1.222118E+00
  0.000000E+00 -1.129810E+00
  0.000000E+00 -1.047529E+00
  0.000000E+00 -9.552217E-01
  0.000000E+00 -8.729412E-01
  0.000000E+00 -7.806335E-01
  0.000000E+00 -6.983529E-01
  0.000000E+00 -6.060452E-01
  0.000000E+00 -5.237647E-01
  0.000000E+00 -4.314570E-01
  0.000000E+00 -3.491764E-01
  0.000000E+00 -2.568688E-01
  0.000000E+00 -1.745882E-01
  0.000000E+00 -8.228053E-02
  0.000000E+00  2.345679E-08
  0.000000E+00  9.230770E-02
  0.000000E+00  1.745883E-01
  0.000000E+00  2.668959E-01
  0.000000E+00  3.491765E-01
  0.000000E+00  4.414842E-01
  0.000000E+00  5.237647E-01
  0.000000E+00  6.160724E-01
  0.000000E+00  6.983530E-01
  0.000000E+00  7.906606E-01
  0.000000E+00  8.729412E-01
  0.000000E+00  9.652489E-01
  0.000000E+00  1.047529E+00
  0.000000E+00  1.139837E+00
  0.000000E+00  1.222118E+00
  0.000000E+00  1.314425E+00
  0.000000E+00  1.396706E+00
  0.000000E+00  1.489014E+00
  0.000000E+00  1.571294E+00
  0.000000E+00  1.663602E+00
  0.000000E+00  1.745882E+00
  0.000000E+00  1.838190E+00
  0.000000E+00  1.920471E+00
  0.000000E+00  2.012778E+00
  0.000000E+00  2.095059E+00
  0.000000E+00  2.187367E+00
  0.000000E+00  2.269647E+00
  0.000000E+00  2.361955E+00
  0.000000E+00  2.444235E+00
  0.000000E+00  2.536543E+00
  0.000000E+00  2.618824E+00
  0.000000E+00  2.711131E+00
  0.000000E+00  2.793412E+00
  0.000000E+00  2.885719E+00
  0.000000E+00  2.968000E+00
  0.000000E+00  3.060308E+00
  0.000000E+00  3.142588E+00
  0.000000E+00  3.234896E+00
  0.000000E+00  3.317176E+00
  0.000000E+00  3.409484E+00
  0.000000E+00  3.491765E+00
  0.000000E+00  3.584072E+00
  0.000000E+00  3.666353E+00
  0.000000E+00  3.758661E+00
  0.000000E+00  3.840941E+00
  0.000000E+00  3.933249E+00
  0.000000E+00  4.015529E+00
  0.000000E+00  4.107837E+00
  0.000000E+00  4.190118E+00
  0.000000E+00  4.282425E+00
  0.000000E+00  4.364706E+00
 -9.230768E-02  4.364706E+00
 -9.230768E-02  4.190118E+00
 -9.230768E-02  4.015529E+00
 -9.230768E-02  3.840941E+00
 -9.230768E-02  3.666353E+00
 -9.230768E-02  3.491765E+00
 -9.230768E-02  3.317176E+00
 -9.230768E-02  3.142588E+00
 -9.230768E-02  2.968000E+00
 -9.230768E-02  2.793412E+00
 -9.230768E-02  2.618824E+00
 -9.230768E-02  2.444235E+00
 -9.230768E-02  2.269647E+00
 -9.230768E-02  2.095059E+00
 -9.230768E-02  1.920471E+00
 -9.230768E-02  1.745882E+00
 -9.230768E-02  1.571294E+00
 -9.230768E-02  1.396706E+00
 -9.230768E-02  1.222118E+00
 -9.230768E-02  1.047529E+00
 -9.230768E-02  8.729412E-01
 -9.230768E-02  6.983530E-01
 -9.230768E-02  5.237647E-01
 -9.230768E-02  3.491765E-01
 -9.230768E-02  1.745883E-01
 -9.230768E-02  2.345679E-08
 -9.230768E-02 -1.745882E-01
 -9.230768E-02 -3.491764E-01
 -9.230768E-02 -5.237647E-01
 -9.230768E-02 -6.983529E-01
 -9.230768E-02 -8.729412E-01
 -9.230768E-02 -1.047529E+00
 -9.230768E-02 -1.222118E+00
 -9.230768E-02 -1.396706E+00
 -9.230768E-02 -1.571294E+00
 -9.230768E-02 -1.745882E+00
 -9.230768E-02 -1.920471E+00
 -9.230768E-02 -2.095059E+00
 -9.230768E-02 -2.269647E+00
 -9.230768E-02 -2.444235E+00
 -9.230768E-02 -2.618824E+00
 -9.230768E-02 -2.793412E+00
 -9.230768E-02 -2.968000E+00
 -9.230768E-02 -3.142588E+00
 -9.230768E-02 -3.317176E+00
 -9.230768E-02 -3.491765E+00
 -9.230768E-02 -3.666353E+00
 -9.230768E-02 -3.840941E+00
 -9.230768E-02 -4.015529E+00
 -9.230768E-02 -4.190118E+00
 -9.230768E-02 -4.364706E+00

hb:   line clip z  
frame:
  0.0000000E+00 -4.2000000E+00
  8.4000000E+00 -4.2000000E+00
  8.4000000E+00  4.2000000E+00
  0.0000000E+00  4.2000000E+00
clip:
  3.076935E-03 -4.364706E+00
  4.200000E+00 -4.364706E+00
  4.200000E+00 -4.269321E+00
  4.200000E+00 -4.190118E+00
  4.200000E+00 -4.094733E+00
  4.200000E+00 -4.015529E+00
  4.200000E+00 -3.920145E+00
  4.200000E+00 -3.840941E+00
  4.200000E+00 -3.745557E+00
  4.200000E+00 -3.666353E+00
  4.200000E+00 -3.570968E+00
  4.200000E+00 -3.491765E+00
  4.200000E+00 -3.396380E+00
  4.200000E+00 -3.317176E+00
  4.200000E+00 -3.221792E+00
  4.200000E+00 -3.142588E+00
  4.200000E+00 -3.047204E+00
  4.200000E+00 -2.968000E+00
  4.200000E+00 -2.872615E+00
  4.200000E+00 -2.793412E+00
  4.200000E+00 -2.698027E+00
  4.200000E+00 -2.618824E+00
  4.200000E+00 -2.523439E+00
  4.200000E+00 -2.444235E+00
  4.200000E+00 -2.348851E+00
  4.200000E+00 -2.269647E+00
  4.200000E+00 -2.174262E+00
  4.200000E+00 -2.095059E+00
  4.200000E+00 -1.999674E+00
  4.200000E+00 -1.920471E+00
  4.200000E+00 -1.825086E+00
  4.200000E+00 -1.745882E+00
  4.200000E+00 -1.650498E+00
  4.200000E+00 -1.571294E+00
  4.200000E+00 -1.475909E+00
  4.200000E+00 -1.396706E+00
  4.200000E+00 -1.301321E+00
  4.200000E+00 -1.222118E+00
  4.200000E+00 -1.126733E+00
  4.200000E+00 -1.047529E+00
  4.200000E+00 -9.521448E-01
  4.200000E+00 -8.729412E-01
  4.200000E+00 -7.775565E-01
  4.200000E+00 -6.983529E-01
  4.200000E+00 -6.029683E-01
  4.200000E+00 -5.237647E-01
  4.200000E+00 -4.283801E-01
  4.200000E+00 -3.491764E-01
  4.200000E+00 -2.537918E-01
  4.200000E+00 -1.745882E-01
  4.200000E+00 -7.920361E-02
  4.200000E+00  2.345679E-08
  4.200000E+00  9.538463E-02
  4.200000E+00  1.745883E-01
  4.200000E+00  2.699729E-01
  4.200000E+00  3.491765E-01
  4.200000E+00  4.445611E-01
  4.200000E+00  5.237647E-01
  4.200000E+00  6.191493E-01
  4.200000E+00  6.983530E-01
  4.200000E+00  7.937376E-01
  4.200000E+00  8.729412E-01
  4.200000E+00  9.683258E-01
  4.200000E+00  1.047529E+00
  4.200000E+00  1.142914E+00
  4.200000E+00  1.222118E+00
  4.200000E+00  1.317502E+00
  4.200000E+00  1.396706E+00
  4.200000E+00  1.492091E+00
  4.200000E+00  1.571294E+00
  4.200000E+00  1.666679E+00
  4.200000E+00  1.745882E+00
  4.200000E+00  1.841267E+00
  4.200000E+00  1.920471E+00
  4.200000E+00  2.015855E+00
  4.200000E+00  2.095059E+00
  4.200000E+00  2.190443E+00
  4.200000E+00  2.269647E+00
  4.200000E+00  2.365032E+00
  4.200000E+00  2.444235E+00
  4.200000E+00  2.539620E+00
  4.200000E+00  2.618824E+00
  4.200000E+00  2.714208E+00
  4.200000E+00  2.793412E+00
  4.200000E+00  2.888796E+00
  4.200000E+00  2.968000E+00
  4.200000E+00  3.063385E+00
  4.200000E+00  3.142588E+00
  4.200000E+00  3.237973E+00
  4.200000E+00  3.317176E+00
  4.200000E+00  3.412561E+00
  4.200000E+00  3.491765E+00
  4.200000E+00  3.587149E+00
  4.200000E+00  3.666353E+00
  4.200000E+00  3.761738E+00
  4.200000E+00  3.840941E+00
  4.200000E+00  3.936326E+00
  4.200000E+00  4.015529E+00
  4.200000E+00  4.110914E+00
  4.200000E+00  4.190118E+00
  4.200000E+00  4.285502E+00
  4.200000E+00  4.364706E+00
  4.104615E+00  4.364706E+00
  4.009231E+00  4.364706E+00
  3.913846E+00  4.364706E+00
  3.818462E+00  4.364706E+00
  3.723077E+00  4.364706E+00
  3.627692E+00  4.364706E+00
  3.532308E+00  4.364706E+00
  3.436923E+00  4.364706E+00
  3.341538E+00  4.364706E+00
  3.246154E+00  4.364706E+00
  3.150769E+00  4.364706E+00
  3.055385E+00  4.364706E+00
  2.960000E+00  4.364706E+00
  2.864615E+00  4.364706E+00
  2.769231E+00  4.364706E+00
  2.673846E+00  4.364706E+00
  2.578462E+00  4.364706E+00
  2.483077E+00  4.364706E+00
  2.387692E+00  4.364706E+00
  2.292308E+00  4.364706E+00
  2.196923E+00  4.364706E+00
  2.101538E+00  4.364706E+00
  2.006154E+00  4.364706E+00
  1.910769E+00  4.364706E+00
  1.815385E+00  4.364706E+00
  1.720000E+00  4.364706E+00
  1.624615E+00  4.364706E+00
  1.529231E+00  4.364706E+00
  1.433846E+00  4.364706E+00
  1.338462E+00  4.364706E+00
  1.243077E+00  4.364706E+00
  1.147692E+00  4.364706E+00
  1.052308E+00  4.364706E+00
  9.569231E-01  4.364706E+00
  8.615385E-01  4.364706E+00
  7.661539E-01  4.364706E+00
  6.707692E-01  4.364706E+00
  5.753846E-01  4.364706E+00
  4.800000E-01  4.364706E+00
  3.846154E-01  4.364706E+00
  2.892308E-01  4.364706E+00
  1.938462E-01  4.364706E+00
  9.846155E-02  4.364706E+00
  3.076935E-03  4.364706E+00
  0.000000E+00  4.364706E+00
  0.000000E+00  4.361629E+00
  0.000000E+00  4.190118E+00
  0.000000E+00  4.187041E+00
  0.000000E+00  4.015529E+00
  0.000000E+00  4.012452E+00
  0.000000E+00  3.840941E+00
  0.000000E+00  3.837864E+00
  0.000000E+00  3.666353E+00
  0.000000E+00  3.663276E+00
  0.000000E+00  3.491765E+00
  0.000000E+00  3.488688E+00
  0.000000E+00  3.317176E+00
  0.000000E+00  3.314100E+00
  0.000000E+00  3.142588E+00
  0.000000E+00  3.139511E+00
  0.000000E+00  2.968000E+00
  0.000000E+00  2.964923E+00
  0.000000E+00  2.793412E+00
  0.000000E+00  2.790335E+00
  0.000000E+00  2.618824E+00
  0.000000E+00  2.615747E+00
  0.000000E+00  2.444235E+00
  0.000000E+00  2.441158E+00
  0.000000E+00  2.269647E+00
  0.000000E+00  2.266570E+00
  0.000000E+00  2.095059E+00
  0.000000E+00  2.091982E+00
  0.000000E+00  1.920471E+00
  0.000000E+00  1.917394E+00
  0.000000E+00  1.745882E+00
  0.000000E+00  1.742805E+00
  0.000000E+00  1.571294E+00
  0.000000E+00  1.568217E+00
  0.000000E+00  1.396706E+00
  0.000000E+00  1.393629E+00
  0.000000E+00  1.222118E+00
  0.000000E+00  1.219041E+00
  0.000000E+00  1.047529E+00
  0.000000E+00  1.044452E+00
  0.000000E+00  8.729412E-01
  0.000000E+00  8.698643E-01
  0.000000E+00  6.983530E-01
  0.000000E+00  6.952760E-01
  0.000000E+00  5.237647E-01
  0.000000E+00  5.206878E-01
  0.000000E+00  3.491765E-01
  0.000000E+00  3.460996E-01
  0.000000E+00  1.745883E-01
  0.000000E+00  1.715113E-01
  0.000000E+00  2.345679E-08
  0.000000E+00 -3.076912E-03
  0.000000E+00 -1.745882E-01
  0.000000E+00 -1.776651E-01
  0.000000E+00 -3.491764E-01
  0.000000E+00 -3.522534E-01
  0.000000E+00 -5.237647E-01
  0.000000E+00 -5.268416E-01
  0.000000E+00 -6.983529E-01
  0.000000E+00 -7.014299E-01
  0.000000E+00 -8.729412E-01
  0.000000E+00 -8.760181E-01
  0.000000E+00 -1.047529E+00
  0.000000E+00 -1.050606E+00
  0.000000E+00 -1.222118E+00
  0.000000E+00 -1.225195E+00
  0.000000E+00 -1.396706E+00
  0.000000E+00 -1.399783E+00
  0.000000E+00 -1.571294E+00
  0.000000E+00 -1.574371E+00
  0.000000E+00 -1.745882E+00
  0.000000E+00 -1.748959E+00
  0.000000E+00 -1.920471E+00
  0.000000E+00 -1.923548E+00
  0.000000E+00 -2.095059E+00
  0.000000E+00 -2.098136E+00
  0.000000E+00 -2.269647E+00
  0.000000E+00 -2.272724E+00
  0.000000E+00 -2.444235E+00
  0.000000E+00 -2.447312E+00
  0.000000E+00 -2.618824E+00
  0.000000E+00 -2.621900E+00
  0.000000E+00 -2.793412E+00
  0.000000E+00 -2.796489E+00
  0.000000E+00 -2.968000E+00
  0.000000E+00 -2.971077E+00
  0.000000E+00 -3.142588E+00
  0.000000E+00 -3.145665E+00
  0.000000E+00 -3.317176E+00
  0.000000E+00 -3.320253E+00
  0.000000E+00 -3.491765E+00
  0.000000E+00 -3.494842E+00
  0.000000E+00 -3.666353E+00
  0.000000E+00 -3.669430E+00
  0.000000E+00 -3.840941E+00
  0.000000E+00 -3.844018E+00
  0.000000E+00 -4.015529E+00
  0.000000E+00 -4.018606E+00
  0.000000E+00 -4.190118E+00
  0.000000E+00 -4.193195E+00
  0.000000E+00 -4.364706E+00

hb:   line clip z  
frame:
  0.0000000E+00 -4.2000000E+00
  8.4000000E+00 -4.2000000E+00
  8.4000000E+00  4.2000000E+00
  0.0000000E+00  4.2000000E+00
clip:
  4.200000E+00 -4.364706E+00
  8.492308E+00 -4.364706E+00
  8.492308E+00 -4.190118E+00
  8.492308E+00 -4.015529E+00
  8.492308E+00 -3.840941E+00
  8.492308E+00 -3.666353E+00
  8.492308E+00 -3.491765E+00
  8.492308E+00 -3.317176E+00
  8.492308E+00 -3.142588E+00
  8.492308E+00 -2.968000E+00
  8.492308E+00 -2.793412E+00
  8.492308E+00 -2.618824E+00
  8.492308E+00 -2.444235E+00
  8.492308E+00 -2.269647E+00
  8.492308E+00 -2.095059E+00
  8.492308E+00 -1.920471E+00
  8.492308E+00 -1.745882E+00
  8.492308E+00 -1.571294E+00
  8.492308E+00 -1.396706E+00
  8.492308E+00 -1.222118E+00
  8.492308E+00 -1.047529E+00
  8.492308E+00 -8.729412E-01
  8.492308E+00 -6.983529E-01
  8.492308E+00 -5.237647E-01
  8.492308E+00 -3.491764E-01
  8.492308E+00 -1.745882E-01
  8.492308E+00  2.345679E-08
  8.492308E+00  1.745883E-01
  8.492308E+00  3.491765E-01
  8.492308E+00  5.237647E-01
  8.492308E+00  6.983530E-01
  8.492308E+00  8.729412E-01
  8.492308E+00  1.047529E+00
  8.492308E+00  1.222118E+00
  8.492308E+00  1.396706E+00
  8.492308E+00  1.571294E+00
  8.492308E+00  1.745882E+00
  8.492308E+00  1.920471E+00
  8.492308E+00  2.095059E+00
  8.492308E+00  2.269647E+00
  8.492308E+00  2.444235E+00
  8.492308E+00  2.618824E+00
  8.492308E+00  2.793412E+00
  8.492308E+00  2.968000E+00
  8.492308E+00  3.142588E+00
  8.492308E+00  3.317176E+00
  8.492308E+00  3.491765E+00
  8.492308E+00  3.666353E+00
  8.492308E+00  3.840941E+00
  8.492308E+00  4.015529E+00
  8.492308E+00  4.190118E+00
  8.492308E+00  4.364706E+00
  8.396923E+00  4.364706E+00
  8.301538E+00  4.364706E+00
  8.206154E+00  4.364706E+00
  8.110769E+00  4.364706E+00
  8.015385E+00  4.364706E+00
  7.920000E+00  4.364706E+00
  7.824615E+00  4.364706E+00
  7.729231E+00  4.364706E+00
  7.633846E+00  4.364706E+00
  7.538462E+00  4.364706E+00
  7.443077E+00  4.364706E+00
  7.347692E+00  4.364706E+00
  7.252308E+00  4.364706E+00
  7.156923E+00  4.364706E+00
  7.061538E+00  4.364706E+00
  6.966154E+00  4.364706E+00
  6.870769E+00  4.364706E+00
  6.775385E+00  4.364706E+00
  6.680000E+00  4.364706E+00
  6.584615E+00  4.364706E+00
  6.489231E+00  4.364706E+00
  6.393846E+00  4.364706E+00
  6.298462E+00  4.364706E+00
  6.203077E+00  4.364706E+00
  6.107692E+00  4.364706E+00
  6.012308E+00  4.364706E+00
  5.916923E+00  4.364706E+00
  5.821538E+00  4.364706E+00
  5.726154E+00  4.364706E+00
  5.630769E+00  4.364706E+00
  5.535385E+00  4.364706E+00
  5.440000E+00  4.364706E+00
  5.344615E+00  4.364706E+00
  5.249231E+00  4.364706E+00
  5.153846E+00  4.364706E+00
  5.058462E+00  4.364706E+00
  4.963077E+00  4.364706E+00
  4.867692E+00  4.364706E+00
  4.772308E+00  4.364706E+00
  4.676923E+00  4.364706E+00
  4.581538E+00  4.364706E+00
  4.486154E+00  4.364706E+00
  4.390769E+00  4.364706E+00
  4.295385E+00  4.364706E+00
  4.200000E+00  4.364706E+00
  4.200000E+00  4.190118E+00
  4.200000E+00  4.015529E+00
  4.200000E+00  3.840941E+00
  4.200000E+00  3.666353E+00
  4.200000E+00  3.491765E+00
  4.200000E+00  3.317176E+00
  4.200000E+00  3.142588E+00
  4.200000E+00  2.968000E+00
  4.200000E+00  2.793412E+00
  4.200000E+00  2.618824E+00
  4.200000E+00  2.444235E+00
  4.200000E+00  2.269647E+00
  4.200000E+00  2.095059E+00
  4.200000E+00  1.920471E+00
  4.200000E+00  1.745882E+00
  4.200000E+00  1.571294E+00
  4.200000E+00  1.396706E+00
  4.200000E+00  1.222118E+00
  4.200000E+00  1.047529E+00
  4.200000E+00  8.729412E-01
  4.200000E+00  6.983530E-01
  4.200000E+00  5.237647E-01
  4.200000E+00  3.491765E-01
  4.200000E+00  1.745883E-01
  4.200000E+00  2.345679E-08
  4.200000E+00 -1.745882E-01
  4.200000E+00 -3.491764E-01
  4.200000E+00 -5.237647E-01
  4.200000E+00 -6.983529E-01
  4.200000E+00 -8.729412E-01
  4.200000E+00 -1.047529E+00
  4.200000E+00 -1.222118E+00
  4.200000E+00 -1.396706E+00
  4.200000E+00 -1.571294E+00
  4.200000E+00 -1.745882E+00
  4.200000E+00 -1.920471E+00
  4.200000E+00 -2.095059E+00
  4.200000E+00 -2.269647E+00
  4.200000E+00 -2.444235E+00
  4.200000E+00 -2.618824E+00
  4.200000E+00 -2.793412E+00
  4.200000E+00 -2.968000E+00
  4.200000E+00 -3.142588E+00
  4.200000E+00 -3.317176E+00
  4.200000E+00 -3.491765E+00
  4.200000E+00 -3.666353E+00
  4.200000E+00 -3.840941E+00
  4.200000E+00 -4.015529E+00
  4.200000E+00 -4.190118E+00
  4.200000E+00 -4.364706E+00

#------------------------------------------------------------------------------
z: xorg(1.03)
p: xfac[c2*0.05] form[c1/0.05] notc noxt noyt dmin(1)
p: ymin(0) ymax(1) xmin(0) xmax(1) cmin(1) cmax(100) nosp
hc: y= 0.005 to 0.995 by 0.01 ; x= 0.5 to 0.5 by 1 ;
 1  2  3  4  5  6  7  8  9 10 11 12 13 14 15 16 17 18 19 20
21 22 23 24 25 26 27 28 29 30 31 32 33 34 35 36 37 38 39 40
41 42 43 44 45 46 47 48 49 50 51 52 53 54 55 56 57 58 59 60
61 62 63 64 65 66 67 68 69 70 71 72 73 74 75 76 77 78 79 80
81 82 83 84 85 86 87 88 89 90 91 92 93 94 95 96 97 98 99 100
z: xorg(0.0)
p: xfac[c2*0.05] form[c1/0.05] nosp afac[c5*0.625] ymin[c3] ymax[c4]
p: noxt noxn ytxt(-1) ynum(-1) xltd(-1) xstd(-1) itic(1) ylog
y: Relative Error
#------------------------------------------------------------------------------

wt: s[c5]
\vspace{-3}
  emin  &=&   0.0000E+00 [MeV]
  emax  &=&   1.0000E+03 [MeV]
  ymin  &=&  -4.2000E+00 [cm]
  ymax  &=&   4.2000E+00 [cm]
  part. &=& electron
e:

#------------------------------------------------------------------------------
z: xorg[-1.03/0.05]
p: form[c1] xfac[c2] afac[c5] nosp notf
p: xmin(  0.000000    ) xmax(  8.400000    )
p: ymin( -4.200000    ) ymax(  4.200000    )

#------------------------------------------------------------------------------
 newpage:
#   no. =  3   ie  =  1   iy  =  1   part. = alpha   
#   e = (   0.0000E+00  -   1.0000E+03  )
#   y = (  -4.2000E+00  -   4.2000E+00  )

'no. =  3,  ie =  1,  iy =  1'
msuc: {\huge Track in xyz mesh}
msdr: {\it plotted by \ANGEL \version}
msdl: {\it calculated by \PHITS  3.28}

x: z [cm]
y: x [cm]
set: c1[ 1.000] c2[ 0.900] c5[ 0.800] c6[ 1.000] c7[ 0.000] c8[ 0.000]
p: h2fs form[c1] xfac[c2] afac[c5] scal[c6] xorg[c7] yorg[c8] nosp
set: c3[1.0e-4] c4[1.0]
p: cmin[c3] cmax[c4]
p: dmin(1e-31)
p: zlog
p: xmin(  0.000000    ) xmax(  8.400000    )
p: ymin( -4.200000    ) ymax(  4.200000    )
#  nx =  50   nz =  90
# ( ( data(z,x), z = 1, nz ), x = nx, 1, -1 )

hc:  y =   4.116000     to  -4.116000     by  0.1680000     ; x =  4.6666667E-02 to   8.353333     by  9.3333333E-02 ;
  0.000E+00  0.000E+00  0.000E+00  0.000E+00  0.000E+00  0.000E+00  0.000E+00  0.000E+00  0.000E+00  0.000E+00
  0.000E+00  0.000E+00  0.000E+00  0.000E+00  0.000E+00  0.000E+00  0.000E+00  0.000E+00  0.000E+00  0.000E+00
  0.000E+00  0.000E+00  0.000E+00  0.000E+00  0.000E+00  0.000E+00  0.000E+00  0.000E+00  0.000E+00  0.000E+00
  0.000E+00  0.000E+00  0.000E+00  0.000E+00  0.000E+00  0.000E+00  0.000E+00  0.000E+00  0.000E+00  0.000E+00
  0.000E+00  0.000E+00  0.000E+00  0.000E+00  0.000E+00  0.000E+00  0.000E+00  0.000E+00  0.000E+00  0.000E+00
  0.000E+00  0.000E+00  0.000E+00  0.000E+00  0.000E+00  0.000E+00  0.000E+00  0.000E+00  0.000E+00  0.000E+00
  0.000E+00  0.000E+00  0.000E+00  0.000E+00  0.000E+00  0.000E+00  0.000E+00  0.000E+00  0.000E+00  0.000E+00
  0.000E+00  0.000E+00  0.000E+00  0.000E+00  0.000E+00  0.000E+00  0.000E+00  0.000E+00  0.000E+00  0.000E+00
  0.000E+00  0.000E+00  0.000E+00  0.000E+00  0.000E+00  0.000E+00  0.000E+00  0.000E+00  0.000E+00  0.000E+00
  0.000E+00  0.000E+00  0.000E+00  0.000E+00  0.000E+00  0.000E+00  0.000E+00  0.000E+00  0.000E+00  0.000E+00
  0.000E+00  0.000E+00  0.000E+00  0.000E+00  0.000E+00  0.000E+00  0.000E+00  0.000E+00  0.000E+00  0.000E+00
  0.000E+00  0.000E+00  0.000E+00  0.000E+00  0.000E+00  0.000E+00  0.000E+00  0.000E+00  0.000E+00  0.000E+00
  0.000E+00  0.000E+00  0.000E+00  0.000E+00  0.000E+00  0.000E+00  0.000E+00  0.000E+00  0.000E+00  0.000E+00
  0.000E+00  0.000E+00  0.000E+00  0.000E+00  0.000E+00  0.000E+00  0.000E+00  0.000E+00  0.000E+00  0.000E+00
  0.000E+00  0.000E+00  0.000E+00  0.000E+00  0.000E+00  0.000E+00  0.000E+00  0.000E+00  0.000E+00  0.000E+00
  0.000E+00  0.000E+00  0.000E+00  0.000E+00  0.000E+00  0.000E+00  0.000E+00  0.000E+00  0.000E+00  0.000E+00
  0.000E+00  0.000E+00  0.000E+00  0.000E+00  0.000E+00  0.000E+00  0.000E+00  0.000E+00  0.000E+00  0.000E+00
  0.000E+00  0.000E+00  0.000E+00  0.000E+00  0.000E+00  0.000E+00  0.000E+00  0.000E+00  0.000E+00  0.000E+00
  0.000E+00  0.000E+00  0.000E+00  0.000E+00  0.000E+00  0.000E+00  0.000E+00  0.000E+00  0.000E+00  0.000E+00
  0.000E+00  0.000E+00  0.000E+00  0.000E+00  0.000E+00  0.000E+00  0.000E+00  0.000E+00  0.000E+00  0.000E+00
  0.000E+00  0.000E+00  0.000E+00  0.000E+00  0.000E+00  0.000E+00  0.000E+00  0.000E+00  0.000E+00  0.000E+00
  0.000E+00  0.000E+00  0.000E+00  0.000E+00  0.000E+00  0.000E+00  0.000E+00  0.000E+00  0.000E+00  0.000E+00
  0.000E+00  0.000E+00  0.000E+00  0.000E+00  0.000E+00  0.000E+00  0.000E+00  0.000E+00  0.000E+00  0.000E+00
  0.000E+00  0.000E+00  0.000E+00  0.000E+00  0.000E+00  0.000E+00  0.000E+00  0.000E+00  0.000E+00  0.000E+00
  0.000E+00  0.000E+00  0.000E+00  0.000E+00  0.000E+00  0.000E+00  0.000E+00  0.000E+00  0.000E+00  0.000E+00
  0.000E+00  0.000E+00  0.000E+00  0.000E+00  0.000E+00  0.000E+00  0.000E+00  0.000E+00  0.000E+00  0.000E+00
  0.000E+00  0.000E+00  0.000E+00  0.000E+00  0.000E+00  0.000E+00  0.000E+00  0.000E+00  0.000E+00  0.000E+00
  0.000E+00  0.000E+00  0.000E+00  0.000E+00  0.000E+00  0.000E+00  0.000E+00  0.000E+00  0.000E+00  0.000E+00
  0.000E+00  0.000E+00  0.000E+00  0.000E+00  0.000E+00  0.000E+00  0.000E+00  0.000E+00  0.000E+00  0.000E+00
  0.000E+00  0.000E+00  0.000E+00  0.000E+00  0.000E+00  0.000E+00  0.000E+00  0.000E+00  0.000E+00  0.000E+00
  0.000E+00  0.000E+00  0.000E+00  0.000E+00  0.000E+00  0.000E+00  0.000E+00  0.000E+00  0.000E+00  0.000E+00
  0.000E+00  0.000E+00  0.000E+00  0.000E+00  0.000E+00  0.000E+00  0.000E+00  0.000E+00  0.000E+00  0.000E+00
  0.000E+00  0.000E+00  0.000E+00  0.000E+00  0.000E+00  0.000E+00  0.000E+00  0.000E+00  0.000E+00  0.000E+00
  0.000E+00  0.000E+00  0.000E+00  0.000E+00  0.000E+00  0.000E+00  0.000E+00  0.000E+00  0.000E+00  0.000E+00
  0.000E+00  0.000E+00  0.000E+00  0.000E+00  0.000E+00  0.000E+00  0.000E+00  0.000E+00  0.000E+00  0.000E+00
  0.000E+00  0.000E+00  0.000E+00  0.000E+00  0.000E+00  0.000E+00  0.000E+00  0.000E+00  0.000E+00  0.000E+00
  0.000E+00  0.000E+00  0.000E+00  0.000E+00  0.000E+00  0.000E+00  0.000E+00  0.000E+00  0.000E+00  0.000E+00
  0.000E+00  0.000E+00  0.000E+00  0.000E+00  0.000E+00  0.000E+00  0.000E+00  0.000E+00  0.000E+00  0.000E+00
  0.000E+00  0.000E+00  0.000E+00  0.000E+00  0.000E+00  0.000E+00  0.000E+00  0.000E+00  0.000E+00  0.000E+00
  0.000E+00  0.000E+00  0.000E+00  0.000E+00  0.000E+00  0.000E+00  0.000E+00  0.000E+00  0.000E+00  0.000E+00
  0.000E+00  0.000E+00  0.000E+00  0.000E+00  0.000E+00  0.000E+00  0.000E+00  0.000E+00  0.000E+00  0.000E+00
  0.000E+00  0.000E+00  0.000E+00  0.000E+00  0.000E+00  0.000E+00  0.000E+00  0.000E+00  0.000E+00  0.000E+00
  0.000E+00  0.000E+00  0.000E+00  0.000E+00  0.000E+00  0.000E+00  0.000E+00  0.000E+00  0.000E+00  0.000E+00
  0.000E+00  0.000E+00  0.000E+00  0.000E+00  0.000E+00  0.000E+00  0.000E+00  0.000E+00  0.000E+00  0.000E+00
  0.000E+00  0.000E+00  0.000E+00  0.000E+00  0.000E+00  0.000E+00  0.000E+00  0.000E+00  0.000E+00  0.000E+00
  0.000E+00  0.000E+00  0.000E+00  0.000E+00  0.000E+00  0.000E+00  0.000E+00  0.000E+00  0.000E+00  0.000E+00
  0.000E+00  0.000E+00  0.000E+00  0.000E+00  0.000E+00  0.000E+00  0.000E+00  0.000E+00  0.000E+00  0.000E+00
  0.000E+00  0.000E+00  0.000E+00  0.000E+00  0.000E+00  0.000E+00  0.000E+00  0.000E+00  0.000E+00  0.000E+00
  0.000E+00  0.000E+00  0.000E+00  0.000E+00  0.000E+00  0.000E+00  0.000E+00  0.000E+00  0.000E+00  0.000E+00
  0.000E+00  0.000E+00  0.000E+00  0.000E+00  0.000E+00  0.000E+00  0.000E+00  0.000E+00  0.000E+00  0.000E+00
  0.000E+00  0.000E+00  0.000E+00  0.000E+00  0.000E+00  0.000E+00  0.000E+00  0.000E+00  0.000E+00  0.000E+00
  0.000E+00  0.000E+00  0.000E+00  0.000E+00  0.000E+00  0.000E+00  0.000E+00  0.000E+00  0.000E+00  0.000E+00
  0.000E+00  0.000E+00  0.000E+00  0.000E+00  0.000E+00  0.000E+00  0.000E+00  0.000E+00  0.000E+00  0.000E+00
  0.000E+00  0.000E+00  0.000E+00  0.000E+00  0.000E+00  0.000E+00  0.000E+00  0.000E+00  0.000E+00  0.000E+00
  0.000E+00  0.000E+00  0.000E+00  0.000E+00  0.000E+00  0.000E+00  0.000E+00  0.000E+00  0.000E+00  0.000E+00
  0.000E+00  0.000E+00  0.000E+00  0.000E+00  0.000E+00  0.000E+00  0.000E+00  0.000E+00  0.000E+00  0.000E+00
  0.000E+00  0.000E+00  0.000E+00  0.000E+00  0.000E+00  0.000E+00  0.000E+00  0.000E+00  0.000E+00  0.000E+00
  0.000E+00  0.000E+00  0.000E+00  0.000E+00  0.000E+00  0.000E+00  0.000E+00  0.000E+00  0.000E+00  0.000E+00
  0.000E+00  0.000E+00  0.000E+00  0.000E+00  0.000E+00  0.000E+00  0.000E+00  0.000E+00  0.000E+00  0.000E+00
  0.000E+00  0.000E+00  0.000E+00  0.000E+00  0.000E+00  0.000E+00  0.000E+00  0.000E+00  0.000E+00  0.000E+00
  0.000E+00  0.000E+00  0.000E+00  0.000E+00  0.000E+00  0.000E+00  0.000E+00  0.000E+00  0.000E+00  0.000E+00
  0.000E+00  0.000E+00  0.000E+00  0.000E+00  0.000E+00  0.000E+00  0.000E+00  0.000E+00  0.000E+00  0.000E+00
  0.000E+00  0.000E+00  0.000E+00  0.000E+00  0.000E+00  0.000E+00  0.000E+00  0.000E+00  0.000E+00  0.000E+00
  0.000E+00  0.000E+00  0.000E+00  0.000E+00  0.000E+00  0.000E+00  0.000E+00  0.000E+00  0.000E+00  0.000E+00
  0.000E+00  0.000E+00  0.000E+00  0.000E+00  0.000E+00  0.000E+00  0.000E+00  0.000E+00  0.000E+00  0.000E+00
  0.000E+00  0.000E+00  0.000E+00  0.000E+00  0.000E+00  0.000E+00  0.000E+00  0.000E+00  0.000E+00  0.000E+00
  0.000E+00  0.000E+00  0.000E+00  0.000E+00  0.000E+00  0.000E+00  0.000E+00  0.000E+00  0.000E+00  0.000E+00
  0.000E+00  0.000E+00  0.000E+00  0.000E+00  0.000E+00  0.000E+00  0.000E+00  0.000E+00  0.000E+00  0.000E+00
  0.000E+00  0.000E+00  0.000E+00  0.000E+00  0.000E+00  0.000E+00  0.000E+00  0.000E+00  0.000E+00  0.000E+00
  0.000E+00  0.000E+00  0.000E+00  0.000E+00  0.000E+00  0.000E+00  0.000E+00  0.000E+00  0.000E+00  0.000E+00
  0.000E+00  0.000E+00  0.000E+00  0.000E+00  0.000E+00  0.000E+00  0.000E+00  0.000E+00  0.000E+00  0.000E+00
  0.000E+00  0.000E+00  0.000E+00  0.000E+00  0.000E+00  0.000E+00  0.000E+00  0.000E+00  0.000E+00  0.000E+00
  0.000E+00  0.000E+00  0.000E+00  0.000E+00  0.000E+00  0.000E+00  0.000E+00  0.000E+00  0.000E+00  0.000E+00
  0.000E+00  0.000E+00  0.000E+00  0.000E+00  0.000E+00  0.000E+00  0.000E+00  0.000E+00  0.000E+00  0.000E+00
  0.000E+00  0.000E+00  0.000E+00  0.000E+00  0.000E+00  0.000E+00  0.000E+00  0.000E+00  0.000E+00  0.000E+00
  0.000E+00  0.000E+00  0.000E+00  0.000E+00  0.000E+00  0.000E+00  0.000E+00  0.000E+00  0.000E+00  0.000E+00
  0.000E+00  0.000E+00  0.000E+00  0.000E+00  0.000E+00  0.000E+00  0.000E+00  0.000E+00  0.000E+00  0.000E+00
  0.000E+00  0.000E+00  0.000E+00  0.000E+00  0.000E+00  0.000E+00  0.000E+00  0.000E+00  0.000E+00  0.000E+00
  0.000E+00  0.000E+00  0.000E+00  0.000E+00  0.000E+00  0.000E+00  0.000E+00  0.000E+00  0.000E+00  0.000E+00
  0.000E+00  0.000E+00  0.000E+00  0.000E+00  0.000E+00  0.000E+00  0.000E+00  0.000E+00  0.000E+00  0.000E+00
  0.000E+00  0.000E+00  0.000E+00  0.000E+00  0.000E+00  0.000E+00  0.000E+00  0.000E+00  0.000E+00  0.000E+00
  0.000E+00  0.000E+00  0.000E+00  0.000E+00  0.000E+00  0.000E+00  0.000E+00  0.000E+00  0.000E+00  0.000E+00
  0.000E+00  0.000E+00  0.000E+00  0.000E+00  0.000E+00  0.000E+00  0.000E+00  0.000E+00  0.000E+00  0.000E+00
  0.000E+00  0.000E+00  0.000E+00  0.000E+00  0.000E+00  0.000E+00  0.000E+00  0.000E+00  0.000E+00  0.000E+00
  0.000E+00  0.000E+00  0.000E+00  0.000E+00  0.000E+00  0.000E+00  0.000E+00  0.000E+00  0.000E+00  0.000E+00
  0.000E+00  0.000E+00  0.000E+00  0.000E+00  0.000E+00  0.000E+00  0.000E+00  0.000E+00  0.000E+00  0.000E+00
  0.000E+00  0.000E+00  0.000E+00  0.000E+00  0.000E+00  0.000E+00  0.000E+00  0.000E+00  0.000E+00  0.000E+00
  0.000E+00  0.000E+00  0.000E+00  0.000E+00  0.000E+00  0.000E+00  0.000E+00  0.000E+00  0.000E+00  0.000E+00
  0.000E+00  0.000E+00  0.000E+00  0.000E+00  0.000E+00  0.000E+00  0.000E+00  0.000E+00  0.000E+00  0.000E+00
  0.000E+00  0.000E+00  0.000E+00  0.000E+00  0.000E+00  0.000E+00  0.000E+00  0.000E+00  0.000E+00  0.000E+00
  0.000E+00  0.000E+00  0.000E+00  0.000E+00  0.000E+00  0.000E+00  0.000E+00  0.000E+00  0.000E+00  0.000E+00
  0.000E+00  0.000E+00  0.000E+00  0.000E+00  0.000E+00  0.000E+00  0.000E+00  0.000E+00  0.000E+00  0.000E+00
  0.000E+00  0.000E+00  0.000E+00  0.000E+00  0.000E+00  0.000E+00  0.000E+00  0.000E+00  0.000E+00  0.000E+00
  0.000E+00  0.000E+00  0.000E+00  0.000E+00  0.000E+00  0.000E+00  0.000E+00  0.000E+00  0.000E+00  0.000E+00
  0.000E+00  0.000E+00  0.000E+00  0.000E+00  0.000E+00  0.000E+00  0.000E+00  0.000E+00  0.000E+00  0.000E+00
  0.000E+00  0.000E+00  0.000E+00  0.000E+00  0.000E+00  0.000E+00  0.000E+00  0.000E+00  0.000E+00  0.000E+00
  0.000E+00  0.000E+00  0.000E+00  0.000E+00  0.000E+00  0.000E+00  0.000E+00  0.000E+00  0.000E+00  0.000E+00
  0.000E+00  0.000E+00  0.000E+00  0.000E+00  0.000E+00  0.000E+00  0.000E+00  0.000E+00  0.000E+00  0.000E+00
  0.000E+00  0.000E+00  0.000E+00  0.000E+00  0.000E+00  0.000E+00  0.000E+00  0.000E+00  0.000E+00  0.000E+00
  0.000E+00  0.000E+00  0.000E+00  0.000E+00  0.000E+00  0.000E+00  0.000E+00  0.000E+00  0.000E+00  0.000E+00
  0.000E+00  0.000E+00  0.000E+00  0.000E+00  0.000E+00  0.000E+00  0.000E+00  0.000E+00  0.000E+00  0.000E+00
  0.000E+00  0.000E+00  0.000E+00  0.000E+00  0.000E+00  0.000E+00  0.000E+00  0.000E+00  0.000E+00  0.000E+00
  0.000E+00  0.000E+00  0.000E+00  0.000E+00  0.000E+00  0.000E+00  0.000E+00  0.000E+00  0.000E+00  0.000E+00
  0.000E+00  0.000E+00  0.000E+00  0.000E+00  0.000E+00  0.000E+00  0.000E+00  0.000E+00  0.000E+00  0.000E+00
  0.000E+00  0.000E+00  0.000E+00  0.000E+00  0.000E+00  0.000E+00  0.000E+00  0.000E+00  0.000E+00  0.000E+00
  0.000E+00  0.000E+00  0.000E+00  0.000E+00  0.000E+00  0.000E+00  0.000E+00  0.000E+00  0.000E+00  0.000E+00
  0.000E+00  0.000E+00  0.000E+00  0.000E+00  0.000E+00  0.000E+00  0.000E+00  0.000E+00  0.000E+00  0.000E+00
  0.000E+00  0.000E+00  0.000E+00  0.000E+00  0.000E+00  0.000E+00  0.000E+00  0.000E+00  0.000E+00  0.000E+00
  0.000E+00  0.000E+00  0.000E+00  0.000E+00  0.000E+00  0.000E+00  0.000E+00  0.000E+00  0.000E+00  0.000E+00
  0.000E+00  0.000E+00  0.000E+00  0.000E+00  0.000E+00  0.000E+00  0.000E+00  0.000E+00  0.000E+00  0.000E+00
  0.000E+00  0.000E+00  0.000E+00  0.000E+00  0.000E+00  0.000E+00  0.000E+00  0.000E+00  0.000E+00  0.000E+00
  0.000E+00  0.000E+00  0.000E+00  0.000E+00  0.000E+00  0.000E+00  0.000E+00  0.000E+00  0.000E+00  0.000E+00
  0.000E+00  0.000E+00  0.000E+00  0.000E+00  0.000E+00  0.000E+00  0.000E+00  0.000E+00  0.000E+00  0.000E+00
  0.000E+00  0.000E+00  0.000E+00  0.000E+00  0.000E+00  0.000E+00  0.000E+00  0.000E+00  0.000E+00  0.000E+00
  0.000E+00  0.000E+00  0.000E+00  0.000E+00  0.000E+00  0.000E+00  0.000E+00  0.000E+00  0.000E+00  0.000E+00
  0.000E+00  0.000E+00  0.000E+00  0.000E+00  0.000E+00  0.000E+00  0.000E+00  0.000E+00  0.000E+00  0.000E+00
  0.000E+00  0.000E+00  0.000E+00  0.000E+00  0.000E+00  0.000E+00  0.000E+00  0.000E+00  0.000E+00  0.000E+00
  0.000E+00  0.000E+00  0.000E+00  0.000E+00  0.000E+00  0.000E+00  0.000E+00  0.000E+00  0.000E+00  0.000E+00
  0.000E+00  0.000E+00  0.000E+00  0.000E+00  0.000E+00  0.000E+00  0.000E+00  0.000E+00  0.000E+00  0.000E+00
  0.000E+00  0.000E+00  0.000E+00  0.000E+00  0.000E+00  0.000E+00  0.000E+00  0.000E+00  0.000E+00  0.000E+00
  0.000E+00  0.000E+00  0.000E+00  0.000E+00  0.000E+00  0.000E+00  0.000E+00  0.000E+00  0.000E+00  0.000E+00
  0.000E+00  0.000E+00  0.000E+00  0.000E+00  0.000E+00  0.000E+00  0.000E+00  0.000E+00  0.000E+00  0.000E+00
  0.000E+00  0.000E+00  0.000E+00  0.000E+00  0.000E+00  0.000E+00  0.000E+00  0.000E+00  0.000E+00  0.000E+00
  0.000E+00  0.000E+00  0.000E+00  0.000E+00  0.000E+00  0.000E+00  0.000E+00  0.000E+00  0.000E+00  0.000E+00
  0.000E+00  0.000E+00  0.000E+00  0.000E+00  0.000E+00  0.000E+00  0.000E+00  0.000E+00  0.000E+00  0.000E+00
  0.000E+00  0.000E+00  0.000E+00  0.000E+00  0.000E+00  0.000E+00  0.000E+00  0.000E+00  0.000E+00  0.000E+00
  0.000E+00  0.000E+00  0.000E+00  0.000E+00  0.000E+00  0.000E+00  0.000E+00  0.000E+00  0.000E+00  0.000E+00
  0.000E+00  0.000E+00  0.000E+00  0.000E+00  0.000E+00  0.000E+00  0.000E+00  0.000E+00  0.000E+00  0.000E+00
  0.000E+00  0.000E+00  0.000E+00  0.000E+00  0.000E+00  0.000E+00  0.000E+00  0.000E+00  0.000E+00  0.000E+00
  0.000E+00  0.000E+00  0.000E+00  0.000E+00  0.000E+00  0.000E+00  0.000E+00  0.000E+00  0.000E+00  0.000E+00
  0.000E+00  0.000E+00  0.000E+00  0.000E+00  0.000E+00  0.000E+00  0.000E+00  0.000E+00  0.000E+00  0.000E+00
  0.000E+00  0.000E+00  0.000E+00  0.000E+00  0.000E+00  0.000E+00  0.000E+00  0.000E+00  0.000E+00  0.000E+00
  0.000E+00  0.000E+00  0.000E+00  0.000E+00  0.000E+00  0.000E+00  0.000E+00  0.000E+00  0.000E+00  0.000E+00
  0.000E+00  0.000E+00  0.000E+00  0.000E+00  0.000E+00  0.000E+00  0.000E+00  0.000E+00  0.000E+00  0.000E+00
  0.000E+00  0.000E+00  0.000E+00  0.000E+00  0.000E+00  0.000E+00  0.000E+00  0.000E+00  0.000E+00  0.000E+00
  0.000E+00  0.000E+00  0.000E+00  0.000E+00  0.000E+00  0.000E+00  0.000E+00  0.000E+00  0.000E+00  0.000E+00
  0.000E+00  0.000E+00  0.000E+00  0.000E+00  0.000E+00  0.000E+00  0.000E+00  0.000E+00  0.000E+00  0.000E+00
  0.000E+00  0.000E+00  0.000E+00  0.000E+00  0.000E+00  0.000E+00  0.000E+00  0.000E+00  0.000E+00  0.000E+00
  0.000E+00  0.000E+00  0.000E+00  0.000E+00  0.000E+00  0.000E+00  0.000E+00  0.000E+00  0.000E+00  0.000E+00
  0.000E+00  0.000E+00  0.000E+00  0.000E+00  0.000E+00  0.000E+00  0.000E+00  0.000E+00  0.000E+00  0.000E+00
  0.000E+00  0.000E+00  0.000E+00  0.000E+00  0.000E+00  0.000E+00  0.000E+00  0.000E+00  0.000E+00  0.000E+00
  0.000E+00  0.000E+00  0.000E+00  0.000E+00  0.000E+00  0.000E+00  0.000E+00  0.000E+00  0.000E+00  0.000E+00
  0.000E+00  0.000E+00  0.000E+00  0.000E+00  0.000E+00  0.000E+00  0.000E+00  0.000E+00  0.000E+00  0.000E+00
  0.000E+00  0.000E+00  0.000E+00  0.000E+00  0.000E+00  0.000E+00  0.000E+00  0.000E+00  0.000E+00  0.000E+00
  0.000E+00  0.000E+00  0.000E+00  0.000E+00  0.000E+00  0.000E+00  0.000E+00  0.000E+00  0.000E+00  0.000E+00
  0.000E+00  0.000E+00  0.000E+00  0.000E+00  0.000E+00  0.000E+00  0.000E+00  0.000E+00  0.000E+00  0.000E+00
  0.000E+00  0.000E+00  0.000E+00  0.000E+00  0.000E+00  0.000E+00  0.000E+00  0.000E+00  0.000E+00  0.000E+00
  0.000E+00  0.000E+00  0.000E+00  0.000E+00  0.000E+00  0.000E+00  0.000E+00  0.000E+00  0.000E+00  0.000E+00
  0.000E+00  0.000E+00  0.000E+00  0.000E+00  0.000E+00  0.000E+00  0.000E+00  0.000E+00  0.000E+00  0.000E+00
  0.000E+00  0.000E+00  0.000E+00  0.000E+00  0.000E+00  0.000E+00  0.000E+00  0.000E+00  0.000E+00  0.000E+00
  0.000E+00  0.000E+00  0.000E+00  0.000E+00  0.000E+00  0.000E+00  0.000E+00  0.000E+00  0.000E+00  0.000E+00
  0.000E+00  0.000E+00  0.000E+00  0.000E+00  0.000E+00  0.000E+00  0.000E+00  0.000E+00  0.000E+00  0.000E+00
  0.000E+00  0.000E+00  0.000E+00  0.000E+00  0.000E+00  0.000E+00  0.000E+00  0.000E+00  0.000E+00  0.000E+00
  0.000E+00  0.000E+00  0.000E+00  0.000E+00  0.000E+00  0.000E+00  0.000E+00  0.000E+00  0.000E+00  0.000E+00
  0.000E+00  0.000E+00  0.000E+00  0.000E+00  0.000E+00  0.000E+00  0.000E+00  0.000E+00  0.000E+00  0.000E+00
  0.000E+00  0.000E+00  0.000E+00  0.000E+00  0.000E+00  0.000E+00  0.000E+00  0.000E+00  0.000E+00  0.000E+00
  0.000E+00  0.000E+00  0.000E+00  0.000E+00  0.000E+00  0.000E+00  0.000E+00  0.000E+00  0.000E+00  0.000E+00
  0.000E+00  0.000E+00  0.000E+00  0.000E+00  0.000E+00  0.000E+00  0.000E+00  0.000E+00  0.000E+00  0.000E+00
  0.000E+00  0.000E+00  0.000E+00  0.000E+00  0.000E+00  0.000E+00  0.000E+00  0.000E+00  0.000E+00  0.000E+00
  0.000E+00  0.000E+00  0.000E+00  0.000E+00  0.000E+00  0.000E+00  0.000E+00  0.000E+00  0.000E+00  0.000E+00
  0.000E+00  0.000E+00  0.000E+00  0.000E+00  0.000E+00  0.000E+00  0.000E+00  0.000E+00  0.000E+00  0.000E+00
  0.000E+00  0.000E+00  0.000E+00  0.000E+00  0.000E+00  0.000E+00  0.000E+00  0.000E+00  0.000E+00  0.000E+00
  0.000E+00  0.000E+00  0.000E+00  0.000E+00  0.000E+00  0.000E+00  0.000E+00  0.000E+00  0.000E+00  0.000E+00
  0.000E+00  0.000E+00  0.000E+00  0.000E+00  0.000E+00  0.000E+00  0.000E+00  0.000E+00  0.000E+00  0.000E+00
  0.000E+00  0.000E+00  0.000E+00  0.000E+00  0.000E+00  0.000E+00  0.000E+00  0.000E+00  0.000E+00  0.000E+00
  0.000E+00  0.000E+00  0.000E+00  0.000E+00  0.000E+00  0.000E+00  0.000E+00  0.000E+00  0.000E+00  0.000E+00
  0.000E+00  0.000E+00  0.000E+00  0.000E+00  0.000E+00  0.000E+00  0.000E+00  0.000E+00  0.000E+00  0.000E+00
  0.000E+00  0.000E+00  0.000E+00  0.000E+00  0.000E+00  0.000E+00  0.000E+00  0.000E+00  0.000E+00  0.000E+00
  0.000E+00  0.000E+00  0.000E+00  0.000E+00  0.000E+00  0.000E+00  0.000E+00  0.000E+00  0.000E+00  0.000E+00
  0.000E+00  0.000E+00  0.000E+00  0.000E+00  0.000E+00  0.000E+00  0.000E+00  0.000E+00  0.000E+00  0.000E+00
  0.000E+00  0.000E+00  0.000E+00  0.000E+00  0.000E+00  0.000E+00  0.000E+00  0.000E+00  0.000E+00  0.000E+00
  0.000E+00  0.000E+00  0.000E+00  0.000E+00  0.000E+00  0.000E+00  0.000E+00  0.000E+00  0.000E+00  0.000E+00
  0.000E+00  0.000E+00  0.000E+00  0.000E+00  0.000E+00  0.000E+00  0.000E+00  0.000E+00  0.000E+00  0.000E+00
  0.000E+00  0.000E+00  0.000E+00  0.000E+00  0.000E+00  0.000E+00  0.000E+00  0.000E+00  0.000E+00  0.000E+00
  0.000E+00  0.000E+00  0.000E+00  0.000E+00  0.000E+00  0.000E+00  0.000E+00  0.000E+00  0.000E+00  0.000E+00
  0.000E+00  0.000E+00  0.000E+00  0.000E+00  0.000E+00  0.000E+00  0.000E+00  0.000E+00  0.000E+00  0.000E+00
  0.000E+00  0.000E+00  0.000E+00  0.000E+00  0.000E+00  0.000E+00  0.000E+00  0.000E+00  0.000E+00  0.000E+00
  0.000E+00  0.000E+00  0.000E+00  0.000E+00  0.000E+00  0.000E+00  0.000E+00  0.000E+00  0.000E+00  0.000E+00
  0.000E+00  0.000E+00  0.000E+00  0.000E+00  0.000E+00  0.000E+00  0.000E+00  0.000E+00  0.000E+00  0.000E+00
  0.000E+00  0.000E+00  0.000E+00  0.000E+00  0.000E+00  0.000E+00  0.000E+00  0.000E+00  0.000E+00  0.000E+00
  0.000E+00  0.000E+00  0.000E+00  0.000E+00  0.000E+00  0.000E+00  0.000E+00  0.000E+00  0.000E+00  0.000E+00
  0.000E+00  0.000E+00  0.000E+00  0.000E+00  0.000E+00  0.000E+00  0.000E+00  0.000E+00  0.000E+00  0.000E+00
  0.000E+00  0.000E+00  0.000E+00  0.000E+00  0.000E+00  0.000E+00  0.000E+00  0.000E+00  0.000E+00  0.000E+00
  0.000E+00  0.000E+00  0.000E+00  0.000E+00  0.000E+00  0.000E+00  0.000E+00  0.000E+00  0.000E+00  0.000E+00
  0.000E+00  0.000E+00  0.000E+00  0.000E+00  0.000E+00  0.000E+00  0.000E+00  0.000E+00  0.000E+00  0.000E+00
  0.000E+00  0.000E+00  0.000E+00  0.000E+00  0.000E+00  0.000E+00  0.000E+00  0.000E+00  0.000E+00  0.000E+00
  0.000E+00  0.000E+00  0.000E+00  0.000E+00  0.000E+00  0.000E+00  0.000E+00  0.000E+00  0.000E+00  0.000E+00
  0.000E+00  0.000E+00  0.000E+00  0.000E+00  0.000E+00  0.000E+00  0.000E+00  0.000E+00  0.000E+00  0.000E+00
  0.000E+00  0.000E+00  0.000E+00  0.000E+00  0.000E+00  0.000E+00  0.000E+00  0.000E+00  0.000E+00  0.000E+00
  0.000E+00  0.000E+00  0.000E+00  0.000E+00  0.000E+00  0.000E+00  0.000E+00  0.000E+00  0.000E+00  0.000E+00
  0.000E+00  0.000E+00  0.000E+00  0.000E+00  0.000E+00  0.000E+00  0.000E+00  0.000E+00  0.000E+00  0.000E+00
  0.000E+00  0.000E+00  0.000E+00  0.000E+00  0.000E+00  0.000E+00  0.000E+00  0.000E+00  0.000E+00  0.000E+00
  0.000E+00  0.000E+00  0.000E+00  0.000E+00  0.000E+00  0.000E+00  0.000E+00  0.000E+00  0.000E+00  0.000E+00
  0.000E+00  0.000E+00  0.000E+00  0.000E+00  0.000E+00  0.000E+00  0.000E+00  0.000E+00  0.000E+00  0.000E+00
  0.000E+00  0.000E+00  0.000E+00  0.000E+00  0.000E+00  0.000E+00  0.000E+00  0.000E+00  0.000E+00  0.000E+00
  0.000E+00  0.000E+00  0.000E+00  0.000E+00  0.000E+00  0.000E+00  0.000E+00  0.000E+00  0.000E+00  0.000E+00
  0.000E+00  0.000E+00  0.000E+00  0.000E+00  0.000E+00  0.000E+00  0.000E+00  0.000E+00  0.000E+00  0.000E+00
  0.000E+00  0.000E+00  0.000E+00  0.000E+00  0.000E+00  0.000E+00  0.000E+00  0.000E+00  0.000E+00  0.000E+00
  0.000E+00  0.000E+00  0.000E+00  0.000E+00  0.000E+00  0.000E+00  0.000E+00  0.000E+00  0.000E+00  0.000E+00
  0.000E+00  0.000E+00  0.000E+00  0.000E+00  0.000E+00  0.000E+00  0.000E+00  0.000E+00  0.000E+00  0.000E+00
  0.000E+00  0.000E+00  0.000E+00  0.000E+00  0.000E+00  0.000E+00  0.000E+00  0.000E+00  0.000E+00  0.000E+00
  0.000E+00  0.000E+00  0.000E+00  0.000E+00  0.000E+00  0.000E+00  0.000E+00  0.000E+00  0.000E+00  0.000E+00
  0.000E+00  0.000E+00  0.000E+00  0.000E+00  0.000E+00  0.000E+00  0.000E+00  0.000E+00  0.000E+00  0.000E+00
  0.000E+00  0.000E+00  0.000E+00  0.000E+00  0.000E+00  0.000E+00  0.000E+00  0.000E+00  0.000E+00  0.000E+00
  0.000E+00  0.000E+00  0.000E+00  0.000E+00  0.000E+00  0.000E+00  0.000E+00  0.000E+00  0.000E+00  0.000E+00
  0.000E+00  0.000E+00  0.000E+00  0.000E+00  0.000E+00  0.000E+00  0.000E+00  0.000E+00  0.000E+00  0.000E+00
  0.000E+00  0.000E+00  0.000E+00  0.000E+00  0.000E+00  0.000E+00  0.000E+00  0.000E+00  0.000E+00  0.000E+00
  0.000E+00  0.000E+00  0.000E+00  0.000E+00  0.000E+00  0.000E+00  0.000E+00  0.000E+00  0.000E+00  0.000E+00
  0.000E+00  0.000E+00  0.000E+00  0.000E+00  0.000E+00  0.000E+00  0.000E+00  0.000E+00  0.000E+00  0.000E+00
  0.000E+00  0.000E+00  0.000E+00  0.000E+00  0.000E+00  0.000E+00  0.000E+00  0.000E+00  0.000E+00  0.000E+00
  0.000E+00  0.000E+00  0.000E+00  0.000E+00  0.000E+00  0.000E+00  0.000E+00  0.000E+00  0.000E+00  0.000E+00
  0.000E+00  0.000E+00  0.000E+00  0.000E+00  0.000E+00  0.000E+00  0.000E+00  0.000E+00  0.000E+00  0.000E+00
  0.000E+00  0.000E+00  0.000E+00  0.000E+00  0.000E+00  0.000E+00  0.000E+00  0.000E+00  0.000E+00  0.000E+00
  0.000E+00  0.000E+00  0.000E+00  0.000E+00  0.000E+00  0.000E+00  0.000E+00  0.000E+00  0.000E+00  0.000E+00
  0.000E+00  0.000E+00  0.000E+00  0.000E+00  0.000E+00  0.000E+00  0.000E+00  0.000E+00  0.000E+00  0.000E+00
  0.000E+00  0.000E+00  0.000E+00  0.000E+00  0.000E+00  0.000E+00  0.000E+00  0.000E+00  0.000E+00  0.000E+00
  0.000E+00  0.000E+00  0.000E+00  0.000E+00  0.000E+00  0.000E+00  0.000E+00  0.000E+00  0.000E+00  0.000E+00
  0.000E+00  0.000E+00  0.000E+00  0.000E+00  0.000E+00  0.000E+00  0.000E+00  0.000E+00  0.000E+00  0.000E+00
  0.000E+00  0.000E+00  0.000E+00  0.000E+00  0.000E+00  0.000E+00  0.000E+00  0.000E+00  0.000E+00  0.000E+00
  0.000E+00  0.000E+00  0.000E+00  0.000E+00  0.000E+00  0.000E+00  0.000E+00  0.000E+00  0.000E+00  0.000E+00
  0.000E+00  0.000E+00  0.000E+00  0.000E+00  0.000E+00  0.000E+00  0.000E+00  0.000E+00  0.000E+00  0.000E+00
  0.000E+00  0.000E+00  0.000E+00  0.000E+00  0.000E+00  0.000E+00  0.000E+00  0.000E+00  0.000E+00  0.000E+00
  0.000E+00  0.000E+00  0.000E+00  0.000E+00  0.000E+00  0.000E+00  0.000E+00  0.000E+00  0.000E+00  0.000E+00
  0.000E+00  0.000E+00  0.000E+00  0.000E+00  0.000E+00  0.000E+00  0.000E+00  0.000E+00  0.000E+00  0.000E+00
  0.000E+00  0.000E+00  0.000E+00  0.000E+00  0.000E+00  0.000E+00  0.000E+00  0.000E+00  0.000E+00  0.000E+00
  0.000E+00  0.000E+00  0.000E+00  0.000E+00  0.000E+00  0.000E+00  0.000E+00  0.000E+00  0.000E+00  0.000E+00
  0.000E+00  0.000E+00  0.000E+00  0.000E+00  0.000E+00  0.000E+00  0.000E+00  0.000E+00  0.000E+00  0.000E+00
  0.000E+00  0.000E+00  0.000E+00  0.000E+00  0.000E+00  0.000E+00  0.000E+00  0.000E+00  0.000E+00  0.000E+00
  0.000E+00  0.000E+00  0.000E+00  0.000E+00  0.000E+00  0.000E+00  0.000E+00  0.000E+00  0.000E+00  0.000E+00
  0.000E+00  0.000E+00  0.000E+00  0.000E+00  0.000E+00  0.000E+00  0.000E+00  0.000E+00  0.000E+00  0.000E+00
  0.000E+00  0.000E+00  0.000E+00  0.000E+00  0.000E+00  0.000E+00  0.000E+00  0.000E+00  0.000E+00  0.000E+00
  0.000E+00  0.000E+00  0.000E+00  0.000E+00  0.000E+00  0.000E+00  0.000E+00  0.000E+00  0.000E+00  0.000E+00
  0.000E+00  0.000E+00  0.000E+00  0.000E+00  0.000E+00  0.000E+00  0.000E+00  0.000E+00  0.000E+00  0.000E+00
  0.000E+00  0.000E+00  0.000E+00  0.000E+00  0.000E+00  0.000E+00  0.000E+00  0.000E+00  0.000E+00  0.000E+00
  0.000E+00  0.000E+00  0.000E+00  0.000E+00  0.000E+00  0.000E+00  0.000E+00  0.000E+00  0.000E+00  0.000E+00
  0.000E+00  0.000E+00  0.000E+00  0.000E+00  0.000E+00  0.000E+00  0.000E+00  0.000E+00  0.000E+00  0.000E+00
  0.000E+00  0.000E+00  0.000E+00  0.000E+00  0.000E+00  0.000E+00  0.000E+00  0.000E+00  0.000E+00  0.000E+00
  0.000E+00  0.000E+00  0.000E+00  0.000E+00  0.000E+00  0.000E+00  0.000E+00  0.000E+00  0.000E+00  0.000E+00
  0.000E+00  0.000E+00  0.000E+00  0.000E+00  0.000E+00  0.000E+00  0.000E+00  0.000E+00  0.000E+00  0.000E+00
  0.000E+00  0.000E+00  0.000E+00  0.000E+00  0.000E+00  0.000E+00  0.000E+00  0.000E+00  0.000E+00  0.000E+00
  0.000E+00  0.000E+00  0.000E+00  0.000E+00  0.000E+00  0.000E+00  0.000E+00  0.000E+00  0.000E+00  0.000E+00
  0.000E+00  0.000E+00  0.000E+00  0.000E+00  0.000E+00  0.000E+00  0.000E+00  0.000E+00  0.000E+00  0.000E+00
  0.000E+00  0.000E+00  0.000E+00  0.000E+00  0.000E+00  0.000E+00  0.000E+00  0.000E+00  0.000E+00  0.000E+00
  0.000E+00  0.000E+00  0.000E+00  0.000E+00  0.000E+00  0.000E+00  0.000E+00  0.000E+00  0.000E+00  0.000E+00
  0.000E+00  0.000E+00  0.000E+00  0.000E+00  0.000E+00  0.000E+00  0.000E+00  0.000E+00  0.000E+00  0.000E+00
  0.000E+00  0.000E+00  0.000E+00  0.000E+00  0.000E+00  0.000E+00  0.000E+00  0.000E+00  0.000E+00  0.000E+00
  0.000E+00  0.000E+00  0.000E+00  0.000E+00  0.000E+00  0.000E+00  0.000E+00  0.000E+00  0.000E+00  0.000E+00
  0.000E+00  0.000E+00  0.000E+00  0.000E+00  0.000E+00  0.000E+00  0.000E+00  0.000E+00  0.000E+00  0.000E+00
  0.000E+00  0.000E+00  0.000E+00  0.000E+00  0.000E+00  0.000E+00  0.000E+00  0.000E+00  0.000E+00  0.000E+00
  0.000E+00  0.000E+00  0.000E+00  0.000E+00  0.000E+00  0.000E+00  0.000E+00  0.000E+00  0.000E+00  0.000E+00
  0.000E+00  0.000E+00  0.000E+00  0.000E+00  0.000E+00  0.000E+00  0.000E+00  0.000E+00  0.000E+00  0.000E+00
  0.000E+00  0.000E+00  0.000E+00  0.000E+00  0.000E+00  0.000E+00  0.000E+00  0.000E+00  0.000E+00  0.000E+00
  0.000E+00  0.000E+00  0.000E+00  0.000E+00  0.000E+00  0.000E+00  0.000E+00  0.000E+00  0.000E+00  0.000E+00
  0.000E+00  0.000E+00  0.000E+00  0.000E+00  0.000E+00  0.000E+00  0.000E+00  0.000E+00  0.000E+00  0.000E+00
  0.000E+00  0.000E+00  0.000E+00  0.000E+00  0.000E+00  0.000E+00  0.000E+00  0.000E+00  0.000E+00  0.000E+00
  0.000E+00  0.000E+00  0.000E+00  0.000E+00  0.000E+00  0.000E+00  0.000E+00  0.000E+00  0.000E+00  0.000E+00
  0.000E+00  0.000E+00  0.000E+00  0.000E+00  0.000E+00  0.000E+00  0.000E+00  0.000E+00  0.000E+00  0.000E+00
  0.000E+00  0.000E+00  0.000E+00  0.000E+00  0.000E+00  0.000E+00  0.000E+00  0.000E+00  0.000E+00  0.000E+00
  0.000E+00  0.000E+00  0.000E+00  0.000E+00  0.000E+00  0.000E+00  0.000E+00  0.000E+00  0.000E+00  0.000E+00
  0.000E+00  0.000E+00  0.000E+00  0.000E+00  0.000E+00  0.000E+00  0.000E+00  0.000E+00  0.000E+00  0.000E+00
  0.000E+00  0.000E+00  0.000E+00  0.000E+00  0.000E+00  0.000E+00  0.000E+00  0.000E+00  0.000E+00  0.000E+00
  0.000E+00  0.000E+00  0.000E+00  0.000E+00  0.000E+00  0.000E+00  0.000E+00  0.000E+00  0.000E+00  0.000E+00
  0.000E+00  0.000E+00  0.000E+00  0.000E+00  0.000E+00  0.000E+00  0.000E+00  0.000E+00  0.000E+00  0.000E+00
  0.000E+00  0.000E+00  0.000E+00  0.000E+00  0.000E+00  0.000E+00  0.000E+00  0.000E+00  0.000E+00  0.000E+00
  0.000E+00  0.000E+00  0.000E+00  0.000E+00  0.000E+00  0.000E+00  0.000E+00  0.000E+00  0.000E+00  0.000E+00
  0.000E+00  0.000E+00  0.000E+00  0.000E+00  0.000E+00  0.000E+00  0.000E+00  0.000E+00  0.000E+00  0.000E+00
  0.000E+00  0.000E+00  0.000E+00  0.000E+00  0.000E+00  0.000E+00  0.000E+00  0.000E+00  0.000E+00  0.000E+00
  0.000E+00  0.000E+00  0.000E+00  0.000E+00  0.000E+00  0.000E+00  0.000E+00  0.000E+00  0.000E+00  0.000E+00
  0.000E+00  0.000E+00  0.000E+00  0.000E+00  0.000E+00  0.000E+00  0.000E+00  0.000E+00  0.000E+00  0.000E+00
  0.000E+00  0.000E+00  0.000E+00  0.000E+00  0.000E+00  0.000E+00  0.000E+00  0.000E+00  0.000E+00  0.000E+00
  0.000E+00  0.000E+00  0.000E+00  0.000E+00  0.000E+00  0.000E+00  0.000E+00  0.000E+00  0.000E+00  0.000E+00
  0.000E+00  0.000E+00  0.000E+00  0.000E+00  0.000E+00  0.000E+00  0.000E+00  0.000E+00  0.000E+00  0.000E+00
  0.000E+00  0.000E+00  0.000E+00  0.000E+00  0.000E+00  0.000E+00  0.000E+00  0.000E+00  0.000E+00  0.000E+00
  0.000E+00  0.000E+00  0.000E+00  0.000E+00  0.000E+00  0.000E+00  0.000E+00  0.000E+00  0.000E+00  0.000E+00
  0.000E+00  0.000E+00  0.000E+00  0.000E+00  0.000E+00  0.000E+00  0.000E+00  0.000E+00  0.000E+00  0.000E+00
  0.000E+00  0.000E+00  0.000E+00  0.000E+00  0.000E+00  0.000E+00  0.000E+00  0.000E+00  0.000E+00  0.000E+00
  0.000E+00  0.000E+00  0.000E+00  0.000E+00  0.000E+00  0.000E+00  0.000E+00  0.000E+00  0.000E+00  0.000E+00
  0.000E+00  0.000E+00  0.000E+00  0.000E+00  0.000E+00  0.000E+00  0.000E+00  0.000E+00  0.000E+00  0.000E+00
  0.000E+00  0.000E+00  0.000E+00  0.000E+00  0.000E+00  0.000E+00  0.000E+00  0.000E+00  0.000E+00  0.000E+00
  0.000E+00  0.000E+00  0.000E+00  0.000E+00  0.000E+00  0.000E+00  0.000E+00  0.000E+00  0.000E+00  0.000E+00
  0.000E+00  0.000E+00  0.000E+00  0.000E+00  0.000E+00  0.000E+00  0.000E+00  0.000E+00  0.000E+00  0.000E+00
  0.000E+00  0.000E+00  0.000E+00  0.000E+00  0.000E+00  0.000E+00  0.000E+00  0.000E+00  0.000E+00  0.000E+00
  0.000E+00  0.000E+00  0.000E+00  0.000E+00  0.000E+00  0.000E+00  0.000E+00  0.000E+00  0.000E+00  0.000E+00
  0.000E+00  0.000E+00  0.000E+00  0.000E+00  0.000E+00  0.000E+00  0.000E+00  0.000E+00  0.000E+00  0.000E+00
  0.000E+00  0.000E+00  0.000E+00  0.000E+00  0.000E+00  0.000E+00  0.000E+00  0.000E+00  0.000E+00  0.000E+00
  0.000E+00  0.000E+00  0.000E+00  0.000E+00  0.000E+00  0.000E+00  0.000E+00  0.000E+00  0.000E+00  0.000E+00
  0.000E+00  0.000E+00  0.000E+00  0.000E+00  0.000E+00  0.000E+00  0.000E+00  0.000E+00  0.000E+00  0.000E+00
  0.000E+00  0.000E+00  0.000E+00  0.000E+00  0.000E+00  0.000E+00  0.000E+00  0.000E+00  0.000E+00  0.000E+00
  0.000E+00  0.000E+00  0.000E+00  0.000E+00  0.000E+00  0.000E+00  0.000E+00  0.000E+00  0.000E+00  0.000E+00
  0.000E+00  0.000E+00  0.000E+00  0.000E+00  0.000E+00  0.000E+00  0.000E+00  0.000E+00  0.000E+00  0.000E+00
  0.000E+00  0.000E+00  0.000E+00  0.000E+00  0.000E+00  0.000E+00  0.000E+00  0.000E+00  0.000E+00  0.000E+00
  0.000E+00  0.000E+00  0.000E+00  0.000E+00  0.000E+00  0.000E+00  0.000E+00  0.000E+00  0.000E+00  0.000E+00
  0.000E+00  0.000E+00  0.000E+00  0.000E+00  0.000E+00  0.000E+00  0.000E+00  0.000E+00  0.000E+00  0.000E+00
  0.000E+00  0.000E+00  0.000E+00  0.000E+00  0.000E+00  0.000E+00  0.000E+00  0.000E+00  0.000E+00  0.000E+00
  0.000E+00  0.000E+00  0.000E+00  0.000E+00  0.000E+00  0.000E+00  0.000E+00  0.000E+00  0.000E+00  0.000E+00
  0.000E+00  0.000E+00  0.000E+00  0.000E+00  0.000E+00  0.000E+00  0.000E+00  0.000E+00  0.000E+00  0.000E+00
  0.000E+00  0.000E+00  0.000E+00  0.000E+00  0.000E+00  0.000E+00  0.000E+00  0.000E+00  0.000E+00  0.000E+00
  0.000E+00  0.000E+00  0.000E+00  0.000E+00  0.000E+00  0.000E+00  0.000E+00  0.000E+00  0.000E+00  0.000E+00
  0.000E+00  0.000E+00  0.000E+00  0.000E+00  0.000E+00  0.000E+00  0.000E+00  0.000E+00  0.000E+00  0.000E+00
  0.000E+00  0.000E+00  0.000E+00  0.000E+00  0.000E+00  0.000E+00  0.000E+00  0.000E+00  0.000E+00  0.000E+00
  0.000E+00  0.000E+00  0.000E+00  0.000E+00  0.000E+00  0.000E+00  0.000E+00  0.000E+00  0.000E+00  0.000E+00
  0.000E+00  0.000E+00  0.000E+00  0.000E+00  0.000E+00  0.000E+00  0.000E+00  0.000E+00  0.000E+00  0.000E+00
  0.000E+00  0.000E+00  0.000E+00  0.000E+00  0.000E+00  0.000E+00  0.000E+00  0.000E+00  0.000E+00  0.000E+00
  0.000E+00  0.000E+00  0.000E+00  0.000E+00  0.000E+00  0.000E+00  0.000E+00  0.000E+00  0.000E+00  0.000E+00
  0.000E+00  0.000E+00  0.000E+00  0.000E+00  0.000E+00  0.000E+00  0.000E+00  0.000E+00  0.000E+00  0.000E+00
  0.000E+00  0.000E+00  0.000E+00  0.000E+00  0.000E+00  0.000E+00  0.000E+00  0.000E+00  0.000E+00  0.000E+00
  0.000E+00  0.000E+00  0.000E+00  0.000E+00  0.000E+00  0.000E+00  0.000E+00  0.000E+00  0.000E+00  0.000E+00
  0.000E+00  0.000E+00  0.000E+00  0.000E+00  0.000E+00  0.000E+00  0.000E+00  0.000E+00  0.000E+00  0.000E+00
  0.000E+00  0.000E+00  0.000E+00  0.000E+00  0.000E+00  0.000E+00  0.000E+00  0.000E+00  0.000E+00  0.000E+00
  0.000E+00  0.000E+00  0.000E+00  0.000E+00  0.000E+00  0.000E+00  0.000E+00  0.000E+00  0.000E+00  0.000E+00
  0.000E+00  0.000E+00  0.000E+00  0.000E+00  0.000E+00  0.000E+00  0.000E+00  0.000E+00  0.000E+00  0.000E+00
  0.000E+00  0.000E+00  0.000E+00  0.000E+00  0.000E+00  0.000E+00  0.000E+00  0.000E+00  0.000E+00  0.000E+00
  0.000E+00  0.000E+00  0.000E+00  0.000E+00  0.000E+00  0.000E+00  0.000E+00  0.000E+00  0.000E+00  0.000E+00
  0.000E+00  0.000E+00  0.000E+00  0.000E+00  0.000E+00  0.000E+00  0.000E+00  0.000E+00  0.000E+00  0.000E+00
  0.000E+00  0.000E+00  0.000E+00  0.000E+00  0.000E+00  0.000E+00  0.000E+00  0.000E+00  0.000E+00  0.000E+00
  0.000E+00  0.000E+00  0.000E+00  0.000E+00  0.000E+00  0.000E+00  0.000E+00  0.000E+00  0.000E+00  0.000E+00
  0.000E+00  0.000E+00  0.000E+00  0.000E+00  0.000E+00  0.000E+00  0.000E+00  0.000E+00  0.000E+00  0.000E+00
  0.000E+00  0.000E+00  0.000E+00  0.000E+00  0.000E+00  0.000E+00  0.000E+00  0.000E+00  0.000E+00  0.000E+00
  0.000E+00  0.000E+00  0.000E+00  0.000E+00  0.000E+00  0.000E+00  0.000E+00  0.000E+00  0.000E+00  0.000E+00
  0.000E+00  0.000E+00  0.000E+00  0.000E+00  0.000E+00  0.000E+00  0.000E+00  0.000E+00  0.000E+00  0.000E+00
  0.000E+00  0.000E+00  0.000E+00  0.000E+00  0.000E+00  0.000E+00  0.000E+00  0.000E+00  0.000E+00  0.000E+00
  0.000E+00  0.000E+00  0.000E+00  0.000E+00  0.000E+00  0.000E+00  0.000E+00  0.000E+00  0.000E+00  0.000E+00
  0.000E+00  0.000E+00  0.000E+00  0.000E+00  0.000E+00  0.000E+00  0.000E+00  0.000E+00  0.000E+00  0.000E+00
  0.000E+00  0.000E+00  0.000E+00  0.000E+00  0.000E+00  0.000E+00  0.000E+00  0.000E+00  0.000E+00  0.000E+00
  0.000E+00  0.000E+00  0.000E+00  0.000E+00  0.000E+00  0.000E+00  0.000E+00  0.000E+00  0.000E+00  0.000E+00
  0.000E+00  0.000E+00  0.000E+00  0.000E+00  0.000E+00  0.000E+00  0.000E+00  0.000E+00  0.000E+00  0.000E+00
  0.000E+00  0.000E+00  0.000E+00  0.000E+00  0.000E+00  0.000E+00  0.000E+00  0.000E+00  0.000E+00  0.000E+00
  0.000E+00  0.000E+00  0.000E+00  0.000E+00  0.000E+00  0.000E+00  0.000E+00  0.000E+00  0.000E+00  0.000E+00
  0.000E+00  0.000E+00  0.000E+00  0.000E+00  0.000E+00  0.000E+00  0.000E+00  0.000E+00  0.000E+00  0.000E+00
  0.000E+00  0.000E+00  0.000E+00  0.000E+00  0.000E+00  0.000E+00  0.000E+00  0.000E+00  0.000E+00  0.000E+00
  0.000E+00  0.000E+00  0.000E+00  0.000E+00  0.000E+00  0.000E+00  0.000E+00  0.000E+00  0.000E+00  0.000E+00
  0.000E+00  0.000E+00  0.000E+00  0.000E+00  0.000E+00  0.000E+00  0.000E+00  0.000E+00  0.000E+00  0.000E+00
  0.000E+00  0.000E+00  0.000E+00  0.000E+00  0.000E+00  0.000E+00  0.000E+00  0.000E+00  0.000E+00  0.000E+00
  0.000E+00  0.000E+00  0.000E+00  0.000E+00  0.000E+00  0.000E+00  0.000E+00  0.000E+00  0.000E+00  0.000E+00
  0.000E+00  0.000E+00  0.000E+00  0.000E+00  0.000E+00  0.000E+00  0.000E+00  0.000E+00  0.000E+00  0.000E+00
  0.000E+00  0.000E+00  0.000E+00  0.000E+00  0.000E+00  0.000E+00  0.000E+00  0.000E+00  0.000E+00  0.000E+00
  0.000E+00  0.000E+00  0.000E+00  0.000E+00  0.000E+00  0.000E+00  0.000E+00  0.000E+00  0.000E+00  0.000E+00
  0.000E+00  0.000E+00  0.000E+00  0.000E+00  0.000E+00  0.000E+00  0.000E+00  0.000E+00  0.000E+00  0.000E+00
  0.000E+00  0.000E+00  0.000E+00  0.000E+00  0.000E+00  0.000E+00  0.000E+00  0.000E+00  0.000E+00  0.000E+00
  0.000E+00  0.000E+00  0.000E+00  0.000E+00  0.000E+00  0.000E+00  0.000E+00  0.000E+00  0.000E+00  0.000E+00
  0.000E+00  0.000E+00  0.000E+00  0.000E+00  0.000E+00  0.000E+00  0.000E+00  0.000E+00  0.000E+00  0.000E+00
  0.000E+00  0.000E+00  0.000E+00  0.000E+00  0.000E+00  0.000E+00  0.000E+00  0.000E+00  0.000E+00  0.000E+00
  0.000E+00  0.000E+00  0.000E+00  0.000E+00  0.000E+00  0.000E+00  0.000E+00  0.000E+00  0.000E+00  0.000E+00
  0.000E+00  0.000E+00  0.000E+00  0.000E+00  0.000E+00  0.000E+00  0.000E+00  0.000E+00  0.000E+00  0.000E+00
  0.000E+00  0.000E+00  0.000E+00  0.000E+00  0.000E+00  0.000E+00  0.000E+00  0.000E+00  0.000E+00  0.000E+00
  0.000E+00  0.000E+00  0.000E+00  0.000E+00  0.000E+00  0.000E+00  0.000E+00  0.000E+00  0.000E+00  0.000E+00
  0.000E+00  0.000E+00  0.000E+00  0.000E+00  0.000E+00  0.000E+00  0.000E+00  0.000E+00  0.000E+00  0.000E+00
  0.000E+00  0.000E+00  0.000E+00  0.000E+00  0.000E+00  0.000E+00  0.000E+00  0.000E+00  0.000E+00  0.000E+00
  0.000E+00  0.000E+00  0.000E+00  0.000E+00  0.000E+00  0.000E+00  0.000E+00  0.000E+00  0.000E+00  0.000E+00
  0.000E+00  0.000E+00  0.000E+00  0.000E+00  0.000E+00  0.000E+00  0.000E+00  0.000E+00  0.000E+00  0.000E+00
  0.000E+00  0.000E+00  0.000E+00  0.000E+00  0.000E+00  0.000E+00  0.000E+00  0.000E+00  0.000E+00  0.000E+00
  0.000E+00  0.000E+00  0.000E+00  0.000E+00  0.000E+00  0.000E+00  0.000E+00  0.000E+00  0.000E+00  0.000E+00
  0.000E+00  0.000E+00  0.000E+00  0.000E+00  0.000E+00  0.000E+00  0.000E+00  0.000E+00  0.000E+00  0.000E+00
  0.000E+00  0.000E+00  0.000E+00  0.000E+00  0.000E+00  0.000E+00  0.000E+00  0.000E+00  0.000E+00  0.000E+00
  0.000E+00  0.000E+00  0.000E+00  0.000E+00  0.000E+00  0.000E+00  0.000E+00  0.000E+00  0.000E+00  0.000E+00
  0.000E+00  0.000E+00  0.000E+00  0.000E+00  0.000E+00  0.000E+00  0.000E+00  0.000E+00  0.000E+00  0.000E+00
  0.000E+00  0.000E+00  0.000E+00  0.000E+00  0.000E+00  0.000E+00  0.000E+00  0.000E+00  0.000E+00  0.000E+00
  0.000E+00  0.000E+00  0.000E+00  0.000E+00  0.000E+00  0.000E+00  0.000E+00  0.000E+00  0.000E+00  0.000E+00
  0.000E+00  0.000E+00  0.000E+00  0.000E+00  0.000E+00  0.000E+00  0.000E+00  0.000E+00  0.000E+00  0.000E+00
  0.000E+00  0.000E+00  0.000E+00  0.000E+00  0.000E+00  0.000E+00  0.000E+00  0.000E+00  0.000E+00  0.000E+00
  0.000E+00  0.000E+00  0.000E+00  0.000E+00  0.000E+00  0.000E+00  0.000E+00  0.000E+00  0.000E+00  0.000E+00
  0.000E+00  0.000E+00  0.000E+00  0.000E+00  0.000E+00  0.000E+00  0.000E+00  0.000E+00  0.000E+00  0.000E+00
  0.000E+00  0.000E+00  0.000E+00  0.000E+00  0.000E+00  0.000E+00  0.000E+00  0.000E+00  0.000E+00  0.000E+00
  0.000E+00  0.000E+00  0.000E+00  0.000E+00  0.000E+00  0.000E+00  0.000E+00  0.000E+00  0.000E+00  0.000E+00
  0.000E+00  0.000E+00  0.000E+00  0.000E+00  0.000E+00  0.000E+00  0.000E+00  0.000E+00  0.000E+00  0.000E+00
  0.000E+00  0.000E+00  0.000E+00  0.000E+00  0.000E+00  0.000E+00  0.000E+00  0.000E+00  0.000E+00  0.000E+00
  0.000E+00  0.000E+00  0.000E+00  0.000E+00  0.000E+00  0.000E+00  0.000E+00  0.000E+00  0.000E+00  0.000E+00
  0.000E+00  0.000E+00  0.000E+00  0.000E+00  0.000E+00  0.000E+00  0.000E+00  0.000E+00  0.000E+00  0.000E+00
  0.000E+00  0.000E+00  0.000E+00  0.000E+00  0.000E+00  0.000E+00  0.000E+00  0.000E+00  0.000E+00  0.000E+00
  0.000E+00  0.000E+00  0.000E+00  0.000E+00  0.000E+00  0.000E+00  0.000E+00  0.000E+00  0.000E+00  0.000E+00
  0.000E+00  0.000E+00  0.000E+00  0.000E+00  0.000E+00  0.000E+00  0.000E+00  0.000E+00  0.000E+00  0.000E+00
  0.000E+00  0.000E+00  0.000E+00  0.000E+00  0.000E+00  0.000E+00  0.000E+00  0.000E+00  0.000E+00  0.000E+00
  0.000E+00  0.000E+00  0.000E+00  0.000E+00  0.000E+00  0.000E+00  0.000E+00  0.000E+00  0.000E+00  0.000E+00
  0.000E+00  0.000E+00  0.000E+00  0.000E+00  0.000E+00  0.000E+00  0.000E+00  0.000E+00  0.000E+00  0.000E+00
  0.000E+00  0.000E+00  0.000E+00  0.000E+00  0.000E+00  0.000E+00  0.000E+00  0.000E+00  0.000E+00  0.000E+00
  0.000E+00  0.000E+00  0.000E+00  0.000E+00  0.000E+00  0.000E+00  0.000E+00  0.000E+00  0.000E+00  0.000E+00
  0.000E+00  0.000E+00  0.000E+00  0.000E+00  0.000E+00  0.000E+00  0.000E+00  0.000E+00  0.000E+00  0.000E+00
  0.000E+00  0.000E+00  0.000E+00  0.000E+00  0.000E+00  0.000E+00  0.000E+00  0.000E+00  0.000E+00  0.000E+00
  0.000E+00  0.000E+00  0.000E+00  0.000E+00  0.000E+00  0.000E+00  0.000E+00  0.000E+00  0.000E+00  0.000E+00
  0.000E+00  0.000E+00  0.000E+00  0.000E+00  0.000E+00  0.000E+00  0.000E+00  0.000E+00  0.000E+00  0.000E+00
  0.000E+00  0.000E+00  0.000E+00  0.000E+00  0.000E+00  0.000E+00  0.000E+00  0.000E+00  0.000E+00  0.000E+00
  0.000E+00  0.000E+00  0.000E+00  0.000E+00  0.000E+00  0.000E+00  0.000E+00  0.000E+00  0.000E+00  0.000E+00
  0.000E+00  0.000E+00  0.000E+00  0.000E+00  0.000E+00  0.000E+00  0.000E+00  0.000E+00  0.000E+00  0.000E+00
  0.000E+00  0.000E+00  0.000E+00  0.000E+00  0.000E+00  0.000E+00  0.000E+00  0.000E+00  0.000E+00  0.000E+00
  0.000E+00  0.000E+00  0.000E+00  0.000E+00  0.000E+00  0.000E+00  0.000E+00  0.000E+00  0.000E+00  0.000E+00
  0.000E+00  0.000E+00  0.000E+00  0.000E+00  0.000E+00  0.000E+00  0.000E+00  0.000E+00  0.000E+00  0.000E+00
  0.000E+00  0.000E+00  0.000E+00  0.000E+00  0.000E+00  0.000E+00  0.000E+00  0.000E+00  0.000E+00  0.000E+00
  0.000E+00  0.000E+00  0.000E+00  0.000E+00  0.000E+00  0.000E+00  0.000E+00  0.000E+00  0.000E+00  0.000E+00
  0.000E+00  0.000E+00  0.000E+00  0.000E+00  0.000E+00  0.000E+00  0.000E+00  0.000E+00  0.000E+00  0.000E+00
  0.000E+00  0.000E+00  0.000E+00  0.000E+00  0.000E+00  0.000E+00  0.000E+00  0.000E+00  0.000E+00  0.000E+00
  0.000E+00  0.000E+00  0.000E+00  0.000E+00  0.000E+00  0.000E+00  0.000E+00  0.000E+00  0.000E+00  0.000E+00
  0.000E+00  0.000E+00  0.000E+00  0.000E+00  0.000E+00  0.000E+00  0.000E+00  0.000E+00  0.000E+00  0.000E+00
  0.000E+00  0.000E+00  0.000E+00  0.000E+00  0.000E+00  0.000E+00  0.000E+00  0.000E+00  0.000E+00  0.000E+00
  0.000E+00  0.000E+00  0.000E+00  0.000E+00  0.000E+00  0.000E+00  0.000E+00  0.000E+00  0.000E+00  0.000E+00
  0.000E+00  0.000E+00  0.000E+00  0.000E+00  0.000E+00  0.000E+00  0.000E+00  0.000E+00  0.000E+00  0.000E+00
  0.000E+00  0.000E+00  0.000E+00  0.000E+00  0.000E+00  0.000E+00  0.000E+00  0.000E+00  0.000E+00  0.000E+00
  0.000E+00  0.000E+00  0.000E+00  0.000E+00  0.000E+00  0.000E+00  0.000E+00  0.000E+00  0.000E+00  0.000E+00
  0.000E+00  0.000E+00  0.000E+00  0.000E+00  0.000E+00  0.000E+00  0.000E+00  0.000E+00  0.000E+00  0.000E+00
  0.000E+00  0.000E+00  0.000E+00  0.000E+00  0.000E+00  0.000E+00  0.000E+00  0.000E+00  0.000E+00  0.000E+00
  0.000E+00  0.000E+00  0.000E+00  0.000E+00  0.000E+00  0.000E+00  0.000E+00  0.000E+00  0.000E+00  0.000E+00
  0.000E+00  0.000E+00  0.000E+00  0.000E+00  0.000E+00  0.000E+00  0.000E+00  0.000E+00  0.000E+00  0.000E+00
  0.000E+00  0.000E+00  0.000E+00  0.000E+00  0.000E+00  0.000E+00  0.000E+00  0.000E+00  0.000E+00  0.000E+00
  0.000E+00  0.000E+00  0.000E+00  0.000E+00  0.000E+00  0.000E+00  0.000E+00  0.000E+00  0.000E+00  0.000E+00
  0.000E+00  0.000E+00  0.000E+00  0.000E+00  0.000E+00  0.000E+00  0.000E+00  0.000E+00  0.000E+00  0.000E+00
  0.000E+00  0.000E+00  0.000E+00  0.000E+00  0.000E+00  0.000E+00  0.000E+00  0.000E+00  0.000E+00  0.000E+00
  0.000E+00  0.000E+00  0.000E+00  0.000E+00  0.000E+00  0.000E+00  0.000E+00  0.000E+00  0.000E+00  0.000E+00
  0.000E+00  0.000E+00  0.000E+00  0.000E+00  0.000E+00  0.000E+00  0.000E+00  0.000E+00  0.000E+00  0.000E+00
  0.000E+00  0.000E+00  0.000E+00  0.000E+00  0.000E+00  0.000E+00  0.000E+00  0.000E+00  0.000E+00  0.000E+00
  0.000E+00  0.000E+00  0.000E+00  0.000E+00  0.000E+00  0.000E+00  0.000E+00  0.000E+00  0.000E+00  0.000E+00
  0.000E+00  0.000E+00  0.000E+00  0.000E+00  0.000E+00  0.000E+00  0.000E+00  0.000E+00  0.000E+00  0.000E+00
  0.000E+00  0.000E+00  0.000E+00  0.000E+00  0.000E+00  0.000E+00  0.000E+00  0.000E+00  0.000E+00  0.000E+00
  0.000E+00  0.000E+00  0.000E+00  0.000E+00  0.000E+00  0.000E+00  0.000E+00  0.000E+00  0.000E+00  0.000E+00
  0.000E+00  0.000E+00  0.000E+00  0.000E+00  0.000E+00  0.000E+00  0.000E+00  0.000E+00  0.000E+00  0.000E+00
  0.000E+00  0.000E+00  0.000E+00  0.000E+00  0.000E+00  0.000E+00  0.000E+00  0.000E+00  0.000E+00  0.000E+00
  0.000E+00  0.000E+00  0.000E+00  0.000E+00  0.000E+00  0.000E+00  0.000E+00  0.000E+00  0.000E+00  0.000E+00
  0.000E+00  0.000E+00  0.000E+00  0.000E+00  0.000E+00  0.000E+00  0.000E+00  0.000E+00  0.000E+00  0.000E+00
  0.000E+00  0.000E+00  0.000E+00  0.000E+00  0.000E+00  0.000E+00  0.000E+00  0.000E+00  0.000E+00  0.000E+00
  0.000E+00  0.000E+00  0.000E+00  0.000E+00  0.000E+00  0.000E+00  0.000E+00  0.000E+00  0.000E+00  0.000E+00
  0.000E+00  0.000E+00  0.000E+00  0.000E+00  0.000E+00  0.000E+00  0.000E+00  0.000E+00  0.000E+00  0.000E+00
  0.000E+00  0.000E+00  0.000E+00  0.000E+00  0.000E+00  0.000E+00  0.000E+00  0.000E+00  0.000E+00  0.000E+00
  0.000E+00  0.000E+00  0.000E+00  0.000E+00  0.000E+00  0.000E+00  0.000E+00  0.000E+00  0.000E+00  0.000E+00
  0.000E+00  0.000E+00  0.000E+00  0.000E+00  0.000E+00  0.000E+00  0.000E+00  0.000E+00  0.000E+00  0.000E+00
  0.000E+00  0.000E+00  0.000E+00  0.000E+00  0.000E+00  0.000E+00  0.000E+00  0.000E+00  0.000E+00  0.000E+00
  0.000E+00  0.000E+00  0.000E+00  0.000E+00  0.000E+00  0.000E+00  0.000E+00  0.000E+00  0.000E+00  0.000E+00
  0.000E+00  0.000E+00  0.000E+00  0.000E+00  0.000E+00  0.000E+00  0.000E+00  0.000E+00  0.000E+00  0.000E+00
  0.000E+00  0.000E+00  0.000E+00  0.000E+00  0.000E+00  0.000E+00  0.000E+00  0.000E+00  0.000E+00  0.000E+00
  0.000E+00  0.000E+00  0.000E+00  0.000E+00  0.000E+00  0.000E+00  0.000E+00  0.000E+00  0.000E+00  0.000E+00
  0.000E+00  0.000E+00  0.000E+00  0.000E+00  0.000E+00  0.000E+00  0.000E+00  0.000E+00  0.000E+00  0.000E+00
  0.000E+00  0.000E+00  0.000E+00  0.000E+00  0.000E+00  0.000E+00  0.000E+00  0.000E+00  0.000E+00  0.000E+00
  0.000E+00  0.000E+00  0.000E+00  0.000E+00  0.000E+00  0.000E+00  0.000E+00  0.000E+00  0.000E+00  0.000E+00
  0.000E+00  0.000E+00  0.000E+00  0.000E+00  0.000E+00  0.000E+00  0.000E+00  0.000E+00  0.000E+00  0.000E+00
  0.000E+00  0.000E+00  0.000E+00  0.000E+00  0.000E+00  0.000E+00  0.000E+00  0.000E+00  0.000E+00  0.000E+00
  0.000E+00  0.000E+00  0.000E+00  0.000E+00  0.000E+00  0.000E+00  0.000E+00  0.000E+00  0.000E+00  0.000E+00
  0.000E+00  0.000E+00  0.000E+00  0.000E+00  0.000E+00  0.000E+00  0.000E+00  0.000E+00  0.000E+00  0.000E+00
  0.000E+00  0.000E+00  0.000E+00  0.000E+00  0.000E+00  0.000E+00  0.000E+00  0.000E+00  0.000E+00  0.000E+00
  0.000E+00  0.000E+00  0.000E+00  0.000E+00  0.000E+00  0.000E+00  0.000E+00  0.000E+00  0.000E+00  0.000E+00
  0.000E+00  0.000E+00  0.000E+00  0.000E+00  0.000E+00  0.000E+00  0.000E+00  0.000E+00  0.000E+00  0.000E+00
  0.000E+00  0.000E+00  0.000E+00  0.000E+00  0.000E+00  0.000E+00  0.000E+00  0.000E+00  0.000E+00  0.000E+00
  0.000E+00  0.000E+00  0.000E+00  0.000E+00  0.000E+00  0.000E+00  0.000E+00  0.000E+00  0.000E+00  0.000E+00
  0.000E+00  0.000E+00  0.000E+00  0.000E+00  0.000E+00  0.000E+00  0.000E+00  0.000E+00  0.000E+00  0.000E+00
  0.000E+00  0.000E+00  0.000E+00  0.000E+00  0.000E+00  0.000E+00  0.000E+00  0.000E+00  0.000E+00  0.000E+00
  0.000E+00  0.000E+00  0.000E+00  0.000E+00  0.000E+00  0.000E+00  0.000E+00  0.000E+00  0.000E+00  0.000E+00
  0.000E+00  0.000E+00  0.000E+00  0.000E+00  0.000E+00  0.000E+00  0.000E+00  0.000E+00  0.000E+00  0.000E+00
  0.000E+00  0.000E+00  0.000E+00  0.000E+00  0.000E+00  0.000E+00  0.000E+00  0.000E+00  0.000E+00  0.000E+00
  0.000E+00  0.000E+00  0.000E+00  0.000E+00  0.000E+00  0.000E+00  0.000E+00  0.000E+00  0.000E+00  0.000E+00
  0.000E+00  0.000E+00  0.000E+00  0.000E+00  0.000E+00  0.000E+00  0.000E+00  0.000E+00  0.000E+00  0.000E+00
  0.000E+00  0.000E+00  0.000E+00  0.000E+00  0.000E+00  0.000E+00  0.000E+00  0.000E+00  0.000E+00  0.000E+00
  0.000E+00  0.000E+00  0.000E+00  0.000E+00  0.000E+00  0.000E+00  0.000E+00  0.000E+00  0.000E+00  0.000E+00
  0.000E+00  0.000E+00  0.000E+00  0.000E+00  0.000E+00  0.000E+00  0.000E+00  0.000E+00  0.000E+00  0.000E+00
  0.000E+00  0.000E+00  0.000E+00  0.000E+00  0.000E+00  0.000E+00  0.000E+00  0.000E+00  0.000E+00  0.000E+00

#------------------------------------------------------------------------------
# gshow
#------------------------------------------------------------------------------

p: legs[c5*0.875]

hb:   line clip z  
frame:
  0.0000000E+00 -4.2000000E+00
  8.4000000E+00 -4.2000000E+00
  8.4000000E+00  4.2000000E+00
  0.0000000E+00  4.2000000E+00
clip:
 -9.230768E-02 -4.364706E+00
  0.000000E+00 -4.364706E+00
  0.000000E+00 -4.272398E+00
  0.000000E+00 -4.190118E+00
  0.000000E+00 -4.097810E+00
  0.000000E+00 -4.015529E+00
  0.000000E+00 -3.923222E+00
  0.000000E+00 -3.840941E+00
  0.000000E+00 -3.748633E+00
  0.000000E+00 -3.666353E+00
  0.000000E+00 -3.574045E+00
  0.000000E+00 -3.491765E+00
  0.000000E+00 -3.399457E+00
  0.000000E+00 -3.317176E+00
  0.000000E+00 -3.224869E+00
  0.000000E+00 -3.142588E+00
  0.000000E+00 -3.050281E+00
  0.000000E+00 -2.968000E+00
  0.000000E+00 -2.875692E+00
  0.000000E+00 -2.793412E+00
  0.000000E+00 -2.701104E+00
  0.000000E+00 -2.618824E+00
  0.000000E+00 -2.526516E+00
  0.000000E+00 -2.444235E+00
  0.000000E+00 -2.351928E+00
  0.000000E+00 -2.269647E+00
  0.000000E+00 -2.177339E+00
  0.000000E+00 -2.095059E+00
  0.000000E+00 -2.002751E+00
  0.000000E+00 -1.920471E+00
  0.000000E+00 -1.828163E+00
  0.000000E+00 -1.745882E+00
  0.000000E+00 -1.653575E+00
  0.000000E+00 -1.571294E+00
  0.000000E+00 -1.478986E+00
  0.000000E+00 -1.396706E+00
  0.000000E+00 -1.304398E+00
  0.000000E+00 -1.222118E+00
  0.000000E+00 -1.129810E+00
  0.000000E+00 -1.047529E+00
  0.000000E+00 -9.552217E-01
  0.000000E+00 -8.729412E-01
  0.000000E+00 -7.806335E-01
  0.000000E+00 -6.983529E-01
  0.000000E+00 -6.060452E-01
  0.000000E+00 -5.237647E-01
  0.000000E+00 -4.314570E-01
  0.000000E+00 -3.491764E-01
  0.000000E+00 -2.568688E-01
  0.000000E+00 -1.745882E-01
  0.000000E+00 -8.228053E-02
  0.000000E+00  2.345679E-08
  0.000000E+00  9.230770E-02
  0.000000E+00  1.745883E-01
  0.000000E+00  2.668959E-01
  0.000000E+00  3.491765E-01
  0.000000E+00  4.414842E-01
  0.000000E+00  5.237647E-01
  0.000000E+00  6.160724E-01
  0.000000E+00  6.983530E-01
  0.000000E+00  7.906606E-01
  0.000000E+00  8.729412E-01
  0.000000E+00  9.652489E-01
  0.000000E+00  1.047529E+00
  0.000000E+00  1.139837E+00
  0.000000E+00  1.222118E+00
  0.000000E+00  1.314425E+00
  0.000000E+00  1.396706E+00
  0.000000E+00  1.489014E+00
  0.000000E+00  1.571294E+00
  0.000000E+00  1.663602E+00
  0.000000E+00  1.745882E+00
  0.000000E+00  1.838190E+00
  0.000000E+00  1.920471E+00
  0.000000E+00  2.012778E+00
  0.000000E+00  2.095059E+00
  0.000000E+00  2.187367E+00
  0.000000E+00  2.269647E+00
  0.000000E+00  2.361955E+00
  0.000000E+00  2.444235E+00
  0.000000E+00  2.536543E+00
  0.000000E+00  2.618824E+00
  0.000000E+00  2.711131E+00
  0.000000E+00  2.793412E+00
  0.000000E+00  2.885719E+00
  0.000000E+00  2.968000E+00
  0.000000E+00  3.060308E+00
  0.000000E+00  3.142588E+00
  0.000000E+00  3.234896E+00
  0.000000E+00  3.317176E+00
  0.000000E+00  3.409484E+00
  0.000000E+00  3.491765E+00
  0.000000E+00  3.584072E+00
  0.000000E+00  3.666353E+00
  0.000000E+00  3.758661E+00
  0.000000E+00  3.840941E+00
  0.000000E+00  3.933249E+00
  0.000000E+00  4.015529E+00
  0.000000E+00  4.107837E+00
  0.000000E+00  4.190118E+00
  0.000000E+00  4.282425E+00
  0.000000E+00  4.364706E+00
 -9.230768E-02  4.364706E+00
 -9.230768E-02  4.190118E+00
 -9.230768E-02  4.015529E+00
 -9.230768E-02  3.840941E+00
 -9.230768E-02  3.666353E+00
 -9.230768E-02  3.491765E+00
 -9.230768E-02  3.317176E+00
 -9.230768E-02  3.142588E+00
 -9.230768E-02  2.968000E+00
 -9.230768E-02  2.793412E+00
 -9.230768E-02  2.618824E+00
 -9.230768E-02  2.444235E+00
 -9.230768E-02  2.269647E+00
 -9.230768E-02  2.095059E+00
 -9.230768E-02  1.920471E+00
 -9.230768E-02  1.745882E+00
 -9.230768E-02  1.571294E+00
 -9.230768E-02  1.396706E+00
 -9.230768E-02  1.222118E+00
 -9.230768E-02  1.047529E+00
 -9.230768E-02  8.729412E-01
 -9.230768E-02  6.983530E-01
 -9.230768E-02  5.237647E-01
 -9.230768E-02  3.491765E-01
 -9.230768E-02  1.745883E-01
 -9.230768E-02  2.345679E-08
 -9.230768E-02 -1.745882E-01
 -9.230768E-02 -3.491764E-01
 -9.230768E-02 -5.237647E-01
 -9.230768E-02 -6.983529E-01
 -9.230768E-02 -8.729412E-01
 -9.230768E-02 -1.047529E+00
 -9.230768E-02 -1.222118E+00
 -9.230768E-02 -1.396706E+00
 -9.230768E-02 -1.571294E+00
 -9.230768E-02 -1.745882E+00
 -9.230768E-02 -1.920471E+00
 -9.230768E-02 -2.095059E+00
 -9.230768E-02 -2.269647E+00
 -9.230768E-02 -2.444235E+00
 -9.230768E-02 -2.618824E+00
 -9.230768E-02 -2.793412E+00
 -9.230768E-02 -2.968000E+00
 -9.230768E-02 -3.142588E+00
 -9.230768E-02 -3.317176E+00
 -9.230768E-02 -3.491765E+00
 -9.230768E-02 -3.666353E+00
 -9.230768E-02 -3.840941E+00
 -9.230768E-02 -4.015529E+00
 -9.230768E-02 -4.190118E+00
 -9.230768E-02 -4.364706E+00

hb:   line clip z  
frame:
  0.0000000E+00 -4.2000000E+00
  8.4000000E+00 -4.2000000E+00
  8.4000000E+00  4.2000000E+00
  0.0000000E+00  4.2000000E+00
clip:
  3.076935E-03 -4.364706E+00
  4.200000E+00 -4.364706E+00
  4.200000E+00 -4.269321E+00
  4.200000E+00 -4.190118E+00
  4.200000E+00 -4.094733E+00
  4.200000E+00 -4.015529E+00
  4.200000E+00 -3.920145E+00
  4.200000E+00 -3.840941E+00
  4.200000E+00 -3.745557E+00
  4.200000E+00 -3.666353E+00
  4.200000E+00 -3.570968E+00
  4.200000E+00 -3.491765E+00
  4.200000E+00 -3.396380E+00
  4.200000E+00 -3.317176E+00
  4.200000E+00 -3.221792E+00
  4.200000E+00 -3.142588E+00
  4.200000E+00 -3.047204E+00
  4.200000E+00 -2.968000E+00
  4.200000E+00 -2.872615E+00
  4.200000E+00 -2.793412E+00
  4.200000E+00 -2.698027E+00
  4.200000E+00 -2.618824E+00
  4.200000E+00 -2.523439E+00
  4.200000E+00 -2.444235E+00
  4.200000E+00 -2.348851E+00
  4.200000E+00 -2.269647E+00
  4.200000E+00 -2.174262E+00
  4.200000E+00 -2.095059E+00
  4.200000E+00 -1.999674E+00
  4.200000E+00 -1.920471E+00
  4.200000E+00 -1.825086E+00
  4.200000E+00 -1.745882E+00
  4.200000E+00 -1.650498E+00
  4.200000E+00 -1.571294E+00
  4.200000E+00 -1.475909E+00
  4.200000E+00 -1.396706E+00
  4.200000E+00 -1.301321E+00
  4.200000E+00 -1.222118E+00
  4.200000E+00 -1.126733E+00
  4.200000E+00 -1.047529E+00
  4.200000E+00 -9.521448E-01
  4.200000E+00 -8.729412E-01
  4.200000E+00 -7.775565E-01
  4.200000E+00 -6.983529E-01
  4.200000E+00 -6.029683E-01
  4.200000E+00 -5.237647E-01
  4.200000E+00 -4.283801E-01
  4.200000E+00 -3.491764E-01
  4.200000E+00 -2.537918E-01
  4.200000E+00 -1.745882E-01
  4.200000E+00 -7.920361E-02
  4.200000E+00  2.345679E-08
  4.200000E+00  9.538463E-02
  4.200000E+00  1.745883E-01
  4.200000E+00  2.699729E-01
  4.200000E+00  3.491765E-01
  4.200000E+00  4.445611E-01
  4.200000E+00  5.237647E-01
  4.200000E+00  6.191493E-01
  4.200000E+00  6.983530E-01
  4.200000E+00  7.937376E-01
  4.200000E+00  8.729412E-01
  4.200000E+00  9.683258E-01
  4.200000E+00  1.047529E+00
  4.200000E+00  1.142914E+00
  4.200000E+00  1.222118E+00
  4.200000E+00  1.317502E+00
  4.200000E+00  1.396706E+00
  4.200000E+00  1.492091E+00
  4.200000E+00  1.571294E+00
  4.200000E+00  1.666679E+00
  4.200000E+00  1.745882E+00
  4.200000E+00  1.841267E+00
  4.200000E+00  1.920471E+00
  4.200000E+00  2.015855E+00
  4.200000E+00  2.095059E+00
  4.200000E+00  2.190443E+00
  4.200000E+00  2.269647E+00
  4.200000E+00  2.365032E+00
  4.200000E+00  2.444235E+00
  4.200000E+00  2.539620E+00
  4.200000E+00  2.618824E+00
  4.200000E+00  2.714208E+00
  4.200000E+00  2.793412E+00
  4.200000E+00  2.888796E+00
  4.200000E+00  2.968000E+00
  4.200000E+00  3.063385E+00
  4.200000E+00  3.142588E+00
  4.200000E+00  3.237973E+00
  4.200000E+00  3.317176E+00
  4.200000E+00  3.412561E+00
  4.200000E+00  3.491765E+00
  4.200000E+00  3.587149E+00
  4.200000E+00  3.666353E+00
  4.200000E+00  3.761738E+00
  4.200000E+00  3.840941E+00
  4.200000E+00  3.936326E+00
  4.200000E+00  4.015529E+00
  4.200000E+00  4.110914E+00
  4.200000E+00  4.190118E+00
  4.200000E+00  4.285502E+00
  4.200000E+00  4.364706E+00
  4.104615E+00  4.364706E+00
  4.009231E+00  4.364706E+00
  3.913846E+00  4.364706E+00
  3.818462E+00  4.364706E+00
  3.723077E+00  4.364706E+00
  3.627692E+00  4.364706E+00
  3.532308E+00  4.364706E+00
  3.436923E+00  4.364706E+00
  3.341538E+00  4.364706E+00
  3.246154E+00  4.364706E+00
  3.150769E+00  4.364706E+00
  3.055385E+00  4.364706E+00
  2.960000E+00  4.364706E+00
  2.864615E+00  4.364706E+00
  2.769231E+00  4.364706E+00
  2.673846E+00  4.364706E+00
  2.578462E+00  4.364706E+00
  2.483077E+00  4.364706E+00
  2.387692E+00  4.364706E+00
  2.292308E+00  4.364706E+00
  2.196923E+00  4.364706E+00
  2.101538E+00  4.364706E+00
  2.006154E+00  4.364706E+00
  1.910769E+00  4.364706E+00
  1.815385E+00  4.364706E+00
  1.720000E+00  4.364706E+00
  1.624615E+00  4.364706E+00
  1.529231E+00  4.364706E+00
  1.433846E+00  4.364706E+00
  1.338462E+00  4.364706E+00
  1.243077E+00  4.364706E+00
  1.147692E+00  4.364706E+00
  1.052308E+00  4.364706E+00
  9.569231E-01  4.364706E+00
  8.615385E-01  4.364706E+00
  7.661539E-01  4.364706E+00
  6.707692E-01  4.364706E+00
  5.753846E-01  4.364706E+00
  4.800000E-01  4.364706E+00
  3.846154E-01  4.364706E+00
  2.892308E-01  4.364706E+00
  1.938462E-01  4.364706E+00
  9.846155E-02  4.364706E+00
  3.076935E-03  4.364706E+00
  0.000000E+00  4.364706E+00
  0.000000E+00  4.361629E+00
  0.000000E+00  4.190118E+00
  0.000000E+00  4.187041E+00
  0.000000E+00  4.015529E+00
  0.000000E+00  4.012452E+00
  0.000000E+00  3.840941E+00
  0.000000E+00  3.837864E+00
  0.000000E+00  3.666353E+00
  0.000000E+00  3.663276E+00
  0.000000E+00  3.491765E+00
  0.000000E+00  3.488688E+00
  0.000000E+00  3.317176E+00
  0.000000E+00  3.314100E+00
  0.000000E+00  3.142588E+00
  0.000000E+00  3.139511E+00
  0.000000E+00  2.968000E+00
  0.000000E+00  2.964923E+00
  0.000000E+00  2.793412E+00
  0.000000E+00  2.790335E+00
  0.000000E+00  2.618824E+00
  0.000000E+00  2.615747E+00
  0.000000E+00  2.444235E+00
  0.000000E+00  2.441158E+00
  0.000000E+00  2.269647E+00
  0.000000E+00  2.266570E+00
  0.000000E+00  2.095059E+00
  0.000000E+00  2.091982E+00
  0.000000E+00  1.920471E+00
  0.000000E+00  1.917394E+00
  0.000000E+00  1.745882E+00
  0.000000E+00  1.742805E+00
  0.000000E+00  1.571294E+00
  0.000000E+00  1.568217E+00
  0.000000E+00  1.396706E+00
  0.000000E+00  1.393629E+00
  0.000000E+00  1.222118E+00
  0.000000E+00  1.219041E+00
  0.000000E+00  1.047529E+00
  0.000000E+00  1.044452E+00
  0.000000E+00  8.729412E-01
  0.000000E+00  8.698643E-01
  0.000000E+00  6.983530E-01
  0.000000E+00  6.952760E-01
  0.000000E+00  5.237647E-01
  0.000000E+00  5.206878E-01
  0.000000E+00  3.491765E-01
  0.000000E+00  3.460996E-01
  0.000000E+00  1.745883E-01
  0.000000E+00  1.715113E-01
  0.000000E+00  2.345679E-08
  0.000000E+00 -3.076912E-03
  0.000000E+00 -1.745882E-01
  0.000000E+00 -1.776651E-01
  0.000000E+00 -3.491764E-01
  0.000000E+00 -3.522534E-01
  0.000000E+00 -5.237647E-01
  0.000000E+00 -5.268416E-01
  0.000000E+00 -6.983529E-01
  0.000000E+00 -7.014299E-01
  0.000000E+00 -8.729412E-01
  0.000000E+00 -8.760181E-01
  0.000000E+00 -1.047529E+00
  0.000000E+00 -1.050606E+00
  0.000000E+00 -1.222118E+00
  0.000000E+00 -1.225195E+00
  0.000000E+00 -1.396706E+00
  0.000000E+00 -1.399783E+00
  0.000000E+00 -1.571294E+00
  0.000000E+00 -1.574371E+00
  0.000000E+00 -1.745882E+00
  0.000000E+00 -1.748959E+00
  0.000000E+00 -1.920471E+00
  0.000000E+00 -1.923548E+00
  0.000000E+00 -2.095059E+00
  0.000000E+00 -2.098136E+00
  0.000000E+00 -2.269647E+00
  0.000000E+00 -2.272724E+00
  0.000000E+00 -2.444235E+00
  0.000000E+00 -2.447312E+00
  0.000000E+00 -2.618824E+00
  0.000000E+00 -2.621900E+00
  0.000000E+00 -2.793412E+00
  0.000000E+00 -2.796489E+00
  0.000000E+00 -2.968000E+00
  0.000000E+00 -2.971077E+00
  0.000000E+00 -3.142588E+00
  0.000000E+00 -3.145665E+00
  0.000000E+00 -3.317176E+00
  0.000000E+00 -3.320253E+00
  0.000000E+00 -3.491765E+00
  0.000000E+00 -3.494842E+00
  0.000000E+00 -3.666353E+00
  0.000000E+00 -3.669430E+00
  0.000000E+00 -3.840941E+00
  0.000000E+00 -3.844018E+00
  0.000000E+00 -4.015529E+00
  0.000000E+00 -4.018606E+00
  0.000000E+00 -4.190118E+00
  0.000000E+00 -4.193195E+00
  0.000000E+00 -4.364706E+00

hb:   line clip z  
frame:
  0.0000000E+00 -4.2000000E+00
  8.4000000E+00 -4.2000000E+00
  8.4000000E+00  4.2000000E+00
  0.0000000E+00  4.2000000E+00
clip:
  4.200000E+00 -4.364706E+00
  8.492308E+00 -4.364706E+00
  8.492308E+00 -4.190118E+00
  8.492308E+00 -4.015529E+00
  8.492308E+00 -3.840941E+00
  8.492308E+00 -3.666353E+00
  8.492308E+00 -3.491765E+00
  8.492308E+00 -3.317176E+00
  8.492308E+00 -3.142588E+00
  8.492308E+00 -2.968000E+00
  8.492308E+00 -2.793412E+00
  8.492308E+00 -2.618824E+00
  8.492308E+00 -2.444235E+00
  8.492308E+00 -2.269647E+00
  8.492308E+00 -2.095059E+00
  8.492308E+00 -1.920471E+00
  8.492308E+00 -1.745882E+00
  8.492308E+00 -1.571294E+00
  8.492308E+00 -1.396706E+00
  8.492308E+00 -1.222118E+00
  8.492308E+00 -1.047529E+00
  8.492308E+00 -8.729412E-01
  8.492308E+00 -6.983529E-01
  8.492308E+00 -5.237647E-01
  8.492308E+00 -3.491764E-01
  8.492308E+00 -1.745882E-01
  8.492308E+00  2.345679E-08
  8.492308E+00  1.745883E-01
  8.492308E+00  3.491765E-01
  8.492308E+00  5.237647E-01
  8.492308E+00  6.983530E-01
  8.492308E+00  8.729412E-01
  8.492308E+00  1.047529E+00
  8.492308E+00  1.222118E+00
  8.492308E+00  1.396706E+00
  8.492308E+00  1.571294E+00
  8.492308E+00  1.745882E+00
  8.492308E+00  1.920471E+00
  8.492308E+00  2.095059E+00
  8.492308E+00  2.269647E+00
  8.492308E+00  2.444235E+00
  8.492308E+00  2.618824E+00
  8.492308E+00  2.793412E+00
  8.492308E+00  2.968000E+00
  8.492308E+00  3.142588E+00
  8.492308E+00  3.317176E+00
  8.492308E+00  3.491765E+00
  8.492308E+00  3.666353E+00
  8.492308E+00  3.840941E+00
  8.492308E+00  4.015529E+00
  8.492308E+00  4.190118E+00
  8.492308E+00  4.364706E+00
  8.396923E+00  4.364706E+00
  8.301538E+00  4.364706E+00
  8.206154E+00  4.364706E+00
  8.110769E+00  4.364706E+00
  8.015385E+00  4.364706E+00
  7.920000E+00  4.364706E+00
  7.824615E+00  4.364706E+00
  7.729231E+00  4.364706E+00
  7.633846E+00  4.364706E+00
  7.538462E+00  4.364706E+00
  7.443077E+00  4.364706E+00
  7.347692E+00  4.364706E+00
  7.252308E+00  4.364706E+00
  7.156923E+00  4.364706E+00
  7.061538E+00  4.364706E+00
  6.966154E+00  4.364706E+00
  6.870769E+00  4.364706E+00
  6.775385E+00  4.364706E+00
  6.680000E+00  4.364706E+00
  6.584615E+00  4.364706E+00
  6.489231E+00  4.364706E+00
  6.393846E+00  4.364706E+00
  6.298462E+00  4.364706E+00
  6.203077E+00  4.364706E+00
  6.107692E+00  4.364706E+00
  6.012308E+00  4.364706E+00
  5.916923E+00  4.364706E+00
  5.821538E+00  4.364706E+00
  5.726154E+00  4.364706E+00
  5.630769E+00  4.364706E+00
  5.535385E+00  4.364706E+00
  5.440000E+00  4.364706E+00
  5.344615E+00  4.364706E+00
  5.249231E+00  4.364706E+00
  5.153846E+00  4.364706E+00
  5.058462E+00  4.364706E+00
  4.963077E+00  4.364706E+00
  4.867692E+00  4.364706E+00
  4.772308E+00  4.364706E+00
  4.676923E+00  4.364706E+00
  4.581538E+00  4.364706E+00
  4.486154E+00  4.364706E+00
  4.390769E+00  4.364706E+00
  4.295385E+00  4.364706E+00
  4.200000E+00  4.364706E+00
  4.200000E+00  4.190118E+00
  4.200000E+00  4.015529E+00
  4.200000E+00  3.840941E+00
  4.200000E+00  3.666353E+00
  4.200000E+00  3.491765E+00
  4.200000E+00  3.317176E+00
  4.200000E+00  3.142588E+00
  4.200000E+00  2.968000E+00
  4.200000E+00  2.793412E+00
  4.200000E+00  2.618824E+00
  4.200000E+00  2.444235E+00
  4.200000E+00  2.269647E+00
  4.200000E+00  2.095059E+00
  4.200000E+00  1.920471E+00
  4.200000E+00  1.745882E+00
  4.200000E+00  1.571294E+00
  4.200000E+00  1.396706E+00
  4.200000E+00  1.222118E+00
  4.200000E+00  1.047529E+00
  4.200000E+00  8.729412E-01
  4.200000E+00  6.983530E-01
  4.200000E+00  5.237647E-01
  4.200000E+00  3.491765E-01
  4.200000E+00  1.745883E-01
  4.200000E+00  2.345679E-08
  4.200000E+00 -1.745882E-01
  4.200000E+00 -3.491764E-01
  4.200000E+00 -5.237647E-01
  4.200000E+00 -6.983529E-01
  4.200000E+00 -8.729412E-01
  4.200000E+00 -1.047529E+00
  4.200000E+00 -1.222118E+00
  4.200000E+00 -1.396706E+00
  4.200000E+00 -1.571294E+00
  4.200000E+00 -1.745882E+00
  4.200000E+00 -1.920471E+00
  4.200000E+00 -2.095059E+00
  4.200000E+00 -2.269647E+00
  4.200000E+00 -2.444235E+00
  4.200000E+00 -2.618824E+00
  4.200000E+00 -2.793412E+00
  4.200000E+00 -2.968000E+00
  4.200000E+00 -3.142588E+00
  4.200000E+00 -3.317176E+00
  4.200000E+00 -3.491765E+00
  4.200000E+00 -3.666353E+00
  4.200000E+00 -3.840941E+00
  4.200000E+00 -4.015529E+00
  4.200000E+00 -4.190118E+00
  4.200000E+00 -4.364706E+00

#------------------------------------------------------------------------------
z: xorg(1.03)
p: xfac[c2*0.05] form[c1/0.05] notc noxt noyt dmin(1)
p: ymin(0) ymax(1) xmin(0) xmax(1) cmin(1) cmax(100) nosp
hc: y= 0.005 to 0.995 by 0.01 ; x= 0.5 to 0.5 by 1 ;
 1  2  3  4  5  6  7  8  9 10 11 12 13 14 15 16 17 18 19 20
21 22 23 24 25 26 27 28 29 30 31 32 33 34 35 36 37 38 39 40
41 42 43 44 45 46 47 48 49 50 51 52 53 54 55 56 57 58 59 60
61 62 63 64 65 66 67 68 69 70 71 72 73 74 75 76 77 78 79 80
81 82 83 84 85 86 87 88 89 90 91 92 93 94 95 96 97 98 99 100
z: xorg(0.0)
p: xfac[c2*0.05] form[c1/0.05] nosp afac[c5*0.625] ymin[c3] ymax[c4]
p: noxt noxn ytxt(-1) ynum(-1) xltd(-1) xstd(-1) itic(1) ylog
y: Relative Error
#------------------------------------------------------------------------------

wt: s[c5]
\vspace{-3}
  emin  &=&   0.0000E+00 [MeV]
  emax  &=&   1.0000E+03 [MeV]
  ymin  &=&  -4.2000E+00 [cm]
  ymax  &=&   4.2000E+00 [cm]
  part. &=& alpha   
e:

#------------------------------------------------------------------------------
z: xorg[-1.03/0.05]
p: form[c1] xfac[c2] afac[c5] nosp notf
p: xmin(  0.000000    ) xmax(  8.400000    )
p: ymin( -4.200000    ) ymax(  4.200000    )

#------------------------------------------------------------------------------
 newpage:
#   no. =  4   ie  =  1   iy  =  1   part. = neutron 
#   e = (   0.0000E+00  -   1.0000E+03  )
#   y = (  -4.2000E+00  -   4.2000E+00  )

'no. =  4,  ie =  1,  iy =  1'
msuc: {\huge Track in xyz mesh}
msdr: {\it plotted by \ANGEL \version}
msdl: {\it calculated by \PHITS  3.28}

x: z [cm]
y: x [cm]
set: c1[ 1.000] c2[ 0.900] c5[ 0.800] c6[ 1.000] c7[ 0.000] c8[ 0.000]
p: h2fs form[c1] xfac[c2] afac[c5] scal[c6] xorg[c7] yorg[c8] nosp
set: c3[1.0e-4] c4[1.0]
p: cmin[c3] cmax[c4]
p: dmin(1e-31)
p: zlog
p: xmin(  0.000000    ) xmax(  8.400000    )
p: ymin( -4.200000    ) ymax(  4.200000    )
#  nx =  50   nz =  90
# ( ( data(z,x), z = 1, nz ), x = nx, 1, -1 )

hc:  y =   4.116000     to  -4.116000     by  0.1680000     ; x =  4.6666667E-02 to   8.353333     by  9.3333333E-02 ;
  3.629E-01  4.404E-01  4.079E-01  3.208E-01  3.972E-01  3.375E-01  3.210E-01  3.441E-01  4.137E-01  3.965E-01
  3.457E-01  3.499E-01  3.782E-01  3.242E-01  3.790E-01  4.154E-01  4.009E-01  4.105E-01  4.060E-01  3.740E-01
  3.642E-01  3.679E-01  4.554E-01  3.989E-01  3.511E-01  5.412E-01  5.051E-01  3.132E-01  3.083E-01  4.792E-01
  3.489E-01  3.262E-01  2.975E-01  4.761E-01  3.952E-01  3.667E-01  3.778E-01  3.465E-01  3.469E-01  2.876E-01
  3.276E-01  3.658E-01  4.287E-01  4.964E-01  4.198E-01  4.480E-01  3.125E-01  3.380E-01  3.836E-01  4.090E-01
  4.046E-01  4.275E-01  6.718E-01  5.860E-01  4.631E-01  4.392E-01  5.488E-01  5.634E-01  3.600E-01  2.752E-01
  2.887E-01  3.120E-01  4.876E-01  5.267E-01  5.081E-01  5.051E-01  4.147E-01  3.708E-01  3.436E-01  3.866E-01
  3.381E-01  3.504E-01  3.912E-01  3.196E-01  3.140E-01  3.042E-01  3.409E-01  5.230E-01  4.724E-01  4.035E-01
  3.514E-01  3.875E-01  3.678E-01  4.130E-01  3.975E-01  3.859E-01  4.028E-01  3.855E-01  4.496E-01  3.784E-01
  4.984E-01  3.704E-01  4.492E-01  3.122E-01  3.643E-01  3.749E-01  3.763E-01  4.087E-01  3.735E-01  4.566E-01
  4.329E-01  3.278E-01  3.035E-01  3.038E-01  3.686E-01  3.478E-01  2.928E-01  3.341E-01  5.522E-01  4.031E-01
  3.132E-01  3.046E-01  4.359E-01  3.860E-01  3.472E-01  4.420E-01  3.409E-01  3.804E-01  3.149E-01  3.929E-01
  3.486E-01  4.289E-01  3.258E-01  4.402E-01  4.334E-01  3.402E-01  3.074E-01  3.364E-01  2.969E-01  3.377E-01
  4.092E-01  3.671E-01  4.147E-01  4.061E-01  3.652E-01  3.406E-01  3.164E-01  3.466E-01  4.264E-01  3.577E-01
  4.556E-01  5.703E-01  4.594E-01  4.914E-01  3.891E-01  4.399E-01  4.506E-01  3.371E-01  2.907E-01  3.304E-01
  4.081E-01  5.470E-01  4.450E-01  4.187E-01  4.079E-01  3.882E-01  3.353E-01  3.479E-01  3.500E-01  3.431E-01
  3.271E-01  2.965E-01  2.743E-01  3.535E-01  3.531E-01  4.447E-01  5.254E-01  4.167E-01  3.259E-01  3.582E-01
  3.816E-01  4.068E-01  3.585E-01  3.415E-01  3.409E-01  4.171E-01  4.158E-01  3.690E-01  3.589E-01  3.153E-01
  5.498E-01  4.868E-01  3.554E-01  2.710E-01  3.651E-01  3.674E-01  3.706E-01  3.671E-01  4.353E-01  4.468E-01
  4.156E-01  7.088E-01  3.443E-01  2.694E-01  2.745E-01  3.256E-01  3.571E-01  2.959E-01  3.828E-01  2.767E-01
  2.862E-01  2.641E-01  3.598E-01  4.259E-01  3.745E-01  3.676E-01  3.749E-01  3.970E-01  2.946E-01  3.073E-01
  3.748E-01  5.103E-01  3.446E-01  3.205E-01  3.402E-01  3.144E-01  2.796E-01  3.408E-01  3.262E-01  3.802E-01
  3.787E-01  3.651E-01  4.558E-01  3.726E-01  3.949E-01  3.632E-01  3.432E-01  3.335E-01  3.556E-01  4.689E-01
  4.600E-01  4.088E-01  4.085E-01  3.918E-01  3.949E-01  3.823E-01  2.656E-01  2.639E-01  3.644E-01  4.643E-01
  4.350E-01  3.896E-01  4.423E-01  3.720E-01  3.516E-01  3.836E-01  3.343E-01  3.023E-01  2.678E-01  2.784E-01
  2.841E-01  3.154E-01  4.163E-01  4.252E-01  4.530E-01  3.658E-01  3.180E-01  3.357E-01  3.843E-01  3.559E-01
  3.211E-01  3.124E-01  3.574E-01  3.609E-01  3.886E-01  4.083E-01  3.444E-01  3.184E-01  3.331E-01  4.046E-01
  3.524E-01  3.636E-01  3.487E-01  2.811E-01  3.094E-01  2.892E-01  3.194E-01  2.976E-01  3.049E-01  3.208E-01
  3.266E-01  5.068E-01  3.699E-01  3.168E-01  2.878E-01  2.730E-01  2.855E-01  2.716E-01  3.158E-01  2.906E-01
  3.295E-01  2.943E-01  3.552E-01  3.375E-01  3.328E-01  4.401E-01  3.259E-01  3.153E-01  2.983E-01  3.085E-01
  3.941E-01  3.291E-01  3.251E-01  2.805E-01  2.783E-01  2.811E-01  2.754E-01  3.099E-01  3.241E-01  3.374E-01
  3.638E-01  3.358E-01  2.988E-01  3.051E-01  4.512E-01  3.293E-01  2.882E-01  4.511E-01  5.522E-01  6.187E-01
  4.194E-01  4.804E-01  4.841E-01  4.154E-01  3.134E-01  2.935E-01  3.247E-01  4.867E-01  4.954E-01  4.143E-01
  3.326E-01  3.176E-01  3.186E-01  3.355E-01  3.426E-01  2.879E-01  2.573E-01  2.880E-01  3.020E-01  3.339E-01
  3.819E-01  3.641E-01  3.431E-01  3.352E-01  3.353E-01  3.220E-01  3.903E-01  3.152E-01  2.918E-01  3.095E-01
  3.598E-01  4.111E-01  3.954E-01  3.581E-01  3.420E-01  3.182E-01  3.093E-01  3.507E-01  4.152E-01  3.368E-01
  4.927E-01  4.162E-01  4.540E-01  2.992E-01  2.802E-01  2.998E-01  3.551E-01  3.197E-01  3.238E-01  3.681E-01
  3.244E-01  3.464E-01  3.436E-01  2.929E-01  3.838E-01  3.484E-01  3.690E-01  2.674E-01  2.950E-01  2.723E-01
  3.373E-01  3.092E-01  4.235E-01  3.710E-01  3.003E-01  3.342E-01  3.215E-01  2.940E-01  3.360E-01  3.337E-01
  3.347E-01  3.014E-01  2.780E-01  2.659E-01  3.121E-01  2.880E-01  3.265E-01  3.155E-01  3.448E-01  3.221E-01
  3.386E-01  3.222E-01  3.458E-01  5.287E-01  3.584E-01  2.758E-01  3.983E-01  7.194E-01  8.016E-01  4.049E-01
  3.708E-01  5.233E-01  3.734E-01  2.808E-01  3.098E-01  4.453E-01  4.416E-01  4.400E-01  3.689E-01  3.041E-01
  3.017E-01  3.084E-01  3.127E-01  2.837E-01  2.737E-01  2.860E-01  2.900E-01  3.017E-01  3.070E-01  3.869E-01
  3.936E-01  3.438E-01  3.232E-01  3.205E-01  3.201E-01  2.780E-01  2.715E-01  3.174E-01  3.901E-01  4.318E-01
  3.706E-01  3.628E-01  2.908E-01  2.890E-01  3.080E-01  3.552E-01  3.423E-01  3.140E-01  3.413E-01  3.249E-01
  4.417E-01  4.814E-01  4.551E-01  3.754E-01  3.307E-01  2.647E-01  2.692E-01  2.919E-01  2.701E-01  3.003E-01
  3.486E-01  3.370E-01  3.080E-01  2.636E-01  3.182E-01  3.444E-01  3.372E-01  2.493E-01  3.021E-01  2.648E-01
  2.640E-01  2.790E-01  2.882E-01  3.404E-01  3.439E-01  2.382E-01  2.992E-01  2.630E-01  2.951E-01  3.548E-01
  2.519E-01  3.090E-01  2.718E-01  2.652E-01  3.424E-01  3.423E-01  2.911E-01  2.571E-01  2.912E-01  3.100E-01
  3.199E-01  3.318E-01  3.749E-01  3.018E-01  2.882E-01  4.466E-01  0.000E+00  6.647E-01  3.877E-01  3.553E-01
  4.043E-01  3.217E-01  3.024E-01  3.934E-01  4.499E-01  3.801E-01  3.945E-01  3.393E-01  2.684E-01  2.460E-01
  2.793E-01  3.084E-01  3.661E-01  2.835E-01  2.835E-01  3.117E-01  3.078E-01  3.562E-01  3.542E-01  3.194E-01
  2.763E-01  2.941E-01  2.786E-01  2.751E-01  3.059E-01  3.740E-01  4.165E-01  3.658E-01  3.077E-01  2.937E-01
  2.575E-01  2.723E-01  2.996E-01  3.751E-01  3.104E-01  3.270E-01  3.401E-01  3.730E-01  3.241E-01  3.223E-01
  5.275E-01  3.762E-01  3.489E-01  3.365E-01  3.395E-01  2.996E-01  2.685E-01  2.870E-01  2.649E-01  2.688E-01
  3.322E-01  2.975E-01  3.066E-01  2.896E-01  3.033E-01  2.844E-01  2.671E-01  2.863E-01  2.811E-01  2.376E-01
  3.558E-01  2.623E-01  2.321E-01  2.877E-01  2.734E-01  2.544E-01  2.554E-01  2.983E-01  2.487E-01  2.544E-01
  2.384E-01  2.728E-01  3.176E-01  2.806E-01  2.819E-01  2.714E-01  2.711E-01  2.524E-01  2.468E-01  3.033E-01
  3.395E-01  3.829E-01  3.341E-01  3.141E-01  3.751E-01  5.957E-01  4.565E-01  3.477E-01  3.418E-01  2.842E-01
  3.057E-01  3.722E-01  3.846E-01  3.913E-01  3.308E-01  3.337E-01  2.791E-01  2.191E-01  2.537E-01  3.040E-01
  3.609E-01  3.270E-01  2.668E-01  2.966E-01  2.981E-01  3.241E-01  3.203E-01  3.226E-01  2.655E-01  2.776E-01
  3.018E-01  3.061E-01  3.465E-01  3.654E-01  3.039E-01  3.189E-01  3.117E-01  2.564E-01  2.580E-01  2.970E-01
  3.396E-01  3.316E-01  3.246E-01  2.876E-01  2.959E-01  2.843E-01  2.852E-01  2.954E-01  3.108E-01  3.249E-01
  3.588E-01  5.764E-01  3.745E-01  5.450E-01  3.411E-01  3.030E-01  2.686E-01  3.919E-01  4.153E-01  2.747E-01
  3.102E-01  2.929E-01  3.378E-01  2.844E-01  2.974E-01  3.388E-01  2.723E-01  2.778E-01  3.333E-01  2.361E-01
  3.130E-01  2.810E-01  2.339E-01  2.514E-01  2.321E-01  2.895E-01  2.960E-01  2.452E-01  2.393E-01  2.092E-01
  2.439E-01  2.458E-01  2.937E-01  2.324E-01  2.458E-01  2.615E-01  2.583E-01  2.366E-01  2.409E-01  2.648E-01
  3.055E-01  3.221E-01  3.843E-01  3.477E-01  3.993E-01  3.890E-01  3.244E-01  3.024E-01  2.960E-01  3.329E-01
  4.016E-01  3.817E-01  3.538E-01  2.793E-01  2.542E-01  2.517E-01  2.357E-01  2.908E-01  3.986E-01  3.835E-01
  2.872E-01  2.686E-01  3.220E-01  2.928E-01  2.677E-01  3.023E-01  2.848E-01  2.963E-01  3.070E-01  3.745E-01
  2.805E-01  2.848E-01  2.965E-01  2.893E-01  3.207E-01  2.657E-01  2.672E-01  3.034E-01  3.003E-01  2.707E-01
  2.595E-01  2.570E-01  2.448E-01  2.666E-01  3.160E-01  3.134E-01  3.470E-01  3.616E-01  3.186E-01  3.788E-01
  3.334E-01  3.689E-01  3.738E-01  4.211E-01  3.544E-01  3.327E-01  2.669E-01  2.683E-01  3.184E-01  2.775E-01
  2.645E-01  3.039E-01  2.686E-01  2.692E-01  2.337E-01  2.172E-01  2.449E-01  2.861E-01  2.776E-01  2.849E-01
  2.770E-01  2.685E-01  2.746E-01  2.636E-01  2.431E-01  2.654E-01  2.716E-01  2.307E-01  2.224E-01  2.910E-01
  2.526E-01  2.480E-01  2.521E-01  2.803E-01  2.955E-01  2.679E-01  2.763E-01  3.006E-01  2.489E-01  2.433E-01
  2.615E-01  3.578E-01  3.059E-01  2.970E-01  3.439E-01  3.141E-01  2.831E-01  2.790E-01  3.775E-01  3.845E-01
  3.545E-01  2.780E-01  2.504E-01  2.397E-01  2.464E-01  2.642E-01  2.952E-01  3.771E-01  3.077E-01  2.876E-01
  2.606E-01  2.533E-01  2.329E-01  2.570E-01  3.327E-01  3.516E-01  3.036E-01  2.657E-01  2.411E-01  2.479E-01
  2.860E-01  3.056E-01  2.977E-01  2.755E-01  2.947E-01  2.841E-01  2.830E-01  2.311E-01  2.634E-01  2.788E-01
  2.749E-01  2.818E-01  3.603E-01  3.204E-01  3.100E-01  3.214E-01  3.304E-01  3.233E-01  3.014E-01  2.934E-01
  4.465E-01  3.478E-01  3.552E-01  4.013E-01  3.202E-01  3.101E-01  3.782E-01  3.257E-01  3.310E-01  2.970E-01
  2.404E-01  3.247E-01  3.137E-01  2.624E-01  2.428E-01  2.027E-01  2.633E-01  2.814E-01  3.028E-01  3.839E-01
  2.277E-01  2.669E-01  2.751E-01  2.331E-01  2.524E-01  2.259E-01  2.530E-01  2.549E-01  2.656E-01  2.333E-01
  2.161E-01  2.576E-01  2.621E-01  2.677E-01  3.082E-01  2.654E-01  2.489E-01  2.448E-01  2.379E-01  3.050E-01
  4.603E-01  3.466E-01  2.665E-01  2.680E-01  2.831E-01  2.730E-01  3.023E-01  3.998E-01  3.113E-01  2.672E-01
  2.549E-01  2.268E-01  2.160E-01  2.477E-01  3.042E-01  2.541E-01  2.854E-01  2.525E-01  2.416E-01  2.476E-01
  2.428E-01  2.741E-01  3.358E-01  3.279E-01  2.854E-01  2.483E-01  2.284E-01  2.634E-01  2.910E-01  3.297E-01
  3.146E-01  2.821E-01  2.648E-01  2.462E-01  2.386E-01  2.285E-01  2.539E-01  2.819E-01  2.816E-01  2.624E-01
  3.144E-01  3.542E-01  3.592E-01  3.469E-01  3.872E-01  3.016E-01  2.858E-01  2.727E-01  2.624E-01  2.888E-01
  2.687E-01  2.946E-01  3.402E-01  3.719E-01  3.257E-01  2.801E-01  2.869E-01  2.918E-01  2.576E-01  2.261E-01
  2.339E-01  2.501E-01  2.712E-01  2.431E-01  2.222E-01  2.214E-01  2.418E-01  2.684E-01  2.510E-01  3.004E-01
  2.701E-01  2.941E-01  2.392E-01  2.209E-01  2.327E-01  1.994E-01  2.096E-01  2.555E-01  2.617E-01  2.233E-01
  2.061E-01  2.177E-01  2.421E-01  2.535E-01  2.639E-01  2.635E-01  2.602E-01  2.496E-01  2.748E-01  2.634E-01
  2.781E-01  2.465E-01  2.738E-01  2.525E-01  2.506E-01  2.980E-01  2.434E-01  2.832E-01  2.458E-01  2.469E-01
  2.592E-01  2.752E-01  2.829E-01  2.772E-01  2.286E-01  2.238E-01  2.648E-01  2.575E-01  2.693E-01  2.575E-01
  2.501E-01  2.599E-01  2.364E-01  2.371E-01  2.191E-01  2.330E-01  2.725E-01  2.947E-01  2.908E-01  2.575E-01
  2.517E-01  2.305E-01  2.351E-01  2.553E-01  2.510E-01  2.985E-01  3.157E-01  3.507E-01  3.990E-01  4.097E-01
  3.995E-01  3.210E-01  2.467E-01  2.594E-01  2.542E-01  2.639E-01  3.060E-01  3.275E-01  3.880E-01  3.289E-01
  2.996E-01  2.781E-01  2.484E-01  2.524E-01  2.613E-01  2.493E-01  2.528E-01  2.971E-01  2.430E-01  2.301E-01
  2.416E-01  2.633E-01  2.782E-01  2.386E-01  2.383E-01  2.486E-01  2.773E-01  2.367E-01  2.051E-01  2.519E-01
  2.457E-01  2.404E-01  2.296E-01  2.225E-01  2.128E-01  2.155E-01  1.941E-01  2.415E-01  2.221E-01  1.957E-01
  2.068E-01  2.337E-01  2.228E-01  2.577E-01  2.524E-01  2.511E-01  2.498E-01  2.541E-01  3.171E-01  2.573E-01
  2.718E-01  2.410E-01  2.547E-01  2.587E-01  3.314E-01  2.947E-01  2.768E-01  2.259E-01  2.312E-01  2.590E-01
  2.284E-01  2.342E-01  2.093E-01  2.229E-01  2.408E-01  2.741E-01  2.367E-01  2.156E-01  2.202E-01  2.269E-01
  2.427E-01  2.656E-01  2.610E-01  2.618E-01  2.667E-01  3.115E-01  2.633E-01  2.408E-01  2.273E-01  2.265E-01
  2.304E-01  2.482E-01  2.873E-01  3.508E-01  3.755E-01  3.629E-01  2.941E-01  2.646E-01  2.392E-01  2.398E-01
  2.387E-01  2.448E-01  2.704E-01  3.318E-01  3.533E-01  3.182E-01  3.207E-01  3.168E-01  3.038E-01  2.845E-01
  2.820E-01  2.504E-01  3.132E-01  3.339E-01  2.912E-01  2.605E-01  2.412E-01  2.897E-01  2.877E-01  2.387E-01
  2.245E-01  2.474E-01  2.363E-01  2.435E-01  3.233E-01  2.495E-01  2.401E-01  2.275E-01  2.393E-01  2.675E-01
  2.160E-01  1.983E-01  2.021E-01  1.957E-01  2.082E-01  2.134E-01  2.176E-01  2.252E-01  1.996E-01  1.911E-01
  2.451E-01  2.501E-01  2.190E-01  2.183E-01  2.154E-01  2.155E-01  2.539E-01  2.254E-01  2.309E-01  2.053E-01
  2.165E-01  1.998E-01  2.954E-01  3.035E-01  2.646E-01  2.955E-01  2.549E-01  2.270E-01  2.241E-01  2.210E-01
  2.560E-01  2.175E-01  2.215E-01  2.225E-01  2.467E-01  2.232E-01  2.263E-01  2.563E-01  2.703E-01  2.607E-01
  2.640E-01  2.446E-01  2.505E-01  2.509E-01  2.252E-01  2.095E-01  2.249E-01  2.337E-01  2.544E-01  2.655E-01
  2.621E-01  2.824E-01  2.767E-01  2.319E-01  2.246E-01  2.272E-01  2.273E-01  2.396E-01  2.701E-01  2.710E-01
  3.013E-01  3.087E-01  2.901E-01  3.041E-01  2.972E-01  2.619E-01  2.882E-01  2.724E-01  2.643E-01  2.660E-01
  2.518E-01  2.276E-01  3.012E-01  3.466E-01  3.079E-01  3.579E-01  2.448E-01  2.179E-01  3.177E-01  2.491E-01
  2.368E-01  2.095E-01  1.922E-01  2.142E-01  2.370E-01  2.290E-01  2.323E-01  2.053E-01  1.980E-01  2.079E-01
  2.121E-01  2.153E-01  2.227E-01  2.083E-01  2.040E-01  2.048E-01  1.819E-01  2.202E-01  2.337E-01  2.114E-01
  2.317E-01  2.107E-01  2.201E-01  2.104E-01  1.997E-01  2.011E-01  2.115E-01  2.152E-01  2.271E-01  2.207E-01
  2.415E-01  3.061E-01  2.383E-01  2.772E-01  2.323E-01  2.083E-01  2.293E-01  2.544E-01  2.391E-01  2.240E-01
  2.218E-01  2.271E-01  2.314E-01  2.442E-01  2.164E-01  2.462E-01  2.799E-01  2.674E-01  2.547E-01  2.340E-01
  2.202E-01  2.203E-01  2.157E-01  2.295E-01  2.477E-01  2.784E-01  2.760E-01  2.483E-01  2.483E-01  2.565E-01
  2.412E-01  2.569E-01  2.629E-01  2.784E-01  2.857E-01  2.637E-01  2.831E-01  2.876E-01  2.867E-01  2.566E-01
  2.479E-01  2.410E-01  2.506E-01  2.434E-01  2.370E-01  2.386E-01  2.847E-01  2.844E-01  2.696E-01  2.599E-01
  2.392E-01  2.592E-01  2.271E-01  2.391E-01  2.322E-01  2.731E-01  2.301E-01  2.415E-01  2.039E-01  2.055E-01
  2.049E-01  2.067E-01  1.649E-01  1.921E-01  2.243E-01  2.199E-01  1.873E-01  1.943E-01  1.841E-01  1.883E-01
  1.909E-01  2.358E-01  2.643E-01  2.137E-01  2.283E-01  2.291E-01  1.988E-01  2.219E-01  2.133E-01  2.070E-01
  1.938E-01  1.952E-01  2.288E-01  1.873E-01  1.904E-01  2.030E-01  2.544E-01  2.240E-01  2.147E-01  2.126E-01
  2.040E-01  1.829E-01  1.936E-01  2.074E-01  1.945E-01  2.359E-01  2.210E-01  2.088E-01  2.253E-01  2.234E-01
  2.422E-01  2.332E-01  2.358E-01  2.151E-01  2.263E-01  2.257E-01  2.170E-01  2.168E-01  2.185E-01  2.405E-01
  2.346E-01  2.363E-01  2.411E-01  2.538E-01  2.376E-01  2.283E-01  2.290E-01  2.417E-01  2.760E-01  2.496E-01
  2.715E-01  2.643E-01  2.440E-01  2.270E-01  2.363E-01  2.407E-01  2.327E-01  2.420E-01  2.580E-01  2.621E-01
  2.764E-01  2.853E-01  3.033E-01  2.868E-01  2.552E-01  2.584E-01  2.262E-01  2.240E-01  2.147E-01  2.134E-01
  3.396E-01  2.477E-01  2.367E-01  3.201E-01  2.709E-01  2.445E-01  2.111E-01  2.183E-01  2.226E-01  2.454E-01
  2.461E-01  1.974E-01  1.764E-01  1.884E-01  1.951E-01  1.954E-01  1.958E-01  2.059E-01  1.939E-01  1.957E-01
  2.394E-01  2.305E-01  1.995E-01  1.867E-01  2.307E-01  2.173E-01  2.235E-01  2.135E-01  1.954E-01  1.815E-01
  1.894E-01  1.914E-01  2.245E-01  1.729E-01  2.064E-01  2.091E-01  1.990E-01  2.221E-01  1.875E-01  1.811E-01
  1.968E-01  2.021E-01  2.167E-01  1.993E-01  2.182E-01  2.016E-01  2.297E-01  2.644E-01  2.165E-01  2.268E-01
  2.279E-01  1.945E-01  1.964E-01  2.320E-01  2.293E-01  2.250E-01  2.007E-01  2.097E-01  1.976E-01  2.161E-01
  2.233E-01  2.212E-01  2.319E-01  2.279E-01  2.337E-01  2.376E-01  2.414E-01  2.403E-01  2.281E-01  2.157E-01
  2.284E-01  2.350E-01  2.341E-01  2.431E-01  2.549E-01  2.588E-01  2.483E-01  2.446E-01  2.570E-01  2.492E-01
  2.426E-01  2.425E-01  2.077E-01  2.019E-01  2.005E-01  2.131E-01  2.270E-01  2.326E-01  2.304E-01  2.371E-01
  2.342E-01  2.364E-01  2.116E-01  2.227E-01  2.388E-01  2.530E-01  2.380E-01  2.678E-01  2.090E-01  2.376E-01
  2.101E-01  2.086E-01  1.980E-01  1.762E-01  1.742E-01  1.776E-01  1.787E-01  1.775E-01  1.836E-01  2.028E-01
  2.040E-01  2.010E-01  1.934E-01  1.864E-01  2.058E-01  2.121E-01  1.941E-01  1.842E-01  1.840E-01  1.621E-01
  1.686E-01  2.013E-01  1.983E-01  1.744E-01  1.750E-01  1.781E-01  1.836E-01  1.953E-01  1.682E-01  1.927E-01
  1.996E-01  1.950E-01  1.920E-01  1.761E-01  2.061E-01  1.933E-01  2.251E-01  2.096E-01  1.971E-01  2.015E-01
  1.869E-01  2.012E-01  2.237E-01  1.977E-01  1.895E-01  1.873E-01  2.049E-01  2.155E-01  2.142E-01  2.182E-01
  2.231E-01  2.298E-01  2.456E-01  2.119E-01  2.249E-01  2.214E-01  2.111E-01  2.103E-01  2.186E-01  2.274E-01
  2.420E-01  2.425E-01  2.458E-01  2.458E-01  2.705E-01  2.579E-01  2.486E-01  2.179E-01  2.033E-01  2.032E-01
  1.982E-01  1.891E-01  2.048E-01  2.157E-01  2.312E-01  2.086E-01  2.016E-01  2.088E-01  2.072E-01  2.218E-01
  2.135E-01  2.233E-01  2.379E-01  2.060E-01  2.096E-01  2.063E-01  2.251E-01  2.295E-01  2.099E-01  2.459E-01
  2.105E-01  1.844E-01  1.828E-01  1.905E-01  1.552E-01  1.705E-01  1.728E-01  1.690E-01  1.774E-01  1.988E-01
  2.423E-01  1.970E-01  1.914E-01  1.868E-01  1.932E-01  1.836E-01  1.764E-01  1.623E-01  1.847E-01  1.658E-01
  1.591E-01  1.700E-01  1.617E-01  1.966E-01  1.635E-01  1.609E-01  1.682E-01  1.742E-01  1.627E-01  1.738E-01
  1.575E-01  1.793E-01  2.111E-01  2.241E-01  2.383E-01  2.265E-01  2.136E-01  1.829E-01  1.913E-01  2.146E-01
  1.978E-01  1.855E-01  1.827E-01  1.889E-01  2.011E-01  2.091E-01  2.122E-01  1.889E-01  2.151E-01  2.136E-01
  2.041E-01  2.138E-01  2.003E-01  2.261E-01  2.138E-01  2.162E-01  2.176E-01  2.407E-01  2.293E-01  2.345E-01
  2.275E-01  2.033E-01  1.917E-01  1.935E-01  1.752E-01  1.732E-01  1.798E-01  1.847E-01  1.907E-01  1.937E-01
  1.898E-01  2.043E-01  2.217E-01  2.144E-01  2.037E-01  2.190E-01  2.367E-01  2.338E-01  2.327E-01  2.186E-01
  2.107E-01  2.047E-01  2.072E-01  1.956E-01  1.987E-01  2.172E-01  1.950E-01  2.019E-01  1.772E-01  1.897E-01
  2.071E-01  1.860E-01  1.632E-01  1.526E-01  1.608E-01  1.489E-01  1.709E-01  1.564E-01  1.773E-01  1.693E-01
  3.724E-01  2.016E-01  1.786E-01  1.598E-01  1.778E-01  1.634E-01  1.717E-01  1.518E-01  1.725E-01  1.628E-01
  1.470E-01  1.389E-01  1.454E-01  1.466E-01  1.550E-01  1.747E-01  1.690E-01  1.540E-01  1.808E-01  1.743E-01
  1.773E-01  1.892E-01  2.261E-01  2.181E-01  2.475E-01  2.548E-01  2.119E-01  1.851E-01  1.759E-01  1.660E-01
  1.668E-01  1.869E-01  1.795E-01  2.032E-01  1.965E-01  1.820E-01  1.852E-01  2.017E-01  2.018E-01  1.844E-01
  1.944E-01  1.945E-01  1.850E-01  1.911E-01  1.888E-01  1.916E-01  1.784E-01  1.663E-01  1.606E-01  1.595E-01
  1.537E-01  1.654E-01  1.828E-01  1.846E-01  1.878E-01  1.899E-01  1.954E-01  1.901E-01  1.912E-01  1.993E-01
  2.159E-01  2.179E-01  2.099E-01  2.083E-01  2.315E-01  2.331E-01  2.200E-01  2.270E-01  2.342E-01  2.523E-01
  2.196E-01  1.927E-01  1.638E-01  1.737E-01  1.747E-01  1.746E-01  1.913E-01  1.846E-01  1.794E-01  1.744E-01
  1.615E-01  1.638E-01  1.641E-01  1.579E-01  1.613E-01  1.569E-01  1.559E-01  1.646E-01  1.553E-01  1.792E-01
  1.830E-01  1.606E-01  1.793E-01  1.578E-01  1.803E-01  1.678E-01  1.418E-01  1.508E-01  1.444E-01  1.411E-01
  1.320E-01  1.445E-01  1.503E-01  1.444E-01  1.603E-01  1.453E-01  1.472E-01  1.583E-01  1.635E-01  1.769E-01
  1.824E-01  1.956E-01  1.989E-01  1.868E-01  1.725E-01  1.794E-01  1.407E-01  1.572E-01  1.722E-01  1.885E-01
  1.893E-01  1.879E-01  1.731E-01  1.696E-01  1.636E-01  1.712E-01  1.668E-01  1.640E-01  1.698E-01  1.729E-01
  1.630E-01  1.581E-01  1.517E-01  1.555E-01  1.560E-01  1.576E-01  1.581E-01  1.681E-01  1.852E-01  1.882E-01
  1.870E-01  1.803E-01  1.774E-01  1.782E-01  1.827E-01  1.923E-01  2.045E-01  2.060E-01  2.237E-01  2.164E-01
  2.076E-01  2.114E-01  2.204E-01  2.371E-01  2.399E-01  2.327E-01  2.287E-01  2.360E-01  2.261E-01  2.264E-01
  1.860E-01  2.099E-01  1.842E-01  1.719E-01  1.657E-01  1.575E-01  1.767E-01  1.722E-01  1.664E-01  1.645E-01
  1.739E-01  1.574E-01  1.548E-01  1.526E-01  1.810E-01  1.870E-01  1.432E-01  1.506E-01  1.581E-01  1.657E-01
  1.808E-01  1.577E-01  1.586E-01  1.476E-01  1.394E-01  1.399E-01  1.306E-01  1.463E-01  1.480E-01  1.485E-01
  1.551E-01  1.714E-01  1.524E-01  1.348E-01  1.349E-01  1.529E-01  1.558E-01  1.776E-01  2.089E-01  2.393E-01
  1.523E-01  1.387E-01  1.611E-01  1.703E-01  1.609E-01  1.609E-01  1.667E-01  1.730E-01  1.498E-01  1.480E-01
  1.428E-01  1.420E-01  1.459E-01  1.440E-01  1.471E-01  1.482E-01  1.461E-01  1.467E-01  1.448E-01  1.489E-01
  1.477E-01  1.543E-01  1.679E-01  1.710E-01  1.772E-01  1.762E-01  1.805E-01  1.907E-01  1.756E-01  1.746E-01
  1.838E-01  1.971E-01  2.008E-01  1.979E-01  1.889E-01  1.936E-01  1.942E-01  2.008E-01  2.033E-01  2.079E-01
  2.257E-01  2.336E-01  2.211E-01  2.242E-01  2.167E-01  2.262E-01  2.332E-01  2.328E-01  2.386E-01  2.344E-01
  1.480E-01  1.669E-01  1.774E-01  1.623E-01  1.840E-01  1.561E-01  1.407E-01  1.378E-01  1.465E-01  1.370E-01
  1.450E-01  1.353E-01  1.372E-01  1.392E-01  1.367E-01  1.317E-01  1.360E-01  1.341E-01  1.346E-01  1.482E-01
  1.317E-01  1.335E-01  1.474E-01  1.425E-01  1.289E-01  1.333E-01  1.388E-01  1.401E-01  1.540E-01  1.507E-01
  1.392E-01  1.389E-01  1.429E-01  1.565E-01  1.398E-01  1.358E-01  1.665E-01  1.475E-01  1.490E-01  1.412E-01
  1.533E-01  1.345E-01  1.550E-01  1.424E-01  1.437E-01  1.197E-01  1.253E-01  1.318E-01  1.307E-01  1.371E-01
  1.412E-01  1.414E-01  1.426E-01  1.329E-01  1.418E-01  1.413E-01  1.486E-01  1.562E-01  1.574E-01  1.547E-01
  1.607E-01  1.663E-01  1.639E-01  1.616E-01  1.622E-01  1.692E-01  1.643E-01  1.683E-01  1.768E-01  1.800E-01
  1.845E-01  1.878E-01  1.903E-01  1.958E-01  2.005E-01  1.978E-01  2.038E-01  2.091E-01  2.093E-01  2.149E-01
  2.192E-01  2.134E-01  2.200E-01  2.194E-01  2.268E-01  2.344E-01  2.289E-01  2.305E-01  2.364E-01  2.468E-01
  1.517E-01  1.541E-01  1.591E-01  1.768E-01  1.619E-01  1.460E-01  1.467E-01  1.490E-01  1.311E-01  1.214E-01
  1.497E-01  1.243E-01  1.245E-01  1.184E-01  1.230E-01  1.145E-01  1.171E-01  1.286E-01  1.236E-01  1.361E-01
  1.183E-01  1.245E-01  1.243E-01  1.223E-01  1.276E-01  1.325E-01  1.171E-01  1.126E-01  1.304E-01  1.197E-01
  1.379E-01  1.609E-01  1.362E-01  1.340E-01  1.352E-01  1.419E-01  1.220E-01  1.370E-01  1.235E-01  1.192E-01
  1.355E-01  1.263E-01  1.165E-01  1.284E-01  1.250E-01  1.333E-01  1.336E-01  1.314E-01  1.311E-01  1.294E-01
  1.285E-01  1.334E-01  1.321E-01  1.368E-01  1.358E-01  1.380E-01  1.425E-01  1.440E-01  1.416E-01  1.506E-01
  1.614E-01  1.676E-01  1.661E-01  1.582E-01  1.656E-01  1.713E-01  1.715E-01  1.760E-01  1.812E-01  1.885E-01
  2.008E-01  2.022E-01  2.009E-01  2.054E-01  2.050E-01  2.108E-01  2.181E-01  2.261E-01  2.209E-01  2.312E-01
  2.307E-01  2.328E-01  2.439E-01  2.653E-01  2.795E-01  2.876E-01  2.975E-01  3.337E-01  3.349E-01  3.478E-01
  1.341E-01  1.385E-01  1.235E-01  1.236E-01  1.172E-01  1.626E-01  1.200E-01  1.411E-01  1.084E-01  1.202E-01
  1.004E-01  1.079E-01  1.132E-01  1.042E-01  1.477E-01  1.107E-01  1.153E-01  1.153E-01  1.363E-01  1.148E-01
  9.681E-02  9.940E-02  9.759E-02  9.858E-02  1.038E-01  1.066E-01  1.073E-01  1.114E-01  1.053E-01  1.115E-01
  1.106E-01  1.152E-01  1.040E-01  1.190E-01  1.097E-01  1.071E-01  1.314E-01  1.104E-01  1.124E-01  1.118E-01
  9.858E-02  1.082E-01  1.099E-01  1.168E-01  1.181E-01  1.211E-01  1.191E-01  1.218E-01  1.260E-01  1.233E-01
  1.226E-01  1.294E-01  1.336E-01  1.411E-01  1.448E-01  1.499E-01  1.616E-01  1.621E-01  1.586E-01  1.579E-01
  1.617E-01  1.618E-01  1.660E-01  1.782E-01  1.862E-01  1.871E-01  1.902E-01  1.899E-01  1.899E-01  1.809E-01
  1.776E-01  1.765E-01  1.789E-01  1.855E-01  2.019E-01  2.055E-01  2.111E-01  2.197E-01  2.261E-01  2.262E-01
  2.282E-01  2.248E-01  2.259E-01  2.202E-01  2.181E-01  2.183E-01  2.146E-01  2.294E-01  2.294E-01  2.290E-01
  1.355E-02  1.368E-02  1.350E-02  1.381E-02  1.454E-02  1.431E-02  1.442E-02  1.754E-02  1.598E-02  1.551E-02
  1.776E-02  1.620E-02  1.537E-02  1.586E-02  1.744E-02  1.568E-02  1.613E-02  1.588E-02  1.638E-02  1.642E-02
  1.648E-02  1.664E-02  1.726E-02  1.770E-02  1.719E-02  1.773E-02  1.819E-02  1.804E-02  1.869E-02  1.838E-02
  1.910E-02  1.955E-02  1.915E-02  1.907E-02  1.960E-02  2.020E-02  1.982E-02  1.952E-02  1.980E-02  2.002E-02
  2.063E-02  2.088E-02  2.052E-02  2.051E-02  2.080E-02  2.063E-02  2.083E-02  2.075E-02  2.081E-02  2.084E-02
  2.089E-02  2.078E-02  2.084E-02  2.089E-02  2.092E-02  2.096E-02  2.093E-02  2.093E-02  2.093E-02  2.094E-02
  2.095E-02  2.097E-02  2.096E-02  2.099E-02  2.101E-02  2.101E-02  2.104E-02  2.105E-02  2.104E-02  2.107E-02
  2.109E-02  2.109E-02  2.110E-02  2.108E-02  2.107E-02  2.107E-02  2.108E-02  2.107E-02  2.107E-02  2.107E-02
  2.108E-02  2.110E-02  2.109E-02  2.110E-02  2.111E-02  2.111E-02  2.110E-02  2.111E-02  2.110E-02  2.111E-02
  1.455E-02  1.435E-02  1.368E-02  1.428E-02  1.476E-02  1.448E-02  1.466E-02  1.545E-02  1.529E-02  1.493E-02
  1.479E-02  1.549E-02  1.533E-02  1.650E-02  1.790E-02  1.546E-02  1.577E-02  1.592E-02  1.598E-02  1.613E-02
  1.667E-02  1.714E-02  1.683E-02  1.721E-02  1.761E-02  2.019E-02  1.902E-02  1.803E-02  1.826E-02  1.829E-02
  1.862E-02  1.853E-02  1.842E-02  1.838E-02  1.906E-02  1.881E-02  1.921E-02  1.946E-02  1.946E-02  1.970E-02
  1.961E-02  2.000E-02  2.238E-02  2.020E-02  2.048E-02  2.051E-02  2.058E-02  2.063E-02  2.048E-02  2.049E-02
  2.054E-02  2.060E-02  2.060E-02  2.062E-02  2.061E-02  2.061E-02  2.065E-02  2.067E-02  2.067E-02  2.071E-02
  2.073E-02  2.074E-02  2.077E-02  2.079E-02  2.077E-02  2.079E-02  2.080E-02  2.082E-02  2.083E-02  2.086E-02
  2.087E-02  2.086E-02  2.088E-02  2.087E-02  2.088E-02  2.087E-02  2.089E-02  2.089E-02  2.089E-02  2.090E-02
  2.090E-02  2.088E-02  2.088E-02  2.089E-02  2.087E-02  2.088E-02  2.089E-02  2.089E-02  2.092E-02  2.093E-02
  1.294E-01  1.650E-01  1.485E-01  1.311E-01  1.364E-01  1.491E-01  1.209E-01  1.132E-01  1.209E-01  1.067E-01
  1.094E-01  1.137E-01  1.116E-01  1.161E-01  1.182E-01  1.128E-01  1.058E-01  1.023E-01  1.061E-01  1.015E-01
  1.057E-01  1.208E-01  1.054E-01  1.128E-01  1.287E-01  1.430E-01  1.044E-01  1.121E-01  1.079E-01  1.068E-01
  1.173E-01  1.205E-01  1.090E-01  1.235E-01  1.086E-01  1.091E-01  1.062E-01  1.131E-01  1.219E-01  1.146E-01
  1.423E-01  1.200E-01  1.252E-01  1.319E-01  1.224E-01  1.242E-01  1.269E-01  1.296E-01  1.391E-01  1.330E-01
  1.379E-01  1.362E-01  1.457E-01  1.463E-01  1.545E-01  1.593E-01  1.596E-01  1.644E-01  1.710E-01  1.702E-01
  1.689E-01  1.733E-01  1.716E-01  1.797E-01  1.976E-01  2.059E-01  2.010E-01  2.013E-01  1.987E-01  1.989E-01
  1.988E-01  1.937E-01  1.991E-01  1.989E-01  1.980E-01  2.019E-01  1.948E-01  1.927E-01  2.024E-01  2.031E-01
  2.003E-01  2.157E-01  2.219E-01  2.292E-01  2.329E-01  2.423E-01  2.465E-01  2.524E-01  2.442E-01  2.526E-01
  1.703E-01  1.763E-01  1.390E-01  1.364E-01  1.316E-01  1.788E-01  1.484E-01  1.434E-01  1.291E-01  1.145E-01
  1.236E-01  1.245E-01  1.359E-01  1.341E-01  1.315E-01  1.232E-01  1.503E-01  1.170E-01  1.198E-01  1.160E-01
  1.180E-01  1.428E-01  1.237E-01  1.120E-01  1.308E-01  1.228E-01  1.345E-01  1.298E-01  1.439E-01  1.213E-01
  1.320E-01  1.296E-01  1.472E-01  1.302E-01  1.267E-01  1.305E-01  1.238E-01  1.368E-01  1.286E-01  1.200E-01
  1.604E-01  2.897E-01  1.236E-01  1.302E-01  1.248E-01  1.412E-01  1.272E-01  1.342E-01  1.457E-01  1.594E-01
  1.683E-01  1.622E-01  1.567E-01  1.513E-01  1.485E-01  1.552E-01  1.637E-01  1.667E-01  1.643E-01  1.714E-01
  1.724E-01  1.717E-01  1.768E-01  1.687E-01  1.604E-01  1.673E-01  1.743E-01  1.779E-01  1.763E-01  1.775E-01
  1.836E-01  1.965E-01  2.046E-01  2.149E-01  2.166E-01  2.234E-01  2.419E-01  2.465E-01  2.603E-01  2.455E-01
  2.622E-01  2.584E-01  2.483E-01  2.427E-01  2.415E-01  2.341E-01  2.289E-01  2.269E-01  2.351E-01  2.293E-01
  1.928E-01  2.060E-01  1.579E-01  1.691E-01  1.593E-01  1.669E-01  1.415E-01  1.475E-01  1.437E-01  1.515E-01
  1.359E-01  1.302E-01  1.443E-01  1.390E-01  1.255E-01  1.359E-01  1.300E-01  1.416E-01  1.198E-01  1.312E-01
  1.412E-01  1.481E-01  1.533E-01  1.569E-01  1.431E-01  1.352E-01  1.250E-01  1.306E-01  1.218E-01  1.317E-01
  1.296E-01  1.590E-01  1.518E-01  1.513E-01  1.572E-01  1.573E-01  1.632E-01  1.550E-01  1.496E-01  1.341E-01
  1.346E-01  1.333E-01  1.415E-01  1.595E-01  1.429E-01  1.440E-01  1.496E-01  1.669E-01  1.472E-01  1.552E-01
  1.510E-01  1.559E-01  1.638E-01  1.681E-01  1.829E-01  1.706E-01  1.665E-01  1.722E-01  1.705E-01  1.715E-01
  1.740E-01  1.855E-01  1.857E-01  1.825E-01  1.875E-01  1.908E-01  1.846E-01  1.839E-01  2.055E-01  2.106E-01
  1.961E-01  1.835E-01  1.818E-01  1.904E-01  2.018E-01  2.058E-01  2.116E-01  2.154E-01  2.227E-01  2.228E-01
  2.261E-01  2.464E-01  2.678E-01  2.678E-01  2.513E-01  2.450E-01  2.471E-01  2.511E-01  2.450E-01  2.681E-01
  1.989E-01  1.769E-01  1.995E-01  1.763E-01  1.614E-01  1.674E-01  1.570E-01  1.824E-01  1.627E-01  1.717E-01
  1.612E-01  1.747E-01  1.711E-01  1.387E-01  1.364E-01  1.314E-01  1.341E-01  1.761E-01  1.465E-01  1.642E-01
  1.563E-01  1.465E-01  1.592E-01  1.452E-01  1.523E-01  1.499E-01  1.621E-01  1.471E-01  1.650E-01  1.486E-01
  1.450E-01  1.373E-01  1.323E-01  1.341E-01  1.418E-01  1.516E-01  1.504E-01  1.594E-01  1.618E-01  1.782E-01
  1.679E-01  1.899E-01  1.574E-01  1.665E-01  1.911E-01  1.725E-01  1.599E-01  1.555E-01  1.413E-01  1.513E-01
  1.655E-01  1.706E-01  1.855E-01  1.778E-01  1.700E-01  1.649E-01  1.660E-01  1.750E-01  1.774E-01  1.888E-01
  1.853E-01  1.766E-01  1.766E-01  1.831E-01  1.652E-01  1.710E-01  1.801E-01  1.821E-01  1.757E-01  1.781E-01
  1.891E-01  1.960E-01  2.002E-01  2.008E-01  2.002E-01  2.011E-01  1.958E-01  1.944E-01  1.867E-01  1.926E-01
  1.924E-01  1.950E-01  1.974E-01  2.089E-01  2.427E-01  2.664E-01  2.879E-01  3.070E-01  3.129E-01  2.853E-01
  2.085E-01  2.219E-01  1.788E-01  1.875E-01  1.639E-01  1.627E-01  1.618E-01  1.821E-01  1.713E-01  1.632E-01
  1.539E-01  1.681E-01  2.012E-01  1.734E-01  1.637E-01  1.415E-01  1.408E-01  1.491E-01  1.530E-01  1.773E-01
  1.641E-01  1.626E-01  2.017E-01  1.560E-01  1.416E-01  1.471E-01  1.509E-01  1.709E-01  1.628E-01  1.513E-01
  1.691E-01  1.748E-01  1.958E-01  1.796E-01  1.933E-01  1.605E-01  1.523E-01  1.601E-01  1.539E-01  1.567E-01
  1.603E-01  1.727E-01  1.529E-01  1.610E-01  1.562E-01  1.815E-01  1.971E-01  1.950E-01  2.119E-01  1.788E-01
  1.615E-01  1.589E-01  1.634E-01  1.799E-01  1.909E-01  1.974E-01  1.879E-01  1.788E-01  1.755E-01  1.747E-01
  1.847E-01  2.006E-01  2.022E-01  2.000E-01  2.000E-01  1.907E-01  2.016E-01  2.121E-01  2.302E-01  2.303E-01
  2.151E-01  2.127E-01  2.196E-01  1.981E-01  2.034E-01  1.954E-01  2.019E-01  2.316E-01  2.516E-01  2.473E-01
  2.572E-01  2.638E-01  2.619E-01  2.545E-01  2.285E-01  2.301E-01  2.187E-01  2.240E-01  2.261E-01  2.303E-01
  1.834E-01  1.750E-01  1.721E-01  1.774E-01  1.688E-01  1.655E-01  1.735E-01  1.960E-01  1.967E-01  1.793E-01
  1.703E-01  1.996E-01  2.067E-01  2.000E-01  1.800E-01  1.887E-01  1.625E-01  1.587E-01  1.485E-01  1.662E-01
  1.604E-01  2.715E-01  1.676E-01  1.646E-01  1.681E-01  1.877E-01  1.702E-01  1.625E-01  1.510E-01  1.893E-01
  1.824E-01  1.895E-01  1.570E-01  1.573E-01  1.650E-01  1.868E-01  1.818E-01  1.803E-01  1.598E-01  1.598E-01
  1.536E-01  1.573E-01  1.819E-01  1.787E-01  1.896E-01  1.836E-01  1.668E-01  1.702E-01  1.755E-01  1.740E-01
  1.752E-01  1.787E-01  1.712E-01  1.613E-01  1.765E-01  1.947E-01  1.833E-01  1.966E-01  2.156E-01  2.125E-01
  1.989E-01  1.870E-01  2.074E-01  2.098E-01  2.165E-01  2.113E-01  1.946E-01  1.940E-01  1.929E-01  1.936E-01
  1.996E-01  2.044E-01  2.264E-01  2.328E-01  2.413E-01  2.425E-01  2.538E-01  2.234E-01  2.192E-01  2.047E-01
  2.087E-01  2.202E-01  2.289E-01  2.517E-01  2.458E-01  2.498E-01  2.668E-01  2.658E-01  2.901E-01  3.030E-01
  2.090E-01  1.945E-01  1.745E-01  1.794E-01  1.900E-01  1.988E-01  1.861E-01  2.198E-01  1.954E-01  1.966E-01
  1.677E-01  1.764E-01  1.707E-01  1.699E-01  1.903E-01  1.920E-01  1.850E-01  1.707E-01  1.659E-01  1.853E-01
  1.834E-01  1.490E-01  1.587E-01  2.183E-01  2.008E-01  1.806E-01  1.885E-01  1.981E-01  2.054E-01  1.895E-01
  2.027E-01  1.991E-01  2.055E-01  2.239E-01  1.854E-01  1.869E-01  1.805E-01  1.808E-01  1.956E-01  2.055E-01
  1.925E-01  1.773E-01  1.722E-01  1.854E-01  1.978E-01  2.164E-01  2.185E-01  2.095E-01  1.913E-01  1.899E-01
  1.963E-01  1.805E-01  1.870E-01  1.866E-01  1.761E-01  1.845E-01  1.847E-01  1.923E-01  1.849E-01  1.846E-01
  2.094E-01  2.176E-01  2.158E-01  2.284E-01  2.250E-01  2.076E-01  2.060E-01  2.251E-01  2.310E-01  2.324E-01
  2.311E-01  2.171E-01  2.115E-01  2.211E-01  2.272E-01  2.275E-01  2.120E-01  2.154E-01  2.311E-01  2.630E-01
  2.452E-01  2.437E-01  2.552E-01  2.445E-01  2.565E-01  2.434E-01  2.475E-01  2.382E-01  2.416E-01  2.434E-01
  1.932E-01  2.120E-01  1.897E-01  1.943E-01  2.069E-01  2.314E-01  2.084E-01  1.963E-01  1.911E-01  1.859E-01
  1.705E-01  1.968E-01  1.886E-01  1.826E-01  1.930E-01  2.097E-01  2.022E-01  2.028E-01  2.094E-01  2.288E-01
  1.847E-01  1.822E-01  1.690E-01  1.716E-01  1.993E-01  1.969E-01  1.914E-01  1.996E-01  2.875E-01  2.280E-01
  2.245E-01  2.070E-01  2.197E-01  2.047E-01  2.014E-01  2.037E-01  1.825E-01  1.968E-01  2.030E-01  2.182E-01
  2.079E-01  1.953E-01  1.954E-01  1.742E-01  2.012E-01  2.001E-01  2.099E-01  2.202E-01  2.039E-01  2.015E-01
  1.941E-01  2.004E-01  2.057E-01  1.964E-01  2.071E-01  1.955E-01  2.049E-01  1.967E-01  2.083E-01  2.156E-01
  2.087E-01  2.035E-01  2.027E-01  2.027E-01  2.202E-01  2.560E-01  2.532E-01  2.425E-01  2.190E-01  2.185E-01
  2.242E-01  2.365E-01  2.327E-01  2.479E-01  2.493E-01  2.478E-01  2.506E-01  2.730E-01  2.368E-01  2.523E-01
  2.581E-01  2.504E-01  2.359E-01  2.279E-01  2.284E-01  2.477E-01  2.795E-01  2.779E-01  2.704E-01  2.702E-01
  2.167E-01  2.082E-01  2.270E-01  2.279E-01  2.280E-01  1.965E-01  1.996E-01  2.301E-01  2.019E-01  1.903E-01
  1.935E-01  2.227E-01  2.390E-01  1.908E-01  1.838E-01  2.570E-01  2.040E-01  2.261E-01  2.128E-01  2.082E-01
  1.961E-01  2.002E-01  2.055E-01  1.934E-01  1.792E-01  1.941E-01  1.838E-01  1.979E-01  2.517E-01  2.498E-01
  2.706E-01  2.274E-01  2.378E-01  2.256E-01  2.016E-01  2.455E-01  2.292E-01  2.165E-01  2.018E-01  1.823E-01
  1.962E-01  1.971E-01  2.314E-01  2.214E-01  2.189E-01  2.064E-01  2.143E-01  2.161E-01  1.950E-01  1.982E-01
  2.008E-01  2.070E-01  2.090E-01  2.109E-01  2.114E-01  2.166E-01  2.197E-01  2.151E-01  2.004E-01  1.968E-01
  1.965E-01  2.057E-01  2.208E-01  2.389E-01  2.079E-01  2.081E-01  2.111E-01  2.137E-01  2.433E-01  2.591E-01
  2.469E-01  2.498E-01  2.256E-01  2.176E-01  2.076E-01  2.107E-01  2.380E-01  2.524E-01  2.676E-01  2.554E-01
  2.844E-01  2.779E-01  2.921E-01  3.189E-01  3.557E-01  2.859E-01  2.481E-01  2.502E-01  2.632E-01  2.629E-01
  2.073E-01  2.364E-01  2.046E-01  2.162E-01  1.866E-01  2.015E-01  2.189E-01  1.831E-01  2.340E-01  2.141E-01
  1.977E-01  2.057E-01  2.033E-01  2.302E-01  2.258E-01  2.167E-01  2.163E-01  2.312E-01  2.289E-01  2.057E-01
  2.122E-01  2.278E-01  2.181E-01  2.261E-01  2.079E-01  1.990E-01  2.152E-01  1.989E-01  2.168E-01  2.235E-01
  3.108E-01  3.290E-01  2.448E-01  2.306E-01  2.088E-01  2.962E-01  2.724E-01  2.424E-01  2.403E-01  2.292E-01
  2.165E-01  2.008E-01  1.976E-01  1.896E-01  2.023E-01  2.280E-01  2.283E-01  2.486E-01  2.681E-01  2.431E-01
  2.281E-01  2.228E-01  2.170E-01  2.039E-01  2.088E-01  2.163E-01  2.282E-01  2.316E-01  2.485E-01  2.522E-01
  2.349E-01  2.239E-01  2.411E-01  2.285E-01  2.569E-01  2.419E-01  2.649E-01  2.532E-01  2.180E-01  2.244E-01
  2.390E-01  2.442E-01  2.762E-01  2.949E-01  2.843E-01  2.599E-01  2.363E-01  2.309E-01  2.227E-01  2.228E-01
  2.343E-01  2.589E-01  2.472E-01  2.535E-01  3.068E-01  3.122E-01  3.210E-01  3.266E-01  3.728E-01  3.764E-01
  2.098E-01  1.953E-01  1.887E-01  2.335E-01  2.447E-01  2.251E-01  2.337E-01  2.422E-01  2.129E-01  1.862E-01
  1.738E-01  2.057E-01  1.987E-01  2.066E-01  2.016E-01  2.245E-01  2.375E-01  2.242E-01  2.061E-01  2.356E-01
  2.430E-01  2.134E-01  2.560E-01  2.372E-01  2.647E-01  2.328E-01  2.099E-01  2.221E-01  2.310E-01  2.208E-01
  2.041E-01  2.238E-01  2.583E-01  2.387E-01  2.122E-01  2.688E-01  3.111E-01  2.657E-01  2.705E-01  2.298E-01
  2.585E-01  2.449E-01  2.316E-01  2.131E-01  2.267E-01  2.133E-01  2.199E-01  2.237E-01  2.535E-01  2.453E-01
  2.352E-01  2.371E-01  2.833E-01  2.708E-01  2.360E-01  2.247E-01  2.248E-01  2.190E-01  2.160E-01  2.396E-01
  2.570E-01  2.683E-01  2.397E-01  2.328E-01  2.655E-01  2.743E-01  2.826E-01  2.841E-01  2.783E-01  2.756E-01
  2.451E-01  2.417E-01  2.263E-01  2.423E-01  2.702E-01  2.932E-01  3.296E-01  3.142E-01  2.956E-01  2.792E-01
  2.558E-01  2.567E-01  2.595E-01  2.357E-01  2.367E-01  2.512E-01  2.606E-01  2.573E-01  2.521E-01  2.694E-01
  1.765E-01  2.267E-01  2.609E-01  2.550E-01  2.484E-01  2.218E-01  2.076E-01  2.411E-01  2.292E-01  1.942E-01
  2.188E-01  2.510E-01  2.242E-01  2.431E-01  2.482E-01  2.477E-01  2.260E-01  2.216E-01  1.982E-01  2.356E-01
  2.097E-01  2.172E-01  2.747E-01  2.659E-01  2.918E-01  2.870E-01  2.481E-01  2.315E-01  1.961E-01  2.229E-01
  2.258E-01  2.462E-01  2.154E-01  2.334E-01  2.434E-01  2.438E-01  3.542E-01  3.062E-01  2.530E-01  2.115E-01
  2.361E-01  2.810E-01  2.901E-01  2.333E-01  2.188E-01  2.581E-01  2.236E-01  2.343E-01  2.288E-01  2.535E-01
  2.739E-01  2.475E-01  2.573E-01  2.673E-01  3.395E-01  3.045E-01  2.696E-01  2.624E-01  2.452E-01  2.247E-01
  2.192E-01  2.261E-01  2.412E-01  2.325E-01  2.345E-01  2.326E-01  2.619E-01  2.899E-01  2.931E-01  3.029E-01
  3.096E-01  3.405E-01  3.556E-01  2.831E-01  2.421E-01  2.405E-01  2.410E-01  2.823E-01  2.926E-01  3.331E-01
  4.224E-01  3.653E-01  3.082E-01  2.898E-01  2.840E-01  2.546E-01  2.704E-01  2.609E-01  2.543E-01  2.487E-01
  2.718E-01  3.051E-01  2.847E-01  2.550E-01  2.633E-01  2.481E-01  2.161E-01  2.505E-01  2.286E-01  2.720E-01
  2.388E-01  2.380E-01  2.720E-01  2.535E-01  2.327E-01  2.518E-01  2.351E-01  2.596E-01  2.805E-01  2.073E-01
  2.145E-01  2.230E-01  2.653E-01  3.166E-01  2.533E-01  2.708E-01  2.598E-01  2.453E-01  2.862E-01  2.980E-01
  2.742E-01  2.499E-01  2.409E-01  2.399E-01  2.312E-01  2.420E-01  2.837E-01  2.419E-01  2.996E-01  2.468E-01
  2.484E-01  2.628E-01  3.338E-01  3.215E-01  2.926E-01  2.509E-01  2.582E-01  2.681E-01  2.440E-01  2.343E-01
  2.303E-01  2.373E-01  2.396E-01  2.543E-01  2.389E-01  2.823E-01  3.321E-01  3.223E-01  2.825E-01  2.790E-01
  2.747E-01  2.334E-01  2.291E-01  2.386E-01  2.601E-01  2.501E-01  2.503E-01  2.516E-01  2.831E-01  2.816E-01
  2.809E-01  2.856E-01  3.255E-01  3.546E-01  3.756E-01  3.810E-01  3.337E-01  2.676E-01  2.721E-01  2.454E-01
  2.582E-01  3.134E-01  3.583E-01  3.670E-01  4.367E-01  4.163E-01  3.357E-01  3.104E-01  3.168E-01  3.115E-01
  3.351E-01  2.758E-01  2.718E-01  2.684E-01  2.495E-01  2.411E-01  2.376E-01  2.625E-01  2.674E-01  2.785E-01
  2.628E-01  2.968E-01  3.105E-01  2.536E-01  2.555E-01  2.373E-01  2.390E-01  3.551E-01  2.309E-01  2.338E-01
  2.233E-01  3.116E-01  2.553E-01  2.751E-01  2.866E-01  3.070E-01  2.940E-01  3.198E-01  2.870E-01  2.991E-01
  2.476E-01  2.420E-01  3.052E-01  2.761E-01  2.497E-01  2.212E-01  2.318E-01  2.482E-01  2.726E-01  3.104E-01
  2.954E-01  3.113E-01  3.256E-01  3.317E-01  3.035E-01  3.044E-01  3.203E-01  3.291E-01  3.116E-01  2.678E-01
  3.106E-01  2.975E-01  2.313E-01  2.211E-01  2.438E-01  2.161E-01  2.324E-01  2.839E-01  3.138E-01  2.962E-01
  3.153E-01  3.346E-01  2.855E-01  2.539E-01  2.426E-01  2.544E-01  2.441E-01  2.586E-01  2.515E-01  2.755E-01
  3.182E-01  2.836E-01  2.842E-01  3.033E-01  3.063E-01  3.107E-01  3.470E-01  4.031E-01  3.725E-01  3.839E-01
  2.991E-01  2.778E-01  2.552E-01  2.828E-01  3.079E-01  3.137E-01  3.885E-01  4.305E-01  4.197E-01  3.933E-01
  3.969E-01  2.923E-01  2.457E-01  2.895E-01  2.686E-01  2.678E-01  2.837E-01  2.612E-01  3.131E-01  2.855E-01
  2.888E-01  2.545E-01  2.540E-01  2.540E-01  2.427E-01  2.426E-01  2.700E-01  2.536E-01  2.139E-01  2.595E-01
  3.222E-01  3.183E-01  2.801E-01  3.016E-01  2.837E-01  2.608E-01  3.097E-01  3.466E-01  2.971E-01  2.637E-01
  3.927E-01  3.207E-01  2.781E-01  2.795E-01  2.380E-01  2.469E-01  2.818E-01  2.848E-01  2.286E-01  2.435E-01
  2.815E-01  2.703E-01  2.782E-01  3.129E-01  3.821E-01  3.090E-01  3.263E-01  2.920E-01  3.043E-01  3.169E-01
  2.661E-01  3.458E-01  3.570E-01  2.853E-01  2.613E-01  2.500E-01  2.266E-01  2.346E-01  2.697E-01  2.986E-01
  3.012E-01  3.344E-01  3.604E-01  3.618E-01  2.861E-01  2.534E-01  2.410E-01  2.474E-01  2.525E-01  2.528E-01
  2.584E-01  2.661E-01  2.873E-01  3.136E-01  3.072E-01  2.909E-01  2.846E-01  2.930E-01  3.126E-01  3.308E-01
  3.382E-01  3.462E-01  3.866E-01  3.037E-01  3.054E-01  2.889E-01  2.715E-01  3.003E-01  3.142E-01  3.207E-01
  2.805E-01  4.213E-01  2.858E-01  3.989E-01  3.235E-01  2.775E-01  2.839E-01  2.628E-01  2.820E-01  2.843E-01
  2.501E-01  2.956E-01  3.010E-01  2.723E-01  3.352E-01  2.688E-01  2.737E-01  2.207E-01  2.238E-01  3.437E-01
  3.129E-01  3.188E-01  3.054E-01  2.802E-01  2.716E-01  3.201E-01  3.088E-01  3.232E-01  3.213E-01  3.041E-01
  2.846E-01  3.342E-01  3.599E-01  3.057E-01  3.005E-01  2.465E-01  2.877E-01  2.570E-01  2.806E-01  2.773E-01
  2.934E-01  2.761E-01  3.096E-01  2.524E-01  2.848E-01  2.912E-01  3.766E-01  4.038E-01  2.909E-01  3.320E-01
  3.108E-01  2.882E-01  2.957E-01  3.547E-01  3.360E-01  3.091E-01  2.685E-01  2.285E-01  2.092E-01  2.355E-01
  2.447E-01  2.840E-01  2.999E-01  3.438E-01  3.794E-01  3.261E-01  2.837E-01  2.835E-01  2.617E-01  2.597E-01
  2.453E-01  2.601E-01  2.579E-01  2.607E-01  2.766E-01  3.030E-01  3.289E-01  3.170E-01  3.058E-01  3.205E-01
  3.475E-01  3.613E-01  3.325E-01  3.542E-01  3.464E-01  4.177E-01  3.620E-01  3.563E-01  2.996E-01  2.999E-01
  3.262E-01  2.959E-01  5.512E-01  3.558E-01  2.898E-01  2.619E-01  2.655E-01  2.484E-01  2.671E-01  2.715E-01
  2.434E-01  3.368E-01  3.425E-01  2.838E-01  2.685E-01  2.904E-01  2.596E-01  2.816E-01  3.199E-01  2.948E-01
  2.706E-01  2.701E-01  2.617E-01  2.843E-01  2.651E-01  2.512E-01  3.735E-01  3.283E-01  3.160E-01  2.884E-01
  3.202E-01  3.507E-01  3.520E-01  3.521E-01  2.910E-01  2.409E-01  3.430E-01  3.087E-01  2.695E-01  2.345E-01
  2.625E-01  2.970E-01  2.828E-01  3.065E-01  2.980E-01  2.750E-01  3.073E-01  3.167E-01  2.922E-01  2.733E-01
  3.032E-01  3.249E-01  3.291E-01  3.292E-01  3.252E-01  3.451E-01  3.340E-01  3.423E-01  2.752E-01  2.456E-01
  2.309E-01  2.692E-01  2.620E-01  3.032E-01  3.060E-01  3.597E-01  3.780E-01  3.267E-01  2.945E-01  2.935E-01
  3.175E-01  2.997E-01  2.762E-01  2.460E-01  2.830E-01  2.865E-01  2.775E-01  3.279E-01  3.333E-01  3.355E-01
  3.706E-01  3.569E-01  3.618E-01  3.704E-01  3.916E-01  3.244E-01  3.286E-01  3.247E-01  3.606E-01  3.659E-01
  3.571E-01  3.445E-01  4.095E-01  3.318E-01  3.092E-01  2.871E-01  2.696E-01  2.535E-01  2.531E-01  3.109E-01
  2.655E-01  4.182E-01  3.503E-01  2.608E-01  2.405E-01  2.554E-01  2.637E-01  3.228E-01  2.991E-01  3.012E-01
  2.605E-01  3.202E-01  3.126E-01  2.749E-01  2.951E-01  2.711E-01  2.774E-01  3.284E-01  2.973E-01  2.884E-01
  3.400E-01  3.213E-01  3.203E-01  3.214E-01  2.706E-01  2.516E-01  2.566E-01  2.950E-01  3.236E-01  2.576E-01
  2.619E-01  2.759E-01  3.095E-01  3.398E-01  3.902E-01  3.335E-01  2.766E-01  4.680E-01  4.135E-01  3.429E-01
  3.071E-01  3.534E-01  2.822E-01  3.095E-01  3.191E-01  3.059E-01  3.499E-01  3.416E-01  3.172E-01  3.323E-01
  2.850E-01  2.697E-01  2.337E-01  2.767E-01  2.934E-01  2.837E-01  3.440E-01  3.134E-01  3.027E-01  3.173E-01
  3.205E-01  3.241E-01  3.843E-01  3.638E-01  2.909E-01  2.765E-01  2.710E-01  2.798E-01  3.083E-01  2.848E-01
  3.176E-01  3.548E-01  4.131E-01  4.261E-01  4.085E-01  4.312E-01  5.881E-01  4.229E-01  3.928E-01  3.478E-01
  3.431E-01  3.238E-01  4.196E-01  3.150E-01  3.102E-01  2.742E-01  2.392E-01  2.904E-01  2.785E-01  3.484E-01
  4.283E-01  3.948E-01  3.155E-01  3.224E-01  2.718E-01  2.349E-01  2.832E-01  3.378E-01  2.654E-01  3.127E-01
  2.723E-01  4.095E-01  3.718E-01  3.085E-01  2.559E-01  2.840E-01  3.124E-01  2.947E-01  4.238E-01  3.212E-01
  4.864E-01  3.358E-01  3.642E-01  3.661E-01  2.993E-01  3.045E-01  2.618E-01  3.326E-01  2.794E-01  2.957E-01
  3.125E-01  2.845E-01  3.116E-01  3.723E-01  3.800E-01  4.920E-01  3.004E-01  3.313E-01  4.943E-01  4.924E-01
  4.138E-01  4.149E-01  3.634E-01  3.022E-01  3.516E-01  4.849E-01  3.429E-01  3.217E-01  3.086E-01  2.747E-01
  2.924E-01  3.674E-01  3.149E-01  2.439E-01  2.654E-01  2.566E-01  2.764E-01  3.051E-01  3.099E-01  2.991E-01
  2.789E-01  2.664E-01  2.983E-01  3.509E-01  3.846E-01  3.588E-01  3.268E-01  2.824E-01  2.729E-01  2.778E-01
  2.680E-01  3.035E-01  2.965E-01  3.258E-01  3.795E-01  3.499E-01  3.875E-01  4.124E-01  4.784E-01  6.307E-01
  3.497E-01  3.612E-01  4.535E-01  3.188E-01  3.053E-01  2.538E-01  2.886E-01  4.306E-01  3.052E-01  3.691E-01
  3.886E-01  3.006E-01  3.238E-01  2.896E-01  3.428E-01  2.790E-01  3.982E-01  3.431E-01  2.891E-01  3.025E-01
  3.731E-01  4.203E-01  3.542E-01  3.138E-01  2.827E-01  3.578E-01  3.649E-01  3.004E-01  3.029E-01  3.272E-01
  3.455E-01  3.530E-01  3.681E-01  3.810E-01  3.596E-01  3.649E-01  2.944E-01  3.173E-01  4.535E-01  3.554E-01
  2.864E-01  2.825E-01  2.914E-01  3.001E-01  3.367E-01  3.312E-01  3.328E-01  3.756E-01  3.857E-01  4.791E-01
  4.775E-01  4.040E-01  5.517E-01  4.458E-01  3.093E-01  3.139E-01  3.899E-01  4.300E-01  4.827E-01  4.164E-01
  3.061E-01  2.794E-01  3.046E-01  3.219E-01  2.844E-01  2.960E-01  3.182E-01  3.022E-01  2.853E-01  3.017E-01
  3.370E-01  3.211E-01  2.927E-01  2.563E-01  2.723E-01  3.437E-01  4.430E-01  3.959E-01  3.682E-01  3.814E-01
  3.163E-01  2.736E-01  2.862E-01  2.640E-01  3.359E-01  3.728E-01  3.144E-01  3.449E-01  3.229E-01  3.274E-01
  4.600E-01  3.224E-01  2.999E-01  3.078E-01  2.665E-01  3.081E-01  3.662E-01  3.559E-01  2.831E-01  3.102E-01
  3.509E-01  3.051E-01  3.737E-01  3.089E-01  3.616E-01  3.160E-01  3.507E-01  3.983E-01  3.091E-01  3.531E-01
  3.359E-01  3.217E-01  3.407E-01  3.268E-01  3.402E-01  3.412E-01  3.429E-01  3.372E-01  4.951E-01  3.482E-01
  2.952E-01  2.763E-01  3.893E-01  3.999E-01  4.487E-01  3.977E-01  4.601E-01  3.248E-01  3.542E-01  4.541E-01
  4.113E-01  3.174E-01  3.252E-01  4.373E-01  2.991E-01  3.038E-01  3.064E-01  2.728E-01  3.734E-01  4.241E-01
  3.836E-01  3.781E-01  3.837E-01  5.089E-01  5.231E-01  3.693E-01  3.629E-01  3.471E-01  3.835E-01  4.694E-01
  5.246E-01  3.795E-01  3.180E-01  3.064E-01  3.441E-01  3.152E-01  3.159E-01  3.211E-01  2.960E-01  2.903E-01
  3.073E-01  2.929E-01  3.243E-01  3.288E-01  3.006E-01  2.588E-01  2.580E-01  2.809E-01  3.063E-01  3.941E-01
  4.132E-01  3.581E-01  3.773E-01  3.180E-01  3.237E-01  2.799E-01  3.004E-01  4.019E-01  5.011E-01  3.797E-01
  4.112E-01  3.305E-01  2.993E-01  3.662E-01  3.760E-01  4.508E-01  3.651E-01  3.470E-01  3.352E-01  3.528E-01
  3.176E-01  3.497E-01  2.990E-01  3.294E-01  3.030E-01  3.697E-01  3.473E-01  3.741E-01  3.418E-01  3.740E-01
  3.937E-01  2.780E-01  2.931E-01  3.132E-01  3.562E-01  3.570E-01  3.825E-01  3.813E-01  4.150E-01  4.752E-01
  3.414E-01  2.921E-01  3.632E-01  3.217E-01  4.206E-01  3.816E-01  5.126E-01  4.664E-01  3.025E-01  3.329E-01
  4.400E-01  4.715E-01  3.456E-01  3.838E-01  4.726E-01  3.774E-01  3.362E-01  2.963E-01  3.315E-01  3.788E-01
  3.929E-01  3.885E-01  4.387E-01  4.735E-01  4.216E-01  3.849E-01  3.273E-01  4.477E-01  3.673E-01  3.291E-01
  3.244E-01  4.457E-01  4.362E-01  3.901E-01  3.301E-01  3.420E-01  3.002E-01  3.266E-01  3.678E-01  3.628E-01
  3.014E-01  3.334E-01  2.998E-01  3.173E-01  2.942E-01  3.508E-01  3.371E-01  3.214E-01  2.940E-01  2.785E-01
  2.918E-01  3.162E-01  4.304E-01  3.810E-01  3.751E-01  3.966E-01  3.639E-01  2.862E-01  2.845E-01  3.276E-01
  3.254E-01  2.921E-01  3.437E-01  4.626E-01  4.923E-01  4.440E-01  3.359E-01  3.584E-01  4.371E-01  3.445E-01
  2.990E-01  3.149E-01  2.734E-01  3.944E-01  3.933E-01  5.241E-01  3.675E-01  5.678E-01  4.544E-01  4.156E-01
  3.610E-01  3.304E-01  3.134E-01  3.985E-01  4.445E-01  5.315E-01  3.942E-01  4.750E-01  3.827E-01  4.052E-01
  3.656E-01  4.081E-01  3.422E-01  2.963E-01  3.610E-01  4.580E-01  3.746E-01  4.209E-01  3.758E-01  3.017E-01
  3.062E-01  3.793E-01  4.485E-01  3.952E-01  4.137E-01  4.017E-01  3.745E-01  2.762E-01  2.837E-01  3.075E-01
  3.593E-01  3.936E-01  3.386E-01  3.318E-01  3.626E-01  3.722E-01  3.100E-01  3.622E-01  5.010E-01  6.384E-01
  4.652E-01  3.364E-01  3.671E-01  4.236E-01  4.964E-01  4.241E-01  4.580E-01  3.271E-01  3.088E-01  4.031E-01
  3.535E-01  3.694E-01  3.385E-01  3.742E-01  3.060E-01  3.064E-01  3.338E-01  2.927E-01  3.006E-01  3.203E-01
  3.551E-01  3.377E-01  3.184E-01  3.263E-01  3.386E-01  3.340E-01  3.299E-01  3.785E-01  4.673E-01  3.429E-01
  3.543E-01  2.912E-01  5.087E-01  5.032E-01  4.372E-01  3.848E-01  3.426E-01  3.704E-01  3.814E-01  3.397E-01
  2.856E-01  3.362E-01  3.037E-01  3.683E-01  3.692E-01  5.790E-01  4.111E-01  4.785E-01  3.591E-01  3.850E-01
  3.572E-01  4.267E-01  3.710E-01  3.615E-01  5.122E-01  4.748E-01  5.027E-01  3.555E-01  4.769E-01  3.930E-01
  3.435E-01  5.032E-01  5.956E-01  3.827E-01  2.982E-01  3.370E-01  3.925E-01  4.031E-01  3.787E-01  3.800E-01
  2.960E-01  2.917E-01  3.879E-01  4.677E-01  4.194E-01  4.988E-01  4.887E-01  3.572E-01  2.977E-01  3.769E-01
  4.561E-01  3.909E-01  4.667E-01  5.078E-01  3.914E-01  4.574E-01  4.219E-01  2.996E-01  3.133E-01  4.009E-01
  4.506E-01  5.374E-01  3.719E-01  3.397E-01  3.923E-01  4.356E-01  4.564E-01  4.152E-01  4.185E-01  3.459E-01
  2.997E-01  3.138E-01  2.940E-01  3.719E-01  3.440E-01  3.325E-01  2.873E-01  3.351E-01  4.812E-01  3.243E-01
  2.994E-01  3.254E-01  3.545E-01  3.514E-01  3.608E-01  3.429E-01  3.727E-01  3.116E-01  3.089E-01  3.522E-01

#------------------------------------------------------------------------------
# gshow
#------------------------------------------------------------------------------

p: legs[c5*0.875]

hb:   line clip z  
frame:
  0.0000000E+00 -4.2000000E+00
  8.4000000E+00 -4.2000000E+00
  8.4000000E+00  4.2000000E+00
  0.0000000E+00  4.2000000E+00
clip:
 -9.230768E-02 -4.364706E+00
  0.000000E+00 -4.364706E+00
  0.000000E+00 -4.272398E+00
  0.000000E+00 -4.190118E+00
  0.000000E+00 -4.097810E+00
  0.000000E+00 -4.015529E+00
  0.000000E+00 -3.923222E+00
  0.000000E+00 -3.840941E+00
  0.000000E+00 -3.748633E+00
  0.000000E+00 -3.666353E+00
  0.000000E+00 -3.574045E+00
  0.000000E+00 -3.491765E+00
  0.000000E+00 -3.399457E+00
  0.000000E+00 -3.317176E+00
  0.000000E+00 -3.224869E+00
  0.000000E+00 -3.142588E+00
  0.000000E+00 -3.050281E+00
  0.000000E+00 -2.968000E+00
  0.000000E+00 -2.875692E+00
  0.000000E+00 -2.793412E+00
  0.000000E+00 -2.701104E+00
  0.000000E+00 -2.618824E+00
  0.000000E+00 -2.526516E+00
  0.000000E+00 -2.444235E+00
  0.000000E+00 -2.351928E+00
  0.000000E+00 -2.269647E+00
  0.000000E+00 -2.177339E+00
  0.000000E+00 -2.095059E+00
  0.000000E+00 -2.002751E+00
  0.000000E+00 -1.920471E+00
  0.000000E+00 -1.828163E+00
  0.000000E+00 -1.745882E+00
  0.000000E+00 -1.653575E+00
  0.000000E+00 -1.571294E+00
  0.000000E+00 -1.478986E+00
  0.000000E+00 -1.396706E+00
  0.000000E+00 -1.304398E+00
  0.000000E+00 -1.222118E+00
  0.000000E+00 -1.129810E+00
  0.000000E+00 -1.047529E+00
  0.000000E+00 -9.552217E-01
  0.000000E+00 -8.729412E-01
  0.000000E+00 -7.806335E-01
  0.000000E+00 -6.983529E-01
  0.000000E+00 -6.060452E-01
  0.000000E+00 -5.237647E-01
  0.000000E+00 -4.314570E-01
  0.000000E+00 -3.491764E-01
  0.000000E+00 -2.568688E-01
  0.000000E+00 -1.745882E-01
  0.000000E+00 -8.228053E-02
  0.000000E+00  2.345679E-08
  0.000000E+00  9.230770E-02
  0.000000E+00  1.745883E-01
  0.000000E+00  2.668959E-01
  0.000000E+00  3.491765E-01
  0.000000E+00  4.414842E-01
  0.000000E+00  5.237647E-01
  0.000000E+00  6.160724E-01
  0.000000E+00  6.983530E-01
  0.000000E+00  7.906606E-01
  0.000000E+00  8.729412E-01
  0.000000E+00  9.652489E-01
  0.000000E+00  1.047529E+00
  0.000000E+00  1.139837E+00
  0.000000E+00  1.222118E+00
  0.000000E+00  1.314425E+00
  0.000000E+00  1.396706E+00
  0.000000E+00  1.489014E+00
  0.000000E+00  1.571294E+00
  0.000000E+00  1.663602E+00
  0.000000E+00  1.745882E+00
  0.000000E+00  1.838190E+00
  0.000000E+00  1.920471E+00
  0.000000E+00  2.012778E+00
  0.000000E+00  2.095059E+00
  0.000000E+00  2.187367E+00
  0.000000E+00  2.269647E+00
  0.000000E+00  2.361955E+00
  0.000000E+00  2.444235E+00
  0.000000E+00  2.536543E+00
  0.000000E+00  2.618824E+00
  0.000000E+00  2.711131E+00
  0.000000E+00  2.793412E+00
  0.000000E+00  2.885719E+00
  0.000000E+00  2.968000E+00
  0.000000E+00  3.060308E+00
  0.000000E+00  3.142588E+00
  0.000000E+00  3.234896E+00
  0.000000E+00  3.317176E+00
  0.000000E+00  3.409484E+00
  0.000000E+00  3.491765E+00
  0.000000E+00  3.584072E+00
  0.000000E+00  3.666353E+00
  0.000000E+00  3.758661E+00
  0.000000E+00  3.840941E+00
  0.000000E+00  3.933249E+00
  0.000000E+00  4.015529E+00
  0.000000E+00  4.107837E+00
  0.000000E+00  4.190118E+00
  0.000000E+00  4.282425E+00
  0.000000E+00  4.364706E+00
 -9.230768E-02  4.364706E+00
 -9.230768E-02  4.190118E+00
 -9.230768E-02  4.015529E+00
 -9.230768E-02  3.840941E+00
 -9.230768E-02  3.666353E+00
 -9.230768E-02  3.491765E+00
 -9.230768E-02  3.317176E+00
 -9.230768E-02  3.142588E+00
 -9.230768E-02  2.968000E+00
 -9.230768E-02  2.793412E+00
 -9.230768E-02  2.618824E+00
 -9.230768E-02  2.444235E+00
 -9.230768E-02  2.269647E+00
 -9.230768E-02  2.095059E+00
 -9.230768E-02  1.920471E+00
 -9.230768E-02  1.745882E+00
 -9.230768E-02  1.571294E+00
 -9.230768E-02  1.396706E+00
 -9.230768E-02  1.222118E+00
 -9.230768E-02  1.047529E+00
 -9.230768E-02  8.729412E-01
 -9.230768E-02  6.983530E-01
 -9.230768E-02  5.237647E-01
 -9.230768E-02  3.491765E-01
 -9.230768E-02  1.745883E-01
 -9.230768E-02  2.345679E-08
 -9.230768E-02 -1.745882E-01
 -9.230768E-02 -3.491764E-01
 -9.230768E-02 -5.237647E-01
 -9.230768E-02 -6.983529E-01
 -9.230768E-02 -8.729412E-01
 -9.230768E-02 -1.047529E+00
 -9.230768E-02 -1.222118E+00
 -9.230768E-02 -1.396706E+00
 -9.230768E-02 -1.571294E+00
 -9.230768E-02 -1.745882E+00
 -9.230768E-02 -1.920471E+00
 -9.230768E-02 -2.095059E+00
 -9.230768E-02 -2.269647E+00
 -9.230768E-02 -2.444235E+00
 -9.230768E-02 -2.618824E+00
 -9.230768E-02 -2.793412E+00
 -9.230768E-02 -2.968000E+00
 -9.230768E-02 -3.142588E+00
 -9.230768E-02 -3.317176E+00
 -9.230768E-02 -3.491765E+00
 -9.230768E-02 -3.666353E+00
 -9.230768E-02 -3.840941E+00
 -9.230768E-02 -4.015529E+00
 -9.230768E-02 -4.190118E+00
 -9.230768E-02 -4.364706E+00

hb:   line clip z  
frame:
  0.0000000E+00 -4.2000000E+00
  8.4000000E+00 -4.2000000E+00
  8.4000000E+00  4.2000000E+00
  0.0000000E+00  4.2000000E+00
clip:
  3.076935E-03 -4.364706E+00
  4.200000E+00 -4.364706E+00
  4.200000E+00 -4.269321E+00
  4.200000E+00 -4.190118E+00
  4.200000E+00 -4.094733E+00
  4.200000E+00 -4.015529E+00
  4.200000E+00 -3.920145E+00
  4.200000E+00 -3.840941E+00
  4.200000E+00 -3.745557E+00
  4.200000E+00 -3.666353E+00
  4.200000E+00 -3.570968E+00
  4.200000E+00 -3.491765E+00
  4.200000E+00 -3.396380E+00
  4.200000E+00 -3.317176E+00
  4.200000E+00 -3.221792E+00
  4.200000E+00 -3.142588E+00
  4.200000E+00 -3.047204E+00
  4.200000E+00 -2.968000E+00
  4.200000E+00 -2.872615E+00
  4.200000E+00 -2.793412E+00
  4.200000E+00 -2.698027E+00
  4.200000E+00 -2.618824E+00
  4.200000E+00 -2.523439E+00
  4.200000E+00 -2.444235E+00
  4.200000E+00 -2.348851E+00
  4.200000E+00 -2.269647E+00
  4.200000E+00 -2.174262E+00
  4.200000E+00 -2.095059E+00
  4.200000E+00 -1.999674E+00
  4.200000E+00 -1.920471E+00
  4.200000E+00 -1.825086E+00
  4.200000E+00 -1.745882E+00
  4.200000E+00 -1.650498E+00
  4.200000E+00 -1.571294E+00
  4.200000E+00 -1.475909E+00
  4.200000E+00 -1.396706E+00
  4.200000E+00 -1.301321E+00
  4.200000E+00 -1.222118E+00
  4.200000E+00 -1.126733E+00
  4.200000E+00 -1.047529E+00
  4.200000E+00 -9.521448E-01
  4.200000E+00 -8.729412E-01
  4.200000E+00 -7.775565E-01
  4.200000E+00 -6.983529E-01
  4.200000E+00 -6.029683E-01
  4.200000E+00 -5.237647E-01
  4.200000E+00 -4.283801E-01
  4.200000E+00 -3.491764E-01
  4.200000E+00 -2.537918E-01
  4.200000E+00 -1.745882E-01
  4.200000E+00 -7.920361E-02
  4.200000E+00  2.345679E-08
  4.200000E+00  9.538463E-02
  4.200000E+00  1.745883E-01
  4.200000E+00  2.699729E-01
  4.200000E+00  3.491765E-01
  4.200000E+00  4.445611E-01
  4.200000E+00  5.237647E-01
  4.200000E+00  6.191493E-01
  4.200000E+00  6.983530E-01
  4.200000E+00  7.937376E-01
  4.200000E+00  8.729412E-01
  4.200000E+00  9.683258E-01
  4.200000E+00  1.047529E+00
  4.200000E+00  1.142914E+00
  4.200000E+00  1.222118E+00
  4.200000E+00  1.317502E+00
  4.200000E+00  1.396706E+00
  4.200000E+00  1.492091E+00
  4.200000E+00  1.571294E+00
  4.200000E+00  1.666679E+00
  4.200000E+00  1.745882E+00
  4.200000E+00  1.841267E+00
  4.200000E+00  1.920471E+00
  4.200000E+00  2.015855E+00
  4.200000E+00  2.095059E+00
  4.200000E+00  2.190443E+00
  4.200000E+00  2.269647E+00
  4.200000E+00  2.365032E+00
  4.200000E+00  2.444235E+00
  4.200000E+00  2.539620E+00
  4.200000E+00  2.618824E+00
  4.200000E+00  2.714208E+00
  4.200000E+00  2.793412E+00
  4.200000E+00  2.888796E+00
  4.200000E+00  2.968000E+00
  4.200000E+00  3.063385E+00
  4.200000E+00  3.142588E+00
  4.200000E+00  3.237973E+00
  4.200000E+00  3.317176E+00
  4.200000E+00  3.412561E+00
  4.200000E+00  3.491765E+00
  4.200000E+00  3.587149E+00
  4.200000E+00  3.666353E+00
  4.200000E+00  3.761738E+00
  4.200000E+00  3.840941E+00
  4.200000E+00  3.936326E+00
  4.200000E+00  4.015529E+00
  4.200000E+00  4.110914E+00
  4.200000E+00  4.190118E+00
  4.200000E+00  4.285502E+00
  4.200000E+00  4.364706E+00
  4.104615E+00  4.364706E+00
  4.009231E+00  4.364706E+00
  3.913846E+00  4.364706E+00
  3.818462E+00  4.364706E+00
  3.723077E+00  4.364706E+00
  3.627692E+00  4.364706E+00
  3.532308E+00  4.364706E+00
  3.436923E+00  4.364706E+00
  3.341538E+00  4.364706E+00
  3.246154E+00  4.364706E+00
  3.150769E+00  4.364706E+00
  3.055385E+00  4.364706E+00
  2.960000E+00  4.364706E+00
  2.864615E+00  4.364706E+00
  2.769231E+00  4.364706E+00
  2.673846E+00  4.364706E+00
  2.578462E+00  4.364706E+00
  2.483077E+00  4.364706E+00
  2.387692E+00  4.364706E+00
  2.292308E+00  4.364706E+00
  2.196923E+00  4.364706E+00
  2.101538E+00  4.364706E+00
  2.006154E+00  4.364706E+00
  1.910769E+00  4.364706E+00
  1.815385E+00  4.364706E+00
  1.720000E+00  4.364706E+00
  1.624615E+00  4.364706E+00
  1.529231E+00  4.364706E+00
  1.433846E+00  4.364706E+00
  1.338462E+00  4.364706E+00
  1.243077E+00  4.364706E+00
  1.147692E+00  4.364706E+00
  1.052308E+00  4.364706E+00
  9.569231E-01  4.364706E+00
  8.615385E-01  4.364706E+00
  7.661539E-01  4.364706E+00
  6.707692E-01  4.364706E+00
  5.753846E-01  4.364706E+00
  4.800000E-01  4.364706E+00
  3.846154E-01  4.364706E+00
  2.892308E-01  4.364706E+00
  1.938462E-01  4.364706E+00
  9.846155E-02  4.364706E+00
  3.076935E-03  4.364706E+00
  0.000000E+00  4.364706E+00
  0.000000E+00  4.361629E+00
  0.000000E+00  4.190118E+00
  0.000000E+00  4.187041E+00
  0.000000E+00  4.015529E+00
  0.000000E+00  4.012452E+00
  0.000000E+00  3.840941E+00
  0.000000E+00  3.837864E+00
  0.000000E+00  3.666353E+00
  0.000000E+00  3.663276E+00
  0.000000E+00  3.491765E+00
  0.000000E+00  3.488688E+00
  0.000000E+00  3.317176E+00
  0.000000E+00  3.314100E+00
  0.000000E+00  3.142588E+00
  0.000000E+00  3.139511E+00
  0.000000E+00  2.968000E+00
  0.000000E+00  2.964923E+00
  0.000000E+00  2.793412E+00
  0.000000E+00  2.790335E+00
  0.000000E+00  2.618824E+00
  0.000000E+00  2.615747E+00
  0.000000E+00  2.444235E+00
  0.000000E+00  2.441158E+00
  0.000000E+00  2.269647E+00
  0.000000E+00  2.266570E+00
  0.000000E+00  2.095059E+00
  0.000000E+00  2.091982E+00
  0.000000E+00  1.920471E+00
  0.000000E+00  1.917394E+00
  0.000000E+00  1.745882E+00
  0.000000E+00  1.742805E+00
  0.000000E+00  1.571294E+00
  0.000000E+00  1.568217E+00
  0.000000E+00  1.396706E+00
  0.000000E+00  1.393629E+00
  0.000000E+00  1.222118E+00
  0.000000E+00  1.219041E+00
  0.000000E+00  1.047529E+00
  0.000000E+00  1.044452E+00
  0.000000E+00  8.729412E-01
  0.000000E+00  8.698643E-01
  0.000000E+00  6.983530E-01
  0.000000E+00  6.952760E-01
  0.000000E+00  5.237647E-01
  0.000000E+00  5.206878E-01
  0.000000E+00  3.491765E-01
  0.000000E+00  3.460996E-01
  0.000000E+00  1.745883E-01
  0.000000E+00  1.715113E-01
  0.000000E+00  2.345679E-08
  0.000000E+00 -3.076912E-03
  0.000000E+00 -1.745882E-01
  0.000000E+00 -1.776651E-01
  0.000000E+00 -3.491764E-01
  0.000000E+00 -3.522534E-01
  0.000000E+00 -5.237647E-01
  0.000000E+00 -5.268416E-01
  0.000000E+00 -6.983529E-01
  0.000000E+00 -7.014299E-01
  0.000000E+00 -8.729412E-01
  0.000000E+00 -8.760181E-01
  0.000000E+00 -1.047529E+00
  0.000000E+00 -1.050606E+00
  0.000000E+00 -1.222118E+00
  0.000000E+00 -1.225195E+00
  0.000000E+00 -1.396706E+00
  0.000000E+00 -1.399783E+00
  0.000000E+00 -1.571294E+00
  0.000000E+00 -1.574371E+00
  0.000000E+00 -1.745882E+00
  0.000000E+00 -1.748959E+00
  0.000000E+00 -1.920471E+00
  0.000000E+00 -1.923548E+00
  0.000000E+00 -2.095059E+00
  0.000000E+00 -2.098136E+00
  0.000000E+00 -2.269647E+00
  0.000000E+00 -2.272724E+00
  0.000000E+00 -2.444235E+00
  0.000000E+00 -2.447312E+00
  0.000000E+00 -2.618824E+00
  0.000000E+00 -2.621900E+00
  0.000000E+00 -2.793412E+00
  0.000000E+00 -2.796489E+00
  0.000000E+00 -2.968000E+00
  0.000000E+00 -2.971077E+00
  0.000000E+00 -3.142588E+00
  0.000000E+00 -3.145665E+00
  0.000000E+00 -3.317176E+00
  0.000000E+00 -3.320253E+00
  0.000000E+00 -3.491765E+00
  0.000000E+00 -3.494842E+00
  0.000000E+00 -3.666353E+00
  0.000000E+00 -3.669430E+00
  0.000000E+00 -3.840941E+00
  0.000000E+00 -3.844018E+00
  0.000000E+00 -4.015529E+00
  0.000000E+00 -4.018606E+00
  0.000000E+00 -4.190118E+00
  0.000000E+00 -4.193195E+00
  0.000000E+00 -4.364706E+00

hb:   line clip z  
frame:
  0.0000000E+00 -4.2000000E+00
  8.4000000E+00 -4.2000000E+00
  8.4000000E+00  4.2000000E+00
  0.0000000E+00  4.2000000E+00
clip:
  4.200000E+00 -4.364706E+00
  8.492308E+00 -4.364706E+00
  8.492308E+00 -4.190118E+00
  8.492308E+00 -4.015529E+00
  8.492308E+00 -3.840941E+00
  8.492308E+00 -3.666353E+00
  8.492308E+00 -3.491765E+00
  8.492308E+00 -3.317176E+00
  8.492308E+00 -3.142588E+00
  8.492308E+00 -2.968000E+00
  8.492308E+00 -2.793412E+00
  8.492308E+00 -2.618824E+00
  8.492308E+00 -2.444235E+00
  8.492308E+00 -2.269647E+00
  8.492308E+00 -2.095059E+00
  8.492308E+00 -1.920471E+00
  8.492308E+00 -1.745882E+00
  8.492308E+00 -1.571294E+00
  8.492308E+00 -1.396706E+00
  8.492308E+00 -1.222118E+00
  8.492308E+00 -1.047529E+00
  8.492308E+00 -8.729412E-01
  8.492308E+00 -6.983529E-01
  8.492308E+00 -5.237647E-01
  8.492308E+00 -3.491764E-01
  8.492308E+00 -1.745882E-01
  8.492308E+00  2.345679E-08
  8.492308E+00  1.745883E-01
  8.492308E+00  3.491765E-01
  8.492308E+00  5.237647E-01
  8.492308E+00  6.983530E-01
  8.492308E+00  8.729412E-01
  8.492308E+00  1.047529E+00
  8.492308E+00  1.222118E+00
  8.492308E+00  1.396706E+00
  8.492308E+00  1.571294E+00
  8.492308E+00  1.745882E+00
  8.492308E+00  1.920471E+00
  8.492308E+00  2.095059E+00
  8.492308E+00  2.269647E+00
  8.492308E+00  2.444235E+00
  8.492308E+00  2.618824E+00
  8.492308E+00  2.793412E+00
  8.492308E+00  2.968000E+00
  8.492308E+00  3.142588E+00
  8.492308E+00  3.317176E+00
  8.492308E+00  3.491765E+00
  8.492308E+00  3.666353E+00
  8.492308E+00  3.840941E+00
  8.492308E+00  4.015529E+00
  8.492308E+00  4.190118E+00
  8.492308E+00  4.364706E+00
  8.396923E+00  4.364706E+00
  8.301538E+00  4.364706E+00
  8.206154E+00  4.364706E+00
  8.110769E+00  4.364706E+00
  8.015385E+00  4.364706E+00
  7.920000E+00  4.364706E+00
  7.824615E+00  4.364706E+00
  7.729231E+00  4.364706E+00
  7.633846E+00  4.364706E+00
  7.538462E+00  4.364706E+00
  7.443077E+00  4.364706E+00
  7.347692E+00  4.364706E+00
  7.252308E+00  4.364706E+00
  7.156923E+00  4.364706E+00
  7.061538E+00  4.364706E+00
  6.966154E+00  4.364706E+00
  6.870769E+00  4.364706E+00
  6.775385E+00  4.364706E+00
  6.680000E+00  4.364706E+00
  6.584615E+00  4.364706E+00
  6.489231E+00  4.364706E+00
  6.393846E+00  4.364706E+00
  6.298462E+00  4.364706E+00
  6.203077E+00  4.364706E+00
  6.107692E+00  4.364706E+00
  6.012308E+00  4.364706E+00
  5.916923E+00  4.364706E+00
  5.821538E+00  4.364706E+00
  5.726154E+00  4.364706E+00
  5.630769E+00  4.364706E+00
  5.535385E+00  4.364706E+00
  5.440000E+00  4.364706E+00
  5.344615E+00  4.364706E+00
  5.249231E+00  4.364706E+00
  5.153846E+00  4.364706E+00
  5.058462E+00  4.364706E+00
  4.963077E+00  4.364706E+00
  4.867692E+00  4.364706E+00
  4.772308E+00  4.364706E+00
  4.676923E+00  4.364706E+00
  4.581538E+00  4.364706E+00
  4.486154E+00  4.364706E+00
  4.390769E+00  4.364706E+00
  4.295385E+00  4.364706E+00
  4.200000E+00  4.364706E+00
  4.200000E+00  4.190118E+00
  4.200000E+00  4.015529E+00
  4.200000E+00  3.840941E+00
  4.200000E+00  3.666353E+00
  4.200000E+00  3.491765E+00
  4.200000E+00  3.317176E+00
  4.200000E+00  3.142588E+00
  4.200000E+00  2.968000E+00
  4.200000E+00  2.793412E+00
  4.200000E+00  2.618824E+00
  4.200000E+00  2.444235E+00
  4.200000E+00  2.269647E+00
  4.200000E+00  2.095059E+00
  4.200000E+00  1.920471E+00
  4.200000E+00  1.745882E+00
  4.200000E+00  1.571294E+00
  4.200000E+00  1.396706E+00
  4.200000E+00  1.222118E+00
  4.200000E+00  1.047529E+00
  4.200000E+00  8.729412E-01
  4.200000E+00  6.983530E-01
  4.200000E+00  5.237647E-01
  4.200000E+00  3.491765E-01
  4.200000E+00  1.745883E-01
  4.200000E+00  2.345679E-08
  4.200000E+00 -1.745882E-01
  4.200000E+00 -3.491764E-01
  4.200000E+00 -5.237647E-01
  4.200000E+00 -6.983529E-01
  4.200000E+00 -8.729412E-01
  4.200000E+00 -1.047529E+00
  4.200000E+00 -1.222118E+00
  4.200000E+00 -1.396706E+00
  4.200000E+00 -1.571294E+00
  4.200000E+00 -1.745882E+00
  4.200000E+00 -1.920471E+00
  4.200000E+00 -2.095059E+00
  4.200000E+00 -2.269647E+00
  4.200000E+00 -2.444235E+00
  4.200000E+00 -2.618824E+00
  4.200000E+00 -2.793412E+00
  4.200000E+00 -2.968000E+00
  4.200000E+00 -3.142588E+00
  4.200000E+00 -3.317176E+00
  4.200000E+00 -3.491765E+00
  4.200000E+00 -3.666353E+00
  4.200000E+00 -3.840941E+00
  4.200000E+00 -4.015529E+00
  4.200000E+00 -4.190118E+00
  4.200000E+00 -4.364706E+00

#------------------------------------------------------------------------------
z: xorg(1.03)
p: xfac[c2*0.05] form[c1/0.05] notc noxt noyt dmin(1)
p: ymin(0) ymax(1) xmin(0) xmax(1) cmin(1) cmax(100) nosp
hc: y= 0.005 to 0.995 by 0.01 ; x= 0.5 to 0.5 by 1 ;
 1  2  3  4  5  6  7  8  9 10 11 12 13 14 15 16 17 18 19 20
21 22 23 24 25 26 27 28 29 30 31 32 33 34 35 36 37 38 39 40
41 42 43 44 45 46 47 48 49 50 51 52 53 54 55 56 57 58 59 60
61 62 63 64 65 66 67 68 69 70 71 72 73 74 75 76 77 78 79 80
81 82 83 84 85 86 87 88 89 90 91 92 93 94 95 96 97 98 99 100
z: xorg(0.0)
p: xfac[c2*0.05] form[c1/0.05] nosp afac[c5*0.625] ymin[c3] ymax[c4]
p: noxt noxn ytxt(-1) ynum(-1) xltd(-1) xstd(-1) itic(1) ylog
y: Relative Error
#------------------------------------------------------------------------------

wt: s[c5]
\vspace{-3}
  emin  &=&   0.0000E+00 [MeV]
  emax  &=&   1.0000E+03 [MeV]
  ymin  &=&  -4.2000E+00 [cm]
  ymax  &=&   4.2000E+00 [cm]
  part. &=& neutron 
e:

#------------------------------------------------------------------------------
z: xorg[-1.03/0.05]
p: form[c1] xfac[c2] afac[c5] nosp notf
p: xmin(  0.000000    ) xmax(  8.400000    )
p: ymin( -4.200000    ) ymax(  4.200000    )
 
# Information for Restart Calculation
# This calculation was newly started
# istdev =  2 # 1:Batch variance, 2:History variance
# resc2  = 6.00000000000000000E+03 # Total source weight or Total source weight / maxcas
# resc3  = 6.00000000000000000E+03 # Total history number or Total batch number
# maxcas =        2000 # History / Batch, only used for istdev=1
# bitrseed = 1001000011100101101101101011000010001010100000111001111101111011 # bit data of rseed
