[ T - T r a c k ]
    title = [t-track] in xyz mesh
     mesh =  xyz            # mesh type is xyz scoring mesh
   x-type =    2            # x-mesh is linear given by xmin, xmax and nx
     xmin =  -5.000000      # minimum value of x-mesh points
     xmax =   5.000000      # maximum value of x-mesh points
#    xdel =  0.1000000      # mesh width of x-mesh points
       nx =  100            # number of x-mesh points
#    data = ( x(i), i = 1, nx + 1 )
#          -5.00000E+00 -4.90000E+00 -4.80000E+00 -4.70000E+00 -4.60000E+00
#          -4.50000E+00 -4.40000E+00 -4.30000E+00 -4.20000E+00 -4.10000E+00
#          -4.00000E+00 -3.90000E+00 -3.80000E+00 -3.70000E+00 -3.60000E+00
#          -3.50000E+00 -3.40000E+00 -3.30000E+00 -3.20000E+00 -3.10000E+00
#          -3.00000E+00 -2.90000E+00 -2.80000E+00 -2.70000E+00 -2.60000E+00
#          -2.50000E+00 -2.40000E+00 -2.30000E+00 -2.20000E+00 -2.10000E+00
#          -2.00000E+00 -1.90000E+00 -1.80000E+00 -1.70000E+00 -1.60000E+00
#          -1.50000E+00 -1.40000E+00 -1.30000E+00 -1.20000E+00 -1.10000E+00
#          -1.00000E+00 -9.00000E-01 -8.00000E-01 -7.00000E-01 -6.00000E-01
#          -5.00000E-01 -4.00000E-01 -3.00000E-01 -2.00000E-01 -1.00000E-01
#           0.00000E+00  1.00000E-01  2.00000E-01  3.00000E-01  4.00000E-01
#           5.00000E-01  6.00000E-01  7.00000E-01  8.00000E-01  9.00000E-01
#           1.00000E+00  1.10000E+00  1.20000E+00  1.30000E+00  1.40000E+00
#           1.50000E+00  1.60000E+00  1.70000E+00  1.80000E+00  1.90000E+00
#           2.00000E+00  2.10000E+00  2.20000E+00  2.30000E+00  2.40000E+00
#           2.50000E+00  2.60000E+00  2.70000E+00  2.80000E+00  2.90000E+00
#           3.00000E+00  3.10000E+00  3.20000E+00  3.30000E+00  3.40000E+00
#           3.50000E+00  3.60000E+00  3.70000E+00  3.80000E+00  3.90000E+00
#           4.00000E+00  4.10000E+00  4.20000E+00  4.30000E+00  4.40000E+00
#           4.50000E+00  4.60000E+00  4.70000E+00  4.80000E+00  4.90000E+00
#           5.00000E+00
   y-type =    2            # y-mesh is linear given by ymin, ymax and ny
     ymin =  -60.00000      # minimum value of y-mesh points
     ymax =   60.00000      # maximum value of y-mesh points
#    ydel =   120.0000      # mesh width of y-mesh points
       ny =    1            # number of y-mesh points
#    data = ( y(i), i = 1, ny + 1 )
#          -6.00000E+01  6.00000E+01
   z-type =    2            # z-mesh is linear given by zmin, zmax and nz
     zmin =  -10.00000      # minimum value of z-mesh points
     zmax =   110.0000      # maximum value of z-mesh points
#    zdel =   1.200000      # mesh width of z-mesh points
       nz =  100            # number of z-mesh points
#    data = ( z(i), i = 1, nz + 1 )
#          -1.00000E+01 -8.80000E+00 -7.60000E+00 -6.40000E+00 -5.20000E+00
#          -4.00000E+00 -2.80000E+00 -1.60000E+00 -4.00000E-01  8.00000E-01
#           2.00000E+00  3.20000E+00  4.40000E+00  5.60000E+00  6.80000E+00
#           8.00000E+00  9.20000E+00  1.04000E+01  1.16000E+01  1.28000E+01
#           1.40000E+01  1.52000E+01  1.64000E+01  1.76000E+01  1.88000E+01
#           2.00000E+01  2.12000E+01  2.24000E+01  2.36000E+01  2.48000E+01
#           2.60000E+01  2.72000E+01  2.84000E+01  2.96000E+01  3.08000E+01
#           3.20000E+01  3.32000E+01  3.44000E+01  3.56000E+01  3.68000E+01
#           3.80000E+01  3.92000E+01  4.04000E+01  4.16000E+01  4.28000E+01
#           4.40000E+01  4.52000E+01  4.64000E+01  4.76000E+01  4.88000E+01
#           5.00000E+01  5.12000E+01  5.24000E+01  5.36000E+01  5.48000E+01
#           5.60000E+01  5.72000E+01  5.84000E+01  5.96000E+01  6.08000E+01
#           6.20000E+01  6.32000E+01  6.44000E+01  6.56000E+01  6.68000E+01
#           6.80000E+01  6.92000E+01  7.04000E+01  7.16000E+01  7.28000E+01
#           7.40000E+01  7.52000E+01  7.64000E+01  7.76000E+01  7.88000E+01
#           8.00000E+01  8.12000E+01  8.24000E+01  8.36000E+01  8.48000E+01
#           8.60000E+01  8.72000E+01  8.84000E+01  8.96000E+01  9.08000E+01
#           9.20000E+01  9.32000E+01  9.44000E+01  9.56000E+01  9.68000E+01
#           9.80000E+01  9.92000E+01  1.00400E+02  1.01600E+02  1.02800E+02
#           1.04000E+02  1.05200E+02  1.06400E+02  1.07600E+02  1.08800E+02
#           1.10000E+02
   e-type =    2            # e-mesh is linear given by emin, emax and ne
     emin =   0.000000      # minimum value of e-mesh points
     emax =   3000.000      # maximum value of e-mesh points
#    edel =   3000.000      # mesh width of e-mesh points
       ne =    1            # number of e-mesh points
#    data = ( e(i), i = 1, ne + 1 )
#           0.00000E+00  3.00000E+03
     unit =    1            # unit is [1/cm^2/source]
 material =  all            # (D=all) number of specific material
  2D-type =    3            # 1:Cont, 2:Clust, 3:Color, 4:xyz, 5:mat, 6:Clust+Cont, 7:Col+Cont
     axis =   xz            # axis of output
     file = magt01r.dat     # file name of output for the above axis
     part =  all      
# kf/name :  0        
    angel = form(0.7)
    gshow =    1            # 0: no 1:bnd, 2:bnd+mat, 3:bnd+reg 4:bnd+lat
    resol =    1            # (D=1) resolution of gshow or rshow
    width = 0.5000000       # (D=0.5) width of lines for gshow or rshow
   epsout =    1            # (D=0) generate eps file by ANGEL
#    used :        main (  %)        temp (  %)       total (  %)
#  memory :       20208 (  0)       10203 (  0)       30411 (  0)

#------------------------------------------------------------------------------
#newpage:
#   no. =  1   ie  =  1   iy  =  1   part. = all     
#   e = (   0.0000E+00  -   3.0000E+03  )
#   y = (  -6.0000E+01  -   6.0000E+01  )

'no. =  1,  ie =  1,  iy =  1'
msuc: {\huge [t-track] in xyz mesh}
msdl: {\it plotted by \ANGEL \version}
msdr: {\it calculated by \PHITS  2.30}

x: z [cm]
y: x [cm]
set: c1[ 0.700] c2[ 1.076] c5[ 0.800] c6[ 0.883] c7[ 0.000] c8[ 0.171]
p: form[c1] xfac[c2] afac[c5] scal[c6] xorg[c7] yorg[c8] nosp
set: c3[   6.520718E-08] c4[   4.862701E-02]
p: cmin[c3] cmax[c4]
p: dmin(1e-31)
p: zlog
p: xmin( -10.00000    ) xmax(  110.0000    )
p: ymin( -5.000000    ) ymax(  5.000000    )
p: form(0.7)
#  nx = 100   nz = 100
# ( ( data(z,x), z = 1, nz ), x = nx, 1, -1 )

hc:  y =   4.950000     to  -4.950000     by  0.1000000     ; x =  -9.400000     to   109.4000     by   1.200000     ;
  0.000E+00  0.000E+00  0.000E+00  0.000E+00  0.000E+00  0.000E+00  0.000E+00  0.000E+00  0.000E+00  0.000E+00
  0.000E+00  0.000E+00  0.000E+00  0.000E+00  0.000E+00  0.000E+00  0.000E+00  0.000E+00  0.000E+00  0.000E+00
  0.000E+00  0.000E+00  0.000E+00  0.000E+00  0.000E+00  0.000E+00  0.000E+00  0.000E+00  0.000E+00  0.000E+00
  0.000E+00  0.000E+00  0.000E+00  0.000E+00  0.000E+00  0.000E+00  0.000E+00  0.000E+00  0.000E+00  0.000E+00
  0.000E+00  0.000E+00  0.000E+00  0.000E+00  0.000E+00  0.000E+00  0.000E+00  0.000E+00  0.000E+00  0.000E+00
  0.000E+00  0.000E+00  0.000E+00  0.000E+00  0.000E+00  0.000E+00  0.000E+00  0.000E+00  0.000E+00  0.000E+00
  0.000E+00  0.000E+00  0.000E+00  0.000E+00  0.000E+00  0.000E+00  0.000E+00  0.000E+00  0.000E+00  0.000E+00
  0.000E+00  0.000E+00  0.000E+00  0.000E+00  0.000E+00  0.000E+00  0.000E+00  0.000E+00  0.000E+00  0.000E+00
  0.000E+00  0.000E+00  0.000E+00  0.000E+00  0.000E+00  0.000E+00  0.000E+00  0.000E+00  0.000E+00  0.000E+00
  0.000E+00  0.000E+00  0.000E+00  0.000E+00  0.000E+00  0.000E+00  0.000E+00  0.000E+00  0.000E+00  0.000E+00
  0.000E+00  0.000E+00  0.000E+00  0.000E+00  0.000E+00  0.000E+00  0.000E+00  0.000E+00  0.000E+00  0.000E+00
  0.000E+00  0.000E+00  0.000E+00  0.000E+00  0.000E+00  0.000E+00  0.000E+00  0.000E+00  0.000E+00  0.000E+00
  0.000E+00  0.000E+00  0.000E+00  0.000E+00  0.000E+00  0.000E+00  0.000E+00  0.000E+00  0.000E+00  0.000E+00
  0.000E+00  0.000E+00  0.000E+00  0.000E+00  0.000E+00  0.000E+00  0.000E+00  0.000E+00  0.000E+00  0.000E+00
  0.000E+00  0.000E+00  0.000E+00  0.000E+00  0.000E+00  0.000E+00  0.000E+00  0.000E+00  0.000E+00  0.000E+00
  0.000E+00  0.000E+00  0.000E+00  0.000E+00  0.000E+00  0.000E+00  0.000E+00  0.000E+00  0.000E+00  0.000E+00
  0.000E+00  0.000E+00  0.000E+00  0.000E+00  0.000E+00  0.000E+00  0.000E+00  0.000E+00  0.000E+00  0.000E+00
  0.000E+00  0.000E+00  0.000E+00  0.000E+00  0.000E+00  0.000E+00  0.000E+00  0.000E+00  0.000E+00  0.000E+00
  0.000E+00  0.000E+00  0.000E+00  0.000E+00  0.000E+00  0.000E+00  0.000E+00  0.000E+00  0.000E+00  0.000E+00
  0.000E+00  0.000E+00  0.000E+00  0.000E+00  0.000E+00  0.000E+00  0.000E+00  0.000E+00  0.000E+00  0.000E+00
  0.000E+00  0.000E+00  0.000E+00  0.000E+00  0.000E+00  0.000E+00  0.000E+00  0.000E+00  0.000E+00  0.000E+00
  0.000E+00  0.000E+00  0.000E+00  0.000E+00  0.000E+00  0.000E+00  0.000E+00  0.000E+00  0.000E+00  0.000E+00
  0.000E+00  0.000E+00  0.000E+00  0.000E+00  0.000E+00  0.000E+00  0.000E+00  0.000E+00  0.000E+00  0.000E+00
  0.000E+00  0.000E+00  0.000E+00  0.000E+00  0.000E+00  0.000E+00  0.000E+00  0.000E+00  0.000E+00  0.000E+00
  0.000E+00  0.000E+00  0.000E+00  0.000E+00  0.000E+00  0.000E+00  0.000E+00  0.000E+00  0.000E+00  0.000E+00
  0.000E+00  0.000E+00  0.000E+00  0.000E+00  0.000E+00  0.000E+00  0.000E+00  0.000E+00  0.000E+00  0.000E+00
  0.000E+00  0.000E+00  0.000E+00  0.000E+00  0.000E+00  0.000E+00  0.000E+00  0.000E+00  0.000E+00  0.000E+00
  0.000E+00  0.000E+00  0.000E+00  0.000E+00  0.000E+00  0.000E+00  0.000E+00  0.000E+00  0.000E+00  0.000E+00
  0.000E+00  0.000E+00  0.000E+00  0.000E+00  0.000E+00  0.000E+00  0.000E+00  0.000E+00  0.000E+00  0.000E+00
  0.000E+00  0.000E+00  0.000E+00  0.000E+00  0.000E+00  0.000E+00  0.000E+00  0.000E+00  0.000E+00  0.000E+00
  0.000E+00  0.000E+00  0.000E+00  0.000E+00  0.000E+00  0.000E+00  0.000E+00  0.000E+00  0.000E+00  0.000E+00
  0.000E+00  0.000E+00  0.000E+00  0.000E+00  0.000E+00  0.000E+00  0.000E+00  0.000E+00  0.000E+00  0.000E+00
  0.000E+00  0.000E+00  0.000E+00  0.000E+00  0.000E+00  0.000E+00  0.000E+00  0.000E+00  0.000E+00  0.000E+00
  0.000E+00  0.000E+00  0.000E+00  0.000E+00  0.000E+00  0.000E+00  0.000E+00  0.000E+00  0.000E+00  0.000E+00
  0.000E+00  0.000E+00  0.000E+00  0.000E+00  0.000E+00  0.000E+00  0.000E+00  0.000E+00  0.000E+00  0.000E+00
  0.000E+00  0.000E+00  0.000E+00  0.000E+00  0.000E+00  0.000E+00  0.000E+00  0.000E+00  0.000E+00  0.000E+00
  0.000E+00  0.000E+00  0.000E+00  0.000E+00  0.000E+00  0.000E+00  0.000E+00  0.000E+00  0.000E+00  0.000E+00
  0.000E+00  0.000E+00  0.000E+00  0.000E+00  0.000E+00  0.000E+00  0.000E+00  0.000E+00  0.000E+00  0.000E+00
  0.000E+00  0.000E+00  0.000E+00  0.000E+00  0.000E+00  0.000E+00  0.000E+00  0.000E+00  0.000E+00  0.000E+00
  0.000E+00  0.000E+00  0.000E+00  0.000E+00  0.000E+00  0.000E+00  0.000E+00  0.000E+00  0.000E+00  0.000E+00
  0.000E+00  0.000E+00  0.000E+00  0.000E+00  0.000E+00  0.000E+00  0.000E+00  0.000E+00  0.000E+00  0.000E+00
  0.000E+00  0.000E+00  0.000E+00  0.000E+00  0.000E+00  0.000E+00  0.000E+00  0.000E+00  0.000E+00  0.000E+00
  0.000E+00  0.000E+00  0.000E+00  0.000E+00  0.000E+00  0.000E+00  0.000E+00  0.000E+00  0.000E+00  0.000E+00
  0.000E+00  0.000E+00  0.000E+00  0.000E+00  0.000E+00  0.000E+00  0.000E+00  0.000E+00  0.000E+00  0.000E+00
  0.000E+00  0.000E+00  0.000E+00  0.000E+00  0.000E+00  0.000E+00  0.000E+00  0.000E+00  0.000E+00  0.000E+00
  0.000E+00  0.000E+00  0.000E+00  0.000E+00  0.000E+00  0.000E+00  0.000E+00  0.000E+00  0.000E+00  0.000E+00
  0.000E+00  0.000E+00  0.000E+00  0.000E+00  0.000E+00  0.000E+00  0.000E+00  0.000E+00  0.000E+00  0.000E+00
  0.000E+00  0.000E+00  0.000E+00  0.000E+00  0.000E+00  0.000E+00  0.000E+00  0.000E+00  0.000E+00  0.000E+00
  0.000E+00  0.000E+00  0.000E+00  0.000E+00  0.000E+00  0.000E+00  0.000E+00  0.000E+00  0.000E+00  0.000E+00
  0.000E+00  0.000E+00  0.000E+00  0.000E+00  0.000E+00  0.000E+00  0.000E+00  0.000E+00  0.000E+00  0.000E+00
  0.000E+00  0.000E+00  0.000E+00  0.000E+00  0.000E+00  0.000E+00  0.000E+00  0.000E+00  0.000E+00  0.000E+00
  0.000E+00  0.000E+00  0.000E+00  0.000E+00  0.000E+00  0.000E+00  0.000E+00  0.000E+00  0.000E+00  0.000E+00
  0.000E+00  0.000E+00  0.000E+00  0.000E+00  0.000E+00  0.000E+00  0.000E+00  0.000E+00  0.000E+00  0.000E+00
  0.000E+00  0.000E+00  0.000E+00  0.000E+00  0.000E+00  0.000E+00  0.000E+00  0.000E+00  0.000E+00  0.000E+00
  0.000E+00  0.000E+00  0.000E+00  0.000E+00  0.000E+00  0.000E+00  0.000E+00  0.000E+00  0.000E+00  0.000E+00
  0.000E+00  0.000E+00  0.000E+00  0.000E+00  0.000E+00  0.000E+00  0.000E+00  0.000E+00  0.000E+00  0.000E+00
  0.000E+00  0.000E+00  0.000E+00  0.000E+00  0.000E+00  0.000E+00  0.000E+00  0.000E+00  0.000E+00  0.000E+00
  0.000E+00  0.000E+00  0.000E+00  0.000E+00  0.000E+00  0.000E+00  0.000E+00  0.000E+00  0.000E+00  0.000E+00
  0.000E+00  0.000E+00  0.000E+00  0.000E+00  0.000E+00  0.000E+00  0.000E+00  0.000E+00  0.000E+00  0.000E+00
  0.000E+00  0.000E+00  0.000E+00  0.000E+00  0.000E+00  0.000E+00  0.000E+00  0.000E+00  0.000E+00  0.000E+00
  0.000E+00  0.000E+00  0.000E+00  0.000E+00  0.000E+00  0.000E+00  0.000E+00  0.000E+00  0.000E+00  0.000E+00
  0.000E+00  0.000E+00  0.000E+00  0.000E+00  0.000E+00  0.000E+00  0.000E+00  0.000E+00  0.000E+00  0.000E+00
  0.000E+00  0.000E+00  0.000E+00  0.000E+00  0.000E+00  0.000E+00  0.000E+00  0.000E+00  0.000E+00  0.000E+00
  0.000E+00  0.000E+00  0.000E+00  0.000E+00  0.000E+00  0.000E+00  0.000E+00  0.000E+00  0.000E+00  0.000E+00
  0.000E+00  0.000E+00  0.000E+00  0.000E+00  0.000E+00  0.000E+00  0.000E+00  0.000E+00  0.000E+00  0.000E+00
  0.000E+00  0.000E+00  0.000E+00  0.000E+00  0.000E+00  0.000E+00  0.000E+00  0.000E+00  0.000E+00  0.000E+00
  0.000E+00  0.000E+00  0.000E+00  0.000E+00  0.000E+00  0.000E+00  0.000E+00  0.000E+00  0.000E+00  0.000E+00
  0.000E+00  0.000E+00  0.000E+00  0.000E+00  0.000E+00  0.000E+00  0.000E+00  0.000E+00  0.000E+00  0.000E+00
  0.000E+00  0.000E+00  0.000E+00  0.000E+00  0.000E+00  0.000E+00  0.000E+00  0.000E+00  0.000E+00  0.000E+00
  0.000E+00  0.000E+00  0.000E+00  0.000E+00  0.000E+00  0.000E+00  0.000E+00  0.000E+00  0.000E+00  0.000E+00
  0.000E+00  0.000E+00  0.000E+00  0.000E+00  0.000E+00  0.000E+00  0.000E+00  0.000E+00  0.000E+00  0.000E+00
  0.000E+00  0.000E+00  0.000E+00  0.000E+00  0.000E+00  0.000E+00  0.000E+00  0.000E+00  0.000E+00  0.000E+00
  0.000E+00  0.000E+00  0.000E+00  0.000E+00  0.000E+00  0.000E+00  0.000E+00  0.000E+00  0.000E+00  0.000E+00
  0.000E+00  0.000E+00  0.000E+00  0.000E+00  0.000E+00  0.000E+00  0.000E+00  0.000E+00  0.000E+00  0.000E+00
  0.000E+00  0.000E+00  0.000E+00  0.000E+00  0.000E+00  0.000E+00  0.000E+00  0.000E+00  0.000E+00  0.000E+00
  0.000E+00  0.000E+00  0.000E+00  0.000E+00  0.000E+00  0.000E+00  0.000E+00  0.000E+00  0.000E+00  0.000E+00
  0.000E+00  0.000E+00  0.000E+00  0.000E+00  0.000E+00  0.000E+00  0.000E+00  0.000E+00  0.000E+00  0.000E+00
  0.000E+00  0.000E+00  0.000E+00  0.000E+00  0.000E+00  0.000E+00  0.000E+00  0.000E+00  0.000E+00  0.000E+00
  0.000E+00  0.000E+00  0.000E+00  0.000E+00  0.000E+00  0.000E+00  0.000E+00  0.000E+00  0.000E+00  0.000E+00
  0.000E+00  0.000E+00  0.000E+00  0.000E+00  0.000E+00  0.000E+00  0.000E+00  0.000E+00  0.000E+00  0.000E+00
  0.000E+00  0.000E+00  0.000E+00  0.000E+00  0.000E+00  0.000E+00  0.000E+00  0.000E+00  0.000E+00  0.000E+00
  0.000E+00  0.000E+00  0.000E+00  0.000E+00  0.000E+00  0.000E+00  0.000E+00  0.000E+00  0.000E+00  0.000E+00
  0.000E+00  0.000E+00  0.000E+00  0.000E+00  0.000E+00  0.000E+00  0.000E+00  0.000E+00  0.000E+00  0.000E+00
  0.000E+00  0.000E+00  0.000E+00  0.000E+00  0.000E+00  0.000E+00  0.000E+00  0.000E+00  0.000E+00  0.000E+00
  0.000E+00  0.000E+00  0.000E+00  0.000E+00  0.000E+00  0.000E+00  0.000E+00  0.000E+00  0.000E+00  0.000E+00
  0.000E+00  0.000E+00  0.000E+00  0.000E+00  0.000E+00  0.000E+00  0.000E+00  0.000E+00  0.000E+00  0.000E+00
  0.000E+00  0.000E+00  0.000E+00  0.000E+00  0.000E+00  0.000E+00  0.000E+00  0.000E+00  0.000E+00  0.000E+00
  0.000E+00  0.000E+00  0.000E+00  0.000E+00  0.000E+00  0.000E+00  0.000E+00  0.000E+00  0.000E+00  0.000E+00
  0.000E+00  0.000E+00  0.000E+00  0.000E+00  0.000E+00  0.000E+00  0.000E+00  0.000E+00  0.000E+00  0.000E+00
  0.000E+00  0.000E+00  0.000E+00  0.000E+00  0.000E+00  0.000E+00  0.000E+00  0.000E+00  0.000E+00  0.000E+00
  0.000E+00  0.000E+00  0.000E+00  0.000E+00  0.000E+00  0.000E+00  0.000E+00  0.000E+00  0.000E+00  0.000E+00
  0.000E+00  0.000E+00  0.000E+00  0.000E+00  0.000E+00  0.000E+00  0.000E+00  0.000E+00  0.000E+00  0.000E+00
  0.000E+00  0.000E+00  0.000E+00  0.000E+00  0.000E+00  0.000E+00  0.000E+00  0.000E+00  0.000E+00  0.000E+00
  0.000E+00  0.000E+00  0.000E+00  0.000E+00  0.000E+00  0.000E+00  0.000E+00  0.000E+00  0.000E+00  0.000E+00
  0.000E+00  0.000E+00  0.000E+00  0.000E+00  0.000E+00  0.000E+00  0.000E+00  0.000E+00  0.000E+00  0.000E+00
  0.000E+00  0.000E+00  0.000E+00  0.000E+00  0.000E+00  0.000E+00  0.000E+00  0.000E+00  0.000E+00  0.000E+00
  0.000E+00  0.000E+00  0.000E+00  0.000E+00  0.000E+00  0.000E+00  0.000E+00  0.000E+00  0.000E+00  0.000E+00
  0.000E+00  0.000E+00  0.000E+00  0.000E+00  0.000E+00  0.000E+00  0.000E+00  0.000E+00  0.000E+00  0.000E+00
  0.000E+00  0.000E+00  0.000E+00  0.000E+00  0.000E+00  0.000E+00  0.000E+00  0.000E+00  0.000E+00  0.000E+00
  0.000E+00  0.000E+00  0.000E+00  0.000E+00  0.000E+00  0.000E+00  0.000E+00  0.000E+00  0.000E+00  0.000E+00
  0.000E+00  0.000E+00  0.000E+00  0.000E+00  0.000E+00  0.000E+00  0.000E+00  0.000E+00  0.000E+00  0.000E+00
  0.000E+00  0.000E+00  0.000E+00  0.000E+00  0.000E+00  0.000E+00  0.000E+00  0.000E+00  0.000E+00  0.000E+00
  0.000E+00  0.000E+00  0.000E+00  0.000E+00  0.000E+00  0.000E+00  0.000E+00  0.000E+00  0.000E+00  0.000E+00
  0.000E+00  0.000E+00  0.000E+00  0.000E+00  0.000E+00  0.000E+00  0.000E+00  0.000E+00  0.000E+00  0.000E+00
  0.000E+00  0.000E+00  0.000E+00  0.000E+00  0.000E+00  0.000E+00  0.000E+00  0.000E+00  0.000E+00  0.000E+00
  0.000E+00  0.000E+00  0.000E+00  0.000E+00  0.000E+00  0.000E+00  0.000E+00  0.000E+00  0.000E+00  0.000E+00
  0.000E+00  0.000E+00  0.000E+00  0.000E+00  0.000E+00  0.000E+00  0.000E+00  0.000E+00  0.000E+00  0.000E+00
  0.000E+00  0.000E+00  0.000E+00  0.000E+00  0.000E+00  0.000E+00  0.000E+00  0.000E+00  0.000E+00  0.000E+00
  0.000E+00  0.000E+00  0.000E+00  0.000E+00  0.000E+00  0.000E+00  0.000E+00  0.000E+00  0.000E+00  0.000E+00
  0.000E+00  0.000E+00  0.000E+00  0.000E+00  0.000E+00  0.000E+00  0.000E+00  0.000E+00  0.000E+00  0.000E+00
  0.000E+00  0.000E+00  0.000E+00  0.000E+00  0.000E+00  0.000E+00  0.000E+00  0.000E+00  0.000E+00  0.000E+00
  0.000E+00  0.000E+00  0.000E+00  0.000E+00  0.000E+00  0.000E+00  0.000E+00  0.000E+00  0.000E+00  0.000E+00
  0.000E+00  0.000E+00  0.000E+00  0.000E+00  0.000E+00  0.000E+00  0.000E+00  0.000E+00  0.000E+00  0.000E+00
  0.000E+00  0.000E+00  0.000E+00  0.000E+00  0.000E+00  0.000E+00  0.000E+00  0.000E+00  0.000E+00  0.000E+00
  0.000E+00  0.000E+00  0.000E+00  0.000E+00  0.000E+00  0.000E+00  0.000E+00  0.000E+00  0.000E+00  0.000E+00
  0.000E+00  0.000E+00  0.000E+00  0.000E+00  0.000E+00  0.000E+00  0.000E+00  0.000E+00  0.000E+00  0.000E+00
  0.000E+00  0.000E+00  0.000E+00  0.000E+00  0.000E+00  0.000E+00  0.000E+00  0.000E+00  0.000E+00  0.000E+00
  0.000E+00  0.000E+00  0.000E+00  0.000E+00  0.000E+00  0.000E+00  0.000E+00  0.000E+00  0.000E+00  0.000E+00
  0.000E+00  0.000E+00  0.000E+00  0.000E+00  0.000E+00  0.000E+00  0.000E+00  0.000E+00  0.000E+00  0.000E+00
  0.000E+00  0.000E+00  0.000E+00  0.000E+00  0.000E+00  0.000E+00  0.000E+00  0.000E+00  0.000E+00  0.000E+00
  0.000E+00  0.000E+00  0.000E+00  0.000E+00  0.000E+00  0.000E+00  0.000E+00  0.000E+00  0.000E+00  0.000E+00
  0.000E+00  0.000E+00  0.000E+00  0.000E+00  0.000E+00  0.000E+00  0.000E+00  0.000E+00  0.000E+00  0.000E+00
  0.000E+00  0.000E+00  0.000E+00  0.000E+00  0.000E+00  0.000E+00  0.000E+00  0.000E+00  0.000E+00  0.000E+00
  0.000E+00  0.000E+00  0.000E+00  0.000E+00  0.000E+00  0.000E+00  0.000E+00  0.000E+00  0.000E+00  0.000E+00
  0.000E+00  0.000E+00  0.000E+00  0.000E+00  0.000E+00  0.000E+00  0.000E+00  0.000E+00  0.000E+00  0.000E+00
  0.000E+00  0.000E+00  0.000E+00  0.000E+00  0.000E+00  0.000E+00  0.000E+00  0.000E+00  0.000E+00  0.000E+00
  0.000E+00  0.000E+00  0.000E+00  0.000E+00  0.000E+00  0.000E+00  0.000E+00  0.000E+00  0.000E+00  0.000E+00
  0.000E+00  0.000E+00  0.000E+00  0.000E+00  0.000E+00  0.000E+00  0.000E+00  0.000E+00  0.000E+00  0.000E+00
  0.000E+00  0.000E+00  0.000E+00  0.000E+00  0.000E+00  0.000E+00  0.000E+00  0.000E+00  0.000E+00  0.000E+00
  0.000E+00  0.000E+00  0.000E+00  0.000E+00  0.000E+00  0.000E+00  0.000E+00  0.000E+00  0.000E+00  0.000E+00
  0.000E+00  0.000E+00  0.000E+00  0.000E+00  0.000E+00  0.000E+00  0.000E+00  0.000E+00  0.000E+00  0.000E+00
  0.000E+00  0.000E+00  0.000E+00  0.000E+00  0.000E+00  0.000E+00  0.000E+00  0.000E+00  0.000E+00  0.000E+00
  0.000E+00  0.000E+00  0.000E+00  0.000E+00  0.000E+00  0.000E+00  0.000E+00  0.000E+00  0.000E+00  0.000E+00
  0.000E+00  0.000E+00  0.000E+00  0.000E+00  0.000E+00  0.000E+00  0.000E+00  0.000E+00  0.000E+00  0.000E+00
  0.000E+00  0.000E+00  0.000E+00  0.000E+00  0.000E+00  0.000E+00  0.000E+00  0.000E+00  0.000E+00  0.000E+00
  0.000E+00  0.000E+00  0.000E+00  0.000E+00  0.000E+00  0.000E+00  0.000E+00  0.000E+00  0.000E+00  0.000E+00
  0.000E+00  0.000E+00  0.000E+00  0.000E+00  0.000E+00  0.000E+00  0.000E+00  0.000E+00  0.000E+00  0.000E+00
  0.000E+00  0.000E+00  0.000E+00  0.000E+00  0.000E+00  0.000E+00  0.000E+00  0.000E+00  0.000E+00  0.000E+00
  0.000E+00  0.000E+00  0.000E+00  0.000E+00  0.000E+00  0.000E+00  0.000E+00  0.000E+00  0.000E+00  0.000E+00
  0.000E+00  0.000E+00  0.000E+00  0.000E+00  0.000E+00  0.000E+00  0.000E+00  0.000E+00  0.000E+00  0.000E+00
  0.000E+00  0.000E+00  0.000E+00  0.000E+00  0.000E+00  0.000E+00  0.000E+00  0.000E+00  0.000E+00  0.000E+00
  0.000E+00  0.000E+00  0.000E+00  0.000E+00  0.000E+00  0.000E+00  0.000E+00  0.000E+00  0.000E+00  0.000E+00
  0.000E+00  0.000E+00  0.000E+00  0.000E+00  0.000E+00  0.000E+00  0.000E+00  0.000E+00  0.000E+00  0.000E+00
  0.000E+00  0.000E+00  0.000E+00  0.000E+00  0.000E+00  0.000E+00  0.000E+00  0.000E+00  0.000E+00  0.000E+00
  0.000E+00  0.000E+00  0.000E+00  0.000E+00  0.000E+00  0.000E+00  0.000E+00  0.000E+00  0.000E+00  0.000E+00
  0.000E+00  0.000E+00  0.000E+00  0.000E+00  0.000E+00  0.000E+00  0.000E+00  0.000E+00  0.000E+00  0.000E+00
  0.000E+00  0.000E+00  0.000E+00  0.000E+00  0.000E+00  0.000E+00  0.000E+00  0.000E+00  0.000E+00  0.000E+00
  0.000E+00  0.000E+00  0.000E+00  0.000E+00  0.000E+00  0.000E+00  0.000E+00  0.000E+00  0.000E+00  0.000E+00
  0.000E+00  0.000E+00  0.000E+00  0.000E+00  0.000E+00  0.000E+00  0.000E+00  0.000E+00  0.000E+00  0.000E+00
  0.000E+00  0.000E+00  0.000E+00  0.000E+00  0.000E+00  0.000E+00  0.000E+00  0.000E+00  0.000E+00  0.000E+00
  0.000E+00  0.000E+00  0.000E+00  0.000E+00  0.000E+00  0.000E+00  0.000E+00  0.000E+00  0.000E+00  0.000E+00
  0.000E+00  0.000E+00  0.000E+00  0.000E+00  0.000E+00  0.000E+00  0.000E+00  0.000E+00  0.000E+00  0.000E+00
  0.000E+00  0.000E+00  0.000E+00  0.000E+00  0.000E+00  0.000E+00  0.000E+00  0.000E+00  0.000E+00  0.000E+00
  0.000E+00  0.000E+00  0.000E+00  0.000E+00  0.000E+00  0.000E+00  0.000E+00  0.000E+00  0.000E+00  0.000E+00
  0.000E+00  0.000E+00  0.000E+00  0.000E+00  0.000E+00  0.000E+00  0.000E+00  0.000E+00  0.000E+00  0.000E+00
  0.000E+00  0.000E+00  0.000E+00  0.000E+00  0.000E+00  0.000E+00  0.000E+00  0.000E+00  0.000E+00  0.000E+00
  0.000E+00  0.000E+00  0.000E+00  0.000E+00  0.000E+00  0.000E+00  0.000E+00  0.000E+00  0.000E+00  0.000E+00
  0.000E+00  0.000E+00  0.000E+00  0.000E+00  0.000E+00  0.000E+00  0.000E+00  0.000E+00  0.000E+00  0.000E+00
  0.000E+00  0.000E+00  0.000E+00  0.000E+00  0.000E+00  0.000E+00  0.000E+00  0.000E+00  0.000E+00  0.000E+00
  0.000E+00  0.000E+00  0.000E+00  0.000E+00  0.000E+00  0.000E+00  0.000E+00  0.000E+00  0.000E+00  0.000E+00
  0.000E+00  0.000E+00  0.000E+00  0.000E+00  0.000E+00  0.000E+00  0.000E+00  0.000E+00  0.000E+00  0.000E+00
  0.000E+00  0.000E+00  0.000E+00  0.000E+00  0.000E+00  0.000E+00  0.000E+00  0.000E+00  0.000E+00  0.000E+00
  0.000E+00  0.000E+00  0.000E+00  0.000E+00  0.000E+00  0.000E+00  0.000E+00  0.000E+00  0.000E+00  0.000E+00
  0.000E+00  0.000E+00  0.000E+00  0.000E+00  0.000E+00  0.000E+00  0.000E+00  0.000E+00  0.000E+00  0.000E+00
  0.000E+00  0.000E+00  0.000E+00  0.000E+00  0.000E+00  0.000E+00  0.000E+00  0.000E+00  0.000E+00  0.000E+00
  0.000E+00  0.000E+00  0.000E+00  0.000E+00  0.000E+00  0.000E+00  0.000E+00  0.000E+00  0.000E+00  0.000E+00
  0.000E+00  0.000E+00  0.000E+00  0.000E+00  0.000E+00  0.000E+00  0.000E+00  0.000E+00  0.000E+00  0.000E+00
  0.000E+00  0.000E+00  0.000E+00  0.000E+00  0.000E+00  0.000E+00  0.000E+00  0.000E+00  0.000E+00  0.000E+00
  0.000E+00  0.000E+00  0.000E+00  0.000E+00  0.000E+00  0.000E+00  0.000E+00  0.000E+00  0.000E+00  0.000E+00
  0.000E+00  0.000E+00  0.000E+00  0.000E+00  0.000E+00  0.000E+00  0.000E+00  0.000E+00  0.000E+00  0.000E+00
  0.000E+00  0.000E+00  0.000E+00  0.000E+00  0.000E+00  0.000E+00  0.000E+00  0.000E+00  0.000E+00  0.000E+00
  0.000E+00  0.000E+00  0.000E+00  0.000E+00  0.000E+00  0.000E+00  0.000E+00  0.000E+00  0.000E+00  0.000E+00
  0.000E+00  0.000E+00  0.000E+00  0.000E+00  0.000E+00  0.000E+00  0.000E+00  0.000E+00  0.000E+00  0.000E+00
  0.000E+00  0.000E+00  0.000E+00  0.000E+00  0.000E+00  0.000E+00  0.000E+00  0.000E+00  0.000E+00  0.000E+00
  0.000E+00  0.000E+00  0.000E+00  0.000E+00  0.000E+00  0.000E+00  0.000E+00  0.000E+00  0.000E+00  0.000E+00
  0.000E+00  0.000E+00  0.000E+00  0.000E+00  0.000E+00  0.000E+00  0.000E+00  0.000E+00  0.000E+00  0.000E+00
  0.000E+00  0.000E+00  0.000E+00  0.000E+00  0.000E+00  0.000E+00  0.000E+00  0.000E+00  0.000E+00  0.000E+00
  0.000E+00  0.000E+00  0.000E+00  0.000E+00  0.000E+00  0.000E+00  0.000E+00  0.000E+00  0.000E+00  0.000E+00
  0.000E+00  0.000E+00  0.000E+00  0.000E+00  0.000E+00  0.000E+00  0.000E+00  0.000E+00  0.000E+00  0.000E+00
  0.000E+00  0.000E+00  0.000E+00  0.000E+00  0.000E+00  0.000E+00  0.000E+00  0.000E+00  0.000E+00  0.000E+00
  0.000E+00  0.000E+00  0.000E+00  0.000E+00  0.000E+00  0.000E+00  0.000E+00  0.000E+00  0.000E+00  0.000E+00
  0.000E+00  0.000E+00  0.000E+00  0.000E+00  0.000E+00  0.000E+00  0.000E+00  0.000E+00  0.000E+00  0.000E+00
  0.000E+00  0.000E+00  0.000E+00  0.000E+00  0.000E+00  0.000E+00  0.000E+00  0.000E+00  0.000E+00  0.000E+00
  0.000E+00  0.000E+00  0.000E+00  0.000E+00  0.000E+00  0.000E+00  0.000E+00  0.000E+00  0.000E+00  0.000E+00
  0.000E+00  0.000E+00  0.000E+00  0.000E+00  0.000E+00  0.000E+00  0.000E+00  0.000E+00  0.000E+00  0.000E+00
  0.000E+00  0.000E+00  0.000E+00  0.000E+00  0.000E+00  0.000E+00  0.000E+00  0.000E+00  0.000E+00  0.000E+00
  0.000E+00  0.000E+00  0.000E+00  0.000E+00  0.000E+00  0.000E+00  0.000E+00  0.000E+00  0.000E+00  0.000E+00
  0.000E+00  0.000E+00  0.000E+00  0.000E+00  0.000E+00  0.000E+00  0.000E+00  0.000E+00  0.000E+00  0.000E+00
  0.000E+00  0.000E+00  0.000E+00  0.000E+00  0.000E+00  0.000E+00  0.000E+00  0.000E+00  0.000E+00  0.000E+00
  0.000E+00  0.000E+00  0.000E+00  0.000E+00  0.000E+00  0.000E+00  0.000E+00  0.000E+00  0.000E+00  0.000E+00
  0.000E+00  0.000E+00  0.000E+00  0.000E+00  0.000E+00  0.000E+00  0.000E+00  0.000E+00  0.000E+00  0.000E+00
  0.000E+00  0.000E+00  0.000E+00  0.000E+00  0.000E+00  0.000E+00  0.000E+00  0.000E+00  0.000E+00  0.000E+00
  0.000E+00  0.000E+00  0.000E+00  0.000E+00  0.000E+00  0.000E+00  0.000E+00  0.000E+00  0.000E+00  0.000E+00
  0.000E+00  0.000E+00  0.000E+00  0.000E+00  0.000E+00  0.000E+00  0.000E+00  0.000E+00  0.000E+00  0.000E+00
  0.000E+00  0.000E+00  0.000E+00  0.000E+00  0.000E+00  0.000E+00  0.000E+00  0.000E+00  0.000E+00  0.000E+00
  0.000E+00  0.000E+00  0.000E+00  0.000E+00  0.000E+00  0.000E+00  0.000E+00  0.000E+00  0.000E+00  0.000E+00
  0.000E+00  0.000E+00  0.000E+00  0.000E+00  0.000E+00  0.000E+00  0.000E+00  0.000E+00  0.000E+00  0.000E+00
  0.000E+00  0.000E+00  0.000E+00  0.000E+00  0.000E+00  0.000E+00  0.000E+00  0.000E+00  0.000E+00  0.000E+00
  0.000E+00  0.000E+00  0.000E+00  0.000E+00  0.000E+00  0.000E+00  0.000E+00  0.000E+00  0.000E+00  0.000E+00
  0.000E+00  0.000E+00  0.000E+00  0.000E+00  0.000E+00  0.000E+00  0.000E+00  0.000E+00  0.000E+00  0.000E+00
  0.000E+00  0.000E+00  0.000E+00  0.000E+00  0.000E+00  0.000E+00  0.000E+00  0.000E+00  0.000E+00  0.000E+00
  0.000E+00  0.000E+00  0.000E+00  0.000E+00  0.000E+00  0.000E+00  0.000E+00  0.000E+00  0.000E+00  0.000E+00
  0.000E+00  0.000E+00  0.000E+00  0.000E+00  0.000E+00  0.000E+00  0.000E+00  0.000E+00  0.000E+00  0.000E+00
  0.000E+00  0.000E+00  0.000E+00  0.000E+00  0.000E+00  0.000E+00  0.000E+00  0.000E+00  0.000E+00  0.000E+00
  0.000E+00  0.000E+00  0.000E+00  0.000E+00  0.000E+00  0.000E+00  0.000E+00  0.000E+00  0.000E+00  0.000E+00
  0.000E+00  0.000E+00  0.000E+00  0.000E+00  0.000E+00  0.000E+00  0.000E+00  0.000E+00  0.000E+00  0.000E+00
  0.000E+00  0.000E+00  0.000E+00  0.000E+00  0.000E+00  0.000E+00  0.000E+00  0.000E+00  0.000E+00  0.000E+00
  0.000E+00  0.000E+00  0.000E+00  0.000E+00  0.000E+00  0.000E+00  0.000E+00  0.000E+00  0.000E+00  0.000E+00
  0.000E+00  0.000E+00  0.000E+00  0.000E+00  0.000E+00  0.000E+00  0.000E+00  0.000E+00  0.000E+00  0.000E+00
  0.000E+00  0.000E+00  0.000E+00  0.000E+00  0.000E+00  0.000E+00  0.000E+00  0.000E+00  0.000E+00  0.000E+00
  0.000E+00  0.000E+00  0.000E+00  0.000E+00  0.000E+00  0.000E+00  0.000E+00  0.000E+00  0.000E+00  0.000E+00
  0.000E+00  0.000E+00  0.000E+00  0.000E+00  0.000E+00  0.000E+00  0.000E+00  0.000E+00  0.000E+00  0.000E+00
  0.000E+00  0.000E+00  0.000E+00  0.000E+00  0.000E+00  0.000E+00  0.000E+00  0.000E+00  0.000E+00  0.000E+00
  0.000E+00  0.000E+00  0.000E+00  0.000E+00  0.000E+00  0.000E+00  0.000E+00  0.000E+00  0.000E+00  0.000E+00
  0.000E+00  0.000E+00  0.000E+00  0.000E+00  0.000E+00  0.000E+00  0.000E+00  0.000E+00  0.000E+00  0.000E+00
  0.000E+00  0.000E+00  0.000E+00  0.000E+00  0.000E+00  0.000E+00  0.000E+00  0.000E+00  0.000E+00  0.000E+00
  0.000E+00  0.000E+00  0.000E+00  0.000E+00  0.000E+00  0.000E+00  0.000E+00  0.000E+00  0.000E+00  0.000E+00
  0.000E+00  0.000E+00  0.000E+00  0.000E+00  0.000E+00  0.000E+00  0.000E+00  0.000E+00  0.000E+00  0.000E+00
  0.000E+00  0.000E+00  0.000E+00  0.000E+00  0.000E+00  0.000E+00  0.000E+00  0.000E+00  0.000E+00  0.000E+00
  0.000E+00  0.000E+00  0.000E+00  0.000E+00  0.000E+00  0.000E+00  0.000E+00  0.000E+00  0.000E+00  0.000E+00
  0.000E+00  0.000E+00  0.000E+00  0.000E+00  0.000E+00  0.000E+00  0.000E+00  0.000E+00  0.000E+00  0.000E+00
  0.000E+00  0.000E+00  0.000E+00  0.000E+00  0.000E+00  0.000E+00  0.000E+00  0.000E+00  0.000E+00  0.000E+00
  0.000E+00  0.000E+00  0.000E+00  0.000E+00  0.000E+00  0.000E+00  0.000E+00  0.000E+00  0.000E+00  0.000E+00
  0.000E+00  0.000E+00  0.000E+00  0.000E+00  0.000E+00  0.000E+00  0.000E+00  0.000E+00  0.000E+00  0.000E+00
  0.000E+00  0.000E+00  0.000E+00  0.000E+00  0.000E+00  0.000E+00  0.000E+00  0.000E+00  0.000E+00  0.000E+00
  0.000E+00  0.000E+00  0.000E+00  0.000E+00  0.000E+00  0.000E+00  0.000E+00  0.000E+00  0.000E+00  0.000E+00
  0.000E+00  0.000E+00  0.000E+00  0.000E+00  0.000E+00  0.000E+00  0.000E+00  0.000E+00  0.000E+00  0.000E+00
  0.000E+00  0.000E+00  0.000E+00  0.000E+00  0.000E+00  0.000E+00  0.000E+00  0.000E+00  0.000E+00  0.000E+00
  0.000E+00  0.000E+00  0.000E+00  0.000E+00  0.000E+00  0.000E+00  0.000E+00  0.000E+00  0.000E+00  0.000E+00
  0.000E+00  0.000E+00  0.000E+00  0.000E+00  0.000E+00  0.000E+00  0.000E+00  0.000E+00  0.000E+00  0.000E+00
  0.000E+00  0.000E+00  0.000E+00  0.000E+00  0.000E+00  0.000E+00  0.000E+00  0.000E+00  0.000E+00  0.000E+00
  0.000E+00  0.000E+00  0.000E+00  0.000E+00  0.000E+00  0.000E+00  0.000E+00  0.000E+00  0.000E+00  0.000E+00
  0.000E+00  0.000E+00  0.000E+00  0.000E+00  0.000E+00  0.000E+00  0.000E+00  0.000E+00  0.000E+00  0.000E+00
  0.000E+00  0.000E+00  0.000E+00  0.000E+00  0.000E+00  0.000E+00  0.000E+00  0.000E+00  0.000E+00  0.000E+00
  0.000E+00  0.000E+00  0.000E+00  0.000E+00  0.000E+00  0.000E+00  0.000E+00  0.000E+00  0.000E+00  0.000E+00
  0.000E+00  0.000E+00  0.000E+00  0.000E+00  0.000E+00  0.000E+00  0.000E+00  0.000E+00  0.000E+00  0.000E+00
  0.000E+00  0.000E+00  0.000E+00  0.000E+00  0.000E+00  0.000E+00  0.000E+00  0.000E+00  0.000E+00  0.000E+00
  0.000E+00  0.000E+00  0.000E+00  0.000E+00  0.000E+00  0.000E+00  0.000E+00  0.000E+00  0.000E+00  0.000E+00
  0.000E+00  0.000E+00  0.000E+00  0.000E+00  0.000E+00  0.000E+00  0.000E+00  0.000E+00  0.000E+00  0.000E+00
  0.000E+00  0.000E+00  0.000E+00  0.000E+00  0.000E+00  0.000E+00  0.000E+00  0.000E+00  0.000E+00  0.000E+00
  0.000E+00  0.000E+00  0.000E+00  0.000E+00  0.000E+00  0.000E+00  0.000E+00  0.000E+00  0.000E+00  0.000E+00
  0.000E+00  0.000E+00  0.000E+00  0.000E+00  0.000E+00  0.000E+00  0.000E+00  0.000E+00  0.000E+00  0.000E+00
  0.000E+00  0.000E+00  0.000E+00  0.000E+00  0.000E+00  0.000E+00  0.000E+00  0.000E+00  0.000E+00  0.000E+00
  0.000E+00  0.000E+00  0.000E+00  0.000E+00  0.000E+00  0.000E+00  0.000E+00  0.000E+00  0.000E+00  0.000E+00
  0.000E+00  0.000E+00  1.704E-04  9.990E-04  1.668E-03  1.668E-03  1.669E-03  1.669E-03  1.669E-03  1.669E-03
  1.669E-03  1.669E-03  1.669E-03  1.670E-03  1.670E-03  1.670E-03  1.244E-03  3.705E-04  0.000E+00  0.000E+00
  0.000E+00  0.000E+00  0.000E+00  0.000E+00  0.000E+00  0.000E+00  0.000E+00  0.000E+00  0.000E+00  0.000E+00
  0.000E+00  0.000E+00  0.000E+00  0.000E+00  0.000E+00  0.000E+00  0.000E+00  0.000E+00  0.000E+00  0.000E+00
  0.000E+00  0.000E+00  0.000E+00  0.000E+00  0.000E+00  0.000E+00  0.000E+00  0.000E+00  0.000E+00  0.000E+00
  0.000E+00  0.000E+00  0.000E+00  0.000E+00  0.000E+00  0.000E+00  0.000E+00  0.000E+00  0.000E+00  0.000E+00
  0.000E+00  0.000E+00  0.000E+00  0.000E+00  0.000E+00  0.000E+00  0.000E+00  0.000E+00  0.000E+00  0.000E+00
  0.000E+00  0.000E+00  0.000E+00  0.000E+00  0.000E+00  0.000E+00  0.000E+00  0.000E+00  0.000E+00  0.000E+00
  0.000E+00  0.000E+00  0.000E+00  0.000E+00  0.000E+00  0.000E+00  0.000E+00  0.000E+00  0.000E+00  0.000E+00
  0.000E+00  0.000E+00  0.000E+00  0.000E+00  0.000E+00  0.000E+00  0.000E+00  0.000E+00  0.000E+00  2.832E-04
  1.399E-03  1.668E-03  1.498E-03  6.694E-04  0.000E+00  0.000E+00  0.000E+00  0.000E+00  4.514E-04  8.370E-04
  8.373E-04  6.571E-04  0.000E+00  0.000E+00  0.000E+00  0.000E+00  4.261E-04  1.300E-03  1.671E-03  1.649E-03
  4.765E-04  0.000E+00  0.000E+00  0.000E+00  0.000E+00  0.000E+00  0.000E+00  0.000E+00  0.000E+00  0.000E+00
  0.000E+00  0.000E+00  0.000E+00  0.000E+00  0.000E+00  0.000E+00  0.000E+00  0.000E+00  0.000E+00  0.000E+00
  0.000E+00  0.000E+00  0.000E+00  0.000E+00  0.000E+00  0.000E+00  0.000E+00  0.000E+00  0.000E+00  0.000E+00
  0.000E+00  0.000E+00  0.000E+00  0.000E+00  0.000E+00  0.000E+00  0.000E+00  0.000E+00  0.000E+00  0.000E+00
  0.000E+00  0.000E+00  0.000E+00  0.000E+00  0.000E+00  0.000E+00  0.000E+00  0.000E+00  0.000E+00  0.000E+00
  0.000E+00  0.000E+00  0.000E+00  0.000E+00  0.000E+00  0.000E+00  0.000E+00  0.000E+00  0.000E+00  0.000E+00
  0.000E+00  0.000E+00  0.000E+00  0.000E+00  0.000E+00  0.000E+00  0.000E+00  0.000E+00  0.000E+00  0.000E+00
  0.000E+00  0.000E+00  0.000E+00  0.000E+00  0.000E+00  0.000E+00  0.000E+00  8.382E-04  1.669E-03  1.385E-03
  2.692E-04  0.000E+00  6.429E-04  8.359E-04  1.540E-03  1.673E-03  1.673E-03  1.673E-03  1.223E-03  8.374E-04
  8.377E-04  1.019E-03  1.676E-03  1.677E-03  1.678E-03  1.679E-03  8.945E-04  8.369E-04  0.000E+00  2.265E-05
  1.196E-03  1.673E-03  1.277E-03  0.000E+00  0.000E+00  0.000E+00  0.000E+00  0.000E+00  0.000E+00  0.000E+00
  0.000E+00  0.000E+00  0.000E+00  0.000E+00  0.000E+00  0.000E+00  0.000E+00  0.000E+00  0.000E+00  0.000E+00
  0.000E+00  0.000E+00  0.000E+00  0.000E+00  0.000E+00  0.000E+00  0.000E+00  0.000E+00  0.000E+00  0.000E+00
  0.000E+00  0.000E+00  0.000E+00  0.000E+00  0.000E+00  0.000E+00  0.000E+00  0.000E+00  0.000E+00  0.000E+00
  0.000E+00  0.000E+00  0.000E+00  0.000E+00  0.000E+00  0.000E+00  0.000E+00  0.000E+00  0.000E+00  0.000E+00
  0.000E+00  0.000E+00  0.000E+00  0.000E+00  0.000E+00  0.000E+00  0.000E+00  0.000E+00  0.000E+00  0.000E+00
  0.000E+00  0.000E+00  0.000E+00  0.000E+00  0.000E+00  0.000E+00  0.000E+00  0.000E+00  0.000E+00  0.000E+00
  0.000E+00  0.000E+00  0.000E+00  0.000E+00  0.000E+00  1.009E-03  1.669E-03  8.306E-04  0.000E+00  7.989E-04
  1.427E-03  1.672E-03  1.029E-03  8.362E-04  5.523E-04  8.371E-04  8.374E-04  8.376E-04  8.379E-04  8.382E-04
  8.386E-04  8.389E-04  8.393E-04  8.398E-04  8.403E-04  6.255E-04  7.851E-04  8.437E-04  1.682E-03  1.637E-03
  8.417E-04  1.513E-04  3.964E-04  1.674E-03  1.405E-03  4.092E-05  0.000E+00  0.000E+00  0.000E+00  0.000E+00
  0.000E+00  0.000E+00  0.000E+00  0.000E+00  0.000E+00  0.000E+00  0.000E+00  0.000E+00  0.000E+00  0.000E+00
  0.000E+00  0.000E+00  0.000E+00  0.000E+00  0.000E+00  0.000E+00  0.000E+00  0.000E+00  0.000E+00  0.000E+00
  0.000E+00  0.000E+00  0.000E+00  0.000E+00  0.000E+00  0.000E+00  0.000E+00  0.000E+00  0.000E+00  0.000E+00
  0.000E+00  0.000E+00  0.000E+00  0.000E+00  0.000E+00  0.000E+00  0.000E+00  0.000E+00  0.000E+00  0.000E+00
  0.000E+00  0.000E+00  0.000E+00  0.000E+00  0.000E+00  0.000E+00  0.000E+00  0.000E+00  0.000E+00  0.000E+00
  0.000E+00  0.000E+00  0.000E+00  0.000E+00  0.000E+00  0.000E+00  0.000E+00  0.000E+00  0.000E+00  0.000E+00
  0.000E+00  0.000E+00  0.000E+00  7.784E-04  1.669E-03  6.598E-04  3.694E-04  1.236E-03  1.671E-03  8.726E-04
  7.967E-04  8.364E-04  8.366E-04  8.367E-04  4.173E-04  0.000E+00  0.000E+00  0.000E+00  0.000E+00  0.000E+00
  0.000E+00  0.000E+00  0.000E+00  0.000E+00  0.000E+00  2.153E-04  8.414E-04  8.420E-04  8.427E-04  8.043E-04
  8.425E-04  1.534E-03  1.439E-03  5.626E-04  2.691E-04  1.634E-03  1.215E-03  0.000E+00  0.000E+00  0.000E+00
  0.000E+00  0.000E+00  0.000E+00  0.000E+00  0.000E+00  0.000E+00  0.000E+00  0.000E+00  0.000E+00  0.000E+00
  0.000E+00  0.000E+00  0.000E+00  0.000E+00  0.000E+00  0.000E+00  0.000E+00  0.000E+00  0.000E+00  0.000E+00
  0.000E+00  0.000E+00  0.000E+00  0.000E+00  0.000E+00  0.000E+00  0.000E+00  0.000E+00  0.000E+00  0.000E+00
  0.000E+00  0.000E+00  0.000E+00  0.000E+00  0.000E+00  0.000E+00  0.000E+00  0.000E+00  0.000E+00  0.000E+00
  0.000E+00  0.000E+00  0.000E+00  0.000E+00  0.000E+00  0.000E+00  0.000E+00  0.000E+00  0.000E+00  0.000E+00
  0.000E+00  0.000E+00  0.000E+00  0.000E+00  0.000E+00  0.000E+00  0.000E+00  0.000E+00  0.000E+00  0.000E+00
  0.000E+00  2.708E-04  1.669E-03  8.909E-04  4.706E-04  1.477E-03  1.302E-03  9.065E-04  8.361E-04  8.362E-04
  2.839E-04  0.000E+00  7.871E-04  1.202E-03  2.082E-03  2.512E-03  2.513E-03  2.514E-03  2.515E-03  2.516E-03
  2.517E-03  2.518E-03  2.519E-03  2.520E-03  2.522E-03  2.300E-03  1.436E-03  8.468E-04  1.534E-04  8.499E-05
  8.442E-04  8.450E-04  9.153E-04  1.126E-03  1.690E-03  6.730E-04  4.602E-04  1.676E-03  7.059E-04  0.000E+00
  0.000E+00  0.000E+00  0.000E+00  0.000E+00  0.000E+00  0.000E+00  0.000E+00  0.000E+00  0.000E+00  0.000E+00
  0.000E+00  0.000E+00  0.000E+00  0.000E+00  0.000E+00  0.000E+00  0.000E+00  0.000E+00  0.000E+00  0.000E+00
  0.000E+00  0.000E+00  0.000E+00  0.000E+00  0.000E+00  0.000E+00  0.000E+00  0.000E+00  0.000E+00  0.000E+00
  0.000E+00  0.000E+00  0.000E+00  0.000E+00  0.000E+00  0.000E+00  0.000E+00  0.000E+00  0.000E+00  0.000E+00
  0.000E+00  0.000E+00  0.000E+00  0.000E+00  0.000E+00  0.000E+00  0.000E+00  0.000E+00  0.000E+00  0.000E+00
  0.000E+00  0.000E+00  0.000E+00  0.000E+00  0.000E+00  0.000E+00  0.000E+00  0.000E+00  0.000E+00  0.000E+00
  1.225E-03  1.399E-03  3.875E-04  1.491E-03  1.200E-03  9.822E-04  8.360E-04  3.651E-04  3.942E-04  1.267E-03
  2.494E-03  2.510E-03  1.723E-03  2.046E-03  1.267E-03  8.377E-04  1.539E-03  1.679E-03  1.680E-03  1.681E-03
  1.682E-03  1.683E-03  1.684E-03  1.685E-03  9.146E-04  1.065E-03  1.933E-03  1.769E-03  2.376E-03  2.532E-03
  1.685E-03  6.017E-04  1.786E-04  8.469E-04  8.480E-04  1.165E-03  1.694E-03  5.941E-04  9.711E-04  1.577E-03
  8.892E-05  0.000E+00  0.000E+00  0.000E+00  0.000E+00  0.000E+00  0.000E+00  0.000E+00  0.000E+00  0.000E+00
  0.000E+00  0.000E+00  0.000E+00  0.000E+00  0.000E+00  0.000E+00  0.000E+00  0.000E+00  0.000E+00  0.000E+00
  0.000E+00  0.000E+00  0.000E+00  0.000E+00  0.000E+00  0.000E+00  0.000E+00  0.000E+00  0.000E+00  0.000E+00
  0.000E+00  0.000E+00  0.000E+00  0.000E+00  0.000E+00  0.000E+00  0.000E+00  0.000E+00  0.000E+00  0.000E+00
  0.000E+00  0.000E+00  0.000E+00  0.000E+00  0.000E+00  0.000E+00  0.000E+00  0.000E+00  0.000E+00  0.000E+00
  0.000E+00  0.000E+00  0.000E+00  0.000E+00  0.000E+00  0.000E+00  0.000E+00  0.000E+00  3.532E-04  1.670E-03
  6.125E-04  1.342E-03  1.307E-03  1.016E-03  8.359E-04  2.136E-04  1.275E-03  2.508E-03  2.114E-03  2.043E-03
  1.184E-03  1.675E-03  1.676E-03  9.389E-04  1.836E-03  2.509E-03  1.809E-03  1.670E-03  1.670E-03  1.670E-03
  1.671E-03  1.671E-03  1.671E-03  1.671E-03  2.444E-03  2.087E-03  1.074E-03  1.602E-03  1.693E-03  1.379E-03
  1.695E-03  2.089E-03  2.540E-03  1.712E-03  3.681E-04  7.030E-04  8.503E-04  1.324E-03  1.559E-03  4.636E-04
  1.590E-03  7.908E-04  0.000E+00  0.000E+00  0.000E+00  0.000E+00  0.000E+00  0.000E+00  0.000E+00  0.000E+00
  0.000E+00  0.000E+00  0.000E+00  0.000E+00  0.000E+00  0.000E+00  0.000E+00  0.000E+00  0.000E+00  0.000E+00
  0.000E+00  0.000E+00  0.000E+00  0.000E+00  0.000E+00  0.000E+00  0.000E+00  0.000E+00  0.000E+00  0.000E+00
  0.000E+00  0.000E+00  0.000E+00  0.000E+00  0.000E+00  0.000E+00  0.000E+00  0.000E+00  0.000E+00  0.000E+00
  0.000E+00  0.000E+00  0.000E+00  0.000E+00  0.000E+00  0.000E+00  0.000E+00  0.000E+00  0.000E+00  0.000E+00
  0.000E+00  0.000E+00  0.000E+00  0.000E+00  0.000E+00  0.000E+00  0.000E+00  1.027E-03  1.317E-03  9.275E-04
  1.503E-03  1.094E-03  8.130E-04  4.314E-04  2.093E-03  2.342E-03  2.015E-03  1.500E-03  1.674E-03  1.578E-03
  2.175E-03  1.669E-03  1.845E-03  2.505E-03  1.509E-03  1.636E-03  1.672E-03  2.162E-03  2.513E-03  2.514E-03
  2.515E-03  2.516E-03  2.344E-03  1.675E-03  1.675E-03  1.418E-03  2.284E-03  2.042E-03  1.674E-03  1.991E-03
  2.041E-03  1.546E-03  1.702E-03  1.705E-03  2.321E-03  2.399E-03  7.904E-04  6.293E-04  9.921E-04  1.462E-03
  1.297E-03  9.272E-04  1.466E-03  0.000E+00  0.000E+00  0.000E+00  0.000E+00  0.000E+00  0.000E+00  0.000E+00
  0.000E+00  0.000E+00  0.000E+00  0.000E+00  0.000E+00  0.000E+00  0.000E+00  0.000E+00  0.000E+00  0.000E+00
  0.000E+00  0.000E+00  0.000E+00  0.000E+00  0.000E+00  0.000E+00  0.000E+00  0.000E+00  0.000E+00  0.000E+00
  0.000E+00  0.000E+00  0.000E+00  0.000E+00  0.000E+00  0.000E+00  0.000E+00  0.000E+00  0.000E+00  0.000E+00
  0.000E+00  0.000E+00  0.000E+00  0.000E+00  0.000E+00  0.000E+00  0.000E+00  0.000E+00  0.000E+00  0.000E+00
  0.000E+00  0.000E+00  0.000E+00  0.000E+00  0.000E+00  4.912E-05  1.545E-03  9.284E-04  1.567E-03  1.295E-03
  8.358E-04  6.200E-04  2.340E-03  2.436E-03  1.678E-03  1.673E-03  2.063E-03  1.843E-03  2.121E-03  2.068E-03
  2.035E-03  2.508E-03  3.926E-03  3.353E-03  3.819E-03  3.390E-03  3.783E-03  3.701E-03  3.352E-03  3.354E-03
  3.355E-03  3.357E-03  3.531E-03  3.999E-03  3.372E-03  3.941E-03  3.380E-03  3.853E-03  2.850E-03  2.245E-03
  1.786E-03  2.316E-03  1.676E-03  2.374E-03  1.684E-03  1.645E-03  2.327E-03  2.557E-03  1.022E-03  7.300E-04
  1.168E-03  1.668E-03  7.917E-04  1.682E-03  3.591E-04  0.000E+00  0.000E+00  0.000E+00  0.000E+00  0.000E+00
  0.000E+00  0.000E+00  0.000E+00  0.000E+00  0.000E+00  0.000E+00  0.000E+00  0.000E+00  0.000E+00  0.000E+00
  0.000E+00  0.000E+00  0.000E+00  0.000E+00  0.000E+00  0.000E+00  0.000E+00  0.000E+00  0.000E+00  0.000E+00
  0.000E+00  0.000E+00  0.000E+00  0.000E+00  0.000E+00  0.000E+00  0.000E+00  0.000E+00  0.000E+00  0.000E+00
  0.000E+00  0.000E+00  0.000E+00  0.000E+00  0.000E+00  0.000E+00  0.000E+00  0.000E+00  0.000E+00  0.000E+00
  0.000E+00  0.000E+00  0.000E+00  0.000E+00  4.075E-04  1.622E-03  1.102E-03  1.633E-03  9.398E-04  7.139E-04
  2.339E-03  2.490E-03  1.727E-03  1.960E-03  2.079E-03  2.259E-03  2.165E-03  2.859E-03  3.731E-03  3.803E-03
  3.817E-03  3.346E-03  1.754E-03  1.668E-03  1.204E-03  1.399E-03  1.241E-03  8.347E-04  8.348E-04  8.349E-04
  8.350E-04  8.351E-04  8.353E-04  1.039E-03  1.641E-03  9.571E-04  1.671E-03  1.671E-03  3.048E-03  3.657E-03
  3.978E-03  3.720E-03  3.303E-03  2.175E-03  2.376E-03  1.896E-03  2.287E-03  1.718E-03  2.371E-03  2.567E-03
  9.896E-04  8.578E-04  1.584E-03  1.374E-03  1.342E-03  8.454E-04  0.000E+00  0.000E+00  0.000E+00  0.000E+00
  0.000E+00  0.000E+00  0.000E+00  0.000E+00  0.000E+00  0.000E+00  0.000E+00  0.000E+00  0.000E+00  0.000E+00
  0.000E+00  0.000E+00  0.000E+00  0.000E+00  0.000E+00  0.000E+00  0.000E+00  0.000E+00  0.000E+00  0.000E+00
  0.000E+00  0.000E+00  0.000E+00  0.000E+00  0.000E+00  0.000E+00  0.000E+00  0.000E+00  0.000E+00  0.000E+00
  0.000E+00  0.000E+00  0.000E+00  0.000E+00  0.000E+00  0.000E+00  0.000E+00  0.000E+00  0.000E+00  0.000E+00
  0.000E+00  0.000E+00  0.000E+00  8.187E-04  1.416E-03  1.511E-03  1.401E-03  7.901E-04  2.094E-03  2.615E-03
  1.827E-03  2.373E-03  2.081E-03  2.517E-03  3.174E-03  3.925E-03  4.002E-03  2.992E-03  1.668E-03  1.557E-03
  1.321E-03  1.984E-03  2.502E-03  2.502E-03  3.013E-03  2.773E-03  2.505E-03  2.505E-03  2.505E-03  2.506E-03
  2.506E-03  2.506E-03  2.507E-03  2.507E-03  2.537E-03  3.216E-03  2.506E-03  2.506E-03  2.187E-03  1.551E-03
  1.467E-03  1.555E-03  2.616E-03  3.884E-03  4.047E-03  3.641E-03  2.446E-03  2.168E-03  2.512E-03  1.832E-03
  2.617E-03  2.477E-03  9.205E-04  1.201E-03  1.763E-03  1.225E-03  1.261E-03  0.000E+00  0.000E+00  0.000E+00
  0.000E+00  0.000E+00  0.000E+00  0.000E+00  0.000E+00  0.000E+00  0.000E+00  0.000E+00  0.000E+00  0.000E+00
  0.000E+00  0.000E+00  0.000E+00  0.000E+00  0.000E+00  0.000E+00  0.000E+00  0.000E+00  0.000E+00  0.000E+00
  0.000E+00  0.000E+00  0.000E+00  0.000E+00  0.000E+00  0.000E+00  0.000E+00  0.000E+00  0.000E+00  0.000E+00
  0.000E+00  0.000E+00  0.000E+00  0.000E+00  0.000E+00  0.000E+00  0.000E+00  0.000E+00  0.000E+00  0.000E+00
  0.000E+00  0.000E+00  1.170E-03  1.445E-03  1.792E-03  9.959E-04  1.683E-03  2.731E-03  2.032E-03  2.586E-03
  2.356E-03  2.840E-03  4.122E-03  4.191E-03  2.675E-03  1.776E-03  1.635E-03  2.473E-03  2.880E-03  2.727E-03
  2.791E-03  2.193E-03  1.675E-03  1.675E-03  1.165E-03  8.400E-04  8.404E-04  8.409E-04  8.414E-04  8.420E-04
  8.425E-04  8.432E-04  8.439E-04  8.446E-04  8.455E-04  9.748E-04  1.687E-03  1.688E-03  2.009E-03  2.648E-03
  2.643E-03  3.079E-03  2.509E-03  1.855E-03  1.754E-03  2.300E-03  4.044E-03  4.323E-03  3.123E-03  2.635E-03
  2.474E-03  2.093E-03  2.857E-03  2.113E-03  9.223E-04  1.816E-03  1.430E-03  1.611E-03  4.227E-06  0.000E+00
  0.000E+00  0.000E+00  0.000E+00  0.000E+00  0.000E+00  0.000E+00  0.000E+00  0.000E+00  0.000E+00  0.000E+00
  0.000E+00  0.000E+00  0.000E+00  0.000E+00  0.000E+00  0.000E+00  0.000E+00  0.000E+00  0.000E+00  0.000E+00
  0.000E+00  0.000E+00  0.000E+00  0.000E+00  0.000E+00  0.000E+00  0.000E+00  0.000E+00  0.000E+00  0.000E+00
  0.000E+00  0.000E+00  0.000E+00  0.000E+00  0.000E+00  0.000E+00  0.000E+00  0.000E+00  0.000E+00  0.000E+00
  0.000E+00  1.467E-03  1.623E-03  1.709E-03  1.163E-03  2.727E-03  2.429E-03  2.648E-03  2.702E-03  3.521E-03
  4.535E-03  3.445E-03  1.927E-03  2.149E-03  2.745E-03  3.099E-03  2.720E-03  1.702E-03  1.296E-03  8.380E-04
  6.584E-05  3.528E-04  8.357E-04  8.358E-04  8.360E-04  8.361E-04  8.363E-04  8.365E-04  8.367E-04  8.369E-04
  8.372E-04  8.375E-04  8.378E-04  8.381E-04  8.384E-04  8.389E-04  8.393E-04  8.397E-04  5.322E-04  0.000E+00
  7.213E-04  1.122E-03  1.698E-03  2.355E-03  3.075E-03  2.949E-03  2.218E-03  2.089E-03  2.904E-03  4.643E-03
  3.897E-03  2.946E-03  2.690E-03  2.435E-03  2.900E-03  1.642E-03  1.572E-03  1.587E-03  1.727E-03  2.306E-04
  0.000E+00  0.000E+00  0.000E+00  0.000E+00  0.000E+00  0.000E+00  0.000E+00  0.000E+00  0.000E+00  0.000E+00
  0.000E+00  0.000E+00  0.000E+00  0.000E+00  0.000E+00  0.000E+00  0.000E+00  0.000E+00  0.000E+00  0.000E+00
  0.000E+00  0.000E+00  0.000E+00  0.000E+00  0.000E+00  0.000E+00  0.000E+00  0.000E+00  0.000E+00  0.000E+00
  0.000E+00  0.000E+00  0.000E+00  0.000E+00  0.000E+00  0.000E+00  0.000E+00  0.000E+00  0.000E+00  7.786E-05
  1.715E-03  1.831E-03  1.398E-03  2.180E-03  3.103E-03  2.607E-03  2.976E-03  3.982E-03  4.680E-03  2.766E-03
  2.363E-03  2.855E-03  3.349E-03  2.186E-03  1.429E-03  6.339E-04  5.158E-04  8.351E-04  8.352E-04  8.353E-04
  8.354E-04  4.827E-04  2.716E-04  9.463E-04  1.678E-03  1.679E-03  1.680E-03  1.681E-03  1.682E-03  1.683E-03
  1.684E-03  1.685E-03  1.686E-03  1.687E-03  1.689E-03  1.691E-03  1.158E-03  4.769E-04  3.080E-04  8.407E-04
  8.413E-04  8.419E-04  8.425E-04  7.058E-04  4.529E-04  1.268E-03  2.002E-03  3.147E-03  3.062E-03  2.408E-03
  2.574E-03  4.479E-03  4.466E-03  3.146E-03  2.985E-03  2.899E-03  2.631E-03  1.319E-03  2.005E-03  1.768E-03
  4.865E-04  0.000E+00  0.000E+00  0.000E+00  0.000E+00  0.000E+00  0.000E+00  0.000E+00  0.000E+00  0.000E+00
  0.000E+00  0.000E+00  0.000E+00  0.000E+00  0.000E+00  0.000E+00  0.000E+00  0.000E+00  0.000E+00  0.000E+00
  0.000E+00  0.000E+00  0.000E+00  0.000E+00  0.000E+00  0.000E+00  0.000E+00  0.000E+00  0.000E+00  0.000E+00
  0.000E+00  0.000E+00  0.000E+00  0.000E+00  0.000E+00  0.000E+00  0.000E+00  0.000E+00  2.658E-04  1.923E-03
  2.022E-03  1.606E-03  3.074E-03  2.963E-03  3.084E-03  4.400E-03  4.694E-03  2.925E-03  2.720E-03  3.536E-03
  2.450E-03  1.318E-03  6.842E-04  8.349E-04  8.349E-04  8.350E-04  6.640E-04  1.532E-03  1.675E-03  1.675E-03
  1.676E-03  2.303E-03  2.239E-03  1.565E-03  8.339E-04  1.163E-03  1.678E-03  1.679E-03  1.679E-03  1.680E-03
  1.681E-03  1.682E-03  1.683E-03  1.684E-03  1.359E-03  8.346E-04  1.369E-03  2.052E-03  2.531E-03  1.699E-03
  1.701E-03  1.703E-03  1.706E-03  7.510E-04  8.440E-04  8.448E-04  8.456E-04  6.823E-04  1.168E-03  2.101E-03
  3.526E-03  2.847E-03  2.849E-03  4.353E-03  4.893E-03  3.439E-03  3.011E-03  3.409E-03  1.961E-03  2.043E-03
  1.946E-03  7.053E-04  0.000E+00  0.000E+00  0.000E+00  0.000E+00  0.000E+00  0.000E+00  0.000E+00  0.000E+00
  0.000E+00  0.000E+00  0.000E+00  0.000E+00  0.000E+00  0.000E+00  0.000E+00  0.000E+00  0.000E+00  0.000E+00
  0.000E+00  0.000E+00  0.000E+00  0.000E+00  0.000E+00  0.000E+00  0.000E+00  0.000E+00  0.000E+00  0.000E+00
  0.000E+00  0.000E+00  0.000E+00  0.000E+00  0.000E+00  0.000E+00  0.000E+00  4.484E-04  2.104E-03  1.994E-03
  2.371E-03  3.486E-03  3.327E-03  4.650E-03  4.901E-03  3.407E-03  3.174E-03  3.383E-03  1.642E-03  9.445E-04
  8.348E-04  8.348E-04  1.176E-03  1.673E-03  1.673E-03  2.204E-03  2.163E-03  1.532E-03  1.772E-03  2.886E-03
  3.353E-03  3.502E-03  3.361E-03  3.363E-03  3.365E-03  3.037E-03  2.525E-03  3.161E-03  3.372E-03  3.375E-03
  3.377E-03  3.380E-03  3.357E-03  2.540E-03  2.870E-03  3.399E-03  3.403E-03  3.408E-03  3.414E-03  3.540E-03
  3.132E-03  2.018E-03  1.615E-03  1.931E-03  2.451E-03  1.716E-03  1.719E-03  1.433E-03  8.475E-04  8.487E-04
  9.532E-04  1.397E-03  2.897E-03  3.567E-03  3.135E-03  4.667E-03  5.249E-03  3.573E-03  3.723E-03  3.008E-03
  2.015E-03  2.126E-03  8.910E-04  0.000E+00  0.000E+00  0.000E+00  0.000E+00  0.000E+00  0.000E+00  0.000E+00
  0.000E+00  0.000E+00  0.000E+00  0.000E+00  0.000E+00  0.000E+00  0.000E+00  0.000E+00  0.000E+00  0.000E+00
  0.000E+00  0.000E+00  0.000E+00  0.000E+00  0.000E+00  0.000E+00  0.000E+00  0.000E+00  0.000E+00  0.000E+00
  0.000E+00  0.000E+00  0.000E+00  0.000E+00  0.000E+00  0.000E+00  6.040E-04  2.304E-03  2.202E-03  3.432E-03
  3.729E-03  4.825E-03  5.247E-03  3.937E-03  3.737E-03  2.728E-03  1.449E-03  8.347E-04  9.286E-04  1.813E-03
  1.672E-03  2.419E-03  2.251E-03  2.220E-03  3.560E-03  3.656E-03  3.353E-03  3.514E-03  3.255E-03  2.143E-03
  1.678E-03  9.039E-04  8.400E-04  8.404E-04  8.409E-04  8.414E-04  8.420E-04  2.089E-04  0.000E+00  0.000E+00
  0.000E+00  0.000E+00  2.644E-05  8.470E-04  8.481E-04  8.492E-04  8.503E-04  8.515E-04  8.528E-04  1.569E-03
  1.986E-03  3.107E-03  3.520E-03  3.530E-03  3.554E-03  3.863E-03  2.703E-03  2.106E-03  2.564E-03  1.852E-03
  1.864E-03  1.194E-03  8.523E-04  1.290E-03  2.302E-03  3.885E-03  3.700E-03  5.210E-03  5.407E-03  3.900E-03
  3.828E-03  2.559E-03  2.542E-03  1.048E-03  0.000E+00  0.000E+00  0.000E+00  0.000E+00  0.000E+00  0.000E+00
  0.000E+00  0.000E+00  0.000E+00  0.000E+00  0.000E+00  0.000E+00  0.000E+00  0.000E+00  0.000E+00  3.001E-05
  0.000E+00  0.000E+00  0.000E+00  0.000E+00  0.000E+00  0.000E+00  0.000E+00  0.000E+00  0.000E+00  0.000E+00
  0.000E+00  0.000E+00  0.000E+00  0.000E+00  0.000E+00  7.333E-04  2.663E-03  2.828E-03  4.227E-03  4.747E-03
  5.873E-03  4.740E-03  4.018E-03  2.434E-03  1.278E-03  1.005E-03  2.064E-03  2.072E-03  2.786E-03  2.785E-03
  4.015E-03  3.587E-03  3.742E-03  2.801E-03  1.462E-03  8.378E-04  8.380E-04  1.224E-04  0.000E+00  0.000E+00
  0.000E+00  0.000E+00  0.000E+00  0.000E+00  0.000E+00  0.000E+00  0.000E+00  0.000E+00  0.000E+00  0.000E+00
  0.000E+00  0.000E+00  0.000E+00  0.000E+00  0.000E+00  0.000E+00  0.000E+00  0.000E+00  0.000E+00  0.000E+00
  0.000E+00  0.000E+00  0.000E+00  7.801E-04  8.635E-04  1.304E-03  2.477E-03  3.678E-03  3.864E-03  4.227E-03
  3.185E-03  2.855E-03  2.353E-03  2.006E-03  1.419E-03  1.084E-03  2.120E-03  4.035E-03  4.369E-03  5.912E-03
  5.640E-03  4.588E-03  3.294E-03  2.848E-03  1.273E-03  0.000E+00  0.000E+00  0.000E+00  0.000E+00  0.000E+00
  0.000E+00  0.000E+00  0.000E+00  0.000E+00  0.000E+00  0.000E+00  0.000E+00  0.000E+00  2.925E-05  2.750E-03
  0.000E+00  0.000E+00  0.000E+00  0.000E+00  0.000E+00  0.000E+00  0.000E+00  0.000E+00  0.000E+00  0.000E+00
  0.000E+00  0.000E+00  0.000E+00  0.000E+00  8.661E-04  2.990E-03  3.807E-03  5.137E-03  6.519E-03  5.821E-03
  4.276E-03  2.567E-03  1.057E-03  2.284E-03  2.236E-03  3.414E-03  3.904E-03  4.142E-03  3.809E-03  2.398E-03
  1.003E-03  6.849E-04  0.000E+00  0.000E+00  0.000E+00  0.000E+00  0.000E+00  0.000E+00  1.269E-04  8.347E-04
  1.271E-03  1.675E-03  1.676E-03  1.677E-03  1.677E-03  1.678E-03  1.679E-03  1.680E-03  1.680E-03  1.681E-03
  1.682E-03  1.683E-03  1.685E-03  1.686E-03  1.687E-03  1.689E-03  1.690E-03  1.692E-03  1.694E-03  1.494E-03
  8.390E-04  3.572E-04  0.000E+00  0.000E+00  0.000E+00  0.000E+00  0.000E+00  0.000E+00  5.079E-04  8.764E-04
  2.055E-03  3.803E-03  4.379E-03  4.286E-03  3.746E-03  2.651E-03  2.352E-03  1.181E-03  2.283E-03  3.998E-03
  5.621E-03  6.792E-03  5.732E-03  4.590E-03  3.284E-03  1.630E-03  0.000E+00  0.000E+00  0.000E+00  0.000E+00
  0.000E+00  0.000E+00  0.000E+00  0.000E+00  0.000E+00  0.000E+00  0.000E+00  2.848E-05  3.219E-03  6.404E-03
  0.000E+00  0.000E+00  0.000E+00  0.000E+00  0.000E+00  0.000E+00  0.000E+00  0.000E+00  0.000E+00  0.000E+00
  0.000E+00  0.000E+00  0.000E+00  1.122E-03  3.723E-03  5.117E-03  7.096E-03  7.075E-03  4.732E-03  2.814E-03
  1.929E-03  2.564E-03  4.177E-03  4.435E-03  4.450E-03  3.102E-03  1.148E-03  4.742E-04  0.000E+00  0.000E+00
  0.000E+00  6.168E-04  1.608E-03  1.672E-03  1.673E-03  1.673E-03  1.673E-03  1.674E-03  1.547E-03  8.397E-04
  4.708E-04  8.353E-04  8.354E-04  8.356E-04  8.357E-04  8.359E-04  8.360E-04  8.362E-04  8.364E-04  8.366E-04
  8.369E-04  8.371E-04  8.374E-04  8.377E-04  8.380E-04  8.384E-04  8.387E-04  8.391E-04  8.395E-04  5.062E-04
  8.593E-04  1.343E-03  1.703E-03  1.706E-03  1.709E-03  1.712E-03  1.715E-03  1.719E-03  9.883E-04  1.195E-05
  0.000E+00  0.000E+00  2.917E-04  1.012E-03  2.771E-03  4.459E-03  4.814E-03  4.824E-03  2.944E-03  2.414E-03
  2.252E-03  4.332E-03  7.198E-03  7.705E-03  6.003E-03  4.169E-03  2.001E-03  0.000E+00  0.000E+00  0.000E+00
  0.000E+00  0.000E+00  0.000E+00  0.000E+00  0.000E+00  0.000E+00  2.772E-05  3.894E-03  7.325E-03  3.861E-03
  0.000E+00  0.000E+00  0.000E+00  0.000E+00  0.000E+00  0.000E+00  0.000E+00  0.000E+00  0.000E+00  0.000E+00
  0.000E+00  0.000E+00  1.436E-03  4.824E-03  7.427E-03  8.593E-03  6.021E-03  3.379E-03  2.852E-03  4.478E-03
  5.273E-03  4.482E-03  2.477E-03  7.119E-04  0.000E+00  2.760E-04  1.505E-03  1.671E-03  1.671E-03  1.671E-03
  1.695E-03  1.889E-03  8.981E-04  8.346E-04  1.215E-03  1.701E-03  2.515E-03  2.515E-03  2.516E-03  2.813E-03
  3.291E-03  2.524E-03  2.526E-03  2.528E-03  2.530E-03  2.531E-03  2.534E-03  2.536E-03  2.538E-03  2.541E-03
  2.543E-03  2.546E-03  2.549E-03  2.553E-03  2.557E-03  2.561E-03  2.566E-03  2.570E-03  2.575E-03  3.118E-03
  3.079E-03  2.576E-03  2.581E-03  2.588E-03  1.960E-03  1.466E-03  8.444E-04  8.452E-04  1.581E-03  1.978E-03
  1.731E-03  1.737E-03  1.742E-03  1.747E-03  5.522E-04  0.000E+00  5.541E-04  2.033E-03  4.454E-03  5.510E-03
  5.496E-03  3.312E-03  3.034E-03  5.287E-03  8.975E-03  8.660E-03  5.776E-03  2.528E-03  0.000E+00  0.000E+00
  0.000E+00  0.000E+00  0.000E+00  0.000E+00  0.000E+00  2.695E-05  4.717E-03  7.893E-03  3.794E-03  2.961E-03
  0.000E+00  0.000E+00  0.000E+00  0.000E+00  0.000E+00  0.000E+00  0.000E+00  0.000E+00  0.000E+00  0.000E+00
  0.000E+00  1.880E-03  6.901E-03  1.057E-02  8.326E-03  4.585E-03  4.788E-03  6.183E-03  4.667E-03  2.279E-03
  4.869E-04  1.483E-03  1.670E-03  1.670E-03  2.301E-03  2.229E-03  1.615E-03  2.509E-03  2.798E-03  3.347E-03
  3.324E-03  3.116E-03  4.182E-03  4.498E-03  4.636E-03  4.152E-03  3.339E-03  3.340E-03  3.340E-03  3.887E-03
  3.665E-03  4.184E-03  4.185E-03  4.186E-03  4.187E-03  4.189E-03  4.190E-03  4.192E-03  4.194E-03  4.196E-03
  4.197E-03  4.199E-03  4.202E-03  4.204E-03  4.207E-03  4.210E-03  4.213E-03  4.216E-03  4.220E-03  3.893E-03
  3.724E-03  3.582E-03  3.367E-03  3.370E-03  4.006E-03  4.510E-03  4.823E-03  4.317E-03  3.649E-03  3.249E-03
  3.526E-03  3.171E-03  2.666E-03  1.985E-03  2.054E-03  2.614E-03  1.798E-03  1.774E-03  1.782E-03  5.575E-04
  1.801E-03  4.788E-03  6.619E-03  5.965E-03  4.473E-03  7.364E-03  1.139E-02  8.797E-03  3.337E-03  0.000E+00
  0.000E+00  0.000E+00  0.000E+00  0.000E+00  2.619E-05  6.168E-03  8.460E-03  3.983E-03  5.497E-03  9.008E-03
  0.000E+00  0.000E+00  0.000E+00  0.000E+00  0.000E+00  0.000E+00  0.000E+00  0.000E+00  0.000E+00  0.000E+00
  2.760E-03  1.174E-02  1.214E-02  7.551E-03  7.069E-03  5.549E-03  3.269E-03  1.884E-03  2.055E-03  2.740E-03
  3.957E-03  3.488E-03  4.007E-03  5.386E-03  5.214E-03  5.244E-03  5.870E-03  5.011E-03  4.723E-03  4.175E-03
  4.176E-03  3.574E-03  2.509E-03  2.194E-03  1.677E-03  1.678E-03  1.678E-03  2.313E-03  2.515E-03  1.674E-03
  1.426E-03  1.677E-03  1.678E-03  1.679E-03  1.680E-03  1.681E-03  1.682E-03  1.683E-03  1.684E-03  1.685E-03
  1.686E-03  1.687E-03  1.689E-03  1.690E-03  1.692E-03  1.694E-03  1.696E-03  1.698E-03  1.700E-03  1.455E-03
  1.693E-03  2.351E-03  2.573E-03  1.772E-03  1.741E-03  1.746E-03  2.071E-03  2.595E-03  3.280E-03  4.283E-03
  4.292E-03  4.670E-03  5.200E-03  5.903E-03  5.747E-03  5.270E-03  5.850E-03  4.714E-03  3.673E-03  4.377E-03
  3.294E-03  2.453E-03  1.834E-03  3.218E-03  5.590E-03  7.926E-03  7.905E-03  1.137E-02  1.422E-02  5.330E-03
  0.000E+00  0.000E+00  0.000E+00  2.542E-05  8.233E-03  9.009E-03  8.114E-03  1.158E-02  1.072E-02  9.091E-03
  0.000E+00  0.000E+00  0.000E+00  0.000E+00  0.000E+00  0.000E+00  0.000E+00  0.000E+00  0.000E+00  6.000E-03
  1.853E-02  1.374E-02  8.139E-03  5.878E-03  4.747E-03  6.760E-03  7.480E-03  7.514E-03  7.130E-03  6.445E-03
  5.556E-03  5.627E-03  5.180E-03  3.802E-03  3.344E-03  3.112E-03  1.872E-03  1.672E-03  1.672E-03  1.672E-03
  2.379E-03  2.507E-03  2.507E-03  2.508E-03  2.508E-03  2.509E-03  2.509E-03  1.875E-03  1.675E-03  1.676E-03
  1.604E-03  8.351E-04  8.352E-04  8.353E-04  8.354E-04  8.356E-04  8.357E-04  8.359E-04  8.361E-04  8.363E-04
  8.365E-04  8.367E-04  8.369E-04  8.372E-04  8.375E-04  8.378E-04  8.381E-04  8.385E-04  8.388E-04  1.418E-03
  1.704E-03  1.707E-03  1.710E-03  2.519E-03  2.560E-03  2.564E-03  2.569E-03  2.574E-03  2.580E-03  2.586E-03
  1.847E-03  1.752E-03  1.758E-03  1.771E-03  3.094E-03  3.608E-03  3.892E-03  5.105E-03  6.138E-03  5.848E-03
  6.650E-03  7.548E-03  8.241E-03  8.216E-03  7.933E-03  5.649E-03  6.207E-03  9.050E-03  1.271E-02  1.997E-02
  1.156E-02  6.521E-08  2.466E-05  1.170E-02  1.608E-02  1.715E-02  1.511E-02  1.251E-02  1.098E-02  8.178E-03
  0.000E+00  0.000E+00  0.000E+00  0.000E+00  0.000E+00  0.000E+00  0.000E+00  0.000E+00  3.194E-02  3.659E-02
  2.130E-02  1.523E-02  1.397E-02  1.264E-02  1.044E-02  8.265E-03  6.865E-03  5.842E-03  5.842E-03  5.842E-03
  5.407E-03  4.430E-03  4.172E-03  4.173E-03  4.173E-03  4.173E-03  4.174E-03  4.174E-03  4.174E-03  4.175E-03
  3.468E-03  3.341E-03  3.342E-03  3.342E-03  3.342E-03  3.343E-03  3.344E-03  3.344E-03  3.345E-03  3.346E-03
  3.346E-03  3.347E-03  3.348E-03  3.349E-03  3.350E-03  3.351E-03  3.353E-03  3.354E-03  3.355E-03  3.357E-03
  3.358E-03  3.360E-03  3.362E-03  3.364E-03  3.366E-03  3.369E-03  3.371E-03  3.374E-03  3.377E-03  3.380E-03
  3.384E-03  3.387E-03  3.391E-03  3.396E-03  3.400E-03  3.405E-03  3.410E-03  3.416E-03  3.422E-03  3.429E-03
  4.181E-03  4.291E-03  4.300E-03  4.310E-03  4.321E-03  4.333E-03  4.345E-03  4.358E-03  4.428E-03  5.509E-03
  6.231E-03  6.258E-03  6.292E-03  7.031E-03  8.618E-03  1.102E-02  1.342E-02  1.525E-02  1.704E-02  2.235E-02
  3.645E-02  4.838E-02  4.616E-02  3.462E-02  2.200E-02  1.399E-02  9.913E-03  6.456E-03  4.783E-03  4.062E-03
  0.000E+00  0.000E+00  0.000E+00  0.000E+00  0.000E+00  0.000E+00  0.000E+00  0.000E+00  3.069E-02  3.363E-02
  2.128E-02  1.311E-02  9.023E-03  5.828E-03  4.318E-03  3.340E-03  2.914E-03  2.504E-03  2.504E-03  2.504E-03
  2.504E-03  2.505E-03  2.505E-03  2.062E-03  1.672E-03  1.672E-03  1.672E-03  1.672E-03  1.673E-03  1.673E-03
  1.673E-03  1.674E-03  1.674E-03  1.675E-03  1.675E-03  1.676E-03  1.676E-03  1.677E-03  9.262E-04  8.415E-04
  8.420E-04  8.425E-04  8.431E-04  8.438E-04  8.445E-04  8.453E-04  8.461E-04  8.469E-04  8.479E-04  8.489E-04
  8.497E-04  8.508E-04  8.520E-04  8.533E-04  8.549E-04  8.565E-04  8.581E-04  8.599E-04  8.618E-04  8.641E-04
  8.663E-04  8.686E-04  1.614E-03  1.723E-03  1.728E-03  1.732E-03  1.737E-03  1.742E-03  1.748E-03  1.754E-03
  1.761E-03  1.767E-03  1.774E-03  1.783E-03  1.791E-03  1.800E-03  2.014E-03  2.656E-03  2.667E-03  2.680E-03
  2.693E-03  2.706E-03  2.722E-03  2.975E-03  3.785E-03  4.531E-03  6.171E-03  9.545E-03  1.366E-02  2.154E-02
  3.427E-02  4.623E-02  4.863E-02  3.663E-02  2.263E-02  1.753E-02  1.580E-02  1.395E-02  1.126E-02  9.039E-03
  0.000E+00  0.000E+00  0.000E+00  0.000E+00  0.000E+00  0.000E+00  0.000E+00  0.000E+00  0.000E+00  7.299E-03
  1.474E-02  1.459E-02  1.398E-02  1.103E-02  9.851E-03  7.739E-03  6.449E-03  5.863E-03  3.669E-03  2.854E-03
  2.121E-03  1.674E-03  9.315E-04  1.281E-03  1.671E-03  1.407E-03  8.334E-04  8.334E-04  8.334E-04  8.334E-04
  8.334E-04  8.334E-04  8.334E-04  8.334E-04  8.334E-04  8.334E-04  8.334E-04  8.335E-04  1.584E-03  1.670E-03
  1.670E-03  1.670E-03  1.671E-03  1.671E-03  1.671E-03  1.671E-03  1.672E-03  1.672E-03  1.672E-03  1.673E-03
  1.673E-03  1.674E-03  1.674E-03  1.675E-03  1.675E-03  1.676E-03  1.677E-03  1.677E-03  1.678E-03  1.679E-03
  1.680E-03  1.681E-03  9.391E-04  8.340E-04  8.341E-04  8.341E-04  8.342E-04  8.342E-04  8.343E-04  8.344E-04
  8.345E-04  8.346E-04  8.346E-04  8.347E-04  1.237E-03  1.774E-03  1.578E-03  9.546E-04  1.788E-03  2.157E-03
  2.994E-03  3.842E-03  5.902E-03  7.295E-03  7.923E-03  1.067E-02  1.198E-02  1.466E-02  1.672E-02  1.584E-02
  1.165E-02  0.000E+00  0.000E+00  1.184E-02  2.034E-02  1.284E-02  9.304E-03  6.269E-03  6.274E-03  8.491E-03
  0.000E+00  0.000E+00  0.000E+00  0.000E+00  0.000E+00  0.000E+00  0.000E+00  0.000E+00  0.000E+00  0.000E+00
  4.904E-03  9.877E-03  6.439E-03  9.951E-03  9.810E-03  7.897E-03  6.628E-03  6.187E-03  6.586E-03  5.329E-03
  4.927E-03  5.010E-03  4.979E-03  3.628E-03  2.506E-03  2.552E-03  2.510E-03  2.275E-03  1.676E-03  1.677E-03
  1.399E-03  8.391E-04  8.394E-04  8.397E-04  8.401E-04  8.405E-04  8.409E-04  8.413E-04  7.510E-04  0.000E+00
  0.000E+00  0.000E+00  0.000E+00  0.000E+00  0.000E+00  0.000E+00  0.000E+00  0.000E+00  0.000E+00  0.000E+00
  0.000E+00  0.000E+00  0.000E+00  0.000E+00  0.000E+00  0.000E+00  0.000E+00  0.000E+00  0.000E+00  0.000E+00
  0.000E+00  5.587E-04  8.754E-04  8.786E-04  8.818E-04  8.852E-04  8.894E-04  8.935E-04  8.977E-04  1.280E-03
  1.814E-03  1.824E-03  2.202E-03  2.702E-03  2.757E-03  2.658E-03  3.443E-03  4.991E-03  5.490E-03  5.334E-03
  5.457E-03  6.951E-03  6.994E-03  6.793E-03  8.686E-03  1.021E-02  1.117E-02  7.892E-03  8.821E-03  8.216E-03
  0.000E+00  0.000E+00  0.000E+00  0.000E+00  5.496E-03  1.452E-02  1.148E-02  8.350E-03  8.268E-03  5.631E-03
  0.000E+00  0.000E+00  0.000E+00  0.000E+00  0.000E+00  0.000E+00  0.000E+00  0.000E+00  0.000E+00  0.000E+00
  0.000E+00  3.345E-03  8.969E-03  4.116E-03  4.234E-03  7.559E-03  8.501E-03  6.100E-03  5.177E-03  4.935E-03
  5.481E-03  4.338E-03  3.963E-03  3.896E-03  4.176E-03  3.580E-03  4.178E-03  4.331E-03  3.784E-03  3.019E-03
  2.320E-03  2.509E-03  2.509E-03  2.152E-03  1.675E-03  1.675E-03  1.676E-03  1.229E-03  9.325E-04  1.685E-03
  1.686E-03  1.687E-03  1.688E-03  1.690E-03  1.691E-03  1.693E-03  1.695E-03  9.499E-04  8.496E-04  8.506E-04
  8.515E-04  8.527E-04  8.541E-04  1.604E-03  1.714E-03  1.717E-03  1.721E-03  1.725E-03  1.729E-03  1.734E-03
  1.739E-03  1.185E-03  1.027E-03  1.721E-03  1.725E-03  1.729E-03  2.027E-03  2.590E-03  2.596E-03  2.410E-03
  2.903E-03  3.684E-03  4.572E-03  4.395E-03  3.968E-03  4.223E-03  4.070E-03  4.193E-03  4.442E-03  5.862E-03
  5.485E-03  5.585E-03  5.883E-03  9.213E-03  8.422E-03  5.183E-03  3.893E-03  8.315E-03  6.080E-03  0.000E+00
  0.000E+00  0.000E+00  0.000E+00  0.000E+00  0.000E+00  3.574E-03  9.130E-03  1.169E-02  7.201E-03  4.617E-03
  0.000E+00  0.000E+00  0.000E+00  0.000E+00  0.000E+00  0.000E+00  0.000E+00  0.000E+00  0.000E+00  0.000E+00
  0.000E+00  0.000E+00  2.513E-03  8.087E-03  4.311E-03  2.660E-03  2.826E-03  5.847E-03  6.839E-03  6.574E-03
  4.107E-03  4.196E-03  3.232E-03  4.171E-03  4.551E-03  4.157E-03  3.388E-03  2.547E-03  2.220E-03  2.829E-03
  3.212E-03  3.346E-03  3.346E-03  3.705E-03  4.052E-03  3.297E-03  2.513E-03  2.935E-03  2.508E-03  2.258E-03
  1.672E-03  1.672E-03  1.672E-03  1.672E-03  1.673E-03  1.673E-03  1.674E-03  2.421E-03  2.524E-03  2.526E-03
  2.527E-03  2.529E-03  2.531E-03  1.785E-03  1.679E-03  1.680E-03  1.681E-03  1.682E-03  1.683E-03  1.684E-03
  2.084E-03  2.540E-03  3.018E-03  2.576E-03  3.126E-03  3.961E-03  4.011E-03  3.463E-03  3.473E-03  3.337E-03
  3.134E-03  2.368E-03  2.521E-03  3.087E-03  4.374E-03  4.599E-03  4.932E-03  3.645E-03  4.079E-03  4.182E-03
  6.439E-03  7.383E-03  6.945E-03  3.353E-03  2.855E-03  3.747E-03  7.881E-03  4.568E-03  0.000E+00  0.000E+00
  0.000E+00  0.000E+00  0.000E+00  0.000E+00  0.000E+00  0.000E+00  2.745E-03  5.902E-03  9.112E-03  9.110E-03
  0.000E+00  0.000E+00  0.000E+00  0.000E+00  0.000E+00  0.000E+00  0.000E+00  0.000E+00  0.000E+00  0.000E+00
  0.000E+00  0.000E+00  0.000E+00  1.916E-03  6.914E-03  4.754E-03  2.394E-03  2.099E-03  2.295E-03  4.316E-03
  5.896E-03  5.950E-03  4.816E-03  3.640E-03  3.073E-03  2.754E-03  2.460E-03  3.384E-03  4.430E-03  3.344E-03
  3.940E-03  2.936E-03  2.504E-03  1.705E-03  9.643E-04  1.721E-03  2.506E-03  1.771E-03  2.514E-03  2.765E-03
  3.354E-03  3.355E-03  3.357E-03  3.358E-03  3.360E-03  3.362E-03  3.363E-03  3.365E-03  3.368E-03  3.370E-03
  3.372E-03  3.375E-03  3.378E-03  3.381E-03  3.385E-03  3.389E-03  3.393E-03  3.397E-03  3.401E-03  3.407E-03
  3.013E-03  2.565E-03  1.941E-03  2.408E-03  1.996E-03  1.169E-03  1.280E-03  2.542E-03  2.729E-03  4.128E-03
  3.486E-03  4.389E-03  3.875E-03  3.037E-03  2.375E-03  3.410E-03  3.534E-03  4.831E-03  6.097E-03  6.294E-03
  5.149E-03  2.603E-03  2.189E-03  2.342E-03  4.040E-03  7.262E-03  3.607E-03  0.000E+00  0.000E+00  0.000E+00
  0.000E+00  0.000E+00  0.000E+00  0.000E+00  0.000E+00  0.000E+00  0.000E+00  2.299E-03  4.413E-03  6.424E-03
  0.000E+00  0.000E+00  0.000E+00  0.000E+00  0.000E+00  0.000E+00  0.000E+00  0.000E+00  0.000E+00  0.000E+00
  0.000E+00  0.000E+00  0.000E+00  0.000E+00  1.486E-03  5.745E-03  5.342E-03  2.272E-03  2.156E-03  1.505E-03
  1.875E-03  2.913E-03  4.864E-03  5.633E-03  4.693E-03  3.855E-03  3.589E-03  2.733E-03  2.338E-03  2.166E-03
  1.673E-03  2.916E-03  3.348E-03  3.259E-03  3.347E-03  3.348E-03  3.329E-03  2.960E-03  2.506E-03  2.506E-03
  2.507E-03  1.612E-03  8.338E-04  8.339E-04  8.339E-04  8.339E-04  8.340E-04  8.340E-04  8.341E-04  8.341E-04
  8.342E-04  8.342E-04  8.343E-04  8.344E-04  8.345E-04  8.346E-04  8.346E-04  8.347E-04  1.353E-03  2.340E-03
  2.525E-03  2.527E-03  2.857E-03  3.336E-03  3.432E-03  3.439E-03  3.412E-03  3.480E-03  3.308E-03  1.886E-03
  2.055E-03  2.393E-03  2.627E-03  3.535E-03  4.239E-03  4.397E-03  5.803E-03  5.310E-03  3.558E-03  2.103E-03
  1.530E-03  2.401E-03  1.918E-03  4.732E-03  6.310E-03  2.840E-03  0.000E+00  0.000E+00  0.000E+00  0.000E+00
  0.000E+00  0.000E+00  0.000E+00  0.000E+00  0.000E+00  0.000E+00  0.000E+00  0.000E+00  1.939E-03  3.484E-03
  0.000E+00  0.000E+00  0.000E+00  0.000E+00  0.000E+00  0.000E+00  0.000E+00  0.000E+00  0.000E+00  0.000E+00
  0.000E+00  0.000E+00  0.000E+00  0.000E+00  0.000E+00  1.231E-03  4.938E-03  5.062E-03  3.060E-03  1.356E-03
  2.225E-03  1.019E-03  1.515E-03  2.416E-03  3.191E-03  4.799E-03  5.212E-03  4.027E-03  3.036E-03  3.284E-03
  3.155E-03  2.507E-03  1.824E-03  1.634E-03  1.674E-03  1.674E-03  1.694E-03  2.826E-03  3.354E-03  3.130E-03
  1.680E-03  2.576E-03  3.355E-03  3.357E-03  3.358E-03  3.360E-03  3.362E-03  3.364E-03  3.366E-03  3.368E-03
  3.370E-03  3.373E-03  3.375E-03  3.378E-03  3.382E-03  3.385E-03  3.389E-03  3.393E-03  2.879E-03  1.897E-03
  2.807E-03  3.429E-03  3.107E-03  1.932E-03  1.718E-03  1.721E-03  1.883E-03  1.435E-03  2.571E-03  3.049E-03
  3.394E-03  3.336E-03  3.570E-03  5.401E-03  5.034E-03  3.822E-03  2.663E-03  1.769E-03  1.122E-03  2.141E-03
  1.610E-03  2.303E-03  4.986E-03  5.499E-03  2.179E-03  0.000E+00  0.000E+00  0.000E+00  0.000E+00  0.000E+00
  0.000E+00  0.000E+00  0.000E+00  0.000E+00  0.000E+00  0.000E+00  0.000E+00  0.000E+00  0.000E+00  1.667E-03
  0.000E+00  0.000E+00  0.000E+00  0.000E+00  0.000E+00  0.000E+00  0.000E+00  0.000E+00  0.000E+00  0.000E+00
  0.000E+00  0.000E+00  0.000E+00  0.000E+00  0.000E+00  0.000E+00  9.325E-04  4.293E-03  4.494E-03  3.956E-03
  1.115E-03  1.624E-03  1.970E-03  8.358E-04  1.231E-03  1.954E-03  2.300E-03  3.262E-03  4.504E-03  4.908E-03
  3.774E-03  2.746E-03  2.663E-03  2.772E-03  3.266E-03  2.508E-03  2.508E-03  1.705E-03  8.386E-04  7.090E-04
  1.677E-03  1.677E-03  1.678E-03  1.679E-03  1.679E-03  1.680E-03  1.681E-03  1.682E-03  1.683E-03  1.684E-03
  1.686E-03  1.687E-03  1.688E-03  1.690E-03  1.692E-03  1.693E-03  1.695E-03  1.697E-03  1.700E-03  1.702E-03
  9.023E-04  8.577E-04  1.303E-03  2.550E-03  2.554E-03  3.139E-03  2.861E-03  2.928E-03  2.588E-03  3.476E-03
  5.042E-03  4.638E-03  4.156E-03  2.145E-03  2.251E-03  1.444E-03  9.169E-04  1.710E-03  1.825E-03  8.997E-04
  3.561E-03  4.566E-03  4.811E-03  1.772E-03  0.000E+00  0.000E+00  0.000E+00  0.000E+00  0.000E+00  0.000E+00
  0.000E+00  0.000E+00  0.000E+00  0.000E+00  0.000E+00  0.000E+00  0.000E+00  0.000E+00  0.000E+00  0.000E+00
  0.000E+00  0.000E+00  0.000E+00  0.000E+00  0.000E+00  0.000E+00  0.000E+00  0.000E+00  0.000E+00  0.000E+00
  0.000E+00  0.000E+00  0.000E+00  0.000E+00  0.000E+00  0.000E+00  0.000E+00  6.980E-04  3.668E-03  4.206E-03
  3.883E-03  2.429E-03  5.822E-04  1.669E-03  1.726E-03  8.358E-04  6.669E-04  1.670E-03  2.081E-03  1.829E-03
  3.096E-03  4.143E-03  4.379E-03  4.577E-03  2.716E-03  2.577E-03  2.153E-03  2.303E-03  2.509E-03  2.864E-03
  2.896E-03  2.511E-03  2.512E-03  2.513E-03  2.513E-03  2.469E-03  1.236E-03  8.426E-04  8.433E-04  8.440E-04
  8.446E-04  8.454E-04  8.462E-04  1.002E-03  2.289E-03  2.528E-03  2.530E-03  2.532E-03  2.535E-03  2.725E-03
  3.107E-03  2.540E-03  2.573E-03  1.982E-03  2.566E-03  2.659E-03  4.394E-03  4.505E-03  4.261E-03  3.724E-03
  1.867E-03  2.152E-03  1.714E-03  1.014E-03  7.538E-04  1.406E-03  1.865E-03  8.772E-04  1.659E-03  4.101E-03
  4.040E-03  4.210E-03  1.414E-03  0.000E+00  0.000E+00  0.000E+00  0.000E+00  0.000E+00  0.000E+00  0.000E+00
  0.000E+00  0.000E+00  0.000E+00  0.000E+00  0.000E+00  0.000E+00  0.000E+00  0.000E+00  0.000E+00  0.000E+00
  0.000E+00  0.000E+00  0.000E+00  0.000E+00  0.000E+00  0.000E+00  0.000E+00  0.000E+00  0.000E+00  0.000E+00
  0.000E+00  0.000E+00  0.000E+00  0.000E+00  0.000E+00  0.000E+00  0.000E+00  0.000E+00  4.779E-04  3.038E-03
  4.096E-03  3.321E-03  3.441E-03  1.011E-03  7.434E-04  1.669E-03  1.549E-03  8.359E-04  3.896E-04  1.178E-03
  1.670E-03  1.911E-03  1.582E-03  1.934E-03  3.726E-03  4.110E-03  4.063E-03  4.356E-03  3.316E-03  2.509E-03
  2.168E-03  2.514E-03  2.218E-03  1.681E-03  1.682E-03  1.215E-03  2.120E-03  2.515E-03  2.516E-03  2.517E-03
  2.519E-03  2.520E-03  2.521E-03  2.368E-03  1.204E-03  1.698E-03  1.701E-03  2.018E-03  2.543E-03  2.358E-03
  2.338E-03  2.953E-03  4.435E-03  4.132E-03  4.238E-03  3.850E-03  2.408E-03  1.611E-03  1.944E-03  1.740E-03
  1.399E-03  4.115E-04  8.718E-04  1.264E-03  1.817E-03  1.170E-03  4.802E-04  3.165E-03  3.529E-03  3.844E-03
  3.736E-03  1.013E-03  0.000E+00  0.000E+00  0.000E+00  0.000E+00  0.000E+00  0.000E+00  0.000E+00  0.000E+00
  0.000E+00  0.000E+00  0.000E+00  0.000E+00  0.000E+00  0.000E+00  0.000E+00  0.000E+00  0.000E+00  0.000E+00
  0.000E+00  0.000E+00  0.000E+00  0.000E+00  0.000E+00  0.000E+00  0.000E+00  0.000E+00  0.000E+00  0.000E+00
  0.000E+00  0.000E+00  0.000E+00  0.000E+00  0.000E+00  0.000E+00  0.000E+00  0.000E+00  0.000E+00  3.516E-04
  2.433E-03  3.717E-03  3.293E-03  3.383E-03  2.370E-03  2.771E-04  8.791E-04  1.669E-03  1.466E-03  8.360E-04
  5.319E-04  3.890E-04  1.250E-03  1.671E-03  1.702E-03  1.595E-03  1.307E-03  1.668E-03  3.221E-03  3.345E-03
  4.140E-03  3.902E-03  3.645E-03  4.184E-03  4.037E-03  3.511E-03  2.968E-03  2.514E-03  2.515E-03  2.516E-03
  2.517E-03  2.519E-03  2.520E-03  2.803E-03  3.552E-03  3.869E-03  4.208E-03  3.896E-03  3.731E-03  4.216E-03
  3.578E-03  3.416E-03  1.860E-03  1.520E-03  1.422E-03  1.755E-03  1.697E-03  1.465E-03  6.016E-04  3.477E-04
  8.665E-04  1.290E-03  1.689E-03  1.302E-03  8.491E-05  1.820E-03  3.559E-03  2.988E-03  3.892E-03  3.159E-03
  6.827E-04  0.000E+00  0.000E+00  0.000E+00  0.000E+00  0.000E+00  0.000E+00  0.000E+00  0.000E+00  0.000E+00
  0.000E+00  0.000E+00  0.000E+00  0.000E+00  0.000E+00  0.000E+00  0.000E+00  0.000E+00  0.000E+00  0.000E+00
  0.000E+00  0.000E+00  0.000E+00  0.000E+00  0.000E+00  0.000E+00  0.000E+00  0.000E+00  0.000E+00  0.000E+00
  0.000E+00  0.000E+00  0.000E+00  0.000E+00  0.000E+00  0.000E+00  0.000E+00  0.000E+00  0.000E+00  0.000E+00
  2.624E-04  2.078E-03  3.143E-03  3.281E-03  2.713E-03  3.308E-03  1.562E-03  2.462E-05  8.122E-04  1.669E-03
  1.496E-03  8.362E-04  8.363E-04  2.166E-04  2.898E-04  9.102E-04  1.671E-03  1.671E-03  1.377E-03  1.673E-03
  1.092E-03  1.114E-03  1.669E-03  1.669E-03  1.817E-03  2.747E-03  2.896E-03  3.352E-03  3.353E-03  3.355E-03
  3.356E-03  3.358E-03  3.360E-03  3.080E-03  2.710E-03  2.008E-03  1.672E-03  1.672E-03  1.319E-03  8.962E-04
  1.690E-03  1.420E-03  1.690E-03  1.691E-03  1.113E-03  5.044E-04  2.566E-05  8.599E-04  8.622E-04  1.310E-03
  1.686E-03  1.233E-03  0.000E+00  1.002E-03  3.141E-03  2.952E-03  3.142E-03  3.455E-03  2.552E-03  4.518E-04
  0.000E+00  0.000E+00  0.000E+00  0.000E+00  0.000E+00  0.000E+00  0.000E+00  0.000E+00  0.000E+00  0.000E+00
  0.000E+00  0.000E+00  0.000E+00  0.000E+00  0.000E+00  0.000E+00  0.000E+00  0.000E+00  0.000E+00  0.000E+00
  0.000E+00  0.000E+00  0.000E+00  0.000E+00  0.000E+00  0.000E+00  0.000E+00  0.000E+00  0.000E+00  0.000E+00
  0.000E+00  0.000E+00  0.000E+00  0.000E+00  0.000E+00  0.000E+00  0.000E+00  0.000E+00  0.000E+00  0.000E+00
  0.000E+00  1.524E-04  1.674E-03  2.773E-03  3.397E-03  2.470E-03  2.716E-03  2.892E-03  9.414E-04  0.000E+00
  4.770E-04  1.669E-03  1.611E-03  9.147E-04  8.365E-04  8.367E-04  2.535E-04  0.000E+00  4.452E-04  8.339E-04
  1.415E-03  1.672E-03  1.673E-03  1.673E-03  1.016E-03  9.502E-04  1.676E-03  1.676E-03  1.677E-03  1.678E-03
  1.678E-03  1.679E-03  1.680E-03  1.681E-03  1.186E-03  8.460E-04  1.651E-03  1.683E-03  1.684E-03  1.628E-03
  8.352E-04  6.591E-04  0.000E+00  5.639E-05  8.549E-04  8.564E-04  9.423E-04  1.401E-03  1.684E-03  8.915E-04
  0.000E+00  5.260E-04  2.375E-03  3.241E-03  2.342E-03  3.319E-03  3.042E-03  2.135E-03  3.413E-04  0.000E+00
  0.000E+00  0.000E+00  0.000E+00  0.000E+00  0.000E+00  0.000E+00  0.000E+00  0.000E+00  0.000E+00  0.000E+00
  0.000E+00  0.000E+00  0.000E+00  0.000E+00  0.000E+00  0.000E+00  0.000E+00  0.000E+00  0.000E+00  0.000E+00
  0.000E+00  0.000E+00  0.000E+00  0.000E+00  0.000E+00  0.000E+00  0.000E+00  0.000E+00  0.000E+00  0.000E+00
  0.000E+00  0.000E+00  0.000E+00  0.000E+00  0.000E+00  0.000E+00  0.000E+00  0.000E+00  0.000E+00  0.000E+00
  0.000E+00  0.000E+00  1.950E-05  1.248E-03  2.450E-03  2.856E-03  2.874E-03  2.159E-03  3.142E-03  2.326E-03
  7.442E-04  0.000E+00  5.850E-05  1.374E-03  1.669E-03  1.375E-03  7.370E-04  8.370E-04  8.371E-04  8.374E-04
  1.122E-04  0.000E+00  0.000E+00  0.000E+00  6.571E-04  8.340E-04  8.340E-04  8.340E-04  8.341E-04  8.341E-04
  8.342E-04  8.343E-04  8.343E-04  8.344E-04  8.345E-04  8.346E-04  3.057E-05  0.000E+00  0.000E+00  0.000E+00
  7.658E-04  8.506E-04  8.519E-04  7.969E-04  1.125E-03  1.680E-03  1.571E-03  2.819E-04  0.000E+00  4.421E-04
  2.067E-03  3.190E-03  2.367E-03  2.373E-03  3.165E-03  2.637E-03  1.663E-03  2.080E-04  0.000E+00  0.000E+00
  0.000E+00  0.000E+00  0.000E+00  0.000E+00  0.000E+00  0.000E+00  0.000E+00  0.000E+00  0.000E+00  0.000E+00
  0.000E+00  0.000E+00  0.000E+00  0.000E+00  0.000E+00  0.000E+00  0.000E+00  0.000E+00  0.000E+00  0.000E+00
  0.000E+00  0.000E+00  0.000E+00  0.000E+00  0.000E+00  0.000E+00  0.000E+00  0.000E+00  0.000E+00  0.000E+00
  0.000E+00  0.000E+00  0.000E+00  0.000E+00  0.000E+00  0.000E+00  0.000E+00  0.000E+00  0.000E+00  0.000E+00
  0.000E+00  0.000E+00  0.000E+00  0.000E+00  7.661E-04  2.278E-03  2.537E-03  3.089E-03  1.972E-03  2.105E-03
  3.013E-03  2.270E-03  8.183E-04  0.000E+00  0.000E+00  2.942E-04  1.515E-03  1.669E-03  1.615E-03  5.598E-04
  7.253E-04  8.378E-04  8.381E-04  8.384E-04  8.387E-04  8.390E-04  7.422E-04  0.000E+00  0.000E+00  0.000E+00
  0.000E+00  0.000E+00  0.000E+00  5.350E-04  8.437E-04  8.446E-04  8.454E-04  8.462E-04  8.472E-04  8.483E-04
  4.563E-04  1.403E-03  1.678E-03  1.678E-03  5.544E-04  0.000E+00  0.000E+00  5.199E-04  1.996E-03  2.938E-03
  2.198E-03  2.046E-03  3.097E-03  2.613E-03  2.464E-03  1.186E-03  4.702E-05  0.000E+00  0.000E+00  0.000E+00
  0.000E+00  0.000E+00  0.000E+00  0.000E+00  0.000E+00  0.000E+00  0.000E+00  0.000E+00  0.000E+00  0.000E+00
  0.000E+00  0.000E+00  0.000E+00  0.000E+00  0.000E+00  0.000E+00  0.000E+00  0.000E+00  0.000E+00  0.000E+00
  0.000E+00  0.000E+00  0.000E+00  0.000E+00  0.000E+00  0.000E+00  0.000E+00  0.000E+00  0.000E+00  0.000E+00
  0.000E+00  0.000E+00  0.000E+00  0.000E+00  0.000E+00  0.000E+00  0.000E+00  0.000E+00  0.000E+00  0.000E+00
  0.000E+00  0.000E+00  0.000E+00  0.000E+00  0.000E+00  5.052E-04  1.727E-03  2.219E-03  2.587E-03  2.860E-03
  1.845E-03  1.936E-03  2.870E-03  2.372E-03  1.118E-03  1.471E-04  0.000E+00  0.000E+00  5.394E-05  1.109E-03
  1.669E-03  1.669E-03  1.669E-03  1.343E-03  8.358E-04  2.123E-05  9.718E-05  8.398E-04  8.402E-04  8.407E-04
  8.412E-04  8.418E-04  8.424E-04  3.080E-04  0.000E+00  6.751E-04  1.116E-03  1.674E-03  1.675E-03  1.675E-03
  1.303E-03  2.740E-04  0.000E+00  0.000E+00  0.000E+00  8.461E-04  2.220E-03  2.776E-03  2.242E-03  1.904E-03
  2.461E-03  2.776E-03  2.319E-03  2.187E-03  7.005E-04  0.000E+00  0.000E+00  0.000E+00  0.000E+00  0.000E+00
  0.000E+00  0.000E+00  0.000E+00  0.000E+00  0.000E+00  0.000E+00  0.000E+00  0.000E+00  0.000E+00  0.000E+00
  0.000E+00  0.000E+00  0.000E+00  0.000E+00  0.000E+00  0.000E+00  0.000E+00  0.000E+00  0.000E+00  0.000E+00
  0.000E+00  0.000E+00  0.000E+00  0.000E+00  0.000E+00  0.000E+00  0.000E+00  0.000E+00  0.000E+00  0.000E+00
  0.000E+00  0.000E+00  0.000E+00  0.000E+00  0.000E+00  0.000E+00  0.000E+00  0.000E+00  0.000E+00  0.000E+00
  0.000E+00  0.000E+00  0.000E+00  0.000E+00  0.000E+00  0.000E+00  2.797E-04  1.302E-03  2.216E-03  2.037E-03
  2.743E-03  2.263E-03  1.701E-03  1.804E-03  2.842E-03  2.359E-03  1.741E-03  7.522E-04  0.000E+00  0.000E+00
  0.000E+00  0.000E+00  0.000E+00  3.264E-04  8.340E-04  1.649E-03  1.670E-03  1.670E-03  1.671E-03  1.671E-03
  1.671E-03  1.671E-03  1.672E-03  1.672E-03  1.673E-03  9.980E-04  5.576E-04  0.000E+00  0.000E+00  0.000E+00
  0.000E+00  0.000E+00  5.617E-04  1.332E-03  2.532E-03  2.724E-03  2.009E-03  1.730E-03  1.926E-03  2.889E-03
  2.292E-03  2.291E-03  1.514E-03  4.672E-04  0.000E+00  0.000E+00  0.000E+00  0.000E+00  0.000E+00  0.000E+00
  0.000E+00  0.000E+00  0.000E+00  0.000E+00  0.000E+00  0.000E+00  0.000E+00  0.000E+00  0.000E+00  0.000E+00
  0.000E+00  0.000E+00  0.000E+00  0.000E+00  0.000E+00  0.000E+00  0.000E+00  0.000E+00  0.000E+00  0.000E+00
  0.000E+00  0.000E+00  0.000E+00  0.000E+00  0.000E+00  0.000E+00  0.000E+00  0.000E+00  0.000E+00  0.000E+00
  0.000E+00  0.000E+00  0.000E+00  0.000E+00  0.000E+00  0.000E+00  0.000E+00  0.000E+00  0.000E+00  0.000E+00
  0.000E+00  0.000E+00  0.000E+00  0.000E+00  0.000E+00  0.000E+00  0.000E+00  7.533E-06  8.351E-04  1.845E-03
  1.971E-03  2.275E-03  2.746E-03  2.007E-03  1.498E-03  1.671E-03  2.436E-03  2.343E-03  2.506E-03  1.649E-03
  8.376E-04  3.014E-04  0.000E+00  0.000E+00  0.000E+00  0.000E+00  0.000E+00  0.000E+00  0.000E+00  0.000E+00
  0.000E+00  0.000E+00  0.000E+00  0.000E+00  0.000E+00  0.000E+00  0.000E+00  0.000E+00  1.067E-04  8.481E-04
  1.358E-03  2.417E-03  2.126E-03  2.884E-03  1.688E-03  1.515E-03  1.795E-03  2.758E-03  2.447E-03  1.883E-03
  2.112E-03  1.023E-03  1.955E-04  0.000E+00  0.000E+00  0.000E+00  0.000E+00  0.000E+00  0.000E+00  0.000E+00
  0.000E+00  0.000E+00  0.000E+00  0.000E+00  0.000E+00  0.000E+00  0.000E+00  0.000E+00  0.000E+00  0.000E+00
  0.000E+00  0.000E+00  0.000E+00  0.000E+00  0.000E+00  0.000E+00  0.000E+00  0.000E+00  0.000E+00  0.000E+00
  0.000E+00  0.000E+00  0.000E+00  0.000E+00  0.000E+00  0.000E+00  0.000E+00  0.000E+00  0.000E+00  0.000E+00
  0.000E+00  0.000E+00  0.000E+00  0.000E+00  0.000E+00  0.000E+00  0.000E+00  0.000E+00  0.000E+00  0.000E+00
  0.000E+00  0.000E+00  0.000E+00  0.000E+00  0.000E+00  0.000E+00  0.000E+00  0.000E+00  0.000E+00  5.192E-04
  1.243E-03  2.112E-03  1.554E-03  2.338E-03  2.594E-03  2.047E-03  1.518E-03  1.377E-03  1.671E-03  2.528E-03
  2.335E-03  2.205E-03  2.439E-03  1.673E-03  1.071E-03  8.390E-04  8.393E-04  6.846E-04  0.000E+00  0.000E+00
  0.000E+00  0.000E+00  4.646E-04  8.428E-04  8.436E-04  8.444E-04  1.672E-03  2.266E-03  2.414E-03  1.894E-03
  2.849E-03  1.792E-03  1.591E-03  1.332E-03  1.830E-03  2.606E-03  2.413E-03  1.651E-03  2.271E-03  1.453E-03
  7.103E-04  0.000E+00  0.000E+00  0.000E+00  0.000E+00  0.000E+00  0.000E+00  0.000E+00  0.000E+00  0.000E+00
  0.000E+00  0.000E+00  0.000E+00  0.000E+00  0.000E+00  0.000E+00  0.000E+00  0.000E+00  0.000E+00  0.000E+00
  0.000E+00  0.000E+00  0.000E+00  0.000E+00  0.000E+00  0.000E+00  0.000E+00  0.000E+00  0.000E+00  0.000E+00
  0.000E+00  0.000E+00  0.000E+00  0.000E+00  0.000E+00  0.000E+00  0.000E+00  0.000E+00  0.000E+00  0.000E+00
  0.000E+00  0.000E+00  0.000E+00  0.000E+00  0.000E+00  0.000E+00  0.000E+00  0.000E+00  0.000E+00  0.000E+00
  0.000E+00  0.000E+00  0.000E+00  0.000E+00  0.000E+00  0.000E+00  0.000E+00  0.000E+00  0.000E+00  0.000E+00
  1.329E-04  8.348E-04  1.502E-03  2.212E-03  1.365E-03  2.219E-03  2.545E-03  2.193E-03  1.671E-03  1.267E-03
  1.194E-03  1.671E-03  1.739E-03  2.506E-03  2.919E-03  1.669E-03  1.670E-03  1.825E-03  2.510E-03  2.511E-03
  2.512E-03  2.512E-03  2.049E-03  1.671E-03  1.672E-03  2.745E-03  2.524E-03  1.933E-03  1.680E-03  1.461E-03
  1.021E-03  1.683E-03  2.042E-03  2.471E-03  2.373E-03  1.469E-03  2.205E-03  1.685E-03  9.319E-04  3.191E-04
  0.000E+00  0.000E+00  0.000E+00  0.000E+00  0.000E+00  0.000E+00  0.000E+00  0.000E+00  0.000E+00  0.000E+00
  0.000E+00  0.000E+00  0.000E+00  0.000E+00  0.000E+00  0.000E+00  0.000E+00  0.000E+00  0.000E+00  0.000E+00
  0.000E+00  0.000E+00  0.000E+00  0.000E+00  0.000E+00  0.000E+00  0.000E+00  0.000E+00  0.000E+00  0.000E+00
  0.000E+00  0.000E+00  0.000E+00  0.000E+00  0.000E+00  0.000E+00  0.000E+00  0.000E+00  0.000E+00  0.000E+00
  0.000E+00  0.000E+00  0.000E+00  0.000E+00  0.000E+00  0.000E+00  0.000E+00  0.000E+00  0.000E+00  0.000E+00
  0.000E+00  0.000E+00  0.000E+00  0.000E+00  0.000E+00  0.000E+00  0.000E+00  0.000E+00  0.000E+00  0.000E+00
  0.000E+00  0.000E+00  4.991E-04  9.571E-04  1.515E-03  2.215E-03  1.167E-03  1.902E-03  2.504E-03  2.310E-03
  2.021E-03  1.671E-03  1.671E-03  9.357E-04  4.351E-04  1.672E-03  1.672E-03  1.673E-03  1.673E-03  1.674E-03
  1.674E-03  1.675E-03  1.675E-03  1.676E-03  1.677E-03  6.166E-04  8.342E-04  1.590E-03  1.679E-03  1.991E-03
  2.131E-03  2.513E-03  2.089E-03  1.241E-03  2.131E-03  1.789E-03  1.045E-03  6.851E-04  0.000E+00  0.000E+00
  0.000E+00  0.000E+00  0.000E+00  0.000E+00  0.000E+00  0.000E+00  0.000E+00  0.000E+00  0.000E+00  0.000E+00
  0.000E+00  0.000E+00  0.000E+00  0.000E+00  0.000E+00  0.000E+00  0.000E+00  0.000E+00  0.000E+00  0.000E+00
  0.000E+00  0.000E+00  0.000E+00  0.000E+00  0.000E+00  0.000E+00  0.000E+00  0.000E+00  0.000E+00  0.000E+00
  0.000E+00  0.000E+00  0.000E+00  0.000E+00  0.000E+00  0.000E+00  0.000E+00  0.000E+00  0.000E+00  0.000E+00
  0.000E+00  0.000E+00  0.000E+00  0.000E+00  0.000E+00  0.000E+00  0.000E+00  0.000E+00  0.000E+00  0.000E+00
  0.000E+00  0.000E+00  0.000E+00  0.000E+00  0.000E+00  0.000E+00  0.000E+00  0.000E+00  0.000E+00  0.000E+00
  0.000E+00  0.000E+00  0.000E+00  0.000E+00  7.593E-04  9.945E-04  1.448E-03  2.244E-03  1.300E-03  1.270E-03
  1.965E-03  2.504E-03  2.342E-03  1.937E-03  2.085E-03  1.672E-03  1.672E-03  1.672E-03  1.673E-03  1.673E-03
  1.674E-03  1.674E-03  1.675E-03  1.675E-03  1.676E-03  2.098E-03  1.801E-03  2.232E-03  2.510E-03  2.200E-03
  1.480E-03  1.106E-03  2.278E-03  1.672E-03  9.978E-04  8.368E-04  1.082E-04  0.000E+00  0.000E+00  0.000E+00
  0.000E+00  0.000E+00  0.000E+00  0.000E+00  0.000E+00  0.000E+00  0.000E+00  0.000E+00  0.000E+00  0.000E+00
  0.000E+00  0.000E+00  0.000E+00  0.000E+00  0.000E+00  0.000E+00  0.000E+00  0.000E+00  0.000E+00  0.000E+00
  0.000E+00  0.000E+00  0.000E+00  0.000E+00  0.000E+00  0.000E+00  0.000E+00  0.000E+00  0.000E+00  0.000E+00
  0.000E+00  0.000E+00  0.000E+00  0.000E+00  0.000E+00  0.000E+00  0.000E+00  0.000E+00  0.000E+00  0.000E+00
  0.000E+00  0.000E+00  0.000E+00  0.000E+00  0.000E+00  0.000E+00  0.000E+00  0.000E+00  0.000E+00  0.000E+00
  0.000E+00  0.000E+00  0.000E+00  0.000E+00  0.000E+00  0.000E+00  0.000E+00  0.000E+00  0.000E+00  0.000E+00
  0.000E+00  0.000E+00  0.000E+00  0.000E+00  0.000E+00  3.721E-05  8.344E-04  8.780E-04  1.263E-03  1.831E-03
  2.145E-03  1.156E-03  9.953E-04  1.452E-03  1.844E-03  2.504E-03  2.504E-03  2.504E-03  2.505E-03  2.505E-03
  2.505E-03  2.506E-03  2.506E-03  2.507E-03  2.507E-03  2.075E-03  1.551E-03  1.118E-03  9.658E-04  1.962E-03
  2.073E-03  1.408E-03  9.474E-04  8.362E-04  2.254E-04  0.000E+00  0.000E+00  0.000E+00  0.000E+00  0.000E+00
  0.000E+00  0.000E+00  0.000E+00  0.000E+00  0.000E+00  0.000E+00  0.000E+00  0.000E+00  0.000E+00  0.000E+00
  0.000E+00  0.000E+00  0.000E+00  0.000E+00  0.000E+00  0.000E+00  0.000E+00  0.000E+00  0.000E+00  0.000E+00
  0.000E+00  0.000E+00  0.000E+00  0.000E+00  0.000E+00  0.000E+00  0.000E+00  0.000E+00  0.000E+00  0.000E+00
  0.000E+00  0.000E+00  0.000E+00  0.000E+00  0.000E+00  0.000E+00  0.000E+00  0.000E+00  0.000E+00  0.000E+00
  0.000E+00  0.000E+00  0.000E+00  0.000E+00  0.000E+00  0.000E+00  0.000E+00  0.000E+00  0.000E+00  0.000E+00
  0.000E+00  0.000E+00  0.000E+00  0.000E+00  0.000E+00  0.000E+00  0.000E+00  0.000E+00  0.000E+00  0.000E+00
  0.000E+00  0.000E+00  0.000E+00  0.000E+00  0.000E+00  0.000E+00  0.000E+00  0.000E+00  7.750E-04  8.342E-04
  8.666E-04  1.348E-03  1.671E-03  2.354E-03  1.840E-03  1.399E-03  8.334E-04  8.334E-04  8.334E-04  8.333E-04
  8.333E-04  8.334E-04  8.334E-04  8.334E-04  1.221E-03  1.672E-03  2.491E-03  1.756E-03  1.545E-03  8.748E-04
  8.356E-04  8.358E-04  1.263E-04  0.000E+00  0.000E+00  0.000E+00  0.000E+00  0.000E+00  0.000E+00  0.000E+00
  0.000E+00  0.000E+00  0.000E+00  0.000E+00  0.000E+00  0.000E+00  0.000E+00  0.000E+00  0.000E+00  0.000E+00
  0.000E+00  0.000E+00  0.000E+00  0.000E+00  0.000E+00  0.000E+00  0.000E+00  0.000E+00  0.000E+00  0.000E+00
  0.000E+00  0.000E+00  0.000E+00  0.000E+00  0.000E+00  0.000E+00  0.000E+00  0.000E+00  0.000E+00  0.000E+00
  0.000E+00  0.000E+00  0.000E+00  0.000E+00  0.000E+00  0.000E+00  0.000E+00  0.000E+00  0.000E+00  0.000E+00
  0.000E+00  0.000E+00  0.000E+00  0.000E+00  0.000E+00  0.000E+00  0.000E+00  0.000E+00  0.000E+00  0.000E+00
  0.000E+00  0.000E+00  0.000E+00  0.000E+00  0.000E+00  0.000E+00  0.000E+00  0.000E+00  0.000E+00  0.000E+00
  0.000E+00  0.000E+00  0.000E+00  0.000E+00  0.000E+00  0.000E+00  0.000E+00  0.000E+00  0.000E+00  0.000E+00
  3.265E-04  8.341E-04  8.341E-04  8.341E-04  7.266E-04  1.105E-03  1.671E-03  1.672E-03  1.672E-03  1.672E-03
  1.673E-03  1.673E-03  1.673E-03  1.674E-03  1.287E-03  8.370E-04  7.388E-04  8.350E-04  8.352E-04  5.110E-04
  0.000E+00  0.000E+00  0.000E+00  0.000E+00  0.000E+00  0.000E+00  0.000E+00  0.000E+00  0.000E+00  0.000E+00
  0.000E+00  0.000E+00  0.000E+00  0.000E+00  0.000E+00  0.000E+00  0.000E+00  0.000E+00  0.000E+00  0.000E+00
  0.000E+00  0.000E+00  0.000E+00  0.000E+00  0.000E+00  0.000E+00  0.000E+00  0.000E+00  0.000E+00  0.000E+00
  0.000E+00  0.000E+00  0.000E+00  0.000E+00  0.000E+00  0.000E+00  0.000E+00  0.000E+00  0.000E+00  0.000E+00
  0.000E+00  0.000E+00  0.000E+00  0.000E+00  0.000E+00  0.000E+00  0.000E+00  0.000E+00  0.000E+00  0.000E+00
  0.000E+00  0.000E+00  0.000E+00  0.000E+00  0.000E+00  0.000E+00  0.000E+00  0.000E+00  0.000E+00  0.000E+00
  0.000E+00  0.000E+00  0.000E+00  0.000E+00  0.000E+00  0.000E+00  0.000E+00  0.000E+00  0.000E+00  0.000E+00
  0.000E+00  0.000E+00  0.000E+00  0.000E+00  0.000E+00  0.000E+00  0.000E+00  0.000E+00  0.000E+00  0.000E+00
  0.000E+00  0.000E+00  0.000E+00  0.000E+00  7.719E-04  8.341E-04  8.341E-04  8.341E-04  8.341E-04  8.342E-04
  8.342E-04  8.343E-04  8.344E-04  8.345E-04  8.346E-04  8.347E-04  1.141E-04  0.000E+00  0.000E+00  0.000E+00
  0.000E+00  0.000E+00  0.000E+00  0.000E+00  0.000E+00  0.000E+00  0.000E+00  0.000E+00  0.000E+00  0.000E+00
  0.000E+00  0.000E+00  0.000E+00  0.000E+00  0.000E+00  0.000E+00  0.000E+00  0.000E+00  0.000E+00  0.000E+00
  0.000E+00  0.000E+00  0.000E+00  0.000E+00  0.000E+00  0.000E+00  0.000E+00  0.000E+00  0.000E+00  0.000E+00
  0.000E+00  0.000E+00  0.000E+00  0.000E+00  0.000E+00  0.000E+00  0.000E+00  0.000E+00  0.000E+00  0.000E+00
  0.000E+00  0.000E+00  0.000E+00  0.000E+00  0.000E+00  0.000E+00  0.000E+00  0.000E+00  0.000E+00  0.000E+00
  0.000E+00  0.000E+00  0.000E+00  0.000E+00  0.000E+00  0.000E+00  0.000E+00  0.000E+00  0.000E+00  0.000E+00
  0.000E+00  0.000E+00  0.000E+00  0.000E+00  0.000E+00  0.000E+00  0.000E+00  0.000E+00  0.000E+00  0.000E+00
  0.000E+00  0.000E+00  0.000E+00  0.000E+00  0.000E+00  0.000E+00  0.000E+00  0.000E+00  0.000E+00  0.000E+00
  0.000E+00  0.000E+00  0.000E+00  0.000E+00  0.000E+00  0.000E+00  0.000E+00  0.000E+00  0.000E+00  0.000E+00
  0.000E+00  0.000E+00  0.000E+00  0.000E+00  0.000E+00  0.000E+00  0.000E+00  0.000E+00  0.000E+00  0.000E+00
  0.000E+00  0.000E+00  0.000E+00  0.000E+00  0.000E+00  0.000E+00  0.000E+00  0.000E+00  0.000E+00  0.000E+00
  0.000E+00  0.000E+00  0.000E+00  0.000E+00  0.000E+00  0.000E+00  0.000E+00  0.000E+00  0.000E+00  0.000E+00
  0.000E+00  0.000E+00  0.000E+00  0.000E+00  0.000E+00  0.000E+00  0.000E+00  0.000E+00  0.000E+00  0.000E+00
  0.000E+00  0.000E+00  0.000E+00  0.000E+00  0.000E+00  0.000E+00  0.000E+00  0.000E+00  0.000E+00  0.000E+00
  0.000E+00  0.000E+00  0.000E+00  0.000E+00  0.000E+00  0.000E+00  0.000E+00  0.000E+00  0.000E+00  0.000E+00
  0.000E+00  0.000E+00  0.000E+00  0.000E+00  0.000E+00  0.000E+00  0.000E+00  0.000E+00  0.000E+00  0.000E+00
  0.000E+00  0.000E+00  0.000E+00  0.000E+00  0.000E+00  0.000E+00  0.000E+00  0.000E+00  0.000E+00  0.000E+00
  0.000E+00  0.000E+00  0.000E+00  0.000E+00  0.000E+00  0.000E+00  0.000E+00  0.000E+00  0.000E+00  0.000E+00
  0.000E+00  0.000E+00  0.000E+00  0.000E+00  0.000E+00  0.000E+00  0.000E+00  0.000E+00  0.000E+00  0.000E+00
  0.000E+00  0.000E+00  0.000E+00  0.000E+00  0.000E+00  0.000E+00  0.000E+00  0.000E+00  0.000E+00  0.000E+00
  0.000E+00  0.000E+00  0.000E+00  0.000E+00  0.000E+00  0.000E+00  0.000E+00  0.000E+00  0.000E+00  0.000E+00
  0.000E+00  0.000E+00  0.000E+00  0.000E+00  0.000E+00  0.000E+00  0.000E+00  0.000E+00  0.000E+00  0.000E+00
  0.000E+00  0.000E+00  0.000E+00  0.000E+00  0.000E+00  0.000E+00  0.000E+00  0.000E+00  0.000E+00  0.000E+00
  0.000E+00  0.000E+00  0.000E+00  0.000E+00  0.000E+00  0.000E+00  0.000E+00  0.000E+00  0.000E+00  0.000E+00
  0.000E+00  0.000E+00  0.000E+00  0.000E+00  0.000E+00  0.000E+00  0.000E+00  0.000E+00  0.000E+00  0.000E+00
  0.000E+00  0.000E+00  0.000E+00  0.000E+00  0.000E+00  0.000E+00  0.000E+00  0.000E+00  0.000E+00  0.000E+00
  0.000E+00  0.000E+00  0.000E+00  0.000E+00  0.000E+00  0.000E+00  0.000E+00  0.000E+00  0.000E+00  0.000E+00
  0.000E+00  0.000E+00  0.000E+00  0.000E+00  0.000E+00  0.000E+00  0.000E+00  0.000E+00  0.000E+00  0.000E+00
  0.000E+00  0.000E+00  0.000E+00  0.000E+00  0.000E+00  0.000E+00  0.000E+00  0.000E+00  0.000E+00  0.000E+00
  0.000E+00  0.000E+00  0.000E+00  0.000E+00  0.000E+00  0.000E+00  0.000E+00  0.000E+00  0.000E+00  0.000E+00
  0.000E+00  0.000E+00  0.000E+00  0.000E+00  0.000E+00  0.000E+00  0.000E+00  0.000E+00  0.000E+00  0.000E+00
  0.000E+00  0.000E+00  0.000E+00  0.000E+00  0.000E+00  0.000E+00  0.000E+00  0.000E+00  0.000E+00  0.000E+00
  0.000E+00  0.000E+00  0.000E+00  0.000E+00  0.000E+00  0.000E+00  0.000E+00  0.000E+00  0.000E+00  0.000E+00
  0.000E+00  0.000E+00  0.000E+00  0.000E+00  0.000E+00  0.000E+00  0.000E+00  0.000E+00  0.000E+00  0.000E+00
  0.000E+00  0.000E+00  0.000E+00  0.000E+00  0.000E+00  0.000E+00  0.000E+00  0.000E+00  0.000E+00  0.000E+00
  0.000E+00  0.000E+00  0.000E+00  0.000E+00  0.000E+00  0.000E+00  0.000E+00  0.000E+00  0.000E+00  0.000E+00
  0.000E+00  0.000E+00  0.000E+00  0.000E+00  0.000E+00  0.000E+00  0.000E+00  0.000E+00  0.000E+00  0.000E+00
  0.000E+00  0.000E+00  0.000E+00  0.000E+00  0.000E+00  0.000E+00  0.000E+00  0.000E+00  0.000E+00  0.000E+00
  0.000E+00  0.000E+00  0.000E+00  0.000E+00  0.000E+00  0.000E+00  0.000E+00  0.000E+00  0.000E+00  0.000E+00
  0.000E+00  0.000E+00  0.000E+00  0.000E+00  0.000E+00  0.000E+00  0.000E+00  0.000E+00  0.000E+00  0.000E+00
  0.000E+00  0.000E+00  0.000E+00  0.000E+00  0.000E+00  0.000E+00  0.000E+00  0.000E+00  0.000E+00  0.000E+00
  0.000E+00  0.000E+00  0.000E+00  0.000E+00  0.000E+00  0.000E+00  0.000E+00  0.000E+00  0.000E+00  0.000E+00
  0.000E+00  0.000E+00  0.000E+00  0.000E+00  0.000E+00  0.000E+00  0.000E+00  0.000E+00  0.000E+00  0.000E+00
  0.000E+00  0.000E+00  0.000E+00  0.000E+00  0.000E+00  0.000E+00  0.000E+00  0.000E+00  0.000E+00  0.000E+00
  0.000E+00  0.000E+00  0.000E+00  0.000E+00  0.000E+00  0.000E+00  0.000E+00  0.000E+00  0.000E+00  0.000E+00
  0.000E+00  0.000E+00  0.000E+00  0.000E+00  0.000E+00  0.000E+00  0.000E+00  0.000E+00  0.000E+00  0.000E+00
  0.000E+00  0.000E+00  0.000E+00  0.000E+00  0.000E+00  0.000E+00  0.000E+00  0.000E+00  0.000E+00  0.000E+00
  0.000E+00  0.000E+00  0.000E+00  0.000E+00  0.000E+00  0.000E+00  0.000E+00  0.000E+00  0.000E+00  0.000E+00
  0.000E+00  0.000E+00  0.000E+00  0.000E+00  0.000E+00  0.000E+00  0.000E+00  0.000E+00  0.000E+00  0.000E+00
  0.000E+00  0.000E+00  0.000E+00  0.000E+00  0.000E+00  0.000E+00  0.000E+00  0.000E+00  0.000E+00  0.000E+00
  0.000E+00  0.000E+00  0.000E+00  0.000E+00  0.000E+00  0.000E+00  0.000E+00  0.000E+00  0.000E+00  0.000E+00
  0.000E+00  0.000E+00  0.000E+00  0.000E+00  0.000E+00  0.000E+00  0.000E+00  0.000E+00  0.000E+00  0.000E+00
  0.000E+00  0.000E+00  0.000E+00  0.000E+00  0.000E+00  0.000E+00  0.000E+00  0.000E+00  0.000E+00  0.000E+00
  0.000E+00  0.000E+00  0.000E+00  0.000E+00  0.000E+00  0.000E+00  0.000E+00  0.000E+00  0.000E+00  0.000E+00
  0.000E+00  0.000E+00  0.000E+00  0.000E+00  0.000E+00  0.000E+00  0.000E+00  0.000E+00  0.000E+00  0.000E+00
  0.000E+00  0.000E+00  0.000E+00  0.000E+00  0.000E+00  0.000E+00  0.000E+00  0.000E+00  0.000E+00  0.000E+00
  0.000E+00  0.000E+00  0.000E+00  0.000E+00  0.000E+00  0.000E+00  0.000E+00  0.000E+00  0.000E+00  0.000E+00
  0.000E+00  0.000E+00  0.000E+00  0.000E+00  0.000E+00  0.000E+00  0.000E+00  0.000E+00  0.000E+00  0.000E+00
  0.000E+00  0.000E+00  0.000E+00  0.000E+00  0.000E+00  0.000E+00  0.000E+00  0.000E+00  0.000E+00  0.000E+00
  0.000E+00  0.000E+00  0.000E+00  0.000E+00  0.000E+00  0.000E+00  0.000E+00  0.000E+00  0.000E+00  0.000E+00
  0.000E+00  0.000E+00  0.000E+00  0.000E+00  0.000E+00  0.000E+00  0.000E+00  0.000E+00  0.000E+00  0.000E+00
  0.000E+00  0.000E+00  0.000E+00  0.000E+00  0.000E+00  0.000E+00  0.000E+00  0.000E+00  0.000E+00  0.000E+00
  0.000E+00  0.000E+00  0.000E+00  0.000E+00  0.000E+00  0.000E+00  0.000E+00  0.000E+00  0.000E+00  0.000E+00
  0.000E+00  0.000E+00  0.000E+00  0.000E+00  0.000E+00  0.000E+00  0.000E+00  0.000E+00  0.000E+00  0.000E+00
  0.000E+00  0.000E+00  0.000E+00  0.000E+00  0.000E+00  0.000E+00  0.000E+00  0.000E+00  0.000E+00  0.000E+00
  0.000E+00  0.000E+00  0.000E+00  0.000E+00  0.000E+00  0.000E+00  0.000E+00  0.000E+00  0.000E+00  0.000E+00
  0.000E+00  0.000E+00  0.000E+00  0.000E+00  0.000E+00  0.000E+00  0.000E+00  0.000E+00  0.000E+00  0.000E+00
  0.000E+00  0.000E+00  0.000E+00  0.000E+00  0.000E+00  0.000E+00  0.000E+00  0.000E+00  0.000E+00  0.000E+00
  0.000E+00  0.000E+00  0.000E+00  0.000E+00  0.000E+00  0.000E+00  0.000E+00  0.000E+00  0.000E+00  0.000E+00
  0.000E+00  0.000E+00  0.000E+00  0.000E+00  0.000E+00  0.000E+00  0.000E+00  0.000E+00  0.000E+00  0.000E+00
  0.000E+00  0.000E+00  0.000E+00  0.000E+00  0.000E+00  0.000E+00  0.000E+00  0.000E+00  0.000E+00  0.000E+00
  0.000E+00  0.000E+00  0.000E+00  0.000E+00  0.000E+00  0.000E+00  0.000E+00  0.000E+00  0.000E+00  0.000E+00
  0.000E+00  0.000E+00  0.000E+00  0.000E+00  0.000E+00  0.000E+00  0.000E+00  0.000E+00  0.000E+00  0.000E+00
  0.000E+00  0.000E+00  0.000E+00  0.000E+00  0.000E+00  0.000E+00  0.000E+00  0.000E+00  0.000E+00  0.000E+00
  0.000E+00  0.000E+00  0.000E+00  0.000E+00  0.000E+00  0.000E+00  0.000E+00  0.000E+00  0.000E+00  0.000E+00
  0.000E+00  0.000E+00  0.000E+00  0.000E+00  0.000E+00  0.000E+00  0.000E+00  0.000E+00  0.000E+00  0.000E+00
  0.000E+00  0.000E+00  0.000E+00  0.000E+00  0.000E+00  0.000E+00  0.000E+00  0.000E+00  0.000E+00  0.000E+00
  0.000E+00  0.000E+00  0.000E+00  0.000E+00  0.000E+00  0.000E+00  0.000E+00  0.000E+00  0.000E+00  0.000E+00
  0.000E+00  0.000E+00  0.000E+00  0.000E+00  0.000E+00  0.000E+00  0.000E+00  0.000E+00  0.000E+00  0.000E+00
  0.000E+00  0.000E+00  0.000E+00  0.000E+00  0.000E+00  0.000E+00  0.000E+00  0.000E+00  0.000E+00  0.000E+00
  0.000E+00  0.000E+00  0.000E+00  0.000E+00  0.000E+00  0.000E+00  0.000E+00  0.000E+00  0.000E+00  0.000E+00
  0.000E+00  0.000E+00  0.000E+00  0.000E+00  0.000E+00  0.000E+00  0.000E+00  0.000E+00  0.000E+00  0.000E+00
  0.000E+00  0.000E+00  0.000E+00  0.000E+00  0.000E+00  0.000E+00  0.000E+00  0.000E+00  0.000E+00  0.000E+00
  0.000E+00  0.000E+00  0.000E+00  0.000E+00  0.000E+00  0.000E+00  0.000E+00  0.000E+00  0.000E+00  0.000E+00
  0.000E+00  0.000E+00  0.000E+00  0.000E+00  0.000E+00  0.000E+00  0.000E+00  0.000E+00  0.000E+00  0.000E+00
  0.000E+00  0.000E+00  0.000E+00  0.000E+00  0.000E+00  0.000E+00  0.000E+00  0.000E+00  0.000E+00  0.000E+00
  0.000E+00  0.000E+00  0.000E+00  0.000E+00  0.000E+00  0.000E+00  0.000E+00  0.000E+00  0.000E+00  0.000E+00
  0.000E+00  0.000E+00  0.000E+00  0.000E+00  0.000E+00  0.000E+00  0.000E+00  0.000E+00  0.000E+00  0.000E+00
  0.000E+00  0.000E+00  0.000E+00  0.000E+00  0.000E+00  0.000E+00  0.000E+00  0.000E+00  0.000E+00  0.000E+00
  0.000E+00  0.000E+00  0.000E+00  0.000E+00  0.000E+00  0.000E+00  0.000E+00  0.000E+00  0.000E+00  0.000E+00
  0.000E+00  0.000E+00  0.000E+00  0.000E+00  0.000E+00  0.000E+00  0.000E+00  0.000E+00  0.000E+00  0.000E+00
  0.000E+00  0.000E+00  0.000E+00  0.000E+00  0.000E+00  0.000E+00  0.000E+00  0.000E+00  0.000E+00  0.000E+00
  0.000E+00  0.000E+00  0.000E+00  0.000E+00  0.000E+00  0.000E+00  0.000E+00  0.000E+00  0.000E+00  0.000E+00
  0.000E+00  0.000E+00  0.000E+00  0.000E+00  0.000E+00  0.000E+00  0.000E+00  0.000E+00  0.000E+00  0.000E+00
  0.000E+00  0.000E+00  0.000E+00  0.000E+00  0.000E+00  0.000E+00  0.000E+00  0.000E+00  0.000E+00  0.000E+00
  0.000E+00  0.000E+00  0.000E+00  0.000E+00  0.000E+00  0.000E+00  0.000E+00  0.000E+00  0.000E+00  0.000E+00
  0.000E+00  0.000E+00  0.000E+00  0.000E+00  0.000E+00  0.000E+00  0.000E+00  0.000E+00  0.000E+00  0.000E+00
  0.000E+00  0.000E+00  0.000E+00  0.000E+00  0.000E+00  0.000E+00  0.000E+00  0.000E+00  0.000E+00  0.000E+00
  0.000E+00  0.000E+00  0.000E+00  0.000E+00  0.000E+00  0.000E+00  0.000E+00  0.000E+00  0.000E+00  0.000E+00
  0.000E+00  0.000E+00  0.000E+00  0.000E+00  0.000E+00  0.000E+00  0.000E+00  0.000E+00  0.000E+00  0.000E+00
  0.000E+00  0.000E+00  0.000E+00  0.000E+00  0.000E+00  0.000E+00  0.000E+00  0.000E+00  0.000E+00  0.000E+00
  0.000E+00  0.000E+00  0.000E+00  0.000E+00  0.000E+00  0.000E+00  0.000E+00  0.000E+00  0.000E+00  0.000E+00
  0.000E+00  0.000E+00  0.000E+00  0.000E+00  0.000E+00  0.000E+00  0.000E+00  0.000E+00  0.000E+00  0.000E+00
  0.000E+00  0.000E+00  0.000E+00  0.000E+00  0.000E+00  0.000E+00  0.000E+00  0.000E+00  0.000E+00  0.000E+00
  0.000E+00  0.000E+00  0.000E+00  0.000E+00  0.000E+00  0.000E+00  0.000E+00  0.000E+00  0.000E+00  0.000E+00
  0.000E+00  0.000E+00  0.000E+00  0.000E+00  0.000E+00  0.000E+00  0.000E+00  0.000E+00  0.000E+00  0.000E+00
  0.000E+00  0.000E+00  0.000E+00  0.000E+00  0.000E+00  0.000E+00  0.000E+00  0.000E+00  0.000E+00  0.000E+00
  0.000E+00  0.000E+00  0.000E+00  0.000E+00  0.000E+00  0.000E+00  0.000E+00  0.000E+00  0.000E+00  0.000E+00
  0.000E+00  0.000E+00  0.000E+00  0.000E+00  0.000E+00  0.000E+00  0.000E+00  0.000E+00  0.000E+00  0.000E+00
  0.000E+00  0.000E+00  0.000E+00  0.000E+00  0.000E+00  0.000E+00  0.000E+00  0.000E+00  0.000E+00  0.000E+00
  0.000E+00  0.000E+00  0.000E+00  0.000E+00  0.000E+00  0.000E+00  0.000E+00  0.000E+00  0.000E+00  0.000E+00
  0.000E+00  0.000E+00  0.000E+00  0.000E+00  0.000E+00  0.000E+00  0.000E+00  0.000E+00  0.000E+00  0.000E+00
  0.000E+00  0.000E+00  0.000E+00  0.000E+00  0.000E+00  0.000E+00  0.000E+00  0.000E+00  0.000E+00  0.000E+00
  0.000E+00  0.000E+00  0.000E+00  0.000E+00  0.000E+00  0.000E+00  0.000E+00  0.000E+00  0.000E+00  0.000E+00
  0.000E+00  0.000E+00  0.000E+00  0.000E+00  0.000E+00  0.000E+00  0.000E+00  0.000E+00  0.000E+00  0.000E+00
  0.000E+00  0.000E+00  0.000E+00  0.000E+00  0.000E+00  0.000E+00  0.000E+00  0.000E+00  0.000E+00  0.000E+00
  0.000E+00  0.000E+00  0.000E+00  0.000E+00  0.000E+00  0.000E+00  0.000E+00  0.000E+00  0.000E+00  0.000E+00
  0.000E+00  0.000E+00  0.000E+00  0.000E+00  0.000E+00  0.000E+00  0.000E+00  0.000E+00  0.000E+00  0.000E+00
  0.000E+00  0.000E+00  0.000E+00  0.000E+00  0.000E+00  0.000E+00  0.000E+00  0.000E+00  0.000E+00  0.000E+00
  0.000E+00  0.000E+00  0.000E+00  0.000E+00  0.000E+00  0.000E+00  0.000E+00  0.000E+00  0.000E+00  0.000E+00
  0.000E+00  0.000E+00  0.000E+00  0.000E+00  0.000E+00  0.000E+00  0.000E+00  0.000E+00  0.000E+00  0.000E+00
  0.000E+00  0.000E+00  0.000E+00  0.000E+00  0.000E+00  0.000E+00  0.000E+00  0.000E+00  0.000E+00  0.000E+00
  0.000E+00  0.000E+00  0.000E+00  0.000E+00  0.000E+00  0.000E+00  0.000E+00  0.000E+00  0.000E+00  0.000E+00
  0.000E+00  0.000E+00  0.000E+00  0.000E+00  0.000E+00  0.000E+00  0.000E+00  0.000E+00  0.000E+00  0.000E+00
  0.000E+00  0.000E+00  0.000E+00  0.000E+00  0.000E+00  0.000E+00  0.000E+00  0.000E+00  0.000E+00  0.000E+00
  0.000E+00  0.000E+00  0.000E+00  0.000E+00  0.000E+00  0.000E+00  0.000E+00  0.000E+00  0.000E+00  0.000E+00
  0.000E+00  0.000E+00  0.000E+00  0.000E+00  0.000E+00  0.000E+00  0.000E+00  0.000E+00  0.000E+00  0.000E+00
  0.000E+00  0.000E+00  0.000E+00  0.000E+00  0.000E+00  0.000E+00  0.000E+00  0.000E+00  0.000E+00  0.000E+00
  0.000E+00  0.000E+00  0.000E+00  0.000E+00  0.000E+00  0.000E+00  0.000E+00  0.000E+00  0.000E+00  0.000E+00
  0.000E+00  0.000E+00  0.000E+00  0.000E+00  0.000E+00  0.000E+00  0.000E+00  0.000E+00  0.000E+00  0.000E+00
  0.000E+00  0.000E+00  0.000E+00  0.000E+00  0.000E+00  0.000E+00  0.000E+00  0.000E+00  0.000E+00  0.000E+00
  0.000E+00  0.000E+00  0.000E+00  0.000E+00  0.000E+00  0.000E+00  0.000E+00  0.000E+00  0.000E+00  0.000E+00
  0.000E+00  0.000E+00  0.000E+00  0.000E+00  0.000E+00  0.000E+00  0.000E+00  0.000E+00  0.000E+00  0.000E+00
  0.000E+00  0.000E+00  0.000E+00  0.000E+00  0.000E+00  0.000E+00  0.000E+00  0.000E+00  0.000E+00  0.000E+00
  0.000E+00  0.000E+00  0.000E+00  0.000E+00  0.000E+00  0.000E+00  0.000E+00  0.000E+00  0.000E+00  0.000E+00
  0.000E+00  0.000E+00  0.000E+00  0.000E+00  0.000E+00  0.000E+00  0.000E+00  0.000E+00  0.000E+00  0.000E+00
  0.000E+00  0.000E+00  0.000E+00  0.000E+00  0.000E+00  0.000E+00  0.000E+00  0.000E+00  0.000E+00  0.000E+00
  0.000E+00  0.000E+00  0.000E+00  0.000E+00  0.000E+00  0.000E+00  0.000E+00  0.000E+00  0.000E+00  0.000E+00
  0.000E+00  0.000E+00  0.000E+00  0.000E+00  0.000E+00  0.000E+00  0.000E+00  0.000E+00  0.000E+00  0.000E+00
  0.000E+00  0.000E+00  0.000E+00  0.000E+00  0.000E+00  0.000E+00  0.000E+00  0.000E+00  0.000E+00  0.000E+00
  0.000E+00  0.000E+00  0.000E+00  0.000E+00  0.000E+00  0.000E+00  0.000E+00  0.000E+00  0.000E+00  0.000E+00
  0.000E+00  0.000E+00  0.000E+00  0.000E+00  0.000E+00  0.000E+00  0.000E+00  0.000E+00  0.000E+00  0.000E+00
  0.000E+00  0.000E+00  0.000E+00  0.000E+00  0.000E+00  0.000E+00  0.000E+00  0.000E+00  0.000E+00  0.000E+00
  0.000E+00  0.000E+00  0.000E+00  0.000E+00  0.000E+00  0.000E+00  0.000E+00  0.000E+00  0.000E+00  0.000E+00
  0.000E+00  0.000E+00  0.000E+00  0.000E+00  0.000E+00  0.000E+00  0.000E+00  0.000E+00  0.000E+00  0.000E+00
  0.000E+00  0.000E+00  0.000E+00  0.000E+00  0.000E+00  0.000E+00  0.000E+00  0.000E+00  0.000E+00  0.000E+00
  0.000E+00  0.000E+00  0.000E+00  0.000E+00  0.000E+00  0.000E+00  0.000E+00  0.000E+00  0.000E+00  0.000E+00
  0.000E+00  0.000E+00  0.000E+00  0.000E+00  0.000E+00  0.000E+00  0.000E+00  0.000E+00  0.000E+00  0.000E+00
  0.000E+00  0.000E+00  0.000E+00  0.000E+00  0.000E+00  0.000E+00  0.000E+00  0.000E+00  0.000E+00  0.000E+00
  0.000E+00  0.000E+00  0.000E+00  0.000E+00  0.000E+00  0.000E+00  0.000E+00  0.000E+00  0.000E+00  0.000E+00
  0.000E+00  0.000E+00  0.000E+00  0.000E+00  0.000E+00  0.000E+00  0.000E+00  0.000E+00  0.000E+00  0.000E+00
  0.000E+00  0.000E+00  0.000E+00  0.000E+00  0.000E+00  0.000E+00  0.000E+00  0.000E+00  0.000E+00  0.000E+00
  0.000E+00  0.000E+00  0.000E+00  0.000E+00  0.000E+00  0.000E+00  0.000E+00  0.000E+00  0.000E+00  0.000E+00
  0.000E+00  0.000E+00  0.000E+00  0.000E+00  0.000E+00  0.000E+00  0.000E+00  0.000E+00  0.000E+00  0.000E+00
  0.000E+00  0.000E+00  0.000E+00  0.000E+00  0.000E+00  0.000E+00  0.000E+00  0.000E+00  0.000E+00  0.000E+00
  0.000E+00  0.000E+00  0.000E+00  0.000E+00  0.000E+00  0.000E+00  0.000E+00  0.000E+00  0.000E+00  0.000E+00
  0.000E+00  0.000E+00  0.000E+00  0.000E+00  0.000E+00  0.000E+00  0.000E+00  0.000E+00  0.000E+00  0.000E+00
  0.000E+00  0.000E+00  0.000E+00  0.000E+00  0.000E+00  0.000E+00  0.000E+00  0.000E+00  0.000E+00  0.000E+00
  0.000E+00  0.000E+00  0.000E+00  0.000E+00  0.000E+00  0.000E+00  0.000E+00  0.000E+00  0.000E+00  0.000E+00
  0.000E+00  0.000E+00  0.000E+00  0.000E+00  0.000E+00  0.000E+00  0.000E+00  0.000E+00  0.000E+00  0.000E+00
  0.000E+00  0.000E+00  0.000E+00  0.000E+00  0.000E+00  0.000E+00  0.000E+00  0.000E+00  0.000E+00  0.000E+00
  0.000E+00  0.000E+00  0.000E+00  0.000E+00  0.000E+00  0.000E+00  0.000E+00  0.000E+00  0.000E+00  0.000E+00
  0.000E+00  0.000E+00  0.000E+00  0.000E+00  0.000E+00  0.000E+00  0.000E+00  0.000E+00  0.000E+00  0.000E+00
  0.000E+00  0.000E+00  0.000E+00  0.000E+00  0.000E+00  0.000E+00  0.000E+00  0.000E+00  0.000E+00  0.000E+00
  0.000E+00  0.000E+00  0.000E+00  0.000E+00  0.000E+00  0.000E+00  0.000E+00  0.000E+00  0.000E+00  0.000E+00
  0.000E+00  0.000E+00  0.000E+00  0.000E+00  0.000E+00  0.000E+00  0.000E+00  0.000E+00  0.000E+00  0.000E+00
  0.000E+00  0.000E+00  0.000E+00  0.000E+00  0.000E+00  0.000E+00  0.000E+00  0.000E+00  0.000E+00  0.000E+00
  0.000E+00  0.000E+00  0.000E+00  0.000E+00  0.000E+00  0.000E+00  0.000E+00  0.000E+00  0.000E+00  0.000E+00
  0.000E+00  0.000E+00  0.000E+00  0.000E+00  0.000E+00  0.000E+00  0.000E+00  0.000E+00  0.000E+00  0.000E+00
  0.000E+00  0.000E+00  0.000E+00  0.000E+00  0.000E+00  0.000E+00  0.000E+00  0.000E+00  0.000E+00  0.000E+00
  0.000E+00  0.000E+00  0.000E+00  0.000E+00  0.000E+00  0.000E+00  0.000E+00  0.000E+00  0.000E+00  0.000E+00
  0.000E+00  0.000E+00  0.000E+00  0.000E+00  0.000E+00  0.000E+00  0.000E+00  0.000E+00  0.000E+00  0.000E+00
  0.000E+00  0.000E+00  0.000E+00  0.000E+00  0.000E+00  0.000E+00  0.000E+00  0.000E+00  0.000E+00  0.000E+00
  0.000E+00  0.000E+00  0.000E+00  0.000E+00  0.000E+00  0.000E+00  0.000E+00  0.000E+00  0.000E+00  0.000E+00
  0.000E+00  0.000E+00  0.000E+00  0.000E+00  0.000E+00  0.000E+00  0.000E+00  0.000E+00  0.000E+00  0.000E+00
  0.000E+00  0.000E+00  0.000E+00  0.000E+00  0.000E+00  0.000E+00  0.000E+00  0.000E+00  0.000E+00  0.000E+00
  0.000E+00  0.000E+00  0.000E+00  0.000E+00  0.000E+00  0.000E+00  0.000E+00  0.000E+00  0.000E+00  0.000E+00
  0.000E+00  0.000E+00  0.000E+00  0.000E+00  0.000E+00  0.000E+00  0.000E+00  0.000E+00  0.000E+00  0.000E+00
  0.000E+00  0.000E+00  0.000E+00  0.000E+00  0.000E+00  0.000E+00  0.000E+00  0.000E+00  0.000E+00  0.000E+00
  0.000E+00  0.000E+00  0.000E+00  0.000E+00  0.000E+00  0.000E+00  0.000E+00  0.000E+00  0.000E+00  0.000E+00
  0.000E+00  0.000E+00  0.000E+00  0.000E+00  0.000E+00  0.000E+00  0.000E+00  0.000E+00  0.000E+00  0.000E+00
  0.000E+00  0.000E+00  0.000E+00  0.000E+00  0.000E+00  0.000E+00  0.000E+00  0.000E+00  0.000E+00  0.000E+00
  0.000E+00  0.000E+00  0.000E+00  0.000E+00  0.000E+00  0.000E+00  0.000E+00  0.000E+00  0.000E+00  0.000E+00
  0.000E+00  0.000E+00  0.000E+00  0.000E+00  0.000E+00  0.000E+00  0.000E+00  0.000E+00  0.000E+00  0.000E+00
  0.000E+00  0.000E+00  0.000E+00  0.000E+00  0.000E+00  0.000E+00  0.000E+00  0.000E+00  0.000E+00  0.000E+00
  0.000E+00  0.000E+00  0.000E+00  0.000E+00  0.000E+00  0.000E+00  0.000E+00  0.000E+00  0.000E+00  0.000E+00
  0.000E+00  0.000E+00  0.000E+00  0.000E+00  0.000E+00  0.000E+00  0.000E+00  0.000E+00  0.000E+00  0.000E+00
  0.000E+00  0.000E+00  0.000E+00  0.000E+00  0.000E+00  0.000E+00  0.000E+00  0.000E+00  0.000E+00  0.000E+00
  0.000E+00  0.000E+00  0.000E+00  0.000E+00  0.000E+00  0.000E+00  0.000E+00  0.000E+00  0.000E+00  0.000E+00
  0.000E+00  0.000E+00  0.000E+00  0.000E+00  0.000E+00  0.000E+00  0.000E+00  0.000E+00  0.000E+00  0.000E+00
  0.000E+00  0.000E+00  0.000E+00  0.000E+00  0.000E+00  0.000E+00  0.000E+00  0.000E+00  0.000E+00  0.000E+00
  0.000E+00  0.000E+00  0.000E+00  0.000E+00  0.000E+00  0.000E+00  0.000E+00  0.000E+00  0.000E+00  0.000E+00
  0.000E+00  0.000E+00  0.000E+00  0.000E+00  0.000E+00  0.000E+00  0.000E+00  0.000E+00  0.000E+00  0.000E+00
  0.000E+00  0.000E+00  0.000E+00  0.000E+00  0.000E+00  0.000E+00  0.000E+00  0.000E+00  0.000E+00  0.000E+00
  0.000E+00  0.000E+00  0.000E+00  0.000E+00  0.000E+00  0.000E+00  0.000E+00  0.000E+00  0.000E+00  0.000E+00
  0.000E+00  0.000E+00  0.000E+00  0.000E+00  0.000E+00  0.000E+00  0.000E+00  0.000E+00  0.000E+00  0.000E+00
  0.000E+00  0.000E+00  0.000E+00  0.000E+00  0.000E+00  0.000E+00  0.000E+00  0.000E+00  0.000E+00  0.000E+00
  0.000E+00  0.000E+00  0.000E+00  0.000E+00  0.000E+00  0.000E+00  0.000E+00  0.000E+00  0.000E+00  0.000E+00
  0.000E+00  0.000E+00  0.000E+00  0.000E+00  0.000E+00  0.000E+00  0.000E+00  0.000E+00  0.000E+00  0.000E+00
  0.000E+00  0.000E+00  0.000E+00  0.000E+00  0.000E+00  0.000E+00  0.000E+00  0.000E+00  0.000E+00  0.000E+00
  0.000E+00  0.000E+00  0.000E+00  0.000E+00  0.000E+00  0.000E+00  0.000E+00  0.000E+00  0.000E+00  0.000E+00
  0.000E+00  0.000E+00  0.000E+00  0.000E+00  0.000E+00  0.000E+00  0.000E+00  0.000E+00  0.000E+00  0.000E+00
  0.000E+00  0.000E+00  0.000E+00  0.000E+00  0.000E+00  0.000E+00  0.000E+00  0.000E+00  0.000E+00  0.000E+00
  0.000E+00  0.000E+00  0.000E+00  0.000E+00  0.000E+00  0.000E+00  0.000E+00  0.000E+00  0.000E+00  0.000E+00
  0.000E+00  0.000E+00  0.000E+00  0.000E+00  0.000E+00  0.000E+00  0.000E+00  0.000E+00  0.000E+00  0.000E+00
  0.000E+00  0.000E+00  0.000E+00  0.000E+00  0.000E+00  0.000E+00  0.000E+00  0.000E+00  0.000E+00  0.000E+00
  0.000E+00  0.000E+00  0.000E+00  0.000E+00  0.000E+00  0.000E+00  0.000E+00  0.000E+00  0.000E+00  0.000E+00
  0.000E+00  0.000E+00  0.000E+00  0.000E+00  0.000E+00  0.000E+00  0.000E+00  0.000E+00  0.000E+00  0.000E+00
  0.000E+00  0.000E+00  0.000E+00  0.000E+00  0.000E+00  0.000E+00  0.000E+00  0.000E+00  0.000E+00  0.000E+00
  0.000E+00  0.000E+00  0.000E+00  0.000E+00  0.000E+00  0.000E+00  0.000E+00  0.000E+00  0.000E+00  0.000E+00
  0.000E+00  0.000E+00  0.000E+00  0.000E+00  0.000E+00  0.000E+00  0.000E+00  0.000E+00  0.000E+00  0.000E+00
  0.000E+00  0.000E+00  0.000E+00  0.000E+00  0.000E+00  0.000E+00  0.000E+00  0.000E+00  0.000E+00  0.000E+00
  0.000E+00  0.000E+00  0.000E+00  0.000E+00  0.000E+00  0.000E+00  0.000E+00  0.000E+00  0.000E+00  0.000E+00
  0.000E+00  0.000E+00  0.000E+00  0.000E+00  0.000E+00  0.000E+00  0.000E+00  0.000E+00  0.000E+00  0.000E+00
  0.000E+00  0.000E+00  0.000E+00  0.000E+00  0.000E+00  0.000E+00  0.000E+00  0.000E+00  0.000E+00  0.000E+00
  0.000E+00  0.000E+00  0.000E+00  0.000E+00  0.000E+00  0.000E+00  0.000E+00  0.000E+00  0.000E+00  0.000E+00
  0.000E+00  0.000E+00  0.000E+00  0.000E+00  0.000E+00  0.000E+00  0.000E+00  0.000E+00  0.000E+00  0.000E+00
  0.000E+00  0.000E+00  0.000E+00  0.000E+00  0.000E+00  0.000E+00  0.000E+00  0.000E+00  0.000E+00  0.000E+00
  0.000E+00  0.000E+00  0.000E+00  0.000E+00  0.000E+00  0.000E+00  0.000E+00  0.000E+00  0.000E+00  0.000E+00
  0.000E+00  0.000E+00  0.000E+00  0.000E+00  0.000E+00  0.000E+00  0.000E+00  0.000E+00  0.000E+00  0.000E+00
  0.000E+00  0.000E+00  0.000E+00  0.000E+00  0.000E+00  0.000E+00  0.000E+00  0.000E+00  0.000E+00  0.000E+00
  0.000E+00  0.000E+00  0.000E+00  0.000E+00  0.000E+00  0.000E+00  0.000E+00  0.000E+00  0.000E+00  0.000E+00
  0.000E+00  0.000E+00  0.000E+00  0.000E+00  0.000E+00  0.000E+00  0.000E+00  0.000E+00  0.000E+00  0.000E+00
  0.000E+00  0.000E+00  0.000E+00  0.000E+00  0.000E+00  0.000E+00  0.000E+00  0.000E+00  0.000E+00  0.000E+00
  0.000E+00  0.000E+00  0.000E+00  0.000E+00  0.000E+00  0.000E+00  0.000E+00  0.000E+00  0.000E+00  0.000E+00
  0.000E+00  0.000E+00  0.000E+00  0.000E+00  0.000E+00  0.000E+00  0.000E+00  0.000E+00  0.000E+00  0.000E+00
  0.000E+00  0.000E+00  0.000E+00  0.000E+00  0.000E+00  0.000E+00  0.000E+00  0.000E+00  0.000E+00  0.000E+00
  0.000E+00  0.000E+00  0.000E+00  0.000E+00  0.000E+00  0.000E+00  0.000E+00  0.000E+00  0.000E+00  0.000E+00
  0.000E+00  0.000E+00  0.000E+00  0.000E+00  0.000E+00  0.000E+00  0.000E+00  0.000E+00  0.000E+00  0.000E+00
  0.000E+00  0.000E+00  0.000E+00  0.000E+00  0.000E+00  0.000E+00  0.000E+00  0.000E+00  0.000E+00  0.000E+00
  0.000E+00  0.000E+00  0.000E+00  0.000E+00  0.000E+00  0.000E+00  0.000E+00  0.000E+00  0.000E+00  0.000E+00
  0.000E+00  0.000E+00  0.000E+00  0.000E+00  0.000E+00  0.000E+00  0.000E+00  0.000E+00  0.000E+00  0.000E+00
  0.000E+00  0.000E+00  0.000E+00  0.000E+00  0.000E+00  0.000E+00  0.000E+00  0.000E+00  0.000E+00  0.000E+00
  0.000E+00  0.000E+00  0.000E+00  0.000E+00  0.000E+00  0.000E+00  0.000E+00  0.000E+00  0.000E+00  0.000E+00

#------------------------------------------------------------------------------
# gshow
#------------------------------------------------------------------------------

p: legs[c5*0.875]

hb:   line clip z  
frame:
 -1.0000000E+01 -5.0000000E+00
  1.1000000E+02 -5.0000000E+00
  1.1000000E+02  5.0000000E+00
 -1.0000000E+01  5.0000000E+00
clip:
 -9.964356E+00 -5.099010E+00
  0.000000E+00 -5.099010E+00
  0.000000E+00 -4.924752E+00
  0.000000E+00 -4.997030E+00
  0.000000E+00 -4.822772E+00
  0.000000E+00 -4.895050E+00
  0.000000E+00 -4.720792E+00
  0.000000E+00 -4.793069E+00
  0.000000E+00 -4.618812E+00
  0.000000E+00 -4.691089E+00
  0.000000E+00 -4.516832E+00
  0.000000E+00 -4.589109E+00
  0.000000E+00 -4.414851E+00
  0.000000E+00 -4.487129E+00
  0.000000E+00 -4.312871E+00
  0.000000E+00 -4.385149E+00
  0.000000E+00 -4.210891E+00
  0.000000E+00 -4.283168E+00
  0.000000E+00 -4.108911E+00
  0.000000E+00 -4.181188E+00
  0.000000E+00 -4.006931E+00
  0.000000E+00 -4.079208E+00
  0.000000E+00 -3.904950E+00
  0.000000E+00 -3.977228E+00
  0.000000E+00 -3.802970E+00
  0.000000E+00 -3.875248E+00
  0.000000E+00 -3.700990E+00
  0.000000E+00 -3.773267E+00
  0.000000E+00 -3.599010E+00
  0.000000E+00 -3.671287E+00
  0.000000E+00 -3.497030E+00
  0.000000E+00 -3.569307E+00
  0.000000E+00 -3.395050E+00
  0.000000E+00 -3.467327E+00
  0.000000E+00 -3.293069E+00
  0.000000E+00 -3.365347E+00
  0.000000E+00 -3.191089E+00
  0.000000E+00 -3.263366E+00
  0.000000E+00 -3.089109E+00
  0.000000E+00 -3.161386E+00
  0.000000E+00 -2.987129E+00
  0.000000E+00 -3.059406E+00
  0.000000E+00 -2.885149E+00
  0.000000E+00 -2.957426E+00
  0.000000E+00 -2.783168E+00
  0.000000E+00 -2.855446E+00
  0.000000E+00 -2.681188E+00
  0.000000E+00 -2.753465E+00
  0.000000E+00 -2.579208E+00
  0.000000E+00 -2.651485E+00
  0.000000E+00 -2.477228E+00
  0.000000E+00 -2.549505E+00
  0.000000E+00 -2.375248E+00
  0.000000E+00 -2.447525E+00
  0.000000E+00 -2.273267E+00
  0.000000E+00 -2.345545E+00
  0.000000E+00 -2.171287E+00
  0.000000E+00 -2.243564E+00
  0.000000E+00 -2.069307E+00
  0.000000E+00 -2.141584E+00
  0.000000E+00 -1.967327E+00
  0.000000E+00 -2.039604E+00
  0.000000E+00 -1.865347E+00
  0.000000E+00 -1.937624E+00
  0.000000E+00 -1.763366E+00
  0.000000E+00 -1.835644E+00
  0.000000E+00 -1.661386E+00
  0.000000E+00 -1.733663E+00
  0.000000E+00 -1.559406E+00
  0.000000E+00 -1.631683E+00
  0.000000E+00 -1.457426E+00
  0.000000E+00 -1.529703E+00
  0.000000E+00 -1.355446E+00
  0.000000E+00 -1.427723E+00
  0.000000E+00 -1.253465E+00
  0.000000E+00 -1.325743E+00
  0.000000E+00 -1.151485E+00
  0.000000E+00 -1.223762E+00
  0.000000E+00 -1.049505E+00
  0.000000E+00 -1.121782E+00
  0.000000E+00 -9.475248E-01
  0.000000E+00 -1.019802E+00
  0.000000E+00 -8.455446E-01
  0.000000E+00 -9.178218E-01
  0.000000E+00 -7.435644E-01
  0.000000E+00 -8.158416E-01
  0.000000E+00 -6.415842E-01
  0.000000E+00 -7.138614E-01
  0.000000E+00 -5.396040E-01
  0.000000E+00 -6.118812E-01
  0.000000E+00 -4.376238E-01
  0.000000E+00 -5.099010E-01
  0.000000E+00 -3.356436E-01
  0.000000E+00 -4.079208E-01
  0.000000E+00 -2.336634E-01
  0.000000E+00 -3.059406E-01
  0.000000E+00 -1.316832E-01
  0.000000E+00 -2.039604E-01
  0.000000E+00 -2.970297E-02
  0.000000E+00 -1.019802E-01
  0.000000E+00  7.227723E-02
  0.000000E+00  1.234568E-11
  0.000000E+00  1.742574E-01
  0.000000E+00  1.019802E-01
  0.000000E+00  2.762376E-01
  0.000000E+00  2.039604E-01
  0.000000E+00  3.782178E-01
  0.000000E+00  3.059406E-01
  0.000000E+00  4.801980E-01
  0.000000E+00  4.079208E-01
  0.000000E+00  5.821782E-01
  0.000000E+00  5.099010E-01
  0.000000E+00  6.841584E-01
  0.000000E+00  6.118812E-01
  0.000000E+00  7.861386E-01
  0.000000E+00  7.138614E-01
  0.000000E+00  8.881188E-01
  0.000000E+00  8.158416E-01
  0.000000E+00  9.900990E-01
  0.000000E+00  9.178218E-01
  0.000000E+00  1.092079E+00
  0.000000E+00  1.019802E+00
  0.000000E+00  1.194059E+00
  0.000000E+00  1.121782E+00
  0.000000E+00  1.296040E+00
  0.000000E+00  1.223762E+00
  0.000000E+00  1.398020E+00
  0.000000E+00  1.325743E+00
  0.000000E+00  1.500000E+00
  0.000000E+00  1.427723E+00
  0.000000E+00  1.601980E+00
  0.000000E+00  1.529703E+00
  0.000000E+00  1.703960E+00
  0.000000E+00  1.631683E+00
  0.000000E+00  1.805941E+00
  0.000000E+00  1.733663E+00
  0.000000E+00  1.907921E+00
  0.000000E+00  1.835644E+00
  0.000000E+00  2.009901E+00
  0.000000E+00  1.937624E+00
  0.000000E+00  2.111881E+00
  0.000000E+00  2.039604E+00
  0.000000E+00  2.213861E+00
  0.000000E+00  2.141584E+00
  0.000000E+00  2.315842E+00
  0.000000E+00  2.243564E+00
  0.000000E+00  2.417822E+00
  0.000000E+00  2.345545E+00
  0.000000E+00  2.519802E+00
  0.000000E+00  2.447525E+00
  0.000000E+00  2.621782E+00
  0.000000E+00  2.549505E+00
  0.000000E+00  2.723762E+00
  0.000000E+00  2.651485E+00
  0.000000E+00  2.825743E+00
  0.000000E+00  2.753465E+00
  0.000000E+00  2.927723E+00
  0.000000E+00  2.855446E+00
  0.000000E+00  3.029703E+00
  0.000000E+00  2.957426E+00
  0.000000E+00  3.131683E+00
  0.000000E+00  3.059406E+00
  0.000000E+00  3.233663E+00
  0.000000E+00  3.161386E+00
  0.000000E+00  3.335644E+00
  0.000000E+00  3.263366E+00
  0.000000E+00  3.437624E+00
  0.000000E+00  3.365347E+00
  0.000000E+00  3.539604E+00
  0.000000E+00  3.467327E+00
  0.000000E+00  3.641584E+00
  0.000000E+00  3.569307E+00
  0.000000E+00  3.743564E+00
  0.000000E+00  3.671287E+00
  0.000000E+00  3.845545E+00
  0.000000E+00  3.773267E+00
  0.000000E+00  3.947525E+00
  0.000000E+00  3.875248E+00
  0.000000E+00  4.049505E+00
  0.000000E+00  3.977228E+00
  0.000000E+00  4.151485E+00
  0.000000E+00  4.079208E+00
  0.000000E+00  4.253465E+00
  0.000000E+00  4.181188E+00
  0.000000E+00  4.355446E+00
  0.000000E+00  4.283168E+00
  0.000000E+00  4.457426E+00
  0.000000E+00  4.385149E+00
  0.000000E+00  4.559406E+00
  0.000000E+00  4.487129E+00
  0.000000E+00  4.661386E+00
  0.000000E+00  4.589109E+00
  0.000000E+00  4.763366E+00
  0.000000E+00  4.691089E+00
  0.000000E+00  4.865347E+00
  0.000000E+00  4.793069E+00
  0.000000E+00  4.967327E+00
  0.000000E+00  4.895050E+00
  0.000000E+00  5.069307E+00
  0.000000E+00  4.997030E+00
  0.000000E+00  5.171287E+00
  0.000000E+00  5.099010E+00
 -1.742574E-01  5.099010E+00
 -1.398020E+00  5.099010E+00
 -2.621782E+00  5.099010E+00
 -3.845545E+00  5.099010E+00
 -5.069307E+00  5.099010E+00
 -6.293069E+00  5.099010E+00
 -7.516832E+00  5.099010E+00
 -8.740594E+00  5.099010E+00
 -9.964356E+00  5.099010E+00
 -1.000000E+01  5.099010E+00
 -1.000000E+01  5.063366E+00
 -1.000000E+01  4.997030E+00
 -1.000000E+01  4.961386E+00
 -1.000000E+01  4.895050E+00
 -1.000000E+01  4.859406E+00
 -1.000000E+01  4.793069E+00
 -1.000000E+01  4.757426E+00
 -1.000000E+01  4.691089E+00
 -1.000000E+01  4.655446E+00
 -1.000000E+01  4.589109E+00
 -1.000000E+01  4.553465E+00
 -1.000000E+01  4.487129E+00
 -1.000000E+01  4.451485E+00
 -1.000000E+01  4.385149E+00
 -1.000000E+01  4.349505E+00
 -1.000000E+01  4.283168E+00
 -1.000000E+01  4.247525E+00
 -1.000000E+01  4.181188E+00
 -1.000000E+01  4.145545E+00
 -1.000000E+01  4.079208E+00
 -1.000000E+01  4.043564E+00
 -1.000000E+01  3.977228E+00
 -1.000000E+01  3.941584E+00
 -1.000000E+01  3.875248E+00
 -1.000000E+01  3.839604E+00
 -1.000000E+01  3.773267E+00
 -1.000000E+01  3.737624E+00
 -1.000000E+01  3.671287E+00
 -1.000000E+01  3.635644E+00
 -1.000000E+01  3.569307E+00
 -1.000000E+01  3.533663E+00
 -1.000000E+01  3.467327E+00
 -1.000000E+01  3.431683E+00
 -1.000000E+01  3.365347E+00
 -1.000000E+01  3.329703E+00
 -1.000000E+01  3.263366E+00
 -1.000000E+01  3.227723E+00
 -1.000000E+01  3.161386E+00
 -1.000000E+01  3.125743E+00
 -1.000000E+01  3.059406E+00
 -1.000000E+01  3.023762E+00
 -1.000000E+01  2.957426E+00
 -1.000000E+01  2.921782E+00
 -1.000000E+01  2.855446E+00
 -1.000000E+01  2.819802E+00
 -1.000000E+01  2.753465E+00
 -1.000000E+01  2.717822E+00
 -1.000000E+01  2.651485E+00
 -1.000000E+01  2.615842E+00
 -1.000000E+01  2.549505E+00
 -1.000000E+01  2.513861E+00
 -1.000000E+01  2.447525E+00
 -1.000000E+01  2.411881E+00
 -1.000000E+01  2.345545E+00
 -1.000000E+01  2.309901E+00
 -1.000000E+01  2.243564E+00
 -1.000000E+01  2.207921E+00
 -1.000000E+01  2.141584E+00
 -1.000000E+01  2.105941E+00
 -1.000000E+01  2.039604E+00
 -1.000000E+01  2.003960E+00
 -1.000000E+01  1.937624E+00
 -1.000000E+01  1.901980E+00
 -1.000000E+01  1.835644E+00
 -1.000000E+01  1.800000E+00
 -1.000000E+01  1.733663E+00
 -1.000000E+01  1.698020E+00
 -1.000000E+01  1.631683E+00
 -1.000000E+01  1.596040E+00
 -1.000000E+01  1.529703E+00
 -1.000000E+01  1.494059E+00
 -1.000000E+01  1.427723E+00
 -1.000000E+01  1.392079E+00
 -1.000000E+01  1.325743E+00
 -1.000000E+01  1.290099E+00
 -1.000000E+01  1.223762E+00
 -1.000000E+01  1.188119E+00
 -1.000000E+01  1.121782E+00
 -1.000000E+01  1.086139E+00
 -1.000000E+01  1.019802E+00
 -1.000000E+01  9.841584E-01
 -1.000000E+01  9.178218E-01
 -1.000000E+01  8.821782E-01
 -1.000000E+01  8.158416E-01
 -1.000000E+01  7.801980E-01
 -1.000000E+01  7.138614E-01
 -1.000000E+01  6.782178E-01
 -1.000000E+01  6.118812E-01
 -1.000000E+01  5.762376E-01
 -1.000000E+01  5.099010E-01
 -1.000000E+01  4.742574E-01
 -1.000000E+01  4.079208E-01
 -1.000000E+01  3.722772E-01
 -1.000000E+01  3.059406E-01
 -1.000000E+01  2.702970E-01
 -1.000000E+01  2.039604E-01
 -1.000000E+01  1.683168E-01
 -1.000000E+01  1.019802E-01
 -1.000000E+01  6.633663E-02
 -1.000000E+01  1.234568E-11
 -1.000000E+01 -3.564356E-02
 -1.000000E+01 -1.019802E-01
 -1.000000E+01 -1.376238E-01
 -1.000000E+01 -2.039604E-01
 -1.000000E+01 -2.396040E-01
 -1.000000E+01 -3.059406E-01
 -1.000000E+01 -3.415842E-01
 -1.000000E+01 -4.079208E-01
 -1.000000E+01 -4.435644E-01
 -1.000000E+01 -5.099010E-01
 -1.000000E+01 -5.455446E-01
 -1.000000E+01 -6.118812E-01
 -1.000000E+01 -6.475248E-01
 -1.000000E+01 -7.138614E-01
 -1.000000E+01 -7.495050E-01
 -1.000000E+01 -8.158416E-01
 -1.000000E+01 -8.514851E-01
 -1.000000E+01 -9.178218E-01
 -1.000000E+01 -9.534653E-01
 -1.000000E+01 -1.019802E+00
 -1.000000E+01 -1.055446E+00
 -1.000000E+01 -1.121782E+00
 -1.000000E+01 -1.157426E+00
 -1.000000E+01 -1.223762E+00
 -1.000000E+01 -1.259406E+00
 -1.000000E+01 -1.325743E+00
 -1.000000E+01 -1.361386E+00
 -1.000000E+01 -1.427723E+00
 -1.000000E+01 -1.463366E+00
 -1.000000E+01 -1.529703E+00
 -1.000000E+01 -1.565347E+00
 -1.000000E+01 -1.631683E+00
 -1.000000E+01 -1.667327E+00
 -1.000000E+01 -1.733663E+00
 -1.000000E+01 -1.769307E+00
 -1.000000E+01 -1.835644E+00
 -1.000000E+01 -1.871287E+00
 -1.000000E+01 -1.937624E+00
 -1.000000E+01 -1.973267E+00
 -1.000000E+01 -2.039604E+00
 -1.000000E+01 -2.075248E+00
 -1.000000E+01 -2.141584E+00
 -1.000000E+01 -2.177228E+00
 -1.000000E+01 -2.243564E+00
 -1.000000E+01 -2.279208E+00
 -1.000000E+01 -2.345545E+00
 -1.000000E+01 -2.381188E+00
 -1.000000E+01 -2.447525E+00
 -1.000000E+01 -2.483168E+00
 -1.000000E+01 -2.549505E+00
 -1.000000E+01 -2.585149E+00
 -1.000000E+01 -2.651485E+00
 -1.000000E+01 -2.687129E+00
 -1.000000E+01 -2.753465E+00
 -1.000000E+01 -2.789109E+00
 -1.000000E+01 -2.855446E+00
 -1.000000E+01 -2.891089E+00
 -1.000000E+01 -2.957426E+00
 -1.000000E+01 -2.993069E+00
 -1.000000E+01 -3.059406E+00
 -1.000000E+01 -3.095050E+00
 -1.000000E+01 -3.161386E+00
 -1.000000E+01 -3.197030E+00
 -1.000000E+01 -3.263366E+00
 -1.000000E+01 -3.299010E+00
 -1.000000E+01 -3.365347E+00
 -1.000000E+01 -3.400990E+00
 -1.000000E+01 -3.467327E+00
 -1.000000E+01 -3.502970E+00
 -1.000000E+01 -3.569307E+00
 -1.000000E+01 -3.604950E+00
 -1.000000E+01 -3.671287E+00
 -1.000000E+01 -3.706931E+00
 -1.000000E+01 -3.773267E+00
 -1.000000E+01 -3.808911E+00
 -1.000000E+01 -3.875248E+00
 -1.000000E+01 -3.910891E+00
 -1.000000E+01 -3.977228E+00
 -1.000000E+01 -4.012871E+00
 -1.000000E+01 -4.079208E+00
 -1.000000E+01 -4.114851E+00
 -1.000000E+01 -4.181188E+00
 -1.000000E+01 -4.216832E+00
 -1.000000E+01 -4.283168E+00
 -1.000000E+01 -4.318812E+00
 -1.000000E+01 -4.385149E+00
 -1.000000E+01 -4.420792E+00
 -1.000000E+01 -4.487129E+00
 -1.000000E+01 -4.522772E+00
 -1.000000E+01 -4.589109E+00
 -1.000000E+01 -4.624752E+00
 -1.000000E+01 -4.691089E+00
 -1.000000E+01 -4.726733E+00
 -1.000000E+01 -4.793069E+00
 -1.000000E+01 -4.828713E+00
 -1.000000E+01 -4.895050E+00
 -1.000000E+01 -4.930693E+00
 -1.000000E+01 -4.997030E+00
 -1.000000E+01 -5.032673E+00
 -1.000000E+01 -5.099010E+00

hb:   line clip z  
frame:
 -1.0000000E+01 -5.0000000E+00
  1.1000000E+02 -5.0000000E+00
  1.1000000E+02  5.0000000E+00
 -1.0000000E+01  5.0000000E+00
clip:
  1.049505E+00 -5.099010E+00
  5.000000E+01 -5.099010E+00
  5.000000E+01 -4.997030E+00
  5.000000E+01 -4.895050E+00
  5.000000E+01 -4.793069E+00
  5.000000E+01 -4.691089E+00
  5.000000E+01 -4.589109E+00
  5.000000E+01 -4.487129E+00
  5.000000E+01 -4.385149E+00
  5.000000E+01 -4.283168E+00
  5.000000E+01 -4.181188E+00
  5.000000E+01 -4.079208E+00
  5.000000E+01 -3.977228E+00
  5.000000E+01 -3.875248E+00
  5.000000E+01 -3.773267E+00
  5.000000E+01 -3.671287E+00
  5.000000E+01 -3.569307E+00
  5.000000E+01 -3.467327E+00
  5.000000E+01 -3.365347E+00
  5.000000E+01 -3.263366E+00
  5.000000E+01 -3.161386E+00
  5.000000E+01 -3.059406E+00
  5.000000E+01 -2.957426E+00
  5.000000E+01 -2.855446E+00
  5.000000E+01 -2.753465E+00
  5.000000E+01 -2.651485E+00
  5.000000E+01 -2.549505E+00
  5.000000E+01 -2.447525E+00
  5.000000E+01 -2.345545E+00
  5.000000E+01 -2.243564E+00
  5.000000E+01 -2.141584E+00
  5.000000E+01 -2.039604E+00
  5.000000E+01 -1.937624E+00
  5.000000E+01 -1.835644E+00
  5.000000E+01 -1.733663E+00
  5.000000E+01 -1.631683E+00
  5.000000E+01 -1.529703E+00
  5.000000E+01 -1.427723E+00
  5.000000E+01 -1.325743E+00
  5.000000E+01 -1.223762E+00
  5.000000E+01 -1.121782E+00
  5.000000E+01 -1.019802E+00
  5.000000E+01 -9.178218E-01
  5.000000E+01 -8.158416E-01
  5.000000E+01 -7.138614E-01
  5.000000E+01 -6.118812E-01
  5.000000E+01 -5.099010E-01
  5.000000E+01 -4.079208E-01
  5.000000E+01 -3.059406E-01
  5.000000E+01 -2.039604E-01
  5.000000E+01 -1.019802E-01
  5.000000E+01  1.234568E-11
  5.000000E+01  1.019802E-01
  5.000000E+01  2.039604E-01
  5.000000E+01  3.059406E-01
  5.000000E+01  4.079208E-01
  5.000000E+01  5.099010E-01
  5.000000E+01  6.118812E-01
  5.000000E+01  7.138614E-01
  5.000000E+01  8.158416E-01
  5.000000E+01  9.178218E-01
  5.000000E+01  1.019802E+00
  5.000000E+01  1.121782E+00
  5.000000E+01  1.223762E+00
  5.000000E+01  1.325743E+00
  5.000000E+01  1.427723E+00
  5.000000E+01  1.529703E+00
  5.000000E+01  1.631683E+00
  5.000000E+01  1.733663E+00
  5.000000E+01  1.835644E+00
  5.000000E+01  1.937624E+00
  5.000000E+01  2.039604E+00
  5.000000E+01  2.141584E+00
  5.000000E+01  2.243564E+00
  5.000000E+01  2.345545E+00
  5.000000E+01  2.447525E+00
  5.000000E+01  2.549505E+00
  5.000000E+01  2.651485E+00
  5.000000E+01  2.753465E+00
  5.000000E+01  2.855446E+00
  5.000000E+01  2.957426E+00
  5.000000E+01  3.059406E+00
  5.000000E+01  3.161386E+00
  5.000000E+01  3.263366E+00
  5.000000E+01  3.365347E+00
  5.000000E+01  3.467327E+00
  5.000000E+01  3.569307E+00
  5.000000E+01  3.671287E+00
  5.000000E+01  3.773267E+00
  5.000000E+01  3.875248E+00
  5.000000E+01  3.977228E+00
  5.000000E+01  4.079208E+00
  5.000000E+01  4.181188E+00
  5.000000E+01  4.283168E+00
  5.000000E+01  4.385149E+00
  5.000000E+01  4.487129E+00
  5.000000E+01  4.589109E+00
  5.000000E+01  4.691089E+00
  5.000000E+01  4.793069E+00
  5.000000E+01  4.895050E+00
  5.000000E+01  4.997030E+00
  5.000000E+01  5.099010E+00
  4.877624E+01  5.099010E+00
  4.755248E+01  5.099010E+00
  4.632871E+01  5.099010E+00
  4.510495E+01  5.099010E+00
  4.388119E+01  5.099010E+00
  4.265743E+01  5.099010E+00
  4.143366E+01  5.099010E+00
  4.020990E+01  5.099010E+00
  3.898614E+01  5.099010E+00
  3.776238E+01  5.099010E+00
  3.653861E+01  5.099010E+00
  3.531485E+01  5.099010E+00
  3.409109E+01  5.099010E+00
  3.286733E+01  5.099010E+00
  3.164356E+01  5.099010E+00
  3.041980E+01  5.099010E+00
  2.919604E+01  5.099010E+00
  2.797228E+01  5.099010E+00
  2.674851E+01  5.099010E+00
  2.552475E+01  5.099010E+00
  2.430099E+01  5.099010E+00
  2.307723E+01  5.099010E+00
  2.185347E+01  5.099010E+00
  2.062970E+01  5.099010E+00
  1.940594E+01  5.099010E+00
  1.818218E+01  5.099010E+00
  1.695842E+01  5.099010E+00
  1.573465E+01  5.099010E+00
  1.451089E+01  5.099010E+00
  1.328713E+01  5.099010E+00
  1.206337E+01  5.099010E+00
  1.083960E+01  5.099010E+00
  9.615842E+00  5.099010E+00
  8.392079E+00  5.099010E+00
  7.168317E+00  5.099010E+00
  5.944554E+00  5.099010E+00
  4.720792E+00  5.099010E+00
  3.497030E+00  5.099010E+00
  2.273267E+00  5.099010E+00
  1.049505E+00  5.099010E+00
  0.000000E+00  5.099010E+00
  0.000000E+00  4.997030E+00
  0.000000E+00  4.895050E+00
  0.000000E+00  4.793069E+00
  0.000000E+00  4.691089E+00
  0.000000E+00  4.589109E+00
  0.000000E+00  4.487129E+00
  0.000000E+00  4.385149E+00
  0.000000E+00  4.283168E+00
  0.000000E+00  4.181188E+00
  0.000000E+00  4.079208E+00
  0.000000E+00  3.977228E+00
  0.000000E+00  3.875248E+00
  0.000000E+00  3.773267E+00
  0.000000E+00  3.671287E+00
  0.000000E+00  3.569307E+00
  0.000000E+00  3.467327E+00
  0.000000E+00  3.365347E+00
  0.000000E+00  3.263366E+00
  0.000000E+00  3.161386E+00
  0.000000E+00  3.059406E+00
  0.000000E+00  2.957426E+00
  0.000000E+00  2.855446E+00
  0.000000E+00  2.753465E+00
  0.000000E+00  2.651485E+00
  0.000000E+00  2.549505E+00
  0.000000E+00  2.447525E+00
  0.000000E+00  2.345545E+00
  0.000000E+00  2.243564E+00
  0.000000E+00  2.141584E+00
  0.000000E+00  2.039604E+00
  0.000000E+00  1.937624E+00
  0.000000E+00  1.835644E+00
  0.000000E+00  1.733663E+00
  0.000000E+00  1.631683E+00
  0.000000E+00  1.529703E+00
  0.000000E+00  1.427723E+00
  0.000000E+00  1.325743E+00
  0.000000E+00  1.223762E+00
  0.000000E+00  1.121782E+00
  0.000000E+00  1.019802E+00
  0.000000E+00  9.178218E-01
  0.000000E+00  8.158416E-01
  0.000000E+00  7.138614E-01
  0.000000E+00  6.118812E-01
  0.000000E+00  5.099010E-01
  0.000000E+00  4.079208E-01
  0.000000E+00  3.059406E-01
  0.000000E+00  2.039604E-01
  0.000000E+00  1.019802E-01
  0.000000E+00  1.234568E-11
  0.000000E+00 -1.019802E-01
  0.000000E+00 -2.039604E-01
  0.000000E+00 -3.059406E-01
  0.000000E+00 -4.079208E-01
  0.000000E+00 -5.099010E-01
  0.000000E+00 -6.118812E-01
  0.000000E+00 -7.138614E-01
  0.000000E+00 -8.158416E-01
  0.000000E+00 -9.178218E-01
  0.000000E+00 -1.019802E+00
  0.000000E+00 -1.121782E+00
  0.000000E+00 -1.223762E+00
  0.000000E+00 -1.325743E+00
  0.000000E+00 -1.427723E+00
  0.000000E+00 -1.529703E+00
  0.000000E+00 -1.631683E+00
  0.000000E+00 -1.733663E+00
  0.000000E+00 -1.835644E+00
  0.000000E+00 -1.937624E+00
  0.000000E+00 -2.039604E+00
  0.000000E+00 -2.141584E+00
  0.000000E+00 -2.243564E+00
  0.000000E+00 -2.345545E+00
  0.000000E+00 -2.447525E+00
  0.000000E+00 -2.549505E+00
  0.000000E+00 -2.651485E+00
  0.000000E+00 -2.753465E+00
  0.000000E+00 -2.855446E+00
  0.000000E+00 -2.957426E+00
  0.000000E+00 -3.059406E+00
  0.000000E+00 -3.161386E+00
  0.000000E+00 -3.263366E+00
  0.000000E+00 -3.365347E+00
  0.000000E+00 -3.467327E+00
  0.000000E+00 -3.569307E+00
  0.000000E+00 -3.671287E+00
  0.000000E+00 -3.773267E+00
  0.000000E+00 -3.875248E+00
  0.000000E+00 -3.977228E+00
  0.000000E+00 -4.079208E+00
  0.000000E+00 -4.181188E+00
  0.000000E+00 -4.283168E+00
  0.000000E+00 -4.385149E+00
  0.000000E+00 -4.487129E+00
  0.000000E+00 -4.589109E+00
  0.000000E+00 -4.691089E+00
  0.000000E+00 -4.793069E+00
  0.000000E+00 -4.895050E+00
  0.000000E+00 -4.997030E+00
  0.000000E+00 -5.099010E+00

hb:   line clip z  
frame:
 -1.0000000E+01 -5.0000000E+00
  1.1000000E+02 -5.0000000E+00
  1.1000000E+02  5.0000000E+00
 -1.0000000E+01  5.0000000E+00
clip:
  5.000000E+01 -5.099010E+00
  1.000000E+02 -5.099010E+00
  1.000000E+02 -4.997030E+00
  1.000000E+02 -4.895050E+00
  1.000000E+02 -4.793069E+00
  1.000000E+02 -4.691089E+00
  1.000000E+02 -4.589109E+00
  1.000000E+02 -4.487129E+00
  1.000000E+02 -4.385149E+00
  1.000000E+02 -4.283168E+00
  1.000000E+02 -4.181188E+00
  1.000000E+02 -4.079208E+00
  1.000000E+02 -3.977228E+00
  1.000000E+02 -3.875248E+00
  1.000000E+02 -3.773267E+00
  1.000000E+02 -3.671287E+00
  1.000000E+02 -3.569307E+00
  1.000000E+02 -3.467327E+00
  1.000000E+02 -3.365347E+00
  1.000000E+02 -3.263366E+00
  1.000000E+02 -3.161386E+00
  1.000000E+02 -3.059406E+00
  1.000000E+02 -2.957426E+00
  1.000000E+02 -2.855446E+00
  1.000000E+02 -2.753465E+00
  1.000000E+02 -2.651485E+00
  1.000000E+02 -2.549505E+00
  1.000000E+02 -2.447525E+00
  1.000000E+02 -2.345545E+00
  1.000000E+02 -2.243564E+00
  1.000000E+02 -2.141584E+00
  1.000000E+02 -2.039604E+00
  1.000000E+02 -1.937624E+00
  1.000000E+02 -1.835644E+00
  1.000000E+02 -1.733663E+00
  1.000000E+02 -1.631683E+00
  1.000000E+02 -1.529703E+00
  1.000000E+02 -1.427723E+00
  1.000000E+02 -1.325743E+00
  1.000000E+02 -1.223762E+00
  1.000000E+02 -1.121782E+00
  1.000000E+02 -1.019802E+00
  1.000000E+02 -9.178218E-01
  1.000000E+02 -8.158416E-01
  1.000000E+02 -7.138614E-01
  1.000000E+02 -6.118812E-01
  1.000000E+02 -5.099010E-01
  1.000000E+02 -4.079208E-01
  1.000000E+02 -3.059406E-01
  1.000000E+02 -2.039604E-01
  1.000000E+02 -1.019802E-01
  1.000000E+02  1.234568E-11
  1.000000E+02  1.019802E-01
  1.000000E+02  2.039604E-01
  1.000000E+02  3.059406E-01
  1.000000E+02  4.079208E-01
  1.000000E+02  5.099010E-01
  1.000000E+02  6.118812E-01
  1.000000E+02  7.138614E-01
  1.000000E+02  8.158416E-01
  1.000000E+02  9.178218E-01
  1.000000E+02  1.019802E+00
  1.000000E+02  1.121782E+00
  1.000000E+02  1.223762E+00
  1.000000E+02  1.325743E+00
  1.000000E+02  1.427723E+00
  1.000000E+02  1.529703E+00
  1.000000E+02  1.631683E+00
  1.000000E+02  1.733663E+00
  1.000000E+02  1.835644E+00
  1.000000E+02  1.937624E+00
  1.000000E+02  2.039604E+00
  1.000000E+02  2.141584E+00
  1.000000E+02  2.243564E+00
  1.000000E+02  2.345545E+00
  1.000000E+02  2.447525E+00
  1.000000E+02  2.549505E+00
  1.000000E+02  2.651485E+00
  1.000000E+02  2.753465E+00
  1.000000E+02  2.855446E+00
  1.000000E+02  2.957426E+00
  1.000000E+02  3.059406E+00
  1.000000E+02  3.161386E+00
  1.000000E+02  3.263366E+00
  1.000000E+02  3.365347E+00
  1.000000E+02  3.467327E+00
  1.000000E+02  3.569307E+00
  1.000000E+02  3.671287E+00
  1.000000E+02  3.773267E+00
  1.000000E+02  3.875248E+00
  1.000000E+02  3.977228E+00
  1.000000E+02  4.079208E+00
  1.000000E+02  4.181188E+00
  1.000000E+02  4.283168E+00
  1.000000E+02  4.385149E+00
  1.000000E+02  4.487129E+00
  1.000000E+02  4.589109E+00
  1.000000E+02  4.691089E+00
  1.000000E+02  4.793069E+00
  1.000000E+02  4.895050E+00
  1.000000E+02  4.997030E+00
  1.000000E+02  5.099010E+00
  9.895050E+01  5.099010E+00
  9.772673E+01  5.099010E+00
  9.650297E+01  5.099010E+00
  9.527921E+01  5.099010E+00
  9.405545E+01  5.099010E+00
  9.283168E+01  5.099010E+00
  9.160792E+01  5.099010E+00
  9.038416E+01  5.099010E+00
  8.916040E+01  5.099010E+00
  8.793663E+01  5.099010E+00
  8.671287E+01  5.099010E+00
  8.548911E+01  5.099010E+00
  8.426535E+01  5.099010E+00
  8.304158E+01  5.099010E+00
  8.181782E+01  5.099010E+00
  8.059406E+01  5.099010E+00
  7.937030E+01  5.099010E+00
  7.814653E+01  5.099010E+00
  7.692277E+01  5.099010E+00
  7.569901E+01  5.099010E+00
  7.447525E+01  5.099010E+00
  7.325149E+01  5.099010E+00
  7.202772E+01  5.099010E+00
  7.080396E+01  5.099010E+00
  6.958020E+01  5.099010E+00
  6.835644E+01  5.099010E+00
  6.713267E+01  5.099010E+00
  6.590891E+01  5.099010E+00
  6.468515E+01  5.099010E+00
  6.346139E+01  5.099010E+00
  6.223762E+01  5.099010E+00
  6.101386E+01  5.099010E+00
  5.979010E+01  5.099010E+00
  5.856634E+01  5.099010E+00
  5.734257E+01  5.099010E+00
  5.611881E+01  5.099010E+00
  5.489505E+01  5.099010E+00
  5.367129E+01  5.099010E+00
  5.244752E+01  5.099010E+00
  5.122376E+01  5.099010E+00
  5.000000E+01  5.099010E+00
  5.000000E+01  4.997030E+00
  5.000000E+01  4.895050E+00
  5.000000E+01  4.793069E+00
  5.000000E+01  4.691089E+00
  5.000000E+01  4.589109E+00
  5.000000E+01  4.487129E+00
  5.000000E+01  4.385149E+00
  5.000000E+01  4.283168E+00
  5.000000E+01  4.181188E+00
  5.000000E+01  4.079208E+00
  5.000000E+01  3.977228E+00
  5.000000E+01  3.875248E+00
  5.000000E+01  3.773267E+00
  5.000000E+01  3.671287E+00
  5.000000E+01  3.569307E+00
  5.000000E+01  3.467327E+00
  5.000000E+01  3.365347E+00
  5.000000E+01  3.263366E+00
  5.000000E+01  3.161386E+00
  5.000000E+01  3.059406E+00
  5.000000E+01  2.957426E+00
  5.000000E+01  2.855446E+00
  5.000000E+01  2.753465E+00
  5.000000E+01  2.651485E+00
  5.000000E+01  2.549505E+00
  5.000000E+01  2.447525E+00
  5.000000E+01  2.345545E+00
  5.000000E+01  2.243564E+00
  5.000000E+01  2.141584E+00
  5.000000E+01  2.039604E+00
  5.000000E+01  1.937624E+00
  5.000000E+01  1.835644E+00
  5.000000E+01  1.733663E+00
  5.000000E+01  1.631683E+00
  5.000000E+01  1.529703E+00
  5.000000E+01  1.427723E+00
  5.000000E+01  1.325743E+00
  5.000000E+01  1.223762E+00
  5.000000E+01  1.121782E+00
  5.000000E+01  1.019802E+00
  5.000000E+01  9.178218E-01
  5.000000E+01  8.158416E-01
  5.000000E+01  7.138614E-01
  5.000000E+01  6.118812E-01
  5.000000E+01  5.099010E-01
  5.000000E+01  4.079208E-01
  5.000000E+01  3.059406E-01
  5.000000E+01  2.039604E-01
  5.000000E+01  1.019802E-01
  5.000000E+01  1.234568E-11
  5.000000E+01 -1.019802E-01
  5.000000E+01 -2.039604E-01
  5.000000E+01 -3.059406E-01
  5.000000E+01 -4.079208E-01
  5.000000E+01 -5.099010E-01
  5.000000E+01 -6.118812E-01
  5.000000E+01 -7.138614E-01
  5.000000E+01 -8.158416E-01
  5.000000E+01 -9.178218E-01
  5.000000E+01 -1.019802E+00
  5.000000E+01 -1.121782E+00
  5.000000E+01 -1.223762E+00
  5.000000E+01 -1.325743E+00
  5.000000E+01 -1.427723E+00
  5.000000E+01 -1.529703E+00
  5.000000E+01 -1.631683E+00
  5.000000E+01 -1.733663E+00
  5.000000E+01 -1.835644E+00
  5.000000E+01 -1.937624E+00
  5.000000E+01 -2.039604E+00
  5.000000E+01 -2.141584E+00
  5.000000E+01 -2.243564E+00
  5.000000E+01 -2.345545E+00
  5.000000E+01 -2.447525E+00
  5.000000E+01 -2.549505E+00
  5.000000E+01 -2.651485E+00
  5.000000E+01 -2.753465E+00
  5.000000E+01 -2.855446E+00
  5.000000E+01 -2.957426E+00
  5.000000E+01 -3.059406E+00
  5.000000E+01 -3.161386E+00
  5.000000E+01 -3.263366E+00
  5.000000E+01 -3.365347E+00
  5.000000E+01 -3.467327E+00
  5.000000E+01 -3.569307E+00
  5.000000E+01 -3.671287E+00
  5.000000E+01 -3.773267E+00
  5.000000E+01 -3.875248E+00
  5.000000E+01 -3.977228E+00
  5.000000E+01 -4.079208E+00
  5.000000E+01 -4.181188E+00
  5.000000E+01 -4.283168E+00
  5.000000E+01 -4.385149E+00
  5.000000E+01 -4.487129E+00
  5.000000E+01 -4.589109E+00
  5.000000E+01 -4.691089E+00
  5.000000E+01 -4.793069E+00
  5.000000E+01 -4.895050E+00
  5.000000E+01 -4.997030E+00
  5.000000E+01 -5.099010E+00

hb:   line clip z  
frame:
 -1.0000000E+01 -5.0000000E+00
  1.1000000E+02 -5.0000000E+00
  1.1000000E+02  5.0000000E+00
 -1.0000000E+01  5.0000000E+00
clip:
  1.001743E+02 -5.099010E+00
  1.100000E+02 -5.099010E+00
  1.100000E+02 -5.063366E+00
  1.100000E+02 -4.997030E+00
  1.100000E+02 -4.961386E+00
  1.100000E+02 -4.895050E+00
  1.100000E+02 -4.859406E+00
  1.100000E+02 -4.793069E+00
  1.100000E+02 -4.757426E+00
  1.100000E+02 -4.691089E+00
  1.100000E+02 -4.655446E+00
  1.100000E+02 -4.589109E+00
  1.100000E+02 -4.553465E+00
  1.100000E+02 -4.487129E+00
  1.100000E+02 -4.451485E+00
  1.100000E+02 -4.385149E+00
  1.100000E+02 -4.349505E+00
  1.100000E+02 -4.283168E+00
  1.100000E+02 -4.247525E+00
  1.100000E+02 -4.181188E+00
  1.100000E+02 -4.145545E+00
  1.100000E+02 -4.079208E+00
  1.100000E+02 -4.043564E+00
  1.100000E+02 -3.977228E+00
  1.100000E+02 -3.941584E+00
  1.100000E+02 -3.875248E+00
  1.100000E+02 -3.839604E+00
  1.100000E+02 -3.773267E+00
  1.100000E+02 -3.737624E+00
  1.100000E+02 -3.671287E+00
  1.100000E+02 -3.635644E+00
  1.100000E+02 -3.569307E+00
  1.100000E+02 -3.533663E+00
  1.100000E+02 -3.467327E+00
  1.100000E+02 -3.431683E+00
  1.100000E+02 -3.365347E+00
  1.100000E+02 -3.329703E+00
  1.100000E+02 -3.263366E+00
  1.100000E+02 -3.227723E+00
  1.100000E+02 -3.161386E+00
  1.100000E+02 -3.125743E+00
  1.100000E+02 -3.059406E+00
  1.100000E+02 -3.023762E+00
  1.100000E+02 -2.957426E+00
  1.100000E+02 -2.921782E+00
  1.100000E+02 -2.855446E+00
  1.100000E+02 -2.819802E+00
  1.100000E+02 -2.753465E+00
  1.100000E+02 -2.717822E+00
  1.100000E+02 -2.651485E+00
  1.100000E+02 -2.615842E+00
  1.100000E+02 -2.549505E+00
  1.100000E+02 -2.513861E+00
  1.100000E+02 -2.447525E+00
  1.100000E+02 -2.411881E+00
  1.100000E+02 -2.345545E+00
  1.100000E+02 -2.309901E+00
  1.100000E+02 -2.243564E+00
  1.100000E+02 -2.207921E+00
  1.100000E+02 -2.141584E+00
  1.100000E+02 -2.105941E+00
  1.100000E+02 -2.039604E+00
  1.100000E+02 -2.003960E+00
  1.100000E+02 -1.937624E+00
  1.100000E+02 -1.901980E+00
  1.100000E+02 -1.835644E+00
  1.100000E+02 -1.800000E+00
  1.100000E+02 -1.733663E+00
  1.100000E+02 -1.698020E+00
  1.100000E+02 -1.631683E+00
  1.100000E+02 -1.596040E+00
  1.100000E+02 -1.529703E+00
  1.100000E+02 -1.494059E+00
  1.100000E+02 -1.427723E+00
  1.100000E+02 -1.392079E+00
  1.100000E+02 -1.325743E+00
  1.100000E+02 -1.290099E+00
  1.100000E+02 -1.223762E+00
  1.100000E+02 -1.188119E+00
  1.100000E+02 -1.121782E+00
  1.100000E+02 -1.086139E+00
  1.100000E+02 -1.019802E+00
  1.100000E+02 -9.841584E-01
  1.100000E+02 -9.178218E-01
  1.100000E+02 -8.821782E-01
  1.100000E+02 -8.158416E-01
  1.100000E+02 -7.801980E-01
  1.100000E+02 -7.138614E-01
  1.100000E+02 -6.782178E-01
  1.100000E+02 -6.118812E-01
  1.100000E+02 -5.762376E-01
  1.100000E+02 -5.099010E-01
  1.100000E+02 -4.742574E-01
  1.100000E+02 -4.079208E-01
  1.100000E+02 -3.722772E-01
  1.100000E+02 -3.059406E-01
  1.100000E+02 -2.702970E-01
  1.100000E+02 -2.039604E-01
  1.100000E+02 -1.683168E-01
  1.100000E+02 -1.019802E-01
  1.100000E+02 -6.633663E-02
  1.100000E+02  1.234568E-11
  1.100000E+02  3.564356E-02
  1.100000E+02  1.019802E-01
  1.100000E+02  1.376238E-01
  1.100000E+02  2.039604E-01
  1.100000E+02  2.396040E-01
  1.100000E+02  3.059406E-01
  1.100000E+02  3.415842E-01
  1.100000E+02  4.079208E-01
  1.100000E+02  4.435644E-01
  1.100000E+02  5.099010E-01
  1.100000E+02  5.455446E-01
  1.100000E+02  6.118812E-01
  1.100000E+02  6.475248E-01
  1.100000E+02  7.138614E-01
  1.100000E+02  7.495050E-01
  1.100000E+02  8.158416E-01
  1.100000E+02  8.514851E-01
  1.100000E+02  9.178218E-01
  1.100000E+02  9.534653E-01
  1.100000E+02  1.019802E+00
  1.100000E+02  1.055446E+00
  1.100000E+02  1.121782E+00
  1.100000E+02  1.157426E+00
  1.100000E+02  1.223762E+00
  1.100000E+02  1.259406E+00
  1.100000E+02  1.325743E+00
  1.100000E+02  1.361386E+00
  1.100000E+02  1.427723E+00
  1.100000E+02  1.463366E+00
  1.100000E+02  1.529703E+00
  1.100000E+02  1.565347E+00
  1.100000E+02  1.631683E+00
  1.100000E+02  1.667327E+00
  1.100000E+02  1.733663E+00
  1.100000E+02  1.769307E+00
  1.100000E+02  1.835644E+00
  1.100000E+02  1.871287E+00
  1.100000E+02  1.937624E+00
  1.100000E+02  1.973267E+00
  1.100000E+02  2.039604E+00
  1.100000E+02  2.075248E+00
  1.100000E+02  2.141584E+00
  1.100000E+02  2.177228E+00
  1.100000E+02  2.243564E+00
  1.100000E+02  2.279208E+00
  1.100000E+02  2.345545E+00
  1.100000E+02  2.381188E+00
  1.100000E+02  2.447525E+00
  1.100000E+02  2.483168E+00
  1.100000E+02  2.549505E+00
  1.100000E+02  2.585149E+00
  1.100000E+02  2.651485E+00
  1.100000E+02  2.687129E+00
  1.100000E+02  2.753465E+00
  1.100000E+02  2.789109E+00
  1.100000E+02  2.855446E+00
  1.100000E+02  2.891089E+00
  1.100000E+02  2.957426E+00
  1.100000E+02  2.993069E+00
  1.100000E+02  3.059406E+00
  1.100000E+02  3.095050E+00
  1.100000E+02  3.161386E+00
  1.100000E+02  3.197030E+00
  1.100000E+02  3.263366E+00
  1.100000E+02  3.299010E+00
  1.100000E+02  3.365347E+00
  1.100000E+02  3.400990E+00
  1.100000E+02  3.467327E+00
  1.100000E+02  3.502970E+00
  1.100000E+02  3.569307E+00
  1.100000E+02  3.604950E+00
  1.100000E+02  3.671287E+00
  1.100000E+02  3.706931E+00
  1.100000E+02  3.773267E+00
  1.100000E+02  3.808911E+00
  1.100000E+02  3.875248E+00
  1.100000E+02  3.910891E+00
  1.100000E+02  3.977228E+00
  1.100000E+02  4.012871E+00
  1.100000E+02  4.079208E+00
  1.100000E+02  4.114851E+00
  1.100000E+02  4.181188E+00
  1.100000E+02  4.216832E+00
  1.100000E+02  4.283168E+00
  1.100000E+02  4.318812E+00
  1.100000E+02  4.385149E+00
  1.100000E+02  4.420792E+00
  1.100000E+02  4.487129E+00
  1.100000E+02  4.522772E+00
  1.100000E+02  4.589109E+00
  1.100000E+02  4.624752E+00
  1.100000E+02  4.691089E+00
  1.100000E+02  4.726733E+00
  1.100000E+02  4.793069E+00
  1.100000E+02  4.828713E+00
  1.100000E+02  4.895050E+00
  1.100000E+02  4.930693E+00
  1.100000E+02  4.997030E+00
  1.100000E+02  5.032673E+00
  1.100000E+02  5.099010E+00
  1.099644E+02  5.099010E+00
  1.087406E+02  5.099010E+00
  1.075168E+02  5.099010E+00
  1.062931E+02  5.099010E+00
  1.050693E+02  5.099010E+00
  1.038455E+02  5.099010E+00
  1.026218E+02  5.099010E+00
  1.013980E+02  5.099010E+00
  1.001743E+02  5.099010E+00
  1.000000E+02  5.099010E+00
  1.000000E+02  4.924752E+00
  1.000000E+02  4.997030E+00
  1.000000E+02  4.822772E+00
  1.000000E+02  4.895050E+00
  1.000000E+02  4.720792E+00
  1.000000E+02  4.793069E+00
  1.000000E+02  4.618812E+00
  1.000000E+02  4.691089E+00
  1.000000E+02  4.516832E+00
  1.000000E+02  4.589109E+00
  1.000000E+02  4.414851E+00
  1.000000E+02  4.487129E+00
  1.000000E+02  4.312871E+00
  1.000000E+02  4.385149E+00
  1.000000E+02  4.210891E+00
  1.000000E+02  4.283168E+00
  1.000000E+02  4.108911E+00
  1.000000E+02  4.181188E+00
  1.000000E+02  4.006931E+00
  1.000000E+02  4.079208E+00
  1.000000E+02  3.904950E+00
  1.000000E+02  3.977228E+00
  1.000000E+02  3.802970E+00
  1.000000E+02  3.875248E+00
  1.000000E+02  3.700990E+00
  1.000000E+02  3.773267E+00
  1.000000E+02  3.599010E+00
  1.000000E+02  3.671287E+00
  1.000000E+02  3.497030E+00
  1.000000E+02  3.569307E+00
  1.000000E+02  3.395050E+00
  1.000000E+02  3.467327E+00
  1.000000E+02  3.293069E+00
  1.000000E+02  3.365347E+00
  1.000000E+02  3.191089E+00
  1.000000E+02  3.263366E+00
  1.000000E+02  3.089109E+00
  1.000000E+02  3.161386E+00
  1.000000E+02  2.987129E+00
  1.000000E+02  3.059406E+00
  1.000000E+02  2.885149E+00
  1.000000E+02  2.957426E+00
  1.000000E+02  2.783168E+00
  1.000000E+02  2.855446E+00
  1.000000E+02  2.681188E+00
  1.000000E+02  2.753465E+00
  1.000000E+02  2.579208E+00
  1.000000E+02  2.651485E+00
  1.000000E+02  2.477228E+00
  1.000000E+02  2.549505E+00
  1.000000E+02  2.375248E+00
  1.000000E+02  2.447525E+00
  1.000000E+02  2.273267E+00
  1.000000E+02  2.345545E+00
  1.000000E+02  2.171287E+00
  1.000000E+02  2.243564E+00
  1.000000E+02  2.069307E+00
  1.000000E+02  2.141584E+00
  1.000000E+02  1.967327E+00
  1.000000E+02  2.039604E+00
  1.000000E+02  1.865347E+00
  1.000000E+02  1.937624E+00
  1.000000E+02  1.763366E+00
  1.000000E+02  1.835644E+00
  1.000000E+02  1.661386E+00
  1.000000E+02  1.733663E+00
  1.000000E+02  1.559406E+00
  1.000000E+02  1.631683E+00
  1.000000E+02  1.457426E+00
  1.000000E+02  1.529703E+00
  1.000000E+02  1.355446E+00
  1.000000E+02  1.427723E+00
  1.000000E+02  1.253465E+00
  1.000000E+02  1.325743E+00
  1.000000E+02  1.151485E+00
  1.000000E+02  1.223762E+00
  1.000000E+02  1.049505E+00
  1.000000E+02  1.121782E+00
  1.000000E+02  9.475248E-01
  1.000000E+02  1.019802E+00
  1.000000E+02  8.455446E-01
  1.000000E+02  9.178218E-01
  1.000000E+02  7.435644E-01
  1.000000E+02  8.158416E-01
  1.000000E+02  6.415842E-01
  1.000000E+02  7.138614E-01
  1.000000E+02  5.396040E-01
  1.000000E+02  6.118812E-01
  1.000000E+02  4.376238E-01
  1.000000E+02  5.099010E-01
  1.000000E+02  3.356436E-01
  1.000000E+02  4.079208E-01
  1.000000E+02  2.336634E-01
  1.000000E+02  3.059406E-01
  1.000000E+02  1.316832E-01
  1.000000E+02  2.039604E-01
  1.000000E+02  2.970297E-02
  1.000000E+02  1.019802E-01
  1.000000E+02 -7.227723E-02
  1.000000E+02  1.234568E-11
  1.000000E+02 -1.742574E-01
  1.000000E+02 -1.019802E-01
  1.000000E+02 -2.762376E-01
  1.000000E+02 -2.039604E-01
  1.000000E+02 -3.782178E-01
  1.000000E+02 -3.059406E-01
  1.000000E+02 -4.801980E-01
  1.000000E+02 -4.079208E-01
  1.000000E+02 -5.821782E-01
  1.000000E+02 -5.099010E-01
  1.000000E+02 -6.841584E-01
  1.000000E+02 -6.118812E-01
  1.000000E+02 -7.861386E-01
  1.000000E+02 -7.138614E-01
  1.000000E+02 -8.881188E-01
  1.000000E+02 -8.158416E-01
  1.000000E+02 -9.900990E-01
  1.000000E+02 -9.178218E-01
  1.000000E+02 -1.092079E+00
  1.000000E+02 -1.019802E+00
  1.000000E+02 -1.194059E+00
  1.000000E+02 -1.121782E+00
  1.000000E+02 -1.296040E+00
  1.000000E+02 -1.223762E+00
  1.000000E+02 -1.398020E+00
  1.000000E+02 -1.325743E+00
  1.000000E+02 -1.500000E+00
  1.000000E+02 -1.427723E+00
  1.000000E+02 -1.601980E+00
  1.000000E+02 -1.529703E+00
  1.000000E+02 -1.703960E+00
  1.000000E+02 -1.631683E+00
  1.000000E+02 -1.805941E+00
  1.000000E+02 -1.733663E+00
  1.000000E+02 -1.907921E+00
  1.000000E+02 -1.835644E+00
  1.000000E+02 -2.009901E+00
  1.000000E+02 -1.937624E+00
  1.000000E+02 -2.111881E+00
  1.000000E+02 -2.039604E+00
  1.000000E+02 -2.213861E+00
  1.000000E+02 -2.141584E+00
  1.000000E+02 -2.315842E+00
  1.000000E+02 -2.243564E+00
  1.000000E+02 -2.417822E+00
  1.000000E+02 -2.345545E+00
  1.000000E+02 -2.519802E+00
  1.000000E+02 -2.447525E+00
  1.000000E+02 -2.621782E+00
  1.000000E+02 -2.549505E+00
  1.000000E+02 -2.723762E+00
  1.000000E+02 -2.651485E+00
  1.000000E+02 -2.825743E+00
  1.000000E+02 -2.753465E+00
  1.000000E+02 -2.927723E+00
  1.000000E+02 -2.855446E+00
  1.000000E+02 -3.029703E+00
  1.000000E+02 -2.957426E+00
  1.000000E+02 -3.131683E+00
  1.000000E+02 -3.059406E+00
  1.000000E+02 -3.233663E+00
  1.000000E+02 -3.161386E+00
  1.000000E+02 -3.335644E+00
  1.000000E+02 -3.263366E+00
  1.000000E+02 -3.437624E+00
  1.000000E+02 -3.365347E+00
  1.000000E+02 -3.539604E+00
  1.000000E+02 -3.467327E+00
  1.000000E+02 -3.641584E+00
  1.000000E+02 -3.569307E+00
  1.000000E+02 -3.743564E+00
  1.000000E+02 -3.671287E+00
  1.000000E+02 -3.845545E+00
  1.000000E+02 -3.773267E+00
  1.000000E+02 -3.947525E+00
  1.000000E+02 -3.875248E+00
  1.000000E+02 -4.049505E+00
  1.000000E+02 -3.977228E+00
  1.000000E+02 -4.151485E+00
  1.000000E+02 -4.079208E+00
  1.000000E+02 -4.253465E+00
  1.000000E+02 -4.181188E+00
  1.000000E+02 -4.355446E+00
  1.000000E+02 -4.283168E+00
  1.000000E+02 -4.457426E+00
  1.000000E+02 -4.385149E+00
  1.000000E+02 -4.559406E+00
  1.000000E+02 -4.487129E+00
  1.000000E+02 -4.661386E+00
  1.000000E+02 -4.589109E+00
  1.000000E+02 -4.763366E+00
  1.000000E+02 -4.691089E+00
  1.000000E+02 -4.865347E+00
  1.000000E+02 -4.793069E+00
  1.000000E+02 -4.967327E+00
  1.000000E+02 -4.895050E+00
  1.000000E+02 -5.069307E+00
  1.000000E+02 -4.997030E+00
  1.000000E+02 -5.171287E+00
  1.000000E+02 -5.099010E+00

#------------------------------------------------------------------------------
z: xorg(1.03)
p: xfac[c2*0.05] form[c1/0.05] notc noxt noyt dmin(1)
p: ymin(0) ymax(1) xmin(0) xmax(1) cmin(1) cmax(100) nosp
hc: y= 0.005 to 0.995 by 0.01 ; x= 0.5 to 0.5 by 1 ;
 1  2  3  4  5  6  7  8  9 10 11 12 13 14 15 16 17 18 19 20
21 22 23 24 25 26 27 28 29 30 31 32 33 34 35 36 37 38 39 40
41 42 43 44 45 46 47 48 49 50 51 52 53 54 55 56 57 58 59 60
61 62 63 64 65 66 67 68 69 70 71 72 73 74 75 76 77 78 79 80
81 82 83 84 85 86 87 88 89 90 91 92 93 94 95 96 97 98 99 100
z: xorg(0.0)
p: xfac[c2*0.05] form[c1/0.05] nosp afac[c5*0.625] ymin[c3] ymax[c4]
p: noxt noxn ytxt(-1) ynum(-1) xltd(-1) xstd(-1) itic(1) ylog
y: Flux [1/cm^2/source]              
#------------------------------------------------------------------------------

wt: s[c5]
\vspace{-3}
  emin  &=&   0.0000E+00 [MeV]
  emax  &=&   3.0000E+03 [MeV]
  ymin  &=&  -6.0000E+01 [cm]
  ymax  &=&   6.0000E+01 [cm]
  part. &=& all     
e:

#------------------------------------------------------------------------------
z: xorg[-1.03/0.05]
p: form[c1] xfac[c2] afac[c5] nosp notf
p: xmin( -10.00000    ) xmax(  110.0000    )
p: ymin( -5.000000    ) ymax(  5.000000    )
