[ T-Track ]
    title = [t-track] in xyz mesh
     mesh =  xyz            # mesh type is xyz scoring mesh
   x-type =    2            # x-mesh is linear given by xmin, xmax and nx
     xmin =  -7.000000      # minimum value of x-mesh points
     xmax =   7.000000      # maximum value of x-mesh points
#    xdel =  0.1400000      # mesh width of x-mesh points
       nx =    100          # number of x-mesh points
#    data = ( x(i), i = 1, nx + 1 )
#          -7.00000E+00 -6.86000E+00 -6.72000E+00 -6.58000E+00 -6.44000E+00
#          -6.30000E+00 -6.16000E+00 -6.02000E+00 -5.88000E+00 -5.74000E+00
#          -5.60000E+00 -5.46000E+00 -5.32000E+00 -5.18000E+00 -5.04000E+00
#          -4.90000E+00 -4.76000E+00 -4.62000E+00 -4.48000E+00 -4.34000E+00
#          -4.20000E+00 -4.06000E+00 -3.92000E+00 -3.78000E+00 -3.64000E+00
#          -3.50000E+00 -3.36000E+00 -3.22000E+00 -3.08000E+00 -2.94000E+00
#          -2.80000E+00 -2.66000E+00 -2.52000E+00 -2.38000E+00 -2.24000E+00
#          -2.10000E+00 -1.96000E+00 -1.82000E+00 -1.68000E+00 -1.54000E+00
#          -1.40000E+00 -1.26000E+00 -1.12000E+00 -9.80000E-01 -8.40000E-01
#          -7.00000E-01 -5.60000E-01 -4.20000E-01 -2.80000E-01 -1.40000E-01
#           8.88178E-16  1.40000E-01  2.80000E-01  4.20000E-01  5.60000E-01
#           7.00000E-01  8.40000E-01  9.80000E-01  1.12000E+00  1.26000E+00
#           1.40000E+00  1.54000E+00  1.68000E+00  1.82000E+00  1.96000E+00
#           2.10000E+00  2.24000E+00  2.38000E+00  2.52000E+00  2.66000E+00
#           2.80000E+00  2.94000E+00  3.08000E+00  3.22000E+00  3.36000E+00
#           3.50000E+00  3.64000E+00  3.78000E+00  3.92000E+00  4.06000E+00
#           4.20000E+00  4.34000E+00  4.48000E+00  4.62000E+00  4.76000E+00
#           4.90000E+00  5.04000E+00  5.18000E+00  5.32000E+00  5.46000E+00
#           5.60000E+00  5.74000E+00  5.88000E+00  6.02000E+00  6.16000E+00
#           6.30000E+00  6.44000E+00  6.58000E+00  6.72000E+00  6.86000E+00
#           7.00000E+00
   y-type =    1            # y-mesh is given by the below data
       ny =      1          # number of y-mesh points
#    data = ( y(i), i = 1, ny + 1 )
            0.00000E+00  1.00000E-01
   z-type =    2            # z-mesh is linear given by zmin, zmax and nz
     zmin =  -5.000000      # minimum value of z-mesh points
     zmax =   110.0000      # maximum value of z-mesh points
#    zdel =   1.150000      # mesh width of z-mesh points
       nz =    100          # number of z-mesh points
#    data = ( z(i), i = 1, nz + 1 )
#          -5.00000E+00 -3.85000E+00 -2.70000E+00 -1.55000E+00 -4.00000E-01
#           7.50000E-01  1.90000E+00  3.05000E+00  4.20000E+00  5.35000E+00
#           6.50000E+00  7.65000E+00  8.80000E+00  9.95000E+00  1.11000E+01
#           1.22500E+01  1.34000E+01  1.45500E+01  1.57000E+01  1.68500E+01
#           1.80000E+01  1.91500E+01  2.03000E+01  2.14500E+01  2.26000E+01
#           2.37500E+01  2.49000E+01  2.60500E+01  2.72000E+01  2.83500E+01
#           2.95000E+01  3.06500E+01  3.18000E+01  3.29500E+01  3.41000E+01
#           3.52500E+01  3.64000E+01  3.75500E+01  3.87000E+01  3.98500E+01
#           4.10000E+01  4.21500E+01  4.33000E+01  4.44500E+01  4.56000E+01
#           4.67500E+01  4.79000E+01  4.90500E+01  5.02000E+01  5.13500E+01
#           5.25000E+01  5.36500E+01  5.48000E+01  5.59500E+01  5.71000E+01
#           5.82500E+01  5.94000E+01  6.05500E+01  6.17000E+01  6.28500E+01
#           6.40000E+01  6.51500E+01  6.63000E+01  6.74500E+01  6.86000E+01
#           6.97500E+01  7.09000E+01  7.20500E+01  7.32000E+01  7.43500E+01
#           7.55000E+01  7.66500E+01  7.78000E+01  7.89500E+01  8.01000E+01
#           8.12500E+01  8.24000E+01  8.35500E+01  8.47000E+01  8.58500E+01
#           8.70000E+01  8.81500E+01  8.93000E+01  9.04500E+01  9.16000E+01
#           9.27500E+01  9.39000E+01  9.50500E+01  9.62000E+01  9.73500E+01
#           9.85000E+01  9.96500E+01  1.00800E+02  1.01950E+02  1.03100E+02
#           1.04250E+02  1.05400E+02  1.06550E+02  1.07700E+02  1.08850E+02
#           1.10000E+02
   e-type =    1            # e-mesh is given by the below data
       ne =      1          # number of e-mesh points
#    data = ( e(i), i = 1, ne + 1 )
            0.00000E+00  1.00000E+03
     unit =    1            # unit is [1/cm^2/source]
 material =  all            # (D=all) number of specific material
  2D-type =    3            # 1:Cont, 2:Clust, 3:Color, 4:xyz, 5:mat, 6:Clust+Cont, 7:Col+Cont
     axis =      xz            # axis of output
     file = track_xz.out    # file name of output for the above axis
     part =  proton   
# kf/name :  2212     
    gshow =    3            # 0: no 1:bnd, 2:bnd+mat, 3:bnd+reg 4:bnd+lat 5:bmp style
    resol =    1            # (D=1) resolution of gshow or rshow
    width = 0.5000000       # (D=0.5) width of lines for gshow or rshow
   epsout =    1            # (D=0) generate eps file by ANGEL
#    used :        main (  %)        temp (  %)       total (  %)
#  memory :         210 (  0)           0 (  0)         210 (  0)

#------------------------------------------------------------------------------
#newpage:
#   no. =  1   ie  =  1   iy  =  1   part. = proton  
#   e = (   0.0000E+00  -   1.0000E+03  )
#   y = (   0.0000E+00  -   1.0000E-01  )

'no. =  1,  ie =  1,  iy =  1'
msuc: {\huge [t-track] in xyz mesh}
msdr: {\it plotted by \ANGEL \version}
msdl: {\it calculated by \PHITS  3.35}

x: z [cm]
y: x [cm]
set: c1[ 0.122] c2[ 2.579] c5[ 0.800] c6[ 0.479] c7[ 0.000] c8[ 2.886]
p: h2fs form[c1] xfac[c2] afac[c5] scal[c6] xorg[c7] yorg[c8] nosp
set: c3[   1.143234E-01] c4[   7.950526E+09]
p: cmin[c3] cmax[c4]
p: dmin(1e-31)
p: zlog
p: xmin( -5.000000    ) xmax(  110.0000    )
p: ymin( -7.000000    ) ymax(  7.000000    )
#  nx = 100   nz = 100
# ( ( data(z,x), z = 1, nz ), x = nx, 1, -1 )

hc:  y =   6.930000     to  -6.930000     by  0.1400000     ; x =  -4.425000     to   109.4250     by   1.150000     ;
  0.000E+00  0.000E+00  1.259E+03  3.567E+03  3.549E+03  1.433E+03  4.762E+02  2.912E+01  0.000E+00  1.847E+02
  1.198E+01  0.000E+00  1.701E+02  3.338E+02  1.208E+02  3.712E+02  8.511E+02  8.912E+02  8.445E+02  7.961E+02
  5.498E+02  4.388E+02  1.347E+02  1.233E+00  3.886E+02  4.346E+02  4.371E+02  5.755E+02  4.113E+02  5.787E+02
  3.926E+02  2.481E+02  3.335E+02  4.853E+02  8.414E+02  1.609E+02  2.112E+02  2.632E+02  2.929E+02  8.915E+02
  9.369E+02  2.543E+02  1.306E+03  1.949E+03  1.916E+03  2.666E+03  3.131E+03  2.777E+03  7.167E+03  5.138E+03
  8.228E+03  7.040E+03  8.204E+03  1.116E+04  1.455E+04  1.929E+04  2.525E+04  2.867E+04  3.626E+04  7.187E+03
  3.572E+01  6.197E+01  3.848E+02  3.306E+02  1.236E+03  9.301E+03  2.803E+04  5.880E+04  8.156E+04  9.768E+04
  1.086E+05  1.025E+05  1.159E+05  1.201E+05  1.283E+05  1.336E+05  1.507E+05  1.499E+05  1.601E+05  1.668E+05
  1.700E+05  1.872E+05  1.941E+05  2.010E+05  1.969E+05  2.064E+05  2.193E+05  2.223E+05  2.287E+05  2.323E+05
  2.338E+05  2.353E+05  5.080E+04  0.000E+00  3.039E+00  6.587E+01  2.917E+01  1.710E+02  4.053E+02  6.667E+02
  0.000E+00  0.000E+00  8.838E+02  3.936E+03  3.692E+03  1.649E+03  4.484E+02  5.694E+01  0.000E+00  1.847E+02
  3.441E+01  7.487E+01  1.809E+02  3.393E+02  1.208E+02  4.223E+02  1.042E+03  9.223E+02  8.003E+02  1.023E+03
  4.890E+02  2.765E+02  1.856E+02  0.000E+00  3.127E+02  4.901E+02  4.489E+02  6.374E+02  3.417E+02  5.543E+02
  3.926E+02  4.210E+02  4.723E+02  5.683E+02  9.136E+02  1.913E+02  2.482E+02  1.912E+02  6.578E+02  6.437E+02
  6.396E+02  5.091E+02  1.697E+03  1.671E+03  2.549E+03  2.809E+03  3.163E+03  5.221E+03  5.705E+03  6.035E+03
  7.276E+03  8.555E+03  9.849E+03  1.386E+04  1.862E+04  2.568E+04  2.917E+04  3.488E+04  4.175E+04  6.463E+03
  6.028E+01  1.333E+02  3.248E+02  6.027E+02  5.712E+03  2.487E+04  6.028E+04  8.558E+04  1.001E+05  1.140E+05
  1.084E+05  1.178E+05  1.293E+05  1.331E+05  1.389E+05  1.538E+05  1.528E+05  1.585E+05  1.755E+05  1.778E+05
  1.912E+05  2.038E+05  2.075E+05  2.068E+05  2.131E+05  2.308E+05  2.276E+05  2.392E+05  2.495E+05  2.387E+05
  2.404E+05  2.469E+05  5.261E+04  0.000E+00  5.028E+01  1.603E+02  1.352E+02  2.815E+02  1.272E+03  2.727E+03
  0.000E+00  0.000E+00  6.007E+02  4.305E+03  3.863E+03  1.729E+03  4.484E+02  5.694E+01  0.000E+00  1.847E+02
  2.258E+01  1.093E+02  8.502E+01  4.238E+02  1.208E+02  4.229E+02  1.102E+03  1.057E+03  8.348E+02  1.026E+03
  6.356E+02  5.602E+02  2.174E+02  1.875E+01  2.936E+02  4.646E+02  5.879E+02  6.202E+02  4.140E+02  5.123E+02
  4.123E+02  3.809E+02  6.688E+02  7.124E+02  6.163E+02  3.214E+02  2.603E+02  1.565E+02  7.596E+02  4.210E+02
  6.557E+02  9.246E+02  2.003E+03  1.946E+03  2.753E+03  3.328E+03  3.802E+03  6.621E+03  7.085E+03  7.545E+03
  7.705E+03  1.115E+04  1.318E+04  2.031E+04  2.157E+04  3.002E+04  3.854E+04  4.415E+04  4.523E+04  8.743E+03
  4.955E+01  1.889E+02  7.201E+02  3.908E+03  2.029E+04  5.985E+04  9.206E+04  1.024E+05  1.149E+05  1.128E+05
  1.228E+05  1.386E+05  1.409E+05  1.445E+05  1.556E+05  1.559E+05  1.627E+05  1.784E+05  1.859E+05  1.954E+05
  2.147E+05  2.151E+05  2.210E+05  2.247E+05  2.436E+05  2.419E+05  2.489E+05  2.582E+05  2.465E+05  2.597E+05
  2.717E+05  2.839E+05  6.005E+04  0.000E+00  0.000E+00  2.774E+02  3.450E+02  9.080E+02  3.147E+03  1.390E+04
  0.000E+00  0.000E+00  4.548E+02  4.524E+03  4.103E+03  1.829E+03  5.018E+02  5.694E+01  0.000E+00  1.847E+02
  6.630E+01  1.093E+02  6.330E+01  3.736E+02  2.282E+02  4.515E+02  1.109E+03  1.066E+03  9.182E+02  9.751E+02
  1.265E+03  5.718E+02  2.174E+02  8.084E+01  2.201E+02  4.207E+02  4.941E+02  8.192E+02  3.505E+02  4.722E+02
  4.927E+02  4.115E+02  9.104E+02  6.456E+02  7.669E+02  2.164E+02  2.859E+02  1.801E+02  5.762E+02  4.222E+02
  7.344E+02  1.888E+03  2.249E+03  1.795E+03  3.448E+03  3.949E+03  5.528E+03  6.049E+03  9.214E+03  8.338E+03
  9.411E+03  1.192E+04  1.913E+04  2.185E+04  2.831E+04  3.941E+04  4.891E+04  4.403E+04  5.731E+04  1.002E+04
  0.000E+00  3.140E+02  1.160E+03  1.574E+04  5.648E+04  9.776E+04  1.054E+05  1.171E+05  1.224E+05  1.363E+05
  1.488E+05  1.557E+05  1.563E+05  1.614E+05  1.641E+05  1.734E+05  1.890E+05  1.969E+05  2.149E+05  2.323E+05
  2.345E+05  2.447E+05  2.414E+05  2.544E+05  2.514E+05  2.704E+05  2.667E+05  2.729E+05  2.812E+05  2.911E+05
  2.949E+05  2.857E+05  6.163E+04  0.000E+00  1.175E+02  5.246E+02  5.586E+02  3.082E+03  1.827E+04  6.920E+04
  0.000E+00  0.000E+00  3.347E+02  4.684E+03  4.372E+03  1.886E+03  5.712E+02  5.694E+01  2.345E+01  1.847E+02
  6.630E+01  1.093E+02  1.126E+02  3.327E+02  2.825E+02  5.968E+02  1.214E+03  9.737E+02  8.929E+02  1.028E+03
  1.533E+03  4.036E+02  2.138E+02  1.884E+02  1.402E+02  3.633E+02  4.945E+02  8.062E+02  5.171E+02  5.805E+02
  3.201E+02  5.806E+02  1.131E+03  7.565E+02  6.789E+02  2.705E+02  2.592E+02  1.187E+02  5.737E+02  7.714E+02
  1.035E+03  2.304E+03  2.372E+03  2.202E+03  4.728E+03  5.313E+03  5.999E+03  9.792E+03  8.474E+03  8.455E+03
  1.100E+04  1.791E+04  2.232E+04  2.949E+04  3.669E+04  5.174E+04  4.790E+04  5.762E+04  6.203E+04  9.529E+03
  1.062E+02  5.473E+02  9.400E+03  5.549E+04  1.080E+05  1.117E+05  1.200E+05  1.313E+05  1.453E+05  1.616E+05
  1.670E+05  1.654E+05  1.660E+05  1.795E+05  1.888E+05  1.960E+05  2.092E+05  2.266E+05  2.508E+05  2.493E+05
  2.542E+05  2.528E+05  2.643E+05  2.675E+05  2.785E+05  2.692E+05  2.941E+05  3.011E+05  3.010E+05  2.956E+05
  2.913E+05  3.003E+05  6.173E+04  0.000E+00  3.060E+02  1.150E+03  2.928E+03  3.071E+04  1.236E+05  2.152E+05
  0.000E+00  0.000E+00  1.245E+02  4.912E+03  4.352E+03  1.931E+03  6.055E+02  5.694E+01  1.703E+02  1.258E+02
  6.630E+01  1.093E+02  1.209E+02  2.451E+02  3.983E+02  6.580E+02  1.155E+03  9.620E+02  1.099E+03  1.103E+03
  1.660E+03  5.340E+02  1.347E+02  1.884E+02  1.442E+02  3.276E+02  8.045E+02  6.369E+02  6.056E+02  4.201E+02
  4.215E+02  1.002E+03  1.436E+03  5.423E+02  8.098E+02  1.824E+02  3.094E+02  2.629E+02  5.798E+02  9.957E+02
  1.318E+03  1.969E+03  2.835E+03  3.002E+03  4.818E+03  7.542E+03  7.197E+03  1.074E+04  9.361E+03  9.699E+03
  1.604E+04  2.318E+04  2.812E+04  3.629E+04  5.152E+04  4.904E+04  5.848E+04  6.378E+04  6.801E+04  1.265E+04
  1.744E+02  4.922E+03  5.772E+04  1.154E+05  1.206E+05  1.258E+05  1.379E+05  1.559E+05  1.631E+05  1.702E+05
  1.766E+05  1.780E+05  1.919E+05  1.944E+05  2.038E+05  2.180E+05  2.461E+05  2.661E+05  2.605E+05  2.635E+05
  2.613E+05  2.766E+05  2.872E+05  2.896E+05  2.892E+05  3.180E+05  3.091E+05  3.110E+05  3.092E+05  3.143E+05
  3.160E+05  3.240E+05  6.984E+04  4.951E+01  5.767E+02  4.615E+03  7.645E+04  2.134E+05  2.904E+05  3.103E+05
  0.000E+00  0.000E+00  5.145E+01  5.089E+03  4.503E+03  2.061E+03  5.629E+02  5.694E+01  1.727E+02  7.881E+01
  1.498E+02  1.773E+01  3.060E+02  2.181E+02  4.542E+02  7.515E+02  1.153E+03  8.370E+02  1.177E+03  1.079E+03
  2.029E+03  3.274E+02  1.030E+02  1.681E+02  2.075E+02  2.848E+02  8.492E+02  6.432E+02  6.071E+02  3.362E+02
  4.400E+02  1.322E+03  1.196E+03  8.659E+02  7.680E+02  3.689E+02  2.676E+02  1.974E+02  6.857E+02  1.065E+03
  1.580E+03  2.250E+03  2.301E+03  4.719E+03  5.456E+03  8.087E+03  1.056E+04  1.065E+04  9.410E+03  1.425E+04
  2.393E+04  2.725E+04  3.750E+04  4.851E+04  4.968E+04  5.889E+04  6.694E+04  7.192E+04  7.656E+04  1.318E+04
  8.236E+02  5.691E+04  1.207E+05  1.298E+05  1.337E+05  1.461E+05  1.621E+05  1.683E+05  1.702E+05  1.880E+05
  1.925E+05  2.138E+05  2.035E+05  2.183E+05  2.288E+05  2.648E+05  2.770E+05  2.737E+05  2.761E+05  2.791E+05
  2.904E+05  3.031E+05  3.093E+05  3.096E+05  3.269E+05  3.230E+05  3.197E+05  3.276E+05  3.357E+05  3.393E+05
  3.536E+05  3.384E+05  7.326E+04  1.392E+02  2.522E+04  1.860E+05  3.124E+05  3.361E+05  3.426E+05  3.428E+05
  0.000E+00  0.000E+00  0.000E+00  5.094E+03  4.798E+03  2.104E+03  5.941E+02  5.694E+01  2.232E+02  1.119E+01
  1.278E+02  1.087E+02  3.126E+02  2.103E+02  4.995E+02  9.151E+02  1.208E+03  7.624E+02  9.658E+02  1.443E+03
  1.877E+03  5.260E+02  4.187E+01  1.557E+02  2.315E+02  2.801E+02  7.758E+02  7.167E+02  6.644E+02  3.499E+02
  5.297E+02  1.734E+03  6.864E+02  8.458E+02  7.012E+02  3.423E+02  4.080E+02  3.182E+02  8.044E+02  1.096E+03
  1.631E+03  2.893E+03  2.761E+03  5.357E+03  8.185E+03  9.239E+03  1.293E+04  1.067E+04  1.344E+04  2.105E+04
  2.749E+04  3.766E+04  4.805E+04  5.017E+04  5.847E+04  6.803E+04  7.357E+04  8.208E+04  9.185E+04  4.996E+04
  6.337E+04  1.302E+05  1.397E+05  1.422E+05  1.537E+05  1.727E+05  1.781E+05  1.768E+05  1.925E+05  2.038E+05
  2.268E+05  2.189E+05  2.368E+05  2.446E+05  2.738E+05  2.840E+05  2.992E+05  3.038E+05  3.022E+05  2.967E+05
  3.132E+05  3.204E+05  3.241E+05  3.445E+05  3.434E+05  3.303E+05  3.431E+05  3.462E+05  3.624E+05  3.752E+05
  3.651E+05  3.659E+05  1.865E+05  1.723E+05  3.300E+05  3.600E+05  3.623E+05  3.668E+05  3.672E+05  3.634E+05
  0.000E+00  0.000E+00  0.000E+00  5.085E+03  5.178E+03  2.128E+03  6.167E+02  5.694E+01  2.344E+02  0.000E+00
  1.517E+02  1.087E+02  3.294E+02  1.860E+02  4.583E+02  1.084E+03  1.266E+03  9.153E+02  1.034E+03  1.804E+03
  1.914E+03  1.001E+03  2.794E+01  2.796E+02  1.801E+02  4.264E+02  8.524E+02  5.939E+02  5.733E+02  3.006E+02
  1.080E+03  1.437E+03  7.361E+02  6.674E+02  5.294E+02  3.481E+02  5.014E+02  5.596E+02  7.651E+02  1.400E+03
  1.615E+03  2.948E+03  3.868E+03  7.012E+03  9.388E+03  1.185E+04  1.453E+04  1.318E+04  2.084E+04  2.930E+04
  3.645E+04  4.903E+04  5.344E+04  5.760E+04  7.110E+04  7.778E+04  8.358E+04  9.897E+04  1.073E+05  1.157E+05
  1.329E+05  1.418E+05  1.442E+05  1.696E+05  1.777E+05  1.859E+05  1.939E+05  2.006E+05  2.195E+05  2.357E+05
  2.365E+05  2.499E+05  2.717E+05  2.803E+05  3.007E+05  3.212E+05  3.285E+05  3.225E+05  3.146E+05  3.308E+05
  3.417E+05  3.497E+05  3.584E+05  3.476E+05  3.452E+05  3.693E+05  3.675E+05  3.863E+05  3.901E+05  3.755E+05
  3.697E+05  3.808E+05  3.839E+05  3.868E+05  3.744E+05  3.879E+05  3.811E+05  3.837E+05  3.917E+05  3.746E+05
  0.000E+00  0.000E+00  0.000E+00  4.746E+03  5.827E+03  2.265E+03  6.398E+02  6.342E+01  2.344E+02  0.000E+00
  2.226E+02  1.087E+02  3.294E+02  1.745E+02  4.266E+02  1.122E+03  1.087E+03  1.092E+03  1.414E+03  2.055E+03
  2.100E+03  1.295E+03  6.035E+01  4.176E+02  2.382E+02  4.065E+02  1.046E+03  6.896E+02  5.515E+02  3.893E+02
  9.867E+02  1.570E+03  6.999E+02  7.140E+02  5.850E+02  4.446E+02  2.603E+02  7.941E+02  9.096E+02  1.277E+03
  1.775E+03  3.567E+03  5.858E+03  8.546E+03  1.073E+04  1.380E+04  1.446E+04  2.164E+04  2.848E+04  3.726E+04
  5.235E+04  5.578E+04  5.656E+04  7.085E+04  8.276E+04  8.448E+04  1.002E+05  1.153E+05  1.249E+05  1.338E+05
  1.491E+05  1.486E+05  1.760E+05  1.815E+05  1.952E+05  2.103E+05  2.146E+05  2.311E+05  2.493E+05  2.560E+05
  2.662E+05  2.849E+05  2.955E+05  3.265E+05  3.419E+05  3.389E+05  3.325E+05  3.329E+05  3.457E+05  3.634E+05
  3.648E+05  3.683E+05  3.675E+05  3.952E+05  4.014E+05  3.915E+05  4.113E+05  4.108E+05  4.022E+05  3.982E+05
  3.974E+05  4.123E+05  3.966E+05  3.921E+05  3.987E+05  3.937E+05  4.054E+05  4.020E+05  3.835E+05  3.711E+05
  0.000E+00  0.000E+00  0.000E+00  4.337E+03  6.559E+03  2.489E+03  7.429E+02  1.131E+02  2.344E+02  0.000E+00
  2.086E+02  2.222E+02  2.240E+02  2.916E+02  6.801E+02  1.010E+03  1.091E+03  1.733E+03  1.312E+03  2.210E+03
  3.006E+03  9.314E+02  1.273E+02  6.674E+02  2.151E+02  5.806E+02  9.734E+02  1.030E+03  3.808E+02  3.550E+02
  1.259E+03  1.026E+03  7.906E+02  7.466E+02  1.005E+03  3.518E+02  2.760E+02  7.223E+02  1.223E+03  1.751E+03
  2.304E+03  4.732E+03  7.726E+03  9.204E+03  1.150E+04  1.653E+04  2.187E+04  2.814E+04  3.800E+04  5.159E+04
  5.809E+04  6.309E+04  6.791E+04  8.514E+04  8.396E+04  1.030E+05  1.240E+05  1.318E+05  1.348E+05  1.530E+05
  1.528E+05  1.827E+05  1.870E+05  2.073E+05  2.238E+05  2.353E+05  2.525E+05  2.717E+05  2.669E+05  3.032E+05
  3.099E+05  3.189E+05  3.525E+05  3.564E+05  3.664E+05  3.586E+05  3.587E+05  3.786E+05  3.786E+05  3.855E+05
  3.938E+05  4.109E+05  4.295E+05  4.321E+05  4.195E+05  4.212E+05  4.315E+05  4.242E+05  4.212E+05  4.334E+05
  4.134E+05  4.105E+05  4.219E+05  4.259E+05  4.138E+05  4.128E+05  4.062E+05  4.028E+05  3.869E+05  3.939E+05
  0.000E+00  0.000E+00  0.000E+00  3.897E+03  7.209E+03  2.554E+03  6.924E+02  1.131E+02  2.691E+02  0.000E+00
  1.937E+02  2.981E+02  1.607E+02  4.685E+02  7.105E+02  1.188E+03  1.351E+03  1.863E+03  1.580E+03  2.434E+03
  3.997E+03  1.237E+03  1.598E+02  7.205E+02  1.588E+02  7.507E+02  9.334E+02  8.098E+02  5.755E+02  5.710E+02
  1.315E+03  9.958E+02  7.498E+02  9.499E+02  1.848E+03  5.744E+02  7.058E+02  7.250E+02  1.840E+03  1.456E+03
  3.316E+03  6.634E+03  8.356E+03  1.180E+04  1.574E+04  2.115E+04  2.896E+04  3.768E+04  5.205E+04  6.067E+04
  6.688E+04  6.562E+04  8.542E+04  9.231E+04  1.031E+05  1.195E+05  1.418E+05  1.468E+05  1.620E+05  1.610E+05
  1.794E+05  1.972E+05  2.238E+05  2.422E+05  2.589E+05  2.654E+05  2.814E+05  2.816E+05  3.341E+05  3.305E+05
  3.526E+05  3.744E+05  3.846E+05  3.863E+05  3.816E+05  3.883E+05  4.040E+05  3.967E+05  3.985E+05  4.211E+05
  4.421E+05  4.450E+05  4.524E+05  4.417E+05  4.469E+05  4.495E+05  4.426E+05  4.457E+05  4.429E+05  4.163E+05
  4.424E+05  4.529E+05  4.483E+05  4.231E+05  4.123E+05  4.010E+05  4.107E+05  4.200E+05  4.109E+05  3.945E+05
  0.000E+00  0.000E+00  0.000E+00  3.486E+03  7.614E+03  2.821E+03  6.700E+02  1.131E+02  2.513E+02  8.703E+01
  1.367E+02  3.147E+02  3.175E+02  5.119E+02  8.851E+02  1.377E+03  1.520E+03  1.843E+03  1.579E+03  3.195E+03
  3.974E+03  1.435E+03  1.637E+02  5.932E+02  2.693E+02  6.932E+02  7.728E+02  7.984E+02  6.872E+02  8.156E+02
  1.216E+03  9.844E+02  7.995E+02  1.966E+03  1.347E+03  4.002E+02  7.904E+02  9.946E+02  1.679E+03  1.624E+03
  4.271E+03  7.521E+03  1.009E+04  1.543E+04  1.602E+04  3.140E+04  3.661E+04  4.954E+04  6.389E+04  6.723E+04
  6.809E+04  8.406E+04  9.880E+04  1.091E+05  1.196E+05  1.410E+05  1.561E+05  1.651E+05  1.741E+05  1.887E+05
  2.121E+05  2.420E+05  2.648E+05  2.731E+05  2.844E+05  2.854E+05  3.083E+05  3.616E+05  3.560E+05  3.829E+05
  3.866E+05  3.991E+05  3.929E+05  4.073E+05  4.255E+05  4.270E+05  4.270E+05  4.287E+05  4.540E+05  4.751E+05
  4.714E+05  4.725E+05  4.576E+05  4.786E+05  4.724E+05  4.714E+05  4.612E+05  4.570E+05  4.739E+05  4.895E+05
  4.670E+05  4.503E+05  4.380E+05  4.334E+05  4.406E+05  4.347E+05  4.374E+05  4.394E+05  4.206E+05  4.181E+05
  0.000E+00  0.000E+00  0.000E+00  3.272E+03  7.938E+03  3.053E+03  7.002E+02  1.593E+02  2.370E+02  1.138E+02
  1.367E+02  3.427E+02  4.091E+02  5.214E+02  8.225E+02  1.485E+03  1.578E+03  2.023E+03  2.006E+03  3.553E+03
  4.179E+03  1.324E+03  2.646E+02  5.331E+02  4.226E+02  7.325E+02  6.940E+02  1.074E+03  9.032E+02  7.971E+02
  1.269E+03  8.023E+02  1.363E+03  2.581E+03  5.504E+02  2.136E+02  8.101E+02  1.214E+03  2.245E+03  1.751E+03
  7.140E+03  9.800E+03  1.331E+04  1.549E+04  2.851E+04  3.718E+04  5.532E+04  6.216E+04  7.113E+04  7.430E+04
  8.319E+04  9.991E+04  1.171E+05  1.207E+05  1.475E+05  1.672E+05  1.677E+05  1.796E+05  2.057E+05  2.262E+05
  2.651E+05  2.838E+05  2.824E+05  3.025E+05  3.076E+05  3.396E+05  3.720E+05  3.923E+05  4.008E+05  3.983E+05
  4.161E+05  4.171E+05  4.480E+05  4.528E+05  4.591E+05  4.614E+05  4.579E+05  4.910E+05  5.070E+05  5.073E+05
  5.018E+05  5.006E+05  5.022E+05  4.926E+05  5.095E+05  4.850E+05  4.936E+05  5.150E+05  5.008E+05  4.757E+05
  4.645E+05  4.638E+05  4.592E+05  4.570E+05  4.616E+05  4.645E+05  4.462E+05  4.275E+05  4.435E+05  4.583E+05
  0.000E+00  0.000E+00  0.000E+00  3.088E+03  8.478E+03  3.195E+03  6.319E+02  1.892E+02  2.370E+02  1.366E+02
  1.139E+02  2.149E+02  5.359E+02  7.444E+02  7.003E+02  1.367E+03  2.245E+03  2.086E+03  2.619E+03  4.255E+03
  4.616E+03  1.763E+03  4.176E+02  4.439E+02  4.188E+02  8.594E+02  7.318E+02  1.118E+03  9.936E+02  6.603E+02
  1.046E+03  1.026E+03  2.978E+03  4.175E+03  6.712E+02  1.430E+02  7.993E+02  1.424E+03  2.156E+03  3.719E+03
  8.018E+03  1.158E+04  1.493E+04  2.474E+04  3.789E+04  5.398E+04  6.551E+04  7.313E+04  7.602E+04  8.476E+04
  1.078E+05  1.194E+05  1.288E+05  1.543E+05  1.758E+05  1.761E+05  1.984E+05  2.212E+05  2.498E+05  2.842E+05
  3.008E+05  3.042E+05  3.202E+05  3.378E+05  3.716E+05  3.916E+05  4.200E+05  4.259E+05  4.225E+05  4.484E+05
  4.532E+05  4.782E+05  4.682E+05  4.852E+05  4.855E+05  5.041E+05  5.267E+05  5.311E+05  5.305E+05  5.344E+05
  5.404E+05  5.313E+05  5.353E+05  5.172E+05  5.124E+05  5.349E+05  5.164E+05  5.055E+05  4.916E+05  4.879E+05
  4.865E+05  4.851E+05  4.859E+05  5.019E+05  4.873E+05  4.822E+05  4.925E+05  4.917E+05  4.775E+05  4.390E+05
  0.000E+00  0.000E+00  0.000E+00  2.646E+03  9.179E+03  3.637E+03  7.486E+02  1.995E+02  2.370E+02  2.335E+02
  2.285E+01  2.036E+02  5.514E+02  6.261E+02  1.011E+03  1.200E+03  2.246E+03  2.053E+03  3.032E+03  4.882E+03
  5.953E+03  2.184E+03  1.773E+02  5.909E+02  5.252E+02  1.185E+03  9.152E+02  1.104E+03  1.060E+03  1.201E+03
  8.214E+02  1.676E+03  4.321E+03  8.334E+03  9.128E+02  2.216E+02  7.692E+02  1.318E+03  2.465E+03  7.664E+03
  1.005E+04  1.473E+04  2.248E+04  3.535E+04  5.685E+04  7.014E+04  7.735E+04  8.959E+04  8.598E+04  1.036E+05
  1.218E+05  1.373E+05  1.620E+05  1.854E+05  1.897E+05  2.168E+05  2.404E+05  2.710E+05  2.980E+05  3.130E+05
  3.290E+05  3.416E+05  3.725E+05  3.941E+05  4.086E+05  4.476E+05  4.537E+05  4.572E+05  4.740E+05  4.843E+05
  5.008E+05  4.984E+05  5.209E+05  5.260E+05  5.539E+05  5.580E+05  5.511E+05  5.545E+05  5.742E+05  5.808E+05
  5.630E+05  5.569E+05  5.461E+05  5.474E+05  5.556E+05  5.537E+05  5.409E+05  5.237E+05  5.261E+05  5.205E+05
  5.222E+05  5.172E+05  5.210E+05  5.154E+05  5.061E+05  5.108E+05  4.965E+05  4.670E+05  4.347E+05  4.428E+05
  0.000E+00  0.000E+00  0.000E+00  2.132E+03  1.012E+04  3.954E+03  8.206E+02  1.833E+02  2.329E+02  2.313E+02
  1.346E+02  2.036E+02  3.337E+02  7.829E+02  1.198E+03  1.360E+03  2.139E+03  2.246E+03  3.609E+03  5.706E+03
  7.419E+03  2.327E+03  2.415E+02  5.396E+02  7.171E+02  1.351E+03  9.945E+02  1.107E+03  1.311E+03  1.151E+03
  1.061E+03  4.209E+03  7.559E+03  1.359E+04  2.137E+03  6.119E+02  1.247E+03  1.725E+03  3.176E+03  1.056E+04
  1.451E+04  2.398E+04  3.501E+04  5.423E+04  7.352E+04  8.101E+04  9.139E+04  9.467E+04  1.074E+05  1.279E+05
  1.503E+05  1.705E+05  1.885E+05  2.017E+05  2.327E+05  2.654E+05  2.941E+05  3.231E+05  3.303E+05  3.449E+05
  3.716E+05  3.999E+05  4.220E+05  4.422E+05  4.859E+05  4.874E+05  5.030E+05  5.146E+05  5.321E+05  5.349E+05
  5.388E+05  5.677E+05  5.761E+05  5.894E+05  5.928E+05  5.998E+05  5.978E+05  6.234E+05  6.133E+05  5.953E+05
  5.892E+05  5.828E+05  5.839E+05  5.945E+05  5.862E+05  5.639E+05  5.704E+05  5.655E+05  5.531E+05  5.517E+05
  5.621E+05  5.374E+05  5.200E+05  5.078E+05  5.254E+05  5.189E+05  4.956E+05  4.885E+05  4.802E+05  4.608E+05
  0.000E+00  0.000E+00  0.000E+00  1.627E+03  1.062E+04  4.327E+03  8.367E+02  2.396E+02  2.282E+02  1.841E+02
  2.106E+02  1.585E+02  2.306E+02  1.010E+03  1.450E+03  1.750E+03  2.956E+03  2.123E+03  4.617E+03  6.450E+03
  8.473E+03  2.575E+03  3.982E+02  3.980E+02  8.322E+02  1.209E+03  1.069E+03  1.093E+03  1.299E+03  1.024E+03
  2.500E+03  5.854E+03  1.235E+04  2.230E+04  2.059E+03  4.987E+02  1.537E+03  2.056E+03  5.785E+03  1.486E+04
  2.101E+04  3.599E+04  5.412E+04  6.460E+04  8.277E+04  8.944E+04  1.013E+05  1.174E+05  1.370E+05  1.572E+05
  1.751E+05  1.995E+05  2.233E+05  2.448E+05  2.824E+05  3.143E+05  3.403E+05  3.586E+05  3.687E+05  3.964E+05
  4.285E+05  4.642E+05  4.728E+05  5.164E+05  5.487E+05  5.561E+05  5.497E+05  5.718E+05  5.857E+05  5.874E+05
  6.052E+05  6.216E+05  6.446E+05  6.308E+05  6.421E+05  6.515E+05  6.667E+05  6.388E+05  6.141E+05  6.224E+05
  6.277E+05  6.277E+05  6.234E+05  6.215E+05  6.279E+05  6.199E+05  5.898E+05  5.888E+05  5.853E+05  5.708E+05
  5.523E+05  5.475E+05  5.563E+05  5.543E+05  5.413E+05  5.180E+05  5.132E+05  5.095E+05  4.934E+05  4.753E+05
  0.000E+00  0.000E+00  0.000E+00  9.025E+02  1.108E+04  4.811E+03  8.913E+02  2.523E+02  2.563E+02  1.797E+02
  2.480E+02  1.463E+02  2.913E+02  1.158E+03  1.867E+03  1.998E+03  3.224E+03  2.911E+03  5.624E+03  7.766E+03
  9.023E+03  2.336E+03  7.710E+02  2.305E+02  1.079E+03  1.301E+03  1.014E+03  1.068E+03  1.331E+03  1.200E+03
  4.708E+03  9.794E+03  2.060E+04  2.748E+04  3.457E+03  6.122E+02  2.277E+03  3.525E+03  1.066E+04  2.017E+04
  3.823E+04  5.485E+04  6.788E+04  7.862E+04  9.443E+04  1.023E+05  1.210E+05  1.492E+05  1.644E+05  1.841E+05
  2.145E+05  2.438E+05  2.564E+05  3.063E+05  3.285E+05  3.543E+05  3.913E+05  4.021E+05  4.311E+05  4.602E+05
  5.048E+05  5.370E+05  5.639E+05  5.910E+05  5.901E+05  5.887E+05  6.249E+05  6.389E+05  6.186E+05  6.509E+05
  6.683E+05  6.743E+05  6.773E+05  6.783E+05  7.039E+05  6.957E+05  6.663E+05  6.607E+05  6.776E+05  6.873E+05
  6.548E+05  6.731E+05  6.859E+05  6.607E+05  6.312E+05  6.304E+05  6.309E+05  6.092E+05  5.943E+05  5.951E+05
  5.886E+05  5.935E+05  5.722E+05  5.506E+05  5.343E+05  5.347E+05  5.197E+05  4.931E+05  4.720E+05  4.473E+05
  0.000E+00  0.000E+00  0.000E+00  4.060E+02  1.135E+04  5.385E+03  9.208E+02  2.209E+02  2.625E+02  1.797E+02
  2.482E+02  1.947E+02  3.007E+02  9.407E+02  2.262E+03  2.162E+03  3.578E+03  3.883E+03  5.956E+03  8.662E+03
  1.033E+04  3.329E+03  6.196E+02  7.295E+02  1.173E+03  1.360E+03  9.848E+02  9.947E+02  1.298E+03  2.992E+03
  7.514E+03  1.658E+04  2.711E+04  3.356E+04  2.957E+03  6.296E+02  2.401E+03  6.610E+03  1.607E+04  3.937E+04
  5.829E+04  7.183E+04  7.887E+04  9.229E+04  1.046E+05  1.298E+05  1.527E+05  1.790E+05  1.977E+05  2.249E+05
  2.527E+05  2.775E+05  3.335E+05  3.479E+05  3.655E+05  4.184E+05  4.412E+05  4.620E+05  4.978E+05  5.662E+05
  5.810E+05  5.918E+05  6.234E+05  6.322E+05  6.499E+05  6.883E+05  6.689E+05  6.763E+05  7.187E+05  7.277E+05
  7.172E+05  7.042E+05  7.159E+05  7.390E+05  7.270E+05  6.958E+05  7.201E+05  7.442E+05  7.159E+05  7.182E+05
  7.461E+05  7.287E+05  6.827E+05  6.797E+05  6.765E+05  6.508E+05  6.349E+05  6.407E+05  6.440E+05  6.306E+05
  6.140E+05  5.944E+05  5.825E+05  5.665E+05  5.521E+05  5.421E+05  5.055E+05  4.825E+05  4.603E+05  4.480E+05
  0.000E+00  0.000E+00  0.000E+00  4.093E+01  1.231E+04  5.996E+03  9.533E+02  1.833E+02  2.975E+02  2.122E+02
  3.201E+02  2.134E+02  3.582E+02  9.217E+02  2.288E+03  2.723E+03  3.496E+03  4.092E+03  7.116E+03  1.039E+04
  1.354E+04  4.944E+03  4.830E+02  4.766E+02  1.333E+03  1.767E+03  8.112E+02  1.139E+03  1.845E+03  5.195E+03
  1.268E+04  2.530E+04  3.460E+04  3.796E+04  3.829E+03  1.162E+03  3.200E+03  1.438E+04  3.434E+04  6.591E+04
  7.139E+04  8.582E+04  9.776E+04  1.096E+05  1.268E+05  1.565E+05  1.970E+05  2.052E+05  2.354E+05  2.551E+05
  2.988E+05  3.492E+05  3.894E+05  3.929E+05  4.502E+05  4.816E+05  5.054E+05  5.621E+05  6.152E+05  6.160E+05
  6.432E+05  6.712E+05  6.911E+05  7.155E+05  7.263E+05  7.179E+05  7.534E+05  7.799E+05  7.761E+05  7.560E+05
  7.678E+05  7.923E+05  8.009E+05  7.657E+05  7.659E+05  7.758E+05  7.929E+05  7.700E+05  7.877E+05  7.665E+05
  7.424E+05  7.237E+05  7.199E+05  6.994E+05  6.810E+05  6.826E+05  6.810E+05  6.670E+05  6.570E+05  6.379E+05
  6.158E+05  5.969E+05  5.720E+05  5.584E+05  5.487E+05  5.117E+05  4.753E+05  4.478E+05  4.449E+05  4.260E+05
  0.000E+00  0.000E+00  0.000E+00  0.000E+00  1.291E+04  6.320E+03  9.248E+02  2.091E+02  2.155E+02  2.463E+02
  5.814E+02  1.731E+02  4.023E+02  1.106E+03  2.022E+03  3.488E+03  3.522E+03  4.855E+03  9.343E+03  1.120E+04
  1.884E+04  6.489E+03  3.867E+02  3.587E+02  9.262E+02  1.940E+03  8.600E+02  1.527E+03  3.266E+03  9.364E+03
  2.456E+04  3.327E+04  3.882E+04  4.341E+04  3.025E+03  1.327E+03  8.907E+03  3.148E+04  6.800E+04  7.734E+04
  9.038E+04  1.047E+05  1.181E+05  1.366E+05  1.614E+05  2.070E+05  2.196E+05  2.478E+05  2.689E+05  3.277E+05
  3.864E+05  4.251E+05  4.251E+05  4.888E+05  5.246E+05  5.502E+05  6.148E+05  6.681E+05  6.798E+05  7.059E+05
  7.322E+05  7.489E+05  7.791E+05  7.815E+05  7.822E+05  8.264E+05  8.311E+05  8.155E+05  8.219E+05  8.399E+05
  8.742E+05  8.603E+05  8.367E+05  8.266E+05  8.385E+05  8.461E+05  8.401E+05  8.332E+05  8.141E+05  7.771E+05
  7.526E+05  7.376E+05  7.272E+05  7.393E+05  7.479E+05  7.207E+05  7.177E+05  6.926E+05  6.452E+05  6.324E+05
  6.066E+05  5.691E+05  5.578E+05  5.363E+05  5.087E+05  4.686E+05  4.624E+05  4.440E+05  4.260E+05  3.992E+05
  0.000E+00  0.000E+00  0.000E+00  0.000E+00  1.286E+04  6.913E+03  7.973E+02  1.897E+02  2.661E+02  2.741E+02
  7.150E+02  4.258E+01  4.688E+02  1.302E+03  2.102E+03  4.072E+03  4.396E+03  6.100E+03  1.043E+04  1.562E+04
  2.228E+04  4.237E+03  4.392E+02  4.450E+02  1.276E+03  2.159E+03  1.281E+03  2.875E+03  7.255E+03  2.028E+04
  3.518E+04  4.149E+04  4.735E+04  4.622E+04  3.085E+03  3.928E+03  2.889E+04  6.757E+04  8.417E+04  9.247E+04
  1.151E+05  1.240E+05  1.419E+05  1.775E+05  2.076E+05  2.342E+05  2.725E+05  3.012E+05  3.537E+05  4.107E+05
  4.625E+05  4.649E+05  5.407E+05  5.647E+05  6.211E+05  6.880E+05  7.214E+05  7.392E+05  7.669E+05  7.984E+05
  8.099E+05  8.275E+05  8.404E+05  8.813E+05  8.861E+05  8.932E+05  8.816E+05  8.878E+05  9.097E+05  9.328E+05
  9.308E+05  9.135E+05  9.031E+05  9.233E+05  9.181E+05  8.824E+05  8.668E+05  8.457E+05  8.104E+05  7.917E+05
  7.924E+05  7.987E+05  7.929E+05  7.626E+05  7.444E+05  7.377E+05  7.054E+05  6.792E+05  6.467E+05  6.190E+05
  5.801E+05  5.629E+05  5.373E+05  5.115E+05  4.936E+05  4.848E+05  4.506E+05  4.318E+05  4.326E+05  4.149E+05
  0.000E+00  0.000E+00  0.000E+00  0.000E+00  1.249E+04  7.921E+03  5.971E+02  2.797E+02  2.995E+02  3.365E+02
  6.337E+02  8.687E+01  4.920E+02  1.341E+03  2.476E+03  4.201E+03  5.013E+03  8.228E+03  1.274E+04  2.081E+04
  2.198E+04  1.664E+02  4.623E+02  6.818E+02  1.592E+03  1.632E+03  1.602E+03  5.661E+03  1.656E+04  3.439E+04
  4.360E+04  5.333E+04  5.031E+04  5.489E+04  6.880E+03  2.218E+04  7.051E+04  9.123E+04  9.762E+04  1.212E+05
  1.322E+05  1.501E+05  1.904E+05  2.158E+05  2.525E+05  2.981E+05  3.246E+05  3.921E+05  4.561E+05  5.023E+05
  5.410E+05  5.892E+05  6.191E+05  7.060E+05  7.418E+05  7.875E+05  8.259E+05  8.421E+05  8.661E+05  8.832E+05
  9.012E+05  9.250E+05  9.473E+05  9.569E+05  9.725E+05  9.781E+05  9.766E+05  9.943E+05  9.990E+05  9.933E+05
  9.916E+05  9.812E+05  9.877E+05  9.547E+05  9.382E+05  9.211E+05  8.868E+05  8.602E+05  8.659E+05  8.689E+05
  8.387E+05  8.025E+05  7.916E+05  7.875E+05  7.655E+05  7.310E+05  6.997E+05  6.704E+05  6.312E+05  5.987E+05
  5.800E+05  5.610E+05  5.551E+05  5.265E+05  4.901E+05  4.641E+05  4.317E+05  4.035E+05  3.745E+05  3.528E+05
  0.000E+00  0.000E+00  0.000E+00  0.000E+00  1.242E+04  9.430E+03  3.936E+02  2.962E+02  3.646E+02  4.427E+02
  4.614E+02  5.797E+01  7.368E+02  1.609E+03  2.801E+03  3.884E+03  5.969E+03  1.059E+04  1.684E+04  2.500E+04
  2.618E+04  5.645E+01  4.908E+02  8.295E+02  2.342E+03  1.922E+03  2.752E+03  1.184E+04  3.161E+04  4.665E+04
  5.579E+04  5.419E+04  5.991E+04  8.006E+04  3.097E+04  7.811E+04  9.464E+04  1.039E+05  1.287E+05  1.500E+05
  1.643E+05  2.040E+05  2.379E+05  2.764E+05  3.232E+05  3.496E+05  4.337E+05  5.046E+05  5.532E+05  6.144E+05
  6.481E+05  7.183E+05  7.824E+05  8.297E+05  8.808E+05  9.130E+05  9.373E+05  9.636E+05  9.807E+05  1.001E+06
  1.018E+06  1.030E+06  1.061E+06  1.043E+06  1.077E+06  1.081E+06  1.090E+06  1.062E+06  1.070E+06  1.064E+06
  1.047E+06  1.011E+06  9.917E+05  9.833E+05  9.678E+05  9.524E+05  9.471E+05  9.332E+05  8.976E+05  8.551E+05
  8.504E+05  8.534E+05  8.288E+05  7.906E+05  7.563E+05  7.168E+05  6.868E+05  6.591E+05  6.318E+05  6.088E+05
  5.755E+05  5.471E+05  5.122E+05  4.736E+05  4.443E+05  4.117E+05  3.694E+05  3.429E+05  3.147E+05  2.896E+05
  0.000E+00  0.000E+00  0.000E+00  0.000E+00  1.297E+04  1.032E+04  2.083E+02  3.855E+02  3.773E+02  5.518E+02
  6.126E+02  1.316E+02  7.329E+02  1.665E+03  3.116E+03  4.321E+03  7.663E+03  1.406E+04  2.139E+04  2.791E+04
  3.203E+04  1.358E+02  5.668E+02  1.067E+03  2.428E+03  3.050E+03  7.359E+03  2.719E+04  4.878E+04  5.962E+04
  6.158E+04  6.336E+04  8.406E+04  9.450E+04  9.919E+04  1.108E+05  1.178E+05  1.313E+05  1.686E+05  1.778E+05
  2.276E+05  2.542E+05  2.865E+05  3.378E+05  3.885E+05  4.761E+05  5.623E+05  6.192E+05  6.843E+05  7.248E+05
  8.229E+05  8.673E+05  9.384E+05  9.891E+05  1.018E+06  1.045E+06  1.079E+06  1.089E+06  1.096E+06  1.122E+06
  1.145E+06  1.166E+06  1.167E+06  1.187E+06  1.188E+06  1.170E+06  1.145E+06  1.138E+06  1.135E+06  1.084E+06
  1.060E+06  1.072E+06  1.056E+06  1.044E+06  1.033E+06  1.017E+06  9.964E+05  9.437E+05  9.141E+05  9.171E+05
  8.880E+05  8.468E+05  8.130E+05  7.774E+05  7.258E+05  6.892E+05  6.590E+05  6.560E+05  6.195E+05  5.700E+05
  5.385E+05  4.996E+05  4.540E+05  4.199E+05  3.948E+05  3.587E+05  3.338E+05  3.106E+05  2.891E+05  2.732E+05
  0.000E+00  0.000E+00  0.000E+00  0.000E+00  1.470E+04  1.197E+04  5.229E+02  2.964E+02  4.481E+02  5.046E+02
  5.212E+02  1.691E+02  7.021E+02  1.839E+03  3.984E+03  6.537E+03  1.046E+04  1.964E+04  2.759E+04  3.589E+04
  3.691E+04  1.424E+02  7.344E+02  1.418E+03  2.229E+03  4.606E+03  2.214E+04  4.903E+04  6.380E+04  6.748E+04
  7.228E+04  8.688E+04  1.034E+05  1.139E+05  1.204E+05  1.289E+05  1.474E+05  1.749E+05  1.971E+05  2.391E+05
  2.624E+05  3.047E+05  3.653E+05  4.436E+05  5.380E+05  6.199E+05  6.992E+05  7.621E+05  8.224E+05  9.024E+05
  9.696E+05  1.052E+06  1.106E+06  1.141E+06  1.144E+06  1.171E+06  1.185E+06  1.215E+06  1.249E+06  1.259E+06
  1.274E+06  1.277E+06  1.293E+06  1.314E+06  1.242E+06  1.251E+06  1.230E+06  1.215E+06  1.186E+06  1.178E+06
  1.170E+06  1.145E+06  1.121E+06  1.109E+06  1.080E+06  1.047E+06  1.003E+06  9.706E+05  9.484E+05  9.121E+05
  8.798E+05  8.394E+05  7.870E+05  7.446E+05  7.082E+05  6.807E+05  6.443E+05  5.861E+05  5.375E+05  4.982E+05
  4.727E+05  4.325E+05  4.053E+05  3.813E+05  3.509E+05  3.190E+05  2.934E+05  2.702E+05  2.513E+05  2.273E+05
  0.000E+00  0.000E+00  0.000E+00  0.000E+00  1.665E+04  1.409E+04  3.346E+02  3.857E+02  5.401E+02  5.483E+02
  4.780E+02  4.674E+02  7.129E+02  2.814E+03  5.615E+03  8.867E+03  1.466E+04  2.555E+04  3.475E+04  4.458E+04
  4.021E+04  1.952E+02  6.330E+02  1.669E+03  3.389E+03  1.270E+04  4.790E+04  7.087E+04  7.021E+04  7.880E+04
  9.052E+04  1.131E+05  1.263E+05  1.350E+05  1.551E+05  1.691E+05  1.885E+05  2.201E+05  2.524E+05  2.715E+05
  3.272E+05  4.077E+05  5.133E+05  6.164E+05  6.974E+05  7.875E+05  8.604E+05  9.551E+05  1.022E+06  1.092E+06
  1.161E+06  1.203E+06  1.259E+06  1.256E+06  1.295E+06  1.355E+06  1.357E+06  1.357E+06  1.366E+06  1.375E+06
  1.388E+06  1.405E+06  1.383E+06  1.356E+06  1.374E+06  1.355E+06  1.330E+06  1.293E+06  1.264E+06  1.235E+06
  1.206E+06  1.194E+06  1.164E+06  1.139E+06  1.116E+06  1.074E+06  1.041E+06  9.946E+05  9.451E+05  8.892E+05
  8.543E+05  8.010E+05  7.599E+05  7.185E+05  6.731E+05  6.108E+05  5.501E+05  5.024E+05  4.790E+05  4.467E+05
  4.006E+05  3.722E+05  3.326E+05  3.029E+05  2.665E+05  2.453E+05  2.356E+05  2.346E+05  2.235E+05  2.016E+05
  0.000E+00  0.000E+00  0.000E+00  0.000E+00  1.920E+04  1.572E+04  5.887E+01  5.037E+02  4.425E+02  7.951E+02
  5.353E+02  4.117E+02  1.147E+03  3.337E+03  7.593E+03  1.079E+04  2.017E+04  3.158E+04  4.365E+04  5.283E+04
  4.475E+04  3.205E+02  1.014E+03  2.200E+03  7.848E+03  4.082E+04  7.700E+04  7.703E+04  8.573E+04  9.790E+04
  1.284E+05  1.354E+05  1.494E+05  1.711E+05  1.812E+05  2.082E+05  2.464E+05  2.664E+05  2.855E+05  3.560E+05
  4.540E+05  5.727E+05  6.792E+05  8.009E+05  9.014E+05  1.000E+06  1.081E+06  1.153E+06  1.235E+06  1.304E+06
  1.342E+06  1.408E+06  1.415E+06  1.436E+06  1.482E+06  1.530E+06  1.549E+06  1.574E+06  1.559E+06  1.522E+06
  1.501E+06  1.493E+06  1.511E+06  1.487E+06  1.439E+06  1.413E+06  1.402E+06  1.373E+06  1.358E+06  1.290E+06
  1.260E+06  1.226E+06  1.205E+06  1.161E+06  1.130E+06  1.086E+06  1.018E+06  9.636E+05  9.400E+05  8.849E+05
  8.314E+05  7.686E+05  6.789E+05  6.078E+05  5.556E+05  5.192E+05  4.853E+05  4.395E+05  3.932E+05  3.515E+05
  3.239E+05  2.863E+05  2.574E+05  2.360E+05  2.286E+05  2.169E+05  2.055E+05  1.900E+05  1.714E+05  1.650E+05
  0.000E+00  0.000E+00  0.000E+00  0.000E+00  2.277E+04  1.735E+04  4.905E+02  4.674E+02  4.991E+02  1.160E+03
  5.163E+02  4.279E+02  1.729E+03  4.050E+03  8.646E+03  1.455E+04  2.971E+04  3.994E+04  5.456E+04  5.857E+04
  5.763E+04  2.973E+02  1.302E+03  4.100E+03  3.292E+04  8.302E+04  8.616E+04  8.851E+04  1.081E+05  1.331E+05
  1.466E+05  1.672E+05  1.862E+05  2.093E+05  2.476E+05  2.731E+05  2.772E+05  3.226E+05  4.102E+05  5.183E+05
  6.350E+05  7.632E+05  9.274E+05  1.028E+06  1.136E+06  1.227E+06  1.293E+06  1.394E+06  1.463E+06  1.524E+06
  1.588E+06  1.597E+06  1.614E+06  1.685E+06  1.714E+06  1.700E+06  1.732E+06  1.715E+06  1.671E+06  1.659E+06
  1.652E+06  1.654E+06  1.633E+06  1.581E+06  1.555E+06  1.537E+06  1.493E+06  1.437E+06  1.378E+06  1.366E+06
  1.324E+06  1.279E+06  1.206E+06  1.153E+06  1.102E+06  1.060E+06  9.900E+05  9.207E+05  8.460E+05  7.893E+05
  7.200E+05  6.461E+05  6.007E+05  5.341E+05  4.837E+05  4.286E+05  3.726E+05  3.378E+05  3.059E+05  2.708E+05
  2.529E+05  2.322E+05  2.100E+05  2.052E+05  1.948E+05  1.914E+05  1.752E+05  1.642E+05  1.445E+05  1.332E+05
  0.000E+00  0.000E+00  0.000E+00  0.000E+00  2.493E+04  1.995E+04  5.950E+02  4.105E+02  8.315E+02  1.264E+03
  7.157E+02  5.372E+02  1.733E+03  6.133E+03  1.026E+04  2.170E+04  4.135E+04  5.435E+04  6.419E+04  6.648E+04
  6.885E+04  3.101E+02  1.337E+03  1.807E+04  8.650E+04  9.943E+04  9.184E+04  1.159E+05  1.434E+05  1.620E+05
  1.897E+05  2.173E+05  2.489E+05  2.746E+05  2.840E+05  3.185E+05  3.823E+05  4.704E+05  5.921E+05  7.308E+05
  8.937E+05  1.056E+06  1.168E+06  1.312E+06  1.390E+06  1.489E+06  1.580E+06  1.652E+06  1.709E+06  1.748E+06
  1.788E+06  1.865E+06  1.905E+06  1.880E+06  1.877E+06  1.864E+06  1.861E+06  1.849E+06  1.822E+06  1.834E+06
  1.827E+06  1.783E+06  1.699E+06  1.675E+06  1.631E+06  1.560E+06  1.522E+06  1.495E+06  1.446E+06  1.372E+06
  1.319E+06  1.266E+06  1.211E+06  1.153E+06  1.077E+06  9.651E+05  8.802E+05  8.245E+05  7.470E+05  6.662E+05
  5.919E+05  5.217E+05  4.504E+05  4.057E+05  3.616E+05  3.181E+05  2.912E+05  2.547E+05  2.339E+05  2.263E+05
  2.220E+05  1.999E+05  1.903E+05  1.719E+05  1.591E+05  1.449E+05  1.446E+05  1.287E+05  1.220E+05  1.190E+05
  0.000E+00  0.000E+00  0.000E+00  0.000E+00  2.739E+04  2.316E+04  3.432E+02  4.326E+02  1.071E+03  1.116E+03
  7.846E+02  9.656E+02  2.562E+03  7.902E+03  1.369E+04  3.593E+04  5.467E+04  6.394E+04  7.740E+04  8.041E+04
  8.524E+04  5.627E+02  4.305E+03  8.409E+04  1.153E+05  9.946E+04  1.181E+05  1.615E+05  1.864E+05  2.116E+05
  2.531E+05  2.838E+05  2.931E+05  3.239E+05  3.535E+05  4.165E+05  5.337E+05  6.912E+05  8.546E+05  1.032E+06
  1.221E+06  1.368E+06  1.526E+06  1.621E+06  1.738E+06  1.817E+06  1.877E+06  1.947E+06  2.007E+06  2.023E+06
  2.099E+06  2.087E+06  2.096E+06  2.082E+06  2.057E+06  2.075E+06  2.053E+06  2.014E+06  1.992E+06  1.988E+06
  1.917E+06  1.860E+06  1.818E+06  1.738E+06  1.712E+06  1.656E+06  1.599E+06  1.532E+06  1.487E+06  1.416E+06
  1.331E+06  1.223E+06  1.137E+06  1.048E+06  9.454E+05  8.236E+05  7.369E+05  6.446E+05  5.719E+05  4.957E+05
  4.490E+05  3.847E+05  3.393E+05  3.115E+05  2.758E+05  2.511E+05  2.319E+05  2.147E+05  2.022E+05  1.839E+05
  1.589E+05  1.494E+05  1.440E+05  1.380E+05  1.333E+05  1.276E+05  1.156E+05  9.842E+04  9.061E+04  8.575E+04
  0.000E+00  0.000E+00  0.000E+00  0.000E+00  3.029E+04  2.782E+04  4.053E+02  4.956E+02  1.282E+03  1.380E+03
  6.395E+02  1.393E+03  3.506E+03  9.584E+03  2.288E+04  5.063E+04  6.834E+04  7.999E+04  8.484E+04  1.017E+05
  1.022E+05  8.435E+02  6.547E+04  1.372E+05  1.099E+05  1.226E+05  1.753E+05  2.189E+05  2.530E+05  2.931E+05
  3.169E+05  3.399E+05  3.755E+05  4.005E+05  4.947E+05  6.268E+05  8.199E+05  1.024E+06  1.238E+06  1.448E+06
  1.611E+06  1.793E+06  1.923E+06  1.989E+06  2.066E+06  2.139E+06  2.233E+06  2.286E+06  2.319E+06  2.363E+06
  2.349E+06  2.393E+06  2.372E+06  2.367E+06  2.347E+06  2.290E+06  2.249E+06  2.230E+06  2.146E+06  2.096E+06
  2.034E+06  1.986E+06  1.920E+06  1.821E+06  1.726E+06  1.722E+06  1.670E+06  1.577E+06  1.451E+06  1.345E+06
  1.224E+06  1.094E+06  9.532E+05  8.032E+05  6.934E+05  5.936E+05  5.018E+05  4.454E+05  3.967E+05  3.476E+05
  3.109E+05  2.832E+05  2.513E+05  2.283E+05  2.207E+05  2.141E+05  1.910E+05  1.760E+05  1.613E+05  1.485E+05
  1.314E+05  1.242E+05  1.162E+05  1.043E+05  9.486E+04  8.804E+04  8.796E+04  8.550E+04  8.270E+04  7.747E+04
  0.000E+00  0.000E+00  0.000E+00  0.000E+00  3.404E+04  3.344E+04  5.985E+02  5.671E+02  1.709E+03  1.280E+03
  9.894E+02  1.148E+03  4.957E+03  1.362E+04  4.028E+04  7.057E+04  8.013E+04  1.006E+05  1.017E+05  1.268E+05
  1.289E+05  5.919E+04  1.609E+05  1.218E+05  1.385E+05  1.943E+05  2.560E+05  2.917E+05  3.432E+05  3.645E+05
  3.942E+05  4.215E+05  4.823E+05  6.093E+05  7.585E+05  9.956E+05  1.246E+06  1.516E+06  1.746E+06  1.958E+06
  2.139E+06  2.258E+06  2.330E+06  2.410E+06  2.520E+06  2.596E+06  2.637E+06  2.645E+06  2.662E+06  2.659E+06
  2.682E+06  2.653E+06  2.677E+06  2.609E+06  2.562E+06  2.541E+06  2.446E+06  2.359E+06  2.300E+06  2.253E+06
  2.147E+06  2.053E+06  1.976E+06  1.901E+06  1.821E+06  1.738E+06  1.615E+06  1.422E+06  1.242E+06  1.060E+06
  8.759E+05  7.417E+05  6.238E+05  5.324E+05  4.419E+05  3.745E+05  3.243E+05  2.762E+05  2.441E+05  2.183E+05
  1.927E+05  1.884E+05  1.696E+05  1.607E+05  1.531E+05  1.408E+05  1.252E+05  1.150E+05  1.096E+05  1.063E+05
  1.029E+05  8.546E+04  7.754E+04  7.732E+04  7.196E+04  7.054E+04  7.266E+04  7.232E+04  6.845E+04  5.832E+04
  0.000E+00  0.000E+00  0.000E+00  0.000E+00  3.864E+04  3.935E+04  6.046E+02  7.040E+02  1.873E+03  1.724E+03
  1.607E+03  1.558E+03  7.525E+03  2.441E+04  6.655E+04  8.709E+04  1.012E+05  1.095E+05  1.373E+05  1.570E+05
  1.917E+05  2.006E+05  1.417E+05  1.552E+05  2.316E+05  3.022E+05  3.413E+05  4.057E+05  4.408E+05  4.612E+05
  4.866E+05  5.822E+05  7.369E+05  9.555E+05  1.266E+06  1.574E+06  1.854E+06  2.125E+06  2.368E+06  2.537E+06
  2.678E+06  2.750E+06  2.864E+06  2.946E+06  2.981E+06  2.980E+06  3.028E+06  3.062E+06  3.044E+06  3.039E+06
  3.034E+06  2.994E+06  2.929E+06  2.874E+06  2.785E+06  2.672E+06  2.614E+06  2.521E+06  2.439E+06  2.343E+06
  2.249E+06  2.156E+06  2.068E+06  1.983E+06  1.795E+06  1.522E+06  1.217E+06  9.960E+05  7.940E+05  6.425E+05
  5.266E+05  4.305E+05  3.571E+05  3.073E+05  2.771E+05  2.450E+05  2.195E+05  1.974E+05  1.792E+05  1.604E+05
  1.431E+05  1.264E+05  1.219E+05  1.108E+05  1.008E+05  9.398E+04  8.879E+04  8.559E+04  7.427E+04  6.828E+04
  6.395E+04  5.785E+04  5.852E+04  5.376E+04  5.276E+04  5.269E+04  5.217E+04  5.202E+04  5.146E+04  5.137E+04
  0.000E+00  0.000E+00  0.000E+00  0.000E+00  4.309E+04  4.718E+04  5.837E+02  1.393E+03  2.271E+03  2.713E+03
  3.737E+03  1.507E+03  1.147E+04  5.191E+04  9.116E+04  1.002E+05  1.221E+05  1.439E+05  1.723E+05  2.043E+05
  2.490E+05  1.735E+05  1.676E+05  2.769E+05  3.694E+05  4.092E+05  4.739E+05  5.225E+05  5.268E+05  5.904E+05
  7.182E+05  9.429E+05  1.282E+06  1.674E+06  2.051E+06  2.369E+06  2.640E+06  2.894E+06  3.050E+06  3.189E+06
  3.272E+06  3.377E+06  3.431E+06  3.444E+06  3.469E+06  3.538E+06  3.537E+06  3.572E+06  3.515E+06  3.464E+06
  3.362E+06  3.288E+06  3.156E+06  3.028E+06  2.926E+06  2.865E+06  2.738E+06  2.614E+06  2.494E+06  2.404E+06
  2.286E+06  2.137E+06  1.849E+06  1.470E+06  1.106E+06  8.199E+05  6.192E+05  4.841E+05  3.954E+05  3.088E+05
  2.656E+05  2.251E+05  1.913E+05  1.625E+05  1.391E+05  1.208E+05  1.187E+05  1.135E+05  1.029E+05  9.222E+04
  8.542E+04  7.854E+04  7.126E+04  6.913E+04  6.447E+04  5.723E+04  5.222E+04  4.936E+04  4.836E+04  4.752E+04
  4.755E+04  4.674E+04  4.562E+04  4.171E+04  4.091E+04  3.893E+04  3.881E+04  3.644E+04  3.399E+04  3.335E+04
  0.000E+00  0.000E+00  0.000E+00  0.000E+00  4.857E+04  5.768E+04  9.003E+02  1.413E+03  2.735E+03  5.154E+03
  6.881E+03  2.157E+03  2.775E+04  8.604E+04  1.066E+05  1.229E+05  1.515E+05  1.803E+05  2.225E+05  2.755E+05
  3.143E+05  2.275E+05  3.352E+05  4.403E+05  4.904E+05  5.512E+05  6.098E+05  6.217E+05  7.297E+05  9.448E+05
  1.279E+06  1.719E+06  2.218E+06  2.661E+06  3.052E+06  3.373E+06  3.627E+06  3.773E+06  3.828E+06  3.838E+06
  3.925E+06  3.966E+06  3.960E+06  3.977E+06  4.110E+06  4.117E+06  4.079E+06  3.993E+06  3.890E+06  3.768E+06
  3.637E+06  3.512E+06  3.416E+06  3.262E+06  3.132E+06  2.964E+06  2.851E+06  2.731E+06  2.596E+06  2.300E+06
  1.744E+06  1.154E+06  7.303E+05  4.827E+05  3.344E+05  2.586E+05  2.151E+05  1.825E+05  1.522E+05  1.345E+05
  1.148E+05  1.013E+05  9.656E+04  8.772E+04  8.031E+04  7.260E+04  6.763E+04  6.621E+04  6.157E+04  5.727E+04
  5.433E+04  5.197E+04  5.304E+04  4.873E+04  4.558E+04  4.243E+04  4.230E+04  4.087E+04  3.869E+04  3.775E+04
  3.452E+04  2.935E+04  2.913E+04  2.957E+04  2.892E+04  3.073E+04  3.000E+04  2.710E+04  2.422E+04  2.326E+04
  0.000E+00  0.000E+00  0.000E+00  0.000E+00  5.404E+04  6.989E+04  1.021E+03  2.241E+03  2.979E+03  1.176E+04
  1.576E+04  5.019E+03  6.842E+04  1.092E+05  1.246E+05  1.611E+05  1.939E+05  2.354E+05  3.185E+05  3.577E+05
  4.352E+05  4.476E+05  5.415E+05  5.971E+05  6.527E+05  7.045E+05  7.890E+05  9.742E+05  1.301E+06  1.779E+06
  2.381E+06  3.052E+06  3.568E+06  3.960E+06  4.280E+06  4.489E+06  4.529E+06  4.517E+06  4.550E+06  4.570E+06
  4.587E+06  4.604E+06  4.669E+06  4.763E+06  4.716E+06  4.640E+06  4.518E+06  4.413E+06  4.284E+06  4.099E+06
  3.932E+06  3.754E+06  3.566E+06  3.387E+06  3.232E+06  3.101E+06  2.926E+06  2.073E+06  1.007E+06  4.188E+05
  2.077E+05  1.444E+05  1.119E+05  9.673E+04  8.540E+04  7.012E+04  6.253E+04  5.287E+04  5.101E+04  5.049E+04
  4.794E+04  4.560E+04  4.308E+04  3.735E+04  3.558E+04  3.428E+04  3.225E+04  3.314E+04  3.085E+04  2.789E+04
  2.505E+04  2.444E+04  2.481E+04  2.425E+04  2.592E+04  2.322E+04  2.197E+04  2.169E+04  1.959E+04  2.019E+04
  2.092E+04  2.052E+04  2.048E+04  2.011E+04  1.881E+04  1.883E+04  1.730E+04  1.611E+04  1.516E+04  1.610E+04
  0.000E+00  0.000E+00  0.000E+00  0.000E+00  5.943E+04  8.739E+04  1.869E+03  2.521E+03  4.029E+03  2.822E+04
  3.242E+04  3.020E+04  1.074E+05  1.316E+05  1.625E+05  2.195E+05  2.650E+05  3.615E+05  4.313E+05  5.150E+05
  5.862E+05  6.606E+05  7.351E+05  8.061E+05  8.763E+05  1.057E+06  1.399E+06  1.905E+06  2.568E+06  3.416E+06
  4.202E+06  4.738E+06  5.145E+06  5.382E+06  5.513E+06  5.444E+06  5.379E+06  5.355E+06  5.335E+06  5.386E+06
  5.477E+06  5.536E+06  5.584E+06  5.541E+06  5.393E+06  5.232E+06  5.006E+06  4.776E+06  4.588E+06  4.400E+06
  4.159E+06  3.939E+06  3.742E+06  3.542E+06  3.340E+06  3.136E+06  2.961E+06  7.671E+05  4.019E+02  1.867E+03
  2.960E+03  4.310E+03  7.731E+03  9.141E+03  7.772E+03  6.565E+03  5.340E+03  7.305E+03  1.045E+04  1.314E+04
  1.331E+04  1.413E+04  1.505E+04  1.864E+04  1.706E+04  1.641E+04  1.550E+04  1.551E+04  1.420E+04  1.232E+04
  1.053E+04  1.180E+04  1.352E+04  1.371E+04  1.625E+04  1.674E+04  1.429E+04  1.481E+04  1.570E+04  1.738E+04
  1.861E+04  1.894E+04  1.741E+04  1.665E+04  1.916E+04  1.786E+04  1.537E+04  1.282E+04  1.258E+04  1.016E+04
  0.000E+00  0.000E+00  0.000E+00  0.000E+00  6.707E+04  1.132E+05  2.379E+03  2.482E+03  1.016E+04  5.991E+04
  1.074E+05  1.034E+05  1.323E+05  1.647E+05  2.380E+05  3.204E+05  4.069E+05  5.084E+05  6.165E+05  6.946E+05
  8.464E+05  9.351E+05  1.011E+06  1.201E+06  1.582E+06  2.156E+06  2.877E+06  3.808E+06  4.862E+06  5.780E+06
  6.339E+06  6.612E+06  6.673E+06  6.616E+06  6.500E+06  6.348E+06  6.353E+06  6.334E+06  6.468E+06  6.541E+06
  6.593E+06  6.560E+06  6.428E+06  6.241E+06  6.085E+06  5.770E+06  5.453E+06  5.175E+06  4.921E+06  4.603E+06
  4.279E+06  4.018E+06  3.763E+06  3.512E+06  3.277E+06  3.105E+06  2.935E+06  5.237E+05  2.835E+02  3.831E+02
  1.101E+03  6.806E+02  5.412E+02  1.338E+03  1.464E+03  2.197E+03  2.330E+03  1.608E+03  1.908E+03  3.803E+03
  3.494E+03  2.621E+03  3.042E+03  6.250E+03  7.192E+03  7.945E+03  9.417E+03  1.035E+04  8.996E+03  8.553E+03
  9.944E+03  1.091E+04  1.091E+04  1.048E+04  8.681E+03  7.970E+03  8.782E+03  8.972E+03  8.377E+03  8.883E+03
  8.767E+03  1.032E+04  1.180E+04  1.024E+04  1.119E+04  1.284E+04  1.356E+04  1.220E+04  1.151E+04  1.185E+04
  0.000E+00  0.000E+00  0.000E+00  0.000E+00  7.346E+04  1.419E+05  3.291E+03  2.604E+03  2.962E+04  1.140E+05
  1.837E+05  1.447E+05  1.781E+05  2.448E+05  3.773E+05  4.848E+05  6.230E+05  7.555E+05  8.888E+05  1.109E+06
  1.394E+06  1.462E+06  1.870E+06  2.564E+06  3.444E+06  4.448E+06  5.710E+06  7.022E+06  7.864E+06  8.181E+06
  8.207E+06  8.053E+06  7.912E+06  7.698E+06  7.558E+06  7.632E+06  7.728E+06  7.828E+06  7.989E+06  8.047E+06
  7.884E+06  7.635E+06  7.368E+06  7.027E+06  6.612E+06  6.216E+06  5.775E+06  5.361E+06  5.018E+06  4.656E+06
  4.301E+06  4.001E+06  3.742E+06  3.486E+06  3.218E+06  3.024E+06  2.862E+06  5.128E+05  0.000E+00  4.211E+02
  8.231E+02  8.726E+02  2.935E+02  3.735E+02  4.325E+02  5.571E+02  5.017E+02  3.664E+02  1.270E+03  8.189E+02
  1.418E+03  2.022E+03  2.232E+03  2.199E+03  3.936E+03  3.685E+03  3.823E+03  2.438E+03  2.691E+03  4.383E+03
  5.053E+03  5.134E+03  6.083E+03  5.525E+03  5.451E+03  7.714E+03  7.674E+03  5.308E+03  5.095E+03  5.561E+03
  6.223E+03  7.221E+03  1.006E+04  1.005E+04  8.965E+03  7.945E+03  1.073E+04  1.025E+04  7.288E+03  7.485E+03
  0.000E+00  0.000E+00  0.000E+00  0.000E+00  8.410E+04  1.810E+05  5.635E+03  6.643E+03  8.355E+04  1.935E+05
  2.338E+05  1.930E+05  2.792E+05  4.206E+05  6.018E+05  7.912E+05  9.859E+05  1.198E+06  1.551E+06  2.097E+06
  2.817E+06  3.371E+06  4.344E+06  5.536E+06  6.806E+06  8.413E+06  9.862E+06  1.041E+07  1.048E+07  1.020E+07
  9.839E+06  9.426E+06  9.182E+06  9.204E+06  9.400E+06  9.519E+06  9.653E+06  9.950E+06  9.952E+06  9.651E+06
  9.262E+06  8.782E+06  8.207E+06  7.605E+06  6.955E+06  6.319E+06  5.756E+06  5.284E+06  4.818E+06  4.458E+06
  4.143E+06  3.864E+06  3.607E+06  3.380E+06  3.169E+06  2.970E+06  2.788E+06  4.980E+05  8.264E+01  1.790E+02
  4.213E+02  4.585E+02  7.263E+02  4.309E+02  5.930E+02  3.781E+02  8.875E+02  3.897E+02  9.639E+02  1.002E+03
  1.276E+03  7.804E+02  1.842E+03  2.642E+03  2.288E+03  1.797E+03  1.926E+03  3.196E+03  2.686E+03  2.730E+03
  2.099E+03  2.039E+03  1.784E+03  2.054E+03  2.867E+03  3.076E+03  3.793E+03  4.503E+03  4.822E+03  5.561E+03
  5.767E+03  7.133E+03  5.599E+03  5.224E+03  4.274E+03  7.366E+03  8.814E+03  6.415E+03  6.175E+03  7.693E+03
  2.342E+03  2.516E+03  5.276E+03  1.129E+04  1.057E+05  2.403E+05  8.641E+03  3.046E+04  1.888E+05  2.779E+05
  3.249E+05  3.326E+05  5.163E+05  7.724E+05  1.027E+06  1.338E+06  1.758E+06  2.500E+06  3.527E+06  4.709E+06
  5.928E+06  7.319E+06  8.784E+06  1.039E+07  1.242E+07  1.359E+07  1.350E+07  1.291E+07  1.223E+07  1.175E+07
  1.150E+07  1.158E+07  1.182E+07  1.209E+07  1.232E+07  1.265E+07  1.267E+07  1.245E+07  1.200E+07  1.133E+07
  1.040E+07  9.300E+06  8.226E+06  7.321E+06  6.565E+06  5.951E+06  5.475E+06  5.037E+06  4.600E+06  4.272E+06
  3.969E+06  3.664E+06  3.375E+06  3.129E+06  2.940E+06  2.793E+06  2.667E+06  4.755E+05  1.998E+02  2.896E+02
  1.661E+02  4.186E+02  5.937E+02  5.220E+02  6.479E+02  1.609E+03  8.336E+02  2.038E+02  1.563E+03  7.168E+02
  7.902E+02  2.226E+02  9.055E+02  5.256E+02  2.552E+02  1.223E+03  9.974E+02  9.767E+02  1.059E+03  1.687E+03
  1.301E+03  1.271E+03  2.593E+03  1.138E+03  1.428E+03  2.632E+03  2.917E+03  3.510E+03  2.997E+03  3.038E+03
  4.447E+03  4.955E+03  5.072E+03  4.967E+03  7.601E+03  8.149E+03  6.005E+03  7.259E+03  6.173E+03  4.890E+03
  1.437E+04  2.074E+04  2.991E+04  6.205E+04  1.552E+05  3.323E+05  1.394E+04  1.366E+05  3.266E+05  4.505E+05
  5.862E+05  7.322E+05  1.103E+06  1.488E+06  2.037E+06  3.148E+06  4.801E+06  6.810E+06  8.785E+06  1.078E+07
  1.268E+07  1.425E+07  1.602E+07  1.788E+07  1.808E+07  1.715E+07  1.621E+07  1.561E+07  1.532E+07  1.530E+07
  1.560E+07  1.598E+07  1.639E+07  1.666E+07  1.667E+07  1.638E+07  1.589E+07  1.497E+07  1.335E+07  1.147E+07
  9.829E+06  8.540E+06  7.531E+06  6.650E+06  5.981E+06  5.413E+06  4.924E+06  4.500E+06  4.151E+06  3.799E+06
  3.509E+06  3.336E+06  3.189E+06  2.957E+06  2.804E+06  2.671E+06  2.533E+06  4.513E+05  1.117E+02  1.355E+02
  1.003E+02  2.303E+02  4.191E+02  5.117E+02  2.652E+02  1.244E+02  7.077E+02  4.052E+02  1.067E+03  4.263E+02
  4.165E+02  2.047E+02  4.325E+02  1.053E+03  1.061E+03  9.262E+02  1.385E+03  8.888E+02  1.733E+03  8.208E+02
  1.868E+03  9.364E+02  1.061E+03  1.158E+03  1.463E+03  1.507E+03  1.189E+03  2.562E+03  1.264E+03  1.871E+03
  1.740E+03  1.396E+03  1.961E+03  2.994E+03  3.917E+03  4.485E+03  6.457E+03  6.133E+03  5.850E+03  5.874E+03
  1.263E+04  2.246E+04  2.719E+04  6.847E+04  1.821E+05  4.863E+05  5.285E+04  4.021E+05  7.151E+05  1.122E+06
  1.504E+06  1.812E+06  2.481E+06  4.127E+06  7.723E+06  1.175E+07  1.515E+07  1.820E+07  2.075E+07  2.262E+07
  2.409E+07  2.517E+07  2.572E+07  2.449E+07  2.322E+07  2.244E+07  2.205E+07  2.199E+07  2.219E+07  2.272E+07
  2.316E+07  2.309E+07  2.264E+07  2.199E+07  2.120E+07  2.007E+07  1.738E+07  1.384E+07  1.107E+07  9.137E+06
  7.796E+06  6.814E+06  5.986E+06  5.359E+06  4.888E+06  4.464E+06  4.114E+06  3.857E+06  3.597E+06  3.385E+06
  3.163E+06  2.961E+06  2.807E+06  2.731E+06  2.603E+06  2.523E+06  2.429E+06  4.302E+05  1.447E+02  1.806E+02
  8.165E+01  1.664E+02  4.239E+02  3.461E+02  3.113E+02  1.308E+02  8.181E+02  6.517E+02  6.821E+02  2.103E+02
  6.411E+02  4.004E+02  2.715E+02  8.606E+02  5.705E+02  7.943E+02  7.493E+02  4.274E+02  2.937E+02  6.318E+02
  6.926E+02  1.342E+03  9.195E+02  1.353E+03  4.613E+02  1.207E+03  1.886E+03  1.523E+03  1.715E+03  1.561E+03
  2.067E+03  1.613E+03  1.769E+03  3.150E+03  3.373E+03  2.526E+03  3.445E+03  3.867E+03  3.727E+03  4.075E+03
  1.077E+04  1.948E+04  2.955E+04  6.763E+04  2.473E+05  8.387E+05  4.418E+05  1.911E+06  3.345E+06  4.009E+06
  4.353E+06  7.330E+06  2.021E+07  3.109E+07  3.590E+07  3.849E+07  4.030E+07  4.119E+07  4.155E+07  4.178E+07
  4.183E+07  4.028E+07  3.804E+07  3.649E+07  3.525E+07  3.436E+07  3.392E+07  3.374E+07  3.344E+07  3.272E+07
  3.146E+07  3.007E+07  2.854E+07  2.706E+07  2.264E+07  1.031E+07  7.421E+06  6.200E+06  5.542E+06  5.138E+06
  4.785E+06  4.419E+06  4.115E+06  3.911E+06  3.707E+06  3.505E+06  3.334E+06  3.165E+06  3.041E+06  2.931E+06
  2.816E+06  2.707E+06  2.575E+06  2.498E+06  2.397E+06  2.323E+06  2.225E+06  3.943E+05  1.312E+02  9.453E+00
  7.136E+01  4.138E+02  3.651E+02  4.951E+02  2.418E+02  2.423E+02  7.347E+02  1.005E+03  7.265E+02  7.706E+02
  1.446E+03  4.501E+02  3.345E+02  3.817E+02  7.832E+02  3.673E+02  6.041E+02  4.237E+02  1.075E+03  8.841E+02
  5.613E+02  9.025E+02  1.112E+03  1.335E+03  1.620E+03  1.443E+03  6.177E+02  1.759E+03  1.868E+03  1.710E+03
  2.154E+03  3.559E+03  3.435E+03  3.041E+03  2.365E+03  3.963E+03  4.039E+03  4.931E+03  3.219E+03  3.275E+03
  1.022E+04  1.135E+09  4.351E+09  4.351E+09  4.351E+09  4.350E+09  6.980E+08  1.690E+08  1.660E+08  1.641E+08
  1.622E+08  1.544E+08  1.287E+08  1.064E+08  9.368E+07  8.583E+07  7.982E+07  7.505E+07  7.114E+07  6.739E+07
  6.377E+07  6.030E+07  5.743E+07  5.487E+07  5.283E+07  5.108E+07  4.953E+07  4.738E+07  4.499E+07  4.206E+07
  3.905E+07  3.598E+07  3.319E+07  3.039E+07  2.105E+07  1.258E+05  5.625E+05  1.134E+06  1.592E+06  1.923E+06
  2.193E+06  2.397E+06  2.513E+06  2.535E+06  2.592E+06  2.555E+06  2.499E+06  2.527E+06  2.458E+06  2.402E+06
  2.341E+06  2.328E+06  2.294E+06  2.257E+06  2.181E+06  2.124E+06  2.070E+06  3.569E+05  1.649E+02  2.714E+02
  6.695E+02  2.772E+02  3.579E+02  1.366E+02  2.417E+02  3.081E+02  4.268E+02  4.391E+02  7.969E+02  7.234E+02
  4.483E+02  5.144E+02  5.129E+02  3.431E+02  6.647E+02  1.170E+03  4.397E+01  2.970E+02  6.630E+02  1.187E+03
  8.589E+02  1.819E+03  1.870E+03  9.869E+02  1.283E+03  1.353E+03  1.011E+03  1.417E+03  2.570E+03  2.067E+03
  1.607E+03  1.996E+03  2.884E+03  2.749E+03  1.705E+03  1.237E+03  2.484E+03  3.414E+03  3.022E+03  3.446E+03
  1.373E+04  2.073E+09  7.948E+09  7.948E+09  7.947E+09  7.948E+09  1.154E+09  1.765E+08  1.745E+08  1.704E+08
  1.666E+08  1.675E+08  1.697E+08  1.600E+08  1.472E+08  1.343E+08  1.225E+08  1.121E+08  1.025E+08  9.433E+07
  8.713E+07  8.047E+07  7.487E+07  7.076E+07  6.750E+07  6.411E+07  5.979E+07  5.494E+07  4.991E+07  4.517E+07
  4.087E+07  3.716E+07  3.369E+07  3.085E+07  2.127E+07  2.576E+04  1.097E+05  2.489E+05  4.492E+05  6.991E+05
  9.673E+05  1.216E+06  1.402E+06  1.609E+06  1.775E+06  1.896E+06  1.949E+06  1.973E+06  2.021E+06  2.050E+06
  2.090E+06  2.076E+06  2.049E+06  2.036E+06  2.013E+06  1.980E+06  1.937E+06  3.359E+05  1.803E+02  2.356E+02
  2.668E+02  5.204E+02  1.410E+02  6.004E+02  1.815E+02  1.976E+02  2.258E+02  6.983E+02  8.132E+01  6.898E+02
  3.149E+02  6.237E+02  4.727E+02  6.838E+02  6.760E+02  1.102E+03  3.111E+02  7.340E+02  3.263E+02  5.514E+02
  1.031E+03  4.005E+02  9.953E+01  6.475E+02  1.617E+03  1.413E+03  1.868E+03  1.456E+03  1.991E+03  1.309E+03
  2.830E+03  1.668E+03  3.396E+02  2.203E+03  1.659E+03  2.492E+03  2.803E+03  2.813E+03  3.088E+03  2.033E+03
  1.437E+04  2.074E+09  7.949E+09  7.949E+09  7.950E+09  7.951E+09  1.155E+09  1.740E+08  1.644E+08  1.556E+08
  1.524E+08  1.612E+08  1.797E+08  1.807E+08  1.743E+08  1.646E+08  1.532E+08  1.410E+08  1.292E+08  1.176E+08
  1.067E+08  9.722E+07  8.976E+07  8.297E+07  7.499E+07  6.667E+07  5.902E+07  5.243E+07  4.694E+07  4.240E+07
  3.838E+07  3.494E+07  3.203E+07  2.938E+07  2.019E+07  1.364E+04  5.473E+04  1.274E+05  2.347E+05  3.531E+05
  4.999E+05  6.703E+05  8.790E+05  1.034E+06  1.204E+06  1.366E+06  1.521E+06  1.669E+06  1.773E+06  1.789E+06
  1.816E+06  1.876E+06  1.893E+06  1.853E+06  1.846E+06  1.882E+06  1.880E+06  3.226E+05  2.253E+02  1.413E+02
  3.612E+02  4.607E+02  2.470E+02  3.633E+02  3.615E+02  5.254E+02  4.863E+02  3.211E+02  3.598E+02  7.821E+02
  5.245E+02  4.484E+02  7.053E+02  4.452E+02  9.401E+02  9.244E+02  9.557E+02  8.298E+02  9.984E+02  9.975E+02
  1.719E+02  5.127E+02  5.923E+02  3.690E+02  6.731E+02  1.776E+03  1.472E+03  5.215E+02  1.899E+02  1.465E+03
  1.196E+03  7.168E+02  1.453E+03  2.497E+03  2.366E+03  2.617E+03  3.071E+03  2.555E+03  1.550E+03  2.205E+03
  1.809E+04  2.073E+09  7.947E+09  7.947E+09  7.947E+09  7.948E+09  1.082E+09  1.014E+08  1.119E+08  1.229E+08
  1.331E+08  1.530E+08  1.794E+08  1.833E+08  1.804E+08  1.753E+08  1.670E+08  1.566E+08  1.444E+08  1.315E+08
  1.192E+08  1.063E+08  9.276E+07  7.975E+07  6.890E+07  6.042E+07  5.338E+07  4.759E+07  4.273E+07  3.866E+07
  3.521E+07  3.234E+07  2.981E+07  2.761E+07  1.902E+07  1.013E+04  4.612E+04  9.540E+04  1.703E+05  2.661E+05
  3.733E+05  5.035E+05  6.589E+05  8.256E+05  9.967E+05  1.170E+06  1.311E+06  1.436E+06  1.553E+06  1.648E+06
  1.762E+06  1.781E+06  1.779E+06  1.840E+06  1.888E+06  1.835E+06  1.828E+06  3.177E+05  9.521E+01  3.101E+01
  3.386E+02  1.556E+02  2.666E+02  2.420E+02  4.092E+02  6.308E+02  5.018E+02  3.804E+02  3.520E+02  7.223E+02
  7.174E+02  3.879E+02  4.529E+02  1.374E+03  7.431E+02  4.139E+02  1.030E+03  6.442E+02  4.550E+02  1.065E+03
  8.696E+02  2.937E+02  5.518E+02  7.985E+02  1.233E+03  5.991E+02  1.214E+03  4.417E+02  2.470E+02  1.290E+02
  7.078E+02  2.126E+03  1.282E+03  1.474E+03  1.463E+03  3.597E+03  2.097E+03  1.820E+03  1.944E+03  1.471E+03
  1.345E+04  2.072E+09  7.944E+09  7.944E+09  7.945E+09  7.947E+09  1.082E+09  1.014E+08  1.122E+08  1.231E+08
  1.330E+08  1.530E+08  1.799E+08  1.836E+08  1.806E+08  1.760E+08  1.685E+08  1.580E+08  1.456E+08  1.328E+08
  1.199E+08  1.067E+08  9.360E+07  8.078E+07  6.994E+07  6.108E+07  5.395E+07  4.809E+07  4.318E+07  3.906E+07
  3.558E+07  3.265E+07  3.025E+07  2.812E+07  1.942E+07  1.072E+04  4.271E+04  9.313E+04  1.731E+05  2.717E+05
  3.842E+05  5.060E+05  6.484E+05  8.214E+05  1.003E+06  1.146E+06  1.304E+06  1.454E+06  1.554E+06  1.657E+06
  1.749E+06  1.803E+06  1.849E+06  1.858E+06  1.834E+06  1.844E+06  1.829E+06  3.151E+05  2.431E+02  3.580E+02
  2.296E+02  8.681E+01  5.106E+01  3.048E+02  1.053E+02  6.531E+02  4.906E+02  4.334E+02  5.891E+02  4.163E+02
  9.297E+02  6.090E+02  8.885E+02  9.815E+02  7.339E+02  1.019E+03  3.898E+02  5.934E+02  8.141E+02  1.471E+03
  5.837E+02  2.755E+02  1.703E+03  7.470E+02  3.135E+02  1.463E+03  1.637E+03  8.151E+02  8.214E+02  7.090E+02
  8.191E+02  1.018E+03  1.013E+03  2.263E+03  1.720E+03  1.922E+03  2.938E+03  2.667E+03  2.039E+03  1.456E+03
  1.375E+04  2.073E+09  7.948E+09  7.948E+09  7.948E+09  7.948E+09  1.155E+09  1.744E+08  1.646E+08  1.556E+08
  1.528E+08  1.615E+08  1.797E+08  1.808E+08  1.747E+08  1.657E+08  1.553E+08  1.440E+08  1.324E+08  1.208E+08
  1.096E+08  9.944E+07  9.162E+07  8.448E+07  7.655E+07  6.834E+07  6.067E+07  5.390E+07  4.824E+07  4.345E+07
  3.933E+07  3.583E+07  3.294E+07  3.021E+07  2.084E+07  1.371E+04  5.635E+04  1.300E+05  2.342E+05  3.532E+05
  5.179E+05  6.754E+05  8.739E+05  1.052E+06  1.208E+06  1.366E+06  1.544E+06  1.668E+06  1.778E+06  1.827E+06
  1.839E+06  1.884E+06  1.884E+06  1.882E+06  1.884E+06  1.919E+06  1.889E+06  3.241E+05  1.938E+02  3.156E+02
  9.091E+01  2.797E+02  1.075E+02  3.262E+02  4.991E+02  5.285E+02  6.481E+02  3.295E+02  1.817E+02  9.538E+02
  1.503E+03  9.215E+02  3.093E+02  9.112E+02  5.232E+02  6.456E+02  7.279E+02  1.333E+03  9.525E+02  9.275E+02
  6.220E+02  8.963E+02  6.421E+02  1.362E+03  8.011E+02  1.508E+03  7.825E+02  7.704E+02  7.153E+02  2.620E+02
  4.658E+02  1.601E+03  1.637E+03  9.460E+02  1.315E+03  1.577E+03  2.390E+03  2.811E+03  1.389E+03  2.407E+03
  1.542E+04  2.072E+09  7.944E+09  7.944E+09  7.944E+09  7.946E+09  1.155E+09  1.768E+08  1.747E+08  1.705E+08
  1.665E+08  1.677E+08  1.699E+08  1.607E+08  1.485E+08  1.366E+08  1.256E+08  1.157E+08  1.067E+08  9.828E+07
  9.057E+07  8.348E+07  7.739E+07  7.295E+07  6.949E+07  6.586E+07  6.144E+07  5.644E+07  5.130E+07  4.657E+07
  4.223E+07  3.830E+07  3.472E+07  3.169E+07  2.183E+07  2.430E+04  1.077E+05  2.561E+05  4.468E+05  7.161E+05
  9.788E+05  1.219E+06  1.401E+06  1.606E+06  1.780E+06  1.919E+06  1.997E+06  2.013E+06  2.061E+06  2.094E+06
  2.097E+06  2.084E+06  2.080E+06  2.087E+06  2.080E+06  2.050E+06  1.972E+06  3.415E+05  5.563E+01  2.287E+02
  1.552E+02  1.846E+02  3.302E+02  5.918E+02  4.805E+02  6.016E+02  4.216E+02  3.240E+02  8.126E+01  8.895E+02
  7.380E+02  7.844E+02  5.581E+02  6.558E+02  7.856E+02  1.762E+02  5.829E+02  5.972E+02  1.961E+02  1.222E+03
  1.023E+03  3.527E+02  1.502E+03  7.287E+02  1.282E+03  1.117E+03  5.752E+02  8.245E+02  4.057E+02  5.357E+02
  1.432E+03  2.403E+03  1.975E+03  2.080E+03  1.296E+03  1.991E+03  2.138E+03  1.010E+03  1.186E+03  7.910E+02
  1.551E+04  1.134E+09  4.348E+09  4.348E+09  4.348E+09  4.346E+09  6.972E+08  1.684E+08  1.654E+08  1.636E+08
  1.619E+08  1.542E+08  1.290E+08  1.069E+08  9.459E+07  8.737E+07  8.242E+07  7.809E+07  7.424E+07  7.074E+07
  6.699E+07  6.304E+07  5.989E+07  5.725E+07  5.474E+07  5.257E+07  5.068E+07  4.854E+07  4.601E+07  4.306E+07
  4.007E+07  3.709E+07  3.412E+07  3.140E+07  2.179E+07  1.347E+05  5.527E+05  1.132E+06  1.639E+06  1.972E+06
  2.223E+06  2.399E+06  2.571E+06  2.665E+06  2.677E+06  2.654E+06  2.618E+06  2.588E+06  2.553E+06  2.482E+06
  2.418E+06  2.407E+06  2.347E+06  2.297E+06  2.231E+06  2.177E+06  2.125E+06  3.729E+05  1.350E+02  3.832E+02
  1.272E+02  7.876E+01  8.577E+01  3.129E+02  4.205E+02  5.225E+02  5.001E+02  6.031E+02  3.529E+02  6.172E+02
  7.554E+02  5.395E+02  3.057E+02  5.846E+02  4.128E+02  1.131E+02  2.031E+02  4.521E+02  9.092E+02  6.306E+02
  8.301E+02  6.530E+02  6.071E+02  5.598E+02  8.533E+02  9.182E+02  7.411E+02  1.131E+03  1.232E+03  4.252E+02
  9.284E+02  1.185E+03  1.618E+03  1.391E+03  1.908E+03  1.210E+03  1.731E+03  1.750E+03  3.492E+03  3.732E+03
  1.579E+04  1.704E+04  2.805E+04  7.222E+04  2.559E+05  8.259E+05  4.311E+05  1.951E+06  3.365E+06  4.006E+06
  4.425E+06  7.437E+06  2.033E+07  3.153E+07  3.651E+07  3.919E+07  4.134E+07  4.280E+07  4.369E+07  4.389E+07
  4.385E+07  4.228E+07  4.000E+07  3.825E+07  3.679E+07  3.569E+07  3.500E+07  3.460E+07  3.418E+07  3.355E+07
  3.244E+07  3.095E+07  2.948E+07  2.787E+07  2.322E+07  1.070E+07  7.654E+06  6.351E+06  5.710E+06  5.265E+06
  4.886E+06  4.565E+06  4.310E+06  4.048E+06  3.790E+06  3.602E+06  3.446E+06  3.263E+06  3.110E+06  2.926E+06
  2.817E+06  2.715E+06  2.650E+06  2.540E+06  2.423E+06  2.362E+06  2.293E+06  4.056E+05  7.273E+01  6.719E+02
  3.059E+02  1.172E+02  3.062E+02  6.664E+01  2.285E+02  5.161E+02  5.475E+02  3.562E+02  8.808E+02  1.208E+03
  1.178E+03  5.462E+02  8.441E+02  1.203E+03  4.895E+02  1.727E+02  4.536E+02  1.083E+03  1.729E+03  5.416E+02
  5.899E+02  7.612E+02  6.022E+02  3.770E+02  6.059E+02  3.701E+02  5.200E+02  1.208E+03  1.501E+03  1.675E+03
  2.297E+03  2.407E+03  3.273E+03  2.813E+03  1.129E+03  1.391E+03  1.114E+03  1.391E+03  1.941E+03  1.913E+03
  1.480E+04  2.003E+04  2.826E+04  6.962E+04  1.882E+05  4.981E+05  5.450E+04  4.172E+05  7.556E+05  1.174E+06
  1.551E+06  1.817E+06  2.518E+06  4.192E+06  7.736E+06  1.177E+07  1.554E+07  1.885E+07  2.165E+07  2.388E+07
  2.565E+07  2.681E+07  2.729E+07  2.577E+07  2.420E+07  2.334E+07  2.274E+07  2.256E+07  2.277E+07  2.309E+07
  2.323E+07  2.315E+07  2.288E+07  2.231E+07  2.150E+07  2.035E+07  1.757E+07  1.405E+07  1.129E+07  9.362E+06
  8.000E+06  6.947E+06  6.138E+06  5.494E+06  4.979E+06  4.574E+06  4.280E+06  3.960E+06  3.644E+06  3.414E+06
  3.242E+06  3.073E+06  2.896E+06  2.756E+06  2.649E+06  2.511E+06  2.369E+06  4.176E+05  3.240E+02  1.976E+02
  3.999E+02  2.959E+02  1.489E+02  3.844E+02  1.985E+02  4.113E+02  9.926E+02  1.817E+03  9.634E+02  4.432E+02
  5.472E+02  1.107E+03  6.341E+02  6.933E+02  1.146E+03  1.679E+03  9.766E+02  8.906E+02  3.186E+02  2.868E+01
  7.873E+02  9.608E+02  3.906E+02  1.680E+03  8.635E+02  9.279E+02  1.275E+03  7.253E+02  1.090E+03  4.607E+02
  5.736E+02  4.837E+02  7.233E+02  1.158E+03  1.046E+03  1.958E+03  2.503E+03  2.666E+03  1.961E+03  2.123E+03
  1.223E+04  1.734E+04  3.307E+04  6.557E+04  1.539E+05  3.336E+05  1.565E+04  1.394E+05  3.452E+05  4.573E+05
  6.014E+05  7.347E+05  1.119E+06  1.567E+06  2.137E+06  3.218E+06  4.917E+06  6.898E+06  9.075E+06  1.127E+07
  1.333E+07  1.511E+07  1.707E+07  1.904E+07  1.922E+07  1.820E+07  1.708E+07  1.635E+07  1.593E+07  1.583E+07
  1.596E+07  1.625E+07  1.643E+07  1.661E+07  1.668E+07  1.640E+07  1.590E+07  1.487E+07  1.333E+07  1.168E+07
  1.003E+07  8.724E+06  7.636E+06  6.743E+06  6.024E+06  5.413E+06  4.933E+06  4.552E+06  4.214E+06  3.898E+06
  3.625E+06  3.358E+06  3.185E+06  3.059E+06  2.898E+06  2.744E+06  2.635E+06  4.600E+05  3.505E+02  1.545E+02
  1.229E+02  2.695E+02  5.076E+01  2.503E+02  2.853E+02  8.294E+02  8.819E+02  8.775E+02  6.771E+02  6.998E+02
  2.489E+02  7.359E+02  1.101E+03  1.156E+03  9.092E+02  9.001E+02  3.762E+02  7.510E+02  2.005E+02  3.064E+02
  9.189E+02  7.677E+02  3.874E+02  3.644E+02  8.270E+02  1.888E+03  1.649E+03  1.028E+03  7.870E+02  1.291E+03
  1.261E+03  7.500E+02  1.020E+03  1.117E+03  8.074E+02  7.906E+02  1.003E+03  1.165E+03  1.466E+03  3.907E+03
  1.919E+03  2.948E+03  5.446E+03  1.130E+04  1.088E+05  2.466E+05  1.003E+04  3.035E+04  2.007E+05  2.865E+05
  3.172E+05  3.473E+05  5.292E+05  8.174E+05  1.095E+06  1.394E+06  1.864E+06  2.637E+06  3.653E+06  4.909E+06
  6.285E+06  7.657E+06  9.204E+06  1.099E+07  1.310E+07  1.444E+07  1.435E+07  1.368E+07  1.292E+07  1.239E+07
  1.213E+07  1.202E+07  1.218E+07  1.240E+07  1.245E+07  1.260E+07  1.266E+07  1.255E+07  1.197E+07  1.123E+07
  1.032E+07  9.245E+06  8.343E+06  7.477E+06  6.754E+06  6.088E+06  5.541E+06  5.085E+06  4.657E+06  4.286E+06
  3.987E+06  3.695E+06  3.456E+06  3.262E+06  3.096E+06  2.898E+06  2.732E+06  4.893E+05  5.313E+02  2.908E+02
  1.590E+02  3.118E+02  2.539E+02  6.328E+02  9.368E+02  9.018E+02  9.808E+02  2.655E+02  1.039E+03  1.096E+03
  7.601E+02  4.908E+02  2.622E+02  3.427E+02  1.021E+03  8.517E+02  1.477E+03  5.751E+02  2.327E+02  1.189E+03
  2.177E+02  1.509E+02  1.390E+02  1.112E+03  1.293E+03  1.642E+03  1.778E+03  2.652E+02  9.688E+02  1.175E+03
  8.233E+02  1.251E+03  1.412E+03  6.140E+02  2.255E+03  2.190E+03  2.747E+03  2.550E+03  1.366E+03  1.569E+03
  0.000E+00  0.000E+00  0.000E+00  0.000E+00  8.901E+04  1.878E+05  5.948E+03  7.175E+03  8.508E+04  2.002E+05
  2.436E+05  1.969E+05  2.919E+05  4.338E+05  6.472E+05  8.350E+05  1.033E+06  1.277E+06  1.669E+06  2.164E+06
  2.892E+06  3.529E+06  4.538E+06  5.768E+06  7.180E+06  8.822E+06  1.033E+07  1.106E+07  1.113E+07  1.076E+07
  1.026E+07  9.852E+06  9.618E+06  9.537E+06  9.613E+06  9.663E+06  9.739E+06  9.754E+06  9.855E+06  9.741E+06
  9.346E+06  8.826E+06  8.168E+06  7.539E+06  6.937E+06  6.430E+06  5.899E+06  5.423E+06  4.976E+06  4.580E+06
  4.241E+06  3.924E+06  3.661E+06  3.404E+06  3.201E+06  3.006E+06  2.833E+06  5.061E+05  4.645E+02  1.096E+02
  4.899E+02  6.286E+02  1.032E+03  1.134E+03  2.682E+01  3.379E+02  5.629E+02  4.356E+02  5.366E+02  1.245E+03
  1.551E+03  1.018E+03  9.049E+02  8.151E+02  8.989E+02  2.077E+03  1.582E+03  1.349E+03  1.025E+03  6.859E+02
  4.709E+02  1.212E+03  7.770E+02  3.048E+02  1.761E+02  4.131E+02  5.868E+02  6.781E+02  1.534E+03  1.091E+03
  1.356E+03  3.624E+02  2.816E+02  1.097E+03  1.171E+03  1.555E+03  1.523E+03  1.785E+03  2.502E+03  4.231E+03
  0.000E+00  0.000E+00  0.000E+00  0.000E+00  7.834E+04  1.418E+05  3.776E+03  4.393E+03  2.922E+04  1.212E+05
  1.835E+05  1.579E+05  1.873E+05  2.706E+05  3.801E+05  5.198E+05  6.755E+05  8.095E+05  9.489E+05  1.168E+06
  1.427E+06  1.521E+06  1.944E+06  2.694E+06  3.575E+06  4.639E+06  5.985E+06  7.285E+06  8.296E+06  8.769E+06
  8.733E+06  8.553E+06  8.277E+06  8.045E+06  7.894E+06  7.789E+06  7.942E+06  7.990E+06  7.909E+06  7.909E+06
  7.875E+06  7.722E+06  7.441E+06  7.019E+06  6.646E+06  6.306E+06  5.945E+06  5.534E+06  5.126E+06  4.712E+06
  4.369E+06  4.110E+06  3.846E+06  3.567E+06  3.360E+06  3.175E+06  2.976E+06  5.302E+05  1.841E+02  4.817E+02
  3.204E+02  9.129E+01  3.019E+02  2.610E+02  4.734E+02  2.407E+02  6.385E+02  4.616E+02  8.904E+02  1.304E+03
  7.919E+02  1.124E+03  1.001E+03  1.442E+03  8.548E+02  8.582E+02  2.086E+02  1.025E+03  4.131E+02  3.347E+02
  1.498E+02  3.859E+02  3.673E+02  6.958E+02  7.679E+02  5.544E+02  4.528E+02  7.404E+02  1.031E+03  1.163E+03
  1.578E+03  6.916E+02  1.030E+03  9.019E+02  7.182E+02  9.894E+02  2.154E+03  2.829E+03  1.187E+03  1.740E+03
  0.000E+00  0.000E+00  0.000E+00  0.000E+00  7.212E+04  1.089E+05  2.156E+03  2.637E+03  9.145E+03  6.327E+04
  1.069E+05  1.090E+05  1.510E+05  1.816E+05  2.465E+05  3.332E+05  4.384E+05  5.581E+05  6.282E+05  7.310E+05
  8.489E+05  9.441E+05  1.063E+06  1.244E+06  1.656E+06  2.209E+06  2.958E+06  3.976E+06  5.072E+06  6.038E+06
  6.703E+06  7.064E+06  7.041E+06  6.911E+06  6.805E+06  6.720E+06  6.614E+06  6.605E+06  6.679E+06  6.612E+06
  6.629E+06  6.653E+06  6.510E+06  6.339E+06  6.089E+06  5.738E+06  5.436E+06  5.240E+06  5.013E+06  4.740E+06
  4.406E+06  4.084E+06  3.837E+06  3.617E+06  3.386E+06  3.194E+06  3.033E+06  1.007E+06  1.402E+03  9.657E+02
  5.384E+02  8.350E+02  8.871E+02  6.641E+02  6.399E+02  1.846E+02  1.199E+02  3.747E+02  2.769E+02  2.282E+02
  7.213E+01  1.513E+02  3.192E+02  5.774E+02  5.644E+02  5.214E+02  4.284E+02  4.733E+02  4.206E+02  4.923E+02
  6.452E+02  1.254E+03  9.612E+02  7.652E+02  9.817E+02  1.283E+03  5.612E+02  1.019E+03  8.720E+02  9.826E+02
  5.306E+02  3.121E+03  2.374E+03  1.645E+03  8.747E+02  4.689E+02  1.065E+03  1.692E+03  1.238E+03  1.035E+03
  0.000E+00  0.000E+00  0.000E+00  0.000E+00  6.442E+04  8.818E+04  1.307E+03  2.036E+03  4.009E+03  2.747E+04
  3.131E+04  3.335E+04  1.186E+05  1.380E+05  1.734E+05  2.265E+05  2.958E+05  3.679E+05  4.533E+05  5.116E+05
  5.973E+05  6.720E+05  7.655E+05  8.535E+05  9.228E+05  1.103E+06  1.460E+06  1.950E+06  2.670E+06  3.495E+06
  4.350E+06  4.979E+06  5.450E+06  5.757E+06  5.857E+06  5.776E+06  5.674E+06  5.677E+06  5.601E+06  5.644E+06
  5.600E+06  5.559E+06  5.561E+06  5.515E+06  5.404E+06  5.238E+06  5.062E+06  4.813E+06  4.623E+06  4.381E+06
  4.201E+06  4.012E+06  3.755E+06  3.525E+06  3.347E+06  3.184E+06  2.983E+06  1.536E+06  3.080E+01  8.724E+01
  1.347E+02  2.274E+02  1.619E+02  6.159E+01  1.341E+02  1.153E+02  1.132E+02  3.355E+02  3.820E+02  3.096E+02
  2.597E+02  6.666E+02  5.315E+02  5.580E+02  4.468E+02  7.162E+02  6.529E+02  3.566E+02  4.469E+02  8.617E+02
  3.193E+02  3.217E+02  3.386E+02  1.252E+03  1.629E+03  6.132E+02  6.364E+02  5.451E+02  8.310E+02  1.630E+03
  5.871E+02  4.618E+02  6.815E+02  5.305E+02  4.879E+02  8.370E+02  6.894E+02  1.607E+03  2.036E+03  2.177E+03
  0.000E+00  0.000E+00  0.000E+00  0.000E+00  5.765E+04  7.100E+04  1.558E+03  1.316E+03  2.498E+03  9.230E+03
  1.760E+04  5.353E+03  6.900E+04  1.121E+05  1.382E+05  1.610E+05  2.032E+05  2.647E+05  3.164E+05  3.741E+05
  4.374E+05  4.522E+05  5.457E+05  6.298E+05  6.950E+05  7.407E+05  8.175E+05  1.025E+06  1.347E+06  1.830E+06
  2.469E+06  3.114E+06  3.698E+06  4.166E+06  4.483E+06  4.751E+06  4.865E+06  4.810E+06  4.778E+06  4.787E+06
  4.807E+06  4.835E+06  4.820E+06  4.792E+06  4.793E+06  4.646E+06  4.510E+06  4.417E+06  4.296E+06  4.145E+06
  3.945E+06  3.755E+06  3.605E+06  3.430E+06  3.320E+06  3.167E+06  3.038E+06  2.452E+06  1.243E+06  4.202E+04
  2.380E+02  2.405E+02  2.961E+02  7.177E+01  4.635E+02  6.706E+01  1.356E+02  3.823E+02  1.122E+02  6.506E+02
  4.979E+02  4.484E+02  7.247E+02  4.249E+02  2.201E+02  7.605E+02  8.323E+02  1.706E+02  2.990E+02  8.571E+02
  1.026E+03  1.040E+03  8.137E+02  7.055E+02  2.493E+02  7.703E+02  4.890E+02  1.100E+03  1.226E+02  5.375E+02
  1.032E+03  7.536E+02  1.043E+03  1.295E+03  1.049E+03  1.017E+03  7.549E+02  7.160E+02  1.641E+03  1.101E+03
  0.000E+00  0.000E+00  0.000E+00  0.000E+00  5.047E+04  5.671E+04  8.769E+02  8.520E+02  1.621E+03  4.173E+03
  6.491E+03  2.575E+03  2.891E+04  8.261E+04  1.090E+05  1.297E+05  1.540E+05  1.868E+05  2.362E+05  2.780E+05
  3.095E+05  2.428E+05  3.333E+05  4.587E+05  5.437E+05  5.950E+05  6.159E+05  6.550E+05  7.797E+05  9.762E+05
  1.323E+06  1.790E+06  2.269E+06  2.735E+06  3.193E+06  3.564E+06  3.864E+06  4.018E+06  4.056E+06  4.039E+06
  4.015E+06  4.094E+06  4.194E+06  4.149E+06  4.141E+06  4.152E+06  4.045E+06  3.925E+06  3.851E+06  3.776E+06
  3.710E+06  3.581E+06  3.385E+06  3.264E+06  3.150E+06  3.007E+06  2.907E+06  2.767E+06  2.656E+06  1.406E+05
  1.425E+02  1.111E+02  1.316E+02  3.356E+02  3.599E+02  2.088E+02  1.079E+02  3.942E+02  4.438E+02  1.803E+02
  4.093E+02  5.660E+02  4.743E+02  2.331E+02  3.374E+02  5.041E+02  4.370E+02  1.041E+03  2.212E+02  4.428E+02
  3.666E+02  3.053E+02  9.211E+02  7.409E+02  2.328E+02  2.678E+02  6.662E+02  4.645E+02  4.858E+02  1.746E+03
  1.630E+03  5.943E+02  1.638E+03  1.169E+03  1.566E+03  1.087E+03  9.931E+02  2.048E+03  2.841E+03  2.158E+03
  0.000E+00  0.000E+00  0.000E+00  0.000E+00  4.343E+04  4.638E+04  6.048E+02  7.710E+02  1.613E+03  2.725E+03
  2.159E+03  1.715E+03  1.246E+04  5.104E+04  8.854E+04  1.014E+05  1.223E+05  1.445E+05  1.780E+05  2.137E+05
  2.457E+05  1.738E+05  1.735E+05  2.696E+05  3.790E+05  4.482E+05  5.113E+05  5.262E+05  5.484E+05  6.109E+05
  7.663E+05  9.948E+05  1.347E+06  1.710E+06  2.055E+06  2.385E+06  2.735E+06  3.020E+06  3.249E+06  3.443E+06
  3.496E+06  3.460E+06  3.508E+06  3.555E+06  3.567E+06  3.569E+06  3.561E+06  3.503E+06  3.430E+06  3.386E+06
  3.297E+06  3.229E+06  3.170E+06  3.090E+06  2.957E+06  2.858E+06  2.718E+06  2.598E+06  2.494E+06  1.308E+05
  1.233E+02  9.786E+01  0.000E+00  1.523E+02  1.463E+02  1.020E+02  1.753E+02  3.792E+02  2.124E+02  3.633E+02
  3.542E+02  3.263E+02  2.593E+02  1.974E+02  4.271E+02  4.340E+02  7.660E+02  8.801E+02  5.585E+02  1.547E+02
  4.834E+02  7.589E+02  8.435E+02  3.051E+02  1.418E+02  6.990E+02  1.047E+02  6.917E+02  8.110E+02  3.837E+02
  2.224E+02  8.951E+02  1.698E+03  1.310E+03  1.174E+03  1.148E+03  1.091E+03  1.040E+03  2.515E+03  2.502E+03
  0.000E+00  0.000E+00  0.000E+00  0.000E+00  3.669E+04  3.885E+04  2.946E+02  4.505E+02  1.639E+03  1.963E+03
  1.496E+03  1.221E+03  7.754E+03  2.714E+04  6.534E+04  8.522E+04  9.984E+04  1.193E+05  1.356E+05  1.675E+05
  1.885E+05  2.002E+05  1.421E+05  1.518E+05  2.232E+05  2.996E+05  3.675E+05  4.424E+05  4.603E+05  4.751E+05
  5.091E+05  6.038E+05  7.697E+05  1.027E+06  1.316E+06  1.618E+06  1.920E+06  2.174E+06  2.457E+06  2.647E+06
  2.803E+06  2.946E+06  3.018E+06  3.070E+06  3.089E+06  3.103E+06  3.115E+06  3.146E+06  3.105E+06  3.071E+06
  3.016E+06  2.980E+06  2.890E+06  2.818E+06  2.800E+06  2.714E+06  2.616E+06  2.532E+06  2.384E+06  1.238E+05
  2.329E+01  4.694E+01  0.000E+00  1.686E+02  1.405E+02  3.998E+02  0.000E+00  1.593E+02  3.262E+02  9.142E+01
  6.284E+01  5.122E+02  3.403E+02  2.983E+02  5.310E+02  7.226E+02  4.441E+02  5.115E+02  5.574E+02  3.271E+01
  2.639E+02  3.249E+02  2.904E+02  3.810E+02  5.992E+02  2.532E+02  6.940E+02  1.031E+03  1.047E+03  9.417E+02
  1.146E+03  2.694E+03  1.843E+03  1.165E+03  1.636E+03  1.916E+03  2.036E+03  1.006E+03  1.453E+03  1.155E+03
  0.000E+00  0.000E+00  0.000E+00  0.000E+00  3.291E+04  3.365E+04  2.817E+02  3.452E+02  1.521E+03  1.313E+03
  1.424E+03  8.610E+02  5.286E+03  1.502E+04  3.914E+04  7.166E+04  8.329E+04  9.679E+04  1.131E+05  1.342E+05
  1.355E+05  5.572E+04  1.580E+05  1.307E+05  1.384E+05  1.912E+05  2.572E+05  3.158E+05  3.806E+05  4.134E+05
  4.155E+05  4.307E+05  4.960E+05  6.175E+05  7.910E+05  1.011E+06  1.251E+06  1.575E+06  1.794E+06  2.056E+06
  2.225E+06  2.340E+06  2.472E+06  2.582E+06  2.619E+06  2.615E+06  2.678E+06  2.746E+06  2.724E+06  2.711E+06
  2.724E+06  2.711E+06  2.691E+06  2.647E+06  2.566E+06  2.512E+06  2.449E+06  2.396E+06  2.315E+06  1.206E+05
  0.000E+00  4.780E+01  8.738E+01  1.779E+02  3.022E+02  1.568E+02  1.350E+02  2.677E+02  2.118E+02  5.087E+01
  1.447E+02  3.144E+02  1.914E+02  2.062E+02  1.755E+02  4.554E+02  5.790E+02  1.954E+02  2.915E+02  2.822E+02
  8.910E+01  2.808E+02  4.436E+02  4.590E+02  5.838E+02  5.554E+02  7.082E+02  1.031E+03  1.315E+03  1.097E+03
  6.313E+02  6.538E+02  8.137E+02  1.160E+03  7.738E+02  2.020E+03  8.181E+02  7.230E+02  1.529E+03  1.829E+03
  0.000E+00  0.000E+00  0.000E+00  0.000E+00  2.908E+04  2.871E+04  2.588E+02  3.300E+02  1.198E+03  1.203E+03
  1.119E+03  9.038E+02  3.598E+03  1.016E+04  2.284E+04  5.152E+04  7.185E+04  7.764E+04  9.323E+04  1.078E+05
  1.088E+05  4.518E+02  5.892E+04  1.389E+05  1.144E+05  1.218E+05  1.703E+05  2.230E+05  2.831E+05  3.240E+05
  3.603E+05  3.565E+05  3.748E+05  4.153E+05  5.119E+05  6.396E+05  8.283E+05  1.008E+06  1.245E+06  1.461E+06
  1.706E+06  1.848E+06  1.978E+06  2.081E+06  2.207E+06  2.242E+06  2.280E+06  2.306E+06  2.362E+06  2.357E+06
  2.365E+06  2.417E+06  2.399E+06  2.388E+06  2.353E+06  2.325E+06  2.260E+06  2.226E+06  2.181E+06  1.116E+05
  5.937E+01  1.017E+02  1.952E+02  3.586E+02  2.065E+02  0.000E+00  3.089E+02  1.891E+02  8.721E+01  1.523E+02
  7.946E+01  2.458E+02  2.054E+01  2.872E+02  3.602E+02  4.562E+02  4.241E+01  3.694E+02  7.294E+02  3.834E+01
  2.792E+02  6.563E+02  7.590E+02  2.467E+02  3.977E+02  5.103E+02  6.003E+02  5.746E+02  5.645E+02  4.845E+02
  5.742E+02  5.273E+02  9.876E+02  3.815E+02  8.275E+02  8.153E+02  1.134E+03  1.455E+02  2.403E+02  8.281E+02
  0.000E+00  0.000E+00  0.000E+00  0.000E+00  2.631E+04  2.346E+04  3.773E+02  3.987E+02  9.217E+02  9.532E+02
  1.104E+03  6.729E+02  2.831E+03  7.046E+03  1.497E+04  3.427E+04  5.600E+04  6.733E+04  7.561E+04  8.984E+04
  8.744E+04  2.523E+02  5.154E+03  7.751E+04  1.121E+05  9.543E+04  1.191E+05  1.567E+05  1.907E+05  2.417E+05
  2.781E+05  3.139E+05  3.161E+05  3.218E+05  3.434E+05  4.346E+05  5.470E+05  7.156E+05  8.631E+05  1.034E+06
  1.230E+06  1.425E+06  1.584E+06  1.753E+06  1.817E+06  1.934E+06  1.980E+06  2.017E+06  2.041E+06  2.059E+06
  2.107E+06  2.074E+06  2.109E+06  2.134E+06  2.118E+06  2.080E+06  2.083E+06  2.052E+06  2.021E+06  9.960E+04
  4.485E+00  0.000E+00  3.074E+01  1.721E+02  3.059E+02  0.000E+00  2.983E+02  1.357E+02  4.600E+02  1.150E+02
  2.098E+02  1.398E+02  1.164E+02  5.392E+02  3.203E+02  2.750E+02  5.991E+02  1.001E+02  2.035E+02  2.740E+02
  3.047E+02  2.175E+02  5.382E+02  3.974E+02  8.788E+02  9.126E+02  5.818E+02  1.526E+03  7.816E+02  1.342E+02
  2.661E+02  7.959E+02  7.426E+02  3.909E+02  3.526E+02  1.312E+03  1.017E+03  6.308E+02  6.570E+02  1.340E+03
  0.000E+00  0.000E+00  0.000E+00  0.000E+00  2.354E+04  1.944E+04  3.125E+02  3.523E+02  8.613E+02  8.985E+02
  7.693E+02  7.812E+02  2.506E+03  5.454E+03  1.069E+04  2.375E+04  3.818E+04  5.923E+04  6.208E+04  7.048E+04
  6.801E+04  2.136E+02  1.684E+03  1.518E+04  8.313E+04  9.675E+04  8.996E+04  1.126E+05  1.395E+05  1.690E+05
  2.120E+05  2.393E+05  2.765E+05  2.981E+05  2.888E+05  3.059E+05  3.753E+05  4.752E+05  6.181E+05  7.498E+05
  9.075E+05  1.051E+06  1.213E+06  1.347E+06  1.517E+06  1.610E+06  1.666E+06  1.772E+06  1.811E+06  1.810E+06
  1.820E+06  1.898E+06  1.897E+06  1.863E+06  1.899E+06  1.890E+06  1.875E+06  1.890E+06  1.858E+06  9.397E+04
  3.849E+01  2.160E+02  1.972E+02  1.418E+02  1.306E+02  1.320E+02  1.931E+02  2.608E+02  5.948E+01  1.048E+02
  3.600E+02  4.134E+02  9.801E+01  0.000E+00  2.137E+02  6.439E+02  2.544E+01  3.297E+02  3.826E+00  5.150E+01
  7.688E+01  1.314E+02  4.242E+02  4.478E+02  1.152E+03  3.706E+02  6.919E+02  2.986E+02  4.686E+02  4.041E+02
  6.572E+02  9.935E+02  8.259E+02  1.225E+02  8.020E+02  8.649E+02  2.106E+03  1.571E+03  1.125E+03  1.246E+03
  0.000E+00  0.000E+00  0.000E+00  0.000E+00  2.118E+04  1.681E+04  4.591E+02  3.594E+02  6.492E+02  9.284E+02
  3.378E+02  1.028E+03  1.844E+03  3.727E+03  8.251E+03  1.555E+04  2.717E+04  4.448E+04  5.316E+04  6.131E+04
  5.500E+04  1.471E+02  1.500E+03  3.629E+03  2.750E+04  8.060E+04  8.400E+04  8.647E+04  1.061E+05  1.276E+05
  1.519E+05  1.911E+05  2.185E+05  2.429E+05  2.681E+05  2.633E+05  2.878E+05  3.425E+05  4.191E+05  5.428E+05
  6.641E+05  7.886E+05  9.128E+05  1.044E+06  1.161E+06  1.291E+06  1.386E+06  1.413E+06  1.487E+06  1.598E+06
  1.641E+06  1.632E+06  1.667E+06  1.730E+06  1.704E+06  1.691E+06  1.711E+06  1.699E+06  1.702E+06  8.302E+04
  6.120E+01  7.578E+01  3.562E+01  1.455E+02  1.174E+02  1.013E+02  0.000E+00  5.314E+02  4.302E+02  9.417E+00
  2.642E+02  2.652E+02  3.317E+02  1.996E+02  2.056E+02  4.623E+02  3.519E+02  7.716E+02  4.166E+01  3.329E+02
  4.088E+02  1.215E+02  2.506E+02  1.549E+02  2.038E+02  4.971E+02  4.388E+01  2.083E+02  5.582E+02  4.141E+02
  7.578E+02  7.085E+02  9.654E+02  9.297E+02  6.248E+02  3.468E+02  7.195E+02  1.616E+03  1.876E+03  1.646E+03
  0.000E+00  0.000E+00  0.000E+00  0.000E+00  1.845E+04  1.559E+04  1.778E+02  3.514E+02  6.849E+02  9.543E+02
  2.274E+02  8.688E+02  1.407E+03  2.790E+03  6.294E+03  1.083E+04  2.179E+04  3.043E+04  4.674E+04  4.982E+04
  5.281E+04  1.416E+02  1.507E+03  2.081E+03  7.115E+03  3.972E+04  7.512E+04  7.141E+04  7.864E+04  9.773E+04
  1.100E+05  1.355E+05  1.691E+05  1.885E+05  2.109E+05  2.329E+05  2.531E+05  2.741E+05  3.089E+05  3.851E+05
  4.807E+05  5.778E+05  6.844E+05  8.001E+05  9.079E+05  1.024E+06  1.111E+06  1.220E+06  1.278E+06  1.310E+06
  1.378E+06  1.436E+06  1.475E+06  1.469E+06  1.500E+06  1.541E+06  1.509E+06  1.521E+06  1.496E+06  7.306E+04
  3.569E+01  2.324E+00  5.640E+01  2.472E+01  2.737E+01  2.163E+02  1.954E+02  3.006E+02  3.450E+02  6.485E+01
  2.662E+02  2.238E+02  8.068E+01  6.932E+02  6.244E+01  1.314E+02  3.969E+02  3.357E+02  5.049E+02  2.707E+02
  1.657E+02  2.094E+02  2.514E+02  2.765E+02  6.034E+02  5.082E+02  0.000E+00  3.528E+02  3.852E+02  1.718E+02
  7.162E+01  8.561E+02  8.603E+02  5.199E+02  1.997E+03  9.938E+02  9.494E+02  8.648E+02  2.629E+02  2.015E+02
  0.000E+00  0.000E+00  0.000E+00  0.000E+00  1.699E+04  1.408E+04  1.202E+02  2.570E+02  6.777E+02  1.031E+03
  1.959E+02  3.803E+02  1.174E+03  2.476E+03  4.809E+03  9.205E+03  1.704E+04  2.027E+04  3.916E+04  4.263E+04
  4.554E+04  2.747E+02  1.452E+03  1.748E+03  2.752E+03  1.372E+04  4.728E+04  6.570E+04  6.994E+04  7.460E+04
  9.102E+04  9.724E+04  1.207E+05  1.472E+05  1.587E+05  1.841E+05  2.099E+05  2.214E+05  2.447E+05  2.883E+05
  3.539E+05  4.399E+05  5.215E+05  6.056E+05  7.128E+05  8.102E+05  8.961E+05  9.618E+05  1.038E+06  1.128E+06
  1.167E+06  1.222E+06  1.263E+06  1.311E+06  1.336E+06  1.340E+06  1.391E+06  1.415E+06  1.405E+06  6.802E+04
  0.000E+00  6.256E+01  4.549E+01  1.167E+02  1.190E+02  1.200E+01  2.145E+02  1.779E+02  1.812E+02  1.811E+02
  1.310E+02  2.653E+02  4.037E+00  2.637E+02  9.771E+01  1.404E+02  1.003E+02  3.216E+02  1.548E+02  5.816E+02
  4.904E+02  0.000E+00  1.674E+02  1.790E+02  6.230E+01  5.605E+02  6.079E+02  2.605E+02  2.117E+02  2.877E+02
  4.870E+02  5.830E+02  1.295E+03  9.880E+02  1.209E+03  9.415E+02  7.732E+02  1.129E+03  1.286E+03  8.123E+02
  0.000E+00  0.000E+00  0.000E+00  0.000E+00  1.537E+04  1.236E+04  2.413E+02  2.423E+02  5.538E+02  8.612E+02
  2.641E+02  3.151E+02  7.139E+02  2.240E+03  3.175E+03  7.859E+03  1.181E+04  1.708E+04  2.622E+04  4.030E+04
  3.570E+04  1.895E+02  1.264E+03  1.207E+03  2.253E+03  6.165E+03  1.960E+04  4.862E+04  6.084E+04  6.665E+04
  7.178E+04  8.294E+04  8.733E+04  1.103E+05  1.311E+05  1.378E+05  1.578E+05  1.812E+05  2.010E+05  2.265E+05
  2.676E+05  3.291E+05  3.822E+05  4.665E+05  5.465E+05  6.346E+05  7.055E+05  7.820E+05  8.466E+05  9.143E+05
  9.826E+05  1.048E+06  1.104E+06  1.141E+06  1.149E+06  1.215E+06  1.235E+06  1.246E+06  1.289E+06  6.161E+04
  0.000E+00  1.069E+02  0.000E+00  1.850E+02  1.460E+02  2.182E+02  6.200E+01  1.684E+02  7.418E+01  2.863E+02
  6.916E+00  1.916E+02  7.591E+01  4.436E+02  2.517E+02  9.604E+01  4.838E+02  4.296E+02  6.747E+01  1.833E+02
  2.898E+02  4.251E+02  1.004E+02  1.965E+02  7.469E+01  2.967E+02  6.234E+02  8.669E+02  4.605E+02  2.719E+02
  6.417E+01  7.514E+01  7.634E+02  9.332E+02  7.581E+02  6.274E+02  3.207E+02  5.209E+02  3.138E+02  1.282E+03
  0.000E+00  0.000E+00  0.000E+00  0.000E+00  1.360E+04  1.049E+04  2.174E+02  9.215E+01  5.057E+02  6.605E+02
  4.151E+02  5.518E+02  5.456E+02  1.953E+03  3.008E+03  6.209E+03  9.734E+03  1.449E+04  1.927E+04  3.506E+04
  3.035E+04  1.157E+02  1.144E+03  8.490E+02  2.097E+03  3.401E+03  8.423E+03  2.400E+04  4.659E+04  5.468E+04
  6.576E+04  6.904E+04  7.881E+04  7.930E+04  9.822E+04  1.160E+05  1.319E+05  1.510E+05  1.775E+05  1.871E+05
  2.080E+05  2.513E+05  3.037E+05  3.331E+05  4.213E+05  4.937E+05  5.680E+05  6.315E+05  6.927E+05  7.696E+05
  8.225E+05  8.637E+05  9.245E+05  9.914E+05  1.036E+06  1.042E+06  1.069E+06  1.131E+06  1.127E+06  5.208E+04
  0.000E+00  0.000E+00  0.000E+00  1.335E+02  4.621E+01  1.371E+02  0.000E+00  8.957E+01  1.846E+02  2.267E+02
  1.731E+02  2.853E+02  2.242E+02  1.879E+02  5.687E+01  0.000E+00  1.750E+02  3.938E+01  3.483E+02  3.927E+02
  2.863E+02  1.589E+02  1.887E+02  5.020E+02  3.340E+01  1.266E+02  4.007E+02  1.524E+03  5.329E+02  1.664E+02
  3.642E+02  1.196E+02  6.940E+02  1.050E+03  8.750E+02  1.042E+03  1.105E+03  6.200E+02  9.256E+02  1.568E+03
  0.000E+00  0.000E+00  0.000E+00  0.000E+00  1.272E+04  9.487E+03  2.631E+02  4.809E+01  4.202E+02  4.460E+02
  5.189E+02  7.258E+02  3.934E+02  1.480E+03  3.266E+03  4.778E+03  8.396E+03  1.149E+04  1.591E+04  2.565E+04
  2.864E+04  1.642E+02  9.427E+02  1.130E+03  1.689E+03  2.489E+03  4.192E+03  1.081E+04  3.178E+04  4.293E+04
  5.422E+04  6.025E+04  6.375E+04  7.385E+04  2.753E+04  7.786E+04  1.015E+05  1.065E+05  1.396E+05  1.616E+05
  1.749E+05  1.970E+05  2.413E+05  2.898E+05  3.193E+05  3.769E+05  4.416E+05  5.089E+05  5.686E+05  6.147E+05
  6.806E+05  7.385E+05  7.779E+05  8.221E+05  8.853E+05  9.149E+05  9.489E+05  9.470E+05  1.008E+06  4.641E+04
  0.000E+00  0.000E+00  0.000E+00  7.226E+01  0.000E+00  2.872E+01  7.046E+01  6.399E+01  1.541E+01  7.942E+01
  2.758E+01  2.460E+02  2.036E+02  2.887E+02  5.687E+01  3.504E+02  2.560E+02  1.832E+02  4.933E+02  4.801E+02
  1.540E+02  2.139E+02  2.237E+02  6.804E+02  1.820E+02  1.620E+01  3.676E+02  5.505E+02  8.801E+02  2.007E+02
  3.537E+02  3.169E+02  3.974E+02  4.228E+02  1.998E+02  4.940E+02  5.420E+02  1.405E+03  6.250E+02  1.118E+03
  0.000E+00  0.000E+00  0.000E+00  0.000E+00  1.305E+04  8.543E+03  4.241E+02  0.000E+00  2.541E+02  3.643E+02
  5.926E+02  5.803E+02  2.834E+02  1.240E+03  3.314E+03  3.831E+03  6.510E+03  9.357E+03  1.300E+04  1.842E+04
  2.580E+04  2.415E+02  8.243E+02  1.135E+03  1.497E+03  1.972E+03  2.547E+03  5.972E+03  1.387E+04  3.188E+04
  3.860E+04  5.190E+04  5.464E+04  6.251E+04  6.240E+03  1.752E+04  7.353E+04  9.342E+04  9.750E+04  1.292E+05
  1.505E+05  1.656E+05  1.933E+05  2.247E+05  2.676E+05  2.930E+05  3.443E+05  3.908E+05  4.654E+05  5.163E+05
  5.462E+05  6.043E+05  6.599E+05  7.038E+05  7.415E+05  7.836E+05  8.516E+05  8.795E+05  8.538E+05  3.731E+04
  0.000E+00  0.000E+00  9.511E+01  1.556E+02  4.599E+01  0.000E+00  4.864E+01  1.292E+02  3.402E+02  3.166E+01
  7.662E+01  3.837E+02  3.391E+01  1.498E+01  2.799E+02  3.046E+02  3.349E+02  2.185E+02  3.835E+02  1.280E+02
  3.079E+02  5.182E+02  1.329E+02  2.033E+02  4.058E+02  0.000E+00  1.326E+02  1.359E+02  1.117E+02  2.508E+02
  3.176E+02  1.249E+02  3.075E+02  5.953E+02  3.917E+02  1.021E+03  2.080E+02  1.337E+03  1.220E+02  5.266E+02
  0.000E+00  0.000E+00  0.000E+00  0.000E+00  1.312E+04  7.640E+03  6.007E+02  0.000E+00  2.320E+02  3.125E+02
  6.006E+02  3.955E+02  3.125E+02  1.150E+03  3.121E+03  2.990E+03  4.832E+03  8.100E+03  1.068E+04  1.402E+04
  2.280E+04  4.558E+03  8.024E+02  1.157E+03  1.492E+03  1.315E+03  2.303E+03  3.128E+03  6.935E+03  1.808E+04
  3.298E+04  3.602E+04  5.115E+04  5.259E+04  3.120E+03  2.758E+03  2.599E+04  7.412E+04  8.915E+04  9.795E+04
  1.211E+05  1.429E+05  1.501E+05  1.825E+05  2.088E+05  2.511E+05  2.851E+05  3.146E+05  3.549E+05  4.260E+05
  4.705E+05  5.057E+05  5.465E+05  6.055E+05  6.389E+05  6.922E+05  7.237E+05  7.839E+05  8.165E+05  3.533E+04
  4.029E+00  3.137E+01  1.276E+02  3.836E+01  0.000E+00  1.910E+02  0.000E+00  7.268E+01  4.234E+01  1.779E+02
  1.223E+02  6.357E+01  1.667E+02  2.672E+02  3.462E+02  3.958E+02  5.532E+02  2.834E+02  2.748E+02  3.541E+02
  0.000E+00  9.768E+01  7.018E+01  2.227E+02  6.651E+02  1.467E+02  2.739E+02  5.541E+02  4.120E+02  1.465E+02
  1.317E+02  5.434E+02  3.923E+02  2.324E+02  1.004E+03  8.788E+02  9.552E+02  5.558E+02  1.725E+02  3.415E+02
  0.000E+00  0.000E+00  0.000E+00  0.000E+00  1.265E+04  6.694E+03  5.789E+02  0.000E+00  3.187E+02  2.754E+02
  3.598E+02  1.332E+02  2.711E+02  1.390E+03  2.588E+03  2.666E+03  3.603E+03  6.700E+03  9.160E+03  1.125E+04
  1.798E+04  5.746E+03  4.351E+02  1.257E+03  1.278E+03  9.832E+02  2.198E+03  1.881E+03  3.855E+03  8.650E+03
  2.092E+04  3.143E+04  3.714E+04  4.884E+04  3.198E+03  1.578E+03  7.128E+03  2.889E+04  6.978E+04  8.926E+04
  9.227E+04  1.160E+05  1.275E+05  1.405E+05  1.688E+05  1.941E+05  2.318E+05  2.569E+05  2.959E+05  3.319E+05
  3.864E+05  4.272E+05  4.737E+05  5.057E+05  5.363E+05  5.903E+05  6.243E+05  6.862E+05  7.090E+05  3.019E+04
  8.649E+01  1.419E+02  9.543E+01  4.164E+01  0.000E+00  1.135E+02  1.549E+02  1.632E+02  6.158E+01  2.698E+02
  1.131E+02  1.440E+02  9.346E+01  2.040E+02  2.461E+02  1.364E+02  2.853E+02  1.008E+02  1.487E+01  2.305E+02
  7.452E+01  9.294E+01  4.444E+02  2.919E+02  4.847E+02  4.538E+02  3.129E+02  2.625E+02  5.264E+02  1.461E+02
  2.319E+02  5.649E+02  7.101E+02  1.685E+02  4.201E+01  7.332E+02  4.069E+01  2.134E+02  1.419E+02  6.163E+02
  0.000E+00  0.000E+00  0.000E+00  0.000E+00  1.230E+04  5.815E+03  7.205E+02  0.000E+00  3.187E+02  2.635E+02
  3.223E+02  1.542E+02  2.449E+02  1.217E+03  2.495E+03  2.452E+03  2.994E+03  5.299E+03  8.635E+03  8.651E+03
  1.411E+04  4.608E+03  2.742E+02  9.817E+02  1.300E+03  9.502E+02  1.919E+03  1.664E+03  1.715E+03  5.010E+03
  1.109E+04  2.307E+04  2.747E+04  3.456E+04  3.132E+03  1.331E+03  2.900E+03  1.105E+04  3.365E+04  6.734E+04
  8.662E+04  8.595E+04  1.043E+05  1.258E+05  1.389E+05  1.582E+05  1.843E+05  2.131E+05  2.429E+05  2.833E+05
  3.258E+05  3.612E+05  3.893E+05  4.277E+05  4.650E+05  4.950E+05  5.274E+05  5.620E+05  6.107E+05  2.676E+04
  1.155E+02  2.114E+02  1.933E+02  3.497E+01  7.210E+01  9.004E+01  2.074E+02  1.961E+02  2.420E+01  1.042E+02
  5.406E+01  2.741E+02  1.138E+02  1.377E+02  3.649E+02  1.910E+02  1.539E+02  7.739E+01  8.111E+01  9.659E+02
  3.589E+02  0.000E+00  9.632E+00  2.540E+02  2.991E+02  6.091E+02  1.754E+02  3.901E+01  5.703E+02  6.162E+02
  3.328E+02  3.957E+02  2.651E+02  2.967E+02  5.701E+02  3.772E+02  5.337E+02  2.640E+02  6.747E+02  3.570E+02
  0.000E+00  0.000E+00  0.000E+00  3.836E+02  1.174E+04  5.543E+03  8.019E+02  0.000E+00  2.627E+02  2.148E+02
  2.750E+02  2.029E+02  2.823E+02  1.060E+03  1.845E+03  2.400E+03  2.635E+03  4.051E+03  7.405E+03  7.971E+03
  1.009E+04  4.093E+03  1.398E+02  9.527E+02  1.369E+03  5.881E+02  1.476E+03  1.733E+03  1.470E+03  3.030E+03
  6.396E+03  1.368E+04  2.435E+04  2.578E+04  2.185E+03  9.707E+02  1.983E+03  6.260E+03  1.360E+04  3.784E+04
  6.115E+04  7.874E+04  8.310E+04  9.581E+04  1.308E+05  1.343E+05  1.552E+05  1.767E+05  2.041E+05  2.300E+05
  2.645E+05  2.970E+05  3.278E+05  3.515E+05  3.832E+05  4.272E+05  4.579E+05  4.756E+05  4.936E+05  2.205E+04
  0.000E+00  6.343E+01  1.311E+02  5.165E+01  0.000E+00  3.738E+01  5.456E+01  2.801E+02  3.962E+01  7.340E+01
  1.489E+02  2.407E+02  1.471E+02  2.424E+02  2.515E+02  2.702E+02  5.107E+02  5.635E+01  2.319E+02  2.251E+02
  2.750E+02  8.377E+02  9.355E+01  8.571E+01  1.922E+02  3.473E+02  7.868E+02  3.327E+02  2.167E+02  5.723E+02
  4.283E+02  1.091E+02  4.720E+02  7.757E+02  4.743E+01  5.012E+02  2.317E+02  8.109E+02  4.422E+02  8.688E+01
  0.000E+00  0.000E+00  0.000E+00  1.386E+03  1.060E+04  5.231E+03  7.897E+02  0.000E+00  2.156E+02  2.783E+02
  2.522E+02  1.662E+02  4.169E+02  8.822E+02  1.466E+03  2.164E+03  2.324E+03  3.107E+03  5.767E+03  7.183E+03
  7.058E+03  2.911E+03  2.598E+02  8.976E+02  1.111E+03  6.565E+02  1.475E+03  1.723E+03  1.667E+03  2.169E+03
  4.806E+03  8.878E+03  1.449E+04  2.464E+04  2.208E+03  5.287E+02  1.316E+03  3.177E+03  9.983E+03  1.515E+04
  3.654E+04  6.261E+04  7.478E+04  7.936E+04  9.843E+04  1.266E+05  1.279E+05  1.471E+05  1.632E+05  1.896E+05
  2.182E+05  2.507E+05  2.709E+05  2.969E+05  3.232E+05  3.527E+05  3.906E+05  4.305E+05  4.439E+05  1.732E+04
  3.370E+01  3.733E+01  6.763E+01  1.336E+01  9.124E+01  1.207E+02  2.700E+02  7.522E+01  1.535E+02  2.196E+02
  1.928E+02  1.578E+01  1.276E+02  6.560E+01  2.573E+02  5.852E+02  2.203E+02  1.359E+02  3.485E+02  4.150E+02
  3.490E+02  1.556E+02  2.653E+02  1.980E+02  6.971E+01  4.161E+02  4.251E+02  7.230E+01  3.355E+02  1.093E+02
  8.686E+02  2.667E+02  1.208E+02  4.216E+02  9.276E+02  5.718E+02  3.446E+02  5.663E+02  1.852E+02  5.269E+01
  0.000E+00  0.000E+00  0.000E+00  1.841E+03  1.013E+04  4.941E+03  8.759E+02  0.000E+00  1.853E+02  2.564E+02
  2.298E+02  1.662E+02  4.341E+02  8.426E+02  1.320E+03  1.665E+03  2.433E+03  3.350E+03  5.145E+03  6.909E+03
  4.715E+03  2.270E+03  1.510E+02  5.213E+02  8.394E+02  6.488E+02  1.047E+03  1.826E+03  1.565E+03  1.417E+03
  2.984E+03  5.630E+03  1.078E+04  1.612E+04  2.662E+03  4.054E+02  9.725E+02  2.999E+03  6.435E+03  1.015E+04
  1.665E+04  3.965E+04  5.871E+04  7.330E+04  7.880E+04  9.276E+04  1.170E+05  1.211E+05  1.376E+05  1.488E+05
  1.749E+05  2.082E+05  2.343E+05  2.502E+05  2.777E+05  3.037E+05  3.266E+05  3.608E+05  3.967E+05  1.597E+04
  1.521E+02  0.000E+00  6.855E+01  2.915E+02  3.916E+01  4.645E+01  3.275E+02  1.061E+02  1.183E+02  3.057E+02
  9.558E+00  1.499E+02  7.846E+01  6.743E+01  3.300E+02  2.989E+02  7.001E+01  3.921E+02  5.827E+02  4.273E+02
  3.357E+02  2.494E+02  1.271E+02  2.204E+02  3.388E+02  2.013E+02  4.746E+02  3.578E+02  5.352E+00  2.001E+02
  2.374E+02  6.302E+02  1.066E+02  9.067E+01  4.015E+02  8.247E+02  1.371E+02  2.279E+02  9.270E+02  7.261E+02
  0.000E+00  0.000E+00  0.000E+00  2.320E+03  9.388E+03  4.649E+03  9.964E+02  0.000E+00  1.391E+02  2.852E+02
  1.553E+02  3.065E+02  3.531E+02  6.046E+02  1.143E+03  1.458E+03  2.716E+03  2.506E+03  4.621E+03  6.919E+03
  4.312E+03  1.351E+03  1.717E+02  4.136E+02  7.785E+02  6.039E+02  7.474E+02  1.553E+03  1.444E+03  1.062E+03
  1.573E+03  4.438E+03  7.050E+03  1.141E+04  1.794E+03  3.364E+02  8.070E+02  2.377E+03  4.243E+03  7.095E+03
  1.126E+04  1.908E+04  3.575E+04  5.712E+04  6.969E+04  7.562E+04  9.096E+04  1.141E+05  1.176E+05  1.332E+05
  1.395E+05  1.597E+05  1.971E+05  2.229E+05  2.387E+05  2.645E+05  2.771E+05  3.101E+05  3.335E+05  1.297E+04
  1.514E+01  0.000E+00  2.173E+01  8.487E+01  7.671E+01  5.909E+01  9.937E+01  6.870E+01  7.628E+01  7.038E+01
  3.629E+02  6.170E+01  1.069E+02  0.000E+00  1.846E+02  1.147E+02  7.723E+01  5.560E+02  1.574E+02  3.719E+02
  0.000E+00  2.723E+02  6.557E+01  1.263E+02  2.114E+02  2.700E+01  4.928E+02  1.935E+02  0.000E+00  1.226E+02
  7.588E+01  1.568E+02  3.769E+02  3.819E+02  3.414E+02  3.494E+02  7.764E+02  2.663E+02  1.490E+02  7.988E+02
  0.000E+00  0.000E+00  0.000E+00  2.942E+03  8.445E+03  4.148E+03  9.908E+02  0.000E+00  3.204E+01  2.846E+02
  1.190E+02  3.522E+02  4.369E+02  4.479E+02  1.044E+03  1.497E+03  2.913E+03  1.981E+03  3.878E+03  5.023E+03
  4.553E+03  1.535E+03  2.716E+02  3.178E+02  6.423E+02  6.698E+02  5.644E+02  1.465E+03  9.157E+02  1.263E+03
  1.338E+03  2.293E+03  4.727E+03  9.221E+03  1.270E+03  2.510E+02  7.687E+02  1.897E+03  2.753E+03  4.878E+03
  9.655E+03  1.423E+04  2.052E+04  3.925E+04  5.349E+04  6.837E+04  7.458E+04  8.974E+04  1.045E+05  1.106E+05
  1.328E+05  1.250E+05  1.535E+05  1.804E+05  2.024E+05  2.215E+05  2.499E+05  2.603E+05  2.815E+05  1.004E+04
  0.000E+00  6.545E+01  0.000E+00  0.000E+00  2.127E+02  0.000E+00  0.000E+00  6.762E+01  2.136E+02  5.442E+01
  8.384E+01  3.994E+00  1.036E+02  0.000E+00  9.952E+01  2.371E+01  7.343E+01  1.523E+02  1.859E+02  2.044E+02
  0.000E+00  2.332E+02  0.000E+00  1.062E+02  4.103E+02  0.000E+00  2.500E+02  4.727E+01  0.000E+00  5.421E+01
  6.025E+01  3.074E+02  2.497E+02  7.321E+01  2.683E+02  1.973E+01  1.292E+02  4.516E+02  7.980E+02  1.124E+03
  0.000E+00  0.000E+00  0.000E+00  3.014E+03  7.949E+03  3.975E+03  9.127E+02  0.000E+00  5.672E+01  2.177E+02
  1.002E+02  3.367E+02  3.229E+02  4.067E+02  1.008E+03  1.541E+03  2.631E+03  1.991E+03  2.999E+03  3.973E+03
  4.838E+03  1.031E+03  1.317E+02  3.179E+02  6.063E+02  4.883E+02  6.925E+02  9.978E+02  1.081E+03  1.517E+03
  1.250E+03  1.605E+03  2.710E+03  5.114E+03  7.628E+02  2.308E+02  5.247E+02  1.578E+03  1.760E+03  3.195E+03
  7.287E+03  1.138E+04  1.431E+04  2.418E+04  3.781E+04  5.306E+04  6.613E+04  7.386E+04  8.415E+04  9.959E+04
  1.033E+05  1.261E+05  1.206E+05  1.425E+05  1.690E+05  1.954E+05  2.097E+05  2.298E+05  2.430E+05  8.150E+03
  2.201E+01  0.000E+00  0.000E+00  0.000E+00  1.981E+01  5.082E+01  4.147E+01  1.783E+02  1.502E+02  3.637E+01
  9.409E+01  2.753E+02  3.137E+02  6.569E+01  1.226E+02  4.296E+02  1.143E-01  2.329E+02  1.255E+02  8.844E+01
  1.039E+02  3.334E+02  0.000E+00  5.772E+01  7.136E+01  6.326E+01  2.783E+01  3.391E+02  7.379E+01  3.000E+02
  1.989E+02  0.000E+00  7.687E+01  3.529E+02  4.632E+02  2.309E+02  6.017E+02  4.946E+02  3.952E+02  1.870E+02
  0.000E+00  0.000E+00  0.000E+00  3.203E+03  7.377E+03  3.772E+03  8.095E+02  0.000E+00  0.000E+00  2.084E+02
  1.093E+02  1.699E+02  3.733E+02  4.729E+02  8.693E+02  1.201E+03  2.242E+03  1.706E+03  2.388E+03  3.448E+03
  5.026E+03  8.658E+02  1.318E+02  3.251E+02  4.630E+02  4.749E+02  8.362E+02  6.133E+02  1.179E+03  1.535E+03
  1.521E+03  9.889E+02  1.275E+03  3.046E+03  4.406E+02  3.686E+02  3.089E+02  1.140E+03  1.972E+03  2.486E+03
  4.480E+03  8.294E+03  1.057E+04  1.570E+04  2.663E+04  3.957E+04  5.425E+04  6.690E+04  7.220E+04  8.081E+04
  9.461E+04  1.013E+05  1.201E+05  1.150E+05  1.390E+05  1.570E+05  1.860E+05  2.008E+05  2.066E+05  7.286E+03
  7.430E+01  7.808E+01  0.000E+00  2.322E+01  0.000E+00  0.000E+00  0.000E+00  2.105E+02  1.764E+02  0.000E+00
  1.022E+01  1.927E+02  2.487E+02  1.497E+02  2.303E+02  3.606E+02  5.848E+01  8.504E+01  2.593E+01  4.346E+02
  5.387E+02  2.369E+02  0.000E+00  6.475E+01  2.406E+02  3.969E+02  0.000E+00  0.000E+00  2.325E+02  5.020E+02
  1.561E+02  0.000E+00  1.616E+02  1.299E+02  1.815E+02  1.894E+02  6.476E+02  5.898E+02  4.975E+02  2.389E+02
  0.000E+00  0.000E+00  0.000E+00  3.439E+03  6.803E+03  3.513E+03  8.550E+02  0.000E+00  0.000E+00  1.857E+02
  1.688E+02  1.183E+02  3.181E+02  4.165E+02  8.947E+02  9.011E+02  1.792E+03  1.552E+03  2.011E+03  2.675E+03
  4.265E+03  1.250E+03  2.462E+02  2.975E+02  4.711E+02  6.048E+02  8.082E+02  6.774E+02  9.897E+02  1.249E+03
  1.414E+03  6.631E+02  9.326E+02  2.236E+03  1.311E+03  1.620E+02  2.431E+02  8.840E+02  1.680E+03  2.125E+03
  4.028E+03  3.888E+03  8.772E+03  1.207E+04  1.801E+04  2.850E+04  4.121E+04  5.240E+04  6.464E+04  6.755E+04
  8.261E+04  8.994E+04  9.974E+04  1.120E+05  1.112E+05  1.341E+05  1.511E+05  1.705E+05  1.839E+05  5.509E+03
  6.774E+01  1.241E+02  5.313E+01  7.646E+01  7.448E+01  0.000E+00  0.000E+00  4.411E+02  7.444E+01  2.815E+01
  2.745E+01  1.403E+01  9.847E+01  1.332E+02  2.021E+02  3.039E+02  4.435E+02  2.176E+02  2.630E+02  8.723E-01
  2.090E+02  2.856E+02  5.497E+01  5.900E+01  5.333E+01  5.506E+02  4.893E+01  1.857E+01  3.342E+01  4.995E+02
  2.479E+02  2.614E+02  3.948E+02  1.513E+01  1.545E+02  4.558E+02  3.335E+02  8.008E+01  6.926E+02  0.000E+00
  0.000E+00  0.000E+00  0.000E+00  3.588E+03  6.105E+03  3.270E+03  8.373E+02  0.000E+00  0.000E+00  1.638E+02
  1.655E+02  9.716E+01  8.950E+01  4.558E+02  7.077E+02  5.915E+02  1.629E+03  1.832E+03  1.779E+03  2.080E+03
  3.372E+03  1.250E+03  1.900E+02  3.686E+02  3.895E+02  6.173E+02  8.098E+02  9.813E+02  7.406E+02  8.394E+02
  1.604E+03  7.828E+02  8.018E+02  6.879E+02  2.259E+03  7.488E+01  1.671E+02  6.982E+02  1.329E+03  1.681E+03
  2.587E+03  4.483E+03  6.502E+03  8.410E+03  1.318E+04  1.793E+04  3.048E+04  3.834E+04  4.971E+04  6.445E+04
  6.968E+04  7.345E+04  8.591E+04  9.164E+04  1.118E+05  1.070E+05  1.304E+05  1.471E+05  1.681E+05  5.285E+03
  0.000E+00  0.000E+00  7.169E+01  4.584E+01  0.000E+00  0.000E+00  0.000E+00  7.721E+01  0.000E+00  4.050E+01
  9.753E+01  2.113E+02  2.469E+02  1.321E+02  1.953E+02  2.504E+02  2.665E+00  5.053E+01  0.000E+00  5.707E+01
  4.498E+01  8.109E+01  1.127E+02  1.318E+00  9.370E+01  2.647E+02  5.199E+02  4.855E+02  0.000E+00  2.775E+02
  2.999E+02  2.222E+02  4.088E+02  4.220E+01  3.356E+02  5.506E+02  5.259E+02  1.332E+02  1.588E+02  0.000E+00
  0.000E+00  0.000E+00  0.000E+00  3.835E+03  5.223E+03  3.111E+03  7.509E+02  0.000E+00  0.000E+00  1.296E+02
  1.032E+02  5.983E+01  5.623E+01  4.416E+02  6.119E+02  5.916E+02  1.475E+03  1.918E+03  1.654E+03  1.658E+03
  2.587E+03  9.804E+02  1.259E+02  3.799E+02  4.135E+02  6.115E+02  8.445E+02  1.003E+03  8.456E+02  7.625E+02
  9.807E+02  1.239E+03  7.196E+02  5.659E+02  1.514E+03  1.456E+01  1.247E+02  4.186E+02  1.115E+03  1.586E+03
  1.701E+03  3.804E+03  4.223E+03  7.361E+03  9.058E+03  1.235E+04  2.184E+04  2.769E+04  3.728E+04  5.040E+04
  6.389E+04  6.791E+04  6.842E+04  8.201E+04  8.627E+04  1.045E+05  1.038E+05  1.254E+05  1.453E+05  4.659E+03
  5.232E+01  0.000E+00  5.810E+01  7.287E+00  0.000E+00  4.137E+01  1.538E+01  1.571E+02  0.000E+00  1.126E+02
  2.529E+02  1.980E+02  2.265E+02  2.165E+02  8.556E+01  2.312E+02  9.702E+01  1.216E+02  1.734E+02  0.000E+00
  2.823E+02  4.019E+01  2.828E+01  0.000E+00  6.871E+01  1.778E+02  4.283E+02  3.486E+02  2.219E+00  7.328E+01
  4.308E+01  1.946E+02  8.967E+02  1.953E+02  1.054E+02  1.035E+02  3.748E+02  1.738E+02  1.079E+02  2.660E+02
  0.000E+00  0.000E+00  0.000E+00  3.760E+03  4.959E+03  2.653E+03  5.191E+02  0.000E+00  0.000E+00  1.296E+02
  7.083E+01  5.983E+01  1.138E+02  3.534E+02  6.431E+02  6.468E+02  1.338E+03  1.550E+03  1.473E+03  1.297E+03
  2.413E+03  9.027E+02  7.573E+01  3.915E+02  4.014E+02  5.557E+02  8.890E+02  1.034E+03  6.778E+02  6.881E+02
  7.901E+02  1.389E+03  8.305E+02  7.322E+02  1.130E+03  1.102E+02  1.857E+02  3.635E+02  7.987E+02  1.830E+03
  1.405E+03  2.942E+03  3.716E+03  5.784E+03  5.819E+03  1.060E+04  1.519E+04  2.393E+04  2.897E+04  3.798E+04
  5.007E+04  6.464E+04  6.465E+04  6.537E+04  8.203E+04  8.966E+04  9.553E+04  1.043E+05  1.215E+05  3.459E+03
  2.807E+01  4.532E+01  4.922E+01  1.455E+00  0.000E+00  4.496E+01  5.955E+01  2.380E+02  6.944E+01  1.528E+02
  1.381E+02  3.376E+02  6.387E+01  2.415E+02  1.944E+02  4.197E+02  3.485E+01  0.000E+00  4.914E+02  0.000E+00
  2.070E+02  3.712E+01  2.420E+00  8.763E+01  1.857E+02  0.000E+00  2.781E+02  2.721E+02  5.703E+01  5.879E+01
  3.062E+01  1.746E+02  2.282E+02  1.992E+02  8.719E+01  0.000E+00  4.063E+02  1.010E+02  8.011E+01  1.225E+02
  0.000E+00  0.000E+00  0.000E+00  3.709E+03  4.733E+03  2.308E+03  5.148E+02  0.000E+00  0.000E+00  1.296E+02
  1.013E+02  5.983E+01  1.623E+02  2.825E+02  6.639E+02  6.514E+02  1.309E+03  1.419E+03  1.328E+03  9.255E+02
  1.939E+03  9.271E+02  5.692E+01  4.074E+02  4.359E+02  4.734E+02  6.829E+02  9.898E+02  8.236E+02  8.045E+02
  6.039E+02  1.205E+03  9.838E+02  9.469E+02  7.355E+02  1.976E+02  6.247E+01  5.201E+02  6.663E+02  1.226E+03
  1.732E+03  2.662E+03  2.590E+03  5.241E+03  5.354E+03  7.993E+03  1.316E+04  1.632E+04  2.363E+04  3.015E+04
  3.545E+04  4.980E+04  6.227E+04  6.171E+04  6.709E+04  8.035E+04  8.676E+04  9.267E+04  9.833E+04  2.540E+03
  7.114E+01  9.090E+01  0.000E+00  7.164E+01  0.000E+00  0.000E+00  2.546E+01  1.472E+02  1.421E+02  3.642E+01
  1.064E+02  9.710E+01  1.073E+02  1.200E+02  3.244E+02  6.022E+01  8.335E+01  0.000E+00  1.542E+02  0.000E+00
  1.556E+02  3.196E+02  2.061E+02  2.249E+02  9.083E+02  3.516E+02  1.242E+02  1.143E+02  1.080E+02  8.386E+01
  5.157E+02  9.289E+00  1.061E+02  1.636E+02  6.040E+01  0.000E+00  3.047E+02  2.620E+02  9.889E+01  0.000E+00
  0.000E+00  0.000E+00  0.000E+00  3.783E+03  4.548E+03  2.092E+03  5.560E+02  0.000E+00  0.000E+00  1.296E+02
  1.503E+02  5.983E+01  1.623E+02  3.194E+02  6.483E+02  6.426E+02  1.252E+03  1.147E+03  1.044E+03  9.111E+02
  1.490E+03  7.834E+02  5.692E+01  3.732E+02  4.463E+02  4.007E+02  5.471E+02  8.575E+02  8.497E+02  8.878E+02
  5.967E+02  1.096E+03  1.120E+03  8.620E+02  6.312E+02  1.684E+02  4.959E+01  4.233E+02  8.698E+02  6.098E+02
  1.471E+03  1.685E+03  2.492E+03  4.739E+03  4.833E+03  6.656E+03  9.104E+03  1.503E+04  1.830E+04  2.353E+04
  3.047E+04  3.236E+04  4.650E+04  5.691E+04  5.977E+04  6.791E+04  8.108E+04  8.116E+04  8.961E+04  2.618E+03
  1.380E+01  1.912E+02  0.000E+00  1.466E+02  0.000E+00  1.149E+02  2.753E+01  1.128E+02  1.214E+02  1.351E+02
  5.437E+01  3.220E+01  1.522E+02  1.023E+02  2.313E+02  7.774E+01  0.000E+00  7.244E+01  3.078E+02  1.561E+01
  4.039E+01  0.000E+00  3.452E+02  0.000E+00  3.110E+02  6.719E+02  1.027E+02  1.223E+02  1.796E+02  4.048E+02
  3.165E+02  3.780E+02  1.361E+02  9.895E+01  0.000E+00  1.148E+02  1.535E+02  1.954E+02  1.475E+02  1.304E+02
  0.000E+00  0.000E+00  4.212E+00  3.793E+03  4.500E+03  1.891E+03  4.800E+02  0.000E+00  0.000E+00  1.296E+02
  1.726E+02  5.983E+01  1.623E+02  3.643E+02  5.193E+02  4.784E+02  1.158E+03  9.178E+02  9.076E+02  1.193E+03
  1.048E+03  6.489E+02  9.914E+01  2.518E+02  5.411E+02  4.626E+02  4.152E+02  8.672E+02  8.558E+02  8.538E+02
  7.041E+02  7.987E+02  1.062E+03  8.528E+02  4.661E+02  1.639E+02  7.052E+01  5.635E+02  5.740E+02  2.894E+02
  1.263E+03  1.443E+03  2.093E+03  3.308E+03  4.543E+03  6.655E+03  7.670E+03  1.142E+04  1.371E+04  2.000E+04
  2.394E+04  2.845E+04  3.166E+04  4.959E+04  5.398E+04  5.657E+04  6.449E+04  8.268E+04  7.445E+04  1.928E+03
  0.000E+00  7.616E+01  0.000E+00  7.223E+01  0.000E+00  4.437E+01  8.117E+01  0.000E+00  3.699E+01  4.987E+01
  1.144E+02  1.719E+02  9.052E+01  6.816E+01  5.315E+01  3.980E+02  1.631E+02  4.266E+01  1.803E+02  7.134E+01
  1.344E+02  1.971E+02  2.354E+02  0.000E+00  7.474E+00  2.100E+02  2.876E+02  1.103E+02  6.952E+02  1.563E+02
  4.780E+02  3.120E+02  4.037E+01  6.292E+00  7.732E+01  2.970E+02  0.000E+00  3.907E+02  2.597E+02  1.300E+02
  0.000E+00  0.000E+00  1.129E+02  3.634E+03  4.062E+03  1.770E+03  4.963E+02  0.000E+00  0.000E+00  8.254E+01
  9.005E+01  5.983E+01  7.316E+01  4.383E+02  3.722E+02  5.919E+02  8.228E+02  1.005E+03  9.496E+02  1.183E+03
  7.946E+02  5.241E+02  1.427E+02  2.278E+02  3.994E+02  5.742E+02  3.775E+02  7.492E+02  7.756E+02  7.474E+02
  7.434E+02  9.248E+02  1.032E+03  8.858E+02  8.000E+02  1.115E+02  1.585E+02  4.851E+02  5.506E+02  4.326E+02
  7.607E+02  1.497E+03  1.846E+03  2.529E+03  3.534E+03  4.414E+03  6.882E+03  8.574E+03  1.385E+04  1.254E+04
  2.149E+04  2.168E+04  2.542E+04  3.675E+04  4.665E+04  5.177E+04  5.287E+04  6.421E+04  7.504E+04  1.727E+03
  3.766E+01  0.000E+00  0.000E+00  1.308E+02  5.619E+01  0.000E+00  7.560E+01  0.000E+00  3.002E+01  0.000E+00
  9.482E+01  0.000E+00  3.007E+01  8.490E+01  2.841E+01  8.755E+01  0.000E+00  3.535E+01  1.341E+02  1.641E+02
  2.165E+02  6.602E+00  3.799E+02  6.134E+01  0.000E+00  8.452E+01  1.446E+02  3.114E+02  2.712E+02  3.569E+02
  3.069E+02  2.976E+02  0.000E+00  0.000E+00  8.274E+00  4.390E+02  3.891E-01  0.000E+00  8.568E+02  1.033E+02
  3.233E+01  0.000E+00  2.815E+02  3.769E+03  3.744E+03  1.725E+03  5.245E+02  0.000E+00  0.000E+00  6.507E+01
  8.746E+01  5.983E+01  2.034E+02  3.430E+02  3.217E+02  6.013E+02  6.619E+02  9.089E+02  1.034E+03  1.159E+03
  6.256E+02  5.184E+02  1.813E+02  2.580E+02  4.497E+02  6.794E+02  4.260E+02  5.581E+02  7.523E+02  7.201E+02
  8.299E+02  7.929E+02  8.460E+02  9.350E+02  7.838E+02  1.234E+02  2.834E+02  2.229E+02  4.904E+02  5.550E+02
  7.185E+02  1.286E+03  1.803E+03  2.076E+03  2.954E+03  3.642E+03  6.423E+03  7.919E+03  1.008E+04  1.258E+04
  1.485E+04  1.794E+04  2.260E+04  2.658E+04  3.632E+04  4.283E+04  4.948E+04  5.195E+04  6.310E+04  1.587E+03
  7.303E+01  0.000E+00  3.725E+01  7.578E+01  1.226E+02  1.498E+02  1.164E+02  4.738E+01  6.647E+01  0.000E+00
  8.374E+01  5.922E+01  7.979E+01  5.687E+01  0.000E+00  0.000E+00  0.000E+00  5.845E+01  0.000E+00  5.954E+01
  1.533E+02  6.128E+01  3.049E+02  8.191E+01  5.172E+01  5.741E+01  1.916E+02  2.734E+02  2.021E+02  4.966E+02
  1.565E+02  2.430E+01  6.428E+00  0.000E+00  9.465E+01  5.220E+01  4.672E+02  0.000E+00  7.935E+01  1.549E+02
  1.104E+02  0.000E+00  5.237E+02  3.827E+03  3.545E+03  1.801E+03  4.417E+02  0.000E+00  0.000E+00  9.071E+01
  1.248E+02  5.983E+01  2.190E+02  3.923E+02  2.837E+02  6.039E+02  4.257E+02  8.462E+02  9.487E+02  1.176E+03
  5.834E+02  3.159E+02  1.681E+02  2.924E+02  4.406E+02  6.164E+02  4.128E+02  5.627E+02  6.571E+02  6.822E+02
  7.708E+02  6.378E+02  9.531E+02  9.333E+02  6.606E+02  1.927E+02  4.320E+02  2.933E+02  4.359E+02  6.497E+02
  7.343E+02  1.348E+03  2.103E+03  1.510E+03  2.513E+03  3.700E+03  5.156E+03  7.949E+03  7.892E+03  1.104E+04
  1.090E+04  1.743E+04  1.779E+04  2.206E+04  2.712E+04  3.456E+04  4.256E+04  4.799E+04  5.256E+04  1.433E+03
  4.202E+01  0.000E+00  6.477E+01  1.300E+02  6.456E+01  2.960E+02  0.000E+00  5.630E+01  1.132E+02  0.000E+00
  5.437E+01  1.716E+01  8.517E+01  5.687E+01  0.000E+00  0.000E+00  0.000E+00  1.166E+02  7.898E+01  1.012E+02
  2.002E+02  7.432E+01  2.890E+01  1.157E+02  1.304E+02  1.055E+02  3.391E+01  4.392E+02  1.964E+02  9.540E+01
  8.358E+01  6.360E+01  0.000E+00  0.000E+00  3.268E+01  3.941E+01  2.402E+02  9.592E+01  1.231E+02  0.000E+00
  5.117E+00  0.000E+00  8.680E+02  3.635E+03  3.235E+03  1.835E+03  3.411E+02  0.000E+00  0.000E+00  1.287E+02
  9.206E+01  5.983E+01  9.850E+01  3.660E+02  3.101E+02  4.753E+02  4.585E+02  8.744E+02  7.396E+02  8.322E+02
  1.006E+03  6.336E+01  1.681E+02  2.649E+02  4.166E+02  5.040E+02  5.001E+02  6.614E+02  3.413E+02  9.982E+02
  7.307E+02  4.247E+02  1.078E+03  1.078E+03  5.999E+02  5.461E+02  2.782E+02  2.029E+02  4.217E+02  6.232E+02
  6.712E+02  1.298E+03  1.537E+03  1.660E+03  1.930E+03  2.742E+03  4.305E+03  6.645E+03  6.865E+03  8.012E+03
  1.197E+04  1.235E+04  1.581E+04  1.764E+04  2.229E+04  2.881E+04  3.444E+04  4.368E+04  4.478E+04  1.222E+03
  0.000E+00  0.000E+00  5.188E+01  1.348E+02  1.831E+02  1.627E+02  0.000E+00  1.208E+02  5.866E+00  0.000E+00
  1.116E+02  0.000E+00  1.993E+02  5.687E+01  1.160E+02  3.531E+01  0.000E+00  0.000E+00  2.032E+02  8.372E+01
  0.000E+00  0.000E+00  4.430E+01  3.455E+02  5.598E+01  2.953E+02  7.732E+01  1.130E+02  3.340E+02  0.000E+00
  1.452E+02  1.090E+02  0.000E+00  0.000E+00  0.000E+00  6.894E+01  1.331E+02  2.489E+02  7.681E+01  3.365E+01
  0.000E+00  0.000E+00  1.194E+03  3.587E+03  2.833E+03  1.996E+03  2.993E+02  0.000E+00  0.000E+00  9.051E+01
  1.027E+02  5.983E+01  9.850E+01  3.245E+02  3.679E+02  4.565E+02  4.787E+02  8.266E+02  5.580E+02  5.517E+02
  1.182E+03  2.846E+01  1.611E+02  2.153E+02  5.554E+02  3.131E+02  5.601E+02  6.233E+02  3.435E+02  9.868E+02
  5.959E+02  6.025E+02  8.372E+02  1.064E+03  8.029E+02  6.018E+02  1.171E+02  1.961E+02  4.063E+02  7.695E+02
  6.396E+02  1.149E+03  1.242E+03  1.728E+03  2.294E+03  1.901E+03  3.609E+03  4.918E+03  6.203E+03  5.843E+03
  8.110E+03  1.175E+04  1.492E+04  1.353E+04  2.036E+04  2.385E+04  2.578E+04  3.372E+04  4.298E+04  1.172E+03
  0.000E+00  0.000E+00  6.595E+01  5.856E+01  3.244E+02  6.219E+01  7.419E+01  2.079E+02  0.000E+00  0.000E+00
  5.437E+01  1.719E+02  4.559E+01  5.687E+01  0.000E+00  2.548E+02  9.199E+01  0.000E+00  1.994E+01  6.143E+01
  0.000E+00  0.000E+00  1.800E+01  3.227E+02  1.548E+02  7.112E+01  7.884E+01  1.347E+02  1.429E+02  3.300E+01
  1.263E+02  1.855E+02  8.221E+01  0.000E+00  6.633E+01  7.328E+01  0.000E+00  4.817E+01  0.000E+00  1.492E+02
  0.000E+00  0.000E+00  1.382E+03  3.285E+03  2.712E+03  1.909E+03  3.203E+02  0.000E+00  0.000E+00  6.360E+01
  1.296E+02  5.983E+01  1.440E+02  2.982E+02  3.008E+02  4.708E+02  3.756E+02  7.958E+02  4.190E+02  4.775E+02
  1.102E+03  2.329E+02  1.117E+02  2.260E+02  5.554E+02  2.971E+02  5.340E+02  5.845E+02  5.853E+02  1.055E+03
  5.474E+02  6.020E+02  5.962E+02  1.200E+03  8.431E+02  1.526E+02  1.747E+02  2.033E+02  4.781E+02  4.385E+02
  1.003E+03  1.025E+03  1.151E+03  1.890E+03  1.906E+03  2.360E+03  3.281E+03  4.447E+03  5.129E+03  6.129E+03
  5.594E+03  1.025E+04  1.108E+04  1.479E+04  1.565E+04  2.166E+04  1.983E+04  2.928E+04  3.585E+04  7.990E+02
  0.000E+00  2.976E+01  1.930E+02  1.152E+02  1.369E+02  4.197E+01  8.459E+01  1.149E+02  0.000E+00  0.000E+00
  5.437E+01  7.610E+01  0.000E+00  5.687E+01  0.000E+00  1.685E+01  5.672E+01  1.223E+02  0.000E+00  3.137E+01
  6.109E+00  0.000E+00  5.953E+01  1.382E+02  2.854E+02  0.000E+00  0.000E+00  7.146E+01  1.172E+02  0.000E+00
  1.387E+02  2.254E+02  0.000E+00  0.000E+00  1.880E+01  5.325E+01  0.000E+00  6.567E+01  0.000E+00  4.345E+01

#------------------------------------------------------------------------------
# gshow
#------------------------------------------------------------------------------

p: legs[c5*0.875]

w:2/ x(  -0.3069236E+01) y(  -0.4368900E+01) ix(2) iy(2) s(   0.7000E+00)

hb:   line clip z  
frame:
 -4.9998594E+00 -6.9999675E+00
  1.1000014E+02 -6.9999675E+00
  1.1000014E+02  7.0000325E+00
 -4.9998594E+00  7.0000325E+00
clip:
 -6.13847189E+00 -7.13858102E+00
  0.00000000E+00 -7.13858102E+00
  0.00000000E+00 -7.10515018E+00
  0.00000000E+00 -6.99580874E+00
  0.00000000E+00 -6.96237790E+00
  0.00000000E+00 -6.85303647E+00
  0.00000000E+00 -6.81960562E+00
  0.00000000E+00 -6.71026419E+00
  0.00000000E+00 -6.67683335E+00
  0.00000000E+00 -6.56749191E+00
  0.00000000E+00 -6.53406107E+00
  0.00000000E+00 -6.42471964E+00
  0.00000000E+00 -6.39128879E+00
  0.00000000E+00 -6.28194736E+00
  0.00000000E+00 -6.24851652E+00
  0.00000000E+00 -6.13917508E+00
  0.00000000E+00 -6.10574424E+00
  0.00000000E+00 -5.99640280E+00
  0.00000000E+00 -5.96297196E+00
  0.00000000E+00 -5.85363053E+00
  0.00000000E+00 -5.82019968E+00
  0.00000000E+00 -5.71085825E+00
  0.00000000E+00 -5.67742741E+00
  0.00000000E+00 -5.56808597E+00
  0.00000000E+00 -5.53465513E+00
  0.00000000E+00 -5.42531370E+00
  0.00000000E+00 -5.39188285E+00
  0.00000000E+00 -5.28254142E+00
  0.00000000E+00 -5.24911057E+00
  0.00000000E+00 -5.13976914E+00
  0.00000000E+00 -5.10633830E+00
  0.00000000E+00 -4.99699686E+00
  0.00000000E+00 -4.96356602E+00
  0.00000000E+00 -4.85422459E+00
  0.00000000E+00 -4.82079374E+00
  0.00000000E+00 -4.71145231E+00
  0.00000000E+00 -4.67802147E+00
  0.00000000E+00 -4.56868003E+00
  0.00000000E+00 -4.53524919E+00
  0.00000000E+00 -4.42590775E+00
  0.00000000E+00 -4.39247691E+00
  0.00000000E+00 -4.28313548E+00
  0.00000000E+00 -4.24970463E+00
  0.00000000E+00 -4.14036320E+00
  0.00000000E+00 -4.10693236E+00
  0.00000000E+00 -3.99759092E+00
  0.00000000E+00 -3.96416008E+00
  0.00000000E+00 -3.85481865E+00
  0.00000000E+00 -3.82138780E+00
  0.00000000E+00 -3.71204637E+00
  0.00000000E+00 -3.67861552E+00
  0.00000000E+00 -3.56927409E+00
  0.00000000E+00 -3.53584325E+00
 -2.74610500E-01 -3.49964284E+00
 -8.46581502E-01 -3.49964284E+00
 -1.44738278E+00 -3.49964284E+00
 -2.01935378E+00 -3.49964284E+00
 -2.50000000E+00 -3.42650181E+00
 -2.50000000E+00 -3.41187424E+00
 -2.50000000E+00 -3.28372954E+00
 -2.50000000E+00 -3.26910196E+00
 -2.50000000E+00 -3.14095726E+00
 -2.50000000E+00 -3.12632969E+00
 -2.50000000E+00 -2.99818498E+00
 -2.50000000E+00 -2.98355741E+00
 -2.50000000E+00 -2.85541271E+00
 -2.50000000E+00 -2.84078513E+00
 -2.50000000E+00 -2.71264043E+00
 -2.50000000E+00 -2.69801286E+00
 -2.50000000E+00 -2.56986815E+00
 -2.50000000E+00 -2.55524058E+00
 -2.50000000E+00 -2.42709587E+00
 -2.50000000E+00 -2.41246830E+00
 -2.50000000E+00 -2.28432360E+00
 -2.50000000E+00 -2.26969602E+00
 -2.50000000E+00 -2.14155132E+00
 -2.50000000E+00 -2.12692375E+00
 -2.50000000E+00 -1.99877904E+00
 -2.50000000E+00 -1.98415147E+00
 -2.50000000E+00 -1.85600676E+00
 -2.50000000E+00 -1.84137919E+00
 -2.50000000E+00 -1.71323449E+00
 -2.50000000E+00 -1.69860692E+00
 -2.62015505E+00 -1.59921856E+00
 -3.55671447E+00 -1.59921856E+00
 -3.79292733E+00 -1.59921856E+00
 -4.72948674E+00 -1.59921856E+00
 -4.96569961E+00 -1.59921856E+00
 -5.90225902E+00 -1.59921856E+00
 -6.13847189E+00 -1.59921856E+00
 -6.13847189E+00 -1.71323449E+00
 -6.13847189E+00 -1.85600676E+00
 -6.13847189E+00 -1.99877904E+00
 -6.13847189E+00 -2.14155132E+00
 -6.13847189E+00 -2.28432360E+00
 -6.13847189E+00 -2.42709587E+00
 -6.13847189E+00 -2.56986815E+00
 -6.13847189E+00 -2.71264043E+00
 -6.13847189E+00 -2.85541271E+00
 -6.13847189E+00 -2.99818498E+00
 -6.13847189E+00 -3.14095726E+00
 -6.13847189E+00 -3.28372954E+00
 -6.13847189E+00 -3.42650181E+00
 -6.13847189E+00 -3.56927409E+00
 -6.13847189E+00 -3.71204637E+00
 -6.13847189E+00 -3.85481865E+00
 -6.13847189E+00 -3.99759092E+00
 -6.13847189E+00 -4.14036320E+00
 -6.13847189E+00 -4.28313548E+00
 -6.13847189E+00 -4.42590775E+00
 -6.13847189E+00 -4.56868003E+00
 -6.13847189E+00 -4.71145231E+00
 -6.13847189E+00 -4.85422459E+00
 -6.13847189E+00 -4.99699686E+00
 -6.13847189E+00 -5.13976914E+00
 -6.13847189E+00 -5.28254142E+00
 -6.13847189E+00 -5.42531370E+00
 -6.13847189E+00 -5.56808597E+00
 -6.13847189E+00 -5.71085825E+00
 -6.13847189E+00 -5.85363053E+00
 -6.13847189E+00 -5.99640280E+00
 -6.13847189E+00 -6.13917508E+00
 -6.13847189E+00 -6.28194736E+00
 -6.13847189E+00 -6.42471964E+00
 -6.13847189E+00 -6.56749191E+00
 -6.13847189E+00 -6.71026419E+00
 -6.13847189E+00 -6.85303647E+00
 -6.13847189E+00 -6.99580874E+00
 -6.13847189E+00 -7.13858102E+00

w:2100/ x(   0.1250000E+01) y(   0.3283950E-04) ix(2) iy(2) s(   0.7000E+00)

hb:   line clip z  
frame:
 -4.9998594E+00 -6.9999675E+00
  1.1000014E+02 -6.9999675E+00
  1.1000014E+02  7.0000325E+00
 -4.9998594E+00  7.0000325E+00
clip:
  8.98161777E-01 -7.13858102E+00
  2.50000000E+00 -7.13858102E+00
  2.50000000E+00 -7.08634691E+00
  2.50000000E+00 -6.99580874E+00
  2.50000000E+00 -6.94357463E+00
  2.50000000E+00 -6.85303647E+00
  2.50000000E+00 -6.80080235E+00
  2.50000000E+00 -6.71026419E+00
  2.50000000E+00 -6.65803008E+00
  2.50000000E+00 -6.56749191E+00
  2.50000000E+00 -6.51525780E+00
  2.50000000E+00 -6.42471964E+00
  2.50000000E+00 -6.37248552E+00
  2.50000000E+00 -6.28194736E+00
  2.50000000E+00 -6.22971324E+00
  2.50000000E+00 -6.13917508E+00
  2.50000000E+00 -6.08694097E+00
  2.50000000E+00 -5.99640280E+00
  2.50000000E+00 -5.94416869E+00
  2.50000000E+00 -5.85363053E+00
  2.50000000E+00 -5.80139641E+00
  2.50000000E+00 -5.71085825E+00
  2.50000000E+00 -5.65862413E+00
  2.50000000E+00 -5.56808597E+00
  2.50000000E+00 -5.51585186E+00
  2.50000000E+00 -5.42531370E+00
  2.50000000E+00 -5.37307958E+00
  2.50000000E+00 -5.28254142E+00
  2.50000000E+00 -5.23030730E+00
  2.50000000E+00 -5.13976914E+00
  2.50000000E+00 -5.08753503E+00
  2.50000000E+00 -4.99699686E+00
  2.50000000E+00 -4.94476275E+00
  2.50000000E+00 -4.85422459E+00
  2.50000000E+00 -4.80199047E+00
  2.50000000E+00 -4.71145231E+00
  2.50000000E+00 -4.65921819E+00
  2.50000000E+00 -4.56868003E+00
  2.50000000E+00 -4.51644592E+00
  2.50000000E+00 -4.42590775E+00
  2.50000000E+00 -4.37367364E+00
  2.50000000E+00 -4.28313548E+00
  2.50000000E+00 -4.23090136E+00
  2.50000000E+00 -4.14036320E+00
  2.50000000E+00 -4.08812908E+00
  2.50000000E+00 -3.99759092E+00
  2.50000000E+00 -3.94535681E+00
  2.50000000E+00 -3.85481865E+00
  2.50000000E+00 -3.80258453E+00
  2.50000000E+00 -3.71204637E+00
  2.50000000E+00 -3.65981225E+00
  2.50000000E+00 -3.56927409E+00
  2.50000000E+00 -3.51703998E+00
  2.07093405E+00 -3.45000000E+00
  1.87000000E+00 -3.42650181E+00
  1.87000000E+00 -3.30819107E+00
  1.87000000E+00 -3.28372954E+00
  1.87000000E+00 -3.16541880E+00
  1.87000000E+00 -3.14095726E+00
  1.87000000E+00 -3.02264652E+00
  1.87000000E+00 -2.99818498E+00
  1.87000000E+00 -2.87987424E+00
  1.87000000E+00 -2.85541271E+00
  1.87000000E+00 -2.73710196E+00
  1.87000000E+00 -2.71264043E+00
  1.87000000E+00 -2.59432969E+00
  1.87000000E+00 -2.56986815E+00
  1.87000000E+00 -2.45155741E+00
  1.87000000E+00 -2.42709587E+00
  1.87000000E+00 -2.30878513E+00
  1.87000000E+00 -2.28432360E+00
  1.87000000E+00 -2.16601286E+00
  1.87000000E+00 -2.14155132E+00
  1.87000000E+00 -2.02324058E+00
  1.87000000E+00 -1.99877904E+00
  1.87000000E+00 -1.88046830E+00
  1.87000000E+00 -1.85600676E+00
  1.87000000E+00 -1.73769602E+00
  1.87000000E+00 -1.71323449E+00
  1.87000000E+00 -1.59492375E+00
  1.87000000E+00 -1.57046221E+00
  1.87000000E+00 -1.45215147E+00
  1.87000000E+00 -1.42768993E+00
  1.87000000E+00 -1.30937919E+00
  1.87000000E+00 -1.28491766E+00
  1.87000000E+00 -1.16660692E+00
  1.87000000E+00 -1.14214538E+00
  1.87000000E+00 -1.02383464E+00
  1.87000000E+00 -9.99373101E-01
  1.87000000E+00 -8.81062361E-01
  1.87000000E+00 -8.56600824E-01
  1.87000000E+00 -7.38290084E-01
  1.87000000E+00 -7.13828547E-01
  1.87000000E+00 -5.95517806E-01
  1.87000000E+00 -5.71056269E-01
  1.87000000E+00 -4.52745529E-01
  1.87000000E+00 -4.28283992E-01
  1.87000000E+00 -3.09973252E-01
  1.87000000E+00 -2.85511715E-01
  1.87000000E+00 -1.67200975E-01
  1.87000000E+00 -1.42739438E-01
  1.87000000E+00 -2.44286976E-02
  1.87000000E+00  3.28395046E-05
  1.87000000E+00  1.18343580E-01
  1.87000000E+00  1.42805117E-01
  1.87000000E+00  2.61115857E-01
  1.87000000E+00  2.85577394E-01
  1.87000000E+00  4.03888134E-01
  1.87000000E+00  4.28349671E-01
  1.87000000E+00  5.46660411E-01
  1.87000000E+00  5.71121948E-01
  1.87000000E+00  6.89432689E-01
  1.87000000E+00  7.13894226E-01
  1.87000000E+00  8.32204966E-01
  1.87000000E+00  8.56666503E-01
  1.87000000E+00  9.74977243E-01
  1.87000000E+00  9.99438780E-01
  1.87000000E+00  1.11774952E+00
  1.87000000E+00  1.14221106E+00
  1.87000000E+00  1.26052180E+00
  1.87000000E+00  1.28498333E+00
  1.87000000E+00  1.40329407E+00
  1.87000000E+00  1.42775561E+00
  1.87000000E+00  1.54606635E+00
  1.87000000E+00  1.57052789E+00
  1.87000000E+00  1.68883863E+00
  1.87000000E+00  1.71330017E+00
  1.87000000E+00  1.83161091E+00
  1.87000000E+00  1.85607244E+00
  1.87000000E+00  1.97438318E+00
  1.87000000E+00  1.99884472E+00
  1.87000000E+00  2.11715546E+00
  1.87000000E+00  2.14161700E+00
  1.87000000E+00  2.25992774E+00
  1.87000000E+00  2.28438928E+00
  1.87000000E+00  2.40270002E+00
  1.87000000E+00  2.42716155E+00
  1.87000000E+00  2.54547229E+00
  1.87000000E+00  2.56993383E+00
  1.87000000E+00  2.68824457E+00
  1.87000000E+00  2.71270611E+00
  1.87000000E+00  2.83101685E+00
  1.87000000E+00  2.85547838E+00
  1.87000000E+00  2.97378912E+00
  1.87000000E+00  2.99825066E+00
  1.87000000E+00  3.11656140E+00
  1.87000000E+00  3.14102294E+00
  1.87000000E+00  3.25933368E+00
  1.87000000E+00  3.28379522E+00
  1.87000000E+00  3.40210596E+00
  2.07093405E+00  3.45000000E+00
  2.50000000E+00  3.51710566E+00
  2.50000000E+00  3.56933977E+00
  2.50000000E+00  3.62157389E+00
  2.50000000E+00  3.71211205E+00
  2.50000000E+00  3.76434616E+00
  2.50000000E+00  3.85488432E+00
  2.50000000E+00  3.90711844E+00
  2.50000000E+00  3.99765660E+00
  2.50000000E+00  4.04989072E+00
  2.50000000E+00  4.14042888E+00
  2.50000000E+00  4.19266299E+00
  2.50000000E+00  4.28320116E+00
  2.50000000E+00  4.33543527E+00
  2.50000000E+00  4.42597343E+00
  2.50000000E+00  4.47820755E+00
  2.50000000E+00  4.56874571E+00
  2.50000000E+00  4.62097983E+00
  2.50000000E+00  4.71151799E+00
  2.50000000E+00  4.76375210E+00
  2.50000000E+00  4.85429027E+00
  2.50000000E+00  4.90652438E+00
  2.50000000E+00  4.99706254E+00
  2.50000000E+00  5.04929666E+00
  2.50000000E+00  5.13983482E+00
  2.50000000E+00  5.19206893E+00
  2.50000000E+00  5.28260710E+00
  2.50000000E+00  5.33484121E+00
  2.50000000E+00  5.42537937E+00
  2.50000000E+00  5.47761349E+00
  2.50000000E+00  5.56815165E+00
  2.50000000E+00  5.62038577E+00
  2.50000000E+00  5.71092393E+00
  2.50000000E+00  5.76315804E+00
  2.50000000E+00  5.85369621E+00
  2.50000000E+00  5.90593032E+00
  2.50000000E+00  5.99646848E+00
  2.50000000E+00  6.04870260E+00
  2.50000000E+00  6.13924076E+00
  2.50000000E+00  6.19147488E+00
  2.50000000E+00  6.28201304E+00
  2.50000000E+00  6.33424715E+00
  2.50000000E+00  6.42478531E+00
  2.50000000E+00  6.47701943E+00
  2.50000000E+00  6.56755759E+00
  2.50000000E+00  6.61979171E+00
  2.50000000E+00  6.71032987E+00
  2.50000000E+00  6.76256398E+00
  2.50000000E+00  6.85310215E+00
  2.50000000E+00  6.90533626E+00
  2.50000000E+00  6.99587442E+00
  2.50000000E+00  7.04810854E+00
  2.50000000E+00  7.13864670E+00
  2.07093405E+00  7.13864670E+00
  8.98161777E-01  7.13864670E+00
  0.00000000E+00  7.13864670E+00
  0.00000000E+00  7.02930527E+00
  0.00000000E+00  6.99587442E+00
  0.00000000E+00  6.88653299E+00
  0.00000000E+00  6.85310215E+00
  0.00000000E+00  6.74376071E+00
  0.00000000E+00  6.71032987E+00
  0.00000000E+00  6.60098844E+00
  0.00000000E+00  6.56755759E+00
  0.00000000E+00  6.45821616E+00
  0.00000000E+00  6.42478531E+00
  0.00000000E+00  6.31544388E+00
  0.00000000E+00  6.28201304E+00
  0.00000000E+00  6.17267160E+00
  0.00000000E+00  6.13924076E+00
  0.00000000E+00  6.02989933E+00
  0.00000000E+00  5.99646848E+00
  0.00000000E+00  5.88712705E+00
  0.00000000E+00  5.85369621E+00
  0.00000000E+00  5.74435477E+00
  0.00000000E+00  5.71092393E+00
  0.00000000E+00  5.60158249E+00
  0.00000000E+00  5.56815165E+00
  0.00000000E+00  5.45881022E+00
  0.00000000E+00  5.42537937E+00
  0.00000000E+00  5.31603794E+00
  0.00000000E+00  5.28260710E+00
  0.00000000E+00  5.17326566E+00
  0.00000000E+00  5.13983482E+00
  0.00000000E+00  5.03049339E+00
  0.00000000E+00  4.99706254E+00
  0.00000000E+00  4.88772111E+00
  0.00000000E+00  4.85429027E+00
  0.00000000E+00  4.74494883E+00
  0.00000000E+00  4.71151799E+00
  0.00000000E+00  4.60217655E+00
  0.00000000E+00  4.56874571E+00
  0.00000000E+00  4.45940428E+00
  0.00000000E+00  4.42597343E+00
  0.00000000E+00  4.31663200E+00
  0.00000000E+00  4.28320116E+00
  0.00000000E+00  4.17385972E+00
  0.00000000E+00  4.14042888E+00
  0.00000000E+00  4.03108745E+00
  0.00000000E+00  3.99765660E+00
  0.00000000E+00  3.88831517E+00
  0.00000000E+00  3.85488432E+00
  0.00000000E+00  3.74554289E+00
  0.00000000E+00  3.71211205E+00
  0.00000000E+00  3.60277061E+00
  0.00000000E+00  3.56933977E+00
  0.00000000E+00  3.45999834E+00
  0.00000000E+00  3.42656749E+00
  0.00000000E+00  3.31722606E+00
  0.00000000E+00  3.28379522E+00
  0.00000000E+00  3.17445378E+00
  0.00000000E+00  3.14102294E+00
  0.00000000E+00  3.03168150E+00
  0.00000000E+00  2.99825066E+00
  0.00000000E+00  2.88890923E+00
  0.00000000E+00  2.85547838E+00
  0.00000000E+00  2.74613695E+00
  0.00000000E+00  2.71270611E+00
  0.00000000E+00  2.60336467E+00
  0.00000000E+00  2.56993383E+00
  0.00000000E+00  2.46059240E+00
  0.00000000E+00  2.42716155E+00
  0.00000000E+00  2.31782012E+00
  0.00000000E+00  2.28438928E+00
  0.00000000E+00  2.17504784E+00
  0.00000000E+00  2.14161700E+00
  0.00000000E+00  2.03227556E+00
  0.00000000E+00  1.99884472E+00
  0.00000000E+00  1.88950329E+00
  0.00000000E+00  1.85607244E+00
  0.00000000E+00  1.74673101E+00
  0.00000000E+00  1.71330017E+00
  0.00000000E+00  1.60395873E+00
  0.00000000E+00  1.57052789E+00
  0.00000000E+00  1.46118646E+00
  0.00000000E+00  1.42775561E+00
  0.00000000E+00  1.31841418E+00
  0.00000000E+00  1.28498333E+00
  0.00000000E+00  1.17564190E+00
  0.00000000E+00  1.14221106E+00
  0.00000000E+00  1.03286962E+00
  0.00000000E+00  9.99438780E-01
  0.00000000E+00  8.90097346E-01
  0.00000000E+00  8.56666503E-01
  0.00000000E+00  7.47325069E-01
  0.00000000E+00  7.13894226E-01
  0.00000000E+00  6.04552792E-01
  0.00000000E+00  5.71121948E-01
  0.00000000E+00  4.61780515E-01
  0.00000000E+00  4.28349671E-01
  0.00000000E+00  3.19008237E-01
  0.00000000E+00  2.85577394E-01
  0.00000000E+00  1.76235960E-01
  0.00000000E+00  1.42805117E-01
  0.00000000E+00  3.34636830E-02
  0.00000000E+00  3.28395046E-05
  0.00000000E+00 -1.09308594E-01
  0.00000000E+00 -1.42739438E-01
  0.00000000E+00 -2.52080871E-01
  0.00000000E+00 -2.85511715E-01
  0.00000000E+00 -3.94853149E-01
  0.00000000E+00 -4.28283992E-01
  0.00000000E+00 -5.37625426E-01
  0.00000000E+00 -5.71056269E-01
  0.00000000E+00 -6.80397703E-01
  0.00000000E+00 -7.13828547E-01
  0.00000000E+00 -8.23169980E-01
  0.00000000E+00 -8.56600824E-01
  0.00000000E+00 -9.65942258E-01
  0.00000000E+00 -9.99373101E-01
  0.00000000E+00 -1.10871453E+00
  0.00000000E+00 -1.14214538E+00
  0.00000000E+00 -1.25148681E+00
  0.00000000E+00 -1.28491766E+00
  0.00000000E+00 -1.39425909E+00
  0.00000000E+00 -1.42768993E+00
  0.00000000E+00 -1.53703137E+00
  0.00000000E+00 -1.57046221E+00
  0.00000000E+00 -1.67980364E+00
  0.00000000E+00 -1.71323449E+00
  0.00000000E+00 -1.82257592E+00
  0.00000000E+00 -1.85600676E+00
  0.00000000E+00 -1.96534820E+00
  0.00000000E+00 -1.99877904E+00
  0.00000000E+00 -2.10812048E+00
  0.00000000E+00 -2.14155132E+00
  0.00000000E+00 -2.25089275E+00
  0.00000000E+00 -2.28432360E+00
  0.00000000E+00 -2.39366503E+00
  0.00000000E+00 -2.42709587E+00
  0.00000000E+00 -2.53643731E+00
  0.00000000E+00 -2.56986815E+00
  0.00000000E+00 -2.67920958E+00
  0.00000000E+00 -2.71264043E+00
  0.00000000E+00 -2.82198186E+00
  0.00000000E+00 -2.85541271E+00
  0.00000000E+00 -2.96475414E+00
  0.00000000E+00 -2.99818498E+00
  0.00000000E+00 -3.10752642E+00
  0.00000000E+00 -3.14095726E+00
  0.00000000E+00 -3.25029869E+00
  0.00000000E+00 -3.28372954E+00
  0.00000000E+00 -3.39307097E+00
  0.00000000E+00 -3.42650181E+00
  0.00000000E+00 -3.53584325E+00
  0.00000000E+00 -3.56927409E+00
  0.00000000E+00 -3.67861552E+00
  0.00000000E+00 -3.71204637E+00
  0.00000000E+00 -3.82138780E+00
  0.00000000E+00 -3.85481865E+00
  0.00000000E+00 -3.96416008E+00
  0.00000000E+00 -3.99759092E+00
  0.00000000E+00 -4.10693236E+00
  0.00000000E+00 -4.14036320E+00
  0.00000000E+00 -4.24970463E+00
  0.00000000E+00 -4.28313548E+00
  0.00000000E+00 -4.39247691E+00
  0.00000000E+00 -4.42590775E+00
  0.00000000E+00 -4.53524919E+00
  0.00000000E+00 -4.56868003E+00
  0.00000000E+00 -4.67802147E+00
  0.00000000E+00 -4.71145231E+00
  0.00000000E+00 -4.82079374E+00
  0.00000000E+00 -4.85422459E+00
  0.00000000E+00 -4.96356602E+00
  0.00000000E+00 -4.99699686E+00
  0.00000000E+00 -5.10633830E+00
  0.00000000E+00 -5.13976914E+00
  0.00000000E+00 -5.24911057E+00
  0.00000000E+00 -5.28254142E+00
  0.00000000E+00 -5.39188285E+00
  0.00000000E+00 -5.42531370E+00
  0.00000000E+00 -5.53465513E+00
  0.00000000E+00 -5.56808597E+00
  0.00000000E+00 -5.67742741E+00
  0.00000000E+00 -5.71085825E+00
  0.00000000E+00 -5.82019968E+00
  0.00000000E+00 -5.85363053E+00
  0.00000000E+00 -5.96297196E+00
  0.00000000E+00 -5.99640280E+00
  0.00000000E+00 -6.10574424E+00
  0.00000000E+00 -6.13917508E+00
  0.00000000E+00 -6.24851652E+00
  0.00000000E+00 -6.28194736E+00
  0.00000000E+00 -6.39128879E+00
  0.00000000E+00 -6.42471964E+00
  0.00000000E+00 -6.53406107E+00
  0.00000000E+00 -6.56749191E+00
  0.00000000E+00 -6.67683335E+00
  0.00000000E+00 -6.71026419E+00
  0.00000000E+00 -6.81960562E+00
  0.00000000E+00 -6.85303647E+00
  0.00000000E+00 -6.96237790E+00
  0.00000000E+00 -6.99580874E+00
  0.00000000E+00 -7.10515018E+00
  0.00000000E+00 -7.13858102E+00

w:2/ x(   0.4450000E+01) y(   0.3283950E-04) ix(2) iy(2) s(   0.7000E+00)

hb:   line clip z  
frame:
 -4.9998594E+00 -6.9999675E+00
  1.1000014E+02 -6.9999675E+00
  1.1000014E+02  7.0000325E+00
 -4.9998594E+00  7.0000325E+00
clip:
  3.24370633E+00 -7.13858102E+00
  6.00000000E+00 -7.13858102E+00
  6.00000000E+00 -7.08857678E+00
  6.00000000E+00 -6.99580874E+00
  6.00000000E+00 -6.94580450E+00
  6.00000000E+00 -6.85303647E+00
  6.00000000E+00 -6.80303223E+00
  6.00000000E+00 -6.71026419E+00
  6.00000000E+00 -6.66025995E+00
  6.00000000E+00 -6.56749191E+00
  6.00000000E+00 -6.51748767E+00
  6.00000000E+00 -6.42471964E+00
  6.00000000E+00 -6.37471540E+00
  6.00000000E+00 -6.28194736E+00
  6.00000000E+00 -6.23194312E+00
  6.00000000E+00 -6.13917508E+00
  6.00000000E+00 -6.08917084E+00
  6.00000000E+00 -5.99640280E+00
  6.00000000E+00 -5.94639856E+00
  6.00000000E+00 -5.85363053E+00
  6.00000000E+00 -5.80362629E+00
  6.00000000E+00 -5.71085825E+00
  6.00000000E+00 -5.66085401E+00
  6.00000000E+00 -5.56808597E+00
  6.00000000E+00 -5.51808173E+00
  6.00000000E+00 -5.42531370E+00
  6.00000000E+00 -5.37530946E+00
  6.00000000E+00 -5.28254142E+00
  6.00000000E+00 -5.23253718E+00
  6.00000000E+00 -5.13976914E+00
  6.00000000E+00 -5.08976490E+00
  6.00000000E+00 -4.99699686E+00
  6.00000000E+00 -4.94699262E+00
  6.00000000E+00 -4.85422459E+00
  6.00000000E+00 -4.80422035E+00
  6.00000000E+00 -4.71145231E+00
  6.00000000E+00 -4.66144807E+00
  6.00000000E+00 -4.56868003E+00
  6.00000000E+00 -4.51867579E+00
  6.00000000E+00 -4.42590775E+00
  6.00000000E+00 -4.37590351E+00
  6.00000000E+00 -4.28313548E+00
  6.00000000E+00 -4.23313124E+00
  6.00000000E+00 -4.14036320E+00
  6.00000000E+00 -4.09035896E+00
  6.00000000E+00 -3.99759092E+00
  6.00000000E+00 -3.94758668E+00
  6.00000000E+00 -3.85481865E+00
  6.00000000E+00 -3.80481441E+00
  6.00000000E+00 -3.71204637E+00
  6.00000000E+00 -3.66204213E+00
  6.00000000E+00 -3.56927409E+00
  6.00000000E+00 -3.51926985E+00
  6.00000000E+00 -3.42650181E+00
  6.00000000E+00 -3.37649757E+00
  6.00000000E+00 -3.28372954E+00
  6.00000000E+00 -3.23372530E+00
  6.00000000E+00 -3.14095726E+00
  6.00000000E+00 -3.09095302E+00
  6.00000000E+00 -2.99818498E+00
  6.00000000E+00 -2.94818074E+00
  6.00000000E+00 -2.85541271E+00
  6.00000000E+00 -2.80540847E+00
  6.00000000E+00 -2.71264043E+00
  6.00000000E+00 -2.66263619E+00
  6.00000000E+00 -2.56986815E+00
  6.00000000E+00 -2.51986391E+00
  6.00000000E+00 -2.42709587E+00
  6.00000000E+00 -2.37709163E+00
  6.00000000E+00 -2.28432360E+00
  6.00000000E+00 -2.23431936E+00
  6.00000000E+00 -2.14155132E+00
  6.00000000E+00 -2.09154708E+00
  6.00000000E+00 -1.99877904E+00
  6.00000000E+00 -1.94877480E+00
  6.00000000E+00 -1.85600676E+00
  6.00000000E+00 -1.80600252E+00
  6.00000000E+00 -1.71323449E+00
  6.00000000E+00 -1.66323025E+00
  6.00000000E+00 -1.57046221E+00
  6.00000000E+00 -1.52045797E+00
  6.00000000E+00 -1.42768993E+00
  6.00000000E+00 -1.37768569E+00
  6.00000000E+00 -1.28491766E+00
  6.00000000E+00 -1.23491342E+00
  6.00000000E+00 -1.14214538E+00
  6.00000000E+00 -1.09214114E+00
  6.00000000E+00 -9.99373101E-01
  6.00000000E+00 -9.49368861E-01
  6.00000000E+00 -8.56600824E-01
  6.00000000E+00 -8.06596584E-01
  6.00000000E+00 -7.13828547E-01
  6.00000000E+00 -6.63824307E-01
  6.00000000E+00 -5.71056269E-01
  6.00000000E+00 -5.21052029E-01
  6.00000000E+00 -4.28283992E-01
  6.00000000E+00 -3.78279752E-01
  6.00000000E+00 -2.85511715E-01
  6.00000000E+00 -2.35507475E-01
  6.00000000E+00 -1.42739438E-01
  6.00000000E+00 -9.27351978E-02
  6.00000000E+00  3.28395046E-05
  6.00000000E+00  5.00370794E-02
  6.00000000E+00  1.42805117E-01
  6.00000000E+00  1.92809357E-01
  6.00000000E+00  2.85577394E-01
  6.00000000E+00  3.35581634E-01
  6.00000000E+00  4.28349671E-01
  6.00000000E+00  4.78353911E-01
  6.00000000E+00  5.71121948E-01
  6.00000000E+00  6.21126188E-01
  6.00000000E+00  7.13894226E-01
  6.00000000E+00  7.63898466E-01
  6.00000000E+00  8.56666503E-01
  6.00000000E+00  9.06670743E-01
  6.00000000E+00  9.99438780E-01
  6.00000000E+00  1.04944302E+00
  6.00000000E+00  1.14221106E+00
  6.00000000E+00  1.19221530E+00
  6.00000000E+00  1.28498333E+00
  6.00000000E+00  1.33498757E+00
  6.00000000E+00  1.42775561E+00
  6.00000000E+00  1.47775985E+00
  6.00000000E+00  1.57052789E+00
  6.00000000E+00  1.62053213E+00
  6.00000000E+00  1.71330017E+00
  6.00000000E+00  1.76330441E+00
  6.00000000E+00  1.85607244E+00
  6.00000000E+00  1.90607668E+00
  6.00000000E+00  1.99884472E+00
  6.00000000E+00  2.04884896E+00
  6.00000000E+00  2.14161700E+00
  6.00000000E+00  2.19162124E+00
  6.00000000E+00  2.28438928E+00
  6.00000000E+00  2.33439352E+00
  6.00000000E+00  2.42716155E+00
  6.00000000E+00  2.47716579E+00
  6.00000000E+00  2.56993383E+00
  6.00000000E+00  2.61993807E+00
  6.00000000E+00  2.71270611E+00
  6.00000000E+00  2.76271035E+00
  6.00000000E+00  2.85547838E+00
  6.00000000E+00  2.90548262E+00
  6.00000000E+00  2.99825066E+00
  6.00000000E+00  3.04825490E+00
  6.00000000E+00  3.14102294E+00
  6.00000000E+00  3.19102718E+00
  6.00000000E+00  3.28379522E+00
  6.00000000E+00  3.33379946E+00
  6.00000000E+00  3.42656749E+00
  6.00000000E+00  3.47657173E+00
  6.00000000E+00  3.56933977E+00
  6.00000000E+00  3.61934401E+00
  6.00000000E+00  3.71211205E+00
  6.00000000E+00  3.76211629E+00
  6.00000000E+00  3.85488432E+00
  6.00000000E+00  3.90488856E+00
  6.00000000E+00  3.99765660E+00
  6.00000000E+00  4.04766084E+00
  6.00000000E+00  4.14042888E+00
  6.00000000E+00  4.19043312E+00
  6.00000000E+00  4.28320116E+00
  6.00000000E+00  4.33320540E+00
  6.00000000E+00  4.42597343E+00
  6.00000000E+00  4.47597767E+00
  6.00000000E+00  4.56874571E+00
  6.00000000E+00  4.61874995E+00
  6.00000000E+00  4.71151799E+00
  6.00000000E+00  4.76152223E+00
  6.00000000E+00  4.85429027E+00
  6.00000000E+00  4.90429451E+00
  6.00000000E+00  4.99706254E+00
  6.00000000E+00  5.04706678E+00
  6.00000000E+00  5.13983482E+00
  6.00000000E+00  5.18983906E+00
  6.00000000E+00  5.28260710E+00
  6.00000000E+00  5.33261134E+00
  6.00000000E+00  5.42537937E+00
  6.00000000E+00  5.47538361E+00
  6.00000000E+00  5.56815165E+00
  6.00000000E+00  5.61815589E+00
  6.00000000E+00  5.71092393E+00
  6.00000000E+00  5.76092817E+00
  6.00000000E+00  5.85369621E+00
  6.00000000E+00  5.90370045E+00
  6.00000000E+00  5.99646848E+00
  6.00000000E+00  6.04647272E+00
  6.00000000E+00  6.13924076E+00
  6.00000000E+00  6.18924500E+00
  6.00000000E+00  6.28201304E+00
  6.00000000E+00  6.33201728E+00
  6.00000000E+00  6.42478531E+00
  6.00000000E+00  6.47478955E+00
  6.00000000E+00  6.56755759E+00
  6.00000000E+00  6.61756183E+00
  6.00000000E+00  6.71032987E+00
  6.00000000E+00  6.76033411E+00
  6.00000000E+00  6.85310215E+00
  6.00000000E+00  6.90310639E+00
  6.00000000E+00  6.99587442E+00
  6.00000000E+00  7.04587866E+00
  6.00000000E+00  7.13864670E+00
  5.58925089E+00  7.13864670E+00
  4.41647861E+00  7.13864670E+00
  3.24370633E+00  7.13864670E+00
  2.90000000E+00  7.13864670E+00
  2.90000000E+00  7.09680419E+00
  2.90000000E+00  6.99587442E+00
  2.90000000E+00  6.95403191E+00
  2.90000000E+00  6.85310215E+00
  2.90000000E+00  6.81125964E+00
  2.90000000E+00  6.71032987E+00
  2.90000000E+00  6.66848736E+00
  2.90000000E+00  6.56755759E+00
  2.90000000E+00  6.52571508E+00
  2.90000000E+00  6.42478531E+00
  2.90000000E+00  6.38294280E+00
  2.90000000E+00  6.28201304E+00
  2.90000000E+00  6.24017053E+00
  2.90000000E+00  6.13924076E+00
  2.90000000E+00  6.09739825E+00
  2.90000000E+00  5.99646848E+00
  2.90000000E+00  5.95462597E+00
  2.90000000E+00  5.85369621E+00
  2.90000000E+00  5.81185370E+00
  2.90000000E+00  5.71092393E+00
  2.90000000E+00  5.66908142E+00
  2.90000000E+00  5.56815165E+00
  2.90000000E+00  5.52630914E+00
  2.90000000E+00  5.42537937E+00
  2.90000000E+00  5.38353686E+00
  2.90000000E+00  5.28260710E+00
  2.90000000E+00  5.24076459E+00
  2.90000000E+00  5.13983482E+00
  2.90000000E+00  5.09799231E+00
  2.90000000E+00  4.99706254E+00
  2.90000000E+00  4.95522003E+00
  2.90000000E+00  4.85429027E+00
  2.90000000E+00  4.81244776E+00
  2.90000000E+00  4.71151799E+00
  2.90000000E+00  4.66967548E+00
  2.90000000E+00  4.56874571E+00
  2.90000000E+00  4.52690320E+00
  2.90000000E+00  4.42597343E+00
  2.90000000E+00  4.38413092E+00
  2.90000000E+00  4.28320116E+00
  2.90000000E+00  4.24135865E+00
  2.90000000E+00  4.14042888E+00
  2.90000000E+00  4.09858637E+00
  2.90000000E+00  3.99765660E+00
  2.90000000E+00  3.95581409E+00
  2.90000000E+00  3.85488432E+00
  2.90000000E+00  3.81304181E+00
  2.90000000E+00  3.71211205E+00
  2.90000000E+00  3.67026954E+00
  2.90000000E+00  3.56933977E+00
  2.90000000E+00  3.52749726E+00
  2.90000000E+00  3.42656749E+00
  2.90000000E+00  3.38472498E+00
  2.90000000E+00  3.28379522E+00
  2.90000000E+00  3.24195271E+00
  2.90000000E+00  3.14102294E+00
  2.90000000E+00  3.09918043E+00
  2.90000000E+00  2.99825066E+00
  2.90000000E+00  2.95640815E+00
  2.90000000E+00  2.85547838E+00
  2.90000000E+00  2.81363587E+00
  2.90000000E+00  2.71270611E+00
  2.90000000E+00  2.67086360E+00
  2.90000000E+00  2.56993383E+00
  2.90000000E+00  2.52809132E+00
  2.90000000E+00  2.42716155E+00
  2.90000000E+00  2.38531904E+00
  2.90000000E+00  2.28438928E+00
  2.90000000E+00  2.24254677E+00
  2.90000000E+00  2.14161700E+00
  2.90000000E+00  2.09977449E+00
  2.90000000E+00  1.99884472E+00
  2.90000000E+00  1.95700221E+00
  2.90000000E+00  1.85607244E+00
  2.90000000E+00  1.81422993E+00
  2.90000000E+00  1.71330017E+00
  2.90000000E+00  1.67145766E+00
  2.90000000E+00  1.57052789E+00
  2.90000000E+00  1.52868538E+00
  2.90000000E+00  1.42775561E+00
  2.90000000E+00  1.38591310E+00
  2.90000000E+00  1.28498333E+00
  2.90000000E+00  1.24314082E+00
  2.90000000E+00  1.14221106E+00
  2.90000000E+00  1.10036855E+00
  2.90000000E+00  9.99438780E-01
  2.90000000E+00  9.57596270E-01
  2.90000000E+00  8.56666503E-01
  2.90000000E+00  8.14823993E-01
  2.90000000E+00  7.13894226E-01
  2.90000000E+00  6.72051716E-01
  2.90000000E+00  5.71121948E-01
  2.90000000E+00  5.29279438E-01
  2.90000000E+00  4.28349671E-01
  2.90000000E+00  3.86507161E-01
  2.90000000E+00  2.85577394E-01
  2.90000000E+00  2.43734884E-01
  2.90000000E+00  1.42805117E-01
  2.90000000E+00  1.00962607E-01
  2.90000000E+00  3.28395046E-05
  2.90000000E+00 -4.18096704E-02
  2.90000000E+00 -1.42739438E-01
  2.90000000E+00 -1.84581948E-01
  2.90000000E+00 -2.85511715E-01
  2.90000000E+00 -3.27354225E-01
  2.90000000E+00 -4.28283992E-01
  2.90000000E+00 -4.70126502E-01
  2.90000000E+00 -5.71056269E-01
  2.90000000E+00 -6.12898779E-01
  2.90000000E+00 -7.13828547E-01
  2.90000000E+00 -7.55671057E-01
  2.90000000E+00 -8.56600824E-01
  2.90000000E+00 -8.98443334E-01
  2.90000000E+00 -9.99373101E-01
  2.90000000E+00 -1.04121561E+00
  2.90000000E+00 -1.14214538E+00
  2.90000000E+00 -1.18398789E+00
  2.90000000E+00 -1.28491766E+00
  2.90000000E+00 -1.32676017E+00
  2.90000000E+00 -1.42768993E+00
  2.90000000E+00 -1.46953244E+00
  2.90000000E+00 -1.57046221E+00
  2.90000000E+00 -1.61230472E+00
  2.90000000E+00 -1.71323449E+00
  2.90000000E+00 -1.75507700E+00
  2.90000000E+00 -1.85600676E+00
  2.90000000E+00 -1.89784927E+00
  2.90000000E+00 -1.99877904E+00
  2.90000000E+00 -2.04062155E+00
  2.90000000E+00 -2.14155132E+00
  2.90000000E+00 -2.18339383E+00
  2.90000000E+00 -2.28432360E+00
  2.90000000E+00 -2.32616611E+00
  2.90000000E+00 -2.42709587E+00
  2.90000000E+00 -2.46893838E+00
  2.90000000E+00 -2.56986815E+00
  2.90000000E+00 -2.61171066E+00
  2.90000000E+00 -2.71264043E+00
  2.90000000E+00 -2.75448294E+00
  2.90000000E+00 -2.85541271E+00
  2.90000000E+00 -2.89725521E+00
  2.90000000E+00 -2.99818498E+00
  2.90000000E+00 -3.04002749E+00
  2.90000000E+00 -3.14095726E+00
  2.90000000E+00 -3.18279977E+00
  2.90000000E+00 -3.28372954E+00
  2.90000000E+00 -3.32557205E+00
  2.90000000E+00 -3.42650181E+00
  2.90000000E+00 -3.46834432E+00
  2.90000000E+00 -3.56927409E+00
  2.90000000E+00 -3.61111660E+00
  2.90000000E+00 -3.71204637E+00
  2.90000000E+00 -3.75388888E+00
  2.90000000E+00 -3.85481865E+00
  2.90000000E+00 -3.89666116E+00
  2.90000000E+00 -3.99759092E+00
  2.90000000E+00 -4.03943343E+00
  2.90000000E+00 -4.14036320E+00
  2.90000000E+00 -4.18220571E+00
  2.90000000E+00 -4.28313548E+00
  2.90000000E+00 -4.32497799E+00
  2.90000000E+00 -4.42590775E+00
  2.90000000E+00 -4.46775026E+00
  2.90000000E+00 -4.56868003E+00
  2.90000000E+00 -4.61052254E+00
  2.90000000E+00 -4.71145231E+00
  2.90000000E+00 -4.75329482E+00
  2.90000000E+00 -4.85422459E+00
  2.90000000E+00 -4.89606710E+00
  2.90000000E+00 -4.99699686E+00
  2.90000000E+00 -5.03883937E+00
  2.90000000E+00 -5.13976914E+00
  2.90000000E+00 -5.18161165E+00
  2.90000000E+00 -5.28254142E+00
  2.90000000E+00 -5.32438393E+00
  2.90000000E+00 -5.42531370E+00
  2.90000000E+00 -5.46715621E+00
  2.90000000E+00 -5.56808597E+00
  2.90000000E+00 -5.60992848E+00
  2.90000000E+00 -5.71085825E+00
  2.90000000E+00 -5.75270076E+00
  2.90000000E+00 -5.85363053E+00
  2.90000000E+00 -5.89547304E+00
  2.90000000E+00 -5.99640280E+00
  2.90000000E+00 -6.03824531E+00
  2.90000000E+00 -6.13917508E+00
  2.90000000E+00 -6.18101759E+00
  2.90000000E+00 -6.28194736E+00
  2.90000000E+00 -6.32378987E+00
  2.90000000E+00 -6.42471964E+00
  2.90000000E+00 -6.46656215E+00
  2.90000000E+00 -6.56749191E+00
  2.90000000E+00 -6.60933442E+00
  2.90000000E+00 -6.71026419E+00
  2.90000000E+00 -6.75210670E+00
  2.90000000E+00 -6.85303647E+00
  2.90000000E+00 -6.89487898E+00
  2.90000000E+00 -6.99580874E+00
  2.90000000E+00 -7.03765125E+00
  2.90000000E+00 -7.13858102E+00

w:2200/ x(   0.6800000E+01) y(   0.3283950E-04) ix(2) iy(2) s(   0.7000E+00)

hb:   line clip z  
frame:
 -4.9998594E+00 -6.9999675E+00
  1.1000014E+02 -6.9999675E+00
  1.1000014E+02  7.0000325E+00
 -4.9998594E+00  7.0000325E+00
clip:
  6.76202316E+00 -7.13858102E+00
  7.30000000E+00 -7.13858102E+00
  7.30000000E+00 -7.07308819E+00
  7.30000000E+00 -6.99580874E+00
  7.30000000E+00 -6.93031591E+00
  7.30000000E+00 -6.85303647E+00
  7.30000000E+00 -6.78754364E+00
  7.30000000E+00 -6.71026419E+00
  7.30000000E+00 -6.64477136E+00
  7.30000000E+00 -6.56749191E+00
  7.30000000E+00 -6.50199908E+00
  7.30000000E+00 -6.42471964E+00
  7.30000000E+00 -6.35922680E+00
  7.30000000E+00 -6.28194736E+00
  7.30000000E+00 -6.21645453E+00
  7.30000000E+00 -6.13917508E+00
  7.30000000E+00 -6.07368225E+00
  7.30000000E+00 -5.99640280E+00
  7.30000000E+00 -5.93090997E+00
  7.30000000E+00 -5.85363053E+00
  7.30000000E+00 -5.78813769E+00
  7.30000000E+00 -5.71085825E+00
  7.30000000E+00 -5.64536542E+00
  7.30000000E+00 -5.56808597E+00
  7.30000000E+00 -5.50259314E+00
  7.30000000E+00 -5.42531370E+00
  7.30000000E+00 -5.35982086E+00
  7.30000000E+00 -5.28254142E+00
  7.30000000E+00 -5.21704859E+00
  7.30000000E+00 -5.13976914E+00
  7.30000000E+00 -5.07427631E+00
  7.30000000E+00 -4.99699686E+00
  7.30000000E+00 -4.93150403E+00
  7.30000000E+00 -4.85422459E+00
  7.30000000E+00 -4.78873175E+00
  7.30000000E+00 -4.71145231E+00
  7.30000000E+00 -4.64595948E+00
  7.30000000E+00 -4.56868003E+00
  7.30000000E+00 -4.50318720E+00
  7.30000000E+00 -4.42590775E+00
  7.30000000E+00 -4.36041492E+00
  7.30000000E+00 -4.28313548E+00
  7.30000000E+00 -4.21764265E+00
  7.30000000E+00 -4.14036320E+00
  7.30000000E+00 -4.07487037E+00
  7.30000000E+00 -3.99759092E+00
  7.30000000E+00 -3.93209809E+00
  7.30000000E+00 -3.85481865E+00
  7.30000000E+00 -3.78932581E+00
  7.30000000E+00 -3.71204637E+00
  7.30000000E+00 -3.64655354E+00
  7.30000000E+00 -3.56927409E+00
  7.30000000E+00 -3.50378126E+00
  7.30000000E+00 -3.42650181E+00
  7.30000000E+00 -3.36100898E+00
  7.30000000E+00 -3.28372954E+00
  7.03908722E+00 -3.25000000E+00
  7.00000000E+00 -3.14095726E+00
  7.00000000E+00 -3.11198617E+00
  7.00000000E+00 -2.99818498E+00
  7.00000000E+00 -2.96921389E+00
  7.00000000E+00 -2.85541271E+00
  7.00000000E+00 -2.82644161E+00
  7.00000000E+00 -2.71264043E+00
  7.00000000E+00 -2.68366933E+00
  7.00000000E+00 -2.56986815E+00
  7.00000000E+00 -2.54089706E+00
  7.00000000E+00 -2.42709587E+00
  7.00000000E+00 -2.39812478E+00
  7.00000000E+00 -2.28432360E+00
  7.00000000E+00 -2.25535250E+00
  7.00000000E+00 -2.14155132E+00
  7.00000000E+00 -2.11258023E+00
  7.00000000E+00 -1.99877904E+00
  7.00000000E+00 -1.96980795E+00
  7.00000000E+00 -1.85600676E+00
  7.00000000E+00 -1.82703567E+00
  7.00000000E+00 -1.71323449E+00
  7.00000000E+00 -1.68426339E+00
  7.00000000E+00 -1.57046221E+00
  7.60000000E+00 -1.42768993E+00
  7.60000000E+00  1.42775561E+00
  7.00000000E+00  1.57052789E+00
  7.00000000E+00  3.16999403E+00
  7.30000000E+00  3.34928805E+00
  7.30000000E+00  7.13864670E+00
  6.76202316E+00  7.13864670E+00
  6.00000000E+00  7.13864670E+00
  6.00000000E+00  7.04587866E+00
  6.00000000E+00  6.99587442E+00
  6.00000000E+00  6.90310639E+00
  6.00000000E+00  6.85310215E+00
  6.00000000E+00  6.76033411E+00
  6.00000000E+00  6.71032987E+00
  6.00000000E+00  6.61756183E+00
  6.00000000E+00  6.56755759E+00
  6.00000000E+00  6.47478955E+00
  6.00000000E+00  6.42478531E+00
  6.00000000E+00  6.33201728E+00
  6.00000000E+00  6.28201304E+00
  6.00000000E+00  6.18924500E+00
  6.00000000E+00  6.13924076E+00
  6.00000000E+00  6.04647272E+00
  6.00000000E+00  5.99646848E+00
  6.00000000E+00  5.90370045E+00
  6.00000000E+00  5.85369621E+00
  6.00000000E+00  5.76092817E+00
  6.00000000E+00  5.71092393E+00
  6.00000000E+00  5.61815589E+00
  6.00000000E+00  5.56815165E+00
  6.00000000E+00  5.47538361E+00
  6.00000000E+00  5.42537937E+00
  6.00000000E+00  5.33261134E+00
  6.00000000E+00  5.28260710E+00
  6.00000000E+00  5.18983906E+00
  6.00000000E+00  5.13983482E+00
  6.00000000E+00  5.04706678E+00
  6.00000000E+00  4.99706254E+00
  6.00000000E+00  4.90429451E+00
  6.00000000E+00  4.85429027E+00
  6.00000000E+00  4.76152223E+00
  6.00000000E+00  4.71151799E+00
  6.00000000E+00  4.61874995E+00
  6.00000000E+00  4.56874571E+00
  6.00000000E+00  4.47597767E+00
  6.00000000E+00  4.42597343E+00
  6.00000000E+00  4.33320540E+00
  6.00000000E+00  4.28320116E+00
  6.00000000E+00  4.19043312E+00
  6.00000000E+00  4.14042888E+00
  6.00000000E+00  4.04766084E+00
  6.00000000E+00  3.99765660E+00
  6.00000000E+00  3.90488856E+00
  6.00000000E+00  3.85488432E+00
  6.00000000E+00  3.76211629E+00
  6.00000000E+00  3.71211205E+00
  6.00000000E+00  3.61934401E+00
  6.00000000E+00  3.56933977E+00
  6.00000000E+00  3.47657173E+00
  6.00000000E+00  3.42656749E+00
  6.00000000E+00  3.33379946E+00
  6.00000000E+00  3.28379522E+00
  6.00000000E+00  3.19102718E+00
  6.00000000E+00  3.14102294E+00
  6.00000000E+00  3.04825490E+00
  6.00000000E+00  2.99825066E+00
  6.00000000E+00  2.90548262E+00
  6.00000000E+00  2.85547838E+00
  6.00000000E+00  2.76271035E+00
  6.00000000E+00  2.71270611E+00
  6.00000000E+00  2.61993807E+00
  6.00000000E+00  2.56993383E+00
  6.00000000E+00  2.47716579E+00
  6.00000000E+00  2.42716155E+00
  6.00000000E+00  2.33439352E+00
  6.00000000E+00  2.28438928E+00
  6.00000000E+00  2.19162124E+00
  6.00000000E+00  2.14161700E+00
  6.00000000E+00  2.04884896E+00
  6.00000000E+00  1.99884472E+00
  6.00000000E+00  1.90607668E+00
  6.00000000E+00  1.85607244E+00
  6.00000000E+00  1.76330441E+00
  6.00000000E+00  1.71330017E+00
  6.00000000E+00  1.62053213E+00
  6.00000000E+00  1.57052789E+00
  6.00000000E+00  1.47775985E+00
  6.00000000E+00  1.42775561E+00
  6.00000000E+00  1.33498757E+00
  6.00000000E+00  1.28498333E+00
  6.00000000E+00  1.19221530E+00
  6.00000000E+00  1.14221106E+00
  6.00000000E+00  1.04944302E+00
  6.00000000E+00  9.99438780E-01
  6.00000000E+00  9.06670743E-01
  6.00000000E+00  8.56666503E-01
  6.00000000E+00  7.63898466E-01
  6.00000000E+00  7.13894226E-01
  6.00000000E+00  6.21126188E-01
  6.00000000E+00  5.71121948E-01
  6.00000000E+00  4.78353911E-01
  6.00000000E+00  4.28349671E-01
  6.00000000E+00  3.35581634E-01
  6.00000000E+00  2.85577394E-01
  6.00000000E+00  1.92809357E-01
  6.00000000E+00  1.42805117E-01
  6.00000000E+00  5.00370794E-02
  6.00000000E+00  3.28395046E-05
  6.00000000E+00 -9.27351978E-02
  6.00000000E+00 -1.42739438E-01
  6.00000000E+00 -2.35507475E-01
  6.00000000E+00 -2.85511715E-01
  6.00000000E+00 -3.78279752E-01
  6.00000000E+00 -4.28283992E-01
  6.00000000E+00 -5.21052029E-01
  6.00000000E+00 -5.71056269E-01
  6.00000000E+00 -6.63824307E-01
  6.00000000E+00 -7.13828547E-01
  6.00000000E+00 -8.06596584E-01
  6.00000000E+00 -8.56600824E-01
  6.00000000E+00 -9.49368861E-01
  6.00000000E+00 -9.99373101E-01
  6.00000000E+00 -1.09214114E+00
  6.00000000E+00 -1.14214538E+00
  6.00000000E+00 -1.23491342E+00
  6.00000000E+00 -1.28491766E+00
  6.00000000E+00 -1.37768569E+00
  6.00000000E+00 -1.42768993E+00
  6.00000000E+00 -1.52045797E+00
  6.00000000E+00 -1.57046221E+00
  6.00000000E+00 -1.66323025E+00
  6.00000000E+00 -1.71323449E+00
  6.00000000E+00 -1.80600252E+00
  6.00000000E+00 -1.85600676E+00
  6.00000000E+00 -1.94877480E+00
  6.00000000E+00 -1.99877904E+00
  6.00000000E+00 -2.09154708E+00
  6.00000000E+00 -2.14155132E+00
  6.00000000E+00 -2.23431936E+00
  6.00000000E+00 -2.28432360E+00
  6.00000000E+00 -2.37709163E+00
  6.00000000E+00 -2.42709587E+00
  6.00000000E+00 -2.51986391E+00
  6.00000000E+00 -2.56986815E+00
  6.00000000E+00 -2.66263619E+00
  6.00000000E+00 -2.71264043E+00
  6.00000000E+00 -2.80540847E+00
  6.00000000E+00 -2.85541271E+00
  6.00000000E+00 -2.94818074E+00
  6.00000000E+00 -2.99818498E+00
  6.00000000E+00 -3.09095302E+00
  6.00000000E+00 -3.14095726E+00
  6.00000000E+00 -3.23372530E+00
  6.00000000E+00 -3.28372954E+00
  6.00000000E+00 -3.37649757E+00
  6.00000000E+00 -3.42650181E+00
  6.00000000E+00 -3.51926985E+00
  6.00000000E+00 -3.56927409E+00
  6.00000000E+00 -3.66204213E+00
  6.00000000E+00 -3.71204637E+00
  6.00000000E+00 -3.80481441E+00
  6.00000000E+00 -3.85481865E+00
  6.00000000E+00 -3.94758668E+00
  6.00000000E+00 -3.99759092E+00
  6.00000000E+00 -4.09035896E+00
  6.00000000E+00 -4.14036320E+00
  6.00000000E+00 -4.23313124E+00
  6.00000000E+00 -4.28313548E+00
  6.00000000E+00 -4.37590351E+00
  6.00000000E+00 -4.42590775E+00
  6.00000000E+00 -4.51867579E+00
  6.00000000E+00 -4.56868003E+00
  6.00000000E+00 -4.66144807E+00
  6.00000000E+00 -4.71145231E+00
  6.00000000E+00 -4.80422035E+00
  6.00000000E+00 -4.85422459E+00
  6.00000000E+00 -4.94699262E+00
  6.00000000E+00 -4.99699686E+00
  6.00000000E+00 -5.08976490E+00
  6.00000000E+00 -5.13976914E+00
  6.00000000E+00 -5.23253718E+00
  6.00000000E+00 -5.28254142E+00
  6.00000000E+00 -5.37530946E+00
  6.00000000E+00 -5.42531370E+00
  6.00000000E+00 -5.51808173E+00
  6.00000000E+00 -5.56808597E+00
  6.00000000E+00 -5.66085401E+00
  6.00000000E+00 -5.71085825E+00
  6.00000000E+00 -5.80362629E+00
  6.00000000E+00 -5.85363053E+00
  6.00000000E+00 -5.94639856E+00
  6.00000000E+00 -5.99640280E+00
  6.00000000E+00 -6.08917084E+00
  6.00000000E+00 -6.13917508E+00
  6.00000000E+00 -6.23194312E+00
  6.00000000E+00 -6.28194736E+00
  6.00000000E+00 -6.37471540E+00
  6.00000000E+00 -6.42471964E+00
  6.00000000E+00 -6.51748767E+00
  6.00000000E+00 -6.56749191E+00
  6.00000000E+00 -6.66025995E+00
  6.00000000E+00 -6.71026419E+00
  6.00000000E+00 -6.80303223E+00
  6.00000000E+00 -6.85303647E+00
  6.00000000E+00 -6.94580450E+00
  6.00000000E+00 -6.99580874E+00
  6.00000000E+00 -7.08857678E+00
  6.00000000E+00 -7.13858102E+00

w:2200/ x(   0.8254330E+01) y(   0.3283950E-04) ix(2) iy(2) s(   0.7000E+00)

hb:   line clip z  
frame:
 -4.9998594E+00 -6.9999675E+00
  1.1000014E+02 -6.9999675E+00
  1.1000014E+02  7.0000325E+00
 -4.9998594E+00  7.0000325E+00
clip:
  7.93479544E+00 -7.13858102E+00
  8.90433000E+00 -7.13858102E+00
  8.90433000E+00 -7.02055073E+00
  8.90433000E+00 -6.99580874E+00
  8.90433000E+00 -6.87777845E+00
  8.90433000E+00 -6.85303647E+00
  8.90433000E+00 -6.73500617E+00
  8.90433000E+00 -6.71026419E+00
  8.90433000E+00 -6.59223390E+00
  8.90433000E+00 -6.56749191E+00
  8.90433000E+00 -6.44946162E+00
  8.90433000E+00 -6.42471964E+00
  8.90433000E+00 -6.30668934E+00
  8.90433000E+00 -6.28194736E+00
  8.90433000E+00 -6.16391706E+00
  8.90433000E+00 -6.13917508E+00
  8.90433000E+00 -6.02114479E+00
  8.90433000E+00 -5.99640280E+00
  8.90433000E+00 -5.87837251E+00
  8.90433000E+00 -5.85363053E+00
  8.90433000E+00 -5.73560023E+00
  8.90433000E+00 -5.71085825E+00
  8.90433000E+00 -5.59282796E+00
  8.90433000E+00 -5.56808597E+00
  8.90433000E+00 -5.45005568E+00
  8.90433000E+00 -5.42531370E+00
  8.90433000E+00 -5.30728340E+00
  8.90433000E+00 -5.28254142E+00
  8.90433000E+00 -5.16451112E+00
  8.90433000E+00 -5.13976914E+00
  8.90433000E+00 -5.02173885E+00
  8.90433000E+00 -4.99699686E+00
  8.90433000E+00 -4.87896657E+00
  8.90433000E+00 -4.85422459E+00
  8.90433000E+00 -4.73619429E+00
  8.90433000E+00 -4.71145231E+00
  8.90433000E+00 -4.59342201E+00
  8.90433000E+00 -4.56868003E+00
  8.90433000E+00 -4.45064974E+00
  8.90433000E+00 -4.42590775E+00
  8.90433000E+00 -4.30787746E+00
  8.90433000E+00 -4.28313548E+00
  8.90433000E+00 -4.16510518E+00
  8.90433000E+00 -4.14036320E+00
  8.90433000E+00 -4.02233291E+00
  8.90433000E+00 -3.99759092E+00
  8.90433000E+00 -3.87956063E+00
  8.90433000E+00 -3.85481865E+00
  8.90433000E+00 -3.73678835E+00
  8.90433000E+00 -3.71204637E+00
  8.90433000E+00 -3.59401607E+00
  8.90433000E+00 -3.56927409E+00
  8.90433000E+00 -3.45124380E+00
  8.90433000E+00 -3.42650181E+00
  8.90433000E+00 -3.30847152E+00
  8.90433000E+00 -3.28372954E+00
  8.90433000E+00 -3.16569924E+00
  8.90433000E+00 -3.14095726E+00
  8.90433000E+00 -3.02292697E+00
  8.90433000E+00 -2.99818498E+00
  8.90433000E+00 -2.88015469E+00
  8.90433000E+00 -2.85541271E+00
  8.90433000E+00 -2.73738241E+00
  8.90433000E+00 -2.71264043E+00
  8.90433000E+00 -2.59461013E+00
  8.90433000E+00 -2.56986815E+00
  8.90433000E+00 -2.45183786E+00
  8.90433000E+00 -2.42709587E+00
  8.90433000E+00 -2.30906558E+00
  8.90433000E+00 -2.28432360E+00
  8.90433000E+00 -2.16629330E+00
  8.90433000E+00 -2.14155132E+00
  8.90433000E+00 -2.02352102E+00
  8.90433000E+00 -1.99877904E+00
  8.90433000E+00 -1.88074875E+00
  8.90433000E+00 -1.85600676E+00
  8.90433000E+00 -1.73797647E+00
  8.90433000E+00 -1.71323449E+00
  8.90433000E+00 -1.59520419E+00
  8.90433000E+00 -1.57046221E+00
  8.90433000E+00 -1.45243192E+00
  8.90433000E+00 -1.42768993E+00
  8.90433000E+00 -1.30965964E+00
  8.90433000E+00 -1.28491766E+00
  8.90433000E+00 -1.16688736E+00
  8.90433000E+00 -1.14214538E+00
  8.90433000E+00 -1.02411508E+00
  8.90433000E+00 -9.99373101E-01
  8.90433000E+00 -8.81342807E-01
  8.90433000E+00 -8.56600824E-01
  8.90433000E+00 -7.38570530E-01
  8.90433000E+00 -7.13828547E-01
  8.90433000E+00 -5.95798252E-01
  8.90433000E+00 -5.71056269E-01
  8.90433000E+00 -4.53025975E-01
  8.90433000E+00 -4.28283992E-01
  8.90433000E+00 -3.10253698E-01
  8.90433000E+00 -2.85511715E-01
  8.90433000E+00 -1.67481421E-01
  8.90433000E+00 -1.42739438E-01
  8.90433000E+00 -2.47091435E-02
  8.90433000E+00  3.28395046E-05
  8.90433000E+00  1.18063134E-01
  8.90433000E+00  1.42805117E-01
  8.90433000E+00  2.60835411E-01
  8.90433000E+00  2.85577394E-01
  8.90433000E+00  4.03607688E-01
  8.90433000E+00  4.28349671E-01
  8.90433000E+00  5.46379965E-01
  8.90433000E+00  5.71121948E-01
  8.90433000E+00  6.89152243E-01
  8.90433000E+00  7.13894226E-01
  8.90433000E+00  8.31924520E-01
  8.90433000E+00  8.56666503E-01
  8.90433000E+00  9.74696797E-01
  8.90433000E+00  9.99438780E-01
  8.90433000E+00  1.11746907E+00
  8.90433000E+00  1.14221106E+00
  8.90433000E+00  1.26024135E+00
  8.90433000E+00  1.28498333E+00
  8.90433000E+00  1.40301363E+00
  8.90433000E+00  1.42775561E+00
  8.90433000E+00  1.54578591E+00
  8.90433000E+00  1.57052789E+00
  8.90433000E+00  1.68855818E+00
  8.90433000E+00  1.71330017E+00
  8.90433000E+00  1.83133046E+00
  8.90433000E+00  1.85607244E+00
  8.90433000E+00  1.97410274E+00
  8.90433000E+00  1.99884472E+00
  8.90433000E+00  2.11687501E+00
  8.90433000E+00  2.14161700E+00
  8.90433000E+00  2.25964729E+00
  8.90433000E+00  2.28438928E+00
  8.90433000E+00  2.40241957E+00
  8.90433000E+00  2.42716155E+00
  8.90433000E+00  2.54519185E+00
  8.90433000E+00  2.56993383E+00
  8.90433000E+00  2.68796412E+00
  8.90433000E+00  2.71270611E+00
  8.90433000E+00  2.83073640E+00
  8.90433000E+00  2.85547838E+00
  8.90433000E+00  2.97350868E+00
  8.90433000E+00  2.99825066E+00
  8.90433000E+00  3.11628096E+00
  8.90433000E+00  3.14102294E+00
  8.90433000E+00  3.25905323E+00
  8.90433000E+00  3.28379522E+00
  8.90433000E+00  3.40182551E+00
  8.90433000E+00  3.42656749E+00
  8.90433000E+00  3.54459779E+00
  8.90433000E+00  3.56933977E+00
  8.90433000E+00  3.68737006E+00
  8.90433000E+00  3.71211205E+00
  8.90433000E+00  3.83014234E+00
  8.90433000E+00  3.85488432E+00
  8.90433000E+00  3.97291462E+00
  8.90433000E+00  3.99765660E+00
  8.90433000E+00  4.11568690E+00
  8.90433000E+00  4.14042888E+00
  8.90433000E+00  4.25845917E+00
  8.90433000E+00  4.28320116E+00
  8.90433000E+00  4.40123145E+00
  8.90433000E+00  4.42597343E+00
  8.90433000E+00  4.54400373E+00
  8.90433000E+00  4.56874571E+00
  8.90433000E+00  4.68677600E+00
  8.90433000E+00  4.71151799E+00
  8.90433000E+00  4.82954828E+00
  8.90433000E+00  4.85429027E+00
  8.90433000E+00  4.97232056E+00
  8.90433000E+00  4.99706254E+00
  8.90433000E+00  5.11509284E+00
  8.90433000E+00  5.13983482E+00
  8.90433000E+00  5.25786511E+00
  8.90433000E+00  5.28260710E+00
  8.90433000E+00  5.40063739E+00
  8.90433000E+00  5.42537937E+00
  8.90433000E+00  5.54340967E+00
  8.90433000E+00  5.56815165E+00
  8.90433000E+00  5.68618195E+00
  8.90433000E+00  5.71092393E+00
  8.90433000E+00  5.82895422E+00
  8.90433000E+00  5.85369621E+00
  8.90433000E+00  5.97172650E+00
  8.90433000E+00  5.99646848E+00
  8.90433000E+00  6.11449878E+00
  8.90433000E+00  6.13924076E+00
  8.90433000E+00  6.25727105E+00
  8.90433000E+00  6.28201304E+00
  8.90433000E+00  6.40004333E+00
  8.90433000E+00  6.42478531E+00
  8.90433000E+00  6.54281561E+00
  8.90433000E+00  6.56755759E+00
  8.90433000E+00  6.68558789E+00
  8.90433000E+00  6.71032987E+00
  8.90433000E+00  6.82836016E+00
  8.90433000E+00  6.85310215E+00
  8.90433000E+00  6.97113244E+00
  8.90433000E+00  6.99587442E+00
  8.90433000E+00  7.11390472E+00
  8.90433000E+00  7.13864670E+00
  7.93479544E+00  7.13864670E+00
  7.60433000E+00  7.13864670E+00
  7.60433000E+00  7.09841613E+00
  7.60433000E+00  6.99587442E+00
  7.60433000E+00  6.95564385E+00
  7.60433000E+00  6.85310215E+00
  7.60433000E+00  6.81287157E+00
  7.60433000E+00  6.71032987E+00
  7.60433000E+00  6.67009929E+00
  7.60433000E+00  6.56755759E+00
  7.60433000E+00  6.52732702E+00
  7.60433000E+00  6.42478531E+00
  7.60433000E+00  6.38455474E+00
  7.60433000E+00  6.28201304E+00
  7.60433000E+00  6.24178246E+00
  7.60433000E+00  6.13924076E+00
  7.60433000E+00  6.09901018E+00
  7.60433000E+00  5.99646848E+00
  7.60433000E+00  5.95623791E+00
  7.60433000E+00  5.85369621E+00
  7.60433000E+00  5.81346563E+00
  7.60433000E+00  5.71092393E+00
  7.60433000E+00  5.67069335E+00
  7.60433000E+00  5.56815165E+00
  7.60433000E+00  5.52792108E+00
  7.60433000E+00  5.42537937E+00
  7.60433000E+00  5.38514880E+00
  7.60433000E+00  5.28260710E+00
  7.60433000E+00  5.24237652E+00
  7.60433000E+00  5.13983482E+00
  7.60433000E+00  5.09960424E+00
  7.60433000E+00  4.99706254E+00
  7.60433000E+00  4.95683197E+00
  7.60433000E+00  4.85429027E+00
  7.60433000E+00  4.81405969E+00
  7.60433000E+00  4.71151799E+00
  7.60433000E+00  4.67128741E+00
  7.60433000E+00  4.56874571E+00
  7.60433000E+00  4.52851514E+00
  7.60433000E+00  4.42597343E+00
  7.60433000E+00  4.38574286E+00
  7.60433000E+00  4.28320116E+00
  7.60433000E+00  4.24297058E+00
  7.60433000E+00  4.14042888E+00
  7.60433000E+00  4.10019830E+00
  7.60433000E+00  3.99765660E+00
  7.60433000E+00  3.95742603E+00
  7.60433000E+00  3.85488432E+00
  7.60433000E+00  3.81465375E+00
  7.60433000E+00  3.71211205E+00
  7.60433000E+00  3.67188147E+00
  7.60433000E+00  3.56933977E+00
  7.60433000E+00  3.52910919E+00
  7.60433000E+00  3.42656749E+00
  7.60433000E+00  3.38633692E+00
  7.65719188E+00  3.25000000E+00
  7.90433000E+00  3.14102294E+00
  7.90433000E+00  1.56681905E+00
  7.60433000E+00  1.38752504E+00
  7.60433000E+00 -1.46792051E+00
  7.90433000E+00 -1.57417105E+00
  7.90433000E+00 -1.71323449E+00
  7.90433000E+00 -3.14466610E+00
  7.60433000E+00 -3.32396011E+00
  7.60433000E+00 -7.13858102E+00

w:2/ x(   0.1390217E+02) y(   0.3283950E-04) ix(2) iy(2) s(   0.7000E+00)

hb:   line clip z  
frame:
 -4.9998594E+00 -6.9999675E+00
  1.1000014E+02 -6.9999675E+00
  1.1000014E+02  7.0000325E+00
 -4.9998594E+00  7.0000325E+00
clip:
  9.10756772E+00 -7.13858102E+00
  1.89000000E+01 -7.13858102E+00
  1.89000000E+01 -7.08863705E+00
  1.89000000E+01 -6.99580874E+00
  1.89000000E+01 -6.94586477E+00
  1.89000000E+01 -6.85303647E+00
  1.89000000E+01 -6.80309249E+00
  1.89000000E+01 -6.71026419E+00
  1.89000000E+01 -6.66032022E+00
  1.89000000E+01 -6.56749191E+00
  1.89000000E+01 -6.51754794E+00
  1.89000000E+01 -6.42471964E+00
  1.89000000E+01 -6.37477566E+00
  1.89000000E+01 -6.28194736E+00
  1.89000000E+01 -6.23200339E+00
  1.89000000E+01 -6.13917508E+00
  1.89000000E+01 -6.08923111E+00
  1.89000000E+01 -5.99640280E+00
  1.89000000E+01 -5.94645883E+00
  1.89000000E+01 -5.85363053E+00
  1.89000000E+01 -5.80368655E+00
  1.89000000E+01 -5.71085825E+00
  1.89000000E+01 -5.66091428E+00
  1.89000000E+01 -5.56808597E+00
  1.89000000E+01 -5.51814200E+00
  1.89000000E+01 -5.42531370E+00
  1.89000000E+01 -5.37536972E+00
  1.89000000E+01 -5.28254142E+00
  1.89000000E+01 -5.23259744E+00
  1.89000000E+01 -5.13976914E+00
  1.89000000E+01 -5.08982517E+00
  1.89000000E+01 -4.99699686E+00
  1.89000000E+01 -4.94705289E+00
  1.89000000E+01 -4.85422459E+00
  1.89000000E+01 -4.80428061E+00
  1.89000000E+01 -4.71145231E+00
  1.89000000E+01 -4.66150834E+00
  1.89000000E+01 -4.56868003E+00
  1.89000000E+01 -4.51873606E+00
  1.89000000E+01 -4.42590775E+00
  1.89000000E+01 -4.37596378E+00
  1.89000000E+01 -4.28313548E+00
  1.89000000E+01 -4.23319150E+00
  1.89000000E+01 -4.14036320E+00
  1.89000000E+01 -4.09041923E+00
  1.89000000E+01 -3.99759092E+00
  1.89000000E+01 -3.94764695E+00
  1.89000000E+01 -3.85481865E+00
  1.89000000E+01 -3.80487467E+00
  1.89000000E+01 -3.71204637E+00
  1.89000000E+01 -3.66210240E+00
  1.89000000E+01 -3.56927409E+00
  1.89000000E+01 -3.51933012E+00
  1.89000000E+01 -3.42650181E+00
  1.89000000E+01 -3.37655784E+00
  1.89000000E+01 -3.28372954E+00
  1.89000000E+01 -3.23378556E+00
  1.89000000E+01 -3.14095726E+00
  1.89000000E+01 -3.09101329E+00
  1.89000000E+01 -2.99818498E+00
  1.89000000E+01 -2.94824101E+00
  1.89000000E+01 -2.85541271E+00
  1.89000000E+01 -2.80546873E+00
  1.89000000E+01 -2.71264043E+00
  1.89000000E+01 -2.66269645E+00
  1.89000000E+01 -2.56986815E+00
  1.89000000E+01 -2.51992418E+00
  1.89000000E+01 -2.42709587E+00
  1.89000000E+01 -2.37715190E+00
  1.89000000E+01 -2.28432360E+00
  1.89000000E+01 -2.23437962E+00
  1.89000000E+01 -2.14155132E+00
  1.89000000E+01 -2.09160735E+00
  1.89000000E+01 -1.99877904E+00
  1.89000000E+01 -1.94883507E+00
  1.89000000E+01 -1.85600676E+00
  1.89000000E+01 -1.80606279E+00
  1.89000000E+01 -1.71323449E+00
  1.89000000E+01 -1.66329051E+00
  1.89000000E+01 -1.57046221E+00
  1.89000000E+01 -1.52051824E+00
  1.89000000E+01 -1.42768993E+00
  1.89000000E+01 -1.37774596E+00
  1.89000000E+01 -1.28491766E+00
  1.89000000E+01 -1.23497368E+00
  1.89000000E+01 -1.14214538E+00
  1.89000000E+01 -1.09220141E+00
  1.89000000E+01 -9.99373101E-01
  1.89000000E+01 -9.49429128E-01
  1.89000000E+01 -8.56600824E-01
  1.89000000E+01 -8.06656851E-01
  1.89000000E+01 -7.13828547E-01
  1.89000000E+01 -6.63884574E-01
  1.89000000E+01 -5.71056269E-01
  1.89000000E+01 -5.21112296E-01
  1.89000000E+01 -4.28283992E-01
  1.89000000E+01 -3.78340019E-01
  1.89000000E+01 -2.85511715E-01
  1.89000000E+01 -2.35567742E-01
  1.89000000E+01 -1.42739438E-01
  1.89000000E+01 -9.27954647E-02
  1.89000000E+01  3.28395046E-05
  1.89000000E+01  4.99768126E-02
  1.89000000E+01  1.42805117E-01
  1.89000000E+01  1.92749090E-01
  1.89000000E+01  2.85577394E-01
  1.89000000E+01  3.35521367E-01
  1.89000000E+01  4.28349671E-01
  1.89000000E+01  4.78293644E-01
  1.89000000E+01  5.71121948E-01
  1.89000000E+01  6.21065921E-01
  1.89000000E+01  7.13894226E-01
  1.89000000E+01  7.63838199E-01
  1.89000000E+01  8.56666503E-01
  1.89000000E+01  9.06610476E-01
  1.89000000E+01  9.99438780E-01
  1.89000000E+01  1.04938275E+00
  1.89000000E+01  1.14221106E+00
  1.89000000E+01  1.19215503E+00
  1.89000000E+01  1.28498333E+00
  1.89000000E+01  1.33492731E+00
  1.89000000E+01  1.42775561E+00
  1.89000000E+01  1.47769958E+00
  1.89000000E+01  1.57052789E+00
  1.89000000E+01  1.62047186E+00
  1.89000000E+01  1.71330017E+00
  1.89000000E+01  1.76324414E+00
  1.89000000E+01  1.85607244E+00
  1.89000000E+01  1.90601642E+00
  1.89000000E+01  1.99884472E+00
  1.89000000E+01  2.04878869E+00
  1.89000000E+01  2.14161700E+00
  1.89000000E+01  2.19156097E+00
  1.89000000E+01  2.28438928E+00
  1.89000000E+01  2.33433325E+00
  1.89000000E+01  2.42716155E+00
  1.89000000E+01  2.47710553E+00
  1.89000000E+01  2.56993383E+00
  1.89000000E+01  2.61987780E+00
  1.89000000E+01  2.71270611E+00
  1.89000000E+01  2.76265008E+00
  1.89000000E+01  2.85547838E+00
  1.89000000E+01  2.90542236E+00
  1.89000000E+01  2.99825066E+00
  1.89000000E+01  3.04819463E+00
  1.89000000E+01  3.14102294E+00
  1.89000000E+01  3.19096691E+00
  1.89000000E+01  3.28379522E+00
  1.89000000E+01  3.33373919E+00
  1.89000000E+01  3.42656749E+00
  1.89000000E+01  3.47651147E+00
  1.89000000E+01  3.56933977E+00
  1.89000000E+01  3.61928374E+00
  1.89000000E+01  3.71211205E+00
  1.89000000E+01  3.76205602E+00
  1.89000000E+01  3.85488432E+00
  1.89000000E+01  3.90482830E+00
  1.89000000E+01  3.99765660E+00
  1.89000000E+01  4.04760057E+00
  1.89000000E+01  4.14042888E+00
  1.89000000E+01  4.19037285E+00
  1.89000000E+01  4.28320116E+00
  1.89000000E+01  4.33314513E+00
  1.89000000E+01  4.42597343E+00
  1.89000000E+01  4.47591741E+00
  1.89000000E+01  4.56874571E+00
  1.89000000E+01  4.61868968E+00
  1.89000000E+01  4.71151799E+00
  1.89000000E+01  4.76146196E+00
  1.89000000E+01  4.85429027E+00
  1.89000000E+01  4.90423424E+00
  1.89000000E+01  4.99706254E+00
  1.89000000E+01  5.04700652E+00
  1.89000000E+01  5.13983482E+00
  1.89000000E+01  5.18977879E+00
  1.89000000E+01  5.28260710E+00
  1.89000000E+01  5.33255107E+00
  1.89000000E+01  5.42537937E+00
  1.89000000E+01  5.47532335E+00
  1.89000000E+01  5.56815165E+00
  1.89000000E+01  5.61809562E+00
  1.89000000E+01  5.71092393E+00
  1.89000000E+01  5.76086790E+00
  1.89000000E+01  5.85369621E+00
  1.89000000E+01  5.90364018E+00
  1.89000000E+01  5.99646848E+00
  1.89000000E+01  6.04641246E+00
  1.89000000E+01  6.13924076E+00
  1.89000000E+01  6.18918473E+00
  1.89000000E+01  6.28201304E+00
  1.89000000E+01  6.33195701E+00
  1.89000000E+01  6.42478531E+00
  1.89000000E+01  6.47472929E+00
  1.89000000E+01  6.56755759E+00
  1.89000000E+01  6.61750157E+00
  1.89000000E+01  6.71032987E+00
  1.89000000E+01  6.76027384E+00
  1.89000000E+01  6.85310215E+00
  1.89000000E+01  6.90304612E+00
  1.89000000E+01  6.99587442E+00
  1.89000000E+01  7.04581840E+00
  1.89000000E+01  7.13864670E+00
  1.84897459E+01  7.13864670E+00
  1.73169737E+01  7.13864670E+00
  1.61442014E+01  7.13864670E+00
  1.49714291E+01  7.13864670E+00
  1.37986568E+01  7.13864670E+00
  1.26258845E+01  7.13864670E+00
  1.14531123E+01  7.13864670E+00
  1.02803400E+01  7.13864670E+00
  9.10756772E+00  7.13864670E+00
  8.90433000E+00  7.13864670E+00
  8.90433000E+00  7.11390472E+00
  8.90433000E+00  6.99587442E+00
  8.90433000E+00  6.97113244E+00
  8.90433000E+00  6.85310215E+00
  8.90433000E+00  6.82836016E+00
  8.90433000E+00  6.71032987E+00
  8.90433000E+00  6.68558789E+00
  8.90433000E+00  6.56755759E+00
  8.90433000E+00  6.54281561E+00
  8.90433000E+00  6.42478531E+00
  8.90433000E+00  6.40004333E+00
  8.90433000E+00  6.28201304E+00
  8.90433000E+00  6.25727105E+00
  8.90433000E+00  6.13924076E+00
  8.90433000E+00  6.11449878E+00
  8.90433000E+00  5.99646848E+00
  8.90433000E+00  5.97172650E+00
  8.90433000E+00  5.85369621E+00
  8.90433000E+00  5.82895422E+00
  8.90433000E+00  5.71092393E+00
  8.90433000E+00  5.68618195E+00
  8.90433000E+00  5.56815165E+00
  8.90433000E+00  5.54340967E+00
  8.90433000E+00  5.42537937E+00
  8.90433000E+00  5.40063739E+00
  8.90433000E+00  5.28260710E+00
  8.90433000E+00  5.25786511E+00
  8.90433000E+00  5.13983482E+00
  8.90433000E+00  5.11509284E+00
  8.90433000E+00  4.99706254E+00
  8.90433000E+00  4.97232056E+00
  8.90433000E+00  4.85429027E+00
  8.90433000E+00  4.82954828E+00
  8.90433000E+00  4.71151799E+00
  8.90433000E+00  4.68677600E+00
  8.90433000E+00  4.56874571E+00
  8.90433000E+00  4.54400373E+00
  8.90433000E+00  4.42597343E+00
  8.90433000E+00  4.40123145E+00
  8.90433000E+00  4.28320116E+00
  8.90433000E+00  4.25845917E+00
  8.90433000E+00  4.14042888E+00
  8.90433000E+00  4.11568690E+00
  8.90433000E+00  3.99765660E+00
  8.90433000E+00  3.97291462E+00
  8.90433000E+00  3.85488432E+00
  8.90433000E+00  3.83014234E+00
  8.90433000E+00  3.71211205E+00
  8.90433000E+00  3.68737006E+00
  8.90433000E+00  3.56933977E+00
  8.90433000E+00  3.54459779E+00
  8.90433000E+00  3.42656749E+00
  8.90433000E+00  3.40182551E+00
  8.90433000E+00  3.28379522E+00
  8.90433000E+00  3.25905323E+00
  8.90433000E+00  3.14102294E+00
  8.90433000E+00  3.11628096E+00
  8.90433000E+00  2.99825066E+00
  8.90433000E+00  2.97350868E+00
  8.90433000E+00  2.85547838E+00
  8.90433000E+00  2.83073640E+00
  8.90433000E+00  2.71270611E+00
  8.90433000E+00  2.68796412E+00
  8.90433000E+00  2.56993383E+00
  8.90433000E+00  2.54519185E+00
  8.90433000E+00  2.42716155E+00
  8.90433000E+00  2.40241957E+00
  8.90433000E+00  2.28438928E+00
  8.90433000E+00  2.25964729E+00
  8.90433000E+00  2.14161700E+00
  8.90433000E+00  2.11687501E+00
  8.90433000E+00  1.99884472E+00
  8.90433000E+00  1.97410274E+00
  8.90433000E+00  1.85607244E+00
  8.90433000E+00  1.83133046E+00
  8.90433000E+00  1.71330017E+00
  8.90433000E+00  1.68855818E+00
  8.90433000E+00  1.57052789E+00
  8.90433000E+00  1.54578591E+00
  8.90433000E+00  1.42775561E+00
  8.90433000E+00  1.40301363E+00
  8.90433000E+00  1.28498333E+00
  8.90433000E+00  1.26024135E+00
  8.90433000E+00  1.14221106E+00
  8.90433000E+00  1.11746907E+00
  8.90433000E+00  9.99438780E-01
  8.90433000E+00  9.74696797E-01
  8.90433000E+00  8.56666503E-01
  8.90433000E+00  8.31924520E-01
  8.90433000E+00  7.13894226E-01
  8.90433000E+00  6.89152243E-01
  8.90433000E+00  5.71121948E-01
  8.90433000E+00  5.46379965E-01
  8.90433000E+00  4.28349671E-01
  8.90433000E+00  4.03607688E-01
  8.90433000E+00  2.85577394E-01
  8.90433000E+00  2.60835411E-01
  8.90433000E+00  1.42805117E-01
  8.90433000E+00  1.18063134E-01
  8.90433000E+00  3.28395046E-05
  8.90433000E+00 -2.47091435E-02
  8.90433000E+00 -1.42739438E-01
  8.90433000E+00 -1.67481421E-01
  8.90433000E+00 -2.85511715E-01
  8.90433000E+00 -3.10253698E-01
  8.90433000E+00 -4.28283992E-01
  8.90433000E+00 -4.53025975E-01
  8.90433000E+00 -5.71056269E-01
  8.90433000E+00 -5.95798252E-01
  8.90433000E+00 -7.13828547E-01
  8.90433000E+00 -7.38570530E-01
  8.90433000E+00 -8.56600824E-01
  8.90433000E+00 -8.81342807E-01
  8.90433000E+00 -9.99373101E-01
  8.90433000E+00 -1.02411508E+00
  8.90433000E+00 -1.14214538E+00
  8.90433000E+00 -1.16688736E+00
  8.90433000E+00 -1.28491766E+00
  8.90433000E+00 -1.30965964E+00
  8.90433000E+00 -1.42768993E+00
  8.90433000E+00 -1.45243192E+00
  8.90433000E+00 -1.57046221E+00
  8.90433000E+00 -1.59520419E+00
  8.90433000E+00 -1.71323449E+00
  8.90433000E+00 -1.73797647E+00
  8.90433000E+00 -1.85600676E+00
  8.90433000E+00 -1.88074875E+00
  8.90433000E+00 -1.99877904E+00
  8.90433000E+00 -2.02352102E+00
  8.90433000E+00 -2.14155132E+00
  8.90433000E+00 -2.16629330E+00
  8.90433000E+00 -2.28432360E+00
  8.90433000E+00 -2.30906558E+00
  8.90433000E+00 -2.42709587E+00
  8.90433000E+00 -2.45183786E+00
  8.90433000E+00 -2.56986815E+00
  8.90433000E+00 -2.59461013E+00
  8.90433000E+00 -2.71264043E+00
  8.90433000E+00 -2.73738241E+00
  8.90433000E+00 -2.85541271E+00
  8.90433000E+00 -2.88015469E+00
  8.90433000E+00 -2.99818498E+00
  8.90433000E+00 -3.02292697E+00
  8.90433000E+00 -3.14095726E+00
  8.90433000E+00 -3.16569924E+00
  8.90433000E+00 -3.28372954E+00
  8.90433000E+00 -3.30847152E+00
  8.90433000E+00 -3.42650181E+00
  8.90433000E+00 -3.45124380E+00
  8.90433000E+00 -3.56927409E+00
  8.90433000E+00 -3.59401607E+00
  8.90433000E+00 -3.71204637E+00
  8.90433000E+00 -3.73678835E+00
  8.90433000E+00 -3.85481865E+00
  8.90433000E+00 -3.87956063E+00
  8.90433000E+00 -3.99759092E+00
  8.90433000E+00 -4.02233291E+00
  8.90433000E+00 -4.14036320E+00
  8.90433000E+00 -4.16510518E+00
  8.90433000E+00 -4.28313548E+00
  8.90433000E+00 -4.30787746E+00
  8.90433000E+00 -4.42590775E+00
  8.90433000E+00 -4.45064974E+00
  8.90433000E+00 -4.56868003E+00
  8.90433000E+00 -4.59342201E+00
  8.90433000E+00 -4.71145231E+00
  8.90433000E+00 -4.73619429E+00
  8.90433000E+00 -4.85422459E+00
  8.90433000E+00 -4.87896657E+00
  8.90433000E+00 -4.99699686E+00
  8.90433000E+00 -5.02173885E+00
  8.90433000E+00 -5.13976914E+00
  8.90433000E+00 -5.16451112E+00
  8.90433000E+00 -5.28254142E+00
  8.90433000E+00 -5.30728340E+00
  8.90433000E+00 -5.42531370E+00
  8.90433000E+00 -5.45005568E+00
  8.90433000E+00 -5.56808597E+00
  8.90433000E+00 -5.59282796E+00
  8.90433000E+00 -5.71085825E+00
  8.90433000E+00 -5.73560023E+00
  8.90433000E+00 -5.85363053E+00
  8.90433000E+00 -5.87837251E+00
  8.90433000E+00 -5.99640280E+00
  8.90433000E+00 -6.02114479E+00
  8.90433000E+00 -6.13917508E+00
  8.90433000E+00 -6.16391706E+00
  8.90433000E+00 -6.28194736E+00
  8.90433000E+00 -6.30668934E+00
  8.90433000E+00 -6.42471964E+00
  8.90433000E+00 -6.44946162E+00
  8.90433000E+00 -6.56749191E+00
  8.90433000E+00 -6.59223390E+00
  8.90433000E+00 -6.71026419E+00
  8.90433000E+00 -6.73500617E+00
  8.90433000E+00 -6.85303647E+00
  8.90433000E+00 -6.87777845E+00
  8.90433000E+00 -6.99580874E+00
  8.90433000E+00 -7.02055073E+00
  8.90433000E+00 -7.13858102E+00

w:2602/ x(   0.1961500E+02) y(  -0.4819291E+01) ix(2) iy(2) s(   0.7000E+00)

hb:   line clip z  
frame:
 -4.9998594E+00 -6.9999675E+00
  1.1000014E+02 -6.9999675E+00
  1.1000014E+02  7.0000325E+00
 -4.9998594E+00  7.0000325E+00
clip:
  1.96625182E+01 -7.13858102E+00
  1.98300000E+01 -7.13858102E+00
  1.98300000E+01 -7.11819193E+00
  1.98300000E+01 -6.99580874E+00
  1.98300000E+01 -6.97541966E+00
  1.98300000E+01 -6.85303647E+00
  1.98300000E+01 -6.83264738E+00
  1.98300000E+01 -6.71026419E+00
  1.98300000E+01 -6.68987510E+00
  1.98300000E+01 -6.56749191E+00
  1.98300000E+01 -6.54710283E+00
  1.98300000E+01 -6.42471964E+00
  1.98300000E+01 -6.40433055E+00
  1.98300000E+01 -6.28194736E+00
  1.98300000E+01 -6.26155827E+00
  1.98300000E+01 -6.13917508E+00
  1.98300000E+01 -6.11878599E+00
  1.98300000E+01 -5.99640280E+00
  1.98300000E+01 -5.97601372E+00
  1.98300000E+01 -5.85363053E+00
  1.98300000E+01 -5.83324144E+00
  1.98300000E+01 -5.71085825E+00
  1.98300000E+01 -5.69046916E+00
  1.98300000E+01 -5.56808597E+00
  1.98300000E+01 -5.54769689E+00
  1.98300000E+01 -5.42531370E+00
  1.98300000E+01 -5.40492461E+00
  1.98300000E+01 -5.28254142E+00
  1.98300000E+01 -5.26215233E+00
  1.98300000E+01 -5.13976914E+00
  1.98300000E+01 -5.11938005E+00
  1.98300000E+01 -4.99699686E+00
  1.98300000E+01 -4.97660778E+00
  1.98300000E+01 -4.85422459E+00
  1.98300000E+01 -4.83383550E+00
  1.98300000E+01 -4.71145231E+00
  1.98300000E+01 -4.69106322E+00
  1.98300000E+01 -4.56868003E+00
  1.98300000E+01 -4.54829094E+00
  1.98300000E+01 -4.42590775E+00
  1.98300000E+01 -4.40551867E+00
  1.98300000E+01 -4.28313548E+00
  1.98300000E+01 -4.26274639E+00
  1.98300000E+01 -4.14036320E+00
  1.98300000E+01 -4.11997411E+00
  1.98300000E+01 -3.99759092E+00
  1.98300000E+01 -3.97720184E+00
  1.98300000E+01 -3.85481865E+00
  1.98300000E+01 -3.83442956E+00
  1.98300000E+01 -3.71204637E+00
  1.98300000E+01 -3.69165728E+00
  1.98300000E+01 -3.56927409E+00
  1.98300000E+01 -3.54888500E+00
  1.98300000E+01 -3.42650181E+00
  1.98300000E+01 -3.40611273E+00
  1.98300000E+01 -3.28372954E+00
  1.98300000E+01 -3.26334045E+00
  1.98300000E+01 -3.14095726E+00
  1.98300000E+01 -3.12056817E+00
  1.98300000E+01 -2.99818498E+00
  1.98300000E+01 -2.97779590E+00
  1.98300000E+01 -2.85541271E+00
  1.98300000E+01 -2.83502362E+00
  1.98300000E+01 -2.71264043E+00
  1.98300000E+01 -2.69225134E+00
  1.98300000E+01 -2.56986815E+00
  1.98300000E+01 -2.54947906E+00
  1.96625182E+01 -2.50000000E+00
  1.94000000E+01 -2.53790941E+00
  1.94000000E+01 -2.56986815E+00
  1.94000000E+01 -2.60182689E+00
  1.94000000E+01 -2.71264043E+00
  1.94000000E+01 -2.74459917E+00
  1.94000000E+01 -2.85541271E+00
  1.94000000E+01 -2.88737144E+00
  1.94000000E+01 -2.99818498E+00
  1.94000000E+01 -3.03014372E+00
  1.94000000E+01 -3.14095726E+00
  1.94000000E+01 -3.17291600E+00
  1.94000000E+01 -3.28372954E+00
  1.94000000E+01 -3.31568828E+00
  1.94000000E+01 -3.42650181E+00
  1.94000000E+01 -3.45846055E+00
  1.94000000E+01 -3.56927409E+00
  1.94000000E+01 -3.60123283E+00
  1.94000000E+01 -3.71204637E+00
  1.94000000E+01 -3.74400511E+00
  1.94000000E+01 -3.85481865E+00
  1.94000000E+01 -3.88677738E+00
  1.94000000E+01 -3.99759092E+00
  1.94000000E+01 -4.02954966E+00
  1.94000000E+01 -4.14036320E+00
  1.94000000E+01 -4.17232194E+00
  1.94000000E+01 -4.28313548E+00
  1.94000000E+01 -4.31509422E+00
  1.94000000E+01 -4.42590775E+00
  1.94000000E+01 -4.45786649E+00
  1.94000000E+01 -4.56868003E+00
  1.94000000E+01 -4.60063877E+00
  1.94000000E+01 -4.71145231E+00
  1.94000000E+01 -4.74341105E+00
  1.94000000E+01 -4.85422459E+00
  1.94000000E+01 -4.88618333E+00
  1.94000000E+01 -4.99699686E+00
  1.94000000E+01 -5.02895560E+00
  1.94000000E+01 -5.13976914E+00
  1.94000000E+01 -5.17172788E+00
  1.94000000E+01 -5.28254142E+00
  1.94000000E+01 -5.31450016E+00
  1.94000000E+01 -5.42531370E+00
  1.94000000E+01 -5.45727243E+00
  1.94000000E+01 -5.56808597E+00
  1.94000000E+01 -5.60004471E+00
  1.94000000E+01 -5.71085825E+00
  1.94000000E+01 -5.74281699E+00
  1.94000000E+01 -5.85363053E+00
  1.94000000E+01 -5.88558927E+00
  1.94000000E+01 -5.99640280E+00
  1.94000000E+01 -6.02836154E+00
  1.94000000E+01 -6.13917508E+00
  1.94000000E+01 -6.17113382E+00
  1.94000000E+01 -6.28194736E+00
  1.94000000E+01 -6.31390610E+00
  1.94000000E+01 -6.42471964E+00
  1.94000000E+01 -6.45667837E+00
  1.94000000E+01 -6.56749191E+00
  1.94000000E+01 -6.59945065E+00
  1.94000000E+01 -6.71026419E+00
  1.94000000E+01 -6.74222293E+00
  1.94000000E+01 -6.85303647E+00
  1.94000000E+01 -6.88499521E+00
  1.94000000E+01 -6.99580874E+00
  1.94000000E+01 -7.02776748E+00
  1.94000000E+01 -7.13858102E+00

w:2/ x(   0.2649500E+02) y(   0.3283950E-04) ix(2) iy(2) s(   0.7000E+00)

hb:   line clip z  
frame:
 -4.9998594E+00 -6.9999675E+00
  1.1000014E+02 -6.9999675E+00
  1.1000014E+02  7.0000325E+00
 -4.9998594E+00  7.0000325E+00
clip:
  2.08352905E+01 -7.13858102E+00
  3.30900000E+01 -7.13858102E+00
  3.30900000E+01 -7.07442611E+00
  3.30900000E+01 -6.99580874E+00
  3.30900000E+01 -6.93165384E+00
  3.30900000E+01 -6.85303647E+00
  3.30900000E+01 -6.78888156E+00
  3.30900000E+01 -6.71026419E+00
  3.30900000E+01 -6.64610928E+00
  3.30900000E+01 -6.56749191E+00
  3.30900000E+01 -6.50333701E+00
  3.30900000E+01 -6.42471964E+00
  3.30900000E+01 -6.36056473E+00
  3.30900000E+01 -6.28194736E+00
  3.30900000E+01 -6.21779245E+00
  3.30900000E+01 -6.13917508E+00
  3.30900000E+01 -6.07502017E+00
  3.30900000E+01 -5.99640280E+00
  3.30900000E+01 -5.93224790E+00
  3.30900000E+01 -5.85363053E+00
  3.30900000E+01 -5.78947562E+00
  3.30900000E+01 -5.71085825E+00
  3.30900000E+01 -5.64670334E+00
  3.30900000E+01 -5.56808597E+00
  3.30900000E+01 -5.50393107E+00
  3.30900000E+01 -5.42531370E+00
  3.30900000E+01 -5.36115879E+00
  3.30900000E+01 -5.28254142E+00
  3.30900000E+01 -5.21838651E+00
  3.30900000E+01 -5.13976914E+00
  3.30900000E+01 -5.07561423E+00
  3.30900000E+01 -4.99699686E+00
  3.30900000E+01 -4.93284196E+00
  3.30900000E+01 -4.85422459E+00
  3.30900000E+01 -4.79006968E+00
  3.30900000E+01 -4.71145231E+00
  3.30900000E+01 -4.64729740E+00
  3.30900000E+01 -4.56868003E+00
  3.30900000E+01 -4.50452512E+00
  3.30900000E+01 -4.42590775E+00
  3.30900000E+01 -4.36175285E+00
  3.30900000E+01 -4.28313548E+00
  3.30900000E+01 -4.21898057E+00
  3.30900000E+01 -4.14036320E+00
  3.30900000E+01 -4.07620829E+00
  3.30900000E+01 -3.99759092E+00
  3.30900000E+01 -3.93343602E+00
  3.30900000E+01 -3.85481865E+00
  3.30900000E+01 -3.79066374E+00
  3.30900000E+01 -3.71204637E+00
  3.30900000E+01 -3.64789146E+00
  3.30900000E+01 -3.56927409E+00
  3.30900000E+01 -3.50511918E+00
  3.30900000E+01 -3.42650181E+00
  3.30900000E+01 -3.36234691E+00
  3.30900000E+01 -3.28372954E+00
  3.30900000E+01 -3.21957463E+00
  3.30900000E+01 -3.14095726E+00
  3.30900000E+01 -3.07680235E+00
  3.30900000E+01 -2.99818498E+00
  3.30900000E+01 -2.93403008E+00
  3.30900000E+01 -2.85541271E+00
  3.30900000E+01 -2.79125780E+00
  3.30900000E+01 -2.71264043E+00
  3.30900000E+01 -2.64848552E+00
  3.30900000E+01 -2.56986815E+00
  3.30900000E+01 -2.50571324E+00
  3.30900000E+01 -2.42709587E+00
  3.30900000E+01 -2.36294097E+00
  3.30900000E+01 -2.28432360E+00
  3.30900000E+01 -2.22016869E+00
  3.30900000E+01 -2.14155132E+00
  3.30900000E+01 -2.07739641E+00
  3.30900000E+01 -1.99877904E+00
  3.30900000E+01 -1.93462413E+00
  3.30900000E+01 -1.85600676E+00
  3.30900000E+01 -1.79185186E+00
  3.30900000E+01 -1.71323449E+00
  3.30900000E+01 -1.64907958E+00
  3.30900000E+01 -1.57046221E+00
  3.30900000E+01 -1.50630730E+00
  3.30900000E+01 -1.42768993E+00
  3.30900000E+01 -1.36353503E+00
  3.30900000E+01 -1.28491766E+00
  3.30900000E+01 -1.22076275E+00
  3.30900000E+01 -1.14214538E+00
  3.30900000E+01 -1.07799047E+00
  3.30900000E+01 -9.99373101E-01
  3.30900000E+01 -9.35218194E-01
  3.30900000E+01 -8.56600824E-01
  3.30900000E+01 -7.92445917E-01
  3.30900000E+01 -7.13828547E-01
  3.30900000E+01 -6.49673639E-01
  3.30900000E+01 -5.71056269E-01
  3.30900000E+01 -5.06901362E-01
  3.30900000E+01 -4.28283992E-01
  3.30900000E+01 -3.64129085E-01
  3.30900000E+01 -2.85511715E-01
  3.30900000E+01 -2.21356808E-01
  3.30900000E+01 -1.42739438E-01
  3.30900000E+01 -7.85845305E-02
  3.30900000E+01  3.28395046E-05
  3.30900000E+01  6.41877467E-02
  3.30900000E+01  1.42805117E-01
  3.30900000E+01  2.06960024E-01
  3.30900000E+01  2.85577394E-01
  3.30900000E+01  3.49732301E-01
  3.30900000E+01  4.28349671E-01
  3.30900000E+01  4.92504578E-01
  3.30900000E+01  5.71121948E-01
  3.30900000E+01  6.35276856E-01
  3.30900000E+01  7.13894226E-01
  3.30900000E+01  7.78049133E-01
  3.30900000E+01  8.56666503E-01
  3.30900000E+01  9.20821410E-01
  3.30900000E+01  9.99438780E-01
  3.30900000E+01  1.06359369E+00
  3.30900000E+01  1.14221106E+00
  3.30900000E+01  1.20636596E+00
  3.30900000E+01  1.28498333E+00
  3.30900000E+01  1.34913824E+00
  3.30900000E+01  1.42775561E+00
  3.30900000E+01  1.49191052E+00
  3.30900000E+01  1.57052789E+00
  3.30900000E+01  1.63468280E+00
  3.30900000E+01  1.71330017E+00
  3.30900000E+01  1.77745507E+00
  3.30900000E+01  1.85607244E+00
  3.30900000E+01  1.92022735E+00
  3.30900000E+01  1.99884472E+00
  3.30900000E+01  2.06299963E+00
  3.30900000E+01  2.14161700E+00
  3.30900000E+01  2.20577191E+00
  3.30900000E+01  2.28438928E+00
  3.30900000E+01  2.34854418E+00
  3.30900000E+01  2.42716155E+00
  3.30900000E+01  2.49131646E+00
  3.30900000E+01  2.56993383E+00
  3.30900000E+01  2.63408874E+00
  3.30900000E+01  2.71270611E+00
  3.30900000E+01  2.77686101E+00
  3.30900000E+01  2.85547838E+00
  3.30900000E+01  2.91963329E+00
  3.30900000E+01  2.99825066E+00
  3.30900000E+01  3.06240557E+00
  3.30900000E+01  3.14102294E+00
  3.30900000E+01  3.20517785E+00
  3.30900000E+01  3.28379522E+00
  3.30900000E+01  3.34795012E+00
  3.30900000E+01  3.42656749E+00
  3.30900000E+01  3.49072240E+00
  3.30900000E+01  3.56933977E+00
  3.30900000E+01  3.63349468E+00
  3.30900000E+01  3.71211205E+00
  3.30900000E+01  3.77626695E+00
  3.30900000E+01  3.85488432E+00
  3.30900000E+01  3.91903923E+00
  3.30900000E+01  3.99765660E+00
  3.30900000E+01  4.06181151E+00
  3.30900000E+01  4.14042888E+00
  3.30900000E+01  4.20458379E+00
  3.30900000E+01  4.28320116E+00
  3.30900000E+01  4.34735606E+00
  3.30900000E+01  4.42597343E+00
  3.30900000E+01  4.49012834E+00
  3.30900000E+01  4.56874571E+00
  3.30900000E+01  4.63290062E+00
  3.30900000E+01  4.71151799E+00
  3.30900000E+01  4.77567290E+00
  3.30900000E+01  4.85429027E+00
  3.30900000E+01  4.91844517E+00
  3.30900000E+01  4.99706254E+00
  3.30900000E+01  5.06121745E+00
  3.30900000E+01  5.13983482E+00
  3.30900000E+01  5.20398973E+00
  3.30900000E+01  5.28260710E+00
  3.30900000E+01  5.34676200E+00
  3.30900000E+01  5.42537937E+00
  3.30900000E+01  5.48953428E+00
  3.30900000E+01  5.56815165E+00
  3.30900000E+01  5.63230656E+00
  3.30900000E+01  5.71092393E+00
  3.30900000E+01  5.77507884E+00
  3.30900000E+01  5.85369621E+00
  3.30900000E+01  5.91785111E+00
  3.30900000E+01  5.99646848E+00
  3.30900000E+01  6.06062339E+00
  3.30900000E+01  6.13924076E+00
  3.30900000E+01  6.20339567E+00
  3.30900000E+01  6.28201304E+00
  3.30900000E+01  6.34616794E+00
  3.30900000E+01  6.42478531E+00
  3.30900000E+01  6.48894022E+00
  3.30900000E+01  6.56755759E+00
  3.30900000E+01  6.63171250E+00
  3.30900000E+01  6.71032987E+00
  3.30900000E+01  6.77448478E+00
  3.30900000E+01  6.85310215E+00
  3.30900000E+01  6.91725705E+00
  3.30900000E+01  6.99587442E+00
  3.30900000E+01  7.06002933E+00
  3.30900000E+01  7.13864670E+00
  3.25630133E+01  7.13864670E+00
  3.13902410E+01  7.13864670E+00
  3.02174687E+01  7.13864670E+00
  2.90446964E+01  7.13864670E+00
  2.78719242E+01  7.13864670E+00
  2.66991519E+01  7.13864670E+00
  2.55263796E+01  7.13864670E+00
  2.43536073E+01  7.13864670E+00
  2.31808350E+01  7.13864670E+00
  2.20080628E+01  7.13864670E+00
  2.08352905E+01  7.13864670E+00
  1.99000000E+01  7.13864670E+00
  1.99000000E+01  7.02478525E+00
  1.99000000E+01  6.99587442E+00
  1.99000000E+01  6.88201297E+00
  1.99000000E+01  6.85310215E+00
  1.99000000E+01  6.73924070E+00
  1.99000000E+01  6.71032987E+00
  1.99000000E+01  6.59646842E+00
  1.99000000E+01  6.56755759E+00
  1.99000000E+01  6.45369614E+00
  1.99000000E+01  6.42478531E+00
  1.99000000E+01  6.31092386E+00
  1.99000000E+01  6.28201304E+00
  1.99000000E+01  6.16815159E+00
  1.99000000E+01  6.13924076E+00
  1.99000000E+01  6.02537931E+00
  1.99000000E+01  5.99646848E+00
  1.99000000E+01  5.88260703E+00
  1.99000000E+01  5.85369621E+00
  1.99000000E+01  5.73983475E+00
  1.99000000E+01  5.71092393E+00
  1.99000000E+01  5.59706248E+00
  1.99000000E+01  5.56815165E+00
  1.99000000E+01  5.45429020E+00
  1.99000000E+01  5.42537937E+00
  1.99000000E+01  5.31151792E+00
  1.99000000E+01  5.28260710E+00
  1.99000000E+01  5.16874565E+00
  1.99000000E+01  5.13983482E+00
  1.99000000E+01  5.02597337E+00
  1.99000000E+01  4.99706254E+00
  1.99000000E+01  4.88320109E+00
  1.99000000E+01  4.85429027E+00
  1.99000000E+01  4.74042881E+00
  1.99000000E+01  4.71151799E+00
  1.99000000E+01  4.59765654E+00
  1.99000000E+01  4.56874571E+00
  1.99000000E+01  4.45488426E+00
  1.99000000E+01  4.42597343E+00
  1.99000000E+01  4.31211198E+00
  1.99000000E+01  4.28320116E+00
  1.99000000E+01  4.16933971E+00
  1.99000000E+01  4.14042888E+00
  1.99000000E+01  4.02656743E+00
  1.99000000E+01  3.99765660E+00
  1.99000000E+01  3.88379515E+00
  1.99000000E+01  3.85488432E+00
  1.99000000E+01  3.74102287E+00
  1.99000000E+01  3.71211205E+00
  1.99000000E+01  3.59825060E+00
  1.99000000E+01  3.56933977E+00
  1.99000000E+01  3.45547832E+00
  1.99000000E+01  3.42656749E+00
  1.99000000E+01  3.31270604E+00
  1.99000000E+01  3.28379522E+00
  1.99000000E+01  3.16993376E+00
  1.99000000E+01  3.14102294E+00
  1.99000000E+01  3.02716149E+00
  1.99000000E+01  2.99825066E+00
  1.99000000E+01  2.88438921E+00
  1.99000000E+01  2.85547838E+00
  1.99000000E+01  2.74161693E+00
  1.99000000E+01  2.71270611E+00
  1.99000000E+01  2.59884466E+00
  1.99000000E+01  2.56993383E+00
  1.99000000E+01  2.45607238E+00
  1.99000000E+01  2.42716155E+00
  1.99000000E+01  2.31330010E+00
  1.99000000E+01  2.28438928E+00
  1.99000000E+01  2.17052782E+00
  1.99000000E+01  2.14161700E+00
  1.99000000E+01  2.02775555E+00
  1.99000000E+01  1.99884472E+00
  1.99000000E+01  1.88498327E+00
  1.99000000E+01  1.85607244E+00
  1.99000000E+01  1.74221099E+00
  1.99000000E+01  1.71330017E+00
  1.99000000E+01  1.59943872E+00
  1.99000000E+01  1.57052789E+00
  1.99000000E+01  1.45666644E+00
  1.99000000E+01  1.42775561E+00
  1.99000000E+01  1.31389416E+00
  1.99000000E+01  1.28498333E+00
  1.99000000E+01  1.17112188E+00
  1.99000000E+01  1.14221106E+00
  1.99000000E+01  1.02834961E+00
  1.99000000E+01  9.99438780E-01
  1.99000000E+01  8.85577329E-01
  1.99000000E+01  8.56666503E-01
  1.99000000E+01  7.42805052E-01
  1.99000000E+01  7.13894226E-01
  1.99000000E+01  6.00032775E-01
  1.99000000E+01  5.71121948E-01
  1.99000000E+01  4.57260497E-01
  1.99000000E+01  4.28349671E-01
  1.99000000E+01  3.14488220E-01
  1.99000000E+01  2.85577394E-01
  1.99000000E+01  1.71715943E-01
  1.99000000E+01  1.42805117E-01
  1.99000000E+01  2.89436658E-02
  1.99000000E+01  3.28395046E-05
  1.99000000E+01 -1.13828611E-01
  1.99000000E+01 -1.42739438E-01
  1.99000000E+01 -2.56600889E-01
  1.99000000E+01 -2.85511715E-01
  1.99000000E+01 -3.99373166E-01
  1.99000000E+01 -4.28283992E-01
  1.99000000E+01 -5.42145443E-01
  1.99000000E+01 -5.71056269E-01
  1.99000000E+01 -6.84917720E-01
  1.99000000E+01 -7.13828547E-01
  1.99000000E+01 -8.27689998E-01
  1.99000000E+01 -8.56600824E-01
  1.99000000E+01 -9.70462275E-01
  1.99000000E+01 -9.99373101E-01
  1.99000000E+01 -1.11323455E+00
  1.99000000E+01 -1.14214538E+00
  1.99000000E+01 -1.25600683E+00
  1.99000000E+01 -1.28491766E+00
  1.99000000E+01 -1.39877911E+00
  1.99000000E+01 -1.42768993E+00
  1.99000000E+01 -1.54155138E+00
  1.99000000E+01 -1.57046221E+00
  1.99000000E+01 -1.68432366E+00
  1.99000000E+01 -1.71323449E+00
  1.99000000E+01 -1.82709594E+00
  1.99000000E+01 -1.85600676E+00
  1.99000000E+01 -1.96986822E+00
  1.99000000E+01 -1.99877904E+00
  1.99000000E+01 -2.11264049E+00
  1.99000000E+01 -2.14155132E+00
  1.99000000E+01 -2.25541277E+00
  1.99000000E+01 -2.28432360E+00
  1.99000000E+01 -2.39818505E+00
  1.99000000E+01 -2.42709587E+00
  1.99000000E+01 -2.54095732E+00
  1.99000000E+01 -2.56986815E+00
  1.99000000E+01 -2.68372960E+00
  1.99000000E+01 -2.71264043E+00
  1.99000000E+01 -2.82650188E+00
  1.99000000E+01 -2.85541271E+00
  1.99000000E+01 -2.96927416E+00
  1.99000000E+01 -2.99818498E+00
  1.99000000E+01 -3.11204643E+00
  1.99000000E+01 -3.14095726E+00
  1.99000000E+01 -3.25481871E+00
  1.99000000E+01 -3.28372954E+00
  1.99000000E+01 -3.39759099E+00
  1.99000000E+01 -3.42650181E+00
  1.99000000E+01 -3.54036326E+00
  1.99000000E+01 -3.56927409E+00
  1.99000000E+01 -3.68313554E+00
  1.99000000E+01 -3.71204637E+00
  1.99000000E+01 -3.82590782E+00
  1.99000000E+01 -3.85481865E+00
  1.99000000E+01 -3.96868010E+00
  1.99000000E+01 -3.99759092E+00
  1.99000000E+01 -4.11145237E+00
  1.99000000E+01 -4.14036320E+00
  1.99000000E+01 -4.25422465E+00
  1.99000000E+01 -4.28313548E+00
  1.99000000E+01 -4.39699693E+00
  1.99000000E+01 -4.42590775E+00
  1.99000000E+01 -4.53976921E+00
  1.99000000E+01 -4.56868003E+00
  1.99000000E+01 -4.68254148E+00
  1.99000000E+01 -4.71145231E+00
  1.99000000E+01 -4.82531376E+00
  1.99000000E+01 -4.85422459E+00
  1.99000000E+01 -4.96808604E+00
  1.99000000E+01 -4.99699686E+00
  1.99000000E+01 -5.11085831E+00
  1.99000000E+01 -5.13976914E+00
  1.99000000E+01 -5.25363059E+00
  1.99000000E+01 -5.28254142E+00
  1.99000000E+01 -5.39640287E+00
  1.99000000E+01 -5.42531370E+00
  1.99000000E+01 -5.53917515E+00
  1.99000000E+01 -5.56808597E+00
  1.99000000E+01 -5.68194742E+00
  1.99000000E+01 -5.71085825E+00
  1.99000000E+01 -5.82471970E+00
  1.99000000E+01 -5.85363053E+00
  1.99000000E+01 -5.96749198E+00
  1.99000000E+01 -5.99640280E+00
  1.99000000E+01 -6.11026426E+00
  1.99000000E+01 -6.13917508E+00
  1.99000000E+01 -6.25303653E+00
  1.99000000E+01 -6.28194736E+00
  1.99000000E+01 -6.39580881E+00
  1.99000000E+01 -6.42471964E+00
  1.99000000E+01 -6.53858109E+00
  1.99000000E+01 -6.56749191E+00
  1.99000000E+01 -6.68135336E+00
  1.99000000E+01 -6.71026419E+00
  1.99000000E+01 -6.82412564E+00
  1.99000000E+01 -6.85303647E+00
  1.99000000E+01 -6.96689792E+00
  1.99000000E+01 -6.99580874E+00
  1.99000000E+01 -7.10967020E+00
  1.99000000E+01 -7.13858102E+00

w:2300/ x(   0.3394000E+02) y(   0.3283950E-04) ix(2) iy(2) s(   0.7000E+00)

hb:   line clip z  
frame:
 -4.9998594E+00 -6.9999675E+00
  1.1000014E+02 -6.9999675E+00
  1.1000014E+02  7.0000325E+00
 -4.9998594E+00  7.0000325E+00
clip:
  3.37357855E+01 -7.13858102E+00
  3.47900000E+01 -7.13858102E+00
  3.47900000E+01 -7.01024187E+00
  3.47900000E+01 -6.99580874E+00
  3.47900000E+01 -6.86746959E+00
  3.47900000E+01 -6.85303647E+00
  3.47900000E+01 -6.72469732E+00
  3.47900000E+01 -6.71026419E+00
  3.47900000E+01 -6.58192504E+00
  3.47900000E+01 -6.56749191E+00
  3.47900000E+01 -6.43915276E+00
  3.47900000E+01 -6.42471964E+00
  3.47900000E+01 -6.29638048E+00
  3.47900000E+01 -6.28194736E+00
  3.47900000E+01 -6.15360821E+00
  3.47900000E+01 -6.13917508E+00
  3.47900000E+01 -6.01083593E+00
  3.47900000E+01 -5.99640280E+00
  3.47900000E+01 -5.86806365E+00
  3.47900000E+01 -5.85363053E+00
  3.47900000E+01 -5.72529138E+00
  3.47900000E+01 -5.71085825E+00
  3.47900000E+01 -5.58251910E+00
  3.47900000E+01 -5.56808597E+00
  3.47900000E+01 -5.43974682E+00
  3.47900000E+01 -5.42531370E+00
  3.47900000E+01 -5.29697454E+00
  3.47900000E+01 -5.28254142E+00
  3.47900000E+01 -5.15420227E+00
  3.47900000E+01 -5.13976914E+00
  3.40900000E+01 -5.09664738E+00
  3.40900000E+01 -4.99699686E+00
  3.40900000E+01 -4.95387510E+00
  3.40900000E+01 -4.85422459E+00
  3.40900000E+01 -4.81110283E+00
  3.40900000E+01 -4.71145231E+00
  3.40900000E+01 -4.66833055E+00
  3.40900000E+01 -4.56868003E+00
  3.40900000E+01 -4.52555827E+00
  3.40900000E+01 -4.42590775E+00
  3.40900000E+01 -4.38278599E+00
  3.40900000E+01 -4.28313548E+00
  3.40900000E+01 -4.24001372E+00
  3.40900000E+01 -4.14036320E+00
  3.40900000E+01 -4.09724144E+00
  3.40900000E+01 -3.99759092E+00
  3.40900000E+01 -3.95446916E+00
  3.40900000E+01 -3.85481865E+00
  3.40900000E+01 -3.81169689E+00
  3.40900000E+01 -3.71204637E+00
  3.40900000E+01 -3.66892461E+00
  3.40900000E+01 -3.56927409E+00
  3.45800000E+01 -3.42650181E+00
  3.45800000E+01  3.52934143E+00
  3.40900000E+01  3.61246153E+00
  3.40900000E+01  3.71211205E+00
  3.40900000E+01  5.04018430E+00
  3.47900000E+01  5.26817397E+00
  3.47900000E+01  7.13864670E+00
  3.37357855E+01  7.13864670E+00
  3.30900000E+01  7.13864670E+00
  3.30900000E+01  7.06002933E+00
  3.30900000E+01  6.99587442E+00
  3.30900000E+01  6.91725705E+00
  3.30900000E+01  6.85310215E+00
  3.30900000E+01  6.77448478E+00
  3.30900000E+01  6.71032987E+00
  3.30900000E+01  6.63171250E+00
  3.30900000E+01  6.56755759E+00
  3.30900000E+01  6.48894022E+00
  3.30900000E+01  6.42478531E+00
  3.30900000E+01  6.34616794E+00
  3.30900000E+01  6.28201304E+00
  3.30900000E+01  6.20339567E+00
  3.30900000E+01  6.13924076E+00
  3.30900000E+01  6.06062339E+00
  3.30900000E+01  5.99646848E+00
  3.30900000E+01  5.91785111E+00
  3.30900000E+01  5.85369621E+00
  3.30900000E+01  5.77507884E+00
  3.30900000E+01  5.71092393E+00
  3.30900000E+01  5.63230656E+00
  3.30900000E+01  5.56815165E+00
  3.30900000E+01  5.48953428E+00
  3.30900000E+01  5.42537937E+00
  3.30900000E+01  5.34676200E+00
  3.30900000E+01  5.28260710E+00
  3.30900000E+01  5.20398973E+00
  3.30900000E+01  5.13983482E+00
  3.30900000E+01  5.06121745E+00
  3.30900000E+01  4.99706254E+00
  3.30900000E+01  4.91844517E+00
  3.30900000E+01  4.85429027E+00
  3.30900000E+01  4.77567290E+00
  3.30900000E+01  4.71151799E+00
  3.30900000E+01  4.63290062E+00
  3.30900000E+01  4.56874571E+00
  3.30900000E+01  4.49012834E+00
  3.30900000E+01  4.42597343E+00
  3.30900000E+01  4.34735606E+00
  3.30900000E+01  4.28320116E+00
  3.30900000E+01  4.20458379E+00
  3.30900000E+01  4.14042888E+00
  3.30900000E+01  4.06181151E+00
  3.30900000E+01  3.99765660E+00
  3.30900000E+01  3.91903923E+00
  3.30900000E+01  3.85488432E+00
  3.30900000E+01  3.77626695E+00
  3.30900000E+01  3.71211205E+00
  3.30900000E+01  3.63349468E+00
  3.30900000E+01  3.56933977E+00
  3.30900000E+01  3.49072240E+00
  3.30900000E+01  3.42656749E+00
  3.30900000E+01  3.34795012E+00
  3.30900000E+01  3.28379522E+00
  3.30900000E+01  3.20517785E+00
  3.30900000E+01  3.14102294E+00
  3.30900000E+01  3.06240557E+00
  3.30900000E+01  2.99825066E+00
  3.30900000E+01  2.91963329E+00
  3.30900000E+01  2.85547838E+00
  3.30900000E+01  2.77686101E+00
  3.30900000E+01  2.71270611E+00
  3.30900000E+01  2.63408874E+00
  3.30900000E+01  2.56993383E+00
  3.30900000E+01  2.49131646E+00
  3.30900000E+01  2.42716155E+00
  3.30900000E+01  2.34854418E+00
  3.30900000E+01  2.28438928E+00
  3.30900000E+01  2.20577191E+00
  3.30900000E+01  2.14161700E+00
  3.30900000E+01  2.06299963E+00
  3.30900000E+01  1.99884472E+00
  3.30900000E+01  1.92022735E+00
  3.30900000E+01  1.85607244E+00
  3.30900000E+01  1.77745507E+00
  3.30900000E+01  1.71330017E+00
  3.30900000E+01  1.63468280E+00
  3.30900000E+01  1.57052789E+00
  3.30900000E+01  1.49191052E+00
  3.30900000E+01  1.42775561E+00
  3.30900000E+01  1.34913824E+00
  3.30900000E+01  1.28498333E+00
  3.30900000E+01  1.20636596E+00
  3.30900000E+01  1.14221106E+00
  3.30900000E+01  1.06359369E+00
  3.30900000E+01  9.99438780E-01
  3.30900000E+01  9.20821410E-01
  3.30900000E+01  8.56666503E-01
  3.30900000E+01  7.78049133E-01
  3.30900000E+01  7.13894226E-01
  3.30900000E+01  6.35276856E-01
  3.30900000E+01  5.71121948E-01
  3.30900000E+01  4.92504578E-01
  3.30900000E+01  4.28349671E-01
  3.30900000E+01  3.49732301E-01
  3.30900000E+01  2.85577394E-01
  3.30900000E+01  2.06960024E-01
  3.30900000E+01  1.42805117E-01
  3.30900000E+01  6.41877467E-02
  3.30900000E+01  3.28395046E-05
  3.30900000E+01 -7.85845305E-02
  3.30900000E+01 -1.42739438E-01
  3.30900000E+01 -2.21356808E-01
  3.30900000E+01 -2.85511715E-01
  3.30900000E+01 -3.64129085E-01
  3.30900000E+01 -4.28283992E-01
  3.30900000E+01 -5.06901362E-01
  3.30900000E+01 -5.71056269E-01
  3.30900000E+01 -6.49673639E-01
  3.30900000E+01 -7.13828547E-01
  3.30900000E+01 -7.92445917E-01
  3.30900000E+01 -8.56600824E-01
  3.30900000E+01 -9.35218194E-01
  3.30900000E+01 -9.99373101E-01
  3.30900000E+01 -1.07799047E+00
  3.30900000E+01 -1.14214538E+00
  3.30900000E+01 -1.22076275E+00
  3.30900000E+01 -1.28491766E+00
  3.30900000E+01 -1.36353503E+00
  3.30900000E+01 -1.42768993E+00
  3.30900000E+01 -1.50630730E+00
  3.30900000E+01 -1.57046221E+00
  3.30900000E+01 -1.64907958E+00
  3.30900000E+01 -1.71323449E+00
  3.30900000E+01 -1.79185186E+00
  3.30900000E+01 -1.85600676E+00
  3.30900000E+01 -1.93462413E+00
  3.30900000E+01 -1.99877904E+00
  3.30900000E+01 -2.07739641E+00
  3.30900000E+01 -2.14155132E+00
  3.30900000E+01 -2.22016869E+00
  3.30900000E+01 -2.28432360E+00
  3.30900000E+01 -2.36294097E+00
  3.30900000E+01 -2.42709587E+00
  3.30900000E+01 -2.50571324E+00
  3.30900000E+01 -2.56986815E+00
  3.30900000E+01 -2.64848552E+00
  3.30900000E+01 -2.71264043E+00
  3.30900000E+01 -2.79125780E+00
  3.30900000E+01 -2.85541271E+00
  3.30900000E+01 -2.93403008E+00
  3.30900000E+01 -2.99818498E+00
  3.30900000E+01 -3.07680235E+00
  3.30900000E+01 -3.14095726E+00
  3.30900000E+01 -3.21957463E+00
  3.30900000E+01 -3.28372954E+00
  3.30900000E+01 -3.36234691E+00
  3.30900000E+01 -3.42650181E+00
  3.30900000E+01 -3.50511918E+00
  3.30900000E+01 -3.56927409E+00
  3.30900000E+01 -3.64789146E+00
  3.30900000E+01 -3.71204637E+00
  3.30900000E+01 -3.79066374E+00
  3.30900000E+01 -3.85481865E+00
  3.30900000E+01 -3.93343602E+00
  3.30900000E+01 -3.99759092E+00
  3.30900000E+01 -4.07620829E+00
  3.30900000E+01 -4.14036320E+00
  3.30900000E+01 -4.21898057E+00
  3.30900000E+01 -4.28313548E+00
  3.30900000E+01 -4.36175285E+00
  3.30900000E+01 -4.42590775E+00
  3.30900000E+01 -4.50452512E+00
  3.30900000E+01 -4.56868003E+00
  3.30900000E+01 -4.64729740E+00
  3.30900000E+01 -4.71145231E+00
  3.30900000E+01 -4.79006968E+00
  3.30900000E+01 -4.85422459E+00
  3.30900000E+01 -4.93284196E+00
  3.30900000E+01 -4.99699686E+00
  3.30900000E+01 -5.07561423E+00
  3.30900000E+01 -5.13976914E+00
  3.30900000E+01 -5.21838651E+00
  3.30900000E+01 -5.28254142E+00
  3.30900000E+01 -5.36115879E+00
  3.30900000E+01 -5.42531370E+00
  3.30900000E+01 -5.50393107E+00
  3.30900000E+01 -5.56808597E+00
  3.30900000E+01 -5.64670334E+00
  3.30900000E+01 -5.71085825E+00
  3.30900000E+01 -5.78947562E+00
  3.30900000E+01 -5.85363053E+00
  3.30900000E+01 -5.93224790E+00
  3.30900000E+01 -5.99640280E+00
  3.30900000E+01 -6.07502017E+00
  3.30900000E+01 -6.13917508E+00
  3.30900000E+01 -6.21779245E+00
  3.30900000E+01 -6.28194736E+00
  3.30900000E+01 -6.36056473E+00
  3.30900000E+01 -6.42471964E+00
  3.30900000E+01 -6.50333701E+00
  3.30900000E+01 -6.56749191E+00
  3.30900000E+01 -6.64610928E+00
  3.30900000E+01 -6.71026419E+00
  3.30900000E+01 -6.78888156E+00
  3.30900000E+01 -6.85303647E+00
  3.30900000E+01 -6.93165384E+00
  3.30900000E+01 -6.99580874E+00
  3.30900000E+01 -7.07442611E+00
  3.30900000E+01 -7.13858102E+00

w:2400/ x(   0.3551825E+02) y(   0.3283950E-04) ix(2) iy(2) s(   0.7000E+00)

hb:   line clip z  
frame:
 -4.9998594E+00 -6.9999675E+00
  1.1000014E+02 -6.9999675E+00
  1.1000014E+02  7.0000325E+00
 -4.9998594E+00  7.0000325E+00
clip:
  3.49085578E+01 -7.13858102E+00
  3.50700000E+01 -7.13858102E+00
  3.50700000E+01 -7.11892719E+00
  3.50700000E+01 -6.99580874E+00
  3.50700000E+01 -6.97615491E+00
  3.50700000E+01 -6.85303647E+00
  3.50700000E+01 -6.83338264E+00
  3.50700000E+01 -6.71026419E+00
  3.50700000E+01 -6.69061036E+00
  3.50700000E+01 -6.56749191E+00
  3.50700000E+01 -6.54783808E+00
  3.50700000E+01 -6.42471964E+00
  3.50700000E+01 -6.40506580E+00
  3.50700000E+01 -6.28194736E+00
  3.50700000E+01 -6.26229353E+00
  3.50700000E+01 -6.13917508E+00
  3.50700000E+01 -6.11952125E+00
  3.50700000E+01 -5.99640280E+00
  3.50700000E+01 -5.97674897E+00
  3.50700000E+01 -5.85363053E+00
  3.50700000E+01 -5.83397670E+00
  3.50700000E+01 -5.71085825E+00
  3.50700000E+01 -5.69120442E+00
  3.50700000E+01 -5.56808597E+00
  3.50700000E+01 -5.54843214E+00
  3.50700000E+01 -5.42531370E+00
  3.50700000E+01 -5.40565986E+00
  3.50700000E+01 -5.28254142E+00
  3.50700000E+01 -5.26288759E+00
  3.50700000E+01 -5.13976914E+00
  3.50700000E+01 -5.12011531E+00
  3.50700000E+01 -4.99699686E+00
  3.50700000E+01 -4.97734303E+00
  3.50700000E+01 -4.85422459E+00
  3.50700000E+01 -4.83457076E+00
  3.50700000E+01 -4.71145231E+00
  3.50700000E+01 -4.69179848E+00
  3.50700000E+01 -4.56868003E+00
  3.50700000E+01 -4.54902620E+00
  3.50700000E+01 -4.42590775E+00
  3.50700000E+01 -4.40625392E+00
  3.50700000E+01 -4.28313548E+00
  3.50700000E+01 -4.26348165E+00
  3.50700000E+01 -4.14036320E+00
  3.52700000E+01 -4.14036320E+00
  3.52700000E+01 -4.23913382E+00
  3.52700000E+01 -4.28313548E+00
  3.52700000E+01 -4.38190610E+00
  3.52700000E+01 -4.42590775E+00
  3.52700000E+01 -4.52467837E+00
  3.52700000E+01 -4.56868003E+00
  3.52700000E+01 -4.66745065E+00
  3.52700000E+01 -4.71145231E+00
  3.52700000E+01 -4.81022293E+00
  3.52700000E+01 -4.85422459E+00
  3.52700000E+01 -4.95299521E+00
  3.52700000E+01 -4.99699686E+00
  3.52700000E+01 -5.09576748E+00
  3.52700000E+01 -5.13976914E+00
  3.52700000E+01 -5.23853976E+00
  3.52700000E+01 -5.28254142E+00
  3.52700000E+01 -5.38131204E+00
  3.52700000E+01 -5.42531370E+00
  3.52700000E+01 -5.52408432E+00
  3.52700000E+01 -5.56808597E+00
  3.52700000E+01 -5.66685659E+00
  3.52700000E+01 -5.71085825E+00
  3.52700000E+01 -5.80962887E+00
  3.52700000E+01 -5.85363053E+00
  3.52700000E+01 -5.95240115E+00
  3.52700000E+01 -5.99640280E+00
  3.52700000E+01 -6.09517342E+00
  3.52700000E+01 -6.13917508E+00
  3.52700000E+01 -6.23794570E+00
  3.52700000E+01 -6.28194736E+00
  3.52700000E+01 -6.38071798E+00
  3.52700000E+01 -6.42471964E+00
  3.52700000E+01 -6.52349026E+00
  3.52700000E+01 -6.56749191E+00
  3.52700000E+01 -6.66626253E+00
  3.52700000E+01 -6.71026419E+00
  3.52700000E+01 -6.80903481E+00
  3.52700000E+01 -6.85303647E+00
  3.52700000E+01 -6.95180709E+00
  3.52700000E+01 -6.99580874E+00
  3.52700000E+01 -7.09457936E+00
  3.60813301E+01 -7.13858102E+00
  3.62465000E+01 -7.13858102E+00
  3.62465000E+01 -7.11847338E+00
  3.62465000E+01 -6.99580874E+00
  3.62465000E+01 -6.97570110E+00
  3.62465000E+01 -6.85303647E+00
  3.62465000E+01 -6.83292883E+00
  3.62465000E+01 -6.71026419E+00
  3.62465000E+01 -6.69015655E+00
  3.62465000E+01 -6.56749191E+00
  3.62465000E+01 -6.54738427E+00
  3.62465000E+01 -6.42471964E+00
  3.62465000E+01 -6.40461200E+00
  3.62465000E+01 -6.28194736E+00
  3.62465000E+01 -6.26183972E+00
  3.62465000E+01 -6.13917508E+00
  3.62465000E+01 -6.11906744E+00
  3.62465000E+01 -5.99640280E+00
  3.62465000E+01 -5.97629516E+00
  3.62465000E+01 -5.85363053E+00
  3.62465000E+01 -5.83352289E+00
  3.62465000E+01 -5.71085825E+00
  3.62465000E+01 -5.69075061E+00
  3.62465000E+01 -5.56808597E+00
  3.62465000E+01 -5.54797833E+00
  3.62465000E+01 -5.42531370E+00
  3.62465000E+01 -5.40520605E+00
  3.62465000E+01 -5.28254142E+00
  3.62465000E+01 -5.26243378E+00
  3.62465000E+01 -5.13976914E+00
  3.62465000E+01 -5.11966150E+00
  3.62465000E+01 -4.99699686E+00
  3.62465000E+01 -4.97688922E+00
  3.62465000E+01 -4.85422459E+00
  3.62465000E+01 -4.83411695E+00
  3.62465000E+01 -4.71145231E+00
  3.62465000E+01 -4.69134467E+00
  3.62465000E+01 -4.56868003E+00
  3.62465000E+01 -4.54857239E+00
  3.62465000E+01 -4.42590775E+00
  3.62465000E+01 -4.40580011E+00
  3.62465000E+01 -4.28313548E+00
  3.62465000E+01 -4.26302784E+00
  3.62465000E+01 -4.14036320E+00
  3.62465000E+01 -4.12025556E+00
  3.62465000E+01 -3.99759092E+00
  3.62465000E+01 -3.97748328E+00
  3.62465000E+01 -3.85481865E+00
  3.62465000E+01 -3.83471100E+00
  3.62465000E+01 -3.71204637E+00
  3.62465000E+01 -3.69193873E+00
  3.62465000E+01 -3.56927409E+00
  3.62465000E+01 -3.54916645E+00
  3.62465000E+01 -3.42650181E+00
  3.62465000E+01 -3.40639417E+00
  3.62465000E+01 -3.28372954E+00
  3.62465000E+01 -3.26362190E+00
  3.62465000E+01 -3.14095726E+00
  3.62465000E+01 -3.12084962E+00
  3.62465000E+01 -2.99818498E+00
  3.62465000E+01 -2.97807734E+00
  3.62465000E+01 -2.85541271E+00
  3.62465000E+01 -2.83530506E+00
  3.62465000E+01 -2.71264043E+00
  3.62465000E+01 -2.69253279E+00
  3.62465000E+01 -2.56986815E+00
  3.62465000E+01 -2.54976051E+00
  3.62465000E+01 -2.42709587E+00
  3.62465000E+01 -2.40698823E+00
  3.62465000E+01 -2.28432360E+00
  3.62465000E+01 -2.26421596E+00
  3.62465000E+01 -2.14155132E+00
  3.62465000E+01 -2.12144368E+00
  3.62465000E+01 -1.99877904E+00
  3.62465000E+01 -1.97867140E+00
  3.62465000E+01 -1.85600676E+00
  3.62465000E+01 -1.83589912E+00
  3.62465000E+01 -1.71323449E+00
  3.62465000E+01 -1.69312685E+00
  3.62465000E+01 -1.57046221E+00
  3.62465000E+01 -1.55035457E+00
  3.62465000E+01 -1.42768993E+00
  3.62465000E+01 -1.40758229E+00
  3.62465000E+01 -1.28491766E+00
  3.62465000E+01 -1.26481001E+00
  3.62465000E+01 -1.14214538E+00
  3.62465000E+01 -1.12203774E+00
  3.62465000E+01 -9.99373101E-01
  3.62465000E+01 -9.79265460E-01
  3.62465000E+01 -8.56600824E-01
  3.62465000E+01 -8.36493183E-01
  3.62465000E+01 -7.13828547E-01
  3.62465000E+01 -6.93720906E-01
  3.62465000E+01 -5.71056269E-01
  3.62465000E+01 -5.50948629E-01
  3.62465000E+01 -4.28283992E-01
  3.62465000E+01 -4.08176351E-01
  3.62465000E+01 -2.85511715E-01
  3.62465000E+01 -2.65404074E-01
  3.62465000E+01 -1.42739438E-01
  3.62465000E+01 -1.22631797E-01
  3.62465000E+01  3.28395046E-05
  3.62465000E+01  2.01404802E-02
  3.62465000E+01  1.42805117E-01
  3.62465000E+01  1.62912757E-01
  3.62465000E+01  2.85577394E-01
  3.62465000E+01  3.05685035E-01
  3.62465000E+01  4.28349671E-01
  3.62465000E+01  4.48457312E-01
  3.62465000E+01  5.71121948E-01
  3.62465000E+01  5.91229589E-01
  3.62465000E+01  7.13894226E-01
  3.62465000E+01  7.34001866E-01
  3.62465000E+01  8.56666503E-01
  3.62465000E+01  8.76774144E-01
  3.62465000E+01  9.99438780E-01
  3.62465000E+01  1.01954642E+00
  3.62465000E+01  1.14221106E+00
  3.62465000E+01  1.16231870E+00
  3.62465000E+01  1.28498333E+00
  3.62465000E+01  1.30509098E+00
  3.62465000E+01  1.42775561E+00
  3.62465000E+01  1.44786325E+00
  3.62465000E+01  1.57052789E+00
  3.62465000E+01  1.59063553E+00
  3.62465000E+01  1.71330017E+00
  3.62465000E+01  1.73340781E+00
  3.62465000E+01  1.85607244E+00
  3.62465000E+01  1.87618008E+00
  3.62465000E+01  1.99884472E+00
  3.62465000E+01  2.01895236E+00
  3.62465000E+01  2.14161700E+00
  3.62465000E+01  2.16172464E+00
  3.62465000E+01  2.28438928E+00
  3.62465000E+01  2.30449692E+00
  3.62465000E+01  2.42716155E+00
  3.62465000E+01  2.44726919E+00
  3.62465000E+01  2.56993383E+00
  3.62465000E+01  2.59004147E+00
  3.62465000E+01  2.71270611E+00
  3.62465000E+01  2.73281375E+00
  3.62465000E+01  2.85547838E+00
  3.62465000E+01  2.87558602E+00
  3.62465000E+01  2.99825066E+00
  3.62465000E+01  3.01835830E+00
  3.62465000E+01  3.14102294E+00
  3.62465000E+01  3.16113058E+00
  3.62465000E+01  3.28379522E+00
  3.62465000E+01  3.30390286E+00
  3.62465000E+01  3.42656749E+00
  3.62465000E+01  3.44667513E+00
  3.62465000E+01  3.56933977E+00
  3.62465000E+01  3.58944741E+00
  3.62465000E+01  3.71211205E+00
  3.62465000E+01  3.73221969E+00
  3.62465000E+01  3.85488432E+00
  3.62465000E+01  3.87499197E+00
  3.62465000E+01  3.99765660E+00
  3.62465000E+01  4.01776424E+00
  3.62465000E+01  4.14042888E+00
  3.62465000E+01  4.16053652E+00
  3.62465000E+01  4.28320116E+00
  3.62465000E+01  4.30330880E+00
  3.62465000E+01  4.42597343E+00
  3.62465000E+01  4.44608107E+00
  3.62465000E+01  4.56874571E+00
  3.62465000E+01  4.58885335E+00
  3.62465000E+01  4.71151799E+00
  3.62465000E+01  4.73162563E+00
  3.62465000E+01  4.85429027E+00
  3.62465000E+01  4.87439791E+00
  3.62465000E+01  4.99706254E+00
  3.62465000E+01  5.01717018E+00
  3.62465000E+01  5.13983482E+00
  3.62465000E+01  5.15994246E+00
  3.62465000E+01  5.28260710E+00
  3.62465000E+01  5.30271474E+00
  3.62465000E+01  5.42537937E+00
  3.62465000E+01  5.44548701E+00
  3.62465000E+01  5.56815165E+00
  3.62465000E+01  5.58825929E+00
  3.62465000E+01  5.71092393E+00
  3.62465000E+01  5.73103157E+00
  3.62465000E+01  5.85369621E+00
  3.62465000E+01  5.87380385E+00
  3.62465000E+01  5.99646848E+00
  3.62465000E+01  6.01657612E+00
  3.62465000E+01  6.13924076E+00
  3.62465000E+01  6.15934840E+00
  3.62465000E+01  6.28201304E+00
  3.62465000E+01  6.30212068E+00
  3.62465000E+01  6.42478531E+00
  3.62465000E+01  6.44489296E+00
  3.62465000E+01  6.56755759E+00
  3.62465000E+01  6.58766523E+00
  3.62465000E+01  6.71032987E+00
  3.62465000E+01  6.73043751E+00
  3.62465000E+01  6.85310215E+00
  3.62465000E+01  6.87320979E+00
  3.62465000E+01  6.99587442E+00
  3.62465000E+01  7.01598206E+00
  3.62465000E+01  7.13864670E+00
  3.60813301E+01  7.13864670E+00
  3.52700000E+01  7.13864670E+00
  3.52700000E+01  7.03987608E+00
  3.52700000E+01  4.04165826E+00
  3.50700000E+01  4.14042888E+00
  3.50700000E+01  4.16008271E+00
  3.50700000E+01  4.28320116E+00
  3.50700000E+01  4.30285499E+00
  3.50700000E+01  4.42597343E+00
  3.50700000E+01  4.44562726E+00
  3.50700000E+01  4.56874571E+00
  3.50700000E+01  4.58839954E+00
  3.50700000E+01  4.71151799E+00
  3.50700000E+01  4.73117182E+00
  3.50700000E+01  4.85429027E+00
  3.50700000E+01  4.87394410E+00
  3.50700000E+01  4.99706254E+00
  3.50700000E+01  5.01671637E+00
  3.50700000E+01  5.13983482E+00
  3.50700000E+01  5.15948865E+00
  3.50700000E+01  5.28260710E+00
  3.50700000E+01  5.30226093E+00
  3.50700000E+01  5.42537937E+00
  3.50700000E+01  5.44503321E+00
  3.50700000E+01  5.56815165E+00
  3.50700000E+01  5.58780548E+00
  3.50700000E+01  5.71092393E+00
  3.50700000E+01  5.73057776E+00
  3.50700000E+01  5.85369621E+00
  3.50700000E+01  5.87335004E+00
  3.50700000E+01  5.99646848E+00
  3.50700000E+01  6.01612231E+00
  3.50700000E+01  6.13924076E+00
  3.50700000E+01  6.15889459E+00
  3.50700000E+01  6.28201304E+00
  3.50700000E+01  6.30166687E+00
  3.50700000E+01  6.42478531E+00
  3.50700000E+01  6.44443915E+00
  3.50700000E+01  6.56755759E+00
  3.50700000E+01  6.58721142E+00
  3.50700000E+01  6.71032987E+00
  3.50700000E+01  6.72998370E+00
  3.50700000E+01  6.85310215E+00
  3.50700000E+01  6.87275598E+00
  3.50700000E+01  6.99587442E+00
  3.50700000E+01  7.01552825E+00
  3.50700000E+01  7.13864670E+00
  3.49085578E+01  7.13864670E+00
  3.47900000E+01  7.12421358E+00
  3.47900000E+01  6.99587442E+00
  3.47900000E+01  6.99461100E-01
  3.50465000E+01  5.71121948E-01
  3.50465000E+01  4.28349671E-01
  3.52465000E+01  3.26718181E-01
  3.52465000E+01 -2.85511715E-01
  3.50465000E+01 -4.28283992E-01
  3.50465000E+01 -5.71056269E-01
  3.49085578E+01 -6.17980581E-01
  3.47900000E+01 -6.99395421E-01
  3.47900000E+01 -7.13858102E+00

w:2/ x(   0.7369263E+02) y(   0.3283950E-04) ix(2) iy(2) s(   0.7000E+00)

hb:   line clip z  
frame:
 -4.9998594E+00 -6.9999675E+00
  1.1000014E+02 -6.9999675E+00
  1.1000014E+02  7.0000325E+00
 -4.9998594E+00  7.0000325E+00
clip:
  3.72541024E+01 -7.13858102E+00
  5.80800000E+01 -7.13858102E+00
  5.80800000E+01 -7.03038307E+00
  5.80800000E+01 -6.99580874E+00
  5.80800000E+01 -6.88761079E+00
  5.80800000E+01 -6.85303647E+00
  5.80800000E+01 -6.74483851E+00
  5.80800000E+01 -6.71026419E+00
  5.80800000E+01 -6.60206624E+00
  5.80800000E+01 -6.56749191E+00
  5.80800000E+01 -6.45929396E+00
  5.80800000E+01 -6.42471964E+00
  5.80800000E+01 -6.31652168E+00
  5.80800000E+01 -6.28194736E+00
  5.80800000E+01 -6.17374940E+00
  5.80800000E+01 -6.13917508E+00
  5.80800000E+01 -6.03097713E+00
  5.80800000E+01 -5.99640280E+00
  5.80800000E+01 -5.88820485E+00
  5.80800000E+01 -5.85363053E+00
  5.80800000E+01 -5.74543257E+00
  5.80800000E+01 -5.71085825E+00
  5.80800000E+01 -5.60266029E+00
  5.80800000E+01 -5.56808597E+00
  5.80800000E+01 -5.45988802E+00
  5.80800000E+01 -5.42531370E+00
  5.80800000E+01 -5.31711574E+00
  5.80800000E+01 -5.28254142E+00
  5.80800000E+01 -5.17434346E+00
  5.80800000E+01 -5.13976914E+00
  5.80800000E+01 -5.03157119E+00
  5.80800000E+01 -4.99699686E+00
  5.80800000E+01 -4.88879891E+00
  5.80800000E+01 -4.85422459E+00
  5.80800000E+01 -4.74602663E+00
  5.80800000E+01 -4.71145231E+00
  5.80800000E+01 -4.60325435E+00
  5.80800000E+01 -4.56868003E+00
  5.80800000E+01 -4.46048208E+00
  5.80800000E+01 -4.42590775E+00
  5.80800000E+01 -4.31770980E+00
  5.80800000E+01 -4.28313548E+00
  5.80800000E+01 -4.17493752E+00
  5.80800000E+01 -4.14036320E+00
  5.80800000E+01 -4.03216525E+00
  5.80800000E+01 -3.99759092E+00
  5.80800000E+01 -3.88939297E+00
  5.80800000E+01 -3.85481865E+00
  5.80800000E+01 -3.74662069E+00
  5.80800000E+01 -3.71204637E+00
  5.80800000E+01 -3.60384841E+00
  5.80800000E+01 -3.56927409E+00
  5.80800000E+01 -3.46107614E+00
  5.80800000E+01 -3.42650181E+00
  5.80800000E+01 -3.31830386E+00
  5.80800000E+01 -3.28372954E+00
  5.80800000E+01 -3.17553158E+00
  5.80800000E+01 -3.14095726E+00
  5.80800000E+01 -3.03275930E+00
  5.80800000E+01 -2.99818498E+00
  5.80800000E+01 -2.88998703E+00
  5.80800000E+01 -2.85541271E+00
  5.80800000E+01 -2.74721475E+00
  5.80800000E+01 -2.71264043E+00
  5.80800000E+01 -2.60444247E+00
  5.80800000E+01 -2.56986815E+00
  5.80800000E+01 -2.46167020E+00
  5.80800000E+01 -2.42709587E+00
  5.80800000E+01 -2.31889792E+00
  5.80800000E+01 -2.28432360E+00
  5.80800000E+01 -2.17612564E+00
  5.80800000E+01 -2.14155132E+00
  5.80800000E+01 -2.03335336E+00
  5.80800000E+01 -1.99877904E+00
  5.80800000E+01 -1.89058109E+00
  5.80800000E+01 -1.85600676E+00
  5.80800000E+01 -1.74780881E+00
  5.80800000E+01 -1.71323449E+00
  5.80800000E+01 -1.60503653E+00
  5.83640034E+01 -1.46850000E+00
  5.86992289E+01 -1.46850000E+00
  5.95367756E+01 -1.46850000E+00
  5.98720012E+01 -1.46850000E+00
  6.05800000E+01 -1.42768993E+00
  6.05800000E+01  1.57052789E+00
  6.07800000E+01  1.70472339E+00
  6.10100000E+01  1.71330017E+00
  6.10100000E+01  1.60710466E+00
  6.10100000E+01  1.57052789E+00
  6.10100000E+01  1.46433239E+00
  6.10100000E+01  1.42775561E+00
  6.10100000E+01  1.32156011E+00
  6.10100000E+01  1.28498333E+00
  6.10100000E+01  1.17878783E+00
  6.10100000E+01  1.14221106E+00
  6.10100000E+01  1.03601556E+00
  6.10100000E+01  9.99438780E-01
  6.10100000E+01  8.93243278E-01
  6.10100000E+01  8.56666503E-01
  6.10100000E+01  7.50471001E-01
  6.10100000E+01  7.13894226E-01
  6.10100000E+01  6.07698724E-01
  6.10100000E+01  5.71121948E-01
  6.10100000E+01  4.64926447E-01
  6.10100000E+01  4.28349671E-01
  6.10100000E+01  3.22154169E-01
  6.10100000E+01  2.85577394E-01
  6.10100000E+01  1.79381892E-01
  6.10100000E+01  1.42805117E-01
  6.10100000E+01  3.66096150E-02
  6.10100000E+01  3.28395046E-05
  6.10100000E+01 -1.06162662E-01
  6.10100000E+01 -1.42739438E-01
  6.10100000E+01 -2.48934939E-01
  6.10100000E+01 -2.85511715E-01
  6.10100000E+01 -3.91707217E-01
  6.10100000E+01 -4.28283992E-01
  6.10100000E+01 -5.34479494E-01
  6.10100000E+01 -5.71056269E-01
  6.10100000E+01 -6.77251771E-01
  6.10100000E+01 -7.13828547E-01
  6.10100000E+01 -8.20024048E-01
  6.10100000E+01 -8.56600824E-01
  6.10100000E+01 -9.62796326E-01
  6.10100000E+01 -9.99373101E-01
  6.10100000E+01 -1.10556860E+00
  6.10100000E+01 -1.14214538E+00
  6.10100000E+01 -1.24834088E+00
  6.10100000E+01 -1.28491766E+00
  6.10100000E+01 -1.39111316E+00
  6.15470946E+01 -1.46850000E+00
  6.22175457E+01 -1.46850000E+00
  6.30000000E+01 -1.57046221E+00
  6.30000000E+01 -1.57716912E+00
  6.30000000E+01 -1.71323449E+00
  6.30000000E+01 -1.71994140E+00
  6.30000000E+01 -1.85600676E+00
  6.30000000E+01 -1.86271367E+00
  6.30000000E+01 -1.99877904E+00
  6.30000000E+01 -2.00548595E+00
  6.30000000E+01 -2.14155132E+00
  6.30000000E+01 -2.14825823E+00
  6.30000000E+01 -2.28432360E+00
  6.30000000E+01 -2.29103051E+00
  6.30000000E+01 -2.42709587E+00
  6.30000000E+01 -2.43380278E+00
  6.30000000E+01 -2.56986815E+00
  6.30000000E+01 -2.57657506E+00
  6.30000000E+01 -2.71264043E+00
  6.30000000E+01 -2.71934734E+00
  6.30000000E+01 -2.85541271E+00
  6.30000000E+01 -2.86211961E+00
  6.30000000E+01 -2.99818498E+00
  6.30000000E+01 -3.00489189E+00
  6.30000000E+01 -3.14095726E+00
  6.30000000E+01 -3.14766417E+00
  6.30000000E+01 -3.28372954E+00
  6.30000000E+01 -3.29043645E+00
  6.30000000E+01 -3.42650181E+00
  6.30000000E+01 -3.43320872E+00
  6.30000000E+01 -3.56927409E+00
  6.30000000E+01 -3.57598100E+00
  6.30000000E+01 -3.71204637E+00
  6.30000000E+01 -3.71875328E+00
  6.30000000E+01 -3.85481865E+00
  6.30000000E+01 -3.86152556E+00
  6.30000000E+01 -3.99759092E+00
  6.30000000E+01 -4.00429783E+00
  6.30000000E+01 -4.14036320E+00
  6.30000000E+01 -4.14707011E+00
  6.30000000E+01 -4.28313548E+00
  6.30000000E+01 -4.28984239E+00
  6.30000000E+01 -4.42590775E+00
  6.30000000E+01 -4.43261466E+00
  6.30000000E+01 -4.56868003E+00
  6.30000000E+01 -4.57538694E+00
  6.30000000E+01 -4.71145231E+00
  6.30000000E+01 -4.71815922E+00
  6.30000000E+01 -4.85422459E+00
  6.30000000E+01 -4.86093150E+00
  6.30000000E+01 -4.99699686E+00
  6.30000000E+01 -5.00370377E+00
  6.30000000E+01 -5.13976914E+00
  6.30000000E+01 -5.14647605E+00
  6.30000000E+01 -5.28254142E+00
  6.30000000E+01 -5.28924833E+00
  6.30000000E+01 -5.42531370E+00
  6.30000000E+01 -5.43202060E+00
  6.30000000E+01 -5.56808597E+00
  6.30000000E+01 -5.57479288E+00
  6.30000000E+01 -5.71085825E+00
  6.30000000E+01 -5.71756516E+00
  6.30000000E+01 -5.85363053E+00
  6.30550925E+01 -5.92778913E+00
  6.36642524E+01 -5.92778913E+00
  6.42278647E+01 -5.92778913E+00
  6.45000000E+01 -5.99640280E+00
  6.45000000E+01 -6.10604557E+00
  6.45000000E+01 -7.13858102E+00
  6.54006370E+01 -7.13858102E+00
  6.65734093E+01 -7.13858102E+00
  6.77461816E+01 -7.13858102E+00
  6.89189539E+01 -7.13858102E+00
  7.00917261E+01 -7.13858102E+00
  7.12644984E+01 -7.13858102E+00
  7.24372707E+01 -7.13858102E+00
  7.36100430E+01 -7.13858102E+00
  7.47828152E+01 -7.13858102E+00
  7.59555875E+01 -7.13858102E+00
  7.71283598E+01 -7.13858102E+00
  7.83011321E+01 -7.13858102E+00
  7.94739044E+01 -7.13858102E+00
  8.06466766E+01 -7.13858102E+00
  8.18194489E+01 -7.13858102E+00
  8.29922212E+01 -7.13858102E+00
  8.41649935E+01 -7.13858102E+00
  8.53377657E+01 -7.13858102E+00
  8.65105380E+01 -7.13858102E+00
  8.76833103E+01 -7.13858102E+00
  8.88560826E+01 -7.13858102E+00
  9.00288548E+01 -7.13858102E+00
  9.12016271E+01 -7.13858102E+00
  9.23743994E+01 -7.13858102E+00
  9.35471717E+01 -7.13858102E+00
  9.47199440E+01 -7.13858102E+00
  9.58927162E+01 -7.13858102E+00
  9.70654885E+01 -7.13858102E+00
  9.82382608E+01 -7.13858102E+00
  9.94110331E+01 -7.13858102E+00
  1.00583805E+02 -7.13858102E+00
  1.01000000E+02 -7.13858102E+00
  1.01000000E+02 -7.08791385E+00
  1.01000000E+02 -6.99580874E+00
  1.01000000E+02 -6.94514157E+00
  1.01000000E+02 -6.85303647E+00
  1.01000000E+02 -6.80236929E+00
  1.01000000E+02 -6.71026419E+00
  1.01000000E+02 -6.65959701E+00
  1.01000000E+02 -6.56749191E+00
  1.01000000E+02 -6.51682474E+00
  1.01000000E+02 -6.42471964E+00
  1.01000000E+02 -6.37405246E+00
  1.01000000E+02 -6.28194736E+00
  1.01000000E+02 -6.23128018E+00
  1.01000000E+02 -6.13917508E+00
  1.01000000E+02 -6.08850791E+00
  1.01000000E+02 -5.99640280E+00
  1.01000000E+02 -5.94573563E+00
  1.01756578E+02 -5.92778913E+00
  1.02365738E+02 -5.92778913E+00
  1.02500000E+02 -6.04867149E+00
  1.02500000E+02 -7.13858102E+00
  1.02929350E+02 -7.13858102E+00
  1.04102122E+02 -7.13858102E+00
  1.05274894E+02 -7.13858102E+00
  1.06447667E+02 -7.13858102E+00
  1.07620439E+02 -7.13858102E+00
  1.08793211E+02 -7.13858102E+00
  1.09965984E+02 -7.13858102E+00
  1.11138756E+02 -7.13858102E+00
  1.11138756E+02 -6.99580874E+00
  1.11138756E+02 -6.85303647E+00
  1.11138756E+02 -6.71026419E+00
  1.11138756E+02 -6.56749191E+00
  1.11138756E+02 -6.42471964E+00
  1.11138756E+02 -6.28194736E+00
  1.11138756E+02 -6.13917508E+00
  1.11138756E+02 -5.99640280E+00
  1.11138756E+02 -5.85363053E+00
  1.11138756E+02 -5.71085825E+00
  1.11138756E+02 -5.56808597E+00
  1.11138756E+02 -5.42531370E+00
  1.11138756E+02 -5.28254142E+00
  1.11138756E+02 -5.13976914E+00
  1.11138756E+02 -4.99699686E+00
  1.11138756E+02 -4.85422459E+00
  1.11138756E+02 -4.71145231E+00
  1.11138756E+02 -4.56868003E+00
  1.11138756E+02 -4.42590775E+00
  1.11138756E+02 -4.28313548E+00
  1.11138756E+02 -4.14036320E+00
  1.11138756E+02 -3.99759092E+00
  1.11138756E+02 -3.85481865E+00
  1.11138756E+02 -3.71204637E+00
  1.11138756E+02 -3.56927409E+00
  1.11138756E+02 -3.42650181E+00
  1.11138756E+02 -3.28372954E+00
  1.11138756E+02 -3.14095726E+00
  1.11138756E+02 -2.99818498E+00
  1.11138756E+02 -2.85541271E+00
  1.11138756E+02 -2.71264043E+00
  1.11138756E+02 -2.56986815E+00
  1.11138756E+02 -2.42709587E+00
  1.11138756E+02 -2.28432360E+00
  1.11138756E+02 -2.14155132E+00
  1.11138756E+02 -1.99877904E+00
  1.11138756E+02 -1.85600676E+00
  1.11138756E+02 -1.71323449E+00
  1.11138756E+02 -1.57046221E+00
  1.11138756E+02 -1.42768993E+00
  1.11138756E+02 -1.28491766E+00
  1.11138756E+02 -1.14214538E+00
  1.11138756E+02 -9.99373101E-01
  1.11138756E+02 -8.56600824E-01
  1.11138756E+02 -7.13828547E-01
  1.11138756E+02 -5.71056269E-01
  1.11138756E+02 -4.28283992E-01
  1.11138756E+02 -2.85511715E-01
  1.11138756E+02 -1.42739438E-01
  1.11138756E+02  3.28395046E-05
  1.11138756E+02  1.42805117E-01
  1.11138756E+02  2.85577394E-01
  1.11138756E+02  4.28349671E-01
  1.11138756E+02  5.71121948E-01
  1.11138756E+02  7.13894226E-01
  1.11138756E+02  8.56666503E-01
  1.11138756E+02  9.99438780E-01
  1.11138756E+02  1.14221106E+00
  1.11138756E+02  1.28498333E+00
  1.11138756E+02  1.42775561E+00
  1.11138756E+02  1.57052789E+00
  1.11138756E+02  1.71330017E+00
  1.11138756E+02  1.85607244E+00
  1.11138756E+02  1.99884472E+00
  1.11138756E+02  2.14161700E+00
  1.11138756E+02  2.28438928E+00
  1.11138756E+02  2.42716155E+00
  1.11138756E+02  2.56993383E+00
  1.11138756E+02  2.71270611E+00
  1.11138756E+02  2.85547838E+00
  1.11138756E+02  2.99825066E+00
  1.11138756E+02  3.14102294E+00
  1.11138756E+02  3.28379522E+00
  1.11138756E+02  3.42656749E+00
  1.11138756E+02  3.56933977E+00
  1.11138756E+02  3.71211205E+00
  1.11138756E+02  3.85488432E+00
  1.11138756E+02  3.99765660E+00
  1.11138756E+02  4.14042888E+00
  1.11138756E+02  4.28320116E+00
  1.11138756E+02  4.42597343E+00
  1.11138756E+02  4.56874571E+00
  1.11138756E+02  4.71151799E+00
  1.11138756E+02  4.85429027E+00
  1.11138756E+02  4.99706254E+00
  1.11138756E+02  5.13983482E+00
  1.11138756E+02  5.28260710E+00
  1.11138756E+02  5.42537937E+00
  1.11138756E+02  5.56815165E+00
  1.11138756E+02  5.71092393E+00
  1.11138756E+02  5.85369621E+00
  1.11138756E+02  5.99646848E+00
  1.11138756E+02  6.13924076E+00
  1.11138756E+02  6.28201304E+00
  1.11138756E+02  6.42478531E+00
  1.11138756E+02  6.56755759E+00
  1.11138756E+02  6.71032987E+00
  1.11138756E+02  6.85310215E+00
  1.11138756E+02  6.99587442E+00
  1.11138756E+02  7.13864670E+00
  1.09965984E+02  7.13864670E+00
  1.08793211E+02  7.13864670E+00
  1.07620439E+02  7.13864670E+00
  1.06447667E+02  7.13864670E+00
  1.05274894E+02  7.13864670E+00
  1.04102122E+02  7.13864670E+00
  1.02929350E+02  7.13864670E+00
  1.02500000E+02  7.08637802E+00
  1.02500000E+02  6.99587442E+00
  1.02500000E+02  5.94419980E+00
  1.01756578E+02  5.92778913E+00
  1.01147957E+02  5.92778913E+00
  1.01000000E+02  5.99646848E+00
  1.01000000E+02  6.04713566E+00
  1.01000000E+02  6.13924076E+00
  1.01000000E+02  6.18990794E+00
  1.01000000E+02  6.28201304E+00
  1.01000000E+02  6.33268021E+00
  1.01000000E+02  6.42478531E+00
  1.01000000E+02  6.47545249E+00
  1.01000000E+02  6.56755759E+00
  1.01000000E+02  6.61822477E+00
  1.01000000E+02  6.71032987E+00
  1.01000000E+02  6.76099705E+00
  1.01000000E+02  6.85310215E+00
  1.01000000E+02  6.90376932E+00
  1.01000000E+02  6.99587442E+00
  1.01000000E+02  7.04654160E+00
  1.01000000E+02  7.13864670E+00
  1.00583805E+02  7.13864670E+00
  9.94110331E+01  7.13864670E+00
  9.82382608E+01  7.13864670E+00
  9.70654885E+01  7.13864670E+00
  9.58927162E+01  7.13864670E+00
  9.47199440E+01  7.13864670E+00
  9.35471717E+01  7.13864670E+00
  9.23743994E+01  7.13864670E+00
  9.12016271E+01  7.13864670E+00
  9.00288548E+01  7.13864670E+00
  8.88560826E+01  7.13864670E+00
  8.76833103E+01  7.13864670E+00
  8.65105380E+01  7.13864670E+00
  8.53377657E+01  7.13864670E+00
  8.41649935E+01  7.13864670E+00
  8.29922212E+01  7.13864670E+00
  8.18194489E+01  7.13864670E+00
  8.06466766E+01  7.13864670E+00
  7.94739044E+01  7.13864670E+00
  7.83011321E+01  7.13864670E+00
  7.71283598E+01  7.13864670E+00
  7.59555875E+01  7.13864670E+00
  7.47828152E+01  7.13864670E+00
  7.36100430E+01  7.13864670E+00
  7.24372707E+01  7.13864670E+00
  7.12644984E+01  7.13864670E+00
  7.00917261E+01  7.13864670E+00
  6.89189539E+01  7.13864670E+00
  6.77461816E+01  7.13864670E+00
  6.65734093E+01  7.13864670E+00
  6.54006370E+01  7.13864670E+00
  6.45000000E+01  7.02900393E+00
  6.45000000E+01  5.99646848E+00
  6.42278647E+01  5.92778913E+00
  6.36192443E+01  5.92778913E+00
  6.30550925E+01  5.92778913E+00
  6.30000000E+01  5.99646848E+00
  6.30000000E+01  6.13253385E+00
  6.30000000E+01  6.13924076E+00
  6.30000000E+01  6.27530613E+00
  6.30000000E+01  6.28201304E+00
  6.30000000E+01  6.41807841E+00
  6.30000000E+01  6.42478531E+00
  6.30000000E+01  6.56085068E+00
  6.30000000E+01  6.56755759E+00
  6.30000000E+01  6.70362296E+00
  6.30000000E+01  6.71032987E+00
  6.30000000E+01  6.84639524E+00
  6.30000000E+01  6.85310215E+00
  6.30000000E+01  6.98916751E+00
  6.30000000E+01  6.99587442E+00
  6.30000000E+01  7.13193979E+00
  6.30000000E+01  7.13864670E+00
  6.18823202E+01  7.13864670E+00
  6.07095479E+01  7.13864670E+00
  5.95367756E+01  7.13864670E+00
  5.83640034E+01  7.13864670E+00
  5.71912311E+01  7.13864670E+00
  5.60184588E+01  7.13864670E+00
  5.48456865E+01  7.13864670E+00
  5.36729143E+01  7.13864670E+00
  5.25001420E+01  7.13864670E+00
  5.13273697E+01  7.13864670E+00
  5.01545974E+01  7.13864670E+00
  4.89818251E+01  7.13864670E+00
  4.78090529E+01  7.13864670E+00
  4.66362806E+01  7.13864670E+00
  4.54635083E+01  7.13864670E+00
  4.42907360E+01  7.13864670E+00
  4.31179638E+01  7.13864670E+00
  4.19451915E+01  7.13864670E+00
  4.07724192E+01  7.13864670E+00
  3.95996469E+01  7.13864670E+00
  3.84268746E+01  7.13864670E+00
  3.72541024E+01  7.13864670E+00
  3.62465000E+01  7.01598206E+00
  3.62465000E+01 -7.13858102E+00

w:6001/ x(   0.6041500E+02) y(  -0.4428541E+01) ix(2) iy(2) s(   0.7000E+00)

hb:   line clip z  
frame:
 -4.9998594E+00 -6.9999675E+00
  1.1000014E+02 -6.9999675E+00
  1.1000014E+02  7.0000325E+00
 -4.9998594E+00  7.0000325E+00
clip:
  5.83640034E+01 -7.13858102E+00
  6.27500000E+01 -7.13858102E+00
  6.27500000E+01 -7.03295044E+00
  6.27500000E+01 -6.99580874E+00
  6.27500000E+01 -6.89017816E+00
  6.27500000E+01 -6.85303647E+00
  6.27500000E+01 -6.74740588E+00
  6.27500000E+01 -6.71026419E+00
  6.27500000E+01 -6.60463361E+00
  6.27500000E+01 -6.56749191E+00
  6.27500000E+01 -6.46186133E+00
  6.27500000E+01 -6.42471964E+00
  6.27500000E+01 -6.31908905E+00
  6.27500000E+01 -6.28194736E+00
  6.27500000E+01 -6.17631677E+00
  6.27500000E+01 -6.13917508E+00
  6.27500000E+01 -6.03354450E+00
  6.27500000E+01 -5.99640280E+00
  6.27500000E+01 -5.89077222E+00
  6.27500000E+01 -5.85363053E+00
  6.27500000E+01 -5.74799994E+00
  6.27500000E+01 -5.71085825E+00
  6.27500000E+01 -5.60522766E+00
  6.27500000E+01 -5.56808597E+00
  6.27500000E+01 -5.46245539E+00
  6.27500000E+01 -5.42531370E+00
  6.27500000E+01 -5.31968311E+00
  6.27500000E+01 -5.28254142E+00
  6.27500000E+01 -5.17691083E+00
  6.27500000E+01 -5.13976914E+00
  6.27500000E+01 -5.03413856E+00
  6.27500000E+01 -4.99699686E+00
  6.27500000E+01 -4.89136628E+00
  6.27500000E+01 -4.85422459E+00
  6.27500000E+01 -4.74859400E+00
  6.27500000E+01 -4.71145231E+00
  6.27500000E+01 -4.60582172E+00
  6.27500000E+01 -4.56868003E+00
  6.27500000E+01 -4.46304945E+00
  6.27500000E+01 -4.42590775E+00
  6.27500000E+01 -4.32027717E+00
  6.27500000E+01 -4.28313548E+00
  6.27500000E+01 -4.17750489E+00
  6.27500000E+01 -4.14036320E+00
  6.27500000E+01 -4.03473261E+00
  6.27500000E+01 -3.99759092E+00
  6.27500000E+01 -3.89196034E+00
  6.27500000E+01 -3.85481865E+00
  6.27500000E+01 -3.74918806E+00
  6.27500000E+01 -3.71204637E+00
  6.27500000E+01 -3.60641578E+00
  6.27500000E+01 -3.56927409E+00
  6.27500000E+01 -3.46364351E+00
  6.27500000E+01 -3.42650181E+00
  6.27500000E+01 -3.32087123E+00
  6.27500000E+01 -3.28372954E+00
  6.27500000E+01 -3.17809895E+00
  6.27500000E+01 -3.14095726E+00
  6.27500000E+01 -3.03532667E+00
  6.27500000E+01 -2.99818498E+00
  6.27500000E+01 -2.89255440E+00
  6.27500000E+01 -2.85541271E+00
  6.27500000E+01 -2.74978212E+00
  6.27500000E+01 -2.71264043E+00
  6.27500000E+01 -2.60700984E+00
  6.27500000E+01 -2.56986815E+00
  6.27500000E+01 -2.46423757E+00
  6.27500000E+01 -2.42709587E+00
  6.27500000E+01 -2.32146529E+00
  6.27500000E+01 -2.28432360E+00
  6.27500000E+01 -2.17869301E+00
  6.27500000E+01 -2.14155132E+00
  6.27500000E+01 -2.03592073E+00
  6.27500000E+01 -1.99877904E+00
  6.27500000E+01 -1.89314846E+00
  6.27500000E+01 -1.85600676E+00
  6.27500000E+01 -1.75037618E+00
  6.18823202E+01 -1.71850000E+00
  6.07528003E+01 -1.71850000E+00
  6.07095479E+01 -1.71850000E+00
  5.95800281E+01 -1.71850000E+00
  5.95367756E+01 -1.71850000E+00
  5.84072558E+01 -1.71850000E+00
  5.83640034E+01 -1.71850000E+00
  5.80800000E+01 -1.82143244E+00
  5.80800000E+01 -1.85600676E+00
  5.80800000E+01 -1.89058109E+00
  5.80800000E+01 -1.99877904E+00
  5.80800000E+01 -2.03335336E+00
  5.80800000E+01 -2.14155132E+00
  5.80800000E+01 -2.17612564E+00
  5.80800000E+01 -2.28432360E+00
  5.80800000E+01 -2.31889792E+00
  5.80800000E+01 -2.42709587E+00
  5.80800000E+01 -2.46167020E+00
  5.80800000E+01 -2.56986815E+00
  5.80800000E+01 -2.60444247E+00
  5.80800000E+01 -2.71264043E+00
  5.80800000E+01 -2.74721475E+00
  5.80800000E+01 -2.85541271E+00
  5.80800000E+01 -2.88998703E+00
  5.80800000E+01 -2.99818498E+00
  5.80800000E+01 -3.03275930E+00
  5.80800000E+01 -3.14095726E+00
  5.80800000E+01 -3.17553158E+00
  5.80800000E+01 -3.28372954E+00
  5.80800000E+01 -3.31830386E+00
  5.80800000E+01 -3.42650181E+00
  5.80800000E+01 -3.46107614E+00
  5.80800000E+01 -3.56927409E+00
  5.80800000E+01 -3.60384841E+00
  5.80800000E+01 -3.71204637E+00
  5.80800000E+01 -3.74662069E+00
  5.80800000E+01 -3.85481865E+00
  5.80800000E+01 -3.88939297E+00
  5.80800000E+01 -3.99759092E+00
  5.80800000E+01 -4.03216525E+00
  5.80800000E+01 -4.14036320E+00
  5.80800000E+01 -4.17493752E+00
  5.80800000E+01 -4.28313548E+00
  5.80800000E+01 -4.31770980E+00
  5.80800000E+01 -4.42590775E+00
  5.80800000E+01 -4.46048208E+00
  5.80800000E+01 -4.56868003E+00
  5.80800000E+01 -4.60325435E+00
  5.80800000E+01 -4.71145231E+00
  5.80800000E+01 -4.74602663E+00
  5.80800000E+01 -4.85422459E+00
  5.80800000E+01 -4.88879891E+00
  5.80800000E+01 -4.99699686E+00
  5.80800000E+01 -5.03157119E+00
  5.80800000E+01 -5.13976914E+00
  5.80800000E+01 -5.17434346E+00
  5.80800000E+01 -5.28254142E+00
  5.80800000E+01 -5.31711574E+00
  5.80800000E+01 -5.42531370E+00
  5.80800000E+01 -5.45988802E+00
  5.80800000E+01 -5.56808597E+00
  5.80800000E+01 -5.60266029E+00
  5.80800000E+01 -5.71085825E+00
  5.80800000E+01 -5.74543257E+00
  5.80800000E+01 -5.85363053E+00
  5.80800000E+01 -5.88820485E+00
  5.80800000E+01 -5.99640280E+00
  5.80800000E+01 -6.03097713E+00
  5.80800000E+01 -6.13917508E+00
  5.80800000E+01 -6.17374940E+00
  5.80800000E+01 -6.28194736E+00
  5.80800000E+01 -6.31652168E+00
  5.80800000E+01 -6.42471964E+00
  5.80800000E+01 -6.45929396E+00
  5.80800000E+01 -6.56749191E+00
  5.80800000E+01 -6.60206624E+00
  5.80800000E+01 -6.71026419E+00
  5.80800000E+01 -6.74483851E+00
  5.80800000E+01 -6.85303647E+00
  5.80800000E+01 -6.88761079E+00
  5.80800000E+01 -6.99580874E+00
  5.80800000E+01 -7.03038307E+00
  5.80800000E+01 -7.13858102E+00

w:103/ x(   0.6375000E+02) y(  -0.6533185E+01) ix(2) iy(2) s(   0.7000E+00)

hb:   line clip z  
frame:
 -4.9998594E+00 -6.9999675E+00
  1.1000014E+02 -6.9999675E+00
  1.1000014E+02  7.0000325E+00
 -4.9998594E+00  7.0000325E+00
clip:
  6.30550925E+01 -7.13858102E+00
  6.45000000E+01 -7.13858102E+00
  6.45000000E+01 -7.10545151E+00
  6.45000000E+01 -6.99580874E+00
  6.45000000E+01 -6.96267924E+00
  6.45000000E+01 -6.85303647E+00
  6.45000000E+01 -6.81990696E+00
  6.45000000E+01 -6.71026419E+00
  6.45000000E+01 -6.67713468E+00
  6.45000000E+01 -6.56749191E+00
  6.45000000E+01 -6.53436240E+00
  6.45000000E+01 -6.42471964E+00
  6.45000000E+01 -6.39159013E+00
  6.45000000E+01 -6.28194736E+00
  6.45000000E+01 -6.24881785E+00
  6.45000000E+01 -6.13917508E+00
  6.45000000E+01 -6.10604557E+00
  6.45000000E+01 -5.99640280E+00
  6.45000000E+01 -5.96327330E+00
  6.42278647E+01 -5.92778913E+00
  6.36642524E+01 -5.92778913E+00
  6.30550925E+01 -5.92778913E+00
  6.30000000E+01 -5.98969589E+00
  6.30000000E+01 -5.99640280E+00
  6.30000000E+01 -6.00310971E+00
  6.30000000E+01 -6.13917508E+00
  6.30000000E+01 -6.14588199E+00
  6.30000000E+01 -6.28194736E+00
  6.30000000E+01 -6.28865427E+00
  6.30000000E+01 -6.42471964E+00
  6.30000000E+01 -6.43142655E+00
  6.30000000E+01 -6.56749191E+00
  6.30000000E+01 -6.57419882E+00
  6.30000000E+01 -6.71026419E+00
  6.30000000E+01 -6.71697110E+00
  6.30000000E+01 -6.85303647E+00
  6.30000000E+01 -6.85974338E+00
  6.30000000E+01 -6.99580874E+00
  6.30000000E+01 -7.00251565E+00
  6.30000000E+01 -7.13858102E+00

w:103/ x(   0.1017500E+03) y(  -0.6533185E+01) ix(2) iy(2) s(   0.7000E+00)

hb:   line clip z  
frame:
 -4.9998594E+00 -6.9999675E+00
  1.1000014E+02 -6.9999675E+00
  1.1000014E+02  7.0000325E+00
 -4.9998594E+00  7.0000325E+00
clip:
  1.01756578E+02 -7.13858102E+00
  1.02500000E+02 -7.13858102E+00
  1.02500000E+02 -7.04807743E+00
  1.02500000E+02 -6.99580874E+00
  1.02500000E+02 -6.90530515E+00
  1.02500000E+02 -6.85303647E+00
  1.02500000E+02 -6.76253287E+00
  1.02500000E+02 -6.71026419E+00
  1.02500000E+02 -6.61976060E+00
  1.02500000E+02 -6.56749191E+00
  1.02500000E+02 -6.47698832E+00
  1.02500000E+02 -6.42471964E+00
  1.02500000E+02 -6.33421604E+00
  1.02500000E+02 -6.28194736E+00
  1.02500000E+02 -6.19144376E+00
  1.02500000E+02 -6.13917508E+00
  1.02500000E+02 -6.04867149E+00
  1.02500000E+02 -5.99640280E+00
  1.02320190E+02 -5.92778913E+00
  1.01756578E+02 -5.92778913E+00
  1.01192965E+02 -5.92778913E+00
  1.01000000E+02 -5.99640280E+00
  1.01000000E+02 -6.08850791E+00
  1.01000000E+02 -6.13917508E+00
  1.01000000E+02 -6.23128018E+00
  1.01000000E+02 -6.28194736E+00
  1.01000000E+02 -6.37405246E+00
  1.01000000E+02 -6.42471964E+00
  1.01000000E+02 -6.51682474E+00
  1.01000000E+02 -6.56749191E+00
  1.01000000E+02 -6.65959701E+00
  1.01000000E+02 -6.71026419E+00
  1.01000000E+02 -6.80236929E+00
  1.01000000E+02 -6.85303647E+00
  1.01000000E+02 -6.94514157E+00
  1.01000000E+02 -6.99580874E+00
  1.01000000E+02 -7.08791385E+00
  1.01000000E+02 -7.13858102E+00

w:102/ x(  -0.2746105E+00) y(  -0.3283730E+01) ix(2) iy(2) s(   0.7000E+00)

hb:   line clip z  
frame:
 -4.9998594E+00 -6.9999675E+00
  1.1000014E+02 -6.9999675E+00
  1.1000014E+02  7.0000325E+00
 -4.9998594E+00  7.0000325E+00
clip:
 -2.04818405E+00 -3.49964284E+00
 -2.74610500E-01 -3.49964284E+00
  0.00000000E+00 -3.45993266E+00
  0.00000000E+00 -3.42650181E+00
  0.00000000E+00 -3.39307097E+00
  0.00000000E+00 -3.28372954E+00
  0.00000000E+00 -3.25029869E+00
  0.00000000E+00 -3.14095726E+00
  0.00000000E+00 -3.10752642E+00
  0.00000000E+00 -2.99818498E+00
  0.00000000E+00 -2.96475414E+00
  0.00000000E+00 -2.85541271E+00
  0.00000000E+00 -2.82198186E+00
  0.00000000E+00 -2.71264043E+00
  0.00000000E+00 -2.67920958E+00
  0.00000000E+00 -2.56986815E+00
  0.00000000E+00 -2.53643731E+00
  0.00000000E+00 -2.42709587E+00
  0.00000000E+00 -2.39366503E+00
  0.00000000E+00 -2.28432360E+00
  0.00000000E+00 -2.25089275E+00
  0.00000000E+00 -2.14155132E+00
  0.00000000E+00 -2.10812048E+00
  0.00000000E+00 -1.99877904E+00
  0.00000000E+00 -1.96534820E+00
  0.00000000E+00 -1.85600676E+00
  0.00000000E+00 -1.82257592E+00
  0.00000000E+00 -1.71323449E+00
  0.00000000E+00 -1.67980364E+00
  0.00000000E+00 -1.57046221E+00
  0.00000000E+00 -1.53703137E+00
 -4.00000000E-04 -1.42768993E+00
 -4.00000000E-04 -1.39430778E+00
 -4.00000000E-04 -1.28491766E+00
 -4.00000000E-04 -1.25153551E+00
 -4.00000000E-04 -1.14214538E+00
 -4.00000000E-04 -1.10876323E+00
 -4.00000000E-04 -9.99373101E-01
 -2.69485739E-01 -9.98749217E-01
 -2.74610500E-01 -9.98749217E-01
 -2.79735261E-01 -9.98749217E-01
 -1.44738278E+00 -9.98749217E-01
 -1.45250754E+00 -9.98749217E-01
 -2.62015505E+00 -9.98749217E-01
 -2.62527982E+00 -9.98749217E-01
 -3.79292733E+00 -9.98749217E-01
 -3.79805209E+00 -9.98749217E-01
 -4.96569961E+00 -9.98749217E-01
 -4.97082437E+00 -9.98749217E-01
 -6.13847189E+00 -9.98749217E-01
 -6.13847189E+00 -1.14214538E+00
 -6.13847189E+00 -1.28491766E+00
 -6.13847189E+00 -1.42768993E+00
 -6.13847189E+00 -1.57046221E+00
 -5.90225902E+00 -1.59921856E+00
 -4.96569961E+00 -1.59921856E+00
 -2.62015505E+00 -1.59921856E+00
 -2.50000000E+00 -1.71323449E+00
 -2.50000000E+00 -1.84137919E+00
 -2.50000000E+00 -1.85600676E+00
 -2.50000000E+00 -1.98415147E+00
 -2.50000000E+00 -1.99877904E+00
 -2.50000000E+00 -2.12692375E+00
 -2.50000000E+00 -2.14155132E+00
 -2.50000000E+00 -2.26969602E+00
 -2.50000000E+00 -2.28432360E+00
 -2.50000000E+00 -2.41246830E+00
 -2.50000000E+00 -2.42709587E+00
 -2.50000000E+00 -2.55524058E+00
 -2.50000000E+00 -2.56986815E+00
 -2.50000000E+00 -2.69801286E+00
 -2.50000000E+00 -2.71264043E+00
 -2.50000000E+00 -2.84078513E+00
 -2.50000000E+00 -2.85541271E+00
 -2.50000000E+00 -2.98355741E+00
 -2.50000000E+00 -2.99818498E+00
 -2.50000000E+00 -3.12632969E+00
 -2.50000000E+00 -3.14095726E+00
 -2.50000000E+00 -3.26910196E+00
 -2.50000000E+00 -3.28372954E+00
 -2.50000000E+00 -3.41187424E+00
 -2.50000000E+00 -3.42650181E+00

w:2107/ x(   0.2270000E+01) y(  -0.2973469E+01) ix(2) iy(2) s(   0.7000E+00)

hb:   line clip z  
clip:
  1.87791324E+00 -3.45000000E+00
  2.26395487E+00 -3.45000000E+00
  2.67000000E+00 -3.42650181E+00
  2.67000000E+00 -3.35357205E+00
  2.67000000E+00 -3.28372954E+00
  2.67000000E+00 -3.21079977E+00
  2.67000000E+00 -3.14095726E+00
  2.67000000E+00 -3.06802749E+00
  2.67000000E+00 -2.99818498E+00
  2.67000000E+00 -2.92525521E+00
  2.67000000E+00 -2.85541271E+00
  2.67000000E+00 -2.78248294E+00
  2.67000000E+00 -2.71264043E+00
  2.67000000E+00 -2.63971066E+00
  2.67000000E+00 -2.56986815E+00
  2.67000000E+00 -2.49693838E+00
  2.07093405E+00 -2.50000000E+00
  1.87000000E+00 -2.54540661E+00
  1.87000000E+00 -2.56986815E+00
  1.87000000E+00 -2.59432969E+00
  1.87000000E+00 -2.71264043E+00
  1.87000000E+00 -2.73710196E+00
  1.87000000E+00 -2.85541271E+00
  1.87000000E+00 -2.87987424E+00
  1.87000000E+00 -2.99818498E+00
  1.87000000E+00 -3.02264652E+00
  1.87000000E+00 -3.14095726E+00
  1.87000000E+00 -3.16541880E+00
  1.87000000E+00 -3.28372954E+00
  1.87000000E+00 -3.30819107E+00
  1.87000000E+00 -3.42650181E+00

w:2101/ x(   0.1995000E+01) y(  -0.1749375E+01) ix(2) iy(2) s(   0.7000E+00)

hb:   line clip z  
clip:
  1.87000000E+00 -2.45155741E+00
  2.07093405E+00 -2.50000000E+00
  2.12000000E+00 -2.43306912E+00
  2.12000000E+00 -2.42709587E+00
  2.12000000E+00 -2.42112263E+00
  2.12000000E+00 -2.28432360E+00
  2.12000000E+00 -2.27835035E+00
  2.12000000E+00 -2.14155132E+00
  2.12000000E+00 -2.13557807E+00
  2.12000000E+00 -1.99877904E+00
  2.12000000E+00 -1.99280580E+00
  2.12000000E+00 -1.85600676E+00
  2.12000000E+00 -1.85003352E+00
  2.12000000E+00 -1.71323449E+00
  2.12000000E+00 -1.70726124E+00
  2.12000000E+00 -1.57046221E+00
  2.12000000E+00 -1.56448896E+00
  2.12000000E+00 -1.42768993E+00
  2.12000000E+00 -1.42171669E+00
  2.12000000E+00 -1.28491766E+00
  2.12000000E+00 -1.27894441E+00
  2.12000000E+00 -1.14214538E+00
  2.12000000E+00 -1.13617213E+00
  2.12000000E+00 -9.99373101E-01
  2.07605882E+00 -9.98749217E-01
  2.07093405E+00 -9.98749217E-01
  2.06580929E+00 -9.98749217E-01
  1.87000000E+00 -9.99373101E-01
  1.87000000E+00 -2.42709587E+00

w:2603/ x(   0.1940000E+02) y(  -0.2384684E+01) ix(2) iy(2) s(   0.7000E+00)

hb:   line clip z  
clip:
  1.89000000E+01 -2.51992418E+00
  1.96625182E+01 -2.50000000E+00
  1.99000000E+01 -2.45600670E+00
  1.99000000E+01 -2.42709587E+00
  1.99000000E+01 -2.39818505E+00
  1.99000000E+01 -2.28432360E+00
  1.99000000E+01 -2.25541277E+00
  1.96625182E+01 -2.24944438E+00
  1.93760103E+01 -2.24944438E+00
  1.89000000E+01 -2.28432360E+00
  1.89000000E+01 -2.37715190E+00
  1.89000000E+01 -2.42709587E+00

w:2600/ x(   0.1969000E+02) y(   0.0000000E+00) ix(2) iy(2) s(   0.7000E+00)

hb:   line clip z  
clip:
  1.94800000E+01 -2.16377093E+00
  1.96625182E+01 -2.24944438E+00
  1.99000000E+01 -2.17046215E+00
  1.99000000E+01 -2.14155132E+00
  1.99000000E+01 -2.11264049E+00
  1.99000000E+01 -1.99877904E+00
  1.99000000E+01 -1.96986822E+00
  1.99000000E+01 -1.85600676E+00
  1.99000000E+01 -1.82709594E+00
  1.99000000E+01 -1.71323449E+00
  1.99000000E+01 -1.68432366E+00
  1.99000000E+01 -1.57046221E+00
  1.99000000E+01 -1.54155138E+00
  1.99000000E+01 -1.42768993E+00
  1.99000000E+01 -1.39877911E+00
  1.99000000E+01 -1.28491766E+00
  1.99000000E+01 -1.25600683E+00
  1.99000000E+01 -1.14214538E+00
  1.99000000E+01 -1.11323455E+00
  1.99000000E+01 -9.99373101E-01
  1.99000000E+01 -9.70462275E-01
  1.99000000E+01 -8.56600824E-01
  1.99000000E+01 -8.27689998E-01
  1.99000000E+01 -7.13828547E-01
  1.99000000E+01 -6.84917720E-01
  1.99000000E+01 -5.71056269E-01
  1.99000000E+01 -5.42145443E-01
  1.99000000E+01 -4.28283992E-01
  1.99000000E+01 -3.99373166E-01
  1.99000000E+01 -2.85511715E-01
  1.99000000E+01 -2.56600889E-01
  1.99000000E+01 -1.42739438E-01
  1.99000000E+01 -1.13828611E-01
  1.99000000E+01  3.28395046E-05
  1.99000000E+01  2.89436658E-02
  1.99000000E+01  1.42805117E-01
  1.99000000E+01  1.71715943E-01
  1.99000000E+01  2.85577394E-01
  1.99000000E+01  3.14488220E-01
  1.99000000E+01  4.28349671E-01
  1.99000000E+01  4.57260497E-01
  1.99000000E+01  5.71121948E-01
  1.99000000E+01  6.00032775E-01
  1.99000000E+01  7.13894226E-01
  1.99000000E+01  7.42805052E-01
  1.99000000E+01  8.56666503E-01
  1.99000000E+01  8.85577329E-01
  1.99000000E+01  9.99438780E-01
  1.99000000E+01  1.02834961E+00
  1.99000000E+01  1.14221106E+00
  1.99000000E+01  1.17112188E+00
  1.99000000E+01  1.28498333E+00
  1.99000000E+01  1.31389416E+00
  1.99000000E+01  1.42775561E+00
  1.99000000E+01  1.45666644E+00
  1.99000000E+01  1.57052789E+00
  1.99000000E+01  1.59943872E+00
  1.99000000E+01  1.71330017E+00
  1.99000000E+01  1.74221099E+00
  1.99000000E+01  1.85607244E+00
  1.99000000E+01  1.88498327E+00
  1.99000000E+01  1.99884472E+00
  1.99000000E+01  2.02775555E+00
  1.99000000E+01  2.14161700E+00
  1.99000000E+01  2.17052782E+00
  1.96625182E+01  2.24944438E+00
  1.94800000E+01  2.16383661E+00
  1.94800000E+01 -2.14155132E+00

w:6002/ x(   0.5954500E+02) y(  -0.1593500E+01) ix(2) iy(2) s(   0.7000E+00)

hb:   line clip z  
clip:
  5.83207509E+01 -1.71850000E+00
  6.07528003E+01 -1.71850000E+00
  6.10100000E+01 -1.71323449E+00
  6.10100000E+01 -1.67665771E+00
  6.10100000E+01 -1.57046221E+00
  6.10100000E+01 -1.53388543E+00
  6.07095479E+01 -1.46850000E+00
  5.98720012E+01 -1.46850000E+00
  5.95367756E+01 -1.46850000E+00
  5.86992289E+01 -1.46850000E+00
  5.83640034E+01 -1.46850000E+00
  5.80800000E+01 -1.53588789E+00
  5.80800000E+01 -1.57046221E+00
  5.80800000E+01 -1.60503653E+00
  5.80800000E+01 -1.71323449E+00

w:6000/ x(   0.6200500E+02) y(  -0.1593500E+01) ix(2) iy(2) s(   0.7000E+00)

hb:   line clip z  
clip:
  6.18390678E+01 -1.71850000E+00
  6.30000000E+01 -1.71323449E+00
  6.30000000E+01 -1.57716912E+00
  6.30000000E+01 -1.57046221E+00
  6.27198669E+01 -1.46850000E+00
  6.18823202E+01 -1.46850000E+00
  6.10447735E+01 -1.46850000E+00
  6.10100000E+01 -1.57046221E+00
  6.10100000E+01 -1.67665771E+00
  6.10100000E+01 -1.71323449E+00

w:101/ x(  -0.3069436E+01) y(   0.5551115E-16) ix(2) iy(2) s(   0.7000E+00)

hb:   line clip z  
frame:
 -4.9998594E+00 -6.9999675E+00
  1.1000014E+02 -6.9999675E+00
  1.1000014E+02  7.0000325E+00
 -4.9998594E+00  7.0000325E+00
clip:
 -6.13847189E+00 -9.98749217E-01
 -2.74610500E-01 -9.98749217E-01
 -4.00000000E-04 -8.89982972E-01
 -4.00000000E-04 -8.56600824E-01
 -4.00000000E-04 -8.23218676E-01
 -4.00000000E-04 -7.13828547E-01
 -4.00000000E-04 -6.80446399E-01
 -4.00000000E-04 -5.71056269E-01
 -4.00000000E-04 -5.37674122E-01
 -4.00000000E-04 -4.28283992E-01
 -4.00000000E-04 -3.94901844E-01
 -4.00000000E-04 -2.85511715E-01
 -4.00000000E-04 -2.52129567E-01
 -4.00000000E-04 -1.42739438E-01
 -4.00000000E-04 -1.09357290E-01
 -4.00000000E-04  3.28395046E-05
 -4.00000000E-04  3.34149873E-02
 -4.00000000E-04  1.42805117E-01
 -4.00000000E-04  1.76187265E-01
 -4.00000000E-04  2.85577394E-01
 -4.00000000E-04  3.18959542E-01
 -4.00000000E-04  4.28349671E-01
 -4.00000000E-04  4.61731819E-01
 -4.00000000E-04  5.71121948E-01
 -4.00000000E-04  6.04504096E-01
 -4.00000000E-04  7.13894226E-01
 -4.00000000E-04  7.47276373E-01
 -4.00000000E-04  8.56666503E-01
 -4.00000000E-04  8.90048651E-01
 -2.74610500E-01  9.98749217E-01
 -1.44171851E+00  9.98749217E-01
 -1.44738278E+00  9.98749217E-01
 -2.61449079E+00  9.98749217E-01
 -2.62015505E+00  9.98749217E-01
 -3.78726306E+00  9.98749217E-01
 -3.79292733E+00  9.98749217E-01
 -4.96003534E+00  9.98749217E-01
 -4.96569961E+00  9.98749217E-01
 -6.13280762E+00  9.98749217E-01
 -6.13847189E+00  9.98749217E-01
 -6.13847189E+00  8.56666503E-01
 -6.13847189E+00  7.13894226E-01
 -6.13847189E+00  5.71121948E-01
 -6.13847189E+00  4.28349671E-01
 -6.13847189E+00  2.85577394E-01
 -6.13847189E+00  1.42805117E-01
 -6.13847189E+00  3.28395046E-05
 -6.13847189E+00 -1.42739438E-01
 -6.13847189E+00 -2.85511715E-01
 -6.13847189E+00 -4.28283992E-01
 -6.13847189E+00 -5.71056269E-01
 -6.13847189E+00 -7.13828547E-01
 -6.13847189E+00 -8.56600824E-01

w:2104/ x(   0.1995000E+01) y(   0.0000000E+00) ix(2) iy(2) s(   0.7000E+00)

hb:   line clip z  
clip:
  1.87000000E+00 -8.81062361E-01
  2.07093405E+00 -9.98749217E-01
  2.12000000E+00 -8.62574069E-01
  2.12000000E+00 -8.56600824E-01
  2.12000000E+00 -8.50627578E-01
  2.12000000E+00 -7.13828547E-01
  2.12000000E+00 -7.07855301E-01
  2.12000000E+00 -5.71056269E-01
  2.12000000E+00 -5.65083024E-01
  2.12000000E+00 -4.28283992E-01
  2.12000000E+00 -4.22310747E-01
  2.12000000E+00 -2.85511715E-01
  2.12000000E+00 -2.79538469E-01
  2.12000000E+00 -1.42739438E-01
  2.12000000E+00 -1.36766192E-01
  2.12000000E+00  3.28395046E-05
  2.12000000E+00  6.00608504E-03
  2.12000000E+00  1.42805117E-01
  2.12000000E+00  1.48778362E-01
  2.12000000E+00  2.85577394E-01
  2.12000000E+00  2.91550639E-01
  2.12000000E+00  4.28349671E-01
  2.12000000E+00  4.34322917E-01
  2.12000000E+00  5.71121948E-01
  2.12000000E+00  5.77095194E-01
  2.12000000E+00  7.13894226E-01
  2.12000000E+00  7.19867471E-01
  2.12000000E+00  8.56666503E-01
  2.12000000E+00  8.62639748E-01
  2.07093405E+00  9.98749217E-01
  1.87000000E+00  8.81128040E-01
  1.87000000E+00 -8.56600824E-01

w:2401/ x(   0.3504650E+02) y(   0.0000000E+00) ix(2) iy(2) s(   0.7000E+00)

hb:   line clip z  
clip:
  3.48465000E+01 -5.78611134E-01
  3.49085578E+01 -6.17980581E-01
  3.50465000E+01 -5.87849231E-01
  3.50465000E+01 -5.71056269E-01
  3.50465000E+01 -5.54263308E-01
  3.50465000E+01 -4.28283992E-01
  3.52465000E+01 -2.85511715E-01
  3.52465000E+01  3.26718181E-01
  3.50465000E+01  4.45142633E-01
  3.50465000E+01  5.71121948E-01
  3.49085578E+01  6.17980581E-01
  3.48465000E+01  5.78676813E-01
  3.48465000E+01  5.71121948E-01
  3.48465000E+01  5.63567084E-01
  3.48465000E+01  4.28349671E-01
  3.48465000E+01  4.20794807E-01
  3.48465000E+01  2.85577394E-01
  3.48465000E+01  2.78022529E-01
  3.48465000E+01  1.42805117E-01
  3.48465000E+01  1.35250252E-01
  3.48465000E+01  3.28395046E-05
  3.48465000E+01 -7.52202516E-03
  3.48465000E+01 -1.42739438E-01
  3.48465000E+01 -1.50294302E-01
  3.48465000E+01 -2.85511715E-01
  3.48465000E+01 -2.93066580E-01
  3.48465000E+01 -4.28283992E-01
  3.48465000E+01 -4.35838857E-01
  3.48465000E+01 -5.71056269E-01

w:102/ x(  -0.2620155E+01) y(   0.1427756E+01) ix(2) iy(2) s(   0.7000E+00)

hb:   line clip z  
frame:
 -4.9998594E+00 -6.9999675E+00
  1.1000014E+02 -6.9999675E+00
  1.1000014E+02  7.0000325E+00
 -4.9998594E+00  7.0000325E+00
clip:
 -6.13847189E+00  9.98749217E-01
 -4.00000000E-04  9.99438780E-01
 -4.00000000E-04  1.03282093E+00
 -4.00000000E-04  1.14221106E+00
 -4.00000000E-04  1.17559321E+00
 -4.00000000E-04  1.28498333E+00
 -4.00000000E-04  1.31836548E+00
 -4.00000000E-04  1.42775561E+00
 -4.00000000E-04  1.46113776E+00
  0.00000000E+00  1.57052789E+00
  0.00000000E+00  1.60395873E+00
  0.00000000E+00  1.71330017E+00
  0.00000000E+00  1.74673101E+00
  0.00000000E+00  1.85607244E+00
  0.00000000E+00  1.88950329E+00
  0.00000000E+00  1.99884472E+00
  0.00000000E+00  2.03227556E+00
  0.00000000E+00  2.14161700E+00
  0.00000000E+00  2.17504784E+00
  0.00000000E+00  2.28438928E+00
  0.00000000E+00  2.31782012E+00
  0.00000000E+00  2.42716155E+00
  0.00000000E+00  2.46059240E+00
  0.00000000E+00  2.56993383E+00
  0.00000000E+00  2.60336467E+00
  0.00000000E+00  2.71270611E+00
  0.00000000E+00  2.74613695E+00
  0.00000000E+00  2.85547838E+00
  0.00000000E+00  2.88890923E+00
  0.00000000E+00  2.99825066E+00
  0.00000000E+00  3.03168150E+00
  0.00000000E+00  3.14102294E+00
  0.00000000E+00  3.17445378E+00
  0.00000000E+00  3.28379522E+00
  0.00000000E+00  3.31722606E+00
  0.00000000E+00  3.42656749E+00
  0.00000000E+00  3.45999834E+00
 -2.74610500E-01  3.49964284E+00
 -8.74872269E-01  3.49964284E+00
 -1.44738278E+00  3.49964284E+00
 -2.04764455E+00  3.49964284E+00
 -2.50000000E+00  3.42656749E+00
 -2.50000000E+00  3.29842279E+00
 -2.50000000E+00  3.28379522E+00
 -2.50000000E+00  3.15565051E+00
 -2.50000000E+00  3.14102294E+00
 -2.50000000E+00  3.01287823E+00
 -2.50000000E+00  2.99825066E+00
 -2.50000000E+00  2.87010596E+00
 -2.50000000E+00  2.85547838E+00
 -2.50000000E+00  2.72733368E+00
 -2.50000000E+00  2.71270611E+00
 -2.50000000E+00  2.58456140E+00
 -2.50000000E+00  2.56993383E+00
 -2.50000000E+00  2.44178912E+00
 -2.50000000E+00  2.42716155E+00
 -2.50000000E+00  2.29901685E+00
 -2.50000000E+00  2.28438928E+00
 -2.50000000E+00  2.15624457E+00
 -2.50000000E+00  2.14161700E+00
 -2.50000000E+00  2.01347229E+00
 -2.50000000E+00  1.99884472E+00
 -2.50000000E+00  1.87070002E+00
 -2.50000000E+00  1.85607244E+00
 -2.50000000E+00  1.72792774E+00
 -2.50000000E+00  1.71330017E+00
 -2.62015505E+00  1.59921856E+00
 -2.85582841E+00  1.59921856E+00
 -3.79292733E+00  1.59921856E+00
 -4.02860069E+00  1.59921856E+00
 -4.96569961E+00  1.59921856E+00
 -5.20137297E+00  1.59921856E+00
 -6.13847189E+00  1.59921856E+00
 -6.13847189E+00  1.57052789E+00
 -6.13847189E+00  1.42775561E+00
 -6.13847189E+00  1.28498333E+00
 -6.13847189E+00  1.14221106E+00
 -6.13847189E+00  9.99438780E-01

w:2101/ x(   0.1995000E+01) y(   0.1749375E+01) ix(2) iy(2) s(   0.7000E+00)

hb:   line clip z  
clip:
  2.06526979E+00  9.98749217E-01
  2.07659832E+00  9.98749217E-01
  2.12000000E+00  9.99438780E-01
  2.12000000E+00  1.00541203E+00
  2.12000000E+00  1.14221106E+00
  2.12000000E+00  1.14818430E+00
  2.12000000E+00  1.28498333E+00
  2.12000000E+00  1.29095658E+00
  2.12000000E+00  1.42775561E+00
  2.12000000E+00  1.43372886E+00
  2.12000000E+00  1.57052789E+00
  2.12000000E+00  1.57650113E+00
  2.12000000E+00  1.71330017E+00
  2.12000000E+00  1.71927341E+00
  2.12000000E+00  1.85607244E+00
  2.12000000E+00  1.86204569E+00
  2.12000000E+00  1.99884472E+00
  2.12000000E+00  2.00481797E+00
  2.12000000E+00  2.14161700E+00
  2.12000000E+00  2.14759024E+00
  2.12000000E+00  2.28438928E+00
  2.12000000E+00  2.29036252E+00
  2.12000000E+00  2.42716155E+00
  2.12000000E+00  2.43313480E+00
  2.07093405E+00  2.50000000E+00
  1.87000000E+00  2.45162309E+00
  1.87000000E+00  2.42716155E+00
  1.87000000E+00  2.40270002E+00
  1.87000000E+00  2.28438928E+00
  1.87000000E+00  2.25992774E+00
  1.87000000E+00  2.14161700E+00
  1.87000000E+00  2.11715546E+00
  1.87000000E+00  1.99884472E+00
  1.87000000E+00  1.97438318E+00
  1.87000000E+00  1.85607244E+00
  1.87000000E+00  1.83161091E+00
  1.87000000E+00  1.71330017E+00
  1.87000000E+00  1.68883863E+00
  1.87000000E+00  1.57052789E+00
  1.87000000E+00  1.54606635E+00
  1.87000000E+00  1.42775561E+00
  1.87000000E+00  1.40329407E+00
  1.87000000E+00  1.28498333E+00
  1.87000000E+00  1.26052180E+00
  1.87000000E+00  1.14221106E+00
  1.87000000E+00  1.11774952E+00
  1.87000000E+00  9.99438780E-01

w:2/ x(  -0.3069236E+01) y(   0.4368933E+01) ix(2) iy(2) s(   0.7000E+00)

hb:   line clip z  
frame:
 -4.9998594E+00 -6.9999675E+00
  1.1000014E+02 -6.9999675E+00
  1.1000014E+02  7.0000325E+00
 -4.9998594E+00  7.0000325E+00
clip:
 -6.13847189E+00  1.59921856E+00
 -2.62015505E+00  1.59921856E+00
 -2.50000000E+00  1.69867259E+00
 -2.50000000E+00  1.71330017E+00
 -2.50000000E+00  1.72792774E+00
 -2.50000000E+00  1.85607244E+00
 -2.50000000E+00  1.87070002E+00
 -2.50000000E+00  1.99884472E+00
 -2.50000000E+00  2.01347229E+00
 -2.50000000E+00  2.14161700E+00
 -2.50000000E+00  2.15624457E+00
 -2.50000000E+00  2.28438928E+00
 -2.50000000E+00  2.29901685E+00
 -2.50000000E+00  2.42716155E+00
 -2.50000000E+00  2.44178912E+00
 -2.50000000E+00  2.56993383E+00
 -2.50000000E+00  2.58456140E+00
 -2.50000000E+00  2.71270611E+00
 -2.50000000E+00  2.72733368E+00
 -2.50000000E+00  2.85547838E+00
 -2.50000000E+00  2.87010596E+00
 -2.50000000E+00  2.99825066E+00
 -2.50000000E+00  3.01287823E+00
 -2.50000000E+00  3.14102294E+00
 -2.50000000E+00  3.15565051E+00
 -2.50000000E+00  3.28379522E+00
 -2.50000000E+00  3.29842279E+00
 -2.50000000E+00  3.42656749E+00
 -1.44738278E+00  3.49964284E+00
 -2.74610500E-01  3.49964284E+00
  0.00000000E+00  3.53590893E+00
  0.00000000E+00  3.56933977E+00
  0.00000000E+00  3.60277061E+00
  0.00000000E+00  3.71211205E+00
  0.00000000E+00  3.74554289E+00
  0.00000000E+00  3.85488432E+00
  0.00000000E+00  3.88831517E+00
  0.00000000E+00  3.99765660E+00
  0.00000000E+00  4.03108745E+00
  0.00000000E+00  4.14042888E+00
  0.00000000E+00  4.17385972E+00
  0.00000000E+00  4.28320116E+00
  0.00000000E+00  4.31663200E+00
  0.00000000E+00  4.42597343E+00
  0.00000000E+00  4.45940428E+00
  0.00000000E+00  4.56874571E+00
  0.00000000E+00  4.60217655E+00
  0.00000000E+00  4.71151799E+00
  0.00000000E+00  4.74494883E+00
  0.00000000E+00  4.85429027E+00
  0.00000000E+00  4.88772111E+00
  0.00000000E+00  4.99706254E+00
  0.00000000E+00  5.03049339E+00
  0.00000000E+00  5.13983482E+00
  0.00000000E+00  5.17326566E+00
  0.00000000E+00  5.28260710E+00
  0.00000000E+00  5.31603794E+00
  0.00000000E+00  5.42537937E+00
  0.00000000E+00  5.45881022E+00
  0.00000000E+00  5.56815165E+00
  0.00000000E+00  5.60158249E+00
  0.00000000E+00  5.71092393E+00
  0.00000000E+00  5.74435477E+00
  0.00000000E+00  5.85369621E+00
  0.00000000E+00  5.88712705E+00
  0.00000000E+00  5.99646848E+00
  0.00000000E+00  6.02989933E+00
  0.00000000E+00  6.13924076E+00
  0.00000000E+00  6.17267160E+00
  0.00000000E+00  6.28201304E+00
  0.00000000E+00  6.31544388E+00
  0.00000000E+00  6.42478531E+00
  0.00000000E+00  6.45821616E+00
  0.00000000E+00  6.56755759E+00
  0.00000000E+00  6.60098844E+00
  0.00000000E+00  6.71032987E+00
  0.00000000E+00  6.74376071E+00
  0.00000000E+00  6.85310215E+00
  0.00000000E+00  6.88653299E+00
  0.00000000E+00  6.99587442E+00
  0.00000000E+00  7.02930527E+00
  0.00000000E+00  7.13864670E+00
 -2.74610500E-01  7.13864670E+00
 -1.44738278E+00  7.13864670E+00
 -2.62015505E+00  7.13864670E+00
 -3.79292733E+00  7.13864670E+00
 -4.96569961E+00  7.13864670E+00
 -6.13847189E+00  7.13864670E+00
 -6.13847189E+00  6.99587442E+00
 -6.13847189E+00  6.85310215E+00
 -6.13847189E+00  6.71032987E+00
 -6.13847189E+00  6.56755759E+00
 -6.13847189E+00  6.42478531E+00
 -6.13847189E+00  6.28201304E+00
 -6.13847189E+00  6.13924076E+00
 -6.13847189E+00  5.99646848E+00
 -6.13847189E+00  5.85369621E+00
 -6.13847189E+00  5.71092393E+00
 -6.13847189E+00  5.56815165E+00
 -6.13847189E+00  5.42537937E+00
 -6.13847189E+00  5.28260710E+00
 -6.13847189E+00  5.13983482E+00
 -6.13847189E+00  4.99706254E+00
 -6.13847189E+00  4.85429027E+00
 -6.13847189E+00  4.71151799E+00
 -6.13847189E+00  4.56874571E+00
 -6.13847189E+00  4.42597343E+00
 -6.13847189E+00  4.28320116E+00
 -6.13847189E+00  4.14042888E+00
 -6.13847189E+00  3.99765660E+00
 -6.13847189E+00  3.85488432E+00
 -6.13847189E+00  3.71211205E+00
 -6.13847189E+00  3.56933977E+00
 -6.13847189E+00  3.42656749E+00
 -6.13847189E+00  3.28379522E+00
 -6.13847189E+00  3.14102294E+00
 -6.13847189E+00  2.99825066E+00
 -6.13847189E+00  2.85547838E+00
 -6.13847189E+00  2.71270611E+00
 -6.13847189E+00  2.56993383E+00
 -6.13847189E+00  2.42716155E+00
 -6.13847189E+00  2.28438928E+00
 -6.13847189E+00  2.14161700E+00
 -6.13847189E+00  1.99884472E+00
 -6.13847189E+00  1.85607244E+00
 -6.13847189E+00  1.71330017E+00

w:2603/ x(   0.1940000E+02) y(   0.2384717E+01) ix(2) iy(2) s(   0.7000E+00)

hb:   line clip z  
clip:
  1.93754708E+01  2.24944438E+00
  1.96625182E+01  2.24944438E+00
  1.99000000E+01  2.25547845E+00
  1.99000000E+01  2.28438928E+00
  1.99000000E+01  2.31330010E+00
  1.99000000E+01  2.42716155E+00
  1.99000000E+01  2.45607238E+00
  1.96625182E+01  2.50000000E+00
  1.89000000E+01  2.51998986E+00
  1.89000000E+01  2.42716155E+00
  1.89000000E+01  2.33433325E+00
  1.89000000E+01  2.28438928E+00

w:2107/ x(   0.2270000E+01) y(   0.2973502E+01) ix(2) iy(2) s(   0.7000E+00)

hb:   line clip z  
clip:
  1.87000000E+00  2.54547229E+00
  2.07093405E+00  2.50000000E+00
  2.67000000E+00  2.49700406E+00
  2.67000000E+00  2.56993383E+00
  2.67000000E+00  2.64286360E+00
  2.67000000E+00  2.71270611E+00
  2.67000000E+00  2.78563587E+00
  2.67000000E+00  2.85547838E+00
  2.67000000E+00  2.92840815E+00
  2.67000000E+00  2.99825066E+00
  2.67000000E+00  3.07118043E+00
  2.67000000E+00  3.14102294E+00
  2.67000000E+00  3.21395271E+00
  2.67000000E+00  3.28379522E+00
  2.67000000E+00  3.35672498E+00
  2.67000000E+00  3.42656749E+00
  2.26341536E+00  3.45000000E+00
  2.07093405E+00  3.45000000E+00
  1.87845275E+00  3.45000000E+00
  1.87000000E+00  3.40210596E+00
  1.87000000E+00  3.28379522E+00
  1.87000000E+00  2.56993383E+00

w:2602/ x(   0.1961500E+02) y(   0.4819323E+01) ix(2) iy(2) s(   0.7000E+00)

hb:   line clip z  
frame:
 -4.9998594E+00 -6.9999675E+00
  1.1000014E+02 -6.9999675E+00
  1.1000014E+02  7.0000325E+00
 -4.9998594E+00  7.0000325E+00
clip:
  1.94000000E+01  2.53797509E+00
  1.96625182E+01  2.50000000E+00
  1.98300000E+01  2.54954474E+00
  1.98300000E+01  2.56993383E+00
  1.98300000E+01  2.59032292E+00
  1.98300000E+01  2.71270611E+00
  1.98300000E+01  2.73309519E+00
  1.98300000E+01  2.85547838E+00
  1.98300000E+01  2.87586747E+00
  1.98300000E+01  2.99825066E+00
  1.98300000E+01  3.01863975E+00
  1.98300000E+01  3.14102294E+00
  1.98300000E+01  3.16141203E+00
  1.98300000E+01  3.28379522E+00
  1.98300000E+01  3.30418430E+00
  1.98300000E+01  3.42656749E+00
  1.98300000E+01  3.44695658E+00
  1.98300000E+01  3.56933977E+00
  1.98300000E+01  3.58972886E+00
  1.98300000E+01  3.71211205E+00
  1.98300000E+01  3.73250113E+00
  1.98300000E+01  3.85488432E+00
  1.98300000E+01  3.87527341E+00
  1.98300000E+01  3.99765660E+00
  1.98300000E+01  4.01804569E+00
  1.98300000E+01  4.14042888E+00
  1.98300000E+01  4.16081797E+00
  1.98300000E+01  4.28320116E+00
  1.98300000E+01  4.30359024E+00
  1.98300000E+01  4.42597343E+00
  1.98300000E+01  4.44636252E+00
  1.98300000E+01  4.56874571E+00
  1.98300000E+01  4.58913480E+00
  1.98300000E+01  4.71151799E+00
  1.98300000E+01  4.73190708E+00
  1.98300000E+01  4.85429027E+00
  1.98300000E+01  4.87467935E+00
  1.98300000E+01  4.99706254E+00
  1.98300000E+01  5.01745163E+00
  1.98300000E+01  5.13983482E+00
  1.98300000E+01  5.16022391E+00
  1.98300000E+01  5.28260710E+00
  1.98300000E+01  5.30299618E+00
  1.98300000E+01  5.42537937E+00
  1.98300000E+01  5.44576846E+00
  1.98300000E+01  5.56815165E+00
  1.98300000E+01  5.58854074E+00
  1.98300000E+01  5.71092393E+00
  1.98300000E+01  5.73131302E+00
  1.98300000E+01  5.85369621E+00
  1.98300000E+01  5.87408529E+00
  1.98300000E+01  5.99646848E+00
  1.98300000E+01  6.01685757E+00
  1.98300000E+01  6.13924076E+00
  1.98300000E+01  6.15962985E+00
  1.98300000E+01  6.28201304E+00
  1.98300000E+01  6.30240212E+00
  1.98300000E+01  6.42478531E+00
  1.98300000E+01  6.44517440E+00
  1.98300000E+01  6.56755759E+00
  1.98300000E+01  6.58794668E+00
  1.98300000E+01  6.71032987E+00
  1.98300000E+01  6.73071896E+00
  1.98300000E+01  6.85310215E+00
  1.98300000E+01  6.87349123E+00
  1.98300000E+01  6.99587442E+00
  1.98300000E+01  7.01626351E+00
  1.98300000E+01  7.13864670E+00
  1.96625182E+01  7.13864670E+00
  1.94000000E+01  7.13864670E+00
  1.94000000E+01  2.56993383E+00

w:103/ x(   0.6375000E+02) y(   0.6533218E+01) ix(2) iy(2) s(   0.7000E+00)

hb:   line clip z  
frame:
 -4.9998594E+00 -6.9999675E+00
  1.1000014E+02 -6.9999675E+00
  1.1000014E+02  7.0000325E+00
 -4.9998594E+00  7.0000325E+00
clip:
  6.30000000E+01  5.98976157E+00
  6.30550925E+01  5.92778913E+00
  6.36192443E+01  5.92778913E+00
  6.42278647E+01  5.92778913E+00
  6.45000000E+01  5.96333897E+00
  6.45000000E+01  5.99646848E+00
  6.45000000E+01  6.02959799E+00
  6.45000000E+01  6.13924076E+00
  6.45000000E+01  6.17237027E+00
  6.45000000E+01  6.28201304E+00
  6.45000000E+01  6.31514255E+00
  6.45000000E+01  6.42478531E+00
  6.45000000E+01  6.45791482E+00
  6.45000000E+01  6.56755759E+00
  6.45000000E+01  6.60068710E+00
  6.45000000E+01  6.71032987E+00
  6.45000000E+01  6.74345938E+00
  6.45000000E+01  6.85310215E+00
  6.45000000E+01  6.88623166E+00
  6.45000000E+01  6.99587442E+00
  6.45000000E+01  7.02900393E+00
  6.45000000E+01  7.13864670E+00
  6.42278647E+01  7.13864670E+00
  6.30550925E+01  7.13864670E+00
  6.30000000E+01  7.13193979E+00
  6.30000000E+01  6.99587442E+00
  6.30000000E+01  5.99646848E+00

w:103/ x(   0.1017500E+03) y(   0.6533218E+01) ix(2) iy(2) s(   0.7000E+00)

hb:   line clip z  
frame:
 -4.9998594E+00 -6.9999675E+00
  1.1000014E+02 -6.9999675E+00
  1.1000014E+02  7.0000325E+00
 -4.9998594E+00  7.0000325E+00
clip:
  1.01192426E+02  5.92778913E+00
  1.02320729E+02  5.92778913E+00
  1.02500000E+02  5.99646848E+00
  1.02500000E+02  6.08697208E+00
  1.02500000E+02  6.13924076E+00
  1.02500000E+02  6.22974435E+00
  1.02500000E+02  6.28201304E+00
  1.02500000E+02  6.37251663E+00
  1.02500000E+02  6.42478531E+00
  1.02500000E+02  6.51528891E+00
  1.02500000E+02  6.56755759E+00
  1.02500000E+02  6.65806119E+00
  1.02500000E+02  6.71032987E+00
  1.02500000E+02  6.80083346E+00
  1.02500000E+02  6.85310215E+00
  1.02500000E+02  6.94360574E+00
  1.02500000E+02  6.99587442E+00
  1.02500000E+02  7.08637802E+00
  1.02500000E+02  7.13864670E+00
  1.01756578E+02  7.13864670E+00
  1.01000000E+02  7.13864670E+00
  1.01000000E+02  7.04654160E+00
  1.01000000E+02  6.99587442E+00
  1.01000000E+02  6.90376932E+00
  1.01000000E+02  6.85310215E+00
  1.01000000E+02  6.76099705E+00
  1.01000000E+02  6.71032987E+00
  1.01000000E+02  6.61822477E+00
  1.01000000E+02  6.56755759E+00
  1.01000000E+02  6.47545249E+00
  1.01000000E+02  6.42478531E+00
  1.01000000E+02  6.33268021E+00
  1.01000000E+02  6.28201304E+00
  1.01000000E+02  6.18990794E+00
  1.01000000E+02  6.13924076E+00
  1.01000000E+02  6.04713566E+00
  1.01000000E+02  5.99646848E+00

#------------------------------------------------------------------------------
z: xorg(1.03)
p: xfac[c2*0.05] form[c1/0.05] notc noxt noyt dmin(1)
p: ymin(0) ymax(1) xmin(0) xmax(1) cmin(1) cmax(100) nosp
hc: y= 0.005 to 0.995 by 0.01 ; x= 0.5 to 0.5 by 1 ;
 1  2  3  4  5  6  7  8  9 10 11 12 13 14 15 16 17 18 19 20
21 22 23 24 25 26 27 28 29 30 31 32 33 34 35 36 37 38 39 40
41 42 43 44 45 46 47 48 49 50 51 52 53 54 55 56 57 58 59 60
61 62 63 64 65 66 67 68 69 70 71 72 73 74 75 76 77 78 79 80
81 82 83 84 85 86 87 88 89 90 91 92 93 94 95 96 97 98 99 100
z: xorg(0.0)
p: xfac[c2*0.05] form[c1/0.05] nosp afac[c5*0.625] ymin[c3] ymax[c4]
p: noxt noxn ytxt(-1) ynum(-1) xltd(-1) xstd(-1) itic(1) ylog
y: Flux [1/cm^2/source]              
#------------------------------------------------------------------------------

wt: s[c5]
\vspace{-3}
  emin  &=&   0.0000E+00 [MeV]
  emax  &=&   1.0000E+03 [MeV]
  ymin  &=&   0.0000E+00 [cm]
  ymax  &=&   1.0000E-01 [cm]
  part. &=& proton  
e:

#------------------------------------------------------------------------------
z: xorg[-1.03/0.05]
p: form[c1] xfac[c2] afac[c5] nosp notf
p: xmin( -5.000000    ) xmax(  110.0000    )
p: ymin( -7.000000    ) ymax(  7.000000    )
 
# Information for Restart Calculation
# This calculation was newly started
# istdev =  2 # 1:Batch variance, 2:History variance
# resc2  = 1.60217700210082442E-01 # Total source weight or Total source weight / maxcas
# resc3  = 1.00000000000000000E+09 # Total history number or Total batch number
# maxcas =      100000 # History / Batch, only used for istdev=1
# bitrseed = 0001001110011001001001110000100100110111001111011100001000101100 # bit data of rseed
