[ T-Track ]
    title = Para ver que energia llega al pouch
     mesh =  xyz            # mesh type is xyz scoring mesh
   x-type =    2            # x-mesh is linear given by xmin, xmax and nx
     xmin =  -6.000000      # minimum value of x-mesh points
     xmax =   6.000000      # maximum value of x-mesh points
#    xdel =  0.1200000      # mesh width of x-mesh points
       nx =    100          # number of x-mesh points
#    data = ( x(i), i = 1, nx + 1 )
#          -6.00000E+00 -5.88000E+00 -5.76000E+00 -5.64000E+00 -5.52000E+00
#          -5.40000E+00 -5.28000E+00 -5.16000E+00 -5.04000E+00 -4.92000E+00
#          -4.80000E+00 -4.68000E+00 -4.56000E+00 -4.44000E+00 -4.32000E+00
#          -4.20000E+00 -4.08000E+00 -3.96000E+00 -3.84000E+00 -3.72000E+00
#          -3.60000E+00 -3.48000E+00 -3.36000E+00 -3.24000E+00 -3.12000E+00
#          -3.00000E+00 -2.88000E+00 -2.76000E+00 -2.64000E+00 -2.52000E+00
#          -2.40000E+00 -2.28000E+00 -2.16000E+00 -2.04000E+00 -1.92000E+00
#          -1.80000E+00 -1.68000E+00 -1.56000E+00 -1.44000E+00 -1.32000E+00
#          -1.20000E+00 -1.08000E+00 -9.60000E-01 -8.40000E-01 -7.20000E-01
#          -6.00000E-01 -4.80000E-01 -3.60000E-01 -2.40000E-01 -1.20000E-01
#           0.00000E+00  1.20000E-01  2.40000E-01  3.60000E-01  4.80000E-01
#           6.00000E-01  7.20000E-01  8.40000E-01  9.60000E-01  1.08000E+00
#           1.20000E+00  1.32000E+00  1.44000E+00  1.56000E+00  1.68000E+00
#           1.80000E+00  1.92000E+00  2.04000E+00  2.16000E+00  2.28000E+00
#           2.40000E+00  2.52000E+00  2.64000E+00  2.76000E+00  2.88000E+00
#           3.00000E+00  3.12000E+00  3.24000E+00  3.36000E+00  3.48000E+00
#           3.60000E+00  3.72000E+00  3.84000E+00  3.96000E+00  4.08000E+00
#           4.20000E+00  4.32000E+00  4.44000E+00  4.56000E+00  4.68000E+00
#           4.80000E+00  4.92000E+00  5.04000E+00  5.16000E+00  5.28000E+00
#           5.40000E+00  5.52000E+00  5.64000E+00  5.76000E+00  5.88000E+00
#           6.00000E+00
   y-type =    2            # y-mesh is linear given by ymin, ymax and ny
     ymin =  -6.000000      # minimum value of y-mesh points
     ymax =   6.000000      # maximum value of y-mesh points
#    ydel =  0.1200000      # mesh width of y-mesh points
       ny =    100          # number of y-mesh points
#    data = ( y(i), i = 1, ny + 1 )
#          -6.00000E+00 -5.88000E+00 -5.76000E+00 -5.64000E+00 -5.52000E+00
#          -5.40000E+00 -5.28000E+00 -5.16000E+00 -5.04000E+00 -4.92000E+00
#          -4.80000E+00 -4.68000E+00 -4.56000E+00 -4.44000E+00 -4.32000E+00
#          -4.20000E+00 -4.08000E+00 -3.96000E+00 -3.84000E+00 -3.72000E+00
#          -3.60000E+00 -3.48000E+00 -3.36000E+00 -3.24000E+00 -3.12000E+00
#          -3.00000E+00 -2.88000E+00 -2.76000E+00 -2.64000E+00 -2.52000E+00
#          -2.40000E+00 -2.28000E+00 -2.16000E+00 -2.04000E+00 -1.92000E+00
#          -1.80000E+00 -1.68000E+00 -1.56000E+00 -1.44000E+00 -1.32000E+00
#          -1.20000E+00 -1.08000E+00 -9.60000E-01 -8.40000E-01 -7.20000E-01
#          -6.00000E-01 -4.80000E-01 -3.60000E-01 -2.40000E-01 -1.20000E-01
#           0.00000E+00  1.20000E-01  2.40000E-01  3.60000E-01  4.80000E-01
#           6.00000E-01  7.20000E-01  8.40000E-01  9.60000E-01  1.08000E+00
#           1.20000E+00  1.32000E+00  1.44000E+00  1.56000E+00  1.68000E+00
#           1.80000E+00  1.92000E+00  2.04000E+00  2.16000E+00  2.28000E+00
#           2.40000E+00  2.52000E+00  2.64000E+00  2.76000E+00  2.88000E+00
#           3.00000E+00  3.12000E+00  3.24000E+00  3.36000E+00  3.48000E+00
#           3.60000E+00  3.72000E+00  3.84000E+00  3.96000E+00  4.08000E+00
#           4.20000E+00  4.32000E+00  4.44000E+00  4.56000E+00  4.68000E+00
#           4.80000E+00  4.92000E+00  5.04000E+00  5.16000E+00  5.28000E+00
#           5.40000E+00  5.52000E+00  5.64000E+00  5.76000E+00  5.88000E+00
#           6.00000E+00
   z-type =    1            # z-mesh is given by the below data
       nz =      1          # number of z-mesh points
#    data = ( z(i), i = 1, nz + 1 )
            6.05800E+01  6.06300E+01
   e-type =    1            # e-mesh is given by the below data
       ne =      1          # number of e-mesh points
#    data = ( e(i), i = 1, ne + 1 )
            0.00000E+00  2.00000E+01
     unit =    1            # unit is [1/cm^2/source]
 material =  all            # (D=all) number of specific material
  2D-type =    3            # 1:Cont, 2:Clust, 3:Color, 4:xyz, 5:mat, 6:Clust+Cont, 7:Col+Cont
     axis =      xy            # axis of output
     file = track_xy_energy_pouch.out  # file name of output for the above axis
     part =  proton   
# kf/name :  2212     
    gshow =    1            # 0: no 1:bnd, 2:bnd+mat, 3:bnd+reg 4:bnd+lat 5:bmp style
    resol =    1            # (D=1) resolution of gshow or rshow
    width = 0.5000000       # (D=0.5) width of lines for gshow or rshow
   epsout =    1            # (D=0) generate eps file by ANGEL
#    used :        main (  %)        temp (  %)       total (  %)
#  memory :         210 (  0)           0 (  0)         210 (  0)

#------------------------------------------------------------------------------
#newpage:
#   no. =  1   ie  =  1   iz  =  1   part. = proton  
#   e = (   0.0000E+00  -   2.0000E+01  )
#   z = (   6.0580E+01  -   6.0630E+01  )

'no. =  1,  ie =  1,  iz =  1'
msuc: {\huge Para ver que energia llega al pouch}
msdr: {\it plotted by \ANGEL \version}
msdl: {\it calculated by \PHITS  3.35}

x: x [cm]
y: y [cm]
set: c1[ 1.000] c2[ 0.900] c5[ 0.800] c6[ 1.000] c7[ 0.000] c8[ 0.000]
p: h2fs form[c1] xfac[c2] afac[c5] scal[c6] xorg[c7] yorg[c8] nosp
set: c3[   6.514267E-01] c4[   3.033503E+06]
p: cmin[c3] cmax[c4]
p: dmin(1e-31)
p: zlog
p: xmin( -6.000000    ) xmax(  6.000000    )
p: ymin( -6.000000    ) ymax(  6.000000    )
#  ny = 100   nx = 100
# ( ( data(x,y), x = 1, nx ), y = ny, 1, -1 )

hc:  y =   5.940000     to  -5.940000     by  0.1200000     ; x =  -5.940000     to   5.940000     by  0.1200000     ;
  3.744E+03  5.529E+03  5.702E+03  5.999E+03  8.758E+03  1.200E+04  7.160E+03  9.391E+03  7.431E+03  1.004E+04
  1.062E+04  1.664E+04  1.235E+04  1.532E+04  1.089E+04  1.475E+04  1.774E+04  2.046E+04  2.746E+04  2.419E+04
  2.675E+04  2.774E+04  3.886E+04  3.063E+04  3.868E+04  3.567E+04  3.708E+04  4.012E+04  5.419E+04  5.071E+04
  5.232E+04  6.491E+04  5.898E+04  6.364E+04  6.335E+04  6.020E+04  7.045E+04  6.260E+04  6.938E+04  6.791E+04
  7.925E+04  7.637E+04  7.341E+04  8.346E+04  7.672E+04  7.469E+04  8.953E+04  8.414E+04  8.060E+04  7.798E+04
  9.014E+04  8.514E+04  8.155E+04  8.514E+04  8.718E+04  7.976E+04  7.780E+04  7.055E+04  7.569E+04  7.346E+04
  7.175E+04  6.305E+04  6.798E+04  7.001E+04  6.455E+04  5.742E+04  5.913E+04  5.732E+04  5.847E+04  4.474E+04
  5.604E+04  4.716E+04  4.877E+04  4.698E+04  3.933E+04  3.456E+04  3.484E+04  2.712E+04  2.564E+04  2.910E+04
  2.343E+04  2.159E+04  2.045E+04  1.766E+04  2.011E+04  1.438E+04  1.477E+04  1.237E+04  9.931E+03  8.197E+03
  9.593E+03  9.002E+03  1.087E+04  6.914E+03  7.257E+03  5.938E+03  9.981E+03  4.648E+03  3.131E+03  6.863E+03
  3.971E+03  6.591E+03  6.534E+03  6.728E+03  8.122E+03  6.845E+03  7.121E+03  1.181E+04  1.253E+04  1.141E+04
  1.554E+04  1.013E+04  1.416E+04  1.906E+04  2.049E+04  2.093E+04  2.334E+04  1.859E+04  2.816E+04  3.333E+04
  2.989E+04  3.905E+04  3.650E+04  3.994E+04  4.281E+04  4.084E+04  4.358E+04  4.901E+04  5.377E+04  5.874E+04
  5.941E+04  6.987E+04  5.476E+04  6.064E+04  7.658E+04  7.612E+04  6.248E+04  7.317E+04  7.792E+04  7.822E+04
  8.728E+04  7.710E+04  8.558E+04  8.431E+04  9.181E+04  9.634E+04  8.833E+04  9.645E+04  9.004E+04  8.252E+04
  8.300E+04  8.400E+04  8.675E+04  8.567E+04  9.182E+04  7.091E+04  9.118E+04  8.637E+04  8.473E+04  8.331E+04
  8.274E+04  7.434E+04  7.760E+04  7.800E+04  5.984E+04  6.008E+04  6.403E+04  7.848E+04  6.713E+04  5.713E+04
  6.234E+04  5.663E+04  5.243E+04  4.369E+04  4.647E+04  4.480E+04  3.995E+04  4.083E+04  3.440E+04  3.532E+04
  3.496E+04  2.537E+04  2.333E+04  2.340E+04  1.842E+04  1.380E+04  2.136E+04  7.945E+03  1.097E+04  1.135E+04
  9.134E+03  1.070E+04  1.247E+04  8.786E+03  6.342E+03  4.782E+03  7.706E+03  8.464E+03  5.141E+03  6.773E+03
  3.587E+03  5.517E+03  7.976E+03  4.825E+03  1.713E+04  8.273E+03  7.633E+03  8.835E+03  1.025E+04  1.181E+04
  1.136E+04  1.542E+04  1.669E+04  1.915E+04  1.896E+04  2.429E+04  2.764E+04  1.968E+04  3.084E+04  3.655E+04
  3.188E+04  3.758E+04  3.433E+04  4.867E+04  5.221E+04  5.805E+04  6.109E+04  5.224E+04  5.438E+04  7.058E+04
  6.863E+04  6.993E+04  6.644E+04  6.120E+04  8.169E+04  7.563E+04  7.595E+04  8.776E+04  8.228E+04  8.201E+04
  8.542E+04  1.012E+05  1.020E+05  9.056E+04  9.565E+04  9.766E+04  9.369E+04  1.054E+05  1.002E+05  9.574E+04
  9.946E+04  9.569E+04  1.065E+05  1.004E+05  9.887E+04  9.187E+04  9.815E+04  9.725E+04  8.158E+04  8.732E+04
  8.689E+04  8.745E+04  8.996E+04  8.058E+04  7.511E+04  8.237E+04  7.058E+04  6.863E+04  6.259E+04  5.503E+04
  6.303E+04  5.700E+04  5.155E+04  5.182E+04  4.942E+04  5.715E+04  4.959E+04  4.482E+04  3.878E+04  3.736E+04
  3.378E+04  2.735E+04  2.394E+04  2.208E+04  2.434E+04  2.126E+04  1.675E+04  1.717E+04  1.416E+04  1.396E+04
  1.106E+04  1.170E+04  1.129E+04  7.543E+03  8.584E+03  1.124E+04  9.081E+03  6.016E+03  6.713E+03  1.003E+04
  8.641E+03  7.654E+03  7.080E+03  5.866E+03  7.428E+03  1.250E+04  8.427E+03  1.287E+04  1.005E+04  1.063E+04
  9.449E+03  1.835E+04  2.131E+04  1.359E+04  1.842E+04  2.422E+04  2.743E+04  3.371E+04  3.240E+04  2.640E+04
  4.040E+04  4.458E+04  4.435E+04  4.196E+04  5.513E+04  5.521E+04  5.082E+04  5.807E+04  6.436E+04  6.594E+04
  7.821E+04  8.013E+04  7.572E+04  8.674E+04  8.628E+04  9.083E+04  8.614E+04  8.702E+04  9.662E+04  9.868E+04
  1.010E+05  9.823E+04  1.183E+05  1.095E+05  1.153E+05  1.143E+05  9.672E+04  1.181E+05  1.053E+05  1.024E+05
  1.160E+05  1.081E+05  1.188E+05  1.165E+05  9.578E+04  1.262E+05  1.040E+05  9.883E+04  1.058E+05  8.924E+04
  1.013E+05  9.242E+04  9.288E+04  7.613E+04  8.625E+04  8.182E+04  8.268E+04  9.168E+04  7.185E+04  6.732E+04
  6.686E+04  6.817E+04  5.735E+04  6.189E+04  6.336E+04  6.002E+04  5.347E+04  5.081E+04  4.879E+04  3.906E+04
  3.489E+04  3.754E+04  3.033E+04  2.204E+04  2.804E+04  2.115E+04  2.063E+04  1.779E+04  1.551E+04  1.058E+04
  2.141E+04  9.657E+03  1.042E+04  9.377E+03  1.264E+04  1.138E+04  8.000E+03  5.956E+03  6.813E+03  5.948E+03
  4.933E+03  1.062E+04  1.168E+04  1.015E+04  9.643E+03  1.115E+04  1.263E+04  1.133E+04  1.325E+04  1.582E+04
  1.410E+04  1.702E+04  2.072E+04  2.321E+04  2.455E+04  3.427E+04  2.571E+04  5.402E+04  3.997E+04  4.056E+04
  4.446E+04  4.607E+04  5.508E+04  5.138E+04  6.221E+04  6.159E+04  6.037E+04  6.737E+04  7.646E+04  6.640E+04
  7.256E+04  8.826E+04  8.351E+04  1.042E+05  9.361E+04  1.082E+05  1.084E+05  1.015E+05  1.036E+05  9.688E+04
  1.260E+05  1.213E+05  1.286E+05  1.201E+05  1.204E+05  1.332E+05  1.325E+05  1.402E+05  1.250E+05  1.279E+05
  1.158E+05  1.319E+05  1.339E+05  1.301E+05  1.191E+05  1.187E+05  1.158E+05  1.122E+05  1.138E+05  1.190E+05
  1.026E+05  1.014E+05  1.036E+05  1.041E+05  1.021E+05  8.598E+04  9.806E+04  7.810E+04  7.704E+04  7.592E+04
  6.292E+04  8.505E+04  6.588E+04  6.650E+04  5.648E+04  6.200E+04  6.369E+04  5.434E+04  4.822E+04  4.240E+04
  4.627E+04  3.323E+04  2.659E+04  3.090E+04  3.096E+04  2.476E+04  2.136E+04  2.188E+04  2.043E+04  1.624E+04
  2.048E+04  1.761E+04  1.231E+04  1.501E+04  1.004E+04  1.068E+04  1.108E+04  5.259E+03  8.941E+03  6.546E+03
  8.380E+03  8.058E+03  1.051E+04  1.020E+04  1.238E+04  1.195E+04  1.551E+04  1.184E+04  1.348E+04  1.736E+04
  1.714E+04  2.196E+04  2.272E+04  2.886E+04  2.775E+04  3.845E+04  4.129E+04  4.482E+04  4.157E+04  5.459E+04
  4.520E+04  5.648E+04  5.531E+04  6.122E+04  5.796E+04  6.496E+04  7.814E+04  8.536E+04  7.055E+04  7.583E+04
  8.454E+04  9.504E+04  9.700E+04  1.028E+05  1.151E+05  1.182E+05  1.210E+05  1.119E+05  1.199E+05  1.219E+05
  1.386E+05  1.392E+05  1.362E+05  1.343E+05  1.436E+05  1.444E+05  1.468E+05  1.386E+05  1.518E+05  1.362E+05
  1.391E+05  1.382E+05  1.595E+05  1.380E+05  1.394E+05  1.392E+05  1.295E+05  1.325E+05  1.510E+05  1.231E+05
  1.171E+05  1.088E+05  1.143E+05  1.071E+05  1.098E+05  1.033E+05  9.010E+04  1.031E+05  9.136E+04  8.226E+04
  7.878E+04  7.992E+04  7.907E+04  7.672E+04  6.744E+04  7.042E+04  6.831E+04  6.251E+04  4.631E+04  5.669E+04
  3.797E+04  4.700E+04  3.647E+04  2.894E+04  3.790E+04  2.680E+04  3.038E+04  2.786E+04  2.239E+04  1.515E+04
  1.988E+04  1.226E+04  1.457E+04  1.507E+04  1.283E+04  1.337E+04  1.027E+04  8.166E+03  1.057E+04  8.034E+03
  7.361E+03  7.352E+03  8.793E+03  1.063E+04  9.958E+03  1.093E+04  1.622E+04  1.799E+04  1.644E+04  1.763E+04
  2.582E+04  2.347E+04  2.885E+04  2.579E+04  3.051E+04  3.897E+04  3.997E+04  4.658E+04  4.823E+04  5.852E+04
  5.726E+04  5.959E+04  5.947E+04  6.730E+04  7.526E+04  7.566E+04  8.112E+04  8.086E+04  8.345E+04  9.166E+04
  9.570E+04  1.119E+05  1.128E+05  1.096E+05  1.265E+05  1.216E+05  1.157E+05  1.323E+05  1.402E+05  1.268E+05
  1.500E+05  1.524E+05  1.611E+05  1.519E+05  1.552E+05  1.675E+05  1.541E+05  1.596E+05  1.651E+05  1.574E+05
  1.661E+05  1.657E+05  1.654E+05  1.569E+05  1.527E+05  1.563E+05  1.492E+05  1.510E+05  1.471E+05  1.535E+05
  1.505E+05  1.289E+05  1.320E+05  1.360E+05  1.193E+05  1.286E+05  1.128E+05  1.010E+05  1.028E+05  1.037E+05
  8.927E+04  9.498E+04  8.393E+04  8.815E+04  7.800E+04  5.892E+04  7.084E+04  5.756E+04  5.182E+04  5.997E+04
  5.829E+04  4.526E+04  4.502E+04  5.069E+04  4.007E+04  3.411E+04  2.600E+04  3.607E+04  2.403E+04  2.417E+04
  2.046E+04  1.875E+04  1.385E+04  1.599E+04  1.611E+04  1.369E+04  1.341E+04  1.155E+04  1.387E+04  6.429E+03
  9.398E+03  7.775E+03  1.406E+04  1.202E+04  1.176E+04  9.251E+03  1.677E+04  1.951E+04  1.777E+04  1.877E+04
  2.720E+04  2.686E+04  2.918E+04  3.800E+04  4.211E+04  4.175E+04  4.938E+04  4.415E+04  4.633E+04  5.777E+04
  7.073E+04  5.768E+04  7.655E+04  6.793E+04  7.921E+04  8.765E+04  8.280E+04  1.009E+05  9.330E+04  1.031E+05
  1.123E+05  1.185E+05  1.099E+05  1.372E+05  1.425E+05  1.530E+05  1.504E+05  1.619E+05  1.638E+05  1.591E+05
  1.589E+05  1.780E+05  1.739E+05  1.832E+05  1.815E+05  1.766E+05  1.896E+05  1.670E+05  1.909E+05  1.902E+05
  2.040E+05  2.099E+05  1.765E+05  1.710E+05  2.027E+05  1.805E+05  1.927E+05  1.615E+05  1.796E+05  1.834E+05
  1.544E+05  1.661E+05  1.484E+05  1.463E+05  1.404E+05  1.264E+05  1.216E+05  1.180E+05  1.117E+05  1.089E+05
  1.055E+05  9.503E+04  9.673E+04  9.239E+04  7.693E+04  6.957E+04  6.487E+04  6.934E+04  5.830E+04  7.061E+04
  6.382E+04  6.186E+04  4.467E+04  4.865E+04  3.916E+04  3.492E+04  3.058E+04  3.103E+04  2.511E+04  2.347E+04
  3.017E+04  2.457E+04  1.359E+04  1.250E+04  1.009E+04  1.573E+04  8.547E+03  1.433E+04  1.001E+04  9.129E+03
  1.372E+04  1.591E+04  1.838E+04  1.134E+04  1.672E+04  1.470E+04  1.356E+04  1.833E+04  1.936E+04  2.302E+04
  2.828E+04  2.825E+04  3.696E+04  4.154E+04  3.452E+04  5.025E+04  5.922E+04  5.556E+04  5.845E+04  7.305E+04
  7.587E+04  7.181E+04  7.634E+04  7.792E+04  7.989E+04  9.270E+04  9.596E+04  1.051E+05  1.110E+05  1.200E+05
  1.296E+05  1.398E+05  1.446E+05  1.408E+05  1.564E+05  1.567E+05  1.750E+05  1.881E+05  1.844E+05  1.891E+05
  1.744E+05  2.068E+05  1.760E+05  1.918E+05  2.090E+05  1.998E+05  2.181E+05  2.184E+05  2.221E+05  2.302E+05
  2.275E+05  2.090E+05  2.208E+05  2.307E+05  2.074E+05  2.237E+05  2.127E+05  2.133E+05  1.712E+05  1.692E+05
  1.870E+05  1.714E+05  1.643E+05  1.593E+05  1.393E+05  1.409E+05  1.435E+05  1.330E+05  1.204E+05  1.294E+05
  1.223E+05  1.075E+05  1.096E+05  9.445E+04  9.957E+04  7.576E+04  8.493E+04  7.760E+04  6.841E+04  7.355E+04
  6.012E+04  5.068E+04  5.932E+04  4.611E+04  4.930E+04  4.046E+04  3.502E+04  4.466E+04  2.873E+04  2.721E+04
  2.458E+04  2.076E+04  1.938E+04  1.550E+04  1.628E+04  1.752E+04  1.317E+04  1.418E+04  7.781E+03  9.926E+03
  1.244E+04  9.053E+03  1.358E+04  1.363E+04  1.668E+04  2.094E+04  1.997E+04  2.482E+04  2.387E+04  3.025E+04
  3.110E+04  4.169E+04  3.807E+04  4.518E+04  4.809E+04  5.772E+04  6.020E+04  5.996E+04  7.318E+04  8.477E+04
  8.357E+04  8.002E+04  9.429E+04  8.498E+04  9.281E+04  9.582E+04  1.051E+05  1.054E+05  1.172E+05  1.299E+05
  1.462E+05  1.427E+05  1.572E+05  1.534E+05  1.699E+05  1.871E+05  1.856E+05  1.879E+05  2.092E+05  2.133E+05
  2.188E+05  2.188E+05  2.367E+05  2.309E+05  2.220E+05  2.362E+05  2.478E+05  2.542E+05  2.400E+05  2.714E+05
  2.515E+05  2.342E+05  2.436E+05  2.426E+05  2.469E+05  2.144E+05  2.432E+05  2.161E+05  2.163E+05  2.196E+05
  2.101E+05  2.071E+05  1.974E+05  1.861E+05  1.862E+05  1.689E+05  1.737E+05  1.606E+05  1.378E+05  1.376E+05
  1.266E+05  1.177E+05  1.111E+05  1.097E+05  8.805E+04  9.478E+04  8.590E+04  1.008E+05  7.175E+04  6.661E+04
  6.778E+04  6.447E+04  6.164E+04  6.159E+04  4.928E+04  4.903E+04  4.529E+04  3.736E+04  3.717E+04  3.746E+04
  3.156E+04  2.444E+04  2.143E+04  1.458E+04  1.692E+04  1.517E+04  1.692E+04  1.168E+04  8.411E+03  9.769E+03
  1.322E+04  1.151E+04  1.513E+04  1.139E+04  1.880E+04  1.782E+04  2.116E+04  2.186E+04  2.305E+04  3.178E+04
  3.968E+04  4.374E+04  4.903E+04  5.477E+04  5.782E+04  5.738E+04  5.569E+04  6.222E+04  6.410E+04  8.400E+04
  8.118E+04  9.438E+04  9.167E+04  1.040E+05  1.134E+05  1.267E+05  1.325E+05  1.297E+05  1.300E+05  1.503E+05
  1.647E+05  1.517E+05  1.731E+05  1.870E+05  1.935E+05  1.936E+05  2.060E+05  2.123E+05  2.338E+05  2.469E+05
  2.429E+05  2.635E+05  2.588E+05  2.822E+05  2.735E+05  2.839E+05  2.738E+05  2.730E+05  2.782E+05  2.834E+05
  2.858E+05  2.889E+05  2.772E+05  2.821E+05  2.744E+05  2.523E+05  2.676E+05  2.531E+05  2.631E+05  2.427E+05
  2.244E+05  2.390E+05  2.126E+05  2.123E+05  2.083E+05  1.935E+05  1.645E+05  1.742E+05  1.585E+05  1.546E+05
  1.450E+05  1.332E+05  1.224E+05  1.185E+05  1.149E+05  1.122E+05  9.218E+04  9.632E+04  8.289E+04  7.902E+04
  7.461E+04  7.059E+04  6.076E+04  6.348E+04  5.283E+04  5.179E+04  4.332E+04  4.665E+04  3.216E+04  3.507E+04
  3.024E+04  2.797E+04  2.727E+04  2.332E+04  2.092E+04  1.589E+04  1.120E+04  1.845E+04  1.182E+04  1.218E+04
  1.671E+04  1.343E+04  1.491E+04  1.763E+04  2.094E+04  1.868E+04  1.679E+04  2.222E+04  2.570E+04  3.337E+04
  4.288E+04  4.913E+04  4.522E+04  5.398E+04  6.296E+04  5.040E+04  6.570E+04  7.722E+04  7.843E+04  8.701E+04
  9.071E+04  9.141E+04  1.075E+05  1.055E+05  1.235E+05  1.383E+05  1.413E+05  1.501E+05  1.543E+05  1.620E+05
  1.918E+05  1.948E+05  1.955E+05  1.959E+05  2.271E+05  2.350E+05  2.305E+05  2.416E+05  2.701E+05  2.616E+05
  2.880E+05  2.851E+05  2.971E+05  2.859E+05  2.869E+05  2.996E+05  3.137E+05  3.187E+05  3.386E+05  3.334E+05
  3.441E+05  3.206E+05  3.314E+05  3.374E+05  3.127E+05  2.997E+05  3.050E+05  2.990E+05  3.003E+05  2.792E+05
  2.679E+05  2.684E+05  2.572E+05  2.437E+05  2.337E+05  2.142E+05  2.080E+05  1.837E+05  1.866E+05  1.669E+05
  1.688E+05  1.479E+05  1.325E+05  1.379E+05  1.293E+05  1.227E+05  1.084E+05  1.021E+05  9.331E+04  9.155E+04
  8.029E+04  8.166E+04  8.741E+04  7.167E+04  6.393E+04  5.352E+04  5.838E+04  4.935E+04  4.283E+04  3.985E+04
  3.291E+04  3.142E+04  3.406E+04  2.564E+04  2.594E+04  1.715E+04  1.594E+04  1.791E+04  1.163E+04  1.389E+04
  1.412E+04  1.279E+04  1.340E+04  1.916E+04  2.503E+04  2.090E+04  2.479E+04  3.085E+04  3.474E+04  3.976E+04
  4.807E+04  5.321E+04  4.921E+04  6.081E+04  5.509E+04  7.082E+04  7.939E+04  8.663E+04  9.171E+04  7.936E+04
  9.085E+04  1.113E+05  1.161E+05  1.248E+05  1.321E+05  1.338E+05  1.492E+05  1.655E+05  1.725E+05  1.797E+05
  2.024E+05  2.018E+05  2.219E+05  2.347E+05  2.520E+05  2.431E+05  2.788E+05  2.771E+05  2.749E+05  2.845E+05
  3.284E+05  3.383E+05  3.375E+05  3.483E+05  3.661E+05  3.711E+05  3.731E+05  3.979E+05  3.719E+05  3.700E+05
  3.840E+05  3.731E+05  3.730E+05  3.698E+05  3.750E+05  3.560E+05  3.486E+05  3.350E+05  3.162E+05  3.115E+05
  3.346E+05  2.888E+05  2.892E+05  2.616E+05  2.627E+05  2.365E+05  2.439E+05  2.071E+05  2.094E+05  1.908E+05
  1.788E+05  1.556E+05  1.404E+05  1.425E+05  1.442E+05  1.336E+05  1.225E+05  1.165E+05  1.070E+05  8.224E+04
  7.987E+04  9.077E+04  8.303E+04  7.298E+04  6.786E+04  6.617E+04  6.101E+04  4.984E+04  4.385E+04  4.524E+04
  3.501E+04  3.250E+04  2.500E+04  2.748E+04  2.431E+04  2.021E+04  1.626E+04  1.480E+04  1.269E+04  2.004E+04
  1.698E+04  1.510E+04  2.012E+04  2.105E+04  2.548E+04  2.584E+04  3.481E+04  3.220E+04  3.777E+04  5.304E+04
  4.899E+04  5.831E+04  5.075E+04  5.430E+04  7.023E+04  7.841E+04  8.102E+04  9.855E+04  9.456E+04  1.041E+05
  1.150E+05  1.216E+05  1.223E+05  1.340E+05  1.544E+05  1.620E+05  1.605E+05  1.721E+05  2.048E+05  2.137E+05
  2.187E+05  2.380E+05  2.600E+05  2.449E+05  2.907E+05  3.064E+05  3.171E+05  3.357E+05  3.256E+05  3.511E+05
  3.803E+05  3.609E+05  3.894E+05  3.875E+05  4.030E+05  4.174E+05  4.193E+05  4.090E+05  4.430E+05  4.151E+05
  4.173E+05  4.295E+05  4.170E+05  4.241E+05  3.982E+05  3.665E+05  3.946E+05  3.901E+05  3.773E+05  3.527E+05
  3.541E+05  3.297E+05  3.171E+05  3.023E+05  2.913E+05  2.824E+05  2.749E+05  2.569E+05  2.228E+05  2.250E+05
  2.032E+05  1.818E+05  1.814E+05  1.572E+05  1.477E+05  1.415E+05  1.372E+05  1.254E+05  1.148E+05  1.002E+05
  9.148E+04  8.524E+04  7.673E+04  8.211E+04  7.787E+04  7.374E+04  5.914E+04  4.867E+04  4.963E+04  4.282E+04
  4.658E+04  3.716E+04  3.260E+04  3.313E+04  2.968E+04  2.249E+04  1.480E+04  1.808E+04  1.238E+04  1.448E+04
  1.129E+04  1.839E+04  1.884E+04  2.021E+04  2.709E+04  2.666E+04  2.889E+04  4.125E+04  3.851E+04  5.305E+04
  4.210E+04  5.791E+04  6.126E+04  7.193E+04  7.380E+04  7.607E+04  7.978E+04  8.913E+04  1.018E+05  1.116E+05
  1.169E+05  1.353E+05  1.485E+05  1.596E+05  1.669E+05  1.585E+05  1.922E+05  1.978E+05  2.199E+05  2.440E+05
  2.506E+05  2.626E+05  2.816E+05  2.954E+05  3.255E+05  3.321E+05  3.348E+05  3.776E+05  3.966E+05  4.091E+05
  4.122E+05  4.179E+05  4.468E+05  4.727E+05  4.547E+05  4.616E+05  4.624E+05  4.672E+05  4.906E+05  4.843E+05
  4.670E+05  4.687E+05  4.809E+05  4.714E+05  4.499E+05  4.419E+05  4.570E+05  4.330E+05  4.096E+05  4.195E+05
  3.960E+05  3.804E+05  3.602E+05  3.743E+05  3.420E+05  3.280E+05  2.975E+05  2.798E+05  2.642E+05  2.610E+05
  2.423E+05  2.217E+05  1.973E+05  1.857E+05  1.651E+05  1.503E+05  1.636E+05  1.474E+05  1.238E+05  1.221E+05
  1.027E+05  1.061E+05  7.689E+04  9.023E+04  6.962E+04  6.899E+04  7.590E+04  5.668E+04  6.374E+04  5.123E+04
  4.418E+04  3.961E+04  4.174E+04  3.012E+04  2.802E+04  2.358E+04  2.280E+04  2.281E+04  1.725E+04  1.350E+04
  1.581E+04  1.708E+04  2.004E+04  3.020E+04  3.079E+04  3.182E+04  3.673E+04  5.042E+04  5.260E+04  5.520E+04
  4.781E+04  6.334E+04  5.425E+04  7.736E+04  7.944E+04  9.929E+04  9.779E+04  9.490E+04  1.065E+05  1.301E+05
  1.327E+05  1.388E+05  1.657E+05  1.633E+05  1.727E+05  1.862E+05  1.893E+05  2.358E+05  2.498E+05  2.624E+05
  2.704E+05  2.913E+05  3.219E+05  3.520E+05  3.566E+05  3.567E+05  4.023E+05  4.147E+05  4.182E+05  4.408E+05
  4.603E+05  5.048E+05  4.958E+05  4.750E+05  5.244E+05  5.162E+05  5.273E+05  5.458E+05  5.306E+05  5.443E+05
  5.502E+05  5.725E+05  5.468E+05  5.352E+05  5.403E+05  5.353E+05  5.018E+05  5.044E+05  4.971E+05  4.519E+05
  4.541E+05  4.428E+05  4.170E+05  4.098E+05  3.812E+05  3.660E+05  3.647E+05  3.212E+05  2.775E+05  2.705E+05
  2.616E+05  2.390E+05  2.344E+05  1.994E+05  1.890E+05  1.772E+05  1.648E+05  1.623E+05  1.542E+05  1.259E+05
  1.159E+05  1.127E+05  9.596E+04  1.011E+05  8.723E+04  8.599E+04  6.099E+04  6.701E+04  6.480E+04  6.634E+04
  5.198E+04  4.471E+04  4.592E+04  4.124E+04  2.970E+04  2.942E+04  2.135E+04  1.944E+04  1.824E+04  1.730E+04
  2.064E+04  2.228E+04  2.389E+04  2.793E+04  3.087E+04  4.016E+04  3.933E+04  4.433E+04  5.649E+04  4.635E+04
  5.907E+04  6.621E+04  7.380E+04  8.232E+04  8.379E+04  8.605E+04  9.449E+04  1.095E+05  1.314E+05  1.311E+05
  1.447E+05  1.717E+05  1.639E+05  1.787E+05  1.944E+05  2.125E+05  2.417E+05  2.579E+05  2.663E+05  2.986E+05
  3.439E+05  3.375E+05  3.499E+05  3.911E+05  4.294E+05  4.341E+05  4.608E+05  4.873E+05  5.034E+05  5.103E+05
  5.384E+05  5.750E+05  5.533E+05  6.099E+05  6.200E+05  5.729E+05  6.033E+05  6.232E+05  5.943E+05  6.158E+05
  6.220E+05  5.926E+05  6.203E+05  6.045E+05  5.698E+05  5.619E+05  5.806E+05  5.470E+05  5.557E+05  5.254E+05
  5.295E+05  5.013E+05  4.683E+05  4.419E+05  4.165E+05  3.828E+05  3.808E+05  3.553E+05  3.335E+05  3.149E+05
  2.946E+05  2.615E+05  2.561E+05  2.494E+05  2.185E+05  2.081E+05  1.877E+05  1.621E+05  1.547E+05  1.457E+05
  1.200E+05  1.286E+05  1.150E+05  1.062E+05  9.576E+04  8.594E+04  7.025E+04  7.220E+04  7.041E+04  6.465E+04
  5.939E+04  5.783E+04  4.600E+04  4.810E+04  2.960E+04  3.105E+04  2.901E+04  2.005E+04  2.311E+04  1.818E+04
  1.880E+04  2.064E+04  2.064E+04  3.083E+04  3.415E+04  3.799E+04  5.614E+04  4.710E+04  5.645E+04  6.687E+04
  6.383E+04  7.208E+04  7.903E+04  8.418E+04  9.359E+04  8.663E+04  1.062E+05  1.169E+05  1.374E+05  1.566E+05
  1.747E+05  1.660E+05  1.929E+05  1.933E+05  2.219E+05  2.478E+05  2.639E+05  2.923E+05  3.001E+05  3.301E+05
  3.655E+05  3.862E+05  3.894E+05  4.348E+05  4.384E+05  4.764E+05  5.122E+05  5.779E+05  5.537E+05  5.658E+05
  6.020E+05  5.862E+05  6.554E+05  6.264E+05  6.482E+05  6.777E+05  6.845E+05  7.224E+05  7.124E+05  7.067E+05
  6.511E+05  6.906E+05  6.836E+05  7.034E+05  6.483E+05  6.435E+05  6.282E+05  6.181E+05  6.002E+05  6.130E+05
  5.591E+05  5.550E+05  5.063E+05  4.885E+05  4.477E+05  4.347E+05  4.367E+05  4.155E+05  3.804E+05  3.472E+05
  3.396E+05  3.283E+05  2.777E+05  2.662E+05  2.645E+05  2.161E+05  2.041E+05  1.887E+05  1.696E+05  1.543E+05
  1.467E+05  1.384E+05  1.273E+05  1.324E+05  8.942E+04  8.383E+04  8.414E+04  7.768E+04  7.665E+04  6.331E+04
  5.734E+04  5.058E+04  5.264E+04  4.344E+04  3.277E+04  3.560E+04  2.920E+04  2.440E+04  1.762E+04  2.285E+04
  2.227E+04  2.550E+04  2.571E+04  2.975E+04  3.993E+04  4.109E+04  5.547E+04  5.432E+04  5.815E+04  6.594E+04
  7.232E+04  7.991E+04  7.649E+04  9.266E+04  9.771E+04  1.141E+05  1.284E+05  1.498E+05  1.393E+05  1.663E+05
  1.799E+05  1.891E+05  2.096E+05  2.308E+05  2.679E+05  2.666E+05  2.815E+05  3.237E+05  3.591E+05  3.687E+05
  3.972E+05  4.259E+05  4.533E+05  4.717E+05  5.120E+05  5.628E+05  5.636E+05  5.823E+05  6.151E+05  6.726E+05
  6.899E+05  7.164E+05  7.262E+05  7.063E+05  7.308E+05  7.918E+05  7.458E+05  7.600E+05  7.974E+05  8.095E+05
  7.764E+05  7.820E+05  7.725E+05  7.876E+05  7.338E+05  7.639E+05  7.188E+05  7.328E+05  7.282E+05  6.666E+05
  6.379E+05  5.786E+05  6.308E+05  5.674E+05  5.463E+05  5.093E+05  4.645E+05  4.473E+05  4.250E+05  3.918E+05
  3.649E+05  3.360E+05  3.287E+05  2.876E+05  2.425E+05  2.387E+05  2.340E+05  1.861E+05  1.708E+05  1.695E+05
  1.630E+05  1.580E+05  1.280E+05  1.142E+05  1.051E+05  9.839E+04  8.803E+04  7.964E+04  8.368E+04  7.610E+04
  6.632E+04  5.668E+04  5.177E+04  4.545E+04  4.067E+04  4.362E+04  2.930E+04  2.877E+04  2.647E+04  1.854E+04
  2.532E+04  2.566E+04  2.803E+04  3.718E+04  4.575E+04  5.523E+04  5.123E+04  5.948E+04  5.372E+04  6.468E+04
  6.569E+04  8.836E+04  9.561E+04  9.704E+04  1.124E+05  1.276E+05  1.313E+05  1.549E+05  1.613E+05  1.844E+05
  1.990E+05  2.208E+05  2.438E+05  2.553E+05  2.865E+05  3.047E+05  3.088E+05  3.491E+05  3.745E+05  3.931E+05
  4.509E+05  4.751E+05  4.983E+05  5.490E+05  5.891E+05  6.036E+05  6.072E+05  7.062E+05  6.907E+05  7.137E+05
  7.810E+05  7.693E+05  7.730E+05  8.146E+05  8.587E+05  8.514E+05  9.148E+05  8.757E+05  8.593E+05  9.005E+05
  8.739E+05  8.440E+05  8.757E+05  8.848E+05  8.603E+05  7.916E+05  8.127E+05  7.999E+05  7.771E+05  7.605E+05
  7.089E+05  7.165E+05  6.707E+05  6.239E+05  6.325E+05  5.719E+05  5.406E+05  5.068E+05  4.664E+05  4.333E+05
  3.834E+05  3.887E+05  3.410E+05  3.285E+05  2.917E+05  2.859E+05  2.705E+05  2.409E+05  2.265E+05  1.873E+05
  1.808E+05  1.583E+05  1.389E+05  1.372E+05  1.051E+05  1.043E+05  9.759E+04  9.163E+04  8.044E+04  8.829E+04
  6.878E+04  5.700E+04  5.231E+04  4.641E+04  4.683E+04  4.367E+04  4.743E+04  3.234E+04  3.062E+04  2.063E+04
  2.270E+04  3.350E+04  3.294E+04  3.574E+04  4.020E+04  5.061E+04  5.576E+04  5.538E+04  7.299E+04  6.252E+04
  8.404E+04  8.440E+04  9.449E+04  1.049E+05  1.139E+05  1.359E+05  1.331E+05  1.623E+05  1.679E+05  2.026E+05
  2.143E+05  2.339E+05  2.598E+05  2.875E+05  3.099E+05  3.172E+05  3.611E+05  3.882E+05  4.072E+05  4.626E+05
  4.995E+05  5.290E+05  5.616E+05  5.922E+05  6.285E+05  6.724E+05  6.957E+05  7.735E+05  7.842E+05  7.851E+05
  8.318E+05  8.494E+05  8.627E+05  9.229E+05  9.387E+05  9.781E+05  9.633E+05  9.744E+05  9.723E+05  9.824E+05
  1.013E+06  9.959E+05  9.502E+05  9.992E+05  9.539E+05  9.053E+05  9.365E+05  8.788E+05  8.686E+05  8.512E+05
  8.158E+05  7.636E+05  7.456E+05  7.114E+05  6.922E+05  6.211E+05  5.960E+05  5.585E+05  5.126E+05  4.747E+05
  4.724E+05  4.372E+05  3.637E+05  3.624E+05  3.259E+05  3.010E+05  2.644E+05  2.488E+05  2.235E+05  2.093E+05
  1.966E+05  1.673E+05  1.496E+05  1.604E+05  1.268E+05  1.203E+05  1.063E+05  9.570E+04  7.741E+04  8.117E+04
  6.682E+04  6.241E+04  6.555E+04  5.520E+04  5.316E+04  4.567E+04  4.131E+04  4.086E+04  3.140E+04  2.843E+04
  2.302E+04  4.029E+04  3.430E+04  4.730E+04  4.190E+04  5.546E+04  6.824E+04  5.200E+04  5.845E+04  8.068E+04
  8.623E+04  9.266E+04  1.180E+05  1.126E+05  1.247E+05  1.442E+05  1.532E+05  1.862E+05  1.969E+05  2.184E+05
  2.401E+05  2.447E+05  2.979E+05  3.291E+05  3.263E+05  3.502E+05  4.047E+05  4.169E+05  4.600E+05  5.338E+05
  5.413E+05  5.939E+05  6.122E+05  6.741E+05  6.872E+05  7.472E+05  7.910E+05  8.545E+05  8.775E+05  8.700E+05
  9.473E+05  1.020E+06  1.022E+06  1.051E+06  1.019E+06  1.050E+06  1.101E+06  1.092E+06  1.076E+06  1.121E+06
  1.150E+06  1.037E+06  1.083E+06  1.097E+06  1.057E+06  1.057E+06  1.066E+06  9.966E+05  9.861E+05  9.473E+05
  9.306E+05  8.900E+05  8.038E+05  8.205E+05  7.391E+05  6.967E+05  6.493E+05  5.978E+05  5.709E+05  5.279E+05
  5.223E+05  4.630E+05  4.182E+05  3.863E+05  3.849E+05  3.288E+05  2.961E+05  2.956E+05  2.497E+05  2.278E+05
  2.186E+05  1.831E+05  1.739E+05  1.576E+05  1.347E+05  1.292E+05  1.197E+05  1.033E+05  9.047E+04  7.871E+04
  7.327E+04  5.840E+04  5.597E+04  4.947E+04  4.654E+04  3.942E+04  4.446E+04  4.253E+04  3.291E+04  1.903E+04
  3.124E+04  3.341E+04  4.613E+04  3.889E+04  5.352E+04  4.774E+04  6.251E+04  7.345E+04  8.069E+04  8.287E+04
  8.958E+04  1.024E+05  1.097E+05  1.264E+05  1.515E+05  1.663E+05  1.837E+05  1.999E+05  2.134E+05  2.137E+05
  2.508E+05  2.813E+05  3.110E+05  3.425E+05  3.772E+05  4.011E+05  4.569E+05  4.830E+05  5.338E+05  5.634E+05
  6.411E+05  6.216E+05  7.124E+05  7.400E+05  7.603E+05  8.379E+05  8.969E+05  8.892E+05  9.771E+05  1.011E+06
  1.020E+06  1.060E+06  1.128E+06  1.143E+06  1.179E+06  1.166E+06  1.245E+06  1.217E+06  1.238E+06  1.228E+06
  1.241E+06  1.221E+06  1.219E+06  1.241E+06  1.201E+06  1.182E+06  1.110E+06  1.121E+06  1.100E+06  1.008E+06
  1.030E+06  9.538E+05  9.242E+05  8.761E+05  7.939E+05  7.968E+05  7.485E+05  7.036E+05  6.148E+05  5.856E+05
  5.559E+05  5.171E+05  4.531E+05  4.629E+05  3.929E+05  3.965E+05  3.268E+05  3.006E+05  2.710E+05  2.552E+05
  2.484E+05  1.995E+05  1.975E+05  1.832E+05  1.595E+05  1.426E+05  1.260E+05  1.132E+05  1.093E+05  9.364E+04
  8.899E+04  7.708E+04  7.192E+04  6.873E+04  5.730E+04  5.705E+04  4.555E+04  5.063E+04  3.329E+04  3.287E+04
  3.552E+04  3.430E+04  4.965E+04  4.877E+04  5.121E+04  6.565E+04  6.862E+04  7.428E+04  9.192E+04  8.283E+04
  9.383E+04  1.159E+05  1.095E+05  1.355E+05  1.513E+05  1.590E+05  1.984E+05  2.088E+05  2.306E+05  2.477E+05
  2.834E+05  3.167E+05  3.383E+05  3.802E+05  4.274E+05  4.542E+05  4.799E+05  5.287E+05  5.943E+05  5.895E+05
  6.596E+05  7.007E+05  7.545E+05  8.030E+05  8.637E+05  8.864E+05  1.017E+06  1.021E+06  1.093E+06  1.081E+06
  1.130E+06  1.182E+06  1.200E+06  1.259E+06  1.309E+06  1.377E+06  1.343E+06  1.345E+06  1.378E+06  1.355E+06
  1.402E+06  1.329E+06  1.337E+06  1.327E+06  1.337E+06  1.339E+06  1.217E+06  1.284E+06  1.211E+06  1.155E+06
  1.092E+06  1.076E+06  1.018E+06  1.010E+06  9.206E+05  8.703E+05  8.543E+05  7.343E+05  6.945E+05  6.494E+05
  6.130E+05  5.594E+05  5.127E+05  4.814E+05  4.682E+05  3.861E+05  3.728E+05  3.243E+05  3.007E+05  2.869E+05
  2.535E+05  2.312E+05  1.946E+05  1.932E+05  1.718E+05  1.461E+05  1.370E+05  1.332E+05  9.963E+04  1.025E+05
  8.702E+04  8.171E+04  7.242E+04  6.393E+04  6.025E+04  5.292E+04  5.461E+04  5.053E+04  4.284E+04  3.913E+04
  3.337E+04  4.009E+04  5.767E+04  5.417E+04  5.662E+04  6.534E+04  7.401E+04  7.643E+04  8.915E+04  9.034E+04
  1.006E+05  1.372E+05  1.336E+05  1.468E+05  1.847E+05  1.803E+05  2.111E+05  2.170E+05  2.613E+05  2.732E+05
  3.062E+05  3.447E+05  3.606E+05  4.441E+05  4.499E+05  4.848E+05  5.089E+05  5.869E+05  6.156E+05  6.791E+05
  7.351E+05  7.551E+05  8.459E+05  9.054E+05  9.690E+05  1.023E+06  1.056E+06  1.142E+06  1.185E+06  1.249E+06
  1.321E+06  1.330E+06  1.362E+06  1.406E+06  1.393E+06  1.455E+06  1.484E+06  1.495E+06  1.516E+06  1.551E+06
  1.528E+06  1.485E+06  1.510E+06  1.490E+06  1.458E+06  1.411E+06  1.356E+06  1.293E+06  1.303E+06  1.315E+06
  1.217E+06  1.170E+06  1.103E+06  1.086E+06  1.020E+06  9.900E+05  8.880E+05  8.202E+05  7.960E+05  7.279E+05
  6.661E+05  6.272E+05  5.732E+05  5.194E+05  4.814E+05  4.521E+05  3.983E+05  3.576E+05  3.298E+05  3.001E+05
  2.612E+05  2.503E+05  2.160E+05  1.978E+05  1.776E+05  1.725E+05  1.380E+05  1.269E+05  1.116E+05  1.111E+05
  1.018E+05  8.569E+04  8.307E+04  7.817E+04  6.300E+04  5.590E+04  5.601E+04  4.401E+04  4.820E+04  3.205E+04
  3.450E+04  3.840E+04  5.385E+04  5.272E+04  5.816E+04  7.140E+04  6.961E+04  8.366E+04  8.431E+04  1.042E+05
  9.822E+04  1.173E+05  1.360E+05  1.664E+05  1.863E+05  1.959E+05  2.271E+05  2.413E+05  2.707E+05  3.019E+05
  3.333E+05  3.762E+05  4.094E+05  4.439E+05  4.770E+05  5.203E+05  5.797E+05  6.521E+05  7.008E+05  7.280E+05
  8.239E+05  8.674E+05  9.487E+05  9.943E+05  1.062E+06  1.128E+06  1.184E+06  1.280E+06  1.312E+06  1.336E+06
  1.447E+06  1.446E+06  1.533E+06  1.608E+06  1.510E+06  1.540E+06  1.648E+06  1.642E+06  1.675E+06  1.692E+06
  1.639E+06  1.645E+06  1.645E+06  1.629E+06  1.597E+06  1.581E+06  1.555E+06  1.485E+06  1.450E+06  1.448E+06
  1.370E+06  1.337E+06  1.229E+06  1.134E+06  1.126E+06  1.040E+06  9.574E+05  9.109E+05  8.687E+05  8.418E+05
  7.401E+05  6.940E+05  6.512E+05  5.621E+05  5.071E+05  4.696E+05  4.380E+05  4.059E+05  3.498E+05  3.383E+05
  2.881E+05  2.736E+05  2.457E+05  2.154E+05  1.961E+05  1.689E+05  1.504E+05  1.481E+05  1.214E+05  1.100E+05
  1.084E+05  8.858E+04  8.504E+04  7.496E+04  7.268E+04  6.539E+04  5.115E+04  5.157E+04  4.748E+04  3.721E+04
  2.693E+04  3.770E+04  4.055E+04  4.579E+04  4.668E+04  4.839E+04  5.807E+04  6.311E+04  7.927E+04  8.210E+04
  1.101E+05  9.328E+04  1.007E+05  1.318E+05  1.335E+05  1.455E+05  1.653E+05  1.959E+05  2.126E+05  2.390E+05
  2.711E+05  2.979E+05  3.321E+05  3.402E+05  4.218E+05  4.293E+05  4.801E+05  5.278E+05  5.674E+05  6.373E+05
  6.741E+05  7.192E+05  7.763E+05  8.304E+05  8.799E+05  9.782E+05  1.077E+06  1.305E+06  1.472E+06  1.499E+06
  1.551E+06  1.598E+06  1.654E+06  1.673E+06  1.722E+06  1.757E+06  1.769E+06  1.803E+06  1.786E+06  1.781E+06
  1.861E+06  1.826E+06  1.792E+06  1.785E+06  1.788E+06  1.744E+06  1.645E+06  1.692E+06  1.560E+06  1.581E+06
  1.504E+06  1.433E+06  1.356E+06  1.299E+06  1.256E+06  1.162E+06  1.093E+06  1.031E+06  9.377E+05  8.657E+05
  8.337E+05  7.340E+05  6.906E+05  6.571E+05  5.951E+05  5.591E+05  4.765E+05  4.307E+05  3.927E+05  3.341E+05
  3.277E+05  2.867E+05  2.596E+05  2.196E+05  2.077E+05  1.832E+05  1.717E+05  1.399E+05  1.364E+05  1.218E+05
  1.182E+05  8.564E+04  9.087E+04  8.762E+04  7.570E+04  5.677E+04  6.173E+04  5.538E+04  4.571E+04  3.983E+04
  4.989E+03  5.503E+03  5.644E+03  7.455E+03  4.008E+03  6.569E+03  7.299E+03  1.310E+04  1.055E+04  7.284E+03
  1.630E+04  6.878E+03  1.461E+04  2.146E+04  2.499E+04  2.005E+04  2.917E+04  2.465E+04  2.073E+04  2.972E+04
  3.910E+04  3.926E+04  4.240E+04  4.689E+04  4.531E+04  6.202E+04  6.105E+04  7.527E+04  7.753E+04  7.518E+04
  9.335E+04  9.769E+04  1.086E+05  1.100E+05  1.165E+05  1.392E+05  1.412E+05  9.623E+05  1.542E+06  1.616E+06
  1.677E+06  1.724E+06  1.820E+06  1.878E+06  1.826E+06  1.924E+06  1.963E+06  1.929E+06  2.018E+06  1.979E+06
  2.010E+06  1.949E+06  1.971E+06  1.896E+06  1.883E+06  1.893E+06  1.801E+06  1.776E+06  1.723E+06  1.669E+06
  1.596E+06  1.544E+06  1.498E+06  1.387E+06  1.319E+06  1.236E+06  1.169E+06  1.102E+06  1.048E+06  9.664E+05
  8.497E+05  8.534E+05  7.649E+05  6.902E+05  6.336E+05  5.739E+05  5.336E+05  4.858E+05  4.162E+05  3.754E+05
  3.713E+05  2.861E+05  2.922E+05  2.796E+05  2.310E+05  2.038E+05  1.611E+05  1.656E+05  1.344E+05  1.239E+05
  1.117E+05  9.382E+04  9.404E+04  9.449E+04  7.268E+04  7.018E+04  5.272E+04  5.713E+04  4.286E+04  4.094E+04
  0.000E+00  4.370E+02  0.000E+00  0.000E+00  0.000E+00  4.366E+02  0.000E+00  0.000E+00  0.000E+00  0.000E+00
  0.000E+00  0.000E+00  4.389E+02  4.357E+02  4.350E+02  0.000E+00  8.952E+02  0.000E+00  8.703E+02  7.199E+02
  0.000E+00  4.338E+02  0.000E+00  4.343E+02  4.159E+02  0.000E+00  1.303E+03  0.000E+00  0.000E+00  4.351E+02
  9.684E+02  0.000E+00  1.303E+03  8.694E+02  5.772E+02  4.336E+02  1.739E+03  4.705E+05  1.664E+06  1.756E+06
  1.840E+06  1.886E+06  1.969E+06  1.981E+06  2.024E+06  2.072E+06  2.132E+06  2.101E+06  2.071E+06  2.120E+06
  2.125E+06  2.109E+06  2.083E+06  2.089E+06  2.040E+06  2.011E+06  1.995E+06  1.911E+06  1.859E+06  1.837E+06
  1.707E+06  1.595E+06  1.610E+06  1.511E+06  1.433E+06  1.353E+06  1.315E+06  1.148E+06  1.120E+06  1.032E+06
  9.947E+05  8.861E+05  8.064E+05  7.548E+05  6.821E+05  6.255E+05  5.721E+05  5.116E+05  4.874E+05  4.395E+05
  3.741E+05  3.341E+05  3.092E+05  2.737E+05  2.550E+05  2.272E+05  2.032E+05  1.743E+05  1.673E+05  1.396E+05
  1.183E+05  9.726E+04  8.467E+04  8.618E+04  7.275E+04  8.008E+04  5.469E+04  5.711E+04  5.430E+04  4.865E+04
  0.000E+00  0.000E+00  0.000E+00  0.000E+00  0.000E+00  0.000E+00  0.000E+00  0.000E+00  0.000E+00  0.000E+00
  0.000E+00  6.377E+02  0.000E+00  2.090E+02  0.000E+00  5.320E+02  3.409E+02  0.000E+00  0.000E+00  3.499E+00
  1.076E+02  0.000E+00  0.000E+00  0.000E+00  1.384E+02  1.486E+02  4.823E+02  0.000E+00  6.687E+01  8.848E+01
  4.904E+00  4.713E+01  6.514E-01  0.000E+00  0.000E+00  0.000E+00  0.000E+00  5.372E+05  1.850E+06  1.856E+06
  1.943E+06  1.991E+06  2.122E+06  2.107E+06  2.162E+06  2.240E+06  2.207E+06  2.300E+06  2.282E+06  2.296E+06
  2.223E+06  2.291E+06  2.203E+06  2.185E+06  2.181E+06  2.142E+06  2.175E+06  2.030E+06  2.010E+06  1.954E+06
  1.883E+06  1.810E+06  1.750E+06  1.640E+06  1.550E+06  1.473E+06  1.408E+06  1.313E+06  1.223E+06  1.110E+06
  1.075E+06  9.785E+05  8.810E+05  8.237E+05  7.454E+05  6.810E+05  6.182E+05  5.765E+05  4.919E+05  4.401E+05
  3.797E+05  3.626E+05  3.208E+05  2.895E+05  2.501E+05  2.182E+05  1.935E+05  1.994E+05  1.535E+05  1.407E+05
  1.236E+05  1.272E+05  1.015E+05  9.358E+04  7.341E+04  7.591E+04  6.399E+04  6.387E+04  5.423E+04  5.263E+04
  4.639E+04  4.927E+04  4.582E+04  6.398E+04  6.225E+04  7.108E+04  7.870E+04  8.571E+04  1.072E+05  1.094E+05
  1.217E+05  1.502E+05  1.708E+05  1.879E+05  2.068E+05  2.498E+05  2.655E+05  3.059E+05  3.349E+05  3.596E+05
  4.215E+05  4.424E+05  4.940E+05  5.302E+05  5.983E+05  6.645E+05  7.522E+05  7.677E+05  8.745E+05  9.570E+05
  9.771E+05  1.108E+06  1.141E+06  1.276E+06  1.015E+06  1.067E+05  0.000E+00  6.004E+05  1.923E+06  2.049E+06
  2.103E+06  2.224E+06  2.275E+06  2.278E+06  2.309E+06  2.347E+06  2.352E+06  2.417E+06  2.373E+06  2.363E+06
  2.381E+06  2.369E+06  2.396E+06  2.390E+06  2.353E+06  2.363E+06  2.269E+06  2.216E+06  2.097E+06  2.110E+06
  2.001E+06  1.949E+06  1.843E+06  1.758E+06  1.690E+06  1.604E+06  1.504E+06  1.452E+06  1.329E+06  1.236E+06
  1.099E+06  1.028E+06  9.389E+05  8.582E+05  7.706E+05  7.318E+05  6.869E+05  5.789E+05  5.254E+05  4.758E+05
  4.683E+05  3.924E+05  3.418E+05  3.229E+05  2.783E+05  2.371E+05  2.259E+05  2.014E+05  1.832E+05  1.578E+05
  1.414E+05  1.253E+05  1.263E+05  9.187E+04  8.510E+04  8.005E+04  6.658E+04  5.715E+04  5.366E+04  5.243E+04
  5.430E+04  6.445E+04  6.090E+04  7.926E+04  7.338E+04  1.034E+05  1.029E+05  1.068E+05  1.386E+05  1.454E+05
  1.597E+05  1.895E+05  2.247E+05  2.263E+05  2.674E+05  2.980E+05  3.283E+05  3.889E+05  4.350E+05  4.744E+05
  5.372E+05  5.869E+05  6.769E+05  7.470E+05  7.944E+05  8.894E+05  9.689E+05  1.014E+06  1.128E+06  1.237E+06
  1.295E+06  1.478E+06  1.518E+06  1.583E+06  1.264E+06  1.388E+05  0.000E+00  6.351E+05  2.093E+06  2.157E+06
  2.234E+06  2.378E+06  2.403E+06  2.381E+06  2.453E+06  2.473E+06  2.557E+06  2.539E+06  2.572E+06  2.506E+06
  2.498E+06  2.550E+06  2.568E+06  2.501E+06  2.524E+06  2.474E+06  2.392E+06  2.352E+06  2.259E+06  2.268E+06
  2.141E+06  2.131E+06  2.023E+06  1.864E+06  1.795E+06  1.654E+06  1.602E+06  1.508E+06  1.393E+06  1.288E+06
  1.270E+06  1.109E+06  1.025E+06  9.224E+05  8.412E+05  7.571E+05  7.113E+05  6.454E+05  5.698E+05  5.017E+05
  4.683E+05  4.138E+05  3.645E+05  3.469E+05  2.668E+05  2.577E+05  2.218E+05  2.078E+05  1.657E+05  1.606E+05
  1.386E+05  1.423E+05  1.127E+05  1.089E+05  9.010E+04  7.250E+04  7.375E+04  6.896E+04  5.759E+04  4.824E+04
  6.659E+04  5.984E+04  6.624E+04  7.034E+04  7.624E+04  9.240E+04  1.074E+05  1.141E+05  1.503E+05  1.528E+05
  1.746E+05  1.947E+05  2.166E+05  2.498E+05  2.792E+05  3.142E+05  3.651E+05  4.132E+05  4.628E+05  5.349E+05
  5.664E+05  6.160E+05  7.132E+05  7.606E+05  8.297E+05  9.497E+05  1.050E+06  1.106E+06  1.163E+06  1.258E+06
  1.367E+06  1.526E+06  1.621E+06  1.733E+06  1.420E+06  1.413E+05  0.000E+00  6.148E+05  2.215E+06  2.291E+06
  2.364E+06  2.363E+06  2.456E+06  2.548E+06  2.611E+06  2.632E+06  2.702E+06  2.652E+06  2.767E+06  2.629E+06
  2.731E+06  2.657E+06  2.687E+06  2.649E+06  2.600E+06  2.588E+06  2.502E+06  2.470E+06  2.395E+06  2.368E+06
  2.321E+06  2.143E+06  2.131E+06  2.028E+06  1.919E+06  1.803E+06  1.731E+06  1.578E+06  1.504E+06  1.421E+06
  1.286E+06  1.187E+06  1.110E+06  1.004E+06  9.166E+05  8.531E+05  7.509E+05  6.670E+05  6.172E+05  5.625E+05
  4.905E+05  4.540E+05  4.322E+05  3.605E+05  3.266E+05  3.076E+05  2.647E+05  2.158E+05  1.927E+05  1.801E+05
  1.642E+05  1.448E+05  1.256E+05  1.099E+05  8.232E+04  9.202E+04  7.449E+04  6.729E+04  5.717E+04  6.412E+04
  6.721E+04  5.630E+04  7.467E+04  9.098E+04  8.982E+04  1.114E+05  1.175E+05  1.201E+05  1.418E+05  1.619E+05
  1.894E+05  2.027E+05  2.442E+05  2.833E+05  2.926E+05  3.442E+05  3.849E+05  4.506E+05  4.381E+05  5.356E+05
  6.200E+05  6.871E+05  7.707E+05  8.299E+05  9.351E+05  1.002E+06  1.107E+06  1.186E+06  1.260E+06  1.411E+06
  1.483E+06  1.581E+06  1.682E+06  1.869E+06  1.521E+06  1.520E+05  0.000E+00  6.641E+05  2.353E+06  2.469E+06
  2.470E+06  2.519E+06  2.624E+06  2.654E+06  2.740E+06  2.686E+06  2.744E+06  2.756E+06  2.709E+06  2.791E+06
  2.807E+06  2.792E+06  2.731E+06  2.747E+06  2.703E+06  2.696E+06  2.641E+06  2.638E+06  2.527E+06  2.472E+06
  2.440E+06  2.317E+06  2.232E+06  2.145E+06  2.088E+06  1.918E+06  1.829E+06  1.688E+06  1.607E+06  1.514E+06
  1.369E+06  1.276E+06  1.157E+06  1.059E+06  9.837E+05  8.635E+05  8.089E+05  7.848E+05  6.403E+05  5.968E+05
  5.420E+05  4.580E+05  4.293E+05  3.856E+05  3.270E+05  2.738E+05  2.561E+05  2.542E+05  1.914E+05  1.759E+05
  1.540E+05  1.374E+05  1.270E+05  1.143E+05  1.089E+05  7.873E+04  7.815E+04  6.419E+04  6.310E+04  5.233E+04
  5.268E+04  6.776E+04  7.205E+04  7.770E+04  9.442E+04  1.046E+05  1.180E+05  1.294E+05  1.476E+05  1.632E+05
  1.823E+05  2.178E+05  2.659E+05  2.567E+05  3.261E+05  3.692E+05  4.099E+05  4.482E+05  5.276E+05  5.714E+05
  6.397E+05  7.043E+05  8.042E+05  8.708E+05  9.680E+05  1.013E+06  1.161E+06  1.284E+06  1.357E+06  1.456E+06
  1.583E+06  1.719E+06  1.804E+06  1.909E+06  1.594E+06  1.723E+05  1.183E+02  7.170E+05  2.405E+06  2.566E+06
  2.664E+06  2.723E+06  2.761E+06  2.784E+06  2.781E+06  2.807E+06  2.830E+06  2.882E+06  2.847E+06  2.844E+06
  2.844E+06  2.874E+06  2.824E+06  2.800E+06  2.834E+06  2.740E+06  2.770E+06  2.667E+06  2.664E+06  2.576E+06
  2.500E+06  2.497E+06  2.407E+06  2.289E+06  2.091E+06  2.017E+06  1.929E+06  1.803E+06  1.709E+06  1.593E+06
  1.438E+06  1.333E+06  1.252E+06  1.141E+06  1.022E+06  9.754E+05  8.527E+05  7.594E+05  7.009E+05  6.308E+05
  5.568E+05  5.093E+05  4.677E+05  3.916E+05  3.405E+05  3.115E+05  2.760E+05  2.434E+05  2.194E+05  1.832E+05
  1.568E+05  1.362E+05  1.192E+05  1.142E+05  1.097E+05  8.265E+04  8.128E+04  7.333E+04  6.424E+04  5.829E+04
  6.576E+04  8.005E+04  7.852E+04  7.987E+04  9.028E+04  1.022E+05  1.259E+05  1.385E+05  1.509E+05  1.917E+05
  1.987E+05  2.444E+05  2.716E+05  3.108E+05  3.530E+05  3.695E+05  4.397E+05  4.884E+05  5.266E+05  6.076E+05
  6.807E+05  7.687E+05  8.367E+05  8.986E+05  9.881E+05  1.127E+06  1.188E+06  1.308E+06  1.463E+06  1.514E+06
  1.693E+06  1.784E+06  1.936E+06  2.048E+06  1.736E+06  1.825E+05  0.000E+00  7.573E+05  2.563E+06  2.622E+06
  2.796E+06  2.768E+06  2.827E+06  2.871E+06  2.911E+06  2.927E+06  2.909E+06  2.959E+06  2.909E+06  2.901E+06
  2.871E+06  2.867E+06  2.898E+06  2.860E+06  2.865E+06  2.822E+06  2.832E+06  2.708E+06  2.758E+06  2.692E+06
  2.599E+06  2.570E+06  2.469E+06  2.301E+06  2.281E+06  2.119E+06  2.018E+06  1.948E+06  1.784E+06  1.638E+06
  1.527E+06  1.412E+06  1.333E+06  1.226E+06  1.102E+06  9.841E+05  9.321E+05  8.387E+05  7.208E+05  6.385E+05
  6.059E+05  5.457E+05  4.568E+05  4.317E+05  3.685E+05  3.286E+05  3.033E+05  2.558E+05  2.101E+05  2.026E+05
  1.763E+05  1.524E+05  1.409E+05  1.108E+05  1.093E+05  9.362E+04  9.163E+04  7.913E+04  7.315E+04  5.888E+04
  6.623E+04  6.748E+04  8.731E+04  8.948E+04  9.842E+04  1.193E+05  1.285E+05  1.513E+05  1.678E+05  1.864E+05
  2.117E+05  2.469E+05  2.695E+05  3.191E+05  3.508E+05  4.165E+05  4.550E+05  4.938E+05  5.788E+05  6.191E+05
  6.910E+05  7.674E+05  8.519E+05  9.903E+05  1.059E+06  1.169E+06  1.291E+06  1.386E+06  1.549E+06  1.649E+06
  1.793E+06  1.920E+06  2.034E+06  2.188E+06  1.781E+06  2.246E+05  6.131E+02  7.588E+05  2.698E+06  2.705E+06
  2.840E+06  2.844E+06  2.907E+06  2.885E+06  2.895E+06  2.941E+06  2.925E+06  2.917E+06  2.972E+06  2.874E+06
  2.901E+06  2.892E+06  2.922E+06  2.890E+06  2.903E+06  2.868E+06  2.867E+06  2.829E+06  2.812E+06  2.787E+06
  2.732E+06  2.654E+06  2.540E+06  2.495E+06  2.329E+06  2.248E+06  2.103E+06  2.023E+06  1.836E+06  1.779E+06
  1.615E+06  1.536E+06  1.359E+06  1.221E+06  1.154E+06  1.080E+06  9.428E+05  8.525E+05  7.716E+05  7.128E+05
  6.250E+05  5.284E+05  5.043E+05  4.339E+05  3.827E+05  3.343E+05  3.041E+05  2.576E+05  2.418E+05  2.080E+05
  2.044E+05  1.641E+05  1.385E+05  1.219E+05  1.162E+05  1.079E+05  8.928E+04  7.829E+04  7.471E+04  5.891E+04
  5.578E+04  6.826E+04  7.865E+04  9.743E+04  1.046E+05  1.086E+05  1.345E+05  1.422E+05  1.797E+05  2.156E+05
  2.211E+05  2.464E+05  2.861E+05  3.127E+05  3.727E+05  4.193E+05  4.888E+05  5.323E+05  6.077E+05  6.522E+05
  7.487E+05  8.166E+05  9.240E+05  1.032E+06  1.125E+06  1.236E+06  1.357E+06  1.454E+06  1.598E+06  1.690E+06
  1.840E+06  1.956E+06  2.107E+06  2.233E+06  2.254E+06  1.509E+06  1.105E+06  1.654E+06  2.796E+06  2.829E+06
  2.910E+06  2.916E+06  2.869E+06  2.931E+06  3.034E+06  2.973E+06  2.976E+06  2.935E+06  2.953E+06  2.942E+06
  2.886E+06  2.972E+06  2.866E+06  2.918E+06  2.882E+06  2.843E+06  2.829E+06  2.842E+06  2.803E+06  2.746E+06
  2.752E+06  2.705E+06  2.693E+06  2.531E+06  2.429E+06  2.424E+06  2.199E+06  2.067E+06  1.984E+06  1.859E+06
  1.681E+06  1.549E+06  1.475E+06  1.345E+06  1.181E+06  1.104E+06  1.018E+06  8.714E+05  8.436E+05  7.302E+05
  6.682E+05  5.892E+05  5.128E+05  4.626E+05  4.148E+05  3.448E+05  3.293E+05  2.645E+05  2.335E+05  2.165E+05
  1.911E+05  1.600E+05  1.423E+05  1.195E+05  1.177E+05  1.081E+05  9.225E+04  8.243E+04  7.939E+04  6.724E+04
  6.397E+04  7.832E+04  8.331E+04  9.677E+04  1.073E+05  1.241E+05  1.371E+05  1.498E+05  1.550E+05  2.032E+05
  2.156E+05  2.572E+05  2.982E+05  3.324E+05  3.864E+05  4.264E+05  4.977E+05  5.263E+05  6.470E+05  7.375E+05
  7.922E+05  8.622E+05  9.651E+05  1.072E+06  1.162E+06  1.285E+06  1.419E+06  1.555E+06  1.628E+06  1.845E+06
  1.898E+06  2.005E+06  2.196E+06  2.326E+06  2.457E+06  2.569E+06  2.714E+06  2.749E+06  2.856E+06  2.906E+06
  2.934E+06  2.934E+06  2.940E+06  2.934E+06  2.931E+06  2.900E+06  2.889E+06  2.855E+06  2.857E+06  2.899E+06
  2.834E+06  2.875E+06  2.868E+06  2.853E+06  2.901E+06  2.908E+06  2.916E+06  2.961E+06  2.876E+06  2.886E+06
  2.844E+06  2.786E+06  2.726E+06  2.629E+06  2.547E+06  2.455E+06  2.256E+06  2.131E+06  2.070E+06  1.911E+06
  1.798E+06  1.663E+06  1.550E+06  1.388E+06  1.245E+06  1.177E+06  1.042E+06  9.560E+05  8.447E+05  7.989E+05
  6.643E+05  6.276E+05  5.398E+05  4.677E+05  4.253E+05  3.831E+05  3.122E+05  2.940E+05  2.486E+05  2.185E+05
  2.038E+05  1.818E+05  1.400E+05  1.433E+05  1.131E+05  1.029E+05  8.532E+04  7.917E+04  7.643E+04  6.282E+04
  6.753E+04  7.429E+04  8.201E+04  8.671E+04  1.118E+05  1.271E+05  1.447E+05  1.670E+05  1.819E+05  2.020E+05
  2.357E+05  2.817E+05  2.926E+05  3.498E+05  4.001E+05  4.366E+05  4.967E+05  5.476E+05  6.590E+05  7.316E+05
  8.102E+05  9.273E+05  1.040E+06  1.104E+06  1.240E+06  1.353E+06  1.497E+06  1.627E+06  1.729E+06  1.831E+06
  2.008E+06  2.160E+06  2.242E+06  2.399E+06  2.563E+06  2.588E+06  2.753E+06  2.847E+06  2.837E+06  2.975E+06
  2.953E+06  3.012E+06  2.954E+06  2.975E+06  2.878E+06  2.872E+06  2.900E+06  2.841E+06  2.824E+06  2.842E+06
  2.829E+06  2.821E+06  2.900E+06  2.831E+06  2.883E+06  2.888E+06  2.834E+06  2.919E+06  2.973E+06  2.887E+06
  2.943E+06  2.802E+06  2.747E+06  2.714E+06  2.589E+06  2.492E+06  2.329E+06  2.231E+06  2.117E+06  2.007E+06
  1.846E+06  1.735E+06  1.560E+06  1.452E+06  1.318E+06  1.247E+06  1.070E+06  1.000E+06  9.231E+05  7.859E+05
  6.988E+05  6.504E+05  5.807E+05  4.985E+05  4.242E+05  4.004E+05  3.401E+05  2.979E+05  2.557E+05  2.289E+05
  2.354E+05  1.806E+05  1.712E+05  1.331E+05  1.189E+05  1.088E+05  9.119E+04  9.121E+04  7.678E+04  6.782E+04
  7.482E+04  7.864E+04  9.970E+04  1.018E+05  1.010E+05  1.271E+05  1.525E+05  1.715E+05  1.818E+05  2.020E+05
  2.437E+05  2.602E+05  3.178E+05  3.695E+05  4.325E+05  4.463E+05  5.279E+05  6.114E+05  6.818E+05  7.297E+05
  8.551E+05  9.972E+05  1.036E+06  1.176E+06  1.275E+06  1.409E+06  1.542E+06  1.617E+06  1.761E+06  2.000E+06
  2.062E+06  2.265E+06  2.351E+06  2.470E+06  2.525E+06  2.750E+06  2.797E+06  2.944E+06  2.811E+06  2.958E+06
  3.009E+06  2.920E+06  2.956E+06  2.924E+06  2.841E+06  2.869E+06  2.794E+06  2.821E+06  2.750E+06  2.739E+06
  2.721E+06  2.760E+06  2.690E+06  2.784E+06  2.817E+06  2.822E+06  2.827E+06  2.854E+06  2.905E+06  2.892E+06
  2.870E+06  2.885E+06  2.838E+06  2.823E+06  2.644E+06  2.580E+06  2.487E+06  2.348E+06  2.172E+06  2.083E+06
  1.896E+06  1.784E+06  1.643E+06  1.506E+06  1.385E+06  1.265E+06  1.126E+06  9.746E+05  9.588E+05  8.441E+05
  7.398E+05  6.954E+05  6.201E+05  5.131E+05  4.581E+05  4.215E+05  3.760E+05  3.343E+05  2.863E+05  2.442E+05
  2.117E+05  1.887E+05  1.584E+05  1.393E+05  1.227E+05  9.740E+04  1.002E+05  8.845E+04  8.959E+04  6.291E+04
  6.554E+04  7.194E+04  8.700E+04  9.851E+04  1.188E+05  1.280E+05  1.653E+05  1.702E+05  2.030E+05  2.160E+05
  2.684E+05  3.000E+05  3.351E+05  3.613E+05  4.249E+05  4.974E+05  5.575E+05  6.405E+05  7.163E+05  7.707E+05
  8.755E+05  9.601E+05  1.049E+06  1.199E+06  1.289E+06  1.485E+06  1.583E+06  1.691E+06  1.864E+06  1.988E+06
  2.120E+06  2.332E+06  2.421E+06  2.525E+06  2.615E+06  2.760E+06  2.873E+06  2.931E+06  2.913E+06  2.916E+06
  3.010E+06  2.899E+06  2.907E+06  2.860E+06  2.769E+06  2.748E+06  2.696E+06  2.646E+06  2.633E+06  2.538E+06
  2.600E+06  2.640E+06  2.616E+06  2.725E+06  2.739E+06  2.811E+06  2.830E+06  2.825E+06  2.901E+06  2.991E+06
  2.934E+06  2.935E+06  2.912E+06  2.802E+06  2.675E+06  2.570E+06  2.515E+06  2.418E+06  2.248E+06  2.095E+06
  1.998E+06  1.819E+06  1.763E+06  1.544E+06  1.436E+06  1.275E+06  1.183E+06  1.062E+06  9.507E+05  8.684E+05
  7.367E+05  6.908E+05  5.957E+05  5.137E+05  4.715E+05  4.122E+05  3.966E+05  3.252E+05  2.862E+05  2.580E+05
  2.100E+05  1.963E+05  1.731E+05  1.345E+05  1.307E+05  1.152E+05  1.031E+05  9.874E+04  8.381E+04  7.493E+04
  7.948E+04  8.034E+04  9.701E+04  1.017E+05  1.306E+05  1.471E+05  1.575E+05  1.586E+05  1.941E+05  2.303E+05
  2.637E+05  2.945E+05  3.156E+05  3.728E+05  4.338E+05  5.182E+05  5.608E+05  6.628E+05  7.138E+05  8.109E+05
  9.175E+05  1.046E+06  1.129E+06  1.250E+06  1.379E+06  1.510E+06  1.650E+06  1.753E+06  1.954E+06  2.014E+06
  2.166E+06  2.331E+06  2.470E+06  2.614E+06  2.655E+06  2.755E+06  2.910E+06  2.911E+06  2.859E+06  2.941E+06
  2.931E+06  2.865E+06  2.846E+06  2.850E+06  2.743E+06  2.721E+06  2.579E+06  2.557E+06  2.450E+06  2.487E+06
  2.446E+06  2.487E+06  2.535E+06  2.601E+06  2.564E+06  2.672E+06  2.743E+06  2.762E+06  2.837E+06  2.875E+06
  2.872E+06  2.953E+06  2.875E+06  2.879E+06  2.761E+06  2.740E+06  2.553E+06  2.424E+06  2.324E+06  2.175E+06
  2.001E+06  1.878E+06  1.791E+06  1.616E+06  1.508E+06  1.295E+06  1.202E+06  1.092E+06  1.034E+06  8.665E+05
  8.084E+05  7.191E+05  6.190E+05  5.470E+05  5.039E+05  4.622E+05  3.842E+05  3.532E+05  2.864E+05  2.413E+05
  2.125E+05  2.112E+05  1.845E+05  1.499E+05  1.333E+05  1.257E+05  9.600E+04  8.936E+04  8.840E+04  6.725E+04
  7.314E+04  9.373E+04  9.730E+04  1.027E+05  1.284E+05  1.284E+05  1.658E+05  1.867E+05  1.948E+05  2.316E+05
  2.618E+05  2.918E+05  3.645E+05  3.945E+05  4.772E+05  5.252E+05  5.679E+05  6.377E+05  7.288E+05  8.222E+05
  9.255E+05  1.059E+06  1.159E+06  1.278E+06  1.378E+06  1.524E+06  1.637E+06  1.844E+06  1.948E+06  2.103E+06
  2.211E+06  2.404E+06  2.564E+06  2.658E+06  2.754E+06  2.807E+06  2.829E+06  2.962E+06  2.950E+06  2.960E+06
  2.793E+06  2.830E+06  2.768E+06  2.666E+06  2.630E+06  2.587E+06  2.465E+06  2.460E+06  2.391E+06  2.379E+06
  2.380E+06  2.375E+06  2.447E+06  2.481E+06  2.508E+06  2.611E+06  2.632E+06  2.767E+06  2.776E+06  2.847E+06
  2.928E+06  2.935E+06  2.852E+06  2.822E+06  2.738E+06  2.763E+06  2.599E+06  2.436E+06  2.343E+06  2.253E+06
  2.141E+06  1.903E+06  1.769E+06  1.678E+06  1.482E+06  1.380E+06  1.261E+06  1.116E+06  9.661E+05  8.835E+05
  8.144E+05  6.805E+05  6.103E+05  5.562E+05  5.198E+05  4.533E+05  3.990E+05  3.501E+05  2.939E+05  2.606E+05
  2.304E+05  1.894E+05  1.558E+05  1.600E+05  1.340E+05  1.157E+05  1.112E+05  7.461E+04  9.742E+04  8.593E+04
  7.555E+04  8.676E+04  9.889E+04  1.091E+05  1.284E+05  1.318E+05  1.517E+05  1.770E+05  2.276E+05  2.462E+05
  2.580E+05  3.375E+05  3.614E+05  4.134E+05  4.696E+05  5.253E+05  5.836E+05  6.523E+05  7.930E+05  8.563E+05
  9.019E+05  1.062E+06  1.170E+06  1.283E+06  1.426E+06  1.529E+06  1.695E+06  1.839E+06  1.982E+06  2.072E+06
  2.290E+06  2.465E+06  2.532E+06  2.672E+06  2.778E+06  2.904E+06  2.877E+06  2.928E+06  2.989E+06  2.927E+06
  2.858E+06  2.765E+06  2.716E+06  2.629E+06  2.537E+06  2.444E+06  2.393E+06  2.326E+06  2.205E+06  2.240E+06
  2.233E+06  2.217E+06  2.272E+06  2.358E+06  2.384E+06  2.510E+06  2.613E+06  2.701E+06  2.760E+06  2.853E+06
  2.802E+06  2.925E+06  2.885E+06  2.796E+06  2.785E+06  2.817E+06  2.659E+06  2.555E+06  2.400E+06  2.262E+06
  2.102E+06  1.983E+06  1.815E+06  1.693E+06  1.567E+06  1.410E+06  1.291E+06  1.153E+06  1.030E+06  9.265E+05
  8.203E+05  7.008E+05  6.550E+05  5.990E+05  4.965E+05  4.408E+05  4.000E+05  3.471E+05  3.235E+05  2.675E+05
  2.246E+05  2.006E+05  1.818E+05  1.646E+05  1.385E+05  1.233E+05  1.107E+05  9.517E+04  8.936E+04  7.948E+04
  7.511E+04  8.677E+04  1.007E+05  1.119E+05  1.137E+05  1.431E+05  1.559E+05  1.758E+05  2.099E+05  2.518E+05
  2.683E+05  3.052E+05  3.556E+05  4.097E+05  4.913E+05  5.143E+05  6.213E+05  6.787E+05  7.555E+05  8.358E+05
  9.678E+05  1.082E+06  1.178E+06  1.329E+06  1.451E+06  1.582E+06  1.762E+06  1.823E+06  1.998E+06  2.209E+06
  2.306E+06  2.523E+06  2.559E+06  2.716E+06  2.757E+06  2.866E+06  2.959E+06  2.924E+06  2.873E+06  2.881E+06
  2.802E+06  2.769E+06  2.661E+06  2.551E+06  2.474E+06  2.328E+06  2.247E+06  2.247E+06  2.152E+06  2.104E+06
  2.114E+06  2.175E+06  2.179E+06  2.231E+06  2.324E+06  2.456E+06  2.527E+06  2.647E+06  2.713E+06  2.843E+06
  2.839E+06  2.862E+06  2.838E+06  2.908E+06  2.789E+06  2.810E+06  2.722E+06  2.571E+06  2.414E+06  2.263E+06
  2.176E+06  1.998E+06  1.809E+06  1.694E+06  1.575E+06  1.453E+06  1.309E+06  1.204E+06  1.070E+06  9.494E+05
  8.455E+05  7.213E+05  6.444E+05  6.063E+05  5.434E+05  4.589E+05  4.150E+05  3.502E+05  3.069E+05  2.789E+05
  2.328E+05  1.990E+05  1.910E+05  1.512E+05  1.391E+05  1.282E+05  1.206E+05  9.081E+04  7.363E+04  7.035E+04
  7.208E+04  9.155E+04  9.101E+04  1.021E+05  1.299E+05  1.403E+05  1.509E+05  1.843E+05  2.149E+05  2.567E+05
  2.654E+05  3.336E+05  3.752E+05  4.220E+05  4.697E+05  5.262E+05  6.241E+05  6.946E+05  7.946E+05  8.962E+05
  9.589E+05  1.102E+06  1.181E+06  1.320E+06  1.464E+06  1.690E+06  1.721E+06  1.922E+06  2.029E+06  2.196E+06
  2.367E+06  2.503E+06  2.567E+06  2.700E+06  2.790E+06  2.876E+06  2.869E+06  2.914E+06  2.901E+06  2.901E+06
  2.787E+06  2.696E+06  2.652E+06  2.500E+06  2.416E+06  2.267E+06  2.165E+06  2.130E+06  2.057E+06  1.959E+06
  2.010E+06  1.992E+06  2.059E+06  2.141E+06  2.207E+06  2.411E+06  2.430E+06  2.548E+06  2.698E+06  2.734E+06
  2.762E+06  2.818E+06  2.922E+06  2.943E+06  2.867E+06  2.826E+06  2.717E+06  2.589E+06  2.517E+06  2.348E+06
  2.135E+06  2.036E+06  1.860E+06  1.716E+06  1.538E+06  1.455E+06  1.302E+06  1.220E+06  1.052E+06  9.708E+05
  8.383E+05  7.574E+05  7.143E+05  5.970E+05  5.116E+05  4.498E+05  4.019E+05  3.445E+05  3.252E+05  2.731E+05
  2.522E+05  2.185E+05  1.696E+05  1.619E+05  1.407E+05  1.214E+05  1.061E+05  1.035E+05  8.029E+04  7.569E+04
  7.454E+04  8.643E+04  1.073E+05  1.033E+05  1.175E+05  1.411E+05  1.629E+05  1.900E+05  2.231E+05  2.245E+05
  2.767E+05  3.253E+05  3.572E+05  4.272E+05  4.605E+05  5.452E+05  6.388E+05  7.135E+05  8.001E+05  8.903E+05
  9.983E+05  1.146E+06  1.212E+06  1.394E+06  1.484E+06  1.620E+06  1.772E+06  1.942E+06  2.053E+06  2.237E+06
  2.371E+06  2.500E+06  2.661E+06  2.739E+06  2.816E+06  2.848E+06  2.856E+06  2.986E+06  2.903E+06  2.856E+06
  2.814E+06  2.620E+06  2.608E+06  2.493E+06  2.321E+06  2.226E+06  2.087E+06  2.058E+06  1.958E+06  1.959E+06
  1.936E+06  1.983E+06  1.951E+06  2.092E+06  2.205E+06  2.326E+06  2.399E+06  2.562E+06  2.647E+06  2.721E+06
  2.845E+06  2.941E+06  2.887E+06  2.866E+06  2.857E+06  2.843E+06  2.687E+06  2.617E+06  2.473E+06  2.370E+06
  2.185E+06  2.027E+06  1.894E+06  1.734E+06  1.581E+06  1.429E+06  1.315E+06  1.251E+06  1.091E+06  1.009E+06
  8.687E+05  7.821E+05  6.864E+05  6.172E+05  5.269E+05  4.424E+05  4.010E+05  3.515E+05  3.252E+05  2.644E+05
  2.512E+05  2.132E+05  1.718E+05  1.707E+05  1.357E+05  1.134E+05  9.760E+04  9.539E+04  8.205E+04  9.034E+04
  8.113E+04  8.929E+04  9.826E+04  1.117E+05  1.190E+05  1.571E+05  1.617E+05  1.847E+05  2.246E+05  2.316E+05
  2.915E+05  3.162E+05  3.394E+05  4.143E+05  5.138E+05  5.516E+05  6.250E+05  6.912E+05  8.247E+05  8.958E+05
  9.931E+05  1.117E+06  1.262E+06  1.342E+06  1.483E+06  1.670E+06  1.782E+06  1.952E+06  2.045E+06  2.208E+06
  2.369E+06  2.491E+06  2.656E+06  2.744E+06  2.861E+06  2.811E+06  2.914E+06  2.974E+06  2.838E+06  2.859E+06
  2.750E+06  2.713E+06  2.514E+06  2.402E+06  2.209E+06  2.122E+06  2.057E+06  1.972E+06  1.868E+06  1.810E+06
  1.842E+06  1.854E+06  1.927E+06  2.065E+06  2.115E+06  2.209E+06  2.332E+06  2.486E+06  2.573E+06  2.678E+06
  2.784E+06  2.753E+06  2.870E+06  2.806E+06  2.872E+06  2.881E+06  2.709E+06  2.602E+06  2.467E+06  2.360E+06
  2.226E+06  2.076E+06  1.900E+06  1.752E+06  1.675E+06  1.455E+06  1.369E+06  1.213E+06  1.104E+06  9.697E+05
  9.009E+05  8.006E+05  7.064E+05  6.509E+05  5.331E+05  4.751E+05  4.086E+05  3.733E+05  2.996E+05  2.871E+05
  2.392E+05  1.940E+05  1.878E+05  1.711E+05  1.513E+05  1.269E+05  1.041E+05  1.116E+05  8.853E+04  7.441E+04
  8.876E+04  7.326E+04  1.015E+05  1.012E+05  1.392E+05  1.410E+05  1.700E+05  1.955E+05  2.181E+05  2.442E+05
  2.780E+05  3.150E+05  3.710E+05  4.149E+05  4.739E+05  5.308E+05  6.261E+05  7.218E+05  8.158E+05  9.129E+05
  9.653E+05  1.110E+06  1.223E+06  1.391E+06  1.464E+06  1.614E+06  1.762E+06  1.930E+06  2.063E+06  2.238E+06
  2.401E+06  2.520E+06  2.637E+06  2.739E+06  2.851E+06  2.959E+06  2.858E+06  2.977E+06  2.884E+06  2.825E+06
  2.752E+06  2.633E+06  2.519E+06  2.324E+06  2.270E+06  2.141E+06  2.024E+06  1.929E+06  1.822E+06  1.797E+06
  1.799E+06  1.835E+06  1.881E+06  1.970E+06  2.074E+06  2.211E+06  2.346E+06  2.449E+06  2.568E+06  2.646E+06
  2.765E+06  2.766E+06  2.838E+06  2.877E+06  2.840E+06  2.793E+06  2.699E+06  2.614E+06  2.526E+06  2.379E+06
  2.214E+06  2.050E+06  1.876E+06  1.751E+06  1.675E+06  1.472E+06  1.335E+06  1.173E+06  1.082E+06  9.874E+05
  8.528E+05  7.875E+05  7.028E+05  6.026E+05  5.216E+05  4.728E+05  4.123E+05  3.626E+05  3.297E+05  2.831E+05
  2.424E+05  2.097E+05  1.799E+05  1.597E+05  1.459E+05  1.443E+05  1.171E+05  1.110E+05  8.418E+04  7.879E+04
  8.348E+04  8.210E+04  9.696E+04  1.244E+05  1.210E+05  1.471E+05  1.782E+05  1.829E+05  2.356E+05  2.597E+05
  2.725E+05  3.213E+05  3.613E+05  4.238E+05  4.939E+05  5.691E+05  6.103E+05  6.805E+05  7.913E+05  8.734E+05
  9.796E+05  1.130E+06  1.223E+06  1.385E+06  1.527E+06  1.644E+06  1.833E+06  1.985E+06  2.062E+06  2.180E+06
  2.345E+06  2.537E+06  2.654E+06  2.731E+06  2.906E+06  2.962E+06  2.879E+06  2.890E+06  2.867E+06  2.779E+06
  2.720E+06  2.568E+06  2.489E+06  2.331E+06  2.229E+06  2.104E+06  1.976E+06  1.933E+06  1.853E+06  1.748E+06
  1.810E+06  1.798E+06  1.884E+06  1.951E+06  2.030E+06  2.204E+06  2.319E+06  2.419E+06  2.545E+06  2.646E+06
  2.782E+06  2.822E+06  2.847E+06  2.907E+06  2.824E+06  2.769E+06  2.692E+06  2.615E+06  2.490E+06  2.406E+06
  2.178E+06  2.087E+06  1.943E+06  1.733E+06  1.590E+06  1.497E+06  1.307E+06  1.236E+06  1.040E+06  9.707E+05
  8.901E+05  7.799E+05  6.767E+05  6.197E+05  5.467E+05  5.011E+05  4.090E+05  3.758E+05  3.289E+05  2.778E+05
  2.631E+05  2.084E+05  1.896E+05  1.827E+05  1.306E+05  1.334E+05  1.165E+05  1.060E+05  8.318E+04  7.123E+04
  8.001E+04  8.265E+04  1.037E+05  1.141E+05  1.429E+05  1.547E+05  1.658E+05  1.869E+05  1.970E+05  2.622E+05
  2.869E+05  3.269E+05  3.673E+05  4.251E+05  4.853E+05  5.466E+05  6.458E+05  7.092E+05  8.163E+05  8.833E+05
  9.860E+05  1.108E+06  1.207E+06  1.365E+06  1.469E+06  1.655E+06  1.768E+06  1.944E+06  2.095E+06  2.249E+06
  2.305E+06  2.517E+06  2.610E+06  2.685E+06  2.865E+06  2.881E+06  2.948E+06  2.887E+06  2.880E+06  2.827E+06
  2.698E+06  2.617E+06  2.452E+06  2.316E+06  2.260E+06  2.131E+06  2.025E+06  1.921E+06  1.822E+06  1.870E+06
  1.823E+06  1.834E+06  1.864E+06  2.041E+06  2.050E+06  2.214E+06  2.335E+06  2.474E+06  2.596E+06  2.670E+06
  2.775E+06  2.831E+06  2.821E+06  2.918E+06  2.790E+06  2.754E+06  2.739E+06  2.585E+06  2.529E+06  2.399E+06
  2.189E+06  2.086E+06  1.883E+06  1.792E+06  1.557E+06  1.463E+06  1.349E+06  1.176E+06  1.072E+06  9.918E+05
  8.897E+05  7.695E+05  6.883E+05  6.010E+05  5.251E+05  4.677E+05  4.117E+05  3.549E+05  3.151E+05  2.749E+05
  2.453E+05  2.143E+05  1.838E+05  1.595E+05  1.364E+05  1.390E+05  1.014E+05  9.720E+04  9.620E+04  8.225E+04
  8.621E+04  9.403E+04  1.058E+05  1.133E+05  1.358E+05  1.489E+05  1.552E+05  1.865E+05  2.165E+05  2.413E+05
  2.793E+05  3.175E+05  3.801E+05  4.319E+05  4.959E+05  5.419E+05  6.257E+05  7.111E+05  8.018E+05  8.698E+05
  9.774E+05  1.115E+06  1.189E+06  1.355E+06  1.503E+06  1.594E+06  1.793E+06  1.875E+06  2.064E+06  2.183E+06
  2.342E+06  2.429E+06  2.663E+06  2.762E+06  2.849E+06  2.951E+06  2.880E+06  2.943E+06  2.873E+06  2.816E+06
  2.771E+06  2.716E+06  2.553E+06  2.422E+06  2.276E+06  2.172E+06  2.104E+06  2.001E+06  1.914E+06  1.862E+06
  1.873E+06  1.876E+06  1.947E+06  2.057E+06  2.116E+06  2.259E+06  2.394E+06  2.474E+06  2.647E+06  2.688E+06
  2.820E+06  2.815E+06  2.897E+06  2.899E+06  2.803E+06  2.778E+06  2.719E+06  2.625E+06  2.502E+06  2.376E+06
  2.158E+06  1.996E+06  1.900E+06  1.683E+06  1.611E+06  1.448E+06  1.311E+06  1.204E+06  1.076E+06  9.627E+05
  8.507E+05  7.747E+05  6.805E+05  5.827E+05  5.470E+05  4.895E+05  3.943E+05  3.658E+05  3.188E+05  2.961E+05
  2.327E+05  1.945E+05  1.847E+05  1.645E+05  1.504E+05  1.233E+05  1.171E+05  8.689E+04  8.347E+04  7.386E+04
  7.833E+04  9.368E+04  1.010E+05  1.041E+05  1.293E+05  1.367E+05  1.790E+05  1.904E+05  2.068E+05  2.430E+05
  2.885E+05  3.180E+05  3.787E+05  4.054E+05  4.479E+05  5.752E+05  5.933E+05  6.924E+05  7.875E+05  8.561E+05
  9.656E+05  1.104E+06  1.175E+06  1.374E+06  1.468E+06  1.602E+06  1.731E+06  1.910E+06  2.097E+06  2.192E+06
  2.375E+06  2.459E+06  2.580E+06  2.689E+06  2.791E+06  2.880E+06  2.941E+06  2.916E+06  2.864E+06  2.811E+06
  2.782E+06  2.633E+06  2.628E+06  2.517E+06  2.387E+06  2.224E+06  2.195E+06  2.071E+06  2.019E+06  1.970E+06
  1.925E+06  1.962E+06  2.057E+06  2.094E+06  2.219E+06  2.337E+06  2.403E+06  2.556E+06  2.607E+06  2.750E+06
  2.824E+06  2.886E+06  2.829E+06  2.935E+06  2.794E+06  2.743E+06  2.751E+06  2.553E+06  2.457E+06  2.284E+06
  2.168E+06  1.958E+06  1.834E+06  1.765E+06  1.567E+06  1.486E+06  1.363E+06  1.221E+06  1.050E+06  9.219E+05
  8.761E+05  7.466E+05  6.622E+05  5.908E+05  4.940E+05  4.749E+05  4.110E+05  3.472E+05  3.235E+05  2.931E+05
  2.306E+05  2.106E+05  2.005E+05  1.592E+05  1.350E+05  1.155E+05  9.966E+04  8.517E+04  8.442E+04  7.581E+04
  7.698E+04  9.179E+04  9.139E+04  1.176E+05  1.292E+05  1.494E+05  1.502E+05  1.726E+05  2.145E+05  2.536E+05
  2.758E+05  3.175E+05  3.581E+05  4.032E+05  4.997E+05  5.387E+05  6.233E+05  6.914E+05  7.595E+05  8.153E+05
  9.626E+05  1.076E+06  1.238E+06  1.287E+06  1.478E+06  1.587E+06  1.688E+06  1.856E+06  1.972E+06  2.175E+06
  2.327E+06  2.407E+06  2.596E+06  2.686E+06  2.755E+06  2.886E+06  2.911E+06  2.925E+06  2.876E+06  2.887E+06
  2.800E+06  2.754E+06  2.638E+06  2.526E+06  2.400E+06  2.325E+06  2.220E+06  2.123E+06  2.065E+06  2.021E+06
  2.088E+06  2.092E+06  2.135E+06  2.231E+06  2.239E+06  2.383E+06  2.422E+06  2.547E+06  2.709E+06  2.702E+06
  2.832E+06  2.896E+06  2.809E+06  2.895E+06  2.872E+06  2.759E+06  2.598E+06  2.619E+06  2.429E+06  2.328E+06
  2.151E+06  1.994E+06  1.841E+06  1.712E+06  1.569E+06  1.363E+06  1.289E+06  1.194E+06  1.034E+06  9.698E+05
  8.704E+05  7.577E+05  6.857E+05  5.948E+05  5.197E+05  4.551E+05  3.779E+05  3.414E+05  3.085E+05  2.812E+05
  2.174E+05  1.996E+05  1.789E+05  1.531E+05  1.370E+05  1.287E+05  1.108E+05  8.633E+04  9.717E+04  8.448E+04
  6.900E+04  9.443E+04  1.002E+05  1.084E+05  1.292E+05  1.351E+05  1.612E+05  1.705E+05  2.163E+05  2.386E+05
  2.790E+05  3.054E+05  3.618E+05  4.115E+05  4.439E+05  5.155E+05  5.983E+05  6.352E+05  7.556E+05  8.724E+05
  9.296E+05  1.044E+06  1.166E+06  1.302E+06  1.395E+06  1.582E+06  1.708E+06  1.843E+06  1.983E+06  2.090E+06
  2.326E+06  2.411E+06  2.518E+06  2.580E+06  2.736E+06  2.832E+06  2.808E+06  2.913E+06  2.889E+06  2.915E+06
  2.835E+06  2.744E+06  2.741E+06  2.577E+06  2.479E+06  2.391E+06  2.325E+06  2.249E+06  2.154E+06  2.145E+06
  2.179E+06  2.150E+06  2.216E+06  2.297E+06  2.410E+06  2.474E+06  2.537E+06  2.634E+06  2.694E+06  2.792E+06
  2.853E+06  2.862E+06  2.943E+06  2.781E+06  2.770E+06  2.766E+06  2.646E+06  2.466E+06  2.387E+06  2.198E+06
  2.129E+06  1.954E+06  1.843E+06  1.662E+06  1.521E+06  1.433E+06  1.231E+06  1.137E+06  1.046E+06  9.278E+05
  8.352E+05  7.612E+05  6.629E+05  5.704E+05  4.894E+05  4.784E+05  3.930E+05  3.582E+05  3.204E+05  2.577E+05
  2.304E+05  2.094E+05  1.671E+05  1.607E+05  1.541E+05  1.116E+05  1.054E+05  1.027E+05  8.286E+04  7.342E+04
  6.479E+04  8.795E+04  9.069E+04  1.045E+05  1.187E+05  1.279E+05  1.556E+05  1.624E+05  2.143E+05  2.297E+05
  2.667E+05  3.059E+05  3.463E+05  4.064E+05  4.712E+05  5.189E+05  5.779E+05  6.627E+05  7.362E+05  8.387E+05
  9.138E+05  9.817E+05  1.143E+06  1.296E+06  1.419E+06  1.528E+06  1.642E+06  1.834E+06  1.924E+06  2.095E+06
  2.244E+06  2.382E+06  2.479E+06  2.630E+06  2.776E+06  2.765E+06  2.871E+06  2.904E+06  2.946E+06  2.917E+06
  2.901E+06  2.812E+06  2.805E+06  2.654E+06  2.641E+06  2.461E+06  2.434E+06  2.356E+06  2.279E+06  2.313E+06
  2.275E+06  2.272E+06  2.308E+06  2.397E+06  2.482E+06  2.568E+06  2.620E+06  2.697E+06  2.729E+06  2.844E+06
  2.910E+06  2.885E+06  2.852E+06  2.797E+06  2.794E+06  2.692E+06  2.592E+06  2.458E+06  2.325E+06  2.175E+06
  2.047E+06  1.948E+06  1.786E+06  1.634E+06  1.513E+06  1.350E+06  1.276E+06  1.106E+06  1.003E+06  9.222E+05
  7.887E+05  7.333E+05  6.285E+05  5.981E+05  4.960E+05  4.517E+05  3.990E+05  3.653E+05  2.950E+05  2.618E+05
  2.253E+05  1.805E+05  1.717E+05  1.480E+05  1.252E+05  1.288E+05  1.058E+05  8.732E+04  8.322E+04  7.921E+04
  7.288E+04  8.589E+04  9.349E+04  9.607E+04  1.251E+05  1.360E+05  1.582E+05  1.771E+05  1.937E+05  2.313E+05
  2.764E+05  2.791E+05  3.638E+05  3.845E+05  4.063E+05  5.228E+05  5.336E+05  6.329E+05  6.888E+05  8.259E+05
  9.254E+05  1.007E+06  1.105E+06  1.211E+06  1.364E+06  1.507E+06  1.630E+06  1.778E+06  1.859E+06  2.020E+06
  2.198E+06  2.320E+06  2.424E+06  2.559E+06  2.676E+06  2.731E+06  2.816E+06  2.909E+06  2.858E+06  2.897E+06
  2.856E+06  2.873E+06  2.848E+06  2.724E+06  2.664E+06  2.616E+06  2.518E+06  2.407E+06  2.418E+06  2.381E+06
  2.383E+06  2.384E+06  2.476E+06  2.502E+06  2.510E+06  2.588E+06  2.717E+06  2.784E+06  2.783E+06  2.866E+06
  2.806E+06  2.830E+06  2.822E+06  2.790E+06  2.730E+06  2.684E+06  2.577E+06  2.407E+06  2.276E+06  2.159E+06
  1.983E+06  1.880E+06  1.759E+06  1.586E+06  1.425E+06  1.320E+06  1.172E+06  1.071E+06  1.003E+06  8.560E+05
  7.917E+05  6.937E+05  6.520E+05  5.501E+05  4.727E+05  4.234E+05  3.660E+05  3.279E+05  3.084E+05  2.237E+05
  2.096E+05  1.985E+05  1.608E+05  1.391E+05  1.263E+05  1.071E+05  1.049E+05  8.376E+04  8.166E+04  6.853E+04
  7.079E+04  7.896E+04  8.811E+04  9.936E+04  1.205E+05  1.306E+05  1.431E+05  1.704E+05  1.975E+05  2.157E+05
  2.340E+05  3.110E+05  3.342E+05  3.693E+05  4.485E+05  4.823E+05  5.740E+05  6.490E+05  7.002E+05  7.957E+05
  8.685E+05  9.576E+05  1.048E+06  1.188E+06  1.327E+06  1.457E+06  1.602E+06  1.683E+06  1.840E+06  1.979E+06
  2.133E+06  2.272E+06  2.363E+06  2.557E+06  2.587E+06  2.732E+06  2.768E+06  2.845E+06  2.883E+06  2.922E+06
  2.908E+06  2.908E+06  2.875E+06  2.813E+06  2.784E+06  2.686E+06  2.593E+06  2.584E+06  2.588E+06  2.531E+06
  2.615E+06  2.530E+06  2.551E+06  2.595E+06  2.660E+06  2.688E+06  2.788E+06  2.795E+06  2.807E+06  2.863E+06
  2.943E+06  2.867E+06  2.846E+06  2.735E+06  2.693E+06  2.567E+06  2.477E+06  2.389E+06  2.254E+06  2.048E+06
  1.960E+06  1.834E+06  1.630E+06  1.563E+06  1.396E+06  1.308E+06  1.166E+06  1.034E+06  9.178E+05  8.371E+05
  7.732E+05  6.649E+05  5.789E+05  5.183E+05  4.544E+05  4.288E+05  3.672E+05  3.232E+05  2.931E+05  2.459E+05
  2.197E+05  1.971E+05  1.740E+05  1.473E+05  1.237E+05  1.063E+05  1.044E+05  8.503E+04  7.229E+04  6.910E+04
  7.108E+04  6.969E+04  9.892E+04  9.744E+04  1.207E+05  1.390E+05  1.500E+05  1.829E+05  1.958E+05  2.037E+05
  2.440E+05  2.914E+05  3.272E+05  3.642E+05  4.197E+05  4.753E+05  5.120E+05  6.288E+05  6.665E+05  7.275E+05
  8.625E+05  9.069E+05  1.070E+06  1.130E+06  1.265E+06  1.410E+06  1.532E+06  1.610E+06  1.817E+06  1.924E+06
  2.062E+06  2.234E+06  2.389E+06  2.447E+06  2.548E+06  2.660E+06  2.715E+06  2.929E+06  2.862E+06  2.891E+06
  2.937E+06  2.965E+06  2.879E+06  2.801E+06  2.885E+06  2.790E+06  2.690E+06  2.719E+06  2.616E+06  2.687E+06
  2.663E+06  2.640E+06  2.675E+06  2.658E+06  2.692E+06  2.745E+06  2.791E+06  2.897E+06  2.861E+06  2.863E+06
  2.933E+06  2.855E+06  2.851E+06  2.703E+06  2.634E+06  2.571E+06  2.404E+06  2.337E+06  2.183E+06  2.084E+06
  1.871E+06  1.753E+06  1.612E+06  1.516E+06  1.352E+06  1.244E+06  1.111E+06  9.848E+05  9.411E+05  8.222E+05
  7.458E+05  6.346E+05  5.765E+05  5.150E+05  4.339E+05  3.989E+05  3.467E+05  2.903E+05  2.729E+05  2.304E+05
  2.145E+05  1.808E+05  1.545E+05  1.406E+05  1.277E+05  1.140E+05  1.030E+05  1.027E+05  6.725E+04  5.848E+04
  7.557E+04  8.051E+04  7.876E+04  1.069E+05  9.562E+04  1.276E+05  1.315E+05  1.707E+05  1.774E+05  2.025E+05
  2.480E+05  2.741E+05  3.022E+05  3.237E+05  3.911E+05  4.437E+05  5.027E+05  5.773E+05  6.518E+05  7.358E+05
  8.208E+05  8.978E+05  1.020E+06  1.127E+06  1.192E+06  1.318E+06  1.470E+06  1.585E+06  1.708E+06  1.860E+06
  1.963E+06  2.155E+06  2.215E+06  2.429E+06  2.514E+06  2.604E+06  2.734E+06  2.793E+06  2.876E+06  2.924E+06
  2.929E+06  2.909E+06  2.888E+06  2.895E+06  2.863E+06  2.827E+06  2.788E+06  2.740E+06  2.768E+06  2.729E+06
  2.702E+06  2.766E+06  2.740E+06  2.741E+06  2.809E+06  2.802E+06  2.837E+06  2.861E+06  2.800E+06  2.852E+06
  2.812E+06  2.773E+06  2.731E+06  2.673E+06  2.580E+06  2.488E+06  2.408E+06  2.210E+06  2.019E+06  1.959E+06
  1.806E+06  1.715E+06  1.607E+06  1.378E+06  1.305E+06  1.182E+06  1.075E+06  1.025E+06  9.080E+05  8.291E+05
  6.869E+05  6.435E+05  5.797E+05  4.980E+05  4.247E+05  3.846E+05  3.372E+05  2.893E+05  2.822E+05  2.290E+05
  1.838E+05  1.767E+05  1.624E+05  1.408E+05  1.086E+05  1.150E+05  9.046E+04  9.503E+04  7.435E+04  7.375E+04
  7.533E+04  8.459E+04  8.598E+04  9.835E+04  1.126E+05  1.289E+05  1.551E+05  1.521E+05  1.811E+05  2.013E+05
  2.309E+05  2.637E+05  2.963E+05  3.318E+05  4.125E+05  4.238E+05  4.975E+05  5.621E+05  5.946E+05  7.200E+05
  7.925E+05  8.783E+05  9.566E+05  1.048E+06  1.134E+06  1.282E+06  1.339E+06  1.516E+06  1.656E+06  1.797E+06
  1.886E+06  2.006E+06  2.160E+06  2.316E+06  2.411E+06  2.499E+06  2.737E+06  2.765E+06  2.764E+06  2.823E+06
  2.844E+06  2.832E+06  2.919E+06  2.915E+06  2.899E+06  2.859E+06  2.803E+06  2.857E+06  2.802E+06  2.781E+06
  2.708E+06  2.735E+06  2.783E+06  2.796E+06  2.818E+06  2.846E+06  2.859E+06  2.918E+06  2.862E+06  2.807E+06
  2.826E+06  2.720E+06  2.617E+06  2.640E+06  2.501E+06  2.418E+06  2.301E+06  2.141E+06  2.055E+06  1.823E+06
  1.753E+06  1.659E+06  1.509E+06  1.335E+06  1.283E+06  1.121E+06  1.015E+06  9.538E+05  8.633E+05  7.247E+05
  6.554E+05  5.826E+05  5.349E+05  4.475E+05  4.012E+05  3.794E+05  3.074E+05  3.050E+05  2.540E+05  2.194E+05
  1.932E+05  1.556E+05  1.511E+05  1.432E+05  1.115E+05  9.211E+04  8.793E+04  8.177E+04  7.953E+04  6.810E+04
  6.764E+04  6.670E+04  9.062E+04  8.818E+04  1.034E+05  1.073E+05  1.405E+05  1.488E+05  1.537E+05  1.925E+05
  2.262E+05  2.399E+05  2.735E+05  3.403E+05  3.734E+05  4.232E+05  4.754E+05  5.121E+05  5.914E+05  6.821E+05
  7.456E+05  8.274E+05  8.944E+05  1.030E+06  1.096E+06  1.266E+06  1.325E+06  1.460E+06  1.573E+06  1.697E+06
  1.818E+06  1.927E+06  2.113E+06  2.249E+06  2.268E+06  1.505E+06  1.111E+06  1.602E+06  2.737E+06  2.803E+06
  2.793E+06  2.782E+06  2.832E+06  2.859E+06  2.910E+06  2.910E+06  2.893E+06  2.834E+06  2.825E+06  2.825E+06
  2.860E+06  2.802E+06  2.809E+06  2.894E+06  2.916E+06  2.790E+06  2.773E+06  2.812E+06  2.792E+06  2.768E+06
  2.706E+06  2.676E+06  2.617E+06  2.492E+06  2.353E+06  2.272E+06  2.176E+06  2.047E+06  1.913E+06  1.789E+06
  1.670E+06  1.556E+06  1.416E+06  1.327E+06  1.193E+06  1.096E+06  9.722E+05  8.903E+05  7.833E+05  7.286E+05
  6.280E+05  6.077E+05  5.165E+05  4.311E+05  4.007E+05  3.494E+05  3.250E+05  2.643E+05  2.496E+05  2.336E+05
  1.945E+05  1.741E+05  1.462E+05  1.290E+05  1.259E+05  1.078E+05  7.707E+04  8.919E+04  7.513E+04  6.354E+04
  5.956E+04  7.279E+04  8.602E+04  9.416E+04  9.631E+04  1.228E+05  1.398E+05  1.534E+05  1.601E+05  1.772E+05
  2.010E+05  2.423E+05  2.824E+05  3.005E+05  3.743E+05  3.923E+05  4.351E+05  5.223E+05  5.602E+05  6.274E+05
  7.275E+05  7.839E+05  8.661E+05  9.615E+05  1.064E+06  1.156E+06  1.282E+06  1.340E+06  1.523E+06  1.697E+06
  1.773E+06  1.853E+06  2.005E+06  2.129E+06  1.803E+06  2.297E+05  0.000E+00  7.778E+05  2.709E+06  2.714E+06
  2.728E+06  2.763E+06  2.841E+06  2.795E+06  2.835E+06  2.857E+06  2.861E+06  2.896E+06  2.928E+06  2.880E+06
  2.813E+06  2.860E+06  2.837E+06  2.825E+06  2.815E+06  2.828E+06  2.789E+06  2.776E+06  2.784E+06  2.745E+06
  2.656E+06  2.643E+06  2.486E+06  2.503E+06  2.364E+06  2.210E+06  2.094E+06  1.968E+06  1.826E+06  1.754E+06
  1.599E+06  1.480E+06  1.373E+06  1.211E+06  1.134E+06  1.036E+06  9.450E+05  8.415E+05  7.615E+05  6.718E+05
  6.154E+05  5.476E+05  4.798E+05  4.320E+05  3.755E+05  3.339E+05  2.989E+05  2.691E+05  2.420E+05  2.169E+05
  1.816E+05  1.545E+05  1.281E+05  1.265E+05  1.070E+05  1.070E+05  8.944E+04  8.454E+04  6.879E+04  6.657E+04
  6.793E+04  7.057E+04  8.596E+04  7.957E+04  9.924E+04  1.170E+05  1.134E+05  1.436E+05  1.594E+05  1.886E+05
  2.029E+05  2.358E+05  2.498E+05  2.826E+05  3.345E+05  3.820E+05  4.094E+05  5.295E+05  5.614E+05  6.102E+05
  6.647E+05  7.355E+05  8.283E+05  9.576E+05  1.008E+06  1.115E+06  1.164E+06  1.285E+06  1.419E+06  1.535E+06
  1.647E+06  1.765E+06  1.912E+06  2.016E+06  1.649E+06  1.751E+05  0.000E+00  7.553E+05  2.557E+06  2.647E+06
  2.701E+06  2.712E+06  2.776E+06  2.816E+06  2.800E+06  2.842E+06  2.921E+06  2.842E+06  2.825E+06  2.757E+06
  2.833E+06  2.832E+06  2.788E+06  2.817E+06  2.806E+06  2.756E+06  2.685E+06  2.755E+06  2.683E+06  2.639E+06
  2.620E+06  2.463E+06  2.476E+06  2.335E+06  2.217E+06  2.147E+06  1.957E+06  1.915E+06  1.749E+06  1.622E+06
  1.504E+06  1.442E+06  1.299E+06  1.175E+06  1.083E+06  9.723E+05  8.774E+05  8.002E+05  7.153E+05  6.341E+05
  5.712E+05  5.200E+05  4.804E+05  4.081E+05  3.558E+05  3.048E+05  2.916E+05  2.700E+05  2.312E+05  1.937E+05
  1.827E+05  1.557E+05  1.275E+05  1.356E+05  1.112E+05  1.009E+05  7.576E+04  7.544E+04  7.549E+04  5.912E+04
  5.906E+04  6.278E+04  7.810E+04  8.551E+04  8.368E+04  1.053E+05  1.118E+05  1.330E+05  1.459E+05  1.547E+05
  2.155E+05  2.337E+05  2.500E+05  2.694E+05  3.158E+05  3.559E+05  4.113E+05  4.658E+05  5.228E+05  5.665E+05
  6.243E+05  7.154E+05  8.091E+05  8.435E+05  9.555E+05  1.047E+06  1.095E+06  1.236E+06  1.306E+06  1.486E+06
  1.586E+06  1.674E+06  1.801E+06  1.890E+06  1.571E+06  1.759E+05  0.000E+00  7.192E+05  2.418E+06  2.514E+06
  2.563E+06  2.620E+06  2.694E+06  2.755E+06  2.737E+06  2.824E+06  2.814E+06  2.799E+06  2.822E+06  2.771E+06
  2.759E+06  2.760E+06  2.762E+06  2.786E+06  2.689E+06  2.678E+06  2.721E+06  2.639E+06  2.531E+06  2.534E+06
  2.509E+06  2.379E+06  2.330E+06  2.205E+06  2.118E+06  1.986E+06  1.892E+06  1.731E+06  1.659E+06  1.538E+06
  1.455E+06  1.351E+06  1.246E+06  1.137E+06  1.005E+06  9.426E+05  8.501E+05  7.550E+05  6.911E+05  6.270E+05
  5.535E+05  4.960E+05  4.504E+05  3.796E+05  3.614E+05  3.159E+05  2.855E+05  2.379E+05  2.043E+05  1.827E+05
  1.792E+05  1.328E+05  1.284E+05  1.180E+05  9.809E+04  8.194E+04  8.390E+04  7.086E+04  6.613E+04  6.940E+04
  6.122E+04  6.356E+04  8.514E+04  8.632E+04  9.639E+04  9.946E+04  1.129E+05  1.344E+05  1.464E+05  1.664E+05
  1.810E+05  2.078E+05  2.437E+05  2.624E+05  2.899E+05  3.504E+05  3.992E+05  4.098E+05  4.909E+05  5.207E+05
  5.969E+05  6.411E+05  7.679E+05  8.351E+05  8.756E+05  9.917E+05  1.094E+06  1.164E+06  1.253E+06  1.370E+06
  1.502E+06  1.577E+06  1.667E+06  1.830E+06  1.471E+06  1.626E+05  0.000E+00  6.516E+05  2.343E+06  2.342E+06
  2.424E+06  2.496E+06  2.580E+06  2.648E+06  2.623E+06  2.619E+06  2.682E+06  2.766E+06  2.710E+06  2.783E+06
  2.684E+06  2.689E+06  2.702E+06  2.680E+06  2.629E+06  2.647E+06  2.622E+06  2.508E+06  2.482E+06  2.407E+06
  2.391E+06  2.256E+06  2.140E+06  2.093E+06  1.995E+06  1.935E+06  1.835E+06  1.663E+06  1.612E+06  1.479E+06
  1.360E+06  1.308E+06  1.170E+06  1.064E+06  9.487E+05  8.672E+05  8.130E+05  7.332E+05  6.523E+05  5.762E+05
  5.131E+05  4.640E+05  4.148E+05  3.939E+05  3.142E+05  2.790E+05  2.598E+05  2.180E+05  2.091E+05  1.812E+05
  1.597E+05  1.516E+05  1.326E+05  1.020E+05  9.878E+04  8.899E+04  7.354E+04  8.517E+04  6.251E+04  6.503E+04
  5.893E+04  6.524E+04  7.545E+04  8.074E+04  8.342E+04  1.045E+05  1.034E+05  1.058E+05  1.408E+05  1.458E+05
  1.656E+05  1.945E+05  2.306E+05  2.357E+05  2.883E+05  3.103E+05  3.723E+05  4.039E+05  4.542E+05  5.071E+05
  5.713E+05  6.444E+05  6.908E+05  7.704E+05  8.248E+05  9.705E+05  9.780E+05  1.154E+06  1.156E+06  1.237E+06
  1.389E+06  1.468E+06  1.543E+06  1.667E+06  1.379E+06  1.400E+05  0.000E+00  6.497E+05  2.179E+06  2.220E+06
  2.361E+06  2.385E+06  2.448E+06  2.519E+06  2.512E+06  2.572E+06  2.588E+06  2.575E+06  2.631E+06  2.597E+06
  2.609E+06  2.604E+06  2.617E+06  2.570E+06  2.605E+06  2.478E+06  2.511E+06  2.442E+06  2.344E+06  2.305E+06
  2.230E+06  2.158E+06  2.054E+06  1.981E+06  1.886E+06  1.753E+06  1.642E+06  1.569E+06  1.420E+06  1.330E+06
  1.280E+06  1.180E+06  1.097E+06  9.877E+05  8.840E+05  8.201E+05  7.618E+05  6.698E+05  6.186E+05  5.324E+05
  4.885E+05  4.411E+05  3.952E+05  3.410E+05  3.115E+05  2.792E+05  2.316E+05  2.261E+05  2.023E+05  1.682E+05
  1.371E+05  1.459E+05  1.240E+05  9.826E+04  8.975E+04  8.233E+04  7.879E+04  6.029E+04  6.612E+04  5.428E+04
  5.534E+04  7.131E+04  5.301E+04  7.020E+04  7.215E+04  8.656E+04  1.090E+05  1.060E+05  1.408E+05  1.498E+05
  1.766E+05  1.899E+05  2.000E+05  2.372E+05  2.537E+05  3.076E+05  3.439E+05  3.677E+05  4.115E+05  4.897E+05
  5.452E+05  6.051E+05  6.562E+05  7.465E+05  7.946E+05  8.919E+05  9.447E+05  9.947E+05  1.115E+06  1.230E+06
  1.292E+06  1.388E+06  1.511E+06  1.594E+06  1.285E+06  1.473E+05  1.347E+02  5.697E+05  2.044E+06  2.130E+06
  2.226E+06  2.242E+06  2.328E+06  2.351E+06  2.454E+06  2.493E+06  2.452E+06  2.506E+06  2.459E+06  2.503E+06
  2.490E+06  2.468E+06  2.466E+06  2.439E+06  2.378E+06  2.343E+06  2.375E+06  2.328E+06  2.245E+06  2.128E+06
  2.115E+06  2.043E+06  1.883E+06  1.862E+06  1.797E+06  1.663E+06  1.603E+06  1.468E+06  1.414E+06  1.242E+06
  1.162E+06  1.094E+06  1.004E+06  9.439E+05  8.282E+05  7.979E+05  6.894E+05  6.409E+05  5.449E+05  4.860E+05
  4.466E+05  4.160E+05  3.657E+05  3.415E+05  2.825E+05  2.661E+05  2.275E+05  1.899E+05  1.790E+05  1.845E+05
  1.442E+05  1.247E+05  1.194E+05  9.548E+04  9.521E+04  7.775E+04  7.220E+04  6.320E+04  5.537E+04  6.092E+04
  3.889E+04  3.141E+04  4.358E+04  5.027E+04  5.375E+04  6.346E+04  6.147E+04  8.054E+04  1.017E+05  9.416E+04
  1.240E+05  1.399E+05  1.291E+05  1.678E+05  1.709E+05  1.948E+05  2.095E+05  2.545E+05  2.766E+05  3.146E+05
  3.590E+05  3.948E+05  4.553E+05  4.997E+05  5.262E+05  5.737E+05  6.155E+05  6.829E+05  7.378E+05  7.981E+05
  8.864E+05  9.437E+05  9.760E+05  1.091E+06  8.924E+05  1.024E+05  3.129E+01  5.569E+05  1.978E+06  2.037E+06
  2.104E+06  2.166E+06  2.188E+06  2.237E+06  2.318E+06  2.365E+06  2.375E+06  2.358E+06  2.368E+06  2.413E+06
  2.348E+06  2.366E+06  2.391E+06  2.264E+06  2.259E+06  2.283E+06  2.201E+06  2.148E+06  2.150E+06  1.986E+06
  2.012E+06  1.937E+06  1.851E+06  1.762E+06  1.661E+06  1.615E+06  1.460E+06  1.382E+06  1.283E+06  1.141E+06
  1.094E+06  1.011E+06  9.431E+05  8.706E+05  7.671E+05  7.313E+05  6.374E+05  5.712E+05  5.573E+05  4.833E+05
  4.508E+05  3.893E+05  3.355E+05  3.222E+05  2.903E+05  2.558E+05  2.221E+05  1.894E+05  1.633E+05  1.581E+05
  1.174E+05  1.134E+05  9.748E+04  9.797E+04  9.566E+04  7.010E+04  7.160E+04  5.933E+04  5.223E+04  4.974E+04
  0.000E+00  0.000E+00  0.000E+00  0.000E+00  0.000E+00  0.000E+00  0.000E+00  0.000E+00  0.000E+00  0.000E+00
  0.000E+00  0.000E+00  0.000E+00  1.571E+02  0.000E+00  0.000E+00  0.000E+00  0.000E+00  0.000E+00  0.000E+00
  0.000E+00  0.000E+00  0.000E+00  0.000E+00  0.000E+00  0.000E+00  0.000E+00  0.000E+00  0.000E+00  0.000E+00
  0.000E+00  0.000E+00  0.000E+00  0.000E+00  0.000E+00  0.000E+00  0.000E+00  5.074E+05  1.787E+06  1.886E+06
  1.974E+06  1.977E+06  2.093E+06  2.198E+06  2.153E+06  2.147E+06  2.210E+06  2.206E+06  2.202E+06  2.166E+06
  2.165E+06  2.274E+06  2.159E+06  2.108E+06  2.104E+06  2.153E+06  2.087E+06  2.013E+06  1.979E+06  1.909E+06
  1.845E+06  1.743E+06  1.687E+06  1.618E+06  1.564E+06  1.425E+06  1.354E+06  1.280E+06  1.205E+06  1.085E+06
  1.021E+06  9.199E+05  8.594E+05  7.558E+05  7.590E+05  6.972E+05  5.962E+05  5.354E+05  5.026E+05  4.123E+05
  4.075E+05  3.610E+05  3.258E+05  2.820E+05  2.466E+05  2.203E+05  2.011E+05  1.733E+05  1.550E+05  1.412E+05
  1.342E+05  1.151E+05  8.865E+04  9.089E+04  7.497E+04  6.389E+04  6.982E+04  5.691E+04  6.106E+04  4.824E+04
  0.000E+00  0.000E+00  4.363E+02  0.000E+00  0.000E+00  0.000E+00  0.000E+00  4.362E+02  0.000E+00  4.402E+02
  0.000E+00  0.000E+00  0.000E+00  4.352E+02  4.350E+02  4.402E+02  0.000E+00  0.000E+00  8.681E+02  4.348E+02
  0.000E+00  0.000E+00  1.302E+03  8.743E+02  4.350E+02  2.271E+03  4.340E+02  2.173E+03  8.680E+02  1.418E+03
  0.000E+00  2.219E+03  1.089E+03  8.921E+02  2.177E+03  1.749E+03  4.336E+02  5.171E+05  1.703E+06  1.749E+06
  1.785E+06  1.884E+06  1.934E+06  1.932E+06  2.024E+06  2.015E+06  2.048E+06  2.042E+06  2.081E+06  2.052E+06
  1.964E+06  2.028E+06  2.064E+06  2.036E+06  2.006E+06  1.985E+06  1.928E+06  1.862E+06  1.862E+06  1.765E+06
  1.759E+06  1.637E+06  1.576E+06  1.469E+06  1.364E+06  1.370E+06  1.263E+06  1.142E+06  1.077E+06  1.009E+06
  9.132E+05  8.594E+05  7.896E+05  7.433E+05  6.772E+05  6.031E+05  5.624E+05  5.206E+05  4.658E+05  4.126E+05
  3.683E+05  3.315E+05  2.964E+05  2.572E+05  2.339E+05  2.250E+05  1.999E+05  1.685E+05  1.451E+05  1.450E+05
  1.182E+05  1.097E+05  9.180E+04  8.145E+04  7.388E+04  7.083E+04  5.751E+04  6.331E+04  5.924E+04  5.224E+04
  6.045E+03  6.175E+03  7.011E+03  7.077E+03  1.033E+04  1.053E+04  6.997E+03  1.245E+04  1.094E+04  1.911E+04
  1.608E+04  1.644E+04  1.959E+04  1.986E+04  2.847E+04  2.685E+04  3.373E+04  3.863E+04  4.084E+04  5.126E+04
  5.503E+04  5.643E+04  5.867E+04  6.502E+04  7.411E+04  8.629E+04  7.970E+04  9.327E+04  1.061E+05  1.209E+05
  1.227E+05  1.366E+05  1.498E+05  1.717E+05  1.658E+05  2.029E+05  2.263E+05  1.011E+06  1.548E+06  1.614E+06
  1.656E+06  1.685E+06  1.789E+06  1.864E+06  1.819E+06  1.919E+06  1.922E+06  1.927E+06  1.938E+06  1.902E+06
  1.939E+06  1.871E+06  1.914E+06  1.819E+06  1.854E+06  1.829E+06  1.758E+06  1.729E+06  1.695E+06  1.694E+06
  1.605E+06  1.561E+06  1.409E+06  1.388E+06  1.343E+06  1.229E+06  1.162E+06  1.096E+06  1.001E+06  9.157E+05
  8.345E+05  7.967E+05  7.067E+05  6.914E+05  6.246E+05  5.578E+05  4.888E+05  4.510E+05  4.271E+05  3.961E+05
  3.861E+05  3.076E+05  2.577E+05  2.467E+05  2.185E+05  1.980E+05  1.849E+05  1.381E+05  1.389E+05  1.231E+05
  1.199E+05  9.433E+04  8.910E+04  8.065E+04  6.487E+04  6.345E+04  5.473E+04  5.457E+04  4.871E+04  5.356E+04
  3.066E+04  3.338E+04  4.166E+04  4.111E+04  4.083E+04  5.271E+04  5.907E+04  7.155E+04  7.143E+04  8.318E+04
  9.947E+04  1.065E+05  1.173E+05  1.314E+05  1.418E+05  1.606E+05  1.726E+05  2.280E+05  2.511E+05  2.826E+05
  3.023E+05  3.217E+05  3.754E+05  3.921E+05  4.169E+05  4.673E+05  4.971E+05  5.473E+05  6.239E+05  6.818E+05
  7.694E+05  7.792E+05  8.253E+05  8.666E+05  9.520E+05  1.036E+06  1.101E+06  1.317E+06  1.434E+06  1.452E+06
  1.492E+06  1.539E+06  1.634E+06  1.640E+06  1.749E+06  1.734E+06  1.757E+06  1.782E+06  1.740E+06  1.774E+06
  1.805E+06  1.808E+06  1.773E+06  1.699E+06  1.704E+06  1.641E+06  1.626E+06  1.537E+06  1.554E+06  1.477E+06
  1.496E+06  1.431E+06  1.337E+06  1.257E+06  1.185E+06  1.130E+06  1.070E+06  9.684E+05  9.209E+05  8.361E+05
  7.670E+05  7.059E+05  6.811E+05  6.083E+05  5.589E+05  5.291E+05  4.510E+05  4.289E+05  3.962E+05  3.460E+05
  3.097E+05  2.899E+05  2.430E+05  2.305E+05  2.130E+05  1.885E+05  1.615E+05  1.468E+05  1.251E+05  1.283E+05
  1.065E+05  1.023E+05  9.145E+04  7.847E+04  6.784E+04  6.274E+04  6.054E+04  5.257E+04  5.234E+04  4.276E+04
  4.480E+04  5.107E+04  5.012E+04  5.338E+04  5.898E+04  6.348E+04  6.789E+04  9.287E+04  9.127E+04  9.765E+04
  1.091E+05  1.349E+05  1.455E+05  1.517E+05  1.549E+05  1.933E+05  2.115E+05  2.397E+05  2.582E+05  3.051E+05
  3.367E+05  3.528E+05  4.033E+05  4.427E+05  4.730E+05  5.237E+05  5.874E+05  6.234E+05  6.952E+05  7.619E+05
  8.068E+05  8.722E+05  9.085E+05  9.622E+05  1.072E+06  1.109E+06  1.196E+06  1.192E+06  1.274E+06  1.358E+06
  1.415E+06  1.470E+06  1.500E+06  1.549E+06  1.586E+06  1.622E+06  1.664E+06  1.610E+06  1.617E+06  1.616E+06
  1.621E+06  1.622E+06  1.567E+06  1.587E+06  1.604E+06  1.549E+06  1.501E+06  1.452E+06  1.413E+06  1.380E+06
  1.293E+06  1.293E+06  1.220E+06  1.202E+06  1.096E+06  9.882E+05  9.989E+05  9.170E+05  8.729E+05  8.105E+05
  7.237E+05  6.599E+05  6.473E+05  5.373E+05  5.255E+05  4.705E+05  4.441E+05  4.186E+05  3.939E+05  3.197E+05
  2.796E+05  2.435E+05  2.408E+05  2.158E+05  1.834E+05  1.696E+05  1.350E+05  1.454E+05  1.294E+05  1.189E+05
  1.024E+05  9.718E+04  9.406E+04  8.792E+04  6.786E+04  6.799E+04  6.198E+04  4.265E+04  4.902E+04  3.969E+04
  4.372E+04  3.812E+04  4.505E+04  5.923E+04  5.807E+04  7.414E+04  7.582E+04  8.274E+04  8.730E+04  8.616E+04
  1.161E+05  1.207E+05  1.344E+05  1.534E+05  1.686E+05  1.733E+05  2.137E+05  2.248E+05  2.520E+05  2.634E+05
  3.144E+05  3.345E+05  3.756E+05  3.905E+05  4.436E+05  5.121E+05  5.273E+05  5.851E+05  6.436E+05  6.848E+05
  7.014E+05  8.131E+05  8.354E+05  8.886E+05  9.274E+05  1.037E+06  1.069E+06  1.122E+06  1.158E+06  1.218E+06
  1.252E+06  1.356E+06  1.345E+06  1.392E+06  1.393E+06  1.387E+06  1.467E+06  1.473E+06  1.466E+06  1.463E+06
  1.426E+06  1.473E+06  1.440E+06  1.437E+06  1.424E+06  1.359E+06  1.381E+06  1.314E+06  1.275E+06  1.208E+06
  1.200E+06  1.165E+06  1.113E+06  1.054E+06  9.788E+05  9.039E+05  8.517E+05  8.414E+05  7.638E+05  7.386E+05
  6.575E+05  6.250E+05  5.674E+05  5.060E+05  4.607E+05  4.248E+05  3.949E+05  3.568E+05  3.248E+05  3.108E+05
  2.752E+05  2.584E+05  2.308E+05  2.049E+05  1.872E+05  1.702E+05  1.466E+05  1.341E+05  1.149E+05  9.942E+04
  9.245E+04  8.072E+04  8.684E+04  7.025E+04  6.695E+04  6.144E+04  4.741E+04  4.355E+04  4.541E+04  3.389E+04
  3.562E+04  4.188E+04  5.085E+04  4.796E+04  4.955E+04  5.453E+04  6.874E+04  7.006E+04  8.459E+04  9.291E+04
  1.060E+05  9.943E+04  1.148E+05  1.376E+05  1.492E+05  1.666E+05  1.902E+05  2.027E+05  2.271E+05  2.523E+05
  2.794E+05  3.323E+05  3.467E+05  3.771E+05  4.103E+05  4.609E+05  4.827E+05  5.116E+05  5.506E+05  6.246E+05
  6.570E+05  7.166E+05  7.445E+05  8.661E+05  8.423E+05  9.072E+05  9.513E+05  1.005E+06  1.059E+06  1.122E+06
  1.130E+06  1.166E+06  1.175E+06  1.204E+06  1.268E+06  1.294E+06  1.297E+06  1.362E+06  1.326E+06  1.338E+06
  1.326E+06  1.304E+06  1.283E+06  1.318E+06  1.309E+06  1.265E+06  1.192E+06  1.231E+06  1.157E+06  1.140E+06
  1.088E+06  1.021E+06  9.968E+05  9.380E+05  8.878E+05  8.804E+05  8.097E+05  7.436E+05  6.982E+05  6.328E+05
  5.957E+05  5.870E+05  4.971E+05  4.750E+05  4.418E+05  3.816E+05  3.423E+05  3.373E+05  2.942E+05  2.756E+05
  2.492E+05  2.209E+05  2.111E+05  1.890E+05  1.676E+05  1.494E+05  1.312E+05  1.131E+05  1.102E+05  9.903E+04
  9.157E+04  7.759E+04  7.906E+04  6.419E+04  6.403E+04  4.936E+04  5.582E+04  4.407E+04  3.762E+04  3.961E+04
  3.203E+04  3.797E+04  4.075E+04  4.938E+04  5.551E+04  4.993E+04  6.443E+04  6.913E+04  7.990E+04  8.670E+04
  8.557E+04  1.129E+05  1.236E+05  1.188E+05  1.479E+05  1.506E+05  1.556E+05  1.895E+05  1.976E+05  2.486E+05
  2.548E+05  2.770E+05  3.187E+05  3.136E+05  3.603E+05  4.105E+05  4.275E+05  4.801E+05  4.909E+05  5.436E+05
  6.114E+05  6.365E+05  6.765E+05  7.527E+05  8.051E+05  8.061E+05  8.810E+05  9.352E+05  9.722E+05  9.986E+05
  1.046E+06  1.055E+06  1.107E+06  1.145E+06  1.156E+06  1.180E+06  1.222E+06  1.238E+06  1.211E+06  1.229E+06
  1.207E+06  1.221E+06  1.188E+06  1.204E+06  1.189E+06  1.154E+06  1.115E+06  1.108E+06  1.066E+06  1.031E+06
  1.004E+06  9.316E+05  9.031E+05  8.447E+05  8.031E+05  7.797E+05  7.502E+05  6.678E+05  6.284E+05  5.810E+05
  5.600E+05  5.042E+05  4.564E+05  4.075E+05  3.996E+05  3.742E+05  3.426E+05  2.829E+05  2.602E+05  2.296E+05
  2.138E+05  1.884E+05  1.844E+05  1.801E+05  1.421E+05  1.431E+05  1.143E+05  1.114E+05  9.996E+04  9.894E+04
  7.000E+04  8.371E+04  7.400E+04  6.201E+04  6.304E+04  4.615E+04  4.720E+04  3.979E+04  3.649E+04  2.594E+04
  2.682E+04  3.346E+04  3.691E+04  4.228E+04  4.911E+04  5.511E+04  6.090E+04  6.110E+04  7.001E+04  8.268E+04
  8.130E+04  9.442E+04  1.111E+05  1.230E+05  1.235E+05  1.503E+05  1.500E+05  1.871E+05  1.971E+05  2.062E+05
  2.338E+05  2.493E+05  3.055E+05  2.921E+05  3.216E+05  3.566E+05  4.167E+05  4.128E+05  4.663E+05  4.973E+05
  5.420E+05  5.669E+05  6.070E+05  6.880E+05  6.984E+05  7.218E+05  7.693E+05  8.322E+05  8.542E+05  9.012E+05
  9.000E+05  9.493E+05  9.616E+05  9.913E+05  1.020E+06  1.059E+06  1.051E+06  1.086E+06  1.058E+06  1.064E+06
  1.090E+06  1.106E+06  1.034E+06  1.033E+06  1.059E+06  9.936E+05  1.039E+06  9.440E+05  9.425E+05  9.300E+05
  8.540E+05  8.518E+05  7.844E+05  7.651E+05  7.561E+05  6.721E+05  6.785E+05  6.422E+05  5.429E+05  5.065E+05
  5.045E+05  4.498E+05  4.207E+05  3.892E+05  3.836E+05  3.308E+05  2.809E+05  2.685E+05  2.475E+05  2.146E+05
  2.167E+05  1.736E+05  1.707E+05  1.549E+05  1.330E+05  1.293E+05  1.164E+05  1.023E+05  9.625E+04  8.721E+04
  8.135E+04  6.670E+04  6.360E+04  5.417E+04  4.332E+04  4.231E+04  4.094E+04  3.710E+04  3.022E+04  2.768E+04
  2.907E+04  3.099E+04  3.105E+04  3.974E+04  4.013E+04  4.815E+04  5.593E+04  5.992E+04  5.952E+04  7.862E+04
  7.046E+04  9.170E+04  9.684E+04  1.064E+05  1.240E+05  1.339E+05  1.456E+05  1.630E+05  1.639E+05  2.127E+05
  2.191E+05  2.309E+05  2.518E+05  2.808E+05  2.899E+05  3.248E+05  3.547E+05  3.767E+05  3.950E+05  4.171E+05
  4.873E+05  5.399E+05  5.524E+05  5.918E+05  6.259E+05  6.530E+05  6.907E+05  7.397E+05  7.539E+05  8.066E+05
  8.158E+05  8.401E+05  8.772E+05  9.165E+05  9.365E+05  9.439E+05  9.892E+05  9.586E+05  9.365E+05  9.531E+05
  9.893E+05  9.683E+05  9.658E+05  9.497E+05  9.646E+05  9.353E+05  8.827E+05  8.516E+05  8.678E+05  7.925E+05
  8.025E+05  7.993E+05  7.016E+05  6.926E+05  6.881E+05  5.958E+05  5.743E+05  5.459E+05  4.878E+05  4.478E+05
  4.320E+05  3.986E+05  3.725E+05  3.585E+05  3.158E+05  2.898E+05  2.678E+05  2.619E+05  2.119E+05  2.168E+05
  1.897E+05  1.738E+05  1.552E+05  1.307E+05  1.316E+05  1.195E+05  1.086E+05  9.323E+04  9.131E+04  7.386E+04
  6.634E+04  7.281E+04  5.861E+04  5.094E+04  4.650E+04  3.820E+04  3.629E+04  3.554E+04  3.342E+04  2.718E+04
  1.865E+04  2.629E+04  3.757E+04  3.656E+04  4.346E+04  5.172E+04  5.462E+04  4.895E+04  7.101E+04  6.854E+04
  6.627E+04  8.768E+04  8.510E+04  9.058E+04  9.502E+04  1.106E+05  1.336E+05  1.503E+05  1.599E+05  1.884E+05
  1.852E+05  2.084E+05  2.342E+05  2.510E+05  2.610E+05  2.982E+05  3.107E+05  3.416E+05  3.635E+05  3.841E+05
  4.338E+05  4.598E+05  4.977E+05  5.001E+05  5.684E+05  5.938E+05  6.361E+05  6.687E+05  6.822E+05  7.195E+05
  7.369E+05  7.394E+05  8.087E+05  8.027E+05  8.170E+05  8.193E+05  8.802E+05  8.557E+05  9.293E+05  8.775E+05
  8.535E+05  8.610E+05  8.341E+05  8.672E+05  8.027E+05  8.054E+05  7.814E+05  7.988E+05  7.383E+05  7.285E+05
  7.055E+05  6.592E+05  6.310E+05  6.282E+05  5.814E+05  5.800E+05  5.341E+05  4.939E+05  4.696E+05  4.108E+05
  4.036E+05  3.589E+05  3.486E+05  3.282E+05  2.973E+05  2.659E+05  2.420E+05  2.155E+05  2.210E+05  1.901E+05
  1.614E+05  1.541E+05  1.364E+05  1.333E+05  1.091E+05  1.074E+05  1.010E+05  8.821E+04  9.267E+04  5.994E+04
  6.579E+04  6.605E+04  5.276E+04  5.540E+04  5.779E+04  3.811E+04  4.077E+04  2.358E+04  2.765E+04  2.704E+04
  2.400E+04  2.066E+04  2.943E+04  3.546E+04  3.377E+04  3.225E+04  5.424E+04  5.134E+04  5.282E+04  5.779E+04
  6.810E+04  8.980E+04  7.036E+04  9.932E+04  1.104E+05  1.034E+05  1.297E+05  1.305E+05  1.404E+05  1.560E+05
  1.520E+05  1.949E+05  1.824E+05  2.263E+05  2.408E+05  2.756E+05  2.907E+05  2.974E+05  3.464E+05  3.472E+05
  3.715E+05  4.071E+05  4.280E+05  4.854E+05  4.955E+05  5.230E+05  5.264E+05  5.911E+05  6.121E+05  6.446E+05
  6.872E+05  6.939E+05  7.053E+05  7.102E+05  7.326E+05  7.368E+05  7.865E+05  7.608E+05  7.994E+05  7.854E+05
  7.717E+05  7.604E+05  7.769E+05  7.519E+05  7.615E+05  7.409E+05  6.945E+05  7.279E+05  6.503E+05  6.563E+05
  6.146E+05  5.868E+05  5.534E+05  5.401E+05  5.138E+05  4.820E+05  4.664E+05  4.301E+05  4.304E+05  3.892E+05
  3.539E+05  3.325E+05  3.008E+05  2.839E+05  2.562E+05  2.447E+05  2.282E+05  1.907E+05  1.819E+05  1.705E+05
  1.676E+05  1.671E+05  1.366E+05  1.100E+05  1.050E+05  8.835E+04  9.576E+04  8.193E+04  8.123E+04  6.895E+04
  6.260E+04  5.183E+04  5.577E+04  5.103E+04  4.484E+04  3.002E+04  3.798E+04  3.651E+04  2.505E+04  2.456E+04
  2.341E+04  1.717E+04  1.977E+04  2.560E+04  3.425E+04  4.056E+04  4.024E+04  5.263E+04  4.505E+04  6.282E+04
  5.841E+04  7.414E+04  7.397E+04  8.103E+04  8.562E+04  9.001E+04  1.139E+05  1.224E+05  1.528E+05  1.587E+05
  1.589E+05  1.665E+05  1.980E+05  2.096E+05  2.225E+05  2.331E+05  2.699E+05  2.886E+05  2.884E+05  3.238E+05
  3.551E+05  3.568E+05  4.048E+05  4.200E+05  4.494E+05  4.732E+05  5.222E+05  5.205E+05  5.355E+05  5.897E+05
  5.878E+05  6.231E+05  6.171E+05  6.329E+05  6.480E+05  6.614E+05  6.856E+05  6.661E+05  6.923E+05  6.955E+05
  7.220E+05  6.720E+05  6.611E+05  6.806E+05  6.535E+05  6.279E+05  6.207E+05  6.012E+05  6.061E+05  5.910E+05
  5.411E+05  5.561E+05  5.039E+05  4.865E+05  4.706E+05  4.263E+05  4.207E+05  3.692E+05  3.721E+05  3.310E+05
  3.221E+05  2.891E+05  2.605E+05  2.684E+05  2.433E+05  2.260E+05  1.943E+05  1.787E+05  1.698E+05  1.415E+05
  1.505E+05  1.266E+05  1.087E+05  1.070E+05  9.515E+04  9.193E+04  6.761E+04  8.364E+04  6.453E+04  6.468E+04
  5.202E+04  4.877E+04  5.585E+04  3.948E+04  3.880E+04  3.965E+04  3.168E+04  2.739E+04  2.467E+04  1.549E+04
  1.298E+04  2.115E+04  2.615E+04  2.925E+04  3.170E+04  3.694E+04  4.045E+04  4.453E+04  4.419E+04  5.691E+04
  7.379E+04  6.299E+04  7.087E+04  8.342E+04  8.701E+04  9.988E+04  1.054E+05  1.127E+05  1.312E+05  1.223E+05
  1.543E+05  1.468E+05  1.628E+05  1.829E+05  1.889E+05  2.098E+05  2.377E+05  2.552E+05  2.638E+05  2.991E+05
  3.045E+05  3.058E+05  3.462E+05  3.684E+05  4.148E+05  4.142E+05  4.500E+05  4.767E+05  4.822E+05  5.072E+05
  5.526E+05  5.403E+05  5.600E+05  5.306E+05  5.705E+05  5.924E+05  5.991E+05  6.021E+05  6.267E+05  5.955E+05
  6.078E+05  6.029E+05  5.774E+05  5.956E+05  5.874E+05  5.632E+05  5.638E+05  5.644E+05  5.457E+05  5.416E+05
  5.056E+05  4.815E+05  4.414E+05  4.259E+05  4.206E+05  3.908E+05  3.476E+05  3.270E+05  3.137E+05  2.951E+05
  2.915E+05  2.660E+05  2.524E+05  2.370E+05  1.991E+05  1.956E+05  1.897E+05  1.548E+05  1.579E+05  1.465E+05
  1.362E+05  1.187E+05  1.126E+05  1.019E+05  9.024E+04  8.535E+04  7.077E+04  7.074E+04  6.986E+04  5.870E+04
  6.228E+04  4.147E+04  3.628E+04  4.906E+04  4.295E+04  3.504E+04  2.571E+04  2.193E+04  1.493E+04  1.771E+04
  1.476E+04  2.165E+04  2.007E+04  2.633E+04  2.738E+04  4.029E+04  4.042E+04  3.568E+04  4.520E+04  4.714E+04
  5.565E+04  5.152E+04  5.997E+04  6.732E+04  6.688E+04  8.228E+04  9.556E+04  9.192E+04  1.000E+05  1.253E+05
  1.339E+05  1.387E+05  1.515E+05  1.546E+05  1.639E+05  2.129E+05  2.169E+05  2.254E+05  2.508E+05  2.358E+05
  2.688E+05  2.955E+05  3.073E+05  3.232E+05  3.542E+05  3.639E+05  3.885E+05  3.997E+05  4.229E+05  4.515E+05
  4.301E+05  4.890E+05  4.799E+05  4.946E+05  5.193E+05  5.072E+05  5.063E+05  5.154E+05  5.055E+05  5.333E+05
  5.298E+05  5.223E+05  5.143E+05  5.164E+05  5.167E+05  5.211E+05  4.952E+05  4.693E+05  4.455E+05  4.696E+05
  4.454E+05  4.217E+05  4.219E+05  4.003E+05  3.509E+05  3.335E+05  3.382E+05  2.933E+05  2.927E+05  2.657E+05
  2.646E+05  2.307E+05  2.212E+05  2.069E+05  1.841E+05  1.721E+05  1.539E+05  1.398E+05  1.422E+05  1.422E+05
  1.244E+05  1.053E+05  1.079E+05  9.656E+04  8.479E+04  7.764E+04  6.332E+04  6.174E+04  6.424E+04  5.565E+04
  5.537E+04  4.717E+04  4.280E+04  3.959E+04  3.770E+04  2.715E+04  2.243E+04  2.247E+04  2.019E+04  1.973E+04
  1.366E+04  2.121E+04  2.100E+04  2.080E+04  2.258E+04  2.675E+04  2.976E+04  3.717E+04  3.887E+04  4.825E+04
  5.771E+04  5.916E+04  6.548E+04  6.916E+04  7.796E+04  7.560E+04  7.586E+04  9.420E+04  1.043E+05  1.161E+05
  1.105E+05  1.172E+05  1.404E+05  1.351E+05  1.799E+05  1.779E+05  1.714E+05  1.941E+05  2.274E+05  2.407E+05
  2.541E+05  2.640E+05  2.662E+05  2.880E+05  3.167E+05  3.214E+05  3.694E+05  3.704E+05  3.797E+05  3.802E+05
  4.064E+05  4.377E+05  4.342E+05  4.347E+05  4.742E+05  4.765E+05  4.684E+05  4.757E+05  4.691E+05  4.826E+05
  4.967E+05  4.806E+05  4.494E+05  4.619E+05  4.457E+05  4.550E+05  4.357E+05  4.162E+05  4.332E+05  4.156E+05
  3.889E+05  3.869E+05  3.485E+05  3.404E+05  3.352E+05  3.081E+05  2.922E+05  2.725E+05  2.576E+05  2.399E+05
  2.207E+05  2.146E+05  2.042E+05  1.773E+05  1.758E+05  1.459E+05  1.456E+05  1.357E+05  1.253E+05  1.134E+05
  1.044E+05  1.035E+05  9.337E+04  8.814E+04  6.761E+04  6.835E+04  6.152E+04  5.611E+04  6.056E+04  5.833E+04
  3.330E+04  3.710E+04  2.829E+04  3.330E+04  2.774E+04  2.378E+04  2.105E+04  1.169E+04  1.715E+04  1.327E+04
  1.147E+04  1.665E+04  1.930E+04  1.883E+04  2.859E+04  2.887E+04  3.599E+04  3.328E+04  3.686E+04  4.319E+04
  4.252E+04  5.179E+04  5.634E+04  6.150E+04  5.877E+04  7.836E+04  8.622E+04  6.848E+04  1.010E+05  1.048E+05
  1.037E+05  1.091E+05  1.317E+05  1.360E+05  1.404E+05  1.584E+05  1.656E+05  1.772E+05  1.897E+05  2.079E+05
  2.305E+05  2.239E+05  2.516E+05  2.595E+05  2.752E+05  2.747E+05  2.944E+05  2.990E+05  3.398E+05  3.735E+05
  3.474E+05  3.788E+05  3.767E+05  3.963E+05  3.935E+05  3.818E+05  4.095E+05  4.139E+05  4.209E+05  4.253E+05
  4.199E+05  4.242E+05  4.044E+05  3.984E+05  3.711E+05  3.950E+05  3.726E+05  3.765E+05  3.814E+05  3.437E+05
  3.239E+05  3.358E+05  3.066E+05  3.091E+05  2.954E+05  2.453E+05  2.458E+05  2.490E+05  2.366E+05  2.239E+05
  2.131E+05  1.865E+05  1.832E+05  1.572E+05  1.560E+05  1.361E+05  1.283E+05  1.288E+05  1.098E+05  1.084E+05
  1.039E+05  9.571E+04  8.211E+04  8.839E+04  7.115E+04  6.330E+04  6.702E+04  5.237E+04  5.944E+04  4.909E+04
  4.426E+04  4.132E+04  3.199E+04  3.196E+04  3.002E+04  2.359E+04  2.239E+04  1.479E+04  1.665E+04  1.439E+04
  1.321E+04  1.429E+04  1.749E+04  2.354E+04  2.125E+04  2.548E+04  2.367E+04  3.433E+04  3.774E+04  4.301E+04
  4.395E+04  4.640E+04  4.213E+04  5.173E+04  6.905E+04  6.360E+04  7.561E+04  8.724E+04  8.125E+04  8.756E+04
  9.753E+04  1.007E+05  1.178E+05  1.142E+05  1.221E+05  1.471E+05  1.470E+05  1.644E+05  1.674E+05  1.789E+05
  1.951E+05  2.231E+05  2.186E+05  2.442E+05  2.542E+05  2.662E+05  2.677E+05  2.836E+05  2.834E+05  3.038E+05
  3.232E+05  3.106E+05  3.112E+05  3.380E+05  3.313E+05  3.430E+05  3.556E+05  3.559E+05  3.419E+05  3.505E+05
  3.611E+05  3.560E+05  3.667E+05  3.297E+05  3.551E+05  3.435E+05  3.217E+05  3.300E+05  3.165E+05  2.997E+05
  2.879E+05  2.864E+05  2.766E+05  2.534E+05  2.441E+05  2.414E+05  2.197E+05  2.087E+05  2.106E+05  1.921E+05
  1.791E+05  1.571E+05  1.574E+05  1.598E+05  1.340E+05  1.245E+05  1.220E+05  1.162E+05  9.148E+04  1.040E+05
  8.224E+04  8.285E+04  6.982E+04  8.124E+04  6.315E+04  5.568E+04  5.939E+04  6.573E+04  4.795E+04  4.217E+04
  3.969E+04  3.717E+04  3.466E+04  2.407E+04  2.089E+04  1.766E+04  1.499E+04  1.385E+04  1.347E+04  9.997E+03
  1.100E+04  1.421E+04  1.051E+04  1.734E+04  2.352E+04  2.425E+04  2.677E+04  2.489E+04  2.876E+04  3.393E+04
  4.789E+04  4.355E+04  4.919E+04  5.118E+04  5.344E+04  5.032E+04  6.402E+04  7.914E+04  7.230E+04  8.003E+04
  8.670E+04  1.103E+05  9.450E+04  1.105E+05  1.134E+05  1.315E+05  1.301E+05  1.359E+05  1.499E+05  1.527E+05
  1.767E+05  1.673E+05  1.768E+05  2.047E+05  2.087E+05  2.271E+05  2.409E+05  2.235E+05  2.395E+05  2.671E+05
  2.647E+05  3.126E+05  2.882E+05  2.913E+05  3.057E+05  3.024E+05  2.995E+05  3.318E+05  3.305E+05  3.168E+05
  3.285E+05  3.050E+05  3.138E+05  3.180E+05  3.081E+05  3.129E+05  2.921E+05  2.995E+05  2.815E+05  2.746E+05
  2.857E+05  2.571E+05  2.516E+05  2.237E+05  2.175E+05  2.176E+05  1.991E+05  1.933E+05  1.758E+05  1.669E+05
  1.607E+05  1.506E+05  1.423E+05  1.303E+05  1.206E+05  1.018E+05  1.011E+05  9.731E+04  8.739E+04  8.252E+04
  8.645E+04  6.663E+04  5.859E+04  6.399E+04  5.383E+04  5.265E+04  5.463E+04  4.706E+04  4.285E+04  4.251E+04
  3.833E+04  3.497E+04  2.732E+04  1.884E+04  2.460E+04  1.432E+04  1.720E+04  1.185E+04  1.526E+04  1.145E+04
  1.110E+04  1.178E+04  1.327E+04  1.123E+04  1.971E+04  1.801E+04  1.852E+04  2.657E+04  3.119E+04  3.178E+04
  3.535E+04  3.242E+04  3.485E+04  5.307E+04  5.206E+04  5.548E+04  5.595E+04  6.991E+04  6.782E+04  6.567E+04
  8.323E+04  8.870E+04  9.689E+04  8.606E+04  1.070E+05  1.084E+05  1.260E+05  1.191E+05  1.424E+05  1.417E+05
  1.399E+05  1.528E+05  1.807E+05  1.889E+05  1.833E+05  2.066E+05  2.222E+05  2.013E+05  2.282E+05  2.595E+05
  2.545E+05  2.381E+05  2.450E+05  2.660E+05  2.543E+05  2.929E+05  2.791E+05  2.629E+05  2.656E+05  2.857E+05
  2.815E+05  2.721E+05  2.719E+05  2.599E+05  2.731E+05  2.666E+05  2.570E+05  2.519E+05  2.482E+05  2.308E+05
  2.338E+05  2.144E+05  2.305E+05  2.164E+05  1.986E+05  1.842E+05  1.753E+05  1.741E+05  1.579E+05  1.499E+05
  1.446E+05  1.320E+05  1.279E+05  1.143E+05  1.092E+05  9.071E+04  9.518E+04  8.786E+04  8.735E+04  7.652E+04
  7.746E+04  6.048E+04  7.022E+04  5.261E+04  5.313E+04  5.649E+04  4.513E+04  5.064E+04  4.256E+04  3.507E+04
  2.697E+04  2.672E+04  2.650E+04  1.901E+04  1.641E+04  1.721E+04  1.404E+04  1.299E+04  1.152E+04  1.131E+04
  8.661E+03  1.155E+04  1.260E+04  1.732E+04  1.490E+04  1.923E+04  1.902E+04  2.445E+04  2.891E+04  3.003E+04
  2.774E+04  3.746E+04  4.234E+04  4.471E+04  4.709E+04  4.472E+04  5.036E+04  5.574E+04  6.195E+04  7.168E+04
  7.354E+04  7.191E+04  8.440E+04  8.697E+04  1.069E+05  1.078E+05  1.125E+05  1.196E+05  1.273E+05  1.381E+05
  1.433E+05  1.396E+05  1.550E+05  1.446E+05  1.620E+05  1.745E+05  1.806E+05  1.935E+05  1.934E+05  2.126E+05
  1.996E+05  2.076E+05  2.309E+05  2.327E+05  2.283E+05  2.324E+05  2.441E+05  2.356E+05  2.482E+05  2.470E+05
  2.361E+05  2.589E+05  2.407E+05  2.300E+05  2.349E+05  2.302E+05  2.341E+05  2.063E+05  2.108E+05  2.038E+05
  2.192E+05  1.963E+05  1.843E+05  1.766E+05  1.642E+05  1.684E+05  1.625E+05  1.469E+05  1.375E+05  1.361E+05
  1.239E+05  1.265E+05  1.089E+05  1.076E+05  1.034E+05  9.955E+04  8.399E+04  7.459E+04  7.200E+04  7.278E+04
  6.294E+04  6.473E+04  5.546E+04  5.691E+04  5.174E+04  5.817E+04  4.153E+04  3.983E+04  3.779E+04  3.293E+04
  2.733E+04  2.820E+04  2.077E+04  2.477E+04  1.558E+04  1.585E+04  9.526E+03  1.470E+04  1.252E+04  7.585E+03
  1.242E+04  1.272E+04  1.369E+04  9.470E+03  1.152E+04  1.687E+04  1.578E+04  2.437E+04  2.059E+04  2.740E+04
  3.358E+04  3.600E+04  3.346E+04  3.888E+04  4.749E+04  5.036E+04  4.686E+04  4.770E+04  5.986E+04  6.963E+04
  6.606E+04  7.980E+04  7.831E+04  8.164E+04  1.016E+05  8.482E+04  9.603E+04  1.132E+05  1.063E+05  1.169E+05
  1.264E+05  1.321E+05  1.375E+05  1.257E+05  1.474E+05  1.434E+05  1.762E+05  1.873E+05  1.840E+05  1.694E+05
  1.756E+05  1.799E+05  1.994E+05  1.949E+05  2.112E+05  2.132E+05  2.059E+05  2.124E+05  2.134E+05  2.146E+05
  2.089E+05  2.176E+05  2.073E+05  2.085E+05  2.096E+05  2.045E+05  1.963E+05  1.834E+05  1.950E+05  1.759E+05
  1.774E+05  1.650E+05  1.809E+05  1.649E+05  1.567E+05  1.558E+05  1.303E+05  1.266E+05  1.178E+05  1.198E+05
  1.121E+05  1.165E+05  1.042E+05  9.696E+04  1.003E+05  8.749E+04  8.162E+04  6.598E+04  7.624E+04  6.202E+04
  5.595E+04  5.597E+04  5.348E+04  5.475E+04  4.532E+04  3.336E+04  4.010E+04  3.710E+04  3.233E+04  3.155E+04
  2.221E+04  2.819E+04  2.283E+04  1.657E+04  1.496E+04  1.204E+04  1.599E+04  8.674E+03  1.039E+04  1.212E+04
  8.364E+03  7.465E+03  1.220E+04  9.874E+03  1.376E+04  1.306E+04  1.794E+04  2.641E+04  1.879E+04  2.394E+04
  2.551E+04  2.717E+04  3.031E+04  3.006E+04  3.527E+04  3.272E+04  5.127E+04  5.448E+04  5.555E+04  5.360E+04
  6.323E+04  6.722E+04  6.688E+04  6.928E+04  7.368E+04  9.007E+04  8.078E+04  8.928E+04  1.045E+05  9.436E+04
  1.051E+05  1.087E+05  1.189E+05  1.255E+05  1.417E+05  1.308E+05  1.469E+05  1.421E+05  1.460E+05  1.612E+05
  1.687E+05  1.514E+05  1.715E+05  1.772E+05  1.806E+05  1.878E+05  1.754E+05  1.907E+05  1.836E+05  1.898E+05
  1.941E+05  1.840E+05  1.953E+05  1.882E+05  1.626E+05  1.779E+05  1.766E+05  1.701E+05  1.714E+05  1.762E+05
  1.680E+05  1.564E+05  1.525E+05  1.450E+05  1.390E+05  1.360E+05  1.287E+05  1.212E+05  1.128E+05  9.955E+04
  9.868E+04  1.060E+05  8.553E+04  7.786E+04  7.708E+04  7.778E+04  7.896E+04  6.024E+04  6.998E+04  5.960E+04
  6.102E+04  5.107E+04  4.778E+04  5.071E+04  3.988E+04  3.720E+04  3.421E+04  3.199E+04  2.906E+04  3.156E+04
  2.789E+04  1.349E+04  1.666E+04  1.807E+04  1.474E+04  1.123E+04  1.578E+04  1.015E+04  9.081E+03  8.069E+03
  8.880E+03  7.619E+03  1.161E+04  8.603E+03  9.721E+03  1.118E+04  1.190E+04  1.478E+04  2.046E+04  1.833E+04
  2.367E+04  2.471E+04  2.757E+04  2.387E+04  3.650E+04  3.336E+04  4.269E+04  4.299E+04  5.739E+04  4.671E+04
  5.872E+04  5.492E+04  5.527E+04  6.898E+04  6.234E+04  6.950E+04  7.478E+04  8.055E+04  9.044E+04  1.017E+05
  9.962E+04  1.007E+05  9.719E+04  9.938E+04  1.159E+05  1.246E+05  1.360E+05  1.443E+05  1.298E+05  1.387E+05
  1.523E+05  1.492E+05  1.601E+05  1.550E+05  1.477E+05  1.510E+05  1.592E+05  1.620E+05  1.660E+05  1.535E+05
  1.597E+05  1.698E+05  1.640E+05  1.777E+05  1.531E+05  1.545E+05  1.681E+05  1.527E+05  1.310E+05  1.424E+05
  1.321E+05  1.314E+05  1.233E+05  1.179E+05  1.185E+05  1.290E+05  1.040E+05  1.066E+05  1.122E+05  8.980E+04
  9.546E+04  8.584E+04  8.991E+04  8.707E+04  7.058E+04  6.711E+04  5.913E+04  5.954E+04  5.604E+04  4.466E+04
  5.583E+04  4.906E+04  4.090E+04  4.211E+04  3.851E+04  3.828E+04  2.282E+04  3.008E+04  2.313E+04  2.375E+04
  1.527E+04  1.344E+04  1.479E+04  1.507E+04  1.205E+04  1.456E+04  1.014E+04  1.181E+04  8.299E+03  1.089E+04
  8.401E+03  7.743E+03  1.061E+04  7.291E+03  1.159E+04  9.817E+03  1.361E+04  1.356E+04  1.317E+04  1.854E+04
  1.564E+04  2.123E+04  2.281E+04  2.926E+04  3.329E+04  3.475E+04  3.848E+04  3.623E+04  4.738E+04  5.223E+04
  5.095E+04  5.729E+04  5.021E+04  6.525E+04  6.200E+04  6.176E+04  7.845E+04  7.749E+04  7.752E+04  8.586E+04
  8.918E+04  9.961E+04  1.061E+05  9.352E+04  9.035E+04  1.072E+05  1.021E+05  1.183E+05  1.262E+05  1.284E+05
  1.280E+05  1.277E+05  1.372E+05  1.463E+05  1.459E+05  1.444E+05  1.526E+05  1.403E+05  1.468E+05  1.431E+05
  1.472E+05  1.373E+05  1.525E+05  1.336E+05  1.432E+05  1.401E+05  1.396E+05  1.214E+05  1.474E+05  1.186E+05
  1.241E+05  1.294E+05  1.229E+05  1.168E+05  1.047E+05  1.070E+05  8.824E+04  9.235E+04  8.860E+04  7.907E+04
  7.732E+04  8.462E+04  7.830E+04  6.800E+04  6.421E+04  6.104E+04  5.347E+04  5.665E+04  5.176E+04  5.463E+04
  4.399E+04  3.948E+04  3.940E+04  4.190E+04  2.722E+04  3.582E+04  2.928E+04  2.543E+04  1.967E+04  1.862E+04
  1.447E+04  1.932E+04  1.392E+04  1.398E+04  1.312E+04  1.010E+04  1.096E+04  6.235E+03  8.320E+03  6.988E+03
  9.171E+03  8.879E+03  7.499E+03  1.030E+04  1.090E+04  8.948E+03  1.387E+04  1.338E+04  9.830E+03  1.749E+04
  2.303E+04  2.254E+04  2.160E+04  2.242E+04  2.672E+04  2.945E+04  2.891E+04  3.065E+04  3.356E+04  4.839E+04
  5.463E+04  4.506E+04  5.201E+04  6.159E+04  6.402E+04  5.959E+04  6.564E+04  7.596E+04  7.531E+04  7.659E+04
  8.950E+04  9.998E+04  8.277E+04  1.004E+05  8.571E+04  9.652E+04  8.742E+04  1.076E+05  1.142E+05  1.061E+05
  1.149E+05  1.088E+05  1.210E+05  1.321E+05  1.177E+05  1.224E+05  1.326E+05  1.202E+05  1.342E+05  1.148E+05
  1.151E+05  1.339E+05  1.197E+05  1.140E+05  1.154E+05  1.197E+05  1.185E+05  1.166E+05  1.175E+05  1.046E+05
  1.126E+05  1.097E+05  9.836E+04  1.134E+05  1.075E+05  9.741E+04  1.002E+05  9.391E+04  7.989E+04  9.171E+04
  6.324E+04  6.876E+04  6.001E+04  7.380E+04  6.469E+04  5.472E+04  4.979E+04  5.198E+04  4.603E+04  3.777E+04
  3.797E+04  3.229E+04  3.985E+04  3.307E+04  3.147E+04  2.675E+04  2.459E+04  2.536E+04  1.621E+04  1.683E+04
  1.562E+04  1.064E+04  1.009E+04  1.382E+04  9.433E+03  7.922E+03  6.539E+03  1.024E+04  7.316E+03  8.545E+03
  9.684E+03  5.773E+03  9.729E+03  9.684E+03  1.024E+04  1.183E+04  1.013E+04  8.834E+03  1.174E+04  9.142E+03
  1.427E+04  1.484E+04  1.732E+04  2.515E+04  2.000E+04  2.706E+04  2.288E+04  3.101E+04  4.126E+04  4.078E+04
  3.518E+04  3.911E+04  4.547E+04  5.169E+04  5.145E+04  5.611E+04  5.756E+04  5.834E+04  6.631E+04  5.927E+04
  7.392E+04  6.411E+04  6.694E+04  8.153E+04  8.652E+04  8.022E+04  9.979E+04  9.909E+04  8.301E+04  9.314E+04
  1.024E+05  1.114E+05  1.030E+05  1.014E+05  1.057E+05  1.156E+05  1.097E+05  1.035E+05  1.114E+05  1.129E+05
  1.098E+05  1.125E+05  1.156E+05  1.098E+05  1.062E+05  1.034E+05  1.002E+05  1.095E+05  1.006E+05  8.618E+04
  1.012E+05  8.370E+04  9.568E+04  8.006E+04  8.307E+04  9.001E+04  6.968E+04  7.437E+04  6.930E+04  7.011E+04
  6.625E+04  7.231E+04  6.253E+04  6.786E+04  5.824E+04  4.982E+04  4.799E+04  4.544E+04  3.970E+04  3.946E+04
  3.834E+04  2.956E+04  2.962E+04  2.500E+04  2.882E+04  2.307E+04  1.820E+04  1.742E+04  1.542E+04  1.172E+04
  1.120E+04  1.066E+04  1.020E+04  8.896E+03  8.697E+03  7.306E+03  7.501E+03  6.772E+03  5.956E+03  5.897E+03
  4.377E+03  4.882E+03  1.015E+04  9.945E+03  5.891E+03  1.084E+04  6.979E+03  1.046E+04  8.369E+03  9.827E+03
  1.201E+04  1.392E+04  1.870E+04  1.637E+04  2.341E+04  2.480E+04  2.953E+04  2.057E+04  2.865E+04  3.356E+04
  3.822E+04  4.369E+04  3.717E+04  4.292E+04  5.115E+04  5.267E+04  5.551E+04  5.916E+04  5.486E+04  6.547E+04
  6.547E+04  6.828E+04  7.377E+04  7.711E+04  6.966E+04  7.399E+04  7.269E+04  8.750E+04  7.930E+04  8.189E+04
  9.178E+04  7.735E+04  7.869E+04  8.951E+04  9.798E+04  9.319E+04  9.903E+04  9.555E+04  9.285E+04  9.312E+04
  1.028E+05  1.100E+05  9.715E+04  1.002E+05  9.858E+04  9.611E+04  9.740E+04  8.678E+04  8.318E+04  8.797E+04
  8.580E+04  8.417E+04  8.324E+04  7.267E+04  6.900E+04  8.519E+04  6.435E+04  7.324E+04  6.651E+04  6.639E+04
  6.411E+04  6.114E+04  5.248E+04  5.257E+04  5.589E+04  4.829E+04  4.286E+04  4.555E+04  3.707E+04  3.445E+04
  2.802E+04  3.336E+04  2.694E+04  2.267E+04  2.276E+04  1.886E+04  1.480E+04  1.850E+04  1.688E+04  1.378E+04
  1.530E+04  9.513E+03  1.068E+04  1.169E+04  1.105E+04  1.147E+04  9.893E+03  1.031E+04  1.013E+04  7.881E+03
  9.369E+03  3.916E+03  5.621E+03  5.226E+03  9.442E+03  9.910E+03  1.029E+04  1.026E+04  9.160E+03  1.346E+04
  1.343E+04  8.627E+03  1.431E+04  1.554E+04  1.933E+04  2.080E+04  2.678E+04  1.874E+04  2.669E+04  2.871E+04
  2.921E+04  2.644E+04  3.465E+04  3.280E+04  3.996E+04  5.033E+04  5.309E+04  4.643E+04  4.964E+04  5.056E+04
  6.386E+04  6.646E+04  6.623E+04  6.521E+04  6.949E+04  6.334E+04  7.345E+04  7.206E+04  7.015E+04  7.238E+04
  8.182E+04  8.333E+04  7.435E+04  9.212E+04  8.808E+04  9.678E+04  9.344E+04  9.037E+04  8.607E+04  8.044E+04
  8.989E+04  9.306E+04  9.616E+04  8.773E+04  8.542E+04  7.980E+04  8.621E+04  7.725E+04  7.893E+04  8.709E+04
  7.057E+04  7.426E+04  7.960E+04  6.939E+04  6.076E+04  6.639E+04  6.482E+04  5.458E+04  6.150E+04  5.782E+04
  5.390E+04  6.403E+04  4.658E+04  4.657E+04  4.317E+04  4.753E+04  4.174E+04  3.560E+04  3.487E+04  3.018E+04
  2.748E+04  2.155E+04  2.208E+04  1.778E+04  1.752E+04  1.799E+04  1.247E+04  1.819E+04  1.558E+04  1.233E+04
  9.984E+03  1.102E+04  1.273E+04  1.044E+04  1.105E+04  7.746E+03  1.027E+04  7.526E+03  9.234E+03  6.757E+03
  3.731E+03  8.241E+03  7.062E+03  7.813E+03  6.741E+03  8.587E+03  5.243E+03  1.203E+04  8.631E+03  9.080E+03
  4.628E+03  1.338E+04  1.365E+04  1.097E+04  1.709E+04  1.740E+04  2.052E+04  2.358E+04  2.390E+04  2.860E+04
  2.579E+04  3.241E+04  3.238E+04  3.556E+04  3.982E+04  3.427E+04  4.410E+04  4.590E+04  4.890E+04  4.138E+04
  5.753E+04  6.244E+04  5.166E+04  6.071E+04  7.324E+04  7.025E+04  6.640E+04  6.982E+04  7.001E+04  7.345E+04
  7.197E+04  7.819E+04  7.602E+04  7.456E+04  7.243E+04  8.246E+04  7.106E+04  7.174E+04  7.730E+04  7.337E+04
  7.340E+04  7.357E+04  8.422E+04  7.010E+04  7.862E+04  7.634E+04  6.414E+04  6.769E+04  6.848E+04  6.373E+04
  6.663E+04  7.957E+04  6.869E+04  6.455E+04  6.514E+04  6.807E+04  6.535E+04  5.728E+04  5.247E+04  5.552E+04
  5.278E+04  4.880E+04  4.171E+04  3.958E+04  3.804E+04  3.309E+04  3.915E+04  3.737E+04  2.742E+04  2.740E+04
  2.668E+04  2.752E+04  2.085E+04  1.424E+04  1.819E+04  1.610E+04  1.213E+04  1.371E+04  9.652E+03  1.500E+04
  8.184E+03  8.795E+03  6.202E+03  1.021E+04  8.254E+03  6.138E+03  7.599E+03  5.894E+03  6.994E+03  5.105E+03

#------------------------------------------------------------------------------
# gshow
#------------------------------------------------------------------------------

p: legs[c5*0.875]

hb:   line clip z  
frame:
 -5.9999853E+00 -5.9999721E+00
  6.0000147E+00 -5.9999721E+00
  6.0000147E+00  6.0000279E+00
 -5.9999853E+00  6.0000279E+00
clip:
 -6.11879707E+00 -6.11878373E+00
  6.11882670E+00 -6.11878373E+00
  6.11882670E+00 -5.99640750E+00
  6.11882670E+00 -5.87403126E+00
  6.11882670E+00 -5.75165502E+00
  6.11882670E+00 -5.62927878E+00
  6.11882670E+00 -5.50690254E+00
  6.11882670E+00 -5.38452631E+00
  6.11882670E+00 -5.26215007E+00
  6.11882670E+00 -5.13977383E+00
  6.11882670E+00 -5.01739759E+00
  6.11882670E+00 -4.89502136E+00
  6.11882670E+00 -4.77264512E+00
  6.11882670E+00 -4.65026888E+00
  6.11882670E+00 -4.52789264E+00
  6.11882670E+00 -4.40551641E+00
  6.11882670E+00 -4.28314017E+00
  6.11882670E+00 -4.16076393E+00
  6.11882670E+00 -4.03838769E+00
  6.11882670E+00 -3.91601146E+00
  6.11882670E+00 -3.79363522E+00
  6.11882670E+00 -3.67125898E+00
  6.11882670E+00 -3.54888274E+00
  6.11882670E+00 -3.42650651E+00
  6.11882670E+00 -3.30413027E+00
  6.11882670E+00 -3.18175403E+00
  6.11882670E+00 -3.05937779E+00
  6.11882670E+00 -2.93700155E+00
  6.11882670E+00 -2.81462532E+00
  6.11882670E+00 -2.69224908E+00
  6.11882670E+00 -2.56987284E+00
  6.11882670E+00 -2.44749660E+00
  6.11882670E+00 -2.32512037E+00
  6.11882670E+00 -2.20274413E+00
  6.11882670E+00 -2.08036789E+00
  6.11882670E+00 -1.95799165E+00
  6.11882670E+00 -1.83561542E+00
  6.11882670E+00 -1.71323918E+00
  6.11882670E+00 -1.59086294E+00
  6.11882670E+00 -1.46848670E+00
  6.11882670E+00 -1.34611047E+00
  6.11882670E+00 -1.22373423E+00
  6.11882670E+00 -1.10135799E+00
  6.11882670E+00 -9.78981753E-01
  6.11882670E+00 -8.56605515E-01
  6.11882670E+00 -7.34229278E-01
  6.11882670E+00 -6.11853040E-01
  6.11882670E+00 -4.89476802E-01
  6.11882670E+00 -3.67100565E-01
  6.11882670E+00 -2.44724327E-01
  6.11882670E+00 -1.22348089E-01
  6.11882670E+00  2.81481468E-05
  6.11882670E+00  1.22404386E-01
  6.11882670E+00  2.44780623E-01
  6.11882670E+00  3.67156861E-01
  6.11882670E+00  4.89533099E-01
  6.11882670E+00  6.11909336E-01
  6.11882670E+00  7.34285574E-01
  6.11882670E+00  8.56661812E-01
  6.11882670E+00  9.79038049E-01
  6.11882670E+00  1.10141429E+00
  6.11882670E+00  1.22379052E+00
  6.11882670E+00  1.34616676E+00
  6.11882670E+00  1.46854300E+00
  6.11882670E+00  1.59091924E+00
  6.11882670E+00  1.71329547E+00
  6.11882670E+00  1.83567171E+00
  6.11882670E+00  1.95804795E+00
  6.11882670E+00  2.08042419E+00
  6.11882670E+00  2.20280043E+00
  6.11882670E+00  2.32517666E+00
  6.11882670E+00  2.44755290E+00
  6.11882670E+00  2.56992914E+00
  6.11882670E+00  2.69230538E+00
  6.11882670E+00  2.81468161E+00
  6.11882670E+00  2.93705785E+00
  6.11882670E+00  3.05943409E+00
  6.11882670E+00  3.18181033E+00
  6.11882670E+00  3.30418656E+00
  6.11882670E+00  3.42656280E+00
  6.11882670E+00  3.54893904E+00
  6.11882670E+00  3.67131528E+00
  6.11882670E+00  3.79369151E+00
  6.11882670E+00  3.91606775E+00
  6.11882670E+00  4.03844399E+00
  6.11882670E+00  4.16082023E+00
  6.11882670E+00  4.28319646E+00
  6.11882670E+00  4.40557270E+00
  6.11882670E+00  4.52794894E+00
  6.11882670E+00  4.65032518E+00
  6.11882670E+00  4.77270142E+00
  6.11882670E+00  4.89507765E+00
  6.11882670E+00  5.01745389E+00
  6.11882670E+00  5.13983013E+00
  6.11882670E+00  5.26220637E+00
  6.11882670E+00  5.38458260E+00
  6.11882670E+00  5.50695884E+00
  6.11882670E+00  5.62933508E+00
  6.11882670E+00  5.75171132E+00
  6.11882670E+00  5.87408755E+00
  6.11882670E+00  5.99646379E+00
  6.11882670E+00  6.11884003E+00
  5.99645046E+00  6.11884003E+00
  5.87407422E+00  6.11884003E+00
  5.75169798E+00  6.11884003E+00
  5.62932175E+00  6.11884003E+00
  5.50694551E+00  6.11884003E+00
  5.38456927E+00  6.11884003E+00
  5.26219303E+00  6.11884003E+00
  5.13981680E+00  6.11884003E+00
  5.01744056E+00  6.11884003E+00
  4.89506432E+00  6.11884003E+00
  4.77268808E+00  6.11884003E+00
  4.65031184E+00  6.11884003E+00
  4.52793561E+00  6.11884003E+00
  4.40555937E+00  6.11884003E+00
  4.28318313E+00  6.11884003E+00
  4.16080689E+00  6.11884003E+00
  4.03843066E+00  6.11884003E+00
  3.91605442E+00  6.11884003E+00
  3.79367818E+00  6.11884003E+00
  3.67130194E+00  6.11884003E+00
  3.54892571E+00  6.11884003E+00
  3.42654947E+00  6.11884003E+00
  3.30417323E+00  6.11884003E+00
  3.18179699E+00  6.11884003E+00
  3.05942076E+00  6.11884003E+00
  2.93704452E+00  6.11884003E+00
  2.81466828E+00  6.11884003E+00
  2.69229204E+00  6.11884003E+00
  2.56991580E+00  6.11884003E+00
  2.44753957E+00  6.11884003E+00
  2.32516333E+00  6.11884003E+00
  2.20278709E+00  6.11884003E+00
  2.08041085E+00  6.11884003E+00
  1.95803462E+00  6.11884003E+00
  1.83565838E+00  6.11884003E+00
  1.71328214E+00  6.11884003E+00
  1.59090590E+00  6.11884003E+00
  1.46852967E+00  6.11884003E+00
  1.34615343E+00  6.11884003E+00
  1.22377719E+00  6.11884003E+00
  1.10140095E+00  6.11884003E+00
  9.79024716E-01  6.11884003E+00
  8.56648478E-01  6.11884003E+00
  7.34272241E-01  6.11884003E+00
  6.11896003E-01  6.11884003E+00
  4.89519765E-01  6.11884003E+00
  3.67143528E-01  6.11884003E+00
  2.44767290E-01  6.11884003E+00
  1.22391052E-01  6.11884003E+00
  1.48148136E-05  6.11884003E+00
 -1.22361423E-01  6.11884003E+00
 -2.44737660E-01  6.11884003E+00
 -3.67113898E-01  6.11884003E+00
 -4.89490136E-01  6.11884003E+00
 -6.11866373E-01  6.11884003E+00
 -7.34242611E-01  6.11884003E+00
 -8.56618849E-01  6.11884003E+00
 -9.78995086E-01  6.11884003E+00
 -1.10137132E+00  6.11884003E+00
 -1.22374756E+00  6.11884003E+00
 -1.34612380E+00  6.11884003E+00
 -1.46850004E+00  6.11884003E+00
 -1.59087627E+00  6.11884003E+00
 -1.71325251E+00  6.11884003E+00
 -1.83562875E+00  6.11884003E+00
 -1.95800499E+00  6.11884003E+00
 -2.08038122E+00  6.11884003E+00
 -2.20275746E+00  6.11884003E+00
 -2.32513370E+00  6.11884003E+00
 -2.44750994E+00  6.11884003E+00
 -2.56988618E+00  6.11884003E+00
 -2.69226241E+00  6.11884003E+00
 -2.81463865E+00  6.11884003E+00
 -2.93701489E+00  6.11884003E+00
 -3.05939113E+00  6.11884003E+00
 -3.18176736E+00  6.11884003E+00
 -3.30414360E+00  6.11884003E+00
 -3.42651984E+00  6.11884003E+00
 -3.54889608E+00  6.11884003E+00
 -3.67127231E+00  6.11884003E+00
 -3.79364855E+00  6.11884003E+00
 -3.91602479E+00  6.11884003E+00
 -4.03840103E+00  6.11884003E+00
 -4.16077726E+00  6.11884003E+00
 -4.28315350E+00  6.11884003E+00
 -4.40552974E+00  6.11884003E+00
 -4.52790598E+00  6.11884003E+00
 -4.65028221E+00  6.11884003E+00
 -4.77265845E+00  6.11884003E+00
 -4.89503469E+00  6.11884003E+00
 -5.01741093E+00  6.11884003E+00
 -5.13978717E+00  6.11884003E+00
 -5.26216340E+00  6.11884003E+00
 -5.38453964E+00  6.11884003E+00
 -5.50691588E+00  6.11884003E+00
 -5.62929212E+00  6.11884003E+00
 -5.75166835E+00  6.11884003E+00
 -5.87404459E+00  6.11884003E+00
 -5.99642083E+00  6.11884003E+00
 -6.11879707E+00  6.11884003E+00
 -6.11879707E+00  5.99646379E+00
 -6.11879707E+00  5.87408755E+00
 -6.11879707E+00  5.75171132E+00
 -6.11879707E+00  5.62933508E+00
 -6.11879707E+00  5.50695884E+00
 -6.11879707E+00  5.38458260E+00
 -6.11879707E+00  5.26220637E+00
 -6.11879707E+00  5.13983013E+00
 -6.11879707E+00  5.01745389E+00
 -6.11879707E+00  4.89507765E+00
 -6.11879707E+00  4.77270142E+00
 -6.11879707E+00  4.65032518E+00
 -6.11879707E+00  4.52794894E+00
 -6.11879707E+00  4.40557270E+00
 -6.11879707E+00  4.28319646E+00
 -6.11879707E+00  4.16082023E+00
 -6.11879707E+00  4.03844399E+00
 -6.11879707E+00  3.91606775E+00
 -6.11879707E+00  3.79369151E+00
 -6.11879707E+00  3.67131528E+00
 -6.11879707E+00  3.54893904E+00
 -6.11879707E+00  3.42656280E+00
 -6.11879707E+00  3.30418656E+00
 -6.11879707E+00  3.18181033E+00
 -6.11879707E+00  3.05943409E+00
 -6.11879707E+00  2.93705785E+00
 -6.11879707E+00  2.81468161E+00
 -6.11879707E+00  2.69230538E+00
 -6.04749169E+00  2.62100000E+00
 -1.46850004E+00  2.62100000E+00
 -1.46850000E+00  2.56992914E+00
 -1.46850000E+00  2.44755294E+00
 -1.46850000E+00  2.32517670E+00
 -1.46850000E+00  2.20280046E+00
 -1.46850000E+00  2.08042422E+00
 -1.46850000E+00  1.95804799E+00
 -1.46850000E+00  1.83567175E+00
 -1.46850000E+00  1.71329551E+00
 -1.46850000E+00  1.59091927E+00
 -1.46850000E+00  1.46854304E+00
 -1.46850000E+00  1.34616680E+00
 -1.46850000E+00  1.22379056E+00
 -1.46850000E+00  1.10141432E+00
 -1.46850000E+00  9.79038086E-01
 -1.46850000E+00  8.56661848E-01
 -1.46850000E+00  7.34285611E-01
 -1.46850000E+00  6.11909373E-01
 -1.34612380E+00  5.35297348E-01
 -1.30654154E+00  5.72327078E-01
 -1.25978230E+00  6.11909336E-01
 -1.16846743E+00  6.79005441E-01
 -1.09333117E+00  7.26245418E-01
 -9.78995086E-01  7.87393005E-01
 -8.56618849E-01  8.41270466E-01
 -8.16635897E-01  8.56661812E-01
 -7.34242611E-01  8.85315929E-01
 -6.62389467E-01  9.07184905E-01
 -6.11866373E-01  9.20941168E-01
 -5.65318145E-01  9.32489821E-01
 -4.89490136E-01  9.49094843E-01
 -3.67113898E-01  9.70427457E-01
 -3.02985677E-01  9.79038049E-01
 -1.36832927E-01  9.93509553E-01
 -1.80667373E-02  9.97119601E-01
  1.06468260E-01  9.94960841E-01
  2.37755728E-01  9.86049611E-01
  3.02985677E-01  9.79038049E-01
  3.67143528E-01  9.70423078E-01
  4.89519765E-01  9.49088873E-01
  6.11896003E-01  9.20933478E-01
  7.34272241E-01  8.85306330E-01
  8.45600358E-01  8.45613691E-01
  8.82594572E-01  8.30715718E-01
  9.79024716E-01  7.87378614E-01
  1.07949582E+00  7.34285574E-01
  1.10140095E+00  7.21466590E-01
  1.13461082E+00  7.01075703E-01
  1.22377719E+00  6.39814851E-01
  1.25978230E+00  6.11909336E-01
  1.30655720E+00  5.72313111E-01
  1.34615343E+00  5.35268241E-01
  1.39000533E+00  4.89533099E-01
  1.42611770E+00  4.47121133E-01
  1.46852967E+00  3.89821987E-01
  1.48340869E+00  3.67156861E-01
  1.52230504E+00  2.98556002E-01
  1.54667743E+00  2.44780623E-01
  1.55878868E+00  2.12663402E-01
  1.58342791E+00  1.22404386E-01
  1.59090590E+00  7.55666345E-02
  1.59549365E+00  2.81481468E-05
  1.59090590E+00 -7.55666345E-02
  1.58343905E+00 -1.22348089E-01
  1.54670023E+00 -2.44724327E-01
  1.48344436E+00 -3.67100565E-01
  1.42614277E+00 -4.47089902E-01
  1.34615343E+00 -5.35268241E-01
  1.25985229E+00 -6.11853040E-01
  1.16851881E+00 -6.78970898E-01
  1.09338527E+00 -7.26213598E-01
  9.79024716E-01 -7.87378614E-01
  8.56648478E-01 -8.41258681E-01
  8.16787061E-01 -8.56605515E-01
  7.34272241E-01 -8.85306330E-01
  6.62456323E-01 -9.07165836E-01
  6.11896003E-01 -9.20933478E-01
  5.65387617E-01 -9.32473367E-01
  4.89519765E-01 -9.49088873E-01
  3.67143528E-01 -9.70423078E-01
  3.03450997E-01 -9.78981753E-01
  1.36914465E-01 -9.93505165E-01
  1.81520579E-02 -9.97118996E-01
 -1.06378588E-01 -9.94964588E-01
 -2.37660870E-01 -9.86058544E-01
 -3.03450997E-01 -9.78981753E-01
 -3.67113898E-01 -9.70427457E-01
 -4.89490136E-01 -9.49094843E-01
 -6.11866373E-01 -9.20941168E-01
 -7.34242611E-01 -8.85315929E-01
 -8.45619534E-01 -8.45606201E-01
 -8.82447697E-01 -8.30776667E-01
 -9.78995086E-01 -7.87393005E-01
 -1.07959384E+00 -7.34229278E-01
 -1.10137132E+00 -7.21484259E-01
 -1.13437730E+00 -7.01223304E-01
 -1.22374756E+00 -6.39836988E-01
 -1.25985229E+00 -6.11853040E-01
 -1.30657130E+00 -5.72300540E-01
 -1.34612380E+00 -5.35297348E-01
 -1.46850000E+00 -4.89476839E-01
 -1.46850000E+00 -6.11853040E-01
 -1.46850000E+00 -7.34229241E-01
 -1.46850000E+00 -8.56605479E-01
 -1.46850000E+00 -9.78981716E-01
 -1.46850000E+00 -1.10135795E+00
 -1.46850000E+00 -1.22373419E+00
 -1.46850000E+00 -1.34611043E+00
 -1.46850000E+00 -1.46848667E+00
 -1.46850000E+00 -1.59086290E+00
 -1.46850000E+00 -1.71323914E+00
 -1.46850000E+00 -1.83561538E+00
 -1.46850000E+00 -1.95799162E+00
 -1.46850000E+00 -2.08036785E+00
 -1.46850000E+00 -2.20274409E+00
 -1.46850000E+00 -2.32512033E+00
 -1.46850000E+00 -2.44749657E+00
 -1.46850000E+00 -2.56987281E+00
 -1.46850004E+00 -2.60900000E+00
 -1.55174912E+00 -2.60900000E+00
 -1.59087627E+00 -2.60900000E+00
 -1.67412535E+00 -2.60900000E+00
 -1.71325251E+00 -2.60900000E+00
 -1.79650159E+00 -2.60900000E+00
 -1.83562875E+00 -2.60900000E+00
 -1.91887783E+00 -2.60900000E+00
 -1.95800499E+00 -2.60900000E+00
 -2.04125407E+00 -2.60900000E+00
 -2.08038122E+00 -2.60900000E+00
 -2.16363030E+00 -2.60900000E+00
 -2.20275746E+00 -2.60900000E+00
 -2.28600654E+00 -2.60900000E+00
 -2.32513370E+00 -2.60900000E+00
 -2.40838278E+00 -2.60900000E+00
 -2.44750994E+00 -2.60900000E+00
 -2.53075902E+00 -2.60900000E+00
 -2.56988618E+00 -2.60900000E+00
 -2.65313525E+00 -2.60900000E+00
 -2.69226241E+00 -2.60900000E+00
 -2.77551149E+00 -2.60900000E+00
 -2.81463865E+00 -2.60900000E+00
 -2.89788773E+00 -2.60900000E+00
 -2.93701489E+00 -2.60900000E+00
 -3.02026397E+00 -2.60900000E+00
 -3.05939113E+00 -2.60900000E+00
 -3.14264021E+00 -2.60900000E+00
 -3.18176736E+00 -2.60900000E+00
 -3.26501644E+00 -2.60900000E+00
 -3.30414360E+00 -2.60900000E+00
 -3.38739268E+00 -2.60900000E+00
 -3.42651984E+00 -2.60900000E+00
 -3.50976892E+00 -2.60900000E+00
 -3.54889608E+00 -2.60900000E+00
 -3.63214516E+00 -2.60900000E+00
 -3.67127231E+00 -2.60900000E+00
 -3.75452139E+00 -2.60900000E+00
 -3.79364855E+00 -2.60900000E+00
 -3.87689763E+00 -2.60900000E+00
 -3.91602479E+00 -2.60900000E+00
 -3.99927387E+00 -2.60900000E+00
 -4.03840103E+00 -2.60900000E+00
 -4.12165011E+00 -2.60900000E+00
 -4.16077726E+00 -2.60900000E+00
 -4.24402634E+00 -2.60900000E+00
 -4.28315350E+00 -2.60900000E+00
 -4.36640258E+00 -2.60900000E+00
 -4.40552974E+00 -2.60900000E+00
 -4.48877882E+00 -2.60900000E+00
 -4.52790598E+00 -2.60900000E+00
 -4.61115506E+00 -2.60900000E+00
 -4.65028221E+00 -2.60900000E+00
 -4.73353129E+00 -2.60900000E+00
 -4.77265845E+00 -2.60900000E+00
 -4.85590753E+00 -2.60900000E+00
 -4.89503469E+00 -2.60900000E+00
 -4.97828377E+00 -2.60900000E+00
 -5.01741093E+00 -2.60900000E+00
 -5.10066001E+00 -2.60900000E+00
 -5.13978717E+00 -2.60900000E+00
 -5.22303624E+00 -2.60900000E+00
 -5.26216340E+00 -2.60900000E+00
 -5.34541248E+00 -2.60900000E+00
 -5.38453964E+00 -2.60900000E+00
 -5.46778872E+00 -2.60900000E+00
 -5.50691588E+00 -2.60900000E+00
 -5.59016496E+00 -2.60900000E+00
 -5.62929212E+00 -2.60900000E+00
 -5.71254120E+00 -2.60900000E+00
 -5.75166835E+00 -2.60900000E+00
 -5.83491743E+00 -2.60900000E+00
 -5.87404459E+00 -2.60900000E+00
 -5.95729367E+00 -2.60900000E+00
 -5.99642083E+00 -2.60900000E+00
 -6.07966991E+00 -2.60900000E+00
 -6.11879707E+00 -2.60900000E+00
 -6.11879707E+00 -2.69224908E+00
 -6.11879707E+00 -2.81462532E+00
 -6.11879707E+00 -2.93700155E+00
 -6.11879707E+00 -3.05937779E+00
 -6.11879707E+00 -3.18175403E+00
 -6.11879707E+00 -3.30413027E+00
 -6.11879707E+00 -3.42650651E+00
 -6.11879707E+00 -3.54888274E+00
 -6.11879707E+00 -3.67125898E+00
 -6.11879707E+00 -3.79363522E+00
 -6.11879707E+00 -3.91601146E+00
 -6.11879707E+00 -4.03838769E+00
 -6.11879707E+00 -4.16076393E+00
 -6.11879707E+00 -4.28314017E+00
 -6.11879707E+00 -4.40551641E+00
 -6.11879707E+00 -4.52789264E+00
 -6.11879707E+00 -4.65026888E+00
 -6.11879707E+00 -4.77264512E+00
 -6.11879707E+00 -4.89502136E+00
 -6.11879707E+00 -5.01739759E+00
 -6.11879707E+00 -5.13977383E+00
 -6.11879707E+00 -5.26215007E+00
 -6.11879707E+00 -5.38452631E+00
 -6.11879707E+00 -5.50690254E+00
 -6.11879707E+00 -5.62927878E+00
 -6.11879707E+00 -5.75165502E+00
 -6.11879707E+00 -5.87403126E+00
 -6.11879707E+00 -5.99640750E+00
 -6.11879707E+00 -6.11878373E+00

hb:   line clip z  
frame:
 -5.9999853E+00 -5.9999721E+00
  6.0000147E+00 -5.9999721E+00
  6.0000147E+00  6.0000279E+00
 -5.9999853E+00  6.0000279E+00
clip:
 -6.11879707E+00 -2.60900000E+00
 -1.46850004E+00 -2.60900000E+00
 -1.46850000E+00 -2.56987288E+00
 -1.46850000E+00 -2.44749660E+00
 -1.46850000E+00 -2.32512037E+00
 -1.46850000E+00 -2.20274413E+00
 -1.46850000E+00 -2.08036789E+00
 -1.46850000E+00 -1.95799165E+00
 -1.46850000E+00 -1.83561542E+00
 -1.46850000E+00 -1.71323918E+00
 -1.46850000E+00 -1.59086294E+00
 -1.46850004E+00 -1.48600000E+00
 -1.57336298E+00 -1.48600000E+00
 -1.59087627E+00 -1.48600000E+00
 -1.69573922E+00 -1.48600000E+00
 -1.71325251E+00 -1.48600000E+00
 -1.71850000E+00 -1.58561545E+00
 -1.71850000E+00 -1.59086294E+00
 -1.71850000E+00 -1.59611043E+00
 -1.71850000E+00 -1.71323918E+00
 -1.71850000E+00 -1.71848667E+00
 -1.71850000E+00 -1.83561542E+00
 -1.71850000E+00 -1.84086290E+00
 -1.71850000E+00 -1.95799165E+00
 -1.71850000E+00 -1.96323914E+00
 -1.71850000E+00 -2.08036789E+00
 -1.71850000E+00 -2.08561538E+00
 -1.71850000E+00 -2.20274413E+00
 -1.71850000E+00 -2.20799162E+00
 -1.71850000E+00 -2.32512037E+00
 -1.71850000E+00 -2.33036785E+00
 -1.83562875E+00 -2.35900000E+00
 -1.92412535E+00 -2.35900000E+00
 -1.95800499E+00 -2.35900000E+00
 -2.04650159E+00 -2.35900000E+00
 -2.08038122E+00 -2.35900000E+00
 -2.16887783E+00 -2.35900000E+00
 -2.20275746E+00 -2.35900000E+00
 -2.29125407E+00 -2.35900000E+00
 -2.32513370E+00 -2.35900000E+00
 -2.41363030E+00 -2.35900000E+00
 -2.44750994E+00 -2.35900000E+00
 -2.53600654E+00 -2.35900000E+00
 -2.56988618E+00 -2.35900000E+00
 -2.65838278E+00 -2.35900000E+00
 -2.69226241E+00 -2.35900000E+00
 -2.78075902E+00 -2.35900000E+00
 -2.81463865E+00 -2.35900000E+00
 -2.90313525E+00 -2.35900000E+00
 -2.93701489E+00 -2.35900000E+00
 -3.02551149E+00 -2.35900000E+00
 -3.05939113E+00 -2.35900000E+00
 -3.14788773E+00 -2.35900000E+00
 -3.18176736E+00 -2.35900000E+00
 -3.27026397E+00 -2.35900000E+00
 -3.30414360E+00 -2.35900000E+00
 -3.39264021E+00 -2.35900000E+00
 -3.42651984E+00 -2.35900000E+00
 -3.51501644E+00 -2.35900000E+00
 -3.54889608E+00 -2.35900000E+00
 -3.63739268E+00 -2.35900000E+00
 -3.67127231E+00 -2.35900000E+00
 -3.75976892E+00 -2.35900000E+00
 -3.79364855E+00 -2.35900000E+00
 -3.88214516E+00 -2.35900000E+00
 -3.91602479E+00 -2.35900000E+00
 -4.00452139E+00 -2.35900000E+00
 -4.03840103E+00 -2.35900000E+00
 -4.12689763E+00 -2.35900000E+00
 -4.16077726E+00 -2.35900000E+00
 -4.24927387E+00 -2.35900000E+00
 -4.28315350E+00 -2.35900000E+00
 -4.37165011E+00 -2.35900000E+00
 -4.40552974E+00 -2.35900000E+00
 -4.49402634E+00 -2.35900000E+00
 -4.52790598E+00 -2.35900000E+00
 -4.61640258E+00 -2.35900000E+00
 -4.65028221E+00 -2.35900000E+00
 -4.73877882E+00 -2.35900000E+00
 -4.77265845E+00 -2.35900000E+00
 -4.86115506E+00 -2.35900000E+00
 -4.89503469E+00 -2.35900000E+00
 -4.98353129E+00 -2.35900000E+00
 -5.01741093E+00 -2.35900000E+00
 -5.10590753E+00 -2.35900000E+00
 -5.13978717E+00 -2.35900000E+00
 -5.22828377E+00 -2.35900000E+00
 -5.26216340E+00 -2.35900000E+00
 -5.35066001E+00 -2.35900000E+00
 -5.38453964E+00 -2.35900000E+00
 -5.47303624E+00 -2.35900000E+00
 -5.50691588E+00 -2.35900000E+00
 -5.59541248E+00 -2.35900000E+00
 -5.62929212E+00 -2.35900000E+00
 -5.71778872E+00 -2.35900000E+00
 -5.75166835E+00 -2.35900000E+00
 -5.84016496E+00 -2.35900000E+00
 -5.87404459E+00 -2.35900000E+00
 -5.96254120E+00 -2.35900000E+00
 -5.99642083E+00 -2.35900000E+00
 -6.08491743E+00 -2.35900000E+00
 -6.11879707E+00 -2.35900000E+00
 -6.11879707E+00 -2.44749660E+00
 -6.11879707E+00 -2.56987284E+00

hb:   line clip z  
frame:
 -5.9999853E+00 -5.9999721E+00
  6.0000147E+00 -5.9999721E+00
  6.0000147E+00  6.0000279E+00
 -5.9999853E+00  6.0000279E+00
clip:
 -6.11879707E+00 -2.35900000E+00
 -1.80174912E+00 -2.35900000E+00
 -1.71850000E+00 -2.32512037E+00
 -1.71850000E+00 -2.20799162E+00
 -1.71850000E+00 -2.20274413E+00
 -1.71850000E+00 -2.08561538E+00
 -1.71850000E+00 -2.08036789E+00
 -1.71850000E+00 -1.96323914E+00
 -1.71850000E+00 -1.95799165E+00
 -1.71850000E+00 -1.84086290E+00
 -1.71850000E+00 -1.83561542E+00
 -1.71850000E+00 -1.71848667E+00
 -1.71850000E+00 -1.71323918E+00
 -1.71850000E+00 -1.59611043E+00
 -1.71850000E+00 -1.59086294E+00
 -1.71850000E+00 -1.47373419E+00
 -1.71850000E+00 -1.46848670E+00
 -1.71850000E+00 -1.35135795E+00
 -1.71850000E+00 -1.34611047E+00
 -1.71850000E+00 -1.22898172E+00
 -1.71850000E+00 -1.22373423E+00
 -1.71850000E+00 -1.10660548E+00
 -1.71850000E+00 -1.10135799E+00
 -1.71850000E+00 -9.84229241E-01
 -1.71850000E+00 -9.78981753E-01
 -1.71850000E+00 -8.61853003E-01
 -1.71850000E+00 -8.56605515E-01
 -1.71850000E+00 -7.39476766E-01
 -1.71850000E+00 -7.34229278E-01
 -1.71850000E+00 -6.17100528E-01
 -1.71850000E+00 -6.11853040E-01
 -1.71850000E+00 -4.94724290E-01
 -1.71850000E+00 -4.89476802E-01
 -1.71850000E+00 -3.72348053E-01
 -1.71850000E+00 -3.67100565E-01
 -1.71850000E+00 -2.49971815E-01
 -1.71850000E+00 -2.44724327E-01
 -1.71850000E+00 -1.27595578E-01
 -1.71850000E+00 -1.22348089E-01
 -1.71850000E+00 -5.21933993E-03
 -1.71850000E+00  2.81481468E-05
 -1.71850000E+00  1.17156898E-01
 -1.71850000E+00  1.22404386E-01
 -1.71850000E+00  2.39533135E-01
 -1.71850000E+00  2.44780623E-01
 -1.71850000E+00  3.61909373E-01
 -1.71850000E+00  3.67156861E-01
 -1.71850000E+00  4.84285611E-01
 -1.71850000E+00  4.89533099E-01
 -1.71850000E+00  6.06661848E-01
 -1.71850000E+00  6.11909336E-01
 -1.71850000E+00  7.29038086E-01
 -1.71850000E+00  7.34285574E-01
 -1.71850000E+00  8.51414323E-01
 -1.71850000E+00  8.56661812E-01
 -1.71850000E+00  9.73790561E-01
 -1.71850000E+00  9.79038049E-01
 -1.71850000E+00  1.09616680E+00
 -1.71850000E+00  1.10141429E+00
 -1.71850000E+00  1.21854304E+00
 -1.71850000E+00  1.22379052E+00
 -1.71850000E+00  1.34091927E+00
 -1.71850000E+00  1.34616676E+00
 -1.71850000E+00  1.46329551E+00
 -1.71850000E+00  1.46854300E+00
 -1.71850000E+00  1.58567175E+00
 -1.71850000E+00  1.59091924E+00
 -1.71850000E+00  1.70804799E+00
 -1.71850000E+00  1.71329547E+00
 -1.71850000E+00  1.83042422E+00
 -1.71850000E+00  1.83567171E+00
 -1.71850000E+00  1.95280046E+00
 -1.71850000E+00  1.95804795E+00
 -1.71850000E+00  2.07517670E+00
 -1.71850000E+00  2.08042419E+00
 -1.71850000E+00  2.19755294E+00
 -1.71850000E+00  2.20280043E+00
 -1.71850000E+00  2.31992917E+00
 -1.71850000E+00  2.32517666E+00
 -1.78980541E+00  2.37100000E+00
 -1.83562875E+00  2.37100000E+00
 -1.88145209E+00  2.37100000E+00
 -1.95800499E+00  2.37100000E+00
 -2.00382832E+00  2.37100000E+00
 -2.08038122E+00  2.37100000E+00
 -2.12620456E+00  2.37100000E+00
 -2.20275746E+00  2.37100000E+00
 -2.24858080E+00  2.37100000E+00
 -2.32513370E+00  2.37100000E+00
 -2.37095704E+00  2.37100000E+00
 -2.44750994E+00  2.37100000E+00
 -2.49333327E+00  2.37100000E+00
 -2.56988618E+00  2.37100000E+00
 -2.61570951E+00  2.37100000E+00
 -2.69226241E+00  2.37100000E+00
 -2.73808575E+00  2.37100000E+00
 -2.81463865E+00  2.37100000E+00
 -2.86046199E+00  2.37100000E+00
 -2.93701489E+00  2.37100000E+00
 -2.98283823E+00  2.37100000E+00
 -3.05939113E+00  2.37100000E+00
 -3.10521446E+00  2.37100000E+00
 -3.18176736E+00  2.37100000E+00
 -3.22759070E+00  2.37100000E+00
 -3.30414360E+00  2.37100000E+00
 -3.34996694E+00  2.37100000E+00
 -3.42651984E+00  2.37100000E+00
 -3.47234318E+00  2.37100000E+00
 -3.54889608E+00  2.37100000E+00
 -3.59471941E+00  2.37100000E+00
 -3.67127231E+00  2.37100000E+00
 -3.71709565E+00  2.37100000E+00
 -3.79364855E+00  2.37100000E+00
 -3.83947189E+00  2.37100000E+00
 -3.91602479E+00  2.37100000E+00
 -3.96184813E+00  2.37100000E+00
 -4.03840103E+00  2.37100000E+00
 -4.08422436E+00  2.37100000E+00
 -4.16077726E+00  2.37100000E+00
 -4.20660060E+00  2.37100000E+00
 -4.28315350E+00  2.37100000E+00
 -4.32897684E+00  2.37100000E+00
 -4.40552974E+00  2.37100000E+00
 -4.45135308E+00  2.37100000E+00
 -4.52790598E+00  2.37100000E+00
 -4.57372931E+00  2.37100000E+00
 -4.65028221E+00  2.37100000E+00
 -4.69610555E+00  2.37100000E+00
 -4.77265845E+00  2.37100000E+00
 -4.81848179E+00  2.37100000E+00
 -4.89503469E+00  2.37100000E+00
 -4.94085803E+00  2.37100000E+00
 -5.01741093E+00  2.37100000E+00
 -5.06323426E+00  2.37100000E+00
 -5.13978717E+00  2.37100000E+00
 -5.18561050E+00  2.37100000E+00
 -5.26216340E+00  2.37100000E+00
 -5.30798674E+00  2.37100000E+00
 -5.38453964E+00  2.37100000E+00
 -5.43036298E+00  2.37100000E+00
 -5.50691588E+00  2.37100000E+00
 -5.55273922E+00  2.37100000E+00
 -5.62929212E+00  2.37100000E+00
 -5.67511545E+00  2.37100000E+00
 -5.75166835E+00  2.37100000E+00
 -5.79749169E+00  2.37100000E+00
 -5.87404459E+00  2.37100000E+00
 -5.91986793E+00  2.37100000E+00
 -5.99642083E+00  2.37100000E+00
 -6.04224417E+00  2.37100000E+00
 -6.11879707E+00  2.37100000E+00
 -6.11879707E+00  2.32517666E+00
 -6.11879707E+00  2.20280043E+00
 -6.11879707E+00  2.08042419E+00
 -6.11879707E+00  1.95804795E+00
 -6.11879707E+00  1.83567171E+00
 -6.11879707E+00  1.71329547E+00
 -6.11879707E+00  1.59091924E+00
 -6.11879707E+00  1.46854300E+00
 -6.11879707E+00  1.34616676E+00
 -6.11879707E+00  1.22379052E+00
 -6.11879707E+00  1.10141429E+00
 -6.11879707E+00  9.79038049E-01
 -6.11879707E+00  8.56661812E-01
 -6.11879707E+00  7.34285574E-01
 -6.11879707E+00  6.11909336E-01
 -6.11879707E+00  4.89533099E-01
 -6.11879707E+00  3.67156861E-01
 -6.11879707E+00  2.44780623E-01
 -6.11879707E+00  1.22404386E-01
 -6.11879707E+00  2.81481468E-05
 -6.11879707E+00 -1.22348089E-01
 -6.11879707E+00 -2.44724327E-01
 -6.11879707E+00 -3.67100565E-01
 -6.11879707E+00 -4.89476802E-01
 -6.11879707E+00 -6.11853040E-01
 -6.11879707E+00 -7.34229278E-01
 -6.11879707E+00 -8.56605515E-01
 -6.11879707E+00 -9.78981753E-01
 -6.11879707E+00 -1.10135799E+00
 -6.11879707E+00 -1.22373423E+00
 -6.11879707E+00 -1.34611047E+00
 -6.11879707E+00 -1.46848670E+00
 -6.11879707E+00 -1.59086294E+00
 -6.11879707E+00 -1.71323918E+00
 -6.11879707E+00 -1.83561542E+00
 -6.11879707E+00 -1.95799165E+00
 -6.11879707E+00 -2.08036789E+00
 -6.11879707E+00 -2.20274413E+00
 -6.11879707E+00 -2.32512037E+00

hb:   line clip z  
clip:
 -1.71850000E+00 -1.47373419E+00
 -1.71325251E+00 -1.48600000E+00
 -1.69573922E+00 -1.48600000E+00
 -1.59087627E+00 -1.48600000E+00
 -1.57336298E+00 -1.48600000E+00
 -1.46850004E+00 -1.48600000E+00
 -1.46850000E+00 -1.46848674E+00
 -1.46850000E+00 -1.34611047E+00
 -1.46850000E+00 -1.22373423E+00
 -1.46850000E+00 -1.10135799E+00
 -1.46850000E+00 -9.78981753E-01
 -1.46850000E+00 -8.56605515E-01
 -1.46850000E+00 -7.34229278E-01
 -1.46850000E+00 -6.11853040E-01
 -1.46850000E+00 -4.89476802E-01
 -1.46850000E+00 -3.67100565E-01
 -1.46850000E+00 -2.44724327E-01
 -1.46850000E+00 -1.22348089E-01
 -1.46850000E+00  2.81481468E-05
 -1.46850000E+00  1.22404386E-01
 -1.46850000E+00  2.44780623E-01
 -1.46850000E+00  3.67156861E-01
 -1.46850000E+00  4.89533099E-01
 -1.46850000E+00  6.11909336E-01
 -1.46850000E+00  7.34285574E-01
 -1.46850000E+00  8.56661812E-01
 -1.46850000E+00  9.79038049E-01
 -1.46850000E+00  1.10141429E+00
 -1.46850000E+00  1.22379052E+00
 -1.46850000E+00  1.34616676E+00
 -1.46850000E+00  1.46854300E+00
 -1.46850004E+00  1.48600000E+00
 -1.48595704E+00  1.48600000E+00
 -1.59087627E+00  1.48600000E+00
 -1.60833327E+00  1.48600000E+00
 -1.71325251E+00  1.48600000E+00
 -1.71850000E+00  1.47379049E+00
 -1.71850000E+00 -1.46848670E+00

hb:   line clip z  
frame:
 -5.9999853E+00 -5.9999721E+00
  6.0000147E+00 -5.9999721E+00
  6.0000147E+00  6.0000279E+00
 -5.9999853E+00  6.0000279E+00
clip:
 -1.71850000E+00  1.58567175E+00
 -1.71325251E+00  1.48600000E+00
 -1.60833327E+00  1.48600000E+00
 -1.59087627E+00  1.48600000E+00
 -1.48595704E+00  1.48600000E+00
 -1.46850004E+00  1.48600000E+00
 -1.46850000E+00  1.59091920E+00
 -1.46850000E+00  1.71329547E+00
 -1.46850000E+00  1.83567171E+00
 -1.46850000E+00  1.95804795E+00
 -1.46850000E+00  2.08042419E+00
 -1.46850000E+00  2.20280043E+00
 -1.46850000E+00  2.32517666E+00
 -1.46850000E+00  2.44755290E+00
 -1.46850000E+00  2.56992914E+00
 -1.46850004E+00  2.62100000E+00
 -1.51957090E+00  2.62100000E+00
 -1.59087627E+00  2.62100000E+00
 -1.64194714E+00  2.62100000E+00
 -1.71325251E+00  2.62100000E+00
 -1.76432337E+00  2.62100000E+00
 -1.83562875E+00  2.62100000E+00
 -1.88669961E+00  2.62100000E+00
 -1.95800499E+00  2.62100000E+00
 -2.00907585E+00  2.62100000E+00
 -2.08038122E+00  2.62100000E+00
 -2.13145209E+00  2.62100000E+00
 -2.20275746E+00  2.62100000E+00
 -2.25382832E+00  2.62100000E+00
 -2.32513370E+00  2.62100000E+00
 -2.37620456E+00  2.62100000E+00
 -2.44750994E+00  2.62100000E+00
 -2.49858080E+00  2.62100000E+00
 -2.56988618E+00  2.62100000E+00
 -2.62095704E+00  2.62100000E+00
 -2.69226241E+00  2.62100000E+00
 -2.74333327E+00  2.62100000E+00
 -2.81463865E+00  2.62100000E+00
 -2.86570951E+00  2.62100000E+00
 -2.93701489E+00  2.62100000E+00
 -2.98808575E+00  2.62100000E+00
 -3.05939113E+00  2.62100000E+00
 -3.11046199E+00  2.62100000E+00
 -3.18176736E+00  2.62100000E+00
 -3.23283823E+00  2.62100000E+00
 -3.30414360E+00  2.62100000E+00
 -3.35521446E+00  2.62100000E+00
 -3.42651984E+00  2.62100000E+00
 -3.47759070E+00  2.62100000E+00
 -3.54889608E+00  2.62100000E+00
 -3.59996694E+00  2.62100000E+00
 -3.67127231E+00  2.62100000E+00
 -3.72234318E+00  2.62100000E+00
 -3.79364855E+00  2.62100000E+00
 -3.84471941E+00  2.62100000E+00
 -3.91602479E+00  2.62100000E+00
 -3.96709565E+00  2.62100000E+00
 -4.03840103E+00  2.62100000E+00
 -4.08947189E+00  2.62100000E+00
 -4.16077726E+00  2.62100000E+00
 -4.21184813E+00  2.62100000E+00
 -4.28315350E+00  2.62100000E+00
 -4.33422436E+00  2.62100000E+00
 -4.40552974E+00  2.62100000E+00
 -4.45660060E+00  2.62100000E+00
 -4.52790598E+00  2.62100000E+00
 -4.57897684E+00  2.62100000E+00
 -4.65028221E+00  2.62100000E+00
 -4.70135308E+00  2.62100000E+00
 -4.77265845E+00  2.62100000E+00
 -4.82372931E+00  2.62100000E+00
 -4.89503469E+00  2.62100000E+00
 -4.94610555E+00  2.62100000E+00
 -5.01741093E+00  2.62100000E+00
 -5.06848179E+00  2.62100000E+00
 -5.13978717E+00  2.62100000E+00
 -5.19085803E+00  2.62100000E+00
 -5.26216340E+00  2.62100000E+00
 -5.31323426E+00  2.62100000E+00
 -5.38453964E+00  2.62100000E+00
 -5.43561050E+00  2.62100000E+00
 -5.50691588E+00  2.62100000E+00
 -5.55798674E+00  2.62100000E+00
 -5.62929212E+00  2.62100000E+00
 -5.68036298E+00  2.62100000E+00
 -5.75166835E+00  2.62100000E+00
 -5.80273922E+00  2.62100000E+00
 -5.87404459E+00  2.62100000E+00
 -5.92511545E+00  2.62100000E+00
 -5.99642083E+00  2.62100000E+00
 -6.04749169E+00  2.62100000E+00
 -6.11879707E+00  2.56992914E+00
 -6.11879707E+00  2.44755290E+00
 -6.11879707E+00  2.37100000E+00
 -6.04224417E+00  2.37100000E+00
 -5.99642083E+00  2.37100000E+00
 -5.91986793E+00  2.37100000E+00
 -5.87404459E+00  2.37100000E+00
 -5.79749169E+00  2.37100000E+00
 -5.75166835E+00  2.37100000E+00
 -5.67511545E+00  2.37100000E+00
 -5.62929212E+00  2.37100000E+00
 -5.55273922E+00  2.37100000E+00
 -5.50691588E+00  2.37100000E+00
 -5.43036298E+00  2.37100000E+00
 -5.38453964E+00  2.37100000E+00
 -5.30798674E+00  2.37100000E+00
 -5.26216340E+00  2.37100000E+00
 -5.18561050E+00  2.37100000E+00
 -5.13978717E+00  2.37100000E+00
 -5.06323426E+00  2.37100000E+00
 -5.01741093E+00  2.37100000E+00
 -4.94085803E+00  2.37100000E+00
 -4.89503469E+00  2.37100000E+00
 -4.81848179E+00  2.37100000E+00
 -4.77265845E+00  2.37100000E+00
 -4.69610555E+00  2.37100000E+00
 -4.65028221E+00  2.37100000E+00
 -4.57372931E+00  2.37100000E+00
 -4.52790598E+00  2.37100000E+00
 -4.45135308E+00  2.37100000E+00
 -4.40552974E+00  2.37100000E+00
 -4.32897684E+00  2.37100000E+00
 -4.28315350E+00  2.37100000E+00
 -4.20660060E+00  2.37100000E+00
 -4.16077726E+00  2.37100000E+00
 -4.08422436E+00  2.37100000E+00
 -4.03840103E+00  2.37100000E+00
 -3.96184813E+00  2.37100000E+00
 -3.91602479E+00  2.37100000E+00
 -3.83947189E+00  2.37100000E+00
 -3.79364855E+00  2.37100000E+00
 -3.71709565E+00  2.37100000E+00
 -3.67127231E+00  2.37100000E+00
 -3.59471941E+00  2.37100000E+00
 -3.54889608E+00  2.37100000E+00
 -3.47234318E+00  2.37100000E+00
 -3.42651984E+00  2.37100000E+00
 -3.34996694E+00  2.37100000E+00
 -3.30414360E+00  2.37100000E+00
 -3.22759070E+00  2.37100000E+00
 -3.18176736E+00  2.37100000E+00
 -3.10521446E+00  2.37100000E+00
 -3.05939113E+00  2.37100000E+00
 -2.98283823E+00  2.37100000E+00
 -2.93701489E+00  2.37100000E+00
 -2.86046199E+00  2.37100000E+00
 -2.81463865E+00  2.37100000E+00
 -2.73808575E+00  2.37100000E+00
 -2.69226241E+00  2.37100000E+00
 -2.61570951E+00  2.37100000E+00
 -2.56988618E+00  2.37100000E+00
 -2.49333327E+00  2.37100000E+00
 -2.44750994E+00  2.37100000E+00
 -2.37095704E+00  2.37100000E+00
 -2.32513370E+00  2.37100000E+00
 -2.24858080E+00  2.37100000E+00
 -2.20275746E+00  2.37100000E+00
 -2.12620456E+00  2.37100000E+00
 -2.08038122E+00  2.37100000E+00
 -2.00382832E+00  2.37100000E+00
 -1.95800499E+00  2.37100000E+00
 -1.88145209E+00  2.37100000E+00
 -1.83562875E+00  2.37100000E+00
 -1.75907585E+00  2.37100000E+00
 -1.71850000E+00  2.32517666E+00
 -1.71850000E+00  1.59091924E+00

#------------------------------------------------------------------------------
z: xorg(1.03)
p: xfac[c2*0.05] form[c1/0.05] notc noxt noyt dmin(1)
p: ymin(0) ymax(1) xmin(0) xmax(1) cmin(1) cmax(100) nosp
hc: y= 0.005 to 0.995 by 0.01 ; x= 0.5 to 0.5 by 1 ;
 1  2  3  4  5  6  7  8  9 10 11 12 13 14 15 16 17 18 19 20
21 22 23 24 25 26 27 28 29 30 31 32 33 34 35 36 37 38 39 40
41 42 43 44 45 46 47 48 49 50 51 52 53 54 55 56 57 58 59 60
61 62 63 64 65 66 67 68 69 70 71 72 73 74 75 76 77 78 79 80
81 82 83 84 85 86 87 88 89 90 91 92 93 94 95 96 97 98 99 100
z: xorg(0.0)
p: xfac[c2*0.05] form[c1/0.05] nosp afac[c5*0.625] ymin[c3] ymax[c4]
p: noxt noxn ytxt(-1) ynum(-1) xltd(-1) xstd(-1) itic(1) ylog
y: Flux [1/cm^2/source]              
#------------------------------------------------------------------------------

wt: s[c5]
\vspace{-3}
  emin  &=&   0.0000E+00 [MeV]
  emax  &=&   2.0000E+01 [MeV]
  zmin  &=&   6.0580E+01 [cm]
  zmax  &=&   6.0630E+01 [cm]
  part. &=& proton  
e:

#------------------------------------------------------------------------------
z: xorg[-1.03/0.05]
p: form[c1] xfac[c2] afac[c5] nosp notf
p: xmin( -6.000000    ) xmax(  6.000000    )
p: ymin( -6.000000    ) ymax(  6.000000    )
 
# Information for Restart Calculation
# This calculation was newly started
# istdev =  2 # 1:Batch variance, 2:History variance
# resc2  = 1.60217700210082442E-01 # Total source weight or Total source weight / maxcas
# resc3  = 1.00000000000000000E+09 # Total history number or Total batch number
# maxcas =      100000 # History / Batch, only used for istdev=1
# bitrseed = 0001001110011001001001110000100100110111001111011100001000101100 # bit data of rseed
