
Errors of cell definition in EPS Page No. =   1
Overlapped Cell IDs  x, y, z  coodinates
(Cells 0       0  indicate undefined region)
     200     500     6.584154E-01  2.500000E+00  6.074997E-01
     200     500     6.584154E-01  2.500000E+00  7.589923E-01
     200     500     6.584154E-01  2.500000E+00  9.104848E-01
     200     500     6.584154E-01  2.500000E+00  1.061977E+00
     200     500     6.584154E-01  2.500000E+00  1.213470E+00
     200     500     6.584154E-01  2.500000E+00  1.364962E+00
     200     500     6.584154E-01  2.500000E+00  1.516455E+00
     200     500     6.584154E-01  2.500000E+00  1.667947E+00
     200     500     6.584154E-01  2.500000E+00  1.819440E+00
     200     500     6.584154E-01  2.500000E+00  1.970933E+00
     200     500     6.584154E-01  2.500000E+00  2.122425E+00
     200     500     6.584154E-01  2.500000E+00  2.273918E+00
     200     500     6.584154E-01  2.500000E+00  2.425410E+00
     200     500     6.584154E-01  2.500000E+00  2.576903E+00
     200     500     6.584154E-01  2.500000E+00  2.728395E+00
     200     500     6.584154E-01  2.500000E+00  2.879888E+00
     200     500     6.584154E-01  2.500000E+00  3.031380E+00
     200     500     6.584154E-01  2.500000E+00  3.182873E+00
     200     500     6.584154E-01  2.500000E+00  3.334365E+00
     200     500     6.584154E-01  2.500000E+00  3.485858E+00
     200     500     6.584154E-01  2.500000E+00  3.637350E+00
     200     500     6.584154E-01  2.500000E+00  3.788843E+00
     200     500     6.584154E-01  2.500000E+00  3.940336E+00
     200     500     6.584154E-01  2.500000E+00  4.091828E+00
     200     500     6.584154E-01  2.500000E+00  4.243321E+00
     200     500     6.584154E-01  2.500000E+00  4.394813E+00
     200     500     8.351567E-01  2.500000E+00  6.074997E-01
     200     500     8.351567E-01  2.500000E+00  7.589923E-01
     200     500     8.351567E-01  2.500000E+00  9.104848E-01
     200     500     8.351567E-01  2.500000E+00  1.061977E+00
     200     500     8.351567E-01  2.500000E+00  1.213470E+00
     200     500     8.351567E-01  2.500000E+00  1.364962E+00
     200     500     8.351567E-01  2.500000E+00  1.516455E+00
     200     500     8.351567E-01  2.500000E+00  1.667947E+00
     200     500     8.351567E-01  2.500000E+00  1.819440E+00
     200     500     8.351567E-01  2.500000E+00  1.970933E+00
     200     500     8.351567E-01  2.500000E+00  2.122425E+00
     200     500     8.351567E-01  2.500000E+00  2.273918E+00
     200     500     8.351567E-01  2.500000E+00  2.425410E+00
     200     500     8.351567E-01  2.500000E+00  2.576903E+00
     200     500     8.351567E-01  2.500000E+00  2.728395E+00
     200     500     8.351567E-01  2.500000E+00  2.879888E+00
     200     500     8.351567E-01  2.500000E+00  3.031380E+00
     200     500     8.351567E-01  2.500000E+00  3.182873E+00
     200     500     8.351567E-01  2.500000E+00  3.334365E+00
     200     500     8.351567E-01  2.500000E+00  3.485858E+00
     200     500     8.351567E-01  2.500000E+00  3.637350E+00
     200     500     8.351567E-01  2.500000E+00  3.788843E+00
     200     500     8.351567E-01  2.500000E+00  3.940336E+00
     200     500     8.351567E-01  2.500000E+00  4.091828E+00
     200     500     8.351567E-01  2.500000E+00  4.243321E+00
     200     500     8.351567E-01  2.500000E+00  4.394813E+00
     200     500     1.011898E+00  2.500000E+00  6.074997E-01
     200     500     1.011898E+00  2.500000E+00  7.589923E-01
     200     500     1.011898E+00  2.500000E+00  9.104848E-01
     200     500     1.011898E+00  2.500000E+00  1.061977E+00
     200     500     1.011898E+00  2.500000E+00  1.213470E+00
     200     500     1.011898E+00  2.500000E+00  1.364962E+00
     200     500     1.011898E+00  2.500000E+00  1.516455E+00
     200     500     1.011898E+00  2.500000E+00  1.667947E+00
     200     500     1.011898E+00  2.500000E+00  1.819440E+00
     200     500     1.011898E+00  2.500000E+00  1.970933E+00
     200     500     1.011898E+00  2.500000E+00  2.122425E+00
     200     500     1.011898E+00  2.500000E+00  2.273918E+00
     200     500     1.011898E+00  2.500000E+00  2.425410E+00
     200     500     1.011898E+00  2.500000E+00  2.576903E+00
     200     500     1.011898E+00  2.500000E+00  2.728395E+00
     200     500     1.011898E+00  2.500000E+00  2.879888E+00
     200     500     1.011898E+00  2.500000E+00  3.031380E+00
     200     500     1.011898E+00  2.500000E+00  3.182873E+00
     200     500     1.011898E+00  2.500000E+00  3.334365E+00
     200     500     1.011898E+00  2.500000E+00  3.485858E+00
     200     500     1.011898E+00  2.500000E+00  3.637350E+00
     200     500     1.011898E+00  2.500000E+00  3.788843E+00
     200     500     1.011898E+00  2.500000E+00  3.940336E+00
     200     500     1.011898E+00  2.500000E+00  4.091828E+00
     200     500     1.011898E+00  2.500000E+00  4.243321E+00
     200     500     1.011898E+00  2.500000E+00  4.394813E+00
     200     500     1.188639E+00  2.500000E+00  6.074997E-01
     200     500     1.188639E+00  2.500000E+00  7.589923E-01
     200     500     1.188639E+00  2.500000E+00  9.104848E-01
     200     500     1.188639E+00  2.500000E+00  1.061977E+00
     200     500     1.188639E+00  2.500000E+00  1.213470E+00
     200     500     1.188639E+00  2.500000E+00  1.364962E+00
     200     500     1.188639E+00  2.500000E+00  1.516455E+00
     200     500     1.188639E+00  2.500000E+00  1.667947E+00
     200     500     1.188639E+00  2.500000E+00  1.819440E+00
     200     500     1.188639E+00  2.500000E+00  1.970933E+00
     200     500     1.188639E+00  2.500000E+00  2.122425E+00
     200     500     1.188639E+00  2.500000E+00  2.273918E+00
     200     500     1.188639E+00  2.500000E+00  2.425410E+00
     200     500     1.188639E+00  2.500000E+00  2.576903E+00
     200     500     1.188639E+00  2.500000E+00  2.728395E+00
     200     500     1.188639E+00  2.500000E+00  2.879888E+00
     200     500     1.188639E+00  2.500000E+00  3.031380E+00
     200     500     1.188639E+00  2.500000E+00  3.182873E+00
     200     500     1.188639E+00  2.500000E+00  3.334365E+00
     200     500     1.188639E+00  2.500000E+00  3.485858E+00
     200     500     1.188639E+00  2.500000E+00  3.637350E+00
     200     500     1.188639E+00  2.500000E+00  3.788843E+00
     200     500     1.188639E+00  2.500000E+00  3.940336E+00
     200     500     1.188639E+00  2.500000E+00  4.091828E+00
     200     500     1.188639E+00  2.500000E+00  4.243321E+00
     200     500     1.188639E+00  2.500000E+00  4.394813E+00
     200     500     1.365381E+00  2.500000E+00  6.074997E-01
     200     500     1.365381E+00  2.500000E+00  7.589923E-01
     200     500     1.365381E+00  2.500000E+00  9.104848E-01
     200     500     1.365381E+00  2.500000E+00  1.061977E+00
     200     500     1.365381E+00  2.500000E+00  1.213470E+00
     200     500     1.365381E+00  2.500000E+00  1.364962E+00
     200     500     1.365381E+00  2.500000E+00  1.516455E+00
     200     500     1.365381E+00  2.500000E+00  1.667947E+00
     200     500     1.365381E+00  2.500000E+00  1.819440E+00
     200     500     1.365381E+00  2.500000E+00  1.970933E+00
     200     500     1.365381E+00  2.500000E+00  2.122425E+00
     200     500     1.365381E+00  2.500000E+00  2.273918E+00
     200     500     1.365381E+00  2.500000E+00  2.425410E+00
     200     500     1.365381E+00  2.500000E+00  2.576903E+00
     200     500     1.365381E+00  2.500000E+00  2.728395E+00
     200     500     1.365381E+00  2.500000E+00  2.879888E+00
     200     500     1.365381E+00  2.500000E+00  3.031380E+00
     200     500     1.365381E+00  2.500000E+00  3.182873E+00
     200     500     1.365381E+00  2.500000E+00  3.334365E+00
     200     500     1.365381E+00  2.500000E+00  3.485858E+00
     200     500     1.365381E+00  2.500000E+00  3.637350E+00
     200     500     1.365381E+00  2.500000E+00  3.788843E+00
     200     500     1.365381E+00  2.500000E+00  3.940336E+00
     200     500     1.365381E+00  2.500000E+00  4.091828E+00
     200     500     1.365381E+00  2.500000E+00  4.243321E+00
     200     500     1.365381E+00  2.500000E+00  4.394813E+00
     200     500     1.542122E+00  2.500000E+00  6.074997E-01
     200     500     1.542122E+00  2.500000E+00  7.589923E-01
     200     500     1.542122E+00  2.500000E+00  9.104848E-01
     200     500     1.542122E+00  2.500000E+00  1.061977E+00
     200     500     1.542122E+00  2.500000E+00  1.213470E+00
     200     500     1.542122E+00  2.500000E+00  1.364962E+00
     200     500     1.542122E+00  2.500000E+00  1.516455E+00
     200     500     1.542122E+00  2.500000E+00  1.667947E+00
     200     500     1.542122E+00  2.500000E+00  1.819440E+00
     200     500     1.542122E+00  2.500000E+00  1.970933E+00
     200     500     1.542122E+00  2.500000E+00  2.122425E+00
     200     500     1.542122E+00  2.500000E+00  2.273918E+00
     200     500     1.542122E+00  2.500000E+00  2.425410E+00
     200     500     1.542122E+00  2.500000E+00  2.576903E+00
     200     500     1.542122E+00  2.500000E+00  2.728395E+00
     200     500     1.542122E+00  2.500000E+00  2.879888E+00
     200     500     1.542122E+00  2.500000E+00  3.031380E+00
     200     500     1.542122E+00  2.500000E+00  3.182873E+00
     200     500     1.542122E+00  2.500000E+00  3.334365E+00
     200     500     1.542122E+00  2.500000E+00  3.485858E+00
     200     500     1.542122E+00  2.500000E+00  3.637350E+00
     200     500     1.542122E+00  2.500000E+00  3.788843E+00
     200     500     1.542122E+00  2.500000E+00  3.940336E+00
     200     500     1.542122E+00  2.500000E+00  4.091828E+00
     200     500     1.542122E+00  2.500000E+00  4.243321E+00
     200     500     1.542122E+00  2.500000E+00  4.394813E+00
     200     500     1.718863E+00  2.500000E+00  6.074997E-01
     200     500     1.718863E+00  2.500000E+00  7.589923E-01
     200     500     1.718863E+00  2.500000E+00  9.104848E-01
     200     500     1.718863E+00  2.500000E+00  1.061977E+00
     200     500     1.718863E+00  2.500000E+00  1.213470E+00
     200     500     1.718863E+00  2.500000E+00  1.364962E+00
     200     500     1.718863E+00  2.500000E+00  1.516455E+00
     200     500     1.718863E+00  2.500000E+00  1.667947E+00
     200     500     1.718863E+00  2.500000E+00  1.819440E+00
     200     500     1.718863E+00  2.500000E+00  1.970933E+00
     200     500     1.718863E+00  2.500000E+00  2.122425E+00
     200     500     1.718863E+00  2.500000E+00  2.273918E+00
     200     500     1.718863E+00  2.500000E+00  2.425410E+00
     200     500     1.718863E+00  2.500000E+00  2.576903E+00
     200     500     1.718863E+00  2.500000E+00  2.728395E+00
     200     500     1.718863E+00  2.500000E+00  2.879888E+00
     200     500     1.718863E+00  2.500000E+00  3.031380E+00
     200     500     1.718863E+00  2.500000E+00  3.182873E+00
     200     500     1.718863E+00  2.500000E+00  3.334365E+00
     200     500     1.718863E+00  2.500000E+00  3.485858E+00
     200     500     1.718863E+00  2.500000E+00  3.637350E+00
     200     500     1.718863E+00  2.500000E+00  3.788843E+00
     200     500     1.718863E+00  2.500000E+00  3.940336E+00
     200     500     1.718863E+00  2.500000E+00  4.091828E+00
     200     500     1.718863E+00  2.500000E+00  4.243321E+00
     200     500     1.718863E+00  2.500000E+00  4.394813E+00
     200     500     1.895604E+00  2.500000E+00  6.074997E-01
     200     500     1.895604E+00  2.500000E+00  7.589923E-01
     200     500     1.895604E+00  2.500000E+00  9.104848E-01
     200     500     1.895604E+00  2.500000E+00  1.061977E+00
     200     500     1.895604E+00  2.500000E+00  1.213470E+00
     200     500     1.895604E+00  2.500000E+00  1.364962E+00
     200     500     1.895604E+00  2.500000E+00  1.516455E+00
     200     500     1.895604E+00  2.500000E+00  1.667947E+00
     200     500     1.895604E+00  2.500000E+00  1.819440E+00
     200     500     1.895604E+00  2.500000E+00  1.970933E+00
     200     500     1.895604E+00  2.500000E+00  2.122425E+00
     200     500     1.895604E+00  2.500000E+00  2.273918E+00
     200     500     1.895604E+00  2.500000E+00  2.425410E+00
     200     500     1.895604E+00  2.500000E+00  2.576903E+00
     200     500     1.895604E+00  2.500000E+00  2.728395E+00
     200     500     1.895604E+00  2.500000E+00  2.879888E+00
     200     500     1.895604E+00  2.500000E+00  3.031380E+00
     200     500     1.895604E+00  2.500000E+00  3.182873E+00
     200     500     1.895604E+00  2.500000E+00  3.334365E+00
     200     500     1.895604E+00  2.500000E+00  3.485858E+00
     200     500     1.895604E+00  2.500000E+00  3.637350E+00
     200     500     1.895604E+00  2.500000E+00  3.788843E+00
     200     500     1.895604E+00  2.500000E+00  3.940336E+00
     200     500     1.895604E+00  2.500000E+00  4.091828E+00
     200     500     1.895604E+00  2.500000E+00  4.243321E+00
     200     500     1.895604E+00  2.500000E+00  4.394813E+00
     200     500     2.072346E+00  2.500000E+00  6.074997E-01
     200     500     2.072346E+00  2.500000E+00  7.589923E-01
     200     500     2.072346E+00  2.500000E+00  9.104848E-01
     200     500     2.072346E+00  2.500000E+00  1.061977E+00
     200     500     2.072346E+00  2.500000E+00  1.213470E+00
     200     500     2.072346E+00  2.500000E+00  1.364962E+00
     200     500     2.072346E+00  2.500000E+00  1.516455E+00
     200     500     2.072346E+00  2.500000E+00  1.667947E+00
     200     500     2.072346E+00  2.500000E+00  1.819440E+00
     200     500     2.072346E+00  2.500000E+00  1.970933E+00
     200     500     2.072346E+00  2.500000E+00  2.122425E+00
     200     500     2.072346E+00  2.500000E+00  2.273918E+00
     200     500     2.072346E+00  2.500000E+00  2.425410E+00
     200     500     2.072346E+00  2.500000E+00  2.576903E+00
     200     500     2.072346E+00  2.500000E+00  2.728395E+00
     200     500     2.072346E+00  2.500000E+00  2.879888E+00
     200     500     2.072346E+00  2.500000E+00  3.031380E+00
     200     500     2.072346E+00  2.500000E+00  3.182873E+00
     200     500     2.072346E+00  2.500000E+00  3.334365E+00
     200     500     2.072346E+00  2.500000E+00  3.485858E+00
     200     500     2.072346E+00  2.500000E+00  3.637350E+00
     200     500     2.072346E+00  2.500000E+00  3.788843E+00
     200     500     2.072346E+00  2.500000E+00  3.940336E+00
     200     500     2.072346E+00  2.500000E+00  4.091828E+00
     200     500     2.072346E+00  2.500000E+00  4.243321E+00
     200     500     2.072346E+00  2.500000E+00  4.394813E+00
     200     500     2.249087E+00  2.500000E+00  6.074997E-01
     200     500     2.249087E+00  2.500000E+00  7.589923E-01
     200     500     2.249087E+00  2.500000E+00  9.104848E-01
     200     500     2.249087E+00  2.500000E+00  1.061977E+00
     200     500     2.249087E+00  2.500000E+00  1.213470E+00
     200     500     2.249087E+00  2.500000E+00  1.364962E+00
     200     500     2.249087E+00  2.500000E+00  1.516455E+00
     200     500     2.249087E+00  2.500000E+00  1.667947E+00
     200     500     2.249087E+00  2.500000E+00  1.819440E+00
     200     500     2.249087E+00  2.500000E+00  1.970933E+00
     200     500     2.249087E+00  2.500000E+00  2.122425E+00
     200     500     2.249087E+00  2.500000E+00  2.273918E+00
     200     500     2.249087E+00  2.500000E+00  2.425410E+00
     200     500     2.249087E+00  2.500000E+00  2.576903E+00
     200     500     2.249087E+00  2.500000E+00  2.728395E+00
     200     500     2.249087E+00  2.500000E+00  2.879888E+00
     200     500     2.249087E+00  2.500000E+00  3.031380E+00
     200     500     2.249087E+00  2.500000E+00  3.182873E+00
     200     500     2.249087E+00  2.500000E+00  3.334365E+00
     200     500     2.249087E+00  2.500000E+00  3.485858E+00
     200     500     2.249087E+00  2.500000E+00  3.637350E+00
     200     500     2.249087E+00  2.500000E+00  3.788843E+00
     200     500     2.249087E+00  2.500000E+00  3.940336E+00
     200     500     2.249087E+00  2.500000E+00  4.091828E+00
     200     500     2.249087E+00  2.500000E+00  4.243321E+00
     200     500     2.249087E+00  2.500000E+00  4.394813E+00
     200     500     2.425828E+00  2.500000E+00  6.074997E-01
     200     500     2.425828E+00  2.500000E+00  7.589923E-01
     200     500     2.425828E+00  2.500000E+00  9.104848E-01
     200     500     2.425828E+00  2.500000E+00  1.061977E+00
     200     500     2.425828E+00  2.500000E+00  1.213470E+00
     200     500     2.425828E+00  2.500000E+00  1.364962E+00
     200     500     2.425828E+00  2.500000E+00  1.516455E+00
     200     500     2.425828E+00  2.500000E+00  1.667947E+00
     200     500     2.425828E+00  2.500000E+00  1.819440E+00
     200     500     2.425828E+00  2.500000E+00  1.970933E+00
     200     500     2.425828E+00  2.500000E+00  2.122425E+00
     200     500     2.425828E+00  2.500000E+00  2.273918E+00
     200     500     2.425828E+00  2.500000E+00  2.425410E+00
     200     500     2.425828E+00  2.500000E+00  2.576903E+00
     200     500     2.425828E+00  2.500000E+00  2.728395E+00
     200     500     2.425828E+00  2.500000E+00  2.879888E+00
     200     500     2.425828E+00  2.500000E+00  3.031380E+00
     200     500     2.425828E+00  2.500000E+00  3.182873E+00
     200     500     2.425828E+00  2.500000E+00  3.334365E+00
     200     500     2.425828E+00  2.500000E+00  3.485858E+00
     200     500     2.425828E+00  2.500000E+00  3.637350E+00
     200     500     2.425828E+00  2.500000E+00  3.788843E+00
     200     500     2.425828E+00  2.500000E+00  3.940336E+00
     200     500     2.425828E+00  2.500000E+00  4.091828E+00
     200     500     2.425828E+00  2.500000E+00  4.243321E+00
     200     500     2.425828E+00  2.500000E+00  4.394813E+00
     200     500     2.602570E+00  2.500000E+00  6.074997E-01
     200     500     2.602570E+00  2.500000E+00  7.589923E-01
     200     500     2.602570E+00  2.500000E+00  9.104848E-01
     200     500     2.602570E+00  2.500000E+00  1.061977E+00
     200     500     2.602570E+00  2.500000E+00  1.213470E+00
     200     500     2.602570E+00  2.500000E+00  1.364962E+00
     200     500     2.602570E+00  2.500000E+00  1.516455E+00
     200     500     2.602570E+00  2.500000E+00  1.667947E+00
     200     500     2.602570E+00  2.500000E+00  1.819440E+00
     200     500     2.602570E+00  2.500000E+00  1.970933E+00
     200     500     2.602570E+00  2.500000E+00  2.122425E+00
     200     500     2.602570E+00  2.500000E+00  2.273918E+00
     200     500     2.602570E+00  2.500000E+00  2.425410E+00
     200     500     2.602570E+00  2.500000E+00  2.576903E+00
     200     500     2.602570E+00  2.500000E+00  2.728395E+00
     200     500     2.602570E+00  2.500000E+00  2.879888E+00
     200     500     2.602570E+00  2.500000E+00  3.031380E+00
     200     500     2.602570E+00  2.500000E+00  3.182873E+00
     200     500     2.602570E+00  2.500000E+00  3.334365E+00
     200     500     2.602570E+00  2.500000E+00  3.485858E+00
     200     500     2.602570E+00  2.500000E+00  3.637350E+00
     200     500     2.602570E+00  2.500000E+00  3.788843E+00
     200     500     2.602570E+00  2.500000E+00  3.940336E+00
     200     500     2.602570E+00  2.500000E+00  4.091828E+00
     200     500     2.602570E+00  2.500000E+00  4.243321E+00
     200     500     2.602570E+00  2.500000E+00  4.394813E+00
     200     500     2.779311E+00  2.500000E+00  6.074997E-01
     200     500     2.779311E+00  2.500000E+00  7.589923E-01
     200     500     2.779311E+00  2.500000E+00  9.104848E-01
     200     500     2.779311E+00  2.500000E+00  1.061977E+00
     200     500     2.779311E+00  2.500000E+00  1.213470E+00
     200     500     2.779311E+00  2.500000E+00  1.364962E+00
     200     500     2.779311E+00  2.500000E+00  1.516455E+00
     200     500     2.779311E+00  2.500000E+00  1.667947E+00
     200     500     2.779311E+00  2.500000E+00  1.819440E+00
     200     500     2.779311E+00  2.500000E+00  1.970933E+00
     200     500     2.779311E+00  2.500000E+00  2.122425E+00
     200     500     2.779311E+00  2.500000E+00  2.273918E+00
     200     500     2.779311E+00  2.500000E+00  2.425410E+00
     200     500     2.779311E+00  2.500000E+00  2.576903E+00
     200     500     2.779311E+00  2.500000E+00  2.728395E+00
     200     500     2.779311E+00  2.500000E+00  2.879888E+00
     200     500     2.779311E+00  2.500000E+00  3.031380E+00
     200     500     2.779311E+00  2.500000E+00  3.182873E+00
     200     500     2.779311E+00  2.500000E+00  3.334365E+00
     200     500     2.779311E+00  2.500000E+00  3.485858E+00
     200     500     2.779311E+00  2.500000E+00  3.637350E+00
     200     500     2.779311E+00  2.500000E+00  3.788843E+00
     200     500     2.779311E+00  2.500000E+00  3.940336E+00
     200     500     2.779311E+00  2.500000E+00  4.091828E+00
     200     500     2.779311E+00  2.500000E+00  4.243321E+00
     200     500     2.779311E+00  2.500000E+00  4.394813E+00
     200     500     2.956052E+00  2.500000E+00  6.074997E-01
     200     500     2.956052E+00  2.500000E+00  7.589923E-01
     200     500     2.956052E+00  2.500000E+00  9.104848E-01
     200     500     2.956052E+00  2.500000E+00  1.061977E+00
     200     500     2.956052E+00  2.500000E+00  1.213470E+00
     200     500     2.956052E+00  2.500000E+00  1.364962E+00
     200     500     2.956052E+00  2.500000E+00  1.516455E+00
     200     500     2.956052E+00  2.500000E+00  1.667947E+00
     200     500     2.956052E+00  2.500000E+00  1.819440E+00
     200     500     2.956052E+00  2.500000E+00  1.970933E+00
     200     500     2.956052E+00  2.500000E+00  2.122425E+00
     200     500     2.956052E+00  2.500000E+00  2.273918E+00
     200     500     2.956052E+00  2.500000E+00  2.425410E+00
     200     500     2.956052E+00  2.500000E+00  2.576903E+00
     200     500     2.956052E+00  2.500000E+00  2.728395E+00
     200     500     2.956052E+00  2.500000E+00  2.879888E+00
     200     500     2.956052E+00  2.500000E+00  3.031380E+00
     200     500     2.956052E+00  2.500000E+00  3.182873E+00
     200     500     2.956052E+00  2.500000E+00  3.334365E+00
     200     500     2.956052E+00  2.500000E+00  3.485858E+00
     200     500     2.956052E+00  2.500000E+00  3.637350E+00
     200     500     2.956052E+00  2.500000E+00  3.788843E+00
     200     500     2.956052E+00  2.500000E+00  3.940336E+00
     200     500     2.956052E+00  2.500000E+00  4.091828E+00
     200     500     2.956052E+00  2.500000E+00  4.243321E+00
     200     500     2.956052E+00  2.500000E+00  4.394813E+00
     200     500     3.132794E+00  2.500000E+00  6.074997E-01
     200     500     3.132794E+00  2.500000E+00  7.589923E-01
     200     500     3.132794E+00  2.500000E+00  9.104848E-01
     200     500     3.132794E+00  2.500000E+00  1.061977E+00
     200     500     3.132794E+00  2.500000E+00  1.213470E+00
     200     500     3.132794E+00  2.500000E+00  1.364962E+00
     200     500     3.132794E+00  2.500000E+00  1.516455E+00
     200     500     3.132794E+00  2.500000E+00  1.667947E+00
     200     500     3.132794E+00  2.500000E+00  1.819440E+00
     200     500     3.132794E+00  2.500000E+00  1.970933E+00
     200     500     3.132794E+00  2.500000E+00  2.122425E+00
     200     500     3.132794E+00  2.500000E+00  2.273918E+00
     200     500     3.132794E+00  2.500000E+00  2.425410E+00
     200     500     3.132794E+00  2.500000E+00  2.576903E+00
     200     500     3.132794E+00  2.500000E+00  2.728395E+00
     200     500     3.132794E+00  2.500000E+00  2.879888E+00
     200     500     3.132794E+00  2.500000E+00  3.031380E+00
     200     500     3.132794E+00  2.500000E+00  3.182873E+00
     200     500     3.132794E+00  2.500000E+00  3.334365E+00
     200     500     3.132794E+00  2.500000E+00  3.485858E+00
     200     500     3.132794E+00  2.500000E+00  3.637350E+00
     200     500     3.132794E+00  2.500000E+00  3.788843E+00
     200     500     3.132794E+00  2.500000E+00  3.940336E+00
     200     500     3.132794E+00  2.500000E+00  4.091828E+00
     200     500     3.132794E+00  2.500000E+00  4.243321E+00
     200     500     3.132794E+00  2.500000E+00  4.394813E+00
     200     500     3.309535E+00  2.500000E+00  6.074997E-01
     200     500     3.309535E+00  2.500000E+00  7.589923E-01
     200     500     3.309535E+00  2.500000E+00  9.104848E-01
     200     500     3.309535E+00  2.500000E+00  1.061977E+00
     200     500     3.309535E+00  2.500000E+00  1.213470E+00
     200     500     3.309535E+00  2.500000E+00  1.364962E+00
     200     500     3.309535E+00  2.500000E+00  1.516455E+00
     200     500     3.309535E+00  2.500000E+00  1.667947E+00
     200     500     3.309535E+00  2.500000E+00  1.819440E+00
     200     500     3.309535E+00  2.500000E+00  1.970933E+00
     200     500     3.309535E+00  2.500000E+00  2.122425E+00
     200     500     3.309535E+00  2.500000E+00  2.273918E+00
     200     500     3.309535E+00  2.500000E+00  2.425410E+00
     200     500     3.309535E+00  2.500000E+00  2.576903E+00
     200     500     3.309535E+00  2.500000E+00  2.728395E+00
     200     500     3.309535E+00  2.500000E+00  2.879888E+00
     200     500     3.309535E+00  2.500000E+00  3.031380E+00
     200     500     3.309535E+00  2.500000E+00  3.182873E+00
     200     500     3.309535E+00  2.500000E+00  3.334365E+00
     200     500     3.309535E+00  2.500000E+00  3.485858E+00
     200     500     3.309535E+00  2.500000E+00  3.637350E+00
     200     500     3.309535E+00  2.500000E+00  3.788843E+00
     200     500     3.309535E+00  2.500000E+00  3.940336E+00
     200     500     3.309535E+00  2.500000E+00  4.091828E+00
     200     500     3.309535E+00  2.500000E+00  4.243321E+00
     200     500     3.309535E+00  2.500000E+00  4.394813E+00
     200     500     3.486276E+00  2.500000E+00  6.074997E-01
     200     500     3.486276E+00  2.500000E+00  7.589923E-01
     200     500     3.486276E+00  2.500000E+00  9.104848E-01
     200     500     3.486276E+00  2.500000E+00  1.061977E+00
     200     500     3.486276E+00  2.500000E+00  1.213470E+00
     200     500     3.486276E+00  2.500000E+00  1.364962E+00
     200     500     3.486276E+00  2.500000E+00  1.516455E+00
     200     500     3.486276E+00  2.500000E+00  1.667947E+00
     200     500     3.486276E+00  2.500000E+00  1.819440E+00
     200     500     3.486276E+00  2.500000E+00  1.970933E+00
     200     500     3.486276E+00  2.500000E+00  2.122425E+00
     200     500     3.486276E+00  2.500000E+00  2.273918E+00
     200     500     3.486276E+00  2.500000E+00  2.425410E+00
     200     500     3.486276E+00  2.500000E+00  2.576903E+00
     200     500     3.486276E+00  2.500000E+00  2.728395E+00
     200     500     3.486276E+00  2.500000E+00  2.879888E+00
     200     500     3.486276E+00  2.500000E+00  3.031380E+00
     200     500     3.486276E+00  2.500000E+00  3.182873E+00
     200     500     3.486276E+00  2.500000E+00  3.334365E+00
     200     500     3.486276E+00  2.500000E+00  3.485858E+00
     200     500     3.486276E+00  2.500000E+00  3.637350E+00
     200     500     3.486276E+00  2.500000E+00  3.788843E+00
     200     500     3.486276E+00  2.500000E+00  3.940336E+00
     200     500     3.486276E+00  2.500000E+00  4.091828E+00
     200     500     3.486276E+00  2.500000E+00  4.243321E+00
     200     500     3.486276E+00  2.500000E+00  4.394813E+00
     200     500     3.663017E+00  2.500000E+00  6.074997E-01
     200     500     3.663017E+00  2.500000E+00  7.589923E-01
     200     500     3.663017E+00  2.500000E+00  9.104848E-01
     200     500     3.663017E+00  2.500000E+00  1.061977E+00
     200     500     3.663017E+00  2.500000E+00  1.213470E+00
     200     500     3.663017E+00  2.500000E+00  1.364962E+00
     200     500     3.663017E+00  2.500000E+00  1.516455E+00
     200     500     3.663017E+00  2.500000E+00  1.667947E+00
     200     500     3.663017E+00  2.500000E+00  1.819440E+00
     200     500     3.663017E+00  2.500000E+00  1.970933E+00
     200     500     3.663017E+00  2.500000E+00  2.122425E+00
     200     500     3.663017E+00  2.500000E+00  2.273918E+00
     200     500     3.663017E+00  2.500000E+00  2.425410E+00
     200     500     3.663017E+00  2.500000E+00  2.576903E+00
     200     500     3.663017E+00  2.500000E+00  2.728395E+00
     200     500     3.663017E+00  2.500000E+00  2.879888E+00
     200     500     3.663017E+00  2.500000E+00  3.031380E+00
     200     500     3.663017E+00  2.500000E+00  3.182873E+00
     200     500     3.663017E+00  2.500000E+00  3.334365E+00
     200     500     3.663017E+00  2.500000E+00  3.485858E+00
     200     500     3.663017E+00  2.500000E+00  3.637350E+00
     200     500     3.663017E+00  2.500000E+00  3.788843E+00
     200     500     3.663017E+00  2.500000E+00  3.940336E+00
     200     500     3.663017E+00  2.500000E+00  4.091828E+00
     200     500     3.663017E+00  2.500000E+00  4.243321E+00
     200     500     3.663017E+00  2.500000E+00  4.394813E+00
     200     500     3.839759E+00  2.500000E+00  6.074997E-01
     200     500     3.839759E+00  2.500000E+00  7.589923E-01
     200     500     3.839759E+00  2.500000E+00  9.104848E-01
     200     500     3.839759E+00  2.500000E+00  1.061977E+00
     200     500     3.839759E+00  2.500000E+00  1.213470E+00
     200     500     3.839759E+00  2.500000E+00  1.364962E+00
     200     500     3.839759E+00  2.500000E+00  1.516455E+00
     200     500     3.839759E+00  2.500000E+00  1.667947E+00
     200     500     3.839759E+00  2.500000E+00  1.819440E+00
     200     500     3.839759E+00  2.500000E+00  1.970933E+00
     200     500     3.839759E+00  2.500000E+00  2.122425E+00
     200     500     3.839759E+00  2.500000E+00  2.273918E+00
     200     500     3.839759E+00  2.500000E+00  2.425410E+00
     200     500     3.839759E+00  2.500000E+00  2.576903E+00
     200     500     3.839759E+00  2.500000E+00  2.728395E+00
     200     500     3.839759E+00  2.500000E+00  2.879888E+00
     200     500     3.839759E+00  2.500000E+00  3.031380E+00
     200     500     3.839759E+00  2.500000E+00  3.182873E+00
     200     500     3.839759E+00  2.500000E+00  3.334365E+00
     200     500     3.839759E+00  2.500000E+00  3.485858E+00
     200     500     3.839759E+00  2.500000E+00  3.637350E+00
     200     500     3.839759E+00  2.500000E+00  3.788843E+00
     200     500     3.839759E+00  2.500000E+00  3.940336E+00
     200     500     3.839759E+00  2.500000E+00  4.091828E+00
     200     500     3.839759E+00  2.500000E+00  4.243321E+00
     200     500     3.839759E+00  2.500000E+00  4.394813E+00
     200     500     4.016500E+00  2.500000E+00  6.074997E-01
     200     500     4.016500E+00  2.500000E+00  7.589923E-01
     200     500     4.016500E+00  2.500000E+00  9.104848E-01
     200     500     4.016500E+00  2.500000E+00  1.061977E+00
     200     500     4.016500E+00  2.500000E+00  1.213470E+00
     200     500     4.016500E+00  2.500000E+00  1.364962E+00
     200     500     4.016500E+00  2.500000E+00  1.516455E+00
     200     500     4.016500E+00  2.500000E+00  1.667947E+00
     200     500     4.016500E+00  2.500000E+00  1.819440E+00
     200     500     4.016500E+00  2.500000E+00  1.970933E+00
     200     500     4.016500E+00  2.500000E+00  2.122425E+00
     200     500     4.016500E+00  2.500000E+00  2.273918E+00
     200     500     4.016500E+00  2.500000E+00  2.425410E+00
     200     500     4.016500E+00  2.500000E+00  2.576903E+00
     200     500     4.016500E+00  2.500000E+00  2.728395E+00
     200     500     4.016500E+00  2.500000E+00  2.879888E+00
     200     500     4.016500E+00  2.500000E+00  3.031380E+00
     200     500     4.016500E+00  2.500000E+00  3.182873E+00
     200     500     4.016500E+00  2.500000E+00  3.334365E+00
     200     500     4.016500E+00  2.500000E+00  3.485858E+00
     200     500     4.016500E+00  2.500000E+00  3.637350E+00
     200     500     4.016500E+00  2.500000E+00  3.788843E+00
     200     500     4.016500E+00  2.500000E+00  3.940336E+00
     200     500     4.016500E+00  2.500000E+00  4.091828E+00
     200     500     4.016500E+00  2.500000E+00  4.243321E+00
     200     500     4.016500E+00  2.500000E+00  4.394813E+00
     200     500     4.193241E+00  2.500000E+00  6.074997E-01
     200     500     4.193241E+00  2.500000E+00  7.589923E-01
     200     500     4.193241E+00  2.500000E+00  9.104848E-01
     200     500     4.193241E+00  2.500000E+00  1.061977E+00
     200     500     4.193241E+00  2.500000E+00  1.213470E+00
     200     500     4.193241E+00  2.500000E+00  1.364962E+00
     200     500     4.193241E+00  2.500000E+00  1.516455E+00
     200     500     4.193241E+00  2.500000E+00  1.667947E+00
     200     500     4.193241E+00  2.500000E+00  1.819440E+00
     200     500     4.193241E+00  2.500000E+00  1.970933E+00
     200     500     4.193241E+00  2.500000E+00  2.122425E+00
     200     500     4.193241E+00  2.500000E+00  2.273918E+00
     200     500     4.193241E+00  2.500000E+00  2.425410E+00
     200     500     4.193241E+00  2.500000E+00  2.576903E+00
     200     500     4.193241E+00  2.500000E+00  2.728395E+00
     200     500     4.193241E+00  2.500000E+00  2.879888E+00
     200     500     4.193241E+00  2.500000E+00  3.031380E+00
     200     500     4.193241E+00  2.500000E+00  3.182873E+00
     200     500     4.193241E+00  2.500000E+00  3.334365E+00
     200     500     4.193241E+00  2.500000E+00  3.485858E+00
     200     500     4.193241E+00  2.500000E+00  3.637350E+00
     200     500     4.193241E+00  2.500000E+00  3.788843E+00
     200     500     4.193241E+00  2.500000E+00  3.940336E+00
     200     500     4.193241E+00  2.500000E+00  4.091828E+00
     200     500     4.193241E+00  2.500000E+00  4.243321E+00
     200     500     4.193241E+00  2.500000E+00  4.394813E+00
     200     500     4.369983E+00  2.500000E+00  6.074997E-01
     200     500     4.369983E+00  2.500000E+00  7.589923E-01
     200     500     4.369983E+00  2.500000E+00  9.104848E-01
     200     500     4.369983E+00  2.500000E+00  1.061977E+00
     200     500     4.369983E+00  2.500000E+00  1.213470E+00
     200     500     4.369983E+00  2.500000E+00  1.364962E+00
     200     500     4.369983E+00  2.500000E+00  1.516455E+00
     200     500     4.369983E+00  2.500000E+00  1.667947E+00
     200     500     4.369983E+00  2.500000E+00  1.819440E+00
     200     500     4.369983E+00  2.500000E+00  1.970933E+00
     200     500     4.369983E+00  2.500000E+00  2.122425E+00
     200     500     4.369983E+00  2.500000E+00  2.273918E+00
     200     500     4.369983E+00  2.500000E+00  2.425410E+00
     200     500     4.369983E+00  2.500000E+00  2.576903E+00
     200     500     4.369983E+00  2.500000E+00  2.728395E+00
     200     500     4.369983E+00  2.500000E+00  2.879888E+00
     200     500     4.369983E+00  2.500000E+00  3.031380E+00
     200     500     4.369983E+00  2.500000E+00  3.182873E+00
     200     500     4.369983E+00  2.500000E+00  3.334365E+00
     200     500     4.369983E+00  2.500000E+00  3.485858E+00
     200     500     4.369983E+00  2.500000E+00  3.637350E+00
     200     500     4.369983E+00  2.500000E+00  3.788843E+00
     200     500     4.369983E+00  2.500000E+00  3.940336E+00
     200     500     4.369983E+00  2.500000E+00  4.091828E+00
     200     500     4.369983E+00  2.500000E+00  4.243321E+00
     200     500     4.369983E+00  2.500000E+00  4.394813E+00
     200     500     4.546724E+00  2.500000E+00  6.074997E-01
     200     500     4.546724E+00  2.500000E+00  7.589923E-01
     200     500     4.546724E+00  2.500000E+00  9.104848E-01
     200     500     4.546724E+00  2.500000E+00  1.061977E+00
     200     500     4.546724E+00  2.500000E+00  1.213470E+00
     200     500     4.546724E+00  2.500000E+00  1.364962E+00
     200     500     4.546724E+00  2.500000E+00  1.516455E+00
     200     500     4.546724E+00  2.500000E+00  1.667947E+00
     200     500     4.546724E+00  2.500000E+00  1.819440E+00
     200     500     4.546724E+00  2.500000E+00  1.970933E+00
     200     500     4.546724E+00  2.500000E+00  2.122425E+00
     200     500     4.546724E+00  2.500000E+00  2.273918E+00
     200     500     4.546724E+00  2.500000E+00  2.425410E+00
     200     500     4.546724E+00  2.500000E+00  2.576903E+00
     200     500     4.546724E+00  2.500000E+00  2.728395E+00
     200     500     4.546724E+00  2.500000E+00  2.879888E+00
     200     500     4.546724E+00  2.500000E+00  3.031380E+00
     200     500     4.546724E+00  2.500000E+00  3.182873E+00
     200     500     4.546724E+00  2.500000E+00  3.334365E+00
     200     500     4.546724E+00  2.500000E+00  3.485858E+00
     200     500     4.546724E+00  2.500000E+00  3.637350E+00
     200     500     4.546724E+00  2.500000E+00  3.788843E+00
     200     500     4.546724E+00  2.500000E+00  3.940336E+00
     200     500     4.546724E+00  2.500000E+00  4.091828E+00
     200     500     4.546724E+00  2.500000E+00  4.243321E+00
     200     500     4.546724E+00  2.500000E+00  4.394813E+00
     200     500     4.723465E+00  2.500000E+00  6.074997E-01
     200     500     4.723465E+00  2.500000E+00  7.589923E-01
     200     500     4.723465E+00  2.500000E+00  9.104848E-01
     200     500     4.723465E+00  2.500000E+00  1.061977E+00
     200     500     4.723465E+00  2.500000E+00  1.213470E+00
     200     500     4.723465E+00  2.500000E+00  1.364962E+00
     200     500     4.723465E+00  2.500000E+00  1.516455E+00
     200     500     4.723465E+00  2.500000E+00  1.667947E+00
     200     500     4.723465E+00  2.500000E+00  1.819440E+00
     200     500     4.723465E+00  2.500000E+00  1.970933E+00
     200     500     4.723465E+00  2.500000E+00  2.122425E+00
     200     500     4.723465E+00  2.500000E+00  2.273918E+00
     200     500     4.723465E+00  2.500000E+00  2.425410E+00
     200     500     4.723465E+00  2.500000E+00  2.576903E+00
     200     500     4.723465E+00  2.500000E+00  2.728395E+00
     200     500     4.723465E+00  2.500000E+00  2.879888E+00
     200     500     4.723465E+00  2.500000E+00  3.031380E+00
     200     500     4.723465E+00  2.500000E+00  3.182873E+00
     200     500     4.723465E+00  2.500000E+00  3.334365E+00
     200     500     4.723465E+00  2.500000E+00  3.485858E+00
     200     500     4.723465E+00  2.500000E+00  3.637350E+00
     200     500     4.723465E+00  2.500000E+00  3.788843E+00
     200     500     4.723465E+00  2.500000E+00  3.940336E+00
     200     500     4.723465E+00  2.500000E+00  4.091828E+00
     200     500     4.723465E+00  2.500000E+00  4.243321E+00
     200     500     4.723465E+00  2.500000E+00  4.394813E+00
     200     500     4.900206E+00  2.500000E+00  6.074997E-01
     200     500     4.900206E+00  2.500000E+00  7.589923E-01
     200     500     4.900206E+00  2.500000E+00  9.104848E-01
     200     500     4.900206E+00  2.500000E+00  1.061977E+00
     200     500     4.900206E+00  2.500000E+00  1.213470E+00
     200     500     4.900206E+00  2.500000E+00  1.364962E+00
     200     500     4.900206E+00  2.500000E+00  1.516455E+00
     200     500     4.900206E+00  2.500000E+00  1.667947E+00
     200     500     4.900206E+00  2.500000E+00  1.819440E+00
     200     500     4.900206E+00  2.500000E+00  1.970933E+00
     200     500     4.900206E+00  2.500000E+00  2.122425E+00
     200     500     4.900206E+00  2.500000E+00  2.273918E+00
     200     500     4.900206E+00  2.500000E+00  2.425410E+00
     200     500     4.900206E+00  2.500000E+00  2.576903E+00
     200     500     4.900206E+00  2.500000E+00  2.728395E+00
     200     500     4.900206E+00  2.500000E+00  2.879888E+00
     200     500     4.900206E+00  2.500000E+00  3.031380E+00
     200     500     4.900206E+00  2.500000E+00  3.182873E+00
     200     500     4.900206E+00  2.500000E+00  3.334365E+00
     200     500     4.900206E+00  2.500000E+00  3.485858E+00
     200     500     4.900206E+00  2.500000E+00  3.637350E+00
     200     500     4.900206E+00  2.500000E+00  3.788843E+00
     200     500     4.900206E+00  2.500000E+00  3.940336E+00
     200     500     4.900206E+00  2.500000E+00  4.091828E+00
     200     500     4.900206E+00  2.500000E+00  4.243321E+00
     200     500     4.900206E+00  2.500000E+00  4.394813E+00
     200     500     5.076948E+00  2.500000E+00  6.074997E-01
     200     500     5.076948E+00  2.500000E+00  7.589923E-01
     200     500     5.076948E+00  2.500000E+00  9.104848E-01
     200     500     5.076948E+00  2.500000E+00  1.061977E+00
     200     500     5.076948E+00  2.500000E+00  1.213470E+00
     200     500     5.076948E+00  2.500000E+00  1.364962E+00
     200     500     5.076948E+00  2.500000E+00  1.516455E+00
     200     500     5.076948E+00  2.500000E+00  1.667947E+00
     200     500     5.076948E+00  2.500000E+00  1.819440E+00
     200     500     5.076948E+00  2.500000E+00  1.970933E+00
     200     500     5.076948E+00  2.500000E+00  2.122425E+00
     200     500     5.076948E+00  2.500000E+00  2.273918E+00
     200     500     5.076948E+00  2.500000E+00  2.425410E+00
     200     500     5.076948E+00  2.500000E+00  2.576903E+00
     200     500     5.076948E+00  2.500000E+00  2.728395E+00
     200     500     5.076948E+00  2.500000E+00  2.879888E+00
     200     500     5.076948E+00  2.500000E+00  3.031380E+00
     200     500     5.076948E+00  2.500000E+00  3.182873E+00
     200     500     5.076948E+00  2.500000E+00  3.334365E+00
     200     500     5.076948E+00  2.500000E+00  3.485858E+00
     200     500     5.076948E+00  2.500000E+00  3.637350E+00
     200     500     5.076948E+00  2.500000E+00  3.788843E+00
     200     500     5.076948E+00  2.500000E+00  3.940336E+00
     200     500     5.076948E+00  2.500000E+00  4.091828E+00
     200     500     5.076948E+00  2.500000E+00  4.243321E+00
     200     500     5.076948E+00  2.500000E+00  4.394813E+00
     200     500     5.253689E+00  2.500000E+00  6.074997E-01
     200     500     5.253689E+00  2.500000E+00  7.589923E-01
     200     500     5.253689E+00  2.500000E+00  9.104848E-01
     200     500     5.253689E+00  2.500000E+00  1.061977E+00
     200     500     5.253689E+00  2.500000E+00  1.213470E+00
     200     500     5.253689E+00  2.500000E+00  1.364962E+00
     200     500     5.253689E+00  2.500000E+00  1.516455E+00
     200     500     5.253689E+00  2.500000E+00  1.667947E+00
     200     500     5.253689E+00  2.500000E+00  1.819440E+00
     200     500     5.253689E+00  2.500000E+00  1.970933E+00
     200     500     5.253689E+00  2.500000E+00  2.122425E+00
     200     500     5.253689E+00  2.500000E+00  2.273918E+00
     200     500     5.253689E+00  2.500000E+00  2.425410E+00
     200     500     5.253689E+00  2.500000E+00  2.576903E+00
     200     500     5.253689E+00  2.500000E+00  2.728395E+00
     200     500     5.253689E+00  2.500000E+00  2.879888E+00
     200     500     5.253689E+00  2.500000E+00  3.031380E+00
     200     500     5.253689E+00  2.500000E+00  3.182873E+00
     200     500     5.253689E+00  2.500000E+00  3.334365E+00
     200     500     5.253689E+00  2.500000E+00  3.485858E+00
     200     500     5.253689E+00  2.500000E+00  3.637350E+00
     200     500     5.253689E+00  2.500000E+00  3.788843E+00
     200     500     5.253689E+00  2.500000E+00  3.940336E+00
     200     500     5.253689E+00  2.500000E+00  4.091828E+00
     200     500     5.253689E+00  2.500000E+00  4.243321E+00
     200     500     5.253689E+00  2.500000E+00  4.394813E+00
     200     500     5.430430E+00  2.500000E+00  6.074997E-01
     200     500     5.430430E+00  2.500000E+00  7.589923E-01
     200     500     5.430430E+00  2.500000E+00  9.104848E-01
     200     500     5.430430E+00  2.500000E+00  1.061977E+00
     200     500     5.430430E+00  2.500000E+00  1.213470E+00
     200     500     5.430430E+00  2.500000E+00  1.364962E+00
     200     500     5.430430E+00  2.500000E+00  1.516455E+00
     200     500     5.430430E+00  2.500000E+00  1.667947E+00
     200     500     5.430430E+00  2.500000E+00  1.819440E+00
     200     500     5.430430E+00  2.500000E+00  1.970933E+00
     200     500     5.430430E+00  2.500000E+00  2.122425E+00
     200     500     5.430430E+00  2.500000E+00  2.273918E+00
     200     500     5.430430E+00  2.500000E+00  2.425410E+00
     200     500     5.430430E+00  2.500000E+00  2.576903E+00
     200     500     5.430430E+00  2.500000E+00  2.728395E+00
     200     500     5.430430E+00  2.500000E+00  2.879888E+00
     200     500     5.430430E+00  2.500000E+00  3.031380E+00
     200     500     5.430430E+00  2.500000E+00  3.182873E+00
     200     500     5.430430E+00  2.500000E+00  3.334365E+00
     200     500     5.430430E+00  2.500000E+00  3.485858E+00
     200     500     5.430430E+00  2.500000E+00  3.637350E+00
     200     500     5.430430E+00  2.500000E+00  3.788843E+00
     200     500     5.430430E+00  2.500000E+00  3.940336E+00
     200     500     5.430430E+00  2.500000E+00  4.091828E+00
     200     500     5.430430E+00  2.500000E+00  4.243321E+00
     200     500     5.430430E+00  2.500000E+00  4.394813E+00
     200     500     5.607172E+00  2.500000E+00  6.074997E-01
     200     500     5.607172E+00  2.500000E+00  7.589923E-01
     200     500     5.607172E+00  2.500000E+00  9.104848E-01
     200     500     5.607172E+00  2.500000E+00  1.061977E+00
     200     500     5.607172E+00  2.500000E+00  1.213470E+00
     200     500     5.607172E+00  2.500000E+00  1.364962E+00
     200     500     5.607172E+00  2.500000E+00  1.516455E+00
     200     500     5.607172E+00  2.500000E+00  1.667947E+00
     200     500     5.607172E+00  2.500000E+00  1.819440E+00
     200     500     5.607172E+00  2.500000E+00  1.970933E+00
     200     500     5.607172E+00  2.500000E+00  2.122425E+00
     200     500     5.607172E+00  2.500000E+00  2.273918E+00
     200     500     5.607172E+00  2.500000E+00  2.425410E+00
     200     500     5.607172E+00  2.500000E+00  2.576903E+00
     200     500     5.607172E+00  2.500000E+00  2.728395E+00
     200     500     5.607172E+00  2.500000E+00  2.879888E+00
     200     500     5.607172E+00  2.500000E+00  3.031380E+00
     200     500     5.607172E+00  2.500000E+00  3.182873E+00
     200     500     5.607172E+00  2.500000E+00  3.334365E+00
     200     500     5.607172E+00  2.500000E+00  3.485858E+00
     200     500     5.607172E+00  2.500000E+00  3.637350E+00
     200     500     5.607172E+00  2.500000E+00  3.788843E+00
     200     500     5.607172E+00  2.500000E+00  3.940336E+00
     200     500     5.607172E+00  2.500000E+00  4.091828E+00
     200     500     5.607172E+00  2.500000E+00  4.243321E+00
     200     500     5.607172E+00  2.500000E+00  4.394813E+00
     200     500     5.783913E+00  2.500000E+00  6.074997E-01
     200     500     5.783913E+00  2.500000E+00  7.589923E-01
     200     500     5.783913E+00  2.500000E+00  9.104848E-01
     200     500     5.783913E+00  2.500000E+00  1.061977E+00
     200     500     5.783913E+00  2.500000E+00  1.213470E+00
     200     500     5.783913E+00  2.500000E+00  1.364962E+00
     200     500     5.783913E+00  2.500000E+00  1.516455E+00
     200     500     5.783913E+00  2.500000E+00  1.667947E+00
     200     500     5.783913E+00  2.500000E+00  1.819440E+00
     200     500     5.783913E+00  2.500000E+00  1.970933E+00
     200     500     5.783913E+00  2.500000E+00  2.122425E+00
     200     500     5.783913E+00  2.500000E+00  2.273918E+00
     200     500     5.783913E+00  2.500000E+00  2.425410E+00
     200     500     5.783913E+00  2.500000E+00  2.576903E+00
     200     500     5.783913E+00  2.500000E+00  2.728395E+00
     200     500     5.783913E+00  2.500000E+00  2.879888E+00
     200     500     5.783913E+00  2.500000E+00  3.031380E+00
     200     500     5.783913E+00  2.500000E+00  3.182873E+00
     200     500     5.783913E+00  2.500000E+00  3.334365E+00
     200     500     5.783913E+00  2.500000E+00  3.485858E+00
     200     500     5.783913E+00  2.500000E+00  3.637350E+00
     200     500     5.783913E+00  2.500000E+00  3.788843E+00
     200     500     5.783913E+00  2.500000E+00  3.940336E+00
     200     500     5.783913E+00  2.500000E+00  4.091828E+00
     200     500     5.783913E+00  2.500000E+00  4.243321E+00
     200     500     5.783913E+00  2.500000E+00  4.394813E+00
     200     500     5.960654E+00  2.500000E+00  6.074997E-01
     200     500     5.960654E+00  2.500000E+00  7.589923E-01
     200     500     5.960654E+00  2.500000E+00  9.104848E-01
     200     500     5.960654E+00  2.500000E+00  1.061977E+00
     200     500     5.960654E+00  2.500000E+00  1.213470E+00
     200     500     5.960654E+00  2.500000E+00  1.364962E+00
     200     500     5.960654E+00  2.500000E+00  1.516455E+00
     200     500     5.960654E+00  2.500000E+00  1.667947E+00
     200     500     5.960654E+00  2.500000E+00  1.819440E+00
     200     500     5.960654E+00  2.500000E+00  1.970933E+00
     200     500     5.960654E+00  2.500000E+00  2.122425E+00
     200     500     5.960654E+00  2.500000E+00  2.273918E+00
     200     500     5.960654E+00  2.500000E+00  2.425410E+00
     200     500     5.960654E+00  2.500000E+00  2.576903E+00
     200     500     5.960654E+00  2.500000E+00  2.728395E+00
     200     500     5.960654E+00  2.500000E+00  2.879888E+00
     200     500     5.960654E+00  2.500000E+00  3.031380E+00
     200     500     5.960654E+00  2.500000E+00  3.182873E+00
     200     500     5.960654E+00  2.500000E+00  3.334365E+00
     200     500     5.960654E+00  2.500000E+00  3.485858E+00
     200     500     5.960654E+00  2.500000E+00  3.637350E+00
     200     500     5.960654E+00  2.500000E+00  3.788843E+00
     200     500     5.960654E+00  2.500000E+00  3.940336E+00
     200     500     5.960654E+00  2.500000E+00  4.091828E+00
     200     500     5.960654E+00  2.500000E+00  4.243321E+00
     200     500     5.960654E+00  2.500000E+00  4.394813E+00
     200     500     6.137396E+00  2.500000E+00  6.074997E-01
     200     500     6.137396E+00  2.500000E+00  7.589923E-01
     200     500     6.137396E+00  2.500000E+00  9.104848E-01
     200     500     6.137396E+00  2.500000E+00  1.061977E+00
     200     500     6.137396E+00  2.500000E+00  1.213470E+00
     200     500     6.137396E+00  2.500000E+00  1.364962E+00
     200     500     6.137396E+00  2.500000E+00  1.516455E+00
     200     500     6.137396E+00  2.500000E+00  1.667947E+00
     200     500     6.137396E+00  2.500000E+00  1.819440E+00
     200     500     6.137396E+00  2.500000E+00  1.970933E+00
     200     500     6.137396E+00  2.500000E+00  2.122425E+00
     200     500     6.137396E+00  2.500000E+00  2.273918E+00
     200     500     6.137396E+00  2.500000E+00  2.425410E+00
     200     500     6.137396E+00  2.500000E+00  2.576903E+00
     200     500     6.137396E+00  2.500000E+00  2.728395E+00
     200     500     6.137396E+00  2.500000E+00  2.879888E+00
     200     500     6.137396E+00  2.500000E+00  3.031380E+00
     200     500     6.137396E+00  2.500000E+00  3.182873E+00
     200     500     6.137396E+00  2.500000E+00  3.334365E+00
     200     500     6.137396E+00  2.500000E+00  3.485858E+00
     200     500     6.137396E+00  2.500000E+00  3.637350E+00
     200     500     6.137396E+00  2.500000E+00  3.788843E+00
     200     500     6.137396E+00  2.500000E+00  3.940336E+00
     200     500     6.137396E+00  2.500000E+00  4.091828E+00
     200     500     6.137396E+00  2.500000E+00  4.243321E+00
     200     500     6.137396E+00  2.500000E+00  4.394813E+00
     200     500     6.314137E+00  2.500000E+00  6.074997E-01
     200     500     6.314137E+00  2.500000E+00  7.589923E-01
     200     500     6.314137E+00  2.500000E+00  9.104848E-01
     200     500     6.314137E+00  2.500000E+00  1.061977E+00
     200     500     6.314137E+00  2.500000E+00  1.213470E+00
     200     500     6.314137E+00  2.500000E+00  1.364962E+00
     200     500     6.314137E+00  2.500000E+00  1.516455E+00
     200     500     6.314137E+00  2.500000E+00  1.667947E+00
     200     500     6.314137E+00  2.500000E+00  1.819440E+00
     200     500     6.314137E+00  2.500000E+00  1.970933E+00
     200     500     6.314137E+00  2.500000E+00  2.122425E+00
     200     500     6.314137E+00  2.500000E+00  2.273918E+00
     200     500     6.314137E+00  2.500000E+00  2.425410E+00
     200     500     6.314137E+00  2.500000E+00  2.576903E+00
     200     500     6.314137E+00  2.500000E+00  2.728395E+00
     200     500     6.314137E+00  2.500000E+00  2.879888E+00
     200     500     6.314137E+00  2.500000E+00  3.031380E+00
     200     500     6.314137E+00  2.500000E+00  3.182873E+00
     200     500     6.314137E+00  2.500000E+00  3.334365E+00
     200     500     6.314137E+00  2.500000E+00  3.485858E+00
     200     500     6.314137E+00  2.500000E+00  3.637350E+00
     200     500     6.314137E+00  2.500000E+00  3.788843E+00
     200     500     6.314137E+00  2.500000E+00  3.940336E+00
     200     500     6.314137E+00  2.500000E+00  4.091828E+00
     200     500     6.314137E+00  2.500000E+00  4.243321E+00
     200     500     6.314137E+00  2.500000E+00  4.394813E+00
     200     500     6.490878E+00  2.500000E+00  6.074997E-01
     200     500     6.490878E+00  2.500000E+00  7.589923E-01
     200     500     6.490878E+00  2.500000E+00  9.104848E-01
     200     500     6.490878E+00  2.500000E+00  1.061977E+00
     200     500     6.490878E+00  2.500000E+00  1.213470E+00
     200     500     6.490878E+00  2.500000E+00  1.364962E+00
     200     500     6.490878E+00  2.500000E+00  1.516455E+00
     200     500     6.490878E+00  2.500000E+00  1.667947E+00
     200     500     6.490878E+00  2.500000E+00  1.819440E+00
     200     500     6.490878E+00  2.500000E+00  1.970933E+00
     200     500     6.490878E+00  2.500000E+00  2.122425E+00
     200     500     6.490878E+00  2.500000E+00  2.273918E+00
     200     500     6.490878E+00  2.500000E+00  2.425410E+00
     200     500     6.490878E+00  2.500000E+00  2.576903E+00
     200     500     6.490878E+00  2.500000E+00  2.728395E+00
     200     500     6.490878E+00  2.500000E+00  2.879888E+00
     200     500     6.490878E+00  2.500000E+00  3.031380E+00
     200     500     6.490878E+00  2.500000E+00  3.182873E+00
     200     500     6.490878E+00  2.500000E+00  3.334365E+00
     200     500     6.490878E+00  2.500000E+00  3.485858E+00
     200     500     6.490878E+00  2.500000E+00  3.637350E+00
     200     500     6.490878E+00  2.500000E+00  3.788843E+00
     200     500     6.490878E+00  2.500000E+00  3.940336E+00
     200     500     6.490878E+00  2.500000E+00  4.091828E+00
     200     500     6.490878E+00  2.500000E+00  4.243321E+00
     200     500     6.490878E+00  2.500000E+00  4.394813E+00
     200     500     6.667619E+00  2.500000E+00  6.074997E-01
     200     500     6.667619E+00  2.500000E+00  7.589923E-01
     200     500     6.667619E+00  2.500000E+00  9.104848E-01
     200     500     6.667619E+00  2.500000E+00  1.061977E+00
     200     500     6.667619E+00  2.500000E+00  1.213470E+00
     200     500     6.667619E+00  2.500000E+00  1.364962E+00
     200     500     6.667619E+00  2.500000E+00  1.516455E+00
     200     500     6.667619E+00  2.500000E+00  1.667947E+00
     200     500     6.667619E+00  2.500000E+00  1.819440E+00
     200     500     6.667619E+00  2.500000E+00  1.970933E+00
     200     500     6.667619E+00  2.500000E+00  2.122425E+00
     200     500     6.667619E+00  2.500000E+00  2.273918E+00
     200     500     6.667619E+00  2.500000E+00  2.425410E+00
     200     500     6.667619E+00  2.500000E+00  2.576903E+00
     200     500     6.667619E+00  2.500000E+00  2.728395E+00
     200     500     6.667619E+00  2.500000E+00  2.879888E+00
     200     500     6.667619E+00  2.500000E+00  3.031380E+00
     200     500     6.667619E+00  2.500000E+00  3.182873E+00
     200     500     6.667619E+00  2.500000E+00  3.334365E+00
     200     500     6.667619E+00  2.500000E+00  3.485858E+00
     200     500     6.667619E+00  2.500000E+00  3.637350E+00
     200     500     6.667619E+00  2.500000E+00  3.788843E+00
     200     500     6.667619E+00  2.500000E+00  3.940336E+00
     200     500     6.667619E+00  2.500000E+00  4.091828E+00
     200     500     6.667619E+00  2.500000E+00  4.243321E+00
     200     500     6.667619E+00  2.500000E+00  4.394813E+00
     200     500     6.844361E+00  2.500000E+00  6.074997E-01
     200     500     6.844361E+00  2.500000E+00  7.589923E-01
     200     500     6.844361E+00  2.500000E+00  9.104848E-01
     200     500     6.844361E+00  2.500000E+00  1.061977E+00
     200     500     6.844361E+00  2.500000E+00  1.213470E+00
     200     500     6.844361E+00  2.500000E+00  1.364962E+00
     200     500     6.844361E+00  2.500000E+00  1.516455E+00
     200     500     6.844361E+00  2.500000E+00  1.667947E+00
     200     500     6.844361E+00  2.500000E+00  1.819440E+00
     200     500     6.844361E+00  2.500000E+00  1.970933E+00
     200     500     6.844361E+00  2.500000E+00  2.122425E+00
     200     500     6.844361E+00  2.500000E+00  2.273918E+00
     200     500     6.844361E+00  2.500000E+00  2.425410E+00
     200     500     6.844361E+00  2.500000E+00  2.576903E+00
     200     500     6.844361E+00  2.500000E+00  2.728395E+00
     200     500     6.844361E+00  2.500000E+00  2.879888E+00
     200     500     6.844361E+00  2.500000E+00  3.031380E+00
     200     500     6.844361E+00  2.500000E+00  3.182873E+00
     200     500     6.844361E+00  2.500000E+00  3.334365E+00
     200     500     6.844361E+00  2.500000E+00  3.485858E+00
     200     500     6.844361E+00  2.500000E+00  3.637350E+00
     200     500     6.844361E+00  2.500000E+00  3.788843E+00
     200     500     6.844361E+00  2.500000E+00  3.940336E+00
     200     500     6.844361E+00  2.500000E+00  4.091828E+00
     200     500     6.844361E+00  2.500000E+00  4.243321E+00
     200     500     6.844361E+00  2.500000E+00  4.394813E+00
     200     500     7.021102E+00  2.500000E+00  6.074997E-01
     200     500     7.021102E+00  2.500000E+00  7.589923E-01
     200     500     7.021102E+00  2.500000E+00  9.104848E-01
     200     500     7.021102E+00  2.500000E+00  1.061977E+00
     200     500     7.021102E+00  2.500000E+00  1.213470E+00
     200     500     7.021102E+00  2.500000E+00  1.364962E+00
     200     500     7.021102E+00  2.500000E+00  1.516455E+00
     200     500     7.021102E+00  2.500000E+00  1.667947E+00
     200     500     7.021102E+00  2.500000E+00  1.819440E+00
     200     500     7.021102E+00  2.500000E+00  1.970933E+00
     200     500     7.021102E+00  2.500000E+00  2.122425E+00
     200     500     7.021102E+00  2.500000E+00  2.273918E+00
     200     500     7.021102E+00  2.500000E+00  2.425410E+00
     200     500     7.021102E+00  2.500000E+00  2.576903E+00
     200     500     7.021102E+00  2.500000E+00  2.728395E+00
     200     500     7.021102E+00  2.500000E+00  2.879888E+00
     200     500     7.021102E+00  2.500000E+00  3.031380E+00
     200     500     7.021102E+00  2.500000E+00  3.182873E+00
     200     500     7.021102E+00  2.500000E+00  3.334365E+00
     200     500     7.021102E+00  2.500000E+00  3.485858E+00
     200     500     7.021102E+00  2.500000E+00  3.637350E+00
     200     500     7.021102E+00  2.500000E+00  3.788843E+00
     200     500     7.021102E+00  2.500000E+00  3.940336E+00
     200     500     7.021102E+00  2.500000E+00  4.091828E+00
     200     500     7.021102E+00  2.500000E+00  4.243321E+00
     200     500     7.021102E+00  2.500000E+00  4.394813E+00
     200     500     7.197843E+00  2.500000E+00  6.074997E-01
     200     500     7.197843E+00  2.500000E+00  7.589923E-01
     200     500     7.197843E+00  2.500000E+00  9.104848E-01
     200     500     7.197843E+00  2.500000E+00  1.061977E+00
     200     500     7.197843E+00  2.500000E+00  1.213470E+00
     200     500     7.197843E+00  2.500000E+00  1.364962E+00
     200     500     7.197843E+00  2.500000E+00  1.516455E+00
     200     500     7.197843E+00  2.500000E+00  1.667947E+00
     200     500     7.197843E+00  2.500000E+00  1.819440E+00
     200     500     7.197843E+00  2.500000E+00  1.970933E+00
     200     500     7.197843E+00  2.500000E+00  2.122425E+00
     200     500     7.197843E+00  2.500000E+00  2.273918E+00
     200     500     7.197843E+00  2.500000E+00  2.425410E+00
     200     500     7.197843E+00  2.500000E+00  2.576903E+00
     200     500     7.197843E+00  2.500000E+00  2.728395E+00
     200     500     7.197843E+00  2.500000E+00  2.879888E+00
     200     500     7.197843E+00  2.500000E+00  3.031380E+00
     200     500     7.197843E+00  2.500000E+00  3.182873E+00
     200     500     7.197843E+00  2.500000E+00  3.334365E+00
     200     500     7.197843E+00  2.500000E+00  3.485858E+00
     200     500     7.197843E+00  2.500000E+00  3.637350E+00
     200     500     7.197843E+00  2.500000E+00  3.788843E+00
     200     500     7.197843E+00  2.500000E+00  3.940336E+00
     200     500     7.197843E+00  2.500000E+00  4.091828E+00
     200     500     7.197843E+00  2.500000E+00  4.243321E+00
     200     500     7.197843E+00  2.500000E+00  4.394813E+00
     200     500     7.374585E+00  2.500000E+00  6.074997E-01
     200     500     7.374585E+00  2.500000E+00  7.589923E-01
     200     500     7.374585E+00  2.500000E+00  9.104848E-01
     200     500     7.374585E+00  2.500000E+00  1.061977E+00
     200     500     7.374585E+00  2.500000E+00  1.213470E+00
     200     500     7.374585E+00  2.500000E+00  1.364962E+00
     200     500     7.374585E+00  2.500000E+00  1.516455E+00
     200     500     7.374585E+00  2.500000E+00  1.667947E+00
     200     500     7.374585E+00  2.500000E+00  1.819440E+00
     200     500     7.374585E+00  2.500000E+00  1.970933E+00
     200     500     7.374585E+00  2.500000E+00  2.122425E+00
     200     500     7.374585E+00  2.500000E+00  2.273918E+00
     200     500     7.374585E+00  2.500000E+00  2.425410E+00
     200     500     7.374585E+00  2.500000E+00  2.576903E+00
     200     500     7.374585E+00  2.500000E+00  2.728395E+00
     200     500     7.374585E+00  2.500000E+00  2.879888E+00
     200     500     7.374585E+00  2.500000E+00  3.031380E+00
     200     500     7.374585E+00  2.500000E+00  3.182873E+00
     200     500     7.374585E+00  2.500000E+00  3.334365E+00
     200     500     7.374585E+00  2.500000E+00  3.485858E+00
     200     500     7.374585E+00  2.500000E+00  3.637350E+00
     200     500     7.374585E+00  2.500000E+00  3.788843E+00
     200     500     7.374585E+00  2.500000E+00  3.940336E+00
     200     500     7.374585E+00  2.500000E+00  4.091828E+00
     200     500     7.374585E+00  2.500000E+00  4.243321E+00
     200     500     7.374585E+00  2.500000E+00  4.394813E+00
     200     500     7.551326E+00  2.500000E+00  6.074997E-01
     200     500     7.551326E+00  2.500000E+00  7.589923E-01
     200     500     7.551326E+00  2.500000E+00  9.104848E-01
     200     500     7.551326E+00  2.500000E+00  1.061977E+00
     200     500     7.551326E+00  2.500000E+00  1.213470E+00
     200     500     7.551326E+00  2.500000E+00  1.364962E+00
     200     500     7.551326E+00  2.500000E+00  1.516455E+00
     200     500     7.551326E+00  2.500000E+00  1.667947E+00
     200     500     7.551326E+00  2.500000E+00  1.819440E+00
     200     500     7.551326E+00  2.500000E+00  1.970933E+00
     200     500     7.551326E+00  2.500000E+00  2.122425E+00
     200     500     7.551326E+00  2.500000E+00  2.273918E+00
     200     500     7.551326E+00  2.500000E+00  2.425410E+00
     200     500     7.551326E+00  2.500000E+00  2.576903E+00
     200     500     7.551326E+00  2.500000E+00  2.728395E+00
     200     500     7.551326E+00  2.500000E+00  2.879888E+00
     200     500     7.551326E+00  2.500000E+00  3.031380E+00
     200     500     7.551326E+00  2.500000E+00  3.182873E+00
     200     500     7.551326E+00  2.500000E+00  3.334365E+00
     200     500     7.551326E+00  2.500000E+00  3.485858E+00
     200     500     7.551326E+00  2.500000E+00  3.637350E+00
     200     500     7.551326E+00  2.500000E+00  3.788843E+00
     200     500     7.551326E+00  2.500000E+00  3.940336E+00
     200     500     7.551326E+00  2.500000E+00  4.091828E+00
     200     500     7.551326E+00  2.500000E+00  4.243321E+00
     200     500     7.551326E+00  2.500000E+00  4.394813E+00
     200     500     7.728067E+00  2.500000E+00  6.074997E-01
     200     500     7.728067E+00  2.500000E+00  7.589923E-01
     200     500     7.728067E+00  2.500000E+00  9.104848E-01
     200     500     7.728067E+00  2.500000E+00  1.061977E+00
     200     500     7.728067E+00  2.500000E+00  1.213470E+00
     200     500     7.728067E+00  2.500000E+00  1.364962E+00
     200     500     7.728067E+00  2.500000E+00  1.516455E+00
     200     500     7.728067E+00  2.500000E+00  1.667947E+00
     200     500     7.728067E+00  2.500000E+00  1.819440E+00
     200     500     7.728067E+00  2.500000E+00  1.970933E+00
     200     500     7.728067E+00  2.500000E+00  2.122425E+00
     200     500     7.728067E+00  2.500000E+00  2.273918E+00
     200     500     7.728067E+00  2.500000E+00  2.425410E+00
     200     500     7.728067E+00  2.500000E+00  2.576903E+00
     200     500     7.728067E+00  2.500000E+00  2.728395E+00
     200     500     7.728067E+00  2.500000E+00  2.879888E+00
     200     500     7.728067E+00  2.500000E+00  3.031380E+00
     200     500     7.728067E+00  2.500000E+00  3.182873E+00
     200     500     7.728067E+00  2.500000E+00  3.334365E+00
     200     500     7.728067E+00  2.500000E+00  3.485858E+00
     200     500     7.728067E+00  2.500000E+00  3.637350E+00
     200     500     7.728067E+00  2.500000E+00  3.788843E+00
     200     500     7.728067E+00  2.500000E+00  3.940336E+00
     200     500     7.728067E+00  2.500000E+00  4.091828E+00
     200     500     7.728067E+00  2.500000E+00  4.243321E+00
     200     500     7.728067E+00  2.500000E+00  4.394813E+00
     200     500     7.904808E+00  2.500000E+00  6.074997E-01
     200     500     7.904808E+00  2.500000E+00  7.589923E-01
     200     500     7.904808E+00  2.500000E+00  9.104848E-01
     200     500     7.904808E+00  2.500000E+00  1.061977E+00
     200     500     7.904808E+00  2.500000E+00  1.213470E+00
     200     500     7.904808E+00  2.500000E+00  1.364962E+00
     200     500     7.904808E+00  2.500000E+00  1.516455E+00
     200     500     7.904808E+00  2.500000E+00  1.667947E+00
     200     500     7.904808E+00  2.500000E+00  1.819440E+00
     200     500     7.904808E+00  2.500000E+00  1.970933E+00
     200     500     7.904808E+00  2.500000E+00  2.122425E+00
     200     500     7.904808E+00  2.500000E+00  2.273918E+00
     200     500     7.904808E+00  2.500000E+00  2.425410E+00
     200     500     7.904808E+00  2.500000E+00  2.576903E+00
     200     500     7.904808E+00  2.500000E+00  2.728395E+00
     200     500     7.904808E+00  2.500000E+00  2.879888E+00
     200     500     7.904808E+00  2.500000E+00  3.031380E+00
     200     500     7.904808E+00  2.500000E+00  3.182873E+00
     200     500     7.904808E+00  2.500000E+00  3.334365E+00
     200     500     7.904808E+00  2.500000E+00  3.485858E+00
     200     500     7.904808E+00  2.500000E+00  3.637350E+00
     200     500     7.904808E+00  2.500000E+00  3.788843E+00
     200     500     7.904808E+00  2.500000E+00  3.940336E+00
     200     500     7.904808E+00  2.500000E+00  4.091828E+00
     200     500     7.904808E+00  2.500000E+00  4.243321E+00
     200     500     7.904808E+00  2.500000E+00  4.394813E+00
     200     500     8.081550E+00  2.500000E+00  6.074997E-01
     200     500     8.081550E+00  2.500000E+00  7.589923E-01
     200     500     8.081550E+00  2.500000E+00  9.104848E-01
     200     500     8.081550E+00  2.500000E+00  1.061977E+00
     200     500     8.081550E+00  2.500000E+00  1.213470E+00
     200     500     8.081550E+00  2.500000E+00  1.364962E+00
     200     500     8.081550E+00  2.500000E+00  1.516455E+00
     200     500     8.081550E+00  2.500000E+00  1.667947E+00
     200     500     8.081550E+00  2.500000E+00  1.819440E+00
     200     500     8.081550E+00  2.500000E+00  1.970933E+00
     200     500     8.081550E+00  2.500000E+00  2.122425E+00
     200     500     8.081550E+00  2.500000E+00  2.273918E+00
     200     500     8.081550E+00  2.500000E+00  2.425410E+00
     200     500     8.081550E+00  2.500000E+00  2.576903E+00
     200     500     8.081550E+00  2.500000E+00  2.728395E+00
     200     500     8.081550E+00  2.500000E+00  2.879888E+00
     200     500     8.081550E+00  2.500000E+00  3.031380E+00
     200     500     8.081550E+00  2.500000E+00  3.182873E+00
     200     500     8.081550E+00  2.500000E+00  3.334365E+00
     200     500     8.081550E+00  2.500000E+00  3.485858E+00
     200     500     8.081550E+00  2.500000E+00  3.637350E+00
     200     500     8.081550E+00  2.500000E+00  3.788843E+00
     200     500     8.081550E+00  2.500000E+00  3.940336E+00
     200     500     8.081550E+00  2.500000E+00  4.091828E+00
     200     500     8.081550E+00  2.500000E+00  4.243321E+00
     200     500     8.081550E+00  2.500000E+00  4.394813E+00
     200     500     8.258291E+00  2.500000E+00  6.074997E-01
     200     500     8.258291E+00  2.500000E+00  7.589923E-01
     200     500     8.258291E+00  2.500000E+00  9.104848E-01
     200     500     8.258291E+00  2.500000E+00  1.061977E+00
     200     500     8.258291E+00  2.500000E+00  1.213470E+00
     200     500     8.258291E+00  2.500000E+00  1.364962E+00
     200     500     8.258291E+00  2.500000E+00  1.516455E+00
     200     500     8.258291E+00  2.500000E+00  1.667947E+00
     200     500     8.258291E+00  2.500000E+00  1.819440E+00
     200     500     8.258291E+00  2.500000E+00  1.970933E+00
     200     500     8.258291E+00  2.500000E+00  2.122425E+00
     200     500     8.258291E+00  2.500000E+00  2.273918E+00
     200     500     8.258291E+00  2.500000E+00  2.425410E+00
     200     500     8.258291E+00  2.500000E+00  2.576903E+00
     200     500     8.258291E+00  2.500000E+00  2.728395E+00
     200     500     8.258291E+00  2.500000E+00  2.879888E+00
     200     500     8.258291E+00  2.500000E+00  3.031380E+00
     200     500     8.258291E+00  2.500000E+00  3.182873E+00
     200     500     8.258291E+00  2.500000E+00  3.334365E+00
     200     500     8.258291E+00  2.500000E+00  3.485858E+00
     200     500     8.258291E+00  2.500000E+00  3.637350E+00
     200     500     8.258291E+00  2.500000E+00  3.788843E+00
     200     500     8.258291E+00  2.500000E+00  3.940336E+00
     200     500     8.258291E+00  2.500000E+00  4.091828E+00
     200     500     8.258291E+00  2.500000E+00  4.243321E+00
     200     500     8.258291E+00  2.500000E+00  4.394813E+00
     200     500     8.435032E+00  2.500000E+00  6.074997E-01
     200     500     8.435032E+00  2.500000E+00  7.589923E-01
     200     500     8.435032E+00  2.500000E+00  9.104848E-01
     200     500     8.435032E+00  2.500000E+00  1.061977E+00
     200     500     8.435032E+00  2.500000E+00  1.213470E+00
     200     500     8.435032E+00  2.500000E+00  1.364962E+00
     200     500     8.435032E+00  2.500000E+00  1.516455E+00
     200     500     8.435032E+00  2.500000E+00  1.667947E+00
     200     500     8.435032E+00  2.500000E+00  1.819440E+00
     200     500     8.435032E+00  2.500000E+00  1.970933E+00
     200     500     8.435032E+00  2.500000E+00  2.122425E+00
     200     500     8.435032E+00  2.500000E+00  2.273918E+00
     200     500     8.435032E+00  2.500000E+00  2.425410E+00
     200     500     8.435032E+00  2.500000E+00  2.576903E+00
     200     500     8.435032E+00  2.500000E+00  2.728395E+00
     200     500     8.435032E+00  2.500000E+00  2.879888E+00
     200     500     8.435032E+00  2.500000E+00  3.031380E+00
     200     500     8.435032E+00  2.500000E+00  3.182873E+00
     200     500     8.435032E+00  2.500000E+00  3.334365E+00
     200     500     8.435032E+00  2.500000E+00  3.485858E+00
     200     500     8.435032E+00  2.500000E+00  3.637350E+00
     200     500     8.435032E+00  2.500000E+00  3.788843E+00
     200     500     8.435032E+00  2.500000E+00  3.940336E+00
     200     500     8.435032E+00  2.500000E+00  4.091828E+00
     200     500     8.435032E+00  2.500000E+00  4.243321E+00
     200     500     8.435032E+00  2.500000E+00  4.394813E+00
     200     500     8.611774E+00  2.500000E+00  6.074997E-01
     200     500     8.611774E+00  2.500000E+00  7.589923E-01
     200     500     8.611774E+00  2.500000E+00  9.104848E-01
     200     500     8.611774E+00  2.500000E+00  1.061977E+00
     200     500     8.611774E+00  2.500000E+00  1.213470E+00
     200     500     8.611774E+00  2.500000E+00  1.364962E+00
     200     500     8.611774E+00  2.500000E+00  1.516455E+00
     200     500     8.611774E+00  2.500000E+00  1.667947E+00
     200     500     8.611774E+00  2.500000E+00  1.819440E+00
     200     500     8.611774E+00  2.500000E+00  1.970933E+00
     200     500     8.611774E+00  2.500000E+00  2.122425E+00
     200     500     8.611774E+00  2.500000E+00  2.273918E+00
     200     500     8.611774E+00  2.500000E+00  2.425410E+00
     200     500     8.611774E+00  2.500000E+00  2.576903E+00
     200     500     8.611774E+00  2.500000E+00  2.728395E+00
     200     500     8.611774E+00  2.500000E+00  2.879888E+00
     200     500     8.611774E+00  2.500000E+00  3.031380E+00
     200     500     8.611774E+00  2.500000E+00  3.182873E+00
     200     500     8.611774E+00  2.500000E+00  3.334365E+00
     200     500     8.611774E+00  2.500000E+00  3.485858E+00
     200     500     8.611774E+00  2.500000E+00  3.637350E+00
     200     500     8.611774E+00  2.500000E+00  3.788843E+00
     200     500     8.611774E+00  2.500000E+00  3.940336E+00
     200     500     8.611774E+00  2.500000E+00  4.091828E+00
     200     500     8.611774E+00  2.500000E+00  4.243321E+00
     200     500     8.611774E+00  2.500000E+00  4.394813E+00
     200     500     8.788515E+00  2.500000E+00  6.074997E-01
     200     500     8.788515E+00  2.500000E+00  7.589923E-01
     200     500     8.788515E+00  2.500000E+00  9.104848E-01
     200     500     8.788515E+00  2.500000E+00  1.061977E+00
     200     500     8.788515E+00  2.500000E+00  1.213470E+00
     200     500     8.788515E+00  2.500000E+00  1.364962E+00
     200     500     8.788515E+00  2.500000E+00  1.516455E+00
     200     500     8.788515E+00  2.500000E+00  1.667947E+00
     200     500     8.788515E+00  2.500000E+00  1.819440E+00
     200     500     8.788515E+00  2.500000E+00  1.970933E+00
     200     500     8.788515E+00  2.500000E+00  2.122425E+00
     200     500     8.788515E+00  2.500000E+00  2.273918E+00
     200     500     8.788515E+00  2.500000E+00  2.425410E+00
     200     500     8.788515E+00  2.500000E+00  2.576903E+00
     200     500     8.788515E+00  2.500000E+00  2.728395E+00
     200     500     8.788515E+00  2.500000E+00  2.879888E+00
     200     500     8.788515E+00  2.500000E+00  3.031380E+00
     200     500     8.788515E+00  2.500000E+00  3.182873E+00
     200     500     8.788515E+00  2.500000E+00  3.334365E+00
     200     500     8.788515E+00  2.500000E+00  3.485858E+00
     200     500     8.788515E+00  2.500000E+00  3.637350E+00
     200     500     8.788515E+00  2.500000E+00  3.788843E+00
     200     500     8.788515E+00  2.500000E+00  3.940336E+00
     200     500     8.788515E+00  2.500000E+00  4.091828E+00
     200     500     8.788515E+00  2.500000E+00  4.243321E+00
     200     500     8.788515E+00  2.500000E+00  4.394813E+00
     200     500     8.965256E+00  2.500000E+00  6.074997E-01
     200     500     8.965256E+00  2.500000E+00  7.589923E-01
     200     500     8.965256E+00  2.500000E+00  9.104848E-01
     200     500     8.965256E+00  2.500000E+00  1.061977E+00
     200     500     8.965256E+00  2.500000E+00  1.213470E+00
     200     500     8.965256E+00  2.500000E+00  1.364962E+00
     200     500     8.965256E+00  2.500000E+00  1.516455E+00
     200     500     8.965256E+00  2.500000E+00  1.667947E+00
     200     500     8.965256E+00  2.500000E+00  1.819440E+00
     200     500     8.965256E+00  2.500000E+00  1.970933E+00
     200     500     8.965256E+00  2.500000E+00  2.122425E+00
     200     500     8.965256E+00  2.500000E+00  2.273918E+00
     200     500     8.965256E+00  2.500000E+00  2.425410E+00
     200     500     8.965256E+00  2.500000E+00  2.576903E+00
     200     500     8.965256E+00  2.500000E+00  2.728395E+00
     200     500     8.965256E+00  2.500000E+00  2.879888E+00
     200     500     8.965256E+00  2.500000E+00  3.031380E+00
     200     500     8.965256E+00  2.500000E+00  3.182873E+00
     200     500     8.965256E+00  2.500000E+00  3.334365E+00
     200     500     8.965256E+00  2.500000E+00  3.485858E+00
     200     500     8.965256E+00  2.500000E+00  3.637350E+00
     200     500     8.965256E+00  2.500000E+00  3.788843E+00
     200     500     8.965256E+00  2.500000E+00  3.940336E+00
     200     500     8.965256E+00  2.500000E+00  4.091828E+00
     200     500     8.965256E+00  2.500000E+00  4.243321E+00
     200     500     8.965256E+00  2.500000E+00  4.394813E+00
     200     500     9.141998E+00  2.500000E+00  6.074997E-01
     200     500     9.141998E+00  2.500000E+00  7.589923E-01
     200     500     9.141998E+00  2.500000E+00  9.104848E-01
     200     500     9.141998E+00  2.500000E+00  1.061977E+00
     200     500     9.141998E+00  2.500000E+00  1.213470E+00
     200     500     9.141998E+00  2.500000E+00  1.364962E+00
     200     500     9.141998E+00  2.500000E+00  1.516455E+00
     200     500     9.141998E+00  2.500000E+00  1.667947E+00
     200     500     9.141998E+00  2.500000E+00  1.819440E+00
     200     500     9.141998E+00  2.500000E+00  1.970933E+00
     200     500     9.141998E+00  2.500000E+00  2.122425E+00
     200     500     9.141998E+00  2.500000E+00  2.273918E+00
     200     500     9.141998E+00  2.500000E+00  2.425410E+00
     200     500     9.141998E+00  2.500000E+00  2.576903E+00
     200     500     9.141998E+00  2.500000E+00  2.728395E+00
     200     500     9.141998E+00  2.500000E+00  2.879888E+00
     200     500     9.141998E+00  2.500000E+00  3.031380E+00
     200     500     9.141998E+00  2.500000E+00  3.182873E+00
     200     500     9.141998E+00  2.500000E+00  3.334365E+00
     200     500     9.141998E+00  2.500000E+00  3.485858E+00
     200     500     9.141998E+00  2.500000E+00  3.637350E+00
     200     500     9.141998E+00  2.500000E+00  3.788843E+00
     200     500     9.141998E+00  2.500000E+00  3.940336E+00
     200     500     9.141998E+00  2.500000E+00  4.091828E+00
     200     500     9.141998E+00  2.500000E+00  4.243321E+00
     200     500     9.141998E+00  2.500000E+00  4.394813E+00
     200     500     9.318739E+00  2.500000E+00  6.074997E-01
     200     500     9.318739E+00  2.500000E+00  7.589923E-01
     200     500     9.318739E+00  2.500000E+00  9.104848E-01
     200     500     9.318739E+00  2.500000E+00  1.061977E+00
     200     500     9.318739E+00  2.500000E+00  1.213470E+00
     200     500     9.318739E+00  2.500000E+00  1.364962E+00
     200     500     9.318739E+00  2.500000E+00  1.516455E+00
     200     500     9.318739E+00  2.500000E+00  1.667947E+00
     200     500     9.318739E+00  2.500000E+00  1.819440E+00
     200     500     9.318739E+00  2.500000E+00  1.970933E+00
     200     500     9.318739E+00  2.500000E+00  2.122425E+00
     200     500     9.318739E+00  2.500000E+00  2.273918E+00
     200     500     9.318739E+00  2.500000E+00  2.425410E+00
     200     500     9.318739E+00  2.500000E+00  2.576903E+00
     200     500     9.318739E+00  2.500000E+00  2.728395E+00
     200     500     9.318739E+00  2.500000E+00  2.879888E+00
     200     500     9.318739E+00  2.500000E+00  3.031380E+00
     200     500     9.318739E+00  2.500000E+00  3.182873E+00
     200     500     9.318739E+00  2.500000E+00  3.334365E+00
     200     500     9.318739E+00  2.500000E+00  3.485858E+00
     200     500     9.318739E+00  2.500000E+00  3.637350E+00
     200     500     9.318739E+00  2.500000E+00  3.788843E+00
     200     500     9.318739E+00  2.500000E+00  3.940336E+00
     200     500     9.318739E+00  2.500000E+00  4.091828E+00
     200     500     9.318739E+00  2.500000E+00  4.243321E+00
     200     500     9.318739E+00  2.500000E+00  4.394813E+00
     200     500     9.495480E+00  2.500000E+00  6.074997E-01
     200     500     9.495480E+00  2.500000E+00  7.589923E-01
     200     500     9.495480E+00  2.500000E+00  9.104848E-01
     200     500     9.495480E+00  2.500000E+00  1.061977E+00
     200     500     9.495480E+00  2.500000E+00  1.213470E+00
     200     500     9.495480E+00  2.500000E+00  1.364962E+00
     200     500     9.495480E+00  2.500000E+00  1.516455E+00
     200     500     9.495480E+00  2.500000E+00  1.667947E+00
     200     500     9.495480E+00  2.500000E+00  1.819440E+00
     200     500     9.495480E+00  2.500000E+00  1.970933E+00
     200     500     9.495480E+00  2.500000E+00  2.122425E+00
     200     500     9.495480E+00  2.500000E+00  2.273918E+00
     200     500     9.495480E+00  2.500000E+00  2.425410E+00
     200     500     9.495480E+00  2.500000E+00  2.576903E+00
     200     500     9.495480E+00  2.500000E+00  2.728395E+00
     200     500     9.495480E+00  2.500000E+00  2.879888E+00
     200     500     9.495480E+00  2.500000E+00  3.031380E+00
     200     500     9.495480E+00  2.500000E+00  3.182873E+00
     200     500     9.495480E+00  2.500000E+00  3.334365E+00
     200     500     9.495480E+00  2.500000E+00  3.485858E+00
     200     500     9.495480E+00  2.500000E+00  3.637350E+00
     200     500     9.495480E+00  2.500000E+00  3.788843E+00
     200     500     9.495480E+00  2.500000E+00  3.940336E+00
     200     500     9.495480E+00  2.500000E+00  4.091828E+00
     200     500     9.495480E+00  2.500000E+00  4.243321E+00
     200     500     9.495480E+00  2.500000E+00  4.394813E+00
     200     500     9.672221E+00  2.500000E+00  6.074997E-01
     200     500     9.672221E+00  2.500000E+00  7.589923E-01
     200     500     9.672221E+00  2.500000E+00  9.104848E-01
     200     500     9.672221E+00  2.500000E+00  1.061977E+00
     200     500     9.672221E+00  2.500000E+00  1.213470E+00
     200     500     9.672221E+00  2.500000E+00  1.364962E+00
     200     500     9.672221E+00  2.500000E+00  1.516455E+00
     200     500     9.672221E+00  2.500000E+00  1.667947E+00
     200     500     9.672221E+00  2.500000E+00  1.819440E+00
     200     500     9.672221E+00  2.500000E+00  1.970933E+00
     200     500     9.672221E+00  2.500000E+00  2.122425E+00
     200     500     9.672221E+00  2.500000E+00  2.273918E+00
     200     500     9.672221E+00  2.500000E+00  2.425410E+00
     200     500     9.672221E+00  2.500000E+00  2.576903E+00
     200     500     9.672221E+00  2.500000E+00  2.728395E+00
     200     500     9.672221E+00  2.500000E+00  2.879888E+00
     200     500     9.672221E+00  2.500000E+00  3.031380E+00
     200     500     9.672221E+00  2.500000E+00  3.182873E+00
     200     500     9.672221E+00  2.500000E+00  3.334365E+00
     200     500     9.672221E+00  2.500000E+00  3.485858E+00
     200     500     9.672221E+00  2.500000E+00  3.637350E+00
     200     500     9.672221E+00  2.500000E+00  3.788843E+00
     200     500     9.672221E+00  2.500000E+00  3.940336E+00
     200     500     9.672221E+00  2.500000E+00  4.091828E+00
     200     500     9.672221E+00  2.500000E+00  4.243321E+00
     200     500     9.672221E+00  2.500000E+00  4.394813E+00
     200     500     9.848963E+00  2.500000E+00  6.074997E-01
     200     500     9.848963E+00  2.500000E+00  7.589923E-01
     200     500     9.848963E+00  2.500000E+00  9.104848E-01
     200     500     9.848963E+00  2.500000E+00  1.061977E+00
     200     500     9.848963E+00  2.500000E+00  1.213470E+00
     200     500     9.848963E+00  2.500000E+00  1.364962E+00
     200     500     9.848963E+00  2.500000E+00  1.516455E+00
     200     500     9.848963E+00  2.500000E+00  1.667947E+00
     200     500     9.848963E+00  2.500000E+00  1.819440E+00
     200     500     9.848963E+00  2.500000E+00  1.970933E+00
     200     500     9.848963E+00  2.500000E+00  2.122425E+00
     200     500     9.848963E+00  2.500000E+00  2.273918E+00
     200     500     9.848963E+00  2.500000E+00  2.425410E+00
     200     500     9.848963E+00  2.500000E+00  2.576903E+00
     200     500     9.848963E+00  2.500000E+00  2.728395E+00
     200     500     9.848963E+00  2.500000E+00  2.879888E+00
     200     500     9.848963E+00  2.500000E+00  3.031380E+00
     200     500     9.848963E+00  2.500000E+00  3.182873E+00
     200     500     9.848963E+00  2.500000E+00  3.334365E+00
     200     500     9.848963E+00  2.500000E+00  3.485858E+00
     200     500     9.848963E+00  2.500000E+00  3.637350E+00
     200     500     9.848963E+00  2.500000E+00  3.788843E+00
     200     500     9.848963E+00  2.500000E+00  3.940336E+00
     200     500     9.848963E+00  2.500000E+00  4.091828E+00
     200     500     9.848963E+00  2.500000E+00  4.243321E+00
     200     500     9.848963E+00  2.500000E+00  4.394813E+00
     200     500     1.002570E+01  2.500000E+00  6.074997E-01
     200     500     1.002570E+01  2.500000E+00  7.589923E-01
     200     500     1.002570E+01  2.500000E+00  9.104848E-01
     200     500     1.002570E+01  2.500000E+00  1.061977E+00
     200     500     1.002570E+01  2.500000E+00  1.213470E+00
     200     500     1.002570E+01  2.500000E+00  1.364962E+00
     200     500     1.002570E+01  2.500000E+00  1.516455E+00
     200     500     1.002570E+01  2.500000E+00  1.667947E+00
     200     500     1.002570E+01  2.500000E+00  1.819440E+00
     200     500     1.002570E+01  2.500000E+00  1.970933E+00
     200     500     1.002570E+01  2.500000E+00  2.122425E+00
     200     500     1.002570E+01  2.500000E+00  2.273918E+00
     200     500     1.002570E+01  2.500000E+00  2.425410E+00
     200     500     1.002570E+01  2.500000E+00  2.576903E+00
     200     500     1.002570E+01  2.500000E+00  2.728395E+00
     200     500     1.002570E+01  2.500000E+00  2.879888E+00
     200     500     1.002570E+01  2.500000E+00  3.031380E+00
     200     500     1.002570E+01  2.500000E+00  3.182873E+00
     200     500     1.002570E+01  2.500000E+00  3.334365E+00
     200     500     1.002570E+01  2.500000E+00  3.485858E+00
     200     500     1.002570E+01  2.500000E+00  3.637350E+00
     200     500     1.002570E+01  2.500000E+00  3.788843E+00
     200     500     1.002570E+01  2.500000E+00  3.940336E+00
     200     500     1.002570E+01  2.500000E+00  4.091828E+00
     200     500     1.002570E+01  2.500000E+00  4.243321E+00
     200     500     1.002570E+01  2.500000E+00  4.394813E+00
     200     500     1.020245E+01  2.500000E+00  6.074997E-01
     200     500     1.020245E+01  2.500000E+00  7.589923E-01
     200     500     1.020245E+01  2.500000E+00  9.104848E-01
     200     500     1.020245E+01  2.500000E+00  1.061977E+00
     200     500     1.020245E+01  2.500000E+00  1.213470E+00
     200     500     1.020245E+01  2.500000E+00  1.364962E+00
     200     500     1.020245E+01  2.500000E+00  1.516455E+00
     200     500     1.020245E+01  2.500000E+00  1.667947E+00
     200     500     1.020245E+01  2.500000E+00  1.819440E+00
     200     500     1.020245E+01  2.500000E+00  1.970933E+00
     200     500     1.020245E+01  2.500000E+00  2.122425E+00
     200     500     1.020245E+01  2.500000E+00  2.273918E+00
     200     500     1.020245E+01  2.500000E+00  2.425410E+00
     200     500     1.020245E+01  2.500000E+00  2.576903E+00
     200     500     1.020245E+01  2.500000E+00  2.728395E+00
     200     500     1.020245E+01  2.500000E+00  2.879888E+00
     200     500     1.020245E+01  2.500000E+00  3.031380E+00
     200     500     1.020245E+01  2.500000E+00  3.182873E+00
     200     500     1.020245E+01  2.500000E+00  3.334365E+00
     200     500     1.020245E+01  2.500000E+00  3.485858E+00
     200     500     1.020245E+01  2.500000E+00  3.637350E+00
     200     500     1.020245E+01  2.500000E+00  3.788843E+00
     200     500     1.020245E+01  2.500000E+00  3.940336E+00
     200     500     1.020245E+01  2.500000E+00  4.091828E+00
     200     500     1.020245E+01  2.500000E+00  4.243321E+00
     200     500     1.020245E+01  2.500000E+00  4.394813E+00
     200     500     1.037919E+01  2.500000E+00  6.074997E-01
     200     500     1.037919E+01  2.500000E+00  7.589923E-01
     200     500     1.037919E+01  2.500000E+00  9.104848E-01
     200     500     1.037919E+01  2.500000E+00  1.061977E+00
     200     500     1.037919E+01  2.500000E+00  1.213470E+00
     200     500     1.037919E+01  2.500000E+00  1.364962E+00
     200     500     1.037919E+01  2.500000E+00  1.516455E+00
     200     500     1.037919E+01  2.500000E+00  1.667947E+00
     200     500     1.037919E+01  2.500000E+00  1.819440E+00
     200     500     1.037919E+01  2.500000E+00  1.970933E+00
     200     500     1.037919E+01  2.500000E+00  2.122425E+00
     200     500     1.037919E+01  2.500000E+00  2.273918E+00
     200     500     1.037919E+01  2.500000E+00  2.425410E+00
     200     500     1.037919E+01  2.500000E+00  2.576903E+00
     200     500     1.037919E+01  2.500000E+00  2.728395E+00
     200     500     1.037919E+01  2.500000E+00  2.879888E+00
     200     500     1.037919E+01  2.500000E+00  3.031380E+00
     200     500     1.037919E+01  2.500000E+00  3.182873E+00
     200     500     1.037919E+01  2.500000E+00  3.334365E+00
     200     500     1.037919E+01  2.500000E+00  3.485858E+00
     200     500     1.037919E+01  2.500000E+00  3.637350E+00
     200     500     1.037919E+01  2.500000E+00  3.788843E+00
     200     500     1.037919E+01  2.500000E+00  3.940336E+00
     200     500     1.037919E+01  2.500000E+00  4.091828E+00
     200     500     1.037919E+01  2.500000E+00  4.243321E+00
     200     500     1.037919E+01  2.500000E+00  4.394813E+00
     200     500     1.055593E+01  2.500000E+00  6.074997E-01
     200     500     1.055593E+01  2.500000E+00  7.589923E-01
     200     500     1.055593E+01  2.500000E+00  9.104848E-01
     200     500     1.055593E+01  2.500000E+00  1.061977E+00
     200     500     1.055593E+01  2.500000E+00  1.213470E+00
     200     500     1.055593E+01  2.500000E+00  1.364962E+00
     200     500     1.055593E+01  2.500000E+00  1.516455E+00
     200     500     1.055593E+01  2.500000E+00  1.667947E+00
     200     500     1.055593E+01  2.500000E+00  1.819440E+00
     200     500     1.055593E+01  2.500000E+00  1.970933E+00
     200     500     1.055593E+01  2.500000E+00  2.122425E+00
     200     500     1.055593E+01  2.500000E+00  2.273918E+00
     200     500     1.055593E+01  2.500000E+00  2.425410E+00
     200     500     1.055593E+01  2.500000E+00  2.576903E+00
     200     500     1.055593E+01  2.500000E+00  2.728395E+00
     200     500     1.055593E+01  2.500000E+00  2.879888E+00
     200     500     1.055593E+01  2.500000E+00  3.031380E+00
     200     500     1.055593E+01  2.500000E+00  3.182873E+00
     200     500     1.055593E+01  2.500000E+00  3.334365E+00
     200     500     1.055593E+01  2.500000E+00  3.485858E+00
     200     500     1.055593E+01  2.500000E+00  3.637350E+00
     200     500     1.055593E+01  2.500000E+00  3.788843E+00
     200     500     1.055593E+01  2.500000E+00  3.940336E+00
     200     500     1.055593E+01  2.500000E+00  4.091828E+00
     200     500     1.055593E+01  2.500000E+00  4.243321E+00
     200     500     1.055593E+01  2.500000E+00  4.394813E+00
     200     500     1.073267E+01  2.500000E+00  6.074997E-01
     200     500     1.073267E+01  2.500000E+00  7.589923E-01
     200     500     1.073267E+01  2.500000E+00  9.104848E-01
     200     500     1.073267E+01  2.500000E+00  1.061977E+00
     200     500     1.073267E+01  2.500000E+00  1.213470E+00
     200     500     1.073267E+01  2.500000E+00  1.364962E+00
     200     500     1.073267E+01  2.500000E+00  1.516455E+00
     200     500     1.073267E+01  2.500000E+00  1.667947E+00
     200     500     1.073267E+01  2.500000E+00  1.819440E+00
     200     500     1.073267E+01  2.500000E+00  1.970933E+00
     200     500     1.073267E+01  2.500000E+00  2.122425E+00
     200     500     1.073267E+01  2.500000E+00  2.273918E+00
     200     500     1.073267E+01  2.500000E+00  2.425410E+00
     200     500     1.073267E+01  2.500000E+00  2.576903E+00
     200     500     1.073267E+01  2.500000E+00  2.728395E+00
     200     500     1.073267E+01  2.500000E+00  2.879888E+00
     200     500     1.073267E+01  2.500000E+00  3.031380E+00
     200     500     1.073267E+01  2.500000E+00  3.182873E+00
     200     500     1.073267E+01  2.500000E+00  3.334365E+00
     200     500     1.073267E+01  2.500000E+00  3.485858E+00
     200     500     1.073267E+01  2.500000E+00  3.637350E+00
     200     500     1.073267E+01  2.500000E+00  3.788843E+00
     200     500     1.073267E+01  2.500000E+00  3.940336E+00
     200     500     1.073267E+01  2.500000E+00  4.091828E+00
     200     500     1.073267E+01  2.500000E+00  4.243321E+00
     200     500     1.073267E+01  2.500000E+00  4.394813E+00
     200     500     1.090941E+01  2.500000E+00  6.074997E-01
     200     500     1.090941E+01  2.500000E+00  7.589923E-01
     200     500     1.090941E+01  2.500000E+00  9.104848E-01
     200     500     1.090941E+01  2.500000E+00  1.061977E+00
     200     500     1.090941E+01  2.500000E+00  1.213470E+00
     200     500     1.090941E+01  2.500000E+00  1.364962E+00
     200     500     1.090941E+01  2.500000E+00  1.516455E+00
     200     500     1.090941E+01  2.500000E+00  1.667947E+00
     200     500     1.090941E+01  2.500000E+00  1.819440E+00
     200     500     1.090941E+01  2.500000E+00  1.970933E+00
     200     500     1.090941E+01  2.500000E+00  2.122425E+00
     200     500     1.090941E+01  2.500000E+00  2.273918E+00
     200     500     1.090941E+01  2.500000E+00  2.425410E+00
     200     500     1.090941E+01  2.500000E+00  2.576903E+00
     200     500     1.090941E+01  2.500000E+00  2.728395E+00
     200     500     1.090941E+01  2.500000E+00  2.879888E+00
     200     500     1.090941E+01  2.500000E+00  3.031380E+00
     200     500     1.090941E+01  2.500000E+00  3.182873E+00
     200     500     1.090941E+01  2.500000E+00  3.334365E+00
     200     500     1.090941E+01  2.500000E+00  3.485858E+00
     200     500     1.090941E+01  2.500000E+00  3.637350E+00
     200     500     1.090941E+01  2.500000E+00  3.788843E+00
     200     500     1.090941E+01  2.500000E+00  3.940336E+00
     200     500     1.090941E+01  2.500000E+00  4.091828E+00
     200     500     1.090941E+01  2.500000E+00  4.243321E+00
     200     500     1.090941E+01  2.500000E+00  4.394813E+00
     200     500     1.108615E+01  2.500000E+00  6.074997E-01
     200     500     1.108615E+01  2.500000E+00  7.589923E-01
     200     500     1.108615E+01  2.500000E+00  9.104848E-01
     200     500     1.108615E+01  2.500000E+00  1.061977E+00
     200     500     1.108615E+01  2.500000E+00  1.213470E+00
     200     500     1.108615E+01  2.500000E+00  1.364962E+00
     200     500     1.108615E+01  2.500000E+00  1.516455E+00
     200     500     1.108615E+01  2.500000E+00  1.667947E+00
     200     500     1.108615E+01  2.500000E+00  1.819440E+00
     200     500     1.108615E+01  2.500000E+00  1.970933E+00
     200     500     1.108615E+01  2.500000E+00  2.122425E+00
     200     500     1.108615E+01  2.500000E+00  2.273918E+00
     200     500     1.108615E+01  2.500000E+00  2.425410E+00
     200     500     1.108615E+01  2.500000E+00  2.576903E+00
     200     500     1.108615E+01  2.500000E+00  2.728395E+00
     200     500     1.108615E+01  2.500000E+00  2.879888E+00
     200     500     1.108615E+01  2.500000E+00  3.031380E+00
     200     500     1.108615E+01  2.500000E+00  3.182873E+00
     200     500     1.108615E+01  2.500000E+00  3.334365E+00
     200     500     1.108615E+01  2.500000E+00  3.485858E+00
     200     500     1.108615E+01  2.500000E+00  3.637350E+00
     200     500     1.108615E+01  2.500000E+00  3.788843E+00
     200     500     1.108615E+01  2.500000E+00  3.940336E+00
     200     500     1.108615E+01  2.500000E+00  4.091828E+00
     200     500     1.108615E+01  2.500000E+00  4.243321E+00
     200     500     1.108615E+01  2.500000E+00  4.394813E+00
     200     500     1.126289E+01  2.500000E+00  6.074997E-01
     200     500     1.126289E+01  2.500000E+00  7.589923E-01
     200     500     1.126289E+01  2.500000E+00  9.104848E-01
     200     500     1.126289E+01  2.500000E+00  1.061977E+00
     200     500     1.126289E+01  2.500000E+00  1.213470E+00
     200     500     1.126289E+01  2.500000E+00  1.364962E+00
     200     500     1.126289E+01  2.500000E+00  1.516455E+00
     200     500     1.126289E+01  2.500000E+00  1.667947E+00
     200     500     1.126289E+01  2.500000E+00  1.819440E+00
     200     500     1.126289E+01  2.500000E+00  1.970933E+00
     200     500     1.126289E+01  2.500000E+00  2.122425E+00
     200     500     1.126289E+01  2.500000E+00  2.273918E+00
     200     500     1.126289E+01  2.500000E+00  2.425410E+00
     200     500     1.126289E+01  2.500000E+00  2.576903E+00
     200     500     1.126289E+01  2.500000E+00  2.728395E+00
     200     500     1.126289E+01  2.500000E+00  2.879888E+00
     200     500     1.126289E+01  2.500000E+00  3.031380E+00
     200     500     1.126289E+01  2.500000E+00  3.182873E+00
     200     500     1.126289E+01  2.500000E+00  3.334365E+00
     200     500     1.126289E+01  2.500000E+00  3.485858E+00
     200     500     1.126289E+01  2.500000E+00  3.637350E+00
     200     500     1.126289E+01  2.500000E+00  3.788843E+00
     200     500     1.126289E+01  2.500000E+00  3.940336E+00
     200     500     1.126289E+01  2.500000E+00  4.091828E+00
     200     500     1.126289E+01  2.500000E+00  4.243321E+00
     200     500     1.126289E+01  2.500000E+00  4.394813E+00
     200     500     1.143963E+01  2.500000E+00  6.074997E-01
     200     500     1.143963E+01  2.500000E+00  7.589923E-01
     200     500     1.143963E+01  2.500000E+00  9.104848E-01
     200     500     1.143963E+01  2.500000E+00  1.061977E+00
     200     500     1.143963E+01  2.500000E+00  1.213470E+00
     200     500     1.143963E+01  2.500000E+00  1.364962E+00
     200     500     1.143963E+01  2.500000E+00  1.516455E+00
     200     500     1.143963E+01  2.500000E+00  1.667947E+00
     200     500     1.143963E+01  2.500000E+00  1.819440E+00
     200     500     1.143963E+01  2.500000E+00  1.970933E+00
     200     500     1.143963E+01  2.500000E+00  2.122425E+00
     200     500     1.143963E+01  2.500000E+00  2.273918E+00
     200     500     1.143963E+01  2.500000E+00  2.425410E+00
     200     500     1.143963E+01  2.500000E+00  2.576903E+00
     200     500     1.143963E+01  2.500000E+00  2.728395E+00
     200     500     1.143963E+01  2.500000E+00  2.879888E+00
     200     500     1.143963E+01  2.500000E+00  3.031380E+00
     200     500     1.143963E+01  2.500000E+00  3.182873E+00
     200     500     1.143963E+01  2.500000E+00  3.334365E+00
     200     500     1.143963E+01  2.500000E+00  3.485858E+00
     200     500     1.143963E+01  2.500000E+00  3.637350E+00
     200     500     1.143963E+01  2.500000E+00  3.788843E+00
     200     500     1.143963E+01  2.500000E+00  3.940336E+00
     200     500     1.143963E+01  2.500000E+00  4.091828E+00
     200     500     1.143963E+01  2.500000E+00  4.243321E+00
     200     500     1.143963E+01  2.500000E+00  4.394813E+00
     200     500     1.161638E+01  2.500000E+00  6.074997E-01
     200     500     1.161638E+01  2.500000E+00  7.589923E-01
     200     500     1.161638E+01  2.500000E+00  9.104848E-01
     200     500     1.161638E+01  2.500000E+00  1.061977E+00
     200     500     1.161638E+01  2.500000E+00  1.213470E+00
     200     500     1.161638E+01  2.500000E+00  1.364962E+00
     200     500     1.161638E+01  2.500000E+00  1.516455E+00
     200     500     1.161638E+01  2.500000E+00  1.667947E+00
     200     500     1.161638E+01  2.500000E+00  1.819440E+00
     200     500     1.161638E+01  2.500000E+00  1.970933E+00
     200     500     1.161638E+01  2.500000E+00  2.122425E+00
     200     500     1.161638E+01  2.500000E+00  2.273918E+00
     200     500     1.161638E+01  2.500000E+00  2.425410E+00
     200     500     1.161638E+01  2.500000E+00  2.576903E+00
     200     500     1.161638E+01  2.500000E+00  2.728395E+00
     200     500     1.161638E+01  2.500000E+00  2.879888E+00
     200     500     1.161638E+01  2.500000E+00  3.031380E+00
     200     500     1.161638E+01  2.500000E+00  3.182873E+00
     200     500     1.161638E+01  2.500000E+00  3.334365E+00
     200     500     1.161638E+01  2.500000E+00  3.485858E+00
     200     500     1.161638E+01  2.500000E+00  3.637350E+00
     200     500     1.161638E+01  2.500000E+00  3.788843E+00
     200     500     1.161638E+01  2.500000E+00  3.940336E+00
     200     500     1.161638E+01  2.500000E+00  4.091828E+00
     200     500     1.161638E+01  2.500000E+00  4.243321E+00
     200     500     1.161638E+01  2.500000E+00  4.394813E+00
     200     500     1.179312E+01  2.500000E+00  6.074997E-01
     200     500     1.179312E+01  2.500000E+00  7.589923E-01
     200     500     1.179312E+01  2.500000E+00  9.104848E-01
     200     500     1.179312E+01  2.500000E+00  1.061977E+00
     200     500     1.179312E+01  2.500000E+00  1.213470E+00
     200     500     1.179312E+01  2.500000E+00  1.364962E+00
     200     500     1.179312E+01  2.500000E+00  1.516455E+00
     200     500     1.179312E+01  2.500000E+00  1.667947E+00
     200     500     1.179312E+01  2.500000E+00  1.819440E+00
     200     500     1.179312E+01  2.500000E+00  1.970933E+00
     200     500     1.179312E+01  2.500000E+00  2.122425E+00
     200     500     1.179312E+01  2.500000E+00  2.273918E+00
     200     500     1.179312E+01  2.500000E+00  2.425410E+00
     200     500     1.179312E+01  2.500000E+00  2.576903E+00
     200     500     1.179312E+01  2.500000E+00  2.728395E+00
     200     500     1.179312E+01  2.500000E+00  2.879888E+00
     200     500     1.179312E+01  2.500000E+00  3.031380E+00
     200     500     1.179312E+01  2.500000E+00  3.182873E+00
     200     500     1.179312E+01  2.500000E+00  3.334365E+00
     200     500     1.179312E+01  2.500000E+00  3.485858E+00
     200     500     1.179312E+01  2.500000E+00  3.637350E+00
     200     500     1.179312E+01  2.500000E+00  3.788843E+00
     200     500     1.179312E+01  2.500000E+00  3.940336E+00
     200     500     1.179312E+01  2.500000E+00  4.091828E+00
     200     500     1.179312E+01  2.500000E+00  4.243321E+00
     200     500     1.179312E+01  2.500000E+00  4.394813E+00
     200     500     1.196986E+01  2.500000E+00  6.074997E-01
     200     500     1.196986E+01  2.500000E+00  7.589923E-01
     200     500     1.196986E+01  2.500000E+00  9.104848E-01
     200     500     1.196986E+01  2.500000E+00  1.061977E+00
     200     500     1.196986E+01  2.500000E+00  1.213470E+00
     200     500     1.196986E+01  2.500000E+00  1.364962E+00
     200     500     1.196986E+01  2.500000E+00  1.516455E+00
     200     500     1.196986E+01  2.500000E+00  1.667947E+00
     200     500     1.196986E+01  2.500000E+00  1.819440E+00
     200     500     1.196986E+01  2.500000E+00  1.970933E+00
     200     500     1.196986E+01  2.500000E+00  2.122425E+00
     200     500     1.196986E+01  2.500000E+00  2.273918E+00
     200     500     1.196986E+01  2.500000E+00  2.425410E+00
     200     500     1.196986E+01  2.500000E+00  2.576903E+00
     200     500     1.196986E+01  2.500000E+00  2.728395E+00
     200     500     1.196986E+01  2.500000E+00  2.879888E+00
     200     500     1.196986E+01  2.500000E+00  3.031380E+00
     200     500     1.196986E+01  2.500000E+00  3.182873E+00
     200     500     1.196986E+01  2.500000E+00  3.334365E+00
     200     500     1.196986E+01  2.500000E+00  3.485858E+00
     200     500     1.196986E+01  2.500000E+00  3.637350E+00
     200     500     1.196986E+01  2.500000E+00  3.788843E+00
     200     500     1.196986E+01  2.500000E+00  3.940336E+00
     200     500     1.196986E+01  2.500000E+00  4.091828E+00
     200     500     1.196986E+01  2.500000E+00  4.243321E+00
     200     500     1.196986E+01  2.500000E+00  4.394813E+00
     200     500     1.214660E+01  2.500000E+00  6.074997E-01
     200     500     1.214660E+01  2.500000E+00  7.589923E-01
     200     500     1.214660E+01  2.500000E+00  9.104848E-01
     200     500     1.214660E+01  2.500000E+00  1.061977E+00
     200     500     1.214660E+01  2.500000E+00  1.213470E+00
     200     500     1.214660E+01  2.500000E+00  1.364962E+00
     200     500     1.214660E+01  2.500000E+00  1.516455E+00
     200     500     1.214660E+01  2.500000E+00  1.667947E+00
     200     500     1.214660E+01  2.500000E+00  1.819440E+00
     200     500     1.214660E+01  2.500000E+00  1.970933E+00
     200     500     1.214660E+01  2.500000E+00  2.122425E+00
     200     500     1.214660E+01  2.500000E+00  2.273918E+00
     200     500     1.214660E+01  2.500000E+00  2.425410E+00
     200     500     1.214660E+01  2.500000E+00  2.576903E+00
     200     500     1.214660E+01  2.500000E+00  2.728395E+00
     200     500     1.214660E+01  2.500000E+00  2.879888E+00
     200     500     1.214660E+01  2.500000E+00  3.031380E+00
     200     500     1.214660E+01  2.500000E+00  3.182873E+00
     200     500     1.214660E+01  2.500000E+00  3.334365E+00
     200     500     1.214660E+01  2.500000E+00  3.485858E+00
     200     500     1.214660E+01  2.500000E+00  3.637350E+00
     200     500     1.214660E+01  2.500000E+00  3.788843E+00
     200     500     1.214660E+01  2.500000E+00  3.940336E+00
     200     500     1.214660E+01  2.500000E+00  4.091828E+00
     200     500     1.214660E+01  2.500000E+00  4.243321E+00
     200     500     1.214660E+01  2.500000E+00  4.394813E+00
     200     500     1.232334E+01  2.500000E+00  6.074997E-01
     200     500     1.232334E+01  2.500000E+00  7.589923E-01
     200     500     1.232334E+01  2.500000E+00  9.104848E-01
     200     500     1.232334E+01  2.500000E+00  1.061977E+00
     200     500     1.232334E+01  2.500000E+00  1.213470E+00
     200     500     1.232334E+01  2.500000E+00  1.364962E+00
     200     500     1.232334E+01  2.500000E+00  1.516455E+00
     200     500     1.232334E+01  2.500000E+00  1.667947E+00
     200     500     1.232334E+01  2.500000E+00  1.819440E+00
     200     500     1.232334E+01  2.500000E+00  1.970933E+00
     200     500     1.232334E+01  2.500000E+00  2.122425E+00
     200     500     1.232334E+01  2.500000E+00  2.273918E+00
     200     500     1.232334E+01  2.500000E+00  2.425410E+00
     200     500     1.232334E+01  2.500000E+00  2.576903E+00
     200     500     1.232334E+01  2.500000E+00  2.728395E+00
     200     500     1.232334E+01  2.500000E+00  2.879888E+00
     200     500     1.232334E+01  2.500000E+00  3.031380E+00
     200     500     1.232334E+01  2.500000E+00  3.182873E+00
     200     500     1.232334E+01  2.500000E+00  3.334365E+00
     200     500     1.232334E+01  2.500000E+00  3.485858E+00
     200     500     1.232334E+01  2.500000E+00  3.637350E+00
     200     500     1.232334E+01  2.500000E+00  3.788843E+00
     200     500     1.232334E+01  2.500000E+00  3.940336E+00
     200     500     1.232334E+01  2.500000E+00  4.091828E+00
     200     500     1.232334E+01  2.500000E+00  4.243321E+00
     200     500     1.232334E+01  2.500000E+00  4.394813E+00
     200     500     1.250008E+01  2.500000E+00  6.074997E-01
     200     500     1.250008E+01  2.500000E+00  7.589923E-01
     200     500     1.250008E+01  2.500000E+00  9.104848E-01
     200     500     1.250008E+01  2.500000E+00  1.061977E+00
     200     500     1.250008E+01  2.500000E+00  1.213470E+00
     200     500     1.250008E+01  2.500000E+00  1.364962E+00
     200     500     1.250008E+01  2.500000E+00  1.516455E+00
     200     500     1.250008E+01  2.500000E+00  1.667947E+00
     200     500     1.250008E+01  2.500000E+00  1.819440E+00
     200     500     1.250008E+01  2.500000E+00  1.970933E+00
     200     500     1.250008E+01  2.500000E+00  2.122425E+00
     200     500     1.250008E+01  2.500000E+00  2.273918E+00
     200     500     1.250008E+01  2.500000E+00  2.425410E+00
     200     500     1.250008E+01  2.500000E+00  2.576903E+00
     200     500     1.250008E+01  2.500000E+00  2.728395E+00
     200     500     1.250008E+01  2.500000E+00  2.879888E+00
     200     500     1.250008E+01  2.500000E+00  3.031380E+00
     200     500     1.250008E+01  2.500000E+00  3.182873E+00
     200     500     1.250008E+01  2.500000E+00  3.334365E+00
     200     500     1.250008E+01  2.500000E+00  3.485858E+00
     200     500     1.250008E+01  2.500000E+00  3.637350E+00
     200     500     1.250008E+01  2.500000E+00  3.788843E+00
     200     500     1.250008E+01  2.500000E+00  3.940336E+00
     200     500     1.250008E+01  2.500000E+00  4.091828E+00
     200     500     1.250008E+01  2.500000E+00  4.243321E+00
     200     500     1.250008E+01  2.500000E+00  4.394813E+00
     200     500     1.267682E+01  2.500000E+00  6.074997E-01
     200     500     1.267682E+01  2.500000E+00  7.589923E-01
     200     500     1.267682E+01  2.500000E+00  9.104848E-01
     200     500     1.267682E+01  2.500000E+00  1.061977E+00
     200     500     1.267682E+01  2.500000E+00  1.213470E+00
     200     500     1.267682E+01  2.500000E+00  1.364962E+00
     200     500     1.267682E+01  2.500000E+00  1.516455E+00
     200     500     1.267682E+01  2.500000E+00  1.667947E+00
     200     500     1.267682E+01  2.500000E+00  1.819440E+00
     200     500     1.267682E+01  2.500000E+00  1.970933E+00
     200     500     1.267682E+01  2.500000E+00  2.122425E+00
     200     500     1.267682E+01  2.500000E+00  2.273918E+00
     200     500     1.267682E+01  2.500000E+00  2.425410E+00
     200     500     1.267682E+01  2.500000E+00  2.576903E+00
     200     500     1.267682E+01  2.500000E+00  2.728395E+00
     200     500     1.267682E+01  2.500000E+00  2.879888E+00
     200     500     1.267682E+01  2.500000E+00  3.031380E+00
     200     500     1.267682E+01  2.500000E+00  3.182873E+00
     200     500     1.267682E+01  2.500000E+00  3.334365E+00
     200     500     1.267682E+01  2.500000E+00  3.485858E+00
     200     500     1.267682E+01  2.500000E+00  3.637350E+00
     200     500     1.267682E+01  2.500000E+00  3.788843E+00
     200     500     1.267682E+01  2.500000E+00  3.940336E+00
     200     500     1.267682E+01  2.500000E+00  4.091828E+00
     200     500     1.267682E+01  2.500000E+00  4.243321E+00
     200     500     1.267682E+01  2.500000E+00  4.394813E+00
     200     500     1.285356E+01  2.500000E+00  6.074997E-01
     200     500     1.285356E+01  2.500000E+00  7.589923E-01
     200     500     1.285356E+01  2.500000E+00  9.104848E-01
     200     500     1.285356E+01  2.500000E+00  1.061977E+00
     200     500     1.285356E+01  2.500000E+00  1.213470E+00
     200     500     1.285356E+01  2.500000E+00  1.364962E+00
     200     500     1.285356E+01  2.500000E+00  1.516455E+00
     200     500     1.285356E+01  2.500000E+00  1.667947E+00
     200     500     1.285356E+01  2.500000E+00  1.819440E+00
     200     500     1.285356E+01  2.500000E+00  1.970933E+00
     200     500     1.285356E+01  2.500000E+00  2.122425E+00
     200     500     1.285356E+01  2.500000E+00  2.273918E+00
     200     500     1.285356E+01  2.500000E+00  2.425410E+00
     200     500     1.285356E+01  2.500000E+00  2.576903E+00
     200     500     1.285356E+01  2.500000E+00  2.728395E+00
     200     500     1.285356E+01  2.500000E+00  2.879888E+00
     200     500     1.285356E+01  2.500000E+00  3.031380E+00
     200     500     1.285356E+01  2.500000E+00  3.182873E+00
     200     500     1.285356E+01  2.500000E+00  3.334365E+00
     200     500     1.285356E+01  2.500000E+00  3.485858E+00
     200     500     1.285356E+01  2.500000E+00  3.637350E+00
     200     500     1.285356E+01  2.500000E+00  3.788843E+00
     200     500     1.285356E+01  2.500000E+00  3.940336E+00
     200     500     1.285356E+01  2.500000E+00  4.091828E+00
     200     500     1.285356E+01  2.500000E+00  4.243321E+00
     200     500     1.285356E+01  2.500000E+00  4.394813E+00
     200     500     1.303031E+01  2.500000E+00  6.074997E-01
     200     500     1.303031E+01  2.500000E+00  7.589923E-01
     200     500     1.303031E+01  2.500000E+00  9.104848E-01
     200     500     1.303031E+01  2.500000E+00  1.061977E+00
     200     500     1.303031E+01  2.500000E+00  1.213470E+00
     200     500     1.303031E+01  2.500000E+00  1.364962E+00
     200     500     1.303031E+01  2.500000E+00  1.516455E+00
     200     500     1.303031E+01  2.500000E+00  1.667947E+00
     200     500     1.303031E+01  2.500000E+00  1.819440E+00
     200     500     1.303031E+01  2.500000E+00  1.970933E+00
     200     500     1.303031E+01  2.500000E+00  2.122425E+00
     200     500     1.303031E+01  2.500000E+00  2.273918E+00
     200     500     1.303031E+01  2.500000E+00  2.425410E+00
     200     500     1.303031E+01  2.500000E+00  2.576903E+00
     200     500     1.303031E+01  2.500000E+00  2.728395E+00
     200     500     1.303031E+01  2.500000E+00  2.879888E+00
     200     500     1.303031E+01  2.500000E+00  3.031380E+00
     200     500     1.303031E+01  2.500000E+00  3.182873E+00
     200     500     1.303031E+01  2.500000E+00  3.334365E+00
     200     500     1.303031E+01  2.500000E+00  3.485858E+00
     200     500     1.303031E+01  2.500000E+00  3.637350E+00
     200     500     1.303031E+01  2.500000E+00  3.788843E+00
     200     500     1.303031E+01  2.500000E+00  3.940336E+00
     200     500     1.303031E+01  2.500000E+00  4.091828E+00
     200     500     1.303031E+01  2.500000E+00  4.243321E+00
     200     500     1.303031E+01  2.500000E+00  4.394813E+00
     200     500     1.320705E+01  2.500000E+00  6.074997E-01
     200     500     1.320705E+01  2.500000E+00  7.589923E-01
     200     500     1.320705E+01  2.500000E+00  9.104848E-01
     200     500     1.320705E+01  2.500000E+00  1.061977E+00
     200     500     1.320705E+01  2.500000E+00  1.213470E+00
     200     500     1.320705E+01  2.500000E+00  1.364962E+00
     200     500     1.320705E+01  2.500000E+00  1.516455E+00
     200     500     1.320705E+01  2.500000E+00  1.667947E+00
     200     500     1.320705E+01  2.500000E+00  1.819440E+00
     200     500     1.320705E+01  2.500000E+00  1.970933E+00
     200     500     1.320705E+01  2.500000E+00  2.122425E+00
     200     500     1.320705E+01  2.500000E+00  2.273918E+00
     200     500     1.320705E+01  2.500000E+00  2.425410E+00
     200     500     1.320705E+01  2.500000E+00  2.576903E+00
     200     500     1.320705E+01  2.500000E+00  2.728395E+00
     200     500     1.320705E+01  2.500000E+00  2.879888E+00
     200     500     1.320705E+01  2.500000E+00  3.031380E+00
     200     500     1.320705E+01  2.500000E+00  3.182873E+00
     200     500     1.320705E+01  2.500000E+00  3.334365E+00
     200     500     1.320705E+01  2.500000E+00  3.485858E+00
     200     500     1.320705E+01  2.500000E+00  3.637350E+00
     200     500     1.320705E+01  2.500000E+00  3.788843E+00
     200     500     1.320705E+01  2.500000E+00  3.940336E+00
     200     500     1.320705E+01  2.500000E+00  4.091828E+00
     200     500     1.320705E+01  2.500000E+00  4.243321E+00
     200     500     1.320705E+01  2.500000E+00  4.394813E+00
     200     500     1.338379E+01  2.500000E+00  6.074997E-01
     200     500     1.338379E+01  2.500000E+00  7.589923E-01
     200     500     1.338379E+01  2.500000E+00  9.104848E-01
     200     500     1.338379E+01  2.500000E+00  1.061977E+00
     200     500     1.338379E+01  2.500000E+00  1.213470E+00
     200     500     1.338379E+01  2.500000E+00  1.364962E+00
     200     500     1.338379E+01  2.500000E+00  1.516455E+00
     200     500     1.338379E+01  2.500000E+00  1.667947E+00
     200     500     1.338379E+01  2.500000E+00  1.819440E+00
     200     500     1.338379E+01  2.500000E+00  1.970933E+00
     200     500     1.338379E+01  2.500000E+00  2.122425E+00
     200     500     1.338379E+01  2.500000E+00  2.273918E+00
     200     500     1.338379E+01  2.500000E+00  2.425410E+00
     200     500     1.338379E+01  2.500000E+00  2.576903E+00
     200     500     1.338379E+01  2.500000E+00  2.728395E+00
     200     500     1.338379E+01  2.500000E+00  2.879888E+00
     200     500     1.338379E+01  2.500000E+00  3.031380E+00
     200     500     1.338379E+01  2.500000E+00  3.182873E+00
     200     500     1.338379E+01  2.500000E+00  3.334365E+00
     200     500     1.338379E+01  2.500000E+00  3.485858E+00
     200     500     1.338379E+01  2.500000E+00  3.637350E+00
     200     500     1.338379E+01  2.500000E+00  3.788843E+00
     200     500     1.338379E+01  2.500000E+00  3.940336E+00
     200     500     1.338379E+01  2.500000E+00  4.091828E+00
     200     500     1.338379E+01  2.500000E+00  4.243321E+00
     200     500     1.338379E+01  2.500000E+00  4.394813E+00
     200     500     1.356053E+01  2.500000E+00  6.074997E-01
     200     500     1.356053E+01  2.500000E+00  7.589923E-01
     200     500     1.356053E+01  2.500000E+00  9.104848E-01
     200     500     1.356053E+01  2.500000E+00  1.061977E+00
     200     500     1.356053E+01  2.500000E+00  1.213470E+00
     200     500     1.356053E+01  2.500000E+00  1.364962E+00
     200     500     1.356053E+01  2.500000E+00  1.516455E+00
     200     500     1.356053E+01  2.500000E+00  1.667947E+00
     200     500     1.356053E+01  2.500000E+00  1.819440E+00
     200     500     1.356053E+01  2.500000E+00  1.970933E+00
     200     500     1.356053E+01  2.500000E+00  2.122425E+00
     200     500     1.356053E+01  2.500000E+00  2.273918E+00
     200     500     1.356053E+01  2.500000E+00  2.425410E+00
     200     500     1.356053E+01  2.500000E+00  2.576903E+00
     200     500     1.356053E+01  2.500000E+00  2.728395E+00
     200     500     1.356053E+01  2.500000E+00  2.879888E+00
     200     500     1.356053E+01  2.500000E+00  3.031380E+00
     200     500     1.356053E+01  2.500000E+00  3.182873E+00
     200     500     1.356053E+01  2.500000E+00  3.334365E+00
     200     500     1.356053E+01  2.500000E+00  3.485858E+00
     200     500     1.356053E+01  2.500000E+00  3.637350E+00
     200     500     1.356053E+01  2.500000E+00  3.788843E+00
     200     500     1.356053E+01  2.500000E+00  3.940336E+00
     200     500     1.356053E+01  2.500000E+00  4.091828E+00
     200     500     1.356053E+01  2.500000E+00  4.243321E+00
     200     500     1.356053E+01  2.500000E+00  4.394813E+00
     200     500     1.373727E+01  2.500000E+00  6.074997E-01
     200     500     1.373727E+01  2.500000E+00  7.589923E-01
     200     500     1.373727E+01  2.500000E+00  9.104848E-01
     200     500     1.373727E+01  2.500000E+00  1.061977E+00
     200     500     1.373727E+01  2.500000E+00  1.213470E+00
     200     500     1.373727E+01  2.500000E+00  1.364962E+00
     200     500     1.373727E+01  2.500000E+00  1.516455E+00
     200     500     1.373727E+01  2.500000E+00  1.667947E+00
     200     500     1.373727E+01  2.500000E+00  1.819440E+00
     200     500     1.373727E+01  2.500000E+00  1.970933E+00
     200     500     1.373727E+01  2.500000E+00  2.122425E+00
     200     500     1.373727E+01  2.500000E+00  2.273918E+00
     200     500     1.373727E+01  2.500000E+00  2.425410E+00
     200     500     1.373727E+01  2.500000E+00  2.576903E+00
     200     500     1.373727E+01  2.500000E+00  2.728395E+00
     200     500     1.373727E+01  2.500000E+00  2.879888E+00
     200     500     1.373727E+01  2.500000E+00  3.031380E+00
     200     500     1.373727E+01  2.500000E+00  3.182873E+00
     200     500     1.373727E+01  2.500000E+00  3.334365E+00
     200     500     1.373727E+01  2.500000E+00  3.485858E+00
     200     500     1.373727E+01  2.500000E+00  3.637350E+00
     200     500     1.373727E+01  2.500000E+00  3.788843E+00
     200     500     1.373727E+01  2.500000E+00  3.940336E+00
     200     500     1.373727E+01  2.500000E+00  4.091828E+00
     200     500     1.373727E+01  2.500000E+00  4.243321E+00
     200     500     1.373727E+01  2.500000E+00  4.394813E+00
     200     500     1.391401E+01  2.500000E+00  6.074997E-01
     200     500     1.391401E+01  2.500000E+00  7.589923E-01
     200     500     1.391401E+01  2.500000E+00  9.104848E-01
     200     500     1.391401E+01  2.500000E+00  1.061977E+00
     200     500     1.391401E+01  2.500000E+00  1.213470E+00
     200     500     1.391401E+01  2.500000E+00  1.364962E+00
     200     500     1.391401E+01  2.500000E+00  1.516455E+00
     200     500     1.391401E+01  2.500000E+00  1.667947E+00
     200     500     1.391401E+01  2.500000E+00  1.819440E+00
     200     500     1.391401E+01  2.500000E+00  1.970933E+00
     200     500     1.391401E+01  2.500000E+00  2.122425E+00
     200     500     1.391401E+01  2.500000E+00  2.273918E+00
     200     500     1.391401E+01  2.500000E+00  2.425410E+00
     200     500     1.391401E+01  2.500000E+00  2.576903E+00
     200     500     1.391401E+01  2.500000E+00  2.728395E+00
     200     500     1.391401E+01  2.500000E+00  2.879888E+00
     200     500     1.391401E+01  2.500000E+00  3.031380E+00
     200     500     1.391401E+01  2.500000E+00  3.182873E+00
     200     500     1.391401E+01  2.500000E+00  3.334365E+00
     200     500     1.391401E+01  2.500000E+00  3.485858E+00
     200     500     1.391401E+01  2.500000E+00  3.637350E+00
     200     500     1.391401E+01  2.500000E+00  3.788843E+00
     200     500     1.391401E+01  2.500000E+00  3.940336E+00
     200     500     1.391401E+01  2.500000E+00  4.091828E+00
     200     500     1.391401E+01  2.500000E+00  4.243321E+00
     200     500     1.391401E+01  2.500000E+00  4.394813E+00
     200     500     1.409075E+01  2.500000E+00  6.074997E-01
     200     500     1.409075E+01  2.500000E+00  7.589923E-01
     200     500     1.409075E+01  2.500000E+00  9.104848E-01
     200     500     1.409075E+01  2.500000E+00  1.061977E+00
     200     500     1.409075E+01  2.500000E+00  1.213470E+00
     200     500     1.409075E+01  2.500000E+00  1.364962E+00
     200     500     1.409075E+01  2.500000E+00  1.516455E+00
     200     500     1.409075E+01  2.500000E+00  1.667947E+00
     200     500     1.409075E+01  2.500000E+00  1.819440E+00
     200     500     1.409075E+01  2.500000E+00  1.970933E+00
     200     500     1.409075E+01  2.500000E+00  2.122425E+00
     200     500     1.409075E+01  2.500000E+00  2.273918E+00
     200     500     1.409075E+01  2.500000E+00  2.425410E+00
     200     500     1.409075E+01  2.500000E+00  2.576903E+00
     200     500     1.409075E+01  2.500000E+00  2.728395E+00
     200     500     1.409075E+01  2.500000E+00  2.879888E+00
     200     500     1.409075E+01  2.500000E+00  3.031380E+00
     200     500     1.409075E+01  2.500000E+00  3.182873E+00
     200     500     1.409075E+01  2.500000E+00  3.334365E+00
     200     500     1.409075E+01  2.500000E+00  3.485858E+00
     200     500     1.409075E+01  2.500000E+00  3.637350E+00
     200     500     1.409075E+01  2.500000E+00  3.788843E+00
     200     500     1.409075E+01  2.500000E+00  3.940336E+00
     200     500     1.409075E+01  2.500000E+00  4.091828E+00
     200     500     1.409075E+01  2.500000E+00  4.243321E+00
     200     500     1.409075E+01  2.500000E+00  4.394813E+00
     200     500     1.426750E+01  2.500000E+00  6.074997E-01
     200     500     1.426750E+01  2.500000E+00  7.589923E-01
     200     500     1.426750E+01  2.500000E+00  9.104848E-01
     200     500     1.426750E+01  2.500000E+00  1.061977E+00
     200     500     1.426750E+01  2.500000E+00  1.213470E+00
     200     500     1.426750E+01  2.500000E+00  1.364962E+00
     200     500     1.426750E+01  2.500000E+00  1.516455E+00
     200     500     1.426750E+01  2.500000E+00  1.667947E+00
     200     500     1.426750E+01  2.500000E+00  1.819440E+00
     200     500     1.426750E+01  2.500000E+00  1.970933E+00
     200     500     1.426750E+01  2.500000E+00  2.122425E+00
     200     500     1.426750E+01  2.500000E+00  2.273918E+00
     200     500     1.426750E+01  2.500000E+00  2.425410E+00
     200     500     1.426750E+01  2.500000E+00  2.576903E+00
     200     500     1.426750E+01  2.500000E+00  2.728395E+00
     200     500     1.426750E+01  2.500000E+00  2.879888E+00
     200     500     1.426750E+01  2.500000E+00  3.031380E+00
     200     500     1.426750E+01  2.500000E+00  3.182873E+00
     200     500     1.426750E+01  2.500000E+00  3.334365E+00
     200     500     1.426750E+01  2.500000E+00  3.485858E+00
     200     500     1.426750E+01  2.500000E+00  3.637350E+00
     200     500     1.426750E+01  2.500000E+00  3.788843E+00
     200     500     1.426750E+01  2.500000E+00  3.940336E+00
     200     500     1.426750E+01  2.500000E+00  4.091828E+00
     200     500     1.426750E+01  2.500000E+00  4.243321E+00
     200     500     1.426750E+01  2.500000E+00  4.394813E+00
     200     500     1.444424E+01  2.500000E+00  6.074997E-01
     200     500     1.444424E+01  2.500000E+00  7.589923E-01
     200     500     1.444424E+01  2.500000E+00  9.104848E-01
     200     500     1.444424E+01  2.500000E+00  1.061977E+00
     200     500     1.444424E+01  2.500000E+00  1.213470E+00
     200     500     1.444424E+01  2.500000E+00  1.364962E+00
     200     500     1.444424E+01  2.500000E+00  1.516455E+00
     200     500     1.444424E+01  2.500000E+00  1.667947E+00
     200     500     1.444424E+01  2.500000E+00  1.819440E+00
     200     500     1.444424E+01  2.500000E+00  1.970933E+00
     200     500     1.444424E+01  2.500000E+00  2.122425E+00
     200     500     1.444424E+01  2.500000E+00  2.273918E+00
     200     500     1.444424E+01  2.500000E+00  2.425410E+00
     200     500     1.444424E+01  2.500000E+00  2.576903E+00
     200     500     1.444424E+01  2.500000E+00  2.728395E+00
     200     500     1.444424E+01  2.500000E+00  2.879888E+00
     200     500     1.444424E+01  2.500000E+00  3.031380E+00
     200     500     1.444424E+01  2.500000E+00  3.182873E+00
     200     500     1.444424E+01  2.500000E+00  3.334365E+00
     200     500     1.444424E+01  2.500000E+00  3.485858E+00
     200     500     1.444424E+01  2.500000E+00  3.637350E+00
     200     500     1.444424E+01  2.500000E+00  3.788843E+00
     200     500     1.444424E+01  2.500000E+00  3.940336E+00
     200     500     1.444424E+01  2.500000E+00  4.091828E+00
     200     500     1.444424E+01  2.500000E+00  4.243321E+00
     200     500     1.444424E+01  2.500000E+00  4.394813E+00

Errors of cell definition in EPS Page No. =   1
Overlapped Cell IDs  x, y, z  coodinates
(Cells 0       0  indicate undefined region)
     100     500     6.584154E-01  2.500000E+00  6.074997E-01
     100     500     6.584154E-01  2.500000E+00  7.589923E-01
     100     500     6.584154E-01  2.500000E+00  9.104848E-01
     100     500     6.584154E-01  2.500000E+00  1.061977E+00
     100     500     6.584154E-01  2.500000E+00  1.213470E+00
     100     500     6.584154E-01  2.500000E+00  1.364962E+00
     100     500     6.584154E-01  2.500000E+00  1.516455E+00
     100     500     6.584154E-01  2.500000E+00  1.667947E+00
     100     500     6.584154E-01  2.500000E+00  1.819440E+00
     100     500     6.584154E-01  2.500000E+00  1.970933E+00
     100     500     6.584154E-01  2.500000E+00  2.122425E+00
     100     500     6.584154E-01  2.500000E+00  2.273918E+00
     100     500     6.584154E-01  2.500000E+00  2.425410E+00
     100     500     6.584154E-01  2.500000E+00  2.576903E+00
     100     500     6.584154E-01  2.500000E+00  2.728395E+00
     100     500     6.584154E-01  2.500000E+00  2.879888E+00
     100     500     6.584154E-01  2.500000E+00  3.031380E+00
     100     500     6.584154E-01  2.500000E+00  3.182873E+00
     100     500     6.584154E-01  2.500000E+00  3.334365E+00
     100     500     6.584154E-01  2.500000E+00  3.485858E+00
     100     500     6.584154E-01  2.500000E+00  3.637350E+00
     100     500     6.584154E-01  2.500000E+00  3.788843E+00
     100     500     6.584154E-01  2.500000E+00  3.940336E+00
     100     500     6.584154E-01  2.500000E+00  4.091828E+00
     100     500     6.584154E-01  2.500000E+00  4.243321E+00
     100     500     6.584154E-01  2.500000E+00  4.394813E+00
     100     500     8.351567E-01  2.500000E+00  6.074997E-01
     100     500     8.351567E-01  2.500000E+00  7.589923E-01
     100     500     8.351567E-01  2.500000E+00  9.104848E-01
     100     500     8.351567E-01  2.500000E+00  1.061977E+00
     100     500     8.351567E-01  2.500000E+00  1.213470E+00
     100     500     8.351567E-01  2.500000E+00  1.364962E+00
     100     500     8.351567E-01  2.500000E+00  1.516455E+00
     100     500     8.351567E-01  2.500000E+00  1.667947E+00
     100     500     8.351567E-01  2.500000E+00  1.819440E+00
     100     500     8.351567E-01  2.500000E+00  1.970933E+00
     100     500     8.351567E-01  2.500000E+00  2.122425E+00
     100     500     8.351567E-01  2.500000E+00  2.273918E+00
     100     500     8.351567E-01  2.500000E+00  2.425410E+00
     100     500     8.351567E-01  2.500000E+00  2.576903E+00
     100     500     8.351567E-01  2.500000E+00  2.728395E+00
     100     500     8.351567E-01  2.500000E+00  2.879888E+00
     100     500     8.351567E-01  2.500000E+00  3.031380E+00
     100     500     8.351567E-01  2.500000E+00  3.182873E+00
     100     500     8.351567E-01  2.500000E+00  3.334365E+00
     100     500     8.351567E-01  2.500000E+00  3.485858E+00
     100     500     8.351567E-01  2.500000E+00  3.637350E+00
     100     500     8.351567E-01  2.500000E+00  3.788843E+00
     100     500     8.351567E-01  2.500000E+00  3.940336E+00
     100     500     8.351567E-01  2.500000E+00  4.091828E+00
     100     500     8.351567E-01  2.500000E+00  4.243321E+00
     100     500     8.351567E-01  2.500000E+00  4.394813E+00
     100     500     1.011898E+00  2.500000E+00  6.074997E-01
     100     500     1.011898E+00  2.500000E+00  7.589923E-01
     100     500     1.011898E+00  2.500000E+00  9.104848E-01
     100     500     1.011898E+00  2.500000E+00  1.061977E+00
     100     500     1.011898E+00  2.500000E+00  1.213470E+00
     100     500     1.011898E+00  2.500000E+00  1.364962E+00
     100     500     1.011898E+00  2.500000E+00  1.516455E+00
     100     500     1.011898E+00  2.500000E+00  1.667947E+00
     100     500     1.011898E+00  2.500000E+00  1.819440E+00
     100     500     1.011898E+00  2.500000E+00  1.970933E+00
     100     500     1.011898E+00  2.500000E+00  2.122425E+00
     100     500     1.011898E+00  2.500000E+00  2.273918E+00
     100     500     1.011898E+00  2.500000E+00  2.425410E+00
     100     500     1.011898E+00  2.500000E+00  2.576903E+00
     100     500     1.011898E+00  2.500000E+00  2.728395E+00
     100     500     1.011898E+00  2.500000E+00  2.879888E+00
     100     500     1.011898E+00  2.500000E+00  3.031380E+00
     100     500     1.011898E+00  2.500000E+00  3.182873E+00
     100     500     1.011898E+00  2.500000E+00  3.334365E+00
     100     500     1.011898E+00  2.500000E+00  3.485858E+00
     100     500     1.011898E+00  2.500000E+00  3.637350E+00
     100     500     1.011898E+00  2.500000E+00  3.788843E+00
     100     500     1.011898E+00  2.500000E+00  3.940336E+00
     100     500     1.011898E+00  2.500000E+00  4.091828E+00
     100     500     1.011898E+00  2.500000E+00  4.243321E+00
     100     500     1.011898E+00  2.500000E+00  4.394813E+00
     100     500     1.188639E+00  2.500000E+00  6.074997E-01
     100     500     1.188639E+00  2.500000E+00  7.589923E-01
     100     500     1.188639E+00  2.500000E+00  9.104848E-01
     100     500     1.188639E+00  2.500000E+00  1.061977E+00
     100     500     1.188639E+00  2.500000E+00  1.213470E+00
     100     500     1.188639E+00  2.500000E+00  1.364962E+00
     100     500     1.188639E+00  2.500000E+00  1.516455E+00
     100     500     1.188639E+00  2.500000E+00  1.667947E+00
     100     500     1.188639E+00  2.500000E+00  1.819440E+00
     100     500     1.188639E+00  2.500000E+00  1.970933E+00
     100     500     1.188639E+00  2.500000E+00  2.122425E+00
     100     500     1.188639E+00  2.500000E+00  2.273918E+00
     100     500     1.188639E+00  2.500000E+00  2.425410E+00
     100     500     1.188639E+00  2.500000E+00  2.576903E+00
     100     500     1.188639E+00  2.500000E+00  2.728395E+00
     100     500     1.188639E+00  2.500000E+00  2.879888E+00
     100     500     1.188639E+00  2.500000E+00  3.031380E+00
     100     500     1.188639E+00  2.500000E+00  3.182873E+00
     100     500     1.188639E+00  2.500000E+00  3.334365E+00
     100     500     1.188639E+00  2.500000E+00  3.485858E+00
     100     500     1.188639E+00  2.500000E+00  3.637350E+00
     100     500     1.188639E+00  2.500000E+00  3.788843E+00
     100     500     1.188639E+00  2.500000E+00  3.940336E+00
     100     500     1.188639E+00  2.500000E+00  4.091828E+00
     100     500     1.188639E+00  2.500000E+00  4.243321E+00
     100     500     1.188639E+00  2.500000E+00  4.394813E+00
     100     500     1.365381E+00  2.500000E+00  6.074997E-01
     100     500     1.365381E+00  2.500000E+00  7.589923E-01
     100     500     1.365381E+00  2.500000E+00  9.104848E-01
     100     500     1.365381E+00  2.500000E+00  1.061977E+00
     100     500     1.365381E+00  2.500000E+00  1.213470E+00
     100     500     1.365381E+00  2.500000E+00  1.364962E+00
     100     500     1.365381E+00  2.500000E+00  1.516455E+00
     100     500     1.365381E+00  2.500000E+00  1.667947E+00
     100     500     1.365381E+00  2.500000E+00  1.819440E+00
     100     500     1.365381E+00  2.500000E+00  1.970933E+00
     100     500     1.365381E+00  2.500000E+00  2.122425E+00
     100     500     1.365381E+00  2.500000E+00  2.273918E+00
     100     500     1.365381E+00  2.500000E+00  2.425410E+00
     100     500     1.365381E+00  2.500000E+00  2.576903E+00
     100     500     1.365381E+00  2.500000E+00  2.728395E+00
     100     500     1.365381E+00  2.500000E+00  2.879888E+00
     100     500     1.365381E+00  2.500000E+00  3.031380E+00
     100     500     1.365381E+00  2.500000E+00  3.182873E+00
     100     500     1.365381E+00  2.500000E+00  3.334365E+00
     100     500     1.365381E+00  2.500000E+00  3.485858E+00
     100     500     1.365381E+00  2.500000E+00  3.637350E+00
     100     500     1.365381E+00  2.500000E+00  3.788843E+00
     100     500     1.365381E+00  2.500000E+00  3.940336E+00
     100     500     1.365381E+00  2.500000E+00  4.091828E+00
     100     500     1.365381E+00  2.500000E+00  4.243321E+00
     100     500     1.365381E+00  2.500000E+00  4.394813E+00
     100     500     1.542122E+00  2.500000E+00  6.074997E-01
     100     500     1.542122E+00  2.500000E+00  7.589923E-01
     100     500     1.542122E+00  2.500000E+00  9.104848E-01
     100     500     1.542122E+00  2.500000E+00  1.061977E+00
     100     500     1.542122E+00  2.500000E+00  1.213470E+00
     100     500     1.542122E+00  2.500000E+00  1.364962E+00
     100     500     1.542122E+00  2.500000E+00  1.516455E+00
     100     500     1.542122E+00  2.500000E+00  1.667947E+00
     100     500     1.542122E+00  2.500000E+00  1.819440E+00
     100     500     1.542122E+00  2.500000E+00  1.970933E+00
     100     500     1.542122E+00  2.500000E+00  2.122425E+00
     100     500     1.542122E+00  2.500000E+00  2.273918E+00
     100     500     1.542122E+00  2.500000E+00  2.425410E+00
     100     500     1.542122E+00  2.500000E+00  2.576903E+00
     100     500     1.542122E+00  2.500000E+00  2.728395E+00
     100     500     1.542122E+00  2.500000E+00  2.879888E+00
     100     500     1.542122E+00  2.500000E+00  3.031380E+00
     100     500     1.542122E+00  2.500000E+00  3.182873E+00
     100     500     1.542122E+00  2.500000E+00  3.334365E+00
     100     500     1.542122E+00  2.500000E+00  3.485858E+00
     100     500     1.542122E+00  2.500000E+00  3.637350E+00
     100     500     1.542122E+00  2.500000E+00  3.788843E+00
     100     500     1.542122E+00  2.500000E+00  3.940336E+00
     100     500     1.542122E+00  2.500000E+00  4.091828E+00
     100     500     1.542122E+00  2.500000E+00  4.243321E+00
     100     500     1.542122E+00  2.500000E+00  4.394813E+00
     100     500     1.718863E+00  2.500000E+00  6.074997E-01
     100     500     1.718863E+00  2.500000E+00  7.589923E-01
     100     500     1.718863E+00  2.500000E+00  9.104848E-01
     100     500     1.718863E+00  2.500000E+00  1.061977E+00
     100     500     1.718863E+00  2.500000E+00  1.213470E+00
     100     500     1.718863E+00  2.500000E+00  1.364962E+00
     100     500     1.718863E+00  2.500000E+00  1.516455E+00
     100     500     1.718863E+00  2.500000E+00  1.667947E+00
     100     500     1.718863E+00  2.500000E+00  1.819440E+00
     100     500     1.718863E+00  2.500000E+00  1.970933E+00
     100     500     1.718863E+00  2.500000E+00  2.122425E+00
     100     500     1.718863E+00  2.500000E+00  2.273918E+00
     100     500     1.718863E+00  2.500000E+00  2.425410E+00
     100     500     1.718863E+00  2.500000E+00  2.576903E+00
     100     500     1.718863E+00  2.500000E+00  2.728395E+00
     100     500     1.718863E+00  2.500000E+00  2.879888E+00
     100     500     1.718863E+00  2.500000E+00  3.031380E+00
     100     500     1.718863E+00  2.500000E+00  3.182873E+00
     100     500     1.718863E+00  2.500000E+00  3.334365E+00
     100     500     1.718863E+00  2.500000E+00  3.485858E+00
     100     500     1.718863E+00  2.500000E+00  3.637350E+00
     100     500     1.718863E+00  2.500000E+00  3.788843E+00
     100     500     1.718863E+00  2.500000E+00  3.940336E+00
     100     500     1.718863E+00  2.500000E+00  4.091828E+00
     100     500     1.718863E+00  2.500000E+00  4.243321E+00
     100     500     1.718863E+00  2.500000E+00  4.394813E+00
     100     500     1.895604E+00  2.500000E+00  6.074997E-01
     100     500     1.895604E+00  2.500000E+00  7.589923E-01
     100     500     1.895604E+00  2.500000E+00  9.104848E-01
     100     500     1.895604E+00  2.500000E+00  1.061977E+00
     100     500     1.895604E+00  2.500000E+00  1.213470E+00
     100     500     1.895604E+00  2.500000E+00  1.364962E+00
     100     500     1.895604E+00  2.500000E+00  1.516455E+00
     100     500     1.895604E+00  2.500000E+00  1.667947E+00
     100     500     1.895604E+00  2.500000E+00  1.819440E+00
     100     500     1.895604E+00  2.500000E+00  1.970933E+00
     100     500     1.895604E+00  2.500000E+00  2.122425E+00
     100     500     1.895604E+00  2.500000E+00  2.273918E+00
     100     500     1.895604E+00  2.500000E+00  2.425410E+00
     100     500     1.895604E+00  2.500000E+00  2.576903E+00
     100     500     1.895604E+00  2.500000E+00  2.728395E+00
     100     500     1.895604E+00  2.500000E+00  2.879888E+00
     100     500     1.895604E+00  2.500000E+00  3.031380E+00
     100     500     1.895604E+00  2.500000E+00  3.182873E+00
     100     500     1.895604E+00  2.500000E+00  3.334365E+00
     100     500     1.895604E+00  2.500000E+00  3.485858E+00
     100     500     1.895604E+00  2.500000E+00  3.637350E+00
     100     500     1.895604E+00  2.500000E+00  3.788843E+00
     100     500     1.895604E+00  2.500000E+00  3.940336E+00
     100     500     1.895604E+00  2.500000E+00  4.091828E+00
     100     500     1.895604E+00  2.500000E+00  4.243321E+00
     100     500     1.895604E+00  2.500000E+00  4.394813E+00
     100     500     2.072346E+00  2.500000E+00  6.074997E-01
     100     500     2.072346E+00  2.500000E+00  7.589923E-01
     100     500     2.072346E+00  2.500000E+00  9.104848E-01
     100     500     2.072346E+00  2.500000E+00  1.061977E+00
     100     500     2.072346E+00  2.500000E+00  1.213470E+00
     100     500     2.072346E+00  2.500000E+00  1.364962E+00
     100     500     2.072346E+00  2.500000E+00  1.516455E+00
     100     500     2.072346E+00  2.500000E+00  1.667947E+00
     100     500     2.072346E+00  2.500000E+00  1.819440E+00
     100     500     2.072346E+00  2.500000E+00  1.970933E+00
     100     500     2.072346E+00  2.500000E+00  2.122425E+00
     100     500     2.072346E+00  2.500000E+00  2.273918E+00
     100     500     2.072346E+00  2.500000E+00  2.425410E+00
     100     500     2.072346E+00  2.500000E+00  2.576903E+00
     100     500     2.072346E+00  2.500000E+00  2.728395E+00
     100     500     2.072346E+00  2.500000E+00  2.879888E+00
     100     500     2.072346E+00  2.500000E+00  3.031380E+00
     100     500     2.072346E+00  2.500000E+00  3.182873E+00
     100     500     2.072346E+00  2.500000E+00  3.334365E+00
     100     500     2.072346E+00  2.500000E+00  3.485858E+00
     100     500     2.072346E+00  2.500000E+00  3.637350E+00
     100     500     2.072346E+00  2.500000E+00  3.788843E+00
     100     500     2.072346E+00  2.500000E+00  3.940336E+00
     100     500     2.072346E+00  2.500000E+00  4.091828E+00
     100     500     2.072346E+00  2.500000E+00  4.243321E+00
     100     500     2.072346E+00  2.500000E+00  4.394813E+00
     100     500     2.249087E+00  2.500000E+00  6.074997E-01
     100     500     2.249087E+00  2.500000E+00  7.589923E-01
     100     500     2.249087E+00  2.500000E+00  9.104848E-01
     100     500     2.249087E+00  2.500000E+00  1.061977E+00
     100     500     2.249087E+00  2.500000E+00  1.213470E+00
     100     500     2.249087E+00  2.500000E+00  1.364962E+00
     100     500     2.249087E+00  2.500000E+00  1.516455E+00
     100     500     2.249087E+00  2.500000E+00  1.667947E+00
     100     500     2.249087E+00  2.500000E+00  1.819440E+00
     100     500     2.249087E+00  2.500000E+00  1.970933E+00
     100     500     2.249087E+00  2.500000E+00  2.122425E+00
     100     500     2.249087E+00  2.500000E+00  2.273918E+00
     100     500     2.249087E+00  2.500000E+00  2.425410E+00
     100     500     2.249087E+00  2.500000E+00  2.576903E+00
     100     500     2.249087E+00  2.500000E+00  2.728395E+00
     100     500     2.249087E+00  2.500000E+00  2.879888E+00
     100     500     2.249087E+00  2.500000E+00  3.031380E+00
     100     500     2.249087E+00  2.500000E+00  3.182873E+00
     100     500     2.249087E+00  2.500000E+00  3.334365E+00
     100     500     2.249087E+00  2.500000E+00  3.485858E+00
     100     500     2.249087E+00  2.500000E+00  3.637350E+00
     100     500     2.249087E+00  2.500000E+00  3.788843E+00
     100     500     2.249087E+00  2.500000E+00  3.940336E+00
     100     500     2.249087E+00  2.500000E+00  4.091828E+00
     100     500     2.249087E+00  2.500000E+00  4.243321E+00
     100     500     2.249087E+00  2.500000E+00  4.394813E+00
     100     500     2.425828E+00  2.500000E+00  6.074997E-01
     100     500     2.425828E+00  2.500000E+00  7.589923E-01
     100     500     2.425828E+00  2.500000E+00  9.104848E-01
     100     500     2.425828E+00  2.500000E+00  1.061977E+00
     100     500     2.425828E+00  2.500000E+00  1.213470E+00
     100     500     2.425828E+00  2.500000E+00  1.364962E+00
     100     500     2.425828E+00  2.500000E+00  1.516455E+00
     100     500     2.425828E+00  2.500000E+00  1.667947E+00
     100     500     2.425828E+00  2.500000E+00  1.819440E+00
     100     500     2.425828E+00  2.500000E+00  1.970933E+00
     100     500     2.425828E+00  2.500000E+00  2.122425E+00
     100     500     2.425828E+00  2.500000E+00  2.273918E+00
     100     500     2.425828E+00  2.500000E+00  2.425410E+00
     100     500     2.425828E+00  2.500000E+00  2.576903E+00
     100     500     2.425828E+00  2.500000E+00  2.728395E+00
     100     500     2.425828E+00  2.500000E+00  2.879888E+00
     100     500     2.425828E+00  2.500000E+00  3.031380E+00
     100     500     2.425828E+00  2.500000E+00  3.182873E+00
     100     500     2.425828E+00  2.500000E+00  3.334365E+00
     100     500     2.425828E+00  2.500000E+00  3.485858E+00
     100     500     2.425828E+00  2.500000E+00  3.637350E+00
     100     500     2.425828E+00  2.500000E+00  3.788843E+00
     100     500     2.425828E+00  2.500000E+00  3.940336E+00
     100     500     2.425828E+00  2.500000E+00  4.091828E+00
     100     500     2.425828E+00  2.500000E+00  4.243321E+00
     100     500     2.425828E+00  2.500000E+00  4.394813E+00
     100     500     2.602570E+00  2.500000E+00  6.074997E-01
     100     500     2.602570E+00  2.500000E+00  7.589923E-01
     100     500     2.602570E+00  2.500000E+00  9.104848E-01
     100     500     2.602570E+00  2.500000E+00  1.061977E+00
     100     500     2.602570E+00  2.500000E+00  1.213470E+00
     100     500     2.602570E+00  2.500000E+00  1.364962E+00
     100     500     2.602570E+00  2.500000E+00  1.516455E+00
     100     500     2.602570E+00  2.500000E+00  1.667947E+00
     100     500     2.602570E+00  2.500000E+00  1.819440E+00
     100     500     2.602570E+00  2.500000E+00  1.970933E+00
     100     500     2.602570E+00  2.500000E+00  2.122425E+00
     100     500     2.602570E+00  2.500000E+00  2.273918E+00
     100     500     2.602570E+00  2.500000E+00  2.425410E+00
     100     500     2.602570E+00  2.500000E+00  2.576903E+00
     100     500     2.602570E+00  2.500000E+00  2.728395E+00
     100     500     2.602570E+00  2.500000E+00  2.879888E+00
     100     500     2.602570E+00  2.500000E+00  3.031380E+00
     100     500     2.602570E+00  2.500000E+00  3.182873E+00
     100     500     2.602570E+00  2.500000E+00  3.334365E+00
     100     500     2.602570E+00  2.500000E+00  3.485858E+00
     100     500     2.602570E+00  2.500000E+00  3.637350E+00
     100     500     2.602570E+00  2.500000E+00  3.788843E+00
     100     500     2.602570E+00  2.500000E+00  3.940336E+00
     100     500     2.602570E+00  2.500000E+00  4.091828E+00
     100     500     2.602570E+00  2.500000E+00  4.243321E+00
     100     500     2.602570E+00  2.500000E+00  4.394813E+00
     100     500     2.779311E+00  2.500000E+00  6.074997E-01
     100     500     2.779311E+00  2.500000E+00  7.589923E-01
     100     500     2.779311E+00  2.500000E+00  9.104848E-01
     100     500     2.779311E+00  2.500000E+00  1.061977E+00
     100     500     2.779311E+00  2.500000E+00  1.213470E+00
     100     500     2.779311E+00  2.500000E+00  1.364962E+00
     100     500     2.779311E+00  2.500000E+00  1.516455E+00
     100     500     2.779311E+00  2.500000E+00  1.667947E+00
     100     500     2.779311E+00  2.500000E+00  1.819440E+00
     100     500     2.779311E+00  2.500000E+00  1.970933E+00
     100     500     2.779311E+00  2.500000E+00  2.122425E+00
     100     500     2.779311E+00  2.500000E+00  2.273918E+00
     100     500     2.779311E+00  2.500000E+00  2.425410E+00
     100     500     2.779311E+00  2.500000E+00  2.576903E+00
     100     500     2.779311E+00  2.500000E+00  2.728395E+00
     100     500     2.779311E+00  2.500000E+00  2.879888E+00
     100     500     2.779311E+00  2.500000E+00  3.031380E+00
     100     500     2.779311E+00  2.500000E+00  3.182873E+00
     100     500     2.779311E+00  2.500000E+00  3.334365E+00
     100     500     2.779311E+00  2.500000E+00  3.485858E+00
     100     500     2.779311E+00  2.500000E+00  3.637350E+00
     100     500     2.779311E+00  2.500000E+00  3.788843E+00
     100     500     2.779311E+00  2.500000E+00  3.940336E+00
     100     500     2.779311E+00  2.500000E+00  4.091828E+00
     100     500     2.779311E+00  2.500000E+00  4.243321E+00
     100     500     2.779311E+00  2.500000E+00  4.394813E+00
     100     500     2.956052E+00  2.500000E+00  6.074997E-01
     100     500     2.956052E+00  2.500000E+00  7.589923E-01
     100     500     2.956052E+00  2.500000E+00  9.104848E-01
     100     500     2.956052E+00  2.500000E+00  1.061977E+00
     100     500     2.956052E+00  2.500000E+00  1.213470E+00
     100     500     2.956052E+00  2.500000E+00  1.364962E+00
     100     500     2.956052E+00  2.500000E+00  1.516455E+00
     100     500     2.956052E+00  2.500000E+00  1.667947E+00
     100     500     2.956052E+00  2.500000E+00  1.819440E+00
     100     500     2.956052E+00  2.500000E+00  1.970933E+00
     100     500     2.956052E+00  2.500000E+00  2.122425E+00
     100     500     2.956052E+00  2.500000E+00  2.273918E+00
     100     500     2.956052E+00  2.500000E+00  2.425410E+00
     100     500     2.956052E+00  2.500000E+00  2.576903E+00
     100     500     2.956052E+00  2.500000E+00  2.728395E+00
     100     500     2.956052E+00  2.500000E+00  2.879888E+00
     100     500     2.956052E+00  2.500000E+00  3.031380E+00
     100     500     2.956052E+00  2.500000E+00  3.182873E+00
     100     500     2.956052E+00  2.500000E+00  3.334365E+00
     100     500     2.956052E+00  2.500000E+00  3.485858E+00
     100     500     2.956052E+00  2.500000E+00  3.637350E+00
     100     500     2.956052E+00  2.500000E+00  3.788843E+00
     100     500     2.956052E+00  2.500000E+00  3.940336E+00
     100     500     2.956052E+00  2.500000E+00  4.091828E+00
     100     500     2.956052E+00  2.500000E+00  4.243321E+00
     100     500     2.956052E+00  2.500000E+00  4.394813E+00
     100     500     3.132794E+00  2.500000E+00  6.074997E-01
     100     500     3.132794E+00  2.500000E+00  7.589923E-01
     100     500     3.132794E+00  2.500000E+00  9.104848E-01
     100     500     3.132794E+00  2.500000E+00  1.061977E+00
     100     500     3.132794E+00  2.500000E+00  1.213470E+00
     100     500     3.132794E+00  2.500000E+00  1.364962E+00
     100     500     3.132794E+00  2.500000E+00  1.516455E+00
     100     500     3.132794E+00  2.500000E+00  1.667947E+00
     100     500     3.132794E+00  2.500000E+00  1.819440E+00
     100     500     3.132794E+00  2.500000E+00  1.970933E+00
     100     500     3.132794E+00  2.500000E+00  2.122425E+00
     100     500     3.132794E+00  2.500000E+00  2.273918E+00
     100     500     3.132794E+00  2.500000E+00  2.425410E+00
     100     500     3.132794E+00  2.500000E+00  2.576903E+00
     100     500     3.132794E+00  2.500000E+00  2.728395E+00
     100     500     3.132794E+00  2.500000E+00  2.879888E+00
     100     500     3.132794E+00  2.500000E+00  3.031380E+00
     100     500     3.132794E+00  2.500000E+00  3.182873E+00
     100     500     3.132794E+00  2.500000E+00  3.334365E+00
     100     500     3.132794E+00  2.500000E+00  3.485858E+00
     100     500     3.132794E+00  2.500000E+00  3.637350E+00
     100     500     3.132794E+00  2.500000E+00  3.788843E+00
     100     500     3.132794E+00  2.500000E+00  3.940336E+00
     100     500     3.132794E+00  2.500000E+00  4.091828E+00
     100     500     3.132794E+00  2.500000E+00  4.243321E+00
     100     500     3.132794E+00  2.500000E+00  4.394813E+00
     100     500     3.309535E+00  2.500000E+00  6.074997E-01
     100     500     3.309535E+00  2.500000E+00  7.589923E-01
     100     500     3.309535E+00  2.500000E+00  9.104848E-01
     100     500     3.309535E+00  2.500000E+00  1.061977E+00
     100     500     3.309535E+00  2.500000E+00  1.213470E+00
     100     500     3.309535E+00  2.500000E+00  1.364962E+00
     100     500     3.309535E+00  2.500000E+00  1.516455E+00
     100     500     3.309535E+00  2.500000E+00  1.667947E+00
     100     500     3.309535E+00  2.500000E+00  1.819440E+00
     100     500     3.309535E+00  2.500000E+00  1.970933E+00
     100     500     3.309535E+00  2.500000E+00  2.122425E+00
     100     500     3.309535E+00  2.500000E+00  2.273918E+00
     100     500     3.309535E+00  2.500000E+00  2.425410E+00
     100     500     3.309535E+00  2.500000E+00  2.576903E+00
     100     500     3.309535E+00  2.500000E+00  2.728395E+00
     100     500     3.309535E+00  2.500000E+00  2.879888E+00
     100     500     3.309535E+00  2.500000E+00  3.031380E+00
     100     500     3.309535E+00  2.500000E+00  3.182873E+00
     100     500     3.309535E+00  2.500000E+00  3.334365E+00
     100     500     3.309535E+00  2.500000E+00  3.485858E+00
     100     500     3.309535E+00  2.500000E+00  3.637350E+00
     100     500     3.309535E+00  2.500000E+00  3.788843E+00
     100     500     3.309535E+00  2.500000E+00  3.940336E+00
     100     500     3.309535E+00  2.500000E+00  4.091828E+00
     100     500     3.309535E+00  2.500000E+00  4.243321E+00
     100     500     3.309535E+00  2.500000E+00  4.394813E+00
     100     500     3.486276E+00  2.500000E+00  6.074997E-01
     100     500     3.486276E+00  2.500000E+00  7.589923E-01
     100     500     3.486276E+00  2.500000E+00  9.104848E-01
     100     500     3.486276E+00  2.500000E+00  1.061977E+00
     100     500     3.486276E+00  2.500000E+00  1.213470E+00
     100     500     3.486276E+00  2.500000E+00  1.364962E+00
     100     500     3.486276E+00  2.500000E+00  1.516455E+00
     100     500     3.486276E+00  2.500000E+00  1.667947E+00
     100     500     3.486276E+00  2.500000E+00  1.819440E+00
     100     500     3.486276E+00  2.500000E+00  1.970933E+00
     100     500     3.486276E+00  2.500000E+00  2.122425E+00
     100     500     3.486276E+00  2.500000E+00  2.273918E+00
     100     500     3.486276E+00  2.500000E+00  2.425410E+00
     100     500     3.486276E+00  2.500000E+00  2.576903E+00
     100     500     3.486276E+00  2.500000E+00  2.728395E+00
     100     500     3.486276E+00  2.500000E+00  2.879888E+00
     100     500     3.486276E+00  2.500000E+00  3.031380E+00
     100     500     3.486276E+00  2.500000E+00  3.182873E+00
     100     500     3.486276E+00  2.500000E+00  3.334365E+00
     100     500     3.486276E+00  2.500000E+00  3.485858E+00
     100     500     3.486276E+00  2.500000E+00  3.637350E+00
     100     500     3.486276E+00  2.500000E+00  3.788843E+00
     100     500     3.486276E+00  2.500000E+00  3.940336E+00
     100     500     3.486276E+00  2.500000E+00  4.091828E+00
     100     500     3.486276E+00  2.500000E+00  4.243321E+00
     100     500     3.486276E+00  2.500000E+00  4.394813E+00
     100     500     3.663017E+00  2.500000E+00  6.074997E-01
     100     500     3.663017E+00  2.500000E+00  7.589923E-01
     100     500     3.663017E+00  2.500000E+00  9.104848E-01
     100     500     3.663017E+00  2.500000E+00  1.061977E+00
     100     500     3.663017E+00  2.500000E+00  1.213470E+00
     100     500     3.663017E+00  2.500000E+00  1.364962E+00
     100     500     3.663017E+00  2.500000E+00  1.516455E+00
     100     500     3.663017E+00  2.500000E+00  1.667947E+00
     100     500     3.663017E+00  2.500000E+00  1.819440E+00
     100     500     3.663017E+00  2.500000E+00  1.970933E+00
     100     500     3.663017E+00  2.500000E+00  2.122425E+00
     100     500     3.663017E+00  2.500000E+00  2.273918E+00
     100     500     3.663017E+00  2.500000E+00  2.425410E+00
     100     500     3.663017E+00  2.500000E+00  2.576903E+00
     100     500     3.663017E+00  2.500000E+00  2.728395E+00
     100     500     3.663017E+00  2.500000E+00  2.879888E+00
     100     500     3.663017E+00  2.500000E+00  3.031380E+00
     100     500     3.663017E+00  2.500000E+00  3.182873E+00
     100     500     3.663017E+00  2.500000E+00  3.334365E+00
     100     500     3.663017E+00  2.500000E+00  3.485858E+00
     100     500     3.663017E+00  2.500000E+00  3.637350E+00
     100     500     3.663017E+00  2.500000E+00  3.788843E+00
     100     500     3.663017E+00  2.500000E+00  3.940336E+00
     100     500     3.663017E+00  2.500000E+00  4.091828E+00
     100     500     3.663017E+00  2.500000E+00  4.243321E+00
     100     500     3.663017E+00  2.500000E+00  4.394813E+00
     100     500     3.839759E+00  2.500000E+00  6.074997E-01
     100     500     3.839759E+00  2.500000E+00  7.589923E-01
     100     500     3.839759E+00  2.500000E+00  9.104848E-01
     100     500     3.839759E+00  2.500000E+00  1.061977E+00
     100     500     3.839759E+00  2.500000E+00  1.213470E+00
     100     500     3.839759E+00  2.500000E+00  1.364962E+00
     100     500     3.839759E+00  2.500000E+00  1.516455E+00
     100     500     3.839759E+00  2.500000E+00  1.667947E+00
     100     500     3.839759E+00  2.500000E+00  1.819440E+00
     100     500     3.839759E+00  2.500000E+00  1.970933E+00
     100     500     3.839759E+00  2.500000E+00  2.122425E+00
     100     500     3.839759E+00  2.500000E+00  2.273918E+00
     100     500     3.839759E+00  2.500000E+00  2.425410E+00
     100     500     3.839759E+00  2.500000E+00  2.576903E+00
     100     500     3.839759E+00  2.500000E+00  2.728395E+00
     100     500     3.839759E+00  2.500000E+00  2.879888E+00
     100     500     3.839759E+00  2.500000E+00  3.031380E+00
     100     500     3.839759E+00  2.500000E+00  3.182873E+00
     100     500     3.839759E+00  2.500000E+00  3.334365E+00
     100     500     3.839759E+00  2.500000E+00  3.485858E+00
     100     500     3.839759E+00  2.500000E+00  3.637350E+00
     100     500     3.839759E+00  2.500000E+00  3.788843E+00
     100     500     3.839759E+00  2.500000E+00  3.940336E+00
     100     500     3.839759E+00  2.500000E+00  4.091828E+00
     100     500     3.839759E+00  2.500000E+00  4.243321E+00
     100     500     3.839759E+00  2.500000E+00  4.394813E+00
     100     500     4.016500E+00  2.500000E+00  6.074997E-01
     100     500     4.016500E+00  2.500000E+00  7.589923E-01
     100     500     4.016500E+00  2.500000E+00  9.104848E-01
     100     500     4.016500E+00  2.500000E+00  1.061977E+00
     100     500     4.016500E+00  2.500000E+00  1.213470E+00
     100     500     4.016500E+00  2.500000E+00  1.364962E+00
     100     500     4.016500E+00  2.500000E+00  1.516455E+00
     100     500     4.016500E+00  2.500000E+00  1.667947E+00
     100     500     4.016500E+00  2.500000E+00  1.819440E+00
     100     500     4.016500E+00  2.500000E+00  1.970933E+00
     100     500     4.016500E+00  2.500000E+00  2.122425E+00
     100     500     4.016500E+00  2.500000E+00  2.273918E+00
     100     500     4.016500E+00  2.500000E+00  2.425410E+00
     100     500     4.016500E+00  2.500000E+00  2.576903E+00
     100     500     4.016500E+00  2.500000E+00  2.728395E+00
     100     500     4.016500E+00  2.500000E+00  2.879888E+00
     100     500     4.016500E+00  2.500000E+00  3.031380E+00
     100     500     4.016500E+00  2.500000E+00  3.182873E+00
     100     500     4.016500E+00  2.500000E+00  3.334365E+00
     100     500     4.016500E+00  2.500000E+00  3.485858E+00
     100     500     4.016500E+00  2.500000E+00  3.637350E+00
     100     500     4.016500E+00  2.500000E+00  3.788843E+00
     100     500     4.016500E+00  2.500000E+00  3.940336E+00
     100     500     4.016500E+00  2.500000E+00  4.091828E+00
     100     500     4.016500E+00  2.500000E+00  4.243321E+00
     100     500     4.016500E+00  2.500000E+00  4.394813E+00
     100     500     4.193241E+00  2.500000E+00  6.074997E-01
     100     500     4.193241E+00  2.500000E+00  7.589923E-01
     100     500     4.193241E+00  2.500000E+00  9.104848E-01
     100     500     4.193241E+00  2.500000E+00  1.061977E+00
     100     500     4.193241E+00  2.500000E+00  1.213470E+00
     100     500     4.193241E+00  2.500000E+00  1.364962E+00
     100     500     4.193241E+00  2.500000E+00  1.516455E+00
     100     500     4.193241E+00  2.500000E+00  1.667947E+00
     100     500     4.193241E+00  2.500000E+00  1.819440E+00
     100     500     4.193241E+00  2.500000E+00  1.970933E+00
     100     500     4.193241E+00  2.500000E+00  2.122425E+00
     100     500     4.193241E+00  2.500000E+00  2.273918E+00
     100     500     4.193241E+00  2.500000E+00  2.425410E+00
     100     500     4.193241E+00  2.500000E+00  2.576903E+00
     100     500     4.193241E+00  2.500000E+00  2.728395E+00
     100     500     4.193241E+00  2.500000E+00  2.879888E+00
     100     500     4.193241E+00  2.500000E+00  3.031380E+00
     100     500     4.193241E+00  2.500000E+00  3.182873E+00
     100     500     4.193241E+00  2.500000E+00  3.334365E+00
     100     500     4.193241E+00  2.500000E+00  3.485858E+00
     100     500     4.193241E+00  2.500000E+00  3.637350E+00
     100     500     4.193241E+00  2.500000E+00  3.788843E+00
     100     500     4.193241E+00  2.500000E+00  3.940336E+00
     100     500     4.193241E+00  2.500000E+00  4.091828E+00
     100     500     4.193241E+00  2.500000E+00  4.243321E+00
     100     500     4.193241E+00  2.500000E+00  4.394813E+00
     100     500     4.369983E+00  2.500000E+00  6.074997E-01
     100     500     4.369983E+00  2.500000E+00  7.589923E-01
     100     500     4.369983E+00  2.500000E+00  9.104848E-01
     100     500     4.369983E+00  2.500000E+00  1.061977E+00
     100     500     4.369983E+00  2.500000E+00  1.213470E+00
     100     500     4.369983E+00  2.500000E+00  1.364962E+00
     100     500     4.369983E+00  2.500000E+00  1.516455E+00
     100     500     4.369983E+00  2.500000E+00  1.667947E+00
     100     500     4.369983E+00  2.500000E+00  1.819440E+00
     100     500     4.369983E+00  2.500000E+00  1.970933E+00
     100     500     4.369983E+00  2.500000E+00  2.122425E+00
     100     500     4.369983E+00  2.500000E+00  2.273918E+00
     100     500     4.369983E+00  2.500000E+00  2.425410E+00
     100     500     4.369983E+00  2.500000E+00  2.576903E+00
     100     500     4.369983E+00  2.500000E+00  2.728395E+00
     100     500     4.369983E+00  2.500000E+00  2.879888E+00
     100     500     4.369983E+00  2.500000E+00  3.031380E+00
     100     500     4.369983E+00  2.500000E+00  3.182873E+00
     100     500     4.369983E+00  2.500000E+00  3.334365E+00
     100     500     4.369983E+00  2.500000E+00  3.485858E+00
     100     500     4.369983E+00  2.500000E+00  3.637350E+00
     100     500     4.369983E+00  2.500000E+00  3.788843E+00
     100     500     4.369983E+00  2.500000E+00  3.940336E+00
     100     500     4.369983E+00  2.500000E+00  4.091828E+00
     100     500     4.369983E+00  2.500000E+00  4.243321E+00
     100     500     4.369983E+00  2.500000E+00  4.394813E+00
     100     500     4.546724E+00  2.500000E+00  6.074997E-01
     100     500     4.546724E+00  2.500000E+00  7.589923E-01
     100     500     4.546724E+00  2.500000E+00  9.104848E-01
     100     500     4.546724E+00  2.500000E+00  1.061977E+00
     100     500     4.546724E+00  2.500000E+00  1.213470E+00
     100     500     4.546724E+00  2.500000E+00  1.364962E+00
     100     500     4.546724E+00  2.500000E+00  1.516455E+00
     100     500     4.546724E+00  2.500000E+00  1.667947E+00
     100     500     4.546724E+00  2.500000E+00  1.819440E+00
     100     500     4.546724E+00  2.500000E+00  1.970933E+00
     100     500     4.546724E+00  2.500000E+00  2.122425E+00
     100     500     4.546724E+00  2.500000E+00  2.273918E+00
     100     500     4.546724E+00  2.500000E+00  2.425410E+00
     100     500     4.546724E+00  2.500000E+00  2.576903E+00
     100     500     4.546724E+00  2.500000E+00  2.728395E+00
     100     500     4.546724E+00  2.500000E+00  2.879888E+00
     100     500     4.546724E+00  2.500000E+00  3.031380E+00
     100     500     4.546724E+00  2.500000E+00  3.182873E+00
     100     500     4.546724E+00  2.500000E+00  3.334365E+00
     100     500     4.546724E+00  2.500000E+00  3.485858E+00
     100     500     4.546724E+00  2.500000E+00  3.637350E+00
     100     500     4.546724E+00  2.500000E+00  3.788843E+00
     100     500     4.546724E+00  2.500000E+00  3.940336E+00
     100     500     4.546724E+00  2.500000E+00  4.091828E+00
     100     500     4.546724E+00  2.500000E+00  4.243321E+00
     100     500     4.546724E+00  2.500000E+00  4.394813E+00
     100     500     4.723465E+00  2.500000E+00  6.074997E-01
     100     500     4.723465E+00  2.500000E+00  7.589923E-01
     100     500     4.723465E+00  2.500000E+00  9.104848E-01
     100     500     4.723465E+00  2.500000E+00  1.061977E+00
     100     500     4.723465E+00  2.500000E+00  1.213470E+00
     100     500     4.723465E+00  2.500000E+00  1.364962E+00
     100     500     4.723465E+00  2.500000E+00  1.516455E+00
     100     500     4.723465E+00  2.500000E+00  1.667947E+00
     100     500     4.723465E+00  2.500000E+00  1.819440E+00
     100     500     4.723465E+00  2.500000E+00  1.970933E+00
     100     500     4.723465E+00  2.500000E+00  2.122425E+00
     100     500     4.723465E+00  2.500000E+00  2.273918E+00
     100     500     4.723465E+00  2.500000E+00  2.425410E+00
     100     500     4.723465E+00  2.500000E+00  2.576903E+00
     100     500     4.723465E+00  2.500000E+00  2.728395E+00
     100     500     4.723465E+00  2.500000E+00  2.879888E+00
     100     500     4.723465E+00  2.500000E+00  3.031380E+00
     100     500     4.723465E+00  2.500000E+00  3.182873E+00
     100     500     4.723465E+00  2.500000E+00  3.334365E+00
     100     500     4.723465E+00  2.500000E+00  3.485858E+00
     100     500     4.723465E+00  2.500000E+00  3.637350E+00
     100     500     4.723465E+00  2.500000E+00  3.788843E+00
     100     500     4.723465E+00  2.500000E+00  3.940336E+00
     100     500     4.723465E+00  2.500000E+00  4.091828E+00
     100     500     4.723465E+00  2.500000E+00  4.243321E+00
     100     500     4.723465E+00  2.500000E+00  4.394813E+00
     100     500     4.900206E+00  2.500000E+00  6.074997E-01
     100     500     4.900206E+00  2.500000E+00  7.589923E-01
     100     500     4.900206E+00  2.500000E+00  9.104848E-01
     100     500     4.900206E+00  2.500000E+00  1.061977E+00
     100     500     4.900206E+00  2.500000E+00  1.213470E+00
     100     500     4.900206E+00  2.500000E+00  1.364962E+00
     100     500     4.900206E+00  2.500000E+00  1.516455E+00
     100     500     4.900206E+00  2.500000E+00  1.667947E+00
     100     500     4.900206E+00  2.500000E+00  1.819440E+00
     100     500     4.900206E+00  2.500000E+00  1.970933E+00
     100     500     4.900206E+00  2.500000E+00  2.122425E+00
     100     500     4.900206E+00  2.500000E+00  2.273918E+00
     100     500     4.900206E+00  2.500000E+00  2.425410E+00
     100     500     4.900206E+00  2.500000E+00  2.576903E+00
     100     500     4.900206E+00  2.500000E+00  2.728395E+00
     100     500     4.900206E+00  2.500000E+00  2.879888E+00
     100     500     4.900206E+00  2.500000E+00  3.031380E+00
     100     500     4.900206E+00  2.500000E+00  3.182873E+00
     100     500     4.900206E+00  2.500000E+00  3.334365E+00
     100     500     4.900206E+00  2.500000E+00  3.485858E+00
     100     500     4.900206E+00  2.500000E+00  3.637350E+00
     100     500     4.900206E+00  2.500000E+00  3.788843E+00
     100     500     4.900206E+00  2.500000E+00  3.940336E+00
     100     500     4.900206E+00  2.500000E+00  4.091828E+00
     100     500     4.900206E+00  2.500000E+00  4.243321E+00
     100     500     4.900206E+00  2.500000E+00  4.394813E+00
     100     500     5.076948E+00  2.500000E+00  6.074997E-01
     100     500     5.076948E+00  2.500000E+00  7.589923E-01
     100     500     5.076948E+00  2.500000E+00  9.104848E-01
     100     500     5.076948E+00  2.500000E+00  1.061977E+00
     100     500     5.076948E+00  2.500000E+00  1.213470E+00
     100     500     5.076948E+00  2.500000E+00  1.364962E+00
     100     500     5.076948E+00  2.500000E+00  1.516455E+00
     100     500     5.076948E+00  2.500000E+00  1.667947E+00
     100     500     5.076948E+00  2.500000E+00  1.819440E+00
     100     500     5.076948E+00  2.500000E+00  1.970933E+00
     100     500     5.076948E+00  2.500000E+00  2.122425E+00
     100     500     5.076948E+00  2.500000E+00  2.273918E+00
     100     500     5.076948E+00  2.500000E+00  2.425410E+00
     100     500     5.076948E+00  2.500000E+00  2.576903E+00
     100     500     5.076948E+00  2.500000E+00  2.728395E+00
     100     500     5.076948E+00  2.500000E+00  2.879888E+00
     100     500     5.076948E+00  2.500000E+00  3.031380E+00
     100     500     5.076948E+00  2.500000E+00  3.182873E+00
     100     500     5.076948E+00  2.500000E+00  3.334365E+00
     100     500     5.076948E+00  2.500000E+00  3.485858E+00
     100     500     5.076948E+00  2.500000E+00  3.637350E+00
     100     500     5.076948E+00  2.500000E+00  3.788843E+00
     100     500     5.076948E+00  2.500000E+00  3.940336E+00
     100     500     5.076948E+00  2.500000E+00  4.091828E+00
     100     500     5.076948E+00  2.500000E+00  4.243321E+00
     100     500     5.076948E+00  2.500000E+00  4.394813E+00
     100     500     5.253689E+00  2.500000E+00  6.074997E-01
     100     500     5.253689E+00  2.500000E+00  7.589923E-01
     100     500     5.253689E+00  2.500000E+00  9.104848E-01
     100     500     5.253689E+00  2.500000E+00  1.061977E+00
     100     500     5.253689E+00  2.500000E+00  1.213470E+00
     100     500     5.253689E+00  2.500000E+00  1.364962E+00
     100     500     5.253689E+00  2.500000E+00  1.516455E+00
     100     500     5.253689E+00  2.500000E+00  1.667947E+00
     100     500     5.253689E+00  2.500000E+00  1.819440E+00
     100     500     5.253689E+00  2.500000E+00  1.970933E+00
     100     500     5.253689E+00  2.500000E+00  2.122425E+00
     100     500     5.253689E+00  2.500000E+00  2.273918E+00
     100     500     5.253689E+00  2.500000E+00  2.425410E+00
     100     500     5.253689E+00  2.500000E+00  2.576903E+00
     100     500     5.253689E+00  2.500000E+00  2.728395E+00
     100     500     5.253689E+00  2.500000E+00  2.879888E+00
     100     500     5.253689E+00  2.500000E+00  3.031380E+00
     100     500     5.253689E+00  2.500000E+00  3.182873E+00
     100     500     5.253689E+00  2.500000E+00  3.334365E+00
     100     500     5.253689E+00  2.500000E+00  3.485858E+00
     100     500     5.253689E+00  2.500000E+00  3.637350E+00
     100     500     5.253689E+00  2.500000E+00  3.788843E+00
     100     500     5.253689E+00  2.500000E+00  3.940336E+00
     100     500     5.253689E+00  2.500000E+00  4.091828E+00
     100     500     5.253689E+00  2.500000E+00  4.243321E+00
     100     500     5.253689E+00  2.500000E+00  4.394813E+00
     100     500     5.430430E+00  2.500000E+00  6.074997E-01
     100     500     5.430430E+00  2.500000E+00  7.589923E-01
     100     500     5.430430E+00  2.500000E+00  9.104848E-01
     100     500     5.430430E+00  2.500000E+00  1.061977E+00
     100     500     5.430430E+00  2.500000E+00  1.213470E+00
     100     500     5.430430E+00  2.500000E+00  1.364962E+00
     100     500     5.430430E+00  2.500000E+00  1.516455E+00
     100     500     5.430430E+00  2.500000E+00  1.667947E+00
     100     500     5.430430E+00  2.500000E+00  1.819440E+00
     100     500     5.430430E+00  2.500000E+00  1.970933E+00
     100     500     5.430430E+00  2.500000E+00  2.122425E+00
     100     500     5.430430E+00  2.500000E+00  2.273918E+00
     100     500     5.430430E+00  2.500000E+00  2.425410E+00
     100     500     5.430430E+00  2.500000E+00  2.576903E+00
     100     500     5.430430E+00  2.500000E+00  2.728395E+00
     100     500     5.430430E+00  2.500000E+00  2.879888E+00
     100     500     5.430430E+00  2.500000E+00  3.031380E+00
     100     500     5.430430E+00  2.500000E+00  3.182873E+00
     100     500     5.430430E+00  2.500000E+00  3.334365E+00
     100     500     5.430430E+00  2.500000E+00  3.485858E+00
     100     500     5.430430E+00  2.500000E+00  3.637350E+00
     100     500     5.430430E+00  2.500000E+00  3.788843E+00
     100     500     5.430430E+00  2.500000E+00  3.940336E+00
     100     500     5.430430E+00  2.500000E+00  4.091828E+00
     100     500     5.430430E+00  2.500000E+00  4.243321E+00
     100     500     5.430430E+00  2.500000E+00  4.394813E+00
     100     500     5.607172E+00  2.500000E+00  6.074997E-01
     100     500     5.607172E+00  2.500000E+00  7.589923E-01
     100     500     5.607172E+00  2.500000E+00  9.104848E-01
     100     500     5.607172E+00  2.500000E+00  1.061977E+00
     100     500     5.607172E+00  2.500000E+00  1.213470E+00
     100     500     5.607172E+00  2.500000E+00  1.364962E+00
     100     500     5.607172E+00  2.500000E+00  1.516455E+00
     100     500     5.607172E+00  2.500000E+00  1.667947E+00
     100     500     5.607172E+00  2.500000E+00  1.819440E+00
     100     500     5.607172E+00  2.500000E+00  1.970933E+00
     100     500     5.607172E+00  2.500000E+00  2.122425E+00
     100     500     5.607172E+00  2.500000E+00  2.273918E+00
     100     500     5.607172E+00  2.500000E+00  2.425410E+00
     100     500     5.607172E+00  2.500000E+00  2.576903E+00
     100     500     5.607172E+00  2.500000E+00  2.728395E+00
     100     500     5.607172E+00  2.500000E+00  2.879888E+00
     100     500     5.607172E+00  2.500000E+00  3.031380E+00
     100     500     5.607172E+00  2.500000E+00  3.182873E+00
     100     500     5.607172E+00  2.500000E+00  3.334365E+00
     100     500     5.607172E+00  2.500000E+00  3.485858E+00
     100     500     5.607172E+00  2.500000E+00  3.637350E+00
     100     500     5.607172E+00  2.500000E+00  3.788843E+00
     100     500     5.607172E+00  2.500000E+00  3.940336E+00
     100     500     5.607172E+00  2.500000E+00  4.091828E+00
     100     500     5.607172E+00  2.500000E+00  4.243321E+00
     100     500     5.607172E+00  2.500000E+00  4.394813E+00
     100     500     5.783913E+00  2.500000E+00  6.074997E-01
     100     500     5.783913E+00  2.500000E+00  7.589923E-01
     100     500     5.783913E+00  2.500000E+00  9.104848E-01
     100     500     5.783913E+00  2.500000E+00  1.061977E+00
     100     500     5.783913E+00  2.500000E+00  1.213470E+00
     100     500     5.783913E+00  2.500000E+00  1.364962E+00
     100     500     5.783913E+00  2.500000E+00  1.516455E+00
     100     500     5.783913E+00  2.500000E+00  1.667947E+00
     100     500     5.783913E+00  2.500000E+00  1.819440E+00
     100     500     5.783913E+00  2.500000E+00  1.970933E+00
     100     500     5.783913E+00  2.500000E+00  2.122425E+00
     100     500     5.783913E+00  2.500000E+00  2.273918E+00
     100     500     5.783913E+00  2.500000E+00  2.425410E+00
     100     500     5.783913E+00  2.500000E+00  2.576903E+00
     100     500     5.783913E+00  2.500000E+00  2.728395E+00
     100     500     5.783913E+00  2.500000E+00  2.879888E+00
     100     500     5.783913E+00  2.500000E+00  3.031380E+00
     100     500     5.783913E+00  2.500000E+00  3.182873E+00
     100     500     5.783913E+00  2.500000E+00  3.334365E+00
     100     500     5.783913E+00  2.500000E+00  3.485858E+00
     100     500     5.783913E+00  2.500000E+00  3.637350E+00
     100     500     5.783913E+00  2.500000E+00  3.788843E+00
     100     500     5.783913E+00  2.500000E+00  3.940336E+00
     100     500     5.783913E+00  2.500000E+00  4.091828E+00
     100     500     5.783913E+00  2.500000E+00  4.243321E+00
     100     500     5.783913E+00  2.500000E+00  4.394813E+00
     100     500     5.960654E+00  2.500000E+00  6.074997E-01
     100     500     5.960654E+00  2.500000E+00  7.589923E-01
     100     500     5.960654E+00  2.500000E+00  9.104848E-01
     100     500     5.960654E+00  2.500000E+00  1.061977E+00
     100     500     5.960654E+00  2.500000E+00  1.213470E+00
     100     500     5.960654E+00  2.500000E+00  1.364962E+00
     100     500     5.960654E+00  2.500000E+00  1.516455E+00
     100     500     5.960654E+00  2.500000E+00  1.667947E+00
     100     500     5.960654E+00  2.500000E+00  1.819440E+00
     100     500     5.960654E+00  2.500000E+00  1.970933E+00
     100     500     5.960654E+00  2.500000E+00  2.122425E+00
     100     500     5.960654E+00  2.500000E+00  2.273918E+00
     100     500     5.960654E+00  2.500000E+00  2.425410E+00
     100     500     5.960654E+00  2.500000E+00  2.576903E+00
     100     500     5.960654E+00  2.500000E+00  2.728395E+00
     100     500     5.960654E+00  2.500000E+00  2.879888E+00
     100     500     5.960654E+00  2.500000E+00  3.031380E+00
     100     500     5.960654E+00  2.500000E+00  3.182873E+00
     100     500     5.960654E+00  2.500000E+00  3.334365E+00
     100     500     5.960654E+00  2.500000E+00  3.485858E+00
     100     500     5.960654E+00  2.500000E+00  3.637350E+00
     100     500     5.960654E+00  2.500000E+00  3.788843E+00
     100     500     5.960654E+00  2.500000E+00  3.940336E+00
     100     500     5.960654E+00  2.500000E+00  4.091828E+00
     100     500     5.960654E+00  2.500000E+00  4.243321E+00
     100     500     5.960654E+00  2.500000E+00  4.394813E+00
     100     500     6.137396E+00  2.500000E+00  6.074997E-01
     100     500     6.137396E+00  2.500000E+00  7.589923E-01
     100     500     6.137396E+00  2.500000E+00  9.104848E-01
     100     500     6.137396E+00  2.500000E+00  1.061977E+00
     100     500     6.137396E+00  2.500000E+00  1.213470E+00
     100     500     6.137396E+00  2.500000E+00  1.364962E+00
     100     500     6.137396E+00  2.500000E+00  1.516455E+00
     100     500     6.137396E+00  2.500000E+00  1.667947E+00
     100     500     6.137396E+00  2.500000E+00  1.819440E+00
     100     500     6.137396E+00  2.500000E+00  1.970933E+00
     100     500     6.137396E+00  2.500000E+00  2.122425E+00
     100     500     6.137396E+00  2.500000E+00  2.273918E+00
     100     500     6.137396E+00  2.500000E+00  2.425410E+00
     100     500     6.137396E+00  2.500000E+00  2.576903E+00
     100     500     6.137396E+00  2.500000E+00  2.728395E+00
     100     500     6.137396E+00  2.500000E+00  2.879888E+00
     100     500     6.137396E+00  2.500000E+00  3.031380E+00
     100     500     6.137396E+00  2.500000E+00  3.182873E+00
     100     500     6.137396E+00  2.500000E+00  3.334365E+00
     100     500     6.137396E+00  2.500000E+00  3.485858E+00
     100     500     6.137396E+00  2.500000E+00  3.637350E+00
     100     500     6.137396E+00  2.500000E+00  3.788843E+00
     100     500     6.137396E+00  2.500000E+00  3.940336E+00
     100     500     6.137396E+00  2.500000E+00  4.091828E+00
     100     500     6.137396E+00  2.500000E+00  4.243321E+00
     100     500     6.137396E+00  2.500000E+00  4.394813E+00
     100     500     6.314137E+00  2.500000E+00  6.074997E-01
     100     500     6.314137E+00  2.500000E+00  7.589923E-01
     100     500     6.314137E+00  2.500000E+00  9.104848E-01
     100     500     6.314137E+00  2.500000E+00  1.061977E+00
     100     500     6.314137E+00  2.500000E+00  1.213470E+00
     100     500     6.314137E+00  2.500000E+00  1.364962E+00
     100     500     6.314137E+00  2.500000E+00  1.516455E+00
     100     500     6.314137E+00  2.500000E+00  1.667947E+00
     100     500     6.314137E+00  2.500000E+00  1.819440E+00
     100     500     6.314137E+00  2.500000E+00  1.970933E+00
     100     500     6.314137E+00  2.500000E+00  2.122425E+00
     100     500     6.314137E+00  2.500000E+00  2.273918E+00
     100     500     6.314137E+00  2.500000E+00  2.425410E+00
     100     500     6.314137E+00  2.500000E+00  2.576903E+00
     100     500     6.314137E+00  2.500000E+00  2.728395E+00
     100     500     6.314137E+00  2.500000E+00  2.879888E+00
     100     500     6.314137E+00  2.500000E+00  3.031380E+00
     100     500     6.314137E+00  2.500000E+00  3.182873E+00
     100     500     6.314137E+00  2.500000E+00  3.334365E+00
     100     500     6.314137E+00  2.500000E+00  3.485858E+00
     100     500     6.314137E+00  2.500000E+00  3.637350E+00
     100     500     6.314137E+00  2.500000E+00  3.788843E+00
     100     500     6.314137E+00  2.500000E+00  3.940336E+00
     100     500     6.314137E+00  2.500000E+00  4.091828E+00
     100     500     6.314137E+00  2.500000E+00  4.243321E+00
     100     500     6.314137E+00  2.500000E+00  4.394813E+00
     100     500     6.490878E+00  2.500000E+00  6.074997E-01
     100     500     6.490878E+00  2.500000E+00  7.589923E-01
     100     500     6.490878E+00  2.500000E+00  9.104848E-01
     100     500     6.490878E+00  2.500000E+00  1.061977E+00
     100     500     6.490878E+00  2.500000E+00  1.213470E+00
     100     500     6.490878E+00  2.500000E+00  1.364962E+00
     100     500     6.490878E+00  2.500000E+00  1.516455E+00
     100     500     6.490878E+00  2.500000E+00  1.667947E+00
     100     500     6.490878E+00  2.500000E+00  1.819440E+00
     100     500     6.490878E+00  2.500000E+00  1.970933E+00
     100     500     6.490878E+00  2.500000E+00  2.122425E+00
     100     500     6.490878E+00  2.500000E+00  2.273918E+00
     100     500     6.490878E+00  2.500000E+00  2.425410E+00
     100     500     6.490878E+00  2.500000E+00  2.576903E+00
     100     500     6.490878E+00  2.500000E+00  2.728395E+00
     100     500     6.490878E+00  2.500000E+00  2.879888E+00
     100     500     6.490878E+00  2.500000E+00  3.031380E+00
     100     500     6.490878E+00  2.500000E+00  3.182873E+00
     100     500     6.490878E+00  2.500000E+00  3.334365E+00
     100     500     6.490878E+00  2.500000E+00  3.485858E+00
     100     500     6.490878E+00  2.500000E+00  3.637350E+00
     100     500     6.490878E+00  2.500000E+00  3.788843E+00
     100     500     6.490878E+00  2.500000E+00  3.940336E+00
     100     500     6.490878E+00  2.500000E+00  4.091828E+00
     100     500     6.490878E+00  2.500000E+00  4.243321E+00
     100     500     6.490878E+00  2.500000E+00  4.394813E+00
     100     500     6.667619E+00  2.500000E+00  6.074997E-01
     100     500     6.667619E+00  2.500000E+00  7.589923E-01
     100     500     6.667619E+00  2.500000E+00  9.104848E-01
     100     500     6.667619E+00  2.500000E+00  1.061977E+00
     100     500     6.667619E+00  2.500000E+00  1.213470E+00
     100     500     6.667619E+00  2.500000E+00  1.364962E+00
     100     500     6.667619E+00  2.500000E+00  1.516455E+00
     100     500     6.667619E+00  2.500000E+00  1.667947E+00
     100     500     6.667619E+00  2.500000E+00  1.819440E+00
     100     500     6.667619E+00  2.500000E+00  1.970933E+00
     100     500     6.667619E+00  2.500000E+00  2.122425E+00
     100     500     6.667619E+00  2.500000E+00  2.273918E+00
     100     500     6.667619E+00  2.500000E+00  2.425410E+00
     100     500     6.667619E+00  2.500000E+00  2.576903E+00
     100     500     6.667619E+00  2.500000E+00  2.728395E+00
     100     500     6.667619E+00  2.500000E+00  2.879888E+00
     100     500     6.667619E+00  2.500000E+00  3.031380E+00
     100     500     6.667619E+00  2.500000E+00  3.182873E+00
     100     500     6.667619E+00  2.500000E+00  3.334365E+00
     100     500     6.667619E+00  2.500000E+00  3.485858E+00
     100     500     6.667619E+00  2.500000E+00  3.637350E+00
     100     500     6.667619E+00  2.500000E+00  3.788843E+00
     100     500     6.667619E+00  2.500000E+00  3.940336E+00
     100     500     6.667619E+00  2.500000E+00  4.091828E+00
     100     500     6.667619E+00  2.500000E+00  4.243321E+00
     100     500     6.667619E+00  2.500000E+00  4.394813E+00
     100     500     6.844361E+00  2.500000E+00  6.074997E-01
     100     500     6.844361E+00  2.500000E+00  7.589923E-01
     100     500     6.844361E+00  2.500000E+00  9.104848E-01
     100     500     6.844361E+00  2.500000E+00  1.061977E+00
     100     500     6.844361E+00  2.500000E+00  1.213470E+00
     100     500     6.844361E+00  2.500000E+00  1.364962E+00
     100     500     6.844361E+00  2.500000E+00  1.516455E+00
     100     500     6.844361E+00  2.500000E+00  1.667947E+00
     100     500     6.844361E+00  2.500000E+00  1.819440E+00
     100     500     6.844361E+00  2.500000E+00  1.970933E+00
     100     500     6.844361E+00  2.500000E+00  2.122425E+00
     100     500     6.844361E+00  2.500000E+00  2.273918E+00
     100     500     6.844361E+00  2.500000E+00  2.425410E+00
     100     500     6.844361E+00  2.500000E+00  2.576903E+00
     100     500     6.844361E+00  2.500000E+00  2.728395E+00
     100     500     6.844361E+00  2.500000E+00  2.879888E+00
     100     500     6.844361E+00  2.500000E+00  3.031380E+00
     100     500     6.844361E+00  2.500000E+00  3.182873E+00
     100     500     6.844361E+00  2.500000E+00  3.334365E+00
     100     500     6.844361E+00  2.500000E+00  3.485858E+00
     100     500     6.844361E+00  2.500000E+00  3.637350E+00
     100     500     6.844361E+00  2.500000E+00  3.788843E+00
     100     500     6.844361E+00  2.500000E+00  3.940336E+00
     100     500     6.844361E+00  2.500000E+00  4.091828E+00
     100     500     6.844361E+00  2.500000E+00  4.243321E+00
     100     500     6.844361E+00  2.500000E+00  4.394813E+00
     100     500     7.021102E+00  2.500000E+00  6.074997E-01
     100     500     7.021102E+00  2.500000E+00  7.589923E-01
     100     500     7.021102E+00  2.500000E+00  9.104848E-01
     100     500     7.021102E+00  2.500000E+00  1.061977E+00
     100     500     7.021102E+00  2.500000E+00  1.213470E+00
     100     500     7.021102E+00  2.500000E+00  1.364962E+00
     100     500     7.021102E+00  2.500000E+00  1.516455E+00
     100     500     7.021102E+00  2.500000E+00  1.667947E+00
     100     500     7.021102E+00  2.500000E+00  1.819440E+00
     100     500     7.021102E+00  2.500000E+00  1.970933E+00
     100     500     7.021102E+00  2.500000E+00  2.122425E+00
     100     500     7.021102E+00  2.500000E+00  2.273918E+00
     100     500     7.021102E+00  2.500000E+00  2.425410E+00
     100     500     7.021102E+00  2.500000E+00  2.576903E+00
     100     500     7.021102E+00  2.500000E+00  2.728395E+00
     100     500     7.021102E+00  2.500000E+00  2.879888E+00
     100     500     7.021102E+00  2.500000E+00  3.031380E+00
     100     500     7.021102E+00  2.500000E+00  3.182873E+00
     100     500     7.021102E+00  2.500000E+00  3.334365E+00
     100     500     7.021102E+00  2.500000E+00  3.485858E+00
     100     500     7.021102E+00  2.500000E+00  3.637350E+00
     100     500     7.021102E+00  2.500000E+00  3.788843E+00
     100     500     7.021102E+00  2.500000E+00  3.940336E+00
     100     500     7.021102E+00  2.500000E+00  4.091828E+00
     100     500     7.021102E+00  2.500000E+00  4.243321E+00
     100     500     7.021102E+00  2.500000E+00  4.394813E+00
     100     500     7.197843E+00  2.500000E+00  6.074997E-01
     100     500     7.197843E+00  2.500000E+00  7.589923E-01
     100     500     7.197843E+00  2.500000E+00  9.104848E-01
     100     500     7.197843E+00  2.500000E+00  1.061977E+00
     100     500     7.197843E+00  2.500000E+00  1.213470E+00
     100     500     7.197843E+00  2.500000E+00  1.364962E+00
     100     500     7.197843E+00  2.500000E+00  1.516455E+00
     100     500     7.197843E+00  2.500000E+00  1.667947E+00
     100     500     7.197843E+00  2.500000E+00  1.819440E+00
     100     500     7.197843E+00  2.500000E+00  1.970933E+00
     100     500     7.197843E+00  2.500000E+00  2.122425E+00
     100     500     7.197843E+00  2.500000E+00  2.273918E+00
     100     500     7.197843E+00  2.500000E+00  2.425410E+00
     100     500     7.197843E+00  2.500000E+00  2.576903E+00
     100     500     7.197843E+00  2.500000E+00  2.728395E+00
     100     500     7.197843E+00  2.500000E+00  2.879888E+00
     100     500     7.197843E+00  2.500000E+00  3.031380E+00
     100     500     7.197843E+00  2.500000E+00  3.182873E+00
     100     500     7.197843E+00  2.500000E+00  3.334365E+00
     100     500     7.197843E+00  2.500000E+00  3.485858E+00
     100     500     7.197843E+00  2.500000E+00  3.637350E+00
     100     500     7.197843E+00  2.500000E+00  3.788843E+00
     100     500     7.197843E+00  2.500000E+00  3.940336E+00
     100     500     7.197843E+00  2.500000E+00  4.091828E+00
     100     500     7.197843E+00  2.500000E+00  4.243321E+00
     100     500     7.197843E+00  2.500000E+00  4.394813E+00
     100     500     7.374585E+00  2.500000E+00  6.074997E-01
     100     500     7.374585E+00  2.500000E+00  7.589923E-01
     100     500     7.374585E+00  2.500000E+00  9.104848E-01
     100     500     7.374585E+00  2.500000E+00  1.061977E+00
     100     500     7.374585E+00  2.500000E+00  1.213470E+00
     100     500     7.374585E+00  2.500000E+00  1.364962E+00
     100     500     7.374585E+00  2.500000E+00  1.516455E+00
     100     500     7.374585E+00  2.500000E+00  1.667947E+00
     100     500     7.374585E+00  2.500000E+00  1.819440E+00
     100     500     7.374585E+00  2.500000E+00  1.970933E+00
     100     500     7.374585E+00  2.500000E+00  2.122425E+00
     100     500     7.374585E+00  2.500000E+00  2.273918E+00
     100     500     7.374585E+00  2.500000E+00  2.425410E+00
     100     500     7.374585E+00  2.500000E+00  2.576903E+00
     100     500     7.374585E+00  2.500000E+00  2.728395E+00
     100     500     7.374585E+00  2.500000E+00  2.879888E+00
     100     500     7.374585E+00  2.500000E+00  3.031380E+00
     100     500     7.374585E+00  2.500000E+00  3.182873E+00
     100     500     7.374585E+00  2.500000E+00  3.334365E+00
     100     500     7.374585E+00  2.500000E+00  3.485858E+00
     100     500     7.374585E+00  2.500000E+00  3.637350E+00
     100     500     7.374585E+00  2.500000E+00  3.788843E+00
     100     500     7.374585E+00  2.500000E+00  3.940336E+00
     100     500     7.374585E+00  2.500000E+00  4.091828E+00
     100     500     7.374585E+00  2.500000E+00  4.243321E+00
     100     500     7.374585E+00  2.500000E+00  4.394813E+00
     100     500     7.551326E+00  2.500000E+00  6.074997E-01
     100     500     7.551326E+00  2.500000E+00  7.589923E-01
     100     500     7.551326E+00  2.500000E+00  9.104848E-01
     100     500     7.551326E+00  2.500000E+00  1.061977E+00
     100     500     7.551326E+00  2.500000E+00  1.213470E+00
     100     500     7.551326E+00  2.500000E+00  1.364962E+00
     100     500     7.551326E+00  2.500000E+00  1.516455E+00
     100     500     7.551326E+00  2.500000E+00  1.667947E+00
     100     500     7.551326E+00  2.500000E+00  1.819440E+00
     100     500     7.551326E+00  2.500000E+00  1.970933E+00
     100     500     7.551326E+00  2.500000E+00  2.122425E+00
     100     500     7.551326E+00  2.500000E+00  2.273918E+00
     100     500     7.551326E+00  2.500000E+00  2.425410E+00
     100     500     7.551326E+00  2.500000E+00  2.576903E+00
     100     500     7.551326E+00  2.500000E+00  2.728395E+00
     100     500     7.551326E+00  2.500000E+00  2.879888E+00
     100     500     7.551326E+00  2.500000E+00  3.031380E+00
     100     500     7.551326E+00  2.500000E+00  3.182873E+00
     100     500     7.551326E+00  2.500000E+00  3.334365E+00
     100     500     7.551326E+00  2.500000E+00  3.485858E+00
     100     500     7.551326E+00  2.500000E+00  3.637350E+00
     100     500     7.551326E+00  2.500000E+00  3.788843E+00
     100     500     7.551326E+00  2.500000E+00  3.940336E+00
     100     500     7.551326E+00  2.500000E+00  4.091828E+00
     100     500     7.551326E+00  2.500000E+00  4.243321E+00
     100     500     7.551326E+00  2.500000E+00  4.394813E+00
     100     500     7.728067E+00  2.500000E+00  6.074997E-01
     100     500     7.728067E+00  2.500000E+00  7.589923E-01
     100     500     7.728067E+00  2.500000E+00  9.104848E-01
     100     500     7.728067E+00  2.500000E+00  1.061977E+00
     100     500     7.728067E+00  2.500000E+00  1.213470E+00
     100     500     7.728067E+00  2.500000E+00  1.364962E+00
     100     500     7.728067E+00  2.500000E+00  1.516455E+00
     100     500     7.728067E+00  2.500000E+00  1.667947E+00
     100     500     7.728067E+00  2.500000E+00  1.819440E+00
     100     500     7.728067E+00  2.500000E+00  1.970933E+00
     100     500     7.728067E+00  2.500000E+00  2.122425E+00
     100     500     7.728067E+00  2.500000E+00  2.273918E+00
     100     500     7.728067E+00  2.500000E+00  2.425410E+00
     100     500     7.728067E+00  2.500000E+00  2.576903E+00
     100     500     7.728067E+00  2.500000E+00  2.728395E+00
     100     500     7.728067E+00  2.500000E+00  2.879888E+00
     100     500     7.728067E+00  2.500000E+00  3.031380E+00
     100     500     7.728067E+00  2.500000E+00  3.182873E+00
     100     500     7.728067E+00  2.500000E+00  3.334365E+00
     100     500     7.728067E+00  2.500000E+00  3.485858E+00
     100     500     7.728067E+00  2.500000E+00  3.637350E+00
     100     500     7.728067E+00  2.500000E+00  3.788843E+00
     100     500     7.728067E+00  2.500000E+00  3.940336E+00
     100     500     7.728067E+00  2.500000E+00  4.091828E+00
     100     500     7.728067E+00  2.500000E+00  4.243321E+00
     100     500     7.728067E+00  2.500000E+00  4.394813E+00
     100     500     7.904808E+00  2.500000E+00  6.074997E-01
     100     500     7.904808E+00  2.500000E+00  7.589923E-01
     100     500     7.904808E+00  2.500000E+00  9.104848E-01
     100     500     7.904808E+00  2.500000E+00  1.061977E+00
     100     500     7.904808E+00  2.500000E+00  1.213470E+00
     100     500     7.904808E+00  2.500000E+00  1.364962E+00
     100     500     7.904808E+00  2.500000E+00  1.516455E+00
     100     500     7.904808E+00  2.500000E+00  1.667947E+00
     100     500     7.904808E+00  2.500000E+00  1.819440E+00
     100     500     7.904808E+00  2.500000E+00  1.970933E+00
     100     500     7.904808E+00  2.500000E+00  2.122425E+00
     100     500     7.904808E+00  2.500000E+00  2.273918E+00
     100     500     7.904808E+00  2.500000E+00  2.425410E+00
     100     500     7.904808E+00  2.500000E+00  2.576903E+00
     100     500     7.904808E+00  2.500000E+00  2.728395E+00
     100     500     7.904808E+00  2.500000E+00  2.879888E+00
     100     500     7.904808E+00  2.500000E+00  3.031380E+00
     100     500     7.904808E+00  2.500000E+00  3.182873E+00
     100     500     7.904808E+00  2.500000E+00  3.334365E+00
     100     500     7.904808E+00  2.500000E+00  3.485858E+00
     100     500     7.904808E+00  2.500000E+00  3.637350E+00
     100     500     7.904808E+00  2.500000E+00  3.788843E+00
     100     500     7.904808E+00  2.500000E+00  3.940336E+00
     100     500     7.904808E+00  2.500000E+00  4.091828E+00
     100     500     7.904808E+00  2.500000E+00  4.243321E+00
     100     500     7.904808E+00  2.500000E+00  4.394813E+00
     100     500     8.081550E+00  2.500000E+00  6.074997E-01
     100     500     8.081550E+00  2.500000E+00  7.589923E-01
     100     500     8.081550E+00  2.500000E+00  9.104848E-01
     100     500     8.081550E+00  2.500000E+00  1.061977E+00
     100     500     8.081550E+00  2.500000E+00  1.213470E+00
     100     500     8.081550E+00  2.500000E+00  1.364962E+00
     100     500     8.081550E+00  2.500000E+00  1.516455E+00
     100     500     8.081550E+00  2.500000E+00  1.667947E+00
     100     500     8.081550E+00  2.500000E+00  1.819440E+00
     100     500     8.081550E+00  2.500000E+00  1.970933E+00
     100     500     8.081550E+00  2.500000E+00  2.122425E+00
     100     500     8.081550E+00  2.500000E+00  2.273918E+00
     100     500     8.081550E+00  2.500000E+00  2.425410E+00
     100     500     8.081550E+00  2.500000E+00  2.576903E+00
     100     500     8.081550E+00  2.500000E+00  2.728395E+00
     100     500     8.081550E+00  2.500000E+00  2.879888E+00
     100     500     8.081550E+00  2.500000E+00  3.031380E+00
     100     500     8.081550E+00  2.500000E+00  3.182873E+00
     100     500     8.081550E+00  2.500000E+00  3.334365E+00
     100     500     8.081550E+00  2.500000E+00  3.485858E+00
     100     500     8.081550E+00  2.500000E+00  3.637350E+00
     100     500     8.081550E+00  2.500000E+00  3.788843E+00
     100     500     8.081550E+00  2.500000E+00  3.940336E+00
     100     500     8.081550E+00  2.500000E+00  4.091828E+00
     100     500     8.081550E+00  2.500000E+00  4.243321E+00
     100     500     8.081550E+00  2.500000E+00  4.394813E+00
     100     500     8.258291E+00  2.500000E+00  6.074997E-01
     100     500     8.258291E+00  2.500000E+00  7.589923E-01
     100     500     8.258291E+00  2.500000E+00  9.104848E-01
     100     500     8.258291E+00  2.500000E+00  1.061977E+00
     100     500     8.258291E+00  2.500000E+00  1.213470E+00
     100     500     8.258291E+00  2.500000E+00  1.364962E+00
     100     500     8.258291E+00  2.500000E+00  1.516455E+00
     100     500     8.258291E+00  2.500000E+00  1.667947E+00
     100     500     8.258291E+00  2.500000E+00  1.819440E+00
     100     500     8.258291E+00  2.500000E+00  1.970933E+00
     100     500     8.258291E+00  2.500000E+00  2.122425E+00
     100     500     8.258291E+00  2.500000E+00  2.273918E+00
     100     500     8.258291E+00  2.500000E+00  2.425410E+00
     100     500     8.258291E+00  2.500000E+00  2.576903E+00
     100     500     8.258291E+00  2.500000E+00  2.728395E+00
     100     500     8.258291E+00  2.500000E+00  2.879888E+00
     100     500     8.258291E+00  2.500000E+00  3.031380E+00
     100     500     8.258291E+00  2.500000E+00  3.182873E+00
     100     500     8.258291E+00  2.500000E+00  3.334365E+00
     100     500     8.258291E+00  2.500000E+00  3.485858E+00
     100     500     8.258291E+00  2.500000E+00  3.637350E+00
     100     500     8.258291E+00  2.500000E+00  3.788843E+00
     100     500     8.258291E+00  2.500000E+00  3.940336E+00
     100     500     8.258291E+00  2.500000E+00  4.091828E+00
     100     500     8.258291E+00  2.500000E+00  4.243321E+00
     100     500     8.258291E+00  2.500000E+00  4.394813E+00
     100     500     8.435032E+00  2.500000E+00  6.074997E-01
     100     500     8.435032E+00  2.500000E+00  7.589923E-01
     100     500     8.435032E+00  2.500000E+00  9.104848E-01
     100     500     8.435032E+00  2.500000E+00  1.061977E+00
     100     500     8.435032E+00  2.500000E+00  1.213470E+00
     100     500     8.435032E+00  2.500000E+00  1.364962E+00
     100     500     8.435032E+00  2.500000E+00  1.516455E+00
     100     500     8.435032E+00  2.500000E+00  1.667947E+00
     100     500     8.435032E+00  2.500000E+00  1.819440E+00
     100     500     8.435032E+00  2.500000E+00  1.970933E+00
     100     500     8.435032E+00  2.500000E+00  2.122425E+00
     100     500     8.435032E+00  2.500000E+00  2.273918E+00
     100     500     8.435032E+00  2.500000E+00  2.425410E+00
     100     500     8.435032E+00  2.500000E+00  2.576903E+00
     100     500     8.435032E+00  2.500000E+00  2.728395E+00
     100     500     8.435032E+00  2.500000E+00  2.879888E+00
     100     500     8.435032E+00  2.500000E+00  3.031380E+00
     100     500     8.435032E+00  2.500000E+00  3.182873E+00
     100     500     8.435032E+00  2.500000E+00  3.334365E+00
     100     500     8.435032E+00  2.500000E+00  3.485858E+00
     100     500     8.435032E+00  2.500000E+00  3.637350E+00
     100     500     8.435032E+00  2.500000E+00  3.788843E+00
     100     500     8.435032E+00  2.500000E+00  3.940336E+00
     100     500     8.435032E+00  2.500000E+00  4.091828E+00
     100     500     8.435032E+00  2.500000E+00  4.243321E+00
     100     500     8.435032E+00  2.500000E+00  4.394813E+00
     100     500     8.611774E+00  2.500000E+00  6.074997E-01
     100     500     8.611774E+00  2.500000E+00  7.589923E-01
     100     500     8.611774E+00  2.500000E+00  9.104848E-01
     100     500     8.611774E+00  2.500000E+00  1.061977E+00
     100     500     8.611774E+00  2.500000E+00  1.213470E+00
     100     500     8.611774E+00  2.500000E+00  1.364962E+00
     100     500     8.611774E+00  2.500000E+00  1.516455E+00
     100     500     8.611774E+00  2.500000E+00  1.667947E+00
     100     500     8.611774E+00  2.500000E+00  1.819440E+00
     100     500     8.611774E+00  2.500000E+00  1.970933E+00
     100     500     8.611774E+00  2.500000E+00  2.122425E+00
     100     500     8.611774E+00  2.500000E+00  2.273918E+00
     100     500     8.611774E+00  2.500000E+00  2.425410E+00
     100     500     8.611774E+00  2.500000E+00  2.576903E+00
     100     500     8.611774E+00  2.500000E+00  2.728395E+00
     100     500     8.611774E+00  2.500000E+00  2.879888E+00
     100     500     8.611774E+00  2.500000E+00  3.031380E+00
     100     500     8.611774E+00  2.500000E+00  3.182873E+00
     100     500     8.611774E+00  2.500000E+00  3.334365E+00
     100     500     8.611774E+00  2.500000E+00  3.485858E+00
     100     500     8.611774E+00  2.500000E+00  3.637350E+00
     100     500     8.611774E+00  2.500000E+00  3.788843E+00
     100     500     8.611774E+00  2.500000E+00  3.940336E+00
     100     500     8.611774E+00  2.500000E+00  4.091828E+00
     100     500     8.611774E+00  2.500000E+00  4.243321E+00
     100     500     8.611774E+00  2.500000E+00  4.394813E+00
     100     500     8.788515E+00  2.500000E+00  6.074997E-01
     100     500     8.788515E+00  2.500000E+00  7.589923E-01
     100     500     8.788515E+00  2.500000E+00  9.104848E-01
     100     500     8.788515E+00  2.500000E+00  1.061977E+00
     100     500     8.788515E+00  2.500000E+00  1.213470E+00
     100     500     8.788515E+00  2.500000E+00  1.364962E+00
     100     500     8.788515E+00  2.500000E+00  1.516455E+00
     100     500     8.788515E+00  2.500000E+00  1.667947E+00
     100     500     8.788515E+00  2.500000E+00  1.819440E+00
     100     500     8.788515E+00  2.500000E+00  1.970933E+00
     100     500     8.788515E+00  2.500000E+00  2.122425E+00
     100     500     8.788515E+00  2.500000E+00  2.273918E+00
     100     500     8.788515E+00  2.500000E+00  2.425410E+00
     100     500     8.788515E+00  2.500000E+00  2.576903E+00
     100     500     8.788515E+00  2.500000E+00  2.728395E+00
     100     500     8.788515E+00  2.500000E+00  2.879888E+00
     100     500     8.788515E+00  2.500000E+00  3.031380E+00
     100     500     8.788515E+00  2.500000E+00  3.182873E+00
     100     500     8.788515E+00  2.500000E+00  3.334365E+00
     100     500     8.788515E+00  2.500000E+00  3.485858E+00
     100     500     8.788515E+00  2.500000E+00  3.637350E+00
     100     500     8.788515E+00  2.500000E+00  3.788843E+00
     100     500     8.788515E+00  2.500000E+00  3.940336E+00
     100     500     8.788515E+00  2.500000E+00  4.091828E+00
     100     500     8.788515E+00  2.500000E+00  4.243321E+00
     100     500     8.788515E+00  2.500000E+00  4.394813E+00
     100     500     8.965256E+00  2.500000E+00  6.074997E-01
     100     500     8.965256E+00  2.500000E+00  7.589923E-01
     100     500     8.965256E+00  2.500000E+00  9.104848E-01
     100     500     8.965256E+00  2.500000E+00  1.061977E+00
     100     500     8.965256E+00  2.500000E+00  1.213470E+00
     100     500     8.965256E+00  2.500000E+00  1.364962E+00
     100     500     8.965256E+00  2.500000E+00  1.516455E+00
     100     500     8.965256E+00  2.500000E+00  1.667947E+00
     100     500     8.965256E+00  2.500000E+00  1.819440E+00
     100     500     8.965256E+00  2.500000E+00  1.970933E+00
     100     500     8.965256E+00  2.500000E+00  2.122425E+00
     100     500     8.965256E+00  2.500000E+00  2.273918E+00
     100     500     8.965256E+00  2.500000E+00  2.425410E+00
     100     500     8.965256E+00  2.500000E+00  2.576903E+00
     100     500     8.965256E+00  2.500000E+00  2.728395E+00
     100     500     8.965256E+00  2.500000E+00  2.879888E+00
     100     500     8.965256E+00  2.500000E+00  3.031380E+00
     100     500     8.965256E+00  2.500000E+00  3.182873E+00
     100     500     8.965256E+00  2.500000E+00  3.334365E+00
     100     500     8.965256E+00  2.500000E+00  3.485858E+00
     100     500     8.965256E+00  2.500000E+00  3.637350E+00
     100     500     8.965256E+00  2.500000E+00  3.788843E+00
     100     500     8.965256E+00  2.500000E+00  3.940336E+00
     100     500     8.965256E+00  2.500000E+00  4.091828E+00
     100     500     8.965256E+00  2.500000E+00  4.243321E+00
     100     500     8.965256E+00  2.500000E+00  4.394813E+00
     100     500     9.141998E+00  2.500000E+00  6.074997E-01
     100     500     9.141998E+00  2.500000E+00  7.589923E-01
     100     500     9.141998E+00  2.500000E+00  9.104848E-01
     100     500     9.141998E+00  2.500000E+00  1.061977E+00
     100     500     9.141998E+00  2.500000E+00  1.213470E+00
     100     500     9.141998E+00  2.500000E+00  1.364962E+00
     100     500     9.141998E+00  2.500000E+00  1.516455E+00
     100     500     9.141998E+00  2.500000E+00  1.667947E+00
     100     500     9.141998E+00  2.500000E+00  1.819440E+00
     100     500     9.141998E+00  2.500000E+00  1.970933E+00
     100     500     9.141998E+00  2.500000E+00  2.122425E+00
     100     500     9.141998E+00  2.500000E+00  2.273918E+00
     100     500     9.141998E+00  2.500000E+00  2.425410E+00
     100     500     9.141998E+00  2.500000E+00  2.576903E+00
     100     500     9.141998E+00  2.500000E+00  2.728395E+00
     100     500     9.141998E+00  2.500000E+00  2.879888E+00
     100     500     9.141998E+00  2.500000E+00  3.031380E+00
     100     500     9.141998E+00  2.500000E+00  3.182873E+00
     100     500     9.141998E+00  2.500000E+00  3.334365E+00
     100     500     9.141998E+00  2.500000E+00  3.485858E+00
     100     500     9.141998E+00  2.500000E+00  3.637350E+00
     100     500     9.141998E+00  2.500000E+00  3.788843E+00
     100     500     9.141998E+00  2.500000E+00  3.940336E+00
     100     500     9.141998E+00  2.500000E+00  4.091828E+00
     100     500     9.141998E+00  2.500000E+00  4.243321E+00
     100     500     9.141998E+00  2.500000E+00  4.394813E+00
     100     500     9.318739E+00  2.500000E+00  6.074997E-01
     100     500     9.318739E+00  2.500000E+00  7.589923E-01
     100     500     9.318739E+00  2.500000E+00  9.104848E-01
     100     500     9.318739E+00  2.500000E+00  1.061977E+00
     100     500     9.318739E+00  2.500000E+00  1.213470E+00
     100     500     9.318739E+00  2.500000E+00  1.364962E+00
     100     500     9.318739E+00  2.500000E+00  1.516455E+00
     100     500     9.318739E+00  2.500000E+00  1.667947E+00
     100     500     9.318739E+00  2.500000E+00  1.819440E+00
     100     500     9.318739E+00  2.500000E+00  1.970933E+00
     100     500     9.318739E+00  2.500000E+00  2.122425E+00
     100     500     9.318739E+00  2.500000E+00  2.273918E+00
     100     500     9.318739E+00  2.500000E+00  2.425410E+00
     100     500     9.318739E+00  2.500000E+00  2.576903E+00
     100     500     9.318739E+00  2.500000E+00  2.728395E+00
     100     500     9.318739E+00  2.500000E+00  2.879888E+00
     100     500     9.318739E+00  2.500000E+00  3.031380E+00
     100     500     9.318739E+00  2.500000E+00  3.182873E+00
     100     500     9.318739E+00  2.500000E+00  3.334365E+00
     100     500     9.318739E+00  2.500000E+00  3.485858E+00
     100     500     9.318739E+00  2.500000E+00  3.637350E+00
     100     500     9.318739E+00  2.500000E+00  3.788843E+00
     100     500     9.318739E+00  2.500000E+00  3.940336E+00
     100     500     9.318739E+00  2.500000E+00  4.091828E+00
     100     500     9.318739E+00  2.500000E+00  4.243321E+00
     100     500     9.318739E+00  2.500000E+00  4.394813E+00
     100     500     9.495480E+00  2.500000E+00  6.074997E-01
     100     500     9.495480E+00  2.500000E+00  7.589923E-01
     100     500     9.495480E+00  2.500000E+00  9.104848E-01
     100     500     9.495480E+00  2.500000E+00  1.061977E+00
     100     500     9.495480E+00  2.500000E+00  1.213470E+00
     100     500     9.495480E+00  2.500000E+00  1.364962E+00
     100     500     9.495480E+00  2.500000E+00  1.516455E+00
     100     500     9.495480E+00  2.500000E+00  1.667947E+00
     100     500     9.495480E+00  2.500000E+00  1.819440E+00
     100     500     9.495480E+00  2.500000E+00  1.970933E+00
     100     500     9.495480E+00  2.500000E+00  2.122425E+00
     100     500     9.495480E+00  2.500000E+00  2.273918E+00
     100     500     9.495480E+00  2.500000E+00  2.425410E+00
     100     500     9.495480E+00  2.500000E+00  2.576903E+00
     100     500     9.495480E+00  2.500000E+00  2.728395E+00
     100     500     9.495480E+00  2.500000E+00  2.879888E+00
     100     500     9.495480E+00  2.500000E+00  3.031380E+00
     100     500     9.495480E+00  2.500000E+00  3.182873E+00
     100     500     9.495480E+00  2.500000E+00  3.334365E+00
     100     500     9.495480E+00  2.500000E+00  3.485858E+00
     100     500     9.495480E+00  2.500000E+00  3.637350E+00
     100     500     9.495480E+00  2.500000E+00  3.788843E+00
     100     500     9.495480E+00  2.500000E+00  3.940336E+00
     100     500     9.495480E+00  2.500000E+00  4.091828E+00
     100     500     9.495480E+00  2.500000E+00  4.243321E+00
     100     500     9.495480E+00  2.500000E+00  4.394813E+00
     100     500     9.672221E+00  2.500000E+00  6.074997E-01
     100     500     9.672221E+00  2.500000E+00  7.589923E-01
     100     500     9.672221E+00  2.500000E+00  9.104848E-01
     100     500     9.672221E+00  2.500000E+00  1.061977E+00
     100     500     9.672221E+00  2.500000E+00  1.213470E+00
     100     500     9.672221E+00  2.500000E+00  1.364962E+00
     100     500     9.672221E+00  2.500000E+00  1.516455E+00
     100     500     9.672221E+00  2.500000E+00  1.667947E+00
     100     500     9.672221E+00  2.500000E+00  1.819440E+00
     100     500     9.672221E+00  2.500000E+00  1.970933E+00
     100     500     9.672221E+00  2.500000E+00  2.122425E+00
     100     500     9.672221E+00  2.500000E+00  2.273918E+00
     100     500     9.672221E+00  2.500000E+00  2.425410E+00
     100     500     9.672221E+00  2.500000E+00  2.576903E+00
     100     500     9.672221E+00  2.500000E+00  2.728395E+00
     100     500     9.672221E+00  2.500000E+00  2.879888E+00
     100     500     9.672221E+00  2.500000E+00  3.031380E+00
     100     500     9.672221E+00  2.500000E+00  3.182873E+00
     100     500     9.672221E+00  2.500000E+00  3.334365E+00
     100     500     9.672221E+00  2.500000E+00  3.485858E+00
     100     500     9.672221E+00  2.500000E+00  3.637350E+00
     100     500     9.672221E+00  2.500000E+00  3.788843E+00
     100     500     9.672221E+00  2.500000E+00  3.940336E+00
     100     500     9.672221E+00  2.500000E+00  4.091828E+00
     100     500     9.672221E+00  2.500000E+00  4.243321E+00
     100     500     9.672221E+00  2.500000E+00  4.394813E+00
     100     500     9.848963E+00  2.500000E+00  6.074997E-01
     100     500     9.848963E+00  2.500000E+00  7.589923E-01
     100     500     9.848963E+00  2.500000E+00  9.104848E-01
     100     500     9.848963E+00  2.500000E+00  1.061977E+00
     100     500     9.848963E+00  2.500000E+00  1.213470E+00
     100     500     9.848963E+00  2.500000E+00  1.364962E+00
     100     500     9.848963E+00  2.500000E+00  1.516455E+00
     100     500     9.848963E+00  2.500000E+00  1.667947E+00
     100     500     9.848963E+00  2.500000E+00  1.819440E+00
     100     500     9.848963E+00  2.500000E+00  1.970933E+00
     100     500     9.848963E+00  2.500000E+00  2.122425E+00
     100     500     9.848963E+00  2.500000E+00  2.273918E+00
     100     500     9.848963E+00  2.500000E+00  2.425410E+00
     100     500     9.848963E+00  2.500000E+00  2.576903E+00
     100     500     9.848963E+00  2.500000E+00  2.728395E+00
     100     500     9.848963E+00  2.500000E+00  2.879888E+00
     100     500     9.848963E+00  2.500000E+00  3.031380E+00
     100     500     9.848963E+00  2.500000E+00  3.182873E+00
     100     500     9.848963E+00  2.500000E+00  3.334365E+00
     100     500     9.848963E+00  2.500000E+00  3.485858E+00
     100     500     9.848963E+00  2.500000E+00  3.637350E+00
     100     500     9.848963E+00  2.500000E+00  3.788843E+00
     100     500     9.848963E+00  2.500000E+00  3.940336E+00
     100     500     9.848963E+00  2.500000E+00  4.091828E+00
     100     500     9.848963E+00  2.500000E+00  4.243321E+00
     100     500     9.848963E+00  2.500000E+00  4.394813E+00
     100     500     1.002570E+01  2.500000E+00  6.074997E-01
     100     500     1.002570E+01  2.500000E+00  7.589923E-01
     100     500     1.002570E+01  2.500000E+00  9.104848E-01
     100     500     1.002570E+01  2.500000E+00  1.061977E+00
     100     500     1.002570E+01  2.500000E+00  1.213470E+00
     100     500     1.002570E+01  2.500000E+00  1.364962E+00
     100     500     1.002570E+01  2.500000E+00  1.516455E+00
     100     500     1.002570E+01  2.500000E+00  1.667947E+00
     100     500     1.002570E+01  2.500000E+00  1.819440E+00
     100     500     1.002570E+01  2.500000E+00  1.970933E+00
     100     500     1.002570E+01  2.500000E+00  2.122425E+00
     100     500     1.002570E+01  2.500000E+00  2.273918E+00
     100     500     1.002570E+01  2.500000E+00  2.425410E+00
     100     500     1.002570E+01  2.500000E+00  2.576903E+00
     100     500     1.002570E+01  2.500000E+00  2.728395E+00
     100     500     1.002570E+01  2.500000E+00  2.879888E+00
     100     500     1.002570E+01  2.500000E+00  3.031380E+00
     100     500     1.002570E+01  2.500000E+00  3.182873E+00
     100     500     1.002570E+01  2.500000E+00  3.334365E+00
     100     500     1.002570E+01  2.500000E+00  3.485858E+00
     100     500     1.002570E+01  2.500000E+00  3.637350E+00
     100     500     1.002570E+01  2.500000E+00  3.788843E+00
     100     500     1.002570E+01  2.500000E+00  3.940336E+00
     100     500     1.002570E+01  2.500000E+00  4.091828E+00
     100     500     1.002570E+01  2.500000E+00  4.243321E+00
     100     500     1.002570E+01  2.500000E+00  4.394813E+00
     100     500     1.020245E+01  2.500000E+00  6.074997E-01
     100     500     1.020245E+01  2.500000E+00  7.589923E-01
     100     500     1.020245E+01  2.500000E+00  9.104848E-01
     100     500     1.020245E+01  2.500000E+00  1.061977E+00
     100     500     1.020245E+01  2.500000E+00  1.213470E+00
     100     500     1.020245E+01  2.500000E+00  1.364962E+00
     100     500     1.020245E+01  2.500000E+00  1.516455E+00
     100     500     1.020245E+01  2.500000E+00  1.667947E+00
     100     500     1.020245E+01  2.500000E+00  1.819440E+00
     100     500     1.020245E+01  2.500000E+00  1.970933E+00
     100     500     1.020245E+01  2.500000E+00  2.122425E+00
     100     500     1.020245E+01  2.500000E+00  2.273918E+00
     100     500     1.020245E+01  2.500000E+00  2.425410E+00
     100     500     1.020245E+01  2.500000E+00  2.576903E+00
     100     500     1.020245E+01  2.500000E+00  2.728395E+00
     100     500     1.020245E+01  2.500000E+00  2.879888E+00
     100     500     1.020245E+01  2.500000E+00  3.031380E+00
     100     500     1.020245E+01  2.500000E+00  3.182873E+00
     100     500     1.020245E+01  2.500000E+00  3.334365E+00
     100     500     1.020245E+01  2.500000E+00  3.485858E+00
     100     500     1.020245E+01  2.500000E+00  3.637350E+00
     100     500     1.020245E+01  2.500000E+00  3.788843E+00
     100     500     1.020245E+01  2.500000E+00  3.940336E+00
     100     500     1.020245E+01  2.500000E+00  4.091828E+00
     100     500     1.020245E+01  2.500000E+00  4.243321E+00
     100     500     1.020245E+01  2.500000E+00  4.394813E+00
     100     500     1.037919E+01  2.500000E+00  6.074997E-01
     100     500     1.037919E+01  2.500000E+00  7.589923E-01
     100     500     1.037919E+01  2.500000E+00  9.104848E-01
     100     500     1.037919E+01  2.500000E+00  1.061977E+00
     100     500     1.037919E+01  2.500000E+00  1.213470E+00
     100     500     1.037919E+01  2.500000E+00  1.364962E+00
     100     500     1.037919E+01  2.500000E+00  1.516455E+00
     100     500     1.037919E+01  2.500000E+00  1.667947E+00
     100     500     1.037919E+01  2.500000E+00  1.819440E+00
     100     500     1.037919E+01  2.500000E+00  1.970933E+00
     100     500     1.037919E+01  2.500000E+00  2.122425E+00
     100     500     1.037919E+01  2.500000E+00  2.273918E+00
     100     500     1.037919E+01  2.500000E+00  2.425410E+00
     100     500     1.037919E+01  2.500000E+00  2.576903E+00
     100     500     1.037919E+01  2.500000E+00  2.728395E+00
     100     500     1.037919E+01  2.500000E+00  2.879888E+00
     100     500     1.037919E+01  2.500000E+00  3.031380E+00
     100     500     1.037919E+01  2.500000E+00  3.182873E+00
     100     500     1.037919E+01  2.500000E+00  3.334365E+00
     100     500     1.037919E+01  2.500000E+00  3.485858E+00
     100     500     1.037919E+01  2.500000E+00  3.637350E+00
     100     500     1.037919E+01  2.500000E+00  3.788843E+00
     100     500     1.037919E+01  2.500000E+00  3.940336E+00
     100     500     1.037919E+01  2.500000E+00  4.091828E+00
     100     500     1.037919E+01  2.500000E+00  4.243321E+00
     100     500     1.037919E+01  2.500000E+00  4.394813E+00
     100     500     1.055593E+01  2.500000E+00  6.074997E-01
     100     500     1.055593E+01  2.500000E+00  7.589923E-01
     100     500     1.055593E+01  2.500000E+00  9.104848E-01
     100     500     1.055593E+01  2.500000E+00  1.061977E+00
     100     500     1.055593E+01  2.500000E+00  1.213470E+00
     100     500     1.055593E+01  2.500000E+00  1.364962E+00
     100     500     1.055593E+01  2.500000E+00  1.516455E+00
     100     500     1.055593E+01  2.500000E+00  1.667947E+00
     100     500     1.055593E+01  2.500000E+00  1.819440E+00
     100     500     1.055593E+01  2.500000E+00  1.970933E+00
     100     500     1.055593E+01  2.500000E+00  2.122425E+00
     100     500     1.055593E+01  2.500000E+00  2.273918E+00
     100     500     1.055593E+01  2.500000E+00  2.425410E+00
     100     500     1.055593E+01  2.500000E+00  2.576903E+00
     100     500     1.055593E+01  2.500000E+00  2.728395E+00
     100     500     1.055593E+01  2.500000E+00  2.879888E+00
     100     500     1.055593E+01  2.500000E+00  3.031380E+00
     100     500     1.055593E+01  2.500000E+00  3.182873E+00
     100     500     1.055593E+01  2.500000E+00  3.334365E+00
     100     500     1.055593E+01  2.500000E+00  3.485858E+00
     100     500     1.055593E+01  2.500000E+00  3.637350E+00
     100     500     1.055593E+01  2.500000E+00  3.788843E+00
     100     500     1.055593E+01  2.500000E+00  3.940336E+00
     100     500     1.055593E+01  2.500000E+00  4.091828E+00
     100     500     1.055593E+01  2.500000E+00  4.243321E+00
     100     500     1.055593E+01  2.500000E+00  4.394813E+00
     100     500     1.073267E+01  2.500000E+00  6.074997E-01
     100     500     1.073267E+01  2.500000E+00  7.589923E-01
     100     500     1.073267E+01  2.500000E+00  9.104848E-01
     100     500     1.073267E+01  2.500000E+00  1.061977E+00
     100     500     1.073267E+01  2.500000E+00  1.213470E+00
     100     500     1.073267E+01  2.500000E+00  1.364962E+00
     100     500     1.073267E+01  2.500000E+00  1.516455E+00
     100     500     1.073267E+01  2.500000E+00  1.667947E+00
     100     500     1.073267E+01  2.500000E+00  1.819440E+00
     100     500     1.073267E+01  2.500000E+00  1.970933E+00
     100     500     1.073267E+01  2.500000E+00  2.122425E+00
     100     500     1.073267E+01  2.500000E+00  2.273918E+00
     100     500     1.073267E+01  2.500000E+00  2.425410E+00
     100     500     1.073267E+01  2.500000E+00  2.576903E+00
     100     500     1.073267E+01  2.500000E+00  2.728395E+00
     100     500     1.073267E+01  2.500000E+00  2.879888E+00
     100     500     1.073267E+01  2.500000E+00  3.031380E+00
     100     500     1.073267E+01  2.500000E+00  3.182873E+00
     100     500     1.073267E+01  2.500000E+00  3.334365E+00
     100     500     1.073267E+01  2.500000E+00  3.485858E+00
     100     500     1.073267E+01  2.500000E+00  3.637350E+00
     100     500     1.073267E+01  2.500000E+00  3.788843E+00
     100     500     1.073267E+01  2.500000E+00  3.940336E+00
     100     500     1.073267E+01  2.500000E+00  4.091828E+00
     100     500     1.073267E+01  2.500000E+00  4.243321E+00
     100     500     1.073267E+01  2.500000E+00  4.394813E+00
     100     500     1.090941E+01  2.500000E+00  6.074997E-01
     100     500     1.090941E+01  2.500000E+00  7.589923E-01
     100     500     1.090941E+01  2.500000E+00  9.104848E-01
     100     500     1.090941E+01  2.500000E+00  1.061977E+00
     100     500     1.090941E+01  2.500000E+00  1.213470E+00
     100     500     1.090941E+01  2.500000E+00  1.364962E+00
     100     500     1.090941E+01  2.500000E+00  1.516455E+00
     100     500     1.090941E+01  2.500000E+00  1.667947E+00
     100     500     1.090941E+01  2.500000E+00  1.819440E+00
     100     500     1.090941E+01  2.500000E+00  1.970933E+00
     100     500     1.090941E+01  2.500000E+00  2.122425E+00
     100     500     1.090941E+01  2.500000E+00  2.273918E+00
     100     500     1.090941E+01  2.500000E+00  2.425410E+00
     100     500     1.090941E+01  2.500000E+00  2.576903E+00
     100     500     1.090941E+01  2.500000E+00  2.728395E+00
     100     500     1.090941E+01  2.500000E+00  2.879888E+00
     100     500     1.090941E+01  2.500000E+00  3.031380E+00
     100     500     1.090941E+01  2.500000E+00  3.182873E+00
     100     500     1.090941E+01  2.500000E+00  3.334365E+00
     100     500     1.090941E+01  2.500000E+00  3.485858E+00
     100     500     1.090941E+01  2.500000E+00  3.637350E+00
     100     500     1.090941E+01  2.500000E+00  3.788843E+00
     100     500     1.090941E+01  2.500000E+00  3.940336E+00
     100     500     1.090941E+01  2.500000E+00  4.091828E+00
     100     500     1.090941E+01  2.500000E+00  4.243321E+00
     100     500     1.090941E+01  2.500000E+00  4.394813E+00
     100     500     1.108615E+01  2.500000E+00  6.074997E-01
     100     500     1.108615E+01  2.500000E+00  7.589923E-01
     100     500     1.108615E+01  2.500000E+00  9.104848E-01
     100     500     1.108615E+01  2.500000E+00  1.061977E+00
     100     500     1.108615E+01  2.500000E+00  1.213470E+00
     100     500     1.108615E+01  2.500000E+00  1.364962E+00
     100     500     1.108615E+01  2.500000E+00  1.516455E+00
     100     500     1.108615E+01  2.500000E+00  1.667947E+00
     100     500     1.108615E+01  2.500000E+00  1.819440E+00
     100     500     1.108615E+01  2.500000E+00  1.970933E+00
     100     500     1.108615E+01  2.500000E+00  2.122425E+00
     100     500     1.108615E+01  2.500000E+00  2.273918E+00
     100     500     1.108615E+01  2.500000E+00  2.425410E+00
     100     500     1.108615E+01  2.500000E+00  2.576903E+00
     100     500     1.108615E+01  2.500000E+00  2.728395E+00
     100     500     1.108615E+01  2.500000E+00  2.879888E+00
     100     500     1.108615E+01  2.500000E+00  3.031380E+00
     100     500     1.108615E+01  2.500000E+00  3.182873E+00
     100     500     1.108615E+01  2.500000E+00  3.334365E+00
     100     500     1.108615E+01  2.500000E+00  3.485858E+00
     100     500     1.108615E+01  2.500000E+00  3.637350E+00
     100     500     1.108615E+01  2.500000E+00  3.788843E+00
     100     500     1.108615E+01  2.500000E+00  3.940336E+00
     100     500     1.108615E+01  2.500000E+00  4.091828E+00
     100     500     1.108615E+01  2.500000E+00  4.243321E+00
     100     500     1.108615E+01  2.500000E+00  4.394813E+00
     100     500     1.126289E+01  2.500000E+00  6.074997E-01
     100     500     1.126289E+01  2.500000E+00  7.589923E-01
     100     500     1.126289E+01  2.500000E+00  9.104848E-01
     100     500     1.126289E+01  2.500000E+00  1.061977E+00
     100     500     1.126289E+01  2.500000E+00  1.213470E+00
     100     500     1.126289E+01  2.500000E+00  1.364962E+00
     100     500     1.126289E+01  2.500000E+00  1.516455E+00
     100     500     1.126289E+01  2.500000E+00  1.667947E+00
     100     500     1.126289E+01  2.500000E+00  1.819440E+00
     100     500     1.126289E+01  2.500000E+00  1.970933E+00
     100     500     1.126289E+01  2.500000E+00  2.122425E+00
     100     500     1.126289E+01  2.500000E+00  2.273918E+00
     100     500     1.126289E+01  2.500000E+00  2.425410E+00
     100     500     1.126289E+01  2.500000E+00  2.576903E+00
     100     500     1.126289E+01  2.500000E+00  2.728395E+00
     100     500     1.126289E+01  2.500000E+00  2.879888E+00
     100     500     1.126289E+01  2.500000E+00  3.031380E+00
     100     500     1.126289E+01  2.500000E+00  3.182873E+00
     100     500     1.126289E+01  2.500000E+00  3.334365E+00
     100     500     1.126289E+01  2.500000E+00  3.485858E+00
     100     500     1.126289E+01  2.500000E+00  3.637350E+00
     100     500     1.126289E+01  2.500000E+00  3.788843E+00
     100     500     1.126289E+01  2.500000E+00  3.940336E+00
     100     500     1.126289E+01  2.500000E+00  4.091828E+00
     100     500     1.126289E+01  2.500000E+00  4.243321E+00
     100     500     1.126289E+01  2.500000E+00  4.394813E+00
     100     500     1.143963E+01  2.500000E+00  6.074997E-01
     100     500     1.143963E+01  2.500000E+00  7.589923E-01
     100     500     1.143963E+01  2.500000E+00  9.104848E-01
     100     500     1.143963E+01  2.500000E+00  1.061977E+00
     100     500     1.143963E+01  2.500000E+00  1.213470E+00
     100     500     1.143963E+01  2.500000E+00  1.364962E+00
     100     500     1.143963E+01  2.500000E+00  1.516455E+00
     100     500     1.143963E+01  2.500000E+00  1.667947E+00
     100     500     1.143963E+01  2.500000E+00  1.819440E+00
     100     500     1.143963E+01  2.500000E+00  1.970933E+00
     100     500     1.143963E+01  2.500000E+00  2.122425E+00
     100     500     1.143963E+01  2.500000E+00  2.273918E+00
     100     500     1.143963E+01  2.500000E+00  2.425410E+00
     100     500     1.143963E+01  2.500000E+00  2.576903E+00
     100     500     1.143963E+01  2.500000E+00  2.728395E+00
     100     500     1.143963E+01  2.500000E+00  2.879888E+00
     100     500     1.143963E+01  2.500000E+00  3.031380E+00
     100     500     1.143963E+01  2.500000E+00  3.182873E+00
     100     500     1.143963E+01  2.500000E+00  3.334365E+00
     100     500     1.143963E+01  2.500000E+00  3.485858E+00
     100     500     1.143963E+01  2.500000E+00  3.637350E+00
     100     500     1.143963E+01  2.500000E+00  3.788843E+00
     100     500     1.143963E+01  2.500000E+00  3.940336E+00
     100     500     1.143963E+01  2.500000E+00  4.091828E+00
     100     500     1.143963E+01  2.500000E+00  4.243321E+00
     100     500     1.143963E+01  2.500000E+00  4.394813E+00
     100     500     1.161638E+01  2.500000E+00  6.074997E-01
     100     500     1.161638E+01  2.500000E+00  7.589923E-01
     100     500     1.161638E+01  2.500000E+00  9.104848E-01
     100     500     1.161638E+01  2.500000E+00  1.061977E+00
     100     500     1.161638E+01  2.500000E+00  1.213470E+00
     100     500     1.161638E+01  2.500000E+00  1.364962E+00
     100     500     1.161638E+01  2.500000E+00  1.516455E+00
     100     500     1.161638E+01  2.500000E+00  1.667947E+00
     100     500     1.161638E+01  2.500000E+00  1.819440E+00
     100     500     1.161638E+01  2.500000E+00  1.970933E+00
     100     500     1.161638E+01  2.500000E+00  2.122425E+00
     100     500     1.161638E+01  2.500000E+00  2.273918E+00
     100     500     1.161638E+01  2.500000E+00  2.425410E+00
     100     500     1.161638E+01  2.500000E+00  2.576903E+00
     100     500     1.161638E+01  2.500000E+00  2.728395E+00
     100     500     1.161638E+01  2.500000E+00  2.879888E+00
     100     500     1.161638E+01  2.500000E+00  3.031380E+00
     100     500     1.161638E+01  2.500000E+00  3.182873E+00
     100     500     1.161638E+01  2.500000E+00  3.334365E+00
     100     500     1.161638E+01  2.500000E+00  3.485858E+00
     100     500     1.161638E+01  2.500000E+00  3.637350E+00
     100     500     1.161638E+01  2.500000E+00  3.788843E+00
     100     500     1.161638E+01  2.500000E+00  3.940336E+00
     100     500     1.161638E+01  2.500000E+00  4.091828E+00
     100     500     1.161638E+01  2.500000E+00  4.243321E+00
     100     500     1.161638E+01  2.500000E+00  4.394813E+00
     100     500     1.179312E+01  2.500000E+00  6.074997E-01
     100     500     1.179312E+01  2.500000E+00  7.589923E-01
     100     500     1.179312E+01  2.500000E+00  9.104848E-01
     100     500     1.179312E+01  2.500000E+00  1.061977E+00
     100     500     1.179312E+01  2.500000E+00  1.213470E+00
     100     500     1.179312E+01  2.500000E+00  1.364962E+00
     100     500     1.179312E+01  2.500000E+00  1.516455E+00
     100     500     1.179312E+01  2.500000E+00  1.667947E+00
     100     500     1.179312E+01  2.500000E+00  1.819440E+00
     100     500     1.179312E+01  2.500000E+00  1.970933E+00
     100     500     1.179312E+01  2.500000E+00  2.122425E+00
     100     500     1.179312E+01  2.500000E+00  2.273918E+00
     100     500     1.179312E+01  2.500000E+00  2.425410E+00
     100     500     1.179312E+01  2.500000E+00  2.576903E+00
     100     500     1.179312E+01  2.500000E+00  2.728395E+00
     100     500     1.179312E+01  2.500000E+00  2.879888E+00
     100     500     1.179312E+01  2.500000E+00  3.031380E+00
     100     500     1.179312E+01  2.500000E+00  3.182873E+00
     100     500     1.179312E+01  2.500000E+00  3.334365E+00
     100     500     1.179312E+01  2.500000E+00  3.485858E+00
     100     500     1.179312E+01  2.500000E+00  3.637350E+00
     100     500     1.179312E+01  2.500000E+00  3.788843E+00
     100     500     1.179312E+01  2.500000E+00  3.940336E+00
     100     500     1.179312E+01  2.500000E+00  4.091828E+00
     100     500     1.179312E+01  2.500000E+00  4.243321E+00
     100     500     1.179312E+01  2.500000E+00  4.394813E+00
     100     500     1.196986E+01  2.500000E+00  6.074997E-01
     100     500     1.196986E+01  2.500000E+00  7.589923E-01
     100     500     1.196986E+01  2.500000E+00  9.104848E-01
     100     500     1.196986E+01  2.500000E+00  1.061977E+00
     100     500     1.196986E+01  2.500000E+00  1.213470E+00
     100     500     1.196986E+01  2.500000E+00  1.364962E+00
     100     500     1.196986E+01  2.500000E+00  1.516455E+00
     100     500     1.196986E+01  2.500000E+00  1.667947E+00
     100     500     1.196986E+01  2.500000E+00  1.819440E+00
     100     500     1.196986E+01  2.500000E+00  1.970933E+00
     100     500     1.196986E+01  2.500000E+00  2.122425E+00
     100     500     1.196986E+01  2.500000E+00  2.273918E+00
     100     500     1.196986E+01  2.500000E+00  2.425410E+00
     100     500     1.196986E+01  2.500000E+00  2.576903E+00
     100     500     1.196986E+01  2.500000E+00  2.728395E+00
     100     500     1.196986E+01  2.500000E+00  2.879888E+00
     100     500     1.196986E+01  2.500000E+00  3.031380E+00
     100     500     1.196986E+01  2.500000E+00  3.182873E+00
     100     500     1.196986E+01  2.500000E+00  3.334365E+00
     100     500     1.196986E+01  2.500000E+00  3.485858E+00
     100     500     1.196986E+01  2.500000E+00  3.637350E+00
     100     500     1.196986E+01  2.500000E+00  3.788843E+00
     100     500     1.196986E+01  2.500000E+00  3.940336E+00
     100     500     1.196986E+01  2.500000E+00  4.091828E+00
     100     500     1.196986E+01  2.500000E+00  4.243321E+00
     100     500     1.196986E+01  2.500000E+00  4.394813E+00
     100     500     1.214660E+01  2.500000E+00  6.074997E-01
     100     500     1.214660E+01  2.500000E+00  7.589923E-01
     100     500     1.214660E+01  2.500000E+00  9.104848E-01
     100     500     1.214660E+01  2.500000E+00  1.061977E+00
     100     500     1.214660E+01  2.500000E+00  1.213470E+00
     100     500     1.214660E+01  2.500000E+00  1.364962E+00
     100     500     1.214660E+01  2.500000E+00  1.516455E+00
     100     500     1.214660E+01  2.500000E+00  1.667947E+00
     100     500     1.214660E+01  2.500000E+00  1.819440E+00
     100     500     1.214660E+01  2.500000E+00  1.970933E+00
     100     500     1.214660E+01  2.500000E+00  2.122425E+00
     100     500     1.214660E+01  2.500000E+00  2.273918E+00
     100     500     1.214660E+01  2.500000E+00  2.425410E+00
     100     500     1.214660E+01  2.500000E+00  2.576903E+00
     100     500     1.214660E+01  2.500000E+00  2.728395E+00
     100     500     1.214660E+01  2.500000E+00  2.879888E+00
     100     500     1.214660E+01  2.500000E+00  3.031380E+00
     100     500     1.214660E+01  2.500000E+00  3.182873E+00
     100     500     1.214660E+01  2.500000E+00  3.334365E+00
     100     500     1.214660E+01  2.500000E+00  3.485858E+00
     100     500     1.214660E+01  2.500000E+00  3.637350E+00
     100     500     1.214660E+01  2.500000E+00  3.788843E+00
     100     500     1.214660E+01  2.500000E+00  3.940336E+00
     100     500     1.214660E+01  2.500000E+00  4.091828E+00
     100     500     1.214660E+01  2.500000E+00  4.243321E+00
     100     500     1.214660E+01  2.500000E+00  4.394813E+00
     100     500     1.232334E+01  2.500000E+00  6.074997E-01
     100     500     1.232334E+01  2.500000E+00  7.589923E-01
     100     500     1.232334E+01  2.500000E+00  9.104848E-01
     100     500     1.232334E+01  2.500000E+00  1.061977E+00
     100     500     1.232334E+01  2.500000E+00  1.213470E+00
     100     500     1.232334E+01  2.500000E+00  1.364962E+00
     100     500     1.232334E+01  2.500000E+00  1.516455E+00
     100     500     1.232334E+01  2.500000E+00  1.667947E+00
     100     500     1.232334E+01  2.500000E+00  1.819440E+00
     100     500     1.232334E+01  2.500000E+00  1.970933E+00
     100     500     1.232334E+01  2.500000E+00  2.122425E+00
     100     500     1.232334E+01  2.500000E+00  2.273918E+00
     100     500     1.232334E+01  2.500000E+00  2.425410E+00
     100     500     1.232334E+01  2.500000E+00  2.576903E+00
     100     500     1.232334E+01  2.500000E+00  2.728395E+00
     100     500     1.232334E+01  2.500000E+00  2.879888E+00
     100     500     1.232334E+01  2.500000E+00  3.031380E+00
     100     500     1.232334E+01  2.500000E+00  3.182873E+00
     100     500     1.232334E+01  2.500000E+00  3.334365E+00
     100     500     1.232334E+01  2.500000E+00  3.485858E+00
     100     500     1.232334E+01  2.500000E+00  3.637350E+00
     100     500     1.232334E+01  2.500000E+00  3.788843E+00
     100     500     1.232334E+01  2.500000E+00  3.940336E+00
     100     500     1.232334E+01  2.500000E+00  4.091828E+00
     100     500     1.232334E+01  2.500000E+00  4.243321E+00
     100     500     1.232334E+01  2.500000E+00  4.394813E+00
     100     500     1.250008E+01  2.500000E+00  6.074997E-01
     100     500     1.250008E+01  2.500000E+00  7.589923E-01
     100     500     1.250008E+01  2.500000E+00  9.104848E-01
     100     500     1.250008E+01  2.500000E+00  1.061977E+00
     100     500     1.250008E+01  2.500000E+00  1.213470E+00
     100     500     1.250008E+01  2.500000E+00  1.364962E+00
     100     500     1.250008E+01  2.500000E+00  1.516455E+00
     100     500     1.250008E+01  2.500000E+00  1.667947E+00
     100     500     1.250008E+01  2.500000E+00  1.819440E+00
     100     500     1.250008E+01  2.500000E+00  1.970933E+00
     100     500     1.250008E+01  2.500000E+00  2.122425E+00
     100     500     1.250008E+01  2.500000E+00  2.273918E+00
     100     500     1.250008E+01  2.500000E+00  2.425410E+00
     100     500     1.250008E+01  2.500000E+00  2.576903E+00
     100     500     1.250008E+01  2.500000E+00  2.728395E+00
     100     500     1.250008E+01  2.500000E+00  2.879888E+00
     100     500     1.250008E+01  2.500000E+00  3.031380E+00
     100     500     1.250008E+01  2.500000E+00  3.182873E+00
     100     500     1.250008E+01  2.500000E+00  3.334365E+00
     100     500     1.250008E+01  2.500000E+00  3.485858E+00
     100     500     1.250008E+01  2.500000E+00  3.637350E+00
     100     500     1.250008E+01  2.500000E+00  3.788843E+00
     100     500     1.250008E+01  2.500000E+00  3.940336E+00
     100     500     1.250008E+01  2.500000E+00  4.091828E+00
     100     500     1.250008E+01  2.500000E+00  4.243321E+00
     100     500     1.250008E+01  2.500000E+00  4.394813E+00
     100     500     1.267682E+01  2.500000E+00  6.074997E-01
     100     500     1.267682E+01  2.500000E+00  7.589923E-01
     100     500     1.267682E+01  2.500000E+00  9.104848E-01
     100     500     1.267682E+01  2.500000E+00  1.061977E+00
     100     500     1.267682E+01  2.500000E+00  1.213470E+00
     100     500     1.267682E+01  2.500000E+00  1.364962E+00
     100     500     1.267682E+01  2.500000E+00  1.516455E+00
     100     500     1.267682E+01  2.500000E+00  1.667947E+00
     100     500     1.267682E+01  2.500000E+00  1.819440E+00
     100     500     1.267682E+01  2.500000E+00  1.970933E+00
     100     500     1.267682E+01  2.500000E+00  2.122425E+00
     100     500     1.267682E+01  2.500000E+00  2.273918E+00
     100     500     1.267682E+01  2.500000E+00  2.425410E+00
     100     500     1.267682E+01  2.500000E+00  2.576903E+00
     100     500     1.267682E+01  2.500000E+00  2.728395E+00
     100     500     1.267682E+01  2.500000E+00  2.879888E+00
     100     500     1.267682E+01  2.500000E+00  3.031380E+00
     100     500     1.267682E+01  2.500000E+00  3.182873E+00
     100     500     1.267682E+01  2.500000E+00  3.334365E+00
     100     500     1.267682E+01  2.500000E+00  3.485858E+00
     100     500     1.267682E+01  2.500000E+00  3.637350E+00
     100     500     1.267682E+01  2.500000E+00  3.788843E+00
     100     500     1.267682E+01  2.500000E+00  3.940336E+00
     100     500     1.267682E+01  2.500000E+00  4.091828E+00
     100     500     1.267682E+01  2.500000E+00  4.243321E+00
     100     500     1.267682E+01  2.500000E+00  4.394813E+00
     100     500     1.285356E+01  2.500000E+00  6.074997E-01
     100     500     1.285356E+01  2.500000E+00  7.589923E-01
     100     500     1.285356E+01  2.500000E+00  9.104848E-01
     100     500     1.285356E+01  2.500000E+00  1.061977E+00
     100     500     1.285356E+01  2.500000E+00  1.213470E+00
     100     500     1.285356E+01  2.500000E+00  1.364962E+00
     100     500     1.285356E+01  2.500000E+00  1.516455E+00
     100     500     1.285356E+01  2.500000E+00  1.667947E+00
     100     500     1.285356E+01  2.500000E+00  1.819440E+00
     100     500     1.285356E+01  2.500000E+00  1.970933E+00
     100     500     1.285356E+01  2.500000E+00  2.122425E+00
     100     500     1.285356E+01  2.500000E+00  2.273918E+00
     100     500     1.285356E+01  2.500000E+00  2.425410E+00
     100     500     1.285356E+01  2.500000E+00  2.576903E+00
     100     500     1.285356E+01  2.500000E+00  2.728395E+00
     100     500     1.285356E+01  2.500000E+00  2.879888E+00
     100     500     1.285356E+01  2.500000E+00  3.031380E+00
     100     500     1.285356E+01  2.500000E+00  3.182873E+00
     100     500     1.285356E+01  2.500000E+00  3.334365E+00
     100     500     1.285356E+01  2.500000E+00  3.485858E+00
     100     500     1.285356E+01  2.500000E+00  3.637350E+00
     100     500     1.285356E+01  2.500000E+00  3.788843E+00
     100     500     1.285356E+01  2.500000E+00  3.940336E+00
     100     500     1.285356E+01  2.500000E+00  4.091828E+00
     100     500     1.285356E+01  2.500000E+00  4.243321E+00
     100     500     1.285356E+01  2.500000E+00  4.394813E+00
     100     500     1.303031E+01  2.500000E+00  6.074997E-01
     100     500     1.303031E+01  2.500000E+00  7.589923E-01
     100     500     1.303031E+01  2.500000E+00  9.104848E-01
     100     500     1.303031E+01  2.500000E+00  1.061977E+00
     100     500     1.303031E+01  2.500000E+00  1.213470E+00
     100     500     1.303031E+01  2.500000E+00  1.364962E+00
     100     500     1.303031E+01  2.500000E+00  1.516455E+00
     100     500     1.303031E+01  2.500000E+00  1.667947E+00
     100     500     1.303031E+01  2.500000E+00  1.819440E+00
     100     500     1.303031E+01  2.500000E+00  1.970933E+00
     100     500     1.303031E+01  2.500000E+00  2.122425E+00
     100     500     1.303031E+01  2.500000E+00  2.273918E+00
     100     500     1.303031E+01  2.500000E+00  2.425410E+00
     100     500     1.303031E+01  2.500000E+00  2.576903E+00
     100     500     1.303031E+01  2.500000E+00  2.728395E+00
     100     500     1.303031E+01  2.500000E+00  2.879888E+00
     100     500     1.303031E+01  2.500000E+00  3.031380E+00
     100     500     1.303031E+01  2.500000E+00  3.182873E+00
     100     500     1.303031E+01  2.500000E+00  3.334365E+00
     100     500     1.303031E+01  2.500000E+00  3.485858E+00
     100     500     1.303031E+01  2.500000E+00  3.637350E+00
     100     500     1.303031E+01  2.500000E+00  3.788843E+00
     100     500     1.303031E+01  2.500000E+00  3.940336E+00
     100     500     1.303031E+01  2.500000E+00  4.091828E+00
     100     500     1.303031E+01  2.500000E+00  4.243321E+00
     100     500     1.303031E+01  2.500000E+00  4.394813E+00
     100     500     1.320705E+01  2.500000E+00  6.074997E-01
     100     500     1.320705E+01  2.500000E+00  7.589923E-01
     100     500     1.320705E+01  2.500000E+00  9.104848E-01
     100     500     1.320705E+01  2.500000E+00  1.061977E+00
     100     500     1.320705E+01  2.500000E+00  1.213470E+00
     100     500     1.320705E+01  2.500000E+00  1.364962E+00
     100     500     1.320705E+01  2.500000E+00  1.516455E+00
     100     500     1.320705E+01  2.500000E+00  1.667947E+00
     100     500     1.320705E+01  2.500000E+00  1.819440E+00
     100     500     1.320705E+01  2.500000E+00  1.970933E+00
     100     500     1.320705E+01  2.500000E+00  2.122425E+00
     100     500     1.320705E+01  2.500000E+00  2.273918E+00
     100     500     1.320705E+01  2.500000E+00  2.425410E+00
     100     500     1.320705E+01  2.500000E+00  2.576903E+00
     100     500     1.320705E+01  2.500000E+00  2.728395E+00
     100     500     1.320705E+01  2.500000E+00  2.879888E+00
     100     500     1.320705E+01  2.500000E+00  3.031380E+00
     100     500     1.320705E+01  2.500000E+00  3.182873E+00
     100     500     1.320705E+01  2.500000E+00  3.334365E+00
     100     500     1.320705E+01  2.500000E+00  3.485858E+00
     100     500     1.320705E+01  2.500000E+00  3.637350E+00
     100     500     1.320705E+01  2.500000E+00  3.788843E+00
     100     500     1.320705E+01  2.500000E+00  3.940336E+00
     100     500     1.320705E+01  2.500000E+00  4.091828E+00
     100     500     1.320705E+01  2.500000E+00  4.243321E+00
     100     500     1.320705E+01  2.500000E+00  4.394813E+00
     100     500     1.338379E+01  2.500000E+00  6.074997E-01
     100     500     1.338379E+01  2.500000E+00  7.589923E-01
     100     500     1.338379E+01  2.500000E+00  9.104848E-01
     100     500     1.338379E+01  2.500000E+00  1.061977E+00
     100     500     1.338379E+01  2.500000E+00  1.213470E+00
     100     500     1.338379E+01  2.500000E+00  1.364962E+00
     100     500     1.338379E+01  2.500000E+00  1.516455E+00
     100     500     1.338379E+01  2.500000E+00  1.667947E+00
     100     500     1.338379E+01  2.500000E+00  1.819440E+00
     100     500     1.338379E+01  2.500000E+00  1.970933E+00
     100     500     1.338379E+01  2.500000E+00  2.122425E+00
     100     500     1.338379E+01  2.500000E+00  2.273918E+00
     100     500     1.338379E+01  2.500000E+00  2.425410E+00
     100     500     1.338379E+01  2.500000E+00  2.576903E+00
     100     500     1.338379E+01  2.500000E+00  2.728395E+00
     100     500     1.338379E+01  2.500000E+00  2.879888E+00
     100     500     1.338379E+01  2.500000E+00  3.031380E+00
     100     500     1.338379E+01  2.500000E+00  3.182873E+00
     100     500     1.338379E+01  2.500000E+00  3.334365E+00
     100     500     1.338379E+01  2.500000E+00  3.485858E+00
     100     500     1.338379E+01  2.500000E+00  3.637350E+00
     100     500     1.338379E+01  2.500000E+00  3.788843E+00
     100     500     1.338379E+01  2.500000E+00  3.940336E+00
     100     500     1.338379E+01  2.500000E+00  4.091828E+00
     100     500     1.338379E+01  2.500000E+00  4.243321E+00
     100     500     1.338379E+01  2.500000E+00  4.394813E+00
     100     500     1.356053E+01  2.500000E+00  6.074997E-01
     100     500     1.356053E+01  2.500000E+00  7.589923E-01
     100     500     1.356053E+01  2.500000E+00  9.104848E-01
     100     500     1.356053E+01  2.500000E+00  1.061977E+00
     100     500     1.356053E+01  2.500000E+00  1.213470E+00
     100     500     1.356053E+01  2.500000E+00  1.364962E+00
     100     500     1.356053E+01  2.500000E+00  1.516455E+00
     100     500     1.356053E+01  2.500000E+00  1.667947E+00
     100     500     1.356053E+01  2.500000E+00  1.819440E+00
     100     500     1.356053E+01  2.500000E+00  1.970933E+00
     100     500     1.356053E+01  2.500000E+00  2.122425E+00
     100     500     1.356053E+01  2.500000E+00  2.273918E+00
     100     500     1.356053E+01  2.500000E+00  2.425410E+00
     100     500     1.356053E+01  2.500000E+00  2.576903E+00
     100     500     1.356053E+01  2.500000E+00  2.728395E+00
     100     500     1.356053E+01  2.500000E+00  2.879888E+00
     100     500     1.356053E+01  2.500000E+00  3.031380E+00
     100     500     1.356053E+01  2.500000E+00  3.182873E+00
     100     500     1.356053E+01  2.500000E+00  3.334365E+00
     100     500     1.356053E+01  2.500000E+00  3.485858E+00
     100     500     1.356053E+01  2.500000E+00  3.637350E+00
     100     500     1.356053E+01  2.500000E+00  3.788843E+00
     100     500     1.356053E+01  2.500000E+00  3.940336E+00
     100     500     1.356053E+01  2.500000E+00  4.091828E+00
     100     500     1.356053E+01  2.500000E+00  4.243321E+00
     100     500     1.356053E+01  2.500000E+00  4.394813E+00
     100     500     1.373727E+01  2.500000E+00  6.074997E-01
     100     500     1.373727E+01  2.500000E+00  7.589923E-01
     100     500     1.373727E+01  2.500000E+00  9.104848E-01
     100     500     1.373727E+01  2.500000E+00  1.061977E+00
     100     500     1.373727E+01  2.500000E+00  1.213470E+00
     100     500     1.373727E+01  2.500000E+00  1.364962E+00
     100     500     1.373727E+01  2.500000E+00  1.516455E+00
     100     500     1.373727E+01  2.500000E+00  1.667947E+00
     100     500     1.373727E+01  2.500000E+00  1.819440E+00
     100     500     1.373727E+01  2.500000E+00  1.970933E+00
     100     500     1.373727E+01  2.500000E+00  2.122425E+00
     100     500     1.373727E+01  2.500000E+00  2.273918E+00
     100     500     1.373727E+01  2.500000E+00  2.425410E+00
     100     500     1.373727E+01  2.500000E+00  2.576903E+00
     100     500     1.373727E+01  2.500000E+00  2.728395E+00
     100     500     1.373727E+01  2.500000E+00  2.879888E+00
     100     500     1.373727E+01  2.500000E+00  3.031380E+00
     100     500     1.373727E+01  2.500000E+00  3.182873E+00
     100     500     1.373727E+01  2.500000E+00  3.334365E+00
     100     500     1.373727E+01  2.500000E+00  3.485858E+00
     100     500     1.373727E+01  2.500000E+00  3.637350E+00
     100     500     1.373727E+01  2.500000E+00  3.788843E+00
     100     500     1.373727E+01  2.500000E+00  3.940336E+00
     100     500     1.373727E+01  2.500000E+00  4.091828E+00
     100     500     1.373727E+01  2.500000E+00  4.243321E+00
     100     500     1.373727E+01  2.500000E+00  4.394813E+00
     100     500     1.391401E+01  2.500000E+00  6.074997E-01
     100     500     1.391401E+01  2.500000E+00  7.589923E-01
     100     500     1.391401E+01  2.500000E+00  9.104848E-01
     100     500     1.391401E+01  2.500000E+00  1.061977E+00
     100     500     1.391401E+01  2.500000E+00  1.213470E+00
     100     500     1.391401E+01  2.500000E+00  1.364962E+00
     100     500     1.391401E+01  2.500000E+00  1.516455E+00
     100     500     1.391401E+01  2.500000E+00  1.667947E+00
     100     500     1.391401E+01  2.500000E+00  1.819440E+00
     100     500     1.391401E+01  2.500000E+00  1.970933E+00
     100     500     1.391401E+01  2.500000E+00  2.122425E+00
     100     500     1.391401E+01  2.500000E+00  2.273918E+00
     100     500     1.391401E+01  2.500000E+00  2.425410E+00
     100     500     1.391401E+01  2.500000E+00  2.576903E+00
     100     500     1.391401E+01  2.500000E+00  2.728395E+00
     100     500     1.391401E+01  2.500000E+00  2.879888E+00
     100     500     1.391401E+01  2.500000E+00  3.031380E+00
     100     500     1.391401E+01  2.500000E+00  3.182873E+00
     100     500     1.391401E+01  2.500000E+00  3.334365E+00
     100     500     1.391401E+01  2.500000E+00  3.485858E+00
     100     500     1.391401E+01  2.500000E+00  3.637350E+00
     100     500     1.391401E+01  2.500000E+00  3.788843E+00
     100     500     1.391401E+01  2.500000E+00  3.940336E+00
     100     500     1.391401E+01  2.500000E+00  4.091828E+00
     100     500     1.391401E+01  2.500000E+00  4.243321E+00
     100     500     1.391401E+01  2.500000E+00  4.394813E+00
     100     500     1.409075E+01  2.500000E+00  6.074997E-01
     100     500     1.409075E+01  2.500000E+00  7.589923E-01
     100     500     1.409075E+01  2.500000E+00  9.104848E-01
     100     500     1.409075E+01  2.500000E+00  1.061977E+00
     100     500     1.409075E+01  2.500000E+00  1.213470E+00
     100     500     1.409075E+01  2.500000E+00  1.364962E+00
     100     500     1.409075E+01  2.500000E+00  1.516455E+00
     100     500     1.409075E+01  2.500000E+00  1.667947E+00
     100     500     1.409075E+01  2.500000E+00  1.819440E+00
     100     500     1.409075E+01  2.500000E+00  1.970933E+00
     100     500     1.409075E+01  2.500000E+00  2.122425E+00
     100     500     1.409075E+01  2.500000E+00  2.273918E+00
     100     500     1.409075E+01  2.500000E+00  2.425410E+00
     100     500     1.409075E+01  2.500000E+00  2.576903E+00
     100     500     1.409075E+01  2.500000E+00  2.728395E+00
     100     500     1.409075E+01  2.500000E+00  2.879888E+00
     100     500     1.409075E+01  2.500000E+00  3.031380E+00
     100     500     1.409075E+01  2.500000E+00  3.182873E+00
     100     500     1.409075E+01  2.500000E+00  3.334365E+00
     100     500     1.409075E+01  2.500000E+00  3.485858E+00
     100     500     1.409075E+01  2.500000E+00  3.637350E+00
     100     500     1.409075E+01  2.500000E+00  3.788843E+00
     100     500     1.409075E+01  2.500000E+00  3.940336E+00
     100     500     1.409075E+01  2.500000E+00  4.091828E+00
     100     500     1.409075E+01  2.500000E+00  4.243321E+00
     100     500     1.409075E+01  2.500000E+00  4.394813E+00
     100     500     1.426750E+01  2.500000E+00  6.074997E-01
     100     500     1.426750E+01  2.500000E+00  7.589923E-01
     100     500     1.426750E+01  2.500000E+00  9.104848E-01
     100     500     1.426750E+01  2.500000E+00  1.061977E+00
     100     500     1.426750E+01  2.500000E+00  1.213470E+00
     100     500     1.426750E+01  2.500000E+00  1.364962E+00
     100     500     1.426750E+01  2.500000E+00  1.516455E+00
     100     500     1.426750E+01  2.500000E+00  1.667947E+00
     100     500     1.426750E+01  2.500000E+00  1.819440E+00
     100     500     1.426750E+01  2.500000E+00  1.970933E+00
     100     500     1.426750E+01  2.500000E+00  2.122425E+00
     100     500     1.426750E+01  2.500000E+00  2.273918E+00
     100     500     1.426750E+01  2.500000E+00  2.425410E+00
     100     500     1.426750E+01  2.500000E+00  2.576903E+00
     100     500     1.426750E+01  2.500000E+00  2.728395E+00
     100     500     1.426750E+01  2.500000E+00  2.879888E+00
     100     500     1.426750E+01  2.500000E+00  3.031380E+00
     100     500     1.426750E+01  2.500000E+00  3.182873E+00
     100     500     1.426750E+01  2.500000E+00  3.334365E+00
     100     500     1.426750E+01  2.500000E+00  3.485858E+00
     100     500     1.426750E+01  2.500000E+00  3.637350E+00
     100     500     1.426750E+01  2.500000E+00  3.788843E+00
     100     500     1.426750E+01  2.500000E+00  3.940336E+00
     100     500     1.426750E+01  2.500000E+00  4.091828E+00
     100     500     1.426750E+01  2.500000E+00  4.243321E+00
     100     500     1.426750E+01  2.500000E+00  4.394813E+00
     100     500     1.444424E+01  2.500000E+00  6.074997E-01
     100     500     1.444424E+01  2.500000E+00  7.589923E-01
     100     500     1.444424E+01  2.500000E+00  9.104848E-01
     100     500     1.444424E+01  2.500000E+00  1.061977E+00
     100     500     1.444424E+01  2.500000E+00  1.213470E+00
     100     500     1.444424E+01  2.500000E+00  1.364962E+00
     100     500     1.444424E+01  2.500000E+00  1.516455E+00
     100     500     1.444424E+01  2.500000E+00  1.667947E+00
     100     500     1.444424E+01  2.500000E+00  1.819440E+00
     100     500     1.444424E+01  2.500000E+00  1.970933E+00
     100     500     1.444424E+01  2.500000E+00  2.122425E+00
     100     500     1.444424E+01  2.500000E+00  2.273918E+00
     100     500     1.444424E+01  2.500000E+00  2.425410E+00
     100     500     1.444424E+01  2.500000E+00  2.576903E+00
     100     500     1.444424E+01  2.500000E+00  2.728395E+00
     100     500     1.444424E+01  2.500000E+00  2.879888E+00
     100     500     1.444424E+01  2.500000E+00  3.031380E+00
     100     500     1.444424E+01  2.500000E+00  3.182873E+00
     100     500     1.444424E+01  2.500000E+00  3.334365E+00
     100     500     1.444424E+01  2.500000E+00  3.485858E+00
     100     500     1.444424E+01  2.500000E+00  3.637350E+00
     100     500     1.444424E+01  2.500000E+00  3.788843E+00
     100     500     1.444424E+01  2.500000E+00  3.940336E+00
     100     500     1.444424E+01  2.500000E+00  4.091828E+00
     100     500     1.444424E+01  2.500000E+00  4.243321E+00
     100     500     1.444424E+01  2.500000E+00  4.394813E+00
