[ T-Track ]
    title = Flujo de partículas en plano XY a z = 1.10 cm
     mesh =  xyz            # mesh type is xyz scoring mesh
   x-type =    4            # x-mesh is linear given by xmin, xmax and xdel
     xmin =  -6.670000      # minimum value of x-mesh points
     xmax =   6.670000      # maximum value of x-mesh points
     xdel =  0.1000000      # mesh width of x-mesh points
#      nx =  134            # number of x-mesh points
#    data = ( x(i), i = 1, nx + 1 )
#          -6.67000E+00 -6.57000E+00 -6.47000E+00 -6.37000E+00 -6.27000E+00
#          -6.17000E+00 -6.07000E+00 -5.97000E+00 -5.87000E+00 -5.77000E+00
#          -5.67000E+00 -5.57000E+00 -5.47000E+00 -5.37000E+00 -5.27000E+00
#          -5.17000E+00 -5.07000E+00 -4.97000E+00 -4.87000E+00 -4.77000E+00
#          -4.67000E+00 -4.57000E+00 -4.47000E+00 -4.37000E+00 -4.27000E+00
#          -4.17000E+00 -4.07000E+00 -3.97000E+00 -3.87000E+00 -3.77000E+00
#          -3.67000E+00 -3.57000E+00 -3.47000E+00 -3.37000E+00 -3.27000E+00
#          -3.17000E+00 -3.07000E+00 -2.97000E+00 -2.87000E+00 -2.77000E+00
#          -2.67000E+00 -2.57000E+00 -2.47000E+00 -2.37000E+00 -2.27000E+00
#          -2.17000E+00 -2.07000E+00 -1.97000E+00 -1.87000E+00 -1.77000E+00
#          -1.67000E+00 -1.57000E+00 -1.47000E+00 -1.37000E+00 -1.27000E+00
#          -1.17000E+00 -1.07000E+00 -9.70000E-01 -8.70000E-01 -7.70000E-01
#          -6.70000E-01 -5.70000E-01 -4.70000E-01 -3.70000E-01 -2.70000E-01
#          -1.70000E-01 -7.00000E-02  3.00000E-02  1.30000E-01  2.30000E-01
#           3.30000E-01  4.30000E-01  5.30000E-01  6.30000E-01  7.30000E-01
#           8.30000E-01  9.30000E-01  1.03000E+00  1.13000E+00  1.23000E+00
#           1.33000E+00  1.43000E+00  1.53000E+00  1.63000E+00  1.73000E+00
#           1.83000E+00  1.93000E+00  2.03000E+00  2.13000E+00  2.23000E+00
#           2.33000E+00  2.43000E+00  2.53000E+00  2.63000E+00  2.73000E+00
#           2.83000E+00  2.93000E+00  3.03000E+00  3.13000E+00  3.23000E+00
#           3.33000E+00  3.43000E+00  3.53000E+00  3.63000E+00  3.73000E+00
#           3.83000E+00  3.93000E+00  4.03000E+00  4.13000E+00  4.23000E+00
#           4.33000E+00  4.43000E+00  4.53000E+00  4.63000E+00  4.73000E+00
#           4.83000E+00  4.93000E+00  5.03000E+00  5.13000E+00  5.23000E+00
#           5.33000E+00  5.43000E+00  5.53000E+00  5.63000E+00  5.73000E+00
#           5.83000E+00  5.93000E+00  6.03000E+00  6.13000E+00  6.23000E+00
#           6.33000E+00  6.43000E+00  6.53000E+00  6.63000E+00  6.73000E+00
   y-type =    4            # y-mesh is linear given by ymin, ymax and ydel
     ymin =  -6.670000      # minimum value of y-mesh points
     ymax =   6.670000      # maximum value of y-mesh points
     ydel =  0.1000000      # mesh width of y-mesh points
#      ny =  134            # number of y-mesh points
#    data = ( y(i), i = 1, ny + 1 )
#          -6.67000E+00 -6.57000E+00 -6.47000E+00 -6.37000E+00 -6.27000E+00
#          -6.17000E+00 -6.07000E+00 -5.97000E+00 -5.87000E+00 -5.77000E+00
#          -5.67000E+00 -5.57000E+00 -5.47000E+00 -5.37000E+00 -5.27000E+00
#          -5.17000E+00 -5.07000E+00 -4.97000E+00 -4.87000E+00 -4.77000E+00
#          -4.67000E+00 -4.57000E+00 -4.47000E+00 -4.37000E+00 -4.27000E+00
#          -4.17000E+00 -4.07000E+00 -3.97000E+00 -3.87000E+00 -3.77000E+00
#          -3.67000E+00 -3.57000E+00 -3.47000E+00 -3.37000E+00 -3.27000E+00
#          -3.17000E+00 -3.07000E+00 -2.97000E+00 -2.87000E+00 -2.77000E+00
#          -2.67000E+00 -2.57000E+00 -2.47000E+00 -2.37000E+00 -2.27000E+00
#          -2.17000E+00 -2.07000E+00 -1.97000E+00 -1.87000E+00 -1.77000E+00
#          -1.67000E+00 -1.57000E+00 -1.47000E+00 -1.37000E+00 -1.27000E+00
#          -1.17000E+00 -1.07000E+00 -9.70000E-01 -8.70000E-01 -7.70000E-01
#          -6.70000E-01 -5.70000E-01 -4.70000E-01 -3.70000E-01 -2.70000E-01
#          -1.70000E-01 -7.00000E-02  3.00000E-02  1.30000E-01  2.30000E-01
#           3.30000E-01  4.30000E-01  5.30000E-01  6.30000E-01  7.30000E-01
#           8.30000E-01  9.30000E-01  1.03000E+00  1.13000E+00  1.23000E+00
#           1.33000E+00  1.43000E+00  1.53000E+00  1.63000E+00  1.73000E+00
#           1.83000E+00  1.93000E+00  2.03000E+00  2.13000E+00  2.23000E+00
#           2.33000E+00  2.43000E+00  2.53000E+00  2.63000E+00  2.73000E+00
#           2.83000E+00  2.93000E+00  3.03000E+00  3.13000E+00  3.23000E+00
#           3.33000E+00  3.43000E+00  3.53000E+00  3.63000E+00  3.73000E+00
#           3.83000E+00  3.93000E+00  4.03000E+00  4.13000E+00  4.23000E+00
#           4.33000E+00  4.43000E+00  4.53000E+00  4.63000E+00  4.73000E+00
#           4.83000E+00  4.93000E+00  5.03000E+00  5.13000E+00  5.23000E+00
#           5.33000E+00  5.43000E+00  5.53000E+00  5.63000E+00  5.73000E+00
#           5.83000E+00  5.93000E+00  6.03000E+00  6.13000E+00  6.23000E+00
#           6.33000E+00  6.43000E+00  6.53000E+00  6.63000E+00  6.73000E+00
   z-type =    1            # z-mesh is given by the below data
       nz =      1          # number of z-mesh points
#    data = ( z(i), i = 1, nz + 1 )
            1.05000E+00  1.15000E+00
   e-type =    1            # e-mesh is given by the below data
       ne =      1          # number of e-mesh points
#    data = ( e(i), i = 1, ne + 1 )
            0.00000E+00  1.00000E+03
     unit =    1            # unit is [1/cm^2/source]
 material =  all            # (D=all) number of specific material
  2D-type =    3            # 1:Cont, 2:Clust, 3:Color, 4:xyz, 5:mat, 6:Clust+Cont, 7:Col+Cont
     axis =      xy            # axis of output
     file = Flux_xy_z1_10.out  # file name of output for the above axis
     part =  proton   
# kf/name :  2212     
    gshow =    1            # 0: no 1:bnd, 2:bnd+mat, 3:bnd+reg 4:bnd+lat 5:bmp style
    resol =    1            # (D=1) resolution of gshow or rshow
    width = 0.5000000       # (D=0.5) width of lines for gshow or rshow
   epsout =    2            # (D=0) generate eps file by ANGEL
   stdcut = 1.0000000E-02   # (D=-1) threshold value of STD cutoff
#    used :        main (  %)        temp (  %)       total (  %)
#  memory :         278 (  0)           0 (  0)         278 (  0)

#------------------------------------------------------------------------------
#newpage:
#   no. =  1   ie  =  1   iz  =  1   part. = proton  
#   e = (   0.0000E+00  -   1.0000E+03  )
#   z = (   1.0500E+00  -   1.1500E+00  )

'no. =  1,  ie =  1,  iz =  1'
msuc: {\huge Flujo de partículas en plano XY a z = 1.10 cm}
msdr: {\it plotted by \ANGEL \version}
msdl: {\it calculated by \PHITS  3.35}

x: x [cm]
y: y [cm]
set: c1[ 1.000] c2[ 0.900] c5[ 0.800] c6[ 1.000] c7[ 0.000] c8[ 0.000]
p: h2fs form[c1] xfac[c2] afac[c5] scal[c6] xorg[c7] yorg[c8] nosp
set: c3[   3.694946E+01] c4[   7.993651E+09]
p: cmin[c3] cmax[c4]
p: dmin(1e-31)
p: zlog
p: xmin( -6.670000    ) xmax(  6.730000    )
p: ymin( -6.670000    ) ymax(  6.730000    )
#  ny = 134   nx = 134
# ( ( data(x,y), x = 1, nx ), y = ny, 1, -1 )

hc:  y =   6.680000     to  -6.620000     by  0.1000000     ; x =  -6.620000     to   6.680000     by  0.1000000     ;
  0.000E+00  0.000E+00  0.000E+00  0.000E+00  0.000E+00  0.000E+00  0.000E+00  0.000E+00  0.000E+00  0.000E+00
  0.000E+00  0.000E+00  0.000E+00  0.000E+00  0.000E+00  0.000E+00  0.000E+00  0.000E+00  0.000E+00  0.000E+00
  0.000E+00  0.000E+00  0.000E+00  0.000E+00  0.000E+00  0.000E+00  0.000E+00  0.000E+00  0.000E+00  0.000E+00
  0.000E+00  0.000E+00  0.000E+00  0.000E+00  0.000E+00  0.000E+00  0.000E+00  0.000E+00  0.000E+00  0.000E+00
  0.000E+00  0.000E+00  0.000E+00  0.000E+00  0.000E+00  0.000E+00  0.000E+00  0.000E+00  0.000E+00  0.000E+00
  0.000E+00  0.000E+00  0.000E+00  0.000E+00  0.000E+00  0.000E+00  0.000E+00  0.000E+00  0.000E+00  0.000E+00
  0.000E+00  0.000E+00  0.000E+00  0.000E+00  0.000E+00  0.000E+00  0.000E+00  0.000E+00  0.000E+00  0.000E+00
  0.000E+00  0.000E+00  0.000E+00  0.000E+00  0.000E+00  0.000E+00  0.000E+00  0.000E+00  0.000E+00  0.000E+00
  0.000E+00  0.000E+00  0.000E+00  0.000E+00  0.000E+00  0.000E+00  2.752E+04  0.000E+00  0.000E+00  0.000E+00
  0.000E+00  0.000E+00  0.000E+00  0.000E+00  0.000E+00  0.000E+00  0.000E+00  0.000E+00  0.000E+00  0.000E+00
  0.000E+00  0.000E+00  0.000E+00  0.000E+00  0.000E+00  0.000E+00  0.000E+00  0.000E+00  0.000E+00  0.000E+00
  0.000E+00  0.000E+00  0.000E+00  0.000E+00  0.000E+00  0.000E+00  0.000E+00  0.000E+00  0.000E+00  0.000E+00
  0.000E+00  0.000E+00  0.000E+00  0.000E+00  0.000E+00  0.000E+00  0.000E+00  0.000E+00  0.000E+00  0.000E+00
  0.000E+00  0.000E+00  0.000E+00  0.000E+00  0.000E+00  0.000E+00  0.000E+00  0.000E+00  0.000E+00  0.000E+00
  0.000E+00  0.000E+00  0.000E+00  0.000E+00  0.000E+00  0.000E+00  0.000E+00  0.000E+00  0.000E+00  0.000E+00
  0.000E+00  0.000E+00  0.000E+00  0.000E+00  0.000E+00  0.000E+00  0.000E+00  0.000E+00  0.000E+00  0.000E+00
  0.000E+00  0.000E+00  0.000E+00  0.000E+00  0.000E+00  0.000E+00  0.000E+00  0.000E+00  0.000E+00  0.000E+00
  0.000E+00  0.000E+00  0.000E+00  0.000E+00  0.000E+00  0.000E+00  0.000E+00  0.000E+00  0.000E+00  0.000E+00
  0.000E+00  0.000E+00  0.000E+00  0.000E+00  0.000E+00  0.000E+00  0.000E+00  0.000E+00  0.000E+00  0.000E+00
  0.000E+00  0.000E+00  0.000E+00  0.000E+00  0.000E+00  0.000E+00  0.000E+00  0.000E+00  0.000E+00  0.000E+00
  0.000E+00  0.000E+00  0.000E+00  0.000E+00  0.000E+00  0.000E+00  0.000E+00  0.000E+00  0.000E+00  0.000E+00
  0.000E+00  0.000E+00  0.000E+00  0.000E+00  0.000E+00  0.000E+00  0.000E+00  0.000E+00  0.000E+00  0.000E+00
  0.000E+00  0.000E+00  0.000E+00  0.000E+00  0.000E+00  0.000E+00  0.000E+00  0.000E+00  0.000E+00  0.000E+00
  0.000E+00  0.000E+00  0.000E+00  0.000E+00  0.000E+00  0.000E+00  0.000E+00  0.000E+00  0.000E+00  0.000E+00
  0.000E+00  0.000E+00  0.000E+00  0.000E+00  0.000E+00  0.000E+00  0.000E+00  0.000E+00  0.000E+00  0.000E+00
  0.000E+00  0.000E+00  0.000E+00  0.000E+00  0.000E+00  0.000E+00  0.000E+00  0.000E+00  0.000E+00  0.000E+00
  0.000E+00  0.000E+00  0.000E+00  0.000E+00  0.000E+00  0.000E+00  0.000E+00  0.000E+00  0.000E+00  0.000E+00
  0.000E+00  0.000E+00  0.000E+00  0.000E+00  0.000E+00  0.000E+00  0.000E+00  0.000E+00  0.000E+00  0.000E+00
  0.000E+00  0.000E+00  0.000E+00  0.000E+00  0.000E+00  0.000E+00  0.000E+00  0.000E+00  0.000E+00  0.000E+00
  0.000E+00  0.000E+00  0.000E+00  0.000E+00  0.000E+00  0.000E+00  0.000E+00  0.000E+00  0.000E+00  0.000E+00
  0.000E+00  0.000E+00  0.000E+00  0.000E+00  0.000E+00  0.000E+00  0.000E+00  0.000E+00  0.000E+00  0.000E+00
  0.000E+00  0.000E+00  0.000E+00  0.000E+00  0.000E+00  6.309E+03  0.000E+00  0.000E+00  0.000E+00  0.000E+00
  4.785E+03  0.000E+00  0.000E+00  0.000E+00  0.000E+00  0.000E+00  0.000E+00  2.497E+04  0.000E+00  0.000E+00
  0.000E+00  0.000E+00  0.000E+00  0.000E+00  0.000E+00  0.000E+00  0.000E+00  0.000E+00  0.000E+00  0.000E+00
  0.000E+00  0.000E+00  0.000E+00  0.000E+00  0.000E+00  0.000E+00  0.000E+00  0.000E+00  0.000E+00  0.000E+00
  0.000E+00  0.000E+00  0.000E+00  0.000E+00  0.000E+00  0.000E+00  0.000E+00  0.000E+00  0.000E+00  0.000E+00
  0.000E+00  0.000E+00  0.000E+00  0.000E+00  0.000E+00  0.000E+00  0.000E+00  0.000E+00  0.000E+00  0.000E+00
  0.000E+00  0.000E+00  0.000E+00  0.000E+00  0.000E+00  0.000E+00  0.000E+00  0.000E+00  0.000E+00  0.000E+00
  0.000E+00  0.000E+00  0.000E+00  0.000E+00  0.000E+00  0.000E+00  0.000E+00  0.000E+00  0.000E+00  0.000E+00
  0.000E+00  0.000E+00  0.000E+00  0.000E+00  0.000E+00  0.000E+00  0.000E+00  0.000E+00  0.000E+00  0.000E+00
  0.000E+00  0.000E+00  0.000E+00  0.000E+00  0.000E+00  0.000E+00  0.000E+00  0.000E+00  0.000E+00  0.000E+00
  0.000E+00  0.000E+00  0.000E+00  0.000E+00  0.000E+00  0.000E+00  0.000E+00  0.000E+00  0.000E+00  0.000E+00
  0.000E+00  0.000E+00  0.000E+00  0.000E+00  0.000E+00  0.000E+00  0.000E+00  0.000E+00  0.000E+00  0.000E+00
  0.000E+00  0.000E+00  0.000E+00  0.000E+00  0.000E+00  0.000E+00  0.000E+00  0.000E+00  0.000E+00  0.000E+00
  0.000E+00  0.000E+00  0.000E+00  0.000E+00  0.000E+00  0.000E+00  0.000E+00  0.000E+00  0.000E+00  2.118E+04
  1.722E+04  0.000E+00  0.000E+00  0.000E+00  3.781E+04  0.000E+00  0.000E+00  0.000E+00  0.000E+00  0.000E+00
  0.000E+00  3.710E+04  0.000E+00  0.000E+00  0.000E+00  0.000E+00  0.000E+00  0.000E+00  0.000E+00  0.000E+00
  0.000E+00  0.000E+00  0.000E+00  0.000E+00  0.000E+00  0.000E+00  0.000E+00  0.000E+00  0.000E+00  0.000E+00
  0.000E+00  0.000E+00  0.000E+00  0.000E+00  0.000E+00  0.000E+00  0.000E+00  0.000E+00  0.000E+00  0.000E+00
  0.000E+00  0.000E+00  0.000E+00  0.000E+00  0.000E+00  0.000E+00  0.000E+00  0.000E+00  0.000E+00  0.000E+00
  0.000E+00  0.000E+00  0.000E+00  0.000E+00  0.000E+00  0.000E+00  0.000E+00  0.000E+00  0.000E+00  0.000E+00
  0.000E+00  0.000E+00  0.000E+00  0.000E+00  0.000E+00  0.000E+00  0.000E+00  0.000E+00  0.000E+00  0.000E+00
  0.000E+00  0.000E+00  0.000E+00  0.000E+00  0.000E+00  0.000E+00  0.000E+00  0.000E+00  0.000E+00  0.000E+00
  0.000E+00  0.000E+00  0.000E+00  0.000E+00  0.000E+00  0.000E+00  0.000E+00  0.000E+00  0.000E+00  0.000E+00
  0.000E+00  0.000E+00  0.000E+00  0.000E+00  0.000E+00  0.000E+00  0.000E+00  0.000E+00  0.000E+00  0.000E+00
  0.000E+00  0.000E+00  0.000E+00  0.000E+00  0.000E+00  0.000E+00  0.000E+00  0.000E+00  0.000E+00  0.000E+00
  0.000E+00  0.000E+00  0.000E+00  0.000E+00  0.000E+00  0.000E+00  0.000E+00  0.000E+00  0.000E+00  0.000E+00
  0.000E+00  0.000E+00  0.000E+00  0.000E+00  0.000E+00  0.000E+00  0.000E+00  0.000E+00  3.117E+04  0.000E+00
  0.000E+00  0.000E+00  0.000E+00  0.000E+00  3.841E+04  0.000E+00  0.000E+00  0.000E+00  3.653E+04  1.275E+03
  0.000E+00  0.000E+00  0.000E+00  0.000E+00  0.000E+00  3.710E+04  0.000E+00  0.000E+00  0.000E+00  0.000E+00
  0.000E+00  0.000E+00  0.000E+00  0.000E+00  0.000E+00  0.000E+00  0.000E+00  0.000E+00  0.000E+00  0.000E+00
  0.000E+00  0.000E+00  0.000E+00  0.000E+00  0.000E+00  0.000E+00  0.000E+00  0.000E+00  0.000E+00  0.000E+00
  0.000E+00  0.000E+00  0.000E+00  0.000E+00  0.000E+00  0.000E+00  0.000E+00  0.000E+00  0.000E+00  0.000E+00
  0.000E+00  0.000E+00  0.000E+00  0.000E+00  0.000E+00  0.000E+00  0.000E+00  0.000E+00  0.000E+00  0.000E+00
  0.000E+00  0.000E+00  0.000E+00  0.000E+00  0.000E+00  0.000E+00  0.000E+00  0.000E+00  0.000E+00  0.000E+00
  0.000E+00  0.000E+00  0.000E+00  0.000E+00  0.000E+00  0.000E+00  0.000E+00  0.000E+00  0.000E+00  0.000E+00
  0.000E+00  0.000E+00  0.000E+00  0.000E+00  0.000E+00  0.000E+00  0.000E+00  0.000E+00  0.000E+00  0.000E+00
  0.000E+00  0.000E+00  0.000E+00  0.000E+00  0.000E+00  0.000E+00  0.000E+00  0.000E+00  0.000E+00  0.000E+00
  0.000E+00  0.000E+00  0.000E+00  0.000E+00  0.000E+00  0.000E+00  0.000E+00  0.000E+00  0.000E+00  0.000E+00
  0.000E+00  0.000E+00  0.000E+00  0.000E+00  0.000E+00  0.000E+00  0.000E+00  0.000E+00  0.000E+00  0.000E+00
  0.000E+00  0.000E+00  0.000E+00  0.000E+00  0.000E+00  0.000E+00  0.000E+00  0.000E+00  0.000E+00  0.000E+00
  0.000E+00  0.000E+00  8.719E+02  3.952E+04  0.000E+00  0.000E+00  0.000E+00  0.000E+00  3.841E+04  0.000E+00
  0.000E+00  0.000E+00  0.000E+00  3.781E+04  0.000E+00  0.000E+00  0.000E+00  0.000E+00  0.000E+00  3.710E+04
  0.000E+00  0.000E+00  0.000E+00  0.000E+00  0.000E+00  0.000E+00  0.000E+00  0.000E+00  0.000E+00  0.000E+00
  0.000E+00  0.000E+00  0.000E+00  0.000E+00  0.000E+00  0.000E+00  0.000E+00  0.000E+00  0.000E+00  0.000E+00
  0.000E+00  0.000E+00  0.000E+00  0.000E+00  0.000E+00  0.000E+00  0.000E+00  0.000E+00  0.000E+00  0.000E+00
  0.000E+00  0.000E+00  0.000E+00  0.000E+00  0.000E+00  0.000E+00  0.000E+00  0.000E+00  0.000E+00  0.000E+00
  0.000E+00  0.000E+00  0.000E+00  0.000E+00  0.000E+00  0.000E+00  0.000E+00  0.000E+00  0.000E+00  0.000E+00
  0.000E+00  0.000E+00  0.000E+00  0.000E+00  0.000E+00  0.000E+00  0.000E+00  0.000E+00  0.000E+00  0.000E+00
  0.000E+00  0.000E+00  0.000E+00  0.000E+00  0.000E+00  0.000E+00  0.000E+00  0.000E+00  0.000E+00  0.000E+00
  0.000E+00  0.000E+00  0.000E+00  0.000E+00  0.000E+00  0.000E+00  0.000E+00  0.000E+00  0.000E+00  0.000E+00
  0.000E+00  0.000E+00  0.000E+00  0.000E+00  0.000E+00  0.000E+00  0.000E+00  0.000E+00  0.000E+00  0.000E+00
  0.000E+00  0.000E+00  0.000E+00  0.000E+00  0.000E+00  0.000E+00  0.000E+00  0.000E+00  0.000E+00  0.000E+00
  0.000E+00  0.000E+00  0.000E+00  0.000E+00  0.000E+00  0.000E+00  0.000E+00  0.000E+00  0.000E+00  0.000E+00
  0.000E+00  0.000E+00  0.000E+00  0.000E+00  0.000E+00  0.000E+00  0.000E+00  4.039E+04  0.000E+00  0.000E+00
  0.000E+00  0.000E+00  3.841E+04  0.000E+00  0.000E+00  0.000E+00  0.000E+00  3.781E+04  0.000E+00  0.000E+00
  0.000E+00  0.000E+00  0.000E+00  3.710E+04  0.000E+00  0.000E+00  0.000E+00  0.000E+00  0.000E+00  0.000E+00
  0.000E+00  0.000E+00  0.000E+00  0.000E+00  0.000E+00  0.000E+00  0.000E+00  0.000E+00  0.000E+00  0.000E+00
  0.000E+00  0.000E+00  0.000E+00  0.000E+00  0.000E+00  0.000E+00  0.000E+00  0.000E+00  0.000E+00  0.000E+00
  0.000E+00  0.000E+00  0.000E+00  0.000E+00  0.000E+00  0.000E+00  0.000E+00  0.000E+00  0.000E+00  0.000E+00
  0.000E+00  0.000E+00  0.000E+00  0.000E+00  0.000E+00  0.000E+00  0.000E+00  0.000E+00  0.000E+00  0.000E+00
  0.000E+00  0.000E+00  0.000E+00  0.000E+00  0.000E+00  0.000E+00  0.000E+00  0.000E+00  0.000E+00  0.000E+00
  0.000E+00  0.000E+00  0.000E+00  0.000E+00  0.000E+00  0.000E+00  0.000E+00  0.000E+00  0.000E+00  0.000E+00
  0.000E+00  0.000E+00  0.000E+00  0.000E+00  0.000E+00  0.000E+00  0.000E+00  0.000E+00  0.000E+00  0.000E+00
  0.000E+00  0.000E+00  0.000E+00  0.000E+00  0.000E+00  0.000E+00  0.000E+00  0.000E+00  0.000E+00  0.000E+00
  0.000E+00  0.000E+00  0.000E+00  0.000E+00  0.000E+00  0.000E+00  0.000E+00  0.000E+00  0.000E+00  0.000E+00
  0.000E+00  0.000E+00  0.000E+00  0.000E+00  0.000E+00  0.000E+00  0.000E+00  0.000E+00  0.000E+00  0.000E+00
  0.000E+00  0.000E+00  0.000E+00  0.000E+00  0.000E+00  0.000E+00  0.000E+00  0.000E+00  0.000E+00  0.000E+00
  0.000E+00  1.262E+04  2.776E+04  0.000E+00  0.000E+00  0.000E+00  2.256E+04  1.585E+04  1.154E+04  0.000E+00
  0.000E+00  3.781E+04  0.000E+00  0.000E+00  0.000E+00  0.000E+00  0.000E+00  3.710E+04  0.000E+00  0.000E+00
  0.000E+00  0.000E+00  0.000E+00  0.000E+00  0.000E+00  0.000E+00  0.000E+00  0.000E+00  0.000E+00  0.000E+00
  0.000E+00  0.000E+00  0.000E+00  0.000E+00  0.000E+00  0.000E+00  0.000E+00  0.000E+00  0.000E+00  0.000E+00
  0.000E+00  0.000E+00  0.000E+00  0.000E+00  0.000E+00  0.000E+00  0.000E+00  0.000E+00  0.000E+00  0.000E+00
  0.000E+00  0.000E+00  0.000E+00  0.000E+00  0.000E+00  0.000E+00  0.000E+00  0.000E+00  0.000E+00  0.000E+00
  0.000E+00  0.000E+00  0.000E+00  0.000E+00  0.000E+00  0.000E+00  0.000E+00  0.000E+00  0.000E+00  0.000E+00
  0.000E+00  0.000E+00  0.000E+00  0.000E+00  0.000E+00  0.000E+00  0.000E+00  0.000E+00  0.000E+00  0.000E+00
  0.000E+00  0.000E+00  0.000E+00  0.000E+00  0.000E+00  0.000E+00  0.000E+00  0.000E+00  0.000E+00  0.000E+00
  0.000E+00  0.000E+00  0.000E+00  0.000E+00  0.000E+00  0.000E+00  0.000E+00  0.000E+00  0.000E+00  0.000E+00
  0.000E+00  0.000E+00  0.000E+00  0.000E+00  0.000E+00  0.000E+00  0.000E+00  0.000E+00  0.000E+00  0.000E+00
  0.000E+00  0.000E+00  0.000E+00  0.000E+00  0.000E+00  0.000E+00  0.000E+00  0.000E+00  0.000E+00  0.000E+00
  0.000E+00  0.000E+00  0.000E+00  0.000E+00  0.000E+00  0.000E+00  0.000E+00  0.000E+00  0.000E+00  0.000E+00
  0.000E+00  0.000E+00  0.000E+00  0.000E+00  0.000E+00  0.000E+00  4.039E+04  0.000E+00  0.000E+00  0.000E+00
  0.000E+00  1.329E+04  2.471E+03  3.645E+04  0.000E+00  3.781E+04  0.000E+00  0.000E+00  0.000E+00  0.000E+00
  0.000E+00  3.710E+04  0.000E+00  0.000E+00  0.000E+00  0.000E+00  0.000E+00  0.000E+00  0.000E+00  0.000E+00
  0.000E+00  0.000E+00  0.000E+00  0.000E+00  0.000E+00  0.000E+00  0.000E+00  0.000E+00  0.000E+00  0.000E+00
  0.000E+00  0.000E+00  0.000E+00  0.000E+00  0.000E+00  0.000E+00  0.000E+00  0.000E+00  0.000E+00  0.000E+00
  0.000E+00  0.000E+00  0.000E+00  0.000E+00  0.000E+00  0.000E+00  0.000E+00  0.000E+00  0.000E+00  0.000E+00
  0.000E+00  0.000E+00  0.000E+00  0.000E+00  0.000E+00  0.000E+00  0.000E+00  0.000E+00  0.000E+00  0.000E+00
  0.000E+00  0.000E+00  0.000E+00  0.000E+00  0.000E+00  0.000E+00  0.000E+00  0.000E+00  0.000E+00  0.000E+00
  0.000E+00  0.000E+00  0.000E+00  0.000E+00  0.000E+00  0.000E+00  0.000E+00  0.000E+00  0.000E+00  0.000E+00
  0.000E+00  0.000E+00  0.000E+00  0.000E+00  0.000E+00  0.000E+00  0.000E+00  0.000E+00  0.000E+00  0.000E+00
  0.000E+00  0.000E+00  0.000E+00  0.000E+00  0.000E+00  0.000E+00  0.000E+00  0.000E+00  0.000E+00  0.000E+00
  0.000E+00  0.000E+00  0.000E+00  0.000E+00  0.000E+00  0.000E+00  0.000E+00  0.000E+00  0.000E+00  0.000E+00
  0.000E+00  0.000E+00  0.000E+00  0.000E+00  0.000E+00  0.000E+00  0.000E+00  0.000E+00  0.000E+00  0.000E+00
  0.000E+00  0.000E+00  0.000E+00  0.000E+00  0.000E+00  0.000E+00  0.000E+00  0.000E+00  0.000E+00  0.000E+00
  2.437E+04  1.601E+04  0.000E+00  0.000E+00  0.000E+00  0.000E+00  0.000E+00  3.892E+04  0.000E+00  2.334E+04
  1.447E+04  0.000E+00  0.000E+00  0.000E+00  0.000E+00  3.261E+04  0.000E+00  0.000E+00  0.000E+00  0.000E+00
  0.000E+00  0.000E+00  0.000E+00  0.000E+00  0.000E+00  0.000E+00  0.000E+00  0.000E+00  0.000E+00  0.000E+00
  0.000E+00  0.000E+00  0.000E+00  0.000E+00  1.864E+04  4.053E+02  0.000E+00  0.000E+00  0.000E+00  0.000E+00
  0.000E+00  0.000E+00  0.000E+00  0.000E+00  0.000E+00  0.000E+00  0.000E+00  0.000E+00  0.000E+00  0.000E+00
  0.000E+00  0.000E+00  0.000E+00  0.000E+00  0.000E+00  0.000E+00  0.000E+00  0.000E+00  0.000E+00  0.000E+00
  0.000E+00  0.000E+00  0.000E+00  0.000E+00  0.000E+00  0.000E+00  0.000E+00  0.000E+00  0.000E+00  0.000E+00
  0.000E+00  0.000E+00  0.000E+00  0.000E+00  0.000E+00  0.000E+00  0.000E+00  0.000E+00  0.000E+00  0.000E+00
  0.000E+00  0.000E+00  0.000E+00  0.000E+00  0.000E+00  0.000E+00  0.000E+00  0.000E+00  2.481E+03  4.792E+04
  0.000E+00  0.000E+00  0.000E+00  0.000E+00  0.000E+00  0.000E+00  0.000E+00  0.000E+00  0.000E+00  0.000E+00
  0.000E+00  0.000E+00  0.000E+00  0.000E+00  0.000E+00  0.000E+00  0.000E+00  0.000E+00  0.000E+00  0.000E+00
  0.000E+00  0.000E+00  0.000E+00  0.000E+00  0.000E+00  0.000E+00  0.000E+00  0.000E+00  0.000E+00  0.000E+00
  0.000E+00  0.000E+00  0.000E+00  0.000E+00  0.000E+00  0.000E+00  0.000E+00  0.000E+00  0.000E+00  0.000E+00
  0.000E+00  0.000E+00  0.000E+00  0.000E+00  0.000E+00  4.039E+04  0.000E+00  0.000E+00  0.000E+00  0.000E+00
  0.000E+00  3.892E+04  0.000E+00  0.000E+00  3.781E+04  0.000E+00  0.000E+00  0.000E+00  0.000E+00  0.000E+00
  0.000E+00  0.000E+00  0.000E+00  0.000E+00  0.000E+00  0.000E+00  0.000E+00  0.000E+00  0.000E+00  0.000E+00
  0.000E+00  0.000E+00  0.000E+00  0.000E+00  0.000E+00  0.000E+00  0.000E+00  0.000E+00  3.817E+04  3.763E+04
  0.000E+00  0.000E+00  0.000E+00  0.000E+00  0.000E+00  0.000E+00  0.000E+00  0.000E+00  0.000E+00  0.000E+00
  0.000E+00  0.000E+00  0.000E+00  0.000E+00  0.000E+00  0.000E+00  0.000E+00  0.000E+00  0.000E+00  0.000E+00
  0.000E+00  0.000E+00  0.000E+00  0.000E+00  0.000E+00  0.000E+00  0.000E+00  3.485E+03  1.185E+04  0.000E+00
  0.000E+00  0.000E+00  0.000E+00  0.000E+00  0.000E+00  0.000E+00  0.000E+00  0.000E+00  0.000E+00  0.000E+00
  0.000E+00  0.000E+00  0.000E+00  0.000E+00  0.000E+00  0.000E+00  0.000E+00  0.000E+00  0.000E+00  0.000E+00
  0.000E+00  1.219E+04  4.544E+04  0.000E+00  0.000E+00  0.000E+00  0.000E+00  0.000E+00  0.000E+00  0.000E+00
  0.000E+00  0.000E+00  0.000E+00  0.000E+00  0.000E+00  0.000E+00  0.000E+00  0.000E+00  0.000E+00  0.000E+00
  0.000E+00  0.000E+00  0.000E+00  0.000E+00  0.000E+00  0.000E+00  0.000E+00  0.000E+00  0.000E+00  0.000E+00
  0.000E+00  0.000E+00  0.000E+00  0.000E+00  0.000E+00  0.000E+00  0.000E+00  0.000E+00  0.000E+00  0.000E+00
  0.000E+00  0.000E+00  0.000E+00  0.000E+00  0.000E+00  0.000E+00  0.000E+00  0.000E+00  0.000E+00  1.545E+04
  0.000E+00  0.000E+00  1.440E+04  0.000E+00  0.000E+00  7.264E+03  3.166E+04  0.000E+00  8.967E+03  0.000E+00
  0.000E+00  0.000E+00  0.000E+00  0.000E+00  0.000E+00  0.000E+00  0.000E+00  0.000E+00  0.000E+00  0.000E+00
  0.000E+00  0.000E+00  0.000E+00  0.000E+00  0.000E+00  0.000E+00  0.000E+00  0.000E+00  0.000E+00  0.000E+00
  0.000E+00  0.000E+00  6.775E+04  8.053E+03  0.000E+00  0.000E+00  0.000E+00  0.000E+00  0.000E+00  0.000E+00
  0.000E+00  0.000E+00  0.000E+00  0.000E+00  0.000E+00  0.000E+00  0.000E+00  0.000E+00  0.000E+00  0.000E+00
  0.000E+00  0.000E+00  0.000E+00  0.000E+00  0.000E+00  0.000E+00  0.000E+00  0.000E+00  0.000E+00  0.000E+00
  0.000E+00  4.580E+04  0.000E+00  0.000E+00  0.000E+00  0.000E+00  0.000E+00  0.000E+00  0.000E+00  0.000E+00
  0.000E+00  0.000E+00  0.000E+00  0.000E+00  0.000E+00  0.000E+00  0.000E+00  0.000E+00  0.000E+00  0.000E+00
  0.000E+00  0.000E+00  0.000E+00  0.000E+00  2.191E+04  3.573E+04  0.000E+00  0.000E+00  0.000E+00  0.000E+00
  0.000E+00  0.000E+00  0.000E+00  0.000E+00  0.000E+00  0.000E+00  0.000E+00  0.000E+00  0.000E+00  0.000E+00
  0.000E+00  0.000E+00  0.000E+00  0.000E+00  0.000E+00  0.000E+00  0.000E+00  0.000E+00  0.000E+00  0.000E+00
  0.000E+00  0.000E+00  0.000E+00  0.000E+00  0.000E+00  0.000E+00  0.000E+00  0.000E+00  0.000E+00  0.000E+00
  0.000E+00  0.000E+00  0.000E+00  0.000E+00  0.000E+00  0.000E+00  0.000E+00  0.000E+00  0.000E+00  0.000E+00
  0.000E+00  0.000E+00  0.000E+00  0.000E+00  0.000E+00  0.000E+00  3.902E+04  1.440E+04  0.000E+00  0.000E+00
  3.892E+04  0.000E+00  0.000E+00  0.000E+00  0.000E+00  0.000E+00  0.000E+00  0.000E+00  0.000E+00  0.000E+00
  0.000E+00  0.000E+00  0.000E+00  0.000E+00  0.000E+00  0.000E+00  0.000E+00  0.000E+00  0.000E+00  0.000E+00
  0.000E+00  0.000E+00  0.000E+00  0.000E+00  0.000E+00  2.533E+03  7.327E+04  0.000E+00  0.000E+00  0.000E+00
  0.000E+00  0.000E+00  0.000E+00  0.000E+00  0.000E+00  0.000E+00  0.000E+00  0.000E+00  0.000E+00  0.000E+00
  0.000E+00  0.000E+00  0.000E+00  0.000E+00  0.000E+00  0.000E+00  1.827E+03  0.000E+00  0.000E+00  0.000E+00
  0.000E+00  0.000E+00  0.000E+00  0.000E+00  3.241E+04  1.339E+04  0.000E+00  0.000E+00  0.000E+00  0.000E+00
  0.000E+00  0.000E+00  0.000E+00  0.000E+00  0.000E+00  0.000E+00  0.000E+00  0.000E+00  0.000E+00  0.000E+00
  0.000E+00  0.000E+00  0.000E+00  0.000E+00  0.000E+00  0.000E+00  0.000E+00  0.000E+00  1.926E+04  0.000E+00
  0.000E+00  0.000E+00  0.000E+00  0.000E+00  0.000E+00  0.000E+00  0.000E+00  0.000E+00  0.000E+00  0.000E+00
  0.000E+00  0.000E+00  0.000E+00  0.000E+00  0.000E+00  0.000E+00  0.000E+00  0.000E+00  0.000E+00  0.000E+00
  0.000E+00  0.000E+00  0.000E+00  0.000E+00  0.000E+00  0.000E+00  0.000E+00  0.000E+00  0.000E+00  0.000E+00
  0.000E+00  0.000E+00  0.000E+00  0.000E+00  0.000E+00  0.000E+00  0.000E+00  0.000E+00  0.000E+00  0.000E+00
  0.000E+00  0.000E+00  0.000E+00  0.000E+00  0.000E+00  0.000E+00  0.000E+00  0.000E+00  0.000E+00  0.000E+00
  3.902E+04  3.977E+04  0.000E+00  0.000E+00  3.892E+04  0.000E+00  0.000E+00  0.000E+00  0.000E+00  0.000E+00
  0.000E+00  0.000E+00  0.000E+00  0.000E+00  0.000E+00  0.000E+00  0.000E+00  0.000E+00  0.000E+00  0.000E+00
  0.000E+00  0.000E+00  0.000E+00  0.000E+00  0.000E+00  0.000E+00  0.000E+00  0.000E+00  0.000E+00  3.817E+04
  3.763E+04  0.000E+00  0.000E+00  0.000E+00  0.000E+00  0.000E+00  0.000E+00  0.000E+00  0.000E+00  0.000E+00
  0.000E+00  0.000E+00  0.000E+00  0.000E+00  0.000E+00  0.000E+00  0.000E+00  0.000E+00  0.000E+00  3.949E+04
  3.065E+03  0.000E+00  0.000E+00  0.000E+00  0.000E+00  0.000E+00  0.000E+00  1.554E+04  3.026E+04  0.000E+00
  0.000E+00  0.000E+00  0.000E+00  0.000E+00  0.000E+00  0.000E+00  0.000E+00  2.030E+04  0.000E+00  0.000E+00
  0.000E+00  0.000E+00  0.000E+00  0.000E+00  0.000E+00  0.000E+00  0.000E+00  0.000E+00  0.000E+00  0.000E+00
  0.000E+00  0.000E+00  0.000E+00  0.000E+00  0.000E+00  0.000E+00  0.000E+00  0.000E+00  0.000E+00  0.000E+00
  0.000E+00  0.000E+00  0.000E+00  0.000E+00  0.000E+00  0.000E+00  0.000E+00  0.000E+00  0.000E+00  0.000E+00
  0.000E+00  0.000E+00  0.000E+00  0.000E+00  0.000E+00  0.000E+00  0.000E+00  0.000E+00  0.000E+00  0.000E+00
  0.000E+00  0.000E+00  0.000E+00  0.000E+00  0.000E+00  0.000E+00  0.000E+00  0.000E+00  0.000E+00  0.000E+00
  0.000E+00  0.000E+00  0.000E+00  0.000E+00  0.000E+00  0.000E+00  0.000E+00  0.000E+00  0.000E+00  0.000E+00
  0.000E+00  0.000E+00  0.000E+00  0.000E+00  1.272E+03  6.120E+04  1.632E+04  0.000E+00  1.206E+04  8.500E+03
  0.000E+00  0.000E+00  0.000E+00  0.000E+00  0.000E+00  0.000E+00  0.000E+00  0.000E+00  0.000E+00  0.000E+00
  0.000E+00  0.000E+00  0.000E+00  0.000E+00  0.000E+00  0.000E+00  0.000E+00  0.000E+00  0.000E+00  0.000E+00
  0.000E+00  0.000E+00  0.000E+00  1.841E+04  3.763E+04  0.000E+00  0.000E+00  0.000E+00  0.000E+00  0.000E+00
  0.000E+00  0.000E+00  0.000E+00  0.000E+00  0.000E+00  0.000E+00  0.000E+00  0.000E+00  0.000E+00  0.000E+00
  0.000E+00  0.000E+00  6.998E+03  3.556E+04  0.000E+00  0.000E+00  0.000E+00  0.000E+00  0.000E+00  0.000E+00
  0.000E+00  4.580E+04  0.000E+00  0.000E+00  0.000E+00  0.000E+00  0.000E+00  0.000E+00  0.000E+00  0.000E+00
  1.772E+04  3.271E+04  0.000E+00  0.000E+00  0.000E+00  0.000E+00  0.000E+00  0.000E+00  0.000E+00  0.000E+00
  0.000E+00  0.000E+00  0.000E+00  0.000E+00  0.000E+00  0.000E+00  0.000E+00  0.000E+00  0.000E+00  0.000E+00
  0.000E+00  0.000E+00  0.000E+00  0.000E+00  0.000E+00  0.000E+00  0.000E+00  0.000E+00  0.000E+00  0.000E+00
  0.000E+00  0.000E+00  0.000E+00  0.000E+00  0.000E+00  0.000E+00  0.000E+00  0.000E+00  0.000E+00  0.000E+00
  0.000E+00  0.000E+00  0.000E+00  0.000E+00  0.000E+00  0.000E+00  0.000E+00  0.000E+00  0.000E+00  0.000E+00
  0.000E+00  0.000E+00  0.000E+00  0.000E+00  0.000E+00  0.000E+00  0.000E+00  0.000E+00  0.000E+00  0.000E+00
  0.000E+00  0.000E+00  0.000E+00  0.000E+00  0.000E+00  0.000E+00  0.000E+00  0.000E+00  3.361E+04  3.902E+04
  3.977E+04  0.000E+00  0.000E+00  0.000E+00  0.000E+00  0.000E+00  0.000E+00  0.000E+00  0.000E+00  0.000E+00
  0.000E+00  0.000E+00  0.000E+00  0.000E+00  0.000E+00  0.000E+00  0.000E+00  2.009E+04  0.000E+00  0.000E+00
  0.000E+00  0.000E+00  0.000E+00  0.000E+00  0.000E+00  0.000E+00  0.000E+00  0.000E+00  3.763E+04  0.000E+00
  0.000E+00  0.000E+00  0.000E+00  0.000E+00  0.000E+00  0.000E+00  0.000E+00  0.000E+00  0.000E+00  0.000E+00
  0.000E+00  0.000E+00  0.000E+00  0.000E+00  0.000E+00  0.000E+00  4.256E+04  0.000E+00  0.000E+00  0.000E+00
  0.000E+00  0.000E+00  0.000E+00  0.000E+00  4.446E+04  1.337E+03  0.000E+00  0.000E+00  0.000E+00  0.000E+00
  0.000E+00  0.000E+00  0.000E+00  1.380E+04  3.662E+04  0.000E+00  0.000E+00  0.000E+00  0.000E+00  0.000E+00
  0.000E+00  0.000E+00  0.000E+00  0.000E+00  0.000E+00  0.000E+00  0.000E+00  0.000E+00  0.000E+00  0.000E+00
  0.000E+00  0.000E+00  0.000E+00  0.000E+00  0.000E+00  0.000E+00  0.000E+00  0.000E+00  0.000E+00  0.000E+00
  0.000E+00  0.000E+00  0.000E+00  0.000E+00  0.000E+00  0.000E+00  0.000E+00  0.000E+00  0.000E+00  0.000E+00
  0.000E+00  0.000E+00  0.000E+00  0.000E+00  0.000E+00  0.000E+00  0.000E+00  0.000E+00  0.000E+00  0.000E+00
  2.515E+04  6.153E+03  0.000E+00  0.000E+00  0.000E+00  0.000E+00  0.000E+00  0.000E+00  0.000E+00  0.000E+00
  0.000E+00  0.000E+00  0.000E+00  0.000E+00  0.000E+00  0.000E+00  0.000E+00  0.000E+00  0.000E+00  0.000E+00
  0.000E+00  0.000E+00  3.407E+04  4.414E+04  3.989E+04  0.000E+00  0.000E+00  0.000E+00  0.000E+00  0.000E+00
  0.000E+00  0.000E+00  0.000E+00  0.000E+00  0.000E+00  0.000E+00  0.000E+00  0.000E+00  0.000E+00  0.000E+00
  0.000E+00  3.722E+04  0.000E+00  0.000E+00  0.000E+00  0.000E+00  0.000E+00  0.000E+00  0.000E+00  0.000E+00
  0.000E+00  0.000E+00  3.348E+04  0.000E+00  0.000E+00  0.000E+00  0.000E+00  0.000E+00  0.000E+00  0.000E+00
  0.000E+00  0.000E+00  0.000E+00  0.000E+00  0.000E+00  0.000E+00  0.000E+00  0.000E+00  0.000E+00  1.706E+04
  2.550E+04  0.000E+00  0.000E+00  0.000E+00  0.000E+00  0.000E+00  0.000E+00  2.759E+04  1.821E+04  0.000E+00
  0.000E+00  0.000E+00  0.000E+00  0.000E+00  0.000E+00  0.000E+00  9.891E+03  4.054E+04  0.000E+00  0.000E+00
  0.000E+00  0.000E+00  0.000E+00  0.000E+00  0.000E+00  0.000E+00  0.000E+00  0.000E+00  0.000E+00  0.000E+00
  0.000E+00  0.000E+00  0.000E+00  0.000E+00  0.000E+00  0.000E+00  0.000E+00  0.000E+00  0.000E+00  0.000E+00
  0.000E+00  0.000E+00  0.000E+00  0.000E+00  0.000E+00  0.000E+00  0.000E+00  0.000E+00  0.000E+00  0.000E+00
  0.000E+00  0.000E+00  0.000E+00  0.000E+00  0.000E+00  0.000E+00  0.000E+00  0.000E+00  0.000E+00  0.000E+00
  0.000E+00  0.000E+00  0.000E+00  0.000E+00  7.856E+02  4.717E+04  0.000E+00  0.000E+00  0.000E+00  0.000E+00
  0.000E+00  0.000E+00  0.000E+00  0.000E+00  0.000E+00  0.000E+00  0.000E+00  0.000E+00  0.000E+00  0.000E+00
  0.000E+00  0.000E+00  0.000E+00  3.874E+04  0.000E+00  0.000E+00  0.000E+00  3.931E+04  4.624E+04  3.255E+04
  0.000E+00  0.000E+00  0.000E+00  0.000E+00  0.000E+00  0.000E+00  0.000E+00  0.000E+00  0.000E+00  0.000E+00
  0.000E+00  3.493E+04  0.000E+00  0.000E+00  0.000E+00  3.722E+04  0.000E+00  0.000E+00  0.000E+00  0.000E+00
  0.000E+00  0.000E+00  0.000E+00  0.000E+00  0.000E+00  0.000E+00  0.000E+00  0.000E+00  0.000E+00  0.000E+00
  0.000E+00  0.000E+00  0.000E+00  0.000E+00  0.000E+00  0.000E+00  0.000E+00  0.000E+00  0.000E+00  0.000E+00
  0.000E+00  0.000E+00  0.000E+00  4.256E+04  0.000E+00  0.000E+00  0.000E+00  0.000E+00  0.000E+00  0.000E+00
  0.000E+00  1.825E+04  0.000E+00  0.000E+00  0.000E+00  0.000E+00  0.000E+00  0.000E+00  0.000E+00  5.978E+03
  4.445E+04  0.000E+00  0.000E+00  0.000E+00  0.000E+00  0.000E+00  0.000E+00  0.000E+00  0.000E+00  0.000E+00
  0.000E+00  0.000E+00  0.000E+00  0.000E+00  0.000E+00  0.000E+00  0.000E+00  0.000E+00  0.000E+00  0.000E+00
  0.000E+00  0.000E+00  0.000E+00  0.000E+00  0.000E+00  0.000E+00  0.000E+00  0.000E+00  0.000E+00  0.000E+00
  0.000E+00  0.000E+00  0.000E+00  0.000E+00  0.000E+00  0.000E+00  0.000E+00  0.000E+00  0.000E+00  0.000E+00
  0.000E+00  0.000E+00  0.000E+00  0.000E+00  0.000E+00  0.000E+00  0.000E+00  0.000E+00  4.700E+04  7.093E+03
  4.072E+04  0.000E+00  0.000E+00  0.000E+00  0.000E+00  0.000E+00  0.000E+00  0.000E+00  0.000E+00  0.000E+00
  0.000E+00  0.000E+00  0.000E+00  3.648E+04  0.000E+00  0.000E+00  0.000E+00  4.685E+04  0.000E+00  0.000E+00
  0.000E+00  3.931E+04  3.902E+04  3.977E+04  0.000E+00  0.000E+00  0.000E+00  0.000E+00  0.000E+00  0.000E+00
  0.000E+00  0.000E+00  0.000E+00  0.000E+00  0.000E+00  3.762E+04  0.000E+00  0.000E+00  0.000E+00  3.722E+04
  0.000E+00  0.000E+00  0.000E+00  0.000E+00  0.000E+00  0.000E+00  0.000E+00  0.000E+00  0.000E+00  0.000E+00
  0.000E+00  0.000E+00  0.000E+00  0.000E+00  0.000E+00  0.000E+00  0.000E+00  0.000E+00  0.000E+00  0.000E+00
  0.000E+00  0.000E+00  0.000E+00  0.000E+00  0.000E+00  0.000E+00  2.712E+04  1.543E+04  0.000E+00  0.000E+00
  0.000E+00  0.000E+00  0.000E+00  0.000E+00  0.000E+00  0.000E+00  0.000E+00  0.000E+00  0.000E+00  0.000E+00
  0.000E+00  0.000E+00  2.064E+03  4.836E+04  0.000E+00  0.000E+00  0.000E+00  0.000E+00  0.000E+00  0.000E+00
  0.000E+00  0.000E+00  0.000E+00  0.000E+00  0.000E+00  0.000E+00  0.000E+00  0.000E+00  0.000E+00  0.000E+00
  0.000E+00  0.000E+00  0.000E+00  0.000E+00  0.000E+00  0.000E+00  0.000E+00  0.000E+00  0.000E+00  0.000E+00
  0.000E+00  0.000E+00  0.000E+00  0.000E+00  0.000E+00  0.000E+00  0.000E+00  0.000E+00  0.000E+00  0.000E+00
  0.000E+00  0.000E+00  0.000E+00  0.000E+00  0.000E+00  0.000E+00  0.000E+00  0.000E+00  0.000E+00  0.000E+00
  0.000E+00  0.000E+00  0.000E+00  4.764E+04  1.905E+04  2.812E+04  0.000E+00  0.000E+00  0.000E+00  0.000E+00
  0.000E+00  0.000E+00  0.000E+00  0.000E+00  0.000E+00  0.000E+00  0.000E+00  2.050E+04  1.958E+04  0.000E+00
  0.000E+00  4.281E+04  3.739E+04  0.000E+00  0.000E+00  2.911E+04  3.220E+04  1.673E+03  0.000E+00  0.000E+00
  0.000E+00  0.000E+00  2.518E+04  0.000E+00  0.000E+00  0.000E+00  0.000E+00  0.000E+00  0.000E+00  3.762E+04
  0.000E+00  0.000E+00  0.000E+00  3.722E+04  0.000E+00  0.000E+00  0.000E+00  0.000E+00  0.000E+00  0.000E+00
  0.000E+00  0.000E+00  0.000E+00  0.000E+00  0.000E+00  0.000E+00  0.000E+00  0.000E+00  0.000E+00  0.000E+00
  0.000E+00  0.000E+00  0.000E+00  0.000E+00  0.000E+00  0.000E+00  0.000E+00  0.000E+00  0.000E+00  0.000E+00
  2.969E+04  0.000E+00  0.000E+00  0.000E+00  0.000E+00  0.000E+00  0.000E+00  0.000E+00  0.000E+00  0.000E+00
  0.000E+00  0.000E+00  0.000E+00  0.000E+00  0.000E+00  0.000E+00  4.356E+04  0.000E+00  0.000E+00  0.000E+00
  0.000E+00  0.000E+00  0.000E+00  0.000E+00  0.000E+00  0.000E+00  0.000E+00  0.000E+00  0.000E+00  0.000E+00
  0.000E+00  0.000E+00  0.000E+00  0.000E+00  0.000E+00  0.000E+00  0.000E+00  0.000E+00  0.000E+00  0.000E+00
  0.000E+00  0.000E+00  0.000E+00  0.000E+00  0.000E+00  0.000E+00  0.000E+00  0.000E+00  0.000E+00  0.000E+00
  0.000E+00  0.000E+00  0.000E+00  0.000E+00  0.000E+00  0.000E+00  0.000E+00  0.000E+00  0.000E+00  0.000E+00
  0.000E+00  0.000E+00  0.000E+00  0.000E+00  0.000E+00  0.000E+00  0.000E+00  9.652E+03  3.799E+04  3.165E+04
  1.552E+04  0.000E+00  0.000E+00  0.000E+00  0.000E+00  0.000E+00  0.000E+00  0.000E+00  0.000E+00  0.000E+00
  0.000E+00  0.000E+00  4.008E+04  0.000E+00  0.000E+00  1.203E+04  6.818E+04  0.000E+00  0.000E+00  0.000E+00
  3.931E+04  0.000E+00  0.000E+00  0.000E+00  0.000E+00  0.000E+00  3.910E+04  0.000E+00  5.765E+03  0.000E+00
  0.000E+00  0.000E+00  0.000E+00  3.762E+04  0.000E+00  0.000E+00  0.000E+00  3.722E+04  0.000E+00  0.000E+00
  0.000E+00  0.000E+00  0.000E+00  0.000E+00  0.000E+00  0.000E+00  0.000E+00  0.000E+00  0.000E+00  0.000E+00
  0.000E+00  0.000E+00  0.000E+00  0.000E+00  0.000E+00  0.000E+00  0.000E+00  0.000E+00  0.000E+00  0.000E+00
  0.000E+00  0.000E+00  0.000E+00  0.000E+00  0.000E+00  0.000E+00  0.000E+00  0.000E+00  0.000E+00  0.000E+00
  0.000E+00  0.000E+00  0.000E+00  0.000E+00  0.000E+00  0.000E+00  0.000E+00  0.000E+00  0.000E+00  0.000E+00
  0.000E+00  0.000E+00  0.000E+00  0.000E+00  0.000E+00  0.000E+00  0.000E+00  0.000E+00  0.000E+00  0.000E+00
  0.000E+00  0.000E+00  0.000E+00  0.000E+00  0.000E+00  0.000E+00  0.000E+00  0.000E+00  0.000E+00  0.000E+00
  0.000E+00  0.000E+00  0.000E+00  0.000E+00  0.000E+00  0.000E+00  0.000E+00  0.000E+00  0.000E+00  0.000E+00
  0.000E+00  0.000E+00  0.000E+00  0.000E+00  0.000E+00  0.000E+00  0.000E+00  0.000E+00  0.000E+00  0.000E+00
  0.000E+00  0.000E+00  0.000E+00  0.000E+00  0.000E+00  0.000E+00  0.000E+00  0.000E+00  0.000E+00  0.000E+00
  0.000E+00  0.000E+00  1.995E+04  2.769E+04  4.425E+04  2.916E+03  0.000E+00  0.000E+00  0.000E+00  0.000E+00
  0.000E+00  0.000E+00  0.000E+00  0.000E+00  0.000E+00  0.000E+00  3.876E+04  1.325E+03  0.000E+00  0.000E+00
  7.253E+04  7.678E+03  0.000E+00  0.000E+00  1.770E+04  0.000E+00  0.000E+00  0.000E+00  0.000E+00  0.000E+00
  3.082E+04  8.278E+03  2.238E+04  1.504E+04  0.000E+00  0.000E+00  0.000E+00  3.762E+04  0.000E+00  0.000E+00
  0.000E+00  3.722E+04  0.000E+00  0.000E+00  0.000E+00  0.000E+00  0.000E+00  0.000E+00  0.000E+00  0.000E+00
  0.000E+00  0.000E+00  0.000E+00  0.000E+00  7.249E+03  0.000E+00  0.000E+00  0.000E+00  0.000E+00  0.000E+00
  0.000E+00  0.000E+00  0.000E+00  0.000E+00  0.000E+00  0.000E+00  0.000E+00  0.000E+00  0.000E+00  0.000E+00
  0.000E+00  0.000E+00  0.000E+00  0.000E+00  0.000E+00  0.000E+00  0.000E+00  0.000E+00  0.000E+00  0.000E+00
  0.000E+00  0.000E+00  0.000E+00  0.000E+00  0.000E+00  0.000E+00  0.000E+00  0.000E+00  0.000E+00  0.000E+00
  0.000E+00  0.000E+00  0.000E+00  0.000E+00  0.000E+00  0.000E+00  0.000E+00  0.000E+00  0.000E+00  0.000E+00
  0.000E+00  0.000E+00  0.000E+00  0.000E+00  0.000E+00  0.000E+00  0.000E+00  0.000E+00  0.000E+00  0.000E+00
  0.000E+00  0.000E+00  0.000E+00  0.000E+00  0.000E+00  0.000E+00  0.000E+00  0.000E+00  0.000E+00  0.000E+00
  0.000E+00  0.000E+00  0.000E+00  0.000E+00  0.000E+00  0.000E+00  0.000E+00  0.000E+00  0.000E+00  0.000E+00
  0.000E+00  0.000E+00  0.000E+00  0.000E+00  0.000E+00  0.000E+00  0.000E+00  3.025E+04  1.740E+04  1.670E+04
  0.000E+00  0.000E+00  0.000E+00  0.000E+00  0.000E+00  0.000E+00  0.000E+00  0.000E+00  0.000E+00  0.000E+00
  0.000E+00  4.008E+04  0.000E+00  0.000E+00  2.652E+04  4.225E+04  0.000E+00  0.000E+00  0.000E+00  0.000E+00
  0.000E+00  0.000E+00  0.000E+00  0.000E+00  0.000E+00  3.910E+04  0.000E+00  3.742E+04  0.000E+00  0.000E+00
  0.000E+00  2.925E+04  0.000E+00  0.000E+00  0.000E+00  5.783E+03  0.000E+00  0.000E+00  0.000E+00  0.000E+00
  0.000E+00  1.095E+04  0.000E+00  0.000E+00  7.007E+03  1.207E+04  0.000E+00  0.000E+00  3.948E+04  0.000E+00
  0.000E+00  0.000E+00  0.000E+00  0.000E+00  0.000E+00  0.000E+00  0.000E+00  0.000E+00  0.000E+00  0.000E+00
  0.000E+00  0.000E+00  0.000E+00  0.000E+00  0.000E+00  0.000E+00  0.000E+00  0.000E+00  0.000E+00  0.000E+00
  0.000E+00  0.000E+00  0.000E+00  0.000E+00  0.000E+00  0.000E+00  0.000E+00  0.000E+00  0.000E+00  0.000E+00
  0.000E+00  0.000E+00  0.000E+00  0.000E+00  0.000E+00  0.000E+00  0.000E+00  0.000E+00  0.000E+00  0.000E+00
  0.000E+00  0.000E+00  0.000E+00  0.000E+00  0.000E+00  0.000E+00  0.000E+00  0.000E+00  0.000E+00  0.000E+00
  0.000E+00  0.000E+00  0.000E+00  0.000E+00  0.000E+00  0.000E+00  0.000E+00  0.000E+00  0.000E+00  0.000E+00
  0.000E+00  0.000E+00  0.000E+00  0.000E+00  0.000E+00  0.000E+00  0.000E+00  0.000E+00  0.000E+00  0.000E+00
  0.000E+00  0.000E+00  0.000E+00  0.000E+00  0.000E+00  0.000E+00  0.000E+00  0.000E+00  0.000E+00  0.000E+00
  0.000E+00  0.000E+00  4.054E+04  7.100E+03  0.000E+00  0.000E+00  0.000E+00  0.000E+00  0.000E+00  0.000E+00
  0.000E+00  0.000E+00  0.000E+00  0.000E+00  0.000E+00  4.008E+04  0.000E+00  0.000E+00  0.000E+00  1.596E+04
  0.000E+00  0.000E+00  0.000E+00  0.000E+00  0.000E+00  0.000E+00  0.000E+00  0.000E+00  0.000E+00  3.910E+04
  0.000E+00  3.742E+04  0.000E+00  0.000E+00  0.000E+00  0.000E+00  0.000E+00  0.000E+00  0.000E+00  0.000E+00
  0.000E+00  0.000E+00  0.000E+00  0.000E+00  0.000E+00  3.821E+04  0.000E+00  0.000E+00  3.876E+04  0.000E+00
  0.000E+00  2.930E+04  1.018E+04  0.000E+00  0.000E+00  0.000E+00  0.000E+00  0.000E+00  0.000E+00  0.000E+00
  0.000E+00  0.000E+00  0.000E+00  0.000E+00  0.000E+00  0.000E+00  0.000E+00  0.000E+00  0.000E+00  0.000E+00
  0.000E+00  0.000E+00  0.000E+00  0.000E+00  0.000E+00  0.000E+00  0.000E+00  0.000E+00  0.000E+00  0.000E+00
  0.000E+00  0.000E+00  0.000E+00  0.000E+00  0.000E+00  0.000E+00  0.000E+00  0.000E+00  0.000E+00  0.000E+00
  0.000E+00  0.000E+00  0.000E+00  0.000E+00  0.000E+00  0.000E+00  0.000E+00  0.000E+00  0.000E+00  0.000E+00
  0.000E+00  0.000E+00  0.000E+00  0.000E+00  0.000E+00  0.000E+00  0.000E+00  0.000E+00  0.000E+00  0.000E+00
  0.000E+00  0.000E+00  0.000E+00  0.000E+00  0.000E+00  0.000E+00  0.000E+00  0.000E+00  0.000E+00  0.000E+00
  0.000E+00  0.000E+00  0.000E+00  0.000E+00  0.000E+00  0.000E+00  0.000E+00  0.000E+00  0.000E+00  0.000E+00
  0.000E+00  0.000E+00  0.000E+00  0.000E+00  0.000E+00  0.000E+00  0.000E+00  4.764E+04  0.000E+00  0.000E+00
  0.000E+00  0.000E+00  0.000E+00  0.000E+00  0.000E+00  0.000E+00  0.000E+00  0.000E+00  5.434E+03  4.870E+04
  0.000E+00  0.000E+00  0.000E+00  0.000E+00  0.000E+00  0.000E+00  0.000E+00  0.000E+00  0.000E+00  0.000E+00
  0.000E+00  0.000E+00  0.000E+00  3.598E+04  3.934E+02  4.289E+04  0.000E+00  0.000E+00  0.000E+00  0.000E+00
  0.000E+00  0.000E+00  3.262E+04  0.000E+00  0.000E+00  0.000E+00  0.000E+00  0.000E+00  7.948E+03  3.027E+04
  0.000E+00  0.000E+00  3.876E+04  0.000E+00  0.000E+00  3.948E+04  0.000E+00  0.000E+00  0.000E+00  0.000E+00
  0.000E+00  0.000E+00  0.000E+00  0.000E+00  0.000E+00  0.000E+00  0.000E+00  0.000E+00  0.000E+00  0.000E+00
  0.000E+00  0.000E+00  0.000E+00  0.000E+00  0.000E+00  0.000E+00  0.000E+00  0.000E+00  0.000E+00  0.000E+00
  0.000E+00  0.000E+00  0.000E+00  0.000E+00  0.000E+00  0.000E+00  0.000E+00  0.000E+00  0.000E+00  0.000E+00
  0.000E+00  0.000E+00  0.000E+00  0.000E+00  0.000E+00  0.000E+00  0.000E+00  0.000E+00  0.000E+00  0.000E+00
  0.000E+00  0.000E+00  0.000E+00  0.000E+00  0.000E+00  0.000E+00  0.000E+00  0.000E+00  0.000E+00  0.000E+00
  0.000E+00  0.000E+00  0.000E+00  0.000E+00  0.000E+00  0.000E+00  0.000E+00  0.000E+00  0.000E+00  0.000E+00
  0.000E+00  0.000E+00  0.000E+00  0.000E+00  0.000E+00  0.000E+00  0.000E+00  0.000E+00  0.000E+00  0.000E+00
  0.000E+00  0.000E+00  0.000E+00  0.000E+00  0.000E+00  0.000E+00  0.000E+00  0.000E+00  0.000E+00  0.000E+00
  0.000E+00  3.197E+03  4.445E+04  0.000E+00  0.000E+00  0.000E+00  0.000E+00  0.000E+00  0.000E+00  0.000E+00
  0.000E+00  0.000E+00  0.000E+00  3.411E+04  9.764E+03  0.000E+00  0.000E+00  0.000E+00  2.534E+04  0.000E+00
  0.000E+00  0.000E+00  2.556E+04  0.000E+00  0.000E+00  0.000E+00  0.000E+00  0.000E+00  4.255E+03  7.493E+04
  0.000E+00  1.862E+04  0.000E+00  0.000E+00  0.000E+00  2.392E+04  3.748E+04  0.000E+00  0.000E+00  0.000E+00
  0.000E+00  0.000E+00  3.821E+04  0.000E+00  0.000E+00  0.000E+00  3.876E+04  0.000E+00  0.000E+00  3.948E+04
  0.000E+00  0.000E+00  0.000E+00  0.000E+00  0.000E+00  0.000E+00  0.000E+00  0.000E+00  0.000E+00  0.000E+00
  0.000E+00  0.000E+00  0.000E+00  0.000E+00  0.000E+00  0.000E+00  0.000E+00  0.000E+00  0.000E+00  0.000E+00
  2.032E+04  0.000E+00  0.000E+00  0.000E+00  0.000E+00  0.000E+00  0.000E+00  0.000E+00  0.000E+00  0.000E+00
  0.000E+00  0.000E+00  0.000E+00  0.000E+00  0.000E+00  0.000E+00  0.000E+00  0.000E+00  0.000E+00  0.000E+00
  0.000E+00  0.000E+00  0.000E+00  0.000E+00  0.000E+00  0.000E+00  0.000E+00  0.000E+00  0.000E+00  0.000E+00
  0.000E+00  0.000E+00  0.000E+00  0.000E+00  0.000E+00  0.000E+00  0.000E+00  0.000E+00  0.000E+00  0.000E+00
  0.000E+00  0.000E+00  0.000E+00  0.000E+00  0.000E+00  0.000E+00  0.000E+00  0.000E+00  0.000E+00  0.000E+00
  0.000E+00  0.000E+00  0.000E+00  0.000E+00  2.634E+04  2.493E+04  0.000E+00  0.000E+00  0.000E+00  0.000E+00
  0.000E+00  0.000E+00  0.000E+00  0.000E+00  0.000E+00  0.000E+00  1.349E+04  3.415E+04  0.000E+00  0.000E+00
  0.000E+00  0.000E+00  0.000E+00  0.000E+00  1.592E+04  0.000E+00  0.000E+00  0.000E+00  4.387E+04  0.000E+00
  0.000E+00  0.000E+00  1.056E+04  3.113E+04  0.000E+00  0.000E+00  1.931E+04  2.069E+04  0.000E+00  0.000E+00
  0.000E+00  0.000E+00  3.853E+04  4.635E+04  0.000E+00  3.809E+04  0.000E+00  0.000E+00  0.000E+00  4.429E+04
  3.748E+04  0.000E+00  0.000E+00  0.000E+00  0.000E+00  0.000E+00  3.821E+04  0.000E+00  0.000E+00  2.422E+04
  1.454E+04  0.000E+00  3.463E+04  4.850E+03  0.000E+00  0.000E+00  0.000E+00  0.000E+00  0.000E+00  1.357E+04
  1.268E+04  0.000E+00  0.000E+00  0.000E+00  0.000E+00  0.000E+00  0.000E+00  0.000E+00  0.000E+00  0.000E+00
  0.000E+00  0.000E+00  0.000E+00  3.476E+04  1.274E+04  0.000E+00  0.000E+00  0.000E+00  0.000E+00  0.000E+00
  0.000E+00  0.000E+00  0.000E+00  0.000E+00  0.000E+00  0.000E+00  0.000E+00  0.000E+00  0.000E+00  0.000E+00
  0.000E+00  0.000E+00  0.000E+00  0.000E+00  0.000E+00  0.000E+00  0.000E+00  0.000E+00  0.000E+00  0.000E+00
  0.000E+00  0.000E+00  0.000E+00  0.000E+00  0.000E+00  0.000E+00  0.000E+00  0.000E+00  0.000E+00  0.000E+00
  0.000E+00  0.000E+00  0.000E+00  0.000E+00  0.000E+00  0.000E+00  0.000E+00  0.000E+00  0.000E+00  0.000E+00
  0.000E+00  0.000E+00  0.000E+00  0.000E+00  0.000E+00  0.000E+00  0.000E+00  0.000E+00  0.000E+00  2.682E+04
  2.619E+04  0.000E+00  0.000E+00  0.000E+00  0.000E+00  0.000E+00  0.000E+00  0.000E+00  0.000E+00  0.000E+00
  0.000E+00  2.379E+04  2.385E+04  0.000E+00  0.000E+00  0.000E+00  0.000E+00  0.000E+00  1.738E+03  4.252E+04
  0.000E+00  0.000E+00  1.794E+04  2.593E+04  0.000E+00  0.000E+00  0.000E+00  4.169E+04  0.000E+00  0.000E+00
  0.000E+00  4.000E+04  0.000E+00  0.000E+00  0.000E+00  0.000E+00  4.791E+04  3.751E+04  0.000E+00  3.809E+04
  0.000E+00  0.000E+00  0.000E+00  7.615E+04  5.233E+04  0.000E+00  0.000E+00  0.000E+00  0.000E+00  0.000E+00
  3.821E+04  0.000E+00  0.000E+00  3.110E+04  0.000E+00  0.000E+00  8.142E+03  0.000E+00  0.000E+00  0.000E+00
  0.000E+00  0.000E+00  0.000E+00  4.105E+04  0.000E+00  0.000E+00  0.000E+00  0.000E+00  0.000E+00  0.000E+00
  0.000E+00  0.000E+00  0.000E+00  0.000E+00  0.000E+00  0.000E+00  2.256E+04  2.495E+04  0.000E+00  0.000E+00
  0.000E+00  0.000E+00  0.000E+00  0.000E+00  0.000E+00  0.000E+00  0.000E+00  0.000E+00  0.000E+00  0.000E+00
  0.000E+00  0.000E+00  0.000E+00  0.000E+00  0.000E+00  0.000E+00  0.000E+00  0.000E+00  0.000E+00  0.000E+00
  0.000E+00  0.000E+00  0.000E+00  0.000E+00  0.000E+00  0.000E+00  0.000E+00  0.000E+00  0.000E+00  0.000E+00
  0.000E+00  0.000E+00  0.000E+00  0.000E+00  0.000E+00  0.000E+00  0.000E+00  0.000E+00  0.000E+00  0.000E+00
  0.000E+00  0.000E+00  0.000E+00  0.000E+00  0.000E+00  0.000E+00  0.000E+00  0.000E+00  0.000E+00  0.000E+00
  0.000E+00  0.000E+00  0.000E+00  0.000E+00  2.556E+04  2.745E+04  0.000E+00  0.000E+00  0.000E+00  0.000E+00
  0.000E+00  0.000E+00  0.000E+00  0.000E+00  2.801E+04  0.000E+00  3.409E+04  1.355E+04  0.000E+00  0.000E+00
  0.000E+00  0.000E+00  0.000E+00  2.924E+04  1.502E+04  0.000E+00  0.000E+00  1.722E+04  0.000E+00  0.000E+00
  0.000E+00  1.118E+04  5.867E+04  0.000E+00  0.000E+00  4.000E+04  0.000E+00  0.000E+00  0.000E+00  0.000E+00
  4.214E+04  7.164E+04  0.000E+00  3.809E+04  0.000E+00  3.469E+04  0.000E+00  7.615E+04  7.443E+04  0.000E+00
  0.000E+00  0.000E+00  1.735E+04  0.000E+00  7.651E+03  0.000E+00  0.000E+00  0.000E+00  0.000E+00  0.000E+00
  0.000E+00  0.000E+00  0.000E+00  0.000E+00  0.000E+00  0.000E+00  5.232E+03  3.582E+04  0.000E+00  0.000E+00
  0.000E+00  0.000E+00  0.000E+00  0.000E+00  0.000E+00  0.000E+00  0.000E+00  0.000E+00  0.000E+00  1.035E+04
  3.715E+04  0.000E+00  0.000E+00  0.000E+00  0.000E+00  0.000E+00  0.000E+00  0.000E+00  0.000E+00  0.000E+00
  0.000E+00  0.000E+00  0.000E+00  0.000E+00  0.000E+00  0.000E+00  0.000E+00  0.000E+00  0.000E+00  0.000E+00
  0.000E+00  0.000E+00  0.000E+00  0.000E+00  0.000E+00  0.000E+00  0.000E+00  0.000E+00  0.000E+00  0.000E+00
  0.000E+00  0.000E+00  0.000E+00  0.000E+00  0.000E+00  0.000E+00  0.000E+00  0.000E+00  0.000E+00  0.000E+00
  0.000E+00  0.000E+00  0.000E+00  0.000E+00  0.000E+00  0.000E+00  0.000E+00  0.000E+00  0.000E+00  0.000E+00
  0.000E+00  0.000E+00  0.000E+00  0.000E+00  0.000E+00  0.000E+00  0.000E+00  0.000E+00  0.000E+00  2.430E+04
  2.870E+04  4.373E+03  8.466E+03  0.000E+00  0.000E+00  0.000E+00  0.000E+00  0.000E+00  2.833E+03  4.905E+04
  0.000E+00  3.900E+04  1.213E+04  0.000E+00  0.000E+00  0.000E+00  0.000E+00  0.000E+00  4.426E+04  0.000E+00
  0.000E+00  0.000E+00  0.000E+00  0.000E+00  0.000E+00  0.000E+00  8.269E+04  0.000E+00  0.000E+00  4.008E+03
  3.599E+04  0.000E+00  0.000E+00  0.000E+00  3.775E+04  7.604E+04  0.000E+00  5.697E+04  0.000E+00  3.773E+04
  0.000E+00  5.005E+04  3.935E+04  0.000E+00  0.000E+00  0.000E+00  3.901E+04  0.000E+00  0.000E+00  0.000E+00
  0.000E+00  0.000E+00  0.000E+00  0.000E+00  0.000E+00  3.451E+04  0.000E+00  0.000E+00  0.000E+00  0.000E+00
  4.105E+04  0.000E+00  1.488E+04  1.843E+04  0.000E+00  0.000E+00  0.000E+00  0.000E+00  0.000E+00  0.000E+00
  0.000E+00  0.000E+00  0.000E+00  4.750E+04  0.000E+00  0.000E+00  0.000E+00  0.000E+00  0.000E+00  0.000E+00
  0.000E+00  0.000E+00  0.000E+00  0.000E+00  0.000E+00  0.000E+00  0.000E+00  0.000E+00  0.000E+00  0.000E+00
  0.000E+00  0.000E+00  0.000E+00  0.000E+00  0.000E+00  0.000E+00  0.000E+00  0.000E+00  0.000E+00  0.000E+00
  0.000E+00  0.000E+00  0.000E+00  0.000E+00  0.000E+00  0.000E+00  0.000E+00  0.000E+00  0.000E+00  1.136E+04
  0.000E+00  0.000E+00  0.000E+00  0.000E+00  0.000E+00  0.000E+00  0.000E+00  0.000E+00  0.000E+00  0.000E+00
  0.000E+00  0.000E+00  0.000E+00  0.000E+00  0.000E+00  0.000E+00  0.000E+00  0.000E+00  0.000E+00  0.000E+00
  0.000E+00  0.000E+00  0.000E+00  0.000E+00  2.305E+04  2.996E+04  4.615E+04  4.496E+03  0.000E+00  0.000E+00
  0.000E+00  0.000E+00  0.000E+00  5.218E+03  4.667E+04  0.000E+00  4.657E+04  0.000E+00  0.000E+00  0.000E+00
  0.000E+00  0.000E+00  1.249E+04  2.889E+03  0.000E+00  0.000E+00  0.000E+00  0.000E+00  0.000E+00  0.000E+00
  1.093E+04  3.888E+04  0.000E+00  1.184E+04  1.176E+04  0.000E+00  0.000E+00  0.000E+00  3.413E+04  5.403E+04
  0.000E+00  4.166E+04  0.000E+00  3.773E+04  0.000E+00  1.696E+04  3.694E+04  0.000E+00  0.000E+00  3.010E+04
  8.908E+03  0.000E+00  0.000E+00  0.000E+00  0.000E+00  0.000E+00  0.000E+00  0.000E+00  3.143E+04  8.658E+03
  0.000E+00  0.000E+00  0.000E+00  0.000E+00  4.105E+04  0.000E+00  6.749E+04  4.746E+03  0.000E+00  0.000E+00
  0.000E+00  0.000E+00  0.000E+00  0.000E+00  0.000E+00  0.000E+00  2.245E+04  1.850E+03  0.000E+00  0.000E+00
  0.000E+00  0.000E+00  0.000E+00  0.000E+00  0.000E+00  0.000E+00  0.000E+00  0.000E+00  0.000E+00  0.000E+00
  0.000E+00  0.000E+00  0.000E+00  0.000E+00  0.000E+00  0.000E+00  0.000E+00  0.000E+00  0.000E+00  0.000E+00
  0.000E+00  0.000E+00  0.000E+00  0.000E+00  0.000E+00  0.000E+00  0.000E+00  0.000E+00  0.000E+00  0.000E+00
  0.000E+00  0.000E+00  0.000E+00  0.000E+00  0.000E+00  0.000E+00  0.000E+00  0.000E+00  0.000E+00  0.000E+00
  0.000E+00  0.000E+00  0.000E+00  0.000E+00  0.000E+00  0.000E+00  0.000E+00  0.000E+00  0.000E+00  0.000E+00
  0.000E+00  0.000E+00  0.000E+00  0.000E+00  0.000E+00  0.000E+00  0.000E+00  0.000E+00  0.000E+00  1.994E+04
  0.000E+00  5.012E+04  5.258E+02  0.000E+00  0.000E+00  0.000E+00  0.000E+00  0.000E+00  7.603E+03  4.057E+04
  2.963E+03  4.361E+04  0.000E+00  0.000E+00  0.000E+00  0.000E+00  0.000E+00  0.000E+00  0.000E+00  0.000E+00
  0.000E+00  4.000E+01  0.000E+00  0.000E+00  0.000E+00  4.100E+04  0.000E+00  4.194E+04  0.000E+00  0.000E+00
  0.000E+00  0.000E+00  1.384E+04  6.015E+04  0.000E+00  3.762E+04  0.000E+00  3.773E+04  0.000E+00  0.000E+00
  3.694E+04  0.000E+00  0.000E+00  2.979E+04  0.000E+00  0.000E+00  0.000E+00  0.000E+00  0.000E+00  0.000E+00
  0.000E+00  3.369E+04  4.008E+04  0.000E+00  0.000E+00  0.000E+00  0.000E+00  2.892E+04  3.101E+03  3.057E+04
  1.347E+04  0.000E+00  0.000E+00  0.000E+00  0.000E+00  0.000E+00  0.000E+00  0.000E+00  0.000E+00  0.000E+00
  0.000E+00  0.000E+00  0.000E+00  0.000E+00  0.000E+00  0.000E+00  0.000E+00  0.000E+00  0.000E+00  0.000E+00
  0.000E+00  0.000E+00  0.000E+00  0.000E+00  0.000E+00  0.000E+00  0.000E+00  0.000E+00  0.000E+00  0.000E+00
  0.000E+00  0.000E+00  0.000E+00  0.000E+00  0.000E+00  0.000E+00  0.000E+00  0.000E+00  0.000E+00  0.000E+00
  0.000E+00  0.000E+00  0.000E+00  0.000E+00  0.000E+00  0.000E+00  0.000E+00  0.000E+00  0.000E+00  0.000E+00
  0.000E+00  0.000E+00  0.000E+00  0.000E+00  0.000E+00  0.000E+00  1.789E+04  3.269E+04  0.000E+00  0.000E+00
  0.000E+00  0.000E+00  0.000E+00  0.000E+00  0.000E+00  0.000E+00  0.000E+00  0.000E+00  0.000E+00  0.000E+00
  0.000E+00  0.000E+00  0.000E+00  0.000E+00  0.000E+00  0.000E+00  5.065E+04  0.000E+00  0.000E+00  0.000E+00
  0.000E+00  0.000E+00  0.000E+00  0.000E+00  0.000E+00  1.806E+04  2.851E+04  0.000E+00  0.000E+00  0.000E+00
  0.000E+00  0.000E+00  0.000E+00  0.000E+00  0.000E+00  4.190E+04  0.000E+00  0.000E+00  0.000E+00  9.552E+03
  3.145E+04  2.206E+04  2.392E+04  0.000E+00  0.000E+00  0.000E+00  7.573E+02  6.954E+04  0.000E+00  3.762E+04
  0.000E+00  9.048E+03  1.260E+04  0.000E+00  2.012E+04  0.000E+00  0.000E+00  0.000E+00  0.000E+00  0.000E+00
  3.460E+03  1.057E+04  0.000E+00  0.000E+00  0.000E+00  4.076E+04  7.941E+03  0.000E+00  0.000E+00  0.000E+00
  3.263E+04  1.001E+04  0.000E+00  4.014E+04  0.000E+00  0.000E+00  0.000E+00  0.000E+00  0.000E+00  0.000E+00
  0.000E+00  0.000E+00  0.000E+00  0.000E+00  0.000E+00  0.000E+00  0.000E+00  0.000E+00  0.000E+00  0.000E+00
  0.000E+00  0.000E+00  0.000E+00  0.000E+00  0.000E+00  0.000E+00  0.000E+00  0.000E+00  0.000E+00  0.000E+00
  0.000E+00  0.000E+00  0.000E+00  0.000E+00  0.000E+00  0.000E+00  0.000E+00  0.000E+00  0.000E+00  0.000E+00
  0.000E+00  0.000E+00  0.000E+00  0.000E+00  0.000E+00  2.264E+04  2.769E+03  0.000E+00  0.000E+00  0.000E+00
  0.000E+00  0.000E+00  0.000E+00  0.000E+00  0.000E+00  0.000E+00  0.000E+00  0.000E+00  0.000E+00  0.000E+00
  0.000E+00  1.253E+04  4.522E+04  6.517E+03  0.000E+00  0.000E+00  0.000E+00  0.000E+00  0.000E+00  0.000E+00
  0.000E+00  0.000E+00  0.000E+00  0.000E+00  0.000E+00  0.000E+00  7.990E+03  4.435E+04  0.000E+00  0.000E+00
  3.444E+03  4.720E+04  1.003E+04  0.000E+00  0.000E+00  0.000E+00  0.000E+00  0.000E+00  0.000E+00  0.000E+00
  3.315E+04  1.342E+04  0.000E+00  0.000E+00  0.000E+00  0.000E+00  0.000E+00  0.000E+00  0.000E+00  4.190E+04
  0.000E+00  0.000E+00  0.000E+00  0.000E+00  2.097E+04  9.652E+03  9.261E+04  0.000E+00  0.000E+00  3.831E+04
  4.045E+04  3.933E+04  0.000E+00  3.762E+04  0.000E+00  0.000E+00  0.000E+00  0.000E+00  3.093E+03  0.000E+00
  0.000E+00  0.000E+00  0.000E+00  0.000E+00  3.808E+04  3.804E+04  0.000E+00  0.000E+00  3.222E+04  8.537E+03
  0.000E+00  0.000E+00  1.072E+04  0.000E+00  4.264E+04  0.000E+00  0.000E+00  0.000E+00  0.000E+00  0.000E+00
  0.000E+00  0.000E+00  0.000E+00  0.000E+00  0.000E+00  0.000E+00  0.000E+00  0.000E+00  0.000E+00  3.676E+04
  0.000E+00  0.000E+00  0.000E+00  0.000E+00  0.000E+00  0.000E+00  0.000E+00  0.000E+00  0.000E+00  0.000E+00
  0.000E+00  0.000E+00  0.000E+00  0.000E+00  0.000E+00  0.000E+00  0.000E+00  0.000E+00  0.000E+00  0.000E+00
  0.000E+00  0.000E+00  0.000E+00  0.000E+00  0.000E+00  0.000E+00  0.000E+00  1.853E+04  4.172E+04  1.908E+04
  0.000E+00  0.000E+00  0.000E+00  0.000E+00  0.000E+00  0.000E+00  0.000E+00  0.000E+00  0.000E+00  0.000E+00
  0.000E+00  0.000E+00  0.000E+00  0.000E+00  0.000E+00  0.000E+00  0.000E+00  3.871E+04  2.557E+04  0.000E+00
  0.000E+00  0.000E+00  0.000E+00  0.000E+00  0.000E+00  0.000E+00  0.000E+00  0.000E+00  0.000E+00  0.000E+00
  0.000E+00  1.101E+03  4.545E+04  1.785E+04  0.000E+00  7.414E+03  4.154E+04  3.346E+04  0.000E+00  0.000E+00
  0.000E+00  0.000E+00  0.000E+00  0.000E+00  0.000E+00  1.578E+04  0.000E+00  0.000E+00  0.000E+00  0.000E+00
  0.000E+00  0.000E+00  0.000E+00  9.902E+02  4.091E+04  0.000E+00  0.000E+00  0.000E+00  0.000E+00  0.000E+00
  1.038E+05  1.609E+04  0.000E+00  3.951E+04  4.045E+04  3.933E+04  0.000E+00  3.716E+02  0.000E+00  0.000E+00
  0.000E+00  0.000E+00  3.805E+04  0.000E+00  2.724E+04  0.000E+00  0.000E+00  4.933E+03  3.808E+04  3.804E+04
  0.000E+00  0.000E+00  4.076E+04  0.000E+00  0.000E+00  0.000E+00  4.281E+04  3.771E+04  4.931E+03  0.000E+00
  0.000E+00  0.000E+00  0.000E+00  0.000E+00  0.000E+00  0.000E+00  0.000E+00  0.000E+00  0.000E+00  0.000E+00
  0.000E+00  0.000E+00  5.078E+04  6.547E+03  0.000E+00  0.000E+00  0.000E+00  0.000E+00  0.000E+00  0.000E+00
  0.000E+00  0.000E+00  0.000E+00  0.000E+00  0.000E+00  0.000E+00  0.000E+00  0.000E+00  0.000E+00  0.000E+00
  0.000E+00  0.000E+00  0.000E+00  0.000E+00  0.000E+00  0.000E+00  0.000E+00  0.000E+00  0.000E+00  1.441E+04
  4.172E+04  2.319E+04  0.000E+00  0.000E+00  0.000E+00  0.000E+00  0.000E+00  0.000E+00  0.000E+00  0.000E+00
  0.000E+00  0.000E+00  0.000E+00  0.000E+00  0.000E+00  0.000E+00  0.000E+00  0.000E+00  0.000E+00  0.000E+00
  0.000E+00  0.000E+00  1.966E+04  4.462E+04  0.000E+00  0.000E+00  0.000E+00  0.000E+00  0.000E+00  0.000E+00
  0.000E+00  0.000E+00  0.000E+00  0.000E+00  0.000E+00  0.000E+00  0.000E+00  2.759E+04  3.681E+04  0.000E+00
  0.000E+00  1.980E+04  3.367E+04  0.000E+00  0.000E+00  0.000E+00  0.000E+00  0.000E+00  0.000E+00  0.000E+00
  0.000E+00  0.000E+00  0.000E+00  0.000E+00  0.000E+00  0.000E+00  0.000E+00  1.304E+04  1.259E+04  0.000E+00
  0.000E+00  0.000E+00  0.000E+00  0.000E+00  2.680E+04  5.570E+04  0.000E+00  1.984E+04  6.588E+04  3.889E+04
  0.000E+00  0.000E+00  3.841E+04  4.610E+03  0.000E+00  0.000E+00  3.805E+04  0.000E+00  3.809E+04  0.000E+00
  0.000E+00  3.750E+04  3.808E+04  3.804E+04  0.000E+00  1.411E+04  3.673E+04  0.000E+00  0.000E+00  2.770E+04
  1.511E+04  1.109E+04  0.000E+00  0.000E+00  0.000E+00  0.000E+00  0.000E+00  0.000E+00  0.000E+00  0.000E+00
  0.000E+00  0.000E+00  0.000E+00  0.000E+00  0.000E+00  4.154E+04  6.023E+04  0.000E+00  0.000E+00  0.000E+00
  0.000E+00  0.000E+00  0.000E+00  0.000E+00  0.000E+00  0.000E+00  0.000E+00  0.000E+00  0.000E+00  0.000E+00
  0.000E+00  0.000E+00  0.000E+00  0.000E+00  0.000E+00  0.000E+00  0.000E+00  0.000E+00  0.000E+00  0.000E+00
  0.000E+00  1.030E+04  4.172E+04  2.731E+04  0.000E+00  0.000E+00  0.000E+00  0.000E+00  0.000E+00  0.000E+00
  0.000E+00  0.000E+00  0.000E+00  0.000E+00  0.000E+00  0.000E+00  0.000E+00  0.000E+00  0.000E+00  0.000E+00
  0.000E+00  0.000E+00  0.000E+00  0.000E+00  0.000E+00  0.000E+00  0.000E+00  6.068E+02  4.522E+04  1.519E+04
  0.000E+00  0.000E+00  0.000E+00  0.000E+00  0.000E+00  0.000E+00  0.000E+00  0.000E+00  0.000E+00  0.000E+00
  0.000E+00  0.000E+00  8.641E+03  4.545E+04  1.031E+04  0.000E+00  1.959E+04  5.354E+04  0.000E+00  0.000E+00
  0.000E+00  0.000E+00  3.862E+04  0.000E+00  0.000E+00  0.000E+00  0.000E+00  0.000E+00  0.000E+00  0.000E+00
  0.000E+00  4.231E+04  0.000E+00  0.000E+00  0.000E+00  0.000E+00  0.000E+00  0.000E+00  0.000E+00  6.740E+04
  0.000E+00  0.000E+00  7.075E+04  4.045E+04  0.000E+00  0.000E+00  3.796E+04  3.873E+04  0.000E+00  0.000E+00
  3.805E+04  0.000E+00  7.886E+03  0.000E+00  0.000E+00  3.750E+04  5.615E+04  2.973E+04  0.000E+00  3.833E+04
  0.000E+00  0.000E+00  1.652E+04  3.781E+04  0.000E+00  0.000E+00  0.000E+00  0.000E+00  0.000E+00  0.000E+00
  2.785E+04  0.000E+00  0.000E+00  0.000E+00  0.000E+00  3.815E+04  6.806E+02  0.000E+00  3.230E+04  6.947E+04
  0.000E+00  0.000E+00  0.000E+00  0.000E+00  0.000E+00  0.000E+00  0.000E+00  0.000E+00  0.000E+00  0.000E+00
  0.000E+00  0.000E+00  0.000E+00  0.000E+00  0.000E+00  0.000E+00  0.000E+00  0.000E+00  0.000E+00  0.000E+00
  0.000E+00  0.000E+00  0.000E+00  6.184E+03  4.172E+04  3.142E+04  0.000E+00  0.000E+00  0.000E+00  0.000E+00
  0.000E+00  0.000E+00  0.000E+00  0.000E+00  0.000E+00  0.000E+00  0.000E+00  0.000E+00  0.000E+00  0.000E+00
  0.000E+00  0.000E+00  0.000E+00  0.000E+00  0.000E+00  0.000E+00  0.000E+00  0.000E+00  0.000E+00  0.000E+00
  0.000E+00  0.000E+00  0.000E+00  0.000E+00  0.000E+00  0.000E+00  0.000E+00  0.000E+00  0.000E+00  0.000E+00
  0.000E+00  0.000E+00  0.000E+00  0.000E+00  0.000E+00  0.000E+00  0.000E+00  0.000E+00  1.590E+02  0.000E+00
  0.000E+00  1.492E+04  3.837E+04  0.000E+00  0.000E+00  0.000E+00  4.822E+03  5.171E+04  3.756E+02  0.000E+00
  0.000E+00  0.000E+00  0.000E+00  0.000E+00  0.000E+00  2.149E+04  2.082E+04  0.000E+00  0.000E+00  0.000E+00
  0.000E+00  0.000E+00  0.000E+00  1.913E+04  0.000E+00  0.000E+00  3.846E+04  2.651E+04  0.000E+00  0.000E+00
  3.796E+04  6.913E+04  0.000E+00  0.000E+00  2.358E+04  0.000E+00  0.000E+00  0.000E+00  0.000E+00  3.750E+04
  4.662E+04  0.000E+00  0.000E+00  3.833E+04  0.000E+00  2.837E+04  1.227E+04  0.000E+00  0.000E+00  0.000E+00
  0.000E+00  0.000E+00  0.000E+00  2.709E+04  1.667E+04  0.000E+00  0.000E+00  0.000E+00  1.336E+04  3.117E+04
  0.000E+00  6.928E+03  7.588E+04  0.000E+00  0.000E+00  0.000E+00  0.000E+00  0.000E+00  0.000E+00  4.334E+03
  4.573E+04  8.759E+03  0.000E+00  0.000E+00  0.000E+00  8.204E+03  4.306E+04  1.488E+04  0.000E+00  0.000E+00
  0.000E+00  0.000E+00  0.000E+00  0.000E+00  0.000E+00  0.000E+00  0.000E+00  3.295E+03  0.000E+00  0.000E+00
  0.000E+00  0.000E+00  0.000E+00  0.000E+00  0.000E+00  0.000E+00  0.000E+00  0.000E+00  0.000E+00  0.000E+00
  0.000E+00  0.000E+00  0.000E+00  0.000E+00  0.000E+00  0.000E+00  0.000E+00  0.000E+00  0.000E+00  0.000E+00
  0.000E+00  0.000E+00  0.000E+00  0.000E+00  0.000E+00  0.000E+00  0.000E+00  0.000E+00  0.000E+00  0.000E+00
  0.000E+00  0.000E+00  3.521E+04  1.112E+04  0.000E+00  0.000E+00  0.000E+00  0.000E+00  0.000E+00  0.000E+00
  0.000E+00  0.000E+00  0.000E+00  0.000E+00  0.000E+00  0.000E+00  1.372E+04  3.957E+04  0.000E+00  0.000E+00
  0.000E+00  0.000E+00  3.459E+04  0.000E+00  0.000E+00  0.000E+00  0.000E+00  0.000E+00  3.008E+04  0.000E+00
  4.231E+04  0.000E+00  0.000E+00  0.000E+00  0.000E+00  0.000E+00  2.549E+04  0.000E+00  0.000E+00  0.000E+00
  1.681E+04  5.996E+04  1.683E+03  0.000E+00  3.893E+04  8.958E+04  0.000E+00  0.000E+00  0.000E+00  0.000E+00
  0.000E+00  0.000E+00  0.000E+00  7.205E+04  7.220E+03  0.000E+00  0.000E+00  3.833E+04  0.000E+00  4.064E+04
  9.437E+03  7.286E+03  0.000E+00  0.000E+00  0.000E+00  0.000E+00  0.000E+00  4.377E+04  0.000E+00  0.000E+00
  2.994E+03  7.446E+02  4.453E+04  0.000E+00  0.000E+00  1.497E+04  0.000E+00  0.000E+00  0.000E+00  0.000E+00
  0.000E+00  0.000E+00  2.319E+04  4.139E+04  0.000E+00  0.000E+00  0.000E+00  0.000E+00  3.907E+04  3.485E+04
  0.000E+00  0.000E+00  0.000E+00  0.000E+00  0.000E+00  0.000E+00  0.000E+00  0.000E+00  0.000E+00  0.000E+00
  0.000E+00  0.000E+00  0.000E+00  0.000E+00  0.000E+00  0.000E+00  0.000E+00  0.000E+00  0.000E+00  0.000E+00
  0.000E+00  0.000E+00  0.000E+00  0.000E+00  0.000E+00  0.000E+00  0.000E+00  0.000E+00  0.000E+00  0.000E+00
  0.000E+00  0.000E+00  0.000E+00  0.000E+00  0.000E+00  0.000E+00  0.000E+00  0.000E+00  0.000E+00  0.000E+00
  0.000E+00  0.000E+00  0.000E+00  0.000E+00  0.000E+00  0.000E+00  0.000E+00  3.268E+04  3.962E+04  0.000E+00
  0.000E+00  0.000E+00  0.000E+00  0.000E+00  0.000E+00  0.000E+00  0.000E+00  0.000E+00  0.000E+00  0.000E+00
  0.000E+00  1.252E+04  4.077E+04  0.000E+00  3.100E+04  0.000E+00  0.000E+00  0.000E+00  2.410E+04  0.000E+00
  0.000E+00  0.000E+00  2.400E+04  2.460E+04  1.889E+04  5.033E+04  0.000E+00  0.000E+00  0.000E+00  0.000E+00
  3.881E+04  3.828E+03  0.000E+00  0.000E+00  0.000E+00  5.167E+04  3.824E+04  3.828E+04  2.641E+04  1.156E+05
  1.719E+04  0.000E+00  0.000E+00  0.000E+00  0.000E+00  0.000E+00  1.799E+04  1.178E+05  0.000E+00  0.000E+00
  0.000E+00  7.300E+03  1.088E+04  6.166E+04  7.441E+03  6.484E+04  0.000E+00  0.000E+00  0.000E+00  0.000E+00
  4.151E+04  2.256E+03  0.000E+00  0.000E+00  4.677E+04  3.753E+04  1.143E+04  0.000E+00  0.000E+00  0.000E+00
  0.000E+00  0.000E+00  0.000E+00  0.000E+00  0.000E+00  4.205E+04  2.254E+04  0.000E+00  0.000E+00  0.000E+00
  2.688E+04  4.306E+04  3.985E+03  0.000E+00  0.000E+00  0.000E+00  0.000E+00  0.000E+00  0.000E+00  0.000E+00
  0.000E+00  0.000E+00  0.000E+00  0.000E+00  0.000E+00  0.000E+00  0.000E+00  0.000E+00  0.000E+00  0.000E+00
  0.000E+00  0.000E+00  0.000E+00  0.000E+00  0.000E+00  0.000E+00  0.000E+00  0.000E+00  0.000E+00  0.000E+00
  0.000E+00  0.000E+00  0.000E+00  0.000E+00  0.000E+00  0.000E+00  1.845E+04  3.938E+04  2.210E+04  0.000E+00
  0.000E+00  0.000E+00  0.000E+00  0.000E+00  0.000E+00  0.000E+00  0.000E+00  0.000E+00  0.000E+00  0.000E+00
  0.000E+00  0.000E+00  4.183E+03  4.380E+04  1.821E+04  0.000E+00  0.000E+00  0.000E+00  0.000E+00  0.000E+00
  0.000E+00  0.000E+00  0.000E+00  0.000E+00  0.000E+00  0.000E+00  1.132E+04  1.555E+04  1.888E+04  3.132E+04
  0.000E+00  0.000E+00  2.514E+04  2.240E+04  0.000E+00  0.000E+00  0.000E+00  3.627E+04  1.232E+04  5.694E+04
  3.422E+04  0.000E+00  0.000E+00  0.000E+00  0.000E+00  4.264E+04  0.000E+00  0.000E+00  0.000E+00  2.969E+04
  6.235E+04  7.776E+04  3.912E+04  1.156E+05  2.494E+03  3.673E+04  1.455E+04  0.000E+00  0.000E+00  2.913E+04
  2.194E+02  7.752E+04  0.000E+00  0.000E+00  0.000E+00  2.046E+04  5.615E+04  5.562E+04  2.303E+04  7.330E+04
  0.000E+00  0.000E+00  0.000E+00  6.732E+03  5.227E+04  0.000E+00  0.000E+00  3.574E+04  1.767E+04  5.474E+04
  0.000E+00  1.823E+04  0.000E+00  0.000E+00  0.000E+00  0.000E+00  0.000E+00  0.000E+00  1.282E+04  3.680E+03
  0.000E+00  0.000E+00  0.000E+00  0.000E+00  1.290E+04  0.000E+00  0.000E+00  0.000E+00  0.000E+00  0.000E+00
  0.000E+00  0.000E+00  0.000E+00  0.000E+00  0.000E+00  0.000E+00  0.000E+00  0.000E+00  0.000E+00  0.000E+00
  0.000E+00  0.000E+00  0.000E+00  0.000E+00  0.000E+00  0.000E+00  0.000E+00  0.000E+00  0.000E+00  0.000E+00
  0.000E+00  0.000E+00  0.000E+00  0.000E+00  0.000E+00  0.000E+00  0.000E+00  0.000E+00  0.000E+00  0.000E+00
  0.000E+00  0.000E+00  1.727E+04  3.938E+04  3.938E+04  1.210E+04  0.000E+00  0.000E+00  0.000E+00  0.000E+00
  0.000E+00  0.000E+00  0.000E+00  0.000E+00  0.000E+00  0.000E+00  0.000E+00  0.000E+00  0.000E+00  0.000E+00
  0.000E+00  0.000E+00  0.000E+00  0.000E+00  0.000E+00  0.000E+00  0.000E+00  0.000E+00  0.000E+00  0.000E+00
  0.000E+00  0.000E+00  0.000E+00  2.487E+04  2.533E+04  0.000E+00  0.000E+00  4.215E+04  4.712E+04  3.093E+04
  0.000E+00  0.000E+00  1.612E+04  4.607E+04  4.774E+04  2.412E+04  0.000E+00  0.000E+00  0.000E+00  3.570E+04
  4.971E+03  0.000E+00  1.556E+04  0.000E+00  8.518E+04  1.658E+05  4.318E+04  8.683E+04  0.000E+00  4.058E+04
  3.856E+04  0.000E+00  0.000E+00  3.842E+04  0.000E+00  7.752E+04  0.000E+00  0.000E+00  0.000E+00  3.901E+04
  4.397E+04  4.244E+04  8.293E+04  5.572E+04  0.000E+00  0.000E+00  0.000E+00  6.342E+04  2.004E+04  0.000E+00
  4.306E+04  4.849E+04  4.691E+04  0.000E+00  4.773E+04  2.948E+03  4.633E+04  1.164E+04  0.000E+00  0.000E+00
  0.000E+00  0.000E+00  0.000E+00  0.000E+00  0.000E+00  0.000E+00  0.000E+00  0.000E+00  0.000E+00  0.000E+00
  0.000E+00  0.000E+00  0.000E+00  0.000E+00  0.000E+00  0.000E+00  0.000E+00  0.000E+00  0.000E+00  0.000E+00
  0.000E+00  0.000E+00  0.000E+00  0.000E+00  0.000E+00  0.000E+00  0.000E+00  0.000E+00  0.000E+00  0.000E+00
  0.000E+00  0.000E+00  0.000E+00  0.000E+00  0.000E+00  0.000E+00  0.000E+00  0.000E+00  0.000E+00  0.000E+00
  0.000E+00  0.000E+00  0.000E+00  0.000E+00  0.000E+00  0.000E+00  0.000E+00  0.000E+00  0.000E+00  2.727E+04
  3.938E+04  3.938E+04  7.657E+03  0.000E+00  0.000E+00  0.000E+00  0.000E+00  0.000E+00  0.000E+00  0.000E+00
  0.000E+00  0.000E+00  0.000E+00  0.000E+00  0.000E+00  0.000E+00  0.000E+00  0.000E+00  0.000E+00  0.000E+00
  0.000E+00  0.000E+00  0.000E+00  0.000E+00  0.000E+00  0.000E+00  0.000E+00  0.000E+00  3.087E+04  1.933E+04
  0.000E+00  0.000E+00  6.641E+04  4.217E+04  4.280E+04  0.000E+00  0.000E+00  3.958E+04  3.635E+04  2.174E+04
  0.000E+00  0.000E+00  1.204E+04  3.089E+04  0.000E+00  0.000E+00  4.229E+04  0.000E+00  8.371E+04  1.042E+05
  1.282E+05  7.965E+04  0.000E+00  8.231E+04  3.856E+04  0.000E+00  3.692E+04  3.842E+04  0.000E+00  3.161E+04
  0.000E+00  0.000E+00  0.000E+00  3.901E+04  1.394E+04  9.720E+04  1.020E+05  1.010E+03  0.000E+00  0.000E+00
  3.686E+04  5.220E+04  0.000E+00  0.000E+00  7.321E+04  3.411E+04  1.280E+04  3.843E+04  1.307E+04  6.541E+04
  3.471E+04  2.821E+04  1.776E+04  0.000E+00  0.000E+00  7.598E+03  1.591E+04  0.000E+00  0.000E+00  0.000E+00
  0.000E+00  0.000E+00  0.000E+00  0.000E+00  0.000E+00  0.000E+00  0.000E+00  0.000E+00  0.000E+00  0.000E+00
  0.000E+00  0.000E+00  0.000E+00  0.000E+00  0.000E+00  0.000E+00  0.000E+00  0.000E+00  0.000E+00  0.000E+00
  0.000E+00  0.000E+00  0.000E+00  0.000E+00  0.000E+00  0.000E+00  0.000E+00  0.000E+00  0.000E+00  0.000E+00
  0.000E+00  0.000E+00  0.000E+00  0.000E+00  0.000E+00  0.000E+00  0.000E+00  0.000E+00  0.000E+00  0.000E+00
  0.000E+00  0.000E+00  0.000E+00  0.000E+00  0.000E+00  0.000E+00  1.291E+04  4.193E+04  2.752E+04  0.000E+00
  0.000E+00  0.000E+00  0.000E+00  0.000E+00  0.000E+00  0.000E+00  0.000E+00  0.000E+00  0.000E+00  2.587E+04
  0.000E+00  0.000E+00  0.000E+00  0.000E+00  0.000E+00  0.000E+00  0.000E+00  0.000E+00  0.000E+00  0.000E+00
  0.000E+00  0.000E+00  0.000E+00  6.090E+03  0.000E+00  1.441E+04  3.611E+04  4.456E+04  3.673E+04  3.899E+04
  0.000E+00  2.060E+04  5.050E+04  0.000E+00  0.000E+00  0.000E+00  4.882E+03  5.340E+04  0.000E+00  9.416E+03
  1.168E+04  3.061E+04  3.909E+04  1.262E+05  1.196E+05  1.161E+05  0.000E+00  1.195E+05  6.830E+04  6.310E+03
  7.276E+04  2.171E+04  1.971E+04  0.000E+00  0.000E+00  0.000E+00  0.000E+00  2.675E+04  5.519E+04  1.051E+05
  2.600E+04  0.000E+00  2.769E+04  0.000E+00  4.626E+04  0.000E+00  0.000E+00  4.400E+04  7.782E+02  6.503E+03
  2.914E+04  2.320E+04  5.408E+04  4.521E+04  3.102E+04  2.339E+04  0.000E+00  0.000E+00  4.441E+04  6.356E+04
  2.717E+04  0.000E+00  0.000E+00  0.000E+00  0.000E+00  0.000E+00  0.000E+00  0.000E+00  0.000E+00  0.000E+00
  2.649E+04  2.547E+04  4.434E+04  1.189E+03  0.000E+00  0.000E+00  0.000E+00  0.000E+00  0.000E+00  0.000E+00
  0.000E+00  0.000E+00  0.000E+00  0.000E+00  0.000E+00  0.000E+00  0.000E+00  0.000E+00  0.000E+00  0.000E+00
  0.000E+00  0.000E+00  0.000E+00  0.000E+00  0.000E+00  0.000E+00  0.000E+00  0.000E+00  0.000E+00  0.000E+00
  0.000E+00  0.000E+00  0.000E+00  0.000E+00  0.000E+00  0.000E+00  0.000E+00  0.000E+00  0.000E+00  0.000E+00
  0.000E+00  0.000E+00  1.441E+04  4.193E+04  2.602E+04  2.641E+04  1.792E+04  0.000E+00  0.000E+00  0.000E+00
  0.000E+00  0.000E+00  0.000E+00  1.788E+04  4.535E+04  2.455E+03  0.000E+00  0.000E+00  0.000E+00  0.000E+00
  0.000E+00  0.000E+00  0.000E+00  0.000E+00  0.000E+00  0.000E+00  0.000E+00  0.000E+00  0.000E+00  0.000E+00
  1.632E+04  4.458E+04  2.440E+04  0.000E+00  0.000E+00  1.483E+04  1.023E+05  0.000E+00  0.000E+00  0.000E+00
  0.000E+00  4.618E+04  2.451E+04  8.031E+04  1.755E+04  2.563E+04  4.132E+04  7.929E+04  8.674E+04  9.880E+04
  3.392E+02  1.379E+05  4.204E+04  7.486E+04  7.352E+04  1.490E+04  6.376E+04  0.000E+00  0.000E+00  1.034E+04
  0.000E+00  0.000E+00  9.983E+04  9.476E+04  2.441E+04  2.058E+04  4.343E+04  1.252E+04  0.000E+00  0.000E+00
  0.000E+00  7.653E+03  3.531E+04  7.106E+03  7.568E+04  2.451E+04  4.273E+04  3.383E+04  2.058E+04  0.000E+00
  1.755E+04  5.700E+04  4.657E+04  2.020E+03  0.000E+00  0.000E+00  0.000E+00  0.000E+00  0.000E+00  0.000E+00
  0.000E+00  0.000E+00  3.910E+04  9.382E+04  7.490E+04  1.887E+04  0.000E+00  0.000E+00  0.000E+00  0.000E+00
  0.000E+00  0.000E+00  0.000E+00  0.000E+00  0.000E+00  0.000E+00  0.000E+00  0.000E+00  0.000E+00  0.000E+00
  0.000E+00  0.000E+00  0.000E+00  0.000E+00  0.000E+00  0.000E+00  0.000E+00  0.000E+00  0.000E+00  0.000E+00
  0.000E+00  0.000E+00  0.000E+00  0.000E+00  0.000E+00  0.000E+00  0.000E+00  0.000E+00  0.000E+00  0.000E+00
  0.000E+00  0.000E+00  0.000E+00  0.000E+00  0.000E+00  0.000E+00  0.000E+00  0.000E+00  1.591E+04  1.094E+04
  2.294E+04  4.086E+04  2.556E+04  0.000E+00  0.000E+00  0.000E+00  0.000E+00  0.000E+00  0.000E+00  4.289E+04
  2.279E+04  0.000E+00  0.000E+00  0.000E+00  0.000E+00  0.000E+00  0.000E+00  0.000E+00  0.000E+00  0.000E+00
  0.000E+00  0.000E+00  0.000E+00  0.000E+00  0.000E+00  4.030E+03  3.113E+04  0.000E+00  0.000E+00  3.363E+04
  5.067E+04  3.381E+04  0.000E+00  3.282E+04  0.000E+00  4.141E+04  0.000E+00  5.673E+04  1.407E+05  9.566E+03
  2.715E+04  5.828E+04  3.968E+04  1.092E+05  4.313E+04  1.256E+05  9.408E+04  7.946E+04  4.735E+04  5.688E+04
  8.641E+04  0.000E+00  5.021E+03  7.051E+04  3.038E+04  1.547E+04  1.557E+05  4.912E+04  5.778E+03  4.915E+04
  4.465E+04  0.000E+00  6.715E+02  1.184E+03  0.000E+00  3.685E+04  9.744E+03  6.885E+04  4.127E+04  0.000E+00
  1.507E+04  1.777E+04  0.000E+00  1.998E+04  2.833E+04  0.000E+00  0.000E+00  0.000E+00  0.000E+00  0.000E+00
  0.000E+00  0.000E+00  0.000E+00  0.000E+00  3.351E+04  7.525E+04  4.668E+04  2.361E+04  0.000E+00  0.000E+00
  0.000E+00  0.000E+00  0.000E+00  0.000E+00  0.000E+00  0.000E+00  0.000E+00  0.000E+00  0.000E+00  0.000E+00
  0.000E+00  0.000E+00  0.000E+00  0.000E+00  0.000E+00  0.000E+00  0.000E+00  0.000E+00  0.000E+00  0.000E+00
  0.000E+00  0.000E+00  0.000E+00  0.000E+00  0.000E+00  0.000E+00  0.000E+00  0.000E+00  0.000E+00  0.000E+00
  0.000E+00  0.000E+00  0.000E+00  0.000E+00  0.000E+00  0.000E+00  0.000E+00  0.000E+00  0.000E+00  0.000E+00
  0.000E+00  0.000E+00  0.000E+00  0.000E+00  0.000E+00  0.000E+00  1.530E+04  4.086E+04  3.319E+04  0.000E+00
  0.000E+00  0.000E+00  0.000E+00  0.000E+00  2.256E+04  2.502E+04  0.000E+00  2.188E+03  4.603E+04  7.936E+03
  0.000E+00  0.000E+00  0.000E+00  0.000E+00  0.000E+00  0.000E+00  0.000E+00  0.000E+00  0.000E+00  0.000E+00
  8.150E+03  0.000E+00  0.000E+00  3.706E+04  2.631E+04  1.821E+04  0.000E+00  1.336E+04  4.386E+04  3.693E+04
  3.420E+04  1.056E+05  1.127E+05  6.158E+04  4.855E+04  7.248E+04  6.048E+04  1.195E+05  5.061E+04  1.482E+05
  9.412E+04  1.249E+05  2.118E+04  1.195E+05  8.800E+04  3.541E+04  8.585E+04  5.821E+04  1.049E+05  3.943E+04
  7.110E+04  9.372E+03  2.400E+04  4.813E+04  2.298E+04  3.077E+04  7.964E+04  5.076E+04  3.243E+04  3.055E+04
  5.254E+04  3.753E+04  0.000E+00  0.000E+00  1.003E+04  0.000E+00  0.000E+00  0.000E+00  0.000E+00  0.000E+00
  0.000E+00  0.000E+00  0.000E+00  7.322E+03  2.145E+04  0.000E+00  0.000E+00  9.814E+03  4.868E+04  1.053E+04
  0.000E+00  0.000E+00  0.000E+00  0.000E+00  0.000E+00  0.000E+00  0.000E+00  0.000E+00  0.000E+00  0.000E+00
  0.000E+00  0.000E+00  0.000E+00  0.000E+00  0.000E+00  0.000E+00  0.000E+00  0.000E+00  0.000E+00  0.000E+00
  0.000E+00  0.000E+00  0.000E+00  0.000E+00  0.000E+00  0.000E+00  0.000E+00  0.000E+00  0.000E+00  0.000E+00
  0.000E+00  0.000E+00  0.000E+00  0.000E+00  2.251E+04  5.389E+03  0.000E+00  0.000E+00  0.000E+00  0.000E+00
  0.000E+00  0.000E+00  0.000E+00  0.000E+00  0.000E+00  0.000E+00  0.000E+00  0.000E+00  0.000E+00  0.000E+00
  0.000E+00  0.000E+00  7.671E+03  6.832E+03  0.000E+00  0.000E+00  0.000E+00  0.000E+00  0.000E+00  0.000E+00
  0.000E+00  2.765E+03  4.481E+04  5.026E+04  2.696E+04  0.000E+00  0.000E+00  0.000E+00  0.000E+00  0.000E+00
  0.000E+00  7.924E+03  4.261E+04  0.000E+00  4.871E+04  2.167E+03  0.000E+00  1.402E+04  1.283E+05  1.114E+04
  3.278E+04  5.586E+04  6.800E+04  4.607E+04  8.291E+04  1.060E+05  3.933E+04  1.222E+05  1.175E+05  3.928E+04
  9.696E+04  7.947E+04  5.978E+04  1.477E+05  6.997E+04  2.251E+05  0.000E+00  1.675E+05  3.142E+04  1.287E+05
  6.418E+04  1.793E+05  2.586E+04  3.943E+04  2.016E+04  1.559E+04  3.470E+04  3.096E+04  9.099E+04  9.154E+04
  1.011E+05  6.453E+04  3.891E+04  2.195E+04  1.881E+04  0.000E+00  1.730E+04  4.605E+04  2.569E+03  0.000E+00
  0.000E+00  0.000E+00  0.000E+00  0.000E+00  0.000E+00  0.000E+00  3.118E+04  3.891E+04  0.000E+00  0.000E+00
  0.000E+00  0.000E+00  0.000E+00  9.998E+03  4.192E+04  1.639E+03  0.000E+00  0.000E+00  0.000E+00  0.000E+00
  0.000E+00  0.000E+00  0.000E+00  0.000E+00  0.000E+00  0.000E+00  0.000E+00  0.000E+00  0.000E+00  0.000E+00
  0.000E+00  0.000E+00  0.000E+00  0.000E+00  0.000E+00  0.000E+00  0.000E+00  0.000E+00  0.000E+00  0.000E+00
  0.000E+00  0.000E+00  0.000E+00  0.000E+00  0.000E+00  0.000E+00  0.000E+00  0.000E+00  0.000E+00  3.320E+04
  3.858E+04  3.858E+04  2.079E+04  0.000E+00  0.000E+00  0.000E+00  0.000E+00  0.000E+00  0.000E+00  0.000E+00
  0.000E+00  0.000E+00  0.000E+00  0.000E+00  0.000E+00  0.000E+00  0.000E+00  0.000E+00  0.000E+00  0.000E+00
  0.000E+00  0.000E+00  0.000E+00  0.000E+00  1.931E+03  1.987E+04  1.235E+04  3.264E+04  5.424E+04  3.237E+04
  0.000E+00  0.000E+00  0.000E+00  0.000E+00  0.000E+00  0.000E+00  2.090E+04  2.724E+04  0.000E+00  5.088E+04
  3.672E+04  1.814E+04  6.412E+04  5.461E+04  4.756E+04  4.517E+04  9.448E+04  1.019E+05  2.169E+04  4.166E+04
  9.521E+04  4.043E+04  1.829E+05  4.152E+04  6.948E+04  3.430E+04  5.989E+04  1.459E+05  8.182E+04  2.062E+05
  2.875E+04  1.106E+05  4.124E+04  1.329E+05  6.335E+04  7.834E+04  3.241E+04  9.985E+03  8.935E+03  4.913E+04
  2.252E+04  9.312E+04  1.190E+05  4.733E+04  4.934E+04  5.631E+04  0.000E+00  0.000E+00  0.000E+00  3.716E+04
  2.875E+04  0.000E+00  0.000E+00  0.000E+00  0.000E+00  0.000E+00  0.000E+00  0.000E+00  0.000E+00  5.128E+03
  1.505E+04  0.000E+00  0.000E+00  0.000E+00  0.000E+00  9.829E+03  4.192E+04  3.192E+04  0.000E+00  0.000E+00
  0.000E+00  0.000E+00  0.000E+00  0.000E+00  0.000E+00  0.000E+00  0.000E+00  0.000E+00  0.000E+00  0.000E+00
  0.000E+00  0.000E+00  0.000E+00  0.000E+00  0.000E+00  0.000E+00  0.000E+00  0.000E+00  0.000E+00  0.000E+00
  0.000E+00  0.000E+00  0.000E+00  0.000E+00  0.000E+00  0.000E+00  0.000E+00  0.000E+00  0.000E+00  0.000E+00
  0.000E+00  0.000E+00  0.000E+00  0.000E+00  0.000E+00  0.000E+00  1.779E+04  3.858E+04  3.858E+04  3.440E+04
  0.000E+00  0.000E+00  0.000E+00  0.000E+00  0.000E+00  0.000E+00  0.000E+00  0.000E+00  0.000E+00  0.000E+00
  0.000E+00  0.000E+00  0.000E+00  0.000E+00  0.000E+00  0.000E+00  0.000E+00  0.000E+00  0.000E+00  2.070E+04
  6.578E+04  8.210E+04  1.680E+04  4.481E+04  1.314E+04  0.000E+00  0.000E+00  0.000E+00  1.619E+04  1.287E+04
  0.000E+00  7.811E+04  5.211E+04  9.105E+03  3.417E+04  3.559E+04  4.824E+04  2.022E+04  9.082E+03  4.659E+04
  8.846E+04  9.035E+04  7.725E+04  6.510E+04  5.487E+04  3.611E+04  7.132E+04  1.457E+05  1.202E+05  2.871E+04
  1.256E+05  3.967E+04  1.155E+05  1.519E+05  2.527E+04  1.216E+05  5.744E+04  1.199E+05  4.264E+04  2.259E+04
  3.943E+04  1.004E+05  7.116E+04  6.626E+04  7.739E+04  7.340E+04  4.854E+04  8.781E+04  2.911E+04  4.708E+03
  0.000E+00  0.000E+00  7.176E+03  8.886E+03  0.000E+00  0.000E+00  0.000E+00  0.000E+00  0.000E+00  0.000E+00
  0.000E+00  0.000E+00  0.000E+00  0.000E+00  0.000E+00  0.000E+00  0.000E+00  0.000E+00  1.344E+04  3.209E+04
  0.000E+00  0.000E+00  0.000E+00  0.000E+00  7.054E+03  2.844E+04  0.000E+00  0.000E+00  0.000E+00  0.000E+00
  2.524E+03  3.969E+04  4.803E+03  0.000E+00  0.000E+00  0.000E+00  0.000E+00  0.000E+00  0.000E+00  0.000E+00
  0.000E+00  0.000E+00  0.000E+00  0.000E+00  0.000E+00  0.000E+00  0.000E+00  0.000E+00  0.000E+00  0.000E+00
  0.000E+00  0.000E+00  0.000E+00  0.000E+00  0.000E+00  0.000E+00  0.000E+00  0.000E+00  0.000E+00  0.000E+00
  0.000E+00  0.000E+00  0.000E+00  0.000E+00  0.000E+00  0.000E+00  0.000E+00  0.000E+00  0.000E+00  0.000E+00
  0.000E+00  0.000E+00  0.000E+00  0.000E+00  0.000E+00  1.316E+04  0.000E+00  0.000E+00  0.000E+00  0.000E+00
  0.000E+00  0.000E+00  0.000E+00  0.000E+00  0.000E+00  1.870E+03  7.680E+04  4.590E+04  0.000E+00  0.000E+00
  0.000E+00  2.591E+04  3.169E+04  3.250E+04  8.667E+04  1.522E+04  1.031E+05  6.499E+04  2.151E+04  3.396E+04
  8.140E+03  1.694E+04  2.754E+04  8.382E+03  8.626E+04  6.515E+04  1.167E+05  1.255E+05  9.625E+04  4.729E+04
  6.448E+04  1.247E+05  1.582E+05  1.186E+05  1.343E+05  7.636E+04  1.554E+05  1.046E+05  1.727E+05  1.009E+05
  1.640E+05  6.146E+04  6.813E+04  1.124E+04  9.632E+04  1.307E+05  1.303E+05  7.592E+04  3.283E+04  7.363E+04
  8.321E+04  0.000E+00  1.055E+03  0.000E+00  0.000E+00  0.000E+00  0.000E+00  0.000E+00  0.000E+00  0.000E+00
  0.000E+00  0.000E+00  2.812E+04  3.437E+04  0.000E+00  0.000E+00  0.000E+00  0.000E+00  0.000E+00  0.000E+00
  0.000E+00  0.000E+00  0.000E+00  2.928E+04  3.902E+04  3.502E+04  1.426E+04  4.101E+04  3.396E+04  0.000E+00
  0.000E+00  0.000E+00  3.087E+04  3.969E+04  3.717E+04  0.000E+00  0.000E+00  0.000E+00  0.000E+00  0.000E+00
  0.000E+00  0.000E+00  0.000E+00  0.000E+00  0.000E+00  0.000E+00  0.000E+00  0.000E+00  0.000E+00  0.000E+00
  0.000E+00  0.000E+00  0.000E+00  0.000E+00  0.000E+00  0.000E+00  0.000E+00  0.000E+00  0.000E+00  0.000E+00
  0.000E+00  0.000E+00  0.000E+00  0.000E+00  0.000E+00  0.000E+00  0.000E+00  0.000E+00  0.000E+00  0.000E+00
  0.000E+00  0.000E+00  0.000E+00  0.000E+00  0.000E+00  3.344E+04  3.973E+04  8.443E+03  0.000E+00  6.327E+03
  4.261E+04  3.233E+04  0.000E+00  0.000E+00  0.000E+00  0.000E+00  0.000E+00  0.000E+00  0.000E+00  0.000E+00
  0.000E+00  1.484E+03  0.000E+00  0.000E+00  0.000E+00  0.000E+00  1.525E+04  4.694E+04  6.653E+03  4.691E+04
  3.542E+04  5.977E+04  3.175E+04  1.950E+04  1.253E+04  2.502E+04  4.960E+04  7.564E+04  6.157E+04  1.222E+05
  1.699E+05  2.173E+05  1.254E+05  6.748E+04  5.383E+04  1.879E+05  1.276E+05  1.843E+05  1.411E+05  1.496E+05
  7.746E+04  1.831E+05  2.426E+05  6.525E+04  2.662E+05  5.453E+04  1.239E+05  8.520E+04  8.429E+04  1.517E+05
  1.198E+05  9.752E+04  4.808E+04  7.173E+04  3.190E+04  6.638E+04  5.884E+04  0.000E+00  0.000E+00  7.142E+03
  0.000E+00  0.000E+00  1.545E+04  0.000E+00  1.849E+04  4.683E+04  1.483E+04  0.000E+00  0.000E+00  0.000E+00
  0.000E+00  1.992E+04  4.173E+04  7.992E+03  1.948E+04  3.902E+04  5.403E+04  5.124E+04  2.298E+04  4.101E+04
  2.675E+04  0.000E+00  0.000E+00  0.000E+00  1.489E+04  3.969E+04  8.824E+03  0.000E+00  0.000E+00  0.000E+00
  0.000E+00  0.000E+00  0.000E+00  8.110E+03  3.844E+04  9.040E+03  0.000E+00  0.000E+00  0.000E+00  0.000E+00
  0.000E+00  0.000E+00  0.000E+00  0.000E+00  0.000E+00  0.000E+00  0.000E+00  0.000E+00  0.000E+00  0.000E+00
  4.343E+03  3.806E+04  1.416E+04  0.000E+00  0.000E+00  0.000E+00  0.000E+00  0.000E+00  0.000E+00  0.000E+00
  0.000E+00  0.000E+00  0.000E+00  0.000E+00  0.000E+00  0.000E+00  0.000E+00  0.000E+00  0.000E+00  0.000E+00
  0.000E+00  3.129E+04  3.973E+04  3.090E+04  0.000E+00  1.028E+04  4.261E+04  1.136E+04  0.000E+00  0.000E+00
  0.000E+00  1.092E+04  2.292E+04  0.000E+00  2.451E+04  2.621E+04  0.000E+00  0.000E+00  0.000E+00  0.000E+00
  0.000E+00  0.000E+00  2.880E+04  0.000E+00  1.597E+04  7.496E+04  3.358E+04  6.913E+04  2.760E+03  0.000E+00
  4.988E+04  1.682E+05  3.610E+04  1.679E+05  1.473E+05  2.345E+05  2.330E+05  6.390E+04  6.236E+04  1.122E+05
  1.375E+05  2.008E+05  2.236E+05  1.331E+05  1.225E+05  2.100E+05  2.073E+05  5.826E+04  2.272E+05  1.876E+05
  7.224E+04  1.527E+05  1.383E+05  1.005E+05  1.064E+05  7.485E+03  4.162E+04  2.561E+04  1.497E+05  1.655E+05
  0.000E+00  1.748E+04  1.161E+05  3.196E+04  1.141E+04  4.578E+04  1.776E+04  3.245E+04  7.418E+04  4.848E+03
  2.741E+03  0.000E+00  0.000E+00  1.190E+04  4.173E+04  2.181E+04  0.000E+00  0.000E+00  1.912E+04  4.150E+04
  2.649E+04  0.000E+00  9.227E+02  0.000E+00  0.000E+00  0.000E+00  0.000E+00  0.000E+00  0.000E+00  0.000E+00
  0.000E+00  0.000E+00  0.000E+00  0.000E+00  3.068E+04  3.844E+04  3.844E+04  3.033E+04  0.000E+00  0.000E+00
  0.000E+00  0.000E+00  0.000E+00  0.000E+00  0.000E+00  0.000E+00  0.000E+00  0.000E+00  0.000E+00  0.000E+00
  0.000E+00  0.000E+00  0.000E+00  0.000E+00  0.000E+00  0.000E+00  2.391E+04  3.806E+04  3.806E+04  3.806E+04
  1.757E+04  0.000E+00  0.000E+00  0.000E+00  0.000E+00  0.000E+00  0.000E+00  0.000E+00  0.000E+00  0.000E+00
  0.000E+00  0.000E+00  0.000E+00  0.000E+00  0.000E+00  0.000E+00  0.000E+00  8.834E+03  3.973E+04  6.401E+04
  4.592E+04  0.000E+00  0.000E+00  0.000E+00  4.312E+03  2.282E+04  1.783E+04  4.076E+04  2.023E+04  1.502E+04
  4.123E+04  3.830E+04  0.000E+00  0.000E+00  0.000E+00  0.000E+00  2.024E+04  3.888E+04  0.000E+00  1.917E+04
  1.044E+05  9.951E+04  1.276E+05  9.836E+04  2.422E+02  5.619E+04  1.886E+05  1.121E+05  1.873E+05  7.537E+04
  2.263E+05  7.480E+04  7.854E+04  9.510E+04  1.284E+05  7.602E+04  1.564E+05  1.786E+05  7.287E+04  2.343E+05
  1.204E+05  2.558E+05  2.627E+05  1.639E+05  8.747E+04  2.238E+05  6.078E+04  1.325E+05  9.517E+04  3.651E+04
  1.818E+04  2.364E+04  2.166E+05  1.800E+03  2.014E+04  1.333E+05  6.069E+02  0.000E+00  1.708E+04  0.000E+00
  1.645E+04  4.393E+04  0.000E+00  4.182E+04  5.749E+04  1.027E+04  0.000E+00  4.157E+04  1.158E+04  0.000E+00
  0.000E+00  1.714E+04  2.238E+04  0.000E+00  0.000E+00  0.000E+00  0.000E+00  0.000E+00  0.000E+00  0.000E+00
  0.000E+00  0.000E+00  0.000E+00  0.000E+00  0.000E+00  0.000E+00  0.000E+00  0.000E+00  0.000E+00  0.000E+00
  0.000E+00  0.000E+00  0.000E+00  0.000E+00  0.000E+00  0.000E+00  0.000E+00  0.000E+00  0.000E+00  0.000E+00
  0.000E+00  0.000E+00  0.000E+00  0.000E+00  0.000E+00  0.000E+00  0.000E+00  0.000E+00  0.000E+00  0.000E+00
  0.000E+00  0.000E+00  0.000E+00  0.000E+00  2.050E+04  3.806E+04  3.806E+04  1.528E+03  0.000E+00  0.000E+00
  0.000E+00  0.000E+00  0.000E+00  0.000E+00  0.000E+00  2.218E+04  2.893E+04  0.000E+00  0.000E+00  0.000E+00
  0.000E+00  0.000E+00  0.000E+00  0.000E+00  8.991E+03  3.915E+04  3.915E+04  3.915E+04  2.757E+02  1.712E+04
  3.994E+04  3.994E+04  2.332E+04  0.000E+00  2.499E+04  1.898E+04  6.548E+03  0.000E+00  0.000E+00  0.000E+00
  0.000E+00  4.520E+03  4.340E+04  1.015E+04  4.190E+03  3.945E+04  7.998E+04  7.995E+04  7.119E+04  9.571E+04
  6.538E+04  1.383E+04  5.610E+04  6.501E+04  2.389E+05  1.044E+05  1.020E+05  1.679E+05  1.649E+05  2.907E+05
  1.111E+05  1.496E+05  1.261E+05  2.045E+05  1.168E+05  2.528E+05  1.340E+05  1.312E+05  3.027E+05  1.053E+05
  1.063E+05  1.704E+05  4.086E+04  9.823E+04  1.169E+04  9.063E+04  4.277E+04  3.262E+04  7.324E+04  1.574E+04
  0.000E+00  0.000E+00  0.000E+00  0.000E+00  1.117E+03  1.474E+04  7.227E+04  5.274E+04  5.332E+04  7.254E+04
  4.235E+04  7.734E+02  0.000E+00  0.000E+00  0.000E+00  0.000E+00  0.000E+00  0.000E+00  0.000E+00  0.000E+00
  0.000E+00  0.000E+00  0.000E+00  0.000E+00  0.000E+00  0.000E+00  0.000E+00  0.000E+00  0.000E+00  0.000E+00
  0.000E+00  0.000E+00  0.000E+00  0.000E+00  0.000E+00  0.000E+00  0.000E+00  0.000E+00  0.000E+00  0.000E+00
  0.000E+00  2.129E+04  3.793E+04  3.793E+04  3.793E+04  3.793E+04  1.580E+04  0.000E+00  5.979E+03  3.789E+04
  0.000E+00  0.000E+00  0.000E+00  0.000E+00  0.000E+00  0.000E+00  0.000E+00  0.000E+00  0.000E+00  0.000E+00
  0.000E+00  0.000E+00  0.000E+00  0.000E+00  0.000E+00  0.000E+00  0.000E+00  0.000E+00  0.000E+00  0.000E+00
  1.051E+04  3.944E+04  3.944E+04  2.396E+04  0.000E+00  0.000E+00  0.000E+00  0.000E+00  0.000E+00  0.000E+00
  0.000E+00  0.000E+00  1.967E+04  0.000E+00  0.000E+00  0.000E+00  0.000E+00  0.000E+00  0.000E+00  2.502E+04
  4.106E+04  3.155E+04  0.000E+00  0.000E+00  0.000E+00  0.000E+00  2.113E+04  4.160E+04  3.894E+04  1.900E+04
  0.000E+00  2.588E+04  1.170E+05  7.030E+04  4.060E+04  8.224E+04  7.180E+04  1.121E+05  9.396E+04  1.183E+05
  2.052E+05  7.913E+04  1.694E+05  2.356E+05  1.956E+05  6.449E+04  1.194E+05  2.713E+05  1.946E+05  3.152E+04
  2.267E+05  1.294E+05  5.158E+05  9.449E+04  1.451E+05  7.245E+04  8.326E+04  3.236E+04  1.589E+05  1.576E+05
  1.196E+05  3.825E+04  1.622E+03  1.532E+04  3.760E+04  1.704E+04  0.000E+00  0.000E+00  1.700E+04  6.662E+03
  2.937E+04  3.796E+04  3.363E+04  4.069E+04  5.353E+04  4.503E+04  0.000E+00  0.000E+00  0.000E+00  1.302E+04
  3.917E+04  3.917E+04  3.388E+04  0.000E+00  0.000E+00  0.000E+00  0.000E+00  0.000E+00  0.000E+00  0.000E+00
  0.000E+00  0.000E+00  0.000E+00  0.000E+00  0.000E+00  0.000E+00  0.000E+00  0.000E+00  0.000E+00  0.000E+00
  0.000E+00  0.000E+00  0.000E+00  0.000E+00  7.184E+03  1.664E+04  0.000E+00  0.000E+00  0.000E+00  0.000E+00
  0.000E+00  0.000E+00  0.000E+00  0.000E+00  0.000E+00  0.000E+00  0.000E+00  0.000E+00  0.000E+00  0.000E+00
  0.000E+00  0.000E+00  0.000E+00  0.000E+00  0.000E+00  0.000E+00  0.000E+00  0.000E+00  0.000E+00  0.000E+00
  0.000E+00  0.000E+00  0.000E+00  0.000E+00  0.000E+00  0.000E+00  0.000E+00  2.119E+04  7.642E+04  1.002E+04
  0.000E+00  0.000E+00  0.000E+00  0.000E+00  0.000E+00  0.000E+00  0.000E+00  0.000E+00  0.000E+00  0.000E+00
  0.000E+00  0.000E+00  0.000E+00  0.000E+00  1.089E+04  9.517E+03  2.796E+03  1.711E+04  4.425E+04  4.502E+03
  0.000E+00  0.000E+00  3.306E+04  8.640E+04  6.009E+04  2.704E+04  1.165E+05  1.529E+05  2.935E+05  1.294E+05
  8.325E+04  6.894E+04  1.390E+05  1.426E+05  2.780E+05  2.058E+05  1.919E+05  1.603E+05  2.994E+05  1.182E+05
  2.598E+05  4.604E+05  1.800E+05  1.188E+05  1.991E+05  3.629E+05  1.109E+05  2.001E+05  2.348E+05  5.085E+04
  9.580E+04  2.408E+05  5.634E+04  3.581E+04  8.588E+04  1.448E+04  3.786E+04  1.523E+05  4.102E+04  2.276E+04
  3.802E+04  5.708E+04  5.191E+04  0.000E+00  7.901E+03  5.277E+04  5.585E+04  4.613E+04  2.769E+04  0.000E+00
  0.000E+00  0.000E+00  2.702E+04  2.615E+04  0.000E+00  0.000E+00  0.000E+00  0.000E+00  0.000E+00  0.000E+00
  0.000E+00  3.482E+04  3.767E+04  3.767E+04  3.767E+04  2.261E+04  0.000E+00  0.000E+00  0.000E+00  0.000E+00
  0.000E+00  0.000E+00  0.000E+00  0.000E+00  0.000E+00  0.000E+00  0.000E+00  0.000E+00  0.000E+00  0.000E+00
  0.000E+00  0.000E+00  0.000E+00  0.000E+00  0.000E+00  0.000E+00  0.000E+00  0.000E+00  0.000E+00  0.000E+00
  0.000E+00  0.000E+00  0.000E+00  0.000E+00  0.000E+00  0.000E+00  0.000E+00  0.000E+00  0.000E+00  0.000E+00
  0.000E+00  0.000E+00  0.000E+00  0.000E+00  0.000E+00  0.000E+00  0.000E+00  0.000E+00  0.000E+00  0.000E+00
  0.000E+00  0.000E+00  0.000E+00  2.882E+04  3.884E+04  3.884E+04  2.218E+04  0.000E+00  0.000E+00  0.000E+00
  0.000E+00  1.233E+04  3.854E+04  3.854E+04  3.854E+04  3.576E+04  0.000E+00  0.000E+00  2.181E+04  3.936E+04
  3.936E+04  1.230E+04  0.000E+00  9.852E+04  9.010E+03  0.000E+00  2.853E+04  5.760E+04  1.215E+05  2.764E+04
  1.075E+05  1.389E+05  8.313E+04  1.400E+05  8.912E+04  1.505E+05  1.117E+05  3.048E+05  4.259E+05  1.592E+05
  2.019E+05  4.204E+05  3.447E+05  2.284E+05  3.879E+05  3.738E+05  3.921E+05  3.002E+05  6.408E+05  4.239E+05
  1.919E+05  1.292E+05  1.712E+05  1.483E+05  1.302E+05  1.616E+05  1.514E+05  2.002E+05  8.562E+04  7.380E+04
  1.187E+05  1.032E+05  9.627E+03  2.543E+04  8.516E+04  3.318E+04  2.196E+04  0.000E+00  0.000E+00  0.000E+00
  0.000E+00  0.000E+00  0.000E+00  0.000E+00  2.404E+04  4.141E+04  1.555E+04  0.000E+00  0.000E+00  0.000E+00
  0.000E+00  0.000E+00  0.000E+00  3.467E+03  3.767E+04  2.850E+03  0.000E+00  0.000E+00  0.000E+00  0.000E+00
  0.000E+00  0.000E+00  0.000E+00  0.000E+00  0.000E+00  0.000E+00  0.000E+00  0.000E+00  0.000E+00  0.000E+00
  0.000E+00  0.000E+00  0.000E+00  0.000E+00  0.000E+00  0.000E+00  0.000E+00  0.000E+00  0.000E+00  3.700E+04
  3.757E+04  3.757E+04  3.745E+04  3.745E+04  5.842E+03  0.000E+00  0.000E+00  0.000E+00  0.000E+00  0.000E+00
  0.000E+00  0.000E+00  0.000E+00  0.000E+00  0.000E+00  0.000E+00  0.000E+00  0.000E+00  0.000E+00  0.000E+00
  0.000E+00  0.000E+00  0.000E+00  0.000E+00  0.000E+00  0.000E+00  0.000E+00  0.000E+00  0.000E+00  0.000E+00
  0.000E+00  0.000E+00  0.000E+00  0.000E+00  0.000E+00  0.000E+00  0.000E+00  0.000E+00  3.282E+04  4.205E+04
  2.183E+04  0.000E+00  0.000E+00  0.000E+00  0.000E+00  0.000E+00  0.000E+00  6.272E+03  7.678E+04  9.394E+04
  3.899E+04  5.285E+04  9.324E+03  5.539E+04  3.936E+04  5.957E+04  4.764E+04  3.927E+04  7.518E+04  1.336E+05
  4.460E+04  3.400E+05  3.960E+05  2.005E+05  1.734E+05  2.778E+05  4.195E+05  3.604E+05  5.278E+05  2.931E+05
  3.518E+05  3.283E+05  4.883E+05  4.826E+05  1.771E+05  1.701E+05  2.267E+05  1.848E+05  1.557E+05  2.370E+05
  6.184E+04  7.023E+04  1.303E+05  7.646E+04  1.391E+05  5.283E+04  7.887E+04  2.933E+04  4.435E+04  4.202E+04
  6.032E+03  4.207E+04  2.983E+04  0.000E+00  0.000E+00  0.000E+00  0.000E+00  5.816E+04  5.051E+04  0.000E+00
  0.000E+00  0.000E+00  0.000E+00  0.000E+00  0.000E+00  0.000E+00  0.000E+00  0.000E+00  0.000E+00  0.000E+00
  0.000E+00  0.000E+00  0.000E+00  0.000E+00  1.056E+04  3.758E+04  3.758E+04  3.758E+04  3.758E+04  1.979E+04
  0.000E+00  0.000E+00  0.000E+00  0.000E+00  0.000E+00  0.000E+00  0.000E+00  0.000E+00  0.000E+00  0.000E+00
  0.000E+00  2.727E+04  3.757E+04  5.758E+02  0.000E+00  0.000E+00  0.000E+00  0.000E+00  0.000E+00  0.000E+00
  0.000E+00  0.000E+00  0.000E+00  0.000E+00  0.000E+00  0.000E+00  0.000E+00  0.000E+00  0.000E+00  0.000E+00
  0.000E+00  0.000E+00  0.000E+00  0.000E+00  0.000E+00  0.000E+00  0.000E+00  0.000E+00  0.000E+00  0.000E+00
  0.000E+00  0.000E+00  0.000E+00  0.000E+00  0.000E+00  0.000E+00  0.000E+00  0.000E+00  0.000E+00  0.000E+00
  0.000E+00  0.000E+00  0.000E+00  2.517E+04  1.097E+05  1.321E+05  4.973E+04  4.370E+03  2.024E+04  0.000E+00
  0.000E+00  0.000E+00  0.000E+00  0.000E+00  5.594E+04  8.223E+04  2.069E+05  6.327E+04  6.959E+04  5.146E+04
  1.491E+05  1.111E+05  1.746E+05  1.005E+05  3.324E+05  3.552E+05  6.722E+05  3.395E+05  4.465E+05  2.019E+05
  5.030E+05  2.953E+05  4.386E+05  4.805E+05  3.723E+05  3.535E+05  4.206E+05  3.200E+05  3.667E+05  1.555E+05
  1.777E+05  2.459E+05  2.850E+05  1.507E+05  2.307E+05  7.752E+04  1.791E+05  1.993E+05  1.653E+05  1.507E+05
  8.051E+04  5.164E+04  4.387E+04  1.472E+04  2.923E+04  0.000E+00  3.047E+04  2.431E+04  0.000E+00  1.569E+04
  4.092E+04  2.304E+04  3.877E+04  3.877E+04  3.877E+04  1.658E+04  0.000E+00  0.000E+00  0.000E+00  0.000E+00
  0.000E+00  0.000E+00  2.870E+04  3.835E+04  2.012E+04  0.000E+00  0.000E+00  1.308E+04  2.701E+04  2.521E+03
  3.782E+04  3.782E+04  5.370E+03  0.000E+00  0.000E+00  0.000E+00  0.000E+00  0.000E+00  0.000E+00  0.000E+00
  1.915E+04  3.753E+04  6.655E+03  0.000E+00  0.000E+00  0.000E+00  0.000E+00  0.000E+00  0.000E+00  0.000E+00
  0.000E+00  0.000E+00  0.000E+00  0.000E+00  0.000E+00  0.000E+00  0.000E+00  0.000E+00  0.000E+00  0.000E+00
  0.000E+00  0.000E+00  0.000E+00  0.000E+00  0.000E+00  0.000E+00  0.000E+00  0.000E+00  0.000E+00  0.000E+00
  0.000E+00  0.000E+00  0.000E+00  0.000E+00  0.000E+00  0.000E+00  0.000E+00  0.000E+00  0.000E+00  0.000E+00
  0.000E+00  0.000E+00  0.000E+00  0.000E+00  0.000E+00  0.000E+00  0.000E+00  0.000E+00  3.610E+03  5.136E+04
  8.007E+04  5.378E+04  3.288E+04  4.101E+04  5.570E+04  5.968E+04  6.624E+04  6.343E+04  3.562E+04  6.484E+04
  6.766E+04  2.242E+05  1.073E+05  1.854E+05  8.256E+04  6.865E+04  1.042E+05  2.314E+05  2.386E+05  4.445E+05
  3.899E+05  3.825E+05  3.954E+05  2.708E+05  3.419E+05  7.032E+05  4.329E+05  2.972E+05  4.730E+05  1.872E+05
  5.390E+05  3.275E+05  3.574E+05  2.623E+05  2.372E+05  2.163E+05  1.408E+05  3.318E+05  3.082E+05  1.426E+05
  1.700E+05  1.645E+05  7.169E+04  1.254E+05  6.878E+04  9.321E+04  2.893E+04  0.000E+00  0.000E+00  2.780E+04
  1.191E+04  0.000E+00  0.000E+00  0.000E+00  9.609E+03  5.844E+04  0.000E+00  0.000E+00  0.000E+00  0.000E+00
  0.000E+00  0.000E+00  0.000E+00  5.156E+03  3.835E+04  3.835E+04  9.650E+03  0.000E+00  0.000E+00  0.000E+00
  1.736E+04  3.782E+04  3.782E+04  3.530E+04  0.000E+00  0.000E+00  0.000E+00  0.000E+00  0.000E+00  3.260E+04
  3.753E+04  3.753E+04  3.753E+04  3.753E+04  1.839E+04  0.000E+00  0.000E+00  0.000E+00  0.000E+00  0.000E+00
  0.000E+00  0.000E+00  0.000E+00  0.000E+00  0.000E+00  0.000E+00  0.000E+00  0.000E+00  0.000E+00  0.000E+00
  0.000E+00  0.000E+00  0.000E+00  0.000E+00  0.000E+00  0.000E+00  0.000E+00  0.000E+00  0.000E+00  0.000E+00
  0.000E+00  0.000E+00  0.000E+00  0.000E+00  0.000E+00  0.000E+00  0.000E+00  0.000E+00  0.000E+00  0.000E+00
  0.000E+00  0.000E+00  0.000E+00  8.600E+03  5.315E+04  7.076E+04  3.819E+04  3.819E+04  3.819E+04  6.687E+03
  1.962E+04  3.917E+04  1.253E+04  0.000E+00  1.819E+03  4.033E+04  7.802E+04  4.046E+04  3.558E+04  3.714E+04
  7.029E+04  8.448E+04  1.091E+05  2.350E+05  2.019E+05  1.220E+05  1.682E+05  7.960E+04  1.500E+05  7.209E+04
  1.144E+05  2.117E+05  2.349E+05  3.723E+05  4.579E+05  4.620E+05  3.505E+05  3.463E+05  5.736E+05  6.274E+05
  9.421E+05  6.688E+05  5.959E+05  7.563E+05  6.465E+05  4.626E+05  4.383E+05  3.176E+05  2.128E+05  4.823E+05
  1.798E+05  1.495E+05  1.131E+05  1.027E+05  1.478E+05  1.329E+05  1.403E+05  6.132E+04  2.023E+05  1.398E+05
  3.943E+04  2.274E+04  5.797E+03  1.334E+04  0.000E+00  2.076E+03  6.926E+04  7.706E+04  6.746E+04  4.131E+04
  3.866E+04  3.866E+04  2.960E+04  0.000E+00  0.000E+00  0.000E+00  0.000E+00  0.000E+00  0.000E+00  0.000E+00
  0.000E+00  0.000E+00  0.000E+00  0.000E+00  0.000E+00  0.000E+00  0.000E+00  0.000E+00  0.000E+00  0.000E+00
  0.000E+00  0.000E+00  0.000E+00  0.000E+00  0.000E+00  0.000E+00  0.000E+00  0.000E+00  0.000E+00  0.000E+00
  0.000E+00  0.000E+00  1.272E+04  3.699E+04  3.699E+04  3.699E+04  3.699E+04  3.699E+04  0.000E+00  0.000E+00
  0.000E+00  0.000E+00  0.000E+00  0.000E+00  0.000E+00  0.000E+00  0.000E+00  0.000E+00  0.000E+00  0.000E+00
  0.000E+00  0.000E+00  0.000E+00  0.000E+00  0.000E+00  0.000E+00  0.000E+00  0.000E+00  0.000E+00  0.000E+00
  0.000E+00  0.000E+00  0.000E+00  0.000E+00  0.000E+00  0.000E+00  0.000E+00  0.000E+00  0.000E+00  5.093E+03
  3.767E+04  3.767E+04  1.799E+04  5.912E+03  0.000E+00  0.000E+00  2.664E+04  3.917E+04  1.664E+04  0.000E+00
  2.171E+03  4.845E+04  5.108E+04  4.630E+04  6.258E+04  1.277E+04  4.410E+04  5.103E+04  8.727E+04  2.550E+05
  1.794E+05  2.408E+05  1.213E+05  2.119E+04  7.415E+04  2.268E+05  4.326E+05  3.538E+05  3.592E+05  7.805E+05
  4.988E+05  1.335E+06  1.491E+09  4.293E+09  5.462E+09  4.981E+09  2.840E+09  1.616E+08  8.183E+05  3.898E+05
  3.229E+05  2.570E+05  2.700E+05  1.916E+05  2.796E+05  3.064E+05  1.452E+05  1.366E+05  1.950E+05  6.208E+04
  4.030E+04  1.886E+04  1.224E+05  6.753E+04  1.236E+04  3.550E+04  3.540E+04  4.552E+02  3.319E+04  0.000E+00
  0.000E+00  0.000E+00  0.000E+00  0.000E+00  0.000E+00  0.000E+00  0.000E+00  0.000E+00  0.000E+00  0.000E+00
  0.000E+00  0.000E+00  0.000E+00  0.000E+00  0.000E+00  0.000E+00  0.000E+00  0.000E+00  0.000E+00  0.000E+00
  0.000E+00  0.000E+00  0.000E+00  0.000E+00  0.000E+00  0.000E+00  0.000E+00  0.000E+00  0.000E+00  0.000E+00
  0.000E+00  0.000E+00  0.000E+00  0.000E+00  0.000E+00  0.000E+00  0.000E+00  0.000E+00  0.000E+00  0.000E+00
  0.000E+00  0.000E+00  0.000E+00  0.000E+00  0.000E+00  0.000E+00  0.000E+00  0.000E+00  0.000E+00  0.000E+00
  0.000E+00  0.000E+00  0.000E+00  0.000E+00  0.000E+00  0.000E+00  0.000E+00  0.000E+00  0.000E+00  0.000E+00
  0.000E+00  0.000E+00  0.000E+00  0.000E+00  5.123E+03  3.738E+04  3.738E+04  3.738E+04  3.738E+04  3.738E+04
  4.402E+03  0.000E+00  0.000E+00  0.000E+00  0.000E+00  0.000E+00  0.000E+00  0.000E+00  1.279E+04  3.087E+04
  0.000E+00  0.000E+00  0.000E+00  0.000E+00  4.518E+04  3.896E+04  3.896E+04  1.484E+04  0.000E+00  3.672E+04
  8.505E+04  1.046E+05  8.673E+03  6.634E+04  1.255E+05  4.910E+04  1.369E+05  2.012E+05  2.762E+05  1.967E+05
  1.361E+05  7.329E+05  3.939E+05  7.454E+05  3.007E+07  4.185E+09  7.886E+09  7.928E+09  7.944E+09  7.947E+09
  7.919E+09  6.412E+09  8.721E+08  6.489E+05  4.317E+05  5.896E+05  5.174E+05  3.502E+05  2.622E+05  1.924E+05
  1.986E+05  9.026E+04  8.860E+03  4.013E+04  3.022E+04  1.085E+05  9.789E+04  4.611E+04  2.890E+04  0.000E+00
  9.551E+04  9.528E+04  2.756E+04  0.000E+00  1.268E+04  0.000E+00  0.000E+00  0.000E+00  0.000E+00  0.000E+00
  0.000E+00  0.000E+00  0.000E+00  0.000E+00  0.000E+00  0.000E+00  0.000E+00  0.000E+00  0.000E+00  0.000E+00
  0.000E+00  0.000E+00  0.000E+00  0.000E+00  0.000E+00  0.000E+00  0.000E+00  0.000E+00  0.000E+00  0.000E+00
  0.000E+00  0.000E+00  0.000E+00  0.000E+00  0.000E+00  0.000E+00  0.000E+00  0.000E+00  0.000E+00  0.000E+00
  0.000E+00  3.705E+04  3.722E+04  3.722E+04  3.722E+04  3.722E+04  0.000E+00  0.000E+00  0.000E+00  0.000E+00
  0.000E+00  0.000E+00  0.000E+00  0.000E+00  0.000E+00  0.000E+00  0.000E+00  0.000E+00  0.000E+00  0.000E+00
  0.000E+00  0.000E+00  0.000E+00  0.000E+00  0.000E+00  0.000E+00  0.000E+00  0.000E+00  0.000E+00  0.000E+00
  0.000E+00  2.619E+04  3.740E+04  3.740E+04  3.740E+04  1.432E+04  2.915E+04  6.915E+04  7.487E+04  7.487E+04
  6.973E+04  3.705E+04  2.610E+04  3.923E+04  3.923E+04  2.485E+04  0.000E+00  0.000E+00  3.181E+04  7.894E+04
  7.430E+04  1.795E+04  5.481E+04  9.858E+04  6.277E+04  7.976E+04  8.151E+04  5.608E+04  1.158E+05  1.893E+05
  1.724E+05  2.704E+05  1.867E+05  1.934E+05  3.448E+05  4.475E+05  6.212E+05  9.058E+05  3.404E+09  7.918E+09
  7.920E+09  7.951E+09  7.932E+09  7.928E+09  7.968E+09  7.939E+09  6.402E+09  1.606E+08  6.503E+05  5.430E+05
  4.983E+05  2.807E+05  2.840E+05  1.967E+05  2.000E+05  9.778E+04  1.192E+05  6.874E+04  1.050E+05  5.114E+04
  3.960E+04  3.960E+04  3.390E+04  3.938E+04  3.938E+04  5.844E+04  7.876E+04  7.385E+04  4.533E+04  3.798E+04
  3.798E+04  7.367E+03  0.000E+00  0.000E+00  0.000E+00  0.000E+00  0.000E+00  0.000E+00  0.000E+00  0.000E+00
  0.000E+00  0.000E+00  0.000E+00  0.000E+00  0.000E+00  0.000E+00  0.000E+00  0.000E+00  0.000E+00  0.000E+00
  0.000E+00  0.000E+00  0.000E+00  0.000E+00  0.000E+00  0.000E+00  0.000E+00  0.000E+00  0.000E+00  0.000E+00
  0.000E+00  0.000E+00  0.000E+00  0.000E+00  0.000E+00  0.000E+00  0.000E+00  0.000E+00  0.000E+00  0.000E+00
  0.000E+00  0.000E+00  0.000E+00  0.000E+00  0.000E+00  0.000E+00  0.000E+00  0.000E+00  0.000E+00  0.000E+00
  1.860E+04  3.713E+04  3.713E+04  3.713E+04  3.713E+04  6.958E+04  7.424E+04  4.747E+04  3.711E+04  3.711E+04
  3.711E+04  3.711E+04  2.965E+03  0.000E+00  3.385E+04  1.121E+04  0.000E+00  0.000E+00  0.000E+00  0.000E+00
  0.000E+00  0.000E+00  0.000E+00  0.000E+00  5.139E+03  3.234E+04  0.000E+00  0.000E+00  1.314E+04  3.863E+04
  3.863E+04  4.613E+04  3.908E+04  3.908E+04  2.210E+04  0.000E+00  0.000E+00  0.000E+00  2.480E+04  1.213E+05
  2.217E+05  2.226E+05  8.549E+04  1.538E+05  2.074E+05  1.707E+05  1.354E+05  3.016E+05  4.523E+05  5.057E+05
  4.682E+05  2.443E+08  7.342E+09  7.958E+09  7.940E+09  7.958E+09  7.937E+09  7.941E+09  7.958E+09  7.962E+09
  7.941E+09  2.800E+09  6.720E+05  4.502E+05  3.711E+05  2.962E+05  4.816E+05  9.647E+04  1.076E+05  1.430E+05
  1.680E+05  1.274E+05  1.605E+05  1.662E+05  1.169E+05  5.714E+04  1.018E+04  3.879E+04  5.575E+04  3.492E+04
  0.000E+00  0.000E+00  2.673E+04  3.990E+04  2.718E+04  0.000E+00  0.000E+00  0.000E+00  0.000E+00  0.000E+00
  0.000E+00  0.000E+00  0.000E+00  0.000E+00  0.000E+00  0.000E+00  0.000E+00  0.000E+00  0.000E+00  0.000E+00
  0.000E+00  0.000E+00  0.000E+00  0.000E+00  0.000E+00  2.410E+04  3.739E+04  3.739E+04  3.739E+04  3.739E+04
  2.374E+04  0.000E+00  0.000E+00  0.000E+00  0.000E+00  0.000E+00  0.000E+00  0.000E+00  0.000E+00  0.000E+00
  0.000E+00  0.000E+00  0.000E+00  0.000E+00  4.274E+04  3.681E+04  1.869E+04  0.000E+00  0.000E+00  0.000E+00
  0.000E+00  0.000E+00  0.000E+00  0.000E+00  0.000E+00  0.000E+00  0.000E+00  0.000E+00  0.000E+00  0.000E+00
  0.000E+00  0.000E+00  0.000E+00  0.000E+00  0.000E+00  0.000E+00  0.000E+00  2.947E+04  3.733E+04  3.733E+04
  3.733E+04  3.733E+04  3.001E+04  0.000E+00  0.000E+00  0.000E+00  0.000E+00  0.000E+00  0.000E+00  0.000E+00
  0.000E+00  0.000E+00  0.000E+00  0.000E+00  0.000E+00  4.652E+03  0.000E+00  0.000E+00  2.713E+04  6.614E+04
  7.254E+04  3.014E+04  4.033E+04  1.006E+05  1.075E+05  2.413E+05  2.361E+05  1.889E+05  2.347E+05  2.983E+05
  2.841E+05  2.678E+05  3.736E+05  5.462E+05  6.740E+05  1.802E+09  7.934E+09  7.924E+09  7.956E+09  7.920E+09
  7.938E+09  7.968E+09  7.913E+09  7.950E+09  7.939E+09  4.987E+09  7.484E+05  5.808E+05  3.333E+05  3.520E+05
  3.108E+05  2.733E+05  1.463E+05  2.693E+05  2.370E+05  9.382E+04  1.146E+05  7.547E+04  7.038E+04  8.044E+04
  7.105E+04  3.747E+04  3.747E+04  6.236E+04  3.747E+04  1.155E+04  0.000E+00  0.000E+00  0.000E+00  0.000E+00
  0.000E+00  0.000E+00  0.000E+00  0.000E+00  0.000E+00  0.000E+00  0.000E+00  0.000E+00  0.000E+00  0.000E+00
  0.000E+00  0.000E+00  0.000E+00  0.000E+00  0.000E+00  0.000E+00  0.000E+00  0.000E+00  0.000E+00  0.000E+00
  0.000E+00  0.000E+00  0.000E+00  0.000E+00  0.000E+00  0.000E+00  0.000E+00  0.000E+00  0.000E+00  0.000E+00
  0.000E+00  0.000E+00  0.000E+00  0.000E+00  0.000E+00  0.000E+00  0.000E+00  0.000E+00  0.000E+00  0.000E+00
  0.000E+00  0.000E+00  0.000E+00  0.000E+00  0.000E+00  0.000E+00  0.000E+00  0.000E+00  0.000E+00  0.000E+00
  0.000E+00  0.000E+00  0.000E+00  0.000E+00  0.000E+00  0.000E+00  2.726E+04  3.718E+04  3.718E+04  3.718E+04
  3.718E+04  3.718E+04  2.089E+04  0.000E+00  0.000E+00  0.000E+00  0.000E+00  0.000E+00  0.000E+00  0.000E+00
  0.000E+00  0.000E+00  0.000E+00  0.000E+00  0.000E+00  0.000E+00  1.804E+04  3.843E+04  3.843E+04  3.084E+04
  0.000E+00  0.000E+00  2.051E+04  5.211E+04  7.613E+04  4.548E+04  6.896E+04  1.970E+05  2.316E+05  2.312E+05
  3.359E+05  2.753E+05  2.186E+05  2.963E+05  3.027E+05  2.497E+05  3.906E+05  4.974E+05  8.068E+05  2.275E+09
  7.946E+09  7.951E+09  7.949E+09  7.949E+09  7.962E+09  7.976E+09  7.952E+09  7.957E+09  7.959E+09  5.468E+09
  7.334E+05  4.693E+05  5.648E+05  5.263E+05  4.246E+05  4.528E+05  2.838E+05  1.862E+05  2.171E+05  2.214E+05
  1.349E+05  8.529E+04  5.539E+04  4.195E+04  2.135E+04  3.904E+04  3.904E+04  7.311E+03  0.000E+00  0.000E+00
  3.842E+03  3.858E+04  3.858E+04  3.858E+04  3.150E+02  0.000E+00  0.000E+00  3.661E+03  3.778E+04  3.778E+04
  3.778E+04  3.778E+04  3.808E+03  0.000E+00  0.000E+00  0.000E+00  0.000E+00  0.000E+00  0.000E+00  0.000E+00
  0.000E+00  0.000E+00  0.000E+00  0.000E+00  0.000E+00  0.000E+00  0.000E+00  0.000E+00  0.000E+00  0.000E+00
  0.000E+00  0.000E+00  0.000E+00  0.000E+00  0.000E+00  0.000E+00  0.000E+00  0.000E+00  0.000E+00  0.000E+00
  0.000E+00  0.000E+00  0.000E+00  0.000E+00  0.000E+00  0.000E+00  0.000E+00  0.000E+00  0.000E+00  1.336E+04
  3.739E+04  3.739E+04  3.739E+04  3.739E+04  3.739E+04  1.647E+04  0.000E+00  0.000E+00  0.000E+00  0.000E+00
  0.000E+00  0.000E+00  0.000E+00  0.000E+00  0.000E+00  0.000E+00  0.000E+00  0.000E+00  0.000E+00  0.000E+00
  0.000E+00  0.000E+00  0.000E+00  0.000E+00  2.850E+04  3.803E+04  3.803E+04  4.996E+04  3.783E+04  7.241E+04
  1.154E+05  1.398E+05  1.374E+05  9.414E+04  5.143E+04  3.813E+04  7.727E+03  4.050E+04  4.050E+04  7.216E+03
  4.617E+04  3.701E+04  6.898E+04  1.876E+05  1.683E+05  2.104E+05  2.187E+05  3.037E+05  4.373E+05  5.535E+05
  3.596E+05  3.381E+05  6.880E+05  1.154E+09  7.942E+09  7.931E+09  7.927E+09  7.956E+09  7.927E+09  7.939E+09
  7.937E+09  7.932E+09  7.942E+09  4.334E+09  6.995E+05  6.330E+05  5.912E+05  5.220E+05  2.851E+05  1.774E+05
  3.244E+05  2.881E+05  1.291E+05  1.280E+05  3.504E+05  2.196E+05  8.855E+04  1.041E+04  0.000E+00  0.000E+00
  1.824E+04  4.289E+04  4.866E+04  3.912E+04  2.484E+04  0.000E+00  0.000E+00  0.000E+00  0.000E+00  0.000E+00
  0.000E+00  0.000E+00  0.000E+00  0.000E+00  0.000E+00  0.000E+00  0.000E+00  0.000E+00  0.000E+00  0.000E+00
  0.000E+00  0.000E+00  0.000E+00  0.000E+00  0.000E+00  0.000E+00  0.000E+00  0.000E+00  0.000E+00  0.000E+00
  0.000E+00  0.000E+00  0.000E+00  0.000E+00  0.000E+00  0.000E+00  0.000E+00  0.000E+00  2.770E+04  3.697E+04
  3.697E+04  3.697E+04  3.697E+04  3.697E+04  3.697E+04  3.697E+04  0.000E+00  0.000E+00  0.000E+00  0.000E+00
  0.000E+00  0.000E+00  0.000E+00  4.653E+03  0.000E+00  0.000E+00  0.000E+00  0.000E+00  0.000E+00  0.000E+00
  0.000E+00  0.000E+00  0.000E+00  0.000E+00  0.000E+00  0.000E+00  0.000E+00  0.000E+00  0.000E+00  0.000E+00
  0.000E+00  0.000E+00  0.000E+00  0.000E+00  0.000E+00  0.000E+00  0.000E+00  0.000E+00  2.244E+04  3.791E+04
  3.791E+04  3.791E+04  1.808E+04  5.091E+03  1.343E+04  3.918E+04  1.240E+04  0.000E+00  0.000E+00  0.000E+00
  0.000E+00  0.000E+00  5.043E+04  8.237E+04  4.026E+04  4.467E+04  8.390E+04  1.274E+05  3.807E+04  7.645E+04
  1.688E+05  2.063E+05  2.980E+05  2.319E+05  2.986E+05  5.041E+05  5.095E+05  1.426E+07  6.174E+09  7.991E+09
  7.969E+09  7.949E+09  7.969E+09  7.920E+09  7.952E+09  7.930E+09  7.890E+09  1.499E+09  7.918E+05  8.348E+05
  5.355E+05  3.730E+05  1.995E+05  3.931E+05  2.608E+05  1.580E+05  1.954E+05  1.328E+05  2.328E+05  2.359E+05
  1.644E+05  1.158E+05  6.776E+04  8.053E+04  4.405E+04  3.020E+02  8.970E+04  1.250E+05  6.940E+04  3.939E+04
  1.500E+04  0.000E+00  0.000E+00  0.000E+00  0.000E+00  0.000E+00  0.000E+00  0.000E+00  0.000E+00  0.000E+00
  0.000E+00  0.000E+00  0.000E+00  0.000E+00  0.000E+00  0.000E+00  0.000E+00  0.000E+00  0.000E+00  0.000E+00
  0.000E+00  0.000E+00  0.000E+00  0.000E+00  0.000E+00  0.000E+00  0.000E+00  0.000E+00  0.000E+00  0.000E+00
  0.000E+00  0.000E+00  0.000E+00  0.000E+00  0.000E+00  0.000E+00  0.000E+00  0.000E+00  0.000E+00  0.000E+00
  0.000E+00  0.000E+00  0.000E+00  0.000E+00  0.000E+00  0.000E+00  0.000E+00  0.000E+00  0.000E+00  0.000E+00
  0.000E+00  0.000E+00  0.000E+00  0.000E+00  0.000E+00  0.000E+00  0.000E+00  0.000E+00  0.000E+00  0.000E+00
  0.000E+00  0.000E+00  0.000E+00  0.000E+00  0.000E+00  0.000E+00  0.000E+00  0.000E+00  0.000E+00  3.746E+04
  3.809E+04  3.690E+04  3.791E+04  3.791E+04  3.791E+04  3.791E+04  2.979E+04  4.550E+04  7.603E+04  7.603E+04
  4.237E+04  5.111E+04  4.104E+04  1.978E+04  0.000E+00  0.000E+00  3.319E+04  8.655E+04  7.892E+04  9.177E+03
  2.228E+04  5.943E+04  7.034E+04  1.477E+05  2.415E+05  2.424E+05  4.026E+05  4.686E+05  2.052E+05  3.016E+05
  3.665E+05  6.094E+05  1.439E+09  7.503E+09  7.960E+09  7.956E+09  7.962E+09  7.946E+09  7.967E+09  7.942E+09
  4.173E+09  1.198E+06  3.661E+05  3.561E+05  4.577E+05  3.806E+05  1.354E+05  2.644E+05  3.475E+05  2.960E+05
  9.627E+04  3.351E+04  6.495E+04  4.164E+04  2.000E+03  9.869E+04  1.124E+05  4.852E+04  4.215E+04  4.367E+04
  0.000E+00  0.000E+00  1.367E+04  3.768E+04  1.770E+04  3.817E+04  3.817E+04  3.817E+04  4.364E+04  3.811E+04
  3.811E+04  3.811E+04  4.388E+04  3.746E+04  3.746E+04  4.212E+04  7.540E+04  3.986E+04  0.000E+00  0.000E+00
  0.000E+00  0.000E+00  0.000E+00  0.000E+00  0.000E+00  0.000E+00  0.000E+00  0.000E+00  0.000E+00  0.000E+00
  0.000E+00  0.000E+00  0.000E+00  0.000E+00  0.000E+00  0.000E+00  0.000E+00  0.000E+00  0.000E+00  0.000E+00
  0.000E+00  0.000E+00  0.000E+00  0.000E+00  0.000E+00  3.532E+04  3.700E+04  3.700E+04  3.700E+04  3.700E+04
  3.700E+04  3.700E+04  3.700E+04  3.641E+03  0.000E+00  0.000E+00  0.000E+00  0.000E+00  0.000E+00  0.000E+00
  0.000E+00  0.000E+00  0.000E+00  0.000E+00  0.000E+00  0.000E+00  0.000E+00  0.000E+00  0.000E+00  0.000E+00
  5.585E+03  3.809E+04  3.809E+04  6.223E+02  0.000E+00  0.000E+00  2.268E+04  5.595E+04  3.709E+04  4.326E+04
  6.317E+04  3.709E+04  3.709E+04  3.709E+04  1.867E+04  0.000E+00  0.000E+00  0.000E+00  2.265E+03  4.021E+04
  2.075E+04  0.000E+00  0.000E+00  0.000E+00  5.713E+04  1.425E+05  6.401E+04  1.998E+05  1.278E+05  1.287E+05
  2.511E+05  2.843E+05  3.171E+05  2.611E+05  4.441E+05  4.737E+05  8.941E+05  1.423E+09  6.178E+09  7.909E+09
  7.959E+09  7.994E+09  7.323E+09  3.392E+09  2.949E+07  1.039E+06  6.922E+05  2.717E+05  3.310E+05  1.805E+05
  1.746E+05  1.189E+05  2.457E+05  1.639E+05  1.116E+05  1.795E+04  8.947E+04  2.373E+05  1.025E+05  4.030E+04
  4.970E+04  6.278E+04  1.442E+04  5.721E+03  3.890E+04  1.458E+02  2.387E+04  3.881E+04  3.881E+04  3.881E+04
  1.637E+04  0.000E+00  1.199E+04  0.000E+00  0.000E+00  0.000E+00  6.849E+03  0.000E+00  2.605E+04  3.774E+04
  1.881E+04  1.337E+04  3.794E+04  3.794E+04  3.794E+04  1.556E+04  0.000E+00  0.000E+00  0.000E+00  0.000E+00
  0.000E+00  0.000E+00  2.224E+04  3.753E+04  3.753E+04  3.753E+04  3.753E+04  9.960E+03  0.000E+00  0.000E+00
  0.000E+00  0.000E+00  0.000E+00  0.000E+00  0.000E+00  0.000E+00  0.000E+00  0.000E+00  0.000E+00  0.000E+00
  0.000E+00  0.000E+00  0.000E+00  0.000E+00  0.000E+00  0.000E+00  0.000E+00  0.000E+00  0.000E+00  0.000E+00
  0.000E+00  0.000E+00  0.000E+00  0.000E+00  0.000E+00  0.000E+00  7.962E+03  3.730E+04  3.730E+04  3.730E+04
  3.730E+04  3.730E+04  1.532E+04  0.000E+00  0.000E+00  0.000E+00  0.000E+00  2.679E+04  3.785E+04  3.785E+04
  1.516E+04  0.000E+00  0.000E+00  0.000E+00  0.000E+00  2.085E+04  7.820E+04  4.848E+04  3.200E+04  9.764E+03
  3.398E+03  2.098E+04  8.293E+04  9.461E+04  8.035E+04  5.309E+04  6.656E+04  1.353E+05  2.017E+05  7.377E+04
  3.317E+04  7.211E+04  1.149E+05  1.945E+05  2.375E+05  2.976E+05  3.462E+05  3.546E+05  4.588E+05  4.608E+05
  5.382E+05  8.617E+05  1.474E+07  1.163E+09  2.274E+09  1.799E+09  2.494E+08  7.776E+05  6.186E+05  6.693E+05
  4.186E+05  4.800E+05  2.925E+05  1.743E+05  2.417E+05  1.692E+05  1.628E+04  4.610E+04  6.433E+04  9.122E+04
  1.227E+05  1.515E+05  9.094E+04  3.093E+04  0.000E+00  0.000E+00  1.113E+04  4.234E+04  6.565E+03  0.000E+00
  1.345E+02  3.913E+04  4.616E+04  6.796E+04  1.622E+04  0.000E+00  0.000E+00  0.000E+00  0.000E+00  1.226E+04
  3.851E+04  4.004E+03  0.000E+00  0.000E+00  0.000E+00  0.000E+00  0.000E+00  0.000E+00  0.000E+00  2.928E+04
  3.719E+04  2.628E+04  0.000E+00  0.000E+00  0.000E+00  0.000E+00  0.000E+00  0.000E+00  0.000E+00  0.000E+00
  0.000E+00  0.000E+00  0.000E+00  0.000E+00  0.000E+00  0.000E+00  0.000E+00  0.000E+00  0.000E+00  0.000E+00
  0.000E+00  0.000E+00  0.000E+00  0.000E+00  0.000E+00  0.000E+00  0.000E+00  0.000E+00  0.000E+00  0.000E+00
  0.000E+00  0.000E+00  0.000E+00  0.000E+00  0.000E+00  0.000E+00  0.000E+00  0.000E+00  0.000E+00  0.000E+00
  0.000E+00  0.000E+00  0.000E+00  0.000E+00  0.000E+00  0.000E+00  0.000E+00  0.000E+00  0.000E+00  0.000E+00
  0.000E+00  0.000E+00  0.000E+00  1.109E+04  3.863E+04  3.863E+04  1.227E+04  1.973E+04  3.977E+04  4.004E+04
  3.557E+04  7.157E+04  7.967E+04  3.697E+04  1.605E+04  7.683E+04  4.530E+04  1.883E+04  4.923E+04  6.117E+04
  5.972E+04  6.698E+04  4.607E+04  1.330E+05  1.284E+05  1.738E+05  1.638E+05  7.466E+04  2.103E+05  1.045E+05
  4.499E+05  3.597E+05  3.352E+05  4.485E+05  7.370E+05  7.171E+05  6.424E+05  6.099E+05  7.829E+05  7.469E+05
  8.845E+05  4.473E+05  5.502E+05  4.902E+05  4.603E+05  5.614E+05  4.702E+05  1.028E+05  1.259E+05  3.451E+05
  7.501E+04  6.467E+04  5.213E+04  1.301E+05  1.879E+05  1.278E+05  1.374E+05  1.228E+05  6.750E+04  1.530E+04
  2.413E+04  0.000E+00  7.627E+04  6.127E+04  3.984E+04  3.893E+04  1.682E+04  0.000E+00  2.390E+04  3.125E+04
  0.000E+00  0.000E+00  0.000E+00  0.000E+00  0.000E+00  3.450E+04  3.851E+04  2.885E+04  0.000E+00  0.000E+00
  0.000E+00  0.000E+00  0.000E+00  9.662E+03  3.729E+04  4.820E+04  7.448E+04  7.448E+04  7.448E+04  4.516E+04
  0.000E+00  0.000E+00  0.000E+00  0.000E+00  0.000E+00  0.000E+00  0.000E+00  0.000E+00  0.000E+00  0.000E+00
  0.000E+00  0.000E+00  0.000E+00  0.000E+00  0.000E+00  0.000E+00  0.000E+00  0.000E+00  0.000E+00  0.000E+00
  0.000E+00  0.000E+00  0.000E+00  0.000E+00  0.000E+00  0.000E+00  0.000E+00  0.000E+00  0.000E+00  0.000E+00
  0.000E+00  0.000E+00  0.000E+00  0.000E+00  0.000E+00  0.000E+00  0.000E+00  0.000E+00  0.000E+00  0.000E+00
  0.000E+00  0.000E+00  0.000E+00  0.000E+00  0.000E+00  0.000E+00  2.896E+04  2.753E+04  0.000E+00  2.287E+04
  3.884E+04  1.110E+04  0.000E+00  0.000E+00  0.000E+00  0.000E+00  0.000E+00  2.525E+04  4.112E+04  3.906E+04
  1.848E+04  4.145E+04  2.679E+04  5.484E+04  5.123E+04  7.249E+04  8.439E+04  5.353E+04  4.304E+04  1.219E+05
  5.331E+04  1.311E+05  1.705E+05  2.517E+05  2.737E+05  1.335E+05  2.710E+05  4.002E+05  4.396E+05  4.904E+05
  5.168E+05  2.899E+05  3.599E+05  5.300E+05  6.609E+05  3.660E+05  6.575E+05  3.512E+05  2.482E+05  2.671E+05
  3.786E+05  1.778E+05  4.067E+04  1.408E+05  7.989E+04  8.992E+04  8.753E+04  6.270E+04  1.014E+05  9.484E+04
  0.000E+00  1.381E+04  4.762E+04  7.382E+04  7.199E+04  7.499E+04  8.041E+04  4.643E+04  3.768E+03  0.000E+00
  2.211E+04  1.568E+04  0.000E+00  0.000E+00  0.000E+00  0.000E+00  0.000E+00  1.833E+04  8.777E+03  0.000E+00
  0.000E+00  0.000E+00  0.000E+00  0.000E+00  0.000E+00  0.000E+00  0.000E+00  0.000E+00  0.000E+00  0.000E+00
  0.000E+00  0.000E+00  0.000E+00  0.000E+00  0.000E+00  0.000E+00  0.000E+00  0.000E+00  0.000E+00  0.000E+00
  0.000E+00  0.000E+00  0.000E+00  0.000E+00  0.000E+00  0.000E+00  0.000E+00  0.000E+00  0.000E+00  0.000E+00
  0.000E+00  0.000E+00  0.000E+00  0.000E+00  0.000E+00  0.000E+00  0.000E+00  0.000E+00  0.000E+00  0.000E+00
  0.000E+00  0.000E+00  0.000E+00  0.000E+00  0.000E+00  0.000E+00  0.000E+00  0.000E+00  0.000E+00  0.000E+00
  0.000E+00  0.000E+00  0.000E+00  0.000E+00  0.000E+00  0.000E+00  0.000E+00  0.000E+00  0.000E+00  0.000E+00
  0.000E+00  1.113E+03  3.884E+04  1.597E+04  0.000E+00  0.000E+00  0.000E+00  0.000E+00  0.000E+00  0.000E+00
  0.000E+00  2.351E+04  7.126E+04  7.716E+04  6.220E+04  3.558E+04  4.540E+04  7.845E+04  1.710E+04  9.671E+04
  1.035E+05  1.569E+05  3.747E+04  6.517E+04  3.056E+05  1.037E+05  8.918E+04  3.133E+05  1.817E+05  2.539E+05
  1.853E+05  4.342E+05  4.489E+05  5.820E+05  2.769E+05  2.082E+05  3.683E+05  5.406E+05  2.214E+05  4.814E+05
  6.462E+05  2.954E+05  2.602E+05  3.304E+05  3.172E+05  2.344E+05  2.018E+05  1.778E+05  1.221E+05  5.849E+04
  1.041E+05  7.181E+04  8.288E+04  7.603E+04  4.174E+04  3.866E+03  9.615E+03  4.843E+04  7.247E+04  2.886E+04
  0.000E+00  1.152E+04  0.000E+00  0.000E+00  0.000E+00  0.000E+00  0.000E+00  0.000E+00  0.000E+00  0.000E+00
  0.000E+00  0.000E+00  3.192E+04  4.070E+04  2.187E+04  0.000E+00  0.000E+00  0.000E+00  0.000E+00  0.000E+00
  0.000E+00  0.000E+00  0.000E+00  0.000E+00  0.000E+00  0.000E+00  0.000E+00  0.000E+00  0.000E+00  0.000E+00
  0.000E+00  0.000E+00  0.000E+00  0.000E+00  0.000E+00  0.000E+00  0.000E+00  0.000E+00  0.000E+00  0.000E+00
  0.000E+00  0.000E+00  0.000E+00  0.000E+00  0.000E+00  0.000E+00  0.000E+00  0.000E+00  0.000E+00  0.000E+00
  0.000E+00  0.000E+00  0.000E+00  0.000E+00  0.000E+00  0.000E+00  0.000E+00  0.000E+00  0.000E+00  0.000E+00
  0.000E+00  0.000E+00  0.000E+00  0.000E+00  0.000E+00  0.000E+00  0.000E+00  0.000E+00  0.000E+00  0.000E+00
  0.000E+00  0.000E+00  0.000E+00  0.000E+00  0.000E+00  0.000E+00  0.000E+00  0.000E+00  0.000E+00  0.000E+00
  0.000E+00  0.000E+00  0.000E+00  0.000E+00  5.283E+03  2.019E+04  0.000E+00  0.000E+00  3.432E+04  9.270E+04
  6.782E+04  3.703E+04  1.078E+05  1.910E+05  1.941E+05  8.639E+04  1.426E+05  2.667E+05  1.391E+05  6.547E+04
  2.035E+05  1.932E+05  2.845E+05  2.675E+05  2.441E+05  1.742E+05  2.568E+05  4.545E+05  2.613E+05  3.081E+05
  1.815E+05  4.769E+05  2.954E+05  2.291E+05  3.357E+05  1.870E+05  4.084E+05  3.061E+05  2.708E+05  2.636E+05
  1.906E+05  1.937E+05  1.603E+05  1.003E+05  1.844E+05  8.079E+04  1.017E+04  2.769E+04  7.536E+04  5.549E+04
  8.938E+04  1.484E+04  1.387E+04  5.621E+04  7.870E+04  9.460E+03  0.000E+00  0.000E+00  1.996E+04  7.672E+04
  3.667E+04  0.000E+00  0.000E+00  0.000E+00  0.000E+00  0.000E+00  0.000E+00  0.000E+00  0.000E+00  0.000E+00
  0.000E+00  0.000E+00  0.000E+00  0.000E+00  0.000E+00  0.000E+00  0.000E+00  0.000E+00  0.000E+00  0.000E+00
  0.000E+00  0.000E+00  0.000E+00  0.000E+00  0.000E+00  0.000E+00  0.000E+00  0.000E+00  0.000E+00  0.000E+00
  0.000E+00  0.000E+00  0.000E+00  0.000E+00  0.000E+00  0.000E+00  0.000E+00  0.000E+00  0.000E+00  0.000E+00
  0.000E+00  0.000E+00  0.000E+00  0.000E+00  0.000E+00  0.000E+00  0.000E+00  0.000E+00  0.000E+00  0.000E+00
  0.000E+00  0.000E+00  0.000E+00  0.000E+00  0.000E+00  0.000E+00  0.000E+00  0.000E+00  0.000E+00  0.000E+00
  0.000E+00  0.000E+00  0.000E+00  0.000E+00  3.592E+04  3.850E+04  3.850E+04  2.890E+03  0.000E+00  0.000E+00
  0.000E+00  0.000E+00  0.000E+00  0.000E+00  0.000E+00  0.000E+00  0.000E+00  3.079E+04  3.976E+04  1.154E+04
  0.000E+00  0.000E+00  0.000E+00  7.899E+03  0.000E+00  3.344E+04  6.545E+04  7.336E+04  7.562E+04  5.910E+04
  1.373E+05  1.508E+05  1.181E+04  1.466E+05  2.925E+05  1.798E+05  1.995E+05  4.757E+04  3.652E+05  1.197E+05
  1.780E+05  3.148E+05  3.192E+05  1.932E+05  2.006E+05  2.412E+05  3.799E+05  2.530E+05  2.947E+05  3.342E+05
  3.145E+05  1.291E+05  6.273E+04  1.440E+05  1.089E+05  9.492E+04  1.669E+04  7.941E+04  1.768E+05  1.287E+05
  4.671E+04  5.903E+04  4.331E+04  4.449E+04  6.920E+04  8.078E+04  1.363E+04  0.000E+00  0.000E+00  4.615E+04
  4.028E+04  0.000E+00  0.000E+00  0.000E+00  4.446E+04  8.113E+04  3.183E+04  0.000E+00  1.067E+04  2.361E+04
  0.000E+00  0.000E+00  0.000E+00  0.000E+00  0.000E+00  0.000E+00  0.000E+00  0.000E+00  0.000E+00  0.000E+00
  0.000E+00  0.000E+00  0.000E+00  0.000E+00  0.000E+00  0.000E+00  0.000E+00  0.000E+00  0.000E+00  0.000E+00
  0.000E+00  0.000E+00  0.000E+00  0.000E+00  0.000E+00  0.000E+00  0.000E+00  0.000E+00  0.000E+00  0.000E+00
  0.000E+00  0.000E+00  0.000E+00  0.000E+00  0.000E+00  0.000E+00  0.000E+00  0.000E+00  0.000E+00  0.000E+00
  0.000E+00  0.000E+00  0.000E+00  0.000E+00  0.000E+00  0.000E+00  2.559E+04  3.767E+04  3.767E+04  3.767E+04
  3.767E+04  2.962E+04  0.000E+00  0.000E+00  0.000E+00  0.000E+00  2.702E+04  3.850E+04  2.588E+03  0.000E+00
  0.000E+00  0.000E+00  0.000E+00  1.229E+04  1.631E+04  0.000E+00  0.000E+00  0.000E+00  0.000E+00  2.897E+04
  3.976E+04  8.966E+03  1.879E+04  2.549E+04  0.000E+00  0.000E+00  0.000E+00  1.711E+04  3.953E+04  0.000E+00
  2.022E+04  4.424E+04  8.832E+04  2.861E+04  1.431E+05  4.810E+04  5.459E+04  2.346E+05  1.877E+05  1.560E+05
  3.290E+04  2.901E+05  3.087E+05  2.161E+05  1.757E+05  2.019E+05  2.427E+05  2.489E+05  2.606E+05  2.351E+05
  2.479E+05  4.956E+05  2.158E+05  1.700E+05  1.380E+05  9.927E+04  1.437E+05  8.930E+04  1.532E+05  1.177E+05
  9.093E+04  2.209E+04  0.000E+00  8.401E+03  0.000E+00  1.823E+04  5.605E+04  1.360E+04  2.473E+04  4.471E+04
  5.675E+04  4.053E+04  1.041E+04  1.015E+04  4.519E+04  7.597E+04  5.628E+04  4.030E+04  4.281E+03  0.000E+00
  0.000E+00  0.000E+00  0.000E+00  1.535E+04  3.897E+04  3.897E+04  3.897E+04  7.391E+03  0.000E+00  0.000E+00
  0.000E+00  0.000E+00  0.000E+00  0.000E+00  0.000E+00  0.000E+00  0.000E+00  0.000E+00  0.000E+00  0.000E+00
  0.000E+00  0.000E+00  0.000E+00  0.000E+00  0.000E+00  0.000E+00  0.000E+00  0.000E+00  0.000E+00  0.000E+00
  0.000E+00  0.000E+00  0.000E+00  0.000E+00  0.000E+00  0.000E+00  0.000E+00  0.000E+00  0.000E+00  0.000E+00
  0.000E+00  0.000E+00  0.000E+00  0.000E+00  0.000E+00  0.000E+00  0.000E+00  0.000E+00  3.280E+02  3.767E+04
  1.208E+04  0.000E+00  0.000E+00  0.000E+00  1.701E+04  3.927E+04  3.927E+04  5.564E+03  0.000E+00  0.000E+00
  0.000E+00  0.000E+00  0.000E+00  8.211E+02  3.879E+04  3.879E+04  3.879E+04  2.650E+04  0.000E+00  0.000E+00
  0.000E+00  0.000E+00  0.000E+00  0.000E+00  1.513E+04  7.626E+04  5.768E+04  3.893E+03  0.000E+00  0.000E+00
  3.130E+04  2.762E+04  2.827E+03  3.519E+04  5.079E+04  1.017E+05  6.244E+04  9.863E+04  9.545E+04  6.759E+04
  1.526E+05  1.864E+04  1.236E+05  1.601E+05  2.028E+05  1.838E+05  2.378E+05  7.591E+04  1.657E+05  8.964E+04
  1.576E+05  3.286E+05  2.506E+05  2.065E+05  1.216E+05  3.751E+05  2.089E+05  3.380E+05  2.018E+05  7.358E+04
  2.337E+05  1.468E+05  1.134E+05  7.580E+04  8.200E+04  1.119E+05  6.353E+04  1.352E+04  0.000E+00  0.000E+00
  3.887E+04  1.558E+05  4.836E+04  3.182E+04  3.406E+04  1.020E+04  3.013E+04  2.014E+04  4.216E+04  6.286E+04
  2.005E+04  0.000E+00  3.601E+04  4.030E+04  1.647E+04  0.000E+00  2.139E+04  3.999E+04  3.999E+04  1.465E+04
  4.089E+04  2.805E+04  0.000E+00  0.000E+00  0.000E+00  0.000E+00  0.000E+00  0.000E+00  0.000E+00  0.000E+00
  0.000E+00  0.000E+00  0.000E+00  0.000E+00  0.000E+00  0.000E+00  0.000E+00  0.000E+00  0.000E+00  0.000E+00
  0.000E+00  0.000E+00  0.000E+00  0.000E+00  0.000E+00  0.000E+00  0.000E+00  0.000E+00  0.000E+00  0.000E+00
  0.000E+00  0.000E+00  0.000E+00  0.000E+00  0.000E+00  0.000E+00  0.000E+00  0.000E+00  0.000E+00  0.000E+00
  0.000E+00  0.000E+00  0.000E+00  0.000E+00  2.429E+04  5.005E+04  7.692E+04  7.094E+04  2.226E+04  0.000E+00
  0.000E+00  0.000E+00  0.000E+00  0.000E+00  3.790E+04  1.092E+04  0.000E+00  0.000E+00  0.000E+00  0.000E+00
  0.000E+00  0.000E+00  0.000E+00  0.000E+00  0.000E+00  0.000E+00  0.000E+00  4.319E+04  6.722E+04  1.059E+04
  0.000E+00  0.000E+00  0.000E+00  0.000E+00  0.000E+00  3.024E+04  6.475E+04  7.068E+04  2.429E+04  1.440E+04
  3.898E+04  6.804E+04  5.196E+04  8.751E+04  5.504E+04  1.358E+05  1.081E+05  1.049E+05  1.665E+05  1.754E+05
  1.039E+05  1.360E+05  1.264E+05  8.683E+04  1.686E+05  2.682E+05  5.685E+04  1.310E+05  1.742E+05  2.718E+05
  3.078E+05  2.402E+05  2.145E+05  8.061E+04  5.712E+04  1.720E+05  2.328E+05  3.720E+04  6.782E+04  7.298E+04
  1.269E+05  5.193E+04  4.804E+04  0.000E+00  4.944E+04  8.082E+04  1.329E+05  4.210E+04  0.000E+00  2.467E+04
  4.433E+04  1.161E+04  0.000E+00  2.577E+04  6.859E+04  3.441E+04  4.457E+03  0.000E+00  0.000E+00  0.000E+00
  0.000E+00  0.000E+00  0.000E+00  3.805E+04  1.950E+04  1.587E+04  3.960E+04  0.000E+00  0.000E+00  0.000E+00
  0.000E+00  0.000E+00  0.000E+00  0.000E+00  0.000E+00  0.000E+00  0.000E+00  0.000E+00  0.000E+00  0.000E+00
  0.000E+00  0.000E+00  0.000E+00  0.000E+00  0.000E+00  0.000E+00  0.000E+00  0.000E+00  0.000E+00  0.000E+00
  0.000E+00  0.000E+00  0.000E+00  0.000E+00  0.000E+00  0.000E+00  0.000E+00  0.000E+00  0.000E+00  0.000E+00
  0.000E+00  0.000E+00  2.679E+03  0.000E+00  9.908E+02  3.765E+04  3.765E+04  3.765E+04  2.609E+04  2.688E+04
  0.000E+00  0.000E+00  0.000E+00  0.000E+00  1.166E+04  3.888E+04  3.888E+04  3.888E+04  9.784E+02  0.000E+00
  0.000E+00  1.084E+04  0.000E+00  0.000E+00  0.000E+00  0.000E+00  1.868E+04  1.658E+04  0.000E+00  0.000E+00
  0.000E+00  0.000E+00  0.000E+00  0.000E+00  0.000E+00  0.000E+00  1.544E+04  0.000E+00  0.000E+00  2.272E+04
  7.009E+04  6.886E+03  4.463E+03  2.336E+04  9.351E+04  9.143E+04  8.179E+04  1.854E+04  1.116E+05  4.670E+04
  4.633E+04  9.406E+03  4.688E+04  1.335E+05  1.799E+05  1.822E+05  4.291E+04  9.846E+04  1.695E+05  2.070E+05
  1.023E+05  2.037E+05  2.064E+05  1.621E+05  3.285E+05  7.056E+04  9.633E+04  1.265E+05  5.917E+04  4.752E+04
  1.978E+05  2.246E+05  9.892E+04  1.063E+05  8.745E+04  1.087E+05  1.422E+04  5.036E+04  4.223E+03  1.473E+05
  8.422E+04  4.257E+04  1.150E+04  9.334E+03  1.032E+04  6.432E+04  2.934E+04  0.000E+00  0.000E+00  3.515E+04
  1.886E+04  4.367E+04  1.353E+04  0.000E+00  0.000E+00  0.000E+00  0.000E+00  0.000E+00  0.000E+00  0.000E+00
  0.000E+00  0.000E+00  0.000E+00  8.686E+03  1.997E+04  0.000E+00  0.000E+00  0.000E+00  0.000E+00  0.000E+00
  0.000E+00  0.000E+00  0.000E+00  0.000E+00  0.000E+00  0.000E+00  0.000E+00  0.000E+00  0.000E+00  0.000E+00
  0.000E+00  0.000E+00  0.000E+00  0.000E+00  0.000E+00  0.000E+00  0.000E+00  0.000E+00  0.000E+00  0.000E+00
  0.000E+00  0.000E+00  4.847E+02  3.851E+04  3.851E+04  3.851E+04  1.637E+04  0.000E+00  0.000E+00  0.000E+00
  0.000E+00  0.000E+00  0.000E+00  0.000E+00  0.000E+00  0.000E+00  0.000E+00  1.491E+04  2.722E+04  0.000E+00
  0.000E+00  5.633E+03  4.263E+03  4.092E+04  4.092E+04  5.027E+03  0.000E+00  0.000E+00  1.635E+04  4.203E+04
  2.335E+04  0.000E+00  1.091E+04  1.546E+04  0.000E+00  0.000E+00  0.000E+00  0.000E+00  2.331E+04  4.343E+04
  1.532E+04  0.000E+00  2.355E+04  4.084E+04  2.619E+04  4.387E+04  4.289E+04  6.084E+04  7.616E+04  1.068E+05
  2.433E+04  3.886E+04  8.901E+04  4.799E+04  2.448E+04  0.000E+00  3.872E+04  1.637E+05  1.250E+05  1.083E+05
  6.401E+04  7.512E+04  2.054E+05  7.650E+04  2.153E+05  1.671E+05  1.872E+05  1.186E+05  1.707E+05  1.970E+05
  1.815E+05  1.219E+05  5.137E+04  1.174E+05  3.214E+04  1.360E+05  1.339E+05  6.438E+04  9.252E+04  4.898E+04
  4.056E+04  1.922E+04  3.395E+04  7.897E+02  1.310E+05  1.080E+05  9.269E+01  3.966E+04  1.966E+04  0.000E+00
  1.332E+04  3.693E+04  0.000E+00  0.000E+00  0.000E+00  0.000E+00  3.014E+04  3.886E+04  0.000E+00  0.000E+00
  0.000E+00  0.000E+00  0.000E+00  0.000E+00  0.000E+00  0.000E+00  0.000E+00  0.000E+00  1.959E+04  3.957E+04
  3.957E+04  1.248E+04  0.000E+00  0.000E+00  0.000E+00  0.000E+00  0.000E+00  0.000E+00  0.000E+00  0.000E+00
  0.000E+00  0.000E+00  0.000E+00  0.000E+00  0.000E+00  0.000E+00  0.000E+00  0.000E+00  0.000E+00  0.000E+00
  0.000E+00  0.000E+00  0.000E+00  1.734E+04  3.851E+04  3.851E+04  3.803E+04  0.000E+00  0.000E+00  0.000E+00
  0.000E+00  0.000E+00  0.000E+00  0.000E+00  0.000E+00  0.000E+00  0.000E+00  0.000E+00  0.000E+00  0.000E+00
  0.000E+00  0.000E+00  0.000E+00  3.752E+04  5.311E+04  7.554E+04  4.340E+04  3.566E+04  0.000E+00  0.000E+00
  1.062E+04  4.203E+04  2.569E+04  0.000E+00  7.885E+03  4.237E+04  3.146E+04  0.000E+00  9.149E+03  4.298E+04
  2.869E+02  8.327E+03  2.011E+04  0.000E+00  0.000E+00  2.438E+04  5.674E+04  3.588E+04  3.154E+03  2.300E+04
  4.125E+04  0.000E+00  4.952E+04  3.540E+04  3.659E+04  1.213E+05  3.841E+04  1.131E+05  5.558E+04  3.046E+04
  1.069E+04  1.465E+05  5.937E+04  7.320E+04  3.367E+04  5.112E+04  5.019E+04  1.159E+05  2.430E+05  1.053E+05
  6.372E+04  1.116E+05  1.220E+04  1.843E+05  1.050E+05  8.674E+04  1.266E+05  3.429E+04  1.299E+05  4.627E+04
  4.690E+04  1.366E+05  8.438E+04  0.000E+00  0.000E+00  2.921E+04  3.115E+04  4.743E+04  4.027E+04  4.215E+04
  4.845E+04  1.398E+04  2.933E+04  2.998E+04  0.000E+00  0.000E+00  0.000E+00  0.000E+00  0.000E+00  0.000E+00
  0.000E+00  0.000E+00  0.000E+00  0.000E+00  0.000E+00  0.000E+00  0.000E+00  0.000E+00  0.000E+00  0.000E+00
  0.000E+00  0.000E+00  0.000E+00  0.000E+00  0.000E+00  2.708E+04  3.957E+04  5.333E+03  0.000E+00  0.000E+00
  0.000E+00  0.000E+00  0.000E+00  0.000E+00  0.000E+00  0.000E+00  0.000E+00  0.000E+00  0.000E+00  0.000E+00
  0.000E+00  0.000E+00  0.000E+00  0.000E+00  0.000E+00  0.000E+00  1.912E+04  2.117E+04  0.000E+00  0.000E+00
  0.000E+00  0.000E+00  0.000E+00  0.000E+00  0.000E+00  0.000E+00  0.000E+00  2.037E+04  0.000E+00  0.000E+00
  0.000E+00  0.000E+00  0.000E+00  0.000E+00  0.000E+00  0.000E+00  2.734E+04  2.734E+03  3.866E+04  4.017E+04
  3.378E+04  0.000E+00  0.000E+00  0.000E+00  3.530E+04  3.028E+04  0.000E+00  2.620E+04  3.449E+04  0.000E+00
  1.564E+04  7.036E+04  3.383E+04  0.000E+00  0.000E+00  0.000E+00  0.000E+00  0.000E+00  6.630E+03  3.059E+04
  1.915E+04  0.000E+00  7.236E+04  4.864E+04  0.000E+00  2.006E+04  1.550E+04  1.603E+05  9.952E+04  4.102E+04
  6.119E+04  7.727E+04  3.200E+04  3.704E+04  0.000E+00  1.696E+05  3.446E+04  8.611E+04  3.283E+03  1.004E+05
  3.211E+04  6.287E+04  1.394E+05  1.951E+05  7.194E+04  6.546E+04  3.529E+04  2.882E+04  1.291E+05  1.112E+05
  6.169E+04  9.523E+04  8.210E+04  5.388E+04  3.022E+04  4.703E+04  1.597E+05  1.287E+04  0.000E+00  0.000E+00
  2.012E+04  3.009E+04  3.130E+04  1.806E+04  3.986E+04  3.456E+04  1.706E+04  2.859E+04  1.534E+04  0.000E+00
  0.000E+00  0.000E+00  0.000E+00  0.000E+00  0.000E+00  0.000E+00  0.000E+00  0.000E+00  0.000E+00  0.000E+00
  0.000E+00  0.000E+00  0.000E+00  0.000E+00  0.000E+00  0.000E+00  0.000E+00  0.000E+00  0.000E+00  0.000E+00
  0.000E+00  0.000E+00  0.000E+00  0.000E+00  0.000E+00  0.000E+00  0.000E+00  0.000E+00  0.000E+00  0.000E+00
  0.000E+00  0.000E+00  0.000E+00  0.000E+00  0.000E+00  0.000E+00  0.000E+00  0.000E+00  0.000E+00  0.000E+00
  0.000E+00  0.000E+00  0.000E+00  3.596E+04  3.821E+04  3.821E+04  9.412E+03  0.000E+00  3.362E+04  3.937E+04
  3.937E+04  2.855E+03  0.000E+00  0.000E+00  0.000E+00  0.000E+00  0.000E+00  0.000E+00  0.000E+00  0.000E+00
  3.319E+04  4.017E+04  1.557E+04  0.000E+00  0.000E+00  2.985E+04  3.945E+04  3.945E+04  4.155E+03  0.000E+00
  0.000E+00  0.000E+00  6.788E+03  4.249E+04  3.461E+04  0.000E+00  0.000E+00  0.000E+00  0.000E+00  0.000E+00
  0.000E+00  0.000E+00  0.000E+00  0.000E+00  1.730E+04  1.185E+05  2.142E+04  3.421E+04  0.000E+00  8.156E+03
  1.220E+05  5.814E+04  6.781E+04  1.323E+04  1.148E+04  3.145E+04  5.180E+04  0.000E+00  2.706E+04  1.390E+05
  0.000E+00  1.028E+05  0.000E+00  1.224E+05  4.104E+04  4.328E+04  1.100E+05  2.275E+05  1.540E+05  2.132E+04
  9.579E+04  1.139E+04  6.634E+04  8.150E+04  4.760E+04  6.493E+04  2.516E+04  4.006E+04  3.608E+04  4.376E+04
  3.103E+04  6.906E+04  0.000E+00  0.000E+00  0.000E+00  0.000E+00  2.470E+04  1.364E+03  3.888E+03  1.539E+04
  5.287E+04  0.000E+00  3.267E+04  3.712E+04  0.000E+00  0.000E+00  0.000E+00  0.000E+00  0.000E+00  0.000E+00
  0.000E+00  0.000E+00  0.000E+00  0.000E+00  0.000E+00  0.000E+00  0.000E+00  0.000E+00  0.000E+00  0.000E+00
  0.000E+00  0.000E+00  0.000E+00  0.000E+00  0.000E+00  0.000E+00  0.000E+00  0.000E+00  0.000E+00  0.000E+00
  0.000E+00  0.000E+00  0.000E+00  0.000E+00  0.000E+00  0.000E+00  0.000E+00  0.000E+00  0.000E+00  0.000E+00
  0.000E+00  0.000E+00  0.000E+00  0.000E+00  3.821E+04  3.821E+04  3.821E+04  2.247E+03  0.000E+00  0.000E+00
  3.480E+04  3.937E+04  5.751E+03  0.000E+00  0.000E+00  0.000E+00  0.000E+00  0.000E+00  0.000E+00  0.000E+00
  0.000E+00  0.000E+00  0.000E+00  0.000E+00  0.000E+00  0.000E+00  0.000E+00  0.000E+00  3.048E+04  9.606E+03
  0.000E+00  0.000E+00  0.000E+00  0.000E+00  0.000E+00  6.823E+03  3.570E+04  0.000E+00  0.000E+00  0.000E+00
  0.000E+00  1.285E+04  0.000E+00  0.000E+00  0.000E+00  0.000E+00  0.000E+00  3.682E+04  5.999E+04  1.712E+04
  4.846E+04  1.612E+04  4.894E+04  3.352E+04  6.173E+04  4.475E+04  9.723E+03  0.000E+00  4.292E+04  6.221E+04
  3.754E+04  5.363E+04  5.515E+04  3.329E+03  0.000E+00  5.387E+04  0.000E+00  9.615E+04  7.386E+04  5.245E+04
  1.008E+05  1.722E+05  8.775E+04  4.779E+04  1.522E+05  0.000E+00  1.038E+05  5.942E+04  4.186E+04  2.234E+04
  3.603E+04  1.655E+04  0.000E+00  0.000E+00  0.000E+00  8.776E+03  0.000E+00  0.000E+00  0.000E+00  0.000E+00
  3.142E+04  6.804E+04  0.000E+00  0.000E+00  5.039E+04  6.138E+04  0.000E+00  1.811E+03  0.000E+00  0.000E+00
  0.000E+00  0.000E+00  0.000E+00  0.000E+00  0.000E+00  0.000E+00  0.000E+00  0.000E+00  0.000E+00  2.363E+03
  0.000E+00  0.000E+00  0.000E+00  0.000E+00  0.000E+00  0.000E+00  0.000E+00  0.000E+00  0.000E+00  0.000E+00
  0.000E+00  0.000E+00  0.000E+00  0.000E+00  0.000E+00  0.000E+00  0.000E+00  0.000E+00  0.000E+00  0.000E+00
  0.000E+00  0.000E+00  0.000E+00  0.000E+00  0.000E+00  0.000E+00  0.000E+00  0.000E+00  0.000E+00  0.000E+00
  0.000E+00  0.000E+00  0.000E+00  0.000E+00  0.000E+00  0.000E+00  0.000E+00  0.000E+00  0.000E+00  0.000E+00
  0.000E+00  0.000E+00  0.000E+00  0.000E+00  0.000E+00  0.000E+00  0.000E+00  0.000E+00  0.000E+00  0.000E+00
  0.000E+00  0.000E+00  0.000E+00  0.000E+00  0.000E+00  0.000E+00  0.000E+00  0.000E+00  0.000E+00  0.000E+00
  0.000E+00  0.000E+00  0.000E+00  0.000E+00  3.872E+04  1.903E+04  0.000E+00  0.000E+00  0.000E+00  1.161E+04
  4.474E+04  3.137E+04  2.623E+04  2.841E+04  1.362E+04  2.462E+04  0.000E+00  5.497E+03  3.044E+04  2.520E+04
  0.000E+00  0.000E+00  6.045E+04  9.103E+04  9.523E+04  5.972E+04  4.679E+04  2.338E+04  5.553E+03  3.977E+04
  0.000E+00  1.630E+05  4.312E+04  1.051E+05  1.313E+05  7.933E+04  0.000E+00  2.883E+04  1.003E+05  1.254E+04
  7.712E+04  1.791E+04  4.378E+04  9.297E+02  1.169E+05  6.326E+04  2.077E+04  0.000E+00  0.000E+00  0.000E+00
  0.000E+00  2.433E+04  4.983E+03  0.000E+00  0.000E+00  5.089E+04  4.857E+04  1.060E+04  1.935E+04  4.188E+04
  8.890E+04  2.684E+04  0.000E+00  0.000E+00  0.000E+00  0.000E+00  0.000E+00  0.000E+00  0.000E+00  0.000E+00
  0.000E+00  0.000E+00  0.000E+00  5.906E+02  4.361E+04  2.696E+04  0.000E+00  0.000E+00  0.000E+00  0.000E+00
  0.000E+00  0.000E+00  0.000E+00  0.000E+00  0.000E+00  0.000E+00  0.000E+00  0.000E+00  0.000E+00  0.000E+00
  0.000E+00  0.000E+00  0.000E+00  0.000E+00  0.000E+00  0.000E+00  0.000E+00  0.000E+00  0.000E+00  0.000E+00
  0.000E+00  0.000E+00  0.000E+00  0.000E+00  0.000E+00  0.000E+00  0.000E+00  0.000E+00  0.000E+00  0.000E+00
  0.000E+00  0.000E+00  0.000E+00  0.000E+00  0.000E+00  0.000E+00  0.000E+00  0.000E+00  0.000E+00  0.000E+00
  0.000E+00  0.000E+00  0.000E+00  0.000E+00  0.000E+00  0.000E+00  0.000E+00  0.000E+00  0.000E+00  0.000E+00
  0.000E+00  0.000E+00  0.000E+00  0.000E+00  0.000E+00  0.000E+00  0.000E+00  4.770E+04  1.005E+04  0.000E+00
  0.000E+00  0.000E+00  3.113E+04  3.313E+04  0.000E+00  1.601E+04  0.000E+00  0.000E+00  0.000E+00  0.000E+00
  2.868E+03  4.004E+04  5.206E+03  2.270E+03  1.698E+04  1.793E+03  6.334E+04  4.685E+04  9.168E+04  4.085E+04
  4.347E+04  1.751E+04  2.798E+04  4.036E+04  3.209E+04  2.027E+05  1.385E+04  1.405E+05  5.145E+04  3.842E+04
  0.000E+00  4.229E+04  4.425E+04  4.225E+04  2.733E+04  2.703E+04  1.143E+04  1.668E+04  7.293E+04  1.414E+05
  5.111E+04  3.788E+04  0.000E+00  0.000E+00  0.000E+00  3.355E+03  9.438E+04  6.186E+03  0.000E+00  0.000E+00
  3.350E+04  2.951E+03  2.751E+04  3.554E+04  4.101E+03  1.915E+04  4.551E+04  0.000E+00  0.000E+00  0.000E+00
  0.000E+00  0.000E+00  0.000E+00  0.000E+00  0.000E+00  0.000E+00  0.000E+00  0.000E+00  0.000E+00  1.666E+04
  4.361E+04  1.089E+04  0.000E+00  0.000E+00  0.000E+00  0.000E+00  0.000E+00  0.000E+00  0.000E+00  0.000E+00
  0.000E+00  0.000E+00  0.000E+00  0.000E+00  0.000E+00  0.000E+00  0.000E+00  0.000E+00  0.000E+00  0.000E+00
  0.000E+00  0.000E+00  0.000E+00  0.000E+00  0.000E+00  0.000E+00  0.000E+00  0.000E+00  0.000E+00  0.000E+00
  0.000E+00  0.000E+00  0.000E+00  0.000E+00  1.002E+04  1.320E+04  0.000E+00  0.000E+00  0.000E+00  0.000E+00
  0.000E+00  0.000E+00  0.000E+00  0.000E+00  0.000E+00  0.000E+00  0.000E+00  0.000E+00  0.000E+00  0.000E+00
  0.000E+00  0.000E+00  0.000E+00  0.000E+00  0.000E+00  0.000E+00  0.000E+00  0.000E+00  0.000E+00  7.910E+03
  4.877E+04  1.071E+03  0.000E+00  0.000E+00  5.909E+03  4.474E+04  1.361E+04  0.000E+00  0.000E+00  0.000E+00
  2.560E+04  0.000E+00  0.000E+00  1.553E+04  5.175E+04  2.850E+04  9.433E+03  4.547E+04  4.191E+04  1.488E+04
  9.341E+03  3.539E+04  4.236E+04  2.737E+04  4.451E+04  1.058E+04  9.378E+04  2.782E+04  3.688E+04  1.373E+05
  6.452E+04  5.993E+04  6.554E+04  5.919E+04  0.000E+00  2.060E+04  1.509E+04  0.000E+00  0.000E+00  0.000E+00
  0.000E+00  0.000E+00  1.239E+04  1.362E+05  6.662E+04  6.452E+04  8.916E+04  8.128E+03  0.000E+00  0.000E+00
  8.156E+03  7.307E+04  2.079E+04  0.000E+00  0.000E+00  0.000E+00  0.000E+00  1.132E+04  4.685E+04  4.871E+03
  4.867E+02  4.600E+04  1.818E+04  0.000E+00  0.000E+00  0.000E+00  0.000E+00  0.000E+00  0.000E+00  0.000E+00
  0.000E+00  0.000E+00  0.000E+00  0.000E+00  0.000E+00  3.273E+04  3.843E+04  0.000E+00  0.000E+00  0.000E+00
  0.000E+00  0.000E+00  0.000E+00  0.000E+00  0.000E+00  0.000E+00  0.000E+00  0.000E+00  0.000E+00  0.000E+00
  0.000E+00  0.000E+00  0.000E+00  0.000E+00  0.000E+00  0.000E+00  0.000E+00  0.000E+00  0.000E+00  0.000E+00
  0.000E+00  0.000E+00  0.000E+00  0.000E+00  0.000E+00  0.000E+00  3.087E+04  3.975E+04  2.973E+04  0.000E+00
  0.000E+00  0.000E+00  0.000E+00  0.000E+00  0.000E+00  0.000E+00  0.000E+00  0.000E+00  0.000E+00  0.000E+00
  0.000E+00  0.000E+00  0.000E+00  0.000E+00  0.000E+00  1.641E+04  4.106E+04  9.867E+03  0.000E+00  0.000E+00
  0.000E+00  0.000E+00  0.000E+00  2.881E+04  0.000E+00  0.000E+00  0.000E+00  2.543E+04  3.883E+04  0.000E+00
  0.000E+00  2.474E+04  7.782E+03  5.009E+04  7.510E+03  0.000E+00  8.668E+03  5.318E+04  6.564E+04  0.000E+00
  4.651E+04  1.033E+05  0.000E+00  0.000E+00  1.757E+04  2.308E+04  6.985E+04  0.000E+00  4.063E+04  2.438E+03
  8.956E+04  3.898E+04  4.245E+04  4.886E+04  8.166E+04  3.890E+04  5.128E+04  4.295E+04  0.000E+00  0.000E+00
  0.000E+00  0.000E+00  7.469E+03  0.000E+00  0.000E+00  0.000E+00  0.000E+00  7.611E+04  4.077E+04  1.543E+04
  1.575E+05  1.165E+05  5.632E+03  0.000E+00  3.761E+04  4.339E+03  7.009E+04  3.743E+04  9.384E+03  0.000E+00
  0.000E+00  0.000E+00  0.000E+00  1.368E+04  0.000E+00  0.000E+00  7.414E+03  0.000E+00  0.000E+00  0.000E+00
  0.000E+00  0.000E+00  0.000E+00  0.000E+00  0.000E+00  0.000E+00  0.000E+00  0.000E+00  0.000E+00  0.000E+00
  5.181E+03  1.026E+04  1.516E+04  2.209E+04  0.000E+00  0.000E+00  0.000E+00  0.000E+00  0.000E+00  0.000E+00
  0.000E+00  0.000E+00  0.000E+00  0.000E+00  0.000E+00  0.000E+00  0.000E+00  0.000E+00  0.000E+00  0.000E+00
  0.000E+00  0.000E+00  0.000E+00  0.000E+00  0.000E+00  0.000E+00  0.000E+00  1.197E+04  3.975E+04  3.975E+04
  8.882E+03  0.000E+00  0.000E+00  0.000E+00  0.000E+00  0.000E+00  0.000E+00  0.000E+00  0.000E+00  0.000E+00
  0.000E+00  0.000E+00  0.000E+00  0.000E+00  0.000E+00  0.000E+00  0.000E+00  2.229E+04  4.106E+04  2.465E+04
  0.000E+00  0.000E+00  0.000E+00  0.000E+00  0.000E+00  0.000E+00  0.000E+00  0.000E+00  0.000E+00  2.118E+02
  4.474E+04  1.931E+04  0.000E+00  1.772E+04  3.084E+04  3.220E+04  6.274E+04  3.139E+04  0.000E+00  0.000E+00
  4.263E+04  4.700E+04  6.543E+03  6.461E+03  7.989E+04  3.172E+04  0.000E+00  0.000E+00  4.065E+04  4.236E+04
  2.738E+04  0.000E+00  5.033E+04  1.266E+03  4.196E+04  7.244E+04  7.720E+04  0.000E+00  4.197E+04  3.890E+04
  1.718E+04  3.828E+04  1.671E+04  2.577E+03  0.000E+00  0.000E+00  3.957E+04  0.000E+00  0.000E+00  0.000E+00
  0.000E+00  7.878E+02  1.520E+04  3.538E+04  1.114E+04  9.073E+04  1.292E+05  0.000E+00  2.704E+04  7.158E+04
  1.744E+03  7.417E+04  7.119E+04  0.000E+00  6.458E+03  8.034E+03  0.000E+00  0.000E+00  0.000E+00  0.000E+00
  0.000E+00  0.000E+00  0.000E+00  0.000E+00  0.000E+00  0.000E+00  0.000E+00  0.000E+00  0.000E+00  0.000E+00
  0.000E+00  0.000E+00  0.000E+00  0.000E+00  0.000E+00  0.000E+00  0.000E+00  1.810E+04  4.018E+04  3.685E+04
  0.000E+00  0.000E+00  0.000E+00  0.000E+00  0.000E+00  0.000E+00  0.000E+00  0.000E+00  0.000E+00  0.000E+00
  0.000E+00  0.000E+00  0.000E+00  0.000E+00  0.000E+00  0.000E+00  0.000E+00  0.000E+00  0.000E+00  9.995E+03
  3.975E+04  2.778E+04  0.000E+00  0.000E+00  0.000E+00  0.000E+00  0.000E+00  0.000E+00  0.000E+00  0.000E+00
  0.000E+00  0.000E+00  0.000E+00  0.000E+00  0.000E+00  0.000E+00  0.000E+00  0.000E+00  0.000E+00  1.076E+04
  4.106E+04  1.877E+04  0.000E+00  0.000E+00  0.000E+00  0.000E+00  0.000E+00  0.000E+00  0.000E+00  0.000E+00
  0.000E+00  0.000E+00  1.973E+04  8.674E+04  2.883E+03  0.000E+00  4.466E+04  5.406E+04  1.933E+04  4.119E+03
  4.947E+04  0.000E+00  0.000E+00  0.000E+00  3.027E+04  1.451E+04  0.000E+00  0.000E+00  8.612E+04  0.000E+00
  0.000E+00  0.000E+00  5.404E+04  3.128E+04  0.000E+00  5.148E+03  1.014E+05  3.333E+04  5.610E+03  5.961E+04
  7.717E+04  3.157E+04  0.000E+00  2.873E+04  0.000E+00  3.255E+04  3.921E+04  6.241E+04  3.570E+04  7.153E+04
  1.724E+04  2.233E+04  0.000E+00  1.889E+04  1.625E+03  0.000E+00  3.974E+04  5.251E+04  3.990E+04  0.000E+00
  6.402E+04  1.006E+05  0.000E+00  1.171E+05  5.593E+04  1.543E+04  3.609E+04  3.943E+04  0.000E+00  4.659E+04
  0.000E+00  0.000E+00  0.000E+00  0.000E+00  0.000E+00  0.000E+00  0.000E+00  0.000E+00  0.000E+00  0.000E+00
  0.000E+00  0.000E+00  0.000E+00  0.000E+00  0.000E+00  0.000E+00  0.000E+00  0.000E+00  0.000E+00  0.000E+00
  0.000E+00  0.000E+00  0.000E+00  3.338E+03  4.018E+04  6.850E+04  3.308E+04  0.000E+00  0.000E+00  0.000E+00
  0.000E+00  0.000E+00  0.000E+00  0.000E+00  0.000E+00  0.000E+00  0.000E+00  0.000E+00  0.000E+00  0.000E+00
  0.000E+00  0.000E+00  0.000E+00  1.501E+04  4.004E+04  3.845E+04  0.000E+00  5.417E+03  0.000E+00  0.000E+00
  0.000E+00  0.000E+00  0.000E+00  0.000E+00  0.000E+00  0.000E+00  0.000E+00  0.000E+00  0.000E+00  0.000E+00
  2.350E+04  3.326E+04  0.000E+00  0.000E+00  0.000E+00  0.000E+00  0.000E+00  0.000E+00  0.000E+00  0.000E+00
  0.000E+00  0.000E+00  0.000E+00  0.000E+00  0.000E+00  5.261E+04  7.133E+04  4.114E+03  4.603E+04  4.971E+04
  3.124E+04  1.323E+04  1.195E+04  2.454E+04  1.584E+02  0.000E+00  0.000E+00  0.000E+00  3.218E+04  0.000E+00
  0.000E+00  2.189E+04  2.575E+04  0.000E+00  0.000E+00  0.000E+00  2.260E+04  0.000E+00  0.000E+00  6.062E+04
  6.067E+04  4.059E+04  2.870E+04  1.378E+04  7.295E+04  3.886E+04  0.000E+00  2.161E+04  0.000E+00  0.000E+00
  3.921E+04  1.128E+05  2.814E+04  1.495E+05  0.000E+00  3.957E+04  0.000E+00  0.000E+00  6.922E+04  0.000E+00
  4.218E+04  5.530E+04  5.650E+04  1.636E+04  0.000E+00  5.596E+04  3.577E+04  2.537E+03  1.550E+05  1.819E+04
  0.000E+00  2.417E+04  2.208E+04  5.442E+03  4.115E+04  0.000E+00  0.000E+00  0.000E+00  0.000E+00  0.000E+00
  0.000E+00  0.000E+00  0.000E+00  0.000E+00  0.000E+00  0.000E+00  0.000E+00  0.000E+00  0.000E+00  0.000E+00
  0.000E+00  0.000E+00  0.000E+00  0.000E+00  0.000E+00  0.000E+00  0.000E+00  0.000E+00  0.000E+00  7.105E+03
  4.857E+04  7.317E+04  2.614E+04  0.000E+00  0.000E+00  0.000E+00  0.000E+00  0.000E+00  0.000E+00  0.000E+00
  0.000E+00  0.000E+00  0.000E+00  0.000E+00  0.000E+00  0.000E+00  4.004E+04  2.503E+04  6.756E+03  4.017E+04
  4.017E+04  6.323E+03  0.000E+00  0.000E+00  0.000E+00  0.000E+00  0.000E+00  0.000E+00  0.000E+00  0.000E+00
  0.000E+00  0.000E+00  7.889E+03  4.372E+04  2.022E+04  0.000E+00  0.000E+00  0.000E+00  0.000E+00  0.000E+00
  0.000E+00  0.000E+00  0.000E+00  0.000E+00  0.000E+00  0.000E+00  0.000E+00  1.403E+04  7.557E+04  3.845E+04
  0.000E+00  5.860E+04  5.288E+04  0.000E+00  3.548E+04  3.678E+04  2.110E+04  0.000E+00  0.000E+00  0.000E+00
  0.000E+00  0.000E+00  1.908E+04  0.000E+00  0.000E+00  3.739E+04  2.818E+04  1.802E+04  0.000E+00  0.000E+00
  0.000E+00  0.000E+00  0.000E+00  8.154E+04  1.003E+04  3.840E+04  3.826E+04  3.893E+04  1.591E+04  3.886E+04
  0.000E+00  3.842E+04  0.000E+00  0.000E+00  1.064E+04  1.358E+05  1.945E+04  1.659E+05  9.499E+03  1.668E+04
  0.000E+00  0.000E+00  1.073E+05  1.664E+04  9.785E+03  7.389E+04  4.169E+04  4.497E+04  0.000E+00  9.481E+02
  4.216E+04  0.000E+00  9.116E+03  1.345E+05  4.072E+03  4.542E+03  3.671E+04  0.000E+00  1.892E+04  2.767E+04
  0.000E+00  0.000E+00  0.000E+00  0.000E+00  0.000E+00  0.000E+00  0.000E+00  0.000E+00  0.000E+00  0.000E+00
  0.000E+00  0.000E+00  0.000E+00  0.000E+00  0.000E+00  0.000E+00  0.000E+00  0.000E+00  0.000E+00  0.000E+00
  0.000E+00  0.000E+00  0.000E+00  1.374E+04  4.191E+04  2.362E+04  1.533E+04  3.151E+04  0.000E+00  0.000E+00
  0.000E+00  0.000E+00  0.000E+00  0.000E+00  0.000E+00  0.000E+00  0.000E+00  0.000E+00  0.000E+00  0.000E+00
  1.983E+04  4.017E+04  3.341E+04  0.000E+00  0.000E+00  0.000E+00  0.000E+00  0.000E+00  0.000E+00  0.000E+00
  0.000E+00  0.000E+00  0.000E+00  0.000E+00  0.000E+00  3.591E+04  3.583E+04  0.000E+00  0.000E+00  0.000E+00
  0.000E+00  0.000E+00  0.000E+00  0.000E+00  0.000E+00  0.000E+00  0.000E+00  0.000E+00  0.000E+00  0.000E+00
  3.355E+04  3.070E+04  9.483E+03  0.000E+00  3.660E+04  1.702E+04  0.000E+00  3.413E+04  6.290E+04  1.198E+04
  0.000E+00  0.000E+00  0.000E+00  0.000E+00  3.578E+04  1.590E+04  3.749E+04  0.000E+00  1.855E+04  5.294E+04
  4.177E+04  0.000E+00  0.000E+00  0.000E+00  1.397E+04  0.000E+00  1.225E+04  5.816E+04  2.730E+04  0.000E+00
  5.650E+04  3.845E+04  0.000E+00  1.114E+04  0.000E+00  3.842E+04  0.000E+00  0.000E+00  7.362E+02  7.744E+04
  0.000E+00  1.051E+05  3.909E+04  0.000E+00  0.000E+00  0.000E+00  3.934E+04  1.122E+05  1.266E+03  4.483E+04
  2.820E+04  2.230E+04  8.917E+03  0.000E+00  9.090E+03  2.730E+04  0.000E+00  3.219E+04  1.539E+05  0.000E+00
  2.446E+04  2.293E+04  0.000E+00  3.239E+04  1.419E+04  0.000E+00  0.000E+00  0.000E+00  0.000E+00  0.000E+00
  0.000E+00  0.000E+00  0.000E+00  0.000E+00  0.000E+00  0.000E+00  0.000E+00  0.000E+00  0.000E+00  0.000E+00
  0.000E+00  0.000E+00  0.000E+00  0.000E+00  0.000E+00  0.000E+00  0.000E+00  0.000E+00  0.000E+00  1.829E+04
  4.191E+04  1.907E+04  0.000E+00  0.000E+00  0.000E+00  0.000E+00  0.000E+00  0.000E+00  0.000E+00  0.000E+00
  0.000E+00  0.000E+00  0.000E+00  0.000E+00  2.034E+04  2.032E+04  0.000E+00  0.000E+00  0.000E+00  0.000E+00
  0.000E+00  0.000E+00  0.000E+00  0.000E+00  0.000E+00  0.000E+00  0.000E+00  0.000E+00  0.000E+00  0.000E+00
  0.000E+00  0.000E+00  0.000E+00  0.000E+00  0.000E+00  0.000E+00  0.000E+00  0.000E+00  0.000E+00  0.000E+00
  0.000E+00  0.000E+00  8.336E+03  4.474E+04  1.118E+04  0.000E+00  0.000E+00  3.820E+04  1.541E+04  0.000E+00
  3.727E+04  6.888E+04  2.855E+03  0.000E+00  0.000E+00  0.000E+00  0.000E+00  2.304E+04  2.508E+04  4.462E+04
  0.000E+00  0.000E+00  3.595E+04  7.282E+04  1.244E+04  0.000E+00  0.000E+00  2.512E+04  1.540E+04  1.486E+04
  6.522E+04  2.467E+04  1.713E+04  7.266E+03  6.929E+04  1.370E+04  0.000E+00  0.000E+00  0.000E+00  2.665E+04
  0.000E+00  0.000E+00  3.180E+04  4.726E+04  0.000E+00  1.584E+04  8.821E+02  0.000E+00  0.000E+00  0.000E+00
  1.202E+04  6.227E+04  5.801E+04  7.160E+03  0.000E+00  0.000E+00  0.000E+00  0.000E+00  0.000E+00  2.434E+04
  0.000E+00  4.212E+04  3.641E+04  1.300E+05  0.000E+00  3.824E+04  9.147E+03  0.000E+00  4.587E+04  7.173E+02
  0.000E+00  0.000E+00  0.000E+00  0.000E+00  0.000E+00  0.000E+00  0.000E+00  0.000E+00  0.000E+00  0.000E+00
  0.000E+00  0.000E+00  0.000E+00  0.000E+00  0.000E+00  0.000E+00  0.000E+00  0.000E+00  0.000E+00  0.000E+00
  0.000E+00  0.000E+00  0.000E+00  0.000E+00  0.000E+00  2.284E+04  4.191E+04  1.453E+04  0.000E+00  0.000E+00
  0.000E+00  0.000E+00  0.000E+00  0.000E+00  0.000E+00  0.000E+00  0.000E+00  0.000E+00  4.107E+04  9.411E+02
  0.000E+00  0.000E+00  0.000E+00  0.000E+00  0.000E+00  0.000E+00  0.000E+00  0.000E+00  0.000E+00  0.000E+00
  0.000E+00  0.000E+00  0.000E+00  0.000E+00  0.000E+00  0.000E+00  0.000E+00  0.000E+00  0.000E+00  0.000E+00
  0.000E+00  0.000E+00  0.000E+00  0.000E+00  0.000E+00  2.786E+04  3.640E+04  0.000E+00  0.000E+00  0.000E+00
  0.000E+00  5.946E+03  0.000E+00  2.787E+04  4.781E+04  0.000E+00  0.000E+00  0.000E+00  0.000E+00  9.501E+03
  2.355E+04  3.781E+04  2.762E+04  1.700E+04  0.000E+00  0.000E+00  6.273E+04  4.699E+04  1.747E+03  0.000E+00
  0.000E+00  4.051E+04  2.307E+04  4.135E+04  3.872E+04  4.002E+04  0.000E+00  3.826E+04  3.829E+04  0.000E+00
  0.000E+00  0.000E+00  0.000E+00  0.000E+00  2.137E+04  0.000E+00  0.000E+00  7.566E+04  2.063E+04  0.000E+00
  1.631E+04  0.000E+00  0.000E+00  0.000E+00  0.000E+00  0.000E+00  5.581E+04  0.000E+00  0.000E+00  0.000E+00
  0.000E+00  0.000E+00  0.000E+00  3.310E+04  3.300E+04  0.000E+00  4.830E+04  4.704E+04  6.888E+04  0.000E+00
  4.738E+04  0.000E+00  0.000E+00  4.659E+04  0.000E+00  0.000E+00  0.000E+00  0.000E+00  0.000E+00  0.000E+00
  0.000E+00  0.000E+00  0.000E+00  0.000E+00  0.000E+00  0.000E+00  0.000E+00  0.000E+00  0.000E+00  0.000E+00
  0.000E+00  0.000E+00  0.000E+00  0.000E+00  0.000E+00  0.000E+00  0.000E+00  0.000E+00  0.000E+00  0.000E+00
  0.000E+00  2.738E+04  5.609E+02  0.000E+00  0.000E+00  0.000E+00  0.000E+00  0.000E+00  0.000E+00  0.000E+00
  0.000E+00  0.000E+00  0.000E+00  0.000E+00  0.000E+00  0.000E+00  0.000E+00  0.000E+00  0.000E+00  0.000E+00
  0.000E+00  0.000E+00  0.000E+00  0.000E+00  0.000E+00  0.000E+00  0.000E+00  0.000E+00  0.000E+00  0.000E+00
  0.000E+00  0.000E+00  0.000E+00  0.000E+00  0.000E+00  0.000E+00  0.000E+00  2.638E+03  4.474E+04  1.688E+04
  0.000E+00  0.000E+00  0.000E+00  0.000E+00  0.000E+00  0.000E+00  9.988E+03  2.639E+04  0.000E+00  0.000E+00
  0.000E+00  0.000E+00  0.000E+00  4.448E+04  1.725E+04  0.000E+00  3.625E+04  0.000E+00  0.000E+00  1.840E+04
  3.101E+04  3.612E+04  0.000E+00  0.000E+00  1.894E+03  4.769E+04  4.209E+04  5.108E+04  2.101E+04  4.002E+04
  0.000E+00  3.826E+04  3.829E+04  0.000E+00  0.000E+00  2.760E+04  0.000E+00  3.572E+04  3.790E+04  0.000E+00
  0.000E+00  7.566E+04  2.038E+04  1.806E+04  3.624E+04  2.690E+03  0.000E+00  0.000E+00  0.000E+00  2.528E+04
  3.697E+04  0.000E+00  0.000E+00  4.778E+03  0.000E+00  0.000E+00  0.000E+00  4.253E+04  4.275E+04  0.000E+00
  4.715E+03  4.359E+04  3.420E+04  1.247E+04  1.665E+03  0.000E+00  0.000E+00  1.276E+04  3.383E+04  0.000E+00
  0.000E+00  0.000E+00  0.000E+00  0.000E+00  0.000E+00  0.000E+00  0.000E+00  0.000E+00  0.000E+00  0.000E+00
  0.000E+00  0.000E+00  0.000E+00  0.000E+00  0.000E+00  0.000E+00  0.000E+00  0.000E+00  0.000E+00  0.000E+00
  0.000E+00  0.000E+00  0.000E+00  0.000E+00  0.000E+00  0.000E+00  0.000E+00  0.000E+00  0.000E+00  0.000E+00
  0.000E+00  0.000E+00  0.000E+00  0.000E+00  0.000E+00  0.000E+00  0.000E+00  0.000E+00  0.000E+00  0.000E+00
  0.000E+00  0.000E+00  0.000E+00  0.000E+00  0.000E+00  0.000E+00  0.000E+00  0.000E+00  0.000E+00  0.000E+00
  0.000E+00  0.000E+00  0.000E+00  0.000E+00  0.000E+00  0.000E+00  0.000E+00  0.000E+00  0.000E+00  0.000E+00
  2.216E+04  4.210E+04  0.000E+00  0.000E+00  0.000E+00  0.000E+00  0.000E+00  0.000E+00  0.000E+00  0.000E+00
  0.000E+00  0.000E+00  0.000E+00  0.000E+00  0.000E+00  0.000E+00  2.942E+04  1.506E+04  0.000E+00  0.000E+00
  0.000E+00  0.000E+00  0.000E+00  1.294E+04  4.326E+04  0.000E+00  0.000E+00  0.000E+00  2.154E+04  5.656E+04
  4.135E+04  1.553E+04  2.316E+04  6.225E+03  0.000E+00  3.826E+04  1.182E+03  0.000E+00  0.000E+00  3.833E+04
  0.000E+00  3.793E+04  3.790E+04  0.000E+00  0.000E+00  3.807E+04  0.000E+00  3.844E+04  0.000E+00  3.893E+04
  0.000E+00  0.000E+00  0.000E+00  0.000E+00  4.122E+04  0.000E+00  0.000E+00  4.031E+04  0.000E+00  0.000E+00
  0.000E+00  1.095E+04  3.272E+04  4.162E+04  0.000E+00  1.561E+04  1.471E+04  3.079E+03  0.000E+00  0.000E+00
  0.000E+00  0.000E+00  2.623E+04  2.035E+04  0.000E+00  0.000E+00  0.000E+00  0.000E+00  0.000E+00  0.000E+00
  0.000E+00  0.000E+00  0.000E+00  0.000E+00  0.000E+00  0.000E+00  0.000E+00  0.000E+00  0.000E+00  0.000E+00
  0.000E+00  0.000E+00  0.000E+00  0.000E+00  0.000E+00  0.000E+00  0.000E+00  0.000E+00  0.000E+00  0.000E+00
  0.000E+00  0.000E+00  0.000E+00  0.000E+00  0.000E+00  0.000E+00  0.000E+00  0.000E+00  0.000E+00  0.000E+00
  0.000E+00  0.000E+00  0.000E+00  0.000E+00  0.000E+00  0.000E+00  0.000E+00  0.000E+00  0.000E+00  0.000E+00
  0.000E+00  0.000E+00  0.000E+00  0.000E+00  0.000E+00  0.000E+00  0.000E+00  0.000E+00  0.000E+00  0.000E+00
  0.000E+00  0.000E+00  0.000E+00  4.168E+04  2.258E+04  0.000E+00  0.000E+00  0.000E+00  0.000E+00  0.000E+00
  1.571E+04  0.000E+00  0.000E+00  0.000E+00  0.000E+00  0.000E+00  0.000E+00  0.000E+00  0.000E+00  4.854E+03
  3.962E+04  0.000E+00  0.000E+00  0.000E+00  6.806E+02  0.000E+00  1.683E+04  0.000E+00  1.314E+04  0.000E+00
  0.000E+00  0.000E+00  1.581E+04  3.102E+04  9.756E+03  0.000E+00  0.000E+00  0.000E+00  2.409E+04  1.416E+04
  3.797E+04  0.000E+00  3.815E+03  3.833E+04  0.000E+00  1.477E+04  1.316E+05  0.000E+00  0.000E+00  1.097E+04
  0.000E+00  3.844E+04  0.000E+00  3.893E+04  0.000E+00  0.000E+00  0.000E+00  0.000E+00  4.122E+04  0.000E+00
  0.000E+00  4.610E+04  0.000E+00  0.000E+00  0.000E+00  3.915E+04  4.253E+04  3.528E+04  7.475E+03  0.000E+00
  0.000E+00  0.000E+00  0.000E+00  0.000E+00  0.000E+00  0.000E+00  0.000E+00  3.971E+04  6.876E+03  0.000E+00
  0.000E+00  0.000E+00  0.000E+00  0.000E+00  0.000E+00  0.000E+00  0.000E+00  0.000E+00  0.000E+00  0.000E+00
  0.000E+00  0.000E+00  0.000E+00  0.000E+00  0.000E+00  0.000E+00  0.000E+00  0.000E+00  0.000E+00  0.000E+00
  0.000E+00  0.000E+00  0.000E+00  0.000E+00  0.000E+00  0.000E+00  0.000E+00  0.000E+00  0.000E+00  0.000E+00
  0.000E+00  0.000E+00  0.000E+00  0.000E+00  0.000E+00  0.000E+00  0.000E+00  0.000E+00  0.000E+00  0.000E+00
  0.000E+00  0.000E+00  0.000E+00  0.000E+00  0.000E+00  0.000E+00  0.000E+00  0.000E+00  0.000E+00  0.000E+00
  0.000E+00  0.000E+00  0.000E+00  0.000E+00  0.000E+00  1.646E+04  4.474E+04  3.059E+03  0.000E+00  0.000E+00
  0.000E+00  0.000E+00  0.000E+00  2.673E+04  2.801E+04  0.000E+00  0.000E+00  0.000E+00  0.000E+00  0.000E+00
  0.000E+00  0.000E+00  0.000E+00  3.800E+04  0.000E+00  0.000E+00  0.000E+00  0.000E+00  4.423E+04  0.000E+00
  4.474E+04  0.000E+00  0.000E+00  0.000E+00  0.000E+00  0.000E+00  4.158E+04  0.000E+00  0.000E+00  0.000E+00
  0.000E+00  2.683E+03  3.826E+04  0.000E+00  3.797E+04  3.037E+04  1.587E+04  3.069E+04  1.048E+04  0.000E+00
  1.261E+05  0.000E+00  0.000E+00  0.000E+00  0.000E+00  3.844E+04  0.000E+00  3.893E+04  0.000E+00  0.000E+00
  0.000E+00  0.000E+00  1.451E+04  1.794E+04  0.000E+00  5.186E+04  2.827E+04  0.000E+00  3.597E+04  2.492E+04
  2.146E+04  3.045E+04  2.128E+03  0.000E+00  0.000E+00  1.858E+04  0.000E+00  0.000E+00  0.000E+00  0.000E+00
  0.000E+00  0.000E+00  4.659E+04  0.000E+00  0.000E+00  0.000E+00  0.000E+00  0.000E+00  0.000E+00  0.000E+00
  0.000E+00  0.000E+00  0.000E+00  0.000E+00  0.000E+00  0.000E+00  0.000E+00  0.000E+00  0.000E+00  0.000E+00
  0.000E+00  0.000E+00  0.000E+00  0.000E+00  0.000E+00  0.000E+00  0.000E+00  0.000E+00  0.000E+00  0.000E+00
  0.000E+00  0.000E+00  0.000E+00  0.000E+00  0.000E+00  0.000E+00  0.000E+00  0.000E+00  0.000E+00  0.000E+00
  0.000E+00  0.000E+00  0.000E+00  0.000E+00  0.000E+00  0.000E+00  0.000E+00  0.000E+00  0.000E+00  0.000E+00
  0.000E+00  0.000E+00  0.000E+00  0.000E+00  0.000E+00  0.000E+00  0.000E+00  0.000E+00  3.598E+04  2.828E+04
  0.000E+00  0.000E+00  0.000E+00  0.000E+00  0.000E+00  0.000E+00  2.999E+04  2.475E+04  0.000E+00  0.000E+00
  0.000E+00  0.000E+00  0.000E+00  0.000E+00  0.000E+00  0.000E+00  1.572E+04  0.000E+00  0.000E+00  0.000E+00
  0.000E+00  2.773E+04  1.650E+04  3.889E+04  5.851E+03  0.000E+00  8.495E+03  0.000E+00  0.000E+00  0.000E+00
  2.186E+04  0.000E+00  0.000E+00  0.000E+00  1.143E+04  2.719E+04  3.826E+04  0.000E+00  3.797E+04  3.861E+04
  3.084E+04  0.000E+00  3.765E+04  2.745E+03  8.417E+04  0.000E+00  2.536E+04  0.000E+00  0.000E+00  2.756E+04
  0.000E+00  1.028E+03  0.000E+00  0.000E+00  0.000E+00  0.000E+00  0.000E+00  0.000E+00  0.000E+00  3.452E+04
  4.561E+04  0.000E+00  3.848E+04  3.453E+03  4.151E+04  0.000E+00  0.000E+00  0.000E+00  0.000E+00  2.266E+04
  2.634E+04  0.000E+00  0.000E+00  0.000E+00  0.000E+00  0.000E+00  6.600E+03  1.876E+04  0.000E+00  0.000E+00
  0.000E+00  0.000E+00  0.000E+00  0.000E+00  0.000E+00  0.000E+00  0.000E+00  0.000E+00  0.000E+00  0.000E+00
  0.000E+00  0.000E+00  0.000E+00  0.000E+00  0.000E+00  0.000E+00  0.000E+00  0.000E+00  0.000E+00  0.000E+00
  0.000E+00  0.000E+00  0.000E+00  0.000E+00  0.000E+00  0.000E+00  0.000E+00  0.000E+00  0.000E+00  0.000E+00
  0.000E+00  0.000E+00  0.000E+00  0.000E+00  0.000E+00  0.000E+00  0.000E+00  0.000E+00  0.000E+00  0.000E+00
  0.000E+00  0.000E+00  0.000E+00  0.000E+00  0.000E+00  0.000E+00  0.000E+00  0.000E+00  0.000E+00  0.000E+00
  1.076E+04  4.474E+04  8.757E+03  0.000E+00  0.000E+00  0.000E+00  0.000E+00  0.000E+00  0.000E+00  3.325E+04
  2.148E+04  0.000E+00  0.000E+00  0.000E+00  0.000E+00  0.000E+00  0.000E+00  0.000E+00  0.000E+00  4.570E+04
  2.979E+03  0.000E+00  0.000E+00  0.000E+00  4.688E+03  3.954E+04  1.494E+04  2.980E+04  0.000E+00  0.000E+00
  4.116E+04  0.000E+00  0.000E+00  0.000E+00  0.000E+00  3.984E+04  0.000E+00  0.000E+00  3.862E+04  0.000E+00
  3.775E+03  0.000E+00  3.797E+04  3.861E+04  0.000E+00  0.000E+00  3.765E+04  3.776E+04  3.761E+04  0.000E+00
  3.806E+04  0.000E+00  0.000E+00  3.775E+04  3.695E+01  0.000E+00  0.000E+00  1.875E+04  0.000E+00  0.000E+00
  3.739E+04  0.000E+00  0.000E+00  0.000E+00  4.081E+04  0.000E+00  0.000E+00  4.193E+04  2.809E+04  1.342E+04
  0.000E+00  0.000E+00  0.000E+00  0.000E+00  3.145E+04  1.755E+04  0.000E+00  0.000E+00  0.000E+00  0.000E+00
  0.000E+00  0.000E+00  0.000E+00  0.000E+00  0.000E+00  0.000E+00  0.000E+00  0.000E+00  0.000E+00  0.000E+00
  0.000E+00  0.000E+00  0.000E+00  0.000E+00  0.000E+00  0.000E+00  0.000E+00  0.000E+00  0.000E+00  0.000E+00
  0.000E+00  0.000E+00  0.000E+00  0.000E+00  0.000E+00  0.000E+00  0.000E+00  0.000E+00  0.000E+00  0.000E+00
  0.000E+00  0.000E+00  0.000E+00  0.000E+00  0.000E+00  0.000E+00  0.000E+00  0.000E+00  0.000E+00  0.000E+00
  0.000E+00  0.000E+00  0.000E+00  0.000E+00  0.000E+00  0.000E+00  0.000E+00  0.000E+00  0.000E+00  0.000E+00
  0.000E+00  0.000E+00  0.000E+00  3.028E+04  3.397E+04  0.000E+00  0.000E+00  0.000E+00  0.000E+00  0.000E+00
  0.000E+00  0.000E+00  0.000E+00  6.239E+02  0.000E+00  0.000E+00  0.000E+00  0.000E+00  0.000E+00  0.000E+00
  0.000E+00  0.000E+00  3.698E+04  1.171E+04  0.000E+00  0.000E+00  0.000E+00  0.000E+00  4.423E+04  0.000E+00
  3.091E+04  0.000E+00  0.000E+00  0.000E+00  4.116E+04  0.000E+00  0.000E+00  0.000E+00  2.726E+04  1.410E+04
  0.000E+00  0.000E+00  3.862E+04  0.000E+00  0.000E+00  0.000E+00  1.539E+03  3.861E+04  0.000E+00  4.766E+03
  3.765E+04  2.551E+04  2.259E+04  0.000E+00  3.806E+04  0.000E+00  0.000E+00  0.000E+00  3.779E+04  0.000E+00
  0.000E+00  3.780E+04  0.000E+00  0.000E+00  1.016E+04  2.929E+04  0.000E+00  0.000E+00  3.982E+04  0.000E+00
  0.000E+00  3.907E+04  3.544E+03  2.948E+04  0.000E+00  0.000E+00  0.000E+00  0.000E+00  0.000E+00  4.024E+04
  8.760E+03  0.000E+00  0.000E+00  0.000E+00  0.000E+00  0.000E+00  0.000E+00  0.000E+00  0.000E+00  0.000E+00
  0.000E+00  0.000E+00  0.000E+00  0.000E+00  0.000E+00  0.000E+00  0.000E+00  0.000E+00  0.000E+00  0.000E+00
  0.000E+00  0.000E+00  0.000E+00  0.000E+00  0.000E+00  0.000E+00  0.000E+00  0.000E+00  0.000E+00  0.000E+00
  0.000E+00  0.000E+00  0.000E+00  0.000E+00  0.000E+00  0.000E+00  0.000E+00  0.000E+00  0.000E+00  0.000E+00
  0.000E+00  0.000E+00  0.000E+00  0.000E+00  0.000E+00  0.000E+00  0.000E+00  0.000E+00  0.000E+00  0.000E+00
  0.000E+00  0.000E+00  0.000E+00  0.000E+00  0.000E+00  5.065E+03  4.474E+04  1.445E+04  0.000E+00  0.000E+00
  0.000E+00  0.000E+00  0.000E+00  0.000E+00  0.000E+00  0.000E+00  0.000E+00  0.000E+00  0.000E+00  0.000E+00
  0.000E+00  0.000E+00  0.000E+00  0.000E+00  0.000E+00  2.825E+04  2.043E+04  0.000E+00  0.000E+00  0.000E+00
  0.000E+00  2.588E+04  1.835E+04  0.000E+00  0.000E+00  0.000E+00  0.000E+00  4.000E+04  1.163E+03  1.403E+04
  0.000E+00  0.000E+00  4.136E+04  0.000E+00  0.000E+00  0.000E+00  3.862E+04  0.000E+00  0.000E+00  0.000E+00
  6.171E+03  1.326E+04  0.000E+00  3.803E+04  3.765E+04  0.000E+00  0.000E+00  0.000E+00  3.806E+04  0.000E+00
  0.000E+00  0.000E+00  6.044E+04  0.000E+00  0.000E+00  4.902E+03  3.290E+04  0.000E+00  0.000E+00  3.945E+04
  0.000E+00  0.000E+00  2.121E+04  1.861E+04  0.000E+00  3.959E+04  1.877E+04  0.000E+00  0.000E+00  0.000E+00
  0.000E+00  0.000E+00  0.000E+00  0.000E+00  3.105E+04  0.000E+00  0.000E+00  0.000E+00  0.000E+00  0.000E+00
  0.000E+00  0.000E+00  0.000E+00  0.000E+00  0.000E+00  0.000E+00  0.000E+00  0.000E+00  0.000E+00  0.000E+00
  0.000E+00  0.000E+00  0.000E+00  0.000E+00  0.000E+00  0.000E+00  0.000E+00  0.000E+00  0.000E+00  0.000E+00
  0.000E+00  0.000E+00  0.000E+00  0.000E+00  0.000E+00  0.000E+00  0.000E+00  0.000E+00  0.000E+00  0.000E+00
  0.000E+00  0.000E+00  0.000E+00  0.000E+00  0.000E+00  0.000E+00  0.000E+00  0.000E+00  0.000E+00  0.000E+00
  0.000E+00  0.000E+00  0.000E+00  0.000E+00  0.000E+00  0.000E+00  0.000E+00  0.000E+00  2.458E+04  3.967E+04
  0.000E+00  0.000E+00  0.000E+00  0.000E+00  0.000E+00  0.000E+00  0.000E+00  0.000E+00  0.000E+00  0.000E+00
  0.000E+00  0.000E+00  0.000E+00  0.000E+00  0.000E+00  0.000E+00  0.000E+00  0.000E+00  1.952E+04  2.916E+04
  0.000E+00  0.000E+00  0.000E+00  0.000E+00  2.840E+03  4.139E+04  0.000E+00  0.000E+00  0.000E+00  0.000E+00
  0.000E+00  1.250E+04  2.440E+04  5.648E+04  0.000E+00  2.122E+04  2.014E+04  0.000E+00  0.000E+00  0.000E+00
  2.023E+04  0.000E+00  0.000E+00  0.000E+00  0.000E+00  0.000E+00  0.000E+00  3.803E+04  5.186E+03  0.000E+00
  0.000E+00  0.000E+00  5.956E+04  0.000E+00  0.000E+00  0.000E+00  7.710E+04  0.000E+00  0.000E+00  0.000E+00
  3.780E+04  0.000E+00  0.000E+00  1.039E+04  0.000E+00  0.000E+00  0.000E+00  6.825E+03  0.000E+00  3.937E+04
  2.264E+02  0.000E+00  0.000E+00  0.000E+00  0.000E+00  0.000E+00  0.000E+00  0.000E+00  0.000E+00  0.000E+00
  2.349E+04  1.091E+04  0.000E+00  0.000E+00  0.000E+00  0.000E+00  0.000E+00  0.000E+00  0.000E+00  0.000E+00
  0.000E+00  0.000E+00  0.000E+00  0.000E+00  0.000E+00  0.000E+00  0.000E+00  0.000E+00  0.000E+00  0.000E+00
  0.000E+00  0.000E+00  0.000E+00  0.000E+00  0.000E+00  0.000E+00  0.000E+00  0.000E+00  0.000E+00  0.000E+00
  0.000E+00  0.000E+00  0.000E+00  0.000E+00  0.000E+00  0.000E+00  0.000E+00  0.000E+00  0.000E+00  0.000E+00
  0.000E+00  0.000E+00  0.000E+00  0.000E+00  0.000E+00  0.000E+00  0.000E+00  0.000E+00  0.000E+00  0.000E+00
  0.000E+00  4.410E+04  2.015E+04  0.000E+00  0.000E+00  0.000E+00  0.000E+00  0.000E+00  0.000E+00  0.000E+00
  0.000E+00  0.000E+00  0.000E+00  0.000E+00  0.000E+00  0.000E+00  0.000E+00  0.000E+00  0.000E+00  0.000E+00
  0.000E+00  0.000E+00  3.602E+04  0.000E+00  0.000E+00  0.000E+00  0.000E+00  0.000E+00  4.423E+04  0.000E+00
  0.000E+00  0.000E+00  0.000E+00  0.000E+00  0.000E+00  0.000E+00  8.088E+04  0.000E+00  0.000E+00  1.750E+04
  0.000E+00  0.000E+00  0.000E+00  0.000E+00  0.000E+00  0.000E+00  0.000E+00  0.000E+00  1.345E+04  0.000E+00
  0.000E+00  3.803E+04  0.000E+00  0.000E+00  0.000E+00  0.000E+00  4.082E+04  1.419E+04  0.000E+00  0.000E+00
  1.848E+04  3.250E+04  0.000E+00  0.000E+00  3.780E+04  0.000E+00  0.000E+00  0.000E+00  0.000E+00  2.756E+04
  0.000E+00  0.000E+00  0.000E+00  0.000E+00  3.959E+04  0.000E+00  0.000E+00  0.000E+00  0.000E+00  0.000E+00
  0.000E+00  0.000E+00  0.000E+00  0.000E+00  0.000E+00  4.783E+04  0.000E+00  0.000E+00  0.000E+00  0.000E+00
  0.000E+00  0.000E+00  0.000E+00  0.000E+00  0.000E+00  0.000E+00  0.000E+00  0.000E+00  0.000E+00  0.000E+00
  0.000E+00  0.000E+00  0.000E+00  0.000E+00  0.000E+00  0.000E+00  0.000E+00  0.000E+00  0.000E+00  0.000E+00
  0.000E+00  0.000E+00  0.000E+00  0.000E+00  0.000E+00  0.000E+00  0.000E+00  0.000E+00  0.000E+00  0.000E+00
  0.000E+00  0.000E+00  0.000E+00  0.000E+00  0.000E+00  0.000E+00  0.000E+00  0.000E+00  0.000E+00  0.000E+00
  0.000E+00  0.000E+00  0.000E+00  1.889E+04  4.474E+04  6.328E+02  0.000E+00  0.000E+00  0.000E+00  0.000E+00
  0.000E+00  0.000E+00  0.000E+00  0.000E+00  0.000E+00  0.000E+00  0.000E+00  0.000E+00  0.000E+00  0.000E+00
  0.000E+00  0.000E+00  0.000E+00  0.000E+00  0.000E+00  0.000E+00  0.000E+00  0.000E+00  0.000E+00  0.000E+00
  0.000E+00  1.894E+04  1.077E+04  0.000E+00  0.000E+00  2.714E+03  1.558E+04  0.000E+00  0.000E+00  0.000E+00
  8.088E+04  0.000E+00  0.000E+00  0.000E+00  0.000E+00  0.000E+00  0.000E+00  0.000E+00  0.000E+00  0.000E+00
  0.000E+00  3.119E+04  6.573E+03  0.000E+00  3.796E+04  6.530E+01  0.000E+00  0.000E+00  0.000E+00  0.000E+00
  7.582E+04  3.773E+04  0.000E+00  0.000E+00  0.000E+00  3.931E+04  0.000E+00  0.000E+00  2.561E+04  0.000E+00
  0.000E+00  0.000E+00  0.000E+00  7.144E+04  1.661E+04  0.000E+00  0.000E+00  0.000E+00  3.959E+04  4.934E+03
  0.000E+00  0.000E+00  0.000E+00  0.000E+00  0.000E+00  0.000E+00  0.000E+00  0.000E+00  0.000E+00  4.822E+02
  4.735E+04  0.000E+00  0.000E+00  0.000E+00  0.000E+00  0.000E+00  0.000E+00  0.000E+00  0.000E+00  0.000E+00
  0.000E+00  0.000E+00  0.000E+00  0.000E+00  0.000E+00  0.000E+00  0.000E+00  0.000E+00  0.000E+00  0.000E+00
  0.000E+00  0.000E+00  0.000E+00  0.000E+00  0.000E+00  0.000E+00  0.000E+00  0.000E+00  0.000E+00  0.000E+00
  0.000E+00  0.000E+00  0.000E+00  0.000E+00  0.000E+00  0.000E+00  0.000E+00  0.000E+00  0.000E+00  0.000E+00
  0.000E+00  0.000E+00  0.000E+00  0.000E+00  0.000E+00  0.000E+00  3.841E+04  2.585E+04  0.000E+00  0.000E+00
  0.000E+00  0.000E+00  0.000E+00  0.000E+00  0.000E+00  0.000E+00  0.000E+00  0.000E+00  0.000E+00  0.000E+00
  0.000E+00  0.000E+00  0.000E+00  0.000E+00  0.000E+00  0.000E+00  0.000E+00  0.000E+00  0.000E+00  0.000E+00
  0.000E+00  0.000E+00  0.000E+00  0.000E+00  0.000E+00  4.217E+04  0.000E+00  0.000E+00  0.000E+00  4.248E+04
  0.000E+00  0.000E+00  0.000E+00  7.462E+04  6.264E+03  0.000E+00  0.000E+00  0.000E+00  0.000E+00  0.000E+00
  0.000E+00  0.000E+00  0.000E+00  0.000E+00  0.000E+00  3.776E+04  0.000E+00  0.000E+00  2.383E+04  0.000E+00
  0.000E+00  0.000E+00  0.000E+00  0.000E+00  7.582E+04  3.773E+04  0.000E+00  0.000E+00  0.000E+00  6.748E+03
  0.000E+00  2.834E+04  0.000E+00  0.000E+00  0.000E+00  0.000E+00  0.000E+00  3.930E+04  7.754E+04  0.000E+00
  0.000E+00  0.000E+00  3.066E+04  2.802E+04  2.360E+04  0.000E+00  0.000E+00  0.000E+00  0.000E+00  0.000E+00
  0.000E+00  0.000E+00  0.000E+00  0.000E+00  1.188E+04  3.595E+04  0.000E+00  0.000E+00  0.000E+00  0.000E+00
  0.000E+00  0.000E+00  0.000E+00  0.000E+00  2.175E+04  0.000E+00  0.000E+00  0.000E+00  0.000E+00  0.000E+00
  0.000E+00  0.000E+00  0.000E+00  0.000E+00  0.000E+00  0.000E+00  0.000E+00  0.000E+00  0.000E+00  0.000E+00
  0.000E+00  0.000E+00  0.000E+00  0.000E+00  0.000E+00  0.000E+00  0.000E+00  0.000E+00  0.000E+00  0.000E+00
  0.000E+00  0.000E+00  0.000E+00  0.000E+00  0.000E+00  0.000E+00  0.000E+00  0.000E+00  1.319E+04  4.474E+04
  6.330E+03  0.000E+00  0.000E+00  0.000E+00  0.000E+00  0.000E+00  0.000E+00  0.000E+00  0.000E+00  0.000E+00
  0.000E+00  0.000E+00  0.000E+00  0.000E+00  0.000E+00  0.000E+00  0.000E+00  0.000E+00  0.000E+00  0.000E+00
  0.000E+00  0.000E+00  0.000E+00  0.000E+00  0.000E+00  0.000E+00  0.000E+00  0.000E+00  3.737E+04  4.794E+03
  0.000E+00  0.000E+00  1.044E+04  3.204E+04  0.000E+00  0.000E+00  0.000E+00  8.088E+04  0.000E+00  0.000E+00
  0.000E+00  0.000E+00  0.000E+00  0.000E+00  0.000E+00  0.000E+00  0.000E+00  0.000E+00  0.000E+00  3.776E+04
  0.000E+00  0.000E+00  0.000E+00  0.000E+00  0.000E+00  0.000E+00  0.000E+00  0.000E+00  7.582E+04  3.773E+04
  0.000E+00  0.000E+00  0.000E+00  0.000E+00  0.000E+00  3.856E+04  0.000E+00  0.000E+00  0.000E+00  0.000E+00
  0.000E+00  1.021E+04  1.066E+05  0.000E+00  0.000E+00  0.000E+00  0.000E+00  1.725E+04  6.429E+04  1.033E+04
  0.000E+00  0.000E+00  0.000E+00  0.000E+00  0.000E+00  0.000E+00  0.000E+00  0.000E+00  0.000E+00  2.327E+04
  2.456E+04  0.000E+00  0.000E+00  0.000E+00  0.000E+00  0.000E+00  0.000E+00  0.000E+00  1.148E+04  4.484E+04
  0.000E+00  0.000E+00  0.000E+00  0.000E+00  0.000E+00  0.000E+00  0.000E+00  0.000E+00  0.000E+00  0.000E+00
  0.000E+00  0.000E+00  0.000E+00  0.000E+00  0.000E+00  0.000E+00  0.000E+00  0.000E+00  0.000E+00  0.000E+00
  0.000E+00  0.000E+00  0.000E+00  0.000E+00  0.000E+00  0.000E+00  0.000E+00  0.000E+00  0.000E+00  0.000E+00
  0.000E+00  3.271E+04  3.155E+04  0.000E+00  0.000E+00  0.000E+00  0.000E+00  0.000E+00  0.000E+00  0.000E+00
  0.000E+00  0.000E+00  0.000E+00  0.000E+00  0.000E+00  0.000E+00  0.000E+00  0.000E+00  0.000E+00  0.000E+00
  0.000E+00  0.000E+00  0.000E+00  0.000E+00  0.000E+00  0.000E+00  0.000E+00  0.000E+00  0.000E+00  0.000E+00
  0.000E+00  0.000E+00  4.217E+04  0.000E+00  0.000E+00  0.000E+00  4.248E+04  0.000E+00  0.000E+00  0.000E+00
  0.000E+00  6.980E+03  0.000E+00  0.000E+00  0.000E+00  0.000E+00  0.000E+00  0.000E+00  0.000E+00  0.000E+00
  0.000E+00  0.000E+00  0.000E+00  3.776E+04  0.000E+00  0.000E+00  0.000E+00  0.000E+00  0.000E+00  0.000E+00
  0.000E+00  0.000E+00  5.331E+04  2.280E+03  0.000E+00  0.000E+00  0.000E+00  0.000E+00  0.000E+00  3.856E+04
  0.000E+00  0.000E+00  0.000E+00  0.000E+00  0.000E+00  0.000E+00  1.168E+05  0.000E+00  0.000E+00  0.000E+00
  0.000E+00  0.000E+00  1.281E+04  7.174E+04  0.000E+00  0.000E+00  0.000E+00  0.000E+00  0.000E+00  0.000E+00
  0.000E+00  0.000E+00  0.000E+00  0.000E+00  1.339E+02  0.000E+00  0.000E+00  0.000E+00  0.000E+00  0.000E+00
  0.000E+00  0.000E+00  0.000E+00  4.866E+03  4.971E+04  1.743E+03  0.000E+00  0.000E+00  0.000E+00  0.000E+00
  0.000E+00  0.000E+00  0.000E+00  0.000E+00  0.000E+00  0.000E+00  0.000E+00  0.000E+00  0.000E+00  0.000E+00
  0.000E+00  0.000E+00  0.000E+00  0.000E+00  0.000E+00  0.000E+00  0.000E+00  0.000E+00  0.000E+00  0.000E+00
  0.000E+00  0.000E+00  1.469E+04  7.492E+03  4.474E+04  1.203E+04  0.000E+00  0.000E+00  0.000E+00  0.000E+00
  0.000E+00  0.000E+00  0.000E+00  0.000E+00  0.000E+00  0.000E+00  0.000E+00  0.000E+00  0.000E+00  0.000E+00
  0.000E+00  0.000E+00  0.000E+00  0.000E+00  0.000E+00  0.000E+00  0.000E+00  0.000E+00  0.000E+00  0.000E+00
  0.000E+00  0.000E+00  0.000E+00  0.000E+00  0.000E+00  4.190E+04  2.703E+02  0.000E+00  0.000E+00  1.817E+04
  2.431E+04  0.000E+00  0.000E+00  0.000E+00  0.000E+00  0.000E+00  0.000E+00  0.000E+00  0.000E+00  0.000E+00
  0.000E+00  0.000E+00  0.000E+00  2.390E+04  0.000E+00  0.000E+00  0.000E+00  3.776E+04  0.000E+00  0.000E+00
  0.000E+00  0.000E+00  0.000E+00  0.000E+00  0.000E+00  0.000E+00  8.249E+03  0.000E+00  0.000E+00  0.000E+00
  0.000E+00  0.000E+00  0.000E+00  2.169E+04  1.687E+04  0.000E+00  0.000E+00  0.000E+00  0.000E+00  0.000E+00
  6.083E+04  5.600E+04  0.000E+00  0.000E+00  0.000E+00  0.000E+00  0.000E+00  6.882E+04  1.385E+04  0.000E+00
  0.000E+00  0.000E+00  0.000E+00  0.000E+00  0.000E+00  0.000E+00  0.000E+00  0.000E+00  0.000E+00  0.000E+00
  0.000E+00  0.000E+00  0.000E+00  0.000E+00  0.000E+00  0.000E+00  0.000E+00  0.000E+00  0.000E+00  4.796E+04
  8.351E+03  0.000E+00  0.000E+00  0.000E+00  0.000E+00  0.000E+00  0.000E+00  0.000E+00  0.000E+00  0.000E+00
  0.000E+00  0.000E+00  0.000E+00  0.000E+00  0.000E+00  0.000E+00  0.000E+00  0.000E+00  0.000E+00  0.000E+00
  0.000E+00  0.000E+00  0.000E+00  0.000E+00  0.000E+00  3.884E+04  5.525E+04  3.725E+04  0.000E+00  0.000E+00
  0.000E+00  0.000E+00  0.000E+00  0.000E+00  0.000E+00  0.000E+00  0.000E+00  0.000E+00  0.000E+00  0.000E+00
  0.000E+00  0.000E+00  0.000E+00  0.000E+00  0.000E+00  0.000E+00  0.000E+00  0.000E+00  0.000E+00  0.000E+00
  0.000E+00  0.000E+00  0.000E+00  0.000E+00  0.000E+00  0.000E+00  0.000E+00  0.000E+00  0.000E+00  2.357E+04
  0.000E+00  0.000E+00  0.000E+00  3.529E+04  0.000E+00  0.000E+00  0.000E+00  0.000E+00  0.000E+00  0.000E+00
  0.000E+00  0.000E+00  0.000E+00  0.000E+00  0.000E+00  0.000E+00  0.000E+00  3.878E+04  0.000E+00  0.000E+00
  0.000E+00  2.232E+04  0.000E+00  0.000E+00  0.000E+00  0.000E+00  0.000E+00  0.000E+00  0.000E+00  4.928E+03
  0.000E+00  0.000E+00  0.000E+00  0.000E+00  0.000E+00  0.000E+00  0.000E+00  0.000E+00  2.037E+04  0.000E+00
  0.000E+00  0.000E+00  0.000E+00  0.000E+00  1.059E+04  4.470E+04  3.558E+04  0.000E+00  0.000E+00  0.000E+00
  0.000E+00  0.000E+00  4.187E+04  0.000E+00  0.000E+00  0.000E+00  0.000E+00  0.000E+00  0.000E+00  0.000E+00
  0.000E+00  0.000E+00  0.000E+00  0.000E+00  0.000E+00  0.000E+00  0.000E+00  0.000E+00  0.000E+00  0.000E+00
  0.000E+00  0.000E+00  0.000E+00  0.000E+00  2.357E+04  0.000E+00  0.000E+00  0.000E+00  0.000E+00  0.000E+00
  0.000E+00  0.000E+00  0.000E+00  0.000E+00  0.000E+00  0.000E+00  0.000E+00  0.000E+00  0.000E+00  0.000E+00
  0.000E+00  0.000E+00  0.000E+00  0.000E+00  0.000E+00  0.000E+00  0.000E+00  1.761E+04  4.595E+04  5.005E+04
  1.773E+04  0.000E+00  0.000E+00  0.000E+00  0.000E+00  0.000E+00  0.000E+00  0.000E+00  0.000E+00  0.000E+00
  0.000E+00  0.000E+00  0.000E+00  0.000E+00  0.000E+00  0.000E+00  0.000E+00  0.000E+00  0.000E+00  0.000E+00
  0.000E+00  0.000E+00  0.000E+00  0.000E+00  0.000E+00  0.000E+00  0.000E+00  0.000E+00  0.000E+00  0.000E+00
  0.000E+00  0.000E+00  0.000E+00  0.000E+00  0.000E+00  0.000E+00  0.000E+00  0.000E+00  0.000E+00  0.000E+00
  0.000E+00  0.000E+00  0.000E+00  0.000E+00  0.000E+00  0.000E+00  0.000E+00  0.000E+00  0.000E+00  0.000E+00
  2.596E+04  1.283E+04  0.000E+00  0.000E+00  0.000E+00  0.000E+00  0.000E+00  0.000E+00  0.000E+00  0.000E+00
  0.000E+00  0.000E+00  0.000E+00  3.724E+04  0.000E+00  0.000E+00  0.000E+00  0.000E+00  0.000E+00  0.000E+00
  0.000E+00  0.000E+00  2.585E+04  0.000E+00  0.000E+00  0.000E+00  0.000E+00  0.000E+00  0.000E+00  0.000E+00
  3.596E+04  4.155E+03  0.000E+00  0.000E+00  0.000E+00  0.000E+00  2.449E+04  1.737E+04  0.000E+00  0.000E+00
  0.000E+00  0.000E+00  0.000E+00  0.000E+00  0.000E+00  0.000E+00  0.000E+00  0.000E+00  0.000E+00  0.000E+00
  0.000E+00  0.000E+00  0.000E+00  0.000E+00  0.000E+00  0.000E+00  0.000E+00  0.000E+00  0.000E+00  0.000E+00
  0.000E+00  0.000E+00  0.000E+00  0.000E+00  0.000E+00  0.000E+00  0.000E+00  0.000E+00  0.000E+00  0.000E+00
  0.000E+00  0.000E+00  0.000E+00  0.000E+00  0.000E+00  0.000E+00  0.000E+00  0.000E+00  0.000E+00  0.000E+00
  4.054E+04  4.786E+04  4.294E+04  0.000E+00  0.000E+00  0.000E+00  0.000E+00  0.000E+00  0.000E+00  0.000E+00
  0.000E+00  0.000E+00  0.000E+00  0.000E+00  0.000E+00  0.000E+00  0.000E+00  0.000E+00  0.000E+00  0.000E+00
  0.000E+00  0.000E+00  0.000E+00  0.000E+00  0.000E+00  0.000E+00  0.000E+00  0.000E+00  0.000E+00  0.000E+00
  0.000E+00  0.000E+00  0.000E+00  0.000E+00  0.000E+00  0.000E+00  0.000E+00  0.000E+00  0.000E+00  0.000E+00
  0.000E+00  0.000E+00  0.000E+00  0.000E+00  0.000E+00  0.000E+00  0.000E+00  0.000E+00  0.000E+00  0.000E+00
  0.000E+00  0.000E+00  0.000E+00  0.000E+00  3.878E+04  0.000E+00  0.000E+00  0.000E+00  0.000E+00  0.000E+00
  0.000E+00  0.000E+00  0.000E+00  0.000E+00  0.000E+00  0.000E+00  0.000E+00  3.724E+04  0.000E+00  0.000E+00
  0.000E+00  0.000E+00  0.000E+00  0.000E+00  0.000E+00  0.000E+00  3.763E+04  0.000E+00  0.000E+00  0.000E+00
  0.000E+00  0.000E+00  0.000E+00  0.000E+00  0.000E+00  4.011E+04  0.000E+00  0.000E+00  0.000E+00  0.000E+00
  0.000E+00  4.187E+04  0.000E+00  0.000E+00  0.000E+00  0.000E+00  0.000E+00  0.000E+00  0.000E+00  0.000E+00
  0.000E+00  0.000E+00  0.000E+00  0.000E+00  0.000E+00  0.000E+00  0.000E+00  0.000E+00  0.000E+00  0.000E+00
  0.000E+00  0.000E+00  0.000E+00  0.000E+00  0.000E+00  0.000E+00  0.000E+00  0.000E+00  0.000E+00  0.000E+00
  0.000E+00  0.000E+00  0.000E+00  0.000E+00  0.000E+00  0.000E+00  0.000E+00  0.000E+00  0.000E+00  0.000E+00
  0.000E+00  0.000E+00  0.000E+00  0.000E+00  4.445E+04  2.342E+04  0.000E+00  0.000E+00  0.000E+00  0.000E+00
  0.000E+00  0.000E+00  0.000E+00  0.000E+00  0.000E+00  0.000E+00  0.000E+00  0.000E+00  0.000E+00  0.000E+00
  0.000E+00  0.000E+00  0.000E+00  0.000E+00  0.000E+00  0.000E+00  0.000E+00  0.000E+00  0.000E+00  0.000E+00
  0.000E+00  0.000E+00  0.000E+00  0.000E+00  0.000E+00  0.000E+00  0.000E+00  0.000E+00  0.000E+00  0.000E+00
  0.000E+00  0.000E+00  0.000E+00  0.000E+00  0.000E+00  0.000E+00  0.000E+00  0.000E+00  0.000E+00  0.000E+00
  0.000E+00  1.395E+04  0.000E+00  0.000E+00  0.000E+00  0.000E+00  0.000E+00  0.000E+00  3.878E+04  0.000E+00
  0.000E+00  0.000E+00  0.000E+00  0.000E+00  0.000E+00  0.000E+00  0.000E+00  0.000E+00  0.000E+00  0.000E+00
  0.000E+00  3.724E+04  0.000E+00  0.000E+00  0.000E+00  0.000E+00  0.000E+00  0.000E+00  4.357E+03  0.000E+00
  3.763E+04  0.000E+00  0.000E+00  0.000E+00  0.000E+00  0.000E+00  0.000E+00  2.391E+04  0.000E+00  4.011E+04
  0.000E+00  0.000E+00  0.000E+00  0.000E+00  0.000E+00  9.206E+03  0.000E+00  0.000E+00  0.000E+00  0.000E+00
  0.000E+00  0.000E+00  0.000E+00  0.000E+00  0.000E+00  0.000E+00  0.000E+00  0.000E+00  0.000E+00  0.000E+00
  0.000E+00  0.000E+00  0.000E+00  0.000E+00  0.000E+00  0.000E+00  0.000E+00  0.000E+00  0.000E+00  0.000E+00
  0.000E+00  0.000E+00  0.000E+00  0.000E+00  0.000E+00  0.000E+00  0.000E+00  0.000E+00  0.000E+00  0.000E+00
  0.000E+00  0.000E+00  0.000E+00  0.000E+00  0.000E+00  0.000E+00  0.000E+00  1.536E+04  3.904E+03  0.000E+00
  0.000E+00  0.000E+00  0.000E+00  0.000E+00  0.000E+00  0.000E+00  0.000E+00  0.000E+00  0.000E+00  0.000E+00
  0.000E+00  0.000E+00  0.000E+00  0.000E+00  0.000E+00  0.000E+00  0.000E+00  0.000E+00  0.000E+00  0.000E+00
  0.000E+00  0.000E+00  0.000E+00  0.000E+00  0.000E+00  0.000E+00  0.000E+00  0.000E+00  0.000E+00  0.000E+00
  0.000E+00  0.000E+00  0.000E+00  0.000E+00  0.000E+00  0.000E+00  0.000E+00  0.000E+00  0.000E+00  0.000E+00
  0.000E+00  0.000E+00  0.000E+00  0.000E+00  0.000E+00  3.983E+04  0.000E+00  0.000E+00  0.000E+00  0.000E+00
  0.000E+00  1.242E+04  2.636E+04  0.000E+00  0.000E+00  0.000E+00  0.000E+00  0.000E+00  0.000E+00  0.000E+00
  0.000E+00  0.000E+00  0.000E+00  0.000E+00  0.000E+00  3.724E+04  0.000E+00  0.000E+00  0.000E+00  0.000E+00
  0.000E+00  0.000E+00  3.761E+04  0.000E+00  3.763E+04  0.000E+00  0.000E+00  0.000E+00  0.000E+00  0.000E+00
  0.000E+00  4.062E+04  0.000E+00  1.246E+04  2.766E+04  0.000E+00  0.000E+00  0.000E+00  0.000E+00  0.000E+00
  0.000E+00  0.000E+00  0.000E+00  0.000E+00  0.000E+00  4.562E+04  0.000E+00  0.000E+00  0.000E+00  0.000E+00
  0.000E+00  0.000E+00  0.000E+00  0.000E+00  0.000E+00  0.000E+00  0.000E+00  0.000E+00  0.000E+00  0.000E+00
  0.000E+00  0.000E+00  0.000E+00  0.000E+00  0.000E+00  0.000E+00  0.000E+00  0.000E+00  0.000E+00  0.000E+00
  0.000E+00  0.000E+00  0.000E+00  0.000E+00  0.000E+00  0.000E+00  0.000E+00  0.000E+00  0.000E+00  0.000E+00
  0.000E+00  2.897E+04  0.000E+00  0.000E+00  0.000E+00  0.000E+00  0.000E+00  0.000E+00  0.000E+00  0.000E+00
  0.000E+00  0.000E+00  0.000E+00  0.000E+00  0.000E+00  0.000E+00  0.000E+00  0.000E+00  0.000E+00  0.000E+00
  0.000E+00  0.000E+00  0.000E+00  0.000E+00  0.000E+00  0.000E+00  0.000E+00  0.000E+00  0.000E+00  0.000E+00
  0.000E+00  0.000E+00  0.000E+00  0.000E+00  0.000E+00  0.000E+00  0.000E+00  0.000E+00  0.000E+00  0.000E+00
  0.000E+00  0.000E+00  0.000E+00  0.000E+00  0.000E+00  0.000E+00  0.000E+00  0.000E+00  2.946E+04  1.037E+04
  0.000E+00  0.000E+00  0.000E+00  0.000E+00  0.000E+00  1.925E+04  0.000E+00  0.000E+00  0.000E+00  0.000E+00
  0.000E+00  0.000E+00  0.000E+00  0.000E+00  0.000E+00  0.000E+00  0.000E+00  0.000E+00  0.000E+00  3.724E+04
  0.000E+00  0.000E+00  0.000E+00  0.000E+00  0.000E+00  0.000E+00  3.761E+04  0.000E+00  3.661E+04  1.018E+03
  0.000E+00  0.000E+00  0.000E+00  0.000E+00  0.000E+00  5.353E+03  3.526E+04  0.000E+00  4.011E+04  0.000E+00
  0.000E+00  0.000E+00  0.000E+00  0.000E+00  0.000E+00  0.000E+00  0.000E+00  0.000E+00  0.000E+00  4.130E+04
  4.592E+04  0.000E+00  0.000E+00  0.000E+00  0.000E+00  0.000E+00  0.000E+00  0.000E+00  0.000E+00  0.000E+00
  0.000E+00  0.000E+00  0.000E+00  0.000E+00  0.000E+00  0.000E+00  0.000E+00  0.000E+00  0.000E+00  0.000E+00
  0.000E+00  0.000E+00  0.000E+00  0.000E+00  0.000E+00  0.000E+00  0.000E+00  0.000E+00  0.000E+00  0.000E+00
  0.000E+00  0.000E+00  0.000E+00  0.000E+00  0.000E+00  0.000E+00  0.000E+00  0.000E+00  0.000E+00  0.000E+00
  0.000E+00  0.000E+00  0.000E+00  0.000E+00  0.000E+00  0.000E+00  0.000E+00  0.000E+00  0.000E+00  0.000E+00
  0.000E+00  0.000E+00  0.000E+00  0.000E+00  0.000E+00  0.000E+00  0.000E+00  0.000E+00  0.000E+00  0.000E+00
  0.000E+00  0.000E+00  0.000E+00  0.000E+00  0.000E+00  0.000E+00  0.000E+00  0.000E+00  0.000E+00  0.000E+00
  0.000E+00  0.000E+00  0.000E+00  0.000E+00  0.000E+00  0.000E+00  0.000E+00  0.000E+00  0.000E+00  0.000E+00
  0.000E+00  0.000E+00  3.983E+04  0.000E+00  0.000E+00  0.000E+00  0.000E+00  0.000E+00  0.000E+00  0.000E+00
  0.000E+00  0.000E+00  0.000E+00  0.000E+00  0.000E+00  0.000E+00  0.000E+00  0.000E+00  0.000E+00  0.000E+00
  0.000E+00  0.000E+00  0.000E+00  3.724E+04  0.000E+00  0.000E+00  1.518E+04  0.000E+00  0.000E+00  0.000E+00
  3.761E+04  0.000E+00  0.000E+00  3.763E+04  0.000E+00  0.000E+00  0.000E+00  0.000E+00  0.000E+00  0.000E+00
  4.062E+04  0.000E+00  2.907E+04  4.064E+03  0.000E+00  0.000E+00  0.000E+00  0.000E+00  0.000E+00  0.000E+00
  0.000E+00  0.000E+00  0.000E+00  0.000E+00  8.218E+04  5.038E+03  0.000E+00  0.000E+00  0.000E+00  0.000E+00
  0.000E+00  0.000E+00  0.000E+00  0.000E+00  0.000E+00  0.000E+00  0.000E+00  0.000E+00  0.000E+00  0.000E+00
  0.000E+00  0.000E+00  0.000E+00  0.000E+00  0.000E+00  0.000E+00  0.000E+00  0.000E+00  0.000E+00  0.000E+00
  0.000E+00  0.000E+00  0.000E+00  0.000E+00  0.000E+00  0.000E+00  0.000E+00  0.000E+00  0.000E+00  0.000E+00
  0.000E+00  0.000E+00  0.000E+00  0.000E+00  0.000E+00  0.000E+00  0.000E+00  0.000E+00  0.000E+00  0.000E+00
  0.000E+00  0.000E+00  0.000E+00  0.000E+00  0.000E+00  0.000E+00  0.000E+00  0.000E+00  0.000E+00  0.000E+00
  0.000E+00  0.000E+00  0.000E+00  0.000E+00  0.000E+00  0.000E+00  0.000E+00  0.000E+00  0.000E+00  0.000E+00
  0.000E+00  0.000E+00  0.000E+00  0.000E+00  0.000E+00  0.000E+00  0.000E+00  0.000E+00  0.000E+00  0.000E+00
  0.000E+00  0.000E+00  0.000E+00  0.000E+00  0.000E+00  7.119E+03  3.271E+04  0.000E+00  0.000E+00  0.000E+00
  0.000E+00  0.000E+00  0.000E+00  0.000E+00  0.000E+00  0.000E+00  0.000E+00  0.000E+00  0.000E+00  0.000E+00
  0.000E+00  0.000E+00  0.000E+00  0.000E+00  0.000E+00  0.000E+00  0.000E+00  3.695E+03  0.000E+00  0.000E+00
  3.709E+04  0.000E+00  0.000E+00  0.000E+00  2.978E+04  7.829E+03  0.000E+00  3.367E+04  0.000E+00  0.000E+00
  0.000E+00  0.000E+00  0.000E+00  0.000E+00  2.064E+04  1.998E+04  0.000E+00  0.000E+00  0.000E+00  0.000E+00
  0.000E+00  0.000E+00  2.508E+04  0.000E+00  0.000E+00  0.000E+00  0.000E+00  0.000E+00  1.282E+04  7.440E+04
  0.000E+00  0.000E+00  0.000E+00  0.000E+00  0.000E+00  0.000E+00  0.000E+00  0.000E+00  0.000E+00  0.000E+00
  0.000E+00  0.000E+00  0.000E+00  0.000E+00  0.000E+00  0.000E+00  0.000E+00  0.000E+00  0.000E+00  0.000E+00
  0.000E+00  0.000E+00  0.000E+00  0.000E+00  0.000E+00  0.000E+00  0.000E+00  0.000E+00  0.000E+00  0.000E+00
  0.000E+00  0.000E+00  0.000E+00  0.000E+00  0.000E+00  0.000E+00  0.000E+00  0.000E+00  0.000E+00  0.000E+00
  0.000E+00  0.000E+00  0.000E+00  0.000E+00  0.000E+00  0.000E+00  0.000E+00  0.000E+00  0.000E+00  0.000E+00
  0.000E+00  0.000E+00  0.000E+00  0.000E+00  0.000E+00  0.000E+00  0.000E+00  0.000E+00  0.000E+00  0.000E+00
  0.000E+00  0.000E+00  0.000E+00  0.000E+00  0.000E+00  0.000E+00  0.000E+00  0.000E+00  0.000E+00  0.000E+00
  0.000E+00  0.000E+00  0.000E+00  0.000E+00  0.000E+00  0.000E+00  0.000E+00  0.000E+00  0.000E+00  3.983E+04
  0.000E+00  0.000E+00  0.000E+00  0.000E+00  0.000E+00  0.000E+00  0.000E+00  0.000E+00  0.000E+00  0.000E+00
  0.000E+00  0.000E+00  0.000E+00  0.000E+00  0.000E+00  0.000E+00  0.000E+00  0.000E+00  0.000E+00  0.000E+00
  0.000E+00  0.000E+00  0.000E+00  0.000E+00  3.709E+04  0.000E+00  0.000E+00  0.000E+00  0.000E+00  3.761E+04
  0.000E+00  0.000E+00  0.000E+00  0.000E+00  0.000E+00  0.000E+00  0.000E+00  0.000E+00  0.000E+00  1.617E+03
  0.000E+00  0.000E+00  0.000E+00  0.000E+00  0.000E+00  0.000E+00  2.648E+04  1.466E+04  0.000E+00  0.000E+00
  0.000E+00  0.000E+00  0.000E+00  6.147E+04  2.574E+04  0.000E+00  0.000E+00  0.000E+00  0.000E+00  0.000E+00
  0.000E+00  0.000E+00  0.000E+00  0.000E+00  0.000E+00  0.000E+00  0.000E+00  0.000E+00  0.000E+00  0.000E+00
  0.000E+00  0.000E+00  0.000E+00  0.000E+00  0.000E+00  0.000E+00  0.000E+00  0.000E+00  0.000E+00  0.000E+00
  0.000E+00  0.000E+00  0.000E+00  0.000E+00  0.000E+00  0.000E+00  0.000E+00  0.000E+00  0.000E+00  0.000E+00
  0.000E+00  0.000E+00  0.000E+00  0.000E+00  0.000E+00  0.000E+00  0.000E+00  0.000E+00  0.000E+00  0.000E+00
  0.000E+00  0.000E+00  0.000E+00  0.000E+00  0.000E+00  0.000E+00  0.000E+00  0.000E+00  0.000E+00  0.000E+00
  0.000E+00  0.000E+00  0.000E+00  0.000E+00  0.000E+00  0.000E+00  0.000E+00  0.000E+00  0.000E+00  0.000E+00
  0.000E+00  0.000E+00  0.000E+00  0.000E+00  0.000E+00  0.000E+00  0.000E+00  0.000E+00  0.000E+00  0.000E+00
  0.000E+00  0.000E+00  0.000E+00  3.983E+04  0.000E+00  0.000E+00  0.000E+00  0.000E+00  0.000E+00  0.000E+00
  0.000E+00  0.000E+00  0.000E+00  0.000E+00  0.000E+00  0.000E+00  0.000E+00  0.000E+00  0.000E+00  0.000E+00
  0.000E+00  0.000E+00  0.000E+00  0.000E+00  0.000E+00  0.000E+00  0.000E+00  0.000E+00  3.709E+04  0.000E+00
  0.000E+00  0.000E+00  0.000E+00  3.761E+04  0.000E+00  0.000E+00  0.000E+00  0.000E+00  0.000E+00  0.000E+00
  0.000E+00  0.000E+00  0.000E+00  0.000E+00  0.000E+00  0.000E+00  0.000E+00  0.000E+00  0.000E+00  0.000E+00
  0.000E+00  4.114E+04  0.000E+00  0.000E+00  0.000E+00  0.000E+00  0.000E+00  0.000E+00  1.056E+05  0.000E+00
  0.000E+00  0.000E+00  0.000E+00  0.000E+00  0.000E+00  0.000E+00  0.000E+00  0.000E+00  0.000E+00  0.000E+00
  0.000E+00  0.000E+00  0.000E+00  0.000E+00  0.000E+00  0.000E+00  0.000E+00  0.000E+00  0.000E+00  0.000E+00
  0.000E+00  0.000E+00  0.000E+00  0.000E+00  0.000E+00  0.000E+00  0.000E+00  0.000E+00  0.000E+00  0.000E+00
  0.000E+00  0.000E+00  0.000E+00  0.000E+00  0.000E+00  0.000E+00  0.000E+00  0.000E+00  0.000E+00  0.000E+00
  0.000E+00  0.000E+00  0.000E+00  0.000E+00  0.000E+00  0.000E+00  0.000E+00  0.000E+00  0.000E+00  0.000E+00
  0.000E+00  0.000E+00  0.000E+00  0.000E+00  0.000E+00  0.000E+00  0.000E+00  0.000E+00  0.000E+00  0.000E+00
  0.000E+00  0.000E+00  0.000E+00  0.000E+00  0.000E+00  0.000E+00  0.000E+00  0.000E+00  0.000E+00  0.000E+00
  0.000E+00  0.000E+00  0.000E+00  0.000E+00  0.000E+00  0.000E+00  0.000E+00  1.839E+03  0.000E+00  0.000E+00
  0.000E+00  0.000E+00  0.000E+00  0.000E+00  0.000E+00  0.000E+00  0.000E+00  0.000E+00  0.000E+00  0.000E+00
  0.000E+00  0.000E+00  0.000E+00  0.000E+00  0.000E+00  0.000E+00  0.000E+00  0.000E+00  0.000E+00  1.360E+04
  2.165E+04  0.000E+00  3.709E+04  0.000E+00  0.000E+00  0.000E+00  0.000E+00  1.043E+04  0.000E+00  0.000E+00
  0.000E+00  0.000E+00  0.000E+00  0.000E+00  1.822E+04  3.578E+03  0.000E+00  0.000E+00  0.000E+00  0.000E+00
  0.000E+00  0.000E+00  3.281E+03  0.000E+00  0.000E+00  3.338E+04  7.762E+03  0.000E+00  0.000E+00  0.000E+00
  0.000E+00  0.000E+00  5.003E+04  7.986E+04  0.000E+00  0.000E+00  0.000E+00  0.000E+00  0.000E+00  0.000E+00
  0.000E+00  0.000E+00  0.000E+00  0.000E+00  0.000E+00  0.000E+00  0.000E+00  0.000E+00  0.000E+00  0.000E+00
  0.000E+00  0.000E+00  0.000E+00  0.000E+00  0.000E+00  0.000E+00  0.000E+00  0.000E+00  0.000E+00  0.000E+00
  0.000E+00  0.000E+00  0.000E+00  0.000E+00  0.000E+00  0.000E+00  0.000E+00  0.000E+00  0.000E+00  0.000E+00
  0.000E+00  0.000E+00  0.000E+00  0.000E+00  0.000E+00  0.000E+00  0.000E+00  0.000E+00  0.000E+00  0.000E+00
  0.000E+00  0.000E+00  0.000E+00  0.000E+00  0.000E+00  0.000E+00  0.000E+00  0.000E+00  0.000E+00  0.000E+00
  0.000E+00  0.000E+00  0.000E+00  0.000E+00  0.000E+00  0.000E+00  0.000E+00  0.000E+00  0.000E+00  0.000E+00
  0.000E+00  0.000E+00  0.000E+00  0.000E+00  0.000E+00  0.000E+00  0.000E+00  0.000E+00  0.000E+00  0.000E+00
  0.000E+00  0.000E+00  0.000E+00  0.000E+00  0.000E+00  0.000E+00  0.000E+00  0.000E+00  0.000E+00  0.000E+00
  0.000E+00  0.000E+00  0.000E+00  0.000E+00  0.000E+00  0.000E+00  0.000E+00  0.000E+00  0.000E+00  0.000E+00
  0.000E+00  0.000E+00  0.000E+00  0.000E+00  3.716E+04  0.000E+00  3.709E+04  0.000E+00  0.000E+00  2.752E+03
  0.000E+00  0.000E+00  0.000E+00  0.000E+00  0.000E+00  0.000E+00  0.000E+00  0.000E+00  0.000E+00  3.815E+04
  0.000E+00  0.000E+00  0.000E+00  0.000E+00  0.000E+00  0.000E+00  2.299E+04  1.663E+04  0.000E+00  0.000E+00
  4.114E+04  0.000E+00  0.000E+00  0.000E+00  0.000E+00  0.000E+00  0.000E+00  8.655E+04  0.000E+00  0.000E+00
  0.000E+00  0.000E+00  0.000E+00  0.000E+00  0.000E+00  0.000E+00  0.000E+00  0.000E+00  0.000E+00  0.000E+00
  0.000E+00  0.000E+00  0.000E+00  0.000E+00  0.000E+00  0.000E+00  0.000E+00  0.000E+00  0.000E+00  0.000E+00
  0.000E+00  0.000E+00  0.000E+00  0.000E+00  0.000E+00  0.000E+00  0.000E+00  0.000E+00  0.000E+00  0.000E+00
  0.000E+00  0.000E+00  0.000E+00  0.000E+00  0.000E+00  0.000E+00  0.000E+00  0.000E+00  0.000E+00  0.000E+00
  0.000E+00  0.000E+00  0.000E+00  0.000E+00  0.000E+00  0.000E+00  0.000E+00  0.000E+00  0.000E+00  0.000E+00
  0.000E+00  0.000E+00  0.000E+00  0.000E+00  0.000E+00  0.000E+00  0.000E+00  0.000E+00  0.000E+00  0.000E+00
  0.000E+00  0.000E+00  0.000E+00  0.000E+00  0.000E+00  0.000E+00  0.000E+00  0.000E+00  0.000E+00  0.000E+00
  0.000E+00  0.000E+00  0.000E+00  0.000E+00  0.000E+00  0.000E+00  0.000E+00  0.000E+00  0.000E+00  0.000E+00
  0.000E+00  0.000E+00  0.000E+00  0.000E+00  0.000E+00  0.000E+00  0.000E+00  0.000E+00  0.000E+00  0.000E+00
  0.000E+00  0.000E+00  0.000E+00  0.000E+00  0.000E+00  0.000E+00  0.000E+00  0.000E+00  3.716E+04  0.000E+00
  3.709E+04  0.000E+00  0.000E+00  3.722E+04  0.000E+00  0.000E+00  0.000E+00  0.000E+00  0.000E+00  0.000E+00
  0.000E+00  0.000E+00  0.000E+00  3.815E+04  0.000E+00  0.000E+00  0.000E+00  0.000E+00  0.000E+00  0.000E+00
  0.000E+00  3.962E+04  0.000E+00  0.000E+00  9.171E+03  0.000E+00  0.000E+00  0.000E+00  0.000E+00  0.000E+00
  0.000E+00  1.099E+04  4.919E+04  0.000E+00  0.000E+00  0.000E+00  0.000E+00  0.000E+00  0.000E+00  0.000E+00
  0.000E+00  0.000E+00  0.000E+00  0.000E+00  0.000E+00  0.000E+00  0.000E+00  0.000E+00  0.000E+00  0.000E+00
  0.000E+00  0.000E+00  0.000E+00  0.000E+00  0.000E+00  0.000E+00  0.000E+00  0.000E+00  0.000E+00  0.000E+00
  0.000E+00  0.000E+00  0.000E+00  0.000E+00  0.000E+00  0.000E+00  0.000E+00  0.000E+00  0.000E+00  0.000E+00
  0.000E+00  0.000E+00  0.000E+00  0.000E+00  0.000E+00  0.000E+00  0.000E+00  0.000E+00  0.000E+00  0.000E+00
  0.000E+00  0.000E+00  0.000E+00  0.000E+00  0.000E+00  0.000E+00  0.000E+00  0.000E+00  0.000E+00  0.000E+00
  0.000E+00  0.000E+00  0.000E+00  0.000E+00  0.000E+00  0.000E+00  0.000E+00  0.000E+00  0.000E+00  0.000E+00
  0.000E+00  0.000E+00  0.000E+00  0.000E+00  0.000E+00  0.000E+00  0.000E+00  0.000E+00  0.000E+00  0.000E+00
  0.000E+00  0.000E+00  0.000E+00  0.000E+00  0.000E+00  0.000E+00  0.000E+00  0.000E+00  0.000E+00  0.000E+00
  0.000E+00  0.000E+00  0.000E+00  0.000E+00  0.000E+00  0.000E+00  0.000E+00  0.000E+00  0.000E+00  0.000E+00
  0.000E+00  0.000E+00  3.716E+04  0.000E+00  2.246E+04  0.000E+00  0.000E+00  3.722E+04  0.000E+00  0.000E+00
  0.000E+00  0.000E+00  0.000E+00  0.000E+00  0.000E+00  0.000E+00  0.000E+00  3.815E+04  0.000E+00  0.000E+00
  0.000E+00  0.000E+00  0.000E+00  0.000E+00  0.000E+00  3.962E+04  0.000E+00  0.000E+00  0.000E+00  0.000E+00
  0.000E+00  0.000E+00  0.000E+00  0.000E+00  0.000E+00  0.000E+00  2.685E+04  1.731E+04  0.000E+00  0.000E+00
  0.000E+00  0.000E+00  0.000E+00  0.000E+00  0.000E+00  0.000E+00  0.000E+00  0.000E+00  0.000E+00  0.000E+00
  0.000E+00  0.000E+00  0.000E+00  0.000E+00  0.000E+00  0.000E+00  0.000E+00  0.000E+00  0.000E+00  0.000E+00
  0.000E+00  0.000E+00  0.000E+00  0.000E+00  0.000E+00  0.000E+00  0.000E+00  0.000E+00  0.000E+00  0.000E+00
  0.000E+00  0.000E+00  0.000E+00  0.000E+00  0.000E+00  0.000E+00  0.000E+00  0.000E+00  0.000E+00  0.000E+00
  0.000E+00  0.000E+00  0.000E+00  0.000E+00  0.000E+00  0.000E+00  0.000E+00  0.000E+00  0.000E+00  0.000E+00
  0.000E+00  0.000E+00  0.000E+00  0.000E+00  0.000E+00  0.000E+00  0.000E+00  0.000E+00  0.000E+00  0.000E+00
  0.000E+00  0.000E+00  0.000E+00  0.000E+00  0.000E+00  0.000E+00  0.000E+00  0.000E+00  0.000E+00  0.000E+00
  0.000E+00  0.000E+00  0.000E+00  0.000E+00  0.000E+00  0.000E+00  0.000E+00  0.000E+00  0.000E+00  0.000E+00
  0.000E+00  0.000E+00  0.000E+00  0.000E+00  0.000E+00  0.000E+00  0.000E+00  0.000E+00  0.000E+00  0.000E+00
  0.000E+00  0.000E+00  0.000E+00  0.000E+00  0.000E+00  0.000E+00  3.716E+04  0.000E+00  0.000E+00  0.000E+00
  0.000E+00  3.722E+04  0.000E+00  0.000E+00  0.000E+00  0.000E+00  0.000E+00  0.000E+00  0.000E+00  0.000E+00
  0.000E+00  3.606E+04  2.098E+03  0.000E+00  0.000E+00  0.000E+00  0.000E+00  0.000E+00  0.000E+00  1.232E+04
  3.245E+04  0.000E+00  0.000E+00  0.000E+00  0.000E+00  0.000E+00  0.000E+00  0.000E+00  0.000E+00  0.000E+00
  0.000E+00  4.417E+04  0.000E+00  0.000E+00  0.000E+00  0.000E+00  0.000E+00  0.000E+00  0.000E+00  0.000E+00
  0.000E+00  0.000E+00  0.000E+00  0.000E+00  0.000E+00  0.000E+00  0.000E+00  0.000E+00  0.000E+00  0.000E+00
  0.000E+00  0.000E+00  0.000E+00  0.000E+00  0.000E+00  0.000E+00  0.000E+00  0.000E+00  0.000E+00  0.000E+00
  0.000E+00  0.000E+00  0.000E+00  0.000E+00  0.000E+00  0.000E+00  0.000E+00  0.000E+00  0.000E+00  0.000E+00
  0.000E+00  0.000E+00  0.000E+00  0.000E+00  0.000E+00  0.000E+00  0.000E+00  0.000E+00  0.000E+00  0.000E+00
  0.000E+00  0.000E+00  0.000E+00  0.000E+00  0.000E+00  0.000E+00  0.000E+00  0.000E+00  0.000E+00  0.000E+00
  0.000E+00  0.000E+00  0.000E+00  0.000E+00  0.000E+00  0.000E+00  0.000E+00  0.000E+00  0.000E+00  0.000E+00
  0.000E+00  0.000E+00  0.000E+00  0.000E+00  0.000E+00  0.000E+00  0.000E+00  0.000E+00  0.000E+00  0.000E+00
  0.000E+00  0.000E+00  0.000E+00  0.000E+00  0.000E+00  0.000E+00  0.000E+00  0.000E+00  0.000E+00  0.000E+00
  0.000E+00  0.000E+00  0.000E+00  0.000E+00  0.000E+00  0.000E+00  0.000E+00  0.000E+00  0.000E+00  0.000E+00
  3.716E+04  0.000E+00  0.000E+00  0.000E+00  0.000E+00  1.079E+04  2.643E+04  0.000E+00  0.000E+00  0.000E+00
  0.000E+00  0.000E+00  0.000E+00  0.000E+00  0.000E+00  0.000E+00  3.815E+04  0.000E+00  0.000E+00  0.000E+00
  0.000E+00  0.000E+00  0.000E+00  3.982E+04  3.962E+04  0.000E+00  0.000E+00  0.000E+00  0.000E+00  0.000E+00
  0.000E+00  0.000E+00  0.000E+00  0.000E+00  0.000E+00  3.151E+03  0.000E+00  0.000E+00  0.000E+00  0.000E+00
  0.000E+00  0.000E+00  0.000E+00  0.000E+00  0.000E+00  0.000E+00  0.000E+00  0.000E+00  0.000E+00  0.000E+00
  0.000E+00  0.000E+00  0.000E+00  0.000E+00  0.000E+00  0.000E+00  0.000E+00  0.000E+00  0.000E+00  0.000E+00
  0.000E+00  0.000E+00  0.000E+00  0.000E+00  0.000E+00  0.000E+00  0.000E+00  0.000E+00  0.000E+00  0.000E+00
  0.000E+00  0.000E+00  0.000E+00  0.000E+00  0.000E+00  0.000E+00  0.000E+00  0.000E+00  0.000E+00  0.000E+00
  0.000E+00  0.000E+00  0.000E+00  0.000E+00  0.000E+00  0.000E+00  0.000E+00  0.000E+00  0.000E+00  0.000E+00
  0.000E+00  0.000E+00  0.000E+00  0.000E+00  0.000E+00  0.000E+00  0.000E+00  0.000E+00  0.000E+00  0.000E+00
  0.000E+00  0.000E+00  0.000E+00  0.000E+00  0.000E+00  0.000E+00  0.000E+00  0.000E+00  0.000E+00  0.000E+00
  0.000E+00  0.000E+00  0.000E+00  0.000E+00  0.000E+00  0.000E+00  0.000E+00  0.000E+00  0.000E+00  0.000E+00
  0.000E+00  0.000E+00  0.000E+00  0.000E+00  0.000E+00  0.000E+00  0.000E+00  0.000E+00  0.000E+00  0.000E+00
  0.000E+00  0.000E+00  0.000E+00  0.000E+00  3.716E+04  0.000E+00  0.000E+00  0.000E+00  0.000E+00  0.000E+00
  3.722E+04  0.000E+00  0.000E+00  0.000E+00  0.000E+00  0.000E+00  0.000E+00  0.000E+00  0.000E+00  0.000E+00
  3.815E+04  0.000E+00  0.000E+00  0.000E+00  0.000E+00  0.000E+00  0.000E+00  2.714E+04  4.367E+04  8.639E+03
  0.000E+00  0.000E+00  0.000E+00  0.000E+00  0.000E+00  0.000E+00  0.000E+00  0.000E+00  0.000E+00  0.000E+00
  0.000E+00  0.000E+00  0.000E+00  0.000E+00  0.000E+00  0.000E+00  0.000E+00  0.000E+00  0.000E+00  0.000E+00
  0.000E+00  0.000E+00  0.000E+00  0.000E+00  0.000E+00  0.000E+00  0.000E+00  0.000E+00  0.000E+00  0.000E+00
  0.000E+00  0.000E+00  0.000E+00  0.000E+00  0.000E+00  0.000E+00  0.000E+00  0.000E+00  0.000E+00  0.000E+00
  0.000E+00  0.000E+00  0.000E+00  0.000E+00  0.000E+00  0.000E+00  0.000E+00  0.000E+00  0.000E+00  0.000E+00
  0.000E+00  0.000E+00  0.000E+00  0.000E+00  0.000E+00  0.000E+00  0.000E+00  0.000E+00  0.000E+00  0.000E+00
  0.000E+00  0.000E+00  0.000E+00  0.000E+00  0.000E+00  0.000E+00  0.000E+00  0.000E+00  0.000E+00  0.000E+00
  0.000E+00  0.000E+00  0.000E+00  0.000E+00  0.000E+00  0.000E+00  0.000E+00  0.000E+00  0.000E+00  0.000E+00
  0.000E+00  0.000E+00  0.000E+00  0.000E+00  0.000E+00  0.000E+00  0.000E+00  0.000E+00  0.000E+00  0.000E+00
  0.000E+00  0.000E+00  0.000E+00  0.000E+00  0.000E+00  0.000E+00  0.000E+00  0.000E+00  0.000E+00  0.000E+00
  0.000E+00  0.000E+00  0.000E+00  0.000E+00  0.000E+00  0.000E+00  0.000E+00  0.000E+00  2.168E+04  0.000E+00
  0.000E+00  0.000E+00  0.000E+00  0.000E+00  3.722E+04  0.000E+00  0.000E+00  0.000E+00  0.000E+00  0.000E+00
  0.000E+00  0.000E+00  0.000E+00  0.000E+00  2.906E+04  0.000E+00  0.000E+00  0.000E+00  0.000E+00  0.000E+00
  0.000E+00  0.000E+00  3.982E+04  3.962E+04  0.000E+00  0.000E+00  0.000E+00  0.000E+00  0.000E+00  0.000E+00
  0.000E+00  0.000E+00  0.000E+00  0.000E+00  0.000E+00  0.000E+00  0.000E+00  0.000E+00  0.000E+00  0.000E+00
  0.000E+00  0.000E+00  0.000E+00  3.463E+04  0.000E+00  0.000E+00  0.000E+00  0.000E+00  0.000E+00  0.000E+00
  0.000E+00  0.000E+00  0.000E+00  0.000E+00  0.000E+00  0.000E+00  0.000E+00  0.000E+00  0.000E+00  0.000E+00
  0.000E+00  0.000E+00  0.000E+00  0.000E+00  0.000E+00  0.000E+00  0.000E+00  0.000E+00  0.000E+00  0.000E+00
  0.000E+00  0.000E+00  0.000E+00  0.000E+00  0.000E+00  0.000E+00  0.000E+00  0.000E+00  0.000E+00  0.000E+00
  0.000E+00  0.000E+00  0.000E+00  0.000E+00  0.000E+00  0.000E+00  0.000E+00  0.000E+00  0.000E+00  0.000E+00
  0.000E+00  0.000E+00  0.000E+00  0.000E+00  0.000E+00  0.000E+00  0.000E+00  0.000E+00  0.000E+00  0.000E+00
  0.000E+00  0.000E+00  0.000E+00  0.000E+00  0.000E+00  0.000E+00  0.000E+00  0.000E+00  0.000E+00  0.000E+00
  0.000E+00  0.000E+00  0.000E+00  0.000E+00  0.000E+00  0.000E+00  0.000E+00  0.000E+00  0.000E+00  0.000E+00
  0.000E+00  0.000E+00  0.000E+00  0.000E+00  0.000E+00  0.000E+00  0.000E+00  0.000E+00  0.000E+00  0.000E+00
  0.000E+00  0.000E+00  0.000E+00  0.000E+00  0.000E+00  0.000E+00  0.000E+00  0.000E+00  3.722E+04  0.000E+00
  0.000E+00  0.000E+00  0.000E+00  0.000E+00  0.000E+00  0.000E+00  0.000E+00  0.000E+00  0.000E+00  0.000E+00
  0.000E+00  0.000E+00  0.000E+00  0.000E+00  0.000E+00  0.000E+00  3.982E+04  2.404E+04  0.000E+00  0.000E+00
  0.000E+00  0.000E+00  0.000E+00  0.000E+00  0.000E+00  0.000E+00  0.000E+00  0.000E+00  0.000E+00  0.000E+00
  0.000E+00  0.000E+00  0.000E+00  0.000E+00  0.000E+00  0.000E+00  0.000E+00  2.890E+04  1.619E+04  0.000E+00
  0.000E+00  0.000E+00  0.000E+00  0.000E+00  0.000E+00  0.000E+00  2.518E+03  4.041E+04  0.000E+00  0.000E+00
  0.000E+00  0.000E+00  0.000E+00  0.000E+00  0.000E+00  0.000E+00  0.000E+00  0.000E+00  0.000E+00  0.000E+00
  0.000E+00  0.000E+00  0.000E+00  0.000E+00  0.000E+00  0.000E+00  0.000E+00  0.000E+00  0.000E+00  0.000E+00
  0.000E+00  0.000E+00  0.000E+00  0.000E+00  0.000E+00  0.000E+00  0.000E+00  0.000E+00  0.000E+00  0.000E+00
  0.000E+00  0.000E+00  0.000E+00  0.000E+00  0.000E+00  0.000E+00  0.000E+00  0.000E+00  0.000E+00  0.000E+00
  0.000E+00  0.000E+00  0.000E+00  0.000E+00  0.000E+00  0.000E+00  0.000E+00  0.000E+00  0.000E+00  0.000E+00
  0.000E+00  0.000E+00  0.000E+00  0.000E+00  0.000E+00  0.000E+00  0.000E+00  0.000E+00  0.000E+00  0.000E+00
  0.000E+00  0.000E+00  0.000E+00  0.000E+00  0.000E+00  0.000E+00  0.000E+00  0.000E+00  0.000E+00  0.000E+00
  0.000E+00  0.000E+00  0.000E+00  0.000E+00  0.000E+00  0.000E+00  0.000E+00  0.000E+00  0.000E+00  0.000E+00
  0.000E+00  0.000E+00  3.029E+04  0.000E+00  0.000E+00  0.000E+00  0.000E+00  0.000E+00  0.000E+00  0.000E+00
  0.000E+00  0.000E+00  0.000E+00  0.000E+00  0.000E+00  0.000E+00  0.000E+00  0.000E+00  0.000E+00  0.000E+00
  6.378E+03  3.344E+04  0.000E+00  0.000E+00  0.000E+00  0.000E+00  0.000E+00  0.000E+00  0.000E+00  0.000E+00
  0.000E+00  0.000E+00  0.000E+00  0.000E+00  0.000E+00  0.000E+00  0.000E+00  0.000E+00  0.000E+00  0.000E+00
  0.000E+00  0.000E+00  4.508E+04  0.000E+00  0.000E+00  0.000E+00  0.000E+00  0.000E+00  0.000E+00  0.000E+00
  0.000E+00  1.638E+04  3.235E+04  0.000E+00  0.000E+00  0.000E+00  0.000E+00  0.000E+00  0.000E+00  0.000E+00
  0.000E+00  0.000E+00  0.000E+00  0.000E+00  0.000E+00  0.000E+00  0.000E+00  0.000E+00  0.000E+00  0.000E+00
  0.000E+00  0.000E+00  0.000E+00  0.000E+00  0.000E+00  0.000E+00  0.000E+00  0.000E+00  0.000E+00  0.000E+00
  0.000E+00  0.000E+00  0.000E+00  0.000E+00  0.000E+00  0.000E+00  0.000E+00  0.000E+00  0.000E+00  0.000E+00
  0.000E+00  0.000E+00  0.000E+00  0.000E+00  0.000E+00  0.000E+00  0.000E+00  0.000E+00  0.000E+00  0.000E+00
  0.000E+00  0.000E+00  0.000E+00  0.000E+00  0.000E+00  0.000E+00  0.000E+00  0.000E+00  0.000E+00  0.000E+00
  0.000E+00  0.000E+00  0.000E+00  0.000E+00  0.000E+00  0.000E+00  0.000E+00  0.000E+00  0.000E+00  0.000E+00
  0.000E+00  0.000E+00  0.000E+00  0.000E+00  0.000E+00  0.000E+00  0.000E+00  0.000E+00  0.000E+00  0.000E+00
  0.000E+00  0.000E+00  0.000E+00  0.000E+00  0.000E+00  0.000E+00  0.000E+00  0.000E+00  0.000E+00  0.000E+00
  0.000E+00  0.000E+00  0.000E+00  0.000E+00  0.000E+00  0.000E+00  0.000E+00  0.000E+00  0.000E+00  0.000E+00
  0.000E+00  0.000E+00  0.000E+00  0.000E+00  0.000E+00  3.982E+04  0.000E+00  0.000E+00  0.000E+00  0.000E+00
  0.000E+00  0.000E+00  0.000E+00  0.000E+00  0.000E+00  0.000E+00  0.000E+00  0.000E+00  0.000E+00  0.000E+00
  0.000E+00  0.000E+00  0.000E+00  0.000E+00  0.000E+00  0.000E+00  2.875E+03  4.221E+04  0.000E+00  0.000E+00
  0.000E+00  0.000E+00  0.000E+00  0.000E+00  0.000E+00  0.000E+00  2.444E+04  2.430E+04  0.000E+00  0.000E+00
  0.000E+00  0.000E+00  0.000E+00  0.000E+00  0.000E+00  0.000E+00

#------------------------------------------------------------------------------
# gshow
#------------------------------------------------------------------------------

p: legs[c5*0.875]

hb:   line clip z  
frame:
 -6.6699836E+00 -6.6699688E+00
  6.7300164E+00 -6.6699688E+00
  6.7300164E+00  6.7300312E+00
 -6.6699836E+00  6.7300312E+00
clip:
 -6.76924272E+00 -6.76922783E+00
  6.82927580E+00 -6.76922783E+00
  6.82927580E+00 -6.66774635E+00
  6.82927580E+00 -6.56626486E+00
  6.82927580E+00 -6.46478338E+00
  6.82927580E+00 -6.36330190E+00
  6.82927580E+00 -6.26182042E+00
  6.82927580E+00 -6.16033894E+00
  6.82927580E+00 -6.05885746E+00
  6.82927580E+00 -5.95737598E+00
  6.82927580E+00 -5.85589449E+00
  6.82927580E+00 -5.75441301E+00
  6.82927580E+00 -5.65293153E+00
  6.82927580E+00 -5.55145005E+00
  6.82927580E+00 -5.44996857E+00
  6.82927580E+00 -5.34848709E+00
  6.82927580E+00 -5.24700560E+00
  6.82927580E+00 -5.14552412E+00
  6.82927580E+00 -5.04404264E+00
  6.82927580E+00 -4.94256116E+00
  6.82927580E+00 -4.84107968E+00
  6.82927580E+00 -4.73959820E+00
  6.82927580E+00 -4.63811672E+00
  6.82927580E+00 -4.53663523E+00
  6.82927580E+00 -4.43515375E+00
  6.82927580E+00 -4.33367227E+00
  6.82927580E+00 -4.23219079E+00
  6.82927580E+00 -4.13070931E+00
  6.82927580E+00 -4.02922783E+00
  6.82927580E+00 -3.92774635E+00
  6.82927580E+00 -3.82626486E+00
  6.82927580E+00 -3.72478338E+00
  6.82927580E+00 -3.62330190E+00
  6.82927580E+00 -3.52182042E+00
  6.82927580E+00 -3.42033894E+00
  6.82927580E+00 -3.31885746E+00
  6.82927580E+00 -3.21737598E+00
  6.82927580E+00 -3.11589449E+00
  6.82927580E+00 -3.01441301E+00
  6.82927580E+00 -2.91293153E+00
  6.82927580E+00 -2.81145005E+00
  6.82927580E+00 -2.70996857E+00
  6.82927580E+00 -2.60848709E+00
  6.82927580E+00 -2.50700560E+00
  6.82927580E+00 -2.40552412E+00
  6.82927580E+00 -2.30404264E+00
  6.82927580E+00 -2.20256116E+00
  6.82927580E+00 -2.10107968E+00
  6.82927580E+00 -1.99959820E+00
  6.82927580E+00 -1.89811672E+00
  6.82927580E+00 -1.79663523E+00
  6.82927580E+00 -1.69515375E+00
  6.82927580E+00 -1.59367227E+00
  6.82927580E+00 -1.49219079E+00
  6.82927580E+00 -1.39070931E+00
  6.82927580E+00 -1.28922783E+00
  6.82927580E+00 -1.18774635E+00
  6.82927580E+00 -1.08626486E+00
  6.82927580E+00 -9.84783383E-01
  6.82927580E+00 -8.83301901E-01
  6.82927580E+00 -7.81820420E-01
  6.82927580E+00 -6.80338938E-01
  6.82927580E+00 -5.78857457E-01
  6.82927580E+00 -4.77375975E-01
  6.82927580E+00 -3.75894494E-01
  6.82927580E+00 -2.74413012E-01
  6.82927580E+00 -1.72931531E-01
  6.82927580E+00 -7.14500494E-02
  6.82927580E+00  3.00314321E-02
  6.82927580E+00  1.31512914E-01
  6.82927580E+00  2.32994395E-01
  6.82927580E+00  3.34475877E-01
  6.82927580E+00  4.35957358E-01
  6.82927580E+00  5.37438840E-01
  6.82927580E+00  6.38920321E-01
  6.82927580E+00  7.40401802E-01
  6.82927580E+00  8.41883284E-01
  6.82927580E+00  9.43364765E-01
  6.82927580E+00  1.04484625E+00
  6.82927580E+00  1.14632773E+00
  6.82927580E+00  1.24780921E+00
  6.82927580E+00  1.34929069E+00
  6.82927580E+00  1.45077217E+00
  6.82927580E+00  1.55225365E+00
  6.82927580E+00  1.65373514E+00
  6.82927580E+00  1.75521662E+00
  6.82927580E+00  1.85669810E+00
  6.82927580E+00  1.95817958E+00
  6.82927580E+00  2.05966106E+00
  6.82927580E+00  2.16114254E+00
  6.82927580E+00  2.26262402E+00
  6.82927580E+00  2.36410551E+00
  6.82927580E+00  2.46558699E+00
  6.82927580E+00  2.56706847E+00
  6.82927580E+00  2.66854995E+00
  6.82927580E+00  2.77003143E+00
  6.82927580E+00  2.87151291E+00
  6.82927580E+00  2.97299440E+00
  6.82927580E+00  3.07447588E+00
  6.82927580E+00  3.17595736E+00
  6.82927580E+00  3.27743884E+00
  6.82927580E+00  3.37892032E+00
  6.82927580E+00  3.48040180E+00
  6.82927580E+00  3.58188328E+00
  6.82927580E+00  3.68336477E+00
  6.82927580E+00  3.78484625E+00
  6.82927580E+00  3.88632773E+00
  6.82927580E+00  3.98780921E+00
  6.82927580E+00  4.08929069E+00
  6.82927580E+00  4.19077217E+00
  6.82927580E+00  4.29225365E+00
  6.82927580E+00  4.39373514E+00
  6.82927580E+00  4.49521662E+00
  6.82927580E+00  4.59669810E+00
  6.82927580E+00  4.69817958E+00
  6.82927580E+00  4.79966106E+00
  6.82927580E+00  4.90114254E+00
  6.82927580E+00  5.00262402E+00
  6.82927580E+00  5.10410551E+00
  6.82927580E+00  5.20558699E+00
  6.82927580E+00  5.30706847E+00
  6.82927580E+00  5.40854995E+00
  6.82927580E+00  5.51003143E+00
  6.82927580E+00  5.61151291E+00
  6.82927580E+00  5.71299440E+00
  6.82927580E+00  5.81447588E+00
  6.82927580E+00  5.91595736E+00
  6.82927580E+00  6.01743884E+00
  6.82927580E+00  6.11892032E+00
  6.82927580E+00  6.22040180E+00
  6.82927580E+00  6.32188328E+00
  6.82927580E+00  6.42336477E+00
  6.82927580E+00  6.52484625E+00
  6.82927580E+00  6.62632773E+00
  6.82927580E+00  6.72780921E+00
  6.82927580E+00  6.82929069E+00
  6.72779432E+00  6.82929069E+00
  6.62631284E+00  6.82929069E+00
  6.52483136E+00  6.82929069E+00
  6.42334988E+00  6.82929069E+00
  6.32186840E+00  6.82929069E+00
  6.22038691E+00  6.82929069E+00
  6.11890543E+00  6.82929069E+00
  6.01742395E+00  6.82929069E+00
  5.91594247E+00  6.82929069E+00
  5.81446099E+00  6.82929069E+00
  5.71297951E+00  6.82929069E+00
  5.61149802E+00  6.82929069E+00
  5.51001654E+00  6.82929069E+00
  5.40853506E+00  6.82929069E+00
  5.30705358E+00  6.82929069E+00
  5.20557210E+00  6.82929069E+00
  5.10409062E+00  6.82929069E+00
  5.00260914E+00  6.82929069E+00
  4.90112765E+00  6.82929069E+00
  4.79964617E+00  6.82929069E+00
  4.69816469E+00  6.82929069E+00
  4.59668321E+00  6.82929069E+00
  4.49520173E+00  6.82929069E+00
  4.39372025E+00  6.82929069E+00
  4.29223877E+00  6.82929069E+00
  4.19075728E+00  6.82929069E+00
  4.08927580E+00  6.82929069E+00
  3.98779432E+00  6.82929069E+00
  3.88631284E+00  6.82929069E+00
  3.78483136E+00  6.82929069E+00
  3.68334988E+00  6.82929069E+00
  3.58186840E+00  6.82929069E+00
  3.48038691E+00  6.82929069E+00
  3.37890543E+00  6.82929069E+00
  3.27742395E+00  6.82929069E+00
  3.17594247E+00  6.82929069E+00
  3.07446099E+00  6.82929069E+00
  2.97297951E+00  6.82929069E+00
  2.87149802E+00  6.82929069E+00
  2.77001654E+00  6.82929069E+00
  2.66853506E+00  6.82929069E+00
  2.56705358E+00  6.82929069E+00
  2.46557210E+00  6.82929069E+00
  2.36409062E+00  6.82929069E+00
  2.26260914E+00  6.82929069E+00
  2.16112765E+00  6.82929069E+00
  2.05964617E+00  6.82929069E+00
  1.95816469E+00  6.82929069E+00
  1.85668321E+00  6.82929069E+00
  1.75520173E+00  6.82929069E+00
  1.65372025E+00  6.82929069E+00
  1.55223877E+00  6.82929069E+00
  1.45075728E+00  6.82929069E+00
  1.34927580E+00  6.82929069E+00
  1.24779432E+00  6.82929069E+00
  1.14631284E+00  6.82929069E+00
  1.04483136E+00  6.82929069E+00
  9.43349877E-01  6.82929069E+00
  8.41868395E-01  6.82929069E+00
  7.40386914E-01  6.82929069E+00
  6.38905432E-01  6.82929069E+00
  5.37423951E-01  6.82929069E+00
  4.35942469E-01  6.82929069E+00
  3.34460988E-01  6.82929069E+00
  2.32979506E-01  6.82929069E+00
  1.31498025E-01  6.82929069E+00
  3.00165432E-02  6.82929069E+00
 -7.14649383E-02  6.82929069E+00
 -1.72946420E-01  6.82929069E+00
 -2.74427901E-01  6.82929069E+00
 -3.75909383E-01  6.82929069E+00
 -4.77390864E-01  6.82929069E+00
 -5.78872346E-01  6.82929069E+00
 -6.80353827E-01  6.82929069E+00
 -7.81835309E-01  6.82929069E+00
 -8.83316790E-01  6.82929069E+00
 -9.84798272E-01  6.82929069E+00
 -1.08627975E+00  6.82929069E+00
 -1.18776123E+00  6.82929069E+00
 -1.28924272E+00  6.82929069E+00
 -1.39072420E+00  6.82929069E+00
 -1.49220568E+00  6.82929069E+00
 -1.59368716E+00  6.82929069E+00
 -1.69516864E+00  6.82929069E+00
 -1.79665012E+00  6.82929069E+00
 -1.89813160E+00  6.82929069E+00
 -1.99961309E+00  6.82929069E+00
 -2.10109457E+00  6.82929069E+00
 -2.20257605E+00  6.82929069E+00
 -2.30405753E+00  6.82929069E+00
 -2.40553901E+00  6.82929069E+00
 -2.50702049E+00  6.82929069E+00
 -2.60850198E+00  6.82929069E+00
 -2.70998346E+00  6.82929069E+00
 -2.81146494E+00  6.82929069E+00
 -2.91294642E+00  6.82929069E+00
 -3.01442790E+00  6.82929069E+00
 -3.11590938E+00  6.82929069E+00
 -3.21739086E+00  6.82929069E+00
 -3.31887235E+00  6.82929069E+00
 -3.42035383E+00  6.82929069E+00
 -3.52183531E+00  6.82929069E+00
 -3.62331679E+00  6.82929069E+00
 -3.72479827E+00  6.82929069E+00
 -3.82627975E+00  6.82929069E+00
 -3.92776123E+00  6.82929069E+00
 -4.02924272E+00  6.82929069E+00
 -4.13072420E+00  6.82929069E+00
 -4.23220568E+00  6.82929069E+00
 -4.33368716E+00  6.82929069E+00
 -4.43516864E+00  6.82929069E+00
 -4.53665012E+00  6.82929069E+00
 -4.63813160E+00  6.82929069E+00
 -4.73961309E+00  6.82929069E+00
 -4.84109457E+00  6.82929069E+00
 -4.94257605E+00  6.82929069E+00
 -5.04405753E+00  6.82929069E+00
 -5.14553901E+00  6.82929069E+00
 -5.24702049E+00  6.82929069E+00
 -5.34850198E+00  6.82929069E+00
 -5.44998346E+00  6.82929069E+00
 -5.55146494E+00  6.82929069E+00
 -5.65294642E+00  6.82929069E+00
 -5.75442790E+00  6.82929069E+00
 -5.85590938E+00  6.82929069E+00
 -5.95739086E+00  6.82929069E+00
 -6.05887235E+00  6.82929069E+00
 -6.16035383E+00  6.82929069E+00
 -6.26183531E+00  6.82929069E+00
 -6.36331679E+00  6.82929069E+00
 -6.46479827E+00  6.82929069E+00
 -6.56627975E+00  6.82929069E+00
 -6.66776123E+00  6.82929069E+00
 -6.76924272E+00  6.82929069E+00
 -6.76924272E+00  6.72780921E+00
 -6.76924272E+00  6.62632773E+00
 -6.76924272E+00  6.52484625E+00
 -6.76924272E+00  6.42336477E+00
 -6.76924272E+00  6.32188328E+00
 -6.76924272E+00  6.22040180E+00
 -6.76924272E+00  6.11892032E+00
 -6.76924272E+00  6.01743884E+00
 -6.76924272E+00  5.91595736E+00
 -6.76924272E+00  5.81447588E+00
 -6.76924272E+00  5.71299440E+00
 -6.76924272E+00  5.61151291E+00
 -6.76924272E+00  5.51003143E+00
 -6.76924272E+00  5.40854995E+00
 -6.76924272E+00  5.30706847E+00
 -6.76924272E+00  5.20558699E+00
 -6.76924272E+00  5.10410551E+00
 -6.76924272E+00  5.00262402E+00
 -6.76924272E+00  4.90114254E+00
 -6.76924272E+00  4.79966106E+00
 -6.76924272E+00  4.69817958E+00
 -6.76924272E+00  4.59669810E+00
 -6.76924272E+00  4.49521662E+00
 -6.76924272E+00  4.39373514E+00
 -6.76924272E+00  4.29225365E+00
 -6.76924272E+00  4.19077217E+00
 -6.76924272E+00  4.08929069E+00
 -6.76924272E+00  3.98780921E+00
 -6.76924272E+00  3.88632773E+00
 -6.76924272E+00  3.78484625E+00
 -6.76924272E+00  3.68336477E+00
 -6.76924272E+00  3.58188328E+00
 -6.76924272E+00  3.48040180E+00
 -6.76924272E+00  3.37892032E+00
 -6.76924272E+00  3.27743884E+00
 -6.76924272E+00  3.17595736E+00
 -6.76924272E+00  3.07447588E+00
 -6.76924272E+00  2.97299440E+00
 -6.76924272E+00  2.87151291E+00
 -6.76924272E+00  2.77003143E+00
 -6.76924272E+00  2.66854995E+00
 -6.76924272E+00  2.56706847E+00
 -6.76924272E+00  2.46558699E+00
 -6.76924272E+00  2.36410551E+00
 -6.76924272E+00  2.26262402E+00
 -6.76924272E+00  2.16114254E+00
 -6.76924272E+00  2.05966106E+00
 -6.76924272E+00  1.95817958E+00
 -6.76924272E+00  1.85669810E+00
 -6.76924272E+00  1.75521662E+00
 -6.76924272E+00  1.65373514E+00
 -6.76924272E+00  1.55225365E+00
 -6.76924272E+00  1.45077217E+00
 -6.76924272E+00  1.34929069E+00
 -6.76924272E+00  1.24780921E+00
 -6.76924272E+00  1.14632773E+00
 -6.76924272E+00  1.04484625E+00
 -6.76924272E+00  9.43364765E-01
 -6.76924272E+00  8.41883284E-01
 -6.76924272E+00  7.40401802E-01
 -6.76924272E+00  6.38920321E-01
 -6.76924272E+00  5.37438840E-01
 -6.76924272E+00  4.35957358E-01
 -6.76924272E+00  3.34475877E-01
 -6.76924272E+00  2.32994395E-01
 -6.76924272E+00  1.31512914E-01
 -6.76924272E+00  3.00314321E-02
 -6.76924272E+00 -7.14500494E-02
 -6.76924272E+00 -1.72931531E-01
 -6.76924272E+00 -2.74413012E-01
 -6.76924272E+00 -3.75894494E-01
 -6.76924272E+00 -4.77375975E-01
 -6.76924272E+00 -5.78857457E-01
 -6.76924272E+00 -6.80338938E-01
 -6.76924272E+00 -7.81820420E-01
 -6.76924272E+00 -8.83301901E-01
 -6.76924272E+00 -9.84783383E-01
 -6.76924272E+00 -1.08626486E+00
 -6.76924272E+00 -1.18774635E+00
 -6.76924272E+00 -1.28922783E+00
 -6.76924272E+00 -1.39070931E+00
 -6.76924272E+00 -1.49219079E+00
 -6.76924272E+00 -1.59367227E+00
 -6.76924272E+00 -1.69515375E+00
 -6.76924272E+00 -1.79663523E+00
 -6.76924272E+00 -1.89811672E+00
 -6.76924272E+00 -1.99959820E+00
 -6.76924272E+00 -2.10107968E+00
 -6.76924272E+00 -2.20256116E+00
 -6.76924272E+00 -2.30404264E+00
 -6.76924272E+00 -2.40552412E+00
 -6.76924272E+00 -2.50700560E+00
 -6.76924272E+00 -2.60848709E+00
 -6.76924272E+00 -2.70996857E+00
 -6.76924272E+00 -2.81145005E+00
 -6.76924272E+00 -2.91293153E+00
 -6.76924272E+00 -3.01441301E+00
 -6.76924272E+00 -3.11589449E+00
 -6.76924272E+00 -3.21737598E+00
 -6.76924272E+00 -3.31885746E+00
 -6.76924272E+00 -3.42033894E+00
 -6.76924272E+00 -3.52182042E+00
 -6.76924272E+00 -3.62330190E+00
 -6.76924272E+00 -3.72478338E+00
 -6.76924272E+00 -3.82626486E+00
 -6.76924272E+00 -3.92774635E+00
 -6.76924272E+00 -4.02922783E+00
 -6.76924272E+00 -4.13070931E+00
 -6.76924272E+00 -4.23219079E+00
 -6.76924272E+00 -4.33367227E+00
 -6.76924272E+00 -4.43515375E+00
 -6.76924272E+00 -4.53663523E+00
 -6.76924272E+00 -4.63811672E+00
 -6.76924272E+00 -4.73959820E+00
 -6.76924272E+00 -4.84107968E+00
 -6.76924272E+00 -4.94256116E+00
 -6.76924272E+00 -5.04404264E+00
 -6.76924272E+00 -5.14552412E+00
 -6.76924272E+00 -5.24700560E+00
 -6.76924272E+00 -5.34848709E+00
 -6.76924272E+00 -5.44996857E+00
 -6.76924272E+00 -5.55145005E+00
 -6.76924272E+00 -5.65293153E+00
 -6.76924272E+00 -5.75441301E+00
 -6.76924272E+00 -5.85589449E+00
 -6.76924272E+00 -5.95737598E+00
 -6.76924272E+00 -6.05885746E+00
 -6.76924272E+00 -6.16033894E+00
 -6.76924272E+00 -6.26182042E+00
 -6.76924272E+00 -6.36330190E+00
 -6.76924272E+00 -6.46478338E+00
 -6.76924272E+00 -6.56626486E+00
 -6.76924272E+00 -6.66774635E+00
 -6.76924272E+00 -6.76922783E+00

#------------------------------------------------------------------------------
z: xorg(1.03)
p: xfac[c2*0.05] form[c1/0.05] notc noxt noyt dmin(1)
p: ymin(0) ymax(1) xmin(0) xmax(1) cmin(1) cmax(100) nosp
hc: y= 0.005 to 0.995 by 0.01 ; x= 0.5 to 0.5 by 1 ;
 1  2  3  4  5  6  7  8  9 10 11 12 13 14 15 16 17 18 19 20
21 22 23 24 25 26 27 28 29 30 31 32 33 34 35 36 37 38 39 40
41 42 43 44 45 46 47 48 49 50 51 52 53 54 55 56 57 58 59 60
61 62 63 64 65 66 67 68 69 70 71 72 73 74 75 76 77 78 79 80
81 82 83 84 85 86 87 88 89 90 91 92 93 94 95 96 97 98 99 100
z: xorg(0.0)
p: xfac[c2*0.05] form[c1/0.05] nosp afac[c5*0.625] ymin[c3] ymax[c4]
p: noxt noxn ytxt(-1) ynum(-1) xltd(-1) xstd(-1) itic(1) ylog
y: Flux [1/cm^2/source]              
#------------------------------------------------------------------------------

wt: s[c5]
\vspace{-3}
  emin  &=&   0.0000E+00 [MeV]
  emax  &=&   1.0000E+03 [MeV]
  zmin  &=&   1.0500E+00 [cm]
  zmax  &=&   1.1500E+00 [cm]
  part. &=& proton  
e:

#------------------------------------------------------------------------------
z: xorg[-1.03/0.05]
p: form[c1] xfac[c2] afac[c5] nosp notf
p: xmin( -6.670000    ) xmax(  6.730000    )
p: ymin( -6.670000    ) ymax(  6.730000    )
 
# Information for Restart Calculation
# This calculation was newly started
# istdev =  2 # 1:Batch variance, 2:History variance
# resc2  = 2.72370089897689240E-03 # Total source weight or Total source weight / maxcas
# resc3  = 1.70000000000000000E+07 # Total history number or Total batch number
# maxcas =      100000 # History / Batch, only used for istdev=1
# bitrseed = 0001111000111111000110001111100101010111010001100111100010000011 # bit data of rseed
