[ T-Track ]
    title = Para ver que energia llega al pouch
     mesh =  xyz            # mesh type is xyz scoring mesh
   x-type =    2            # x-mesh is linear given by xmin, xmax and nx
     xmin =  -6.000000      # minimum value of x-mesh points
     xmax =   6.000000      # maximum value of x-mesh points
#    xdel =  0.1200000      # mesh width of x-mesh points
       nx =    100          # number of x-mesh points
#    data = ( x(i), i = 1, nx + 1 )
#          -6.00000E+00 -5.88000E+00 -5.76000E+00 -5.64000E+00 -5.52000E+00
#          -5.40000E+00 -5.28000E+00 -5.16000E+00 -5.04000E+00 -4.92000E+00
#          -4.80000E+00 -4.68000E+00 -4.56000E+00 -4.44000E+00 -4.32000E+00
#          -4.20000E+00 -4.08000E+00 -3.96000E+00 -3.84000E+00 -3.72000E+00
#          -3.60000E+00 -3.48000E+00 -3.36000E+00 -3.24000E+00 -3.12000E+00
#          -3.00000E+00 -2.88000E+00 -2.76000E+00 -2.64000E+00 -2.52000E+00
#          -2.40000E+00 -2.28000E+00 -2.16000E+00 -2.04000E+00 -1.92000E+00
#          -1.80000E+00 -1.68000E+00 -1.56000E+00 -1.44000E+00 -1.32000E+00
#          -1.20000E+00 -1.08000E+00 -9.60000E-01 -8.40000E-01 -7.20000E-01
#          -6.00000E-01 -4.80000E-01 -3.60000E-01 -2.40000E-01 -1.20000E-01
#           0.00000E+00  1.20000E-01  2.40000E-01  3.60000E-01  4.80000E-01
#           6.00000E-01  7.20000E-01  8.40000E-01  9.60000E-01  1.08000E+00
#           1.20000E+00  1.32000E+00  1.44000E+00  1.56000E+00  1.68000E+00
#           1.80000E+00  1.92000E+00  2.04000E+00  2.16000E+00  2.28000E+00
#           2.40000E+00  2.52000E+00  2.64000E+00  2.76000E+00  2.88000E+00
#           3.00000E+00  3.12000E+00  3.24000E+00  3.36000E+00  3.48000E+00
#           3.60000E+00  3.72000E+00  3.84000E+00  3.96000E+00  4.08000E+00
#           4.20000E+00  4.32000E+00  4.44000E+00  4.56000E+00  4.68000E+00
#           4.80000E+00  4.92000E+00  5.04000E+00  5.16000E+00  5.28000E+00
#           5.40000E+00  5.52000E+00  5.64000E+00  5.76000E+00  5.88000E+00
#           6.00000E+00
   y-type =    2            # y-mesh is linear given by ymin, ymax and ny
     ymin =  -6.000000      # minimum value of y-mesh points
     ymax =   6.000000      # maximum value of y-mesh points
#    ydel =  0.1200000      # mesh width of y-mesh points
       ny =    100          # number of y-mesh points
#    data = ( y(i), i = 1, ny + 1 )
#          -6.00000E+00 -5.88000E+00 -5.76000E+00 -5.64000E+00 -5.52000E+00
#          -5.40000E+00 -5.28000E+00 -5.16000E+00 -5.04000E+00 -4.92000E+00
#          -4.80000E+00 -4.68000E+00 -4.56000E+00 -4.44000E+00 -4.32000E+00
#          -4.20000E+00 -4.08000E+00 -3.96000E+00 -3.84000E+00 -3.72000E+00
#          -3.60000E+00 -3.48000E+00 -3.36000E+00 -3.24000E+00 -3.12000E+00
#          -3.00000E+00 -2.88000E+00 -2.76000E+00 -2.64000E+00 -2.52000E+00
#          -2.40000E+00 -2.28000E+00 -2.16000E+00 -2.04000E+00 -1.92000E+00
#          -1.80000E+00 -1.68000E+00 -1.56000E+00 -1.44000E+00 -1.32000E+00
#          -1.20000E+00 -1.08000E+00 -9.60000E-01 -8.40000E-01 -7.20000E-01
#          -6.00000E-01 -4.80000E-01 -3.60000E-01 -2.40000E-01 -1.20000E-01
#           0.00000E+00  1.20000E-01  2.40000E-01  3.60000E-01  4.80000E-01
#           6.00000E-01  7.20000E-01  8.40000E-01  9.60000E-01  1.08000E+00
#           1.20000E+00  1.32000E+00  1.44000E+00  1.56000E+00  1.68000E+00
#           1.80000E+00  1.92000E+00  2.04000E+00  2.16000E+00  2.28000E+00
#           2.40000E+00  2.52000E+00  2.64000E+00  2.76000E+00  2.88000E+00
#           3.00000E+00  3.12000E+00  3.24000E+00  3.36000E+00  3.48000E+00
#           3.60000E+00  3.72000E+00  3.84000E+00  3.96000E+00  4.08000E+00
#           4.20000E+00  4.32000E+00  4.44000E+00  4.56000E+00  4.68000E+00
#           4.80000E+00  4.92000E+00  5.04000E+00  5.16000E+00  5.28000E+00
#           5.40000E+00  5.52000E+00  5.64000E+00  5.76000E+00  5.88000E+00
#           6.00000E+00
   z-type =    1            # z-mesh is given by the below data
       nz =      1          # number of z-mesh points
#    data = ( z(i), i = 1, nz + 1 )
            6.05800E+01  6.06300E+01
   e-type =    1            # e-mesh is given by the below data
       ne =      1          # number of e-mesh points
#    data = ( e(i), i = 1, ne + 1 )
            0.00000E+00  2.00000E+01
     unit =    1            # unit is [1/cm^2/source]
 material =  all            # (D=all) number of specific material
  2D-type =    3            # 1:Cont, 2:Clust, 3:Color, 4:xyz, 5:mat, 6:Clust+Cont, 7:Col+Cont
     axis =      xy            # axis of output
     file = track_xy_energy_pouch.out  # file name of output for the above axis
     part =  proton   
# kf/name :  2212     
    gshow =    1            # 0: no 1:bnd, 2:bnd+mat, 3:bnd+reg 4:bnd+lat 5:bmp style
    resol =    1            # (D=1) resolution of gshow or rshow
    width = 0.5000000       # (D=0.5) width of lines for gshow or rshow
   epsout =    1            # (D=0) generate eps file by ANGEL
#    used :        main (  %)        temp (  %)       total (  %)
#  memory :         210 (  0)           0 (  0)         210 (  0)

#------------------------------------------------------------------------------
#newpage:
#   no. =  1   ie  =  1   iz  =  1   part. = proton  
#   e = (   0.0000E+00  -   2.0000E+01  )
#   z = (   6.0580E+01  -   6.0630E+01  )

'no. =  1,  ie =  1,  iz =  1'
msuc: {\huge Para ver que energia llega al pouch}
msdr: {\it plotted by \ANGEL \version}
msdl: {\it calculated by \PHITS  3.35}

x: x [cm]
y: y [cm]
set: c1[ 1.000] c2[ 0.900] c5[ 0.800] c6[ 1.000] c7[ 0.000] c8[ 0.000]
p: h2fs form[c1] xfac[c2] afac[c5] scal[c6] xorg[c7] yorg[c8] nosp
set: c3[1.0e-4] c4[1.0]
p: cmin[c3] cmax[c4]
p: dmin(1e-31)
p: zlog
p: xmin( -6.000000    ) xmax(  6.000000    )
p: ymin( -6.000000    ) ymax(  6.000000    )
#  ny = 100   nx = 100
# ( ( data(x,y), x = 1, nx ), y = ny, 1, -1 )

hc:  y =   5.940000     to  -5.940000     by  0.1200000     ; x =  -5.940000     to   5.940000     by  0.1200000     ;
  0.000E+00  0.000E+00  0.000E+00  0.000E+00  0.000E+00  0.000E+00  0.000E+00  0.000E+00  0.000E+00  0.000E+00
  0.000E+00  0.000E+00  0.000E+00  1.000E+00  0.000E+00  0.000E+00  0.000E+00  0.000E+00  0.000E+00  0.000E+00
  0.000E+00  0.000E+00  0.000E+00  0.000E+00  0.000E+00  1.000E+00  0.000E+00  0.000E+00  0.000E+00  0.000E+00
  0.000E+00  0.000E+00  0.000E+00  0.000E+00  0.000E+00  1.000E+00  0.000E+00  0.000E+00  0.000E+00  0.000E+00
  0.000E+00  0.000E+00  0.000E+00  0.000E+00  0.000E+00  0.000E+00  0.000E+00  0.000E+00  0.000E+00  0.000E+00
  0.000E+00  0.000E+00  0.000E+00  1.000E+00  0.000E+00  0.000E+00  0.000E+00  0.000E+00  0.000E+00  0.000E+00
  0.000E+00  0.000E+00  0.000E+00  0.000E+00  0.000E+00  0.000E+00  1.000E+00  0.000E+00  1.000E+00  0.000E+00
  0.000E+00  0.000E+00  0.000E+00  1.000E+00  1.000E+00  0.000E+00  0.000E+00  0.000E+00  0.000E+00  0.000E+00
  0.000E+00  0.000E+00  0.000E+00  0.000E+00  0.000E+00  0.000E+00  0.000E+00  0.000E+00  0.000E+00  0.000E+00
  0.000E+00  0.000E+00  0.000E+00  0.000E+00  0.000E+00  0.000E+00  0.000E+00  0.000E+00  0.000E+00  0.000E+00
  0.000E+00  0.000E+00  0.000E+00  0.000E+00  0.000E+00  0.000E+00  0.000E+00  0.000E+00  0.000E+00  0.000E+00
  0.000E+00  0.000E+00  0.000E+00  0.000E+00  0.000E+00  0.000E+00  0.000E+00  0.000E+00  0.000E+00  0.000E+00
  0.000E+00  0.000E+00  0.000E+00  0.000E+00  0.000E+00  0.000E+00  0.000E+00  0.000E+00  1.000E+00  1.000E+00
  0.000E+00  0.000E+00  0.000E+00  0.000E+00  0.000E+00  0.000E+00  0.000E+00  0.000E+00  0.000E+00  0.000E+00
  0.000E+00  0.000E+00  0.000E+00  0.000E+00  0.000E+00  0.000E+00  0.000E+00  0.000E+00  0.000E+00  0.000E+00
  0.000E+00  0.000E+00  0.000E+00  0.000E+00  1.000E+00  0.000E+00  0.000E+00  1.000E+00  1.000E+00  1.000E+00
  1.000E+00  0.000E+00  0.000E+00  1.000E+00  0.000E+00  0.000E+00  0.000E+00  0.000E+00  0.000E+00  0.000E+00
  0.000E+00  0.000E+00  0.000E+00  0.000E+00  0.000E+00  1.000E+00  0.000E+00  0.000E+00  0.000E+00  0.000E+00
  0.000E+00  0.000E+00  0.000E+00  0.000E+00  0.000E+00  0.000E+00  0.000E+00  0.000E+00  0.000E+00  0.000E+00
  0.000E+00  0.000E+00  1.000E+00  0.000E+00  0.000E+00  0.000E+00  0.000E+00  0.000E+00  0.000E+00  0.000E+00
  0.000E+00  0.000E+00  0.000E+00  0.000E+00  0.000E+00  0.000E+00  0.000E+00  0.000E+00  0.000E+00  0.000E+00
  0.000E+00  0.000E+00  0.000E+00  0.000E+00  0.000E+00  0.000E+00  0.000E+00  0.000E+00  0.000E+00  0.000E+00
  0.000E+00  0.000E+00  0.000E+00  0.000E+00  0.000E+00  0.000E+00  1.000E+00  0.000E+00  0.000E+00  0.000E+00
  0.000E+00  0.000E+00  0.000E+00  1.000E+00  0.000E+00  0.000E+00  0.000E+00  0.000E+00  0.000E+00  0.000E+00
  0.000E+00  0.000E+00  1.000E+00  1.000E+00  1.000E+00  0.000E+00  0.000E+00  0.000E+00  0.000E+00  0.000E+00
  0.000E+00  0.000E+00  0.000E+00  0.000E+00  0.000E+00  0.000E+00  0.000E+00  0.000E+00  1.000E+00  0.000E+00
  1.000E+00  0.000E+00  0.000E+00  0.000E+00  0.000E+00  0.000E+00  1.000E+00  0.000E+00  1.000E+00  0.000E+00
  0.000E+00  0.000E+00  0.000E+00  0.000E+00  0.000E+00  0.000E+00  0.000E+00  0.000E+00  0.000E+00  0.000E+00
  0.000E+00  0.000E+00  0.000E+00  0.000E+00  0.000E+00  0.000E+00  0.000E+00  0.000E+00  0.000E+00  0.000E+00
  0.000E+00  0.000E+00  0.000E+00  0.000E+00  0.000E+00  0.000E+00  0.000E+00  0.000E+00  0.000E+00  0.000E+00
  0.000E+00  0.000E+00  0.000E+00  0.000E+00  0.000E+00  0.000E+00  0.000E+00  0.000E+00  0.000E+00  0.000E+00
  0.000E+00  0.000E+00  0.000E+00  0.000E+00  0.000E+00  0.000E+00  0.000E+00  0.000E+00  0.000E+00  0.000E+00
  0.000E+00  1.000E+00  0.000E+00  0.000E+00  0.000E+00  0.000E+00  0.000E+00  0.000E+00  0.000E+00  1.000E+00
  0.000E+00  0.000E+00  0.000E+00  0.000E+00  0.000E+00  0.000E+00  0.000E+00  0.000E+00  0.000E+00  0.000E+00
  0.000E+00  1.000E+00  0.000E+00  0.000E+00  0.000E+00  1.000E+00  0.000E+00  0.000E+00  0.000E+00  0.000E+00
  0.000E+00  0.000E+00  0.000E+00  7.071E-01  0.000E+00  0.000E+00  0.000E+00  0.000E+00  0.000E+00  1.000E+00
  0.000E+00  0.000E+00  0.000E+00  0.000E+00  0.000E+00  0.000E+00  7.071E-01  0.000E+00  0.000E+00  1.000E+00
  1.000E+00  0.000E+00  0.000E+00  0.000E+00  0.000E+00  0.000E+00  0.000E+00  0.000E+00  0.000E+00  0.000E+00
  0.000E+00  1.000E+00  0.000E+00  0.000E+00  0.000E+00  0.000E+00  0.000E+00  0.000E+00  0.000E+00  0.000E+00
  0.000E+00  0.000E+00  0.000E+00  0.000E+00  0.000E+00  0.000E+00  0.000E+00  0.000E+00  0.000E+00  0.000E+00
  1.000E+00  0.000E+00  0.000E+00  0.000E+00  0.000E+00  0.000E+00  0.000E+00  0.000E+00  0.000E+00  0.000E+00
  0.000E+00  0.000E+00  0.000E+00  0.000E+00  1.000E+00  0.000E+00  0.000E+00  0.000E+00  0.000E+00  0.000E+00
  0.000E+00  0.000E+00  1.000E+00  0.000E+00  0.000E+00  0.000E+00  0.000E+00  0.000E+00  0.000E+00  0.000E+00
  0.000E+00  0.000E+00  1.000E+00  0.000E+00  0.000E+00  0.000E+00  0.000E+00  0.000E+00  0.000E+00  0.000E+00
  0.000E+00  0.000E+00  1.000E+00  0.000E+00  0.000E+00  0.000E+00  0.000E+00  0.000E+00  0.000E+00  0.000E+00
  0.000E+00  1.000E+00  0.000E+00  1.000E+00  1.000E+00  0.000E+00  0.000E+00  0.000E+00  0.000E+00  1.000E+00
  0.000E+00  1.000E+00  0.000E+00  1.000E+00  0.000E+00  0.000E+00  0.000E+00  0.000E+00  0.000E+00  0.000E+00
  0.000E+00  0.000E+00  0.000E+00  0.000E+00  0.000E+00  0.000E+00  0.000E+00  0.000E+00  0.000E+00  0.000E+00
  1.000E+00  0.000E+00  1.000E+00  1.000E+00  0.000E+00  0.000E+00  0.000E+00  0.000E+00  0.000E+00  0.000E+00
  0.000E+00  1.000E+00  0.000E+00  0.000E+00  0.000E+00  0.000E+00  0.000E+00  0.000E+00  0.000E+00  0.000E+00
  0.000E+00  0.000E+00  0.000E+00  0.000E+00  0.000E+00  0.000E+00  0.000E+00  0.000E+00  0.000E+00  0.000E+00
  0.000E+00  0.000E+00  0.000E+00  0.000E+00  0.000E+00  0.000E+00  0.000E+00  0.000E+00  0.000E+00  0.000E+00
  0.000E+00  0.000E+00  0.000E+00  0.000E+00  0.000E+00  0.000E+00  0.000E+00  0.000E+00  0.000E+00  0.000E+00
  0.000E+00  1.000E+00  0.000E+00  0.000E+00  1.000E+00  0.000E+00  0.000E+00  0.000E+00  0.000E+00  0.000E+00
  0.000E+00  1.000E+00  0.000E+00  0.000E+00  0.000E+00  0.000E+00  0.000E+00  0.000E+00  0.000E+00  0.000E+00
  1.000E+00  1.000E+00  0.000E+00  0.000E+00  0.000E+00  1.000E+00  0.000E+00  0.000E+00  0.000E+00  0.000E+00
  0.000E+00  0.000E+00  0.000E+00  1.000E+00  0.000E+00  1.000E+00  0.000E+00  0.000E+00  0.000E+00  1.000E+00
  0.000E+00  0.000E+00  0.000E+00  0.000E+00  0.000E+00  0.000E+00  1.000E+00  0.000E+00  0.000E+00  0.000E+00
  0.000E+00  0.000E+00  0.000E+00  0.000E+00  0.000E+00  0.000E+00  0.000E+00  0.000E+00  0.000E+00  0.000E+00
  0.000E+00  0.000E+00  0.000E+00  0.000E+00  0.000E+00  0.000E+00  0.000E+00  0.000E+00  0.000E+00  0.000E+00
  0.000E+00  0.000E+00  0.000E+00  0.000E+00  0.000E+00  0.000E+00  0.000E+00  0.000E+00  0.000E+00  0.000E+00
  0.000E+00  1.000E+00  0.000E+00  1.000E+00  1.000E+00  0.000E+00  0.000E+00  0.000E+00  1.000E+00  0.000E+00
  0.000E+00  0.000E+00  0.000E+00  0.000E+00  0.000E+00  0.000E+00  0.000E+00  0.000E+00  1.000E+00  0.000E+00
  0.000E+00  0.000E+00  0.000E+00  1.000E+00  0.000E+00  1.000E+00  0.000E+00  0.000E+00  0.000E+00  0.000E+00
  1.000E+00  0.000E+00  0.000E+00  0.000E+00  0.000E+00  0.000E+00  0.000E+00  1.000E+00  0.000E+00  0.000E+00
  1.000E+00  0.000E+00  0.000E+00  0.000E+00  0.000E+00  0.000E+00  0.000E+00  0.000E+00  0.000E+00  0.000E+00
  0.000E+00  0.000E+00  0.000E+00  0.000E+00  0.000E+00  1.000E+00  0.000E+00  0.000E+00  1.000E+00  0.000E+00
  0.000E+00  0.000E+00  0.000E+00  0.000E+00  0.000E+00  0.000E+00  0.000E+00  0.000E+00  0.000E+00  0.000E+00
  0.000E+00  0.000E+00  0.000E+00  0.000E+00  7.071E-01  0.000E+00  0.000E+00  1.000E+00  0.000E+00  0.000E+00
  0.000E+00  0.000E+00  0.000E+00  0.000E+00  0.000E+00  0.000E+00  0.000E+00  0.000E+00  0.000E+00  1.000E+00
  0.000E+00  0.000E+00  0.000E+00  0.000E+00  0.000E+00  0.000E+00  0.000E+00  0.000E+00  0.000E+00  0.000E+00
  0.000E+00  0.000E+00  0.000E+00  1.000E+00  0.000E+00  0.000E+00  0.000E+00  0.000E+00  0.000E+00  0.000E+00
  0.000E+00  1.000E+00  1.000E+00  0.000E+00  1.000E+00  0.000E+00  0.000E+00  7.071E-01  1.000E+00  0.000E+00
  0.000E+00  0.000E+00  0.000E+00  7.071E-01  0.000E+00  0.000E+00  0.000E+00  0.000E+00  1.000E+00  0.000E+00
  1.000E+00  1.000E+00  0.000E+00  1.000E+00  1.000E+00  0.000E+00  0.000E+00  7.704E-01  0.000E+00  0.000E+00
  1.000E+00  0.000E+00  7.071E-01  0.000E+00  0.000E+00  0.000E+00  0.000E+00  0.000E+00  0.000E+00  0.000E+00
  0.000E+00  0.000E+00  1.000E+00  0.000E+00  0.000E+00  0.000E+00  0.000E+00  1.000E+00  0.000E+00  0.000E+00
  0.000E+00  0.000E+00  0.000E+00  0.000E+00  0.000E+00  1.000E+00  0.000E+00  0.000E+00  0.000E+00  0.000E+00
  1.000E+00  0.000E+00  0.000E+00  0.000E+00  0.000E+00  0.000E+00  0.000E+00  0.000E+00  0.000E+00  0.000E+00
  0.000E+00  0.000E+00  0.000E+00  0.000E+00  0.000E+00  0.000E+00  1.000E+00  0.000E+00  0.000E+00  0.000E+00
  0.000E+00  0.000E+00  0.000E+00  0.000E+00  0.000E+00  0.000E+00  0.000E+00  0.000E+00  0.000E+00  1.000E+00
  0.000E+00  0.000E+00  0.000E+00  0.000E+00  0.000E+00  0.000E+00  0.000E+00  0.000E+00  0.000E+00  0.000E+00
  1.000E+00  0.000E+00  1.000E+00  0.000E+00  0.000E+00  0.000E+00  1.000E+00  1.000E+00  0.000E+00  0.000E+00
  0.000E+00  1.000E+00  0.000E+00  1.000E+00  0.000E+00  0.000E+00  1.000E+00  0.000E+00  1.000E+00  0.000E+00
  0.000E+00  0.000E+00  1.000E+00  0.000E+00  0.000E+00  0.000E+00  1.000E+00  1.000E+00  0.000E+00  1.000E+00
  0.000E+00  1.000E+00  0.000E+00  0.000E+00  0.000E+00  7.071E-01  0.000E+00  1.000E+00  0.000E+00  0.000E+00
  1.000E+00  0.000E+00  1.000E+00  0.000E+00  0.000E+00  0.000E+00  0.000E+00  1.000E+00  0.000E+00  0.000E+00
  0.000E+00  1.000E+00  0.000E+00  0.000E+00  7.071E-01  0.000E+00  0.000E+00  0.000E+00  0.000E+00  0.000E+00
  0.000E+00  0.000E+00  0.000E+00  0.000E+00  7.071E-01  0.000E+00  0.000E+00  0.000E+00  0.000E+00  7.071E-01
  0.000E+00  0.000E+00  0.000E+00  0.000E+00  0.000E+00  0.000E+00  0.000E+00  0.000E+00  0.000E+00  0.000E+00
  0.000E+00  0.000E+00  0.000E+00  0.000E+00  0.000E+00  0.000E+00  0.000E+00  0.000E+00  0.000E+00  0.000E+00
  0.000E+00  7.071E-01  0.000E+00  0.000E+00  0.000E+00  0.000E+00  0.000E+00  1.000E+00  0.000E+00  0.000E+00
  0.000E+00  1.000E+00  1.000E+00  1.000E+00  0.000E+00  1.000E+00  1.000E+00  0.000E+00  0.000E+00  0.000E+00
  0.000E+00  0.000E+00  0.000E+00  1.000E+00  0.000E+00  1.000E+00  0.000E+00  0.000E+00  1.000E+00  0.000E+00
  7.071E-01  0.000E+00  0.000E+00  0.000E+00  0.000E+00  0.000E+00  0.000E+00  1.000E+00  0.000E+00  0.000E+00
  0.000E+00  1.000E+00  1.000E+00  0.000E+00  0.000E+00  0.000E+00  0.000E+00  7.071E-01  0.000E+00  7.071E-01
  0.000E+00  7.071E-01  1.000E+00  0.000E+00  0.000E+00  0.000E+00  1.000E+00  1.000E+00  0.000E+00  0.000E+00
  1.000E+00  0.000E+00  0.000E+00  0.000E+00  0.000E+00  0.000E+00  1.000E+00  0.000E+00  0.000E+00  0.000E+00
  0.000E+00  0.000E+00  0.000E+00  0.000E+00  0.000E+00  0.000E+00  0.000E+00  0.000E+00  1.000E+00  0.000E+00
  1.000E+00  0.000E+00  0.000E+00  0.000E+00  0.000E+00  0.000E+00  0.000E+00  0.000E+00  0.000E+00  0.000E+00
  0.000E+00  0.000E+00  0.000E+00  0.000E+00  0.000E+00  0.000E+00  0.000E+00  0.000E+00  0.000E+00  0.000E+00
  0.000E+00  0.000E+00  0.000E+00  0.000E+00  0.000E+00  0.000E+00  0.000E+00  0.000E+00  0.000E+00  0.000E+00
  0.000E+00  0.000E+00  0.000E+00  0.000E+00  0.000E+00  0.000E+00  0.000E+00  0.000E+00  0.000E+00  1.000E+00
  1.000E+00  0.000E+00  7.071E-01  0.000E+00  7.071E-01  1.000E+00  1.000E+00  0.000E+00  1.000E+00  1.000E+00
  0.000E+00  7.986E-01  0.000E+00  0.000E+00  1.000E+00  1.000E+00  1.000E+00  0.000E+00  0.000E+00  0.000E+00
  0.000E+00  0.000E+00  1.000E+00  1.000E+00  0.000E+00  0.000E+00  1.000E+00  0.000E+00  0.000E+00  0.000E+00
  1.000E+00  0.000E+00  0.000E+00  7.071E-01  0.000E+00  0.000E+00  0.000E+00  0.000E+00  0.000E+00  0.000E+00
  0.000E+00  0.000E+00  0.000E+00  1.000E+00  0.000E+00  0.000E+00  0.000E+00  0.000E+00  0.000E+00  0.000E+00
  0.000E+00  1.000E+00  0.000E+00  0.000E+00  0.000E+00  0.000E+00  0.000E+00  0.000E+00  0.000E+00  0.000E+00
  0.000E+00  0.000E+00  0.000E+00  0.000E+00  0.000E+00  0.000E+00  0.000E+00  0.000E+00  0.000E+00  0.000E+00
  0.000E+00  0.000E+00  0.000E+00  0.000E+00  0.000E+00  1.000E+00  0.000E+00  0.000E+00  0.000E+00  0.000E+00
  0.000E+00  0.000E+00  0.000E+00  0.000E+00  0.000E+00  0.000E+00  1.000E+00  1.000E+00  0.000E+00  0.000E+00
  0.000E+00  0.000E+00  0.000E+00  0.000E+00  0.000E+00  1.000E+00  0.000E+00  0.000E+00  0.000E+00  0.000E+00
  1.000E+00  1.000E+00  0.000E+00  0.000E+00  0.000E+00  0.000E+00  0.000E+00  0.000E+00  0.000E+00  0.000E+00
  0.000E+00  1.000E+00  0.000E+00  0.000E+00  0.000E+00  1.000E+00  0.000E+00  0.000E+00  1.000E+00  7.071E-01
  1.000E+00  5.774E-01  1.000E+00  1.000E+00  1.000E+00  7.071E-01  1.000E+00  5.773E-01  7.071E-01  7.071E-01
  0.000E+00  0.000E+00  0.000E+00  0.000E+00  0.000E+00  0.000E+00  1.000E+00  0.000E+00  1.000E+00  1.000E+00
  0.000E+00  0.000E+00  1.000E+00  1.000E+00  0.000E+00  0.000E+00  0.000E+00  1.000E+00  0.000E+00  0.000E+00
  0.000E+00  0.000E+00  5.000E-01  0.000E+00  0.000E+00  0.000E+00  0.000E+00  0.000E+00  0.000E+00  0.000E+00
  0.000E+00  0.000E+00  1.000E+00  0.000E+00  0.000E+00  0.000E+00  0.000E+00  0.000E+00  0.000E+00  0.000E+00
  0.000E+00  0.000E+00  1.000E+00  1.000E+00  0.000E+00  0.000E+00  0.000E+00  0.000E+00  0.000E+00  0.000E+00
  0.000E+00  0.000E+00  1.000E+00  0.000E+00  0.000E+00  1.000E+00  1.000E+00  1.000E+00  0.000E+00  0.000E+00
  1.000E+00  0.000E+00  1.000E+00  0.000E+00  0.000E+00  0.000E+00  1.000E+00  0.000E+00  0.000E+00  0.000E+00
  0.000E+00  0.000E+00  0.000E+00  1.000E+00  0.000E+00  0.000E+00  0.000E+00  7.125E-01  1.000E+00  0.000E+00
  0.000E+00  5.774E-01  0.000E+00  7.071E-01  0.000E+00  0.000E+00  7.071E-01  0.000E+00  0.000E+00  0.000E+00
  5.774E-01  5.774E-01  1.000E+00  7.071E-01  7.071E-01  0.000E+00  0.000E+00  1.000E+00  0.000E+00  7.071E-01
  1.000E+00  1.000E+00  0.000E+00  0.000E+00  0.000E+00  1.000E+00  1.000E+00  0.000E+00  0.000E+00  1.000E+00
  1.000E+00  0.000E+00  1.000E+00  0.000E+00  0.000E+00  0.000E+00  0.000E+00  0.000E+00  0.000E+00  0.000E+00
  0.000E+00  0.000E+00  0.000E+00  0.000E+00  1.000E+00  0.000E+00  0.000E+00  0.000E+00  0.000E+00  0.000E+00
  0.000E+00  0.000E+00  0.000E+00  0.000E+00  0.000E+00  0.000E+00  0.000E+00  0.000E+00  1.000E+00  0.000E+00
  0.000E+00  0.000E+00  0.000E+00  0.000E+00  0.000E+00  0.000E+00  0.000E+00  0.000E+00  0.000E+00  1.000E+00
  1.000E+00  0.000E+00  0.000E+00  0.000E+00  0.000E+00  0.000E+00  0.000E+00  0.000E+00  0.000E+00  0.000E+00
  0.000E+00  0.000E+00  0.000E+00  1.000E+00  0.000E+00  0.000E+00  0.000E+00  1.000E+00  0.000E+00  0.000E+00
  0.000E+00  1.000E+00  4.472E-01  7.071E-01  0.000E+00  1.000E+00  1.000E+00  0.000E+00  1.000E+00  7.071E-01
  1.000E+00  7.071E-01  1.000E+00  1.000E+00  7.071E-01  5.774E-01  1.000E+00  1.000E+00  1.000E+00  1.000E+00
  0.000E+00  0.000E+00  7.071E-01  0.000E+00  1.000E+00  0.000E+00  1.000E+00  1.000E+00  1.000E+00  1.000E+00
  1.000E+00  0.000E+00  0.000E+00  0.000E+00  1.000E+00  1.000E+00  1.000E+00  0.000E+00  1.000E+00  1.000E+00
  1.000E+00  1.000E+00  0.000E+00  0.000E+00  0.000E+00  0.000E+00  0.000E+00  0.000E+00  0.000E+00  1.000E+00
  1.000E+00  0.000E+00  0.000E+00  0.000E+00  0.000E+00  0.000E+00  0.000E+00  1.000E+00  0.000E+00  0.000E+00
  0.000E+00  1.000E+00  0.000E+00  0.000E+00  0.000E+00  0.000E+00  0.000E+00  0.000E+00  0.000E+00  0.000E+00
  0.000E+00  0.000E+00  0.000E+00  0.000E+00  0.000E+00  0.000E+00  0.000E+00  0.000E+00  0.000E+00  0.000E+00
  0.000E+00  0.000E+00  1.000E+00  0.000E+00  0.000E+00  0.000E+00  0.000E+00  0.000E+00  1.000E+00  0.000E+00
  0.000E+00  0.000E+00  1.000E+00  0.000E+00  0.000E+00  1.000E+00  1.000E+00  0.000E+00  1.000E+00  7.071E-01
  8.076E-01  7.168E-01  0.000E+00  0.000E+00  1.000E+00  0.000E+00  1.000E+00  1.000E+00  7.093E-01  1.000E+00
  1.000E+00  0.000E+00  7.071E-01  7.076E-01  1.000E+00  0.000E+00  7.071E-01  1.000E+00  0.000E+00  1.000E+00
  0.000E+00  1.000E+00  0.000E+00  0.000E+00  0.000E+00  7.071E-01  1.000E+00  1.000E+00  0.000E+00  1.000E+00
  1.000E+00  0.000E+00  0.000E+00  1.000E+00  7.072E-01  7.071E-01  7.071E-01  0.000E+00  0.000E+00  0.000E+00
  0.000E+00  0.000E+00  0.000E+00  0.000E+00  0.000E+00  0.000E+00  0.000E+00  0.000E+00  0.000E+00  0.000E+00
  0.000E+00  0.000E+00  0.000E+00  0.000E+00  0.000E+00  0.000E+00  0.000E+00  0.000E+00  0.000E+00  0.000E+00
  0.000E+00  0.000E+00  1.000E+00  0.000E+00  0.000E+00  0.000E+00  0.000E+00  0.000E+00  0.000E+00  0.000E+00
  0.000E+00  1.000E+00  0.000E+00  0.000E+00  0.000E+00  0.000E+00  0.000E+00  0.000E+00  0.000E+00  0.000E+00
  0.000E+00  0.000E+00  1.000E+00  0.000E+00  1.000E+00  0.000E+00  0.000E+00  1.000E+00  0.000E+00  0.000E+00
  0.000E+00  7.071E-01  1.000E+00  0.000E+00  0.000E+00  0.000E+00  0.000E+00  0.000E+00  0.000E+00  0.000E+00
  0.000E+00  5.773E-01  1.000E+00  1.000E+00  0.000E+00  1.000E+00  1.000E+00  1.000E+00  1.000E+00  1.000E+00
  1.000E+00  7.071E-01  5.774E-01  1.000E+00  1.000E+00  1.000E+00  0.000E+00  0.000E+00  1.000E+00  5.055E-01
  7.071E-01  1.000E+00  1.000E+00  1.000E+00  1.000E+00  7.071E-01  1.000E+00  1.000E+00  0.000E+00  7.071E-01
  0.000E+00  0.000E+00  0.000E+00  0.000E+00  1.000E+00  0.000E+00  0.000E+00  0.000E+00  1.000E+00  0.000E+00
  0.000E+00  0.000E+00  0.000E+00  1.000E+00  0.000E+00  0.000E+00  1.000E+00  0.000E+00  0.000E+00  0.000E+00
  5.774E-01  0.000E+00  1.000E+00  0.000E+00  1.000E+00  0.000E+00  0.000E+00  0.000E+00  1.000E+00  0.000E+00
  0.000E+00  0.000E+00  0.000E+00  0.000E+00  0.000E+00  0.000E+00  0.000E+00  0.000E+00  0.000E+00  0.000E+00
  0.000E+00  0.000E+00  0.000E+00  0.000E+00  0.000E+00  0.000E+00  0.000E+00  0.000E+00  0.000E+00  1.000E+00
  0.000E+00  0.000E+00  0.000E+00  0.000E+00  0.000E+00  1.000E+00  0.000E+00  0.000E+00  0.000E+00  0.000E+00
  0.000E+00  0.000E+00  0.000E+00  0.000E+00  0.000E+00  0.000E+00  0.000E+00  1.000E+00  1.000E+00  0.000E+00
  1.000E+00  1.000E+00  0.000E+00  7.071E-01  1.000E+00  0.000E+00  0.000E+00  1.000E+00  7.071E-01  7.071E-01
  0.000E+00  1.000E+00  0.000E+00  0.000E+00  1.000E+00  0.000E+00  7.071E-01  7.071E-01  5.773E-01  7.970E-01
  1.000E+00  7.071E-01  7.342E-01  1.000E+00  4.472E-01  5.773E-01  1.000E+00  7.071E-01  0.000E+00  7.071E-01
  1.000E+00  1.000E+00  0.000E+00  1.000E+00  7.071E-01  1.000E+00  0.000E+00  1.000E+00  1.000E+00  7.071E-01
  0.000E+00  1.000E+00  7.071E-01  0.000E+00  1.000E+00  0.000E+00  7.457E-01  1.000E+00  0.000E+00  0.000E+00
  1.000E+00  0.000E+00  0.000E+00  0.000E+00  0.000E+00  0.000E+00  0.000E+00  1.000E+00  0.000E+00  0.000E+00
  0.000E+00  0.000E+00  0.000E+00  0.000E+00  0.000E+00  0.000E+00  0.000E+00  0.000E+00  0.000E+00  0.000E+00
  0.000E+00  0.000E+00  0.000E+00  0.000E+00  0.000E+00  0.000E+00  0.000E+00  0.000E+00  0.000E+00  0.000E+00
  0.000E+00  0.000E+00  1.000E+00  1.000E+00  0.000E+00  0.000E+00  0.000E+00  1.000E+00  7.118E-01  1.000E+00
  1.000E+00  0.000E+00  1.000E+00  0.000E+00  1.000E+00  0.000E+00  1.000E+00  1.000E+00  7.071E-01  0.000E+00
  0.000E+00  1.000E+00  0.000E+00  1.000E+00  0.000E+00  7.071E-01  1.000E+00  0.000E+00  1.000E+00  7.071E-01
  5.773E-01  0.000E+00  0.000E+00  7.071E-01  1.000E+00  0.000E+00  0.000E+00  7.071E-01  1.000E+00  0.000E+00
  7.071E-01  0.000E+00  5.196E-01  0.000E+00  1.000E+00  5.774E-01  1.000E+00  5.774E-01  7.071E-01  1.000E+00
  7.071E-01  7.071E-01  1.000E+00  7.107E-01  7.071E-01  7.203E-01  0.000E+00  0.000E+00  0.000E+00  0.000E+00
  5.000E-01  1.000E+00  0.000E+00  1.000E+00  0.000E+00  0.000E+00  1.000E+00  1.000E+00  0.000E+00  7.071E-01
  1.000E+00  0.000E+00  0.000E+00  0.000E+00  0.000E+00  0.000E+00  0.000E+00  0.000E+00  0.000E+00  0.000E+00
  0.000E+00  0.000E+00  0.000E+00  0.000E+00  0.000E+00  0.000E+00  0.000E+00  0.000E+00  0.000E+00  0.000E+00
  0.000E+00  0.000E+00  0.000E+00  0.000E+00  0.000E+00  0.000E+00  0.000E+00  1.000E+00  0.000E+00  0.000E+00
  1.000E+00  0.000E+00  0.000E+00  0.000E+00  0.000E+00  0.000E+00  0.000E+00  1.000E+00  8.498E-01  0.000E+00
  0.000E+00  0.000E+00  1.000E+00  0.000E+00  1.000E+00  0.000E+00  0.000E+00  0.000E+00  0.000E+00  0.000E+00
  1.000E+00  1.000E+00  1.000E+00  0.000E+00  0.000E+00  7.071E-01  0.000E+00  7.071E-01  1.000E+00  7.071E-01
  1.000E+00  7.071E-01  5.773E-01  0.000E+00  0.000E+00  1.000E+00  0.000E+00  7.071E-01  5.773E-01  6.081E-01
  5.931E-01  0.000E+00  1.000E+00  7.071E-01  7.071E-01  7.071E-01  0.000E+00  7.071E-01  5.200E-01  5.817E-01
  1.000E+00  1.000E+00  1.000E+00  0.000E+00  1.000E+00  1.000E+00  0.000E+00  1.000E+00  1.000E+00  0.000E+00
  0.000E+00  0.000E+00  7.071E-01  1.000E+00  1.000E+00  7.071E-01  0.000E+00  0.000E+00  1.000E+00  1.000E+00
  0.000E+00  0.000E+00  0.000E+00  0.000E+00  1.000E+00  0.000E+00  0.000E+00  0.000E+00  0.000E+00  0.000E+00
  0.000E+00  0.000E+00  0.000E+00  0.000E+00  0.000E+00  0.000E+00  0.000E+00  0.000E+00  0.000E+00  0.000E+00
  0.000E+00  0.000E+00  0.000E+00  0.000E+00  0.000E+00  0.000E+00  0.000E+00  1.000E+00  0.000E+00  0.000E+00
  0.000E+00  1.000E+00  0.000E+00  0.000E+00  0.000E+00  0.000E+00  1.000E+00  0.000E+00  0.000E+00  0.000E+00
  0.000E+00  1.000E+00  0.000E+00  1.000E+00  0.000E+00  1.000E+00  7.071E-01  7.071E-01  7.071E-01  0.000E+00
  7.071E-01  1.000E+00  1.000E+00  7.088E-01  7.148E-01  7.071E-01  1.000E+00  7.071E-01  7.400E-01  7.522E-01
  0.000E+00  0.000E+00  0.000E+00  0.000E+00  1.000E+00  7.071E-01  7.071E-01  7.071E-01  5.773E-01  0.000E+00
  5.774E-01  1.000E+00  7.182E-01  1.000E+00  5.774E-01  7.071E-01  6.533E-01  5.806E-01  5.935E-01  1.000E+00
  7.071E-01  0.000E+00  1.000E+00  5.000E-01  1.000E+00  5.773E-01  4.082E-01  0.000E+00  7.071E-01  0.000E+00
  1.000E+00  0.000E+00  1.000E+00  0.000E+00  0.000E+00  1.000E+00  0.000E+00  0.000E+00  0.000E+00  1.000E+00
  0.000E+00  0.000E+00  1.000E+00  1.000E+00  1.000E+00  1.000E+00  0.000E+00  0.000E+00  1.000E+00  0.000E+00
  1.000E+00  0.000E+00  0.000E+00  0.000E+00  0.000E+00  0.000E+00  0.000E+00  0.000E+00  0.000E+00  0.000E+00
  0.000E+00  0.000E+00  0.000E+00  0.000E+00  0.000E+00  0.000E+00  0.000E+00  0.000E+00  0.000E+00  0.000E+00
  0.000E+00  0.000E+00  1.000E+00  0.000E+00  0.000E+00  0.000E+00  0.000E+00  1.000E+00  0.000E+00  1.000E+00
  1.000E+00  0.000E+00  1.000E+00  0.000E+00  0.000E+00  0.000E+00  1.000E+00  1.000E+00  0.000E+00  1.000E+00
  7.071E-01  1.000E+00  1.000E+00  5.553E-01  8.225E-01  7.071E-01  0.000E+00  1.000E+00  0.000E+00  7.071E-01
  7.071E-01  4.472E-01  1.000E+00  0.000E+00  0.000E+00  7.071E-01  1.000E+00  0.000E+00  1.000E+00  5.773E-01
  7.071E-01  7.071E-01  1.000E+00  7.071E-01  5.126E-01  7.071E-01  5.017E-01  6.468E-01  1.000E+00  1.000E+00
  7.071E-01  1.000E+00  7.071E-01  1.000E+00  9.561E-01  5.773E-01  0.000E+00  0.000E+00  8.438E-01  0.000E+00
  1.000E+00  5.773E-01  0.000E+00  7.177E-01  0.000E+00  0.000E+00  0.000E+00  1.000E+00  0.000E+00  0.000E+00
  0.000E+00  0.000E+00  0.000E+00  0.000E+00  0.000E+00  0.000E+00  0.000E+00  1.000E+00  0.000E+00  0.000E+00
  1.000E+00  1.000E+00  0.000E+00  0.000E+00  0.000E+00  0.000E+00  0.000E+00  0.000E+00  0.000E+00  0.000E+00
  0.000E+00  0.000E+00  0.000E+00  0.000E+00  0.000E+00  0.000E+00  0.000E+00  1.000E+00  0.000E+00  1.000E+00
  1.000E+00  0.000E+00  1.000E+00  1.000E+00  0.000E+00  0.000E+00  0.000E+00  0.000E+00  0.000E+00  1.000E+00
  1.000E+00  0.000E+00  0.000E+00  7.071E-01  7.071E-01  0.000E+00  0.000E+00  0.000E+00  1.000E+00  0.000E+00
  0.000E+00  1.000E+00  0.000E+00  0.000E+00  7.071E-01  7.071E-01  1.000E+00  5.773E-01  5.000E-01  7.071E-01
  1.000E+00  0.000E+00  1.000E+00  1.000E+00  0.000E+00  1.000E+00  5.774E-01  5.773E-01  1.000E+00  7.071E-01
  1.000E+00  0.000E+00  0.000E+00  5.773E-01  7.533E-01  5.018E-01  1.000E+00  1.000E+00  5.774E-01  7.071E-01
  5.000E-01  1.000E+00  7.071E-01  7.071E-01  1.000E+00  7.071E-01  0.000E+00  7.071E-01  1.000E+00  7.071E-01
  7.071E-01  8.956E-01  7.086E-01  8.054E-01  7.071E-01  1.000E+00  1.000E+00  0.000E+00  0.000E+00  0.000E+00
  1.000E+00  0.000E+00  0.000E+00  0.000E+00  0.000E+00  0.000E+00  0.000E+00  1.000E+00  0.000E+00  0.000E+00
  0.000E+00  0.000E+00  1.000E+00  0.000E+00  0.000E+00  0.000E+00  0.000E+00  0.000E+00  0.000E+00  0.000E+00
  0.000E+00  0.000E+00  0.000E+00  0.000E+00  0.000E+00  0.000E+00  0.000E+00  0.000E+00  0.000E+00  0.000E+00
  0.000E+00  0.000E+00  0.000E+00  0.000E+00  0.000E+00  0.000E+00  0.000E+00  1.000E+00  7.249E-01  0.000E+00
  0.000E+00  1.000E+00  1.000E+00  0.000E+00  0.000E+00  5.000E-01  1.000E+00  1.000E+00  7.071E-01  1.000E+00
  0.000E+00  1.000E+00  7.071E-01  8.495E-01  4.472E-01  5.773E-01  1.000E+00  7.071E-01  7.071E-01  7.071E-01
  7.071E-01  1.000E+00  5.000E-01  7.071E-01  7.071E-01  7.071E-01  4.472E-01  5.000E-01  1.000E+00  5.773E-01
  1.000E+00  5.000E-01  7.071E-01  1.000E+00  5.773E-01  5.467E-01  7.071E-01  7.071E-01  9.697E-01  0.000E+00
  7.071E-01  5.773E-01  7.071E-01  5.773E-01  5.000E-01  1.000E+00  5.774E-01  7.071E-01  7.071E-01  1.000E+00
  7.071E-01  1.000E+00  1.000E+00  0.000E+00  5.773E-01  7.071E-01  0.000E+00  1.000E+00  5.774E-01  0.000E+00
  1.000E+00  1.000E+00  0.000E+00  0.000E+00  0.000E+00  1.000E+00  0.000E+00  7.330E-01  0.000E+00  0.000E+00
  1.000E+00  0.000E+00  0.000E+00  0.000E+00  0.000E+00  0.000E+00  0.000E+00  0.000E+00  1.000E+00  0.000E+00
  1.000E+00  0.000E+00  0.000E+00  0.000E+00  0.000E+00  1.000E+00  0.000E+00  0.000E+00  0.000E+00  0.000E+00
  0.000E+00  0.000E+00  0.000E+00  0.000E+00  0.000E+00  0.000E+00  0.000E+00  0.000E+00  0.000E+00  1.000E+00
  1.000E+00  0.000E+00  7.071E-01  7.071E-01  0.000E+00  0.000E+00  7.071E-01  1.000E+00  1.000E+00  5.773E-01
  1.000E+00  0.000E+00  0.000E+00  1.000E+00  0.000E+00  1.000E+00  1.000E+00  5.773E-01  7.071E-01  1.000E+00
  1.000E+00  7.071E-01  1.000E+00  0.000E+00  4.472E-01  1.000E+00  0.000E+00  7.071E-01  5.773E-01  5.774E-01
  5.000E-01  4.082E-01  3.780E-01  4.082E-01  7.071E-01  5.773E-01  5.773E-01  4.472E-01  5.000E-01  5.773E-01
  5.000E-01  5.774E-01  5.000E-01  0.000E+00  0.000E+00  4.472E-01  7.071E-01  4.082E-01  5.000E-01  1.000E+00
  5.774E-01  0.000E+00  0.000E+00  7.071E-01  0.000E+00  1.000E+00  0.000E+00  1.000E+00  7.071E-01  0.000E+00
  1.000E+00  7.071E-01  1.000E+00  7.071E-01  0.000E+00  0.000E+00  0.000E+00  1.000E+00  1.000E+00  1.000E+00
  0.000E+00  0.000E+00  0.000E+00  0.000E+00  1.000E+00  0.000E+00  0.000E+00  0.000E+00  0.000E+00  0.000E+00
  0.000E+00  0.000E+00  0.000E+00  0.000E+00  0.000E+00  0.000E+00  0.000E+00  1.000E+00  0.000E+00  0.000E+00
  1.000E+00  1.000E+00  1.000E+00  0.000E+00  0.000E+00  0.000E+00  0.000E+00  0.000E+00  1.000E+00  1.000E+00
  0.000E+00  1.000E+00  0.000E+00  7.071E-01  1.000E+00  0.000E+00  1.000E+00  5.773E-01  4.472E-01  7.071E-01
  0.000E+00  0.000E+00  0.000E+00  5.774E-01  1.000E+00  4.472E-01  1.000E+00  5.774E-01  7.071E-01  5.871E-01
  5.000E-01  7.071E-01  5.773E-01  5.774E-01  5.000E-01  4.481E-01  7.071E-01  0.000E+00  5.000E-01  5.000E-01
  5.773E-01  4.082E-01  7.071E-01  5.773E-01  5.773E-01  1.000E+00  7.071E-01  7.071E-01  5.000E-01  5.000E-01
  7.071E-01  7.071E-01  6.050E-01  1.000E+00  5.121E-01  5.774E-01  7.071E-01  1.000E+00  1.000E+00  1.000E+00
  0.000E+00  1.000E+00  7.071E-01  0.000E+00  0.000E+00  7.071E-01  1.000E+00  1.000E+00  0.000E+00  5.773E-01
  1.000E+00  7.071E-01  0.000E+00  0.000E+00  1.000E+00  0.000E+00  0.000E+00  0.000E+00  0.000E+00  0.000E+00
  0.000E+00  0.000E+00  0.000E+00  0.000E+00  0.000E+00  0.000E+00  0.000E+00  0.000E+00  0.000E+00  0.000E+00
  0.000E+00  0.000E+00  0.000E+00  0.000E+00  0.000E+00  0.000E+00  0.000E+00  0.000E+00  0.000E+00  0.000E+00
  0.000E+00  0.000E+00  0.000E+00  0.000E+00  0.000E+00  1.000E+00  0.000E+00  1.000E+00  1.000E+00  0.000E+00
  0.000E+00  0.000E+00  1.000E+00  1.000E+00  0.000E+00  1.000E+00  0.000E+00  0.000E+00  1.000E+00  1.000E+00
  7.071E-01  7.071E-01  1.000E+00  1.000E+00  1.000E+00  1.000E+00  1.000E+00  1.000E+00  0.000E+00  4.670E-01
  5.000E-01  5.000E-01  5.000E-01  1.000E+00  5.773E-01  3.987E-01  5.773E-01  4.472E-01  7.071E-01  1.000E+00
  4.472E-01  7.071E-01  1.000E+00  4.472E-01  5.000E-01  5.000E-01  7.071E-01  1.000E+00  1.000E+00  3.780E-01
  5.006E-01  5.573E-01  4.472E-01  4.472E-01  5.259E-01  5.000E-01  5.773E-01  4.472E-01  0.000E+00  7.071E-01
  0.000E+00  0.000E+00  1.000E+00  7.071E-01  1.000E+00  7.071E-01  1.000E+00  1.000E+00  7.071E-01  0.000E+00
  0.000E+00  1.000E+00  0.000E+00  1.000E+00  0.000E+00  5.774E-01  0.000E+00  0.000E+00  0.000E+00  0.000E+00
  0.000E+00  0.000E+00  1.000E+00  0.000E+00  0.000E+00  0.000E+00  0.000E+00  1.000E+00  0.000E+00  0.000E+00
  0.000E+00  0.000E+00  0.000E+00  0.000E+00  0.000E+00  0.000E+00  0.000E+00  1.000E+00  0.000E+00  0.000E+00
  1.000E+00  0.000E+00  0.000E+00  0.000E+00  0.000E+00  1.000E+00  1.000E+00  0.000E+00  0.000E+00  0.000E+00
  0.000E+00  1.000E+00  1.000E+00  1.000E+00  0.000E+00  1.000E+00  1.000E+00  1.000E+00  1.000E+00  1.000E+00
  5.773E-01  1.000E+00  1.000E+00  7.071E-01  5.773E-01  1.000E+00  7.071E-01  7.071E-01  5.773E-01  1.000E+00
  1.000E+00  1.000E+00  5.000E-01  7.071E-01  5.001E-01  1.000E+00  5.773E-01  4.082E-01  5.773E-01  4.472E-01
  7.071E-01  3.661E-01  0.000E+00  7.079E-01  7.071E-01  4.507E-01  4.472E-01  7.071E-01  4.472E-01  7.071E-01
  5.774E-01  5.000E-01  5.452E-01  4.082E-01  5.207E-01  7.071E-01  1.000E+00  7.071E-01  5.774E-01  5.773E-01
  1.000E+00  5.000E-01  1.000E+00  1.000E+00  1.000E+00  1.000E+00  5.774E-01  0.000E+00  1.000E+00  1.000E+00
  1.000E+00  0.000E+00  1.000E+00  0.000E+00  1.000E+00  7.071E-01  0.000E+00  0.000E+00  0.000E+00  7.071E-01
  0.000E+00  1.000E+00  0.000E+00  0.000E+00  0.000E+00  0.000E+00  0.000E+00  0.000E+00  0.000E+00  0.000E+00
  0.000E+00  0.000E+00  0.000E+00  0.000E+00  0.000E+00  0.000E+00  0.000E+00  0.000E+00  0.000E+00  0.000E+00
  0.000E+00  0.000E+00  0.000E+00  0.000E+00  0.000E+00  0.000E+00  0.000E+00  0.000E+00  0.000E+00  0.000E+00
  0.000E+00  0.000E+00  1.000E+00  0.000E+00  0.000E+00  0.000E+00  0.000E+00  0.000E+00  0.000E+00  1.000E+00
  1.000E+00  0.000E+00  0.000E+00  0.000E+00  0.000E+00  1.000E+00  0.000E+00  5.000E-01  5.774E-01  7.071E-01
  5.773E-01  7.129E-01  5.000E-01  5.773E-01  5.695E-01  7.071E-01  5.773E-01  4.082E-01  5.774E-01  5.000E-01
  4.082E-01  3.796E-01  7.778E-01  4.024E-01  7.071E-01  4.707E-01  4.472E-01  7.071E-01  7.071E-01  7.666E-01
  4.582E-01  1.000E+00  6.250E-01  5.000E-01  5.773E-01  3.780E-01  4.472E-01  7.071E-01  5.000E-01  5.774E-01
  4.472E-01  5.000E-01  7.071E-01  1.000E+00  7.071E-01  1.000E+00  1.000E+00  1.000E+00  1.000E+00  1.000E+00
  7.506E-01  0.000E+00  1.000E+00  7.071E-01  0.000E+00  0.000E+00  1.000E+00  1.000E+00  1.000E+00  1.000E+00
  0.000E+00  0.000E+00  0.000E+00  0.000E+00  1.000E+00  0.000E+00  0.000E+00  0.000E+00  0.000E+00  1.000E+00
  0.000E+00  0.000E+00  0.000E+00  0.000E+00  0.000E+00  0.000E+00  0.000E+00  0.000E+00  0.000E+00  0.000E+00
  0.000E+00  0.000E+00  0.000E+00  0.000E+00  0.000E+00  0.000E+00  0.000E+00  0.000E+00  0.000E+00  0.000E+00
  0.000E+00  0.000E+00  0.000E+00  0.000E+00  0.000E+00  0.000E+00  0.000E+00  0.000E+00  0.000E+00  0.000E+00
  0.000E+00  0.000E+00  0.000E+00  0.000E+00  0.000E+00  0.000E+00  0.000E+00  1.000E+00  5.000E-01  3.015E-01
  5.773E-01  8.358E-01  4.472E-01  4.082E-01  5.773E-01  3.780E-01  1.000E+00  4.082E-01  4.082E-01  5.000E-01
  3.780E-01  5.773E-01  4.530E-01  4.849E-01  4.082E-01  4.084E-01  5.076E-01  5.000E-01  7.071E-01  5.096E-01
  6.000E-01  0.000E+00  5.052E-01  5.000E-01  4.472E-01  5.000E-01  1.000E+00  7.071E-01  5.774E-01  1.000E+00
  0.000E+00  1.000E+00  5.774E-01  4.175E-01  1.000E+00  7.071E-01  0.000E+00  0.000E+00  7.071E-01  1.000E+00
  1.000E+00  7.071E-01  0.000E+00  0.000E+00  0.000E+00  1.000E+00  7.071E-01  1.000E+00  1.000E+00  0.000E+00
  0.000E+00  0.000E+00  0.000E+00  0.000E+00  7.289E-01  0.000E+00  0.000E+00  0.000E+00  0.000E+00  0.000E+00
  0.000E+00  0.000E+00  0.000E+00  0.000E+00  0.000E+00  0.000E+00  0.000E+00  0.000E+00  0.000E+00  0.000E+00
  0.000E+00  0.000E+00  0.000E+00  0.000E+00  0.000E+00  0.000E+00  0.000E+00  0.000E+00  0.000E+00  0.000E+00
  0.000E+00  0.000E+00  0.000E+00  0.000E+00  0.000E+00  0.000E+00  0.000E+00  0.000E+00  0.000E+00  0.000E+00
  0.000E+00  0.000E+00  0.000E+00  0.000E+00  0.000E+00  0.000E+00  0.000E+00  7.071E-01  7.071E-01  5.774E-01
  7.113E-01  6.168E-01  5.773E-01  5.000E-01  5.240E-01  7.071E-01  5.000E-01  5.000E-01  5.000E-01  3.536E-01
  5.219E-01  1.000E+00  5.773E-01  3.784E-01  3.333E-01  4.029E-01  5.259E-01  5.773E-01  4.472E-01  7.071E-01
  5.773E-01  5.773E-01  4.082E-01  4.627E-01  4.519E-01  4.069E-01  0.000E+00  7.071E-01  5.000E-01  4.153E-01
  4.180E-01  1.000E+00  0.000E+00  7.071E-01  7.071E-01  9.875E-01  7.071E-01  1.000E+00  1.000E+00  0.000E+00
  1.000E+00  1.000E+00  0.000E+00  0.000E+00  0.000E+00  1.000E+00  0.000E+00  0.000E+00  0.000E+00  0.000E+00
  0.000E+00  0.000E+00  0.000E+00  0.000E+00  0.000E+00  0.000E+00  0.000E+00  0.000E+00  1.000E+00  0.000E+00
  0.000E+00  0.000E+00  0.000E+00  1.000E+00  0.000E+00  1.000E+00  0.000E+00  0.000E+00  1.000E+00  0.000E+00
  0.000E+00  0.000E+00  0.000E+00  0.000E+00  1.000E+00  0.000E+00  0.000E+00  0.000E+00  1.000E+00  1.000E+00
  1.000E+00  1.000E+00  7.071E-01  8.334E-01  1.000E+00  1.000E+00  0.000E+00  5.774E-01  7.071E-01  5.007E-01
  4.905E-01  4.691E-01  5.773E-01  5.825E-01  8.214E-01  0.000E+00  0.000E+00  0.000E+00  5.000E-01  5.774E-01
  4.472E-01  3.784E-01  7.071E-01  5.000E-01  4.535E-01  5.773E-01  4.472E-01  5.773E-01  7.071E-01  3.780E-01
  4.851E-01  7.071E-01  3.780E-01  4.046E-01  3.536E-01  3.780E-01  5.000E-01  7.071E-01  4.082E-01  1.000E+00
  4.472E-01  5.000E-01  5.773E-01  4.473E-01  4.082E-01  7.071E-01  7.071E-01  7.071E-01  5.975E-01  7.504E-01
  4.082E-01  7.071E-01  1.000E+00  5.773E-01  1.000E+00  1.000E+00  7.071E-01  1.000E+00  1.000E+00  7.071E-01
  0.000E+00  7.071E-01  1.000E+00  0.000E+00  5.773E-01  0.000E+00  0.000E+00  1.000E+00  1.000E+00  0.000E+00
  1.000E+00  0.000E+00  0.000E+00  0.000E+00  0.000E+00  0.000E+00  0.000E+00  0.000E+00  0.000E+00  0.000E+00
  0.000E+00  0.000E+00  0.000E+00  0.000E+00  0.000E+00  1.000E+00  0.000E+00  0.000E+00  0.000E+00  0.000E+00
  0.000E+00  1.000E+00  1.000E+00  0.000E+00  0.000E+00  1.000E+00  1.000E+00  1.000E+00  0.000E+00  1.000E+00
  1.000E+00  7.071E-01  1.000E+00  5.774E-01  0.000E+00  5.000E-01  1.000E+00  1.000E+00  5.773E-01  4.472E-01
  1.000E+00  1.000E+00  4.472E-01  7.071E-01  4.472E-01  0.000E+00  0.000E+00  1.000E+00  5.773E-01  5.000E-01
  3.355E-01  3.780E-01  4.082E-01  5.000E-01  4.082E-01  5.773E-01  5.000E-01  1.000E+00  4.082E-01  5.000E-01
  3.333E-01  5.000E-01  7.071E-01  4.472E-01  3.780E-01  4.082E-01  4.472E-01  6.695E-01  3.538E-01  7.071E-01
  7.071E-01  3.162E-01  3.780E-01  6.059E-01  3.816E-01  5.000E-01  5.774E-01  1.000E+00  5.000E-01  7.071E-01
  4.082E-01  0.000E+00  7.071E-01  7.071E-01  7.071E-01  6.676E-01  5.785E-01  7.071E-01  1.000E+00  4.765E-01
  0.000E+00  0.000E+00  1.000E+00  1.000E+00  7.071E-01  0.000E+00  0.000E+00  0.000E+00  0.000E+00  1.000E+00
  0.000E+00  1.000E+00  0.000E+00  0.000E+00  0.000E+00  0.000E+00  0.000E+00  0.000E+00  1.000E+00  0.000E+00
  1.000E+00  0.000E+00  0.000E+00  0.000E+00  0.000E+00  0.000E+00  0.000E+00  0.000E+00  0.000E+00  1.000E+00
  1.000E+00  0.000E+00  1.000E+00  0.000E+00  1.000E+00  0.000E+00  1.000E+00  7.071E-01  7.071E-01  0.000E+00
  7.071E-01  7.662E-01  6.259E-01  5.075E-01  4.657E-01  5.773E-01  1.000E+00  7.071E-01  7.071E-01  7.071E-01
  7.071E-01  7.071E-01  5.773E-01  4.472E-01  0.000E+00  0.000E+00  0.000E+00  5.773E-01  5.000E-01  7.071E-01
  3.631E-01  4.082E-01  4.472E-01  5.774E-01  3.333E-01  5.000E-01  3.780E-01  5.000E-01  4.082E-01  3.545E-01
  4.771E-01  4.472E-01  5.784E-01  4.858E-01  4.082E-01  5.000E-01  4.472E-01  3.333E-01  5.000E-01  5.000E-01
  3.335E-01  1.000E+00  6.010E-01  4.082E-01  7.071E-01  4.472E-01  4.527E-01  5.262E-01  5.773E-01  5.773E-01
  4.583E-01  1.000E+00  7.071E-01  1.000E+00  5.000E-01  7.071E-01  1.000E+00  1.000E+00  5.774E-01  0.000E+00
  1.000E+00  0.000E+00  1.000E+00  0.000E+00  0.000E+00  0.000E+00  0.000E+00  0.000E+00  0.000E+00  1.000E+00
  1.000E+00  0.000E+00  0.000E+00  1.000E+00  1.000E+00  0.000E+00  0.000E+00  0.000E+00  0.000E+00  0.000E+00
  0.000E+00  0.000E+00  1.000E+00  0.000E+00  0.000E+00  1.000E+00  0.000E+00  5.774E-01  1.000E+00  0.000E+00
  0.000E+00  1.000E+00  0.000E+00  0.000E+00  0.000E+00  0.000E+00  1.000E+00  1.000E+00  0.000E+00  6.023E-01
  5.137E-01  1.000E+00  5.148E-01  0.000E+00  0.000E+00  7.071E-01  5.774E-01  1.000E+00  6.016E-01  4.574E-01
  5.773E-01  4.472E-01  7.071E-01  5.773E-01  7.071E-01  0.000E+00  0.000E+00  0.000E+00  5.000E-01  4.472E-01
  4.472E-01  5.985E-01  4.472E-01  5.000E-01  3.832E-01  3.862E-01  1.000E+00  5.000E-01  3.162E-01  5.000E-01
  4.398E-01  5.000E-01  4.082E-01  3.536E-01  5.116E-01  3.717E-01  4.472E-01  3.536E-01  4.472E-01  4.082E-01
  4.893E-01  3.333E-01  4.578E-01  5.000E-01  7.071E-01  5.759E-01  1.000E+00  7.071E-01  7.071E-01  1.000E+00
  6.408E-01  5.000E-01  1.000E+00  5.774E-01  7.071E-01  1.000E+00  7.071E-01  5.000E-01  0.000E+00  7.071E-01
  5.773E-01  5.774E-01  1.000E+00  0.000E+00  7.071E-01  0.000E+00  1.000E+00  1.000E+00  0.000E+00  1.000E+00
  0.000E+00  0.000E+00  1.000E+00  0.000E+00  0.000E+00  0.000E+00  0.000E+00  0.000E+00  1.000E+00  0.000E+00
  0.000E+00  0.000E+00  0.000E+00  0.000E+00  1.000E+00  0.000E+00  0.000E+00  1.000E+00  0.000E+00  0.000E+00
  1.000E+00  0.000E+00  0.000E+00  1.000E+00  0.000E+00  0.000E+00  0.000E+00  0.000E+00  7.071E-01  1.000E+00
  1.000E+00  1.000E+00  1.000E+00  5.773E-01  4.480E-01  8.810E-01  0.000E+00  5.000E-01  4.082E-01  5.773E-01
  5.773E-01  7.071E-01  3.847E-01  4.164E-01  4.101E-01  0.000E+00  0.000E+00  0.000E+00  5.773E-01  4.082E-01
  4.082E-01  3.382E-01  4.082E-01  3.333E-01  3.780E-01  3.780E-01  3.758E-01  3.780E-01  4.082E-01  5.000E-01
  3.781E-01  2.887E-01  3.333E-01  4.084E-01  3.037E-01  5.008E-01  5.145E-01  3.780E-01  4.082E-01  5.773E-01
  1.000E+00  3.162E-01  3.195E-01  4.927E-01  5.000E-01  5.000E-01  3.780E-01  3.780E-01  5.000E-01  5.774E-01
  1.000E+00  4.472E-01  5.000E-01  5.000E-01  1.000E+00  0.000E+00  7.071E-01  1.000E+00  1.000E+00  1.000E+00
  7.071E-01  7.071E-01  0.000E+00  0.000E+00  0.000E+00  1.000E+00  1.000E+00  0.000E+00  7.071E-01  0.000E+00
  1.000E+00  0.000E+00  0.000E+00  0.000E+00  1.000E+00  0.000E+00  0.000E+00  1.000E+00  0.000E+00  0.000E+00
  0.000E+00  7.072E-01  0.000E+00  0.000E+00  1.000E+00  1.000E+00  0.000E+00  0.000E+00  0.000E+00  0.000E+00
  7.071E-01  1.000E+00  0.000E+00  1.000E+00  1.000E+00  0.000E+00  0.000E+00  0.000E+00  1.000E+00  7.532E-01
  1.000E+00  7.071E-01  0.000E+00  1.000E+00  1.000E+00  7.071E-01  1.000E+00  5.000E-01  0.000E+00  7.071E-01
  3.780E-01  5.773E-01  5.774E-01  7.075E-01  5.286E-01  0.000E+00  0.000E+00  1.000E+00  4.472E-01  5.000E-01
  4.472E-01  3.162E-01  3.536E-01  3.037E-01  3.780E-01  5.773E-01  4.083E-01  3.333E-01  7.071E-01  3.536E-01
  5.000E-01  4.082E-01  4.082E-01  4.082E-01  4.082E-01  3.103E-01  4.169E-01  5.000E-01  3.780E-01  4.082E-01
  4.082E-01  3.780E-01  7.071E-01  4.263E-01  4.506E-01  5.773E-01  4.472E-01  1.000E+00  5.773E-01  3.780E-01
  5.000E-01  4.685E-01  5.054E-01  4.472E-01  5.773E-01  7.071E-01  5.773E-01  0.000E+00  0.000E+00  7.071E-01
  0.000E+00  1.000E+00  0.000E+00  1.000E+00  1.000E+00  5.774E-01  1.000E+00  1.000E+00  1.000E+00  0.000E+00
  0.000E+00  0.000E+00  0.000E+00  0.000E+00  0.000E+00  1.000E+00  0.000E+00  0.000E+00  0.000E+00  0.000E+00
  0.000E+00  0.000E+00  1.000E+00  0.000E+00  0.000E+00  1.000E+00  0.000E+00  0.000E+00  0.000E+00  0.000E+00
  0.000E+00  0.000E+00  0.000E+00  0.000E+00  0.000E+00  0.000E+00  5.774E-01  0.000E+00  1.000E+00  5.773E-01
  1.000E+00  1.000E+00  7.071E-01  5.000E-01  7.071E-01  4.082E-01  1.000E+00  1.000E+00  1.000E+00  5.773E-01
  7.071E-01  5.000E-01  4.472E-01  4.082E-01  4.082E-01  1.000E+00  0.000E+00  0.000E+00  3.536E-01  5.000E-01
  5.773E-01  3.333E-01  3.780E-01  4.636E-01  3.780E-01  4.082E-01  4.472E-01  5.000E-01  4.082E-01  3.163E-01
  3.780E-01  3.162E-01  3.536E-01  7.071E-01  3.780E-01  3.791E-01  1.000E+00  3.780E-01  5.703E-01  5.773E-01
  1.000E+00  4.082E-01  4.472E-01  3.780E-01  4.472E-01  4.472E-01  4.082E-01  4.822E-01  3.903E-01  5.000E-01
  5.000E-01  1.000E+00  5.000E-01  5.003E-01  8.409E-01  7.071E-01  7.071E-01  0.000E+00  0.000E+00  0.000E+00
  7.071E-01  1.000E+00  7.071E-01  1.000E+00  1.000E+00  0.000E+00  0.000E+00  1.000E+00  0.000E+00  7.071E-01
  7.071E-01  0.000E+00  0.000E+00  0.000E+00  0.000E+00  0.000E+00  1.000E+00  0.000E+00  0.000E+00  0.000E+00
  0.000E+00  0.000E+00  0.000E+00  0.000E+00  0.000E+00  0.000E+00  0.000E+00  0.000E+00  5.774E-01  0.000E+00
  0.000E+00  1.000E+00  0.000E+00  0.000E+00  0.000E+00  1.000E+00  0.000E+00  0.000E+00  0.000E+00  0.000E+00
  1.000E+00  1.000E+00  6.117E-01  7.297E-01  5.000E-01  7.066E-01  7.071E-01  5.773E-01  7.071E-01  5.773E-01
  7.071E-01  5.000E-01  5.000E-01  3.536E-01  3.536E-01  4.086E-01  7.927E-01  7.103E-01  7.071E-01  5.000E-01
  3.780E-01  5.000E-01  7.071E-01  5.773E-01  4.082E-01  4.472E-01  5.773E-01  5.774E-01  5.773E-01  4.905E-01
  5.000E-01  5.000E-01  4.082E-01  5.773E-01  5.000E-01  5.000E-01  1.000E+00  4.472E-01  7.071E-01  5.773E-01
  7.071E-01  5.000E-01  5.773E-01  5.773E-01  7.071E-01  7.071E-01  0.000E+00  5.000E-01  5.000E-01  7.071E-01
  5.773E-01  0.000E+00  7.071E-01  7.071E-01  4.472E-01  4.472E-01  1.000E+00  7.071E-01  1.000E+00  5.774E-01
  7.071E-01  1.000E+00  1.000E+00  1.000E+00  0.000E+00  7.071E-01  0.000E+00  0.000E+00  1.000E+00  0.000E+00
  0.000E+00  0.000E+00  0.000E+00  0.000E+00  1.000E+00  0.000E+00  1.000E+00  0.000E+00  0.000E+00  0.000E+00
  0.000E+00  0.000E+00  0.000E+00  0.000E+00  0.000E+00  0.000E+00  7.071E-01  0.000E+00  7.303E-01  0.000E+00
  1.000E+00  0.000E+00  1.000E+00  1.000E+00  5.774E-01  1.000E+00  0.000E+00  0.000E+00  1.000E+00  1.000E+00
  1.000E+00  7.071E-01  5.773E-01  7.029E-01  4.608E-01  5.773E-01  7.071E-01  4.554E-01  0.000E+00  7.071E-01
  4.082E-01  5.774E-01  5.773E-01  4.082E-01  1.000E+00  3.780E-01  5.000E-01  5.000E-01  0.000E+00  0.000E+00
  0.000E+00  0.000E+00  0.000E+00  0.000E+00  0.000E+00  0.000E+00  0.000E+00  0.000E+00  0.000E+00  0.000E+00
  0.000E+00  0.000E+00  0.000E+00  0.000E+00  0.000E+00  0.000E+00  0.000E+00  0.000E+00  0.000E+00  0.000E+00
  0.000E+00  0.000E+00  0.000E+00  0.000E+00  0.000E+00  0.000E+00  0.000E+00  0.000E+00  0.000E+00  0.000E+00
  0.000E+00  0.000E+00  0.000E+00  5.773E-01  5.774E-01  7.071E-01  5.774E-01  7.090E-01  7.281E-01  5.810E-01
  7.071E-01  4.644E-01  7.267E-01  6.033E-01  5.970E-01  1.000E+00  1.000E+00  1.000E+00  0.000E+00  1.000E+00
  1.000E+00  0.000E+00  0.000E+00  1.000E+00  7.183E-01  0.000E+00  0.000E+00  0.000E+00  0.000E+00  0.000E+00
  1.000E+00  0.000E+00  0.000E+00  0.000E+00  0.000E+00  0.000E+00  0.000E+00  0.000E+00  1.000E+00  0.000E+00
  1.000E+00  0.000E+00  0.000E+00  7.071E-01  1.000E+00  5.898E-01  7.730E-01  5.774E-01  1.000E+00  5.773E-01
  1.000E+00  7.189E-01  1.000E+00  4.474E-01  7.071E-01  7.071E-01  5.773E-01  4.613E-01  7.071E-01  5.773E-01
  5.773E-01  3.536E-01  3.536E-01  7.071E-01  5.000E-01  4.472E-01  5.774E-01  4.472E-01  0.000E+00  0.000E+00
  0.000E+00  0.000E+00  0.000E+00  0.000E+00  0.000E+00  0.000E+00  0.000E+00  0.000E+00  0.000E+00  0.000E+00
  0.000E+00  0.000E+00  0.000E+00  0.000E+00  0.000E+00  0.000E+00  0.000E+00  0.000E+00  0.000E+00  0.000E+00
  0.000E+00  0.000E+00  0.000E+00  0.000E+00  0.000E+00  0.000E+00  0.000E+00  0.000E+00  0.000E+00  0.000E+00
  0.000E+00  0.000E+00  1.000E+00  5.000E-01  5.773E-01  1.000E+00  7.071E-01  0.000E+00  7.071E-01  5.000E-01
  1.000E+00  0.000E+00  7.098E-01  1.000E+00  1.000E+00  1.000E+00  7.071E-01  1.000E+00  0.000E+00  0.000E+00
  0.000E+00  0.000E+00  0.000E+00  0.000E+00  0.000E+00  0.000E+00  0.000E+00  1.000E+00  1.000E+00  1.000E+00
  0.000E+00  1.000E+00  0.000E+00  0.000E+00  0.000E+00  0.000E+00  0.000E+00  0.000E+00  1.000E+00  0.000E+00
  0.000E+00  1.000E+00  0.000E+00  1.000E+00  1.000E+00  5.773E-01  0.000E+00  5.774E-01  1.000E+00  1.000E+00
  1.000E+00  4.250E-01  1.000E+00  4.474E-01  1.000E+00  7.071E-01  5.773E-01  1.000E+00  5.773E-01  5.773E-01
  1.000E+00  4.211E-01  1.000E+00  3.780E-01  3.780E-01  3.780E-01  3.667E-01  5.773E-01  0.000E+00  0.000E+00
  0.000E+00  0.000E+00  0.000E+00  0.000E+00  0.000E+00  0.000E+00  0.000E+00  0.000E+00  0.000E+00  0.000E+00
  0.000E+00  0.000E+00  0.000E+00  0.000E+00  0.000E+00  0.000E+00  0.000E+00  0.000E+00  0.000E+00  0.000E+00
  0.000E+00  0.000E+00  0.000E+00  0.000E+00  0.000E+00  0.000E+00  0.000E+00  0.000E+00  0.000E+00  0.000E+00
  0.000E+00  0.000E+00  0.000E+00  7.071E-01  5.774E-01  7.072E-01  1.000E+00  0.000E+00  7.071E-01  5.773E-01
  1.000E+00  0.000E+00  1.000E+00  5.774E-01  1.000E+00  1.000E+00  1.000E+00  7.071E-01  0.000E+00  0.000E+00
  0.000E+00  5.774E-01  0.000E+00  1.000E+00  0.000E+00  0.000E+00  0.000E+00  0.000E+00  0.000E+00  0.000E+00
  0.000E+00  0.000E+00  0.000E+00  0.000E+00  1.000E+00  0.000E+00  0.000E+00  0.000E+00  0.000E+00  1.000E+00
  1.000E+00  0.000E+00  0.000E+00  0.000E+00  1.000E+00  1.000E+00  0.000E+00  0.000E+00  7.908E-01  0.000E+00
  7.071E-01  5.774E-01  5.774E-01  7.071E-01  1.000E+00  4.472E-01  5.000E-01  6.102E-01  6.475E-01  4.472E-01
  5.773E-01  4.131E-01  5.000E-01  4.472E-01  3.780E-01  5.000E-01  3.344E-01  4.472E-01  0.000E+00  0.000E+00
  0.000E+00  0.000E+00  0.000E+00  0.000E+00  0.000E+00  0.000E+00  0.000E+00  0.000E+00  0.000E+00  0.000E+00
  0.000E+00  0.000E+00  0.000E+00  0.000E+00  0.000E+00  0.000E+00  0.000E+00  0.000E+00  0.000E+00  0.000E+00
  0.000E+00  0.000E+00  0.000E+00  0.000E+00  0.000E+00  0.000E+00  0.000E+00  0.000E+00  0.000E+00  0.000E+00
  0.000E+00  0.000E+00  0.000E+00  5.773E-01  7.071E-01  9.697E-01  5.000E-01  5.773E-01  5.129E-01  6.037E-01
  0.000E+00  0.000E+00  1.000E+00  7.071E-01  0.000E+00  0.000E+00  1.000E+00  0.000E+00  0.000E+00  0.000E+00
  0.000E+00  0.000E+00  0.000E+00  0.000E+00  7.071E-01  0.000E+00  0.000E+00  1.000E+00  0.000E+00  0.000E+00
  0.000E+00  0.000E+00  0.000E+00  0.000E+00  0.000E+00  0.000E+00  0.000E+00  0.000E+00  1.000E+00  0.000E+00
  0.000E+00  1.000E+00  1.000E+00  1.000E+00  7.071E-01  1.000E+00  7.071E-01  1.000E+00  5.643E-01  7.071E-01
  1.000E+00  5.000E-01  4.472E-01  7.071E-01  1.000E+00  7.311E-01  5.774E-01  1.000E+00  4.394E-01  3.783E-01
  7.071E-01  4.472E-01  4.472E-01  3.162E-01  5.773E-01  4.472E-01  5.773E-01  4.472E-01  0.000E+00  0.000E+00
  0.000E+00  0.000E+00  0.000E+00  0.000E+00  0.000E+00  0.000E+00  0.000E+00  0.000E+00  0.000E+00  0.000E+00
  0.000E+00  0.000E+00  0.000E+00  0.000E+00  0.000E+00  0.000E+00  0.000E+00  0.000E+00  0.000E+00  0.000E+00
  0.000E+00  0.000E+00  0.000E+00  0.000E+00  0.000E+00  0.000E+00  0.000E+00  0.000E+00  0.000E+00  0.000E+00
  0.000E+00  0.000E+00  1.000E+00  7.071E-01  7.071E-01  5.774E-01  7.071E-01  1.000E+00  7.071E-01  1.000E+00
  1.000E+00  1.000E+00  0.000E+00  7.071E-01  0.000E+00  0.000E+00  1.000E+00  7.071E-01  0.000E+00  1.000E+00
  0.000E+00  7.071E-01  7.071E-01  0.000E+00  0.000E+00  0.000E+00  0.000E+00  0.000E+00  0.000E+00  0.000E+00
  0.000E+00  0.000E+00  0.000E+00  0.000E+00  1.000E+00  0.000E+00  0.000E+00  0.000E+00  0.000E+00  1.000E+00
  7.093E-01  0.000E+00  1.000E+00  1.000E+00  7.071E-01  0.000E+00  7.166E-01  5.344E-01  1.000E+00  7.071E-01
  1.000E+00  5.774E-01  5.000E-01  0.000E+00  5.773E-01  7.652E-01  4.082E-01  4.082E-01  1.000E+00  4.499E-01
  4.733E-01  3.780E-01  7.071E-01  5.000E-01  3.780E-01  4.082E-01  3.015E-01  4.472E-01  0.000E+00  0.000E+00
  0.000E+00  0.000E+00  0.000E+00  0.000E+00  0.000E+00  0.000E+00  0.000E+00  0.000E+00  0.000E+00  0.000E+00
  0.000E+00  0.000E+00  0.000E+00  0.000E+00  0.000E+00  0.000E+00  0.000E+00  0.000E+00  0.000E+00  0.000E+00
  0.000E+00  0.000E+00  0.000E+00  0.000E+00  0.000E+00  0.000E+00  0.000E+00  0.000E+00  0.000E+00  0.000E+00
  0.000E+00  0.000E+00  1.000E+00  5.000E-01  7.071E-01  5.094E-01  3.615E-01  5.000E-01  0.000E+00  1.000E+00
  1.000E+00  5.774E-01  1.000E+00  0.000E+00  1.000E+00  0.000E+00  1.000E+00  7.071E-01  0.000E+00  0.000E+00
  0.000E+00  1.000E+00  0.000E+00  0.000E+00  0.000E+00  0.000E+00  0.000E+00  0.000E+00  0.000E+00  0.000E+00
  0.000E+00  0.000E+00  0.000E+00  0.000E+00  0.000E+00  7.071E-01  0.000E+00  0.000E+00  0.000E+00  1.000E+00
  1.000E+00  5.774E-01  1.000E+00  0.000E+00  0.000E+00  7.071E-01  0.000E+00  1.000E+00  4.472E-01  7.071E-01
  0.000E+00  0.000E+00  7.071E-01  5.773E-01  4.082E-01  7.071E-01  4.667E-01  3.928E-01  4.522E-01  4.082E-01
  4.472E-01  3.780E-01  5.773E-01  4.472E-01  3.780E-01  4.472E-01  5.773E-01  7.071E-01  0.000E+00  0.000E+00
  0.000E+00  0.000E+00  0.000E+00  0.000E+00  0.000E+00  0.000E+00  0.000E+00  0.000E+00  0.000E+00  0.000E+00
  0.000E+00  0.000E+00  0.000E+00  0.000E+00  0.000E+00  0.000E+00  0.000E+00  0.000E+00  0.000E+00  0.000E+00
  0.000E+00  0.000E+00  0.000E+00  0.000E+00  0.000E+00  0.000E+00  0.000E+00  0.000E+00  0.000E+00  0.000E+00
  0.000E+00  0.000E+00  0.000E+00  4.472E-01  5.773E-01  7.071E-01  1.000E+00  5.773E-01  4.472E-01  5.774E-01
  1.000E+00  0.000E+00  1.000E+00  5.000E-01  0.000E+00  0.000E+00  1.000E+00  5.774E-01  0.000E+00  0.000E+00
  1.000E+00  0.000E+00  0.000E+00  0.000E+00  0.000E+00  0.000E+00  0.000E+00  0.000E+00  0.000E+00  0.000E+00
  0.000E+00  1.000E+00  0.000E+00  0.000E+00  0.000E+00  0.000E+00  0.000E+00  0.000E+00  0.000E+00  1.000E+00
  0.000E+00  7.071E-01  7.071E-01  0.000E+00  0.000E+00  1.000E+00  7.071E-01  1.000E+00  0.000E+00  7.071E-01
  1.000E+00  0.000E+00  5.000E-01  1.000E+00  1.000E+00  4.082E-01  5.000E-01  4.472E-01  5.000E-01  5.773E-01
  5.021E-01  5.773E-01  3.162E-01  7.071E-01  4.082E-01  3.333E-01  3.536E-01  4.472E-01  0.000E+00  0.000E+00
  0.000E+00  0.000E+00  0.000E+00  0.000E+00  0.000E+00  0.000E+00  0.000E+00  0.000E+00  0.000E+00  0.000E+00
  0.000E+00  0.000E+00  0.000E+00  0.000E+00  0.000E+00  0.000E+00  0.000E+00  0.000E+00  0.000E+00  0.000E+00
  0.000E+00  0.000E+00  0.000E+00  0.000E+00  0.000E+00  0.000E+00  0.000E+00  0.000E+00  0.000E+00  0.000E+00
  0.000E+00  0.000E+00  1.000E+00  7.071E-01  1.000E+00  5.773E-01  6.991E-01  4.083E-01  5.954E-01  1.000E+00
  7.071E-01  1.000E+00  4.082E-01  1.000E+00  1.000E+00  1.000E+00  0.000E+00  0.000E+00  7.071E-01  0.000E+00
  0.000E+00  7.071E-01  1.000E+00  0.000E+00  0.000E+00  0.000E+00  0.000E+00  0.000E+00  0.000E+00  0.000E+00
  0.000E+00  0.000E+00  0.000E+00  1.000E+00  0.000E+00  0.000E+00  1.000E+00  1.000E+00  7.071E-01  1.000E+00
  0.000E+00  0.000E+00  1.000E+00  7.071E-01  1.000E+00  0.000E+00  0.000E+00  1.000E+00  0.000E+00  0.000E+00
  5.773E-01  5.073E-01  1.000E+00  5.774E-01  5.773E-01  5.000E-01  7.071E-01  3.536E-01  4.084E-01  5.660E-01
  4.318E-01  3.780E-01  7.071E-01  5.773E-01  5.773E-01  3.162E-01  3.536E-01  4.472E-01  0.000E+00  0.000E+00
  0.000E+00  0.000E+00  0.000E+00  0.000E+00  0.000E+00  0.000E+00  0.000E+00  0.000E+00  0.000E+00  0.000E+00
  0.000E+00  0.000E+00  0.000E+00  0.000E+00  0.000E+00  0.000E+00  0.000E+00  0.000E+00  0.000E+00  0.000E+00
  0.000E+00  0.000E+00  0.000E+00  0.000E+00  0.000E+00  0.000E+00  0.000E+00  0.000E+00  0.000E+00  0.000E+00
  0.000E+00  0.000E+00  7.076E-01  5.639E-01  1.000E+00  4.965E-01  5.774E-01  5.000E-01  4.183E-01  0.000E+00
  0.000E+00  7.071E-01  7.071E-01  1.000E+00  1.000E+00  1.000E+00  0.000E+00  7.071E-01  0.000E+00  0.000E+00
  0.000E+00  0.000E+00  0.000E+00  0.000E+00  0.000E+00  0.000E+00  0.000E+00  0.000E+00  0.000E+00  0.000E+00
  0.000E+00  0.000E+00  0.000E+00  1.000E+00  0.000E+00  0.000E+00  1.000E+00  0.000E+00  0.000E+00  7.071E-01
  1.000E+00  0.000E+00  1.000E+00  0.000E+00  5.773E-01  1.000E+00  1.000E+00  5.000E-01  7.071E-01  5.774E-01
  7.071E-01  1.000E+00  5.774E-01  4.082E-01  5.774E-01  5.000E-01  5.773E-01  4.472E-01  5.069E-01  4.228E-01
  4.472E-01  7.071E-01  4.472E-01  5.773E-01  3.780E-01  5.773E-01  5.773E-01  7.071E-01  0.000E+00  0.000E+00
  0.000E+00  0.000E+00  0.000E+00  0.000E+00  0.000E+00  0.000E+00  0.000E+00  0.000E+00  0.000E+00  0.000E+00
  0.000E+00  0.000E+00  0.000E+00  0.000E+00  0.000E+00  0.000E+00  0.000E+00  0.000E+00  0.000E+00  0.000E+00
  0.000E+00  0.000E+00  0.000E+00  0.000E+00  0.000E+00  0.000E+00  0.000E+00  0.000E+00  0.000E+00  0.000E+00
  0.000E+00  0.000E+00  1.000E+00  5.000E-01  5.773E-01  3.780E-01  7.071E-01  1.000E+00  4.472E-01  1.000E+00
  5.774E-01  1.000E+00  7.071E-01  0.000E+00  7.071E-01  0.000E+00  7.071E-01  0.000E+00  1.000E+00  0.000E+00
  1.000E+00  1.000E+00  0.000E+00  0.000E+00  0.000E+00  0.000E+00  0.000E+00  1.000E+00  0.000E+00  0.000E+00
  0.000E+00  0.000E+00  0.000E+00  1.000E+00  0.000E+00  0.000E+00  0.000E+00  1.000E+00  7.071E-01  0.000E+00
  7.071E-01  0.000E+00  0.000E+00  7.071E-01  7.071E-01  1.000E+00  5.773E-01  7.071E-01  0.000E+00  0.000E+00
  4.472E-01  4.472E-01  4.082E-01  7.071E-01  0.000E+00  5.000E-01  7.071E-01  5.773E-01  3.913E-01  3.556E-01
  4.082E-01  5.000E-01  4.124E-01  4.225E-01  4.082E-01  3.162E-01  3.536E-01  5.000E-01  0.000E+00  0.000E+00
  0.000E+00  0.000E+00  0.000E+00  0.000E+00  0.000E+00  0.000E+00  0.000E+00  0.000E+00  0.000E+00  0.000E+00
  0.000E+00  0.000E+00  0.000E+00  0.000E+00  0.000E+00  0.000E+00  0.000E+00  0.000E+00  0.000E+00  0.000E+00
  0.000E+00  0.000E+00  0.000E+00  0.000E+00  0.000E+00  0.000E+00  0.000E+00  0.000E+00  0.000E+00  0.000E+00
  0.000E+00  0.000E+00  0.000E+00  5.000E-01  5.000E-01  4.472E-01  5.090E-01  3.616E-01  5.000E-01  0.000E+00
  5.000E-01  0.000E+00  1.000E+00  0.000E+00  7.071E-01  4.472E-01  1.000E+00  0.000E+00  0.000E+00  1.000E+00
  5.000E-01  7.071E-01  0.000E+00  0.000E+00  0.000E+00  0.000E+00  0.000E+00  0.000E+00  0.000E+00  1.000E+00
  0.000E+00  0.000E+00  0.000E+00  0.000E+00  1.000E+00  0.000E+00  0.000E+00  0.000E+00  1.000E+00  0.000E+00
  1.000E+00  7.071E-01  0.000E+00  1.000E+00  0.000E+00  1.000E+00  5.000E-01  1.000E+00  5.773E-01  7.071E-01
  7.071E-01  7.071E-01  0.000E+00  7.071E-01  5.000E-01  5.748E-01  3.780E-01  5.773E-01  5.207E-01  4.082E-01
  3.780E-01  3.536E-01  5.000E-01  5.773E-01  5.773E-01  5.773E-01  5.042E-01  4.472E-01  0.000E+00  0.000E+00
  0.000E+00  0.000E+00  0.000E+00  0.000E+00  0.000E+00  0.000E+00  0.000E+00  0.000E+00  0.000E+00  0.000E+00
  0.000E+00  0.000E+00  0.000E+00  0.000E+00  0.000E+00  0.000E+00  0.000E+00  0.000E+00  0.000E+00  0.000E+00
  0.000E+00  0.000E+00  0.000E+00  0.000E+00  0.000E+00  0.000E+00  0.000E+00  0.000E+00  0.000E+00  0.000E+00
  0.000E+00  0.000E+00  0.000E+00  5.000E-01  7.071E-01  5.773E-01  5.000E-01  4.472E-01  4.082E-01  0.000E+00
  4.472E-01  7.071E-01  1.000E+00  7.217E-01  1.000E+00  1.000E+00  0.000E+00  7.071E-01  0.000E+00  0.000E+00
  0.000E+00  0.000E+00  0.000E+00  0.000E+00  0.000E+00  0.000E+00  0.000E+00  0.000E+00  0.000E+00  0.000E+00
  0.000E+00  0.000E+00  0.000E+00  1.000E+00  1.000E+00  0.000E+00  0.000E+00  0.000E+00  0.000E+00  1.000E+00
  5.000E-01  1.000E+00  5.773E-01  7.071E-01  1.000E+00  9.212E-01  1.000E+00  1.000E+00  5.774E-01  1.000E+00
  4.475E-01  5.621E-01  1.000E+00  5.774E-01  1.000E+00  5.000E-01  0.000E+00  3.333E-01  5.105E-01  3.918E-01
  3.785E-01  7.071E-01  3.780E-01  4.472E-01  5.000E-01  4.082E-01  4.280E-01  4.297E-01  0.000E+00  0.000E+00
  0.000E+00  0.000E+00  0.000E+00  0.000E+00  0.000E+00  0.000E+00  0.000E+00  0.000E+00  0.000E+00  0.000E+00
  0.000E+00  0.000E+00  0.000E+00  0.000E+00  0.000E+00  0.000E+00  0.000E+00  0.000E+00  0.000E+00  0.000E+00
  0.000E+00  0.000E+00  0.000E+00  0.000E+00  0.000E+00  0.000E+00  0.000E+00  0.000E+00  0.000E+00  0.000E+00
  0.000E+00  0.000E+00  0.000E+00  5.773E-01  0.000E+00  7.071E-01  7.071E-01  5.000E-01  7.999E-01  5.052E-01
  1.000E+00  7.071E-01  7.071E-01  1.000E+00  0.000E+00  7.071E-01  1.000E+00  0.000E+00  0.000E+00  5.000E-01
  0.000E+00  1.000E+00  0.000E+00  0.000E+00  0.000E+00  0.000E+00  0.000E+00  0.000E+00  0.000E+00  0.000E+00
  0.000E+00  0.000E+00  0.000E+00  0.000E+00  0.000E+00  0.000E+00  1.000E+00  7.060E-01  1.000E+00  1.000E+00
  1.000E+00  5.774E-01  0.000E+00  0.000E+00  7.071E-01  5.774E-01  1.000E+00  0.000E+00  0.000E+00  9.182E-01
  4.083E-01  7.013E-01  1.000E+00  3.536E-01  0.000E+00  5.774E-01  5.773E-01  1.000E+00  5.773E-01  1.000E+00
  3.015E-01  7.071E-01  3.536E-01  5.773E-01  4.472E-01  4.472E-01  3.536E-01  3.780E-01  0.000E+00  0.000E+00
  0.000E+00  0.000E+00  0.000E+00  0.000E+00  0.000E+00  0.000E+00  0.000E+00  0.000E+00  0.000E+00  0.000E+00
  0.000E+00  0.000E+00  0.000E+00  0.000E+00  0.000E+00  0.000E+00  0.000E+00  0.000E+00  0.000E+00  0.000E+00
  0.000E+00  0.000E+00  0.000E+00  0.000E+00  0.000E+00  0.000E+00  0.000E+00  0.000E+00  0.000E+00  0.000E+00
  0.000E+00  0.000E+00  7.121E-01  4.773E-01  7.071E-01  4.586E-01  1.000E+00  5.000E-01  1.000E+00  7.071E-01
  7.071E-01  7.071E-01  7.071E-01  7.071E-01  7.071E-01  7.071E-01  0.000E+00  0.000E+00  0.000E+00  1.000E+00
  0.000E+00  0.000E+00  0.000E+00  1.000E+00  0.000E+00  0.000E+00  1.000E+00  0.000E+00  0.000E+00  0.000E+00
  1.000E+00  0.000E+00  0.000E+00  0.000E+00  0.000E+00  0.000E+00  1.000E+00  0.000E+00  0.000E+00  1.000E+00
  0.000E+00  0.000E+00  1.000E+00  0.000E+00  7.071E-01  0.000E+00  0.000E+00  7.071E-01  1.000E+00  7.080E-01
  1.000E+00  7.071E-01  7.071E-01  7.071E-01  4.472E-01  5.000E-01  4.472E-01  7.071E-01  3.780E-01  6.043E-01
  3.836E-01  4.985E-01  3.498E-01  7.071E-01  3.780E-01  3.162E-01  3.780E-01  5.000E-01  0.000E+00  0.000E+00
  0.000E+00  0.000E+00  0.000E+00  0.000E+00  0.000E+00  0.000E+00  0.000E+00  0.000E+00  0.000E+00  0.000E+00
  0.000E+00  0.000E+00  0.000E+00  0.000E+00  0.000E+00  0.000E+00  0.000E+00  0.000E+00  0.000E+00  0.000E+00
  0.000E+00  0.000E+00  0.000E+00  0.000E+00  0.000E+00  0.000E+00  0.000E+00  0.000E+00  0.000E+00  0.000E+00
  0.000E+00  0.000E+00  0.000E+00  1.000E+00  7.071E-01  5.773E-01  7.071E-01  7.071E-01  4.472E-01  9.728E-01
  0.000E+00  1.000E+00  1.000E+00  0.000E+00  1.000E+00  0.000E+00  1.000E+00  1.000E+00  1.000E+00  0.000E+00
  1.000E+00  0.000E+00  0.000E+00  0.000E+00  1.000E+00  7.071E-01  0.000E+00  1.000E+00  0.000E+00  0.000E+00
  0.000E+00  0.000E+00  0.000E+00  0.000E+00  0.000E+00  0.000E+00  0.000E+00  1.000E+00  1.000E+00  0.000E+00
  0.000E+00  0.000E+00  1.000E+00  1.000E+00  0.000E+00  7.071E-01  1.000E+00  0.000E+00  7.071E-01  5.000E-01
  1.000E+00  0.000E+00  1.000E+00  4.572E-01  4.173E-01  7.071E-01  4.082E-01  3.536E-01  3.536E-01  4.082E-01
  5.000E-01  4.082E-01  3.808E-01  7.071E-01  3.780E-01  4.082E-01  3.162E-01  3.780E-01  0.000E+00  0.000E+00
  0.000E+00  0.000E+00  0.000E+00  0.000E+00  0.000E+00  0.000E+00  0.000E+00  0.000E+00  0.000E+00  0.000E+00
  0.000E+00  0.000E+00  0.000E+00  0.000E+00  0.000E+00  0.000E+00  0.000E+00  0.000E+00  0.000E+00  0.000E+00
  0.000E+00  0.000E+00  0.000E+00  0.000E+00  0.000E+00  0.000E+00  0.000E+00  0.000E+00  0.000E+00  0.000E+00
  0.000E+00  0.000E+00  0.000E+00  4.486E-01  4.479E-01  6.661E-01  5.774E-01  5.000E-01  5.000E-01  1.000E+00
  5.000E-01  1.000E+00  5.259E-01  5.886E-01  5.773E-01  1.000E+00  0.000E+00  1.000E+00  1.000E+00  1.000E+00
  0.000E+00  0.000E+00  1.000E+00  0.000E+00  1.000E+00  0.000E+00  1.000E+00  0.000E+00  0.000E+00  0.000E+00
  0.000E+00  0.000E+00  0.000E+00  0.000E+00  1.000E+00  1.000E+00  0.000E+00  0.000E+00  5.774E-01  0.000E+00
  1.000E+00  5.000E-01  0.000E+00  1.000E+00  1.000E+00  1.000E+00  0.000E+00  0.000E+00  5.773E-01  1.000E+00
  1.000E+00  1.000E+00  5.000E-01  7.071E-01  0.000E+00  7.071E-01  4.167E-01  4.579E-01  3.780E-01  5.000E-01
  3.780E-01  3.780E-01  4.187E-01  3.781E-01  3.333E-01  4.082E-01  4.082E-01  5.773E-01  0.000E+00  0.000E+00
  0.000E+00  0.000E+00  0.000E+00  0.000E+00  0.000E+00  0.000E+00  0.000E+00  0.000E+00  0.000E+00  0.000E+00
  0.000E+00  0.000E+00  0.000E+00  0.000E+00  0.000E+00  0.000E+00  0.000E+00  0.000E+00  0.000E+00  0.000E+00
  0.000E+00  0.000E+00  0.000E+00  0.000E+00  0.000E+00  0.000E+00  0.000E+00  0.000E+00  0.000E+00  0.000E+00
  0.000E+00  0.000E+00  1.000E+00  1.000E+00  7.071E-01  5.000E-01  1.000E+00  0.000E+00  1.000E+00  0.000E+00
  0.000E+00  1.000E+00  5.774E-01  1.000E+00  0.000E+00  0.000E+00  1.000E+00  0.000E+00  1.000E+00  1.000E+00
  1.000E+00  0.000E+00  0.000E+00  7.071E-01  0.000E+00  0.000E+00  0.000E+00  0.000E+00  0.000E+00  1.000E+00
  0.000E+00  0.000E+00  0.000E+00  0.000E+00  0.000E+00  0.000E+00  0.000E+00  0.000E+00  1.000E+00  0.000E+00
  0.000E+00  0.000E+00  0.000E+00  0.000E+00  1.000E+00  0.000E+00  5.773E-01  4.472E-01  5.774E-01  7.071E-01
  5.773E-01  7.071E-01  0.000E+00  7.071E-01  7.071E-01  7.071E-01  3.333E-01  4.082E-01  5.773E-01  5.000E-01
  5.000E-01  4.472E-01  5.000E-01  5.773E-01  4.472E-01  3.162E-01  7.071E-01  5.000E-01  0.000E+00  0.000E+00
  0.000E+00  0.000E+00  0.000E+00  0.000E+00  0.000E+00  0.000E+00  0.000E+00  0.000E+00  0.000E+00  0.000E+00
  0.000E+00  0.000E+00  0.000E+00  0.000E+00  0.000E+00  0.000E+00  0.000E+00  0.000E+00  0.000E+00  0.000E+00
  0.000E+00  0.000E+00  0.000E+00  0.000E+00  0.000E+00  0.000E+00  0.000E+00  0.000E+00  0.000E+00  0.000E+00
  0.000E+00  0.000E+00  0.000E+00  0.000E+00  7.071E-01  7.071E-01  7.071E-01  7.071E-01  0.000E+00  1.000E+00
  1.000E+00  1.000E+00  0.000E+00  0.000E+00  0.000E+00  0.000E+00  0.000E+00  0.000E+00  1.000E+00  0.000E+00
  1.000E+00  0.000E+00  0.000E+00  0.000E+00  1.000E+00  0.000E+00  0.000E+00  0.000E+00  0.000E+00  0.000E+00
  0.000E+00  0.000E+00  0.000E+00  0.000E+00  1.000E+00  0.000E+00  0.000E+00  0.000E+00  0.000E+00  1.000E+00
  0.000E+00  0.000E+00  0.000E+00  0.000E+00  7.071E-01  1.000E+00  7.071E-01  0.000E+00  1.000E+00  0.000E+00
  1.000E+00  0.000E+00  5.773E-01  6.505E-01  5.019E-01  3.839E-01  4.175E-01  5.000E-01  5.773E-01  5.000E-01
  4.082E-01  4.472E-01  6.721E-01  4.477E-01  4.472E-01  4.082E-01  5.000E-01  4.472E-01  0.000E+00  0.000E+00
  0.000E+00  0.000E+00  0.000E+00  0.000E+00  0.000E+00  0.000E+00  0.000E+00  0.000E+00  0.000E+00  0.000E+00
  0.000E+00  0.000E+00  0.000E+00  0.000E+00  0.000E+00  0.000E+00  0.000E+00  0.000E+00  0.000E+00  0.000E+00
  0.000E+00  0.000E+00  0.000E+00  0.000E+00  0.000E+00  0.000E+00  0.000E+00  0.000E+00  0.000E+00  0.000E+00
  0.000E+00  0.000E+00  1.000E+00  5.043E-01  6.412E-01  7.133E-01  5.774E-01  5.000E-01  1.000E+00  5.773E-01
  1.000E+00  0.000E+00  0.000E+00  1.000E+00  1.000E+00  7.843E-01  0.000E+00  1.000E+00  1.000E+00  0.000E+00
  1.000E+00  0.000E+00  0.000E+00  0.000E+00  0.000E+00  0.000E+00  0.000E+00  0.000E+00  0.000E+00  0.000E+00
  0.000E+00  0.000E+00  0.000E+00  0.000E+00  0.000E+00  0.000E+00  1.000E+00  1.000E+00  1.000E+00  7.071E-01
  1.000E+00  1.000E+00  0.000E+00  7.071E-01  7.071E-01  0.000E+00  0.000E+00  5.174E-01  1.000E+00  0.000E+00
  4.082E-01  1.000E+00  0.000E+00  4.472E-01  1.000E+00  5.000E-01  5.774E-01  4.472E-01  3.780E-01  3.536E-01
  4.082E-01  4.082E-01  4.472E-01  3.381E-01  5.000E-01  3.780E-01  3.780E-01  5.412E-01  0.000E+00  0.000E+00
  0.000E+00  0.000E+00  0.000E+00  0.000E+00  0.000E+00  0.000E+00  0.000E+00  0.000E+00  0.000E+00  0.000E+00
  0.000E+00  0.000E+00  0.000E+00  0.000E+00  0.000E+00  0.000E+00  0.000E+00  0.000E+00  0.000E+00  0.000E+00
  0.000E+00  0.000E+00  0.000E+00  0.000E+00  0.000E+00  0.000E+00  0.000E+00  0.000E+00  0.000E+00  0.000E+00
  0.000E+00  0.000E+00  0.000E+00  5.000E-01  5.000E-01  5.000E-01  1.000E+00  7.071E-01  1.000E+00  7.310E-01
  7.657E-01  5.000E-01  7.071E-01  1.000E+00  1.000E+00  0.000E+00  0.000E+00  1.000E+00  1.000E+00  1.000E+00
  1.000E+00  0.000E+00  0.000E+00  0.000E+00  0.000E+00  0.000E+00  0.000E+00  0.000E+00  0.000E+00  1.000E+00
  0.000E+00  0.000E+00  0.000E+00  0.000E+00  0.000E+00  0.000E+00  5.774E-01  0.000E+00  0.000E+00  0.000E+00
  0.000E+00  0.000E+00  1.000E+00  1.000E+00  0.000E+00  7.071E-01  5.000E-01  7.393E-01  1.000E+00  0.000E+00
  0.000E+00  6.264E-01  1.000E+00  5.000E-01  5.773E-01  5.000E-01  5.000E-01  5.861E-01  4.943E-01  4.163E-01
  3.335E-01  7.071E-01  7.071E-01  4.161E-01  3.780E-01  3.780E-01  5.773E-01  3.793E-01  0.000E+00  0.000E+00
  0.000E+00  0.000E+00  0.000E+00  0.000E+00  0.000E+00  0.000E+00  0.000E+00  0.000E+00  0.000E+00  0.000E+00
  0.000E+00  0.000E+00  0.000E+00  0.000E+00  0.000E+00  0.000E+00  0.000E+00  0.000E+00  0.000E+00  0.000E+00
  0.000E+00  0.000E+00  0.000E+00  0.000E+00  0.000E+00  0.000E+00  0.000E+00  0.000E+00  0.000E+00  0.000E+00
  0.000E+00  0.000E+00  1.000E+00  5.000E-01  5.773E-01  1.000E+00  5.000E-01  7.071E-01  0.000E+00  1.000E+00
  1.000E+00  7.071E-01  7.071E-01  1.000E+00  0.000E+00  0.000E+00  8.257E-01  7.142E-01  0.000E+00  0.000E+00
  0.000E+00  1.000E+00  0.000E+00  0.000E+00  1.000E+00  0.000E+00  0.000E+00  1.000E+00  0.000E+00  0.000E+00
  0.000E+00  0.000E+00  0.000E+00  0.000E+00  1.000E+00  0.000E+00  0.000E+00  0.000E+00  0.000E+00  0.000E+00
  7.071E-01  0.000E+00  1.000E+00  1.000E+00  0.000E+00  0.000E+00  7.071E-01  5.778E-01  9.284E-01  5.773E-01
  5.773E-01  5.881E-01  1.000E+00  7.071E-01  7.071E-01  5.774E-01  3.866E-01  5.000E-01  4.082E-01  8.557E-01
  3.536E-01  5.716E-01  4.472E-01  3.536E-01  3.414E-01  4.472E-01  4.082E-01  4.472E-01  0.000E+00  0.000E+00
  0.000E+00  0.000E+00  0.000E+00  0.000E+00  0.000E+00  0.000E+00  0.000E+00  0.000E+00  0.000E+00  0.000E+00
  0.000E+00  0.000E+00  0.000E+00  0.000E+00  0.000E+00  0.000E+00  0.000E+00  0.000E+00  0.000E+00  0.000E+00
  0.000E+00  0.000E+00  0.000E+00  0.000E+00  0.000E+00  0.000E+00  0.000E+00  0.000E+00  0.000E+00  0.000E+00
  0.000E+00  0.000E+00  1.000E+00  4.082E-01  7.071E-01  1.000E+00  5.188E-01  7.071E-01  1.000E+00  7.071E-01
  7.071E-01  5.000E-01  7.071E-01  1.000E+00  0.000E+00  0.000E+00  0.000E+00  1.000E+00  1.000E+00  7.071E-01
  0.000E+00  0.000E+00  1.000E+00  0.000E+00  0.000E+00  0.000E+00  1.000E+00  0.000E+00  0.000E+00  0.000E+00
  0.000E+00  0.000E+00  0.000E+00  7.071E-01  0.000E+00  0.000E+00  0.000E+00  0.000E+00  1.000E+00  0.000E+00
  0.000E+00  7.071E-01  0.000E+00  0.000E+00  1.000E+00  1.000E+00  1.000E+00  7.071E-01  0.000E+00  1.000E+00
  5.774E-01  1.000E+00  7.071E-01  3.780E-01  4.472E-01  0.000E+00  1.000E+00  5.000E-01  7.071E-01  7.071E-01
  3.780E-01  5.021E-01  1.000E+00  4.472E-01  3.810E-01  4.472E-01  4.472E-01  4.082E-01  0.000E+00  0.000E+00
  0.000E+00  0.000E+00  0.000E+00  0.000E+00  0.000E+00  0.000E+00  0.000E+00  0.000E+00  0.000E+00  0.000E+00
  0.000E+00  0.000E+00  0.000E+00  0.000E+00  0.000E+00  0.000E+00  0.000E+00  0.000E+00  0.000E+00  0.000E+00
  0.000E+00  0.000E+00  0.000E+00  0.000E+00  0.000E+00  0.000E+00  0.000E+00  0.000E+00  0.000E+00  0.000E+00
  0.000E+00  0.000E+00  7.071E-01  7.199E-01  5.304E-01  5.773E-01  4.780E-01  1.000E+00  0.000E+00  4.472E-01
  7.071E-01  0.000E+00  5.000E-01  7.071E-01  0.000E+00  1.000E+00  0.000E+00  0.000E+00  0.000E+00  0.000E+00
  0.000E+00  0.000E+00  0.000E+00  7.071E-01  0.000E+00  0.000E+00  0.000E+00  0.000E+00  0.000E+00  0.000E+00
  0.000E+00  0.000E+00  0.000E+00  0.000E+00  0.000E+00  0.000E+00  0.000E+00  0.000E+00  1.000E+00  0.000E+00
  0.000E+00  0.000E+00  0.000E+00  0.000E+00  7.071E-01  0.000E+00  1.000E+00  5.773E-01  5.774E-01  1.000E+00
  1.000E+00  1.000E+00  5.211E-01  6.373E-01  5.000E-01  5.773E-01  7.071E-01  5.773E-01  1.000E+00  4.082E-01
  5.773E-01  6.494E-01  7.071E-01  5.000E-01  7.071E-01  3.536E-01  3.162E-01  4.082E-01  0.000E+00  0.000E+00
  0.000E+00  0.000E+00  0.000E+00  0.000E+00  0.000E+00  0.000E+00  0.000E+00  0.000E+00  0.000E+00  0.000E+00
  0.000E+00  0.000E+00  0.000E+00  0.000E+00  0.000E+00  0.000E+00  0.000E+00  0.000E+00  0.000E+00  0.000E+00
  0.000E+00  0.000E+00  0.000E+00  0.000E+00  0.000E+00  0.000E+00  0.000E+00  0.000E+00  0.000E+00  0.000E+00
  0.000E+00  0.000E+00  0.000E+00  3.780E-01  7.071E-01  1.000E+00  5.000E-01  5.000E-01  7.071E-01  7.071E-01
  0.000E+00  5.000E-01  1.000E+00  0.000E+00  0.000E+00  7.071E-01  1.000E+00  0.000E+00  8.935E-01  0.000E+00
  0.000E+00  0.000E+00  0.000E+00  0.000E+00  1.000E+00  0.000E+00  0.000E+00  0.000E+00  0.000E+00  0.000E+00
  1.000E+00  0.000E+00  0.000E+00  0.000E+00  0.000E+00  0.000E+00  1.000E+00  0.000E+00  1.000E+00  1.000E+00
  0.000E+00  1.000E+00  0.000E+00  0.000E+00  5.774E-01  1.000E+00  7.071E-01  7.071E-01  1.000E+00  1.000E+00
  1.000E+00  0.000E+00  5.773E-01  0.000E+00  7.071E-01  0.000E+00  7.071E-01  5.774E-01  4.472E-01  5.773E-01
  5.000E-01  4.082E-01  4.472E-01  3.780E-01  1.000E+00  7.071E-01  5.773E-01  8.241E-01  5.773E-01  4.472E-01
  4.472E-01  7.071E-01  5.000E-01  7.071E-01  1.000E+00  4.082E-01  7.071E-01  0.000E+00  7.071E-01  0.000E+00
  7.071E-01  5.069E-01  1.000E+00  5.773E-01  4.500E-01  5.366E-01  5.000E-01  7.071E-01  0.000E+00  4.472E-01
  7.071E-01  5.000E-01  4.472E-01  5.773E-01  5.000E-01  0.000E+00  5.773E-01  0.000E+00  0.000E+00  5.000E-01
  0.000E+00  1.000E+00  5.000E-01  5.000E-01  7.071E-01  0.000E+00  7.071E-01  0.000E+00  0.000E+00  0.000E+00
  1.000E+00  1.000E+00  1.000E+00  0.000E+00  0.000E+00  7.071E-01  1.000E+00  0.000E+00  5.785E-01  0.000E+00
  1.000E+00  0.000E+00  0.000E+00  0.000E+00  1.000E+00  0.000E+00  0.000E+00  0.000E+00  0.000E+00  1.000E+00
  0.000E+00  0.000E+00  0.000E+00  1.000E+00  0.000E+00  0.000E+00  0.000E+00  0.000E+00  5.894E-01  7.071E-01
  7.071E-01  0.000E+00  0.000E+00  0.000E+00  1.000E+00  0.000E+00  0.000E+00  1.000E+00  1.000E+00  1.000E+00
  5.774E-01  0.000E+00  5.773E-01  1.000E+00  7.389E-01  4.179E-01  7.071E-01  8.262E-01  5.000E-01  4.472E-01
  4.472E-01  7.071E-01  7.071E-01  5.774E-01  5.773E-01  1.000E+00  0.000E+00  0.000E+00  5.000E-01  4.472E-01
  3.973E-01  4.472E-01  1.000E+00  3.536E-01  4.376E-01  5.773E-01  4.579E-01  1.000E+00  3.333E-01  4.082E-01
  4.082E-01  3.630E-01  5.000E-01  4.082E-01  3.780E-01  4.082E-01  4.082E-01  5.324E-01  5.000E-01  4.082E-01
  3.333E-01  3.333E-01  7.071E-01  5.773E-01  6.741E-01  3.780E-01  5.000E-01  5.773E-01  4.472E-01  5.773E-01
  4.472E-01  4.083E-01  7.071E-01  8.552E-01  5.800E-01  5.773E-01  5.773E-01  1.000E+00  5.774E-01  7.071E-01
  7.071E-01  7.071E-01  0.000E+00  0.000E+00  0.000E+00  0.000E+00  7.071E-01  0.000E+00  0.000E+00  0.000E+00
  0.000E+00  1.000E+00  0.000E+00  0.000E+00  0.000E+00  0.000E+00  0.000E+00  0.000E+00  0.000E+00  1.000E+00
  1.000E+00  0.000E+00  0.000E+00  0.000E+00  0.000E+00  0.000E+00  1.000E+00  0.000E+00  0.000E+00  0.000E+00
  1.000E+00  0.000E+00  0.000E+00  0.000E+00  0.000E+00  5.774E-01  0.000E+00  1.000E+00  1.000E+00  0.000E+00
  7.071E-01  1.000E+00  1.000E+00  5.774E-01  7.071E-01  7.071E-01  5.773E-01  4.496E-01  4.258E-01  5.000E-01
  4.473E-01  6.920E-01  5.000E-01  4.545E-01  5.215E-01  0.000E+00  0.000E+00  1.000E+00  3.622E-01  3.523E-01
  5.797E-01  4.472E-01  5.000E-01  4.472E-01  5.458E-01  4.486E-01  4.584E-01  3.780E-01  3.780E-01  0.000E+00
  5.773E-01  5.773E-01  4.082E-01  1.000E+00  5.000E-01  5.773E-01  3.162E-01  3.027E-01  1.000E+00  4.472E-01
  5.773E-01  3.780E-01  3.780E-01  5.000E-01  3.335E-01  7.071E-01  7.071E-01  1.000E+00  4.472E-01  5.773E-01
  7.071E-01  4.472E-01  7.038E-01  1.000E+00  4.472E-01  5.773E-01  5.774E-01  7.071E-01  7.071E-01  1.000E+00
  1.000E+00  6.480E-01  1.000E+00  7.071E-01  0.000E+00  0.000E+00  0.000E+00  1.000E+00  0.000E+00  0.000E+00
  0.000E+00  0.000E+00  0.000E+00  0.000E+00  1.000E+00  0.000E+00  0.000E+00  0.000E+00  0.000E+00  0.000E+00
  0.000E+00  0.000E+00  0.000E+00  0.000E+00  0.000E+00  0.000E+00  0.000E+00  0.000E+00  0.000E+00  7.071E-01
  0.000E+00  0.000E+00  0.000E+00  0.000E+00  1.000E+00  7.071E-01  1.000E+00  5.773E-01  5.773E-01  1.000E+00
  7.071E-01  0.000E+00  1.000E+00  5.000E-01  5.013E-01  8.701E-01  0.000E+00  0.000E+00  7.177E-01  7.071E-01
  5.048E-01  5.774E-01  5.000E-01  5.000E-01  7.071E-01  1.000E+00  0.000E+00  1.000E+00  7.298E-01  5.000E-01
  5.000E-01  4.082E-01  5.773E-01  5.773E-01  3.948E-01  4.493E-01  3.780E-01  2.887E-01  7.071E-01  5.000E-01
  4.086E-01  3.333E-01  5.773E-01  4.082E-01  3.536E-01  7.071E-01  3.162E-01  2.887E-01  3.696E-01  4.472E-01
  4.082E-01  7.071E-01  4.472E-01  4.472E-01  5.000E-01  5.416E-01  5.773E-01  4.472E-01  5.000E-01  1.000E+00
  5.000E-01  4.082E-01  4.082E-01  1.000E+00  7.071E-01  5.000E-01  5.000E-01  1.000E+00  7.071E-01  1.000E+00
  1.000E+00  0.000E+00  1.000E+00  1.000E+00  0.000E+00  1.000E+00  0.000E+00  1.000E+00  8.053E-01  0.000E+00
  0.000E+00  0.000E+00  0.000E+00  0.000E+00  0.000E+00  0.000E+00  0.000E+00  0.000E+00  1.000E+00  0.000E+00
  0.000E+00  0.000E+00  0.000E+00  0.000E+00  0.000E+00  0.000E+00  0.000E+00  0.000E+00  7.071E-01  0.000E+00
  0.000E+00  0.000E+00  7.071E-01  7.071E-01  0.000E+00  1.000E+00  0.000E+00  1.000E+00  0.000E+00  7.071E-01
  7.071E-01  7.071E-01  5.774E-01  5.914E-01  6.115E-01  0.000E+00  1.000E+00  5.773E-01  7.071E-01  5.000E-01
  6.285E-01  5.435E-01  3.790E-01  5.774E-01  1.000E+00  0.000E+00  0.000E+00  0.000E+00  5.029E-01  5.777E-01
  4.123E-01  7.071E-01  3.536E-01  1.000E+00  3.333E-01  5.000E-01  3.849E-01  3.536E-01  5.000E-01  5.773E-01
  4.881E-01  7.071E-01  5.773E-01  3.536E-01  3.536E-01  4.472E-01  5.773E-01  4.472E-01  4.241E-01  3.536E-01
  5.963E-01  5.000E-01  4.472E-01  4.082E-01  5.000E-01  4.492E-01  5.773E-01  1.000E+00  5.773E-01  5.025E-01
  5.851E-01  5.307E-01  5.000E-01  5.773E-01  5.000E-01  5.000E-01  0.000E+00  1.000E+00  1.000E+00  1.000E+00
  0.000E+00  0.000E+00  7.071E-01  0.000E+00  1.000E+00  1.000E+00  0.000E+00  0.000E+00  7.071E-01  1.000E+00
  0.000E+00  0.000E+00  1.000E+00  1.000E+00  0.000E+00  0.000E+00  0.000E+00  0.000E+00  0.000E+00  0.000E+00
  0.000E+00  0.000E+00  0.000E+00  0.000E+00  0.000E+00  0.000E+00  0.000E+00  0.000E+00  0.000E+00  0.000E+00
  0.000E+00  0.000E+00  1.000E+00  7.071E-01  1.000E+00  7.071E-01  1.000E+00  7.071E-01  7.071E-01  0.000E+00
  1.000E+00  1.000E+00  1.000E+00  7.092E-01  0.000E+00  0.000E+00  1.000E+00  5.774E-01  5.000E-01  7.071E-01
  4.472E-01  5.000E-01  6.112E-01  5.915E-01  4.472E-01  1.000E+00  0.000E+00  1.000E+00  3.536E-01  4.111E-01
  3.894E-01  5.659E-01  3.334E-01  5.000E-01  3.536E-01  4.082E-01  4.052E-01  7.099E-01  3.780E-01  4.082E-01
  4.549E-01  3.162E-01  3.536E-01  4.394E-01  3.780E-01  4.082E-01  1.000E+00  4.472E-01  5.867E-01  4.082E-01
  4.179E-01  4.472E-01  5.774E-01  1.000E+00  4.472E-01  5.000E-01  5.000E-01  7.071E-01  5.773E-01  5.000E-01
  1.000E+00  4.082E-01  7.071E-01  7.071E-01  7.071E-01  5.773E-01  1.000E+00  7.111E-01  7.071E-01  1.000E+00
  1.000E+00  0.000E+00  1.000E+00  1.000E+00  5.083E-01  0.000E+00  1.000E+00  0.000E+00  0.000E+00  1.000E+00
  0.000E+00  0.000E+00  0.000E+00  0.000E+00  0.000E+00  0.000E+00  0.000E+00  0.000E+00  0.000E+00  0.000E+00
  0.000E+00  0.000E+00  0.000E+00  0.000E+00  0.000E+00  0.000E+00  0.000E+00  0.000E+00  1.000E+00  0.000E+00
  0.000E+00  0.000E+00  0.000E+00  7.071E-01  1.000E+00  0.000E+00  0.000E+00  5.773E-01  7.071E-01  0.000E+00
  0.000E+00  0.000E+00  5.109E-01  7.605E-01  4.472E-01  1.000E+00  7.071E-01  1.000E+00  5.314E-01  1.000E+00
  0.000E+00  7.071E-01  1.000E+00  1.000E+00  5.773E-01  0.000E+00  0.000E+00  1.000E+00  7.071E-01  4.472E-01
  4.082E-01  4.472E-01  7.071E-01  5.774E-01  5.774E-01  5.048E-01  5.330E-01  3.545E-01  3.455E-01  3.536E-01
  6.087E-01  7.071E-01  3.333E-01  3.782E-01  5.000E-01  5.773E-01  7.071E-01  4.499E-01  4.734E-01  3.536E-01
  4.472E-01  5.000E-01  7.071E-01  3.780E-01  5.000E-01  7.071E-01  5.000E-01  4.472E-01  7.071E-01  1.000E+00
  7.071E-01  5.000E-01  0.000E+00  7.071E-01  1.000E+00  7.410E-01  1.000E+00  0.000E+00  1.000E+00  0.000E+00
  0.000E+00  1.000E+00  1.000E+00  1.000E+00  0.000E+00  0.000E+00  0.000E+00  1.000E+00  1.000E+00  0.000E+00
  0.000E+00  0.000E+00  0.000E+00  0.000E+00  1.000E+00  1.000E+00  1.000E+00  0.000E+00  0.000E+00  0.000E+00
  1.000E+00  0.000E+00  0.000E+00  0.000E+00  0.000E+00  0.000E+00  0.000E+00  1.000E+00  0.000E+00  0.000E+00
  1.000E+00  0.000E+00  1.000E+00  0.000E+00  1.000E+00  0.000E+00  0.000E+00  0.000E+00  0.000E+00  1.000E+00
  7.071E-01  0.000E+00  0.000E+00  0.000E+00  1.000E+00  7.071E-01  7.071E-01  1.000E+00  5.773E-01  0.000E+00
  5.000E-01  5.774E-01  1.000E+00  7.071E-01  7.071E-01  0.000E+00  0.000E+00  0.000E+00  5.000E-01  7.071E-01
  7.071E-01  3.780E-01  1.000E+00  3.536E-01  4.083E-01  5.058E-01  4.243E-01  3.162E-01  3.333E-01  5.773E-01
  5.000E-01  5.773E-01  7.071E-01  5.773E-01  4.472E-01  3.780E-01  4.472E-01  3.333E-01  5.773E-01  5.773E-01
  5.000E-01  7.071E-01  7.071E-01  5.000E-01  5.000E-01  5.773E-01  4.472E-01  4.472E-01  4.813E-01  5.000E-01
  7.278E-01  7.071E-01  5.000E-01  5.773E-01  1.000E+00  5.199E-01  7.071E-01  0.000E+00  5.802E-01  9.890E-01
  0.000E+00  5.774E-01  5.774E-01  7.071E-01  1.000E+00  0.000E+00  7.071E-01  1.000E+00  1.000E+00  0.000E+00
  0.000E+00  0.000E+00  0.000E+00  0.000E+00  0.000E+00  0.000E+00  1.000E+00  1.000E+00  0.000E+00  1.000E+00
  0.000E+00  0.000E+00  0.000E+00  0.000E+00  0.000E+00  0.000E+00  0.000E+00  0.000E+00  0.000E+00  0.000E+00
  0.000E+00  0.000E+00  0.000E+00  0.000E+00  0.000E+00  0.000E+00  0.000E+00  0.000E+00  0.000E+00  0.000E+00
  0.000E+00  0.000E+00  0.000E+00  0.000E+00  0.000E+00  0.000E+00  0.000E+00  0.000E+00  0.000E+00  0.000E+00
  0.000E+00  0.000E+00  0.000E+00  0.000E+00  0.000E+00  0.000E+00  0.000E+00  8.646E-01  1.000E+00  5.773E-01
  7.071E-01  5.000E-01  7.071E-01  4.472E-01  5.000E-01  4.472E-01  1.000E+00  4.680E-01  3.536E-01  7.071E-01
  5.000E-01  4.472E-01  5.773E-01  4.082E-01  4.210E-01  4.472E-01  5.862E-01  4.082E-01  3.202E-01  5.147E-01
  3.780E-01  5.773E-01  5.000E-01  6.564E-01  5.773E-01  5.774E-01  1.000E+00  5.773E-01  3.787E-01  4.472E-01
  7.725E-01  5.861E-01  6.225E-01  0.000E+00  1.000E+00  4.248E-01  1.000E+00  0.000E+00  1.000E+00  1.000E+00
  0.000E+00  0.000E+00  7.071E-01  1.000E+00  0.000E+00  1.000E+00  0.000E+00  1.000E+00  7.071E-01  0.000E+00
  0.000E+00  0.000E+00  0.000E+00  0.000E+00  0.000E+00  0.000E+00  0.000E+00  0.000E+00  0.000E+00  1.000E+00
  0.000E+00  0.000E+00  0.000E+00  0.000E+00  0.000E+00  0.000E+00  0.000E+00  0.000E+00  0.000E+00  0.000E+00
  0.000E+00  0.000E+00  0.000E+00  0.000E+00  0.000E+00  0.000E+00  0.000E+00  0.000E+00  0.000E+00  0.000E+00
  0.000E+00  0.000E+00  0.000E+00  0.000E+00  0.000E+00  0.000E+00  0.000E+00  0.000E+00  0.000E+00  0.000E+00
  0.000E+00  0.000E+00  0.000E+00  0.000E+00  0.000E+00  0.000E+00  0.000E+00  1.000E+00  5.773E-01  5.773E-01
  5.774E-01  5.000E-01  5.000E-01  5.773E-01  4.472E-01  5.773E-01  5.773E-01  3.808E-01  1.000E+00  3.162E-01
  7.071E-01  5.773E-01  4.082E-01  5.000E-01  4.132E-01  3.864E-01  4.679E-01  4.082E-01  4.472E-01  4.472E-01
  4.472E-01  5.774E-01  1.000E+00  4.091E-01  4.082E-01  7.071E-01  7.071E-01  5.774E-01  1.000E+00  7.071E-01
  7.071E-01  5.918E-01  6.091E-01  0.000E+00  1.000E+00  0.000E+00  1.000E+00  1.000E+00  0.000E+00  0.000E+00
  5.000E-01  1.000E+00  1.000E+00  0.000E+00  1.000E+00  1.000E+00  0.000E+00  0.000E+00  0.000E+00  1.000E+00
  0.000E+00  0.000E+00  0.000E+00  0.000E+00  0.000E+00  0.000E+00  0.000E+00  0.000E+00  0.000E+00  0.000E+00
  0.000E+00  0.000E+00  0.000E+00  0.000E+00  0.000E+00  0.000E+00  0.000E+00  0.000E+00  0.000E+00  0.000E+00
  0.000E+00  0.000E+00  0.000E+00  0.000E+00  0.000E+00  0.000E+00  0.000E+00  0.000E+00  0.000E+00  0.000E+00
  0.000E+00  0.000E+00  0.000E+00  0.000E+00  0.000E+00  0.000E+00  0.000E+00  0.000E+00  0.000E+00  0.000E+00
  0.000E+00  0.000E+00  1.000E+00  1.000E+00  0.000E+00  0.000E+00  0.000E+00  4.473E-01  5.686E-01  1.000E+00
  7.613E-01  0.000E+00  4.472E-01  5.000E-01  4.472E-01  4.082E-01  3.780E-01  4.472E-01  4.472E-01  4.082E-01
  5.773E-01  5.000E-01  1.000E+00  4.472E-01  4.472E-01  5.114E-01  0.000E+00  4.082E-01  5.000E-01  7.071E-01
  5.773E-01  7.071E-01  4.472E-01  4.591E-01  5.773E-01  5.774E-01  1.000E+00  1.000E+00  5.774E-01  5.773E-01
  1.000E+00  5.774E-01  0.000E+00  5.000E-01  7.071E-01  1.000E+00  1.000E+00  0.000E+00  1.000E+00  0.000E+00
  7.071E-01  0.000E+00  1.000E+00  7.071E-01  0.000E+00  7.071E-01  1.000E+00  0.000E+00  1.000E+00  1.000E+00
  0.000E+00  0.000E+00  1.000E+00  0.000E+00  0.000E+00  0.000E+00  0.000E+00  0.000E+00  0.000E+00  0.000E+00
  0.000E+00  0.000E+00  0.000E+00  0.000E+00  0.000E+00  0.000E+00  0.000E+00  0.000E+00  0.000E+00  0.000E+00
  0.000E+00  0.000E+00  0.000E+00  0.000E+00  0.000E+00  1.000E+00  0.000E+00  1.000E+00  1.000E+00  0.000E+00
  1.000E+00  1.000E+00  0.000E+00  5.774E-01  0.000E+00  1.000E+00  1.000E+00  7.071E-01  5.773E-01  1.000E+00
  7.071E-01  0.000E+00  5.773E-01  6.098E-01  7.071E-01  5.000E-01  1.000E+00  0.000E+00  7.071E-01  7.071E-01
  5.932E-01  5.248E-01  4.532E-01  5.773E-01  5.000E-01  5.000E-01  7.071E-01  5.773E-01  4.472E-01  5.000E-01
  7.071E-01  7.071E-01  7.071E-01  7.731E-01  3.818E-01  5.000E-01  5.000E-01  5.774E-01  5.774E-01  5.000E-01
  5.000E-01  7.071E-01  7.071E-01  5.978E-01  5.774E-01  5.000E-01  5.773E-01  1.000E+00  6.648E-01  7.077E-01
  0.000E+00  8.155E-01  1.000E+00  1.000E+00  1.000E+00  0.000E+00  0.000E+00  7.071E-01  0.000E+00  1.000E+00
  5.774E-01  0.000E+00  0.000E+00  0.000E+00  7.071E-01  1.000E+00  0.000E+00  0.000E+00  0.000E+00  1.000E+00
  0.000E+00  0.000E+00  0.000E+00  0.000E+00  0.000E+00  0.000E+00  0.000E+00  0.000E+00  0.000E+00  0.000E+00
  0.000E+00  0.000E+00  0.000E+00  0.000E+00  1.000E+00  1.000E+00  0.000E+00  0.000E+00  0.000E+00  0.000E+00
  0.000E+00  0.000E+00  0.000E+00  0.000E+00  0.000E+00  0.000E+00  0.000E+00  0.000E+00  0.000E+00  0.000E+00
  1.000E+00  1.000E+00  0.000E+00  1.000E+00  6.346E-01  5.774E-01  1.000E+00  1.000E+00  1.000E+00  5.774E-01
  5.000E-01  0.000E+00  1.000E+00  7.314E-01  5.773E-01  7.071E-01  5.000E-01  7.071E-01  4.480E-01  0.000E+00
  6.626E-01  7.071E-01  1.000E+00  1.000E+00  4.472E-01  5.000E-01  5.773E-01  3.780E-01  4.472E-01  5.773E-01
  1.000E+00  5.000E-01  7.071E-01  1.000E+00  1.000E+00  1.000E+00  3.680E-01  7.071E-01  7.071E-01  5.000E-01
  5.773E-01  4.472E-01  1.000E+00  4.485E-01  8.314E-01  1.000E+00  5.774E-01  1.000E+00  5.776E-01  0.000E+00
  0.000E+00  7.157E-01  0.000E+00  1.000E+00  1.000E+00  1.000E+00  1.000E+00  7.071E-01  0.000E+00  0.000E+00
  0.000E+00  0.000E+00  0.000E+00  0.000E+00  0.000E+00  0.000E+00  0.000E+00  7.071E-01  0.000E+00  0.000E+00
  0.000E+00  0.000E+00  0.000E+00  0.000E+00  1.000E+00  0.000E+00  0.000E+00  0.000E+00  0.000E+00  0.000E+00
  0.000E+00  0.000E+00  0.000E+00  0.000E+00  0.000E+00  0.000E+00  1.000E+00  1.000E+00  0.000E+00  0.000E+00
  0.000E+00  1.000E+00  1.000E+00  0.000E+00  0.000E+00  0.000E+00  1.000E+00  0.000E+00  1.000E+00  1.000E+00
  0.000E+00  5.774E-01  1.000E+00  1.000E+00  1.000E+00  8.728E-01  7.071E-01  0.000E+00  7.071E-01  5.773E-01
  1.000E+00  5.000E-01  0.000E+00  1.000E+00  5.773E-01  1.000E+00  7.071E-01  7.071E-01  8.844E-01  0.000E+00
  5.788E-01  5.703E-01  4.472E-01  7.071E-01  7.071E-01  4.549E-01  7.071E-01  7.071E-01  1.000E+00  5.000E-01
  1.000E+00  1.000E+00  7.071E-01  4.082E-01  7.057E-01  7.071E-01  1.000E+00  7.071E-01  1.000E+00  7.071E-01
  5.773E-01  5.773E-01  3.780E-01  1.000E+00  1.000E+00  7.071E-01  1.000E+00  7.071E-01  0.000E+00  7.071E-01
  5.000E-01  0.000E+00  7.071E-01  1.000E+00  1.000E+00  1.000E+00  7.071E-01  7.071E-01  1.000E+00  1.000E+00
  0.000E+00  1.000E+00  0.000E+00  0.000E+00  0.000E+00  0.000E+00  0.000E+00  0.000E+00  1.000E+00  0.000E+00
  0.000E+00  1.000E+00  0.000E+00  1.000E+00  0.000E+00  0.000E+00  0.000E+00  0.000E+00  0.000E+00  0.000E+00
  0.000E+00  0.000E+00  0.000E+00  0.000E+00  0.000E+00  1.000E+00  7.229E-01  1.000E+00  0.000E+00  0.000E+00
  1.000E+00  0.000E+00  1.000E+00  0.000E+00  0.000E+00  1.000E+00  0.000E+00  0.000E+00  0.000E+00  7.071E-01
  0.000E+00  5.774E-01  0.000E+00  1.000E+00  1.000E+00  7.096E-01  0.000E+00  0.000E+00  0.000E+00  0.000E+00
  5.773E-01  0.000E+00  1.000E+00  5.124E-01  4.182E-01  7.100E-01  5.830E-01  1.000E+00  5.002E-01  9.405E-01
  5.773E-01  7.072E-01  4.472E-01  5.773E-01  5.000E-01  4.999E-01  5.774E-01  4.082E-01  1.000E+00  5.000E-01
  1.000E+00  1.000E+00  7.071E-01  1.000E+00  5.773E-01  5.774E-01  1.000E+00  7.071E-01  5.773E-01  5.774E-01
  5.000E-01  4.082E-01  0.000E+00  4.472E-01  7.071E-01  0.000E+00  0.000E+00  1.000E+00  1.000E+00  5.774E-01
  5.774E-01  0.000E+00  1.000E+00  0.000E+00  1.000E+00  1.000E+00  0.000E+00  0.000E+00  1.000E+00  1.000E+00
  0.000E+00  1.000E+00  7.071E-01  1.000E+00  0.000E+00  0.000E+00  0.000E+00  1.000E+00  0.000E+00  0.000E+00
  0.000E+00  0.000E+00  0.000E+00  0.000E+00  0.000E+00  0.000E+00  0.000E+00  0.000E+00  0.000E+00  0.000E+00
  0.000E+00  0.000E+00  0.000E+00  0.000E+00  0.000E+00  0.000E+00  0.000E+00  0.000E+00  0.000E+00  0.000E+00
  0.000E+00  0.000E+00  0.000E+00  0.000E+00  0.000E+00  1.000E+00  0.000E+00  0.000E+00  7.071E-01  0.000E+00
  0.000E+00  1.000E+00  0.000E+00  1.000E+00  0.000E+00  0.000E+00  1.000E+00  1.000E+00  1.000E+00  5.024E-01
  6.462E-01  1.000E+00  5.774E-01  7.071E-01  7.071E-01  0.000E+00  8.150E-01  0.000E+00  1.000E+00  1.000E+00
  1.000E+00  5.000E-01  7.071E-01  5.000E-01  7.071E-01  7.742E-01  7.071E-01  7.071E-01  1.000E+00  0.000E+00
  7.495E-01  1.000E+00  7.071E-01  5.315E-01  4.472E-01  5.000E-01  0.000E+00  4.472E-01  7.110E-01  0.000E+00
  1.000E+00  0.000E+00  5.774E-01  7.071E-01  0.000E+00  1.000E+00  7.071E-01  1.000E+00  0.000E+00  7.071E-01
  0.000E+00  7.071E-01  7.071E-01  0.000E+00  8.065E-01  1.000E+00  1.000E+00  0.000E+00  0.000E+00  0.000E+00
  0.000E+00  1.000E+00  0.000E+00  0.000E+00  0.000E+00  0.000E+00  0.000E+00  1.000E+00  0.000E+00  1.000E+00
  0.000E+00  0.000E+00  0.000E+00  0.000E+00  0.000E+00  0.000E+00  0.000E+00  0.000E+00  0.000E+00  0.000E+00
  0.000E+00  0.000E+00  0.000E+00  0.000E+00  0.000E+00  0.000E+00  0.000E+00  0.000E+00  0.000E+00  0.000E+00
  0.000E+00  0.000E+00  1.000E+00  1.000E+00  0.000E+00  1.000E+00  0.000E+00  0.000E+00  0.000E+00  0.000E+00
  0.000E+00  0.000E+00  7.400E-01  1.000E+00  1.000E+00  0.000E+00  1.000E+00  0.000E+00  1.000E+00  0.000E+00
  7.071E-01  0.000E+00  0.000E+00  1.000E+00  5.774E-01  0.000E+00  7.071E-01  0.000E+00  1.000E+00  5.000E-01
  0.000E+00  1.000E+00  7.071E-01  7.071E-01  7.071E-01  5.774E-01  5.773E-01  5.773E-01  6.882E-01  7.071E-01
  5.774E-01  7.071E-01  1.000E+00  7.189E-01  1.000E+00  7.071E-01  7.071E-01  9.629E-01  4.796E-01  5.773E-01
  5.774E-01  1.000E+00  5.773E-01  7.071E-01  1.000E+00  7.071E-01  0.000E+00  0.000E+00  7.071E-01  0.000E+00
  1.000E+00  7.071E-01  5.774E-01  0.000E+00  0.000E+00  1.000E+00  5.774E-01  1.000E+00  1.000E+00  1.000E+00
  1.000E+00  0.000E+00  0.000E+00  0.000E+00  0.000E+00  0.000E+00  1.000E+00  1.000E+00  0.000E+00  1.000E+00
  1.000E+00  0.000E+00  0.000E+00  0.000E+00  0.000E+00  0.000E+00  0.000E+00  0.000E+00  0.000E+00  0.000E+00
  0.000E+00  0.000E+00  0.000E+00  0.000E+00  0.000E+00  0.000E+00  0.000E+00  0.000E+00  0.000E+00  0.000E+00
  0.000E+00  6.193E-01  0.000E+00  1.000E+00  0.000E+00  1.000E+00  1.000E+00  0.000E+00  0.000E+00  1.000E+00
  7.071E-01  1.000E+00  1.000E+00  1.000E+00  0.000E+00  1.000E+00  0.000E+00  0.000E+00  1.000E+00  0.000E+00
  1.000E+00  7.071E-01  1.000E+00  1.000E+00  7.071E-01  0.000E+00  5.773E-01  7.071E-01  1.000E+00  1.000E+00
  5.773E-01  0.000E+00  0.000E+00  7.071E-01  5.773E-01  5.774E-01  1.000E+00  0.000E+00  5.788E-01  8.714E-01
  1.000E+00  5.774E-01  7.128E-01  6.435E-01  1.000E+00  1.000E+00  5.000E-01  1.000E+00  7.071E-01  0.000E+00
  0.000E+00  5.774E-01  0.000E+00  7.071E-01  1.000E+00  5.773E-01  7.071E-01  0.000E+00  5.773E-01  1.000E+00
  1.000E+00  1.000E+00  1.000E+00  0.000E+00  0.000E+00  0.000E+00  0.000E+00  0.000E+00  1.000E+00  0.000E+00
  1.000E+00  7.088E-01  0.000E+00  0.000E+00  1.000E+00  0.000E+00  0.000E+00  0.000E+00  0.000E+00  0.000E+00
  0.000E+00  0.000E+00  0.000E+00  0.000E+00  0.000E+00  0.000E+00  0.000E+00  0.000E+00  0.000E+00  0.000E+00
  0.000E+00  0.000E+00  0.000E+00  0.000E+00  0.000E+00  0.000E+00  0.000E+00  0.000E+00  0.000E+00  0.000E+00
  0.000E+00  1.000E+00  0.000E+00  0.000E+00  0.000E+00  0.000E+00  0.000E+00  0.000E+00  0.000E+00  0.000E+00
  0.000E+00  0.000E+00  0.000E+00  0.000E+00  0.000E+00  1.000E+00  0.000E+00  1.000E+00  5.773E-01  1.000E+00
  1.000E+00  1.000E+00  7.204E-01  1.000E+00  1.000E+00  5.774E-01  1.000E+00  0.000E+00  1.000E+00  1.000E+00
  5.870E-01  5.774E-01  7.071E-01  5.774E-01  1.000E+00  7.625E-01  4.472E-01  5.773E-01  1.000E+00  5.000E-01
  0.000E+00  7.071E-01  0.000E+00  1.000E+00  0.000E+00  0.000E+00  7.071E-01  7.071E-01  1.000E+00  1.000E+00
  5.000E-01  1.000E+00  7.071E-01  1.000E+00  1.000E+00  7.071E-01  1.000E+00  1.000E+00  7.071E-01  7.071E-01
  7.071E-01  0.000E+00  7.071E-01  7.071E-01  1.000E+00  1.000E+00  0.000E+00  0.000E+00  0.000E+00  0.000E+00
  0.000E+00  1.000E+00  0.000E+00  7.071E-01  0.000E+00  0.000E+00  0.000E+00  0.000E+00  0.000E+00  0.000E+00
  0.000E+00  0.000E+00  0.000E+00  0.000E+00  0.000E+00  0.000E+00  0.000E+00  0.000E+00  0.000E+00  0.000E+00
  0.000E+00  0.000E+00  0.000E+00  0.000E+00  0.000E+00  0.000E+00  0.000E+00  0.000E+00  0.000E+00  0.000E+00
  0.000E+00  0.000E+00  0.000E+00  0.000E+00  1.000E+00  1.000E+00  0.000E+00  7.071E-01  1.000E+00  0.000E+00
  0.000E+00  0.000E+00  0.000E+00  0.000E+00  1.000E+00  0.000E+00  1.000E+00  1.000E+00  5.774E-01  7.033E-01
  7.071E-01  1.000E+00  7.929E-01  0.000E+00  0.000E+00  6.050E-01  0.000E+00  1.000E+00  0.000E+00  0.000E+00
  6.203E-01  1.000E+00  0.000E+00  1.000E+00  1.000E+00  5.104E-01  1.000E+00  1.000E+00  0.000E+00  0.000E+00
  1.000E+00  1.000E+00  0.000E+00  0.000E+00  6.309E-01  1.000E+00  5.000E-01  5.773E-01  1.000E+00  7.071E-01
  1.000E+00  5.773E-01  0.000E+00  7.071E-01  1.000E+00  0.000E+00  0.000E+00  0.000E+00  1.000E+00  1.000E+00
  0.000E+00  0.000E+00  0.000E+00  0.000E+00  0.000E+00  0.000E+00  0.000E+00  0.000E+00  0.000E+00  0.000E+00
  1.000E+00  0.000E+00  0.000E+00  1.000E+00  0.000E+00  0.000E+00  1.000E+00  0.000E+00  0.000E+00  0.000E+00
  0.000E+00  0.000E+00  0.000E+00  0.000E+00  0.000E+00  0.000E+00  0.000E+00  0.000E+00  0.000E+00  0.000E+00
  0.000E+00  0.000E+00  0.000E+00  1.000E+00  0.000E+00  0.000E+00  0.000E+00  0.000E+00  0.000E+00  0.000E+00
  0.000E+00  1.000E+00  0.000E+00  0.000E+00  7.071E-01  0.000E+00  0.000E+00  0.000E+00  0.000E+00  7.071E-01
  0.000E+00  0.000E+00  1.000E+00  1.000E+00  0.000E+00  1.000E+00  0.000E+00  0.000E+00  1.000E+00  1.000E+00
  0.000E+00  1.000E+00  5.774E-01  8.625E-01  7.103E-01  7.378E-01  0.000E+00  0.000E+00  5.773E-01  7.071E-01
  1.000E+00  0.000E+00  7.071E-01  0.000E+00  1.000E+00  0.000E+00  0.000E+00  1.000E+00  0.000E+00  7.071E-01
  7.071E-01  7.071E-01  1.000E+00  7.071E-01  7.087E-01  5.773E-01  5.774E-01  5.773E-01  1.000E+00  0.000E+00
  1.000E+00  7.071E-01  1.000E+00  7.071E-01  1.000E+00  5.773E-01  1.000E+00  0.000E+00  0.000E+00  7.071E-01
  7.071E-01  0.000E+00  0.000E+00  0.000E+00  0.000E+00  7.071E-01  1.000E+00  7.071E-01  0.000E+00  0.000E+00
  0.000E+00  1.000E+00  0.000E+00  0.000E+00  0.000E+00  0.000E+00  0.000E+00  0.000E+00  1.000E+00  0.000E+00
  0.000E+00  0.000E+00  0.000E+00  0.000E+00  0.000E+00  0.000E+00  0.000E+00  0.000E+00  0.000E+00  0.000E+00
  0.000E+00  0.000E+00  0.000E+00  0.000E+00  0.000E+00  0.000E+00  1.000E+00  0.000E+00  0.000E+00  0.000E+00
  0.000E+00  1.000E+00  0.000E+00  0.000E+00  0.000E+00  0.000E+00  0.000E+00  0.000E+00  0.000E+00  0.000E+00
  0.000E+00  1.000E+00  0.000E+00  1.000E+00  1.000E+00  0.000E+00  0.000E+00  7.071E-01  1.000E+00  1.000E+00
  0.000E+00  0.000E+00  0.000E+00  0.000E+00  1.000E+00  1.000E+00  0.000E+00  7.071E-01  1.000E+00  1.000E+00
  5.007E-01  5.000E-01  7.071E-01  7.154E-01  5.000E-01  0.000E+00  1.000E+00  0.000E+00  0.000E+00  0.000E+00
  7.071E-01  5.773E-01  1.000E+00  0.000E+00  1.000E+00  1.000E+00  1.000E+00  7.071E-01  0.000E+00  7.071E-01
  0.000E+00  1.000E+00  1.000E+00  0.000E+00  0.000E+00  0.000E+00  1.000E+00  7.237E-01  0.000E+00  7.071E-01
  5.845E-01  1.000E+00  0.000E+00  1.000E+00  5.774E-01  0.000E+00  0.000E+00  0.000E+00  0.000E+00  1.000E+00
  0.000E+00  0.000E+00  0.000E+00  1.000E+00  7.071E-01  0.000E+00  0.000E+00  0.000E+00  0.000E+00  0.000E+00
  0.000E+00  1.000E+00  0.000E+00  0.000E+00  0.000E+00  0.000E+00  0.000E+00  0.000E+00  0.000E+00  0.000E+00
  0.000E+00  0.000E+00  0.000E+00  0.000E+00  0.000E+00  0.000E+00  0.000E+00  0.000E+00  0.000E+00  0.000E+00
  0.000E+00  0.000E+00  0.000E+00  0.000E+00  0.000E+00  0.000E+00  0.000E+00  0.000E+00  0.000E+00  0.000E+00
  0.000E+00  0.000E+00  0.000E+00  0.000E+00  1.000E+00  0.000E+00  0.000E+00  1.000E+00  0.000E+00  0.000E+00
  7.071E-01  1.000E+00  7.071E-01  1.000E+00  5.000E-01  1.000E+00  0.000E+00  1.000E+00  1.000E+00  1.000E+00
  0.000E+00  7.071E-01  7.071E-01  1.000E+00  0.000E+00  0.000E+00  0.000E+00  0.000E+00  0.000E+00  1.000E+00
  1.000E+00  0.000E+00  7.071E-01  1.000E+00  5.774E-01  1.000E+00  0.000E+00  1.000E+00  0.000E+00  7.071E-01
  1.000E+00  5.773E-01  0.000E+00  7.071E-01  7.071E-01  0.000E+00  7.071E-01  7.424E-01  1.000E+00  0.000E+00
  1.000E+00  7.097E-01  1.000E+00  1.000E+00  1.000E+00  0.000E+00  0.000E+00  0.000E+00  0.000E+00  0.000E+00
  0.000E+00  0.000E+00  0.000E+00  0.000E+00  0.000E+00  0.000E+00  0.000E+00  0.000E+00  1.000E+00  0.000E+00
  0.000E+00  0.000E+00  0.000E+00  0.000E+00  0.000E+00  0.000E+00  0.000E+00  0.000E+00  0.000E+00  0.000E+00
  0.000E+00  1.000E+00  1.000E+00  0.000E+00  0.000E+00  0.000E+00  0.000E+00  0.000E+00  0.000E+00  0.000E+00
  0.000E+00  0.000E+00  0.000E+00  0.000E+00  0.000E+00  1.000E+00  0.000E+00  0.000E+00  1.000E+00  0.000E+00
  0.000E+00  0.000E+00  0.000E+00  7.071E-01  7.071E-01  0.000E+00  1.000E+00  1.000E+00  1.000E+00  0.000E+00
  0.000E+00  1.000E+00  1.000E+00  0.000E+00  0.000E+00  0.000E+00  1.000E+00  7.071E-01  1.000E+00  0.000E+00
  1.000E+00  7.071E-01  7.071E-01  0.000E+00  0.000E+00  5.774E-01  7.071E-01  1.000E+00  0.000E+00  1.000E+00
  5.000E-01  1.000E+00  1.000E+00  1.000E+00  7.071E-01  7.071E-01  0.000E+00  0.000E+00  0.000E+00  1.000E+00
  7.076E-01  1.000E+00  0.000E+00  1.000E+00  1.000E+00  1.000E+00  1.000E+00  0.000E+00  7.071E-01  1.000E+00
  0.000E+00  1.000E+00  0.000E+00  0.000E+00  0.000E+00  1.000E+00  0.000E+00  0.000E+00  1.000E+00  1.000E+00
  0.000E+00  0.000E+00  0.000E+00  0.000E+00  1.000E+00  0.000E+00  0.000E+00  1.000E+00  0.000E+00  0.000E+00
  0.000E+00  0.000E+00  0.000E+00  0.000E+00  0.000E+00  0.000E+00  0.000E+00  0.000E+00  0.000E+00  0.000E+00
  0.000E+00  0.000E+00  0.000E+00  0.000E+00  0.000E+00  0.000E+00  0.000E+00  0.000E+00  1.000E+00  1.000E+00
  0.000E+00  0.000E+00  0.000E+00  0.000E+00  0.000E+00  0.000E+00  0.000E+00  0.000E+00  0.000E+00  0.000E+00
  0.000E+00  0.000E+00  0.000E+00  0.000E+00  0.000E+00  0.000E+00  0.000E+00  0.000E+00  1.000E+00  0.000E+00
  0.000E+00  0.000E+00  0.000E+00  1.000E+00  0.000E+00  7.071E-01  1.000E+00  0.000E+00  1.000E+00  1.000E+00
  0.000E+00  0.000E+00  0.000E+00  0.000E+00  0.000E+00  0.000E+00  7.071E-01  0.000E+00  1.000E+00  1.000E+00
  1.000E+00  0.000E+00  1.000E+00  5.820E-01  8.275E-01  1.000E+00  0.000E+00  0.000E+00  7.071E-01  0.000E+00
  1.000E+00  1.000E+00  7.071E-01  1.000E+00  0.000E+00  0.000E+00  0.000E+00  0.000E+00  0.000E+00  7.071E-01
  0.000E+00  0.000E+00  7.071E-01  1.000E+00  0.000E+00  0.000E+00  1.000E+00  0.000E+00  0.000E+00  1.000E+00
  0.000E+00  0.000E+00  0.000E+00  1.000E+00  0.000E+00  0.000E+00  0.000E+00  0.000E+00  0.000E+00  0.000E+00
  0.000E+00  0.000E+00  0.000E+00  0.000E+00  0.000E+00  0.000E+00  0.000E+00  0.000E+00  0.000E+00  0.000E+00
  0.000E+00  0.000E+00  0.000E+00  0.000E+00  0.000E+00  0.000E+00  0.000E+00  0.000E+00  0.000E+00  0.000E+00
  0.000E+00  0.000E+00  0.000E+00  0.000E+00  0.000E+00  0.000E+00  0.000E+00  0.000E+00  0.000E+00  1.000E+00
  1.000E+00  1.000E+00  0.000E+00  0.000E+00  1.000E+00  0.000E+00  0.000E+00  1.000E+00  0.000E+00  1.000E+00
  0.000E+00  0.000E+00  0.000E+00  0.000E+00  0.000E+00  0.000E+00  0.000E+00  1.000E+00  0.000E+00  0.000E+00
  0.000E+00  0.000E+00  1.000E+00  0.000E+00  7.071E-01  0.000E+00  0.000E+00  0.000E+00  1.000E+00  1.000E+00
  5.774E-01  0.000E+00  1.000E+00  1.000E+00  7.071E-01  0.000E+00  1.000E+00  0.000E+00  0.000E+00  7.071E-01
  0.000E+00  0.000E+00  0.000E+00  0.000E+00  1.000E+00  0.000E+00  0.000E+00  0.000E+00  1.000E+00  1.000E+00
  0.000E+00  0.000E+00  0.000E+00  1.000E+00  0.000E+00  0.000E+00  1.000E+00  0.000E+00  0.000E+00  0.000E+00
  0.000E+00  0.000E+00  0.000E+00  0.000E+00  0.000E+00  0.000E+00  0.000E+00  1.000E+00  0.000E+00  0.000E+00
  0.000E+00  0.000E+00  0.000E+00  0.000E+00  0.000E+00  0.000E+00  0.000E+00  0.000E+00  0.000E+00  1.000E+00
  0.000E+00  0.000E+00  0.000E+00  0.000E+00  0.000E+00  0.000E+00  0.000E+00  0.000E+00  1.000E+00  0.000E+00
  0.000E+00  0.000E+00  0.000E+00  0.000E+00  0.000E+00  0.000E+00  0.000E+00  8.179E-01  1.000E+00  1.000E+00
  0.000E+00  0.000E+00  0.000E+00  0.000E+00  1.000E+00  0.000E+00  1.000E+00  0.000E+00  0.000E+00  0.000E+00
  0.000E+00  1.000E+00  0.000E+00  0.000E+00  1.000E+00  0.000E+00  7.071E-01  0.000E+00  0.000E+00  0.000E+00
  1.000E+00  0.000E+00  7.238E-01  0.000E+00  1.000E+00  1.000E+00  0.000E+00  7.071E-01  0.000E+00  1.000E+00
  0.000E+00  1.000E+00  7.071E-01  1.000E+00  0.000E+00  0.000E+00  1.000E+00  1.000E+00  0.000E+00  1.000E+00
  0.000E+00  1.000E+00  0.000E+00  1.000E+00  0.000E+00  0.000E+00  0.000E+00  5.773E-01  0.000E+00  0.000E+00
  0.000E+00  0.000E+00  0.000E+00  0.000E+00  0.000E+00  0.000E+00  0.000E+00  0.000E+00  0.000E+00  1.000E+00
  0.000E+00  0.000E+00  0.000E+00  0.000E+00  0.000E+00  1.000E+00  0.000E+00  0.000E+00  0.000E+00  0.000E+00
  0.000E+00  0.000E+00  0.000E+00  0.000E+00  0.000E+00  0.000E+00  0.000E+00  0.000E+00  0.000E+00  0.000E+00
  0.000E+00  0.000E+00  0.000E+00  0.000E+00  0.000E+00  0.000E+00  0.000E+00  0.000E+00  0.000E+00  0.000E+00
  0.000E+00  0.000E+00  0.000E+00  0.000E+00  0.000E+00  0.000E+00  0.000E+00  0.000E+00  1.000E+00  1.000E+00
  0.000E+00  0.000E+00  0.000E+00  0.000E+00  1.000E+00  0.000E+00  0.000E+00  0.000E+00  0.000E+00  1.000E+00
  0.000E+00  0.000E+00  0.000E+00  0.000E+00  0.000E+00  0.000E+00  1.000E+00  0.000E+00  0.000E+00  7.071E-01
  0.000E+00  0.000E+00  1.000E+00  0.000E+00  0.000E+00  1.000E+00  0.000E+00  0.000E+00  0.000E+00  0.000E+00
  0.000E+00  1.000E+00  1.000E+00  1.000E+00  1.000E+00  0.000E+00  1.000E+00  0.000E+00  0.000E+00  0.000E+00
  0.000E+00  0.000E+00  0.000E+00  0.000E+00  0.000E+00  0.000E+00  0.000E+00  1.000E+00  0.000E+00  0.000E+00
  1.000E+00  0.000E+00  7.071E-01  0.000E+00  1.000E+00  1.000E+00  0.000E+00  0.000E+00  0.000E+00  0.000E+00
  0.000E+00  0.000E+00  1.000E+00  0.000E+00  0.000E+00  0.000E+00  1.000E+00  1.000E+00  0.000E+00  0.000E+00
  0.000E+00  0.000E+00  0.000E+00  0.000E+00  0.000E+00  0.000E+00  0.000E+00  0.000E+00  0.000E+00  0.000E+00
  0.000E+00  0.000E+00  0.000E+00  0.000E+00  0.000E+00  0.000E+00  0.000E+00  0.000E+00  0.000E+00  0.000E+00
  0.000E+00  0.000E+00  0.000E+00  0.000E+00  0.000E+00  0.000E+00  0.000E+00  0.000E+00  0.000E+00  0.000E+00
  0.000E+00  0.000E+00  0.000E+00  1.000E+00  0.000E+00  0.000E+00  0.000E+00  1.000E+00  0.000E+00  0.000E+00
  0.000E+00  0.000E+00  7.071E-01  1.000E+00  0.000E+00  7.071E-01  0.000E+00  0.000E+00  1.000E+00  1.000E+00
  0.000E+00  1.000E+00  0.000E+00  0.000E+00  0.000E+00  0.000E+00  1.000E+00  0.000E+00  0.000E+00  0.000E+00
  1.000E+00  1.000E+00  0.000E+00  0.000E+00  1.000E+00  0.000E+00  1.000E+00  0.000E+00  1.000E+00  0.000E+00
  0.000E+00  0.000E+00  0.000E+00  7.071E-01  7.071E-01  0.000E+00  0.000E+00  0.000E+00  0.000E+00  0.000E+00
  0.000E+00  1.000E+00  1.000E+00  0.000E+00  0.000E+00  0.000E+00  0.000E+00  0.000E+00  0.000E+00  0.000E+00
  1.000E+00  0.000E+00  0.000E+00  0.000E+00  0.000E+00  0.000E+00  0.000E+00  0.000E+00  0.000E+00  0.000E+00
  0.000E+00  0.000E+00  0.000E+00  0.000E+00  0.000E+00  1.000E+00  0.000E+00  0.000E+00  0.000E+00  0.000E+00
  0.000E+00  0.000E+00  0.000E+00  0.000E+00  0.000E+00  0.000E+00  0.000E+00  0.000E+00  0.000E+00  0.000E+00
  0.000E+00  0.000E+00  0.000E+00  0.000E+00  0.000E+00  0.000E+00  1.000E+00  0.000E+00  0.000E+00  0.000E+00
  0.000E+00  0.000E+00  0.000E+00  0.000E+00  0.000E+00  0.000E+00  0.000E+00  0.000E+00  1.000E+00  0.000E+00
  0.000E+00  1.000E+00  0.000E+00  0.000E+00  0.000E+00  0.000E+00  1.000E+00  1.000E+00  0.000E+00  0.000E+00
  7.071E-01  0.000E+00  7.071E-01  0.000E+00  0.000E+00  7.071E-01  0.000E+00  0.000E+00  0.000E+00  7.071E-01
  1.000E+00  0.000E+00  0.000E+00  1.000E+00  0.000E+00  0.000E+00  0.000E+00  1.000E+00  5.778E-01  9.289E-01
  0.000E+00  0.000E+00  0.000E+00  0.000E+00  0.000E+00  0.000E+00  0.000E+00  0.000E+00  0.000E+00  0.000E+00
  0.000E+00  1.000E+00  0.000E+00  0.000E+00  0.000E+00  0.000E+00  0.000E+00  0.000E+00  0.000E+00  0.000E+00
  0.000E+00  1.000E+00  0.000E+00  0.000E+00  0.000E+00  0.000E+00  0.000E+00  0.000E+00  0.000E+00  0.000E+00
  0.000E+00  0.000E+00  0.000E+00  0.000E+00  0.000E+00  0.000E+00  1.000E+00  0.000E+00  0.000E+00  0.000E+00
  0.000E+00  0.000E+00  0.000E+00  0.000E+00  0.000E+00  0.000E+00  0.000E+00  0.000E+00  0.000E+00  0.000E+00
  0.000E+00  0.000E+00  0.000E+00  0.000E+00  0.000E+00  0.000E+00  0.000E+00  0.000E+00  1.000E+00  0.000E+00
  0.000E+00  0.000E+00  0.000E+00  0.000E+00  0.000E+00  0.000E+00  0.000E+00  0.000E+00  1.000E+00  7.071E-01
  0.000E+00  0.000E+00  0.000E+00  1.000E+00  1.000E+00  0.000E+00  1.000E+00  0.000E+00  0.000E+00  1.000E+00
  0.000E+00  0.000E+00  1.000E+00  0.000E+00  0.000E+00  0.000E+00  1.000E+00  0.000E+00  0.000E+00  0.000E+00
  0.000E+00  7.071E-01  0.000E+00  0.000E+00  0.000E+00  0.000E+00  0.000E+00  0.000E+00  0.000E+00  0.000E+00
  0.000E+00  0.000E+00  0.000E+00  1.000E+00  9.075E-01  1.000E+00  0.000E+00  1.000E+00  0.000E+00  0.000E+00
  1.000E+00  0.000E+00  0.000E+00  0.000E+00  0.000E+00  1.000E+00  0.000E+00  0.000E+00  0.000E+00  1.000E+00
  0.000E+00  0.000E+00  0.000E+00  0.000E+00  0.000E+00  0.000E+00  0.000E+00  0.000E+00  0.000E+00  0.000E+00
  0.000E+00  0.000E+00  1.000E+00  1.000E+00  0.000E+00  0.000E+00  0.000E+00  0.000E+00  0.000E+00  0.000E+00
  0.000E+00  0.000E+00  0.000E+00  0.000E+00  0.000E+00  0.000E+00  0.000E+00  0.000E+00  0.000E+00  0.000E+00
  0.000E+00  0.000E+00  0.000E+00  0.000E+00  0.000E+00  0.000E+00  1.000E+00  0.000E+00  0.000E+00  0.000E+00
  0.000E+00  0.000E+00  0.000E+00  1.000E+00  0.000E+00  0.000E+00  0.000E+00  0.000E+00  0.000E+00  0.000E+00
  1.000E+00  1.000E+00  0.000E+00  1.000E+00  0.000E+00  0.000E+00  0.000E+00  0.000E+00  1.000E+00  0.000E+00
  0.000E+00  1.000E+00  1.000E+00  0.000E+00  0.000E+00  0.000E+00  0.000E+00  0.000E+00  0.000E+00  0.000E+00
  0.000E+00  0.000E+00  0.000E+00  1.000E+00  1.000E+00  0.000E+00  1.000E+00  7.071E-01  0.000E+00  0.000E+00
  0.000E+00  0.000E+00  0.000E+00  0.000E+00  1.000E+00  0.000E+00  0.000E+00  7.208E-01  0.000E+00  0.000E+00
  0.000E+00  0.000E+00  0.000E+00  0.000E+00  0.000E+00  0.000E+00  0.000E+00  0.000E+00  0.000E+00  0.000E+00
  0.000E+00  0.000E+00  1.000E+00  0.000E+00  1.000E+00  0.000E+00  0.000E+00  0.000E+00  0.000E+00  0.000E+00
  0.000E+00  0.000E+00  0.000E+00  0.000E+00  0.000E+00  0.000E+00  0.000E+00  0.000E+00  1.000E+00  0.000E+00
  0.000E+00  0.000E+00  0.000E+00  0.000E+00  0.000E+00  0.000E+00  0.000E+00  0.000E+00  0.000E+00  1.000E+00
  0.000E+00  0.000E+00  0.000E+00  0.000E+00  0.000E+00  1.000E+00  1.000E+00  0.000E+00  0.000E+00  0.000E+00
  0.000E+00  1.000E+00  0.000E+00  0.000E+00  1.000E+00  0.000E+00  0.000E+00  0.000E+00  0.000E+00  0.000E+00
  1.000E+00  0.000E+00  0.000E+00  1.000E+00  0.000E+00  0.000E+00  0.000E+00  0.000E+00  1.000E+00  0.000E+00
  1.000E+00  0.000E+00  0.000E+00  0.000E+00  0.000E+00  0.000E+00  0.000E+00  0.000E+00  0.000E+00  0.000E+00
  1.000E+00  1.000E+00  1.000E+00  1.000E+00  0.000E+00  0.000E+00  1.000E+00  0.000E+00  0.000E+00  0.000E+00
  1.000E+00  0.000E+00  0.000E+00  0.000E+00  0.000E+00  0.000E+00  0.000E+00  0.000E+00  0.000E+00  0.000E+00
  0.000E+00  1.000E+00  0.000E+00  7.071E-01  0.000E+00  0.000E+00  0.000E+00  0.000E+00  0.000E+00  0.000E+00
  0.000E+00  0.000E+00  0.000E+00  0.000E+00  0.000E+00  0.000E+00  0.000E+00  0.000E+00  0.000E+00  0.000E+00
  0.000E+00  0.000E+00  0.000E+00  0.000E+00  0.000E+00  0.000E+00  0.000E+00  0.000E+00  1.000E+00  0.000E+00
  0.000E+00  0.000E+00  0.000E+00  0.000E+00  0.000E+00  0.000E+00  0.000E+00  0.000E+00  1.000E+00  9.758E-01
  0.000E+00  0.000E+00  0.000E+00  0.000E+00  0.000E+00  0.000E+00  0.000E+00  0.000E+00  7.071E-01  0.000E+00
  0.000E+00  0.000E+00  0.000E+00  1.000E+00  0.000E+00  1.000E+00  0.000E+00  0.000E+00  0.000E+00  0.000E+00
  0.000E+00  0.000E+00  0.000E+00  0.000E+00  0.000E+00  0.000E+00  0.000E+00  0.000E+00  0.000E+00  0.000E+00
  0.000E+00  0.000E+00  0.000E+00  0.000E+00  1.000E+00  1.000E+00  0.000E+00  0.000E+00  0.000E+00  0.000E+00
  0.000E+00  1.000E+00  0.000E+00  0.000E+00  1.000E+00  1.000E+00  0.000E+00  0.000E+00  0.000E+00  1.000E+00
  0.000E+00  1.000E+00  0.000E+00  0.000E+00  0.000E+00  0.000E+00  0.000E+00  0.000E+00  0.000E+00  0.000E+00
  7.071E-01  0.000E+00  0.000E+00  0.000E+00  0.000E+00  0.000E+00  1.000E+00  0.000E+00  1.000E+00  0.000E+00
  0.000E+00  0.000E+00  0.000E+00  0.000E+00  0.000E+00  0.000E+00  1.000E+00  0.000E+00  0.000E+00  0.000E+00
  0.000E+00  0.000E+00  0.000E+00  0.000E+00  0.000E+00  0.000E+00  0.000E+00  0.000E+00  0.000E+00  0.000E+00
  0.000E+00  0.000E+00  0.000E+00  0.000E+00  0.000E+00  0.000E+00  0.000E+00  0.000E+00  0.000E+00  0.000E+00
  0.000E+00  0.000E+00  0.000E+00  0.000E+00  0.000E+00  0.000E+00  0.000E+00  0.000E+00  0.000E+00  0.000E+00
  0.000E+00  0.000E+00  0.000E+00  0.000E+00  0.000E+00  0.000E+00  0.000E+00  0.000E+00  0.000E+00  0.000E+00
  0.000E+00  1.000E+00  1.000E+00  0.000E+00  0.000E+00  0.000E+00  0.000E+00  0.000E+00  0.000E+00  0.000E+00
  0.000E+00  0.000E+00  0.000E+00  0.000E+00  1.000E+00  1.000E+00  1.000E+00  0.000E+00  0.000E+00  0.000E+00
  0.000E+00  1.000E+00  0.000E+00  0.000E+00  0.000E+00  0.000E+00  0.000E+00  0.000E+00  0.000E+00  1.000E+00
  0.000E+00  0.000E+00  0.000E+00  0.000E+00  0.000E+00  0.000E+00  0.000E+00  0.000E+00  0.000E+00  0.000E+00
  1.000E+00  1.000E+00  0.000E+00  1.000E+00  0.000E+00  1.000E+00  0.000E+00  1.000E+00  0.000E+00  0.000E+00
  0.000E+00  0.000E+00  1.000E+00  0.000E+00  0.000E+00  0.000E+00  0.000E+00  0.000E+00  0.000E+00  0.000E+00
  0.000E+00  0.000E+00  0.000E+00  0.000E+00  0.000E+00  0.000E+00  0.000E+00  0.000E+00  1.000E+00  0.000E+00
  0.000E+00  0.000E+00  0.000E+00  0.000E+00  0.000E+00  0.000E+00  0.000E+00  0.000E+00  0.000E+00  0.000E+00
  0.000E+00  0.000E+00  0.000E+00  0.000E+00  0.000E+00  0.000E+00  1.000E+00  0.000E+00  0.000E+00  0.000E+00
  0.000E+00  0.000E+00  0.000E+00  0.000E+00  0.000E+00  0.000E+00  1.000E+00  0.000E+00  0.000E+00  0.000E+00
  0.000E+00  0.000E+00  0.000E+00  0.000E+00  0.000E+00  0.000E+00  0.000E+00  1.000E+00  0.000E+00  0.000E+00
  0.000E+00  1.000E+00  1.000E+00  0.000E+00  1.000E+00  0.000E+00  0.000E+00  0.000E+00  0.000E+00  0.000E+00
  1.000E+00  0.000E+00  0.000E+00  0.000E+00  0.000E+00  0.000E+00  0.000E+00  0.000E+00  0.000E+00  1.000E+00
  0.000E+00  0.000E+00  0.000E+00  0.000E+00  0.000E+00  0.000E+00  0.000E+00  0.000E+00  0.000E+00  1.000E+00
  0.000E+00  0.000E+00  0.000E+00  0.000E+00  0.000E+00  0.000E+00  1.000E+00  0.000E+00  0.000E+00  0.000E+00
  0.000E+00  0.000E+00  7.119E-01  0.000E+00  0.000E+00  0.000E+00  0.000E+00  0.000E+00  0.000E+00  0.000E+00
  0.000E+00  0.000E+00  0.000E+00  0.000E+00  0.000E+00  0.000E+00  0.000E+00  0.000E+00  0.000E+00  0.000E+00
  0.000E+00  0.000E+00  0.000E+00  0.000E+00  0.000E+00  0.000E+00  0.000E+00  0.000E+00  0.000E+00  0.000E+00
  0.000E+00  0.000E+00  0.000E+00  0.000E+00  0.000E+00  0.000E+00  0.000E+00  0.000E+00  0.000E+00  0.000E+00
  0.000E+00  0.000E+00  0.000E+00  0.000E+00  0.000E+00  0.000E+00  0.000E+00  0.000E+00  0.000E+00  0.000E+00
  0.000E+00  0.000E+00  0.000E+00  0.000E+00  0.000E+00  8.051E-01  0.000E+00  0.000E+00  0.000E+00  0.000E+00
  0.000E+00  0.000E+00  0.000E+00  0.000E+00  0.000E+00  0.000E+00  0.000E+00  0.000E+00  0.000E+00  0.000E+00
  1.000E+00  1.000E+00  0.000E+00  0.000E+00  1.000E+00  0.000E+00  0.000E+00  0.000E+00  0.000E+00  0.000E+00
  0.000E+00  0.000E+00  0.000E+00  0.000E+00  0.000E+00  0.000E+00  0.000E+00  0.000E+00  0.000E+00  0.000E+00
  0.000E+00  0.000E+00  1.000E+00  0.000E+00  0.000E+00  0.000E+00  1.000E+00  0.000E+00  0.000E+00  0.000E+00
  0.000E+00  0.000E+00  1.000E+00  0.000E+00  0.000E+00  0.000E+00  0.000E+00  0.000E+00  0.000E+00  0.000E+00
  0.000E+00  0.000E+00  0.000E+00  0.000E+00  0.000E+00  0.000E+00  0.000E+00  0.000E+00  0.000E+00  0.000E+00
  0.000E+00  0.000E+00  0.000E+00  0.000E+00  0.000E+00  0.000E+00  0.000E+00  0.000E+00  0.000E+00  0.000E+00
  0.000E+00  0.000E+00  0.000E+00  0.000E+00  0.000E+00  0.000E+00  0.000E+00  0.000E+00  0.000E+00  0.000E+00
  0.000E+00  0.000E+00  0.000E+00  0.000E+00  0.000E+00  0.000E+00  0.000E+00  0.000E+00  0.000E+00  0.000E+00
  0.000E+00  0.000E+00  0.000E+00  0.000E+00  0.000E+00  1.000E+00  0.000E+00  0.000E+00  0.000E+00  0.000E+00
  0.000E+00  0.000E+00  0.000E+00  0.000E+00  0.000E+00  0.000E+00  0.000E+00  0.000E+00  1.000E+00  0.000E+00
  0.000E+00  0.000E+00  0.000E+00  0.000E+00  0.000E+00  0.000E+00  0.000E+00  1.000E+00  0.000E+00  0.000E+00
  0.000E+00  0.000E+00  0.000E+00  0.000E+00  0.000E+00  0.000E+00  0.000E+00  0.000E+00  0.000E+00  1.000E+00
  0.000E+00  0.000E+00  0.000E+00  0.000E+00  0.000E+00  0.000E+00  0.000E+00  0.000E+00  0.000E+00  0.000E+00
  0.000E+00  0.000E+00  0.000E+00  0.000E+00  0.000E+00  0.000E+00  0.000E+00  0.000E+00  0.000E+00  0.000E+00
  0.000E+00  0.000E+00  0.000E+00  0.000E+00  0.000E+00  0.000E+00  0.000E+00  0.000E+00  0.000E+00  0.000E+00

#------------------------------------------------------------------------------
# gshow
#------------------------------------------------------------------------------

p: legs[c5*0.875]

hb:   line clip z  
frame:
 -5.9999853E+00 -5.9999721E+00
  6.0000147E+00 -5.9999721E+00
  6.0000147E+00  6.0000279E+00
 -5.9999853E+00  6.0000279E+00
clip:
 -6.11879707E+00 -6.11878373E+00
  6.11882670E+00 -6.11878373E+00
  6.11882670E+00 -5.99640750E+00
  6.11882670E+00 -5.87403126E+00
  6.11882670E+00 -5.75165502E+00
  6.11882670E+00 -5.62927878E+00
  6.11882670E+00 -5.50690254E+00
  6.11882670E+00 -5.38452631E+00
  6.11882670E+00 -5.26215007E+00
  6.11882670E+00 -5.13977383E+00
  6.11882670E+00 -5.01739759E+00
  6.11882670E+00 -4.89502136E+00
  6.11882670E+00 -4.77264512E+00
  6.11882670E+00 -4.65026888E+00
  6.11882670E+00 -4.52789264E+00
  6.11882670E+00 -4.40551641E+00
  6.11882670E+00 -4.28314017E+00
  6.11882670E+00 -4.16076393E+00
  6.11882670E+00 -4.03838769E+00
  6.11882670E+00 -3.91601146E+00
  6.11882670E+00 -3.79363522E+00
  6.11882670E+00 -3.67125898E+00
  6.11882670E+00 -3.54888274E+00
  6.11882670E+00 -3.42650651E+00
  6.11882670E+00 -3.30413027E+00
  6.11882670E+00 -3.18175403E+00
  6.11882670E+00 -3.05937779E+00
  6.11882670E+00 -2.93700155E+00
  6.11882670E+00 -2.81462532E+00
  6.11882670E+00 -2.69224908E+00
  6.11882670E+00 -2.56987284E+00
  6.11882670E+00 -2.44749660E+00
  6.11882670E+00 -2.32512037E+00
  6.11882670E+00 -2.20274413E+00
  6.11882670E+00 -2.08036789E+00
  6.11882670E+00 -1.95799165E+00
  6.11882670E+00 -1.83561542E+00
  6.11882670E+00 -1.71323918E+00
  6.11882670E+00 -1.59086294E+00
  6.11882670E+00 -1.46848670E+00
  6.11882670E+00 -1.34611047E+00
  6.11882670E+00 -1.22373423E+00
  6.11882670E+00 -1.10135799E+00
  6.11882670E+00 -9.78981753E-01
  6.11882670E+00 -8.56605515E-01
  6.11882670E+00 -7.34229278E-01
  6.11882670E+00 -6.11853040E-01
  6.11882670E+00 -4.89476802E-01
  6.11882670E+00 -3.67100565E-01
  6.11882670E+00 -2.44724327E-01
  6.11882670E+00 -1.22348089E-01
  6.11882670E+00  2.81481468E-05
  6.11882670E+00  1.22404386E-01
  6.11882670E+00  2.44780623E-01
  6.11882670E+00  3.67156861E-01
  6.11882670E+00  4.89533099E-01
  6.11882670E+00  6.11909336E-01
  6.11882670E+00  7.34285574E-01
  6.11882670E+00  8.56661812E-01
  6.11882670E+00  9.79038049E-01
  6.11882670E+00  1.10141429E+00
  6.11882670E+00  1.22379052E+00
  6.11882670E+00  1.34616676E+00
  6.11882670E+00  1.46854300E+00
  6.11882670E+00  1.59091924E+00
  6.11882670E+00  1.71329547E+00
  6.11882670E+00  1.83567171E+00
  6.11882670E+00  1.95804795E+00
  6.11882670E+00  2.08042419E+00
  6.11882670E+00  2.20280043E+00
  6.11882670E+00  2.32517666E+00
  6.11882670E+00  2.44755290E+00
  6.11882670E+00  2.56992914E+00
  6.11882670E+00  2.69230538E+00
  6.11882670E+00  2.81468161E+00
  6.11882670E+00  2.93705785E+00
  6.11882670E+00  3.05943409E+00
  6.11882670E+00  3.18181033E+00
  6.11882670E+00  3.30418656E+00
  6.11882670E+00  3.42656280E+00
  6.11882670E+00  3.54893904E+00
  6.11882670E+00  3.67131528E+00
  6.11882670E+00  3.79369151E+00
  6.11882670E+00  3.91606775E+00
  6.11882670E+00  4.03844399E+00
  6.11882670E+00  4.16082023E+00
  6.11882670E+00  4.28319646E+00
  6.11882670E+00  4.40557270E+00
  6.11882670E+00  4.52794894E+00
  6.11882670E+00  4.65032518E+00
  6.11882670E+00  4.77270142E+00
  6.11882670E+00  4.89507765E+00
  6.11882670E+00  5.01745389E+00
  6.11882670E+00  5.13983013E+00
  6.11882670E+00  5.26220637E+00
  6.11882670E+00  5.38458260E+00
  6.11882670E+00  5.50695884E+00
  6.11882670E+00  5.62933508E+00
  6.11882670E+00  5.75171132E+00
  6.11882670E+00  5.87408755E+00
  6.11882670E+00  5.99646379E+00
  6.11882670E+00  6.11884003E+00
  5.99645046E+00  6.11884003E+00
  5.87407422E+00  6.11884003E+00
  5.75169798E+00  6.11884003E+00
  5.62932175E+00  6.11884003E+00
  5.50694551E+00  6.11884003E+00
  5.38456927E+00  6.11884003E+00
  5.26219303E+00  6.11884003E+00
  5.13981680E+00  6.11884003E+00
  5.01744056E+00  6.11884003E+00
  4.89506432E+00  6.11884003E+00
  4.77268808E+00  6.11884003E+00
  4.65031184E+00  6.11884003E+00
  4.52793561E+00  6.11884003E+00
  4.40555937E+00  6.11884003E+00
  4.28318313E+00  6.11884003E+00
  4.16080689E+00  6.11884003E+00
  4.03843066E+00  6.11884003E+00
  3.91605442E+00  6.11884003E+00
  3.79367818E+00  6.11884003E+00
  3.67130194E+00  6.11884003E+00
  3.54892571E+00  6.11884003E+00
  3.42654947E+00  6.11884003E+00
  3.30417323E+00  6.11884003E+00
  3.18179699E+00  6.11884003E+00
  3.05942076E+00  6.11884003E+00
  2.93704452E+00  6.11884003E+00
  2.81466828E+00  6.11884003E+00
  2.69229204E+00  6.11884003E+00
  2.56991580E+00  6.11884003E+00
  2.44753957E+00  6.11884003E+00
  2.32516333E+00  6.11884003E+00
  2.20278709E+00  6.11884003E+00
  2.08041085E+00  6.11884003E+00
  1.95803462E+00  6.11884003E+00
  1.83565838E+00  6.11884003E+00
  1.71328214E+00  6.11884003E+00
  1.59090590E+00  6.11884003E+00
  1.46852967E+00  6.11884003E+00
  1.34615343E+00  6.11884003E+00
  1.22377719E+00  6.11884003E+00
  1.10140095E+00  6.11884003E+00
  9.79024716E-01  6.11884003E+00
  8.56648478E-01  6.11884003E+00
  7.34272241E-01  6.11884003E+00
  6.11896003E-01  6.11884003E+00
  4.89519765E-01  6.11884003E+00
  3.67143528E-01  6.11884003E+00
  2.44767290E-01  6.11884003E+00
  1.22391052E-01  6.11884003E+00
  1.48148136E-05  6.11884003E+00
 -1.22361423E-01  6.11884003E+00
 -2.44737660E-01  6.11884003E+00
 -3.67113898E-01  6.11884003E+00
 -4.89490136E-01  6.11884003E+00
 -6.11866373E-01  6.11884003E+00
 -7.34242611E-01  6.11884003E+00
 -8.56618849E-01  6.11884003E+00
 -9.78995086E-01  6.11884003E+00
 -1.10137132E+00  6.11884003E+00
 -1.22374756E+00  6.11884003E+00
 -1.34612380E+00  6.11884003E+00
 -1.46850004E+00  6.11884003E+00
 -1.59087627E+00  6.11884003E+00
 -1.71325251E+00  6.11884003E+00
 -1.83562875E+00  6.11884003E+00
 -1.95800499E+00  6.11884003E+00
 -2.08038122E+00  6.11884003E+00
 -2.20275746E+00  6.11884003E+00
 -2.32513370E+00  6.11884003E+00
 -2.44750994E+00  6.11884003E+00
 -2.56988618E+00  6.11884003E+00
 -2.69226241E+00  6.11884003E+00
 -2.81463865E+00  6.11884003E+00
 -2.93701489E+00  6.11884003E+00
 -3.05939113E+00  6.11884003E+00
 -3.18176736E+00  6.11884003E+00
 -3.30414360E+00  6.11884003E+00
 -3.42651984E+00  6.11884003E+00
 -3.54889608E+00  6.11884003E+00
 -3.67127231E+00  6.11884003E+00
 -3.79364855E+00  6.11884003E+00
 -3.91602479E+00  6.11884003E+00
 -4.03840103E+00  6.11884003E+00
 -4.16077726E+00  6.11884003E+00
 -4.28315350E+00  6.11884003E+00
 -4.40552974E+00  6.11884003E+00
 -4.52790598E+00  6.11884003E+00
 -4.65028221E+00  6.11884003E+00
 -4.77265845E+00  6.11884003E+00
 -4.89503469E+00  6.11884003E+00
 -5.01741093E+00  6.11884003E+00
 -5.13978717E+00  6.11884003E+00
 -5.26216340E+00  6.11884003E+00
 -5.38453964E+00  6.11884003E+00
 -5.50691588E+00  6.11884003E+00
 -5.62929212E+00  6.11884003E+00
 -5.75166835E+00  6.11884003E+00
 -5.87404459E+00  6.11884003E+00
 -5.99642083E+00  6.11884003E+00
 -6.11879707E+00  6.11884003E+00
 -6.11879707E+00  5.99646379E+00
 -6.11879707E+00  5.87408755E+00
 -6.11879707E+00  5.75171132E+00
 -6.11879707E+00  5.62933508E+00
 -6.11879707E+00  5.50695884E+00
 -6.11879707E+00  5.38458260E+00
 -6.11879707E+00  5.26220637E+00
 -6.11879707E+00  5.13983013E+00
 -6.11879707E+00  5.01745389E+00
 -6.11879707E+00  4.89507765E+00
 -6.11879707E+00  4.77270142E+00
 -6.11879707E+00  4.65032518E+00
 -6.11879707E+00  4.52794894E+00
 -6.11879707E+00  4.40557270E+00
 -6.11879707E+00  4.28319646E+00
 -6.11879707E+00  4.16082023E+00
 -6.11879707E+00  4.03844399E+00
 -6.11879707E+00  3.91606775E+00
 -6.11879707E+00  3.79369151E+00
 -6.11879707E+00  3.67131528E+00
 -6.11879707E+00  3.54893904E+00
 -6.11879707E+00  3.42656280E+00
 -6.11879707E+00  3.30418656E+00
 -6.11879707E+00  3.18181033E+00
 -6.11879707E+00  3.05943409E+00
 -6.11879707E+00  2.93705785E+00
 -6.11879707E+00  2.81468161E+00
 -6.11879707E+00  2.69230538E+00
 -6.04749169E+00  2.62100000E+00
 -1.46850004E+00  2.62100000E+00
 -1.46850000E+00  2.56992914E+00
 -1.46850000E+00  2.44755294E+00
 -1.46850000E+00  2.32517670E+00
 -1.46850000E+00  2.20280046E+00
 -1.46850000E+00  2.08042422E+00
 -1.46850000E+00  1.95804799E+00
 -1.46850000E+00  1.83567175E+00
 -1.46850000E+00  1.71329551E+00
 -1.46850000E+00  1.59091927E+00
 -1.46850000E+00  1.46854304E+00
 -1.46850000E+00  1.34616680E+00
 -1.46850000E+00  1.22379056E+00
 -1.46850000E+00  1.10141432E+00
 -1.46850000E+00  9.79038086E-01
 -1.46850000E+00  8.56661848E-01
 -1.46850000E+00  7.34285611E-01
 -1.46850000E+00  6.11909373E-01
 -1.46850000E+00  4.89533135E-01
 -1.46850000E+00  3.67156898E-01
 -1.34612380E+00  3.57971031E-01
 -1.33977512E+00  3.67156861E-01
 -1.32273780E+00  3.90542859E-01
 -1.23556094E+00  4.89533099E-01
 -1.22374756E+00  5.00990399E-01
 -1.16491125E+00  5.53073023E-01
 -1.10137132E+00  6.01780312E-01
 -1.08699009E+00  6.11909336E-01
 -9.78995086E-01  6.79402497E-01
 -9.43469792E-01  6.98760280E-01
 -8.71669230E-01  7.34285574E-01
 -7.75308108E-01  7.75351071E-01
 -6.85352585E-01  8.07771786E-01
 -5.91460697E-01  8.36256135E-01
 -4.89490136E-01  8.61615360E-01
 -3.67113898E-01  8.85059014E-01
 -2.44737660E-01  9.01431046E-01
 -1.22361423E-01  9.11112753E-01
  1.48148136E-05  9.14316690E-01
  1.22391052E-01  9.11111198E-01
  2.44767290E-01  9.01427904E-01
  3.67143528E-01  8.85054213E-01
  4.89519765E-01  8.61608784E-01
  5.91483913E-01  8.36249721E-01
  6.49204667E-01  8.19353148E-01
  7.34272241E-01  7.90801685E-01
  8.44229830E-01  7.46704222E-01
  8.71669230E-01  7.34285574E-01
  9.43489190E-01  6.98750048E-01
  9.79024716E-01  6.79385819E-01
  1.08699009E+00  6.11909336E-01
  1.10140095E+00  6.01759129E-01
  1.14144071E+00  5.71869582E-01
  1.22377719E+00  5.00962126E-01
  1.28899529E+00  4.32374963E-01
  1.34239547E+00  3.63398902E-01
  1.40950597E+00  2.44780623E-01
  1.44973790E+00  1.22404386E-01
  1.46290670E+00  2.81481468E-05
  1.44975006E+00 -1.22348089E-01
  1.40953100E+00 -2.44724327E-01
  1.34615343E+00 -3.57927504E-01
  1.33981461E+00 -3.67100565E-01
  1.32282030E+00 -3.90433695E-01
  1.23561803E+00 -4.89476802E-01
  1.22377719E+00 -5.00962126E-01
  1.16495839E+00 -5.53034237E-01
  1.10140095E+00 -6.01759129E-01
  1.08707121E+00 -6.11853040E-01
  9.79024716E-01 -6.79385819E-01
  9.43526046E-01 -6.98730608E-01
  8.71790621E-01 -7.34229278E-01
  7.75369897E-01 -7.75326934E-01
  6.85417121E-01 -8.07750396E-01
  5.91528022E-01 -8.36237534E-01
  4.89519765E-01 -8.61608784E-01
  3.67143528E-01 -8.85054213E-01
  2.44767290E-01 -9.01427904E-01
  1.22391052E-01 -9.11111198E-01
  1.48148136E-05 -9.14316690E-01
 -1.22361423E-01 -9.11112753E-01
 -2.44737660E-01 -9.01431046E-01
 -3.67113898E-01 -8.85059014E-01
 -4.89490136E-01 -8.61615360E-01
 -5.91504806E-01 -8.36243948E-01
 -6.49080232E-01 -8.19391656E-01
 -7.34242611E-01 -7.90812432E-01
 -8.44075956E-01 -7.46772170E-01
 -8.71790621E-01 -7.34229278E-01
 -9.43506649E-01 -6.98740840E-01
 -9.78995086E-01 -6.79402497E-01
 -1.08707121E+00 -6.11853040E-01
 -1.10137132E+00 -6.01780312E-01
 -1.14105130E+00 -5.72173061E-01
 -1.22374756E+00 -5.00990399E-01
 -1.28900761E+00 -4.32360616E-01
 -1.34240638E+00 -3.63383150E-01
 -1.46850000E+00 -2.44724364E-01
 -1.46850000E+00 -3.67100565E-01
 -1.46850000E+00 -4.89476766E-01
 -1.46850000E+00 -6.11853003E-01
 -1.46850000E+00 -7.34229241E-01
 -1.46850000E+00 -8.56605479E-01
 -1.46850000E+00 -9.78981716E-01
 -1.46850000E+00 -1.10135795E+00
 -1.46850000E+00 -1.22373419E+00
 -1.46850000E+00 -1.34611043E+00
 -1.46850000E+00 -1.46848667E+00
 -1.46850000E+00 -1.59086290E+00
 -1.46850000E+00 -1.71323914E+00
 -1.46850000E+00 -1.83561538E+00
 -1.46850000E+00 -1.95799162E+00
 -1.46850000E+00 -2.08036785E+00
 -1.46850000E+00 -2.20274409E+00
 -1.46850000E+00 -2.32512033E+00
 -1.46850000E+00 -2.44749657E+00
 -1.46850000E+00 -2.56987281E+00
 -1.55174912E+00 -2.60900000E+00
 -6.11879707E+00 -2.60900000E+00
 -6.11879707E+00 -2.69224908E+00
 -6.11879707E+00 -2.81462532E+00
 -6.11879707E+00 -2.93700155E+00
 -6.11879707E+00 -3.05937779E+00
 -6.11879707E+00 -3.18175403E+00
 -6.11879707E+00 -3.30413027E+00
 -6.11879707E+00 -3.42650651E+00
 -6.11879707E+00 -3.54888274E+00
 -6.11879707E+00 -3.67125898E+00
 -6.11879707E+00 -3.79363522E+00
 -6.11879707E+00 -3.91601146E+00
 -6.11879707E+00 -4.03838769E+00
 -6.11879707E+00 -4.16076393E+00
 -6.11879707E+00 -4.28314017E+00
 -6.11879707E+00 -4.40551641E+00
 -6.11879707E+00 -4.52789264E+00
 -6.11879707E+00 -4.65026888E+00
 -6.11879707E+00 -4.77264512E+00
 -6.11879707E+00 -4.89502136E+00
 -6.11879707E+00 -5.01739759E+00
 -6.11879707E+00 -5.13977383E+00
 -6.11879707E+00 -5.26215007E+00
 -6.11879707E+00 -5.38452631E+00
 -6.11879707E+00 -5.50690254E+00
 -6.11879707E+00 -5.62927878E+00
 -6.11879707E+00 -5.75165502E+00
 -6.11879707E+00 -5.87403126E+00
 -6.11879707E+00 -5.99640750E+00
 -6.11879707E+00 -6.11878373E+00

hb:   line clip z  
frame:
 -5.9999853E+00 -5.9999721E+00
  6.0000147E+00 -5.9999721E+00
  6.0000147E+00  6.0000279E+00
 -5.9999853E+00  6.0000279E+00
clip:
 -6.11879707E+00 -2.60900000E+00
 -1.46850004E+00 -2.60900000E+00
 -1.46850000E+00 -2.56987288E+00
 -1.46850000E+00 -2.44749660E+00
 -1.46850000E+00 -2.32512037E+00
 -1.46850000E+00 -2.20274413E+00
 -1.46850000E+00 -2.08036789E+00
 -1.46850000E+00 -1.95799165E+00
 -1.46850000E+00 -1.83561542E+00
 -1.46850000E+00 -1.71323918E+00
 -1.46850000E+00 -1.59086294E+00
 -1.46850004E+00 -1.48600000E+00
 -1.57336298E+00 -1.48600000E+00
 -1.59087627E+00 -1.48600000E+00
 -1.69573922E+00 -1.48600000E+00
 -1.71325251E+00 -1.48600000E+00
 -1.71850000E+00 -1.58561545E+00
 -1.71850000E+00 -1.59086294E+00
 -1.71850000E+00 -1.59611043E+00
 -1.71850000E+00 -1.71323918E+00
 -1.71850000E+00 -1.71848667E+00
 -1.71850000E+00 -1.83561542E+00
 -1.71850000E+00 -1.84086290E+00
 -1.71850000E+00 -1.95799165E+00
 -1.71850000E+00 -1.96323914E+00
 -1.71850000E+00 -2.08036789E+00
 -1.71850000E+00 -2.08561538E+00
 -1.71850000E+00 -2.20274413E+00
 -1.71850000E+00 -2.20799162E+00
 -1.71850000E+00 -2.32512037E+00
 -1.71850000E+00 -2.33036785E+00
 -1.83562875E+00 -2.35900000E+00
 -1.92412535E+00 -2.35900000E+00
 -1.95800499E+00 -2.35900000E+00
 -2.04650159E+00 -2.35900000E+00
 -2.08038122E+00 -2.35900000E+00
 -2.16887783E+00 -2.35900000E+00
 -2.20275746E+00 -2.35900000E+00
 -2.29125407E+00 -2.35900000E+00
 -2.32513370E+00 -2.35900000E+00
 -2.41363030E+00 -2.35900000E+00
 -2.44750994E+00 -2.35900000E+00
 -2.53600654E+00 -2.35900000E+00
 -2.56988618E+00 -2.35900000E+00
 -2.65838278E+00 -2.35900000E+00
 -2.69226241E+00 -2.35900000E+00
 -2.78075902E+00 -2.35900000E+00
 -2.81463865E+00 -2.35900000E+00
 -2.90313525E+00 -2.35900000E+00
 -2.93701489E+00 -2.35900000E+00
 -3.02551149E+00 -2.35900000E+00
 -3.05939113E+00 -2.35900000E+00
 -3.14788773E+00 -2.35900000E+00
 -3.18176736E+00 -2.35900000E+00
 -3.27026397E+00 -2.35900000E+00
 -3.30414360E+00 -2.35900000E+00
 -3.39264021E+00 -2.35900000E+00
 -3.42651984E+00 -2.35900000E+00
 -3.51501644E+00 -2.35900000E+00
 -3.54889608E+00 -2.35900000E+00
 -3.63739268E+00 -2.35900000E+00
 -3.67127231E+00 -2.35900000E+00
 -3.75976892E+00 -2.35900000E+00
 -3.79364855E+00 -2.35900000E+00
 -3.88214516E+00 -2.35900000E+00
 -3.91602479E+00 -2.35900000E+00
 -4.00452139E+00 -2.35900000E+00
 -4.03840103E+00 -2.35900000E+00
 -4.12689763E+00 -2.35900000E+00
 -4.16077726E+00 -2.35900000E+00
 -4.24927387E+00 -2.35900000E+00
 -4.28315350E+00 -2.35900000E+00
 -4.37165011E+00 -2.35900000E+00
 -4.40552974E+00 -2.35900000E+00
 -4.49402634E+00 -2.35900000E+00
 -4.52790598E+00 -2.35900000E+00
 -4.61640258E+00 -2.35900000E+00
 -4.65028221E+00 -2.35900000E+00
 -4.73877882E+00 -2.35900000E+00
 -4.77265845E+00 -2.35900000E+00
 -4.86115506E+00 -2.35900000E+00
 -4.89503469E+00 -2.35900000E+00
 -4.98353129E+00 -2.35900000E+00
 -5.01741093E+00 -2.35900000E+00
 -5.10590753E+00 -2.35900000E+00
 -5.13978717E+00 -2.35900000E+00
 -5.22828377E+00 -2.35900000E+00
 -5.26216340E+00 -2.35900000E+00
 -5.35066001E+00 -2.35900000E+00
 -5.38453964E+00 -2.35900000E+00
 -5.47303624E+00 -2.35900000E+00
 -5.50691588E+00 -2.35900000E+00
 -5.59541248E+00 -2.35900000E+00
 -5.62929212E+00 -2.35900000E+00
 -5.71778872E+00 -2.35900000E+00
 -5.75166835E+00 -2.35900000E+00
 -5.84016496E+00 -2.35900000E+00
 -5.87404459E+00 -2.35900000E+00
 -5.96254120E+00 -2.35900000E+00
 -5.99642083E+00 -2.35900000E+00
 -6.08491743E+00 -2.35900000E+00
 -6.11879707E+00 -2.35900000E+00
 -6.11879707E+00 -2.44749660E+00
 -6.11879707E+00 -2.56987284E+00

hb:   line clip z  
frame:
 -5.9999853E+00 -5.9999721E+00
  6.0000147E+00 -5.9999721E+00
  6.0000147E+00  6.0000279E+00
 -5.9999853E+00  6.0000279E+00
clip:
 -6.11879707E+00 -2.35900000E+00
 -1.80174912E+00 -2.35900000E+00
 -1.71850000E+00 -2.32512037E+00
 -1.71850000E+00 -2.20799162E+00
 -1.71850000E+00 -2.20274413E+00
 -1.71850000E+00 -2.08561538E+00
 -1.71850000E+00 -2.08036789E+00
 -1.71850000E+00 -1.96323914E+00
 -1.71850000E+00 -1.95799165E+00
 -1.71850000E+00 -1.84086290E+00
 -1.71850000E+00 -1.83561542E+00
 -1.71850000E+00 -1.71848667E+00
 -1.71850000E+00 -1.71323918E+00
 -1.71850000E+00 -1.59611043E+00
 -1.71850000E+00 -1.59086294E+00
 -1.71850000E+00 -1.47373419E+00
 -1.71850000E+00 -1.46848670E+00
 -1.71850000E+00 -1.35135795E+00
 -1.71850000E+00 -1.34611047E+00
 -1.71850000E+00 -1.22898172E+00
 -1.71850000E+00 -1.22373423E+00
 -1.71850000E+00 -1.10660548E+00
 -1.71850000E+00 -1.10135799E+00
 -1.71850000E+00 -9.84229241E-01
 -1.71850000E+00 -9.78981753E-01
 -1.71850000E+00 -8.61853003E-01
 -1.71850000E+00 -8.56605515E-01
 -1.71850000E+00 -7.39476766E-01
 -1.71850000E+00 -7.34229278E-01
 -1.71850000E+00 -6.17100528E-01
 -1.71850000E+00 -6.11853040E-01
 -1.71850000E+00 -4.94724290E-01
 -1.71850000E+00 -4.89476802E-01
 -1.71850000E+00 -3.72348053E-01
 -1.71850000E+00 -3.67100565E-01
 -1.71850000E+00 -2.49971815E-01
 -1.71850000E+00 -2.44724327E-01
 -1.71850000E+00 -1.27595578E-01
 -1.71850000E+00 -1.22348089E-01
 -1.71850000E+00 -5.21933993E-03
 -1.71850000E+00  2.81481468E-05
 -1.71850000E+00  1.17156898E-01
 -1.71850000E+00  1.22404386E-01
 -1.71850000E+00  2.39533135E-01
 -1.71850000E+00  2.44780623E-01
 -1.71850000E+00  3.61909373E-01
 -1.71850000E+00  3.67156861E-01
 -1.71850000E+00  4.84285611E-01
 -1.71850000E+00  4.89533099E-01
 -1.71850000E+00  6.06661848E-01
 -1.71850000E+00  6.11909336E-01
 -1.71850000E+00  7.29038086E-01
 -1.71850000E+00  7.34285574E-01
 -1.71850000E+00  8.51414323E-01
 -1.71850000E+00  8.56661812E-01
 -1.71850000E+00  9.73790561E-01
 -1.71850000E+00  9.79038049E-01
 -1.71850000E+00  1.09616680E+00
 -1.71850000E+00  1.10141429E+00
 -1.71850000E+00  1.21854304E+00
 -1.71850000E+00  1.22379052E+00
 -1.71850000E+00  1.34091927E+00
 -1.71850000E+00  1.34616676E+00
 -1.71850000E+00  1.46329551E+00
 -1.71850000E+00  1.46854300E+00
 -1.71850000E+00  1.58567175E+00
 -1.71850000E+00  1.59091924E+00
 -1.71850000E+00  1.70804799E+00
 -1.71850000E+00  1.71329547E+00
 -1.71850000E+00  1.83042422E+00
 -1.71850000E+00  1.83567171E+00
 -1.71850000E+00  1.95280046E+00
 -1.71850000E+00  1.95804795E+00
 -1.71850000E+00  2.07517670E+00
 -1.71850000E+00  2.08042419E+00
 -1.71850000E+00  2.19755294E+00
 -1.71850000E+00  2.20280043E+00
 -1.71850000E+00  2.31992917E+00
 -1.71850000E+00  2.32517666E+00
 -1.78980541E+00  2.37100000E+00
 -1.83562875E+00  2.37100000E+00
 -1.88145209E+00  2.37100000E+00
 -1.95800499E+00  2.37100000E+00
 -2.00382832E+00  2.37100000E+00
 -2.08038122E+00  2.37100000E+00
 -2.12620456E+00  2.37100000E+00
 -2.20275746E+00  2.37100000E+00
 -2.24858080E+00  2.37100000E+00
 -2.32513370E+00  2.37100000E+00
 -2.37095704E+00  2.37100000E+00
 -2.44750994E+00  2.37100000E+00
 -2.49333327E+00  2.37100000E+00
 -2.56988618E+00  2.37100000E+00
 -2.61570951E+00  2.37100000E+00
 -2.69226241E+00  2.37100000E+00
 -2.73808575E+00  2.37100000E+00
 -2.81463865E+00  2.37100000E+00
 -2.86046199E+00  2.37100000E+00
 -2.93701489E+00  2.37100000E+00
 -2.98283823E+00  2.37100000E+00
 -3.05939113E+00  2.37100000E+00
 -3.10521446E+00  2.37100000E+00
 -3.18176736E+00  2.37100000E+00
 -3.22759070E+00  2.37100000E+00
 -3.30414360E+00  2.37100000E+00
 -3.34996694E+00  2.37100000E+00
 -3.42651984E+00  2.37100000E+00
 -3.47234318E+00  2.37100000E+00
 -3.54889608E+00  2.37100000E+00
 -3.59471941E+00  2.37100000E+00
 -3.67127231E+00  2.37100000E+00
 -3.71709565E+00  2.37100000E+00
 -3.79364855E+00  2.37100000E+00
 -3.83947189E+00  2.37100000E+00
 -3.91602479E+00  2.37100000E+00
 -3.96184813E+00  2.37100000E+00
 -4.03840103E+00  2.37100000E+00
 -4.08422436E+00  2.37100000E+00
 -4.16077726E+00  2.37100000E+00
 -4.20660060E+00  2.37100000E+00
 -4.28315350E+00  2.37100000E+00
 -4.32897684E+00  2.37100000E+00
 -4.40552974E+00  2.37100000E+00
 -4.45135308E+00  2.37100000E+00
 -4.52790598E+00  2.37100000E+00
 -4.57372931E+00  2.37100000E+00
 -4.65028221E+00  2.37100000E+00
 -4.69610555E+00  2.37100000E+00
 -4.77265845E+00  2.37100000E+00
 -4.81848179E+00  2.37100000E+00
 -4.89503469E+00  2.37100000E+00
 -4.94085803E+00  2.37100000E+00
 -5.01741093E+00  2.37100000E+00
 -5.06323426E+00  2.37100000E+00
 -5.13978717E+00  2.37100000E+00
 -5.18561050E+00  2.37100000E+00
 -5.26216340E+00  2.37100000E+00
 -5.30798674E+00  2.37100000E+00
 -5.38453964E+00  2.37100000E+00
 -5.43036298E+00  2.37100000E+00
 -5.50691588E+00  2.37100000E+00
 -5.55273922E+00  2.37100000E+00
 -5.62929212E+00  2.37100000E+00
 -5.67511545E+00  2.37100000E+00
 -5.75166835E+00  2.37100000E+00
 -5.79749169E+00  2.37100000E+00
 -5.87404459E+00  2.37100000E+00
 -5.91986793E+00  2.37100000E+00
 -5.99642083E+00  2.37100000E+00
 -6.04224417E+00  2.37100000E+00
 -6.11879707E+00  2.37100000E+00
 -6.11879707E+00  2.32517666E+00
 -6.11879707E+00  2.20280043E+00
 -6.11879707E+00  2.08042419E+00
 -6.11879707E+00  1.95804795E+00
 -6.11879707E+00  1.83567171E+00
 -6.11879707E+00  1.71329547E+00
 -6.11879707E+00  1.59091924E+00
 -6.11879707E+00  1.46854300E+00
 -6.11879707E+00  1.34616676E+00
 -6.11879707E+00  1.22379052E+00
 -6.11879707E+00  1.10141429E+00
 -6.11879707E+00  9.79038049E-01
 -6.11879707E+00  8.56661812E-01
 -6.11879707E+00  7.34285574E-01
 -6.11879707E+00  6.11909336E-01
 -6.11879707E+00  4.89533099E-01
 -6.11879707E+00  3.67156861E-01
 -6.11879707E+00  2.44780623E-01
 -6.11879707E+00  1.22404386E-01
 -6.11879707E+00  2.81481468E-05
 -6.11879707E+00 -1.22348089E-01
 -6.11879707E+00 -2.44724327E-01
 -6.11879707E+00 -3.67100565E-01
 -6.11879707E+00 -4.89476802E-01
 -6.11879707E+00 -6.11853040E-01
 -6.11879707E+00 -7.34229278E-01
 -6.11879707E+00 -8.56605515E-01
 -6.11879707E+00 -9.78981753E-01
 -6.11879707E+00 -1.10135799E+00
 -6.11879707E+00 -1.22373423E+00
 -6.11879707E+00 -1.34611047E+00
 -6.11879707E+00 -1.46848670E+00
 -6.11879707E+00 -1.59086294E+00
 -6.11879707E+00 -1.71323918E+00
 -6.11879707E+00 -1.83561542E+00
 -6.11879707E+00 -1.95799165E+00
 -6.11879707E+00 -2.08036789E+00
 -6.11879707E+00 -2.20274413E+00
 -6.11879707E+00 -2.32512037E+00

hb:   line clip z  
clip:
 -1.71850000E+00 -1.47373419E+00
 -1.71325251E+00 -1.48600000E+00
 -1.69573922E+00 -1.48600000E+00
 -1.59087627E+00 -1.48600000E+00
 -1.57336298E+00 -1.48600000E+00
 -1.46850004E+00 -1.48600000E+00
 -1.46850000E+00 -1.46848674E+00
 -1.46850000E+00 -1.34611047E+00
 -1.46850000E+00 -1.22373423E+00
 -1.46850000E+00 -1.10135799E+00
 -1.46850000E+00 -9.78981753E-01
 -1.46850000E+00 -8.56605515E-01
 -1.46850000E+00 -7.34229278E-01
 -1.46850000E+00 -6.11853040E-01
 -1.46850000E+00 -4.89476802E-01
 -1.46850000E+00 -3.67100565E-01
 -1.46850000E+00 -2.44724327E-01
 -1.46850000E+00 -1.22348089E-01
 -1.46850000E+00  2.81481468E-05
 -1.46850000E+00  1.22404386E-01
 -1.46850000E+00  2.44780623E-01
 -1.46850000E+00  3.67156861E-01
 -1.46850000E+00  4.89533099E-01
 -1.46850000E+00  6.11909336E-01
 -1.46850000E+00  7.34285574E-01
 -1.46850000E+00  8.56661812E-01
 -1.46850000E+00  9.79038049E-01
 -1.46850000E+00  1.10141429E+00
 -1.46850000E+00  1.22379052E+00
 -1.46850000E+00  1.34616676E+00
 -1.46850000E+00  1.46854300E+00
 -1.46850004E+00  1.48600000E+00
 -1.48595704E+00  1.48600000E+00
 -1.59087627E+00  1.48600000E+00
 -1.60833327E+00  1.48600000E+00
 -1.71325251E+00  1.48600000E+00
 -1.71850000E+00  1.47379049E+00
 -1.71850000E+00 -1.46848670E+00

hb:   line clip z  
clip:
 -4.93586614E-01 -8.60701994E-01
 -4.83064955E-01 -8.63030696E-01
 -3.67113898E-01 -8.85059014E-01
 -3.33474857E-01 -8.90244556E-01
 -2.44737660E-01 -9.01431046E-01
 -1.95202678E-01 -9.06140498E-01
 -1.22361423E-01 -9.11112753E-01
 -6.55691097E-02 -9.13397828E-01
  1.48148136E-05 -9.14316690E-01
  5.70309343E-02 -9.13621635E-01
  1.22391052E-01 -9.11111198E-01
  1.73638775E-01 -9.07853237E-01
  2.44767290E-01 -9.01427904E-01
  2.84964138E-01 -8.96802363E-01
  3.67143528E-01 -8.85054213E-01
  3.91504359E-01 -8.80966347E-01
  4.89519765E-01 -8.61608784E-01
  5.11504764E-01 -8.56605515E-01
  6.11896003E-01 -8.30492913E-01
  6.85417121E-01 -8.07750396E-01
  7.34272241E-01 -7.90801685E-01
  7.75369897E-01 -7.75326934E-01
  8.56648478E-01 -7.41158671E-01
  8.71790621E-01 -7.34229278E-01
  9.79024716E-01 -6.79385819E-01
  1.02160775E+00 -6.54436074E-01
  1.08707121E+00 -6.11853040E-01
  1.10140095E+00 -6.01759129E-01
  1.16495839E+00 -5.53034237E-01
  1.22377719E+00 -5.00962126E-01
  1.23561803E+00 -4.89476802E-01
  1.32282030E+00 -3.90433695E-01
  1.33981461E+00 -3.67100565E-01
  1.38878131E+00 -2.87352207E-01
  1.44387495E+00 -1.47002805E-01
  1.46287904E+00 -5.62247382E-03
  1.45289753E+00  1.06772247E-01
  1.42648906E+00  2.02740015E-01
  1.38876181E+00  2.87389008E-01
  1.33977512E+00  3.67156861E-01
  1.23556094E+00  4.89533099E-01
  1.22377719E+00  5.00962126E-01
  1.14144071E+00  5.71869582E-01
  1.10140095E+00  6.01759129E-01
  1.08699009E+00  6.11909336E-01
  1.02157278E+00  6.54457398E-01
  9.79024716E-01  6.79385819E-01
  8.71669230E-01  7.34285574E-01
  8.44229830E-01  7.46704222E-01
  7.34272241E-01  7.90801685E-01
  6.49204667E-01  8.19353148E-01
  6.11896003E-01  8.30492913E-01
  5.11263347E-01  8.56661812E-01
  4.83174929E-01  8.63006648E-01
  3.67143528E-01  8.85054213E-01
  3.33575514E-01  8.90229825E-01
  2.44767290E-01  9.01427904E-01
  1.95296501E-01  9.06132601E-01
  1.22391052E-01  9.11111198E-01
  6.56575164E-02  9.13395348E-01
  1.48148136E-05  9.14316690E-01
 -5.69470523E-02  9.13623679E-01
 -1.22361423E-01  9.11112753E-01
 -1.73558821E-01  9.07859209E-01
 -2.44737660E-01  9.01431046E-01
 -2.84887699E-01  8.96811850E-01
 -3.67113898E-01  8.85059014E-01
 -4.89490136E-01  8.61615360E-01
 -5.11263347E-01  8.56661812E-01
 -6.11866373E-01  8.30501441E-01
 -6.85352585E-01  8.07771786E-01
 -7.34242611E-01  7.90812432E-01
 -7.75308108E-01  7.75351071E-01
 -8.56618849E-01  7.41172048E-01
 -8.71669230E-01  7.34285574E-01
 -9.78995086E-01  6.79402497E-01
 -1.02155437E+00  6.54468621E-01
 -1.08699009E+00  6.11909336E-01
 -1.10137132E+00  6.01780312E-01
 -1.16491125E+00  5.53073023E-01
 -1.22374756E+00  5.00990399E-01
 -1.23556094E+00  4.89533099E-01
 -1.32273780E+00  3.90542859E-01
 -1.33977512E+00  3.67156861E-01
 -1.38875155E+00  2.87408377E-01
 -1.44386555E+00  1.47038873E-01
 -1.46287878E+00  5.64940612E-03
 -1.45290175E+00 -1.06749802E-01
 -1.42649617E+00 -2.02720462E-01
 -1.38877105E+00 -2.87371576E-01
 -1.33981461E+00 -3.67100565E-01
 -1.23561803E+00 -4.89476802E-01
 -1.22374756E+00 -5.00990399E-01
 -1.14105130E+00 -5.72173061E-01
 -1.10137132E+00 -6.01780312E-01
 -1.08707121E+00 -6.11853040E-01
 -1.02158934E+00 -6.54447297E-01
 -9.78995086E-01 -6.79402497E-01
 -8.71790621E-01 -7.34229278E-01
 -8.44075956E-01 -7.46772170E-01
 -7.34242611E-01 -7.90812432E-01
 -6.49080232E-01 -8.19391656E-01
 -6.11866373E-01 -8.30501441E-01
 -5.11504764E-01 -8.56605515E-01

hb:   line clip z  
frame:
 -5.9999853E+00 -5.9999721E+00
  6.0000147E+00 -5.9999721E+00
  6.0000147E+00  6.0000279E+00
 -5.9999853E+00  6.0000279E+00
clip:
 -1.71850000E+00  1.58567175E+00
 -1.71325251E+00  1.48600000E+00
 -1.60833327E+00  1.48600000E+00
 -1.59087627E+00  1.48600000E+00
 -1.48595704E+00  1.48600000E+00
 -1.46850004E+00  1.48600000E+00
 -1.46850000E+00  1.59091920E+00
 -1.46850000E+00  1.71329547E+00
 -1.46850000E+00  1.83567171E+00
 -1.46850000E+00  1.95804795E+00
 -1.46850000E+00  2.08042419E+00
 -1.46850000E+00  2.20280043E+00
 -1.46850000E+00  2.32517666E+00
 -1.46850000E+00  2.44755290E+00
 -1.46850000E+00  2.56992914E+00
 -1.46850004E+00  2.62100000E+00
 -1.51957090E+00  2.62100000E+00
 -1.59087627E+00  2.62100000E+00
 -1.64194714E+00  2.62100000E+00
 -1.71325251E+00  2.62100000E+00
 -1.76432337E+00  2.62100000E+00
 -1.83562875E+00  2.62100000E+00
 -1.88669961E+00  2.62100000E+00
 -1.95800499E+00  2.62100000E+00
 -2.00907585E+00  2.62100000E+00
 -2.08038122E+00  2.62100000E+00
 -2.13145209E+00  2.62100000E+00
 -2.20275746E+00  2.62100000E+00
 -2.25382832E+00  2.62100000E+00
 -2.32513370E+00  2.62100000E+00
 -2.37620456E+00  2.62100000E+00
 -2.44750994E+00  2.62100000E+00
 -2.49858080E+00  2.62100000E+00
 -2.56988618E+00  2.62100000E+00
 -2.62095704E+00  2.62100000E+00
 -2.69226241E+00  2.62100000E+00
 -2.74333327E+00  2.62100000E+00
 -2.81463865E+00  2.62100000E+00
 -2.86570951E+00  2.62100000E+00
 -2.93701489E+00  2.62100000E+00
 -2.98808575E+00  2.62100000E+00
 -3.05939113E+00  2.62100000E+00
 -3.11046199E+00  2.62100000E+00
 -3.18176736E+00  2.62100000E+00
 -3.23283823E+00  2.62100000E+00
 -3.30414360E+00  2.62100000E+00
 -3.35521446E+00  2.62100000E+00
 -3.42651984E+00  2.62100000E+00
 -3.47759070E+00  2.62100000E+00
 -3.54889608E+00  2.62100000E+00
 -3.59996694E+00  2.62100000E+00
 -3.67127231E+00  2.62100000E+00
 -3.72234318E+00  2.62100000E+00
 -3.79364855E+00  2.62100000E+00
 -3.84471941E+00  2.62100000E+00
 -3.91602479E+00  2.62100000E+00
 -3.96709565E+00  2.62100000E+00
 -4.03840103E+00  2.62100000E+00
 -4.08947189E+00  2.62100000E+00
 -4.16077726E+00  2.62100000E+00
 -4.21184813E+00  2.62100000E+00
 -4.28315350E+00  2.62100000E+00
 -4.33422436E+00  2.62100000E+00
 -4.40552974E+00  2.62100000E+00
 -4.45660060E+00  2.62100000E+00
 -4.52790598E+00  2.62100000E+00
 -4.57897684E+00  2.62100000E+00
 -4.65028221E+00  2.62100000E+00
 -4.70135308E+00  2.62100000E+00
 -4.77265845E+00  2.62100000E+00
 -4.82372931E+00  2.62100000E+00
 -4.89503469E+00  2.62100000E+00
 -4.94610555E+00  2.62100000E+00
 -5.01741093E+00  2.62100000E+00
 -5.06848179E+00  2.62100000E+00
 -5.13978717E+00  2.62100000E+00
 -5.19085803E+00  2.62100000E+00
 -5.26216340E+00  2.62100000E+00
 -5.31323426E+00  2.62100000E+00
 -5.38453964E+00  2.62100000E+00
 -5.43561050E+00  2.62100000E+00
 -5.50691588E+00  2.62100000E+00
 -5.55798674E+00  2.62100000E+00
 -5.62929212E+00  2.62100000E+00
 -5.68036298E+00  2.62100000E+00
 -5.75166835E+00  2.62100000E+00
 -5.80273922E+00  2.62100000E+00
 -5.87404459E+00  2.62100000E+00
 -5.92511545E+00  2.62100000E+00
 -5.99642083E+00  2.62100000E+00
 -6.04749169E+00  2.62100000E+00
 -6.11879707E+00  2.56992914E+00
 -6.11879707E+00  2.44755290E+00
 -6.11879707E+00  2.37100000E+00
 -6.04224417E+00  2.37100000E+00
 -5.99642083E+00  2.37100000E+00
 -5.91986793E+00  2.37100000E+00
 -5.87404459E+00  2.37100000E+00
 -5.79749169E+00  2.37100000E+00
 -5.75166835E+00  2.37100000E+00
 -5.67511545E+00  2.37100000E+00
 -5.62929212E+00  2.37100000E+00
 -5.55273922E+00  2.37100000E+00
 -5.50691588E+00  2.37100000E+00
 -5.43036298E+00  2.37100000E+00
 -5.38453964E+00  2.37100000E+00
 -5.30798674E+00  2.37100000E+00
 -5.26216340E+00  2.37100000E+00
 -5.18561050E+00  2.37100000E+00
 -5.13978717E+00  2.37100000E+00
 -5.06323426E+00  2.37100000E+00
 -5.01741093E+00  2.37100000E+00
 -4.94085803E+00  2.37100000E+00
 -4.89503469E+00  2.37100000E+00
 -4.81848179E+00  2.37100000E+00
 -4.77265845E+00  2.37100000E+00
 -4.69610555E+00  2.37100000E+00
 -4.65028221E+00  2.37100000E+00
 -4.57372931E+00  2.37100000E+00
 -4.52790598E+00  2.37100000E+00
 -4.45135308E+00  2.37100000E+00
 -4.40552974E+00  2.37100000E+00
 -4.32897684E+00  2.37100000E+00
 -4.28315350E+00  2.37100000E+00
 -4.20660060E+00  2.37100000E+00
 -4.16077726E+00  2.37100000E+00
 -4.08422436E+00  2.37100000E+00
 -4.03840103E+00  2.37100000E+00
 -3.96184813E+00  2.37100000E+00
 -3.91602479E+00  2.37100000E+00
 -3.83947189E+00  2.37100000E+00
 -3.79364855E+00  2.37100000E+00
 -3.71709565E+00  2.37100000E+00
 -3.67127231E+00  2.37100000E+00
 -3.59471941E+00  2.37100000E+00
 -3.54889608E+00  2.37100000E+00
 -3.47234318E+00  2.37100000E+00
 -3.42651984E+00  2.37100000E+00
 -3.34996694E+00  2.37100000E+00
 -3.30414360E+00  2.37100000E+00
 -3.22759070E+00  2.37100000E+00
 -3.18176736E+00  2.37100000E+00
 -3.10521446E+00  2.37100000E+00
 -3.05939113E+00  2.37100000E+00
 -2.98283823E+00  2.37100000E+00
 -2.93701489E+00  2.37100000E+00
 -2.86046199E+00  2.37100000E+00
 -2.81463865E+00  2.37100000E+00
 -2.73808575E+00  2.37100000E+00
 -2.69226241E+00  2.37100000E+00
 -2.61570951E+00  2.37100000E+00
 -2.56988618E+00  2.37100000E+00
 -2.49333327E+00  2.37100000E+00
 -2.44750994E+00  2.37100000E+00
 -2.37095704E+00  2.37100000E+00
 -2.32513370E+00  2.37100000E+00
 -2.24858080E+00  2.37100000E+00
 -2.20275746E+00  2.37100000E+00
 -2.12620456E+00  2.37100000E+00
 -2.08038122E+00  2.37100000E+00
 -2.00382832E+00  2.37100000E+00
 -1.95800499E+00  2.37100000E+00
 -1.88145209E+00  2.37100000E+00
 -1.83562875E+00  2.37100000E+00
 -1.75907585E+00  2.37100000E+00
 -1.71850000E+00  2.32517666E+00
 -1.71850000E+00  1.59091924E+00

#------------------------------------------------------------------------------
z: xorg(1.03)
p: xfac[c2*0.05] form[c1/0.05] notc noxt noyt dmin(1)
p: ymin(0) ymax(1) xmin(0) xmax(1) cmin(1) cmax(100) nosp
hc: y= 0.005 to 0.995 by 0.01 ; x= 0.5 to 0.5 by 1 ;
 1  2  3  4  5  6  7  8  9 10 11 12 13 14 15 16 17 18 19 20
21 22 23 24 25 26 27 28 29 30 31 32 33 34 35 36 37 38 39 40
41 42 43 44 45 46 47 48 49 50 51 52 53 54 55 56 57 58 59 60
61 62 63 64 65 66 67 68 69 70 71 72 73 74 75 76 77 78 79 80
81 82 83 84 85 86 87 88 89 90 91 92 93 94 95 96 97 98 99 100
z: xorg(0.0)
p: xfac[c2*0.05] form[c1/0.05] nosp afac[c5*0.625] ymin[c3] ymax[c4]
p: noxt noxn ytxt(-1) ynum(-1) xltd(-1) xstd(-1) itic(1) ylog
y: Relative Error
#------------------------------------------------------------------------------

wt: s[c5]
\vspace{-3}
  emin  &=&   0.0000E+00 [MeV]
  emax  &=&   2.0000E+01 [MeV]
  zmin  &=&   6.0580E+01 [cm]
  zmax  &=&   6.0630E+01 [cm]
  part. &=& proton  
e:

#------------------------------------------------------------------------------
z: xorg[-1.03/0.05]
p: form[c1] xfac[c2] afac[c5] nosp notf
p: xmin( -6.000000    ) xmax(  6.000000    )
p: ymin( -6.000000    ) ymax(  6.000000    )
 
# Information for Restart Calculation
# This calculation was newly started
# istdev =  2 # 1:Batch variance, 2:History variance
# resc2  = 1.44195930000924589E-04 # Total source weight or Total source weight / maxcas
# resc3  = 9.00000000000000000E+05 # Total history number or Total batch number
# maxcas =      100000 # History / Batch, only used for istdev=1
# bitrseed = 0110110101111101001100100100001011010110001100100011001111111111 # bit data of rseed
