[ T-Track ]
    title = [t-track] in xyz mesh
     mesh =  xyz            # mesh type is xyz scoring mesh
   x-type =    2            # x-mesh is linear given by xmin, xmax and nx
     xmin =  -7.000000      # minimum value of x-mesh points
     xmax =   7.000000      # maximum value of x-mesh points
#    xdel =  0.1400000      # mesh width of x-mesh points
       nx =    100          # number of x-mesh points
#    data = ( x(i), i = 1, nx + 1 )
#          -7.00000E+00 -6.86000E+00 -6.72000E+00 -6.58000E+00 -6.44000E+00
#          -6.30000E+00 -6.16000E+00 -6.02000E+00 -5.88000E+00 -5.74000E+00
#          -5.60000E+00 -5.46000E+00 -5.32000E+00 -5.18000E+00 -5.04000E+00
#          -4.90000E+00 -4.76000E+00 -4.62000E+00 -4.48000E+00 -4.34000E+00
#          -4.20000E+00 -4.06000E+00 -3.92000E+00 -3.78000E+00 -3.64000E+00
#          -3.50000E+00 -3.36000E+00 -3.22000E+00 -3.08000E+00 -2.94000E+00
#          -2.80000E+00 -2.66000E+00 -2.52000E+00 -2.38000E+00 -2.24000E+00
#          -2.10000E+00 -1.96000E+00 -1.82000E+00 -1.68000E+00 -1.54000E+00
#          -1.40000E+00 -1.26000E+00 -1.12000E+00 -9.80000E-01 -8.40000E-01
#          -7.00000E-01 -5.60000E-01 -4.20000E-01 -2.80000E-01 -1.40000E-01
#           8.88178E-16  1.40000E-01  2.80000E-01  4.20000E-01  5.60000E-01
#           7.00000E-01  8.40000E-01  9.80000E-01  1.12000E+00  1.26000E+00
#           1.40000E+00  1.54000E+00  1.68000E+00  1.82000E+00  1.96000E+00
#           2.10000E+00  2.24000E+00  2.38000E+00  2.52000E+00  2.66000E+00
#           2.80000E+00  2.94000E+00  3.08000E+00  3.22000E+00  3.36000E+00
#           3.50000E+00  3.64000E+00  3.78000E+00  3.92000E+00  4.06000E+00
#           4.20000E+00  4.34000E+00  4.48000E+00  4.62000E+00  4.76000E+00
#           4.90000E+00  5.04000E+00  5.18000E+00  5.32000E+00  5.46000E+00
#           5.60000E+00  5.74000E+00  5.88000E+00  6.02000E+00  6.16000E+00
#           6.30000E+00  6.44000E+00  6.58000E+00  6.72000E+00  6.86000E+00
#           7.00000E+00
   y-type =    1            # y-mesh is given by the below data
       ny =      1          # number of y-mesh points
#    data = ( y(i), i = 1, ny + 1 )
            0.00000E+00  1.00000E-01
   z-type =    2            # z-mesh is linear given by zmin, zmax and nz
     zmin =   0.000000      # minimum value of z-mesh points
     zmax =   100.0000      # maximum value of z-mesh points
#    zdel =   1.000000      # mesh width of z-mesh points
       nz =    100          # number of z-mesh points
#    data = ( z(i), i = 1, nz + 1 )
#           0.00000E+00  1.00000E+00  2.00000E+00  3.00000E+00  4.00000E+00
#           5.00000E+00  6.00000E+00  7.00000E+00  8.00000E+00  9.00000E+00
#           1.00000E+01  1.10000E+01  1.20000E+01  1.30000E+01  1.40000E+01
#           1.50000E+01  1.60000E+01  1.70000E+01  1.80000E+01  1.90000E+01
#           2.00000E+01  2.10000E+01  2.20000E+01  2.30000E+01  2.40000E+01
#           2.50000E+01  2.60000E+01  2.70000E+01  2.80000E+01  2.90000E+01
#           3.00000E+01  3.10000E+01  3.20000E+01  3.30000E+01  3.40000E+01
#           3.50000E+01  3.60000E+01  3.70000E+01  3.80000E+01  3.90000E+01
#           4.00000E+01  4.10000E+01  4.20000E+01  4.30000E+01  4.40000E+01
#           4.50000E+01  4.60000E+01  4.70000E+01  4.80000E+01  4.90000E+01
#           5.00000E+01  5.10000E+01  5.20000E+01  5.30000E+01  5.40000E+01
#           5.50000E+01  5.60000E+01  5.70000E+01  5.80000E+01  5.90000E+01
#           6.00000E+01  6.10000E+01  6.20000E+01  6.30000E+01  6.40000E+01
#           6.50000E+01  6.60000E+01  6.70000E+01  6.80000E+01  6.90000E+01
#           7.00000E+01  7.10000E+01  7.20000E+01  7.30000E+01  7.40000E+01
#           7.50000E+01  7.60000E+01  7.70000E+01  7.80000E+01  7.90000E+01
#           8.00000E+01  8.10000E+01  8.20000E+01  8.30000E+01  8.40000E+01
#           8.50000E+01  8.60000E+01  8.70000E+01  8.80000E+01  8.90000E+01
#           9.00000E+01  9.10000E+01  9.20000E+01  9.30000E+01  9.40000E+01
#           9.50000E+01  9.60000E+01  9.70000E+01  9.80000E+01  9.90000E+01
#           1.00000E+02
   e-type =    1            # e-mesh is given by the below data
       ne =      1          # number of e-mesh points
#    data = ( e(i), i = 1, ne + 1 )
            0.00000E+00  1.00000E+03
     unit =    1            # unit is [1/cm^2/source]
 material =  all            # (D=all) number of specific material
  2D-type =    3            # 1:Cont, 2:Clust, 3:Color, 4:xyz, 5:mat, 6:Clust+Cont, 7:Col+Cont
     axis =      xz            # axis of output
     file = track_xz.out    # file name of output for the above axis
     part =  proton   
# kf/name :  2212     
    gshow =    3            # 0: no 1:bnd, 2:bnd+mat, 3:bnd+reg 4:bnd+lat 5:bmp style
    resol =    1            # (D=1) resolution of gshow or rshow
    width = 0.5000000       # (D=0.5) width of lines for gshow or rshow
   epsout =    1            # (D=0) generate eps file by ANGEL
#    used :        main (  %)        temp (  %)       total (  %)
#  memory :         210 (  0)           0 (  0)         210 (  0)

#------------------------------------------------------------------------------
#newpage:
#   no. =  1   ie  =  1   iy  =  1   part. = proton  
#   e = (   0.0000E+00  -   1.0000E+03  )
#   y = (   0.0000E+00  -   1.0000E-01  )

'no. =  1,  ie =  1,  iy =  1'
msuc: {\huge [t-track] in xyz mesh}
msdr: {\it plotted by \ANGEL \version}
msdl: {\it calculated by \PHITS  3.35}

x: z [cm]
y: x [cm]
set: c1[ 0.140] c2[ 2.405] c5[ 0.800] c6[ 0.503] c7[ 0.000] c8[ 2.457]
p: h2fs form[c1] xfac[c2] afac[c5] scal[c6] xorg[c7] yorg[c8] nosp
p: xmin(  0.000000    ) xmax(  100.0000    )
p: ymin( -7.000000    ) ymax(  7.000000    )
#  nx = 100   nz = 100
# ( ( data(z,x), z = 1, nz ), x = nx, 1, -1 )

#------------------------------------------------------------------------------
# gshow
#------------------------------------------------------------------------------

p: legs[c5*0.875]

w:2/ x(  -0.4949878E+00) y(  -0.5319112E+01) ix(2) iy(2) s(   0.7000E+00)

h: x ny1,0  y2=[y1](Air),ic[cyan]
 -1.000000E+00 -1.000000E+00

hb:   line clip z   cb(cyan)
frame:
  1.2223444E-04 -6.9999675E+00
  1.0000012E+02 -6.9999675E+00
  1.0000012E+02  7.0000325E+00
  1.2223444E-04  7.0000325E+00
clip:
 -9.89975553E-01 -7.13858102E+00
  0.00000000E+00 -7.13858102E+00
  0.00000000E+00 -6.99998444E+00
  0.00000000E+00 -6.99580874E+00
  0.00000000E+00 -6.85721217E+00
  0.00000000E+00 -6.85303647E+00
  0.00000000E+00 -6.71443989E+00
  0.00000000E+00 -6.71026419E+00
  0.00000000E+00 -6.57166761E+00
  0.00000000E+00 -6.56749191E+00
  0.00000000E+00 -6.42889534E+00
  0.00000000E+00 -6.42471964E+00
  0.00000000E+00 -6.28612306E+00
  0.00000000E+00 -6.28194736E+00
  0.00000000E+00 -6.14335078E+00
  0.00000000E+00 -6.13917508E+00
  0.00000000E+00 -6.00057850E+00
  0.00000000E+00 -5.99640280E+00
  0.00000000E+00 -5.85780623E+00
  0.00000000E+00 -5.85363053E+00
  0.00000000E+00 -5.71503395E+00
  0.00000000E+00 -5.71085825E+00
  0.00000000E+00 -5.57226167E+00
  0.00000000E+00 -5.56808597E+00
  0.00000000E+00 -5.42948939E+00
  0.00000000E+00 -5.42531370E+00
  0.00000000E+00 -5.28671712E+00
  0.00000000E+00 -5.28254142E+00
  0.00000000E+00 -5.14394484E+00
  0.00000000E+00 -5.13976914E+00
  0.00000000E+00 -5.00117256E+00
  0.00000000E+00 -4.99699686E+00
  0.00000000E+00 -4.85840029E+00
  0.00000000E+00 -4.85422459E+00
  0.00000000E+00 -4.71562801E+00
  0.00000000E+00 -4.71145231E+00
  0.00000000E+00 -4.57285573E+00
  0.00000000E+00 -4.56868003E+00
  0.00000000E+00 -4.43008345E+00
  0.00000000E+00 -4.42590775E+00
  0.00000000E+00 -4.28731118E+00
  0.00000000E+00 -4.28313548E+00
  0.00000000E+00 -4.14453890E+00
  0.00000000E+00 -4.14036320E+00
  0.00000000E+00 -4.00176662E+00
  0.00000000E+00 -3.99759092E+00
  0.00000000E+00 -3.85899435E+00
  0.00000000E+00 -3.85481865E+00
  0.00000000E+00 -3.71622207E+00
  0.00000000E+00 -3.71204637E+00
  0.00000000E+00 -3.57344979E+00
  0.00000000E+00 -3.56927409E+00
 -4.92609464E-01 -3.49964284E+00
 -9.89975553E-01 -3.49964284E+00
 -9.89975553E-01 -3.56927409E+00
 -9.89975553E-01 -3.71204637E+00
 -9.89975553E-01 -3.85481865E+00
 -9.89975553E-01 -3.99759092E+00
 -9.89975553E-01 -4.14036320E+00
 -9.89975553E-01 -4.28313548E+00
 -9.89975553E-01 -4.42590775E+00
 -9.89975553E-01 -4.56868003E+00
 -9.89975553E-01 -4.71145231E+00
 -9.89975553E-01 -4.85422459E+00
 -9.89975553E-01 -4.99699686E+00
 -9.89975553E-01 -5.13976914E+00
 -9.89975553E-01 -5.28254142E+00
 -9.89975553E-01 -5.42531370E+00
 -9.89975553E-01 -5.56808597E+00
 -9.89975553E-01 -5.71085825E+00
 -9.89975553E-01 -5.85363053E+00
 -9.89975553E-01 -5.99640280E+00
 -9.89975553E-01 -6.13917508E+00
 -9.89975553E-01 -6.28194736E+00
 -9.89975553E-01 -6.42471964E+00
 -9.89975553E-01 -6.56749191E+00
 -9.89975553E-01 -6.71026419E+00
 -9.89975553E-01 -6.85303647E+00
 -9.89975553E-01 -6.99580874E+00
 -9.89975553E-01 -7.13858102E+00

w:2100/ x(   0.1250000E+01) y(   0.3283950E-04) ix(2) iy(2) s(   0.7000E+00)

hb:   line clip z   cb(cyan)
frame:
  1.2223444E-04 -6.9999675E+00
  1.0000012E+02 -6.9999675E+00
  1.0000012E+02  7.0000325E+00
  1.2223444E-04  7.0000325E+00
clip:
  2.98264271E-02 -7.13858102E+00
  2.50000000E+00 -7.13858102E+00
  2.50000000E+00 -7.07830128E+00
  2.50000000E+00 -6.99580874E+00
  2.50000000E+00 -6.93552900E+00
  2.50000000E+00 -6.85303647E+00
  2.50000000E+00 -6.79275672E+00
  2.50000000E+00 -6.71026419E+00
  2.50000000E+00 -6.64998444E+00
  2.50000000E+00 -6.56749191E+00
  2.50000000E+00 -6.50721217E+00
  2.50000000E+00 -6.42471964E+00
  2.50000000E+00 -6.36443989E+00
  2.50000000E+00 -6.28194736E+00
  2.50000000E+00 -6.22166761E+00
  2.50000000E+00 -6.13917508E+00
  2.50000000E+00 -6.07889534E+00
  2.50000000E+00 -5.99640280E+00
  2.50000000E+00 -5.93612306E+00
  2.50000000E+00 -5.85363053E+00
  2.50000000E+00 -5.79335078E+00
  2.50000000E+00 -5.71085825E+00
  2.50000000E+00 -5.65057850E+00
  2.50000000E+00 -5.56808597E+00
  2.50000000E+00 -5.50780623E+00
  2.50000000E+00 -5.42531370E+00
  2.50000000E+00 -5.36503395E+00
  2.50000000E+00 -5.28254142E+00
  2.50000000E+00 -5.22226167E+00
  2.50000000E+00 -5.13976914E+00
  2.50000000E+00 -5.07948939E+00
  2.50000000E+00 -4.99699686E+00
  2.50000000E+00 -4.93671712E+00
  2.50000000E+00 -4.85422459E+00
  2.50000000E+00 -4.79394484E+00
  2.50000000E+00 -4.71145231E+00
  2.50000000E+00 -4.65117256E+00
  2.50000000E+00 -4.56868003E+00
  2.50000000E+00 -4.50840029E+00
  2.50000000E+00 -4.42590775E+00
  2.50000000E+00 -4.36562801E+00
  2.50000000E+00 -4.28313548E+00
  2.50000000E+00 -4.22285573E+00
  2.50000000E+00 -4.14036320E+00
  2.50000000E+00 -4.08008345E+00
  2.50000000E+00 -3.99759092E+00
  2.50000000E+00 -3.93731118E+00
  2.50000000E+00 -3.85481865E+00
  2.50000000E+00 -3.79453890E+00
  2.50000000E+00 -3.71204637E+00
  2.50000000E+00 -3.65176662E+00
  2.50000000E+00 -3.56927409E+00
  2.50000000E+00 -3.50899435E+00
  2.06943039E+00 -3.45000000E+00
  1.87000000E+00 -3.42650181E+00
  1.87000000E+00 -3.31164979E+00
  1.87000000E+00 -3.28372954E+00
  1.87000000E+00 -3.16887751E+00
  1.87000000E+00 -3.14095726E+00
  1.87000000E+00 -3.02610524E+00
  1.87000000E+00 -2.99818498E+00
  1.87000000E+00 -2.88333296E+00
  1.87000000E+00 -2.85541271E+00
  1.87000000E+00 -2.74056068E+00
  1.87000000E+00 -2.71264043E+00
  1.87000000E+00 -2.59778840E+00
  1.87000000E+00 -2.56986815E+00
  1.87000000E+00 -2.45501613E+00
  1.87000000E+00 -2.42709587E+00
  1.87000000E+00 -2.31224385E+00
  1.87000000E+00 -2.28432360E+00
  1.87000000E+00 -2.16947157E+00
  1.87000000E+00 -2.14155132E+00
  1.87000000E+00 -2.02669930E+00
  1.87000000E+00 -1.99877904E+00
  1.87000000E+00 -1.88392702E+00
  1.87000000E+00 -1.85600676E+00
  1.87000000E+00 -1.74115474E+00
  1.87000000E+00 -1.71323449E+00
  1.87000000E+00 -1.59838246E+00
  1.87000000E+00 -1.57046221E+00
  1.87000000E+00 -1.45561019E+00
  1.87000000E+00 -1.42768993E+00
  1.87000000E+00 -1.31283791E+00
  1.87000000E+00 -1.28491766E+00
  1.87000000E+00 -1.17006563E+00
  1.87000000E+00 -1.14214538E+00
  1.87000000E+00 -1.02729336E+00
  1.87000000E+00 -9.99373101E-01
  1.87000000E+00 -8.84521078E-01
  1.87000000E+00 -8.56600824E-01
  1.87000000E+00 -7.41748801E-01
  1.87000000E+00 -7.13828547E-01
  1.87000000E+00 -5.98976524E-01
  1.87000000E+00 -5.71056269E-01
  1.87000000E+00 -4.56204246E-01
  1.87000000E+00 -4.28283992E-01
  1.87000000E+00 -3.13431969E-01
  1.87000000E+00 -2.85511715E-01
  1.87000000E+00 -1.70659692E-01
  1.87000000E+00 -1.42739438E-01
  1.87000000E+00 -2.78874147E-02
  1.87000000E+00  3.28395046E-05
  1.87000000E+00  1.14884862E-01
  1.87000000E+00  1.42805117E-01
  1.87000000E+00  2.57657140E-01
  1.87000000E+00  2.85577394E-01
  1.87000000E+00  4.00429417E-01
  1.87000000E+00  4.28349671E-01
  1.87000000E+00  5.43201694E-01
  1.87000000E+00  5.71121948E-01
  1.87000000E+00  6.85973971E-01
  1.87000000E+00  7.13894226E-01
  1.87000000E+00  8.28746249E-01
  1.87000000E+00  8.56666503E-01
  1.87000000E+00  9.71518526E-01
  1.87000000E+00  9.99438780E-01
  1.87000000E+00  1.11429080E+00
  1.87000000E+00  1.14221106E+00
  1.87000000E+00  1.25706308E+00
  1.87000000E+00  1.28498333E+00
  1.87000000E+00  1.39983536E+00
  1.87000000E+00  1.42775561E+00
  1.87000000E+00  1.54260763E+00
  1.87000000E+00  1.57052789E+00
  1.87000000E+00  1.68537991E+00
  1.87000000E+00  1.71330017E+00
  1.87000000E+00  1.82815219E+00
  1.87000000E+00  1.85607244E+00
  1.87000000E+00  1.97092447E+00
  1.87000000E+00  1.99884472E+00
  1.87000000E+00  2.11369674E+00
  1.87000000E+00  2.14161700E+00
  1.87000000E+00  2.25646902E+00
  1.87000000E+00  2.28438928E+00
  1.87000000E+00  2.39924130E+00
  1.87000000E+00  2.42716155E+00
  1.87000000E+00  2.54201358E+00
  1.87000000E+00  2.56993383E+00
  1.87000000E+00  2.68478585E+00
  1.87000000E+00  2.71270611E+00
  1.87000000E+00  2.82755813E+00
  1.87000000E+00  2.85547838E+00
  1.87000000E+00  2.97033041E+00
  1.87000000E+00  2.99825066E+00
  1.87000000E+00  3.11310268E+00
  1.87000000E+00  3.14102294E+00
  1.87000000E+00  3.25587496E+00
  1.87000000E+00  3.28379522E+00
  1.87000000E+00  3.39864724E+00
  2.06943039E+00  3.45000000E+00
  2.50000000E+00  3.50906002E+00
  2.50000000E+00  3.56933977E+00
  2.50000000E+00  3.62961952E+00
  2.50000000E+00  3.71211205E+00
  2.50000000E+00  3.77239179E+00
  2.50000000E+00  3.85488432E+00
  2.50000000E+00  3.91516407E+00
  2.50000000E+00  3.99765660E+00
  2.50000000E+00  4.05793635E+00
  2.50000000E+00  4.14042888E+00
  2.50000000E+00  4.20070862E+00
  2.50000000E+00  4.28320116E+00
  2.50000000E+00  4.34348090E+00
  2.50000000E+00  4.42597343E+00
  2.50000000E+00  4.48625318E+00
  2.50000000E+00  4.56874571E+00
  2.50000000E+00  4.62902546E+00
  2.50000000E+00  4.71151799E+00
  2.50000000E+00  4.77179773E+00
  2.50000000E+00  4.85429027E+00
  2.50000000E+00  4.91457001E+00
  2.50000000E+00  4.99706254E+00
  2.50000000E+00  5.05734229E+00
  2.50000000E+00  5.13983482E+00
  2.50000000E+00  5.20011457E+00
  2.50000000E+00  5.28260710E+00
  2.50000000E+00  5.34288684E+00
  2.50000000E+00  5.42537937E+00
  2.50000000E+00  5.48565912E+00
  2.50000000E+00  5.56815165E+00
  2.50000000E+00  5.62843140E+00
  2.50000000E+00  5.71092393E+00
  2.50000000E+00  5.77120367E+00
  2.50000000E+00  5.85369621E+00
  2.50000000E+00  5.91397595E+00
  2.50000000E+00  5.99646848E+00
  2.50000000E+00  6.05674823E+00
  2.50000000E+00  6.13924076E+00
  2.50000000E+00  6.19952051E+00
  2.50000000E+00  6.28201304E+00
  2.50000000E+00  6.34229278E+00
  2.50000000E+00  6.42478531E+00
  2.50000000E+00  6.48506506E+00
  2.50000000E+00  6.56755759E+00
  2.50000000E+00  6.62783734E+00
  2.50000000E+00  6.71032987E+00
  2.50000000E+00  6.77060961E+00
  2.50000000E+00  6.85310215E+00
  2.50000000E+00  6.91338189E+00
  2.50000000E+00  6.99587442E+00
  2.50000000E+00  7.05615417E+00
  2.50000000E+00  7.13864670E+00
  2.06943039E+00  7.13864670E+00
  1.04962841E+00  7.13864670E+00
  2.98264271E-02  7.13864670E+00
  0.00000000E+00  7.13864670E+00
  0.00000000E+00  7.13447100E+00
  0.00000000E+00  6.99587442E+00
  0.00000000E+00  6.99169872E+00
  0.00000000E+00  6.85310215E+00
  0.00000000E+00  6.84892645E+00
  0.00000000E+00  6.71032987E+00
  0.00000000E+00  6.70615417E+00
  0.00000000E+00  6.56755759E+00
  0.00000000E+00  6.56338189E+00
  0.00000000E+00  6.42478531E+00
  0.00000000E+00  6.42060961E+00
  0.00000000E+00  6.28201304E+00
  0.00000000E+00  6.27783734E+00
  0.00000000E+00  6.13924076E+00
  0.00000000E+00  6.13506506E+00
  0.00000000E+00  5.99646848E+00
  0.00000000E+00  5.99229278E+00
  0.00000000E+00  5.85369621E+00
  0.00000000E+00  5.84952051E+00
  0.00000000E+00  5.71092393E+00
  0.00000000E+00  5.70674823E+00
  0.00000000E+00  5.56815165E+00
  0.00000000E+00  5.56397595E+00
  0.00000000E+00  5.42537937E+00
  0.00000000E+00  5.42120367E+00
  0.00000000E+00  5.28260710E+00
  0.00000000E+00  5.27843140E+00
  0.00000000E+00  5.13983482E+00
  0.00000000E+00  5.13565912E+00
  0.00000000E+00  4.99706254E+00
  0.00000000E+00  4.99288684E+00
  0.00000000E+00  4.85429027E+00
  0.00000000E+00  4.85011457E+00
  0.00000000E+00  4.71151799E+00
  0.00000000E+00  4.70734229E+00
  0.00000000E+00  4.56874571E+00
  0.00000000E+00  4.56457001E+00
  0.00000000E+00  4.42597343E+00
  0.00000000E+00  4.42179773E+00
  0.00000000E+00  4.28320116E+00
  0.00000000E+00  4.27902546E+00
  0.00000000E+00  4.14042888E+00
  0.00000000E+00  4.13625318E+00
  0.00000000E+00  3.99765660E+00
  0.00000000E+00  3.99348090E+00
  0.00000000E+00  3.85488432E+00
  0.00000000E+00  3.85070862E+00
  0.00000000E+00  3.71211205E+00
  0.00000000E+00  3.70793635E+00
  0.00000000E+00  3.56933977E+00
  0.00000000E+00  3.56516407E+00
  0.00000000E+00  3.42656749E+00
  0.00000000E+00  3.42239179E+00
  0.00000000E+00  3.28379522E+00
  0.00000000E+00  3.27961952E+00
  0.00000000E+00  3.14102294E+00
  0.00000000E+00  3.13684724E+00
  0.00000000E+00  2.99825066E+00
  0.00000000E+00  2.99407496E+00
  0.00000000E+00  2.85547838E+00
  0.00000000E+00  2.85130268E+00
  0.00000000E+00  2.71270611E+00
  0.00000000E+00  2.70853041E+00
  0.00000000E+00  2.56993383E+00
  0.00000000E+00  2.56575813E+00
  0.00000000E+00  2.42716155E+00
  0.00000000E+00  2.42298585E+00
  0.00000000E+00  2.28438928E+00
  0.00000000E+00  2.28021358E+00
  0.00000000E+00  2.14161700E+00
  0.00000000E+00  2.13744130E+00
  0.00000000E+00  1.99884472E+00
  0.00000000E+00  1.99466902E+00
  0.00000000E+00  1.85607244E+00
  0.00000000E+00  1.85189674E+00
  0.00000000E+00  1.71330017E+00
  0.00000000E+00  1.70912447E+00
  0.00000000E+00  1.57052789E+00
  0.00000000E+00  1.56635219E+00
  0.00000000E+00  1.42775561E+00
  0.00000000E+00  1.42357991E+00
  0.00000000E+00  1.28498333E+00
  0.00000000E+00  1.28080763E+00
  0.00000000E+00  1.14221106E+00
  0.00000000E+00  1.13803536E+00
  0.00000000E+00  9.99438780E-01
  0.00000000E+00  9.95263080E-01
  0.00000000E+00  8.56666503E-01
  0.00000000E+00  8.52490803E-01
  0.00000000E+00  7.13894226E-01
  0.00000000E+00  7.09718526E-01
  0.00000000E+00  5.71121948E-01
  0.00000000E+00  5.66946249E-01
  0.00000000E+00  4.28349671E-01
  0.00000000E+00  4.24173971E-01
  0.00000000E+00  2.85577394E-01
  0.00000000E+00  2.81401694E-01
  0.00000000E+00  1.42805117E-01
  0.00000000E+00  1.38629417E-01
  0.00000000E+00  3.28395046E-05
  0.00000000E+00 -4.14286029E-03
  0.00000000E+00 -1.42739438E-01
  0.00000000E+00 -1.46915138E-01
  0.00000000E+00 -2.85511715E-01
  0.00000000E+00 -2.89687415E-01
  0.00000000E+00 -4.28283992E-01
  0.00000000E+00 -4.32459692E-01
  0.00000000E+00 -5.71056269E-01
  0.00000000E+00 -5.75231969E-01
  0.00000000E+00 -7.13828547E-01
  0.00000000E+00 -7.18004246E-01
  0.00000000E+00 -8.56600824E-01
  0.00000000E+00 -8.60776524E-01
  0.00000000E+00 -9.99373101E-01
  0.00000000E+00 -1.00354880E+00
  0.00000000E+00 -1.14214538E+00
  0.00000000E+00 -1.14632108E+00
  0.00000000E+00 -1.28491766E+00
  0.00000000E+00 -1.28909336E+00
  0.00000000E+00 -1.42768993E+00
  0.00000000E+00 -1.43186563E+00
  0.00000000E+00 -1.57046221E+00
  0.00000000E+00 -1.57463791E+00
  0.00000000E+00 -1.71323449E+00
  0.00000000E+00 -1.71741019E+00
  0.00000000E+00 -1.85600676E+00
  0.00000000E+00 -1.86018246E+00
  0.00000000E+00 -1.99877904E+00
  0.00000000E+00 -2.00295474E+00
  0.00000000E+00 -2.14155132E+00
  0.00000000E+00 -2.14572702E+00
  0.00000000E+00 -2.28432360E+00
  0.00000000E+00 -2.28849930E+00
  0.00000000E+00 -2.42709587E+00
  0.00000000E+00 -2.43127157E+00
  0.00000000E+00 -2.56986815E+00
  0.00000000E+00 -2.57404385E+00
  0.00000000E+00 -2.71264043E+00
  0.00000000E+00 -2.71681613E+00
  0.00000000E+00 -2.85541271E+00
  0.00000000E+00 -2.85958840E+00
  0.00000000E+00 -2.99818498E+00
  0.00000000E+00 -3.00236068E+00
  0.00000000E+00 -3.14095726E+00
  0.00000000E+00 -3.14513296E+00
  0.00000000E+00 -3.28372954E+00
  0.00000000E+00 -3.28790524E+00
  0.00000000E+00 -3.42650181E+00
  0.00000000E+00 -3.43067751E+00
  0.00000000E+00 -3.56927409E+00
  0.00000000E+00 -3.57344979E+00
  0.00000000E+00 -3.71204637E+00
  0.00000000E+00 -3.71622207E+00
  0.00000000E+00 -3.85481865E+00
  0.00000000E+00 -3.85899435E+00
  0.00000000E+00 -3.99759092E+00
  0.00000000E+00 -4.00176662E+00
  0.00000000E+00 -4.14036320E+00
  0.00000000E+00 -4.14453890E+00
  0.00000000E+00 -4.28313548E+00
  0.00000000E+00 -4.28731118E+00
  0.00000000E+00 -4.42590775E+00
  0.00000000E+00 -4.43008345E+00
  0.00000000E+00 -4.56868003E+00
  0.00000000E+00 -4.57285573E+00
  0.00000000E+00 -4.71145231E+00
  0.00000000E+00 -4.71562801E+00
  0.00000000E+00 -4.85422459E+00
  0.00000000E+00 -4.85840029E+00
  0.00000000E+00 -4.99699686E+00
  0.00000000E+00 -5.00117256E+00
  0.00000000E+00 -5.13976914E+00
  0.00000000E+00 -5.14394484E+00
  0.00000000E+00 -5.28254142E+00
  0.00000000E+00 -5.28671712E+00
  0.00000000E+00 -5.42531370E+00
  0.00000000E+00 -5.42948939E+00
  0.00000000E+00 -5.56808597E+00
  0.00000000E+00 -5.57226167E+00
  0.00000000E+00 -5.71085825E+00
  0.00000000E+00 -5.71503395E+00
  0.00000000E+00 -5.85363053E+00
  0.00000000E+00 -5.85780623E+00
  0.00000000E+00 -5.99640280E+00
  0.00000000E+00 -6.00057850E+00
  0.00000000E+00 -6.13917508E+00
  0.00000000E+00 -6.14335078E+00
  0.00000000E+00 -6.28194736E+00
  0.00000000E+00 -6.28612306E+00
  0.00000000E+00 -6.42471964E+00
  0.00000000E+00 -6.42889534E+00
  0.00000000E+00 -6.56749191E+00
  0.00000000E+00 -6.57166761E+00
  0.00000000E+00 -6.71026419E+00
  0.00000000E+00 -6.71443989E+00
  0.00000000E+00 -6.85303647E+00
  0.00000000E+00 -6.85721217E+00
  0.00000000E+00 -6.99580874E+00
  0.00000000E+00 -6.99998444E+00
  0.00000000E+00 -7.13858102E+00

w:2/ x(   0.4450000E+01) y(   0.3283950E-04) ix(2) iy(2) s(   0.7000E+00)

hb:   line clip z   cb(cyan)
frame:
  1.2223444E-04 -6.9999675E+00
  1.0000012E+02 -6.9999675E+00
  1.0000012E+02  7.0000325E+00
  1.2223444E-04  7.0000325E+00
clip:
  3.08923237E+00 -7.13858102E+00
  6.00000000E+00 -7.13858102E+00
  6.00000000E+00 -7.01661811E+00
  6.00000000E+00 -6.99580874E+00
  6.00000000E+00 -6.87384583E+00
  6.00000000E+00 -6.85303647E+00
  6.00000000E+00 -6.73107355E+00
  6.00000000E+00 -6.71026419E+00
  6.00000000E+00 -6.58830128E+00
  6.00000000E+00 -6.56749191E+00
  6.00000000E+00 -6.44552900E+00
  6.00000000E+00 -6.42471964E+00
  6.00000000E+00 -6.30275672E+00
  6.00000000E+00 -6.28194736E+00
  6.00000000E+00 -6.15998444E+00
  6.00000000E+00 -6.13917508E+00
  6.00000000E+00 -6.01721217E+00
  6.00000000E+00 -5.99640280E+00
  6.00000000E+00 -5.87443989E+00
  6.00000000E+00 -5.85363053E+00
  6.00000000E+00 -5.73166761E+00
  6.00000000E+00 -5.71085825E+00
  6.00000000E+00 -5.58889534E+00
  6.00000000E+00 -5.56808597E+00
  6.00000000E+00 -5.44612306E+00
  6.00000000E+00 -5.42531370E+00
  6.00000000E+00 -5.30335078E+00
  6.00000000E+00 -5.28254142E+00
  6.00000000E+00 -5.16057850E+00
  6.00000000E+00 -5.13976914E+00
  6.00000000E+00 -5.01780623E+00
  6.00000000E+00 -4.99699686E+00
  6.00000000E+00 -4.87503395E+00
  6.00000000E+00 -4.85422459E+00
  6.00000000E+00 -4.73226167E+00
  6.00000000E+00 -4.71145231E+00
  6.00000000E+00 -4.58948939E+00
  6.00000000E+00 -4.56868003E+00
  6.00000000E+00 -4.44671712E+00
  6.00000000E+00 -4.42590775E+00
  6.00000000E+00 -4.30394484E+00
  6.00000000E+00 -4.28313548E+00
  6.00000000E+00 -4.16117256E+00
  6.00000000E+00 -4.14036320E+00
  6.00000000E+00 -4.01840029E+00
  6.00000000E+00 -3.99759092E+00
  6.00000000E+00 -3.87562801E+00
  6.00000000E+00 -3.85481865E+00
  6.00000000E+00 -3.73285573E+00
  6.00000000E+00 -3.71204637E+00
  6.00000000E+00 -3.59008345E+00
  6.00000000E+00 -3.56927409E+00
  6.00000000E+00 -3.44731118E+00
  6.00000000E+00 -3.42650181E+00
  6.00000000E+00 -3.30453890E+00
  6.00000000E+00 -3.28372954E+00
  6.00000000E+00 -3.16176662E+00
  6.00000000E+00 -3.14095726E+00
  6.00000000E+00 -3.01899435E+00
  6.00000000E+00 -2.99818498E+00
  6.00000000E+00 -2.87622207E+00
  6.00000000E+00 -2.85541271E+00
  6.00000000E+00 -2.73344979E+00
  6.00000000E+00 -2.71264043E+00
  6.00000000E+00 -2.59067751E+00
  6.00000000E+00 -2.56986815E+00
  6.00000000E+00 -2.44790524E+00
  6.00000000E+00 -2.42709587E+00
  6.00000000E+00 -2.30513296E+00
  6.00000000E+00 -2.28432360E+00
  6.00000000E+00 -2.16236068E+00
  6.00000000E+00 -2.14155132E+00
  6.00000000E+00 -2.01958840E+00
  6.00000000E+00 -1.99877904E+00
  6.00000000E+00 -1.87681613E+00
  6.00000000E+00 -1.85600676E+00
  6.00000000E+00 -1.73404385E+00
  6.00000000E+00 -1.71323449E+00
  6.00000000E+00 -1.59127157E+00
  6.00000000E+00 -1.57046221E+00
  6.00000000E+00 -1.44849930E+00
  6.00000000E+00 -1.42768993E+00
  6.00000000E+00 -1.30572702E+00
  6.00000000E+00 -1.28491766E+00
  6.00000000E+00 -1.16295474E+00
  6.00000000E+00 -1.14214538E+00
  6.00000000E+00 -1.02018246E+00
  6.00000000E+00 -9.99373101E-01
  6.00000000E+00 -8.77410187E-01
  6.00000000E+00 -8.56600824E-01
  6.00000000E+00 -7.34637910E-01
  6.00000000E+00 -7.13828547E-01
  6.00000000E+00 -5.91865633E-01
  6.00000000E+00 -5.71056269E-01
  6.00000000E+00 -4.49093355E-01
  6.00000000E+00 -4.28283992E-01
  6.00000000E+00 -3.06321078E-01
  6.00000000E+00 -2.85511715E-01
  6.00000000E+00 -1.63548801E-01
  6.00000000E+00 -1.42739438E-01
  6.00000000E+00 -2.07765237E-02
  6.00000000E+00  3.28395046E-05
  6.00000000E+00  1.21995754E-01
  6.00000000E+00  1.42805117E-01
  6.00000000E+00  2.64768031E-01
  6.00000000E+00  2.85577394E-01
  6.00000000E+00  4.07540308E-01
  6.00000000E+00  4.28349671E-01
  6.00000000E+00  5.50312585E-01
  6.00000000E+00  5.71121948E-01
  6.00000000E+00  6.93084862E-01
  6.00000000E+00  7.13894226E-01
  6.00000000E+00  8.35857140E-01
  6.00000000E+00  8.56666503E-01
  6.00000000E+00  9.78629417E-01
  6.00000000E+00  9.99438780E-01
  6.00000000E+00  1.12140169E+00
  6.00000000E+00  1.14221106E+00
  6.00000000E+00  1.26417397E+00
  6.00000000E+00  1.28498333E+00
  6.00000000E+00  1.40694625E+00
  6.00000000E+00  1.42775561E+00
  6.00000000E+00  1.54971853E+00
  6.00000000E+00  1.57052789E+00
  6.00000000E+00  1.69249080E+00
  6.00000000E+00  1.71330017E+00
  6.00000000E+00  1.83526308E+00
  6.00000000E+00  1.85607244E+00
  6.00000000E+00  1.97803536E+00
  6.00000000E+00  1.99884472E+00
  6.00000000E+00  2.12080763E+00
  6.00000000E+00  2.14161700E+00
  6.00000000E+00  2.26357991E+00
  6.00000000E+00  2.28438928E+00
  6.00000000E+00  2.40635219E+00
  6.00000000E+00  2.42716155E+00
  6.00000000E+00  2.54912447E+00
  6.00000000E+00  2.56993383E+00
  6.00000000E+00  2.69189674E+00
  6.00000000E+00  2.71270611E+00
  6.00000000E+00  2.83466902E+00
  6.00000000E+00  2.85547838E+00
  6.00000000E+00  2.97744130E+00
  6.00000000E+00  2.99825066E+00
  6.00000000E+00  3.12021358E+00
  6.00000000E+00  3.14102294E+00
  6.00000000E+00  3.26298585E+00
  6.00000000E+00  3.28379522E+00
  6.00000000E+00  3.40575813E+00
  6.00000000E+00  3.42656749E+00
  6.00000000E+00  3.54853041E+00
  6.00000000E+00  3.56933977E+00
  6.00000000E+00  3.69130268E+00
  6.00000000E+00  3.71211205E+00
  6.00000000E+00  3.83407496E+00
  6.00000000E+00  3.85488432E+00
  6.00000000E+00  3.97684724E+00
  6.00000000E+00  3.99765660E+00
  6.00000000E+00  4.11961952E+00
  6.00000000E+00  4.14042888E+00
  6.00000000E+00  4.26239179E+00
  6.00000000E+00  4.28320116E+00
  6.00000000E+00  4.40516407E+00
  6.00000000E+00  4.42597343E+00
  6.00000000E+00  4.54793635E+00
  6.00000000E+00  4.56874571E+00
  6.00000000E+00  4.69070862E+00
  6.00000000E+00  4.71151799E+00
  6.00000000E+00  4.83348090E+00
  6.00000000E+00  4.85429027E+00
  6.00000000E+00  4.97625318E+00
  6.00000000E+00  4.99706254E+00
  6.00000000E+00  5.11902546E+00
  6.00000000E+00  5.13983482E+00
  6.00000000E+00  5.26179773E+00
  6.00000000E+00  5.28260710E+00
  6.00000000E+00  5.40457001E+00
  6.00000000E+00  5.42537937E+00
  6.00000000E+00  5.54734229E+00
  6.00000000E+00  5.56815165E+00
  6.00000000E+00  5.69011457E+00
  6.00000000E+00  5.71092393E+00
  6.00000000E+00  5.83288684E+00
  6.00000000E+00  5.85369621E+00
  6.00000000E+00  5.97565912E+00
  6.00000000E+00  5.99646848E+00
  6.00000000E+00  6.11843140E+00
  6.00000000E+00  6.13924076E+00
  6.00000000E+00  6.26120367E+00
  6.00000000E+00  6.28201304E+00
  6.00000000E+00  6.40397595E+00
  6.00000000E+00  6.42478531E+00
  6.00000000E+00  6.54674823E+00
  6.00000000E+00  6.56755759E+00
  6.00000000E+00  6.68952051E+00
  6.00000000E+00  6.71032987E+00
  6.00000000E+00  6.83229278E+00
  6.00000000E+00  6.85310215E+00
  6.00000000E+00  6.97506506E+00
  6.00000000E+00  6.99587442E+00
  6.00000000E+00  7.11783734E+00
  6.00000000E+00  7.13864670E+00
  5.12883633E+00  7.13864670E+00
  4.10903435E+00  7.13864670E+00
  3.08923237E+00  7.13864670E+00
  2.90000000E+00  7.13864670E+00
  2.90000000E+00  7.11215417E+00
  2.90000000E+00  6.99587442E+00
  2.90000000E+00  6.96938189E+00
  2.90000000E+00  6.85310215E+00
  2.90000000E+00  6.82660961E+00
  2.90000000E+00  6.71032987E+00
  2.90000000E+00  6.68383734E+00
  2.90000000E+00  6.56755759E+00
  2.90000000E+00  6.54106506E+00
  2.90000000E+00  6.42478531E+00
  2.90000000E+00  6.39829278E+00
  2.90000000E+00  6.28201304E+00
  2.90000000E+00  6.25552051E+00
  2.90000000E+00  6.13924076E+00
  2.90000000E+00  6.11274823E+00
  2.90000000E+00  5.99646848E+00
  2.90000000E+00  5.96997595E+00
  2.90000000E+00  5.85369621E+00
  2.90000000E+00  5.82720367E+00
  2.90000000E+00  5.71092393E+00
  2.90000000E+00  5.68443140E+00
  2.90000000E+00  5.56815165E+00
  2.90000000E+00  5.54165912E+00
  2.90000000E+00  5.42537937E+00
  2.90000000E+00  5.39888684E+00
  2.90000000E+00  5.28260710E+00
  2.90000000E+00  5.25611457E+00
  2.90000000E+00  5.13983482E+00
  2.90000000E+00  5.11334229E+00
  2.90000000E+00  4.99706254E+00
  2.90000000E+00  4.97057001E+00
  2.90000000E+00  4.85429027E+00
  2.90000000E+00  4.82779773E+00
  2.90000000E+00  4.71151799E+00
  2.90000000E+00  4.68502546E+00
  2.90000000E+00  4.56874571E+00
  2.90000000E+00  4.54225318E+00
  2.90000000E+00  4.42597343E+00
  2.90000000E+00  4.39948090E+00
  2.90000000E+00  4.28320116E+00
  2.90000000E+00  4.25670862E+00
  2.90000000E+00  4.14042888E+00
  2.90000000E+00  4.11393635E+00
  2.90000000E+00  3.99765660E+00
  2.90000000E+00  3.97116407E+00
  2.90000000E+00  3.85488432E+00
  2.90000000E+00  3.82839179E+00
  2.90000000E+00  3.71211205E+00
  2.90000000E+00  3.68561952E+00
  2.90000000E+00  3.56933977E+00
  2.90000000E+00  3.54284724E+00
  2.90000000E+00  3.42656749E+00
  2.90000000E+00  3.40007496E+00
  2.90000000E+00  3.28379522E+00
  2.90000000E+00  3.25730268E+00
  2.90000000E+00  3.14102294E+00
  2.90000000E+00  3.11453041E+00
  2.90000000E+00  2.99825066E+00
  2.90000000E+00  2.97175813E+00
  2.90000000E+00  2.85547838E+00
  2.90000000E+00  2.82898585E+00
  2.90000000E+00  2.71270611E+00
  2.90000000E+00  2.68621358E+00
  2.90000000E+00  2.56993383E+00
  2.90000000E+00  2.54344130E+00
  2.90000000E+00  2.42716155E+00
  2.90000000E+00  2.40066902E+00
  2.90000000E+00  2.28438928E+00
  2.90000000E+00  2.25789674E+00
  2.90000000E+00  2.14161700E+00
  2.90000000E+00  2.11512447E+00
  2.90000000E+00  1.99884472E+00
  2.90000000E+00  1.97235219E+00
  2.90000000E+00  1.85607244E+00
  2.90000000E+00  1.82957991E+00
  2.90000000E+00  1.71330017E+00
  2.90000000E+00  1.68680763E+00
  2.90000000E+00  1.57052789E+00
  2.90000000E+00  1.54403536E+00
  2.90000000E+00  1.42775561E+00
  2.90000000E+00  1.40126308E+00
  2.90000000E+00  1.28498333E+00
  2.90000000E+00  1.25849080E+00
  2.90000000E+00  1.14221106E+00
  2.90000000E+00  1.11571853E+00
  2.90000000E+00  9.99438780E-01
  2.90000000E+00  9.72946249E-01
  2.90000000E+00  8.56666503E-01
  2.90000000E+00  8.30173971E-01
  2.90000000E+00  7.13894226E-01
  2.90000000E+00  6.87401694E-01
  2.90000000E+00  5.71121948E-01
  2.90000000E+00  5.44629417E-01
  2.90000000E+00  4.28349671E-01
  2.90000000E+00  4.01857140E-01
  2.90000000E+00  2.85577394E-01
  2.90000000E+00  2.59084862E-01
  2.90000000E+00  1.42805117E-01
  2.90000000E+00  1.16312585E-01
  2.90000000E+00  3.28395046E-05
  2.90000000E+00 -2.64596920E-02
  2.90000000E+00 -1.42739438E-01
  2.90000000E+00 -1.69231969E-01
  2.90000000E+00 -2.85511715E-01
  2.90000000E+00 -3.12004246E-01
  2.90000000E+00 -4.28283992E-01
  2.90000000E+00 -4.54776524E-01
  2.90000000E+00 -5.71056269E-01
  2.90000000E+00 -5.97548801E-01
  2.90000000E+00 -7.13828547E-01
  2.90000000E+00 -7.40321078E-01
  2.90000000E+00 -8.56600824E-01
  2.90000000E+00 -8.83093355E-01
  2.90000000E+00 -9.99373101E-01
  2.90000000E+00 -1.02586563E+00
  2.90000000E+00 -1.14214538E+00
  2.90000000E+00 -1.16863791E+00
  2.90000000E+00 -1.28491766E+00
  2.90000000E+00 -1.31141019E+00
  2.90000000E+00 -1.42768993E+00
  2.90000000E+00 -1.45418246E+00
  2.90000000E+00 -1.57046221E+00
  2.90000000E+00 -1.59695474E+00
  2.90000000E+00 -1.71323449E+00
  2.90000000E+00 -1.73972702E+00
  2.90000000E+00 -1.85600676E+00
  2.90000000E+00 -1.88249930E+00
  2.90000000E+00 -1.99877904E+00
  2.90000000E+00 -2.02527157E+00
  2.90000000E+00 -2.14155132E+00
  2.90000000E+00 -2.16804385E+00
  2.90000000E+00 -2.28432360E+00
  2.90000000E+00 -2.31081613E+00
  2.90000000E+00 -2.42709587E+00
  2.90000000E+00 -2.45358840E+00
  2.90000000E+00 -2.56986815E+00
  2.90000000E+00 -2.59636068E+00
  2.90000000E+00 -2.71264043E+00
  2.90000000E+00 -2.73913296E+00
  2.90000000E+00 -2.85541271E+00
  2.90000000E+00 -2.88190524E+00
  2.90000000E+00 -2.99818498E+00
  2.90000000E+00 -3.02467751E+00
  2.90000000E+00 -3.14095726E+00
  2.90000000E+00 -3.16744979E+00
  2.90000000E+00 -3.28372954E+00
  2.90000000E+00 -3.31022207E+00
  2.90000000E+00 -3.42650181E+00
  2.90000000E+00 -3.45299435E+00
  2.90000000E+00 -3.56927409E+00
  2.90000000E+00 -3.59576662E+00
  2.90000000E+00 -3.71204637E+00
  2.90000000E+00 -3.73853890E+00
  2.90000000E+00 -3.85481865E+00
  2.90000000E+00 -3.88131118E+00
  2.90000000E+00 -3.99759092E+00
  2.90000000E+00 -4.02408345E+00
  2.90000000E+00 -4.14036320E+00
  2.90000000E+00 -4.16685573E+00
  2.90000000E+00 -4.28313548E+00
  2.90000000E+00 -4.30962801E+00
  2.90000000E+00 -4.42590775E+00
  2.90000000E+00 -4.45240029E+00
  2.90000000E+00 -4.56868003E+00
  2.90000000E+00 -4.59517256E+00
  2.90000000E+00 -4.71145231E+00
  2.90000000E+00 -4.73794484E+00
  2.90000000E+00 -4.85422459E+00
  2.90000000E+00 -4.88071712E+00
  2.90000000E+00 -4.99699686E+00
  2.90000000E+00 -5.02348939E+00
  2.90000000E+00 -5.13976914E+00
  2.90000000E+00 -5.16626167E+00
  2.90000000E+00 -5.28254142E+00
  2.90000000E+00 -5.30903395E+00
  2.90000000E+00 -5.42531370E+00
  2.90000000E+00 -5.45180623E+00
  2.90000000E+00 -5.56808597E+00
  2.90000000E+00 -5.59457850E+00
  2.90000000E+00 -5.71085825E+00
  2.90000000E+00 -5.73735078E+00
  2.90000000E+00 -5.85363053E+00
  2.90000000E+00 -5.88012306E+00
  2.90000000E+00 -5.99640280E+00
  2.90000000E+00 -6.02289534E+00
  2.90000000E+00 -6.13917508E+00
  2.90000000E+00 -6.16566761E+00
  2.90000000E+00 -6.28194736E+00
  2.90000000E+00 -6.30843989E+00
  2.90000000E+00 -6.42471964E+00
  2.90000000E+00 -6.45121217E+00
  2.90000000E+00 -6.56749191E+00
  2.90000000E+00 -6.59398444E+00
  2.90000000E+00 -6.71026419E+00
  2.90000000E+00 -6.73675672E+00
  2.90000000E+00 -6.85303647E+00
  2.90000000E+00 -6.87952900E+00
  2.90000000E+00 -6.99580874E+00
  2.90000000E+00 -7.02230128E+00
  2.90000000E+00 -7.13858102E+00

w:2200/ x(   0.6800000E+01) y(   0.3283950E-04) ix(2) iy(2) s(   0.7000E+00)

hb:   line clip z   cb(cyan)
frame:
  1.2223444E-04 -6.9999675E+00
  1.0000012E+02 -6.9999675E+00
  1.0000012E+02  7.0000325E+00
  1.2223444E-04  7.0000325E+00
clip:
  6.14863831E+00 -7.13858102E+00
  7.30000000E+00 -7.13858102E+00
  7.30000000E+00 -7.12016266E+00
  7.30000000E+00 -6.99580874E+00
  7.30000000E+00 -6.97739039E+00
  7.30000000E+00 -6.85303647E+00
  7.30000000E+00 -6.83461811E+00
  7.30000000E+00 -6.71026419E+00
  7.30000000E+00 -6.69184583E+00
  7.30000000E+00 -6.56749191E+00
  7.30000000E+00 -6.54907355E+00
  7.30000000E+00 -6.42471964E+00
  7.30000000E+00 -6.40630128E+00
  7.30000000E+00 -6.28194736E+00
  7.30000000E+00 -6.26352900E+00
  7.30000000E+00 -6.13917508E+00
  7.30000000E+00 -6.12075672E+00
  7.30000000E+00 -5.99640280E+00
  7.30000000E+00 -5.97798444E+00
  7.30000000E+00 -5.85363053E+00
  7.30000000E+00 -5.83521217E+00
  7.30000000E+00 -5.71085825E+00
  7.30000000E+00 -5.69243989E+00
  7.30000000E+00 -5.56808597E+00
  7.30000000E+00 -5.54966761E+00
  7.30000000E+00 -5.42531370E+00
  7.30000000E+00 -5.40689534E+00
  7.30000000E+00 -5.28254142E+00
  7.30000000E+00 -5.26412306E+00
  7.30000000E+00 -5.13976914E+00
  7.30000000E+00 -5.12135078E+00
  7.30000000E+00 -4.99699686E+00
  7.30000000E+00 -4.97857850E+00
  7.30000000E+00 -4.85422459E+00
  7.30000000E+00 -4.83580623E+00
  7.30000000E+00 -4.71145231E+00
  7.30000000E+00 -4.69303395E+00
  7.30000000E+00 -4.56868003E+00
  7.30000000E+00 -4.55026167E+00
  7.30000000E+00 -4.42590775E+00
  7.30000000E+00 -4.40748939E+00
  7.30000000E+00 -4.28313548E+00
  7.30000000E+00 -4.26471712E+00
  7.30000000E+00 -4.14036320E+00
  7.30000000E+00 -4.12194484E+00
  7.30000000E+00 -3.99759092E+00
  7.30000000E+00 -3.97917256E+00
  7.30000000E+00 -3.85481865E+00
  7.30000000E+00 -3.83640029E+00
  7.30000000E+00 -3.71204637E+00
  7.30000000E+00 -3.69362801E+00
  7.30000000E+00 -3.56927409E+00
  7.30000000E+00 -3.55085573E+00
  7.30000000E+00 -3.42650181E+00
  7.30000000E+00 -3.40808345E+00
  7.30000000E+00 -3.28372954E+00
  7.30000000E+00 -3.26531118E+00
  7.16844029E+00 -3.25000000E+00
  7.00000000E+00 -3.14095726E+00
  7.00000000E+00 -3.02176662E+00
  7.00000000E+00 -2.99818498E+00
  7.00000000E+00 -2.87899435E+00
  7.00000000E+00 -2.85541271E+00
  7.00000000E+00 -2.73622207E+00
  7.00000000E+00 -2.71264043E+00
  7.00000000E+00 -2.59344979E+00
  7.00000000E+00 -2.56986815E+00
  7.00000000E+00 -2.45067751E+00
  7.00000000E+00 -2.42709587E+00
  7.00000000E+00 -2.30790524E+00
  7.00000000E+00 -2.28432360E+00
  7.00000000E+00 -2.16513296E+00
  7.00000000E+00 -2.14155132E+00
  7.00000000E+00 -2.02236068E+00
  7.00000000E+00 -1.99877904E+00
  7.00000000E+00 -1.87958840E+00
  7.00000000E+00 -1.85600676E+00
  7.00000000E+00 -1.73681613E+00
  7.00000000E+00 -1.71323449E+00
  7.00000000E+00 -1.59404385E+00
  7.16844029E+00 -1.47455756E+00
  7.60000000E+00 -1.48810829E+00
  7.60000000E+00  1.48817397E+00
  7.00000000E+00  1.57052789E+00
  7.00000000E+00  1.68971853E+00
  7.00000000E+00  3.14102294E+00
  7.16844029E+00  3.25000000E+00
  7.30000000E+00  3.28379522E+00
  7.30000000E+00  7.13864670E+00
  7.16844029E+00  7.13864670E+00
  6.14863831E+00  7.13864670E+00
  6.00000000E+00  7.13864670E+00
  6.00000000E+00  7.11783734E+00
  6.00000000E+00  6.99587442E+00
  6.00000000E+00  6.97506506E+00
  6.00000000E+00  6.85310215E+00
  6.00000000E+00  6.83229278E+00
  6.00000000E+00  6.71032987E+00
  6.00000000E+00  6.68952051E+00
  6.00000000E+00  6.56755759E+00
  6.00000000E+00  6.54674823E+00
  6.00000000E+00  6.42478531E+00
  6.00000000E+00  6.40397595E+00
  6.00000000E+00  6.28201304E+00
  6.00000000E+00  6.26120367E+00
  6.00000000E+00  6.13924076E+00
  6.00000000E+00  6.11843140E+00
  6.00000000E+00  5.99646848E+00
  6.00000000E+00  5.97565912E+00
  6.00000000E+00  5.85369621E+00
  6.00000000E+00  5.83288684E+00
  6.00000000E+00  5.71092393E+00
  6.00000000E+00  5.69011457E+00
  6.00000000E+00  5.56815165E+00
  6.00000000E+00  5.54734229E+00
  6.00000000E+00  5.42537937E+00
  6.00000000E+00  5.40457001E+00
  6.00000000E+00  5.28260710E+00
  6.00000000E+00  5.26179773E+00
  6.00000000E+00  5.13983482E+00
  6.00000000E+00  5.11902546E+00
  6.00000000E+00  4.99706254E+00
  6.00000000E+00  4.97625318E+00
  6.00000000E+00  4.85429027E+00
  6.00000000E+00  4.83348090E+00
  6.00000000E+00  4.71151799E+00
  6.00000000E+00  4.69070862E+00
  6.00000000E+00  4.56874571E+00
  6.00000000E+00  4.54793635E+00
  6.00000000E+00  4.42597343E+00
  6.00000000E+00  4.40516407E+00
  6.00000000E+00  4.28320116E+00
  6.00000000E+00  4.26239179E+00
  6.00000000E+00  4.14042888E+00
  6.00000000E+00  4.11961952E+00
  6.00000000E+00  3.99765660E+00
  6.00000000E+00  3.97684724E+00
  6.00000000E+00  3.85488432E+00
  6.00000000E+00  3.83407496E+00
  6.00000000E+00  3.71211205E+00
  6.00000000E+00  3.69130268E+00
  6.00000000E+00  3.56933977E+00
  6.00000000E+00  3.54853041E+00
  6.00000000E+00  3.42656749E+00
  6.00000000E+00  3.40575813E+00
  6.00000000E+00  3.28379522E+00
  6.00000000E+00  3.26298585E+00
  6.00000000E+00  3.14102294E+00
  6.00000000E+00  3.12021358E+00
  6.00000000E+00  2.99825066E+00
  6.00000000E+00  2.97744130E+00
  6.00000000E+00  2.85547838E+00
  6.00000000E+00  2.83466902E+00
  6.00000000E+00  2.71270611E+00
  6.00000000E+00  2.69189674E+00
  6.00000000E+00  2.56993383E+00
  6.00000000E+00  2.54912447E+00
  6.00000000E+00  2.42716155E+00
  6.00000000E+00  2.40635219E+00
  6.00000000E+00  2.28438928E+00
  6.00000000E+00  2.26357991E+00
  6.00000000E+00  2.14161700E+00
  6.00000000E+00  2.12080763E+00
  6.00000000E+00  1.99884472E+00
  6.00000000E+00  1.97803536E+00
  6.00000000E+00  1.85607244E+00
  6.00000000E+00  1.83526308E+00
  6.00000000E+00  1.71330017E+00
  6.00000000E+00  1.69249080E+00
  6.00000000E+00  1.57052789E+00
  6.00000000E+00  1.54971853E+00
  6.00000000E+00  1.42775561E+00
  6.00000000E+00  1.40694625E+00
  6.00000000E+00  1.28498333E+00
  6.00000000E+00  1.26417397E+00
  6.00000000E+00  1.14221106E+00
  6.00000000E+00  1.12140169E+00
  6.00000000E+00  9.99438780E-01
  6.00000000E+00  9.78629417E-01
  6.00000000E+00  8.56666503E-01
  6.00000000E+00  8.35857140E-01
  6.00000000E+00  7.13894226E-01
  6.00000000E+00  6.93084862E-01
  6.00000000E+00  5.71121948E-01
  6.00000000E+00  5.50312585E-01
  6.00000000E+00  4.28349671E-01
  6.00000000E+00  4.07540308E-01
  6.00000000E+00  2.85577394E-01
  6.00000000E+00  2.64768031E-01
  6.00000000E+00  1.42805117E-01
  6.00000000E+00  1.21995754E-01
  6.00000000E+00  3.28395046E-05
  6.00000000E+00 -2.07765237E-02
  6.00000000E+00 -1.42739438E-01
  6.00000000E+00 -1.63548801E-01
  6.00000000E+00 -2.85511715E-01
  6.00000000E+00 -3.06321078E-01
  6.00000000E+00 -4.28283992E-01
  6.00000000E+00 -4.49093355E-01
  6.00000000E+00 -5.71056269E-01
  6.00000000E+00 -5.91865633E-01
  6.00000000E+00 -7.13828547E-01
  6.00000000E+00 -7.34637910E-01
  6.00000000E+00 -8.56600824E-01
  6.00000000E+00 -8.77410187E-01
  6.00000000E+00 -9.99373101E-01
  6.00000000E+00 -1.02018246E+00
  6.00000000E+00 -1.14214538E+00
  6.00000000E+00 -1.16295474E+00
  6.00000000E+00 -1.28491766E+00
  6.00000000E+00 -1.30572702E+00
  6.00000000E+00 -1.42768993E+00
  6.00000000E+00 -1.44849930E+00
  6.00000000E+00 -1.57046221E+00
  6.00000000E+00 -1.59127157E+00
  6.00000000E+00 -1.71323449E+00
  6.00000000E+00 -1.73404385E+00
  6.00000000E+00 -1.85600676E+00
  6.00000000E+00 -1.87681613E+00
  6.00000000E+00 -1.99877904E+00
  6.00000000E+00 -2.01958840E+00
  6.00000000E+00 -2.14155132E+00
  6.00000000E+00 -2.16236068E+00
  6.00000000E+00 -2.28432360E+00
  6.00000000E+00 -2.30513296E+00
  6.00000000E+00 -2.42709587E+00
  6.00000000E+00 -2.44790524E+00
  6.00000000E+00 -2.56986815E+00
  6.00000000E+00 -2.59067751E+00
  6.00000000E+00 -2.71264043E+00
  6.00000000E+00 -2.73344979E+00
  6.00000000E+00 -2.85541271E+00
  6.00000000E+00 -2.87622207E+00
  6.00000000E+00 -2.99818498E+00
  6.00000000E+00 -3.01899435E+00
  6.00000000E+00 -3.14095726E+00
  6.00000000E+00 -3.16176662E+00
  6.00000000E+00 -3.28372954E+00
  6.00000000E+00 -3.30453890E+00
  6.00000000E+00 -3.42650181E+00
  6.00000000E+00 -3.44731118E+00
  6.00000000E+00 -3.56927409E+00
  6.00000000E+00 -3.59008345E+00
  6.00000000E+00 -3.71204637E+00
  6.00000000E+00 -3.73285573E+00
  6.00000000E+00 -3.85481865E+00
  6.00000000E+00 -3.87562801E+00
  6.00000000E+00 -3.99759092E+00
  6.00000000E+00 -4.01840029E+00
  6.00000000E+00 -4.14036320E+00
  6.00000000E+00 -4.16117256E+00
  6.00000000E+00 -4.28313548E+00
  6.00000000E+00 -4.30394484E+00
  6.00000000E+00 -4.42590775E+00
  6.00000000E+00 -4.44671712E+00
  6.00000000E+00 -4.56868003E+00
  6.00000000E+00 -4.58948939E+00
  6.00000000E+00 -4.71145231E+00
  6.00000000E+00 -4.73226167E+00
  6.00000000E+00 -4.85422459E+00
  6.00000000E+00 -4.87503395E+00
  6.00000000E+00 -4.99699686E+00
  6.00000000E+00 -5.01780623E+00
  6.00000000E+00 -5.13976914E+00
  6.00000000E+00 -5.16057850E+00
  6.00000000E+00 -5.28254142E+00
  6.00000000E+00 -5.30335078E+00
  6.00000000E+00 -5.42531370E+00
  6.00000000E+00 -5.44612306E+00
  6.00000000E+00 -5.56808597E+00
  6.00000000E+00 -5.58889534E+00
  6.00000000E+00 -5.71085825E+00
  6.00000000E+00 -5.73166761E+00
  6.00000000E+00 -5.85363053E+00
  6.00000000E+00 -5.87443989E+00
  6.00000000E+00 -5.99640280E+00
  6.00000000E+00 -6.01721217E+00
  6.00000000E+00 -6.13917508E+00
  6.00000000E+00 -6.15998444E+00
  6.00000000E+00 -6.28194736E+00
  6.00000000E+00 -6.30275672E+00
  6.00000000E+00 -6.42471964E+00
  6.00000000E+00 -6.44552900E+00
  6.00000000E+00 -6.56749191E+00
  6.00000000E+00 -6.58830128E+00
  6.00000000E+00 -6.71026419E+00
  6.00000000E+00 -6.73107355E+00
  6.00000000E+00 -6.85303647E+00
  6.00000000E+00 -6.87384583E+00
  6.00000000E+00 -6.99580874E+00
  6.00000000E+00 -7.01661811E+00
  6.00000000E+00 -7.13858102E+00

w:2200/ x(   0.8254330E+01) y(   0.3283950E-04) ix(2) iy(2) s(   0.7000E+00)

hb:   line clip z   cb(cyan)
frame:
  1.2223444E-04 -6.9999675E+00
  1.0000012E+02 -6.9999675E+00
  1.0000012E+02  7.0000325E+00
  1.2223444E-04  7.0000325E+00
clip:
  8.18824227E+00 -7.13858102E+00
  8.90433000E+00 -7.13858102E+00
  8.90433000E+00 -7.03832874E+00
  8.90433000E+00 -6.99580874E+00
  8.90433000E+00 -6.89555646E+00
  8.90433000E+00 -6.85303647E+00
  8.90433000E+00 -6.75278419E+00
  8.90433000E+00 -6.71026419E+00
  8.90433000E+00 -6.61001191E+00
  8.90433000E+00 -6.56749191E+00
  8.90433000E+00 -6.46723963E+00
  8.90433000E+00 -6.42471964E+00
  8.90433000E+00 -6.32446735E+00
  8.90433000E+00 -6.28194736E+00
  8.90433000E+00 -6.18169508E+00
  8.90433000E+00 -6.13917508E+00
  8.90433000E+00 -6.03892280E+00
  8.90433000E+00 -5.99640280E+00
  8.90433000E+00 -5.89615052E+00
  8.90433000E+00 -5.85363053E+00
  8.90433000E+00 -5.75337824E+00
  8.90433000E+00 -5.71085825E+00
  8.90433000E+00 -5.61060597E+00
  8.90433000E+00 -5.56808597E+00
  8.90433000E+00 -5.46783369E+00
  8.90433000E+00 -5.42531370E+00
  8.90433000E+00 -5.32506141E+00
  8.90433000E+00 -5.28254142E+00
  8.90433000E+00 -5.18228914E+00
  8.90433000E+00 -5.13976914E+00
  8.90433000E+00 -5.03951686E+00
  8.90433000E+00 -4.99699686E+00
  8.90433000E+00 -4.89674458E+00
  8.90433000E+00 -4.85422459E+00
  8.90433000E+00 -4.75397230E+00
  8.90433000E+00 -4.71145231E+00
  8.90433000E+00 -4.61120003E+00
  8.90433000E+00 -4.56868003E+00
  8.90433000E+00 -4.46842775E+00
  8.90433000E+00 -4.42590775E+00
  8.90433000E+00 -4.32565547E+00
  8.90433000E+00 -4.28313548E+00
  8.90433000E+00 -4.18288319E+00
  8.90433000E+00 -4.14036320E+00
  8.90433000E+00 -4.04011092E+00
  8.90433000E+00 -3.99759092E+00
  8.90433000E+00 -3.89733864E+00
  8.90433000E+00 -3.85481865E+00
  8.90433000E+00 -3.75456636E+00
  8.90433000E+00 -3.71204637E+00
  8.90433000E+00 -3.61179409E+00
  8.90433000E+00 -3.56927409E+00
  8.90433000E+00 -3.46902181E+00
  8.90433000E+00 -3.42650181E+00
  8.90433000E+00 -3.32624953E+00
  8.90433000E+00 -3.28372954E+00
  8.90433000E+00 -3.18347725E+00
  8.90433000E+00 -3.14095726E+00
  8.90433000E+00 -3.04070498E+00
  8.90433000E+00 -2.99818498E+00
  8.90433000E+00 -2.89793270E+00
  8.90433000E+00 -2.85541271E+00
  8.90433000E+00 -2.75516042E+00
  8.90433000E+00 -2.71264043E+00
  8.90433000E+00 -2.61238815E+00
  8.90433000E+00 -2.56986815E+00
  8.90433000E+00 -2.46961587E+00
  8.90433000E+00 -2.42709587E+00
  8.90433000E+00 -2.32684359E+00
  8.90433000E+00 -2.28432360E+00
  8.90433000E+00 -2.18407131E+00
  8.90433000E+00 -2.14155132E+00
  8.90433000E+00 -2.04129904E+00
  8.90433000E+00 -1.99877904E+00
  8.90433000E+00 -1.89852676E+00
  8.90433000E+00 -1.85600676E+00
  8.90433000E+00 -1.75575448E+00
  8.90433000E+00 -1.71323449E+00
  8.90433000E+00 -1.61298220E+00
  8.90433000E+00 -1.57046221E+00
  8.90433000E+00 -1.47020993E+00
  8.90433000E+00 -1.42768993E+00
  8.90433000E+00 -1.32743765E+00
  8.90433000E+00 -1.28491766E+00
  8.90433000E+00 -1.18466537E+00
  8.90433000E+00 -1.14214538E+00
  8.90433000E+00 -1.04189310E+00
  8.90433000E+00 -9.99373101E-01
  8.90433000E+00 -8.99120819E-01
  8.90433000E+00 -8.56600824E-01
  8.90433000E+00 -7.56348541E-01
  8.90433000E+00 -7.13828547E-01
  8.90433000E+00 -6.13576264E-01
  8.90433000E+00 -5.71056269E-01
  8.90433000E+00 -4.70803987E-01
  8.90433000E+00 -4.28283992E-01
  8.90433000E+00 -3.28031710E-01
  8.90433000E+00 -2.85511715E-01
  8.90433000E+00 -1.85259433E-01
  8.90433000E+00 -1.42739438E-01
  8.90433000E+00 -4.24871553E-02
  8.90433000E+00  3.28395046E-05
  8.90433000E+00  1.00285122E-01
  8.90433000E+00  1.42805117E-01
  8.90433000E+00  2.43057399E-01
  8.90433000E+00  2.85577394E-01
  8.90433000E+00  3.85829676E-01
  8.90433000E+00  4.28349671E-01
  8.90433000E+00  5.28601954E-01
  8.90433000E+00  5.71121948E-01
  8.90433000E+00  6.71374231E-01
  8.90433000E+00  7.13894226E-01
  8.90433000E+00  8.14146508E-01
  8.90433000E+00  8.56666503E-01
  8.90433000E+00  9.56918785E-01
  8.90433000E+00  9.99438780E-01
  8.90433000E+00  1.09969106E+00
  8.90433000E+00  1.14221106E+00
  8.90433000E+00  1.24246334E+00
  8.90433000E+00  1.28498333E+00
  8.90433000E+00  1.38523562E+00
  8.90433000E+00  1.42775561E+00
  8.90433000E+00  1.52800789E+00
  8.90433000E+00  1.57052789E+00
  8.90433000E+00  1.67078017E+00
  8.90433000E+00  1.71330017E+00
  8.90433000E+00  1.81355245E+00
  8.90433000E+00  1.85607244E+00
  8.90433000E+00  1.95632473E+00
  8.90433000E+00  1.99884472E+00
  8.90433000E+00  2.09909700E+00
  8.90433000E+00  2.14161700E+00
  8.90433000E+00  2.24186928E+00
  8.90433000E+00  2.28438928E+00
  8.90433000E+00  2.38464156E+00
  8.90433000E+00  2.42716155E+00
  8.90433000E+00  2.52741383E+00
  8.90433000E+00  2.56993383E+00
  8.90433000E+00  2.67018611E+00
  8.90433000E+00  2.71270611E+00
  8.90433000E+00  2.81295839E+00
  8.90433000E+00  2.85547838E+00
  8.90433000E+00  2.95573067E+00
  8.90433000E+00  2.99825066E+00
  8.90433000E+00  3.09850294E+00
  8.90433000E+00  3.14102294E+00
  8.90433000E+00  3.24127522E+00
  8.90433000E+00  3.28379522E+00
  8.90433000E+00  3.38404750E+00
  8.90433000E+00  3.42656749E+00
  8.90433000E+00  3.52681978E+00
  8.90433000E+00  3.56933977E+00
  8.90433000E+00  3.66959205E+00
  8.90433000E+00  3.71211205E+00
  8.90433000E+00  3.81236433E+00
  8.90433000E+00  3.85488432E+00
  8.90433000E+00  3.95513661E+00
  8.90433000E+00  3.99765660E+00
  8.90433000E+00  4.09790888E+00
  8.90433000E+00  4.14042888E+00
  8.90433000E+00  4.24068116E+00
  8.90433000E+00  4.28320116E+00
  8.90433000E+00  4.38345344E+00
  8.90433000E+00  4.42597343E+00
  8.90433000E+00  4.52622572E+00
  8.90433000E+00  4.56874571E+00
  8.90433000E+00  4.66899799E+00
  8.90433000E+00  4.71151799E+00
  8.90433000E+00  4.81177027E+00
  8.90433000E+00  4.85429027E+00
  8.90433000E+00  4.95454255E+00
  8.90433000E+00  4.99706254E+00
  8.90433000E+00  5.09731482E+00
  8.90433000E+00  5.13983482E+00
  8.90433000E+00  5.24008710E+00
  8.90433000E+00  5.28260710E+00
  8.90433000E+00  5.38285938E+00
  8.90433000E+00  5.42537937E+00
  8.90433000E+00  5.52563166E+00
  8.90433000E+00  5.56815165E+00
  8.90433000E+00  5.66840393E+00
  8.90433000E+00  5.71092393E+00
  8.90433000E+00  5.81117621E+00
  8.90433000E+00  5.85369621E+00
  8.90433000E+00  5.95394849E+00
  8.90433000E+00  5.99646848E+00
  8.90433000E+00  6.09672077E+00
  8.90433000E+00  6.13924076E+00
  8.90433000E+00  6.23949304E+00
  8.90433000E+00  6.28201304E+00
  8.90433000E+00  6.38226532E+00
  8.90433000E+00  6.42478531E+00
  8.90433000E+00  6.52503760E+00
  8.90433000E+00  6.56755759E+00
  8.90433000E+00  6.66780987E+00
  8.90433000E+00  6.71032987E+00
  8.90433000E+00  6.81058215E+00
  8.90433000E+00  6.85310215E+00
  8.90433000E+00  6.95335443E+00
  8.90433000E+00  6.99587442E+00
  8.90433000E+00  7.09612671E+00
  8.90433000E+00  7.13864670E+00
  8.18824227E+00  7.13864670E+00
  7.60433000E+00  7.13864670E+00
  7.60433000E+00  7.05689898E+00
  7.60433000E+00  6.99587442E+00
  7.60433000E+00  6.91412671E+00
  7.60433000E+00  6.85310215E+00
  7.60433000E+00  6.77135443E+00
  7.60433000E+00  6.71032987E+00
  7.60433000E+00  6.62858215E+00
  7.60433000E+00  6.56755759E+00
  7.60433000E+00  6.48580987E+00
  7.60433000E+00  6.42478531E+00
  7.60433000E+00  6.34303760E+00
  7.60433000E+00  6.28201304E+00
  7.60433000E+00  6.20026532E+00
  7.60433000E+00  6.13924076E+00
  7.60433000E+00  6.05749304E+00
  7.60433000E+00  5.99646848E+00
  7.60433000E+00  5.91472077E+00
  7.60433000E+00  5.85369621E+00
  7.60433000E+00  5.77194849E+00
  7.60433000E+00  5.71092393E+00
  7.60433000E+00  5.62917621E+00
  7.60433000E+00  5.56815165E+00
  7.60433000E+00  5.48640393E+00
  7.60433000E+00  5.42537937E+00
  7.60433000E+00  5.34363166E+00
  7.60433000E+00  5.28260710E+00
  7.60433000E+00  5.20085938E+00
  7.60433000E+00  5.13983482E+00
  7.60433000E+00  5.05808710E+00
  7.60433000E+00  4.99706254E+00
  7.60433000E+00  4.91531482E+00
  7.60433000E+00  4.85429027E+00
  7.60433000E+00  4.77254255E+00
  7.60433000E+00  4.71151799E+00
  7.60433000E+00  4.62977027E+00
  7.60433000E+00  4.56874571E+00
  7.60433000E+00  4.48699799E+00
  7.60433000E+00  4.42597343E+00
  7.60433000E+00  4.34422572E+00
  7.60433000E+00  4.28320116E+00
  7.60433000E+00  4.20145344E+00
  7.60433000E+00  4.14042888E+00
  7.60433000E+00  4.05868116E+00
  7.60433000E+00  3.99765660E+00
  7.60433000E+00  3.91590888E+00
  7.60433000E+00  3.85488432E+00
  7.60433000E+00  3.77313661E+00
  7.60433000E+00  3.71211205E+00
  7.60433000E+00  3.63036433E+00
  7.60433000E+00  3.56933977E+00
  7.60433000E+00  3.48759205E+00
  7.60433000E+00  3.42656749E+00
  7.60433000E+00  3.34481978E+00
  7.90433000E+00  3.24404750E+00
  7.90433000E+00  3.14102294E+00
  7.90433000E+00  1.53078017E+00
  7.60433000E+00  1.34600789E+00
  7.60433000E+00 -1.42768993E+00
  7.90433000E+00 -1.57046221E+00
  7.90433000E+00 -3.18070498E+00
  7.60433000E+00 -3.36547725E+00
  7.60433000E+00 -7.13858102E+00

w:2/ x(   0.1390217E+02) y(   0.3283950E-04) ix(2) iy(2) s(   0.7000E+00)

hb:   line clip z   cb(cyan)
frame:
  1.2223444E-04 -6.9999675E+00
  1.0000012E+02 -6.9999675E+00
  1.0000012E+02  7.0000325E+00
  1.2223444E-04  7.0000325E+00
clip:
  9.20804425E+00 -7.13858102E+00
  1.89000000E+01 -7.13858102E+00
  1.89000000E+01 -7.06665771E+00
  1.89000000E+01 -6.99580874E+00
  1.89000000E+01 -6.92388543E+00
  1.89000000E+01 -6.85303647E+00
  1.89000000E+01 -6.78111316E+00
  1.89000000E+01 -6.71026419E+00
  1.89000000E+01 -6.63834088E+00
  1.89000000E+01 -6.56749191E+00
  1.89000000E+01 -6.49556860E+00
  1.89000000E+01 -6.42471964E+00
  1.89000000E+01 -6.35279633E+00
  1.89000000E+01 -6.28194736E+00
  1.89000000E+01 -6.21002405E+00
  1.89000000E+01 -6.13917508E+00
  1.89000000E+01 -6.06725177E+00
  1.89000000E+01 -5.99640280E+00
  1.89000000E+01 -5.92447949E+00
  1.89000000E+01 -5.85363053E+00
  1.89000000E+01 -5.78170722E+00
  1.89000000E+01 -5.71085825E+00
  1.89000000E+01 -5.63893494E+00
  1.89000000E+01 -5.56808597E+00
  1.89000000E+01 -5.49616266E+00
  1.89000000E+01 -5.42531370E+00
  1.89000000E+01 -5.35339039E+00
  1.89000000E+01 -5.28254142E+00
  1.89000000E+01 -5.21061811E+00
  1.89000000E+01 -5.13976914E+00
  1.89000000E+01 -5.06784583E+00
  1.89000000E+01 -4.99699686E+00
  1.89000000E+01 -4.92507355E+00
  1.89000000E+01 -4.85422459E+00
  1.89000000E+01 -4.78230128E+00
  1.89000000E+01 -4.71145231E+00
  1.89000000E+01 -4.63952900E+00
  1.89000000E+01 -4.56868003E+00
  1.89000000E+01 -4.49675672E+00
  1.89000000E+01 -4.42590775E+00
  1.89000000E+01 -4.35398444E+00
  1.89000000E+01 -4.28313548E+00
  1.89000000E+01 -4.21121217E+00
  1.89000000E+01 -4.14036320E+00
  1.89000000E+01 -4.06843989E+00
  1.89000000E+01 -3.99759092E+00
  1.89000000E+01 -3.92566761E+00
  1.89000000E+01 -3.85481865E+00
  1.89000000E+01 -3.78289534E+00
  1.89000000E+01 -3.71204637E+00
  1.89000000E+01 -3.64012306E+00
  1.89000000E+01 -3.56927409E+00
  1.89000000E+01 -3.49735078E+00
  1.89000000E+01 -3.42650181E+00
  1.89000000E+01 -3.35457850E+00
  1.89000000E+01 -3.28372954E+00
  1.89000000E+01 -3.21180623E+00
  1.89000000E+01 -3.14095726E+00
  1.89000000E+01 -3.06903395E+00
  1.89000000E+01 -2.99818498E+00
  1.89000000E+01 -2.92626167E+00
  1.89000000E+01 -2.85541271E+00
  1.89000000E+01 -2.78348939E+00
  1.89000000E+01 -2.71264043E+00
  1.89000000E+01 -2.64071712E+00
  1.89000000E+01 -2.56986815E+00
  1.89000000E+01 -2.49794484E+00
  1.89000000E+01 -2.42709587E+00
  1.89000000E+01 -2.35517256E+00
  1.89000000E+01 -2.28432360E+00
  1.89000000E+01 -2.21240029E+00
  1.89000000E+01 -2.14155132E+00
  1.89000000E+01 -2.06962801E+00
  1.89000000E+01 -1.99877904E+00
  1.89000000E+01 -1.92685573E+00
  1.89000000E+01 -1.85600676E+00
  1.89000000E+01 -1.78408345E+00
  1.89000000E+01 -1.71323449E+00
  1.89000000E+01 -1.64131118E+00
  1.89000000E+01 -1.57046221E+00
  1.89000000E+01 -1.49853890E+00
  1.89000000E+01 -1.42768993E+00
  1.89000000E+01 -1.35576662E+00
  1.89000000E+01 -1.28491766E+00
  1.89000000E+01 -1.21299435E+00
  1.89000000E+01 -1.14214538E+00
  1.89000000E+01 -1.07022207E+00
  1.89000000E+01 -9.99373101E-01
  1.89000000E+01 -9.27449791E-01
  1.89000000E+01 -8.56600824E-01
  1.89000000E+01 -7.84677514E-01
  1.89000000E+01 -7.13828547E-01
  1.89000000E+01 -6.41905237E-01
  1.89000000E+01 -5.71056269E-01
  1.89000000E+01 -4.99132959E-01
  1.89000000E+01 -4.28283992E-01
  1.89000000E+01 -3.56360682E-01
  1.89000000E+01 -2.85511715E-01
  1.89000000E+01 -2.13588405E-01
  1.89000000E+01 -1.42739438E-01
  1.89000000E+01 -7.08161276E-02
  1.89000000E+01  3.28395046E-05
  1.89000000E+01  7.19561496E-02
  1.89000000E+01  1.42805117E-01
  1.89000000E+01  2.14728427E-01
  1.89000000E+01  2.85577394E-01
  1.89000000E+01  3.57500704E-01
  1.89000000E+01  4.28349671E-01
  1.89000000E+01  5.00272981E-01
  1.89000000E+01  5.71121948E-01
  1.89000000E+01  6.43045259E-01
  1.89000000E+01  7.13894226E-01
  1.89000000E+01  7.85817536E-01
  1.89000000E+01  8.56666503E-01
  1.89000000E+01  9.28589813E-01
  1.89000000E+01  9.99438780E-01
  1.89000000E+01  1.07136209E+00
  1.89000000E+01  1.14221106E+00
  1.89000000E+01  1.21413437E+00
  1.89000000E+01  1.28498333E+00
  1.89000000E+01  1.35690664E+00
  1.89000000E+01  1.42775561E+00
  1.89000000E+01  1.49967892E+00
  1.89000000E+01  1.57052789E+00
  1.89000000E+01  1.64245120E+00
  1.89000000E+01  1.71330017E+00
  1.89000000E+01  1.78522348E+00
  1.89000000E+01  1.85607244E+00
  1.89000000E+01  1.92799575E+00
  1.89000000E+01  1.99884472E+00
  1.89000000E+01  2.07076803E+00
  1.89000000E+01  2.14161700E+00
  1.89000000E+01  2.21354031E+00
  1.89000000E+01  2.28438928E+00
  1.89000000E+01  2.35631259E+00
  1.89000000E+01  2.42716155E+00
  1.89000000E+01  2.49908486E+00
  1.89000000E+01  2.56993383E+00
  1.89000000E+01  2.64185714E+00
  1.89000000E+01  2.71270611E+00
  1.89000000E+01  2.78462942E+00
  1.89000000E+01  2.85547838E+00
  1.89000000E+01  2.92740169E+00
  1.89000000E+01  2.99825066E+00
  1.89000000E+01  3.07017397E+00
  1.89000000E+01  3.14102294E+00
  1.89000000E+01  3.21294625E+00
  1.89000000E+01  3.28379522E+00
  1.89000000E+01  3.35571853E+00
  1.89000000E+01  3.42656749E+00
  1.89000000E+01  3.49849080E+00
  1.89000000E+01  3.56933977E+00
  1.89000000E+01  3.64126308E+00
  1.89000000E+01  3.71211205E+00
  1.89000000E+01  3.78403536E+00
  1.89000000E+01  3.85488432E+00
  1.89000000E+01  3.92680763E+00
  1.89000000E+01  3.99765660E+00
  1.89000000E+01  4.06957991E+00
  1.89000000E+01  4.14042888E+00
  1.89000000E+01  4.21235219E+00
  1.89000000E+01  4.28320116E+00
  1.89000000E+01  4.35512447E+00
  1.89000000E+01  4.42597343E+00
  1.89000000E+01  4.49789674E+00
  1.89000000E+01  4.56874571E+00
  1.89000000E+01  4.64066902E+00
  1.89000000E+01  4.71151799E+00
  1.89000000E+01  4.78344130E+00
  1.89000000E+01  4.85429027E+00
  1.89000000E+01  4.92621358E+00
  1.89000000E+01  4.99706254E+00
  1.89000000E+01  5.06898585E+00
  1.89000000E+01  5.13983482E+00
  1.89000000E+01  5.21175813E+00
  1.89000000E+01  5.28260710E+00
  1.89000000E+01  5.35453041E+00
  1.89000000E+01  5.42537937E+00
  1.89000000E+01  5.49730268E+00
  1.89000000E+01  5.56815165E+00
  1.89000000E+01  5.64007496E+00
  1.89000000E+01  5.71092393E+00
  1.89000000E+01  5.78284724E+00
  1.89000000E+01  5.85369621E+00
  1.89000000E+01  5.92561952E+00
  1.89000000E+01  5.99646848E+00
  1.89000000E+01  6.06839179E+00
  1.89000000E+01  6.13924076E+00
  1.89000000E+01  6.21116407E+00
  1.89000000E+01  6.28201304E+00
  1.89000000E+01  6.35393635E+00
  1.89000000E+01  6.42478531E+00
  1.89000000E+01  6.49670862E+00
  1.89000000E+01  6.56755759E+00
  1.89000000E+01  6.63948090E+00
  1.89000000E+01  6.71032987E+00
  1.89000000E+01  6.78225318E+00
  1.89000000E+01  6.85310215E+00
  1.89000000E+01  6.92502546E+00
  1.89000000E+01  6.99587442E+00
  1.89000000E+01  7.06779773E+00
  1.89000000E+01  7.13864670E+00
  1.83862621E+01  7.13864670E+00
  1.73664601E+01  7.13864670E+00
  1.63466581E+01  7.13864670E+00
  1.53268561E+01  7.13864670E+00
  1.43070541E+01  7.13864670E+00
  1.32872522E+01  7.13864670E+00
  1.22674502E+01  7.13864670E+00
  1.12476482E+01  7.13864670E+00
  1.02278462E+01  7.13864670E+00
  9.20804425E+00  7.13864670E+00
  8.90433000E+00  7.13864670E+00
  8.90433000E+00  7.09612671E+00
  8.90433000E+00  6.99587442E+00
  8.90433000E+00  6.95335443E+00
  8.90433000E+00  6.85310215E+00
  8.90433000E+00  6.81058215E+00
  8.90433000E+00  6.71032987E+00
  8.90433000E+00  6.66780987E+00
  8.90433000E+00  6.56755759E+00
  8.90433000E+00  6.52503760E+00
  8.90433000E+00  6.42478531E+00
  8.90433000E+00  6.38226532E+00
  8.90433000E+00  6.28201304E+00
  8.90433000E+00  6.23949304E+00
  8.90433000E+00  6.13924076E+00
  8.90433000E+00  6.09672077E+00
  8.90433000E+00  5.99646848E+00
  8.90433000E+00  5.95394849E+00
  8.90433000E+00  5.85369621E+00
  8.90433000E+00  5.81117621E+00
  8.90433000E+00  5.71092393E+00
  8.90433000E+00  5.66840393E+00
  8.90433000E+00  5.56815165E+00
  8.90433000E+00  5.52563166E+00
  8.90433000E+00  5.42537937E+00
  8.90433000E+00  5.38285938E+00
  8.90433000E+00  5.28260710E+00
  8.90433000E+00  5.24008710E+00
  8.90433000E+00  5.13983482E+00
  8.90433000E+00  5.09731482E+00
  8.90433000E+00  4.99706254E+00
  8.90433000E+00  4.95454255E+00
  8.90433000E+00  4.85429027E+00
  8.90433000E+00  4.81177027E+00
  8.90433000E+00  4.71151799E+00
  8.90433000E+00  4.66899799E+00
  8.90433000E+00  4.56874571E+00
  8.90433000E+00  4.52622572E+00
  8.90433000E+00  4.42597343E+00
  8.90433000E+00  4.38345344E+00
  8.90433000E+00  4.28320116E+00
  8.90433000E+00  4.24068116E+00
  8.90433000E+00  4.14042888E+00
  8.90433000E+00  4.09790888E+00
  8.90433000E+00  3.99765660E+00
  8.90433000E+00  3.95513661E+00
  8.90433000E+00  3.85488432E+00
  8.90433000E+00  3.81236433E+00
  8.90433000E+00  3.71211205E+00
  8.90433000E+00  3.66959205E+00
  8.90433000E+00  3.56933977E+00
  8.90433000E+00  3.52681978E+00
  8.90433000E+00  3.42656749E+00
  8.90433000E+00  3.38404750E+00
  8.90433000E+00  3.28379522E+00
  8.90433000E+00  3.24127522E+00
  8.90433000E+00  3.14102294E+00
  8.90433000E+00  3.09850294E+00
  8.90433000E+00  2.99825066E+00
  8.90433000E+00  2.95573067E+00
  8.90433000E+00  2.85547838E+00
  8.90433000E+00  2.81295839E+00
  8.90433000E+00  2.71270611E+00
  8.90433000E+00  2.67018611E+00
  8.90433000E+00  2.56993383E+00
  8.90433000E+00  2.52741383E+00
  8.90433000E+00  2.42716155E+00
  8.90433000E+00  2.38464156E+00
  8.90433000E+00  2.28438928E+00
  8.90433000E+00  2.24186928E+00
  8.90433000E+00  2.14161700E+00
  8.90433000E+00  2.09909700E+00
  8.90433000E+00  1.99884472E+00
  8.90433000E+00  1.95632473E+00
  8.90433000E+00  1.85607244E+00
  8.90433000E+00  1.81355245E+00
  8.90433000E+00  1.71330017E+00
  8.90433000E+00  1.67078017E+00
  8.90433000E+00  1.57052789E+00
  8.90433000E+00  1.52800789E+00
  8.90433000E+00  1.42775561E+00
  8.90433000E+00  1.38523562E+00
  8.90433000E+00  1.28498333E+00
  8.90433000E+00  1.24246334E+00
  8.90433000E+00  1.14221106E+00
  8.90433000E+00  1.09969106E+00
  8.90433000E+00  9.99438780E-01
  8.90433000E+00  9.56918785E-01
  8.90433000E+00  8.56666503E-01
  8.90433000E+00  8.14146508E-01
  8.90433000E+00  7.13894226E-01
  8.90433000E+00  6.71374231E-01
  8.90433000E+00  5.71121948E-01
  8.90433000E+00  5.28601954E-01
  8.90433000E+00  4.28349671E-01
  8.90433000E+00  3.85829676E-01
  8.90433000E+00  2.85577394E-01
  8.90433000E+00  2.43057399E-01
  8.90433000E+00  1.42805117E-01
  8.90433000E+00  1.00285122E-01
  8.90433000E+00  3.28395046E-05
  8.90433000E+00 -4.24871553E-02
  8.90433000E+00 -1.42739438E-01
  8.90433000E+00 -1.85259433E-01
  8.90433000E+00 -2.85511715E-01
  8.90433000E+00 -3.28031710E-01
  8.90433000E+00 -4.28283992E-01
  8.90433000E+00 -4.70803987E-01
  8.90433000E+00 -5.71056269E-01
  8.90433000E+00 -6.13576264E-01
  8.90433000E+00 -7.13828547E-01
  8.90433000E+00 -7.56348541E-01
  8.90433000E+00 -8.56600824E-01
  8.90433000E+00 -8.99120819E-01
  8.90433000E+00 -9.99373101E-01
  8.90433000E+00 -1.04189310E+00
  8.90433000E+00 -1.14214538E+00
  8.90433000E+00 -1.18466537E+00
  8.90433000E+00 -1.28491766E+00
  8.90433000E+00 -1.32743765E+00
  8.90433000E+00 -1.42768993E+00
  8.90433000E+00 -1.47020993E+00
  8.90433000E+00 -1.57046221E+00
  8.90433000E+00 -1.61298220E+00
  8.90433000E+00 -1.71323449E+00
  8.90433000E+00 -1.75575448E+00
  8.90433000E+00 -1.85600676E+00
  8.90433000E+00 -1.89852676E+00
  8.90433000E+00 -1.99877904E+00
  8.90433000E+00 -2.04129904E+00
  8.90433000E+00 -2.14155132E+00
  8.90433000E+00 -2.18407131E+00
  8.90433000E+00 -2.28432360E+00
  8.90433000E+00 -2.32684359E+00
  8.90433000E+00 -2.42709587E+00
  8.90433000E+00 -2.46961587E+00
  8.90433000E+00 -2.56986815E+00
  8.90433000E+00 -2.61238815E+00
  8.90433000E+00 -2.71264043E+00
  8.90433000E+00 -2.75516042E+00
  8.90433000E+00 -2.85541271E+00
  8.90433000E+00 -2.89793270E+00
  8.90433000E+00 -2.99818498E+00
  8.90433000E+00 -3.04070498E+00
  8.90433000E+00 -3.14095726E+00
  8.90433000E+00 -3.18347725E+00
  8.90433000E+00 -3.28372954E+00
  8.90433000E+00 -3.32624953E+00
  8.90433000E+00 -3.42650181E+00
  8.90433000E+00 -3.46902181E+00
  8.90433000E+00 -3.56927409E+00
  8.90433000E+00 -3.61179409E+00
  8.90433000E+00 -3.71204637E+00
  8.90433000E+00 -3.75456636E+00
  8.90433000E+00 -3.85481865E+00
  8.90433000E+00 -3.89733864E+00
  8.90433000E+00 -3.99759092E+00
  8.90433000E+00 -4.04011092E+00
  8.90433000E+00 -4.14036320E+00
  8.90433000E+00 -4.18288319E+00
  8.90433000E+00 -4.28313548E+00
  8.90433000E+00 -4.32565547E+00
  8.90433000E+00 -4.42590775E+00
  8.90433000E+00 -4.46842775E+00
  8.90433000E+00 -4.56868003E+00
  8.90433000E+00 -4.61120003E+00
  8.90433000E+00 -4.71145231E+00
  8.90433000E+00 -4.75397230E+00
  8.90433000E+00 -4.85422459E+00
  8.90433000E+00 -4.89674458E+00
  8.90433000E+00 -4.99699686E+00
  8.90433000E+00 -5.03951686E+00
  8.90433000E+00 -5.13976914E+00
  8.90433000E+00 -5.18228914E+00
  8.90433000E+00 -5.28254142E+00
  8.90433000E+00 -5.32506141E+00
  8.90433000E+00 -5.42531370E+00
  8.90433000E+00 -5.46783369E+00
  8.90433000E+00 -5.56808597E+00
  8.90433000E+00 -5.61060597E+00
  8.90433000E+00 -5.71085825E+00
  8.90433000E+00 -5.75337824E+00
  8.90433000E+00 -5.85363053E+00
  8.90433000E+00 -5.89615052E+00
  8.90433000E+00 -5.99640280E+00
  8.90433000E+00 -6.03892280E+00
  8.90433000E+00 -6.13917508E+00
  8.90433000E+00 -6.18169508E+00
  8.90433000E+00 -6.28194736E+00
  8.90433000E+00 -6.32446735E+00
  8.90433000E+00 -6.42471964E+00
  8.90433000E+00 -6.46723963E+00
  8.90433000E+00 -6.56749191E+00
  8.90433000E+00 -6.61001191E+00
  8.90433000E+00 -6.71026419E+00
  8.90433000E+00 -6.75278419E+00
  8.90433000E+00 -6.85303647E+00
  8.90433000E+00 -6.89555646E+00
  8.90433000E+00 -6.99580874E+00
  8.90433000E+00 -7.03832874E+00
  8.90433000E+00 -7.13858102E+00

w:2602/ x(   0.1961500E+02) y(  -0.4819291E+01) ix(2) iy(2) s(   0.7000E+00)

h: x ny1,0  y2=[y1](Al),ic[lightgray]
 -1.000000E+00 -1.000000E+00

hb:   line clip z   cb(lightgray)
frame:
  1.2223444E-04 -6.9999675E+00
  1.0000012E+02 -6.9999675E+00
  1.0000012E+02  7.0000325E+00
  1.2223444E-04  7.0000325E+00
clip:
  1.94060641E+01 -7.13858102E+00
  1.98300000E+01 -7.13858102E+00
  1.98300000E+01 -7.07922999E+00
  1.98300000E+01 -6.99580874E+00
  1.98300000E+01 -6.93645771E+00
  1.98300000E+01 -6.85303647E+00
  1.98300000E+01 -6.79368543E+00
  1.98300000E+01 -6.71026419E+00
  1.98300000E+01 -6.65091316E+00
  1.98300000E+01 -6.56749191E+00
  1.98300000E+01 -6.50814088E+00
  1.98300000E+01 -6.42471964E+00
  1.98300000E+01 -6.36536860E+00
  1.98300000E+01 -6.28194736E+00
  1.98300000E+01 -6.22259633E+00
  1.98300000E+01 -6.13917508E+00
  1.98300000E+01 -6.07982405E+00
  1.98300000E+01 -5.99640280E+00
  1.98300000E+01 -5.93705177E+00
  1.98300000E+01 -5.85363053E+00
  1.98300000E+01 -5.79427949E+00
  1.98300000E+01 -5.71085825E+00
  1.98300000E+01 -5.65150722E+00
  1.98300000E+01 -5.56808597E+00
  1.98300000E+01 -5.50873494E+00
  1.98300000E+01 -5.42531370E+00
  1.98300000E+01 -5.36596266E+00
  1.98300000E+01 -5.28254142E+00
  1.98300000E+01 -5.22319039E+00
  1.98300000E+01 -5.13976914E+00
  1.98300000E+01 -5.08041811E+00
  1.98300000E+01 -4.99699686E+00
  1.98300000E+01 -4.93764583E+00
  1.98300000E+01 -4.85422459E+00
  1.98300000E+01 -4.79487355E+00
  1.98300000E+01 -4.71145231E+00
  1.98300000E+01 -4.65210128E+00
  1.98300000E+01 -4.56868003E+00
  1.98300000E+01 -4.50932900E+00
  1.98300000E+01 -4.42590775E+00
  1.98300000E+01 -4.36655672E+00
  1.98300000E+01 -4.28313548E+00
  1.98300000E+01 -4.22378444E+00
  1.98300000E+01 -4.14036320E+00
  1.98300000E+01 -4.08101217E+00
  1.98300000E+01 -3.99759092E+00
  1.98300000E+01 -3.93823989E+00
  1.98300000E+01 -3.85481865E+00
  1.98300000E+01 -3.79546761E+00
  1.98300000E+01 -3.71204637E+00
  1.98300000E+01 -3.65269534E+00
  1.98300000E+01 -3.56927409E+00
  1.98300000E+01 -3.50992306E+00
  1.98300000E+01 -3.42650181E+00
  1.98300000E+01 -3.36715078E+00
  1.98300000E+01 -3.28372954E+00
  1.98300000E+01 -3.22437850E+00
  1.98300000E+01 -3.14095726E+00
  1.98300000E+01 -3.08160623E+00
  1.98300000E+01 -2.99818498E+00
  1.98300000E+01 -2.93883395E+00
  1.98300000E+01 -2.85541271E+00
  1.98300000E+01 -2.79606167E+00
  1.98300000E+01 -2.71264043E+00
  1.98300000E+01 -2.65328939E+00
  1.98300000E+01 -2.56986815E+00
  1.98300000E+01 -2.51051712E+00
  1.94060641E+01 -2.50000000E+00
  1.94000000E+01 -2.56901918E+00
  1.94000000E+01 -2.57071712E+00
  1.94000000E+01 -2.71264043E+00
  1.94000000E+01 -2.85541271E+00
  1.94000000E+01 -2.99818498E+00
  1.94000000E+01 -3.14095726E+00
  1.94000000E+01 -3.28372954E+00
  1.94000000E+01 -3.42650181E+00
  1.94000000E+01 -3.56927409E+00
  1.94000000E+01 -3.71204637E+00
  1.94000000E+01 -3.85481865E+00
  1.94000000E+01 -3.99759092E+00
  1.94000000E+01 -4.14036320E+00
  1.94000000E+01 -4.28313548E+00
  1.94000000E+01 -4.42590775E+00
  1.94000000E+01 -4.56868003E+00
  1.94000000E+01 -4.71145231E+00
  1.94000000E+01 -4.85422459E+00
  1.94000000E+01 -4.99699686E+00
  1.94000000E+01 -5.13976914E+00
  1.94000000E+01 -5.28254142E+00
  1.94000000E+01 -5.42531370E+00
  1.94000000E+01 -5.56808597E+00
  1.94000000E+01 -5.71085825E+00
  1.94000000E+01 -5.85363053E+00
  1.94000000E+01 -5.99640280E+00
  1.94000000E+01 -6.13917508E+00
  1.94000000E+01 -6.28194736E+00
  1.94000000E+01 -6.42471964E+00
  1.94000000E+01 -6.56749191E+00
  1.94000000E+01 -6.71026419E+00
  1.94000000E+01 -6.85303647E+00
  1.94000000E+01 -6.99580874E+00
  1.94000000E+01 -7.13858102E+00

w:2/ x(   0.2649500E+02) y(   0.3283950E-04) ix(2) iy(2) s(   0.7000E+00)

hb:   line clip z   cb(cyan)
frame:
  1.2223444E-04 -6.9999675E+00
  1.0000012E+02 -6.9999675E+00
  1.0000012E+02  7.0000325E+00
  1.2223444E-04  7.0000325E+00
clip:
  2.04258660E+01 -7.13858102E+00
  3.30900000E+01 -7.13858102E+00
  3.30900000E+01 -7.07886959E+00
  3.30900000E+01 -6.99580874E+00
  3.30900000E+01 -6.93609732E+00
  3.30900000E+01 -6.85303647E+00
  3.30900000E+01 -6.79332504E+00
  3.30900000E+01 -6.71026419E+00
  3.30900000E+01 -6.65055276E+00
  3.30900000E+01 -6.56749191E+00
  3.30900000E+01 -6.50778048E+00
  3.30900000E+01 -6.42471964E+00
  3.30900000E+01 -6.36500821E+00
  3.30900000E+01 -6.28194736E+00
  3.30900000E+01 -6.22223593E+00
  3.30900000E+01 -6.13917508E+00
  3.30900000E+01 -6.07946365E+00
  3.30900000E+01 -5.99640280E+00
  3.30900000E+01 -5.93669138E+00
  3.30900000E+01 -5.85363053E+00
  3.30900000E+01 -5.79391910E+00
  3.30900000E+01 -5.71085825E+00
  3.30900000E+01 -5.65114682E+00
  3.30900000E+01 -5.56808597E+00
  3.30900000E+01 -5.50837454E+00
  3.30900000E+01 -5.42531370E+00
  3.30900000E+01 -5.36560227E+00
  3.30900000E+01 -5.28254142E+00
  3.30900000E+01 -5.22282999E+00
  3.30900000E+01 -5.13976914E+00
  3.30900000E+01 -5.08005771E+00
  3.30900000E+01 -4.99699686E+00
  3.30900000E+01 -4.93728543E+00
  3.30900000E+01 -4.85422459E+00
  3.30900000E+01 -4.79451316E+00
  3.30900000E+01 -4.71145231E+00
  3.30900000E+01 -4.65174088E+00
  3.30900000E+01 -4.56868003E+00
  3.30900000E+01 -4.50896860E+00
  3.30900000E+01 -4.42590775E+00
  3.30900000E+01 -4.36619633E+00
  3.30900000E+01 -4.28313548E+00
  3.30900000E+01 -4.22342405E+00
  3.30900000E+01 -4.14036320E+00
  3.30900000E+01 -4.08065177E+00
  3.30900000E+01 -3.99759092E+00
  3.30900000E+01 -3.93787949E+00
  3.30900000E+01 -3.85481865E+00
  3.30900000E+01 -3.79510722E+00
  3.30900000E+01 -3.71204637E+00
  3.30900000E+01 -3.65233494E+00
  3.30900000E+01 -3.56927409E+00
  3.30900000E+01 -3.50956266E+00
  3.30900000E+01 -3.42650181E+00
  3.30900000E+01 -3.36679039E+00
  3.30900000E+01 -3.28372954E+00
  3.30900000E+01 -3.22401811E+00
  3.30900000E+01 -3.14095726E+00
  3.30900000E+01 -3.08124583E+00
  3.30900000E+01 -2.99818498E+00
  3.30900000E+01 -2.93847355E+00
  3.30900000E+01 -2.85541271E+00
  3.30900000E+01 -2.79570128E+00
  3.30900000E+01 -2.71264043E+00
  3.30900000E+01 -2.65292900E+00
  3.30900000E+01 -2.56986815E+00
  3.30900000E+01 -2.51015672E+00
  3.30900000E+01 -2.42709587E+00
  3.30900000E+01 -2.36738444E+00
  3.30900000E+01 -2.28432360E+00
  3.30900000E+01 -2.22461217E+00
  3.30900000E+01 -2.14155132E+00
  3.30900000E+01 -2.08183989E+00
  3.30900000E+01 -1.99877904E+00
  3.30900000E+01 -1.93906761E+00
  3.30900000E+01 -1.85600676E+00
  3.30900000E+01 -1.79629534E+00
  3.30900000E+01 -1.71323449E+00
  3.30900000E+01 -1.65352306E+00
  3.30900000E+01 -1.57046221E+00
  3.30900000E+01 -1.51075078E+00
  3.30900000E+01 -1.42768993E+00
  3.30900000E+01 -1.36797850E+00
  3.30900000E+01 -1.28491766E+00
  3.30900000E+01 -1.22520623E+00
  3.30900000E+01 -1.14214538E+00
  3.30900000E+01 -1.08243395E+00
  3.30900000E+01 -9.99373101E-01
  3.30900000E+01 -9.39661672E-01
  3.30900000E+01 -8.56600824E-01
  3.30900000E+01 -7.96889395E-01
  3.30900000E+01 -7.13828547E-01
  3.30900000E+01 -6.54117118E-01
  3.30900000E+01 -5.71056269E-01
  3.30900000E+01 -5.11344840E-01
  3.30900000E+01 -4.28283992E-01
  3.30900000E+01 -3.68572563E-01
  3.30900000E+01 -2.85511715E-01
  3.30900000E+01 -2.25800286E-01
  3.30900000E+01 -1.42739438E-01
  3.30900000E+01 -8.30280088E-02
  3.30900000E+01  3.28395046E-05
  3.30900000E+01  5.97442684E-02
  3.30900000E+01  1.42805117E-01
  3.30900000E+01  2.02516546E-01
  3.30900000E+01  2.85577394E-01
  3.30900000E+01  3.45288823E-01
  3.30900000E+01  4.28349671E-01
  3.30900000E+01  4.88061100E-01
  3.30900000E+01  5.71121948E-01
  3.30900000E+01  6.30833377E-01
  3.30900000E+01  7.13894226E-01
  3.30900000E+01  7.73605655E-01
  3.30900000E+01  8.56666503E-01
  3.30900000E+01  9.16377932E-01
  3.30900000E+01  9.99438780E-01
  3.30900000E+01  1.05915021E+00
  3.30900000E+01  1.14221106E+00
  3.30900000E+01  1.20192249E+00
  3.30900000E+01  1.28498333E+00
  3.30900000E+01  1.34469476E+00
  3.30900000E+01  1.42775561E+00
  3.30900000E+01  1.48746704E+00
  3.30900000E+01  1.57052789E+00
  3.30900000E+01  1.63023932E+00
  3.30900000E+01  1.71330017E+00
  3.30900000E+01  1.77301160E+00
  3.30900000E+01  1.85607244E+00
  3.30900000E+01  1.91578387E+00
  3.30900000E+01  1.99884472E+00
  3.30900000E+01  2.05855615E+00
  3.30900000E+01  2.14161700E+00
  3.30900000E+01  2.20132843E+00
  3.30900000E+01  2.28438928E+00
  3.30900000E+01  2.34410070E+00
  3.30900000E+01  2.42716155E+00
  3.30900000E+01  2.48687298E+00
  3.30900000E+01  2.56993383E+00
  3.30900000E+01  2.62964526E+00
  3.30900000E+01  2.71270611E+00
  3.30900000E+01  2.77241754E+00
  3.30900000E+01  2.85547838E+00
  3.30900000E+01  2.91518981E+00
  3.30900000E+01  2.99825066E+00
  3.30900000E+01  3.05796209E+00
  3.30900000E+01  3.14102294E+00
  3.30900000E+01  3.20073437E+00
  3.30900000E+01  3.28379522E+00
  3.30900000E+01  3.34350664E+00
  3.30900000E+01  3.42656749E+00
  3.30900000E+01  3.48627892E+00
  3.30900000E+01  3.56933977E+00
  3.30900000E+01  3.62905120E+00
  3.30900000E+01  3.71211205E+00
  3.30900000E+01  3.77182348E+00
  3.30900000E+01  3.85488432E+00
  3.30900000E+01  3.91459575E+00
  3.30900000E+01  3.99765660E+00
  3.30900000E+01  4.05736803E+00
  3.30900000E+01  4.14042888E+00
  3.30900000E+01  4.20014031E+00
  3.30900000E+01  4.28320116E+00
  3.30900000E+01  4.34291259E+00
  3.30900000E+01  4.42597343E+00
  3.30900000E+01  4.48568486E+00
  3.30900000E+01  4.56874571E+00
  3.30900000E+01  4.62845714E+00
  3.30900000E+01  4.71151799E+00
  3.30900000E+01  4.77122942E+00
  3.30900000E+01  4.85429027E+00
  3.30900000E+01  4.91400169E+00
  3.30900000E+01  4.99706254E+00
  3.30900000E+01  5.05677397E+00
  3.30900000E+01  5.13983482E+00
  3.30900000E+01  5.19954625E+00
  3.30900000E+01  5.28260710E+00
  3.30900000E+01  5.34231853E+00
  3.30900000E+01  5.42537937E+00
  3.30900000E+01  5.48509080E+00
  3.30900000E+01  5.56815165E+00
  3.30900000E+01  5.62786308E+00
  3.30900000E+01  5.71092393E+00
  3.30900000E+01  5.77063536E+00
  3.30900000E+01  5.85369621E+00
  3.30900000E+01  5.91340763E+00
  3.30900000E+01  5.99646848E+00
  3.30900000E+01  6.05617991E+00
  3.30900000E+01  6.13924076E+00
  3.30900000E+01  6.19895219E+00
  3.30900000E+01  6.28201304E+00
  3.30900000E+01  6.34172447E+00
  3.30900000E+01  6.42478531E+00
  3.30900000E+01  6.48449674E+00
  3.30900000E+01  6.56755759E+00
  3.30900000E+01  6.62726902E+00
  3.30900000E+01  6.71032987E+00
  3.30900000E+01  6.77004130E+00
  3.30900000E+01  6.85310215E+00
  3.30900000E+01  6.91281358E+00
  3.30900000E+01  6.99587442E+00
  3.30900000E+01  7.05558585E+00
  3.30900000E+01  7.13864670E+00
  3.26634898E+01  7.13864670E+00
  3.16436878E+01  7.13864670E+00
  3.06238858E+01  7.13864670E+00
  2.96040839E+01  7.13864670E+00
  2.85842819E+01  7.13864670E+00
  2.75644799E+01  7.13864670E+00
  2.65446779E+01  7.13864670E+00
  2.55248759E+01  7.13864670E+00
  2.45050740E+01  7.13864670E+00
  2.34852720E+01  7.13864670E+00
  2.24654700E+01  7.13864670E+00
  2.14456680E+01  7.13864670E+00
  2.04258660E+01  7.13864670E+00
  1.99000000E+01  7.13864670E+00
  1.99000000E+01  7.06502546E+00
  1.99000000E+01  6.99587442E+00
  1.99000000E+01  6.92225318E+00
  1.99000000E+01  6.85310215E+00
  1.99000000E+01  6.77948090E+00
  1.99000000E+01  6.71032987E+00
  1.99000000E+01  6.63670862E+00
  1.99000000E+01  6.56755759E+00
  1.99000000E+01  6.49393635E+00
  1.99000000E+01  6.42478531E+00
  1.99000000E+01  6.35116407E+00
  1.99000000E+01  6.28201304E+00
  1.99000000E+01  6.20839179E+00
  1.99000000E+01  6.13924076E+00
  1.99000000E+01  6.06561952E+00
  1.99000000E+01  5.99646848E+00
  1.99000000E+01  5.92284724E+00
  1.99000000E+01  5.85369621E+00
  1.99000000E+01  5.78007496E+00
  1.99000000E+01  5.71092393E+00
  1.99000000E+01  5.63730268E+00
  1.99000000E+01  5.56815165E+00
  1.99000000E+01  5.49453041E+00
  1.99000000E+01  5.42537937E+00
  1.99000000E+01  5.35175813E+00
  1.99000000E+01  5.28260710E+00
  1.99000000E+01  5.20898585E+00
  1.99000000E+01  5.13983482E+00
  1.99000000E+01  5.06621358E+00
  1.99000000E+01  4.99706254E+00
  1.99000000E+01  4.92344130E+00
  1.99000000E+01  4.85429027E+00
  1.99000000E+01  4.78066902E+00
  1.99000000E+01  4.71151799E+00
  1.99000000E+01  4.63789674E+00
  1.99000000E+01  4.56874571E+00
  1.99000000E+01  4.49512447E+00
  1.99000000E+01  4.42597343E+00
  1.99000000E+01  4.35235219E+00
  1.99000000E+01  4.28320116E+00
  1.99000000E+01  4.20957991E+00
  1.99000000E+01  4.14042888E+00
  1.99000000E+01  4.06680763E+00
  1.99000000E+01  3.99765660E+00
  1.99000000E+01  3.92403536E+00
  1.99000000E+01  3.85488432E+00
  1.99000000E+01  3.78126308E+00
  1.99000000E+01  3.71211205E+00
  1.99000000E+01  3.63849080E+00
  1.99000000E+01  3.56933977E+00
  1.99000000E+01  3.49571853E+00
  1.99000000E+01  3.42656749E+00
  1.99000000E+01  3.35294625E+00
  1.99000000E+01  3.28379522E+00
  1.99000000E+01  3.21017397E+00
  1.99000000E+01  3.14102294E+00
  1.99000000E+01  3.06740169E+00
  1.99000000E+01  2.99825066E+00
  1.99000000E+01  2.92462942E+00
  1.99000000E+01  2.85547838E+00
  1.99000000E+01  2.78185714E+00
  1.99000000E+01  2.71270611E+00
  1.99000000E+01  2.63908486E+00
  1.99000000E+01  2.56993383E+00
  1.99000000E+01  2.49631259E+00
  1.99000000E+01  2.42716155E+00
  1.99000000E+01  2.35354031E+00
  1.99000000E+01  2.28438928E+00
  1.99000000E+01  2.21076803E+00
  1.99000000E+01  2.14161700E+00
  1.99000000E+01  2.06799575E+00
  1.99000000E+01  1.99884472E+00
  1.99000000E+01  1.92522348E+00
  1.99000000E+01  1.85607244E+00
  1.99000000E+01  1.78245120E+00
  1.99000000E+01  1.71330017E+00
  1.99000000E+01  1.63967892E+00
  1.99000000E+01  1.57052789E+00
  1.99000000E+01  1.49690664E+00
  1.99000000E+01  1.42775561E+00
  1.99000000E+01  1.35413437E+00
  1.99000000E+01  1.28498333E+00
  1.99000000E+01  1.21136209E+00
  1.99000000E+01  1.14221106E+00
  1.99000000E+01  1.06858981E+00
  1.99000000E+01  9.99438780E-01
  1.99000000E+01  9.25817536E-01
  1.99000000E+01  8.56666503E-01
  1.99000000E+01  7.83045259E-01
  1.99000000E+01  7.13894226E-01
  1.99000000E+01  6.40272981E-01
  1.99000000E+01  5.71121948E-01
  1.99000000E+01  4.97500704E-01
  1.99000000E+01  4.28349671E-01
  1.99000000E+01  3.54728427E-01
  1.99000000E+01  2.85577394E-01
  1.99000000E+01  2.11956150E-01
  1.99000000E+01  1.42805117E-01
  1.99000000E+01  6.91838724E-02
  1.99000000E+01  3.28395046E-05
  1.99000000E+01 -7.35884048E-02
  1.99000000E+01 -1.42739438E-01
  1.99000000E+01 -2.16360682E-01
  1.99000000E+01 -2.85511715E-01
  1.99000000E+01 -3.59132959E-01
  1.99000000E+01 -4.28283992E-01
  1.99000000E+01 -5.01905237E-01
  1.99000000E+01 -5.71056269E-01
  1.99000000E+01 -6.44677514E-01
  1.99000000E+01 -7.13828547E-01
  1.99000000E+01 -7.87449791E-01
  1.99000000E+01 -8.56600824E-01
  1.99000000E+01 -9.30222068E-01
  1.99000000E+01 -9.99373101E-01
  1.99000000E+01 -1.07299435E+00
  1.99000000E+01 -1.14214538E+00
  1.99000000E+01 -1.21576662E+00
  1.99000000E+01 -1.28491766E+00
  1.99000000E+01 -1.35853890E+00
  1.99000000E+01 -1.42768993E+00
  1.99000000E+01 -1.50131118E+00
  1.99000000E+01 -1.57046221E+00
  1.99000000E+01 -1.64408345E+00
  1.99000000E+01 -1.71323449E+00
  1.99000000E+01 -1.78685573E+00
  1.99000000E+01 -1.85600676E+00
  1.99000000E+01 -1.92962801E+00
  1.99000000E+01 -1.99877904E+00
  1.99000000E+01 -2.07240029E+00
  1.99000000E+01 -2.14155132E+00
  1.99000000E+01 -2.21517256E+00
  1.99000000E+01 -2.28432360E+00
  1.99000000E+01 -2.35794484E+00
  1.99000000E+01 -2.42709587E+00
  1.99000000E+01 -2.50071712E+00
  1.99000000E+01 -2.56986815E+00
  1.99000000E+01 -2.64348939E+00
  1.99000000E+01 -2.71264043E+00
  1.99000000E+01 -2.78626167E+00
  1.99000000E+01 -2.85541271E+00
  1.99000000E+01 -2.92903395E+00
  1.99000000E+01 -2.99818498E+00
  1.99000000E+01 -3.07180623E+00
  1.99000000E+01 -3.14095726E+00
  1.99000000E+01 -3.21457850E+00
  1.99000000E+01 -3.28372954E+00
  1.99000000E+01 -3.35735078E+00
  1.99000000E+01 -3.42650181E+00
  1.99000000E+01 -3.50012306E+00
  1.99000000E+01 -3.56927409E+00
  1.99000000E+01 -3.64289534E+00
  1.99000000E+01 -3.71204637E+00
  1.99000000E+01 -3.78566761E+00
  1.99000000E+01 -3.85481865E+00
  1.99000000E+01 -3.92843989E+00
  1.99000000E+01 -3.99759092E+00
  1.99000000E+01 -4.07121217E+00
  1.99000000E+01 -4.14036320E+00
  1.99000000E+01 -4.21398444E+00
  1.99000000E+01 -4.28313548E+00
  1.99000000E+01 -4.35675672E+00
  1.99000000E+01 -4.42590775E+00
  1.99000000E+01 -4.49952900E+00
  1.99000000E+01 -4.56868003E+00
  1.99000000E+01 -4.64230128E+00
  1.99000000E+01 -4.71145231E+00
  1.99000000E+01 -4.78507355E+00
  1.99000000E+01 -4.85422459E+00
  1.99000000E+01 -4.92784583E+00
  1.99000000E+01 -4.99699686E+00
  1.99000000E+01 -5.07061811E+00
  1.99000000E+01 -5.13976914E+00
  1.99000000E+01 -5.21339039E+00
  1.99000000E+01 -5.28254142E+00
  1.99000000E+01 -5.35616266E+00
  1.99000000E+01 -5.42531370E+00
  1.99000000E+01 -5.49893494E+00
  1.99000000E+01 -5.56808597E+00
  1.99000000E+01 -5.64170722E+00
  1.99000000E+01 -5.71085825E+00
  1.99000000E+01 -5.78447949E+00
  1.99000000E+01 -5.85363053E+00
  1.99000000E+01 -5.92725177E+00
  1.99000000E+01 -5.99640280E+00
  1.99000000E+01 -6.07002405E+00
  1.99000000E+01 -6.13917508E+00
  1.99000000E+01 -6.21279633E+00
  1.99000000E+01 -6.28194736E+00
  1.99000000E+01 -6.35556860E+00
  1.99000000E+01 -6.42471964E+00
  1.99000000E+01 -6.49834088E+00
  1.99000000E+01 -6.56749191E+00
  1.99000000E+01 -6.64111316E+00
  1.99000000E+01 -6.71026419E+00
  1.99000000E+01 -6.78388543E+00
  1.99000000E+01 -6.85303647E+00
  1.99000000E+01 -6.92665771E+00
  1.99000000E+01 -6.99580874E+00
  1.99000000E+01 -7.06942999E+00
  1.99000000E+01 -7.13858102E+00

w:2300/ x(   0.3394000E+02) y(   0.3283950E-04) ix(2) iy(2) s(   0.7000E+00)

hb:   line clip z   cb(cyan)
frame:
  1.2223444E-04 -6.9999675E+00
  1.0000012E+02 -6.9999675E+00
  1.0000012E+02  7.0000325E+00
  1.2223444E-04  7.0000325E+00
clip:
  3.36832918E+01 -7.13858102E+00
  3.47900000E+01 -7.13858102E+00
  3.47900000E+01 -7.12641415E+00
  3.47900000E+01 -6.99580874E+00
  3.47900000E+01 -6.98364187E+00
  3.47900000E+01 -6.85303647E+00
  3.47900000E+01 -6.84086959E+00
  3.47900000E+01 -6.71026419E+00
  3.47900000E+01 -6.69809732E+00
  3.47900000E+01 -6.56749191E+00
  3.47900000E+01 -6.55532504E+00
  3.47900000E+01 -6.42471964E+00
  3.47900000E+01 -6.41255276E+00
  3.47900000E+01 -6.28194736E+00
  3.47900000E+01 -6.26978048E+00
  3.47900000E+01 -6.13917508E+00
  3.47900000E+01 -6.12700821E+00
  3.47900000E+01 -5.99640280E+00
  3.47900000E+01 -5.98423593E+00
  3.47900000E+01 -5.85363053E+00
  3.47900000E+01 -5.84146365E+00
  3.47900000E+01 -5.71085825E+00
  3.47900000E+01 -5.69869138E+00
  3.47900000E+01 -5.56808597E+00
  3.47900000E+01 -5.55591910E+00
  3.47900000E+01 -5.42531370E+00
  3.47900000E+01 -5.41314682E+00
  3.47900000E+01 -5.28254142E+00
  3.47900000E+01 -5.27037454E+00
  3.47900000E+01 -5.13976914E+00
  3.47202856E+01 -5.13736228E+00
  3.47030938E+01 -5.13736228E+00
  3.46859019E+01 -5.13736228E+00
  3.40900000E+01 -4.99699686E+00
  3.40900000E+01 -4.94005771E+00
  3.40900000E+01 -4.85422459E+00
  3.40900000E+01 -4.79728543E+00
  3.40900000E+01 -4.71145231E+00
  3.40900000E+01 -4.65451316E+00
  3.40900000E+01 -4.56868003E+00
  3.40900000E+01 -4.51174088E+00
  3.40900000E+01 -4.42590775E+00
  3.40900000E+01 -4.36896860E+00
  3.40900000E+01 -4.28313548E+00
  3.40900000E+01 -4.22619633E+00
  3.40900000E+01 -4.14036320E+00
  3.40900000E+01 -4.08342405E+00
  3.40900000E+01 -3.99759092E+00
  3.40900000E+01 -3.94065177E+00
  3.40900000E+01 -3.85481865E+00
  3.40900000E+01 -3.79787949E+00
  3.40900000E+01 -3.71204637E+00
  3.40900000E+01 -3.65510722E+00
  3.40900000E+01 -3.56927409E+00
  3.45800000E+01 -3.42650181E+00
  3.45800000E+01  3.42656749E+00
  3.40900000E+01  3.56933977E+00
  3.40900000E+01  5.05400169E+00
  3.47030938E+01  5.09728209E+00
  3.47900000E+01  5.13983482E+00
  3.47900000E+01  7.13864670E+00
  3.47030938E+01  7.13864670E+00
  3.36832918E+01  7.13864670E+00
  3.30900000E+01  7.13864670E+00
  3.30900000E+01  7.05558585E+00
  3.30900000E+01  6.99587442E+00
  3.30900000E+01  6.91281358E+00
  3.30900000E+01  6.85310215E+00
  3.30900000E+01  6.77004130E+00
  3.30900000E+01  6.71032987E+00
  3.30900000E+01  6.62726902E+00
  3.30900000E+01  6.56755759E+00
  3.30900000E+01  6.48449674E+00
  3.30900000E+01  6.42478531E+00
  3.30900000E+01  6.34172447E+00
  3.30900000E+01  6.28201304E+00
  3.30900000E+01  6.19895219E+00
  3.30900000E+01  6.13924076E+00
  3.30900000E+01  6.05617991E+00
  3.30900000E+01  5.99646848E+00
  3.30900000E+01  5.91340763E+00
  3.30900000E+01  5.85369621E+00
  3.30900000E+01  5.77063536E+00
  3.30900000E+01  5.71092393E+00
  3.30900000E+01  5.62786308E+00
  3.30900000E+01  5.56815165E+00
  3.30900000E+01  5.48509080E+00
  3.30900000E+01  5.42537937E+00
  3.30900000E+01  5.34231853E+00
  3.30900000E+01  5.28260710E+00
  3.30900000E+01  5.19954625E+00
  3.30900000E+01  5.13983482E+00
  3.30900000E+01  5.05677397E+00
  3.30900000E+01  4.99706254E+00
  3.30900000E+01  4.91400169E+00
  3.30900000E+01  4.85429027E+00
  3.30900000E+01  4.77122942E+00
  3.30900000E+01  4.71151799E+00
  3.30900000E+01  4.62845714E+00
  3.30900000E+01  4.56874571E+00
  3.30900000E+01  4.48568486E+00
  3.30900000E+01  4.42597343E+00
  3.30900000E+01  4.34291259E+00
  3.30900000E+01  4.28320116E+00
  3.30900000E+01  4.20014031E+00
  3.30900000E+01  4.14042888E+00
  3.30900000E+01  4.05736803E+00
  3.30900000E+01  3.99765660E+00
  3.30900000E+01  3.91459575E+00
  3.30900000E+01  3.85488432E+00
  3.30900000E+01  3.77182348E+00
  3.30900000E+01  3.71211205E+00
  3.30900000E+01  3.62905120E+00
  3.30900000E+01  3.56933977E+00
  3.30900000E+01  3.48627892E+00
  3.30900000E+01  3.42656749E+00
  3.30900000E+01  3.34350664E+00
  3.30900000E+01  3.28379522E+00
  3.30900000E+01  3.20073437E+00
  3.30900000E+01  3.14102294E+00
  3.30900000E+01  3.05796209E+00
  3.30900000E+01  2.99825066E+00
  3.30900000E+01  2.91518981E+00
  3.30900000E+01  2.85547838E+00
  3.30900000E+01  2.77241754E+00
  3.30900000E+01  2.71270611E+00
  3.30900000E+01  2.62964526E+00
  3.30900000E+01  2.56993383E+00
  3.30900000E+01  2.48687298E+00
  3.30900000E+01  2.42716155E+00
  3.30900000E+01  2.34410070E+00
  3.30900000E+01  2.28438928E+00
  3.30900000E+01  2.20132843E+00
  3.30900000E+01  2.14161700E+00
  3.30900000E+01  2.05855615E+00
  3.30900000E+01  1.99884472E+00
  3.30900000E+01  1.91578387E+00
  3.30900000E+01  1.85607244E+00
  3.30900000E+01  1.77301160E+00
  3.30900000E+01  1.71330017E+00
  3.30900000E+01  1.63023932E+00
  3.30900000E+01  1.57052789E+00
  3.30900000E+01  1.48746704E+00
  3.30900000E+01  1.42775561E+00
  3.30900000E+01  1.34469476E+00
  3.30900000E+01  1.28498333E+00
  3.30900000E+01  1.20192249E+00
  3.30900000E+01  1.14221106E+00
  3.30900000E+01  1.05915021E+00
  3.30900000E+01  9.99438780E-01
  3.30900000E+01  9.16377932E-01
  3.30900000E+01  8.56666503E-01
  3.30900000E+01  7.73605655E-01
  3.30900000E+01  7.13894226E-01
  3.30900000E+01  6.30833377E-01
  3.30900000E+01  5.71121948E-01
  3.30900000E+01  4.88061100E-01
  3.30900000E+01  4.28349671E-01
  3.30900000E+01  3.45288823E-01
  3.30900000E+01  2.85577394E-01
  3.30900000E+01  2.02516546E-01
  3.30900000E+01  1.42805117E-01
  3.30900000E+01  5.97442684E-02
  3.30900000E+01  3.28395046E-05
  3.30900000E+01 -8.30280088E-02
  3.30900000E+01 -1.42739438E-01
  3.30900000E+01 -2.25800286E-01
  3.30900000E+01 -2.85511715E-01
  3.30900000E+01 -3.68572563E-01
  3.30900000E+01 -4.28283992E-01
  3.30900000E+01 -5.11344840E-01
  3.30900000E+01 -5.71056269E-01
  3.30900000E+01 -6.54117118E-01
  3.30900000E+01 -7.13828547E-01
  3.30900000E+01 -7.96889395E-01
  3.30900000E+01 -8.56600824E-01
  3.30900000E+01 -9.39661672E-01
  3.30900000E+01 -9.99373101E-01
  3.30900000E+01 -1.08243395E+00
  3.30900000E+01 -1.14214538E+00
  3.30900000E+01 -1.22520623E+00
  3.30900000E+01 -1.28491766E+00
  3.30900000E+01 -1.36797850E+00
  3.30900000E+01 -1.42768993E+00
  3.30900000E+01 -1.51075078E+00
  3.30900000E+01 -1.57046221E+00
  3.30900000E+01 -1.65352306E+00
  3.30900000E+01 -1.71323449E+00
  3.30900000E+01 -1.79629534E+00
  3.30900000E+01 -1.85600676E+00
  3.30900000E+01 -1.93906761E+00
  3.30900000E+01 -1.99877904E+00
  3.30900000E+01 -2.08183989E+00
  3.30900000E+01 -2.14155132E+00
  3.30900000E+01 -2.22461217E+00
  3.30900000E+01 -2.28432360E+00
  3.30900000E+01 -2.36738444E+00
  3.30900000E+01 -2.42709587E+00
  3.30900000E+01 -2.51015672E+00
  3.30900000E+01 -2.56986815E+00
  3.30900000E+01 -2.65292900E+00
  3.30900000E+01 -2.71264043E+00
  3.30900000E+01 -2.79570128E+00
  3.30900000E+01 -2.85541271E+00
  3.30900000E+01 -2.93847355E+00
  3.30900000E+01 -2.99818498E+00
  3.30900000E+01 -3.08124583E+00
  3.30900000E+01 -3.14095726E+00
  3.30900000E+01 -3.22401811E+00
  3.30900000E+01 -3.28372954E+00
  3.30900000E+01 -3.36679039E+00
  3.30900000E+01 -3.42650181E+00
  3.30900000E+01 -3.50956266E+00
  3.30900000E+01 -3.56927409E+00
  3.30900000E+01 -3.65233494E+00
  3.30900000E+01 -3.71204637E+00
  3.30900000E+01 -3.79510722E+00
  3.30900000E+01 -3.85481865E+00
  3.30900000E+01 -3.93787949E+00
  3.30900000E+01 -3.99759092E+00
  3.30900000E+01 -4.08065177E+00
  3.30900000E+01 -4.14036320E+00
  3.30900000E+01 -4.22342405E+00
  3.30900000E+01 -4.28313548E+00
  3.30900000E+01 -4.36619633E+00
  3.30900000E+01 -4.42590775E+00
  3.30900000E+01 -4.50896860E+00
  3.30900000E+01 -4.56868003E+00
  3.30900000E+01 -4.65174088E+00
  3.30900000E+01 -4.71145231E+00
  3.30900000E+01 -4.79451316E+00
  3.30900000E+01 -4.85422459E+00
  3.30900000E+01 -4.93728543E+00
  3.30900000E+01 -4.99699686E+00
  3.30900000E+01 -5.08005771E+00
  3.30900000E+01 -5.13976914E+00
  3.30900000E+01 -5.22282999E+00
  3.30900000E+01 -5.28254142E+00
  3.30900000E+01 -5.36560227E+00
  3.30900000E+01 -5.42531370E+00
  3.30900000E+01 -5.50837454E+00
  3.30900000E+01 -5.56808597E+00
  3.30900000E+01 -5.65114682E+00
  3.30900000E+01 -5.71085825E+00
  3.30900000E+01 -5.79391910E+00
  3.30900000E+01 -5.85363053E+00
  3.30900000E+01 -5.93669138E+00
  3.30900000E+01 -5.99640280E+00
  3.30900000E+01 -6.07946365E+00
  3.30900000E+01 -6.13917508E+00
  3.30900000E+01 -6.22223593E+00
  3.30900000E+01 -6.28194736E+00
  3.30900000E+01 -6.36500821E+00
  3.30900000E+01 -6.42471964E+00
  3.30900000E+01 -6.50778048E+00
  3.30900000E+01 -6.56749191E+00
  3.30900000E+01 -6.65055276E+00
  3.30900000E+01 -6.71026419E+00
  3.30900000E+01 -6.79332504E+00
  3.30900000E+01 -6.85303647E+00
  3.30900000E+01 -6.93609732E+00
  3.30900000E+01 -6.99580874E+00
  3.30900000E+01 -7.07886959E+00
  3.30900000E+01 -7.13858102E+00

w:2400/ x(   0.3551825E+02) y(   0.3283950E-04) ix(2) iy(2) s(   0.7000E+00)

hb:   line clip z   cb(cyan)
frame:
  1.2223444E-04 -6.9999675E+00
  1.0000012E+02 -6.9999675E+00
  1.0000012E+02  7.0000325E+00
  1.2223444E-04  7.0000325E+00
clip:
  3.57228957E+01 -7.13858102E+00
  3.62465000E+01 -7.13858102E+00
  3.62465000E+01 -7.06527642E+00
  3.62465000E+01 -6.99580874E+00
  3.62465000E+01 -6.92250415E+00
  3.62465000E+01 -6.85303647E+00
  3.62465000E+01 -6.77973187E+00
  3.62465000E+01 -6.71026419E+00
  3.62465000E+01 -6.63695959E+00
  3.62465000E+01 -6.56749191E+00
  3.62465000E+01 -6.49418732E+00
  3.62465000E+01 -6.42471964E+00
  3.62465000E+01 -6.35141504E+00
  3.62465000E+01 -6.28194736E+00
  3.62465000E+01 -6.20864276E+00
  3.62465000E+01 -6.13917508E+00
  3.62465000E+01 -6.06587048E+00
  3.62465000E+01 -5.99640280E+00
  3.62465000E+01 -5.92309821E+00
  3.62465000E+01 -5.85363053E+00
  3.62465000E+01 -5.78032593E+00
  3.62465000E+01 -5.71085825E+00
  3.62465000E+01 -5.63755365E+00
  3.62465000E+01 -5.56808597E+00
  3.62465000E+01 -5.49478138E+00
  3.62465000E+01 -5.42531370E+00
  3.62465000E+01 -5.35200910E+00
  3.62465000E+01 -5.28254142E+00
  3.62465000E+01 -5.20923682E+00
  3.62465000E+01 -5.13976914E+00
  3.62465000E+01 -5.06646454E+00
  3.62465000E+01 -4.99699686E+00
  3.62465000E+01 -4.92369227E+00
  3.62465000E+01 -4.85422459E+00
  3.62465000E+01 -4.78091999E+00
  3.62465000E+01 -4.71145231E+00
  3.62465000E+01 -4.63814771E+00
  3.62465000E+01 -4.56868003E+00
  3.62465000E+01 -4.49537543E+00
  3.62465000E+01 -4.42590775E+00
  3.62465000E+01 -4.35260316E+00
  3.62465000E+01 -4.28313548E+00
  3.62465000E+01 -4.20983088E+00
  3.62465000E+01 -4.14036320E+00
  3.62465000E+01 -4.06705860E+00
  3.62465000E+01 -3.99759092E+00
  3.62465000E+01 -3.92428633E+00
  3.62465000E+01 -3.85481865E+00
  3.62465000E+01 -3.78151405E+00
  3.62465000E+01 -3.71204637E+00
  3.62465000E+01 -3.63874177E+00
  3.62465000E+01 -3.56927409E+00
  3.62465000E+01 -3.49596949E+00
  3.62465000E+01 -3.42650181E+00
  3.62465000E+01 -3.35319722E+00
  3.62465000E+01 -3.28372954E+00
  3.62465000E+01 -3.21042494E+00
  3.62465000E+01 -3.14095726E+00
  3.62465000E+01 -3.06765266E+00
  3.62465000E+01 -2.99818498E+00
  3.62465000E+01 -2.92488039E+00
  3.62465000E+01 -2.85541271E+00
  3.62465000E+01 -2.78210811E+00
  3.62465000E+01 -2.71264043E+00
  3.62465000E+01 -2.63933583E+00
  3.62465000E+01 -2.56986815E+00
  3.62465000E+01 -2.49656355E+00
  3.62465000E+01 -2.42709587E+00
  3.62465000E+01 -2.35379128E+00
  3.62465000E+01 -2.28432360E+00
  3.62465000E+01 -2.21101900E+00
  3.62465000E+01 -2.14155132E+00
  3.62465000E+01 -2.06824672E+00
  3.62465000E+01 -1.99877904E+00
  3.62465000E+01 -1.92547444E+00
  3.62465000E+01 -1.85600676E+00
  3.62465000E+01 -1.78270217E+00
  3.62465000E+01 -1.71323449E+00
  3.62465000E+01 -1.63992989E+00
  3.62465000E+01 -1.57046221E+00
  3.62465000E+01 -1.49715761E+00
  3.62465000E+01 -1.42768993E+00
  3.62465000E+01 -1.35438534E+00
  3.62465000E+01 -1.28491766E+00
  3.62465000E+01 -1.21161306E+00
  3.62465000E+01 -1.14214538E+00
  3.62465000E+01 -1.06884078E+00
  3.62465000E+01 -9.99373101E-01
  3.62465000E+01 -9.26068504E-01
  3.62465000E+01 -8.56600824E-01
  3.62465000E+01 -7.83296227E-01
  3.62465000E+01 -7.13828547E-01
  3.62465000E+01 -6.40523949E-01
  3.62465000E+01 -5.71056269E-01
  3.62465000E+01 -4.97751672E-01
  3.62465000E+01 -4.28283992E-01
  3.62465000E+01 -3.54979395E-01
  3.62465000E+01 -2.85511715E-01
  3.62465000E+01 -2.12207118E-01
  3.62465000E+01 -1.42739438E-01
  3.62465000E+01 -6.94348405E-02
  3.62465000E+01  3.28395046E-05
  3.62465000E+01  7.33374367E-02
  3.62465000E+01  1.42805117E-01
  3.62465000E+01  2.16109714E-01
  3.62465000E+01  2.85577394E-01
  3.62465000E+01  3.58881991E-01
  3.62465000E+01  4.28349671E-01
  3.62465000E+01  5.01654268E-01
  3.62465000E+01  5.71121948E-01
  3.62465000E+01  6.44426546E-01
  3.62465000E+01  7.13894226E-01
  3.62465000E+01  7.87198823E-01
  3.62465000E+01  8.56666503E-01
  3.62465000E+01  9.29971100E-01
  3.62465000E+01  9.99438780E-01
  3.62465000E+01  1.07274338E+00
  3.62465000E+01  1.14221106E+00
  3.62465000E+01  1.21551565E+00
  3.62465000E+01  1.28498333E+00
  3.62465000E+01  1.35828793E+00
  3.62465000E+01  1.42775561E+00
  3.62465000E+01  1.50106021E+00
  3.62465000E+01  1.57052789E+00
  3.62465000E+01  1.64383249E+00
  3.62465000E+01  1.71330017E+00
  3.62465000E+01  1.78660476E+00
  3.62465000E+01  1.85607244E+00
  3.62465000E+01  1.92937704E+00
  3.62465000E+01  1.99884472E+00
  3.62465000E+01  2.07214932E+00
  3.62465000E+01  2.14161700E+00
  3.62465000E+01  2.21492160E+00
  3.62465000E+01  2.28438928E+00
  3.62465000E+01  2.35769387E+00
  3.62465000E+01  2.42716155E+00
  3.62465000E+01  2.50046615E+00
  3.62465000E+01  2.56993383E+00
  3.62465000E+01  2.64323843E+00
  3.62465000E+01  2.71270611E+00
  3.62465000E+01  2.78601070E+00
  3.62465000E+01  2.85547838E+00
  3.62465000E+01  2.92878298E+00
  3.62465000E+01  2.99825066E+00
  3.62465000E+01  3.07155526E+00
  3.62465000E+01  3.14102294E+00
  3.62465000E+01  3.21432754E+00
  3.62465000E+01  3.28379522E+00
  3.62465000E+01  3.35709981E+00
  3.62465000E+01  3.42656749E+00
  3.62465000E+01  3.49987209E+00
  3.62465000E+01  3.56933977E+00
  3.62465000E+01  3.64264437E+00
  3.62465000E+01  3.71211205E+00
  3.62465000E+01  3.78541664E+00
  3.62465000E+01  3.85488432E+00
  3.62465000E+01  3.92818892E+00
  3.62465000E+01  3.99765660E+00
  3.62465000E+01  4.07096120E+00
  3.62465000E+01  4.14042888E+00
  3.62465000E+01  4.21373348E+00
  3.62465000E+01  4.28320116E+00
  3.62465000E+01  4.35650575E+00
  3.62465000E+01  4.42597343E+00
  3.62465000E+01  4.49927803E+00
  3.62465000E+01  4.56874571E+00
  3.62465000E+01  4.64205031E+00
  3.62465000E+01  4.71151799E+00
  3.62465000E+01  4.78482259E+00
  3.62465000E+01  4.85429027E+00
  3.62465000E+01  4.92759486E+00
  3.62465000E+01  4.99706254E+00
  3.62465000E+01  5.07036714E+00
  3.62465000E+01  5.13983482E+00
  3.62465000E+01  5.21313942E+00
  3.62465000E+01  5.28260710E+00
  3.62465000E+01  5.35591169E+00
  3.62465000E+01  5.42537937E+00
  3.62465000E+01  5.49868397E+00
  3.62465000E+01  5.56815165E+00
  3.62465000E+01  5.64145625E+00
  3.62465000E+01  5.71092393E+00
  3.62465000E+01  5.78422853E+00
  3.62465000E+01  5.85369621E+00
  3.62465000E+01  5.92700080E+00
  3.62465000E+01  5.99646848E+00
  3.62465000E+01  6.06977308E+00
  3.62465000E+01  6.13924076E+00
  3.62465000E+01  6.21254536E+00
  3.62465000E+01  6.28201304E+00
  3.62465000E+01  6.35531763E+00
  3.62465000E+01  6.42478531E+00
  3.62465000E+01  6.49808991E+00
  3.62465000E+01  6.56755759E+00
  3.62465000E+01  6.64086219E+00
  3.62465000E+01  6.71032987E+00
  3.62465000E+01  6.78363447E+00
  3.62465000E+01  6.85310215E+00
  3.62465000E+01  6.92640674E+00
  3.62465000E+01  6.99587442E+00
  3.62465000E+01  7.06917902E+00
  3.62465000E+01  7.13864670E+00
  3.57228957E+01  7.13864670E+00
  3.52700000E+01  7.13864670E+00
  3.52700000E+01  7.07524130E+00
  3.52700000E+01  6.99587442E+00
  3.52700000E+01  6.93246902E+00
  3.52700000E+01  6.85310215E+00
  3.52700000E+01  6.78969674E+00
  3.52700000E+01  6.71032987E+00
  3.52700000E+01  6.64692447E+00
  3.52700000E+01  6.56755759E+00
  3.52700000E+01  6.50415219E+00
  3.52700000E+01  6.42478531E+00
  3.52700000E+01  6.36137991E+00
  3.52700000E+01  6.28201304E+00
  3.52700000E+01  6.21860763E+00
  3.52700000E+01  6.13924076E+00
  3.52700000E+01  6.07583536E+00
  3.52700000E+01  5.99646848E+00
  3.52700000E+01  5.93306308E+00
  3.52700000E+01  5.85369621E+00
  3.52700000E+01  5.79029080E+00
  3.52700000E+01  5.71092393E+00
  3.52700000E+01  5.64751853E+00
  3.52700000E+01  5.56815165E+00
  3.52700000E+01  5.50474625E+00
  3.52700000E+01  5.42537937E+00
  3.52700000E+01  5.36197397E+00
  3.52700000E+01  5.28260710E+00
  3.52700000E+01  5.21920169E+00
  3.52700000E+01  5.13983482E+00
  3.52700000E+01  5.07642942E+00
  3.52700000E+01  4.99706254E+00
  3.52700000E+01  4.93365714E+00
  3.52700000E+01  4.85429027E+00
  3.52700000E+01  4.79088486E+00
  3.52700000E+01  4.71151799E+00
  3.52700000E+01  4.64811259E+00
  3.52700000E+01  4.56874571E+00
  3.52700000E+01  4.50534031E+00
  3.52700000E+01  4.42597343E+00
  3.52700000E+01  4.36256803E+00
  3.52700000E+01  4.28320116E+00
  3.52700000E+01  4.21979575E+00
  3.52700000E+01  4.14042888E+00
  3.52700000E+01  4.07702348E+00
  3.47900000E+01  3.99765660E+00
  3.47900000E+01  3.86705120E+00
  3.47900000E+01  3.85488432E+00
  3.47900000E+01  3.72427892E+00
  3.47900000E+01  3.71211205E+00
  3.47900000E+01  3.58150664E+00
  3.47900000E+01  3.56933977E+00
  3.47900000E+01  3.43873437E+00
  3.47900000E+01  3.42656749E+00
  3.47900000E+01  3.29596209E+00
  3.47900000E+01  3.28379522E+00
  3.47900000E+01  3.15318981E+00
  3.47900000E+01  3.14102294E+00
  3.47900000E+01  3.01041754E+00
  3.47900000E+01  2.99825066E+00
  3.47900000E+01  2.86764526E+00
  3.47900000E+01  2.85547838E+00
  3.47900000E+01  2.72487298E+00
  3.47900000E+01  2.71270611E+00
  3.47900000E+01  2.58210070E+00
  3.47900000E+01  2.56993383E+00
  3.47900000E+01  2.43932843E+00
  3.47900000E+01  2.42716155E+00
  3.47900000E+01  2.29655615E+00
  3.47900000E+01  2.28438928E+00
  3.47900000E+01  2.15378387E+00
  3.47900000E+01  2.14161700E+00
  3.47900000E+01  2.01101160E+00
  3.47900000E+01  1.99884472E+00
  3.47900000E+01  1.86823932E+00
  3.47900000E+01  1.85607244E+00
  3.47900000E+01  1.72546704E+00
  3.47900000E+01  1.71330017E+00
  3.47900000E+01  1.58269476E+00
  3.47900000E+01  1.57052789E+00
  3.47900000E+01  1.43992249E+00
  3.47900000E+01  1.42775561E+00
  3.47900000E+01  1.29715021E+00
  3.47900000E+01  1.28498333E+00
  3.47900000E+01  1.15437793E+00
  3.47900000E+01  1.14221106E+00
  3.47900000E+01  1.01160565E+00
  3.47900000E+01  9.99438780E-01
  3.47900000E+01  8.68833377E-01
  3.47900000E+01  8.56666503E-01
  3.47900000E+01  7.26061100E-01
  3.50377983E+01  6.17980581E-01
  3.50465000E+01  4.76426546E-01
  3.50628689E+01  3.35945914E-01
  3.52465000E+01  2.85577394E-01
  3.52465000E+01 -2.85511715E-01
  3.50465000E+01 -4.28283992E-01
  3.50465000E+01 -5.71056269E-01
  3.47900000E+01 -7.01661672E-01
  3.47900000E+01 -3.99759092E+00
  3.52700000E+01 -4.14036320E+00
  3.52700000E+01 -7.13858102E+00

w:2/ x(   0.5037325E+02) y(   0.3283950E-04) ix(2) iy(2) s(   0.7000E+00)

hb:   line clip z   cb(cyan)
frame:
  1.2223444E-04 -6.9999675E+00
  1.0000012E+02 -6.9999675E+00
  1.0000012E+02  7.0000325E+00
  1.2223444E-04  7.0000325E+00
clip:
  3.67426977E+01 -7.13858102E+00
  6.30000000E+01 -7.13858102E+00
  6.30000000E+01 -7.03186563E+00
  6.30000000E+01 -6.99580874E+00
  6.30000000E+01 -6.88909336E+00
  6.30000000E+01 -6.85303647E+00
  6.30000000E+01 -6.74632108E+00
  6.30000000E+01 -6.71026419E+00
  6.30000000E+01 -6.60354880E+00
  6.30000000E+01 -6.56749191E+00
  6.30000000E+01 -6.46077652E+00
  6.30000000E+01 -6.42471964E+00
  6.30000000E+01 -6.31800425E+00
  6.30000000E+01 -6.28194736E+00
  6.30000000E+01 -6.17523197E+00
  6.30000000E+01 -6.13917508E+00
  6.30000000E+01 -6.03245969E+00
  6.32575492E+01 -5.92778913E+00
  6.37872535E+01 -5.92778913E+00
  6.42773512E+01 -5.92778913E+00
  6.45000000E+01 -5.88480136E+00
  6.45000000E+01  5.88486704E+00
  6.42773512E+01  5.92778913E+00
  6.37481160E+01  5.92778913E+00
  6.30000000E+01  5.99646848E+00
  6.30000000E+01  6.10318387E+00
  6.30000000E+01  7.13864670E+00
  6.22377472E+01  7.13864670E+00
  6.12179452E+01  7.13864670E+00
  6.01981433E+01  7.13864670E+00
  5.91783413E+01  7.13864670E+00
  5.81585393E+01  7.13864670E+00
  5.71387373E+01  7.13864670E+00
  5.61189353E+01  7.13864670E+00
  5.50991334E+01  7.13864670E+00
  5.40793314E+01  7.13864670E+00
  5.30595294E+01  7.13864670E+00
  5.20397274E+01  7.13864670E+00
  5.10199254E+01  7.13864670E+00
  5.00001235E+01  7.13864670E+00
  4.89803215E+01  7.13864670E+00
  4.79605195E+01  7.13864670E+00
  4.69407175E+01  7.13864670E+00
  4.59209155E+01  7.13864670E+00
  4.49011136E+01  7.13864670E+00
  4.38813116E+01  7.13864670E+00
  4.28615096E+01  7.13864670E+00
  4.18417076E+01  7.13864670E+00
  4.08219056E+01  7.13864670E+00
  3.98021037E+01  7.13864670E+00
  3.87823017E+01  7.13864670E+00
  3.77624997E+01  7.13864670E+00
  3.67426977E+01  7.13864670E+00
  3.62465000E+01  7.13864670E+00
  3.62465000E+01  7.06917902E+00
  3.62465000E+01  6.99587442E+00
  3.62465000E+01  6.92640674E+00
  3.62465000E+01  6.85310215E+00
  3.62465000E+01  6.78363447E+00
  3.62465000E+01  6.71032987E+00
  3.62465000E+01  6.64086219E+00
  3.62465000E+01  6.56755759E+00
  3.62465000E+01  6.49808991E+00
  3.62465000E+01  6.42478531E+00
  3.62465000E+01  6.35531763E+00
  3.62465000E+01  6.28201304E+00
  3.62465000E+01  6.21254536E+00
  3.62465000E+01  6.13924076E+00
  3.62465000E+01  6.06977308E+00
  3.62465000E+01  5.99646848E+00
  3.62465000E+01  5.92700080E+00
  3.62465000E+01  5.85369621E+00
  3.62465000E+01  5.78422853E+00
  3.62465000E+01  5.71092393E+00
  3.62465000E+01  5.64145625E+00
  3.62465000E+01  5.56815165E+00
  3.62465000E+01  5.49868397E+00
  3.62465000E+01  5.42537937E+00
  3.62465000E+01  5.35591169E+00
  3.62465000E+01  5.28260710E+00
  3.62465000E+01  5.21313942E+00
  3.62465000E+01  5.13983482E+00
  3.62465000E+01  5.07036714E+00
  3.62465000E+01  4.99706254E+00
  3.62465000E+01  4.92759486E+00
  3.62465000E+01  4.85429027E+00
  3.62465000E+01  4.78482259E+00
  3.62465000E+01  4.71151799E+00
  3.62465000E+01  4.64205031E+00
  3.62465000E+01  4.56874571E+00
  3.62465000E+01  4.49927803E+00
  3.62465000E+01  4.42597343E+00
  3.62465000E+01  4.35650575E+00
  3.62465000E+01  4.28320116E+00
  3.62465000E+01  4.21373348E+00
  3.62465000E+01  4.14042888E+00
  3.62465000E+01  4.07096120E+00
  3.62465000E+01  3.99765660E+00
  3.62465000E+01  3.92818892E+00
  3.62465000E+01  3.85488432E+00
  3.62465000E+01  3.78541664E+00
  3.62465000E+01  3.71211205E+00
  3.62465000E+01  3.64264437E+00
  3.62465000E+01  3.56933977E+00
  3.62465000E+01  3.49987209E+00
  3.62465000E+01  3.42656749E+00
  3.62465000E+01  3.35709981E+00
  3.62465000E+01  3.28379522E+00
  3.62465000E+01  3.21432754E+00
  3.62465000E+01  3.14102294E+00
  3.62465000E+01  3.07155526E+00
  3.62465000E+01  2.99825066E+00
  3.62465000E+01  2.92878298E+00
  3.62465000E+01  2.85547838E+00
  3.62465000E+01  2.78601070E+00
  3.62465000E+01  2.71270611E+00
  3.62465000E+01  2.64323843E+00
  3.62465000E+01  2.56993383E+00
  3.62465000E+01  2.50046615E+00
  3.62465000E+01  2.42716155E+00
  3.62465000E+01  2.35769387E+00
  3.62465000E+01  2.28438928E+00
  3.62465000E+01  2.21492160E+00
  3.62465000E+01  2.14161700E+00
  3.62465000E+01  2.07214932E+00
  3.62465000E+01  1.99884472E+00
  3.62465000E+01  1.92937704E+00
  3.62465000E+01  1.85607244E+00
  3.62465000E+01  1.78660476E+00
  3.62465000E+01  1.71330017E+00
  3.62465000E+01  1.64383249E+00
  3.62465000E+01  1.57052789E+00
  3.62465000E+01  1.50106021E+00
  3.62465000E+01  1.42775561E+00
  3.62465000E+01  1.35828793E+00
  3.62465000E+01  1.28498333E+00
  3.62465000E+01  1.21551565E+00
  3.62465000E+01  1.14221106E+00
  3.62465000E+01  1.07274338E+00
  3.62465000E+01  9.99438780E-01
  3.62465000E+01  9.29971100E-01
  3.62465000E+01  8.56666503E-01
  3.62465000E+01  7.87198823E-01
  3.62465000E+01  7.13894226E-01
  3.62465000E+01  6.44426546E-01
  3.62465000E+01  5.71121948E-01
  3.62465000E+01  5.01654268E-01
  3.62465000E+01  4.28349671E-01
  3.62465000E+01  3.58881991E-01
  3.62465000E+01  2.85577394E-01
  3.62465000E+01  2.16109714E-01
  3.62465000E+01  1.42805117E-01
  3.62465000E+01  7.33374367E-02
  3.62465000E+01  3.28395046E-05
  3.62465000E+01 -6.94348405E-02
  3.62465000E+01 -1.42739438E-01
  3.62465000E+01 -2.12207118E-01
  3.62465000E+01 -2.85511715E-01
  3.62465000E+01 -3.54979395E-01
  3.62465000E+01 -4.28283992E-01
  3.62465000E+01 -4.97751672E-01
  3.62465000E+01 -5.71056269E-01
  3.62465000E+01 -6.40523949E-01
  3.62465000E+01 -7.13828547E-01
  3.62465000E+01 -7.83296227E-01
  3.62465000E+01 -8.56600824E-01
  3.62465000E+01 -9.26068504E-01
  3.62465000E+01 -9.99373101E-01
  3.62465000E+01 -1.06884078E+00
  3.62465000E+01 -1.14214538E+00
  3.62465000E+01 -1.21161306E+00
  3.62465000E+01 -1.28491766E+00
  3.62465000E+01 -1.35438534E+00
  3.62465000E+01 -1.42768993E+00
  3.62465000E+01 -1.49715761E+00
  3.62465000E+01 -1.57046221E+00
  3.62465000E+01 -1.63992989E+00
  3.62465000E+01 -1.71323449E+00
  3.62465000E+01 -1.78270217E+00
  3.62465000E+01 -1.85600676E+00
  3.62465000E+01 -1.92547444E+00
  3.62465000E+01 -1.99877904E+00
  3.62465000E+01 -2.06824672E+00
  3.62465000E+01 -2.14155132E+00
  3.62465000E+01 -2.21101900E+00
  3.62465000E+01 -2.28432360E+00
  3.62465000E+01 -2.35379128E+00
  3.62465000E+01 -2.42709587E+00
  3.62465000E+01 -2.49656355E+00
  3.62465000E+01 -2.56986815E+00
  3.62465000E+01 -2.63933583E+00
  3.62465000E+01 -2.71264043E+00
  3.62465000E+01 -2.78210811E+00
  3.62465000E+01 -2.85541271E+00
  3.62465000E+01 -2.92488039E+00
  3.62465000E+01 -2.99818498E+00
  3.62465000E+01 -3.06765266E+00
  3.62465000E+01 -3.14095726E+00
  3.62465000E+01 -3.21042494E+00
  3.62465000E+01 -3.28372954E+00
  3.62465000E+01 -3.35319722E+00
  3.62465000E+01 -3.42650181E+00
  3.62465000E+01 -3.49596949E+00
  3.62465000E+01 -3.56927409E+00
  3.62465000E+01 -3.63874177E+00
  3.62465000E+01 -3.71204637E+00
  3.62465000E+01 -3.78151405E+00
  3.62465000E+01 -3.85481865E+00
  3.62465000E+01 -3.92428633E+00
  3.62465000E+01 -3.99759092E+00
  3.62465000E+01 -4.06705860E+00
  3.62465000E+01 -4.14036320E+00
  3.62465000E+01 -4.20983088E+00
  3.62465000E+01 -4.28313548E+00
  3.62465000E+01 -4.35260316E+00
  3.62465000E+01 -4.42590775E+00
  3.62465000E+01 -4.49537543E+00
  3.62465000E+01 -4.56868003E+00
  3.62465000E+01 -4.63814771E+00
  3.62465000E+01 -4.71145231E+00
  3.62465000E+01 -4.78091999E+00
  3.62465000E+01 -4.85422459E+00
  3.62465000E+01 -4.92369227E+00
  3.62465000E+01 -4.99699686E+00
  3.62465000E+01 -5.06646454E+00
  3.62465000E+01 -5.13976914E+00
  3.62465000E+01 -5.20923682E+00
  3.62465000E+01 -5.28254142E+00
  3.62465000E+01 -5.35200910E+00
  3.62465000E+01 -5.42531370E+00
  3.62465000E+01 -5.49478138E+00
  3.62465000E+01 -5.56808597E+00
  3.62465000E+01 -5.63755365E+00
  3.62465000E+01 -5.71085825E+00
  3.62465000E+01 -5.78032593E+00
  3.62465000E+01 -5.85363053E+00
  3.62465000E+01 -5.92309821E+00
  3.62465000E+01 -5.99640280E+00
  3.62465000E+01 -6.06587048E+00
  3.62465000E+01 -6.13917508E+00
  3.62465000E+01 -6.20864276E+00
  3.62465000E+01 -6.28194736E+00
  3.62465000E+01 -6.35141504E+00
  3.62465000E+01 -6.42471964E+00
  3.62465000E+01 -6.49418732E+00
  3.62465000E+01 -6.56749191E+00
  3.62465000E+01 -6.63695959E+00
  3.62465000E+01 -6.71026419E+00
  3.62465000E+01 -6.77973187E+00
  3.62465000E+01 -6.85303647E+00
  3.62465000E+01 -6.92250415E+00
  3.62465000E+01 -6.99580874E+00
  3.62465000E+01 -7.06527642E+00
  3.62465000E+01 -7.13858102E+00

w:103/ x(   0.6375000E+02) y(  -0.6533185E+01) ix(2) iy(2) s(   0.7000E+00)

h: x ny1,0  y2=[y1](Structure - steel),ic[brown]
 -1.000000E+00 -1.000000E+00

hb:   line clip z   cb(brown)
frame:
  1.2223444E-04 -6.9999675E+00
  1.0000012E+02 -6.9999675E+00
  1.0000012E+02  7.0000325E+00
  1.2223444E-04  7.0000325E+00
clip:
  6.32575492E+01 -7.13858102E+00
  6.45000000E+01 -7.13858102E+00
  6.45000000E+01 -7.10741019E+00
  6.45000000E+01 -6.99580874E+00
  6.45000000E+01 -6.96463791E+00
  6.45000000E+01 -6.85303647E+00
  6.45000000E+01 -6.82186563E+00
  6.45000000E+01 -6.71026419E+00
  6.45000000E+01 -6.67909336E+00
  6.45000000E+01 -6.56749191E+00
  6.45000000E+01 -6.53632108E+00
  6.45000000E+01 -6.42471964E+00
  6.45000000E+01 -6.39354880E+00
  6.45000000E+01 -6.28194736E+00
  6.45000000E+01 -6.25077652E+00
  6.45000000E+01 -6.13917508E+00
  6.45000000E+01 -6.10800425E+00
  6.45000000E+01 -5.99640280E+00
  6.45000000E+01 -5.96523197E+00
  6.42773512E+01 -5.92778913E+00
  6.37872535E+01 -5.92778913E+00
  6.32575492E+01 -5.92778913E+00
  6.30000000E+01 -5.96034592E+00
  6.30000000E+01 -5.99640280E+00
  6.30000000E+01 -6.03245969E+00
  6.30000000E+01 -6.13917508E+00
  6.30000000E+01 -6.17523197E+00
  6.30000000E+01 -6.28194736E+00
  6.30000000E+01 -6.31800425E+00
  6.30000000E+01 -6.42471964E+00
  6.30000000E+01 -6.46077652E+00
  6.30000000E+01 -6.56749191E+00
  6.30000000E+01 -6.60354880E+00
  6.30000000E+01 -6.71026419E+00
  6.30000000E+01 -6.74632108E+00
  6.30000000E+01 -6.85303647E+00
  6.30000000E+01 -6.88909336E+00
  6.30000000E+01 -6.99580874E+00
  6.30000000E+01 -7.03186563E+00
  6.30000000E+01 -7.13858102E+00

w:2500/ x(   0.8274511E+02) y(   0.3283950E-04) ix(2) iy(2) s(   0.7000E+00)

hb:   line clip z   cb(cyan)
frame:
  1.2223444E-04 -6.9999675E+00
  1.0000012E+02 -6.9999675E+00
  1.0000012E+02  7.0000325E+00
  1.2223444E-04  7.0000325E+00
clip:
  6.52971532E+01 -7.13858102E+00
  1.00990222E+02 -7.13858102E+00
  1.00990222E+02 -6.99580874E+00
  1.00990222E+02 -6.85303647E+00
  1.00990222E+02 -6.71026419E+00
  1.00990222E+02 -6.66981259E+00
  1.00701282E+02 -6.66981259E+00
  1.00700000E+02 -6.56749191E+00
  1.00700000E+02 -6.46535078E+00
  1.00700000E+02 -6.42471964E+00
  1.00700000E+02 -6.32257850E+00
  1.00700000E+02 -6.28194736E+00
  1.00700000E+02 -6.17980623E+00
  1.00700000E+02 -6.13917508E+00
  1.00700000E+02 -6.03703395E+00
  1.00700000E+02 -5.99640280E+00
  1.00700000E+02 -5.89426167E+00
  1.00700000E+02 -5.85363053E+00
  1.00700000E+02 -5.75148939E+00
  1.00700000E+02 -5.71085825E+00
  1.00700000E+02 -5.60871712E+00
  1.00700000E+02 -5.56808597E+00
  1.00700000E+02 -5.46594484E+00
  1.00700000E+02 -5.42531370E+00
  1.00700000E+02 -5.32317256E+00
  1.00700000E+02 -5.28254142E+00
  1.00700000E+02 -5.18040029E+00
  1.00700000E+02 -5.13976914E+00
  1.00700000E+02 -5.03762801E+00
  1.00700000E+02 -4.99699686E+00
  1.00700000E+02 -4.89485573E+00
  1.00700000E+02 -4.85422459E+00
  1.00700000E+02 -4.75208345E+00
  1.00700000E+02 -4.71145231E+00
  1.00700000E+02 -4.60931118E+00
  1.00700000E+02 -4.56868003E+00
  1.00700000E+02 -4.46653890E+00
  1.00700000E+02 -4.42590775E+00
  1.00700000E+02 -4.32376662E+00
  1.00700000E+02 -4.28313548E+00
  1.00700000E+02 -4.18099435E+00
  1.00700000E+02 -4.14036320E+00
  1.00700000E+02 -4.03822207E+00
  1.00700000E+02 -3.99759092E+00
  1.00700000E+02 -3.89544979E+00
  1.00700000E+02 -3.85481865E+00
  1.00700000E+02 -3.75267751E+00
  1.00700000E+02 -3.71204637E+00
  1.00700000E+02 -3.60990524E+00
  1.00700000E+02 -3.56927409E+00
  1.00700000E+02 -3.46713296E+00
  1.00700000E+02 -3.42650181E+00
  1.00700000E+02 -3.32436068E+00
  1.00700000E+02 -3.28372954E+00
  1.00700000E+02 -3.18158840E+00
  1.00700000E+02 -3.14095726E+00
  1.00700000E+02 -3.03881613E+00
  1.00700000E+02 -2.99818498E+00
  1.00700000E+02 -2.89604385E+00
  1.00700000E+02 -2.85541271E+00
  1.00700000E+02 -2.75327157E+00
  1.00700000E+02 -2.71264043E+00
  1.00700000E+02 -2.61049930E+00
  1.00700000E+02 -2.56986815E+00
  1.00410000E+02 -2.50832702E+00
  1.00410000E+02 -2.42709587E+00
  1.00410000E+02 -2.36555474E+00
  1.00410000E+02 -2.28432360E+00
  1.00410000E+02 -2.22278246E+00
  1.00410000E+02 -2.14155132E+00
  1.00610000E+02 -1.99877904E+00
  1.00610000E+02 -1.85600676E+00
  1.00156561E+02 -1.82994705E+00
  9.99704205E+01 -1.82994705E+00
  9.98493700E+01 -1.71323449E+00
  9.98493700E+01  1.71330017E+00
  9.99704205E+01  1.82994705E+00
  1.00610000E+02  1.85607244E+00
  1.00610000E+02  1.94561358E+00
  1.00610000E+02  1.99884472E+00
  1.00410000E+02  2.06038585E+00
  1.00410000E+02  2.14161700E+00
  1.00410000E+02  2.20315813E+00
  1.00410000E+02  2.28438928E+00
  1.00410000E+02  2.34593041E+00
  1.00410000E+02  2.42716155E+00
  1.00700000E+02  2.56993383E+00
  1.00700000E+02  6.66969872E+00
  1.00990222E+02  6.71032987E+00
  1.00990222E+02  6.85310215E+00
  1.00990222E+02  6.99587442E+00
  1.00990222E+02  7.13864670E+00
  9.99704205E+01  7.13864670E+00
  9.89506185E+01  7.13864670E+00
  9.79308165E+01  7.13864670E+00
  9.69110145E+01  7.13864670E+00
  9.58912126E+01  7.13864670E+00
  9.48714106E+01  7.13864670E+00
  9.38516086E+01  7.13864670E+00
  9.28318066E+01  7.13864670E+00
  9.18120046E+01  7.13864670E+00
  9.07922027E+01  7.13864670E+00
  8.97724007E+01  7.13864670E+00
  8.87525987E+01  7.13864670E+00
  8.77327967E+01  7.13864670E+00
  8.67129947E+01  7.13864670E+00
  8.56931928E+01  7.13864670E+00
  8.46733908E+01  7.13864670E+00
  8.36535888E+01  7.13864670E+00
  8.26337868E+01  7.13864670E+00
  8.16139848E+01  7.13864670E+00
  8.05941829E+01  7.13864670E+00
  7.95743809E+01  7.13864670E+00
  7.85545789E+01  7.13864670E+00
  7.75347769E+01  7.13864670E+00
  7.65149749E+01  7.13864670E+00
  7.54951730E+01  7.13864670E+00
  7.44753710E+01  7.13864670E+00
  7.34555690E+01  7.13864670E+00
  7.24357670E+01  7.13864670E+00
  7.14159650E+01  7.13864670E+00
  7.03961631E+01  7.13864670E+00
  6.93763611E+01  7.13864670E+00
  6.83565591E+01  7.13864670E+00
  6.73367571E+01  7.13864670E+00
  6.63169551E+01  7.13864670E+00
  6.52971532E+01  7.13864670E+00
  6.45000000E+01  7.13864670E+00
  6.45000000E+01  7.02704526E+00
  6.45000000E+01  6.99587442E+00
  6.45000000E+01  6.88427298E+00
  6.45000000E+01  6.85310215E+00
  6.45000000E+01  6.74150070E+00
  6.45000000E+01  6.71032987E+00
  6.45000000E+01  6.59872843E+00
  6.45000000E+01  6.56755759E+00
  6.45000000E+01  6.45595615E+00
  6.45000000E+01  6.42478531E+00
  6.45000000E+01  6.31318387E+00
  6.45000000E+01  6.28201304E+00
  6.45000000E+01  6.17041160E+00
  6.45000000E+01  6.13924076E+00
  6.45000000E+01  6.02763932E+00
  6.45000000E+01  5.99646848E+00
  6.45000000E+01  5.88486704E+00
  6.45000000E+01  5.85369621E+00
  6.45000000E+01  5.74209476E+00
  6.45000000E+01  5.71092393E+00
  6.45000000E+01  5.59932249E+00
  6.45000000E+01  5.56815165E+00
  6.45000000E+01  5.45655021E+00
  6.45000000E+01  5.42537937E+00
  6.45000000E+01  5.31377793E+00
  6.45000000E+01  5.28260710E+00
  6.45000000E+01  5.17100565E+00
  6.45000000E+01  5.13983482E+00
  6.45000000E+01  5.02823338E+00
  6.45000000E+01  4.99706254E+00
  6.45000000E+01  4.88546110E+00
  6.45000000E+01  4.85429027E+00
  6.45000000E+01  4.74268882E+00
  6.45000000E+01  4.71151799E+00
  6.45000000E+01  4.59991655E+00
  6.45000000E+01  4.56874571E+00
  6.45000000E+01  4.45714427E+00
  6.45000000E+01  4.42597343E+00
  6.45000000E+01  4.31437199E+00
  6.45000000E+01  4.28320116E+00
  6.45000000E+01  4.17159971E+00
  6.45000000E+01  4.14042888E+00
  6.45000000E+01  4.02882744E+00
  6.45000000E+01  3.99765660E+00
  6.45000000E+01  3.88605516E+00
  6.45000000E+01  3.85488432E+00
  6.45000000E+01  3.74328288E+00
  6.45000000E+01  3.71211205E+00
  6.45000000E+01  3.60051061E+00
  6.45000000E+01  3.56933977E+00
  6.45000000E+01  3.45773833E+00
  6.45000000E+01  3.42656749E+00
  6.45000000E+01  3.31496605E+00
  6.45000000E+01  3.28379522E+00
  6.45000000E+01  3.17219377E+00
  6.45000000E+01  3.14102294E+00
  6.45000000E+01  3.02942150E+00
  6.45000000E+01  2.99825066E+00
  6.45000000E+01  2.88664922E+00
  6.45000000E+01  2.85547838E+00
  6.45000000E+01  2.74387694E+00
  6.45000000E+01  2.71270611E+00
  6.45000000E+01  2.60110466E+00
  6.45000000E+01  2.56993383E+00
  6.45000000E+01  2.45833239E+00
  6.45000000E+01  2.42716155E+00
  6.45000000E+01  2.31556011E+00
  6.45000000E+01  2.28438928E+00
  6.45000000E+01  2.17278783E+00
  6.45000000E+01  2.14161700E+00
  6.45000000E+01  2.03001556E+00
  6.45000000E+01  1.99884472E+00
  6.45000000E+01  1.88724328E+00
  6.45000000E+01  1.85607244E+00
  6.45000000E+01  1.74447100E+00
  6.45000000E+01  1.71330017E+00
  6.45000000E+01  1.60169872E+00
  6.45000000E+01  1.57052789E+00
  6.45000000E+01  1.45892645E+00
  6.45000000E+01  1.42775561E+00
  6.45000000E+01  1.31615417E+00
  6.45000000E+01  1.28498333E+00
  6.45000000E+01  1.17338189E+00
  6.45000000E+01  1.14221106E+00
  6.45000000E+01  1.03060961E+00
  6.45000000E+01  9.99438780E-01
  6.45000000E+01  8.87837338E-01
  6.45000000E+01  8.56666503E-01
  6.45000000E+01  7.45065061E-01
  6.45000000E+01  7.13894226E-01
  6.45000000E+01  6.02292783E-01
  6.45000000E+01  5.71121948E-01
  6.45000000E+01  4.59520506E-01
  6.45000000E+01  4.28349671E-01
  6.45000000E+01  3.16748229E-01
  6.45000000E+01  2.85577394E-01
  6.45000000E+01  1.73975952E-01
  6.45000000E+01  1.42805117E-01
  6.45000000E+01  3.12036744E-02
  6.45000000E+01  3.28395046E-05
  6.45000000E+01 -1.11568603E-01
  6.45000000E+01 -1.42739438E-01
  6.45000000E+01 -2.54340880E-01
  6.45000000E+01 -2.85511715E-01
  6.45000000E+01 -3.97113157E-01
  6.45000000E+01 -4.28283992E-01
  6.45000000E+01 -5.39885435E-01
  6.45000000E+01 -5.71056269E-01
  6.45000000E+01 -6.82657712E-01
  6.45000000E+01 -7.13828547E-01
  6.45000000E+01 -8.25429989E-01
  6.45000000E+01 -8.56600824E-01
  6.45000000E+01 -9.68202266E-01
  6.45000000E+01 -9.99373101E-01
  6.45000000E+01 -1.11097454E+00
  6.45000000E+01 -1.14214538E+00
  6.45000000E+01 -1.25374682E+00
  6.45000000E+01 -1.28491766E+00
  6.45000000E+01 -1.39651910E+00
  6.45000000E+01 -1.42768993E+00
  6.45000000E+01 -1.53929138E+00
  6.45000000E+01 -1.57046221E+00
  6.45000000E+01 -1.68206365E+00
  6.45000000E+01 -1.71323449E+00
  6.45000000E+01 -1.82483593E+00
  6.45000000E+01 -1.85600676E+00
  6.45000000E+01 -1.96760821E+00
  6.45000000E+01 -1.99877904E+00
  6.45000000E+01 -2.11038048E+00
  6.45000000E+01 -2.14155132E+00
  6.45000000E+01 -2.25315276E+00
  6.45000000E+01 -2.28432360E+00
  6.45000000E+01 -2.39592504E+00
  6.45000000E+01 -2.42709587E+00
  6.45000000E+01 -2.53869732E+00
  6.45000000E+01 -2.56986815E+00
  6.45000000E+01 -2.68146959E+00
  6.45000000E+01 -2.71264043E+00
  6.45000000E+01 -2.82424187E+00
  6.45000000E+01 -2.85541271E+00
  6.45000000E+01 -2.96701415E+00
  6.45000000E+01 -2.99818498E+00
  6.45000000E+01 -3.10978642E+00
  6.45000000E+01 -3.14095726E+00
  6.45000000E+01 -3.25255870E+00
  6.45000000E+01 -3.28372954E+00
  6.45000000E+01 -3.39533098E+00
  6.45000000E+01 -3.42650181E+00
  6.45000000E+01 -3.53810326E+00
  6.45000000E+01 -3.56927409E+00
  6.45000000E+01 -3.68087553E+00
  6.45000000E+01 -3.71204637E+00
  6.45000000E+01 -3.82364781E+00
  6.45000000E+01 -3.85481865E+00
  6.45000000E+01 -3.96642009E+00
  6.45000000E+01 -3.99759092E+00
  6.45000000E+01 -4.10919237E+00
  6.45000000E+01 -4.14036320E+00
  6.45000000E+01 -4.25196464E+00
  6.45000000E+01 -4.28313548E+00
  6.45000000E+01 -4.39473692E+00
  6.45000000E+01 -4.42590775E+00
  6.45000000E+01 -4.53750920E+00
  6.45000000E+01 -4.56868003E+00
  6.45000000E+01 -4.68028147E+00
  6.45000000E+01 -4.71145231E+00
  6.45000000E+01 -4.82305375E+00
  6.45000000E+01 -4.85422459E+00
  6.45000000E+01 -4.96582603E+00
  6.45000000E+01 -4.99699686E+00
  6.45000000E+01 -5.10859831E+00
  6.45000000E+01 -5.13976914E+00
  6.45000000E+01 -5.25137058E+00
  6.45000000E+01 -5.28254142E+00
  6.45000000E+01 -5.39414286E+00
  6.45000000E+01 -5.42531370E+00
  6.45000000E+01 -5.53691514E+00
  6.45000000E+01 -5.56808597E+00
  6.45000000E+01 -5.67968741E+00
  6.45000000E+01 -5.71085825E+00
  6.45000000E+01 -5.82245969E+00
  6.45000000E+01 -5.85363053E+00
  6.45000000E+01 -5.96523197E+00
  6.45000000E+01 -5.99640280E+00
  6.45000000E+01 -6.10800425E+00
  6.45000000E+01 -6.13917508E+00
  6.45000000E+01 -6.25077652E+00
  6.45000000E+01 -6.28194736E+00
  6.45000000E+01 -6.39354880E+00
  6.45000000E+01 -6.42471964E+00
  6.45000000E+01 -6.53632108E+00
  6.45000000E+01 -6.56749191E+00
  6.45000000E+01 -6.67909336E+00
  6.45000000E+01 -6.71026419E+00
  6.45000000E+01 -6.82186563E+00
  6.45000000E+01 -6.85303647E+00
  6.45000000E+01 -6.96463791E+00
  6.45000000E+01 -6.99580874E+00
  6.45000000E+01 -7.10741019E+00
  6.45000000E+01 -7.13858102E+00

w:2501/ x(   0.1008451E+03) y(  -0.4609661E+01) ix(2) iy(2) s(   0.7000E+00)

hb:   line clip z   cb(lightgray)
frame:
  1.2223444E-04 -6.9999675E+00
  1.0000012E+02 -6.9999675E+00
  1.0000012E+02  7.0000325E+00
  1.2223444E-04  7.0000325E+00
clip:
  1.00700000E+02 -6.60812306E+00
  1.00990222E+02 -6.66981259E+00
  1.00990222E+02 -6.56749191E+00
  1.00990222E+02 -6.42471964E+00
  1.00990222E+02 -6.28194736E+00
  1.00990222E+02 -6.13917508E+00
  1.00990222E+02 -5.99640280E+00
  1.00990222E+02 -5.85363053E+00
  1.00990222E+02 -5.71085825E+00
  1.00990222E+02 -5.56808597E+00
  1.00990222E+02 -5.42531370E+00
  1.00990222E+02 -5.28254142E+00
  1.00990222E+02 -5.13976914E+00
  1.00990222E+02 -4.99699686E+00
  1.00990222E+02 -4.85422459E+00
  1.00990222E+02 -4.71145231E+00
  1.00990222E+02 -4.56868003E+00
  1.00990222E+02 -4.42590775E+00
  1.00990222E+02 -4.28313548E+00
  1.00990222E+02 -4.14036320E+00
  1.00990222E+02 -3.99759092E+00
  1.00990222E+02 -3.85481865E+00
  1.00990222E+02 -3.71204637E+00
  1.00990222E+02 -3.56927409E+00
  1.00990222E+02 -3.42650181E+00
  1.00990222E+02 -3.28372954E+00
  1.00990222E+02 -3.14095726E+00
  1.00990222E+02 -2.99818498E+00
  1.00990222E+02 -2.85541271E+00
  1.00990222E+02 -2.71264043E+00
  1.00990222E+02 -2.56986815E+00
  1.00990222E+02 -2.54950976E+00
  1.00844805E+02 -2.54950976E+00
  1.00700000E+02 -2.56986815E+00
  1.00700000E+02 -6.56749191E+00

w:2303/ x(   0.3465350E+02) y(  -0.4318503E+01) ix(2) iy(2) s(   0.7000E+00)

hb:   line clip z   cb(lightgray)
clip:
  3.45835000E+01 -5.01373999E+00
  3.47030938E+01 -5.13736228E+00
  3.47235000E+01 -4.99985374E+00
  3.47235000E+01 -4.99699686E+00
  3.47235000E+01 -4.99413999E+00
  3.47235000E+01 -4.85422459E+00
  3.47235000E+01 -4.85136771E+00
  3.47235000E+01 -4.71145231E+00
  3.47235000E+01 -4.70859543E+00
  3.47235000E+01 -4.56868003E+00
  3.47235000E+01 -4.56582316E+00
  3.47235000E+01 -4.42590775E+00
  3.47235000E+01 -4.42305088E+00
  3.47235000E+01 -4.28313548E+00
  3.47235000E+01 -4.28027860E+00
  3.47235000E+01 -4.14036320E+00
  3.47235000E+01 -4.13750633E+00
  3.47235000E+01 -3.99759092E+00
  3.47235000E+01 -3.99473405E+00
  3.47235000E+01 -3.85481865E+00
  3.47235000E+01 -3.85196177E+00
  3.47235000E+01 -3.71204637E+00
  3.47235000E+01 -3.70918949E+00
  3.47235000E+01 -3.56927409E+00
  3.47235000E+01 -3.56641722E+00
  3.47030938E+01 -3.49964284E+00
  3.45835000E+01 -3.55253097E+00
  3.45835000E+01 -4.99699686E+00

w:102/ x(  -0.4949878E+00) y(  -0.2249196E+01) ix(2) iy(2) s(   0.7000E+00)

h: x ny1,0  y2=[y1](Stainless steel),ic[gray]
 -1.000000E+00 -1.000000E+00

hb:   line clip z   cb(gray)
frame:
  1.2223444E-04 -6.9999675E+00
  1.0000012E+02 -6.9999675E+00
  1.0000012E+02  7.0000325E+00
  1.2223444E-04  7.0000325E+00
clip:
 -9.89975553E-01 -3.49964284E+00
 -4.67539662E-01 -3.49964284E+00
  0.00000000E+00 -3.42650181E+00
  0.00000000E+00 -3.28790524E+00
  0.00000000E+00 -3.28372954E+00
  0.00000000E+00 -3.14513296E+00
  0.00000000E+00 -3.14095726E+00
  0.00000000E+00 -3.00236068E+00
  0.00000000E+00 -2.99818498E+00
  0.00000000E+00 -2.85958840E+00
  0.00000000E+00 -2.85541271E+00
  0.00000000E+00 -2.71681613E+00
  0.00000000E+00 -2.71264043E+00
  0.00000000E+00 -2.57404385E+00
  0.00000000E+00 -2.56986815E+00
  0.00000000E+00 -2.43127157E+00
  0.00000000E+00 -2.42709587E+00
  0.00000000E+00 -2.28849930E+00
  0.00000000E+00 -2.28432360E+00
  0.00000000E+00 -2.14572702E+00
  0.00000000E+00 -2.14155132E+00
  0.00000000E+00 -2.00295474E+00
  0.00000000E+00 -1.99877904E+00
  0.00000000E+00 -1.86018246E+00
  0.00000000E+00 -1.85600676E+00
  0.00000000E+00 -1.71741019E+00
  0.00000000E+00 -1.71323449E+00
  0.00000000E+00 -1.57463791E+00
  0.00000000E+00 -1.57046221E+00
 -4.00000000E-04 -1.43192163E+00
 -4.00000000E-04 -1.42768993E+00
 -4.00000000E-04 -1.28914936E+00
 -4.00000000E-04 -1.28491766E+00
 -4.00000000E-04 -1.14637708E+00
 -4.00000000E-04 -1.14214538E+00
 -4.00000000E-04 -1.00360480E+00
 -4.00000000E-04 -9.99373101E-01
 -9.85519239E-01 -9.98749217E-01
 -9.89975553E-01 -9.98749217E-01
 -9.89975553E-01 -1.14214538E+00
 -9.89975553E-01 -1.28491766E+00
 -9.89975553E-01 -1.42768993E+00
 -9.89975553E-01 -1.57046221E+00
 -9.89975553E-01 -1.71323449E+00
 -9.89975553E-01 -1.85600676E+00
 -9.89975553E-01 -1.99877904E+00
 -9.89975553E-01 -2.14155132E+00
 -9.89975553E-01 -2.28432360E+00
 -9.89975553E-01 -2.42709587E+00
 -9.89975553E-01 -2.56986815E+00
 -9.89975553E-01 -2.71264043E+00
 -9.89975553E-01 -2.85541271E+00
 -9.89975553E-01 -2.99818498E+00
 -9.89975553E-01 -3.14095726E+00
 -9.89975553E-01 -3.28372954E+00
 -9.89975553E-01 -3.42650181E+00

w:2107/ x(   0.2270000E+01) y(  -0.2967894E+01) ix(2) iy(2) s(   0.7000E+00)

h: x ny1,0  y2=[y1](3D printer - PLA),ic[orange]
 -1.000000E+00 -1.000000E+00

hb:   line clip z   cb(orange)
clip:
  1.90158620E+00 -3.45000000E+00
  2.23727457E+00 -3.45000000E+00
  2.67000000E+00 -3.42650181E+00
  2.67000000E+00 -3.34242207E+00
  2.67000000E+00 -3.28372954E+00
  2.67000000E+00 -3.19964979E+00
  2.67000000E+00 -3.14095726E+00
  2.67000000E+00 -3.05687751E+00
  2.67000000E+00 -2.99818498E+00
  2.67000000E+00 -2.91410524E+00
  2.67000000E+00 -2.85541271E+00
  2.67000000E+00 -2.77133296E+00
  2.67000000E+00 -2.71264043E+00
  2.67000000E+00 -2.62856068E+00
  2.67000000E+00 -2.56986815E+00
  2.67000000E+00 -2.48578840E+00
  2.06943039E+00 -2.50000000E+00
  1.87000000E+00 -2.54194790E+00
  1.87000000E+00 -2.56986815E+00
  1.87000000E+00 -2.59778840E+00
  1.87000000E+00 -2.71264043E+00
  1.87000000E+00 -2.74056068E+00
  1.87000000E+00 -2.85541271E+00
  1.87000000E+00 -2.88333296E+00
  1.87000000E+00 -2.99818498E+00
  1.87000000E+00 -3.02610524E+00
  1.87000000E+00 -3.14095726E+00
  1.87000000E+00 -3.16887751E+00
  1.87000000E+00 -3.28372954E+00
  1.87000000E+00 -3.31164979E+00
  1.87000000E+00 -3.42650181E+00

w:2300/ x(   0.3468675E+02) y(   0.0000000E+00) ix(2) iy(2) s(   0.7000E+00)

hb:   line clip z   cb(cyan)
clip:
  3.45835000E+01 -3.44324494E+00
  3.47030938E+01 -3.49964284E+00
  3.47900000E+01 -3.43866869E+00
  3.47900000E+01 -3.42650181E+00
  3.47900000E+01 -3.41433494E+00
  3.47900000E+01 -3.28372954E+00
  3.47900000E+01 -3.27156266E+00
  3.47900000E+01 -3.14095726E+00
  3.47900000E+01 -3.12879039E+00
  3.47900000E+01 -2.99818498E+00
  3.47900000E+01 -2.98601811E+00
  3.47900000E+01 -2.85541271E+00
  3.47900000E+01 -2.84324583E+00
  3.47900000E+01 -2.71264043E+00
  3.47900000E+01 -2.70047355E+00
  3.47900000E+01 -2.56986815E+00
  3.47900000E+01 -2.55770128E+00
  3.47900000E+01 -2.42709587E+00
  3.47900000E+01 -2.41492900E+00
  3.47900000E+01 -2.28432360E+00
  3.47900000E+01 -2.27215672E+00
  3.47900000E+01 -2.14155132E+00
  3.47900000E+01 -2.12938444E+00
  3.47900000E+01 -1.99877904E+00
  3.47900000E+01 -1.98661217E+00
  3.47900000E+01 -1.85600676E+00
  3.47900000E+01 -1.84383989E+00
  3.47900000E+01 -1.71323449E+00
  3.47900000E+01 -1.70106761E+00
  3.47900000E+01 -1.57046221E+00
  3.47900000E+01 -1.55829534E+00
  3.47900000E+01 -1.42768993E+00
  3.47900000E+01 -1.41552306E+00
  3.47900000E+01 -1.28491766E+00
  3.47900000E+01 -1.27275078E+00
  3.47900000E+01 -1.14214538E+00
  3.47900000E+01 -1.12997850E+00
  3.47900000E+01 -9.99373101E-01
  3.47900000E+01 -9.87206227E-01
  3.47900000E+01 -8.56600824E-01
  3.47900000E+01 -8.44433949E-01
  3.47900000E+01 -7.13828547E-01
  3.47900000E+01 -7.01661672E-01
  3.47900000E+01 -5.71056269E-01
  3.47900000E+01 -5.58889395E-01
  3.47900000E+01 -4.28283992E-01
  3.47900000E+01 -4.16117118E-01
  3.47900000E+01 -2.85511715E-01
  3.47900000E+01 -2.73344840E-01
  3.47900000E+01 -1.42739438E-01
  3.47900000E+01 -1.30572563E-01
  3.47900000E+01  3.28395046E-05
  3.47900000E+01  1.21997140E-02
  3.47900000E+01  1.42805117E-01
  3.47900000E+01  1.54971991E-01
  3.47900000E+01  2.85577394E-01
  3.47900000E+01  2.97744268E-01
  3.47900000E+01  4.28349671E-01
  3.47900000E+01  4.40516546E-01
  3.47900000E+01  5.71121948E-01
  3.47900000E+01  5.83288823E-01
  3.47900000E+01  7.13894226E-01
  3.47900000E+01  7.26061100E-01
  3.47900000E+01  8.56666503E-01
  3.47900000E+01  8.68833377E-01
  3.47900000E+01  9.99438780E-01
  3.47900000E+01  1.01160565E+00
  3.47900000E+01  1.14221106E+00
  3.47900000E+01  1.15437793E+00
  3.47900000E+01  1.28498333E+00
  3.47900000E+01  1.29715021E+00
  3.47900000E+01  1.42775561E+00
  3.47900000E+01  1.43992249E+00
  3.47900000E+01  1.57052789E+00
  3.47900000E+01  1.58269476E+00
  3.47900000E+01  1.71330017E+00
  3.47900000E+01  1.72546704E+00
  3.47900000E+01  1.85607244E+00
  3.47900000E+01  1.86823932E+00
  3.47900000E+01  1.99884472E+00
  3.47900000E+01  2.01101160E+00
  3.47900000E+01  2.14161700E+00
  3.47900000E+01  2.15378387E+00
  3.47900000E+01  2.28438928E+00
  3.47900000E+01  2.29655615E+00
  3.47900000E+01  2.42716155E+00
  3.47900000E+01  2.43932843E+00
  3.47900000E+01  2.56993383E+00
  3.47900000E+01  2.58210070E+00
  3.47900000E+01  2.71270611E+00
  3.47900000E+01  2.72487298E+00
  3.47900000E+01  2.85547838E+00
  3.47900000E+01  2.86764526E+00
  3.47900000E+01  2.99825066E+00
  3.47900000E+01  3.01041754E+00
  3.47900000E+01  3.14102294E+00
  3.47900000E+01  3.15318981E+00
  3.47900000E+01  3.28379522E+00
  3.47900000E+01  3.29596209E+00
  3.47900000E+01  3.42656749E+00
  3.47900000E+01  3.43873437E+00
  3.47030938E+01  3.49964284E+00
  3.45835000E+01  3.44331062E+00
  3.45835000E+01 -3.42650181E+00

w:2203/ x(   0.7150000E+01) y(  -0.2362279E+01) ix(2) iy(2) s(   0.7000E+00)

hb:   line clip z   cb(lightgray)
clip:
  7.00000000E+00 -3.16453890E+00
  7.16844029E+00 -3.25000000E+00
  7.30000000E+00 -3.15937562E+00
  7.30000000E+00 -3.14095726E+00
  7.30000000E+00 -3.12253890E+00
  7.30000000E+00 -2.99818498E+00
  7.30000000E+00 -2.97976662E+00
  7.30000000E+00 -2.85541271E+00
  7.30000000E+00 -2.83699435E+00
  7.30000000E+00 -2.71264043E+00
  7.30000000E+00 -2.69422207E+00
  7.30000000E+00 -2.56986815E+00
  7.30000000E+00 -2.55144979E+00
  7.30000000E+00 -2.42709587E+00
  7.30000000E+00 -2.40867751E+00
  7.30000000E+00 -2.28432360E+00
  7.30000000E+00 -2.26590524E+00
  7.30000000E+00 -2.14155132E+00
  7.30000000E+00 -2.12313296E+00
  7.30000000E+00 -1.99877904E+00
  7.30000000E+00 -1.98036068E+00
  7.30000000E+00 -1.85600676E+00
  7.30000000E+00 -1.83758840E+00
  7.30000000E+00 -1.71323449E+00
  7.30000000E+00 -1.69481613E+00
  7.30000000E+00 -1.57046221E+00
  7.30000000E+00 -1.55204385E+00
  7.16844029E+00 -1.47455756E+00
  7.00000000E+00 -1.54688057E+00
  7.00000000E+00 -3.14095726E+00

w:2101/ x(   0.1995000E+01) y(  -0.1749375E+01) ix(2) iy(2) s(   0.7000E+00)

hb:   line clip z   cb(lightgray)
clip:
  1.87000000E+00 -2.45501613E+00
  2.06943039E+00 -2.50000000E+00
  2.12000000E+00 -2.43417562E+00
  2.12000000E+00 -2.42709587E+00
  2.12000000E+00 -2.42001613E+00
  2.12000000E+00 -2.28432360E+00
  2.12000000E+00 -2.27724385E+00
  2.12000000E+00 -2.14155132E+00
  2.12000000E+00 -2.13447157E+00
  2.12000000E+00 -1.99877904E+00
  2.12000000E+00 -1.99169930E+00
  2.12000000E+00 -1.85600676E+00
  2.12000000E+00 -1.84892702E+00
  2.12000000E+00 -1.71323449E+00
  2.12000000E+00 -1.70615474E+00
  2.12000000E+00 -1.57046221E+00
  2.12000000E+00 -1.56338246E+00
  2.12000000E+00 -1.42768993E+00
  2.12000000E+00 -1.42061019E+00
  2.12000000E+00 -1.28491766E+00
  2.12000000E+00 -1.27783791E+00
  2.12000000E+00 -1.14214538E+00
  2.12000000E+00 -1.13506563E+00
  2.12000000E+00 -9.99373101E-01
  2.07388670E+00 -9.98749217E-01
  2.06943039E+00 -9.98749217E-01
  2.06497407E+00 -9.98749217E-01
  1.87000000E+00 -9.99373101E-01
  1.87000000E+00 -2.42709587E+00

w:2603/ x(   0.1940000E+02) y(  -0.2374722E+01) ix(2) iy(2) s(   0.7000E+00)

hb:   line clip z   cb(orange)
clip:
  1.89000000E+01 -2.49794484E+00
  1.99000000E+01 -2.49624691E+00
  1.99000000E+01 -2.42709587E+00
  1.99000000E+01 -2.35794484E+00
  1.99000000E+01 -2.28432360E+00
  1.96552013E+01 -2.24944438E+00
  1.94060641E+01 -2.24944438E+00
  1.91569268E+01 -2.24944438E+00
  1.89000000E+01 -2.28432360E+00
  1.89000000E+01 -2.35517256E+00
  1.89000000E+01 -2.42709587E+00

w:2502/ x(   0.1007001E+03) y(  -0.2038096E+01) ix(2) iy(2) s(   0.7000E+00)

hb:   line clip z   cb(lightgray)
frame:
  1.2223444E-04 -6.9999675E+00
  1.0000012E+02 -6.9999675E+00
  1.0000012E+02  7.0000325E+00
  1.2223444E-04  7.0000325E+00
clip:
  1.00410000E+02 -2.50832702E+00
  1.00990222E+02 -2.54950976E+00
  1.00990222E+02 -2.42709587E+00
  1.00990222E+02 -2.28432360E+00
  1.00990222E+02 -2.14155132E+00
  1.00990222E+02 -1.99877904E+00
  1.00990222E+02 -1.85600676E+00
  1.00990222E+02 -1.71323449E+00
  1.00990222E+02 -1.57046221E+00
  1.00990222E+02 -1.52668145E+00
  1.00850000E+02 -1.55083106E+00
  1.00850000E+02 -1.73286563E+00
  1.00610000E+02 -1.85600676E+00
  1.00610000E+02 -1.99877904E+00
  1.00410000E+02 -2.08001019E+00
  1.00410000E+02 -2.42709587E+00

w:2607/ x(   0.1940000E+02) y(  -0.2127222E+01) ix(2) iy(2) s(   0.7000E+00)

hb:   line clip z   cb(cyan)
clip:
  1.93200000E+01 -2.15360029E+00
  1.94060641E+01 -2.24944438E+00
  1.94800000E+01 -2.15190235E+00
  1.94800000E+01 -2.14155132E+00
  1.94800000E+01 -2.13120029E+00
  1.94060641E+01 -2.00500000E+00
  1.93200000E+01 -2.12950235E+00
  1.93200000E+01 -2.14155132E+00

w:2606/ x(   0.1941000E+02) y(  -0.1892065E+01) ix(2) iy(2) s(   0.7000E+00)

hb:   line clip z   cb(orange)
clip:
  1.94000000E+01 -1.99962801E+00
  1.94060641E+01 -2.00500000E+00
  1.94800000E+01 -2.00913007E+00
  1.94800000E+01 -1.99877904E+00
  1.94800000E+01 -1.98842801E+00
  1.94800000E+01 -1.85600676E+00
  1.94800000E+01 -1.84565573E+00
  1.94060641E+01 -1.77500000E+00
  1.93600000E+01 -1.84955780E+00
  1.93400000E+01 -1.85600676E+00
  1.93400000E+01 -1.86525573E+00
  1.94000000E+01 -1.99877904E+00

w:2607/ x(   0.1940000E+02) y(  -0.1575000E+01) ix(2) iy(2) s(   0.7000E+00)

hb:   line clip z   cb(cyan)
clip:
  1.93200000E+01 -1.72528345E+00
  1.94060641E+01 -1.77500000E+00
  1.94400000E+01 -1.71798552E+00
  1.94600000E+01 -1.70568345E+00
  1.94800000E+01 -1.57046221E+00
  1.94800000E+01 -1.56011118E+00
  1.94400000E+01 -1.42768993E+00
  1.94400000E+01 -1.42293890E+00
  1.94060641E+01 -1.37500000E+00
  1.93200000E+01 -1.41564097E+00
  1.93200000E+01 -1.42768993E+00
  1.93200000E+01 -1.43973890E+00
  1.93200000E+01 -1.57046221E+00
  1.93200000E+01 -1.58251118E+00
  1.93200000E+01 -1.71323449E+00

w:2500/ x(   0.1002919E+03) y(   0.0000000E+00) ix(2) iy(2) s(   0.7000E+00)

hb:   line clip z   cb(cyan)
clip:
  9.99630170E+01 -1.71427098E+00
  1.00460147E+02 -1.71323449E+00
  1.00460147E+02 -1.64467275E+00
  1.00460147E+02 -1.57046221E+00
  1.00663895E+02 -1.42768993E+00
  1.00663895E+02 -1.28491766E+00
  1.00721154E+02 -1.14214538E+00
  1.00721154E+02 -8.56600824E-01
  1.00733900E+02 -7.13828547E-01
  1.00733900E+02  8.20781358E-01
  1.00721154E+02  9.61769264E-01
  1.00721154E+02  1.14221106E+00
  1.00663895E+02  1.28498333E+00
  1.00663895E+02  1.42775561E+00
  1.00460147E+02  1.49631735E+00
  1.00460147E+02  1.71330017E+00
  9.99773549E+01  1.71427098E+00
  9.99704205E+01  1.71427098E+00
  9.99634861E+01  1.71427098E+00
  9.98500000E+01  1.71330017E+00
  9.98500000E+01  1.69644130E+00
  9.98500000E+01  1.57052789E+00
  9.98500000E+01  1.55366902E+00
  9.98500000E+01  1.42775561E+00
  9.98500000E+01  1.41089674E+00
  9.98500000E+01  1.28498333E+00
  9.98500000E+01  1.26812447E+00
  9.98500000E+01  1.14221106E+00
  9.98500000E+01  1.12535219E+00
  9.98500000E+01  9.99438780E-01
  9.98500000E+01  9.82579912E-01
  9.98500000E+01  8.56666503E-01
  9.98500000E+01  8.39807635E-01
  9.98500000E+01  7.13894226E-01
  9.98500000E+01  6.97035358E-01
  9.98500000E+01  5.71121948E-01
  9.98500000E+01  5.54263080E-01
  9.98500000E+01  4.28349671E-01
  9.98500000E+01  4.11490803E-01
  9.98500000E+01  2.85577394E-01
  9.98500000E+01  2.68718526E-01
  9.98500000E+01  1.42805117E-01
  9.98500000E+01  1.25946249E-01
  9.98500000E+01  3.28395046E-05
  9.98500000E+01 -1.68260286E-02
  9.98500000E+01 -1.42739438E-01
  9.98500000E+01 -1.59598306E-01
  9.98500000E+01 -2.85511715E-01
  9.98500000E+01 -3.02370583E-01
  9.98500000E+01 -4.28283992E-01
  9.98500000E+01 -4.45142860E-01
  9.98500000E+01 -5.71056269E-01
  9.98500000E+01 -5.87915138E-01
  9.98500000E+01 -7.13828547E-01
  9.98500000E+01 -7.30687415E-01
  9.98500000E+01 -8.56600824E-01
  9.98500000E+01 -8.73459692E-01
  9.98500000E+01 -9.99373101E-01
  9.98500000E+01 -1.01623197E+00
  9.98500000E+01 -1.14214538E+00
  9.98500000E+01 -1.15900425E+00
  9.98500000E+01 -1.28491766E+00
  9.98500000E+01 -1.30177652E+00
  9.98500000E+01 -1.42768993E+00
  9.98500000E+01 -1.44454880E+00
  9.98500000E+01 -1.57046221E+00
  9.98500000E+01 -1.58732108E+00
  9.98500000E+01 -1.71323449E+00

w:2500/ x(   0.1009201E+03) y(   0.0000000E+00) ix(2) iy(2) s(   0.7000E+00)

hb:   line clip z   cb(cyan)
frame:
  1.2223444E-04 -6.9999675E+00
  1.0000012E+02 -6.9999675E+00
  1.0000012E+02  7.0000325E+00
  1.2223444E-04  7.0000325E+00
clip:
  1.00850000E+02 -1.44732108E+00
  1.00990222E+02 -1.52668145E+00
  1.00990222E+02 -1.42768993E+00
  1.00990222E+02 -1.28491766E+00
  1.00990222E+02 -1.14214538E+00
  1.00990222E+02 -9.99373101E-01
  1.00990222E+02 -8.56600824E-01
  1.00990222E+02 -7.13828547E-01
  1.00990222E+02 -5.71056269E-01
  1.00990222E+02 -4.28283992E-01
  1.00990222E+02 -2.85511715E-01
  1.00990222E+02 -1.42739438E-01
  1.00990222E+02  3.28395046E-05
  1.00990222E+02  1.42805117E-01
  1.00990222E+02  2.85577394E-01
  1.00990222E+02  4.28349671E-01
  1.00990222E+02  5.71121948E-01
  1.00990222E+02  7.13894226E-01
  1.00990222E+02  8.56666503E-01
  1.00990222E+02  9.99438780E-01
  1.00990222E+02  1.14221106E+00
  1.00990222E+02  1.28498333E+00
  1.00990222E+02  1.42775561E+00
  1.00990222E+02  1.52668145E+00
  1.00850000E+02  1.44738676E+00
  1.00850000E+02 -1.42768993E+00

w:2606/ x(   0.1940000E+02) y(  -0.1260000E+01) ix(2) iy(2) s(   0.7000E+00)

hb:   line clip z   cb(orange)
clip:
  1.93400000E+01 -1.29416662E+00
  1.94060641E+01 -1.37500000E+00
  1.94800000E+01 -1.29526869E+00
  1.94800000E+01 -1.28491766E+00
  1.94800000E+01 -1.27456662E+00
  1.94060641E+01 -1.14500000E+00
  1.93200000E+01 -1.27286869E+00
  1.93400000E+01 -1.28491766E+00

w:2607/ x(   0.1940000E+02) y(  -0.9495972E+00) ix(2) iy(2) s(   0.7000E+00)

hb:   line clip z   cb(cyan)
clip:
  1.93200000E+01 -1.15419435E+00
  1.94060641E+01 -1.14500000E+00
  1.94200000E+01 -1.14409641E+00
  1.94200000E+01 -1.14019435E+00
  1.94800000E+01 -9.99373101E-01
  1.94800000E+01 -9.89022068E-01
  1.94800000E+01 -8.56600824E-01
  1.94600000E+01 -8.49049791E-01
  1.94060641E+01 -7.45000000E-01
  1.93200000E+01 -8.44551857E-01
  1.93200000E+01 -8.56600824E-01
  1.93200000E+01 -8.68649791E-01
  1.93200000E+01 -9.99373101E-01
  1.93200000E+01 -1.01142207E+00
  1.93200000E+01 -1.14214538E+00

w:101/ x(  -0.4951878E+00) y(   0.0000000E+00) ix(2) iy(2) s(   0.7000E+00)

h: x ny1,0  y2=[y1](void),ic[lightgray]
 -1.000000E+00 -1.000000E+00

hb:   line clip z   cb(lightgray)
frame:
  1.2223444E-04 -6.9999675E+00
  1.0000012E+02 -6.9999675E+00
  1.0000012E+02  7.0000325E+00
  1.2223444E-04  7.0000325E+00
clip:
 -9.89975553E-01 -9.98749217E-01
 -4.00000000E-04 -9.95141401E-01
 -4.00000000E-04 -8.56600824E-01
 -4.00000000E-04 -7.18060246E-01
 -4.00000000E-04 -7.13828547E-01
 -4.00000000E-04 -5.75287969E-01
 -4.00000000E-04 -5.71056269E-01
 -4.00000000E-04 -4.32515692E-01
 -4.00000000E-04 -4.28283992E-01
 -4.00000000E-04 -2.89743415E-01
 -4.00000000E-04 -2.85511715E-01
 -4.00000000E-04 -1.46971138E-01
 -4.00000000E-04 -1.42739438E-01
 -4.00000000E-04 -4.19886029E-03
 -4.00000000E-04  3.28395046E-05
 -4.00000000E-04  1.38573417E-01
 -4.00000000E-04  1.42805117E-01
 -4.00000000E-04  2.81345694E-01
 -4.00000000E-04  2.85577394E-01
 -4.00000000E-04  4.24117971E-01
 -4.00000000E-04  4.28349671E-01
 -4.00000000E-04  5.66890249E-01
 -4.00000000E-04  5.71121948E-01
 -4.00000000E-04  7.09662526E-01
 -4.00000000E-04  7.13894226E-01
 -4.00000000E-04  8.52434803E-01
 -4.00000000E-04  8.56666503E-01
 -4.00000000E-04  9.95207080E-01
 -9.89975553E-01  9.98749217E-01
 -9.89975553E-01  8.56666503E-01
 -9.89975553E-01  7.13894226E-01
 -9.89975553E-01  5.71121948E-01
 -9.89975553E-01  4.28349671E-01
 -9.89975553E-01  2.85577394E-01
 -9.89975553E-01  1.42805117E-01
 -9.89975553E-01  3.28395046E-05
 -9.89975553E-01 -1.42739438E-01
 -9.89975553E-01 -2.85511715E-01
 -9.89975553E-01 -4.28283992E-01
 -9.89975553E-01 -5.71056269E-01
 -9.89975553E-01 -7.13828547E-01
 -9.89975553E-01 -8.56600824E-01

w:2104/ x(   0.1995000E+01) y(   0.0000000E+00) ix(2) iy(2) s(   0.7000E+00)

hb:   line clip z   cb(lightgray)
clip:
  1.87000000E+00 -8.84521078E-01
  2.06943039E+00 -9.98749217E-01
  2.12000000E+00 -8.63680570E-01
  2.12000000E+00 -8.56600824E-01
  2.12000000E+00 -8.49521078E-01
  2.12000000E+00 -7.13828547E-01
  2.12000000E+00 -7.06748801E-01
  2.12000000E+00 -5.71056269E-01
  2.12000000E+00 -5.63976524E-01
  2.12000000E+00 -4.28283992E-01
  2.12000000E+00 -4.21204246E-01
  2.12000000E+00 -2.85511715E-01
  2.12000000E+00 -2.78431969E-01
  2.12000000E+00 -1.42739438E-01
  2.12000000E+00 -1.35659692E-01
  2.12000000E+00  3.28395046E-05
  2.12000000E+00  7.11258526E-03
  2.12000000E+00  1.42805117E-01
  2.12000000E+00  1.49884862E-01
  2.12000000E+00  2.85577394E-01
  2.12000000E+00  2.92657140E-01
  2.12000000E+00  4.28349671E-01
  2.12000000E+00  4.35429417E-01
  2.12000000E+00  5.71121948E-01
  2.12000000E+00  5.78201694E-01
  2.12000000E+00  7.13894226E-01
  2.12000000E+00  7.20973971E-01
  2.12000000E+00  8.56666503E-01
  2.12000000E+00  8.63746249E-01
  2.06943039E+00  9.98749217E-01
  1.87000000E+00  8.84586757E-01
  1.87000000E+00 -8.56600824E-01

w:2606/ x(   0.1942000E+02) y(  -0.6300000E+00) ix(2) iy(2) s(   0.7000E+00)

hb:   line clip z   cb(orange)
clip:
  1.93800000E+01 -7.17477514E-01
  1.94060641E+01 -7.45000000E-01
  1.94800000E+01 -7.24179580E-01
  1.94800000E+01 -7.13828547E-01
  1.94800000E+01 -7.03477514E-01
  1.94800000E+01 -5.71056269E-01
  1.94800000E+01 -5.60705237E-01
  1.94060641E+01 -5.15000000E-01
  1.93628050E+01 -5.65000000E-01
  1.93600000E+01 -5.77505237E-01
  1.93800000E+01 -7.13828547E-01

w:2607/ x(   0.1940000E+02) y(  -0.3150000E+00) ix(2) iy(2) s(   0.7000E+00)

hb:   line clip z   cb(cyan)
clip:
  1.93200000E+01 -4.40332959E-01
  1.94060641E+01 -5.15000000E-01
  1.94600000E+01 -4.35835025E-01
  1.94600000E+01 -4.28283992E-01
  1.94600000E+01 -4.20732959E-01
  1.94800000E+01 -2.85511715E-01
  1.94800000E+01 -2.75160682E-01
  1.94200000E+01 -1.42739438E-01
  1.94200000E+01 -1.40788405E-01
  1.94060641E+01 -1.15000000E-01
  1.93200000E+01 -1.30690471E-01
  1.93200000E+01 -4.28283992E-01

w:2606/ x(   0.1940000E+02) y(   0.0000000E+00) ix(2) iy(2) s(   0.7000E+00)

hb:   line clip z   cb(orange)
clip:
  1.93200000E+01 -1.20161276E-02
  1.94060641E+01 -1.15000000E-01
  1.94800000E+01 -1.03181934E-02
  1.94800000E+01  3.28395046E-05
  1.94800000E+01  1.03838724E-02
  1.94060641E+01  1.15000000E-01
  1.93200000E+01  1.20818066E-02
  1.93200000E+01  3.28395046E-05

w:2607/ x(   0.1940000E+02) y(   0.3150000E+00) ix(2) iy(2) s(   0.7000E+00)

hb:   line clip z   cb(cyan)
clip:
  1.93200000E+01  1.30756150E-01
  1.94060641E+01  1.15000000E-01
  1.94200000E+01  1.40854084E-01
  1.94200000E+01  1.42805117E-01
  1.94800000E+01  2.85577394E-01
  1.94600000E+01  4.28349671E-01
  1.94060641E+01  5.15000000E-01
  1.93200000E+01  4.40398638E-01
  1.93200000E+01  4.28349671E-01
  1.93200000E+01  4.16300704E-01
  1.93200000E+01  2.85577394E-01
  1.93200000E+01  2.73528427E-01
  1.93200000E+01  1.42805117E-01

w:2606/ x(   0.1942000E+02) y(   0.6300000E+00) ix(2) iy(2) s(   0.7000E+00)

hb:   line clip z   cb(orange)
clip:
  1.93623358E+01  5.65000000E-01
  1.94060641E+01  5.15000000E-01
  1.94800000E+01  5.60770916E-01
  1.94800000E+01  5.71121948E-01
  1.94800000E+01  5.81472981E-01
  1.94800000E+01  7.13894226E-01
  1.94800000E+01  7.24245259E-01
  1.94060641E+01  7.45000000E-01
  1.93800000E+01  7.13894226E-01
  1.93600000E+01  5.71121948E-01

w:2607/ x(   0.1940000E+02) y(   0.9496300E+00) ix(2) iy(2) s(   0.7000E+00)

hb:   line clip z   cb(cyan)
clip:
  1.93200000E+01  8.44617536E-01
  1.94060641E+01  7.45000000E-01
  1.94600000E+01  8.49115470E-01
  1.94800000E+01  8.56666503E-01
  1.94800000E+01  8.67017536E-01
  1.94800000E+01  9.99438780E-01
  1.94800000E+01  1.00978981E+00
  1.94200000E+01  1.14221106E+00
  1.94200000E+01  1.14416209E+00
  1.94060641E+01  1.14500000E+00
  1.93200000E+01  1.14221106E+00
  1.93200000E+01  1.13016209E+00
  1.93200000E+01  9.99438780E-01
  1.93200000E+01  9.87389813E-01
  1.93200000E+01  8.56666503E-01

w:102/ x(  -0.4949878E+00) y(   0.2249196E+01) ix(2) iy(2) s(   0.7000E+00)

hb:   line clip z   cb(gray)
frame:
  1.2223444E-04 -6.9999675E+00
  1.0000012E+02 -6.9999675E+00
  1.0000012E+02  7.0000325E+00
  1.2223444E-04  7.0000325E+00
clip:
 -9.89975553E-01  9.98749217E-01
 -4.00000000E-04  9.99438780E-01
 -4.00000000E-04  1.13797936E+00
 -4.00000000E-04  1.14221106E+00
 -4.00000000E-04  1.28075163E+00
 -4.00000000E-04  1.28498333E+00
 -4.00000000E-04  1.42352391E+00
 -4.00000000E-04  1.42775561E+00
  0.00000000E+00  1.56635219E+00
  0.00000000E+00  1.57052789E+00
  0.00000000E+00  1.70912447E+00
  0.00000000E+00  1.71330017E+00
  0.00000000E+00  1.85189674E+00
  0.00000000E+00  1.85607244E+00
  0.00000000E+00  1.99466902E+00
  0.00000000E+00  1.99884472E+00
  0.00000000E+00  2.13744130E+00
  0.00000000E+00  2.14161700E+00
  0.00000000E+00  2.28021358E+00
  0.00000000E+00  2.28438928E+00
  0.00000000E+00  2.42298585E+00
  0.00000000E+00  2.42716155E+00
  0.00000000E+00  2.56575813E+00
  0.00000000E+00  2.56993383E+00
  0.00000000E+00  2.70853041E+00
  0.00000000E+00  2.71270611E+00
  0.00000000E+00  2.85130268E+00
  0.00000000E+00  2.85547838E+00
  0.00000000E+00  2.99407496E+00
  0.00000000E+00  2.99825066E+00
  0.00000000E+00  3.13684724E+00
  0.00000000E+00  3.14102294E+00
  0.00000000E+00  3.27961952E+00
  0.00000000E+00  3.28379522E+00
  0.00000000E+00  3.42239179E+00
  0.00000000E+00  3.42656749E+00
 -4.68008798E-01  3.49964284E+00
 -9.89975553E-01  3.49964284E+00
 -9.89975553E-01  3.42656749E+00
 -9.89975553E-01  3.28379522E+00
 -9.89975553E-01  3.14102294E+00
 -9.89975553E-01  2.99825066E+00
 -9.89975553E-01  2.85547838E+00
 -9.89975553E-01  2.71270611E+00
 -9.89975553E-01  2.56993383E+00
 -9.89975553E-01  2.42716155E+00
 -9.89975553E-01  2.28438928E+00
 -9.89975553E-01  2.14161700E+00
 -9.89975553E-01  1.99884472E+00
 -9.89975553E-01  1.85607244E+00
 -9.89975553E-01  1.71330017E+00
 -9.89975553E-01  1.57052789E+00
 -9.89975553E-01  1.42775561E+00
 -9.89975553E-01  1.28498333E+00
 -9.89975553E-01  1.14221106E+00
 -9.89975553E-01  9.99438780E-01

w:2101/ x(   0.1995000E+01) y(   0.1749375E+01) ix(2) iy(2) s(   0.7000E+00)

hb:   line clip z   cb(lightgray)
clip:
  2.06450494E+00  9.98749217E-01
  2.07435584E+00  9.98749217E-01
  2.12000000E+00  9.99438780E-01
  2.12000000E+00  1.00651853E+00
  2.12000000E+00  1.14221106E+00
  2.12000000E+00  1.14929080E+00
  2.12000000E+00  1.28498333E+00
  2.12000000E+00  1.29206308E+00
  2.12000000E+00  1.42775561E+00
  2.12000000E+00  1.43483536E+00
  2.12000000E+00  1.57052789E+00
  2.12000000E+00  1.57760763E+00
  2.12000000E+00  1.71330017E+00
  2.12000000E+00  1.72037991E+00
  2.12000000E+00  1.85607244E+00
  2.12000000E+00  1.86315219E+00
  2.12000000E+00  1.99884472E+00
  2.12000000E+00  2.00592447E+00
  2.12000000E+00  2.14161700E+00
  2.12000000E+00  2.14869674E+00
  2.12000000E+00  2.28438928E+00
  2.12000000E+00  2.29146902E+00
  2.12000000E+00  2.42716155E+00
  2.12000000E+00  2.43424130E+00
  2.06943039E+00  2.50000000E+00
  1.87000000E+00  2.45508181E+00
  1.87000000E+00  2.42716155E+00
  1.87000000E+00  2.39924130E+00
  1.87000000E+00  2.28438928E+00
  1.87000000E+00  2.25646902E+00
  1.87000000E+00  2.14161700E+00
  1.87000000E+00  2.11369674E+00
  1.87000000E+00  1.99884472E+00
  1.87000000E+00  1.97092447E+00
  1.87000000E+00  1.85607244E+00
  1.87000000E+00  1.82815219E+00
  1.87000000E+00  1.71330017E+00
  1.87000000E+00  1.68537991E+00
  1.87000000E+00  1.57052789E+00
  1.87000000E+00  1.54260763E+00
  1.87000000E+00  1.42775561E+00
  1.87000000E+00  1.39983536E+00
  1.87000000E+00  1.28498333E+00
  1.87000000E+00  1.25706308E+00
  1.87000000E+00  1.14221106E+00
  1.87000000E+00  1.11429080E+00
  1.87000000E+00  9.99438780E-01

w:2606/ x(   0.1940000E+02) y(   0.1260000E+01) ix(2) iy(2) s(   0.7000E+00)

hb:   line clip z   cb(orange)
clip:
  1.93200000E+01  1.27293437E+00
  1.94060641E+01  1.14500000E+00
  1.94800000E+01  1.27463230E+00
  1.94800000E+01  1.28498333E+00
  1.94800000E+01  1.29533437E+00
  1.94060641E+01  1.37500000E+00
  1.93400000E+01  1.28498333E+00

w:2607/ x(   0.1940000E+02) y(   0.1575000E+01) ix(2) iy(2) s(   0.7000E+00)

hb:   line clip z   cb(cyan)
clip:
  1.93200000E+01  1.41570664E+00
  1.94060641E+01  1.37500000E+00
  1.94400000E+01  1.42300458E+00
  1.94400000E+01  1.42775561E+00
  1.94400000E+01  1.43250664E+00
  1.94800000E+01  1.57052789E+00
  1.94800000E+01  1.58087892E+00
  1.94400000E+01  1.71330017E+00
  1.94400000E+01  1.71805120E+00
  1.94060641E+01  1.77500000E+00
  1.93200000E+01  1.72534913E+00
  1.93200000E+01  1.42775561E+00

w:2203/ x(   0.7150000E+01) y(   0.2362279E+01) ix(2) iy(2) s(   0.7000E+00)

hb:   line clip z   cb(lightgray)
clip:
  7.00000000E+00  1.54694625E+00
  7.16844029E+00  1.47455756E+00
  7.30000000E+00  1.55210953E+00
  7.30000000E+00  1.57052789E+00
  7.30000000E+00  1.58894625E+00
  7.30000000E+00  1.71330017E+00
  7.30000000E+00  1.73171853E+00
  7.30000000E+00  1.85607244E+00
  7.30000000E+00  1.87449080E+00
  7.30000000E+00  1.99884472E+00
  7.30000000E+00  2.01726308E+00
  7.30000000E+00  2.14161700E+00
  7.30000000E+00  2.16003536E+00
  7.30000000E+00  2.28438928E+00
  7.30000000E+00  2.30280763E+00
  7.30000000E+00  2.42716155E+00
  7.30000000E+00  2.44557991E+00
  7.30000000E+00  2.56993383E+00
  7.30000000E+00  2.58835219E+00
  7.30000000E+00  2.71270611E+00
  7.30000000E+00  2.73112447E+00
  7.30000000E+00  2.85547838E+00
  7.30000000E+00  2.87389674E+00
  7.30000000E+00  2.99825066E+00
  7.30000000E+00  3.01666902E+00
  7.30000000E+00  3.14102294E+00
  7.30000000E+00  3.15944130E+00
  7.16844029E+00  3.25000000E+00
  7.00000000E+00  3.16460458E+00
  7.00000000E+00  1.57052789E+00

w:2502/ x(   0.1007001E+03) y(   0.2038096E+01) ix(2) iy(2) s(   0.7000E+00)

hb:   line clip z   cb(lightgray)
frame:
  1.2223444E-04 -6.9999675E+00
  1.0000012E+02 -6.9999675E+00
  1.0000012E+02  7.0000325E+00
  1.2223444E-04  7.0000325E+00
clip:
  1.00850000E+02  1.55089674E+00
  1.00990222E+02  1.52668145E+00
  1.00990222E+02  1.57052789E+00
  1.00990222E+02  1.71330017E+00
  1.00990222E+02  1.85607244E+00
  1.00990222E+02  1.99884472E+00
  1.00990222E+02  2.14161700E+00
  1.00990222E+02  2.28438928E+00
  1.00990222E+02  2.42716155E+00
  1.00990222E+02  2.54950976E+00
  1.00410000E+02  2.50839270E+00
  1.00410000E+02  2.42716155E+00
  1.00410000E+02  2.34593041E+00
  1.00410000E+02  2.28438928E+00
  1.00410000E+02  2.20315813E+00
  1.00410000E+02  2.14161700E+00
  1.00610000E+02  1.99884472E+00
  1.00610000E+02  1.85607244E+00
  1.00799111E+02  1.82931681E+00
  1.00850000E+02  1.69366902E+00
  1.00850000E+02  1.57052789E+00

w:2606/ x(   0.1941000E+02) y(   0.1892098E+01) ix(2) iy(2) s(   0.7000E+00)

hb:   line clip z   cb(orange)
clip:
  1.93600000E+01  1.84962348E+00
  1.94060641E+01  1.77500000E+00
  1.94800000E+01  1.84572141E+00
  1.94800000E+01  1.85607244E+00
  1.94800000E+01  1.86642348E+00
  1.94800000E+01  1.99884472E+00
  1.94800000E+01  2.00919575E+00
  1.94060641E+01  2.00500000E+00
  1.94000000E+01  1.99799575E+00
  1.93400000E+01  1.85607244E+00

w:2607/ x(   0.1940000E+02) y(   0.2127222E+01) ix(2) iy(2) s(   0.7000E+00)

hb:   line clip z   cb(cyan)
clip:
  1.93200000E+01  2.12956803E+00
  1.94060641E+01  2.00500000E+00
  1.94800000E+01  2.13126597E+00
  1.94800000E+01  2.14161700E+00
  1.94800000E+01  2.15196803E+00
  1.94060641E+01  2.24944438E+00
  1.93200000E+01  2.15366597E+00
  1.93200000E+01  2.14161700E+00

w:2603/ x(   0.1940000E+02) y(   0.2374722E+01) ix(2) iy(2) s(   0.7000E+00)

hb:   line clip z   cb(orange)
clip:
  1.91564576E+01  2.24944438E+00
  1.96556705E+01  2.24944438E+00
  1.99000000E+01  2.28438928E+00
  1.99000000E+01  2.35354031E+00
  1.99000000E+01  2.42716155E+00
  1.99000000E+01  2.49631259E+00
  1.94060641E+01  2.50000000E+00
  1.89000000E+01  2.49801052E+00
  1.89000000E+01  2.42716155E+00
  1.89000000E+01  2.35631259E+00
  1.89000000E+01  2.28438928E+00

w:2107/ x(   0.2270000E+01) y(   0.2967927E+01) ix(2) iy(2) s(   0.7000E+00)

hb:   line clip z   cb(orange)
clip:
  1.87000000E+00  2.54201358E+00
  2.06943039E+00  2.50000000E+00
  2.67000000E+00  2.48585408E+00
  2.67000000E+00  2.56993383E+00
  2.67000000E+00  2.65401358E+00
  2.67000000E+00  2.71270611E+00
  2.67000000E+00  2.79678585E+00
  2.67000000E+00  2.85547838E+00
  2.67000000E+00  2.93955813E+00
  2.67000000E+00  2.99825066E+00
  2.67000000E+00  3.08233041E+00
  2.67000000E+00  3.14102294E+00
  2.67000000E+00  3.22510268E+00
  2.67000000E+00  3.28379522E+00
  2.67000000E+00  3.36787496E+00
  2.67000000E+00  3.42656749E+00
  2.23680544E+00  3.45000000E+00
  2.06943039E+00  3.45000000E+00
  1.90205534E+00  3.45000000E+00
  1.87000000E+00  3.39864724E+00
  1.87000000E+00  3.28379522E+00
  1.87000000E+00  2.56993383E+00

w:2602/ x(   0.1961500E+02) y(   0.4819323E+01) ix(2) iy(2) s(   0.7000E+00)

hb:   line clip z   cb(lightgray)
frame:
  1.2223444E-04 -6.9999675E+00
  1.0000012E+02 -6.9999675E+00
  1.0000012E+02  7.0000325E+00
  1.2223444E-04  7.0000325E+00
clip:
  1.94000000E+01  2.56908486E+00
  1.94060641E+01  2.50000000E+00
  1.98300000E+01  2.51058280E+00
  1.98300000E+01  2.56993383E+00
  1.98300000E+01  2.62928486E+00
  1.98300000E+01  2.71270611E+00
  1.98300000E+01  2.77205714E+00
  1.98300000E+01  2.85547838E+00
  1.98300000E+01  2.91482942E+00
  1.98300000E+01  2.99825066E+00
  1.98300000E+01  3.05760169E+00
  1.98300000E+01  3.14102294E+00
  1.98300000E+01  3.20037397E+00
  1.98300000E+01  3.28379522E+00
  1.98300000E+01  3.34314625E+00
  1.98300000E+01  3.42656749E+00
  1.98300000E+01  3.48591853E+00
  1.98300000E+01  3.56933977E+00
  1.98300000E+01  3.62869080E+00
  1.98300000E+01  3.71211205E+00
  1.98300000E+01  3.77146308E+00
  1.98300000E+01  3.85488432E+00
  1.98300000E+01  3.91423536E+00
  1.98300000E+01  3.99765660E+00
  1.98300000E+01  4.05700763E+00
  1.98300000E+01  4.14042888E+00
  1.98300000E+01  4.19977991E+00
  1.98300000E+01  4.28320116E+00
  1.98300000E+01  4.34255219E+00
  1.98300000E+01  4.42597343E+00
  1.98300000E+01  4.48532447E+00
  1.98300000E+01  4.56874571E+00
  1.98300000E+01  4.62809674E+00
  1.98300000E+01  4.71151799E+00
  1.98300000E+01  4.77086902E+00
  1.98300000E+01  4.85429027E+00
  1.98300000E+01  4.91364130E+00
  1.98300000E+01  4.99706254E+00
  1.98300000E+01  5.05641358E+00
  1.98300000E+01  5.13983482E+00
  1.98300000E+01  5.19918585E+00
  1.98300000E+01  5.28260710E+00
  1.98300000E+01  5.34195813E+00
  1.98300000E+01  5.42537937E+00
  1.98300000E+01  5.48473041E+00
  1.98300000E+01  5.56815165E+00
  1.98300000E+01  5.62750268E+00
  1.98300000E+01  5.71092393E+00
  1.98300000E+01  5.77027496E+00
  1.98300000E+01  5.85369621E+00
  1.98300000E+01  5.91304724E+00
  1.98300000E+01  5.99646848E+00
  1.98300000E+01  6.05581952E+00
  1.98300000E+01  6.13924076E+00
  1.98300000E+01  6.19859179E+00
  1.98300000E+01  6.28201304E+00
  1.98300000E+01  6.34136407E+00
  1.98300000E+01  6.42478531E+00
  1.98300000E+01  6.48413635E+00
  1.98300000E+01  6.56755759E+00
  1.98300000E+01  6.62690862E+00
  1.98300000E+01  6.71032987E+00
  1.98300000E+01  6.76968090E+00
  1.98300000E+01  6.85310215E+00
  1.98300000E+01  6.91245318E+00
  1.98300000E+01  6.99587442E+00
  1.98300000E+01  7.05522546E+00
  1.98300000E+01  7.13864670E+00
  1.94060641E+01  7.13864670E+00
  1.94000000E+01  6.99587442E+00
  1.94000000E+01  2.56993383E+00

w:2501/ x(   0.1008451E+03) y(   0.4609661E+01) ix(2) iy(2) s(   0.7000E+00)

hb:   line clip z   cb(lightgray)
frame:
  1.2223444E-04 -6.9999675E+00
  1.0000012E+02 -6.9999675E+00
  1.0000012E+02  7.0000325E+00
  1.2223444E-04  7.0000325E+00
clip:
  1.00844336E+02  2.54950976E+00
  1.00990222E+02  2.54950976E+00
  1.00990222E+02  2.56993383E+00
  1.00990222E+02  2.71270611E+00
  1.00990222E+02  2.85547838E+00
  1.00990222E+02  2.99825066E+00
  1.00990222E+02  3.14102294E+00
  1.00990222E+02  3.28379522E+00
  1.00990222E+02  3.42656749E+00
  1.00990222E+02  3.56933977E+00
  1.00990222E+02  3.71211205E+00
  1.00990222E+02  3.85488432E+00
  1.00990222E+02  3.99765660E+00
  1.00990222E+02  4.14042888E+00
  1.00990222E+02  4.28320116E+00
  1.00990222E+02  4.42597343E+00
  1.00990222E+02  4.56874571E+00
  1.00990222E+02  4.71151799E+00
  1.00990222E+02  4.85429027E+00
  1.00990222E+02  4.99706254E+00
  1.00990222E+02  5.13983482E+00
  1.00990222E+02  5.28260710E+00
  1.00990222E+02  5.42537937E+00
  1.00990222E+02  5.56815165E+00
  1.00990222E+02  5.71092393E+00
  1.00990222E+02  5.85369621E+00
  1.00990222E+02  5.99646848E+00
  1.00990222E+02  6.13924076E+00
  1.00990222E+02  6.28201304E+00
  1.00990222E+02  6.42478531E+00
  1.00990222E+02  6.56755759E+00
  1.00990222E+02  6.66981259E+00
  1.00700000E+02  6.60818874E+00
  1.00700000E+02  6.56755759E+00
  1.00700000E+02  6.52692645E+00
  1.00700000E+02  6.42478531E+00
  1.00700000E+02  6.38415417E+00
  1.00700000E+02  6.28201304E+00
  1.00700000E+02  6.24138189E+00
  1.00700000E+02  6.13924076E+00
  1.00700000E+02  6.09860961E+00
  1.00700000E+02  5.99646848E+00
  1.00700000E+02  5.95583734E+00
  1.00700000E+02  5.85369621E+00
  1.00700000E+02  5.81306506E+00
  1.00700000E+02  5.71092393E+00
  1.00700000E+02  5.67029278E+00
  1.00700000E+02  5.56815165E+00
  1.00700000E+02  5.52752051E+00
  1.00700000E+02  5.42537937E+00
  1.00700000E+02  5.38474823E+00
  1.00700000E+02  5.28260710E+00
  1.00700000E+02  5.24197595E+00
  1.00700000E+02  5.13983482E+00
  1.00700000E+02  5.09920367E+00
  1.00700000E+02  4.99706254E+00
  1.00700000E+02  4.95643140E+00
  1.00700000E+02  4.85429027E+00
  1.00700000E+02  4.81365912E+00
  1.00700000E+02  4.71151799E+00
  1.00700000E+02  4.67088684E+00
  1.00700000E+02  4.56874571E+00
  1.00700000E+02  4.52811457E+00
  1.00700000E+02  4.42597343E+00
  1.00700000E+02  4.38534229E+00
  1.00700000E+02  4.28320116E+00
  1.00700000E+02  4.24257001E+00
  1.00700000E+02  4.14042888E+00
  1.00700000E+02  4.09979773E+00
  1.00700000E+02  3.99765660E+00
  1.00700000E+02  3.95702546E+00
  1.00700000E+02  3.85488432E+00
  1.00700000E+02  3.81425318E+00
  1.00700000E+02  3.71211205E+00
  1.00700000E+02  3.67148090E+00
  1.00700000E+02  3.56933977E+00
  1.00700000E+02  3.52870862E+00
  1.00700000E+02  3.42656749E+00
  1.00700000E+02  3.38593635E+00
  1.00700000E+02  3.28379522E+00
  1.00700000E+02  3.24316407E+00
  1.00700000E+02  3.14102294E+00
  1.00700000E+02  3.10039179E+00
  1.00700000E+02  2.99825066E+00
  1.00700000E+02  2.95761952E+00
  1.00700000E+02  2.85547838E+00
  1.00700000E+02  2.81484724E+00
  1.00700000E+02  2.71270611E+00
  1.00700000E+02  2.67207496E+00
  1.00700000E+02  2.56993383E+00

w:2/ x(  -0.4949878E+00) y(   0.5319145E+01) ix(2) iy(2) s(   0.7000E+00)

hb:   line clip z   cb(cyan)
frame:
  1.2223444E-04 -6.9999675E+00
  1.0000012E+02 -6.9999675E+00
  1.0000012E+02  7.0000325E+00
  1.2223444E-04  7.0000325E+00
clip:
 -9.89975553E-01  3.49964284E+00
 -4.92140328E-01  3.49964284E+00
  0.00000000E+00  3.56933977E+00
  0.00000000E+00  3.70793635E+00
  0.00000000E+00  3.71211205E+00
  0.00000000E+00  3.85070862E+00
  0.00000000E+00  3.85488432E+00
  0.00000000E+00  3.99348090E+00
  0.00000000E+00  3.99765660E+00
  0.00000000E+00  4.13625318E+00
  0.00000000E+00  4.14042888E+00
  0.00000000E+00  4.27902546E+00
  0.00000000E+00  4.28320116E+00
  0.00000000E+00  4.42179773E+00
  0.00000000E+00  4.42597343E+00
  0.00000000E+00  4.56457001E+00
  0.00000000E+00  4.56874571E+00
  0.00000000E+00  4.70734229E+00
  0.00000000E+00  4.71151799E+00
  0.00000000E+00  4.85011457E+00
  0.00000000E+00  4.85429027E+00
  0.00000000E+00  4.99288684E+00
  0.00000000E+00  4.99706254E+00
  0.00000000E+00  5.13565912E+00
  0.00000000E+00  5.13983482E+00
  0.00000000E+00  5.27843140E+00
  0.00000000E+00  5.28260710E+00
  0.00000000E+00  5.42120367E+00
  0.00000000E+00  5.42537937E+00
  0.00000000E+00  5.56397595E+00
  0.00000000E+00  5.56815165E+00
  0.00000000E+00  5.70674823E+00
  0.00000000E+00  5.71092393E+00
  0.00000000E+00  5.84952051E+00
  0.00000000E+00  5.85369621E+00
  0.00000000E+00  5.99229278E+00
  0.00000000E+00  5.99646848E+00
  0.00000000E+00  6.13506506E+00
  0.00000000E+00  6.13924076E+00
  0.00000000E+00  6.27783734E+00
  0.00000000E+00  6.28201304E+00
  0.00000000E+00  6.42060961E+00
  0.00000000E+00  6.42478531E+00
  0.00000000E+00  6.56338189E+00
  0.00000000E+00  6.56755759E+00
  0.00000000E+00  6.70615417E+00
  0.00000000E+00  6.71032987E+00
  0.00000000E+00  6.84892645E+00
  0.00000000E+00  6.85310215E+00
  0.00000000E+00  6.99169872E+00
  0.00000000E+00  6.99587442E+00
  0.00000000E+00  7.13447100E+00
  0.00000000E+00  7.13864670E+00
 -9.89975553E-01  7.13864670E+00
 -9.89975553E-01  6.99587442E+00
 -9.89975553E-01  6.85310215E+00
 -9.89975553E-01  6.71032987E+00
 -9.89975553E-01  6.56755759E+00
 -9.89975553E-01  6.42478531E+00
 -9.89975553E-01  6.28201304E+00
 -9.89975553E-01  6.13924076E+00
 -9.89975553E-01  5.99646848E+00
 -9.89975553E-01  5.85369621E+00
 -9.89975553E-01  5.71092393E+00
 -9.89975553E-01  5.56815165E+00
 -9.89975553E-01  5.42537937E+00
 -9.89975553E-01  5.28260710E+00
 -9.89975553E-01  5.13983482E+00
 -9.89975553E-01  4.99706254E+00
 -9.89975553E-01  4.85429027E+00
 -9.89975553E-01  4.71151799E+00
 -9.89975553E-01  4.56874571E+00
 -9.89975553E-01  4.42597343E+00
 -9.89975553E-01  4.28320116E+00
 -9.89975553E-01  4.14042888E+00
 -9.89975553E-01  3.99765660E+00
 -9.89975553E-01  3.85488432E+00
 -9.89975553E-01  3.71211205E+00
 -9.89975553E-01  3.56933977E+00

w:2303/ x(   0.3465350E+02) y(   0.4298462E+01) ix(2) iy(2) s(   0.7000E+00)

hb:   line clip z   cb(lightgray)
clip:
  3.45835000E+01  3.55259664E+00
  3.47030938E+01  3.49964284E+00
  3.47235000E+01  3.56648290E+00
  3.47235000E+01  3.56933977E+00
  3.47235000E+01  3.57219664E+00
  3.47235000E+01  3.71211205E+00
  3.47235000E+01  3.71496892E+00
  3.47235000E+01  3.85488432E+00
  3.47235000E+01  3.85774120E+00
  3.47235000E+01  3.99765660E+00
  3.47235000E+01  4.00051348E+00
  3.47235000E+01  4.14042888E+00
  3.47235000E+01  4.14328575E+00
  3.47235000E+01  4.28320116E+00
  3.47235000E+01  4.28605803E+00
  3.47235000E+01  4.42597343E+00
  3.47235000E+01  4.42883031E+00
  3.47235000E+01  4.56874571E+00
  3.47235000E+01  4.57160259E+00
  3.47235000E+01  4.71151799E+00
  3.47235000E+01  4.71437486E+00
  3.47235000E+01  4.85429027E+00
  3.47235000E+01  4.85714714E+00
  3.47235000E+01  4.99706254E+00
  3.47235000E+01  4.99991942E+00
  3.47030938E+01  5.09728209E+00
  3.45835000E+01  5.01380567E+00
  3.45835000E+01  3.56933977E+00

w:103/ x(   0.6375000E+02) y(   0.6533218E+01) ix(2) iy(2) s(   0.7000E+00)

hb:   line clip z   cb(brown)
frame:
  1.2223444E-04 -6.9999675E+00
  1.0000012E+02 -6.9999675E+00
  1.0000012E+02  7.0000325E+00
  1.2223444E-04  7.0000325E+00
clip:
  6.30000000E+01  5.96041160E+00
  6.32575492E+01  5.92778913E+00
  6.37481160E+01  5.92778913E+00
  6.42773512E+01  5.92778913E+00
  6.45000000E+01  5.96529765E+00
  6.45000000E+01  5.99646848E+00
  6.45000000E+01  6.02763932E+00
  6.45000000E+01  6.13924076E+00
  6.45000000E+01  6.17041160E+00
  6.45000000E+01  6.28201304E+00
  6.45000000E+01  6.31318387E+00
  6.45000000E+01  6.42478531E+00
  6.45000000E+01  6.45595615E+00
  6.45000000E+01  6.56755759E+00
  6.45000000E+01  6.59872843E+00
  6.45000000E+01  6.71032987E+00
  6.45000000E+01  6.74150070E+00
  6.45000000E+01  6.85310215E+00
  6.45000000E+01  6.88427298E+00
  6.45000000E+01  6.99587442E+00
  6.45000000E+01  7.02704526E+00
  6.45000000E+01  7.13864670E+00
  6.42773512E+01  7.13864670E+00
  6.32575492E+01  7.13864670E+00
  6.30000000E+01  7.13864670E+00
  6.30000000E+01  7.10258981E+00
  6.30000000E+01  6.99587442E+00
  6.30000000E+01  6.95981754E+00
  6.30000000E+01  6.85310215E+00
  6.30000000E+01  6.81704526E+00
  6.30000000E+01  6.71032987E+00
  6.30000000E+01  6.67427298E+00
  6.30000000E+01  6.56755759E+00
  6.30000000E+01  6.53150070E+00
  6.30000000E+01  6.42478531E+00
  6.30000000E+01  6.38872843E+00
  6.30000000E+01  6.28201304E+00
  6.30000000E+01  6.24595615E+00
  6.30000000E+01  6.13924076E+00
  6.30000000E+01  6.10318387E+00
  6.30000000E+01  5.99646848E+00

wt: s[c5]
\vspace{-3}
  emin  &=&   0.0000E+00 [MeV]
  emax  &=&   1.0000E+03 [MeV]
  ymin  &=&   0.0000E+00 [cm]
  ymax  &=&   1.0000E-01 [cm]
  part. &=& proton  
e:
 
# Information for Restart Calculation
# This calculation was newly started
# istdev =  2 # 1:Batch variance, 2:History variance
# resc2  = 0.00000000000000000E+00 # Total source weight or Total source weight / maxcas
# resc3  = 0.00000000000000000E+00 # Total history number or Total batch number
# maxcas =        1000 # History / Batch, only used for istdev=1
# bitrseed = 0000000000000000000000000000000000000000000000000000000000000000 # bit data of rseed
