[ T-Track ]
    title = [t-track] in xyz mesh
     mesh =  xyz            # mesh type is xyz scoring mesh
   x-type =    2            # x-mesh is linear given by xmin, xmax and nx
     xmin =  -2.160000      # minimum value of x-mesh points
     xmax =  -2.140000      # maximum value of x-mesh points
#    xdel =  2.0000000E-02  # mesh width of x-mesh points
       nx =      1          # number of x-mesh points
#    data = ( x(i), i = 1, nx + 1 )
#          -2.16000E+00 -2.14000E+00
   y-type =    2            # y-mesh is linear given by ymin, ymax and ny
     ymin =  -50.00000      # minimum value of y-mesh points
     ymax =   50.00000      # maximum value of y-mesh points
#    ydel =   1.000000      # mesh width of y-mesh points
       ny =    100          # number of y-mesh points
#    data = ( y(i), i = 1, ny + 1 )
#          -5.00000E+01 -4.90000E+01 -4.80000E+01 -4.70000E+01 -4.60000E+01
#          -4.50000E+01 -4.40000E+01 -4.30000E+01 -4.20000E+01 -4.10000E+01
#          -4.00000E+01 -3.90000E+01 -3.80000E+01 -3.70000E+01 -3.60000E+01
#          -3.50000E+01 -3.40000E+01 -3.30000E+01 -3.20000E+01 -3.10000E+01
#          -3.00000E+01 -2.90000E+01 -2.80000E+01 -2.70000E+01 -2.60000E+01
#          -2.50000E+01 -2.40000E+01 -2.30000E+01 -2.20000E+01 -2.10000E+01
#          -2.00000E+01 -1.90000E+01 -1.80000E+01 -1.70000E+01 -1.60000E+01
#          -1.50000E+01 -1.40000E+01 -1.30000E+01 -1.20000E+01 -1.10000E+01
#          -1.00000E+01 -9.00000E+00 -8.00000E+00 -7.00000E+00 -6.00000E+00
#          -5.00000E+00 -4.00000E+00 -3.00000E+00 -2.00000E+00 -1.00000E+00
#           0.00000E+00  1.00000E+00  2.00000E+00  3.00000E+00  4.00000E+00
#           5.00000E+00  6.00000E+00  7.00000E+00  8.00000E+00  9.00000E+00
#           1.00000E+01  1.10000E+01  1.20000E+01  1.30000E+01  1.40000E+01
#           1.50000E+01  1.60000E+01  1.70000E+01  1.80000E+01  1.90000E+01
#           2.00000E+01  2.10000E+01  2.20000E+01  2.30000E+01  2.40000E+01
#           2.50000E+01  2.60000E+01  2.70000E+01  2.80000E+01  2.90000E+01
#           3.00000E+01  3.10000E+01  3.20000E+01  3.30000E+01  3.40000E+01
#           3.50000E+01  3.60000E+01  3.70000E+01  3.80000E+01  3.90000E+01
#           4.00000E+01  4.10000E+01  4.20000E+01  4.30000E+01  4.40000E+01
#           4.50000E+01  4.60000E+01  4.70000E+01  4.80000E+01  4.90000E+01
#           5.00000E+01
   z-type =    2            # z-mesh is linear given by zmin, zmax and nz
     zmin =  -5.000000      # minimum value of z-mesh points
     zmax =   100.0000      # maximum value of z-mesh points
#    zdel =   1.050000      # mesh width of z-mesh points
       nz =    100          # number of z-mesh points
#    data = ( z(i), i = 1, nz + 1 )
#          -5.00000E+00 -3.95000E+00 -2.90000E+00 -1.85000E+00 -8.00000E-01
#           2.50000E-01  1.30000E+00  2.35000E+00  3.40000E+00  4.45000E+00
#           5.50000E+00  6.55000E+00  7.60000E+00  8.65000E+00  9.70000E+00
#           1.07500E+01  1.18000E+01  1.28500E+01  1.39000E+01  1.49500E+01
#           1.60000E+01  1.70500E+01  1.81000E+01  1.91500E+01  2.02000E+01
#           2.12500E+01  2.23000E+01  2.33500E+01  2.44000E+01  2.54500E+01
#           2.65000E+01  2.75500E+01  2.86000E+01  2.96500E+01  3.07000E+01
#           3.17500E+01  3.28000E+01  3.38500E+01  3.49000E+01  3.59500E+01
#           3.70000E+01  3.80500E+01  3.91000E+01  4.01500E+01  4.12000E+01
#           4.22500E+01  4.33000E+01  4.43500E+01  4.54000E+01  4.64500E+01
#           4.75000E+01  4.85500E+01  4.96000E+01  5.06500E+01  5.17000E+01
#           5.27500E+01  5.38000E+01  5.48500E+01  5.59000E+01  5.69500E+01
#           5.80000E+01  5.90500E+01  6.01000E+01  6.11500E+01  6.22000E+01
#           6.32500E+01  6.43000E+01  6.53500E+01  6.64000E+01  6.74500E+01
#           6.85000E+01  6.95500E+01  7.06000E+01  7.16500E+01  7.27000E+01
#           7.37500E+01  7.48000E+01  7.58500E+01  7.69000E+01  7.79500E+01
#           7.90000E+01  8.00500E+01  8.11000E+01  8.21500E+01  8.32000E+01
#           8.42500E+01  8.53000E+01  8.63500E+01  8.74000E+01  8.84500E+01
#           8.95000E+01  9.05500E+01  9.16000E+01  9.26500E+01  9.37000E+01
#           9.47500E+01  9.58000E+01  9.68500E+01  9.79000E+01  9.89500E+01
#           1.00000E+02
   e-type =    1            # e-mesh is given by the below data
       ne =      1          # number of e-mesh points
#    data = ( e(i), i = 1, ne + 1 )
            0.00000E+00  1.00000E+03
     unit =    1            # unit is [1/cm^2/source]
 material =  all            # (D=all) number of specific material
  2D-type =    3            # 1:Cont, 2:Clust, 3:Color, 4:xyz, 5:mat, 6:Clust+Cont, 7:Col+Cont
     axis =      yz            # axis of output
     file = track_yz.out    # file name of output for the above axis
     part =  proton   
# kf/name :  2212     
    gshow =    3            # 0: no 1:bnd, 2:bnd+mat, 3:bnd+reg 4:bnd+lat 5:bmp style
    resol =    1            # (D=1) resolution of gshow or rshow
    width = 0.5000000       # (D=0.5) width of lines for gshow or rshow
   epsout =    1            # (D=0) generate eps file by ANGEL
#    used :        main (  %)        temp (  %)       total (  %)
#  memory :         210 (  0)           0 (  0)         210 (  0)

#------------------------------------------------------------------------------
#newpage:
#   no. =  1   ie  =  1   ix  =  1   part. = proton  
#   e = (   0.0000E+00  -   1.0000E+03  )
#   x = (  -2.1600E+00  -  -2.1400E+00  )

'no. =  1,  ie =  1,  ix =  1'
msuc: {\huge [t-track] in xyz mesh}
msdr: {\it plotted by \ANGEL \version}
msdl: {\it calculated by \PHITS  3.35}

x: z [cm]
y: y [cm]
set: c1[ 0.952] c2[ 0.922] c5[ 0.800] c6[ 0.983] c7[ 0.000] c8[ 0.020]
p: h2fs form[c1] xfac[c2] afac[c5] scal[c6] xorg[c7] yorg[c8] nosp
set: c3[1.0e-4] c4[1.0]
p: cmin[c3] cmax[c4]
p: dmin(1e-31)
p: zlog
p: xmin( -5.000000    ) xmax(  100.0000    )
p: ymin( -50.00000    ) ymax(  50.00000    )

#   no. =  1   ie  =  1   ix  =  1
#   e = (   0.0000E+00  -   1.0000E+03  )
#   x = (  -2.1600E+00  -  -2.1400E+00  )

hc:  y =   49.50000     to  -49.50000     by   1.000000     ; x =  -4.475000     to   99.47500     by   1.050000     ;
  0.000E+00  0.000E+00  0.000E+00  0.000E+00  0.000E+00  0.000E+00  0.000E+00  0.000E+00  0.000E+00  0.000E+00
  0.000E+00  0.000E+00  0.000E+00  0.000E+00  0.000E+00  0.000E+00  0.000E+00  0.000E+00  0.000E+00  0.000E+00
  0.000E+00  0.000E+00  0.000E+00  0.000E+00  0.000E+00  0.000E+00  0.000E+00  0.000E+00  0.000E+00  0.000E+00
  0.000E+00  0.000E+00  0.000E+00  0.000E+00  0.000E+00  0.000E+00  0.000E+00  0.000E+00  0.000E+00  0.000E+00
  0.000E+00  0.000E+00  0.000E+00  0.000E+00  0.000E+00  0.000E+00  0.000E+00  0.000E+00  0.000E+00  0.000E+00
  0.000E+00  0.000E+00  0.000E+00  0.000E+00  0.000E+00  0.000E+00  0.000E+00  0.000E+00  0.000E+00  0.000E+00
  0.000E+00  0.000E+00  0.000E+00  0.000E+00  0.000E+00  0.000E+00  0.000E+00  0.000E+00  0.000E+00  0.000E+00
  0.000E+00  0.000E+00  0.000E+00  0.000E+00  0.000E+00  0.000E+00  0.000E+00  0.000E+00  0.000E+00  0.000E+00
  0.000E+00  0.000E+00  0.000E+00  0.000E+00  0.000E+00  0.000E+00  0.000E+00  0.000E+00  0.000E+00  0.000E+00
  0.000E+00  0.000E+00  0.000E+00  0.000E+00  0.000E+00  0.000E+00  0.000E+00  0.000E+00  0.000E+00  0.000E+00
  0.000E+00  0.000E+00  0.000E+00  0.000E+00  0.000E+00  0.000E+00  0.000E+00  0.000E+00  0.000E+00  0.000E+00
  0.000E+00  0.000E+00  0.000E+00  0.000E+00  0.000E+00  0.000E+00  0.000E+00  0.000E+00  0.000E+00  0.000E+00
  0.000E+00  0.000E+00  0.000E+00  0.000E+00  0.000E+00  0.000E+00  0.000E+00  0.000E+00  0.000E+00  0.000E+00
  0.000E+00  0.000E+00  0.000E+00  0.000E+00  0.000E+00  0.000E+00  0.000E+00  0.000E+00  0.000E+00  0.000E+00
  0.000E+00  0.000E+00  0.000E+00  0.000E+00  0.000E+00  0.000E+00  0.000E+00  0.000E+00  0.000E+00  0.000E+00
  0.000E+00  0.000E+00  0.000E+00  0.000E+00  0.000E+00  0.000E+00  0.000E+00  0.000E+00  0.000E+00  0.000E+00
  0.000E+00  0.000E+00  0.000E+00  0.000E+00  0.000E+00  0.000E+00  0.000E+00  0.000E+00  0.000E+00  0.000E+00
  0.000E+00  0.000E+00  0.000E+00  0.000E+00  0.000E+00  0.000E+00  0.000E+00  0.000E+00  0.000E+00  0.000E+00
  0.000E+00  0.000E+00  0.000E+00  0.000E+00  0.000E+00  0.000E+00  0.000E+00  0.000E+00  0.000E+00  0.000E+00
  0.000E+00  0.000E+00  0.000E+00  0.000E+00  0.000E+00  0.000E+00  0.000E+00  0.000E+00  0.000E+00  0.000E+00
  0.000E+00  0.000E+00  0.000E+00  0.000E+00  0.000E+00  0.000E+00  0.000E+00  0.000E+00  0.000E+00  0.000E+00
  0.000E+00  0.000E+00  0.000E+00  0.000E+00  0.000E+00  0.000E+00  0.000E+00  0.000E+00  0.000E+00  0.000E+00
  0.000E+00  0.000E+00  0.000E+00  0.000E+00  0.000E+00  0.000E+00  0.000E+00  0.000E+00  0.000E+00  0.000E+00
  0.000E+00  0.000E+00  0.000E+00  0.000E+00  0.000E+00  0.000E+00  0.000E+00  0.000E+00  0.000E+00  0.000E+00
  0.000E+00  0.000E+00  0.000E+00  0.000E+00  0.000E+00  0.000E+00  0.000E+00  0.000E+00  0.000E+00  0.000E+00
  0.000E+00  0.000E+00  0.000E+00  0.000E+00  0.000E+00  0.000E+00  0.000E+00  0.000E+00  0.000E+00  0.000E+00
  0.000E+00  0.000E+00  0.000E+00  0.000E+00  0.000E+00  0.000E+00  0.000E+00  0.000E+00  0.000E+00  0.000E+00
  0.000E+00  0.000E+00  0.000E+00  0.000E+00  0.000E+00  0.000E+00  0.000E+00  0.000E+00  0.000E+00  0.000E+00
  0.000E+00  0.000E+00  0.000E+00  0.000E+00  0.000E+00  0.000E+00  0.000E+00  0.000E+00  0.000E+00  0.000E+00
  0.000E+00  0.000E+00  0.000E+00  0.000E+00  0.000E+00  0.000E+00  0.000E+00  0.000E+00  0.000E+00  0.000E+00
  0.000E+00  0.000E+00  0.000E+00  0.000E+00  0.000E+00  0.000E+00  0.000E+00  0.000E+00  0.000E+00  0.000E+00
  0.000E+00  0.000E+00  0.000E+00  0.000E+00  0.000E+00  0.000E+00  0.000E+00  0.000E+00  0.000E+00  0.000E+00
  0.000E+00  0.000E+00  0.000E+00  0.000E+00  0.000E+00  0.000E+00  0.000E+00  0.000E+00  0.000E+00  0.000E+00
  0.000E+00  0.000E+00  0.000E+00  0.000E+00  0.000E+00  0.000E+00  0.000E+00  0.000E+00  0.000E+00  0.000E+00
  0.000E+00  0.000E+00  0.000E+00  0.000E+00  0.000E+00  0.000E+00  0.000E+00  0.000E+00  0.000E+00  0.000E+00
  0.000E+00  0.000E+00  0.000E+00  0.000E+00  0.000E+00  0.000E+00  0.000E+00  0.000E+00  0.000E+00  0.000E+00
  0.000E+00  0.000E+00  0.000E+00  0.000E+00  0.000E+00  0.000E+00  0.000E+00  0.000E+00  0.000E+00  0.000E+00
  0.000E+00  0.000E+00  0.000E+00  0.000E+00  0.000E+00  0.000E+00  0.000E+00  0.000E+00  0.000E+00  0.000E+00
  0.000E+00  0.000E+00  0.000E+00  0.000E+00  0.000E+00  0.000E+00  0.000E+00  0.000E+00  0.000E+00  0.000E+00
  0.000E+00  0.000E+00  0.000E+00  0.000E+00  0.000E+00  0.000E+00  0.000E+00  0.000E+00  0.000E+00  0.000E+00
  0.000E+00  0.000E+00  0.000E+00  0.000E+00  0.000E+00  0.000E+00  0.000E+00  0.000E+00  0.000E+00  0.000E+00
  0.000E+00  0.000E+00  0.000E+00  0.000E+00  0.000E+00  0.000E+00  0.000E+00  0.000E+00  0.000E+00  0.000E+00
  0.000E+00  0.000E+00  0.000E+00  0.000E+00  0.000E+00  0.000E+00  0.000E+00  0.000E+00  0.000E+00  0.000E+00
  0.000E+00  0.000E+00  0.000E+00  0.000E+00  0.000E+00  0.000E+00  0.000E+00  0.000E+00  0.000E+00  0.000E+00
  0.000E+00  0.000E+00  0.000E+00  0.000E+00  0.000E+00  0.000E+00  0.000E+00  0.000E+00  0.000E+00  0.000E+00
  0.000E+00  0.000E+00  0.000E+00  0.000E+00  0.000E+00  0.000E+00  0.000E+00  0.000E+00  0.000E+00  0.000E+00
  0.000E+00  0.000E+00  0.000E+00  0.000E+00  0.000E+00  0.000E+00  0.000E+00  0.000E+00  0.000E+00  0.000E+00
  0.000E+00  0.000E+00  0.000E+00  0.000E+00  0.000E+00  0.000E+00  0.000E+00  0.000E+00  0.000E+00  0.000E+00
  0.000E+00  0.000E+00  0.000E+00  0.000E+00  0.000E+00  0.000E+00  0.000E+00  0.000E+00  0.000E+00  0.000E+00
  0.000E+00  0.000E+00  0.000E+00  0.000E+00  0.000E+00  0.000E+00  0.000E+00  0.000E+00  0.000E+00  0.000E+00
  0.000E+00  0.000E+00  0.000E+00  0.000E+00  0.000E+00  0.000E+00  0.000E+00  0.000E+00  0.000E+00  0.000E+00
  0.000E+00  0.000E+00  0.000E+00  0.000E+00  0.000E+00  0.000E+00  0.000E+00  0.000E+00  0.000E+00  0.000E+00
  0.000E+00  0.000E+00  0.000E+00  0.000E+00  0.000E+00  0.000E+00  0.000E+00  0.000E+00  0.000E+00  0.000E+00
  0.000E+00  0.000E+00  0.000E+00  0.000E+00  0.000E+00  0.000E+00  0.000E+00  0.000E+00  0.000E+00  0.000E+00
  0.000E+00  0.000E+00  0.000E+00  0.000E+00  0.000E+00  0.000E+00  0.000E+00  0.000E+00  0.000E+00  0.000E+00
  0.000E+00  0.000E+00  0.000E+00  0.000E+00  0.000E+00  0.000E+00  0.000E+00  0.000E+00  0.000E+00  0.000E+00
  0.000E+00  0.000E+00  0.000E+00  0.000E+00  0.000E+00  0.000E+00  0.000E+00  0.000E+00  0.000E+00  0.000E+00
  0.000E+00  0.000E+00  0.000E+00  0.000E+00  0.000E+00  0.000E+00  0.000E+00  0.000E+00  0.000E+00  0.000E+00
  0.000E+00  0.000E+00  0.000E+00  0.000E+00  0.000E+00  0.000E+00  0.000E+00  0.000E+00  0.000E+00  0.000E+00
  0.000E+00  0.000E+00  0.000E+00  0.000E+00  0.000E+00  0.000E+00  0.000E+00  0.000E+00  0.000E+00  0.000E+00
  0.000E+00  0.000E+00  0.000E+00  0.000E+00  0.000E+00  0.000E+00  0.000E+00  0.000E+00  0.000E+00  0.000E+00
  0.000E+00  0.000E+00  0.000E+00  0.000E+00  0.000E+00  0.000E+00  0.000E+00  0.000E+00  0.000E+00  0.000E+00
  0.000E+00  0.000E+00  0.000E+00  0.000E+00  0.000E+00  0.000E+00  0.000E+00  0.000E+00  0.000E+00  0.000E+00
  0.000E+00  0.000E+00  0.000E+00  0.000E+00  0.000E+00  0.000E+00  0.000E+00  0.000E+00  0.000E+00  0.000E+00
  0.000E+00  0.000E+00  0.000E+00  0.000E+00  0.000E+00  0.000E+00  0.000E+00  0.000E+00  0.000E+00  0.000E+00
  0.000E+00  0.000E+00  0.000E+00  0.000E+00  0.000E+00  0.000E+00  0.000E+00  0.000E+00  0.000E+00  0.000E+00
  0.000E+00  0.000E+00  0.000E+00  0.000E+00  0.000E+00  0.000E+00  0.000E+00  0.000E+00  0.000E+00  0.000E+00
  0.000E+00  0.000E+00  0.000E+00  0.000E+00  0.000E+00  0.000E+00  0.000E+00  0.000E+00  0.000E+00  0.000E+00
  0.000E+00  0.000E+00  0.000E+00  0.000E+00  0.000E+00  0.000E+00  0.000E+00  0.000E+00  0.000E+00  0.000E+00
  0.000E+00  0.000E+00  0.000E+00  0.000E+00  0.000E+00  0.000E+00  0.000E+00  0.000E+00  0.000E+00  0.000E+00
  0.000E+00  0.000E+00  0.000E+00  0.000E+00  0.000E+00  0.000E+00  0.000E+00  0.000E+00  0.000E+00  0.000E+00
  0.000E+00  0.000E+00  0.000E+00  0.000E+00  0.000E+00  0.000E+00  0.000E+00  0.000E+00  0.000E+00  0.000E+00
  0.000E+00  0.000E+00  0.000E+00  0.000E+00  0.000E+00  0.000E+00  0.000E+00  0.000E+00  0.000E+00  0.000E+00
  0.000E+00  0.000E+00  0.000E+00  0.000E+00  0.000E+00  0.000E+00  0.000E+00  0.000E+00  0.000E+00  0.000E+00
  0.000E+00  0.000E+00  0.000E+00  0.000E+00  0.000E+00  0.000E+00  0.000E+00  0.000E+00  0.000E+00  0.000E+00
  0.000E+00  0.000E+00  0.000E+00  0.000E+00  0.000E+00  0.000E+00  0.000E+00  0.000E+00  0.000E+00  0.000E+00
  0.000E+00  0.000E+00  0.000E+00  0.000E+00  0.000E+00  0.000E+00  0.000E+00  0.000E+00  0.000E+00  0.000E+00
  0.000E+00  0.000E+00  0.000E+00  0.000E+00  0.000E+00  0.000E+00  0.000E+00  0.000E+00  0.000E+00  0.000E+00
  0.000E+00  0.000E+00  0.000E+00  0.000E+00  0.000E+00  0.000E+00  0.000E+00  0.000E+00  0.000E+00  0.000E+00
  0.000E+00  0.000E+00  0.000E+00  0.000E+00  0.000E+00  0.000E+00  0.000E+00  0.000E+00  0.000E+00  0.000E+00
  0.000E+00  0.000E+00  0.000E+00  0.000E+00  0.000E+00  0.000E+00  0.000E+00  0.000E+00  0.000E+00  0.000E+00
  0.000E+00  0.000E+00  0.000E+00  0.000E+00  0.000E+00  0.000E+00  0.000E+00  0.000E+00  0.000E+00  0.000E+00
  0.000E+00  0.000E+00  0.000E+00  0.000E+00  0.000E+00  0.000E+00  0.000E+00  0.000E+00  0.000E+00  0.000E+00
  0.000E+00  0.000E+00  0.000E+00  0.000E+00  0.000E+00  0.000E+00  0.000E+00  0.000E+00  0.000E+00  0.000E+00
  0.000E+00  0.000E+00  0.000E+00  0.000E+00  0.000E+00  0.000E+00  0.000E+00  0.000E+00  0.000E+00  0.000E+00
  0.000E+00  0.000E+00  0.000E+00  0.000E+00  0.000E+00  0.000E+00  0.000E+00  0.000E+00  0.000E+00  0.000E+00
  0.000E+00  0.000E+00  0.000E+00  0.000E+00  0.000E+00  0.000E+00  0.000E+00  0.000E+00  0.000E+00  0.000E+00
  0.000E+00  0.000E+00  0.000E+00  0.000E+00  0.000E+00  0.000E+00  0.000E+00  0.000E+00  0.000E+00  0.000E+00
  0.000E+00  0.000E+00  0.000E+00  0.000E+00  0.000E+00  0.000E+00  0.000E+00  0.000E+00  0.000E+00  0.000E+00
  0.000E+00  0.000E+00  0.000E+00  0.000E+00  0.000E+00  0.000E+00  0.000E+00  0.000E+00  0.000E+00  0.000E+00
  0.000E+00  0.000E+00  0.000E+00  0.000E+00  0.000E+00  0.000E+00  0.000E+00  0.000E+00  0.000E+00  0.000E+00
  0.000E+00  0.000E+00  0.000E+00  0.000E+00  0.000E+00  0.000E+00  0.000E+00  0.000E+00  0.000E+00  0.000E+00
  0.000E+00  0.000E+00  0.000E+00  0.000E+00  0.000E+00  0.000E+00  0.000E+00  0.000E+00  0.000E+00  0.000E+00
  0.000E+00  0.000E+00  0.000E+00  0.000E+00  0.000E+00  0.000E+00  0.000E+00  0.000E+00  0.000E+00  0.000E+00
  0.000E+00  0.000E+00  0.000E+00  0.000E+00  0.000E+00  0.000E+00  0.000E+00  0.000E+00  0.000E+00  0.000E+00
  0.000E+00  0.000E+00  0.000E+00  0.000E+00  0.000E+00  0.000E+00  0.000E+00  0.000E+00  0.000E+00  0.000E+00
  0.000E+00  0.000E+00  0.000E+00  0.000E+00  0.000E+00  0.000E+00  0.000E+00  0.000E+00  0.000E+00  0.000E+00
  0.000E+00  0.000E+00  0.000E+00  0.000E+00  0.000E+00  0.000E+00  0.000E+00  0.000E+00  0.000E+00  0.000E+00
  0.000E+00  0.000E+00  0.000E+00  0.000E+00  0.000E+00  0.000E+00  0.000E+00  0.000E+00  0.000E+00  0.000E+00
  0.000E+00  0.000E+00  0.000E+00  0.000E+00  0.000E+00  0.000E+00  0.000E+00  0.000E+00  0.000E+00  0.000E+00
  0.000E+00  0.000E+00  0.000E+00  0.000E+00  0.000E+00  0.000E+00  0.000E+00  0.000E+00  0.000E+00  0.000E+00
  0.000E+00  0.000E+00  0.000E+00  0.000E+00  0.000E+00  0.000E+00  0.000E+00  0.000E+00  0.000E+00  0.000E+00
  0.000E+00  0.000E+00  0.000E+00  0.000E+00  0.000E+00  0.000E+00  0.000E+00  0.000E+00  0.000E+00  0.000E+00
  0.000E+00  0.000E+00  0.000E+00  0.000E+00  0.000E+00  0.000E+00  0.000E+00  0.000E+00  0.000E+00  0.000E+00
  0.000E+00  0.000E+00  0.000E+00  0.000E+00  0.000E+00  0.000E+00  0.000E+00  0.000E+00  0.000E+00  0.000E+00
  0.000E+00  0.000E+00  0.000E+00  0.000E+00  0.000E+00  0.000E+00  0.000E+00  0.000E+00  0.000E+00  0.000E+00
  0.000E+00  0.000E+00  0.000E+00  0.000E+00  0.000E+00  0.000E+00  0.000E+00  0.000E+00  0.000E+00  0.000E+00
  0.000E+00  0.000E+00  0.000E+00  0.000E+00  0.000E+00  0.000E+00  0.000E+00  0.000E+00  0.000E+00  0.000E+00
  0.000E+00  0.000E+00  0.000E+00  0.000E+00  0.000E+00  0.000E+00  0.000E+00  0.000E+00  0.000E+00  0.000E+00
  0.000E+00  0.000E+00  0.000E+00  0.000E+00  0.000E+00  0.000E+00  0.000E+00  0.000E+00  0.000E+00  0.000E+00
  0.000E+00  0.000E+00  0.000E+00  0.000E+00  0.000E+00  0.000E+00  0.000E+00  0.000E+00  0.000E+00  0.000E+00
  0.000E+00  0.000E+00  0.000E+00  0.000E+00  0.000E+00  0.000E+00  0.000E+00  0.000E+00  0.000E+00  0.000E+00
  0.000E+00  0.000E+00  0.000E+00  0.000E+00  0.000E+00  0.000E+00  0.000E+00  0.000E+00  0.000E+00  0.000E+00
  0.000E+00  0.000E+00  0.000E+00  0.000E+00  0.000E+00  0.000E+00  0.000E+00  0.000E+00  0.000E+00  0.000E+00
  0.000E+00  0.000E+00  0.000E+00  0.000E+00  0.000E+00  0.000E+00  0.000E+00  0.000E+00  0.000E+00  0.000E+00
  0.000E+00  0.000E+00  0.000E+00  0.000E+00  0.000E+00  0.000E+00  0.000E+00  0.000E+00  0.000E+00  0.000E+00
  0.000E+00  0.000E+00  0.000E+00  0.000E+00  0.000E+00  0.000E+00  0.000E+00  0.000E+00  0.000E+00  0.000E+00
  0.000E+00  0.000E+00  0.000E+00  0.000E+00  0.000E+00  0.000E+00  0.000E+00  0.000E+00  0.000E+00  0.000E+00
  0.000E+00  0.000E+00  0.000E+00  0.000E+00  0.000E+00  0.000E+00  0.000E+00  0.000E+00  0.000E+00  0.000E+00
  0.000E+00  0.000E+00  0.000E+00  0.000E+00  0.000E+00  0.000E+00  0.000E+00  0.000E+00  0.000E+00  0.000E+00
  0.000E+00  0.000E+00  0.000E+00  0.000E+00  0.000E+00  0.000E+00  0.000E+00  0.000E+00  0.000E+00  0.000E+00
  0.000E+00  0.000E+00  0.000E+00  0.000E+00  0.000E+00  0.000E+00  0.000E+00  0.000E+00  0.000E+00  0.000E+00
  0.000E+00  0.000E+00  0.000E+00  0.000E+00  0.000E+00  0.000E+00  0.000E+00  0.000E+00  0.000E+00  0.000E+00
  0.000E+00  0.000E+00  0.000E+00  0.000E+00  0.000E+00  0.000E+00  0.000E+00  0.000E+00  0.000E+00  0.000E+00
  0.000E+00  0.000E+00  0.000E+00  0.000E+00  0.000E+00  0.000E+00  0.000E+00  0.000E+00  0.000E+00  0.000E+00
  0.000E+00  0.000E+00  0.000E+00  0.000E+00  0.000E+00  0.000E+00  0.000E+00  0.000E+00  0.000E+00  0.000E+00
  0.000E+00  0.000E+00  0.000E+00  0.000E+00  0.000E+00  0.000E+00  0.000E+00  0.000E+00  0.000E+00  0.000E+00
  0.000E+00  0.000E+00  0.000E+00  0.000E+00  0.000E+00  0.000E+00  0.000E+00  0.000E+00  0.000E+00  0.000E+00
  0.000E+00  0.000E+00  0.000E+00  0.000E+00  0.000E+00  0.000E+00  0.000E+00  0.000E+00  0.000E+00  0.000E+00
  0.000E+00  0.000E+00  0.000E+00  0.000E+00  0.000E+00  0.000E+00  0.000E+00  0.000E+00  0.000E+00  0.000E+00
  0.000E+00  0.000E+00  0.000E+00  0.000E+00  0.000E+00  0.000E+00  0.000E+00  0.000E+00  0.000E+00  0.000E+00
  0.000E+00  0.000E+00  0.000E+00  0.000E+00  0.000E+00  0.000E+00  0.000E+00  0.000E+00  0.000E+00  0.000E+00
  0.000E+00  0.000E+00  0.000E+00  0.000E+00  0.000E+00  0.000E+00  0.000E+00  0.000E+00  0.000E+00  0.000E+00
  0.000E+00  0.000E+00  0.000E+00  0.000E+00  0.000E+00  0.000E+00  0.000E+00  0.000E+00  0.000E+00  0.000E+00
  0.000E+00  0.000E+00  0.000E+00  0.000E+00  0.000E+00  0.000E+00  0.000E+00  0.000E+00  0.000E+00  0.000E+00
  0.000E+00  0.000E+00  0.000E+00  0.000E+00  0.000E+00  0.000E+00  0.000E+00  0.000E+00  0.000E+00  0.000E+00
  0.000E+00  0.000E+00  0.000E+00  0.000E+00  0.000E+00  0.000E+00  0.000E+00  0.000E+00  0.000E+00  0.000E+00
  0.000E+00  0.000E+00  0.000E+00  0.000E+00  0.000E+00  0.000E+00  0.000E+00  0.000E+00  0.000E+00  0.000E+00
  0.000E+00  0.000E+00  0.000E+00  0.000E+00  0.000E+00  0.000E+00  0.000E+00  0.000E+00  0.000E+00  0.000E+00
  0.000E+00  0.000E+00  0.000E+00  0.000E+00  0.000E+00  0.000E+00  0.000E+00  0.000E+00  0.000E+00  0.000E+00
  0.000E+00  0.000E+00  0.000E+00  0.000E+00  0.000E+00  0.000E+00  0.000E+00  0.000E+00  0.000E+00  0.000E+00
  0.000E+00  0.000E+00  0.000E+00  0.000E+00  0.000E+00  0.000E+00  0.000E+00  0.000E+00  0.000E+00  0.000E+00
  0.000E+00  0.000E+00  0.000E+00  0.000E+00  0.000E+00  0.000E+00  0.000E+00  0.000E+00  0.000E+00  0.000E+00
  0.000E+00  0.000E+00  0.000E+00  0.000E+00  0.000E+00  0.000E+00  0.000E+00  0.000E+00  0.000E+00  0.000E+00
  0.000E+00  0.000E+00  0.000E+00  0.000E+00  0.000E+00  0.000E+00  0.000E+00  0.000E+00  0.000E+00  0.000E+00
  0.000E+00  0.000E+00  0.000E+00  0.000E+00  0.000E+00  0.000E+00  0.000E+00  0.000E+00  0.000E+00  0.000E+00
  0.000E+00  0.000E+00  0.000E+00  0.000E+00  0.000E+00  0.000E+00  0.000E+00  0.000E+00  0.000E+00  0.000E+00
  0.000E+00  0.000E+00  0.000E+00  0.000E+00  0.000E+00  0.000E+00  0.000E+00  0.000E+00  0.000E+00  0.000E+00
  0.000E+00  0.000E+00  0.000E+00  0.000E+00  0.000E+00  0.000E+00  0.000E+00  0.000E+00  0.000E+00  0.000E+00
  0.000E+00  0.000E+00  0.000E+00  0.000E+00  0.000E+00  0.000E+00  0.000E+00  0.000E+00  0.000E+00  0.000E+00
  0.000E+00  0.000E+00  0.000E+00  0.000E+00  0.000E+00  0.000E+00  0.000E+00  0.000E+00  0.000E+00  0.000E+00
  0.000E+00  0.000E+00  0.000E+00  0.000E+00  0.000E+00  0.000E+00  0.000E+00  0.000E+00  0.000E+00  0.000E+00
  0.000E+00  0.000E+00  0.000E+00  0.000E+00  0.000E+00  0.000E+00  0.000E+00  0.000E+00  0.000E+00  0.000E+00
  0.000E+00  0.000E+00  0.000E+00  0.000E+00  0.000E+00  0.000E+00  0.000E+00  0.000E+00  0.000E+00  0.000E+00
  0.000E+00  0.000E+00  0.000E+00  0.000E+00  0.000E+00  0.000E+00  0.000E+00  0.000E+00  0.000E+00  0.000E+00
  0.000E+00  0.000E+00  0.000E+00  0.000E+00  0.000E+00  0.000E+00  0.000E+00  0.000E+00  0.000E+00  0.000E+00
  0.000E+00  0.000E+00  0.000E+00  0.000E+00  0.000E+00  0.000E+00  0.000E+00  0.000E+00  0.000E+00  0.000E+00
  0.000E+00  0.000E+00  0.000E+00  0.000E+00  0.000E+00  0.000E+00  0.000E+00  0.000E+00  0.000E+00  0.000E+00
  0.000E+00  0.000E+00  0.000E+00  0.000E+00  0.000E+00  0.000E+00  0.000E+00  0.000E+00  0.000E+00  0.000E+00
  0.000E+00  0.000E+00  0.000E+00  0.000E+00  0.000E+00  0.000E+00  0.000E+00  0.000E+00  0.000E+00  0.000E+00
  0.000E+00  0.000E+00  0.000E+00  0.000E+00  0.000E+00  0.000E+00  0.000E+00  0.000E+00  0.000E+00  0.000E+00
  0.000E+00  0.000E+00  0.000E+00  0.000E+00  0.000E+00  0.000E+00  0.000E+00  0.000E+00  0.000E+00  0.000E+00
  0.000E+00  0.000E+00  0.000E+00  0.000E+00  0.000E+00  0.000E+00  0.000E+00  0.000E+00  0.000E+00  0.000E+00
  0.000E+00  0.000E+00  0.000E+00  0.000E+00  0.000E+00  0.000E+00  0.000E+00  0.000E+00  0.000E+00  0.000E+00
  0.000E+00  0.000E+00  0.000E+00  0.000E+00  0.000E+00  0.000E+00  0.000E+00  0.000E+00  0.000E+00  0.000E+00
  0.000E+00  0.000E+00  0.000E+00  0.000E+00  0.000E+00  0.000E+00  0.000E+00  0.000E+00  0.000E+00  0.000E+00
  0.000E+00  0.000E+00  0.000E+00  0.000E+00  0.000E+00  0.000E+00  0.000E+00  0.000E+00  0.000E+00  0.000E+00
  0.000E+00  0.000E+00  0.000E+00  0.000E+00  0.000E+00  0.000E+00  0.000E+00  0.000E+00  0.000E+00  0.000E+00
  0.000E+00  0.000E+00  0.000E+00  0.000E+00  0.000E+00  0.000E+00  0.000E+00  0.000E+00  0.000E+00  0.000E+00
  0.000E+00  0.000E+00  0.000E+00  0.000E+00  0.000E+00  0.000E+00  0.000E+00  0.000E+00  0.000E+00  0.000E+00
  0.000E+00  0.000E+00  0.000E+00  0.000E+00  0.000E+00  0.000E+00  0.000E+00  0.000E+00  0.000E+00  0.000E+00
  0.000E+00  0.000E+00  0.000E+00  0.000E+00  0.000E+00  0.000E+00  0.000E+00  0.000E+00  0.000E+00  0.000E+00
  0.000E+00  0.000E+00  0.000E+00  0.000E+00  0.000E+00  0.000E+00  0.000E+00  0.000E+00  0.000E+00  0.000E+00
  0.000E+00  0.000E+00  0.000E+00  0.000E+00  0.000E+00  0.000E+00  0.000E+00  0.000E+00  0.000E+00  0.000E+00
  0.000E+00  0.000E+00  0.000E+00  0.000E+00  0.000E+00  0.000E+00  0.000E+00  0.000E+00  0.000E+00  0.000E+00
  0.000E+00  0.000E+00  0.000E+00  0.000E+00  0.000E+00  0.000E+00  0.000E+00  0.000E+00  0.000E+00  0.000E+00
  0.000E+00  0.000E+00  0.000E+00  0.000E+00  0.000E+00  0.000E+00  0.000E+00  0.000E+00  0.000E+00  0.000E+00
  0.000E+00  0.000E+00  0.000E+00  0.000E+00  0.000E+00  0.000E+00  0.000E+00  0.000E+00  0.000E+00  0.000E+00
  0.000E+00  0.000E+00  0.000E+00  0.000E+00  0.000E+00  0.000E+00  0.000E+00  0.000E+00  0.000E+00  0.000E+00
  0.000E+00  0.000E+00  0.000E+00  0.000E+00  0.000E+00  0.000E+00  0.000E+00  0.000E+00  0.000E+00  0.000E+00
  0.000E+00  0.000E+00  0.000E+00  0.000E+00  0.000E+00  0.000E+00  0.000E+00  0.000E+00  0.000E+00  0.000E+00
  0.000E+00  0.000E+00  0.000E+00  0.000E+00  0.000E+00  0.000E+00  0.000E+00  0.000E+00  0.000E+00  0.000E+00
  0.000E+00  0.000E+00  0.000E+00  0.000E+00  0.000E+00  0.000E+00  0.000E+00  0.000E+00  0.000E+00  0.000E+00
  0.000E+00  0.000E+00  0.000E+00  0.000E+00  0.000E+00  0.000E+00  0.000E+00  0.000E+00  0.000E+00  0.000E+00
  0.000E+00  0.000E+00  0.000E+00  0.000E+00  0.000E+00  0.000E+00  0.000E+00  0.000E+00  0.000E+00  0.000E+00
  0.000E+00  0.000E+00  0.000E+00  0.000E+00  0.000E+00  0.000E+00  0.000E+00  0.000E+00  0.000E+00  0.000E+00
  0.000E+00  0.000E+00  0.000E+00  0.000E+00  0.000E+00  0.000E+00  0.000E+00  0.000E+00  0.000E+00  0.000E+00
  0.000E+00  0.000E+00  0.000E+00  0.000E+00  0.000E+00  0.000E+00  0.000E+00  0.000E+00  0.000E+00  0.000E+00
  0.000E+00  0.000E+00  0.000E+00  0.000E+00  0.000E+00  0.000E+00  0.000E+00  0.000E+00  0.000E+00  0.000E+00
  0.000E+00  0.000E+00  0.000E+00  0.000E+00  0.000E+00  0.000E+00  0.000E+00  0.000E+00  0.000E+00  0.000E+00
  0.000E+00  0.000E+00  0.000E+00  0.000E+00  0.000E+00  0.000E+00  0.000E+00  0.000E+00  0.000E+00  0.000E+00
  0.000E+00  0.000E+00  0.000E+00  0.000E+00  0.000E+00  0.000E+00  0.000E+00  0.000E+00  0.000E+00  0.000E+00
  0.000E+00  0.000E+00  0.000E+00  0.000E+00  0.000E+00  0.000E+00  0.000E+00  0.000E+00  0.000E+00  0.000E+00
  0.000E+00  0.000E+00  0.000E+00  0.000E+00  0.000E+00  0.000E+00  0.000E+00  0.000E+00  0.000E+00  0.000E+00
  0.000E+00  0.000E+00  0.000E+00  0.000E+00  0.000E+00  0.000E+00  0.000E+00  0.000E+00  0.000E+00  0.000E+00
  0.000E+00  0.000E+00  0.000E+00  0.000E+00  0.000E+00  0.000E+00  0.000E+00  0.000E+00  0.000E+00  0.000E+00
  0.000E+00  0.000E+00  0.000E+00  0.000E+00  0.000E+00  0.000E+00  0.000E+00  0.000E+00  0.000E+00  0.000E+00
  0.000E+00  0.000E+00  0.000E+00  0.000E+00  0.000E+00  0.000E+00  0.000E+00  0.000E+00  0.000E+00  0.000E+00
  0.000E+00  0.000E+00  0.000E+00  0.000E+00  0.000E+00  0.000E+00  0.000E+00  0.000E+00  0.000E+00  0.000E+00
  0.000E+00  0.000E+00  0.000E+00  0.000E+00  0.000E+00  0.000E+00  0.000E+00  0.000E+00  0.000E+00  0.000E+00
  0.000E+00  0.000E+00  0.000E+00  0.000E+00  0.000E+00  0.000E+00  0.000E+00  0.000E+00  0.000E+00  0.000E+00
  0.000E+00  0.000E+00  0.000E+00  0.000E+00  0.000E+00  0.000E+00  0.000E+00  0.000E+00  0.000E+00  0.000E+00
  0.000E+00  0.000E+00  0.000E+00  0.000E+00  0.000E+00  0.000E+00  0.000E+00  0.000E+00  0.000E+00  0.000E+00
  0.000E+00  0.000E+00  0.000E+00  0.000E+00  0.000E+00  0.000E+00  0.000E+00  0.000E+00  0.000E+00  0.000E+00
  0.000E+00  0.000E+00  0.000E+00  0.000E+00  0.000E+00  0.000E+00  0.000E+00  0.000E+00  0.000E+00  0.000E+00
  0.000E+00  0.000E+00  0.000E+00  0.000E+00  0.000E+00  0.000E+00  0.000E+00  0.000E+00  0.000E+00  0.000E+00
  0.000E+00  0.000E+00  0.000E+00  0.000E+00  0.000E+00  0.000E+00  0.000E+00  0.000E+00  0.000E+00  0.000E+00
  0.000E+00  0.000E+00  0.000E+00  0.000E+00  0.000E+00  0.000E+00  0.000E+00  0.000E+00  0.000E+00  0.000E+00
  0.000E+00  0.000E+00  0.000E+00  0.000E+00  0.000E+00  0.000E+00  0.000E+00  0.000E+00  0.000E+00  0.000E+00
  0.000E+00  0.000E+00  0.000E+00  0.000E+00  0.000E+00  0.000E+00  0.000E+00  0.000E+00  0.000E+00  0.000E+00
  0.000E+00  0.000E+00  0.000E+00  0.000E+00  0.000E+00  0.000E+00  0.000E+00  0.000E+00  0.000E+00  0.000E+00
  0.000E+00  0.000E+00  0.000E+00  0.000E+00  0.000E+00  0.000E+00  0.000E+00  0.000E+00  0.000E+00  0.000E+00
  0.000E+00  0.000E+00  0.000E+00  0.000E+00  0.000E+00  0.000E+00  0.000E+00  0.000E+00  0.000E+00  0.000E+00
  0.000E+00  0.000E+00  0.000E+00  0.000E+00  0.000E+00  0.000E+00  0.000E+00  0.000E+00  0.000E+00  0.000E+00
  0.000E+00  0.000E+00  0.000E+00  0.000E+00  0.000E+00  0.000E+00  0.000E+00  0.000E+00  0.000E+00  0.000E+00
  0.000E+00  0.000E+00  0.000E+00  0.000E+00  0.000E+00  0.000E+00  0.000E+00  0.000E+00  0.000E+00  0.000E+00
  0.000E+00  0.000E+00  0.000E+00  0.000E+00  0.000E+00  0.000E+00  0.000E+00  0.000E+00  0.000E+00  0.000E+00
  0.000E+00  0.000E+00  0.000E+00  0.000E+00  0.000E+00  0.000E+00  0.000E+00  0.000E+00  0.000E+00  0.000E+00
  0.000E+00  0.000E+00  0.000E+00  0.000E+00  0.000E+00  0.000E+00  0.000E+00  0.000E+00  0.000E+00  0.000E+00
  0.000E+00  0.000E+00  0.000E+00  0.000E+00  0.000E+00  0.000E+00  0.000E+00  0.000E+00  0.000E+00  0.000E+00
  0.000E+00  0.000E+00  0.000E+00  0.000E+00  0.000E+00  0.000E+00  0.000E+00  0.000E+00  0.000E+00  0.000E+00
  0.000E+00  0.000E+00  0.000E+00  0.000E+00  0.000E+00  0.000E+00  0.000E+00  0.000E+00  0.000E+00  0.000E+00
  0.000E+00  0.000E+00  0.000E+00  0.000E+00  0.000E+00  0.000E+00  0.000E+00  0.000E+00  0.000E+00  0.000E+00
  0.000E+00  0.000E+00  0.000E+00  0.000E+00  0.000E+00  0.000E+00  0.000E+00  0.000E+00  0.000E+00  0.000E+00
  0.000E+00  0.000E+00  0.000E+00  0.000E+00  0.000E+00  0.000E+00  0.000E+00  0.000E+00  0.000E+00  0.000E+00
  0.000E+00  0.000E+00  0.000E+00  0.000E+00  0.000E+00  0.000E+00  0.000E+00  0.000E+00  0.000E+00  0.000E+00
  0.000E+00  0.000E+00  0.000E+00  0.000E+00  0.000E+00  0.000E+00  0.000E+00  0.000E+00  0.000E+00  0.000E+00
  0.000E+00  0.000E+00  0.000E+00  0.000E+00  0.000E+00  0.000E+00  0.000E+00  0.000E+00  0.000E+00  0.000E+00
  0.000E+00  0.000E+00  0.000E+00  0.000E+00  0.000E+00  0.000E+00  0.000E+00  0.000E+00  0.000E+00  0.000E+00
  0.000E+00  0.000E+00  0.000E+00  0.000E+00  0.000E+00  0.000E+00  0.000E+00  0.000E+00  0.000E+00  0.000E+00
  0.000E+00  0.000E+00  0.000E+00  0.000E+00  0.000E+00  0.000E+00  0.000E+00  0.000E+00  0.000E+00  0.000E+00
  0.000E+00  0.000E+00  0.000E+00  0.000E+00  0.000E+00  0.000E+00  0.000E+00  0.000E+00  0.000E+00  0.000E+00
  0.000E+00  0.000E+00  0.000E+00  0.000E+00  0.000E+00  0.000E+00  0.000E+00  0.000E+00  0.000E+00  0.000E+00
  0.000E+00  0.000E+00  0.000E+00  0.000E+00  0.000E+00  0.000E+00  0.000E+00  0.000E+00  0.000E+00  0.000E+00
  0.000E+00  0.000E+00  0.000E+00  0.000E+00  0.000E+00  0.000E+00  0.000E+00  0.000E+00  0.000E+00  0.000E+00
  0.000E+00  0.000E+00  0.000E+00  0.000E+00  0.000E+00  0.000E+00  0.000E+00  0.000E+00  0.000E+00  0.000E+00
  0.000E+00  0.000E+00  0.000E+00  0.000E+00  0.000E+00  0.000E+00  0.000E+00  0.000E+00  0.000E+00  0.000E+00
  0.000E+00  0.000E+00  0.000E+00  0.000E+00  0.000E+00  0.000E+00  0.000E+00  0.000E+00  0.000E+00  0.000E+00
  0.000E+00  0.000E+00  0.000E+00  0.000E+00  0.000E+00  0.000E+00  0.000E+00  0.000E+00  0.000E+00  0.000E+00
  0.000E+00  0.000E+00  0.000E+00  0.000E+00  0.000E+00  0.000E+00  0.000E+00  0.000E+00  0.000E+00  0.000E+00
  0.000E+00  0.000E+00  0.000E+00  0.000E+00  0.000E+00  0.000E+00  0.000E+00  0.000E+00  0.000E+00  0.000E+00
  0.000E+00  0.000E+00  0.000E+00  0.000E+00  0.000E+00  0.000E+00  0.000E+00  0.000E+00  0.000E+00  0.000E+00
  0.000E+00  0.000E+00  0.000E+00  0.000E+00  0.000E+00  0.000E+00  0.000E+00  0.000E+00  0.000E+00  0.000E+00
  0.000E+00  0.000E+00  0.000E+00  0.000E+00  0.000E+00  0.000E+00  0.000E+00  0.000E+00  0.000E+00  0.000E+00
  0.000E+00  0.000E+00  0.000E+00  0.000E+00  0.000E+00  0.000E+00  0.000E+00  0.000E+00  0.000E+00  0.000E+00
  0.000E+00  0.000E+00  0.000E+00  0.000E+00  0.000E+00  0.000E+00  0.000E+00  0.000E+00  0.000E+00  0.000E+00
  0.000E+00  0.000E+00  0.000E+00  0.000E+00  0.000E+00  0.000E+00  0.000E+00  0.000E+00  0.000E+00  0.000E+00
  0.000E+00  0.000E+00  0.000E+00  0.000E+00  0.000E+00  0.000E+00  0.000E+00  0.000E+00  0.000E+00  0.000E+00
  0.000E+00  0.000E+00  0.000E+00  0.000E+00  0.000E+00  0.000E+00  0.000E+00  0.000E+00  0.000E+00  0.000E+00
  0.000E+00  0.000E+00  0.000E+00  0.000E+00  0.000E+00  0.000E+00  0.000E+00  0.000E+00  0.000E+00  0.000E+00
  0.000E+00  0.000E+00  0.000E+00  0.000E+00  0.000E+00  0.000E+00  0.000E+00  0.000E+00  0.000E+00  0.000E+00
  0.000E+00  0.000E+00  0.000E+00  0.000E+00  0.000E+00  0.000E+00  0.000E+00  0.000E+00  0.000E+00  0.000E+00
  0.000E+00  0.000E+00  0.000E+00  0.000E+00  0.000E+00  0.000E+00  0.000E+00  0.000E+00  0.000E+00  0.000E+00
  0.000E+00  0.000E+00  0.000E+00  0.000E+00  0.000E+00  0.000E+00  0.000E+00  0.000E+00  0.000E+00  0.000E+00
  0.000E+00  0.000E+00  0.000E+00  0.000E+00  0.000E+00  0.000E+00  0.000E+00  0.000E+00  0.000E+00  0.000E+00
  0.000E+00  0.000E+00  0.000E+00  0.000E+00  0.000E+00  0.000E+00  0.000E+00  0.000E+00  0.000E+00  0.000E+00
  0.000E+00  0.000E+00  0.000E+00  0.000E+00  0.000E+00  0.000E+00  0.000E+00  0.000E+00  0.000E+00  0.000E+00
  0.000E+00  0.000E+00  0.000E+00  0.000E+00  0.000E+00  0.000E+00  0.000E+00  0.000E+00  0.000E+00  0.000E+00
  0.000E+00  0.000E+00  0.000E+00  0.000E+00  0.000E+00  0.000E+00  0.000E+00  0.000E+00  0.000E+00  0.000E+00
  0.000E+00  0.000E+00  0.000E+00  0.000E+00  0.000E+00  0.000E+00  0.000E+00  0.000E+00  0.000E+00  0.000E+00
  0.000E+00  0.000E+00  0.000E+00  0.000E+00  0.000E+00  0.000E+00  0.000E+00  0.000E+00  0.000E+00  0.000E+00
  0.000E+00  0.000E+00  0.000E+00  0.000E+00  0.000E+00  0.000E+00  0.000E+00  0.000E+00  0.000E+00  0.000E+00
  0.000E+00  0.000E+00  0.000E+00  0.000E+00  0.000E+00  0.000E+00  0.000E+00  0.000E+00  0.000E+00  0.000E+00
  0.000E+00  0.000E+00  0.000E+00  0.000E+00  0.000E+00  0.000E+00  0.000E+00  0.000E+00  0.000E+00  0.000E+00
  0.000E+00  0.000E+00  0.000E+00  0.000E+00  0.000E+00  0.000E+00  0.000E+00  0.000E+00  0.000E+00  0.000E+00
  0.000E+00  0.000E+00  0.000E+00  0.000E+00  0.000E+00  0.000E+00  0.000E+00  0.000E+00  0.000E+00  0.000E+00
  0.000E+00  0.000E+00  0.000E+00  0.000E+00  0.000E+00  0.000E+00  0.000E+00  0.000E+00  0.000E+00  0.000E+00
  0.000E+00  0.000E+00  0.000E+00  0.000E+00  0.000E+00  0.000E+00  0.000E+00  0.000E+00  0.000E+00  0.000E+00
  0.000E+00  0.000E+00  0.000E+00  0.000E+00  0.000E+00  0.000E+00  0.000E+00  0.000E+00  0.000E+00  0.000E+00
  0.000E+00  0.000E+00  0.000E+00  0.000E+00  0.000E+00  0.000E+00  0.000E+00  0.000E+00  0.000E+00  0.000E+00
  0.000E+00  0.000E+00  0.000E+00  0.000E+00  0.000E+00  0.000E+00  0.000E+00  0.000E+00  0.000E+00  0.000E+00
  0.000E+00  0.000E+00  0.000E+00  0.000E+00  0.000E+00  0.000E+00  0.000E+00  0.000E+00  0.000E+00  0.000E+00
  0.000E+00  0.000E+00  0.000E+00  0.000E+00  0.000E+00  0.000E+00  0.000E+00  0.000E+00  0.000E+00  0.000E+00
  0.000E+00  0.000E+00  0.000E+00  0.000E+00  0.000E+00  0.000E+00  0.000E+00  0.000E+00  0.000E+00  0.000E+00
  0.000E+00  0.000E+00  0.000E+00  0.000E+00  0.000E+00  0.000E+00  0.000E+00  0.000E+00  0.000E+00  0.000E+00
  0.000E+00  0.000E+00  0.000E+00  0.000E+00  0.000E+00  0.000E+00  0.000E+00  0.000E+00  0.000E+00  0.000E+00
  0.000E+00  0.000E+00  0.000E+00  0.000E+00  0.000E+00  0.000E+00  0.000E+00  0.000E+00  0.000E+00  0.000E+00
  0.000E+00  0.000E+00  0.000E+00  0.000E+00  0.000E+00  0.000E+00  0.000E+00  0.000E+00  0.000E+00  0.000E+00
  0.000E+00  0.000E+00  0.000E+00  0.000E+00  0.000E+00  0.000E+00  0.000E+00  0.000E+00  0.000E+00  0.000E+00
  0.000E+00  0.000E+00  0.000E+00  0.000E+00  0.000E+00  0.000E+00  0.000E+00  0.000E+00  0.000E+00  0.000E+00
  0.000E+00  0.000E+00  0.000E+00  0.000E+00  0.000E+00  0.000E+00  0.000E+00  0.000E+00  0.000E+00  0.000E+00
  0.000E+00  0.000E+00  0.000E+00  0.000E+00  0.000E+00  0.000E+00  0.000E+00  0.000E+00  0.000E+00  0.000E+00
  0.000E+00  0.000E+00  0.000E+00  0.000E+00  0.000E+00  0.000E+00  0.000E+00  0.000E+00  0.000E+00  0.000E+00
  0.000E+00  0.000E+00  0.000E+00  0.000E+00  0.000E+00  0.000E+00  0.000E+00  0.000E+00  0.000E+00  0.000E+00
  0.000E+00  0.000E+00  0.000E+00  0.000E+00  0.000E+00  0.000E+00  0.000E+00  0.000E+00  0.000E+00  0.000E+00
  0.000E+00  0.000E+00  0.000E+00  0.000E+00  0.000E+00  0.000E+00  0.000E+00  0.000E+00  0.000E+00  0.000E+00
  0.000E+00  0.000E+00  0.000E+00  0.000E+00  0.000E+00  0.000E+00  0.000E+00  0.000E+00  0.000E+00  0.000E+00
  0.000E+00  0.000E+00  0.000E+00  0.000E+00  0.000E+00  0.000E+00  0.000E+00  0.000E+00  0.000E+00  0.000E+00
  0.000E+00  0.000E+00  0.000E+00  0.000E+00  0.000E+00  0.000E+00  0.000E+00  0.000E+00  0.000E+00  0.000E+00
  0.000E+00  0.000E+00  0.000E+00  0.000E+00  0.000E+00  0.000E+00  0.000E+00  0.000E+00  0.000E+00  0.000E+00
  0.000E+00  0.000E+00  0.000E+00  0.000E+00  0.000E+00  0.000E+00  0.000E+00  0.000E+00  0.000E+00  0.000E+00
  0.000E+00  0.000E+00  0.000E+00  0.000E+00  0.000E+00  0.000E+00  0.000E+00  0.000E+00  0.000E+00  0.000E+00
  0.000E+00  0.000E+00  0.000E+00  0.000E+00  0.000E+00  0.000E+00  0.000E+00  0.000E+00  0.000E+00  0.000E+00
  0.000E+00  0.000E+00  0.000E+00  0.000E+00  0.000E+00  0.000E+00  0.000E+00  0.000E+00  0.000E+00  0.000E+00
  0.000E+00  0.000E+00  0.000E+00  0.000E+00  0.000E+00  0.000E+00  0.000E+00  0.000E+00  0.000E+00  0.000E+00
  0.000E+00  0.000E+00  0.000E+00  0.000E+00  0.000E+00  0.000E+00  0.000E+00  0.000E+00  0.000E+00  0.000E+00
  0.000E+00  0.000E+00  0.000E+00  0.000E+00  0.000E+00  0.000E+00  0.000E+00  0.000E+00  0.000E+00  0.000E+00
  0.000E+00  0.000E+00  0.000E+00  0.000E+00  0.000E+00  0.000E+00  0.000E+00  0.000E+00  0.000E+00  0.000E+00
  0.000E+00  0.000E+00  0.000E+00  0.000E+00  0.000E+00  0.000E+00  0.000E+00  0.000E+00  0.000E+00  0.000E+00
  0.000E+00  0.000E+00  0.000E+00  0.000E+00  0.000E+00  0.000E+00  0.000E+00  0.000E+00  0.000E+00  0.000E+00
  0.000E+00  0.000E+00  0.000E+00  0.000E+00  0.000E+00  0.000E+00  0.000E+00  0.000E+00  0.000E+00  0.000E+00
  0.000E+00  0.000E+00  0.000E+00  0.000E+00  0.000E+00  0.000E+00  0.000E+00  0.000E+00  0.000E+00  0.000E+00
  0.000E+00  0.000E+00  0.000E+00  0.000E+00  0.000E+00  0.000E+00  0.000E+00  0.000E+00  0.000E+00  0.000E+00
  0.000E+00  0.000E+00  0.000E+00  0.000E+00  0.000E+00  0.000E+00  0.000E+00  0.000E+00  0.000E+00  0.000E+00
  0.000E+00  0.000E+00  0.000E+00  0.000E+00  0.000E+00  0.000E+00  0.000E+00  0.000E+00  0.000E+00  0.000E+00
  0.000E+00  0.000E+00  0.000E+00  0.000E+00  0.000E+00  0.000E+00  0.000E+00  0.000E+00  0.000E+00  0.000E+00
  0.000E+00  0.000E+00  0.000E+00  0.000E+00  0.000E+00  0.000E+00  0.000E+00  0.000E+00  0.000E+00  0.000E+00
  0.000E+00  0.000E+00  0.000E+00  0.000E+00  0.000E+00  0.000E+00  0.000E+00  0.000E+00  0.000E+00  0.000E+00
  0.000E+00  0.000E+00  0.000E+00  0.000E+00  0.000E+00  0.000E+00  0.000E+00  0.000E+00  0.000E+00  0.000E+00
  0.000E+00  0.000E+00  0.000E+00  0.000E+00  0.000E+00  0.000E+00  0.000E+00  0.000E+00  0.000E+00  0.000E+00
  0.000E+00  0.000E+00  0.000E+00  0.000E+00  0.000E+00  0.000E+00  0.000E+00  0.000E+00  0.000E+00  0.000E+00
  0.000E+00  0.000E+00  0.000E+00  0.000E+00  0.000E+00  0.000E+00  0.000E+00  0.000E+00  0.000E+00  0.000E+00
  0.000E+00  0.000E+00  0.000E+00  0.000E+00  0.000E+00  0.000E+00  0.000E+00  0.000E+00  0.000E+00  0.000E+00
  0.000E+00  0.000E+00  0.000E+00  0.000E+00  0.000E+00  0.000E+00  0.000E+00  0.000E+00  0.000E+00  0.000E+00
  0.000E+00  0.000E+00  0.000E+00  0.000E+00  0.000E+00  0.000E+00  0.000E+00  0.000E+00  0.000E+00  0.000E+00
  0.000E+00  0.000E+00  0.000E+00  0.000E+00  0.000E+00  0.000E+00  0.000E+00  0.000E+00  0.000E+00  0.000E+00
  0.000E+00  0.000E+00  0.000E+00  0.000E+00  0.000E+00  0.000E+00  0.000E+00  0.000E+00  0.000E+00  0.000E+00
  0.000E+00  0.000E+00  0.000E+00  0.000E+00  0.000E+00  0.000E+00  0.000E+00  0.000E+00  0.000E+00  0.000E+00
  0.000E+00  0.000E+00  0.000E+00  0.000E+00  0.000E+00  0.000E+00  0.000E+00  0.000E+00  0.000E+00  0.000E+00
  0.000E+00  0.000E+00  0.000E+00  0.000E+00  0.000E+00  0.000E+00  0.000E+00  0.000E+00  0.000E+00  0.000E+00
  0.000E+00  0.000E+00  0.000E+00  0.000E+00  0.000E+00  0.000E+00  0.000E+00  0.000E+00  0.000E+00  0.000E+00
  0.000E+00  0.000E+00  0.000E+00  0.000E+00  0.000E+00  0.000E+00  0.000E+00  0.000E+00  0.000E+00  0.000E+00
  0.000E+00  0.000E+00  0.000E+00  0.000E+00  0.000E+00  0.000E+00  0.000E+00  0.000E+00  0.000E+00  0.000E+00
  0.000E+00  0.000E+00  0.000E+00  0.000E+00  0.000E+00  0.000E+00  0.000E+00  0.000E+00  0.000E+00  0.000E+00
  0.000E+00  0.000E+00  0.000E+00  0.000E+00  0.000E+00  0.000E+00  0.000E+00  0.000E+00  0.000E+00  0.000E+00
  0.000E+00  0.000E+00  0.000E+00  0.000E+00  0.000E+00  0.000E+00  0.000E+00  0.000E+00  0.000E+00  0.000E+00
  0.000E+00  0.000E+00  0.000E+00  0.000E+00  0.000E+00  0.000E+00  0.000E+00  0.000E+00  0.000E+00  0.000E+00
  0.000E+00  0.000E+00  0.000E+00  0.000E+00  0.000E+00  0.000E+00  0.000E+00  0.000E+00  0.000E+00  0.000E+00
  0.000E+00  0.000E+00  0.000E+00  0.000E+00  0.000E+00  0.000E+00  0.000E+00  0.000E+00  0.000E+00  0.000E+00
  0.000E+00  0.000E+00  0.000E+00  0.000E+00  0.000E+00  0.000E+00  0.000E+00  0.000E+00  0.000E+00  0.000E+00
  0.000E+00  0.000E+00  0.000E+00  0.000E+00  0.000E+00  0.000E+00  0.000E+00  0.000E+00  0.000E+00  0.000E+00
  0.000E+00  0.000E+00  0.000E+00  0.000E+00  0.000E+00  0.000E+00  0.000E+00  0.000E+00  0.000E+00  0.000E+00
  0.000E+00  0.000E+00  0.000E+00  0.000E+00  0.000E+00  0.000E+00  0.000E+00  0.000E+00  0.000E+00  0.000E+00
  0.000E+00  0.000E+00  0.000E+00  0.000E+00  0.000E+00  0.000E+00  0.000E+00  0.000E+00  0.000E+00  0.000E+00
  0.000E+00  0.000E+00  0.000E+00  0.000E+00  0.000E+00  0.000E+00  0.000E+00  0.000E+00  0.000E+00  0.000E+00
  0.000E+00  0.000E+00  0.000E+00  0.000E+00  0.000E+00  0.000E+00  0.000E+00  0.000E+00  0.000E+00  0.000E+00
  0.000E+00  0.000E+00  0.000E+00  0.000E+00  0.000E+00  0.000E+00  0.000E+00  0.000E+00  0.000E+00  0.000E+00
  0.000E+00  0.000E+00  0.000E+00  0.000E+00  0.000E+00  0.000E+00  0.000E+00  0.000E+00  0.000E+00  0.000E+00
  0.000E+00  0.000E+00  0.000E+00  0.000E+00  0.000E+00  0.000E+00  0.000E+00  0.000E+00  0.000E+00  0.000E+00
  0.000E+00  0.000E+00  0.000E+00  0.000E+00  0.000E+00  0.000E+00  0.000E+00  0.000E+00  0.000E+00  0.000E+00
  0.000E+00  0.000E+00  0.000E+00  0.000E+00  0.000E+00  0.000E+00  0.000E+00  0.000E+00  0.000E+00  0.000E+00
  0.000E+00  0.000E+00  0.000E+00  0.000E+00  0.000E+00  0.000E+00  0.000E+00  0.000E+00  0.000E+00  0.000E+00
  0.000E+00  0.000E+00  0.000E+00  0.000E+00  0.000E+00  0.000E+00  0.000E+00  0.000E+00  0.000E+00  0.000E+00
  0.000E+00  0.000E+00  0.000E+00  0.000E+00  0.000E+00  0.000E+00  0.000E+00  0.000E+00  0.000E+00  0.000E+00
  0.000E+00  0.000E+00  0.000E+00  0.000E+00  0.000E+00  0.000E+00  0.000E+00  0.000E+00  0.000E+00  0.000E+00
  0.000E+00  0.000E+00  0.000E+00  0.000E+00  0.000E+00  0.000E+00  0.000E+00  0.000E+00  0.000E+00  0.000E+00
  0.000E+00  0.000E+00  0.000E+00  0.000E+00  0.000E+00  0.000E+00  0.000E+00  0.000E+00  0.000E+00  0.000E+00
  0.000E+00  0.000E+00  0.000E+00  0.000E+00  0.000E+00  0.000E+00  0.000E+00  0.000E+00  0.000E+00  0.000E+00
  0.000E+00  0.000E+00  0.000E+00  0.000E+00  0.000E+00  0.000E+00  0.000E+00  0.000E+00  0.000E+00  0.000E+00
  0.000E+00  0.000E+00  0.000E+00  0.000E+00  0.000E+00  0.000E+00  0.000E+00  0.000E+00  0.000E+00  0.000E+00
  0.000E+00  0.000E+00  0.000E+00  0.000E+00  0.000E+00  0.000E+00  0.000E+00  0.000E+00  0.000E+00  0.000E+00
  0.000E+00  0.000E+00  0.000E+00  0.000E+00  0.000E+00  0.000E+00  0.000E+00  0.000E+00  0.000E+00  0.000E+00
  0.000E+00  0.000E+00  0.000E+00  0.000E+00  0.000E+00  0.000E+00  0.000E+00  0.000E+00  0.000E+00  0.000E+00
  0.000E+00  0.000E+00  0.000E+00  0.000E+00  0.000E+00  0.000E+00  0.000E+00  0.000E+00  0.000E+00  0.000E+00
  0.000E+00  0.000E+00  0.000E+00  0.000E+00  0.000E+00  0.000E+00  0.000E+00  0.000E+00  0.000E+00  0.000E+00
  0.000E+00  0.000E+00  0.000E+00  0.000E+00  0.000E+00  0.000E+00  0.000E+00  0.000E+00  0.000E+00  0.000E+00
  0.000E+00  0.000E+00  0.000E+00  0.000E+00  0.000E+00  0.000E+00  0.000E+00  0.000E+00  0.000E+00  0.000E+00
  0.000E+00  0.000E+00  0.000E+00  0.000E+00  0.000E+00  0.000E+00  0.000E+00  0.000E+00  0.000E+00  0.000E+00
  0.000E+00  0.000E+00  0.000E+00  0.000E+00  0.000E+00  0.000E+00  0.000E+00  0.000E+00  0.000E+00  0.000E+00
  0.000E+00  0.000E+00  0.000E+00  0.000E+00  0.000E+00  0.000E+00  0.000E+00  0.000E+00  0.000E+00  0.000E+00
  0.000E+00  0.000E+00  0.000E+00  0.000E+00  0.000E+00  0.000E+00  0.000E+00  0.000E+00  0.000E+00  0.000E+00
  0.000E+00  0.000E+00  0.000E+00  0.000E+00  0.000E+00  0.000E+00  0.000E+00  0.000E+00  0.000E+00  0.000E+00
  0.000E+00  0.000E+00  0.000E+00  0.000E+00  0.000E+00  0.000E+00  0.000E+00  0.000E+00  0.000E+00  0.000E+00
  0.000E+00  0.000E+00  0.000E+00  0.000E+00  0.000E+00  0.000E+00  0.000E+00  0.000E+00  0.000E+00  0.000E+00
  0.000E+00  0.000E+00  0.000E+00  0.000E+00  0.000E+00  0.000E+00  0.000E+00  0.000E+00  0.000E+00  0.000E+00
  0.000E+00  0.000E+00  0.000E+00  0.000E+00  0.000E+00  0.000E+00  0.000E+00  0.000E+00  0.000E+00  0.000E+00
  0.000E+00  0.000E+00  0.000E+00  0.000E+00  0.000E+00  0.000E+00  0.000E+00  0.000E+00  0.000E+00  0.000E+00
  0.000E+00  0.000E+00  0.000E+00  0.000E+00  0.000E+00  0.000E+00  0.000E+00  0.000E+00  0.000E+00  0.000E+00
  0.000E+00  0.000E+00  0.000E+00  0.000E+00  0.000E+00  0.000E+00  0.000E+00  0.000E+00  0.000E+00  0.000E+00
  0.000E+00  0.000E+00  0.000E+00  0.000E+00  0.000E+00  0.000E+00  0.000E+00  0.000E+00  0.000E+00  0.000E+00
  0.000E+00  0.000E+00  0.000E+00  0.000E+00  0.000E+00  0.000E+00  0.000E+00  0.000E+00  0.000E+00  0.000E+00
  0.000E+00  0.000E+00  0.000E+00  0.000E+00  0.000E+00  0.000E+00  0.000E+00  0.000E+00  0.000E+00  0.000E+00
  0.000E+00  0.000E+00  0.000E+00  0.000E+00  0.000E+00  0.000E+00  0.000E+00  0.000E+00  0.000E+00  0.000E+00
  0.000E+00  0.000E+00  0.000E+00  0.000E+00  0.000E+00  0.000E+00  0.000E+00  0.000E+00  0.000E+00  0.000E+00
  0.000E+00  0.000E+00  0.000E+00  0.000E+00  0.000E+00  0.000E+00  0.000E+00  0.000E+00  0.000E+00  0.000E+00
  0.000E+00  0.000E+00  0.000E+00  0.000E+00  0.000E+00  0.000E+00  0.000E+00  0.000E+00  0.000E+00  0.000E+00
  0.000E+00  0.000E+00  0.000E+00  0.000E+00  0.000E+00  0.000E+00  0.000E+00  0.000E+00  0.000E+00  0.000E+00
  0.000E+00  0.000E+00  0.000E+00  0.000E+00  0.000E+00  0.000E+00  0.000E+00  0.000E+00  0.000E+00  0.000E+00
  0.000E+00  0.000E+00  0.000E+00  0.000E+00  0.000E+00  0.000E+00  0.000E+00  0.000E+00  0.000E+00  0.000E+00
  0.000E+00  0.000E+00  0.000E+00  0.000E+00  0.000E+00  0.000E+00  0.000E+00  0.000E+00  0.000E+00  0.000E+00
  0.000E+00  1.000E+00  0.000E+00  1.000E+00  0.000E+00  0.000E+00  0.000E+00  0.000E+00  0.000E+00  0.000E+00
  0.000E+00  0.000E+00  0.000E+00  0.000E+00  0.000E+00  0.000E+00  0.000E+00  0.000E+00  0.000E+00  0.000E+00
  0.000E+00  0.000E+00  0.000E+00  0.000E+00  0.000E+00  0.000E+00  0.000E+00  0.000E+00  0.000E+00  0.000E+00
  0.000E+00  0.000E+00  0.000E+00  0.000E+00  0.000E+00  0.000E+00  0.000E+00  0.000E+00  0.000E+00  0.000E+00
  0.000E+00  0.000E+00  0.000E+00  0.000E+00  0.000E+00  0.000E+00  0.000E+00  0.000E+00  0.000E+00  0.000E+00
  0.000E+00  0.000E+00  0.000E+00  0.000E+00  0.000E+00  0.000E+00  0.000E+00  0.000E+00  0.000E+00  0.000E+00
  0.000E+00  0.000E+00  0.000E+00  0.000E+00  0.000E+00  0.000E+00  0.000E+00  0.000E+00  0.000E+00  0.000E+00
  0.000E+00  0.000E+00  0.000E+00  0.000E+00  0.000E+00  0.000E+00  0.000E+00  0.000E+00  0.000E+00  0.000E+00
  0.000E+00  0.000E+00  0.000E+00  0.000E+00  0.000E+00  0.000E+00  0.000E+00  0.000E+00  0.000E+00  0.000E+00
  0.000E+00  0.000E+00  0.000E+00  0.000E+00  0.000E+00  0.000E+00  0.000E+00  0.000E+00  0.000E+00  0.000E+00
  0.000E+00  0.000E+00  0.000E+00  0.000E+00  0.000E+00  0.000E+00  0.000E+00  0.000E+00  0.000E+00  0.000E+00
  0.000E+00  0.000E+00  0.000E+00  0.000E+00  0.000E+00  0.000E+00  0.000E+00  0.000E+00  0.000E+00  0.000E+00
  0.000E+00  0.000E+00  0.000E+00  0.000E+00  0.000E+00  0.000E+00  0.000E+00  0.000E+00  0.000E+00  0.000E+00
  0.000E+00  0.000E+00  0.000E+00  0.000E+00  0.000E+00  0.000E+00  0.000E+00  0.000E+00  0.000E+00  0.000E+00
  0.000E+00  0.000E+00  0.000E+00  0.000E+00  0.000E+00  0.000E+00  0.000E+00  0.000E+00  0.000E+00  0.000E+00
  0.000E+00  0.000E+00  0.000E+00  0.000E+00  0.000E+00  0.000E+00  0.000E+00  0.000E+00  0.000E+00  0.000E+00
  0.000E+00  0.000E+00  0.000E+00  0.000E+00  0.000E+00  0.000E+00  0.000E+00  0.000E+00  0.000E+00  0.000E+00
  0.000E+00  0.000E+00  0.000E+00  0.000E+00  0.000E+00  0.000E+00  0.000E+00  0.000E+00  0.000E+00  0.000E+00
  0.000E+00  0.000E+00  0.000E+00  0.000E+00  0.000E+00  0.000E+00  0.000E+00  0.000E+00  0.000E+00  0.000E+00
  0.000E+00  0.000E+00  0.000E+00  0.000E+00  0.000E+00  1.000E+00  0.000E+00  0.000E+00  0.000E+00  0.000E+00
  0.000E+00  0.000E+00  0.000E+00  0.000E+00  0.000E+00  0.000E+00  1.000E+00  0.000E+00  0.000E+00  0.000E+00
  0.000E+00  0.000E+00  0.000E+00  0.000E+00  0.000E+00  0.000E+00  0.000E+00  0.000E+00  0.000E+00  0.000E+00
  0.000E+00  0.000E+00  0.000E+00  0.000E+00  0.000E+00  0.000E+00  0.000E+00  0.000E+00  0.000E+00  0.000E+00
  0.000E+00  0.000E+00  0.000E+00  0.000E+00  0.000E+00  1.000E+00  0.000E+00  0.000E+00  0.000E+00  0.000E+00
  0.000E+00  0.000E+00  0.000E+00  0.000E+00  0.000E+00  0.000E+00  0.000E+00  0.000E+00  0.000E+00  0.000E+00
  0.000E+00  0.000E+00  0.000E+00  0.000E+00  0.000E+00  0.000E+00  0.000E+00  0.000E+00  0.000E+00  0.000E+00
  0.000E+00  0.000E+00  0.000E+00  0.000E+00  0.000E+00  0.000E+00  0.000E+00  0.000E+00  0.000E+00  0.000E+00
  0.000E+00  0.000E+00  0.000E+00  0.000E+00  0.000E+00  0.000E+00  0.000E+00  0.000E+00  0.000E+00  0.000E+00
  0.000E+00  0.000E+00  0.000E+00  0.000E+00  0.000E+00  0.000E+00  0.000E+00  0.000E+00  0.000E+00  0.000E+00
  0.000E+00  0.000E+00  0.000E+00  1.000E+00  1.000E+00  1.000E+00  0.000E+00  0.000E+00  0.000E+00  0.000E+00
  0.000E+00  0.000E+00  0.000E+00  0.000E+00  0.000E+00  0.000E+00  0.000E+00  1.000E+00  0.000E+00  0.000E+00
  0.000E+00  0.000E+00  0.000E+00  0.000E+00  0.000E+00  0.000E+00  0.000E+00  0.000E+00  0.000E+00  0.000E+00
  0.000E+00  0.000E+00  0.000E+00  0.000E+00  0.000E+00  0.000E+00  0.000E+00  0.000E+00  0.000E+00  0.000E+00
  0.000E+00  0.000E+00  0.000E+00  0.000E+00  0.000E+00  0.000E+00  0.000E+00  0.000E+00  0.000E+00  0.000E+00
  0.000E+00  0.000E+00  0.000E+00  0.000E+00  0.000E+00  0.000E+00  0.000E+00  0.000E+00  0.000E+00  0.000E+00
  0.000E+00  0.000E+00  0.000E+00  0.000E+00  0.000E+00  0.000E+00  0.000E+00  0.000E+00  0.000E+00  0.000E+00
  0.000E+00  0.000E+00  1.000E+00  1.000E+00  0.000E+00  0.000E+00  0.000E+00  0.000E+00  0.000E+00  0.000E+00
  0.000E+00  0.000E+00  0.000E+00  0.000E+00  0.000E+00  0.000E+00  0.000E+00  0.000E+00  0.000E+00  0.000E+00
  0.000E+00  0.000E+00  0.000E+00  0.000E+00  0.000E+00  1.000E+00  1.000E+00  1.000E+00  0.000E+00  1.000E+00
  7.375E-01  1.000E+00  1.000E+00  1.000E+00  9.782E-01  1.000E+00  0.000E+00  1.000E+00  1.000E+00  1.000E+00
  0.000E+00  0.000E+00  1.000E+00  0.000E+00  0.000E+00  0.000E+00  0.000E+00  0.000E+00  0.000E+00  0.000E+00
  1.000E+00  0.000E+00  0.000E+00  0.000E+00  0.000E+00  0.000E+00  0.000E+00  0.000E+00  0.000E+00  0.000E+00
  0.000E+00  0.000E+00  0.000E+00  0.000E+00  0.000E+00  0.000E+00  0.000E+00  0.000E+00  0.000E+00  0.000E+00
  1.000E+00  0.000E+00  0.000E+00  0.000E+00  0.000E+00  0.000E+00  0.000E+00  0.000E+00  0.000E+00  0.000E+00
  0.000E+00  0.000E+00  0.000E+00  0.000E+00  0.000E+00  0.000E+00  0.000E+00  0.000E+00  0.000E+00  0.000E+00
  1.000E+00  0.000E+00  0.000E+00  0.000E+00  0.000E+00  1.000E+00  0.000E+00  0.000E+00  1.000E+00  0.000E+00
  0.000E+00  0.000E+00  0.000E+00  0.000E+00  0.000E+00  0.000E+00  0.000E+00  0.000E+00  0.000E+00  0.000E+00
  0.000E+00  0.000E+00  0.000E+00  0.000E+00  0.000E+00  0.000E+00  0.000E+00  0.000E+00  0.000E+00  1.000E+00
  0.000E+00  1.000E+00  0.000E+00  0.000E+00  5.485E-01  5.769E-01  6.803E-01  1.000E+00  0.000E+00  0.000E+00
  1.000E+00  1.000E+00  6.912E-01  7.475E-01  6.930E-01  6.838E-01  1.000E+00  1.000E+00  1.000E+00  6.432E-01
  0.000E+00  0.000E+00  0.000E+00  1.000E+00  7.072E-01  7.146E-01  1.000E+00  0.000E+00  0.000E+00  0.000E+00
  0.000E+00  0.000E+00  0.000E+00  0.000E+00  0.000E+00  0.000E+00  0.000E+00  0.000E+00  0.000E+00  0.000E+00
  0.000E+00  0.000E+00  0.000E+00  0.000E+00  0.000E+00  0.000E+00  0.000E+00  0.000E+00  0.000E+00  0.000E+00
  0.000E+00  0.000E+00  0.000E+00  0.000E+00  0.000E+00  1.000E+00  0.000E+00  0.000E+00  0.000E+00  0.000E+00
  0.000E+00  0.000E+00  0.000E+00  0.000E+00  0.000E+00  0.000E+00  0.000E+00  1.000E+00  1.000E+00  0.000E+00
  0.000E+00  0.000E+00  0.000E+00  0.000E+00  0.000E+00  0.000E+00  0.000E+00  1.000E+00  1.000E+00  0.000E+00
  0.000E+00  1.000E+00  0.000E+00  0.000E+00  1.000E+00  0.000E+00  0.000E+00  0.000E+00  0.000E+00  0.000E+00
  0.000E+00  1.000E+00  1.000E+00  1.000E+00  1.000E+00  0.000E+00  1.000E+00  0.000E+00  7.106E-01  5.419E-01
  5.858E-01  1.000E+00  0.000E+00  7.666E-01  6.876E-01  7.225E-01  5.794E-01  5.073E-01  1.000E+00  7.309E-01
  7.501E-01  7.098E-01  8.278E-01  4.559E-01  3.522E-01  4.702E-01  6.567E-01  7.721E-01  5.788E-01  5.797E-01
  0.000E+00  0.000E+00  0.000E+00  0.000E+00  1.000E+00  1.000E+00  8.845E-01  0.000E+00  0.000E+00  0.000E+00
  0.000E+00  0.000E+00  0.000E+00  0.000E+00  1.000E+00  1.000E+00  0.000E+00  0.000E+00  0.000E+00  0.000E+00
  0.000E+00  0.000E+00  0.000E+00  0.000E+00  0.000E+00  1.000E+00  0.000E+00  0.000E+00  0.000E+00  0.000E+00
  0.000E+00  0.000E+00  0.000E+00  0.000E+00  0.000E+00  0.000E+00  0.000E+00  0.000E+00  0.000E+00  0.000E+00
  0.000E+00  0.000E+00  0.000E+00  1.000E+00  0.000E+00  0.000E+00  1.000E+00  0.000E+00  0.000E+00  0.000E+00
  5.430E-01  1.000E+00  1.000E+00  1.000E+00  0.000E+00  0.000E+00  1.000E+00  0.000E+00  0.000E+00  1.000E+00
  7.409E-01  8.040E-01  0.000E+00  0.000E+00  6.620E-01  7.281E-01  5.289E-01  6.346E-01  6.240E-01  7.538E-01
  7.096E-01  7.203E-01  6.287E-01  4.598E-01  4.863E-01  5.372E-01  4.893E-01  4.539E-01  3.953E-01  6.662E-01
  4.434E-01  3.240E-01  7.383E-01  4.843E-01  5.840E-01  5.778E-01  4.666E-01  5.710E-01  5.671E-01  4.418E-01
  6.211E-01  3.366E-01  4.136E-01  3.821E-01  4.427E-01  3.905E-01  5.607E-01  3.878E-01  4.488E-01  4.655E-01
  0.000E+00  0.000E+00  0.000E+00  0.000E+00  1.000E+00  0.000E+00  0.000E+00  0.000E+00  0.000E+00  0.000E+00
  0.000E+00  0.000E+00  0.000E+00  0.000E+00  0.000E+00  0.000E+00  0.000E+00  0.000E+00  1.000E+00  0.000E+00
  1.000E+00  0.000E+00  0.000E+00  0.000E+00  1.000E+00  1.000E+00  1.000E+00  0.000E+00  0.000E+00  0.000E+00
  0.000E+00  0.000E+00  0.000E+00  0.000E+00  0.000E+00  1.000E+00  0.000E+00  0.000E+00  0.000E+00  0.000E+00
  0.000E+00  1.000E+00  0.000E+00  1.000E+00  1.000E+00  0.000E+00  0.000E+00  1.000E+00  7.664E-01  1.000E+00
  5.866E-01  7.072E-01  7.419E-01  0.000E+00  5.036E-01  4.842E-01  5.970E-01  1.000E+00  5.810E-01  3.904E-01
  4.726E-01  4.199E-01  9.819E-01  4.683E-01  4.340E-01  3.890E-01  4.545E-01  4.003E-01  3.716E-01  3.954E-01
  3.417E-01  2.786E-01  3.256E-01  4.719E-01  3.673E-01  3.454E-01  3.313E-01  4.021E-01  3.629E-01  3.717E-01
  3.322E-01  2.667E-01  3.173E-01  2.815E-01  2.623E-01  2.535E-01  3.950E-01  4.127E-01  3.778E-01  3.599E-01
  2.886E-01  3.042E-01  3.830E-01  3.120E-01  3.139E-01  2.992E-01  3.105E-01  3.080E-01  3.252E-01  3.474E-01
  0.000E+00  0.000E+00  0.000E+00  0.000E+00  1.000E+00  5.008E-01  0.000E+00  0.000E+00  0.000E+00  0.000E+00
  0.000E+00  0.000E+00  0.000E+00  0.000E+00  0.000E+00  0.000E+00  7.186E-01  1.000E+00  1.000E+00  0.000E+00
  1.000E+00  0.000E+00  1.000E+00  1.000E+00  0.000E+00  1.000E+00  0.000E+00  6.179E-01  0.000E+00  1.000E+00
  0.000E+00  0.000E+00  0.000E+00  1.000E+00  5.052E-01  7.114E-01  6.173E-01  8.631E-01  0.000E+00  7.459E-01
  1.000E+00  1.000E+00  4.412E-01  7.242E-01  5.774E-01  5.488E-01  5.777E-01  7.189E-01  4.448E-01  5.067E-01
  9.455E-01  4.303E-01  4.177E-01  3.975E-01  4.365E-01  4.092E-01  4.588E-01  3.454E-01  3.662E-01  3.766E-01
  3.313E-01  3.270E-01  3.431E-01  3.258E-01  3.060E-01  2.423E-01  3.121E-01  3.453E-01  2.842E-01  3.077E-01
  3.081E-01  2.468E-01  2.620E-01  3.293E-01  3.874E-01  2.866E-01  4.057E-01  3.825E-01  4.348E-01  4.056E-01
  4.005E-01  3.658E-01  2.919E-01  2.729E-01  3.319E-01  2.722E-01  3.154E-01  3.373E-01  3.056E-01  2.917E-01
  3.028E-01  3.383E-01  2.819E-01  3.634E-01  3.142E-01  3.340E-01  2.639E-01  2.721E-01  2.926E-01  3.641E-01
  0.000E+00  0.000E+00  0.000E+00  0.000E+00  0.000E+00  4.087E-01  1.000E+00  0.000E+00  0.000E+00  0.000E+00
  0.000E+00  0.000E+00  0.000E+00  0.000E+00  0.000E+00  0.000E+00  0.000E+00  1.000E+00  7.760E-01  7.084E-01
  5.062E-01  5.113E-01  7.118E-01  0.000E+00  0.000E+00  0.000E+00  0.000E+00  0.000E+00  1.000E+00  5.893E-01
  7.212E-01  6.105E-01  5.985E-01  5.575E-01  5.204E-01  3.646E-01  5.605E-01  5.899E-01  6.728E-01  6.190E-01
  3.278E-01  3.312E-01  3.022E-01  3.706E-01  3.954E-01  2.898E-01  3.565E-01  2.563E-01  2.084E-01  2.674E-01
  3.073E-01  2.528E-01  2.631E-01  2.345E-01  1.995E-01  2.970E-01  2.048E-01  1.746E-01  2.119E-01  1.776E-01
  2.077E-01  2.042E-01  2.185E-01  2.400E-01  3.007E-01  4.381E-01  4.244E-01  5.229E-01  6.562E-01  5.352E-01
  6.353E-01  5.911E-01  6.439E-01  5.316E-01  7.466E-01  6.533E-01  6.528E-01  5.358E-01  3.598E-01  5.377E-01
  3.977E-01  3.234E-01  3.302E-01  2.939E-01  3.060E-01  3.284E-01  3.552E-01  3.521E-01  3.094E-01  2.953E-01
  2.462E-01  4.056E-01  4.600E-01  4.645E-01  4.857E-01  6.273E-01  4.384E-01  3.356E-01  4.553E-01  4.013E-01
  0.000E+00  0.000E+00  0.000E+00  0.000E+00  7.072E-01  2.776E-01  7.074E-01  0.000E+00  0.000E+00  1.000E+00
  6.386E-01  7.321E-01  1.000E+00  1.000E+00  7.111E-01  5.785E-01  5.536E-01  3.680E-01  4.539E-01  4.454E-01
  2.946E-01  3.119E-01  3.999E-01  1.000E+00  1.000E+00  5.404E-01  4.003E-01  3.577E-01  3.085E-01  3.966E-01
  3.799E-01  2.839E-01  2.628E-01  3.200E-01  3.739E-01  3.031E-01  2.971E-01  2.153E-01  2.842E-01  3.295E-01
  1.985E-01  2.330E-01  1.882E-01  1.639E-01  1.565E-01  1.641E-01  1.640E-01  1.593E-01  1.638E-01  1.764E-01
  1.596E-01  1.546E-01  1.732E-01  1.391E-01  1.363E-01  1.497E-01  1.324E-01  1.416E-01  1.360E-01  1.331E-01
  1.415E-01  1.415E-01  1.486E-01  1.345E-01  1.573E-01  2.612E-01  2.905E-01  2.932E-01  3.488E-01  3.855E-01
  3.983E-01  4.099E-01  7.114E-01  5.100E-01  4.112E-01  6.182E-01  5.179E-01  5.423E-01  8.215E-01  1.000E+00
  7.562E-01  4.771E-01  7.051E-01  8.309E-01  1.000E+00  1.000E+00  6.179E-01  7.638E-01  1.000E+00  1.000E+00
  6.205E-01  6.654E-01  1.000E+00  1.000E+00  0.000E+00  0.000E+00  0.000E+00  7.142E-01  7.099E-01  1.000E+00
  0.000E+00  0.000E+00  0.000E+00  0.000E+00  5.043E-01  1.969E-01  3.565E-01  1.000E+00  9.036E-01  1.000E+00
  7.086E-01  6.893E-01  0.000E+00  0.000E+00  4.782E-01  3.523E-01  2.938E-01  3.326E-01  3.605E-01  2.818E-01
  2.619E-01  2.596E-01  2.597E-01  3.002E-01  3.549E-01  2.870E-01  2.816E-01  2.572E-01  2.502E-01  2.289E-01
  2.172E-01  2.467E-01  2.754E-01  2.464E-01  2.015E-01  2.107E-01  2.746E-01  1.773E-01  1.578E-01  1.573E-01
  1.343E-01  1.392E-01  1.423E-01  1.119E-01  1.167E-01  1.218E-01  1.146E-01  1.133E-01  1.181E-01  1.177E-01
  1.201E-01  1.010E-01  1.107E-01  1.046E-01  1.081E-01  1.170E-01  1.135E-01  1.214E-01  1.222E-01  1.181E-01
  1.151E-01  1.352E-01  1.172E-01  1.296E-01  1.474E-01  2.687E-01  2.512E-01  2.372E-01  2.940E-01  2.898E-01
  3.273E-01  4.382E-01  3.580E-01  4.106E-01  5.119E-01  1.000E+00  9.549E-01  7.142E-01  6.664E-01  7.786E-01
  1.000E+00  6.114E-01  5.630E-01  5.335E-01  7.201E-01  1.000E+00  0.000E+00  0.000E+00  7.103E-01  0.000E+00
  0.000E+00  0.000E+00  0.000E+00  0.000E+00  0.000E+00  0.000E+00  0.000E+00  0.000E+00  0.000E+00  0.000E+00
  0.000E+00  0.000E+00  0.000E+00  0.000E+00  3.964E-01  2.090E-01  3.793E-01  0.000E+00  0.000E+00  0.000E+00
  1.000E+00  5.257E-01  0.000E+00  0.000E+00  4.665E-01  4.000E-01  2.940E-01  3.112E-01  2.278E-01  2.952E-01
  3.143E-01  2.637E-01  3.299E-01  2.819E-01  3.107E-01  3.132E-01  4.227E-01  2.639E-01  2.266E-01  2.256E-01
  2.773E-01  2.700E-01  3.155E-01  2.722E-01  2.465E-01  2.161E-01  2.197E-01  1.786E-01  1.818E-01  1.557E-01
  1.390E-01  1.261E-01  1.260E-01  1.329E-01  1.239E-01  1.108E-01  1.098E-01  1.101E-01  1.070E-01  1.116E-01
  1.068E-01  1.076E-01  1.119E-01  1.115E-01  1.087E-01  1.095E-01  1.128E-01  1.028E-01  1.110E-01  1.137E-01
  1.218E-01  1.348E-01  1.132E-01  1.122E-01  1.511E-01  2.169E-01  2.822E-01  2.982E-01  2.741E-01  3.393E-01
  5.237E-01  4.367E-01  3.395E-01  6.536E-01  5.939E-01  5.146E-01  5.975E-01  5.082E-01  7.293E-01  8.088E-01
  7.358E-01  1.000E+00  1.000E+00  1.000E+00  5.344E-01  8.406E-01  9.355E-01  8.107E-01  1.000E+00  0.000E+00
  0.000E+00  0.000E+00  0.000E+00  1.000E+00  0.000E+00  0.000E+00  0.000E+00  0.000E+00  0.000E+00  0.000E+00
  0.000E+00  0.000E+00  0.000E+00  0.000E+00  4.144E-01  2.933E-01  3.805E-01  0.000E+00  7.080E-01  0.000E+00
  1.000E+00  1.000E+00  7.142E-01  1.000E+00  4.001E-01  4.624E-01  3.652E-01  5.210E-01  4.254E-01  3.587E-01
  4.295E-01  3.017E-01  2.816E-01  1.000E+00  0.000E+00  4.098E-01  3.703E-01  3.238E-01  3.483E-01  3.036E-01
  2.968E-01  3.764E-01  4.069E-01  3.095E-01  2.810E-01  2.879E-01  2.780E-01  5.012E-01  3.950E-01  2.421E-01
  2.175E-01  1.998E-01  2.035E-01  1.954E-01  1.618E-01  1.584E-01  1.602E-01  1.599E-01  1.497E-01  1.345E-01
  1.406E-01  1.411E-01  1.315E-01  1.516E-01  1.465E-01  1.378E-01  1.303E-01  1.343E-01  1.408E-01  1.435E-01
  1.502E-01  1.475E-01  1.467E-01  1.438E-01  1.376E-01  2.701E-01  3.282E-01  2.835E-01  2.530E-01  3.981E-01
  4.779E-01  5.795E-01  4.418E-01  5.225E-01  4.557E-01  5.097E-01  6.041E-01  6.302E-01  4.048E-01  5.706E-01
  7.344E-01  1.000E+00  1.000E+00  5.270E-01  7.134E-01  0.000E+00  1.000E+00  8.224E-01  0.000E+00  0.000E+00
  8.736E-01  1.000E+00  1.000E+00  0.000E+00  0.000E+00  1.000E+00  1.000E+00  1.000E+00  0.000E+00  1.000E+00
  0.000E+00  0.000E+00  0.000E+00  0.000E+00  5.801E-01  3.557E-01  1.000E+00  0.000E+00  0.000E+00  0.000E+00
  0.000E+00  0.000E+00  0.000E+00  0.000E+00  0.000E+00  1.000E+00  6.178E-01  1.000E+00  4.877E-01  5.456E-01
  7.172E-01  5.242E-01  5.075E-01  0.000E+00  0.000E+00  0.000E+00  7.300E-01  0.000E+00  1.000E+00  0.000E+00
  7.132E-01  1.000E+00  8.529E-01  4.557E-01  4.927E-01  5.895E-01  8.193E-01  4.416E-01  4.460E-01  3.755E-01
  3.289E-01  3.966E-01  3.692E-01  3.727E-01  3.036E-01  3.088E-01  3.796E-01  2.455E-01  2.636E-01  2.622E-01
  2.977E-01  2.650E-01  2.341E-01  2.751E-01  2.296E-01  2.204E-01  1.767E-01  1.865E-01  2.464E-01  1.910E-01
  2.115E-01  2.258E-01  2.275E-01  2.436E-01  3.398E-01  4.805E-01  4.275E-01  7.133E-01  6.478E-01  0.000E+00
  7.468E-01  1.000E+00  7.655E-01  1.000E+00  1.000E+00  1.000E+00  4.013E-01  5.117E-01  5.060E-01  4.197E-01
  3.614E-01  2.977E-01  3.676E-01  3.285E-01  3.392E-01  2.418E-01  2.968E-01  3.360E-01  3.912E-01  4.014E-01
  4.708E-01  3.882E-01  3.568E-01  4.370E-01  3.882E-01  2.717E-01  3.439E-01  4.444E-01  1.000E+00  4.559E-01
  0.000E+00  0.000E+00  0.000E+00  0.000E+00  1.000E+00  7.073E-01  1.000E+00  0.000E+00  0.000E+00  0.000E+00
  0.000E+00  0.000E+00  0.000E+00  0.000E+00  0.000E+00  0.000E+00  0.000E+00  1.000E+00  0.000E+00  7.200E-01
  7.353E-01  6.766E-01  5.072E-01  1.000E+00  0.000E+00  1.000E+00  1.000E+00  0.000E+00  0.000E+00  0.000E+00
  0.000E+00  1.000E+00  5.789E-01  1.000E+00  1.000E+00  1.000E+00  5.652E-01  1.000E+00  1.000E+00  8.959E-01
  8.656E-01  1.000E+00  1.000E+00  6.122E-01  7.003E-01  4.349E-01  6.198E-01  6.215E-01  5.387E-01  5.369E-01
  4.195E-01  4.032E-01  5.301E-01  4.387E-01  5.297E-01  4.085E-01  2.941E-01  3.448E-01  3.859E-01  3.203E-01
  2.973E-01  2.434E-01  2.544E-01  2.843E-01  2.598E-01  3.204E-01  3.316E-01  3.460E-01  3.387E-01  4.090E-01
  3.327E-01  2.970E-01  3.391E-01  3.388E-01  3.298E-01  3.336E-01  4.898E-01  4.008E-01  3.304E-01  3.107E-01
  3.157E-01  3.142E-01  2.958E-01  3.348E-01  3.281E-01  5.128E-01  3.783E-01  3.327E-01  2.780E-01  3.291E-01
  4.624E-01  3.950E-01  3.041E-01  3.143E-01  2.719E-01  2.592E-01  3.454E-01  3.816E-01  5.636E-01  3.996E-01
  0.000E+00  0.000E+00  0.000E+00  0.000E+00  5.348E-01  5.809E-01  0.000E+00  1.000E+00  0.000E+00  0.000E+00
  0.000E+00  0.000E+00  0.000E+00  0.000E+00  0.000E+00  0.000E+00  0.000E+00  0.000E+00  1.000E+00  0.000E+00
  1.000E+00  0.000E+00  0.000E+00  0.000E+00  0.000E+00  0.000E+00  1.000E+00  1.000E+00  0.000E+00  0.000E+00
  0.000E+00  0.000E+00  0.000E+00  0.000E+00  0.000E+00  1.000E+00  0.000E+00  0.000E+00  0.000E+00  0.000E+00
  0.000E+00  0.000E+00  0.000E+00  0.000E+00  0.000E+00  1.000E+00  8.064E-01  1.000E+00  7.427E-01  0.000E+00
  1.000E+00  0.000E+00  7.139E-01  5.284E-01  7.071E-01  4.956E-01  6.151E-01  1.000E+00  5.212E-01  4.671E-01
  5.099E-01  5.808E-01  5.641E-01  5.649E-01  4.881E-01  3.489E-01  5.879E-01  4.587E-01  5.188E-01  5.092E-01
  5.477E-01  6.472E-01  3.872E-01  3.782E-01  3.946E-01  3.627E-01  2.729E-01  3.132E-01  3.380E-01  5.065E-01
  2.741E-01  3.346E-01  3.552E-01  3.665E-01  3.481E-01  4.267E-01  6.707E-01  4.322E-01  2.938E-01  2.991E-01
  3.714E-01  3.770E-01  3.722E-01  4.884E-01  3.644E-01  3.247E-01  3.472E-01  3.829E-01  4.608E-01  4.162E-01
  0.000E+00  0.000E+00  0.000E+00  1.000E+00  1.000E+00  0.000E+00  0.000E+00  0.000E+00  0.000E+00  0.000E+00
  0.000E+00  0.000E+00  0.000E+00  0.000E+00  0.000E+00  0.000E+00  1.000E+00  1.000E+00  0.000E+00  0.000E+00
  0.000E+00  1.000E+00  0.000E+00  0.000E+00  0.000E+00  0.000E+00  0.000E+00  1.000E+00  1.000E+00  0.000E+00
  1.000E+00  1.000E+00  0.000E+00  0.000E+00  0.000E+00  0.000E+00  0.000E+00  0.000E+00  0.000E+00  0.000E+00
  0.000E+00  0.000E+00  0.000E+00  0.000E+00  7.654E-01  1.000E+00  0.000E+00  0.000E+00  0.000E+00  0.000E+00
  0.000E+00  0.000E+00  1.000E+00  0.000E+00  0.000E+00  7.731E-01  7.849E-01  8.036E-01  1.000E+00  1.000E+00
  0.000E+00  5.858E-01  4.818E-01  9.329E-01  1.000E+00  0.000E+00  1.000E+00  7.657E-01  6.631E-01  6.405E-01
  7.131E-01  5.127E-01  9.678E-01  7.123E-01  4.827E-01  5.255E-01  4.817E-01  5.045E-01  5.586E-01  5.258E-01
  8.390E-01  8.827E-01  5.888E-01  3.953E-01  3.557E-01  5.262E-01  3.887E-01  3.294E-01  4.946E-01  5.448E-01
  6.088E-01  3.702E-01  5.519E-01  3.750E-01  3.739E-01  3.800E-01  4.205E-01  5.294E-01  4.352E-01  3.764E-01
  0.000E+00  0.000E+00  0.000E+00  0.000E+00  0.000E+00  1.000E+00  0.000E+00  0.000E+00  0.000E+00  0.000E+00
  0.000E+00  1.000E+00  0.000E+00  0.000E+00  0.000E+00  0.000E+00  0.000E+00  0.000E+00  0.000E+00  0.000E+00
  0.000E+00  0.000E+00  0.000E+00  0.000E+00  0.000E+00  0.000E+00  0.000E+00  0.000E+00  0.000E+00  0.000E+00
  0.000E+00  0.000E+00  0.000E+00  0.000E+00  0.000E+00  0.000E+00  0.000E+00  0.000E+00  0.000E+00  0.000E+00
  0.000E+00  0.000E+00  0.000E+00  0.000E+00  0.000E+00  0.000E+00  0.000E+00  0.000E+00  0.000E+00  1.000E+00
  1.000E+00  0.000E+00  0.000E+00  0.000E+00  1.000E+00  1.000E+00  7.590E-01  5.948E-01  8.063E-01  0.000E+00
  1.000E+00  0.000E+00  0.000E+00  0.000E+00  1.000E+00  0.000E+00  0.000E+00  0.000E+00  0.000E+00  0.000E+00
  1.000E+00  1.000E+00  0.000E+00  7.246E-01  1.000E+00  1.000E+00  1.000E+00  0.000E+00  7.231E-01  7.829E-01
  7.384E-01  7.616E-01  6.208E-01  5.365E-01  6.240E-01  7.958E-01  7.214E-01  5.489E-01  6.440E-01  6.719E-01
  6.130E-01  9.376E-01  6.551E-01  4.186E-01  5.839E-01  1.000E+00  7.515E-01  5.984E-01  7.389E-01  7.701E-01
  0.000E+00  0.000E+00  0.000E+00  1.000E+00  0.000E+00  0.000E+00  0.000E+00  0.000E+00  1.000E+00  0.000E+00
  0.000E+00  1.000E+00  0.000E+00  0.000E+00  0.000E+00  0.000E+00  0.000E+00  0.000E+00  0.000E+00  0.000E+00
  1.000E+00  0.000E+00  0.000E+00  0.000E+00  0.000E+00  0.000E+00  0.000E+00  0.000E+00  0.000E+00  0.000E+00
  0.000E+00  0.000E+00  0.000E+00  0.000E+00  0.000E+00  0.000E+00  0.000E+00  0.000E+00  0.000E+00  0.000E+00
  0.000E+00  0.000E+00  0.000E+00  0.000E+00  0.000E+00  0.000E+00  0.000E+00  0.000E+00  0.000E+00  0.000E+00
  0.000E+00  0.000E+00  1.000E+00  0.000E+00  0.000E+00  0.000E+00  0.000E+00  0.000E+00  0.000E+00  0.000E+00
  1.000E+00  0.000E+00  0.000E+00  0.000E+00  1.000E+00  0.000E+00  0.000E+00  0.000E+00  0.000E+00  0.000E+00
  0.000E+00  0.000E+00  0.000E+00  0.000E+00  0.000E+00  0.000E+00  0.000E+00  1.000E+00  0.000E+00  0.000E+00
  0.000E+00  0.000E+00  8.065E-01  8.471E-01  7.751E-01  7.162E-01  1.000E+00  8.075E-01  7.085E-01  4.300E-01
  5.459E-01  7.167E-01  1.000E+00  6.096E-01  6.509E-01  6.539E-01  9.878E-01  6.330E-01  6.422E-01  7.049E-01
  0.000E+00  0.000E+00  0.000E+00  0.000E+00  0.000E+00  0.000E+00  0.000E+00  0.000E+00  0.000E+00  0.000E+00
  0.000E+00  0.000E+00  0.000E+00  0.000E+00  0.000E+00  0.000E+00  0.000E+00  0.000E+00  0.000E+00  0.000E+00
  0.000E+00  0.000E+00  0.000E+00  0.000E+00  0.000E+00  0.000E+00  0.000E+00  0.000E+00  0.000E+00  0.000E+00
  0.000E+00  0.000E+00  0.000E+00  0.000E+00  0.000E+00  0.000E+00  0.000E+00  0.000E+00  0.000E+00  0.000E+00
  0.000E+00  0.000E+00  0.000E+00  0.000E+00  0.000E+00  0.000E+00  0.000E+00  0.000E+00  0.000E+00  0.000E+00
  0.000E+00  0.000E+00  0.000E+00  0.000E+00  0.000E+00  1.000E+00  0.000E+00  0.000E+00  1.000E+00  1.000E+00
  0.000E+00  0.000E+00  0.000E+00  1.000E+00  1.000E+00  0.000E+00  0.000E+00  0.000E+00  0.000E+00  0.000E+00
  0.000E+00  0.000E+00  0.000E+00  0.000E+00  0.000E+00  0.000E+00  0.000E+00  0.000E+00  1.000E+00  1.000E+00
  0.000E+00  0.000E+00  0.000E+00  1.000E+00  0.000E+00  0.000E+00  0.000E+00  0.000E+00  1.000E+00  1.000E+00
  1.000E+00  1.000E+00  0.000E+00  0.000E+00  0.000E+00  1.000E+00  6.371E-01  1.000E+00  0.000E+00  0.000E+00
  0.000E+00  0.000E+00  0.000E+00  0.000E+00  0.000E+00  0.000E+00  0.000E+00  0.000E+00  0.000E+00  0.000E+00
  0.000E+00  0.000E+00  0.000E+00  0.000E+00  0.000E+00  0.000E+00  0.000E+00  0.000E+00  0.000E+00  0.000E+00
  0.000E+00  0.000E+00  0.000E+00  0.000E+00  0.000E+00  0.000E+00  0.000E+00  0.000E+00  0.000E+00  0.000E+00
  0.000E+00  0.000E+00  0.000E+00  0.000E+00  0.000E+00  0.000E+00  0.000E+00  0.000E+00  0.000E+00  0.000E+00
  0.000E+00  0.000E+00  0.000E+00  0.000E+00  0.000E+00  0.000E+00  0.000E+00  0.000E+00  0.000E+00  0.000E+00
  0.000E+00  0.000E+00  0.000E+00  0.000E+00  0.000E+00  0.000E+00  0.000E+00  0.000E+00  0.000E+00  0.000E+00
  0.000E+00  0.000E+00  1.000E+00  1.000E+00  0.000E+00  0.000E+00  0.000E+00  0.000E+00  0.000E+00  0.000E+00
  0.000E+00  0.000E+00  0.000E+00  0.000E+00  0.000E+00  0.000E+00  0.000E+00  0.000E+00  0.000E+00  0.000E+00
  0.000E+00  0.000E+00  0.000E+00  0.000E+00  0.000E+00  0.000E+00  0.000E+00  0.000E+00  0.000E+00  0.000E+00
  0.000E+00  0.000E+00  7.108E-01  1.000E+00  0.000E+00  0.000E+00  7.173E-01  7.881E-01  1.000E+00  0.000E+00
  1.000E+00  0.000E+00  0.000E+00  1.000E+00  0.000E+00  0.000E+00  1.000E+00  0.000E+00  0.000E+00  0.000E+00
  0.000E+00  0.000E+00  0.000E+00  0.000E+00  0.000E+00  0.000E+00  0.000E+00  0.000E+00  0.000E+00  0.000E+00
  0.000E+00  0.000E+00  0.000E+00  0.000E+00  0.000E+00  0.000E+00  0.000E+00  0.000E+00  0.000E+00  0.000E+00
  0.000E+00  0.000E+00  0.000E+00  0.000E+00  0.000E+00  0.000E+00  0.000E+00  0.000E+00  0.000E+00  0.000E+00
  0.000E+00  0.000E+00  0.000E+00  0.000E+00  0.000E+00  0.000E+00  0.000E+00  0.000E+00  0.000E+00  0.000E+00
  0.000E+00  0.000E+00  0.000E+00  0.000E+00  1.000E+00  0.000E+00  0.000E+00  0.000E+00  0.000E+00  0.000E+00
  0.000E+00  0.000E+00  0.000E+00  0.000E+00  0.000E+00  0.000E+00  0.000E+00  0.000E+00  0.000E+00  0.000E+00
  0.000E+00  0.000E+00  0.000E+00  0.000E+00  0.000E+00  0.000E+00  0.000E+00  0.000E+00  0.000E+00  0.000E+00
  0.000E+00  0.000E+00  0.000E+00  0.000E+00  0.000E+00  0.000E+00  0.000E+00  0.000E+00  0.000E+00  0.000E+00
  0.000E+00  0.000E+00  0.000E+00  0.000E+00  0.000E+00  0.000E+00  0.000E+00  0.000E+00  0.000E+00  0.000E+00
  0.000E+00  0.000E+00  1.000E+00  0.000E+00  0.000E+00  0.000E+00  0.000E+00  1.000E+00  0.000E+00  0.000E+00
  0.000E+00  0.000E+00  0.000E+00  0.000E+00  0.000E+00  0.000E+00  0.000E+00  0.000E+00  0.000E+00  0.000E+00
  0.000E+00  0.000E+00  0.000E+00  0.000E+00  0.000E+00  0.000E+00  0.000E+00  0.000E+00  0.000E+00  0.000E+00
  0.000E+00  0.000E+00  0.000E+00  0.000E+00  0.000E+00  0.000E+00  0.000E+00  0.000E+00  0.000E+00  0.000E+00
  0.000E+00  0.000E+00  0.000E+00  0.000E+00  0.000E+00  0.000E+00  0.000E+00  0.000E+00  0.000E+00  0.000E+00
  0.000E+00  0.000E+00  0.000E+00  0.000E+00  0.000E+00  0.000E+00  0.000E+00  0.000E+00  1.000E+00  0.000E+00
  0.000E+00  0.000E+00  0.000E+00  0.000E+00  0.000E+00  0.000E+00  0.000E+00  0.000E+00  0.000E+00  0.000E+00
  0.000E+00  0.000E+00  0.000E+00  0.000E+00  0.000E+00  0.000E+00  0.000E+00  0.000E+00  0.000E+00  0.000E+00
  0.000E+00  0.000E+00  0.000E+00  0.000E+00  0.000E+00  0.000E+00  0.000E+00  0.000E+00  0.000E+00  0.000E+00
  0.000E+00  0.000E+00  0.000E+00  0.000E+00  0.000E+00  0.000E+00  0.000E+00  0.000E+00  0.000E+00  0.000E+00
  0.000E+00  0.000E+00  0.000E+00  0.000E+00  0.000E+00  0.000E+00  0.000E+00  0.000E+00  0.000E+00  0.000E+00
  0.000E+00  0.000E+00  0.000E+00  0.000E+00  0.000E+00  0.000E+00  0.000E+00  0.000E+00  0.000E+00  0.000E+00
  0.000E+00  0.000E+00  0.000E+00  0.000E+00  0.000E+00  0.000E+00  0.000E+00  0.000E+00  0.000E+00  0.000E+00
  0.000E+00  0.000E+00  0.000E+00  0.000E+00  0.000E+00  0.000E+00  0.000E+00  0.000E+00  0.000E+00  0.000E+00
  0.000E+00  0.000E+00  0.000E+00  0.000E+00  0.000E+00  0.000E+00  0.000E+00  0.000E+00  0.000E+00  0.000E+00
  0.000E+00  0.000E+00  0.000E+00  0.000E+00  0.000E+00  0.000E+00  0.000E+00  0.000E+00  0.000E+00  0.000E+00
  0.000E+00  0.000E+00  0.000E+00  0.000E+00  0.000E+00  0.000E+00  0.000E+00  0.000E+00  0.000E+00  0.000E+00
  0.000E+00  0.000E+00  0.000E+00  0.000E+00  0.000E+00  0.000E+00  0.000E+00  0.000E+00  0.000E+00  0.000E+00
  0.000E+00  0.000E+00  0.000E+00  0.000E+00  0.000E+00  0.000E+00  0.000E+00  0.000E+00  0.000E+00  0.000E+00
  0.000E+00  0.000E+00  0.000E+00  0.000E+00  0.000E+00  0.000E+00  0.000E+00  0.000E+00  0.000E+00  0.000E+00
  0.000E+00  0.000E+00  1.000E+00  0.000E+00  0.000E+00  0.000E+00  0.000E+00  0.000E+00  0.000E+00  0.000E+00
  0.000E+00  0.000E+00  0.000E+00  0.000E+00  0.000E+00  0.000E+00  0.000E+00  0.000E+00  0.000E+00  0.000E+00
  0.000E+00  0.000E+00  0.000E+00  0.000E+00  0.000E+00  0.000E+00  0.000E+00  0.000E+00  0.000E+00  0.000E+00
  0.000E+00  0.000E+00  0.000E+00  0.000E+00  0.000E+00  0.000E+00  0.000E+00  0.000E+00  0.000E+00  0.000E+00
  0.000E+00  0.000E+00  0.000E+00  0.000E+00  0.000E+00  0.000E+00  0.000E+00  0.000E+00  0.000E+00  0.000E+00
  0.000E+00  0.000E+00  0.000E+00  0.000E+00  0.000E+00  0.000E+00  0.000E+00  0.000E+00  0.000E+00  0.000E+00
  0.000E+00  0.000E+00  0.000E+00  0.000E+00  0.000E+00  0.000E+00  0.000E+00  0.000E+00  0.000E+00  0.000E+00
  0.000E+00  0.000E+00  0.000E+00  0.000E+00  0.000E+00  0.000E+00  0.000E+00  0.000E+00  0.000E+00  0.000E+00
  0.000E+00  0.000E+00  0.000E+00  0.000E+00  0.000E+00  0.000E+00  0.000E+00  0.000E+00  0.000E+00  0.000E+00
  0.000E+00  0.000E+00  0.000E+00  0.000E+00  0.000E+00  0.000E+00  0.000E+00  0.000E+00  0.000E+00  0.000E+00
  0.000E+00  0.000E+00  1.000E+00  0.000E+00  0.000E+00  0.000E+00  0.000E+00  0.000E+00  0.000E+00  0.000E+00
  0.000E+00  0.000E+00  0.000E+00  0.000E+00  0.000E+00  0.000E+00  0.000E+00  0.000E+00  0.000E+00  0.000E+00
  0.000E+00  0.000E+00  0.000E+00  0.000E+00  0.000E+00  0.000E+00  0.000E+00  0.000E+00  0.000E+00  0.000E+00
  0.000E+00  0.000E+00  0.000E+00  0.000E+00  0.000E+00  0.000E+00  0.000E+00  0.000E+00  0.000E+00  0.000E+00
  0.000E+00  0.000E+00  0.000E+00  0.000E+00  0.000E+00  0.000E+00  0.000E+00  0.000E+00  0.000E+00  0.000E+00
  0.000E+00  0.000E+00  0.000E+00  0.000E+00  0.000E+00  0.000E+00  0.000E+00  0.000E+00  0.000E+00  0.000E+00
  0.000E+00  0.000E+00  0.000E+00  0.000E+00  0.000E+00  0.000E+00  0.000E+00  0.000E+00  0.000E+00  0.000E+00
  0.000E+00  0.000E+00  0.000E+00  0.000E+00  0.000E+00  0.000E+00  0.000E+00  0.000E+00  0.000E+00  0.000E+00
  0.000E+00  0.000E+00  0.000E+00  0.000E+00  0.000E+00  0.000E+00  0.000E+00  0.000E+00  0.000E+00  0.000E+00
  0.000E+00  0.000E+00  0.000E+00  0.000E+00  0.000E+00  0.000E+00  0.000E+00  0.000E+00  0.000E+00  0.000E+00
  0.000E+00  0.000E+00  0.000E+00  0.000E+00  0.000E+00  0.000E+00  0.000E+00  0.000E+00  0.000E+00  0.000E+00
  0.000E+00  0.000E+00  0.000E+00  0.000E+00  0.000E+00  0.000E+00  0.000E+00  0.000E+00  0.000E+00  0.000E+00
  0.000E+00  0.000E+00  0.000E+00  0.000E+00  0.000E+00  0.000E+00  0.000E+00  0.000E+00  0.000E+00  0.000E+00
  0.000E+00  0.000E+00  1.000E+00  0.000E+00  0.000E+00  0.000E+00  0.000E+00  0.000E+00  0.000E+00  0.000E+00
  0.000E+00  0.000E+00  0.000E+00  0.000E+00  0.000E+00  0.000E+00  0.000E+00  0.000E+00  0.000E+00  0.000E+00
  0.000E+00  0.000E+00  0.000E+00  0.000E+00  0.000E+00  0.000E+00  0.000E+00  0.000E+00  0.000E+00  0.000E+00
  0.000E+00  0.000E+00  0.000E+00  0.000E+00  0.000E+00  0.000E+00  0.000E+00  0.000E+00  0.000E+00  0.000E+00
  0.000E+00  0.000E+00  0.000E+00  0.000E+00  0.000E+00  0.000E+00  0.000E+00  0.000E+00  0.000E+00  0.000E+00
  0.000E+00  0.000E+00  0.000E+00  0.000E+00  0.000E+00  0.000E+00  0.000E+00  0.000E+00  0.000E+00  0.000E+00
  0.000E+00  0.000E+00  0.000E+00  0.000E+00  0.000E+00  0.000E+00  0.000E+00  0.000E+00  0.000E+00  0.000E+00
  0.000E+00  0.000E+00  0.000E+00  0.000E+00  0.000E+00  0.000E+00  0.000E+00  0.000E+00  0.000E+00  0.000E+00
  0.000E+00  0.000E+00  0.000E+00  0.000E+00  0.000E+00  0.000E+00  0.000E+00  0.000E+00  0.000E+00  0.000E+00
  0.000E+00  0.000E+00  0.000E+00  0.000E+00  0.000E+00  0.000E+00  0.000E+00  0.000E+00  0.000E+00  0.000E+00
  0.000E+00  0.000E+00  0.000E+00  0.000E+00  0.000E+00  0.000E+00  0.000E+00  0.000E+00  0.000E+00  0.000E+00
  0.000E+00  0.000E+00  0.000E+00  0.000E+00  0.000E+00  0.000E+00  0.000E+00  0.000E+00  0.000E+00  0.000E+00
  0.000E+00  0.000E+00  0.000E+00  0.000E+00  0.000E+00  0.000E+00  0.000E+00  0.000E+00  0.000E+00  0.000E+00
  0.000E+00  0.000E+00  0.000E+00  0.000E+00  0.000E+00  0.000E+00  0.000E+00  0.000E+00  0.000E+00  0.000E+00
  0.000E+00  0.000E+00  0.000E+00  0.000E+00  0.000E+00  0.000E+00  0.000E+00  0.000E+00  0.000E+00  0.000E+00
  0.000E+00  0.000E+00  0.000E+00  0.000E+00  0.000E+00  0.000E+00  0.000E+00  0.000E+00  0.000E+00  0.000E+00
  0.000E+00  0.000E+00  0.000E+00  0.000E+00  0.000E+00  0.000E+00  0.000E+00  0.000E+00  0.000E+00  0.000E+00
  0.000E+00  0.000E+00  0.000E+00  0.000E+00  0.000E+00  0.000E+00  0.000E+00  0.000E+00  0.000E+00  0.000E+00
  0.000E+00  0.000E+00  0.000E+00  0.000E+00  0.000E+00  0.000E+00  0.000E+00  0.000E+00  0.000E+00  0.000E+00
  0.000E+00  0.000E+00  0.000E+00  0.000E+00  0.000E+00  0.000E+00  0.000E+00  0.000E+00  0.000E+00  0.000E+00
  0.000E+00  0.000E+00  0.000E+00  0.000E+00  0.000E+00  0.000E+00  0.000E+00  0.000E+00  0.000E+00  0.000E+00
  0.000E+00  0.000E+00  0.000E+00  0.000E+00  0.000E+00  0.000E+00  0.000E+00  0.000E+00  0.000E+00  0.000E+00
  0.000E+00  0.000E+00  0.000E+00  0.000E+00  0.000E+00  0.000E+00  0.000E+00  0.000E+00  0.000E+00  0.000E+00
  0.000E+00  0.000E+00  0.000E+00  0.000E+00  0.000E+00  0.000E+00  0.000E+00  0.000E+00  0.000E+00  0.000E+00
  0.000E+00  0.000E+00  0.000E+00  0.000E+00  0.000E+00  0.000E+00  0.000E+00  0.000E+00  0.000E+00  0.000E+00
  0.000E+00  0.000E+00  0.000E+00  0.000E+00  0.000E+00  0.000E+00  0.000E+00  0.000E+00  0.000E+00  0.000E+00
  0.000E+00  0.000E+00  0.000E+00  0.000E+00  0.000E+00  0.000E+00  0.000E+00  0.000E+00  0.000E+00  0.000E+00
  0.000E+00  0.000E+00  0.000E+00  0.000E+00  0.000E+00  0.000E+00  0.000E+00  0.000E+00  0.000E+00  0.000E+00
  0.000E+00  0.000E+00  0.000E+00  0.000E+00  0.000E+00  0.000E+00  0.000E+00  0.000E+00  0.000E+00  0.000E+00
  0.000E+00  0.000E+00  0.000E+00  0.000E+00  0.000E+00  0.000E+00  0.000E+00  0.000E+00  0.000E+00  0.000E+00
  0.000E+00  0.000E+00  0.000E+00  0.000E+00  0.000E+00  0.000E+00  0.000E+00  0.000E+00  0.000E+00  0.000E+00
  0.000E+00  0.000E+00  0.000E+00  0.000E+00  0.000E+00  0.000E+00  0.000E+00  0.000E+00  0.000E+00  0.000E+00
  0.000E+00  0.000E+00  0.000E+00  0.000E+00  0.000E+00  0.000E+00  0.000E+00  0.000E+00  0.000E+00  0.000E+00
  0.000E+00  0.000E+00  0.000E+00  0.000E+00  0.000E+00  0.000E+00  0.000E+00  0.000E+00  0.000E+00  0.000E+00
  0.000E+00  0.000E+00  0.000E+00  0.000E+00  0.000E+00  0.000E+00  0.000E+00  0.000E+00  0.000E+00  0.000E+00
  0.000E+00  0.000E+00  0.000E+00  0.000E+00  0.000E+00  0.000E+00  0.000E+00  0.000E+00  0.000E+00  0.000E+00
  0.000E+00  0.000E+00  0.000E+00  0.000E+00  0.000E+00  0.000E+00  0.000E+00  0.000E+00  0.000E+00  0.000E+00
  1.000E+00  0.000E+00  0.000E+00  0.000E+00  0.000E+00  0.000E+00  0.000E+00  0.000E+00  0.000E+00  0.000E+00
  0.000E+00  0.000E+00  0.000E+00  0.000E+00  0.000E+00  0.000E+00  0.000E+00  0.000E+00  0.000E+00  0.000E+00
  0.000E+00  0.000E+00  0.000E+00  0.000E+00  0.000E+00  0.000E+00  0.000E+00  0.000E+00  0.000E+00  0.000E+00
  0.000E+00  0.000E+00  0.000E+00  0.000E+00  0.000E+00  0.000E+00  0.000E+00  0.000E+00  0.000E+00  0.000E+00
  0.000E+00  0.000E+00  0.000E+00  0.000E+00  0.000E+00  0.000E+00  0.000E+00  0.000E+00  0.000E+00  0.000E+00
  0.000E+00  0.000E+00  0.000E+00  0.000E+00  0.000E+00  0.000E+00  0.000E+00  0.000E+00  0.000E+00  0.000E+00
  0.000E+00  0.000E+00  0.000E+00  0.000E+00  0.000E+00  0.000E+00  0.000E+00  0.000E+00  0.000E+00  0.000E+00
  0.000E+00  0.000E+00  0.000E+00  0.000E+00  0.000E+00  0.000E+00  0.000E+00  0.000E+00  0.000E+00  0.000E+00
  0.000E+00  0.000E+00  0.000E+00  0.000E+00  0.000E+00  0.000E+00  0.000E+00  0.000E+00  0.000E+00  0.000E+00
  0.000E+00  0.000E+00  0.000E+00  0.000E+00  0.000E+00  0.000E+00  0.000E+00  0.000E+00  0.000E+00  0.000E+00
  1.000E+00  1.000E+00  0.000E+00  0.000E+00  0.000E+00  0.000E+00  0.000E+00  0.000E+00  0.000E+00  0.000E+00
  0.000E+00  0.000E+00  0.000E+00  0.000E+00  0.000E+00  0.000E+00  0.000E+00  0.000E+00  0.000E+00  0.000E+00
  0.000E+00  0.000E+00  0.000E+00  0.000E+00  0.000E+00  0.000E+00  0.000E+00  0.000E+00  0.000E+00  0.000E+00
  0.000E+00  0.000E+00  0.000E+00  0.000E+00  0.000E+00  0.000E+00  0.000E+00  0.000E+00  0.000E+00  0.000E+00
  0.000E+00  0.000E+00  0.000E+00  0.000E+00  0.000E+00  0.000E+00  0.000E+00  0.000E+00  0.000E+00  0.000E+00
  0.000E+00  0.000E+00  0.000E+00  0.000E+00  0.000E+00  0.000E+00  0.000E+00  0.000E+00  0.000E+00  0.000E+00
  0.000E+00  0.000E+00  0.000E+00  0.000E+00  0.000E+00  0.000E+00  0.000E+00  0.000E+00  0.000E+00  0.000E+00
  0.000E+00  0.000E+00  0.000E+00  0.000E+00  0.000E+00  0.000E+00  0.000E+00  0.000E+00  0.000E+00  0.000E+00
  0.000E+00  0.000E+00  0.000E+00  0.000E+00  0.000E+00  0.000E+00  0.000E+00  0.000E+00  0.000E+00  0.000E+00
  0.000E+00  0.000E+00  0.000E+00  0.000E+00  0.000E+00  0.000E+00  0.000E+00  0.000E+00  0.000E+00  0.000E+00
  0.000E+00  0.000E+00  0.000E+00  0.000E+00  0.000E+00  0.000E+00  0.000E+00  0.000E+00  0.000E+00  0.000E+00
  0.000E+00  0.000E+00  0.000E+00  0.000E+00  0.000E+00  0.000E+00  0.000E+00  0.000E+00  0.000E+00  0.000E+00
  0.000E+00  0.000E+00  0.000E+00  0.000E+00  0.000E+00  0.000E+00  0.000E+00  0.000E+00  0.000E+00  0.000E+00
  0.000E+00  0.000E+00  0.000E+00  0.000E+00  0.000E+00  0.000E+00  0.000E+00  0.000E+00  0.000E+00  0.000E+00
  0.000E+00  0.000E+00  0.000E+00  0.000E+00  0.000E+00  0.000E+00  0.000E+00  0.000E+00  1.000E+00  0.000E+00
  0.000E+00  0.000E+00  0.000E+00  0.000E+00  0.000E+00  0.000E+00  0.000E+00  0.000E+00  0.000E+00  0.000E+00
  0.000E+00  0.000E+00  0.000E+00  0.000E+00  0.000E+00  0.000E+00  0.000E+00  0.000E+00  0.000E+00  0.000E+00
  0.000E+00  0.000E+00  0.000E+00  0.000E+00  0.000E+00  0.000E+00  0.000E+00  0.000E+00  0.000E+00  0.000E+00
  0.000E+00  0.000E+00  0.000E+00  0.000E+00  0.000E+00  0.000E+00  0.000E+00  0.000E+00  0.000E+00  0.000E+00
  0.000E+00  0.000E+00  0.000E+00  0.000E+00  0.000E+00  0.000E+00  0.000E+00  0.000E+00  0.000E+00  0.000E+00
  0.000E+00  0.000E+00  0.000E+00  0.000E+00  0.000E+00  0.000E+00  0.000E+00  0.000E+00  0.000E+00  0.000E+00
  0.000E+00  0.000E+00  0.000E+00  0.000E+00  0.000E+00  0.000E+00  0.000E+00  0.000E+00  0.000E+00  0.000E+00
  0.000E+00  0.000E+00  0.000E+00  0.000E+00  0.000E+00  0.000E+00  0.000E+00  0.000E+00  0.000E+00  0.000E+00
  0.000E+00  0.000E+00  0.000E+00  0.000E+00  0.000E+00  0.000E+00  0.000E+00  0.000E+00  0.000E+00  0.000E+00
  0.000E+00  0.000E+00  0.000E+00  0.000E+00  0.000E+00  0.000E+00  0.000E+00  0.000E+00  1.000E+00  0.000E+00
  0.000E+00  0.000E+00  0.000E+00  0.000E+00  0.000E+00  0.000E+00  0.000E+00  0.000E+00  0.000E+00  0.000E+00
  0.000E+00  0.000E+00  0.000E+00  0.000E+00  0.000E+00  0.000E+00  0.000E+00  0.000E+00  0.000E+00  0.000E+00
  0.000E+00  0.000E+00  0.000E+00  0.000E+00  0.000E+00  0.000E+00  0.000E+00  0.000E+00  0.000E+00  0.000E+00
  0.000E+00  0.000E+00  0.000E+00  0.000E+00  0.000E+00  0.000E+00  0.000E+00  0.000E+00  0.000E+00  0.000E+00
  0.000E+00  0.000E+00  0.000E+00  0.000E+00  0.000E+00  0.000E+00  0.000E+00  0.000E+00  0.000E+00  0.000E+00
  0.000E+00  0.000E+00  0.000E+00  0.000E+00  0.000E+00  0.000E+00  0.000E+00  0.000E+00  0.000E+00  0.000E+00
  0.000E+00  0.000E+00  0.000E+00  0.000E+00  0.000E+00  0.000E+00  0.000E+00  0.000E+00  0.000E+00  0.000E+00
  0.000E+00  0.000E+00  0.000E+00  0.000E+00  0.000E+00  0.000E+00  0.000E+00  0.000E+00  0.000E+00  0.000E+00
  0.000E+00  0.000E+00  0.000E+00  0.000E+00  0.000E+00  0.000E+00  0.000E+00  0.000E+00  0.000E+00  0.000E+00
  0.000E+00  0.000E+00  0.000E+00  0.000E+00  0.000E+00  0.000E+00  0.000E+00  0.000E+00  0.000E+00  0.000E+00
  0.000E+00  0.000E+00  0.000E+00  0.000E+00  0.000E+00  0.000E+00  0.000E+00  0.000E+00  0.000E+00  0.000E+00
  0.000E+00  0.000E+00  0.000E+00  0.000E+00  0.000E+00  0.000E+00  0.000E+00  0.000E+00  0.000E+00  0.000E+00
  0.000E+00  0.000E+00  0.000E+00  0.000E+00  0.000E+00  0.000E+00  0.000E+00  0.000E+00  0.000E+00  0.000E+00
  0.000E+00  0.000E+00  0.000E+00  0.000E+00  0.000E+00  0.000E+00  0.000E+00  0.000E+00  0.000E+00  0.000E+00
  0.000E+00  0.000E+00  0.000E+00  0.000E+00  0.000E+00  0.000E+00  0.000E+00  0.000E+00  0.000E+00  0.000E+00
  0.000E+00  0.000E+00  0.000E+00  0.000E+00  0.000E+00  0.000E+00  0.000E+00  0.000E+00  0.000E+00  0.000E+00
  0.000E+00  0.000E+00  0.000E+00  0.000E+00  0.000E+00  0.000E+00  0.000E+00  0.000E+00  0.000E+00  0.000E+00
  0.000E+00  0.000E+00  0.000E+00  0.000E+00  0.000E+00  0.000E+00  0.000E+00  0.000E+00  0.000E+00  0.000E+00
  0.000E+00  0.000E+00  0.000E+00  0.000E+00  0.000E+00  0.000E+00  0.000E+00  0.000E+00  0.000E+00  0.000E+00
  0.000E+00  0.000E+00  0.000E+00  0.000E+00  0.000E+00  0.000E+00  0.000E+00  0.000E+00  0.000E+00  0.000E+00
  0.000E+00  0.000E+00  0.000E+00  0.000E+00  0.000E+00  0.000E+00  0.000E+00  0.000E+00  0.000E+00  0.000E+00
  0.000E+00  0.000E+00  0.000E+00  0.000E+00  0.000E+00  0.000E+00  0.000E+00  0.000E+00  0.000E+00  0.000E+00
  0.000E+00  0.000E+00  0.000E+00  0.000E+00  0.000E+00  0.000E+00  0.000E+00  0.000E+00  0.000E+00  0.000E+00
  0.000E+00  0.000E+00  0.000E+00  0.000E+00  0.000E+00  0.000E+00  0.000E+00  0.000E+00  0.000E+00  0.000E+00
  0.000E+00  0.000E+00  0.000E+00  0.000E+00  0.000E+00  0.000E+00  0.000E+00  0.000E+00  0.000E+00  0.000E+00
  0.000E+00  0.000E+00  0.000E+00  0.000E+00  0.000E+00  0.000E+00  0.000E+00  0.000E+00  0.000E+00  0.000E+00
  0.000E+00  0.000E+00  0.000E+00  0.000E+00  0.000E+00  0.000E+00  0.000E+00  0.000E+00  0.000E+00  0.000E+00
  0.000E+00  0.000E+00  0.000E+00  0.000E+00  0.000E+00  0.000E+00  0.000E+00  0.000E+00  0.000E+00  0.000E+00
  0.000E+00  0.000E+00  0.000E+00  0.000E+00  0.000E+00  0.000E+00  0.000E+00  0.000E+00  0.000E+00  0.000E+00
  0.000E+00  0.000E+00  0.000E+00  0.000E+00  0.000E+00  0.000E+00  0.000E+00  0.000E+00  0.000E+00  0.000E+00
  0.000E+00  0.000E+00  0.000E+00  0.000E+00  0.000E+00  0.000E+00  0.000E+00  0.000E+00  0.000E+00  0.000E+00
  0.000E+00  0.000E+00  0.000E+00  0.000E+00  0.000E+00  0.000E+00  0.000E+00  0.000E+00  0.000E+00  0.000E+00
  0.000E+00  0.000E+00  0.000E+00  0.000E+00  0.000E+00  0.000E+00  0.000E+00  0.000E+00  0.000E+00  0.000E+00
  0.000E+00  0.000E+00  0.000E+00  0.000E+00  0.000E+00  0.000E+00  0.000E+00  0.000E+00  0.000E+00  0.000E+00
  0.000E+00  0.000E+00  0.000E+00  0.000E+00  0.000E+00  0.000E+00  0.000E+00  0.000E+00  0.000E+00  0.000E+00
  0.000E+00  0.000E+00  0.000E+00  0.000E+00  0.000E+00  0.000E+00  0.000E+00  0.000E+00  0.000E+00  0.000E+00
  0.000E+00  0.000E+00  0.000E+00  0.000E+00  0.000E+00  0.000E+00  0.000E+00  0.000E+00  0.000E+00  0.000E+00
  0.000E+00  0.000E+00  0.000E+00  0.000E+00  0.000E+00  0.000E+00  0.000E+00  0.000E+00  0.000E+00  0.000E+00
  0.000E+00  0.000E+00  0.000E+00  0.000E+00  0.000E+00  0.000E+00  0.000E+00  0.000E+00  0.000E+00  0.000E+00
  0.000E+00  0.000E+00  0.000E+00  0.000E+00  0.000E+00  0.000E+00  0.000E+00  0.000E+00  0.000E+00  0.000E+00
  0.000E+00  0.000E+00  0.000E+00  0.000E+00  0.000E+00  0.000E+00  0.000E+00  0.000E+00  0.000E+00  0.000E+00
  0.000E+00  0.000E+00  0.000E+00  0.000E+00  0.000E+00  0.000E+00  0.000E+00  0.000E+00  0.000E+00  1.000E+00
  0.000E+00  0.000E+00  0.000E+00  0.000E+00  0.000E+00  0.000E+00  0.000E+00  0.000E+00  0.000E+00  0.000E+00
  0.000E+00  0.000E+00  0.000E+00  0.000E+00  0.000E+00  0.000E+00  0.000E+00  0.000E+00  0.000E+00  0.000E+00
  0.000E+00  0.000E+00  0.000E+00  0.000E+00  0.000E+00  0.000E+00  0.000E+00  0.000E+00  0.000E+00  0.000E+00
  0.000E+00  0.000E+00  0.000E+00  0.000E+00  0.000E+00  0.000E+00  0.000E+00  0.000E+00  0.000E+00  0.000E+00
  0.000E+00  0.000E+00  0.000E+00  0.000E+00  0.000E+00  0.000E+00  0.000E+00  0.000E+00  0.000E+00  0.000E+00
  0.000E+00  0.000E+00  0.000E+00  0.000E+00  0.000E+00  0.000E+00  0.000E+00  0.000E+00  0.000E+00  0.000E+00
  0.000E+00  0.000E+00  0.000E+00  0.000E+00  0.000E+00  0.000E+00  0.000E+00  0.000E+00  0.000E+00  0.000E+00
  0.000E+00  0.000E+00  0.000E+00  0.000E+00  0.000E+00  0.000E+00  0.000E+00  0.000E+00  0.000E+00  0.000E+00
  0.000E+00  0.000E+00  0.000E+00  0.000E+00  0.000E+00  0.000E+00  0.000E+00  0.000E+00  0.000E+00  0.000E+00
  0.000E+00  0.000E+00  0.000E+00  0.000E+00  0.000E+00  0.000E+00  0.000E+00  0.000E+00  0.000E+00  1.000E+00
  1.000E+00  0.000E+00  0.000E+00  0.000E+00  0.000E+00  0.000E+00  0.000E+00  0.000E+00  0.000E+00  0.000E+00
  0.000E+00  0.000E+00  0.000E+00  0.000E+00  0.000E+00  0.000E+00  0.000E+00  0.000E+00  0.000E+00  0.000E+00
  0.000E+00  0.000E+00  0.000E+00  0.000E+00  0.000E+00  0.000E+00  0.000E+00  0.000E+00  0.000E+00  0.000E+00
  0.000E+00  0.000E+00  0.000E+00  0.000E+00  0.000E+00  0.000E+00  0.000E+00  0.000E+00  0.000E+00  0.000E+00
  0.000E+00  0.000E+00  0.000E+00  0.000E+00  0.000E+00  0.000E+00  0.000E+00  0.000E+00  0.000E+00  0.000E+00
  0.000E+00  0.000E+00  0.000E+00  0.000E+00  0.000E+00  0.000E+00  0.000E+00  0.000E+00  0.000E+00  0.000E+00
  0.000E+00  0.000E+00  0.000E+00  0.000E+00  0.000E+00  0.000E+00  0.000E+00  0.000E+00  0.000E+00  0.000E+00
  0.000E+00  0.000E+00  0.000E+00  0.000E+00  0.000E+00  0.000E+00  0.000E+00  0.000E+00  0.000E+00  0.000E+00
  0.000E+00  0.000E+00  0.000E+00  0.000E+00  0.000E+00  0.000E+00  0.000E+00  0.000E+00  0.000E+00  0.000E+00
  0.000E+00  0.000E+00  0.000E+00  0.000E+00  0.000E+00  0.000E+00  0.000E+00  0.000E+00  0.000E+00  0.000E+00
  0.000E+00  0.000E+00  0.000E+00  0.000E+00  0.000E+00  0.000E+00  0.000E+00  0.000E+00  0.000E+00  0.000E+00
  0.000E+00  0.000E+00  0.000E+00  0.000E+00  0.000E+00  0.000E+00  0.000E+00  0.000E+00  0.000E+00  0.000E+00
  0.000E+00  0.000E+00  0.000E+00  0.000E+00  0.000E+00  0.000E+00  0.000E+00  0.000E+00  0.000E+00  0.000E+00
  0.000E+00  0.000E+00  0.000E+00  0.000E+00  0.000E+00  0.000E+00  0.000E+00  0.000E+00  0.000E+00  0.000E+00
  0.000E+00  0.000E+00  0.000E+00  0.000E+00  0.000E+00  0.000E+00  0.000E+00  0.000E+00  0.000E+00  0.000E+00
  0.000E+00  0.000E+00  0.000E+00  0.000E+00  0.000E+00  0.000E+00  0.000E+00  0.000E+00  0.000E+00  0.000E+00
  0.000E+00  0.000E+00  0.000E+00  0.000E+00  0.000E+00  0.000E+00  0.000E+00  0.000E+00  0.000E+00  0.000E+00
  0.000E+00  0.000E+00  0.000E+00  0.000E+00  0.000E+00  0.000E+00  0.000E+00  0.000E+00  0.000E+00  0.000E+00
  0.000E+00  0.000E+00  0.000E+00  0.000E+00  0.000E+00  0.000E+00  0.000E+00  0.000E+00  0.000E+00  0.000E+00
  0.000E+00  0.000E+00  0.000E+00  0.000E+00  0.000E+00  0.000E+00  0.000E+00  0.000E+00  0.000E+00  0.000E+00
  0.000E+00  0.000E+00  0.000E+00  0.000E+00  0.000E+00  0.000E+00  0.000E+00  0.000E+00  0.000E+00  0.000E+00
  0.000E+00  0.000E+00  0.000E+00  0.000E+00  0.000E+00  0.000E+00  0.000E+00  0.000E+00  0.000E+00  0.000E+00
  0.000E+00  0.000E+00  0.000E+00  0.000E+00  0.000E+00  0.000E+00  0.000E+00  0.000E+00  0.000E+00  0.000E+00
  0.000E+00  0.000E+00  0.000E+00  0.000E+00  0.000E+00  0.000E+00  0.000E+00  0.000E+00  0.000E+00  0.000E+00
  0.000E+00  0.000E+00  0.000E+00  0.000E+00  0.000E+00  0.000E+00  0.000E+00  0.000E+00  0.000E+00  0.000E+00
  0.000E+00  0.000E+00  0.000E+00  0.000E+00  0.000E+00  0.000E+00  0.000E+00  0.000E+00  0.000E+00  0.000E+00
  0.000E+00  0.000E+00  0.000E+00  0.000E+00  0.000E+00  0.000E+00  0.000E+00  0.000E+00  0.000E+00  0.000E+00
  0.000E+00  0.000E+00  0.000E+00  0.000E+00  0.000E+00  0.000E+00  0.000E+00  0.000E+00  0.000E+00  0.000E+00
  0.000E+00  0.000E+00  0.000E+00  0.000E+00  0.000E+00  0.000E+00  0.000E+00  0.000E+00  0.000E+00  0.000E+00
  0.000E+00  0.000E+00  0.000E+00  0.000E+00  0.000E+00  0.000E+00  0.000E+00  0.000E+00  0.000E+00  0.000E+00
  0.000E+00  0.000E+00  0.000E+00  0.000E+00  0.000E+00  0.000E+00  0.000E+00  0.000E+00  0.000E+00  0.000E+00
  0.000E+00  0.000E+00  0.000E+00  0.000E+00  0.000E+00  0.000E+00  0.000E+00  0.000E+00  0.000E+00  0.000E+00
  0.000E+00  0.000E+00  0.000E+00  0.000E+00  0.000E+00  0.000E+00  0.000E+00  0.000E+00  0.000E+00  0.000E+00
  0.000E+00  0.000E+00  0.000E+00  0.000E+00  0.000E+00  0.000E+00  0.000E+00  0.000E+00  0.000E+00  0.000E+00
  0.000E+00  0.000E+00  0.000E+00  0.000E+00  0.000E+00  0.000E+00  0.000E+00  0.000E+00  0.000E+00  0.000E+00
  0.000E+00  0.000E+00  0.000E+00  0.000E+00  0.000E+00  0.000E+00  0.000E+00  0.000E+00  0.000E+00  0.000E+00
  0.000E+00  0.000E+00  0.000E+00  0.000E+00  0.000E+00  0.000E+00  0.000E+00  0.000E+00  0.000E+00  0.000E+00
  0.000E+00  0.000E+00  0.000E+00  0.000E+00  0.000E+00  0.000E+00  0.000E+00  0.000E+00  0.000E+00  0.000E+00
  0.000E+00  0.000E+00  0.000E+00  0.000E+00  0.000E+00  0.000E+00  0.000E+00  0.000E+00  0.000E+00  0.000E+00
  0.000E+00  0.000E+00  0.000E+00  0.000E+00  0.000E+00  0.000E+00  0.000E+00  0.000E+00  0.000E+00  0.000E+00
  0.000E+00  0.000E+00  0.000E+00  0.000E+00  0.000E+00  0.000E+00  0.000E+00  0.000E+00  0.000E+00  0.000E+00
  0.000E+00  0.000E+00  0.000E+00  0.000E+00  0.000E+00  0.000E+00  0.000E+00  0.000E+00  0.000E+00  0.000E+00
  0.000E+00  0.000E+00  0.000E+00  0.000E+00  0.000E+00  0.000E+00  0.000E+00  0.000E+00  0.000E+00  0.000E+00
  0.000E+00  0.000E+00  0.000E+00  0.000E+00  0.000E+00  0.000E+00  0.000E+00  0.000E+00  0.000E+00  0.000E+00
  0.000E+00  0.000E+00  0.000E+00  0.000E+00  0.000E+00  0.000E+00  0.000E+00  0.000E+00  0.000E+00  0.000E+00
  0.000E+00  0.000E+00  0.000E+00  0.000E+00  0.000E+00  0.000E+00  0.000E+00  0.000E+00  0.000E+00  0.000E+00
  0.000E+00  0.000E+00  0.000E+00  0.000E+00  0.000E+00  0.000E+00  0.000E+00  0.000E+00  0.000E+00  0.000E+00
  0.000E+00  0.000E+00  0.000E+00  0.000E+00  0.000E+00  0.000E+00  0.000E+00  0.000E+00  0.000E+00  0.000E+00
  0.000E+00  0.000E+00  0.000E+00  0.000E+00  0.000E+00  0.000E+00  0.000E+00  0.000E+00  0.000E+00  0.000E+00
  0.000E+00  0.000E+00  0.000E+00  0.000E+00  0.000E+00  0.000E+00  0.000E+00  0.000E+00  0.000E+00  0.000E+00
  0.000E+00  0.000E+00  0.000E+00  0.000E+00  0.000E+00  0.000E+00  0.000E+00  0.000E+00  0.000E+00  0.000E+00
  0.000E+00  0.000E+00  0.000E+00  0.000E+00  0.000E+00  0.000E+00  0.000E+00  0.000E+00  0.000E+00  0.000E+00
  0.000E+00  0.000E+00  0.000E+00  0.000E+00  0.000E+00  0.000E+00  0.000E+00  0.000E+00  0.000E+00  0.000E+00
  0.000E+00  0.000E+00  0.000E+00  0.000E+00  0.000E+00  0.000E+00  0.000E+00  0.000E+00  0.000E+00  0.000E+00
  0.000E+00  0.000E+00  0.000E+00  0.000E+00  0.000E+00  0.000E+00  0.000E+00  0.000E+00  0.000E+00  0.000E+00
  0.000E+00  0.000E+00  0.000E+00  0.000E+00  0.000E+00  0.000E+00  0.000E+00  0.000E+00  0.000E+00  0.000E+00
  0.000E+00  0.000E+00  0.000E+00  0.000E+00  0.000E+00  0.000E+00  0.000E+00  0.000E+00  0.000E+00  0.000E+00
  0.000E+00  0.000E+00  0.000E+00  0.000E+00  0.000E+00  0.000E+00  0.000E+00  0.000E+00  0.000E+00  0.000E+00
  0.000E+00  0.000E+00  0.000E+00  0.000E+00  0.000E+00  0.000E+00  0.000E+00  0.000E+00  0.000E+00  0.000E+00
  0.000E+00  0.000E+00  0.000E+00  0.000E+00  0.000E+00  0.000E+00  0.000E+00  0.000E+00  0.000E+00  0.000E+00
  0.000E+00  0.000E+00  0.000E+00  0.000E+00  0.000E+00  0.000E+00  0.000E+00  0.000E+00  0.000E+00  0.000E+00
  0.000E+00  0.000E+00  0.000E+00  0.000E+00  0.000E+00  0.000E+00  0.000E+00  0.000E+00  0.000E+00  0.000E+00
  0.000E+00  0.000E+00  0.000E+00  0.000E+00  0.000E+00  0.000E+00  0.000E+00  0.000E+00  0.000E+00  0.000E+00
  0.000E+00  0.000E+00  0.000E+00  0.000E+00  0.000E+00  0.000E+00  0.000E+00  0.000E+00  0.000E+00  0.000E+00
  0.000E+00  0.000E+00  0.000E+00  0.000E+00  0.000E+00  0.000E+00  0.000E+00  0.000E+00  0.000E+00  0.000E+00
  0.000E+00  0.000E+00  0.000E+00  0.000E+00  0.000E+00  0.000E+00  0.000E+00  0.000E+00  0.000E+00  0.000E+00
  0.000E+00  0.000E+00  0.000E+00  0.000E+00  0.000E+00  0.000E+00  0.000E+00  0.000E+00  0.000E+00  0.000E+00
  0.000E+00  0.000E+00  0.000E+00  0.000E+00  0.000E+00  0.000E+00  0.000E+00  0.000E+00  0.000E+00  0.000E+00
  0.000E+00  0.000E+00  0.000E+00  0.000E+00  0.000E+00  0.000E+00  0.000E+00  0.000E+00  0.000E+00  0.000E+00
  0.000E+00  0.000E+00  0.000E+00  0.000E+00  0.000E+00  0.000E+00  0.000E+00  0.000E+00  0.000E+00  0.000E+00
  0.000E+00  0.000E+00  0.000E+00  0.000E+00  0.000E+00  0.000E+00  0.000E+00  0.000E+00  0.000E+00  0.000E+00
  0.000E+00  0.000E+00  0.000E+00  0.000E+00  0.000E+00  0.000E+00  0.000E+00  0.000E+00  0.000E+00  0.000E+00
  0.000E+00  0.000E+00  0.000E+00  0.000E+00  0.000E+00  0.000E+00  0.000E+00  0.000E+00  0.000E+00  0.000E+00
  0.000E+00  0.000E+00  0.000E+00  0.000E+00  0.000E+00  0.000E+00  0.000E+00  0.000E+00  0.000E+00  0.000E+00
  0.000E+00  0.000E+00  0.000E+00  0.000E+00  0.000E+00  0.000E+00  0.000E+00  0.000E+00  0.000E+00  0.000E+00
  0.000E+00  0.000E+00  0.000E+00  0.000E+00  0.000E+00  0.000E+00  0.000E+00  0.000E+00  0.000E+00  0.000E+00
  0.000E+00  0.000E+00  0.000E+00  0.000E+00  0.000E+00  0.000E+00  0.000E+00  0.000E+00  0.000E+00  0.000E+00
  0.000E+00  0.000E+00  0.000E+00  0.000E+00  0.000E+00  0.000E+00  0.000E+00  0.000E+00  0.000E+00  0.000E+00
  0.000E+00  0.000E+00  0.000E+00  0.000E+00  0.000E+00  0.000E+00  0.000E+00  0.000E+00  0.000E+00  0.000E+00
  0.000E+00  0.000E+00  0.000E+00  0.000E+00  0.000E+00  0.000E+00  0.000E+00  0.000E+00  0.000E+00  0.000E+00
  0.000E+00  0.000E+00  0.000E+00  0.000E+00  0.000E+00  0.000E+00  0.000E+00  0.000E+00  0.000E+00  0.000E+00
  0.000E+00  0.000E+00  0.000E+00  0.000E+00  0.000E+00  0.000E+00  0.000E+00  0.000E+00  0.000E+00  0.000E+00
  0.000E+00  0.000E+00  0.000E+00  0.000E+00  0.000E+00  0.000E+00  0.000E+00  0.000E+00  0.000E+00  0.000E+00
  0.000E+00  0.000E+00  0.000E+00  0.000E+00  0.000E+00  0.000E+00  0.000E+00  0.000E+00  0.000E+00  0.000E+00
  0.000E+00  0.000E+00  0.000E+00  0.000E+00  0.000E+00  0.000E+00  0.000E+00  0.000E+00  0.000E+00  0.000E+00
  0.000E+00  0.000E+00  0.000E+00  0.000E+00  0.000E+00  0.000E+00  0.000E+00  0.000E+00  0.000E+00  0.000E+00
  0.000E+00  0.000E+00  0.000E+00  0.000E+00  0.000E+00  0.000E+00  0.000E+00  0.000E+00  0.000E+00  0.000E+00
  0.000E+00  0.000E+00  0.000E+00  0.000E+00  0.000E+00  0.000E+00  0.000E+00  0.000E+00  0.000E+00  0.000E+00
  0.000E+00  0.000E+00  0.000E+00  0.000E+00  0.000E+00  0.000E+00  0.000E+00  0.000E+00  0.000E+00  0.000E+00
  0.000E+00  0.000E+00  0.000E+00  0.000E+00  0.000E+00  0.000E+00  0.000E+00  0.000E+00  0.000E+00  0.000E+00
  0.000E+00  0.000E+00  0.000E+00  0.000E+00  0.000E+00  0.000E+00  0.000E+00  0.000E+00  0.000E+00  0.000E+00
  0.000E+00  0.000E+00  0.000E+00  0.000E+00  0.000E+00  0.000E+00  0.000E+00  0.000E+00  0.000E+00  0.000E+00
  0.000E+00  0.000E+00  0.000E+00  0.000E+00  0.000E+00  0.000E+00  0.000E+00  0.000E+00  0.000E+00  0.000E+00
  0.000E+00  0.000E+00  0.000E+00  0.000E+00  0.000E+00  0.000E+00  0.000E+00  0.000E+00  0.000E+00  0.000E+00
  0.000E+00  0.000E+00  0.000E+00  0.000E+00  0.000E+00  0.000E+00  0.000E+00  0.000E+00  0.000E+00  0.000E+00
  0.000E+00  0.000E+00  0.000E+00  0.000E+00  0.000E+00  0.000E+00  0.000E+00  0.000E+00  0.000E+00  0.000E+00
  0.000E+00  0.000E+00  0.000E+00  0.000E+00  0.000E+00  0.000E+00  0.000E+00  0.000E+00  0.000E+00  0.000E+00
  0.000E+00  0.000E+00  0.000E+00  0.000E+00  0.000E+00  0.000E+00  0.000E+00  0.000E+00  0.000E+00  0.000E+00
  0.000E+00  0.000E+00  0.000E+00  0.000E+00  0.000E+00  0.000E+00  0.000E+00  0.000E+00  0.000E+00  0.000E+00
  0.000E+00  0.000E+00  0.000E+00  0.000E+00  0.000E+00  0.000E+00  0.000E+00  0.000E+00  0.000E+00  0.000E+00
  0.000E+00  0.000E+00  0.000E+00  0.000E+00  0.000E+00  0.000E+00  0.000E+00  0.000E+00  0.000E+00  0.000E+00
  0.000E+00  0.000E+00  0.000E+00  0.000E+00  0.000E+00  0.000E+00  0.000E+00  0.000E+00  0.000E+00  0.000E+00
  0.000E+00  0.000E+00  0.000E+00  0.000E+00  0.000E+00  0.000E+00  0.000E+00  0.000E+00  0.000E+00  0.000E+00
  0.000E+00  0.000E+00  0.000E+00  0.000E+00  0.000E+00  0.000E+00  0.000E+00  0.000E+00  0.000E+00  0.000E+00
  0.000E+00  0.000E+00  0.000E+00  0.000E+00  0.000E+00  0.000E+00  0.000E+00  0.000E+00  0.000E+00  0.000E+00
  0.000E+00  0.000E+00  0.000E+00  0.000E+00  0.000E+00  0.000E+00  0.000E+00  0.000E+00  0.000E+00  0.000E+00
  0.000E+00  0.000E+00  0.000E+00  0.000E+00  0.000E+00  0.000E+00  0.000E+00  0.000E+00  0.000E+00  0.000E+00
  0.000E+00  0.000E+00  0.000E+00  0.000E+00  0.000E+00  0.000E+00  0.000E+00  0.000E+00  0.000E+00  0.000E+00
  0.000E+00  0.000E+00  0.000E+00  0.000E+00  0.000E+00  0.000E+00  0.000E+00  0.000E+00  0.000E+00  0.000E+00
  0.000E+00  0.000E+00  0.000E+00  0.000E+00  0.000E+00  0.000E+00  0.000E+00  0.000E+00  0.000E+00  0.000E+00
  0.000E+00  0.000E+00  0.000E+00  0.000E+00  0.000E+00  0.000E+00  0.000E+00  0.000E+00  0.000E+00  0.000E+00
  0.000E+00  0.000E+00  0.000E+00  0.000E+00  0.000E+00  0.000E+00  0.000E+00  0.000E+00  0.000E+00  0.000E+00
  0.000E+00  0.000E+00  0.000E+00  0.000E+00  0.000E+00  0.000E+00  0.000E+00  0.000E+00  0.000E+00  0.000E+00
  0.000E+00  0.000E+00  0.000E+00  0.000E+00  0.000E+00  0.000E+00  0.000E+00  0.000E+00  0.000E+00  0.000E+00
  0.000E+00  0.000E+00  0.000E+00  0.000E+00  0.000E+00  0.000E+00  0.000E+00  0.000E+00  0.000E+00  0.000E+00
  0.000E+00  0.000E+00  0.000E+00  0.000E+00  0.000E+00  0.000E+00  0.000E+00  0.000E+00  0.000E+00  0.000E+00
  0.000E+00  0.000E+00  0.000E+00  0.000E+00  0.000E+00  0.000E+00  0.000E+00  0.000E+00  0.000E+00  0.000E+00
  0.000E+00  0.000E+00  0.000E+00  0.000E+00  0.000E+00  0.000E+00  0.000E+00  0.000E+00  0.000E+00  0.000E+00
  0.000E+00  0.000E+00  0.000E+00  0.000E+00  0.000E+00  0.000E+00  0.000E+00  0.000E+00  0.000E+00  0.000E+00
  0.000E+00  0.000E+00  0.000E+00  0.000E+00  0.000E+00  0.000E+00  0.000E+00  0.000E+00  0.000E+00  0.000E+00
  0.000E+00  0.000E+00  0.000E+00  0.000E+00  0.000E+00  0.000E+00  0.000E+00  0.000E+00  0.000E+00  0.000E+00
  0.000E+00  0.000E+00  0.000E+00  0.000E+00  0.000E+00  0.000E+00  0.000E+00  0.000E+00  0.000E+00  0.000E+00
  0.000E+00  0.000E+00  0.000E+00  0.000E+00  0.000E+00  0.000E+00  0.000E+00  0.000E+00  0.000E+00  0.000E+00
  0.000E+00  0.000E+00  0.000E+00  0.000E+00  0.000E+00  0.000E+00  0.000E+00  0.000E+00  0.000E+00  0.000E+00
  0.000E+00  0.000E+00  0.000E+00  0.000E+00  0.000E+00  0.000E+00  0.000E+00  0.000E+00  0.000E+00  0.000E+00
  0.000E+00  0.000E+00  0.000E+00  0.000E+00  0.000E+00  0.000E+00  0.000E+00  0.000E+00  0.000E+00  0.000E+00
  0.000E+00  0.000E+00  0.000E+00  0.000E+00  0.000E+00  0.000E+00  0.000E+00  0.000E+00  0.000E+00  0.000E+00
  0.000E+00  0.000E+00  0.000E+00  0.000E+00  0.000E+00  0.000E+00  0.000E+00  0.000E+00  0.000E+00  0.000E+00
  0.000E+00  0.000E+00  0.000E+00  0.000E+00  0.000E+00  0.000E+00  0.000E+00  0.000E+00  0.000E+00  0.000E+00
  0.000E+00  0.000E+00  0.000E+00  0.000E+00  0.000E+00  0.000E+00  0.000E+00  0.000E+00  0.000E+00  0.000E+00
  0.000E+00  0.000E+00  0.000E+00  0.000E+00  0.000E+00  0.000E+00  0.000E+00  0.000E+00  0.000E+00  0.000E+00
  0.000E+00  0.000E+00  0.000E+00  0.000E+00  0.000E+00  0.000E+00  0.000E+00  0.000E+00  0.000E+00  0.000E+00
  0.000E+00  0.000E+00  0.000E+00  0.000E+00  0.000E+00  0.000E+00  0.000E+00  0.000E+00  0.000E+00  0.000E+00
  0.000E+00  0.000E+00  0.000E+00  0.000E+00  0.000E+00  0.000E+00  0.000E+00  0.000E+00  0.000E+00  0.000E+00
  0.000E+00  0.000E+00  0.000E+00  0.000E+00  0.000E+00  0.000E+00  0.000E+00  0.000E+00  0.000E+00  0.000E+00
  0.000E+00  0.000E+00  0.000E+00  0.000E+00  0.000E+00  0.000E+00  0.000E+00  0.000E+00  0.000E+00  0.000E+00
  0.000E+00  0.000E+00  0.000E+00  0.000E+00  0.000E+00  0.000E+00  0.000E+00  0.000E+00  0.000E+00  0.000E+00
  0.000E+00  0.000E+00  0.000E+00  0.000E+00  0.000E+00  0.000E+00  0.000E+00  0.000E+00  0.000E+00  0.000E+00
  0.000E+00  0.000E+00  0.000E+00  0.000E+00  0.000E+00  0.000E+00  0.000E+00  0.000E+00  0.000E+00  0.000E+00
  0.000E+00  0.000E+00  0.000E+00  0.000E+00  0.000E+00  0.000E+00  0.000E+00  0.000E+00  0.000E+00  0.000E+00
  0.000E+00  0.000E+00  0.000E+00  0.000E+00  0.000E+00  0.000E+00  0.000E+00  0.000E+00  0.000E+00  0.000E+00
  0.000E+00  0.000E+00  0.000E+00  0.000E+00  0.000E+00  0.000E+00  0.000E+00  0.000E+00  0.000E+00  0.000E+00
  0.000E+00  0.000E+00  0.000E+00  0.000E+00  0.000E+00  0.000E+00  0.000E+00  0.000E+00  0.000E+00  0.000E+00
  0.000E+00  0.000E+00  0.000E+00  0.000E+00  0.000E+00  0.000E+00  0.000E+00  0.000E+00  0.000E+00  0.000E+00
  0.000E+00  0.000E+00  0.000E+00  0.000E+00  0.000E+00  0.000E+00  0.000E+00  0.000E+00  0.000E+00  0.000E+00
  0.000E+00  0.000E+00  0.000E+00  0.000E+00  0.000E+00  0.000E+00  0.000E+00  0.000E+00  0.000E+00  0.000E+00
  0.000E+00  0.000E+00  0.000E+00  0.000E+00  0.000E+00  0.000E+00  0.000E+00  0.000E+00  0.000E+00  0.000E+00
  0.000E+00  0.000E+00  0.000E+00  0.000E+00  0.000E+00  0.000E+00  0.000E+00  0.000E+00  0.000E+00  0.000E+00
  0.000E+00  0.000E+00  0.000E+00  0.000E+00  0.000E+00  0.000E+00  0.000E+00  0.000E+00  0.000E+00  0.000E+00
  0.000E+00  0.000E+00  0.000E+00  0.000E+00  0.000E+00  0.000E+00  0.000E+00  0.000E+00  0.000E+00  0.000E+00
  0.000E+00  0.000E+00  0.000E+00  0.000E+00  0.000E+00  0.000E+00  0.000E+00  0.000E+00  0.000E+00  0.000E+00
  0.000E+00  0.000E+00  0.000E+00  0.000E+00  0.000E+00  0.000E+00  0.000E+00  0.000E+00  0.000E+00  0.000E+00
  0.000E+00  0.000E+00  0.000E+00  0.000E+00  0.000E+00  0.000E+00  0.000E+00  0.000E+00  0.000E+00  0.000E+00
  0.000E+00  0.000E+00  0.000E+00  0.000E+00  0.000E+00  0.000E+00  0.000E+00  0.000E+00  0.000E+00  0.000E+00
  0.000E+00  0.000E+00  0.000E+00  0.000E+00  0.000E+00  0.000E+00  0.000E+00  0.000E+00  0.000E+00  0.000E+00
  0.000E+00  0.000E+00  0.000E+00  0.000E+00  0.000E+00  0.000E+00  0.000E+00  0.000E+00  0.000E+00  0.000E+00
  0.000E+00  0.000E+00  0.000E+00  0.000E+00  0.000E+00  0.000E+00  0.000E+00  0.000E+00  0.000E+00  0.000E+00
  0.000E+00  0.000E+00  0.000E+00  0.000E+00  0.000E+00  0.000E+00  0.000E+00  0.000E+00  0.000E+00  0.000E+00
  0.000E+00  0.000E+00  0.000E+00  0.000E+00  0.000E+00  0.000E+00  0.000E+00  0.000E+00  0.000E+00  0.000E+00
  0.000E+00  0.000E+00  0.000E+00  0.000E+00  0.000E+00  0.000E+00  0.000E+00  0.000E+00  0.000E+00  0.000E+00
  0.000E+00  0.000E+00  0.000E+00  0.000E+00  0.000E+00  0.000E+00  0.000E+00  0.000E+00  0.000E+00  0.000E+00
  0.000E+00  0.000E+00  0.000E+00  0.000E+00  0.000E+00  0.000E+00  0.000E+00  0.000E+00  0.000E+00  0.000E+00
  0.000E+00  0.000E+00  0.000E+00  0.000E+00  0.000E+00  0.000E+00  0.000E+00  0.000E+00  0.000E+00  0.000E+00
  0.000E+00  0.000E+00  0.000E+00  0.000E+00  0.000E+00  0.000E+00  0.000E+00  0.000E+00  0.000E+00  0.000E+00
  0.000E+00  0.000E+00  0.000E+00  0.000E+00  0.000E+00  0.000E+00  0.000E+00  0.000E+00  0.000E+00  0.000E+00
  0.000E+00  0.000E+00  0.000E+00  0.000E+00  0.000E+00  0.000E+00  0.000E+00  0.000E+00  0.000E+00  0.000E+00
  0.000E+00  0.000E+00  0.000E+00  0.000E+00  0.000E+00  0.000E+00  0.000E+00  0.000E+00  0.000E+00  0.000E+00
  0.000E+00  0.000E+00  0.000E+00  0.000E+00  0.000E+00  0.000E+00  0.000E+00  0.000E+00  0.000E+00  0.000E+00
  0.000E+00  0.000E+00  0.000E+00  0.000E+00  0.000E+00  0.000E+00  0.000E+00  0.000E+00  0.000E+00  0.000E+00
  0.000E+00  0.000E+00  0.000E+00  0.000E+00  0.000E+00  0.000E+00  0.000E+00  0.000E+00  0.000E+00  0.000E+00
  0.000E+00  0.000E+00  0.000E+00  0.000E+00  0.000E+00  0.000E+00  0.000E+00  0.000E+00  0.000E+00  0.000E+00
  0.000E+00  0.000E+00  0.000E+00  0.000E+00  0.000E+00  0.000E+00  0.000E+00  0.000E+00  0.000E+00  0.000E+00
  0.000E+00  0.000E+00  0.000E+00  0.000E+00  0.000E+00  0.000E+00  0.000E+00  0.000E+00  0.000E+00  0.000E+00
  0.000E+00  0.000E+00  0.000E+00  0.000E+00  0.000E+00  0.000E+00  0.000E+00  0.000E+00  0.000E+00  0.000E+00
  0.000E+00  0.000E+00  0.000E+00  0.000E+00  0.000E+00  0.000E+00  0.000E+00  0.000E+00  0.000E+00  0.000E+00
  0.000E+00  0.000E+00  0.000E+00  0.000E+00  0.000E+00  0.000E+00  0.000E+00  0.000E+00  0.000E+00  0.000E+00
  0.000E+00  0.000E+00  0.000E+00  0.000E+00  0.000E+00  0.000E+00  0.000E+00  0.000E+00  0.000E+00  0.000E+00
  0.000E+00  0.000E+00  0.000E+00  0.000E+00  0.000E+00  0.000E+00  0.000E+00  0.000E+00  0.000E+00  0.000E+00
  0.000E+00  0.000E+00  0.000E+00  0.000E+00  0.000E+00  0.000E+00  0.000E+00  0.000E+00  0.000E+00  0.000E+00
  0.000E+00  0.000E+00  0.000E+00  0.000E+00  0.000E+00  0.000E+00  0.000E+00  0.000E+00  0.000E+00  0.000E+00
  0.000E+00  0.000E+00  0.000E+00  0.000E+00  0.000E+00  0.000E+00  0.000E+00  0.000E+00  0.000E+00  0.000E+00
  0.000E+00  0.000E+00  0.000E+00  0.000E+00  0.000E+00  0.000E+00  0.000E+00  0.000E+00  0.000E+00  0.000E+00
  0.000E+00  0.000E+00  0.000E+00  0.000E+00  0.000E+00  0.000E+00  0.000E+00  0.000E+00  0.000E+00  0.000E+00
  0.000E+00  0.000E+00  0.000E+00  0.000E+00  0.000E+00  0.000E+00  0.000E+00  0.000E+00  0.000E+00  0.000E+00
  0.000E+00  0.000E+00  0.000E+00  0.000E+00  0.000E+00  0.000E+00  0.000E+00  0.000E+00  0.000E+00  0.000E+00
  0.000E+00  0.000E+00  0.000E+00  0.000E+00  0.000E+00  0.000E+00  0.000E+00  0.000E+00  0.000E+00  0.000E+00
  0.000E+00  0.000E+00  0.000E+00  0.000E+00  0.000E+00  0.000E+00  0.000E+00  0.000E+00  0.000E+00  0.000E+00
  0.000E+00  0.000E+00  0.000E+00  0.000E+00  0.000E+00  0.000E+00  0.000E+00  0.000E+00  0.000E+00  0.000E+00
  0.000E+00  0.000E+00  0.000E+00  0.000E+00  0.000E+00  0.000E+00  0.000E+00  0.000E+00  0.000E+00  0.000E+00
  0.000E+00  0.000E+00  0.000E+00  0.000E+00  0.000E+00  0.000E+00  0.000E+00  0.000E+00  0.000E+00  0.000E+00
  0.000E+00  0.000E+00  0.000E+00  0.000E+00  0.000E+00  0.000E+00  0.000E+00  0.000E+00  0.000E+00  0.000E+00
  0.000E+00  0.000E+00  0.000E+00  0.000E+00  0.000E+00  0.000E+00  0.000E+00  0.000E+00  0.000E+00  0.000E+00
  0.000E+00  0.000E+00  0.000E+00  0.000E+00  0.000E+00  0.000E+00  0.000E+00  0.000E+00  0.000E+00  0.000E+00
  0.000E+00  0.000E+00  0.000E+00  0.000E+00  0.000E+00  0.000E+00  0.000E+00  0.000E+00  0.000E+00  0.000E+00
  0.000E+00  0.000E+00  0.000E+00  0.000E+00  0.000E+00  0.000E+00  0.000E+00  0.000E+00  0.000E+00  0.000E+00
  0.000E+00  0.000E+00  0.000E+00  0.000E+00  0.000E+00  0.000E+00  0.000E+00  0.000E+00  0.000E+00  0.000E+00
  0.000E+00  0.000E+00  0.000E+00  0.000E+00  0.000E+00  0.000E+00  0.000E+00  0.000E+00  0.000E+00  0.000E+00
  0.000E+00  0.000E+00  0.000E+00  0.000E+00  0.000E+00  0.000E+00  0.000E+00  0.000E+00  0.000E+00  0.000E+00
  0.000E+00  0.000E+00  0.000E+00  0.000E+00  0.000E+00  0.000E+00  0.000E+00  0.000E+00  0.000E+00  0.000E+00
  0.000E+00  0.000E+00  0.000E+00  0.000E+00  0.000E+00  0.000E+00  0.000E+00  0.000E+00  0.000E+00  0.000E+00
  0.000E+00  0.000E+00  0.000E+00  0.000E+00  0.000E+00  0.000E+00  0.000E+00  0.000E+00  0.000E+00  0.000E+00
  0.000E+00  0.000E+00  0.000E+00  0.000E+00  0.000E+00  0.000E+00  0.000E+00  0.000E+00  0.000E+00  0.000E+00
  0.000E+00  0.000E+00  0.000E+00  0.000E+00  0.000E+00  0.000E+00  0.000E+00  0.000E+00  0.000E+00  0.000E+00
  0.000E+00  0.000E+00  0.000E+00  0.000E+00  0.000E+00  0.000E+00  0.000E+00  0.000E+00  0.000E+00  0.000E+00
  0.000E+00  0.000E+00  0.000E+00  0.000E+00  0.000E+00  0.000E+00  0.000E+00  0.000E+00  0.000E+00  0.000E+00
  0.000E+00  0.000E+00  0.000E+00  0.000E+00  0.000E+00  0.000E+00  0.000E+00  0.000E+00  0.000E+00  0.000E+00
  0.000E+00  0.000E+00  0.000E+00  0.000E+00  0.000E+00  0.000E+00  0.000E+00  0.000E+00  0.000E+00  0.000E+00
  0.000E+00  0.000E+00  0.000E+00  0.000E+00  0.000E+00  0.000E+00  0.000E+00  0.000E+00  0.000E+00  0.000E+00
  0.000E+00  0.000E+00  0.000E+00  0.000E+00  0.000E+00  0.000E+00  0.000E+00  0.000E+00  0.000E+00  0.000E+00
  0.000E+00  0.000E+00  0.000E+00  0.000E+00  0.000E+00  0.000E+00  0.000E+00  0.000E+00  0.000E+00  0.000E+00
  0.000E+00  0.000E+00  0.000E+00  0.000E+00  0.000E+00  0.000E+00  0.000E+00  0.000E+00  0.000E+00  0.000E+00
  0.000E+00  0.000E+00  0.000E+00  0.000E+00  0.000E+00  0.000E+00  0.000E+00  0.000E+00  0.000E+00  0.000E+00
  0.000E+00  0.000E+00  0.000E+00  0.000E+00  0.000E+00  0.000E+00  0.000E+00  0.000E+00  0.000E+00  0.000E+00
  0.000E+00  0.000E+00  0.000E+00  0.000E+00  0.000E+00  0.000E+00  0.000E+00  0.000E+00  0.000E+00  0.000E+00
  0.000E+00  0.000E+00  0.000E+00  0.000E+00  0.000E+00  0.000E+00  0.000E+00  0.000E+00  0.000E+00  0.000E+00
  0.000E+00  0.000E+00  0.000E+00  0.000E+00  0.000E+00  0.000E+00  0.000E+00  0.000E+00  0.000E+00  0.000E+00
  0.000E+00  0.000E+00  0.000E+00  0.000E+00  0.000E+00  0.000E+00  0.000E+00  0.000E+00  0.000E+00  0.000E+00
  0.000E+00  0.000E+00  0.000E+00  0.000E+00  0.000E+00  0.000E+00  0.000E+00  0.000E+00  0.000E+00  0.000E+00
  0.000E+00  0.000E+00  0.000E+00  0.000E+00  0.000E+00  0.000E+00  0.000E+00  0.000E+00  0.000E+00  0.000E+00
  0.000E+00  0.000E+00  0.000E+00  0.000E+00  0.000E+00  0.000E+00  0.000E+00  0.000E+00  0.000E+00  0.000E+00
  0.000E+00  0.000E+00  0.000E+00  0.000E+00  0.000E+00  0.000E+00  0.000E+00  0.000E+00  0.000E+00  0.000E+00
  0.000E+00  0.000E+00  0.000E+00  0.000E+00  0.000E+00  0.000E+00  0.000E+00  0.000E+00  0.000E+00  0.000E+00
  0.000E+00  0.000E+00  0.000E+00  0.000E+00  0.000E+00  0.000E+00  0.000E+00  0.000E+00  0.000E+00  0.000E+00

#------------------------------------------------------------------------------
# gshow
#------------------------------------------------------------------------------

p: legs[c5*0.875]

w:2/ x(   0.4750013E+02) y(   0.2345679E-03) ix(2) iy(2) s(   0.7000E+00)

hb:   line clip z  
frame:
 -4.9998717E+00 -4.9999768E+01
  1.0000013E+02 -4.9999768E+01
  1.0000013E+02  5.0000232E+01
 -4.9998717E+00  5.0000232E+01
clip:
 -6.03947433E+00 -5.09898644E+01
  1.01039734E+02 -5.09898644E+01
  1.01039734E+02 -4.99700625E+01
  1.01039734E+02 -4.89502605E+01
  1.01039734E+02 -4.79304585E+01
  1.01039734E+02 -4.69106565E+01
  1.01039734E+02 -4.58908545E+01
  1.01039734E+02 -4.48710526E+01
  1.01039734E+02 -4.38512506E+01
  1.01039734E+02 -4.28314486E+01
  1.01039734E+02 -4.18116466E+01
  1.01039734E+02 -4.07918446E+01
  1.01039734E+02 -3.97720427E+01
  1.01039734E+02 -3.87522407E+01
  1.01039734E+02 -3.77324387E+01
  1.01039734E+02 -3.67126367E+01
  1.01039734E+02 -3.56928347E+01
  1.01039734E+02 -3.46730328E+01
  1.01039734E+02 -3.36532308E+01
  1.01039734E+02 -3.26334288E+01
  1.01039734E+02 -3.16136268E+01
  1.01039734E+02 -3.05938248E+01
  1.01039734E+02 -2.95740229E+01
  1.01039734E+02 -2.85542209E+01
  1.01039734E+02 -2.75344189E+01
  1.01039734E+02 -2.65146169E+01
  1.01039734E+02 -2.54948149E+01
  1.01039734E+02 -2.44750130E+01
  1.01039734E+02 -2.34552110E+01
  1.01039734E+02 -2.24354090E+01
  1.01039734E+02 -2.14156070E+01
  1.01039734E+02 -2.03958050E+01
  1.01039734E+02 -1.93760031E+01
  1.01039734E+02 -1.90000000E+01
  1.00644930E+02 -1.90000000E+01
  9.99689415E+01 -1.90000000E+01
  9.95741383E+01 -1.90000000E+01
  9.88981494E+01 -1.90000000E+01
  9.85033462E+01 -1.90000000E+01
  9.78273574E+01 -1.90000000E+01
  9.74325541E+01 -1.90000000E+01
  9.70000000E+01 -1.83562011E+01
  9.78273574E+01 -1.75000000E+01
  1.00140722E+02 -1.75000000E+01
  1.01000000E+02 -1.73363991E+01
  1.01000000E+02 -1.63544386E+01
  1.01000000E+02 -1.63165971E+01
  1.01000000E+02 -1.53346366E+01
  1.01000000E+02 -1.52967951E+01
  1.01000000E+02 -1.43148347E+01
  1.01000000E+02 -1.42769932E+01
  1.01000000E+02 -1.32950327E+01
  1.01000000E+02 -1.32571912E+01
  1.01000000E+02 -1.22752307E+01
  1.01000000E+02 -1.22373892E+01
  1.01000000E+02 -1.12554287E+01
  1.01000000E+02 -1.12175872E+01
  1.01000000E+02 -1.02356267E+01
  1.01000000E+02 -1.01977852E+01
  1.01000000E+02 -9.21582477E+00
  1.01000000E+02 -9.17798325E+00
  1.01000000E+02 -8.19602279E+00
  1.01000000E+02 -8.15818127E+00
  1.01000000E+02 -7.17622081E+00
  1.01000000E+02 -7.13837929E+00
  1.01000000E+02 -6.15641883E+00
  1.01039734E+02 -5.52437182E+00
  1.01039734E+02  5.52437182E+00
  1.01000000E+02  7.10100691E+00
  1.01000000E+02  1.73368682E+01
  1.00140230E+02  1.75000000E+01
  9.99689415E+01  1.75000000E+01
  9.97976532E+01  1.75000000E+01
  9.88981494E+01  1.75000000E+01
  9.87268611E+01  1.75000000E+01
  9.78273574E+01  1.75000000E+01
  9.76560690E+01  1.75000000E+01
  9.67565653E+01  1.75000000E+01
  9.65852769E+01  1.75000000E+01
  9.56857732E+01  1.75000000E+01
  9.55144848E+01  1.75000000E+01
  9.46149811E+01  1.75000000E+01
  9.44436928E+01  1.75000000E+01
  9.35441890E+01  1.75000000E+01
  9.33729007E+01  1.75000000E+01
  9.24733970E+01  1.75000000E+01
  9.23021086E+01  1.75000000E+01
  9.14026049E+01  1.75000000E+01
  9.12313165E+01  1.75000000E+01
  9.03318128E+01  1.75000000E+01
  9.01605244E+01  1.75000000E+01
  8.92610207E+01  1.75000000E+01
  8.90897324E+01  1.75000000E+01
  8.81902286E+01  1.75000000E+01
  8.80189403E+01  1.75000000E+01
  8.71194366E+01  1.75000000E+01
  8.69481482E+01  1.75000000E+01
  8.60486445E+01  1.75000000E+01
  8.58773561E+01  1.75000000E+01
  8.49778524E+01  1.75000000E+01
  8.48065640E+01  1.75000000E+01
  8.39070603E+01  1.75000000E+01
  8.37357720E+01  1.75000000E+01
  8.28362682E+01  1.75000000E+01
  8.26649799E+01  1.75000000E+01
  8.17654762E+01  1.75000000E+01
  8.15941878E+01  1.75000000E+01
  8.06946841E+01  1.75000000E+01
  8.05233957E+01  1.75000000E+01
  7.96238920E+01  1.75000000E+01
  7.94526036E+01  1.75000000E+01
  7.85530999E+01  1.75000000E+01
  7.83818116E+01  1.75000000E+01
  7.74823078E+01  1.75000000E+01
  7.73110195E+01  1.75000000E+01
  7.64115158E+01  1.75000000E+01
  7.62402274E+01  1.75000000E+01
  7.53407237E+01  1.75000000E+01
  7.51694353E+01  1.75000000E+01
  7.42699316E+01  1.75000000E+01
  7.40986433E+01  1.75000000E+01
  7.31991395E+01  1.75000000E+01
  7.30278512E+01  1.75000000E+01
  7.21283475E+01  1.75000000E+01
  7.19570591E+01  1.75000000E+01
  7.10575554E+01  1.75000000E+01
  7.08862670E+01  1.75000000E+01
  6.99867633E+01  1.75000000E+01
  6.98154749E+01  1.75000000E+01
  6.89159712E+01  1.75000000E+01
  6.87446829E+01  1.75000000E+01
  6.78451791E+01  1.75000000E+01
  6.76738908E+01  1.75000000E+01
  6.67743871E+01  1.75000000E+01
  6.66030987E+01  1.75000000E+01
  6.57035950E+01  1.75000000E+01
  6.55323066E+01  1.75000000E+01
  6.46328029E+01  1.75000000E+01
  6.45000000E+01  1.74633472E+01
  6.45000000E+01  1.73368682E+01
  6.45000000E+01  1.72103893E+01
  6.45000000E+01  1.63170663E+01
  6.45000000E+01  1.61905873E+01
  6.45000000E+01  1.52972643E+01
  6.45000000E+01  1.51707853E+01
  6.45000000E+01  1.42774623E+01
  6.45000000E+01  1.41509833E+01
  6.45000000E+01  1.32576603E+01
  6.45000000E+01  1.31311814E+01
  6.45000000E+01  1.22378583E+01
  6.45000000E+01  1.21113794E+01
  6.45000000E+01  1.12180564E+01
  6.45000000E+01  1.10915774E+01
  6.45000000E+01  1.01982544E+01
  6.45000000E+01  1.00717754E+01
  6.45000000E+01  9.17845239E+00
  6.45000000E+01  9.05197344E+00
  6.45000000E+01  8.15865041E+00
  6.45000000E+01  8.03217146E+00
  6.45000000E+01  7.13884843E+00
  6.45000000E+01  7.01236948E+00
  6.45000000E+01  6.11904645E+00
  6.45000000E+01  5.99256750E+00
  6.35620108E+01  5.52437182E+00
  6.30000000E+01  6.11904645E+00
  6.30000000E+01  1.88412238E+01
  6.24912187E+01  1.90000000E+01
  6.18157225E+01  1.90000000E+01
  6.14204267E+01  1.90000000E+01
  6.07449304E+01  1.90000000E+01
  6.03496346E+01  1.90000000E+01
  5.96741383E+01  1.90000000E+01
  5.92788425E+01  1.90000000E+01
  5.86033462E+01  1.90000000E+01
  5.82080504E+01  1.90000000E+01
  5.75325541E+01  1.90000000E+01
  5.71372583E+01  1.90000000E+01
  5.64617621E+01  1.90000000E+01
  5.60664663E+01  1.90000000E+01
  5.53909700E+01  1.90000000E+01
  5.49956742E+01  1.90000000E+01
  5.43201779E+01  1.90000000E+01
  5.39248821E+01  1.90000000E+01
  5.32493858E+01  1.90000000E+01
  5.28540900E+01  1.90000000E+01
  5.21785937E+01  1.90000000E+01
  5.17832979E+01  1.90000000E+01
  5.11078017E+01  1.90000000E+01
  5.07125059E+01  1.90000000E+01
  5.00370096E+01  1.90000000E+01
  4.96417138E+01  1.90000000E+01
  4.89662175E+01  1.90000000E+01
  4.85709217E+01  1.90000000E+01
  4.78954254E+01  1.90000000E+01
  4.75001296E+01  1.90000000E+01
  4.68246334E+01  1.90000000E+01
  4.64293376E+01  1.90000000E+01
  4.57538413E+01  1.90000000E+01
  4.53585455E+01  1.90000000E+01
  4.46830492E+01  1.90000000E+01
  4.42877534E+01  1.90000000E+01
  4.36122571E+01  1.90000000E+01
  4.32169613E+01  1.90000000E+01
  4.25414650E+01  1.90000000E+01
  4.21461692E+01  1.90000000E+01
  4.14706730E+01  1.90000000E+01
  4.10753772E+01  1.90000000E+01
  4.03998809E+01  1.90000000E+01
  4.00045851E+01  1.90000000E+01
  3.93290888E+01  1.90000000E+01
  3.89337930E+01  1.90000000E+01
  3.82582967E+01  1.90000000E+01
  3.78630009E+01  1.90000000E+01
  3.71875046E+01  1.90000000E+01
  3.67922088E+01  1.90000000E+01
  3.62465000E+01  1.88763929E+01
  3.62465000E+01  1.83566702E+01
  3.62465000E+01  1.78369475E+01
  3.62465000E+01  1.73368682E+01
  3.62465000E+01  1.68171455E+01
  3.62465000E+01  1.63170663E+01
  3.62465000E+01  1.57973435E+01
  3.62465000E+01  1.52972643E+01
  3.62465000E+01  1.47775416E+01
  3.62465000E+01  1.42774623E+01
  3.62465000E+01  1.37577396E+01
  3.62465000E+01  1.32576603E+01
  3.62465000E+01  1.27379376E+01
  3.62465000E+01  1.22378583E+01
  3.62465000E+01  1.17181356E+01
  3.62465000E+01  1.12180564E+01
  3.62465000E+01  1.06983336E+01
  3.62465000E+01  1.01982544E+01
  3.62465000E+01  9.67853167E+00
  3.62465000E+01  9.17845239E+00
  3.62465000E+01  8.65872969E+00
  3.62465000E+01  8.15865041E+00
  3.62465000E+01  7.63892771E+00
  3.62465000E+01  7.13884843E+00
  3.62465000E+01  6.61912573E+00
  3.62465000E+01  6.11904645E+00
  3.62465000E+01  5.59932375E+00
  3.62465000E+01  5.09924447E+00
  3.62465000E+01  4.57952177E+00
  3.62465000E+01  4.07944249E+00
  3.62465000E+01  3.55971979E+00
  3.62465000E+01  3.05964051E+00
  3.62465000E+01  2.53991781E+00
  3.62465000E+01  2.03983853E+00
  3.62465000E+01  1.52011583E+00
  3.62465000E+01  1.02003655E+00
  3.62465000E+01  5.00313846E-01
  3.62465000E+01  2.34567890E-04
  3.62465000E+01 -5.19488135E-01
  3.62465000E+01 -1.01956741E+00
  3.62465000E+01 -1.53929011E+00
  3.62465000E+01 -2.03936939E+00
  3.62465000E+01 -2.55909209E+00
  3.62465000E+01 -3.05917137E+00
  3.62465000E+01 -3.57889408E+00
  3.62465000E+01 -4.07897335E+00
  3.62465000E+01 -4.59869606E+00
  3.62465000E+01 -5.09877533E+00
  3.62465000E+01 -5.61849804E+00
  3.62465000E+01 -6.11857731E+00
  3.62465000E+01 -6.63830002E+00
  3.62465000E+01 -7.13837929E+00
  3.62465000E+01 -7.65810200E+00
  3.62465000E+01 -8.15818127E+00
  3.62465000E+01 -8.67790398E+00
  3.62465000E+01 -9.17798325E+00
  3.62465000E+01 -9.69770596E+00
  3.62465000E+01 -1.01977852E+01
  3.62465000E+01 -1.07175079E+01
  3.62465000E+01 -1.12175872E+01
  3.62465000E+01 -1.17373099E+01
  3.62465000E+01 -1.22373892E+01
  3.62465000E+01 -1.27571119E+01
  3.62465000E+01 -1.32571912E+01
  3.62465000E+01 -1.37769139E+01
  3.62465000E+01 -1.42769932E+01
  3.62465000E+01 -1.47967159E+01
  3.62465000E+01 -1.52967951E+01
  3.62465000E+01 -1.58165178E+01
  3.62465000E+01 -1.63165971E+01
  3.62465000E+01 -1.68363198E+01
  3.62465000E+01 -1.73363991E+01
  3.62465000E+01 -1.78561218E+01
  3.62465000E+01 -1.83562011E+01
  3.62465000E+01 -1.88759238E+01
  3.57214168E+01 -1.90000000E+01
  3.53266135E+01 -1.90000000E+01
  3.46506247E+01 -1.90000000E+01
  3.42558215E+01 -1.90000000E+01
  3.35798326E+01 -1.90000000E+01
  3.30900000E+01 -1.83562011E+01
  3.30900000E+01  1.89099650E+01
  3.25090405E+01  1.90000000E+01
  3.18335442E+01  1.90000000E+01
  3.14382484E+01  1.90000000E+01
  3.07627522E+01  1.90000000E+01
  3.03674564E+01  1.90000000E+01
  2.96919601E+01  1.90000000E+01
  2.92966643E+01  1.90000000E+01
  2.86211680E+01  1.90000000E+01
  2.82258722E+01  1.90000000E+01
  2.75503759E+01  1.90000000E+01
  2.70000000E+01  1.93764722E+01
  2.70000000E+01  2.02485788E+01
  2.70000000E+01  3.36536999E+01
  2.71550801E+01  3.40000000E+01
  2.78622571E+01  3.40000000E+01
  2.82258722E+01  3.40000000E+01
  2.89330492E+01  3.40000000E+01
  2.92966643E+01  3.40000000E+01
  3.00038413E+01  3.40000000E+01
  3.03674564E+01  3.40000000E+01
  3.10746334E+01  3.40000000E+01
  3.14382484E+01  3.40000000E+01
  3.21454254E+01  3.40000000E+01
  3.25090405E+01  3.40000000E+01
  3.32162175E+01  3.40000000E+01
  3.35798326E+01  3.40000000E+01
  3.42870096E+01  3.40000000E+01
  3.46506247E+01  3.40000000E+01
  3.53578017E+01  3.40000000E+01
  3.57214168E+01  3.40000000E+01
  3.64285937E+01  3.40000000E+01
  3.67922088E+01  3.40000000E+01
  3.74993858E+01  3.40000000E+01
  3.78630009E+01  3.40000000E+01
  3.85701779E+01  3.40000000E+01
  3.89337930E+01  3.40000000E+01
  3.96409700E+01  3.40000000E+01
  4.00045851E+01  3.40000000E+01
  4.07117621E+01  3.40000000E+01
  4.10753772E+01  3.40000000E+01
  4.17825541E+01  3.40000000E+01
  4.21461692E+01  3.40000000E+01
  4.28533462E+01  3.40000000E+01
  4.32169613E+01  3.40000000E+01
  4.39241383E+01  3.40000000E+01
  4.42877534E+01  3.40000000E+01
  4.49949304E+01  3.40000000E+01
  4.53585455E+01  3.40000000E+01
  4.60657225E+01  3.40000000E+01
  4.64293376E+01  3.40000000E+01
  4.71365145E+01  3.40000000E+01
  4.75001296E+01  3.40000000E+01
  4.82073066E+01  3.40000000E+01
  4.85709217E+01  3.40000000E+01
  4.92780987E+01  3.40000000E+01
  4.96417138E+01  3.40000000E+01
  5.03488908E+01  3.40000000E+01
  5.07125059E+01  3.40000000E+01
  5.14196829E+01  3.40000000E+01
  5.17832979E+01  3.40000000E+01
  5.24904749E+01  3.40000000E+01
  5.28540900E+01  3.40000000E+01
  5.35612670E+01  3.40000000E+01
  5.39248821E+01  3.40000000E+01
  5.46320591E+01  3.40000000E+01
  5.49956742E+01  3.40000000E+01
  5.57028512E+01  3.40000000E+01
  5.60664663E+01  3.40000000E+01
  5.67736433E+01  3.40000000E+01
  5.71372583E+01  3.40000000E+01
  5.78444353E+01  3.40000000E+01
  5.82080504E+01  3.40000000E+01
  5.89152274E+01  3.40000000E+01
  5.92788425E+01  3.40000000E+01
  5.99860195E+01  3.40000000E+01
  6.03496346E+01  3.40000000E+01
  6.10568116E+01  3.40000000E+01
  6.14204267E+01  3.40000000E+01
  6.21276036E+01  3.40000000E+01
  6.24912187E+01  3.40000000E+01
  6.31983957E+01  3.40000000E+01
  6.35620108E+01  3.40000000E+01
  6.42691878E+01  3.40000000E+01
  6.46328029E+01  3.40000000E+01
  6.53399799E+01  3.40000000E+01
  6.57035950E+01  3.40000000E+01
  6.64107720E+01  3.40000000E+01
  6.67743871E+01  3.40000000E+01
  6.74815640E+01  3.40000000E+01
  6.78451791E+01  3.40000000E+01
  6.85523561E+01  3.40000000E+01
  6.89159712E+01  3.40000000E+01
  6.96231482E+01  3.40000000E+01
  6.99867633E+01  3.40000000E+01
  7.06939403E+01  3.40000000E+01
  7.10575554E+01  3.40000000E+01
  7.17647324E+01  3.40000000E+01
  7.21283475E+01  3.40000000E+01
  7.28355244E+01  3.40000000E+01
  7.31991395E+01  3.40000000E+01
  7.39063165E+01  3.40000000E+01
  7.42699316E+01  3.40000000E+01
  7.49771086E+01  3.40000000E+01
  7.53407237E+01  3.40000000E+01
  7.60479007E+01  3.40000000E+01
  7.64115158E+01  3.40000000E+01
  7.71186928E+01  3.40000000E+01
  7.74823078E+01  3.40000000E+01
  7.81894848E+01  3.40000000E+01
  7.85530999E+01  3.40000000E+01
  7.92602769E+01  3.40000000E+01
  7.96238920E+01  3.40000000E+01
  8.03310690E+01  3.40000000E+01
  8.06946841E+01  3.40000000E+01
  8.14018611E+01  3.40000000E+01
  8.17654762E+01  3.40000000E+01
  8.24726532E+01  3.40000000E+01
  8.28362682E+01  3.40000000E+01
  8.35434452E+01  3.40000000E+01
  8.39070603E+01  3.40000000E+01
  8.46142373E+01  3.40000000E+01
  8.49778524E+01  3.40000000E+01
  8.56850294E+01  3.40000000E+01
  8.60486445E+01  3.40000000E+01
  8.67558215E+01  3.40000000E+01
  8.71194366E+01  3.40000000E+01
  8.78266135E+01  3.40000000E+01
  8.81902286E+01  3.40000000E+01
  8.88974056E+01  3.40000000E+01
  8.92610207E+01  3.40000000E+01
  8.99681977E+01  3.40000000E+01
  9.03318128E+01  3.40000000E+01
  9.10389898E+01  3.40000000E+01
  9.14026049E+01  3.40000000E+01
  9.21097819E+01  3.40000000E+01
  9.24733970E+01  3.40000000E+01
  9.31805739E+01  3.40000000E+01
  9.35441890E+01  3.40000000E+01
  9.42513660E+01  3.40000000E+01
  9.46149811E+01  3.40000000E+01
  9.53221581E+01  3.40000000E+01
  9.56857732E+01  3.40000000E+01
  9.63929502E+01  3.40000000E+01
  9.67565653E+01  3.40000000E+01
  9.74637423E+01  3.40000000E+01
  9.78273574E+01  3.40000000E+01
  9.85345343E+01  3.40000000E+01
  9.88981494E+01  3.40000000E+01
  9.96053264E+01  3.40000000E+01
  9.99689415E+01  3.40000000E+01
  1.00676119E+02  3.40000000E+01
  1.01039734E+02  3.46735019E+01
  1.01039734E+02  3.56933039E+01
  1.01039734E+02  3.67131059E+01
  1.01039734E+02  3.77329078E+01
  1.01039734E+02  3.87527098E+01
  1.01039734E+02  3.97725118E+01
  1.01039734E+02  4.07923138E+01
  1.01039734E+02  4.18121158E+01
  1.01039734E+02  4.28319177E+01
  1.01039734E+02  4.38517197E+01
  1.01039734E+02  4.48715217E+01
  1.01039734E+02  4.58913237E+01
  1.01039734E+02  4.69111257E+01
  1.01039734E+02  4.79309276E+01
  1.01039734E+02  4.89507296E+01
  1.01039734E+02  4.99705316E+01
  1.01039734E+02  5.09903336E+01
  9.99689415E+01  5.09903336E+01
  9.88981494E+01  5.09903336E+01
  9.78273574E+01  5.09903336E+01
  9.67565653E+01  5.09903336E+01
  9.56857732E+01  5.09903336E+01
  9.46149811E+01  5.09903336E+01
  9.35441890E+01  5.09903336E+01
  9.24733970E+01  5.09903336E+01
  9.14026049E+01  5.09903336E+01
  9.03318128E+01  5.09903336E+01
  8.92610207E+01  5.09903336E+01
  8.81902286E+01  5.09903336E+01
  8.71194366E+01  5.09903336E+01
  8.60486445E+01  5.09903336E+01
  8.49778524E+01  5.09903336E+01
  8.39070603E+01  5.09903336E+01
  8.28362682E+01  5.09903336E+01
  8.17654762E+01  5.09903336E+01
  8.06946841E+01  5.09903336E+01
  7.96238920E+01  5.09903336E+01
  7.85530999E+01  5.09903336E+01
  7.74823078E+01  5.09903336E+01
  7.64115158E+01  5.09903336E+01
  7.53407237E+01  5.09903336E+01
  7.42699316E+01  5.09903336E+01
  7.31991395E+01  5.09903336E+01
  7.21283475E+01  5.09903336E+01
  7.10575554E+01  5.09903336E+01
  6.99867633E+01  5.09903336E+01
  6.89159712E+01  5.09903336E+01
  6.78451791E+01  5.09903336E+01
  6.67743871E+01  5.09903336E+01
  6.57035950E+01  5.09903336E+01
  6.46328029E+01  5.09903336E+01
  6.35620108E+01  5.09903336E+01
  6.24912187E+01  5.09903336E+01
  6.14204267E+01  5.09903336E+01
  6.03496346E+01  5.09903336E+01
  5.92788425E+01  5.09903336E+01
  5.82080504E+01  5.09903336E+01
  5.71372583E+01  5.09903336E+01
  5.60664663E+01  5.09903336E+01
  5.49956742E+01  5.09903336E+01
  5.39248821E+01  5.09903336E+01
  5.28540900E+01  5.09903336E+01
  5.17832979E+01  5.09903336E+01
  5.07125059E+01  5.09903336E+01
  4.96417138E+01  5.09903336E+01
  4.85709217E+01  5.09903336E+01
  4.75001296E+01  5.09903336E+01
  4.64293376E+01  5.09903336E+01
  4.53585455E+01  5.09903336E+01
  4.42877534E+01  5.09903336E+01
  4.32169613E+01  5.09903336E+01
  4.21461692E+01  5.09903336E+01
  4.10753772E+01  5.09903336E+01
  4.00045851E+01  5.09903336E+01
  3.89337930E+01  5.09903336E+01
  3.78630009E+01  5.09903336E+01
  3.67922088E+01  5.09903336E+01
  3.57214168E+01  5.09903336E+01
  3.46506247E+01  5.09903336E+01
  3.35798326E+01  5.09903336E+01
  3.25090405E+01  5.09903336E+01
  3.14382484E+01  5.09903336E+01
  3.03674564E+01  5.09903336E+01
  2.92966643E+01  5.09903336E+01
  2.82258722E+01  5.09903336E+01
  2.71550801E+01  5.09903336E+01
  2.60842880E+01  5.09903336E+01
  2.50134960E+01  5.09903336E+01
  2.39427039E+01  5.09903336E+01
  2.28719118E+01  5.09903336E+01
  2.18011197E+01  5.09903336E+01
  2.07303276E+01  5.09903336E+01
  1.96595356E+01  5.09903336E+01
  1.85887435E+01  5.09903336E+01
  1.75179514E+01  5.09903336E+01
  1.64471593E+01  5.09903336E+01
  1.53763673E+01  5.09903336E+01
  1.43055752E+01  5.09903336E+01
  1.32347831E+01  5.09903336E+01
  1.21639910E+01  5.09903336E+01
  1.10931989E+01  5.09903336E+01
  1.00224069E+01  5.09903336E+01
  8.95161478E+00  5.09903336E+01
  7.88082270E+00  5.09903336E+01
  6.81003062E+00  5.09903336E+01
  5.73923854E+00  5.09903336E+01
  4.66844646E+00  5.09903336E+01
  3.59765438E+00  5.09903336E+01
  2.52686230E+00  5.09903336E+01
  1.45607022E+00  5.09903336E+01
  3.85278144E-01  5.09903336E+01
 -6.85513935E-01  5.09903336E+01
 -1.75630601E+00  5.09903336E+01
 -2.82709809E+00  5.09903336E+01
 -3.89789017E+00  5.09903336E+01
 -4.96868225E+00  5.09903336E+01
 -6.03947433E+00  5.09903336E+01
 -6.03947433E+00  4.99705316E+01
 -6.03947433E+00  4.89507296E+01
 -6.03947433E+00  4.79309276E+01
 -6.03947433E+00  4.69111257E+01
 -6.03947433E+00  4.58913237E+01
 -6.03947433E+00  4.48715217E+01
 -6.03947433E+00  4.38517197E+01
 -6.03947433E+00  4.28319177E+01
 -6.03947433E+00  4.18121158E+01
 -6.03947433E+00  4.07923138E+01
 -6.03947433E+00  3.97725118E+01
 -6.03947433E+00  3.87527098E+01
 -6.03947433E+00  3.77329078E+01
 -6.03947433E+00  3.67131059E+01
 -6.03947433E+00  3.56933039E+01
 -6.03947433E+00  3.46735019E+01
 -6.03947433E+00  3.36536999E+01
 -6.03947433E+00  3.26338979E+01
 -6.03947433E+00  3.16140960E+01
 -6.03947433E+00  3.05942940E+01
 -6.03947433E+00  2.95744920E+01
 -6.03947433E+00  2.85546900E+01
 -6.03947433E+00  2.75348880E+01
 -6.03947433E+00  2.65150861E+01
 -6.03947433E+00  2.54952841E+01
 -6.03947433E+00  2.44754821E+01
 -6.03947433E+00  2.34556801E+01
 -6.03947433E+00  2.24358781E+01
 -6.03947433E+00  2.14160762E+01
 -6.03947433E+00  2.03962742E+01
 -6.03947433E+00  1.93764722E+01
 -6.03947433E+00  1.83566702E+01
 -6.03947433E+00  1.73368682E+01
 -6.03947433E+00  1.63170663E+01
 -6.03947433E+00  1.52972643E+01
 -6.03947433E+00  1.42774623E+01
 -6.03947433E+00  1.32576603E+01
 -6.03947433E+00  1.22378583E+01
 -6.03947433E+00  1.12180564E+01
 -6.03947433E+00  1.01982544E+01
 -6.03947433E+00  9.17845239E+00
 -6.03947433E+00  8.15865041E+00
 -6.03947433E+00  7.13884843E+00
 -6.03947433E+00  6.11904645E+00
 -6.03947433E+00  5.09924447E+00
 -6.03947433E+00  4.07944249E+00
 -6.03947433E+00  3.05964051E+00
 -6.03947433E+00  2.03983853E+00
 -6.03947433E+00  1.02003655E+00
 -6.03947433E+00  2.34567890E-04
 -6.03947433E+00 -1.01956741E+00
 -6.03947433E+00 -2.03936939E+00
 -6.03947433E+00 -3.05917137E+00
 -6.03947433E+00 -4.07897335E+00
 -6.03947433E+00 -5.09877533E+00
 -6.03947433E+00 -6.11857731E+00
 -6.03947433E+00 -7.13837929E+00
 -6.03947433E+00 -8.15818127E+00
 -6.03947433E+00 -9.17798325E+00
 -6.03947433E+00 -1.01977852E+01
 -6.03947433E+00 -1.12175872E+01
 -6.03947433E+00 -1.22373892E+01
 -6.03947433E+00 -1.32571912E+01
 -6.03947433E+00 -1.42769932E+01
 -6.03947433E+00 -1.52967951E+01
 -6.03947433E+00 -1.63165971E+01
 -6.03947433E+00 -1.73363991E+01
 -6.03947433E+00 -1.83562011E+01
 -6.03947433E+00 -1.93760031E+01
 -6.03947433E+00 -2.03958050E+01
 -6.03947433E+00 -2.14156070E+01
 -6.03947433E+00 -2.24354090E+01
 -6.03947433E+00 -2.34552110E+01
 -6.03947433E+00 -2.44750130E+01
 -6.03947433E+00 -2.54948149E+01
 -6.03947433E+00 -2.65146169E+01
 -6.03947433E+00 -2.75344189E+01
 -6.03947433E+00 -2.85542209E+01
 -6.03947433E+00 -2.95740229E+01
 -6.03947433E+00 -3.05938248E+01
 -6.03947433E+00 -3.16136268E+01
 -6.03947433E+00 -3.26334288E+01
 -6.03947433E+00 -3.36532308E+01
 -6.03947433E+00 -3.46730328E+01
 -6.03947433E+00 -3.56928347E+01
 -6.03947433E+00 -3.67126367E+01
 -6.03947433E+00 -3.77324387E+01
 -6.03947433E+00 -3.87522407E+01
 -6.03947433E+00 -3.97720427E+01
 -6.03947433E+00 -4.07918446E+01
 -6.03947433E+00 -4.18116466E+01
 -6.03947433E+00 -4.28314486E+01
 -6.03947433E+00 -4.38512506E+01
 -6.03947433E+00 -4.48710526E+01
 -6.03947433E+00 -4.58908545E+01
 -6.03947433E+00 -4.69106565E+01
 -6.03947433E+00 -4.79304585E+01
 -6.03947433E+00 -4.89502605E+01
 -6.03947433E+00 -4.99700625E+01
 -6.03947433E+00 -5.09898644E+01

w:2100/ x(   0.1450000E+01) y(   0.0000000E+00) ix(2) iy(2) s(   0.7000E+00)

hb:   line clip z  
clip:
  0.00000000E+00 -1.87231326E+01
  3.85278144E-01 -1.90000000E+01
  1.06126702E+00 -1.90000000E+01
  1.45607022E+00 -1.90000000E+01
  2.13205909E+00 -1.90000000E+01
  2.52686230E+00 -1.90000000E+01
  2.90000000E+00 -1.87115703E+01
  2.90000000E+00 -1.83562011E+01
  2.90000000E+00 -1.80008318E+01
  2.90000000E+00 -1.73363991E+01
  2.90000000E+00 -1.69810299E+01
  2.90000000E+00 -1.63165971E+01
  2.90000000E+00 -1.59612279E+01
  2.90000000E+00 -1.52967951E+01
  2.90000000E+00 -1.49414259E+01
  2.90000000E+00 -1.42769932E+01
  2.90000000E+00 -1.39216239E+01
  2.90000000E+00 -1.32571912E+01
  2.90000000E+00 -1.29018219E+01
  2.90000000E+00 -1.22373892E+01
  2.90000000E+00 -1.18820200E+01
  2.90000000E+00 -1.12175872E+01
  2.90000000E+00 -1.08622180E+01
  2.90000000E+00 -1.01977852E+01
  2.90000000E+00 -9.84241600E+00
  2.90000000E+00 -9.17798325E+00
  2.90000000E+00 -8.82261402E+00
  2.90000000E+00 -8.15818127E+00
  2.90000000E+00 -7.80281204E+00
  2.90000000E+00 -7.13837929E+00
  2.90000000E+00 -6.78301006E+00
  2.90000000E+00 -6.11857731E+00
  2.90000000E+00 -5.76320808E+00
  2.90000000E+00 -5.09877533E+00
  2.90000000E+00 -4.74340610E+00
  2.52686230E+00 -4.50000000E+00
  2.50000000E+00 -4.07897335E+00
  2.11649224E+00 -3.45000000E+00
  1.87000000E+00 -3.05917137E+00
  1.87000000E+00 -2.66495254E+00
  1.87000000E+00 -2.03936939E+00
  1.87000000E+00 -1.64515056E+00
  1.87000000E+00 -1.01956741E+00
  1.87000000E+00 -6.25348578E-01
  1.87000000E+00  2.34567890E-04
  1.87000000E+00  3.94453402E-01
  1.87000000E+00  1.02003655E+00
  1.87000000E+00  1.41425538E+00
  1.87000000E+00  2.03983853E+00
  1.87000000E+00  2.43405736E+00
  1.87000000E+00  3.05964051E+00
  2.50000000E+00  4.05385934E+00
  2.50000000E+00  4.07944249E+00
  2.52686230E+00  4.50000000E+00
  2.90000000E+00  4.74387523E+00
  2.90000000E+00  5.09924447E+00
  2.90000000E+00  5.45461370E+00
  2.90000000E+00  6.11904645E+00
  2.90000000E+00  6.47441568E+00
  2.90000000E+00  7.13884843E+00
  2.90000000E+00  7.49421766E+00
  2.90000000E+00  8.15865041E+00
  2.90000000E+00  8.51401964E+00
  2.90000000E+00  9.17845239E+00
  2.90000000E+00  9.53382163E+00
  2.90000000E+00  1.01982544E+01
  2.90000000E+00  1.05536236E+01
  2.90000000E+00  1.12180564E+01
  2.90000000E+00  1.15734256E+01
  2.90000000E+00  1.22378583E+01
  2.90000000E+00  1.25932276E+01
  2.90000000E+00  1.32576603E+01
  2.90000000E+00  1.36130295E+01
  2.90000000E+00  1.42774623E+01
  2.90000000E+00  1.46328315E+01
  2.90000000E+00  1.52972643E+01
  2.90000000E+00  1.56526335E+01
  2.90000000E+00  1.63170663E+01
  2.90000000E+00  1.66724355E+01
  2.90000000E+00  1.73368682E+01
  2.90000000E+00  1.76922375E+01
  2.90000000E+00  1.83566702E+01
  2.90000000E+00  1.87120394E+01
  2.52686230E+00  1.90000000E+01
  1.85136602E+00  1.90000000E+01
  1.45607022E+00  1.90000000E+01
  7.80573946E-01  1.90000000E+01
  3.85278144E-01  1.90000000E+01
  0.00000000E+00  1.87236018E+01
  0.00000000E+00  1.83566702E+01
  0.00000000E+00  1.79897386E+01
  0.00000000E+00  1.73368682E+01
  0.00000000E+00  1.69699367E+01
  0.00000000E+00  1.63170663E+01
  0.00000000E+00  1.59501347E+01
  0.00000000E+00  1.52972643E+01
  0.00000000E+00  1.49303327E+01
  0.00000000E+00  1.42774623E+01
  0.00000000E+00  1.39105307E+01
  0.00000000E+00  1.32576603E+01
  0.00000000E+00  1.28907287E+01
  0.00000000E+00  1.22378583E+01
  0.00000000E+00  1.18709268E+01
  0.00000000E+00  1.12180564E+01
  0.00000000E+00  1.08511248E+01
  0.00000000E+00  1.01982544E+01
  0.00000000E+00  9.83132280E+00
  0.00000000E+00  9.17845239E+00
  0.00000000E+00  8.81152082E+00
  0.00000000E+00  8.15865041E+00
  0.00000000E+00  7.79171884E+00
  0.00000000E+00  7.13884843E+00
  0.00000000E+00  6.77191686E+00
  0.00000000E+00  6.11904645E+00
  0.00000000E+00  5.75211488E+00
  0.00000000E+00  5.09924447E+00
  0.00000000E+00  4.73231290E+00
  0.00000000E+00  4.07944249E+00
  0.00000000E+00  3.71251092E+00
  0.00000000E+00  3.05964051E+00
  0.00000000E+00  2.69270894E+00
  0.00000000E+00  2.03983853E+00
  0.00000000E+00  1.67290696E+00
  0.00000000E+00  1.02003655E+00
  0.00000000E+00  6.53104982E-01
  0.00000000E+00  2.34567890E-04
  0.00000000E+00 -3.66696998E-01
  0.00000000E+00 -1.01956741E+00
  0.00000000E+00 -1.38649898E+00
  0.00000000E+00 -2.03936939E+00
  0.00000000E+00 -2.40630096E+00
  0.00000000E+00 -3.05917137E+00
  0.00000000E+00 -3.42610294E+00
  0.00000000E+00 -4.07897335E+00
  0.00000000E+00 -4.44590492E+00
  0.00000000E+00 -5.09877533E+00
  0.00000000E+00 -5.46570690E+00
  0.00000000E+00 -6.11857731E+00
  0.00000000E+00 -6.48550888E+00
  0.00000000E+00 -7.13837929E+00
  0.00000000E+00 -7.50531086E+00
  0.00000000E+00 -8.15818127E+00
  0.00000000E+00 -8.52511284E+00
  0.00000000E+00 -9.17798325E+00
  0.00000000E+00 -9.54491482E+00
  0.00000000E+00 -1.01977852E+01
  0.00000000E+00 -1.05647168E+01
  0.00000000E+00 -1.12175872E+01
  0.00000000E+00 -1.15845188E+01
  0.00000000E+00 -1.22373892E+01
  0.00000000E+00 -1.26043208E+01
  0.00000000E+00 -1.32571912E+01
  0.00000000E+00 -1.36241227E+01
  0.00000000E+00 -1.42769932E+01
  0.00000000E+00 -1.46439247E+01
  0.00000000E+00 -1.52967951E+01
  0.00000000E+00 -1.56637267E+01
  0.00000000E+00 -1.63165971E+01
  0.00000000E+00 -1.66835287E+01
  0.00000000E+00 -1.73363991E+01
  0.00000000E+00 -1.77033307E+01
  0.00000000E+00 -1.83562011E+01

w:2200/ x(   0.7452165E+01) y(   0.0000000E+00) ix(2) iy(2) s(   0.7000E+00)

hb:   line clip z  
clip:
  6.13404175E+00 -1.90000000E+01
  8.55681157E+00 -1.90000000E+01
  8.90433000E+00 -1.83562011E+01
  8.90433000E+00 -1.73814322E+01
  8.90433000E+00 -1.73363991E+01
  8.90433000E+00 -1.63616302E+01
  8.90433000E+00 -1.63165971E+01
  8.90433000E+00 -1.53418283E+01
  8.90433000E+00 -1.52967951E+01
  8.90433000E+00 -1.43220263E+01
  8.90433000E+00 -1.42769932E+01
  8.90433000E+00 -1.33022243E+01
  8.90433000E+00 -1.32571912E+01
  8.90433000E+00 -1.22824223E+01
  8.90433000E+00 -1.22373892E+01
  8.90433000E+00 -1.12626203E+01
  8.90433000E+00 -1.12175872E+01
  8.90433000E+00 -1.02428184E+01
  8.90433000E+00 -1.01977852E+01
  8.90433000E+00 -9.22301638E+00
  8.90433000E+00 -9.17798325E+00
  8.90433000E+00 -8.20321440E+00
  8.90433000E+00 -8.15818127E+00
  8.90433000E+00 -7.18341242E+00
  8.90433000E+00 -7.13837929E+00
  8.90433000E+00 -6.16361044E+00
  8.90433000E+00 -6.11857731E+00
  8.90433000E+00 -5.14380846E+00
  8.90433000E+00 -5.09877533E+00
  8.90433000E+00 -4.12400647E+00
  8.90433000E+00 -4.07897335E+00
  8.90433000E+00 -3.10420449E+00
  7.88082270E+00 -3.47510000E+00
  7.24675568E+00 -3.47510000E+00
  7.00000000E+00 -3.05917137E+00
  7.00000000E+00 -2.87824815E+00
  7.00000000E+00 -2.03936939E+00
  7.00000000E+00 -1.85844617E+00
  7.00000000E+00 -1.01956741E+00
  7.00000000E+00 -8.38644193E-01
  7.00000000E+00  2.34567890E-04
  7.00000000E+00  1.81157787E-01
  7.00000000E+00  1.02003655E+00
  7.00000000E+00  1.20095977E+00
  7.00000000E+00  2.03983853E+00
  7.30000000E+00  3.05964051E+00
  7.30000000E+00  4.07944249E+00
  7.60433000E+00  4.07944249E+00
  7.60433000E+00  3.81611611E+00
  7.60433000E+00  3.05964051E+00
  7.84434517E+00  3.02490000E+00
  7.88082270E+00  3.02490000E+00
  8.90433000E+00  2.08487165E+00
  8.90433000E+00  1.83566702E+01
  8.55631898E+00  1.90000000E+01
  7.88082270E+00  1.90000000E+01
  7.20532642E+00  1.90000000E+01
  6.81003062E+00  1.90000000E+01
  6.13453434E+00  1.90000000E+01
  6.00000000E+00  1.83566702E+01
  6.00000000E+00  1.75852125E+01
  6.00000000E+00  1.73368682E+01
  6.00000000E+00  1.65654105E+01
  6.00000000E+00  1.63170663E+01
  6.00000000E+00  1.55456085E+01
  6.00000000E+00  1.52972643E+01
  6.00000000E+00  1.45258065E+01
  6.00000000E+00  1.42774623E+01
  6.00000000E+00  1.35060046E+01
  6.00000000E+00  1.32576603E+01
  6.00000000E+00  1.24862026E+01
  6.00000000E+00  1.22378583E+01
  6.00000000E+00  1.14664006E+01
  6.00000000E+00  1.12180564E+01
  6.00000000E+00  1.04465986E+01
  6.00000000E+00  1.01982544E+01
  6.00000000E+00  9.42679664E+00
  6.00000000E+00  9.17845239E+00
  6.00000000E+00  8.40699466E+00
  6.00000000E+00  8.15865041E+00
  6.00000000E+00  7.38719268E+00
  6.00000000E+00  7.13884843E+00
  6.00000000E+00  6.36739070E+00
  6.00000000E+00  6.11904645E+00
  6.00000000E+00  5.34758872E+00
  6.00000000E+00  5.09924447E+00
  6.00000000E+00  4.32778674E+00
  6.00000000E+00  4.07944249E+00
  6.00000000E+00  3.30798476E+00
  6.00000000E+00  3.05964051E+00
  6.00000000E+00  2.28818278E+00
  6.00000000E+00  2.03983853E+00
  6.00000000E+00  1.26838080E+00
  6.00000000E+00  1.02003655E+00
  6.00000000E+00  2.48578815E-01
  6.00000000E+00  2.34567890E-04
  6.00000000E+00 -7.71223165E-01
  6.00000000E+00 -1.01956741E+00
  6.00000000E+00 -1.79102515E+00
  6.00000000E+00 -2.03936939E+00
  6.00000000E+00 -2.81082713E+00
  6.00000000E+00 -3.05917137E+00
  6.00000000E+00 -3.83062911E+00
  6.00000000E+00 -4.07897335E+00
  6.00000000E+00 -4.85043109E+00
  6.00000000E+00 -5.09877533E+00
  6.00000000E+00 -5.87023307E+00
  6.00000000E+00 -6.11857731E+00
  6.00000000E+00 -6.89003505E+00
  6.00000000E+00 -7.13837929E+00
  6.00000000E+00 -7.90983703E+00
  6.00000000E+00 -8.15818127E+00
  6.00000000E+00 -8.92963901E+00
  6.00000000E+00 -9.17798325E+00
  6.00000000E+00 -9.94944099E+00
  6.00000000E+00 -1.01977852E+01
  6.00000000E+00 -1.09692430E+01
  6.00000000E+00 -1.12175872E+01
  6.00000000E+00 -1.19890449E+01
  6.00000000E+00 -1.22373892E+01
  6.00000000E+00 -1.30088469E+01
  6.00000000E+00 -1.32571912E+01
  6.00000000E+00 -1.40286489E+01
  6.00000000E+00 -1.42769932E+01
  6.00000000E+00 -1.50484509E+01
  6.00000000E+00 -1.52967951E+01
  6.00000000E+00 -1.60682529E+01
  6.00000000E+00 -1.63165971E+01
  6.00000000E+00 -1.70880548E+01
  6.00000000E+00 -1.73363991E+01
  6.00000000E+00 -1.81078568E+01
  6.00000000E+00 -1.83562011E+01

w:2600/ x(   0.1940000E+02) y(  -0.1423721E+02) ix(2) iy(2) s(   0.7000E+00)

hb:   line clip z  
clip:
  1.89835467E+01 -1.90000000E+01
  1.96595356E+01 -1.90000000E+01
  1.99000000E+01 -1.85852148E+01
  1.99000000E+01 -1.83562011E+01
  1.99000000E+01 -1.81271873E+01
  1.99000000E+01 -1.73363991E+01
  1.99000000E+01 -1.71073854E+01
  1.99000000E+01 -1.63165971E+01
  1.99000000E+01 -1.60875834E+01
  1.99000000E+01 -1.52967951E+01
  1.99000000E+01 -1.50677814E+01
  1.99000000E+01 -1.42769932E+01
  1.99000000E+01 -1.40479794E+01
  1.99000000E+01 -1.32571912E+01
  1.99000000E+01 -1.30281774E+01
  1.99000000E+01 -1.22373892E+01
  1.99000000E+01 -1.20083755E+01
  1.99000000E+01 -1.12175872E+01
  1.99000000E+01 -1.09885735E+01
  1.99000000E+01 -1.01977852E+01
  1.99000000E+01 -9.96877149E+00
  1.96595356E+01 -9.50000000E+00
  1.89000000E+01 -9.47441802E+00
  1.89000000E+01 -1.01977852E+01
  1.89000000E+01 -1.09211524E+01
  1.89000000E+01 -1.12175872E+01
  1.89000000E+01 -1.19409544E+01
  1.89000000E+01 -1.22373892E+01
  1.89000000E+01 -1.29607564E+01
  1.89000000E+01 -1.32571912E+01
  1.89000000E+01 -1.39805584E+01
  1.89000000E+01 -1.42769932E+01
  1.89000000E+01 -1.50003604E+01
  1.89000000E+01 -1.52967951E+01
  1.89000000E+01 -1.60201623E+01
  1.89000000E+01 -1.63165971E+01
  1.89000000E+01 -1.70399643E+01
  1.89000000E+01 -1.73363991E+01
  1.89000000E+01 -1.80597663E+01
  1.89000000E+01 -1.83562011E+01

w:2300/ x(   0.3394000E+02) y(   0.0000000E+00) ix(2) iy(2) s(   0.7000E+00)

hb:   line clip z  
clip:
  3.30900000E+01 -1.88227083E+01
  3.35798326E+01 -1.90000000E+01
  3.42558215E+01 -1.90000000E+01
  3.46506247E+01 -1.90000000E+01
  3.47900000E+01 -1.84889395E+01
  3.47900000E+01 -1.83562011E+01
  3.47900000E+01 -1.82234627E+01
  3.47900000E+01 -1.73363991E+01
  3.47900000E+01 -1.72036607E+01
  3.47900000E+01 -1.63165971E+01
  3.47900000E+01 -1.61838587E+01
  3.47900000E+01 -1.52967951E+01
  3.47900000E+01 -1.51640567E+01
  3.47900000E+01 -1.42769932E+01
  3.47900000E+01 -1.41442548E+01
  3.47900000E+01 -1.32571912E+01
  3.47900000E+01 -1.31244528E+01
  3.47900000E+01 -1.22373892E+01
  3.47900000E+01 -1.21046508E+01
  3.47900000E+01 -1.12175872E+01
  3.47900000E+01 -1.10848488E+01
  3.47900000E+01 -1.01977852E+01
  3.47900000E+01 -1.00650468E+01
  3.47900000E+01 -9.17798325E+00
  3.47900000E+01 -9.04524485E+00
  3.47900000E+01 -8.15818127E+00
  3.47900000E+01 -8.02544287E+00
  3.46506247E+01 -7.32570971E+00
  3.40900000E+01 -7.13837929E+00
  3.40900000E+01 -6.65250558E+00
  3.40900000E+01 -6.11857731E+00
  3.40900000E+01 -5.63270360E+00
  3.40900000E+01 -5.09877533E+00
  3.40900000E+01 -4.61290162E+00
  3.40900000E+01 -4.07897335E+00
  3.40900000E+01 -3.59309964E+00
  3.40900000E+01 -3.05917137E+00
  3.45800000E+01 -2.10663099E+00
  3.45800000E+01 -2.03936939E+00
  3.45800000E+01 -1.08682901E+00
  3.45800000E+01 -1.01956741E+00
  3.45800000E+01 -6.70270313E-02
  3.45800000E+01  2.34567890E-04
  3.45800000E+01  9.52774949E-01
  3.45800000E+01  1.02003655E+00
  3.45800000E+01  1.97257693E+00
  3.45800000E+01  2.03983853E+00
  3.45800000E+01  2.99237891E+00
  3.40900000E+01  3.05964051E+00
  3.40900000E+01  3.54551422E+00
  3.40900000E+01  4.07944249E+00
  3.40900000E+01  4.56531620E+00
  3.40900000E+01  5.09924447E+00
  3.40900000E+01  5.58511818E+00
  3.46506247E+01  5.60226213E+00
  3.47900000E+01  5.98630805E+00
  3.47900000E+01  6.11904645E+00
  3.47900000E+01  6.25178485E+00
  3.47900000E+01  7.13884843E+00
  3.47900000E+01  7.27158683E+00
  3.47900000E+01  8.15865041E+00
  3.47900000E+01  8.29138881E+00
  3.47900000E+01  9.17845239E+00
  3.47900000E+01  9.31119079E+00
  3.47900000E+01  1.01982544E+01
  3.47900000E+01  1.03309928E+01
  3.47900000E+01  1.12180564E+01
  3.47900000E+01  1.13507948E+01
  3.47900000E+01  1.22378583E+01
  3.47900000E+01  1.23705967E+01
  3.47900000E+01  1.32576603E+01
  3.47900000E+01  1.33903987E+01
  3.47900000E+01  1.42774623E+01
  3.47900000E+01  1.44102007E+01
  3.47900000E+01  1.52972643E+01
  3.47900000E+01  1.54300027E+01
  3.47900000E+01  1.63170663E+01
  3.47900000E+01  1.64498047E+01
  3.47900000E+01  1.73368682E+01
  3.47900000E+01  1.74696066E+01
  3.47900000E+01  1.83566702E+01
  3.47900000E+01  1.84894086E+01
  3.46506247E+01  1.90000000E+01
  3.39751284E+01  1.90000000E+01
  3.35798326E+01  1.90000000E+01
  3.30900000E+01  1.88231774E+01
  3.30900000E+01  1.83566702E+01
  3.30900000E+01  1.78901630E+01
  3.30900000E+01  1.73368682E+01
  3.30900000E+01  1.68703610E+01
  3.30900000E+01  1.63170663E+01
  3.30900000E+01  1.58505590E+01
  3.30900000E+01  1.52972643E+01
  3.30900000E+01  1.48307570E+01
  3.30900000E+01  1.42774623E+01
  3.30900000E+01  1.38109551E+01
  3.30900000E+01  1.32576603E+01
  3.30900000E+01  1.27911531E+01
  3.30900000E+01  1.22378583E+01
  3.30900000E+01  1.17713511E+01
  3.30900000E+01  1.12180564E+01
  3.30900000E+01  1.07515491E+01
  3.30900000E+01  1.01982544E+01
  3.30900000E+01  9.73174713E+00
  3.30900000E+01  9.17845239E+00
  3.30900000E+01  8.71194515E+00
  3.30900000E+01  8.15865041E+00
  3.30900000E+01  7.69214317E+00
  3.30900000E+01  7.13884843E+00
  3.30900000E+01  6.67234119E+00
  3.30900000E+01  6.11904645E+00
  3.30900000E+01  5.65253921E+00
  3.30900000E+01  5.09924447E+00
  3.30900000E+01  4.63273723E+00
  3.30900000E+01  4.07944249E+00
  3.30900000E+01  3.61293525E+00
  3.30900000E+01  3.05964051E+00
  3.30900000E+01  2.59313327E+00
  3.30900000E+01  2.03983853E+00
  3.30900000E+01  1.57333129E+00
  3.30900000E+01  1.02003655E+00
  3.30900000E+01  5.53529310E-01
  3.30900000E+01  2.34567890E-04
  3.30900000E+01 -4.66272670E-01
  3.30900000E+01 -1.01956741E+00
  3.30900000E+01 -1.48607465E+00
  3.30900000E+01 -2.03936939E+00
  3.30900000E+01 -2.50587663E+00
  3.30900000E+01 -3.05917137E+00
  3.30900000E+01 -3.52567861E+00
  3.30900000E+01 -4.07897335E+00
  3.30900000E+01 -4.54548059E+00
  3.30900000E+01 -5.09877533E+00
  3.30900000E+01 -5.56528257E+00
  3.30900000E+01 -6.11857731E+00
  3.30900000E+01 -6.58508455E+00
  3.30900000E+01 -7.13837929E+00
  3.30900000E+01 -7.60488653E+00
  3.30900000E+01 -8.15818127E+00
  3.30900000E+01 -8.62468851E+00
  3.30900000E+01 -9.17798325E+00
  3.30900000E+01 -9.64449049E+00
  3.30900000E+01 -1.01977852E+01
  3.30900000E+01 -1.06642925E+01
  3.30900000E+01 -1.12175872E+01
  3.30900000E+01 -1.16840945E+01
  3.30900000E+01 -1.22373892E+01
  3.30900000E+01 -1.27038964E+01
  3.30900000E+01 -1.32571912E+01
  3.30900000E+01 -1.37236984E+01
  3.30900000E+01 -1.42769932E+01
  3.30900000E+01 -1.47435004E+01
  3.30900000E+01 -1.52967951E+01
  3.30900000E+01 -1.57633024E+01
  3.30900000E+01 -1.63165971E+01
  3.30900000E+01 -1.67831044E+01
  3.30900000E+01 -1.73363991E+01
  3.30900000E+01 -1.78029063E+01
  3.30900000E+01 -1.83562011E+01

w:2400/ x(   0.3551825E+02) y(   0.0000000E+00) ix(2) iy(2) s(   0.7000E+00)

hb:   line clip z  
clip:
  3.50454279E+01 -1.90000000E+01
  3.57214168E+01 -1.90000000E+01
  3.62465000E+01 -1.88562804E+01
  3.62465000E+01 -1.83562011E+01
  3.62465000E+01 -1.78561218E+01
  3.62465000E+01 -1.73363991E+01
  3.62465000E+01 -1.68363198E+01
  3.62465000E+01 -1.63165971E+01
  3.62465000E+01 -1.58165178E+01
  3.62465000E+01 -1.52967951E+01
  3.62465000E+01 -1.47967159E+01
  3.62465000E+01 -1.42769932E+01
  3.62465000E+01 -1.37769139E+01
  3.62465000E+01 -1.32571912E+01
  3.62465000E+01 -1.27571119E+01
  3.62465000E+01 -1.22373892E+01
  3.62465000E+01 -1.17373099E+01
  3.62465000E+01 -1.12175872E+01
  3.62465000E+01 -1.07175079E+01
  3.62465000E+01 -1.01977852E+01
  3.62465000E+01 -9.69770596E+00
  3.62465000E+01 -9.17798325E+00
  3.62465000E+01 -8.67790398E+00
  3.62465000E+01 -8.15818127E+00
  3.62465000E+01 -7.65810200E+00
  3.62465000E+01 -7.13837929E+00
  3.62465000E+01 -6.63830002E+00
  3.62465000E+01 -6.11857731E+00
  3.62465000E+01 -5.61849804E+00
  3.62465000E+01 -5.09877533E+00
  3.62465000E+01 -4.59869606E+00
  3.62465000E+01 -4.07897335E+00
  3.62465000E+01 -3.57889408E+00
  3.62465000E+01 -3.05917137E+00
  3.62465000E+01 -2.55909209E+00
  3.62465000E+01 -2.03936939E+00
  3.62465000E+01 -1.53929011E+00
  3.62465000E+01 -1.01956741E+00
  3.62465000E+01 -5.19488135E-01
  3.62465000E+01  2.34567890E-04
  3.62465000E+01  5.00313846E-01
  3.62465000E+01  1.02003655E+00
  3.62465000E+01  1.52011583E+00
  3.62465000E+01  2.03983853E+00
  3.62465000E+01  2.53991781E+00
  3.62465000E+01  3.05964051E+00
  3.62465000E+01  3.55971979E+00
  3.62465000E+01  4.07944249E+00
  3.62465000E+01  4.57952177E+00
  3.62465000E+01  5.09924447E+00
  3.62465000E+01  5.59932375E+00
  3.62465000E+01  6.11904645E+00
  3.62465000E+01  6.61912573E+00
  3.62465000E+01  7.13884843E+00
  3.62465000E+01  7.63892771E+00
  3.62465000E+01  8.15865041E+00
  3.62465000E+01  8.65872969E+00
  3.62465000E+01  9.17845239E+00
  3.62465000E+01  9.67853167E+00
  3.62465000E+01  1.01982544E+01
  3.62465000E+01  1.06983336E+01
  3.62465000E+01  1.12180564E+01
  3.62465000E+01  1.17181356E+01
  3.62465000E+01  1.22378583E+01
  3.62465000E+01  1.27379376E+01
  3.62465000E+01  1.32576603E+01
  3.62465000E+01  1.37577396E+01
  3.62465000E+01  1.42774623E+01
  3.62465000E+01  1.47775416E+01
  3.62465000E+01  1.52972643E+01
  3.62465000E+01  1.57973435E+01
  3.62465000E+01  1.63170663E+01
  3.62465000E+01  1.68171455E+01
  3.62465000E+01  1.73368682E+01
  3.62465000E+01  1.78369475E+01
  3.62465000E+01  1.83566702E+01
  3.62465000E+01  1.88567495E+01
  3.57214168E+01  1.90000000E+01
  3.50459205E+01  1.90000000E+01
  3.47900000E+01  1.83566702E+01
  3.47900000E+01  1.74696066E+01
  3.47900000E+01  1.73368682E+01
  3.47900000E+01  1.64498047E+01
  3.47900000E+01  1.63170663E+01
  3.47900000E+01  1.54300027E+01
  3.47900000E+01  1.52972643E+01
  3.47900000E+01  1.44102007E+01
  3.47900000E+01  1.42774623E+01
  3.47900000E+01  1.33903987E+01
  3.47900000E+01  1.32576603E+01
  3.47900000E+01  1.23705967E+01
  3.47900000E+01  1.22378583E+01
  3.47900000E+01  1.13507948E+01
  3.47900000E+01  1.12180564E+01
  3.47900000E+01  1.03309928E+01
  3.47900000E+01  1.01982544E+01
  3.47900000E+01  9.31119079E+00
  3.47900000E+01  9.17845239E+00
  3.47900000E+01  8.29138881E+00
  3.47900000E+01  8.15865041E+00
  3.47900000E+01  7.27158683E+00
  3.52700000E+01  6.70892771E+00
  3.52700000E+01  6.11904645E+00
  3.52700000E+01  3.64952177E+00
  3.47900000E+01  2.17257693E+00
  3.47900000E+01 -3.05917137E+00
  3.52700000E+01 -4.07897335E+00
  3.52700000E+01 -6.54849804E+00
  3.47900000E+01 -8.02544287E+00
  3.47900000E+01 -1.83562011E+01

w:103/ x(   0.6356201E+02) y(  -0.1835620E+02) ix(2) iy(2) s(   0.7000E+00)

hb:   line clip z  
clip:
  6.30000000E+01 -1.88914495E+01
  6.35620108E+01 -1.90000000E+01
  6.42379997E+01 -1.90000000E+01
  8.06946841E+01 -1.90000000E+01
  8.10000000E+01 -1.86469781E+01
  8.10000000E+01 -1.83562011E+01
  8.10000000E+01 -1.80654240E+01
  8.06946841E+01 -1.75000000E+01
  7.97956730E+01 -1.75000000E+01
  7.96238920E+01 -1.75000000E+01
  7.87248809E+01 -1.75000000E+01
  7.85530999E+01 -1.75000000E+01
  7.76540888E+01 -1.75000000E+01
  7.74823078E+01 -1.75000000E+01
  7.65832967E+01 -1.75000000E+01
  7.64115158E+01 -1.75000000E+01
  7.55125046E+01 -1.75000000E+01
  7.53407237E+01 -1.75000000E+01
  7.44417126E+01 -1.75000000E+01
  7.42699316E+01 -1.75000000E+01
  7.33709205E+01 -1.75000000E+01
  7.31991395E+01 -1.75000000E+01
  7.23001284E+01 -1.75000000E+01
  7.21283475E+01 -1.75000000E+01
  7.12293363E+01 -1.75000000E+01
  7.10575554E+01 -1.75000000E+01
  7.01585442E+01 -1.75000000E+01
  6.99867633E+01 -1.75000000E+01
  6.90877522E+01 -1.75000000E+01
  6.89159712E+01 -1.75000000E+01
  6.80169601E+01 -1.75000000E+01
  6.78451791E+01 -1.75000000E+01
  6.69461680E+01 -1.75000000E+01
  6.67743871E+01 -1.75000000E+01
  6.58753759E+01 -1.75000000E+01
  6.57035950E+01 -1.75000000E+01
  6.48045838E+01 -1.75000000E+01
  6.46328029E+01 -1.75000000E+01
  6.45000000E+01 -1.73363991E+01
  6.45000000E+01 -1.64430761E+01
  6.45000000E+01 -1.63165971E+01
  6.45000000E+01 -1.54232741E+01
  6.45000000E+01 -1.52967951E+01
  6.45000000E+01 -1.44034721E+01
  6.45000000E+01 -1.42769932E+01
  6.45000000E+01 -1.33836701E+01
  6.45000000E+01 -1.32571912E+01
  6.45000000E+01 -1.23638681E+01
  6.45000000E+01 -1.22373892E+01
  6.45000000E+01 -1.13440662E+01
  6.45000000E+01 -1.12175872E+01
  6.45000000E+01 -1.03242642E+01
  6.45000000E+01 -1.01977852E+01
  6.45000000E+01 -9.30446220E+00
  6.45000000E+01 -9.17798325E+00
  6.45000000E+01 -8.28466022E+00
  6.45000000E+01 -8.15818127E+00
  6.45000000E+01 -7.26485824E+00
  6.45000000E+01 -7.13837929E+00
  6.45000000E+01 -6.24505626E+00
  6.45000000E+01 -6.11857731E+00
  6.41859266E+01 -5.52437182E+00
  6.35620108E+01 -5.52437182E+00
  6.30000000E+01 -5.58332892E+00
  6.30000000E+01 -6.11857731E+00
  6.30000000E+01 -6.65382571E+00
  6.30000000E+01 -7.13837929E+00
  6.30000000E+01 -7.67362769E+00
  6.30000000E+01 -8.15818127E+00
  6.30000000E+01 -8.69342967E+00
  6.30000000E+01 -9.17798325E+00
  6.30000000E+01 -9.71323165E+00
  6.30000000E+01 -1.01977852E+01
  6.30000000E+01 -1.07330336E+01
  6.30000000E+01 -1.12175872E+01
  6.30000000E+01 -1.17528356E+01
  6.30000000E+01 -1.22373892E+01
  6.30000000E+01 -1.27726376E+01
  6.30000000E+01 -1.32571912E+01
  6.30000000E+01 -1.37924396E+01
  6.30000000E+01 -1.42769932E+01
  6.30000000E+01 -1.48122416E+01
  6.30000000E+01 -1.52967951E+01
  6.30000000E+01 -1.58320435E+01
  6.30000000E+01 -1.63165971E+01
  6.30000000E+01 -1.68518455E+01
  6.30000000E+01 -1.73363991E+01
  6.30000000E+01 -1.78716475E+01
  6.30000000E+01 -1.83562011E+01

w:103/ x(   0.9782736E+02) y(  -0.1835620E+02) ix(2) iy(2) s(   0.7000E+00)

hb:   line clip z  
frame:
 -4.9998717E+00 -4.9999768E+01
  1.0000013E+02 -4.9999768E+01
  1.0000013E+02  5.0000232E+01
 -4.9998717E+00  5.0000232E+01
clip:
  9.71513685E+01 -1.90000000E+01
  1.01039734E+02 -1.90000000E+01
  1.01039734E+02 -1.83562011E+01
  1.01039734E+02 -1.73363991E+01
  1.01039734E+02 -1.63165971E+01
  1.01039734E+02 -1.52967951E+01
  1.01039734E+02 -1.42769932E+01
  1.01039734E+02 -1.32571912E+01
  1.01039734E+02 -1.22373892E+01
  1.01039734E+02 -1.12175872E+01
  1.01039734E+02 -1.01977852E+01
  1.01039734E+02 -9.17798325E+00
  1.01039734E+02 -8.15818127E+00
  1.01039734E+02 -7.13837929E+00
  1.01039734E+02 -6.11857731E+00
  1.01039734E+02 -5.52437182E+00
  1.01000000E+02 -6.08073580E+00
  1.01000000E+02 -6.11857731E+00
  1.01000000E+02 -6.15641883E+00
  1.01000000E+02 -7.13837929E+00
  1.01000000E+02 -7.17622081E+00
  1.01000000E+02 -8.15818127E+00
  1.01000000E+02 -8.19602279E+00
  1.01000000E+02 -9.17798325E+00
  1.01000000E+02 -9.21582477E+00
  1.01000000E+02 -1.01977852E+01
  1.01000000E+02 -1.02356267E+01
  1.01000000E+02 -1.12175872E+01
  1.01000000E+02 -1.12554287E+01
  1.01000000E+02 -1.22373892E+01
  1.01000000E+02 -1.22752307E+01
  1.01000000E+02 -1.32571912E+01
  1.01000000E+02 -1.32950327E+01
  1.01000000E+02 -1.42769932E+01
  1.01000000E+02 -1.43148347E+01
  1.01000000E+02 -1.52967951E+01
  1.01000000E+02 -1.53346366E+01
  1.01000000E+02 -1.63165971E+01
  1.01000000E+02 -1.63544386E+01
  1.01000000E+02 -1.73363991E+01
  1.01000000E+02 -1.73742406E+01
  9.99689415E+01 -1.75000000E+01
  9.90699304E+01 -1.75000000E+01
  9.88981494E+01 -1.75000000E+01
  9.79991383E+01 -1.75000000E+01
  9.78273574E+01 -1.75000000E+01
  9.70000000E+01 -1.75682417E+01
  9.70000000E+01 -1.83562011E+01

w:2001/ x(   0.4945000E+02) y(  -0.1250000E+02) ix(2) iy(2) s(   0.7000E+00)

hb:   line clip z  
clip:
  4.72000000E+01 -1.45628309E+01
  4.75001296E+01 -1.47500000E+01
  4.79967868E+01 -1.47500000E+01
  4.85709217E+01 -1.47500000E+01
  4.90675789E+01 -1.47500000E+01
  4.96417138E+01 -1.47500000E+01
  5.01383710E+01 -1.47500000E+01
  5.07125059E+01 -1.47500000E+01
  5.12091631E+01 -1.47500000E+01
  5.17000000E+01 -1.42769932E+01
  5.17000000E+01 -1.33365226E+01
  5.17000000E+01 -1.32571912E+01
  5.17000000E+01 -1.23167206E+01
  5.17000000E+01 -1.22373892E+01
  5.17000000E+01 -1.12969186E+01
  5.17000000E+01 -1.12175872E+01
  5.17000000E+01 -1.02771166E+01
  5.07125059E+01 -1.02500000E+01
  4.96965393E+01 -1.02500000E+01
  4.96417138E+01 -1.02500000E+01
  4.86257472E+01 -1.02500000E+01
  4.85709217E+01 -1.02500000E+01
  4.75549551E+01 -1.02500000E+01
  4.75001296E+01 -1.02500000E+01
  4.72000000E+01 -1.09317495E+01
  4.72000000E+01 -1.12175872E+01
  4.72000000E+01 -1.15034250E+01
  4.72000000E+01 -1.22373892E+01
  4.72000000E+01 -1.25232269E+01
  4.72000000E+01 -1.32571912E+01
  4.72000000E+01 -1.35430289E+01
  4.72000000E+01 -1.42769932E+01

w:2602/ x(   0.1961500E+02) y(  -0.6000000E+01) ix(2) iy(2) s(   0.7000E+00)

hb:   line clip z  
clip:
  1.94000000E+01 -9.42515999E+00
  1.96595356E+01 -9.50000000E+00
  1.98300000E+01 -9.34033033E+00
  1.98300000E+01 -9.17798325E+00
  1.98300000E+01 -9.01563618E+00
  1.98300000E+01 -8.15818127E+00
  1.98300000E+01 -7.99583420E+00
  1.98300000E+01 -7.13837929E+00
  1.98300000E+01 -6.97603222E+00
  1.98300000E+01 -6.11857731E+00
  1.98300000E+01 -5.95623024E+00
  1.98300000E+01 -5.09877533E+00
  1.98300000E+01 -4.93642826E+00
  1.98300000E+01 -4.07897335E+00
  1.98300000E+01 -3.91662628E+00
  1.98300000E+01 -3.05917137E+00
  1.98300000E+01 -2.89682430E+00
  1.96595356E+01 -2.50000000E+00
  1.94000000E+01 -2.81199464E+00
  1.94000000E+01 -3.05917137E+00
  1.94000000E+01 -3.30634811E+00
  1.94000000E+01 -4.07897335E+00
  1.94000000E+01 -4.32615009E+00
  1.94000000E+01 -5.09877533E+00
  1.94000000E+01 -5.34595207E+00
  1.94000000E+01 -6.11857731E+00
  1.94000000E+01 -6.36575405E+00
  1.94000000E+01 -7.13837929E+00
  1.94000000E+01 -7.38555603E+00
  1.94000000E+01 -8.15818127E+00
  1.94000000E+01 -8.40535801E+00
  1.94000000E+01 -9.17798325E+00

w:2303/ x(   0.3465350E+02) y(  -0.5043751E+01) ix(2) iy(2) s(   0.7000E+00)

hb:   line clip z  
clip:
  3.45835000E+01 -7.20230756E+00
  3.46506247E+01 -7.32570971E+00
  3.47235000E+01 -7.20778436E+00
  3.47235000E+01 -7.13837929E+00
  3.47235000E+01 -7.06897423E+00
  3.47235000E+01 -6.11857731E+00
  3.47235000E+01 -6.04917225E+00
  3.47235000E+01 -5.09877533E+00
  3.47235000E+01 -5.02937027E+00
  3.47235000E+01 -4.07897335E+00
  3.47235000E+01 -4.00956829E+00
  3.47235000E+01 -3.05917137E+00
  3.47235000E+01 -2.98976631E+00
  3.46506247E+01 -2.76179291E+00
  3.45835000E+01 -2.99524311E+00
  3.45835000E+01 -7.13837929E+00

w:2108/ x(   0.2650000E+01) y(  -0.3975000E+01) ix(2) iy(2) s(   0.7000E+00)

hb:   line clip z  
clip:
  2.50000000E+00 -4.10455650E+00
  2.52686230E+00 -4.50000000E+00
  2.80000000E+00 -4.33910449E+00
  2.80000000E+00 -4.07897335E+00
  2.80000000E+00 -3.81884221E+00
  2.52686230E+00 -3.45000000E+00
  2.50000000E+00 -4.05339021E+00
  2.50000000E+00 -4.07897335E+00

w:2107/ x(   0.2270000E+01) y(   0.0000000E+00) ix(2) iy(2) s(   0.7000E+00)

hb:   line clip z  
clip:
  2.11649224E+00 -3.45000000E+00
  2.52686230E+00 -3.45000000E+00
  2.67000000E+00 -3.19549299E+00
  2.67000000E+00 -3.05917137E+00
  2.67000000E+00 -2.92284976E+00
  2.67000000E+00 -2.03936939E+00
  2.67000000E+00 -1.90304778E+00
  2.67000000E+00 -1.01956741E+00
  2.67000000E+00 -8.83245796E-01
  2.67000000E+00  2.34567890E-04
  2.67000000E+00  1.36556184E-01
  2.67000000E+00  1.02003655E+00
  2.67000000E+00  1.15635816E+00
  2.67000000E+00  2.03983853E+00
  2.67000000E+00  2.17616014E+00
  2.67000000E+00  3.05964051E+00
  2.67000000E+00  3.19596212E+00
  2.52686230E+00  3.45000000E+00
  2.11698484E+00  3.45000000E+00
  1.87000000E+00  3.05964051E+00
  1.93923977E+00  2.50000000E+00
  2.12000000E+00  2.03983853E+00
  2.12000000E+00  1.65235062E+00
  2.12000000E+00  1.02003655E+00
  2.12000000E+00  6.32548641E-01
  2.12000000E+00  2.34567890E-04
  2.12000000E+00 -3.87253340E-01
  2.12000000E+00 -1.01956741E+00
  2.12000000E+00 -1.40705532E+00
  2.12000000E+00 -2.03936939E+00
  2.12000000E+00 -2.42685730E+00
  1.87000000E+00 -3.05917137E+00

w:2203/ x(   0.7754330E+01) y(  -0.2251000E+00) ix(2) iy(2) s(   0.7000E+00)

hb:   line clip z  
clip:
  7.60433000E+00 -3.32249775E+00
  7.88082270E+00 -3.47510000E+00
  7.90433000E+00 -3.08155928E+00
  7.90433000E+00 -3.05917137E+00
  7.90433000E+00 -3.03678347E+00
  7.90433000E+00 -2.03936939E+00
  7.90433000E+00 -2.01698149E+00
  7.90433000E+00 -1.01956741E+00
  7.90433000E+00 -9.97179507E-01
  7.90433000E+00  2.34567890E-04
  7.90433000E+00  2.26224737E-02
  7.90433000E+00  1.02003655E+00
  7.90433000E+00  1.04242445E+00
  7.90433000E+00  2.03983853E+00
  7.90433000E+00  2.06222643E+00
  7.88082270E+00  3.02490000E+00
  7.60433000E+00  2.30316491E+00
  7.60433000E+00  2.03983853E+00
  7.60433000E+00  1.77651215E+00
  7.60433000E+00  1.02003655E+00
  7.60433000E+00  7.56710168E-01
  7.60433000E+00  2.34567890E-04
  7.60433000E+00 -2.63091812E-01
  7.60433000E+00 -1.01956741E+00
  7.60433000E+00 -1.28289379E+00
  7.60433000E+00 -2.03936939E+00
  7.60433000E+00 -2.30269577E+00
  7.60433000E+00 -3.05917137E+00

w:102/ x(  -0.1250000E+01) y(   0.0000000E+00) ix(2) iy(2) s(   0.7000E+00)

hb:   line clip z  
clip:
 -2.50000000E+00 -2.74764938E+00
 -1.75630601E+00 -2.76179291E+00
 -9.97761325E-01 -2.76179291E+00
  0.00000000E+00 -2.69223981E+00
  0.00000000E+00 -2.03936939E+00
  0.00000000E+00 -1.38649898E+00
  0.00000000E+00 -1.01956741E+00
  0.00000000E+00 -3.66696998E-01
  0.00000000E+00  2.34567890E-04
  0.00000000E+00  6.53104982E-01
  0.00000000E+00  1.02003655E+00
  0.00000000E+00  1.67290696E+00
  0.00000000E+00  2.03983853E+00
  0.00000000E+00  2.69270894E+00
 -6.85513935E-01  2.76179291E+00
 -1.44356603E+00  2.76179291E+00
 -1.75630601E+00  2.76179291E+00
 -2.50000000E+00  2.74811852E+00
 -2.50000000E+00  2.03983853E+00
 -2.50000000E+00  1.33155854E+00
 -2.50000000E+00  1.02003655E+00
 -2.50000000E+00  3.11756561E-01
 -2.50000000E+00  2.34567890E-04
 -2.50000000E+00 -7.08045419E-01
 -2.50000000E+00 -1.01956741E+00
 -2.50000000E+00 -1.72784740E+00
 -2.50000000E+00 -2.03936939E+00

w:2603/ x(   0.1940000E+02) y(  -0.1581662E+01) ix(2) iy(2) s(   0.7000E+00)

hb:   line clip z  
clip:
  1.91758734E+01 -2.50000000E+00
  1.96595356E+01 -2.50000000E+00
  1.99000000E+01 -2.26838314E+00
  1.99000000E+01 -2.03936939E+00
  1.99000000E+01 -1.81035565E+00
  1.99000000E+01 -1.01956741E+00
  1.99000000E+01 -7.90553670E-01
  1.96595356E+01 -6.63324998E-01
  1.92854810E+01 -6.63324998E-01
  1.89000000E+01 -1.01956741E+00
  1.89000000E+01 -1.74293462E+00
  1.89000000E+01 -2.03936939E+00

w:2300/ x(   0.3468675E+02) y(   0.0000000E+00) ix(2) iy(2) s(   0.7000E+00)

hb:   line clip z  
clip:
  3.45835000E+01 -2.10329766E+00
  3.46506247E+01 -2.76179291E+00
  3.47900000E+01 -2.17210779E+00
  3.47900000E+01 -2.03936939E+00
  3.47900000E+01 -1.90663099E+00
  3.47900000E+01 -1.01956741E+00
  3.47900000E+01 -8.86829011E-01
  3.47900000E+01  2.34567890E-04
  3.47900000E+01  1.32972969E-01
  3.47900000E+01  1.02003655E+00
  3.47900000E+01  1.15277495E+00
  3.47900000E+01  2.03983853E+00
  3.47900000E+01  2.17257693E+00
  3.45835000E+01  2.10376679E+00
  3.45835000E+01 -2.03936939E+00

w:6001/ x(   0.6041500E+02) y(   0.6000000E-02) ix(2) iy(2) s(   0.7000E+00)

hb:   line clip z  
clip:
  5.80800000E+01 -2.16132218E+00
  5.82080504E+01 -2.35900000E+00
  5.85436626E+01 -2.35900000E+00
  5.92788425E+01 -2.35900000E+00
  5.96144546E+01 -2.35900000E+00
  6.03496346E+01 -2.35900000E+00
  6.06852467E+01 -2.35900000E+00
  6.14204267E+01 -2.35900000E+00
  6.17560388E+01 -2.35900000E+00
  6.24912187E+01 -2.35900000E+00
  6.27500000E+01 -2.28582774E+00
  6.27500000E+01 -2.03936939E+00
  6.27500000E+01 -1.79291105E+00
  6.27500000E+01 -1.01956741E+00
  6.27500000E+01 -7.73109068E-01
  6.27500000E+01  2.34567890E-04
  6.27500000E+01  2.46692912E-01
  6.27500000E+01  1.02003655E+00
  6.27500000E+01  1.26649489E+00
  6.27500000E+01  2.03983853E+00
  6.27500000E+01  2.28629687E+00
  6.24912187E+01  2.37100000E+00
  6.21434992E+01  2.37100000E+00
  6.14204267E+01  2.37100000E+00
  6.10727071E+01  2.37100000E+00
  6.03496346E+01  2.37100000E+00
  6.00019150E+01  2.37100000E+00
  5.92788425E+01  2.37100000E+00
  5.89311230E+01  2.37100000E+00
  5.82080504E+01  2.37100000E+00
  5.80800000E+01  2.16179131E+00
  5.80800000E+01 -2.03936939E+00

w:2600/ x(   0.1969000E+02) y(   0.0000000E+00) ix(2) iy(2) s(   0.7000E+00)

hb:   line clip z  
clip:
  1.94800000E+01 -1.70751689E-01
  1.96595356E+01 -6.63324998E-01
  1.99000000E+01 -2.28779175E-01
  1.99000000E+01  2.34567890E-04
  1.99000000E+01  2.29248311E-01
  1.96595356E+01  6.63324998E-01
  1.94800000E+01  1.71220825E-01
  1.94800000E+01  2.34567890E-04

w:2603/ x(   0.1940000E+02) y(   0.1713265E+01) ix(2) iy(2) s(   0.7000E+00)

hb:   line clip z  
clip:
  1.92849884E+01  6.63324998E-01
  1.96595356E+01  6.63324998E-01
  1.99000000E+01  7.91022805E-01
  1.99000000E+01  1.02003655E+00
  1.99000000E+01  1.24905029E+00
  1.99000000E+01  2.03983853E+00
  1.99000000E+01  2.26885227E+00
  1.96595356E+01  2.50000000E+00
  1.89000000E+01  2.76320574E+00
  1.89000000E+01  2.03983853E+00
  1.89000000E+01  1.31647132E+00
  1.89000000E+01  1.02003655E+00

w:2602/ x(   0.1961500E+02) y(   0.6000000E+01) ix(2) iy(2) s(   0.7000E+00)

hb:   line clip z  
clip:
  1.94000000E+01  2.81246377E+00
  1.96595356E+01  2.50000000E+00
  1.98300000E+01  2.89729343E+00
  1.98300000E+01  3.05964051E+00
  1.98300000E+01  3.22198758E+00
  1.98300000E+01  4.07944249E+00
  1.98300000E+01  4.24178956E+00
  1.98300000E+01  5.09924447E+00
  1.98300000E+01  5.26159154E+00
  1.98300000E+01  6.11904645E+00
  1.98300000E+01  6.28139353E+00
  1.98300000E+01  7.13884843E+00
  1.98300000E+01  7.30119551E+00
  1.98300000E+01  8.15865041E+00
  1.98300000E+01  8.32099749E+00
  1.98300000E+01  9.17845239E+00
  1.98300000E+01  9.34079947E+00
  1.96595356E+01  9.50000000E+00
  1.94000000E+01  9.17845239E+00
  1.94000000E+01  3.05964051E+00

w:2303/ x(   0.3465350E+02) y(   0.4182028E+01) ix(2) iy(2) s(   0.7000E+00)

hb:   line clip z  
clip:
  3.45835000E+01  2.99571224E+00
  3.46506247E+01  2.76179291E+00
  3.47235000E+01  2.99023544E+00
  3.47235000E+01  3.05964051E+00
  3.47235000E+01  3.12904558E+00
  3.47235000E+01  4.07944249E+00
  3.47235000E+01  4.14884756E+00
  3.47235000E+01  5.09924447E+00
  3.47235000E+01  5.16864954E+00
  3.46506247E+01  5.60226213E+00
  3.45835000E+01  5.16317273E+00
  3.45835000E+01  3.05964051E+00

w:2108/ x(   0.2650000E+01) y(   0.3975000E+01) ix(2) iy(2) s(   0.7000E+00)

hb:   line clip z  
clip:
  2.50000000E+00  4.05385934E+00
  2.52686230E+00  3.45000000E+00
  2.80000000E+00  3.81931135E+00
  2.80000000E+00  4.07944249E+00
  2.80000000E+00  4.33957363E+00
  2.50000000E+00  4.10502563E+00
  2.50000000E+00  4.07944249E+00

w:103/ x(   0.6401987E+02) y(   0.1976219E+02) ix(2) iy(2) s(   0.7000E+00)

hb:   line clip z  
frame:
 -4.9998717E+00 -4.9999768E+01
  1.0000013E+02 -4.9999768E+01
  1.0000013E+02  5.0000232E+01
 -4.9998717E+00  5.0000232E+01
clip:
  6.30000000E+01  5.58379805E+00
  6.35620108E+01  5.52437182E+00
  6.41864192E+01  5.52437182E+00
  6.45000000E+01  6.11904645E+00
  6.45000000E+01  7.01236948E+00
  6.45000000E+01  7.13884843E+00
  6.45000000E+01  8.03217146E+00
  6.45000000E+01  8.15865041E+00
  6.45000000E+01  9.05197344E+00
  6.45000000E+01  9.17845239E+00
  6.45000000E+01  1.00717754E+01
  6.45000000E+01  1.01982544E+01
  6.45000000E+01  1.10915774E+01
  6.45000000E+01  1.12180564E+01
  6.45000000E+01  1.21113794E+01
  6.45000000E+01  1.22378583E+01
  6.45000000E+01  1.31311814E+01
  6.45000000E+01  1.32576603E+01
  6.45000000E+01  1.41509833E+01
  6.45000000E+01  1.42774623E+01
  6.45000000E+01  1.51707853E+01
  6.45000000E+01  1.52972643E+01
  6.45000000E+01  1.61905873E+01
  6.45000000E+01  1.63170663E+01
  6.45000000E+01  1.72103893E+01
  6.46328029E+01  1.75000000E+01
  6.55323066E+01  1.75000000E+01
  6.57035950E+01  1.75000000E+01
  6.66030987E+01  1.75000000E+01
  6.67743871E+01  1.75000000E+01
  6.76738908E+01  1.75000000E+01
  6.78451791E+01  1.75000000E+01
  6.87446829E+01  1.75000000E+01
  6.89159712E+01  1.75000000E+01
  6.98154749E+01  1.75000000E+01
  6.99867633E+01  1.75000000E+01
  7.08862670E+01  1.75000000E+01
  7.10575554E+01  1.75000000E+01
  7.19570591E+01  1.75000000E+01
  7.21283475E+01  1.75000000E+01
  7.30278512E+01  1.75000000E+01
  7.31991395E+01  1.75000000E+01
  7.40986433E+01  1.75000000E+01
  7.42699316E+01  1.75000000E+01
  7.51694353E+01  1.75000000E+01
  7.53407237E+01  1.75000000E+01
  7.62402274E+01  1.75000000E+01
  7.64115158E+01  1.75000000E+01
  7.73110195E+01  1.75000000E+01
  7.74823078E+01  1.75000000E+01
  7.83818116E+01  1.75000000E+01
  7.85530999E+01  1.75000000E+01
  7.94526036E+01  1.75000000E+01
  7.96238920E+01  1.75000000E+01
  8.05233957E+01  1.75000000E+01
  8.06946841E+01  1.75000000E+01
  8.15941878E+01  1.75000000E+01
  8.17654762E+01  1.75000000E+01
  8.26649799E+01  1.75000000E+01
  8.28362682E+01  1.75000000E+01
  8.37357720E+01  1.75000000E+01
  8.39070603E+01  1.75000000E+01
  8.48065640E+01  1.75000000E+01
  8.49778524E+01  1.75000000E+01
  8.58773561E+01  1.75000000E+01
  8.60486445E+01  1.75000000E+01
  8.69481482E+01  1.75000000E+01
  8.71194366E+01  1.75000000E+01
  8.80189403E+01  1.75000000E+01
  8.81902286E+01  1.75000000E+01
  8.90897324E+01  1.75000000E+01
  8.92610207E+01  1.75000000E+01
  9.01605244E+01  1.75000000E+01
  9.03318128E+01  1.75000000E+01
  9.12313165E+01  1.75000000E+01
  9.14026049E+01  1.75000000E+01
  9.23021086E+01  1.75000000E+01
  9.24733970E+01  1.75000000E+01
  9.33729007E+01  1.75000000E+01
  9.35441890E+01  1.75000000E+01
  9.44436928E+01  1.75000000E+01
  9.46149811E+01  1.75000000E+01
  9.55144848E+01  1.75000000E+01
  9.56857732E+01  1.75000000E+01
  9.65852769E+01  1.75000000E+01
  9.67565653E+01  1.75000000E+01
  9.76560690E+01  1.75000000E+01
  9.78273574E+01  1.75000000E+01
  9.87268611E+01  1.75000000E+01
  9.88981494E+01  1.75000000E+01
  9.97976532E+01  1.75000000E+01
  9.99689415E+01  1.75000000E+01
  1.00868445E+02  1.75000000E+01
  1.01000000E+02  1.73368682E+01
  1.01000000E+02  1.72990267E+01
  1.01000000E+02  1.63170663E+01
  1.01000000E+02  1.62792247E+01
  1.01000000E+02  1.52972643E+01
  1.01000000E+02  1.52594228E+01
  1.01000000E+02  1.42774623E+01
  1.01000000E+02  1.42396208E+01
  1.01000000E+02  1.32576603E+01
  1.01000000E+02  1.32198188E+01
  1.01000000E+02  1.22378583E+01
  1.01000000E+02  1.22000168E+01
  1.01000000E+02  1.12180564E+01
  1.01000000E+02  1.11802148E+01
  1.01000000E+02  1.01982544E+01
  1.01000000E+02  1.01604129E+01
  1.01000000E+02  9.17845239E+00
  1.01000000E+02  9.14061088E+00
  1.01000000E+02  8.15865041E+00
  1.01000000E+02  8.12080890E+00
  1.01000000E+02  7.13884843E+00
  1.01000000E+02  7.10100691E+00
  1.01000000E+02  6.11904645E+00
  1.01000000E+02  6.08120493E+00
  1.01039734E+02  5.52437182E+00
  1.01039734E+02  6.11904645E+00
  1.01039734E+02  7.13884843E+00
  1.01039734E+02  8.15865041E+00
  1.01039734E+02  9.17845239E+00
  1.01039734E+02  1.01982544E+01
  1.01039734E+02  1.12180564E+01
  1.01039734E+02  1.22378583E+01
  1.01039734E+02  1.32576603E+01
  1.01039734E+02  1.42774623E+01
  1.01039734E+02  1.52972643E+01
  1.01039734E+02  1.63170663E+01
  1.01039734E+02  1.73368682E+01
  1.01039734E+02  1.83566702E+01
  1.01039734E+02  1.93764722E+01
  1.01039734E+02  2.03962742E+01
  1.01039734E+02  2.14160762E+01
  1.01039734E+02  2.24358781E+01
  1.01039734E+02  2.34556801E+01
  1.01039734E+02  2.44754821E+01
  1.01039734E+02  2.54952841E+01
  1.01039734E+02  2.65150861E+01
  1.01039734E+02  2.75348880E+01
  1.01039734E+02  2.85546900E+01
  1.01039734E+02  2.95744920E+01
  1.01039734E+02  3.05942940E+01
  1.01039734E+02  3.16140960E+01
  1.01039734E+02  3.26338979E+01
  1.01039734E+02  3.36536999E+01
  1.01039734E+02  3.40000000E+01
  1.00676119E+02  3.40000000E+01
  9.99689415E+01  3.40000000E+01
  9.96053264E+01  3.40000000E+01
  9.88981494E+01  3.40000000E+01
  9.85345343E+01  3.40000000E+01
  9.78273574E+01  3.40000000E+01
  9.74637423E+01  3.40000000E+01
  9.67565653E+01  3.40000000E+01
  9.63929502E+01  3.40000000E+01
  9.56857732E+01  3.40000000E+01
  9.53221581E+01  3.40000000E+01
  9.46149811E+01  3.40000000E+01
  9.42513660E+01  3.40000000E+01
  9.35441890E+01  3.40000000E+01
  9.31805739E+01  3.40000000E+01
  9.24733970E+01  3.40000000E+01
  9.21097819E+01  3.40000000E+01
  9.14026049E+01  3.40000000E+01
  9.10389898E+01  3.40000000E+01
  9.03318128E+01  3.40000000E+01
  8.99681977E+01  3.40000000E+01
  8.92610207E+01  3.40000000E+01
  8.88974056E+01  3.40000000E+01
  8.81902286E+01  3.40000000E+01
  8.78266135E+01  3.40000000E+01
  8.71194366E+01  3.40000000E+01
  8.67558215E+01  3.40000000E+01
  8.60486445E+01  3.40000000E+01
  8.56850294E+01  3.40000000E+01
  8.49778524E+01  3.40000000E+01
  8.46142373E+01  3.40000000E+01
  8.39070603E+01  3.40000000E+01
  8.35434452E+01  3.40000000E+01
  8.28362682E+01  3.40000000E+01
  8.24726532E+01  3.40000000E+01
  8.17654762E+01  3.40000000E+01
  8.14018611E+01  3.40000000E+01
  8.06946841E+01  3.40000000E+01
  8.03310690E+01  3.40000000E+01
  7.96238920E+01  3.40000000E+01
  7.92602769E+01  3.40000000E+01
  7.85530999E+01  3.40000000E+01
  7.81894848E+01  3.40000000E+01
  7.74823078E+01  3.40000000E+01
  7.71186928E+01  3.40000000E+01
  7.64115158E+01  3.40000000E+01
  7.60479007E+01  3.40000000E+01
  7.53407237E+01  3.40000000E+01
  7.49771086E+01  3.40000000E+01
  7.42699316E+01  3.40000000E+01
  7.39063165E+01  3.40000000E+01
  7.31991395E+01  3.40000000E+01
  7.28355244E+01  3.40000000E+01
  7.21283475E+01  3.40000000E+01
  7.17647324E+01  3.40000000E+01
  7.10575554E+01  3.40000000E+01
  7.06939403E+01  3.40000000E+01
  6.99867633E+01  3.40000000E+01
  6.96231482E+01  3.40000000E+01
  6.89159712E+01  3.40000000E+01
  6.85523561E+01  3.40000000E+01
  6.78451791E+01  3.40000000E+01
  6.74815640E+01  3.40000000E+01
  6.67743871E+01  3.40000000E+01
  6.64107720E+01  3.40000000E+01
  6.57035950E+01  3.40000000E+01
  6.53399799E+01  3.40000000E+01
  6.46328029E+01  3.40000000E+01
  6.42691878E+01  3.40000000E+01
  6.35620108E+01  3.40000000E+01
  6.31983957E+01  3.40000000E+01
  6.24912187E+01  3.40000000E+01
  6.21276036E+01  3.40000000E+01
  6.14204267E+01  3.40000000E+01
  6.10568116E+01  3.40000000E+01
  6.03496346E+01  3.40000000E+01
  5.99860195E+01  3.40000000E+01
  5.92788425E+01  3.40000000E+01
  5.89152274E+01  3.40000000E+01
  5.82080504E+01  3.40000000E+01
  5.78444353E+01  3.40000000E+01
  5.71372583E+01  3.40000000E+01
  5.67736433E+01  3.40000000E+01
  5.60664663E+01  3.40000000E+01
  5.57028512E+01  3.40000000E+01
  5.49956742E+01  3.40000000E+01
  5.46320591E+01  3.40000000E+01
  5.39248821E+01  3.40000000E+01
  5.35612670E+01  3.40000000E+01
  5.28540900E+01  3.40000000E+01
  5.24904749E+01  3.40000000E+01
  5.17832979E+01  3.40000000E+01
  5.14196829E+01  3.40000000E+01
  5.07125059E+01  3.40000000E+01
  5.03488908E+01  3.40000000E+01
  4.96417138E+01  3.40000000E+01
  4.92780987E+01  3.40000000E+01
  4.85709217E+01  3.40000000E+01
  4.82073066E+01  3.40000000E+01
  4.75001296E+01  3.40000000E+01
  4.71365145E+01  3.40000000E+01
  4.64293376E+01  3.40000000E+01
  4.60657225E+01  3.40000000E+01
  4.53585455E+01  3.40000000E+01
  4.49949304E+01  3.40000000E+01
  4.42877534E+01  3.40000000E+01
  4.39241383E+01  3.40000000E+01
  4.32169613E+01  3.40000000E+01
  4.28533462E+01  3.40000000E+01
  4.21461692E+01  3.40000000E+01
  4.17825541E+01  3.40000000E+01
  4.10753772E+01  3.40000000E+01
  4.07117621E+01  3.40000000E+01
  4.00045851E+01  3.40000000E+01
  3.96409700E+01  3.40000000E+01
  3.89337930E+01  3.40000000E+01
  3.85701779E+01  3.40000000E+01
  3.78630009E+01  3.40000000E+01
  3.74993858E+01  3.40000000E+01
  3.67922088E+01  3.40000000E+01
  3.64285937E+01  3.40000000E+01
  3.57214168E+01  3.40000000E+01
  3.53578017E+01  3.40000000E+01
  3.46506247E+01  3.40000000E+01
  3.42870096E+01  3.40000000E+01
  3.35798326E+01  3.40000000E+01
  3.32162175E+01  3.40000000E+01
  3.25090405E+01  3.40000000E+01
  3.21454254E+01  3.40000000E+01
  3.14382484E+01  3.40000000E+01
  3.10746334E+01  3.40000000E+01
  3.03674564E+01  3.40000000E+01
  3.00038413E+01  3.40000000E+01
  2.92966643E+01  3.40000000E+01
  2.89330492E+01  3.40000000E+01
  2.82258722E+01  3.40000000E+01
  2.78622571E+01  3.40000000E+01
  2.71550801E+01  3.40000000E+01
  2.70000000E+01  3.38013953E+01
  2.70000000E+01  3.36536999E+01
  2.70000000E+01  3.35060046E+01
  2.70000000E+01  3.26338979E+01
  2.70000000E+01  3.24862026E+01
  2.70000000E+01  3.16140960E+01
  2.70000000E+01  3.14664006E+01
  2.70000000E+01  3.05942940E+01
  2.70000000E+01  3.04465986E+01
  2.70000000E+01  2.95744920E+01
  2.70000000E+01  2.94267966E+01
  2.70000000E+01  2.85546900E+01
  2.70000000E+01  2.84069947E+01
  2.70000000E+01  2.75348880E+01
  2.70000000E+01  2.73871927E+01
  2.70000000E+01  2.65150861E+01
  2.70000000E+01  2.63673907E+01
  2.70000000E+01  2.54952841E+01
  2.70000000E+01  2.53475887E+01
  2.70000000E+01  2.44754821E+01
  2.70000000E+01  2.43277867E+01
  2.70000000E+01  2.34556801E+01
  2.70000000E+01  2.33079848E+01
  2.70000000E+01  2.24358781E+01
  2.70000000E+01  2.22881828E+01
  2.70000000E+01  2.14160762E+01
  2.70000000E+01  2.12683808E+01
  2.70000000E+01  2.03962742E+01
  2.70000000E+01  2.02485788E+01
  2.70000000E+01  1.93764722E+01
  2.70000000E+01  1.92287768E+01
  2.71550801E+01  1.90000000E+01
  2.75503759E+01  1.90000000E+01
  2.82258722E+01  1.90000000E+01
  2.86211680E+01  1.90000000E+01
  2.92966643E+01  1.90000000E+01
  2.96919601E+01  1.90000000E+01
  3.03674564E+01  1.90000000E+01
  3.07627522E+01  1.90000000E+01
  3.14382484E+01  1.90000000E+01
  3.18335442E+01  1.90000000E+01
  3.25090405E+01  1.90000000E+01
  3.29043363E+01  1.90000000E+01
  3.35798326E+01  1.90000000E+01
  3.39751284E+01  1.90000000E+01
  3.46506247E+01  1.90000000E+01
  3.50459205E+01  1.90000000E+01
  3.57214168E+01  1.90000000E+01
  3.61167126E+01  1.90000000E+01
  3.67922088E+01  1.90000000E+01
  3.71875046E+01  1.90000000E+01
  3.78630009E+01  1.90000000E+01
  3.82582967E+01  1.90000000E+01
  3.89337930E+01  1.90000000E+01
  3.93290888E+01  1.90000000E+01
  4.00045851E+01  1.90000000E+01
  4.03998809E+01  1.90000000E+01
  4.10753772E+01  1.90000000E+01
  4.14706730E+01  1.90000000E+01
  4.21461692E+01  1.90000000E+01
  4.25414650E+01  1.90000000E+01
  4.32169613E+01  1.90000000E+01
  4.36122571E+01  1.90000000E+01
  4.42877534E+01  1.90000000E+01
  4.46830492E+01  1.90000000E+01
  4.53585455E+01  1.90000000E+01
  4.57538413E+01  1.90000000E+01
  4.64293376E+01  1.90000000E+01
  4.68246334E+01  1.90000000E+01
  4.75001296E+01  1.90000000E+01
  4.78954254E+01  1.90000000E+01
  4.85709217E+01  1.90000000E+01
  4.89662175E+01  1.90000000E+01
  4.96417138E+01  1.90000000E+01
  5.00370096E+01  1.90000000E+01
  5.07125059E+01  1.90000000E+01
  5.11078017E+01  1.90000000E+01
  5.17832979E+01  1.90000000E+01
  5.21785937E+01  1.90000000E+01
  5.28540900E+01  1.90000000E+01
  5.32493858E+01  1.90000000E+01
  5.39248821E+01  1.90000000E+01
  5.43201779E+01  1.90000000E+01
  5.49956742E+01  1.90000000E+01
  5.53909700E+01  1.90000000E+01
  5.60664663E+01  1.90000000E+01
  5.64617621E+01  1.90000000E+01
  5.71372583E+01  1.90000000E+01
  5.75325541E+01  1.90000000E+01
  5.82080504E+01  1.90000000E+01
  5.86033462E+01  1.90000000E+01
  5.92788425E+01  1.90000000E+01
  5.96741383E+01  1.90000000E+01
  6.03496346E+01  1.90000000E+01
  6.07449304E+01  1.90000000E+01
  6.14204267E+01  1.90000000E+01
  6.18157225E+01  1.90000000E+01
  6.24912187E+01  1.90000000E+01
  6.28865145E+01  1.90000000E+01
  6.30000000E+01  1.83566702E+01
  6.30000000E+01  1.78214218E+01
  6.30000000E+01  1.73368682E+01
  6.30000000E+01  1.68016198E+01
  6.30000000E+01  1.63170663E+01
  6.30000000E+01  1.57818179E+01
  6.30000000E+01  1.52972643E+01
  6.30000000E+01  1.47620159E+01
  6.30000000E+01  1.42774623E+01
  6.30000000E+01  1.37422139E+01
  6.30000000E+01  1.32576603E+01
  6.30000000E+01  1.27224119E+01
  6.30000000E+01  1.22378583E+01
  6.30000000E+01  1.17026099E+01
  6.30000000E+01  1.12180564E+01
  6.30000000E+01  1.06828080E+01
  6.30000000E+01  1.01982544E+01
  6.30000000E+01  9.66300597E+00
  6.30000000E+01  9.17845239E+00
  6.30000000E+01  8.64320399E+00
  6.30000000E+01  8.15865041E+00
  6.30000000E+01  7.62340201E+00
  6.30000000E+01  7.13884843E+00
  6.30000000E+01  6.60360003E+00
  6.30000000E+01  6.11904645E+00

w:2600/ x(   0.1940000E+02) y(   0.1423744E+02) ix(2) iy(2) s(   0.7000E+00)

hb:   line clip z  
clip:
  1.89000000E+01  9.47488716E+00
  1.96595356E+01  9.50000000E+00
  1.99000000E+01  9.96924063E+00
  1.99000000E+01  1.01982544E+01
  1.99000000E+01  1.04272681E+01
  1.99000000E+01  1.12180564E+01
  1.99000000E+01  1.14470701E+01
  1.99000000E+01  1.22378583E+01
  1.99000000E+01  1.24668721E+01
  1.99000000E+01  1.32576603E+01
  1.99000000E+01  1.34866741E+01
  1.99000000E+01  1.42774623E+01
  1.99000000E+01  1.45064760E+01
  1.99000000E+01  1.52972643E+01
  1.99000000E+01  1.55262780E+01
  1.99000000E+01  1.63170663E+01
  1.99000000E+01  1.65460800E+01
  1.99000000E+01  1.73368682E+01
  1.99000000E+01  1.75658820E+01
  1.99000000E+01  1.83566702E+01
  1.99000000E+01  1.85856840E+01
  1.96595356E+01  1.90000000E+01
  1.89840393E+01  1.90000000E+01
  1.89000000E+01  1.83566702E+01
  1.89000000E+01  1.76333030E+01
  1.89000000E+01  1.73368682E+01
  1.89000000E+01  1.66135010E+01
  1.89000000E+01  1.63170663E+01
  1.89000000E+01  1.55936990E+01
  1.89000000E+01  1.52972643E+01
  1.89000000E+01  1.45738971E+01
  1.89000000E+01  1.42774623E+01
  1.89000000E+01  1.35540951E+01
  1.89000000E+01  1.32576603E+01
  1.89000000E+01  1.25342931E+01
  1.89000000E+01  1.22378583E+01
  1.89000000E+01  1.15144911E+01
  1.89000000E+01  1.12180564E+01
  1.89000000E+01  1.04946891E+01
  1.89000000E+01  1.01982544E+01

w:2001/ x(   0.1215000E+02) y(   0.1250000E+02) ix(2) iy(2) s(   0.7000E+00)

hb:   line clip z  
clip:
  9.90000000E+00  1.11014784E+01
  1.00224069E+01  1.02500000E+01
  1.10388660E+01  1.02500000E+01
  1.43055752E+01  1.02500000E+01
  1.44000000E+01  1.11281279E+01
  1.44000000E+01  1.12180564E+01
  1.44000000E+01  1.13079848E+01
  1.44000000E+01  1.22378583E+01
  1.44000000E+01  1.23277867E+01
  1.44000000E+01  1.32576603E+01
  1.44000000E+01  1.33475887E+01
  1.44000000E+01  1.42774623E+01
  1.44000000E+01  1.43673907E+01
  1.43055752E+01  1.47500000E+01
  1.38094106E+01  1.47500000E+01
  1.32347831E+01  1.47500000E+01
  1.27386185E+01  1.47500000E+01
  1.21639910E+01  1.47500000E+01
  1.16678264E+01  1.47500000E+01
  1.10931989E+01  1.47500000E+01
  1.05970343E+01  1.47500000E+01
  1.00224069E+01  1.47500000E+01
  9.90000000E+00  1.43940403E+01
  9.90000000E+00  1.42774623E+01
  9.90000000E+00  1.41608843E+01
  9.90000000E+00  1.32576603E+01
  9.90000000E+00  1.31410824E+01
  9.90000000E+00  1.22378583E+01
  9.90000000E+00  1.21212804E+01
  9.90000000E+00  1.12180564E+01

w:2001/ x(   0.5075000E+02) y(   0.1250000E+02) ix(2) iy(2) s(   0.7000E+00)

hb:   line clip z  
clip:
  4.85000000E+01  1.11505119E+01
  4.85709217E+01  1.02500000E+01
  4.95873809E+01  1.02500000E+01
  5.28540900E+01  1.02500000E+01
  5.30000000E+01  1.10790945E+01
  5.30000000E+01  1.12180564E+01
  5.30000000E+01  1.13570182E+01
  5.30000000E+01  1.22378583E+01
  5.30000000E+01  1.23768202E+01
  5.30000000E+01  1.32576603E+01
  5.30000000E+01  1.33966222E+01
  5.30000000E+01  1.42774623E+01
  5.30000000E+01  1.44164242E+01
  5.28540900E+01  1.47500000E+01
  5.23579254E+01  1.47500000E+01
  5.17832979E+01  1.47500000E+01
  5.12871334E+01  1.47500000E+01
  5.07125059E+01  1.47500000E+01
  5.02163413E+01  1.47500000E+01
  4.96417138E+01  1.47500000E+01
  4.91455492E+01  1.47500000E+01
  4.85709217E+01  1.47500000E+01
  4.85000000E+01  1.43450068E+01
  4.85000000E+01  1.42774623E+01
  4.85000000E+01  1.42099178E+01
  4.85000000E+01  1.32576603E+01
  4.85000000E+01  1.31901158E+01
  4.85000000E+01  1.22378583E+01
  4.85000000E+01  1.21703138E+01
  4.85000000E+01  1.12180564E+01

#------------------------------------------------------------------------------
z: xorg(1.03)
p: xfac[c2*0.05] form[c1/0.05] notc noxt noyt dmin(1)
p: ymin(0) ymax(1) xmin(0) xmax(1) cmin(1) cmax(100) nosp
hc: y= 0.005 to 0.995 by 0.01 ; x= 0.5 to 0.5 by 1 ;
 1  2  3  4  5  6  7  8  9 10 11 12 13 14 15 16 17 18 19 20
21 22 23 24 25 26 27 28 29 30 31 32 33 34 35 36 37 38 39 40
41 42 43 44 45 46 47 48 49 50 51 52 53 54 55 56 57 58 59 60
61 62 63 64 65 66 67 68 69 70 71 72 73 74 75 76 77 78 79 80
81 82 83 84 85 86 87 88 89 90 91 92 93 94 95 96 97 98 99 100
z: xorg(0.0)
p: xfac[c2*0.05] form[c1/0.05] nosp afac[c5*0.625] ymin[c3] ymax[c4]
p: noxt noxn ytxt(-1) ynum(-1) xltd(-1) xstd(-1) itic(1) ylog
y: Relative Error
#------------------------------------------------------------------------------

wt: s[c5]
\vspace{-3}
  emin  &=&   0.0000E+00 [MeV]
  emax  &=&   1.0000E+03 [MeV]
  xmin  &=&  -2.1600E+00 [cm]
  xmax  &=&  -2.1400E+00 [cm]
  part. &=& proton  
e:

#------------------------------------------------------------------------------
z: xorg[-1.03/0.05]
p: form[c1] xfac[c2] afac[c5] nosp notf
p: xmin( -5.000000    ) xmax(  100.0000    )
p: ymin( -50.00000    ) ymax(  50.00000    )
 
# Information for Restart Calculation
# This calculation was newly started
# istdev =  2 # 1:Batch variance, 2:History variance
# resc2  = 4.40598675003093349E-04 # Total source weight or Total source weight / maxcas
# resc3  = 2.75000000000000000E+06 # Total history number or Total batch number
# maxcas =       10000 # History / Batch, only used for istdev=1
# bitrseed = 1011111111100011011000111000110110011000000001010110110000000100 # bit data of rseed
