[ T-Track ]
    title = [t-track] in xyz mesh
     mesh =  xyz            # mesh type is xyz scoring mesh
   x-type =    2            # x-mesh is linear given by xmin, xmax and nx
     xmin =  -7.000000      # minimum value of x-mesh points
     xmax =   7.000000      # maximum value of x-mesh points
#    xdel =  0.1400000      # mesh width of x-mesh points
       nx =    100          # number of x-mesh points
#    data = ( x(i), i = 1, nx + 1 )
#          -7.00000E+00 -6.86000E+00 -6.72000E+00 -6.58000E+00 -6.44000E+00
#          -6.30000E+00 -6.16000E+00 -6.02000E+00 -5.88000E+00 -5.74000E+00
#          -5.60000E+00 -5.46000E+00 -5.32000E+00 -5.18000E+00 -5.04000E+00
#          -4.90000E+00 -4.76000E+00 -4.62000E+00 -4.48000E+00 -4.34000E+00
#          -4.20000E+00 -4.06000E+00 -3.92000E+00 -3.78000E+00 -3.64000E+00
#          -3.50000E+00 -3.36000E+00 -3.22000E+00 -3.08000E+00 -2.94000E+00
#          -2.80000E+00 -2.66000E+00 -2.52000E+00 -2.38000E+00 -2.24000E+00
#          -2.10000E+00 -1.96000E+00 -1.82000E+00 -1.68000E+00 -1.54000E+00
#          -1.40000E+00 -1.26000E+00 -1.12000E+00 -9.80000E-01 -8.40000E-01
#          -7.00000E-01 -5.60000E-01 -4.20000E-01 -2.80000E-01 -1.40000E-01
#           8.88178E-16  1.40000E-01  2.80000E-01  4.20000E-01  5.60000E-01
#           7.00000E-01  8.40000E-01  9.80000E-01  1.12000E+00  1.26000E+00
#           1.40000E+00  1.54000E+00  1.68000E+00  1.82000E+00  1.96000E+00
#           2.10000E+00  2.24000E+00  2.38000E+00  2.52000E+00  2.66000E+00
#           2.80000E+00  2.94000E+00  3.08000E+00  3.22000E+00  3.36000E+00
#           3.50000E+00  3.64000E+00  3.78000E+00  3.92000E+00  4.06000E+00
#           4.20000E+00  4.34000E+00  4.48000E+00  4.62000E+00  4.76000E+00
#           4.90000E+00  5.04000E+00  5.18000E+00  5.32000E+00  5.46000E+00
#           5.60000E+00  5.74000E+00  5.88000E+00  6.02000E+00  6.16000E+00
#           6.30000E+00  6.44000E+00  6.58000E+00  6.72000E+00  6.86000E+00
#           7.00000E+00
   y-type =    1            # y-mesh is given by the below data
       ny =      1          # number of y-mesh points
#    data = ( y(i), i = 1, ny + 1 )
            0.00000E+00  1.00000E-01
   z-type =    2            # z-mesh is linear given by zmin, zmax and nz
     zmin =  -5.000000      # minimum value of z-mesh points
     zmax =   100.0000      # maximum value of z-mesh points
#    zdel =   1.050000      # mesh width of z-mesh points
       nz =    100          # number of z-mesh points
#    data = ( z(i), i = 1, nz + 1 )
#          -5.00000E+00 -3.95000E+00 -2.90000E+00 -1.85000E+00 -8.00000E-01
#           2.50000E-01  1.30000E+00  2.35000E+00  3.40000E+00  4.45000E+00
#           5.50000E+00  6.55000E+00  7.60000E+00  8.65000E+00  9.70000E+00
#           1.07500E+01  1.18000E+01  1.28500E+01  1.39000E+01  1.49500E+01
#           1.60000E+01  1.70500E+01  1.81000E+01  1.91500E+01  2.02000E+01
#           2.12500E+01  2.23000E+01  2.33500E+01  2.44000E+01  2.54500E+01
#           2.65000E+01  2.75500E+01  2.86000E+01  2.96500E+01  3.07000E+01
#           3.17500E+01  3.28000E+01  3.38500E+01  3.49000E+01  3.59500E+01
#           3.70000E+01  3.80500E+01  3.91000E+01  4.01500E+01  4.12000E+01
#           4.22500E+01  4.33000E+01  4.43500E+01  4.54000E+01  4.64500E+01
#           4.75000E+01  4.85500E+01  4.96000E+01  5.06500E+01  5.17000E+01
#           5.27500E+01  5.38000E+01  5.48500E+01  5.59000E+01  5.69500E+01
#           5.80000E+01  5.90500E+01  6.01000E+01  6.11500E+01  6.22000E+01
#           6.32500E+01  6.43000E+01  6.53500E+01  6.64000E+01  6.74500E+01
#           6.85000E+01  6.95500E+01  7.06000E+01  7.16500E+01  7.27000E+01
#           7.37500E+01  7.48000E+01  7.58500E+01  7.69000E+01  7.79500E+01
#           7.90000E+01  8.00500E+01  8.11000E+01  8.21500E+01  8.32000E+01
#           8.42500E+01  8.53000E+01  8.63500E+01  8.74000E+01  8.84500E+01
#           8.95000E+01  9.05500E+01  9.16000E+01  9.26500E+01  9.37000E+01
#           9.47500E+01  9.58000E+01  9.68500E+01  9.79000E+01  9.89500E+01
#           1.00000E+02
   e-type =    1            # e-mesh is given by the below data
       ne =      1          # number of e-mesh points
#    data = ( e(i), i = 1, ne + 1 )
            0.00000E+00  1.00000E+03
     unit =    1            # unit is [1/cm^2/source]
 material =  all            # (D=all) number of specific material
  2D-type =    3            # 1:Cont, 2:Clust, 3:Color, 4:xyz, 5:mat, 6:Clust+Cont, 7:Col+Cont
     axis =      xz            # axis of output
     file = track_xz_M0.out  # file name of output for the above axis
     part =  proton   
# kf/name :  2212     
    gshow =    3            # 0: no 1:bnd, 2:bnd+mat, 3:bnd+reg 4:bnd+lat 5:bmp style
    resol =    1            # (D=1) resolution of gshow or rshow
    width = 0.5000000       # (D=0.5) width of lines for gshow or rshow
   epsout =    1            # (D=0) generate eps file by ANGEL
#    used :        main (  %)        temp (  %)       total (  %)
#  memory :         210 (  0)           0 (  0)         210 (  0)

#------------------------------------------------------------------------------
#newpage:
#   no. =  1   ie  =  1   iy  =  1   part. = proton  
#   e = (   0.0000E+00  -   1.0000E+03  )
#   y = (   0.0000E+00  -   1.0000E-01  )

'no. =  1,  ie =  1,  iy =  1'
msuc: {\huge [t-track] in xyz mesh}
msdr: {\it plotted by \ANGEL \version}
msdl: {\it calculated by \PHITS  3.35}

x: z [cm]
y: x [cm]
set: c1[ 0.133] c2[ 2.465] c5[ 0.800] c6[ 0.494] c7[ 0.000] c8[ 2.600]
p: h2fs form[c1] xfac[c2] afac[c5] scal[c6] xorg[c7] yorg[c8] nosp
set: c3[   9.945458E+00] c4[   7.962912E+09]
p: cmin[c3] cmax[c4]
p: dmin(1e-31)
p: zlog
p: xmin( -5.000000    ) xmax(  100.0000    )
p: ymin( -7.000000    ) ymax(  7.000000    )
#  nx = 100   nz = 100
# ( ( data(z,x), z = 1, nz ), x = nx, 1, -1 )

hc:  y =   6.930000     to  -6.930000     by  0.1400000     ; x =  -4.475000     to   99.47500     by   1.050000     ;
  0.000E+00  0.000E+00  0.000E+00  0.000E+00  0.000E+00  6.071E+03  0.000E+00  0.000E+00  0.000E+00  0.000E+00
  0.000E+00  0.000E+00  0.000E+00  0.000E+00  0.000E+00  0.000E+00  0.000E+00  0.000E+00  0.000E+00  0.000E+00
  0.000E+00  0.000E+00  0.000E+00  0.000E+00  0.000E+00  0.000E+00  0.000E+00  0.000E+00  0.000E+00  0.000E+00
  0.000E+00  0.000E+00  0.000E+00  0.000E+00  0.000E+00  0.000E+00  0.000E+00  0.000E+00  0.000E+00  0.000E+00
  0.000E+00  0.000E+00  0.000E+00  0.000E+00  0.000E+00  0.000E+00  0.000E+00  0.000E+00  0.000E+00  0.000E+00
  0.000E+00  0.000E+00  0.000E+00  0.000E+00  2.344E+04  0.000E+00  0.000E+00  0.000E+00  0.000E+00  0.000E+00
  0.000E+00  0.000E+00  0.000E+00  0.000E+00  0.000E+00  0.000E+00  0.000E+00  0.000E+00  0.000E+00  0.000E+00
  2.874E+04  0.000E+00  5.776E+03  3.971E+04  3.141E+04  5.216E+04  8.758E+04  1.078E+05  9.735E+04  1.114E+05
  1.258E+05  1.368E+05  2.068E+04  2.250E+05  2.725E+05  4.646E+04  1.555E+05  1.318E+05  9.583E+04  1.525E+05
  1.678E+05  7.032E+04  2.484E+05  4.178E+05  3.476E+05  3.246E+05  2.486E+05  1.629E+05  1.478E+05  1.981E+05
  0.000E+00  0.000E+00  0.000E+00  0.000E+00  0.000E+00  6.071E+03  0.000E+00  0.000E+00  0.000E+00  0.000E+00
  0.000E+00  0.000E+00  0.000E+00  0.000E+00  0.000E+00  0.000E+00  0.000E+00  0.000E+00  0.000E+00  0.000E+00
  0.000E+00  0.000E+00  0.000E+00  0.000E+00  0.000E+00  0.000E+00  0.000E+00  0.000E+00  0.000E+00  0.000E+00
  0.000E+00  0.000E+00  0.000E+00  0.000E+00  0.000E+00  7.290E+03  0.000E+00  0.000E+00  0.000E+00  0.000E+00
  0.000E+00  0.000E+00  0.000E+00  0.000E+00  0.000E+00  0.000E+00  0.000E+00  0.000E+00  0.000E+00  0.000E+00
  0.000E+00  0.000E+00  0.000E+00  0.000E+00  5.765E+03  0.000E+00  0.000E+00  0.000E+00  0.000E+00  0.000E+00
  1.961E+04  0.000E+00  0.000E+00  0.000E+00  2.035E+04  0.000E+00  0.000E+00  0.000E+00  0.000E+00  1.312E+04
  1.558E+04  0.000E+00  4.846E+04  3.304E+04  8.210E+04  9.170E+04  8.937E+04  1.028E+05  1.736E+05  1.634E+05
  1.035E+05  4.324E+04  2.841E+05  2.209E+05  1.717E+05  2.433E+05  1.123E+05  6.471E+04  1.290E+05  8.027E+04
  1.188E+05  3.623E+05  3.202E+05  2.260E+05  2.189E+05  1.758E+05  2.060E+05  2.063E+05  2.200E+05  3.840E+05
  0.000E+00  0.000E+00  0.000E+00  0.000E+00  0.000E+00  2.520E+03  0.000E+00  0.000E+00  0.000E+00  0.000E+00
  0.000E+00  0.000E+00  0.000E+00  0.000E+00  0.000E+00  0.000E+00  0.000E+00  0.000E+00  0.000E+00  0.000E+00
  0.000E+00  0.000E+00  0.000E+00  0.000E+00  0.000E+00  0.000E+00  0.000E+00  0.000E+00  0.000E+00  0.000E+00
  0.000E+00  0.000E+00  0.000E+00  0.000E+00  0.000E+00  1.383E+04  0.000E+00  0.000E+00  0.000E+00  0.000E+00
  0.000E+00  0.000E+00  0.000E+00  0.000E+00  0.000E+00  0.000E+00  0.000E+00  0.000E+00  0.000E+00  0.000E+00
  5.334E+03  0.000E+00  0.000E+00  0.000E+00  0.000E+00  0.000E+00  0.000E+00  0.000E+00  0.000E+00  3.509E+04
  7.665E+02  0.000E+00  0.000E+00  1.714E+04  3.134E+04  0.000E+00  0.000E+00  0.000E+00  0.000E+00  2.860E+04
  0.000E+00  3.195E+04  4.020E+04  6.488E+04  9.244E+04  1.429E+05  1.966E+05  2.082E+05  1.243E+05  7.140E+04
  1.206E+05  3.105E+05  1.894E+05  2.273E+05  1.833E+05  1.094E+05  6.850E+04  1.222E+05  8.597E+04  1.767E+05
  3.355E+05  2.087E+05  1.683E+05  7.136E+04  1.083E+05  1.891E+05  1.443E+05  2.289E+05  3.379E+05  2.220E+05
  0.000E+00  0.000E+00  0.000E+00  0.000E+00  0.000E+00  0.000E+00  0.000E+00  0.000E+00  0.000E+00  0.000E+00
  0.000E+00  0.000E+00  0.000E+00  0.000E+00  0.000E+00  0.000E+00  0.000E+00  0.000E+00  0.000E+00  0.000E+00
  0.000E+00  0.000E+00  0.000E+00  0.000E+00  0.000E+00  0.000E+00  0.000E+00  0.000E+00  0.000E+00  0.000E+00
  0.000E+00  0.000E+00  0.000E+00  0.000E+00  1.201E+04  1.822E+03  0.000E+00  0.000E+00  0.000E+00  0.000E+00
  0.000E+00  0.000E+00  0.000E+00  0.000E+00  0.000E+00  0.000E+00  0.000E+00  0.000E+00  0.000E+00  0.000E+00
  8.438E+03  0.000E+00  0.000E+00  0.000E+00  0.000E+00  0.000E+00  0.000E+00  0.000E+00  2.748E+04  3.051E+04
  9.041E+02  0.000E+00  0.000E+00  4.558E+03  2.830E+03  0.000E+00  0.000E+00  0.000E+00  2.349E+04  3.882E+03
  2.888E+04  3.540E+04  6.561E+04  6.091E+04  1.864E+05  2.397E+05  1.634E+05  1.377E+05  6.485E+04  1.650E+05
  2.976E+05  2.116E+05  1.619E+05  8.739E+04  9.807E+04  9.136E+04  2.433E+05  1.328E+05  2.383E+05  2.947E+05
  2.276E+05  1.948E+05  1.324E+05  1.511E+05  1.805E+05  1.754E+05  2.541E+05  3.050E+05  2.024E+05  2.047E+05
  0.000E+00  0.000E+00  0.000E+00  0.000E+00  0.000E+00  0.000E+00  0.000E+00  0.000E+00  0.000E+00  0.000E+00
  0.000E+00  0.000E+00  0.000E+00  0.000E+00  0.000E+00  0.000E+00  0.000E+00  0.000E+00  0.000E+00  0.000E+00
  0.000E+00  0.000E+00  0.000E+00  0.000E+00  0.000E+00  0.000E+00  0.000E+00  0.000E+00  0.000E+00  0.000E+00
  0.000E+00  0.000E+00  0.000E+00  0.000E+00  1.383E+04  0.000E+00  0.000E+00  0.000E+00  0.000E+00  0.000E+00
  0.000E+00  0.000E+00  0.000E+00  0.000E+00  0.000E+00  0.000E+00  0.000E+00  0.000E+00  0.000E+00  0.000E+00
  8.438E+03  0.000E+00  0.000E+00  0.000E+00  0.000E+00  0.000E+00  0.000E+00  0.000E+00  2.918E+04  2.470E+04
  0.000E+00  0.000E+00  0.000E+00  0.000E+00  0.000E+00  0.000E+00  0.000E+00  0.000E+00  0.000E+00  1.341E+04
  3.613E+04  9.087E+04  8.932E+04  1.841E+05  3.336E+05  1.638E+05  1.062E+05  8.027E+04  2.250E+05  2.290E+05
  2.169E+05  1.247E+05  8.456E+04  8.803E+04  1.470E+05  2.633E+05  2.343E+05  3.515E+05  2.166E+05  3.126E+05
  3.642E+05  1.279E+05  2.865E+05  3.015E+05  1.540E+05  3.128E+05  3.697E+05  1.363E+05  2.260E+05  2.345E+05
  0.000E+00  0.000E+00  0.000E+00  0.000E+00  0.000E+00  0.000E+00  0.000E+00  0.000E+00  0.000E+00  0.000E+00
  0.000E+00  0.000E+00  0.000E+00  0.000E+00  0.000E+00  0.000E+00  0.000E+00  0.000E+00  0.000E+00  0.000E+00
  0.000E+00  0.000E+00  0.000E+00  0.000E+00  0.000E+00  0.000E+00  0.000E+00  0.000E+00  0.000E+00  0.000E+00
  0.000E+00  0.000E+00  0.000E+00  0.000E+00  1.383E+04  0.000E+00  0.000E+00  0.000E+00  0.000E+00  0.000E+00
  0.000E+00  0.000E+00  0.000E+00  0.000E+00  0.000E+00  0.000E+00  0.000E+00  0.000E+00  0.000E+00  0.000E+00
  8.438E+03  0.000E+00  0.000E+00  0.000E+00  0.000E+00  1.729E+04  0.000E+00  2.113E+04  4.019E+04  0.000E+00
  0.000E+00  0.000E+00  0.000E+00  0.000E+00  1.924E+04  0.000E+00  0.000E+00  0.000E+00  1.992E+04  2.716E+04
  8.242E+04  9.268E+04  1.457E+05  2.728E+05  1.510E+05  1.097E+05  1.768E+05  2.065E+05  2.009E+05  2.085E+05
  1.434E+05  1.313E+05  1.784E+05  2.025E+05  2.098E+05  3.119E+05  3.474E+05  1.927E+05  3.518E+05  3.081E+05
  2.125E+05  4.542E+05  2.283E+05  2.059E+05  4.075E+05  1.907E+05  2.230E+05  3.130E+05  3.184E+05  2.645E+05
  0.000E+00  0.000E+00  0.000E+00  0.000E+00  0.000E+00  0.000E+00  0.000E+00  0.000E+00  0.000E+00  0.000E+00
  0.000E+00  0.000E+00  0.000E+00  0.000E+00  0.000E+00  0.000E+00  0.000E+00  0.000E+00  0.000E+00  0.000E+00
  0.000E+00  0.000E+00  0.000E+00  0.000E+00  0.000E+00  0.000E+00  0.000E+00  0.000E+00  0.000E+00  0.000E+00
  0.000E+00  0.000E+00  0.000E+00  4.075E+03  9.754E+03  0.000E+00  0.000E+00  0.000E+00  0.000E+00  0.000E+00
  0.000E+00  0.000E+00  0.000E+00  0.000E+00  0.000E+00  0.000E+00  5.124E+03  0.000E+00  0.000E+00  0.000E+00
  8.438E+03  0.000E+00  0.000E+00  0.000E+00  1.486E+04  2.490E+04  1.946E+04  6.890E+04  0.000E+00  0.000E+00
  0.000E+00  0.000E+00  0.000E+00  2.317E+04  1.282E+05  0.000E+00  0.000E+00  3.053E+04  3.979E+04  1.562E+05
  1.984E+05  1.693E+05  3.194E+05  2.129E+05  1.274E+05  2.231E+05  1.625E+05  2.229E+05  2.253E+05  1.495E+05
  2.169E+05  2.417E+05  2.228E+05  2.565E+05  3.336E+05  3.559E+05  3.322E+05  3.143E+05  2.111E+05  3.488E+05
  4.366E+05  2.265E+05  4.027E+05  3.278E+05  2.244E+05  3.682E+05  2.835E+05  2.611E+05  4.334E+05  4.018E+05
  0.000E+00  0.000E+00  0.000E+00  0.000E+00  0.000E+00  0.000E+00  0.000E+00  0.000E+00  0.000E+00  0.000E+00
  0.000E+00  0.000E+00  0.000E+00  0.000E+00  0.000E+00  0.000E+00  0.000E+00  0.000E+00  0.000E+00  0.000E+00
  0.000E+00  0.000E+00  0.000E+00  0.000E+00  0.000E+00  0.000E+00  0.000E+00  0.000E+00  0.000E+00  0.000E+00
  0.000E+00  0.000E+00  0.000E+00  1.383E+04  0.000E+00  0.000E+00  0.000E+00  0.000E+00  0.000E+00  0.000E+00
  0.000E+00  0.000E+00  0.000E+00  0.000E+00  0.000E+00  0.000E+00  1.980E+04  0.000E+00  0.000E+00  0.000E+00
  3.001E+03  0.000E+00  0.000E+00  9.533E+03  3.023E+04  1.754E+04  1.002E+05  4.233E+03  5.200E+03  2.996E+04
  0.000E+00  0.000E+00  4.339E+04  1.629E+05  6.373E+04  0.000E+00  5.515E+04  6.386E+04  1.672E+05  2.375E+05
  1.602E+05  2.564E+05  1.892E+05  2.230E+05  2.298E+05  1.635E+05  2.952E+05  2.456E+05  1.504E+05  1.873E+05
  2.132E+05  2.927E+05  2.925E+05  3.973E+05  3.912E+05  3.192E+05  2.529E+05  2.570E+05  4.742E+05  2.869E+05
  3.479E+05  4.723E+05  3.152E+05  2.663E+05  2.746E+05  3.155E+05  3.415E+05  3.761E+05  2.262E+05  2.204E+05
  0.000E+00  0.000E+00  0.000E+00  0.000E+00  0.000E+00  0.000E+00  0.000E+00  0.000E+00  0.000E+00  0.000E+00
  0.000E+00  0.000E+00  0.000E+00  0.000E+00  0.000E+00  0.000E+00  0.000E+00  0.000E+00  0.000E+00  0.000E+00
  0.000E+00  0.000E+00  0.000E+00  0.000E+00  0.000E+00  0.000E+00  0.000E+00  0.000E+00  0.000E+00  0.000E+00
  0.000E+00  1.132E+04  0.000E+00  1.383E+04  0.000E+00  0.000E+00  0.000E+00  0.000E+00  0.000E+00  0.000E+00
  0.000E+00  0.000E+00  0.000E+00  0.000E+00  0.000E+00  1.067E+04  8.549E+03  0.000E+00  0.000E+00  0.000E+00
  0.000E+00  0.000E+00  4.208E+03  3.556E+04  2.165E+03  8.459E+04  1.552E+04  0.000E+00  4.734E+04  0.000E+00
  0.000E+00  4.136E+04  1.286E+05  5.034E+04  1.735E+04  4.302E+04  1.064E+05  1.698E+05  2.425E+05  9.704E+04
  2.622E+05  2.833E+05  2.336E+05  1.843E+05  2.567E+05  2.882E+05  2.547E+05  2.383E+05  2.019E+05  2.666E+05
  4.705E+05  4.882E+05  3.465E+05  2.300E+05  1.842E+05  2.807E+05  4.826E+05  4.298E+05  1.851E+05  3.986E+05
  4.372E+05  3.608E+05  3.266E+05  3.010E+05  3.926E+05  3.870E+05  3.569E+05  2.150E+05  4.400E+05  3.966E+05
  0.000E+00  0.000E+00  0.000E+00  0.000E+00  0.000E+00  0.000E+00  0.000E+00  0.000E+00  0.000E+00  0.000E+00
  0.000E+00  0.000E+00  0.000E+00  0.000E+00  0.000E+00  0.000E+00  0.000E+00  0.000E+00  0.000E+00  0.000E+00
  0.000E+00  0.000E+00  0.000E+00  0.000E+00  0.000E+00  0.000E+00  0.000E+00  0.000E+00  0.000E+00  0.000E+00
  0.000E+00  1.181E+04  0.000E+00  1.105E+04  0.000E+00  0.000E+00  0.000E+00  0.000E+00  0.000E+00  0.000E+00
  0.000E+00  0.000E+00  0.000E+00  0.000E+00  0.000E+00  1.922E+04  0.000E+00  0.000E+00  0.000E+00  0.000E+00
  0.000E+00  0.000E+00  5.155E+04  0.000E+00  1.647E+04  2.591E+04  3.433E+04  1.988E+04  3.730E+04  2.789E+04
  8.481E+03  6.352E+04  5.629E+04  4.698E+04  1.875E+04  1.249E+05  1.781E+05  2.129E+05  1.359E+05  2.198E+05
  2.975E+05  2.244E+05  1.683E+05  3.695E+05  3.350E+05  2.539E+05  3.856E+05  1.731E+05  3.915E+05  5.110E+05
  5.587E+05  3.211E+05  2.129E+05  2.270E+05  3.183E+05  4.836E+05  2.796E+05  2.647E+05  5.178E+05  4.143E+05
  2.283E+05  3.126E+05  3.038E+05  4.370E+05  5.034E+05  4.097E+05  4.284E+05  5.261E+05  2.998E+05  2.467E+05
  0.000E+00  0.000E+00  0.000E+00  0.000E+00  0.000E+00  0.000E+00  0.000E+00  0.000E+00  0.000E+00  0.000E+00
  0.000E+00  0.000E+00  0.000E+00  0.000E+00  0.000E+00  0.000E+00  0.000E+00  0.000E+00  0.000E+00  0.000E+00
  0.000E+00  0.000E+00  0.000E+00  0.000E+00  0.000E+00  0.000E+00  0.000E+00  0.000E+00  0.000E+00  0.000E+00
  5.390E+02  1.127E+04  0.000E+00  0.000E+00  0.000E+00  0.000E+00  0.000E+00  0.000E+00  0.000E+00  0.000E+00
  0.000E+00  0.000E+00  0.000E+00  0.000E+00  2.203E+03  1.701E+04  0.000E+00  0.000E+00  0.000E+00  0.000E+00
  0.000E+00  5.514E+04  1.542E+04  9.586E+03  2.866E+04  8.118E+04  7.140E+03  5.380E+04  4.244E+04  7.087E+03
  3.755E+04  5.730E+04  4.615E+04  3.842E+04  1.153E+05  1.762E+05  2.779E+05  1.471E+05  2.010E+05  2.483E+05
  2.284E+05  1.877E+05  3.770E+05  3.029E+05  3.817E+05  2.763E+05  1.919E+05  4.406E+05  5.207E+05  5.076E+05
  2.749E+05  3.199E+05  2.895E+05  3.581E+05  4.403E+05  2.220E+05  4.080E+05  4.176E+05  3.038E+05  2.916E+05
  2.422E+05  3.560E+05  5.123E+05  6.660E+05  6.056E+05  5.504E+05  3.795E+05  3.393E+05  2.979E+05  2.232E+05
  0.000E+00  0.000E+00  0.000E+00  0.000E+00  0.000E+00  6.210E+01  0.000E+00  0.000E+00  0.000E+00  0.000E+00
  0.000E+00  0.000E+00  0.000E+00  0.000E+00  0.000E+00  0.000E+00  0.000E+00  0.000E+00  0.000E+00  0.000E+00
  0.000E+00  0.000E+00  0.000E+00  0.000E+00  0.000E+00  0.000E+00  0.000E+00  0.000E+00  0.000E+00  0.000E+00
  1.181E+04  0.000E+00  0.000E+00  0.000E+00  0.000E+00  0.000E+00  0.000E+00  0.000E+00  0.000E+00  0.000E+00
  0.000E+00  0.000E+00  0.000E+00  0.000E+00  1.851E+04  0.000E+00  0.000E+00  0.000E+00  0.000E+00  0.000E+00
  3.477E+04  3.536E+04  2.597E+03  3.555E+04  6.891E+04  3.334E+04  5.926E+04  1.078E+04  1.980E+04  5.514E+04
  4.323E+04  3.002E+04  6.086E+04  1.577E+05  2.362E+05  1.636E+05  1.200E+05  1.909E+05  1.750E+05  1.907E+05
  2.323E+05  4.059E+05  4.016E+05  4.043E+05  1.569E+05  3.117E+05  4.282E+05  5.443E+05  4.448E+05  3.144E+05
  3.856E+05  2.547E+05  2.890E+05  3.637E+05  3.848E+05  3.450E+05  1.713E+05  3.147E+05  2.930E+05  3.589E+05
  6.658E+05  5.305E+05  5.166E+05  5.840E+05  4.414E+05  4.930E+05  5.451E+05  3.582E+05  2.282E+05  3.393E+05
  0.000E+00  0.000E+00  0.000E+00  0.000E+00  0.000E+00  5.995E+03  0.000E+00  0.000E+00  0.000E+00  0.000E+00
  0.000E+00  0.000E+00  0.000E+00  0.000E+00  0.000E+00  0.000E+00  0.000E+00  0.000E+00  0.000E+00  0.000E+00
  0.000E+00  0.000E+00  0.000E+00  0.000E+00  0.000E+00  0.000E+00  0.000E+00  0.000E+00  0.000E+00  0.000E+00
  1.181E+04  0.000E+00  0.000E+00  0.000E+00  0.000E+00  0.000E+00  0.000E+00  0.000E+00  0.000E+00  0.000E+00
  0.000E+00  0.000E+00  0.000E+00  0.000E+00  1.747E+04  0.000E+00  0.000E+00  0.000E+00  0.000E+00  2.043E+04
  4.895E+04  0.000E+00  3.867E+04  3.188E+04  4.774E+04  5.032E+04  2.759E+04  3.979E+04  7.988E+04  1.093E+04
  8.440E+04  1.540E+05  2.492E+05  2.315E+05  1.492E+05  1.984E+05  2.500E+05  2.583E+05  2.562E+05  2.422E+05
  3.443E+05  4.499E+05  3.287E+05  2.092E+05  4.298E+05  4.228E+05  4.806E+05  4.311E+05  4.219E+05  3.370E+05
  1.671E+05  2.587E+05  3.631E+05  3.911E+05  2.567E+05  2.370E+05  4.714E+05  3.862E+05  4.620E+05  6.466E+05
  4.655E+05  4.802E+05  4.706E+05  4.305E+05  4.269E+05  3.131E+05  2.545E+05  3.206E+05  4.717E+05  3.486E+05
  0.000E+00  0.000E+00  0.000E+00  0.000E+00  0.000E+00  5.995E+03  0.000E+00  0.000E+00  0.000E+00  0.000E+00
  0.000E+00  0.000E+00  0.000E+00  0.000E+00  0.000E+00  0.000E+00  0.000E+00  0.000E+00  0.000E+00  0.000E+00
  0.000E+00  0.000E+00  0.000E+00  0.000E+00  0.000E+00  0.000E+00  0.000E+00  0.000E+00  0.000E+00  0.000E+00
  1.181E+04  0.000E+00  0.000E+00  0.000E+00  0.000E+00  0.000E+00  0.000E+00  0.000E+00  0.000E+00  0.000E+00
  0.000E+00  0.000E+00  0.000E+00  8.396E+03  9.076E+03  0.000E+00  0.000E+00  0.000E+00  1.211E+04  5.059E+04
  1.883E+04  5.709E+04  8.238E+03  4.226E+04  2.734E+04  4.789E+04  1.693E+04  1.083E+05  7.871E+04  1.303E+05
  1.674E+05  2.298E+05  2.218E+05  1.806E+05  2.772E+05  2.679E+05  2.803E+05  2.747E+05  2.742E+05  3.982E+05
  3.798E+05  1.936E+05  4.334E+05  5.426E+05  5.052E+05  5.229E+05  4.793E+05  3.510E+05  3.194E+05  3.949E+05
  4.289E+05  3.235E+05  3.218E+05  2.345E+05  4.367E+05  4.913E+05  4.042E+05  5.975E+05  5.335E+05  5.392E+05
  5.981E+05  5.811E+05  4.950E+05  3.544E+05  3.669E+05  3.775E+05  3.692E+05  2.666E+05  1.713E+05  2.226E+05
  0.000E+00  0.000E+00  0.000E+00  0.000E+00  0.000E+00  5.995E+03  0.000E+00  0.000E+00  0.000E+00  0.000E+00
  0.000E+00  0.000E+00  0.000E+00  0.000E+00  0.000E+00  0.000E+00  0.000E+00  0.000E+00  0.000E+00  0.000E+00
  0.000E+00  0.000E+00  0.000E+00  1.168E+03  0.000E+00  0.000E+00  0.000E+00  0.000E+00  0.000E+00  0.000E+00
  1.181E+04  0.000E+00  0.000E+00  0.000E+00  0.000E+00  0.000E+00  0.000E+00  6.512E+02  0.000E+00  0.000E+00
  0.000E+00  0.000E+00  0.000E+00  1.747E+04  0.000E+00  0.000E+00  0.000E+00  3.781E+03  4.619E+04  2.766E+04
  6.228E+04  1.080E+04  6.521E+04  2.511E+04  6.378E+04  5.353E+04  1.315E+05  1.882E+05  8.336E+04  2.032E+05
  2.201E+05  2.053E+05  2.368E+05  3.258E+05  2.729E+05  2.888E+05  3.054E+05  2.885E+05  4.634E+05  3.256E+05
  1.588E+05  3.509E+05  4.996E+05  5.689E+05  7.406E+05  4.093E+05  4.127E+05  4.197E+05  5.092E+05  4.183E+05
  3.168E+05  3.190E+05  3.366E+05  6.078E+05  5.479E+05  5.958E+05  6.726E+05  6.586E+05  6.994E+05  5.284E+05
  3.899E+05  2.844E+05  3.849E+05  3.327E+05  2.591E+05  2.590E+05  2.265E+05  2.679E+05  1.757E+05  1.096E+05
  0.000E+00  0.000E+00  0.000E+00  0.000E+00  0.000E+00  5.995E+03  0.000E+00  0.000E+00  0.000E+00  0.000E+00
  0.000E+00  0.000E+00  0.000E+00  0.000E+00  0.000E+00  0.000E+00  0.000E+00  0.000E+00  0.000E+00  0.000E+00
  0.000E+00  0.000E+00  0.000E+00  1.439E+02  0.000E+00  0.000E+00  0.000E+00  0.000E+00  0.000E+00  2.023E+02
  3.905E+03  0.000E+00  0.000E+00  0.000E+00  0.000E+00  0.000E+00  7.466E+03  1.127E+04  0.000E+00  0.000E+00
  0.000E+00  0.000E+00  0.000E+00  1.747E+04  0.000E+00  0.000E+00  0.000E+00  3.727E+04  3.379E+04  5.996E+04
  1.588E+04  7.358E+04  3.687E+04  5.834E+04  7.395E+04  1.184E+05  1.544E+05  6.631E+04  1.711E+05  2.114E+05
  3.071E+05  3.280E+05  3.220E+05  1.928E+05  2.709E+05  2.971E+05  3.561E+05  4.442E+05  3.330E+05  4.872E+05
  5.174E+05  6.487E+05  6.307E+05  6.725E+05  4.618E+05  5.339E+05  5.380E+05  4.404E+05  3.305E+05  2.571E+05
  4.356E+05  6.263E+05  6.798E+05  6.687E+05  6.537E+05  8.796E+05  7.216E+05  4.746E+05  4.130E+05  4.028E+05
  3.914E+05  3.512E+05  2.975E+05  3.275E+05  3.205E+05  1.555E+05  9.885E+04  7.207E+04  1.634E+05  1.402E+05
  0.000E+00  0.000E+00  0.000E+00  0.000E+00  0.000E+00  5.995E+03  0.000E+00  0.000E+00  0.000E+00  0.000E+00
  0.000E+00  0.000E+00  0.000E+00  0.000E+00  0.000E+00  0.000E+00  0.000E+00  0.000E+00  0.000E+00  0.000E+00
  0.000E+00  0.000E+00  0.000E+00  0.000E+00  0.000E+00  0.000E+00  0.000E+00  0.000E+00  0.000E+00  0.000E+00
  0.000E+00  0.000E+00  0.000E+00  0.000E+00  0.000E+00  0.000E+00  1.873E+04  0.000E+00  0.000E+00  0.000E+00
  0.000E+00  0.000E+00  6.828E+03  4.075E+03  0.000E+00  0.000E+00  3.189E+04  3.204E+04  0.000E+00  1.483E+04
  5.118E+04  5.144E+04  4.530E+04  1.061E+05  1.561E+05  1.073E+05  1.594E+05  1.354E+05  2.049E+05  3.289E+05
  4.019E+05  3.355E+05  2.096E+05  3.295E+05  2.725E+05  3.483E+05  3.794E+05  4.698E+05  5.327E+05  6.982E+05
  7.462E+05  5.927E+05  4.996E+05  6.596E+05  7.299E+05  4.573E+05  4.003E+05  3.193E+05  3.979E+05  6.813E+05
  6.513E+05  5.862E+05  7.079E+05  9.664E+05  8.001E+05  4.870E+05  3.916E+05  4.010E+05  4.221E+05  3.328E+05
  2.547E+05  2.703E+05  2.810E+05  1.752E+05  8.550E+04  1.511E+05  1.243E+05  7.950E+04  1.144E+04  6.562E+04
  0.000E+00  0.000E+00  0.000E+00  0.000E+00  0.000E+00  5.995E+03  0.000E+00  0.000E+00  0.000E+00  0.000E+00
  0.000E+00  0.000E+00  0.000E+00  0.000E+00  0.000E+00  0.000E+00  0.000E+00  0.000E+00  0.000E+00  0.000E+00
  0.000E+00  0.000E+00  0.000E+00  2.976E+03  0.000E+00  0.000E+00  0.000E+00  0.000E+00  0.000E+00  0.000E+00
  0.000E+00  0.000E+00  0.000E+00  0.000E+00  0.000E+00  0.000E+00  1.873E+04  0.000E+00  0.000E+00  0.000E+00
  0.000E+00  0.000E+00  0.000E+00  0.000E+00  0.000E+00  2.294E+04  1.355E+04  2.903E+04  0.000E+00  4.232E+04
  5.541E+04  4.627E+04  5.896E+04  1.496E+05  5.003E+04  1.714E+05  2.289E+05  2.203E+05  3.007E+05  3.977E+05
  3.157E+05  2.659E+05  2.837E+05  2.958E+05  4.386E+05  4.236E+05  5.106E+05  6.548E+05  8.002E+05  5.803E+05
  5.188E+05  5.613E+05  8.218E+05  6.721E+05  3.952E+05  5.128E+05  3.905E+05  6.718E+05  7.234E+05  6.301E+05
  7.105E+05  7.900E+05  7.195E+05  6.098E+05  4.778E+05  3.558E+05  3.889E+05  3.093E+05  2.921E+05  2.576E+05
  2.045E+05  2.306E+05  2.905E+05  2.488E+05  1.743E+05  4.076E+04  8.327E+04  8.864E+04  9.583E+04  7.183E+04
  0.000E+00  0.000E+00  0.000E+00  0.000E+00  0.000E+00  5.995E+03  0.000E+00  0.000E+00  0.000E+00  0.000E+00
  0.000E+00  0.000E+00  0.000E+00  0.000E+00  0.000E+00  0.000E+00  0.000E+00  0.000E+00  0.000E+00  0.000E+00
  0.000E+00  0.000E+00  0.000E+00  0.000E+00  0.000E+00  0.000E+00  0.000E+00  0.000E+00  0.000E+00  0.000E+00
  0.000E+00  0.000E+00  0.000E+00  0.000E+00  0.000E+00  1.664E+04  2.095E+03  0.000E+00  0.000E+00  0.000E+00
  0.000E+00  0.000E+00  0.000E+00  4.383E+03  1.387E+04  2.225E+04  8.578E+03  1.392E+04  3.400E+04  9.073E+04
  4.924E+04  5.420E+04  1.431E+05  8.824E+04  2.274E+05  2.914E+05  2.328E+05  2.076E+05  3.412E+05  3.216E+05
  2.052E+05  2.313E+05  3.179E+05  4.346E+05  4.510E+05  5.935E+05  7.711E+05  9.335E+05  4.725E+05  3.670E+05
  5.171E+05  6.878E+05  7.030E+05  5.410E+05  5.625E+05  5.386E+05  8.710E+05  7.159E+05  6.867E+05  6.383E+05
  5.465E+05  5.287E+05  5.859E+05  3.723E+05  3.065E+05  3.551E+05  3.559E+05  2.747E+05  1.979E+05  3.075E+05
  2.913E+05  2.153E+05  7.067E+04  1.792E+03  1.646E+05  1.618E+05  9.529E+04  8.443E+04  8.676E+03  3.289E+04
  0.000E+00  0.000E+00  0.000E+00  0.000E+00  0.000E+00  5.995E+03  0.000E+00  0.000E+00  0.000E+00  0.000E+00
  0.000E+00  0.000E+00  0.000E+00  0.000E+00  0.000E+00  0.000E+00  0.000E+00  0.000E+00  0.000E+00  0.000E+00
  0.000E+00  0.000E+00  0.000E+00  0.000E+00  0.000E+00  0.000E+00  0.000E+00  0.000E+00  0.000E+00  0.000E+00
  0.000E+00  0.000E+00  0.000E+00  0.000E+00  0.000E+00  1.873E+04  0.000E+00  0.000E+00  0.000E+00  0.000E+00
  0.000E+00  1.547E+03  2.397E+04  1.773E+04  3.133E+04  1.719E+04  1.047E+04  3.219E+04  6.128E+04  7.460E+04
  8.691E+04  2.286E+05  1.014E+05  1.846E+05  2.939E+05  2.906E+05  3.045E+05  3.312E+05  3.128E+05  2.944E+05
  2.738E+05  4.083E+05  5.220E+05  5.056E+05  6.854E+05  9.917E+05  7.677E+05  3.852E+05  4.395E+05  6.999E+05
  7.642E+05  7.599E+05  6.155E+05  5.501E+05  8.155E+05  9.234E+05  8.688E+05  7.999E+05  5.825E+05  4.818E+05
  5.811E+05  4.569E+05  4.881E+05  4.276E+05  5.153E+05  4.231E+05  2.160E+05  1.996E+05  2.707E+05  2.917E+05
  1.502E+05  1.425E+05  1.338E+05  1.699E+05  1.692E+04  0.000E+00  0.000E+00  0.000E+00  4.331E+04  4.462E+04
  0.000E+00  0.000E+00  0.000E+00  0.000E+00  0.000E+00  4.449E+03  0.000E+00  0.000E+00  0.000E+00  0.000E+00
  0.000E+00  0.000E+00  0.000E+00  0.000E+00  0.000E+00  0.000E+00  0.000E+00  0.000E+00  0.000E+00  0.000E+00
  0.000E+00  0.000E+00  0.000E+00  0.000E+00  0.000E+00  0.000E+00  0.000E+00  0.000E+00  0.000E+00  0.000E+00
  0.000E+00  0.000E+00  0.000E+00  0.000E+00  7.076E+03  1.166E+04  0.000E+00  0.000E+00  0.000E+00  0.000E+00
  0.000E+00  3.343E+04  1.950E+04  3.589E+04  2.725E+04  2.935E+04  8.301E+04  7.050E+04  6.644E+04  1.540E+05
  2.115E+05  9.996E+04  1.601E+05  2.347E+05  2.764E+05  3.339E+05  2.825E+05  3.363E+05  4.211E+05  3.110E+05
  4.752E+05  5.323E+05  3.960E+05  8.410E+05  9.190E+05  8.055E+05  4.465E+05  6.114E+05  8.648E+05  9.054E+05
  9.232E+05  7.966E+05  6.712E+05  8.496E+05  8.835E+05  9.756E+05  8.116E+05  6.140E+05  6.812E+05  5.142E+05
  4.390E+05  4.983E+05  4.607E+05  4.143E+05  2.011E+05  1.496E+05  2.283E+05  3.114E+05  2.755E+05  1.778E+05
  1.079E+05  1.965E+04  0.000E+00  0.000E+00  0.000E+00  4.262E+04  4.462E+04  6.747E+04  4.593E+04  4.462E+04
  0.000E+00  0.000E+00  0.000E+00  0.000E+00  0.000E+00  1.183E+03  0.000E+00  0.000E+00  0.000E+00  0.000E+00
  0.000E+00  0.000E+00  0.000E+00  0.000E+00  0.000E+00  0.000E+00  0.000E+00  0.000E+00  0.000E+00  0.000E+00
  0.000E+00  0.000E+00  0.000E+00  0.000E+00  0.000E+00  0.000E+00  0.000E+00  0.000E+00  0.000E+00  0.000E+00
  0.000E+00  0.000E+00  0.000E+00  0.000E+00  1.873E+04  0.000E+00  1.950E+04  1.114E+04  0.000E+00  0.000E+00
  2.777E+04  4.061E+04  8.992E+04  3.481E+04  3.179E+04  5.305E+04  6.810E+04  1.589E+05  1.152E+05  2.897E+05
  1.802E+05  1.756E+05  3.991E+05  3.335E+05  2.711E+05  3.658E+05  5.045E+05  3.911E+05  3.281E+05  5.888E+05
  5.340E+05  5.882E+05  8.943E+05  9.155E+05  7.249E+05  6.493E+05  6.578E+05  8.248E+05  8.162E+05  9.253E+05
  9.072E+05  1.025E+06  8.917E+05  9.124E+05  7.630E+05  5.967E+05  6.521E+05  7.030E+05  6.105E+05  5.771E+05
  5.123E+05  4.418E+05  2.441E+05  2.663E+05  2.875E+05  2.567E+05  2.409E+05  1.224E+05  5.834E+04  1.554E+04
  0.000E+00  0.000E+00  0.000E+00  3.521E+04  7.382E+04  1.292E+05  1.339E+05  7.583E+04  4.459E+04  1.656E+04
  0.000E+00  0.000E+00  0.000E+00  0.000E+00  0.000E+00  6.195E+03  0.000E+00  0.000E+00  0.000E+00  0.000E+00
  0.000E+00  0.000E+00  0.000E+00  0.000E+00  0.000E+00  0.000E+00  0.000E+00  0.000E+00  0.000E+00  0.000E+00
  0.000E+00  0.000E+00  0.000E+00  0.000E+00  0.000E+00  0.000E+00  0.000E+00  0.000E+00  0.000E+00  0.000E+00
  0.000E+00  0.000E+00  0.000E+00  0.000E+00  3.422E+03  1.785E+04  2.551E+04  6.066E+03  0.000E+00  1.128E+04
  5.733E+04  8.396E+04  4.045E+04  1.491E+04  9.009E+03  8.989E+03  7.027E+04  1.073E+05  2.248E+05  1.945E+05
  2.500E+05  3.735E+05  3.188E+05  3.716E+05  3.073E+05  5.472E+05  3.447E+05  4.231E+05  5.756E+05  5.509E+05
  8.186E+05  9.651E+05  7.866E+05  9.018E+05  8.459E+05  6.234E+05  6.937E+05  8.452E+05  1.064E+06  1.042E+06
  1.067E+06  1.009E+06  7.889E+05  6.186E+05  6.485E+05  6.775E+05  6.902E+05  6.880E+05  6.599E+05  4.644E+05
  3.737E+05  3.969E+05  3.254E+05  1.363E+05  1.134E+05  9.278E+04  6.898E+03  0.000E+00  0.000E+00  1.577E+04
  4.462E+04  4.461E+04  4.461E+04  9.399E+03  3.022E+04  4.646E+03  0.000E+00  0.000E+00  0.000E+00  0.000E+00
  0.000E+00  0.000E+00  0.000E+00  0.000E+00  0.000E+00  6.195E+03  0.000E+00  0.000E+00  0.000E+00  0.000E+00
  0.000E+00  0.000E+00  0.000E+00  0.000E+00  0.000E+00  0.000E+00  0.000E+00  0.000E+00  5.299E+03  0.000E+00
  0.000E+00  0.000E+00  5.191E+02  0.000E+00  0.000E+00  0.000E+00  0.000E+00  0.000E+00  0.000E+00  0.000E+00
  0.000E+00  0.000E+00  1.817E+04  1.764E+04  1.823E+04  2.715E+04  3.106E+04  5.537E+03  0.000E+00  3.698E+04
  6.904E+04  1.734E+04  1.261E+04  3.686E+04  4.153E+03  8.903E+04  9.917E+04  1.645E+05  1.773E+05  3.038E+05
  3.672E+05  2.754E+05  4.737E+05  5.435E+05  5.830E+05  4.880E+05  4.478E+05  5.039E+05  7.268E+05  7.957E+05
  8.534E+05  6.995E+05  9.317E+05  8.747E+05  8.222E+05  1.001E+06  1.254E+06  1.128E+06  1.076E+06  1.174E+06
  9.328E+05  6.917E+05  7.297E+05  8.644E+05  1.024E+06  1.136E+06  9.187E+05  4.866E+05  5.053E+05  4.183E+05
  2.608E+05  1.146E+05  4.460E+04  4.462E+04  2.017E+04  0.000E+00  1.216E+04  0.000E+00  1.753E+04  2.886E+04
  0.000E+00  0.000E+00  0.000E+00  0.000E+00  0.000E+00  0.000E+00  1.639E+04  6.514E+04  8.919E+04  8.920E+04
  0.000E+00  0.000E+00  0.000E+00  0.000E+00  0.000E+00  6.195E+03  0.000E+00  0.000E+00  0.000E+00  0.000E+00
  0.000E+00  0.000E+00  0.000E+00  0.000E+00  0.000E+00  0.000E+00  0.000E+00  0.000E+00  6.451E+03  0.000E+00
  0.000E+00  0.000E+00  2.943E+04  0.000E+00  0.000E+00  0.000E+00  0.000E+00  0.000E+00  0.000E+00  0.000E+00
  0.000E+00  1.184E+04  2.695E+04  2.041E+04  2.671E+04  2.344E+04  2.111E+04  1.603E+04  1.233E+04  4.266E+04
  1.518E+04  1.520E+04  7.934E+04  4.899E+04  1.085E+05  6.019E+04  1.962E+05  1.522E+05  2.864E+05  3.531E+05
  2.603E+05  5.041E+05  6.114E+05  6.613E+05  5.516E+05  4.529E+05  6.385E+05  7.205E+05  6.579E+05  6.951E+05
  6.349E+05  7.598E+05  9.089E+05  1.318E+06  1.277E+06  1.294E+06  9.852E+05  1.026E+06  1.089E+06  9.071E+05
  7.871E+05  9.170E+05  1.227E+06  1.162E+06  8.452E+05  6.673E+05  6.566E+05  5.648E+05  2.070E+05  2.141E+05
  9.565E+04  3.304E+03  0.000E+00  0.000E+00  5.495E+04  8.923E+04  9.788E+04  4.459E+04  2.172E+04  0.000E+00
  0.000E+00  0.000E+00  0.000E+00  0.000E+00  4.296E+04  4.459E+04  4.459E+04  2.405E+04  0.000E+00  0.000E+00
  0.000E+00  0.000E+00  0.000E+00  0.000E+00  0.000E+00  7.637E+03  0.000E+00  0.000E+00  0.000E+00  0.000E+00
  0.000E+00  0.000E+00  0.000E+00  0.000E+00  0.000E+00  0.000E+00  0.000E+00  0.000E+00  6.451E+03  0.000E+00
  0.000E+00  2.375E+04  5.680E+03  0.000E+00  0.000E+00  0.000E+00  0.000E+00  0.000E+00  2.510E+03  0.000E+00
  5.307E+03  3.328E+04  2.163E+04  6.662E+04  1.622E+04  2.920E+04  3.798E+04  3.567E+04  2.536E+04  5.575E+03
  2.858E+04  9.964E+04  9.226E+04  2.192E+05  1.083E+05  2.169E+05  2.215E+05  3.725E+05  4.118E+05  5.075E+05
  6.191E+05  6.463E+05  7.710E+05  3.692E+05  5.469E+05  7.563E+05  9.106E+05  8.714E+05  9.774E+05  7.795E+05
  8.726E+05  1.115E+06  1.210E+06  1.107E+06  1.158E+06  1.172E+06  1.235E+06  1.153E+06  1.197E+06  1.199E+06
  1.128E+06  1.088E+06  8.351E+05  9.927E+05  8.649E+05  5.803E+05  4.230E+05  2.587E+05  2.132E+05  8.354E+04
  4.459E+04  5.847E+04  8.921E+04  8.922E+04  3.427E+04  0.000E+00  1.216E+04  0.000E+00  0.000E+00  0.000E+00
  0.000E+00  0.000E+00  0.000E+00  0.000E+00  0.000E+00  0.000E+00  0.000E+00  0.000E+00  0.000E+00  0.000E+00
  0.000E+00  0.000E+00  0.000E+00  0.000E+00  0.000E+00  1.895E+04  0.000E+00  0.000E+00  0.000E+00  0.000E+00
  0.000E+00  0.000E+00  0.000E+00  0.000E+00  0.000E+00  0.000E+00  0.000E+00  0.000E+00  1.539E+03  0.000E+00
  0.000E+00  1.822E+04  2.021E+04  0.000E+00  0.000E+00  0.000E+00  0.000E+00  0.000E+00  1.199E+04  0.000E+00
  3.836E+04  2.475E+04  6.829E+04  1.034E+04  3.737E+04  3.746E+04  4.371E+04  9.168E+03  1.984E+04  4.742E+04
  1.036E+05  1.183E+05  1.767E+05  1.079E+05  1.951E+05  2.473E+05  4.124E+05  4.309E+05  5.551E+05  6.024E+05
  7.962E+05  7.805E+05  4.409E+05  6.492E+05  8.080E+05  1.037E+06  1.229E+06  1.185E+06  1.037E+06  1.145E+06
  1.043E+06  1.024E+06  1.330E+06  1.519E+06  1.188E+06  1.107E+06  9.314E+05  1.241E+06  1.290E+06  1.020E+06
  1.079E+06  1.002E+06  7.432E+05  3.137E+05  2.938E+05  2.782E+05  1.303E+05  5.600E+04  4.877E+04  4.461E+04
  4.462E+04  3.074E+04  0.000E+00  0.000E+00  0.000E+00  1.630E+03  5.473E+04  4.461E+04  3.471E+04  0.000E+00
  0.000E+00  0.000E+00  0.000E+00  0.000E+00  0.000E+00  0.000E+00  0.000E+00  0.000E+00  0.000E+00  0.000E+00
  0.000E+00  0.000E+00  0.000E+00  0.000E+00  0.000E+00  1.871E+04  0.000E+00  0.000E+00  0.000E+00  0.000E+00
  0.000E+00  0.000E+00  0.000E+00  0.000E+00  0.000E+00  0.000E+00  0.000E+00  0.000E+00  0.000E+00  0.000E+00
  0.000E+00  1.424E+04  1.452E+04  0.000E+00  0.000E+00  0.000E+00  0.000E+00  0.000E+00  1.199E+04  3.676E+04
  3.299E+04  7.450E+04  2.670E+03  4.515E+04  6.314E+04  4.487E+04  4.057E+04  7.796E+04  1.308E+05  1.949E+05
  5.708E+04  1.206E+05  1.155E+05  2.788E+05  2.884E+05  4.805E+05  5.484E+05  4.793E+05  5.172E+05  8.973E+05
  7.712E+05  6.937E+05  9.227E+05  8.822E+05  1.027E+06  1.334E+06  1.155E+06  1.420E+06  1.522E+06  1.284E+06
  1.377E+06  1.682E+06  1.752E+06  1.371E+06  1.325E+06  1.409E+06  1.808E+06  1.401E+06  1.233E+06  8.489E+05
  4.053E+05  8.560E+04  9.893E+04  1.061E+05  1.272E+05  6.067E+04  4.460E+04  4.460E+04  7.509E+03  0.000E+00
  0.000E+00  0.000E+00  0.000E+00  0.000E+00  0.000E+00  0.000E+00  0.000E+00  0.000E+00  0.000E+00  0.000E+00
  0.000E+00  0.000E+00  0.000E+00  0.000E+00  0.000E+00  0.000E+00  0.000E+00  0.000E+00  0.000E+00  0.000E+00
  0.000E+00  0.000E+00  0.000E+00  0.000E+00  0.000E+00  1.871E+04  0.000E+00  0.000E+00  2.995E+03  0.000E+00
  0.000E+00  0.000E+00  0.000E+00  0.000E+00  0.000E+00  0.000E+00  0.000E+00  0.000E+00  0.000E+00  0.000E+00
  0.000E+00  2.876E+04  1.229E+04  0.000E+00  5.421E+03  0.000E+00  0.000E+00  8.261E+03  3.318E+04  3.109E+04
  4.768E+04  9.316E+03  4.980E+04  5.429E+04  1.073E+05  1.040E+05  9.140E+04  1.437E+05  1.216E+05  1.696E+04
  2.244E+05  2.613E+05  3.535E+05  2.225E+05  4.506E+05  5.204E+05  3.748E+05  7.020E+05  9.867E+05  8.943E+05
  9.368E+05  9.671E+05  1.090E+06  1.097E+06  1.371E+06  1.353E+06  1.687E+06  1.449E+06  1.467E+06  1.604E+06
  1.737E+06  1.830E+06  1.692E+06  1.558E+06  1.778E+06  1.735E+06  1.118E+06  7.115E+05  2.387E+05  1.728E+05
  1.638E+05  1.116E+05  8.920E+04  6.735E+04  0.000E+00  0.000E+00  0.000E+00  0.000E+00  0.000E+00  0.000E+00
  0.000E+00  0.000E+00  0.000E+00  0.000E+00  0.000E+00  0.000E+00  0.000E+00  0.000E+00  0.000E+00  0.000E+00
  0.000E+00  0.000E+00  0.000E+00  0.000E+00  0.000E+00  0.000E+00  3.967E+04  1.228E+04  0.000E+00  0.000E+00
  0.000E+00  0.000E+00  0.000E+00  0.000E+00  0.000E+00  1.871E+04  0.000E+00  0.000E+00  1.731E+02  9.802E+03
  0.000E+00  0.000E+00  0.000E+00  0.000E+00  0.000E+00  4.398E+03  0.000E+00  0.000E+00  0.000E+00  0.000E+00
  2.575E+04  1.767E+04  4.828E+04  0.000E+00  6.940E+03  0.000E+00  0.000E+00  3.413E+04  1.569E+04  5.326E+04
  3.306E+04  4.814E+04  6.606E+04  9.540E+04  1.302E+05  1.149E+05  1.786E+05  1.980E+05  4.712E+04  1.101E+05
  1.458E+05  2.998E+05  2.736E+05  6.019E+05  6.742E+05  6.163E+05  8.870E+05  9.641E+05  1.022E+06  8.666E+05
  1.093E+06  1.283E+06  1.587E+06  1.539E+06  1.429E+06  1.538E+06  1.559E+06  1.807E+06  1.793E+06  1.933E+06
  1.609E+06  1.670E+06  2.149E+06  2.048E+06  1.274E+06  6.130E+05  2.501E+05  7.062E+04  7.387E+04  4.462E+04
  1.463E+04  0.000E+00  0.000E+00  0.000E+00  0.000E+00  0.000E+00  0.000E+00  0.000E+00  0.000E+00  0.000E+00
  0.000E+00  0.000E+00  0.000E+00  0.000E+00  0.000E+00  0.000E+00  0.000E+00  0.000E+00  0.000E+00  0.000E+00
  0.000E+00  0.000E+00  0.000E+00  0.000E+00  0.000E+00  0.000E+00  0.000E+00  0.000E+00  0.000E+00  0.000E+00
  0.000E+00  0.000E+00  0.000E+00  0.000E+00  0.000E+00  1.795E+04  7.509E+02  0.000E+00  0.000E+00  9.975E+03
  0.000E+00  0.000E+00  0.000E+00  0.000E+00  2.014E+03  1.481E+04  0.000E+00  0.000E+00  0.000E+00  7.958E+03
  2.924E+04  6.487E+04  5.265E+03  0.000E+00  6.940E+03  0.000E+00  1.645E+04  3.891E+04  4.480E+04  1.661E+04
  6.809E+04  4.472E+04  7.541E+04  1.308E+05  1.807E+05  2.262E+05  1.951E+05  1.597E+05  1.666E+05  2.083E+05
  2.396E+05  3.876E+05  7.666E+05  6.495E+05  9.325E+05  1.048E+06  7.653E+05  1.020E+06  1.058E+06  1.388E+06
  1.620E+06  1.546E+06  1.477E+06  1.800E+06  1.923E+06  1.640E+06  1.742E+06  1.813E+06  1.687E+06  1.990E+06
  2.410E+06  2.428E+06  1.746E+06  2.903E+05  5.257E+04  8.714E+03  0.000E+00  0.000E+00  0.000E+00  1.386E+03
  4.471E+04  1.119E+04  0.000E+00  0.000E+00  0.000E+00  0.000E+00  0.000E+00  0.000E+00  0.000E+00  0.000E+00
  0.000E+00  0.000E+00  0.000E+00  0.000E+00  0.000E+00  0.000E+00  0.000E+00  0.000E+00  0.000E+00  0.000E+00
  0.000E+00  0.000E+00  0.000E+00  0.000E+00  0.000E+00  0.000E+00  0.000E+00  0.000E+00  0.000E+00  0.000E+00
  0.000E+00  0.000E+00  0.000E+00  0.000E+00  6.545E+03  1.765E+04  1.126E+04  0.000E+00  0.000E+00  9.975E+03
  0.000E+00  1.213E+04  0.000E+00  0.000E+00  8.513E+03  1.410E+04  0.000E+00  0.000E+00  1.614E+04  2.783E+04
  5.976E+04  2.084E+04  2.727E+04  0.000E+00  6.940E+03  1.080E+04  4.674E+04  5.061E+04  1.948E+03  8.319E+04
  1.262E+05  1.471E+05  1.166E+05  2.387E+05  2.255E+05  1.906E+05  1.647E+05  2.853E+05  3.606E+05  4.697E+05
  5.746E+05  6.418E+05  8.420E+05  1.215E+06  1.087E+06  1.292E+06  1.216E+06  1.292E+06  1.620E+06  1.807E+06
  1.798E+06  1.400E+06  2.024E+06  2.340E+06  1.976E+06  2.126E+06  2.094E+06  2.291E+06  2.645E+06  2.791E+06
  2.403E+06  2.618E+06  1.492E+06  0.000E+00  0.000E+00  0.000E+00  0.000E+00  0.000E+00  0.000E+00  0.000E+00
  0.000E+00  0.000E+00  0.000E+00  0.000E+00  0.000E+00  0.000E+00  0.000E+00  0.000E+00  0.000E+00  0.000E+00
  0.000E+00  0.000E+00  0.000E+00  0.000E+00  0.000E+00  0.000E+00  0.000E+00  0.000E+00  0.000E+00  0.000E+00
  0.000E+00  0.000E+00  0.000E+00  0.000E+00  0.000E+00  0.000E+00  0.000E+00  0.000E+00  0.000E+00  0.000E+00
  0.000E+00  0.000E+00  0.000E+00  0.000E+00  9.253E+03  2.420E+04  2.125E+04  0.000E+00  0.000E+00  9.975E+03
  0.000E+00  1.304E+04  0.000E+00  0.000E+00  2.152E+04  0.000E+00  0.000E+00  0.000E+00  3.750E+04  3.697E+04
  5.673E+04  2.553E+04  3.689E+04  0.000E+00  5.382E+03  8.898E+04  2.672E+04  0.000E+00  8.549E+04  1.440E+05
  9.934E+04  1.758E+05  1.749E+05  2.220E+05  2.352E+05  2.390E+05  4.020E+05  4.057E+05  3.636E+05  6.441E+05
  5.867E+05  9.511E+05  1.128E+06  1.315E+06  1.689E+06  1.410E+06  1.427E+06  1.865E+06  2.031E+06  2.286E+06
  2.029E+06  2.235E+06  2.112E+06  2.021E+06  2.189E+06  2.567E+06  2.731E+06  2.776E+06  2.491E+06  2.373E+06
  2.304E+06  2.217E+06  1.214E+06  0.000E+00  0.000E+00  0.000E+00  0.000E+00  0.000E+00  0.000E+00  0.000E+00
  0.000E+00  0.000E+00  0.000E+00  0.000E+00  0.000E+00  0.000E+00  0.000E+00  0.000E+00  0.000E+00  0.000E+00
  0.000E+00  0.000E+00  0.000E+00  0.000E+00  0.000E+00  0.000E+00  0.000E+00  0.000E+00  0.000E+00  0.000E+00
  0.000E+00  0.000E+00  0.000E+00  0.000E+00  0.000E+00  0.000E+00  0.000E+00  0.000E+00  0.000E+00  0.000E+00
  0.000E+00  0.000E+00  0.000E+00  0.000E+00  7.066E+03  2.647E+04  1.950E+04  0.000E+00  0.000E+00  9.975E+03
  1.246E+04  5.874E+02  0.000E+00  0.000E+00  2.031E+04  1.138E+03  4.207E+03  1.934E+04  4.569E+04  5.428E+04
  2.740E+04  8.784E+04  1.359E+05  6.644E+03  1.446E+05  5.784E+04  5.046E+04  3.512E+04  1.798E+05  1.841E+05
  3.204E+05  2.080E+05  2.820E+05  3.341E+05  3.470E+05  4.600E+05  5.619E+05  6.163E+05  8.278E+05  9.139E+05
  1.220E+06  1.307E+06  1.907E+06  1.977E+06  1.804E+06  1.680E+06  2.281E+06  2.532E+06  2.464E+06  2.204E+06
  2.435E+06  2.378E+06  2.300E+06  2.489E+06  3.097E+06  3.235E+06  2.745E+06  2.456E+06  2.553E+06  2.427E+06
  2.666E+06  2.489E+06  1.519E+06  0.000E+00  0.000E+00  0.000E+00  0.000E+00  0.000E+00  0.000E+00  0.000E+00
  0.000E+00  0.000E+00  0.000E+00  9.289E+03  0.000E+00  0.000E+00  0.000E+00  0.000E+00  0.000E+00  0.000E+00
  0.000E+00  0.000E+00  0.000E+00  0.000E+00  0.000E+00  0.000E+00  0.000E+00  0.000E+00  0.000E+00  0.000E+00
  0.000E+00  0.000E+00  0.000E+00  0.000E+00  0.000E+00  0.000E+00  0.000E+00  0.000E+00  0.000E+00  0.000E+00
  0.000E+00  0.000E+00  0.000E+00  0.000E+00  0.000E+00  2.947E+04  1.830E+04  0.000E+00  0.000E+00  5.970E+03
  6.006E+03  0.000E+00  0.000E+00  0.000E+00  1.364E+04  4.925E+04  3.935E+03  2.921E+04  5.210E+04  4.809E+04
  8.743E+04  1.834E+05  7.442E+04  1.291E+05  7.305E+04  6.481E+04  1.298E+04  7.657E+04  2.561E+05  4.763E+05
  4.176E+05  5.360E+05  3.330E+05  4.073E+05  6.449E+05  8.332E+05  8.823E+05  1.245E+06  1.486E+06  1.456E+06
  1.641E+06  2.611E+06  2.247E+06  2.177E+06  2.394E+06  2.664E+06  2.591E+06  2.570E+06  2.549E+06  2.908E+06
  3.013E+06  3.228E+06  3.815E+06  3.771E+06  3.142E+06  3.025E+06  3.214E+06  3.225E+06  3.531E+06  2.939E+06
  2.779E+06  3.183E+06  1.839E+06  0.000E+00  0.000E+00  0.000E+00  0.000E+00  0.000E+00  0.000E+00  0.000E+00
  0.000E+00  0.000E+00  0.000E+00  0.000E+00  0.000E+00  0.000E+00  0.000E+00  0.000E+00  0.000E+00  0.000E+00
  0.000E+00  0.000E+00  0.000E+00  0.000E+00  0.000E+00  0.000E+00  0.000E+00  0.000E+00  0.000E+00  0.000E+00
  0.000E+00  0.000E+00  0.000E+00  0.000E+00  0.000E+00  0.000E+00  0.000E+00  0.000E+00  0.000E+00  0.000E+00
  0.000E+00  0.000E+00  0.000E+00  0.000E+00  6.267E+02  3.102E+04  1.551E+04  0.000E+00  0.000E+00  0.000E+00
  7.881E+03  0.000E+00  0.000E+00  5.788E+03  1.142E+04  5.626E+04  2.491E+04  5.537E+04  4.826E+04  9.395E+04
  1.383E+05  1.189E+05  1.231E+05  1.030E+05  4.687E+04  7.637E+04  2.045E+05  4.161E+05  4.945E+05  6.377E+05
  5.526E+05  4.318E+05  5.511E+05  7.517E+05  1.023E+06  1.352E+06  1.381E+06  1.695E+06  1.651E+06  2.016E+06
  2.897E+06  2.620E+06  2.861E+06  2.767E+06  2.826E+06  3.420E+06  3.349E+06  3.768E+06  3.698E+06  4.200E+06
  3.977E+06  3.692E+06  3.578E+06  3.760E+06  4.103E+06  3.748E+06  3.608E+06  3.563E+06  2.880E+06  2.986E+06
  2.968E+06  2.636E+06  1.538E+06  0.000E+00  0.000E+00  0.000E+00  0.000E+00  0.000E+00  0.000E+00  0.000E+00
  0.000E+00  0.000E+00  0.000E+00  0.000E+00  0.000E+00  0.000E+00  0.000E+00  0.000E+00  0.000E+00  0.000E+00
  0.000E+00  0.000E+00  0.000E+00  0.000E+00  0.000E+00  0.000E+00  0.000E+00  0.000E+00  0.000E+00  0.000E+00
  0.000E+00  0.000E+00  0.000E+00  0.000E+00  0.000E+00  0.000E+00  0.000E+00  0.000E+00  0.000E+00  0.000E+00
  0.000E+00  0.000E+00  0.000E+00  0.000E+00  6.239E+03  3.036E+04  1.696E+04  0.000E+00  0.000E+00  0.000E+00
  0.000E+00  0.000E+00  0.000E+00  1.364E+04  3.592E+04  3.669E+04  3.852E+04  7.955E+04  7.540E+04  1.771E+05
  1.434E+05  1.460E+05  2.253E+05  1.710E+05  1.456E+05  2.356E+05  4.269E+05  5.978E+05  8.215E+05  5.160E+05
  3.869E+05  7.248E+05  1.001E+06  1.273E+06  1.710E+06  2.144E+06  2.082E+06  2.286E+06  2.939E+06  3.660E+06
  3.495E+06  3.551E+06  3.221E+06  3.797E+06  4.486E+06  4.120E+06  4.432E+06  4.227E+06  4.649E+06  4.225E+06
  3.788E+06  3.763E+06  3.929E+06  4.107E+06  4.131E+06  3.895E+06  3.934E+06  3.318E+06  3.062E+06  3.088E+06
  3.307E+06  3.201E+06  2.016E+06  0.000E+00  0.000E+00  0.000E+00  0.000E+00  0.000E+00  0.000E+00  0.000E+00
  0.000E+00  0.000E+00  0.000E+00  0.000E+00  1.082E+04  2.958E+02  0.000E+00  0.000E+00  0.000E+00  0.000E+00
  0.000E+00  0.000E+00  0.000E+00  3.372E+03  1.081E+04  0.000E+00  0.000E+00  0.000E+00  0.000E+00  0.000E+00
  0.000E+00  0.000E+00  0.000E+00  0.000E+00  0.000E+00  0.000E+00  0.000E+00  0.000E+00  0.000E+00  0.000E+00
  0.000E+00  0.000E+00  0.000E+00  0.000E+00  0.000E+00  4.037E+04  2.019E+04  0.000E+00  0.000E+00  0.000E+00
  0.000E+00  0.000E+00  0.000E+00  2.140E+04  5.973E+04  3.245E+04  5.079E+04  7.900E+04  1.523E+05  1.756E+05
  1.969E+05  2.322E+05  2.740E+05  1.729E+05  2.904E+05  5.483E+05  7.453E+05  8.333E+05  5.738E+05  8.232E+05
  1.072E+06  1.170E+06  1.814E+06  2.220E+06  2.611E+06  2.855E+06  3.491E+06  3.928E+06  4.180E+06  4.701E+06
  4.933E+06  4.805E+06  5.174E+06  4.647E+06  4.423E+06  5.010E+06  5.213E+06  5.354E+06  4.840E+06  4.534E+06
  4.855E+06  4.611E+06  4.891E+06  4.862E+06  4.375E+06  4.053E+06  3.623E+06  3.809E+06  3.940E+06  3.338E+06
  3.123E+06  3.145E+06  1.794E+06  0.000E+00  0.000E+00  0.000E+00  0.000E+00  0.000E+00  0.000E+00  0.000E+00
  0.000E+00  0.000E+00  0.000E+00  0.000E+00  0.000E+00  0.000E+00  0.000E+00  0.000E+00  0.000E+00  0.000E+00
  0.000E+00  0.000E+00  0.000E+00  0.000E+00  0.000E+00  0.000E+00  0.000E+00  0.000E+00  0.000E+00  0.000E+00
  0.000E+00  0.000E+00  0.000E+00  0.000E+00  0.000E+00  0.000E+00  0.000E+00  0.000E+00  0.000E+00  0.000E+00
  0.000E+00  0.000E+00  0.000E+00  0.000E+00  5.763E+03  4.165E+04  2.915E+04  0.000E+00  0.000E+00  0.000E+00
  0.000E+00  0.000E+00  0.000E+00  4.051E+04  7.360E+04  1.878E+04  7.987E+04  1.795E+05  2.585E+05  3.325E+05
  3.411E+05  2.259E+05  2.756E+05  5.217E+05  7.440E+05  8.724E+05  8.388E+05  8.987E+05  1.280E+06  1.275E+06
  2.247E+06  2.852E+06  3.199E+06  3.153E+06  4.143E+06  5.132E+06  5.669E+06  6.088E+06  6.438E+06  5.524E+06
  5.673E+06  6.116E+06  5.135E+06  5.429E+06  6.195E+06  6.330E+06  6.357E+06  5.954E+06  5.848E+06  5.337E+06
  5.144E+06  5.383E+06  4.999E+06  4.363E+06  4.465E+06  4.441E+06  3.993E+06  3.488E+06  2.995E+06  3.125E+06
  3.592E+06  3.157E+06  1.541E+06  0.000E+00  0.000E+00  0.000E+00  0.000E+00  0.000E+00  0.000E+00  0.000E+00
  0.000E+00  0.000E+00  0.000E+00  0.000E+00  0.000E+00  0.000E+00  0.000E+00  0.000E+00  0.000E+00  0.000E+00
  0.000E+00  0.000E+00  0.000E+00  0.000E+00  0.000E+00  0.000E+00  0.000E+00  0.000E+00  0.000E+00  0.000E+00
  3.155E+04  0.000E+00  0.000E+00  0.000E+00  0.000E+00  0.000E+00  0.000E+00  0.000E+00  0.000E+00  0.000E+00
  0.000E+00  0.000E+00  0.000E+00  0.000E+00  5.043E+03  4.448E+04  4.737E+04  0.000E+00  0.000E+00  0.000E+00
  0.000E+00  1.841E+04  1.213E+04  3.993E+04  3.438E+04  7.753E+04  1.570E+05  3.200E+05  4.823E+05  3.487E+05
  3.403E+05  5.022E+05  9.899E+05  9.763E+05  9.935E+05  1.197E+06  1.462E+06  1.959E+06  2.808E+06  3.362E+06
  3.679E+06  4.449E+06  4.983E+06  6.622E+06  6.830E+06  7.150E+06  6.968E+06  7.070E+06  6.717E+06  6.292E+06
  6.613E+06  5.993E+06  6.248E+06  6.374E+06  7.153E+06  6.948E+06  6.992E+06  6.855E+06  6.360E+06  6.332E+06
  5.793E+06  5.307E+06  5.359E+06  5.291E+06  4.699E+06  4.151E+06  4.023E+06  3.556E+06  3.275E+06  3.346E+06
  3.229E+06  3.059E+06  1.313E+06  0.000E+00  0.000E+00  0.000E+00  0.000E+00  0.000E+00  0.000E+00  0.000E+00
  0.000E+00  0.000E+00  0.000E+00  0.000E+00  0.000E+00  0.000E+00  0.000E+00  0.000E+00  0.000E+00  0.000E+00
  0.000E+00  0.000E+00  0.000E+00  0.000E+00  0.000E+00  0.000E+00  0.000E+00  0.000E+00  0.000E+00  0.000E+00
  0.000E+00  0.000E+00  0.000E+00  0.000E+00  0.000E+00  0.000E+00  0.000E+00  0.000E+00  0.000E+00  0.000E+00
  0.000E+00  0.000E+00  0.000E+00  0.000E+00  0.000E+00  4.727E+04  6.766E+04  0.000E+00  0.000E+00  0.000E+00
  1.725E+04  3.676E+04  4.195E+04  1.893E+04  1.041E+05  2.018E+05  3.244E+05  6.369E+05  4.194E+05  5.164E+05
  8.850E+05  1.483E+06  1.365E+06  1.353E+06  1.551E+06  2.215E+06  3.545E+06  4.102E+06  4.611E+06  5.773E+06
  7.771E+06  8.622E+06  8.896E+06  8.673E+06  8.668E+06  8.487E+06  8.738E+06  8.999E+06  8.190E+06  8.028E+06
  7.914E+06  7.883E+06  8.971E+06  8.478E+06  8.006E+06  8.112E+06  7.589E+06  7.014E+06  7.007E+06  6.979E+06
  6.374E+06  6.071E+06  5.672E+06  4.886E+06  4.484E+06  3.762E+06  3.161E+06  2.941E+06  3.006E+06  3.048E+06
  3.103E+06  2.824E+06  1.347E+06  0.000E+00  0.000E+00  0.000E+00  0.000E+00  0.000E+00  0.000E+00  0.000E+00
  0.000E+00  0.000E+00  0.000E+00  0.000E+00  0.000E+00  0.000E+00  0.000E+00  0.000E+00  0.000E+00  0.000E+00
  0.000E+00  0.000E+00  0.000E+00  0.000E+00  0.000E+00  0.000E+00  0.000E+00  0.000E+00  0.000E+00  0.000E+00
  0.000E+00  0.000E+00  0.000E+00  0.000E+00  0.000E+00  0.000E+00  0.000E+00  0.000E+00  0.000E+00  0.000E+00
  0.000E+00  0.000E+00  0.000E+00  0.000E+00  0.000E+00  4.681E+04  7.499E+04  0.000E+00  0.000E+00  0.000E+00
  3.755E+04  1.303E+05  1.050E+05  7.888E+04  3.083E+05  4.071E+05  7.097E+05  5.581E+05  7.226E+05  1.492E+06
  1.735E+06  2.111E+06  2.797E+06  3.284E+06  4.596E+06  5.533E+06  6.303E+06  7.773E+06  9.705E+06  1.080E+07
  1.091E+07  1.078E+07  1.104E+07  1.127E+07  1.127E+07  1.110E+07  1.033E+07  1.012E+07  1.046E+07  9.662E+06
  9.451E+06  9.866E+06  1.019E+07  1.007E+07  9.629E+06  1.000E+07  9.269E+06  8.554E+06  7.393E+06  6.468E+06
  5.689E+06  4.913E+06  4.646E+06  4.622E+06  4.350E+06  4.383E+06  4.451E+06  3.917E+06  3.725E+06  3.184E+06
  2.738E+06  3.056E+06  1.241E+06  0.000E+00  0.000E+00  0.000E+00  0.000E+00  0.000E+00  0.000E+00  0.000E+00
  0.000E+00  0.000E+00  0.000E+00  0.000E+00  0.000E+00  0.000E+00  0.000E+00  0.000E+00  0.000E+00  0.000E+00
  0.000E+00  0.000E+00  0.000E+00  0.000E+00  0.000E+00  0.000E+00  0.000E+00  0.000E+00  0.000E+00  0.000E+00
  0.000E+00  0.000E+00  0.000E+00  0.000E+00  0.000E+00  0.000E+00  0.000E+00  0.000E+00  0.000E+00  0.000E+00
  0.000E+00  0.000E+00  0.000E+00  0.000E+00  1.545E+04  4.939E+04  9.682E+04  0.000E+00  0.000E+00  5.563E+03
  1.093E+05  2.131E+05  5.622E+04  3.229E+05  5.331E+05  8.607E+05  9.190E+05  1.073E+06  1.997E+06  2.647E+06
  3.760E+06  5.130E+06  6.591E+06  7.781E+06  9.362E+06  1.062E+07  1.239E+07  1.406E+07  1.436E+07  1.390E+07
  1.397E+07  1.451E+07  1.377E+07  1.299E+07  1.265E+07  1.252E+07  1.196E+07  1.215E+07  1.236E+07  1.277E+07
  1.296E+07  1.266E+07  1.280E+07  1.175E+07  1.073E+07  9.334E+06  8.354E+06  6.993E+06  6.578E+06  5.811E+06
  5.015E+06  4.381E+06  4.314E+06  3.956E+06  4.242E+06  4.520E+06  3.807E+06  3.670E+06  3.395E+06  3.532E+06
  3.580E+06  3.466E+06  1.496E+06  0.000E+00  3.090E+03  0.000E+00  0.000E+00  0.000E+00  0.000E+00  0.000E+00
  0.000E+00  0.000E+00  0.000E+00  0.000E+00  0.000E+00  0.000E+00  0.000E+00  0.000E+00  0.000E+00  0.000E+00
  0.000E+00  0.000E+00  0.000E+00  0.000E+00  0.000E+00  0.000E+00  0.000E+00  0.000E+00  0.000E+00  0.000E+00
  0.000E+00  0.000E+00  0.000E+00  0.000E+00  0.000E+00  0.000E+00  0.000E+00  0.000E+00  0.000E+00  0.000E+00
  0.000E+00  0.000E+00  0.000E+00  0.000E+00  4.279E+04  1.020E+05  1.592E+05  0.000E+00  1.872E+04  1.445E+05
  2.204E+05  2.929E+05  4.493E+05  7.310E+05  1.115E+06  1.354E+06  2.139E+06  3.833E+06  5.393E+06  7.874E+06
  1.013E+07  1.269E+07  1.440E+07  1.609E+07  1.729E+07  1.788E+07  1.865E+07  1.945E+07  1.896E+07  1.732E+07
  1.619E+07  1.532E+07  1.541E+07  1.574E+07  1.590E+07  1.618E+07  1.619E+07  1.644E+07  1.694E+07  1.676E+07
  1.663E+07  1.487E+07  1.266E+07  1.103E+07  1.011E+07  8.679E+06  7.472E+06  6.794E+06  6.520E+06  6.261E+06
  4.983E+06  4.712E+06  4.655E+06  4.338E+06  4.020E+06  3.759E+06  3.818E+06  3.535E+06  3.467E+06  3.016E+06
  2.874E+06  3.205E+06  1.226E+06  0.000E+00  4.135E+03  0.000E+00  0.000E+00  0.000E+00  0.000E+00  0.000E+00
  0.000E+00  0.000E+00  0.000E+00  0.000E+00  0.000E+00  0.000E+00  0.000E+00  0.000E+00  0.000E+00  0.000E+00
  0.000E+00  0.000E+00  0.000E+00  0.000E+00  0.000E+00  0.000E+00  0.000E+00  0.000E+00  0.000E+00  0.000E+00
  0.000E+00  0.000E+00  0.000E+00  0.000E+00  0.000E+00  0.000E+00  0.000E+00  0.000E+00  0.000E+00  0.000E+00
  0.000E+00  0.000E+00  0.000E+00  0.000E+00  2.317E+04  1.947E+05  2.396E+05  8.045E+03  1.224E+05  4.473E+05
  9.559E+05  1.486E+06  1.948E+06  1.977E+06  2.728E+06  6.121E+06  9.868E+06  1.310E+07  1.745E+07  2.052E+07
  2.210E+07  2.318E+07  2.531E+07  2.684E+07  2.654E+07  2.609E+07  2.501E+07  2.252E+07  2.168E+07  2.154E+07
  2.187E+07  2.289E+07  2.465E+07  2.481E+07  2.427E+07  2.362E+07  2.323E+07  2.272E+07  2.164E+07  1.968E+07
  1.676E+07  1.349E+07  1.199E+07  1.014E+07  8.788E+06  7.019E+06  6.389E+06  5.825E+06  4.411E+06  4.653E+06
  4.658E+06  4.489E+06  3.807E+06  3.594E+06  2.955E+06  2.561E+06  2.458E+06  2.248E+06  2.210E+06  2.676E+06
  2.797E+06  2.484E+06  1.086E+06  0.000E+00  0.000E+00  0.000E+00  3.088E+03  0.000E+00  0.000E+00  0.000E+00
  0.000E+00  0.000E+00  0.000E+00  0.000E+00  0.000E+00  0.000E+00  1.183E+03  0.000E+00  0.000E+00  0.000E+00
  0.000E+00  0.000E+00  0.000E+00  0.000E+00  0.000E+00  0.000E+00  0.000E+00  0.000E+00  0.000E+00  0.000E+00
  0.000E+00  0.000E+00  0.000E+00  0.000E+00  0.000E+00  0.000E+00  0.000E+00  0.000E+00  0.000E+00  0.000E+00
  0.000E+00  0.000E+00  0.000E+00  0.000E+00  3.620E+04  3.465E+05  3.631E+05  2.762E+05  1.795E+06  2.903E+06
  3.551E+06  3.685E+06  5.480E+06  1.635E+07  2.771E+07  3.302E+07  3.683E+07  3.955E+07  4.040E+07  4.057E+07
  4.261E+07  4.363E+07  4.427E+07  4.233E+07  3.916E+07  3.808E+07  3.579E+07  3.568E+07  3.598E+07  3.529E+07
  3.589E+07  3.464E+07  3.312E+07  3.254E+07  3.042E+07  2.885E+07  2.784E+07  2.615E+07  1.378E+07  9.041E+06
  7.324E+06  6.300E+06  5.288E+06  4.863E+06  4.629E+06  4.802E+06  4.220E+06  3.847E+06  3.578E+06  3.462E+06
  3.462E+06  3.320E+06  3.126E+06  2.925E+06  3.004E+06  2.741E+06  2.767E+06  2.644E+06  2.465E+06  2.156E+06
  2.008E+06  2.222E+06  1.049E+06  0.000E+00  0.000E+00  0.000E+00  1.193E+03  0.000E+00  0.000E+00  0.000E+00
  0.000E+00  0.000E+00  0.000E+00  0.000E+00  0.000E+00  0.000E+00  4.957E+03  0.000E+00  0.000E+00  0.000E+00
  0.000E+00  0.000E+00  0.000E+00  0.000E+00  0.000E+00  0.000E+00  0.000E+00  0.000E+00  0.000E+00  0.000E+00
  0.000E+00  0.000E+00  0.000E+00  0.000E+00  0.000E+00  0.000E+00  0.000E+00  0.000E+00  0.000E+00  0.000E+00
  0.000E+00  4.129E+08  4.336E+09  4.336E+09  4.336E+09  4.334E+09  3.124E+09  1.717E+08  1.711E+08  1.708E+08
  1.699E+08  1.680E+08  1.602E+08  1.361E+08  1.124E+08  9.909E+07  9.153E+07  8.544E+07  8.051E+07  7.613E+07
  7.255E+07  6.973E+07  6.683E+07  6.317E+07  6.021E+07  5.778E+07  5.676E+07  5.528E+07  5.329E+07  5.191E+07
  4.979E+07  4.676E+07  4.253E+07  3.802E+07  3.493E+07  3.186E+07  2.949E+07  2.662E+07  1.417E+06  1.924E+05
  7.467E+05  1.165E+06  1.603E+06  2.101E+06  2.581E+06  2.472E+06  2.938E+06  3.198E+06  2.887E+06  2.954E+06
  3.017E+06  2.919E+06  2.939E+06  2.997E+06  2.686E+06  2.666E+06  2.367E+06  2.392E+06  2.628E+06  2.391E+06
  2.049E+06  1.965E+06  8.647E+05  0.000E+00  0.000E+00  0.000E+00  0.000E+00  0.000E+00  0.000E+00  0.000E+00
  1.542E+04  0.000E+00  0.000E+00  0.000E+00  0.000E+00  0.000E+00  0.000E+00  0.000E+00  0.000E+00  0.000E+00
  0.000E+00  0.000E+00  0.000E+00  0.000E+00  0.000E+00  0.000E+00  0.000E+00  0.000E+00  0.000E+00  0.000E+00
  0.000E+00  0.000E+00  0.000E+00  0.000E+00  0.000E+00  0.000E+00  0.000E+00  0.000E+00  0.000E+00  0.000E+00
  0.000E+00  7.550E+08  7.927E+09  7.927E+09  7.927E+09  7.926E+09  5.671E+09  1.745E+08  1.749E+08  1.717E+08
  1.691E+08  1.672E+08  1.703E+08  1.746E+08  1.637E+08  1.508E+08  1.415E+08  1.328E+08  1.215E+08  1.111E+08
  1.035E+08  9.552E+07  8.873E+07  8.236E+07  7.720E+07  7.234E+07  6.906E+07  6.687E+07  6.357E+07  5.865E+07
  5.365E+07  4.867E+07  4.419E+07  4.083E+07  3.614E+07  3.303E+07  3.055E+07  2.900E+07  1.495E+06  0.000E+00
  3.507E+04  9.306E+04  3.058E+05  3.936E+05  8.136E+05  7.666E+05  1.190E+06  1.482E+06  1.668E+06  1.851E+06
  2.064E+06  1.951E+06  1.757E+06  1.914E+06  2.266E+06  2.588E+06  2.619E+06  2.437E+06  1.987E+06  1.852E+06
  2.392E+06  2.350E+06  9.879E+05  0.000E+00  0.000E+00  0.000E+00  0.000E+00  0.000E+00  0.000E+00  0.000E+00
  0.000E+00  0.000E+00  0.000E+00  0.000E+00  0.000E+00  0.000E+00  0.000E+00  0.000E+00  0.000E+00  0.000E+00
  0.000E+00  0.000E+00  0.000E+00  0.000E+00  0.000E+00  0.000E+00  0.000E+00  0.000E+00  0.000E+00  0.000E+00
  0.000E+00  0.000E+00  0.000E+00  0.000E+00  0.000E+00  0.000E+00  0.000E+00  0.000E+00  0.000E+00  0.000E+00
  4.462E+04  7.532E+08  7.908E+09  7.908E+09  7.908E+09  7.907E+09  5.668E+09  1.777E+08  1.737E+08  1.643E+08
  1.546E+08  1.513E+08  1.575E+08  1.806E+08  1.864E+08  1.799E+08  1.730E+08  1.631E+08  1.483E+08  1.361E+08
  1.279E+08  1.182E+08  1.059E+08  9.689E+07  9.120E+07  8.349E+07  7.872E+07  7.289E+07  6.513E+07  5.858E+07
  5.181E+07  4.670E+07  4.398E+07  3.976E+07  3.636E+07  3.307E+07  3.054E+07  2.905E+07  1.298E+06  0.000E+00
  0.000E+00  6.179E+03  7.767E+04  1.720E+05  4.652E+05  7.049E+05  7.696E+05  9.403E+05  9.481E+05  1.229E+06
  1.518E+06  1.794E+06  1.983E+06  1.854E+06  1.669E+06  2.077E+06  2.225E+06  2.480E+06  2.504E+06  2.407E+06
  2.107E+06  2.371E+06  9.313E+05  0.000E+00  0.000E+00  0.000E+00  0.000E+00  0.000E+00  0.000E+00  0.000E+00
  0.000E+00  0.000E+00  0.000E+00  0.000E+00  0.000E+00  0.000E+00  0.000E+00  0.000E+00  0.000E+00  0.000E+00
  0.000E+00  0.000E+00  0.000E+00  0.000E+00  5.073E+03  0.000E+00  0.000E+00  0.000E+00  0.000E+00  0.000E+00
  0.000E+00  0.000E+00  0.000E+00  0.000E+00  0.000E+00  0.000E+00  0.000E+00  0.000E+00  0.000E+00  0.000E+00
  0.000E+00  7.584E+08  7.963E+09  7.963E+09  7.963E+09  7.963E+09  5.672E+09  8.789E+07  9.707E+07  1.100E+08
  1.221E+08  1.323E+08  1.508E+08  1.779E+08  1.853E+08  1.843E+08  1.818E+08  1.761E+08  1.670E+08  1.561E+08
  1.448E+08  1.320E+08  1.204E+08  1.084E+08  9.567E+07  8.226E+07  7.225E+07  6.372E+07  5.577E+07  5.023E+07
  4.661E+07  4.261E+07  3.899E+07  3.659E+07  3.358E+07  3.092E+07  2.837E+07  2.673E+07  1.134E+06  0.000E+00
  0.000E+00  1.958E+03  1.048E+04  1.717E+05  1.378E+05  3.715E+05  6.613E+05  6.887E+05  7.812E+05  1.001E+06
  1.273E+06  1.483E+06  1.574E+06  1.602E+06  1.739E+06  2.085E+06  1.887E+06  1.824E+06  1.876E+06  2.130E+06
  2.179E+06  1.832E+06  6.260E+05  0.000E+00  0.000E+00  0.000E+00  0.000E+00  0.000E+00  0.000E+00  0.000E+00
  0.000E+00  0.000E+00  0.000E+00  0.000E+00  0.000E+00  0.000E+00  0.000E+00  0.000E+00  0.000E+00  0.000E+00
  0.000E+00  0.000E+00  0.000E+00  0.000E+00  0.000E+00  0.000E+00  0.000E+00  0.000E+00  0.000E+00  0.000E+00
  0.000E+00  0.000E+00  0.000E+00  0.000E+00  0.000E+00  0.000E+00  0.000E+00  0.000E+00  0.000E+00  0.000E+00
  0.000E+00  7.559E+08  7.937E+09  7.937E+09  7.938E+09  7.935E+09  5.655E+09  9.420E+07  1.039E+08  1.157E+08
  1.258E+08  1.346E+08  1.510E+08  1.777E+08  1.870E+08  1.849E+08  1.817E+08  1.740E+08  1.660E+08  1.571E+08
  1.437E+08  1.321E+08  1.187E+08  1.084E+08  9.633E+07  8.374E+07  7.305E+07  6.528E+07  5.787E+07  5.140E+07
  4.522E+07  4.053E+07  3.707E+07  3.394E+07  3.230E+07  3.093E+07  2.952E+07  2.671E+07  1.102E+06  9.637E+03
  0.000E+00  0.000E+00  5.076E+04  1.624E+05  2.246E+05  2.671E+05  6.143E+05  9.190E+05  1.018E+06  1.315E+06
  1.553E+06  1.927E+06  1.841E+06  1.805E+06  2.011E+06  2.102E+06  2.186E+06  1.772E+06  2.081E+06  2.197E+06
  1.709E+06  1.758E+06  7.345E+05  0.000E+00  0.000E+00  0.000E+00  0.000E+00  0.000E+00  0.000E+00  0.000E+00
  0.000E+00  0.000E+00  0.000E+00  0.000E+00  0.000E+00  0.000E+00  0.000E+00  0.000E+00  7.705E+03  0.000E+00
  0.000E+00  0.000E+00  0.000E+00  0.000E+00  0.000E+00  0.000E+00  0.000E+00  0.000E+00  0.000E+00  0.000E+00
  0.000E+00  0.000E+00  0.000E+00  0.000E+00  0.000E+00  0.000E+00  0.000E+00  0.000E+00  0.000E+00  0.000E+00
  1.093E+04  7.570E+08  7.948E+09  7.948E+09  7.948E+09  7.944E+09  5.685E+09  1.788E+08  1.749E+08  1.660E+08
  1.576E+08  1.553E+08  1.612E+08  1.822E+08  1.851E+08  1.789E+08  1.694E+08  1.622E+08  1.517E+08  1.422E+08
  1.311E+08  1.203E+08  1.118E+08  1.022E+08  9.415E+07  8.725E+07  7.926E+07  7.138E+07  6.428E+07  5.693E+07
  5.213E+07  4.775E+07  4.457E+07  4.083E+07  3.761E+07  3.377E+07  2.975E+07  2.765E+07  1.343E+06  0.000E+00
  0.000E+00  8.814E+04  1.573E+05  2.248E+05  2.571E+05  2.495E+05  7.289E+05  1.147E+06  1.283E+06  1.499E+06
  1.463E+06  1.682E+06  1.759E+06  1.661E+06  1.411E+06  1.442E+06  1.668E+06  1.642E+06  1.830E+06  2.053E+06
  2.315E+06  2.059E+06  8.852E+05  0.000E+00  0.000E+00  0.000E+00  0.000E+00  0.000E+00  0.000E+00  0.000E+00
  0.000E+00  0.000E+00  0.000E+00  0.000E+00  0.000E+00  0.000E+00  0.000E+00  0.000E+00  0.000E+00  0.000E+00
  4.294E+03  0.000E+00  0.000E+00  0.000E+00  0.000E+00  0.000E+00  0.000E+00  0.000E+00  0.000E+00  0.000E+00
  0.000E+00  0.000E+00  0.000E+00  0.000E+00  0.000E+00  0.000E+00  0.000E+00  0.000E+00  0.000E+00  0.000E+00
  0.000E+00  7.539E+08  7.916E+09  7.916E+09  7.916E+09  7.924E+09  5.675E+09  1.748E+08  1.739E+08  1.711E+08
  1.674E+08  1.652E+08  1.667E+08  1.737E+08  1.653E+08  1.544E+08  1.451E+08  1.340E+08  1.266E+08  1.167E+08
  1.086E+08  9.989E+07  9.101E+07  8.553E+07  7.838E+07  7.242E+07  6.940E+07  6.681E+07  6.532E+07  6.174E+07
  5.483E+07  4.882E+07  4.430E+07  4.121E+07  3.824E+07  3.466E+07  3.194E+07  2.876E+07  1.463E+06  3.403E+03
  1.222E+05  2.073E+05  4.213E+05  5.962E+05  1.040E+06  1.382E+06  1.788E+06  1.749E+06  1.535E+06  1.702E+06
  1.927E+06  2.043E+06  2.096E+06  2.475E+06  2.579E+06  2.288E+06  1.963E+06  2.176E+06  2.185E+06  2.254E+06
  2.217E+06  2.191E+06  8.582E+05  0.000E+00  0.000E+00  0.000E+00  0.000E+00  0.000E+00  0.000E+00  0.000E+00
  0.000E+00  0.000E+00  0.000E+00  0.000E+00  0.000E+00  0.000E+00  0.000E+00  0.000E+00  0.000E+00  0.000E+00
  0.000E+00  0.000E+00  0.000E+00  0.000E+00  0.000E+00  0.000E+00  0.000E+00  0.000E+00  0.000E+00  0.000E+00
  0.000E+00  0.000E+00  0.000E+00  0.000E+00  0.000E+00  0.000E+00  0.000E+00  0.000E+00  0.000E+00  0.000E+00
  1.096E+03  4.131E+08  4.338E+09  4.338E+09  4.338E+09  4.338E+09  3.127E+09  1.720E+08  1.705E+08  1.671E+08
  1.659E+08  1.654E+08  1.611E+08  1.377E+08  1.146E+08  1.006E+08  9.217E+07  8.557E+07  7.946E+07  7.730E+07
  7.502E+07  7.162E+07  6.678E+07  6.392E+07  6.205E+07  6.010E+07  5.592E+07  5.255E+07  5.046E+07  4.955E+07
  4.787E+07  4.502E+07  4.315E+07  4.049E+07  3.815E+07  3.562E+07  3.275E+07  3.004E+07  1.622E+06  2.196E+05
  5.434E+05  1.055E+06  1.670E+06  2.068E+06  2.579E+06  2.841E+06  3.080E+06  2.821E+06  3.259E+06  3.204E+06
  3.198E+06  2.713E+06  2.810E+06  2.881E+06  2.866E+06  2.686E+06  2.988E+06  2.801E+06  2.567E+06  2.525E+06
  2.548E+06  2.685E+06  1.156E+06  0.000E+00  0.000E+00  0.000E+00  0.000E+00  0.000E+00  0.000E+00  0.000E+00
  0.000E+00  0.000E+00  0.000E+00  0.000E+00  0.000E+00  0.000E+00  0.000E+00  0.000E+00  0.000E+00  0.000E+00
  0.000E+00  0.000E+00  0.000E+00  0.000E+00  0.000E+00  0.000E+00  0.000E+00  0.000E+00  0.000E+00  0.000E+00
  0.000E+00  0.000E+00  0.000E+00  0.000E+00  0.000E+00  0.000E+00  0.000E+00  0.000E+00  0.000E+00  0.000E+00
  0.000E+00  0.000E+00  0.000E+00  1.969E+04  7.342E+04  4.033E+05  2.517E+05  2.739E+05  1.623E+06  2.717E+06
  3.329E+06  3.635E+06  5.436E+06  1.699E+07  2.875E+07  3.519E+07  3.876E+07  3.981E+07  4.285E+07  4.376E+07
  4.390E+07  4.525E+07  4.727E+07  4.475E+07  4.166E+07  3.860E+07  3.798E+07  3.710E+07  3.693E+07  3.535E+07
  3.371E+07  3.327E+07  3.298E+07  3.092E+07  2.961E+07  2.882E+07  2.888E+07  2.747E+07  1.307E+07  8.040E+06
  6.781E+06  6.418E+06  5.499E+06  5.067E+06  5.052E+06  5.041E+06  4.411E+06  4.084E+06  4.309E+06  3.952E+06
  3.694E+06  3.019E+06  3.064E+06  3.315E+06  3.249E+06  3.162E+06  3.109E+06  3.017E+06  2.452E+06  2.189E+06
  2.108E+06  2.244E+06  9.566E+05  0.000E+00  0.000E+00  0.000E+00  0.000E+00  0.000E+00  0.000E+00  0.000E+00
  0.000E+00  0.000E+00  0.000E+00  0.000E+00  0.000E+00  0.000E+00  0.000E+00  0.000E+00  0.000E+00  0.000E+00
  0.000E+00  0.000E+00  0.000E+00  0.000E+00  0.000E+00  0.000E+00  0.000E+00  0.000E+00  0.000E+00  0.000E+00
  0.000E+00  0.000E+00  0.000E+00  0.000E+00  0.000E+00  0.000E+00  0.000E+00  0.000E+00  0.000E+00  0.000E+00
  0.000E+00  2.240E+03  0.000E+00  4.897E+03  8.299E+04  2.341E+05  1.971E+05  6.468E+04  2.272E+05  3.710E+05
  7.132E+05  1.072E+06  1.598E+06  1.832E+06  2.478E+06  6.056E+06  9.790E+06  1.360E+07  1.700E+07  2.156E+07
  2.425E+07  2.530E+07  2.547E+07  2.721E+07  2.883E+07  2.836E+07  2.667E+07  2.432E+07  2.405E+07  2.357E+07
  2.439E+07  2.444E+07  2.371E+07  2.319E+07  2.299E+07  2.291E+07  2.101E+07  2.040E+07  2.076E+07  2.004E+07
  1.495E+07  1.215E+07  1.069E+07  9.146E+06  7.230E+06  6.194E+06  5.581E+06  5.650E+06  4.912E+06  4.714E+06
  4.076E+06  3.981E+06  3.846E+06  2.949E+06  2.493E+06  2.735E+06  2.669E+06  2.603E+06  2.511E+06  2.348E+06
  2.539E+06  2.610E+06  1.081E+06  0.000E+00  0.000E+00  0.000E+00  0.000E+00  0.000E+00  0.000E+00  0.000E+00
  0.000E+00  0.000E+00  0.000E+00  0.000E+00  0.000E+00  0.000E+00  0.000E+00  0.000E+00  0.000E+00  0.000E+00
  0.000E+00  0.000E+00  0.000E+00  0.000E+00  0.000E+00  0.000E+00  0.000E+00  0.000E+00  0.000E+00  0.000E+00
  0.000E+00  0.000E+00  0.000E+00  0.000E+00  0.000E+00  0.000E+00  0.000E+00  0.000E+00  0.000E+00  0.000E+00
  4.168E+04  6.884E+03  3.594E+03  8.513E+04  5.308E+04  1.658E+05  1.529E+05  1.502E+04  6.466E+04  1.765E+05
  1.460E+05  3.259E+05  4.789E+05  4.759E+05  1.039E+06  1.266E+06  2.254E+06  3.875E+06  5.478E+06  7.372E+06
  9.388E+06  1.186E+07  1.453E+07  1.640E+07  1.679E+07  1.910E+07  2.009E+07  1.910E+07  1.759E+07  1.680E+07
  1.604E+07  1.600E+07  1.691E+07  1.819E+07  1.761E+07  1.736E+07  1.829E+07  1.867E+07  1.769E+07  1.659E+07
  1.606E+07  1.491E+07  1.301E+07  1.126E+07  1.055E+07  8.797E+06  8.234E+06  7.006E+06  5.653E+06  5.390E+06
  4.922E+06  4.098E+06  4.012E+06  3.689E+06  3.474E+06  3.103E+06  3.021E+06  3.178E+06  3.466E+06  3.195E+06
  3.000E+06  2.860E+06  1.221E+06  0.000E+00  0.000E+00  0.000E+00  0.000E+00  0.000E+00  0.000E+00  0.000E+00
  0.000E+00  0.000E+00  0.000E+00  0.000E+00  0.000E+00  0.000E+00  0.000E+00  0.000E+00  0.000E+00  0.000E+00
  0.000E+00  0.000E+00  0.000E+00  0.000E+00  0.000E+00  0.000E+00  0.000E+00  0.000E+00  0.000E+00  0.000E+00
  0.000E+00  1.238E+04  4.226E+04  0.000E+00  0.000E+00  0.000E+00  0.000E+00  0.000E+00  0.000E+00  0.000E+00
  3.333E+03  3.227E+03  1.085E+04  9.945E+00  3.432E+04  1.128E+05  8.324E+04  1.245E+04  3.352E+04  1.159E+05
  9.869E+04  1.020E+05  1.734E+05  3.238E+05  4.580E+05  6.140E+05  7.662E+05  1.454E+06  2.337E+06  2.963E+06
  3.780E+06  4.830E+06  6.279E+06  8.200E+06  1.016E+07  1.080E+07  1.272E+07  1.488E+07  1.590E+07  1.533E+07
  1.372E+07  1.280E+07  1.203E+07  1.181E+07  1.343E+07  1.253E+07  1.182E+07  1.238E+07  1.354E+07  1.451E+07
  1.404E+07  1.311E+07  1.138E+07  1.146E+07  1.022E+07  8.569E+06  7.289E+06  6.586E+06  6.446E+06  6.545E+06
  6.320E+06  5.639E+06  5.225E+06  4.555E+06  4.245E+06  3.902E+06  3.539E+06  3.482E+06  3.711E+06  3.413E+06
  2.971E+06  2.391E+06  1.221E+06  0.000E+00  0.000E+00  0.000E+00  0.000E+00  0.000E+00  0.000E+00  0.000E+00
  0.000E+00  0.000E+00  0.000E+00  0.000E+00  0.000E+00  0.000E+00  0.000E+00  0.000E+00  0.000E+00  0.000E+00
  0.000E+00  0.000E+00  0.000E+00  0.000E+00  0.000E+00  0.000E+00  0.000E+00  0.000E+00  0.000E+00  0.000E+00
  0.000E+00  0.000E+00  0.000E+00  0.000E+00  0.000E+00  0.000E+00  0.000E+00  0.000E+00  0.000E+00  0.000E+00
  0.000E+00  0.000E+00  0.000E+00  0.000E+00  2.308E+04  9.075E+04  7.186E+04  3.543E+03  9.654E+03  9.112E+03
  1.533E+05  6.631E+04  8.569E+04  1.973E+05  2.851E+05  4.390E+05  4.804E+05  4.983E+05  6.164E+05  9.469E+05
  1.586E+06  1.925E+06  2.454E+06  3.671E+06  5.019E+06  6.028E+06  6.688E+06  8.579E+06  1.001E+07  1.177E+07
  1.252E+07  1.181E+07  1.110E+07  1.039E+07  9.163E+06  9.195E+06  9.278E+06  9.320E+06  8.858E+06  9.293E+06
  1.028E+07  9.113E+06  9.189E+06  9.954E+06  9.360E+06  8.625E+06  8.567E+06  8.027E+06  6.624E+06  6.397E+06
  6.203E+06  5.647E+06  5.207E+06  5.306E+06  4.976E+06  4.982E+06  4.772E+06  4.153E+06  3.702E+06  3.402E+06
  3.047E+06  3.331E+06  1.425E+06  0.000E+00  0.000E+00  0.000E+00  0.000E+00  0.000E+00  0.000E+00  0.000E+00
  0.000E+00  0.000E+00  0.000E+00  0.000E+00  0.000E+00  0.000E+00  0.000E+00  0.000E+00  0.000E+00  0.000E+00
  0.000E+00  0.000E+00  0.000E+00  0.000E+00  0.000E+00  0.000E+00  0.000E+00  0.000E+00  0.000E+00  4.254E+03
  0.000E+00  0.000E+00  0.000E+00  0.000E+00  0.000E+00  0.000E+00  0.000E+00  0.000E+00  0.000E+00  0.000E+00
  0.000E+00  0.000E+00  0.000E+00  0.000E+00  3.857E+04  8.708E+04  4.450E+04  0.000E+00  0.000E+00  0.000E+00
  4.008E+04  8.091E+04  5.020E+04  1.485E+05  1.657E+05  2.759E+05  3.313E+05  3.883E+05  4.974E+05  4.679E+05
  5.554E+05  9.717E+05  1.249E+06  1.225E+06  1.751E+06  2.709E+06  3.842E+06  4.743E+06  5.985E+06  7.009E+06
  8.602E+06  9.498E+06  9.781E+06  9.040E+06  8.143E+06  7.851E+06  8.118E+06  7.849E+06  8.216E+06  7.892E+06
  7.759E+06  8.413E+06  8.120E+06  7.553E+06  7.784E+06  8.262E+06  7.624E+06  7.721E+06  7.675E+06  7.377E+06
  6.268E+06  6.498E+06  5.692E+06  4.787E+06  3.640E+06  3.625E+06  3.726E+06  3.659E+06  4.124E+06  4.166E+06
  3.811E+06  3.331E+06  1.462E+06  0.000E+00  0.000E+00  5.625E+03  0.000E+00  0.000E+00  0.000E+00  0.000E+00
  0.000E+00  0.000E+00  0.000E+00  0.000E+00  0.000E+00  0.000E+00  0.000E+00  0.000E+00  0.000E+00  0.000E+00
  0.000E+00  0.000E+00  0.000E+00  0.000E+00  0.000E+00  0.000E+00  0.000E+00  0.000E+00  0.000E+00  0.000E+00
  0.000E+00  0.000E+00  0.000E+00  0.000E+00  0.000E+00  0.000E+00  0.000E+00  0.000E+00  0.000E+00  0.000E+00
  0.000E+00  0.000E+00  0.000E+00  0.000E+00  4.845E+03  5.081E+04  3.949E+04  0.000E+00  0.000E+00  0.000E+00
  1.357E+03  3.619E+04  2.695E+04  3.093E+04  1.665E+05  1.707E+05  3.115E+05  1.785E+05  3.561E+05  4.058E+05
  5.171E+05  5.766E+05  6.218E+05  8.464E+05  1.134E+06  9.780E+05  1.226E+06  1.939E+06  2.875E+06  3.894E+06
  5.006E+06  6.156E+06  6.846E+06  7.766E+06  8.410E+06  7.959E+06  6.630E+06  7.088E+06  6.778E+06  7.278E+06
  7.295E+06  6.866E+06  7.015E+06  6.813E+06  6.574E+06  7.043E+06  7.181E+06  6.536E+06  6.376E+06  5.719E+06
  5.563E+06  5.281E+06  4.831E+06  4.696E+06  4.562E+06  4.578E+06  4.254E+06  3.678E+06  3.338E+06  3.248E+06
  3.141E+06  3.337E+06  1.583E+06  0.000E+00  0.000E+00  0.000E+00  0.000E+00  0.000E+00  0.000E+00  0.000E+00
  0.000E+00  0.000E+00  0.000E+00  0.000E+00  0.000E+00  0.000E+00  0.000E+00  0.000E+00  0.000E+00  0.000E+00
  0.000E+00  0.000E+00  0.000E+00  0.000E+00  0.000E+00  0.000E+00  0.000E+00  0.000E+00  0.000E+00  0.000E+00
  0.000E+00  0.000E+00  0.000E+00  0.000E+00  0.000E+00  0.000E+00  0.000E+00  0.000E+00  0.000E+00  0.000E+00
  0.000E+00  0.000E+00  0.000E+00  0.000E+00  0.000E+00  3.040E+04  3.572E+04  0.000E+00  0.000E+00  0.000E+00
  0.000E+00  7.341E+03  0.000E+00  3.452E+04  3.983E+04  1.341E+05  1.624E+05  1.529E+05  2.299E+05  2.278E+05
  2.922E+05  4.372E+05  6.097E+05  5.094E+05  5.811E+05  9.525E+05  9.815E+05  9.898E+05  1.044E+06  1.431E+06
  2.200E+06  3.493E+06  4.135E+06  4.823E+06  5.442E+06  5.884E+06  6.965E+06  6.737E+06  6.630E+06  5.853E+06
  5.901E+06  6.097E+06  5.932E+06  6.099E+06  6.298E+06  6.031E+06  6.275E+06  6.280E+06  6.603E+06  5.789E+06
  4.878E+06  4.138E+06  4.412E+06  4.496E+06  4.303E+06  3.543E+06  3.339E+06  3.579E+06  3.710E+06  3.145E+06
  2.800E+06  2.747E+06  1.207E+06  0.000E+00  0.000E+00  0.000E+00  0.000E+00  0.000E+00  0.000E+00  0.000E+00
  0.000E+00  0.000E+00  0.000E+00  0.000E+00  0.000E+00  0.000E+00  0.000E+00  0.000E+00  0.000E+00  0.000E+00
  0.000E+00  0.000E+00  0.000E+00  0.000E+00  0.000E+00  0.000E+00  0.000E+00  0.000E+00  0.000E+00  0.000E+00
  0.000E+00  0.000E+00  0.000E+00  0.000E+00  0.000E+00  0.000E+00  0.000E+00  0.000E+00  0.000E+00  0.000E+00
  0.000E+00  0.000E+00  0.000E+00  0.000E+00  0.000E+00  2.448E+04  1.579E+04  0.000E+00  0.000E+00  0.000E+00
  0.000E+00  0.000E+00  0.000E+00  0.000E+00  4.816E+04  2.536E+04  1.250E+05  2.034E+05  9.150E+04  1.839E+05
  1.146E+05  1.696E+05  2.462E+05  3.970E+05  5.935E+05  3.928E+05  6.192E+05  7.769E+05  6.735E+05  8.368E+05
  1.140E+06  1.310E+06  2.250E+06  2.907E+06  3.215E+06  3.646E+06  4.243E+06  4.966E+06  5.393E+06  5.720E+06
  5.130E+06  5.189E+06  5.588E+06  5.019E+06  5.356E+06  6.028E+06  5.687E+06  5.834E+06  5.474E+06  5.063E+06
  5.010E+06  4.759E+06  4.001E+06  3.676E+06  3.677E+06  4.176E+06  4.463E+06  4.128E+06  3.937E+06  3.322E+06
  2.764E+06  2.393E+06  5.377E+05  0.000E+00  0.000E+00  0.000E+00  0.000E+00  0.000E+00  0.000E+00  0.000E+00
  0.000E+00  0.000E+00  0.000E+00  0.000E+00  0.000E+00  0.000E+00  0.000E+00  0.000E+00  0.000E+00  0.000E+00
  0.000E+00  0.000E+00  0.000E+00  0.000E+00  0.000E+00  0.000E+00  0.000E+00  0.000E+00  0.000E+00  0.000E+00
  0.000E+00  0.000E+00  0.000E+00  0.000E+00  0.000E+00  0.000E+00  0.000E+00  0.000E+00  0.000E+00  0.000E+00
  0.000E+00  0.000E+00  0.000E+00  0.000E+00  4.436E+03  1.594E+04  1.794E+04  0.000E+00  0.000E+00  0.000E+00
  0.000E+00  0.000E+00  0.000E+00  0.000E+00  1.202E+04  3.148E+04  5.845E+04  9.447E+04  1.832E+05  7.101E+04
  1.255E+05  1.662E+05  7.633E+04  1.067E+05  3.358E+05  6.465E+05  4.746E+05  4.996E+05  6.230E+05  4.508E+05
  5.654E+05  9.489E+05  1.048E+06  1.225E+06  2.068E+06  2.567E+06  2.953E+06  3.317E+06  3.408E+06  4.204E+06
  4.418E+06  3.842E+06  3.514E+06  4.420E+06  4.465E+06  4.551E+06  4.801E+06  4.922E+06  4.609E+06  5.184E+06
  5.071E+06  4.532E+06  4.617E+06  3.894E+06  3.758E+06  3.977E+06  3.585E+06  3.363E+06  3.457E+06  3.795E+06
  3.647E+06  3.113E+06  2.974E+05  0.000E+00  0.000E+00  0.000E+00  0.000E+00  0.000E+00  0.000E+00  0.000E+00
  0.000E+00  0.000E+00  0.000E+00  0.000E+00  0.000E+00  0.000E+00  0.000E+00  0.000E+00  0.000E+00  0.000E+00
  0.000E+00  0.000E+00  0.000E+00  0.000E+00  0.000E+00  0.000E+00  0.000E+00  0.000E+00  0.000E+00  0.000E+00
  0.000E+00  0.000E+00  0.000E+00  0.000E+00  0.000E+00  0.000E+00  2.392E+03  4.470E+04  1.712E+04  0.000E+00
  0.000E+00  0.000E+00  0.000E+00  0.000E+00  1.322E+03  1.990E+04  1.263E+04  0.000E+00  0.000E+00  0.000E+00
  0.000E+00  0.000E+00  0.000E+00  0.000E+00  0.000E+00  1.052E+04  5.725E+04  4.293E+04  1.144E+05  9.012E+04
  8.488E+04  1.293E+05  1.480E+05  8.234E+03  3.022E+04  1.343E+05  4.208E+05  4.304E+05  3.875E+05  4.639E+05
  3.372E+05  3.632E+05  4.567E+05  9.454E+05  6.543E+05  1.117E+06  1.959E+06  2.391E+06  2.722E+06  2.770E+06
  3.141E+06  3.418E+06  3.709E+06  3.311E+06  3.395E+06  4.323E+06  4.121E+06  3.599E+06  4.318E+06  4.064E+06
  4.041E+06  4.111E+06  3.283E+06  3.509E+06  3.294E+06  2.853E+06  3.078E+06  3.051E+06  2.821E+06  2.725E+06
  3.008E+06  2.943E+06  1.046E+05  0.000E+00  0.000E+00  0.000E+00  0.000E+00  0.000E+00  0.000E+00  0.000E+00
  0.000E+00  0.000E+00  0.000E+00  0.000E+00  0.000E+00  0.000E+00  0.000E+00  0.000E+00  0.000E+00  0.000E+00
  0.000E+00  0.000E+00  0.000E+00  0.000E+00  0.000E+00  0.000E+00  0.000E+00  0.000E+00  0.000E+00  0.000E+00
  0.000E+00  0.000E+00  0.000E+00  0.000E+00  0.000E+00  0.000E+00  0.000E+00  0.000E+00  0.000E+00  0.000E+00
  0.000E+00  0.000E+00  0.000E+00  0.000E+00  6.573E+03  1.713E+04  1.263E+04  0.000E+00  0.000E+00  0.000E+00
  0.000E+00  0.000E+00  0.000E+00  0.000E+00  0.000E+00  0.000E+00  4.303E+04  4.165E+04  4.092E+04  9.609E+04
  6.886E+04  1.033E+05  1.205E+05  1.040E+05  3.161E+04  6.887E+04  7.446E+04  2.072E+05  3.339E+05  3.541E+05
  4.829E+05  3.578E+05  3.953E+05  2.214E+05  6.585E+05  7.820E+05  7.796E+05  1.344E+06  1.637E+06  1.925E+06
  2.196E+06  2.500E+06  2.610E+06  3.066E+06  2.718E+06  2.946E+06  3.247E+06  3.153E+06  2.874E+06  3.089E+06
  3.389E+06  3.661E+06  3.764E+06  3.860E+06  3.492E+06  3.300E+06  2.737E+06  2.165E+06  2.437E+06  2.196E+06
  2.347E+06  2.411E+06  0.000E+00  0.000E+00  0.000E+00  0.000E+00  0.000E+00  0.000E+00  0.000E+00  0.000E+00
  0.000E+00  0.000E+00  0.000E+00  0.000E+00  0.000E+00  0.000E+00  0.000E+00  0.000E+00  0.000E+00  0.000E+00
  0.000E+00  0.000E+00  0.000E+00  0.000E+00  0.000E+00  0.000E+00  0.000E+00  0.000E+00  0.000E+00  0.000E+00
  0.000E+00  0.000E+00  0.000E+00  0.000E+00  0.000E+00  0.000E+00  0.000E+00  0.000E+00  0.000E+00  0.000E+00
  0.000E+00  0.000E+00  0.000E+00  0.000E+00  6.091E+03  1.587E+04  9.263E+03  0.000E+00  0.000E+00  0.000E+00
  0.000E+00  0.000E+00  0.000E+00  0.000E+00  0.000E+00  0.000E+00  1.647E+04  3.349E+04  5.964E+04  7.084E+04
  4.248E+04  7.610E+04  2.616E+04  1.798E+04  3.062E+04  8.270E+04  1.172E+04  2.881E+04  1.586E+05  2.521E+05
  1.426E+05  3.954E+05  2.856E+05  3.427E+05  2.362E+05  2.768E+05  5.688E+05  6.177E+05  9.664E+05  1.173E+06
  1.597E+06  1.536E+06  1.727E+06  2.248E+06  2.456E+06  2.360E+06  2.681E+06  2.598E+06  2.516E+06  2.453E+06
  2.406E+06  2.767E+06  2.954E+06  3.357E+06  3.580E+06  3.102E+06  2.934E+06  3.157E+06  2.347E+06  2.362E+06
  2.271E+06  1.674E+06  0.000E+00  0.000E+00  0.000E+00  0.000E+00  0.000E+00  0.000E+00  0.000E+00  0.000E+00
  0.000E+00  0.000E+00  0.000E+00  0.000E+00  0.000E+00  0.000E+00  0.000E+00  0.000E+00  0.000E+00  0.000E+00
  0.000E+00  0.000E+00  0.000E+00  0.000E+00  0.000E+00  0.000E+00  0.000E+00  0.000E+00  0.000E+00  0.000E+00
  0.000E+00  0.000E+00  0.000E+00  0.000E+00  0.000E+00  0.000E+00  0.000E+00  0.000E+00  0.000E+00  0.000E+00
  0.000E+00  0.000E+00  0.000E+00  0.000E+00  0.000E+00  2.789E+04  0.000E+00  0.000E+00  0.000E+00  0.000E+00
  0.000E+00  0.000E+00  0.000E+00  0.000E+00  0.000E+00  0.000E+00  2.164E+03  3.219E+04  4.193E+04  4.370E+04
  8.658E+04  6.727E+04  3.426E+04  0.000E+00  2.743E+02  2.374E+04  1.628E+04  0.000E+00  3.371E+04  1.372E+05
  2.169E+05  1.499E+05  2.870E+05  1.994E+05  2.391E+05  3.031E+05  2.295E+05  3.253E+05  5.591E+05  7.995E+05
  8.847E+05  1.220E+06  1.387E+06  1.457E+06  1.587E+06  1.693E+06  2.178E+06  2.307E+06  2.109E+06  2.247E+06
  2.478E+06  2.187E+06  2.457E+06  2.515E+06  2.408E+06  2.809E+06  2.579E+06  2.335E+06  2.391E+06  2.441E+06
  2.072E+06  1.562E+06  0.000E+00  0.000E+00  0.000E+00  0.000E+00  0.000E+00  0.000E+00  0.000E+00  0.000E+00
  0.000E+00  0.000E+00  0.000E+00  0.000E+00  0.000E+00  0.000E+00  0.000E+00  0.000E+00  0.000E+00  0.000E+00
  0.000E+00  0.000E+00  0.000E+00  0.000E+00  0.000E+00  0.000E+00  0.000E+00  0.000E+00  0.000E+00  0.000E+00
  0.000E+00  0.000E+00  0.000E+00  0.000E+00  0.000E+00  0.000E+00  0.000E+00  0.000E+00  0.000E+00  0.000E+00
  0.000E+00  0.000E+00  0.000E+00  0.000E+00  0.000E+00  3.729E+04  0.000E+00  0.000E+00  4.699E+03  0.000E+00
  0.000E+00  0.000E+00  0.000E+00  0.000E+00  0.000E+00  0.000E+00  0.000E+00  1.468E+04  3.740E+04  4.249E+04
  4.003E+04  7.919E+04  7.251E+04  0.000E+00  8.328E+02  2.147E+04  1.285E+04  0.000E+00  0.000E+00  3.236E+04
  9.023E+04  1.808E+05  2.005E+05  2.245E+05  1.924E+05  2.132E+05  3.029E+05  3.661E+05  2.835E+05  5.166E+05
  5.696E+05  6.765E+05  8.667E+05  1.099E+06  1.227E+06  1.214E+06  1.521E+06  1.933E+06  2.071E+06  1.764E+06
  1.996E+06  2.475E+06  1.959E+06  2.394E+06  2.387E+06  2.228E+06  2.260E+06  2.707E+06  2.503E+06  2.163E+06
  2.460E+06  1.408E+06  0.000E+00  0.000E+00  0.000E+00  0.000E+00  0.000E+00  0.000E+00  0.000E+00  0.000E+00
  0.000E+00  0.000E+00  0.000E+00  0.000E+00  0.000E+00  0.000E+00  0.000E+00  0.000E+00  0.000E+00  0.000E+00
  0.000E+00  0.000E+00  0.000E+00  0.000E+00  0.000E+00  0.000E+00  0.000E+00  0.000E+00  0.000E+00  0.000E+00
  0.000E+00  0.000E+00  0.000E+00  0.000E+00  0.000E+00  0.000E+00  0.000E+00  0.000E+00  0.000E+00  0.000E+00
  0.000E+00  0.000E+00  0.000E+00  0.000E+00  0.000E+00  3.807E+04  0.000E+00  0.000E+00  1.006E+04  0.000E+00
  0.000E+00  0.000E+00  0.000E+00  0.000E+00  0.000E+00  0.000E+00  0.000E+00  1.468E+04  1.056E+04  4.207E+04
  2.188E+04  9.380E+04  2.602E+04  0.000E+00  0.000E+00  2.231E+04  1.699E+04  0.000E+00  0.000E+00  1.565E+04
  5.556E+04  6.586E+04  9.409E+04  1.365E+05  1.750E+05  1.505E+05  2.251E+05  3.394E+05  4.896E+05  2.320E+05
  3.294E+05  5.532E+05  5.997E+05  5.806E+05  6.317E+05  1.014E+06  1.028E+06  1.094E+06  1.330E+06  1.954E+06
  1.952E+06  1.760E+06  1.721E+06  1.693E+06  2.120E+06  1.953E+06  1.840E+06  1.686E+06  1.997E+06  2.600E+06
  2.201E+06  1.037E+06  0.000E+00  0.000E+00  0.000E+00  0.000E+00  0.000E+00  0.000E+00  0.000E+00  0.000E+00
  0.000E+00  0.000E+00  0.000E+00  0.000E+00  0.000E+00  0.000E+00  0.000E+00  0.000E+00  0.000E+00  0.000E+00
  0.000E+00  0.000E+00  0.000E+00  0.000E+00  0.000E+00  0.000E+00  0.000E+00  0.000E+00  0.000E+00  0.000E+00
  0.000E+00  0.000E+00  0.000E+00  0.000E+00  0.000E+00  0.000E+00  0.000E+00  0.000E+00  0.000E+00  0.000E+00
  0.000E+00  0.000E+00  0.000E+00  0.000E+00  0.000E+00  3.677E+04  0.000E+00  0.000E+00  1.006E+04  0.000E+00
  0.000E+00  0.000E+00  0.000E+00  0.000E+00  0.000E+00  0.000E+00  0.000E+00  1.518E+04  7.758E+03  1.382E+02
  2.380E+04  1.168E+04  9.040E+04  0.000E+00  0.000E+00  1.925E+04  8.651E+03  4.241E+03  0.000E+00  1.358E+04
  2.133E+03  8.842E+04  5.807E+04  1.080E+05  1.157E+05  1.371E+05  1.593E+05  1.588E+05  3.752E+05  4.523E+05
  2.491E+05  2.975E+05  4.564E+05  4.381E+05  5.929E+05  4.671E+05  9.491E+05  1.191E+06  1.168E+06  9.157E+05
  1.427E+06  1.726E+06  1.643E+06  1.449E+06  1.432E+06  1.975E+06  1.943E+06  1.665E+06  1.477E+06  1.674E+06
  2.129E+06  1.356E+06  0.000E+00  0.000E+00  0.000E+00  0.000E+00  0.000E+00  0.000E+00  0.000E+00  0.000E+00
  0.000E+00  0.000E+00  0.000E+00  0.000E+00  0.000E+00  0.000E+00  0.000E+00  0.000E+00  0.000E+00  0.000E+00
  0.000E+00  0.000E+00  0.000E+00  0.000E+00  0.000E+00  0.000E+00  0.000E+00  0.000E+00  0.000E+00  0.000E+00
  0.000E+00  0.000E+00  0.000E+00  0.000E+00  0.000E+00  0.000E+00  0.000E+00  0.000E+00  0.000E+00  0.000E+00
  0.000E+00  0.000E+00  0.000E+00  0.000E+00  0.000E+00  3.139E+04  0.000E+00  2.805E+03  7.256E+03  0.000E+00
  0.000E+00  0.000E+00  0.000E+00  0.000E+00  0.000E+00  0.000E+00  4.035E+03  1.902E+03  2.854E+04  0.000E+00
  0.000E+00  2.915E+04  1.352E+04  0.000E+00  0.000E+00  9.264E+03  5.161E+03  1.016E+04  0.000E+00  0.000E+00
  1.565E+04  7.858E+03  6.325E+04  7.241E+04  4.155E+04  1.440E+05  1.030E+05  1.316E+05  2.203E+05  1.650E+05
  2.301E+05  2.063E+05  3.370E+05  3.808E+05  3.672E+05  6.025E+05  6.778E+05  6.803E+05  1.248E+06  9.703E+05
  8.828E+05  1.068E+06  1.210E+06  1.403E+06  1.518E+06  1.229E+06  1.530E+06  1.694E+06  1.473E+06  1.273E+06
  1.505E+06  7.660E+05  0.000E+00  0.000E+00  0.000E+00  0.000E+00  0.000E+00  0.000E+00  0.000E+00  0.000E+00
  0.000E+00  0.000E+00  0.000E+00  0.000E+00  0.000E+00  0.000E+00  1.328E+04  0.000E+00  0.000E+00  0.000E+00
  0.000E+00  0.000E+00  0.000E+00  0.000E+00  0.000E+00  0.000E+00  0.000E+00  0.000E+00  0.000E+00  0.000E+00
  0.000E+00  0.000E+00  0.000E+00  0.000E+00  0.000E+00  0.000E+00  0.000E+00  0.000E+00  0.000E+00  0.000E+00
  0.000E+00  0.000E+00  0.000E+00  0.000E+00  0.000E+00  2.870E+04  0.000E+00  1.006E+04  0.000E+00  0.000E+00
  0.000E+00  0.000E+00  0.000E+00  0.000E+00  0.000E+00  0.000E+00  1.126E+04  0.000E+00  3.105E+04  0.000E+00
  1.013E+04  1.204E+04  1.711E+04  0.000E+00  0.000E+00  6.832E+03  1.518E+04  1.016E+04  0.000E+00  0.000E+00
  1.565E+04  0.000E+00  1.700E+03  4.732E+04  5.834E+04  0.000E+00  9.945E+04  6.330E+04  2.148E+04  1.857E+05
  1.846E+05  2.577E+05  2.906E+05  2.756E+05  4.597E+05  3.896E+05  3.356E+05  5.449E+05  5.767E+05  9.573E+05
  1.100E+06  9.216E+05  9.378E+05  1.190E+06  1.243E+06  1.388E+06  1.227E+06  1.239E+06  1.556E+06  1.244E+06
  1.135E+06  6.372E+05  0.000E+00  0.000E+00  0.000E+00  0.000E+00  0.000E+00  0.000E+00  0.000E+00  0.000E+00
  0.000E+00  0.000E+00  0.000E+00  0.000E+00  0.000E+00  0.000E+00  0.000E+00  0.000E+00  0.000E+00  0.000E+00
  0.000E+00  0.000E+00  0.000E+00  0.000E+00  0.000E+00  0.000E+00  0.000E+00  0.000E+00  0.000E+00  0.000E+00
  0.000E+00  0.000E+00  0.000E+00  0.000E+00  0.000E+00  0.000E+00  0.000E+00  0.000E+00  0.000E+00  0.000E+00
  0.000E+00  0.000E+00  0.000E+00  0.000E+00  0.000E+00  2.444E+04  0.000E+00  7.112E+03  0.000E+00  0.000E+00
  0.000E+00  0.000E+00  0.000E+00  0.000E+00  0.000E+00  0.000E+00  7.635E+03  3.628E+03  1.021E+04  5.890E+03
  2.080E+04  5.401E+03  1.771E+04  0.000E+00  0.000E+00  6.832E+03  1.466E+04  1.222E+04  0.000E+00  0.000E+00
  1.483E+04  4.435E+04  1.805E+03  4.856E+04  2.841E+04  1.962E+04  0.000E+00  2.512E+04  1.315E+05  6.712E+04
  2.620E+05  1.813E+05  2.074E+05  1.774E+05  1.998E+05  3.577E+05  5.626E+05  2.401E+05  3.529E+05  4.847E+05
  8.747E+05  8.822E+05  1.037E+06  7.011E+05  1.179E+06  1.010E+06  1.261E+06  1.360E+06  1.099E+06  1.378E+06
  1.320E+06  4.870E+05  0.000E+00  0.000E+00  0.000E+00  0.000E+00  0.000E+00  0.000E+00  0.000E+00  0.000E+00
  0.000E+00  0.000E+00  0.000E+00  0.000E+00  0.000E+00  0.000E+00  0.000E+00  0.000E+00  0.000E+00  0.000E+00
  0.000E+00  0.000E+00  0.000E+00  0.000E+00  0.000E+00  0.000E+00  0.000E+00  0.000E+00  0.000E+00  0.000E+00
  0.000E+00  0.000E+00  0.000E+00  0.000E+00  0.000E+00  0.000E+00  0.000E+00  0.000E+00  0.000E+00  0.000E+00
  0.000E+00  0.000E+00  0.000E+00  0.000E+00  0.000E+00  1.381E+04  0.000E+00  0.000E+00  0.000E+00  0.000E+00
  0.000E+00  0.000E+00  0.000E+00  0.000E+00  0.000E+00  0.000E+00  0.000E+00  1.126E+04  0.000E+00  1.081E+04
  0.000E+00  2.620E+04  0.000E+00  0.000E+00  0.000E+00  6.832E+03  7.593E+03  1.929E+04  0.000E+00  0.000E+00
  0.000E+00  3.076E+04  6.764E+04  3.039E+04  4.811E+04  2.778E+04  1.352E+04  0.000E+00  2.466E+04  2.007E+05
  1.000E+05  1.491E+05  1.381E+05  1.765E+05  2.270E+05  1.034E+05  3.070E+05  4.846E+05  4.053E+05  3.261E+05
  5.814E+05  6.956E+05  6.893E+05  8.924E+05  6.920E+05  9.853E+05  8.912E+05  1.085E+06  1.359E+06  9.349E+05
  1.078E+06  4.096E+05  0.000E+00  0.000E+00  0.000E+00  0.000E+00  0.000E+00  0.000E+00  0.000E+00  0.000E+00
  0.000E+00  0.000E+00  0.000E+00  0.000E+00  0.000E+00  0.000E+00  0.000E+00  0.000E+00  0.000E+00  0.000E+00
  0.000E+00  0.000E+00  0.000E+00  1.090E+04  0.000E+00  0.000E+00  0.000E+00  0.000E+00  0.000E+00  0.000E+00
  0.000E+00  0.000E+00  0.000E+00  0.000E+00  0.000E+00  0.000E+00  0.000E+00  0.000E+00  0.000E+00  1.954E+04
  0.000E+00  0.000E+00  0.000E+00  0.000E+00  0.000E+00  1.232E+04  0.000E+00  0.000E+00  0.000E+00  0.000E+00
  0.000E+00  0.000E+00  0.000E+00  0.000E+00  0.000E+00  0.000E+00  0.000E+00  1.126E+04  0.000E+00  0.000E+00
  0.000E+00  1.418E+04  1.202E+04  0.000E+00  0.000E+00  6.655E+03  7.593E+03  1.929E+04  0.000E+00  0.000E+00
  0.000E+00  1.565E+04  3.195E+04  5.163E+04  3.681E+04  4.064E+04  3.151E+04  1.140E+04  0.000E+00  3.803E+04
  1.517E+05  9.115E+04  1.426E+05  1.658E+05  1.839E+05  1.698E+05  5.439E+04  2.995E+05  2.688E+05  4.633E+05
  3.864E+05  5.264E+05  5.778E+05  6.491E+05  7.007E+05  6.992E+05  7.340E+05  9.324E+05  6.782E+05  1.265E+06
  1.004E+06  2.677E+05  0.000E+00  0.000E+00  0.000E+00  0.000E+00  0.000E+00  0.000E+00  0.000E+00  0.000E+00
  0.000E+00  0.000E+00  0.000E+00  0.000E+00  0.000E+00  0.000E+00  0.000E+00  0.000E+00  0.000E+00  0.000E+00
  0.000E+00  0.000E+00  0.000E+00  0.000E+00  0.000E+00  0.000E+00  0.000E+00  0.000E+00  0.000E+00  0.000E+00
  0.000E+00  0.000E+00  0.000E+00  0.000E+00  0.000E+00  0.000E+00  0.000E+00  0.000E+00  0.000E+00  0.000E+00
  0.000E+00  0.000E+00  0.000E+00  0.000E+00  0.000E+00  1.232E+04  0.000E+00  0.000E+00  0.000E+00  0.000E+00
  0.000E+00  0.000E+00  0.000E+00  0.000E+00  0.000E+00  0.000E+00  0.000E+00  1.126E+04  0.000E+00  0.000E+00
  0.000E+00  0.000E+00  2.620E+04  0.000E+00  0.000E+00  0.000E+00  7.593E+03  9.130E+03  1.016E+04  0.000E+00
  0.000E+00  1.565E+04  6.059E+03  3.871E+04  4.419E+04  2.836E+04  4.174E+04  3.844E+02  0.000E+00  6.629E+03
  5.209E+04  1.538E+05  1.692E+05  1.576E+05  1.214E+05  1.935E+05  1.668E+05  5.031E+04  2.236E+05  2.207E+05
  3.902E+05  3.944E+05  4.491E+05  3.603E+05  5.762E+05  5.654E+05  7.248E+05  6.997E+05  9.957E+05  6.544E+05
  8.739E+05  3.280E+05  0.000E+00  0.000E+00  0.000E+00  0.000E+00  0.000E+00  0.000E+00  0.000E+00  0.000E+00
  0.000E+00  0.000E+00  0.000E+00  0.000E+00  0.000E+00  0.000E+00  0.000E+00  0.000E+00  0.000E+00  0.000E+00
  0.000E+00  0.000E+00  0.000E+00  0.000E+00  0.000E+00  0.000E+00  0.000E+00  0.000E+00  0.000E+00  0.000E+00
  0.000E+00  0.000E+00  0.000E+00  0.000E+00  0.000E+00  0.000E+00  0.000E+00  0.000E+00  0.000E+00  0.000E+00
  0.000E+00  0.000E+00  0.000E+00  0.000E+00  0.000E+00  7.268E+03  0.000E+00  0.000E+00  0.000E+00  0.000E+00
  0.000E+00  0.000E+00  0.000E+00  0.000E+00  0.000E+00  0.000E+00  0.000E+00  1.126E+04  0.000E+00  0.000E+00
  0.000E+00  0.000E+00  7.562E+03  1.145E+04  0.000E+00  0.000E+00  7.593E+03  9.129E+03  1.016E+04  0.000E+00
  0.000E+00  4.289E+02  2.128E+04  0.000E+00  4.759E+04  5.125E+04  1.178E+04  1.087E+04  0.000E+00  5.004E+03
  1.706E+04  7.646E+04  1.588E+05  1.783E+05  1.809E+05  1.262E+05  1.812E+05  1.953E+05  1.520E+05  1.586E+05
  1.243E+05  4.318E+05  3.343E+05  3.722E+05  3.385E+05  6.992E+05  4.374E+05  5.498E+05  6.761E+05  8.111E+05
  7.347E+05  1.397E+05  0.000E+00  0.000E+00  0.000E+00  0.000E+00  0.000E+00  0.000E+00  0.000E+00  0.000E+00
  0.000E+00  0.000E+00  0.000E+00  0.000E+00  0.000E+00  0.000E+00  0.000E+00  0.000E+00  0.000E+00  0.000E+00
  0.000E+00  0.000E+00  0.000E+00  0.000E+00  0.000E+00  0.000E+00  0.000E+00  0.000E+00  0.000E+00  0.000E+00
  0.000E+00  0.000E+00  0.000E+00  0.000E+00  0.000E+00  0.000E+00  0.000E+00  0.000E+00  0.000E+00  0.000E+00
  0.000E+00  0.000E+00  0.000E+00  0.000E+00  0.000E+00  6.169E+03  0.000E+00  0.000E+00  0.000E+00  0.000E+00
  0.000E+00  0.000E+00  0.000E+00  0.000E+00  0.000E+00  0.000E+00  0.000E+00  3.872E+03  7.390E+03  0.000E+00
  0.000E+00  0.000E+00  0.000E+00  0.000E+00  0.000E+00  0.000E+00  7.593E+03  3.496E+03  1.016E+04  0.000E+00
  0.000E+00  5.543E+03  2.171E+04  0.000E+00  4.167E+03  4.457E+04  1.984E+04  0.000E+00  0.000E+00  1.026E+04
  1.011E+04  2.333E+04  9.608E+04  8.744E+04  1.398E+05  1.310E+05  1.267E+05  1.222E+05  1.763E+05  2.236E+05
  2.156E+05  1.636E+05  2.757E+05  3.564E+05  2.842E+05  3.798E+05  5.131E+05  2.847E+05  5.431E+05  6.558E+05
  6.366E+05  1.432E+05  0.000E+00  0.000E+00  0.000E+00  0.000E+00  0.000E+00  0.000E+00  0.000E+00  0.000E+00
  0.000E+00  0.000E+00  0.000E+00  0.000E+00  0.000E+00  0.000E+00  0.000E+00  0.000E+00  0.000E+00  0.000E+00
  0.000E+00  0.000E+00  0.000E+00  0.000E+00  0.000E+00  0.000E+00  0.000E+00  0.000E+00  0.000E+00  0.000E+00
  0.000E+00  0.000E+00  0.000E+00  0.000E+00  0.000E+00  0.000E+00  0.000E+00  0.000E+00  0.000E+00  0.000E+00
  0.000E+00  0.000E+00  0.000E+00  0.000E+00  0.000E+00  6.169E+03  0.000E+00  0.000E+00  0.000E+00  0.000E+00
  0.000E+00  0.000E+00  0.000E+00  0.000E+00  0.000E+00  0.000E+00  0.000E+00  0.000E+00  1.126E+04  0.000E+00
  0.000E+00  0.000E+00  0.000E+00  0.000E+00  0.000E+00  0.000E+00  2.586E+03  0.000E+00  1.016E+04  0.000E+00
  0.000E+00  1.468E+04  2.171E+04  0.000E+00  0.000E+00  6.857E+03  0.000E+00  0.000E+00  0.000E+00  5.290E+03
  9.822E+03  0.000E+00  3.659E+04  1.074E+05  5.307E+04  1.133E+05  6.765E+04  4.888E+04  1.216E+05  1.373E+05
  1.792E+05  2.447E+05  1.935E+05  1.498E+05  3.129E+05  2.250E+05  2.516E+05  4.533E+05  2.583E+05  5.314E+05
  5.597E+05  1.400E+05  0.000E+00  0.000E+00  0.000E+00  0.000E+00  0.000E+00  0.000E+00  0.000E+00  0.000E+00
  0.000E+00  0.000E+00  0.000E+00  0.000E+00  0.000E+00  0.000E+00  0.000E+00  0.000E+00  0.000E+00  0.000E+00
  0.000E+00  0.000E+00  0.000E+00  0.000E+00  0.000E+00  0.000E+00  0.000E+00  0.000E+00  0.000E+00  0.000E+00
  0.000E+00  0.000E+00  8.304E+03  2.391E+04  0.000E+00  0.000E+00  0.000E+00  0.000E+00  0.000E+00  0.000E+00
  0.000E+00  0.000E+00  0.000E+00  0.000E+00  0.000E+00  6.703E+03  0.000E+00  0.000E+00  0.000E+00  0.000E+00
  0.000E+00  0.000E+00  0.000E+00  0.000E+00  0.000E+00  0.000E+00  0.000E+00  0.000E+00  1.089E+04  0.000E+00
  0.000E+00  0.000E+00  0.000E+00  0.000E+00  0.000E+00  0.000E+00  0.000E+00  0.000E+00  1.016E+04  0.000E+00
  0.000E+00  1.316E+03  2.110E+04  1.397E+04  0.000E+00  0.000E+00  0.000E+00  0.000E+00  0.000E+00  0.000E+00
  4.550E+03  0.000E+00  0.000E+00  5.586E+04  9.243E+04  6.950E+04  9.118E+04  5.548E+04  5.727E+04  1.091E+05
  6.439E+04  1.509E+05  2.033E+05  1.422E+05  1.433E+05  2.638E+05  2.816E+05  2.165E+05  4.594E+05  3.501E+05
  3.387E+05  6.377E+04  0.000E+00  0.000E+00  0.000E+00  0.000E+00  0.000E+00  0.000E+00  0.000E+00  0.000E+00
  0.000E+00  0.000E+00  0.000E+00  0.000E+00  0.000E+00  0.000E+00  0.000E+00  0.000E+00  0.000E+00  0.000E+00
  0.000E+00  0.000E+00  0.000E+00  0.000E+00  0.000E+00  0.000E+00  0.000E+00  0.000E+00  0.000E+00  0.000E+00
  0.000E+00  0.000E+00  0.000E+00  0.000E+00  0.000E+00  0.000E+00  0.000E+00  0.000E+00  0.000E+00  0.000E+00
  0.000E+00  0.000E+00  0.000E+00  0.000E+00  0.000E+00  1.222E+04  0.000E+00  0.000E+00  0.000E+00  0.000E+00
  0.000E+00  0.000E+00  0.000E+00  0.000E+00  0.000E+00  0.000E+00  0.000E+00  0.000E+00  0.000E+00  0.000E+00
  0.000E+00  0.000E+00  0.000E+00  0.000E+00  0.000E+00  0.000E+00  0.000E+00  0.000E+00  4.243E+03  5.914E+03
  0.000E+00  0.000E+00  2.074E+04  1.565E+04  0.000E+00  0.000E+00  1.465E+04  0.000E+00  0.000E+00  0.000E+00
  0.000E+00  0.000E+00  0.000E+00  4.396E+03  7.103E+04  3.942E+04  3.877E+04  6.167E+04  7.968E+04  4.229E+04
  4.524E+04  3.399E+04  1.861E+05  2.160E+05  2.137E+05  1.564E+05  2.214E+05  2.571E+05  2.588E+05  4.092E+05
  3.473E+05  1.735E+04  0.000E+00  0.000E+00  0.000E+00  0.000E+00  0.000E+00  0.000E+00  0.000E+00  0.000E+00
  0.000E+00  0.000E+00  0.000E+00  0.000E+00  0.000E+00  0.000E+00  0.000E+00  0.000E+00  0.000E+00  0.000E+00
  0.000E+00  0.000E+00  0.000E+00  8.514E+03  0.000E+00  0.000E+00  0.000E+00  0.000E+00  0.000E+00  0.000E+00
  0.000E+00  0.000E+00  0.000E+00  0.000E+00  0.000E+00  0.000E+00  0.000E+00  0.000E+00  0.000E+00  0.000E+00
  0.000E+00  0.000E+00  0.000E+00  0.000E+00  0.000E+00  1.222E+04  0.000E+00  0.000E+00  0.000E+00  0.000E+00
  0.000E+00  0.000E+00  0.000E+00  0.000E+00  0.000E+00  0.000E+00  0.000E+00  0.000E+00  0.000E+00  0.000E+00
  0.000E+00  0.000E+00  0.000E+00  0.000E+00  0.000E+00  0.000E+00  0.000E+00  0.000E+00  0.000E+00  3.135E+03
  0.000E+00  0.000E+00  1.140E+04  1.565E+04  0.000E+00  0.000E+00  1.335E+04  1.153E+04  0.000E+00  0.000E+00
  0.000E+00  0.000E+00  1.841E+03  1.782E+04  1.112E+03  2.650E+04  3.881E+04  3.582E+04  6.320E+04  1.481E+05
  4.765E+04  2.746E+04  3.511E+04  1.811E+05  1.697E+05  2.861E+05  9.916E+04  1.743E+05  3.188E+05  2.070E+05
  3.947E+05  2.321E+04  0.000E+00  0.000E+00  0.000E+00  0.000E+00  0.000E+00  0.000E+00  0.000E+00  0.000E+00
  0.000E+00  0.000E+00  0.000E+00  0.000E+00  0.000E+00  0.000E+00  0.000E+00  0.000E+00  0.000E+00  0.000E+00
  0.000E+00  0.000E+00  0.000E+00  0.000E+00  0.000E+00  0.000E+00  0.000E+00  0.000E+00  0.000E+00  0.000E+00
  0.000E+00  0.000E+00  0.000E+00  0.000E+00  0.000E+00  0.000E+00  0.000E+00  0.000E+00  0.000E+00  0.000E+00
  0.000E+00  0.000E+00  0.000E+00  0.000E+00  0.000E+00  1.222E+04  0.000E+00  0.000E+00  0.000E+00  0.000E+00
  0.000E+00  0.000E+00  0.000E+00  0.000E+00  0.000E+00  0.000E+00  0.000E+00  0.000E+00  0.000E+00  0.000E+00
  0.000E+00  0.000E+00  0.000E+00  0.000E+00  0.000E+00  0.000E+00  0.000E+00  0.000E+00  0.000E+00  0.000E+00
  0.000E+00  0.000E+00  6.059E+03  2.925E+03  1.272E+04  0.000E+00  0.000E+00  3.509E+03  0.000E+00  0.000E+00
  0.000E+00  0.000E+00  0.000E+00  3.695E+04  0.000E+00  1.981E+04  1.347E+04  4.348E+04  1.202E+04  4.116E+04
  2.100E+05  6.125E+04  2.923E+04  7.853E+04  1.894E+05  1.568E+05  1.673E+05  1.110E+05  1.726E+05  3.493E+05
  1.926E+05  1.788E+04  0.000E+00  0.000E+00  0.000E+00  0.000E+00  0.000E+00  0.000E+00  0.000E+00  0.000E+00
  0.000E+00  0.000E+00  0.000E+00  0.000E+00  0.000E+00  0.000E+00  0.000E+00  0.000E+00  0.000E+00  0.000E+00
  0.000E+00  0.000E+00  0.000E+00  0.000E+00  0.000E+00  0.000E+00  0.000E+00  0.000E+00  0.000E+00  0.000E+00
  0.000E+00  0.000E+00  0.000E+00  0.000E+00  0.000E+00  0.000E+00  0.000E+00  0.000E+00  0.000E+00  0.000E+00
  0.000E+00  0.000E+00  0.000E+00  0.000E+00  0.000E+00  1.222E+04  0.000E+00  0.000E+00  0.000E+00  0.000E+00
  0.000E+00  0.000E+00  0.000E+00  0.000E+00  0.000E+00  0.000E+00  0.000E+00  0.000E+00  0.000E+00  0.000E+00
  0.000E+00  0.000E+00  0.000E+00  0.000E+00  0.000E+00  0.000E+00  0.000E+00  0.000E+00  0.000E+00  0.000E+00
  0.000E+00  0.000E+00  6.059E+03  0.000E+00  1.565E+04  0.000E+00  0.000E+00  1.607E+03  0.000E+00  0.000E+00
  0.000E+00  0.000E+00  0.000E+00  1.588E+04  2.106E+04  0.000E+00  4.998E+04  1.054E+04  3.027E+04  0.000E+00
  4.079E+04  2.205E+05  9.129E+04  2.942E+04  9.354E+04  1.589E+05  1.930E+05  1.149E+05  1.184E+05  1.036E+05
  2.776E+05  1.547E+04  0.000E+00  0.000E+00  0.000E+00  0.000E+00  0.000E+00  0.000E+00  0.000E+00  0.000E+00
  0.000E+00  0.000E+00  0.000E+00  0.000E+00  0.000E+00  0.000E+00  0.000E+00  0.000E+00  0.000E+00  0.000E+00
  0.000E+00  0.000E+00  0.000E+00  0.000E+00  0.000E+00  0.000E+00  0.000E+00  0.000E+00  0.000E+00  0.000E+00
  0.000E+00  0.000E+00  0.000E+00  0.000E+00  0.000E+00  0.000E+00  0.000E+00  0.000E+00  0.000E+00  0.000E+00
  0.000E+00  0.000E+00  0.000E+00  0.000E+00  0.000E+00  1.222E+04  0.000E+00  0.000E+00  0.000E+00  0.000E+00
  0.000E+00  0.000E+00  0.000E+00  0.000E+00  0.000E+00  0.000E+00  0.000E+00  0.000E+00  0.000E+00  0.000E+00
  0.000E+00  0.000E+00  0.000E+00  0.000E+00  0.000E+00  0.000E+00  0.000E+00  0.000E+00  0.000E+00  0.000E+00
  0.000E+00  0.000E+00  6.059E+03  0.000E+00  1.565E+04  0.000E+00  0.000E+00  0.000E+00  0.000E+00  0.000E+00
  0.000E+00  0.000E+00  0.000E+00  8.356E+03  2.452E+04  4.096E+03  2.493E+04  3.859E+04  1.781E+04  2.674E+04
  0.000E+00  3.975E+04  1.549E+05  8.667E+04  7.427E+04  9.233E+04  1.911E+05  1.858E+05  1.646E+05  1.597E+05
  1.428E+05  3.675E+03  0.000E+00  0.000E+00  0.000E+00  0.000E+00  0.000E+00  0.000E+00  0.000E+00  0.000E+00
  0.000E+00  0.000E+00  0.000E+00  0.000E+00  0.000E+00  0.000E+00  0.000E+00  0.000E+00  0.000E+00  0.000E+00
  0.000E+00  0.000E+00  0.000E+00  0.000E+00  0.000E+00  0.000E+00  0.000E+00  0.000E+00  0.000E+00  0.000E+00
  0.000E+00  0.000E+00  0.000E+00  0.000E+00  0.000E+00  0.000E+00  0.000E+00  0.000E+00  0.000E+00  0.000E+00
  0.000E+00  0.000E+00  0.000E+00  0.000E+00  0.000E+00  1.222E+04  0.000E+00  0.000E+00  0.000E+00  0.000E+00
  0.000E+00  0.000E+00  0.000E+00  0.000E+00  0.000E+00  0.000E+00  0.000E+00  0.000E+00  0.000E+00  0.000E+00
  0.000E+00  0.000E+00  0.000E+00  0.000E+00  0.000E+00  0.000E+00  0.000E+00  0.000E+00  0.000E+00  0.000E+00
  0.000E+00  0.000E+00  6.059E+03  0.000E+00  4.172E+03  1.148E+04  0.000E+00  0.000E+00  0.000E+00  0.000E+00
  0.000E+00  0.000E+00  0.000E+00  8.356E+03  0.000E+00  2.868E+04  0.000E+00  2.732E+04  2.740E+04  4.352E+04
  2.329E+04  0.000E+00  3.829E+04  7.602E+04  1.145E+05  1.115E+05  1.212E+05  1.828E+05  1.041E+05  1.569E+05
  7.666E+04  1.291E+03  0.000E+00  0.000E+00  0.000E+00  0.000E+00  0.000E+00  0.000E+00  0.000E+00  0.000E+00
  0.000E+00  0.000E+00  0.000E+00  0.000E+00  0.000E+00  0.000E+00  0.000E+00  0.000E+00  0.000E+00  0.000E+00
  0.000E+00  0.000E+00  0.000E+00  0.000E+00  0.000E+00  0.000E+00  0.000E+00  0.000E+00  0.000E+00  0.000E+00
  0.000E+00  0.000E+00  0.000E+00  0.000E+00  0.000E+00  0.000E+00  0.000E+00  0.000E+00  0.000E+00  0.000E+00
  0.000E+00  0.000E+00  0.000E+00  0.000E+00  0.000E+00  1.222E+04  0.000E+00  0.000E+00  0.000E+00  0.000E+00
  0.000E+00  0.000E+00  0.000E+00  0.000E+00  0.000E+00  0.000E+00  0.000E+00  0.000E+00  0.000E+00  0.000E+00
  0.000E+00  0.000E+00  0.000E+00  0.000E+00  0.000E+00  0.000E+00  0.000E+00  0.000E+00  0.000E+00  0.000E+00
  0.000E+00  0.000E+00  6.059E+03  0.000E+00  0.000E+00  1.565E+04  0.000E+00  0.000E+00  0.000E+00  0.000E+00
  0.000E+00  0.000E+00  0.000E+00  8.356E+03  0.000E+00  1.281E+04  1.587E+04  0.000E+00  2.046E+04  1.701E+04
  2.176E+04  2.000E+04  3.604E+03  5.056E+04  4.984E+04  9.641E+04  1.016E+05  1.369E+05  1.747E+05  8.774E+04
  1.145E+05  0.000E+00  0.000E+00  0.000E+00  0.000E+00  0.000E+00  0.000E+00  0.000E+00  0.000E+00  0.000E+00
  0.000E+00  0.000E+00  0.000E+00  0.000E+00  0.000E+00  0.000E+00  0.000E+00  0.000E+00  0.000E+00  0.000E+00
  0.000E+00  0.000E+00  0.000E+00  5.951E+03  0.000E+00  0.000E+00  0.000E+00  0.000E+00  0.000E+00  0.000E+00
  0.000E+00  0.000E+00  0.000E+00  0.000E+00  0.000E+00  0.000E+00  0.000E+00  0.000E+00  0.000E+00  0.000E+00
  0.000E+00  0.000E+00  0.000E+00  0.000E+00  0.000E+00  1.222E+04  0.000E+00  0.000E+00  0.000E+00  0.000E+00
  0.000E+00  0.000E+00  0.000E+00  0.000E+00  0.000E+00  0.000E+00  0.000E+00  0.000E+00  0.000E+00  0.000E+00
  0.000E+00  0.000E+00  0.000E+00  0.000E+00  0.000E+00  0.000E+00  0.000E+00  0.000E+00  0.000E+00  0.000E+00
  0.000E+00  0.000E+00  6.059E+03  0.000E+00  0.000E+00  1.565E+04  0.000E+00  0.000E+00  0.000E+00  0.000E+00
  0.000E+00  0.000E+00  0.000E+00  4.002E+03  4.353E+03  0.000E+00  2.862E+04  0.000E+00  0.000E+00  0.000E+00
  0.000E+00  2.505E+04  1.673E+04  1.904E+04  6.190E+04  3.019E+04  6.933E+04  1.585E+05  1.639E+05  1.417E+05
  8.379E+04  1.677E+03  0.000E+00  0.000E+00  0.000E+00  0.000E+00  0.000E+00  0.000E+00  0.000E+00  0.000E+00
  0.000E+00  0.000E+00  0.000E+00  0.000E+00  0.000E+00  0.000E+00  0.000E+00  0.000E+00  0.000E+00  0.000E+00
  0.000E+00  0.000E+00  0.000E+00  0.000E+00  0.000E+00  0.000E+00  0.000E+00  0.000E+00  0.000E+00  0.000E+00
  0.000E+00  0.000E+00  0.000E+00  0.000E+00  0.000E+00  0.000E+00  0.000E+00  0.000E+00  0.000E+00  0.000E+00
  0.000E+00  0.000E+00  0.000E+00  0.000E+00  0.000E+00  1.222E+04  0.000E+00  0.000E+00  0.000E+00  0.000E+00
  0.000E+00  0.000E+00  0.000E+00  0.000E+00  0.000E+00  0.000E+00  0.000E+00  0.000E+00  0.000E+00  0.000E+00
  0.000E+00  0.000E+00  0.000E+00  0.000E+00  0.000E+00  0.000E+00  0.000E+00  0.000E+00  0.000E+00  0.000E+00
  0.000E+00  0.000E+00  6.059E+03  0.000E+00  0.000E+00  5.420E+03  1.023E+04  0.000E+00  0.000E+00  0.000E+00
  0.000E+00  0.000E+00  0.000E+00  0.000E+00  8.356E+03  0.000E+00  1.092E+03  2.741E+04  0.000E+00  0.000E+00
  0.000E+00  0.000E+00  2.831E+04  1.746E+04  2.777E+04  4.633E+04  2.472E+04  8.765E+04  1.996E+05  1.572E+05
  1.016E+05  0.000E+00  0.000E+00  0.000E+00  0.000E+00  0.000E+00  0.000E+00  0.000E+00  0.000E+00  0.000E+00
  0.000E+00  0.000E+00  0.000E+00  0.000E+00  0.000E+00  0.000E+00  0.000E+00  0.000E+00  0.000E+00  0.000E+00
  0.000E+00  0.000E+00  0.000E+00  0.000E+00  0.000E+00  0.000E+00  0.000E+00  0.000E+00  0.000E+00  0.000E+00
  0.000E+00  0.000E+00  0.000E+00  0.000E+00  0.000E+00  0.000E+00  0.000E+00  0.000E+00  0.000E+00  0.000E+00
  0.000E+00  0.000E+00  0.000E+00  0.000E+00  2.337E+02  1.199E+04  0.000E+00  0.000E+00  0.000E+00  0.000E+00
  0.000E+00  0.000E+00  0.000E+00  0.000E+00  0.000E+00  0.000E+00  0.000E+00  0.000E+00  0.000E+00  0.000E+00
  0.000E+00  0.000E+00  0.000E+00  0.000E+00  0.000E+00  0.000E+00  0.000E+00  0.000E+00  0.000E+00  0.000E+00
  0.000E+00  0.000E+00  6.059E+03  6.249E+03  0.000E+00  0.000E+00  1.565E+04  0.000E+00  0.000E+00  0.000E+00
  0.000E+00  0.000E+00  0.000E+00  0.000E+00  8.356E+03  0.000E+00  0.000E+00  4.450E+03  0.000E+00  0.000E+00
  0.000E+00  0.000E+00  0.000E+00  3.141E+04  4.841E+04  7.094E+04  4.369E+04  4.205E+04  8.033E+04  2.003E+05
  1.486E+05  0.000E+00  0.000E+00  0.000E+00  0.000E+00  0.000E+00  0.000E+00  0.000E+00  0.000E+00  0.000E+00
  0.000E+00  0.000E+00  0.000E+00  0.000E+00  0.000E+00  0.000E+00  0.000E+00  0.000E+00  0.000E+00  0.000E+00
  0.000E+00  0.000E+00  0.000E+00  0.000E+00  0.000E+00  0.000E+00  0.000E+00  0.000E+00  0.000E+00  0.000E+00
  0.000E+00  0.000E+00  0.000E+00  0.000E+00  0.000E+00  0.000E+00  0.000E+00  0.000E+00  0.000E+00  0.000E+00
  0.000E+00  0.000E+00  0.000E+00  0.000E+00  6.169E+03  6.055E+03  0.000E+00  0.000E+00  0.000E+00  0.000E+00
  0.000E+00  0.000E+00  0.000E+00  0.000E+00  0.000E+00  0.000E+00  0.000E+00  0.000E+00  0.000E+00  0.000E+00
  0.000E+00  0.000E+00  0.000E+00  0.000E+00  0.000E+00  0.000E+00  0.000E+00  0.000E+00  0.000E+00  0.000E+00
  0.000E+00  0.000E+00  6.059E+03  1.262E+04  0.000E+00  0.000E+00  1.565E+04  0.000E+00  0.000E+00  0.000E+00
  0.000E+00  0.000E+00  0.000E+00  0.000E+00  8.356E+03  0.000E+00  0.000E+00  0.000E+00  0.000E+00  0.000E+00
  0.000E+00  0.000E+00  0.000E+00  6.172E+03  3.448E+04  4.781E+04  1.121E+05  3.761E+04  3.480E+04  7.503E+04
  1.253E+05  2.697E+02  0.000E+00  0.000E+00  0.000E+00  0.000E+00  0.000E+00  0.000E+00  0.000E+00  0.000E+00
  0.000E+00  0.000E+00  0.000E+00  0.000E+00  0.000E+00  0.000E+00  0.000E+00  0.000E+00  0.000E+00  0.000E+00
  0.000E+00  0.000E+00  0.000E+00  0.000E+00  0.000E+00  0.000E+00  0.000E+00  0.000E+00  0.000E+00  0.000E+00
  0.000E+00  0.000E+00  0.000E+00  0.000E+00  0.000E+00  0.000E+00  0.000E+00  0.000E+00  0.000E+00  0.000E+00
  0.000E+00  0.000E+00  0.000E+00  1.224E+03  6.169E+03  6.055E+03  0.000E+00  0.000E+00  0.000E+00  0.000E+00
  0.000E+00  0.000E+00  0.000E+00  0.000E+00  0.000E+00  0.000E+00  0.000E+00  0.000E+00  0.000E+00  0.000E+00
  0.000E+00  0.000E+00  0.000E+00  0.000E+00  0.000E+00  0.000E+00  0.000E+00  0.000E+00  0.000E+00  0.000E+00
  0.000E+00  0.000E+00  6.059E+03  4.942E+03  7.676E+03  0.000E+00  6.668E+03  8.981E+03  0.000E+00  0.000E+00
  0.000E+00  0.000E+00  0.000E+00  0.000E+00  8.356E+03  0.000E+00  0.000E+00  0.000E+00  0.000E+00  0.000E+00
  0.000E+00  0.000E+00  0.000E+00  4.062E+04  3.119E+04  4.146E+04  4.034E+04  9.740E+04  4.299E+04  2.301E+04
  5.247E+04  0.000E+00  0.000E+00  0.000E+00  0.000E+00  0.000E+00  0.000E+00  0.000E+00  0.000E+00  0.000E+00
  0.000E+00  0.000E+00  0.000E+00  0.000E+00  0.000E+00  0.000E+00  0.000E+00  0.000E+00  0.000E+00  0.000E+00
  0.000E+00  0.000E+00  0.000E+00  0.000E+00  0.000E+00  0.000E+00  0.000E+00  0.000E+00  0.000E+00  0.000E+00
  0.000E+00  0.000E+00  0.000E+00  0.000E+00  0.000E+00  0.000E+00  0.000E+00  0.000E+00  0.000E+00  0.000E+00
  0.000E+00  0.000E+00  0.000E+00  0.000E+00  6.169E+03  6.055E+03  0.000E+00  0.000E+00  0.000E+00  0.000E+00
  0.000E+00  0.000E+00  0.000E+00  0.000E+00  0.000E+00  0.000E+00  0.000E+00  0.000E+00  0.000E+00  0.000E+00
  0.000E+00  0.000E+00  0.000E+00  0.000E+00  0.000E+00  0.000E+00  0.000E+00  0.000E+00  0.000E+00  0.000E+00
  0.000E+00  0.000E+00  6.059E+03  0.000E+00  1.262E+04  0.000E+00  0.000E+00  1.565E+04  0.000E+00  0.000E+00
  0.000E+00  0.000E+00  0.000E+00  0.000E+00  8.356E+03  0.000E+00  0.000E+00  0.000E+00  0.000E+00  6.144E+03
  0.000E+00  0.000E+00  0.000E+00  0.000E+00  6.959E+04  1.782E+04  5.445E+04  4.525E+04  5.501E+04  1.197E+04
  0.000E+00  0.000E+00  0.000E+00  0.000E+00  0.000E+00  0.000E+00  0.000E+00  0.000E+00  0.000E+00  0.000E+00
  0.000E+00  0.000E+00  0.000E+00  0.000E+00  0.000E+00  0.000E+00  0.000E+00  0.000E+00  0.000E+00  0.000E+00
  0.000E+00  0.000E+00  0.000E+00  0.000E+00  0.000E+00  0.000E+00  0.000E+00  0.000E+00  0.000E+00  0.000E+00
  0.000E+00  0.000E+00  0.000E+00  0.000E+00  0.000E+00  0.000E+00  0.000E+00  0.000E+00  0.000E+00  0.000E+00
  0.000E+00  0.000E+00  0.000E+00  0.000E+00  6.169E+03  6.055E+03  0.000E+00  0.000E+00  0.000E+00  0.000E+00
  0.000E+00  0.000E+00  0.000E+00  0.000E+00  0.000E+00  0.000E+00  0.000E+00  0.000E+00  0.000E+00  0.000E+00
  0.000E+00  0.000E+00  0.000E+00  0.000E+00  0.000E+00  0.000E+00  0.000E+00  0.000E+00  0.000E+00  0.000E+00
  0.000E+00  0.000E+00  6.059E+03  0.000E+00  1.262E+04  0.000E+00  0.000E+00  1.565E+04  0.000E+00  0.000E+00
  0.000E+00  0.000E+00  0.000E+00  0.000E+00  8.356E+03  0.000E+00  0.000E+00  0.000E+00  0.000E+00  1.745E+04
  0.000E+00  0.000E+00  0.000E+00  0.000E+00  0.000E+00  1.028E+05  2.469E+04  6.839E+04  3.957E+04  4.423E+04
  0.000E+00  0.000E+00  0.000E+00  0.000E+00  0.000E+00  0.000E+00  0.000E+00  0.000E+00  0.000E+00  0.000E+00
  0.000E+00  0.000E+00  0.000E+00  0.000E+00  0.000E+00  0.000E+00  0.000E+00  0.000E+00  0.000E+00  0.000E+00
  0.000E+00  0.000E+00  0.000E+00  0.000E+00  0.000E+00  0.000E+00  0.000E+00  0.000E+00  0.000E+00  0.000E+00
  0.000E+00  0.000E+00  0.000E+00  0.000E+00  0.000E+00  0.000E+00  0.000E+00  0.000E+00  0.000E+00  0.000E+00
  0.000E+00  0.000E+00  0.000E+00  0.000E+00  6.169E+03  6.055E+03  0.000E+00  0.000E+00  0.000E+00  0.000E+00
  0.000E+00  0.000E+00  0.000E+00  0.000E+00  0.000E+00  0.000E+00  0.000E+00  0.000E+00  0.000E+00  0.000E+00
  0.000E+00  0.000E+00  0.000E+00  0.000E+00  0.000E+00  0.000E+00  0.000E+00  0.000E+00  0.000E+00  0.000E+00
  0.000E+00  0.000E+00  6.059E+03  0.000E+00  1.262E+04  0.000E+00  0.000E+00  7.916E+03  7.733E+03  0.000E+00
  0.000E+00  0.000E+00  0.000E+00  0.000E+00  8.356E+03  0.000E+00  0.000E+00  0.000E+00  0.000E+00  1.745E+04
  0.000E+00  0.000E+00  0.000E+00  0.000E+00  0.000E+00  9.796E+03  2.822E+04  2.586E+04  6.772E+04  5.593E+04
  2.508E+04  0.000E+00  0.000E+00  0.000E+00  0.000E+00  0.000E+00  0.000E+00  0.000E+00  0.000E+00  0.000E+00
  0.000E+00  0.000E+00  0.000E+00  0.000E+00  0.000E+00  0.000E+00  0.000E+00  0.000E+00  0.000E+00  0.000E+00
  0.000E+00  0.000E+00  0.000E+00  0.000E+00  0.000E+00  0.000E+00  0.000E+00  0.000E+00  0.000E+00  0.000E+00
  0.000E+00  0.000E+00  0.000E+00  0.000E+00  0.000E+00  0.000E+00  0.000E+00  0.000E+00  0.000E+00  0.000E+00
  0.000E+00  0.000E+00  0.000E+00  0.000E+00  6.169E+03  6.055E+03  0.000E+00  0.000E+00  0.000E+00  0.000E+00
  0.000E+00  0.000E+00  0.000E+00  0.000E+00  0.000E+00  0.000E+00  0.000E+00  0.000E+00  0.000E+00  0.000E+00
  0.000E+00  0.000E+00  0.000E+00  0.000E+00  0.000E+00  0.000E+00  0.000E+00  0.000E+00  0.000E+00  0.000E+00
  0.000E+00  0.000E+00  3.899E+03  0.000E+00  5.082E+03  7.537E+03  0.000E+00  0.000E+00  2.175E+03  0.000E+00
  0.000E+00  0.000E+00  0.000E+00  0.000E+00  6.418E+02  7.714E+03  0.000E+00  0.000E+00  0.000E+00  3.891E+02
  1.636E+04  0.000E+00  0.000E+00  0.000E+00  0.000E+00  0.000E+00  0.000E+00  2.197E+04  4.096E+04  9.502E+04
  1.604E+04  0.000E+00  0.000E+00  0.000E+00  0.000E+00  0.000E+00  0.000E+00  0.000E+00  0.000E+00  0.000E+00
  0.000E+00  0.000E+00  0.000E+00  0.000E+00  0.000E+00  0.000E+00  0.000E+00  0.000E+00  0.000E+00  0.000E+00
  0.000E+00  0.000E+00  0.000E+00  0.000E+00  0.000E+00  0.000E+00  0.000E+00  0.000E+00  0.000E+00  0.000E+00
  0.000E+00  0.000E+00  0.000E+00  0.000E+00  0.000E+00  0.000E+00  0.000E+00  0.000E+00  0.000E+00  0.000E+00
  0.000E+00  0.000E+00  0.000E+00  0.000E+00  9.729E+03  6.055E+03  0.000E+00  0.000E+00  0.000E+00  0.000E+00
  0.000E+00  0.000E+00  0.000E+00  0.000E+00  0.000E+00  0.000E+00  0.000E+00  0.000E+00  0.000E+00  0.000E+00
  0.000E+00  0.000E+00  0.000E+00  0.000E+00  0.000E+00  0.000E+00  0.000E+00  0.000E+00  0.000E+00  0.000E+00
  0.000E+00  0.000E+00  0.000E+00  0.000E+00  0.000E+00  9.462E+03  0.000E+00  0.000E+00  0.000E+00  0.000E+00
  0.000E+00  0.000E+00  0.000E+00  0.000E+00  0.000E+00  8.356E+03  0.000E+00  0.000E+00  0.000E+00  0.000E+00
  1.669E+04  0.000E+00  0.000E+00  0.000E+00  0.000E+00  0.000E+00  0.000E+00  2.050E+04  1.462E+03  3.546E+04
  5.599E+04  0.000E+00  0.000E+00  0.000E+00  0.000E+00  0.000E+00  0.000E+00  0.000E+00  0.000E+00  0.000E+00
  0.000E+00  0.000E+00  0.000E+00  0.000E+00  0.000E+00  0.000E+00  0.000E+00  0.000E+00  0.000E+00  0.000E+00
  0.000E+00  0.000E+00  0.000E+00  0.000E+00  0.000E+00  0.000E+00  0.000E+00  0.000E+00  0.000E+00  0.000E+00
  0.000E+00  0.000E+00  0.000E+00  0.000E+00  0.000E+00  0.000E+00  0.000E+00  0.000E+00  0.000E+00  0.000E+00
  0.000E+00  0.000E+00  0.000E+00  0.000E+00  1.242E+04  6.055E+03  0.000E+00  0.000E+00  0.000E+00  0.000E+00
  0.000E+00  0.000E+00  0.000E+00  0.000E+00  0.000E+00  0.000E+00  0.000E+00  0.000E+00  0.000E+00  0.000E+00
  0.000E+00  0.000E+00  0.000E+00  0.000E+00  0.000E+00  0.000E+00  0.000E+00  0.000E+00  0.000E+00  0.000E+00
  0.000E+00  0.000E+00  0.000E+00  0.000E+00  0.000E+00  0.000E+00  0.000E+00  0.000E+00  0.000E+00  0.000E+00
  0.000E+00  0.000E+00  0.000E+00  0.000E+00  0.000E+00  8.356E+03  0.000E+00  0.000E+00  0.000E+00  0.000E+00
  1.466E+04  2.029E+03  0.000E+00  0.000E+00  0.000E+00  0.000E+00  0.000E+00  0.000E+00  2.197E+04  0.000E+00
  4.833E+04  0.000E+00  0.000E+00  0.000E+00  0.000E+00  0.000E+00  0.000E+00  0.000E+00  0.000E+00  0.000E+00
  0.000E+00  0.000E+00  0.000E+00  0.000E+00  0.000E+00  0.000E+00  0.000E+00  0.000E+00  0.000E+00  0.000E+00
  0.000E+00  0.000E+00  0.000E+00  0.000E+00  0.000E+00  0.000E+00  0.000E+00  0.000E+00  0.000E+00  0.000E+00
  0.000E+00  0.000E+00  0.000E+00  0.000E+00  0.000E+00  0.000E+00  0.000E+00  0.000E+00  0.000E+00  0.000E+00
  0.000E+00  0.000E+00  0.000E+00  0.000E+00  1.242E+04  6.055E+03  0.000E+00  0.000E+00  0.000E+00  0.000E+00
  0.000E+00  0.000E+00  0.000E+00  0.000E+00  0.000E+00  0.000E+00  0.000E+00  0.000E+00  0.000E+00  0.000E+00
  0.000E+00  0.000E+00  0.000E+00  0.000E+00  0.000E+00  0.000E+00  0.000E+00  0.000E+00  0.000E+00  0.000E+00
  0.000E+00  0.000E+00  0.000E+00  0.000E+00  0.000E+00  0.000E+00  0.000E+00  0.000E+00  0.000E+00  0.000E+00
  0.000E+00  0.000E+00  0.000E+00  0.000E+00  0.000E+00  8.356E+03  0.000E+00  0.000E+00  0.000E+00  0.000E+00
  0.000E+00  1.669E+04  0.000E+00  0.000E+00  0.000E+00  0.000E+00  0.000E+00  0.000E+00  2.197E+04  0.000E+00
  1.257E+04  0.000E+00  0.000E+00  0.000E+00  0.000E+00  0.000E+00  0.000E+00  0.000E+00  0.000E+00  0.000E+00
  0.000E+00  0.000E+00  0.000E+00  0.000E+00  0.000E+00  0.000E+00  0.000E+00  0.000E+00  0.000E+00  0.000E+00
  0.000E+00  0.000E+00  0.000E+00  0.000E+00  0.000E+00  0.000E+00  0.000E+00  0.000E+00  0.000E+00  0.000E+00
  0.000E+00  0.000E+00  0.000E+00  0.000E+00  0.000E+00  0.000E+00  0.000E+00  0.000E+00  0.000E+00  0.000E+00

#------------------------------------------------------------------------------
# gshow
#------------------------------------------------------------------------------

p: legs[c5*0.875]

w:2/ x(  -0.3019737E+01) y(  -0.4368900E+01) ix(2) iy(2) s(   0.7000E+00)

hb:   line clip z  
frame:
 -4.9998717E+00 -6.9999675E+00
  1.0000013E+02 -6.9999675E+00
  1.0000013E+02  7.0000325E+00
 -4.9998717E+00  7.0000325E+00
clip:
 -6.03947433E+00 -7.13858102E+00
  0.00000000E+00 -7.13858102E+00
  0.00000000E+00 -7.04717916E+00
  0.00000000E+00 -6.99580874E+00
  0.00000000E+00 -6.90440689E+00
  0.00000000E+00 -6.85303647E+00
  0.00000000E+00 -6.76163461E+00
  0.00000000E+00 -6.71026419E+00
  0.00000000E+00 -6.61886233E+00
  0.00000000E+00 -6.56749191E+00
  0.00000000E+00 -6.47609006E+00
  0.00000000E+00 -6.42471964E+00
  0.00000000E+00 -6.33331778E+00
  0.00000000E+00 -6.28194736E+00
  0.00000000E+00 -6.19054550E+00
  0.00000000E+00 -6.13917508E+00
  0.00000000E+00 -6.04777322E+00
  0.00000000E+00 -5.99640280E+00
  0.00000000E+00 -5.90500095E+00
  0.00000000E+00 -5.85363053E+00
  0.00000000E+00 -5.76222867E+00
  0.00000000E+00 -5.71085825E+00
  0.00000000E+00 -5.61945639E+00
  0.00000000E+00 -5.56808597E+00
  0.00000000E+00 -5.47668411E+00
  0.00000000E+00 -5.42531370E+00
  0.00000000E+00 -5.33391184E+00
  0.00000000E+00 -5.28254142E+00
  0.00000000E+00 -5.19113956E+00
  0.00000000E+00 -5.13976914E+00
  0.00000000E+00 -5.04836728E+00
  0.00000000E+00 -4.99699686E+00
  0.00000000E+00 -4.90559501E+00
  0.00000000E+00 -4.85422459E+00
  0.00000000E+00 -4.76282273E+00
  0.00000000E+00 -4.71145231E+00
  0.00000000E+00 -4.62005045E+00
  0.00000000E+00 -4.56868003E+00
  0.00000000E+00 -4.47727817E+00
  0.00000000E+00 -4.42590775E+00
  0.00000000E+00 -4.33450590E+00
  0.00000000E+00 -4.28313548E+00
  0.00000000E+00 -4.19173362E+00
  0.00000000E+00 -4.14036320E+00
  0.00000000E+00 -4.04896134E+00
  0.00000000E+00 -3.99759092E+00
  0.00000000E+00 -3.90618906E+00
  0.00000000E+00 -3.85481865E+00
  0.00000000E+00 -3.76341679E+00
  0.00000000E+00 -3.71204637E+00
  0.00000000E+00 -3.62064451E+00
  0.00000000E+00 -3.56927409E+00
 -1.63279541E-01 -3.49964284E+00
 -6.85513935E-01 -3.49964284E+00
 -1.20774833E+00 -3.49964284E+00
 -1.75630601E+00 -3.49964284E+00
 -2.27854041E+00 -3.49964284E+00
 -2.50000000E+00 -3.42650181E+00
 -2.50000000E+00 -3.38288873E+00
 -2.50000000E+00 -3.28372954E+00
 -2.50000000E+00 -3.24011646E+00
 -2.50000000E+00 -3.14095726E+00
 -2.50000000E+00 -3.09734418E+00
 -2.50000000E+00 -2.99818498E+00
 -2.50000000E+00 -2.95457190E+00
 -2.50000000E+00 -2.85541271E+00
 -2.50000000E+00 -2.81179963E+00
 -2.50000000E+00 -2.71264043E+00
 -2.50000000E+00 -2.66902735E+00
 -2.50000000E+00 -2.56986815E+00
 -2.50000000E+00 -2.52625507E+00
 -2.50000000E+00 -2.42709587E+00
 -2.50000000E+00 -2.38348279E+00
 -2.50000000E+00 -2.28432360E+00
 -2.50000000E+00 -2.24071052E+00
 -2.50000000E+00 -2.14155132E+00
 -2.50000000E+00 -2.09793824E+00
 -2.50000000E+00 -1.99877904E+00
 -2.50000000E+00 -1.95516596E+00
 -2.50000000E+00 -1.85600676E+00
 -2.50000000E+00 -1.81239369E+00
 -2.50000000E+00 -1.71323449E+00
 -2.50000000E+00 -1.66962141E+00
 -2.82709809E+00 -1.59921856E+00
 -3.68221756E+00 -1.59921856E+00
 -3.89789017E+00 -1.59921856E+00
 -4.75300964E+00 -1.59921856E+00
 -4.96868225E+00 -1.59921856E+00
 -5.82380171E+00 -1.59921856E+00
 -6.03947433E+00 -1.59921856E+00
 -6.03947433E+00 -1.71323449E+00
 -6.03947433E+00 -1.85600676E+00
 -6.03947433E+00 -1.99877904E+00
 -6.03947433E+00 -2.14155132E+00
 -6.03947433E+00 -2.28432360E+00
 -6.03947433E+00 -2.42709587E+00
 -6.03947433E+00 -2.56986815E+00
 -6.03947433E+00 -2.71264043E+00
 -6.03947433E+00 -2.85541271E+00
 -6.03947433E+00 -2.99818498E+00
 -6.03947433E+00 -3.14095726E+00
 -6.03947433E+00 -3.28372954E+00
 -6.03947433E+00 -3.42650181E+00
 -6.03947433E+00 -3.56927409E+00
 -6.03947433E+00 -3.71204637E+00
 -6.03947433E+00 -3.85481865E+00
 -6.03947433E+00 -3.99759092E+00
 -6.03947433E+00 -4.14036320E+00
 -6.03947433E+00 -4.28313548E+00
 -6.03947433E+00 -4.42590775E+00
 -6.03947433E+00 -4.56868003E+00
 -6.03947433E+00 -4.71145231E+00
 -6.03947433E+00 -4.85422459E+00
 -6.03947433E+00 -4.99699686E+00
 -6.03947433E+00 -5.13976914E+00
 -6.03947433E+00 -5.28254142E+00
 -6.03947433E+00 -5.42531370E+00
 -6.03947433E+00 -5.56808597E+00
 -6.03947433E+00 -5.71085825E+00
 -6.03947433E+00 -5.85363053E+00
 -6.03947433E+00 -5.99640280E+00
 -6.03947433E+00 -6.13917508E+00
 -6.03947433E+00 -6.28194736E+00
 -6.03947433E+00 -6.42471964E+00
 -6.03947433E+00 -6.56749191E+00
 -6.03947433E+00 -6.71026419E+00
 -6.03947433E+00 -6.85303647E+00
 -6.03947433E+00 -6.99580874E+00
 -6.03947433E+00 -7.13858102E+00

w:2100/ x(   0.1250000E+01) y(   0.3283950E-04) ix(2) iy(2) s(   0.7000E+00)

hb:   line clip z  
frame:
 -4.9998717E+00 -6.9999675E+00
  1.0000013E+02 -6.9999675E+00
  1.0000013E+02  7.0000325E+00
 -4.9998717E+00  7.0000325E+00
clip:
  3.85278144E-01 -7.13858102E+00
  2.50000000E+00 -7.13858102E+00
  2.50000000E+00 -6.99939039E+00
  2.50000000E+00 -6.99580874E+00
  2.50000000E+00 -6.85661811E+00
  2.50000000E+00 -6.85303647E+00
  2.50000000E+00 -6.71384583E+00
  2.50000000E+00 -6.71026419E+00
  2.50000000E+00 -6.57107355E+00
  2.50000000E+00 -6.56749191E+00
  2.50000000E+00 -6.42830128E+00
  2.50000000E+00 -6.42471964E+00
  2.50000000E+00 -6.28552900E+00
  2.50000000E+00 -6.28194736E+00
  2.50000000E+00 -6.14275672E+00
  2.50000000E+00 -6.13917508E+00
  2.50000000E+00 -5.99998444E+00
  2.50000000E+00 -5.99640280E+00
  2.50000000E+00 -5.85721217E+00
  2.50000000E+00 -5.85363053E+00
  2.50000000E+00 -5.71443989E+00
  2.50000000E+00 -5.71085825E+00
  2.50000000E+00 -5.57166761E+00
  2.50000000E+00 -5.56808597E+00
  2.50000000E+00 -5.42889534E+00
  2.50000000E+00 -5.42531370E+00
  2.50000000E+00 -5.28612306E+00
  2.50000000E+00 -5.28254142E+00
  2.50000000E+00 -5.14335078E+00
  2.50000000E+00 -5.13976914E+00
  2.50000000E+00 -5.00057850E+00
  2.50000000E+00 -4.99699686E+00
  2.50000000E+00 -4.85780623E+00
  2.50000000E+00 -4.85422459E+00
  2.50000000E+00 -4.71503395E+00
  2.50000000E+00 -4.71145231E+00
  2.50000000E+00 -4.57226167E+00
  2.50000000E+00 -4.56868003E+00
  2.50000000E+00 -4.42948939E+00
  2.50000000E+00 -4.42590775E+00
  2.50000000E+00 -4.28671712E+00
  2.50000000E+00 -4.28313548E+00
  2.50000000E+00 -4.14394484E+00
  2.50000000E+00 -4.14036320E+00
  2.50000000E+00 -4.00117256E+00
  2.50000000E+00 -3.99759092E+00
  2.50000000E+00 -3.85840029E+00
  2.50000000E+00 -3.85481865E+00
  2.50000000E+00 -3.71562801E+00
  2.50000000E+00 -3.71204637E+00
  2.50000000E+00 -3.57285573E+00
  2.50000000E+00 -3.56927409E+00
  2.35062591E+00 -3.45000000E+00
  1.87000000E+00 -3.42650181E+00
  1.87000000E+00 -3.37131118E+00
  1.87000000E+00 -3.28372954E+00
  1.87000000E+00 -3.22853890E+00
  1.87000000E+00 -3.14095726E+00
  1.87000000E+00 -3.08576662E+00
  1.87000000E+00 -2.99818498E+00
  1.87000000E+00 -2.94299435E+00
  1.87000000E+00 -2.85541271E+00
  1.87000000E+00 -2.80022207E+00
  1.87000000E+00 -2.71264043E+00
  1.87000000E+00 -2.65744979E+00
  1.87000000E+00 -2.56986815E+00
  1.87000000E+00 -2.51467751E+00
  1.87000000E+00 -2.42709587E+00
  1.87000000E+00 -2.37190524E+00
  1.87000000E+00 -2.28432360E+00
  1.87000000E+00 -2.22913296E+00
  1.87000000E+00 -2.14155132E+00
  1.87000000E+00 -2.08636068E+00
  1.87000000E+00 -1.99877904E+00
  1.87000000E+00 -1.94358840E+00
  1.87000000E+00 -1.85600676E+00
  1.87000000E+00 -1.80081613E+00
  1.87000000E+00 -1.71323449E+00
  1.87000000E+00 -1.65804385E+00
  1.87000000E+00 -1.57046221E+00
  1.87000000E+00 -1.51527157E+00
  1.87000000E+00 -1.42768993E+00
  1.87000000E+00 -1.37249930E+00
  1.87000000E+00 -1.28491766E+00
  1.87000000E+00 -1.22972702E+00
  1.87000000E+00 -1.14214538E+00
  1.87000000E+00 -1.08695474E+00
  1.87000000E+00 -9.99373101E-01
  1.87000000E+00 -9.44182464E-01
  1.87000000E+00 -8.56600824E-01
  1.87000000E+00 -8.01410187E-01
  1.87000000E+00 -7.13828547E-01
  1.87000000E+00 -6.58637910E-01
  1.87000000E+00 -5.71056269E-01
  1.87000000E+00 -5.15865633E-01
  1.87000000E+00 -4.28283992E-01
  1.87000000E+00 -3.73093355E-01
  1.87000000E+00 -2.85511715E-01
  1.87000000E+00 -2.30321078E-01
  1.87000000E+00 -1.42739438E-01
  1.87000000E+00 -8.75488009E-02
  1.87000000E+00  3.28395046E-05
  1.87000000E+00  5.52234763E-02
  1.87000000E+00  1.42805117E-01
  1.87000000E+00  1.97995754E-01
  1.87000000E+00  2.85577394E-01
  1.87000000E+00  3.40768031E-01
  1.87000000E+00  4.28349671E-01
  1.87000000E+00  4.83540308E-01
  1.87000000E+00  5.71121948E-01
  1.87000000E+00  6.26312585E-01
  1.87000000E+00  7.13894226E-01
  1.87000000E+00  7.69084862E-01
  1.87000000E+00  8.56666503E-01
  1.87000000E+00  9.11857140E-01
  1.87000000E+00  9.99438780E-01
  1.87000000E+00  1.05462942E+00
  1.87000000E+00  1.14221106E+00
  1.87000000E+00  1.19740169E+00
  1.87000000E+00  1.28498333E+00
  1.87000000E+00  1.34017397E+00
  1.87000000E+00  1.42775561E+00
  1.87000000E+00  1.48294625E+00
  1.87000000E+00  1.57052789E+00
  1.87000000E+00  1.62571853E+00
  1.87000000E+00  1.71330017E+00
  1.87000000E+00  1.76849080E+00
  1.87000000E+00  1.85607244E+00
  1.87000000E+00  1.91126308E+00
  1.87000000E+00  1.99884472E+00
  1.87000000E+00  2.05403536E+00
  1.87000000E+00  2.14161700E+00
  1.87000000E+00  2.19680763E+00
  1.87000000E+00  2.28438928E+00
  1.87000000E+00  2.33957991E+00
  1.87000000E+00  2.42716155E+00
  1.87000000E+00  2.48235219E+00
  1.87000000E+00  2.56993383E+00
  1.87000000E+00  2.62512447E+00
  1.87000000E+00  2.71270611E+00
  1.87000000E+00  2.76789674E+00
  1.87000000E+00  2.85547838E+00
  1.87000000E+00  2.91066902E+00
  1.87000000E+00  2.99825066E+00
  1.87000000E+00  3.05344130E+00
  1.87000000E+00  3.14102294E+00
  1.87000000E+00  3.19621358E+00
  1.87000000E+00  3.28379522E+00
  1.87000000E+00  3.33898585E+00
  2.50000000E+00  3.56575813E+00
  2.50000000E+00  7.13864670E+00
  1.45607022E+00  7.13864670E+00
  3.85278144E-01  7.13864670E+00
  0.00000000E+00  7.13864670E+00
  0.00000000E+00  7.08727628E+00
  0.00000000E+00  6.99587442E+00
  0.00000000E+00  6.94450400E+00
  0.00000000E+00  6.85310215E+00
  0.00000000E+00  6.80173173E+00
  0.00000000E+00  6.71032987E+00
  0.00000000E+00  6.65895945E+00
  0.00000000E+00  6.56755759E+00
  0.00000000E+00  6.51618717E+00
  0.00000000E+00  6.42478531E+00
  0.00000000E+00  6.37341490E+00
  0.00000000E+00  6.28201304E+00
  0.00000000E+00  6.23064262E+00
  0.00000000E+00  6.13924076E+00
  0.00000000E+00  6.08787034E+00
  0.00000000E+00  5.99646848E+00
  0.00000000E+00  5.94509806E+00
  0.00000000E+00  5.85369621E+00
  0.00000000E+00  5.80232579E+00
  0.00000000E+00  5.71092393E+00
  0.00000000E+00  5.65955351E+00
  0.00000000E+00  5.56815165E+00
  0.00000000E+00  5.51678123E+00
  0.00000000E+00  5.42537937E+00
  0.00000000E+00  5.37400895E+00
  0.00000000E+00  5.28260710E+00
  0.00000000E+00  5.23123668E+00
  0.00000000E+00  5.13983482E+00
  0.00000000E+00  5.08846440E+00
  0.00000000E+00  4.99706254E+00
  0.00000000E+00  4.94569212E+00
  0.00000000E+00  4.85429027E+00
  0.00000000E+00  4.80291985E+00
  0.00000000E+00  4.71151799E+00
  0.00000000E+00  4.66014757E+00
  0.00000000E+00  4.56874571E+00
  0.00000000E+00  4.51737529E+00
  0.00000000E+00  4.42597343E+00
  0.00000000E+00  4.37460301E+00
  0.00000000E+00  4.28320116E+00
  0.00000000E+00  4.23183074E+00
  0.00000000E+00  4.14042888E+00
  0.00000000E+00  4.08905846E+00
  0.00000000E+00  3.99765660E+00
  0.00000000E+00  3.94628618E+00
  0.00000000E+00  3.85488432E+00
  0.00000000E+00  3.80351391E+00
  0.00000000E+00  3.71211205E+00
  0.00000000E+00  3.66074163E+00
  0.00000000E+00  3.56933977E+00
  0.00000000E+00  3.51796935E+00
  0.00000000E+00  3.42656749E+00
  0.00000000E+00  3.37519707E+00
  0.00000000E+00  3.28379522E+00
  0.00000000E+00  3.23242480E+00
  0.00000000E+00  3.14102294E+00
  0.00000000E+00  3.08965252E+00
  0.00000000E+00  2.99825066E+00
  0.00000000E+00  2.94688024E+00
  0.00000000E+00  2.85547838E+00
  0.00000000E+00  2.80410796E+00
  0.00000000E+00  2.71270611E+00
  0.00000000E+00  2.66133569E+00
  0.00000000E+00  2.56993383E+00
  0.00000000E+00  2.51856341E+00
  0.00000000E+00  2.42716155E+00
  0.00000000E+00  2.37579113E+00
  0.00000000E+00  2.28438928E+00
  0.00000000E+00  2.23301886E+00
  0.00000000E+00  2.14161700E+00
  0.00000000E+00  2.09024658E+00
  0.00000000E+00  1.99884472E+00
  0.00000000E+00  1.94747430E+00
  0.00000000E+00  1.85607244E+00
  0.00000000E+00  1.80470202E+00
  0.00000000E+00  1.71330017E+00
  0.00000000E+00  1.66192975E+00
  0.00000000E+00  1.57052789E+00
  0.00000000E+00  1.51915747E+00
  0.00000000E+00  1.42775561E+00
  0.00000000E+00  1.37638519E+00
  0.00000000E+00  1.28498333E+00
  0.00000000E+00  1.23361292E+00
  0.00000000E+00  1.14221106E+00
  0.00000000E+00  1.09084064E+00
  0.00000000E+00  9.99438780E-01
  0.00000000E+00  9.48068361E-01
  0.00000000E+00  8.56666503E-01
  0.00000000E+00  8.05296084E-01
  0.00000000E+00  7.13894226E-01
  0.00000000E+00  6.62523806E-01
  0.00000000E+00  5.71121948E-01
  0.00000000E+00  5.19751529E-01
  0.00000000E+00  4.28349671E-01
  0.00000000E+00  3.76979252E-01
  0.00000000E+00  2.85577394E-01
  0.00000000E+00  2.34206975E-01
  0.00000000E+00  1.42805117E-01
  0.00000000E+00  9.14346975E-02
  0.00000000E+00  3.28395046E-05
  0.00000000E+00 -5.13375798E-02
  0.00000000E+00 -1.42739438E-01
  0.00000000E+00 -1.94109857E-01
  0.00000000E+00 -2.85511715E-01
  0.00000000E+00 -3.36882134E-01
  0.00000000E+00 -4.28283992E-01
  0.00000000E+00 -4.79654411E-01
  0.00000000E+00 -5.71056269E-01
  0.00000000E+00 -6.22426689E-01
  0.00000000E+00 -7.13828547E-01
  0.00000000E+00 -7.65198966E-01
  0.00000000E+00 -8.56600824E-01
  0.00000000E+00 -9.07971243E-01
  0.00000000E+00 -9.99373101E-01
  0.00000000E+00 -1.05074352E+00
  0.00000000E+00 -1.14214538E+00
  0.00000000E+00 -1.19351580E+00
  0.00000000E+00 -1.28491766E+00
  0.00000000E+00 -1.33628807E+00
  0.00000000E+00 -1.42768993E+00
  0.00000000E+00 -1.47906035E+00
  0.00000000E+00 -1.57046221E+00
  0.00000000E+00 -1.62183263E+00
  0.00000000E+00 -1.71323449E+00
  0.00000000E+00 -1.76460491E+00
  0.00000000E+00 -1.85600676E+00
  0.00000000E+00 -1.90737718E+00
  0.00000000E+00 -1.99877904E+00
  0.00000000E+00 -2.05014946E+00
  0.00000000E+00 -2.14155132E+00
  0.00000000E+00 -2.19292174E+00
  0.00000000E+00 -2.28432360E+00
  0.00000000E+00 -2.33569402E+00
  0.00000000E+00 -2.42709587E+00
  0.00000000E+00 -2.47846629E+00
  0.00000000E+00 -2.56986815E+00
  0.00000000E+00 -2.62123857E+00
  0.00000000E+00 -2.71264043E+00
  0.00000000E+00 -2.76401085E+00
  0.00000000E+00 -2.85541271E+00
  0.00000000E+00 -2.90678312E+00
  0.00000000E+00 -2.99818498E+00
  0.00000000E+00 -3.04955540E+00
  0.00000000E+00 -3.14095726E+00
  0.00000000E+00 -3.19232768E+00
  0.00000000E+00 -3.28372954E+00
  0.00000000E+00 -3.33509996E+00
  0.00000000E+00 -3.42650181E+00
  0.00000000E+00 -3.47787223E+00
  0.00000000E+00 -3.56927409E+00
  0.00000000E+00 -3.62064451E+00
  0.00000000E+00 -3.71204637E+00
  0.00000000E+00 -3.76341679E+00
  0.00000000E+00 -3.85481865E+00
  0.00000000E+00 -3.90618906E+00
  0.00000000E+00 -3.99759092E+00
  0.00000000E+00 -4.04896134E+00
  0.00000000E+00 -4.14036320E+00
  0.00000000E+00 -4.19173362E+00
  0.00000000E+00 -4.28313548E+00
  0.00000000E+00 -4.33450590E+00
  0.00000000E+00 -4.42590775E+00
  0.00000000E+00 -4.47727817E+00
  0.00000000E+00 -4.56868003E+00
  0.00000000E+00 -4.62005045E+00
  0.00000000E+00 -4.71145231E+00
  0.00000000E+00 -4.76282273E+00
  0.00000000E+00 -4.85422459E+00
  0.00000000E+00 -4.90559501E+00
  0.00000000E+00 -4.99699686E+00
  0.00000000E+00 -5.04836728E+00
  0.00000000E+00 -5.13976914E+00
  0.00000000E+00 -5.19113956E+00
  0.00000000E+00 -5.28254142E+00
  0.00000000E+00 -5.33391184E+00
  0.00000000E+00 -5.42531370E+00
  0.00000000E+00 -5.47668411E+00
  0.00000000E+00 -5.56808597E+00
  0.00000000E+00 -5.61945639E+00
  0.00000000E+00 -5.71085825E+00
  0.00000000E+00 -5.76222867E+00
  0.00000000E+00 -5.85363053E+00
  0.00000000E+00 -5.90500095E+00
  0.00000000E+00 -5.99640280E+00
  0.00000000E+00 -6.04777322E+00
  0.00000000E+00 -6.13917508E+00
  0.00000000E+00 -6.19054550E+00
  0.00000000E+00 -6.28194736E+00
  0.00000000E+00 -6.33331778E+00
  0.00000000E+00 -6.42471964E+00
  0.00000000E+00 -6.47609006E+00
  0.00000000E+00 -6.56749191E+00
  0.00000000E+00 -6.61886233E+00
  0.00000000E+00 -6.71026419E+00
  0.00000000E+00 -6.76163461E+00
  0.00000000E+00 -6.85303647E+00
  0.00000000E+00 -6.90440689E+00
  0.00000000E+00 -6.99580874E+00
  0.00000000E+00 -7.04717916E+00
  0.00000000E+00 -7.13858102E+00

w:2108/ x(   0.2650000E+01) y(  -0.5294291E+01) ix(2) iy(2) s(   0.7000E+00)

hb:   line clip z  
frame:
 -4.9998717E+00 -6.9999675E+00
  1.0000013E+02 -6.9999675E+00
  1.0000013E+02  7.0000325E+00
 -4.9998717E+00  7.0000325E+00
clip:
  2.52686230E+00 -7.13858102E+00
  2.80000000E+00 -7.13858102E+00
  2.80000000E+00 -7.10216266E+00
  2.80000000E+00 -6.99580874E+00
  2.80000000E+00 -6.95939039E+00
  2.80000000E+00 -6.85303647E+00
  2.80000000E+00 -6.81661811E+00
  2.80000000E+00 -6.71026419E+00
  2.80000000E+00 -6.67384583E+00
  2.80000000E+00 -6.56749191E+00
  2.80000000E+00 -6.53107355E+00
  2.80000000E+00 -6.42471964E+00
  2.80000000E+00 -6.38830128E+00
  2.80000000E+00 -6.28194736E+00
  2.80000000E+00 -6.24552900E+00
  2.80000000E+00 -6.13917508E+00
  2.80000000E+00 -6.10275672E+00
  2.80000000E+00 -5.99640280E+00
  2.80000000E+00 -5.95998444E+00
  2.80000000E+00 -5.85363053E+00
  2.80000000E+00 -5.81721217E+00
  2.80000000E+00 -5.71085825E+00
  2.80000000E+00 -5.67443989E+00
  2.80000000E+00 -5.56808597E+00
  2.80000000E+00 -5.53166761E+00
  2.80000000E+00 -5.42531370E+00
  2.80000000E+00 -5.38889534E+00
  2.80000000E+00 -5.28254142E+00
  2.80000000E+00 -5.24612306E+00
  2.80000000E+00 -5.13976914E+00
  2.80000000E+00 -5.10335078E+00
  2.80000000E+00 -4.99699686E+00
  2.80000000E+00 -4.96057850E+00
  2.80000000E+00 -4.85422459E+00
  2.80000000E+00 -4.81780623E+00
  2.80000000E+00 -4.71145231E+00
  2.80000000E+00 -4.67503395E+00
  2.80000000E+00 -4.56868003E+00
  2.80000000E+00 -4.53226167E+00
  2.80000000E+00 -4.42590775E+00
  2.80000000E+00 -4.38948939E+00
  2.80000000E+00 -4.28313548E+00
  2.80000000E+00 -4.24671712E+00
  2.80000000E+00 -4.14036320E+00
  2.80000000E+00 -4.10394484E+00
  2.80000000E+00 -3.99759092E+00
  2.80000000E+00 -3.96117256E+00
  2.80000000E+00 -3.85481865E+00
  2.80000000E+00 -3.81840029E+00
  2.80000000E+00 -3.71204637E+00
  2.80000000E+00 -3.67562801E+00
  2.80000000E+00 -3.56927409E+00
  2.80000000E+00 -3.53285573E+00
  2.52686230E+00 -3.45000000E+00
  2.50000000E+00 -3.56569245E+00
  2.50000000E+00 -3.56927409E+00
  2.50000000E+00 -3.57285573E+00
  2.50000000E+00 -3.71204637E+00
  2.50000000E+00 -3.71562801E+00
  2.50000000E+00 -3.85481865E+00
  2.50000000E+00 -3.85840029E+00
  2.50000000E+00 -3.99759092E+00
  2.50000000E+00 -4.00117256E+00
  2.50000000E+00 -4.14036320E+00
  2.50000000E+00 -4.14394484E+00
  2.50000000E+00 -4.28313548E+00
  2.50000000E+00 -4.28671712E+00
  2.50000000E+00 -4.42590775E+00
  2.50000000E+00 -4.42948939E+00
  2.50000000E+00 -4.56868003E+00
  2.50000000E+00 -4.57226167E+00
  2.50000000E+00 -4.71145231E+00
  2.50000000E+00 -4.71503395E+00
  2.50000000E+00 -4.85422459E+00
  2.50000000E+00 -4.85780623E+00
  2.50000000E+00 -4.99699686E+00
  2.50000000E+00 -5.00057850E+00
  2.50000000E+00 -5.13976914E+00
  2.50000000E+00 -5.14335078E+00
  2.50000000E+00 -5.28254142E+00
  2.50000000E+00 -5.28612306E+00
  2.50000000E+00 -5.42531370E+00
  2.50000000E+00 -5.42889534E+00
  2.50000000E+00 -5.56808597E+00
  2.50000000E+00 -5.57166761E+00
  2.50000000E+00 -5.71085825E+00
  2.50000000E+00 -5.71443989E+00
  2.50000000E+00 -5.85363053E+00
  2.50000000E+00 -5.85721217E+00
  2.50000000E+00 -5.99640280E+00
  2.50000000E+00 -5.99998444E+00
  2.50000000E+00 -6.13917508E+00
  2.50000000E+00 -6.14275672E+00
  2.50000000E+00 -6.28194736E+00
  2.50000000E+00 -6.28552900E+00
  2.50000000E+00 -6.42471964E+00
  2.50000000E+00 -6.42830128E+00
  2.50000000E+00 -6.56749191E+00
  2.50000000E+00 -6.57107355E+00
  2.50000000E+00 -6.71026419E+00
  2.50000000E+00 -6.71384583E+00
  2.50000000E+00 -6.85303647E+00
  2.50000000E+00 -6.85661811E+00
  2.50000000E+00 -6.99580874E+00
  2.50000000E+00 -6.99939039E+00
  2.50000000E+00 -7.13858102E+00

w:2/ x(   0.4450000E+01) y(   0.3283950E-04) ix(2) iy(2) s(   0.7000E+00)

hb:   line clip z  
frame:
 -4.9998717E+00 -6.9999675E+00
  1.0000013E+02 -6.9999675E+00
  1.0000013E+02  7.0000325E+00
 -4.9998717E+00  7.0000325E+00
clip:
  3.59765438E+00 -7.13858102E+00
  6.00000000E+00 -7.13858102E+00
  6.00000000E+00 -7.10381283E+00
  6.00000000E+00 -6.99580874E+00
  6.00000000E+00 -6.96104055E+00
  6.00000000E+00 -6.85303647E+00
  6.00000000E+00 -6.81826827E+00
  6.00000000E+00 -6.71026419E+00
  6.00000000E+00 -6.67549600E+00
  6.00000000E+00 -6.56749191E+00
  6.00000000E+00 -6.53272372E+00
  6.00000000E+00 -6.42471964E+00
  6.00000000E+00 -6.38995144E+00
  6.00000000E+00 -6.28194736E+00
  6.00000000E+00 -6.24717916E+00
  6.00000000E+00 -6.13917508E+00
  6.00000000E+00 -6.10440689E+00
  6.00000000E+00 -5.99640280E+00
  6.00000000E+00 -5.96163461E+00
  6.00000000E+00 -5.85363053E+00
  6.00000000E+00 -5.81886233E+00
  6.00000000E+00 -5.71085825E+00
  6.00000000E+00 -5.67609006E+00
  6.00000000E+00 -5.56808597E+00
  6.00000000E+00 -5.53331778E+00
  6.00000000E+00 -5.42531370E+00
  6.00000000E+00 -5.39054550E+00
  6.00000000E+00 -5.28254142E+00
  6.00000000E+00 -5.24777322E+00
  6.00000000E+00 -5.13976914E+00
  6.00000000E+00 -5.10500095E+00
  6.00000000E+00 -4.99699686E+00
  6.00000000E+00 -4.96222867E+00
  6.00000000E+00 -4.85422459E+00
  6.00000000E+00 -4.81945639E+00
  6.00000000E+00 -4.71145231E+00
  6.00000000E+00 -4.67668411E+00
  6.00000000E+00 -4.56868003E+00
  6.00000000E+00 -4.53391184E+00
  6.00000000E+00 -4.42590775E+00
  6.00000000E+00 -4.39113956E+00
  6.00000000E+00 -4.28313548E+00
  6.00000000E+00 -4.24836728E+00
  6.00000000E+00 -4.14036320E+00
  6.00000000E+00 -4.10559501E+00
  6.00000000E+00 -3.99759092E+00
  6.00000000E+00 -3.96282273E+00
  6.00000000E+00 -3.85481865E+00
  6.00000000E+00 -3.82005045E+00
  6.00000000E+00 -3.71204637E+00
  6.00000000E+00 -3.67727817E+00
  6.00000000E+00 -3.56927409E+00
  6.00000000E+00 -3.53450590E+00
  6.00000000E+00 -3.42650181E+00
  6.00000000E+00 -3.39173362E+00
  6.00000000E+00 -3.28372954E+00
  6.00000000E+00 -3.24896134E+00
  6.00000000E+00 -3.14095726E+00
  6.00000000E+00 -3.10618906E+00
  6.00000000E+00 -2.99818498E+00
  6.00000000E+00 -2.96341679E+00
  6.00000000E+00 -2.85541271E+00
  6.00000000E+00 -2.82064451E+00
  6.00000000E+00 -2.71264043E+00
  6.00000000E+00 -2.67787223E+00
  6.00000000E+00 -2.56986815E+00
  6.00000000E+00 -2.53509996E+00
  6.00000000E+00 -2.42709587E+00
  6.00000000E+00 -2.39232768E+00
  6.00000000E+00 -2.28432360E+00
  6.00000000E+00 -2.24955540E+00
  6.00000000E+00 -2.14155132E+00
  6.00000000E+00 -2.10678312E+00
  6.00000000E+00 -1.99877904E+00
  6.00000000E+00 -1.96401085E+00
  6.00000000E+00 -1.85600676E+00
  6.00000000E+00 -1.82123857E+00
  6.00000000E+00 -1.71323449E+00
  6.00000000E+00 -1.67846629E+00
  6.00000000E+00 -1.57046221E+00
  6.00000000E+00 -1.53569402E+00
  6.00000000E+00 -1.42768993E+00
  6.00000000E+00 -1.39292174E+00
  6.00000000E+00 -1.28491766E+00
  6.00000000E+00 -1.25014946E+00
  6.00000000E+00 -1.14214538E+00
  6.00000000E+00 -1.10737718E+00
  6.00000000E+00 -9.99373101E-01
  6.00000000E+00 -9.64604906E-01
  6.00000000E+00 -8.56600824E-01
  6.00000000E+00 -8.21832629E-01
  6.00000000E+00 -7.13828547E-01
  6.00000000E+00 -6.79060352E-01
  6.00000000E+00 -5.71056269E-01
  6.00000000E+00 -5.36288075E-01
  6.00000000E+00 -4.28283992E-01
  6.00000000E+00 -3.93515798E-01
  6.00000000E+00 -2.85511715E-01
  6.00000000E+00 -2.50743520E-01
  6.00000000E+00 -1.42739438E-01
  6.00000000E+00 -1.07971243E-01
  6.00000000E+00  3.28395046E-05
  6.00000000E+00  3.48010341E-02
  6.00000000E+00  1.42805117E-01
  6.00000000E+00  1.77573311E-01
  6.00000000E+00  2.85577394E-01
  6.00000000E+00  3.20345589E-01
  6.00000000E+00  4.28349671E-01
  6.00000000E+00  4.63117866E-01
  6.00000000E+00  5.71121948E-01
  6.00000000E+00  6.05890143E-01
  6.00000000E+00  7.13894226E-01
  6.00000000E+00  7.48662420E-01
  6.00000000E+00  8.56666503E-01
  6.00000000E+00  8.91434697E-01
  6.00000000E+00  9.99438780E-01
  6.00000000E+00  1.03420697E+00
  6.00000000E+00  1.14221106E+00
  6.00000000E+00  1.17697925E+00
  6.00000000E+00  1.28498333E+00
  6.00000000E+00  1.31975153E+00
  6.00000000E+00  1.42775561E+00
  6.00000000E+00  1.46252381E+00
  6.00000000E+00  1.57052789E+00
  6.00000000E+00  1.60529608E+00
  6.00000000E+00  1.71330017E+00
  6.00000000E+00  1.74806836E+00
  6.00000000E+00  1.85607244E+00
  6.00000000E+00  1.89084064E+00
  6.00000000E+00  1.99884472E+00
  6.00000000E+00  2.03361292E+00
  6.00000000E+00  2.14161700E+00
  6.00000000E+00  2.17638519E+00
  6.00000000E+00  2.28438928E+00
  6.00000000E+00  2.31915747E+00
  6.00000000E+00  2.42716155E+00
  6.00000000E+00  2.46192975E+00
  6.00000000E+00  2.56993383E+00
  6.00000000E+00  2.60470202E+00
  6.00000000E+00  2.71270611E+00
  6.00000000E+00  2.74747430E+00
  6.00000000E+00  2.85547838E+00
  6.00000000E+00  2.89024658E+00
  6.00000000E+00  2.99825066E+00
  6.00000000E+00  3.03301886E+00
  6.00000000E+00  3.14102294E+00
  6.00000000E+00  3.17579113E+00
  6.00000000E+00  3.28379522E+00
  6.00000000E+00  3.31856341E+00
  6.00000000E+00  3.42656749E+00
  6.00000000E+00  3.46133569E+00
  6.00000000E+00  3.56933977E+00
  6.00000000E+00  3.60410796E+00
  6.00000000E+00  3.71211205E+00
  6.00000000E+00  3.74688024E+00
  6.00000000E+00  3.85488432E+00
  6.00000000E+00  3.88965252E+00
  6.00000000E+00  3.99765660E+00
  6.00000000E+00  4.03242480E+00
  6.00000000E+00  4.14042888E+00
  6.00000000E+00  4.17519707E+00
  6.00000000E+00  4.28320116E+00
  6.00000000E+00  4.31796935E+00
  6.00000000E+00  4.42597343E+00
  6.00000000E+00  4.46074163E+00
  6.00000000E+00  4.56874571E+00
  6.00000000E+00  4.60351391E+00
  6.00000000E+00  4.71151799E+00
  6.00000000E+00  4.74628618E+00
  6.00000000E+00  4.85429027E+00
  6.00000000E+00  4.88905846E+00
  6.00000000E+00  4.99706254E+00
  6.00000000E+00  5.03183074E+00
  6.00000000E+00  5.13983482E+00
  6.00000000E+00  5.17460301E+00
  6.00000000E+00  5.28260710E+00
  6.00000000E+00  5.31737529E+00
  6.00000000E+00  5.42537937E+00
  6.00000000E+00  5.46014757E+00
  6.00000000E+00  5.56815165E+00
  6.00000000E+00  5.60291985E+00
  6.00000000E+00  5.71092393E+00
  6.00000000E+00  5.74569212E+00
  6.00000000E+00  5.85369621E+00
  6.00000000E+00  5.88846440E+00
  6.00000000E+00  5.99646848E+00
  6.00000000E+00  6.03123668E+00
  6.00000000E+00  6.13924076E+00
  6.00000000E+00  6.17400895E+00
  6.00000000E+00  6.28201304E+00
  6.00000000E+00  6.31678123E+00
  6.00000000E+00  6.42478531E+00
  6.00000000E+00  6.45955351E+00
  6.00000000E+00  6.56755759E+00
  6.00000000E+00  6.60232579E+00
  6.00000000E+00  6.71032987E+00
  6.00000000E+00  6.74509806E+00
  6.00000000E+00  6.85310215E+00
  6.00000000E+00  6.88787034E+00
  6.00000000E+00  6.99587442E+00
  6.00000000E+00  7.03064262E+00
  6.00000000E+00  7.13864670E+00
  5.73923854E+00  7.13864670E+00
  4.66844646E+00  7.13864670E+00
  3.59765438E+00  7.13864670E+00
  2.90000000E+00  7.13864670E+00
  2.90000000E+00  7.04562612E+00
  2.90000000E+00  6.99587442E+00
  2.90000000E+00  6.90285384E+00
  2.90000000E+00  6.85310215E+00
  2.90000000E+00  6.76008156E+00
  2.90000000E+00  6.71032987E+00
  2.90000000E+00  6.61730928E+00
  2.90000000E+00  6.56755759E+00
  2.90000000E+00  6.47453701E+00
  2.90000000E+00  6.42478531E+00
  2.90000000E+00  6.33176473E+00
  2.90000000E+00  6.28201304E+00
  2.90000000E+00  6.18899245E+00
  2.90000000E+00  6.13924076E+00
  2.90000000E+00  6.04622018E+00
  2.90000000E+00  5.99646848E+00
  2.90000000E+00  5.90344790E+00
  2.90000000E+00  5.85369621E+00
  2.90000000E+00  5.76067562E+00
  2.90000000E+00  5.71092393E+00
  2.90000000E+00  5.61790334E+00
  2.90000000E+00  5.56815165E+00
  2.90000000E+00  5.47513107E+00
  2.90000000E+00  5.42537937E+00
  2.90000000E+00  5.33235879E+00
  2.90000000E+00  5.28260710E+00
  2.90000000E+00  5.18958651E+00
  2.90000000E+00  5.13983482E+00
  2.90000000E+00  5.04681424E+00
  2.90000000E+00  4.99706254E+00
  2.90000000E+00  4.90404196E+00
  2.90000000E+00  4.85429027E+00
  2.90000000E+00  4.76126968E+00
  2.90000000E+00  4.71151799E+00
  2.90000000E+00  4.61849740E+00
  2.90000000E+00  4.56874571E+00
  2.90000000E+00  4.47572513E+00
  2.90000000E+00  4.42597343E+00
  2.90000000E+00  4.33295285E+00
  2.90000000E+00  4.28320116E+00
  2.90000000E+00  4.19018057E+00
  2.90000000E+00  4.14042888E+00
  2.90000000E+00  4.04740829E+00
  2.90000000E+00  3.99765660E+00
  2.90000000E+00  3.90463602E+00
  2.90000000E+00  3.85488432E+00
  2.90000000E+00  3.76186374E+00
  2.90000000E+00  3.71211205E+00
  2.90000000E+00  3.61909146E+00
  2.90000000E+00  3.56933977E+00
  2.90000000E+00  3.47631919E+00
  2.90000000E+00  3.42656749E+00
  2.90000000E+00  3.33354691E+00
  2.90000000E+00  3.28379522E+00
  2.90000000E+00  3.19077463E+00
  2.90000000E+00  3.14102294E+00
  2.90000000E+00  3.04800235E+00
  2.90000000E+00  2.99825066E+00
  2.90000000E+00  2.90523008E+00
  2.90000000E+00  2.85547838E+00
  2.90000000E+00  2.76245780E+00
  2.90000000E+00  2.71270611E+00
  2.90000000E+00  2.61968552E+00
  2.90000000E+00  2.56993383E+00
  2.90000000E+00  2.47691325E+00
  2.90000000E+00  2.42716155E+00
  2.90000000E+00  2.33414097E+00
  2.90000000E+00  2.28438928E+00
  2.90000000E+00  2.19136869E+00
  2.90000000E+00  2.14161700E+00
  2.90000000E+00  2.04859641E+00
  2.90000000E+00  1.99884472E+00
  2.90000000E+00  1.90582414E+00
  2.90000000E+00  1.85607244E+00
  2.90000000E+00  1.76305186E+00
  2.90000000E+00  1.71330017E+00
  2.90000000E+00  1.62027958E+00
  2.90000000E+00  1.57052789E+00
  2.90000000E+00  1.47750730E+00
  2.90000000E+00  1.42775561E+00
  2.90000000E+00  1.33473503E+00
  2.90000000E+00  1.28498333E+00
  2.90000000E+00  1.19196275E+00
  2.90000000E+00  1.14221106E+00
  2.90000000E+00  1.04919047E+00
  2.90000000E+00  9.99438780E-01
  2.90000000E+00  9.06418196E-01
  2.90000000E+00  8.56666503E-01
  2.90000000E+00  7.63645919E-01
  2.90000000E+00  7.13894226E-01
  2.90000000E+00  6.20873641E-01
  2.90000000E+00  5.71121948E-01
  2.90000000E+00  4.78101364E-01
  2.90000000E+00  4.28349671E-01
  2.90000000E+00  3.35329087E-01
  2.90000000E+00  2.85577394E-01
  2.90000000E+00  1.92556810E-01
  2.90000000E+00  1.42805117E-01
  2.90000000E+00  4.97845325E-02
  2.90000000E+00  3.28395046E-05
  2.90000000E+00 -9.29877448E-02
  2.90000000E+00 -1.42739438E-01
  2.90000000E+00 -2.35760022E-01
  2.90000000E+00 -2.85511715E-01
  2.90000000E+00 -3.78532299E-01
  2.90000000E+00 -4.28283992E-01
  2.90000000E+00 -5.21304576E-01
  2.90000000E+00 -5.71056269E-01
  2.90000000E+00 -6.64076854E-01
  2.90000000E+00 -7.13828547E-01
  2.90000000E+00 -8.06849131E-01
  2.90000000E+00 -8.56600824E-01
  2.90000000E+00 -9.49621408E-01
  2.90000000E+00 -9.99373101E-01
  2.90000000E+00 -1.09239369E+00
  2.90000000E+00 -1.14214538E+00
  2.90000000E+00 -1.23516596E+00
  2.90000000E+00 -1.28491766E+00
  2.90000000E+00 -1.37793824E+00
  2.90000000E+00 -1.42768993E+00
  2.90000000E+00 -1.52071052E+00
  2.90000000E+00 -1.57046221E+00
  2.90000000E+00 -1.66348279E+00
  2.90000000E+00 -1.71323449E+00
  2.90000000E+00 -1.80625507E+00
  2.90000000E+00 -1.85600676E+00
  2.90000000E+00 -1.94902735E+00
  2.90000000E+00 -1.99877904E+00
  2.90000000E+00 -2.09179963E+00
  2.90000000E+00 -2.14155132E+00
  2.90000000E+00 -2.23457190E+00
  2.90000000E+00 -2.28432360E+00
  2.90000000E+00 -2.37734418E+00
  2.90000000E+00 -2.42709587E+00
  2.90000000E+00 -2.52011646E+00
  2.90000000E+00 -2.56986815E+00
  2.90000000E+00 -2.66288873E+00
  2.90000000E+00 -2.71264043E+00
  2.90000000E+00 -2.80566101E+00
  2.90000000E+00 -2.85541271E+00
  2.90000000E+00 -2.94843329E+00
  2.90000000E+00 -2.99818498E+00
  2.90000000E+00 -3.09120557E+00
  2.90000000E+00 -3.14095726E+00
  2.90000000E+00 -3.23397784E+00
  2.90000000E+00 -3.28372954E+00
  2.90000000E+00 -3.37675012E+00
  2.90000000E+00 -3.42650181E+00
  2.90000000E+00 -3.51952240E+00
  2.90000000E+00 -3.56927409E+00
  2.90000000E+00 -3.66229468E+00
  2.90000000E+00 -3.71204637E+00
  2.90000000E+00 -3.80506695E+00
  2.90000000E+00 -3.85481865E+00
  2.90000000E+00 -3.94783923E+00
  2.90000000E+00 -3.99759092E+00
  2.90000000E+00 -4.09061151E+00
  2.90000000E+00 -4.14036320E+00
  2.90000000E+00 -4.23338378E+00
  2.90000000E+00 -4.28313548E+00
  2.90000000E+00 -4.37615606E+00
  2.90000000E+00 -4.42590775E+00
  2.90000000E+00 -4.51892834E+00
  2.90000000E+00 -4.56868003E+00
  2.90000000E+00 -4.66170062E+00
  2.90000000E+00 -4.71145231E+00
  2.90000000E+00 -4.80447289E+00
  2.90000000E+00 -4.85422459E+00
  2.90000000E+00 -4.94724517E+00
  2.90000000E+00 -4.99699686E+00
  2.90000000E+00 -5.09001745E+00
  2.90000000E+00 -5.13976914E+00
  2.90000000E+00 -5.23278972E+00
  2.90000000E+00 -5.28254142E+00
  2.90000000E+00 -5.37556200E+00
  2.90000000E+00 -5.42531370E+00
  2.90000000E+00 -5.51833428E+00
  2.90000000E+00 -5.56808597E+00
  2.90000000E+00 -5.66110656E+00
  2.90000000E+00 -5.71085825E+00
  2.90000000E+00 -5.80387883E+00
  2.90000000E+00 -5.85363053E+00
  2.90000000E+00 -5.94665111E+00
  2.90000000E+00 -5.99640280E+00
  2.90000000E+00 -6.08942339E+00
  2.90000000E+00 -6.13917508E+00
  2.90000000E+00 -6.23219567E+00
  2.90000000E+00 -6.28194736E+00
  2.90000000E+00 -6.37496794E+00
  2.90000000E+00 -6.42471964E+00
  2.90000000E+00 -6.51774022E+00
  2.90000000E+00 -6.56749191E+00
  2.90000000E+00 -6.66051250E+00
  2.90000000E+00 -6.71026419E+00
  2.90000000E+00 -6.80328477E+00
  2.90000000E+00 -6.85303647E+00
  2.90000000E+00 -6.94605705E+00
  2.90000000E+00 -6.99580874E+00
  2.90000000E+00 -7.08882933E+00
  2.90000000E+00 -7.13858102E+00

w:2200/ x(   0.6800000E+01) y(   0.3283950E-04) ix(2) iy(2) s(   0.7000E+00)

hb:   line clip z  
frame:
 -4.9998717E+00 -6.9999675E+00
  1.0000013E+02 -6.9999675E+00
  1.0000013E+02  7.0000325E+00
 -4.9998717E+00  7.0000325E+00
clip:
  6.81003062E+00 -7.13858102E+00
  7.30000000E+00 -7.13858102E+00
  7.30000000E+00 -7.07325177E+00
  7.30000000E+00 -6.99580874E+00
  7.30000000E+00 -6.93047949E+00
  7.30000000E+00 -6.85303647E+00
  7.30000000E+00 -6.78770722E+00
  7.30000000E+00 -6.71026419E+00
  7.30000000E+00 -6.64493494E+00
  7.30000000E+00 -6.56749191E+00
  7.30000000E+00 -6.50216266E+00
  7.30000000E+00 -6.42471964E+00
  7.30000000E+00 -6.35939039E+00
  7.30000000E+00 -6.28194736E+00
  7.30000000E+00 -6.21661811E+00
  7.30000000E+00 -6.13917508E+00
  7.30000000E+00 -6.07384583E+00
  7.30000000E+00 -5.99640280E+00
  7.30000000E+00 -5.93107355E+00
  7.30000000E+00 -5.85363053E+00
  7.30000000E+00 -5.78830128E+00
  7.30000000E+00 -5.71085825E+00
  7.30000000E+00 -5.64552900E+00
  7.30000000E+00 -5.56808597E+00
  7.30000000E+00 -5.50275672E+00
  7.30000000E+00 -5.42531370E+00
  7.30000000E+00 -5.35998444E+00
  7.30000000E+00 -5.28254142E+00
  7.30000000E+00 -5.21721217E+00
  7.30000000E+00 -5.13976914E+00
  7.30000000E+00 -5.07443989E+00
  7.30000000E+00 -4.99699686E+00
  7.30000000E+00 -4.93166761E+00
  7.30000000E+00 -4.85422459E+00
  7.30000000E+00 -4.78889534E+00
  7.30000000E+00 -4.71145231E+00
  7.30000000E+00 -4.64612306E+00
  7.30000000E+00 -4.56868003E+00
  7.30000000E+00 -4.50335078E+00
  7.30000000E+00 -4.42590775E+00
  7.30000000E+00 -4.36057850E+00
  7.30000000E+00 -4.28313548E+00
  7.30000000E+00 -4.21780623E+00
  7.30000000E+00 -4.14036320E+00
  7.30000000E+00 -4.07503395E+00
  7.30000000E+00 -3.99759092E+00
  7.30000000E+00 -3.93226167E+00
  7.30000000E+00 -3.85481865E+00
  7.30000000E+00 -3.78948939E+00
  7.30000000E+00 -3.71204637E+00
  7.30000000E+00 -3.64671712E+00
  7.30000000E+00 -3.56927409E+00
  7.30000000E+00 -3.50394484E+00
  7.30000000E+00 -3.42650181E+00
  7.30000000E+00 -3.36117256E+00
  7.30000000E+00 -3.28372954E+00
  7.06300215E+00 -3.25000000E+00
  7.00000000E+00 -3.14095726E+00
  7.00000000E+00 -3.11562801E+00
  7.00000000E+00 -2.99818498E+00
  7.00000000E+00 -2.97285573E+00
  7.00000000E+00 -2.85541271E+00
  7.00000000E+00 -2.83008345E+00
  7.00000000E+00 -2.71264043E+00
  7.00000000E+00 -2.68731118E+00
  7.00000000E+00 -2.56986815E+00
  7.00000000E+00 -2.54453890E+00
  7.00000000E+00 -2.42709587E+00
  7.00000000E+00 -2.40176662E+00
  7.00000000E+00 -2.28432360E+00
  7.00000000E+00 -2.25899435E+00
  7.00000000E+00 -2.14155132E+00
  7.00000000E+00 -2.11622207E+00
  7.00000000E+00 -1.99877904E+00
  7.00000000E+00 -1.97344979E+00
  7.00000000E+00 -1.85600676E+00
  7.00000000E+00 -1.83067751E+00
  7.00000000E+00 -1.71323449E+00
  7.00000000E+00 -1.68790524E+00
  7.00000000E+00 -1.57046221E+00
  7.60000000E+00 -1.42768993E+00
  7.60000000E+00  1.42775561E+00
  7.00000000E+00  1.57052789E+00
  7.00000000E+00  3.16635219E+00
  7.30000000E+00  3.34912447E+00
  7.30000000E+00  7.13864670E+00
  6.81003062E+00  7.13864670E+00
  6.00000000E+00  7.13864670E+00
  6.00000000E+00  7.03064262E+00
  6.00000000E+00  6.99587442E+00
  6.00000000E+00  6.88787034E+00
  6.00000000E+00  6.85310215E+00
  6.00000000E+00  6.74509806E+00
  6.00000000E+00  6.71032987E+00
  6.00000000E+00  6.60232579E+00
  6.00000000E+00  6.56755759E+00
  6.00000000E+00  6.45955351E+00
  6.00000000E+00  6.42478531E+00
  6.00000000E+00  6.31678123E+00
  6.00000000E+00  6.28201304E+00
  6.00000000E+00  6.17400895E+00
  6.00000000E+00  6.13924076E+00
  6.00000000E+00  6.03123668E+00
  6.00000000E+00  5.99646848E+00
  6.00000000E+00  5.88846440E+00
  6.00000000E+00  5.85369621E+00
  6.00000000E+00  5.74569212E+00
  6.00000000E+00  5.71092393E+00
  6.00000000E+00  5.60291985E+00
  6.00000000E+00  5.56815165E+00
  6.00000000E+00  5.46014757E+00
  6.00000000E+00  5.42537937E+00
  6.00000000E+00  5.31737529E+00
  6.00000000E+00  5.28260710E+00
  6.00000000E+00  5.17460301E+00
  6.00000000E+00  5.13983482E+00
  6.00000000E+00  5.03183074E+00
  6.00000000E+00  4.99706254E+00
  6.00000000E+00  4.88905846E+00
  6.00000000E+00  4.85429027E+00
  6.00000000E+00  4.74628618E+00
  6.00000000E+00  4.71151799E+00
  6.00000000E+00  4.60351391E+00
  6.00000000E+00  4.56874571E+00
  6.00000000E+00  4.46074163E+00
  6.00000000E+00  4.42597343E+00
  6.00000000E+00  4.31796935E+00
  6.00000000E+00  4.28320116E+00
  6.00000000E+00  4.17519707E+00
  6.00000000E+00  4.14042888E+00
  6.00000000E+00  4.03242480E+00
  6.00000000E+00  3.99765660E+00
  6.00000000E+00  3.88965252E+00
  6.00000000E+00  3.85488432E+00
  6.00000000E+00  3.74688024E+00
  6.00000000E+00  3.71211205E+00
  6.00000000E+00  3.60410796E+00
  6.00000000E+00  3.56933977E+00
  6.00000000E+00  3.46133569E+00
  6.00000000E+00  3.42656749E+00
  6.00000000E+00  3.31856341E+00
  6.00000000E+00  3.28379522E+00
  6.00000000E+00  3.17579113E+00
  6.00000000E+00  3.14102294E+00
  6.00000000E+00  3.03301886E+00
  6.00000000E+00  2.99825066E+00
  6.00000000E+00  2.89024658E+00
  6.00000000E+00  2.85547838E+00
  6.00000000E+00  2.74747430E+00
  6.00000000E+00  2.71270611E+00
  6.00000000E+00  2.60470202E+00
  6.00000000E+00  2.56993383E+00
  6.00000000E+00  2.46192975E+00
  6.00000000E+00  2.42716155E+00
  6.00000000E+00  2.31915747E+00
  6.00000000E+00  2.28438928E+00
  6.00000000E+00  2.17638519E+00
  6.00000000E+00  2.14161700E+00
  6.00000000E+00  2.03361292E+00
  6.00000000E+00  1.99884472E+00
  6.00000000E+00  1.89084064E+00
  6.00000000E+00  1.85607244E+00
  6.00000000E+00  1.74806836E+00
  6.00000000E+00  1.71330017E+00
  6.00000000E+00  1.60529608E+00
  6.00000000E+00  1.57052789E+00
  6.00000000E+00  1.46252381E+00
  6.00000000E+00  1.42775561E+00
  6.00000000E+00  1.31975153E+00
  6.00000000E+00  1.28498333E+00
  6.00000000E+00  1.17697925E+00
  6.00000000E+00  1.14221106E+00
  6.00000000E+00  1.03420697E+00
  6.00000000E+00  9.99438780E-01
  6.00000000E+00  8.91434697E-01
  6.00000000E+00  8.56666503E-01
  6.00000000E+00  7.48662420E-01
  6.00000000E+00  7.13894226E-01
  6.00000000E+00  6.05890143E-01
  6.00000000E+00  5.71121948E-01
  6.00000000E+00  4.63117866E-01
  6.00000000E+00  4.28349671E-01
  6.00000000E+00  3.20345589E-01
  6.00000000E+00  2.85577394E-01
  6.00000000E+00  1.77573311E-01
  6.00000000E+00  1.42805117E-01
  6.00000000E+00  3.48010341E-02
  6.00000000E+00  3.28395046E-05
  6.00000000E+00 -1.07971243E-01
  6.00000000E+00 -1.42739438E-01
  6.00000000E+00 -2.50743520E-01
  6.00000000E+00 -2.85511715E-01
  6.00000000E+00 -3.93515798E-01
  6.00000000E+00 -4.28283992E-01
  6.00000000E+00 -5.36288075E-01
  6.00000000E+00 -5.71056269E-01
  6.00000000E+00 -6.79060352E-01
  6.00000000E+00 -7.13828547E-01
  6.00000000E+00 -8.21832629E-01
  6.00000000E+00 -8.56600824E-01
  6.00000000E+00 -9.64604906E-01
  6.00000000E+00 -9.99373101E-01
  6.00000000E+00 -1.10737718E+00
  6.00000000E+00 -1.14214538E+00
  6.00000000E+00 -1.25014946E+00
  6.00000000E+00 -1.28491766E+00
  6.00000000E+00 -1.39292174E+00
  6.00000000E+00 -1.42768993E+00
  6.00000000E+00 -1.53569402E+00
  6.00000000E+00 -1.57046221E+00
  6.00000000E+00 -1.67846629E+00
  6.00000000E+00 -1.71323449E+00
  6.00000000E+00 -1.82123857E+00
  6.00000000E+00 -1.85600676E+00
  6.00000000E+00 -1.96401085E+00
  6.00000000E+00 -1.99877904E+00
  6.00000000E+00 -2.10678312E+00
  6.00000000E+00 -2.14155132E+00
  6.00000000E+00 -2.24955540E+00
  6.00000000E+00 -2.28432360E+00
  6.00000000E+00 -2.39232768E+00
  6.00000000E+00 -2.42709587E+00
  6.00000000E+00 -2.53509996E+00
  6.00000000E+00 -2.56986815E+00
  6.00000000E+00 -2.67787223E+00
  6.00000000E+00 -2.71264043E+00
  6.00000000E+00 -2.82064451E+00
  6.00000000E+00 -2.85541271E+00
  6.00000000E+00 -2.96341679E+00
  6.00000000E+00 -2.99818498E+00
  6.00000000E+00 -3.10618906E+00
  6.00000000E+00 -3.14095726E+00
  6.00000000E+00 -3.24896134E+00
  6.00000000E+00 -3.28372954E+00
  6.00000000E+00 -3.39173362E+00
  6.00000000E+00 -3.42650181E+00
  6.00000000E+00 -3.53450590E+00
  6.00000000E+00 -3.56927409E+00
  6.00000000E+00 -3.67727817E+00
  6.00000000E+00 -3.71204637E+00
  6.00000000E+00 -3.82005045E+00
  6.00000000E+00 -3.85481865E+00
  6.00000000E+00 -3.96282273E+00
  6.00000000E+00 -3.99759092E+00
  6.00000000E+00 -4.10559501E+00
  6.00000000E+00 -4.14036320E+00
  6.00000000E+00 -4.24836728E+00
  6.00000000E+00 -4.28313548E+00
  6.00000000E+00 -4.39113956E+00
  6.00000000E+00 -4.42590775E+00
  6.00000000E+00 -4.53391184E+00
  6.00000000E+00 -4.56868003E+00
  6.00000000E+00 -4.67668411E+00
  6.00000000E+00 -4.71145231E+00
  6.00000000E+00 -4.81945639E+00
  6.00000000E+00 -4.85422459E+00
  6.00000000E+00 -4.96222867E+00
  6.00000000E+00 -4.99699686E+00
  6.00000000E+00 -5.10500095E+00
  6.00000000E+00 -5.13976914E+00
  6.00000000E+00 -5.24777322E+00
  6.00000000E+00 -5.28254142E+00
  6.00000000E+00 -5.39054550E+00
  6.00000000E+00 -5.42531370E+00
  6.00000000E+00 -5.53331778E+00
  6.00000000E+00 -5.56808597E+00
  6.00000000E+00 -5.67609006E+00
  6.00000000E+00 -5.71085825E+00
  6.00000000E+00 -5.81886233E+00
  6.00000000E+00 -5.85363053E+00
  6.00000000E+00 -5.96163461E+00
  6.00000000E+00 -5.99640280E+00
  6.00000000E+00 -6.10440689E+00
  6.00000000E+00 -6.13917508E+00
  6.00000000E+00 -6.24717916E+00
  6.00000000E+00 -6.28194736E+00
  6.00000000E+00 -6.38995144E+00
  6.00000000E+00 -6.42471964E+00
  6.00000000E+00 -6.53272372E+00
  6.00000000E+00 -6.56749191E+00
  6.00000000E+00 -6.67549600E+00
  6.00000000E+00 -6.71026419E+00
  6.00000000E+00 -6.81826827E+00
  6.00000000E+00 -6.85303647E+00
  6.00000000E+00 -6.96104055E+00
  6.00000000E+00 -6.99580874E+00
  6.00000000E+00 -7.10381283E+00
  6.00000000E+00 -7.13858102E+00

w:2200/ x(   0.8254330E+01) y(  -0.5142921E+01) ix(2) iy(2) s(   0.7000E+00)

hb:   line clip z  
frame:
 -4.9998717E+00 -6.9999675E+00
  1.0000013E+02 -6.9999675E+00
  1.0000013E+02  7.0000325E+00
 -4.9998717E+00  7.0000325E+00
clip:
  7.88082270E+00 -7.13858102E+00
  8.90433000E+00 -7.13858102E+00
  8.90433000E+00 -7.00211338E+00
  8.90433000E+00 -6.99580874E+00
  8.90433000E+00 -6.85934110E+00
  8.90433000E+00 -6.85303647E+00
  8.90433000E+00 -6.71656883E+00
  8.90433000E+00 -6.71026419E+00
  8.90433000E+00 -6.57379655E+00
  8.90433000E+00 -6.56749191E+00
  8.90433000E+00 -6.43102427E+00
  8.90433000E+00 -6.42471964E+00
  8.90433000E+00 -6.28825200E+00
  8.90433000E+00 -6.28194736E+00
  8.90433000E+00 -6.14547972E+00
  8.90433000E+00 -6.13917508E+00
  8.90433000E+00 -6.00270744E+00
  8.90433000E+00 -5.99640280E+00
  8.90433000E+00 -5.85993516E+00
  8.90433000E+00 -5.85363053E+00
  8.90433000E+00 -5.71716289E+00
  8.90433000E+00 -5.71085825E+00
  8.90433000E+00 -5.57439061E+00
  8.90433000E+00 -5.56808597E+00
  8.90433000E+00 -5.43161833E+00
  8.90433000E+00 -5.42531370E+00
  8.90433000E+00 -5.28884606E+00
  8.90433000E+00 -5.28254142E+00
  8.90433000E+00 -5.14607378E+00
  8.90433000E+00 -5.13976914E+00
  8.90433000E+00 -5.00330150E+00
  8.90433000E+00 -4.99699686E+00
  8.90433000E+00 -4.86052922E+00
  8.90433000E+00 -4.85422459E+00
  8.90433000E+00 -4.71775695E+00
  8.90433000E+00 -4.71145231E+00
  8.90433000E+00 -4.57498467E+00
  8.90433000E+00 -4.56868003E+00
  8.90433000E+00 -4.43221239E+00
  8.90433000E+00 -4.42590775E+00
  8.90433000E+00 -4.28944011E+00
  8.90433000E+00 -4.28313548E+00
  8.90433000E+00 -4.14666784E+00
  8.90433000E+00 -4.14036320E+00
  8.90433000E+00 -4.00389556E+00
  8.90433000E+00 -3.99759092E+00
  8.90433000E+00 -3.86112328E+00
  8.90433000E+00 -3.85481865E+00
  8.90433000E+00 -3.71835101E+00
  8.90433000E+00 -3.71204637E+00
  8.90433000E+00 -3.57557873E+00
  8.90433000E+00 -3.56927409E+00
  8.90433000E+00 -3.43280645E+00
  8.90433000E+00 -3.42650181E+00
  8.90433000E+00 -3.29003417E+00
  8.90433000E+00 -3.28372954E+00
  8.90433000E+00 -3.14726190E+00
  7.88082270E+00 -3.25000000E+00
  7.62785117E+00 -3.25000000E+00
  7.60433000E+00 -3.28372954E+00
  7.60433000E+00 -3.32059523E+00
  7.60433000E+00 -3.42650181E+00
  7.60433000E+00 -3.46336751E+00
  7.60433000E+00 -3.56927409E+00
  7.60433000E+00 -3.60613978E+00
  7.60433000E+00 -3.71204637E+00
  7.60433000E+00 -3.74891206E+00
  7.60433000E+00 -3.85481865E+00
  7.60433000E+00 -3.89168434E+00
  7.60433000E+00 -3.99759092E+00
  7.60433000E+00 -4.03445662E+00
  7.60433000E+00 -4.14036320E+00
  7.60433000E+00 -4.17722889E+00
  7.60433000E+00 -4.28313548E+00
  7.60433000E+00 -4.32000117E+00
  7.60433000E+00 -4.42590775E+00
  7.60433000E+00 -4.46277345E+00
  7.60433000E+00 -4.56868003E+00
  7.60433000E+00 -4.60554572E+00
  7.60433000E+00 -4.71145231E+00
  7.60433000E+00 -4.74831800E+00
  7.60433000E+00 -4.85422459E+00
  7.60433000E+00 -4.89109028E+00
  7.60433000E+00 -4.99699686E+00
  7.60433000E+00 -5.03386256E+00
  7.60433000E+00 -5.13976914E+00
  7.60433000E+00 -5.17663483E+00
  7.60433000E+00 -5.28254142E+00
  7.60433000E+00 -5.31940711E+00
  7.60433000E+00 -5.42531370E+00
  7.60433000E+00 -5.46217939E+00
  7.60433000E+00 -5.56808597E+00
  7.60433000E+00 -5.60495167E+00
  7.60433000E+00 -5.71085825E+00
  7.60433000E+00 -5.74772394E+00
  7.60433000E+00 -5.85363053E+00
  7.60433000E+00 -5.89049622E+00
  7.60433000E+00 -5.99640280E+00
  7.60433000E+00 -6.03326850E+00
  7.60433000E+00 -6.13917508E+00
  7.60433000E+00 -6.17604077E+00
  7.60433000E+00 -6.28194736E+00
  7.60433000E+00 -6.31881305E+00
  7.60433000E+00 -6.42471964E+00
  7.60433000E+00 -6.46158533E+00
  7.60433000E+00 -6.56749191E+00
  7.60433000E+00 -6.60435761E+00
  7.60433000E+00 -6.71026419E+00
  7.60433000E+00 -6.74712988E+00
  7.60433000E+00 -6.85303647E+00
  7.60433000E+00 -6.88990216E+00
  7.60433000E+00 -6.99580874E+00
  7.60433000E+00 -7.03267444E+00
  7.60433000E+00 -7.13858102E+00

w:2/ x(   0.1390217E+02) y(   0.3283950E-04) ix(2) iy(2) s(   0.7000E+00)

hb:   line clip z  
frame:
 -4.9998717E+00 -6.9999675E+00
  1.0000013E+02 -6.9999675E+00
  1.0000013E+02  7.0000325E+00
 -4.9998717E+00  7.0000325E+00
clip:
  8.95161478E+00 -7.13858102E+00
  1.89000000E+01 -7.13858102E+00
  1.89000000E+01 -7.09708015E+00
  1.89000000E+01 -6.99580874E+00
  1.89000000E+01 -6.95430788E+00
  1.89000000E+01 -6.85303647E+00
  1.89000000E+01 -6.81153560E+00
  1.89000000E+01 -6.71026419E+00
  1.89000000E+01 -6.66876332E+00
  1.89000000E+01 -6.56749191E+00
  1.89000000E+01 -6.52599105E+00
  1.89000000E+01 -6.42471964E+00
  1.89000000E+01 -6.38321877E+00
  1.89000000E+01 -6.28194736E+00
  1.89000000E+01 -6.24044649E+00
  1.89000000E+01 -6.13917508E+00
  1.89000000E+01 -6.09767421E+00
  1.89000000E+01 -5.99640280E+00
  1.89000000E+01 -5.95490194E+00
  1.89000000E+01 -5.85363053E+00
  1.89000000E+01 -5.81212966E+00
  1.89000000E+01 -5.71085825E+00
  1.89000000E+01 -5.66935738E+00
  1.89000000E+01 -5.56808597E+00
  1.89000000E+01 -5.52658510E+00
  1.89000000E+01 -5.42531370E+00
  1.89000000E+01 -5.38381283E+00
  1.89000000E+01 -5.28254142E+00
  1.89000000E+01 -5.24104055E+00
  1.89000000E+01 -5.13976914E+00
  1.89000000E+01 -5.09826827E+00
  1.89000000E+01 -4.99699686E+00
  1.89000000E+01 -4.95549600E+00
  1.89000000E+01 -4.85422459E+00
  1.89000000E+01 -4.81272372E+00
  1.89000000E+01 -4.71145231E+00
  1.89000000E+01 -4.66995144E+00
  1.89000000E+01 -4.56868003E+00
  1.89000000E+01 -4.52717916E+00
  1.89000000E+01 -4.42590775E+00
  1.89000000E+01 -4.38440689E+00
  1.89000000E+01 -4.28313548E+00
  1.89000000E+01 -4.24163461E+00
  1.89000000E+01 -4.14036320E+00
  1.89000000E+01 -4.09886233E+00
  1.89000000E+01 -3.99759092E+00
  1.89000000E+01 -3.95609006E+00
  1.89000000E+01 -3.85481865E+00
  1.89000000E+01 -3.81331778E+00
  1.89000000E+01 -3.71204637E+00
  1.89000000E+01 -3.67054550E+00
  1.89000000E+01 -3.56927409E+00
  1.89000000E+01 -3.52777322E+00
  1.89000000E+01 -3.42650181E+00
  1.89000000E+01 -3.38500095E+00
  1.89000000E+01 -3.28372954E+00
  1.89000000E+01 -3.24222867E+00
  1.89000000E+01 -3.14095726E+00
  1.89000000E+01 -3.09945639E+00
  1.89000000E+01 -2.99818498E+00
  1.89000000E+01 -2.95668411E+00
  1.89000000E+01 -2.85541271E+00
  1.89000000E+01 -2.81391184E+00
  1.89000000E+01 -2.71264043E+00
  1.89000000E+01 -2.67113956E+00
  1.89000000E+01 -2.56986815E+00
  1.89000000E+01 -2.52836728E+00
  1.89000000E+01 -2.42709587E+00
  1.89000000E+01 -2.38559501E+00
  1.89000000E+01 -2.28432360E+00
  1.89000000E+01 -2.24282273E+00
  1.89000000E+01 -2.14155132E+00
  1.89000000E+01 -2.10005045E+00
  1.89000000E+01 -1.99877904E+00
  1.89000000E+01 -1.95727817E+00
  1.89000000E+01 -1.85600676E+00
  1.89000000E+01 -1.81450590E+00
  1.89000000E+01 -1.71323449E+00
  1.89000000E+01 -1.67173362E+00
  1.89000000E+01 -1.57046221E+00
  1.89000000E+01 -1.52896134E+00
  1.89000000E+01 -1.42768993E+00
  1.89000000E+01 -1.38618906E+00
  1.89000000E+01 -1.28491766E+00
  1.89000000E+01 -1.24341679E+00
  1.89000000E+01 -1.14214538E+00
  1.89000000E+01 -1.10064451E+00
  1.89000000E+01 -9.99373101E-01
  1.89000000E+01 -9.57872233E-01
  1.89000000E+01 -8.56600824E-01
  1.89000000E+01 -8.15099956E-01
  1.89000000E+01 -7.13828547E-01
  1.89000000E+01 -6.72327679E-01
  1.89000000E+01 -5.71056269E-01
  1.89000000E+01 -5.29555402E-01
  1.89000000E+01 -4.28283992E-01
  1.89000000E+01 -3.86783124E-01
  1.89000000E+01 -2.85511715E-01
  1.89000000E+01 -2.44010847E-01
  1.89000000E+01 -1.42739438E-01
  1.89000000E+01 -1.01238570E-01
  1.89000000E+01  3.28395046E-05
  1.89000000E+01  4.15337074E-02
  1.89000000E+01  1.42805117E-01
  1.89000000E+01  1.84305985E-01
  1.89000000E+01  2.85577394E-01
  1.89000000E+01  3.27078262E-01
  1.89000000E+01  4.28349671E-01
  1.89000000E+01  4.69850539E-01
  1.89000000E+01  5.71121948E-01
  1.89000000E+01  6.12622816E-01
  1.89000000E+01  7.13894226E-01
  1.89000000E+01  7.55395094E-01
  1.89000000E+01  8.56666503E-01
  1.89000000E+01  8.98167371E-01
  1.89000000E+01  9.99438780E-01
  1.89000000E+01  1.04093965E+00
  1.89000000E+01  1.14221106E+00
  1.89000000E+01  1.18371193E+00
  1.89000000E+01  1.28498333E+00
  1.89000000E+01  1.32648420E+00
  1.89000000E+01  1.42775561E+00
  1.89000000E+01  1.46925648E+00
  1.89000000E+01  1.57052789E+00
  1.89000000E+01  1.61202876E+00
  1.89000000E+01  1.71330017E+00
  1.89000000E+01  1.75480103E+00
  1.89000000E+01  1.85607244E+00
  1.89000000E+01  1.89757331E+00
  1.89000000E+01  1.99884472E+00
  1.89000000E+01  2.04034559E+00
  1.89000000E+01  2.14161700E+00
  1.89000000E+01  2.18311787E+00
  1.89000000E+01  2.28438928E+00
  1.89000000E+01  2.32589014E+00
  1.89000000E+01  2.42716155E+00
  1.89000000E+01  2.46866242E+00
  1.89000000E+01  2.56993383E+00
  1.89000000E+01  2.61143470E+00
  1.89000000E+01  2.71270611E+00
  1.89000000E+01  2.75420697E+00
  1.89000000E+01  2.85547838E+00
  1.89000000E+01  2.89697925E+00
  1.89000000E+01  2.99825066E+00
  1.89000000E+01  3.03975153E+00
  1.89000000E+01  3.14102294E+00
  1.89000000E+01  3.18252381E+00
  1.89000000E+01  3.28379522E+00
  1.89000000E+01  3.32529608E+00
  1.89000000E+01  3.42656749E+00
  1.89000000E+01  3.46806836E+00
  1.89000000E+01  3.56933977E+00
  1.89000000E+01  3.61084064E+00
  1.89000000E+01  3.71211205E+00
  1.89000000E+01  3.75361292E+00
  1.89000000E+01  3.85488432E+00
  1.89000000E+01  3.89638519E+00
  1.89000000E+01  3.99765660E+00
  1.89000000E+01  4.03915747E+00
  1.89000000E+01  4.14042888E+00
  1.89000000E+01  4.18192975E+00
  1.89000000E+01  4.28320116E+00
  1.89000000E+01  4.32470202E+00
  1.89000000E+01  4.42597343E+00
  1.89000000E+01  4.46747430E+00
  1.89000000E+01  4.56874571E+00
  1.89000000E+01  4.61024658E+00
  1.89000000E+01  4.71151799E+00
  1.89000000E+01  4.75301886E+00
  1.89000000E+01  4.85429027E+00
  1.89000000E+01  4.89579113E+00
  1.89000000E+01  4.99706254E+00
  1.89000000E+01  5.03856341E+00
  1.89000000E+01  5.13983482E+00
  1.89000000E+01  5.18133569E+00
  1.89000000E+01  5.28260710E+00
  1.89000000E+01  5.32410796E+00
  1.89000000E+01  5.42537937E+00
  1.89000000E+01  5.46688024E+00
  1.89000000E+01  5.56815165E+00
  1.89000000E+01  5.60965252E+00
  1.89000000E+01  5.71092393E+00
  1.89000000E+01  5.75242480E+00
  1.89000000E+01  5.85369621E+00
  1.89000000E+01  5.89519707E+00
  1.89000000E+01  5.99646848E+00
  1.89000000E+01  6.03796935E+00
  1.89000000E+01  6.13924076E+00
  1.89000000E+01  6.18074163E+00
  1.89000000E+01  6.28201304E+00
  1.89000000E+01  6.32351391E+00
  1.89000000E+01  6.42478531E+00
  1.89000000E+01  6.46628618E+00
  1.89000000E+01  6.56755759E+00
  1.89000000E+01  6.60905846E+00
  1.89000000E+01  6.71032987E+00
  1.89000000E+01  6.75183074E+00
  1.89000000E+01  6.85310215E+00
  1.89000000E+01  6.89460301E+00
  1.89000000E+01  6.99587442E+00
  1.89000000E+01  7.03737529E+00
  1.89000000E+01  7.13864670E+00
  1.85887435E+01  7.13864670E+00
  1.75179514E+01  7.13864670E+00
  1.64471593E+01  7.13864670E+00
  1.53763673E+01  7.13864670E+00
  1.43055752E+01  7.13864670E+00
  1.32347831E+01  7.13864670E+00
  1.21639910E+01  7.13864670E+00
  1.10931989E+01  7.13864670E+00
  1.00224069E+01  7.13864670E+00
  8.95161478E+00  7.13864670E+00
  8.90433000E+00  7.13864670E+00
  8.90433000E+00  7.13234206E+00
  8.90433000E+00  6.99587442E+00
  8.90433000E+00  6.98956979E+00
  8.90433000E+00  6.85310215E+00
  8.90433000E+00  6.84679751E+00
  8.90433000E+00  6.71032987E+00
  8.90433000E+00  6.70402523E+00
  8.90433000E+00  6.56755759E+00
  8.90433000E+00  6.56125295E+00
  8.90433000E+00  6.42478531E+00
  8.90433000E+00  6.41848068E+00
  8.90433000E+00  6.28201304E+00
  8.90433000E+00  6.27570840E+00
  8.90433000E+00  6.13924076E+00
  8.90433000E+00  6.13293612E+00
  8.90433000E+00  5.99646848E+00
  8.90433000E+00  5.99016385E+00
  8.90433000E+00  5.85369621E+00
  8.90433000E+00  5.84739157E+00
  8.90433000E+00  5.71092393E+00
  8.90433000E+00  5.70461929E+00
  8.90433000E+00  5.56815165E+00
  8.90433000E+00  5.56184701E+00
  8.90433000E+00  5.42537937E+00
  8.90433000E+00  5.41907474E+00
  8.90433000E+00  5.28260710E+00
  8.90433000E+00  5.27630246E+00
  8.90433000E+00  5.13983482E+00
  8.90433000E+00  5.13353018E+00
  8.90433000E+00  4.99706254E+00
  8.90433000E+00  4.99075791E+00
  8.90433000E+00  4.85429027E+00
  8.90433000E+00  4.84798563E+00
  8.90433000E+00  4.71151799E+00
  8.90433000E+00  4.70521335E+00
  8.90433000E+00  4.56874571E+00
  8.90433000E+00  4.56244107E+00
  8.90433000E+00  4.42597343E+00
  8.90433000E+00  4.41966880E+00
  8.90433000E+00  4.28320116E+00
  8.90433000E+00  4.27689652E+00
  8.90433000E+00  4.14042888E+00
  8.90433000E+00  4.13412424E+00
  8.90433000E+00  3.99765660E+00
  8.90433000E+00  3.99135196E+00
  8.90433000E+00  3.85488432E+00
  8.90433000E+00  3.84857969E+00
  8.90433000E+00  3.71211205E+00
  8.90433000E+00  3.70580741E+00
  8.90433000E+00  3.56933977E+00
  8.90433000E+00  3.56303513E+00
  8.90433000E+00  3.42656749E+00
  8.90433000E+00  3.42026286E+00
  8.90433000E+00  3.28379522E+00
  8.90433000E+00  3.27749058E+00
  8.90433000E+00  3.14102294E+00
  8.90433000E+00  3.13471830E+00
  8.90433000E+00  2.99825066E+00
  8.90433000E+00  2.99194602E+00
  8.90433000E+00  2.85547838E+00
  8.90433000E+00  2.84917375E+00
  8.90433000E+00  2.71270611E+00
  8.90433000E+00  2.70640147E+00
  8.90433000E+00  2.56993383E+00
  8.90433000E+00  2.56362919E+00
  8.90433000E+00  2.42716155E+00
  8.90433000E+00  2.42085692E+00
  8.90433000E+00  2.28438928E+00
  8.90433000E+00  2.27808464E+00
  8.90433000E+00  2.14161700E+00
  8.90433000E+00  2.13531236E+00
  8.90433000E+00  1.99884472E+00
  8.90433000E+00  1.99254008E+00
  8.90433000E+00  1.85607244E+00
  8.90433000E+00  1.84976781E+00
  8.90433000E+00  1.71330017E+00
  8.90433000E+00  1.70699553E+00
  8.90433000E+00  1.57052789E+00
  8.90433000E+00  1.56422325E+00
  8.90433000E+00  1.42775561E+00
  8.90433000E+00  1.42145097E+00
  8.90433000E+00  1.28498333E+00
  8.90433000E+00  1.27867870E+00
  8.90433000E+00  1.14221106E+00
  8.90433000E+00  1.13590642E+00
  8.90433000E+00  9.99438780E-01
  8.90433000E+00  9.93134143E-01
  8.90433000E+00  8.56666503E-01
  8.90433000E+00  8.50361866E-01
  8.90433000E+00  7.13894226E-01
  8.90433000E+00  7.07589589E-01
  8.90433000E+00  5.71121948E-01
  8.90433000E+00  5.64817311E-01
  8.90433000E+00  4.28349671E-01
  8.90433000E+00  4.22045034E-01
  8.90433000E+00  2.85577394E-01
  8.90433000E+00  2.79272757E-01
  8.90433000E+00  1.42805117E-01
  8.90433000E+00  1.36500480E-01
  8.90433000E+00  3.28395046E-05
  8.90433000E+00 -6.27179758E-03
  8.90433000E+00 -1.42739438E-01
  8.90433000E+00 -1.49044075E-01
  8.90433000E+00 -2.85511715E-01
  8.90433000E+00 -2.91816352E-01
  8.90433000E+00 -4.28283992E-01
  8.90433000E+00 -4.34588629E-01
  8.90433000E+00 -5.71056269E-01
  8.90433000E+00 -5.77360906E-01
  8.90433000E+00 -7.13828547E-01
  8.90433000E+00 -7.20133184E-01
  8.90433000E+00 -8.56600824E-01
  8.90433000E+00 -8.62905461E-01
  8.90433000E+00 -9.99373101E-01
  8.90433000E+00 -1.00567774E+00
  8.90433000E+00 -1.14214538E+00
  8.90433000E+00 -1.14845002E+00
  8.90433000E+00 -1.28491766E+00
  8.90433000E+00 -1.29122229E+00
  8.90433000E+00 -1.42768993E+00
  8.90433000E+00 -1.43399457E+00
  8.90433000E+00 -1.57046221E+00
  8.90433000E+00 -1.57676685E+00
  8.90433000E+00 -1.71323449E+00
  8.90433000E+00 -1.71953912E+00
  8.90433000E+00 -1.85600676E+00
  8.90433000E+00 -1.86231140E+00
  8.90433000E+00 -1.99877904E+00
  8.90433000E+00 -2.00508368E+00
  8.90433000E+00 -2.14155132E+00
  8.90433000E+00 -2.14785596E+00
  8.90433000E+00 -2.28432360E+00
  8.90433000E+00 -2.29062823E+00
  8.90433000E+00 -2.42709587E+00
  8.90433000E+00 -2.43340051E+00
  8.90433000E+00 -2.56986815E+00
  8.90433000E+00 -2.57617279E+00
  8.90433000E+00 -2.71264043E+00
  8.90433000E+00 -2.71894506E+00
  8.90433000E+00 -2.85541271E+00
  8.90433000E+00 -2.86171734E+00
  8.90433000E+00 -2.99818498E+00
  8.90433000E+00 -3.00448962E+00
  8.90433000E+00 -3.14095726E+00
  8.90433000E+00 -3.14726190E+00
  8.90433000E+00 -3.28372954E+00
  8.90433000E+00 -3.29003417E+00
  8.90433000E+00 -3.42650181E+00
  8.90433000E+00 -3.43280645E+00
  8.90433000E+00 -3.56927409E+00
  8.90433000E+00 -3.57557873E+00
  8.90433000E+00 -3.71204637E+00
  8.90433000E+00 -3.71835101E+00
  8.90433000E+00 -3.85481865E+00
  8.90433000E+00 -3.86112328E+00
  8.90433000E+00 -3.99759092E+00
  8.90433000E+00 -4.00389556E+00
  8.90433000E+00 -4.14036320E+00
  8.90433000E+00 -4.14666784E+00
  8.90433000E+00 -4.28313548E+00
  8.90433000E+00 -4.28944011E+00
  8.90433000E+00 -4.42590775E+00
  8.90433000E+00 -4.43221239E+00
  8.90433000E+00 -4.56868003E+00
  8.90433000E+00 -4.57498467E+00
  8.90433000E+00 -4.71145231E+00
  8.90433000E+00 -4.71775695E+00
  8.90433000E+00 -4.85422459E+00
  8.90433000E+00 -4.86052922E+00
  8.90433000E+00 -4.99699686E+00
  8.90433000E+00 -5.00330150E+00
  8.90433000E+00 -5.13976914E+00
  8.90433000E+00 -5.14607378E+00
  8.90433000E+00 -5.28254142E+00
  8.90433000E+00 -5.28884606E+00
  8.90433000E+00 -5.42531370E+00
  8.90433000E+00 -5.43161833E+00
  8.90433000E+00 -5.56808597E+00
  8.90433000E+00 -5.57439061E+00
  8.90433000E+00 -5.71085825E+00
  8.90433000E+00 -5.71716289E+00
  8.90433000E+00 -5.85363053E+00
  8.90433000E+00 -5.85993516E+00
  8.90433000E+00 -5.99640280E+00
  8.90433000E+00 -6.00270744E+00
  8.90433000E+00 -6.13917508E+00
  8.90433000E+00 -6.14547972E+00
  8.90433000E+00 -6.28194736E+00
  8.90433000E+00 -6.28825200E+00
  8.90433000E+00 -6.42471964E+00
  8.90433000E+00 -6.43102427E+00
  8.90433000E+00 -6.56749191E+00
  8.90433000E+00 -6.57379655E+00
  8.90433000E+00 -6.71026419E+00
  8.90433000E+00 -6.71656883E+00
  8.90433000E+00 -6.85303647E+00
  8.90433000E+00 -6.85934110E+00
  8.90433000E+00 -6.99580874E+00
  8.90433000E+00 -7.00211338E+00
  8.90433000E+00 -7.13858102E+00

w:2602/ x(   0.1961500E+02) y(  -0.4819291E+01) ix(2) iy(2) s(   0.7000E+00)

hb:   line clip z  
frame:
 -4.9998717E+00 -6.9999675E+00
  1.0000013E+02 -6.9999675E+00
  1.0000013E+02  7.0000325E+00
 -4.9998717E+00  7.0000325E+00
clip:
  1.96595356E+01 -7.13858102E+00
  1.98300000E+01 -7.13858102E+00
  1.98300000E+01 -7.11585243E+00
  1.98300000E+01 -6.99580874E+00
  1.98300000E+01 -6.97308015E+00
  1.98300000E+01 -6.85303647E+00
  1.98300000E+01 -6.83030788E+00
  1.98300000E+01 -6.71026419E+00
  1.98300000E+01 -6.68753560E+00
  1.98300000E+01 -6.56749191E+00
  1.98300000E+01 -6.54476332E+00
  1.98300000E+01 -6.42471964E+00
  1.98300000E+01 -6.40199105E+00
  1.98300000E+01 -6.28194736E+00
  1.98300000E+01 -6.25921877E+00
  1.98300000E+01 -6.13917508E+00
  1.98300000E+01 -6.11644649E+00
  1.98300000E+01 -5.99640280E+00
  1.98300000E+01 -5.97367421E+00
  1.98300000E+01 -5.85363053E+00
  1.98300000E+01 -5.83090194E+00
  1.98300000E+01 -5.71085825E+00
  1.98300000E+01 -5.68812966E+00
  1.98300000E+01 -5.56808597E+00
  1.98300000E+01 -5.54535738E+00
  1.98300000E+01 -5.42531370E+00
  1.98300000E+01 -5.40258510E+00
  1.98300000E+01 -5.28254142E+00
  1.98300000E+01 -5.25981283E+00
  1.98300000E+01 -5.13976914E+00
  1.98300000E+01 -5.11704055E+00
  1.98300000E+01 -4.99699686E+00
  1.98300000E+01 -4.97426827E+00
  1.98300000E+01 -4.85422459E+00
  1.98300000E+01 -4.83149600E+00
  1.98300000E+01 -4.71145231E+00
  1.98300000E+01 -4.68872372E+00
  1.98300000E+01 -4.56868003E+00
  1.98300000E+01 -4.54595144E+00
  1.98300000E+01 -4.42590775E+00
  1.98300000E+01 -4.40317916E+00
  1.98300000E+01 -4.28313548E+00
  1.98300000E+01 -4.26040689E+00
  1.98300000E+01 -4.14036320E+00
  1.98300000E+01 -4.11763461E+00
  1.98300000E+01 -3.99759092E+00
  1.98300000E+01 -3.97486233E+00
  1.98300000E+01 -3.85481865E+00
  1.98300000E+01 -3.83209006E+00
  1.98300000E+01 -3.71204637E+00
  1.98300000E+01 -3.68931778E+00
  1.98300000E+01 -3.56927409E+00
  1.98300000E+01 -3.54654550E+00
  1.98300000E+01 -3.42650181E+00
  1.98300000E+01 -3.40377322E+00
  1.98300000E+01 -3.28372954E+00
  1.98300000E+01 -3.26100095E+00
  1.98300000E+01 -3.14095726E+00
  1.98300000E+01 -3.11822867E+00
  1.98300000E+01 -2.99818498E+00
  1.98300000E+01 -2.97545639E+00
  1.98300000E+01 -2.85541271E+00
  1.98300000E+01 -2.83268411E+00
  1.98300000E+01 -2.71264043E+00
  1.98300000E+01 -2.68991184E+00
  1.98300000E+01 -2.56986815E+00
  1.98300000E+01 -2.54713956E+00
  1.96595356E+01 -2.50000000E+00
  1.94000000E+01 -2.53526341E+00
  1.94000000E+01 -2.56986815E+00
  1.94000000E+01 -2.60447289E+00
  1.94000000E+01 -2.71264043E+00
  1.94000000E+01 -2.74724517E+00
  1.94000000E+01 -2.85541271E+00
  1.94000000E+01 -2.89001745E+00
  1.94000000E+01 -2.99818498E+00
  1.94000000E+01 -3.03278972E+00
  1.94000000E+01 -3.14095726E+00
  1.94000000E+01 -3.17556200E+00
  1.94000000E+01 -3.28372954E+00
  1.94000000E+01 -3.31833428E+00
  1.94000000E+01 -3.42650181E+00
  1.94000000E+01 -3.46110656E+00
  1.94000000E+01 -3.56927409E+00
  1.94000000E+01 -3.60387883E+00
  1.94000000E+01 -3.71204637E+00
  1.94000000E+01 -3.74665111E+00
  1.94000000E+01 -3.85481865E+00
  1.94000000E+01 -3.88942339E+00
  1.94000000E+01 -3.99759092E+00
  1.94000000E+01 -4.03219567E+00
  1.94000000E+01 -4.14036320E+00
  1.94000000E+01 -4.17496794E+00
  1.94000000E+01 -4.28313548E+00
  1.94000000E+01 -4.31774022E+00
  1.94000000E+01 -4.42590775E+00
  1.94000000E+01 -4.46051250E+00
  1.94000000E+01 -4.56868003E+00
  1.94000000E+01 -4.60328477E+00
  1.94000000E+01 -4.71145231E+00
  1.94000000E+01 -4.74605705E+00
  1.94000000E+01 -4.85422459E+00
  1.94000000E+01 -4.88882933E+00
  1.94000000E+01 -4.99699686E+00
  1.94000000E+01 -5.03160161E+00
  1.94000000E+01 -5.13976914E+00
  1.94000000E+01 -5.17437388E+00
  1.94000000E+01 -5.28254142E+00
  1.94000000E+01 -5.31714616E+00
  1.94000000E+01 -5.42531370E+00
  1.94000000E+01 -5.45991844E+00
  1.94000000E+01 -5.56808597E+00
  1.94000000E+01 -5.60269072E+00
  1.94000000E+01 -5.71085825E+00
  1.94000000E+01 -5.74546299E+00
  1.94000000E+01 -5.85363053E+00
  1.94000000E+01 -5.88823527E+00
  1.94000000E+01 -5.99640280E+00
  1.94000000E+01 -6.03100755E+00
  1.94000000E+01 -6.13917508E+00
  1.94000000E+01 -6.17377982E+00
  1.94000000E+01 -6.28194736E+00
  1.94000000E+01 -6.31655210E+00
  1.94000000E+01 -6.42471964E+00
  1.94000000E+01 -6.45932438E+00
  1.94000000E+01 -6.56749191E+00
  1.94000000E+01 -6.60209666E+00
  1.94000000E+01 -6.71026419E+00
  1.94000000E+01 -6.74486893E+00
  1.94000000E+01 -6.85303647E+00
  1.94000000E+01 -6.88764121E+00
  1.94000000E+01 -6.99580874E+00
  1.94000000E+01 -7.03041349E+00
  1.94000000E+01 -7.13858102E+00

w:2/ x(   0.2649500E+02) y(   0.3283950E-04) ix(2) iy(2) s(   0.7000E+00)

hb:   line clip z  
frame:
 -4.9998717E+00 -6.9999675E+00
  1.0000013E+02 -6.9999675E+00
  1.0000013E+02  7.0000325E+00
 -4.9998717E+00  7.0000325E+00
clip:
  2.07303276E+01 -7.13858102E+00
  3.30900000E+01 -7.13858102E+00
  3.30900000E+01 -7.06111976E+00
  3.30900000E+01 -6.99580874E+00
  3.30900000E+01 -6.91834748E+00
  3.30900000E+01 -6.85303647E+00
  3.30900000E+01 -6.77557520E+00
  3.30900000E+01 -6.71026419E+00
  3.30900000E+01 -6.63280293E+00
  3.30900000E+01 -6.56749191E+00
  3.30900000E+01 -6.49003065E+00
  3.30900000E+01 -6.42471964E+00
  3.30900000E+01 -6.34725837E+00
  3.30900000E+01 -6.28194736E+00
  3.30900000E+01 -6.20448609E+00
  3.30900000E+01 -6.13917508E+00
  3.30900000E+01 -6.06171382E+00
  3.30900000E+01 -5.99640280E+00
  3.30900000E+01 -5.91894154E+00
  3.30900000E+01 -5.85363053E+00
  3.30900000E+01 -5.77616926E+00
  3.30900000E+01 -5.71085825E+00
  3.30900000E+01 -5.63339699E+00
  3.30900000E+01 -5.56808597E+00
  3.30900000E+01 -5.49062471E+00
  3.30900000E+01 -5.42531370E+00
  3.30900000E+01 -5.34785243E+00
  3.30900000E+01 -5.28254142E+00
  3.30900000E+01 -5.20508015E+00
  3.30900000E+01 -5.13976914E+00
  3.30900000E+01 -5.06230788E+00
  3.30900000E+01 -4.99699686E+00
  3.30900000E+01 -4.91953560E+00
  3.30900000E+01 -4.85422459E+00
  3.30900000E+01 -4.77676332E+00
  3.30900000E+01 -4.71145231E+00
  3.30900000E+01 -4.63399105E+00
  3.30900000E+01 -4.56868003E+00
  3.30900000E+01 -4.49121877E+00
  3.30900000E+01 -4.42590775E+00
  3.30900000E+01 -4.34844649E+00
  3.30900000E+01 -4.28313548E+00
  3.30900000E+01 -4.20567421E+00
  3.30900000E+01 -4.14036320E+00
  3.30900000E+01 -4.06290194E+00
  3.30900000E+01 -3.99759092E+00
  3.30900000E+01 -3.92012966E+00
  3.30900000E+01 -3.85481865E+00
  3.30900000E+01 -3.77735738E+00
  3.30900000E+01 -3.71204637E+00
  3.30900000E+01 -3.63458510E+00
  3.30900000E+01 -3.56927409E+00
  3.30900000E+01 -3.49181283E+00
  3.30900000E+01 -3.42650181E+00
  3.30900000E+01 -3.34904055E+00
  3.30900000E+01 -3.28372954E+00
  3.30900000E+01 -3.20626827E+00
  3.30900000E+01 -3.14095726E+00
  3.30900000E+01 -3.06349600E+00
  3.30900000E+01 -2.99818498E+00
  3.30900000E+01 -2.92072372E+00
  3.30900000E+01 -2.85541271E+00
  3.30900000E+01 -2.77795144E+00
  3.30900000E+01 -2.71264043E+00
  3.30900000E+01 -2.63517916E+00
  3.30900000E+01 -2.56986815E+00
  3.30900000E+01 -2.49240689E+00
  3.30900000E+01 -2.42709587E+00
  3.30900000E+01 -2.34963461E+00
  3.30900000E+01 -2.28432360E+00
  3.30900000E+01 -2.20686233E+00
  3.30900000E+01 -2.14155132E+00
  3.30900000E+01 -2.06409006E+00
  3.30900000E+01 -1.99877904E+00
  3.30900000E+01 -1.92131778E+00
  3.30900000E+01 -1.85600676E+00
  3.30900000E+01 -1.77854550E+00
  3.30900000E+01 -1.71323449E+00
  3.30900000E+01 -1.63577322E+00
  3.30900000E+01 -1.57046221E+00
  3.30900000E+01 -1.49300095E+00
  3.30900000E+01 -1.42768993E+00
  3.30900000E+01 -1.35022867E+00
  3.30900000E+01 -1.28491766E+00
  3.30900000E+01 -1.20745639E+00
  3.30900000E+01 -1.14214538E+00
  3.30900000E+01 -1.06468411E+00
  3.30900000E+01 -9.99373101E-01
  3.30900000E+01 -9.21911837E-01
  3.30900000E+01 -8.56600824E-01
  3.30900000E+01 -7.79139560E-01
  3.30900000E+01 -7.13828547E-01
  3.30900000E+01 -6.36367283E-01
  3.30900000E+01 -5.71056269E-01
  3.30900000E+01 -4.93595006E-01
  3.30900000E+01 -4.28283992E-01
  3.30900000E+01 -3.50822728E-01
  3.30900000E+01 -2.85511715E-01
  3.30900000E+01 -2.08050451E-01
  3.30900000E+01 -1.42739438E-01
  3.30900000E+01 -6.52781738E-02
  3.30900000E+01  3.28395046E-05
  3.30900000E+01  7.74941034E-02
  3.30900000E+01  1.42805117E-01
  3.30900000E+01  2.20266381E-01
  3.30900000E+01  2.85577394E-01
  3.30900000E+01  3.63038658E-01
  3.30900000E+01  4.28349671E-01
  3.30900000E+01  5.05810935E-01
  3.30900000E+01  5.71121948E-01
  3.30900000E+01  6.48583212E-01
  3.30900000E+01  7.13894226E-01
  3.30900000E+01  7.91355490E-01
  3.30900000E+01  8.56666503E-01
  3.30900000E+01  9.34127767E-01
  3.30900000E+01  9.99438780E-01
  3.30900000E+01  1.07690004E+00
  3.30900000E+01  1.14221106E+00
  3.30900000E+01  1.21967232E+00
  3.30900000E+01  1.28498333E+00
  3.30900000E+01  1.36244460E+00
  3.30900000E+01  1.42775561E+00
  3.30900000E+01  1.50521688E+00
  3.30900000E+01  1.57052789E+00
  3.30900000E+01  1.64798915E+00
  3.30900000E+01  1.71330017E+00
  3.30900000E+01  1.79076143E+00
  3.30900000E+01  1.85607244E+00
  3.30900000E+01  1.93353371E+00
  3.30900000E+01  1.99884472E+00
  3.30900000E+01  2.07630598E+00
  3.30900000E+01  2.14161700E+00
  3.30900000E+01  2.21907826E+00
  3.30900000E+01  2.28438928E+00
  3.30900000E+01  2.36185054E+00
  3.30900000E+01  2.42716155E+00
  3.30900000E+01  2.50462282E+00
  3.30900000E+01  2.56993383E+00
  3.30900000E+01  2.64739509E+00
  3.30900000E+01  2.71270611E+00
  3.30900000E+01  2.79016737E+00
  3.30900000E+01  2.85547838E+00
  3.30900000E+01  2.93293965E+00
  3.30900000E+01  2.99825066E+00
  3.30900000E+01  3.07571193E+00
  3.30900000E+01  3.14102294E+00
  3.30900000E+01  3.21848420E+00
  3.30900000E+01  3.28379522E+00
  3.30900000E+01  3.36125648E+00
  3.30900000E+01  3.42656749E+00
  3.30900000E+01  3.50402876E+00
  3.30900000E+01  3.56933977E+00
  3.30900000E+01  3.64680103E+00
  3.30900000E+01  3.71211205E+00
  3.30900000E+01  3.78957331E+00
  3.30900000E+01  3.85488432E+00
  3.30900000E+01  3.93234559E+00
  3.30900000E+01  3.99765660E+00
  3.30900000E+01  4.07511787E+00
  3.30900000E+01  4.14042888E+00
  3.30900000E+01  4.21789014E+00
  3.30900000E+01  4.28320116E+00
  3.30900000E+01  4.36066242E+00
  3.30900000E+01  4.42597343E+00
  3.30900000E+01  4.50343470E+00
  3.30900000E+01  4.56874571E+00
  3.30900000E+01  4.64620697E+00
  3.30900000E+01  4.71151799E+00
  3.30900000E+01  4.78897925E+00
  3.30900000E+01  4.85429027E+00
  3.30900000E+01  4.93175153E+00
  3.30900000E+01  4.99706254E+00
  3.30900000E+01  5.07452381E+00
  3.30900000E+01  5.13983482E+00
  3.30900000E+01  5.21729608E+00
  3.30900000E+01  5.28260710E+00
  3.30900000E+01  5.36006836E+00
  3.30900000E+01  5.42537937E+00
  3.30900000E+01  5.50284064E+00
  3.30900000E+01  5.56815165E+00
  3.30900000E+01  5.64561292E+00
  3.30900000E+01  5.71092393E+00
  3.30900000E+01  5.78838519E+00
  3.30900000E+01  5.85369621E+00
  3.30900000E+01  5.93115747E+00
  3.30900000E+01  5.99646848E+00
  3.30900000E+01  6.07392975E+00
  3.30900000E+01  6.13924076E+00
  3.30900000E+01  6.21670202E+00
  3.30900000E+01  6.28201304E+00
  3.30900000E+01  6.35947430E+00
  3.30900000E+01  6.42478531E+00
  3.30900000E+01  6.50224658E+00
  3.30900000E+01  6.56755759E+00
  3.30900000E+01  6.64501886E+00
  3.30900000E+01  6.71032987E+00
  3.30900000E+01  6.78779113E+00
  3.30900000E+01  6.85310215E+00
  3.30900000E+01  6.93056341E+00
  3.30900000E+01  6.99587442E+00
  3.30900000E+01  7.07333569E+00
  3.30900000E+01  7.13864670E+00
  3.25090405E+01  7.13864670E+00
  3.14382484E+01  7.13864670E+00
  3.03674564E+01  7.13864670E+00
  2.92966643E+01  7.13864670E+00
  2.82258722E+01  7.13864670E+00
  2.71550801E+01  7.13864670E+00
  2.60842880E+01  7.13864670E+00
  2.50134960E+01  7.13864670E+00
  2.39427039E+01  7.13864670E+00
  2.28719118E+01  7.13864670E+00
  2.18011197E+01  7.13864670E+00
  2.07303276E+01  7.13864670E+00
  1.99000000E+01  7.13864670E+00
  1.99000000E+01  7.02793635E+00
  1.99000000E+01  6.99587442E+00
  1.99000000E+01  6.88516407E+00
  1.99000000E+01  6.85310215E+00
  1.99000000E+01  6.74239179E+00
  1.99000000E+01  6.71032987E+00
  1.99000000E+01  6.59961952E+00
  1.99000000E+01  6.56755759E+00
  1.99000000E+01  6.45684724E+00
  1.99000000E+01  6.42478531E+00
  1.99000000E+01  6.31407496E+00
  1.99000000E+01  6.28201304E+00
  1.99000000E+01  6.17130268E+00
  1.99000000E+01  6.13924076E+00
  1.99000000E+01  6.02853041E+00
  1.99000000E+01  5.99646848E+00
  1.99000000E+01  5.88575813E+00
  1.99000000E+01  5.85369621E+00
  1.99000000E+01  5.74298585E+00
  1.99000000E+01  5.71092393E+00
  1.99000000E+01  5.60021358E+00
  1.99000000E+01  5.56815165E+00
  1.99000000E+01  5.45744130E+00
  1.99000000E+01  5.42537937E+00
  1.99000000E+01  5.31466902E+00
  1.99000000E+01  5.28260710E+00
  1.99000000E+01  5.17189674E+00
  1.99000000E+01  5.13983482E+00
  1.99000000E+01  5.02912447E+00
  1.99000000E+01  4.99706254E+00
  1.99000000E+01  4.88635219E+00
  1.99000000E+01  4.85429027E+00
  1.99000000E+01  4.74357991E+00
  1.99000000E+01  4.71151799E+00
  1.99000000E+01  4.60080763E+00
  1.99000000E+01  4.56874571E+00
  1.99000000E+01  4.45803536E+00
  1.99000000E+01  4.42597343E+00
  1.99000000E+01  4.31526308E+00
  1.99000000E+01  4.28320116E+00
  1.99000000E+01  4.17249080E+00
  1.99000000E+01  4.14042888E+00
  1.99000000E+01  4.02971853E+00
  1.99000000E+01  3.99765660E+00
  1.99000000E+01  3.88694625E+00
  1.99000000E+01  3.85488432E+00
  1.99000000E+01  3.74417397E+00
  1.99000000E+01  3.71211205E+00
  1.99000000E+01  3.60140169E+00
  1.99000000E+01  3.56933977E+00
  1.99000000E+01  3.45862942E+00
  1.99000000E+01  3.42656749E+00
  1.99000000E+01  3.31585714E+00
  1.99000000E+01  3.28379522E+00
  1.99000000E+01  3.17308486E+00
  1.99000000E+01  3.14102294E+00
  1.99000000E+01  3.03031259E+00
  1.99000000E+01  2.99825066E+00
  1.99000000E+01  2.88754031E+00
  1.99000000E+01  2.85547838E+00
  1.99000000E+01  2.74476803E+00
  1.99000000E+01  2.71270611E+00
  1.99000000E+01  2.60199575E+00
  1.99000000E+01  2.56993383E+00
  1.99000000E+01  2.45922348E+00
  1.99000000E+01  2.42716155E+00
  1.99000000E+01  2.31645120E+00
  1.99000000E+01  2.28438928E+00
  1.99000000E+01  2.17367892E+00
  1.99000000E+01  2.14161700E+00
  1.99000000E+01  2.03090664E+00
  1.99000000E+01  1.99884472E+00
  1.99000000E+01  1.88813437E+00
  1.99000000E+01  1.85607244E+00
  1.99000000E+01  1.74536209E+00
  1.99000000E+01  1.71330017E+00
  1.99000000E+01  1.60258981E+00
  1.99000000E+01  1.57052789E+00
  1.99000000E+01  1.45981754E+00
  1.99000000E+01  1.42775561E+00
  1.99000000E+01  1.31704526E+00
  1.99000000E+01  1.28498333E+00
  1.99000000E+01  1.17427298E+00
  1.99000000E+01  1.14221106E+00
  1.99000000E+01  1.03150070E+00
  1.99000000E+01  9.99438780E-01
  1.99000000E+01  8.88728427E-01
  1.99000000E+01  8.56666503E-01
  1.99000000E+01  7.45956150E-01
  1.99000000E+01  7.13894226E-01
  1.99000000E+01  6.03183872E-01
  1.99000000E+01  5.71121948E-01
  1.99000000E+01  4.60411595E-01
  1.99000000E+01  4.28349671E-01
  1.99000000E+01  3.17639318E-01
  1.99000000E+01  2.85577394E-01
  1.99000000E+01  1.74867041E-01
  1.99000000E+01  1.42805117E-01
  1.99000000E+01  3.20947635E-02
  1.99000000E+01  3.28395046E-05
  1.99000000E+01 -1.10677514E-01
  1.99000000E+01 -1.42739438E-01
  1.99000000E+01 -2.53449791E-01
  1.99000000E+01 -2.85511715E-01
  1.99000000E+01 -3.96222068E-01
  1.99000000E+01 -4.28283992E-01
  1.99000000E+01 -5.38994345E-01
  1.99000000E+01 -5.71056269E-01
  1.99000000E+01 -6.81766623E-01
  1.99000000E+01 -7.13828547E-01
  1.99000000E+01 -8.24538900E-01
  1.99000000E+01 -8.56600824E-01
  1.99000000E+01 -9.67311177E-01
  1.99000000E+01 -9.99373101E-01
  1.99000000E+01 -1.11008345E+00
  1.99000000E+01 -1.14214538E+00
  1.99000000E+01 -1.25285573E+00
  1.99000000E+01 -1.28491766E+00
  1.99000000E+01 -1.39562801E+00
  1.99000000E+01 -1.42768993E+00
  1.99000000E+01 -1.53840029E+00
  1.99000000E+01 -1.57046221E+00
  1.99000000E+01 -1.68117256E+00
  1.99000000E+01 -1.71323449E+00
  1.99000000E+01 -1.82394484E+00
  1.99000000E+01 -1.85600676E+00
  1.99000000E+01 -1.96671712E+00
  1.99000000E+01 -1.99877904E+00
  1.99000000E+01 -2.10948939E+00
  1.99000000E+01 -2.14155132E+00
  1.99000000E+01 -2.25226167E+00
  1.99000000E+01 -2.28432360E+00
  1.99000000E+01 -2.39503395E+00
  1.99000000E+01 -2.42709587E+00
  1.99000000E+01 -2.53780623E+00
  1.99000000E+01 -2.56986815E+00
  1.99000000E+01 -2.68057850E+00
  1.99000000E+01 -2.71264043E+00
  1.99000000E+01 -2.82335078E+00
  1.99000000E+01 -2.85541271E+00
  1.99000000E+01 -2.96612306E+00
  1.99000000E+01 -2.99818498E+00
  1.99000000E+01 -3.10889534E+00
  1.99000000E+01 -3.14095726E+00
  1.99000000E+01 -3.25166761E+00
  1.99000000E+01 -3.28372954E+00
  1.99000000E+01 -3.39443989E+00
  1.99000000E+01 -3.42650181E+00
  1.99000000E+01 -3.53721217E+00
  1.99000000E+01 -3.56927409E+00
  1.99000000E+01 -3.67998444E+00
  1.99000000E+01 -3.71204637E+00
  1.99000000E+01 -3.82275672E+00
  1.99000000E+01 -3.85481865E+00
  1.99000000E+01 -3.96552900E+00
  1.99000000E+01 -3.99759092E+00
  1.99000000E+01 -4.10830128E+00
  1.99000000E+01 -4.14036320E+00
  1.99000000E+01 -4.25107355E+00
  1.99000000E+01 -4.28313548E+00
  1.99000000E+01 -4.39384583E+00
  1.99000000E+01 -4.42590775E+00
  1.99000000E+01 -4.53661811E+00
  1.99000000E+01 -4.56868003E+00
  1.99000000E+01 -4.67939039E+00
  1.99000000E+01 -4.71145231E+00
  1.99000000E+01 -4.82216266E+00
  1.99000000E+01 -4.85422459E+00
  1.99000000E+01 -4.96493494E+00
  1.99000000E+01 -4.99699686E+00
  1.99000000E+01 -5.10770722E+00
  1.99000000E+01 -5.13976914E+00
  1.99000000E+01 -5.25047949E+00
  1.99000000E+01 -5.28254142E+00
  1.99000000E+01 -5.39325177E+00
  1.99000000E+01 -5.42531370E+00
  1.99000000E+01 -5.53602405E+00
  1.99000000E+01 -5.56808597E+00
  1.99000000E+01 -5.67879633E+00
  1.99000000E+01 -5.71085825E+00
  1.99000000E+01 -5.82156860E+00
  1.99000000E+01 -5.85363053E+00
  1.99000000E+01 -5.96434088E+00
  1.99000000E+01 -5.99640280E+00
  1.99000000E+01 -6.10711316E+00
  1.99000000E+01 -6.13917508E+00
  1.99000000E+01 -6.24988543E+00
  1.99000000E+01 -6.28194736E+00
  1.99000000E+01 -6.39265771E+00
  1.99000000E+01 -6.42471964E+00
  1.99000000E+01 -6.53542999E+00
  1.99000000E+01 -6.56749191E+00
  1.99000000E+01 -6.67820227E+00
  1.99000000E+01 -6.71026419E+00
  1.99000000E+01 -6.82097454E+00
  1.99000000E+01 -6.85303647E+00
  1.99000000E+01 -6.96374682E+00
  1.99000000E+01 -6.99580874E+00
  1.99000000E+01 -7.10651910E+00
  1.99000000E+01 -7.13858102E+00

w:2300/ x(   0.3394000E+02) y(   0.3283950E-04) ix(2) iy(2) s(   0.7000E+00)

hb:   line clip z  
frame:
 -4.9998717E+00 -6.9999675E+00
  1.0000013E+02 -6.9999675E+00
  1.0000013E+02  7.0000325E+00
 -4.9998717E+00  7.0000325E+00
clip:
  3.35798326E+01 -7.13858102E+00
  3.47900000E+01 -7.13858102E+00
  3.47900000E+01 -7.11999765E+00
  3.47900000E+01 -6.99580874E+00
  3.47900000E+01 -6.97722537E+00
  3.47900000E+01 -6.85303647E+00
  3.47900000E+01 -6.83445309E+00
  3.47900000E+01 -6.71026419E+00
  3.47900000E+01 -6.69168081E+00
  3.47900000E+01 -6.56749191E+00
  3.47900000E+01 -6.54890854E+00
  3.47900000E+01 -6.42471964E+00
  3.47900000E+01 -6.40613626E+00
  3.47900000E+01 -6.28194736E+00
  3.47900000E+01 -6.26336398E+00
  3.47900000E+01 -6.13917508E+00
  3.47900000E+01 -6.12059171E+00
  3.47900000E+01 -5.99640280E+00
  3.47900000E+01 -5.97781943E+00
  3.47900000E+01 -5.85363053E+00
  3.47900000E+01 -5.83504715E+00
  3.47900000E+01 -5.71085825E+00
  3.47900000E+01 -5.69227487E+00
  3.47900000E+01 -5.56808597E+00
  3.47900000E+01 -5.54950260E+00
  3.47900000E+01 -5.42531370E+00
  3.47900000E+01 -5.40673032E+00
  3.47900000E+01 -5.28254142E+00
  3.47900000E+01 -5.26395804E+00
  3.47900000E+01 -5.13976914E+00
  3.46686761E+01 -5.13736228E+00
  3.46506247E+01 -5.13736228E+00
  3.46325732E+01 -5.13736228E+00
  3.40900000E+01 -4.99699686E+00
  3.40900000E+01 -4.92897454E+00
  3.40900000E+01 -4.85422459E+00
  3.40900000E+01 -4.78620227E+00
  3.40900000E+01 -4.71145231E+00
  3.40900000E+01 -4.64342999E+00
  3.40900000E+01 -4.56868003E+00
  3.40900000E+01 -4.50065771E+00
  3.40900000E+01 -4.42590775E+00
  3.40900000E+01 -4.35788543E+00
  3.40900000E+01 -4.28313548E+00
  3.40900000E+01 -4.21511316E+00
  3.40900000E+01 -4.14036320E+00
  3.40900000E+01 -4.07234088E+00
  3.40900000E+01 -3.99759092E+00
  3.40900000E+01 -3.92956860E+00
  3.40900000E+01 -3.85481865E+00
  3.40900000E+01 -3.78679633E+00
  3.40900000E+01 -3.71204637E+00
  3.40900000E+01 -3.64402405E+00
  3.40900000E+01 -3.56927409E+00
  3.45800000E+01 -3.42650181E+00
  3.45800000E+01  3.42656749E+00
  3.40900000E+01  3.56933977E+00
  3.40900000E+01  5.06508486E+00
  3.46506247E+01  5.09728209E+00
  3.47900000E+01  5.13983482E+00
  3.47900000E+01  7.13864670E+00
  3.46506247E+01  7.13864670E+00
  3.35798326E+01  7.13864670E+00
  3.30900000E+01  7.13864670E+00
  3.30900000E+01  7.07333569E+00
  3.30900000E+01  6.99587442E+00
  3.30900000E+01  6.93056341E+00
  3.30900000E+01  6.85310215E+00
  3.30900000E+01  6.78779113E+00
  3.30900000E+01  6.71032987E+00
  3.30900000E+01  6.64501886E+00
  3.30900000E+01  6.56755759E+00
  3.30900000E+01  6.50224658E+00
  3.30900000E+01  6.42478531E+00
  3.30900000E+01  6.35947430E+00
  3.30900000E+01  6.28201304E+00
  3.30900000E+01  6.21670202E+00
  3.30900000E+01  6.13924076E+00
  3.30900000E+01  6.07392975E+00
  3.30900000E+01  5.99646848E+00
  3.30900000E+01  5.93115747E+00
  3.30900000E+01  5.85369621E+00
  3.30900000E+01  5.78838519E+00
  3.30900000E+01  5.71092393E+00
  3.30900000E+01  5.64561292E+00
  3.30900000E+01  5.56815165E+00
  3.30900000E+01  5.50284064E+00
  3.30900000E+01  5.42537937E+00
  3.30900000E+01  5.36006836E+00
  3.30900000E+01  5.28260710E+00
  3.30900000E+01  5.21729608E+00
  3.30900000E+01  5.13983482E+00
  3.30900000E+01  5.07452381E+00
  3.30900000E+01  4.99706254E+00
  3.30900000E+01  4.93175153E+00
  3.30900000E+01  4.85429027E+00
  3.30900000E+01  4.78897925E+00
  3.30900000E+01  4.71151799E+00
  3.30900000E+01  4.64620697E+00
  3.30900000E+01  4.56874571E+00
  3.30900000E+01  4.50343470E+00
  3.30900000E+01  4.42597343E+00
  3.30900000E+01  4.36066242E+00
  3.30900000E+01  4.28320116E+00
  3.30900000E+01  4.21789014E+00
  3.30900000E+01  4.14042888E+00
  3.30900000E+01  4.07511787E+00
  3.30900000E+01  3.99765660E+00
  3.30900000E+01  3.93234559E+00
  3.30900000E+01  3.85488432E+00
  3.30900000E+01  3.78957331E+00
  3.30900000E+01  3.71211205E+00
  3.30900000E+01  3.64680103E+00
  3.30900000E+01  3.56933977E+00
  3.30900000E+01  3.50402876E+00
  3.30900000E+01  3.42656749E+00
  3.30900000E+01  3.36125648E+00
  3.30900000E+01  3.28379522E+00
  3.30900000E+01  3.21848420E+00
  3.30900000E+01  3.14102294E+00
  3.30900000E+01  3.07571193E+00
  3.30900000E+01  2.99825066E+00
  3.30900000E+01  2.93293965E+00
  3.30900000E+01  2.85547838E+00
  3.30900000E+01  2.79016737E+00
  3.30900000E+01  2.71270611E+00
  3.30900000E+01  2.64739509E+00
  3.30900000E+01  2.56993383E+00
  3.30900000E+01  2.50462282E+00
  3.30900000E+01  2.42716155E+00
  3.30900000E+01  2.36185054E+00
  3.30900000E+01  2.28438928E+00
  3.30900000E+01  2.21907826E+00
  3.30900000E+01  2.14161700E+00
  3.30900000E+01  2.07630598E+00
  3.30900000E+01  1.99884472E+00
  3.30900000E+01  1.93353371E+00
  3.30900000E+01  1.85607244E+00
  3.30900000E+01  1.79076143E+00
  3.30900000E+01  1.71330017E+00
  3.30900000E+01  1.64798915E+00
  3.30900000E+01  1.57052789E+00
  3.30900000E+01  1.50521688E+00
  3.30900000E+01  1.42775561E+00
  3.30900000E+01  1.36244460E+00
  3.30900000E+01  1.28498333E+00
  3.30900000E+01  1.21967232E+00
  3.30900000E+01  1.14221106E+00
  3.30900000E+01  1.07690004E+00
  3.30900000E+01  9.99438780E-01
  3.30900000E+01  9.34127767E-01
  3.30900000E+01  8.56666503E-01
  3.30900000E+01  7.91355490E-01
  3.30900000E+01  7.13894226E-01
  3.30900000E+01  6.48583212E-01
  3.30900000E+01  5.71121948E-01
  3.30900000E+01  5.05810935E-01
  3.30900000E+01  4.28349671E-01
  3.30900000E+01  3.63038658E-01
  3.30900000E+01  2.85577394E-01
  3.30900000E+01  2.20266381E-01
  3.30900000E+01  1.42805117E-01
  3.30900000E+01  7.74941034E-02
  3.30900000E+01  3.28395046E-05
  3.30900000E+01 -6.52781738E-02
  3.30900000E+01 -1.42739438E-01
  3.30900000E+01 -2.08050451E-01
  3.30900000E+01 -2.85511715E-01
  3.30900000E+01 -3.50822728E-01
  3.30900000E+01 -4.28283992E-01
  3.30900000E+01 -4.93595006E-01
  3.30900000E+01 -5.71056269E-01
  3.30900000E+01 -6.36367283E-01
  3.30900000E+01 -7.13828547E-01
  3.30900000E+01 -7.79139560E-01
  3.30900000E+01 -8.56600824E-01
  3.30900000E+01 -9.21911837E-01
  3.30900000E+01 -9.99373101E-01
  3.30900000E+01 -1.06468411E+00
  3.30900000E+01 -1.14214538E+00
  3.30900000E+01 -1.20745639E+00
  3.30900000E+01 -1.28491766E+00
  3.30900000E+01 -1.35022867E+00
  3.30900000E+01 -1.42768993E+00
  3.30900000E+01 -1.49300095E+00
  3.30900000E+01 -1.57046221E+00
  3.30900000E+01 -1.63577322E+00
  3.30900000E+01 -1.71323449E+00
  3.30900000E+01 -1.77854550E+00
  3.30900000E+01 -1.85600676E+00
  3.30900000E+01 -1.92131778E+00
  3.30900000E+01 -1.99877904E+00
  3.30900000E+01 -2.06409006E+00
  3.30900000E+01 -2.14155132E+00
  3.30900000E+01 -2.20686233E+00
  3.30900000E+01 -2.28432360E+00
  3.30900000E+01 -2.34963461E+00
  3.30900000E+01 -2.42709587E+00
  3.30900000E+01 -2.49240689E+00
  3.30900000E+01 -2.56986815E+00
  3.30900000E+01 -2.63517916E+00
  3.30900000E+01 -2.71264043E+00
  3.30900000E+01 -2.77795144E+00
  3.30900000E+01 -2.85541271E+00
  3.30900000E+01 -2.92072372E+00
  3.30900000E+01 -2.99818498E+00
  3.30900000E+01 -3.06349600E+00
  3.30900000E+01 -3.14095726E+00
  3.30900000E+01 -3.20626827E+00
  3.30900000E+01 -3.28372954E+00
  3.30900000E+01 -3.34904055E+00
  3.30900000E+01 -3.42650181E+00
  3.30900000E+01 -3.49181283E+00
  3.30900000E+01 -3.56927409E+00
  3.30900000E+01 -3.63458510E+00
  3.30900000E+01 -3.71204637E+00
  3.30900000E+01 -3.77735738E+00
  3.30900000E+01 -3.85481865E+00
  3.30900000E+01 -3.92012966E+00
  3.30900000E+01 -3.99759092E+00
  3.30900000E+01 -4.06290194E+00
  3.30900000E+01 -4.14036320E+00
  3.30900000E+01 -4.20567421E+00
  3.30900000E+01 -4.28313548E+00
  3.30900000E+01 -4.34844649E+00
  3.30900000E+01 -4.42590775E+00
  3.30900000E+01 -4.49121877E+00
  3.30900000E+01 -4.56868003E+00
  3.30900000E+01 -4.63399105E+00
  3.30900000E+01 -4.71145231E+00
  3.30900000E+01 -4.77676332E+00
  3.30900000E+01 -4.85422459E+00
  3.30900000E+01 -4.91953560E+00
  3.30900000E+01 -4.99699686E+00
  3.30900000E+01 -5.06230788E+00
  3.30900000E+01 -5.13976914E+00
  3.30900000E+01 -5.20508015E+00
  3.30900000E+01 -5.28254142E+00
  3.30900000E+01 -5.34785243E+00
  3.30900000E+01 -5.42531370E+00
  3.30900000E+01 -5.49062471E+00
  3.30900000E+01 -5.56808597E+00
  3.30900000E+01 -5.63339699E+00
  3.30900000E+01 -5.71085825E+00
  3.30900000E+01 -5.77616926E+00
  3.30900000E+01 -5.85363053E+00
  3.30900000E+01 -5.91894154E+00
  3.30900000E+01 -5.99640280E+00
  3.30900000E+01 -6.06171382E+00
  3.30900000E+01 -6.13917508E+00
  3.30900000E+01 -6.20448609E+00
  3.30900000E+01 -6.28194736E+00
  3.30900000E+01 -6.34725837E+00
  3.30900000E+01 -6.42471964E+00
  3.30900000E+01 -6.49003065E+00
  3.30900000E+01 -6.56749191E+00
  3.30900000E+01 -6.63280293E+00
  3.30900000E+01 -6.71026419E+00
  3.30900000E+01 -6.77557520E+00
  3.30900000E+01 -6.85303647E+00
  3.30900000E+01 -6.91834748E+00
  3.30900000E+01 -6.99580874E+00
  3.30900000E+01 -7.06111976E+00
  3.30900000E+01 -7.13858102E+00

w:2400/ x(   0.3551825E+02) y(   0.3283950E-04) ix(2) iy(2) s(   0.7000E+00)

hb:   line clip z  
frame:
 -4.9998717E+00 -6.9999675E+00
  1.0000013E+02 -6.9999675E+00
  1.0000013E+02  7.0000325E+00
 -4.9998717E+00  7.0000325E+00
clip:
  3.57214168E+01 -7.13858102E+00
  3.62465000E+01 -7.13858102E+00
  3.62465000E+01 -7.06856992E+00
  3.62465000E+01 -6.99580874E+00
  3.62465000E+01 -6.92579765E+00
  3.62465000E+01 -6.85303647E+00
  3.62465000E+01 -6.78302537E+00
  3.62465000E+01 -6.71026419E+00
  3.62465000E+01 -6.64025309E+00
  3.62465000E+01 -6.56749191E+00
  3.62465000E+01 -6.49748081E+00
  3.62465000E+01 -6.42471964E+00
  3.62465000E+01 -6.35470854E+00
  3.62465000E+01 -6.28194736E+00
  3.62465000E+01 -6.21193626E+00
  3.62465000E+01 -6.13917508E+00
  3.62465000E+01 -6.06916398E+00
  3.62465000E+01 -5.99640280E+00
  3.62465000E+01 -5.92639171E+00
  3.62465000E+01 -5.85363053E+00
  3.62465000E+01 -5.78361943E+00
  3.62465000E+01 -5.71085825E+00
  3.62465000E+01 -5.64084715E+00
  3.62465000E+01 -5.56808597E+00
  3.62465000E+01 -5.49807487E+00
  3.62465000E+01 -5.42531370E+00
  3.62465000E+01 -5.35530260E+00
  3.62465000E+01 -5.28254142E+00
  3.62465000E+01 -5.21253032E+00
  3.62465000E+01 -5.13976914E+00
  3.62465000E+01 -5.06975804E+00
  3.62465000E+01 -4.99699686E+00
  3.62465000E+01 -4.92698576E+00
  3.62465000E+01 -4.85422459E+00
  3.62465000E+01 -4.78421349E+00
  3.62465000E+01 -4.71145231E+00
  3.62465000E+01 -4.64144121E+00
  3.62465000E+01 -4.56868003E+00
  3.62465000E+01 -4.49866893E+00
  3.62465000E+01 -4.42590775E+00
  3.62465000E+01 -4.35589666E+00
  3.62465000E+01 -4.28313548E+00
  3.62465000E+01 -4.21312438E+00
  3.62465000E+01 -4.14036320E+00
  3.62465000E+01 -4.07035210E+00
  3.62465000E+01 -3.99759092E+00
  3.62465000E+01 -3.92757982E+00
  3.62465000E+01 -3.85481865E+00
  3.62465000E+01 -3.78480755E+00
  3.62465000E+01 -3.71204637E+00
  3.62465000E+01 -3.64203527E+00
  3.62465000E+01 -3.56927409E+00
  3.62465000E+01 -3.49926299E+00
  3.62465000E+01 -3.42650181E+00
  3.62465000E+01 -3.35649072E+00
  3.62465000E+01 -3.28372954E+00
  3.62465000E+01 -3.21371844E+00
  3.62465000E+01 -3.14095726E+00
  3.62465000E+01 -3.07094616E+00
  3.62465000E+01 -2.99818498E+00
  3.62465000E+01 -2.92817388E+00
  3.62465000E+01 -2.85541271E+00
  3.62465000E+01 -2.78540161E+00
  3.62465000E+01 -2.71264043E+00
  3.62465000E+01 -2.64262933E+00
  3.62465000E+01 -2.56986815E+00
  3.62465000E+01 -2.49985705E+00
  3.62465000E+01 -2.42709587E+00
  3.62465000E+01 -2.35708477E+00
  3.62465000E+01 -2.28432360E+00
  3.62465000E+01 -2.21431250E+00
  3.62465000E+01 -2.14155132E+00
  3.62465000E+01 -2.07154022E+00
  3.62465000E+01 -1.99877904E+00
  3.62465000E+01 -1.92876794E+00
  3.62465000E+01 -1.85600676E+00
  3.62465000E+01 -1.78599567E+00
  3.62465000E+01 -1.71323449E+00
  3.62465000E+01 -1.64322339E+00
  3.62465000E+01 -1.57046221E+00
  3.62465000E+01 -1.50045111E+00
  3.62465000E+01 -1.42768993E+00
  3.62465000E+01 -1.35767883E+00
  3.62465000E+01 -1.28491766E+00
  3.62465000E+01 -1.21490656E+00
  3.62465000E+01 -1.14214538E+00
  3.62465000E+01 -1.07213428E+00
  3.62465000E+01 -9.99373101E-01
  3.62465000E+01 -9.29362002E-01
  3.62465000E+01 -8.56600824E-01
  3.62465000E+01 -7.86589725E-01
  3.62465000E+01 -7.13828547E-01
  3.62465000E+01 -6.43817448E-01
  3.62465000E+01 -5.71056269E-01
  3.62465000E+01 -5.01045171E-01
  3.62465000E+01 -4.28283992E-01
  3.62465000E+01 -3.58272893E-01
  3.62465000E+01 -2.85511715E-01
  3.62465000E+01 -2.15500616E-01
  3.62465000E+01 -1.42739438E-01
  3.62465000E+01 -7.27283388E-02
  3.62465000E+01  3.28395046E-05
  3.62465000E+01  7.00439384E-02
  3.62465000E+01  1.42805117E-01
  3.62465000E+01  2.12816216E-01
  3.62465000E+01  2.85577394E-01
  3.62465000E+01  3.55588493E-01
  3.62465000E+01  4.28349671E-01
  3.62465000E+01  4.98360770E-01
  3.62465000E+01  5.71121948E-01
  3.62465000E+01  6.41133047E-01
  3.62465000E+01  7.13894226E-01
  3.62465000E+01  7.83905325E-01
  3.62465000E+01  8.56666503E-01
  3.62465000E+01  9.26677602E-01
  3.62465000E+01  9.99438780E-01
  3.62465000E+01  1.06944988E+00
  3.62465000E+01  1.14221106E+00
  3.62465000E+01  1.21222216E+00
  3.62465000E+01  1.28498333E+00
  3.62465000E+01  1.35499443E+00
  3.62465000E+01  1.42775561E+00
  3.62465000E+01  1.49776671E+00
  3.62465000E+01  1.57052789E+00
  3.62465000E+01  1.64053899E+00
  3.62465000E+01  1.71330017E+00
  3.62465000E+01  1.78331127E+00
  3.62465000E+01  1.85607244E+00
  3.62465000E+01  1.92608354E+00
  3.62465000E+01  1.99884472E+00
  3.62465000E+01  2.06885582E+00
  3.62465000E+01  2.14161700E+00
  3.62465000E+01  2.21162810E+00
  3.62465000E+01  2.28438928E+00
  3.62465000E+01  2.35440037E+00
  3.62465000E+01  2.42716155E+00
  3.62465000E+01  2.49717265E+00
  3.62465000E+01  2.56993383E+00
  3.62465000E+01  2.63994493E+00
  3.62465000E+01  2.71270611E+00
  3.62465000E+01  2.78271721E+00
  3.62465000E+01  2.85547838E+00
  3.62465000E+01  2.92548948E+00
  3.62465000E+01  2.99825066E+00
  3.62465000E+01  3.06826176E+00
  3.62465000E+01  3.14102294E+00
  3.62465000E+01  3.21103404E+00
  3.62465000E+01  3.28379522E+00
  3.62465000E+01  3.35380631E+00
  3.62465000E+01  3.42656749E+00
  3.62465000E+01  3.49657859E+00
  3.62465000E+01  3.56933977E+00
  3.62465000E+01  3.63935087E+00
  3.62465000E+01  3.71211205E+00
  3.62465000E+01  3.78212315E+00
  3.62465000E+01  3.85488432E+00
  3.62465000E+01  3.92489542E+00
  3.62465000E+01  3.99765660E+00
  3.62465000E+01  4.06766770E+00
  3.62465000E+01  4.14042888E+00
  3.62465000E+01  4.21043998E+00
  3.62465000E+01  4.28320116E+00
  3.62465000E+01  4.35321226E+00
  3.62465000E+01  4.42597343E+00
  3.62465000E+01  4.49598453E+00
  3.62465000E+01  4.56874571E+00
  3.62465000E+01  4.63875681E+00
  3.62465000E+01  4.71151799E+00
  3.62465000E+01  4.78152909E+00
  3.62465000E+01  4.85429027E+00
  3.62465000E+01  4.92430136E+00
  3.62465000E+01  4.99706254E+00
  3.62465000E+01  5.06707364E+00
  3.62465000E+01  5.13983482E+00
  3.62465000E+01  5.20984592E+00
  3.62465000E+01  5.28260710E+00
  3.62465000E+01  5.35261820E+00
  3.62465000E+01  5.42537937E+00
  3.62465000E+01  5.49539047E+00
  3.62465000E+01  5.56815165E+00
  3.62465000E+01  5.63816275E+00
  3.62465000E+01  5.71092393E+00
  3.62465000E+01  5.78093503E+00
  3.62465000E+01  5.85369621E+00
  3.62465000E+01  5.92370730E+00
  3.62465000E+01  5.99646848E+00
  3.62465000E+01  6.06647958E+00
  3.62465000E+01  6.13924076E+00
  3.62465000E+01  6.20925186E+00
  3.62465000E+01  6.28201304E+00
  3.62465000E+01  6.35202414E+00
  3.62465000E+01  6.42478531E+00
  3.62465000E+01  6.49479641E+00
  3.62465000E+01  6.56755759E+00
  3.62465000E+01  6.63756869E+00
  3.62465000E+01  6.71032987E+00
  3.62465000E+01  6.78034097E+00
  3.62465000E+01  6.85310215E+00
  3.62465000E+01  6.92311325E+00
  3.62465000E+01  6.99587442E+00
  3.62465000E+01  7.06588552E+00
  3.62465000E+01  7.13864670E+00
  3.57214168E+01  7.13864670E+00
  3.52700000E+01  7.13864670E+00
  3.52700000E+01  7.07845780E+00
  3.52700000E+01  6.99587442E+00
  3.52700000E+01  6.93568552E+00
  3.52700000E+01  6.85310215E+00
  3.52700000E+01  6.79291325E+00
  3.52700000E+01  6.71032987E+00
  3.52700000E+01  6.65014097E+00
  3.52700000E+01  6.56755759E+00
  3.52700000E+01  6.50736869E+00
  3.52700000E+01  6.42478531E+00
  3.52700000E+01  6.36459641E+00
  3.52700000E+01  6.28201304E+00
  3.52700000E+01  6.22182414E+00
  3.52700000E+01  6.13924076E+00
  3.52700000E+01  6.07905186E+00
  3.52700000E+01  5.99646848E+00
  3.52700000E+01  5.93627958E+00
  3.52700000E+01  5.85369621E+00
  3.52700000E+01  5.79350730E+00
  3.52700000E+01  5.71092393E+00
  3.52700000E+01  5.65073503E+00
  3.52700000E+01  5.56815165E+00
  3.52700000E+01  5.50796275E+00
  3.52700000E+01  5.42537937E+00
  3.52700000E+01  5.36519047E+00
  3.52700000E+01  5.28260710E+00
  3.52700000E+01  5.22241820E+00
  3.52700000E+01  5.13983482E+00
  3.52700000E+01  5.07964592E+00
  3.52700000E+01  4.99706254E+00
  3.52700000E+01  4.93687364E+00
  3.52700000E+01  4.85429027E+00
  3.52700000E+01  4.79410136E+00
  3.52700000E+01  4.71151799E+00
  3.52700000E+01  4.65132909E+00
  3.52700000E+01  4.56874571E+00
  3.52700000E+01  4.50855681E+00
  3.52700000E+01  4.42597343E+00
  3.52700000E+01  4.36578453E+00
  3.52700000E+01  4.28320116E+00
  3.52700000E+01  4.22301226E+00
  3.52700000E+01  4.14042888E+00
  3.52700000E+01  4.08023998E+00
  3.47900000E+01  3.99765660E+00
  3.47900000E+01  3.87346770E+00
  3.47900000E+01  3.85488432E+00
  3.47900000E+01  3.73069542E+00
  3.47900000E+01  3.71211205E+00
  3.47900000E+01  3.58792315E+00
  3.47900000E+01  3.56933977E+00
  3.47900000E+01  3.44515087E+00
  3.47900000E+01  3.42656749E+00
  3.47900000E+01  3.30237859E+00
  3.47900000E+01  3.28379522E+00
  3.47900000E+01  3.15960631E+00
  3.47900000E+01  3.14102294E+00
  3.47900000E+01  3.01683404E+00
  3.47900000E+01  2.99825066E+00
  3.47900000E+01  2.87406176E+00
  3.47900000E+01  2.85547838E+00
  3.47900000E+01  2.73128948E+00
  3.47900000E+01  2.71270611E+00
  3.47900000E+01  2.58851721E+00
  3.47900000E+01  2.56993383E+00
  3.47900000E+01  2.44574493E+00
  3.47900000E+01  2.42716155E+00
  3.47900000E+01  2.30297265E+00
  3.47900000E+01  2.28438928E+00
  3.47900000E+01  2.16020037E+00
  3.47900000E+01  2.14161700E+00
  3.47900000E+01  2.01742810E+00
  3.47900000E+01  1.99884472E+00
  3.47900000E+01  1.87465582E+00
  3.47900000E+01  1.85607244E+00
  3.47900000E+01  1.73188354E+00
  3.47900000E+01  1.71330017E+00
  3.47900000E+01  1.58911127E+00
  3.47900000E+01  1.57052789E+00
  3.47900000E+01  1.44633899E+00
  3.47900000E+01  1.42775561E+00
  3.47900000E+01  1.30356671E+00
  3.47900000E+01  1.28498333E+00
  3.47900000E+01  1.16079443E+00
  3.47900000E+01  1.14221106E+00
  3.47900000E+01  1.01802216E+00
  3.47900000E+01  9.99438780E-01
  3.47900000E+01  8.75249879E-01
  3.47900000E+01  8.56666503E-01
  3.47900000E+01  7.32477602E-01
  3.50020644E+01  6.17980581E-01
  3.50465000E+01  4.81133047E-01
  3.50686683E+01  3.41316537E-01
  3.52465000E+01  2.85577394E-01
  3.52465000E+01 -2.85511715E-01
  3.50465000E+01 -4.28283992E-01
  3.50465000E+01 -5.71056269E-01
  3.47900000E+01 -6.95245171E-01
  3.47900000E+01 -3.99759092E+00
  3.52700000E+01 -4.14036320E+00
  3.52700000E+01 -7.13858102E+00

w:2/ x(   0.6864312E+02) y(   0.3283950E-04) ix(2) iy(2) s(   0.7000E+00)

hb:   line clip z  
frame:
 -4.9998717E+00 -6.9999675E+00
  1.0000013E+02 -6.9999675E+00
  1.0000013E+02  7.0000325E+00
 -4.9998717E+00  7.0000325E+00
clip:
  3.67922088E+01 -7.13858102E+00
  5.80800000E+01 -7.13858102E+00
  5.80800000E+01 -7.01288213E+00
  5.80800000E+01 -6.99580874E+00
  5.80800000E+01 -6.87010986E+00
  5.80800000E+01 -6.85303647E+00
  5.80800000E+01 -6.72733758E+00
  5.80800000E+01 -6.71026419E+00
  5.80800000E+01 -6.58456530E+00
  5.80800000E+01 -6.56749191E+00
  5.80800000E+01 -6.44179303E+00
  5.80800000E+01 -6.42471964E+00
  5.80800000E+01 -6.29902075E+00
  5.80800000E+01 -6.28194736E+00
  5.80800000E+01 -6.15624847E+00
  5.80800000E+01 -6.13917508E+00
  5.80800000E+01 -6.01347619E+00
  5.80800000E+01 -5.99640280E+00
  5.80800000E+01 -5.87070392E+00
  5.80800000E+01 -5.85363053E+00
  5.80800000E+01 -5.72793164E+00
  5.80800000E+01 -5.71085825E+00
  5.80800000E+01 -5.58515936E+00
  5.80800000E+01 -5.56808597E+00
  5.80800000E+01 -5.44238708E+00
  5.80800000E+01 -5.42531370E+00
  5.80800000E+01 -5.29961481E+00
  5.80800000E+01 -5.28254142E+00
  5.80800000E+01 -5.15684253E+00
  5.80800000E+01 -5.13976914E+00
  5.80800000E+01 -5.01407025E+00
  5.80800000E+01 -4.99699686E+00
  5.80800000E+01 -4.87129798E+00
  5.80800000E+01 -4.85422459E+00
  5.80800000E+01 -4.72852570E+00
  5.80800000E+01 -4.71145231E+00
  5.80800000E+01 -4.58575342E+00
  5.80800000E+01 -4.56868003E+00
  5.80800000E+01 -4.44298114E+00
  5.80800000E+01 -4.42590775E+00
  5.80800000E+01 -4.30020887E+00
  5.80800000E+01 -4.28313548E+00
  5.80800000E+01 -4.15743659E+00
  5.80800000E+01 -4.14036320E+00
  5.80800000E+01 -4.01466431E+00
  5.80800000E+01 -3.99759092E+00
  5.80800000E+01 -3.87189204E+00
  5.80800000E+01 -3.85481865E+00
  5.80800000E+01 -3.72911976E+00
  5.80800000E+01 -3.71204637E+00
  5.80800000E+01 -3.58634748E+00
  5.80800000E+01 -3.56927409E+00
  5.80800000E+01 -3.44357520E+00
  5.80800000E+01 -3.42650181E+00
  5.80800000E+01 -3.30080293E+00
  5.80800000E+01 -3.28372954E+00
  5.80800000E+01 -3.15803065E+00
  5.80800000E+01 -3.14095726E+00
  5.80800000E+01 -3.01525837E+00
  5.80800000E+01 -2.99818498E+00
  5.80800000E+01 -2.87248609E+00
  5.80800000E+01 -2.85541271E+00
  5.80800000E+01 -2.72971382E+00
  5.80800000E+01 -2.71264043E+00
  5.80800000E+01 -2.58694154E+00
  5.80800000E+01 -2.56986815E+00
  5.80800000E+01 -2.44416926E+00
  5.80800000E+01 -2.42709587E+00
  5.80800000E+01 -2.30139699E+00
  5.80800000E+01 -2.28432360E+00
  5.80800000E+01 -2.15862471E+00
  5.80800000E+01 -2.14155132E+00
  5.80800000E+01 -2.01585243E+00
  5.80800000E+01 -1.99877904E+00
  5.80800000E+01 -1.87308015E+00
  5.80800000E+01 -1.85600676E+00
  5.80800000E+01 -1.73030788E+00
  5.80800000E+01 -1.71323449E+00
  5.80800000E+01 -1.58753560E+00
  5.82080504E+01 -1.46850000E+00
  5.85141259E+01 -1.46850000E+00
  5.92788425E+01 -1.46850000E+00
  5.95849180E+01 -1.46850000E+00
  6.02300000E+01 -1.42768993E+00
  6.02300000E+01 -1.30086893E+00
  6.02300000E+01  2.71270611E+00
  6.03496346E+01  2.71850000E+00
  6.10100000E+01  2.71270611E+00
  6.10100000E+01  2.65798255E+00
  6.10100000E+01  2.56993383E+00
  6.10100000E+01  2.51521028E+00
  6.10100000E+01  2.42716155E+00
  6.10100000E+01  2.37243800E+00
  6.10100000E+01  2.28438928E+00
  6.10100000E+01  2.22966572E+00
  6.10100000E+01  2.14161700E+00
  6.10100000E+01  2.08689344E+00
  6.10100000E+01  1.99884472E+00
  6.10100000E+01  1.94412117E+00
  6.10100000E+01  1.85607244E+00
  6.10100000E+01  1.80134889E+00
  6.10100000E+01  1.71330017E+00
  6.10100000E+01  1.65857661E+00
  6.10100000E+01  1.57052789E+00
  6.10100000E+01  1.51580433E+00
  6.10100000E+01  1.42775561E+00
  6.10100000E+01  1.37303206E+00
  6.10100000E+01  1.28498333E+00
  6.10100000E+01  1.23025978E+00
  6.10100000E+01  1.14221106E+00
  6.10100000E+01  1.08748750E+00
  6.10100000E+01  9.99438780E-01
  6.10100000E+01  9.44715226E-01
  6.10100000E+01  8.56666503E-01
  6.10100000E+01  8.01942948E-01
  6.10100000E+01  7.13894226E-01
  6.10100000E+01  6.59170671E-01
  6.10100000E+01  5.71121948E-01
  6.10100000E+01  5.16398394E-01
  6.10100000E+01  4.28349671E-01
  6.10100000E+01  3.73626117E-01
  6.10100000E+01  2.85577394E-01
  6.10100000E+01  2.30853839E-01
  6.10100000E+01  1.42805117E-01
  6.10100000E+01  8.80815622E-02
  6.10100000E+01  3.28395046E-05
  6.10100000E+01 -5.46907151E-02
  6.10100000E+01 -1.42739438E-01
  6.10100000E+01 -1.97462992E-01
  6.10100000E+01 -2.85511715E-01
  6.10100000E+01 -3.40235270E-01
  6.10100000E+01 -4.28283992E-01
  6.10100000E+01 -4.83007547E-01
  6.10100000E+01 -5.71056269E-01
  6.10100000E+01 -6.25779824E-01
  6.10100000E+01 -7.13828547E-01
  6.10100000E+01 -7.68552101E-01
  6.10100000E+01 -8.56600824E-01
  6.10100000E+01 -9.11324378E-01
  6.10100000E+01 -9.99373101E-01
  6.10100000E+01 -1.05409666E+00
  6.10100000E+01 -1.14214538E+00
  6.10100000E+01 -1.19686893E+00
  6.10100000E+01 -1.28491766E+00
  6.10100000E+01 -1.33964121E+00
  6.10100000E+01 -1.42768993E+00
  6.11143512E+01 -1.46850000E+00
  6.14204267E+01 -1.46850000E+00
  6.17265022E+01 -1.46850000E+00
  6.24912187E+01 -1.46850000E+00
  6.27972942E+01 -1.46850000E+00
  6.30000000E+01 -1.57046221E+00
  6.30000000E+01 -1.64539699E+00
  6.30000000E+01 -1.71323449E+00
  6.30000000E+01 -1.78816926E+00
  6.30000000E+01 -1.85600676E+00
  6.30000000E+01 -1.93094154E+00
  6.30000000E+01 -1.99877904E+00
  6.30000000E+01 -2.07371382E+00
  6.30000000E+01 -2.14155132E+00
  6.30000000E+01 -2.21648609E+00
  6.30000000E+01 -2.28432360E+00
  6.30000000E+01 -2.35925837E+00
  6.30000000E+01 -2.42709587E+00
  6.30000000E+01 -2.50203065E+00
  6.30000000E+01 -2.56986815E+00
  6.30000000E+01 -2.64480293E+00
  6.30000000E+01 -2.71264043E+00
  6.30000000E+01 -2.78757520E+00
  6.30000000E+01 -2.85541271E+00
  6.30000000E+01 -2.93034748E+00
  6.30000000E+01 -2.99818498E+00
  6.30000000E+01 -3.07311976E+00
  6.30000000E+01 -3.14095726E+00
  6.30000000E+01 -3.21589204E+00
  6.30000000E+01 -3.28372954E+00
  6.30000000E+01 -3.35866431E+00
  6.30000000E+01 -3.42650181E+00
  6.30000000E+01 -3.50143659E+00
  6.30000000E+01 -3.56927409E+00
  6.30000000E+01 -3.64420887E+00
  6.30000000E+01 -3.71204637E+00
  6.30000000E+01 -3.78698114E+00
  6.30000000E+01 -3.85481865E+00
  6.30000000E+01 -3.92975342E+00
  6.30000000E+01 -3.99759092E+00
  6.30000000E+01 -4.07252570E+00
  6.30000000E+01 -4.14036320E+00
  6.30000000E+01 -4.21529798E+00
  6.30000000E+01 -4.28313548E+00
  6.30000000E+01 -4.35807025E+00
  6.30000000E+01 -4.42590775E+00
  6.30000000E+01 -4.50084253E+00
  6.30000000E+01 -4.56868003E+00
  6.30000000E+01 -4.64361481E+00
  6.30000000E+01 -4.71145231E+00
  6.30000000E+01 -4.78638708E+00
  6.30000000E+01 -4.85422459E+00
  6.30000000E+01 -4.92915936E+00
  6.30000000E+01 -4.99699686E+00
  6.30000000E+01 -5.07193164E+00
  6.30000000E+01 -5.13976914E+00
  6.30000000E+01 -5.21470392E+00
  6.30000000E+01 -5.28254142E+00
  6.30000000E+01 -5.35747619E+00
  6.30000000E+01 -5.42531370E+00
  6.30000000E+01 -5.50024847E+00
  6.30000000E+01 -5.56808597E+00
  6.30000000E+01 -5.64302075E+00
  6.30000000E+01 -5.71085825E+00
  6.30000000E+01 -5.78579303E+00
  6.30000000E+01 -5.85363053E+00
  6.30058213E+01 -5.92778913E+00
  6.35620108E+01 -5.92778913E+00
  6.41182004E+01 -5.92778913E+00
  6.45000000E+01 -5.99640280E+00
  6.45000000E+01 -6.01410986E+00
  6.45000000E+01 -6.13917508E+00
  6.45000000E+01 -6.15688213E+00
  6.45000000E+01 -6.28194736E+00
  6.45000000E+01 -6.29965441E+00
  6.45000000E+01 -6.42471964E+00
  6.45000000E+01 -6.44242669E+00
  6.45000000E+01 -6.56749191E+00
  6.45000000E+01 -6.58519897E+00
  6.45000000E+01 -6.71026419E+00
  6.45000000E+01 -6.72797124E+00
  6.45000000E+01 -6.85303647E+00
  6.45000000E+01 -6.87074352E+00
  6.45000000E+01 -6.99580874E+00
  6.45000000E+01 -7.01351580E+00
  6.45000000E+01 -7.13858102E+00
  6.46328029E+01 -7.13858102E+00
  6.57035950E+01 -7.13858102E+00
  6.67743871E+01 -7.13858102E+00
  6.78451791E+01 -7.13858102E+00
  6.89159712E+01 -7.13858102E+00
  6.99867633E+01 -7.13858102E+00
  7.10575554E+01 -7.13858102E+00
  7.21283475E+01 -7.13858102E+00
  7.31991395E+01 -7.13858102E+00
  7.42699316E+01 -7.13858102E+00
  7.53407237E+01 -7.13858102E+00
  7.64115158E+01 -7.13858102E+00
  7.74823078E+01 -7.13858102E+00
  7.85530999E+01 -7.13858102E+00
  7.96238920E+01 -7.13858102E+00
  8.06946841E+01 -7.13858102E+00
  8.17654762E+01 -7.13858102E+00
  8.28362682E+01 -7.13858102E+00
  8.39070603E+01 -7.13858102E+00
  8.49778524E+01 -7.13858102E+00
  8.60486445E+01 -7.13858102E+00
  8.71194366E+01 -7.13858102E+00
  8.81902286E+01 -7.13858102E+00
  8.92610207E+01 -7.13858102E+00
  9.03318128E+01 -7.13858102E+00
  9.14026049E+01 -7.13858102E+00
  9.24733970E+01 -7.13858102E+00
  9.35441890E+01 -7.13858102E+00
  9.46149811E+01 -7.13858102E+00
  9.56857732E+01 -7.13858102E+00
  9.67565653E+01 -7.13858102E+00
  9.78273574E+01 -7.13858102E+00
  9.88981494E+01 -7.13858102E+00
  9.99689415E+01 -7.13858102E+00
  1.01000000E+02 -7.00110656E+00
  1.01000000E+02 -5.99640280E+00
  1.01039734E+02 -5.85363053E+00
  1.01039734E+02  5.92778913E+00
  1.01000000E+02  6.13394295E+00
  1.01000000E+02  7.13864670E+00
  9.99689415E+01  7.13864670E+00
  9.88981494E+01  7.13864670E+00
  9.78273574E+01  7.13864670E+00
  9.67565653E+01  7.13864670E+00
  9.56857732E+01  7.13864670E+00
  9.46149811E+01  7.13864670E+00
  9.35441890E+01  7.13864670E+00
  9.24733970E+01  7.13864670E+00
  9.14026049E+01  7.13864670E+00
  9.03318128E+01  7.13864670E+00
  8.92610207E+01  7.13864670E+00
  8.81902286E+01  7.13864670E+00
  8.71194366E+01  7.13864670E+00
  8.60486445E+01  7.13864670E+00
  8.49778524E+01  7.13864670E+00
  8.39070603E+01  7.13864670E+00
  8.28362682E+01  7.13864670E+00
  8.17654762E+01  7.13864670E+00
  8.06946841E+01  7.13864670E+00
  7.96238920E+01  7.13864670E+00
  7.85530999E+01  7.13864670E+00
  7.74823078E+01  7.13864670E+00
  7.64115158E+01  7.13864670E+00
  7.53407237E+01  7.13864670E+00
  7.42699316E+01  7.13864670E+00
  7.31991395E+01  7.13864670E+00
  7.21283475E+01  7.13864670E+00
  7.10575554E+01  7.13864670E+00
  6.99867633E+01  7.13864670E+00
  6.89159712E+01  7.13864670E+00
  6.78451791E+01  7.13864670E+00
  6.67743871E+01  7.13864670E+00
  6.57035950E+01  7.13864670E+00
  6.46328029E+01  7.13864670E+00
  6.45000000E+01  7.13864670E+00
  6.45000000E+01  7.12093965E+00
  6.45000000E+01  6.99587442E+00
  6.45000000E+01  6.97816737E+00
  6.45000000E+01  6.85310215E+00
  6.45000000E+01  6.83539509E+00
  6.45000000E+01  6.71032987E+00
  6.45000000E+01  6.69262282E+00
  6.45000000E+01  6.56755759E+00
  6.45000000E+01  6.54985054E+00
  6.45000000E+01  6.42478531E+00
  6.45000000E+01  6.40707826E+00
  6.45000000E+01  6.28201304E+00
  6.45000000E+01  6.26430598E+00
  6.45000000E+01  6.13924076E+00
  6.45000000E+01  6.12153371E+00
  6.45000000E+01  5.99646848E+00
  6.45000000E+01  5.97876143E+00
  6.35620108E+01  5.92778913E+00
  6.30000000E+01  5.99646848E+00
  6.30000000E+01  7.13864670E+00
  6.24912187E+01  7.13864670E+00
  6.14204267E+01  7.13864670E+00
  6.03496346E+01  7.13864670E+00
  5.92788425E+01  7.13864670E+00
  5.82080504E+01  7.13864670E+00
  5.71372583E+01  7.13864670E+00
  5.60664663E+01  7.13864670E+00
  5.49956742E+01  7.13864670E+00
  5.39248821E+01  7.13864670E+00
  5.28540900E+01  7.13864670E+00
  5.17832979E+01  7.13864670E+00
  5.07125059E+01  7.13864670E+00
  4.96417138E+01  7.13864670E+00
  4.85709217E+01  7.13864670E+00
  4.75001296E+01  7.13864670E+00
  4.64293376E+01  7.13864670E+00
  4.53585455E+01  7.13864670E+00
  4.42877534E+01  7.13864670E+00
  4.32169613E+01  7.13864670E+00
  4.21461692E+01  7.13864670E+00
  4.10753772E+01  7.13864670E+00
  4.00045851E+01  7.13864670E+00
  3.89337930E+01  7.13864670E+00
  3.78630009E+01  7.13864670E+00
  3.67922088E+01  7.13864670E+00
  3.62465000E+01  7.13864670E+00
  3.62465000E+01  7.06588552E+00
  3.62465000E+01  6.99587442E+00
  3.62465000E+01  6.92311325E+00
  3.62465000E+01  6.85310215E+00
  3.62465000E+01  6.78034097E+00
  3.62465000E+01  6.71032987E+00
  3.62465000E+01  6.63756869E+00
  3.62465000E+01  6.56755759E+00
  3.62465000E+01  6.49479641E+00
  3.62465000E+01  6.42478531E+00
  3.62465000E+01  6.35202414E+00
  3.62465000E+01  6.28201304E+00
  3.62465000E+01  6.20925186E+00
  3.62465000E+01  6.13924076E+00
  3.62465000E+01  6.06647958E+00
  3.62465000E+01  5.99646848E+00
  3.62465000E+01  5.92370730E+00
  3.62465000E+01  5.85369621E+00
  3.62465000E+01  5.78093503E+00
  3.62465000E+01  5.71092393E+00
  3.62465000E+01  5.63816275E+00
  3.62465000E+01  5.56815165E+00
  3.62465000E+01  5.49539047E+00
  3.62465000E+01  5.42537937E+00
  3.62465000E+01  5.35261820E+00
  3.62465000E+01  5.28260710E+00
  3.62465000E+01  5.20984592E+00
  3.62465000E+01  5.13983482E+00
  3.62465000E+01  5.06707364E+00
  3.62465000E+01  4.99706254E+00
  3.62465000E+01  4.92430136E+00
  3.62465000E+01  4.85429027E+00
  3.62465000E+01  4.78152909E+00
  3.62465000E+01  4.71151799E+00
  3.62465000E+01  4.63875681E+00
  3.62465000E+01  4.56874571E+00
  3.62465000E+01  4.49598453E+00
  3.62465000E+01  4.42597343E+00
  3.62465000E+01  4.35321226E+00
  3.62465000E+01  4.28320116E+00
  3.62465000E+01  4.21043998E+00
  3.62465000E+01  4.14042888E+00
  3.62465000E+01  4.06766770E+00
  3.62465000E+01  3.99765660E+00
  3.62465000E+01  3.92489542E+00
  3.62465000E+01  3.85488432E+00
  3.62465000E+01  3.78212315E+00
  3.62465000E+01  3.71211205E+00
  3.62465000E+01  3.63935087E+00
  3.62465000E+01  3.56933977E+00
  3.62465000E+01  3.49657859E+00
  3.62465000E+01  3.42656749E+00
  3.62465000E+01  3.35380631E+00
  3.62465000E+01  3.28379522E+00
  3.62465000E+01  3.21103404E+00
  3.62465000E+01  3.14102294E+00
  3.62465000E+01  3.06826176E+00
  3.62465000E+01  2.99825066E+00
  3.62465000E+01  2.92548948E+00
  3.62465000E+01  2.85547838E+00
  3.62465000E+01  2.78271721E+00
  3.62465000E+01  2.71270611E+00
  3.62465000E+01  2.63994493E+00
  3.62465000E+01  2.56993383E+00
  3.62465000E+01  2.49717265E+00
  3.62465000E+01  2.42716155E+00
  3.62465000E+01  2.35440037E+00
  3.62465000E+01  2.28438928E+00
  3.62465000E+01  2.21162810E+00
  3.62465000E+01  2.14161700E+00
  3.62465000E+01  2.06885582E+00
  3.62465000E+01  1.99884472E+00
  3.62465000E+01  1.92608354E+00
  3.62465000E+01  1.85607244E+00
  3.62465000E+01  1.78331127E+00
  3.62465000E+01  1.71330017E+00
  3.62465000E+01  1.64053899E+00
  3.62465000E+01  1.57052789E+00
  3.62465000E+01  1.49776671E+00
  3.62465000E+01  1.42775561E+00
  3.62465000E+01  1.35499443E+00
  3.62465000E+01  1.28498333E+00
  3.62465000E+01  1.21222216E+00
  3.62465000E+01  1.14221106E+00
  3.62465000E+01  1.06944988E+00
  3.62465000E+01  9.99438780E-01
  3.62465000E+01  9.26677602E-01
  3.62465000E+01  8.56666503E-01
  3.62465000E+01  7.83905325E-01
  3.62465000E+01  7.13894226E-01
  3.62465000E+01  6.41133047E-01
  3.62465000E+01  5.71121948E-01
  3.62465000E+01  4.98360770E-01
  3.62465000E+01  4.28349671E-01
  3.62465000E+01  3.55588493E-01
  3.62465000E+01  2.85577394E-01
  3.62465000E+01  2.12816216E-01
  3.62465000E+01  1.42805117E-01
  3.62465000E+01  7.00439384E-02
  3.62465000E+01  3.28395046E-05
  3.62465000E+01 -7.27283388E-02
  3.62465000E+01 -1.42739438E-01
  3.62465000E+01 -2.15500616E-01
  3.62465000E+01 -2.85511715E-01
  3.62465000E+01 -3.58272893E-01
  3.62465000E+01 -4.28283992E-01
  3.62465000E+01 -5.01045171E-01
  3.62465000E+01 -5.71056269E-01
  3.62465000E+01 -6.43817448E-01
  3.62465000E+01 -7.13828547E-01
  3.62465000E+01 -7.86589725E-01
  3.62465000E+01 -8.56600824E-01
  3.62465000E+01 -9.29362002E-01
  3.62465000E+01 -9.99373101E-01
  3.62465000E+01 -1.07213428E+00
  3.62465000E+01 -1.14214538E+00
  3.62465000E+01 -1.21490656E+00
  3.62465000E+01 -1.28491766E+00
  3.62465000E+01 -1.35767883E+00
  3.62465000E+01 -1.42768993E+00
  3.62465000E+01 -1.50045111E+00
  3.62465000E+01 -1.57046221E+00
  3.62465000E+01 -1.64322339E+00
  3.62465000E+01 -1.71323449E+00
  3.62465000E+01 -1.78599567E+00
  3.62465000E+01 -1.85600676E+00
  3.62465000E+01 -1.92876794E+00
  3.62465000E+01 -1.99877904E+00
  3.62465000E+01 -2.07154022E+00
  3.62465000E+01 -2.14155132E+00
  3.62465000E+01 -2.21431250E+00
  3.62465000E+01 -2.28432360E+00
  3.62465000E+01 -2.35708477E+00
  3.62465000E+01 -2.42709587E+00
  3.62465000E+01 -2.49985705E+00
  3.62465000E+01 -2.56986815E+00
  3.62465000E+01 -2.64262933E+00
  3.62465000E+01 -2.71264043E+00
  3.62465000E+01 -2.78540161E+00
  3.62465000E+01 -2.85541271E+00
  3.62465000E+01 -2.92817388E+00
  3.62465000E+01 -2.99818498E+00
  3.62465000E+01 -3.07094616E+00
  3.62465000E+01 -3.14095726E+00
  3.62465000E+01 -3.21371844E+00
  3.62465000E+01 -3.28372954E+00
  3.62465000E+01 -3.35649072E+00
  3.62465000E+01 -3.42650181E+00
  3.62465000E+01 -3.49926299E+00
  3.62465000E+01 -3.56927409E+00
  3.62465000E+01 -3.64203527E+00
  3.62465000E+01 -3.71204637E+00
  3.62465000E+01 -3.78480755E+00
  3.62465000E+01 -3.85481865E+00
  3.62465000E+01 -3.92757982E+00
  3.62465000E+01 -3.99759092E+00
  3.62465000E+01 -4.07035210E+00
  3.62465000E+01 -4.14036320E+00
  3.62465000E+01 -4.21312438E+00
  3.62465000E+01 -4.28313548E+00
  3.62465000E+01 -4.35589666E+00
  3.62465000E+01 -4.42590775E+00
  3.62465000E+01 -4.49866893E+00
  3.62465000E+01 -4.56868003E+00
  3.62465000E+01 -4.64144121E+00
  3.62465000E+01 -4.71145231E+00
  3.62465000E+01 -4.78421349E+00
  3.62465000E+01 -4.85422459E+00
  3.62465000E+01 -4.92698576E+00
  3.62465000E+01 -4.99699686E+00
  3.62465000E+01 -5.06975804E+00
  3.62465000E+01 -5.13976914E+00
  3.62465000E+01 -5.21253032E+00
  3.62465000E+01 -5.28254142E+00
  3.62465000E+01 -5.35530260E+00
  3.62465000E+01 -5.42531370E+00
  3.62465000E+01 -5.49807487E+00
  3.62465000E+01 -5.56808597E+00
  3.62465000E+01 -5.64084715E+00
  3.62465000E+01 -5.71085825E+00
  3.62465000E+01 -5.78361943E+00
  3.62465000E+01 -5.85363053E+00
  3.62465000E+01 -5.92639171E+00
  3.62465000E+01 -5.99640280E+00
  3.62465000E+01 -6.06916398E+00
  3.62465000E+01 -6.13917508E+00
  3.62465000E+01 -6.21193626E+00
  3.62465000E+01 -6.28194736E+00
  3.62465000E+01 -6.35470854E+00
  3.62465000E+01 -6.42471964E+00
  3.62465000E+01 -6.49748081E+00
  3.62465000E+01 -6.56749191E+00
  3.62465000E+01 -6.64025309E+00
  3.62465000E+01 -6.71026419E+00
  3.62465000E+01 -6.78302537E+00
  3.62465000E+01 -6.85303647E+00
  3.62465000E+01 -6.92579765E+00
  3.62465000E+01 -6.99580874E+00
  3.62465000E+01 -7.06856992E+00
  3.62465000E+01 -7.13858102E+00

w:6001/ x(   0.5820805E+02) y(  -0.7138581E+01) ix(2) iy(2) s(   0.7000E+00)

hb:   line clip z  
frame:
 -4.9998717E+00 -6.9999675E+00
  1.0000013E+02 -6.9999675E+00
  1.0000013E+02  7.0000325E+00
 -4.9998717E+00  7.0000325E+00
clip:
  5.82080504E+01 -7.13858102E+00
  5.87541167E+01 -7.13858102E+00
  5.87557350E+01 -7.06555641E+00
  5.87575596E+01 -6.99580874E+00
  5.87597802E+01 -6.92224478E+00
  5.87621476E+01 -6.85303647E+00
  5.87649891E+01 -6.77877798E+00
  5.87678885E+01 -6.71026419E+00
  5.87713748E+01 -6.63515427E+00
  5.87747924E+01 -6.56749191E+00
  5.87789528E+01 -6.49137160E+00
  5.87828716E+01 -6.42471964E+00
  5.87877407E+01 -6.34742759E+00
  5.87921405E+01 -6.28194736E+00
  5.87977592E+01 -6.20331952E+00
  5.88026162E+01 -6.13917508E+00
  5.88090317E+01 -6.05904425E+00
  5.88143183E+01 -5.99640280E+00
  5.88215845E+01 -5.91459826E+00
  5.88272692E+01 -5.85363053E+00
  5.88354476E+01 -5.76997757E+00
  5.88414942E+01 -5.71085825E+00
  5.88506546E+01 -5.62517770E+00
  5.88921203E+01 -5.28254142E+00
  5.89483438E+01 -4.89829108E+00
  5.90054867E+01 -4.56868003E+00
  5.90623205E+01 -4.28313548E+00
  5.91267075E+01 -3.99759092E+00
  5.91620163E+01 -3.85481865E+00
  5.91995885E+01 -3.71204637E+00
  5.92395928E+01 -3.56927409E+00
  5.92820944E+01 -3.42693540E+00
  5.93277311E+01 -3.28372954E+00
  5.93812156E+01 -3.12730751E+00
  5.94365450E+01 -2.97715798E+00
  5.94965656E+01 -2.82638296E+00
  5.95620619E+01 -2.67487784E+00
  5.96341011E+01 -2.52250034E+00
  5.97142015E+01 -2.36904801E+00
  5.98046575E+01 -2.21421493E+00
  5.99092506E+01 -2.05749691E+00
  6.00351163E+01 -1.89794253E+00
  6.01995303E+01 -1.73324839E+00
  5.92788425E+01 -1.71850000E+00
  5.82475418E+01 -1.71850000E+00
  5.82080504E+01 -1.71850000E+00
  5.80800000E+01 -1.83893337E+00
  5.80800000E+01 -1.85600676E+00
  5.80800000E+01 -1.87308015E+00
  5.80800000E+01 -1.99877904E+00
  5.80800000E+01 -2.01585243E+00
  5.80800000E+01 -2.14155132E+00
  5.80800000E+01 -2.15862471E+00
  5.80800000E+01 -2.28432360E+00
  5.80800000E+01 -2.30139699E+00
  5.80800000E+01 -2.42709587E+00
  5.80800000E+01 -2.44416926E+00
  5.80800000E+01 -2.56986815E+00
  5.80800000E+01 -2.58694154E+00
  5.80800000E+01 -2.71264043E+00
  5.80800000E+01 -2.72971382E+00
  5.80800000E+01 -2.85541271E+00
  5.80800000E+01 -2.87248609E+00
  5.80800000E+01 -2.99818498E+00
  5.80800000E+01 -3.01525837E+00
  5.80800000E+01 -3.14095726E+00
  5.80800000E+01 -3.15803065E+00
  5.80800000E+01 -3.28372954E+00
  5.80800000E+01 -3.30080293E+00
  5.80800000E+01 -3.42650181E+00
  5.80800000E+01 -3.44357520E+00
  5.80800000E+01 -3.56927409E+00
  5.80800000E+01 -3.58634748E+00
  5.80800000E+01 -3.71204637E+00
  5.80800000E+01 -3.72911976E+00
  5.80800000E+01 -3.85481865E+00
  5.80800000E+01 -3.87189204E+00
  5.80800000E+01 -3.99759092E+00
  5.80800000E+01 -4.01466431E+00
  5.80800000E+01 -4.14036320E+00
  5.80800000E+01 -4.15743659E+00
  5.80800000E+01 -4.28313548E+00
  5.80800000E+01 -4.30020887E+00
  5.80800000E+01 -4.42590775E+00
  5.80800000E+01 -4.44298114E+00
  5.80800000E+01 -4.56868003E+00
  5.80800000E+01 -4.58575342E+00
  5.80800000E+01 -4.71145231E+00
  5.80800000E+01 -4.72852570E+00
  5.80800000E+01 -4.85422459E+00
  5.80800000E+01 -4.87129798E+00
  5.80800000E+01 -4.99699686E+00
  5.80800000E+01 -5.01407025E+00
  5.80800000E+01 -5.13976914E+00
  5.80800000E+01 -5.15684253E+00
  5.80800000E+01 -5.28254142E+00
  5.80800000E+01 -5.29961481E+00
  5.80800000E+01 -5.42531370E+00
  5.80800000E+01 -5.44238708E+00
  5.80800000E+01 -5.56808597E+00
  5.80800000E+01 -5.58515936E+00
  5.80800000E+01 -5.71085825E+00
  5.80800000E+01 -5.72793164E+00
  5.80800000E+01 -5.85363053E+00
  5.80800000E+01 -5.87070392E+00
  5.80800000E+01 -5.99640280E+00
  5.80800000E+01 -6.01347619E+00
  5.80800000E+01 -6.13917508E+00
  5.80800000E+01 -6.15624847E+00
  5.80800000E+01 -6.28194736E+00
  5.80800000E+01 -6.29902075E+00
  5.80800000E+01 -6.42471964E+00
  5.80800000E+01 -6.44179303E+00
  5.80800000E+01 -6.56749191E+00
  5.80800000E+01 -6.58456530E+00
  5.80800000E+01 -6.71026419E+00
  5.80800000E+01 -6.72733758E+00
  5.80800000E+01 -6.85303647E+00
  5.80800000E+01 -6.87010986E+00
  5.80800000E+01 -6.99580874E+00
  5.80800000E+01 -7.01288213E+00
  5.80800000E+01 -7.13858102E+00

w:700/ x(   0.6075000E+02) y(  -0.4374032E+01) ix(2) iy(2) s(   0.7000E+00)

hb:   line clip z  
frame:
 -4.9998717E+00 -6.9999675E+00
  1.0000013E+02 -6.9999675E+00
  1.0000013E+02  7.0000325E+00
 -4.9998717E+00  7.0000325E+00
clip:
  5.92788425E+01 -7.13858102E+00
  6.27458833E+01 -7.13858102E+00
  6.27451700E+01 -7.10472085E+00
  6.27424404E+01 -6.99580874E+00
  6.27414709E+01 -6.96244179E+00
  6.27378524E+01 -6.85303647E+00
  6.27366388E+01 -6.82031380E+00
  6.27321115E+01 -6.71026419E+00
  6.27306690E+01 -6.67833749E+00
  6.27252076E+01 -6.56749191E+00
  6.27235549E+01 -6.53651376E+00
  6.27171284E+01 -6.42471964E+00
  6.27152878E+01 -6.39484376E+00
  6.27078595E+01 -6.28194736E+00
  6.27058569E+01 -6.25332893E+00
  6.26973838E+01 -6.13917508E+00
  6.26952492E+01 -6.11197101E+00
  6.26856817E+01 -5.99640280E+00
  6.26834494E+01 -5.97077205E+00
  6.26727308E+01 -5.85363053E+00
  6.26704394E+01 -5.82973443E+00
  6.26585058E+01 -5.71085825E+00
  6.26561990E+01 -5.68886088E+00
  6.26429778E+01 -5.56808597E+00
  6.26407046E+01 -5.54815452E+00
  6.26261146E+01 -5.42531370E+00
  6.26239298E+01 -5.40761888E+00
  6.26078797E+01 -5.28254142E+00
  6.26058448E+01 -5.26725794E+00
  6.25882324E+01 -5.13976914E+00
  6.25864159E+01 -5.12707619E+00
  6.25671269E+01 -4.99699686E+00
  6.25656053E+01 -4.98707866E+00
  6.25445116E+01 -4.85422459E+00
  6.25433707E+01 -4.84727100E+00
  6.25203288E+01 -4.71145231E+00
  6.25196645E+01 -4.70765955E+00
  6.24945133E+01 -4.56868003E+00
  6.24912187E+01 -4.55110330E+00
  6.24669913E+01 -4.42590775E+00
  6.24391477E+01 -4.29007829E+00
  6.24376795E+01 -4.28313548E+00
  6.24089489E+01 -4.15133252E+00
  6.24064828E+01 -4.14036320E+00
  6.23769335E+01 -4.01282895E+00
  6.23732925E+01 -3.99759092E+00
  6.23430025E+01 -3.87458082E+00
  6.23379837E+01 -3.85481865E+00
  6.23070421E+01 -3.73660325E+00
  6.23004115E+01 -3.71204637E+00
  6.22689215E+01 -3.59891373E+00
  6.22604072E+01 -3.56927409E+00
  6.22284886E+01 -3.46153250E+00
  6.22177719E+01 -3.42650181E+00
  6.21855656E+01 -3.32448329E+00
  6.21722689E+01 -3.28372954E+00
  6.21399423E+01 -3.18779412E+00
  6.21236133E+01 -3.14095726E+00
  6.20913679E+01 -3.05149843E+00
  6.20714570E+01 -2.99818498E+00
  6.20395386E+01 -2.91563672E+00
  6.20153671E+01 -2.85541271E+00
  6.19840817E+01 -2.78025870E+00
  6.19547943E+01 -2.71264043E+00
  6.19245303E+01 -2.64542661E+00
  6.18890238E+01 -2.56986815E+00
  6.18602878E+01 -2.51122000E+00
  6.18170947E+01 -2.42709587E+00
  6.17905695E+01 -2.37774349E+00
  6.17376625E+01 -2.28432360E+00
  6.17143084E+01 -2.24513937E+00
  6.16487401E+01 -2.14155132E+00
  6.16299861E+01 -2.11361006E+00
  6.15471577E+01 -1.99877904E+00
  6.15353081E+01 -1.98346152E+00
  6.14272425E+01 -1.85600676E+00
  6.14204267E+01 -1.84868787E+00
  6.12766161E+01 -1.71323449E+00
  6.11277694E+01 -1.60948318E+00
  6.03496346E+01 -1.62293068E+00
  6.02413415E+01 -1.69879541E+00
  6.02233839E+01 -1.71323449E+00
  6.01995303E+01 -1.73324839E+00
  6.00727575E+01 -1.85600676E+00
  6.00351163E+01 -1.89794253E+00
  5.99528423E+01 -1.99877904E+00
  5.99092506E+01 -2.05749691E+00
  5.98512599E+01 -2.14155132E+00
  5.98046575E+01 -2.21421493E+00
  5.97623375E+01 -2.28432360E+00
  5.97142015E+01 -2.36904801E+00
  5.96829053E+01 -2.42709587E+00
  5.96341011E+01 -2.52250034E+00
  5.96109762E+01 -2.56986815E+00
  5.95620619E+01 -2.67487784E+00
  5.95452057E+01 -2.71264043E+00
  5.94965656E+01 -2.82638296E+00
  5.94846329E+01 -2.85541271E+00
  5.94365450E+01 -2.97715798E+00
  5.94285430E+01 -2.99818498E+00
  5.93812156E+01 -3.12730751E+00
  5.93763867E+01 -3.14095726E+00
  5.93299806E+01 -3.27691113E+00
  5.93277311E+01 -3.28372954E+00
  5.92823733E+01 -3.42603104E+00
  5.92788425E+01 -3.43750858E+00
  5.92410514E+01 -3.56423528E+00
  5.92395928E+01 -3.56927409E+00
  5.92380208E+01 -3.57471698E+00
  5.91995885E+01 -3.71204637E+00
  5.91966195E+01 -3.72300943E+00
  5.91620163E+01 -3.85481865E+00
  5.91579185E+01 -3.87094185E+00
  5.91267075E+01 -3.99759092E+00
  5.91217075E+01 -4.01854226E+00
  5.90935172E+01 -4.14036320E+00
  5.90878088E+01 -4.16583436E+00
  5.90623205E+01 -4.28313548E+00
  5.90560704E+01 -4.31283842E+00
  5.90330087E+01 -4.42590775E+00
  5.90263613E+01 -4.45957191E+00
  5.90054867E+01 -4.56868003E+00
  5.89985679E+01 -4.60604998E+00
  5.89796712E+01 -4.71145231E+00
  5.89725911E+01 -4.75228583E+00
  5.89554884E+01 -4.85422459E+00
  5.89483438E+01 -4.89829108E+00
  5.89328731E+01 -4.99699686E+00
  5.89257494E+01 -5.04407595E+00
  5.89117676E+01 -5.13976914E+00
  5.89047401E+01 -5.18964946E+00
  5.88921203E+01 -5.28254142E+00
  5.88852559E+01 -5.33501964E+00
  5.88738854E+01 -5.42531370E+00
  5.88672432E+01 -5.48019360E+00
  5.88570222E+01 -5.56808597E+00
  5.88506546E+01 -5.62517770E+00
  5.88414942E+01 -5.71085825E+00
  5.88354476E+01 -5.76997757E+00
  5.88272692E+01 -5.85363053E+00
  5.88215845E+01 -5.91459826E+00
  5.88143183E+01 -5.99640280E+00
  5.88090317E+01 -6.05904425E+00
  5.88026162E+01 -6.13917508E+00
  5.87977592E+01 -6.20331952E+00
  5.87921405E+01 -6.28194736E+00
  5.87877407E+01 -6.34742759E+00
  5.87828716E+01 -6.42471964E+00
  5.87789528E+01 -6.49137160E+00
  5.87747924E+01 -6.56749191E+00
  5.87713748E+01 -6.63515427E+00
  5.87678885E+01 -6.71026419E+00
  5.87649891E+01 -6.77877798E+00
  5.87621476E+01 -6.85303647E+00
  5.87597802E+01 -6.92224478E+00
  5.87575596E+01 -6.99580874E+00
  5.87557350E+01 -7.06555641E+00
  5.87541167E+01 -7.13858102E+00

w:103/ x(   0.6375000E+02) y(  -0.6533185E+01) ix(2) iy(2) s(   0.7000E+00)

hb:   line clip z  
frame:
 -4.9998717E+00 -6.9999675E+00
  1.0000013E+02 -6.9999675E+00
  1.0000013E+02  7.0000325E+00
 -4.9998717E+00  7.0000325E+00
clip:
  6.35620108E+01 -7.13858102E+00
  6.45000000E+01 -7.13858102E+00
  6.45000000E+01 -7.01351580E+00
  6.45000000E+01 -6.99580874E+00
  6.45000000E+01 -6.87074352E+00
  6.45000000E+01 -6.85303647E+00
  6.45000000E+01 -6.72797124E+00
  6.45000000E+01 -6.71026419E+00
  6.45000000E+01 -6.58519897E+00
  6.45000000E+01 -6.56749191E+00
  6.45000000E+01 -6.44242669E+00
  6.45000000E+01 -6.42471964E+00
  6.45000000E+01 -6.29965441E+00
  6.45000000E+01 -6.28194736E+00
  6.45000000E+01 -6.15688213E+00
  6.45000000E+01 -6.13917508E+00
  6.45000000E+01 -6.01410986E+00
  6.45000000E+01 -5.99640280E+00
  6.40766134E+01 -5.92778913E+00
  6.35620108E+01 -5.92778913E+00
  6.30474083E+01 -5.92778913E+00
  6.30000000E+01 -5.99640280E+00
  6.30000000E+01 -6.07133758E+00
  6.30000000E+01 -6.13917508E+00
  6.30000000E+01 -6.21410986E+00
  6.30000000E+01 -6.28194736E+00
  6.30000000E+01 -6.35688213E+00
  6.30000000E+01 -6.42471964E+00
  6.30000000E+01 -6.49965441E+00
  6.30000000E+01 -6.56749191E+00
  6.30000000E+01 -6.64242669E+00
  6.30000000E+01 -6.71026419E+00
  6.30000000E+01 -6.78519897E+00
  6.30000000E+01 -6.85303647E+00
  6.30000000E+01 -6.92797124E+00
  6.30000000E+01 -6.99580874E+00
  6.30000000E+01 -7.07074352E+00
  6.30000000E+01 -7.13858102E+00

w:103/ x(   0.1010199E+03) y(  -0.6533185E+01) ix(2) iy(2) s(   0.7000E+00)

hb:   line clip z  
frame:
 -4.9998717E+00 -6.9999675E+00
  1.0000013E+02 -6.9999675E+00
  1.0000013E+02  7.0000325E+00
 -4.9998717E+00  7.0000325E+00
clip:
  1.01039734E+02 -7.13858102E+00
  1.01039734E+02 -5.92778913E+00
  1.01000000E+02 -5.99110499E+00
  1.01000000E+02 -5.99640280E+00
  1.01000000E+02 -6.00170062E+00
  1.01000000E+02 -6.13917508E+00
  1.01000000E+02 -6.14447289E+00
  1.01000000E+02 -6.28194736E+00
  1.01000000E+02 -6.28724517E+00
  1.01000000E+02 -6.42471964E+00
  1.01000000E+02 -6.43001745E+00
  1.01000000E+02 -6.56749191E+00
  1.01000000E+02 -6.57278972E+00
  1.01000000E+02 -6.71026419E+00
  1.01000000E+02 -6.71556200E+00
  1.01000000E+02 -6.85303647E+00
  1.01000000E+02 -6.85833428E+00
  1.01000000E+02 -6.99580874E+00
  1.01000000E+02 -7.00110656E+00
  1.01000000E+02 -7.13858102E+00

w:2303/ x(   0.3465350E+02) y(  -0.4318503E+01) ix(2) iy(2) s(   0.7000E+00)

hb:   line clip z  
clip:
  3.45835000E+01 -5.00594682E+00
  3.46506247E+01 -5.13736228E+00
  3.47235000E+01 -5.00671357E+00
  3.47235000E+01 -4.99699686E+00
  3.47235000E+01 -4.98728015E+00
  3.47235000E+01 -4.85422459E+00
  3.47235000E+01 -4.84450788E+00
  3.47235000E+01 -4.71145231E+00
  3.47235000E+01 -4.70173560E+00
  3.47235000E+01 -4.56868003E+00
  3.47235000E+01 -4.55896332E+00
  3.47235000E+01 -4.42590775E+00
  3.47235000E+01 -4.41619105E+00
  3.47235000E+01 -4.28313548E+00
  3.47235000E+01 -4.27341877E+00
  3.47235000E+01 -4.14036320E+00
  3.47235000E+01 -4.13064649E+00
  3.47235000E+01 -3.99759092E+00
  3.47235000E+01 -3.98787421E+00
  3.47235000E+01 -3.85481865E+00
  3.47235000E+01 -3.84510194E+00
  3.47235000E+01 -3.71204637E+00
  3.47235000E+01 -3.70232966E+00
  3.47235000E+01 -3.56927409E+00
  3.47235000E+01 -3.55955738E+00
  3.46506247E+01 -3.49964284E+00
  3.45835000E+01 -3.56927409E+00
  3.45835000E+01 -4.99699686E+00

w:6001/ x(   0.6249122E+02) y(  -0.4425908E+01) ix(2) iy(2) s(   0.7000E+00)

hb:   line clip z  
clip:
  6.24676169E+01 -4.42905466E+00
  6.24912187E+01 -4.55110330E+00
  6.27500000E+01 -4.46041192E+00
  6.27500000E+01 -4.42590775E+00
  6.27500000E+01 -4.39140359E+00
  6.27500000E+01 -4.28313548E+00
  6.27500000E+01 -4.24863131E+00
  6.27500000E+01 -4.14036320E+00
  6.27500000E+01 -4.10585903E+00
  6.27500000E+01 -3.99759092E+00
  6.27500000E+01 -3.96308675E+00
  6.27500000E+01 -3.85481865E+00
  6.27500000E+01 -3.82031448E+00
  6.27500000E+01 -3.71204637E+00
  6.27500000E+01 -3.67754220E+00
  6.27500000E+01 -3.56927409E+00
  6.27500000E+01 -3.53476992E+00
  6.27500000E+01 -3.42650181E+00
  6.27500000E+01 -3.39199765E+00
  6.27500000E+01 -3.28372954E+00
  6.27500000E+01 -3.24922537E+00
  6.27500000E+01 -3.14095726E+00
  6.27500000E+01 -3.10645309E+00
  6.27500000E+01 -2.99818498E+00
  6.27500000E+01 -2.96368081E+00
  6.27500000E+01 -2.85541271E+00
  6.27500000E+01 -2.82090854E+00
  6.27500000E+01 -2.71264043E+00
  6.27500000E+01 -2.67813626E+00
  6.27500000E+01 -2.56986815E+00
  6.27500000E+01 -2.53536398E+00
  6.27500000E+01 -2.42709587E+00
  6.27500000E+01 -2.39259171E+00
  6.27500000E+01 -2.28432360E+00
  6.27500000E+01 -2.24981943E+00
  6.27500000E+01 -2.14155132E+00
  6.27500000E+01 -2.10704715E+00
  6.27500000E+01 -1.99877904E+00
  6.27500000E+01 -1.96427487E+00
  6.27500000E+01 -1.85600676E+00
  6.27500000E+01 -1.82150260E+00
  6.24912187E+01 -1.71850000E+00
  6.14599180E+01 -1.71850000E+00
  6.14272425E+01 -1.85600676E+00
  6.15353081E+01 -1.98346152E+00
  6.16299861E+01 -2.11361006E+00
  6.17143084E+01 -2.24513937E+00
  6.17905695E+01 -2.37774349E+00
  6.18602878E+01 -2.51122000E+00
  6.19245303E+01 -2.64542661E+00
  6.19840817E+01 -2.78025870E+00
  6.20395386E+01 -2.91563672E+00
  6.20913679E+01 -3.05149843E+00
  6.21399423E+01 -3.18779412E+00
  6.21855656E+01 -3.32448329E+00
  6.22284886E+01 -3.46153250E+00
  6.22689215E+01 -3.59891373E+00
  6.23379837E+01 -3.85481865E+00
  6.24064828E+01 -4.14036320E+00
  6.24669913E+01 -4.42590775E+00

w:102/ x(  -0.6855139E+00) y(  -0.3283730E+01) ix(2) iy(2) s(   0.7000E+00)

hb:   line clip z  
frame:
 -4.9998717E+00 -6.9999675E+00
  1.0000013E+02 -6.9999675E+00
  1.0000013E+02  7.0000325E+00
 -4.9998717E+00  7.0000325E+00
clip:
 -2.30486370E+00 -3.49964284E+00
 -1.36956249E-01 -3.49964284E+00
  0.00000000E+00 -3.42650181E+00
  0.00000000E+00 -3.33509996E+00
  0.00000000E+00 -3.28372954E+00
  0.00000000E+00 -3.19232768E+00
  0.00000000E+00 -3.14095726E+00
  0.00000000E+00 -3.04955540E+00
  0.00000000E+00 -2.99818498E+00
  0.00000000E+00 -2.90678312E+00
  0.00000000E+00 -2.85541271E+00
  0.00000000E+00 -2.76401085E+00
  0.00000000E+00 -2.71264043E+00
  0.00000000E+00 -2.62123857E+00
  0.00000000E+00 -2.56986815E+00
  0.00000000E+00 -2.47846629E+00
  0.00000000E+00 -2.42709587E+00
  0.00000000E+00 -2.33569402E+00
  0.00000000E+00 -2.28432360E+00
  0.00000000E+00 -2.19292174E+00
  0.00000000E+00 -2.14155132E+00
  0.00000000E+00 -2.05014946E+00
  0.00000000E+00 -1.99877904E+00
  0.00000000E+00 -1.90737718E+00
  0.00000000E+00 -1.85600676E+00
  0.00000000E+00 -1.76460491E+00
  0.00000000E+00 -1.71323449E+00
  0.00000000E+00 -1.62183263E+00
  0.00000000E+00 -1.57046221E+00
 -4.00000000E-04 -1.47911369E+00
 -4.00000000E-04 -1.42768993E+00
 -4.00000000E-04 -1.33634141E+00
 -4.00000000E-04 -1.28491766E+00
 -4.00000000E-04 -1.19356913E+00
 -4.00000000E-04 -1.14214538E+00
 -4.00000000E-04 -1.05079685E+00
 -4.00000000E-04 -9.99373101E-01
 -6.80834805E-01 -9.98749217E-01
 -6.85513935E-01 -9.98749217E-01
 -6.90193064E-01 -9.98749217E-01
 -1.75630601E+00 -9.98749217E-01
 -1.76098514E+00 -9.98749217E-01
 -2.82709809E+00 -9.98749217E-01
 -2.83177722E+00 -9.98749217E-01
 -3.89789017E+00 -9.98749217E-01
 -3.90256930E+00 -9.98749217E-01
 -4.96868225E+00 -9.98749217E-01
 -4.97336138E+00 -9.98749217E-01
 -6.03947433E+00 -9.98749217E-01
 -6.03947433E+00 -1.14214538E+00
 -6.03947433E+00 -1.28491766E+00
 -6.03947433E+00 -1.42768993E+00
 -6.03947433E+00 -1.57046221E+00
 -5.82380171E+00 -1.59921856E+00
 -4.96868225E+00 -1.59921856E+00
 -2.61142548E+00 -1.59921856E+00
 -2.50000000E+00 -1.71323449E+00
 -2.50000000E+00 -1.81239369E+00
 -2.50000000E+00 -1.85600676E+00
 -2.50000000E+00 -1.95516596E+00
 -2.50000000E+00 -1.99877904E+00
 -2.50000000E+00 -2.09793824E+00
 -2.50000000E+00 -2.14155132E+00
 -2.50000000E+00 -2.24071052E+00
 -2.50000000E+00 -2.28432360E+00
 -2.50000000E+00 -2.38348279E+00
 -2.50000000E+00 -2.42709587E+00
 -2.50000000E+00 -2.52625507E+00
 -2.50000000E+00 -2.56986815E+00
 -2.50000000E+00 -2.66902735E+00
 -2.50000000E+00 -2.71264043E+00
 -2.50000000E+00 -2.81179963E+00
 -2.50000000E+00 -2.85541271E+00
 -2.50000000E+00 -2.95457190E+00
 -2.50000000E+00 -2.99818498E+00
 -2.50000000E+00 -3.09734418E+00
 -2.50000000E+00 -3.14095726E+00
 -2.50000000E+00 -3.24011646E+00
 -2.50000000E+00 -3.28372954E+00
 -2.50000000E+00 -3.38288873E+00
 -2.50000000E+00 -3.42650181E+00

w:2107/ x(   0.2270000E+01) y(  -0.2474583E+01) ix(2) iy(2) s(   0.7000E+00)

hb:   line clip z  
clip:
  2.35062591E+00 -3.45000000E+00
  2.52686230E+00 -3.45000000E+00
  2.67000000E+00 -3.44558684E+00
  2.67000000E+00 -3.42650181E+00
  2.67000000E+00 -3.40741679E+00
  2.67000000E+00 -3.28372954E+00
  2.67000000E+00 -3.26464451E+00
  2.67000000E+00 -3.14095726E+00
  2.67000000E+00 -3.12187223E+00
  2.67000000E+00 -2.99818498E+00
  2.67000000E+00 -2.97909996E+00
  2.67000000E+00 -2.85541271E+00
  2.67000000E+00 -2.83632768E+00
  2.67000000E+00 -2.71264043E+00
  2.67000000E+00 -2.69355540E+00
  2.67000000E+00 -2.56986815E+00
  2.67000000E+00 -2.55078312E+00
  2.67000000E+00 -2.42709587E+00
  2.67000000E+00 -2.40801085E+00
  2.67000000E+00 -2.28432360E+00
  2.67000000E+00 -2.26523857E+00
  2.67000000E+00 -2.14155132E+00
  2.67000000E+00 -2.12246629E+00
  2.67000000E+00 -1.99877904E+00
  2.67000000E+00 -1.97969402E+00
  2.67000000E+00 -1.85600676E+00
  2.67000000E+00 -1.83692174E+00
  2.67000000E+00 -1.71323449E+00
  2.67000000E+00 -1.69414946E+00
  2.67000000E+00 -1.57046221E+00
  2.67000000E+00 -1.55137718E+00
  2.52686230E+00 -1.49916643E+00
  2.12000000E+00 -1.51621390E+00
  2.12000000E+00 -1.57046221E+00
  2.12000000E+00 -1.62471052E+00
  2.12000000E+00 -1.71323449E+00
  2.12000000E+00 -1.76748279E+00
  2.12000000E+00 -1.85600676E+00
  2.12000000E+00 -1.91025507E+00
  2.12000000E+00 -1.99877904E+00
  2.12000000E+00 -2.05302735E+00
  2.12000000E+00 -2.14155132E+00
  2.12000000E+00 -2.19579963E+00
  2.12000000E+00 -2.28432360E+00
  2.12000000E+00 -2.33857190E+00
  2.12000000E+00 -2.42709587E+00
  2.12000000E+00 -2.48134418E+00
  1.87000000E+00 -2.56986815E+00
  1.87000000E+00 -2.65744979E+00
  1.87000000E+00 -2.71264043E+00
  1.87000000E+00 -2.80022207E+00
  1.87000000E+00 -2.85541271E+00
  1.87000000E+00 -2.94299435E+00
  1.87000000E+00 -2.99818498E+00
  1.87000000E+00 -3.08576662E+00
  1.87000000E+00 -3.14095726E+00
  1.87000000E+00 -3.22853890E+00
  1.87000000E+00 -3.28372954E+00
  1.87000000E+00 -3.37131118E+00
  1.87000000E+00 -3.42650181E+00

w:2300/ x(   0.3468675E+02) y(   0.0000000E+00) ix(2) iy(2) s(   0.7000E+00)

hb:   line clip z  
clip:
  3.45835000E+01 -3.43545177E+00
  3.46506247E+01 -3.49964284E+00
  3.47900000E+01 -3.44508519E+00
  3.47900000E+01 -3.42650181E+00
  3.47900000E+01 -3.40791844E+00
  3.47900000E+01 -3.28372954E+00
  3.47900000E+01 -3.26514616E+00
  3.47900000E+01 -3.14095726E+00
  3.47900000E+01 -3.12237388E+00
  3.47900000E+01 -2.99818498E+00
  3.47900000E+01 -2.97960161E+00
  3.47900000E+01 -2.85541271E+00
  3.47900000E+01 -2.83682933E+00
  3.47900000E+01 -2.71264043E+00
  3.47900000E+01 -2.69405705E+00
  3.47900000E+01 -2.56986815E+00
  3.47900000E+01 -2.55128477E+00
  3.47900000E+01 -2.42709587E+00
  3.47900000E+01 -2.40851250E+00
  3.47900000E+01 -2.28432360E+00
  3.47900000E+01 -2.26574022E+00
  3.47900000E+01 -2.14155132E+00
  3.47900000E+01 -2.12296794E+00
  3.47900000E+01 -1.99877904E+00
  3.47900000E+01 -1.98019567E+00
  3.47900000E+01 -1.85600676E+00
  3.47900000E+01 -1.83742339E+00
  3.47900000E+01 -1.71323449E+00
  3.47900000E+01 -1.69465111E+00
  3.47900000E+01 -1.57046221E+00
  3.47900000E+01 -1.55187883E+00
  3.47900000E+01 -1.42768993E+00
  3.47900000E+01 -1.40910656E+00
  3.47900000E+01 -1.28491766E+00
  3.47900000E+01 -1.26633428E+00
  3.47900000E+01 -1.14214538E+00
  3.47900000E+01 -1.12356200E+00
  3.47900000E+01 -9.99373101E-01
  3.47900000E+01 -9.80789725E-01
  3.47900000E+01 -8.56600824E-01
  3.47900000E+01 -8.38017448E-01
  3.47900000E+01 -7.13828547E-01
  3.47900000E+01 -6.95245171E-01
  3.47900000E+01 -5.71056269E-01
  3.47900000E+01 -5.52472893E-01
  3.47900000E+01 -4.28283992E-01
  3.47900000E+01 -4.09700616E-01
  3.47900000E+01 -2.85511715E-01
  3.47900000E+01 -2.66928339E-01
  3.47900000E+01 -1.42739438E-01
  3.47900000E+01 -1.24156062E-01
  3.47900000E+01  3.28395046E-05
  3.47900000E+01  1.86162156E-02
  3.47900000E+01  1.42805117E-01
  3.47900000E+01  1.61388493E-01
  3.47900000E+01  2.85577394E-01
  3.47900000E+01  3.04160770E-01
  3.47900000E+01  4.28349671E-01
  3.47900000E+01  4.46933047E-01
  3.47900000E+01  5.71121948E-01
  3.47900000E+01  5.89705325E-01
  3.47900000E+01  7.13894226E-01
  3.47900000E+01  7.32477602E-01
  3.47900000E+01  8.56666503E-01
  3.47900000E+01  8.75249879E-01
  3.47900000E+01  9.99438780E-01
  3.47900000E+01  1.01802216E+00
  3.47900000E+01  1.14221106E+00
  3.47900000E+01  1.16079443E+00
  3.47900000E+01  1.28498333E+00
  3.47900000E+01  1.30356671E+00
  3.47900000E+01  1.42775561E+00
  3.47900000E+01  1.44633899E+00
  3.47900000E+01  1.57052789E+00
  3.47900000E+01  1.58911127E+00
  3.47900000E+01  1.71330017E+00
  3.47900000E+01  1.73188354E+00
  3.47900000E+01  1.85607244E+00
  3.47900000E+01  1.87465582E+00
  3.47900000E+01  1.99884472E+00
  3.47900000E+01  2.01742810E+00
  3.47900000E+01  2.14161700E+00
  3.47900000E+01  2.16020037E+00
  3.47900000E+01  2.28438928E+00
  3.47900000E+01  2.30297265E+00
  3.47900000E+01  2.42716155E+00
  3.47900000E+01  2.44574493E+00
  3.47900000E+01  2.56993383E+00
  3.47900000E+01  2.58851721E+00
  3.47900000E+01  2.71270611E+00
  3.47900000E+01  2.73128948E+00
  3.47900000E+01  2.85547838E+00
  3.47900000E+01  2.87406176E+00
  3.47900000E+01  2.99825066E+00
  3.47900000E+01  3.01683404E+00
  3.47900000E+01  3.14102294E+00
  3.47900000E+01  3.15960631E+00
  3.47900000E+01  3.28379522E+00
  3.47900000E+01  3.30237859E+00
  3.47900000E+01  3.42656749E+00
  3.47900000E+01  3.44515087E+00
  3.46506247E+01  3.49964284E+00
  3.45835000E+01  3.43551745E+00
  3.45835000E+01 -3.42650181E+00

w:2203/ x(   0.7754330E+01) y(  -0.2362279E+01) ix(2) iy(2) s(   0.7000E+00)

hb:   line clip z  
clip:
  7.60433000E+00 -3.17782295E+00
  7.88082270E+00 -3.25000000E+00
  7.90433000E+00 -3.14409157E+00
  7.90433000E+00 -3.14095726E+00
  7.90433000E+00 -3.13782295E+00
  7.90433000E+00 -2.99818498E+00
  7.90433000E+00 -2.99505068E+00
  7.90433000E+00 -2.85541271E+00
  7.90433000E+00 -2.85227840E+00
  7.90433000E+00 -2.71264043E+00
  7.90433000E+00 -2.70950612E+00
  7.90433000E+00 -2.56986815E+00
  7.90433000E+00 -2.56673384E+00
  7.90433000E+00 -2.42709587E+00
  7.90433000E+00 -2.42396157E+00
  7.90433000E+00 -2.28432360E+00
  7.90433000E+00 -2.28118929E+00
  7.90433000E+00 -2.14155132E+00
  7.90433000E+00 -2.13841701E+00
  7.90433000E+00 -1.99877904E+00
  7.90433000E+00 -1.99564473E+00
  7.90433000E+00 -1.85600676E+00
  7.90433000E+00 -1.85287246E+00
  7.90433000E+00 -1.71323449E+00
  7.90433000E+00 -1.71010018E+00
  7.90433000E+00 -1.57046221E+00
  7.90433000E+00 -1.56732790E+00
  7.88082270E+00 -1.47455756E+00
  7.60433000E+00 -1.53359652E+00
  7.60433000E+00 -3.14095726E+00

w:2603/ x(   0.1940000E+02) y(  -0.2388906E+01) ix(2) iy(2) s(   0.7000E+00)

hb:   line clip z  
clip:
  1.89000000E+01 -2.52836728E+00
  1.96595356E+01 -2.50000000E+00
  1.99000000E+01 -2.45915780E+00
  1.99000000E+01 -2.42709587E+00
  1.99000000E+01 -2.39503395E+00
  1.99000000E+01 -2.28432360E+00
  1.99000000E+01 -2.25226167E+00
  1.96595356E+01 -2.24944438E+00
  1.93979414E+01 -2.24944438E+00
  1.89000000E+01 -2.28432360E+00
  1.89000000E+01 -2.38559501E+00
  1.89000000E+01 -2.42709587E+00

w:2600/ x(   0.1969000E+02) y(   0.0000000E+00) ix(2) iy(2) s(   0.7000E+00)

hb:   line clip z  
clip:
  1.94800000E+01 -2.16548939E+00
  1.96595356E+01 -2.24944438E+00
  1.99000000E+01 -2.17361324E+00
  1.99000000E+01 -2.14155132E+00
  1.99000000E+01 -2.10948939E+00
  1.99000000E+01 -1.99877904E+00
  1.99000000E+01 -1.96671712E+00
  1.99000000E+01 -1.85600676E+00
  1.99000000E+01 -1.82394484E+00
  1.99000000E+01 -1.71323449E+00
  1.99000000E+01 -1.68117256E+00
  1.99000000E+01 -1.57046221E+00
  1.99000000E+01 -1.53840029E+00
  1.99000000E+01 -1.42768993E+00
  1.99000000E+01 -1.39562801E+00
  1.99000000E+01 -1.28491766E+00
  1.99000000E+01 -1.25285573E+00
  1.99000000E+01 -1.14214538E+00
  1.99000000E+01 -1.11008345E+00
  1.99000000E+01 -9.99373101E-01
  1.99000000E+01 -9.67311177E-01
  1.99000000E+01 -8.56600824E-01
  1.99000000E+01 -8.24538900E-01
  1.99000000E+01 -7.13828547E-01
  1.99000000E+01 -6.81766623E-01
  1.99000000E+01 -5.71056269E-01
  1.99000000E+01 -5.38994345E-01
  1.99000000E+01 -4.28283992E-01
  1.99000000E+01 -3.96222068E-01
  1.99000000E+01 -2.85511715E-01
  1.99000000E+01 -2.53449791E-01
  1.99000000E+01 -1.42739438E-01
  1.99000000E+01 -1.10677514E-01
  1.99000000E+01  3.28395046E-05
  1.99000000E+01  3.20947635E-02
  1.99000000E+01  1.42805117E-01
  1.99000000E+01  1.74867041E-01
  1.99000000E+01  2.85577394E-01
  1.99000000E+01  3.17639318E-01
  1.99000000E+01  4.28349671E-01
  1.99000000E+01  4.60411595E-01
  1.99000000E+01  5.71121948E-01
  1.99000000E+01  6.03183872E-01
  1.99000000E+01  7.13894226E-01
  1.99000000E+01  7.45956150E-01
  1.99000000E+01  8.56666503E-01
  1.99000000E+01  8.88728427E-01
  1.99000000E+01  9.99438780E-01
  1.99000000E+01  1.03150070E+00
  1.99000000E+01  1.14221106E+00
  1.99000000E+01  1.17427298E+00
  1.99000000E+01  1.28498333E+00
  1.99000000E+01  1.31704526E+00
  1.99000000E+01  1.42775561E+00
  1.99000000E+01  1.45981754E+00
  1.99000000E+01  1.57052789E+00
  1.99000000E+01  1.60258981E+00
  1.99000000E+01  1.71330017E+00
  1.99000000E+01  1.74536209E+00
  1.99000000E+01  1.85607244E+00
  1.99000000E+01  1.88813437E+00
  1.99000000E+01  1.99884472E+00
  1.99000000E+01  2.03090664E+00
  1.99000000E+01  2.14161700E+00
  1.99000000E+01  2.17367892E+00
  1.96595356E+01  2.24944438E+00
  1.94800000E+01  2.16555507E+00
  1.94800000E+01 -2.14155132E+00

w:6002/ x(   0.5923000E+02) y(  -0.1593500E+01) ix(2) iy(2) s(   0.7000E+00)

hb:   line clip z  
clip:
  5.81685591E+01 -1.71850000E+00
  6.02233839E+01 -1.71323449E+00
  6.03800000E+01 -1.57451093E+00
  6.03800000E+01 -1.56641349E+00
  6.03496346E+01 -1.46850000E+00
  5.95849180E+01 -1.46850000E+00
  5.92788425E+01 -1.46850000E+00
  5.85141259E+01 -1.46850000E+00
  5.82080504E+01 -1.46850000E+00
  5.80800000E+01 -1.55338882E+00
  5.80800000E+01 -1.57046221E+00
  5.80800000E+01 -1.58753560E+00
  5.80800000E+01 -1.71323449E+00

w:6000/ x(   0.6200500E+02) y(  -0.1593500E+01) ix(2) iy(2) s(   0.7000E+00)

hb:   line clip z  
clip:
  6.13809353E+01 -1.71850000E+00
  6.30000000E+01 -1.71323449E+00
  6.30000000E+01 -1.64539699E+00
  6.30000000E+01 -1.57046221E+00
  6.30000000E+01 -1.50262471E+00
  6.24912187E+01 -1.46850000E+00
  6.17265022E+01 -1.46850000E+00
  6.14204267E+01 -1.46850000E+00
  6.10524268E+01 -1.57046221E+00
  6.11277694E+01 -1.60948318E+00
  6.12766161E+01 -1.71323449E+00

w:2100/ x(   0.2510000E+01) y(   0.0000000E+00) ix(2) iy(2) s(   0.7000E+00)

hb:   line clip z  
clip:
  2.12000000E+00 -1.48193824E+00
  2.52686230E+00 -1.49916643E+00
  2.90000000E+00 -1.47744163E+00
  2.90000000E+00 -1.42768993E+00
  2.90000000E+00 -1.37793824E+00
  2.90000000E+00 -1.28491766E+00
  2.90000000E+00 -1.23516596E+00
  2.90000000E+00 -1.14214538E+00
  2.90000000E+00 -1.09239369E+00
  2.90000000E+00 -9.99373101E-01
  2.90000000E+00 -9.49621408E-01
  2.90000000E+00 -8.56600824E-01
  2.90000000E+00 -8.06849131E-01
  2.90000000E+00 -7.13828547E-01
  2.90000000E+00 -6.64076854E-01
  2.90000000E+00 -5.71056269E-01
  2.90000000E+00 -5.21304576E-01
  2.90000000E+00 -4.28283992E-01
  2.90000000E+00 -3.78532299E-01
  2.90000000E+00 -2.85511715E-01
  2.90000000E+00 -2.35760022E-01
  2.90000000E+00 -1.42739438E-01
  2.90000000E+00 -9.29877448E-02
  2.90000000E+00  3.28395046E-05
  2.90000000E+00  4.97845325E-02
  2.90000000E+00  1.42805117E-01
  2.90000000E+00  1.92556810E-01
  2.90000000E+00  2.85577394E-01
  2.90000000E+00  3.35329087E-01
  2.90000000E+00  4.28349671E-01
  2.90000000E+00  4.78101364E-01
  2.90000000E+00  5.71121948E-01
  2.90000000E+00  6.20873641E-01
  2.90000000E+00  7.13894226E-01
  2.90000000E+00  7.63645919E-01
  2.90000000E+00  8.56666503E-01
  2.90000000E+00  9.06418196E-01
  2.90000000E+00  9.99438780E-01
  2.90000000E+00  1.04919047E+00
  2.90000000E+00  1.14221106E+00
  2.90000000E+00  1.19196275E+00
  2.90000000E+00  1.28498333E+00
  2.90000000E+00  1.33473503E+00
  2.90000000E+00  1.42775561E+00
  2.90000000E+00  1.47750730E+00
  2.52686230E+00  1.49916643E+00
  2.12000000E+00  1.48200392E+00
  2.12000000E+00  1.42775561E+00
  2.12000000E+00  1.37350730E+00
  2.12000000E+00  1.28498333E+00
  2.12000000E+00  1.23073503E+00
  2.12000000E+00  1.14221106E+00
  2.12000000E+00  1.08796275E+00
  2.12000000E+00  9.99438780E-01
  2.12000000E+00  9.45190473E-01
  2.12000000E+00  8.56666503E-01
  2.12000000E+00  8.02418196E-01
  2.12000000E+00  7.13894226E-01
  2.12000000E+00  6.59645919E-01
  2.12000000E+00  5.71121948E-01
  2.12000000E+00  5.16873641E-01
  2.12000000E+00  4.28349671E-01
  2.12000000E+00  3.74101364E-01
  2.12000000E+00  2.85577394E-01
  2.12000000E+00  2.31329087E-01
  2.12000000E+00  1.42805117E-01
  2.12000000E+00  8.85568097E-02
  2.12000000E+00  3.28395046E-05
  2.12000000E+00 -5.42154675E-02
  2.12000000E+00 -1.42739438E-01
  2.12000000E+00 -1.96987745E-01
  2.12000000E+00 -2.85511715E-01
  2.12000000E+00 -3.39760022E-01
  2.12000000E+00 -4.28283992E-01
  2.12000000E+00 -4.82532299E-01
  2.12000000E+00 -5.71056269E-01
  2.12000000E+00 -6.25304576E-01
  2.12000000E+00 -7.13828547E-01
  2.12000000E+00 -7.68076854E-01
  2.12000000E+00 -8.56600824E-01
  2.12000000E+00 -9.10849131E-01
  2.12000000E+00 -9.99373101E-01
  2.12000000E+00 -1.05362141E+00
  2.12000000E+00 -1.14214538E+00
  2.12000000E+00 -1.19639369E+00
  2.12000000E+00 -1.28491766E+00
  2.12000000E+00 -1.33916596E+00
  2.12000000E+00 -1.42768993E+00

w:2200/ x(   0.8254330E+01) y(   0.3283950E-04) ix(2) iy(2) s(   0.7000E+00)

hb:   line clip z  
clip:
  7.60433000E+00 -1.46455563E+00
  7.88082270E+00 -1.47455756E+00
  8.90433000E+00 -1.56415757E+00
  8.90433000E+00 -1.42768993E+00
  8.90433000E+00 -1.29122229E+00
  8.90433000E+00 -1.28491766E+00
  8.90433000E+00 -1.14845002E+00
  8.90433000E+00 -1.14214538E+00
  8.90433000E+00 -1.00567774E+00
  8.90433000E+00 -9.99373101E-01
  8.90433000E+00 -8.62905461E-01
  8.90433000E+00 -8.56600824E-01
  8.90433000E+00 -7.20133184E-01
  8.90433000E+00 -7.13828547E-01
  8.90433000E+00 -5.77360906E-01
  8.90433000E+00 -5.71056269E-01
  8.90433000E+00 -4.34588629E-01
  8.90433000E+00 -4.28283992E-01
  8.90433000E+00 -2.91816352E-01
  8.90433000E+00 -2.85511715E-01
  8.90433000E+00 -1.49044075E-01
  8.90433000E+00 -1.42739438E-01
  8.90433000E+00 -6.27179758E-03
  8.90433000E+00  3.28395046E-05
  8.90433000E+00  1.36500480E-01
  8.90433000E+00  1.42805117E-01
  8.90433000E+00  2.79272757E-01
  8.90433000E+00  2.85577394E-01
  8.90433000E+00  4.22045034E-01
  8.90433000E+00  4.28349671E-01
  8.90433000E+00  5.64817311E-01
  8.90433000E+00  5.71121948E-01
  8.90433000E+00  7.07589589E-01
  8.90433000E+00  7.13894226E-01
  8.90433000E+00  8.50361866E-01
  8.90433000E+00  8.56666503E-01
  8.90433000E+00  9.93134143E-01
  8.90433000E+00  9.99438780E-01
  8.90433000E+00  1.13590642E+00
  8.90433000E+00  1.14221106E+00
  8.90433000E+00  1.27867870E+00
  8.90433000E+00  1.28498333E+00
  8.90433000E+00  1.42145097E+00
  8.90433000E+00  1.42775561E+00
  8.90433000E+00  1.56422325E+00
  7.88082270E+00  1.47455756E+00
  7.60433000E+00  1.46462130E+00
  7.60433000E+00  1.42775561E+00
  7.60433000E+00  1.39088992E+00
  7.60433000E+00  1.28498333E+00
  7.60433000E+00  1.24811764E+00
  7.60433000E+00  1.14221106E+00
  7.60433000E+00  1.10534536E+00
  7.60433000E+00  9.99438780E-01
  7.60433000E+00  9.62573087E-01
  7.60433000E+00  8.56666503E-01
  7.60433000E+00  8.19800810E-01
  7.60433000E+00  7.13894226E-01
  7.60433000E+00  6.77028532E-01
  7.60433000E+00  5.71121948E-01
  7.60433000E+00  5.34256255E-01
  7.60433000E+00  4.28349671E-01
  7.60433000E+00  3.91483978E-01
  7.60433000E+00  2.85577394E-01
  7.60433000E+00  2.48711701E-01
  7.60433000E+00  1.42805117E-01
  7.60433000E+00  1.05939424E-01
  7.60433000E+00  3.28395046E-05
  7.60433000E+00 -3.68328537E-02
  7.60433000E+00 -1.42739438E-01
  7.60433000E+00 -1.79605131E-01
  7.60433000E+00 -2.85511715E-01
  7.60433000E+00 -3.22377408E-01
  7.60433000E+00 -4.28283992E-01
  7.60433000E+00 -4.65149685E-01
  7.60433000E+00 -5.71056269E-01
  7.60433000E+00 -6.07921963E-01
  7.60433000E+00 -7.13828547E-01
  7.60433000E+00 -7.50694240E-01
  7.60433000E+00 -8.56600824E-01
  7.60433000E+00 -8.93466517E-01
  7.60433000E+00 -9.99373101E-01
  7.60433000E+00 -1.03623879E+00
  7.60433000E+00 -1.14214538E+00
  7.60433000E+00 -1.17901107E+00
  7.60433000E+00 -1.28491766E+00
  7.60433000E+00 -1.32178335E+00
  7.60433000E+00 -1.42768993E+00

w:600/ x(   0.6034963E+02) y(  -0.1427690E+01) ix(2) iy(2) s(   0.7000E+00)

hb:   line clip z  
clip:
  6.02300000E+01 -1.44364121E+00
  6.03496346E+01 -1.46850000E+00
  6.03800000E+01 -1.43173866E+00
  6.03800000E+01 -1.42768993E+00
  6.03800000E+01 -1.42364121E+00
  6.03800000E+01 -1.28491766E+00
  6.03800000E+01 -1.28086893E+00
  6.03800000E+01 -1.14214538E+00
  6.03800000E+01 -1.13809666E+00
  6.03800000E+01 -9.99373101E-01
  6.03800000E+01 -9.95324378E-01
  6.03800000E+01 -8.56600824E-01
  6.03800000E+01 -8.52552101E-01
  6.03800000E+01 -7.13828547E-01
  6.03800000E+01 -7.09779824E-01
  6.03800000E+01 -5.71056269E-01
  6.03800000E+01 -5.67007547E-01
  6.03800000E+01 -4.28283992E-01
  6.03800000E+01 -4.24235270E-01
  6.03800000E+01 -2.85511715E-01
  6.03800000E+01 -2.81462992E-01
  6.03800000E+01 -1.42739438E-01
  6.03800000E+01 -1.38690715E-01
  6.03800000E+01  3.28395046E-05
  6.03800000E+01  4.08156216E-03
  6.03800000E+01  1.42805117E-01
  6.03800000E+01  1.46853839E-01
  6.03800000E+01  2.85577394E-01
  6.03800000E+01  2.89626117E-01
  6.03800000E+01  4.28349671E-01
  6.03800000E+01  4.32398394E-01
  6.03800000E+01  5.71121948E-01
  6.03800000E+01  5.75170671E-01
  6.03800000E+01  7.13894226E-01
  6.03800000E+01  7.17942948E-01
  6.03800000E+01  8.56666503E-01
  6.03800000E+01  8.60715226E-01
  6.03800000E+01  9.99438780E-01
  6.03800000E+01  1.00348750E+00
  6.03800000E+01  1.14221106E+00
  6.03800000E+01  1.14625978E+00
  6.03800000E+01  1.28498333E+00
  6.03800000E+01  1.28903206E+00
  6.03800000E+01  1.42775561E+00
  6.03800000E+01  1.43180433E+00
  6.03800000E+01  1.57052789E+00
  6.05800000E+01  1.71330017E+00
  6.05800000E+01  2.71270611E+00
  6.03930888E+01  2.71850000E+00
  6.03496346E+01  2.71850000E+00
  6.03061804E+01  2.71850000E+00
  6.02300000E+01  2.71270611E+00
  6.02300000E+01  2.69675483E+00
  6.02300000E+01  2.56993383E+00
  6.02300000E+01  2.55398255E+00
  6.02300000E+01  2.42716155E+00
  6.02300000E+01  2.41121028E+00
  6.02300000E+01  2.28438928E+00
  6.02300000E+01  2.26843800E+00
  6.02300000E+01  2.14161700E+00
  6.02300000E+01  2.12566572E+00
  6.02300000E+01  1.99884472E+00
  6.02300000E+01  1.98289344E+00
  6.02300000E+01  1.85607244E+00
  6.02300000E+01  1.84012117E+00
  6.02300000E+01  1.71330017E+00
  6.02300000E+01  1.69734889E+00
  6.02300000E+01  1.57052789E+00
  6.02300000E+01  1.55457661E+00
  6.02300000E+01  1.42775561E+00
  6.02300000E+01  1.41180433E+00
  6.02300000E+01  1.28498333E+00
  6.02300000E+01  1.26903206E+00
  6.02300000E+01  1.14221106E+00
  6.02300000E+01  1.12625978E+00
  6.02300000E+01  9.99438780E-01
  6.02300000E+01  9.83487503E-01
  6.02300000E+01  8.56666503E-01
  6.02300000E+01  8.40715226E-01
  6.02300000E+01  7.13894226E-01
  6.02300000E+01  6.97942948E-01
  6.02300000E+01  5.71121948E-01
  6.02300000E+01  5.55170671E-01
  6.02300000E+01  4.28349671E-01
  6.02300000E+01  4.12398394E-01
  6.02300000E+01  2.85577394E-01
  6.02300000E+01  2.69626117E-01
  6.02300000E+01  1.42805117E-01
  6.02300000E+01  1.26853839E-01
  6.02300000E+01  3.28395046E-05
  6.02300000E+01 -1.59184378E-02
  6.02300000E+01 -1.42739438E-01
  6.02300000E+01 -1.58690715E-01
  6.02300000E+01 -2.85511715E-01
  6.02300000E+01 -3.01462992E-01
  6.02300000E+01 -4.28283992E-01
  6.02300000E+01 -4.44235270E-01
  6.02300000E+01 -5.71056269E-01
  6.02300000E+01 -5.87007547E-01
  6.02300000E+01 -7.13828547E-01
  6.02300000E+01 -7.29779824E-01
  6.02300000E+01 -8.56600824E-01
  6.02300000E+01 -8.72552101E-01
  6.02300000E+01 -9.99373101E-01
  6.02300000E+01 -1.01532438E+00
  6.02300000E+01 -1.14214538E+00
  6.02300000E+01 -1.15809666E+00
  6.02300000E+01 -1.28491766E+00
  6.02300000E+01 -1.30086893E+00
  6.02300000E+01 -1.42768993E+00

w:101/ x(  -0.3019937E+01) y(   0.0000000E+00) ix(2) iy(2) s(   0.7000E+00)

hb:   line clip z  
frame:
 -4.9998717E+00 -6.9999675E+00
  1.0000013E+02 -6.9999675E+00
  1.0000013E+02  7.0000325E+00
 -4.9998717E+00  7.0000325E+00
clip:
 -6.03947433E+00 -9.98749217E-01
 -6.85513935E-01 -9.98749217E-01
 -4.00000000E-04 -9.47949348E-01
 -4.00000000E-04 -8.56600824E-01
 -4.00000000E-04 -7.65252299E-01
 -4.00000000E-04 -7.13828547E-01
 -4.00000000E-04 -6.22480022E-01
 -4.00000000E-04 -5.71056269E-01
 -4.00000000E-04 -4.79707745E-01
 -4.00000000E-04 -4.28283992E-01
 -4.00000000E-04 -3.36935468E-01
 -4.00000000E-04 -2.85511715E-01
 -4.00000000E-04 -1.94163190E-01
 -4.00000000E-04 -1.42739438E-01
 -4.00000000E-04 -5.13909131E-02
 -4.00000000E-04  3.28395046E-05
 -4.00000000E-04  9.13813641E-02
 -4.00000000E-04  1.42805117E-01
 -4.00000000E-04  2.34153641E-01
 -4.00000000E-04  2.85577394E-01
 -4.00000000E-04  3.76925919E-01
 -4.00000000E-04  4.28349671E-01
 -4.00000000E-04  5.19698196E-01
 -4.00000000E-04  5.71121948E-01
 -4.00000000E-04  6.62470473E-01
 -4.00000000E-04  7.13894226E-01
 -4.00000000E-04  8.05242750E-01
 -4.00000000E-04  8.56666503E-01
 -4.00000000E-04  9.48015028E-01
 -6.85513935E-01  9.98749217E-01
 -1.75113429E+00  9.98749217E-01
 -1.75630601E+00  9.98749217E-01
 -2.82192637E+00  9.98749217E-01
 -2.82709809E+00  9.98749217E-01
 -3.89271845E+00  9.98749217E-01
 -3.89789017E+00  9.98749217E-01
 -4.96351053E+00  9.98749217E-01
 -4.96868225E+00  9.98749217E-01
 -6.03430261E+00  9.98749217E-01
 -6.03947433E+00  9.98749217E-01
 -6.03947433E+00  8.56666503E-01
 -6.03947433E+00  7.13894226E-01
 -6.03947433E+00  5.71121948E-01
 -6.03947433E+00  4.28349671E-01
 -6.03947433E+00  2.85577394E-01
 -6.03947433E+00  1.42805117E-01
 -6.03947433E+00  3.28395046E-05
 -6.03947433E+00 -1.42739438E-01
 -6.03947433E+00 -2.85511715E-01
 -6.03947433E+00 -4.28283992E-01
 -6.03947433E+00 -5.71056269E-01
 -6.03947433E+00 -7.13828547E-01
 -6.03947433E+00 -8.56600824E-01

w:102/ x(  -0.2827098E+01) y(   0.1427756E+01) ix(2) iy(2) s(   0.7000E+00)

hb:   line clip z  
frame:
 -4.9998717E+00 -6.9999675E+00
  1.0000013E+02 -6.9999675E+00
  1.0000013E+02  7.0000325E+00
 -4.9998717E+00  7.0000325E+00
clip:
 -6.03947433E+00  9.98749217E-01
 -4.00000000E-04  9.99438780E-01
 -4.00000000E-04  1.09078730E+00
 -4.00000000E-04  1.14221106E+00
 -4.00000000E-04  1.23355958E+00
 -4.00000000E-04  1.28498333E+00
 -4.00000000E-04  1.37633186E+00
 -4.00000000E-04  1.42775561E+00
  0.00000000E+00  1.51915747E+00
  0.00000000E+00  1.57052789E+00
  0.00000000E+00  1.66192975E+00
  0.00000000E+00  1.71330017E+00
  0.00000000E+00  1.80470202E+00
  0.00000000E+00  1.85607244E+00
  0.00000000E+00  1.94747430E+00
  0.00000000E+00  1.99884472E+00
  0.00000000E+00  2.09024658E+00
  0.00000000E+00  2.14161700E+00
  0.00000000E+00  2.23301886E+00
  0.00000000E+00  2.28438928E+00
  0.00000000E+00  2.37579113E+00
  0.00000000E+00  2.42716155E+00
  0.00000000E+00  2.51856341E+00
  0.00000000E+00  2.56993383E+00
  0.00000000E+00  2.66133569E+00
  0.00000000E+00  2.71270611E+00
  0.00000000E+00  2.80410796E+00
  0.00000000E+00  2.85547838E+00
  0.00000000E+00  2.94688024E+00
  0.00000000E+00  2.99825066E+00
  0.00000000E+00  3.08965252E+00
  0.00000000E+00  3.14102294E+00
  0.00000000E+00  3.23242480E+00
  0.00000000E+00  3.28379522E+00
  0.00000000E+00  3.37519707E+00
  0.00000000E+00  3.42656749E+00
 -1.37448841E-01  3.49964284E+00
 -6.85513935E-01  3.49964284E+00
 -1.23357903E+00  3.49964284E+00
 -1.75630601E+00  3.49964284E+00
 -2.30437111E+00  3.49964284E+00
 -2.50000000E+00  3.42656749E+00
 -2.50000000E+00  3.32740829E+00
 -2.50000000E+00  3.28379522E+00
 -2.50000000E+00  3.18463602E+00
 -2.50000000E+00  3.14102294E+00
 -2.50000000E+00  3.04186374E+00
 -2.50000000E+00  2.99825066E+00
 -2.50000000E+00  2.89909146E+00
 -2.50000000E+00  2.85547838E+00
 -2.50000000E+00  2.75631919E+00
 -2.50000000E+00  2.71270611E+00
 -2.50000000E+00  2.61354691E+00
 -2.50000000E+00  2.56993383E+00
 -2.50000000E+00  2.47077463E+00
 -2.50000000E+00  2.42716155E+00
 -2.50000000E+00  2.32800235E+00
 -2.50000000E+00  2.28438928E+00
 -2.50000000E+00  2.18523008E+00
 -2.50000000E+00  2.14161700E+00
 -2.50000000E+00  2.04245780E+00
 -2.50000000E+00  1.99884472E+00
 -2.50000000E+00  1.89968552E+00
 -2.50000000E+00  1.85607244E+00
 -2.50000000E+00  1.75691325E+00
 -2.50000000E+00  1.71330017E+00
 -2.50000000E+00  1.61414097E+00
 -2.82709809E+00  1.59921856E+00
 -3.04227812E+00  1.59921856E+00
 -3.89789017E+00  1.59921856E+00
 -4.11307020E+00  1.59921856E+00
 -4.96868225E+00  1.59921856E+00
 -5.18386227E+00  1.59921856E+00
 -6.03947433E+00  1.59921856E+00
 -6.03947433E+00  1.57052789E+00
 -6.03947433E+00  1.42775561E+00
 -6.03947433E+00  1.28498333E+00
 -6.03947433E+00  1.14221106E+00
 -6.03947433E+00  9.99438780E-01

w:2107/ x(   0.2270000E+01) y(   0.2474583E+01) ix(2) iy(2) s(   0.7000E+00)

hb:   line clip z  
clip:
  2.12000000E+00  1.51627958E+00
  2.52686230E+00  1.49916643E+00
  2.67000000E+00  1.55144286E+00
  2.67000000E+00  1.57052789E+00
  2.67000000E+00  1.58961292E+00
  2.67000000E+00  1.71330017E+00
  2.67000000E+00  1.73238519E+00
  2.67000000E+00  1.85607244E+00
  2.67000000E+00  1.87515747E+00
  2.67000000E+00  1.99884472E+00
  2.67000000E+00  2.01792975E+00
  2.67000000E+00  2.14161700E+00
  2.67000000E+00  2.16070202E+00
  2.67000000E+00  2.28438928E+00
  2.67000000E+00  2.30347430E+00
  2.67000000E+00  2.42716155E+00
  2.67000000E+00  2.44624658E+00
  2.67000000E+00  2.56993383E+00
  2.67000000E+00  2.58901886E+00
  2.67000000E+00  2.71270611E+00
  2.67000000E+00  2.73179113E+00
  2.67000000E+00  2.85547838E+00
  2.67000000E+00  2.87456341E+00
  2.67000000E+00  2.99825066E+00
  2.67000000E+00  3.01733569E+00
  2.67000000E+00  3.14102294E+00
  2.67000000E+00  3.16010796E+00
  2.67000000E+00  3.28379522E+00
  2.67000000E+00  3.30288024E+00
  2.67000000E+00  3.42656749E+00
  2.67000000E+00  3.44565252E+00
  2.52686230E+00  3.45000000E+00
  2.35111850E+00  3.45000000E+00
  1.87000000E+00  3.42656749E+00
  1.87000000E+00  3.33898585E+00
  1.87000000E+00  3.28379522E+00
  1.87000000E+00  3.19621358E+00
  1.87000000E+00  3.14102294E+00
  1.87000000E+00  3.05344130E+00
  1.87000000E+00  2.99825066E+00
  1.87000000E+00  2.91066902E+00
  1.87000000E+00  2.85547838E+00
  1.87000000E+00  2.76789674E+00
  1.87000000E+00  2.71270611E+00
  1.87000000E+00  2.62512447E+00
  2.00235858E+00  2.50000000E+00
  2.12000000E+00  2.42716155E+00
  2.12000000E+00  1.57052789E+00

w:2203/ x(   0.7754330E+01) y(   0.2362279E+01) ix(2) iy(2) s(   0.7000E+00)

hb:   line clip z  
clip:
  7.60433000E+00  1.53366220E+00
  7.88082270E+00  1.47455756E+00
  7.90433000E+00  1.56739358E+00
  7.90433000E+00  1.57052789E+00
  7.90433000E+00  1.57366220E+00
  7.90433000E+00  1.71330017E+00
  7.90433000E+00  1.71643447E+00
  7.90433000E+00  1.85607244E+00
  7.90433000E+00  1.85920675E+00
  7.90433000E+00  1.99884472E+00
  7.90433000E+00  2.00197903E+00
  7.90433000E+00  2.14161700E+00
  7.90433000E+00  2.14475130E+00
  7.90433000E+00  2.28438928E+00
  7.90433000E+00  2.28752358E+00
  7.90433000E+00  2.42716155E+00
  7.90433000E+00  2.43029586E+00
  7.90433000E+00  2.56993383E+00
  7.90433000E+00  2.57306814E+00
  7.90433000E+00  2.71270611E+00
  7.90433000E+00  2.71584041E+00
  7.90433000E+00  2.85547838E+00
  7.90433000E+00  2.85861269E+00
  7.90433000E+00  2.99825066E+00
  7.90433000E+00  3.00138497E+00
  7.90433000E+00  3.14102294E+00
  7.90433000E+00  3.14415725E+00
  7.88082270E+00  3.25000000E+00
  7.60433000E+00  3.17788863E+00
  7.60433000E+00  1.57052789E+00

w:2/ x(  -0.3019737E+01) y(   0.4368933E+01) ix(2) iy(2) s(   0.7000E+00)

hb:   line clip z  
frame:
 -4.9998717E+00 -6.9999675E+00
  1.0000013E+02 -6.9999675E+00
  1.0000013E+02  7.0000325E+00
 -4.9998717E+00  7.0000325E+00
clip:
 -6.03947433E+00  1.59921856E+00
 -2.82709809E+00  1.59921856E+00
 -2.50000000E+00  1.66968709E+00
 -2.50000000E+00  1.71330017E+00
 -2.50000000E+00  1.75691325E+00
 -2.50000000E+00  1.85607244E+00
 -2.50000000E+00  1.89968552E+00
 -2.50000000E+00  1.99884472E+00
 -2.50000000E+00  2.04245780E+00
 -2.50000000E+00  2.14161700E+00
 -2.50000000E+00  2.18523008E+00
 -2.50000000E+00  2.28438928E+00
 -2.50000000E+00  2.32800235E+00
 -2.50000000E+00  2.42716155E+00
 -2.50000000E+00  2.47077463E+00
 -2.50000000E+00  2.56993383E+00
 -2.50000000E+00  2.61354691E+00
 -2.50000000E+00  2.71270611E+00
 -2.50000000E+00  2.75631919E+00
 -2.50000000E+00  2.85547838E+00
 -2.50000000E+00  2.89909146E+00
 -2.50000000E+00  2.99825066E+00
 -2.50000000E+00  3.04186374E+00
 -2.50000000E+00  3.14102294E+00
 -2.50000000E+00  3.18463602E+00
 -2.50000000E+00  3.28379522E+00
 -2.50000000E+00  3.32740829E+00
 -2.50000000E+00  3.42656749E+00
 -1.75630601E+00  3.49964284E+00
 -1.62786949E-01  3.49964284E+00
  0.00000000E+00  3.56933977E+00
  0.00000000E+00  3.66074163E+00
  0.00000000E+00  3.71211205E+00
  0.00000000E+00  3.80351391E+00
  0.00000000E+00  3.85488432E+00
  0.00000000E+00  3.94628618E+00
  0.00000000E+00  3.99765660E+00
  0.00000000E+00  4.08905846E+00
  0.00000000E+00  4.14042888E+00
  0.00000000E+00  4.23183074E+00
  0.00000000E+00  4.28320116E+00
  0.00000000E+00  4.37460301E+00
  0.00000000E+00  4.42597343E+00
  0.00000000E+00  4.51737529E+00
  0.00000000E+00  4.56874571E+00
  0.00000000E+00  4.66014757E+00
  0.00000000E+00  4.71151799E+00
  0.00000000E+00  4.80291985E+00
  0.00000000E+00  4.85429027E+00
  0.00000000E+00  4.94569212E+00
  0.00000000E+00  4.99706254E+00
  0.00000000E+00  5.08846440E+00
  0.00000000E+00  5.13983482E+00
  0.00000000E+00  5.23123668E+00
  0.00000000E+00  5.28260710E+00
  0.00000000E+00  5.37400895E+00
  0.00000000E+00  5.42537937E+00
  0.00000000E+00  5.51678123E+00
  0.00000000E+00  5.56815165E+00
  0.00000000E+00  5.65955351E+00
  0.00000000E+00  5.71092393E+00
  0.00000000E+00  5.80232579E+00
  0.00000000E+00  5.85369621E+00
  0.00000000E+00  5.94509806E+00
  0.00000000E+00  5.99646848E+00
  0.00000000E+00  6.08787034E+00
  0.00000000E+00  6.13924076E+00
  0.00000000E+00  6.23064262E+00
  0.00000000E+00  6.28201304E+00
  0.00000000E+00  6.37341490E+00
  0.00000000E+00  6.42478531E+00
  0.00000000E+00  6.51618717E+00
  0.00000000E+00  6.56755759E+00
  0.00000000E+00  6.65895945E+00
  0.00000000E+00  6.71032987E+00
  0.00000000E+00  6.80173173E+00
  0.00000000E+00  6.85310215E+00
  0.00000000E+00  6.94450400E+00
  0.00000000E+00  6.99587442E+00
  0.00000000E+00  7.08727628E+00
  0.00000000E+00  7.13864670E+00
 -6.85513935E-01  7.13864670E+00
 -1.75630601E+00  7.13864670E+00
 -2.82709809E+00  7.13864670E+00
 -3.89789017E+00  7.13864670E+00
 -4.96868225E+00  7.13864670E+00
 -6.03947433E+00  7.13864670E+00
 -6.03947433E+00  6.99587442E+00
 -6.03947433E+00  6.85310215E+00
 -6.03947433E+00  6.71032987E+00
 -6.03947433E+00  6.56755759E+00
 -6.03947433E+00  6.42478531E+00
 -6.03947433E+00  6.28201304E+00
 -6.03947433E+00  6.13924076E+00
 -6.03947433E+00  5.99646848E+00
 -6.03947433E+00  5.85369621E+00
 -6.03947433E+00  5.71092393E+00
 -6.03947433E+00  5.56815165E+00
 -6.03947433E+00  5.42537937E+00
 -6.03947433E+00  5.28260710E+00
 -6.03947433E+00  5.13983482E+00
 -6.03947433E+00  4.99706254E+00
 -6.03947433E+00  4.85429027E+00
 -6.03947433E+00  4.71151799E+00
 -6.03947433E+00  4.56874571E+00
 -6.03947433E+00  4.42597343E+00
 -6.03947433E+00  4.28320116E+00
 -6.03947433E+00  4.14042888E+00
 -6.03947433E+00  3.99765660E+00
 -6.03947433E+00  3.85488432E+00
 -6.03947433E+00  3.71211205E+00
 -6.03947433E+00  3.56933977E+00
 -6.03947433E+00  3.42656749E+00
 -6.03947433E+00  3.28379522E+00
 -6.03947433E+00  3.14102294E+00
 -6.03947433E+00  2.99825066E+00
 -6.03947433E+00  2.85547838E+00
 -6.03947433E+00  2.71270611E+00
 -6.03947433E+00  2.56993383E+00
 -6.03947433E+00  2.42716155E+00
 -6.03947433E+00  2.28438928E+00
 -6.03947433E+00  2.14161700E+00
 -6.03947433E+00  1.99884472E+00
 -6.03947433E+00  1.85607244E+00
 -6.03947433E+00  1.71330017E+00

w:2603/ x(   0.1940000E+02) y(   0.2388939E+01) ix(2) iy(2) s(   0.7000E+00)

hb:   line clip z  
clip:
  1.93974488E+01  2.24944438E+00
  1.99000000E+01  2.25232735E+00
  1.99000000E+01  2.28438928E+00
  1.99000000E+01  2.31645120E+00
  1.99000000E+01  2.42716155E+00
  1.99000000E+01  2.45922348E+00
  1.96595356E+01  2.50000000E+00
  1.89000000E+01  2.52843296E+00
  1.89000000E+01  2.42716155E+00
  1.89000000E+01  2.32589014E+00
  1.89000000E+01  2.28438928E+00

w:2602/ x(   0.1961500E+02) y(   0.4819323E+01) ix(2) iy(2) s(   0.7000E+00)

hb:   line clip z  
frame:
 -4.9998717E+00 -6.9999675E+00
  1.0000013E+02 -6.9999675E+00
  1.0000013E+02  7.0000325E+00
 -4.9998717E+00  7.0000325E+00
clip:
  1.94000000E+01  2.53532909E+00
  1.96595356E+01  2.50000000E+00
  1.98300000E+01  2.54720524E+00
  1.98300000E+01  2.56993383E+00
  1.98300000E+01  2.59266242E+00
  1.98300000E+01  2.71270611E+00
  1.98300000E+01  2.73543470E+00
  1.98300000E+01  2.85547838E+00
  1.98300000E+01  2.87820697E+00
  1.98300000E+01  2.99825066E+00
  1.98300000E+01  3.02097925E+00
  1.98300000E+01  3.14102294E+00
  1.98300000E+01  3.16375153E+00
  1.98300000E+01  3.28379522E+00
  1.98300000E+01  3.30652381E+00
  1.98300000E+01  3.42656749E+00
  1.98300000E+01  3.44929608E+00
  1.98300000E+01  3.56933977E+00
  1.98300000E+01  3.59206836E+00
  1.98300000E+01  3.71211205E+00
  1.98300000E+01  3.73484064E+00
  1.98300000E+01  3.85488432E+00
  1.98300000E+01  3.87761292E+00
  1.98300000E+01  3.99765660E+00
  1.98300000E+01  4.02038519E+00
  1.98300000E+01  4.14042888E+00
  1.98300000E+01  4.16315747E+00
  1.98300000E+01  4.28320116E+00
  1.98300000E+01  4.30592975E+00
  1.98300000E+01  4.42597343E+00
  1.98300000E+01  4.44870202E+00
  1.98300000E+01  4.56874571E+00
  1.98300000E+01  4.59147430E+00
  1.98300000E+01  4.71151799E+00
  1.98300000E+01  4.73424658E+00
  1.98300000E+01  4.85429027E+00
  1.98300000E+01  4.87701886E+00
  1.98300000E+01  4.99706254E+00
  1.98300000E+01  5.01979113E+00
  1.98300000E+01  5.13983482E+00
  1.98300000E+01  5.16256341E+00
  1.98300000E+01  5.28260710E+00
  1.98300000E+01  5.30533569E+00
  1.98300000E+01  5.42537937E+00
  1.98300000E+01  5.44810796E+00
  1.98300000E+01  5.56815165E+00
  1.98300000E+01  5.59088024E+00
  1.98300000E+01  5.71092393E+00
  1.98300000E+01  5.73365252E+00
  1.98300000E+01  5.85369621E+00
  1.98300000E+01  5.87642480E+00
  1.98300000E+01  5.99646848E+00
  1.98300000E+01  6.01919707E+00
  1.98300000E+01  6.13924076E+00
  1.98300000E+01  6.16196935E+00
  1.98300000E+01  6.28201304E+00
  1.98300000E+01  6.30474163E+00
  1.98300000E+01  6.42478531E+00
  1.98300000E+01  6.44751391E+00
  1.98300000E+01  6.56755759E+00
  1.98300000E+01  6.59028618E+00
  1.98300000E+01  6.71032987E+00
  1.98300000E+01  6.73305846E+00
  1.98300000E+01  6.85310215E+00
  1.98300000E+01  6.87583074E+00
  1.98300000E+01  6.99587442E+00
  1.98300000E+01  7.01860301E+00
  1.98300000E+01  7.13864670E+00
  1.96595356E+01  7.13864670E+00
  1.94000000E+01  7.13864670E+00
  1.94000000E+01  2.56993383E+00

w:2200/ x(   0.8254330E+01) y(   0.5142987E+01) ix(2) iy(2) s(   0.7000E+00)

hb:   line clip z  
frame:
 -4.9998717E+00 -6.9999675E+00
  1.0000013E+02 -6.9999675E+00
  1.0000013E+02  7.0000325E+00
 -4.9998717E+00  7.0000325E+00
clip:
  7.62735858E+00  3.25000000E+00
  7.88082270E+00  3.25000000E+00
  8.90433000E+00  3.14732758E+00
  8.90433000E+00  3.28379522E+00
  8.90433000E+00  3.42026286E+00
  8.90433000E+00  3.42656749E+00
  8.90433000E+00  3.56303513E+00
  8.90433000E+00  3.56933977E+00
  8.90433000E+00  3.70580741E+00
  8.90433000E+00  3.71211205E+00
  8.90433000E+00  3.84857969E+00
  8.90433000E+00  3.85488432E+00
  8.90433000E+00  3.99135196E+00
  8.90433000E+00  3.99765660E+00
  8.90433000E+00  4.13412424E+00
  8.90433000E+00  4.14042888E+00
  8.90433000E+00  4.27689652E+00
  8.90433000E+00  4.28320116E+00
  8.90433000E+00  4.41966880E+00
  8.90433000E+00  4.42597343E+00
  8.90433000E+00  4.56244107E+00
  8.90433000E+00  4.56874571E+00
  8.90433000E+00  4.70521335E+00
  8.90433000E+00  4.71151799E+00
  8.90433000E+00  4.84798563E+00
  8.90433000E+00  4.85429027E+00
  8.90433000E+00  4.99075791E+00
  8.90433000E+00  4.99706254E+00
  8.90433000E+00  5.13353018E+00
  8.90433000E+00  5.13983482E+00
  8.90433000E+00  5.27630246E+00
  8.90433000E+00  5.28260710E+00
  8.90433000E+00  5.41907474E+00
  8.90433000E+00  5.42537937E+00
  8.90433000E+00  5.56184701E+00
  8.90433000E+00  5.56815165E+00
  8.90433000E+00  5.70461929E+00
  8.90433000E+00  5.71092393E+00
  8.90433000E+00  5.84739157E+00
  8.90433000E+00  5.85369621E+00
  8.90433000E+00  5.99016385E+00
  8.90433000E+00  5.99646848E+00
  8.90433000E+00  6.13293612E+00
  8.90433000E+00  6.13924076E+00
  8.90433000E+00  6.27570840E+00
  8.90433000E+00  6.28201304E+00
  8.90433000E+00  6.41848068E+00
  8.90433000E+00  6.42478531E+00
  8.90433000E+00  6.56125295E+00
  8.90433000E+00  6.56755759E+00
  8.90433000E+00  6.70402523E+00
  8.90433000E+00  6.71032987E+00
  8.90433000E+00  6.84679751E+00
  8.90433000E+00  6.85310215E+00
  8.90433000E+00  6.98956979E+00
  8.90433000E+00  6.99587442E+00
  8.90433000E+00  7.13234206E+00
  8.90433000E+00  7.13864670E+00
  7.88082270E+00  7.13864670E+00
  7.60433000E+00  7.13864670E+00
  7.60433000E+00  7.10178101E+00
  7.60433000E+00  6.99587442E+00
  7.60433000E+00  6.95900873E+00
  7.60433000E+00  6.85310215E+00
  7.60433000E+00  6.81623645E+00
  7.60433000E+00  6.71032987E+00
  7.60433000E+00  6.67346418E+00
  7.60433000E+00  6.56755759E+00
  7.60433000E+00  6.53069190E+00
  7.60433000E+00  6.42478531E+00
  7.60433000E+00  6.38791962E+00
  7.60433000E+00  6.28201304E+00
  7.60433000E+00  6.24514734E+00
  7.60433000E+00  6.13924076E+00
  7.60433000E+00  6.10237507E+00
  7.60433000E+00  5.99646848E+00
  7.60433000E+00  5.95960279E+00
  7.60433000E+00  5.85369621E+00
  7.60433000E+00  5.81683051E+00
  7.60433000E+00  5.71092393E+00
  7.60433000E+00  5.67405824E+00
  7.60433000E+00  5.56815165E+00
  7.60433000E+00  5.53128596E+00
  7.60433000E+00  5.42537937E+00
  7.60433000E+00  5.38851368E+00
  7.60433000E+00  5.28260710E+00
  7.60433000E+00  5.24574140E+00
  7.60433000E+00  5.13983482E+00
  7.60433000E+00  5.10296913E+00
  7.60433000E+00  4.99706254E+00
  7.60433000E+00  4.96019685E+00
  7.60433000E+00  4.85429027E+00
  7.60433000E+00  4.81742457E+00
  7.60433000E+00  4.71151799E+00
  7.60433000E+00  4.67465229E+00
  7.60433000E+00  4.56874571E+00
  7.60433000E+00  4.53188002E+00
  7.60433000E+00  4.42597343E+00
  7.60433000E+00  4.38910774E+00
  7.60433000E+00  4.28320116E+00
  7.60433000E+00  4.24633546E+00
  7.60433000E+00  4.14042888E+00
  7.60433000E+00  4.10356319E+00
  7.60433000E+00  3.99765660E+00
  7.60433000E+00  3.96079091E+00
  7.60433000E+00  3.85488432E+00
  7.60433000E+00  3.81801863E+00
  7.60433000E+00  3.71211205E+00
  7.60433000E+00  3.67524635E+00
  7.60433000E+00  3.56933977E+00
  7.60433000E+00  3.53247408E+00
  7.60433000E+00  3.42656749E+00
  7.60433000E+00  3.38970180E+00
  7.60433000E+00  3.28379522E+00

w:2108/ x(   0.2650000E+01) y(   0.5294323E+01) ix(2) iy(2) s(   0.7000E+00)

hb:   line clip z  
frame:
 -4.9998717E+00 -6.9999675E+00
  1.0000013E+02 -6.9999675E+00
  1.0000013E+02  7.0000325E+00
 -4.9998717E+00  7.0000325E+00
clip:
  2.50000000E+00  3.56575813E+00
  2.52686230E+00  3.45000000E+00
  2.80000000E+00  3.53292141E+00
  2.80000000E+00  3.56933977E+00
  2.80000000E+00  3.60575813E+00
  2.80000000E+00  3.71211205E+00
  2.80000000E+00  3.74853041E+00
  2.80000000E+00  3.85488432E+00
  2.80000000E+00  3.89130268E+00
  2.80000000E+00  3.99765660E+00
  2.80000000E+00  4.03407496E+00
  2.80000000E+00  4.14042888E+00
  2.80000000E+00  4.17684724E+00
  2.80000000E+00  4.28320116E+00
  2.80000000E+00  4.31961952E+00
  2.80000000E+00  4.42597343E+00
  2.80000000E+00  4.46239179E+00
  2.80000000E+00  4.56874571E+00
  2.80000000E+00  4.60516407E+00
  2.80000000E+00  4.71151799E+00
  2.80000000E+00  4.74793635E+00
  2.80000000E+00  4.85429027E+00
  2.80000000E+00  4.89070862E+00
  2.80000000E+00  4.99706254E+00
  2.80000000E+00  5.03348090E+00
  2.80000000E+00  5.13983482E+00
  2.80000000E+00  5.17625318E+00
  2.80000000E+00  5.28260710E+00
  2.80000000E+00  5.31902546E+00
  2.80000000E+00  5.42537937E+00
  2.80000000E+00  5.46179773E+00
  2.80000000E+00  5.56815165E+00
  2.80000000E+00  5.60457001E+00
  2.80000000E+00  5.71092393E+00
  2.80000000E+00  5.74734229E+00
  2.80000000E+00  5.85369621E+00
  2.80000000E+00  5.89011457E+00
  2.80000000E+00  5.99646848E+00
  2.80000000E+00  6.03288684E+00
  2.80000000E+00  6.13924076E+00
  2.80000000E+00  6.17565912E+00
  2.80000000E+00  6.28201304E+00
  2.80000000E+00  6.31843140E+00
  2.80000000E+00  6.42478531E+00
  2.80000000E+00  6.46120367E+00
  2.80000000E+00  6.56755759E+00
  2.80000000E+00  6.60397595E+00
  2.80000000E+00  6.71032987E+00
  2.80000000E+00  6.74674823E+00
  2.80000000E+00  6.85310215E+00
  2.80000000E+00  6.88952051E+00
  2.80000000E+00  6.99587442E+00
  2.80000000E+00  7.03229278E+00
  2.80000000E+00  7.13864670E+00
  2.52686230E+00  7.13864670E+00
  2.50000000E+00  7.13506506E+00
  2.50000000E+00  6.99587442E+00
  2.50000000E+00  3.56933977E+00

w:2303/ x(   0.3465350E+02) y(   0.4298462E+01) ix(2) iy(2) s(   0.7000E+00)

hb:   line clip z  
clip:
  3.45835000E+01  3.56038981E+00
  3.46506247E+01  3.49964284E+00
  3.47235000E+01  3.55962306E+00
  3.47235000E+01  3.56933977E+00
  3.47235000E+01  3.57905648E+00
  3.47235000E+01  3.71211205E+00
  3.47235000E+01  3.72182876E+00
  3.47235000E+01  3.85488432E+00
  3.47235000E+01  3.86460103E+00
  3.47235000E+01  3.99765660E+00
  3.47235000E+01  4.00737331E+00
  3.47235000E+01  4.14042888E+00
  3.47235000E+01  4.15014559E+00
  3.47235000E+01  4.28320116E+00
  3.47235000E+01  4.29291787E+00
  3.47235000E+01  4.42597343E+00
  3.47235000E+01  4.43569014E+00
  3.47235000E+01  4.56874571E+00
  3.47235000E+01  4.57846242E+00
  3.47235000E+01  4.71151799E+00
  3.47235000E+01  4.72123470E+00
  3.47235000E+01  4.85429027E+00
  3.47235000E+01  4.86400697E+00
  3.47235000E+01  4.99706254E+00
  3.47235000E+01  5.00677925E+00
  3.46506247E+01  5.09728209E+00
  3.45835000E+01  5.00601250E+00
  3.45835000E+01  3.56933977E+00

w:103/ x(   0.6375000E+02) y(   0.6533218E+01) ix(2) iy(2) s(   0.7000E+00)

hb:   line clip z  
frame:
 -4.9998717E+00 -6.9999675E+00
  1.0000013E+02 -6.9999675E+00
  1.0000013E+02  7.0000325E+00
 -4.9998717E+00  7.0000325E+00
clip:
  6.30469157E+01  5.92778913E+00
  6.40771059E+01  5.92778913E+00
  6.45000000E+01  5.99646848E+00
  6.45000000E+01  6.12153371E+00
  6.45000000E+01  6.13924076E+00
  6.45000000E+01  6.26430598E+00
  6.45000000E+01  6.28201304E+00
  6.45000000E+01  6.40707826E+00
  6.45000000E+01  6.42478531E+00
  6.45000000E+01  6.54985054E+00
  6.45000000E+01  6.56755759E+00
  6.45000000E+01  6.69262282E+00
  6.45000000E+01  6.71032987E+00
  6.45000000E+01  6.83539509E+00
  6.45000000E+01  6.85310215E+00
  6.45000000E+01  6.97816737E+00
  6.45000000E+01  6.99587442E+00
  6.45000000E+01  7.12093965E+00
  6.45000000E+01  7.13864670E+00
  6.35620108E+01  7.13864670E+00
  6.30000000E+01  7.13864670E+00
  6.30000000E+01  7.06371193E+00
  6.30000000E+01  6.99587442E+00
  6.30000000E+01  6.92093965E+00
  6.30000000E+01  6.85310215E+00
  6.30000000E+01  6.77816737E+00
  6.30000000E+01  6.71032987E+00
  6.30000000E+01  6.63539509E+00
  6.30000000E+01  6.56755759E+00
  6.30000000E+01  6.49262282E+00
  6.30000000E+01  6.42478531E+00
  6.30000000E+01  6.34985054E+00
  6.30000000E+01  6.28201304E+00
  6.30000000E+01  6.20707826E+00
  6.30000000E+01  6.13924076E+00
  6.30000000E+01  6.06430598E+00
  6.30000000E+01  5.99646848E+00

w:103/ x(   0.1010199E+03) y(   0.6533218E+01) ix(2) iy(2) s(   0.7000E+00)

hb:   line clip z  
frame:
 -4.9998717E+00 -6.9999675E+00
  1.0000013E+02 -6.9999675E+00
  1.0000013E+02  7.0000325E+00
 -4.9998717E+00  7.0000325E+00
clip:
  1.01000000E+02  5.99117067E+00
  1.01039734E+02  5.92778913E+00
  1.01039734E+02  5.99646848E+00
  1.01039734E+02  6.13924076E+00
  1.01039734E+02  6.28201304E+00
  1.01039734E+02  6.42478531E+00
  1.01039734E+02  6.56755759E+00
  1.01039734E+02  6.71032987E+00
  1.01039734E+02  6.85310215E+00
  1.01039734E+02  6.99587442E+00
  1.01039734E+02  7.13864670E+00
  1.01000000E+02  7.13334889E+00
  1.01000000E+02  6.99587442E+00
  1.01000000E+02  5.99646848E+00

#------------------------------------------------------------------------------
z: xorg(1.03)
p: xfac[c2*0.05] form[c1/0.05] notc noxt noyt dmin(1)
p: ymin(0) ymax(1) xmin(0) xmax(1) cmin(1) cmax(100) nosp
hc: y= 0.005 to 0.995 by 0.01 ; x= 0.5 to 0.5 by 1 ;
 1  2  3  4  5  6  7  8  9 10 11 12 13 14 15 16 17 18 19 20
21 22 23 24 25 26 27 28 29 30 31 32 33 34 35 36 37 38 39 40
41 42 43 44 45 46 47 48 49 50 51 52 53 54 55 56 57 58 59 60
61 62 63 64 65 66 67 68 69 70 71 72 73 74 75 76 77 78 79 80
81 82 83 84 85 86 87 88 89 90 91 92 93 94 95 96 97 98 99 100
z: xorg(0.0)
p: xfac[c2*0.05] form[c1/0.05] nosp afac[c5*0.625] ymin[c3] ymax[c4]
p: noxt noxn ytxt(-1) ynum(-1) xltd(-1) xstd(-1) itic(1) ylog
y: Flux [1/cm^2/source]              
#------------------------------------------------------------------------------

wt: s[c5]
\vspace{-3}
  emin  &=&   0.0000E+00 [MeV]
  emax  &=&   1.0000E+03 [MeV]
  ymin  &=&   0.0000E+00 [cm]
  ymax  &=&   1.0000E-01 [cm]
  part. &=& proton  
e:

#------------------------------------------------------------------------------
z: xorg[-1.03/0.05]
p: form[c1] xfac[c2] afac[c5] nosp notf
p: xmin( -5.000000    ) xmax(  100.0000    )
p: ymin( -7.000000    ) ymax(  7.000000    )
 
# Information for Restart Calculation
# This calculation was newly started
# istdev =  2 # 1:Batch variance, 2:History variance
# resc2  = 1.60217700001159249E-03 # Total source weight or Total source weight / maxcas
# resc3  = 1.00000000000000000E+07 # Total history number or Total batch number
# maxcas =       10000 # History / Batch, only used for istdev=1
# bitrseed = 1000110000001000111111101100101001110101110010000011011101101000 # bit data of rseed
