[ T-Track ]
    title = [t-track] in xyz mesh
     mesh =  xyz            # mesh type is xyz scoring mesh
   x-type =    2            # x-mesh is linear given by xmin, xmax and nx
     xmin =  -100.0000      # minimum value of x-mesh points
     xmax =   100.0000      # maximum value of x-mesh points
#    xdel =   2.000000      # mesh width of x-mesh points
       nx =    100          # number of x-mesh points
#    data = ( x(i), i = 1, nx + 1 )
#          -1.00000E+02 -9.80000E+01 -9.60000E+01 -9.40000E+01 -9.20000E+01
#          -9.00000E+01 -8.80000E+01 -8.60000E+01 -8.40000E+01 -8.20000E+01
#          -8.00000E+01 -7.80000E+01 -7.60000E+01 -7.40000E+01 -7.20000E+01
#          -7.00000E+01 -6.80000E+01 -6.60000E+01 -6.40000E+01 -6.20000E+01
#          -6.00000E+01 -5.80000E+01 -5.60000E+01 -5.40000E+01 -5.20000E+01
#          -5.00000E+01 -4.80000E+01 -4.60000E+01 -4.40000E+01 -4.20000E+01
#          -4.00000E+01 -3.80000E+01 -3.60000E+01 -3.40000E+01 -3.20000E+01
#          -3.00000E+01 -2.80000E+01 -2.60000E+01 -2.40000E+01 -2.20000E+01
#          -2.00000E+01 -1.80000E+01 -1.60000E+01 -1.40000E+01 -1.20000E+01
#          -1.00000E+01 -8.00000E+00 -6.00000E+00 -4.00000E+00 -2.00000E+00
#           0.00000E+00  2.00000E+00  4.00000E+00  6.00000E+00  8.00000E+00
#           1.00000E+01  1.20000E+01  1.40000E+01  1.60000E+01  1.80000E+01
#           2.00000E+01  2.20000E+01  2.40000E+01  2.60000E+01  2.80000E+01
#           3.00000E+01  3.20000E+01  3.40000E+01  3.60000E+01  3.80000E+01
#           4.00000E+01  4.20000E+01  4.40000E+01  4.60000E+01  4.80000E+01
#           5.00000E+01  5.20000E+01  5.40000E+01  5.60000E+01  5.80000E+01
#           6.00000E+01  6.20000E+01  6.40000E+01  6.60000E+01  6.80000E+01
#           7.00000E+01  7.20000E+01  7.40000E+01  7.60000E+01  7.80000E+01
#           8.00000E+01  8.20000E+01  8.40000E+01  8.60000E+01  8.80000E+01
#           9.00000E+01  9.20000E+01  9.40000E+01  9.60000E+01  9.80000E+01
#           1.00000E+02
   y-type =    2            # y-mesh is linear given by ymin, ymax and ny
     ymin =  -20.00000      # minimum value of y-mesh points
     ymax =   20.00000      # maximum value of y-mesh points
#    ydel =   40.00000      # mesh width of y-mesh points
       ny =      1          # number of y-mesh points
#    data = ( y(i), i = 1, ny + 1 )
#          -2.00000E+01  2.00000E+01
   z-type =    2            # z-mesh is linear given by zmin, zmax and nz
     zmin =  -1.000000      # minimum value of z-mesh points
     zmax =   180.0000      # maximum value of z-mesh points
#    zdel =   1.131250      # mesh width of z-mesh points
       nz =    160          # number of z-mesh points
#    data = ( z(i), i = 1, nz + 1 )
#          -1.00000E+00  1.31250E-01  1.26250E+00  2.39375E+00  3.52500E+00
#           4.65625E+00  5.78750E+00  6.91875E+00  8.05000E+00  9.18125E+00
#           1.03125E+01  1.14438E+01  1.25750E+01  1.37063E+01  1.48375E+01
#           1.59688E+01  1.71000E+01  1.82313E+01  1.93625E+01  2.04938E+01
#           2.16250E+01  2.27563E+01  2.38875E+01  2.50188E+01  2.61500E+01
#           2.72813E+01  2.84125E+01  2.95438E+01  3.06750E+01  3.18063E+01
#           3.29375E+01  3.40688E+01  3.52000E+01  3.63313E+01  3.74625E+01
#           3.85938E+01  3.97250E+01  4.08563E+01  4.19875E+01  4.31188E+01
#           4.42500E+01  4.53813E+01  4.65125E+01  4.76438E+01  4.87750E+01
#           4.99063E+01  5.10375E+01  5.21688E+01  5.33000E+01  5.44313E+01
#           5.55625E+01  5.66938E+01  5.78250E+01  5.89563E+01  6.00875E+01
#           6.12188E+01  6.23500E+01  6.34813E+01  6.46125E+01  6.57438E+01
#           6.68750E+01  6.80063E+01  6.91375E+01  7.02688E+01  7.14000E+01
#           7.25312E+01  7.36625E+01  7.47938E+01  7.59250E+01  7.70563E+01
#           7.81875E+01  7.93188E+01  8.04500E+01  8.15813E+01  8.27125E+01
#           8.38438E+01  8.49750E+01  8.61063E+01  8.72375E+01  8.83688E+01
#           8.95000E+01  9.06313E+01  9.17625E+01  9.28938E+01  9.40250E+01
#           9.51563E+01  9.62875E+01  9.74188E+01  9.85500E+01  9.96813E+01
#           1.00813E+02  1.01944E+02  1.03075E+02  1.04206E+02  1.05338E+02
#           1.06469E+02  1.07600E+02  1.08731E+02  1.09863E+02  1.10994E+02
#           1.12125E+02  1.13256E+02  1.14388E+02  1.15519E+02  1.16650E+02
#           1.17781E+02  1.18913E+02  1.20044E+02  1.21175E+02  1.22306E+02
#           1.23438E+02  1.24569E+02  1.25700E+02  1.26831E+02  1.27963E+02
#           1.29094E+02  1.30225E+02  1.31356E+02  1.32488E+02  1.33619E+02
#           1.34750E+02  1.35881E+02  1.37013E+02  1.38144E+02  1.39275E+02
#           1.40406E+02  1.41538E+02  1.42669E+02  1.43800E+02  1.44931E+02
#           1.46062E+02  1.47194E+02  1.48325E+02  1.49456E+02  1.50588E+02
#           1.51719E+02  1.52850E+02  1.53981E+02  1.55113E+02  1.56244E+02
#           1.57375E+02  1.58506E+02  1.59638E+02  1.60769E+02  1.61900E+02
#           1.63031E+02  1.64163E+02  1.65294E+02  1.66425E+02  1.67556E+02
#           1.68688E+02  1.69819E+02  1.70950E+02  1.72081E+02  1.73213E+02
#           1.74344E+02  1.75475E+02  1.76606E+02  1.77738E+02  1.78869E+02
#           1.80000E+02
   e-type =    1            # e-mesh is given by the below data
       ne =      1          # number of e-mesh points
#    data = ( e(i), i = 1, ne + 1 )
            1.00000E-10  1.00000E+03
     unit =    1            # unit is [1/cm^2/source]
 material =  all            # (D=all) number of specific material
  2D-type =    7            # 1:Cont, 2:Clust, 3:Color, 4:xyz, 5:mat, 6:Clust+Cont, 7:Col+Cont
     axis =      xz            # axis of output
     file = weight-dose-xz.out  # file name of output for the above axis
     part =  neutron  
# kf/name :  2112     
  multiplier = all          # number of material group
     part =  all      
# kf/name :  0        
     emax =   1.00000E+10
      mat         mset1  
      all ( 1.0000 -202 )
    z-txt = Effective dose (pSv/source)
    gshow =    3            # 0: no 1:bnd, 2:bnd+mat, 3:bnd+reg 4:bnd+lat 5:bmp style
    resol =    1            # (D=1) resolution of gshow or rshow
    width = 0.5000000       # (D=0.5) width of lines for gshow or rshow
   epsout =    1            # (D=0) generate eps file by ANGEL
#    used :        main (  %)        temp (  %)       total (  %)
#  memory :         285 (  0)           0 (  0)         285 (  0)

#------------------------------------------------------------------------------
#newpage:
#   no. =  1   ie  =  1   iy  =  1   part. = neutron 
#   e = (   1.0000E-10  -   1.0000E+03  )
#   y = (  -2.0000E+01  -   2.0000E+01  )
#   mset =  1

'no. =  1,  ie =  1,  iy =  1,  mset =  1'
msuc: {\huge [t-track] in xyz mesh}
msdr: {\it plotted by \ANGEL \version}
msdl: {\it calculated by \PHITS  3.34}

x: z [cm]
y: x [cm]
set: c1[ 1.105] c2[ 0.856] c5[ 0.800] c6[ 0.960] c7[ 0.070] c8[ 0.000]
p: h2fs form[c1] xfac[c2] afac[c5] scal[c6] xorg[c7] yorg[c8] nosp
set: c3[1.0e-4] c4[1.0]
p: cmin[c3] cmax[c4]
p: dmin(1e-31)
p: zlog
p: xmin( -1.000000    ) xmax(  180.0000    )
p: ymin( -100.0000    ) ymax(  100.0000    )
#  nx = 100   nz = 160
# ( ( data(z,x), z = 1, nz ), x = nx, 1, -1 )

hc2: y =   99.00000     to  -99.00000     by   2.000000     ; x = -0.4343750     to   179.4344     by   1.131250     ;
  3.255E-01  2.242E-01  2.749E-01  2.158E-01  1.831E-01  1.723E-01  1.661E-01  1.459E-01  6.538E-01  2.369E-01
  1.863E-01  1.598E-01  1.484E-01  1.576E-01  1.409E-01  1.278E-01  1.366E-01  1.310E-01  1.412E-01  1.308E-01
  1.541E-01  6.026E-01  2.229E-01  1.796E-01  3.484E-01  2.842E-01  1.492E-01  1.370E-01  2.167E-01  1.705E-01
  1.182E-01  2.078E-01  1.314E-01  1.225E-01  1.218E-01  2.236E-01  1.378E-01  1.432E-01  1.422E-01  1.385E-01
  1.349E-01  1.201E-01  1.244E-01  1.277E-01  1.229E-01  1.475E-01  1.448E-01  1.524E-01  1.235E-01  1.359E-01
  1.180E-01  1.316E-01  1.374E-01  1.663E-01  1.396E-01  1.269E-01  1.475E-01  1.322E-01  1.233E-01  1.349E-01
  1.541E-01  1.319E-01  1.487E-01  1.367E-01  1.419E-01  1.574E-01  1.675E-01  1.939E-01  1.431E-01  1.411E-01
  1.438E-01  1.347E-01  1.430E-01  1.286E-01  1.494E-01  1.680E-01  1.725E-01  1.523E-01  1.527E-01  1.428E-01
  2.113E-01  1.463E-01  1.789E-01  1.513E-01  2.041E-01  1.682E-01  1.468E-01  1.499E-01  1.572E-01  1.469E-01
  1.469E-01  1.615E-01  1.673E-01  1.588E-01  1.612E-01  1.758E-01  1.636E-01  1.527E-01  1.536E-01  1.717E-01
  1.483E-01  1.634E-01  1.754E-01  1.673E-01  1.840E-01  1.958E-01  1.700E-01  1.612E-01  1.527E-01  1.662E-01
  1.495E-01  1.588E-01  1.507E-01  1.556E-01  1.316E-01  1.539E-01  1.875E-01  1.600E-01  1.638E-01  1.665E-01
  1.520E-01  1.643E-01  1.698E-01  1.601E-01  1.564E-01  1.628E-01  1.549E-01  1.873E-01  2.077E-01  1.761E-01
  1.613E-01  1.909E-01  1.808E-01  1.693E-01  1.877E-01  1.757E-01  2.137E-01  1.746E-01  1.630E-01  1.651E-01
  1.677E-01  1.768E-01  1.836E-01  1.708E-01  1.839E-01  1.816E-01  1.737E-01  2.001E-01  1.928E-01  1.613E-01
  1.607E-01  1.661E-01  1.666E-01  1.878E-01  1.655E-01  1.708E-01  1.751E-01  1.839E-01  2.138E-01  2.082E-01
  5.699E-01  2.289E-01  2.112E-01  2.398E-01  1.725E-01  1.551E-01  1.527E-01  1.714E-01  6.117E-01  1.819E-01
  1.878E-01  1.446E-01  1.405E-01  1.532E-01  1.204E-01  1.211E-01  1.138E-01  1.325E-01  1.539E-01  1.393E-01
  1.287E-01  5.106E-01  2.107E-01  1.833E-01  3.485E-01  1.459E-01  1.378E-01  1.382E-01  1.304E-01  1.397E-01
  1.285E-01  1.792E-01  1.216E-01  1.336E-01  1.676E-01  1.624E-01  1.177E-01  1.218E-01  1.306E-01  1.134E-01
  1.221E-01  1.052E-01  1.069E-01  1.146E-01  1.142E-01  1.263E-01  1.580E-01  1.371E-01  1.415E-01  1.083E-01
  1.245E-01  1.213E-01  1.300E-01  1.536E-01  1.092E-01  1.244E-01  1.163E-01  1.128E-01  1.102E-01  1.403E-01
  1.269E-01  1.852E-01  1.257E-01  1.207E-01  1.131E-01  1.261E-01  1.240E-01  1.636E-01  1.214E-01  1.240E-01
  1.229E-01  1.409E-01  1.098E-01  1.179E-01  1.373E-01  1.491E-01  1.328E-01  1.300E-01  1.354E-01  1.316E-01
  1.369E-01  1.330E-01  1.507E-01  1.229E-01  1.756E-01  1.330E-01  1.333E-01  1.371E-01  1.282E-01  1.366E-01
  1.327E-01  1.449E-01  1.633E-01  1.408E-01  1.477E-01  1.411E-01  1.361E-01  1.342E-01  1.358E-01  1.326E-01
  1.388E-01  1.364E-01  1.391E-01  1.413E-01  1.433E-01  1.551E-01  1.529E-01  1.453E-01  1.712E-01  1.559E-01
  1.293E-01  1.383E-01  1.277E-01  1.329E-01  1.489E-01  1.526E-01  1.431E-01  1.524E-01  1.440E-01  1.464E-01
  1.359E-01  1.373E-01  1.294E-01  1.319E-01  1.268E-01  1.305E-01  1.326E-01  1.318E-01  1.389E-01  1.501E-01
  1.635E-01  1.477E-01  1.528E-01  1.584E-01  1.463E-01  1.452E-01  1.416E-01  1.342E-01  1.356E-01  1.367E-01
  1.576E-01  1.533E-01  1.492E-01  1.554E-01  1.598E-01  1.806E-01  1.582E-01  1.433E-01  1.456E-01  1.408E-01
  1.571E-01  1.577E-01  1.602E-01  1.835E-01  1.668E-01  1.806E-01  1.715E-01  1.858E-01  1.816E-01  1.815E-01
  4.892E-01  4.001E-01  2.197E-01  1.913E-01  1.916E-01  1.665E-01  1.563E-01  1.934E-01  5.208E-01  1.846E-01
  1.522E-01  1.581E-01  1.419E-01  1.502E-01  1.079E-01  1.414E-01  1.423E-01  1.317E-01  1.433E-01  1.232E-01
  1.314E-01  3.078E-01  1.305E-01  1.137E-01  3.162E-01  1.057E-01  1.132E-01  1.227E-01  1.080E-01  1.325E-01
  1.144E-01  1.442E-01  1.438E-01  1.337E-01  1.580E-01  1.564E-01  9.701E-02  1.082E-01  1.025E-01  9.953E-02
  9.021E-02  1.087E-01  1.213E-01  1.211E-01  1.129E-01  1.016E-01  1.517E-01  1.337E-01  9.940E-02  1.630E-01
  1.021E-01  1.166E-01  1.069E-01  1.406E-01  1.127E-01  1.023E-01  1.116E-01  1.076E-01  1.233E-01  1.051E-01
  1.251E-01  1.182E-01  1.134E-01  1.114E-01  1.211E-01  1.315E-01  1.172E-01  1.745E-01  1.117E-01  1.036E-01
  1.102E-01  1.227E-01  1.148E-01  1.112E-01  1.213E-01  1.178E-01  1.046E-01  1.149E-01  1.310E-01  1.071E-01
  1.203E-01  1.526E-01  1.238E-01  1.248E-01  1.358E-01  1.307E-01  1.180E-01  1.210E-01  1.319E-01  1.160E-01
  1.316E-01  1.282E-01  1.238E-01  1.298E-01  1.388E-01  1.219E-01  1.226E-01  1.259E-01  1.190E-01  1.160E-01
  1.342E-01  1.359E-01  1.287E-01  1.405E-01  1.422E-01  1.344E-01  1.472E-01  1.517E-01  1.231E-01  1.190E-01
  1.335E-01  1.182E-01  1.210E-01  1.209E-01  1.130E-01  1.267E-01  1.327E-01  1.309E-01  1.200E-01  1.230E-01
  1.203E-01  1.152E-01  1.310E-01  1.417E-01  1.362E-01  1.578E-01  1.280E-01  1.399E-01  1.506E-01  1.313E-01
  1.298E-01  1.490E-01  1.555E-01  1.376E-01  1.283E-01  1.271E-01  1.208E-01  1.131E-01  1.192E-01  1.259E-01
  1.383E-01  1.397E-01  1.507E-01  1.487E-01  1.727E-01  1.545E-01  1.457E-01  1.363E-01  1.365E-01  1.340E-01
  1.309E-01  1.495E-01  1.421E-01  1.550E-01  1.518E-01  1.482E-01  1.593E-01  1.526E-01  1.575E-01  1.834E-01
  2.767E-01  3.094E-01  3.675E-01  1.784E-01  1.965E-01  1.811E-01  1.632E-01  2.435E-01  4.365E-01  2.246E-01
  2.178E-01  1.598E-01  1.491E-01  1.645E-01  1.427E-01  1.292E-01  1.077E-01  1.145E-01  1.197E-01  1.367E-01
  1.065E-01  2.835E-01  1.178E-01  1.105E-01  2.618E-01  1.314E-01  1.182E-01  1.108E-01  1.062E-01  1.064E-01
  1.021E-01  1.447E-01  1.317E-01  1.436E-01  1.473E-01  1.390E-01  1.126E-01  1.004E-01  9.072E-02  1.178E-01
  1.269E-01  1.145E-01  8.793E-02  1.028E-01  9.315E-02  9.503E-02  1.448E-01  1.151E-01  1.107E-01  9.670E-02
  1.057E-01  1.129E-01  9.979E-02  1.381E-01  1.129E-01  1.083E-01  1.062E-01  1.288E-01  1.183E-01  1.276E-01
  1.196E-01  1.047E-01  1.050E-01  9.618E-02  1.069E-01  9.785E-02  1.002E-01  1.576E-01  9.558E-02  9.082E-02
  9.956E-02  9.966E-02  9.274E-02  1.086E-01  1.024E-01  1.026E-01  1.011E-01  1.089E-01  1.159E-01  1.187E-01
  1.298E-01  1.070E-01  1.267E-01  1.158E-01  1.241E-01  1.109E-01  1.094E-01  1.081E-01  1.144E-01  1.269E-01
  1.222E-01  1.184E-01  1.148E-01  1.250E-01  1.224E-01  1.051E-01  1.060E-01  1.127E-01  1.111E-01  1.236E-01
  1.139E-01  1.122E-01  1.224E-01  1.200E-01  1.286E-01  1.366E-01  1.343E-01  1.124E-01  1.164E-01  1.185E-01
  1.204E-01  1.308E-01  1.120E-01  1.157E-01  1.112E-01  1.180E-01  1.132E-01  1.139E-01  1.137E-01  1.363E-01
  1.166E-01  1.229E-01  1.232E-01  1.181E-01  1.155E-01  1.243E-01  1.382E-01  1.174E-01  1.081E-01  1.218E-01
  1.374E-01  1.459E-01  1.391E-01  1.319E-01  1.223E-01  1.169E-01  1.145E-01  1.065E-01  1.088E-01  1.331E-01
  1.300E-01  1.312E-01  1.408E-01  1.434E-01  1.329E-01  1.264E-01  1.246E-01  1.183E-01  1.312E-01  1.239E-01
  1.234E-01  1.252E-01  1.235E-01  1.291E-01  1.283E-01  1.301E-01  1.379E-01  1.410E-01  1.467E-01  1.607E-01
  4.064E-01  2.600E-01  2.432E-01  3.205E-01  1.979E-01  1.941E-01  1.816E-01  2.043E-01  1.501E-01  3.644E-01
  1.474E-01  1.683E-01  1.627E-01  1.525E-01  1.455E-01  1.252E-01  1.223E-01  1.129E-01  1.208E-01  1.352E-01
  1.413E-01  1.203E-01  2.319E-01  1.273E-01  1.709E-01  1.291E-01  9.589E-02  1.058E-01  9.251E-02  1.043E-01
  1.291E-01  9.822E-02  1.040E-01  2.218E-01  1.089E-01  1.231E-01  1.511E-01  9.627E-02  1.284E-01  8.647E-02
  9.556E-02  9.080E-02  8.580E-02  8.875E-02  8.228E-02  8.974E-02  1.240E-01  1.061E-01  9.942E-02  9.506E-02
  9.724E-02  1.040E-01  9.921E-02  1.166E-01  9.851E-02  1.142E-01  1.094E-01  1.068E-01  1.190E-01  1.334E-01
  9.241E-02  1.013E-01  9.967E-02  1.083E-01  9.385E-02  1.012E-01  1.007E-01  1.445E-01  9.112E-02  1.001E-01
  9.649E-02  9.201E-02  9.917E-02  1.038E-01  9.875E-02  9.675E-02  1.013E-01  1.014E-01  1.126E-01  1.030E-01
  1.197E-01  1.091E-01  1.050E-01  1.035E-01  9.373E-02  1.031E-01  9.360E-02  1.070E-01  1.015E-01  1.123E-01
  1.080E-01  1.152E-01  1.187E-01  1.175E-01  1.051E-01  1.026E-01  1.069E-01  9.948E-02  1.030E-01  1.098E-01
  1.137E-01  1.138E-01  1.160E-01  1.150E-01  1.119E-01  1.111E-01  1.179E-01  1.111E-01  1.109E-01  1.100E-01
  1.112E-01  1.160E-01  1.165E-01  9.882E-02  1.006E-01  1.061E-01  9.859E-02  1.130E-01  1.151E-01  1.130E-01
  1.103E-01  1.082E-01  1.129E-01  1.200E-01  1.219E-01  1.249E-01  1.090E-01  1.013E-01  1.101E-01  1.176E-01
  1.255E-01  1.222E-01  1.180E-01  1.291E-01  1.283E-01  1.170E-01  1.156E-01  1.117E-01  1.209E-01  1.261E-01
  1.227E-01  1.329E-01  1.261E-01  1.399E-01  1.404E-01  1.390E-01  1.262E-01  1.202E-01  1.188E-01  1.217E-01
  1.242E-01  1.123E-01  1.055E-01  1.189E-01  1.155E-01  1.255E-01  1.334E-01  1.371E-01  1.337E-01  1.511E-01
  2.205E-01  1.802E-01  2.213E-01  2.221E-01  3.014E-01  1.635E-01  1.819E-01  1.870E-01  1.988E-01  3.151E-01
  1.924E-01  1.442E-01  1.202E-01  1.238E-01  1.133E-01  1.048E-01  1.199E-01  1.086E-01  1.252E-01  1.462E-01
  1.122E-01  1.056E-01  1.994E-01  2.304E-01  1.257E-01  1.365E-01  1.011E-01  9.780E-02  9.377E-02  1.063E-01
  1.156E-01  8.001E-02  1.214E-01  2.018E-01  1.161E-01  1.065E-01  1.119E-01  1.280E-01  9.270E-02  9.058E-02
  1.031E-01  8.228E-02  8.676E-02  8.307E-02  8.722E-02  9.345E-02  9.306E-02  1.183E-01  1.009E-01  9.524E-02
  1.021E-01  9.215E-02  8.880E-02  1.172E-01  1.085E-01  1.012E-01  9.854E-02  1.399E-01  1.398E-01  9.520E-02
  9.364E-02  1.281E-01  1.147E-01  1.005E-01  8.798E-02  1.302E-01  8.948E-02  1.173E-01  8.719E-02  9.462E-02
  8.319E-02  8.731E-02  9.637E-02  8.770E-02  8.986E-02  1.028E-01  9.933E-02  1.119E-01  1.056E-01  1.161E-01
  1.088E-01  1.057E-01  9.307E-02  1.020E-01  9.789E-02  9.927E-02  1.082E-01  1.019E-01  9.471E-02  1.016E-01
  1.024E-01  1.028E-01  1.060E-01  1.153E-01  1.049E-01  9.917E-02  1.057E-01  9.796E-02  9.507E-02  1.017E-01
  1.034E-01  1.129E-01  1.050E-01  9.929E-02  1.056E-01  1.212E-01  1.172E-01  9.928E-02  9.986E-02  1.052E-01
  1.047E-01  9.860E-02  1.067E-01  1.009E-01  9.586E-02  1.037E-01  1.142E-01  1.018E-01  1.055E-01  1.049E-01
  1.178E-01  1.027E-01  9.755E-02  1.072E-01  1.063E-01  1.107E-01  1.132E-01  1.000E-01  1.019E-01  1.038E-01
  1.113E-01  1.110E-01  1.125E-01  1.185E-01  1.092E-01  1.138E-01  1.118E-01  1.077E-01  1.379E-01  1.138E-01
  1.155E-01  1.104E-01  1.176E-01  1.072E-01  1.184E-01  1.225E-01  1.169E-01  1.099E-01  1.066E-01  1.067E-01
  1.028E-01  1.076E-01  1.163E-01  1.167E-01  1.235E-01  1.221E-01  1.373E-01  1.246E-01  1.316E-01  1.314E-01
  5.172E-01  1.450E-01  1.696E-01  2.467E-01  2.181E-01  2.827E-01  2.129E-01  1.783E-01  2.537E-01  3.106E-01
  1.408E-01  1.293E-01  1.292E-01  1.168E-01  1.187E-01  1.015E-01  1.035E-01  1.255E-01  1.209E-01  1.216E-01
  1.413E-01  1.140E-01  1.742E-01  1.773E-01  1.072E-01  1.005E-01  1.312E-01  9.952E-02  9.487E-02  9.700E-02
  1.120E-01  8.886E-02  1.705E-01  9.821E-02  1.026E-01  8.647E-02  1.259E-01  1.053E-01  1.120E-01  8.545E-02
  9.348E-02  7.936E-02  7.558E-02  8.080E-02  9.475E-02  1.028E-01  9.249E-02  9.194E-02  9.866E-02  9.780E-02
  7.981E-02  9.361E-02  9.277E-02  1.154E-01  1.112E-01  9.008E-02  1.090E-01  1.049E-01  8.567E-02  8.268E-02
  1.178E-01  9.532E-02  8.778E-02  1.223E-01  9.349E-02  9.352E-02  8.370E-02  1.161E-01  8.409E-02  8.960E-02
  1.068E-01  8.154E-02  8.618E-02  8.970E-02  9.428E-02  8.942E-02  9.800E-02  1.056E-01  1.150E-01  1.006E-01
  9.431E-02  9.195E-02  9.761E-02  1.015E-01  9.178E-02  9.881E-02  9.117E-02  8.990E-02  9.767E-02  9.526E-02
  1.061E-01  9.971E-02  9.711E-02  9.830E-02  9.671E-02  9.982E-02  9.706E-02  9.922E-02  1.013E-01  1.084E-01
  1.068E-01  9.998E-02  9.944E-02  9.363E-02  1.204E-01  1.142E-01  1.038E-01  1.026E-01  1.081E-01  9.443E-02
  9.200E-02  9.713E-02  9.561E-02  9.414E-02  9.916E-02  1.060E-01  1.014E-01  9.768E-02  9.579E-02  1.062E-01
  9.856E-02  1.043E-01  1.030E-01  1.036E-01  9.360E-02  9.670E-02  9.712E-02  1.082E-01  9.120E-02  9.670E-02
  9.979E-02  1.060E-01  1.128E-01  1.039E-01  9.895E-02  1.068E-01  1.139E-01  1.071E-01  1.079E-01  1.056E-01
  1.002E-01  9.933E-02  1.175E-01  1.041E-01  1.220E-01  1.316E-01  1.101E-01  1.068E-01  9.660E-02  9.779E-02
  1.020E-01  1.055E-01  1.130E-01  1.091E-01  1.185E-01  1.236E-01  1.092E-01  1.270E-01  1.278E-01  1.314E-01
  2.552E-01  1.580E-01  1.338E-01  2.599E-01  1.710E-01  2.092E-01  2.471E-01  2.345E-01  1.767E-01  2.996E-01
  1.583E-01  1.178E-01  1.311E-01  1.030E-01  8.788E-02  9.922E-02  9.287E-02  9.461E-02  1.469E-01  9.992E-02
  1.377E-01  1.028E-01  1.589E-01  1.485E-01  9.408E-02  8.861E-02  9.419E-02  1.159E-01  1.171E-01  8.569E-02
  1.217E-01  9.564E-02  1.745E-01  9.054E-02  1.018E-01  8.489E-02  1.371E-01  1.012E-01  9.632E-02  9.541E-02
  7.901E-02  7.754E-02  8.019E-02  7.875E-02  9.261E-02  9.970E-02  9.205E-02  9.875E-02  9.847E-02  1.087E-01
  8.038E-02  9.098E-02  1.007E-01  1.171E-01  7.996E-02  1.088E-01  9.485E-02  8.688E-02  8.086E-02  1.281E-01
  1.078E-01  8.301E-02  7.853E-02  7.538E-02  8.427E-02  1.014E-01  7.657E-02  1.044E-01  8.319E-02  9.254E-02
  8.992E-02  8.414E-02  8.907E-02  9.701E-02  9.051E-02  8.354E-02  9.623E-02  1.002E-01  8.416E-02  9.399E-02
  9.708E-02  9.424E-02  9.160E-02  9.453E-02  9.166E-02  8.623E-02  8.143E-02  7.645E-02  9.654E-02  9.401E-02
  9.806E-02  8.869E-02  9.056E-02  1.063E-01  1.008E-01  9.343E-02  9.632E-02  9.969E-02  8.726E-02  8.245E-02
  8.971E-02  8.859E-02  8.774E-02  1.000E-01  9.071E-02  9.244E-02  1.123E-01  9.389E-02  8.833E-02  8.616E-02
  9.474E-02  9.213E-02  9.193E-02  9.233E-02  9.549E-02  9.373E-02  9.333E-02  1.009E-01  1.043E-01  9.469E-02
  1.019E-01  9.588E-02  9.082E-02  8.364E-02  8.829E-02  8.790E-02  8.690E-02  8.823E-02  9.267E-02  8.798E-02
  1.068E-01  9.916E-02  1.019E-01  9.405E-02  1.009E-01  9.470E-02  9.630E-02  1.006E-01  9.321E-02  9.734E-02
  1.021E-01  9.534E-02  9.407E-02  1.051E-01  1.120E-01  1.015E-01  9.750E-02  1.027E-01  1.062E-01  1.043E-01
  9.817E-02  1.000E-01  1.025E-01  1.036E-01  1.142E-01  1.123E-01  1.209E-01  1.218E-01  1.266E-01  1.269E-01
  2.262E-01  1.975E-01  1.559E-01  2.165E-01  2.301E-01  2.467E-01  2.965E-01  2.781E-01  2.296E-01  2.631E-01
  1.533E-01  1.164E-01  9.919E-02  1.131E-01  1.020E-01  9.809E-02  8.657E-02  8.448E-02  1.384E-01  1.066E-01
  1.316E-01  1.202E-01  1.553E-01  1.312E-01  1.065E-01  8.836E-02  1.064E-01  1.043E-01  1.060E-01  9.382E-02
  1.210E-01  2.169E-01  1.110E-01  9.935E-02  9.646E-02  9.967E-02  1.229E-01  1.072E-01  7.515E-02  9.109E-02
  8.241E-02  7.793E-02  7.487E-02  8.039E-02  1.188E-01  9.298E-02  9.253E-02  8.603E-02  9.390E-02  1.211E-01
  8.461E-02  8.214E-02  1.164E-01  8.914E-02  9.595E-02  8.441E-02  9.534E-02  1.031E-01  1.071E-01  8.837E-02
  9.180E-02  7.923E-02  7.484E-02  8.467E-02  7.803E-02  8.344E-02  8.098E-02  9.945E-02  8.944E-02  9.094E-02
  9.033E-02  9.154E-02  1.055E-01  8.708E-02  8.181E-02  1.039E-01  8.663E-02  7.770E-02  8.886E-02  9.325E-02
  9.255E-02  9.228E-02  8.942E-02  8.803E-02  8.716E-02  8.412E-02  8.813E-02  8.465E-02  8.781E-02  8.916E-02
  8.554E-02  8.870E-02  8.902E-02  8.644E-02  9.082E-02  9.316E-02  8.606E-02  8.278E-02  8.786E-02  8.443E-02
  8.909E-02  9.483E-02  1.027E-01  9.647E-02  9.320E-02  8.846E-02  9.511E-02  8.883E-02  9.141E-02  9.484E-02
  8.946E-02  8.510E-02  9.435E-02  8.998E-02  9.275E-02  9.766E-02  9.504E-02  9.341E-02  8.880E-02  9.634E-02
  9.193E-02  9.453E-02  8.962E-02  8.356E-02  8.627E-02  8.623E-02  8.982E-02  9.437E-02  9.013E-02  9.381E-02
  9.659E-02  9.918E-02  9.554E-02  9.447E-02  9.605E-02  9.292E-02  9.707E-02  9.065E-02  9.573E-02  9.391E-02
  9.465E-02  9.358E-02  1.003E-01  1.034E-01  1.092E-01  9.869E-02  1.006E-01  1.083E-01  1.046E-01  9.902E-02
  1.025E-01  9.821E-02  1.030E-01  1.024E-01  1.048E-01  1.053E-01  1.131E-01  1.094E-01  1.201E-01  1.233E-01
  2.477E-01  1.911E-01  1.957E-01  1.398E-01  1.685E-01  1.809E-01  1.374E-01  1.479E-01  2.108E-01  3.192E-01
  2.355E-01  1.372E-01  1.102E-01  1.146E-01  1.126E-01  1.006E-01  9.973E-02  1.040E-01  1.184E-01  9.222E-02
  1.359E-01  1.109E-01  1.566E-01  1.075E-01  1.033E-01  8.579E-02  1.351E-01  8.206E-02  9.490E-02  1.146E-01
  1.062E-01  1.766E-01  1.127E-01  1.018E-01  8.617E-02  1.093E-01  1.113E-01  9.276E-02  9.249E-02  8.520E-02
  8.614E-02  8.058E-02  7.745E-02  9.995E-02  1.012E-01  8.878E-02  8.287E-02  8.489E-02  8.911E-02  1.113E-01
  1.051E-01  9.062E-02  1.207E-01  9.056E-02  8.572E-02  9.781E-02  9.270E-02  8.793E-02  7.848E-02  9.784E-02
  7.282E-02  7.633E-02  7.152E-02  7.574E-02  8.005E-02  8.890E-02  7.771E-02  9.678E-02  9.544E-02  7.995E-02
  8.814E-02  9.296E-02  8.089E-02  8.936E-02  9.647E-02  8.542E-02  8.308E-02  8.632E-02  8.467E-02  9.848E-02
  9.451E-02  8.131E-02  7.919E-02  8.444E-02  7.855E-02  7.619E-02  8.670E-02  8.822E-02  8.830E-02  8.690E-02
  9.514E-02  8.526E-02  8.793E-02  9.101E-02  8.279E-02  8.094E-02  8.510E-02  8.631E-02  8.641E-02  8.913E-02
  1.084E-01  9.621E-02  8.523E-02  8.532E-02  8.387E-02  8.280E-02  8.574E-02  8.788E-02  7.891E-02  7.960E-02
  8.194E-02  8.718E-02  9.240E-02  8.116E-02  7.826E-02  8.475E-02  8.583E-02  8.336E-02  8.678E-02  8.781E-02
  8.489E-02  8.485E-02  8.609E-02  8.225E-02  8.088E-02  8.718E-02  8.894E-02  8.669E-02  9.118E-02  8.793E-02
  9.183E-02  9.589E-02  9.162E-02  9.437E-02  9.643E-02  9.147E-02  8.311E-02  8.710E-02  8.668E-02  9.436E-02
  9.166E-02  9.447E-02  9.337E-02  9.727E-02  1.038E-01  1.064E-01  9.801E-02  1.064E-01  1.112E-01  1.052E-01
  1.070E-01  8.944E-02  9.141E-02  9.598E-02  1.013E-01  9.631E-02  1.022E-01  1.083E-01  1.192E-01  1.221E-01
  1.861E-01  2.612E-01  1.853E-01  1.427E-01  1.510E-01  1.117E-01  1.755E-01  1.301E-01  2.228E-01  2.957E-01
  2.164E-01  1.319E-01  9.400E-02  9.585E-02  1.110E-01  9.082E-02  8.723E-02  1.115E-01  1.174E-01  1.239E-01
  1.088E-01  1.388E-01  1.356E-01  1.016E-01  8.897E-02  9.331E-02  1.021E-01  8.769E-02  1.090E-01  1.030E-01
  1.782E-01  1.091E-01  9.278E-02  8.988E-02  9.017E-02  7.432E-02  1.106E-01  9.038E-02  9.285E-02  8.417E-02
  7.826E-02  8.415E-02  1.010E-01  8.879E-02  8.480E-02  9.408E-02  9.004E-02  8.140E-02  9.534E-02  1.066E-01
  8.597E-02  8.256E-02  1.225E-01  1.038E-01  9.273E-02  9.622E-02  8.932E-02  8.256E-02  7.489E-02  8.305E-02
  7.105E-02  7.453E-02  7.238E-02  8.864E-02  8.276E-02  8.956E-02  8.884E-02  1.054E-01  7.796E-02  8.226E-02
  8.741E-02  8.010E-02  9.070E-02  8.132E-02  7.900E-02  9.350E-02  8.169E-02  9.047E-02  9.771E-02  7.953E-02
  7.462E-02  7.268E-02  7.801E-02  7.864E-02  7.684E-02  7.873E-02  8.785E-02  8.101E-02  9.185E-02  9.172E-02
  8.238E-02  8.485E-02  8.376E-02  8.152E-02  7.934E-02  8.053E-02  9.367E-02  8.173E-02  9.085E-02  9.313E-02
  8.022E-02  7.682E-02  8.411E-02  8.876E-02  8.707E-02  8.943E-02  8.771E-02  8.075E-02  8.784E-02  7.592E-02
  8.464E-02  8.732E-02  8.009E-02  8.668E-02  9.098E-02  9.074E-02  8.883E-02  7.842E-02  8.085E-02  8.779E-02
  7.849E-02  8.183E-02  8.225E-02  7.954E-02  7.879E-02  8.200E-02  8.108E-02  8.211E-02  8.813E-02  8.813E-02
  8.789E-02  8.719E-02  8.907E-02  9.712E-02  8.714E-02  8.734E-02  9.560E-02  8.469E-02  8.964E-02  8.740E-02
  8.929E-02  8.755E-02  9.853E-02  1.002E-01  1.006E-01  9.470E-02  9.886E-02  1.022E-01  1.005E-01  9.328E-02
  1.007E-01  9.972E-02  9.270E-02  9.106E-02  9.329E-02  9.486E-02  1.024E-01  1.006E-01  1.088E-01  1.135E-01
  1.692E-01  2.072E-01  1.395E-01  1.292E-01  1.431E-01  1.266E-01  1.737E-01  1.311E-01  1.981E-01  2.820E-01
  2.308E-01  1.239E-01  1.053E-01  9.432E-02  9.152E-02  8.892E-02  8.324E-02  9.534E-02  1.413E-01  1.139E-01
  1.021E-01  1.561E-01  1.123E-01  1.216E-01  8.749E-02  1.096E-01  9.335E-02  8.331E-02  1.271E-01  1.179E-01
  1.968E-01  9.895E-02  7.613E-02  8.080E-02  9.492E-02  7.568E-02  1.160E-01  9.385E-02  7.745E-02  7.919E-02
  7.812E-02  9.714E-02  9.727E-02  7.690E-02  8.281E-02  8.790E-02  9.905E-02  8.533E-02  9.020E-02  1.142E-01
  9.407E-02  1.209E-01  9.309E-02  8.920E-02  9.354E-02  8.554E-02  9.271E-02  7.258E-02  7.348E-02  8.046E-02
  7.389E-02  7.480E-02  7.128E-02  7.791E-02  7.454E-02  8.991E-02  9.472E-02  9.108E-02  7.532E-02  8.700E-02
  9.570E-02  8.396E-02  7.527E-02  7.665E-02  8.779E-02  8.313E-02  8.548E-02  7.458E-02  8.007E-02  7.252E-02
  7.111E-02  7.442E-02  7.654E-02  8.626E-02  7.810E-02  7.725E-02  8.196E-02  7.471E-02  7.957E-02  9.043E-02
  8.057E-02  7.536E-02  8.655E-02  8.142E-02  8.986E-02  8.081E-02  7.727E-02  8.952E-02  8.194E-02  7.653E-02
  8.103E-02  8.085E-02  8.352E-02  8.077E-02  8.220E-02  8.060E-02  7.856E-02  8.867E-02  7.740E-02  8.020E-02
  8.538E-02  8.478E-02  8.717E-02  7.969E-02  8.372E-02  9.068E-02  8.135E-02  7.926E-02  7.785E-02  8.795E-02
  8.076E-02  8.265E-02  7.954E-02  8.252E-02  7.801E-02  8.956E-02  8.478E-02  8.290E-02  9.085E-02  8.725E-02
  8.892E-02  9.174E-02  9.461E-02  8.771E-02  8.525E-02  8.524E-02  8.629E-02  8.600E-02  8.721E-02  9.067E-02
  8.870E-02  9.342E-02  9.265E-02  9.460E-02  9.165E-02  1.019E-01  9.641E-02  9.215E-02  1.013E-01  9.242E-02
  8.863E-02  9.515E-02  9.201E-02  1.022E-01  9.677E-02  9.148E-02  1.020E-01  1.065E-01  1.117E-01  1.251E-01
  1.686E-01  1.572E-01  1.740E-01  1.459E-01  1.260E-01  1.296E-01  1.534E-01  1.501E-01  1.622E-01  2.415E-01
  2.353E-01  1.289E-01  1.067E-01  1.125E-01  8.729E-02  9.401E-02  8.884E-02  9.381E-02  1.365E-01  9.437E-02
  1.029E-01  1.339E-01  1.217E-01  1.436E-01  8.127E-02  9.959E-02  9.611E-02  1.016E-01  1.084E-01  1.418E-01
  1.247E-01  9.243E-02  7.633E-02  9.372E-02  8.067E-02  7.702E-02  9.728E-02  9.547E-02  8.497E-02  8.389E-02
  1.132E-01  9.587E-02  7.633E-02  8.186E-02  7.753E-02  9.702E-02  1.012E-01  8.204E-02  9.806E-02  1.075E-01
  8.462E-02  1.182E-01  9.055E-02  8.429E-02  7.899E-02  8.481E-02  6.987E-02  7.112E-02  8.888E-02  7.629E-02
  6.863E-02  7.051E-02  8.196E-02  7.507E-02  8.371E-02  1.060E-01  7.987E-02  9.373E-02  9.399E-02  9.931E-02
  7.392E-02  7.170E-02  7.295E-02  8.049E-02  9.301E-02  7.531E-02  7.402E-02  6.880E-02  7.093E-02  7.783E-02
  7.973E-02  8.043E-02  8.260E-02  8.386E-02  8.052E-02  8.069E-02  7.343E-02  7.299E-02  7.617E-02  8.123E-02
  8.025E-02  8.296E-02  8.284E-02  8.736E-02  7.909E-02  7.527E-02  8.421E-02  7.921E-02  7.424E-02  7.473E-02
  8.548E-02  8.046E-02  7.620E-02  8.241E-02  8.006E-02  7.704E-02  8.307E-02  8.729E-02  7.930E-02  8.556E-02
  7.844E-02  7.682E-02  7.419E-02  8.348E-02  8.295E-02  7.640E-02  7.833E-02  7.753E-02  8.545E-02  8.337E-02
  8.582E-02  7.722E-02  8.218E-02  7.797E-02  8.454E-02  8.315E-02  8.348E-02  8.135E-02  8.511E-02  8.620E-02
  8.893E-02  8.618E-02  8.486E-02  8.321E-02  8.506E-02  7.951E-02  8.219E-02  8.067E-02  8.659E-02  9.294E-02
  9.060E-02  8.432E-02  8.498E-02  8.908E-02  9.499E-02  8.911E-02  9.223E-02  9.142E-02  8.668E-02  8.691E-02
  9.341E-02  9.038E-02  9.394E-02  9.992E-02  9.301E-02  1.084E-01  9.703E-02  1.101E-01  1.132E-01  1.177E-01
  1.667E-01  1.513E-01  1.639E-01  1.784E-01  1.293E-01  1.474E-01  1.750E-01  1.593E-01  1.545E-01  1.205E-01
  2.597E-01  1.400E-01  1.063E-01  9.909E-02  9.569E-02  9.859E-02  9.988E-02  9.323E-02  1.370E-01  1.122E-01
  1.050E-01  1.325E-01  1.127E-01  1.217E-01  1.014E-01  9.276E-02  9.028E-02  1.270E-01  9.258E-02  1.686E-01
  9.459E-02  8.760E-02  9.728E-02  8.942E-02  7.430E-02  1.009E-01  8.588E-02  8.953E-02  9.217E-02  1.114E-01
  8.283E-02  9.282E-02  8.260E-02  7.396E-02  8.781E-02  9.758E-02  9.875E-02  9.503E-02  8.671E-02  8.940E-02
  9.323E-02  1.024E-01  1.010E-01  7.437E-02  7.837E-02  8.500E-02  6.816E-02  7.574E-02  8.509E-02  7.332E-02
  7.450E-02  7.256E-02  7.519E-02  8.788E-02  8.726E-02  9.384E-02  9.306E-02  1.125E-01  8.793E-02  7.489E-02
  7.417E-02  8.082E-02  8.132E-02  8.801E-02  8.238E-02  7.486E-02  7.459E-02  7.604E-02  7.944E-02  8.232E-02
  7.967E-02  8.445E-02  8.547E-02  8.132E-02  7.741E-02  7.931E-02  7.675E-02  7.297E-02  8.709E-02  8.222E-02
  8.185E-02  8.314E-02  8.289E-02  7.169E-02  8.135E-02  7.597E-02  7.704E-02  7.397E-02  7.973E-02  7.797E-02
  7.284E-02  7.770E-02  7.796E-02  7.857E-02  7.631E-02  8.133E-02  8.702E-02  7.991E-02  8.912E-02  7.722E-02
  7.703E-02  8.021E-02  8.076E-02  8.013E-02  7.823E-02  7.852E-02  7.826E-02  7.706E-02  7.676E-02  7.641E-02
  8.124E-02  8.225E-02  8.095E-02  8.084E-02  8.121E-02  7.992E-02  7.849E-02  7.972E-02  7.829E-02  8.127E-02
  8.325E-02  8.158E-02  7.922E-02  8.119E-02  8.066E-02  8.031E-02  8.386E-02  8.155E-02  8.194E-02  7.946E-02
  8.087E-02  8.193E-02  8.251E-02  9.068E-02  8.883E-02  8.763E-02  8.672E-02  8.498E-02  8.505E-02  8.873E-02
  8.872E-02  9.052E-02  8.459E-02  8.732E-02  1.054E-01  9.896E-02  9.677E-02  9.775E-02  1.110E-01  1.169E-01
  1.715E-01  1.788E-01  1.475E-01  1.655E-01  1.659E-01  1.474E-01  1.603E-01  1.443E-01  1.569E-01  1.195E-01
  2.327E-01  1.082E-01  1.355E-01  1.020E-01  1.105E-01  9.730E-02  1.038E-01  1.222E-01  1.003E-01  1.033E-01
  9.527E-02  1.241E-01  1.105E-01  1.236E-01  1.011E-01  9.620E-02  1.222E-01  9.233E-02  1.139E-01  1.510E-01
  1.008E-01  9.261E-02  1.067E-01  8.485E-02  8.055E-02  1.076E-01  7.275E-02  9.286E-02  1.061E-01  9.669E-02
  9.457E-02  8.428E-02  8.254E-02  9.093E-02  9.587E-02  8.539E-02  1.101E-01  7.753E-02  8.887E-02  9.843E-02
  1.101E-01  1.054E-01  1.177E-01  7.250E-02  8.071E-02  7.672E-02  7.267E-02  7.141E-02  8.504E-02  7.537E-02
  7.358E-02  7.841E-02  9.484E-02  8.356E-02  9.209E-02  9.846E-02  9.783E-02  9.318E-02  8.247E-02  7.737E-02
  8.787E-02  7.707E-02  8.676E-02  7.466E-02  8.374E-02  7.264E-02  8.065E-02  7.672E-02  7.650E-02  7.992E-02
  8.482E-02  8.345E-02  7.684E-02  8.299E-02  7.828E-02  7.264E-02  7.346E-02  7.922E-02  7.955E-02  8.092E-02
  7.389E-02  8.406E-02  7.876E-02  7.683E-02  7.614E-02  7.997E-02  7.286E-02  7.780E-02  7.730E-02  7.385E-02
  7.561E-02  7.643E-02  8.293E-02  7.740E-02  8.229E-02  8.583E-02  7.980E-02  8.176E-02  7.932E-02  7.535E-02
  7.958E-02  8.525E-02  8.164E-02  7.805E-02  7.804E-02  7.218E-02  7.413E-02  7.812E-02  7.892E-02  7.923E-02
  8.270E-02  8.371E-02  7.709E-02  8.615E-02  8.152E-02  8.213E-02  8.015E-02  7.828E-02  8.119E-02  7.812E-02
  8.266E-02  8.886E-02  8.302E-02  8.215E-02  8.186E-02  8.541E-02  8.475E-02  8.164E-02  7.895E-02  8.076E-02
  8.758E-02  8.911E-02  9.133E-02  9.476E-02  9.517E-02  8.630E-02  8.710E-02  8.530E-02  8.289E-02  8.762E-02
  8.297E-02  7.992E-02  9.199E-02  9.902E-02  8.856E-02  9.608E-02  1.018E-01  1.056E-01  1.089E-01  1.186E-01
  3.041E-01  1.776E-01  1.834E-01  1.410E-01  1.471E-01  1.449E-01  1.678E-01  1.563E-01  1.465E-01  1.352E-01
  2.503E-01  1.234E-01  1.089E-01  1.318E-01  1.212E-01  1.119E-01  1.384E-01  1.245E-01  1.082E-01  1.129E-01
  9.540E-02  1.296E-01  1.039E-01  1.179E-01  1.043E-01  9.521E-02  1.037E-01  8.718E-02  1.639E-01  1.261E-01
  1.045E-01  9.955E-02  9.576E-02  7.227E-02  1.034E-01  9.517E-02  8.482E-02  1.038E-01  1.011E-01  8.114E-02
  8.945E-02  9.028E-02  9.644E-02  9.064E-02  8.360E-02  9.721E-02  8.183E-02  7.509E-02  8.878E-02  1.036E-01
  1.060E-01  9.404E-02  1.065E-01  7.835E-02  8.660E-02  7.570E-02  7.714E-02  8.537E-02  7.954E-02  7.674E-02
  9.110E-02  9.509E-02  7.603E-02  9.671E-02  8.938E-02  9.269E-02  9.076E-02  8.473E-02  8.165E-02  8.136E-02
  7.676E-02  9.005E-02  8.262E-02  8.387E-02  8.203E-02  8.174E-02  8.010E-02  8.522E-02  8.608E-02  7.947E-02
  8.423E-02  8.129E-02  8.417E-02  7.683E-02  7.549E-02  8.003E-02  8.158E-02  8.557E-02  7.361E-02  7.131E-02
  7.571E-02  7.966E-02  7.639E-02  7.896E-02  7.858E-02  7.913E-02  7.873E-02  7.102E-02  7.173E-02  7.828E-02
  8.110E-02  7.817E-02  8.060E-02  8.404E-02  7.888E-02  7.480E-02  7.711E-02  8.491E-02  8.011E-02  7.947E-02
  8.421E-02  7.729E-02  7.535E-02  8.077E-02  7.388E-02  8.163E-02  7.917E-02  7.770E-02  7.734E-02  7.864E-02
  8.002E-02  7.720E-02  7.724E-02  7.752E-02  7.945E-02  7.654E-02  8.453E-02  8.479E-02  7.979E-02  8.517E-02
  8.287E-02  8.147E-02  8.892E-02  8.180E-02  8.904E-02  8.484E-02  8.020E-02  7.716E-02  8.576E-02  8.891E-02
  8.875E-02  8.918E-02  9.115E-02  8.890E-02  8.733E-02  8.960E-02  9.127E-02  8.698E-02  8.721E-02  8.762E-02
  9.536E-02  9.098E-02  9.460E-02  9.156E-02  8.663E-02  9.539E-02  1.030E-01  1.075E-01  1.111E-01  1.166E-01
  2.559E-01  1.937E-01  2.013E-01  1.712E-01  1.901E-01  1.510E-01  1.587E-01  1.534E-01  1.556E-01  1.273E-01
  2.364E-01  1.280E-01  1.139E-01  1.177E-01  1.446E-01  9.999E-02  1.209E-01  1.173E-01  1.151E-01  1.071E-01
  1.059E-01  1.188E-01  1.094E-01  1.249E-01  1.147E-01  1.068E-01  8.868E-02  1.054E-01  1.773E-01  1.129E-01
  1.042E-01  1.016E-01  9.127E-02  8.314E-02  1.028E-01  9.961E-02  9.925E-02  8.881E-02  9.124E-02  9.291E-02
  9.812E-02  8.998E-02  9.289E-02  8.151E-02  8.907E-02  8.291E-02  9.304E-02  9.255E-02  7.997E-02  1.036E-01
  8.584E-02  1.086E-01  1.008E-01  8.300E-02  8.747E-02  8.048E-02  8.433E-02  9.762E-02  9.536E-02  8.568E-02
  8.747E-02  8.297E-02  9.353E-02  9.439E-02  8.060E-02  9.553E-02  8.020E-02  9.291E-02  7.943E-02  7.781E-02
  8.677E-02  9.056E-02  8.536E-02  8.470E-02  7.914E-02  8.426E-02  8.345E-02  8.134E-02  8.363E-02  7.729E-02
  8.612E-02  8.091E-02  8.430E-02  7.694E-02  7.915E-02  8.240E-02  7.736E-02  7.722E-02  8.044E-02  7.551E-02
  7.718E-02  7.996E-02  7.962E-02  8.560E-02  8.084E-02  7.690E-02  7.478E-02  8.499E-02  7.632E-02  7.497E-02
  6.846E-02  7.735E-02  7.986E-02  7.741E-02  7.988E-02  8.289E-02  8.595E-02  8.247E-02  8.165E-02  7.929E-02
  8.062E-02  7.713E-02  8.372E-02  8.177E-02  7.918E-02  7.634E-02  7.910E-02  7.431E-02  7.931E-02  7.616E-02
  7.868E-02  8.062E-02  8.167E-02  7.541E-02  7.479E-02  8.445E-02  9.230E-02  8.525E-02  7.844E-02  8.044E-02
  7.846E-02  8.200E-02  9.077E-02  9.108E-02  8.176E-02  7.918E-02  8.181E-02  8.386E-02  8.531E-02  9.218E-02
  8.762E-02  8.589E-02  8.732E-02  8.939E-02  8.794E-02  9.421E-02  8.665E-02  9.334E-02  9.052E-02  8.815E-02
  8.736E-02  8.867E-02  9.663E-02  1.023E-01  1.086E-01  1.046E-01  1.160E-01  1.277E-01  1.341E-01  1.300E-01
  1.861E-01  2.221E-01  2.230E-01  1.802E-01  1.558E-01  1.290E-01  1.563E-01  1.594E-01  1.559E-01  1.339E-01
  2.148E-01  1.804E-01  1.323E-01  1.418E-01  1.336E-01  1.044E-01  1.258E-01  1.246E-01  1.141E-01  9.992E-02
  1.265E-01  1.150E-01  1.241E-01  1.251E-01  1.193E-01  1.041E-01  9.826E-02  1.511E-01  1.191E-01  1.062E-01
  9.835E-02  1.068E-01  9.831E-02  9.909E-02  9.363E-02  1.045E-01  9.739E-02  9.891E-02  9.216E-02  9.357E-02
  9.951E-02  9.338E-02  8.661E-02  9.686E-02  8.786E-02  7.959E-02  1.001E-01  9.588E-02  8.750E-02  1.123E-01
  9.743E-02  9.513E-02  1.046E-01  8.957E-02  8.861E-02  8.968E-02  9.171E-02  1.015E-01  8.630E-02  8.434E-02
  8.835E-02  9.896E-02  9.392E-02  8.191E-02  9.273E-02  9.340E-02  8.356E-02  9.254E-02  8.356E-02  9.807E-02
  9.718E-02  8.701E-02  8.111E-02  8.500E-02  8.408E-02  8.414E-02  8.191E-02  8.500E-02  9.015E-02  9.176E-02
  8.451E-02  8.402E-02  8.208E-02  8.773E-02  8.234E-02  7.691E-02  8.304E-02  9.034E-02  8.149E-02  8.855E-02
  8.072E-02  7.985E-02  8.421E-02  8.436E-02  8.565E-02  8.393E-02  8.056E-02  7.396E-02  7.387E-02  7.208E-02
  7.571E-02  6.986E-02  7.802E-02  8.210E-02  8.446E-02  9.085E-02  8.810E-02  8.357E-02  8.944E-02  8.668E-02
  8.155E-02  7.604E-02  7.758E-02  7.653E-02  7.753E-02  7.921E-02  7.824E-02  7.890E-02  8.024E-02  8.427E-02
  8.296E-02  8.141E-02  8.037E-02  8.109E-02  8.226E-02  8.273E-02  7.945E-02  7.839E-02  7.725E-02  8.357E-02
  8.547E-02  8.996E-02  8.341E-02  8.272E-02  8.324E-02  8.454E-02  8.246E-02  8.644E-02  8.343E-02  8.082E-02
  8.616E-02  8.807E-02  8.635E-02  8.784E-02  8.765E-02  9.147E-02  9.535E-02  9.297E-02  9.460E-02  9.379E-02
  9.560E-02  9.286E-02  9.988E-02  1.050E-01  1.072E-01  1.069E-01  1.097E-01  1.098E-01  1.112E-01  1.081E-01
  1.977E-01  2.193E-01  2.859E-01  1.860E-01  1.624E-01  1.494E-01  1.625E-01  1.551E-01  1.613E-01  1.386E-01
  1.997E-01  1.830E-01  1.565E-01  1.136E-01  1.191E-01  1.398E-01  1.333E-01  1.265E-01  1.201E-01  1.338E-01
  1.269E-01  1.397E-01  1.336E-01  1.097E-01  1.172E-01  1.293E-01  1.070E-01  1.439E-01  1.156E-01  1.051E-01
  1.022E-01  1.087E-01  9.719E-02  1.026E-01  1.060E-01  1.069E-01  9.922E-02  1.011E-01  1.082E-01  9.719E-02
  9.666E-02  1.029E-01  9.601E-02  9.602E-02  8.629E-02  1.030E-01  9.268E-02  9.913E-02  1.028E-01  1.033E-01
  1.147E-01  8.761E-02  1.102E-01  9.497E-02  1.060E-01  9.423E-02  1.040E-01  9.266E-02  9.489E-02  9.530E-02
  9.790E-02  9.340E-02  9.426E-02  9.348E-02  9.221E-02  9.543E-02  9.573E-02  1.064E-01  1.026E-01  9.713E-02
  9.443E-02  8.328E-02  9.173E-02  9.562E-02  9.073E-02  9.230E-02  9.574E-02  9.643E-02  9.931E-02  9.037E-02
  8.528E-02  9.139E-02  8.493E-02  7.968E-02  8.944E-02  8.334E-02  9.266E-02  9.017E-02  8.726E-02  8.749E-02
  8.568E-02  8.983E-02  8.827E-02  8.915E-02  9.162E-02  8.271E-02  7.398E-02  7.752E-02  8.030E-02  7.219E-02
  8.041E-02  8.148E-02  8.280E-02  9.115E-02  9.142E-02  8.695E-02  8.616E-02  8.606E-02  8.666E-02  7.867E-02
  7.720E-02  7.563E-02  8.045E-02  7.956E-02  8.136E-02  8.041E-02  8.479E-02  8.148E-02  8.929E-02  9.426E-02
  8.775E-02  8.634E-02  7.998E-02  8.175E-02  7.709E-02  8.660E-02  8.621E-02  8.389E-02  8.789E-02  9.166E-02
  9.879E-02  9.193E-02  8.681E-02  8.322E-02  8.601E-02  9.032E-02  8.958E-02  8.616E-02  8.854E-02  8.662E-02
  9.119E-02  9.421E-02  8.847E-02  9.418E-02  1.023E-01  9.979E-02  9.865E-02  9.264E-02  9.321E-02  9.889E-02
  1.008E-01  1.054E-01  9.859E-02  9.357E-02  1.048E-01  1.006E-01  1.017E-01  1.049E-01  1.110E-01  1.091E-01
  4.484E-01  2.167E-01  3.343E-01  1.739E-01  1.724E-01  1.693E-01  1.533E-01  1.473E-01  1.537E-01  1.489E-01
  1.940E-01  1.815E-01  1.559E-01  1.289E-01  1.318E-01  1.327E-01  1.516E-01  1.415E-01  1.314E-01  1.365E-01
  1.396E-01  1.392E-01  1.357E-01  1.258E-01  1.310E-01  1.252E-01  1.645E-01  1.188E-01  1.174E-01  1.055E-01
  1.175E-01  1.197E-01  1.116E-01  1.159E-01  1.048E-01  1.097E-01  1.214E-01  1.051E-01  1.203E-01  1.150E-01
  1.051E-01  1.027E-01  1.215E-01  9.861E-02  1.127E-01  9.777E-02  1.030E-01  1.102E-01  1.079E-01  1.137E-01
  1.135E-01  1.014E-01  1.084E-01  1.114E-01  1.218E-01  1.116E-01  9.511E-02  1.016E-01  1.000E-01  1.002E-01
  9.578E-02  9.907E-02  1.050E-01  1.106E-01  1.111E-01  1.224E-01  1.170E-01  1.106E-01  9.869E-02  1.039E-01
  1.071E-01  1.091E-01  9.549E-02  8.837E-02  9.770E-02  1.004E-01  1.022E-01  9.444E-02  9.263E-02  8.655E-02
  9.609E-02  9.862E-02  1.043E-01  9.545E-02  9.082E-02  1.028E-01  9.317E-02  8.983E-02  8.886E-02  9.665E-02
  9.438E-02  9.644E-02  9.029E-02  9.583E-02  9.004E-02  8.818E-02  8.564E-02  8.968E-02  8.564E-02  8.543E-02
  8.518E-02  8.942E-02  9.446E-02  9.342E-02  9.616E-02  9.336E-02  9.158E-02  8.866E-02  8.671E-02  8.678E-02
  8.304E-02  8.361E-02  7.846E-02  8.821E-02  8.741E-02  9.521E-02  1.025E-01  9.759E-02  9.357E-02  9.218E-02
  9.041E-02  8.667E-02  9.100E-02  8.922E-02  8.678E-02  9.383E-02  9.282E-02  9.508E-02  9.851E-02  1.001E-01
  9.199E-02  1.009E-01  9.550E-02  1.006E-01  1.019E-01  9.332E-02  9.104E-02  9.058E-02  9.828E-02  1.026E-01
  9.774E-02  9.924E-02  9.908E-02  9.998E-02  9.872E-02  1.056E-01  1.023E-01  9.887E-02  9.824E-02  1.011E-01
  9.684E-02  9.771E-02  9.968E-02  1.002E-01  9.932E-02  1.011E-01  1.029E-01  1.130E-01  1.001E-01  1.104E-01
  6.276E-01  2.601E-01  2.478E-01  1.721E-01  1.723E-01  1.677E-01  1.533E-01  1.493E-01  1.341E-01  1.444E-01
  1.770E-01  2.067E-01  1.475E-01  1.398E-01  1.433E-01  1.318E-01  1.357E-01  1.332E-01  1.530E-01  1.357E-01
  1.323E-01  1.497E-01  1.321E-01  1.278E-01  1.316E-01  1.153E-01  1.350E-01  1.171E-01  1.123E-01  1.110E-01
  1.157E-01  1.249E-01  1.205E-01  1.118E-01  1.133E-01  1.160E-01  1.203E-01  1.252E-01  1.190E-01  1.182E-01
  1.163E-01  1.161E-01  1.052E-01  1.089E-01  1.130E-01  1.205E-01  1.169E-01  1.072E-01  1.223E-01  1.150E-01
  1.120E-01  1.182E-01  1.276E-01  1.251E-01  1.054E-01  1.130E-01  1.051E-01  1.100E-01  1.147E-01  1.075E-01
  1.109E-01  1.038E-01  1.344E-01  1.131E-01  1.185E-01  1.261E-01  1.150E-01  1.101E-01  1.201E-01  1.035E-01
  1.128E-01  9.752E-02  9.620E-02  1.025E-01  9.636E-02  1.052E-01  9.652E-02  1.003E-01  9.998E-02  1.021E-01
  1.049E-01  9.808E-02  9.607E-02  1.007E-01  9.887E-02  9.198E-02  9.291E-02  9.808E-02  9.068E-02  9.362E-02
  1.006E-01  9.795E-02  9.467E-02  1.001E-01  1.030E-01  1.029E-01  9.248E-02  8.726E-02  9.145E-02  9.495E-02
  9.865E-02  1.060E-01  9.747E-02  1.029E-01  1.020E-01  9.871E-02  1.029E-01  9.778E-02  9.183E-02  8.740E-02
  9.588E-02  1.030E-01  9.971E-02  9.581E-02  9.740E-02  1.049E-01  1.034E-01  1.069E-01  1.100E-01  1.051E-01
  1.038E-01  9.494E-02  9.393E-02  9.011E-02  9.652E-02  9.371E-02  9.489E-02  1.028E-01  1.045E-01  1.051E-01
  1.068E-01  1.093E-01  1.107E-01  1.060E-01  9.817E-02  9.622E-02  1.020E-01  1.038E-01  1.049E-01  1.233E-01
  1.033E-01  1.010E-01  1.128E-01  1.122E-01  1.127E-01  1.134E-01  1.099E-01  1.054E-01  1.034E-01  1.034E-01
  1.026E-01  1.016E-01  1.042E-01  1.014E-01  1.076E-01  9.814E-02  9.892E-02  1.059E-01  1.029E-01  1.076E-01
  7.065E-01  3.365E-01  2.266E-01  1.706E-01  1.660E-01  1.618E-01  1.529E-01  1.489E-01  1.340E-01  1.875E-01
  1.780E-01  1.814E-01  1.465E-01  1.302E-01  1.266E-01  1.332E-01  1.418E-01  1.313E-01  1.360E-01  1.334E-01
  1.441E-01  1.401E-01  1.248E-01  1.239E-01  1.232E-01  1.272E-01  1.124E-01  1.133E-01  1.102E-01  1.124E-01
  1.179E-01  1.095E-01  1.132E-01  1.144E-01  1.322E-01  1.071E-01  1.130E-01  1.129E-01  1.096E-01  1.093E-01
  1.130E-01  1.234E-01  1.078E-01  1.085E-01  1.070E-01  1.190E-01  1.059E-01  1.018E-01  1.251E-01  1.160E-01
  1.202E-01  1.214E-01  1.169E-01  1.319E-01  1.061E-01  1.101E-01  1.043E-01  1.009E-01  9.827E-02  1.012E-01
  1.018E-01  1.202E-01  1.002E-01  1.042E-01  1.380E-01  1.036E-01  1.150E-01  1.109E-01  1.045E-01  1.144E-01
  9.773E-02  9.819E-02  9.798E-02  9.864E-02  9.486E-02  9.769E-02  1.240E-01  1.000E-01  1.000E-01  1.087E-01
  9.698E-02  9.261E-02  9.228E-02  9.676E-02  1.030E-01  8.808E-02  9.480E-02  9.066E-02  9.619E-02  1.121E-01
  9.506E-02  9.360E-02  1.050E-01  9.521E-02  9.889E-02  1.016E-01  9.646E-02  9.318E-02  9.515E-02  1.034E-01
  9.757E-02  1.017E-01  9.953E-02  1.001E-01  1.042E-01  1.061E-01  9.851E-02  1.004E-01  9.834E-02  1.006E-01
  9.415E-02  9.311E-02  9.724E-02  9.556E-02  1.014E-01  9.152E-02  1.038E-01  9.443E-02  1.113E-01  1.050E-01
  1.083E-01  9.964E-02  9.188E-02  9.308E-02  8.887E-02  9.565E-02  9.347E-02  1.006E-01  9.217E-02  1.037E-01
  9.774E-02  1.003E-01  1.064E-01  1.013E-01  1.022E-01  1.043E-01  1.052E-01  1.070E-01  1.125E-01  1.095E-01
  1.175E-01  1.132E-01  1.071E-01  9.980E-02  1.013E-01  1.077E-01  1.042E-01  1.036E-01  9.849E-02  1.012E-01
  1.053E-01  1.025E-01  9.812E-02  9.461E-02  9.494E-02  9.947E-02  1.008E-01  1.113E-01  1.102E-01  1.209E-01
  6.737E-01  2.575E-01  1.806E-01  1.807E-01  1.458E-01  1.537E-01  1.280E-01  1.337E-01  1.502E-01  1.253E-01
  1.486E-01  1.563E-01  1.358E-01  1.340E-01  1.236E-01  1.349E-01  1.242E-01  1.224E-01  1.147E-01  1.187E-01
  1.342E-01  1.229E-01  1.097E-01  1.124E-01  1.171E-01  1.233E-01  1.128E-01  1.026E-01  1.104E-01  1.352E-01
  1.175E-01  1.017E-01  1.049E-01  1.092E-01  1.113E-01  1.022E-01  9.739E-02  1.085E-01  1.087E-01  9.625E-02
  1.011E-01  1.020E-01  1.138E-01  9.706E-02  1.031E-01  9.718E-02  1.101E-01  1.192E-01  1.136E-01  1.133E-01
  1.062E-01  1.066E-01  1.068E-01  1.110E-01  9.763E-02  1.017E-01  8.903E-02  9.529E-02  1.158E-01  1.035E-01
  9.641E-02  1.064E-01  1.078E-01  1.102E-01  1.027E-01  1.101E-01  1.007E-01  1.030E-01  9.705E-02  9.248E-02
  8.935E-02  9.016E-02  9.681E-02  9.346E-02  9.457E-02  8.912E-02  9.694E-02  1.169E-01  9.836E-02  1.052E-01
  1.018E-01  9.322E-02  9.446E-02  9.342E-02  9.379E-02  8.957E-02  9.302E-02  9.558E-02  8.977E-02  8.915E-02
  1.047E-01  9.509E-02  1.030E-01  9.869E-02  9.949E-02  9.573E-02  1.021E-01  1.070E-01  9.904E-02  1.041E-01
  9.635E-02  9.748E-02  1.014E-01  9.767E-02  9.501E-02  9.937E-02  1.069E-01  9.720E-02  9.407E-02  9.342E-02
  9.118E-02  9.464E-02  9.161E-02  9.435E-02  8.866E-02  8.929E-02  8.796E-02  9.152E-02  9.186E-02  9.795E-02
  1.008E-01  9.566E-02  9.126E-02  8.927E-02  8.794E-02  8.740E-02  9.444E-02  9.732E-02  9.543E-02  1.057E-01
  1.115E-01  1.072E-01  1.130E-01  1.061E-01  1.007E-01  9.512E-02  9.273E-02  9.661E-02  8.940E-02  9.617E-02
  9.953E-02  1.112E-01  9.381E-02  9.301E-02  1.006E-01  9.930E-02  1.024E-01  1.012E-01  9.871E-02  9.776E-02
  9.426E-02  9.363E-02  9.557E-02  1.007E-01  9.521E-02  9.393E-02  9.261E-02  1.004E-01  1.063E-01  1.168E-01
  6.797E-01  2.650E-01  1.695E-01  1.494E-01  1.514E-01  1.578E-01  1.451E-01  1.262E-01  1.258E-01  1.460E-01
  1.300E-01  1.383E-01  1.282E-01  1.356E-01  1.170E-01  1.189E-01  1.126E-01  1.098E-01  1.139E-01  1.198E-01
  1.088E-01  1.046E-01  1.016E-01  1.105E-01  1.034E-01  1.150E-01  1.183E-01  1.153E-01  1.100E-01  1.194E-01
  9.210E-02  9.390E-02  9.345E-02  8.814E-02  9.475E-02  9.573E-02  9.659E-02  9.027E-02  9.052E-02  9.651E-02
  9.575E-02  9.651E-02  9.831E-02  9.109E-02  9.513E-02  9.573E-02  9.601E-02  1.070E-01  9.340E-02  9.393E-02
  1.005E-01  9.219E-02  1.006E-01  9.151E-02  8.845E-02  8.463E-02  8.674E-02  8.680E-02  9.662E-02  9.437E-02
  8.928E-02  9.598E-02  1.100E-01  9.571E-02  9.970E-02  1.036E-01  9.883E-02  9.609E-02  9.752E-02  9.384E-02
  9.072E-02  8.617E-02  8.674E-02  8.588E-02  8.550E-02  8.825E-02  9.045E-02  9.198E-02  9.299E-02  9.419E-02
  1.018E-01  9.518E-02  9.386E-02  8.801E-02  8.282E-02  8.887E-02  8.650E-02  8.775E-02  8.445E-02  8.815E-02
  8.899E-02  1.006E-01  9.621E-02  1.036E-01  9.725E-02  9.632E-02  8.634E-02  9.166E-02  8.442E-02  8.456E-02
  8.782E-02  9.885E-02  1.004E-01  1.069E-01  1.030E-01  9.602E-02  9.334E-02  9.944E-02  9.190E-02  9.034E-02
  9.162E-02  8.692E-02  8.721E-02  8.709E-02  8.413E-02  9.022E-02  8.758E-02  9.661E-02  9.984E-02  9.589E-02
  9.533E-02  9.908E-02  9.457E-02  9.662E-02  8.996E-02  9.296E-02  9.128E-02  9.658E-02  9.574E-02  1.023E-01
  1.010E-01  1.125E-01  1.075E-01  9.377E-02  8.978E-02  9.277E-02  9.084E-02  9.667E-02  9.654E-02  9.959E-02
  1.144E-01  1.098E-01  1.028E-01  1.111E-01  1.018E-01  1.035E-01  9.766E-02  9.269E-02  9.242E-02  9.416E-02
  9.073E-02  9.785E-02  1.001E-01  9.743E-02  9.428E-02  9.920E-02  1.103E-01  1.147E-01  1.205E-01  1.271E-01
  4.252E-01  1.743E-01  1.797E-01  1.209E-01  1.240E-01  1.268E-01  1.405E-01  1.186E-01  1.134E-01  1.238E-01
  1.325E-01  1.204E-01  1.130E-01  1.093E-01  1.127E-01  1.075E-01  9.465E-02  1.083E-01  1.219E-01  1.102E-01
  9.479E-02  9.662E-02  9.749E-02  1.061E-01  1.060E-01  1.017E-01  1.061E-01  9.405E-02  9.616E-02  8.976E-02
  8.373E-02  9.632E-02  8.580E-02  8.465E-02  8.498E-02  8.457E-02  9.037E-02  8.485E-02  8.388E-02  8.675E-02
  9.556E-02  9.132E-02  8.830E-02  8.487E-02  8.247E-02  8.439E-02  8.750E-02  8.555E-02  9.384E-02  9.718E-02
  9.321E-02  9.049E-02  9.878E-02  8.489E-02  8.439E-02  8.501E-02  8.723E-02  8.535E-02  8.328E-02  8.871E-02
  8.859E-02  8.192E-02  9.738E-02  9.713E-02  9.703E-02  9.287E-02  9.831E-02  9.275E-02  8.766E-02  8.704E-02
  8.252E-02  8.264E-02  8.239E-02  8.129E-02  8.274E-02  9.027E-02  8.558E-02  9.241E-02  9.250E-02  8.667E-02
  8.939E-02  8.240E-02  7.838E-02  8.040E-02  8.346E-02  8.697E-02  8.336E-02  9.236E-02  8.548E-02  8.804E-02
  8.508E-02  9.449E-02  9.914E-02  8.927E-02  8.903E-02  8.390E-02  7.954E-02  8.776E-02  8.378E-02  8.786E-02
  8.954E-02  8.864E-02  8.727E-02  8.406E-02  8.825E-02  8.995E-02  9.211E-02  9.978E-02  9.118E-02  8.925E-02
  8.525E-02  8.476E-02  8.439E-02  9.401E-02  9.114E-02  8.759E-02  9.560E-02  8.874E-02  9.280E-02  9.536E-02
  8.666E-02  9.640E-02  9.382E-02  8.930E-02  8.771E-02  9.370E-02  8.978E-02  9.135E-02  8.876E-02  9.537E-02
  9.908E-02  9.560E-02  9.944E-02  9.784E-02  9.153E-02  9.313E-02  9.837E-02  1.026E-01  9.650E-02  1.015E-01
  9.899E-02  9.424E-02  9.463E-02  9.316E-02  9.680E-02  9.485E-02  1.007E-01  9.094E-02  9.485E-02  9.153E-02
  9.714E-02  9.533E-02  9.663E-02  9.272E-02  9.613E-02  1.032E-01  1.048E-01  1.092E-01  1.072E-01  1.074E-01
  4.436E-01  1.534E-01  1.517E-01  1.530E-01  1.221E-01  1.125E-01  1.230E-01  1.174E-01  1.107E-01  1.127E-01
  1.090E-01  1.138E-01  1.021E-01  9.720E-02  1.003E-01  9.358E-02  9.194E-02  1.010E-01  9.708E-02  9.766E-02
  8.468E-02  9.058E-02  9.176E-02  8.779E-02  9.240E-02  9.238E-02  9.106E-02  9.505E-02  9.894E-02  8.755E-02
  8.187E-02  8.700E-02  7.894E-02  8.082E-02  7.971E-02  7.762E-02  8.334E-02  7.699E-02  8.635E-02  8.576E-02
  8.648E-02  8.158E-02  7.904E-02  8.085E-02  8.007E-02  7.745E-02  7.538E-02  8.056E-02  7.596E-02  8.393E-02
  7.991E-02  8.755E-02  8.333E-02  8.546E-02  8.674E-02  8.920E-02  7.865E-02  8.409E-02  8.543E-02  8.708E-02
  8.323E-02  8.016E-02  8.373E-02  8.549E-02  9.343E-02  9.767E-02  8.964E-02  8.908E-02  8.976E-02  7.701E-02
  8.210E-02  8.649E-02  7.881E-02  7.987E-02  8.090E-02  8.522E-02  9.720E-02  8.702E-02  9.272E-02  9.061E-02
  8.986E-02  8.327E-02  7.794E-02  7.954E-02  8.396E-02  7.931E-02  7.989E-02  8.921E-02  8.510E-02  8.457E-02
  8.773E-02  8.930E-02  8.672E-02  8.813E-02  8.205E-02  7.967E-02  8.078E-02  8.153E-02  9.197E-02  7.717E-02
  7.748E-02  8.430E-02  9.079E-02  8.293E-02  8.741E-02  8.970E-02  8.959E-02  9.298E-02  8.370E-02  7.901E-02
  8.071E-02  8.419E-02  7.972E-02  8.813E-02  8.291E-02  8.314E-02  9.370E-02  9.485E-02  9.025E-02  9.346E-02
  9.598E-02  9.130E-02  9.105E-02  9.119E-02  8.832E-02  8.830E-02  9.372E-02  8.542E-02  8.819E-02  9.381E-02
  9.375E-02  9.385E-02  9.160E-02  8.890E-02  8.677E-02  9.459E-02  9.775E-02  9.301E-02  9.228E-02  9.475E-02
  9.021E-02  9.244E-02  8.869E-02  9.577E-02  9.629E-02  1.026E-01  9.816E-02  9.243E-02  9.418E-02  9.608E-02
  9.520E-02  9.501E-02  9.259E-02  9.219E-02  9.622E-02  9.393E-02  9.240E-02  9.844E-02  1.105E-01  1.101E-01
  3.959E-01  1.470E-01  1.358E-01  1.251E-01  1.273E-01  1.216E-01  9.564E-02  9.793E-02  1.023E-01  1.271E-01
  1.086E-01  1.112E-01  1.056E-01  9.032E-02  9.889E-02  9.492E-02  8.814E-02  8.516E-02  8.382E-02  8.780E-02
  8.856E-02  8.285E-02  8.764E-02  9.139E-02  8.501E-02  8.944E-02  1.015E-01  8.631E-02  8.496E-02  9.133E-02
  7.304E-02  7.550E-02  7.757E-02  7.561E-02  7.988E-02  7.830E-02  8.389E-02  8.010E-02  7.841E-02  7.998E-02
  7.960E-02  7.638E-02  7.980E-02  7.426E-02  8.257E-02  7.238E-02  7.613E-02  7.578E-02  7.873E-02  7.759E-02
  8.662E-02  8.565E-02  7.965E-02  8.272E-02  8.398E-02  7.724E-02  7.549E-02  7.677E-02  8.345E-02  8.024E-02
  7.744E-02  7.636E-02  8.033E-02  8.339E-02  8.831E-02  8.563E-02  8.435E-02  8.077E-02  8.161E-02  7.800E-02
  7.751E-02  8.133E-02  7.731E-02  8.506E-02  8.209E-02  8.295E-02  8.039E-02  8.073E-02  8.323E-02  9.383E-02
  8.885E-02  8.491E-02  7.928E-02  7.196E-02  7.312E-02  7.997E-02  8.143E-02  8.085E-02  7.808E-02  7.698E-02
  7.977E-02  8.521E-02  8.958E-02  8.452E-02  7.775E-02  8.130E-02  7.848E-02  7.257E-02  7.487E-02  7.883E-02
  7.861E-02  7.733E-02  8.121E-02  8.396E-02  9.634E-02  8.322E-02  8.990E-02  8.379E-02  8.069E-02  8.392E-02
  8.781E-02  8.030E-02  8.076E-02  7.831E-02  9.374E-02  9.251E-02  9.397E-02  9.873E-02  9.648E-02  1.005E-01
  9.023E-02  8.397E-02  8.226E-02  8.322E-02  8.910E-02  8.462E-02  8.668E-02  8.523E-02  8.829E-02  8.894E-02
  9.432E-02  8.656E-02  8.720E-02  8.798E-02  8.913E-02  8.741E-02  8.901E-02  8.879E-02  8.975E-02  8.463E-02
  8.891E-02  8.751E-02  9.026E-02  9.274E-02  9.478E-02  1.005E-01  1.004E-01  9.510E-02  9.457E-02  8.932E-02
  9.693E-02  8.784E-02  8.776E-02  9.092E-02  9.632E-02  1.028E-01  9.938E-02  9.291E-02  1.035E-01  1.154E-01
  3.868E-01  1.313E-01  1.349E-01  1.108E-01  1.510E-01  1.717E-01  1.044E-01  1.178E-01  9.280E-02  1.223E-01
  9.022E-02  9.084E-02  9.454E-02  1.001E-01  9.725E-02  8.492E-02  8.390E-02  8.266E-02  8.570E-02  8.250E-02
  7.967E-02  8.510E-02  8.038E-02  8.160E-02  7.794E-02  8.385E-02  7.574E-02  8.083E-02  7.775E-02  8.862E-02
  7.556E-02  7.887E-02  7.153E-02  7.330E-02  7.765E-02  6.664E-02  7.052E-02  7.483E-02  7.987E-02  7.412E-02
  7.332E-02  7.678E-02  7.701E-02  7.934E-02  7.020E-02  6.745E-02  6.997E-02  7.223E-02  7.232E-02  7.232E-02
  8.314E-02  7.777E-02  7.476E-02  8.465E-02  8.164E-02  7.159E-02  7.522E-02  7.778E-02  7.385E-02  7.709E-02
  7.086E-02  7.309E-02  7.411E-02  7.507E-02  7.829E-02  7.823E-02  7.717E-02  7.549E-02  7.821E-02  7.859E-02
  7.010E-02  7.661E-02  7.570E-02  7.837E-02  7.400E-02  7.639E-02  7.539E-02  8.125E-02  8.865E-02  8.296E-02
  8.061E-02  7.708E-02  7.492E-02  7.084E-02  7.132E-02  7.432E-02  7.167E-02  7.371E-02  7.593E-02  7.985E-02
  8.021E-02  8.148E-02  7.650E-02  7.359E-02  7.606E-02  7.538E-02  7.544E-02  7.450E-02  7.402E-02  7.909E-02
  8.020E-02  7.430E-02  7.854E-02  8.235E-02  7.852E-02  8.677E-02  8.358E-02  8.031E-02  8.016E-02  8.004E-02
  8.412E-02  8.150E-02  8.546E-02  9.259E-02  8.645E-02  8.770E-02  8.895E-02  8.847E-02  8.877E-02  8.513E-02
  8.594E-02  8.303E-02  7.911E-02  7.675E-02  7.964E-02  8.085E-02  8.318E-02  9.575E-02  8.629E-02  8.882E-02
  8.870E-02  8.800E-02  9.404E-02  8.666E-02  8.517E-02  8.528E-02  8.011E-02  8.239E-02  8.642E-02  8.944E-02
  9.215E-02  9.047E-02  8.515E-02  8.865E-02  9.358E-02  9.077E-02  9.640E-02  8.993E-02  8.780E-02  9.034E-02
  9.291E-02  8.786E-02  8.287E-02  8.935E-02  9.083E-02  9.075E-02  9.188E-02  1.039E-01  1.084E-01  1.218E-01
  2.860E-01  1.250E-01  1.213E-01  1.051E-01  1.456E-01  1.076E-01  9.796E-02  1.114E-01  1.086E-01  1.084E-01
  8.683E-02  8.653E-02  9.086E-02  9.002E-02  9.228E-02  8.599E-02  8.895E-02  7.967E-02  8.289E-02  8.692E-02
  8.366E-02  8.381E-02  7.991E-02  7.816E-02  7.525E-02  7.051E-02  7.970E-02  8.536E-02  7.744E-02  7.210E-02
  7.378E-02  6.983E-02  6.930E-02  6.546E-02  6.841E-02  6.819E-02  6.696E-02  7.116E-02  6.892E-02  7.725E-02
  7.474E-02  7.125E-02  7.824E-02  6.810E-02  6.256E-02  7.145E-02  6.900E-02  7.006E-02  7.273E-02  7.273E-02
  7.427E-02  7.617E-02  7.578E-02  7.077E-02  7.034E-02  7.260E-02  7.083E-02  7.695E-02  7.460E-02  6.890E-02
  6.960E-02  7.486E-02  7.474E-02  7.705E-02  8.066E-02  7.549E-02  7.715E-02  7.914E-02  7.530E-02  7.611E-02
  7.333E-02  7.321E-02  7.153E-02  7.506E-02  7.921E-02  7.555E-02  7.336E-02  7.791E-02  7.613E-02  7.739E-02
  7.635E-02  7.092E-02  7.254E-02  6.977E-02  7.385E-02  7.707E-02  7.160E-02  8.534E-02  7.474E-02  7.757E-02
  7.142E-02  7.062E-02  8.180E-02  7.839E-02  7.500E-02  7.627E-02  7.621E-02  7.116E-02  6.903E-02  7.191E-02
  7.386E-02  7.649E-02  8.113E-02  8.483E-02  8.312E-02  8.040E-02  8.399E-02  8.559E-02  8.375E-02  8.499E-02
  8.359E-02  8.341E-02  8.170E-02  7.666E-02  7.637E-02  7.821E-02  7.860E-02  8.728E-02  8.893E-02  9.284E-02
  9.014E-02  8.563E-02  8.173E-02  8.115E-02  8.258E-02  8.183E-02  8.404E-02  8.445E-02  8.262E-02  8.104E-02
  8.419E-02  8.150E-02  8.217E-02  8.460E-02  7.971E-02  7.876E-02  8.339E-02  8.454E-02  8.651E-02  8.460E-02
  8.783E-02  8.669E-02  8.245E-02  8.746E-02  9.072E-02  9.422E-02  9.596E-02  8.689E-02  8.677E-02  8.550E-02
  8.486E-02  8.356E-02  8.420E-02  8.761E-02  8.933E-02  9.005E-02  9.194E-02  9.357E-02  9.632E-02  1.086E-01
  3.109E-01  1.315E-01  1.122E-01  1.049E-01  1.284E-01  1.062E-01  8.858E-02  8.420E-02  9.875E-02  9.367E-02
  8.029E-02  8.912E-02  8.792E-02  8.607E-02  7.739E-02  8.205E-02  7.889E-02  7.742E-02  7.714E-02  8.473E-02
  7.493E-02  7.666E-02  7.469E-02  7.175E-02  6.857E-02  6.931E-02  6.844E-02  8.007E-02  7.188E-02  6.871E-02
  6.611E-02  6.476E-02  6.123E-02  6.460E-02  6.618E-02  6.260E-02  7.031E-02  6.746E-02  6.875E-02  7.684E-02
  7.300E-02  7.071E-02  6.556E-02  6.300E-02  6.649E-02  6.368E-02  6.680E-02  6.995E-02  6.707E-02  7.420E-02
  6.950E-02  6.995E-02  7.544E-02  7.164E-02  6.983E-02  6.798E-02  6.795E-02  6.852E-02  6.780E-02  6.407E-02
  7.058E-02  7.020E-02  7.241E-02  7.581E-02  8.036E-02  7.704E-02  7.207E-02  7.011E-02  7.100E-02  6.661E-02
  6.615E-02  6.714E-02  7.001E-02  7.633E-02  6.320E-02  6.543E-02  6.875E-02  7.076E-02  7.506E-02  7.473E-02
  8.027E-02  7.093E-02  6.959E-02  6.964E-02  6.646E-02  6.769E-02  6.934E-02  7.421E-02  7.096E-02  7.260E-02
  7.078E-02  7.217E-02  7.264E-02  7.752E-02  7.293E-02  7.193E-02  7.137E-02  7.704E-02  7.117E-02  7.505E-02
  7.813E-02  7.140E-02  7.874E-02  8.861E-02  8.892E-02  8.982E-02  8.592E-02  8.974E-02  8.888E-02  8.090E-02
  7.737E-02  7.495E-02  7.482E-02  7.630E-02  7.870E-02  8.066E-02  7.838E-02  8.646E-02  8.936E-02  9.565E-02
  8.737E-02  7.683E-02  7.660E-02  7.611E-02  7.751E-02  7.487E-02  7.654E-02  7.954E-02  8.443E-02  8.442E-02
  7.822E-02  8.473E-02  8.224E-02  8.136E-02  8.955E-02  8.127E-02  7.811E-02  8.032E-02  8.165E-02  8.358E-02
  8.596E-02  8.566E-02  8.818E-02  9.252E-02  9.458E-02  8.928E-02  8.814E-02  8.444E-02  8.345E-02  8.633E-02
  9.053E-02  8.873E-02  8.994E-02  8.216E-02  8.472E-02  8.709E-02  8.593E-02  9.324E-02  9.404E-02  1.005E-01
  2.841E-01  1.544E-01  1.046E-01  9.881E-02  1.160E-01  9.723E-02  8.768E-02  8.556E-02  9.061E-02  8.421E-02
  7.441E-02  8.063E-02  8.044E-02  8.204E-02  7.319E-02  8.212E-02  7.116E-02  6.897E-02  7.713E-02  6.631E-02
  6.604E-02  7.019E-02  6.539E-02  7.292E-02  6.635E-02  7.001E-02  6.690E-02  7.483E-02  6.565E-02  6.547E-02
  6.412E-02  5.966E-02  5.698E-02  6.053E-02  6.483E-02  6.365E-02  6.149E-02  6.530E-02  6.388E-02  6.417E-02
  6.146E-02  5.897E-02  6.073E-02  5.905E-02  6.515E-02  6.242E-02  6.003E-02  6.579E-02  6.799E-02  6.466E-02
  6.615E-02  7.171E-02  6.796E-02  6.428E-02  6.606E-02  6.376E-02  6.333E-02  6.436E-02  6.346E-02  6.316E-02
  6.306E-02  6.475E-02  6.900E-02  6.774E-02  6.929E-02  7.184E-02  6.679E-02  6.577E-02  6.502E-02  6.833E-02
  6.192E-02  6.520E-02  6.492E-02  7.328E-02  6.759E-02  7.183E-02  6.576E-02  6.936E-02  7.169E-02  7.185E-02
  7.131E-02  7.058E-02  6.849E-02  6.844E-02  6.710E-02  6.868E-02  7.052E-02  6.824E-02  6.914E-02  7.138E-02
  7.338E-02  7.495E-02  7.141E-02  7.378E-02  7.399E-02  6.931E-02  7.262E-02  7.445E-02  8.727E-02  9.315E-02
  8.667E-02  7.917E-02  7.859E-02  8.052E-02  8.729E-02  7.650E-02  7.711E-02  7.543E-02  7.569E-02  7.708E-02
  7.605E-02  7.782E-02  8.103E-02  8.117E-02  7.636E-02  8.030E-02  7.856E-02  8.228E-02  8.099E-02  8.628E-02
  8.509E-02  8.261E-02  7.843E-02  7.526E-02  8.231E-02  7.517E-02  7.782E-02  7.801E-02  7.558E-02  7.850E-02
  7.595E-02  7.706E-02  8.050E-02  8.070E-02  8.079E-02  8.190E-02  8.146E-02  8.805E-02  8.341E-02  8.226E-02
  7.919E-02  8.373E-02  7.791E-02  8.176E-02  8.607E-02  8.434E-02  8.390E-02  8.000E-02  8.297E-02  8.341E-02
  8.443E-02  8.560E-02  8.412E-02  9.193E-02  8.644E-02  8.525E-02  8.491E-02  9.019E-02  9.470E-02  9.911E-02
  2.640E-01  1.660E-01  1.104E-01  9.245E-02  1.059E-01  8.751E-02  9.119E-02  9.398E-02  8.911E-02  8.155E-02
  7.657E-02  7.365E-02  7.667E-02  6.734E-02  7.000E-02  8.183E-02  7.005E-02  6.912E-02  7.522E-02  6.813E-02
  6.723E-02  6.400E-02  6.043E-02  6.631E-02  6.424E-02  6.666E-02  6.850E-02  6.950E-02  6.671E-02  5.917E-02
  5.723E-02  5.507E-02  5.732E-02  5.637E-02  6.273E-02  6.339E-02  6.037E-02  6.188E-02  6.132E-02  5.826E-02
  6.580E-02  5.922E-02  6.343E-02  6.392E-02  5.624E-02  6.215E-02  6.490E-02  5.787E-02  6.734E-02  6.515E-02
  6.423E-02  6.309E-02  6.259E-02  6.637E-02  6.397E-02  6.427E-02  6.598E-02  6.160E-02  6.242E-02  6.375E-02
  6.159E-02  6.493E-02  6.501E-02  7.070E-02  6.847E-02  6.601E-02  6.418E-02  6.919E-02  6.245E-02  6.234E-02
  6.112E-02  6.331E-02  6.271E-02  6.333E-02  6.219E-02  6.208E-02  7.048E-02  6.824E-02  6.618E-02  6.690E-02
  6.622E-02  6.873E-02  6.602E-02  6.600E-02  6.584E-02  6.785E-02  7.089E-02  6.927E-02  6.781E-02  6.812E-02
  7.194E-02  7.617E-02  7.715E-02  7.413E-02  8.071E-02  8.272E-02  8.349E-02  8.081E-02  7.561E-02  7.538E-02
  7.507E-02  7.422E-02  7.137E-02  7.184E-02  7.458E-02  7.766E-02  7.235E-02  7.155E-02  7.678E-02  7.596E-02
  7.682E-02  7.642E-02  7.404E-02  7.476E-02  7.482E-02  7.949E-02  7.946E-02  8.057E-02  8.265E-02  8.124E-02
  7.873E-02  7.755E-02  7.570E-02  7.430E-02  7.623E-02  7.106E-02  7.658E-02  7.401E-02  7.556E-02  8.073E-02
  8.612E-02  8.052E-02  8.056E-02  7.604E-02  7.816E-02  7.446E-02  7.968E-02  8.063E-02  8.064E-02  7.929E-02
  7.757E-02  7.724E-02  8.368E-02  8.152E-02  7.957E-02  8.586E-02  8.322E-02  8.454E-02  8.073E-02  8.189E-02
  8.710E-02  9.250E-02  8.652E-02  8.667E-02  8.973E-02  8.982E-02  9.488E-02  9.812E-02  1.049E-01  1.097E-01
  2.199E-01  1.450E-01  9.870E-02  1.012E-01  1.088E-01  8.485E-02  9.644E-02  9.262E-02  7.157E-02  7.126E-02
  7.895E-02  7.667E-02  7.685E-02  6.981E-02  7.690E-02  7.034E-02  6.542E-02  6.706E-02  6.756E-02  7.062E-02
  6.446E-02  5.820E-02  6.283E-02  6.545E-02  5.954E-02  7.404E-02  6.579E-02  6.625E-02  5.692E-02  5.884E-02
  5.669E-02  5.657E-02  5.920E-02  5.768E-02  5.947E-02  6.151E-02  5.789E-02  5.606E-02  5.544E-02  6.004E-02
  6.134E-02  5.981E-02  5.560E-02  5.656E-02  5.658E-02  5.917E-02  6.028E-02  5.947E-02  5.836E-02  6.220E-02
  6.172E-02  6.058E-02  6.117E-02  6.159E-02  5.904E-02  5.921E-02  5.875E-02  5.882E-02  6.028E-02  5.743E-02
  6.341E-02  6.279E-02  6.380E-02  6.495E-02  6.722E-02  6.850E-02  6.538E-02  6.613E-02  6.231E-02  6.233E-02
  6.168E-02  6.143E-02  6.634E-02  6.213E-02  6.150E-02  6.646E-02  6.539E-02  6.398E-02  6.167E-02  6.433E-02
  6.748E-02  6.536E-02  6.727E-02  6.714E-02  6.378E-02  6.524E-02  6.672E-02  6.815E-02  6.848E-02  7.246E-02
  8.521E-02  8.511E-02  7.814E-02  7.794E-02  7.687E-02  7.483E-02  7.308E-02  7.255E-02  6.864E-02  7.251E-02
  7.127E-02  7.172E-02  7.002E-02  7.452E-02  7.367E-02  7.191E-02  7.646E-02  7.482E-02  7.415E-02  7.347E-02
  7.420E-02  7.376E-02  7.082E-02  6.935E-02  6.928E-02  7.126E-02  7.241E-02  7.491E-02  7.541E-02  7.939E-02
  7.844E-02  7.541E-02  7.375E-02  7.391E-02  7.585E-02  7.465E-02  7.712E-02  7.323E-02  8.107E-02  8.143E-02
  7.726E-02  7.572E-02  7.747E-02  7.966E-02  7.650E-02  7.327E-02  7.794E-02  7.530E-02  8.012E-02  8.371E-02
  8.164E-02  8.103E-02  8.500E-02  9.080E-02  9.046E-02  8.588E-02  8.435E-02  7.988E-02  8.150E-02  7.983E-02
  7.863E-02  7.915E-02  8.118E-02  8.709E-02  8.553E-02  8.624E-02  8.486E-02  8.689E-02  9.171E-02  1.013E-01
  2.147E-01  1.318E-01  8.869E-02  8.738E-02  9.926E-02  7.349E-02  7.804E-02  8.609E-02  7.729E-02  7.462E-02
  8.252E-02  7.801E-02  7.392E-02  6.468E-02  7.233E-02  7.229E-02  6.749E-02  6.442E-02  6.649E-02  6.663E-02
  5.997E-02  6.311E-02  6.149E-02  6.041E-02  6.106E-02  5.835E-02  6.534E-02  6.025E-02  5.784E-02  5.545E-02
  5.523E-02  5.529E-02  5.332E-02  5.204E-02  5.993E-02  5.594E-02  5.860E-02  5.897E-02  6.227E-02  5.918E-02
  5.515E-02  5.469E-02  5.320E-02  5.480E-02  5.245E-02  5.782E-02  5.892E-02  5.677E-02  5.899E-02  5.518E-02
  5.617E-02  6.034E-02  5.823E-02  5.841E-02  5.802E-02  5.733E-02  5.532E-02  5.585E-02  5.634E-02  5.678E-02
  5.736E-02  6.096E-02  6.014E-02  6.444E-02  6.196E-02  6.252E-02  5.971E-02  6.454E-02  6.265E-02  5.934E-02
  5.684E-02  5.851E-02  5.773E-02  6.061E-02  6.504E-02  6.402E-02  6.178E-02  6.119E-02  6.944E-02  6.591E-02
  6.972E-02  6.520E-02  6.392E-02  6.362E-02  6.832E-02  6.746E-02  6.525E-02  6.600E-02  7.118E-02  7.565E-02
  7.605E-02  7.374E-02  7.288E-02  7.352E-02  7.041E-02  6.681E-02  6.634E-02  6.781E-02  6.845E-02  7.270E-02
  7.008E-02  7.491E-02  7.501E-02  7.124E-02  7.261E-02  7.470E-02  7.806E-02  7.998E-02  7.315E-02  6.838E-02
  7.046E-02  6.862E-02  7.187E-02  7.119E-02  6.946E-02  7.341E-02  7.608E-02  7.446E-02  7.610E-02  7.780E-02
  7.534E-02  7.396E-02  7.512E-02  7.344E-02  7.152E-02  7.551E-02  7.494E-02  7.548E-02  7.585E-02  7.737E-02
  7.394E-02  7.444E-02  7.709E-02  7.587E-02  7.549E-02  7.436E-02  7.369E-02  8.171E-02  8.033E-02  8.126E-02
  8.257E-02  7.986E-02  8.319E-02  8.125E-02  7.909E-02  8.258E-02  7.899E-02  7.895E-02  8.000E-02  7.812E-02
  7.810E-02  8.347E-02  8.614E-02  8.721E-02  8.669E-02  8.867E-02  9.539E-02  9.935E-02  1.003E-01  1.020E-01
  1.873E-01  1.237E-01  9.861E-02  9.598E-02  9.088E-02  7.607E-02  7.761E-02  7.586E-02  8.315E-02  7.326E-02
  7.091E-02  7.339E-02  6.509E-02  6.668E-02  6.845E-02  7.802E-02  6.194E-02  6.371E-02  6.364E-02  6.030E-02
  5.975E-02  6.193E-02  5.932E-02  6.393E-02  6.332E-02  6.468E-02  5.723E-02  6.021E-02  5.451E-02  5.456E-02
  5.389E-02  5.391E-02  5.173E-02  5.482E-02  5.446E-02  5.821E-02  5.927E-02  5.440E-02  5.087E-02  5.206E-02
  5.473E-02  5.204E-02  5.108E-02  5.018E-02  5.603E-02  5.784E-02  5.364E-02  5.443E-02  5.491E-02  5.283E-02
  5.479E-02  5.817E-02  5.845E-02  6.091E-02  5.516E-02  5.329E-02  5.527E-02  5.504E-02  5.225E-02  5.534E-02
  5.850E-02  5.677E-02  5.914E-02  5.984E-02  6.101E-02  6.291E-02  6.424E-02  6.023E-02  5.877E-02  5.768E-02
  5.821E-02  5.866E-02  6.265E-02  6.025E-02  6.259E-02  6.479E-02  6.255E-02  6.326E-02  6.399E-02  6.331E-02
  6.361E-02  6.641E-02  6.488E-02  6.462E-02  6.615E-02  6.525E-02  6.942E-02  7.180E-02  7.167E-02  6.681E-02
  6.421E-02  6.744E-02  6.560E-02  6.977E-02  6.896E-02  6.910E-02  6.939E-02  6.817E-02  6.921E-02  6.505E-02
  6.346E-02  6.650E-02  6.858E-02  6.764E-02  7.466E-02  7.297E-02  6.966E-02  6.934E-02  6.748E-02  6.844E-02
  6.897E-02  6.809E-02  6.951E-02  7.005E-02  7.140E-02  6.955E-02  7.391E-02  7.864E-02  7.898E-02  7.557E-02
  7.460E-02  7.217E-02  7.452E-02  7.090E-02  7.094E-02  7.053E-02  7.029E-02  7.250E-02  7.244E-02  7.505E-02
  7.290E-02  7.348E-02  7.467E-02  7.516E-02  7.481E-02  7.341E-02  7.561E-02  7.314E-02  7.446E-02  7.828E-02
  7.399E-02  7.531E-02  7.597E-02  7.339E-02  7.870E-02  8.614E-02  8.118E-02  8.214E-02  8.700E-02  8.465E-02
  8.652E-02  8.833E-02  9.597E-02  9.817E-02  8.908E-02  9.279E-02  9.732E-02  9.076E-02  9.204E-02  9.572E-02
  1.761E-01  1.135E-01  9.761E-02  9.211E-02  8.130E-02  7.613E-02  8.717E-02  6.989E-02  8.438E-02  7.654E-02
  7.840E-02  6.916E-02  6.982E-02  6.858E-02  6.134E-02  7.158E-02  6.421E-02  6.586E-02  6.303E-02  6.115E-02
  5.839E-02  6.168E-02  5.806E-02  5.789E-02  6.242E-02  5.955E-02  5.461E-02  5.453E-02  5.386E-02  5.274E-02
  5.399E-02  5.254E-02  5.339E-02  5.385E-02  5.741E-02  5.672E-02  5.275E-02  4.921E-02  5.109E-02  5.180E-02
  5.521E-02  5.212E-02  5.172E-02  5.559E-02  5.520E-02  5.219E-02  5.034E-02  5.320E-02  5.231E-02  5.750E-02
  5.831E-02  5.678E-02  5.567E-02  5.565E-02  5.487E-02  5.430E-02  5.623E-02  5.327E-02  5.532E-02  5.781E-02
  5.693E-02  5.825E-02  5.647E-02  5.825E-02  5.890E-02  6.036E-02  5.971E-02  5.836E-02  6.025E-02  5.960E-02
  5.883E-02  6.204E-02  6.061E-02  6.120E-02  6.304E-02  5.952E-02  6.217E-02  6.462E-02  6.678E-02  6.859E-02
  6.700E-02  6.516E-02  6.945E-02  6.951E-02  7.215E-02  6.756E-02  6.292E-02  6.602E-02  6.423E-02  6.505E-02
  6.750E-02  6.453E-02  6.735E-02  6.681E-02  6.476E-02  6.700E-02  6.716E-02  6.753E-02  6.891E-02  7.081E-02
  7.033E-02  7.330E-02  6.976E-02  7.274E-02  7.331E-02  7.126E-02  7.472E-02  7.339E-02  7.208E-02  6.854E-02
  7.001E-02  7.156E-02  7.296E-02  7.190E-02  7.572E-02  7.382E-02  6.989E-02  6.795E-02  7.140E-02  7.049E-02
  7.054E-02  7.054E-02  7.028E-02  6.820E-02  6.914E-02  6.961E-02  7.203E-02  6.940E-02  7.401E-02  7.333E-02
  8.002E-02  7.448E-02  7.377E-02  7.357E-02  7.053E-02  7.106E-02  7.372E-02  7.103E-02  7.112E-02  7.517E-02
  7.953E-02  8.182E-02  8.093E-02  8.001E-02  8.556E-02  8.853E-02  9.220E-02  8.847E-02  8.001E-02  7.829E-02
  7.647E-02  7.720E-02  7.969E-02  7.829E-02  8.298E-02  8.423E-02  8.052E-02  8.428E-02  8.679E-02  9.430E-02
  1.646E-01  1.130E-01  8.925E-02  9.739E-02  8.209E-02  7.703E-02  8.681E-02  8.260E-02  8.174E-02  6.864E-02
  7.492E-02  7.229E-02  6.752E-02  6.926E-02  7.114E-02  6.899E-02  6.498E-02  6.248E-02  6.197E-02  6.174E-02
  6.228E-02  5.663E-02  5.915E-02  6.722E-02  5.869E-02  5.981E-02  6.078E-02  5.682E-02  5.533E-02  5.561E-02
  5.415E-02  5.247E-02  5.622E-02  5.324E-02  5.056E-02  5.304E-02  5.656E-02  5.107E-02  5.317E-02  5.545E-02
  5.701E-02  5.602E-02  5.460E-02  5.579E-02  5.270E-02  5.335E-02  5.201E-02  5.417E-02  5.807E-02  5.695E-02
  5.369E-02  5.515E-02  5.752E-02  5.578E-02  5.566E-02  5.330E-02  5.409E-02  5.629E-02  5.742E-02  5.698E-02
  5.813E-02  5.664E-02  5.979E-02  5.950E-02  5.941E-02  6.234E-02  6.239E-02  6.244E-02  6.488E-02  6.187E-02
  6.112E-02  5.590E-02  5.537E-02  5.720E-02  5.922E-02  6.457E-02  6.463E-02  6.325E-02  7.051E-02  6.798E-02
  6.871E-02  6.976E-02  6.748E-02  6.953E-02  6.665E-02  6.375E-02  6.610E-02  6.535E-02  6.288E-02  6.311E-02
  6.526E-02  6.685E-02  6.890E-02  6.580E-02  6.647E-02  6.734E-02  6.600E-02  6.816E-02  6.832E-02  7.309E-02
  7.218E-02  7.193E-02  6.904E-02  7.018E-02  6.835E-02  7.109E-02  7.444E-02  6.913E-02  7.261E-02  6.967E-02
  7.059E-02  7.157E-02  6.760E-02  6.736E-02  6.500E-02  6.993E-02  7.053E-02  7.197E-02  7.442E-02  7.242E-02
  6.981E-02  7.192E-02  6.950E-02  6.995E-02  7.045E-02  7.252E-02  7.953E-02  7.702E-02  7.557E-02  7.568E-02
  8.170E-02  8.353E-02  7.795E-02  7.295E-02  7.318E-02  7.907E-02  7.839E-02  7.860E-02  7.723E-02  7.263E-02
  7.423E-02  7.571E-02  7.817E-02  7.941E-02  8.235E-02  8.000E-02  8.055E-02  7.652E-02  7.750E-02  7.675E-02
  7.586E-02  7.825E-02  8.308E-02  7.931E-02  7.910E-02  8.308E-02  8.657E-02  9.474E-02  8.749E-02  9.319E-02
  1.803E-01  1.195E-01  9.631E-02  9.849E-02  9.346E-02  8.655E-02  8.841E-02  8.976E-02  8.061E-02  7.935E-02
  7.808E-02  7.489E-02  7.500E-02  6.721E-02  7.183E-02  6.688E-02  7.118E-02  6.395E-02  6.194E-02  6.219E-02
  5.937E-02  5.819E-02  6.287E-02  5.830E-02  6.290E-02  6.428E-02  5.565E-02  5.744E-02  5.714E-02  5.386E-02
  5.657E-02  5.541E-02  5.252E-02  5.584E-02  5.471E-02  6.221E-02  5.590E-02  5.579E-02  5.754E-02  5.723E-02
  5.450E-02  5.309E-02  5.337E-02  5.541E-02  5.363E-02  5.566E-02  5.686E-02  5.754E-02  5.484E-02  5.198E-02
  5.572E-02  5.913E-02  5.808E-02  5.825E-02  6.031E-02  5.748E-02  5.744E-02  5.539E-02  5.466E-02  5.680E-02
  6.022E-02  5.834E-02  5.938E-02  6.036E-02  5.863E-02  6.333E-02  6.842E-02  6.370E-02  5.930E-02  5.939E-02
  5.909E-02  5.779E-02  5.806E-02  6.004E-02  6.284E-02  6.542E-02  6.481E-02  7.094E-02  6.925E-02  6.692E-02
  6.587E-02  6.155E-02  5.898E-02  6.028E-02  6.045E-02  6.230E-02  6.416E-02  6.513E-02  6.480E-02  6.666E-02
  6.441E-02  6.684E-02  6.491E-02  6.571E-02  6.565E-02  6.731E-02  6.707E-02  6.803E-02  6.917E-02  7.177E-02
  6.790E-02  6.790E-02  6.958E-02  7.103E-02  7.185E-02  7.215E-02  7.390E-02  7.068E-02  6.861E-02  6.634E-02
  6.681E-02  6.733E-02  6.851E-02  6.973E-02  7.189E-02  7.635E-02  7.373E-02  7.702E-02  7.624E-02  7.717E-02
  7.741E-02  8.148E-02  7.838E-02  7.863E-02  7.878E-02  8.171E-02  8.115E-02  7.696E-02  7.512E-02  7.806E-02
  7.212E-02  7.963E-02  7.578E-02  7.388E-02  7.883E-02  7.420E-02  7.447E-02  7.354E-02  7.323E-02  7.368E-02
  7.313E-02  7.310E-02  7.564E-02  7.765E-02  7.920E-02  8.013E-02  7.809E-02  8.223E-02  8.159E-02  7.953E-02
  7.795E-02  8.030E-02  7.955E-02  8.145E-02  8.658E-02  8.677E-02  8.997E-02  8.887E-02  8.647E-02  9.809E-02
  1.580E-01  1.202E-01  1.000E-01  9.855E-02  9.737E-02  9.171E-02  8.990E-02  8.974E-02  8.444E-02  8.585E-02
  7.843E-02  7.943E-02  7.711E-02  7.270E-02  6.989E-02  7.338E-02  7.003E-02  6.613E-02  6.740E-02  6.457E-02
  6.520E-02  6.472E-02  6.446E-02  6.434E-02  6.582E-02  5.941E-02  5.893E-02  6.042E-02  5.842E-02  5.731E-02
  5.544E-02  5.592E-02  5.574E-02  5.597E-02  5.703E-02  5.831E-02  5.830E-02  6.175E-02  5.644E-02  5.718E-02
  6.193E-02  5.865E-02  5.803E-02  5.740E-02  5.767E-02  5.764E-02  5.751E-02  5.577E-02  5.772E-02  5.940E-02
  6.174E-02  6.282E-02  6.226E-02  6.232E-02  6.289E-02  6.343E-02  6.023E-02  5.604E-02  6.016E-02  6.178E-02
  6.168E-02  6.277E-02  6.190E-02  6.498E-02  6.490E-02  6.343E-02  6.286E-02  6.467E-02  6.317E-02  6.173E-02
  6.301E-02  6.714E-02  6.630E-02  6.797E-02  6.784E-02  6.718E-02  6.620E-02  6.358E-02  6.543E-02  6.456E-02
  6.489E-02  6.256E-02  6.358E-02  6.266E-02  6.031E-02  6.018E-02  6.270E-02  6.761E-02  6.990E-02  6.861E-02
  6.748E-02  6.924E-02  6.814E-02  7.375E-02  6.649E-02  6.422E-02  6.662E-02  6.592E-02  6.798E-02  6.828E-02
  6.881E-02  7.290E-02  6.972E-02  6.968E-02  7.103E-02  7.218E-02  7.207E-02  6.608E-02  6.756E-02  6.912E-02
  7.392E-02  7.879E-02  7.734E-02  7.864E-02  7.931E-02  8.587E-02  7.598E-02  7.053E-02  7.107E-02  7.125E-02
  6.754E-02  6.789E-02  6.769E-02  6.884E-02  7.146E-02  7.413E-02  7.346E-02  7.239E-02  7.418E-02  7.081E-02
  7.383E-02  7.490E-02  7.624E-02  7.792E-02  7.323E-02  7.208E-02  7.200E-02  7.201E-02  7.503E-02  7.058E-02
  7.321E-02  7.363E-02  7.399E-02  7.641E-02  7.966E-02  7.838E-02  8.117E-02  7.903E-02  7.841E-02  7.673E-02
  7.914E-02  7.934E-02  7.911E-02  7.942E-02  8.434E-02  8.084E-02  8.160E-02  8.489E-02  8.740E-02  9.118E-02
  1.499E-01  1.275E-01  1.190E-01  1.100E-01  1.078E-01  1.038E-01  1.010E-01  9.058E-02  9.295E-02  8.673E-02
  8.696E-02  8.529E-02  7.998E-02  7.861E-02  7.699E-02  7.469E-02  7.165E-02  6.906E-02  7.138E-02  6.879E-02
  6.807E-02  6.805E-02  6.672E-02  6.681E-02  6.864E-02  6.451E-02  6.727E-02  6.406E-02  6.029E-02  6.013E-02
  6.152E-02  5.938E-02  5.868E-02  5.749E-02  6.209E-02  6.068E-02  6.191E-02  6.157E-02  6.342E-02  6.512E-02
  6.450E-02  6.325E-02  6.255E-02  6.161E-02  6.183E-02  6.176E-02  6.259E-02  6.580E-02  6.751E-02  6.578E-02
  6.719E-02  6.779E-02  7.190E-02  7.278E-02  6.774E-02  6.701E-02  6.188E-02  6.610E-02  6.852E-02  6.440E-02
  6.206E-02  6.227E-02  6.823E-02  6.599E-02  6.572E-02  6.817E-02  7.268E-02  6.946E-02  7.070E-02  6.934E-02
  6.746E-02  7.122E-02  6.842E-02  6.659E-02  6.364E-02  6.252E-02  6.246E-02  6.640E-02  6.732E-02  6.487E-02
  6.572E-02  6.783E-02  6.878E-02  6.851E-02  7.112E-02  6.813E-02  6.909E-02  6.446E-02  6.743E-02  6.665E-02
  6.991E-02  7.154E-02  7.280E-02  7.306E-02  6.846E-02  7.114E-02  7.016E-02  6.922E-02  6.870E-02  6.905E-02
  7.087E-02  7.662E-02  8.172E-02  8.022E-02  7.944E-02  8.285E-02  7.903E-02  7.721E-02  7.355E-02  7.141E-02
  6.749E-02  6.512E-02  6.658E-02  6.538E-02  6.385E-02  6.755E-02  6.913E-02  7.076E-02  7.215E-02  7.225E-02
  7.377E-02  6.960E-02  7.127E-02  7.301E-02  7.544E-02  7.114E-02  7.088E-02  7.358E-02  7.242E-02  7.182E-02
  7.416E-02  7.339E-02  7.607E-02  7.974E-02  7.664E-02  7.446E-02  7.508E-02  7.279E-02  7.607E-02  7.580E-02
  7.649E-02  7.461E-02  7.941E-02  7.864E-02  8.339E-02  8.622E-02  8.437E-02  8.138E-02  8.068E-02  7.937E-02
  7.700E-02  7.891E-02  7.926E-02  7.966E-02  7.863E-02  7.976E-02  8.052E-02  8.167E-02  8.502E-02  9.337E-02
  1.144E-01  1.251E-01  1.160E-01  1.144E-01  1.257E-01  9.813E-02  9.624E-02  9.251E-02  9.313E-02  8.996E-02
  8.517E-02  8.549E-02  8.057E-02  7.648E-02  7.806E-02  7.638E-02  7.324E-02  7.116E-02  7.173E-02  6.790E-02
  6.507E-02  6.701E-02  6.485E-02  7.002E-02  6.859E-02  7.146E-02  6.769E-02  6.444E-02  6.489E-02  6.244E-02
  6.062E-02  6.575E-02  6.117E-02  6.463E-02  6.197E-02  6.490E-02  6.595E-02  7.063E-02  7.052E-02  6.933E-02
  6.716E-02  6.813E-02  6.562E-02  6.442E-02  6.413E-02  6.824E-02  6.610E-02  7.094E-02  7.373E-02  7.084E-02
  7.493E-02  7.673E-02  7.360E-02  7.917E-02  7.513E-02  7.682E-02  6.609E-02  6.597E-02  6.204E-02  6.879E-02
  7.768E-02  6.943E-02  7.026E-02  6.930E-02  7.268E-02  7.365E-02  7.382E-02  7.266E-02  7.107E-02  6.983E-02
  6.640E-02  6.662E-02  6.508E-02  6.232E-02  6.306E-02  6.532E-02  6.603E-02  7.375E-02  7.005E-02  7.484E-02
  7.492E-02  7.371E-02  7.290E-02  7.206E-02  7.251E-02  7.212E-02  6.834E-02  7.115E-02  7.579E-02  7.585E-02
  7.870E-02  7.341E-02  7.393E-02  7.492E-02  7.364E-02  7.278E-02  7.189E-02  7.343E-02  7.590E-02  7.436E-02
  7.517E-02  7.527E-02  7.383E-02  7.363E-02  6.949E-02  7.192E-02  7.358E-02  7.210E-02  6.617E-02  6.491E-02
  6.443E-02  6.512E-02  6.473E-02  6.700E-02  6.921E-02  7.461E-02  7.480E-02  6.958E-02  7.249E-02  7.217E-02
  7.275E-02  7.594E-02  7.361E-02  7.349E-02  7.345E-02  7.341E-02  6.830E-02  6.979E-02  7.148E-02  7.227E-02
  7.557E-02  7.449E-02  7.870E-02  8.067E-02  8.063E-02  7.399E-02  7.358E-02  7.375E-02  7.247E-02  7.365E-02
  7.963E-02  7.670E-02  8.012E-02  7.864E-02  8.049E-02  8.122E-02  8.169E-02  7.836E-02  7.678E-02  7.869E-02
  8.209E-02  8.079E-02  7.970E-02  8.159E-02  7.738E-02  7.942E-02  8.039E-02  9.055E-02  8.609E-02  9.790E-02
  1.024E-01  1.030E-01  9.362E-02  9.294E-02  9.081E-02  8.941E-02  8.697E-02  8.344E-02  7.913E-02  8.472E-02
  7.994E-02  8.563E-02  7.188E-02  7.558E-02  7.075E-02  6.757E-02  7.815E-02  6.857E-02  6.491E-02  6.244E-02
  6.149E-02  6.198E-02  6.494E-02  6.261E-02  6.681E-02  6.304E-02  6.292E-02  6.022E-02  5.910E-02  5.918E-02
  6.098E-02  5.771E-02  5.979E-02  5.807E-02  6.284E-02  6.468E-02  6.297E-02  6.414E-02  6.408E-02  6.533E-02
  6.828E-02  6.490E-02  5.975E-02  5.866E-02  6.190E-02  6.264E-02  7.037E-02  7.201E-02  7.431E-02  7.071E-02
  7.237E-02  6.888E-02  7.298E-02  7.804E-02  6.844E-02  6.782E-02  6.805E-02  6.864E-02  6.890E-02  6.648E-02
  6.658E-02  6.734E-02  6.647E-02  6.996E-02  7.517E-02  7.267E-02  7.123E-02  7.087E-02  7.068E-02  6.792E-02
  6.794E-02  6.956E-02  6.603E-02  6.638E-02  6.431E-02  6.552E-02  6.902E-02  6.822E-02  7.109E-02  8.041E-02
  6.893E-02  6.895E-02  7.356E-02  7.258E-02  6.836E-02  6.940E-02  7.000E-02  7.534E-02  7.144E-02  7.430E-02
  7.508E-02  7.306E-02  6.925E-02  7.074E-02  6.559E-02  6.406E-02  6.647E-02  6.480E-02  6.475E-02  6.754E-02
  6.759E-02  7.372E-02  7.469E-02  7.051E-02  7.608E-02  7.594E-02  7.569E-02  7.673E-02  7.475E-02  7.016E-02
  6.977E-02  6.877E-02  7.377E-02  7.112E-02  6.909E-02  6.992E-02  7.067E-02  6.755E-02  6.721E-02  7.227E-02
  7.076E-02  7.184E-02  7.176E-02  7.135E-02  6.628E-02  6.908E-02  6.949E-02  6.901E-02  7.359E-02  7.199E-02
  7.549E-02  7.844E-02  7.646E-02  7.448E-02  7.719E-02  7.820E-02  7.408E-02  7.359E-02  7.631E-02  7.673E-02
  7.541E-02  7.811E-02  7.364E-02  7.393E-02  7.805E-02  8.151E-02  8.539E-02  7.873E-02  7.877E-02  7.819E-02
  8.057E-02  8.205E-02  8.060E-02  8.132E-02  8.245E-02  7.772E-02  8.443E-02  8.813E-02  8.892E-02  9.833E-02
  9.833E-02  9.905E-02  8.898E-02  8.266E-02  8.440E-02  7.642E-02  7.611E-02  8.136E-02  7.067E-02  7.215E-02
  6.783E-02  6.136E-02  6.619E-02  6.565E-02  6.289E-02  6.022E-02  5.564E-02  5.681E-02  5.547E-02  5.635E-02
  5.855E-02  6.137E-02  5.618E-02  5.946E-02  6.156E-02  5.803E-02  5.995E-02  5.549E-02  5.651E-02  5.631E-02
  5.532E-02  5.566E-02  5.574E-02  5.835E-02  5.605E-02  5.662E-02  5.952E-02  6.430E-02  6.532E-02  6.305E-02
  6.456E-02  5.829E-02  6.101E-02  5.984E-02  6.277E-02  6.534E-02  6.760E-02  6.460E-02  6.250E-02  6.573E-02
  6.320E-02  6.929E-02  6.520E-02  6.871E-02  6.921E-02  6.494E-02  6.193E-02  6.297E-02  6.382E-02  6.455E-02
  6.459E-02  6.434E-02  6.850E-02  7.082E-02  6.852E-02  7.385E-02  7.743E-02  7.136E-02  6.761E-02  6.494E-02
  6.554E-02  6.757E-02  7.095E-02  6.968E-02  6.596E-02  6.654E-02  6.895E-02  6.844E-02  7.617E-02  7.657E-02
  7.485E-02  7.141E-02  6.772E-02  6.589E-02  6.414E-02  6.892E-02  7.075E-02  7.108E-02  7.280E-02  7.134E-02
  7.357E-02  7.403E-02  7.549E-02  7.898E-02  7.252E-02  7.271E-02  7.215E-02  7.265E-02  7.049E-02  7.074E-02
  6.857E-02  7.014E-02  7.018E-02  6.979E-02  6.983E-02  7.448E-02  7.171E-02  6.806E-02  6.616E-02  6.524E-02
  6.441E-02  6.281E-02  6.392E-02  6.394E-02  6.674E-02  7.091E-02  6.910E-02  6.827E-02  7.104E-02  7.224E-02
  7.367E-02  7.174E-02  6.773E-02  6.937E-02  7.082E-02  6.826E-02  6.707E-02  7.072E-02  7.271E-02  7.402E-02
  7.844E-02  7.825E-02  7.587E-02  7.646E-02  7.454E-02  7.470E-02  7.292E-02  7.582E-02  7.396E-02  7.285E-02
  7.666E-02  8.095E-02  7.770E-02  7.810E-02  8.419E-02  8.822E-02  8.957E-02  9.663E-02  8.679E-02  8.737E-02
  8.121E-02  8.112E-02  8.252E-02  8.110E-02  8.300E-02  8.722E-02  9.133E-02  9.162E-02  9.041E-02  9.216E-02
  9.260E-02  9.187E-02  8.342E-02  7.757E-02  7.280E-02  7.284E-02  6.853E-02  6.359E-02  6.875E-02  6.138E-02
  5.760E-02  5.838E-02  6.184E-02  5.624E-02  5.456E-02  5.281E-02  5.051E-02  5.091E-02  5.046E-02  4.970E-02
  5.679E-02  5.056E-02  5.119E-02  5.159E-02  5.290E-02  5.162E-02  5.368E-02  5.198E-02  5.228E-02  5.321E-02
  4.902E-02  4.964E-02  4.994E-02  5.550E-02  5.163E-02  5.797E-02  5.429E-02  5.504E-02  5.711E-02  5.908E-02
  6.107E-02  5.695E-02  5.450E-02  5.552E-02  5.582E-02  5.695E-02  5.959E-02  5.884E-02  5.706E-02  5.991E-02
  6.289E-02  6.344E-02  6.678E-02  6.761E-02  6.606E-02  6.278E-02  6.145E-02  6.282E-02  6.123E-02  6.016E-02
  6.437E-02  6.785E-02  6.456E-02  6.778E-02  6.605E-02  6.704E-02  7.243E-02  7.016E-02  7.037E-02  6.953E-02
  7.241E-02  6.873E-02  6.545E-02  6.588E-02  6.850E-02  7.022E-02  6.747E-02  6.847E-02  7.314E-02  7.370E-02
  6.988E-02  6.809E-02  6.808E-02  7.010E-02  6.791E-02  7.171E-02  7.381E-02  7.287E-02  7.333E-02  7.325E-02
  7.348E-02  8.078E-02  7.526E-02  7.614E-02  6.930E-02  7.200E-02  6.953E-02  6.756E-02  6.567E-02  6.467E-02
  6.783E-02  6.383E-02  6.474E-02  6.885E-02  6.752E-02  6.739E-02  7.141E-02  6.928E-02  6.730E-02  6.494E-02
  6.704E-02  6.947E-02  7.110E-02  7.093E-02  6.855E-02  6.937E-02  7.359E-02  7.107E-02  7.147E-02  7.282E-02
  7.039E-02  6.941E-02  6.977E-02  7.043E-02  6.768E-02  7.014E-02  7.255E-02  7.218E-02  7.331E-02  7.405E-02
  7.317E-02  7.420E-02  7.661E-02  7.565E-02  7.701E-02  7.746E-02  7.612E-02  7.716E-02  7.507E-02  7.509E-02
  7.868E-02  7.549E-02  8.086E-02  8.077E-02  7.902E-02  7.734E-02  8.193E-02  7.962E-02  7.746E-02  7.389E-02
  7.349E-02  7.224E-02  7.398E-02  7.764E-02  8.484E-02  8.150E-02  8.225E-02  8.771E-02  8.979E-02  9.256E-02
  7.537E-02  7.629E-02  7.445E-02  6.680E-02  6.766E-02  6.129E-02  6.145E-02  5.790E-02  5.557E-02  5.489E-02
  5.262E-02  5.153E-02  5.293E-02  4.969E-02  4.833E-02  5.036E-02  4.666E-02  4.487E-02  4.610E-02  4.540E-02
  4.425E-02  4.516E-02  4.669E-02  4.952E-02  4.791E-02  4.955E-02  4.910E-02  4.756E-02  4.627E-02  4.555E-02
  4.558E-02  4.665E-02  4.515E-02  4.870E-02  4.987E-02  4.832E-02  4.902E-02  5.400E-02  5.360E-02  5.563E-02
  5.393E-02  5.498E-02  5.429E-02  5.355E-02  5.462E-02  5.564E-02  5.541E-02  5.551E-02  5.683E-02  5.828E-02
  5.898E-02  5.969E-02  6.154E-02  6.359E-02  6.157E-02  6.023E-02  5.892E-02  5.971E-02  6.131E-02  6.208E-02
  6.384E-02  6.536E-02  6.323E-02  6.853E-02  6.815E-02  6.949E-02  6.857E-02  6.817E-02  6.623E-02  6.451E-02
  6.380E-02  6.384E-02  6.337E-02  6.354E-02  6.872E-02  6.815E-02  6.924E-02  6.830E-02  7.009E-02  8.185E-02
  7.521E-02  7.149E-02  6.820E-02  6.926E-02  6.809E-02  6.781E-02  6.918E-02  6.858E-02  6.776E-02  6.516E-02
  6.866E-02  7.036E-02  9.593E-02  7.338E-02  6.717E-02  6.493E-02  6.516E-02  6.472E-02  6.828E-02  7.065E-02
  7.013E-02  7.067E-02  6.994E-02  6.789E-02  7.274E-02  7.443E-02  7.533E-02  7.287E-02  7.392E-02  7.268E-02
  7.202E-02  6.802E-02  6.903E-02  6.726E-02  7.240E-02  6.880E-02  6.855E-02  7.233E-02  7.227E-02  7.096E-02
  6.999E-02  7.046E-02  6.880E-02  7.101E-02  6.927E-02  7.172E-02  7.160E-02  6.964E-02  7.251E-02  7.162E-02
  6.755E-02  7.351E-02  7.382E-02  7.677E-02  7.217E-02  7.108E-02  7.341E-02  7.297E-02  7.524E-02  7.518E-02
  7.459E-02  7.636E-02  7.469E-02  7.471E-02  8.069E-02  8.219E-02  8.056E-02  7.538E-02  7.622E-02  7.784E-02
  7.502E-02  7.792E-02  8.077E-02  8.038E-02  8.378E-02  8.209E-02  8.412E-02  9.868E-02  8.843E-02  8.957E-02
  7.045E-02  6.766E-02  6.559E-02  6.056E-02  5.728E-02  5.499E-02  5.179E-02  4.864E-02  4.843E-02  4.881E-02
  4.664E-02  4.467E-02  4.446E-02  4.637E-02  4.294E-02  4.190E-02  4.129E-02  4.393E-02  3.953E-02  3.996E-02
  4.068E-02  4.060E-02  4.094E-02  4.168E-02  4.180E-02  4.174E-02  4.526E-02  4.272E-02  4.275E-02  4.197E-02
  4.142E-02  4.231E-02  4.597E-02  4.570E-02  4.635E-02  4.759E-02  5.050E-02  5.157E-02  5.059E-02  5.276E-02
  5.252E-02  5.193E-02  5.061E-02  5.017E-02  4.909E-02  5.138E-02  5.198E-02  5.252E-02  5.278E-02  5.522E-02
  5.392E-02  5.884E-02  6.244E-02  6.191E-02  5.878E-02  5.955E-02  5.923E-02  5.784E-02  5.901E-02  5.803E-02
  6.030E-02  6.328E-02  6.120E-02  6.320E-02  6.560E-02  6.769E-02  6.595E-02  6.719E-02  6.731E-02  6.273E-02
  6.351E-02  6.624E-02  6.601E-02  6.583E-02  6.891E-02  6.651E-02  6.769E-02  6.775E-02  7.196E-02  7.284E-02
  6.529E-02  6.509E-02  6.520E-02  6.875E-02  6.785E-02  6.739E-02  6.949E-02  7.044E-02  6.665E-02  6.718E-02
  7.214E-02  7.027E-02  8.060E-02  7.588E-02  7.263E-02  6.738E-02  6.801E-02  6.832E-02  6.725E-02  6.442E-02
  6.449E-02  6.762E-02  7.143E-02  7.071E-02  7.265E-02  7.202E-02  7.438E-02  6.776E-02  6.597E-02  6.508E-02
  6.896E-02  6.768E-02  7.217E-02  7.419E-02  7.468E-02  7.293E-02  7.433E-02  7.522E-02  7.509E-02  7.407E-02
  7.436E-02  6.972E-02  6.991E-02  7.108E-02  6.927E-02  6.858E-02  6.947E-02  7.232E-02  7.261E-02  7.348E-02
  7.202E-02  7.173E-02  7.794E-02  7.809E-02  7.395E-02  7.614E-02  7.545E-02  7.140E-02  7.361E-02  7.359E-02
  7.496E-02  7.778E-02  7.466E-02  7.469E-02  7.527E-02  7.775E-02  7.992E-02  7.726E-02  7.712E-02  7.335E-02
  7.720E-02  7.895E-02  7.770E-02  7.880E-02  8.098E-02  8.276E-02  8.110E-02  8.269E-02  8.148E-02  9.412E-02
  5.767E-02  5.645E-02  5.717E-02  5.104E-02  4.895E-02  4.507E-02  4.306E-02  4.240E-02  4.144E-02  4.050E-02
  3.886E-02  3.930E-02  4.015E-02  3.855E-02  3.688E-02  3.651E-02  3.761E-02  3.600E-02  3.618E-02  3.920E-02
  3.643E-02  3.717E-02  3.698E-02  3.709E-02  3.790E-02  3.896E-02  3.870E-02  3.803E-02  4.035E-02  3.930E-02
  3.925E-02  4.015E-02  4.129E-02  4.080E-02  4.260E-02  4.426E-02  4.538E-02  4.525E-02  4.651E-02  4.737E-02
  4.942E-02  4.724E-02  4.739E-02  4.854E-02  4.824E-02  4.982E-02  5.056E-02  5.473E-02  5.325E-02  5.385E-02
  5.463E-02  5.715E-02  5.609E-02  5.686E-02  5.795E-02  5.744E-02  5.415E-02  5.449E-02  5.698E-02  5.732E-02
  5.973E-02  6.216E-02  6.204E-02  6.336E-02  6.414E-02  7.165E-02  7.078E-02  7.108E-02  6.443E-02  6.328E-02
  6.263E-02  6.473E-02  6.765E-02  6.901E-02  7.132E-02  6.937E-02  6.467E-02  7.272E-02  7.164E-02  7.429E-02
  7.234E-02  6.695E-02  6.752E-02  6.450E-02  6.530E-02  6.513E-02  6.788E-02  6.514E-02  6.655E-02  6.883E-02
  6.730E-02  7.024E-02  7.739E-02  7.347E-02  6.616E-02  6.640E-02  6.634E-02  6.376E-02  6.439E-02  6.639E-02
  6.689E-02  6.857E-02  7.193E-02  7.263E-02  7.136E-02  7.217E-02  7.373E-02  7.227E-02  7.040E-02  7.203E-02
  7.056E-02  6.997E-02  7.518E-02  7.142E-02  7.379E-02  7.150E-02  7.530E-02  7.788E-02  7.834E-02  7.484E-02
  7.288E-02  7.176E-02  7.012E-02  6.856E-02  7.027E-02  7.335E-02  7.322E-02  7.385E-02  7.435E-02  7.231E-02
  7.289E-02  7.665E-02  7.861E-02  8.069E-02  7.764E-02  7.715E-02  7.661E-02  7.441E-02  7.610E-02  7.648E-02
  7.825E-02  8.091E-02  8.120E-02  7.953E-02  8.074E-02  8.310E-02  8.812E-02  8.544E-02  8.006E-02  7.796E-02
  8.156E-02  7.902E-02  8.024E-02  7.990E-02  7.996E-02  8.049E-02  8.199E-02  8.594E-02  9.315E-02  8.632E-02
  5.000E-02  4.905E-02  4.556E-02  4.312E-02  4.161E-02  3.815E-02  3.684E-02  3.604E-02  3.335E-02  3.255E-02
  3.233E-02  3.281E-02  3.375E-02  3.291E-02  3.200E-02  3.266E-02  3.159E-02  3.085E-02  3.040E-02  3.070E-02
  3.107E-02  3.091E-02  3.321E-02  3.427E-02  3.398E-02  3.414E-02  3.598E-02  3.525E-02  3.608E-02  3.621E-02
  3.615E-02  3.554E-02  3.758E-02  3.860E-02  3.971E-02  4.190E-02  4.226E-02  4.370E-02  4.655E-02  4.476E-02
  4.681E-02  4.676E-02  4.628E-02  4.697E-02  4.731E-02  4.987E-02  5.130E-02  5.052E-02  5.127E-02  5.168E-02
  5.865E-02  5.926E-02  5.634E-02  5.573E-02  5.790E-02  5.585E-02  5.449E-02  5.650E-02  5.576E-02  5.831E-02
  5.748E-02  6.005E-02  5.875E-02  6.227E-02  6.233E-02  6.577E-02  7.035E-02  6.443E-02  6.147E-02  6.179E-02
  6.236E-02  6.101E-02  6.147E-02  6.132E-02  6.354E-02  6.588E-02  6.474E-02  6.776E-02  7.309E-02  7.565E-02
  7.507E-02  6.938E-02  6.856E-02  6.767E-02  6.777E-02  6.831E-02  6.873E-02  6.791E-02  6.575E-02  6.916E-02
  7.206E-02  7.093E-02  8.290E-02  7.526E-02  6.786E-02  6.586E-02  6.446E-02  6.497E-02  6.647E-02  6.759E-02
  7.260E-02  7.018E-02  6.889E-02  7.146E-02  7.137E-02  7.429E-02  7.426E-02  7.443E-02  7.133E-02  7.086E-02
  6.961E-02  7.042E-02  7.290E-02  7.089E-02  6.378E-02  6.873E-02  6.585E-02  6.934E-02  6.859E-02  7.590E-02
  6.990E-02  7.037E-02  6.781E-02  6.760E-02  6.532E-02  6.744E-02  6.939E-02  7.187E-02  7.242E-02  7.169E-02
  7.364E-02  7.451E-02  7.532E-02  7.311E-02  7.467E-02  7.613E-02  7.587E-02  7.747E-02  7.908E-02  7.594E-02
  7.618E-02  7.833E-02  7.569E-02  7.937E-02  7.821E-02  8.109E-02  8.414E-02  8.366E-02  8.138E-02  7.920E-02
  7.863E-02  7.895E-02  7.741E-02  7.830E-02  7.822E-02  8.244E-02  8.999E-02  8.507E-02  8.484E-02  8.913E-02
  4.479E-02  4.183E-02  3.756E-02  3.476E-02  3.151E-02  2.900E-02  2.786E-02  2.715E-02  2.693E-02  2.688E-02
  2.654E-02  2.676E-02  2.668E-02  2.718E-02  2.702E-02  2.712E-02  2.627E-02  2.667E-02  2.688E-02  2.655E-02
  2.743E-02  2.864E-02  2.958E-02  3.080E-02  3.098E-02  3.304E-02  3.239E-02  3.431E-02  3.376E-02  3.299E-02
  3.496E-02  3.517E-02  3.631E-02  3.647E-02  3.726E-02  4.113E-02  4.106E-02  4.205E-02  4.259E-02  4.463E-02
  4.682E-02  4.732E-02  4.504E-02  4.484E-02  4.555E-02  4.603E-02  4.718E-02  5.133E-02  5.148E-02  5.315E-02
  5.594E-02  5.658E-02  5.574E-02  5.564E-02  5.587E-02  5.657E-02  5.495E-02  5.569E-02  5.602E-02  5.818E-02
  5.607E-02  5.751E-02  5.973E-02  6.067E-02  6.414E-02  6.183E-02  6.013E-02  6.146E-02  5.965E-02  5.960E-02
  5.748E-02  6.125E-02  6.223E-02  6.209E-02  6.192E-02  6.325E-02  6.185E-02  6.644E-02  6.694E-02  7.123E-02
  7.298E-02  7.108E-02  6.743E-02  6.692E-02  6.704E-02  6.557E-02  6.596E-02  6.919E-02  7.130E-02  7.295E-02
  7.567E-02  7.566E-02  7.715E-02  7.509E-02  7.118E-02  7.380E-02  7.363E-02  6.919E-02  6.919E-02  6.896E-02
  6.881E-02  7.080E-02  6.996E-02  7.268E-02  7.168E-02  7.124E-02  7.163E-02  7.069E-02  6.821E-02  6.780E-02
  6.776E-02  6.937E-02  7.023E-02  7.078E-02  7.140E-02  7.116E-02  7.326E-02  7.015E-02  7.401E-02  7.260E-02
  7.089E-02  6.993E-02  6.950E-02  7.146E-02  7.741E-02  7.618E-02  7.541E-02  7.614E-02  7.551E-02  7.350E-02
  7.546E-02  7.376E-02  7.664E-02  7.846E-02  8.091E-02  7.966E-02  7.650E-02  7.773E-02  7.896E-02  7.649E-02
  7.667E-02  7.438E-02  7.802E-02  7.833E-02  8.416E-02  8.677E-02  8.420E-02  8.282E-02  8.038E-02  8.022E-02
  8.194E-02  8.235E-02  8.595E-02  8.535E-02  8.717E-02  9.277E-02  9.510E-02  9.684E-02  1.015E-01  1.059E-01
  1.259E-02  5.915E-03  6.915E-03  7.635E-03  8.427E-03  9.186E-03  9.587E-03  1.041E-02  1.134E-02  1.173E-02
  1.287E-02  1.372E-02  1.446E-02  1.510E-02  1.550E-02  1.565E-02  1.584E-02  1.616E-02  1.693E-02  1.751E-02
  1.844E-02  1.962E-02  2.040E-02  2.080E-02  2.178E-02  2.241E-02  2.389E-02  2.499E-02  2.565E-02  2.623E-02
  2.710E-02  2.813E-02  2.924E-02  3.085E-02  3.134E-02  3.325E-02  3.519E-02  3.622E-02  3.799E-02  3.912E-02
  3.982E-02  4.080E-02  4.133E-02  4.198E-02  4.206E-02  4.240E-02  4.431E-02  4.496E-02  4.733E-02  4.875E-02
  5.008E-02  5.398E-02  5.657E-02  5.460E-02  5.619E-02  5.623E-02  5.441E-02  5.527E-02  5.543E-02  5.620E-02
  5.790E-02  6.006E-02  5.948E-02  5.946E-02  6.147E-02  6.483E-02  6.194E-02  6.351E-02  6.272E-02  6.215E-02
  6.315E-02  6.195E-02  6.120E-02  6.338E-02  6.444E-02  6.368E-02  6.555E-02  6.869E-02  7.024E-02  7.205E-02
  7.040E-02  6.902E-02  6.817E-02  6.596E-02  6.784E-02  6.782E-02  6.961E-02  7.194E-02  7.418E-02  6.978E-02
  6.994E-02  7.089E-02  7.062E-02  7.548E-02  7.289E-02  7.572E-02  7.577E-02  7.292E-02  7.292E-02  7.087E-02
  6.767E-02  7.107E-02  7.390E-02  7.096E-02  6.996E-02  7.263E-02  6.939E-02  6.673E-02  6.829E-02  6.743E-02
  6.683E-02  6.871E-02  7.128E-02  6.977E-02  6.933E-02  7.006E-02  7.314E-02  7.521E-02  7.094E-02  7.464E-02
  7.340E-02  7.591E-02  7.651E-02  7.741E-02  7.928E-02  7.656E-02  7.449E-02  7.469E-02  7.244E-02  7.469E-02
  7.639E-02  7.874E-02  7.795E-02  7.835E-02  7.406E-02  7.210E-02  7.392E-02  7.784E-02  7.763E-02  7.808E-02
  7.724E-02  7.965E-02  7.816E-02  8.281E-02  8.040E-02  8.501E-02  8.255E-02  8.028E-02  7.675E-02  7.494E-02
  7.612E-02  7.489E-02  7.600E-02  7.929E-02  7.990E-02  8.264E-02  8.527E-02  8.569E-02  8.977E-02  9.145E-02
  1.343E-02  6.298E-03  7.014E-03  7.604E-03  8.413E-03  8.843E-03  9.619E-03  1.055E-02  1.118E-02  1.201E-02
  1.287E-02  1.358E-02  1.465E-02  1.562E-02  1.543E-02  1.531E-02  1.580E-02  1.600E-02  1.665E-02  1.765E-02
  1.845E-02  1.933E-02  1.973E-02  2.086E-02  2.188E-02  2.367E-02  2.396E-02  2.459E-02  2.536E-02  2.733E-02
  2.706E-02  2.782E-02  2.930E-02  3.125E-02  3.199E-02  3.361E-02  3.482E-02  3.734E-02  4.006E-02  3.897E-02
  4.062E-02  3.969E-02  4.201E-02  4.081E-02  4.121E-02  4.280E-02  4.429E-02  4.676E-02  4.582E-02  4.841E-02
  5.103E-02  5.264E-02  5.289E-02  5.407E-02  5.329E-02  5.332E-02  5.470E-02  5.448E-02  5.529E-02  5.451E-02
  5.647E-02  5.514E-02  5.818E-02  5.907E-02  6.215E-02  6.509E-02  6.294E-02  6.325E-02  6.059E-02  6.135E-02
  5.939E-02  6.056E-02  6.227E-02  6.053E-02  6.177E-02  6.408E-02  6.796E-02  6.930E-02  6.488E-02  6.501E-02
  6.431E-02  6.442E-02  6.393E-02  6.329E-02  6.343E-02  6.285E-02  6.435E-02  6.336E-02  6.734E-02  6.836E-02
  6.464E-02  6.968E-02  6.976E-02  7.115E-02  7.042E-02  6.872E-02  6.824E-02  6.961E-02  6.896E-02  6.836E-02
  6.955E-02  6.880E-02  7.457E-02  7.038E-02  7.108E-02  7.152E-02  7.123E-02  7.022E-02  6.839E-02  6.881E-02
  7.038E-02  6.851E-02  6.927E-02  7.109E-02  6.986E-02  6.517E-02  7.002E-02  6.889E-02  7.143E-02  7.630E-02
  7.563E-02  7.433E-02  7.169E-02  7.285E-02  6.976E-02  7.184E-02  7.052E-02  7.067E-02  7.068E-02  7.077E-02
  7.360E-02  7.543E-02  7.994E-02  7.392E-02  7.036E-02  7.236E-02  7.076E-02  7.183E-02  7.147E-02  7.202E-02
  7.367E-02  7.729E-02  7.832E-02  7.730E-02  7.512E-02  7.798E-02  8.099E-02  7.892E-02  7.935E-02  7.916E-02
  8.236E-02  7.707E-02  7.790E-02  7.737E-02  8.032E-02  8.306E-02  8.438E-02  8.311E-02  8.712E-02  9.273E-02
  4.589E-02  4.350E-02  3.868E-02  3.579E-02  3.300E-02  2.998E-02  2.846E-02  2.726E-02  2.666E-02  2.665E-02
  2.692E-02  2.653E-02  2.718E-02  2.713E-02  2.660E-02  2.671E-02  2.632E-02  2.647E-02  2.668E-02  2.692E-02
  2.770E-02  2.794E-02  2.928E-02  3.113E-02  3.115E-02  3.167E-02  3.218E-02  3.280E-02  3.196E-02  3.292E-02
  3.384E-02  3.465E-02  3.563E-02  3.761E-02  3.857E-02  3.889E-02  4.063E-02  4.159E-02  4.387E-02  4.403E-02
  4.471E-02  4.388E-02  4.365E-02  4.533E-02  4.497E-02  4.514E-02  4.716E-02  5.023E-02  5.175E-02  5.246E-02
  5.496E-02  5.656E-02  5.764E-02  6.093E-02  5.888E-02  5.824E-02  5.620E-02  5.831E-02  5.539E-02  5.672E-02
  5.720E-02  6.020E-02  5.902E-02  6.240E-02  6.495E-02  6.175E-02  7.023E-02  6.481E-02  6.085E-02  6.029E-02
  5.956E-02  6.133E-02  6.022E-02  6.094E-02  6.139E-02  6.503E-02  6.392E-02  6.597E-02  6.818E-02  6.655E-02
  6.726E-02  6.657E-02  6.465E-02  6.310E-02  6.344E-02  6.353E-02  6.068E-02  6.569E-02  6.369E-02  6.678E-02
  7.001E-02  7.021E-02  7.048E-02  7.333E-02  7.297E-02  7.283E-02  6.886E-02  6.478E-02  6.717E-02  6.940E-02
  6.905E-02  7.011E-02  6.559E-02  6.731E-02  7.224E-02  7.052E-02  6.943E-02  6.763E-02  6.642E-02  6.586E-02
  6.735E-02  6.888E-02  6.936E-02  7.182E-02  7.197E-02  6.971E-02  6.956E-02  7.207E-02  7.183E-02  7.300E-02
  6.963E-02  6.683E-02  6.796E-02  7.081E-02  7.189E-02  7.300E-02  7.201E-02  6.951E-02  7.309E-02  7.024E-02
  7.416E-02  7.655E-02  7.374E-02  7.403E-02  7.667E-02  7.783E-02  7.662E-02  7.380E-02  7.770E-02  7.567E-02
  7.532E-02  7.834E-02  7.583E-02  7.708E-02  8.072E-02  8.173E-02  7.658E-02  7.601E-02  7.589E-02  7.905E-02
  7.972E-02  7.638E-02  7.622E-02  7.786E-02  7.603E-02  8.075E-02  7.967E-02  8.395E-02  8.909E-02  9.372E-02
  5.503E-02  5.683E-02  4.979E-02  4.436E-02  4.201E-02  3.941E-02  3.780E-02  3.734E-02  3.467E-02  3.232E-02
  3.254E-02  3.289E-02  3.288E-02  3.291E-02  3.133E-02  3.088E-02  3.166E-02  3.255E-02  3.173E-02  3.192E-02
  3.192E-02  3.218E-02  3.262E-02  3.324E-02  3.446E-02  3.458E-02  3.536E-02  3.618E-02  3.510E-02  3.711E-02
  3.658E-02  3.775E-02  3.744E-02  3.758E-02  3.900E-02  4.113E-02  4.106E-02  4.385E-02  4.603E-02  4.628E-02
  4.743E-02  4.600E-02  4.665E-02  4.601E-02  4.578E-02  4.747E-02  4.877E-02  4.933E-02  5.046E-02  5.281E-02
  5.737E-02  5.800E-02  5.708E-02  5.934E-02  5.991E-02  5.492E-02  5.587E-02  5.521E-02  5.368E-02  5.406E-02
  5.604E-02  5.744E-02  5.678E-02  5.852E-02  5.989E-02  6.088E-02  6.527E-02  6.147E-02  6.184E-02  6.101E-02
  5.853E-02  6.103E-02  6.194E-02  6.571E-02  7.233E-02  6.601E-02  6.525E-02  6.576E-02  6.881E-02  6.682E-02
  6.923E-02  6.738E-02  6.780E-02  6.584E-02  6.827E-02  6.933E-02  6.945E-02  7.262E-02  7.079E-02  6.713E-02
  7.096E-02  7.602E-02  7.287E-02  7.570E-02  7.080E-02  6.876E-02  6.719E-02  6.674E-02  6.745E-02  6.707E-02
  6.582E-02  6.865E-02  6.867E-02  6.791E-02  6.922E-02  6.891E-02  6.816E-02  7.015E-02  6.918E-02  6.522E-02
  6.414E-02  6.585E-02  6.593E-02  6.749E-02  6.728E-02  6.768E-02  6.928E-02  7.393E-02  6.870E-02  7.036E-02
  7.032E-02  6.976E-02  7.100E-02  7.242E-02  7.121E-02  7.040E-02  7.183E-02  7.119E-02  7.228E-02  7.285E-02
  7.466E-02  7.410E-02  7.716E-02  7.138E-02  7.102E-02  7.330E-02  7.513E-02  7.760E-02  7.710E-02  7.675E-02
  7.587E-02  7.771E-02  7.773E-02  7.961E-02  8.185E-02  8.665E-02  8.427E-02  8.382E-02  8.096E-02  7.972E-02
  7.481E-02  7.694E-02  7.914E-02  8.028E-02  7.849E-02  8.039E-02  8.511E-02  8.989E-02  9.243E-02  1.017E-01
  6.336E-02  5.919E-02  5.556E-02  5.067E-02  4.933E-02  4.566E-02  4.575E-02  4.175E-02  4.274E-02  4.065E-02
  3.990E-02  3.819E-02  3.737E-02  3.895E-02  3.840E-02  3.570E-02  3.590E-02  3.496E-02  3.552E-02  3.572E-02
  3.616E-02  3.757E-02  3.843E-02  4.064E-02  3.910E-02  3.776E-02  3.948E-02  3.975E-02  3.813E-02  3.926E-02
  4.153E-02  4.114E-02  4.212E-02  4.158E-02  4.255E-02  4.314E-02  4.338E-02  4.531E-02  4.730E-02  4.884E-02
  4.929E-02  4.844E-02  4.630E-02  4.567E-02  4.738E-02  4.843E-02  5.000E-02  5.041E-02  5.112E-02  5.271E-02
  5.615E-02  5.911E-02  6.266E-02  6.505E-02  5.863E-02  5.839E-02  5.953E-02  5.804E-02  5.852E-02  5.791E-02
  5.829E-02  5.912E-02  6.163E-02  5.932E-02  6.202E-02  6.135E-02  6.990E-02  6.388E-02  6.368E-02  6.385E-02
  6.123E-02  6.220E-02  6.432E-02  6.141E-02  6.396E-02  6.686E-02  6.936E-02  6.560E-02  6.713E-02  7.123E-02
  6.951E-02  6.873E-02  6.405E-02  6.636E-02  6.545E-02  6.472E-02  6.175E-02  6.610E-02  6.369E-02  6.678E-02
  7.170E-02  7.663E-02  7.513E-02  7.592E-02  7.050E-02  7.064E-02  6.990E-02  6.773E-02  7.060E-02  7.146E-02
  7.365E-02  7.171E-02  6.965E-02  7.013E-02  7.282E-02  7.336E-02  7.028E-02  7.191E-02  6.901E-02  7.424E-02
  6.993E-02  7.004E-02  6.631E-02  6.702E-02  6.987E-02  7.014E-02  7.250E-02  7.285E-02  7.173E-02  7.083E-02
  7.428E-02  7.471E-02  7.271E-02  7.389E-02  7.303E-02  7.166E-02  6.923E-02  6.722E-02  6.834E-02  7.260E-02
  7.216E-02  7.515E-02  7.735E-02  7.633E-02  7.475E-02  7.538E-02  7.411E-02  7.534E-02  7.448E-02  7.219E-02
  7.458E-02  7.304E-02  7.698E-02  7.736E-02  7.601E-02  7.404E-02  8.316E-02  7.873E-02  7.862E-02  7.644E-02
  7.382E-02  7.446E-02  7.670E-02  7.653E-02  7.828E-02  8.131E-02  8.792E-02  8.646E-02  9.125E-02  9.419E-02
  6.986E-02  6.976E-02  6.277E-02  6.261E-02  5.628E-02  5.442E-02  5.156E-02  4.711E-02  4.695E-02  4.730E-02
  4.530E-02  4.508E-02  4.549E-02  4.358E-02  4.345E-02  4.155E-02  4.025E-02  4.138E-02  3.997E-02  4.049E-02
  4.074E-02  4.092E-02  4.079E-02  4.127E-02  4.560E-02  4.459E-02  4.409E-02  4.339E-02  4.258E-02  4.231E-02
  4.446E-02  4.451E-02  4.550E-02  4.635E-02  4.708E-02  4.751E-02  5.027E-02  4.979E-02  5.041E-02  5.121E-02
  5.307E-02  5.102E-02  5.084E-02  5.021E-02  4.949E-02  4.997E-02  5.246E-02  5.398E-02  5.496E-02  5.723E-02
  5.661E-02  5.971E-02  5.989E-02  6.452E-02  6.037E-02  5.803E-02  5.605E-02  5.579E-02  5.694E-02  5.613E-02
  5.997E-02  6.010E-02  6.132E-02  6.191E-02  6.308E-02  6.536E-02  6.456E-02  6.626E-02  6.632E-02  6.588E-02
  6.527E-02  6.638E-02  6.281E-02  6.347E-02  6.493E-02  6.385E-02  6.745E-02  6.695E-02  7.190E-02  7.021E-02
  6.759E-02  6.672E-02  6.910E-02  6.772E-02  6.862E-02  6.833E-02  6.949E-02  6.411E-02  6.559E-02  6.720E-02
  6.836E-02  7.391E-02  7.529E-02  6.872E-02  6.955E-02  7.104E-02  7.011E-02  6.810E-02  6.702E-02  6.495E-02
  6.954E-02  7.014E-02  6.792E-02  7.177E-02  6.827E-02  7.047E-02  7.317E-02  7.175E-02  6.956E-02  6.710E-02
  6.885E-02  6.825E-02  6.866E-02  6.880E-02  6.632E-02  6.910E-02  7.253E-02  7.151E-02  7.255E-02  7.167E-02
  7.247E-02  7.114E-02  6.727E-02  7.177E-02  6.969E-02  6.871E-02  6.841E-02  6.973E-02  6.848E-02  7.194E-02
  7.208E-02  7.110E-02  7.251E-02  7.757E-02  7.104E-02  7.223E-02  7.321E-02  7.277E-02  6.826E-02  7.111E-02
  7.374E-02  7.636E-02  7.654E-02  7.395E-02  7.652E-02  8.037E-02  7.413E-02  7.536E-02  7.299E-02  7.344E-02
  7.403E-02  7.696E-02  7.694E-02  7.702E-02  8.215E-02  8.386E-02  8.892E-02  8.869E-02  9.184E-02  1.090E-01
  8.016E-02  9.176E-02  7.298E-02  7.026E-02  6.324E-02  5.883E-02  5.812E-02  5.576E-02  5.699E-02  5.363E-02
  5.189E-02  5.263E-02  5.298E-02  5.029E-02  4.908E-02  4.822E-02  4.572E-02  4.564E-02  4.703E-02  4.542E-02
  4.484E-02  4.631E-02  4.685E-02  4.615E-02  4.829E-02  4.938E-02  4.887E-02  4.647E-02  4.433E-02  4.635E-02
  4.717E-02  4.692E-02  4.743E-02  4.943E-02  4.967E-02  4.870E-02  5.060E-02  5.313E-02  5.395E-02  5.748E-02
  5.467E-02  5.233E-02  5.421E-02  5.244E-02  5.145E-02  5.330E-02  5.263E-02  5.322E-02  5.549E-02  5.672E-02
  5.986E-02  6.054E-02  6.581E-02  6.712E-02  6.709E-02  6.408E-02  6.043E-02  6.203E-02  6.148E-02  6.001E-02
  6.220E-02  6.101E-02  5.992E-02  6.268E-02  6.389E-02  6.599E-02  6.814E-02  6.892E-02  6.531E-02  6.666E-02
  6.411E-02  6.793E-02  6.763E-02  6.577E-02  6.844E-02  6.805E-02  6.741E-02  7.072E-02  7.068E-02  6.939E-02
  6.799E-02  6.697E-02  6.878E-02  6.836E-02  6.481E-02  6.736E-02  6.734E-02  6.401E-02  6.291E-02  6.892E-02
  6.484E-02  6.662E-02  6.817E-02  6.899E-02  6.711E-02  6.545E-02  7.032E-02  6.749E-02  6.983E-02  7.149E-02
  6.813E-02  6.911E-02  7.147E-02  6.941E-02  6.914E-02  6.996E-02  7.138E-02  7.041E-02  6.953E-02  7.122E-02
  7.102E-02  6.792E-02  6.854E-02  6.875E-02  6.872E-02  7.044E-02  7.108E-02  7.186E-02  7.194E-02  7.428E-02
  7.161E-02  7.356E-02  7.093E-02  7.136E-02  6.954E-02  6.713E-02  6.757E-02  7.164E-02  6.837E-02  7.239E-02
  7.241E-02  7.133E-02  7.479E-02  7.172E-02  7.300E-02  7.489E-02  7.184E-02  7.412E-02  7.232E-02  7.023E-02
  7.276E-02  7.072E-02  7.390E-02  7.984E-02  7.356E-02  7.136E-02  8.096E-02  7.439E-02  7.325E-02  7.576E-02
  7.797E-02  7.824E-02  7.479E-02  7.628E-02  7.800E-02  7.956E-02  8.169E-02  8.478E-02  8.715E-02  8.731E-02
  9.894E-02  9.330E-02  8.431E-02  7.523E-02  7.284E-02  6.893E-02  6.644E-02  6.285E-02  6.217E-02  5.920E-02
  5.822E-02  6.304E-02  5.672E-02  5.769E-02  5.652E-02  5.469E-02  5.040E-02  4.924E-02  5.051E-02  5.175E-02
  4.972E-02  5.086E-02  5.279E-02  5.281E-02  5.336E-02  6.768E-02  5.460E-02  5.296E-02  5.047E-02  4.943E-02
  5.012E-02  5.102E-02  4.986E-02  5.174E-02  5.355E-02  5.579E-02  5.494E-02  5.545E-02  5.675E-02  5.807E-02
  5.609E-02  5.585E-02  5.380E-02  5.307E-02  5.568E-02  5.394E-02  5.726E-02  5.719E-02  5.691E-02  5.727E-02
  5.986E-02  6.260E-02  6.919E-02  6.583E-02  6.458E-02  6.255E-02  6.502E-02  6.139E-02  6.563E-02  6.258E-02
  6.415E-02  6.305E-02  6.588E-02  6.579E-02  6.799E-02  6.674E-02  6.990E-02  6.995E-02  6.990E-02  6.590E-02
  6.558E-02  6.556E-02  6.548E-02  6.523E-02  7.137E-02  7.605E-02  7.874E-02  7.762E-02  8.205E-02  7.966E-02
  8.081E-02  7.542E-02  6.834E-02  6.781E-02  7.150E-02  6.917E-02  6.970E-02  6.844E-02  6.931E-02  6.738E-02
  6.797E-02  7.341E-02  7.512E-02  7.250E-02  6.756E-02  6.604E-02  6.586E-02  6.831E-02  7.314E-02  7.499E-02
  7.261E-02  7.121E-02  7.377E-02  6.765E-02  7.113E-02  7.305E-02  7.242E-02  7.398E-02  7.046E-02  6.778E-02
  6.771E-02  6.846E-02  7.033E-02  7.169E-02  6.874E-02  6.995E-02  6.959E-02  7.157E-02  7.315E-02  7.544E-02
  7.522E-02  7.325E-02  7.559E-02  7.509E-02  7.356E-02  7.377E-02  7.332E-02  7.080E-02  7.141E-02  7.335E-02
  7.420E-02  7.694E-02  7.313E-02  7.543E-02  7.308E-02  7.521E-02  7.308E-02  7.457E-02  7.241E-02  7.596E-02
  7.535E-02  7.484E-02  7.402E-02  7.887E-02  7.843E-02  7.861E-02  7.867E-02  7.806E-02  7.430E-02  7.268E-02
  7.265E-02  7.605E-02  7.316E-02  7.176E-02  7.709E-02  7.809E-02  7.794E-02  8.601E-02  8.532E-02  9.225E-02
  9.701E-02  9.057E-02  9.634E-02  8.602E-02  9.272E-02  7.826E-02  7.257E-02  6.959E-02  6.780E-02  6.589E-02
  6.989E-02  6.861E-02  6.666E-02  6.571E-02  6.229E-02  6.266E-02  5.612E-02  5.882E-02  5.433E-02  5.534E-02
  5.777E-02  5.681E-02  5.339E-02  5.675E-02  5.862E-02  6.180E-02  6.514E-02  5.566E-02  5.441E-02  5.095E-02
  5.400E-02  5.187E-02  5.477E-02  5.567E-02  5.590E-02  5.624E-02  5.638E-02  5.985E-02  5.773E-02  6.024E-02
  6.273E-02  5.976E-02  5.710E-02  5.804E-02  5.655E-02  5.502E-02  5.598E-02  5.961E-02  6.479E-02  6.485E-02
  6.639E-02  6.768E-02  6.596E-02  6.764E-02  6.374E-02  6.243E-02  6.245E-02  6.154E-02  6.325E-02  6.400E-02
  6.258E-02  6.213E-02  6.597E-02  7.042E-02  6.939E-02  7.067E-02  7.013E-02  6.792E-02  6.972E-02  7.481E-02
  6.913E-02  7.107E-02  7.181E-02  6.798E-02  6.391E-02  6.896E-02  6.870E-02  6.918E-02  7.175E-02  7.573E-02
  7.490E-02  7.446E-02  7.927E-02  7.645E-02  7.359E-02  7.059E-02  7.005E-02  7.274E-02  7.081E-02  7.255E-02
  7.570E-02  7.541E-02  7.369E-02  7.834E-02  7.325E-02  6.924E-02  7.151E-02  7.030E-02  6.699E-02  6.795E-02
  6.862E-02  7.164E-02  6.822E-02  7.205E-02  7.676E-02  8.118E-02  7.928E-02  7.192E-02  7.022E-02  7.169E-02
  7.054E-02  6.928E-02  7.033E-02  7.037E-02  7.514E-02  7.269E-02  6.823E-02  7.010E-02  7.015E-02  7.413E-02
  6.921E-02  7.377E-02  7.046E-02  6.894E-02  7.006E-02  7.047E-02  7.102E-02  7.242E-02  6.936E-02  7.098E-02
  7.200E-02  7.247E-02  7.467E-02  7.599E-02  7.194E-02  7.323E-02  7.199E-02  7.355E-02  7.485E-02  7.391E-02
  7.317E-02  7.223E-02  7.112E-02  7.625E-02  7.744E-02  8.098E-02  7.896E-02  7.682E-02  7.272E-02  7.295E-02
  6.978E-02  7.025E-02  7.273E-02  7.585E-02  7.798E-02  7.927E-02  8.087E-02  8.059E-02  9.316E-02  9.567E-02
  1.014E-01  1.010E-01  9.207E-02  8.683E-02  8.658E-02  8.504E-02  8.210E-02  7.850E-02  7.454E-02  7.779E-02
  7.313E-02  7.112E-02  7.654E-02  7.584E-02  6.668E-02  6.868E-02  6.182E-02  6.527E-02  6.145E-02  6.156E-02
  6.152E-02  6.047E-02  6.249E-02  6.493E-02  6.391E-02  6.787E-02  6.979E-02  6.183E-02  5.923E-02  5.932E-02
  5.982E-02  5.953E-02  6.182E-02  6.284E-02  5.936E-02  5.883E-02  6.015E-02  6.050E-02  6.344E-02  6.124E-02
  6.813E-02  6.265E-02  6.204E-02  6.325E-02  5.948E-02  5.992E-02  6.205E-02  6.295E-02  6.425E-02  6.544E-02
  6.624E-02  6.962E-02  6.951E-02  7.094E-02  6.777E-02  6.392E-02  6.482E-02  6.187E-02  6.351E-02  6.303E-02
  6.838E-02  6.868E-02  7.597E-02  7.384E-02  7.659E-02  7.613E-02  7.957E-02  7.344E-02  7.145E-02  7.043E-02
  6.761E-02  6.899E-02  6.550E-02  6.838E-02  7.221E-02  7.249E-02  7.333E-02  7.623E-02  7.945E-02  8.270E-02
  7.799E-02  6.642E-02  6.603E-02  6.680E-02  6.959E-02  7.420E-02  7.438E-02  7.219E-02  6.997E-02  7.522E-02
  7.847E-02  7.779E-02  7.782E-02  8.043E-02  7.914E-02  7.065E-02  6.719E-02  6.562E-02  6.793E-02  6.853E-02
  6.926E-02  7.086E-02  7.225E-02  7.281E-02  7.491E-02  7.825E-02  7.943E-02  7.841E-02  7.771E-02  7.368E-02
  7.388E-02  7.619E-02  7.381E-02  7.014E-02  6.914E-02  7.792E-02  7.270E-02  7.102E-02  7.114E-02  7.454E-02
  7.186E-02  6.968E-02  6.898E-02  6.804E-02  6.672E-02  6.744E-02  6.912E-02  6.929E-02  6.986E-02  7.181E-02
  7.129E-02  7.325E-02  7.614E-02  7.926E-02  7.239E-02  7.100E-02  7.046E-02  6.992E-02  7.375E-02  7.664E-02
  7.187E-02  7.410E-02  7.311E-02  7.608E-02  7.943E-02  7.854E-02  7.650E-02  7.384E-02  7.361E-02  7.206E-02
  7.452E-02  7.446E-02  7.050E-02  7.618E-02  7.842E-02  7.749E-02  7.849E-02  8.227E-02  8.320E-02  8.573E-02
  1.191E-01  1.137E-01  1.069E-01  1.104E-01  9.794E-02  9.625E-02  9.910E-02  8.607E-02  8.139E-02  8.903E-02
  8.052E-02  7.909E-02  8.839E-02  8.271E-02  7.635E-02  6.839E-02  6.950E-02  6.912E-02  7.074E-02  7.303E-02
  7.580E-02  7.377E-02  7.027E-02  7.104E-02  7.147E-02  7.260E-02  7.048E-02  6.648E-02  6.525E-02  6.205E-02
  5.838E-02  5.992E-02  6.306E-02  6.662E-02  6.479E-02  7.161E-02  7.023E-02  6.684E-02  6.934E-02  6.465E-02
  6.652E-02  6.688E-02  6.622E-02  6.256E-02  6.346E-02  6.228E-02  6.426E-02  6.475E-02  6.716E-02  6.861E-02
  6.814E-02  7.168E-02  7.091E-02  6.978E-02  6.894E-02  6.771E-02  6.688E-02  6.494E-02  6.611E-02  6.907E-02
  7.016E-02  7.480E-02  7.797E-02  7.397E-02  7.238E-02  7.798E-02  7.832E-02  8.260E-02  7.277E-02  6.893E-02
  7.102E-02  6.987E-02  6.845E-02  7.002E-02  7.231E-02  6.909E-02  7.410E-02  7.560E-02  7.450E-02  7.412E-02
  7.830E-02  7.082E-02  7.251E-02  7.132E-02  7.197E-02  7.190E-02  7.311E-02  8.062E-02  7.839E-02  7.679E-02
  7.516E-02  7.857E-02  7.510E-02  7.292E-02  7.222E-02  7.012E-02  7.392E-02  7.613E-02  7.666E-02  7.401E-02
  7.423E-02  7.693E-02  7.143E-02  7.727E-02  7.506E-02  7.307E-02  8.047E-02  7.501E-02  6.987E-02  7.699E-02
  7.509E-02  7.273E-02  7.735E-02  7.378E-02  7.716E-02  7.638E-02  7.508E-02  7.531E-02  7.855E-02  8.322E-02
  8.283E-02  7.785E-02  7.704E-02  7.157E-02  6.984E-02  6.987E-02  6.791E-02  7.197E-02  7.195E-02  7.170E-02
  7.653E-02  7.458E-02  7.544E-02  7.731E-02  7.443E-02  7.056E-02  6.981E-02  7.022E-02  7.031E-02  7.398E-02
  7.627E-02  7.065E-02  7.615E-02  8.173E-02  7.945E-02  7.586E-02  8.104E-02  7.931E-02  7.346E-02  7.106E-02
  6.754E-02  6.939E-02  7.173E-02  7.566E-02  7.690E-02  7.568E-02  7.616E-02  7.973E-02  7.870E-02  8.265E-02
  1.503E-01  1.241E-01  1.100E-01  1.037E-01  9.434E-02  9.903E-02  9.703E-02  8.150E-02  8.223E-02  7.970E-02
  8.402E-02  8.339E-02  8.238E-02  7.721E-02  7.235E-02  6.791E-02  6.663E-02  6.778E-02  6.924E-02  6.576E-02
  6.933E-02  7.212E-02  6.963E-02  6.496E-02  6.609E-02  7.063E-02  6.848E-02  6.830E-02  6.316E-02  5.966E-02
  5.910E-02  5.784E-02  5.694E-02  5.836E-02  5.909E-02  6.097E-02  6.087E-02  5.990E-02  6.594E-02  6.561E-02
  6.100E-02  6.450E-02  6.214E-02  6.436E-02  6.072E-02  6.390E-02  6.284E-02  6.260E-02  6.343E-02  6.585E-02
  6.696E-02  6.636E-02  6.500E-02  6.507E-02  6.687E-02  6.541E-02  6.476E-02  6.629E-02  6.220E-02  6.166E-02
  6.266E-02  6.691E-02  6.765E-02  6.623E-02  6.844E-02  7.220E-02  7.243E-02  7.127E-02  6.976E-02  6.929E-02
  7.052E-02  7.001E-02  6.993E-02  7.080E-02  7.532E-02  7.466E-02  7.133E-02  7.014E-02  7.692E-02  7.158E-02
  7.014E-02  6.744E-02  7.199E-02  7.216E-02  6.912E-02  6.991E-02  7.107E-02  6.983E-02  7.255E-02  7.142E-02
  7.849E-02  7.640E-02  7.790E-02  8.004E-02  7.692E-02  7.233E-02  6.684E-02  6.646E-02  6.276E-02  6.631E-02
  6.844E-02  7.098E-02  7.766E-02  7.822E-02  7.532E-02  7.690E-02  7.374E-02  7.430E-02  7.286E-02  6.908E-02
  6.973E-02  7.358E-02  7.773E-02  7.588E-02  6.931E-02  7.017E-02  7.136E-02  7.258E-02  7.421E-02  7.213E-02
  7.185E-02  7.003E-02  7.019E-02  7.272E-02  7.962E-02  8.095E-02  7.619E-02  7.608E-02  8.154E-02  7.953E-02
  8.622E-02  8.013E-02  7.967E-02  7.955E-02  7.245E-02  6.861E-02  6.745E-02  6.844E-02  6.887E-02  7.562E-02
  7.482E-02  7.554E-02  7.698E-02  8.004E-02  8.033E-02  8.313E-02  8.075E-02  7.999E-02  7.894E-02  7.672E-02
  7.628E-02  7.510E-02  7.768E-02  7.679E-02  8.040E-02  8.188E-02  7.775E-02  8.141E-02  8.841E-02  8.744E-02
  1.632E-01  1.072E-01  1.003E-01  9.513E-02  8.839E-02  8.882E-02  8.234E-02  7.373E-02  8.064E-02  7.723E-02
  7.819E-02  7.347E-02  7.679E-02  6.898E-02  7.130E-02  6.515E-02  6.557E-02  6.624E-02  6.569E-02  6.428E-02
  6.204E-02  6.173E-02  6.774E-02  6.534E-02  6.259E-02  6.302E-02  6.179E-02  5.854E-02  6.227E-02  6.002E-02
  5.702E-02  5.658E-02  5.610E-02  5.510E-02  5.634E-02  5.640E-02  5.705E-02  5.936E-02  5.857E-02  5.923E-02
  5.952E-02  5.855E-02  5.518E-02  5.626E-02  5.715E-02  5.700E-02  5.676E-02  5.581E-02  5.618E-02  5.831E-02
  6.349E-02  6.547E-02  6.154E-02  6.197E-02  6.293E-02  6.149E-02  6.413E-02  5.904E-02  6.005E-02  6.039E-02
  5.894E-02  5.817E-02  6.104E-02  6.110E-02  6.091E-02  6.408E-02  6.419E-02  6.289E-02  6.343E-02  6.240E-02
  6.201E-02  6.089E-02  6.111E-02  6.352E-02  6.214E-02  6.208E-02  7.285E-02  7.367E-02  7.877E-02  7.916E-02
  7.550E-02  7.355E-02  7.136E-02  6.770E-02  6.517E-02  6.657E-02  6.808E-02  6.828E-02  6.571E-02  6.510E-02
  7.079E-02  7.329E-02  7.434E-02  7.797E-02  7.433E-02  7.295E-02  7.405E-02  6.802E-02  7.003E-02  7.157E-02
  7.259E-02  7.120E-02  7.058E-02  7.266E-02  7.570E-02  7.664E-02  7.325E-02  7.064E-02  6.951E-02  7.508E-02
  7.545E-02  7.747E-02  7.753E-02  7.764E-02  7.927E-02  7.641E-02  7.357E-02  6.992E-02  7.125E-02  7.064E-02
  7.142E-02  6.725E-02  7.135E-02  7.261E-02  6.949E-02  7.184E-02  7.483E-02  7.106E-02  7.303E-02  7.728E-02
  7.621E-02  7.467E-02  7.742E-02  7.484E-02  7.439E-02  7.666E-02  7.668E-02  7.368E-02  7.185E-02  7.593E-02
  7.735E-02  7.876E-02  7.506E-02  7.340E-02  7.931E-02  8.083E-02  8.199E-02  7.635E-02  7.691E-02  7.570E-02
  7.464E-02  7.289E-02  7.622E-02  7.293E-02  7.717E-02  7.567E-02  7.742E-02  8.235E-02  9.335E-02  9.688E-02
  1.288E-01  1.051E-01  9.193E-02  9.171E-02  8.091E-02  8.752E-02  8.265E-02  7.906E-02  7.821E-02  7.774E-02
  7.250E-02  7.571E-02  6.952E-02  6.983E-02  6.490E-02  6.227E-02  6.266E-02  6.017E-02  6.158E-02  6.162E-02
  5.982E-02  6.250E-02  5.729E-02  6.267E-02  6.327E-02  5.707E-02  6.140E-02  5.577E-02  5.296E-02  5.555E-02
  5.864E-02  5.727E-02  5.279E-02  5.419E-02  5.366E-02  5.293E-02  5.380E-02  5.442E-02  5.533E-02  5.534E-02
  5.740E-02  5.602E-02  5.824E-02  5.451E-02  5.435E-02  5.391E-02  5.329E-02  5.640E-02  5.302E-02  5.461E-02
  5.594E-02  5.477E-02  5.856E-02  6.026E-02  5.723E-02  5.950E-02  5.973E-02  6.210E-02  5.884E-02  5.945E-02
  6.111E-02  5.781E-02  5.794E-02  5.775E-02  6.137E-02  5.961E-02  6.413E-02  5.924E-02  6.095E-02  6.031E-02
  6.061E-02  6.088E-02  6.138E-02  5.986E-02  5.826E-02  6.098E-02  5.967E-02  6.353E-02  5.951E-02  6.251E-02
  6.441E-02  6.751E-02  6.938E-02  7.214E-02  6.893E-02  6.691E-02  6.717E-02  6.140E-02  6.329E-02  6.353E-02
  6.711E-02  6.408E-02  6.872E-02  6.944E-02  7.152E-02  6.701E-02  6.631E-02  7.168E-02  7.409E-02  7.560E-02
  7.561E-02  7.301E-02  7.456E-02  7.691E-02  8.007E-02  7.064E-02  7.160E-02  7.249E-02  7.185E-02  7.134E-02
  7.081E-02  7.164E-02  7.169E-02  6.957E-02  7.294E-02  7.517E-02  8.026E-02  8.037E-02  8.189E-02  8.044E-02
  7.915E-02  7.775E-02  7.377E-02  6.920E-02  7.080E-02  7.660E-02  7.345E-02  7.233E-02  7.419E-02  7.332E-02
  7.201E-02  7.455E-02  7.405E-02  7.580E-02  7.194E-02  7.132E-02  6.919E-02  6.928E-02  7.159E-02  7.426E-02
  7.548E-02  7.496E-02  7.588E-02  7.737E-02  7.773E-02  8.091E-02  7.858E-02  7.976E-02  7.457E-02  7.595E-02
  7.784E-02  7.965E-02  7.803E-02  7.837E-02  8.205E-02  8.005E-02  8.254E-02  8.148E-02  8.954E-02  9.323E-02
  1.417E-01  1.129E-01  8.203E-02  9.038E-02  8.092E-02  8.413E-02  8.163E-02  7.537E-02  7.571E-02  7.527E-02
  7.117E-02  6.990E-02  7.127E-02  6.956E-02  6.300E-02  7.065E-02  6.187E-02  6.034E-02  5.959E-02  5.859E-02
  5.814E-02  6.074E-02  6.206E-02  5.679E-02  6.038E-02  5.994E-02  5.702E-02  5.973E-02  5.555E-02  5.475E-02
  5.298E-02  5.630E-02  5.482E-02  5.409E-02  5.226E-02  5.467E-02  5.270E-02  5.299E-02  5.422E-02  5.822E-02
  5.662E-02  5.239E-02  5.414E-02  5.517E-02  5.489E-02  5.590E-02  5.527E-02  5.243E-02  5.489E-02  5.515E-02
  5.709E-02  5.439E-02  5.409E-02  5.492E-02  5.677E-02  5.479E-02  5.435E-02  5.735E-02  5.881E-02  5.729E-02
  5.600E-02  5.626E-02  5.772E-02  5.730E-02  5.772E-02  5.768E-02  5.834E-02  5.744E-02  5.699E-02  5.595E-02
  5.597E-02  5.460E-02  5.507E-02  5.893E-02  5.926E-02  6.175E-02  6.012E-02  6.126E-02  6.222E-02  6.251E-02
  6.017E-02  6.146E-02  6.231E-02  6.489E-02  6.433E-02  6.397E-02  6.198E-02  6.340E-02  6.266E-02  6.399E-02
  6.771E-02  6.829E-02  6.802E-02  6.758E-02  6.627E-02  7.095E-02  7.045E-02  6.898E-02  6.980E-02  6.936E-02
  6.565E-02  6.705E-02  6.726E-02  6.823E-02  7.058E-02  7.663E-02  7.780E-02  7.549E-02  7.544E-02  7.360E-02
  7.313E-02  7.309E-02  7.052E-02  6.905E-02  7.358E-02  7.286E-02  7.343E-02  7.377E-02  7.686E-02  7.946E-02
  7.736E-02  7.398E-02  7.536E-02  7.936E-02  8.411E-02  8.772E-02  8.342E-02  8.566E-02  8.432E-02  8.046E-02
  7.710E-02  7.850E-02  8.087E-02  8.027E-02  7.980E-02  7.699E-02  7.446E-02  7.324E-02  7.488E-02  7.606E-02
  7.969E-02  7.636E-02  8.149E-02  7.834E-02  7.995E-02  8.122E-02  8.067E-02  8.299E-02  8.102E-02  7.878E-02
  7.669E-02  7.687E-02  7.123E-02  7.411E-02  7.993E-02  7.931E-02  8.698E-02  8.815E-02  8.336E-02  9.226E-02
  1.436E-01  1.031E-01  8.862E-02  8.630E-02  9.033E-02  9.294E-02  8.345E-02  7.730E-02  7.196E-02  7.172E-02
  7.192E-02  6.869E-02  6.740E-02  6.933E-02  6.937E-02  7.067E-02  6.231E-02  5.807E-02  5.960E-02  5.867E-02
  5.816E-02  5.651E-02  6.278E-02  5.939E-02  5.737E-02  6.315E-02  6.541E-02  5.157E-02  5.531E-02  5.721E-02
  5.493E-02  5.329E-02  5.261E-02  5.212E-02  5.672E-02  5.407E-02  5.380E-02  5.361E-02  5.561E-02  5.378E-02
  5.953E-02  5.718E-02  5.259E-02  5.427E-02  5.356E-02  5.437E-02  5.450E-02  5.677E-02  5.427E-02  5.591E-02
  5.651E-02  5.684E-02  5.652E-02  5.524E-02  5.696E-02  5.472E-02  5.441E-02  5.498E-02  5.703E-02  5.735E-02
  5.675E-02  5.608E-02  5.621E-02  5.688E-02  5.851E-02  6.153E-02  5.997E-02  5.677E-02  5.708E-02  5.812E-02
  6.139E-02  5.844E-02  5.772E-02  5.507E-02  5.432E-02  5.794E-02  5.875E-02  5.855E-02  6.059E-02  6.054E-02
  5.912E-02  6.303E-02  6.361E-02  6.444E-02  6.269E-02  6.248E-02  6.185E-02  6.267E-02  6.257E-02  6.736E-02
  6.552E-02  7.016E-02  6.846E-02  6.652E-02  6.498E-02  6.478E-02  7.042E-02  6.855E-02  6.467E-02  7.037E-02
  7.114E-02  7.506E-02  7.585E-02  7.270E-02  7.181E-02  7.138E-02  6.761E-02  6.860E-02  7.027E-02  6.806E-02
  6.734E-02  6.738E-02  6.866E-02  7.280E-02  7.363E-02  7.632E-02  7.282E-02  7.446E-02  7.619E-02  8.059E-02
  7.788E-02  7.328E-02  7.272E-02  7.394E-02  7.441E-02  7.490E-02  7.687E-02  7.894E-02  7.591E-02  8.132E-02
  8.430E-02  8.377E-02  8.394E-02  8.313E-02  8.267E-02  8.088E-02  7.676E-02  7.314E-02  7.766E-02  7.663E-02
  7.573E-02  7.912E-02  8.284E-02  7.762E-02  7.820E-02  8.052E-02  8.035E-02  7.943E-02  7.882E-02  7.866E-02
  7.677E-02  7.472E-02  7.543E-02  7.573E-02  7.543E-02  7.816E-02  8.560E-02  8.801E-02  9.544E-02  1.010E-01
  1.785E-01  9.928E-02  9.679E-02  8.797E-02  8.688E-02  9.163E-02  7.751E-02  8.600E-02  7.236E-02  7.253E-02
  7.490E-02  6.484E-02  6.207E-02  6.867E-02  6.636E-02  6.783E-02  6.421E-02  5.722E-02  6.202E-02  5.950E-02
  5.838E-02  5.527E-02  6.087E-02  5.757E-02  6.389E-02  6.165E-02  6.053E-02  6.177E-02  5.813E-02  5.732E-02
  5.677E-02  5.676E-02  5.140E-02  5.025E-02  5.537E-02  5.389E-02  5.911E-02  5.724E-02  5.581E-02  5.365E-02
  5.474E-02  5.520E-02  5.666E-02  5.453E-02  5.458E-02  5.404E-02  5.257E-02  5.237E-02  5.281E-02  5.690E-02
  5.642E-02  5.480E-02  5.506E-02  5.780E-02  5.707E-02  5.579E-02  5.613E-02  5.589E-02  5.544E-02  5.743E-02
  5.848E-02  5.745E-02  5.948E-02  5.904E-02  5.892E-02  6.020E-02  5.984E-02  5.970E-02  5.899E-02  5.798E-02
  5.333E-02  5.573E-02  5.686E-02  5.781E-02  5.549E-02  5.573E-02  5.748E-02  5.761E-02  5.862E-02  5.891E-02
  5.753E-02  5.704E-02  5.875E-02  5.608E-02  5.894E-02  5.731E-02  6.035E-02  6.336E-02  6.472E-02  6.622E-02
  6.505E-02  6.459E-02  7.091E-02  7.362E-02  7.556E-02  7.368E-02  7.745E-02  7.186E-02  6.875E-02  6.913E-02
  6.855E-02  7.041E-02  7.493E-02  7.218E-02  7.257E-02  7.653E-02  7.102E-02  7.108E-02  6.520E-02  6.766E-02
  6.612E-02  7.012E-02  6.875E-02  6.785E-02  6.878E-02  7.117E-02  6.941E-02  7.044E-02  7.147E-02  7.236E-02
  7.512E-02  7.726E-02  7.778E-02  7.893E-02  7.700E-02  7.582E-02  7.319E-02  7.662E-02  7.788E-02  7.734E-02
  7.288E-02  7.268E-02  7.758E-02  7.455E-02  7.198E-02  7.335E-02  7.807E-02  8.101E-02  8.611E-02  9.200E-02
  8.535E-02  9.123E-02  9.143E-02  8.478E-02  8.719E-02  9.067E-02  9.032E-02  8.784E-02  8.533E-02  8.348E-02
  8.138E-02  8.121E-02  8.315E-02  7.443E-02  7.725E-02  8.689E-02  8.455E-02  8.597E-02  9.188E-02  9.911E-02
  1.405E-01  1.072E-01  9.487E-02  8.434E-02  8.643E-02  8.363E-02  7.320E-02  8.391E-02  6.478E-02  7.142E-02
  7.315E-02  6.760E-02  6.031E-02  6.854E-02  6.719E-02  7.587E-02  6.683E-02  5.959E-02  6.418E-02  6.621E-02
  6.013E-02  5.904E-02  5.803E-02  5.735E-02  5.952E-02  5.739E-02  6.033E-02  6.292E-02  6.159E-02  6.121E-02
  5.834E-02  5.412E-02  5.465E-02  5.593E-02  5.249E-02  5.358E-02  5.979E-02  5.625E-02  5.691E-02  5.530E-02
  5.456E-02  5.494E-02  5.394E-02  5.559E-02  5.310E-02  5.759E-02  5.245E-02  5.405E-02  5.375E-02  5.619E-02
  5.802E-02  6.217E-02  6.241E-02  5.759E-02  5.388E-02  5.554E-02  5.638E-02  5.621E-02  5.491E-02  5.692E-02
  5.558E-02  5.522E-02  5.684E-02  5.946E-02  5.847E-02  5.900E-02  6.288E-02  6.246E-02  5.908E-02  5.764E-02
  5.570E-02  5.453E-02  5.423E-02  5.309E-02  5.806E-02  6.114E-02  5.836E-02  6.116E-02  5.873E-02  6.107E-02
  6.083E-02  5.896E-02  5.880E-02  5.921E-02  5.990E-02  6.006E-02  6.158E-02  6.570E-02  6.748E-02  6.815E-02
  6.762E-02  6.818E-02  6.989E-02  6.749E-02  6.664E-02  6.487E-02  6.742E-02  6.299E-02  7.111E-02  7.516E-02
  7.261E-02  7.350E-02  7.289E-02  6.863E-02  7.102E-02  7.371E-02  7.426E-02  7.269E-02  7.245E-02  7.316E-02
  6.929E-02  7.265E-02  6.836E-02  6.964E-02  7.070E-02  7.219E-02  7.090E-02  7.597E-02  7.812E-02  7.541E-02
  7.499E-02  7.283E-02  7.158E-02  7.432E-02  7.688E-02  7.486E-02  7.533E-02  7.438E-02  7.860E-02  8.320E-02
  8.150E-02  8.076E-02  8.292E-02  8.168E-02  7.807E-02  7.662E-02  7.274E-02  7.387E-02  7.232E-02  7.554E-02
  7.776E-02  7.837E-02  8.332E-02  8.408E-02  9.287E-02  9.810E-02  1.041E-01  1.042E-01  9.911E-02  9.602E-02
  9.779E-02  8.704E-02  8.854E-02  8.674E-02  8.382E-02  9.138E-02  8.929E-02  9.478E-02  9.660E-02  1.041E-01
  1.809E-01  1.164E-01  9.936E-02  9.235E-02  8.898E-02  8.610E-02  9.171E-02  8.142E-02  7.440E-02  7.038E-02
  7.722E-02  7.397E-02  6.817E-02  6.189E-02  7.017E-02  7.815E-02  6.859E-02  7.423E-02  6.572E-02  6.489E-02
  6.682E-02  6.161E-02  6.358E-02  5.881E-02  6.213E-02  6.214E-02  6.014E-02  6.107E-02  6.390E-02  5.802E-02
  5.663E-02  5.858E-02  5.488E-02  5.386E-02  5.642E-02  5.651E-02  5.769E-02  5.801E-02  5.622E-02  5.663E-02
  5.554E-02  5.518E-02  5.673E-02  5.437E-02  5.755E-02  5.728E-02  5.910E-02  5.680E-02  5.650E-02  5.903E-02
  5.743E-02  6.227E-02  6.107E-02  6.004E-02  5.717E-02  6.240E-02  5.621E-02  5.482E-02  5.580E-02  5.950E-02
  5.834E-02  5.944E-02  6.178E-02  5.883E-02  5.822E-02  5.745E-02  6.413E-02  6.255E-02  5.992E-02  6.175E-02
  6.007E-02  6.233E-02  6.072E-02  5.901E-02  5.596E-02  5.622E-02  5.752E-02  6.086E-02  5.912E-02  6.110E-02
  5.932E-02  5.910E-02  5.998E-02  6.014E-02  5.972E-02  6.030E-02  6.332E-02  6.469E-02  6.604E-02  6.550E-02
  7.022E-02  6.806E-02  6.794E-02  6.747E-02  6.760E-02  6.786E-02  6.625E-02  6.723E-02  6.821E-02  6.436E-02
  6.891E-02  7.038E-02  7.032E-02  7.742E-02  7.520E-02  7.623E-02  7.278E-02  7.467E-02  7.205E-02  7.155E-02
  7.163E-02  7.152E-02  7.349E-02  7.251E-02  7.263E-02  7.147E-02  7.192E-02  7.041E-02  7.225E-02  7.421E-02
  7.387E-02  7.667E-02  7.338E-02  7.445E-02  7.389E-02  7.025E-02  7.514E-02  7.632E-02  8.161E-02  8.316E-02
  7.601E-02  7.726E-02  8.730E-02  8.056E-02  7.913E-02  7.657E-02  8.062E-02  7.486E-02  7.771E-02  8.208E-02
  8.536E-02  8.760E-02  8.392E-02  8.477E-02  8.210E-02  7.994E-02  8.200E-02  8.734E-02  8.355E-02  8.261E-02
  8.279E-02  9.068E-02  9.025E-02  8.881E-02  9.300E-02  9.268E-02  1.018E-01  9.650E-02  9.331E-02  9.500E-02
  2.012E-01  1.197E-01  9.987E-02  1.112E-01  1.017E-01  8.342E-02  8.997E-02  8.844E-02  8.523E-02  6.703E-02
  7.908E-02  7.276E-02  7.006E-02  6.576E-02  6.880E-02  8.243E-02  8.391E-02  7.397E-02  6.868E-02  6.659E-02
  6.592E-02  6.250E-02  6.447E-02  6.434E-02  6.297E-02  6.778E-02  6.575E-02  5.786E-02  6.286E-02  6.266E-02
  5.762E-02  5.907E-02  6.012E-02  5.943E-02  5.774E-02  5.579E-02  5.777E-02  5.850E-02  6.050E-02  6.203E-02
  6.352E-02  5.782E-02  5.981E-02  5.893E-02  5.882E-02  6.462E-02  5.968E-02  6.136E-02  6.154E-02  6.179E-02
  6.215E-02  7.192E-02  6.361E-02  6.167E-02  6.246E-02  5.987E-02  6.108E-02  5.974E-02  5.735E-02  5.677E-02
  6.194E-02  6.005E-02  6.100E-02  6.457E-02  6.115E-02  5.909E-02  5.985E-02  6.129E-02  6.163E-02  6.175E-02
  6.104E-02  6.332E-02  6.207E-02  6.154E-02  6.645E-02  6.212E-02  5.933E-02  5.905E-02  6.044E-02  6.530E-02
  6.340E-02  5.830E-02  6.071E-02  6.141E-02  6.111E-02  6.293E-02  6.412E-02  6.381E-02  6.459E-02  6.477E-02
  6.936E-02  6.990E-02  6.947E-02  6.784E-02  6.355E-02  6.486E-02  6.577E-02  6.904E-02  6.796E-02  7.062E-02
  6.895E-02  7.009E-02  7.176E-02  7.243E-02  7.381E-02  7.418E-02  6.858E-02  7.287E-02  7.281E-02  7.942E-02
  7.828E-02  7.568E-02  7.138E-02  7.068E-02  7.487E-02  7.926E-02  7.808E-02  7.271E-02  8.055E-02  7.860E-02
  7.587E-02  7.319E-02  7.395E-02  7.603E-02  7.784E-02  8.071E-02  8.175E-02  8.089E-02  7.987E-02  8.098E-02
  8.200E-02  8.025E-02  8.339E-02  8.042E-02  8.247E-02  8.266E-02  7.707E-02  7.633E-02  7.494E-02  7.445E-02
  8.105E-02  8.556E-02  8.055E-02  8.458E-02  8.850E-02  8.987E-02  8.959E-02  9.066E-02  8.401E-02  8.515E-02
  8.974E-02  9.396E-02  8.633E-02  9.186E-02  1.012E-01  9.535E-02  9.531E-02  9.335E-02  1.056E-01  1.046E-01
  2.497E-01  1.301E-01  1.079E-01  1.228E-01  1.061E-01  8.340E-02  8.669E-02  9.601E-02  8.103E-02  7.306E-02
  9.103E-02  7.780E-02  6.622E-02  6.938E-02  6.786E-02  7.921E-02  7.951E-02  7.902E-02  7.886E-02  7.364E-02
  6.999E-02  6.858E-02  6.635E-02  6.303E-02  6.512E-02  6.853E-02  6.987E-02  6.277E-02  6.078E-02  6.554E-02
  6.131E-02  6.090E-02  6.373E-02  6.336E-02  6.870E-02  6.297E-02  6.372E-02  6.105E-02  6.129E-02  6.265E-02
  6.440E-02  6.669E-02  6.162E-02  5.853E-02  6.184E-02  6.254E-02  6.308E-02  6.272E-02  6.674E-02  6.742E-02
  6.891E-02  6.294E-02  6.087E-02  6.562E-02  6.217E-02  6.268E-02  6.041E-02  6.148E-02  6.412E-02  5.735E-02
  6.212E-02  6.546E-02  6.441E-02  6.408E-02  6.194E-02  6.412E-02  6.388E-02  6.033E-02  6.514E-02  6.299E-02
  6.217E-02  6.606E-02  6.898E-02  6.826E-02  6.242E-02  6.660E-02  6.726E-02  6.453E-02  6.628E-02  6.726E-02
  6.506E-02  6.424E-02  6.656E-02  6.543E-02  6.518E-02  6.197E-02  6.496E-02  6.544E-02  6.494E-02  6.633E-02
  6.928E-02  8.003E-02  7.261E-02  7.140E-02  7.090E-02  7.381E-02  6.685E-02  6.744E-02  6.761E-02  6.734E-02
  7.039E-02  7.355E-02  7.238E-02  7.229E-02  7.373E-02  7.521E-02  7.673E-02  7.752E-02  7.422E-02  7.486E-02
  7.556E-02  7.765E-02  7.507E-02  7.683E-02  8.163E-02  7.673E-02  7.348E-02  7.631E-02  7.836E-02  8.035E-02
  7.964E-02  7.956E-02  7.618E-02  7.319E-02  7.623E-02  7.802E-02  8.115E-02  8.033E-02  8.519E-02  8.337E-02
  8.140E-02  8.823E-02  8.409E-02  8.454E-02  9.006E-02  9.242E-02  8.904E-02  8.323E-02  8.247E-02  8.508E-02
  8.383E-02  8.799E-02  8.601E-02  8.816E-02  9.028E-02  9.082E-02  8.944E-02  8.519E-02  8.720E-02  8.484E-02
  9.231E-02  8.923E-02  9.116E-02  8.892E-02  9.171E-02  9.326E-02  9.366E-02  1.044E-01  1.011E-01  1.081E-01
  3.167E-01  1.420E-01  1.091E-01  1.048E-01  1.089E-01  9.056E-02  9.517E-02  1.047E-01  8.555E-02  8.532E-02
  9.081E-02  7.820E-02  6.976E-02  7.418E-02  7.456E-02  7.717E-02  7.748E-02  8.827E-02  7.551E-02  7.972E-02
  7.202E-02  7.072E-02  7.923E-02  7.438E-02  6.928E-02  7.140E-02  6.997E-02  6.926E-02  6.741E-02  6.369E-02
  6.724E-02  6.560E-02  6.624E-02  6.755E-02  6.482E-02  6.836E-02  6.904E-02  6.366E-02  6.221E-02  6.703E-02
  6.218E-02  6.927E-02  6.863E-02  6.747E-02  5.981E-02  6.418E-02  6.778E-02  6.483E-02  7.082E-02  7.082E-02
  7.095E-02  6.618E-02  6.324E-02  6.660E-02  6.606E-02  6.815E-02  6.481E-02  6.737E-02  6.246E-02  6.242E-02
  6.244E-02  6.370E-02  6.672E-02  6.495E-02  6.645E-02  6.718E-02  6.813E-02  6.621E-02  6.619E-02  6.985E-02
  6.581E-02  6.392E-02  5.965E-02  5.976E-02  6.676E-02  7.045E-02  6.833E-02  6.889E-02  6.904E-02  6.938E-02
  6.849E-02  6.716E-02  6.461E-02  6.605E-02  6.753E-02  6.771E-02  6.711E-02  6.554E-02  6.976E-02  6.957E-02
  7.186E-02  7.265E-02  7.338E-02  7.227E-02  7.062E-02  6.956E-02  7.057E-02  7.065E-02  7.018E-02  7.135E-02
  7.509E-02  7.202E-02  7.405E-02  7.422E-02  7.852E-02  7.916E-02  7.703E-02  7.388E-02  7.376E-02  7.613E-02
  7.645E-02  7.528E-02  7.853E-02  7.915E-02  7.525E-02  7.843E-02  8.534E-02  8.758E-02  8.269E-02  8.879E-02
  7.961E-02  7.249E-02  7.281E-02  7.410E-02  7.983E-02  7.408E-02  7.947E-02  8.004E-02  7.742E-02  8.265E-02
  8.354E-02  8.851E-02  8.582E-02  8.110E-02  8.472E-02  8.438E-02  8.606E-02  9.028E-02  8.804E-02  9.128E-02
  8.872E-02  8.708E-02  8.920E-02  8.678E-02  9.530E-02  1.033E-01  9.414E-02  8.862E-02  8.815E-02  8.745E-02
  8.436E-02  8.755E-02  9.032E-02  9.014E-02  8.694E-02  9.329E-02  9.544E-02  1.060E-01  1.131E-01  1.088E-01
  2.032E-01  1.547E-01  1.097E-01  1.096E-01  1.192E-01  9.931E-02  9.882E-02  1.018E-01  9.287E-02  9.117E-02
  1.060E-01  8.475E-02  8.062E-02  7.765E-02  7.732E-02  7.937E-02  9.122E-02  8.080E-02  7.314E-02  8.562E-02
  8.381E-02  7.435E-02  7.877E-02  7.671E-02  7.399E-02  7.643E-02  7.865E-02  6.752E-02  6.793E-02  6.847E-02
  6.829E-02  7.132E-02  6.468E-02  7.000E-02  7.191E-02  6.885E-02  6.882E-02  6.901E-02  6.658E-02  7.095E-02
  7.120E-02  6.859E-02  7.074E-02  6.596E-02  6.421E-02  6.397E-02  6.870E-02  7.150E-02  7.676E-02  7.491E-02
  7.569E-02  6.815E-02  6.773E-02  7.230E-02  6.388E-02  6.344E-02  6.396E-02  6.978E-02  6.611E-02  6.627E-02
  6.347E-02  6.826E-02  6.591E-02  6.816E-02  6.620E-02  6.969E-02  6.868E-02  6.669E-02  6.647E-02  6.773E-02
  6.348E-02  6.351E-02  6.447E-02  6.959E-02  6.724E-02  7.122E-02  7.279E-02  7.446E-02  7.216E-02  7.020E-02
  7.228E-02  6.610E-02  6.595E-02  6.568E-02  7.005E-02  6.761E-02  6.898E-02  6.511E-02  6.900E-02  6.960E-02
  7.360E-02  7.884E-02  7.800E-02  7.510E-02  7.209E-02  7.190E-02  6.660E-02  7.020E-02  7.013E-02  6.851E-02
  7.093E-02  7.351E-02  7.451E-02  7.547E-02  7.460E-02  7.997E-02  7.960E-02  7.623E-02  7.819E-02  7.517E-02
  7.205E-02  7.347E-02  7.647E-02  7.895E-02  8.241E-02  7.751E-02  8.087E-02  8.132E-02  8.037E-02  8.678E-02
  8.571E-02  8.084E-02  8.416E-02  7.917E-02  7.508E-02  7.093E-02  7.885E-02  7.950E-02  8.043E-02  8.324E-02
  8.350E-02  8.310E-02  8.390E-02  8.991E-02  8.917E-02  8.825E-02  9.190E-02  8.122E-02  8.519E-02  8.820E-02
  9.035E-02  9.941E-02  9.449E-02  9.472E-02  9.283E-02  9.544E-02  9.413E-02  8.786E-02  9.126E-02  8.639E-02
  8.648E-02  8.690E-02  9.016E-02  8.627E-02  8.996E-02  1.054E-01  1.150E-01  1.092E-01  1.040E-01  1.128E-01
  3.079E-01  1.723E-01  1.361E-01  1.234E-01  1.304E-01  1.023E-01  1.100E-01  9.023E-02  1.343E-01  9.476E-02
  1.122E-01  9.174E-02  8.971E-02  7.890E-02  8.390E-02  7.836E-02  9.049E-02  8.100E-02  8.988E-02  9.312E-02
  8.866E-02  8.140E-02  7.859E-02  9.076E-02  7.491E-02  7.325E-02  7.503E-02  7.849E-02  7.136E-02  7.254E-02
  7.781E-02  7.604E-02  7.224E-02  7.300E-02  7.088E-02  7.152E-02  6.906E-02  7.396E-02  7.289E-02  7.594E-02
  6.907E-02  7.208E-02  7.067E-02  7.925E-02  7.757E-02  6.948E-02  6.744E-02  7.543E-02  7.399E-02  7.756E-02
  7.479E-02  7.722E-02  7.643E-02  7.350E-02  7.355E-02  6.801E-02  6.786E-02  6.864E-02  6.739E-02  6.726E-02
  7.212E-02  7.370E-02  7.229E-02  7.111E-02  7.277E-02  7.724E-02  7.580E-02  7.160E-02  6.898E-02  6.695E-02
  6.894E-02  6.671E-02  6.897E-02  6.549E-02  7.043E-02  7.803E-02  7.456E-02  7.119E-02  7.682E-02  7.923E-02
  7.324E-02  7.534E-02  7.293E-02  6.999E-02  7.011E-02  7.024E-02  7.228E-02  7.169E-02  6.836E-02  7.349E-02
  7.901E-02  7.570E-02  7.347E-02  7.546E-02  7.194E-02  7.244E-02  7.155E-02  6.942E-02  6.796E-02  7.490E-02
  7.560E-02  7.200E-02  7.085E-02  8.054E-02  8.489E-02  7.829E-02  8.100E-02  8.318E-02  7.945E-02  8.079E-02
  7.931E-02  7.462E-02  7.742E-02  7.703E-02  7.876E-02  7.831E-02  8.271E-02  7.933E-02  8.071E-02  8.238E-02
  8.448E-02  7.928E-02  7.943E-02  7.834E-02  7.550E-02  8.451E-02  8.793E-02  8.614E-02  8.401E-02  7.646E-02
  7.867E-02  8.538E-02  8.806E-02  8.843E-02  8.320E-02  8.094E-02  8.260E-02  8.494E-02  8.640E-02  9.301E-02
  9.339E-02  9.052E-02  9.012E-02  9.088E-02  8.684E-02  9.347E-02  1.016E-01  8.798E-02  8.888E-02  9.010E-02
  8.979E-02  8.957E-02  8.579E-02  9.075E-02  8.909E-02  9.230E-02  9.883E-02  1.036E-01  1.081E-01  1.240E-01
  2.820E-01  1.575E-01  1.533E-01  1.586E-01  1.249E-01  1.301E-01  9.359E-02  9.792E-02  1.184E-01  1.059E-01
  1.100E-01  1.002E-01  9.244E-02  8.591E-02  9.186E-02  9.585E-02  8.709E-02  1.026E-01  9.506E-02  8.852E-02
  9.899E-02  9.491E-02  8.751E-02  8.048E-02  8.640E-02  8.148E-02  8.177E-02  8.781E-02  7.550E-02  7.230E-02
  7.482E-02  8.025E-02  7.653E-02  7.719E-02  7.483E-02  7.832E-02  7.704E-02  7.753E-02  8.414E-02  8.034E-02
  7.729E-02  7.512E-02  7.482E-02  7.477E-02  8.760E-02  8.158E-02  7.922E-02  7.654E-02  7.855E-02  7.999E-02
  8.657E-02  7.843E-02  8.375E-02  8.357E-02  8.362E-02  7.886E-02  7.630E-02  7.073E-02  7.346E-02  7.748E-02
  7.516E-02  7.507E-02  7.361E-02  7.515E-02  7.249E-02  7.574E-02  7.728E-02  7.777E-02  7.594E-02  6.951E-02
  7.323E-02  7.373E-02  7.496E-02  7.281E-02  6.880E-02  7.739E-02  7.147E-02  7.835E-02  8.284E-02  8.126E-02
  7.297E-02  7.115E-02  6.985E-02  7.266E-02  7.096E-02  7.139E-02  7.445E-02  7.351E-02  7.783E-02  7.469E-02
  7.497E-02  7.942E-02  7.678E-02  8.569E-02  8.025E-02  7.398E-02  7.062E-02  7.103E-02  7.294E-02  7.633E-02
  7.699E-02  7.736E-02  7.257E-02  7.826E-02  8.275E-02  8.931E-02  7.978E-02  8.157E-02  7.678E-02  7.635E-02
  7.635E-02  7.864E-02  8.238E-02  8.267E-02  7.867E-02  7.972E-02  7.734E-02  8.629E-02  8.581E-02  8.155E-02
  8.016E-02  7.865E-02  8.002E-02  8.415E-02  8.194E-02  8.072E-02  7.817E-02  7.779E-02  8.066E-02  8.932E-02
  9.002E-02  9.208E-02  8.995E-02  9.134E-02  8.849E-02  8.708E-02  8.858E-02  8.639E-02  9.129E-02  9.685E-02
  9.238E-02  9.658E-02  9.783E-02  1.004E-01  9.757E-02  1.003E-01  1.076E-01  1.056E-01  1.044E-01  9.683E-02
  9.398E-02  1.023E-01  1.065E-01  1.051E-01  1.085E-01  1.028E-01  1.039E-01  1.105E-01  1.071E-01  1.085E-01
  2.836E-01  1.516E-01  1.607E-01  1.340E-01  1.291E-01  1.481E-01  1.167E-01  1.101E-01  1.310E-01  1.187E-01
  1.087E-01  1.123E-01  1.081E-01  9.584E-02  8.780E-02  1.012E-01  1.194E-01  1.027E-01  9.924E-02  1.022E-01
  1.064E-01  9.817E-02  9.047E-02  8.940E-02  9.807E-02  8.881E-02  8.899E-02  8.813E-02  8.302E-02  8.429E-02
  8.280E-02  8.309E-02  8.491E-02  8.725E-02  7.952E-02  8.254E-02  8.783E-02  8.608E-02  8.323E-02  8.495E-02
  8.117E-02  7.670E-02  7.717E-02  7.645E-02  7.874E-02  7.472E-02  8.017E-02  7.604E-02  8.279E-02  8.509E-02
  8.988E-02  9.953E-02  1.010E-01  8.506E-02  8.402E-02  8.178E-02  8.064E-02  8.089E-02  8.209E-02  8.023E-02
  8.003E-02  7.575E-02  7.931E-02  7.711E-02  7.986E-02  7.758E-02  8.068E-02  8.491E-02  7.669E-02  7.532E-02
  7.619E-02  8.098E-02  7.604E-02  7.587E-02  7.497E-02  7.816E-02  8.163E-02  7.922E-02  8.252E-02  8.353E-02
  8.151E-02  7.570E-02  7.676E-02  7.724E-02  7.822E-02  8.284E-02  8.064E-02  7.697E-02  7.827E-02  8.329E-02
  8.203E-02  7.798E-02  8.298E-02  8.160E-02  8.013E-02  7.703E-02  8.067E-02  7.674E-02  7.468E-02  7.945E-02
  7.620E-02  7.360E-02  7.555E-02  8.021E-02  7.907E-02  8.508E-02  8.872E-02  8.277E-02  8.002E-02  8.677E-02
  8.144E-02  7.986E-02  8.670E-02  8.764E-02  8.853E-02  8.902E-02  8.545E-02  8.703E-02  8.899E-02  8.739E-02
  8.677E-02  8.452E-02  8.082E-02  8.010E-02  8.037E-02  7.887E-02  7.926E-02  7.915E-02  8.721E-02  8.753E-02
  9.058E-02  8.890E-02  8.979E-02  9.201E-02  9.071E-02  8.660E-02  9.102E-02  8.878E-02  8.951E-02  8.757E-02
  8.859E-02  8.717E-02  8.900E-02  9.014E-02  9.818E-02  1.039E-01  1.069E-01  9.702E-02  9.529E-02  1.037E-01
  9.987E-02  1.011E-01  1.026E-01  1.060E-01  8.822E-02  9.431E-02  9.878E-02  1.121E-01  1.085E-01  1.160E-01
  2.922E-01  1.650E-01  1.560E-01  1.291E-01  1.460E-01  1.293E-01  1.219E-01  1.175E-01  1.296E-01  1.288E-01
  1.158E-01  1.397E-01  1.016E-01  1.017E-01  9.746E-02  9.880E-02  1.028E-01  1.055E-01  1.038E-01  1.111E-01
  1.081E-01  1.031E-01  9.726E-02  9.685E-02  1.017E-01  9.206E-02  1.027E-01  1.075E-01  8.751E-02  9.188E-02
  8.774E-02  8.748E-02  8.873E-02  9.671E-02  9.139E-02  8.593E-02  1.082E-01  8.730E-02  9.145E-02  8.443E-02
  9.077E-02  8.054E-02  8.680E-02  9.012E-02  8.313E-02  8.225E-02  8.435E-02  8.498E-02  8.967E-02  8.625E-02
  1.060E-01  9.279E-02  9.075E-02  9.220E-02  8.728E-02  8.671E-02  8.736E-02  8.000E-02  7.913E-02  8.297E-02
  9.041E-02  7.999E-02  8.598E-02  8.133E-02  8.703E-02  9.690E-02  8.199E-02  8.255E-02  8.151E-02  7.841E-02
  7.207E-02  8.050E-02  8.104E-02  7.793E-02  8.338E-02  7.837E-02  8.141E-02  9.069E-02  8.569E-02  8.788E-02
  8.322E-02  8.005E-02  7.944E-02  8.080E-02  7.791E-02  7.958E-02  8.814E-02  8.554E-02  8.427E-02  8.673E-02
  8.617E-02  8.769E-02  9.201E-02  8.582E-02  8.824E-02  8.126E-02  8.269E-02  8.856E-02  8.188E-02  8.286E-02
  8.186E-02  8.474E-02  8.059E-02  8.138E-02  8.417E-02  8.324E-02  8.541E-02  8.133E-02  8.361E-02  8.130E-02
  7.890E-02  8.392E-02  8.459E-02  8.637E-02  8.886E-02  8.335E-02  8.567E-02  9.329E-02  9.490E-02  9.019E-02
  8.873E-02  8.358E-02  8.596E-02  8.831E-02  8.755E-02  8.457E-02  8.922E-02  8.536E-02  8.440E-02  8.211E-02
  8.920E-02  9.309E-02  9.533E-02  8.865E-02  9.052E-02  9.203E-02  9.478E-02  9.378E-02  1.033E-01  9.704E-02
  9.130E-02  9.773E-02  9.990E-02  1.006E-01  1.043E-01  9.919E-02  9.963E-02  9.659E-02  9.323E-02  9.712E-02
  9.579E-02  9.135E-02  9.105E-02  9.646E-02  1.027E-01  1.081E-01  1.100E-01  1.138E-01  1.200E-01  1.295E-01
  3.333E-01  2.324E-01  2.293E-01  1.552E-01  1.608E-01  1.363E-01  1.290E-01  1.342E-01  1.339E-01  1.195E-01
  1.452E-01  1.556E-01  1.168E-01  1.096E-01  1.188E-01  1.107E-01  1.121E-01  1.079E-01  1.156E-01  1.300E-01
  1.233E-01  1.075E-01  1.051E-01  1.043E-01  1.025E-01  9.906E-02  1.062E-01  1.033E-01  9.962E-02  9.245E-02
  9.710E-02  9.179E-02  9.789E-02  9.725E-02  1.015E-01  9.570E-02  9.120E-02  1.035E-01  9.509E-02  9.792E-02
  9.548E-02  9.216E-02  8.710E-02  9.381E-02  8.969E-02  8.291E-02  9.188E-02  1.003E-01  9.412E-02  1.100E-01
  9.565E-02  1.031E-01  1.008E-01  1.003E-01  9.452E-02  9.307E-02  9.245E-02  9.212E-02  8.552E-02  8.400E-02
  8.418E-02  8.583E-02  8.411E-02  9.125E-02  8.686E-02  8.728E-02  9.199E-02  8.718E-02  9.025E-02  8.003E-02
  7.651E-02  7.880E-02  8.099E-02  8.426E-02  7.872E-02  8.467E-02  8.535E-02  9.304E-02  9.981E-02  8.643E-02
  8.403E-02  8.476E-02  8.308E-02  8.136E-02  8.166E-02  7.817E-02  8.637E-02  9.118E-02  9.884E-02  8.975E-02
  8.866E-02  9.868E-02  9.710E-02  9.312E-02  8.864E-02  9.096E-02  8.456E-02  8.840E-02  8.300E-02  7.885E-02
  7.978E-02  8.711E-02  9.166E-02  8.078E-02  8.480E-02  8.561E-02  8.851E-02  8.327E-02  8.082E-02  8.489E-02
  8.193E-02  7.944E-02  8.034E-02  8.083E-02  8.126E-02  8.333E-02  8.889E-02  8.714E-02  9.534E-02  9.622E-02
  9.766E-02  9.811E-02  9.411E-02  9.468E-02  1.010E-01  9.508E-02  8.864E-02  8.644E-02  8.518E-02  8.593E-02
  8.553E-02  9.260E-02  8.544E-02  9.157E-02  1.001E-01  9.489E-02  9.721E-02  8.853E-02  9.072E-02  9.777E-02
  9.511E-02  1.030E-01  1.022E-01  9.703E-02  9.857E-02  1.012E-01  1.077E-01  9.882E-02  9.055E-02  9.436E-02
  9.513E-02  9.524E-02  9.741E-02  9.974E-02  9.793E-02  9.978E-02  1.062E-01  1.010E-01  1.061E-01  1.134E-01
  2.937E-01  1.467E-01  1.950E-01  1.690E-01  1.387E-01  1.553E-01  1.355E-01  1.357E-01  1.360E-01  1.532E-01
  1.515E-01  1.789E-01  1.203E-01  1.262E-01  1.199E-01  1.198E-01  1.199E-01  1.165E-01  1.457E-01  1.176E-01
  1.174E-01  1.192E-01  1.185E-01  1.139E-01  1.130E-01  1.103E-01  1.189E-01  1.242E-01  1.200E-01  9.582E-02
  9.476E-02  9.824E-02  1.117E-01  9.856E-02  9.643E-02  1.071E-01  1.046E-01  9.992E-02  1.036E-01  1.139E-01
  1.062E-01  1.038E-01  9.975E-02  9.757E-02  9.308E-02  9.359E-02  1.075E-01  1.144E-01  1.077E-01  1.029E-01
  1.033E-01  1.054E-01  1.093E-01  1.094E-01  9.942E-02  9.359E-02  9.271E-02  9.327E-02  9.242E-02  8.692E-02
  8.620E-02  9.245E-02  9.708E-02  9.874E-02  1.060E-01  9.640E-02  9.572E-02  9.903E-02  9.734E-02  9.076E-02
  8.213E-02  8.248E-02  8.404E-02  9.782E-02  8.968E-02  9.099E-02  8.785E-02  9.145E-02  9.121E-02  9.796E-02
  9.645E-02  8.410E-02  8.694E-02  8.430E-02  8.432E-02  8.234E-02  9.061E-02  9.240E-02  9.544E-02  9.923E-02
  9.761E-02  9.970E-02  1.007E-01  1.006E-01  9.496E-02  8.989E-02  9.519E-02  8.386E-02  9.192E-02  8.636E-02
  8.854E-02  8.718E-02  8.968E-02  9.561E-02  9.023E-02  8.742E-02  9.653E-02  8.460E-02  8.531E-02  8.279E-02
  7.912E-02  8.065E-02  7.933E-02  8.214E-02  8.953E-02  8.175E-02  8.689E-02  8.604E-02  8.557E-02  8.552E-02
  9.025E-02  9.072E-02  8.948E-02  9.272E-02  9.481E-02  9.590E-02  8.710E-02  9.235E-02  9.051E-02  9.711E-02
  9.513E-02  9.662E-02  9.850E-02  9.503E-02  9.753E-02  1.016E-01  9.280E-02  9.085E-02  9.460E-02  1.014E-01
  9.960E-02  9.977E-02  1.062E-01  1.041E-01  1.076E-01  1.053E-01  1.130E-01  1.008E-01  1.071E-01  9.645E-02
  9.127E-02  9.411E-02  9.500E-02  9.377E-02  9.283E-02  1.001E-01  1.034E-01  1.128E-01  1.071E-01  1.116E-01
  3.086E-01  1.727E-01  2.101E-01  1.601E-01  1.442E-01  1.726E-01  1.444E-01  1.385E-01  1.310E-01  1.753E-01
  1.253E-01  1.607E-01  1.328E-01  1.309E-01  1.343E-01  1.242E-01  1.324E-01  1.129E-01  1.232E-01  1.364E-01
  1.250E-01  1.301E-01  1.369E-01  1.336E-01  1.235E-01  1.154E-01  1.263E-01  1.249E-01  1.380E-01  1.210E-01
  1.113E-01  1.123E-01  1.122E-01  1.240E-01  1.134E-01  1.071E-01  1.111E-01  1.054E-01  1.228E-01  1.148E-01
  1.241E-01  1.033E-01  1.047E-01  1.097E-01  1.064E-01  1.121E-01  9.563E-02  1.121E-01  1.071E-01  1.155E-01
  1.077E-01  1.242E-01  1.226E-01  1.299E-01  1.034E-01  1.091E-01  1.018E-01  9.654E-02  9.416E-02  9.650E-02
  9.685E-02  1.056E-01  1.006E-01  1.127E-01  1.130E-01  1.038E-01  1.088E-01  1.028E-01  9.635E-02  8.842E-02
  8.906E-02  9.626E-02  9.997E-02  9.146E-02  9.512E-02  9.911E-02  9.821E-02  1.012E-01  9.416E-02  1.230E-01
  1.110E-01  9.798E-02  1.008E-01  1.054E-01  9.543E-02  8.902E-02  9.034E-02  9.394E-02  1.126E-01  9.605E-02
  1.096E-01  9.856E-02  1.022E-01  9.341E-02  9.298E-02  9.272E-02  9.441E-02  9.699E-02  9.028E-02  9.321E-02
  9.075E-02  9.027E-02  9.676E-02  9.669E-02  1.013E-01  9.750E-02  1.019E-01  8.816E-02  8.683E-02  8.769E-02
  8.381E-02  8.570E-02  8.339E-02  8.518E-02  8.550E-02  1.046E-01  8.496E-02  8.443E-02  8.993E-02  9.123E-02
  9.015E-02  8.488E-02  8.495E-02  9.336E-02  9.250E-02  9.972E-02  9.603E-02  9.092E-02  9.366E-02  8.981E-02
  1.002E-01  9.462E-02  9.995E-02  1.019E-01  9.551E-02  9.476E-02  9.632E-02  9.394E-02  9.502E-02  9.322E-02
  1.037E-01  1.014E-01  9.415E-02  1.078E-01  1.040E-01  1.077E-01  1.202E-01  1.019E-01  1.022E-01  1.004E-01
  1.014E-01  1.038E-01  9.125E-02  9.029E-02  1.008E-01  9.947E-02  1.037E-01  1.007E-01  1.083E-01  1.325E-01
  3.305E-01  1.687E-01  1.673E-01  1.606E-01  1.800E-01  2.102E-01  1.518E-01  1.765E-01  1.517E-01  1.411E-01
  1.346E-01  1.632E-01  1.277E-01  1.221E-01  1.414E-01  1.205E-01  1.360E-01  1.226E-01  1.279E-01  1.303E-01
  1.511E-01  1.349E-01  1.320E-01  1.397E-01  1.285E-01  1.411E-01  1.270E-01  1.331E-01  1.197E-01  1.462E-01
  1.236E-01  1.206E-01  1.144E-01  1.277E-01  1.377E-01  1.204E-01  1.262E-01  1.139E-01  1.127E-01  1.380E-01
  1.127E-01  1.112E-01  1.114E-01  1.093E-01  1.080E-01  1.113E-01  1.110E-01  1.131E-01  1.238E-01  1.217E-01
  1.184E-01  1.260E-01  1.217E-01  1.229E-01  1.171E-01  1.046E-01  1.098E-01  9.589E-02  1.001E-01  1.207E-01
  1.129E-01  1.011E-01  1.169E-01  1.239E-01  1.209E-01  1.066E-01  1.270E-01  1.116E-01  9.878E-02  9.731E-02
  1.010E-01  9.920E-02  9.849E-02  1.004E-01  1.011E-01  9.987E-02  1.004E-01  1.064E-01  1.076E-01  9.708E-02
  9.286E-02  9.287E-02  1.034E-01  1.070E-01  1.001E-01  9.340E-02  9.692E-02  1.006E-01  9.501E-02  9.558E-02
  1.035E-01  1.022E-01  1.012E-01  1.077E-01  9.762E-02  8.968E-02  9.185E-02  9.155E-02  9.955E-02  9.944E-02
  9.239E-02  8.485E-02  9.497E-02  1.007E-01  9.876E-02  1.149E-01  1.064E-01  9.017E-02  9.207E-02  9.239E-02
  9.271E-02  8.297E-02  8.621E-02  8.835E-02  8.949E-02  8.576E-02  8.536E-02  8.936E-02  8.867E-02  9.549E-02
  9.522E-02  9.993E-02  8.639E-02  9.170E-02  8.786E-02  8.606E-02  9.150E-02  9.931E-02  9.113E-02  9.073E-02
  9.560E-02  1.014E-01  1.055E-01  9.623E-02  8.937E-02  9.206E-02  9.500E-02  9.830E-02  1.005E-01  1.010E-01
  1.010E-01  1.024E-01  1.000E-01  1.107E-01  1.119E-01  1.137E-01  1.097E-01  1.019E-01  1.002E-01  9.357E-02
  9.649E-02  9.736E-02  9.941E-02  1.029E-01  9.870E-02  9.774E-02  1.019E-01  1.097E-01  1.244E-01  1.179E-01
  2.125E-01  1.700E-01  1.833E-01  1.688E-01  1.572E-01  2.239E-01  1.383E-01  1.371E-01  1.424E-01  1.273E-01
  1.273E-01  1.792E-01  1.319E-01  1.294E-01  1.389E-01  1.329E-01  1.297E-01  1.188E-01  1.281E-01  1.229E-01
  1.382E-01  1.204E-01  1.288E-01  1.256E-01  1.378E-01  1.281E-01  1.343E-01  1.140E-01  1.262E-01  1.175E-01
  1.126E-01  1.166E-01  1.191E-01  1.184E-01  1.094E-01  1.162E-01  1.160E-01  1.161E-01  1.167E-01  1.290E-01
  1.067E-01  1.074E-01  1.158E-01  1.109E-01  1.090E-01  1.044E-01  1.063E-01  1.039E-01  1.078E-01  1.221E-01
  1.080E-01  1.177E-01  1.145E-01  1.084E-01  1.157E-01  1.045E-01  1.062E-01  1.011E-01  9.900E-02  9.704E-02
  9.527E-02  1.025E-01  1.049E-01  1.099E-01  1.011E-01  1.019E-01  1.022E-01  9.838E-02  8.623E-02  9.289E-02
  9.630E-02  9.579E-02  9.209E-02  8.800E-02  8.787E-02  9.555E-02  9.255E-02  9.052E-02  9.269E-02  9.033E-02
  9.170E-02  8.966E-02  8.572E-02  8.624E-02  8.778E-02  9.697E-02  1.000E-01  9.027E-02  9.017E-02  8.610E-02
  8.916E-02  9.364E-02  9.014E-02  9.754E-02  8.903E-02  8.827E-02  8.065E-02  8.818E-02  8.673E-02  9.321E-02
  8.707E-02  9.634E-02  9.168E-02  8.835E-02  8.543E-02  8.390E-02  9.013E-02  8.651E-02  8.965E-02  9.348E-02
  8.388E-02  8.151E-02  7.928E-02  8.046E-02  8.816E-02  7.973E-02  7.953E-02  8.126E-02  8.516E-02  8.874E-02
  8.749E-02  8.258E-02  8.271E-02  7.963E-02  7.852E-02  8.436E-02  8.344E-02  8.659E-02  8.730E-02  8.852E-02
  9.161E-02  8.700E-02  9.057E-02  9.116E-02  9.184E-02  8.605E-02  8.199E-02  8.567E-02  8.767E-02  9.841E-02
  9.379E-02  1.005E-01  1.010E-01  1.015E-01  9.994E-02  9.462E-02  9.636E-02  9.770E-02  9.321E-02  9.592E-02
  9.596E-02  9.252E-02  8.922E-02  1.010E-01  1.059E-01  1.064E-01  1.105E-01  1.101E-01  1.112E-01  1.171E-01
  2.042E-01  1.559E-01  1.531E-01  1.711E-01  1.517E-01  1.716E-01  1.445E-01  1.267E-01  1.256E-01  1.110E-01
  1.178E-01  1.825E-01  1.164E-01  1.345E-01  1.331E-01  1.207E-01  1.108E-01  1.020E-01  1.231E-01  1.178E-01
  1.376E-01  1.387E-01  1.138E-01  1.196E-01  1.291E-01  1.224E-01  1.255E-01  1.070E-01  1.144E-01  1.100E-01
  1.171E-01  1.029E-01  1.081E-01  9.915E-02  9.972E-02  1.016E-01  1.029E-01  1.084E-01  1.061E-01  1.085E-01
  1.024E-01  1.014E-01  1.089E-01  1.069E-01  1.085E-01  9.662E-02  1.099E-01  1.047E-01  1.006E-01  9.034E-02
  9.860E-02  1.014E-01  1.127E-01  9.993E-02  1.007E-01  1.080E-01  9.263E-02  9.016E-02  9.947E-02  9.962E-02
  9.220E-02  8.989E-02  1.014E-01  8.758E-02  8.999E-02  9.652E-02  9.997E-02  9.252E-02  9.812E-02  8.694E-02
  8.970E-02  8.113E-02  9.072E-02  9.376E-02  8.143E-02  7.976E-02  8.724E-02  8.895E-02  8.155E-02  7.949E-02
  8.068E-02  8.584E-02  8.254E-02  8.751E-02  7.769E-02  8.264E-02  8.557E-02  9.304E-02  9.315E-02  8.524E-02
  8.164E-02  8.053E-02  8.326E-02  7.957E-02  8.142E-02  7.812E-02  7.540E-02  7.401E-02  7.981E-02  8.326E-02
  8.765E-02  8.995E-02  8.193E-02  8.606E-02  8.847E-02  8.558E-02  8.396E-02  7.988E-02  7.946E-02  8.406E-02
  8.879E-02  8.740E-02  8.144E-02  7.904E-02  7.715E-02  7.704E-02  7.788E-02  7.353E-02  7.739E-02  7.442E-02
  7.836E-02  8.082E-02  7.978E-02  7.572E-02  7.925E-02  7.825E-02  7.894E-02  8.217E-02  8.276E-02  8.338E-02
  7.825E-02  8.307E-02  8.205E-02  8.581E-02  8.264E-02  8.566E-02  8.520E-02  8.987E-02  8.467E-02  8.724E-02
  8.921E-02  8.779E-02  8.571E-02  9.640E-02  9.668E-02  9.797E-02  9.890E-02  9.015E-02  8.510E-02  8.606E-02
  9.248E-02  9.795E-02  8.804E-02  8.729E-02  9.199E-02  8.954E-02  9.134E-02  1.005E-01  1.035E-01  1.050E-01
  2.025E-01  1.703E-01  1.642E-01  1.576E-01  1.575E-01  1.670E-01  1.293E-01  1.286E-01  1.121E-01  1.205E-01
  1.079E-01  1.671E-01  1.064E-01  1.334E-01  1.068E-01  1.110E-01  1.097E-01  1.144E-01  1.106E-01  1.048E-01
  1.239E-01  1.366E-01  1.156E-01  1.109E-01  1.015E-01  1.125E-01  1.173E-01  9.704E-02  1.133E-01  1.087E-01
  1.095E-01  1.071E-01  1.134E-01  1.013E-01  9.745E-02  9.234E-02  9.741E-02  1.089E-01  9.934E-02  9.474E-02
  1.081E-01  8.581E-02  9.501E-02  1.063E-01  9.074E-02  1.057E-01  9.585E-02  8.761E-02  9.766E-02  1.041E-01
  1.056E-01  8.666E-02  9.413E-02  1.044E-01  8.258E-02  1.058E-01  9.961E-02  9.411E-02  9.845E-02  9.678E-02
  9.474E-02  9.369E-02  8.033E-02  9.633E-02  8.954E-02  9.424E-02  9.816E-02  8.886E-02  8.582E-02  8.728E-02
  8.647E-02  8.734E-02  8.383E-02  7.865E-02  7.991E-02  7.779E-02  8.349E-02  9.091E-02  8.202E-02  8.040E-02
  7.665E-02  7.819E-02  7.883E-02  7.430E-02  7.591E-02  7.749E-02  7.142E-02  9.055E-02  8.243E-02  8.994E-02
  8.230E-02  7.800E-02  7.693E-02  8.564E-02  7.991E-02  7.771E-02  7.856E-02  7.589E-02  7.680E-02  7.487E-02
  7.712E-02  8.193E-02  8.590E-02  8.173E-02  7.599E-02  7.594E-02  8.940E-02  9.068E-02  8.400E-02  8.326E-02
  8.097E-02  7.805E-02  8.330E-02  8.973E-02  8.435E-02  8.262E-02  7.849E-02  7.182E-02  6.912E-02  7.297E-02
  7.188E-02  7.300E-02  6.830E-02  7.200E-02  7.127E-02  7.309E-02  7.756E-02  7.742E-02  7.873E-02  7.901E-02
  8.480E-02  9.033E-02  8.417E-02  8.512E-02  7.263E-02  7.339E-02  7.858E-02  7.751E-02  9.124E-02  9.118E-02
  8.397E-02  8.710E-02  8.544E-02  8.287E-02  8.744E-02  9.259E-02  8.925E-02  8.776E-02  9.294E-02  9.695E-02
  9.467E-02  9.393E-02  9.682E-02  9.319E-02  9.038E-02  9.004E-02  9.071E-02  8.920E-02  9.228E-02  1.081E-01
  1.786E-01  1.382E-01  1.521E-01  1.465E-01  1.527E-01  1.773E-01  1.247E-01  1.238E-01  1.153E-01  9.901E-02
  1.047E-01  1.720E-01  1.202E-01  1.007E-01  1.050E-01  1.061E-01  1.053E-01  1.063E-01  1.235E-01  1.074E-01
  1.086E-01  1.190E-01  1.323E-01  1.171E-01  9.194E-02  1.223E-01  1.022E-01  1.106E-01  1.192E-01  9.685E-02
  1.087E-01  1.326E-01  1.103E-01  1.110E-01  1.012E-01  9.085E-02  9.663E-02  1.013E-01  1.026E-01  1.020E-01
  9.085E-02  8.801E-02  9.383E-02  8.714E-02  9.842E-02  8.637E-02  1.059E-01  8.821E-02  8.607E-02  7.511E-02
  9.093E-02  1.035E-01  9.973E-02  8.871E-02  9.415E-02  8.796E-02  9.410E-02  9.216E-02  9.269E-02  9.530E-02
  9.309E-02  8.906E-02  9.189E-02  9.210E-02  9.103E-02  8.741E-02  8.460E-02  9.287E-02  8.641E-02  8.711E-02
  8.293E-02  7.742E-02  8.191E-02  8.466E-02  8.058E-02  7.809E-02  8.072E-02  8.126E-02  8.529E-02  8.142E-02
  8.283E-02  8.198E-02  7.955E-02  7.487E-02  7.551E-02  7.271E-02  7.855E-02  7.221E-02  8.489E-02  8.045E-02
  8.710E-02  9.201E-02  8.276E-02  7.665E-02  8.144E-02  7.750E-02  7.581E-02  7.729E-02  7.376E-02  7.214E-02
  7.191E-02  7.445E-02  7.155E-02  8.419E-02  8.370E-02  7.783E-02  7.699E-02  7.845E-02  7.961E-02  8.000E-02
  8.141E-02  8.041E-02  7.869E-02  7.465E-02  7.217E-02  7.696E-02  8.669E-02  8.594E-02  8.195E-02  7.857E-02
  7.568E-02  7.390E-02  7.385E-02  6.962E-02  7.090E-02  7.109E-02  7.011E-02  7.195E-02  7.481E-02  7.522E-02
  7.494E-02  8.500E-02  8.459E-02  7.924E-02  7.389E-02  7.695E-02  8.137E-02  8.249E-02  7.829E-02  8.047E-02
  8.319E-02  8.763E-02  8.671E-02  8.432E-02  8.559E-02  8.462E-02  8.636E-02  8.610E-02  8.977E-02  8.748E-02
  9.334E-02  9.073E-02  8.897E-02  9.492E-02  9.228E-02  9.887E-02  9.570E-02  1.007E-01  1.048E-01  1.054E-01
  1.754E-01  1.659E-01  1.652E-01  1.520E-01  1.316E-01  1.514E-01  1.188E-01  1.205E-01  1.215E-01  1.007E-01
  1.034E-01  1.799E-01  1.209E-01  9.561E-02  1.095E-01  1.054E-01  1.085E-01  1.055E-01  1.101E-01  1.165E-01
  1.121E-01  1.006E-01  1.247E-01  9.454E-02  1.063E-01  1.155E-01  1.011E-01  9.898E-02  1.111E-01  9.460E-02
  8.941E-02  1.309E-01  1.091E-01  9.789E-02  8.941E-02  1.059E-01  9.116E-02  8.521E-02  1.108E-01  9.072E-02
  8.426E-02  8.755E-02  9.846E-02  8.512E-02  1.001E-01  9.032E-02  8.505E-02  1.002E-01  8.993E-02  7.581E-02
  8.670E-02  9.813E-02  9.279E-02  8.868E-02  8.751E-02  7.962E-02  8.745E-02  8.141E-02  8.740E-02  9.167E-02
  8.311E-02  9.297E-02  8.751E-02  8.529E-02  8.985E-02  9.036E-02  8.856E-02  7.960E-02  8.171E-02  7.805E-02
  7.702E-02  8.232E-02  7.753E-02  7.965E-02  7.699E-02  7.382E-02  7.692E-02  7.517E-02  7.995E-02  9.570E-02
  8.091E-02  7.526E-02  8.179E-02  8.885E-02  8.038E-02  7.789E-02  7.401E-02  7.623E-02  7.885E-02  7.934E-02
  7.780E-02  8.512E-02  8.107E-02  8.515E-02  8.090E-02  7.619E-02  7.396E-02  7.293E-02  7.747E-02  7.549E-02
  7.140E-02  7.288E-02  7.592E-02  7.352E-02  7.626E-02  7.888E-02  8.550E-02  7.808E-02  7.662E-02  7.583E-02
  7.032E-02  7.396E-02  8.189E-02  8.093E-02  8.191E-02  7.540E-02  7.317E-02  7.769E-02  7.355E-02  8.125E-02
  7.876E-02  7.478E-02  7.525E-02  7.629E-02  7.348E-02  7.615E-02  7.531E-02  8.415E-02  8.021E-02  7.789E-02
  7.904E-02  8.016E-02  8.491E-02  8.729E-02  8.132E-02  8.167E-02  8.208E-02  7.904E-02  8.029E-02  8.401E-02
  8.313E-02  7.881E-02  7.859E-02  8.260E-02  9.152E-02  9.401E-02  8.767E-02  8.714E-02  8.462E-02  9.136E-02
  8.306E-02  8.751E-02  8.920E-02  8.930E-02  9.837E-02  9.051E-02  1.035E-01  1.111E-01  1.080E-01  1.055E-01
  1.803E-01  1.543E-01  1.728E-01  1.336E-01  1.218E-01  1.608E-01  1.154E-01  1.153E-01  1.236E-01  9.972E-02
  1.013E-01  1.609E-01  1.107E-01  9.179E-02  1.206E-01  1.067E-01  9.463E-02  1.043E-01  1.098E-01  1.171E-01
  1.045E-01  1.132E-01  1.233E-01  1.065E-01  1.273E-01  1.084E-01  1.041E-01  9.480E-02  9.874E-02  1.099E-01
  9.007E-02  9.905E-02  1.514E-01  1.065E-01  1.046E-01  9.763E-02  1.075E-01  8.699E-02  8.901E-02  9.842E-02
  9.756E-02  8.024E-02  8.276E-02  8.755E-02  8.591E-02  9.300E-02  8.859E-02  8.551E-02  9.036E-02  9.002E-02
  7.640E-02  9.072E-02  8.271E-02  8.532E-02  8.003E-02  8.535E-02  8.100E-02  8.749E-02  8.262E-02  7.600E-02
  8.732E-02  8.923E-02  8.782E-02  9.489E-02  8.525E-02  9.023E-02  8.653E-02  9.107E-02  8.649E-02  7.228E-02
  7.649E-02  8.356E-02  7.393E-02  7.508E-02  7.968E-02  8.025E-02  8.447E-02  8.335E-02  8.018E-02  7.934E-02
  8.922E-02  7.687E-02  7.018E-02  7.088E-02  7.382E-02  8.070E-02  8.729E-02  7.832E-02  8.027E-02  7.846E-02
  8.107E-02  7.520E-02  8.877E-02  8.363E-02  7.862E-02  8.382E-02  8.721E-02  7.694E-02  7.222E-02  7.388E-02
  7.683E-02  7.629E-02  7.620E-02  7.377E-02  7.301E-02  7.355E-02  7.630E-02  7.940E-02  8.406E-02  7.906E-02
  8.030E-02  7.712E-02  7.324E-02  7.443E-02  7.748E-02  8.079E-02  8.236E-02  7.718E-02  7.258E-02  7.457E-02
  7.913E-02  7.333E-02  7.298E-02  7.674E-02  7.633E-02  7.788E-02  7.283E-02  7.337E-02  7.825E-02  7.821E-02
  8.079E-02  7.983E-02  7.893E-02  8.880E-02  8.736E-02  8.346E-02  8.508E-02  7.792E-02  7.877E-02  8.463E-02
  8.133E-02  7.620E-02  8.386E-02  8.468E-02  8.387E-02  9.000E-02  8.798E-02  9.112E-02  9.132E-02  8.882E-02
  8.936E-02  9.479E-02  8.628E-02  8.787E-02  9.150E-02  9.777E-02  9.353E-02  1.043E-01  1.035E-01  1.067E-01
  2.105E-01  1.635E-01  1.443E-01  1.237E-01  1.301E-01  1.787E-01  1.118E-01  1.051E-01  1.409E-01  1.089E-01
  1.325E-01  1.370E-01  1.221E-01  1.043E-01  1.180E-01  9.581E-02  9.229E-02  1.083E-01  1.078E-01  9.867E-02
  1.090E-01  1.005E-01  1.198E-01  1.151E-01  1.170E-01  9.831E-02  1.035E-01  9.066E-02  9.360E-02  1.066E-01
  9.115E-02  8.935E-02  1.291E-01  1.135E-01  1.051E-01  1.067E-01  9.744E-02  9.371E-02  8.974E-02  1.036E-01
  1.072E-01  8.407E-02  8.569E-02  8.727E-02  7.949E-02  9.973E-02  7.836E-02  8.864E-02  8.648E-02  8.751E-02
  9.053E-02  1.007E-01  8.353E-02  9.477E-02  8.690E-02  8.043E-02  8.211E-02  8.259E-02  7.847E-02  7.710E-02
  8.012E-02  8.838E-02  8.702E-02  8.662E-02  9.097E-02  9.004E-02  9.809E-02  8.934E-02  9.342E-02  8.717E-02
  7.289E-02  7.969E-02  7.657E-02  7.908E-02  7.230E-02  7.841E-02  7.285E-02  7.926E-02  7.729E-02  8.017E-02
  8.421E-02  8.899E-02  7.379E-02  7.084E-02  7.095E-02  7.036E-02  7.364E-02  8.039E-02  8.205E-02  8.563E-02
  8.616E-02  8.096E-02  8.630E-02  8.604E-02  8.815E-02  7.797E-02  8.116E-02  8.091E-02  7.912E-02  7.775E-02
  7.921E-02  7.859E-02  7.614E-02  7.391E-02  7.683E-02  7.273E-02  7.610E-02  7.994E-02  7.639E-02  7.594E-02
  8.326E-02  8.676E-02  8.284E-02  7.591E-02  7.725E-02  7.121E-02  7.796E-02  8.115E-02  7.950E-02  7.638E-02
  7.734E-02  7.399E-02  7.343E-02  7.352E-02  7.277E-02  7.458E-02  8.018E-02  7.814E-02  7.827E-02  8.699E-02
  7.953E-02  8.444E-02  7.919E-02  7.657E-02  7.983E-02  8.136E-02  7.565E-02  7.908E-02  8.360E-02  7.865E-02
  7.995E-02  8.382E-02  8.972E-02  9.135E-02  8.759E-02  8.810E-02  8.963E-02  8.770E-02  8.248E-02  9.049E-02
  9.277E-02  8.931E-02  8.906E-02  9.167E-02  8.977E-02  9.187E-02  9.601E-02  1.022E-01  1.034E-01  1.107E-01
  2.670E-01  1.431E-01  1.360E-01  1.188E-01  1.342E-01  1.734E-01  1.151E-01  1.009E-01  1.381E-01  1.153E-01
  1.390E-01  1.100E-01  1.094E-01  1.208E-01  1.350E-01  1.022E-01  9.670E-02  1.071E-01  1.217E-01  9.789E-02
  1.082E-01  1.004E-01  1.130E-01  1.105E-01  1.245E-01  9.785E-02  1.101E-01  9.124E-02  9.190E-02  1.141E-01
  9.186E-02  9.164E-02  8.763E-02  1.575E-01  1.167E-01  1.126E-01  1.150E-01  1.010E-01  1.006E-01  1.103E-01
  1.036E-01  9.737E-02  9.123E-02  8.141E-02  8.206E-02  8.156E-02  1.040E-01  9.002E-02  8.402E-02  9.408E-02
  9.140E-02  9.845E-02  8.146E-02  8.772E-02  1.001E-01  9.090E-02  7.622E-02  8.125E-02  7.590E-02  7.987E-02
  7.652E-02  8.512E-02  8.959E-02  8.490E-02  8.447E-02  8.634E-02  9.823E-02  9.898E-02  9.235E-02  9.402E-02
  8.653E-02  7.699E-02  7.866E-02  7.389E-02  7.933E-02  7.561E-02  7.831E-02  7.776E-02  7.542E-02  7.842E-02
  7.029E-02  7.093E-02  8.717E-02  7.922E-02  7.363E-02  7.573E-02  7.305E-02  6.852E-02  7.525E-02  7.274E-02
  8.014E-02  8.564E-02  9.142E-02  9.185E-02  8.556E-02  8.493E-02  7.794E-02  7.574E-02  7.686E-02  8.207E-02
  7.812E-02  8.079E-02  8.310E-02  7.898E-02  8.134E-02  7.644E-02  7.321E-02  7.569E-02  7.968E-02  7.476E-02
  7.837E-02  8.365E-02  8.130E-02  7.990E-02  8.130E-02  7.893E-02  7.604E-02  7.333E-02  7.536E-02  7.664E-02
  7.919E-02  8.595E-02  7.937E-02  7.599E-02  7.571E-02  7.273E-02  7.429E-02  7.595E-02  8.080E-02  8.280E-02
  8.565E-02  8.336E-02  7.889E-02  7.806E-02  7.678E-02  7.977E-02  8.188E-02  8.541E-02  7.897E-02  7.858E-02
  7.867E-02  8.306E-02  8.301E-02  8.696E-02  9.274E-02  9.660E-02  9.559E-02  9.851E-02  9.005E-02  8.962E-02
  8.873E-02  8.419E-02  8.851E-02  9.317E-02  1.024E-01  9.296E-02  9.395E-02  1.111E-01  1.027E-01  1.020E-01
  2.260E-01  1.496E-01  1.294E-01  1.302E-01  1.201E-01  1.424E-01  1.798E-01  1.175E-01  1.470E-01  1.390E-01
  1.175E-01  1.017E-01  9.656E-02  1.244E-01  1.238E-01  1.195E-01  1.098E-01  1.068E-01  1.501E-01  1.092E-01
  1.181E-01  1.123E-01  1.085E-01  1.254E-01  1.203E-01  1.085E-01  1.022E-01  1.007E-01  9.434E-02  1.075E-01
  9.181E-02  1.006E-01  9.417E-02  1.245E-01  1.159E-01  1.067E-01  1.168E-01  9.341E-02  9.644E-02  1.172E-01
  1.120E-01  9.688E-02  9.273E-02  8.695E-02  8.902E-02  8.503E-02  8.981E-02  8.875E-02  9.939E-02  9.108E-02
  9.551E-02  9.807E-02  8.459E-02  8.378E-02  8.435E-02  9.234E-02  8.947E-02  8.925E-02  7.874E-02  7.606E-02
  8.542E-02  8.331E-02  9.895E-02  9.273E-02  8.274E-02  8.041E-02  8.717E-02  8.434E-02  9.968E-02  8.589E-02
  8.805E-02  8.984E-02  8.098E-02  8.851E-02  8.250E-02  8.163E-02  7.985E-02  7.554E-02  7.569E-02  7.506E-02
  7.795E-02  7.812E-02  7.748E-02  7.531E-02  7.727E-02  7.342E-02  7.499E-02  7.873E-02  8.205E-02  8.751E-02
  7.563E-02  7.489E-02  7.892E-02  8.699E-02  9.039E-02  8.654E-02  9.309E-02  7.929E-02  7.365E-02  7.687E-02
  8.175E-02  7.828E-02  8.239E-02  8.879E-02  8.180E-02  7.739E-02  7.689E-02  7.728E-02  7.647E-02  8.157E-02
  8.153E-02  8.308E-02  8.241E-02  7.750E-02  7.666E-02  7.780E-02  7.739E-02  7.825E-02  7.762E-02  7.801E-02
  7.819E-02  8.149E-02  8.294E-02  8.094E-02  8.172E-02  8.043E-02  7.913E-02  7.945E-02  7.421E-02  7.906E-02
  8.461E-02  8.884E-02  8.014E-02  8.354E-02  8.095E-02  8.136E-02  8.077E-02  7.978E-02  8.408E-02  8.219E-02
  8.461E-02  8.173E-02  8.357E-02  8.821E-02  8.663E-02  9.313E-02  9.137E-02  9.436E-02  9.906E-02  9.445E-02
  1.003E-01  9.306E-02  9.255E-02  9.250E-02  1.006E-01  1.027E-01  1.022E-01  1.013E-01  1.044E-01  1.058E-01
  3.081E-01  1.369E-01  1.307E-01  1.257E-01  1.494E-01  1.315E-01  1.174E-01  1.309E-01  1.644E-01  1.363E-01
  1.040E-01  9.716E-02  1.084E-01  1.128E-01  1.292E-01  1.247E-01  1.082E-01  1.228E-01  1.204E-01  1.089E-01
  1.113E-01  1.206E-01  1.003E-01  1.545E-01  1.029E-01  1.325E-01  1.068E-01  1.134E-01  1.083E-01  1.106E-01
  9.115E-02  1.047E-01  9.675E-02  1.112E-01  1.174E-01  9.779E-02  1.056E-01  9.871E-02  1.060E-01  9.425E-02
  1.139E-01  1.076E-01  1.073E-01  8.780E-02  8.752E-02  8.272E-02  8.824E-02  1.002E-01  8.411E-02  8.821E-02
  9.608E-02  9.222E-02  9.558E-02  9.172E-02  9.281E-02  8.771E-02  8.635E-02  9.500E-02  9.162E-02  8.126E-02
  8.157E-02  9.473E-02  9.238E-02  9.352E-02  8.611E-02  8.734E-02  8.546E-02  8.141E-02  8.036E-02  9.102E-02
  8.698E-02  8.848E-02  8.497E-02  8.381E-02  8.170E-02  8.153E-02  8.755E-02  8.488E-02  8.099E-02  8.022E-02
  7.706E-02  8.570E-02  8.118E-02  8.120E-02  7.455E-02  7.186E-02  8.128E-02  7.942E-02  7.595E-02  7.821E-02
  8.421E-02  8.716E-02  8.932E-02  8.093E-02  8.007E-02  8.696E-02  8.880E-02  1.066E-01  8.979E-02  8.134E-02
  8.052E-02  8.501E-02  8.624E-02  8.937E-02  8.431E-02  8.632E-02  8.448E-02  8.562E-02  8.233E-02  7.908E-02
  8.087E-02  7.504E-02  8.252E-02  8.525E-02  8.187E-02  7.950E-02  8.295E-02  8.572E-02  8.331E-02  7.965E-02
  7.860E-02  8.041E-02  8.411E-02  8.519E-02  8.263E-02  8.318E-02  8.457E-02  8.015E-02  8.562E-02  8.753E-02
  8.206E-02  8.314E-02  8.603E-02  8.542E-02  8.699E-02  8.620E-02  8.246E-02  8.388E-02  8.437E-02  8.417E-02
  9.151E-02  8.951E-02  8.863E-02  8.917E-02  8.872E-02  8.511E-02  8.953E-02  9.056E-02  8.731E-02  8.979E-02
  9.957E-02  1.039E-01  9.222E-02  9.594E-02  9.924E-02  1.005E-01  1.060E-01  1.093E-01  1.126E-01  1.256E-01
  4.322E-01  1.218E-01  1.320E-01  1.230E-01  1.298E-01  1.342E-01  1.588E-01  2.012E-01  1.294E-01  1.334E-01
  1.047E-01  1.003E-01  1.142E-01  1.196E-01  1.200E-01  1.235E-01  1.289E-01  1.478E-01  1.214E-01  1.082E-01
  1.028E-01  1.018E-01  1.343E-01  1.399E-01  1.100E-01  1.596E-01  1.101E-01  1.077E-01  1.160E-01  1.104E-01
  1.106E-01  8.902E-02  1.018E-01  1.192E-01  1.237E-01  1.143E-01  1.246E-01  9.614E-02  1.208E-01  1.025E-01
  1.164E-01  1.144E-01  1.009E-01  9.670E-02  9.687E-02  8.785E-02  8.439E-02  9.253E-02  9.897E-02  9.212E-02
  9.524E-02  1.159E-01  1.002E-01  9.928E-02  1.035E-01  8.382E-02  8.940E-02  8.980E-02  8.882E-02  8.965E-02
  8.327E-02  9.962E-02  9.091E-02  8.670E-02  8.667E-02  9.115E-02  9.707E-02  8.984E-02  8.624E-02  8.103E-02
  9.212E-02  9.495E-02  9.879E-02  8.020E-02  8.547E-02  8.314E-02  8.617E-02  8.309E-02  8.724E-02  8.704E-02
  8.087E-02  8.232E-02  8.142E-02  7.870E-02  8.167E-02  7.945E-02  7.831E-02  7.968E-02  7.919E-02  8.002E-02
  7.992E-02  7.896E-02  8.516E-02  8.461E-02  8.707E-02  9.708E-02  9.521E-02  9.174E-02  9.121E-02  8.541E-02
  8.396E-02  8.204E-02  8.568E-02  8.856E-02  9.087E-02  8.329E-02  8.409E-02  8.385E-02  8.383E-02  9.039E-02
  7.892E-02  8.235E-02  7.951E-02  8.190E-02  8.405E-02  8.179E-02  8.778E-02  8.155E-02  8.822E-02  8.380E-02
  8.469E-02  7.964E-02  7.982E-02  8.527E-02  8.413E-02  8.064E-02  8.034E-02  8.321E-02  8.199E-02  8.679E-02
  8.890E-02  9.367E-02  8.874E-02  8.971E-02  8.668E-02  8.798E-02  8.484E-02  8.211E-02  9.109E-02  9.126E-02
  9.069E-02  8.936E-02  9.206E-02  9.044E-02  9.166E-02  1.001E-01  9.575E-02  9.504E-02  8.969E-02  8.919E-02
  8.992E-02  1.004E-01  9.801E-02  9.521E-02  1.011E-01  1.002E-01  1.061E-01  1.161E-01  1.050E-01  1.278E-01
  2.871E-01  1.362E-01  1.343E-01  1.731E-01  1.201E-01  1.218E-01  1.408E-01  1.996E-01  1.405E-01  1.395E-01
  1.085E-01  1.080E-01  1.113E-01  1.261E-01  1.164E-01  1.269E-01  1.276E-01  1.402E-01  1.265E-01  1.195E-01
  1.135E-01  1.076E-01  1.255E-01  1.481E-01  1.115E-01  1.506E-01  1.187E-01  1.071E-01  1.234E-01  1.171E-01
  1.112E-01  1.040E-01  9.889E-02  1.404E-01  1.011E-01  1.162E-01  1.330E-01  1.042E-01  1.293E-01  1.164E-01
  1.252E-01  1.074E-01  9.729E-02  9.130E-02  1.020E-01  8.998E-02  9.033E-02  8.455E-02  9.591E-02  1.019E-01
  9.815E-02  9.541E-02  1.182E-01  1.011E-01  9.800E-02  1.039E-01  1.003E-01  9.145E-02  8.765E-02  9.323E-02
  9.349E-02  9.743E-02  9.266E-02  9.844E-02  8.219E-02  9.043E-02  1.027E-01  8.770E-02  7.848E-02  8.580E-02
  8.513E-02  8.953E-02  9.218E-02  1.064E-01  8.500E-02  8.560E-02  9.604E-02  9.086E-02  8.300E-02  8.797E-02
  9.422E-02  8.667E-02  8.642E-02  8.119E-02  7.962E-02  8.108E-02  7.955E-02  8.029E-02  8.211E-02  7.986E-02
  7.883E-02  8.339E-02  8.939E-02  8.152E-02  8.445E-02  8.109E-02  8.975E-02  8.491E-02  9.515E-02  9.954E-02
  1.011E-01  1.021E-01  9.324E-02  9.046E-02  9.019E-02  8.526E-02  8.940E-02  8.668E-02  8.944E-02  8.831E-02
  9.635E-02  8.983E-02  8.281E-02  8.898E-02  9.212E-02  8.582E-02  9.471E-02  9.436E-02  9.639E-02  9.002E-02
  8.532E-02  8.776E-02  8.029E-02  8.116E-02  7.650E-02  8.437E-02  8.696E-02  8.227E-02  8.057E-02  8.890E-02
  8.804E-02  8.087E-02  9.028E-02  8.830E-02  8.730E-02  8.385E-02  8.501E-02  8.430E-02  8.027E-02  8.804E-02
  9.447E-02  9.339E-02  8.679E-02  8.912E-02  9.311E-02  9.193E-02  9.422E-02  9.811E-02  1.000E-01  9.959E-02
  9.848E-02  9.979E-02  9.523E-02  1.030E-01  9.356E-02  1.026E-01  1.033E-01  1.069E-01  1.104E-01  1.273E-01
  2.626E-01  1.499E-01  1.526E-01  1.501E-01  1.217E-01  1.327E-01  1.497E-01  1.609E-01  1.222E-01  1.246E-01
  1.235E-01  1.194E-01  1.333E-01  1.503E-01  1.182E-01  1.471E-01  1.191E-01  1.332E-01  1.473E-01  1.286E-01
  1.166E-01  1.220E-01  1.478E-01  1.316E-01  1.285E-01  1.168E-01  1.437E-01  1.354E-01  1.055E-01  1.288E-01
  1.276E-01  9.448E-02  9.815E-02  1.612E-01  1.180E-01  1.211E-01  1.093E-01  1.120E-01  1.022E-01  1.036E-01
  1.354E-01  1.272E-01  1.087E-01  1.065E-01  1.095E-01  1.060E-01  9.353E-02  8.772E-02  9.952E-02  1.112E-01
  1.019E-01  9.835E-02  1.241E-01  1.012E-01  1.076E-01  1.059E-01  9.418E-02  9.911E-02  9.153E-02  8.908E-02
  8.988E-02  1.060E-01  9.265E-02  1.018E-01  9.273E-02  8.507E-02  1.147E-01  9.109E-02  9.883E-02  9.010E-02
  9.296E-02  9.582E-02  8.872E-02  9.796E-02  1.121E-01  9.728E-02  8.848E-02  8.693E-02  8.091E-02  8.761E-02
  9.995E-02  9.489E-02  8.240E-02  8.266E-02  7.897E-02  8.455E-02  9.677E-02  8.731E-02  8.926E-02  8.991E-02
  9.070E-02  8.509E-02  8.707E-02  9.395E-02  8.356E-02  8.892E-02  8.517E-02  8.722E-02  9.212E-02  8.747E-02
  8.805E-02  9.804E-02  1.018E-01  9.782E-02  1.059E-01  1.077E-01  9.918E-02  9.396E-02  9.862E-02  9.860E-02
  9.952E-02  9.375E-02  9.929E-02  9.017E-02  9.606E-02  8.496E-02  8.956E-02  9.609E-02  9.746E-02  9.614E-02
  1.002E-01  8.813E-02  8.445E-02  9.069E-02  9.139E-02  8.813E-02  8.344E-02  8.102E-02  8.125E-02  7.960E-02
  8.719E-02  9.439E-02  8.976E-02  8.876E-02  8.905E-02  9.119E-02  9.106E-02  8.742E-02  8.655E-02  8.445E-02
  8.389E-02  8.726E-02  9.937E-02  9.617E-02  9.963E-02  1.005E-01  9.389E-02  9.697E-02  9.969E-02  9.562E-02
  1.015E-01  1.069E-01  1.066E-01  1.050E-01  1.057E-01  1.007E-01  1.093E-01  1.115E-01  1.188E-01  1.349E-01
  2.503E-01  1.521E-01  2.280E-01  1.563E-01  1.465E-01  1.398E-01  1.573E-01  1.553E-01  1.155E-01  1.228E-01
  1.246E-01  1.142E-01  1.304E-01  1.380E-01  1.173E-01  1.660E-01  1.633E-01  1.307E-01  1.451E-01  1.380E-01
  1.323E-01  1.539E-01  1.719E-01  1.487E-01  1.401E-01  1.148E-01  1.824E-01  1.495E-01  1.139E-01  1.588E-01
  1.375E-01  1.094E-01  1.162E-01  1.658E-01  1.001E-01  9.892E-02  1.200E-01  1.144E-01  1.099E-01  9.986E-02
  1.326E-01  1.333E-01  1.237E-01  1.098E-01  1.133E-01  1.179E-01  1.043E-01  1.002E-01  9.818E-02  1.153E-01
  1.138E-01  1.268E-01  1.115E-01  1.129E-01  1.039E-01  9.734E-02  8.592E-02  9.005E-02  1.020E-01  1.075E-01
  9.829E-02  1.107E-01  8.805E-02  1.172E-01  9.300E-02  1.037E-01  1.091E-01  9.219E-02  9.541E-02  9.383E-02
  8.968E-02  9.489E-02  8.515E-02  9.127E-02  1.068E-01  1.209E-01  9.434E-02  1.014E-01  8.968E-02  9.258E-02
  8.976E-02  9.196E-02  9.490E-02  8.979E-02  9.648E-02  8.649E-02  8.922E-02  1.042E-01  9.430E-02  9.031E-02
  9.524E-02  1.047E-01  9.446E-02  9.024E-02  8.945E-02  8.806E-02  8.381E-02  9.173E-02  9.068E-02  8.604E-02
  8.593E-02  9.502E-02  9.356E-02  9.682E-02  1.056E-01  9.838E-02  1.019E-01  1.076E-01  1.109E-01  1.166E-01
  1.118E-01  9.947E-02  9.745E-02  8.844E-02  9.976E-02  1.023E-01  1.113E-01  9.760E-02  9.904E-02  1.015E-01
  9.796E-02  9.812E-02  9.450E-02  9.648E-02  8.686E-02  8.924E-02  9.513E-02  8.560E-02  9.040E-02  8.712E-02
  8.715E-02  9.243E-02  9.150E-02  9.256E-02  1.012E-01  9.493E-02  9.566E-02  9.015E-02  9.306E-02  9.537E-02
  9.716E-02  9.724E-02  9.396E-02  9.716E-02  9.647E-02  1.087E-01  1.106E-01  1.069E-01  9.903E-02  1.062E-01
  1.066E-01  1.081E-01  9.609E-02  1.089E-01  1.180E-01  1.178E-01  1.211E-01  1.220E-01  1.256E-01  1.329E-01
  2.940E-01  2.854E-01  1.790E-01  1.440E-01  1.598E-01  1.239E-01  1.287E-01  1.749E-01  1.500E-01  1.259E-01
  1.565E-01  1.250E-01  1.367E-01  1.502E-01  1.224E-01  1.691E-01  1.742E-01  1.329E-01  1.407E-01  1.530E-01
  1.707E-01  1.458E-01  1.899E-01  1.603E-01  1.351E-01  1.182E-01  2.148E-01  1.694E-01  1.170E-01  1.663E-01
  1.627E-01  1.314E-01  1.151E-01  1.586E-01  1.168E-01  1.097E-01  1.089E-01  1.249E-01  1.160E-01  1.138E-01
  1.177E-01  1.325E-01  1.369E-01  1.261E-01  1.171E-01  1.172E-01  1.238E-01  1.091E-01  1.039E-01  1.237E-01
  1.192E-01  1.110E-01  1.124E-01  1.139E-01  1.122E-01  1.115E-01  1.038E-01  9.203E-02  1.034E-01  9.486E-02
  1.030E-01  1.041E-01  9.618E-02  1.103E-01  9.835E-02  9.772E-02  1.053E-01  1.157E-01  1.013E-01  9.453E-02
  1.019E-01  9.765E-02  9.648E-02  9.602E-02  9.696E-02  1.187E-01  1.114E-01  1.016E-01  1.150E-01  9.959E-02
  9.367E-02  9.391E-02  1.019E-01  9.812E-02  9.672E-02  9.968E-02  8.974E-02  9.362E-02  9.786E-02  9.288E-02
  9.375E-02  1.037E-01  9.962E-02  1.019E-01  9.579E-02  8.436E-02  9.340E-02  9.029E-02  9.217E-02  8.875E-02
  8.904E-02  9.575E-02  9.692E-02  9.332E-02  1.009E-01  1.007E-01  9.462E-02  9.340E-02  8.949E-02  9.683E-02
  1.066E-01  1.155E-01  1.164E-01  1.115E-01  1.049E-01  1.016E-01  1.110E-01  1.077E-01  9.876E-02  9.618E-02
  1.029E-01  9.840E-02  9.851E-02  9.258E-02  9.988E-02  9.376E-02  9.543E-02  9.185E-02  9.505E-02  8.615E-02
  9.237E-02  9.434E-02  9.509E-02  9.190E-02  8.587E-02  9.645E-02  1.082E-01  1.035E-01  1.005E-01  1.004E-01
  9.659E-02  9.065E-02  9.667E-02  1.109E-01  1.073E-01  1.112E-01  1.067E-01  1.197E-01  1.205E-01  1.154E-01
  1.036E-01  1.151E-01  1.068E-01  1.062E-01  1.164E-01  1.217E-01  1.290E-01  1.258E-01  1.300E-01  1.473E-01
  2.961E-01  3.703E-01  1.605E-01  1.974E-01  1.634E-01  1.479E-01  1.420E-01  1.990E-01  1.682E-01  1.300E-01
  1.754E-01  1.331E-01  1.640E-01  1.499E-01  1.383E-01  1.885E-01  1.639E-01  1.574E-01  1.593E-01  1.854E-01
  1.404E-01  1.742E-01  2.014E-01  1.730E-01  1.412E-01  1.599E-01  2.310E-01  1.925E-01  1.758E-01  1.504E-01
  1.907E-01  1.407E-01  1.152E-01  1.241E-01  1.724E-01  1.309E-01  1.205E-01  1.198E-01  1.299E-01  1.226E-01
  1.382E-01  1.381E-01  1.360E-01  1.656E-01  1.573E-01  1.357E-01  1.089E-01  1.152E-01  1.189E-01  1.326E-01
  1.287E-01  1.163E-01  1.344E-01  1.193E-01  1.125E-01  1.202E-01  1.185E-01  1.133E-01  1.100E-01  1.196E-01
  1.079E-01  1.158E-01  1.053E-01  9.877E-02  1.057E-01  1.152E-01  1.061E-01  1.148E-01  1.004E-01  9.821E-02
  1.022E-01  9.545E-02  9.633E-02  1.005E-01  1.037E-01  1.216E-01  1.074E-01  1.129E-01  1.061E-01  1.092E-01
  1.098E-01  9.523E-02  1.073E-01  1.021E-01  1.112E-01  1.023E-01  1.003E-01  9.606E-02  9.824E-02  1.175E-01
  1.063E-01  1.102E-01  1.093E-01  1.080E-01  9.941E-02  9.733E-02  9.612E-02  9.476E-02  9.208E-02  1.027E-01
  9.836E-02  1.001E-01  1.050E-01  1.035E-01  1.003E-01  1.129E-01  1.044E-01  1.011E-01  9.871E-02  1.018E-01
  9.833E-02  9.951E-02  9.878E-02  1.046E-01  1.183E-01  1.139E-01  1.223E-01  1.169E-01  1.134E-01  1.091E-01
  9.682E-02  1.015E-01  1.000E-01  1.030E-01  9.874E-02  9.706E-02  1.036E-01  1.056E-01  1.011E-01  1.010E-01
  9.364E-02  9.805E-02  9.941E-02  9.992E-02  1.015E-01  9.154E-02  9.697E-02  9.792E-02  1.003E-01  9.785E-02
  9.752E-02  1.099E-01  1.113E-01  1.132E-01  1.147E-01  1.180E-01  1.145E-01  1.130E-01  1.115E-01  1.161E-01
  1.335E-01  1.178E-01  1.185E-01  1.178E-01  1.201E-01  1.213E-01  1.254E-01  1.450E-01  1.473E-01  1.531E-01
  3.443E-01  1.940E-01  2.214E-01  1.683E-01  1.849E-01  1.667E-01  1.628E-01  1.966E-01  1.417E-01  1.566E-01
  1.883E-01  1.398E-01  1.670E-01  1.499E-01  1.597E-01  2.450E-01  2.018E-01  1.698E-01  1.658E-01  2.076E-01
  1.573E-01  1.738E-01  2.080E-01  1.552E-01  1.654E-01  1.716E-01  1.853E-01  1.395E-01  1.941E-01  1.534E-01
  1.513E-01  1.727E-01  1.469E-01  1.282E-01  1.846E-01  1.303E-01  1.365E-01  1.407E-01  1.448E-01  1.328E-01
  1.450E-01  1.377E-01  1.392E-01  1.400E-01  1.459E-01  1.382E-01  1.266E-01  1.174E-01  1.249E-01  1.347E-01
  1.274E-01  1.449E-01  1.352E-01  1.448E-01  1.153E-01  1.211E-01  1.199E-01  1.100E-01  1.066E-01  1.082E-01
  1.073E-01  1.140E-01  1.228E-01  1.060E-01  1.113E-01  1.060E-01  1.258E-01  1.257E-01  1.082E-01  1.062E-01
  1.078E-01  1.053E-01  1.111E-01  1.067E-01  1.217E-01  1.182E-01  1.053E-01  1.116E-01  1.478E-01  1.196E-01
  1.088E-01  1.239E-01  1.123E-01  1.176E-01  1.094E-01  1.073E-01  1.073E-01  1.092E-01  9.937E-02  1.090E-01
  1.162E-01  1.099E-01  1.119E-01  1.135E-01  1.026E-01  1.063E-01  1.096E-01  1.079E-01  9.331E-02  9.958E-02
  1.092E-01  1.076E-01  9.410E-02  1.039E-01  1.117E-01  1.225E-01  1.162E-01  1.142E-01  1.026E-01  1.104E-01
  1.085E-01  1.035E-01  9.605E-02  9.937E-02  1.058E-01  1.089E-01  1.089E-01  1.215E-01  1.229E-01  1.182E-01
  1.306E-01  1.130E-01  1.021E-01  1.050E-01  1.065E-01  9.913E-02  1.039E-01  1.014E-01  1.071E-01  1.270E-01
  1.176E-01  1.140E-01  1.130E-01  1.032E-01  1.043E-01  1.035E-01  9.691E-02  9.701E-02  9.367E-02  1.018E-01
  1.097E-01  1.390E-01  1.071E-01  1.128E-01  1.045E-01  1.182E-01  1.106E-01  1.149E-01  1.157E-01  1.149E-01
  1.160E-01  1.150E-01  1.298E-01  1.274E-01  1.345E-01  1.346E-01  1.375E-01  1.558E-01  1.435E-01  1.545E-01
  3.706E-01  2.216E-01  2.194E-01  1.974E-01  1.887E-01  1.872E-01  2.665E-01  1.616E-01  1.808E-01  1.615E-01
  2.245E-01  1.390E-01  2.007E-01  1.551E-01  2.051E-01  2.808E-01  2.018E-01  2.060E-01  1.896E-01  2.957E-01
  2.123E-01  1.944E-01  1.687E-01  1.689E-01  1.756E-01  1.605E-01  1.657E-01  1.769E-01  2.193E-01  1.672E-01
  1.541E-01  1.506E-01  2.095E-01  1.351E-01  2.399E-01  1.448E-01  1.411E-01  1.417E-01  1.475E-01  1.519E-01
  1.619E-01  1.539E-01  1.297E-01  1.276E-01  1.506E-01  1.464E-01  1.390E-01  1.617E-01  1.656E-01  1.428E-01
  1.431E-01  1.485E-01  1.473E-01  1.525E-01  1.428E-01  1.205E-01  1.256E-01  1.305E-01  1.353E-01  1.243E-01
  1.211E-01  1.179E-01  1.214E-01  1.165E-01  1.192E-01  1.311E-01  1.271E-01  1.130E-01  1.221E-01  1.184E-01
  1.160E-01  1.171E-01  1.167E-01  1.151E-01  1.245E-01  1.168E-01  1.122E-01  1.255E-01  1.232E-01  1.613E-01
  1.442E-01  1.184E-01  1.189E-01  1.432E-01  1.221E-01  1.132E-01  1.079E-01  1.102E-01  1.170E-01  1.265E-01
  1.389E-01  1.379E-01  1.442E-01  1.185E-01  1.129E-01  1.054E-01  1.307E-01  1.132E-01  1.174E-01  1.202E-01
  1.363E-01  1.242E-01  1.215E-01  1.123E-01  1.179E-01  1.232E-01  1.205E-01  1.179E-01  1.195E-01  1.109E-01
  1.112E-01  1.141E-01  1.184E-01  1.217E-01  1.109E-01  1.149E-01  1.024E-01  1.101E-01  1.194E-01  1.156E-01
  1.232E-01  1.206E-01  1.332E-01  1.400E-01  1.502E-01  1.193E-01  1.173E-01  1.170E-01  1.145E-01  1.316E-01
  1.195E-01  1.218E-01  1.171E-01  1.125E-01  1.077E-01  1.084E-01  1.092E-01  1.084E-01  1.077E-01  1.010E-01
  1.161E-01  1.119E-01  1.162E-01  1.150E-01  1.127E-01  1.221E-01  1.148E-01  1.181E-01  1.142E-01  1.131E-01
  1.091E-01  1.232E-01  1.158E-01  1.207E-01  1.209E-01  1.473E-01  1.430E-01  1.530E-01  1.569E-01  1.573E-01
  4.354E-01  2.826E-01  2.551E-01  2.265E-01  1.790E-01  2.088E-01  3.092E-01  2.189E-01  1.907E-01  1.640E-01
  2.475E-01  1.796E-01  2.394E-01  1.766E-01  1.842E-01  3.045E-01  1.981E-01  2.013E-01  2.755E-01  2.283E-01
  1.769E-01  1.985E-01  1.895E-01  1.793E-01  1.879E-01  2.321E-01  2.305E-01  2.805E-01  1.823E-01  1.788E-01
  1.847E-01  1.494E-01  1.726E-01  1.775E-01  2.472E-01  1.564E-01  1.734E-01  1.634E-01  1.942E-01  2.261E-01
  1.751E-01  1.420E-01  1.495E-01  1.635E-01  1.603E-01  1.706E-01  1.721E-01  1.669E-01  1.944E-01  1.597E-01
  1.489E-01  1.434E-01  1.599E-01  1.621E-01  2.141E-01  1.424E-01  1.489E-01  1.538E-01  1.476E-01  1.441E-01
  1.404E-01  1.460E-01  1.479E-01  1.353E-01  1.486E-01  1.448E-01  1.435E-01  1.559E-01  1.406E-01  1.474E-01
  1.482E-01  1.373E-01  1.231E-01  1.298E-01  1.321E-01  1.297E-01  1.171E-01  1.270E-01  1.243E-01  1.363E-01
  1.542E-01  1.437E-01  1.401E-01  1.442E-01  1.552E-01  1.425E-01  1.364E-01  1.416E-01  1.378E-01  1.289E-01
  1.428E-01  1.374E-01  1.290E-01  1.650E-01  1.197E-01  1.212E-01  1.281E-01  1.191E-01  1.137E-01  1.330E-01
  1.278E-01  1.386E-01  1.326E-01  1.367E-01  1.248E-01  1.186E-01  1.302E-01  1.312E-01  1.194E-01  1.184E-01
  1.230E-01  1.408E-01  1.234E-01  1.230E-01  1.129E-01  1.258E-01  1.289E-01  1.273E-01  1.228E-01  1.421E-01
  1.269E-01  1.326E-01  1.261E-01  1.307E-01  1.172E-01  1.597E-01  1.646E-01  1.500E-01  1.458E-01  1.267E-01
  1.460E-01  1.342E-01  1.263E-01  1.249E-01  1.373E-01  1.335E-01  1.149E-01  1.198E-01  1.137E-01  1.143E-01
  1.199E-01  1.187E-01  1.208E-01  1.251E-01  1.233E-01  1.287E-01  1.231E-01  1.246E-01  1.321E-01  1.235E-01
  1.202E-01  1.208E-01  1.258E-01  1.279E-01  1.312E-01  1.334E-01  1.651E-01  1.730E-01  1.866E-01  1.749E-01
  5.454E-01  2.732E-01  2.947E-01  2.651E-01  2.565E-01  2.342E-01  4.091E-01  2.134E-01  2.047E-01  1.948E-01
  4.020E-01  1.996E-01  2.410E-01  2.196E-01  2.251E-01  3.365E-01  1.959E-01  1.961E-01  2.048E-01  2.356E-01
  2.635E-01  2.377E-01  2.338E-01  2.092E-01  2.268E-01  1.949E-01  2.290E-01  2.935E-01  2.403E-01  2.245E-01
  2.129E-01  1.993E-01  2.041E-01  1.951E-01  1.637E-01  1.593E-01  1.914E-01  1.768E-01  2.091E-01  2.409E-01
  1.925E-01  1.712E-01  1.674E-01  1.949E-01  1.756E-01  1.737E-01  2.055E-01  2.019E-01  1.798E-01  1.944E-01
  1.845E-01  1.953E-01  2.101E-01  1.995E-01  2.203E-01  1.644E-01  1.706E-01  1.620E-01  1.814E-01  1.654E-01
  1.658E-01  1.461E-01  1.474E-01  1.533E-01  1.999E-01  1.649E-01  1.904E-01  1.647E-01  1.750E-01  1.579E-01
  1.943E-01  1.661E-01  1.701E-01  1.548E-01  1.590E-01  1.712E-01  1.548E-01  1.435E-01  1.524E-01  1.528E-01
  1.348E-01  1.505E-01  1.510E-01  1.489E-01  1.331E-01  1.566E-01  1.674E-01  1.584E-01  1.576E-01  1.611E-01
  1.529E-01  1.525E-01  1.451E-01  1.840E-01  1.581E-01  1.380E-01  1.596E-01  1.459E-01  1.325E-01  1.498E-01
  1.527E-01  1.465E-01  1.437E-01  1.450E-01  1.552E-01  1.556E-01  1.550E-01  1.552E-01  1.416E-01  1.615E-01
  1.532E-01  1.452E-01  1.368E-01  1.373E-01  1.437E-01  1.476E-01  1.342E-01  1.716E-01  1.533E-01  1.704E-01
  1.585E-01  1.514E-01  1.445E-01  1.325E-01  1.393E-01  1.393E-01  1.357E-01  1.437E-01  1.417E-01  1.626E-01
  1.558E-01  1.480E-01  1.556E-01  1.346E-01  1.421E-01  1.457E-01  1.564E-01  1.322E-01  1.484E-01  1.371E-01
  1.263E-01  1.263E-01  1.343E-01  1.336E-01  1.377E-01  1.447E-01  1.485E-01  1.550E-01  1.490E-01  1.376E-01
  1.381E-01  1.432E-01  1.401E-01  1.410E-01  1.575E-01  1.478E-01  1.513E-01  1.723E-01  1.832E-01  1.731E-01

#------------------------------------------------------------------------------
# gshow
#------------------------------------------------------------------------------

p: legs[c5*0.875]

w:40/ x(  -0.9786974E+00) y(  -0.9994012E+02) ix(2) iy(2) s(   0.7000E+00)

hb:   line clip z  
frame:
 -9.9977793E-01 -9.9999536E+01
  1.8000022E+02 -9.9999536E+01
  1.8000022E+02  1.0000046E+02
 -9.9977793E-01  1.0000046E+02
clip:
 -2.124000E+00 -1.019797E+02
  1.811244E+02 -1.019797E+02
  1.811244E+02 -9.994012E+01
  1.811244E+02 -9.790052E+01
  1.811244E+02 -9.586092E+01
  1.811244E+02 -9.382131E+01
  1.811244E+02 -9.178171E+01
  1.811244E+02 -8.974211E+01
  1.811244E+02 -8.770250E+01
  1.811244E+02 -8.566290E+01
  1.811244E+02 -8.362329E+01
  1.811244E+02 -8.158369E+01
  1.811244E+02 -7.954409E+01
  1.811244E+02 -7.750448E+01
  1.811244E+02 -7.546488E+01
  1.811244E+02 -7.342527E+01
  1.811244E+02 -7.138567E+01
  1.811244E+02 -6.934607E+01
  1.811244E+02 -6.730646E+01
  1.811244E+02 -6.526686E+01
  1.811244E+02 -6.322725E+01
  1.811244E+02 -6.118765E+01
  1.811244E+02 -5.914805E+01
  1.811244E+02 -5.710844E+01
  1.811244E+02 -5.506884E+01
  1.811244E+02 -5.302923E+01
  1.811244E+02 -5.098963E+01
  1.811244E+02 -4.895003E+01
  1.811244E+02 -4.691042E+01
  1.811244E+02 -4.487082E+01
  1.811244E+02 -4.283121E+01
  1.811244E+02 -4.079161E+01
  1.811244E+02 -3.875201E+01
  1.811244E+02 -3.671240E+01
  1.811244E+02 -3.467280E+01
  1.811244E+02 -3.263319E+01
  1.811244E+02 -3.059359E+01
  1.811244E+02 -2.855399E+01
  1.811244E+02 -2.651438E+01
  1.811244E+02 -2.447478E+01
  1.811244E+02 -2.243517E+01
  1.811244E+02 -2.039557E+01
  1.811244E+02 -1.835597E+01
  1.811244E+02 -1.631636E+01
  1.811244E+02 -1.427676E+01
  1.811244E+02 -1.223715E+01
  1.811244E+02 -1.019755E+01
  1.811244E+02 -8.157947E+00
  1.811244E+02 -6.118343E+00
  1.811244E+02 -4.078739E+00
  1.811244E+02 -2.039135E+00
  1.811244E+02  4.691358E-04
  1.811244E+02  2.040073E+00
  1.811244E+02  4.079677E+00
  1.811244E+02  6.119281E+00
  1.811244E+02  8.158885E+00
  1.811244E+02  1.019849E+01
  1.811244E+02  1.223809E+01
  1.811244E+02  1.427770E+01
  1.811244E+02  1.631730E+01
  1.811244E+02  1.835690E+01
  1.811244E+02  2.039651E+01
  1.811244E+02  2.243611E+01
  1.811244E+02  2.447572E+01
  1.811244E+02  2.651532E+01
  1.811244E+02  2.855492E+01
  1.811244E+02  3.059453E+01
  1.811244E+02  3.263413E+01
  1.811244E+02  3.467374E+01
  1.811244E+02  3.671334E+01
  1.811244E+02  3.875294E+01
  1.811244E+02  4.079255E+01
  1.811244E+02  4.283215E+01
  1.811244E+02  4.487176E+01
  1.811244E+02  4.691136E+01
  1.811244E+02  4.895096E+01
  1.811244E+02  5.099057E+01
  1.811244E+02  5.303017E+01
  1.811244E+02  5.506978E+01
  1.811244E+02  5.710938E+01
  1.811244E+02  5.914898E+01
  1.811244E+02  6.118859E+01
  1.811244E+02  6.322819E+01
  1.811244E+02  6.526780E+01
  1.811244E+02  6.730740E+01
  1.811244E+02  6.934700E+01
  1.811244E+02  7.138661E+01
  1.811244E+02  7.342621E+01
  1.811244E+02  7.546582E+01
  1.811244E+02  7.750542E+01
  1.811244E+02  7.954502E+01
  1.811244E+02  8.158463E+01
  1.811244E+02  8.362423E+01
  1.811244E+02  8.566384E+01
  1.811244E+02  8.770344E+01
  1.811244E+02  8.974304E+01
  1.811244E+02  9.178265E+01
  1.811244E+02  9.382225E+01
  1.811244E+02  9.586186E+01
  1.811244E+02  9.790146E+01
  1.811244E+02  9.994106E+01
  1.811244E+02  1.019807E+02
  1.799791E+02  1.019807E+02
  1.788338E+02  1.019807E+02
  1.776885E+02  1.019807E+02
  1.765432E+02  1.019807E+02
  1.753979E+02  1.019807E+02
  1.742526E+02  1.019807E+02
  1.731073E+02  1.019807E+02
  1.719620E+02  1.019807E+02
  1.708167E+02  1.019807E+02
  1.696714E+02  1.019807E+02
  1.685261E+02  1.019807E+02
  1.673808E+02  1.019807E+02
  1.662355E+02  1.019807E+02
  1.650902E+02  1.019807E+02
  1.639449E+02  1.019807E+02
  1.627996E+02  1.019807E+02
  1.616543E+02  1.019807E+02
  1.605090E+02  1.019807E+02
  1.593637E+02  1.019807E+02
  1.582184E+02  1.019807E+02
  1.570731E+02  1.019807E+02
  1.559278E+02  1.019807E+02
  1.547825E+02  1.019807E+02
  1.536372E+02  1.019807E+02
  1.524919E+02  1.019807E+02
  1.513466E+02  1.019807E+02
  1.502013E+02  1.019807E+02
  1.490560E+02  1.019807E+02
  1.479107E+02  1.019807E+02
  1.467654E+02  1.019807E+02
  1.456201E+02  1.019807E+02
  1.444748E+02  1.019807E+02
  1.433295E+02  1.019807E+02
  1.421842E+02  1.019807E+02
  1.410388E+02  1.019807E+02
  1.398935E+02  1.019807E+02
  1.387482E+02  1.019807E+02
  1.376029E+02  1.019807E+02
  1.364576E+02  1.019807E+02
  1.353123E+02  1.019807E+02
  1.341670E+02  1.019807E+02
  1.330217E+02  1.019807E+02
  1.318764E+02  1.019807E+02
  1.307311E+02  1.019807E+02
  1.295858E+02  1.019807E+02
  1.284405E+02  1.019807E+02
  1.272952E+02  1.019807E+02
  1.261499E+02  1.019807E+02
  1.250046E+02  1.019807E+02
  1.238593E+02  1.019807E+02
  1.227140E+02  1.019807E+02
  1.215687E+02  1.019807E+02
  1.204234E+02  1.019807E+02
  1.192781E+02  1.019807E+02
  1.181328E+02  1.019807E+02
  1.169875E+02  1.019807E+02
  1.158422E+02  1.019807E+02
  1.146969E+02  1.019807E+02
  1.135516E+02  1.019807E+02
  1.124063E+02  1.019807E+02
  1.112610E+02  1.019807E+02
  1.101157E+02  1.019807E+02
  1.089704E+02  1.019807E+02
  1.078251E+02  1.019807E+02
  1.066798E+02  1.019807E+02
  1.055345E+02  1.019807E+02
  1.043892E+02  1.019807E+02
  1.032439E+02  1.019807E+02
  1.020986E+02  1.019807E+02
  1.009533E+02  1.019807E+02
  9.980795E+01  1.019807E+02
  9.866265E+01  1.019807E+02
  9.751734E+01  1.019807E+02
  9.637204E+01  1.019807E+02
  9.522674E+01  1.019807E+02
  9.408143E+01  1.019807E+02
  9.293613E+01  1.019807E+02
  9.179083E+01  1.019807E+02
  9.064553E+01  1.019807E+02
  8.950022E+01  1.019807E+02
  8.835492E+01  1.019807E+02
  8.720962E+01  1.019807E+02
  8.606432E+01  1.019807E+02
  8.491901E+01  1.019807E+02
  8.377371E+01  1.019807E+02
  8.262841E+01  1.019807E+02
  8.148310E+01  1.019807E+02
  8.033780E+01  1.019807E+02
  7.919250E+01  1.019807E+02
  7.804720E+01  1.019807E+02
  7.690189E+01  1.019807E+02
  7.575659E+01  1.019807E+02
  7.461129E+01  1.019807E+02
  7.346598E+01  1.019807E+02
  7.232068E+01  1.019807E+02
  7.117538E+01  1.019807E+02
  7.003008E+01  1.019807E+02
  6.888477E+01  1.019807E+02
  6.773947E+01  1.019807E+02
  6.659417E+01  1.019807E+02
  6.544886E+01  1.019807E+02
  6.430356E+01  1.019807E+02
  6.315826E+01  1.019807E+02
  6.201296E+01  1.019807E+02
  6.086765E+01  1.019807E+02
  5.972235E+01  1.019807E+02
  5.857705E+01  1.019807E+02
  5.743175E+01  1.019807E+02
  5.628644E+01  1.019807E+02
  5.514114E+01  1.019807E+02
  5.399584E+01  1.019807E+02
  5.285053E+01  1.019807E+02
  5.170523E+01  1.019807E+02
  5.055993E+01  1.019807E+02
  4.941463E+01  1.019807E+02
  4.826932E+01  1.019807E+02
  4.712402E+01  1.019807E+02
  4.597872E+01  1.019807E+02
  4.483341E+01  1.019807E+02
  4.368811E+01  1.019807E+02
  4.254281E+01  1.019807E+02
  4.139751E+01  1.019807E+02
  4.025220E+01  1.019807E+02
  3.910690E+01  1.019807E+02
  3.796160E+01  1.019807E+02
  3.681629E+01  1.019807E+02
  3.567099E+01  1.019807E+02
  3.452569E+01  1.019807E+02
  3.338039E+01  1.019807E+02
  3.223508E+01  1.019807E+02
  3.108978E+01  1.019807E+02
  2.994448E+01  1.019807E+02
  2.879918E+01  1.019807E+02
  2.765387E+01  1.019807E+02
  2.650857E+01  1.019807E+02
  2.536327E+01  1.019807E+02
  2.421796E+01  1.019807E+02
  2.307266E+01  1.019807E+02
  2.192736E+01  1.019807E+02
  2.078206E+01  1.019807E+02
  1.963675E+01  1.019807E+02
  1.849145E+01  1.019807E+02
  1.734615E+01  1.019807E+02
  1.620084E+01  1.019807E+02
  1.505554E+01  1.019807E+02
  1.391024E+01  1.019807E+02
  1.276494E+01  1.019807E+02
  1.161963E+01  1.019807E+02
  1.047433E+01  1.019807E+02
  9.329028E+00  1.019807E+02
  8.183725E+00  1.019807E+02
  7.038422E+00  1.019807E+02
  5.893119E+00  1.019807E+02
  4.747817E+00  1.019807E+02
  3.602514E+00  1.019807E+02
  2.457211E+00  1.019807E+02
  1.311908E+00  1.019807E+02
  1.666054E-01  1.019807E+02
 -9.786974E-01  1.019807E+02
 -2.124000E+00  1.019807E+02
 -2.124000E+00  9.994106E+01
 -2.124000E+00  9.790146E+01
 -2.124000E+00  9.586186E+01
 -2.124000E+00  9.382225E+01
 -2.124000E+00  9.178265E+01
 -2.124000E+00  8.974304E+01
 -2.124000E+00  8.770344E+01
 -2.124000E+00  8.566384E+01
 -2.124000E+00  8.362423E+01
 -2.124000E+00  8.158463E+01
 -2.124000E+00  7.954502E+01
 -2.124000E+00  7.750542E+01
 -2.124000E+00  7.546582E+01
 -2.124000E+00  7.342621E+01
 -2.124000E+00  7.138661E+01
 -2.124000E+00  6.934700E+01
 -2.124000E+00  6.730740E+01
 -2.124000E+00  6.526780E+01
 -2.124000E+00  6.322819E+01
 -2.124000E+00  6.118859E+01
 -2.124000E+00  5.914898E+01
 -2.124000E+00  5.710938E+01
 -2.124000E+00  5.506978E+01
 -2.124000E+00  5.303017E+01
 -2.124000E+00  5.099057E+01
 -2.124000E+00  4.895096E+01
 -2.124000E+00  4.691136E+01
 -2.124000E+00  4.487176E+01
 -2.124000E+00  4.283215E+01
 -2.124000E+00  4.079255E+01
 -2.124000E+00  3.875294E+01
 -2.124000E+00  3.671334E+01
 -2.124000E+00  3.467374E+01
 -2.124000E+00  3.263413E+01
 -2.124000E+00  3.059453E+01
 -2.124000E+00  2.855492E+01
 -2.124000E+00  2.651532E+01
 -2.124000E+00  2.447572E+01
 -2.124000E+00  2.243611E+01
 -2.124000E+00  2.039651E+01
 -2.124000E+00  1.835690E+01
 -2.124000E+00  1.631730E+01
 -2.124000E+00  1.427770E+01
 -2.124000E+00  1.223809E+01
 -2.124000E+00  1.019849E+01
 -2.124000E+00  8.158885E+00
 -2.124000E+00  6.119281E+00
 -2.124000E+00  4.079677E+00
 -2.124000E+00  2.040073E+00
 -2.124000E+00  4.691358E-04
 -2.124000E+00 -2.039135E+00
 -2.124000E+00 -4.078739E+00
 -2.124000E+00 -6.118343E+00
 -2.124000E+00 -8.157947E+00
 -2.124000E+00 -1.019755E+01
 -2.124000E+00 -1.223715E+01
 -2.124000E+00 -1.427676E+01
 -2.124000E+00 -1.631636E+01
 -2.124000E+00 -1.835597E+01
 -2.124000E+00 -2.039557E+01
 -2.124000E+00 -2.243517E+01
 -2.124000E+00 -2.447478E+01
 -2.124000E+00 -2.651438E+01
 -2.124000E+00 -2.855399E+01
 -2.124000E+00 -3.059359E+01
 -2.124000E+00 -3.263319E+01
 -2.124000E+00 -3.467280E+01
 -2.124000E+00 -3.671240E+01
 -2.124000E+00 -3.875201E+01
 -2.124000E+00 -4.079161E+01
 -2.124000E+00 -4.283121E+01
 -2.124000E+00 -4.487082E+01
 -2.124000E+00 -4.691042E+01
 -2.124000E+00 -4.895003E+01
 -2.124000E+00 -5.098963E+01
 -2.124000E+00 -5.302923E+01
 -2.124000E+00 -5.506884E+01
 -2.124000E+00 -5.710844E+01
 -2.124000E+00 -5.914805E+01
 -2.124000E+00 -6.118765E+01
 -2.124000E+00 -6.322725E+01
 -2.124000E+00 -6.526686E+01
 -2.124000E+00 -6.730646E+01
 -2.124000E+00 -6.934607E+01
 -2.124000E+00 -7.138567E+01
 -2.124000E+00 -7.342527E+01
 -2.124000E+00 -7.546488E+01
 -2.124000E+00 -7.750448E+01
 -2.124000E+00 -7.954409E+01
 -2.124000E+00 -8.158369E+01
 -2.124000E+00 -8.362329E+01
 -2.124000E+00 -8.566290E+01
 -2.124000E+00 -8.770250E+01
 -2.124000E+00 -8.974211E+01
 -2.124000E+00 -9.178171E+01
 -2.124000E+00 -9.382131E+01
 -2.124000E+00 -9.586092E+01
 -2.124000E+00 -9.790052E+01
 -2.124000E+00 -9.994012E+01
 -2.124000E+00 -1.019797E+02

w:1/ x(   0.7500000E+01) y(   0.0000000E+00) ix(2) iy(2) s(   0.7000E+00)

hb:   line clip z  
clip:
  1.329837E-01 -1.000000E+02
  1.394386E+01 -1.000000E+02
  1.500000E+01 -9.994012E+01
  1.500000E+01 -9.799943E+01
  1.500000E+01 -9.790052E+01
  1.500000E+01 -9.595983E+01
  1.500000E+01 -9.586092E+01
  1.500000E+01 -9.392022E+01
  1.500000E+01 -9.382131E+01
  1.500000E+01 -9.188062E+01
  1.500000E+01 -9.178171E+01
  1.500000E+01 -8.984102E+01
  1.500000E+01 -8.974211E+01
  1.500000E+01 -8.780141E+01
  1.500000E+01 -8.770250E+01
  1.500000E+01 -8.576181E+01
  1.500000E+01 -8.566290E+01
  1.500000E+01 -8.372220E+01
  1.500000E+01 -8.362329E+01
  1.500000E+01 -8.168260E+01
  1.500000E+01 -8.158369E+01
  1.500000E+01 -7.964300E+01
  1.500000E+01 -7.954409E+01
  1.500000E+01 -7.760339E+01
  1.500000E+01 -7.750448E+01
  1.500000E+01 -7.556379E+01
  1.500000E+01 -7.546488E+01
  1.500000E+01 -7.352418E+01
  1.500000E+01 -7.342527E+01
  1.500000E+01 -7.148458E+01
  1.500000E+01 -7.138567E+01
  1.500000E+01 -6.944498E+01
  1.500000E+01 -6.934607E+01
  1.500000E+01 -6.740537E+01
  1.500000E+01 -6.730646E+01
  1.500000E+01 -6.536577E+01
  1.500000E+01 -6.526686E+01
  1.500000E+01 -6.332616E+01
  1.500000E+01 -6.322725E+01
  1.500000E+01 -6.128656E+01
  1.500000E+01 -6.118765E+01
  1.500000E+01 -5.924696E+01
  1.500000E+01 -5.914805E+01
  1.500000E+01 -5.720735E+01
  1.500000E+01 -5.710844E+01
  1.500000E+01 -5.516775E+01
  1.500000E+01 -5.506884E+01
  1.500000E+01 -5.312814E+01
  1.500000E+01 -5.302923E+01
  1.500000E+01 -5.108854E+01
  1.500000E+01 -5.098963E+01
  1.500000E+01 -4.904894E+01
  1.500000E+01 -4.895003E+01
  1.500000E+01 -4.700933E+01
  1.500000E+01 -4.691042E+01
  1.500000E+01 -4.496973E+01
  1.500000E+01 -4.487082E+01
  1.500000E+01 -4.293013E+01
  1.500000E+01 -4.283121E+01
  1.500000E+01 -4.089052E+01
  1.500000E+01 -4.079161E+01
  1.500000E+01 -3.885092E+01
  1.500000E+01 -3.875201E+01
  1.500000E+01 -3.681131E+01
  1.500000E+01 -3.671240E+01
  1.500000E+01 -3.477171E+01
  1.500000E+01 -3.467280E+01
  1.500000E+01 -3.273211E+01
  1.500000E+01 -3.263319E+01
  1.500000E+01 -3.069250E+01
  1.500000E+01 -3.059359E+01
  1.500000E+01 -2.865290E+01
  1.500000E+01 -2.855399E+01
  1.500000E+01 -2.661329E+01
  1.500000E+01 -2.651438E+01
  1.500000E+01 -2.457369E+01
  1.500000E+01 -2.447478E+01
  1.500000E+01 -2.253409E+01
  1.500000E+01 -2.243517E+01
  1.500000E+01 -2.049448E+01
  1.500000E+01 -2.039557E+01
  1.500000E+01 -1.845488E+01
  1.500000E+01 -1.835597E+01
  1.500000E+01 -1.641527E+01
  1.500000E+01 -1.631636E+01
  1.500000E+01 -1.437567E+01
  1.500000E+01 -1.427676E+01
  1.500000E+01 -1.233607E+01
  1.500000E+01 -1.223715E+01
  1.500000E+01 -1.029646E+01
  1.500000E+01 -1.019755E+01
  1.500000E+01 -8.256858E+00
  1.500000E+01 -8.157947E+00
  1.500000E+01 -6.217254E+00
  1.500000E+01 -6.118343E+00
  1.500000E+01 -4.177650E+00
  1.500000E+01 -4.078739E+00
  1.500000E+01 -2.138046E+00
  1.500000E+01 -2.039135E+00
  1.500000E+01 -9.844203E-02
  1.500000E+01  4.691358E-04
  1.500000E+01  1.941162E+00
  1.500000E+01  2.040073E+00
  1.500000E+01  3.980766E+00
  1.500000E+01  4.079677E+00
  1.500000E+01  6.020370E+00
  1.500000E+01  6.119281E+00
  1.500000E+01  8.059974E+00
  1.500000E+01  8.158885E+00
  1.500000E+01  1.009958E+01
  1.500000E+01  1.019849E+01
  1.500000E+01  1.213918E+01
  1.500000E+01  1.223809E+01
  1.500000E+01  1.417879E+01
  1.500000E+01  1.427770E+01
  1.500000E+01  1.621839E+01
  1.500000E+01  1.631730E+01
  1.500000E+01  1.825799E+01
  1.500000E+01  1.835690E+01
  1.500000E+01  2.029760E+01
  1.500000E+01  2.039651E+01
  1.500000E+01  2.233720E+01
  1.500000E+01  2.243611E+01
  1.500000E+01  2.437681E+01
  1.500000E+01  2.447572E+01
  1.500000E+01  2.641641E+01
  1.500000E+01  2.651532E+01
  1.500000E+01  2.845601E+01
  1.500000E+01  2.855492E+01
  1.500000E+01  3.049562E+01
  1.500000E+01  3.059453E+01
  1.500000E+01  3.253522E+01
  1.500000E+01  3.263413E+01
  1.500000E+01  3.457483E+01
  1.500000E+01  3.467374E+01
  1.500000E+01  3.661443E+01
  1.500000E+01  3.671334E+01
  1.500000E+01  3.865403E+01
  1.500000E+01  3.875294E+01
  1.500000E+01  4.069364E+01
  1.500000E+01  4.079255E+01
  1.500000E+01  4.273324E+01
  1.500000E+01  4.283215E+01
  1.500000E+01  4.477285E+01
  1.500000E+01  4.487176E+01
  1.500000E+01  4.681245E+01
  1.500000E+01  4.691136E+01
  1.500000E+01  4.885205E+01
  1.500000E+01  4.895096E+01
  1.500000E+01  5.089166E+01
  1.500000E+01  5.099057E+01
  1.500000E+01  5.293126E+01
  1.500000E+01  5.303017E+01
  1.500000E+01  5.497086E+01
  1.500000E+01  5.506978E+01
  1.500000E+01  5.701047E+01
  1.500000E+01  5.710938E+01
  1.500000E+01  5.905007E+01
  1.500000E+01  5.914898E+01
  1.500000E+01  6.108968E+01
  1.500000E+01  6.118859E+01
  1.500000E+01  6.312928E+01
  1.500000E+01  6.322819E+01
  1.500000E+01  6.516888E+01
  1.500000E+01  6.526780E+01
  1.500000E+01  6.720849E+01
  1.500000E+01  6.730740E+01
  1.500000E+01  6.924809E+01
  1.500000E+01  6.934700E+01
  1.500000E+01  7.128770E+01
  1.500000E+01  7.138661E+01
  1.500000E+01  7.332730E+01
  1.500000E+01  7.342621E+01
  1.500000E+01  7.536690E+01
  1.500000E+01  7.546582E+01
  1.500000E+01  7.740651E+01
  1.500000E+01  7.750542E+01
  1.500000E+01  7.944611E+01
  1.500000E+01  7.954502E+01
  1.500000E+01  8.148572E+01
  1.500000E+01  8.158463E+01
  1.500000E+01  8.352532E+01
  1.500000E+01  8.362423E+01
  1.500000E+01  8.556492E+01
  1.500000E+01  8.566384E+01
  1.500000E+01  8.760453E+01
  1.500000E+01  8.770344E+01
  1.500000E+01  8.964413E+01
  1.500000E+01  8.974304E+01
  1.500000E+01  9.168374E+01
  1.500000E+01  9.178265E+01
  1.500000E+01  9.372334E+01
  1.500000E+01  9.382225E+01
  1.500000E+01  9.576294E+01
  1.500000E+01  9.586186E+01
  1.500000E+01  9.780255E+01
  1.500000E+01  9.790146E+01
  1.500000E+01  9.984215E+01
  1.500000E+01  9.994106E+01
  1.394333E+01  1.000000E+02
  1.391024E+01  1.000000E+02
  1.387714E+01  1.000000E+02
  1.276494E+01  1.000000E+02
  1.273184E+01  1.000000E+02
  1.161963E+01  1.000000E+02
  1.158654E+01  1.000000E+02
  1.047433E+01  1.000000E+02
  1.044124E+01  1.000000E+02
  9.329028E+00  1.000000E+02
  9.295933E+00  1.000000E+02
  8.183725E+00  1.000000E+02
  8.150630E+00  1.000000E+02
  7.038422E+00  1.000000E+02
  7.005327E+00  1.000000E+02
  5.893119E+00  1.000000E+02
  5.860025E+00  1.000000E+02
  4.747817E+00  1.000000E+02
  4.714722E+00  1.000000E+02
  3.602514E+00  1.000000E+02
  3.569419E+00  1.000000E+02
  2.457211E+00  1.000000E+02
  2.424116E+00  1.000000E+02
  1.311908E+00  1.000000E+02
  1.278813E+00  1.000000E+02
  1.666054E-01  1.000000E+02
  1.335105E-01  1.000000E+02
  0.000000E+00  9.994106E+01
  0.000000E+00  9.964437E+01
  0.000000E+00  9.790146E+01
  0.000000E+00  9.760476E+01
  0.000000E+00  9.586186E+01
  0.000000E+00  9.556516E+01
  0.000000E+00  9.382225E+01
  0.000000E+00  9.352555E+01
  0.000000E+00  9.178265E+01
  0.000000E+00  9.148595E+01
  0.000000E+00  8.974304E+01
  0.000000E+00  8.944635E+01
  0.000000E+00  8.770344E+01
  0.000000E+00  8.740674E+01
  0.000000E+00  8.566384E+01
  0.000000E+00  8.536714E+01
  0.000000E+00  8.362423E+01
  0.000000E+00  8.332753E+01
  0.000000E+00  8.158463E+01
  0.000000E+00  8.128793E+01
  0.000000E+00  7.954502E+01
  0.000000E+00  7.924833E+01
  0.000000E+00  7.750542E+01
  0.000000E+00  7.720872E+01
  0.000000E+00  7.546582E+01
  0.000000E+00  7.516912E+01
  0.000000E+00  7.342621E+01
  0.000000E+00  7.312951E+01
  0.000000E+00  7.138661E+01
  0.000000E+00  7.108991E+01
  0.000000E+00  6.934700E+01
  0.000000E+00  6.905031E+01
  0.000000E+00  6.730740E+01
  0.000000E+00  6.701070E+01
  0.000000E+00  6.526780E+01
  0.000000E+00  6.497110E+01
  0.000000E+00  6.322819E+01
  0.000000E+00  6.293149E+01
  0.000000E+00  6.118859E+01
  0.000000E+00  6.089189E+01
  0.000000E+00  5.914898E+01
  0.000000E+00  5.885229E+01
  0.000000E+00  5.710938E+01
  0.000000E+00  5.681268E+01
  0.000000E+00  5.506978E+01
  0.000000E+00  5.477308E+01
  0.000000E+00  5.303017E+01
  0.000000E+00  5.273347E+01
  0.000000E+00  5.099057E+01
  0.000000E+00  5.069387E+01
  0.000000E+00  4.895096E+01
  0.000000E+00  4.865427E+01
  0.000000E+00  4.691136E+01
  0.000000E+00  4.661466E+01
  0.000000E+00  4.487176E+01
  0.000000E+00  4.457506E+01
  0.000000E+00  4.283215E+01
  0.000000E+00  4.253545E+01
  0.000000E+00  4.079255E+01
  0.000000E+00  4.049585E+01
  0.000000E+00  3.875294E+01
  0.000000E+00  3.845625E+01
  0.000000E+00  3.671334E+01
  0.000000E+00  3.641664E+01
  0.000000E+00  3.467374E+01
  0.000000E+00  3.437704E+01
  0.000000E+00  3.263413E+01
  0.000000E+00  3.233743E+01
  0.000000E+00  3.059453E+01
  0.000000E+00  3.029783E+01
  0.000000E+00  2.855492E+01
  0.000000E+00  2.825823E+01
  0.000000E+00  2.651532E+01
  0.000000E+00  2.621862E+01
  0.000000E+00  2.447572E+01
  0.000000E+00  2.417902E+01
  0.000000E+00  2.243611E+01
  0.000000E+00  2.213941E+01
  0.000000E+00  2.039651E+01
  0.000000E+00  2.009981E+01
  0.000000E+00  1.835690E+01
  0.000000E+00  1.806021E+01
  0.000000E+00  1.631730E+01
  0.000000E+00  1.602060E+01
  0.000000E+00  1.427770E+01
  0.000000E+00  1.398100E+01
  0.000000E+00  1.223809E+01
  0.000000E+00  1.194139E+01
  0.000000E+00  1.019849E+01
  0.000000E+00  9.901791E+00
  0.000000E+00  8.158885E+00
  0.000000E+00  7.862187E+00
  0.000000E+00  6.119281E+00
  0.000000E+00  5.822583E+00
  0.000000E+00  4.079677E+00
  0.000000E+00  3.782979E+00
  0.000000E+00  2.040073E+00
  0.000000E+00  1.743375E+00
  0.000000E+00  4.691358E-04
  0.000000E+00 -2.962289E-01
  0.000000E+00 -2.039135E+00
  0.000000E+00 -2.335833E+00
  0.000000E+00 -4.078739E+00
  0.000000E+00 -4.375437E+00
  0.000000E+00 -6.118343E+00
  0.000000E+00 -6.415041E+00
  0.000000E+00 -8.157947E+00
  0.000000E+00 -8.454645E+00
  0.000000E+00 -1.019755E+01
  0.000000E+00 -1.049425E+01
  0.000000E+00 -1.223715E+01
  0.000000E+00 -1.253385E+01
  0.000000E+00 -1.427676E+01
  0.000000E+00 -1.457346E+01
  0.000000E+00 -1.631636E+01
  0.000000E+00 -1.661306E+01
  0.000000E+00 -1.835597E+01
  0.000000E+00 -1.865266E+01
  0.000000E+00 -2.039557E+01
  0.000000E+00 -2.069227E+01
  0.000000E+00 -2.243517E+01
  0.000000E+00 -2.273187E+01
  0.000000E+00 -2.447478E+01
  0.000000E+00 -2.477148E+01
  0.000000E+00 -2.651438E+01
  0.000000E+00 -2.681108E+01
  0.000000E+00 -2.855399E+01
  0.000000E+00 -2.885068E+01
  0.000000E+00 -3.059359E+01
  0.000000E+00 -3.089029E+01
  0.000000E+00 -3.263319E+01
  0.000000E+00 -3.292989E+01
  0.000000E+00 -3.467280E+01
  0.000000E+00 -3.496950E+01
  0.000000E+00 -3.671240E+01
  0.000000E+00 -3.700910E+01
  0.000000E+00 -3.875201E+01
  0.000000E+00 -3.904870E+01
  0.000000E+00 -4.079161E+01
  0.000000E+00 -4.108831E+01
  0.000000E+00 -4.283121E+01
  0.000000E+00 -4.312791E+01
  0.000000E+00 -4.487082E+01
  0.000000E+00 -4.516752E+01
  0.000000E+00 -4.691042E+01
  0.000000E+00 -4.720712E+01
  0.000000E+00 -4.895003E+01
  0.000000E+00 -4.924672E+01
  0.000000E+00 -5.098963E+01
  0.000000E+00 -5.128633E+01
  0.000000E+00 -5.302923E+01
  0.000000E+00 -5.332593E+01
  0.000000E+00 -5.506884E+01
  0.000000E+00 -5.536554E+01
  0.000000E+00 -5.710844E+01
  0.000000E+00 -5.740514E+01
  0.000000E+00 -5.914805E+01
  0.000000E+00 -5.944474E+01
  0.000000E+00 -6.118765E+01
  0.000000E+00 -6.148435E+01
  0.000000E+00 -6.322725E+01
  0.000000E+00 -6.352395E+01
  0.000000E+00 -6.526686E+01
  0.000000E+00 -6.556356E+01
  0.000000E+00 -6.730646E+01
  0.000000E+00 -6.760316E+01
  0.000000E+00 -6.934607E+01
  0.000000E+00 -6.964276E+01
  0.000000E+00 -7.138567E+01
  0.000000E+00 -7.168237E+01
  0.000000E+00 -7.342527E+01
  0.000000E+00 -7.372197E+01
  0.000000E+00 -7.546488E+01
  0.000000E+00 -7.576158E+01
  0.000000E+00 -7.750448E+01
  0.000000E+00 -7.780118E+01
  0.000000E+00 -7.954409E+01
  0.000000E+00 -7.984078E+01
  0.000000E+00 -8.158369E+01
  0.000000E+00 -8.188039E+01
  0.000000E+00 -8.362329E+01
  0.000000E+00 -8.391999E+01
  0.000000E+00 -8.566290E+01
  0.000000E+00 -8.595960E+01
  0.000000E+00 -8.770250E+01
  0.000000E+00 -8.799920E+01
  0.000000E+00 -8.974211E+01
  0.000000E+00 -9.003880E+01
  0.000000E+00 -9.178171E+01
  0.000000E+00 -9.207841E+01
  0.000000E+00 -9.382131E+01
  0.000000E+00 -9.411801E+01
  0.000000E+00 -9.586092E+01
  0.000000E+00 -9.615762E+01
  0.000000E+00 -9.790052E+01
  0.000000E+00 -9.819722E+01
  0.000000E+00 -9.994012E+01

w:2/ x(   0.2250000E+02) y(   0.0000000E+00) ix(2) iy(2) s(   0.7000E+00)

hb:   line clip z  
clip:
  1.502192E+01 -1.000000E+02
  2.997810E+01 -1.000000E+02
  3.000000E+01 -9.994012E+01
  3.000000E+01 -9.984125E+01
  3.000000E+01 -9.790052E+01
  3.000000E+01 -9.780165E+01
  3.000000E+01 -9.586092E+01
  3.000000E+01 -9.576204E+01
  3.000000E+01 -9.382131E+01
  3.000000E+01 -9.372244E+01
  3.000000E+01 -9.178171E+01
  3.000000E+01 -9.168283E+01
  3.000000E+01 -8.974211E+01
  3.000000E+01 -8.964323E+01
  3.000000E+01 -8.770250E+01
  3.000000E+01 -8.760363E+01
  3.000000E+01 -8.566290E+01
  3.000000E+01 -8.556402E+01
  3.000000E+01 -8.362329E+01
  3.000000E+01 -8.352442E+01
  3.000000E+01 -8.158369E+01
  3.000000E+01 -8.148481E+01
  3.000000E+01 -7.954409E+01
  3.000000E+01 -7.944521E+01
  3.000000E+01 -7.750448E+01
  3.000000E+01 -7.740561E+01
  3.000000E+01 -7.546488E+01
  3.000000E+01 -7.536600E+01
  3.000000E+01 -7.342527E+01
  3.000000E+01 -7.332640E+01
  3.000000E+01 -7.138567E+01
  3.000000E+01 -7.128679E+01
  3.000000E+01 -6.934607E+01
  3.000000E+01 -6.924719E+01
  3.000000E+01 -6.730646E+01
  3.000000E+01 -6.720759E+01
  3.000000E+01 -6.526686E+01
  3.000000E+01 -6.516798E+01
  3.000000E+01 -6.322725E+01
  3.000000E+01 -6.312838E+01
  3.000000E+01 -6.118765E+01
  3.000000E+01 -6.108877E+01
  3.000000E+01 -5.914805E+01
  3.000000E+01 -5.904917E+01
  3.000000E+01 -5.710844E+01
  3.000000E+01 -5.700957E+01
  3.000000E+01 -5.506884E+01
  3.000000E+01 -5.496996E+01
  3.000000E+01 -5.302923E+01
  3.000000E+01 -5.293036E+01
  3.000000E+01 -5.098963E+01
  3.000000E+01 -5.089075E+01
  3.000000E+01 -4.895003E+01
  3.000000E+01 -4.885115E+01
  3.000000E+01 -4.691042E+01
  3.000000E+01 -4.681155E+01
  3.000000E+01 -4.487082E+01
  3.000000E+01 -4.477194E+01
  3.000000E+01 -4.283121E+01
  3.000000E+01 -4.273234E+01
  3.000000E+01 -4.079161E+01
  3.000000E+01 -4.069273E+01
  3.000000E+01 -3.875201E+01
  3.000000E+01 -3.865313E+01
  3.000000E+01 -3.671240E+01
  3.000000E+01 -3.661353E+01
  3.000000E+01 -3.467280E+01
  3.000000E+01 -3.457392E+01
  3.000000E+01 -3.263319E+01
  3.000000E+01 -3.253432E+01
  3.000000E+01 -3.059359E+01
  3.000000E+01 -3.049471E+01
  3.000000E+01 -2.855399E+01
  3.000000E+01 -2.845511E+01
  3.000000E+01 -2.651438E+01
  3.000000E+01 -2.641551E+01
  3.000000E+01 -2.447478E+01
  3.000000E+01 -2.437590E+01
  3.000000E+01 -2.243517E+01
  3.000000E+01 -2.233630E+01
  3.000000E+01 -2.039557E+01
  3.000000E+01 -2.029669E+01
  3.000000E+01 -1.835597E+01
  3.000000E+01 -1.825709E+01
  3.000000E+01 -1.631636E+01
  3.000000E+01 -1.621749E+01
  3.000000E+01 -1.427676E+01
  3.000000E+01 -1.417788E+01
  3.000000E+01 -1.223715E+01
  3.000000E+01 -1.213828E+01
  3.000000E+01 -1.019755E+01
  3.000000E+01 -1.009867E+01
  3.000000E+01 -8.157947E+00
  3.000000E+01 -8.059071E+00
  3.000000E+01 -6.118343E+00
  3.000000E+01 -6.019467E+00
  3.000000E+01 -4.078739E+00
  3.000000E+01 -3.979863E+00
  3.000000E+01 -2.039135E+00
  3.000000E+01 -1.940259E+00
  3.000000E+01  4.691358E-04
  3.000000E+01  9.934487E-02
  3.000000E+01  2.040073E+00
  3.000000E+01  2.138949E+00
  3.000000E+01  4.079677E+00
  3.000000E+01  4.178553E+00
  3.000000E+01  6.119281E+00
  3.000000E+01  6.218157E+00
  3.000000E+01  8.158885E+00
  3.000000E+01  8.257761E+00
  3.000000E+01  1.019849E+01
  3.000000E+01  1.029736E+01
  3.000000E+01  1.223809E+01
  3.000000E+01  1.233697E+01
  3.000000E+01  1.427770E+01
  3.000000E+01  1.437657E+01
  3.000000E+01  1.631730E+01
  3.000000E+01  1.641618E+01
  3.000000E+01  1.835690E+01
  3.000000E+01  1.845578E+01
  3.000000E+01  2.039651E+01
  3.000000E+01  2.049538E+01
  3.000000E+01  2.243611E+01
  3.000000E+01  2.253499E+01
  3.000000E+01  2.447572E+01
  3.000000E+01  2.457459E+01
  3.000000E+01  2.651532E+01
  3.000000E+01  2.661420E+01
  3.000000E+01  2.855492E+01
  3.000000E+01  2.865380E+01
  3.000000E+01  3.059453E+01
  3.000000E+01  3.069340E+01
  3.000000E+01  3.263413E+01
  3.000000E+01  3.273301E+01
  3.000000E+01  3.467374E+01
  3.000000E+01  3.477261E+01
  3.000000E+01  3.671334E+01
  3.000000E+01  3.681222E+01
  3.000000E+01  3.875294E+01
  3.000000E+01  3.885182E+01
  3.000000E+01  4.079255E+01
  3.000000E+01  4.089142E+01
  3.000000E+01  4.283215E+01
  3.000000E+01  4.293103E+01
  3.000000E+01  4.487176E+01
  3.000000E+01  4.497063E+01
  3.000000E+01  4.691136E+01
  3.000000E+01  4.701024E+01
  3.000000E+01  4.895096E+01
  3.000000E+01  4.904984E+01
  3.000000E+01  5.099057E+01
  3.000000E+01  5.108944E+01
  3.000000E+01  5.303017E+01
  3.000000E+01  5.312905E+01
  3.000000E+01  5.506978E+01
  3.000000E+01  5.516865E+01
  3.000000E+01  5.710938E+01
  3.000000E+01  5.720826E+01
  3.000000E+01  5.914898E+01
  3.000000E+01  5.924786E+01
  3.000000E+01  6.118859E+01
  3.000000E+01  6.128746E+01
  3.000000E+01  6.322819E+01
  3.000000E+01  6.332707E+01
  3.000000E+01  6.526780E+01
  3.000000E+01  6.536667E+01
  3.000000E+01  6.730740E+01
  3.000000E+01  6.740628E+01
  3.000000E+01  6.934700E+01
  3.000000E+01  6.944588E+01
  3.000000E+01  7.138661E+01
  3.000000E+01  7.148548E+01
  3.000000E+01  7.342621E+01
  3.000000E+01  7.352509E+01
  3.000000E+01  7.546582E+01
  3.000000E+01  7.556469E+01
  3.000000E+01  7.750542E+01
  3.000000E+01  7.760430E+01
  3.000000E+01  7.954502E+01
  3.000000E+01  7.964390E+01
  3.000000E+01  8.158463E+01
  3.000000E+01  8.168350E+01
  3.000000E+01  8.362423E+01
  3.000000E+01  8.372311E+01
  3.000000E+01  8.566384E+01
  3.000000E+01  8.576271E+01
  3.000000E+01  8.770344E+01
  3.000000E+01  8.780232E+01
  3.000000E+01  8.974304E+01
  3.000000E+01  8.984192E+01
  3.000000E+01  9.178265E+01
  3.000000E+01  9.188152E+01
  3.000000E+01  9.382225E+01
  3.000000E+01  9.392113E+01
  3.000000E+01  9.586186E+01
  3.000000E+01  9.596073E+01
  3.000000E+01  9.790146E+01
  3.000000E+01  9.800033E+01
  3.000000E+01  9.994106E+01
  2.997757E+01  1.000000E+02
  2.994448E+01  1.000000E+02
  2.991138E+01  1.000000E+02
  2.879918E+01  1.000000E+02
  2.876608E+01  1.000000E+02
  2.765387E+01  1.000000E+02
  2.762078E+01  1.000000E+02
  2.650857E+01  1.000000E+02
  2.647547E+01  1.000000E+02
  2.536327E+01  1.000000E+02
  2.533017E+01  1.000000E+02
  2.421796E+01  1.000000E+02
  2.418487E+01  1.000000E+02
  2.307266E+01  1.000000E+02
  2.303957E+01  1.000000E+02
  2.192736E+01  1.000000E+02
  2.189426E+01  1.000000E+02
  2.078206E+01  1.000000E+02
  2.074896E+01  1.000000E+02
  1.963675E+01  1.000000E+02
  1.960366E+01  1.000000E+02
  1.849145E+01  1.000000E+02
  1.845836E+01  1.000000E+02
  1.734615E+01  1.000000E+02
  1.731305E+01  1.000000E+02
  1.620084E+01  1.000000E+02
  1.616775E+01  1.000000E+02
  1.505554E+01  1.000000E+02
  1.502245E+01  1.000000E+02
  1.500000E+01  9.994106E+01
  1.500000E+01  9.984215E+01
  1.500000E+01  9.790146E+01
  1.500000E+01  9.780255E+01
  1.500000E+01  9.586186E+01
  1.500000E+01  9.576294E+01
  1.500000E+01  9.382225E+01
  1.500000E+01  9.372334E+01
  1.500000E+01  9.178265E+01
  1.500000E+01  9.168374E+01
  1.500000E+01  8.974304E+01
  1.500000E+01  8.964413E+01
  1.500000E+01  8.770344E+01
  1.500000E+01  8.760453E+01
  1.500000E+01  8.566384E+01
  1.500000E+01  8.556492E+01
  1.500000E+01  8.362423E+01
  1.500000E+01  8.352532E+01
  1.500000E+01  8.158463E+01
  1.500000E+01  8.148572E+01
  1.500000E+01  7.954502E+01
  1.500000E+01  7.944611E+01
  1.500000E+01  7.750542E+01
  1.500000E+01  7.740651E+01
  1.500000E+01  7.546582E+01
  1.500000E+01  7.536690E+01
  1.500000E+01  7.342621E+01
  1.500000E+01  7.332730E+01
  1.500000E+01  7.138661E+01
  1.500000E+01  7.128770E+01
  1.500000E+01  6.934700E+01
  1.500000E+01  6.924809E+01
  1.500000E+01  6.730740E+01
  1.500000E+01  6.720849E+01
  1.500000E+01  6.526780E+01
  1.500000E+01  6.516888E+01
  1.500000E+01  6.322819E+01
  1.500000E+01  6.312928E+01
  1.500000E+01  6.118859E+01
  1.500000E+01  6.108968E+01
  1.500000E+01  5.914898E+01
  1.500000E+01  5.905007E+01
  1.500000E+01  5.710938E+01
  1.500000E+01  5.701047E+01
  1.500000E+01  5.506978E+01
  1.500000E+01  5.497086E+01
  1.500000E+01  5.303017E+01
  1.500000E+01  5.293126E+01
  1.500000E+01  5.099057E+01
  1.500000E+01  5.089166E+01
  1.500000E+01  4.895096E+01
  1.500000E+01  4.885205E+01
  1.500000E+01  4.691136E+01
  1.500000E+01  4.681245E+01
  1.500000E+01  4.487176E+01
  1.500000E+01  4.477285E+01
  1.500000E+01  4.283215E+01
  1.500000E+01  4.273324E+01
  1.500000E+01  4.079255E+01
  1.500000E+01  4.069364E+01
  1.500000E+01  3.875294E+01
  1.500000E+01  3.865403E+01
  1.500000E+01  3.671334E+01
  1.500000E+01  3.661443E+01
  1.500000E+01  3.467374E+01
  1.500000E+01  3.457483E+01
  1.500000E+01  3.263413E+01
  1.500000E+01  3.253522E+01
  1.500000E+01  3.059453E+01
  1.500000E+01  3.049562E+01
  1.500000E+01  2.855492E+01
  1.500000E+01  2.845601E+01
  1.500000E+01  2.651532E+01
  1.500000E+01  2.641641E+01
  1.500000E+01  2.447572E+01
  1.500000E+01  2.437681E+01
  1.500000E+01  2.243611E+01
  1.500000E+01  2.233720E+01
  1.500000E+01  2.039651E+01
  1.500000E+01  2.029760E+01
  1.500000E+01  1.835690E+01
  1.500000E+01  1.825799E+01
  1.500000E+01  1.631730E+01
  1.500000E+01  1.621839E+01
  1.500000E+01  1.427770E+01
  1.500000E+01  1.417879E+01
  1.500000E+01  1.223809E+01
  1.500000E+01  1.213918E+01
  1.500000E+01  1.019849E+01
  1.500000E+01  1.009958E+01
  1.500000E+01  8.158885E+00
  1.500000E+01  8.059974E+00
  1.500000E+01  6.119281E+00
  1.500000E+01  6.020370E+00
  1.500000E+01  4.079677E+00
  1.500000E+01  3.980766E+00
  1.500000E+01  2.040073E+00
  1.500000E+01  1.941162E+00
  1.500000E+01  4.691358E-04
  1.500000E+01 -9.844203E-02
  1.500000E+01 -2.039135E+00
  1.500000E+01 -2.138046E+00
  1.500000E+01 -4.078739E+00
  1.500000E+01 -4.177650E+00
  1.500000E+01 -6.118343E+00
  1.500000E+01 -6.217254E+00
  1.500000E+01 -8.157947E+00
  1.500000E+01 -8.256858E+00
  1.500000E+01 -1.019755E+01
  1.500000E+01 -1.029646E+01
  1.500000E+01 -1.223715E+01
  1.500000E+01 -1.233607E+01
  1.500000E+01 -1.427676E+01
  1.500000E+01 -1.437567E+01
  1.500000E+01 -1.631636E+01
  1.500000E+01 -1.641527E+01
  1.500000E+01 -1.835597E+01
  1.500000E+01 -1.845488E+01
  1.500000E+01 -2.039557E+01
  1.500000E+01 -2.049448E+01
  1.500000E+01 -2.243517E+01
  1.500000E+01 -2.253409E+01
  1.500000E+01 -2.447478E+01
  1.500000E+01 -2.457369E+01
  1.500000E+01 -2.651438E+01
  1.500000E+01 -2.661329E+01
  1.500000E+01 -2.855399E+01
  1.500000E+01 -2.865290E+01
  1.500000E+01 -3.059359E+01
  1.500000E+01 -3.069250E+01
  1.500000E+01 -3.263319E+01
  1.500000E+01 -3.273211E+01
  1.500000E+01 -3.467280E+01
  1.500000E+01 -3.477171E+01
  1.500000E+01 -3.671240E+01
  1.500000E+01 -3.681131E+01
  1.500000E+01 -3.875201E+01
  1.500000E+01 -3.885092E+01
  1.500000E+01 -4.079161E+01
  1.500000E+01 -4.089052E+01
  1.500000E+01 -4.283121E+01
  1.500000E+01 -4.293013E+01
  1.500000E+01 -4.487082E+01
  1.500000E+01 -4.496973E+01
  1.500000E+01 -4.691042E+01
  1.500000E+01 -4.700933E+01
  1.500000E+01 -4.895003E+01
  1.500000E+01 -4.904894E+01
  1.500000E+01 -5.098963E+01
  1.500000E+01 -5.108854E+01
  1.500000E+01 -5.302923E+01
  1.500000E+01 -5.312814E+01
  1.500000E+01 -5.506884E+01
  1.500000E+01 -5.516775E+01
  1.500000E+01 -5.710844E+01
  1.500000E+01 -5.720735E+01
  1.500000E+01 -5.914805E+01
  1.500000E+01 -5.924696E+01
  1.500000E+01 -6.118765E+01
  1.500000E+01 -6.128656E+01
  1.500000E+01 -6.322725E+01
  1.500000E+01 -6.332616E+01
  1.500000E+01 -6.526686E+01
  1.500000E+01 -6.536577E+01
  1.500000E+01 -6.730646E+01
  1.500000E+01 -6.740537E+01
  1.500000E+01 -6.934607E+01
  1.500000E+01 -6.944498E+01
  1.500000E+01 -7.138567E+01
  1.500000E+01 -7.148458E+01
  1.500000E+01 -7.342527E+01
  1.500000E+01 -7.352418E+01
  1.500000E+01 -7.546488E+01
  1.500000E+01 -7.556379E+01
  1.500000E+01 -7.750448E+01
  1.500000E+01 -7.760339E+01
  1.500000E+01 -7.954409E+01
  1.500000E+01 -7.964300E+01
  1.500000E+01 -8.158369E+01
  1.500000E+01 -8.168260E+01
  1.500000E+01 -8.362329E+01
  1.500000E+01 -8.372220E+01
  1.500000E+01 -8.566290E+01
  1.500000E+01 -8.576181E+01
  1.500000E+01 -8.770250E+01
  1.500000E+01 -8.780141E+01
  1.500000E+01 -8.974211E+01
  1.500000E+01 -8.984102E+01
  1.500000E+01 -9.178171E+01
  1.500000E+01 -9.188062E+01
  1.500000E+01 -9.382131E+01
  1.500000E+01 -9.392022E+01
  1.500000E+01 -9.586092E+01
  1.500000E+01 -9.595983E+01
  1.500000E+01 -9.790052E+01
  1.500000E+01 -9.799943E+01
  1.500000E+01 -9.994012E+01

w:3/ x(   0.3750000E+02) y(   0.0000000E+00) ix(2) iy(2) s(   0.7000E+00)

hb:   line clip z  
clip:
  3.105616E+01 -1.000000E+02
  4.486704E+01 -1.000000E+02
  4.500000E+01 -9.994012E+01
  4.500000E+01 -9.964346E+01
  4.500000E+01 -9.790052E+01
  4.500000E+01 -9.760386E+01
  4.500000E+01 -9.586092E+01
  4.500000E+01 -9.556425E+01
  4.500000E+01 -9.382131E+01
  4.500000E+01 -9.352465E+01
  4.500000E+01 -9.178171E+01
  4.500000E+01 -9.148505E+01
  4.500000E+01 -8.974211E+01
  4.500000E+01 -8.944544E+01
  4.500000E+01 -8.770250E+01
  4.500000E+01 -8.740584E+01
  4.500000E+01 -8.566290E+01
  4.500000E+01 -8.536623E+01
  4.500000E+01 -8.362329E+01
  4.500000E+01 -8.332663E+01
  4.500000E+01 -8.158369E+01
  4.500000E+01 -8.128703E+01
  4.500000E+01 -7.954409E+01
  4.500000E+01 -7.924742E+01
  4.500000E+01 -7.750448E+01
  4.500000E+01 -7.720782E+01
  4.500000E+01 -7.546488E+01
  4.500000E+01 -7.516821E+01
  4.500000E+01 -7.342527E+01
  4.500000E+01 -7.312861E+01
  4.500000E+01 -7.138567E+01
  4.500000E+01 -7.108901E+01
  4.500000E+01 -6.934607E+01
  4.500000E+01 -6.904940E+01
  4.500000E+01 -6.730646E+01
  4.500000E+01 -6.700980E+01
  4.500000E+01 -6.526686E+01
  4.500000E+01 -6.497019E+01
  4.500000E+01 -6.322725E+01
  4.500000E+01 -6.293059E+01
  4.500000E+01 -6.118765E+01
  4.500000E+01 -6.089099E+01
  4.500000E+01 -5.914805E+01
  4.500000E+01 -5.885138E+01
  4.500000E+01 -5.710844E+01
  4.500000E+01 -5.681178E+01
  4.500000E+01 -5.506884E+01
  4.500000E+01 -5.477218E+01
  4.500000E+01 -5.302923E+01
  4.500000E+01 -5.273257E+01
  4.500000E+01 -5.098963E+01
  4.500000E+01 -5.069297E+01
  4.500000E+01 -4.895003E+01
  4.500000E+01 -4.865336E+01
  4.500000E+01 -4.691042E+01
  4.500000E+01 -4.661376E+01
  4.500000E+01 -4.487082E+01
  4.500000E+01 -4.457416E+01
  4.500000E+01 -4.283121E+01
  4.500000E+01 -4.253455E+01
  4.500000E+01 -4.079161E+01
  4.500000E+01 -4.049495E+01
  4.500000E+01 -3.875201E+01
  4.500000E+01 -3.845534E+01
  4.500000E+01 -3.671240E+01
  4.500000E+01 -3.641574E+01
  4.500000E+01 -3.467280E+01
  4.500000E+01 -3.437614E+01
  4.500000E+01 -3.263319E+01
  4.500000E+01 -3.233653E+01
  4.500000E+01 -3.059359E+01
  4.500000E+01 -3.029693E+01
  4.500000E+01 -2.855399E+01
  4.500000E+01 -2.825732E+01
  4.500000E+01 -2.651438E+01
  4.500000E+01 -2.621772E+01
  4.500000E+01 -2.447478E+01
  4.500000E+01 -2.417812E+01
  4.500000E+01 -2.243517E+01
  4.500000E+01 -2.213851E+01
  4.500000E+01 -2.039557E+01
  4.500000E+01 -2.009891E+01
  4.500000E+01 -1.835597E+01
  4.500000E+01 -1.805930E+01
  4.500000E+01 -1.631636E+01
  4.500000E+01 -1.601970E+01
  4.500000E+01 -1.427676E+01
  4.500000E+01 -1.398010E+01
  4.500000E+01 -1.223715E+01
  4.500000E+01 -1.194049E+01
  4.500000E+01 -1.019755E+01
  4.500000E+01 -9.900888E+00
  4.500000E+01 -8.157947E+00
  4.500000E+01 -7.861284E+00
  4.500000E+01 -6.118343E+00
  4.500000E+01 -5.821680E+00
  4.500000E+01 -4.078739E+00
  4.500000E+01 -3.782076E+00
  4.500000E+01 -2.039135E+00
  4.500000E+01 -1.742472E+00
  4.500000E+01  4.691358E-04
  4.500000E+01  2.971318E-01
  4.500000E+01  2.040073E+00
  4.500000E+01  2.336736E+00
  4.500000E+01  4.079677E+00
  4.500000E+01  4.376340E+00
  4.500000E+01  6.119281E+00
  4.500000E+01  6.415944E+00
  4.500000E+01  8.158885E+00
  4.500000E+01  8.455548E+00
  4.500000E+01  1.019849E+01
  4.500000E+01  1.049515E+01
  4.500000E+01  1.223809E+01
  4.500000E+01  1.253476E+01
  4.500000E+01  1.427770E+01
  4.500000E+01  1.457436E+01
  4.500000E+01  1.631730E+01
  4.500000E+01  1.661396E+01
  4.500000E+01  1.835690E+01
  4.500000E+01  1.865357E+01
  4.500000E+01  2.039651E+01
  4.500000E+01  2.069317E+01
  4.500000E+01  2.243611E+01
  4.500000E+01  2.273278E+01
  4.500000E+01  2.447572E+01
  4.500000E+01  2.477238E+01
  4.500000E+01  2.651532E+01
  4.500000E+01  2.681198E+01
  4.500000E+01  2.855492E+01
  4.500000E+01  2.885159E+01
  4.500000E+01  3.059453E+01
  4.500000E+01  3.089119E+01
  4.500000E+01  3.263413E+01
  4.500000E+01  3.293080E+01
  4.500000E+01  3.467374E+01
  4.500000E+01  3.497040E+01
  4.500000E+01  3.671334E+01
  4.500000E+01  3.701000E+01
  4.500000E+01  3.875294E+01
  4.500000E+01  3.904961E+01
  4.500000E+01  4.079255E+01
  4.500000E+01  4.108921E+01
  4.500000E+01  4.283215E+01
  4.500000E+01  4.312881E+01
  4.500000E+01  4.487176E+01
  4.500000E+01  4.516842E+01
  4.500000E+01  4.691136E+01
  4.500000E+01  4.720802E+01
  4.500000E+01  4.895096E+01
  4.500000E+01  4.924763E+01
  4.500000E+01  5.099057E+01
  4.500000E+01  5.128723E+01
  4.500000E+01  5.303017E+01
  4.500000E+01  5.332683E+01
  4.500000E+01  5.506978E+01
  4.500000E+01  5.536644E+01
  4.500000E+01  5.710938E+01
  4.500000E+01  5.740604E+01
  4.500000E+01  5.914898E+01
  4.500000E+01  5.944565E+01
  4.500000E+01  6.118859E+01
  4.500000E+01  6.148525E+01
  4.500000E+01  6.322819E+01
  4.500000E+01  6.352485E+01
  4.500000E+01  6.526780E+01
  4.500000E+01  6.556446E+01
  4.500000E+01  6.730740E+01
  4.500000E+01  6.760406E+01
  4.500000E+01  6.934700E+01
  4.500000E+01  6.964367E+01
  4.500000E+01  7.138661E+01
  4.500000E+01  7.168327E+01
  4.500000E+01  7.342621E+01
  4.500000E+01  7.372287E+01
  4.500000E+01  7.546582E+01
  4.500000E+01  7.576248E+01
  4.500000E+01  7.750542E+01
  4.500000E+01  7.780208E+01
  4.500000E+01  7.954502E+01
  4.500000E+01  7.984169E+01
  4.500000E+01  8.158463E+01
  4.500000E+01  8.188129E+01
  4.500000E+01  8.362423E+01
  4.500000E+01  8.392089E+01
  4.500000E+01  8.566384E+01
  4.500000E+01  8.596050E+01
  4.500000E+01  8.770344E+01
  4.500000E+01  8.800010E+01
  4.500000E+01  8.974304E+01
  4.500000E+01  9.003971E+01
  4.500000E+01  9.178265E+01
  4.500000E+01  9.207931E+01
  4.500000E+01  9.382225E+01
  4.500000E+01  9.411891E+01
  4.500000E+01  9.586186E+01
  4.500000E+01  9.615852E+01
  4.500000E+01  9.790146E+01
  4.500000E+01  9.819812E+01
  4.500000E+01  9.994106E+01
  4.486651E+01  1.000000E+02
  4.483341E+01  1.000000E+02
  4.480032E+01  1.000000E+02
  4.368811E+01  1.000000E+02
  4.365502E+01  1.000000E+02
  4.254281E+01  1.000000E+02
  4.250971E+01  1.000000E+02
  4.139751E+01  1.000000E+02
  4.136441E+01  1.000000E+02
  4.025220E+01  1.000000E+02
  4.021911E+01  1.000000E+02
  3.910690E+01  1.000000E+02
  3.907381E+01  1.000000E+02
  3.796160E+01  1.000000E+02
  3.792850E+01  1.000000E+02
  3.681629E+01  1.000000E+02
  3.678320E+01  1.000000E+02
  3.567099E+01  1.000000E+02
  3.563790E+01  1.000000E+02
  3.452569E+01  1.000000E+02
  3.449259E+01  1.000000E+02
  3.338039E+01  1.000000E+02
  3.334729E+01  1.000000E+02
  3.223508E+01  1.000000E+02
  3.220199E+01  1.000000E+02
  3.108978E+01  1.000000E+02
  3.105669E+01  1.000000E+02
  3.000000E+01  9.994106E+01
  3.000000E+01  9.800033E+01
  3.000000E+01  9.790146E+01
  3.000000E+01  9.596073E+01
  3.000000E+01  9.586186E+01
  3.000000E+01  9.392113E+01
  3.000000E+01  9.382225E+01
  3.000000E+01  9.188152E+01
  3.000000E+01  9.178265E+01
  3.000000E+01  8.984192E+01
  3.000000E+01  8.974304E+01
  3.000000E+01  8.780232E+01
  3.000000E+01  8.770344E+01
  3.000000E+01  8.576271E+01
  3.000000E+01  8.566384E+01
  3.000000E+01  8.372311E+01
  3.000000E+01  8.362423E+01
  3.000000E+01  8.168350E+01
  3.000000E+01  8.158463E+01
  3.000000E+01  7.964390E+01
  3.000000E+01  7.954502E+01
  3.000000E+01  7.760430E+01
  3.000000E+01  7.750542E+01
  3.000000E+01  7.556469E+01
  3.000000E+01  7.546582E+01
  3.000000E+01  7.352509E+01
  3.000000E+01  7.342621E+01
  3.000000E+01  7.148548E+01
  3.000000E+01  7.138661E+01
  3.000000E+01  6.944588E+01
  3.000000E+01  6.934700E+01
  3.000000E+01  6.740628E+01
  3.000000E+01  6.730740E+01
  3.000000E+01  6.536667E+01
  3.000000E+01  6.526780E+01
  3.000000E+01  6.332707E+01
  3.000000E+01  6.322819E+01
  3.000000E+01  6.128746E+01
  3.000000E+01  6.118859E+01
  3.000000E+01  5.924786E+01
  3.000000E+01  5.914898E+01
  3.000000E+01  5.720826E+01
  3.000000E+01  5.710938E+01
  3.000000E+01  5.516865E+01
  3.000000E+01  5.506978E+01
  3.000000E+01  5.312905E+01
  3.000000E+01  5.303017E+01
  3.000000E+01  5.108944E+01
  3.000000E+01  5.099057E+01
  3.000000E+01  4.904984E+01
  3.000000E+01  4.895096E+01
  3.000000E+01  4.701024E+01
  3.000000E+01  4.691136E+01
  3.000000E+01  4.497063E+01
  3.000000E+01  4.487176E+01
  3.000000E+01  4.293103E+01
  3.000000E+01  4.283215E+01
  3.000000E+01  4.089142E+01
  3.000000E+01  4.079255E+01
  3.000000E+01  3.885182E+01
  3.000000E+01  3.875294E+01
  3.000000E+01  3.681222E+01
  3.000000E+01  3.671334E+01
  3.000000E+01  3.477261E+01
  3.000000E+01  3.467374E+01
  3.000000E+01  3.273301E+01
  3.000000E+01  3.263413E+01
  3.000000E+01  3.069340E+01
  3.000000E+01  3.059453E+01
  3.000000E+01  2.865380E+01
  3.000000E+01  2.855492E+01
  3.000000E+01  2.661420E+01
  3.000000E+01  2.651532E+01
  3.000000E+01  2.457459E+01
  3.000000E+01  2.447572E+01
  3.000000E+01  2.253499E+01
  3.000000E+01  2.243611E+01
  3.000000E+01  2.049538E+01
  3.000000E+01  2.039651E+01
  3.000000E+01  1.845578E+01
  3.000000E+01  1.835690E+01
  3.000000E+01  1.641618E+01
  3.000000E+01  1.631730E+01
  3.000000E+01  1.437657E+01
  3.000000E+01  1.427770E+01
  3.000000E+01  1.233697E+01
  3.000000E+01  1.223809E+01
  3.000000E+01  1.029736E+01
  3.000000E+01  1.019849E+01
  3.000000E+01  8.257761E+00
  3.000000E+01  8.158885E+00
  3.000000E+01  6.218157E+00
  3.000000E+01  6.119281E+00
  3.000000E+01  4.178553E+00
  3.000000E+01  4.079677E+00
  3.000000E+01  2.138949E+00
  3.000000E+01  2.040073E+00
  3.000000E+01  9.934487E-02
  3.000000E+01  4.691358E-04
  3.000000E+01 -1.940259E+00
  3.000000E+01 -2.039135E+00
  3.000000E+01 -3.979863E+00
  3.000000E+01 -4.078739E+00
  3.000000E+01 -6.019467E+00
  3.000000E+01 -6.118343E+00
  3.000000E+01 -8.059071E+00
  3.000000E+01 -8.157947E+00
  3.000000E+01 -1.009867E+01
  3.000000E+01 -1.019755E+01
  3.000000E+01 -1.213828E+01
  3.000000E+01 -1.223715E+01
  3.000000E+01 -1.417788E+01
  3.000000E+01 -1.427676E+01
  3.000000E+01 -1.621749E+01
  3.000000E+01 -1.631636E+01
  3.000000E+01 -1.825709E+01
  3.000000E+01 -1.835597E+01
  3.000000E+01 -2.029669E+01
  3.000000E+01 -2.039557E+01
  3.000000E+01 -2.233630E+01
  3.000000E+01 -2.243517E+01
  3.000000E+01 -2.437590E+01
  3.000000E+01 -2.447478E+01
  3.000000E+01 -2.641551E+01
  3.000000E+01 -2.651438E+01
  3.000000E+01 -2.845511E+01
  3.000000E+01 -2.855399E+01
  3.000000E+01 -3.049471E+01
  3.000000E+01 -3.059359E+01
  3.000000E+01 -3.253432E+01
  3.000000E+01 -3.263319E+01
  3.000000E+01 -3.457392E+01
  3.000000E+01 -3.467280E+01
  3.000000E+01 -3.661353E+01
  3.000000E+01 -3.671240E+01
  3.000000E+01 -3.865313E+01
  3.000000E+01 -3.875201E+01
  3.000000E+01 -4.069273E+01
  3.000000E+01 -4.079161E+01
  3.000000E+01 -4.273234E+01
  3.000000E+01 -4.283121E+01
  3.000000E+01 -4.477194E+01
  3.000000E+01 -4.487082E+01
  3.000000E+01 -4.681155E+01
  3.000000E+01 -4.691042E+01
  3.000000E+01 -4.885115E+01
  3.000000E+01 -4.895003E+01
  3.000000E+01 -5.089075E+01
  3.000000E+01 -5.098963E+01
  3.000000E+01 -5.293036E+01
  3.000000E+01 -5.302923E+01
  3.000000E+01 -5.496996E+01
  3.000000E+01 -5.506884E+01
  3.000000E+01 -5.700957E+01
  3.000000E+01 -5.710844E+01
  3.000000E+01 -5.904917E+01
  3.000000E+01 -5.914805E+01
  3.000000E+01 -6.108877E+01
  3.000000E+01 -6.118765E+01
  3.000000E+01 -6.312838E+01
  3.000000E+01 -6.322725E+01
  3.000000E+01 -6.516798E+01
  3.000000E+01 -6.526686E+01
  3.000000E+01 -6.720759E+01
  3.000000E+01 -6.730646E+01
  3.000000E+01 -6.924719E+01
  3.000000E+01 -6.934607E+01
  3.000000E+01 -7.128679E+01
  3.000000E+01 -7.138567E+01
  3.000000E+01 -7.332640E+01
  3.000000E+01 -7.342527E+01
  3.000000E+01 -7.536600E+01
  3.000000E+01 -7.546488E+01
  3.000000E+01 -7.740561E+01
  3.000000E+01 -7.750448E+01
  3.000000E+01 -7.944521E+01
  3.000000E+01 -7.954409E+01
  3.000000E+01 -8.148481E+01
  3.000000E+01 -8.158369E+01
  3.000000E+01 -8.352442E+01
  3.000000E+01 -8.362329E+01
  3.000000E+01 -8.556402E+01
  3.000000E+01 -8.566290E+01
  3.000000E+01 -8.760363E+01
  3.000000E+01 -8.770250E+01
  3.000000E+01 -8.964323E+01
  3.000000E+01 -8.974211E+01
  3.000000E+01 -9.168283E+01
  3.000000E+01 -9.178171E+01
  3.000000E+01 -9.372244E+01
  3.000000E+01 -9.382131E+01
  3.000000E+01 -9.576204E+01
  3.000000E+01 -9.586092E+01
  3.000000E+01 -9.780165E+01
  3.000000E+01 -9.790052E+01
  3.000000E+01 -9.984125E+01
  3.000000E+01 -9.994012E+01

w:4/ x(   0.5250000E+02) y(   0.0000000E+00) ix(2) iy(2) s(   0.7000E+00)

hb:   line clip z  
clip:
  4.594510E+01 -1.000000E+02
  5.975597E+01 -1.000000E+02
  6.000000E+01 -9.994012E+01
  6.000000E+01 -9.944568E+01
  6.000000E+01 -9.790052E+01
  6.000000E+01 -9.740607E+01
  6.000000E+01 -9.586092E+01
  6.000000E+01 -9.536647E+01
  6.000000E+01 -9.382131E+01
  6.000000E+01 -9.332686E+01
  6.000000E+01 -9.178171E+01
  6.000000E+01 -9.128726E+01
  6.000000E+01 -8.974211E+01
  6.000000E+01 -8.924766E+01
  6.000000E+01 -8.770250E+01
  6.000000E+01 -8.720805E+01
  6.000000E+01 -8.566290E+01
  6.000000E+01 -8.516845E+01
  6.000000E+01 -8.362329E+01
  6.000000E+01 -8.312884E+01
  6.000000E+01 -8.158369E+01
  6.000000E+01 -8.108924E+01
  6.000000E+01 -7.954409E+01
  6.000000E+01 -7.904964E+01
  6.000000E+01 -7.750448E+01
  6.000000E+01 -7.701003E+01
  6.000000E+01 -7.546488E+01
  6.000000E+01 -7.497043E+01
  6.000000E+01 -7.342527E+01
  6.000000E+01 -7.293082E+01
  6.000000E+01 -7.138567E+01
  6.000000E+01 -7.089122E+01
  6.000000E+01 -6.934607E+01
  6.000000E+01 -6.885162E+01
  6.000000E+01 -6.730646E+01
  6.000000E+01 -6.681201E+01
  6.000000E+01 -6.526686E+01
  6.000000E+01 -6.477241E+01
  6.000000E+01 -6.322725E+01
  6.000000E+01 -6.273280E+01
  6.000000E+01 -6.118765E+01
  6.000000E+01 -6.069320E+01
  6.000000E+01 -5.914805E+01
  6.000000E+01 -5.865360E+01
  6.000000E+01 -5.710844E+01
  6.000000E+01 -5.661399E+01
  6.000000E+01 -5.506884E+01
  6.000000E+01 -5.457439E+01
  6.000000E+01 -5.302923E+01
  6.000000E+01 -5.253478E+01
  6.000000E+01 -5.098963E+01
  6.000000E+01 -5.049518E+01
  6.000000E+01 -4.895003E+01
  6.000000E+01 -4.845558E+01
  6.000000E+01 -4.691042E+01
  6.000000E+01 -4.641597E+01
  6.000000E+01 -4.487082E+01
  6.000000E+01 -4.437637E+01
  6.000000E+01 -4.283121E+01
  6.000000E+01 -4.233676E+01
  6.000000E+01 -4.079161E+01
  6.000000E+01 -4.029716E+01
  6.000000E+01 -3.875201E+01
  6.000000E+01 -3.825756E+01
  6.000000E+01 -3.671240E+01
  6.000000E+01 -3.621795E+01
  6.000000E+01 -3.467280E+01
  6.000000E+01 -3.417835E+01
  6.000000E+01 -3.263319E+01
  6.000000E+01 -3.213874E+01
  6.000000E+01 -3.059359E+01
  6.000000E+01 -3.009914E+01
  6.000000E+01 -2.855399E+01
  6.000000E+01 -2.805954E+01
  6.000000E+01 -2.651438E+01
  6.000000E+01 -2.601993E+01
  6.000000E+01 -2.447478E+01
  6.000000E+01 -2.398033E+01
  6.000000E+01 -2.243517E+01
  6.000000E+01 -2.194072E+01
  6.000000E+01 -2.039557E+01
  6.000000E+01 -1.990112E+01
  6.000000E+01 -1.835597E+01
  6.000000E+01 -1.786152E+01
  6.000000E+01 -1.631636E+01
  6.000000E+01 -1.582191E+01
  6.000000E+01 -1.427676E+01
  6.000000E+01 -1.378231E+01
  6.000000E+01 -1.223715E+01
  6.000000E+01 -1.174271E+01
  6.000000E+01 -1.019755E+01
  6.000000E+01 -9.703101E+00
  6.000000E+01 -8.157947E+00
  6.000000E+01 -7.663497E+00
  6.000000E+01 -6.118343E+00
  6.000000E+01 -5.623893E+00
  6.000000E+01 -4.078739E+00
  6.000000E+01 -3.584289E+00
  6.000000E+01 -2.039135E+00
  6.000000E+01 -1.544685E+00
  6.000000E+01  4.691358E-04
  6.000000E+01  4.949187E-01
  6.000000E+01  2.040073E+00
  6.000000E+01  2.534523E+00
  6.000000E+01  4.079677E+00
  6.000000E+01  4.574127E+00
  6.000000E+01  6.119281E+00
  6.000000E+01  6.613731E+00
  6.000000E+01  8.158885E+00
  6.000000E+01  8.653335E+00
  6.000000E+01  1.019849E+01
  6.000000E+01  1.069294E+01
  6.000000E+01  1.223809E+01
  6.000000E+01  1.273254E+01
  6.000000E+01  1.427770E+01
  6.000000E+01  1.477215E+01
  6.000000E+01  1.631730E+01
  6.000000E+01  1.681175E+01
  6.000000E+01  1.835690E+01
  6.000000E+01  1.885135E+01
  6.000000E+01  2.039651E+01
  6.000000E+01  2.089096E+01
  6.000000E+01  2.243611E+01
  6.000000E+01  2.293056E+01
  6.000000E+01  2.447572E+01
  6.000000E+01  2.497017E+01
  6.000000E+01  2.651532E+01
  6.000000E+01  2.700977E+01
  6.000000E+01  2.855492E+01
  6.000000E+01  2.904937E+01
  6.000000E+01  3.059453E+01
  6.000000E+01  3.108898E+01
  6.000000E+01  3.263413E+01
  6.000000E+01  3.312858E+01
  6.000000E+01  3.467374E+01
  6.000000E+01  3.516819E+01
  6.000000E+01  3.671334E+01
  6.000000E+01  3.720779E+01
  6.000000E+01  3.875294E+01
  6.000000E+01  3.924739E+01
  6.000000E+01  4.079255E+01
  6.000000E+01  4.128700E+01
  6.000000E+01  4.283215E+01
  6.000000E+01  4.332660E+01
  6.000000E+01  4.487176E+01
  6.000000E+01  4.536621E+01
  6.000000E+01  4.691136E+01
  6.000000E+01  4.740581E+01
  6.000000E+01  4.895096E+01
  6.000000E+01  4.944541E+01
  6.000000E+01  5.099057E+01
  6.000000E+01  5.148502E+01
  6.000000E+01  5.303017E+01
  6.000000E+01  5.352462E+01
  6.000000E+01  5.506978E+01
  6.000000E+01  5.556423E+01
  6.000000E+01  5.710938E+01
  6.000000E+01  5.760383E+01
  6.000000E+01  5.914898E+01
  6.000000E+01  5.964343E+01
  6.000000E+01  6.118859E+01
  6.000000E+01  6.168304E+01
  6.000000E+01  6.322819E+01
  6.000000E+01  6.372264E+01
  6.000000E+01  6.526780E+01
  6.000000E+01  6.576225E+01
  6.000000E+01  6.730740E+01
  6.000000E+01  6.780185E+01
  6.000000E+01  6.934700E+01
  6.000000E+01  6.984145E+01
  6.000000E+01  7.138661E+01
  6.000000E+01  7.188106E+01
  6.000000E+01  7.342621E+01
  6.000000E+01  7.392066E+01
  6.000000E+01  7.546582E+01
  6.000000E+01  7.596027E+01
  6.000000E+01  7.750542E+01
  6.000000E+01  7.799987E+01
  6.000000E+01  7.954502E+01
  6.000000E+01  8.003947E+01
  6.000000E+01  8.158463E+01
  6.000000E+01  8.207908E+01
  6.000000E+01  8.362423E+01
  6.000000E+01  8.411868E+01
  6.000000E+01  8.566384E+01
  6.000000E+01  8.615829E+01
  6.000000E+01  8.770344E+01
  6.000000E+01  8.819789E+01
  6.000000E+01  8.974304E+01
  6.000000E+01  9.023749E+01
  6.000000E+01  9.178265E+01
  6.000000E+01  9.227710E+01
  6.000000E+01  9.382225E+01
  6.000000E+01  9.431670E+01
  6.000000E+01  9.586186E+01
  6.000000E+01  9.635630E+01
  6.000000E+01  9.790146E+01
  6.000000E+01  9.839591E+01
  6.000000E+01  9.994106E+01
  5.975545E+01  1.000000E+02
  5.972235E+01  1.000000E+02
  5.968926E+01  1.000000E+02
  5.857705E+01  1.000000E+02
  5.854395E+01  1.000000E+02
  5.743175E+01  1.000000E+02
  5.739865E+01  1.000000E+02
  5.628644E+01  1.000000E+02
  5.625335E+01  1.000000E+02
  5.514114E+01  1.000000E+02
  5.510804E+01  1.000000E+02
  5.399584E+01  1.000000E+02
  5.396274E+01  1.000000E+02
  5.285053E+01  1.000000E+02
  5.281744E+01  1.000000E+02
  5.170523E+01  1.000000E+02
  5.167214E+01  1.000000E+02
  5.055993E+01  1.000000E+02
  5.052683E+01  1.000000E+02
  4.941463E+01  1.000000E+02
  4.938153E+01  1.000000E+02
  4.826932E+01  1.000000E+02
  4.823623E+01  1.000000E+02
  4.712402E+01  1.000000E+02
  4.709093E+01  1.000000E+02
  4.597872E+01  1.000000E+02
  4.594562E+01  1.000000E+02
  4.500000E+01  9.994106E+01
  4.500000E+01  9.819812E+01
  4.500000E+01  9.790146E+01
  4.500000E+01  9.615852E+01
  4.500000E+01  9.586186E+01
  4.500000E+01  9.411891E+01
  4.500000E+01  9.382225E+01
  4.500000E+01  9.207931E+01
  4.500000E+01  9.178265E+01
  4.500000E+01  9.003971E+01
  4.500000E+01  8.974304E+01
  4.500000E+01  8.800010E+01
  4.500000E+01  8.770344E+01
  4.500000E+01  8.596050E+01
  4.500000E+01  8.566384E+01
  4.500000E+01  8.392089E+01
  4.500000E+01  8.362423E+01
  4.500000E+01  8.188129E+01
  4.500000E+01  8.158463E+01
  4.500000E+01  7.984169E+01
  4.500000E+01  7.954502E+01
  4.500000E+01  7.780208E+01
  4.500000E+01  7.750542E+01
  4.500000E+01  7.576248E+01
  4.500000E+01  7.546582E+01
  4.500000E+01  7.372287E+01
  4.500000E+01  7.342621E+01
  4.500000E+01  7.168327E+01
  4.500000E+01  7.138661E+01
  4.500000E+01  6.964367E+01
  4.500000E+01  6.934700E+01
  4.500000E+01  6.760406E+01
  4.500000E+01  6.730740E+01
  4.500000E+01  6.556446E+01
  4.500000E+01  6.526780E+01
  4.500000E+01  6.352485E+01
  4.500000E+01  6.322819E+01
  4.500000E+01  6.148525E+01
  4.500000E+01  6.118859E+01
  4.500000E+01  5.944565E+01
  4.500000E+01  5.914898E+01
  4.500000E+01  5.740604E+01
  4.500000E+01  5.710938E+01
  4.500000E+01  5.536644E+01
  4.500000E+01  5.506978E+01
  4.500000E+01  5.332683E+01
  4.500000E+01  5.303017E+01
  4.500000E+01  5.128723E+01
  4.500000E+01  5.099057E+01
  4.500000E+01  4.924763E+01
  4.500000E+01  4.895096E+01
  4.500000E+01  4.720802E+01
  4.500000E+01  4.691136E+01
  4.500000E+01  4.516842E+01
  4.500000E+01  4.487176E+01
  4.500000E+01  4.312881E+01
  4.500000E+01  4.283215E+01
  4.500000E+01  4.108921E+01
  4.500000E+01  4.079255E+01
  4.500000E+01  3.904961E+01
  4.500000E+01  3.875294E+01
  4.500000E+01  3.701000E+01
  4.500000E+01  3.671334E+01
  4.500000E+01  3.497040E+01
  4.500000E+01  3.467374E+01
  4.500000E+01  3.293080E+01
  4.500000E+01  3.263413E+01
  4.500000E+01  3.089119E+01
  4.500000E+01  3.059453E+01
  4.500000E+01  2.885159E+01
  4.500000E+01  2.855492E+01
  4.500000E+01  2.681198E+01
  4.500000E+01  2.651532E+01
  4.500000E+01  2.477238E+01
  4.500000E+01  2.447572E+01
  4.500000E+01  2.273278E+01
  4.500000E+01  2.243611E+01
  4.500000E+01  2.069317E+01
  4.500000E+01  2.039651E+01
  4.500000E+01  1.865357E+01
  4.500000E+01  1.835690E+01
  4.500000E+01  1.661396E+01
  4.500000E+01  1.631730E+01
  4.500000E+01  1.457436E+01
  4.500000E+01  1.427770E+01
  4.500000E+01  1.253476E+01
  4.500000E+01  1.223809E+01
  4.500000E+01  1.049515E+01
  4.500000E+01  1.019849E+01
  4.500000E+01  8.455548E+00
  4.500000E+01  8.158885E+00
  4.500000E+01  6.415944E+00
  4.500000E+01  6.119281E+00
  4.500000E+01  4.376340E+00
  4.500000E+01  4.079677E+00
  4.500000E+01  2.336736E+00
  4.500000E+01  2.040073E+00
  4.500000E+01  2.971318E-01
  4.500000E+01  4.691358E-04
  4.500000E+01 -1.742472E+00
  4.500000E+01 -2.039135E+00
  4.500000E+01 -3.782076E+00
  4.500000E+01 -4.078739E+00
  4.500000E+01 -5.821680E+00
  4.500000E+01 -6.118343E+00
  4.500000E+01 -7.861284E+00
  4.500000E+01 -8.157947E+00
  4.500000E+01 -9.900888E+00
  4.500000E+01 -1.019755E+01
  4.500000E+01 -1.194049E+01
  4.500000E+01 -1.223715E+01
  4.500000E+01 -1.398010E+01
  4.500000E+01 -1.427676E+01
  4.500000E+01 -1.601970E+01
  4.500000E+01 -1.631636E+01
  4.500000E+01 -1.805930E+01
  4.500000E+01 -1.835597E+01
  4.500000E+01 -2.009891E+01
  4.500000E+01 -2.039557E+01
  4.500000E+01 -2.213851E+01
  4.500000E+01 -2.243517E+01
  4.500000E+01 -2.417812E+01
  4.500000E+01 -2.447478E+01
  4.500000E+01 -2.621772E+01
  4.500000E+01 -2.651438E+01
  4.500000E+01 -2.825732E+01
  4.500000E+01 -2.855399E+01
  4.500000E+01 -3.029693E+01
  4.500000E+01 -3.059359E+01
  4.500000E+01 -3.233653E+01
  4.500000E+01 -3.263319E+01
  4.500000E+01 -3.437614E+01
  4.500000E+01 -3.467280E+01
  4.500000E+01 -3.641574E+01
  4.500000E+01 -3.671240E+01
  4.500000E+01 -3.845534E+01
  4.500000E+01 -3.875201E+01
  4.500000E+01 -4.049495E+01
  4.500000E+01 -4.079161E+01
  4.500000E+01 -4.253455E+01
  4.500000E+01 -4.283121E+01
  4.500000E+01 -4.457416E+01
  4.500000E+01 -4.487082E+01
  4.500000E+01 -4.661376E+01
  4.500000E+01 -4.691042E+01
  4.500000E+01 -4.865336E+01
  4.500000E+01 -4.895003E+01
  4.500000E+01 -5.069297E+01
  4.500000E+01 -5.098963E+01
  4.500000E+01 -5.273257E+01
  4.500000E+01 -5.302923E+01
  4.500000E+01 -5.477218E+01
  4.500000E+01 -5.506884E+01
  4.500000E+01 -5.681178E+01
  4.500000E+01 -5.710844E+01
  4.500000E+01 -5.885138E+01
  4.500000E+01 -5.914805E+01
  4.500000E+01 -6.089099E+01
  4.500000E+01 -6.118765E+01
  4.500000E+01 -6.293059E+01
  4.500000E+01 -6.322725E+01
  4.500000E+01 -6.497019E+01
  4.500000E+01 -6.526686E+01
  4.500000E+01 -6.700980E+01
  4.500000E+01 -6.730646E+01
  4.500000E+01 -6.904940E+01
  4.500000E+01 -6.934607E+01
  4.500000E+01 -7.108901E+01
  4.500000E+01 -7.138567E+01
  4.500000E+01 -7.312861E+01
  4.500000E+01 -7.342527E+01
  4.500000E+01 -7.516821E+01
  4.500000E+01 -7.546488E+01
  4.500000E+01 -7.720782E+01
  4.500000E+01 -7.750448E+01
  4.500000E+01 -7.924742E+01
  4.500000E+01 -7.954409E+01
  4.500000E+01 -8.128703E+01
  4.500000E+01 -8.158369E+01
  4.500000E+01 -8.332663E+01
  4.500000E+01 -8.362329E+01
  4.500000E+01 -8.536623E+01
  4.500000E+01 -8.566290E+01
  4.500000E+01 -8.740584E+01
  4.500000E+01 -8.770250E+01
  4.500000E+01 -8.944544E+01
  4.500000E+01 -8.974211E+01
  4.500000E+01 -9.148505E+01
  4.500000E+01 -9.178171E+01
  4.500000E+01 -9.352465E+01
  4.500000E+01 -9.382131E+01
  4.500000E+01 -9.556425E+01
  4.500000E+01 -9.586092E+01
  4.500000E+01 -9.760386E+01
  4.500000E+01 -9.790052E+01
  4.500000E+01 -9.964346E+01
  4.500000E+01 -9.994012E+01

w:5/ x(   0.6750000E+02) y(   0.0000000E+00) ix(2) iy(2) s(   0.7000E+00)

hb:   line clip z  
clip:
  6.083403E+01 -1.000000E+02
  7.464491E+01 -1.000000E+02
  7.500000E+01 -9.994012E+01
  7.500000E+01 -9.924789E+01
  7.500000E+01 -9.790052E+01
  7.500000E+01 -9.720828E+01
  7.500000E+01 -9.586092E+01
  7.500000E+01 -9.516868E+01
  7.500000E+01 -9.382131E+01
  7.500000E+01 -9.312908E+01
  7.500000E+01 -9.178171E+01
  7.500000E+01 -9.108947E+01
  7.500000E+01 -8.974211E+01
  7.500000E+01 -8.904987E+01
  7.500000E+01 -8.770250E+01
  7.500000E+01 -8.701026E+01
  7.500000E+01 -8.566290E+01
  7.500000E+01 -8.497066E+01
  7.500000E+01 -8.362329E+01
  7.500000E+01 -8.293106E+01
  7.500000E+01 -8.158369E+01
  7.500000E+01 -8.089145E+01
  7.500000E+01 -7.954409E+01
  7.500000E+01 -7.885185E+01
  7.500000E+01 -7.750448E+01
  7.500000E+01 -7.681224E+01
  7.500000E+01 -7.546488E+01
  7.500000E+01 -7.477264E+01
  7.500000E+01 -7.342527E+01
  7.500000E+01 -7.273304E+01
  7.500000E+01 -7.138567E+01
  7.500000E+01 -7.069343E+01
  7.500000E+01 -6.934607E+01
  7.500000E+01 -6.865383E+01
  7.500000E+01 -6.730646E+01
  7.500000E+01 -6.661423E+01
  7.500000E+01 -6.526686E+01
  7.500000E+01 -6.457462E+01
  7.500000E+01 -6.322725E+01
  7.500000E+01 -6.253502E+01
  7.500000E+01 -6.118765E+01
  7.500000E+01 -6.049541E+01
  7.500000E+01 -5.914805E+01
  7.500000E+01 -5.845581E+01
  7.500000E+01 -5.710844E+01
  7.500000E+01 -5.641621E+01
  7.500000E+01 -5.506884E+01
  7.500000E+01 -5.437660E+01
  7.500000E+01 -5.302923E+01
  7.500000E+01 -5.233700E+01
  7.500000E+01 -5.098963E+01
  7.500000E+01 -5.029739E+01
  7.500000E+01 -4.895003E+01
  7.500000E+01 -4.825779E+01
  7.500000E+01 -4.691042E+01
  7.500000E+01 -4.621819E+01
  7.500000E+01 -4.487082E+01
  7.500000E+01 -4.417858E+01
  7.500000E+01 -4.283121E+01
  7.500000E+01 -4.213898E+01
  7.500000E+01 -4.079161E+01
  7.500000E+01 -4.009937E+01
  7.500000E+01 -3.875201E+01
  7.500000E+01 -3.805977E+01
  7.500000E+01 -3.671240E+01
  7.500000E+01 -3.602017E+01
  7.500000E+01 -3.467280E+01
  7.500000E+01 -3.398056E+01
  7.500000E+01 -3.263319E+01
  7.500000E+01 -3.194096E+01
  7.500000E+01 -3.059359E+01
  7.500000E+01 -2.990135E+01
  7.500000E+01 -2.855399E+01
  7.500000E+01 -2.786175E+01
  7.500000E+01 -2.651438E+01
  7.500000E+01 -2.582215E+01
  7.500000E+01 -2.447478E+01
  7.500000E+01 -2.378254E+01
  7.500000E+01 -2.243517E+01
  7.500000E+01 -2.174294E+01
  7.500000E+01 -2.039557E+01
  7.500000E+01 -1.970333E+01
  7.500000E+01 -1.835597E+01
  7.500000E+01 -1.766373E+01
  7.500000E+01 -1.631636E+01
  7.500000E+01 -1.562413E+01
  7.500000E+01 -1.427676E+01
  7.500000E+01 -1.358452E+01
  7.500000E+01 -1.223715E+01
  7.500000E+01 -1.154492E+01
  7.500000E+01 -1.019755E+01
  7.500000E+01 -9.505314E+00
  7.500000E+01 -8.157947E+00
  7.500000E+01 -7.465710E+00
  7.500000E+01 -6.118343E+00
  7.500000E+01 -5.426106E+00
  7.500000E+01 -4.078739E+00
  7.500000E+01 -3.386502E+00
  7.500000E+01 -2.039135E+00
  7.500000E+01 -1.346898E+00
  7.500000E+01  4.691358E-04
  7.500000E+01  6.927056E-01
  7.500000E+01  2.040073E+00
  7.500000E+01  2.732310E+00
  7.500000E+01  4.079677E+00
  7.500000E+01  4.771913E+00
  7.500000E+01  6.119281E+00
  7.500000E+01  6.811517E+00
  7.500000E+01  8.158885E+00
  7.500000E+01  8.851121E+00
  7.500000E+01  1.019849E+01
  7.500000E+01  1.089073E+01
  7.500000E+01  1.223809E+01
  7.500000E+01  1.293033E+01
  7.500000E+01  1.427770E+01
  7.500000E+01  1.496993E+01
  7.500000E+01  1.631730E+01
  7.500000E+01  1.700954E+01
  7.500000E+01  1.835690E+01
  7.500000E+01  1.904914E+01
  7.500000E+01  2.039651E+01
  7.500000E+01  2.108875E+01
  7.500000E+01  2.243611E+01
  7.500000E+01  2.312835E+01
  7.500000E+01  2.447572E+01
  7.500000E+01  2.516795E+01
  7.500000E+01  2.651532E+01
  7.500000E+01  2.720756E+01
  7.500000E+01  2.855492E+01
  7.500000E+01  2.924716E+01
  7.500000E+01  3.059453E+01
  7.500000E+01  3.128676E+01
  7.500000E+01  3.263413E+01
  7.500000E+01  3.332637E+01
  7.500000E+01  3.467374E+01
  7.500000E+01  3.536597E+01
  7.500000E+01  3.671334E+01
  7.500000E+01  3.740558E+01
  7.500000E+01  3.875294E+01
  7.500000E+01  3.944518E+01
  7.500000E+01  4.079255E+01
  7.500000E+01  4.148478E+01
  7.500000E+01  4.283215E+01
  7.500000E+01  4.352439E+01
  7.500000E+01  4.487176E+01
  7.500000E+01  4.556399E+01
  7.500000E+01  4.691136E+01
  7.500000E+01  4.760360E+01
  7.500000E+01  4.895096E+01
  7.500000E+01  4.964320E+01
  7.500000E+01  5.099057E+01
  7.500000E+01  5.168280E+01
  7.500000E+01  5.303017E+01
  7.500000E+01  5.372241E+01
  7.500000E+01  5.506978E+01
  7.500000E+01  5.576201E+01
  7.500000E+01  5.710938E+01
  7.500000E+01  5.780162E+01
  7.500000E+01  5.914898E+01
  7.500000E+01  5.984122E+01
  7.500000E+01  6.118859E+01
  7.500000E+01  6.188082E+01
  7.500000E+01  6.322819E+01
  7.500000E+01  6.392043E+01
  7.500000E+01  6.526780E+01
  7.500000E+01  6.596003E+01
  7.500000E+01  6.730740E+01
  7.500000E+01  6.799964E+01
  7.500000E+01  6.934700E+01
  7.500000E+01  7.003924E+01
  7.500000E+01  7.138661E+01
  7.500000E+01  7.207884E+01
  7.500000E+01  7.342621E+01
  7.500000E+01  7.411845E+01
  7.500000E+01  7.546582E+01
  7.500000E+01  7.615805E+01
  7.500000E+01  7.750542E+01
  7.500000E+01  7.819766E+01
  7.500000E+01  7.954502E+01
  7.500000E+01  8.023726E+01
  7.500000E+01  8.158463E+01
  7.500000E+01  8.227686E+01
  7.500000E+01  8.362423E+01
  7.500000E+01  8.431647E+01
  7.500000E+01  8.566384E+01
  7.500000E+01  8.635607E+01
  7.500000E+01  8.770344E+01
  7.500000E+01  8.839568E+01
  7.500000E+01  8.974304E+01
  7.500000E+01  9.043528E+01
  7.500000E+01  9.178265E+01
  7.500000E+01  9.247488E+01
  7.500000E+01  9.382225E+01
  7.500000E+01  9.451449E+01
  7.500000E+01  9.586186E+01
  7.500000E+01  9.655409E+01
  7.500000E+01  9.790146E+01
  7.500000E+01  9.859370E+01
  7.500000E+01  9.994106E+01
  7.464438E+01  1.000000E+02
  7.461129E+01  1.000000E+02
  7.457819E+01  1.000000E+02
  7.346598E+01  1.000000E+02
  7.343289E+01  1.000000E+02
  7.232068E+01  1.000000E+02
  7.228759E+01  1.000000E+02
  7.117538E+01  1.000000E+02
  7.114228E+01  1.000000E+02
  7.003008E+01  1.000000E+02
  6.999698E+01  1.000000E+02
  6.888477E+01  1.000000E+02
  6.885168E+01  1.000000E+02
  6.773947E+01  1.000000E+02
  6.770638E+01  1.000000E+02
  6.659417E+01  1.000000E+02
  6.656107E+01  1.000000E+02
  6.544886E+01  1.000000E+02
  6.541577E+01  1.000000E+02
  6.430356E+01  1.000000E+02
  6.427047E+01  1.000000E+02
  6.315826E+01  1.000000E+02
  6.312516E+01  1.000000E+02
  6.201296E+01  1.000000E+02
  6.197986E+01  1.000000E+02
  6.086765E+01  1.000000E+02
  6.083456E+01  1.000000E+02
  6.000000E+01  9.994106E+01
  6.000000E+01  9.839591E+01
  6.000000E+01  9.790146E+01
  6.000000E+01  9.635630E+01
  6.000000E+01  9.586186E+01
  6.000000E+01  9.431670E+01
  6.000000E+01  9.382225E+01
  6.000000E+01  9.227710E+01
  6.000000E+01  9.178265E+01
  6.000000E+01  9.023749E+01
  6.000000E+01  8.974304E+01
  6.000000E+01  8.819789E+01
  6.000000E+01  8.770344E+01
  6.000000E+01  8.615829E+01
  6.000000E+01  8.566384E+01
  6.000000E+01  8.411868E+01
  6.000000E+01  8.362423E+01
  6.000000E+01  8.207908E+01
  6.000000E+01  8.158463E+01
  6.000000E+01  8.003947E+01
  6.000000E+01  7.954502E+01
  6.000000E+01  7.799987E+01
  6.000000E+01  7.750542E+01
  6.000000E+01  7.596027E+01
  6.000000E+01  7.546582E+01
  6.000000E+01  7.392066E+01
  6.000000E+01  7.342621E+01
  6.000000E+01  7.188106E+01
  6.000000E+01  7.138661E+01
  6.000000E+01  6.984145E+01
  6.000000E+01  6.934700E+01
  6.000000E+01  6.780185E+01
  6.000000E+01  6.730740E+01
  6.000000E+01  6.576225E+01
  6.000000E+01  6.526780E+01
  6.000000E+01  6.372264E+01
  6.000000E+01  6.322819E+01
  6.000000E+01  6.168304E+01
  6.000000E+01  6.118859E+01
  6.000000E+01  5.964343E+01
  6.000000E+01  5.914898E+01
  6.000000E+01  5.760383E+01
  6.000000E+01  5.710938E+01
  6.000000E+01  5.556423E+01
  6.000000E+01  5.506978E+01
  6.000000E+01  5.352462E+01
  6.000000E+01  5.303017E+01
  6.000000E+01  5.148502E+01
  6.000000E+01  5.099057E+01
  6.000000E+01  4.944541E+01
  6.000000E+01  4.895096E+01
  6.000000E+01  4.740581E+01
  6.000000E+01  4.691136E+01
  6.000000E+01  4.536621E+01
  6.000000E+01  4.487176E+01
  6.000000E+01  4.332660E+01
  6.000000E+01  4.283215E+01
  6.000000E+01  4.128700E+01
  6.000000E+01  4.079255E+01
  6.000000E+01  3.924739E+01
  6.000000E+01  3.875294E+01
  6.000000E+01  3.720779E+01
  6.000000E+01  3.671334E+01
  6.000000E+01  3.516819E+01
  6.000000E+01  3.467374E+01
  6.000000E+01  3.312858E+01
  6.000000E+01  3.263413E+01
  6.000000E+01  3.108898E+01
  6.000000E+01  3.059453E+01
  6.000000E+01  2.904937E+01
  6.000000E+01  2.855492E+01
  6.000000E+01  2.700977E+01
  6.000000E+01  2.651532E+01
  6.000000E+01  2.497017E+01
  6.000000E+01  2.447572E+01
  6.000000E+01  2.293056E+01
  6.000000E+01  2.243611E+01
  6.000000E+01  2.089096E+01
  6.000000E+01  2.039651E+01
  6.000000E+01  1.885135E+01
  6.000000E+01  1.835690E+01
  6.000000E+01  1.681175E+01
  6.000000E+01  1.631730E+01
  6.000000E+01  1.477215E+01
  6.000000E+01  1.427770E+01
  6.000000E+01  1.273254E+01
  6.000000E+01  1.223809E+01
  6.000000E+01  1.069294E+01
  6.000000E+01  1.019849E+01
  6.000000E+01  8.653335E+00
  6.000000E+01  8.158885E+00
  6.000000E+01  6.613731E+00
  6.000000E+01  6.119281E+00
  6.000000E+01  4.574127E+00
  6.000000E+01  4.079677E+00
  6.000000E+01  2.534523E+00
  6.000000E+01  2.040073E+00
  6.000000E+01  4.949187E-01
  6.000000E+01  4.691358E-04
  6.000000E+01 -1.544685E+00
  6.000000E+01 -2.039135E+00
  6.000000E+01 -3.584289E+00
  6.000000E+01 -4.078739E+00
  6.000000E+01 -5.623893E+00
  6.000000E+01 -6.118343E+00
  6.000000E+01 -7.663497E+00
  6.000000E+01 -8.157947E+00
  6.000000E+01 -9.703101E+00
  6.000000E+01 -1.019755E+01
  6.000000E+01 -1.174271E+01
  6.000000E+01 -1.223715E+01
  6.000000E+01 -1.378231E+01
  6.000000E+01 -1.427676E+01
  6.000000E+01 -1.582191E+01
  6.000000E+01 -1.631636E+01
  6.000000E+01 -1.786152E+01
  6.000000E+01 -1.835597E+01
  6.000000E+01 -1.990112E+01
  6.000000E+01 -2.039557E+01
  6.000000E+01 -2.194072E+01
  6.000000E+01 -2.243517E+01
  6.000000E+01 -2.398033E+01
  6.000000E+01 -2.447478E+01
  6.000000E+01 -2.601993E+01
  6.000000E+01 -2.651438E+01
  6.000000E+01 -2.805954E+01
  6.000000E+01 -2.855399E+01
  6.000000E+01 -3.009914E+01
  6.000000E+01 -3.059359E+01
  6.000000E+01 -3.213874E+01
  6.000000E+01 -3.263319E+01
  6.000000E+01 -3.417835E+01
  6.000000E+01 -3.467280E+01
  6.000000E+01 -3.621795E+01
  6.000000E+01 -3.671240E+01
  6.000000E+01 -3.825756E+01
  6.000000E+01 -3.875201E+01
  6.000000E+01 -4.029716E+01
  6.000000E+01 -4.079161E+01
  6.000000E+01 -4.233676E+01
  6.000000E+01 -4.283121E+01
  6.000000E+01 -4.437637E+01
  6.000000E+01 -4.487082E+01
  6.000000E+01 -4.641597E+01
  6.000000E+01 -4.691042E+01
  6.000000E+01 -4.845558E+01
  6.000000E+01 -4.895003E+01
  6.000000E+01 -5.049518E+01
  6.000000E+01 -5.098963E+01
  6.000000E+01 -5.253478E+01
  6.000000E+01 -5.302923E+01
  6.000000E+01 -5.457439E+01
  6.000000E+01 -5.506884E+01
  6.000000E+01 -5.661399E+01
  6.000000E+01 -5.710844E+01
  6.000000E+01 -5.865360E+01
  6.000000E+01 -5.914805E+01
  6.000000E+01 -6.069320E+01
  6.000000E+01 -6.118765E+01
  6.000000E+01 -6.273280E+01
  6.000000E+01 -6.322725E+01
  6.000000E+01 -6.477241E+01
  6.000000E+01 -6.526686E+01
  6.000000E+01 -6.681201E+01
  6.000000E+01 -6.730646E+01
  6.000000E+01 -6.885162E+01
  6.000000E+01 -6.934607E+01
  6.000000E+01 -7.089122E+01
  6.000000E+01 -7.138567E+01
  6.000000E+01 -7.293082E+01
  6.000000E+01 -7.342527E+01
  6.000000E+01 -7.497043E+01
  6.000000E+01 -7.546488E+01
  6.000000E+01 -7.701003E+01
  6.000000E+01 -7.750448E+01
  6.000000E+01 -7.904964E+01
  6.000000E+01 -7.954409E+01
  6.000000E+01 -8.108924E+01
  6.000000E+01 -8.158369E+01
  6.000000E+01 -8.312884E+01
  6.000000E+01 -8.362329E+01
  6.000000E+01 -8.516845E+01
  6.000000E+01 -8.566290E+01
  6.000000E+01 -8.720805E+01
  6.000000E+01 -8.770250E+01
  6.000000E+01 -8.924766E+01
  6.000000E+01 -8.974211E+01
  6.000000E+01 -9.128726E+01
  6.000000E+01 -9.178171E+01
  6.000000E+01 -9.332686E+01
  6.000000E+01 -9.382131E+01
  6.000000E+01 -9.536647E+01
  6.000000E+01 -9.586092E+01
  6.000000E+01 -9.740607E+01
  6.000000E+01 -9.790052E+01
  6.000000E+01 -9.944568E+01
  6.000000E+01 -9.994012E+01

w:6/ x(   0.8250000E+02) y(   0.0000000E+00) ix(2) iy(2) s(   0.7000E+00)

hb:   line clip z  
clip:
  7.572297E+01 -1.000000E+02
  8.953385E+01 -1.000000E+02
  9.000000E+01 -9.994012E+01
  9.000000E+01 -9.905010E+01
  9.000000E+01 -9.790052E+01
  9.000000E+01 -9.701050E+01
  9.000000E+01 -9.586092E+01
  9.000000E+01 -9.497089E+01
  9.000000E+01 -9.382131E+01
  9.000000E+01 -9.293129E+01
  9.000000E+01 -9.178171E+01
  9.000000E+01 -9.089169E+01
  9.000000E+01 -8.974211E+01
  9.000000E+01 -8.885208E+01
  9.000000E+01 -8.770250E+01
  9.000000E+01 -8.681248E+01
  9.000000E+01 -8.566290E+01
  9.000000E+01 -8.477287E+01
  9.000000E+01 -8.362329E+01
  9.000000E+01 -8.273327E+01
  9.000000E+01 -8.158369E+01
  9.000000E+01 -8.069367E+01
  9.000000E+01 -7.954409E+01
  9.000000E+01 -7.865406E+01
  9.000000E+01 -7.750448E+01
  9.000000E+01 -7.661446E+01
  9.000000E+01 -7.546488E+01
  9.000000E+01 -7.457485E+01
  9.000000E+01 -7.342527E+01
  9.000000E+01 -7.253525E+01
  9.000000E+01 -7.138567E+01
  9.000000E+01 -7.049565E+01
  9.000000E+01 -6.934607E+01
  9.000000E+01 -6.845604E+01
  9.000000E+01 -6.730646E+01
  9.000000E+01 -6.641644E+01
  9.000000E+01 -6.526686E+01
  9.000000E+01 -6.437683E+01
  9.000000E+01 -6.322725E+01
  9.000000E+01 -6.233723E+01
  9.000000E+01 -6.118765E+01
  9.000000E+01 -6.029763E+01
  9.000000E+01 -5.914805E+01
  9.000000E+01 -5.825802E+01
  9.000000E+01 -5.710844E+01
  9.000000E+01 -5.621842E+01
  9.000000E+01 -5.506884E+01
  9.000000E+01 -5.417881E+01
  9.000000E+01 -5.302923E+01
  9.000000E+01 -5.213921E+01
  9.000000E+01 -5.098963E+01
  9.000000E+01 -5.009961E+01
  9.000000E+01 -4.895003E+01
  9.000000E+01 -4.806000E+01
  9.000000E+01 -4.691042E+01
  9.000000E+01 -4.602040E+01
  9.000000E+01 -4.487082E+01
  9.000000E+01 -4.398079E+01
  9.000000E+01 -4.283121E+01
  9.000000E+01 -4.194119E+01
  9.000000E+01 -4.079161E+01
  9.000000E+01 -3.990159E+01
  9.000000E+01 -3.875201E+01
  9.000000E+01 -3.786198E+01
  9.000000E+01 -3.671240E+01
  9.000000E+01 -3.582238E+01
  9.000000E+01 -3.467280E+01
  9.000000E+01 -3.378277E+01
  9.000000E+01 -3.263319E+01
  9.000000E+01 -3.174317E+01
  9.000000E+01 -3.059359E+01
  9.000000E+01 -2.970357E+01
  9.000000E+01 -2.855399E+01
  9.000000E+01 -2.766396E+01
  9.000000E+01 -2.651438E+01
  9.000000E+01 -2.562436E+01
  9.000000E+01 -2.447478E+01
  9.000000E+01 -2.358476E+01
  9.000000E+01 -2.243517E+01
  9.000000E+01 -2.154515E+01
  9.000000E+01 -2.039557E+01
  9.000000E+01 -1.950555E+01
  9.000000E+01 -1.835597E+01
  9.000000E+01 -1.746594E+01
  9.000000E+01 -1.631636E+01
  9.000000E+01 -1.542634E+01
  9.000000E+01 -1.427676E+01
  9.000000E+01 -1.338674E+01
  9.000000E+01 -1.223715E+01
  9.000000E+01 -1.134713E+01
  9.000000E+01 -1.019755E+01
  9.000000E+01 -9.307527E+00
  9.000000E+01 -8.157947E+00
  9.000000E+01 -7.267923E+00
  9.000000E+01 -6.118343E+00
  9.000000E+01 -5.228319E+00
  9.000000E+01 -4.078739E+00
  9.000000E+01 -3.188715E+00
  9.000000E+01 -2.039135E+00
  9.000000E+01 -1.149111E+00
  9.000000E+01  4.691358E-04
  9.000000E+01  8.904925E-01
  9.000000E+01  2.040073E+00
  9.000000E+01  2.930096E+00
  9.000000E+01  4.079677E+00
  9.000000E+01  4.969700E+00
  9.000000E+01  6.119281E+00
  9.000000E+01  7.009304E+00
  9.000000E+01  8.158885E+00
  9.000000E+01  9.048908E+00
  9.000000E+01  1.019849E+01
  9.000000E+01  1.108851E+01
  9.000000E+01  1.223809E+01
  9.000000E+01  1.312812E+01
  9.000000E+01  1.427770E+01
  9.000000E+01  1.516772E+01
  9.000000E+01  1.631730E+01
  9.000000E+01  1.720732E+01
  9.000000E+01  1.835690E+01
  9.000000E+01  1.924693E+01
  9.000000E+01  2.039651E+01
  9.000000E+01  2.128653E+01
  9.000000E+01  2.243611E+01
  9.000000E+01  2.332614E+01
  9.000000E+01  2.447572E+01
  9.000000E+01  2.536574E+01
  9.000000E+01  2.651532E+01
  9.000000E+01  2.740534E+01
  9.000000E+01  2.855492E+01
  9.000000E+01  2.944495E+01
  9.000000E+01  3.059453E+01
  9.000000E+01  3.148455E+01
  9.000000E+01  3.263413E+01
  9.000000E+01  3.352416E+01
  9.000000E+01  3.467374E+01
  9.000000E+01  3.556376E+01
  9.000000E+01  3.671334E+01
  9.000000E+01  3.760336E+01
  9.000000E+01  3.875294E+01
  9.000000E+01  3.964297E+01
  9.000000E+01  4.079255E+01
  9.000000E+01  4.168257E+01
  9.000000E+01  4.283215E+01
  9.000000E+01  4.372218E+01
  9.000000E+01  4.487176E+01
  9.000000E+01  4.576178E+01
  9.000000E+01  4.691136E+01
  9.000000E+01  4.780138E+01
  9.000000E+01  4.895096E+01
  9.000000E+01  4.984099E+01
  9.000000E+01  5.099057E+01
  9.000000E+01  5.188059E+01
  9.000000E+01  5.303017E+01
  9.000000E+01  5.392020E+01
  9.000000E+01  5.506978E+01
  9.000000E+01  5.595980E+01
  9.000000E+01  5.710938E+01
  9.000000E+01  5.799940E+01
  9.000000E+01  5.914898E+01
  9.000000E+01  6.003901E+01
  9.000000E+01  6.118859E+01
  9.000000E+01  6.207861E+01
  9.000000E+01  6.322819E+01
  9.000000E+01  6.411822E+01
  9.000000E+01  6.526780E+01
  9.000000E+01  6.615782E+01
  9.000000E+01  6.730740E+01
  9.000000E+01  6.819742E+01
  9.000000E+01  6.934700E+01
  9.000000E+01  7.023703E+01
  9.000000E+01  7.138661E+01
  9.000000E+01  7.227663E+01
  9.000000E+01  7.342621E+01
  9.000000E+01  7.431624E+01
  9.000000E+01  7.546582E+01
  9.000000E+01  7.635584E+01
  9.000000E+01  7.750542E+01
  9.000000E+01  7.839544E+01
  9.000000E+01  7.954502E+01
  9.000000E+01  8.043505E+01
  9.000000E+01  8.158463E+01
  9.000000E+01  8.247465E+01
  9.000000E+01  8.362423E+01
  9.000000E+01  8.451425E+01
  9.000000E+01  8.566384E+01
  9.000000E+01  8.655386E+01
  9.000000E+01  8.770344E+01
  9.000000E+01  8.859346E+01
  9.000000E+01  8.974304E+01
  9.000000E+01  9.063307E+01
  9.000000E+01  9.178265E+01
  9.000000E+01  9.267267E+01
  9.000000E+01  9.382225E+01
  9.000000E+01  9.471227E+01
  9.000000E+01  9.586186E+01
  9.000000E+01  9.675188E+01
  9.000000E+01  9.790146E+01
  9.000000E+01  9.879148E+01
  9.000000E+01  9.994106E+01
  8.953332E+01  1.000000E+02
  8.950022E+01  1.000000E+02
  8.946713E+01  1.000000E+02
  8.835492E+01  1.000000E+02
  8.832183E+01  1.000000E+02
  8.720962E+01  1.000000E+02
  8.717652E+01  1.000000E+02
  8.606432E+01  1.000000E+02
  8.603122E+01  1.000000E+02
  8.491901E+01  1.000000E+02
  8.488592E+01  1.000000E+02
  8.377371E+01  1.000000E+02
  8.374061E+01  1.000000E+02
  8.262841E+01  1.000000E+02
  8.259531E+01  1.000000E+02
  8.148310E+01  1.000000E+02
  8.145001E+01  1.000000E+02
  8.033780E+01  1.000000E+02
  8.030471E+01  1.000000E+02
  7.919250E+01  1.000000E+02
  7.915940E+01  1.000000E+02
  7.804720E+01  1.000000E+02
  7.801410E+01  1.000000E+02
  7.690189E+01  1.000000E+02
  7.686880E+01  1.000000E+02
  7.575659E+01  1.000000E+02
  7.572350E+01  1.000000E+02
  7.500000E+01  9.994106E+01
  7.500000E+01  9.859370E+01
  7.500000E+01  9.790146E+01
  7.500000E+01  9.655409E+01
  7.500000E+01  9.586186E+01
  7.500000E+01  9.451449E+01
  7.500000E+01  9.382225E+01
  7.500000E+01  9.247488E+01
  7.500000E+01  9.178265E+01
  7.500000E+01  9.043528E+01
  7.500000E+01  8.974304E+01
  7.500000E+01  8.839568E+01
  7.500000E+01  8.770344E+01
  7.500000E+01  8.635607E+01
  7.500000E+01  8.566384E+01
  7.500000E+01  8.431647E+01
  7.500000E+01  8.362423E+01
  7.500000E+01  8.227686E+01
  7.500000E+01  8.158463E+01
  7.500000E+01  8.023726E+01
  7.500000E+01  7.954502E+01
  7.500000E+01  7.819766E+01
  7.500000E+01  7.750542E+01
  7.500000E+01  7.615805E+01
  7.500000E+01  7.546582E+01
  7.500000E+01  7.411845E+01
  7.500000E+01  7.342621E+01
  7.500000E+01  7.207884E+01
  7.500000E+01  7.138661E+01
  7.500000E+01  7.003924E+01
  7.500000E+01  6.934700E+01
  7.500000E+01  6.799964E+01
  7.500000E+01  6.730740E+01
  7.500000E+01  6.596003E+01
  7.500000E+01  6.526780E+01
  7.500000E+01  6.392043E+01
  7.500000E+01  6.322819E+01
  7.500000E+01  6.188082E+01
  7.500000E+01  6.118859E+01
  7.500000E+01  5.984122E+01
  7.500000E+01  5.914898E+01
  7.500000E+01  5.780162E+01
  7.500000E+01  5.710938E+01
  7.500000E+01  5.576201E+01
  7.500000E+01  5.506978E+01
  7.500000E+01  5.372241E+01
  7.500000E+01  5.303017E+01
  7.500000E+01  5.168280E+01
  7.500000E+01  5.099057E+01
  7.500000E+01  4.964320E+01
  7.500000E+01  4.895096E+01
  7.500000E+01  4.760360E+01
  7.500000E+01  4.691136E+01
  7.500000E+01  4.556399E+01
  7.500000E+01  4.487176E+01
  7.500000E+01  4.352439E+01
  7.500000E+01  4.283215E+01
  7.500000E+01  4.148478E+01
  7.500000E+01  4.079255E+01
  7.500000E+01  3.944518E+01
  7.500000E+01  3.875294E+01
  7.500000E+01  3.740558E+01
  7.500000E+01  3.671334E+01
  7.500000E+01  3.536597E+01
  7.500000E+01  3.467374E+01
  7.500000E+01  3.332637E+01
  7.500000E+01  3.263413E+01
  7.500000E+01  3.128676E+01
  7.500000E+01  3.059453E+01
  7.500000E+01  2.924716E+01
  7.500000E+01  2.855492E+01
  7.500000E+01  2.720756E+01
  7.500000E+01  2.651532E+01
  7.500000E+01  2.516795E+01
  7.500000E+01  2.447572E+01
  7.500000E+01  2.312835E+01
  7.500000E+01  2.243611E+01
  7.500000E+01  2.108875E+01
  7.500000E+01  2.039651E+01
  7.500000E+01  1.904914E+01
  7.500000E+01  1.835690E+01
  7.500000E+01  1.700954E+01
  7.500000E+01  1.631730E+01
  7.500000E+01  1.496993E+01
  7.500000E+01  1.427770E+01
  7.500000E+01  1.293033E+01
  7.500000E+01  1.223809E+01
  7.500000E+01  1.089073E+01
  7.500000E+01  1.019849E+01
  7.500000E+01  8.851121E+00
  7.500000E+01  8.158885E+00
  7.500000E+01  6.811517E+00
  7.500000E+01  6.119281E+00
  7.500000E+01  4.771913E+00
  7.500000E+01  4.079677E+00
  7.500000E+01  2.732310E+00
  7.500000E+01  2.040073E+00
  7.500000E+01  6.927056E-01
  7.500000E+01  4.691358E-04
  7.500000E+01 -1.346898E+00
  7.500000E+01 -2.039135E+00
  7.500000E+01 -3.386502E+00
  7.500000E+01 -4.078739E+00
  7.500000E+01 -5.426106E+00
  7.500000E+01 -6.118343E+00
  7.500000E+01 -7.465710E+00
  7.500000E+01 -8.157947E+00
  7.500000E+01 -9.505314E+00
  7.500000E+01 -1.019755E+01
  7.500000E+01 -1.154492E+01
  7.500000E+01 -1.223715E+01
  7.500000E+01 -1.358452E+01
  7.500000E+01 -1.427676E+01
  7.500000E+01 -1.562413E+01
  7.500000E+01 -1.631636E+01
  7.500000E+01 -1.766373E+01
  7.500000E+01 -1.835597E+01
  7.500000E+01 -1.970333E+01
  7.500000E+01 -2.039557E+01
  7.500000E+01 -2.174294E+01
  7.500000E+01 -2.243517E+01
  7.500000E+01 -2.378254E+01
  7.500000E+01 -2.447478E+01
  7.500000E+01 -2.582215E+01
  7.500000E+01 -2.651438E+01
  7.500000E+01 -2.786175E+01
  7.500000E+01 -2.855399E+01
  7.500000E+01 -2.990135E+01
  7.500000E+01 -3.059359E+01
  7.500000E+01 -3.194096E+01
  7.500000E+01 -3.263319E+01
  7.500000E+01 -3.398056E+01
  7.500000E+01 -3.467280E+01
  7.500000E+01 -3.602017E+01
  7.500000E+01 -3.671240E+01
  7.500000E+01 -3.805977E+01
  7.500000E+01 -3.875201E+01
  7.500000E+01 -4.009937E+01
  7.500000E+01 -4.079161E+01
  7.500000E+01 -4.213898E+01
  7.500000E+01 -4.283121E+01
  7.500000E+01 -4.417858E+01
  7.500000E+01 -4.487082E+01
  7.500000E+01 -4.621819E+01
  7.500000E+01 -4.691042E+01
  7.500000E+01 -4.825779E+01
  7.500000E+01 -4.895003E+01
  7.500000E+01 -5.029739E+01
  7.500000E+01 -5.098963E+01
  7.500000E+01 -5.233700E+01
  7.500000E+01 -5.302923E+01
  7.500000E+01 -5.437660E+01
  7.500000E+01 -5.506884E+01
  7.500000E+01 -5.641621E+01
  7.500000E+01 -5.710844E+01
  7.500000E+01 -5.845581E+01
  7.500000E+01 -5.914805E+01
  7.500000E+01 -6.049541E+01
  7.500000E+01 -6.118765E+01
  7.500000E+01 -6.253502E+01
  7.500000E+01 -6.322725E+01
  7.500000E+01 -6.457462E+01
  7.500000E+01 -6.526686E+01
  7.500000E+01 -6.661423E+01
  7.500000E+01 -6.730646E+01
  7.500000E+01 -6.865383E+01
  7.500000E+01 -6.934607E+01
  7.500000E+01 -7.069343E+01
  7.500000E+01 -7.138567E+01
  7.500000E+01 -7.273304E+01
  7.500000E+01 -7.342527E+01
  7.500000E+01 -7.477264E+01
  7.500000E+01 -7.546488E+01
  7.500000E+01 -7.681224E+01
  7.500000E+01 -7.750448E+01
  7.500000E+01 -7.885185E+01
  7.500000E+01 -7.954409E+01
  7.500000E+01 -8.089145E+01
  7.500000E+01 -8.158369E+01
  7.500000E+01 -8.293106E+01
  7.500000E+01 -8.362329E+01
  7.500000E+01 -8.497066E+01
  7.500000E+01 -8.566290E+01
  7.500000E+01 -8.701026E+01
  7.500000E+01 -8.770250E+01
  7.500000E+01 -8.904987E+01
  7.500000E+01 -8.974211E+01
  7.500000E+01 -9.108947E+01
  7.500000E+01 -9.178171E+01
  7.500000E+01 -9.312908E+01
  7.500000E+01 -9.382131E+01
  7.500000E+01 -9.516868E+01
  7.500000E+01 -9.586092E+01
  7.500000E+01 -9.720828E+01
  7.500000E+01 -9.790052E+01
  7.500000E+01 -9.924789E+01
  7.500000E+01 -9.994012E+01

w:7/ x(   0.9750000E+02) y(   0.0000000E+00) ix(2) iy(2) s(   0.7000E+00)

hb:   line clip z  
clip:
  9.061190E+01 -1.000000E+02
  1.044228E+02 -1.000000E+02
  1.050000E+02 -9.994012E+01
  1.050000E+02 -9.885231E+01
  1.050000E+02 -9.790052E+01
  1.050000E+02 -9.681271E+01
  1.050000E+02 -9.586092E+01
  1.050000E+02 -9.477311E+01
  1.050000E+02 -9.382131E+01
  1.050000E+02 -9.273350E+01
  1.050000E+02 -9.178171E+01
  1.050000E+02 -9.069390E+01
  1.050000E+02 -8.974211E+01
  1.050000E+02 -8.865429E+01
  1.050000E+02 -8.770250E+01
  1.050000E+02 -8.661469E+01
  1.050000E+02 -8.566290E+01
  1.050000E+02 -8.457509E+01
  1.050000E+02 -8.362329E+01
  1.050000E+02 -8.253548E+01
  1.050000E+02 -8.158369E+01
  1.050000E+02 -8.049588E+01
  1.050000E+02 -7.954409E+01
  1.050000E+02 -7.845628E+01
  1.050000E+02 -7.750448E+01
  1.050000E+02 -7.641667E+01
  1.050000E+02 -7.546488E+01
  1.050000E+02 -7.437707E+01
  1.050000E+02 -7.342527E+01
  1.050000E+02 -7.233746E+01
  1.050000E+02 -7.138567E+01
  1.050000E+02 -7.029786E+01
  1.050000E+02 -6.934607E+01
  1.050000E+02 -6.825826E+01
  1.050000E+02 -6.730646E+01
  1.050000E+02 -6.621865E+01
  1.050000E+02 -6.526686E+01
  1.050000E+02 -6.417905E+01
  1.050000E+02 -6.322725E+01
  1.050000E+02 -6.213944E+01
  1.050000E+02 -6.118765E+01
  1.050000E+02 -6.009984E+01
  1.050000E+02 -5.914805E+01
  1.050000E+02 -5.806024E+01
  1.050000E+02 -5.710844E+01
  1.050000E+02 -5.602063E+01
  1.050000E+02 -5.506884E+01
  1.050000E+02 -5.398103E+01
  1.050000E+02 -5.302923E+01
  1.050000E+02 -5.194142E+01
  1.050000E+02 -5.098963E+01
  1.050000E+02 -4.990182E+01
  1.050000E+02 -4.895003E+01
  1.050000E+02 -4.786222E+01
  1.050000E+02 -4.691042E+01
  1.050000E+02 -4.582261E+01
  1.050000E+02 -4.487082E+01
  1.050000E+02 -4.378301E+01
  1.050000E+02 -4.283121E+01
  1.050000E+02 -4.174340E+01
  1.050000E+02 -4.079161E+01
  1.050000E+02 -3.970380E+01
  1.050000E+02 -3.875201E+01
  1.050000E+02 -3.766420E+01
  1.050000E+02 -3.671240E+01
  1.050000E+02 -3.562459E+01
  1.050000E+02 -3.467280E+01
  1.050000E+02 -3.358499E+01
  1.050000E+02 -3.263319E+01
  1.050000E+02 -3.154538E+01
  1.050000E+02 -3.059359E+01
  1.050000E+02 -2.950578E+01
  1.050000E+02 -2.855399E+01
  1.050000E+02 -2.746618E+01
  1.050000E+02 -2.651438E+01
  1.050000E+02 -2.542657E+01
  1.050000E+02 -2.447478E+01
  1.050000E+02 -2.338697E+01
  1.050000E+02 -2.243517E+01
  1.050000E+02 -2.134736E+01
  1.050000E+02 -2.039557E+01
  1.050000E+02 -1.930776E+01
  1.050000E+02 -1.835597E+01
  1.050000E+02 -1.726816E+01
  1.050000E+02 -1.631636E+01
  1.050000E+02 -1.522855E+01
  1.050000E+02 -1.427676E+01
  1.050000E+02 -1.318895E+01
  1.050000E+02 -1.223715E+01
  1.050000E+02 -1.114934E+01
  1.050000E+02 -1.019755E+01
  1.050000E+02 -9.109740E+00
  1.050000E+02 -8.157947E+00
  1.050000E+02 -7.070136E+00
  1.050000E+02 -6.118343E+00
  1.050000E+02 -5.030533E+00
  1.050000E+02 -4.078739E+00
  1.050000E+02 -2.990929E+00
  1.050000E+02 -2.039135E+00
  1.050000E+02 -9.513246E-01
  1.050000E+02  4.691358E-04
  1.050000E+02  1.088279E+00
  1.050000E+02  2.040073E+00
  1.050000E+02  3.127883E+00
  1.050000E+02  4.079677E+00
  1.050000E+02  5.167487E+00
  1.050000E+02  6.119281E+00
  1.050000E+02  7.207091E+00
  1.050000E+02  8.158885E+00
  1.050000E+02  9.246695E+00
  1.050000E+02  1.019849E+01
  1.050000E+02  1.128630E+01
  1.050000E+02  1.223809E+01
  1.050000E+02  1.332590E+01
  1.050000E+02  1.427770E+01
  1.050000E+02  1.536551E+01
  1.050000E+02  1.631730E+01
  1.050000E+02  1.740511E+01
  1.050000E+02  1.835690E+01
  1.050000E+02  1.944472E+01
  1.050000E+02  2.039651E+01
  1.050000E+02  2.148432E+01
  1.050000E+02  2.243611E+01
  1.050000E+02  2.352392E+01
  1.050000E+02  2.447572E+01
  1.050000E+02  2.556353E+01
  1.050000E+02  2.651532E+01
  1.050000E+02  2.760313E+01
  1.050000E+02  2.855492E+01
  1.050000E+02  2.964273E+01
  1.050000E+02  3.059453E+01
  1.050000E+02  3.168234E+01
  1.050000E+02  3.263413E+01
  1.050000E+02  3.372194E+01
  1.050000E+02  3.467374E+01
  1.050000E+02  3.576155E+01
  1.050000E+02  3.671334E+01
  1.050000E+02  3.780115E+01
  1.050000E+02  3.875294E+01
  1.050000E+02  3.984075E+01
  1.050000E+02  4.079255E+01
  1.050000E+02  4.188036E+01
  1.050000E+02  4.283215E+01
  1.050000E+02  4.391996E+01
  1.050000E+02  4.487176E+01
  1.050000E+02  4.595957E+01
  1.050000E+02  4.691136E+01
  1.050000E+02  4.799917E+01
  1.050000E+02  4.895096E+01
  1.050000E+02  5.003877E+01
  1.050000E+02  5.099057E+01
  1.050000E+02  5.207838E+01
  1.050000E+02  5.303017E+01
  1.050000E+02  5.411798E+01
  1.050000E+02  5.506978E+01
  1.050000E+02  5.615759E+01
  1.050000E+02  5.710938E+01
  1.050000E+02  5.819719E+01
  1.050000E+02  5.914898E+01
  1.050000E+02  6.023679E+01
  1.050000E+02  6.118859E+01
  1.050000E+02  6.227640E+01
  1.050000E+02  6.322819E+01
  1.050000E+02  6.431600E+01
  1.050000E+02  6.526780E+01
  1.050000E+02  6.635561E+01
  1.050000E+02  6.730740E+01
  1.050000E+02  6.839521E+01
  1.050000E+02  6.934700E+01
  1.050000E+02  7.043481E+01
  1.050000E+02  7.138661E+01
  1.050000E+02  7.247442E+01
  1.050000E+02  7.342621E+01
  1.050000E+02  7.451402E+01
  1.050000E+02  7.546582E+01
  1.050000E+02  7.655363E+01
  1.050000E+02  7.750542E+01
  1.050000E+02  7.859323E+01
  1.050000E+02  7.954502E+01
  1.050000E+02  8.063283E+01
  1.050000E+02  8.158463E+01
  1.050000E+02  8.267244E+01
  1.050000E+02  8.362423E+01
  1.050000E+02  8.471204E+01
  1.050000E+02  8.566384E+01
  1.050000E+02  8.675165E+01
  1.050000E+02  8.770344E+01
  1.050000E+02  8.879125E+01
  1.050000E+02  8.974304E+01
  1.050000E+02  9.083085E+01
  1.050000E+02  9.178265E+01
  1.050000E+02  9.287046E+01
  1.050000E+02  9.382225E+01
  1.050000E+02  9.491006E+01
  1.050000E+02  9.586186E+01
  1.050000E+02  9.694967E+01
  1.050000E+02  9.790146E+01
  1.050000E+02  9.898927E+01
  1.050000E+02  9.994106E+01
  1.044223E+02  1.000000E+02
  1.043892E+02  1.000000E+02
  1.043561E+02  1.000000E+02
  1.032439E+02  1.000000E+02
  1.032108E+02  1.000000E+02
  1.020986E+02  1.000000E+02
  1.020655E+02  1.000000E+02
  1.009533E+02  1.000000E+02
  1.009202E+02  1.000000E+02
  9.980795E+01  1.000000E+02
  9.977485E+01  1.000000E+02
  9.866265E+01  1.000000E+02
  9.862955E+01  1.000000E+02
  9.751734E+01  1.000000E+02
  9.748425E+01  1.000000E+02
  9.637204E+01  1.000000E+02
  9.633895E+01  1.000000E+02
  9.522674E+01  1.000000E+02
  9.519364E+01  1.000000E+02
  9.408143E+01  1.000000E+02
  9.404834E+01  1.000000E+02
  9.293613E+01  1.000000E+02
  9.290304E+01  1.000000E+02
  9.179083E+01  1.000000E+02
  9.175773E+01  1.000000E+02
  9.064553E+01  1.000000E+02
  9.061243E+01  1.000000E+02
  9.000000E+01  9.994106E+01
  9.000000E+01  9.879148E+01
  9.000000E+01  9.790146E+01
  9.000000E+01  9.675188E+01
  9.000000E+01  9.586186E+01
  9.000000E+01  9.471227E+01
  9.000000E+01  9.382225E+01
  9.000000E+01  9.267267E+01
  9.000000E+01  9.178265E+01
  9.000000E+01  9.063307E+01
  9.000000E+01  8.974304E+01
  9.000000E+01  8.859346E+01
  9.000000E+01  8.770344E+01
  9.000000E+01  8.655386E+01
  9.000000E+01  8.566384E+01
  9.000000E+01  8.451425E+01
  9.000000E+01  8.362423E+01
  9.000000E+01  8.247465E+01
  9.000000E+01  8.158463E+01
  9.000000E+01  8.043505E+01
  9.000000E+01  7.954502E+01
  9.000000E+01  7.839544E+01
  9.000000E+01  7.750542E+01
  9.000000E+01  7.635584E+01
  9.000000E+01  7.546582E+01
  9.000000E+01  7.431624E+01
  9.000000E+01  7.342621E+01
  9.000000E+01  7.227663E+01
  9.000000E+01  7.138661E+01
  9.000000E+01  7.023703E+01
  9.000000E+01  6.934700E+01
  9.000000E+01  6.819742E+01
  9.000000E+01  6.730740E+01
  9.000000E+01  6.615782E+01
  9.000000E+01  6.526780E+01
  9.000000E+01  6.411822E+01
  9.000000E+01  6.322819E+01
  9.000000E+01  6.207861E+01
  9.000000E+01  6.118859E+01
  9.000000E+01  6.003901E+01
  9.000000E+01  5.914898E+01
  9.000000E+01  5.799940E+01
  9.000000E+01  5.710938E+01
  9.000000E+01  5.595980E+01
  9.000000E+01  5.506978E+01
  9.000000E+01  5.392020E+01
  9.000000E+01  5.303017E+01
  9.000000E+01  5.188059E+01
  9.000000E+01  5.099057E+01
  9.000000E+01  4.984099E+01
  9.000000E+01  4.895096E+01
  9.000000E+01  4.780138E+01
  9.000000E+01  4.691136E+01
  9.000000E+01  4.576178E+01
  9.000000E+01  4.487176E+01
  9.000000E+01  4.372218E+01
  9.000000E+01  4.283215E+01
  9.000000E+01  4.168257E+01
  9.000000E+01  4.079255E+01
  9.000000E+01  3.964297E+01
  9.000000E+01  3.875294E+01
  9.000000E+01  3.760336E+01
  9.000000E+01  3.671334E+01
  9.000000E+01  3.556376E+01
  9.000000E+01  3.467374E+01
  9.000000E+01  3.352416E+01
  9.000000E+01  3.263413E+01
  9.000000E+01  3.148455E+01
  9.000000E+01  3.059453E+01
  9.000000E+01  2.944495E+01
  9.000000E+01  2.855492E+01
  9.000000E+01  2.740534E+01
  9.000000E+01  2.651532E+01
  9.000000E+01  2.536574E+01
  9.000000E+01  2.447572E+01
  9.000000E+01  2.332614E+01
  9.000000E+01  2.243611E+01
  9.000000E+01  2.128653E+01
  9.000000E+01  2.039651E+01
  9.000000E+01  1.924693E+01
  9.000000E+01  1.835690E+01
  9.000000E+01  1.720732E+01
  9.000000E+01  1.631730E+01
  9.000000E+01  1.516772E+01
  9.000000E+01  1.427770E+01
  9.000000E+01  1.312812E+01
  9.000000E+01  1.223809E+01
  9.000000E+01  1.108851E+01
  9.000000E+01  1.019849E+01
  9.000000E+01  9.048908E+00
  9.000000E+01  8.158885E+00
  9.000000E+01  7.009304E+00
  9.000000E+01  6.119281E+00
  9.000000E+01  4.969700E+00
  9.000000E+01  4.079677E+00
  9.000000E+01  2.930096E+00
  9.000000E+01  2.040073E+00
  9.000000E+01  8.904925E-01
  9.000000E+01  4.691358E-04
  9.000000E+01 -1.149111E+00
  9.000000E+01 -2.039135E+00
  9.000000E+01 -3.188715E+00
  9.000000E+01 -4.078739E+00
  9.000000E+01 -5.228319E+00
  9.000000E+01 -6.118343E+00
  9.000000E+01 -7.267923E+00
  9.000000E+01 -8.157947E+00
  9.000000E+01 -9.307527E+00
  9.000000E+01 -1.019755E+01
  9.000000E+01 -1.134713E+01
  9.000000E+01 -1.223715E+01
  9.000000E+01 -1.338674E+01
  9.000000E+01 -1.427676E+01
  9.000000E+01 -1.542634E+01
  9.000000E+01 -1.631636E+01
  9.000000E+01 -1.746594E+01
  9.000000E+01 -1.835597E+01
  9.000000E+01 -1.950555E+01
  9.000000E+01 -2.039557E+01
  9.000000E+01 -2.154515E+01
  9.000000E+01 -2.243517E+01
  9.000000E+01 -2.358476E+01
  9.000000E+01 -2.447478E+01
  9.000000E+01 -2.562436E+01
  9.000000E+01 -2.651438E+01
  9.000000E+01 -2.766396E+01
  9.000000E+01 -2.855399E+01
  9.000000E+01 -2.970357E+01
  9.000000E+01 -3.059359E+01
  9.000000E+01 -3.174317E+01
  9.000000E+01 -3.263319E+01
  9.000000E+01 -3.378277E+01
  9.000000E+01 -3.467280E+01
  9.000000E+01 -3.582238E+01
  9.000000E+01 -3.671240E+01
  9.000000E+01 -3.786198E+01
  9.000000E+01 -3.875201E+01
  9.000000E+01 -3.990159E+01
  9.000000E+01 -4.079161E+01
  9.000000E+01 -4.194119E+01
  9.000000E+01 -4.283121E+01
  9.000000E+01 -4.398079E+01
  9.000000E+01 -4.487082E+01
  9.000000E+01 -4.602040E+01
  9.000000E+01 -4.691042E+01
  9.000000E+01 -4.806000E+01
  9.000000E+01 -4.895003E+01
  9.000000E+01 -5.009961E+01
  9.000000E+01 -5.098963E+01
  9.000000E+01 -5.213921E+01
  9.000000E+01 -5.302923E+01
  9.000000E+01 -5.417881E+01
  9.000000E+01 -5.506884E+01
  9.000000E+01 -5.621842E+01
  9.000000E+01 -5.710844E+01
  9.000000E+01 -5.825802E+01
  9.000000E+01 -5.914805E+01
  9.000000E+01 -6.029763E+01
  9.000000E+01 -6.118765E+01
  9.000000E+01 -6.233723E+01
  9.000000E+01 -6.322725E+01
  9.000000E+01 -6.437683E+01
  9.000000E+01 -6.526686E+01
  9.000000E+01 -6.641644E+01
  9.000000E+01 -6.730646E+01
  9.000000E+01 -6.845604E+01
  9.000000E+01 -6.934607E+01
  9.000000E+01 -7.049565E+01
  9.000000E+01 -7.138567E+01
  9.000000E+01 -7.253525E+01
  9.000000E+01 -7.342527E+01
  9.000000E+01 -7.457485E+01
  9.000000E+01 -7.546488E+01
  9.000000E+01 -7.661446E+01
  9.000000E+01 -7.750448E+01
  9.000000E+01 -7.865406E+01
  9.000000E+01 -7.954409E+01
  9.000000E+01 -8.069367E+01
  9.000000E+01 -8.158369E+01
  9.000000E+01 -8.273327E+01
  9.000000E+01 -8.362329E+01
  9.000000E+01 -8.477287E+01
  9.000000E+01 -8.566290E+01
  9.000000E+01 -8.681248E+01
  9.000000E+01 -8.770250E+01
  9.000000E+01 -8.885208E+01
  9.000000E+01 -8.974211E+01
  9.000000E+01 -9.089169E+01
  9.000000E+01 -9.178171E+01
  9.000000E+01 -9.293129E+01
  9.000000E+01 -9.382131E+01
  9.000000E+01 -9.497089E+01
  9.000000E+01 -9.586092E+01
  9.000000E+01 -9.701050E+01
  9.000000E+01 -9.790052E+01
  9.000000E+01 -9.905010E+01
  9.000000E+01 -9.994012E+01

w:8/ x(   0.1125000E+03) y(   0.0000000E+00) ix(2) iy(2) s(   0.7000E+00)

hb:   line clip z  
clip:
  1.055008E+02 -1.000000E+02
  1.193117E+02 -1.000000E+02
  1.200000E+02 -9.994012E+01
  1.200000E+02 -9.865453E+01
  1.200000E+02 -9.790052E+01
  1.200000E+02 -9.661492E+01
  1.200000E+02 -9.586092E+01
  1.200000E+02 -9.457532E+01
  1.200000E+02 -9.382131E+01
  1.200000E+02 -9.253572E+01
  1.200000E+02 -9.178171E+01
  1.200000E+02 -9.049611E+01
  1.200000E+02 -8.974211E+01
  1.200000E+02 -8.845651E+01
  1.200000E+02 -8.770250E+01
  1.200000E+02 -8.641690E+01
  1.200000E+02 -8.566290E+01
  1.200000E+02 -8.437730E+01
  1.200000E+02 -8.362329E+01
  1.200000E+02 -8.233770E+01
  1.200000E+02 -8.158369E+01
  1.200000E+02 -8.029809E+01
  1.200000E+02 -7.954409E+01
  1.200000E+02 -7.825849E+01
  1.200000E+02 -7.750448E+01
  1.200000E+02 -7.621888E+01
  1.200000E+02 -7.546488E+01
  1.200000E+02 -7.417928E+01
  1.200000E+02 -7.342527E+01
  1.200000E+02 -7.213968E+01
  1.200000E+02 -7.138567E+01
  1.200000E+02 -7.010007E+01
  1.200000E+02 -6.934607E+01
  1.200000E+02 -6.806047E+01
  1.200000E+02 -6.730646E+01
  1.200000E+02 -6.602086E+01
  1.200000E+02 -6.526686E+01
  1.200000E+02 -6.398126E+01
  1.200000E+02 -6.322725E+01
  1.200000E+02 -6.194166E+01
  1.200000E+02 -6.118765E+01
  1.200000E+02 -5.990205E+01
  1.200000E+02 -5.914805E+01
  1.200000E+02 -5.786245E+01
  1.200000E+02 -5.710844E+01
  1.200000E+02 -5.582284E+01
  1.200000E+02 -5.506884E+01
  1.200000E+02 -5.378324E+01
  1.200000E+02 -5.302923E+01
  1.200000E+02 -5.174364E+01
  1.200000E+02 -5.098963E+01
  1.200000E+02 -4.970403E+01
  1.200000E+02 -4.895003E+01
  1.200000E+02 -4.766443E+01
  1.200000E+02 -4.691042E+01
  1.200000E+02 -4.562482E+01
  1.200000E+02 -4.487082E+01
  1.200000E+02 -4.358522E+01
  1.200000E+02 -4.283121E+01
  1.200000E+02 -4.154562E+01
  1.200000E+02 -4.079161E+01
  1.200000E+02 -3.950601E+01
  1.200000E+02 -3.875201E+01
  1.200000E+02 -3.746641E+01
  1.200000E+02 -3.671240E+01
  1.200000E+02 -3.542681E+01
  1.200000E+02 -3.467280E+01
  1.200000E+02 -3.338720E+01
  1.200000E+02 -3.263319E+01
  1.200000E+02 -3.134760E+01
  1.200000E+02 -3.059359E+01
  1.200000E+02 -2.930799E+01
  1.200000E+02 -2.855399E+01
  1.200000E+02 -2.726839E+01
  1.200000E+02 -2.651438E+01
  1.200000E+02 -2.522879E+01
  1.200000E+02 -2.447478E+01
  1.200000E+02 -2.318918E+01
  1.200000E+02 -2.243517E+01
  1.200000E+02 -2.114958E+01
  1.200000E+02 -2.039557E+01
  1.200000E+02 -1.910997E+01
  1.200000E+02 -1.835597E+01
  1.200000E+02 -1.707037E+01
  1.200000E+02 -1.631636E+01
  1.200000E+02 -1.503077E+01
  1.200000E+02 -1.427676E+01
  1.200000E+02 -1.299116E+01
  1.200000E+02 -1.223715E+01
  1.200000E+02 -1.095156E+01
  1.200000E+02 -1.019755E+01
  1.200000E+02 -8.911954E+00
  1.200000E+02 -8.157947E+00
  1.200000E+02 -6.872350E+00
  1.200000E+02 -6.118343E+00
  1.200000E+02 -4.832746E+00
  1.200000E+02 -4.078739E+00
  1.200000E+02 -2.793142E+00
  1.200000E+02 -2.039135E+00
  1.200000E+02 -7.535377E-01
  1.200000E+02  4.691358E-04
  1.200000E+02  1.286066E+00
  1.200000E+02  2.040073E+00
  1.200000E+02  3.325670E+00
  1.200000E+02  4.079677E+00
  1.200000E+02  5.365274E+00
  1.200000E+02  6.119281E+00
  1.200000E+02  7.404878E+00
  1.200000E+02  8.158885E+00
  1.200000E+02  9.444482E+00
  1.200000E+02  1.019849E+01
  1.200000E+02  1.148409E+01
  1.200000E+02  1.223809E+01
  1.200000E+02  1.352369E+01
  1.200000E+02  1.427770E+01
  1.200000E+02  1.556329E+01
  1.200000E+02  1.631730E+01
  1.200000E+02  1.760290E+01
  1.200000E+02  1.835690E+01
  1.200000E+02  1.964250E+01
  1.200000E+02  2.039651E+01
  1.200000E+02  2.168211E+01
  1.200000E+02  2.243611E+01
  1.200000E+02  2.372171E+01
  1.200000E+02  2.447572E+01
  1.200000E+02  2.576131E+01
  1.200000E+02  2.651532E+01
  1.200000E+02  2.780092E+01
  1.200000E+02  2.855492E+01
  1.200000E+02  2.984052E+01
  1.200000E+02  3.059453E+01
  1.200000E+02  3.188013E+01
  1.200000E+02  3.263413E+01
  1.200000E+02  3.391973E+01
  1.200000E+02  3.467374E+01
  1.200000E+02  3.595933E+01
  1.200000E+02  3.671334E+01
  1.200000E+02  3.799894E+01
  1.200000E+02  3.875294E+01
  1.200000E+02  4.003854E+01
  1.200000E+02  4.079255E+01
  1.200000E+02  4.207815E+01
  1.200000E+02  4.283215E+01
  1.200000E+02  4.411775E+01
  1.200000E+02  4.487176E+01
  1.200000E+02  4.615735E+01
  1.200000E+02  4.691136E+01
  1.200000E+02  4.819696E+01
  1.200000E+02  4.895096E+01
  1.200000E+02  5.023656E+01
  1.200000E+02  5.099057E+01
  1.200000E+02  5.227617E+01
  1.200000E+02  5.303017E+01
  1.200000E+02  5.431577E+01
  1.200000E+02  5.506978E+01
  1.200000E+02  5.635537E+01
  1.200000E+02  5.710938E+01
  1.200000E+02  5.839498E+01
  1.200000E+02  5.914898E+01
  1.200000E+02  6.043458E+01
  1.200000E+02  6.118859E+01
  1.200000E+02  6.247419E+01
  1.200000E+02  6.322819E+01
  1.200000E+02  6.451379E+01
  1.200000E+02  6.526780E+01
  1.200000E+02  6.655339E+01
  1.200000E+02  6.730740E+01
  1.200000E+02  6.859300E+01
  1.200000E+02  6.934700E+01
  1.200000E+02  7.063260E+01
  1.200000E+02  7.138661E+01
  1.200000E+02  7.267220E+01
  1.200000E+02  7.342621E+01
  1.200000E+02  7.471181E+01
  1.200000E+02  7.546582E+01
  1.200000E+02  7.675141E+01
  1.200000E+02  7.750542E+01
  1.200000E+02  7.879102E+01
  1.200000E+02  7.954502E+01
  1.200000E+02  8.083062E+01
  1.200000E+02  8.158463E+01
  1.200000E+02  8.287022E+01
  1.200000E+02  8.362423E+01
  1.200000E+02  8.490983E+01
  1.200000E+02  8.566384E+01
  1.200000E+02  8.694943E+01
  1.200000E+02  8.770344E+01
  1.200000E+02  8.898904E+01
  1.200000E+02  8.974304E+01
  1.200000E+02  9.102864E+01
  1.200000E+02  9.178265E+01
  1.200000E+02  9.306824E+01
  1.200000E+02  9.382225E+01
  1.200000E+02  9.510785E+01
  1.200000E+02  9.586186E+01
  1.200000E+02  9.714745E+01
  1.200000E+02  9.790146E+01
  1.200000E+02  9.918706E+01
  1.200000E+02  9.994106E+01
  1.193112E+02  1.000000E+02
  1.192781E+02  1.000000E+02
  1.192450E+02  1.000000E+02
  1.181328E+02  1.000000E+02
  1.180997E+02  1.000000E+02
  1.169875E+02  1.000000E+02
  1.169544E+02  1.000000E+02
  1.158422E+02  1.000000E+02
  1.158091E+02  1.000000E+02
  1.146969E+02  1.000000E+02
  1.146638E+02  1.000000E+02
  1.135516E+02  1.000000E+02
  1.135185E+02  1.000000E+02
  1.124063E+02  1.000000E+02
  1.123732E+02  1.000000E+02
  1.112610E+02  1.000000E+02
  1.112279E+02  1.000000E+02
  1.101157E+02  1.000000E+02
  1.100826E+02  1.000000E+02
  1.089704E+02  1.000000E+02
  1.089373E+02  1.000000E+02
  1.078251E+02  1.000000E+02
  1.077920E+02  1.000000E+02
  1.066798E+02  1.000000E+02
  1.066467E+02  1.000000E+02
  1.055345E+02  1.000000E+02
  1.055014E+02  1.000000E+02
  1.050000E+02  9.994106E+01
  1.050000E+02  9.898927E+01
  1.050000E+02  9.790146E+01
  1.050000E+02  9.694967E+01
  1.050000E+02  9.586186E+01
  1.050000E+02  9.491006E+01
  1.050000E+02  9.382225E+01
  1.050000E+02  9.287046E+01
  1.050000E+02  9.178265E+01
  1.050000E+02  9.083085E+01
  1.050000E+02  8.974304E+01
  1.050000E+02  8.879125E+01
  1.050000E+02  8.770344E+01
  1.050000E+02  8.675165E+01
  1.050000E+02  8.566384E+01
  1.050000E+02  8.471204E+01
  1.050000E+02  8.362423E+01
  1.050000E+02  8.267244E+01
  1.050000E+02  8.158463E+01
  1.050000E+02  8.063283E+01
  1.050000E+02  7.954502E+01
  1.050000E+02  7.859323E+01
  1.050000E+02  7.750542E+01
  1.050000E+02  7.655363E+01
  1.050000E+02  7.546582E+01
  1.050000E+02  7.451402E+01
  1.050000E+02  7.342621E+01
  1.050000E+02  7.247442E+01
  1.050000E+02  7.138661E+01
  1.050000E+02  7.043481E+01
  1.050000E+02  6.934700E+01
  1.050000E+02  6.839521E+01
  1.050000E+02  6.730740E+01
  1.050000E+02  6.635561E+01
  1.050000E+02  6.526780E+01
  1.050000E+02  6.431600E+01
  1.050000E+02  6.322819E+01
  1.050000E+02  6.227640E+01
  1.050000E+02  6.118859E+01
  1.050000E+02  6.023679E+01
  1.050000E+02  5.914898E+01
  1.050000E+02  5.819719E+01
  1.050000E+02  5.710938E+01
  1.050000E+02  5.615759E+01
  1.050000E+02  5.506978E+01
  1.050000E+02  5.411798E+01
  1.050000E+02  5.303017E+01
  1.050000E+02  5.207838E+01
  1.050000E+02  5.099057E+01
  1.050000E+02  5.003877E+01
  1.050000E+02  4.895096E+01
  1.050000E+02  4.799917E+01
  1.050000E+02  4.691136E+01
  1.050000E+02  4.595957E+01
  1.050000E+02  4.487176E+01
  1.050000E+02  4.391996E+01
  1.050000E+02  4.283215E+01
  1.050000E+02  4.188036E+01
  1.050000E+02  4.079255E+01
  1.050000E+02  3.984075E+01
  1.050000E+02  3.875294E+01
  1.050000E+02  3.780115E+01
  1.050000E+02  3.671334E+01
  1.050000E+02  3.576155E+01
  1.050000E+02  3.467374E+01
  1.050000E+02  3.372194E+01
  1.050000E+02  3.263413E+01
  1.050000E+02  3.168234E+01
  1.050000E+02  3.059453E+01
  1.050000E+02  2.964273E+01
  1.050000E+02  2.855492E+01
  1.050000E+02  2.760313E+01
  1.050000E+02  2.651532E+01
  1.050000E+02  2.556353E+01
  1.050000E+02  2.447572E+01
  1.050000E+02  2.352392E+01
  1.050000E+02  2.243611E+01
  1.050000E+02  2.148432E+01
  1.050000E+02  2.039651E+01
  1.050000E+02  1.944472E+01
  1.050000E+02  1.835690E+01
  1.050000E+02  1.740511E+01
  1.050000E+02  1.631730E+01
  1.050000E+02  1.536551E+01
  1.050000E+02  1.427770E+01
  1.050000E+02  1.332590E+01
  1.050000E+02  1.223809E+01
  1.050000E+02  1.128630E+01
  1.050000E+02  1.019849E+01
  1.050000E+02  9.246695E+00
  1.050000E+02  8.158885E+00
  1.050000E+02  7.207091E+00
  1.050000E+02  6.119281E+00
  1.050000E+02  5.167487E+00
  1.050000E+02  4.079677E+00
  1.050000E+02  3.127883E+00
  1.050000E+02  2.040073E+00
  1.050000E+02  1.088279E+00
  1.050000E+02  4.691358E-04
  1.050000E+02 -9.513246E-01
  1.050000E+02 -2.039135E+00
  1.050000E+02 -2.990929E+00
  1.050000E+02 -4.078739E+00
  1.050000E+02 -5.030533E+00
  1.050000E+02 -6.118343E+00
  1.050000E+02 -7.070136E+00
  1.050000E+02 -8.157947E+00
  1.050000E+02 -9.109740E+00
  1.050000E+02 -1.019755E+01
  1.050000E+02 -1.114934E+01
  1.050000E+02 -1.223715E+01
  1.050000E+02 -1.318895E+01
  1.050000E+02 -1.427676E+01
  1.050000E+02 -1.522855E+01
  1.050000E+02 -1.631636E+01
  1.050000E+02 -1.726816E+01
  1.050000E+02 -1.835597E+01
  1.050000E+02 -1.930776E+01
  1.050000E+02 -2.039557E+01
  1.050000E+02 -2.134736E+01
  1.050000E+02 -2.243517E+01
  1.050000E+02 -2.338697E+01
  1.050000E+02 -2.447478E+01
  1.050000E+02 -2.542657E+01
  1.050000E+02 -2.651438E+01
  1.050000E+02 -2.746618E+01
  1.050000E+02 -2.855399E+01
  1.050000E+02 -2.950578E+01
  1.050000E+02 -3.059359E+01
  1.050000E+02 -3.154538E+01
  1.050000E+02 -3.263319E+01
  1.050000E+02 -3.358499E+01
  1.050000E+02 -3.467280E+01
  1.050000E+02 -3.562459E+01
  1.050000E+02 -3.671240E+01
  1.050000E+02 -3.766420E+01
  1.050000E+02 -3.875201E+01
  1.050000E+02 -3.970380E+01
  1.050000E+02 -4.079161E+01
  1.050000E+02 -4.174340E+01
  1.050000E+02 -4.283121E+01
  1.050000E+02 -4.378301E+01
  1.050000E+02 -4.487082E+01
  1.050000E+02 -4.582261E+01
  1.050000E+02 -4.691042E+01
  1.050000E+02 -4.786222E+01
  1.050000E+02 -4.895003E+01
  1.050000E+02 -4.990182E+01
  1.050000E+02 -5.098963E+01
  1.050000E+02 -5.194142E+01
  1.050000E+02 -5.302923E+01
  1.050000E+02 -5.398103E+01
  1.050000E+02 -5.506884E+01
  1.050000E+02 -5.602063E+01
  1.050000E+02 -5.710844E+01
  1.050000E+02 -5.806024E+01
  1.050000E+02 -5.914805E+01
  1.050000E+02 -6.009984E+01
  1.050000E+02 -6.118765E+01
  1.050000E+02 -6.213944E+01
  1.050000E+02 -6.322725E+01
  1.050000E+02 -6.417905E+01
  1.050000E+02 -6.526686E+01
  1.050000E+02 -6.621865E+01
  1.050000E+02 -6.730646E+01
  1.050000E+02 -6.825826E+01
  1.050000E+02 -6.934607E+01
  1.050000E+02 -7.029786E+01
  1.050000E+02 -7.138567E+01
  1.050000E+02 -7.233746E+01
  1.050000E+02 -7.342527E+01
  1.050000E+02 -7.437707E+01
  1.050000E+02 -7.546488E+01
  1.050000E+02 -7.641667E+01
  1.050000E+02 -7.750448E+01
  1.050000E+02 -7.845628E+01
  1.050000E+02 -7.954409E+01
  1.050000E+02 -8.049588E+01
  1.050000E+02 -8.158369E+01
  1.050000E+02 -8.253548E+01
  1.050000E+02 -8.362329E+01
  1.050000E+02 -8.457509E+01
  1.050000E+02 -8.566290E+01
  1.050000E+02 -8.661469E+01
  1.050000E+02 -8.770250E+01
  1.050000E+02 -8.865429E+01
  1.050000E+02 -8.974211E+01
  1.050000E+02 -9.069390E+01
  1.050000E+02 -9.178171E+01
  1.050000E+02 -9.273350E+01
  1.050000E+02 -9.382131E+01
  1.050000E+02 -9.477311E+01
  1.050000E+02 -9.586092E+01
  1.050000E+02 -9.681271E+01
  1.050000E+02 -9.790052E+01
  1.050000E+02 -9.885231E+01
  1.050000E+02 -9.994012E+01

w:9/ x(   0.1275000E+03) y(   0.0000000E+00) ix(2) iy(2) s(   0.7000E+00)

hb:   line clip z  
clip:
  1.203898E+02 -1.000000E+02
  1.342007E+02 -1.000000E+02
  1.350000E+02 -9.994012E+01
  1.350000E+02 -9.845674E+01
  1.350000E+02 -9.790052E+01
  1.350000E+02 -9.641714E+01
  1.350000E+02 -9.586092E+01
  1.350000E+02 -9.437753E+01
  1.350000E+02 -9.382131E+01
  1.350000E+02 -9.233793E+01
  1.350000E+02 -9.178171E+01
  1.350000E+02 -9.029833E+01
  1.350000E+02 -8.974211E+01
  1.350000E+02 -8.825872E+01
  1.350000E+02 -8.770250E+01
  1.350000E+02 -8.621912E+01
  1.350000E+02 -8.566290E+01
  1.350000E+02 -8.417951E+01
  1.350000E+02 -8.362329E+01
  1.350000E+02 -8.213991E+01
  1.350000E+02 -8.158369E+01
  1.350000E+02 -8.010031E+01
  1.350000E+02 -7.954409E+01
  1.350000E+02 -7.806070E+01
  1.350000E+02 -7.750448E+01
  1.350000E+02 -7.602110E+01
  1.350000E+02 -7.546488E+01
  1.350000E+02 -7.398149E+01
  1.350000E+02 -7.342527E+01
  1.350000E+02 -7.194189E+01
  1.350000E+02 -7.138567E+01
  1.350000E+02 -6.990229E+01
  1.350000E+02 -6.934607E+01
  1.350000E+02 -6.786268E+01
  1.350000E+02 -6.730646E+01
  1.350000E+02 -6.582308E+01
  1.350000E+02 -6.526686E+01
  1.350000E+02 -6.378347E+01
  1.350000E+02 -6.322725E+01
  1.350000E+02 -6.174387E+01
  1.350000E+02 -6.118765E+01
  1.350000E+02 -5.970427E+01
  1.350000E+02 -5.914805E+01
  1.350000E+02 -5.766466E+01
  1.350000E+02 -5.710844E+01
  1.350000E+02 -5.562506E+01
  1.350000E+02 -5.506884E+01
  1.350000E+02 -5.358545E+01
  1.350000E+02 -5.302923E+01
  1.350000E+02 -5.154585E+01
  1.350000E+02 -5.098963E+01
  1.350000E+02 -4.950625E+01
  1.350000E+02 -4.895003E+01
  1.350000E+02 -4.746664E+01
  1.350000E+02 -4.691042E+01
  1.350000E+02 -4.542704E+01
  1.350000E+02 -4.487082E+01
  1.350000E+02 -4.338743E+01
  1.350000E+02 -4.283121E+01
  1.350000E+02 -4.134783E+01
  1.350000E+02 -4.079161E+01
  1.350000E+02 -3.930823E+01
  1.350000E+02 -3.875201E+01
  1.350000E+02 -3.726862E+01
  1.350000E+02 -3.671240E+01
  1.350000E+02 -3.522902E+01
  1.350000E+02 -3.467280E+01
  1.350000E+02 -3.318941E+01
  1.350000E+02 -3.263319E+01
  1.350000E+02 -3.114981E+01
  1.350000E+02 -3.059359E+01
  1.350000E+02 -2.911021E+01
  1.350000E+02 -2.855399E+01
  1.350000E+02 -2.707060E+01
  1.350000E+02 -2.651438E+01
  1.350000E+02 -2.503100E+01
  1.350000E+02 -2.447478E+01
  1.350000E+02 -2.299139E+01
  1.350000E+02 -2.243517E+01
  1.350000E+02 -2.095179E+01
  1.350000E+02 -2.039557E+01
  1.350000E+02 -1.891219E+01
  1.350000E+02 -1.835597E+01
  1.350000E+02 -1.687258E+01
  1.350000E+02 -1.631636E+01
  1.350000E+02 -1.483298E+01
  1.350000E+02 -1.427676E+01
  1.350000E+02 -1.279337E+01
  1.350000E+02 -1.223715E+01
  1.350000E+02 -1.075377E+01
  1.350000E+02 -1.019755E+01
  1.350000E+02 -8.714167E+00
  1.350000E+02 -8.157947E+00
  1.350000E+02 -6.674563E+00
  1.350000E+02 -6.118343E+00
  1.350000E+02 -4.634959E+00
  1.350000E+02 -4.078739E+00
  1.350000E+02 -2.595355E+00
  1.350000E+02 -2.039135E+00
  1.350000E+02 -5.557508E-01
  1.350000E+02  4.691358E-04
  1.350000E+02  1.483853E+00
  1.350000E+02  2.040073E+00
  1.350000E+02  3.523457E+00
  1.350000E+02  4.079677E+00
  1.350000E+02  5.563061E+00
  1.350000E+02  6.119281E+00
  1.350000E+02  7.602665E+00
  1.350000E+02  8.158885E+00
  1.350000E+02  9.642269E+00
  1.350000E+02  1.019849E+01
  1.350000E+02  1.168187E+01
  1.350000E+02  1.223809E+01
  1.350000E+02  1.372148E+01
  1.350000E+02  1.427770E+01
  1.350000E+02  1.576108E+01
  1.350000E+02  1.631730E+01
  1.350000E+02  1.780068E+01
  1.350000E+02  1.835690E+01
  1.350000E+02  1.984029E+01
  1.350000E+02  2.039651E+01
  1.350000E+02  2.187989E+01
  1.350000E+02  2.243611E+01
  1.350000E+02  2.391950E+01
  1.350000E+02  2.447572E+01
  1.350000E+02  2.595910E+01
  1.350000E+02  2.651532E+01
  1.350000E+02  2.799870E+01
  1.350000E+02  2.855492E+01
  1.350000E+02  3.003831E+01
  1.350000E+02  3.059453E+01
  1.350000E+02  3.207791E+01
  1.350000E+02  3.263413E+01
  1.350000E+02  3.411752E+01
  1.350000E+02  3.467374E+01
  1.350000E+02  3.615712E+01
  1.350000E+02  3.671334E+01
  1.350000E+02  3.819672E+01
  1.350000E+02  3.875294E+01
  1.350000E+02  4.023633E+01
  1.350000E+02  4.079255E+01
  1.350000E+02  4.227593E+01
  1.350000E+02  4.283215E+01
  1.350000E+02  4.431554E+01
  1.350000E+02  4.487176E+01
  1.350000E+02  4.635514E+01
  1.350000E+02  4.691136E+01
  1.350000E+02  4.839474E+01
  1.350000E+02  4.895096E+01
  1.350000E+02  5.043435E+01
  1.350000E+02  5.099057E+01
  1.350000E+02  5.247395E+01
  1.350000E+02  5.303017E+01
  1.350000E+02  5.451356E+01
  1.350000E+02  5.506978E+01
  1.350000E+02  5.655316E+01
  1.350000E+02  5.710938E+01
  1.350000E+02  5.859276E+01
  1.350000E+02  5.914898E+01
  1.350000E+02  6.063237E+01
  1.350000E+02  6.118859E+01
  1.350000E+02  6.267197E+01
  1.350000E+02  6.322819E+01
  1.350000E+02  6.471158E+01
  1.350000E+02  6.526780E+01
  1.350000E+02  6.675118E+01
  1.350000E+02  6.730740E+01
  1.350000E+02  6.879078E+01
  1.350000E+02  6.934700E+01
  1.350000E+02  7.083039E+01
  1.350000E+02  7.138661E+01
  1.350000E+02  7.286999E+01
  1.350000E+02  7.342621E+01
  1.350000E+02  7.490960E+01
  1.350000E+02  7.546582E+01
  1.350000E+02  7.694920E+01
  1.350000E+02  7.750542E+01
  1.350000E+02  7.898880E+01
  1.350000E+02  7.954502E+01
  1.350000E+02  8.102841E+01
  1.350000E+02  8.158463E+01
  1.350000E+02  8.306801E+01
  1.350000E+02  8.362423E+01
  1.350000E+02  8.510762E+01
  1.350000E+02  8.566384E+01
  1.350000E+02  8.714722E+01
  1.350000E+02  8.770344E+01
  1.350000E+02  8.918682E+01
  1.350000E+02  8.974304E+01
  1.350000E+02  9.122643E+01
  1.350000E+02  9.178265E+01
  1.350000E+02  9.326603E+01
  1.350000E+02  9.382225E+01
  1.350000E+02  9.530564E+01
  1.350000E+02  9.586186E+01
  1.350000E+02  9.734524E+01
  1.350000E+02  9.790146E+01
  1.350000E+02  9.938484E+01
  1.350000E+02  9.994106E+01
  1.342001E+02  1.000000E+02
  1.341670E+02  1.000000E+02
  1.341339E+02  1.000000E+02
  1.330217E+02  1.000000E+02
  1.329886E+02  1.000000E+02
  1.318764E+02  1.000000E+02
  1.318433E+02  1.000000E+02
  1.307311E+02  1.000000E+02
  1.306980E+02  1.000000E+02
  1.295858E+02  1.000000E+02
  1.295527E+02  1.000000E+02
  1.284405E+02  1.000000E+02
  1.284074E+02  1.000000E+02
  1.272952E+02  1.000000E+02
  1.272621E+02  1.000000E+02
  1.261499E+02  1.000000E+02
  1.261168E+02  1.000000E+02
  1.250046E+02  1.000000E+02
  1.249715E+02  1.000000E+02
  1.238593E+02  1.000000E+02
  1.238262E+02  1.000000E+02
  1.227140E+02  1.000000E+02
  1.226809E+02  1.000000E+02
  1.215687E+02  1.000000E+02
  1.215356E+02  1.000000E+02
  1.204234E+02  1.000000E+02
  1.203903E+02  1.000000E+02
  1.200000E+02  9.994106E+01
  1.200000E+02  9.918706E+01
  1.200000E+02  9.790146E+01
  1.200000E+02  9.714745E+01
  1.200000E+02  9.586186E+01
  1.200000E+02  9.510785E+01
  1.200000E+02  9.382225E+01
  1.200000E+02  9.306824E+01
  1.200000E+02  9.178265E+01
  1.200000E+02  9.102864E+01
  1.200000E+02  8.974304E+01
  1.200000E+02  8.898904E+01
  1.200000E+02  8.770344E+01
  1.200000E+02  8.694943E+01
  1.200000E+02  8.566384E+01
  1.200000E+02  8.490983E+01
  1.200000E+02  8.362423E+01
  1.200000E+02  8.287022E+01
  1.200000E+02  8.158463E+01
  1.200000E+02  8.083062E+01
  1.200000E+02  7.954502E+01
  1.200000E+02  7.879102E+01
  1.200000E+02  7.750542E+01
  1.200000E+02  7.675141E+01
  1.200000E+02  7.546582E+01
  1.200000E+02  7.471181E+01
  1.200000E+02  7.342621E+01
  1.200000E+02  7.267220E+01
  1.200000E+02  7.138661E+01
  1.200000E+02  7.063260E+01
  1.200000E+02  6.934700E+01
  1.200000E+02  6.859300E+01
  1.200000E+02  6.730740E+01
  1.200000E+02  6.655339E+01
  1.200000E+02  6.526780E+01
  1.200000E+02  6.451379E+01
  1.200000E+02  6.322819E+01
  1.200000E+02  6.247419E+01
  1.200000E+02  6.118859E+01
  1.200000E+02  6.043458E+01
  1.200000E+02  5.914898E+01
  1.200000E+02  5.839498E+01
  1.200000E+02  5.710938E+01
  1.200000E+02  5.635537E+01
  1.200000E+02  5.506978E+01
  1.200000E+02  5.431577E+01
  1.200000E+02  5.303017E+01
  1.200000E+02  5.227617E+01
  1.200000E+02  5.099057E+01
  1.200000E+02  5.023656E+01
  1.200000E+02  4.895096E+01
  1.200000E+02  4.819696E+01
  1.200000E+02  4.691136E+01
  1.200000E+02  4.615735E+01
  1.200000E+02  4.487176E+01
  1.200000E+02  4.411775E+01
  1.200000E+02  4.283215E+01
  1.200000E+02  4.207815E+01
  1.200000E+02  4.079255E+01
  1.200000E+02  4.003854E+01
  1.200000E+02  3.875294E+01
  1.200000E+02  3.799894E+01
  1.200000E+02  3.671334E+01
  1.200000E+02  3.595933E+01
  1.200000E+02  3.467374E+01
  1.200000E+02  3.391973E+01
  1.200000E+02  3.263413E+01
  1.200000E+02  3.188013E+01
  1.200000E+02  3.059453E+01
  1.200000E+02  2.984052E+01
  1.200000E+02  2.855492E+01
  1.200000E+02  2.780092E+01
  1.200000E+02  2.651532E+01
  1.200000E+02  2.576131E+01
  1.200000E+02  2.447572E+01
  1.200000E+02  2.372171E+01
  1.200000E+02  2.243611E+01
  1.200000E+02  2.168211E+01
  1.200000E+02  2.039651E+01
  1.200000E+02  1.964250E+01
  1.200000E+02  1.835690E+01
  1.200000E+02  1.760290E+01
  1.200000E+02  1.631730E+01
  1.200000E+02  1.556329E+01
  1.200000E+02  1.427770E+01
  1.200000E+02  1.352369E+01
  1.200000E+02  1.223809E+01
  1.200000E+02  1.148409E+01
  1.200000E+02  1.019849E+01
  1.200000E+02  9.444482E+00
  1.200000E+02  8.158885E+00
  1.200000E+02  7.404878E+00
  1.200000E+02  6.119281E+00
  1.200000E+02  5.365274E+00
  1.200000E+02  4.079677E+00
  1.200000E+02  3.325670E+00
  1.200000E+02  2.040073E+00
  1.200000E+02  1.286066E+00
  1.200000E+02  4.691358E-04
  1.200000E+02 -7.535377E-01
  1.200000E+02 -2.039135E+00
  1.200000E+02 -2.793142E+00
  1.200000E+02 -4.078739E+00
  1.200000E+02 -4.832746E+00
  1.200000E+02 -6.118343E+00
  1.200000E+02 -6.872350E+00
  1.200000E+02 -8.157947E+00
  1.200000E+02 -8.911954E+00
  1.200000E+02 -1.019755E+01
  1.200000E+02 -1.095156E+01
  1.200000E+02 -1.223715E+01
  1.200000E+02 -1.299116E+01
  1.200000E+02 -1.427676E+01
  1.200000E+02 -1.503077E+01
  1.200000E+02 -1.631636E+01
  1.200000E+02 -1.707037E+01
  1.200000E+02 -1.835597E+01
  1.200000E+02 -1.910997E+01
  1.200000E+02 -2.039557E+01
  1.200000E+02 -2.114958E+01
  1.200000E+02 -2.243517E+01
  1.200000E+02 -2.318918E+01
  1.200000E+02 -2.447478E+01
  1.200000E+02 -2.522879E+01
  1.200000E+02 -2.651438E+01
  1.200000E+02 -2.726839E+01
  1.200000E+02 -2.855399E+01
  1.200000E+02 -2.930799E+01
  1.200000E+02 -3.059359E+01
  1.200000E+02 -3.134760E+01
  1.200000E+02 -3.263319E+01
  1.200000E+02 -3.338720E+01
  1.200000E+02 -3.467280E+01
  1.200000E+02 -3.542681E+01
  1.200000E+02 -3.671240E+01
  1.200000E+02 -3.746641E+01
  1.200000E+02 -3.875201E+01
  1.200000E+02 -3.950601E+01
  1.200000E+02 -4.079161E+01
  1.200000E+02 -4.154562E+01
  1.200000E+02 -4.283121E+01
  1.200000E+02 -4.358522E+01
  1.200000E+02 -4.487082E+01
  1.200000E+02 -4.562482E+01
  1.200000E+02 -4.691042E+01
  1.200000E+02 -4.766443E+01
  1.200000E+02 -4.895003E+01
  1.200000E+02 -4.970403E+01
  1.200000E+02 -5.098963E+01
  1.200000E+02 -5.174364E+01
  1.200000E+02 -5.302923E+01
  1.200000E+02 -5.378324E+01
  1.200000E+02 -5.506884E+01
  1.200000E+02 -5.582284E+01
  1.200000E+02 -5.710844E+01
  1.200000E+02 -5.786245E+01
  1.200000E+02 -5.914805E+01
  1.200000E+02 -5.990205E+01
  1.200000E+02 -6.118765E+01
  1.200000E+02 -6.194166E+01
  1.200000E+02 -6.322725E+01
  1.200000E+02 -6.398126E+01
  1.200000E+02 -6.526686E+01
  1.200000E+02 -6.602086E+01
  1.200000E+02 -6.730646E+01
  1.200000E+02 -6.806047E+01
  1.200000E+02 -6.934607E+01
  1.200000E+02 -7.010007E+01
  1.200000E+02 -7.138567E+01
  1.200000E+02 -7.213968E+01
  1.200000E+02 -7.342527E+01
  1.200000E+02 -7.417928E+01
  1.200000E+02 -7.546488E+01
  1.200000E+02 -7.621888E+01
  1.200000E+02 -7.750448E+01
  1.200000E+02 -7.825849E+01
  1.200000E+02 -7.954409E+01
  1.200000E+02 -8.029809E+01
  1.200000E+02 -8.158369E+01
  1.200000E+02 -8.233770E+01
  1.200000E+02 -8.362329E+01
  1.200000E+02 -8.437730E+01
  1.200000E+02 -8.566290E+01
  1.200000E+02 -8.641690E+01
  1.200000E+02 -8.770250E+01
  1.200000E+02 -8.845651E+01
  1.200000E+02 -8.974211E+01
  1.200000E+02 -9.049611E+01
  1.200000E+02 -9.178171E+01
  1.200000E+02 -9.253572E+01
  1.200000E+02 -9.382131E+01
  1.200000E+02 -9.457532E+01
  1.200000E+02 -9.586092E+01
  1.200000E+02 -9.661492E+01
  1.200000E+02 -9.790052E+01
  1.200000E+02 -9.865453E+01
  1.200000E+02 -9.994012E+01

w:10/ x(   0.1425000E+03) y(   0.0000000E+00) ix(2) iy(2) s(   0.7000E+00)

hb:   line clip z  
clip:
  1.352787E+02 -1.000000E+02
  1.490896E+02 -1.000000E+02
  1.500000E+02 -9.994012E+01
  1.500000E+02 -9.825895E+01
  1.500000E+02 -9.790052E+01
  1.500000E+02 -9.621935E+01
  1.500000E+02 -9.586092E+01
  1.500000E+02 -9.417975E+01
  1.500000E+02 -9.382131E+01
  1.500000E+02 -9.214014E+01
  1.500000E+02 -9.178171E+01
  1.500000E+02 -9.010054E+01
  1.500000E+02 -8.974211E+01
  1.500000E+02 -8.806093E+01
  1.500000E+02 -8.770250E+01
  1.500000E+02 -8.602133E+01
  1.500000E+02 -8.566290E+01
  1.500000E+02 -8.398173E+01
  1.500000E+02 -8.362329E+01
  1.500000E+02 -8.194212E+01
  1.500000E+02 -8.158369E+01
  1.500000E+02 -7.990252E+01
  1.500000E+02 -7.954409E+01
  1.500000E+02 -7.786291E+01
  1.500000E+02 -7.750448E+01
  1.500000E+02 -7.582331E+01
  1.500000E+02 -7.546488E+01
  1.500000E+02 -7.378371E+01
  1.500000E+02 -7.342527E+01
  1.500000E+02 -7.174410E+01
  1.500000E+02 -7.138567E+01
  1.500000E+02 -6.970450E+01
  1.500000E+02 -6.934607E+01
  1.500000E+02 -6.766489E+01
  1.500000E+02 -6.730646E+01
  1.500000E+02 -6.562529E+01
  1.500000E+02 -6.526686E+01
  1.500000E+02 -6.358569E+01
  1.500000E+02 -6.322725E+01
  1.500000E+02 -6.154608E+01
  1.500000E+02 -6.118765E+01
  1.500000E+02 -5.950648E+01
  1.500000E+02 -5.914805E+01
  1.500000E+02 -5.746687E+01
  1.500000E+02 -5.710844E+01
  1.500000E+02 -5.542727E+01
  1.500000E+02 -5.506884E+01
  1.500000E+02 -5.338767E+01
  1.500000E+02 -5.302923E+01
  1.500000E+02 -5.134806E+01
  1.500000E+02 -5.098963E+01
  1.500000E+02 -4.930846E+01
  1.500000E+02 -4.895003E+01
  1.500000E+02 -4.726885E+01
  1.500000E+02 -4.691042E+01
  1.500000E+02 -4.522925E+01
  1.500000E+02 -4.487082E+01
  1.500000E+02 -4.318965E+01
  1.500000E+02 -4.283121E+01
  1.500000E+02 -4.115004E+01
  1.500000E+02 -4.079161E+01
  1.500000E+02 -3.911044E+01
  1.500000E+02 -3.875201E+01
  1.500000E+02 -3.707084E+01
  1.500000E+02 -3.671240E+01
  1.500000E+02 -3.503123E+01
  1.500000E+02 -3.467280E+01
  1.500000E+02 -3.299163E+01
  1.500000E+02 -3.263319E+01
  1.500000E+02 -3.095202E+01
  1.500000E+02 -3.059359E+01
  1.500000E+02 -2.891242E+01
  1.500000E+02 -2.855399E+01
  1.500000E+02 -2.687282E+01
  1.500000E+02 -2.651438E+01
  1.500000E+02 -2.483321E+01
  1.500000E+02 -2.447478E+01
  1.500000E+02 -2.279361E+01
  1.500000E+02 -2.243517E+01
  1.500000E+02 -2.075400E+01
  1.500000E+02 -2.039557E+01
  1.500000E+02 -1.871440E+01
  1.500000E+02 -1.835597E+01
  1.500000E+02 -1.667480E+01
  1.500000E+02 -1.631636E+01
  1.500000E+02 -1.463519E+01
  1.500000E+02 -1.427676E+01
  1.500000E+02 -1.259559E+01
  1.500000E+02 -1.223715E+01
  1.500000E+02 -1.055598E+01
  1.500000E+02 -1.019755E+01
  1.500000E+02 -8.516380E+00
  1.500000E+02 -8.157947E+00
  1.500000E+02 -6.476776E+00
  1.500000E+02 -6.118343E+00
  1.500000E+02 -4.437172E+00
  1.500000E+02 -4.078739E+00
  1.500000E+02 -2.397568E+00
  1.500000E+02 -2.039135E+00
  1.500000E+02 -3.579639E-01
  1.500000E+02  4.691358E-04
  1.500000E+02  1.681640E+00
  1.500000E+02  2.040073E+00
  1.500000E+02  3.721244E+00
  1.500000E+02  4.079677E+00
  1.500000E+02  5.760848E+00
  1.500000E+02  6.119281E+00
  1.500000E+02  7.800452E+00
  1.500000E+02  8.158885E+00
  1.500000E+02  9.840056E+00
  1.500000E+02  1.019849E+01
  1.500000E+02  1.187966E+01
  1.500000E+02  1.223809E+01
  1.500000E+02  1.391926E+01
  1.500000E+02  1.427770E+01
  1.500000E+02  1.595887E+01
  1.500000E+02  1.631730E+01
  1.500000E+02  1.799847E+01
  1.500000E+02  1.835690E+01
  1.500000E+02  2.003808E+01
  1.500000E+02  2.039651E+01
  1.500000E+02  2.207768E+01
  1.500000E+02  2.243611E+01
  1.500000E+02  2.411728E+01
  1.500000E+02  2.447572E+01
  1.500000E+02  2.615689E+01
  1.500000E+02  2.651532E+01
  1.500000E+02  2.819649E+01
  1.500000E+02  2.855492E+01
  1.500000E+02  3.023610E+01
  1.500000E+02  3.059453E+01
  1.500000E+02  3.227570E+01
  1.500000E+02  3.263413E+01
  1.500000E+02  3.431530E+01
  1.500000E+02  3.467374E+01
  1.500000E+02  3.635491E+01
  1.500000E+02  3.671334E+01
  1.500000E+02  3.839451E+01
  1.500000E+02  3.875294E+01
  1.500000E+02  4.043412E+01
  1.500000E+02  4.079255E+01
  1.500000E+02  4.247372E+01
  1.500000E+02  4.283215E+01
  1.500000E+02  4.451332E+01
  1.500000E+02  4.487176E+01
  1.500000E+02  4.655293E+01
  1.500000E+02  4.691136E+01
  1.500000E+02  4.859253E+01
  1.500000E+02  4.895096E+01
  1.500000E+02  5.063214E+01
  1.500000E+02  5.099057E+01
  1.500000E+02  5.267174E+01
  1.500000E+02  5.303017E+01
  1.500000E+02  5.471134E+01
  1.500000E+02  5.506978E+01
  1.500000E+02  5.675095E+01
  1.500000E+02  5.710938E+01
  1.500000E+02  5.879055E+01
  1.500000E+02  5.914898E+01
  1.500000E+02  6.083015E+01
  1.500000E+02  6.118859E+01
  1.500000E+02  6.286976E+01
  1.500000E+02  6.322819E+01
  1.500000E+02  6.490936E+01
  1.500000E+02  6.526780E+01
  1.500000E+02  6.694897E+01
  1.500000E+02  6.730740E+01
  1.500000E+02  6.898857E+01
  1.500000E+02  6.934700E+01
  1.500000E+02  7.102817E+01
  1.500000E+02  7.138661E+01
  1.500000E+02  7.306778E+01
  1.500000E+02  7.342621E+01
  1.500000E+02  7.510738E+01
  1.500000E+02  7.546582E+01
  1.500000E+02  7.714699E+01
  1.500000E+02  7.750542E+01
  1.500000E+02  7.918659E+01
  1.500000E+02  7.954502E+01
  1.500000E+02  8.122619E+01
  1.500000E+02  8.158463E+01
  1.500000E+02  8.326580E+01
  1.500000E+02  8.362423E+01
  1.500000E+02  8.530540E+01
  1.500000E+02  8.566384E+01
  1.500000E+02  8.734501E+01
  1.500000E+02  8.770344E+01
  1.500000E+02  8.938461E+01
  1.500000E+02  8.974304E+01
  1.500000E+02  9.142421E+01
  1.500000E+02  9.178265E+01
  1.500000E+02  9.346382E+01
  1.500000E+02  9.382225E+01
  1.500000E+02  9.550342E+01
  1.500000E+02  9.586186E+01
  1.500000E+02  9.754303E+01
  1.500000E+02  9.790146E+01
  1.500000E+02  9.958263E+01
  1.500000E+02  9.994106E+01
  1.490891E+02  1.000000E+02
  1.490560E+02  1.000000E+02
  1.490229E+02  1.000000E+02
  1.479107E+02  1.000000E+02
  1.478776E+02  1.000000E+02
  1.467654E+02  1.000000E+02
  1.467323E+02  1.000000E+02
  1.456201E+02  1.000000E+02
  1.455870E+02  1.000000E+02
  1.444748E+02  1.000000E+02
  1.444417E+02  1.000000E+02
  1.433295E+02  1.000000E+02
  1.432964E+02  1.000000E+02
  1.421842E+02  1.000000E+02
  1.421511E+02  1.000000E+02
  1.410388E+02  1.000000E+02
  1.410058E+02  1.000000E+02
  1.398935E+02  1.000000E+02
  1.398605E+02  1.000000E+02
  1.387482E+02  1.000000E+02
  1.387151E+02  1.000000E+02
  1.376029E+02  1.000000E+02
  1.375698E+02  1.000000E+02
  1.364576E+02  1.000000E+02
  1.364245E+02  1.000000E+02
  1.353123E+02  1.000000E+02
  1.352792E+02  1.000000E+02
  1.350000E+02  9.994106E+01
  1.350000E+02  9.938484E+01
  1.350000E+02  9.790146E+01
  1.350000E+02  9.734524E+01
  1.350000E+02  9.586186E+01
  1.350000E+02  9.530564E+01
  1.350000E+02  9.382225E+01
  1.350000E+02  9.326603E+01
  1.350000E+02  9.178265E+01
  1.350000E+02  9.122643E+01
  1.350000E+02  8.974304E+01
  1.350000E+02  8.918682E+01
  1.350000E+02  8.770344E+01
  1.350000E+02  8.714722E+01
  1.350000E+02  8.566384E+01
  1.350000E+02  8.510762E+01
  1.350000E+02  8.362423E+01
  1.350000E+02  8.306801E+01
  1.350000E+02  8.158463E+01
  1.350000E+02  8.102841E+01
  1.350000E+02  7.954502E+01
  1.350000E+02  7.898880E+01
  1.350000E+02  7.750542E+01
  1.350000E+02  7.694920E+01
  1.350000E+02  7.546582E+01
  1.350000E+02  7.490960E+01
  1.350000E+02  7.342621E+01
  1.350000E+02  7.286999E+01
  1.350000E+02  7.138661E+01
  1.350000E+02  7.083039E+01
  1.350000E+02  6.934700E+01
  1.350000E+02  6.879078E+01
  1.350000E+02  6.730740E+01
  1.350000E+02  6.675118E+01
  1.350000E+02  6.526780E+01
  1.350000E+02  6.471158E+01
  1.350000E+02  6.322819E+01
  1.350000E+02  6.267197E+01
  1.350000E+02  6.118859E+01
  1.350000E+02  6.063237E+01
  1.350000E+02  5.914898E+01
  1.350000E+02  5.859276E+01
  1.350000E+02  5.710938E+01
  1.350000E+02  5.655316E+01
  1.350000E+02  5.506978E+01
  1.350000E+02  5.451356E+01
  1.350000E+02  5.303017E+01
  1.350000E+02  5.247395E+01
  1.350000E+02  5.099057E+01
  1.350000E+02  5.043435E+01
  1.350000E+02  4.895096E+01
  1.350000E+02  4.839474E+01
  1.350000E+02  4.691136E+01
  1.350000E+02  4.635514E+01
  1.350000E+02  4.487176E+01
  1.350000E+02  4.431554E+01
  1.350000E+02  4.283215E+01
  1.350000E+02  4.227593E+01
  1.350000E+02  4.079255E+01
  1.350000E+02  4.023633E+01
  1.350000E+02  3.875294E+01
  1.350000E+02  3.819672E+01
  1.350000E+02  3.671334E+01
  1.350000E+02  3.615712E+01
  1.350000E+02  3.467374E+01
  1.350000E+02  3.411752E+01
  1.350000E+02  3.263413E+01
  1.350000E+02  3.207791E+01
  1.350000E+02  3.059453E+01
  1.350000E+02  3.003831E+01
  1.350000E+02  2.855492E+01
  1.350000E+02  2.799870E+01
  1.350000E+02  2.651532E+01
  1.350000E+02  2.595910E+01
  1.350000E+02  2.447572E+01
  1.350000E+02  2.391950E+01
  1.350000E+02  2.243611E+01
  1.350000E+02  2.187989E+01
  1.350000E+02  2.039651E+01
  1.350000E+02  1.984029E+01
  1.350000E+02  1.835690E+01
  1.350000E+02  1.780068E+01
  1.350000E+02  1.631730E+01
  1.350000E+02  1.576108E+01
  1.350000E+02  1.427770E+01
  1.350000E+02  1.372148E+01
  1.350000E+02  1.223809E+01
  1.350000E+02  1.168187E+01
  1.350000E+02  1.019849E+01
  1.350000E+02  9.642269E+00
  1.350000E+02  8.158885E+00
  1.350000E+02  7.602665E+00
  1.350000E+02  6.119281E+00
  1.350000E+02  5.563061E+00
  1.350000E+02  4.079677E+00
  1.350000E+02  3.523457E+00
  1.350000E+02  2.040073E+00
  1.350000E+02  1.483853E+00
  1.350000E+02  4.691358E-04
  1.350000E+02 -5.557508E-01
  1.350000E+02 -2.039135E+00
  1.350000E+02 -2.595355E+00
  1.350000E+02 -4.078739E+00
  1.350000E+02 -4.634959E+00
  1.350000E+02 -6.118343E+00
  1.350000E+02 -6.674563E+00
  1.350000E+02 -8.157947E+00
  1.350000E+02 -8.714167E+00
  1.350000E+02 -1.019755E+01
  1.350000E+02 -1.075377E+01
  1.350000E+02 -1.223715E+01
  1.350000E+02 -1.279337E+01
  1.350000E+02 -1.427676E+01
  1.350000E+02 -1.483298E+01
  1.350000E+02 -1.631636E+01
  1.350000E+02 -1.687258E+01
  1.350000E+02 -1.835597E+01
  1.350000E+02 -1.891219E+01
  1.350000E+02 -2.039557E+01
  1.350000E+02 -2.095179E+01
  1.350000E+02 -2.243517E+01
  1.350000E+02 -2.299139E+01
  1.350000E+02 -2.447478E+01
  1.350000E+02 -2.503100E+01
  1.350000E+02 -2.651438E+01
  1.350000E+02 -2.707060E+01
  1.350000E+02 -2.855399E+01
  1.350000E+02 -2.911021E+01
  1.350000E+02 -3.059359E+01
  1.350000E+02 -3.114981E+01
  1.350000E+02 -3.263319E+01
  1.350000E+02 -3.318941E+01
  1.350000E+02 -3.467280E+01
  1.350000E+02 -3.522902E+01
  1.350000E+02 -3.671240E+01
  1.350000E+02 -3.726862E+01
  1.350000E+02 -3.875201E+01
  1.350000E+02 -3.930823E+01
  1.350000E+02 -4.079161E+01
  1.350000E+02 -4.134783E+01
  1.350000E+02 -4.283121E+01
  1.350000E+02 -4.338743E+01
  1.350000E+02 -4.487082E+01
  1.350000E+02 -4.542704E+01
  1.350000E+02 -4.691042E+01
  1.350000E+02 -4.746664E+01
  1.350000E+02 -4.895003E+01
  1.350000E+02 -4.950625E+01
  1.350000E+02 -5.098963E+01
  1.350000E+02 -5.154585E+01
  1.350000E+02 -5.302923E+01
  1.350000E+02 -5.358545E+01
  1.350000E+02 -5.506884E+01
  1.350000E+02 -5.562506E+01
  1.350000E+02 -5.710844E+01
  1.350000E+02 -5.766466E+01
  1.350000E+02 -5.914805E+01
  1.350000E+02 -5.970427E+01
  1.350000E+02 -6.118765E+01
  1.350000E+02 -6.174387E+01
  1.350000E+02 -6.322725E+01
  1.350000E+02 -6.378347E+01
  1.350000E+02 -6.526686E+01
  1.350000E+02 -6.582308E+01
  1.350000E+02 -6.730646E+01
  1.350000E+02 -6.786268E+01
  1.350000E+02 -6.934607E+01
  1.350000E+02 -6.990229E+01
  1.350000E+02 -7.138567E+01
  1.350000E+02 -7.194189E+01
  1.350000E+02 -7.342527E+01
  1.350000E+02 -7.398149E+01
  1.350000E+02 -7.546488E+01
  1.350000E+02 -7.602110E+01
  1.350000E+02 -7.750448E+01
  1.350000E+02 -7.806070E+01
  1.350000E+02 -7.954409E+01
  1.350000E+02 -8.010031E+01
  1.350000E+02 -8.158369E+01
  1.350000E+02 -8.213991E+01
  1.350000E+02 -8.362329E+01
  1.350000E+02 -8.417951E+01
  1.350000E+02 -8.566290E+01
  1.350000E+02 -8.621912E+01
  1.350000E+02 -8.770250E+01
  1.350000E+02 -8.825872E+01
  1.350000E+02 -8.974211E+01
  1.350000E+02 -9.029833E+01
  1.350000E+02 -9.178171E+01
  1.350000E+02 -9.233793E+01
  1.350000E+02 -9.382131E+01
  1.350000E+02 -9.437753E+01
  1.350000E+02 -9.586092E+01
  1.350000E+02 -9.641714E+01
  1.350000E+02 -9.790052E+01
  1.350000E+02 -9.845674E+01
  1.350000E+02 -9.994012E+01

w:11/ x(   0.1575000E+03) y(   0.0000000E+00) ix(2) iy(2) s(   0.7000E+00)

hb:   line clip z  
clip:
  1.501676E+02 -1.000000E+02
  1.639785E+02 -1.000000E+02
  1.650000E+02 -9.994012E+01
  1.650000E+02 -9.806117E+01
  1.650000E+02 -9.790052E+01
  1.650000E+02 -9.602156E+01
  1.650000E+02 -9.586092E+01
  1.650000E+02 -9.398196E+01
  1.650000E+02 -9.382131E+01
  1.650000E+02 -9.194236E+01
  1.650000E+02 -9.178171E+01
  1.650000E+02 -8.990275E+01
  1.650000E+02 -8.974211E+01
  1.650000E+02 -8.786315E+01
  1.650000E+02 -8.770250E+01
  1.650000E+02 -8.582354E+01
  1.650000E+02 -8.566290E+01
  1.650000E+02 -8.378394E+01
  1.650000E+02 -8.362329E+01
  1.650000E+02 -8.174434E+01
  1.650000E+02 -8.158369E+01
  1.650000E+02 -7.970473E+01
  1.650000E+02 -7.954409E+01
  1.650000E+02 -7.766513E+01
  1.650000E+02 -7.750448E+01
  1.650000E+02 -7.562552E+01
  1.650000E+02 -7.546488E+01
  1.650000E+02 -7.358592E+01
  1.650000E+02 -7.342527E+01
  1.650000E+02 -7.154632E+01
  1.650000E+02 -7.138567E+01
  1.650000E+02 -6.950671E+01
  1.650000E+02 -6.934607E+01
  1.650000E+02 -6.746711E+01
  1.650000E+02 -6.730646E+01
  1.650000E+02 -6.542750E+01
  1.650000E+02 -6.526686E+01
  1.650000E+02 -6.338790E+01
  1.650000E+02 -6.322725E+01
  1.650000E+02 -6.134830E+01
  1.650000E+02 -6.118765E+01
  1.650000E+02 -5.930869E+01
  1.650000E+02 -5.914805E+01
  1.650000E+02 -5.726909E+01
  1.650000E+02 -5.710844E+01
  1.650000E+02 -5.522948E+01
  1.650000E+02 -5.506884E+01
  1.650000E+02 -5.318988E+01
  1.650000E+02 -5.302923E+01
  1.650000E+02 -5.115028E+01
  1.650000E+02 -5.098963E+01
  1.650000E+02 -4.911067E+01
  1.650000E+02 -4.895003E+01
  1.650000E+02 -4.707107E+01
  1.650000E+02 -4.691042E+01
  1.650000E+02 -4.503146E+01
  1.650000E+02 -4.487082E+01
  1.650000E+02 -4.299186E+01
  1.650000E+02 -4.283121E+01
  1.650000E+02 -4.095226E+01
  1.650000E+02 -4.079161E+01
  1.650000E+02 -3.891265E+01
  1.650000E+02 -3.875201E+01
  1.650000E+02 -3.687305E+01
  1.650000E+02 -3.671240E+01
  1.650000E+02 -3.483344E+01
  1.650000E+02 -3.467280E+01
  1.650000E+02 -3.279384E+01
  1.650000E+02 -3.263319E+01
  1.650000E+02 -3.075424E+01
  1.650000E+02 -3.059359E+01
  1.650000E+02 -2.871463E+01
  1.650000E+02 -2.855399E+01
  1.650000E+02 -2.667503E+01
  1.650000E+02 -2.651438E+01
  1.650000E+02 -2.463542E+01
  1.650000E+02 -2.447478E+01
  1.650000E+02 -2.259582E+01
  1.650000E+02 -2.243517E+01
  1.650000E+02 -2.055622E+01
  1.650000E+02 -2.039557E+01
  1.650000E+02 -1.851661E+01
  1.650000E+02 -1.835597E+01
  1.650000E+02 -1.647701E+01
  1.650000E+02 -1.631636E+01
  1.650000E+02 -1.443740E+01
  1.650000E+02 -1.427676E+01
  1.650000E+02 -1.239780E+01
  1.650000E+02 -1.223715E+01
  1.650000E+02 -1.035820E+01
  1.650000E+02 -1.019755E+01
  1.650000E+02 -8.318593E+00
  1.650000E+02 -8.157947E+00
  1.650000E+02 -6.278989E+00
  1.650000E+02 -6.118343E+00
  1.650000E+02 -4.239385E+00
  1.650000E+02 -4.078739E+00
  1.650000E+02 -2.199781E+00
  1.650000E+02 -2.039135E+00
  1.650000E+02 -1.601770E-01
  1.650000E+02  4.691358E-04
  1.650000E+02  1.879427E+00
  1.650000E+02  2.040073E+00
  1.650000E+02  3.919031E+00
  1.650000E+02  4.079677E+00
  1.650000E+02  5.958635E+00
  1.650000E+02  6.119281E+00
  1.650000E+02  7.998239E+00
  1.650000E+02  8.158885E+00
  1.650000E+02  1.003784E+01
  1.650000E+02  1.019849E+01
  1.650000E+02  1.207745E+01
  1.650000E+02  1.223809E+01
  1.650000E+02  1.411705E+01
  1.650000E+02  1.427770E+01
  1.650000E+02  1.615665E+01
  1.650000E+02  1.631730E+01
  1.650000E+02  1.819626E+01
  1.650000E+02  1.835690E+01
  1.650000E+02  2.023586E+01
  1.650000E+02  2.039651E+01
  1.650000E+02  2.227547E+01
  1.650000E+02  2.243611E+01
  1.650000E+02  2.431507E+01
  1.650000E+02  2.447572E+01
  1.650000E+02  2.635467E+01
  1.650000E+02  2.651532E+01
  1.650000E+02  2.839428E+01
  1.650000E+02  2.855492E+01
  1.650000E+02  3.043388E+01
  1.650000E+02  3.059453E+01
  1.650000E+02  3.247349E+01
  1.650000E+02  3.263413E+01
  1.650000E+02  3.451309E+01
  1.650000E+02  3.467374E+01
  1.650000E+02  3.655269E+01
  1.650000E+02  3.671334E+01
  1.650000E+02  3.859230E+01
  1.650000E+02  3.875294E+01
  1.650000E+02  4.063190E+01
  1.650000E+02  4.079255E+01
  1.650000E+02  4.267151E+01
  1.650000E+02  4.283215E+01
  1.650000E+02  4.471111E+01
  1.650000E+02  4.487176E+01
  1.650000E+02  4.675071E+01
  1.650000E+02  4.691136E+01
  1.650000E+02  4.879032E+01
  1.650000E+02  4.895096E+01
  1.650000E+02  5.082992E+01
  1.650000E+02  5.099057E+01
  1.650000E+02  5.286953E+01
  1.650000E+02  5.303017E+01
  1.650000E+02  5.490913E+01
  1.650000E+02  5.506978E+01
  1.650000E+02  5.694873E+01
  1.650000E+02  5.710938E+01
  1.650000E+02  5.898834E+01
  1.650000E+02  5.914898E+01
  1.650000E+02  6.102794E+01
  1.650000E+02  6.118859E+01
  1.650000E+02  6.306755E+01
  1.650000E+02  6.322819E+01
  1.650000E+02  6.510715E+01
  1.650000E+02  6.526780E+01
  1.650000E+02  6.714675E+01
  1.650000E+02  6.730740E+01
  1.650000E+02  6.918636E+01
  1.650000E+02  6.934700E+01
  1.650000E+02  7.122596E+01
  1.650000E+02  7.138661E+01
  1.650000E+02  7.326557E+01
  1.650000E+02  7.342621E+01
  1.650000E+02  7.530517E+01
  1.650000E+02  7.546582E+01
  1.650000E+02  7.734477E+01
  1.650000E+02  7.750542E+01
  1.650000E+02  7.938438E+01
  1.650000E+02  7.954502E+01
  1.650000E+02  8.142398E+01
  1.650000E+02  8.158463E+01
  1.650000E+02  8.346359E+01
  1.650000E+02  8.362423E+01
  1.650000E+02  8.550319E+01
  1.650000E+02  8.566384E+01
  1.650000E+02  8.754279E+01
  1.650000E+02  8.770344E+01
  1.650000E+02  8.958240E+01
  1.650000E+02  8.974304E+01
  1.650000E+02  9.162200E+01
  1.650000E+02  9.178265E+01
  1.650000E+02  9.366161E+01
  1.650000E+02  9.382225E+01
  1.650000E+02  9.570121E+01
  1.650000E+02  9.586186E+01
  1.650000E+02  9.774081E+01
  1.650000E+02  9.790146E+01
  1.650000E+02  9.978042E+01
  1.650000E+02  9.994106E+01
  1.639780E+02  1.000000E+02
  1.639449E+02  1.000000E+02
  1.639118E+02  1.000000E+02
  1.627996E+02  1.000000E+02
  1.627665E+02  1.000000E+02
  1.616543E+02  1.000000E+02
  1.616212E+02  1.000000E+02
  1.605090E+02  1.000000E+02
  1.604759E+02  1.000000E+02
  1.593637E+02  1.000000E+02
  1.593306E+02  1.000000E+02
  1.582184E+02  1.000000E+02
  1.581853E+02  1.000000E+02
  1.570731E+02  1.000000E+02
  1.570400E+02  1.000000E+02
  1.559278E+02  1.000000E+02
  1.558947E+02  1.000000E+02
  1.547825E+02  1.000000E+02
  1.547494E+02  1.000000E+02
  1.536372E+02  1.000000E+02
  1.536041E+02  1.000000E+02
  1.524919E+02  1.000000E+02
  1.524588E+02  1.000000E+02
  1.513466E+02  1.000000E+02
  1.513135E+02  1.000000E+02
  1.502013E+02  1.000000E+02
  1.501682E+02  1.000000E+02
  1.500000E+02  9.994106E+01
  1.500000E+02  9.958263E+01
  1.500000E+02  9.790146E+01
  1.500000E+02  9.754303E+01
  1.500000E+02  9.586186E+01
  1.500000E+02  9.550342E+01
  1.500000E+02  9.382225E+01
  1.500000E+02  9.346382E+01
  1.500000E+02  9.178265E+01
  1.500000E+02  9.142421E+01
  1.500000E+02  8.974304E+01
  1.500000E+02  8.938461E+01
  1.500000E+02  8.770344E+01
  1.500000E+02  8.734501E+01
  1.500000E+02  8.566384E+01
  1.500000E+02  8.530540E+01
  1.500000E+02  8.362423E+01
  1.500000E+02  8.326580E+01
  1.500000E+02  8.158463E+01
  1.500000E+02  8.122619E+01
  1.500000E+02  7.954502E+01
  1.500000E+02  7.918659E+01
  1.500000E+02  7.750542E+01
  1.500000E+02  7.714699E+01
  1.500000E+02  7.546582E+01
  1.500000E+02  7.510738E+01
  1.500000E+02  7.342621E+01
  1.500000E+02  7.306778E+01
  1.500000E+02  7.138661E+01
  1.500000E+02  7.102817E+01
  1.500000E+02  6.934700E+01
  1.500000E+02  6.898857E+01
  1.500000E+02  6.730740E+01
  1.500000E+02  6.694897E+01
  1.500000E+02  6.526780E+01
  1.500000E+02  6.490936E+01
  1.500000E+02  6.322819E+01
  1.500000E+02  6.286976E+01
  1.500000E+02  6.118859E+01
  1.500000E+02  6.083015E+01
  1.500000E+02  5.914898E+01
  1.500000E+02  5.879055E+01
  1.500000E+02  5.710938E+01
  1.500000E+02  5.675095E+01
  1.500000E+02  5.506978E+01
  1.500000E+02  5.471134E+01
  1.500000E+02  5.303017E+01
  1.500000E+02  5.267174E+01
  1.500000E+02  5.099057E+01
  1.500000E+02  5.063214E+01
  1.500000E+02  4.895096E+01
  1.500000E+02  4.859253E+01
  1.500000E+02  4.691136E+01
  1.500000E+02  4.655293E+01
  1.500000E+02  4.487176E+01
  1.500000E+02  4.451332E+01
  1.500000E+02  4.283215E+01
  1.500000E+02  4.247372E+01
  1.500000E+02  4.079255E+01
  1.500000E+02  4.043412E+01
  1.500000E+02  3.875294E+01
  1.500000E+02  3.839451E+01
  1.500000E+02  3.671334E+01
  1.500000E+02  3.635491E+01
  1.500000E+02  3.467374E+01
  1.500000E+02  3.431530E+01
  1.500000E+02  3.263413E+01
  1.500000E+02  3.227570E+01
  1.500000E+02  3.059453E+01
  1.500000E+02  3.023610E+01
  1.500000E+02  2.855492E+01
  1.500000E+02  2.819649E+01
  1.500000E+02  2.651532E+01
  1.500000E+02  2.615689E+01
  1.500000E+02  2.447572E+01
  1.500000E+02  2.411728E+01
  1.500000E+02  2.243611E+01
  1.500000E+02  2.207768E+01
  1.500000E+02  2.039651E+01
  1.500000E+02  2.003808E+01
  1.500000E+02  1.835690E+01
  1.500000E+02  1.799847E+01
  1.500000E+02  1.631730E+01
  1.500000E+02  1.595887E+01
  1.500000E+02  1.427770E+01
  1.500000E+02  1.391926E+01
  1.500000E+02  1.223809E+01
  1.500000E+02  1.187966E+01
  1.500000E+02  1.019849E+01
  1.500000E+02  9.840056E+00
  1.500000E+02  8.158885E+00
  1.500000E+02  7.800452E+00
  1.500000E+02  6.119281E+00
  1.500000E+02  5.760848E+00
  1.500000E+02  4.079677E+00
  1.500000E+02  3.721244E+00
  1.500000E+02  2.040073E+00
  1.500000E+02  1.681640E+00
  1.500000E+02  4.691358E-04
  1.500000E+02 -3.579639E-01
  1.500000E+02 -2.039135E+00
  1.500000E+02 -2.397568E+00
  1.500000E+02 -4.078739E+00
  1.500000E+02 -4.437172E+00
  1.500000E+02 -6.118343E+00
  1.500000E+02 -6.476776E+00
  1.500000E+02 -8.157947E+00
  1.500000E+02 -8.516380E+00
  1.500000E+02 -1.019755E+01
  1.500000E+02 -1.055598E+01
  1.500000E+02 -1.223715E+01
  1.500000E+02 -1.259559E+01
  1.500000E+02 -1.427676E+01
  1.500000E+02 -1.463519E+01
  1.500000E+02 -1.631636E+01
  1.500000E+02 -1.667480E+01
  1.500000E+02 -1.835597E+01
  1.500000E+02 -1.871440E+01
  1.500000E+02 -2.039557E+01
  1.500000E+02 -2.075400E+01
  1.500000E+02 -2.243517E+01
  1.500000E+02 -2.279361E+01
  1.500000E+02 -2.447478E+01
  1.500000E+02 -2.483321E+01
  1.500000E+02 -2.651438E+01
  1.500000E+02 -2.687282E+01
  1.500000E+02 -2.855399E+01
  1.500000E+02 -2.891242E+01
  1.500000E+02 -3.059359E+01
  1.500000E+02 -3.095202E+01
  1.500000E+02 -3.263319E+01
  1.500000E+02 -3.299163E+01
  1.500000E+02 -3.467280E+01
  1.500000E+02 -3.503123E+01
  1.500000E+02 -3.671240E+01
  1.500000E+02 -3.707084E+01
  1.500000E+02 -3.875201E+01
  1.500000E+02 -3.911044E+01
  1.500000E+02 -4.079161E+01
  1.500000E+02 -4.115004E+01
  1.500000E+02 -4.283121E+01
  1.500000E+02 -4.318965E+01
  1.500000E+02 -4.487082E+01
  1.500000E+02 -4.522925E+01
  1.500000E+02 -4.691042E+01
  1.500000E+02 -4.726885E+01
  1.500000E+02 -4.895003E+01
  1.500000E+02 -4.930846E+01
  1.500000E+02 -5.098963E+01
  1.500000E+02 -5.134806E+01
  1.500000E+02 -5.302923E+01
  1.500000E+02 -5.338767E+01
  1.500000E+02 -5.506884E+01
  1.500000E+02 -5.542727E+01
  1.500000E+02 -5.710844E+01
  1.500000E+02 -5.746687E+01
  1.500000E+02 -5.914805E+01
  1.500000E+02 -5.950648E+01
  1.500000E+02 -6.118765E+01
  1.500000E+02 -6.154608E+01
  1.500000E+02 -6.322725E+01
  1.500000E+02 -6.358569E+01
  1.500000E+02 -6.526686E+01
  1.500000E+02 -6.562529E+01
  1.500000E+02 -6.730646E+01
  1.500000E+02 -6.766489E+01
  1.500000E+02 -6.934607E+01
  1.500000E+02 -6.970450E+01
  1.500000E+02 -7.138567E+01
  1.500000E+02 -7.174410E+01
  1.500000E+02 -7.342527E+01
  1.500000E+02 -7.378371E+01
  1.500000E+02 -7.546488E+01
  1.500000E+02 -7.582331E+01
  1.500000E+02 -7.750448E+01
  1.500000E+02 -7.786291E+01
  1.500000E+02 -7.954409E+01
  1.500000E+02 -7.990252E+01
  1.500000E+02 -8.158369E+01
  1.500000E+02 -8.194212E+01
  1.500000E+02 -8.362329E+01
  1.500000E+02 -8.398173E+01
  1.500000E+02 -8.566290E+01
  1.500000E+02 -8.602133E+01
  1.500000E+02 -8.770250E+01
  1.500000E+02 -8.806093E+01
  1.500000E+02 -8.974211E+01
  1.500000E+02 -9.010054E+01
  1.500000E+02 -9.178171E+01
  1.500000E+02 -9.214014E+01
  1.500000E+02 -9.382131E+01
  1.500000E+02 -9.417975E+01
  1.500000E+02 -9.586092E+01
  1.500000E+02 -9.621935E+01
  1.500000E+02 -9.790052E+01
  1.500000E+02 -9.825895E+01
  1.500000E+02 -9.994012E+01

w:12/ x(   0.1725000E+03) y(   0.0000000E+00) ix(2) iy(2) s(   0.7000E+00)

hb:   line clip z  
clip:
  1.650566E+02 -1.000000E+02
  1.799791E+02 -1.000000E+02
  1.800000E+02 -9.997727E+01
  1.800000E+02 -9.994012E+01
  1.800000E+02 -9.990298E+01
  1.800000E+02 -9.790052E+01
  1.800000E+02 -9.786338E+01
  1.800000E+02 -9.586092E+01
  1.800000E+02 -9.582378E+01
  1.800000E+02 -9.382131E+01
  1.800000E+02 -9.378417E+01
  1.800000E+02 -9.178171E+01
  1.800000E+02 -9.174457E+01
  1.800000E+02 -8.974211E+01
  1.800000E+02 -8.970496E+01
  1.800000E+02 -8.770250E+01
  1.800000E+02 -8.766536E+01
  1.800000E+02 -8.566290E+01
  1.800000E+02 -8.562576E+01
  1.800000E+02 -8.362329E+01
  1.800000E+02 -8.358615E+01
  1.800000E+02 -8.158369E+01
  1.800000E+02 -8.154655E+01
  1.800000E+02 -7.954409E+01
  1.800000E+02 -7.950694E+01
  1.800000E+02 -7.750448E+01
  1.800000E+02 -7.746734E+01
  1.800000E+02 -7.546488E+01
  1.800000E+02 -7.542774E+01
  1.800000E+02 -7.342527E+01
  1.800000E+02 -7.338813E+01
  1.800000E+02 -7.138567E+01
  1.800000E+02 -7.134853E+01
  1.800000E+02 -6.934607E+01
  1.800000E+02 -6.930892E+01
  1.800000E+02 -6.730646E+01
  1.800000E+02 -6.726932E+01
  1.800000E+02 -6.526686E+01
  1.800000E+02 -6.522972E+01
  1.800000E+02 -6.322725E+01
  1.800000E+02 -6.319011E+01
  1.800000E+02 -6.118765E+01
  1.800000E+02 -6.115051E+01
  1.800000E+02 -5.914805E+01
  1.800000E+02 -5.911090E+01
  1.800000E+02 -5.710844E+01
  1.800000E+02 -5.707130E+01
  1.800000E+02 -5.506884E+01
  1.800000E+02 -5.503170E+01
  1.800000E+02 -5.302923E+01
  1.800000E+02 -5.299209E+01
  1.800000E+02 -5.098963E+01
  1.800000E+02 -5.095249E+01
  1.800000E+02 -4.895003E+01
  1.800000E+02 -4.891289E+01
  1.800000E+02 -4.691042E+01
  1.800000E+02 -4.687328E+01
  1.800000E+02 -4.487082E+01
  1.800000E+02 -4.483368E+01
  1.800000E+02 -4.283121E+01
  1.800000E+02 -4.279407E+01
  1.800000E+02 -4.079161E+01
  1.800000E+02 -4.075447E+01
  1.800000E+02 -3.875201E+01
  1.800000E+02 -3.871487E+01
  1.800000E+02 -3.671240E+01
  1.800000E+02 -3.667526E+01
  1.800000E+02 -3.467280E+01
  1.800000E+02 -3.463566E+01
  1.800000E+02 -3.263319E+01
  1.800000E+02 -3.259605E+01
  1.800000E+02 -3.059359E+01
  1.800000E+02 -3.055645E+01
  1.800000E+02 -2.855399E+01
  1.800000E+02 -2.851685E+01
  1.800000E+02 -2.651438E+01
  1.800000E+02 -2.647724E+01
  1.800000E+02 -2.447478E+01
  1.800000E+02 -2.443764E+01
  1.800000E+02 -2.243517E+01
  1.800000E+02 -2.239803E+01
  1.800000E+02 -2.039557E+01
  1.800000E+02 -2.035843E+01
  1.800000E+02 -1.835597E+01
  1.800000E+02 -1.831883E+01
  1.800000E+02 -1.631636E+01
  1.800000E+02 -1.627922E+01
  1.800000E+02 -1.427676E+01
  1.800000E+02 -1.423962E+01
  1.800000E+02 -1.223715E+01
  1.800000E+02 -1.220001E+01
  1.800000E+02 -1.019755E+01
  1.800000E+02 -1.016041E+01
  1.800000E+02 -8.157947E+00
  1.800000E+02 -8.120806E+00
  1.800000E+02 -6.118343E+00
  1.800000E+02 -6.081202E+00
  1.800000E+02 -4.078739E+00
  1.800000E+02 -4.041598E+00
  1.800000E+02 -2.039135E+00
  1.800000E+02 -2.001994E+00
  1.800000E+02  4.691358E-04
  1.800000E+02  3.760992E-02
  1.800000E+02  2.040073E+00
  1.800000E+02  2.077214E+00
  1.800000E+02  4.079677E+00
  1.800000E+02  4.116818E+00
  1.800000E+02  6.119281E+00
  1.800000E+02  6.156422E+00
  1.800000E+02  8.158885E+00
  1.800000E+02  8.196026E+00
  1.800000E+02  1.019849E+01
  1.800000E+02  1.023563E+01
  1.800000E+02  1.223809E+01
  1.800000E+02  1.227523E+01
  1.800000E+02  1.427770E+01
  1.800000E+02  1.431484E+01
  1.800000E+02  1.631730E+01
  1.800000E+02  1.635444E+01
  1.800000E+02  1.835690E+01
  1.800000E+02  1.839405E+01
  1.800000E+02  2.039651E+01
  1.800000E+02  2.043365E+01
  1.800000E+02  2.243611E+01
  1.800000E+02  2.247325E+01
  1.800000E+02  2.447572E+01
  1.800000E+02  2.451286E+01
  1.800000E+02  2.651532E+01
  1.800000E+02  2.655246E+01
  1.800000E+02  2.855492E+01
  1.800000E+02  2.859207E+01
  1.800000E+02  3.059453E+01
  1.800000E+02  3.063167E+01
  1.800000E+02  3.263413E+01
  1.800000E+02  3.267127E+01
  1.800000E+02  3.467374E+01
  1.800000E+02  3.471088E+01
  1.800000E+02  3.671334E+01
  1.800000E+02  3.675048E+01
  1.800000E+02  3.875294E+01
  1.800000E+02  3.879009E+01
  1.800000E+02  4.079255E+01
  1.800000E+02  4.082969E+01
  1.800000E+02  4.283215E+01
  1.800000E+02  4.286929E+01
  1.800000E+02  4.487176E+01
  1.800000E+02  4.490890E+01
  1.800000E+02  4.691136E+01
  1.800000E+02  4.694850E+01
  1.800000E+02  4.895096E+01
  1.800000E+02  4.898810E+01
  1.800000E+02  5.099057E+01
  1.800000E+02  5.102771E+01
  1.800000E+02  5.303017E+01
  1.800000E+02  5.306731E+01
  1.800000E+02  5.506978E+01
  1.800000E+02  5.510692E+01
  1.800000E+02  5.710938E+01
  1.800000E+02  5.714652E+01
  1.800000E+02  5.914898E+01
  1.800000E+02  5.918612E+01
  1.800000E+02  6.118859E+01
  1.800000E+02  6.122573E+01
  1.800000E+02  6.322819E+01
  1.800000E+02  6.326533E+01
  1.800000E+02  6.526780E+01
  1.800000E+02  6.530494E+01
  1.800000E+02  6.730740E+01
  1.800000E+02  6.734454E+01
  1.800000E+02  6.934700E+01
  1.800000E+02  6.938414E+01
  1.800000E+02  7.138661E+01
  1.800000E+02  7.142375E+01
  1.800000E+02  7.342621E+01
  1.800000E+02  7.346335E+01
  1.800000E+02  7.546582E+01
  1.800000E+02  7.550296E+01
  1.800000E+02  7.750542E+01
  1.800000E+02  7.754256E+01
  1.800000E+02  7.954502E+01
  1.800000E+02  7.958216E+01
  1.800000E+02  8.158463E+01
  1.800000E+02  8.162177E+01
  1.800000E+02  8.362423E+01
  1.800000E+02  8.366137E+01
  1.800000E+02  8.566384E+01
  1.800000E+02  8.570098E+01
  1.800000E+02  8.770344E+01
  1.800000E+02  8.774058E+01
  1.800000E+02  8.974304E+01
  1.800000E+02  8.978018E+01
  1.800000E+02  9.178265E+01
  1.800000E+02  9.181979E+01
  1.800000E+02  9.382225E+01
  1.800000E+02  9.385939E+01
  1.800000E+02  9.586186E+01
  1.800000E+02  9.589900E+01
  1.800000E+02  9.790146E+01
  1.800000E+02  9.793860E+01
  1.800000E+02  9.994106E+01
  1.800000E+02  9.997820E+01
  1.799791E+02  1.000000E+02
  1.799460E+02  1.000000E+02
  1.788338E+02  1.000000E+02
  1.788007E+02  1.000000E+02
  1.776885E+02  1.000000E+02
  1.776554E+02  1.000000E+02
  1.765432E+02  1.000000E+02
  1.765101E+02  1.000000E+02
  1.753979E+02  1.000000E+02
  1.753648E+02  1.000000E+02
  1.742526E+02  1.000000E+02
  1.742195E+02  1.000000E+02
  1.731073E+02  1.000000E+02
  1.730742E+02  1.000000E+02
  1.719620E+02  1.000000E+02
  1.719289E+02  1.000000E+02
  1.708167E+02  1.000000E+02
  1.707836E+02  1.000000E+02
  1.696714E+02  1.000000E+02
  1.696383E+02  1.000000E+02
  1.685261E+02  1.000000E+02
  1.684930E+02  1.000000E+02
  1.673808E+02  1.000000E+02
  1.673477E+02  1.000000E+02
  1.662355E+02  1.000000E+02
  1.662024E+02  1.000000E+02
  1.650902E+02  1.000000E+02
  1.650571E+02  1.000000E+02
  1.650000E+02  9.994106E+01
  1.650000E+02  9.978042E+01
  1.650000E+02  9.790146E+01
  1.650000E+02  9.774081E+01
  1.650000E+02  9.586186E+01
  1.650000E+02  9.570121E+01
  1.650000E+02  9.382225E+01
  1.650000E+02  9.366161E+01
  1.650000E+02  9.178265E+01
  1.650000E+02  9.162200E+01
  1.650000E+02  8.974304E+01
  1.650000E+02  8.958240E+01
  1.650000E+02  8.770344E+01
  1.650000E+02  8.754279E+01
  1.650000E+02  8.566384E+01
  1.650000E+02  8.550319E+01
  1.650000E+02  8.362423E+01
  1.650000E+02  8.346359E+01
  1.650000E+02  8.158463E+01
  1.650000E+02  8.142398E+01
  1.650000E+02  7.954502E+01
  1.650000E+02  7.938438E+01
  1.650000E+02  7.750542E+01
  1.650000E+02  7.734477E+01
  1.650000E+02  7.546582E+01
  1.650000E+02  7.530517E+01
  1.650000E+02  7.342621E+01
  1.650000E+02  7.326557E+01
  1.650000E+02  7.138661E+01
  1.650000E+02  7.122596E+01
  1.650000E+02  6.934700E+01
  1.650000E+02  6.918636E+01
  1.650000E+02  6.730740E+01
  1.650000E+02  6.714675E+01
  1.650000E+02  6.526780E+01
  1.650000E+02  6.510715E+01
  1.650000E+02  6.322819E+01
  1.650000E+02  6.306755E+01
  1.650000E+02  6.118859E+01
  1.650000E+02  6.102794E+01
  1.650000E+02  5.914898E+01
  1.650000E+02  5.898834E+01
  1.650000E+02  5.710938E+01
  1.650000E+02  5.694873E+01
  1.650000E+02  5.506978E+01
  1.650000E+02  5.490913E+01
  1.650000E+02  5.303017E+01
  1.650000E+02  5.286953E+01
  1.650000E+02  5.099057E+01
  1.650000E+02  5.082992E+01
  1.650000E+02  4.895096E+01
  1.650000E+02  4.879032E+01
  1.650000E+02  4.691136E+01
  1.650000E+02  4.675071E+01
  1.650000E+02  4.487176E+01
  1.650000E+02  4.471111E+01
  1.650000E+02  4.283215E+01
  1.650000E+02  4.267151E+01
  1.650000E+02  4.079255E+01
  1.650000E+02  4.063190E+01
  1.650000E+02  3.875294E+01
  1.650000E+02  3.859230E+01
  1.650000E+02  3.671334E+01
  1.650000E+02  3.655269E+01
  1.650000E+02  3.467374E+01
  1.650000E+02  3.451309E+01
  1.650000E+02  3.263413E+01
  1.650000E+02  3.247349E+01
  1.650000E+02  3.059453E+01
  1.650000E+02  3.043388E+01
  1.650000E+02  2.855492E+01
  1.650000E+02  2.839428E+01
  1.650000E+02  2.651532E+01
  1.650000E+02  2.635467E+01
  1.650000E+02  2.447572E+01
  1.650000E+02  2.431507E+01
  1.650000E+02  2.243611E+01
  1.650000E+02  2.227547E+01
  1.650000E+02  2.039651E+01
  1.650000E+02  2.023586E+01
  1.650000E+02  1.835690E+01
  1.650000E+02  1.819626E+01
  1.650000E+02  1.631730E+01
  1.650000E+02  1.615665E+01
  1.650000E+02  1.427770E+01
  1.650000E+02  1.411705E+01
  1.650000E+02  1.223809E+01
  1.650000E+02  1.207745E+01
  1.650000E+02  1.019849E+01
  1.650000E+02  1.003784E+01
  1.650000E+02  8.158885E+00
  1.650000E+02  7.998239E+00
  1.650000E+02  6.119281E+00
  1.650000E+02  5.958635E+00
  1.650000E+02  4.079677E+00
  1.650000E+02  3.919031E+00
  1.650000E+02  2.040073E+00
  1.650000E+02  1.879427E+00
  1.650000E+02  4.691358E-04
  1.650000E+02 -1.601770E-01
  1.650000E+02 -2.039135E+00
  1.650000E+02 -2.199781E+00
  1.650000E+02 -4.078739E+00
  1.650000E+02 -4.239385E+00
  1.650000E+02 -6.118343E+00
  1.650000E+02 -6.278989E+00
  1.650000E+02 -8.157947E+00
  1.650000E+02 -8.318593E+00
  1.650000E+02 -1.019755E+01
  1.650000E+02 -1.035820E+01
  1.650000E+02 -1.223715E+01
  1.650000E+02 -1.239780E+01
  1.650000E+02 -1.427676E+01
  1.650000E+02 -1.443740E+01
  1.650000E+02 -1.631636E+01
  1.650000E+02 -1.647701E+01
  1.650000E+02 -1.835597E+01
  1.650000E+02 -1.851661E+01
  1.650000E+02 -2.039557E+01
  1.650000E+02 -2.055622E+01
  1.650000E+02 -2.243517E+01
  1.650000E+02 -2.259582E+01
  1.650000E+02 -2.447478E+01
  1.650000E+02 -2.463542E+01
  1.650000E+02 -2.651438E+01
  1.650000E+02 -2.667503E+01
  1.650000E+02 -2.855399E+01
  1.650000E+02 -2.871463E+01
  1.650000E+02 -3.059359E+01
  1.650000E+02 -3.075424E+01
  1.650000E+02 -3.263319E+01
  1.650000E+02 -3.279384E+01
  1.650000E+02 -3.467280E+01
  1.650000E+02 -3.483344E+01
  1.650000E+02 -3.671240E+01
  1.650000E+02 -3.687305E+01
  1.650000E+02 -3.875201E+01
  1.650000E+02 -3.891265E+01
  1.650000E+02 -4.079161E+01
  1.650000E+02 -4.095226E+01
  1.650000E+02 -4.283121E+01
  1.650000E+02 -4.299186E+01
  1.650000E+02 -4.487082E+01
  1.650000E+02 -4.503146E+01
  1.650000E+02 -4.691042E+01
  1.650000E+02 -4.707107E+01
  1.650000E+02 -4.895003E+01
  1.650000E+02 -4.911067E+01
  1.650000E+02 -5.098963E+01
  1.650000E+02 -5.115028E+01
  1.650000E+02 -5.302923E+01
  1.650000E+02 -5.318988E+01
  1.650000E+02 -5.506884E+01
  1.650000E+02 -5.522948E+01
  1.650000E+02 -5.710844E+01
  1.650000E+02 -5.726909E+01
  1.650000E+02 -5.914805E+01
  1.650000E+02 -5.930869E+01
  1.650000E+02 -6.118765E+01
  1.650000E+02 -6.134830E+01
  1.650000E+02 -6.322725E+01
  1.650000E+02 -6.338790E+01
  1.650000E+02 -6.526686E+01
  1.650000E+02 -6.542750E+01
  1.650000E+02 -6.730646E+01
  1.650000E+02 -6.746711E+01
  1.650000E+02 -6.934607E+01
  1.650000E+02 -6.950671E+01
  1.650000E+02 -7.138567E+01
  1.650000E+02 -7.154632E+01
  1.650000E+02 -7.342527E+01
  1.650000E+02 -7.358592E+01
  1.650000E+02 -7.546488E+01
  1.650000E+02 -7.562552E+01
  1.650000E+02 -7.750448E+01
  1.650000E+02 -7.766513E+01
  1.650000E+02 -7.954409E+01
  1.650000E+02 -7.970473E+01
  1.650000E+02 -8.158369E+01
  1.650000E+02 -8.174434E+01
  1.650000E+02 -8.362329E+01
  1.650000E+02 -8.378394E+01
  1.650000E+02 -8.566290E+01
  1.650000E+02 -8.582354E+01
  1.650000E+02 -8.770250E+01
  1.650000E+02 -8.786315E+01
  1.650000E+02 -8.974211E+01
  1.650000E+02 -8.990275E+01
  1.650000E+02 -9.178171E+01
  1.650000E+02 -9.194236E+01
  1.650000E+02 -9.382131E+01
  1.650000E+02 -9.398196E+01
  1.650000E+02 -9.586092E+01
  1.650000E+02 -9.602156E+01
  1.650000E+02 -9.790052E+01
  1.650000E+02 -9.806117E+01
  1.650000E+02 -9.994012E+01

#------------------------------------------------------------------------------
z: xorg(1.03)
p: xfac[c2*0.05] form[c1/0.05] notc noxt noyt dmin(1)
p: ymin(0) ymax(1) xmin(0) xmax(1) cmin(1) cmax(100) nosp
hc: y= 0.005 to 0.995 by 0.01 ; x= 0.5 to 0.5 by 1 ;
 1  2  3  4  5  6  7  8  9 10 11 12 13 14 15 16 17 18 19 20
21 22 23 24 25 26 27 28 29 30 31 32 33 34 35 36 37 38 39 40
41 42 43 44 45 46 47 48 49 50 51 52 53 54 55 56 57 58 59 60
61 62 63 64 65 66 67 68 69 70 71 72 73 74 75 76 77 78 79 80
81 82 83 84 85 86 87 88 89 90 91 92 93 94 95 96 97 98 99 100
z: xorg(0.0)
p: xfac[c2*0.05] form[c1/0.05] nosp afac[c5*0.625] ymin[c3] ymax[c4]
p: noxt noxn ytxt(-1) ynum(-1) xltd(-1) xstd(-1) itic(1) ylog
y: Relative Error
#------------------------------------------------------------------------------

wt: s[c5]
\vspace{-3}
  emin  &=&   1.0000E-10 [MeV]
  emax  &=&   1.0000E+03 [MeV]
  ymin  &=&  -2.0000E+01 [cm]
  ymax  &=&   2.0000E+01 [cm]
  part. &=& neutron 
  mset  &=&   1
e:

#------------------------------------------------------------------------------
z: xorg[-1.03/0.05]
p: form[c1] xfac[c2] afac[c5] nosp notf
p: xmin( -1.000000    ) xmax(  180.0000    )
p: ymin( -100.0000    ) ymax(  100.0000    )
 
# Information for Restart Calculation
# This calculation was newly started
# istdev =  2 # 1:Batch variance, 2:History variance
# resc2  = 6.15000000000000000E+04 # Total source weight or Total source weight / maxcas
# resc3  = 6.15000000000000000E+04 # Total history number or Total batch number
# maxcas =        1500 # History / Batch, only used for istdev=1
# bitrseed = 0010110101110101000111111101101010010100000111111010001001101001 # bit data of rseed
